time,deviceName,Lmax_dB,Lmax_class,LAeq1min_dB,LAeq_Background Noise,LAeq_People,LAeq_Vehicle,pct_Background Noise,pct_People,pct_Vehicle,P10_dB,P50_dB,P90_dB,rssi,snr
2026-01-27 12:58:37,INMP441 - 2,53.5,Background Noise,48.1,48.1,50.6,0.0,99.6,0.4,0.0,40.1,40.9,51.3,-96,13.0
2026-01-27 12:59:23,INMP441,76.5,People,62.2,61.8,62.3,59.8,18.9,80.1,1.0,57.6,60.2,64.9,-97,12.8
2026-01-27 12:59:37,INMP441 - 2,53.5,Background Noise,48.5,48.4,49.5,0.0,92.1,7.9,0.0,40.2,50.0,51.4,-106,9.3
2026-01-27 13:00:37,INMP441 - 2,52.9,Background Noise,48.3,48.2,50.5,50.3,97.5,2.1,0.4,40.2,41.0,51.4,-95,14.8
2026-01-27 13:01:37,INMP441 - 2,53.5,Background Noise,47.6,47.6,48.7,0.0,99.2,0.8,0.0,40.1,40.8,51.3,-101,13.0
2026-01-27 13:02:39,INMP441 - 2,52.2,Background Noise,47.7,47.7,40.6,0.0,99.6,0.4,0.0,40.2,40.9,51.4,-101,9.8
2026-01-27 13:03:37,INMP441 - 2,53.5,Background Noise,48.0,47.9,51.0,40.5,98.3,1.3,0.4,40.1,40.8,51.4,-98,14.3
2026-01-27 13:04:23,INMP441,73.5,People,61.3,60.7,61.6,62.6,33.7,65.4,0.9,57.7,60.2,63.5,-98,12.5
2026-01-27 13:04:37,INMP441 - 2,53.7,Background Noise,47.9,47.9,0.0,40.3,99.6,0.0,0.4,40.2,40.9,51.2,-100,11.8
2026-01-27 13:05:37,INMP441 - 2,52.6,Background Noise,47.9,47.9,0.0,40.9,99.6,0.0,0.4,40.1,40.9,51.1,-102,11.8
2026-01-27 13:06:37,INMP441 - 2,53.2,Background Noise,47.8,47.8,0.0,0.0,100.0,0.0,0.0,40.1,40.9,51.3,-103,11.8
2026-01-27 13:07:37,INMP441 - 2,53.5,Background Noise,47.6,47.6,0.0,0.0,100.0,0.0,0.0,40.2,40.9,51.1,-103,11.0
2026-01-27 13:08:37,INMP441 - 2,58.5,Background Noise,48.1,48.1,50.8,0.0,99.2,0.8,0.0,40.1,40.9,51.1,-101,12.8
2026-01-27 13:09:23,INMP441,83.0,People,61.0,59.9,61.4,64.4,30.3,68.6,1.2,57.4,59.5,62.0,-99,12.8
2026-01-27 13:09:37,INMP441 - 2,53.6,Background Noise,48.9,48.8,51.7,51.6,99.2,0.4,0.4,40.2,50.2,51.7,-100,13.0
2026-01-27 13:10:37,INMP441 - 2,52.9,Background Noise,48.0,48.0,0.0,0.0,100.0,0.0,0.0,40.1,40.9,51.2,-101,12.5
2026-01-27 13:11:37,INMP441 - 2,53.7,Background Noise,48.1,48.1,0.0,0.0,100.0,0.0,0.0,40.1,40.9,51.2,-100,9.3
2026-01-27 13:12:37,INMP441 - 2,52.6,Background Noise,47.7,47.7,0.0,0.0,100.0,0.0,0.0,40.1,40.8,51.2,-97,12.5
2026-01-27 13:13:37,INMP441 - 2,53.9,Background Noise,47.4,47.4,0.0,0.0,100.0,0.0,0.0,40.1,40.8,51.2,-99,12.3
2026-01-27 13:14:23,INMP441,67.0,People,59.5,59.8,59.4,60.5,20.1,79.6,0.3,57.0,59.1,61.3,-108,5.5
2026-01-27 13:17:18,INMP441 - 2,67.1,People,56.8,49.8,59.4,0.0,51.2,48.7,0.0,40.4,51.9,61.3,-108,6.0
2026-01-27 13:18:18,INMP441 - 2,74.8,People,55.2,50.1,59.4,0.0,70.0,30.0,0.0,40.2,51.2,56.5,-101,11.3
2026-01-27 13:19:04,INMP441,75.9,Background Noise,60.1,62.3,59.9,0.0,4.4,95.6,0.0,57.3,59.3,61.8,-96,12.8
2026-01-27 13:19:18,INMP441 - 2,59.4,People,49.3,49.1,56.2,0.0,98.7,1.3,0.0,40.2,50.2,51.8,-98,12.3
2026-01-27 13:20:18,INMP441 - 2,58.9,People,50.2,49.7,55.9,0.0,96.2,3.7,0.0,40.3,50.6,52.2,-110,5.0
2026-01-27 13:24:04,INMP441,76.7,People,65.4,62.9,65.4,61.0,2.3,97.6,0.1,59.6,63.5,68.7,-99,11.0
2026-01-27 13:25:54,INMP441 - 3,74.8,Background Noise,55.2,55.0,55.8,0.0,79.2,20.8,0.0,40.8,51.8,55.1,-97,13.0
2026-01-27 13:26:54,INMP441 - 3,58.6,People,51.6,50.9,53.5,54.0,78.0,21.6,0.4,40.5,51.3,54.2,-94,13.3
2026-01-27 13:29:04,INMP441,81.0,People,66.9,63.9,67.1,67.3,6.9,93.0,0.1,59.8,64.0,70.3,-107,7.8
2026-01-27 13:34:05,Laboratorio,76.1,People,61.1,59.8,61.2,61.9,8.1,91.8,0.2,57.5,59.7,62.5,-100,11.5
2026-01-27 13:39:05,Laboratorio,77.9,People,62.1,60.9,62.3,61.7,10.8,89.2,0.1,58.3,60.7,63.9,-101,10.5
2026-01-27 13:44:05,Laboratorio,77.2,People,63.7,60.4,63.8,61.8,4.2,95.7,0.2,58.9,61.4,65.8,-106,8.3
2026-01-27 13:49:05,Laboratorio,74.1,Background Noise,61.6,61.6,61.6,65.0,9.8,90.1,0.1,58.3,60.6,63.7,-97,13.0
2026-01-27 13:54:05,Laboratorio,71.5,Background Noise,61.5,61.8,61.5,64.1,11.9,88.0,0.1,58.2,60.5,63.7,-109,5.3
2026-01-27 14:04:05,Laboratorio,69.8,People,61.5,60.4,61.7,58.4,20.8,79.1,0.1,58.6,60.9,63.5,-101,11.8
2026-01-27 14:14:06,Laboratorio,70.6,People,61.5,60.8,61.6,0.0,10.2,89.8,0.0,58.5,60.8,63.4,-97,13.0
2026-01-27 14:19:06,Laboratorio,72.6,People,61.4,60.4,61.5,61.9,15.0,84.3,0.7,58.3,60.6,63.1,-111,5.3
2026-01-27 14:24:06,Laboratorio,70.2,People,61.6,60.0,61.6,0.0,1.4,98.6,0.0,58.7,61.0,63.4,-102,10.5
2026-01-27 14:29:06,Laboratorio,74.8,People,62.7,60.9,62.8,0.0,4.7,95.3,0.0,59.3,61.5,64.7,-102,11.3
2026-01-27 14:34:06,Laboratorio,77.5,People,63.5,62.0,63.6,0.0,5.0,95.0,0.0,59.3,61.8,65.4,-97,10.3
2026-01-27 14:39:06,Laboratorio,72.9,People,61.9,60.5,62.0,0.0,6.0,94.0,0.0,58.7,61.0,63.8,-98,12.8
2026-01-27 14:44:06,Laboratorio,71.3,People,62.3,61.5,62.3,0.0,1.4,98.6,0.0,59.5,61.6,64.2,-107,4.0
2026-01-27 14:44:14,Main Lobby,87.4,Background Noise,68.2,67.3,69.6,0.0,64.7,35.3,0.0,53.8,56.6,66.4,-94,13.5
2026-01-27 14:45:14,Main Lobby,86.4,People,68.4,68.2,68.4,0.0,17.1,82.9,0.0,54.6,59.1,68.6,-88,13.3
2026-01-27 14:46:14,Main Lobby,84.8,Background Noise,69.0,69.9,68.4,77.5,30.0,69.6,0.4,55.0,61.8,72.3,-95,13.0
2026-01-27 14:47:14,Main Lobby,94.2,Background Noise,73.0,75.1,69.9,63.3,46.2,53.3,0.4,54.7,59.9,71.5,-93,11.3
2026-01-27 14:48:14,Main Lobby,72.4,People,60.9,60.4,61.0,0.0,12.5,87.5,0.0,53.3,59.2,64.0,-88,14.0
2026-01-27 14:49:06,Laboratorio,75.9,People,61.8,60.7,61.9,0.0,2.0,98.0,0.0,58.8,61.0,63.5,-110,5.8
2026-01-27 14:49:14,Main Lobby,88.6,People,71.4,72.7,70.9,60.2,24.9,74.7,0.4,55.7,61.9,70.0,-88,13.5
2026-01-27 14:50:14,Main Lobby,88.1,People,71.9,69.1,72.5,57.9,22.9,76.7,0.4,56.3,62.8,73.5,-89,14.0
2026-01-27 14:51:14,Main Lobby,87.5,People,68.1,62.3,68.2,0.0,5.0,95.0,0.0,58.2,62.7,68.4,-81,13.3
2026-01-27 14:52:14,Main Lobby,78.9,People,65.6,61.6,65.7,61.7,2.5,97.1,0.4,57.1,63.0,69.2,-83,13.0
2026-01-27 14:53:14,Main Lobby,74.2,People,64.1,61.2,64.2,61.0,5.0,94.2,0.8,56.8,61.6,67.6,-82,14.3
2026-01-27 14:54:07,Laboratorio,75.0,People,64.1,62.1,64.2,0.0,1.9,98.1,0.0,59.9,63.0,66.6,-100,11.8
2026-01-27 14:54:14,Main Lobby,73.2,People,62.7,58.5,62.9,61.5,6.7,92.9,0.4,57.3,60.2,64.9,-86,13.3
2026-01-27 14:55:14,Main Lobby,79.8,People,63.4,60.6,63.6,0.0,9.5,90.5,0.0,54.5,57.8,65.7,-90,14.0
2026-01-27 14:56:14,Main Lobby,66.2,People,59.4,58.9,59.4,57.9,9.6,90.0,0.4,55.6,58.4,62.0,-88,14.3
2026-01-27 14:58:14,Main Lobby,81.1,People,67.1,61.1,67.2,0.0,3.3,96.7,0.0,56.8,63.4,70.2,-90,14.0
2026-01-27 14:59:07,Laboratorio,79.9,People,62.6,60.8,62.6,0.0,2.2,97.8,0.0,59.3,61.7,64.4,-101,11.3
2026-01-27 14:59:14,Main Lobby,75.5,Vehicle,60.3,57.4,59.8,70.1,7.5,90.9,1.7,54.2,57.9,62.7,-87,13.5
2026-01-27 15:00:14,Main Lobby,74.0,People,61.3,58.5,61.5,64.1,9.6,90.0,0.4,55.1,58.8,63.3,-90,13.0
2026-01-27 15:00:53,Pasillo de Laboratorio,82.2,Background Noise,65.2,66.3,61.7,0.0,65.1,34.9,0.0,52.4,56.1,68.4,-83,14.0
2026-01-27 15:01:15,Main Lobby,63.0,People,55.2,55.8,55.1,0.0,7.5,92.5,0.0,51.7,54.0,57.6,-83,14.5
2026-01-27 15:01:53,Pasillo de Laboratorio,66.4,People,55.2,53.8,57.8,0.0,75.0,25.0,0.0,51.0,53.7,56.9,-82,14.0
2026-01-27 15:02:15,Main Lobby,77.9,People,61.3,58.7,61.5,0.0,9.2,90.8,0.0,53.7,56.8,62.3,-86,13.3
2026-01-27 15:02:53,Pasillo de Laboratorio,106.2,People,82.6,55.4,91.3,57.9,86.2,13.3,0.4,52.2,54.4,57.9,-81,13.5
2026-01-27 15:03:15,Main Lobby,75.5,People,65.5,61.1,65.5,0.0,1.3,98.7,0.0,56.1,61.0,70.0,-84,13.5
2026-01-27 15:03:53,Pasillo de Laboratorio,74.7,People,61.2,57.2,63.5,58.4,52.5,46.2,1.3,52.7,55.9,63.1,-80,14.8
2026-01-27 15:04:07,Laboratorio,73.7,People,64.2,61.9,64.3,0.0,4.7,95.3,0.0,59.9,62.8,67.1,-108,7.5
2026-01-27 15:04:15,Main Lobby,69.7,People,59.9,58.6,60.1,57.1,12.9,85.4,1.7,55.1,58.3,62.8,-82,10.8
2026-01-27 15:04:53,Pasillo de Laboratorio,60.7,Background Noise,54.1,54.1,54.2,55.3,77.5,22.1,0.4,51.8,53.7,55.9,-79,13.0
2026-01-27 15:05:15,Main Lobby,72.8,People,61.7,59.3,61.9,0.0,8.7,91.3,0.0,55.9,59.5,65.1,-86,13.5
2026-01-27 15:05:53,Pasillo de Laboratorio,57.4,Background Noise,53.4,53.3,53.6,0.0,90.5,9.5,0.0,51.1,53.1,55.1,-79,9.8
2026-01-27 15:06:15,Main Lobby,63.3,People,56.4,55.5,56.4,51.2,2.9,96.7,0.4,52.4,55.4,58.8,-83,13.8
2026-01-27 15:06:53,Pasillo de Laboratorio,57.3,People,53.6,53.4,54.6,0.0,87.9,12.1,0.0,51.2,53.2,55.5,-78,13.5
2026-01-27 15:07:15,Main Lobby,72.7,People,63.2,56.0,63.3,0.0,3.3,96.7,0.0,55.4,60.9,66.8,-83,14.8
2026-01-27 15:07:54,Pasillo de Laboratorio,58.6,Background Noise,53.7,53.7,53.6,0.0,95.4,4.6,0.0,51.3,53.5,55.5,-78,14.0
2026-01-27 15:08:15,Main Lobby,70.3,People,62.8,59.2,62.8,0.0,0.4,99.6,0.0,56.9,61.1,65.8,-84,10.5
2026-01-27 15:08:55,Pasillo de Laboratorio,58.5,Background Noise,53.8,53.7,54.0,55.9,79.2,20.4,0.4,51.2,53.5,55.5,-79,13.3
2026-01-27 15:09:15,Main Lobby,74.6,People,64.8,55.2,64.9,0.0,0.8,99.2,0.0,56.9,62.7,68.0,-86,14.3
2026-01-27 15:09:54,Pasillo de Laboratorio,57.2,Background Noise,53.5,53.4,54.3,0.0,90.0,10.0,0.0,50.8,53.4,55.2,-79,13.5
2026-01-27 15:10:15,Main Lobby,70.3,People,61.5,58.4,61.6,62.1,6.2,92.9,0.8,54.0,59.2,65.0,-86,12.0
2026-01-27 15:10:54,Pasillo de Laboratorio,57.9,People,53.8,53.6,54.3,0.0,73.3,26.7,0.0,51.3,53.5,55.6,-78,13.5
2026-01-27 15:11:15,Main Lobby,71.5,People,61.2,57.4,61.3,0.0,2.1,97.9,0.0,54.6,59.5,64.6,-84,13.0
2026-01-27 15:11:54,Pasillo de Laboratorio,57.5,People,54.0,53.8,54.3,0.0,62.2,37.8,0.0,51.7,53.7,55.6,-79,10.0
2026-01-27 15:12:15,Main Lobby,67.0,People,59.1,57.8,59.2,59.7,10.0,89.6,0.4,54.0,57.1,62.3,-83,9.5
2026-01-27 15:12:54,Pasillo de Laboratorio,58.0,Background Noise,53.6,53.5,53.8,0.0,85.4,14.6,0.0,51.3,53.2,55.5,-79,13.8
2026-01-27 15:13:15,Main Lobby,63.1,People,54.3,52.1,54.5,0.0,7.1,92.9,0.0,51.0,53.2,56.3,-85,14.0
2026-01-27 15:13:54,Pasillo de Laboratorio,57.6,Background Noise,53.5,53.4,53.9,0.0,86.2,13.8,0.0,51.2,53.2,55.3,-79,14.3
2026-01-27 15:14:16,Main Lobby,67.9,People,56.0,55.9,55.8,60.8,17.0,81.7,1.2,51.9,54.3,58.6,-88,14.0
2026-01-27 15:14:54,Pasillo de Laboratorio,57.6,Background Noise,53.7,53.6,54.0,0.0,59.6,40.4,0.0,51.2,53.4,55.5,-79,13.3
2026-01-27 15:15:15,Main Lobby,65.8,People,56.9,56.1,57.1,57.5,19.6,79.6,0.8,52.3,55.1,59.8,-86,13.5
2026-01-27 15:15:54,Pasillo de Laboratorio,57.2,People,53.8,53.6,54.3,0.0,74.3,25.7,0.0,51.5,53.5,55.4,-79,13.8
2026-01-27 15:16:15,Main Lobby,67.5,People,58.1,58.7,58.1,59.4,7.1,91.7,1.3,52.8,56.6,60.7,-84,13.8
2026-01-27 15:16:54,Pasillo de Laboratorio,58.2,Background Noise,53.8,53.6,54.3,0.0,67.5,32.5,0.0,51.5,53.7,55.6,-79,14.0
2026-01-27 15:17:15,Main Lobby,69.1,People,58.1,57.5,58.1,59.1,5.8,92.9,1.3,53.1,55.9,60.8,-88,12.5
2026-01-27 15:17:54,Pasillo de Laboratorio,57.3,Background Noise,53.3,53.3,53.5,0.0,83.3,16.7,0.0,50.9,53.0,55.3,-79,13.5
2026-01-27 15:18:15,Main Lobby,67.6,People,60.0,59.4,60.0,54.1,2.1,97.5,0.4,54.2,58.7,63.0,-82,14.0
2026-01-27 15:18:33,Laboratorio,72.0,People,60.5,59.2,60.8,65.3,27.0,71.2,1.8,56.1,58.9,63.2,-85,9.8
2026-01-27 15:18:54,Pasillo de Laboratorio,59.1,Background Noise,53.5,53.5,53.4,0.0,93.7,6.2,0.0,51.1,53.3,55.5,-80,11.0
2026-01-27 15:19:15,Main Lobby,68.3,People,57.7,55.6,58.2,54.9,22.1,77.1,0.8,53.0,56.0,60.5,-85,14.0
2026-01-27 15:19:54,Pasillo de Laboratorio,57.8,Background Noise,53.8,53.8,54.0,0.0,84.6,15.4,0.0,51.5,53.4,55.6,-79,14.3
2026-01-27 15:20:15,Main Lobby,64.0,People,56.5,55.0,56.6,0.0,12.9,87.1,0.0,52.5,55.1,59.3,-84,10.0
2026-01-27 15:20:54,Pasillo de Laboratorio,57.7,Background Noise,53.5,53.5,53.7,0.0,95.8,4.2,0.0,50.8,53.2,55.3,-79,13.8
2026-01-27 15:21:15,Main Lobby,66.5,People,57.4,58.4,57.3,59.6,7.9,90.8,1.3,53.3,55.7,60.3,-84,13.8
2026-01-27 15:21:54,Pasillo de Laboratorio,59.4,People,53.8,53.6,54.8,54.0,90.5,9.1,0.4,51.0,53.4,55.5,-79,14.0
2026-01-27 15:22:16,Main Lobby,68.2,People,57.3,57.6,57.1,63.4,8.3,90.8,0.8,52.3,55.3,60.0,-85,11.3
2026-01-27 15:22:54,Pasillo de Laboratorio,58.9,Background Noise,54.0,53.8,54.6,0.0,81.2,18.8,0.0,51.4,53.6,55.8,-79,12.8
2026-01-27 15:23:16,Main Lobby,65.3,People,55.0,55.5,54.9,0.0,11.7,88.3,0.0,52.4,54.2,56.6,-84,13.5
2026-01-27 15:23:33,Laboratorio,78.7,People,61.3,61.1,61.1,65.6,14.7,81.5,3.7,56.3,59.1,63.6,-85,13.5
2026-01-27 15:23:54,Pasillo de Laboratorio,70.1,People,58.6,55.5,60.8,52.7,56.7,42.9,0.4,52.8,56.0,61.6,-79,14.5
2026-01-27 15:24:16,Main Lobby,71.4,People,57.6,56.6,57.7,62.5,15.4,83.7,0.8,54.1,55.7,59.5,-82,10.3
2026-01-27 15:24:54,Pasillo de Laboratorio,68.3,People,58.0,56.4,58.9,55.0,41.1,58.5,0.4,52.9,56.0,60.8,-79,13.5
2026-01-27 15:25:16,Main Lobby,71.1,People,57.8,54.6,57.9,0.0,5.4,94.6,0.0,53.7,56.2,60.3,-82,14.3
2026-01-27 15:25:54,Pasillo de Laboratorio,58.0,Background Noise,53.5,53.5,53.5,0.0,71.7,28.3,0.0,51.3,53.2,55.6,-79,14.0
2026-01-27 15:26:16,Main Lobby,68.2,People,58.0,55.1,58.1,60.0,3.7,95.4,0.8,54.7,56.8,60.1,-87,13.5
2026-01-27 15:26:54,Pasillo de Laboratorio,57.4,Background Noise,53.5,53.4,54.0,0.0,83.7,16.3,0.0,51.0,53.3,55.3,-79,14.5
2026-01-27 15:27:16,Main Lobby,68.2,People,58.4,58.3,58.4,59.9,8.3,90.8,0.8,53.7,56.7,61.1,-87,13.8
2026-01-27 15:27:55,Pasillo de Laboratorio,59.3,People,53.7,53.6,54.2,0.0,88.7,11.3,0.0,51.2,53.4,55.4,-78,13.5
2026-01-27 15:28:16,Main Lobby,66.8,People,60.4,60.1,60.4,60.7,2.5,97.1,0.4,55.4,59.0,63.5,-89,13.5
2026-01-27 15:28:33,Laboratorio,68.8,People,59.7,58.9,59.8,64.9,17.1,82.7,0.2,56.1,58.7,62.0,-86,13.5
2026-01-27 15:28:55,Pasillo de Laboratorio,61.8,Vehicle,53.4,53.3,53.7,61.8,86.7,12.9,0.4,50.6,53.2,55.2,-79,14.0
2026-01-27 15:29:16,Main Lobby,70.2,People,58.8,54.4,58.9,59.5,3.3,95.8,0.8,53.3,56.1,62.3,-84,13.8
2026-01-27 15:29:55,Pasillo de Laboratorio,57.0,Background Noise,53.4,53.3,53.6,0.0,84.2,15.8,0.0,51.0,53.2,55.2,-79,13.8
2026-01-27 15:30:16,Main Lobby,67.9,People,57.0,56.1,57.0,0.0,7.5,92.5,0.0,52.6,54.6,60.3,-86,13.5
2026-01-27 15:30:55,Pasillo de Laboratorio,63.7,People,55.6,54.6,56.8,59.0,59.3,40.2,0.4,51.8,54.4,58.3,-79,9.8
2026-01-27 15:31:16,Main Lobby,64.3,People,56.7,55.1,56.8,0.0,4.6,95.4,0.0,52.8,55.3,59.9,-88,14.0
2026-01-27 15:31:55,Pasillo de Laboratorio,58.2,Background Noise,53.4,53.3,53.7,0.0,77.9,22.1,0.0,51.1,53.2,55.1,-79,13.8
2026-01-27 15:32:20,Main Lobby,61.2,People,55.6,56.2,55.5,56.6,10.0,89.6,0.4,52.9,54.6,57.7,-84,13.8
2026-01-27 15:32:55,Pasillo de Laboratorio,62.7,Background Noise,53.9,53.9,54.1,0.0,83.7,16.3,0.0,51.6,53.3,55.8,-79,13.8
2026-01-27 15:33:16,Main Lobby,67.9,People,57.4,55.9,57.6,0.0,12.5,87.5,0.0,53.1,55.7,60.0,-85,13.5
2026-01-27 15:33:33,Laboratorio,75.8,People,61.0,59.5,61.0,64.7,18.1,78.9,3.0,56.1,58.7,63.5,-86,13.8
2026-01-27 15:33:55,Pasillo de Laboratorio,58.6,Background Noise,53.6,53.5,53.8,0.0,87.5,12.5,0.0,51.3,53.2,55.5,-79,12.8
2026-01-27 15:34:16,Main Lobby,68.4,Background Noise,56.2,56.5,55.8,57.6,50.4,48.7,0.8,53.0,55.0,58.2,-88,13.8
2026-01-27 15:34:55,Pasillo de Laboratorio,59.5,Background Noise,53.6,53.6,53.4,53.3,86.7,11.7,1.7,51.1,53.2,55.4,-79,13.8
2026-01-27 15:35:16,Main Lobby,65.3,People,56.5,55.5,56.6,0.0,12.5,87.5,0.0,53.0,55.1,58.8,-86,13.8
2026-01-27 15:35:55,Pasillo de Salones,58.0,Background Noise,54.0,53.9,54.3,0.0,80.4,19.6,0.0,51.4,53.9,55.7,-79,9.5
2026-01-27 15:36:16,Main Lobby,72.9,People,60.9,59.9,61.1,59.5,13.8,85.4,0.8,55.6,58.6,63.4,-85,9.8
2026-01-27 15:36:55,Pasillo de Salones,59.7,People,54.0,54.0,54.2,52.3,71.8,27.4,0.8,51.8,53.8,55.6,-78,13.3
2026-01-27 15:37:16,Main Lobby,72.2,People,61.4,58.7,61.8,59.9,17.4,81.7,0.8,54.4,58.2,64.6,-87,13.8
2026-01-27 15:37:55,Pasillo de Salones,57.5,Background Noise,53.6,53.5,54.3,0.0,83.3,16.7,0.0,51.2,53.4,55.3,-79,14.0
2026-01-27 15:38:16,Main Lobby,72.7,Background Noise,57.3,60.0,56.3,53.0,21.2,77.9,0.8,52.2,55.3,59.0,-89,13.5
2026-01-27 15:38:34,Pasillo de Laboratorio,75.3,People,61.6,60.3,61.7,65.3,10.2,88.5,1.3,56.3,59.2,64.4,-83,13.5
2026-01-27 15:38:55,Pasillo de Salones,58.6,Background Noise,53.7,53.6,54.1,0.0,75.0,25.0,0.0,51.2,53.3,55.5,-79,13.0
2026-01-27 15:39:16,Main Lobby,69.9,People,56.6,55.0,56.8,54.0,17.5,82.1,0.4,51.7,54.2,58.0,-87,13.5
2026-01-27 15:39:55,Pasillo de Salones,56.6,People,53.4,53.3,54.0,0.0,88.7,11.3,0.0,50.9,53.2,55.2,-79,13.5
2026-01-27 15:40:16,Main Lobby,62.4,People,53.8,52.6,54.1,0.0,19.2,80.8,0.0,51.4,53.0,55.9,-86,13.8
2026-01-27 15:40:55,Pasillo de Salones,57.6,Background Noise,53.5,53.5,53.1,0.0,97.5,2.5,0.0,50.9,53.4,55.4,-79,14.5
2026-01-27 15:41:16,Main Lobby,71.8,Background Noise,56.8,58.0,56.6,0.0,16.3,83.7,0.0,52.2,54.3,58.1,-87,13.3
2026-01-27 15:41:55,Pasillo de Salones,57.9,People,53.7,53.7,54.2,0.0,93.7,6.2,0.0,51.2,53.4,55.7,-79,14.0
2026-01-27 15:42:16,Main Lobby,60.4,People,54.6,53.0,54.8,0.0,13.3,86.7,0.0,51.7,53.8,57.2,-86,10.5
2026-01-27 15:42:55,Pasillo de Salones,57.2,People,53.4,53.4,53.9,0.0,91.7,8.3,0.0,51.2,53.3,55.2,-79,13.8
2026-01-27 15:43:16,Main Lobby,67.0,Background Noise,56.1,56.8,55.8,56.8,27.4,71.0,1.7,52.2,54.7,58.5,-85,14.0
2026-01-27 15:43:34,Pasillo de Laboratorio,78.3,People,62.9,60.2,63.1,64.9,9.1,89.8,1.2,56.4,59.8,66.3,-84,14.0
2026-01-27 15:43:55,Pasillo de Salones,58.5,Background Noise,53.8,53.8,53.9,0.0,92.9,7.1,0.0,51.4,53.6,55.7,-79,10.0
2026-01-27 15:44:17,Main Lobby,66.2,People,53.4,52.8,53.7,52.9,30.4,68.7,0.8,50.9,52.5,54.6,-85,13.5
2026-01-27 15:44:55,Pasillo de Salones,58.2,Background Noise,53.6,53.6,54.0,0.0,91.7,8.3,0.0,51.1,53.3,55.6,-79,13.8
2026-01-27 15:45:17,Main Lobby,64.2,People,55.3,55.3,55.3,53.3,37.5,62.1,0.4,51.9,54.0,57.7,-84,13.8
2026-01-27 15:45:55,Pasillo de Salones,59.5,Background Noise,54.1,54.0,54.3,0.0,85.4,14.6,0.0,51.1,53.6,56.3,-79,13.5
2026-01-27 15:46:17,Main Lobby,66.6,People,56.3,55.0,56.7,56.9,26.7,72.1,1.3,52.4,54.7,59.0,-87,13.3
2026-01-27 15:46:55,Pasillo de Salones,58.4,Background Noise,53.7,53.5,53.8,0.0,57.5,42.5,0.0,51.3,53.4,55.3,-79,14.0
2026-01-27 15:47:17,Main Lobby,64.8,Background Noise,55.5,56.4,55.1,60.9,19.1,79.7,1.2,52.4,54.3,57.6,-85,13.3
2026-01-27 15:47:55,Pasillo de Salones,58.4,Background Noise,53.6,53.6,53.8,0.0,78.3,21.7,0.0,51.1,53.2,55.6,-79,13.3
2026-01-27 15:48:17,Main Lobby,59.0,Background Noise,53.1,54.1,52.7,0.0,22.1,77.9,0.0,50.9,52.5,54.8,-83,13.8
2026-01-27 15:48:34,Pasillo de Laboratorio,74.3,People,61.3,59.5,61.4,66.7,10.9,88.3,0.8,56.5,59.2,64.1,-84,13.3
2026-01-27 15:48:55,Pasillo de Salones,57.4,Background Noise,53.7,53.6,54.0,0.0,76.8,23.2,0.0,51.2,53.6,55.3,-79,14.0
2026-01-27 15:49:17,Main Lobby,61.1,People,54.2,53.1,54.5,0.0,17.5,82.5,0.0,51.3,53.3,56.4,-84,13.8
2026-01-27 15:49:55,Pasillo de Salones,58.7,People,53.9,53.8,54.1,0.0,67.9,32.1,0.0,51.4,53.6,55.7,-79,10.0
2026-01-27 15:50:17,Main Lobby,60.8,People,54.3,53.9,54.5,0.0,26.2,73.7,0.0,51.9,53.9,56.1,-85,11.3
2026-01-27 15:50:55,Pasillo de Salones,58.5,Background Noise,53.9,53.7,55.3,0.0,87.9,12.1,0.0,51.5,53.5,55.7,-79,13.8
2026-01-27 15:51:17,Main Lobby,66.5,People,58.0,54.7,58.3,0.0,12.9,87.1,0.0,52.5,55.4,60.7,-84,9.0
2026-01-27 15:51:56,Pasillo de Salones,57.4,Background Noise,53.7,53.7,53.7,0.0,73.7,26.2,0.0,51.3,53.5,55.5,-79,13.3
2026-01-27 15:52:17,Main Lobby,76.1,People,63.1,53.6,63.5,0.0,11.3,88.7,0.0,52.0,54.7,67.2,-84,13.3
2026-01-27 15:52:56,Pasillo de Salones,59.5,Background Noise,54.1,53.9,54.8,0.0,80.0,20.0,0.0,51.4,53.7,56.2,-78,13.5
2026-01-27 15:53:17,Main Lobby,71.7,People,58.9,55.8,59.0,0.0,6.2,93.8,0.0,52.2,56.5,62.0,-84,13.8
2026-01-27 15:53:35,Pasillo de Laboratorio,81.7,People,69.0,67.2,69.1,73.6,4.7,94.8,0.5,57.6,66.4,72.8,-84,13.5
2026-01-27 15:53:56,Pasillo de Salones,61.2,People,55.3,54.1,55.9,0.0,37.3,62.7,0.0,52.2,54.6,57.6,-79,13.8
2026-01-27 15:54:17,Main Lobby,77.6,People,66.7,62.4,66.8,0.0,3.3,96.7,0.0,55.6,63.2,71.1,-89,13.5
2026-01-27 15:54:56,Pasillo de Salones,63.5,People,55.6,53.9,56.2,0.0,31.2,68.7,0.0,52.1,54.6,57.9,-79,14.0
2026-01-27 15:55:17,Main Lobby,74.3,People,63.3,57.6,64.0,56.2,16.7,82.5,0.8,53.2,58.0,67.5,-85,13.5
2026-01-27 15:55:56,Pasillo de Salones,57.8,People,54.2,53.9,54.5,52.7,53.7,45.8,0.4,51.7,53.7,55.9,-80,14.0
2026-01-27 15:56:17,Main Lobby,81.8,People,65.1,59.6,65.9,63.3,23.3,75.8,0.8,54.2,60.2,67.7,-85,13.5
2026-01-27 15:56:56,Pasillo de Salones,57.6,People,54.2,54.2,54.3,54.1,71.2,28.3,0.4,52.1,54.1,55.9,-79,13.3
2026-01-27 15:57:17,Main Lobby,67.1,People,57.9,54.6,58.8,57.4,28.2,71.4,0.4,52.8,55.7,61.1,-87,13.5
2026-01-27 15:57:56,Pasillo de Salones,59.5,Background Noise,54.3,53.9,54.5,0.0,45.8,54.2,0.0,52.0,53.9,55.9,-79,9.8
2026-01-27 15:58:17,Main Lobby,69.3,People,59.3,57.5,59.5,0.0,12.1,87.9,0.0,53.8,56.9,62.1,-83,14.3
2026-01-27 15:58:34,Pasillo de Laboratorio,79.4,People,67.9,65.6,67.9,0.0,2.2,97.7,0.0,58.5,65.8,71.5,-86,14.5
2026-01-27 15:58:56,Pasillo de Salones,59.2,People,54.2,54.0,54.5,56.3,70.0,29.6,0.4,51.9,53.8,55.8,-79,13.8
2026-01-27 15:59:17,Main Lobby,69.8,People,57.5,57.1,57.6,56.1,13.3,86.2,0.4,52.4,55.4,59.6,-85,13.0
2026-01-27 15:59:57,Pasillo de Salones,57.4,People,53.6,53.5,53.9,0.0,77.2,22.8,0.0,51.1,53.1,55.5,-79,13.5
2026-01-27 16:00:17,Main Lobby,71.2,People,60.7,56.4,61.0,55.3,10.0,89.6,0.4,53.5,57.9,64.3,-83,14.0
2026-01-27 16:00:56,Pasillo de Salones,58.7,Background Noise,53.3,53.2,53.5,0.0,95.4,4.6,0.0,50.9,53.0,55.0,-79,14.5
2026-01-27 16:01:17,Main Lobby,66.5,People,56.4,55.3,56.5,0.0,8.8,91.2,0.0,51.9,54.6,59.1,-89,12.5
2026-01-27 16:01:56,Pasillo de Salones,57.8,Background Noise,53.7,53.7,53.5,0.0,83.3,16.7,0.0,51.3,53.4,55.4,-79,14.3
2026-01-27 16:02:17,Main Lobby,65.0,People,56.5,56.5,56.4,58.2,17.0,82.2,0.8,52.2,54.8,59.0,-84,10.3
2026-01-27 16:02:56,Pasillo de Salones,58.9,Background Noise,54.0,54.0,53.9,56.3,73.3,26.2,0.4,51.6,53.7,55.8,-80,13.8
2026-01-27 16:03:17,Main Lobby,79.8,People,65.7,58.5,66.7,61.2,22.9,75.4,1.7,53.4,58.5,68.4,-85,9.0
2026-01-27 16:03:34,Pasillo de Laboratorio,86.5,People,69.3,60.6,69.6,68.8,7.4,92.5,0.1,57.4,63.0,72.1,-84,13.5
2026-01-27 16:03:56,Pasillo de Salones,58.2,Background Noise,53.7,53.7,53.7,0.0,72.2,27.8,0.0,51.0,53.4,55.6,-79,13.5
2026-01-27 16:04:18,Main Lobby,75.0,People,62.7,54.6,63.1,0.0,10.8,89.2,0.0,52.8,57.0,65.9,-83,13.8
2026-01-27 16:04:56,Pasillo de Salones,58.0,Background Noise,53.7,53.6,53.8,56.2,77.1,22.1,0.8,51.3,53.4,55.4,-78,13.3
2026-01-27 16:05:18,Main Lobby,72.1,People,61.8,55.3,62.3,53.9,11.3,88.3,0.4,52.1,56.4,66.7,-81,11.8
2026-01-27 16:05:58,Pasillo de Salones,58.8,Background Noise,53.6,53.5,54.1,0.0,82.9,17.1,0.0,50.8,53.4,55.4,-79,13.8
2026-01-27 16:06:18,Main Lobby,61.7,People,54.4,53.6,54.5,0.0,15.0,85.0,0.0,51.4,53.7,56.5,-92,14.0
2026-01-27 16:06:56,Pasillo de Salones,61.4,Background Noise,53.8,53.7,53.9,0.0,75.8,24.2,0.0,51.1,53.3,55.7,-79,14.0
2026-01-27 16:07:18,Main Lobby,65.7,Vehicle,54.4,54.8,54.1,61.9,7.5,91.2,1.3,50.9,53.1,56.4,-86,13.8
2026-01-27 16:07:56,Pasillo de Salones,60.8,Background Noise,53.7,53.7,53.8,0.0,87.1,12.9,0.0,51.0,53.4,55.6,-79,14.0
2026-01-27 16:08:18,Main Lobby,75.2,People,59.4,52.2,60.1,55.0,17.8,81.3,0.8,50.8,52.9,58.2,-87,13.3
2026-01-27 16:08:34,Pasillo de Laboratorio,86.5,People,67.9,69.2,67.8,67.8,6.0,92.2,1.8,57.7,61.2,69.9,-85,13.0
2026-01-27 16:08:56,Pasillo de Salones,58.6,People,53.8,53.6,54.3,0.0,70.0,30.0,0.0,51.4,53.4,55.6,-80,13.8
2026-01-27 16:09:18,Main Lobby,70.7,Background Noise,56.6,57.8,56.1,58.6,20.0,77.9,2.1,51.7,53.7,58.7,-85,13.5
2026-01-27 16:09:59,Pasillo de Salones,59.6,Background Noise,53.8,53.8,53.9,54.8,76.8,22.4,0.8,51.6,53.7,55.4,-79,9.5
2026-01-27 16:10:18,Main Lobby,68.2,People,57.1,56.4,57.2,57.0,18.8,79.6,1.7,52.6,55.7,59.7,-84,13.5
2026-01-27 16:10:56,Pasillo de Salones,57.8,Background Noise,53.7,53.7,53.9,0.0,71.7,28.3,0.0,51.5,53.5,55.4,-79,13.8
2026-01-27 16:11:18,Main Lobby,75.9,People,60.0,56.3,60.4,60.9,14.6,85.0,0.4,53.8,57.0,61.7,-85,13.5
2026-01-27 16:11:57,Pasillo de Salones,58.2,Background Noise,53.8,53.7,53.9,0.0,45.8,54.2,0.0,51.5,53.5,55.6,-79,14.0
2026-01-27 16:12:18,Main Lobby,75.6,People,61.8,56.2,62.0,0.0,7.5,92.5,0.0,53.6,58.5,64.8,-85,12.8
2026-01-27 16:12:57,Pasillo de Salones,60.3,Background Noise,53.8,53.5,54.2,0.0,55.8,44.2,0.0,51.3,53.4,55.7,-79,14.0
2026-01-27 16:13:18,Main Lobby,71.9,Background Noise,59.6,61.5,59.4,58.4,5.8,93.7,0.4,53.9,57.7,61.4,-83,9.3
2026-01-27 16:13:34,Pasillo de Laboratorio,81.4,People,66.1,62.2,66.3,66.9,5.4,94.3,0.2,59.8,64.2,68.8,-85,10.0
2026-01-27 16:14:00,Pasillo de Salones,58.1,People,54.0,53.7,54.4,0.0,53.5,46.5,0.0,51.4,53.8,55.8,-79,14.0
2026-01-27 16:14:18,Main Lobby,76.1,People,63.8,58.8,64.1,64.3,10.0,89.6,0.4,54.1,59.2,67.2,-84,14.0
2026-01-27 16:14:57,Pasillo de Salones,58.0,People,54.1,53.9,54.4,55.4,65.0,34.6,0.4,51.9,53.7,55.9,-79,13.5
2026-01-27 16:15:18,Main Lobby,68.9,People,56.3,54.1,57.0,57.0,29.6,68.7,1.7,51.9,53.6,56.6,-84,13.3
2026-01-27 16:15:57,Pasillo de Salones,58.3,People,54.2,54.0,54.4,0.0,45.8,54.2,0.0,51.8,54.0,55.9,-79,13.3
2026-01-27 16:16:18,Main Lobby,72.8,People,61.3,58.9,61.5,60.7,10.0,89.2,0.8,53.0,58.1,64.8,-83,13.5
2026-01-27 16:16:57,Pasillo de Salones,58.1,People,54.3,54.0,54.6,0.0,50.8,49.2,0.0,51.9,54.0,56.2,-79,14.0
2026-01-27 16:17:18,Main Lobby,73.7,People,60.7,57.6,61.0,0.0,11.3,88.7,0.0,52.6,57.1,64.1,-83,14.3
2026-01-27 16:17:58,Pasillo de Salones,57.5,People,53.3,53.2,53.5,0.0,80.4,19.6,0.0,50.9,52.9,55.3,-79,11.0
2026-01-27 16:18:18,Main Lobby,68.0,Background Noise,53.6,55.6,52.7,55.1,23.7,75.4,0.8,50.6,52.3,54.6,-87,13.3
2026-01-27 16:18:35,Pasillo de Laboratorio,80.9,People,63.7,59.9,64.0,61.9,12.0,87.7,0.3,56.9,60.5,66.2,-86,13.5
2026-01-27 16:18:57,Pasillo de Salones,56.9,People,53.5,53.4,54.0,55.0,75.5,23.7,0.8,51.2,53.4,55.4,-79,13.5
2026-01-27 16:19:18,Main Lobby,68.3,People,57.5,53.8,57.9,57.3,12.9,86.7,0.4,51.8,54.2,61.1,-83,13.5
2026-01-27 16:19:57,Pasillo de Salones,61.3,People,53.9,53.7,54.8,0.0,79.2,20.8,0.0,51.4,53.6,55.5,-97,7.0
2026-01-27 16:20:18,Main Lobby,64.5,Background Noise,56.5,55.8,56.8,57.6,32.8,64.7,2.5,51.6,55.1,59.4,-87,12.8
2026-01-27 16:20:57,Pasillo de Salones,59.9,Background Noise,53.6,53.5,54.1,55.5,82.1,17.5,0.4,51.2,53.2,55.4,-81,6.5
2026-01-27 16:21:18,Main Lobby,62.4,Background Noise,54.1,54.6,53.9,56.0,22.5,76.2,1.3,50.5,52.9,56.5,-85,14.0
2026-01-27 16:21:57,Pasillo de Salones,62.3,Background Noise,53.7,53.7,54.1,52.8,88.7,10.8,0.4,51.0,53.2,55.7,-80,12.3
2026-01-27 16:22:18,Main Lobby,62.6,People,53.1,52.6,52.8,60.4,14.6,84.2,1.3,50.2,52.1,55.0,-88,15.8
2026-01-27 16:22:57,Pasillo de Salones,57.1,Background Noise,53.5,53.5,54.0,0.0,92.5,7.5,0.0,51.1,53.3,55.6,-79,14.3
2026-01-27 16:23:18,Main Lobby,69.1,People,56.9,55.0,57.5,0.0,27.9,72.1,0.0,52.0,54.8,58.8,-82,16.3
2026-01-27 16:23:38,Pasillo de Laboratorio,75.7,People,61.0,58.4,61.5,60.2,24.5,75.0,0.5,55.8,58.5,63.3,-85,12.8
2026-01-27 16:23:57,Pasillo de Salones,62.9,People,53.5,53.3,56.1,0.0,95.4,4.6,0.0,50.9,53.2,55.3,-79,13.5
2026-01-27 16:24:18,Main Lobby,76.8,People,60.5,54.8,61.1,60.3,16.3,83.3,0.4,50.4,52.8,64.2,-83,16.3
2026-01-27 16:24:57,Pasillo de Salones,58.1,People,53.2,53.1,54.1,0.0,87.6,12.4,0.0,50.5,52.9,55.4,-81,13.8
2026-01-27 16:25:19,Main Lobby,75.8,People,66.9,53.2,66.9,0.0,0.4,99.6,0.0,58.0,65.1,70.3,-85,11.8
2026-01-27 16:25:57,Pasillo de Salones,59.9,Vehicle,53.5,53.4,54.1,59.9,90.8,8.8,0.4,51.0,53.1,55.5,-79,14.3
2026-01-27 16:26:19,Main Lobby,75.1,People,65.8,65.1,65.8,62.2,1.2,97.9,0.8,58.8,63.8,69.3,-83,10.5
2026-01-27 16:26:57,Pasillo de Salones,58.1,People,53.7,53.6,53.7,0.0,73.3,26.7,0.0,51.1,53.4,55.6,-79,14.0
2026-01-27 16:27:19,Main Lobby,74.5,People,66.5,60.9,66.6,59.9,1.3,98.3,0.4,59.6,64.9,69.7,-86,16.0
2026-01-27 16:27:57,Pasillo de Salones,57.7,Background Noise,53.3,53.3,53.3,0.0,90.4,9.6,0.0,50.9,53.0,55.2,-79,13.8
2026-01-27 16:28:19,Main Lobby,83.8,People,64.7,53.8,64.7,57.9,1.3,98.3,0.4,55.2,58.7,66.1,-83,10.0
2026-01-27 16:28:35,Pasillo de Laboratorio,68.1,People,57.8,57.5,57.9,58.8,12.4,87.4,0.2,55.2,57.3,59.6,-85,13.8
2026-01-27 16:28:57,Pasillo de Salones,57.4,Background Noise,53.2,53.1,54.4,0.0,94.6,5.4,0.0,50.7,53.0,55.3,-79,14.3
2026-01-27 16:29:19,Main Lobby,67.2,People,57.4,55.4,57.9,57.5,23.7,73.3,2.9,52.4,54.4,60.9,-87,14.0
2026-01-27 16:29:57,Pasillo de Salones,57.1,Background Noise,53.1,53.0,53.8,0.0,95.4,4.6,0.0,50.6,52.9,54.9,-80,13.8
2026-01-27 16:30:19,Main Lobby,62.9,Background Noise,54.5,55.8,54.3,0.0,7.9,92.1,0.0,51.8,53.7,56.2,-82,16.5
2026-01-27 16:30:57,Pasillo de Salones,57.3,Background Noise,53.3,53.4,53.3,0.0,93.8,6.2,0.0,51.2,53.0,55.2,-79,14.0
2026-01-27 16:31:19,Main Lobby,71.3,People,59.4,57.5,59.7,60.2,17.1,82.1,0.8,52.2,55.6,63.6,-84,14.0
2026-01-27 16:31:57,Pasillo de Salones,56.9,Background Noise,53.3,53.3,53.6,0.0,87.1,12.9,0.0,50.8,52.9,55.3,-79,13.3
2026-01-27 16:32:19,Main Lobby,64.9,Background Noise,54.8,56.0,54.6,59.4,12.9,86.7,0.4,51.3,53.8,57.1,-83,16.0
2026-01-27 16:32:58,Pasillo de Salones,59.2,People,53.6,53.4,54.6,0.0,88.3,11.7,0.0,51.1,53.1,55.5,-79,13.5
2026-01-27 16:33:19,Main Lobby,71.7,People,57.0,53.5,57.4,53.2,14.6,85.0,0.4,51.7,54.4,59.4,-87,14.0
2026-01-27 16:33:35,Pasillo de Laboratorio,74.1,People,59.4,57.5,59.9,56.8,21.9,77.9,0.2,55.4,57.8,61.3,-84,13.3
2026-01-27 16:33:58,Pasillo de Salones,57.9,Background Noise,53.4,53.3,53.6,0.0,95.4,4.6,0.0,50.7,53.0,55.3,-79,10.0
2026-01-27 16:34:19,Main Lobby,67.7,Background Noise,55.3,57.4,54.4,58.6,20.8,77.5,1.7,51.9,53.7,57.0,-82,14.0
2026-01-27 16:34:58,Pasillo de Salones,58.2,Background Noise,53.2,53.2,52.8,0.0,93.3,6.7,0.0,50.9,52.9,55.0,-79,14.0
2026-01-27 16:35:19,Main Lobby,70.1,People,57.7,54.0,58.0,0.0,12.5,87.5,0.0,51.5,54.3,60.3,-85,14.0
2026-01-27 16:35:58,Pasillo de Salones,57.0,Background Noise,53.0,53.1,51.9,0.0,97.1,2.9,0.0,50.6,52.8,54.8,-79,13.8
2026-01-27 16:36:19,Main Lobby,74.8,People,57.9,54.4,58.2,61.8,13.3,86.2,0.4,51.4,54.3,60.7,-84,13.5
2026-01-27 16:36:58,Pasillo de Salones,58.0,Background Noise,52.9,52.9,54.0,0.0,99.6,0.4,0.0,50.2,52.6,54.9,-79,9.8
2026-01-27 16:37:19,Main Lobby,73.3,People,57.1,55.1,57.2,56.4,7.9,91.7,0.4,52.8,54.8,57.9,-84,10.0
2026-01-27 16:37:58,Pasillo de Salones,57.5,Background Noise,53.2,53.2,52.7,0.0,96.2,3.7,0.0,51.0,52.9,54.9,-79,14.3
2026-01-27 16:38:19,Main Lobby,77.3,People,62.1,55.8,62.3,55.0,7.5,92.1,0.4,53.0,57.9,64.9,-84,14.0
2026-01-27 16:38:35,Pasillo de Laboratorio,69.2,Vehicle,57.9,57.5,57.9,61.6,13.7,85.3,1.0,55.0,57.3,59.6,-85,13.5
2026-01-27 16:38:58,Pasillo de Salones,57.5,People,53.1,53.0,53.4,0.0,91.7,8.3,0.0,50.5,52.7,55.0,-79,15.0
2026-01-27 16:39:19,Main Lobby,70.7,People,59.6,54.9,59.8,58.2,4.2,95.0,0.8,52.2,58.2,62.6,-85,12.8
2026-01-27 16:39:58,Pasillo de Salones,56.8,Background Noise,53.2,53.2,53.6,0.0,92.1,7.9,0.0,51.2,52.9,55.1,-79,16.5
2026-01-27 16:40:19,Main Lobby,71.2,People,57.7,55.0,58.1,58.3,15.8,83.7,0.4,52.1,54.4,59.2,-82,16.5
2026-01-27 16:40:58,Pasillo de Salones,57.2,Background Noise,53.0,53.1,52.8,0.0,96.7,3.3,0.0,50.4,52.9,54.9,-80,16.8
2026-01-27 16:41:19,Main Lobby,72.9,People,60.3,56.6,61.0,58.1,21.2,76.7,2.1,52.3,55.4,63.8,-89,15.3
2026-01-27 16:41:58,Pasillo de Salones,57.7,Background Noise,53.4,53.4,53.2,0.0,88.3,11.7,0.0,50.8,53.0,55.3,-80,16.3
2026-01-27 16:42:19,Main Lobby,77.2,People,66.4,60.3,66.6,61.4,3.7,94.6,1.7,56.4,62.3,69.9,-86,16.0
2026-01-27 16:42:58,Pasillo de Salones,57.9,Background Noise,53.2,53.2,53.1,0.0,86.7,13.3,0.0,50.7,52.9,55.0,-80,14.8
2026-01-27 16:43:19,Main Lobby,73.3,People,62.3,56.4,62.6,0.0,9.1,90.9,0.0,53.1,57.7,64.4,-86,16.0
2026-01-27 16:43:35,Pasillo de Laboratorio,72.3,People,58.4,57.7,58.6,58.7,16.3,83.6,0.1,55.5,57.7,60.2,-85,12.0
2026-01-27 16:43:58,Pasillo de Salones,61.9,Background Noise,53.4,53.3,54.1,0.0,92.1,7.9,0.0,50.9,53.1,55.0,-79,14.3
2026-01-27 16:44:19,Main Lobby,77.8,People,66.5,62.8,66.8,58.9,10.4,89.2,0.4,55.3,62.3,70.7,-83,16.5
2026-01-27 16:44:58,Pasillo de Salones,59.7,People,53.1,53.0,54.5,0.0,94.2,5.8,0.0,50.7,52.8,54.9,-79,16.5
2026-01-27 16:45:19,Main Lobby,72.8,People,63.8,57.5,64.0,0.0,4.2,95.8,0.0,54.5,60.8,67.9,-89,14.3
2026-01-27 16:45:58,Pasillo de Salones,58.7,Background Noise,53.5,53.5,53.8,0.0,77.5,22.5,0.0,51.4,53.3,55.3,-80,16.5
2026-01-27 16:46:19,Main Lobby,75.8,People,66.8,60.6,66.8,0.0,1.3,98.7,0.0,58.0,63.4,70.5,-83,14.5
2026-01-27 16:46:58,Pasillo de Salones,57.5,Background Noise,53.1,53.1,52.6,0.0,95.4,4.6,0.0,50.6,52.8,55.0,-79,15.0
2026-01-27 16:47:20,Main Lobby,77.7,People,67.3,64.8,67.3,0.0,1.2,98.8,0.0,60.1,65.6,71.0,-82,15.8
2026-01-27 16:47:58,Pasillo de Salones,59.7,People,53.1,53.0,54.6,0.0,91.7,8.3,0.0,50.8,52.8,54.9,-79,15.3
2026-01-27 16:48:20,Main Lobby,80.0,People,67.5,59.8,67.8,61.8,6.7,92.5,0.8,57.4,64.1,71.0,-82,11.0
2026-01-27 16:48:35,Pasillo de Laboratorio,69.4,People,58.0,57.6,58.1,58.6,20.6,79.2,0.2,55.1,57.5,59.7,-84,13.5
2026-01-27 16:48:58,Pasillo de Salones,57.3,People,53.1,53.1,54.7,0.0,97.1,2.9,0.0,50.7,52.7,55.2,-79,13.5
2026-01-27 16:49:20,Main Lobby,70.9,People,59.5,59.2,59.6,51.4,7.1,92.5,0.4,52.9,57.2,62.6,-85,12.8
2026-01-27 16:49:58,Pasillo de Salones,57.2,Background Noise,53.3,53.3,53.9,0.0,94.6,5.4,0.0,51.0,53.0,55.2,-79,13.8
2026-01-27 16:50:20,Main Lobby,74.5,People,64.7,58.0,65.1,66.1,9.6,90.0,0.4,53.5,61.1,68.8,-89,14.3
2026-01-27 16:50:58,Pasillo de Salones,58.9,People,53.3,53.1,55.2,0.0,90.8,9.2,0.0,50.8,53.0,55.2,-79,9.8
2026-01-27 16:51:20,Main Lobby,72.2,People,64.1,60.4,64.2,0.0,2.9,97.1,0.0,57.3,62.5,67.5,-88,14.8
2026-01-27 16:51:58,Pasillo de Salones,57.9,Background Noise,53.2,53.1,53.5,0.0,83.3,16.7,0.0,50.8,53.0,55.1,-79,14.3
2026-01-27 16:52:20,Main Lobby,71.7,People,61.5,54.6,61.6,0.0,1.3,98.7,0.0,54.5,59.1,65.4,-86,15.3
2026-01-27 16:52:58,Pasillo de Salones,56.7,Background Noise,53.0,53.0,53.6,0.0,93.7,6.2,0.0,50.7,52.8,54.9,-79,14.0
2026-01-27 16:53:20,Main Lobby,77.1,People,65.6,58.4,65.7,0.0,2.5,97.5,0.0,57.4,62.5,68.4,-82,9.8
2026-01-27 16:53:35,Pasillo de Laboratorio,66.7,People,57.5,57.5,57.5,57.2,25.9,73.9,0.2,54.9,57.0,59.2,-84,13.5
2026-01-27 16:53:58,Pasillo de Salones,57.6,Background Noise,53.4,53.3,53.5,0.0,74.3,25.7,0.0,50.6,53.2,55.4,-79,14.3
2026-01-27 16:54:20,Main Lobby,73.3,People,65.9,61.2,65.9,0.0,2.9,97.1,0.0,59.1,64.1,69.4,-86,14.3
2026-01-27 16:54:58,Pasillo de Salones,58.1,Background Noise,53.5,53.4,53.7,0.0,75.0,25.0,0.0,51.2,53.1,55.3,-79,13.3
2026-01-27 16:55:20,Main Lobby,73.1,People,64.2,59.8,64.2,0.0,2.9,97.1,0.0,55.4,61.8,67.9,-89,14.0
2026-01-27 16:55:59,Pasillo de Salones,58.0,People,53.3,53.3,53.7,0.0,89.6,10.4,0.0,50.7,52.9,55.3,-79,14.5
2026-01-27 16:56:20,Main Lobby,67.7,People,58.3,57.1,58.4,59.6,9.6,90.0,0.4,53.0,56.0,61.3,-88,14.0
2026-01-27 16:56:59,Pasillo de Salones,57.3,Background Noise,53.4,53.4,53.3,53.8,94.6,5.0,0.4,51.1,53.2,55.1,-79,14.3
2026-01-27 16:57:21,Main Lobby,70.8,People,58.4,53.6,58.8,0.0,12.9,87.1,0.0,51.7,54.8,61.0,-92,13.3
2026-01-27 16:57:59,Pasillo de Salones,58.1,Background Noise,53.3,53.4,53.1,0.0,92.9,7.1,0.0,51.1,53.0,55.2,-79,13.8
2026-01-27 16:58:20,Main Lobby,71.8,People,60.2,56.5,60.5,58.5,10.4,87.5,2.1,53.7,57.8,63.1,-88,14.0
2026-01-27 16:58:36,Pasillo de Laboratorio,63.8,People,57.1,57.1,57.2,0.0,36.7,63.3,0.0,54.6,56.8,58.8,-90,11.5
2026-01-27 16:58:59,Pasillo de Salones,57.8,Background Noise,53.1,53.1,54.0,0.0,94.2,5.8,0.0,50.7,52.9,55.1,-79,9.8
2026-01-27 16:59:20,Main Lobby,70.0,People,59.4,57.6,59.7,57.0,14.6,84.2,1.3,53.7,56.7,61.6,-90,13.0
2026-01-27 16:59:59,Pasillo de Salones,58.4,Background Noise,53.2,53.1,53.8,52.7,93.4,5.8,0.8,50.4,53.0,55.2,-79,13.8
2026-01-27 17:00:20,Main Lobby,63.2,People,55.0,55.0,55.0,56.4,12.5,87.1,0.4,51.6,53.6,57.3,-85,11.5
2026-01-27 17:00:59,Pasillo de Salones,61.5,Vehicle,53.7,53.2,54.8,59.5,80.8,18.3,0.8,51.1,53.3,55.7,-79,9.3
2026-01-27 17:01:20,Main Lobby,72.0,People,57.5,55.3,57.9,57.6,18.8,80.0,1.3,51.8,54.0,58.6,-85,13.3
2026-01-27 17:01:59,Pasillo de Salones,57.1,Background Noise,53.1,53.1,54.4,0.0,94.2,5.8,0.0,50.8,53.0,54.9,-79,14.0
2026-01-27 17:02:23,Main Lobby,65.7,Background Noise,55.4,55.9,55.1,59.5,24.5,74.7,0.8,52.1,54.1,57.5,-82,14.3
2026-01-27 17:02:59,Pasillo de Salones,58.1,Background Noise,53.2,53.2,53.0,50.4,92.1,7.5,0.4,50.7,53.0,54.9,-79,14.0
2026-01-27 17:03:20,Main Lobby,67.3,People,56.5,56.8,56.3,57.6,23.7,72.5,3.7,51.9,54.5,59.5,-84,13.5
2026-01-27 17:03:36,Pasillo de Laboratorio,61.8,People,57.2,57.1,57.2,59.2,34.5,65.3,0.2,54.8,56.9,59.0,-89,13.3
2026-01-27 17:03:59,Pasillo de Salones,55.9,Background Noise,53.1,53.0,53.6,0.0,95.9,4.1,0.0,50.9,53.0,54.7,-79,14.3
2026-01-27 17:04:20,Main Lobby,59.3,Vehicle,52.6,52.9,52.1,56.2,37.5,59.2,3.3,50.1,52.1,54.7,-82,10.3
2026-01-27 17:04:59,Pasillo de Salones,59.7,People,54.0,53.1,55.6,0.0,71.2,28.7,0.0,51.0,53.5,55.9,-79,14.0
2026-01-27 17:05:20,Main Lobby,64.7,People,55.9,55.6,56.0,53.4,15.4,84.2,0.4,50.9,54.1,58.7,-88,14.0
2026-01-27 17:05:59,Pasillo de Salones,59.9,People,53.6,53.5,55.3,53.7,93.3,6.2,0.4,51.2,53.2,55.4,-79,14.0
2026-01-27 17:06:20,Main Lobby,70.1,People,55.9,53.8,56.1,0.0,7.9,92.1,0.0,51.1,52.9,59.1,-85,10.0
2026-01-27 17:06:59,Pasillo de Salones,58.1,People,53.2,53.0,54.3,0.0,86.7,13.3,0.0,50.7,52.9,55.0,-79,13.8
2026-01-27 17:07:20,Main Lobby,71.1,People,57.5,54.1,57.6,0.0,5.8,94.2,0.0,51.8,54.3,60.6,-85,10.8
2026-01-27 17:07:59,Pasillo de Salones,64.9,Background Noise,54.0,53.7,55.4,54.9,82.9,16.3,0.8,51.0,53.4,55.6,-79,14.3
2026-01-27 17:08:20,Main Lobby,65.9,People,57.5,57.0,57.7,55.8,16.6,82.6,0.8,52.4,56.0,60.8,-87,13.3
2026-01-27 17:08:38,Pasillo de Laboratorio,62.2,People,57.1,57.2,57.0,57.5,28.7,71.1,0.3,54.5,56.8,58.9,-89,14.3
2026-01-27 17:08:59,Pasillo de Salones,59.9,People,53.6,53.2,56.2,51.7,86.7,12.1,1.3,51.1,53.0,55.4,-79,13.0
2026-01-27 17:09:21,Main Lobby,61.8,Background Noise,54.6,54.0,54.9,56.7,27.9,71.7,0.4,51.2,53.2,57.6,-83,14.5
2026-01-27 17:09:59,Pasillo de Salones,60.0,People,53.7,53.3,55.2,0.0,84.6,15.4,0.0,50.8,53.3,55.6,-79,13.8
2026-01-27 17:10:21,Main Lobby,72.0,People,61.9,58.3,62.7,60.0,26.2,72.9,0.8,53.7,59.4,65.8,-84,13.8
2026-01-27 17:10:59,Pasillo de Salones,60.7,People,53.2,52.9,57.0,52.9,92.1,5.8,2.1,50.8,52.7,54.9,-79,13.5
2026-01-27 17:11:21,Main Lobby,71.3,People,58.4,56.3,59.1,51.1,29.2,70.4,0.4,52.5,56.0,61.3,-82,14.0
2026-01-27 17:11:59,Pasillo de Salones,58.4,People,53.6,53.5,55.5,0.0,95.8,4.2,0.0,51.2,53.5,55.2,-80,11.0
2026-01-27 17:12:21,Main Lobby,71.0,People,58.5,55.8,58.8,53.1,12.9,86.7,0.4,53.2,56.6,60.6,-80,13.5
2026-01-27 17:12:59,Pasillo de Salones,60.8,Background Noise,54.8,54.8,55.5,0.0,98.3,1.7,0.0,52.4,54.6,56.3,-79,13.3
2026-01-27 17:13:21,Main Lobby,68.6,People,59.2,58.2,59.5,59.4,23.7,74.6,1.7,54.8,57.4,62.0,-86,13.3
2026-01-27 17:13:36,Pasillo de Laboratorio,62.7,People,57.0,57.0,57.1,56.2,43.5,56.1,0.3,54.7,56.7,58.8,-91,13.5
2026-01-27 17:13:59,Pasillo de Salones,62.8,Background Noise,56.4,56.5,55.5,0.0,92.1,7.9,0.0,54.4,56.0,57.8,-79,14.3
2026-01-27 17:14:21,Main Lobby,74.1,People,64.3,58.9,64.6,63.9,7.9,91.7,0.4,56.2,61.9,67.9,-82,11.5
2026-01-27 17:14:59,Pasillo de Salones,59.8,Background Noise,56.1,56.0,56.8,56.7,93.3,5.8,0.8,54.3,55.9,57.4,-79,14.0
2026-01-27 17:15:21,Main Lobby,67.6,Background Noise,58.1,57.2,58.4,59.6,30.4,68.3,1.3,53.8,56.5,60.3,-86,13.0
2026-01-27 17:16:00,Pasillo de Salones,61.5,Background Noise,56.6,56.6,56.8,0.0,98.3,1.7,0.0,54.3,56.2,58.3,-79,13.8
2026-01-27 17:16:21,Main Lobby,66.0,People,56.8,56.9,56.7,54.7,18.3,81.2,0.4,53.4,55.7,59.0,-88,13.8
2026-01-27 17:17:00,Pasillo de Salones,60.4,Background Noise,56.6,56.7,56.2,0.0,82.9,17.1,0.0,54.7,56.4,58.1,-79,13.0
2026-01-27 17:17:21,Main Lobby,60.7,People,54.8,55.4,54.8,54.6,6.7,92.9,0.4,52.5,54.2,56.5,-84,13.8
2026-01-27 17:18:00,Pasillo de Salones,60.2,Background Noise,56.5,56.6,56.4,0.0,75.8,24.2,0.0,54.8,56.4,57.9,-79,13.8
2026-01-27 17:18:21,Main Lobby,66.8,People,60.3,60.3,60.3,0.0,4.6,95.4,0.0,55.7,58.6,63.6,-85,14.0
2026-01-27 17:18:36,Pasillo de Laboratorio,62.5,People,57.0,56.9,57.0,58.4,47.2,52.3,0.4,54.5,56.7,58.7,-89,13.8
2026-01-27 17:19:00,Pasillo de Salones,62.5,Background Noise,57.0,57.1,56.2,0.0,88.8,11.2,0.0,55.0,56.8,58.3,-80,14.0
2026-01-27 17:19:21,Main Lobby,70.0,People,59.3,58.0,59.5,56.9,14.6,85.0,0.4,54.4,57.3,62.3,-81,12.0
2026-01-27 17:20:00,Pasillo de Salones,62.9,Background Noise,57.5,57.5,57.0,0.0,99.2,0.8,0.0,55.5,57.1,59.1,-78,13.5
2026-01-27 17:20:21,Main Lobby,71.7,People,56.6,54.9,57.9,55.7,52.7,46.1,1.2,52.4,54.8,57.8,-83,14.0
2026-01-27 17:21:00,Pasillo de Salones,69.1,Background Noise,57.5,57.5,57.3,58.2,97.5,1.7,0.8,55.1,56.7,58.8,-79,9.8
2026-01-27 17:21:21,Main Lobby,71.4,People,60.3,57.8,60.7,59.0,16.3,82.5,1.3,53.1,56.0,63.9,-83,14.3
2026-01-27 17:22:00,Pasillo de Salones,69.0,People,58.7,58.0,65.6,0.0,96.2,3.7,0.0,54.4,56.8,61.2,-79,13.0
2026-01-27 17:22:21,Main Lobby,69.9,People,57.9,54.2,58.4,56.3,17.1,81.7,1.3,52.0,54.1,62.2,-87,13.0
2026-01-27 17:23:00,Pasillo de Salones,59.6,Background Noise,55.8,55.8,56.7,0.0,96.7,3.3,0.0,53.9,55.5,57.2,-79,14.0
2026-01-27 17:23:21,Main Lobby,65.1,Background Noise,53.0,53.8,52.4,56.0,28.3,70.0,1.7,50.4,52.1,54.3,-82,14.0
2026-01-27 17:23:36,Pasillo de Laboratorio,68.8,People,57.6,57.1,57.8,56.5,31.0,68.6,0.4,55.0,57.1,59.4,-90,11.8
2026-01-27 17:24:00,Pasillo de Salones,60.6,Background Noise,56.7,56.7,56.3,0.0,97.9,2.1,0.0,54.8,56.4,58.2,-79,13.8
2026-01-27 17:24:21,Main Lobby,66.5,People,57.6,55.8,58.0,60.7,19.2,80.4,0.4,52.2,55.4,60.7,-87,13.3
2026-01-27 17:25:00,Pasillo de Salones,60.7,Background Noise,56.2,56.2,56.9,0.0,96.3,3.7,0.0,53.8,55.8,57.9,-79,13.8
2026-01-27 17:25:21,Main Lobby,67.0,People,56.2,53.6,57.0,55.4,31.7,67.5,0.8,51.8,54.4,59.2,-82,14.0
2026-01-27 17:26:00,Pasillo de Salones,64.3,People,55.5,55.1,57.8,57.4,88.3,11.3,0.4,53.1,54.9,57.4,-79,14.0
2026-01-27 17:26:21,Main Lobby,67.2,People,56.5,54.6,57.5,54.2,38.6,59.3,2.1,51.9,54.7,58.8,-83,13.0
2026-01-27 17:27:00,Pasillo de Salones,59.2,People,54.7,54.4,56.7,0.0,90.0,10.0,0.0,52.6,54.3,56.3,-80,13.5
2026-01-27 17:27:21,Main Lobby,69.8,Background Noise,57.4,55.6,58.7,60.8,52.9,46.7,0.4,51.0,54.3,60.0,-84,14.3
2026-01-27 17:28:00,Pasillo de Salones,57.6,Background Noise,54.2,54.2,54.2,0.0,99.2,0.8,0.0,52.3,54.0,55.8,-79,9.8
2026-01-27 17:28:21,Main Lobby,67.4,People,57.6,56.5,58.3,60.2,48.7,48.3,2.9,52.7,55.5,60.4,-82,10.0
2026-01-27 17:28:36,Pasillo de Laboratorio,61.4,People,56.8,56.9,56.7,57.7,53.7,46.1,0.3,54.5,56.6,58.6,-90,13.3
2026-01-27 17:29:00,Pasillo de Salones,58.6,Background Noise,54.3,54.3,55.3,56.6,95.0,4.6,0.4,52.3,54.1,55.9,-79,13.5
2026-01-27 17:29:21,Main Lobby,70.3,Background Noise,57.5,57.8,57.2,58.2,46.7,49.2,4.2,52.4,55.2,59.7,-83,14.5
2026-01-27 17:30:00,Pasillo de Salones,61.0,Background Noise,54.4,54.3,55.2,0.0,93.7,6.2,0.0,52.2,54.1,55.8,-79,14.3
2026-01-27 17:30:21,Main Lobby,70.1,People,57.1,55.9,57.3,61.3,37.5,58.3,4.2,51.5,53.9,59.6,-85,11.0
2026-01-27 17:31:00,Pasillo de Salones,61.0,People,54.3,54.2,56.3,53.1,94.6,5.0,0.4,52.2,53.9,56.0,-80,13.3
2026-01-27 17:31:21,Main Lobby,73.7,People,62.3,56.6,63.4,58.9,27.4,69.3,3.3,54.3,58.2,66.4,-83,14.3
2026-01-27 17:32:00,Pasillo de Salones,61.8,Background Noise,55.8,55.3,57.6,58.3,83.7,15.4,0.8,53.1,55.1,57.5,-79,14.0
2026-01-27 17:32:22,Main Lobby,69.3,People,59.6,56.3,60.2,60.4,22.5,75.0,2.5,53.5,57.3,62.6,-89,13.8
2026-01-27 17:33:00,Pasillo de Salones,58.5,Background Noise,54.3,54.2,55.4,53.7,90.4,8.8,0.8,52.0,54.0,56.1,-80,14.0
2026-01-27 17:33:22,Main Lobby,72.6,People,60.9,60.3,60.9,63.5,5.8,92.5,1.7,54.3,58.0,63.6,-89,14.0
2026-01-27 17:33:36,Pasillo de Laboratorio,64.7,People,56.8,56.7,56.8,0.0,30.8,69.2,0.0,54.4,56.5,58.5,-90,13.0
2026-01-27 17:34:00,Pasillo de Salones,64.5,People,55.9,55.2,58.7,0.0,85.4,14.6,0.0,53.2,55.0,57.7,-80,14.0
2026-01-27 17:34:22,Main Lobby,73.5,People,63.7,58.5,64.2,57.6,11.7,83.7,4.6,54.7,59.4,68.0,-82,10.8
2026-01-27 17:35:00,Pasillo de Salones,64.9,People,55.0,54.4,59.7,54.5,92.9,6.7,0.4,52.2,54.3,56.5,-80,13.8
2026-01-27 17:35:22,Main Lobby,77.2,People,62.8,58.4,63.2,62.0,10.0,86.3,3.7,54.6,59.4,66.3,-82,14.3
2026-01-27 17:36:00,Pasillo de Salones,68.2,People,56.7,56.0,59.7,57.6,85.4,13.3,1.3,53.9,55.8,58.1,-80,13.8
2026-01-27 17:36:22,Main Lobby,72.3,People,61.4,54.8,61.9,0.0,11.7,88.3,0.0,53.1,58.4,65.3,-89,13.8
2026-01-27 17:37:00,Pasillo de Salones,61.8,Background Noise,55.0,55.0,57.2,0.0,98.8,1.2,0.0,53.1,54.6,56.5,-80,12.0
2026-01-27 17:37:22,Main Lobby,73.0,People,65.0,61.6,66.4,62.5,41.7,57.1,1.3,55.5,63.0,68.8,-83,14.3
2026-01-27 17:38:00,Pasillo de Salones,57.7,Background Noise,54.6,54.6,0.0,0.0,100.0,0.0,0.0,52.7,54.4,56.2,-80,14.3
2026-01-27 17:38:22,Main Lobby,75.8,People,63.5,62.0,63.5,66.1,5.8,93.3,0.8,54.0,59.3,67.0,-84,13.3
2026-01-27 17:38:37,Pasillo de Laboratorio,62.6,Background Noise,56.8,56.8,56.8,56.8,53.7,46.2,0.1,54.4,56.4,58.6,-90,13.5
2026-01-27 17:39:01,Pasillo de Salones,58.0,Background Noise,54.6,54.6,55.2,0.0,98.7,1.3,0.0,52.7,54.3,56.2,-78,13.5
2026-01-27 17:39:22,Main Lobby,67.4,People,55.5,53.4,55.8,0.0,18.3,81.7,0.0,51.1,53.4,57.9,-82,13.8
2026-01-27 17:40:01,Pasillo de Salones,61.0,Background Noise,54.8,54.8,0.0,0.0,100.0,0.0,0.0,52.6,54.2,56.2,-79,14.0
2026-01-27 17:40:22,Main Lobby,61.0,People,53.5,52.6,53.6,0.0,16.3,83.7,0.0,51.0,52.7,55.6,-86,11.5
2026-01-27 17:41:01,Pasillo de Salones,65.0,People,54.7,54.4,60.1,0.0,96.7,3.3,0.0,52.4,54.1,56.2,-80,12.0
2026-01-27 17:41:22,Main Lobby,68.1,People,58.8,53.8,59.1,0.0,9.5,90.5,0.0,52.5,57.0,61.8,-86,13.5
2026-01-27 17:42:01,Pasillo de Salones,60.4,Background Noise,54.1,54.0,53.8,54.5,98.3,0.4,1.3,51.9,53.8,55.5,-79,14.0
2026-01-27 17:42:22,Main Lobby,59.1,People,53.0,52.4,53.1,0.0,4.6,95.4,0.0,51.1,52.5,54.5,-85,12.5
2026-01-27 17:43:01,Pasillo de Salones,59.5,Background Noise,54.1,54.1,0.0,0.0,100.0,0.0,0.0,52.2,53.9,55.5,-79,14.0
2026-01-27 17:43:22,Main Lobby,68.4,People,57.7,55.8,59.4,61.5,58.3,40.8,0.8,52.3,54.8,61.7,-85,13.5
2026-01-27 17:43:37,Pasillo de Laboratorio,61.0,Background Noise,56.7,56.6,56.7,56.9,41.5,58.5,0.1,54.3,56.4,58.5,-90,13.8
2026-01-27 17:44:01,Pasillo de Salones,62.1,People,55.7,55.5,58.2,56.7,95.0,3.7,1.3,53.4,55.1,57.5,-79,14.0
2026-01-27 17:44:22,Main Lobby,66.7,People,58.7,56.7,59.3,56.0,25.8,73.7,0.4,53.0,56.1,63.0,-87,13.3
2026-01-27 17:45:01,Pasillo de Salones,64.5,People,57.7,56.7,59.4,0.0,70.8,29.2,0.0,54.4,56.7,59.9,-79,14.0
2026-01-27 17:45:22,Main Lobby,72.1,People,59.1,58.9,59.1,61.6,13.7,85.9,0.4,53.7,56.0,62.4,-83,13.5
2026-01-27 17:46:01,Pasillo de Salones,71.3,People,61.1,58.2,61.9,0.0,28.7,71.2,0.0,56.0,59.8,63.5,-79,14.3
2026-01-27 17:46:22,Main Lobby,70.0,People,61.5,57.5,61.6,55.8,3.7,95.8,0.4,55.8,59.8,64.9,-83,14.0
2026-01-27 17:47:01,Pasillo de Salones,70.1,People,59.3,56.4,61.9,54.2,62.5,37.1,0.4,54.1,57.1,62.4,-79,13.3
2026-01-27 17:47:22,Main Lobby,72.2,People,59.6,56.5,59.7,55.1,7.1,92.5,0.4,53.7,56.8,62.2,-82,14.5
2026-01-27 17:48:01,Pasillo de Salones,65.8,People,56.3,54.9,60.9,0.0,86.7,13.3,0.0,52.8,54.7,59.4,-79,14.0
2026-01-27 17:48:22,Main Lobby,70.5,People,60.9,55.7,61.3,0.0,12.1,87.9,0.0,54.0,58.9,63.9,-85,13.3
2026-01-27 17:48:37,Pasillo de Laboratorio,67.8,People,57.3,56.8,58.1,57.1,65.2,34.5,0.3,54.2,56.6,59.0,-89,13.0
2026-01-27 17:49:01,Pasillo de Salones,58.8,Background Noise,54.2,54.2,55.8,0.0,97.5,2.5,0.0,51.9,53.9,55.9,-80,10.3
2026-01-27 17:49:22,Main Lobby,74.7,People,56.4,53.7,57.4,55.6,35.4,63.3,1.3,50.9,53.6,56.7,-82,14.0
2026-01-27 17:50:01,Pasillo de Salones,59.8,Background Noise,54.1,54.0,57.1,53.8,97.9,1.7,0.4,52.1,53.6,55.5,-79,14.3
2026-01-27 17:50:22,Main Lobby,66.7,People,55.9,53.3,56.2,0.0,13.3,86.7,0.0,51.4,54.1,58.7,-82,10.3
2026-01-27 17:51:01,Pasillo de Salones,63.6,Vehicle,54.0,53.6,55.1,61.1,96.2,2.1,1.7,51.8,53.4,55.2,-79,13.5
2026-01-27 17:51:22,Main Lobby,70.4,People,59.3,53.6,59.5,0.0,4.1,95.9,0.0,52.6,57.0,62.2,-82,14.3
2026-01-27 17:52:01,Pasillo de Salones,58.1,Background Noise,53.8,53.8,55.1,53.6,99.2,0.4,0.4,52.0,53.5,55.5,-79,13.3
2026-01-27 17:52:23,Main Lobby,71.5,People,59.0,56.6,59.4,55.7,15.0,84.2,0.8,53.2,56.5,61.0,-82,14.5
2026-01-27 17:53:01,Pasillo de Salones,58.6,Background Noise,53.8,53.8,52.7,53.6,97.9,0.4,1.7,51.8,53.5,55.5,-79,14.0
2026-01-27 17:53:23,Main Lobby,71.9,People,57.0,54.8,57.5,52.7,25.0,74.6,0.4,51.7,53.6,57.6,-82,14.0
2026-01-27 17:53:37,Pasillo de Laboratorio,63.7,Background Noise,56.6,56.7,56.5,59.0,40.5,59.4,0.2,54.1,56.3,58.4,-90,13.5
2026-01-27 17:54:01,Pasillo de Salones,57.6,People,53.6,53.6,55.1,56.1,97.5,2.1,0.4,51.4,53.5,55.2,-80,13.5
2026-01-27 17:54:23,Main Lobby,67.2,People,57.1,56.3,57.3,0.0,15.4,84.6,0.0,50.8,53.2,61.3,-84,13.3
2026-01-27 17:55:01,Pasillo de Salones,58.1,People,53.5,53.5,57.5,0.0,99.2,0.8,0.0,51.5,53.2,55.1,-79,13.5
2026-01-27 17:55:23,Main Lobby,67.5,People,56.0,53.3,56.8,0.0,30.0,70.0,0.0,51.1,52.5,58.3,-83,14.5
2026-01-27 17:56:01,Pasillo de Salones,57.1,Background Noise,53.3,53.3,0.0,0.0,100.0,0.0,0.0,51.2,53.2,54.8,-80,14.3
2026-01-27 17:56:23,Main Lobby,68.7,People,58.6,53.1,58.9,0.0,7.5,92.5,0.0,52.0,55.4,61.9,-83,13.8
2026-01-27 17:57:01,Pasillo de Salones,56.1,Background Noise,52.6,52.6,0.0,0.0,100.0,0.0,0.0,50.6,52.5,54.2,-80,14.3
2026-01-27 17:57:23,Main Lobby,68.2,People,56.1,53.6,56.3,0.0,10.0,90.0,0.0,51.7,53.9,58.3,-81,13.3
2026-01-27 17:58:01,Pasillo de Salones,59.8,Background Noise,53.1,53.1,0.0,0.0,100.0,0.0,0.0,51.1,52.8,54.7,-80,14.0
2026-01-27 17:58:23,Main Lobby,61.8,People,54.6,53.2,54.7,0.0,7.9,92.1,0.0,51.4,53.7,57.0,-84,13.8
2026-01-27 17:58:37,Pasillo de Laboratorio,71.9,People,56.7,56.6,56.8,0.0,21.3,78.7,0.0,54.1,56.3,58.4,-89,13.5
2026-01-27 17:59:02,Pasillo de Salones,60.2,Background Noise,53.7,53.6,55.9,0.0,98.3,1.7,0.0,51.4,53.4,55.2,-79,14.0
2026-01-27 17:59:23,Main Lobby,57.3,People,51.4,50.8,51.7,52.0,45.0,54.6,0.4,40.7,51.5,53.0,-82,11.0
2026-01-27 18:00:02,Pasillo de Salones,56.8,Background Noise,53.1,53.1,54.2,55.5,97.9,1.7,0.4,51.2,52.9,54.6,-80,13.8
2026-01-27 18:00:23,Main Lobby,71.1,People,53.8,51.0,54.8,0.0,35.0,65.0,0.0,40.9,51.6,54.4,-82,13.8
2026-01-27 18:01:02,Pasillo de Salones,57.7,People,53.7,53.6,55.1,54.6,92.9,5.0,2.1,51.7,53.3,55.5,-79,13.8
2026-01-27 18:01:23,Main Lobby,62.5,Background Noise,50.6,49.9,51.2,40.8,45.8,53.7,0.4,40.4,50.4,53.0,-84,13.3
2026-01-27 18:02:02,Pasillo de Salones,56.4,Background Noise,53.2,53.2,53.8,0.0,99.2,0.8,0.0,51.1,53.0,54.8,-79,9.8
2026-01-27 18:02:23,Main Lobby,71.1,People,53.7,50.5,55.1,51.8,42.7,56.8,0.4,40.7,51.2,53.2,-82,14.0
2026-01-27 18:03:02,Pasillo de Salones,58.3,Background Noise,53.4,53.3,56.1,0.0,97.9,2.1,0.0,51.2,53.1,55.0,-79,13.8
2026-01-27 18:03:23,Main Lobby,65.4,People,52.9,50.8,54.5,53.7,53.7,45.8,0.4,40.7,51.4,55.7,-83,14.0
2026-01-27 18:03:37,Pasillo de Laboratorio,61.7,People,56.7,56.6,56.7,58.0,46.6,53.3,0.1,54.2,56.3,58.5,-90,13.5
2026-01-27 18:04:02,Pasillo de Salones,56.2,Background Noise,53.1,53.1,0.0,0.0,100.0,0.0,0.0,51.2,53.0,54.6,-79,14.3
2026-01-27 18:04:23,Main Lobby,68.5,People,53.4,52.1,54.3,56.2,50.4,47.9,1.7,40.6,51.2,54.3,-82,14.3
2026-01-27 18:05:03,Pasillo de Salones,55.9,Background Noise,53.0,53.0,53.4,0.0,99.6,0.4,0.0,51.2,53.0,54.5,-80,14.3
2026-01-27 18:05:23,Main Lobby,68.1,People,54.6,53.5,54.7,56.4,16.3,79.6,4.2,50.2,52.6,55.9,-84,10.5
2026-01-27 18:06:02,Pasillo de Salones,56.2,Background Noise,52.7,52.7,0.0,0.0,100.0,0.0,0.0,50.7,52.7,54.2,-80,13.3
2026-01-27 18:06:23,Main Lobby,62.2,People,54.6,51.6,55.1,0.0,22.1,77.9,0.0,50.3,52.9,57.4,-87,13.8
2026-01-27 18:07:02,Pasillo de Salones,57.0,Background Noise,53.3,53.2,54.5,53.5,97.1,2.1,0.8,51.2,53.1,54.9,-79,9.8
2026-01-27 18:07:23,Main Lobby,71.4,People,59.5,53.5,60.0,0.0,13.3,86.7,0.0,51.1,55.5,63.1,-81,13.8
2026-01-27 18:08:02,Pasillo de Salones,58.4,Background Noise,53.0,52.9,54.3,53.1,95.0,4.1,0.8,51.0,52.8,54.4,-79,14.0
2026-01-27 18:08:23,Main Lobby,67.8,People,57.7,54.1,58.3,59.9,20.3,78.8,0.8,51.1,55.3,61.2,-82,14.3
2026-01-27 18:08:42,Pasillo de Laboratorio,64.3,Background Noise,56.5,56.5,56.5,58.5,61.7,37.7,0.5,53.9,56.1,58.3,-90,13.8
2026-01-27 18:09:02,Pasillo de Salones,61.4,Background Noise,53.5,53.5,55.5,0.0,98.7,1.3,0.0,51.1,53.2,55.1,-79,14.3
2026-01-27 18:09:23,Main Lobby,68.2,People,56.7,53.1,57.3,0.0,21.2,78.7,0.0,50.3,54.3,59.2,-85,13.3
2026-01-27 18:10:02,Pasillo de Salones,61.8,Background Noise,53.6,53.6,54.2,55.2,96.2,2.9,0.8,51.5,53.3,55.2,-79,13.8
2026-01-27 18:10:23,Main Lobby,67.0,People,56.6,52.9,56.6,0.0,2.1,97.9,0.0,51.8,53.9,59.0,-83,14.3
2026-01-27 18:11:02,Pasillo de Salones,57.2,Background Noise,53.0,53.0,0.0,0.0,100.0,0.0,0.0,50.6,52.8,54.7,-79,14.3
2026-01-27 18:11:23,Main Lobby,59.8,People,53.5,53.5,53.5,0.0,0.8,99.2,0.0,51.8,53.0,54.5,-82,14.0
2026-01-27 18:12:02,Pasillo de Salones,56.8,Background Noise,53.0,52.9,54.3,0.0,97.1,2.9,0.0,50.6,52.9,54.6,-79,14.5
2026-01-27 18:12:23,Main Lobby,59.5,People,53.5,53.3,53.5,0.0,6.2,93.8,0.0,52.0,53.1,54.6,-85,13.5
2026-01-27 18:13:02,Pasillo de Salones,56.4,Background Noise,52.9,52.9,0.0,0.0,100.0,0.0,0.0,50.6,52.8,54.6,-79,14.0
2026-01-27 18:13:23,Main Lobby,60.2,People,53.8,53.5,53.9,0.0,24.2,75.8,0.0,51.7,53.0,55.8,-84,13.5
2026-01-27 18:13:37,Pasillo de Laboratorio,62.5,People,56.4,56.4,56.4,55.3,45.5,53.7,0.8,53.7,56.1,58.0,-90,13.5
2026-01-27 18:14:02,Pasillo de Salones,56.2,Background Noise,53.0,53.0,53.7,53.3,96.7,2.1,1.2,50.9,52.8,54.6,-80,14.8
2026-01-27 18:14:24,Main Lobby,67.2,People,54.2,52.8,54.5,55.2,22.1,77.5,0.4,51.1,52.6,54.9,-84,13.8
2026-01-27 18:15:02,Pasillo de Salones,57.6,Background Noise,52.9,52.9,54.9,0.0,97.9,2.1,0.0,50.9,52.7,54.4,-80,12.3
2026-01-27 18:15:24,Main Lobby,68.6,People,52.9,49.6,54.3,0.0,41.7,58.3,0.0,40.5,51.2,54.3,-82,13.5
2026-01-27 18:16:02,Pasillo de Salones,56.0,Background Noise,52.9,52.9,53.2,0.0,99.2,0.8,0.0,50.9,52.8,54.4,-79,13.8
2026-01-27 18:16:24,Main Lobby,73.7,People,58.1,51.9,61.6,53.3,60.0,38.3,1.7,40.6,51.1,58.2,-83,14.3
2026-01-27 18:17:02,Pasillo de Salones,57.7,Background Noise,53.2,53.1,54.3,54.0,94.6,5.0,0.4,51.3,52.9,55.0,-79,13.3
2026-01-27 18:17:24,Main Lobby,74.3,Background Noise,56.0,55.2,57.1,51.4,60.4,39.2,0.4,40.4,50.6,55.2,-83,9.3
2026-01-27 18:18:02,Pasillo de Salones,57.2,Background Noise,53.3,53.2,54.3,56.5,94.6,5.0,0.4,51.0,53.2,54.9,-79,13.8
2026-01-27 18:18:24,Main Lobby,67.6,People,54.5,51.5,56.3,55.0,49.8,49.8,0.4,40.5,51.7,56.8,-83,14.5
2026-01-27 18:18:38,Pasillo de Laboratorio,66.0,People,56.9,56.7,57.3,60.7,71.4,27.3,1.2,54.2,56.4,58.7,-91,13.5
2026-01-27 18:19:02,Pasillo de Salones,57.4,Background Noise,53.0,53.0,0.0,0.0,100.0,0.0,0.0,51.0,52.9,54.4,-79,14.3
2026-01-27 18:19:24,Main Lobby,62.9,People,54.1,52.7,56.0,0.0,67.9,32.1,0.0,50.2,52.2,57.0,-83,14.3
2026-01-27 18:20:02,Pasillo de Salones,60.3,Background Noise,53.5,53.5,55.5,0.0,97.5,2.5,0.0,51.4,53.3,55.0,-80,14.5
2026-01-27 18:20:24,Main Lobby,68.3,Vehicle,53.9,52.7,54.0,68.3,47.9,51.7,0.4,50.2,52.0,55.0,-85,13.3
2026-01-27 18:21:03,Pasillo de Salones,58.7,Background Noise,53.1,53.1,53.6,0.0,98.7,1.3,0.0,51.1,53.0,54.4,-80,11.0
2026-01-27 18:21:24,Main Lobby,60.9,People,52.8,50.7,53.5,0.0,30.0,70.0,0.0,40.8,52.1,55.1,-87,13.8
2026-01-27 18:22:03,Pasillo de Salones,62.4,People,53.4,53.2,58.3,0.0,98.3,1.7,0.0,51.2,52.9,55.0,-80,14.0
2026-01-27 18:22:24,Main Lobby,61.5,People,51.4,50.9,51.6,0.0,26.1,73.9,0.0,40.6,51.2,53.7,-82,10.3
2026-01-27 18:23:03,Pasillo de Salones,56.0,Background Noise,53.0,52.9,54.3,0.0,98.7,1.3,0.0,51.0,52.8,54.5,-79,14.0
2026-01-27 18:23:24,Main Lobby,70.5,Background Noise,53.6,56.3,52.5,50.7,21.2,77.5,1.3,40.8,51.4,53.4,-85,13.5
2026-01-27 18:23:38,Pasillo de Laboratorio,60.8,People,56.3,56.3,56.4,57.2,31.8,68.0,0.2,54.0,56.1,58.0,-91,12.0
2026-01-27 18:24:03,Pasillo de Salones,56.2,Background Noise,52.9,52.9,0.0,0.0,100.0,0.0,0.0,51.1,52.6,54.4,-79,14.0
2026-01-27 18:24:24,Main Lobby,63.7,People,53.5,51.6,53.8,0.0,12.9,87.1,0.0,50.6,52.6,55.6,-82,13.8
2026-01-27 18:25:03,Pasillo de Salones,58.0,Background Noise,53.6,53.5,55.1,0.0,95.4,4.6,0.0,51.6,53.5,55.1,-79,14.5
2026-01-27 18:25:24,Main Lobby,67.8,Background Noise,54.3,53.5,54.6,0.0,28.3,71.7,0.0,40.9,51.8,56.4,-83,14.0
2026-01-27 18:26:03,Pasillo de Salones,59.0,Background Noise,53.8,53.8,54.5,51.0,97.5,2.1,0.4,51.5,53.5,55.4,-79,14.0
2026-01-27 18:26:24,Main Lobby,62.6,People,50.0,49.4,54.8,56.9,94.2,5.4,0.4,40.2,50.1,52.3,-83,14.5
2026-01-27 18:27:03,Pasillo de Salones,62.5,People,54.7,53.6,57.2,54.3,76.2,22.9,0.8,51.8,53.8,56.8,-81,13.8
2026-01-27 18:27:24,Main Lobby,66.8,People,52.0,49.1,54.6,0.0,62.2,37.8,0.0,40.3,50.3,54.6,-82,14.0
2026-01-27 18:28:03,Pasillo de Salones,57.6,Background Noise,53.8,53.7,55.3,0.0,95.0,5.0,0.0,51.6,53.5,55.5,-80,14.8
2026-01-27 18:28:24,Main Lobby,70.9,People,56.5,53.3,57.9,50.0,42.1,57.5,0.4,40.6,53.3,58.7,-83,14.0
2026-01-27 18:28:38,Pasillo de Laboratorio,72.8,People,57.1,56.7,57.2,61.8,37.0,62.9,0.2,54.1,56.4,58.6,-90,13.8
2026-01-27 18:29:03,Pasillo de Salones,59.0,Background Noise,53.7,53.6,53.8,55.6,97.5,2.1,0.4,51.5,53.4,55.4,-81,16.0
2026-01-27 18:29:28,Main Lobby,63.9,People,55.3,51.9,56.6,53.5,38.3,60.8,0.8,50.1,52.9,59.0,-86,13.3
2026-01-27 18:30:03,Pasillo de Salones,57.8,Background Noise,53.4,53.3,55.4,55.4,95.8,3.3,0.8,51.5,53.1,55.2,-80,15.0
2026-01-27 18:30:24,Main Lobby,61.1,People,51.0,50.1,51.7,52.0,44.6,55.0,0.4,40.4,50.8,53.7,-83,14.0
2026-01-27 18:31:03,Pasillo de Salones,61.6,Background Noise,53.8,53.7,55.6,55.4,92.5,5.8,1.7,51.3,53.5,55.4,-80,15.8
2026-01-27 18:31:24,Main Lobby,66.2,People,56.7,54.9,57.1,52.9,22.1,77.5,0.4,50.7,54.1,60.3,-82,14.0
2026-01-27 18:32:03,Pasillo de Salones,60.7,Background Noise,54.1,54.0,55.6,56.3,92.1,7.5,0.4,51.8,53.8,56.0,-80,16.0
2026-01-27 18:32:28,Main Lobby,70.1,People,55.9,54.4,57.2,57.1,56.2,42.5,1.3,51.5,53.6,57.7,-84,13.5
2026-01-27 18:33:03,Pasillo de Salones,56.6,Background Noise,53.4,53.3,53.8,0.0,97.5,2.5,0.0,51.6,53.0,54.8,-81,14.3
2026-01-27 18:33:25,Main Lobby,63.4,People,53.3,52.9,53.6,53.7,35.3,63.5,1.2,51.3,52.7,54.6,-83,16.3
2026-01-27 18:33:38,Pasillo de Laboratorio,65.6,People,56.6,56.7,56.6,58.4,30.7,69.2,0.2,54.0,56.3,58.5,-91,13.3
2026-01-27 18:34:03,Pasillo de Salones,58.0,People,53.5,53.5,55.9,54.0,97.9,1.7,0.4,51.5,53.3,55.1,-80,11.3
2026-01-27 18:34:25,Main Lobby,67.9,People,54.2,52.7,55.6,56.2,58.3,38.7,2.9,51.1,52.4,55.2,-82,10.3
2026-01-27 18:35:03,Pasillo de Salones,60.0,People,53.4,53.3,55.9,0.0,95.0,5.0,0.0,51.1,53.2,55.1,-80,16.0
2026-01-27 18:35:25,Main Lobby,61.7,People,51.5,50.7,52.5,0.0,60.0,40.0,0.0,40.7,51.2,53.3,-84,14.3
2026-01-27 18:36:03,Pasillo de Salones,57.5,People,53.6,53.6,55.7,0.0,96.7,3.3,0.0,51.4,53.5,55.1,-80,14.3
2026-01-27 18:37:03,Pasillo de Salones,56.8,People,53.4,53.3,54.0,0.0,93.7,6.2,0.0,51.6,53.1,54.9,-81,14.3
2026-01-27 18:37:29,Main Lobby,62.4,Background Noise,50.6,50.5,50.8,0.0,73.7,26.2,0.0,40.5,50.7,52.2,-85,12.0
2026-01-27 18:38:03,Pasillo de Salones,56.2,Background Noise,53.4,53.4,53.9,0.0,95.8,4.2,0.0,51.4,53.4,55.1,-80,14.5
2026-01-27 18:38:25,Main Lobby,67.4,People,52.4,51.0,53.7,59.0,60.4,38.3,1.3,40.8,51.2,53.4,-83,13.5
2026-01-27 18:38:38,Pasillo de Laboratorio,61.0,People,56.4,56.4,56.4,53.8,28.8,71.1,0.1,54.0,56.1,58.2,-90,13.0
2026-01-27 18:39:04,Pasillo de Salones,56.6,People,53.4,53.4,54.2,54.0,93.4,6.2,0.4,51.7,53.3,54.9,-81,14.3
2026-01-27 18:39:25,Main Lobby,60.1,People,52.0,50.7,52.4,0.0,27.8,72.2,0.0,40.9,51.5,53.7,-83,10.3
2026-01-27 18:40:04,Pasillo de Salones,57.7,People,53.9,53.7,54.5,54.4,70.8,28.7,0.4,51.7,53.7,55.5,-81,14.3
2026-01-27 18:40:25,Main Lobby,56.8,People,49.6,48.6,50.3,53.2,51.2,48.3,0.4,40.2,50.2,52.3,-83,16.3
2026-01-27 18:41:04,Pasillo de Salones,60.8,People,54.5,53.9,55.8,55.8,72.9,25.8,1.3,51.5,53.8,56.3,-82,14.3
2026-01-27 18:41:25,Main Lobby,68.0,People,53.1,50.1,57.2,0.0,76.7,23.3,0.0,40.3,50.5,54.0,-82,16.3
2026-01-27 18:42:04,Pasillo de Salones,61.3,People,54.0,53.6,58.4,58.2,94.6,5.0,0.4,51.5,53.3,55.7,-80,14.5
2026-01-27 18:42:25,Main Lobby,71.1,People,52.9,48.9,59.4,0.0,85.4,14.6,0.0,40.3,50.2,52.3,-85,12.8
2026-01-27 18:43:04,Pasillo de Salones,56.7,Background Noise,53.1,53.1,54.3,0.0,97.1,2.9,0.0,50.9,52.9,54.8,-80,10.8
2026-01-27 18:43:25,Main Lobby,69.0,Background Noise,55.5,54.3,56.8,52.7,57.1,41.7,1.3,50.2,53.2,57.9,-83,14.5
2026-01-27 18:43:38,Pasillo de Laboratorio,61.1,Background Noise,56.4,56.4,56.4,0.0,17.2,82.7,0.0,54.0,56.2,58.2,-90,13.5
2026-01-27 18:44:04,Pasillo de Salones,59.7,People,53.8,53.7,54.7,0.0,82.6,17.4,0.0,51.6,53.6,55.5,-80,14.3
2026-01-27 18:44:25,Main Lobby,77.5,People,56.7,49.7,62.2,0.0,76.2,23.7,0.0,40.3,50.5,56.6,-83,16.0
2026-01-27 18:45:04,Pasillo de Salones,56.4,Background Noise,53.1,53.0,53.6,0.0,90.0,10.0,0.0,51.0,52.8,54.8,-80,16.0
2026-01-27 18:45:25,Main Lobby,61.2,People,49.3,48.0,52.8,53.8,83.0,16.6,0.4,40.2,40.9,52.1,-83,11.0
2026-01-27 18:46:04,Pasillo de Salones,56.7,People,53.2,53.0,54.0,0.0,89.6,10.4,0.0,51.0,53.0,54.8,-81,14.0
2026-01-27 18:46:25,Main Lobby,67.5,People,50.5,48.5,52.8,0.0,64.2,35.8,0.0,40.2,50.3,52.1,-84,14.3
2026-01-27 18:47:04,Pasillo de Salones,62.4,Background Noise,53.8,53.6,54.7,54.1,85.8,13.3,0.8,51.6,53.3,55.2,-80,15.8
2026-01-27 18:47:25,Main Lobby,59.6,People,49.2,48.5,50.2,50.5,64.2,35.4,0.4,40.2,50.2,51.8,-84,14.3
2026-01-27 18:48:04,Pasillo de Salones,57.7,People,53.7,53.4,54.4,0.0,69.6,30.4,0.0,51.5,53.5,55.5,-82,14.0
2026-01-27 18:48:25,Main Lobby,62.9,People,54.5,48.9,55.4,0.0,24.6,75.4,0.0,40.4,52.3,58.0,-82,16.3
2026-01-27 18:48:38,Pasillo de Laboratorio,60.6,People,56.4,56.4,56.4,0.0,18.3,81.7,0.0,54.1,56.2,58.2,-90,13.0
2026-01-27 18:49:04,Pasillo de Salones,57.8,People,54.1,53.7,54.9,0.0,67.5,32.5,0.0,52.0,53.8,55.8,-80,12.8
2026-01-27 18:49:25,Main Lobby,58.0,People,49.4,47.2,51.9,0.0,66.2,33.7,0.0,40.2,50.0,52.6,-84,13.5
2026-01-27 18:50:04,Pasillo de Salones,55.9,People,52.6,52.5,53.9,0.0,95.4,4.6,0.0,50.7,52.6,54.3,-81,14.0
2026-01-27 18:50:25,Main Lobby,52.6,Background Noise,46.8,46.6,47.6,0.0,89.6,10.4,0.0,40.1,40.7,50.6,-85,11.0
2026-01-27 18:51:04,Pasillo de Salones,57.0,People,53.0,52.8,53.8,0.0,87.9,12.1,0.0,50.8,52.7,54.7,-80,14.3
2026-01-27 18:51:25,Main Lobby,54.2,People,47.2,46.8,48.8,0.0,82.6,17.4,0.0,40.1,40.8,50.7,-84,14.0
2026-01-27 18:52:04,Pasillo de Salones,56.8,Background Noise,53.1,53.0,53.4,0.0,82.5,17.5,0.0,51.1,52.8,54.6,-81,13.8
2026-01-27 18:52:25,Main Lobby,62.7,People,47.7,47.2,51.0,53.2,90.4,9.2,0.4,40.1,40.7,50.8,-83,15.8
2026-01-27 18:53:04,Pasillo de Salones,56.4,Background Noise,52.9,52.8,53.3,0.0,87.1,12.9,0.0,50.5,52.8,54.7,-81,14.0
2026-01-27 18:53:25,Main Lobby,57.2,Background Noise,47.2,47.0,48.5,0.0,91.2,8.8,0.0,40.1,40.8,50.7,-83,10.0
2026-01-27 18:53:38,Pasillo de Laboratorio,61.0,People,56.3,56.3,56.3,0.0,16.3,83.7,0.0,53.9,56.1,58.1,-90,13.3
2026-01-27 18:54:04,Pasillo de Salones,56.8,Background Noise,52.9,52.8,53.7,0.0,91.7,8.3,0.0,50.9,52.7,54.5,-81,13.5
2026-01-27 18:54:25,Main Lobby,55.4,People,47.4,46.9,49.3,0.0,82.5,17.5,0.0,40.1,40.8,51.0,-84,14.5
2026-01-27 18:55:04,Pasillo de Salones,56.9,Background Noise,52.9,52.9,53.2,0.0,93.3,6.7,0.0,51.0,52.6,54.7,-79,10.5
2026-01-27 18:55:26,Main Lobby,60.9,Background Noise,49.4,48.8,50.3,0.0,64.6,35.4,0.0,40.2,50.1,52.3,-84,14.0
2026-01-27 18:56:04,Pasillo de Salones,58.6,Background Noise,53.1,53.0,54.0,0.0,91.3,8.7,0.0,50.8,52.9,54.8,-80,14.0
2026-01-27 18:56:26,Main Lobby,56.6,People,48.3,48.1,49.7,51.1,88.4,11.2,0.4,40.2,50.0,51.2,-86,16.3
2026-01-27 18:57:04,Pasillo de Salones,56.0,Background Noise,52.8,52.8,53.3,0.0,98.7,1.3,0.0,50.7,52.6,54.3,-81,13.5
2026-01-27 18:57:26,Main Lobby,53.3,Background Noise,49.1,49.0,49.6,0.0,85.4,14.6,0.0,40.3,50.3,51.4,-83,15.5
2026-01-27 18:58:04,Pasillo de Salones,55.4,Background Noise,52.7,52.7,53.4,0.0,90.0,10.0,0.0,50.6,52.6,54.4,-80,13.3
2026-01-27 18:58:26,Main Lobby,59.3,Background Noise,50.2,49.3,51.1,0.0,57.1,42.9,0.0,40.4,50.6,52.1,-86,14.5
2026-01-27 18:58:39,Pasillo de Laboratorio,60.5,Background Noise,56.4,56.5,56.4,57.9,21.2,78.7,0.1,54.0,56.2,58.1,-90,11.5
2026-01-27 18:59:04,Pasillo de Salones,56.5,People,53.0,52.9,53.3,0.0,85.8,14.2,0.0,50.4,52.8,54.5,-80,14.0
2026-01-27 18:59:26,Main Lobby,57.3,People,49.5,49.2,50.5,0.0,74.6,25.4,0.0,40.4,50.4,51.8,-84,13.5
2026-01-27 19:00:04,Pasillo de Salones,56.8,Background Noise,52.7,52.7,53.6,0.0,96.2,3.7,0.0,50.6,52.5,54.3,-80,14.0
2026-01-27 19:00:26,Main Lobby,67.7,Background Noise,52.3,51.7,52.8,0.0,44.8,55.2,0.0,40.5,51.1,53.0,-85,14.8
2026-01-27 19:01:04,Pasillo de Salones,56.1,Background Noise,52.6,52.6,52.5,0.0,98.3,1.7,0.0,50.5,52.4,54.3,-79,14.0
2026-01-27 19:01:26,Main Lobby,63.0,People,51.2,50.2,53.0,0.0,71.2,28.7,0.0,40.5,50.7,53.0,-85,13.5
2026-01-27 19:02:04,Pasillo de Salones,60.0,People,53.0,52.9,54.7,52.9,92.5,7.1,0.4,50.6,52.7,54.9,-79,14.0
2026-01-27 19:02:26,Main Lobby,67.7,Vehicle,52.6,51.8,51.2,60.6,82.5,14.2,3.3,40.4,50.6,52.9,-83,10.5
2026-01-27 19:03:05,Pasillo de Salones,68.3,People,56.1,53.8,58.1,0.0,57.5,42.5,0.0,51.4,54.1,58.5,-81,13.8
2026-01-27 19:03:26,Main Lobby,58.9,People,51.2,50.4,53.7,55.5,82.5,17.1,0.4,40.4,50.8,53.4,-83,16.0
2026-01-27 19:03:39,Pasillo de Laboratorio,61.8,People,56.3,56.5,56.3,0.0,19.0,81.0,0.0,53.8,56.1,58.0,-89,13.8
2026-01-27 19:04:05,Pasillo de Salones,72.5,People,58.6,53.9,62.0,0.0,64.2,35.8,0.0,51.3,53.4,60.1,-80,12.3
2026-01-27 19:04:26,Main Lobby,65.3,People,53.2,52.0,54.4,51.8,54.2,45.4,0.4,50.3,52.1,55.3,-82,16.3
2026-01-27 19:05:05,Pasillo de Salones,56.3,Background Noise,53.0,52.9,53.3,0.0,83.3,16.7,0.0,50.8,52.8,54.7,-79,14.0
2026-01-27 19:05:26,Main Lobby,69.1,People,55.4,53.3,56.6,60.8,46.2,53.3,0.4,50.3,51.9,57.7,-83,15.8
2026-01-27 19:06:05,Pasillo de Salones,56.9,People,52.9,52.8,53.9,0.0,92.5,7.5,0.0,50.9,52.6,54.5,-81,14.0
2026-01-27 19:06:26,Main Lobby,63.6,People,51.8,51.1,52.3,0.0,47.7,52.3,0.0,50.0,51.1,52.9,-84,14.0
2026-01-27 19:07:05,Pasillo de Salones,56.6,Background Noise,52.9,52.8,53.4,0.0,90.8,9.2,0.0,51.0,52.7,54.5,-80,13.3
2026-01-27 19:07:26,Main Lobby,66.9,People,52.7,52.2,53.3,53.6,55.8,42.9,1.3,40.9,51.3,53.6,-82,16.3
2026-01-27 19:08:05,Pasillo de Salones,56.7,Background Noise,53.0,53.0,53.4,0.0,93.8,6.2,0.0,50.9,53.0,54.6,-80,14.3
2026-01-27 19:08:26,Main Lobby,64.5,People,53.1,52.0,53.6,58.6,39.2,60.4,0.4,50.3,51.8,54.8,-84,14.5
2026-01-27 19:08:39,Pasillo de Laboratorio,60.9,Background Noise,56.3,56.2,56.3,57.8,25.1,74.7,0.3,53.9,56.0,58.0,-90,13.0
2026-01-27 19:09:05,Pasillo de Salones,56.6,Background Noise,53.1,53.0,53.7,0.0,85.8,14.2,0.0,50.9,52.9,54.9,-80,14.3
2026-01-27 19:09:26,Main Lobby,64.1,People,53.0,51.5,53.6,0.0,37.9,62.1,0.0,50.4,51.7,54.5,-85,13.0
2026-01-27 19:10:05,Pasillo de Salones,61.1,Background Noise,53.6,53.4,54.5,0.0,88.7,11.3,0.0,51.6,53.1,55.0,-79,14.0
2026-01-27 19:10:26,Main Lobby,70.0,People,56.4,53.4,57.7,0.0,40.2,59.8,0.0,51.5,53.0,59.0,-84,14.3
2026-01-27 19:11:05,Pasillo de Salones,56.9,People,53.2,53.1,53.7,0.0,85.4,14.6,0.0,51.2,52.8,55.0,-80,14.3
2026-01-27 19:11:26,Main Lobby,65.5,People,55.2,52.0,58.7,62.7,70.8,28.7,0.4,50.8,52.1,58.7,-82,16.5
2026-01-27 19:12:05,Pasillo de Salones,58.3,People,53.0,52.9,54.2,0.0,90.8,9.2,0.0,50.9,52.8,54.6,-79,13.8
2026-01-27 19:12:26,Main Lobby,68.2,People,55.1,51.8,56.9,0.0,50.0,50.0,0.0,50.9,52.7,57.4,-83,15.5
2026-01-27 19:13:05,Pasillo de Salones,57.6,Background Noise,52.8,52.8,53.0,0.0,96.7,3.3,0.0,51.0,52.6,54.4,-79,14.0
2026-01-27 19:13:26,Main Lobby,62.2,People,52.7,52.0,54.1,0.0,72.5,27.5,0.0,50.9,52.1,53.5,-83,10.3
2026-01-27 19:13:39,Pasillo de Laboratorio,60.7,People,56.3,56.3,56.3,0.0,14.7,85.3,0.0,53.9,56.0,58.1,-91,11.5
2026-01-27 19:14:05,Pasillo de Salones,56.8,Background Noise,52.9,52.8,53.5,0.0,89.6,10.4,0.0,50.9,52.7,54.6,-80,11.3
2026-01-27 19:14:26,Main Lobby,63.8,People,55.6,52.6,56.4,51.9,27.5,71.7,0.8,51.6,53.5,58.5,-82,14.5
2026-01-27 19:15:05,Pasillo de Salones,56.8,Background Noise,52.7,52.7,52.9,0.0,95.0,5.0,0.0,50.6,52.5,54.4,-80,13.5
2026-01-27 19:15:27,Main Lobby,65.5,People,58.0,55.9,58.1,0.0,5.0,95.0,0.0,53.6,56.5,60.7,-83,15.8
2026-01-27 19:16:05,Pasillo de Salones,56.7,Background Noise,53.0,52.9,53.5,55.2,85.8,13.3,0.8,51.0,52.8,54.6,-81,13.8
2026-01-27 19:16:27,Main Lobby,75.3,People,65.7,64.5,65.7,0.0,1.2,98.8,0.0,57.0,62.7,69.3,-83,16.0
2026-01-27 19:17:05,Pasillo de Salones,57.2,People,53.2,53.1,53.7,0.0,87.1,12.9,0.0,51.1,52.9,54.9,-80,13.8
2026-01-27 19:17:27,Main Lobby,70.8,People,63.3,60.8,63.4,0.0,2.5,97.5,0.0,57.6,62.0,66.3,-83,15.5
2026-01-27 19:18:05,Pasillo de Salones,57.7,People,53.0,52.9,53.5,0.0,75.8,24.2,0.0,51.0,52.8,54.7,-80,14.0
2026-01-27 19:18:27,Main Lobby,64.4,People,55.7,53.4,55.9,0.0,10.4,89.6,0.0,51.4,53.9,58.7,-86,14.8
2026-01-27 19:18:39,Pasillo de Laboratorio,61.3,People,56.4,56.1,56.4,57.8,15.7,84.0,0.2,53.8,56.1,58.2,-89,13.5
2026-01-27 19:19:05,Pasillo de Salones,57.8,People,53.2,53.2,53.4,0.0,84.6,15.4,0.0,51.1,52.9,54.7,-81,11.3
2026-01-27 19:19:27,Main Lobby,61.8,Background Noise,52.4,50.7,53.7,0.0,52.9,47.1,0.0,40.3,51.1,55.6,-83,10.8
2026-01-27 19:20:05,Pasillo de Salones,57.7,Background Noise,52.8,52.8,52.8,0.0,95.4,4.6,0.0,50.8,52.6,54.3,-80,13.8
2026-01-27 19:20:27,Main Lobby,56.6,People,49.0,48.4,50.0,51.8,70.0,29.6,0.4,40.3,50.2,51.7,-83,16.3
2026-01-27 19:21:05,Pasillo de Salones,56.7,People,53.4,53.1,54.0,0.0,71.7,28.3,0.0,51.4,53.2,54.9,-81,14.0
2026-01-27 19:21:27,Main Lobby,62.6,People,49.6,48.5,51.1,0.0,63.9,36.1,0.0,40.3,50.2,51.7,-83,15.8
2026-01-27 19:22:05,Pasillo de Salones,57.2,People,53.2,53.0,54.1,0.0,79.2,20.8,0.0,51.1,53.0,54.7,-81,13.5
2026-01-27 19:22:27,Main Lobby,57.8,People,48.9,48.2,51.6,0.0,84.6,15.4,0.0,40.2,50.0,51.5,-86,15.5
2026-01-27 19:23:05,Pasillo de Salones,56.9,People,53.3,53.0,54.1,0.0,75.9,24.1,0.0,51.0,53.1,55.0,-81,13.8
2026-01-27 19:23:27,Main Lobby,59.5,People,50.6,48.8,53.0,0.0,67.9,32.1,0.0,40.2,50.5,53.3,-83,14.8
2026-01-27 19:23:39,Pasillo de Laboratorio,61.1,Background Noise,56.4,56.4,56.4,0.0,20.1,79.9,0.0,54.0,56.1,58.1,-91,13.8
2026-01-27 19:24:06,Pasillo de Salones,56.8,Background Noise,53.3,53.2,53.3,0.0,73.7,26.2,0.0,51.1,53.0,54.9,-81,13.5
2026-01-27 19:24:27,Main Lobby,63.1,People,50.3,49.3,51.7,0.0,66.7,33.3,0.0,40.5,50.4,52.2,-83,14.3
2026-01-27 19:25:06,Pasillo de Salones,56.2,Background Noise,53.3,53.0,53.7,0.0,66.2,33.7,0.0,51.1,53.1,55.0,-80,13.8
2026-01-27 19:25:27,Main Lobby,59.9,Background Noise,51.0,50.2,52.2,0.0,64.3,35.7,0.0,40.6,50.9,52.7,-82,16.0
2026-01-27 19:26:06,Pasillo de Salones,59.7,People,54.6,53.7,55.2,0.0,44.6,55.4,0.0,52.2,54.1,56.3,-81,13.8
2026-01-27 19:26:27,Main Lobby,72.7,Background Noise,53.9,54.2,53.5,54.3,50.4,48.7,0.8,40.5,51.3,54.7,-85,12.0
2026-01-27 19:27:06,Pasillo de Salones,60.6,People,54.8,54.0,55.0,0.0,22.4,77.6,0.0,52.5,54.4,56.3,-79,14.3
2026-01-27 19:27:27,Main Lobby,61.0,People,53.0,51.6,53.5,0.0,27.1,72.9,0.0,50.5,52.2,55.3,-83,11.0
2026-01-27 19:28:06,Pasillo de Salones,60.5,People,54.8,54.1,55.0,53.4,23.7,75.4,0.8,52.7,54.4,56.5,-79,13.8
2026-01-27 19:28:27,Main Lobby,60.5,People,53.2,51.9,53.9,0.0,40.0,60.0,0.0,50.4,52.6,54.8,-84,13.8
2026-01-27 19:28:39,Pasillo de Laboratorio,60.7,People,56.4,56.4,56.4,0.0,16.2,83.8,0.0,53.9,56.1,58.2,-91,13.0
2026-01-27 19:29:06,Pasillo de Salones,57.6,People,53.5,53.1,53.9,0.0,54.6,45.4,0.0,51.4,53.2,55.0,-81,13.5
2026-01-27 19:29:27,Main Lobby,61.4,People,52.2,51.1,52.5,0.0,27.5,72.5,0.0,50.1,51.8,53.9,-82,15.8
2026-01-27 19:30:06,Pasillo de Salones,63.4,People,54.1,53.2,55.6,0.0,68.7,31.2,0.0,51.0,53.2,56.2,-80,13.0
2026-01-27 19:30:27,Main Lobby,62.2,People,53.5,50.8,54.0,0.0,22.9,77.1,0.0,40.8,52.3,56.6,-83,16.3
2026-01-27 19:31:06,Pasillo de Salones,61.0,People,55.1,53.8,56.3,0.0,56.7,43.3,0.0,51.7,54.0,57.7,-80,12.0
2026-01-27 19:31:27,Main Lobby,63.8,People,55.6,55.6,55.7,55.3,12.0,87.6,0.4,51.7,53.6,59.1,-84,14.3
2026-01-27 19:32:06,Pasillo de Salones,66.7,People,57.1,54.8,58.0,0.0,35.8,64.2,0.0,52.7,55.4,59.4,-81,13.5
2026-01-27 19:32:27,Main Lobby,63.6,People,55.0,51.4,55.5,0.0,18.3,81.7,0.0,50.5,52.5,58.0,-82,16.5
2026-01-27 19:33:06,Pasillo de Salones,65.0,People,55.1,53.1,55.7,0.0,28.6,71.4,0.0,51.7,54.3,57.1,-80,13.3
2026-01-27 19:33:27,Main Lobby,63.6,Background Noise,52.7,50.6,54.5,0.0,58.3,41.7,0.0,40.6,51.3,55.7,-83,15.5
2026-01-27 19:33:39,Pasillo de Laboratorio,60.7,People,56.3,56.1,56.3,0.0,14.3,85.8,0.0,53.8,56.1,57.9,-90,13.5
2026-01-27 19:34:06,Pasillo de Salones,56.9,People,53.5,53.2,53.8,53.8,56.2,43.3,0.4,51.4,53.3,55.1,-81,13.3
2026-01-27 19:34:28,Main Lobby,61.9,People,50.3,49.2,51.3,0.0,53.3,46.7,0.0,40.4,50.5,52.2,-82,14.3
2026-01-27 19:35:06,Pasillo de Salones,58.4,Background Noise,53.8,53.2,54.1,0.0,38.3,61.7,0.0,51.5,53.6,55.4,-81,11.8
2026-01-27 19:35:28,Main Lobby,68.1,Background Noise,52.7,53.0,51.9,56.5,50.2,47.3,2.5,40.4,50.9,53.6,-83,11.3
2026-01-27 19:36:06,Pasillo de Salones,58.6,People,53.8,53.4,54.1,0.0,48.3,51.7,0.0,51.5,53.6,55.4,-81,13.8
2026-01-27 19:36:28,Main Lobby,60.5,Background Noise,49.2,49.1,49.6,0.0,79.6,20.4,0.0,40.4,50.2,51.2,-86,14.0
2026-01-27 19:37:06,Pasillo de Salones,56.7,People,53.3,52.8,54.0,0.0,62.9,37.1,0.0,51.2,53.1,55.1,-81,13.5
2026-01-27 19:37:28,Main Lobby,60.0,People,49.1,48.2,51.1,0.0,75.4,24.6,0.0,40.2,50.0,51.5,-85,14.0
2026-01-27 19:38:06,Pasillo de Salones,61.6,People,54.2,53.1,54.9,0.0,49.0,51.0,0.0,51.5,53.5,55.9,-80,13.8
2026-01-27 19:38:28,Main Lobby,67.7,People,53.2,51.7,54.9,57.2,65.4,32.1,2.5,40.5,50.7,54.0,-83,16.0
2026-01-27 19:38:40,Pasillo de Laboratorio,60.6,People,56.3,56.3,56.3,0.0,15.1,84.9,0.0,53.9,56.2,58.0,-91,13.8
2026-01-27 19:39:06,Pasillo de Salones,58.1,People,53.9,53.0,54.3,54.7,31.2,68.3,0.4,51.6,53.7,55.6,-81,13.8
2026-01-27 19:39:28,Main Lobby,60.4,People,48.8,48.4,50.0,0.0,77.9,22.1,0.0,40.2,50.0,51.4,-84,15.8
2026-01-27 19:40:06,Pasillo de Salones,57.1,Background Noise,53.5,53.3,53.7,53.7,46.7,52.5,0.8,51.5,53.3,55.0,-80,13.8
2026-01-27 19:40:28,Main Lobby,63.8,People,52.2,50.4,54.1,54.5,60.8,38.7,0.4,40.5,50.8,54.4,-84,13.8
2026-01-27 19:41:06,Pasillo de Salones,56.5,Background Noise,53.5,53.1,53.8,0.0,42.1,57.9,0.0,51.6,53.2,55.1,-80,11.0
2026-01-27 19:41:28,Main Lobby,61.2,People,50.5,49.7,51.2,0.0,53.9,46.1,0.0,40.5,50.6,52.2,-83,15.0
2026-01-27 19:42:06,Pasillo de Salones,59.7,People,53.7,53.4,54.1,0.0,55.2,44.8,0.0,51.7,53.5,55.4,-80,14.0
2026-01-27 19:42:28,Main Lobby,68.0,People,53.5,50.1,54.7,52.3,38.7,60.8,0.4,40.7,51.4,55.7,-83,15.8
2026-01-27 19:43:07,Pasillo de Salones,63.6,People,56.1,54.8,57.0,0.0,47.1,52.9,0.0,53.0,55.2,58.3,-80,13.8
2026-01-27 19:43:28,Main Lobby,71.4,People,57.0,55.1,57.4,54.9,19.2,80.4,0.4,52.1,55.2,59.3,-83,16.3
2026-01-27 19:43:40,Pasillo de Laboratorio,60.5,People,56.3,56.2,56.3,0.0,16.1,83.9,0.0,53.9,55.9,58.1,-93,13.0
2026-01-27 19:44:07,Pasillo de Salones,60.7,Background Noise,54.7,54.4,55.3,0.0,70.4,29.6,0.0,52.1,54.2,56.4,-80,14.0
2026-01-27 19:44:28,Main Lobby,66.6,People,55.4,53.2,55.9,0.0,22.5,77.5,0.0,51.5,53.5,58.1,-82,14.0
2026-01-27 19:45:07,Pasillo de Salones,59.6,Background Noise,53.8,53.6,54.4,56.4,74.2,25.0,0.8,51.6,53.4,55.4,-79,14.0
2026-01-27 19:45:28,Main Lobby,71.1,People,52.9,50.5,54.8,0.0,58.1,41.9,0.0,40.7,51.0,52.5,-82,10.3
2026-01-27 19:46:07,Pasillo de Salones,65.3,People,56.1,54.8,56.4,56.7,22.9,76.2,0.8,52.5,54.9,58.6,-79,13.8
2026-01-27 19:46:28,Main Lobby,67.7,People,55.6,52.5,56.4,0.0,28.3,71.7,0.0,40.9,51.6,59.8,-85,12.8
2026-01-27 19:47:07,Pasillo de Salones,59.7,People,55.0,54.0,55.1,0.0,8.3,91.7,0.0,52.5,54.6,56.9,-80,14.0
2026-01-27 19:47:28,Main Lobby,69.1,People,61.8,52.1,62.0,0.0,2.9,97.1,0.0,52.7,59.6,66.0,-83,16.0
2026-01-27 19:48:07,Pasillo de Salones,59.0,People,54.4,53.0,54.5,0.0,8.3,91.7,0.0,52.3,54.1,55.9,-80,13.5
2026-01-27 19:48:28,Main Lobby,71.4,People,60.9,54.7,61.5,0.0,17.5,82.5,0.0,50.0,57.7,65.3,-83,15.8
2026-01-27 19:48:40,Pasillo de Laboratorio,61.0,People,56.3,56.3,56.3,0.0,16.5,83.5,0.0,53.9,56.0,58.0,-90,13.5
2026-01-27 19:49:07,Pasillo de Salones,58.1,People,54.2,53.7,54.2,56.0,13.3,85.0,1.7,52.0,54.0,55.8,-79,13.8
2026-01-27 19:49:28,Main Lobby,70.6,People,61.1,55.2,61.7,55.7,16.3,82.9,0.8,51.2,57.5,65.3,-83,10.5
2026-01-27 19:50:07,Pasillo de Salones,61.6,People,55.0,53.9,55.2,0.0,14.6,85.4,0.0,52.5,54.6,56.6,-79,14.3
2026-01-27 19:50:28,Main Lobby,70.9,People,59.3,55.0,59.9,0.0,17.8,82.2,0.0,51.3,56.2,62.3,-81,14.0
2026-01-27 19:51:07,Pasillo de Salones,66.9,People,57.3,54.7,57.8,54.1,17.1,82.5,0.4,53.4,55.8,59.6,-80,14.0
2026-01-27 19:51:28,Main Lobby,58.0,People,51.7,50.2,52.2,0.0,25.0,75.0,0.0,40.7,51.5,53.7,-83,16.3
2026-01-27 19:52:07,Pasillo de Salones,64.8,People,57.3,55.5,57.5,0.0,15.8,84.2,0.0,53.3,55.8,60.0,-79,13.8
2026-01-27 19:52:28,Main Lobby,75.0,People,56.5,52.6,57.3,55.8,25.8,73.7,0.4,41.0,52.0,56.4,-84,14.0
2026-01-27 19:53:07,Pasillo de Salones,69.8,People,60.3,57.4,61.4,0.0,37.5,62.5,0.0,53.5,58.0,63.8,-79,13.8
2026-01-27 19:53:28,Main Lobby,69.6,People,55.0,49.5,55.9,0.0,24.6,75.4,0.0,40.5,52.1,57.4,-82,16.0
2026-01-27 19:53:43,Pasillo de Laboratorio,67.7,Background Noise,56.4,56.8,56.3,66.1,16.0,83.9,0.1,53.9,56.0,58.2,-90,13.5
2026-01-27 19:54:07,Pasillo de Salones,69.5,People,58.4,55.3,59.5,0.0,34.6,65.4,0.0,52.5,56.2,61.1,-80,13.8
2026-01-27 19:54:29,Main Lobby,68.5,People,54.6,49.2,55.4,51.3,21.7,77.9,0.4,40.6,51.8,57.1,-84,13.8
2026-01-27 19:55:07,Pasillo de Salones,69.0,People,59.0,54.1,59.6,51.9,17.5,82.1,0.4,52.8,56.5,62.5,-80,12.0
2026-01-27 19:55:29,Main Lobby,64.4,Background Noise,52.8,52.4,52.9,0.0,20.8,79.2,0.0,40.7,51.6,55.5,-83,15.8
2026-01-27 19:56:07,Pasillo de Salones,72.7,People,62.8,59.0,63.2,55.9,15.4,84.2,0.4,53.6,59.8,66.4,-80,13.3
2026-01-27 19:56:29,Main Lobby,69.1,People,55.9,49.8,56.3,57.2,12.4,86.3,1.2,40.9,51.7,57.3,-83,16.0
2026-01-27 19:57:07,Pasillo de Salones,71.7,People,63.1,59.3,63.4,0.0,10.0,90.0,0.0,54.0,61.4,66.6,-79,13.8
2026-01-27 19:57:29,Main Lobby,64.3,People,53.2,50.4,53.5,50.2,13.8,85.8,0.4,40.7,52.0,56.1,-83,10.8
2026-01-27 19:58:07,Pasillo de Salones,73.6,People,63.5,56.9,63.8,0.0,7.1,92.9,0.0,54.4,60.7,67.0,-81,13.5
2026-01-27 19:58:29,Main Lobby,56.5,People,49.9,48.0,50.4,0.0,27.9,72.1,0.0,40.3,50.4,52.4,-82,16.3
2026-01-27 19:58:40,Pasillo de Laboratorio,61.1,People,56.5,56.5,56.5,56.2,18.6,81.3,0.2,54.1,56.2,58.2,-90,13.8
2026-01-27 19:59:07,Pasillo de Salones,70.2,People,61.5,57.5,61.8,0.0,8.3,91.7,0.0,53.5,58.7,65.1,-79,14.0
2026-01-27 19:59:29,Main Lobby,55.9,People,48.3,46.6,49.8,0.0,54.6,45.4,0.0,40.1,41.0,51.6,-83,15.8
2026-01-27 20:00:07,Pasillo de Salones,74.2,People,63.5,56.4,63.8,60.6,7.9,91.7,0.4,54.0,60.6,67.3,-79,13.8
2026-01-27 20:00:29,Main Lobby,56.4,People,49.8,48.0,50.2,0.0,25.7,74.3,0.0,40.3,50.4,51.9,-84,14.0
2026-01-27 20:01:07,Pasillo de Salones,73.5,People,63.9,59.4,64.1,0.0,7.1,92.9,0.0,56.3,61.8,67.3,-79,14.0
2026-01-27 20:01:29,Main Lobby,67.6,People,55.1,48.5,56.5,0.0,32.5,67.5,0.0,40.3,50.8,57.2,-82,14.3
2026-01-27 20:02:07,Pasillo de Salones,72.5,People,63.0,61.9,63.1,0.0,7.5,92.5,0.0,56.9,61.2,66.1,-80,13.5
2026-01-27 20:02:29,Main Lobby,59.5,People,51.6,50.3,52.0,0.0,23.7,76.2,0.0,40.4,51.2,54.1,-83,16.0
2026-01-27 20:03:08,Pasillo de Salones,72.8,People,59.9,54.4,61.3,0.0,33.7,66.2,0.0,51.8,55.1,63.5,-79,9.8
2026-01-27 20:03:29,Main Lobby,55.8,People,49.0,47.4,50.9,0.0,64.2,35.8,0.0,40.3,50.1,52.1,-83,15.8
2026-01-27 20:03:40,Pasillo de Laboratorio,61.5,People,56.3,56.4,56.3,0.0,14.0,86.0,0.0,53.9,56.0,58.2,-90,12.0
2026-01-27 20:04:08,Pasillo de Salones,59.6,People,54.1,53.1,55.2,54.6,58.3,40.8,0.8,51.4,53.4,56.6,-80,13.5
2026-01-27 20:04:29,Main Lobby,60.1,People,50.5,48.2,52.9,54.1,64.6,35.0,0.4,40.2,50.2,54.1,-83,10.8
2026-01-27 20:05:08,Pasillo de Salones,62.8,Background Noise,54.3,53.9,54.9,54.4,59.6,40.0,0.4,51.7,53.6,55.9,-79,14.3
2026-01-27 20:05:29,Main Lobby,59.1,People,48.4,47.6,51.2,51.5,84.6,14.2,1.3,40.1,40.9,51.5,-82,16.5
2026-01-27 20:06:08,Pasillo de Salones,63.0,People,54.6,53.9,55.0,53.8,38.7,60.4,0.8,51.4,53.8,56.5,-79,10.8
2026-01-27 20:06:29,Main Lobby,58.6,People,48.2,46.3,52.9,41.0,83.8,15.8,0.4,40.1,40.7,51.4,-82,14.3
2026-01-27 20:07:08,Pasillo de Salones,63.6,People,55.2,53.8,55.7,56.1,29.9,69.7,0.4,52.3,54.2,57.6,-80,14.0
2026-01-27 20:07:29,Main Lobby,59.6,People,50.0,47.3,52.3,0.0,60.8,39.2,0.0,40.2,50.0,53.7,-82,15.8
2026-01-27 20:08:08,Pasillo de Salones,58.5,People,53.4,53.3,53.8,0.0,68.3,31.7,0.0,51.3,53.3,55.0,-80,13.8
2026-01-27 20:08:29,Main Lobby,63.6,People,50.7,48.6,53.5,0.0,70.0,30.0,0.0,40.3,50.2,54.1,-85,12.3
2026-01-27 20:08:40,Pasillo de Laboratorio,60.5,People,56.4,56.3,56.4,0.0,14.2,85.8,0.0,54.0,56.1,58.2,-90,11.5
2026-01-27 20:09:08,Pasillo de Salones,60.9,People,55.4,54.2,56.3,54.2,46.2,52.9,0.8,52.1,54.6,57.9,-80,13.5
2026-01-27 20:09:29,Main Lobby,58.7,People,50.5,49.1,51.4,0.0,48.3,51.7,0.0,40.4,50.4,52.7,-83,15.5
2026-01-27 20:10:08,Pasillo de Salones,57.1,People,53.4,53.2,53.5,0.0,44.2,55.8,0.0,51.2,53.2,55.1,-80,14.0
2026-01-27 20:10:29,Main Lobby,58.9,People,50.1,49.7,50.5,0.0,61.8,38.2,0.0,40.5,50.6,52.1,-83,15.8
2026-01-27 20:11:08,Pasillo de Salones,62.7,Background Noise,53.9,53.7,53.9,0.0,25.4,74.6,0.0,51.6,53.5,55.3,-81,13.8
2026-01-27 20:11:29,Main Lobby,58.2,People,50.8,50.7,51.0,51.8,47.9,51.7,0.4,40.6,50.9,53.0,-83,16.0
2026-01-27 20:12:08,Pasillo de Salones,57.3,People,53.9,53.5,54.0,55.3,14.6,85.0,0.4,51.9,53.7,55.7,-80,13.3
2026-01-27 20:12:29,Main Lobby,62.0,People,53.0,51.7,53.8,57.9,48.3,51.2,0.4,41.0,51.7,55.9,-85,11.5
2026-01-27 20:13:08,Pasillo de Salones,57.7,People,54.0,53.2,54.4,0.0,40.7,59.3,0.0,51.5,53.7,56.0,-80,14.0
2026-01-27 20:13:29,Main Lobby,61.1,People,52.9,51.8,55.1,53.6,74.2,25.4,0.4,50.0,51.8,55.3,-83,15.8
2026-01-27 20:13:40,Pasillo de Laboratorio,61.8,Background Noise,56.6,56.8,56.5,0.0,49.9,50.1,0.0,54.1,56.3,58.4,-91,13.0
2026-01-27 20:14:08,Pasillo de Salones,60.6,Background Noise,53.7,53.2,54.2,55.1,50.0,48.3,1.7,51.4,53.2,55.6,-80,12.3
2026-01-27 20:14:30,Main Lobby,57.0,People,51.3,51.1,51.9,0.0,74.6,25.4,0.0,50.1,51.3,52.8,-83,15.8
2026-01-27 20:15:08,Pasillo de Salones,58.9,People,54.0,53.1,54.2,52.6,24.2,75.4,0.4,51.5,53.7,55.8,-81,13.3
2026-01-27 20:15:30,Main Lobby,56.2,People,50.8,50.5,51.7,0.0,83.4,16.6,0.0,40.8,50.9,52.4,-81,10.8
2026-01-27 20:16:08,Pasillo de Salones,58.0,People,54.0,52.9,54.0,0.0,6.7,93.3,0.0,51.7,53.8,55.9,-80,13.8
2026-01-27 20:16:30,Main Lobby,59.9,People,51.3,50.7,52.9,0.0,79.2,20.8,0.0,40.8,51.2,52.7,-83,15.8
2026-01-27 20:17:08,Pasillo de Salones,56.6,Background Noise,53.7,53.5,53.8,0.0,36.1,63.9,0.0,51.8,53.6,55.1,-80,13.8
2026-01-27 20:17:30,Main Lobby,54.8,Background Noise,48.1,48.1,48.1,0.0,95.8,4.2,0.0,40.1,40.9,51.6,-82,14.3
2026-01-27 20:18:08,Pasillo de Salones,59.2,People,54.0,53.4,54.3,54.9,32.5,67.1,0.4,51.8,53.7,55.7,-81,14.0
2026-01-27 20:18:30,Main Lobby,53.3,Background Noise,46.6,46.7,40.6,0.0,99.6,0.4,0.0,40.1,40.6,50.7,-82,15.3
2026-01-27 20:18:41,Pasillo de Laboratorio,61.0,People,56.5,56.6,56.4,0.0,20.9,79.1,0.0,53.9,56.2,58.3,-91,13.8
2026-01-27 20:19:08,Pasillo de Salones,59.5,People,54.4,53.1,54.5,54.6,7.9,91.7,0.4,52.2,54.1,56.0,-80,13.3
2026-01-27 20:19:30,Main Lobby,56.1,People,47.9,47.4,49.8,48.9,81.7,15.8,2.5,40.2,40.9,51.5,-82,15.5
2026-01-27 20:20:08,Pasillo de Salones,58.0,People,54.0,53.6,54.2,53.7,30.4,69.2,0.4,52.0,53.8,55.7,-81,13.3
2026-01-27 20:20:30,Main Lobby,57.7,People,47.9,47.4,51.0,51.7,90.8,8.8,0.4,40.1,40.9,51.0,-83,16.0
2026-01-27 20:21:08,Pasillo de Salones,58.8,People,54.5,53.4,54.8,0.0,24.2,75.8,0.0,52.2,54.2,56.2,-80,11.5
2026-01-27 20:21:30,Main Lobby,58.8,People,47.4,47.0,50.1,0.0,90.9,9.1,0.0,40.1,40.7,50.9,-83,15.8
2026-01-27 20:22:08,Pasillo de Salones,57.2,People,54.2,53.3,54.4,0.0,22.5,77.5,0.0,51.9,53.9,55.9,-80,14.0
2026-01-27 20:22:30,Main Lobby,59.3,People,50.2,49.5,52.0,0.0,77.5,22.5,0.0,40.3,50.6,52.4,-82,10.8
2026-01-27 20:23:09,Pasillo de Salones,58.8,People,54.0,53.3,54.2,53.3,24.9,74.3,0.8,52.0,53.6,55.7,-81,13.3
2026-01-27 20:23:30,Main Lobby,61.3,People,53.0,52.0,53.5,0.0,39.2,60.8,0.0,51.0,52.4,54.8,-82,16.0
2026-01-27 20:23:41,Pasillo de Laboratorio,60.7,People,56.5,56.4,56.5,0.0,18.4,81.6,0.0,54.2,56.2,58.2,-91,13.3
2026-01-27 20:24:09,Pasillo de Salones,65.1,People,55.7,53.5,55.7,0.0,1.7,98.3,0.0,52.9,55.1,57.2,-80,14.0
2026-01-27 20:24:30,Main Lobby,58.1,People,53.0,52.3,53.8,0.0,62.1,37.9,0.0,51.0,52.6,54.5,-83,14.8
2026-01-27 20:25:09,Pasillo de Salones,62.5,People,54.5,53.4,54.7,0.0,15.8,84.2,0.0,51.9,54.2,56.0,-81,14.0
2026-01-27 20:25:30,Main Lobby,56.9,People,52.5,52.1,53.2,51.6,69.6,30.0,0.4,50.8,52.1,53.8,-84,14.0
2026-01-27 20:26:09,Pasillo de Salones,56.9,People,53.6,53.0,53.8,0.0,33.7,66.2,0.0,51.4,53.2,55.3,-80,13.8
2026-01-27 20:26:30,Main Lobby,62.6,Vehicle,54.0,53.5,54.3,60.3,59.2,40.0,0.8,51.3,52.9,56.2,-82,16.3
2026-01-27 20:27:09,Pasillo de Salones,65.7,People,54.3,53.2,54.6,0.0,17.0,83.0,0.0,52.0,53.9,55.7,-81,13.8
2026-01-27 20:27:30,Main Lobby,57.9,People,52.2,51.6,53.0,0.0,59.8,40.2,0.0,50.5,51.9,53.5,-83,15.8
2026-01-27 20:28:09,Pasillo de Salones,57.4,People,53.7,52.8,53.9,0.0,19.2,80.8,0.0,51.6,53.5,55.1,-81,14.0
2026-01-27 20:28:30,Main Lobby,56.3,Background Noise,50.8,50.9,50.7,0.0,60.4,39.6,0.0,40.6,51.2,52.5,-83,15.8
2026-01-27 20:28:41,Pasillo de Laboratorio,60.7,People,56.5,56.5,56.5,0.0,20.6,79.4,0.0,54.0,56.2,58.3,-90,13.5
2026-01-27 20:29:09,Pasillo de Salones,57.5,People,53.5,52.9,53.7,0.0,29.6,70.4,0.0,51.3,53.3,55.0,-79,15.8
2026-01-27 20:29:30,Main Lobby,52.3,Background Noise,47.4,47.2,48.2,0.0,84.6,15.4,0.0,40.1,40.8,51.1,-83,16.0
2026-01-27 20:30:09,Pasillo de Salones,58.4,Background Noise,53.8,53.5,53.9,0.0,25.0,75.0,0.0,51.6,53.5,55.5,-80,16.0
2026-01-27 20:30:30,Main Lobby,53.1,Background Noise,48.0,48.0,48.0,0.0,79.2,20.8,0.0,40.2,41.0,51.1,-83,10.5
2026-01-27 20:31:09,Pasillo de Salones,68.7,People,56.1,55.3,56.2,0.0,12.1,87.9,0.0,52.7,54.8,57.7,-80,14.8
2026-01-27 20:31:30,Main Lobby,58.1,People,50.7,49.4,53.3,0.0,77.9,22.1,0.0,40.2,50.4,52.8,-83,16.0
2026-01-27 20:32:09,Pasillo de Salones,61.9,People,55.2,54.5,55.6,53.0,40.7,58.9,0.4,52.4,54.4,57.3,-81,15.3
2026-01-27 20:32:30,Main Lobby,57.0,People,51.1,50.7,51.8,50.4,64.6,34.6,0.8,40.5,51.0,53.7,-82,16.3
2026-01-27 20:33:09,Pasillo de Salones,61.8,People,54.4,52.9,54.5,0.0,7.1,92.9,0.0,52.2,54.1,55.9,-81,14.3
2026-01-27 20:33:30,Main Lobby,57.5,People,50.2,48.5,51.5,0.0,52.3,47.7,0.0,40.4,50.4,53.0,-85,12.3
2026-01-27 20:33:41,Pasillo de Laboratorio,61.0,People,56.5,56.6,56.5,0.0,20.7,79.3,0.0,54.1,56.2,58.4,-90,14.3
2026-01-27 20:34:09,Pasillo de Salones,57.4,People,54.2,53.0,54.3,0.0,6.7,93.3,0.0,52.0,54.0,55.9,-80,10.8
2026-01-27 20:34:30,Main Lobby,59.3,People,50.9,49.3,52.1,0.0,52.5,47.5,0.0,40.4,50.9,53.3,-82,14.8
2026-01-27 20:35:09,Pasillo de Salones,64.1,People,54.4,53.8,54.6,53.8,30.0,69.6,0.4,51.7,53.7,56.0,-81,14.0
2026-01-27 20:35:30,Main Lobby,58.9,Background Noise,49.6,49.4,50.1,0.0,67.9,32.1,0.0,40.3,50.3,52.0,-83,16.0
2026-01-27 20:36:09,Pasillo de Salones,59.8,People,53.9,53.3,54.0,0.0,25.0,75.0,0.0,52.0,53.6,55.3,-81,13.5
2026-01-27 20:36:31,Main Lobby,59.2,People,49.1,48.9,50.5,0.0,87.9,12.1,0.0,40.2,50.0,51.7,-83,15.5
2026-01-27 20:37:09,Pasillo de Salones,59.6,People,53.9,53.8,53.9,0.0,14.2,85.8,0.0,51.6,53.7,55.4,-81,14.8
2026-01-27 20:37:31,Main Lobby,59.4,Background Noise,49.8,49.5,51.4,0.0,84.2,15.8,0.0,40.3,50.3,52.3,-83,10.8
2026-01-27 20:38:09,Pasillo de Salones,58.1,People,54.7,54.0,54.8,0.0,11.2,88.8,0.0,53.0,54.4,56.3,-80,14.8
2026-01-27 20:38:31,Main Lobby,57.5,Background Noise,49.9,49.1,51.8,0.0,78.3,21.7,0.0,40.3,50.4,52.7,-82,16.0
2026-01-27 20:38:41,Pasillo de Laboratorio,61.4,People,56.7,56.8,56.6,0.0,18.0,82.0,0.0,54.2,56.4,58.5,-90,13.3
2026-01-27 20:39:09,Pasillo de Salones,57.6,People,54.5,53.8,54.6,55.7,9.6,89.2,1.3,52.5,54.4,56.1,-81,15.0
2026-01-27 20:39:31,Main Lobby,60.4,People,51.6,50.9,53.7,53.3,80.4,19.2,0.4,40.7,51.2,53.5,-84,14.3
2026-01-27 20:40:09,Pasillo de Salones,61.0,People,55.2,53.9,55.7,54.7,30.8,68.7,0.4,51.8,54.4,57.6,-79,12.5
2026-01-27 20:40:31,Main Lobby,60.9,People,52.3,51.9,53.4,0.0,77.9,22.1,0.0,50.4,51.7,53.5,-86,15.8
2026-01-27 20:41:09,Pasillo de Salones,71.8,People,61.6,58.8,62.3,59.5,24.6,75.0,0.4,54.8,58.6,64.8,-80,16.3
2026-01-27 20:41:31,Main Lobby,67.6,People,57.4,55.1,57.8,0.0,19.2,80.8,0.0,52.2,55.1,60.3,-85,11.0
2026-01-27 20:42:10,Pasillo de Salones,66.6,People,55.0,53.6,55.7,0.0,39.2,60.8,0.0,51.4,53.5,56.7,-80,13.0
2026-01-27 20:42:31,Main Lobby,60.2,People,52.2,51.8,53.3,0.0,76.7,23.3,0.0,50.2,51.8,53.6,-83,16.0
2026-01-27 20:43:10,Pasillo de Salones,56.1,Background Noise,52.8,52.7,53.0,0.0,60.4,39.6,0.0,50.6,52.7,54.6,-80,14.5
2026-01-27 20:43:31,Main Lobby,63.2,People,51.8,51.3,55.0,0.0,90.0,10.0,0.0,41.0,51.4,53.0,-84,14.0
2026-01-27 20:43:41,Pasillo de Laboratorio,61.4,People,56.5,56.3,56.5,61.1,21.4,78.5,0.1,54.0,56.3,58.3,-97,12.8
2026-01-27 20:44:10,Pasillo de Salones,57.5,Background Noise,53.1,52.7,53.7,0.0,61.0,39.0,0.0,50.9,52.6,55.1,-80,16.5
2026-01-27 20:44:31,Main Lobby,56.9,People,51.9,50.9,53.2,52.8,64.6,35.0,0.4,40.8,51.5,54.3,-83,16.3
2026-01-27 20:45:10,Pasillo de Salones,56.7,Background Noise,52.9,52.5,53.4,0.0,55.8,44.2,0.0,50.9,52.7,54.6,-80,13.0
2026-01-27 20:45:31,Main Lobby,57.1,Background Noise,50.2,49.8,51.5,0.0,79.6,20.4,0.0,40.5,50.6,52.2,-83,15.5
2026-01-27 20:46:10,Pasillo de Salones,56.5,Background Noise,52.8,52.7,53.4,0.0,84.2,15.8,0.0,51.0,52.4,54.5,-80,16.0
2026-01-27 20:46:31,Main Lobby,53.0,People,47.9,47.9,47.7,0.0,80.9,19.1,0.0,40.2,40.8,51.2,-83,15.3
2026-01-27 20:47:10,Pasillo de Salones,57.0,People,52.8,52.6,53.3,0.0,68.3,31.7,0.0,50.8,52.6,54.5,-80,14.8
2026-01-27 20:47:31,Main Lobby,54.9,People,49.0,48.6,49.6,0.0,67.1,32.9,0.0,40.2,50.1,52.0,-84,15.3
2026-01-27 20:48:10,Pasillo de Salones,57.0,People,52.9,52.7,53.1,54.3,45.4,54.2,0.4,50.9,52.7,54.5,-80,16.0
2026-01-27 20:48:31,Main Lobby,55.1,People,47.7,47.5,49.5,0.0,90.0,10.0,0.0,40.2,40.9,51.3,-83,12.0
2026-01-27 20:48:41,Pasillo de Laboratorio,60.8,People,56.5,56.3,56.6,0.0,20.4,79.6,0.0,54.2,56.2,58.3,-97,11.0
2026-01-27 20:49:10,Pasillo de Salones,56.1,People,52.7,52.5,53.0,0.0,70.0,30.0,0.0,50.5,52.6,54.4,-81,14.0
2026-01-27 20:49:31,Main Lobby,53.6,Background Noise,47.9,47.8,48.5,0.0,80.0,20.0,0.0,40.1,40.9,51.2,-85,13.8
2026-01-27 20:50:10,Pasillo de Salones,59.3,Background Noise,53.6,53.0,54.5,55.9,67.2,32.4,0.4,50.7,53.2,55.6,-80,14.5
2026-01-27 20:50:31,Main Lobby,57.4,People,47.8,47.4,48.9,0.0,76.2,23.7,0.0,40.2,40.9,51.2,-84,13.8
2026-01-27 20:51:10,Pasillo de Salones,59.9,People,54.0,53.3,55.4,59.4,72.9,26.7,0.4,51.2,53.4,55.9,-80,16.3
2026-01-27 20:51:31,Main Lobby,56.8,People,48.2,47.4,49.5,53.0,70.0,29.2,0.8,40.2,40.9,51.7,-84,14.5
2026-01-27 20:52:10,Pasillo de Salones,59.2,Background Noise,54.0,53.6,54.5,55.0,66.2,31.7,2.1,51.3,53.5,55.8,-81,14.8
2026-01-27 20:52:31,Main Lobby,57.6,Background Noise,49.9,49.2,51.7,0.0,78.0,22.0,0.0,40.3,50.4,52.6,-86,14.8
2026-01-27 20:53:10,Pasillo de Salones,60.8,Background Noise,54.3,53.8,54.8,57.5,59.6,39.6,0.8,51.7,53.8,56.1,-80,16.5
2026-01-27 20:53:31,Main Lobby,65.5,People,52.3,50.4,56.0,58.8,80.0,19.2,0.8,40.3,50.6,53.6,-83,15.8
2026-01-27 20:53:41,Pasillo de Laboratorio,62.9,Background Noise,56.7,56.7,56.6,57.7,29.0,70.2,0.8,54.0,56.4,58.5,-97,13.0
2026-01-27 20:54:10,Pasillo de Salones,66.3,People,57.2,54.5,57.9,58.1,24.5,75.1,0.4,52.4,56.0,59.7,-80,12.5
2026-01-27 20:54:31,Main Lobby,65.8,People,53.9,50.9,55.3,51.4,41.7,57.9,0.4,40.7,52.1,56.8,-83,15.8
2026-01-27 20:55:10,Pasillo de Salones,65.3,People,56.9,55.8,57.6,0.0,44.6,55.4,0.0,52.2,55.7,58.9,-80,14.8
2026-01-27 20:55:31,Main Lobby,64.9,People,56.3,50.5,57.8,54.8,35.8,63.3,0.8,40.5,53.8,60.6,-84,14.0
2026-01-27 20:56:10,Pasillo de Salones,66.4,People,56.3,52.9,58.1,0.0,49.2,50.8,0.0,51.1,53.7,59.3,-80,15.0
2026-01-27 20:56:32,Main Lobby,63.0,People,56.9,51.0,57.2,0.0,9.6,90.4,0.0,50.6,55.8,59.8,-84,14.0
2026-01-27 20:57:10,Pasillo de Salones,55.9,Background Noise,52.5,52.5,52.5,0.0,95.0,5.0,0.0,50.7,52.4,54.1,-80,14.8
2026-01-27 20:57:32,Main Lobby,54.4,People,48.6,47.9,49.9,0.0,70.4,29.6,0.0,40.2,50.0,51.6,-83,16.3
2026-01-27 20:58:10,Pasillo de Salones,57.1,Background Noise,52.5,52.5,0.0,0.0,100.0,0.0,0.0,50.3,52.4,54.3,-81,14.3
2026-01-27 20:58:32,Main Lobby,68.0,People,49.3,46.7,53.2,0.0,77.2,22.8,0.0,40.1,40.6,50.9,-84,10.3
2026-01-27 20:58:42,Pasillo de Laboratorio,61.3,People,56.4,56.5,56.4,55.8,21.7,78.2,0.1,54.0,56.1,58.2,-96,11.8
2026-01-27 20:59:10,Pasillo de Salones,56.4,Background Noise,52.3,52.3,0.0,0.0,100.0,0.0,0.0,50.1,52.3,54.2,-80,14.5
2026-01-27 20:59:32,Main Lobby,69.6,People,50.3,47.5,56.4,0.0,86.7,13.3,0.0,40.1,40.8,51.0,-84,14.0
2026-01-27 21:00:11,Pasillo de Salones,55.8,Background Noise,52.4,52.4,0.0,0.0,100.0,0.0,0.0,50.3,52.3,54.2,-80,12.3
2026-01-27 21:00:32,Main Lobby,63.1,People,52.9,49.0,55.5,40.6,58.3,41.2,0.4,40.2,50.5,57.1,-83,16.0
2026-01-27 21:01:11,Pasillo de Salones,55.7,Background Noise,52.2,52.2,0.0,0.0,100.0,0.0,0.0,50.3,52.0,53.9,-81,12.0
2026-01-27 21:01:32,Main Lobby,53.1,Background Noise,47.8,47.5,48.8,0.0,80.8,19.2,0.0,40.1,40.9,51.3,-85,14.3
2026-01-27 21:02:11,Pasillo de Salones,55.8,Background Noise,52.3,52.3,0.0,0.0,100.0,0.0,0.0,50.1,52.1,54.4,-80,12.3
2026-01-27 21:02:32,Main Lobby,54.1,Background Noise,47.6,47.5,49.1,0.0,95.4,4.6,0.0,40.1,40.8,50.9,-84,14.3
2026-01-27 21:03:11,Pasillo de Salones,56.5,Background Noise,52.3,52.3,0.0,0.0,100.0,0.0,0.0,50.2,52.2,53.8,-79,11.8
2026-01-27 21:03:32,Main Lobby,53.5,Background Noise,47.0,47.0,48.8,40.7,98.3,1.3,0.4,40.1,40.7,50.7,-84,11.0
2026-01-27 21:03:42,Pasillo de Laboratorio,60.5,People,56.5,56.3,56.5,0.0,16.8,83.2,0.0,54.1,56.2,58.3,-97,13.3
2026-01-27 21:04:11,Pasillo de Salones,56.5,Background Noise,52.5,52.6,52.3,0.0,69.6,30.4,0.0,50.3,52.3,54.2,-80,13.0
2026-01-27 21:04:32,Main Lobby,51.8,Background Noise,46.9,47.0,40.3,0.0,98.8,1.2,0.0,40.1,40.7,50.8,-86,14.5
2026-01-27 21:05:11,Pasillo de Salones,55.8,People,52.4,52.4,52.3,0.0,85.4,14.6,0.0,50.2,52.2,54.4,-80,14.8
2026-01-27 21:05:32,Main Lobby,56.8,People,47.6,47.4,51.9,0.0,97.1,2.9,0.0,40.2,40.8,51.1,-84,14.0
2026-01-27 21:06:11,Pasillo de Salones,55.9,Background Noise,52.3,52.2,52.4,0.0,83.7,16.3,0.0,50.1,52.1,53.9,-80,14.3
2026-01-27 21:06:32,Main Lobby,61.3,People,51.4,50.6,53.8,0.0,80.0,20.0,0.0,40.5,51.0,54.0,-83,16.0
2026-01-27 21:07:11,Pasillo de Salones,56.9,People,52.8,52.7,53.6,0.0,90.8,9.2,0.0,50.8,52.7,54.6,-81,14.5
2026-01-27 21:07:32,Main Lobby,63.3,People,55.6,54.8,56.0,53.8,33.7,65.8,0.4,51.3,54.2,58.7,-84,14.3
2026-01-27 21:08:11,Pasillo de Salones,56.1,Background Noise,52.3,52.3,0.0,0.0,100.0,0.0,0.0,50.2,52.1,54.0,-80,14.3
2026-01-27 21:08:32,Main Lobby,55.6,People,50.8,50.1,51.9,52.8,66.2,32.9,0.8,40.4,51.1,53.4,-85,11.3
2026-01-27 21:08:42,Pasillo de Laboratorio,61.3,People,56.5,56.4,56.5,0.0,15.2,84.8,0.0,54.1,56.2,58.2,-96,13.0
2026-01-27 21:09:11,Pasillo de Salones,55.5,Background Noise,52.2,52.2,0.0,0.0,100.0,0.0,0.0,50.2,52.2,53.9,-80,12.8
2026-01-27 21:09:32,Main Lobby,52.0,Background Noise,47.3,47.2,47.9,0.0,80.8,19.2,0.0,40.1,40.8,50.9,-83,15.5
2026-01-27 21:10:11,Pasillo de Salones,56.0,Background Noise,52.3,52.3,0.0,0.0,100.0,0.0,0.0,50.3,52.2,53.9,-80,15.8
2026-01-27 21:10:32,Main Lobby,52.5,Background Noise,47.7,47.7,48.6,0.0,93.8,6.2,0.0,40.1,40.9,51.1,-85,15.3
2026-01-27 21:11:11,Pasillo de Salones,56.1,Background Noise,51.1,51.1,0.0,0.0,100.0,0.0,0.0,40.4,51.1,53.4,-81,14.5
2026-01-27 21:11:32,Main Lobby,51.7,Background Noise,43.2,43.2,40.7,0.0,99.6,0.4,0.0,40.6,40.7,40.7,-83,14.3
2026-01-27 21:12:11,Pasillo de Salones,54.4,Background Noise,49.6,49.6,0.0,0.0,100.0,0.0,0.0,40.3,50.4,52.1,-80,15.8
2026-01-27 21:12:32,Main Lobby,40.7,Background Noise,40.7,40.7,0.0,40.7,99.6,0.0,0.4,40.7,40.7,40.7,-84,13.3
2026-01-27 21:13:11,Pasillo de Salones,54.6,Background Noise,49.4,49.4,0.0,0.0,100.0,0.0,0.0,40.4,50.3,52.0,-80,16.3
2026-01-27 21:13:32,Main Lobby,40.6,Background Noise,40.5,40.5,40.6,0.0,96.7,3.3,0.0,40.2,40.5,40.6,-83,9.5
2026-01-27 21:13:42,Pasillo de Laboratorio,60.5,People,53.0,49.2,56.2,0.0,65.9,34.1,0.0,40.1,50.4,57.1,-97,12.8
2026-01-27 21:14:11,Pasillo de Salones,55.3,Background Noise,49.9,49.9,0.0,0.0,100.0,0.0,0.0,40.3,50.4,52.6,-80,14.8
2026-01-27 21:14:32,Main Lobby,40.9,Background Noise,40.4,40.4,0.0,0.0,100.0,0.0,0.0,40.2,40.2,40.6,-84,13.8
2026-01-27 21:15:11,Pasillo de Salones,54.5,Background Noise,49.4,49.4,0.0,0.0,100.0,0.0,0.0,40.3,50.3,52.2,-81,14.5
2026-01-27 21:15:32,Main Lobby,40.2,Background Noise,40.2,40.2,0.0,0.0,100.0,0.0,0.0,40.2,40.2,40.2,-84,13.0
2026-01-27 21:16:11,Pasillo de Salones,55.2,Background Noise,49.5,49.5,0.0,0.0,100.0,0.0,0.0,40.3,50.3,52.1,-80,14.3
2026-01-27 21:16:32,Main Lobby,40.2,Background Noise,40.2,40.2,40.2,0.0,98.7,1.3,0.0,40.2,40.2,40.2,-83,9.0
2026-01-27 21:17:11,Pasillo de Salones,54.4,Background Noise,49.4,49.4,0.0,0.0,100.0,0.0,0.0,40.2,50.4,52.0,-80,13.5
2026-01-27 21:17:32,Main Lobby,40.2,Background Noise,40.2,40.2,40.2,0.0,97.1,2.9,0.0,40.2,40.2,40.2,-84,13.5
2026-01-27 21:18:11,Pasillo de Salones,53.2,Background Noise,49.3,49.3,0.0,0.0,100.0,0.0,0.0,40.3,50.3,52.0,-80,11.5
2026-01-27 21:18:32,Main Lobby,57.8,Background Noise,42.3,41.7,51.0,0.0,97.9,2.1,0.0,40.1,40.1,40.5,-84,13.5
2026-01-27 21:18:42,Pasillo de Laboratorio,51.9,Background Noise,46.0,46.0,0.0,0.0,100.0,0.0,0.0,40.1,40.7,50.8,-96,10.3
2026-01-27 21:19:11,Pasillo de Salones,54.4,Background Noise,49.7,49.7,0.0,0.0,100.0,0.0,0.0,40.4,50.5,51.9,-79,13.8
2026-01-27 21:19:32,Main Lobby,50.7,Background Noise,48.1,48.1,40.1,0.0,99.6,0.4,0.0,40.1,50.7,50.7,-83,14.3
2026-01-27 21:20:11,Pasillo de Salones,54.1,Background Noise,49.5,49.5,0.0,0.0,100.0,0.0,0.0,40.2,50.5,52.1,-79,13.8
2026-01-27 21:20:32,Main Lobby,50.7,Background Noise,40.6,40.6,40.5,0.0,97.9,2.1,0.0,40.4,40.4,40.9,-83,14.3
2026-01-27 21:21:11,Pasillo de Salones,54.5,Background Noise,49.7,49.7,0.0,0.0,100.0,0.0,0.0,40.2,50.5,52.2,-80,14.5
2026-01-27 21:21:32,Main Lobby,54.4,People,41.5,40.9,48.5,0.0,97.1,2.9,0.0,40.0,40.2,40.5,-85,10.3
2026-01-27 21:22:11,Pasillo de Salones,54.0,Background Noise,49.6,49.6,0.0,0.0,100.0,0.0,0.0,40.4,50.5,52.1,-80,13.3
2026-01-27 21:22:35,Main Lobby,57.0,People,41.6,40.2,51.2,0.0,96.7,3.3,0.0,40.0,40.3,40.3,-83,14.3
2026-01-27 21:23:11,Pasillo de Salones,53.6,Background Noise,49.0,49.0,0.0,0.0,100.0,0.0,0.0,40.2,50.1,51.9,-81,13.5
2026-01-27 21:23:33,Main Lobby,54.8,People,41.4,40.8,47.9,0.0,96.2,3.7,0.0,40.0,40.8,40.8,-83,13.0
2026-01-27 21:23:42,Pasillo de Laboratorio,52.2,Background Noise,45.4,45.4,0.0,0.0,100.0,0.0,0.0,40.1,40.4,50.5,-95,13.3
2026-01-27 21:24:11,Pasillo de Salones,53.7,Background Noise,49.5,49.5,0.0,0.0,100.0,0.0,0.0,40.4,50.4,51.9,-80,14.0
2026-01-27 21:24:33,Main Lobby,55.8,People,41.6,40.9,47.1,0.0,94.2,5.8,0.0,40.0,40.1,40.8,-85,11.3
2026-01-27 21:25:12,Pasillo de Salones,55.0,Background Noise,49.3,49.3,0.0,0.0,100.0,0.0,0.0,40.2,50.3,51.8,-79,14.0
2026-01-27 21:25:33,Main Lobby,40.9,Background Noise,40.7,40.7,40.6,0.0,98.8,1.2,0.0,40.1,40.9,40.9,-83,13.8
2026-01-27 21:26:12,Pasillo de Salones,55.1,Background Noise,49.7,49.7,0.0,0.0,100.0,0.0,0.0,40.3,50.4,52.3,-81,13.3
2026-01-27 21:26:33,Main Lobby,57.8,People,46.8,46.3,53.4,0.0,97.1,2.9,0.0,40.0,40.0,50.4,-83,14.0
2026-01-27 21:27:12,Pasillo de Salones,54.5,Background Noise,49.7,49.7,0.0,0.0,100.0,0.0,0.0,40.3,50.5,52.2,-81,13.8
2026-01-27 21:27:33,Main Lobby,50.4,Background Noise,47.4,47.3,48.4,0.0,97.9,2.1,0.0,40.0,40.0,50.4,-84,13.8
2026-01-27 21:28:12,Pasillo de Salones,53.9,Background Noise,49.3,49.3,0.0,0.0,100.0,0.0,0.0,40.3,50.3,51.9,-79,14.0
2026-01-27 21:28:33,Main Lobby,56.8,People,50.2,50.1,53.0,0.0,96.2,3.7,0.0,50.3,50.5,50.5,-83,14.3
2026-01-27 21:28:42,Pasillo de Laboratorio,52.0,Background Noise,45.2,45.2,0.0,0.0,100.0,0.0,0.0,40.0,40.5,50.4,-96,12.5
2026-01-27 21:29:12,Pasillo de Salones,55.1,Background Noise,49.0,49.0,0.0,0.0,100.0,0.0,0.0,40.3,50.2,51.8,-79,14.0
2026-01-27 21:29:33,Main Lobby,50.5,Background Noise,50.5,50.5,50.5,0.0,99.6,0.4,0.0,50.5,50.5,50.5,-86,13.8
2026-01-27 21:30:12,Pasillo de Salones,54.2,Background Noise,49.4,49.4,0.0,0.0,100.0,0.0,0.0,40.3,50.3,52.1,-80,13.5
2026-01-27 21:30:33,Main Lobby,58.1,People,44.4,43.3,52.9,0.0,96.7,3.3,0.0,40.1,40.1,50.5,-83,9.0
2026-01-27 21:31:12,Pasillo de Salones,55.1,Background Noise,49.6,49.6,0.0,0.0,100.0,0.0,0.0,40.3,50.4,52.0,-80,12.0
2026-01-27 21:31:33,Main Lobby,40.1,Background Noise,40.1,40.1,40.1,0.0,99.2,0.8,0.0,40.1,40.1,40.1,-83,14.5
2026-01-27 21:32:12,Pasillo de Salones,55.1,Background Noise,49.5,49.5,0.0,0.0,100.0,0.0,0.0,40.3,50.3,52.2,-80,13.5
2026-01-27 21:32:33,Main Lobby,40.2,Background Noise,40.1,40.1,40.2,0.0,99.6,0.4,0.0,40.1,40.1,40.2,-83,9.3
2026-01-27 21:33:12,Pasillo de Salones,54.0,Background Noise,49.6,49.6,0.0,0.0,100.0,0.0,0.0,40.3,50.5,52.1,-81,13.5
2026-01-27 21:33:33,Main Lobby,40.2,Background Noise,40.2,40.2,40.2,0.0,99.6,0.4,0.0,40.2,40.2,40.2,-84,13.3
2026-01-27 21:33:42,Pasillo de Laboratorio,51.9,Background Noise,44.4,44.4,0.0,0.0,100.0,0.0,0.0,40.1,40.5,50.3,-97,11.3
2026-01-27 21:34:12,Pasillo de Salones,53.7,Background Noise,49.3,49.3,0.0,0.0,100.0,0.0,0.0,40.3,50.3,51.6,-80,14.3
2026-01-27 21:34:33,Main Lobby,40.8,Background Noise,40.3,40.3,0.0,0.0,100.0,0.0,0.0,40.2,40.2,40.8,-83,13.8
2026-01-27 21:35:12,Pasillo de Salones,54.6,Background Noise,49.7,49.7,0.0,0.0,100.0,0.0,0.0,40.4,50.4,52.3,-80,11.5
2026-01-27 21:35:33,Main Lobby,50.7,Background Noise,40.7,40.7,40.7,0.0,98.3,1.7,0.0,40.2,40.7,40.7,-83,14.3
2026-01-27 21:36:12,Pasillo de Salones,53.9,Background Noise,49.5,49.5,0.0,0.0,100.0,0.0,0.0,40.3,50.4,52.1,-79,13.8
2026-01-27 21:36:33,Main Lobby,53.3,People,43.5,43.0,45.7,0.0,85.4,14.6,0.0,40.1,40.7,40.7,-84,13.5
2026-01-27 21:37:12,Pasillo de Salones,55.2,Background Noise,49.8,49.8,0.0,0.0,100.0,0.0,0.0,40.4,50.5,52.3,-79,13.8
2026-01-27 21:37:33,Main Lobby,56.8,People,41.6,40.3,45.8,0.0,87.1,12.9,0.0,40.0,40.4,40.4,-85,14.0
2026-01-27 21:38:12,Pasillo de Salones,54.2,Background Noise,49.7,49.7,0.0,0.0,100.0,0.0,0.0,40.2,50.5,52.0,-80,13.8
2026-01-27 21:38:33,Main Lobby,40.6,Background Noise,40.6,40.6,40.6,0.0,93.3,6.7,0.0,40.5,40.6,40.6,-85,13.5
2026-01-27 21:38:43,Pasillo de Laboratorio,51.7,Background Noise,45.6,45.6,0.0,0.0,100.0,0.0,0.0,40.1,40.5,50.6,-97,12.8
2026-01-27 21:39:12,Pasillo de Salones,54.3,Background Noise,49.7,49.7,0.0,0.0,100.0,0.0,0.0,40.3,50.4,52.4,-81,13.5
2026-01-27 21:39:33,Main Lobby,40.5,Background Noise,40.5,40.5,40.5,0.0,77.5,22.5,0.0,40.1,40.5,40.5,-84,13.5
2026-01-27 21:40:12,Pasillo de Salones,53.9,Background Noise,49.5,49.5,0.0,0.0,100.0,0.0,0.0,40.3,50.4,52.1,-80,13.8
2026-01-27 21:40:33,Main Lobby,50.2,Background Noise,47.5,47.3,48.1,0.0,82.2,17.8,0.0,40.2,40.2,50.2,-83,14.3
2026-01-27 21:41:12,Pasillo de Salones,53.8,Background Noise,49.3,49.3,0.0,0.0,100.0,0.0,0.0,40.3,50.2,52.2,-80,14.0
2026-01-27 21:41:33,Main Lobby,50.6,Background Noise,47.5,47.2,48.4,0.0,75.4,24.6,0.0,40.1,50.0,50.1,-83,14.3
2026-01-27 21:42:12,Pasillo de Salones,55.1,Background Noise,49.5,49.5,0.0,0.0,100.0,0.0,0.0,40.3,50.4,52.0,-79,13.8
2026-01-27 21:42:34,Main Lobby,40.6,Background Noise,40.2,40.2,40.2,0.0,82.5,17.5,0.0,40.0,40.1,40.6,-86,13.8
2026-01-27 21:43:12,Pasillo de Salones,54.9,Background Noise,49.7,49.7,0.0,0.0,100.0,0.0,0.0,40.2,50.5,52.1,-80,13.8
2026-01-27 21:43:34,Main Lobby,40.2,Background Noise,40.1,40.1,0.0,0.0,100.0,0.0,0.0,40.1,40.1,40.2,-84,13.8
2026-01-27 21:43:43,Pasillo de Laboratorio,52.1,Background Noise,44.0,44.0,0.0,0.0,100.0,0.0,0.0,40.0,40.4,50.2,-96,12.8
2026-01-27 21:44:12,Pasillo de Salones,54.5,Background Noise,49.8,49.8,0.0,0.0,100.0,0.0,0.0,40.4,50.5,52.1,-80,14.0
2026-01-27 21:44:34,Main Lobby,51.2,People,42.9,42.7,44.1,0.0,84.6,15.4,0.0,40.0,40.3,40.7,-83,8.8
2026-01-27 21:45:12,Pasillo de Salones,53.9,Background Noise,49.4,49.4,0.0,0.0,100.0,0.0,0.0,40.3,50.3,52.0,-81,13.8
2026-01-27 21:45:34,Main Lobby,57.0,People,42.6,40.4,48.3,0.0,87.5,12.5,0.0,40.1,40.5,40.7,-84,13.0
2026-01-27 21:46:12,Pasillo de Salones,53.9,Background Noise,49.9,49.9,0.0,0.0,100.0,0.0,0.0,40.4,50.6,52.3,-80,11.0
2026-01-27 21:46:34,Main Lobby,40.3,Background Noise,40.1,40.1,0.0,0.0,100.0,0.0,0.0,40.0,40.0,40.2,-85,11.3
2026-01-27 21:47:13,Pasillo de Salones,55.2,Background Noise,49.3,49.3,0.0,0.0,100.0,0.0,0.0,40.2,50.3,52.1,-81,13.3
2026-01-27 21:47:34,Main Lobby,40.2,Background Noise,40.0,40.0,0.0,0.0,100.0,0.0,0.0,40.0,40.0,40.0,-84,13.5
2026-01-27 21:48:13,Pasillo de Salones,55.1,Background Noise,49.9,49.9,0.0,0.0,100.0,0.0,0.0,40.3,50.6,52.2,-80,14.0
2026-01-27 21:48:34,Main Lobby,40.0,Background Noise,40.0,40.0,0.0,0.0,100.0,0.0,0.0,40.0,40.0,40.0,-83,14.3
2026-01-27 21:48:43,Pasillo de Laboratorio,52.2,Background Noise,44.4,44.4,50.3,0.0,99.9,0.1,0.0,40.1,40.4,50.3,-95,13.3
2026-01-27 21:49:13,Pasillo de Salones,55.0,Background Noise,49.3,49.3,52.8,0.0,99.2,0.8,0.0,40.2,50.4,52.0,-80,14.0
2026-01-27 21:49:34,Main Lobby,73.4,People,55.5,47.3,59.2,50.0,60.8,38.7,0.4,40.0,40.7,55.0,-83,13.8
2026-01-27 21:50:13,Pasillo de Salones,54.2,Background Noise,49.2,49.2,0.0,0.0,100.0,0.0,0.0,40.2,50.2,52.1,-80,14.0
2026-01-27 21:50:34,Main Lobby,59.5,People,49.2,48.8,51.6,0.0,87.5,12.5,0.0,40.4,50.3,51.1,-83,13.5
2026-01-27 21:51:13,Pasillo de Salones,54.4,Background Noise,49.5,49.5,0.0,0.0,100.0,0.0,0.0,40.2,50.4,52.1,-80,13.8
2026-01-27 21:51:34,Main Lobby,58.5,Vehicle,49.3,48.7,50.6,54.2,81.2,17.1,1.7,40.3,41.0,52.7,-84,11.3
2026-01-27 21:52:13,Pasillo de Salones,60.9,People,50.5,50.0,53.6,0.0,90.5,9.5,0.0,40.4,50.7,52.9,-80,13.5
2026-01-27 21:52:34,Main Lobby,58.9,People,44.0,42.4,51.8,0.0,94.2,5.8,0.0,40.0,40.5,40.7,-84,13.5
2026-01-27 21:53:13,Pasillo de Salones,62.2,Background Noise,50.5,50.5,0.0,0.0,100.0,0.0,0.0,40.3,50.5,52.7,-80,11.5
2026-01-27 21:53:34,Main Lobby,64.6,People,49.9,47.1,53.7,51.6,74.6,25.0,0.4,40.3,41.0,53.5,-83,14.5
2026-01-27 21:53:43,Pasillo de Laboratorio,57.5,Background Noise,45.9,45.9,48.2,52.5,98.7,1.1,0.3,40.1,40.6,50.9,-97,11.5
2026-01-27 21:54:13,Pasillo de Salones,54.2,Background Noise,49.7,49.7,0.0,0.0,100.0,0.0,0.0,40.3,50.5,52.2,-79,13.8
2026-01-27 21:54:34,Main Lobby,67.1,People,48.7,45.5,52.5,0.0,73.3,26.7,0.0,40.1,40.4,50.6,-86,11.5
2026-01-27 21:55:13,Pasillo de Salones,54.2,Background Noise,49.3,49.3,0.0,0.0,100.0,0.0,0.0,40.2,50.3,52.1,-79,14.0
2026-01-27 21:55:34,Main Lobby,60.2,People,49.6,48.0,54.1,0.0,85.8,14.2,0.0,40.6,50.0,52.2,-84,13.5
2026-01-27 21:56:13,Pasillo de Salones,54.6,Background Noise,49.9,49.9,0.0,0.0,100.0,0.0,0.0,40.4,50.4,52.3,-80,14.0
2026-01-27 21:56:34,Main Lobby,67.3,People,54.4,49.1,58.2,50.1,65.8,33.7,0.4,40.2,50.6,57.7,-83,14.0
2026-01-27 21:57:13,Pasillo de Salones,54.6,Background Noise,49.8,49.8,0.0,0.0,100.0,0.0,0.0,40.4,50.5,52.3,-80,11.3
2026-01-27 21:57:34,Main Lobby,57.7,People,47.0,45.9,50.5,0.0,84.2,15.8,0.0,40.1,40.2,51.3,-86,14.3
2026-01-27 21:58:13,Pasillo de Salones,54.2,Background Noise,50.1,50.1,0.0,0.0,100.0,0.0,0.0,40.4,50.7,52.2,-80,14.0
2026-01-27 21:58:34,Main Lobby,55.6,People,44.5,43.1,46.4,44.9,64.3,33.2,2.5,40.2,40.2,50.4,-84,13.5
2026-01-27 21:58:43,Pasillo de Laboratorio,51.0,Background Noise,44.4,44.4,50.2,0.0,99.9,0.1,0.0,40.1,40.4,50.2,-97,13.3
2026-01-27 21:59:13,Pasillo de Salones,54.1,Background Noise,49.6,49.6,0.0,0.0,100.0,0.0,0.0,40.3,50.5,51.9,-80,13.5
2026-01-27 21:59:34,Main Lobby,51.2,Vehicle,45.1,45.5,43.9,43.3,79.6,5.8,14.6,40.1,40.4,50.0,-83,14.3
2026-01-27 22:00:13,Pasillo de Salones,54.6,Background Noise,50.0,50.0,0.0,0.0,100.0,0.0,0.0,40.4,50.6,52.3,-79,13.8
2026-01-27 22:00:34,Main Lobby,55.8,People,47.8,47.4,48.6,47.5,62.1,34.6,3.3,40.0,40.7,50.8,-83,14.0
2026-01-27 22:01:14,Pasillo de Salones,53.9,Background Noise,49.8,49.8,0.0,0.0,100.0,0.0,0.0,40.4,50.5,52.2,-81,13.5
2026-01-27 22:01:34,Main Lobby,57.2,People,49.2,46.0,50.8,47.9,39.2,52.1,8.8,40.2,40.6,53.3,-83,9.3
2026-01-27 22:02:13,Pasillo de Salones,58.0,Background Noise,50.1,50.1,0.0,0.0,100.0,0.0,0.0,40.3,50.7,52.5,-80,14.3
2026-01-27 22:02:34,Main Lobby,58.7,People,48.8,47.1,49.6,40.1,35.4,62.9,1.7,40.1,40.8,52.5,-85,11.8
2026-01-27 22:03:13,Pasillo de Salones,54.5,Background Noise,49.9,49.9,0.0,0.0,100.0,0.0,0.0,40.3,50.5,52.4,-80,13.8
2026-01-27 22:03:34,Main Lobby,80.3,People,61.6,54.1,65.5,59.3,63.3,36.2,0.4,40.1,50.5,59.7,-84,13.3
2026-01-27 22:03:47,Pasillo de Laboratorio,58.9,People,44.4,43.8,50.6,0.0,96.0,4.0,0.0,40.0,40.4,50.2,-96,12.5
2026-01-27 22:04:13,Pasillo de Salones,54.1,Background Noise,49.8,49.8,0.0,0.0,100.0,0.0,0.0,40.4,50.6,52.5,-80,14.0
2026-01-27 22:04:34,Main Lobby,50.5,Background Noise,50.4,50.4,50.5,0.0,99.2,0.8,0.0,50.2,50.5,50.5,-85,12.3
2026-01-27 22:05:13,Pasillo de Salones,55.0,Background Noise,49.8,49.8,0.0,0.0,100.0,0.0,0.0,40.4,50.4,52.4,-80,13.5
2026-01-27 22:05:35,Main Lobby,51.0,People,48.3,48.6,43.9,0.0,90.0,10.0,0.0,40.1,50.2,50.2,-82,10.5
2026-01-27 22:06:13,Pasillo de Salones,54.5,Background Noise,49.8,49.8,0.0,0.0,100.0,0.0,0.0,40.2,50.4,52.4,-79,14.0
