time,gatewayId,deviceName,gwSeq,accXRMS,accYRMS,accZRMS,temperature,humidity,bvoc,iaq,anomaly,label,classConfidence
2026-07-24 10:31:30,OPTA_GW_1,NICLABH1,21,0.0298,0.0737,0.9539,26.85,58.23,0.58,500.0,-0.093,Motor_en_operacion,0.9882
2026-07-24 10:31:31,OPTA_GW_1,NICLABH1,22,0.0332,0.075,0.9536,26.85,58.23,0.58,500.0,-1.096,Motor_en_operacion,0.9765
2026-07-24 10:31:32,OPTA_GW_1,NICLABH1,23,0.0278,0.0793,0.9561,26.85,58.23,0.57,460.0,-0.386,Motor_en_operacion,0.9375
2026-07-24 10:31:33,OPTA_GW_1,NICLABH1,24,0.0344,0.0769,0.9553,26.85,58.23,0.57,460.0,-0.315,Motor_en_operacion,0.9921
2026-07-24 10:31:34,OPTA_GW_1,NICLABH1,25,0.0364,0.0776,0.9573,26.84,58.25,0.56,440.0,-0.263,Motor_en_operacion,0.9882
2026-07-24 10:31:36,OPTA_GW_1,NICLABH1,26,0.0317,0.0767,0.9546,26.84,58.25,0.56,440.0,-0.303,Motor_en_operacion,0.9882
2026-07-24 10:31:37,OPTA_GW_1,NICLABH1,27,0.032,0.0771,0.9543,26.84,58.25,0.56,440.0,-0.443,Motor_en_operacion,0.9843
2026-07-24 10:31:38,OPTA_GW_1,NICLABH1,28,0.0278,0.0745,0.9541,26.84,58.24,0.55,400.0,-0.476,Motor_en_operacion,0.9687
2026-07-24 10:31:39,OPTA_GW_1,NICLABH1,29,0.0283,0.075,0.9551,26.84,58.24,0.55,400.0,-0.456,Motor_en_operacion,0.9921
2026-07-24 10:31:41,OPTA_GW_1,NICLABH1,30,0.0298,0.0762,0.9548,26.85,58.21,0.53,380.0,-0.463,Motor_en_operacion,0.9765
2026-07-24 10:31:42,OPTA_GW_1,NICLABH1,31,0.0278,0.073,0.9543,26.85,58.21,0.53,380.0,-0.549,Motor_en_operacion,0.9062
2026-07-24 10:31:43,OPTA_GW_1,NICLABH1,32,0.032,0.0784,0.9556,26.85,58.21,0.53,380.0,-0.68,Motor_en_operacion,0.9921
2026-07-24 10:31:44,OPTA_GW_1,NICLABH1,33,0.0261,0.0728,0.9543,26.84,58.23,0.53,360.0,-0.884,Motor_en_operacion,0.9843
2026-07-24 10:31:46,OPTA_GW_1,NICLABH1,34,0.0305,0.0771,0.9534,26.84,58.23,0.53,360.0,-0.647,Motor_en_operacion,0.9843
2026-07-24 10:31:47,OPTA_GW_1,NICLABH1,35,0.0327,0.075,0.9539,26.84,58.23,0.52,360.0,-0.697,Motor_en_operacion,0.9765
2026-07-24 10:31:48,OPTA_GW_1,NICLABH1,36,0.0278,0.0786,0.9561,26.84,58.23,0.52,360.0,-0.123,Motor_en_operacion,0.9804
2026-07-24 10:31:49,OPTA_GW_1,NICLABH1,37,0.0251,0.0769,0.9558,26.84,58.23,0.52,360.0,-0.427,Motor_en_operacion,0.9843
2026-07-24 10:31:50,OPTA_GW_1,NICLABH1,38,0.0251,0.0784,0.9558,26.86,58.17,0.52,350.0,-0.582,Motor_en_operacion,0.9882
2026-07-24 10:31:52,OPTA_GW_1,NICLABH1,39,0.0234,0.075,0.9551,26.86,58.17,0.52,350.0,-0.983,Motor_en_operacion,0.9804
2026-07-24 10:31:53,OPTA_GW_1,NICLABH1,40,0.0298,0.0789,0.9565,26.85,58.2,0.62,580.0,-0.195,Motor_en_operacion,0.9921
2026-07-24 10:31:54,OPTA_GW_1,NICLABH1,41,0.0278,0.0771,0.9563,26.85,58.2,0.62,580.0,-0.114,Motor_en_operacion,0.9882
2026-07-24 10:31:55,OPTA_GW_1,NICLABH1,42,0.0312,0.0767,0.9543,26.85,58.2,0.62,580.0,-0.216,Motor_en_operacion,0.9882
2026-07-24 10:31:57,OPTA_GW_1,NICLABH1,43,0.0288,0.0767,0.9543,26.85,58.21,0.58,500.0,-0.549,Motor_en_operacion,0.9765
2026-07-24 10:31:58,OPTA_GW_1,NICLABH1,44,0.0273,0.0757,0.9541,26.85,58.21,0.58,500.0,-0.492,Motor_en_operacion,0.9687
2026-07-24 10:31:59,OPTA_GW_1,NICLABH1,45,0.0325,0.0747,0.9509,26.85,58.21,0.57,470.0,-1.105,Motor_en_operacion,0.9921
2026-07-24 10:32:00,OPTA_GW_1,NICLABH1,46,0.0303,0.0737,0.9536,26.85,58.21,0.57,470.0,-0.48,Motor_en_operacion,0.9765
2026-07-24 10:32:02,OPTA_GW_1,NICLABH1,47,0.0242,0.0762,0.9539,26.85,58.21,0.57,470.0,-0.735,Motor_en_operacion,0.9882
2026-07-24 10:32:03,OPTA_GW_1,NICLABH1,48,0.0276,0.0774,0.9539,26.85,58.21,0.55,420.0,-0.389,Motor_en_operacion,0.9882
2026-07-24 10:32:04,OPTA_GW_1,NICLABH1,49,0.0286,0.0759,0.9546,26.85,58.21,0.55,420.0,-0.495,Motor_en_operacion,0.9882
2026-07-24 10:32:05,OPTA_GW_1,NICLABH1,50,0.0283,0.0774,0.9551,26.85,58.21,0.55,400.0,-0.855,Motor_en_operacion,0.9765
2026-07-24 10:32:07,OPTA_GW_1,NICLABH1,51,0.0317,0.0781,0.9553,26.85,58.21,0.55,400.0,-0.379,Motor_en_operacion,0.9921
2026-07-24 10:32:08,OPTA_GW_1,NICLABH1,52,0.0293,0.0718,0.9524,26.85,58.21,0.55,400.0,-0.56,Motor_en_operacion,0.9687
2026-07-24 10:32:09,OPTA_GW_1,NICLABH1,53,0.0298,0.0789,0.9551,26.85,58.21,0.53,370.0,-0.336,Motor_en_operacion,0.9804
2026-07-24 10:32:10,OPTA_GW_1,NICLABH1,54,0.0281,0.0771,0.9546,26.85,58.21,0.53,370.0,-0.516,Motor_en_operacion,0.9921
2026-07-24 10:32:11,OPTA_GW_1,NICLABH1,55,0.0264,0.0754,0.9534,26.85,58.21,0.52,340.0,-0.86,Motor_en_operacion,0.9453
2026-07-24 10:32:13,OPTA_GW_1,NICLABH1,56,0.0271,0.073,0.9541,26.85,58.21,0.52,340.0,-0.586,Motor_en_operacion,0.9492
2026-07-24 10:32:14,OPTA_GW_1,NICLABH1,57,0.0334,0.0728,0.9519,26.85,58.21,0.52,340.0,-0.665,Motor_en_operacion,0.9687
2026-07-24 10:32:15,OPTA_GW_1,NICLABH1,58,0.0344,0.0774,0.9536,26.85,58.21,0.52,350.0,-0.284,Motor_en_operacion,0.9882
2026-07-24 10:32:16,OPTA_GW_1,NICLABH1,59,0.03,0.0784,0.9553,26.85,58.21,0.52,350.0,-0.222,Motor_en_operacion,0.9921
2026-07-24 10:32:18,OPTA_GW_1,NICLABH1,60,0.0249,0.0784,0.9563,26.85,57.2,0.52,340.0,-0.471,Motor_en_operacion,0.9726
2026-07-24 10:32:19,OPTA_GW_1,NICLABH1,61,0.0298,0.0771,0.9548,26.85,57.2,0.52,340.0,-0.21,Motor_en_operacion,0.9882
2026-07-24 10:32:20,OPTA_GW_1,NICLABH1,62,0.0264,0.0762,0.9558,26.85,57.2,0.52,340.0,-0.652,Motor_en_operacion,0.9609
2026-07-24 10:32:21,OPTA_GW_1,NICLABH1,63,0.0339,0.0762,0.9526,26.85,57.2,0.52,320.0,-0.603,Motor_en_operacion,0.996
2026-07-24 10:32:23,OPTA_GW_1,NICLABH1,64,0.0229,0.072,0.9526,26.85,57.2,0.52,320.0,-0.231,Motor_en_operacion,0.9882
2026-07-24 10:32:24,OPTA_GW_1,NICLABH1,65,0.032,0.0786,0.9556,26.84,57.23,0.52,350.0,-0.07,Motor_en_operacion,0.9726
2026-07-24 10:32:25,OPTA_GW_1,NICLABH1,66,0.031,0.0745,0.9534,26.84,57.23,0.52,350.0,-0.921,Motor_en_operacion,0.9765
2026-07-24 10:32:26,OPTA_GW_1,NICLABH1,67,0.032,0.0774,0.9553,26.84,57.23,0.52,350.0,-0.529,Motor_en_operacion,0.9687
2026-07-24 10:32:28,OPTA_GW_1,NICLABH1,68,0.0293,0.0806,0.9561,26.85,57.2,0.53,370.0,-0.289,Motor_en_operacion,0.9609
2026-07-24 10:32:29,OPTA_GW_1,NICLABH1,69,0.0286,0.0764,0.9536,26.85,57.2,0.53,370.0,-0.246,Motor_en_operacion,0.9804
2026-07-24 10:32:30,OPTA_GW_1,NICLABH1,70,0.0291,0.0747,0.9531,26.86,58.18,0.53,360.0,0.236,Motor_en_operacion,0.9921
2026-07-24 10:32:31,OPTA_GW_1,NICLABH1,71,0.0276,0.0762,0.9543,26.86,58.18,0.53,360.0,-0.874,Motor_en_operacion,0.9804
2026-07-24 10:32:32,OPTA_GW_1,NICLABH1,72,0.0293,0.0754,0.9541,26.86,58.18,0.53,360.0,-0.53,Motor_en_operacion,0.9882
2026-07-24 10:32:34,OPTA_GW_1,NICLABH1,73,0.0342,0.0767,0.9551,26.87,57.15,0.52,350.0,0.054,Motor_en_operacion,0.9648
2026-07-24 10:32:35,OPTA_GW_1,NICLABH1,74,0.0291,0.0742,0.9521,26.87,57.15,0.52,350.0,-0.271,Motor_en_operacion,0.9921
2026-07-24 10:32:36,OPTA_GW_1,NICLABH1,75,0.0288,0.0728,0.9534,26.88,57.14,0.52,350.0,-0.888,Motor_en_operacion,0.9921
2026-07-24 10:32:37,OPTA_GW_1,NICLABH1,76,0.0273,0.0759,0.9541,26.88,57.14,0.52,350.0,0.085,Motor_en_operacion,0.9375
2026-07-24 10:32:39,OPTA_GW_1,NICLABH1,77,0.0276,0.0745,0.9543,26.88,57.14,0.52,350.0,-0.603,Motor_en_operacion,0.9726
2026-07-24 10:32:40,OPTA_GW_1,NICLABH1,78,0.0322,0.0776,0.9534,26.88,57.15,0.52,340.0,-0.336,Motor_en_operacion,0.9804
2026-07-24 10:32:41,OPTA_GW_1,NICLABH1,79,0.0295,0.0781,0.9558,26.88,57.15,0.52,340.0,-0.196,Motor_en_operacion,0.9765
2026-07-24 10:32:42,OPTA_GW_1,NICLABH1,80,0.033,0.0823,0.9583,26.86,57.21,0.52,340.0,-0.544,Motor_en_operacion,0.9843
2026-07-24 10:32:44,OPTA_GW_1,NICLABH1,81,0.0305,0.0757,0.9548,26.86,57.21,0.52,340.0,-0.35,Motor_en_operacion,0.9882
2026-07-24 10:32:45,OPTA_GW_1,NICLABH1,82,0.0317,0.0793,0.9536,26.86,57.21,0.52,340.0,-0.235,Motor_en_operacion,0.9882
2026-07-24 10:32:46,OPTA_GW_1,NICLABH1,83,0.0288,0.0774,0.9553,26.85,57.24,0.52,330.0,-0.322,Motor_en_operacion,0.9609
2026-07-24 10:32:47,OPTA_GW_1,NICLABH1,84,0.0356,0.0784,0.9539,26.85,57.24,0.52,330.0,-0.688,Motor_en_operacion,0.9921
2026-07-24 10:32:49,OPTA_GW_1,NICLABH1,85,0.0261,0.0742,0.9539,26.85,57.23,0.52,340.0,-0.743,Motor_en_operacion,0.9726
2026-07-24 10:32:50,OPTA_GW_1,NICLABH1,86,0.0325,0.0752,0.9529,26.85,57.23,0.52,340.0,-0.228,Motor_en_operacion,0.9765
2026-07-24 10:32:51,OPTA_GW_1,NICLABH1,87,0.032,0.0764,0.9543,26.85,57.23,0.52,340.0,-0.332,Motor_en_operacion,0.9921
2026-07-24 10:32:52,OPTA_GW_1,NICLABH1,88,0.0322,0.0769,0.9541,26.86,57.2,0.53,360.0,-0.463,Motor_en_operacion,0.9687
2026-07-24 10:32:53,OPTA_GW_1,NICLABH1,89,0.0276,0.0757,0.9534,26.86,57.2,0.53,360.0,-0.616,Motor_en_operacion,0.9726
2026-07-24 10:32:55,OPTA_GW_1,NICLABH1,90,0.0298,0.0769,0.9556,26.86,57.2,0.52,360.0,-0.392,Motor_en_operacion,0.9765
2026-07-24 10:32:56,OPTA_GW_1,NICLABH1,91,0.0325,0.0786,0.9536,26.86,57.2,0.52,360.0,0.031,Motor_en_operacion,0.9765
2026-07-24 10:32:57,OPTA_GW_1,NICLABH1,92,0.0266,0.0764,0.9548,26.86,57.2,0.52,360.0,-0.112,Motor_en_operacion,0.9804
2026-07-24 10:32:58,OPTA_GW_1,NICLABH1,93,0.0283,0.0784,0.9553,26.87,57.17,0.53,370.0,-0.862,Motor_en_operacion,0.9804
2026-07-24 10:33:00,OPTA_GW_1,NICLABH1,94,0.0269,0.0767,0.9541,26.87,57.17,0.53,370.0,-0.4,Motor_en_operacion,0.9843
2026-07-24 10:33:01,OPTA_GW_1,NICLABH1,95,0.0305,0.0767,0.9517,26.88,57.15,0.53,370.0,-0.752,Motor_en_operacion,0.996
2026-07-24 10:33:02,OPTA_GW_1,NICLABH1,96,0.0271,0.0754,0.9521,26.88,57.15,0.53,370.0,-0.59,Motor_en_operacion,0.9765
2026-07-24 10:33:03,OPTA_GW_1,NICLABH1,97,0.0303,0.0793,0.9548,26.88,57.15,0.53,370.0,-1.279,Motor_en_operacion,0.9804
2026-07-24 10:33:05,OPTA_GW_1,NICLABH1,98,0.0273,0.0767,0.9548,26.88,57.16,0.52,350.0,-0.657,Motor_en_operacion,0.9843
2026-07-24 10:33:06,OPTA_GW_1,NICLABH1,99,0.03,0.0796,0.9556,26.88,57.16,0.52,350.0,-0.33,Motor_en_operacion,0.9843
2026-07-24 10:33:07,OPTA_GW_1,NICLABH1,100,0.0273,0.0723,0.9539,26.87,57.2,0.63,600.0,-0.646,Motor_en_operacion,0.9687
2026-07-24 10:33:08,OPTA_GW_1,NICLABH1,101,0.0295,0.0803,0.9578,26.87,57.2,0.63,600.0,-0.291,Motor_en_operacion,0.9765
2026-07-24 10:33:10,OPTA_GW_1,NICLABH1,102,0.0256,0.0735,0.9519,26.87,57.2,0.63,600.0,-1.549,Motor_en_operacion,0.9609
2026-07-24 10:33:11,OPTA_GW_1,NICLABH1,103,0.0305,0.0735,0.9536,26.88,57.17,0.58,520.0,-0.542,Motor_en_operacion,0.9726
2026-07-24 10:33:12,OPTA_GW_1,NICLABH1,104,0.0327,0.0759,0.9546,26.88,57.17,0.58,520.0,-0.607,Motor_en_operacion,0.9648
2026-07-24 10:33:13,OPTA_GW_1,NICLABH1,105,0.0303,0.0759,0.9519,26.87,57.21,0.58,470.0,-0.296,Motor_en_operacion,0.9921
2026-07-24 10:33:14,OPTA_GW_1,NICLABH1,106,0.0276,0.0771,0.9546,26.87,57.21,0.58,470.0,-0.844,Motor_en_operacion,0.9843
2026-07-24 10:33:16,OPTA_GW_1,NICLABH1,107,0.0332,0.0786,0.9556,26.87,57.21,0.58,470.0,-0.802,Motor_en_operacion,0.9726
2026-07-24 10:33:17,OPTA_GW_1,NICLABH1,108,0.0332,0.0735,0.9531,26.86,57.23,0.57,450.0,-0.479,Motor_en_operacion,0.9687
2026-07-24 10:33:18,OPTA_GW_1,NICLABH1,109,0.0261,0.0791,0.9565,26.86,57.23,0.57,450.0,-0.575,Motor_en_operacion,0.9882
2026-07-24 10:33:19,OPTA_GW_1,NICLABH1,110,0.0283,0.0771,0.9539,26.85,57.25,0.56,420.0,-0.533,Motor_en_operacion,0.9843
2026-07-24 10:33:21,OPTA_GW_1,NICLABH1,111,0.0288,0.0771,0.9563,26.85,57.25,0.56,420.0,-0.19,Motor_en_operacion,0.9882
2026-07-24 10:33:22,OPTA_GW_1,NICLABH1,112,0.0288,0.0728,0.9509,26.85,57.25,0.56,420.0,-0.222,Motor_en_operacion,0.9609
2026-07-24 10:33:23,OPTA_GW_1,NICLABH1,113,0.0312,0.0786,0.9553,26.86,57.22,0.56,420.0,-0.953,Motor_en_operacion,0.9882
2026-07-24 10:33:24,OPTA_GW_1,NICLABH1,114,0.0378,0.0801,0.9563,26.86,57.22,0.56,420.0,-0.528,Motor_en_operacion,0.9921
2026-07-24 10:33:26,OPTA_GW_1,NICLABH1,115,0.0308,0.0742,0.9529,26.86,57.21,0.55,400.0,-0.036,Motor_en_operacion,0.9804
2026-07-24 10:33:27,OPTA_GW_1,NICLABH1,116,0.0305,0.0771,0.9546,26.86,57.21,0.55,400.0,-0.815,Motor_en_operacion,0.9843
2026-07-24 10:33:28,OPTA_GW_1,NICLABH1,117,0.0288,0.0779,0.9568,26.86,57.21,0.55,400.0,-0.715,Motor_en_operacion,0.9882
2026-07-24 10:33:29,OPTA_GW_1,NICLABH1,118,0.0349,0.0793,0.9546,26.87,57.18,0.64,630.0,-0.446,Motor_en_operacion,0.9921
2026-07-24 10:33:30,OPTA_GW_1,NICLABH1,119,0.0295,0.075,0.9551,26.87,57.18,0.64,630.0,-0.949,Motor_en_operacion,0.9843
2026-07-24 10:33:32,OPTA_GW_1,NICLABH1,120,0.0295,0.0769,0.9541,26.87,57.19,0.61,560.0,-0.607,Motor_en_operacion,0.9843
2026-07-24 10:33:33,OPTA_GW_1,NICLABH1,121,0.033,0.074,0.9534,26.87,57.19,0.61,560.0,0.266,Motor_en_operacion,0.9882
2026-07-24 10:33:34,OPTA_GW_1,NICLABH1,122,0.0291,0.0718,0.9517,26.87,57.19,0.61,560.0,-1.133,Motor_en_operacion,0.9843
2026-07-24 10:33:35,OPTA_GW_1,NICLABH1,123,0.0342,0.0759,0.9541,26.89,57.14,0.69,740.0,-0.651,Motor_en_operacion,0.9687
2026-07-24 10:33:37,OPTA_GW_1,NICLABH1,124,0.0327,0.0808,0.9583,26.89,57.14,0.69,740.0,-0.284,Motor_en_operacion,0.9882
2026-07-24 10:33:38,OPTA_GW_1,NICLABH1,125,0.0322,0.0808,0.958,26.88,57.18,0.65,650.0,-0.277,Motor_en_operacion,0.9921
2026-07-24 10:33:39,OPTA_GW_1,NICLABH1,126,0.0354,0.0823,0.958,26.88,57.18,0.65,650.0,-0.258,Motor_en_operacion,0.9921
2026-07-24 10:33:40,OPTA_GW_1,NICLABH1,127,0.0317,0.0784,0.9553,26.88,57.18,0.65,650.0,-0.427,Motor_en_operacion,0.9921
2026-07-24 10:33:42,OPTA_GW_1,NICLABH1,128,0.0271,0.0771,0.9553,26.89,57.16,0.72,810.0,-0.078,Motor_en_operacion,0.9843
2026-07-24 10:33:43,OPTA_GW_1,NICLABH1,129,0.0271,0.0781,0.957,26.89,57.16,0.72,810.0,-1.064,Motor_en_operacion,0.9804
2026-07-24 10:33:44,OPTA_GW_1,NICLABH1,130,0.0291,0.0786,0.9556,26.9,57.14,0.66,690.0,-0.864,Motor_en_operacion,0.9843
2026-07-24 10:33:45,OPTA_GW_1,NICLABH1,131,0.0286,0.0757,0.9541,26.9,57.14,0.66,690.0,-0.382,Motor_en_operacion,0.9882
2026-07-24 10:33:46,OPTA_GW_1,NICLABH1,132,0.0273,0.0742,0.9536,26.9,57.14,0.66,690.0,-0.681,Motor_en_operacion,0.9804
2026-07-24 10:33:48,OPTA_GW_1,NICLABH1,133,0.0271,0.0774,0.9556,26.91,57.13,0.72,830.0,-0.391,Motor_en_operacion,0.9765
2026-07-24 10:33:49,OPTA_GW_1,NICLABH1,134,0.0293,0.0762,0.9541,26.91,57.13,0.72,830.0,-0.585,Motor_en_operacion,0.957
2026-07-24 10:33:50,OPTA_GW_1,NICLABH1,135,0.0312,0.0752,0.9534,26.91,57.14,0.79,950.0,-0.367,Motor_en_operacion,0.9921
2026-07-24 10:33:51,OPTA_GW_1,NICLABH1,136,0.0291,0.0774,0.9546,26.91,57.14,0.79,950.0,-0.981,Motor_en_operacion,0.9843
2026-07-24 10:33:53,OPTA_GW_1,NICLABH1,137,0.03,0.0811,0.9553,26.91,57.14,0.79,950.0,-0.202,Motor_en_operacion,0.9843
2026-07-24 10:33:54,OPTA_GW_1,NICLABH1,138,0.0295,0.0747,0.9543,26.92,57.13,0.83,1020.0,-0.643,Motor_en_operacion,0.9843
2026-07-24 10:33:55,OPTA_GW_1,NICLABH1,139,0.0388,0.0808,0.9568,26.92,57.13,0.83,1020.0,-0.471,Motor_en_operacion,0.9882
2026-07-24 10:33:56,OPTA_GW_1,NICLABH1,140,0.0281,0.0769,0.9565,26.92,57.15,0.85,1060.0,-0.161,Motor_en_operacion,0.8945
2026-07-24 10:33:58,OPTA_GW_1,NICLABH1,141,0.03,0.0791,0.9553,26.92,57.15,0.85,1060.0,-0.85,Motor_en_operacion,0.9687
2026-07-24 10:33:59,OPTA_GW_1,NICLABH1,142,0.0278,0.0745,0.9526,26.92,57.15,0.85,1060.0,-0.155,Motor_en_operacion,0.9804
2026-07-24 10:34:00,OPTA_GW_1,NICLABH1,143,0.0266,0.0754,0.9543,26.91,57.18,0.75,870.0,-0.657,Motor_en_operacion,0.9921
2026-07-24 10:34:01,OPTA_GW_1,NICLABH1,144,0.0376,0.0757,0.9548,26.91,57.18,0.75,870.0,-0.768,Motor_en_operacion,0.9648
2026-07-24 10:34:02,OPTA_GW_1,NICLABH1,145,0.0342,0.0823,0.9553,26.92,57.16,0.68,730.0,-0.583,Motor_en_operacion,0.9804
2026-07-24 10:34:04,OPTA_GW_1,NICLABH1,146,0.0381,0.0779,0.9539,26.92,57.16,0.68,730.0,-1.382,Motor_en_operacion,0.9921
2026-07-24 10:34:05,OPTA_GW_1,NICLABH1,147,0.0288,0.0796,0.9563,26.92,57.16,0.68,730.0,-0.314,Motor_en_operacion,0.9882
2026-07-24 10:34:06,OPTA_GW_1,NICLABH1,148,0.031,0.0742,0.9543,26.92,58.17,0.64,630.0,-0.595,Motor_en_operacion,0.9726
2026-07-24 10:34:07,OPTA_GW_1,NICLABH1,149,0.03,0.0754,0.9546,26.92,58.17,0.64,630.0,-0.633,Motor_en_operacion,0.9882
2026-07-24 10:34:09,OPTA_GW_1,NICLABH1,150,0.0256,0.0779,0.9565,26.92,58.18,0.61,560.0,-0.48,Motor_en_operacion,0.9921
2026-07-24 10:34:10,OPTA_GW_1,NICLABH1,151,0.0312,0.0769,0.9539,26.92,58.18,0.61,560.0,-0.167,Motor_en_operacion,0.9843
2026-07-24 10:34:11,OPTA_GW_1,NICLABH1,152,0.0264,0.0754,0.9536,26.92,58.18,0.61,560.0,0.055,Motor_en_operacion,0.9921
2026-07-24 10:34:12,OPTA_GW_1,NICLABH1,153,0.0337,0.0789,0.9541,26.91,58.21,0.58,500.0,-0.222,Motor_en_operacion,0.9921
2026-07-24 10:34:14,OPTA_GW_1,NICLABH1,154,0.0308,0.0728,0.9531,26.91,58.21,0.58,500.0,-0.74,Motor_en_operacion,0.9921
2026-07-24 10:34:15,OPTA_GW_1,NICLABH1,155,0.0305,0.0769,0.9551,26.91,58.21,0.57,470.0,0.285,Motor_en_operacion,0.9882
2026-07-24 10:34:16,OPTA_GW_1,NICLABH1,156,0.0281,0.0764,0.9548,26.91,58.21,0.57,470.0,-0.211,Motor_en_operacion,0.957
2026-07-24 10:34:17,OPTA_GW_1,NICLABH1,157,0.0278,0.0781,0.9561,26.91,58.21,0.57,470.0,-0.454,Motor_en_operacion,0.9843
2026-07-24 10:34:18,OPTA_GW_1,NICLABH1,158,0.0278,0.0767,0.9536,26.91,58.21,0.65,660.0,-0.743,Motor_en_operacion,0.9765
2026-07-24 10:34:20,OPTA_GW_1,NICLABH1,159,0.0293,0.0776,0.9553,26.91,58.21,0.65,660.0,-0.758,Motor_en_operacion,0.9765
2026-07-24 10:34:21,OPTA_GW_1,NICLABH1,160,0.0254,0.0774,0.9548,26.9,58.24,0.61,560.0,-0.625,Motor_en_operacion,0.9882
2026-07-24 10:34:22,OPTA_GW_1,NICLABH1,161,0.0293,0.0771,0.9563,26.9,58.24,0.61,560.0,-0.786,Motor_en_operacion,0.9882
2026-07-24 10:34:23,OPTA_GW_1,NICLABH1,162,0.0291,0.075,0.9536,26.9,58.24,0.61,560.0,-0.571,Motor_en_operacion,0.9843
2026-07-24 10:34:25,OPTA_GW_1,NICLABH1,163,0.0291,0.0779,0.9558,26.9,58.23,0.58,500.0,-0.244,Motor_en_operacion,0.9921
2026-07-24 10:34:26,OPTA_GW_1,NICLABH1,164,0.0322,0.0801,0.9568,26.9,58.23,0.58,500.0,-0.445,Motor_en_operacion,0.9921
2026-07-24 10:34:27,OPTA_GW_1,NICLABH1,165,0.0232,0.0732,0.9534,26.89,58.25,0.66,690.0,-0.344,Motor_en_operacion,0.9765
2026-07-24 10:34:28,OPTA_GW_1,NICLABH1,166,0.0295,0.0771,0.9539,26.89,58.25,0.66,690.0,-0.591,Motor_en_operacion,0.9804
2026-07-24 10:34:30,OPTA_GW_1,NICLABH1,167,0.0278,0.0781,0.957,26.89,58.25,0.66,690.0,-0.937,Motor_en_operacion,0.9687
2026-07-24 10:34:31,OPTA_GW_1,NICLABH1,168,0.0303,0.0786,0.9556,26.91,58.19,0.72,800.0,-0.015,Motor_en_operacion,0.9921
2026-07-24 10:34:32,OPTA_GW_1,NICLABH1,169,0.0266,0.0754,0.9543,26.91,58.19,0.72,800.0,-0.656,Motor_en_operacion,0.9804
2026-07-24 10:34:33,OPTA_GW_1,NICLABH1,170,0.0364,0.0779,0.9536,26.92,58.17,0.66,670.0,-0.619,Motor_en_operacion,0.9921
2026-07-24 10:34:35,OPTA_GW_1,NICLABH1,171,0.0271,0.0723,0.9521,26.92,58.17,0.66,670.0,-0.605,Motor_en_operacion,0.9804
2026-07-24 10:34:36,OPTA_GW_1,NICLABH1,172,0.0322,0.0803,0.9573,26.92,58.17,0.66,670.0,0.02,Motor_en_operacion,0.996
2026-07-24 10:34:37,OPTA_GW_1,NICLABH1,173,0.0315,0.0774,0.9556,26.92,58.17,0.62,580.0,-1.095,Motor_en_operacion,0.9687
2026-07-24 10:34:38,OPTA_GW_1,NICLABH1,174,0.0342,0.0781,0.9551,26.92,58.17,0.62,580.0,-0.707,Motor_en_operacion,0.9648
2026-07-24 10:34:40,OPTA_GW_1,NICLABH1,175,0.0264,0.0767,0.9553,26.92,58.18,0.58,510.0,-0.073,Motor_en_operacion,0.9804
2026-07-24 10:34:41,OPTA_GW_1,NICLABH1,176,0.0298,0.073,0.9524,26.92,58.18,0.58,510.0,-0.902,Motor_en_operacion,0.9882
2026-07-24 10:34:42,OPTA_GW_1,NICLABH1,177,0.0315,0.0759,0.9521,26.92,58.18,0.58,510.0,0.466,Motor_en_operacion,0.9921
2026-07-24 10:34:43,OPTA_GW_1,NICLABH1,178,0.032,0.0759,0.9536,26.92,58.19,0.66,700.0,-0.56,Motor_en_operacion,0.9765
2026-07-24 10:34:45,OPTA_GW_1,NICLABH1,179,0.0286,0.0762,0.9534,26.92,58.19,0.66,700.0,-0.222,Motor_en_operacion,0.9921
2026-07-24 10:34:46,OPTA_GW_1,NICLABH1,180,0.0295,0.0779,0.9556,26.91,58.22,0.72,830.0,-0.848,Motor_en_operacion,0.9765
2026-07-24 10:34:47,OPTA_GW_1,NICLABH1,181,0.0283,0.0796,0.9565,26.91,58.22,0.72,830.0,-0.185,Motor_en_operacion,0.9921
2026-07-24 10:34:48,OPTA_GW_1,NICLABH1,182,0.0254,0.0723,0.9534,26.91,58.22,0.72,830.0,-0.644,Motor_en_operacion,0.9765
2026-07-24 10:34:49,OPTA_GW_1,NICLABH1,183,0.0303,0.0754,0.9531,26.91,58.22,0.76,890.0,0.375,Motor_en_operacion,0.9648
2026-07-24 10:34:51,OPTA_GW_1,NICLABH1,184,0.03,0.0718,0.9514,26.91,58.22,0.76,890.0,-0.32,Motor_en_operacion,0.9882
2026-07-24 10:34:52,OPTA_GW_1,NICLABH1,185,0.031,0.0776,0.9531,26.91,58.21,0.79,940.0,-1.013,Motor_en_operacion,0.9804
2026-07-24 10:34:53,OPTA_GW_1,NICLABH1,186,0.031,0.0737,0.9531,26.91,58.21,0.79,940.0,-0.433,Motor_en_operacion,0.9765
2026-07-24 10:34:54,OPTA_GW_1,NICLABH1,187,0.0291,0.0757,0.9517,26.91,58.21,0.79,940.0,-0.855,Motor_en_operacion,0.9726
2026-07-24 10:34:56,OPTA_GW_1,NICLABH1,188,0.0291,0.0732,0.9531,26.92,58.19,0.7,760.0,-0.242,Motor_en_operacion,0.9687
2026-07-24 10:34:57,OPTA_GW_1,NICLABH1,189,0.0293,0.0786,0.9551,26.92,58.19,0.7,760.0,-0.551,Motor_en_operacion,0.9765
2026-07-24 10:34:58,OPTA_GW_1,NICLABH1,190,0.0261,0.075,0.9541,26.93,58.16,0.74,860.0,-0.438,Motor_en_operacion,0.9843
2026-07-24 10:34:59,OPTA_GW_1,NICLABH1,191,0.032,0.0791,0.9558,26.93,58.16,0.74,860.0,-0.038,Motor_en_operacion,0.9882
2026-07-24 10:35:01,OPTA_GW_1,NICLABH1,192,0.0261,0.075,0.9551,26.93,58.16,0.74,860.0,-0.611,Motor_en_operacion,0.8828
2026-07-24 10:35:02,OPTA_GW_1,NICLABH1,193,0.0312,0.0789,0.957,26.93,58.17,0.66,690.0,-0.263,Motor_en_operacion,0.9882
2026-07-24 10:35:03,OPTA_GW_1,NICLABH1,194,0.0256,0.0759,0.9551,26.93,58.17,0.66,690.0,-0.474,Motor_en_operacion,0.9687
2026-07-24 10:35:04,OPTA_GW_1,NICLABH1,195,0.0291,0.073,0.9539,26.93,58.18,0.72,820.0,-0.603,Motor_en_operacion,0.9882
2026-07-24 10:35:05,OPTA_GW_1,NICLABH1,196,0.0273,0.0706,0.9509,26.93,58.18,0.72,820.0,-0.563,Motor_en_operacion,0.9843
2026-07-24 10:35:07,OPTA_GW_1,NICLABH1,197,0.0281,0.0771,0.9558,26.93,58.18,0.72,820.0,-0.784,Motor_en_operacion,0.9218
2026-07-24 10:35:08,OPTA_GW_1,NICLABH1,198,0.0288,0.0759,0.9539,26.93,58.19,0.77,900.0,-0.31,Motor_en_operacion,0.9492
2026-07-24 10:35:09,OPTA_GW_1,NICLABH1,199,0.0322,0.0747,0.9546,26.93,58.19,0.77,900.0,-0.411,Motor_en_operacion,0.9843
2026-07-24 10:35:10,OPTA_GW_1,NICLABH1,200,0.03,0.0798,0.9573,26.93,58.19,0.68,710.0,-0.397,Motor_en_operacion,0.9726
2026-07-24 10:35:12,OPTA_GW_1,NICLABH1,201,0.0327,0.0784,0.9553,26.93,58.19,0.68,710.0,-0.038,Motor_en_operacion,0.9296
2026-07-24 10:35:13,OPTA_GW_1,NICLABH1,202,0.0295,0.0757,0.9548,26.93,58.19,0.68,710.0,-0.182,Motor_en_operacion,0.9804
2026-07-24 10:35:14,OPTA_GW_1,NICLABH1,203,0.0308,0.0769,0.9563,26.94,58.17,0.72,820.0,-0.477,Motor_en_operacion,0.9843
2026-07-24 10:35:15,OPTA_GW_1,NICLABH1,204,0.0276,0.0759,0.9558,26.94,58.17,0.72,820.0,-0.8,Motor_en_operacion,0.9726
2026-07-24 10:35:17,OPTA_GW_1,NICLABH1,205,0.0383,0.0742,0.9519,26.94,58.18,0.76,890.0,-0.566,Motor_en_operacion,0.9882
2026-07-24 10:35:18,OPTA_GW_1,NICLABH1,206,0.0291,0.0767,0.9539,26.94,58.18,0.76,890.0,-0.188,Motor_en_operacion,0.9804
2026-07-24 10:35:19,OPTA_GW_1,NICLABH1,207,0.0334,0.0759,0.9551,26.94,58.18,0.76,890.0,-0.53,Motor_en_operacion,0.9687
2026-07-24 10:35:20,OPTA_GW_1,NICLABH1,208,0.0315,0.0771,0.9539,26.93,58.21,0.79,950.0,-0.05,Motor_en_operacion,0.9882
2026-07-24 10:35:21,OPTA_GW_1,NICLABH1,209,0.032,0.073,0.9539,26.93,58.21,0.79,950.0,-0.342,Motor_en_operacion,0.9843
2026-07-24 10:35:23,OPTA_GW_1,NICLABH1,210,0.0291,0.0789,0.9548,26.93,58.21,0.79,980.0,-0.279,Motor_en_operacion,0.9921
2026-07-24 10:35:24,OPTA_GW_1,NICLABH1,211,0.0278,0.0767,0.9546,26.93,58.21,0.79,980.0,-0.388,Motor_en_operacion,0.9687
2026-07-24 10:35:25,OPTA_GW_1,NICLABH1,212,0.0325,0.0762,0.9519,26.93,58.21,0.79,980.0,-0.464,Motor_en_operacion,0.9882
2026-07-24 10:35:26,OPTA_GW_1,NICLABH1,213,0.0269,0.0771,0.9548,26.94,58.18,0.82,1000.0,-0.502,Motor_en_operacion,0.9765
2026-07-24 10:35:28,OPTA_GW_1,NICLABH1,214,0.0315,0.0791,0.957,26.94,58.18,0.82,1000.0,-0.3,Motor_en_operacion,0.9882
2026-07-24 10:35:29,OPTA_GW_1,NICLABH1,215,0.0256,0.0696,0.9519,26.95,58.16,0.82,1010.0,-0.253,Motor_en_operacion,0.9648
2026-07-24 10:35:30,OPTA_GW_1,NICLABH1,216,0.0271,0.075,0.9526,26.95,58.16,0.82,1010.0,-0.17,Motor_en_operacion,0.9804
2026-07-24 10:35:31,OPTA_GW_1,NICLABH1,217,0.0254,0.0745,0.9526,26.95,58.16,0.82,1010.0,-0.686,Motor_en_operacion,0.9531
2026-07-24 10:35:33,OPTA_GW_1,NICLABH1,218,0.0276,0.0754,0.9548,26.95,58.17,0.83,1030.0,-0.741,Motor_en_operacion,0.9726
2026-07-24 10:35:34,OPTA_GW_1,NICLABH1,219,0.0312,0.0784,0.957,26.95,58.17,0.83,1030.0,-0.677,Motor_en_operacion,0.996
2026-07-24 10:35:35,OPTA_GW_1,NICLABH1,220,0.0322,0.0769,0.9534,26.95,58.18,0.84,1030.0,-0.31,Motor_en_operacion,0.9921
2026-07-24 10:35:36,OPTA_GW_1,NICLABH1,221,0.0244,0.074,0.9543,26.95,58.18,0.84,1030.0,-0.461,Motor_en_operacion,0.9882
2026-07-24 10:35:38,OPTA_GW_1,NICLABH1,222,0.0278,0.0737,0.9536,26.95,58.18,0.84,1030.0,-0.641,Motor_en_operacion,0.8828
2026-07-24 10:35:39,OPTA_GW_1,NICLABH1,223,0.0293,0.0737,0.9524,26.95,58.18,0.84,1040.0,-0.459,Motor_en_operacion,0.9804
2026-07-24 10:35:40,OPTA_GW_1,NICLABH1,224,0.0295,0.0718,0.9521,26.95,58.18,0.84,1040.0,-0.769,Motor_en_operacion,0.9882
2026-07-24 10:35:41,OPTA_GW_1,NICLABH1,225,0.0293,0.0808,0.9558,26.97,58.13,0.84,1040.0,-0.757,Motor_en_operacion,0.9843
2026-07-24 10:35:42,OPTA_GW_1,NICLABH1,226,0.0295,0.0757,0.9534,26.97,58.13,0.84,1040.0,-0.976,Motor_en_operacion,0.9882
2026-07-24 10:35:44,OPTA_GW_1,NICLABH1,227,0.032,0.0786,0.9548,26.97,58.13,0.84,1040.0,-0.367,Motor_en_operacion,0.9687
2026-07-24 10:35:45,OPTA_GW_1,NICLABH1,228,0.0291,0.0742,0.9541,26.96,58.18,0.85,1050.0,-0.105,Motor_en_operacion,0.9843
2026-07-24 10:35:46,OPTA_GW_1,NICLABH1,229,0.0312,0.0771,0.9553,26.96,58.18,0.85,1050.0,-0.549,Motor_en_operacion,0.996
2026-07-24 10:35:47,OPTA_GW_1,NICLABH1,230,0.03,0.0779,0.9563,26.96,58.18,0.85,1060.0,-0.7,Motor_en_operacion,0.9687
2026-07-24 10:35:49,OPTA_GW_1,NICLABH1,231,0.033,0.0764,0.9541,26.96,58.18,0.85,1060.0,-0.052,Motor_en_operacion,0.9882
2026-07-24 10:35:50,OPTA_GW_1,NICLABH1,232,0.0327,0.0789,0.9553,26.96,58.18,0.85,1060.0,-0.758,Motor_en_operacion,0.9804
2026-07-24 10:35:51,OPTA_GW_1,NICLABH1,233,0.0288,0.0771,0.9541,26.96,58.19,0.85,1060.0,-0.354,Motor_en_operacion,0.9843
2026-07-24 10:35:52,OPTA_GW_1,NICLABH1,234,0.0286,0.074,0.9536,26.96,58.19,0.85,1060.0,-0.663,Motor_en_operacion,0.9882
2026-07-24 10:35:54,OPTA_GW_1,NICLABH1,235,0.0327,0.0784,0.9543,26.95,58.22,0.85,1050.0,-0.199,Motor_en_operacion,0.9882
2026-07-24 10:35:55,OPTA_GW_1,NICLABH1,236,0.0271,0.0776,0.9563,26.95,58.22,0.85,1050.0,-0.403,Motor_en_operacion,0.9921
2026-07-24 10:35:56,OPTA_GW_1,NICLABH1,237,0.033,0.0815,0.9575,26.95,58.22,0.85,1050.0,-0.307,Motor_en_operacion,0.9843
2026-07-24 10:35:57,OPTA_GW_1,NICLABH1,238,0.0291,0.0747,0.9539,26.96,58.19,0.84,1050.0,-1.057,Motor_en_operacion,0.9492
2026-07-24 10:35:58,OPTA_GW_1,NICLABH1,239,0.0305,0.0781,0.9551,26.96,58.19,0.84,1050.0,-0.378,Motor_en_operacion,0.9648
2026-07-24 10:36:00,OPTA_GW_1,NICLABH1,240,0.0256,0.074,0.9529,26.97,58.17,0.85,1060.0,-0.24,Motor_en_operacion,0.9765
2026-07-24 10:36:01,OPTA_GW_1,NICLABH1,241,0.0361,0.0796,0.957,26.97,58.17,0.85,1060.0,-0.024,Motor_en_operacion,0.9843
2026-07-24 10:36:02,OPTA_GW_1,NICLABH1,242,0.0269,0.0735,0.9526,26.97,58.17,0.85,1060.0,-0.647,Motor_en_operacion,0.9882
2026-07-24 10:36:03,OPTA_GW_1,NICLABH1,243,0.0315,0.0779,0.9553,26.98,58.15,0.84,1050.0,0.169,Motor_en_operacion,0.9882
2026-07-24 10:36:05,OPTA_GW_1,NICLABH1,244,0.0286,0.0762,0.9539,26.98,58.15,0.84,1050.0,-0.364,Motor_en_operacion,0.9882
2026-07-24 10:36:06,OPTA_GW_1,NICLABH1,245,0.031,0.0757,0.9553,26.96,58.21,0.84,1040.0,-0.502,Motor_en_operacion,0.9882
2026-07-24 10:36:07,OPTA_GW_1,NICLABH1,246,0.03,0.0769,0.9548,26.96,58.21,0.84,1040.0,-0.104,Motor_en_operacion,0.9804
2026-07-24 10:36:08,OPTA_GW_1,NICLABH1,247,0.032,0.0745,0.9546,26.96,58.21,0.84,1040.0,-0.44,Motor_en_operacion,0.9687
2026-07-24 10:39:30,OPTA_GW_1,NICLABH1,410,0.0283,0.0742,0.9524,27.03,57.2,0.65,660.0,-0.613,Motor_en_operacion,0.9882
2026-07-24 10:39:31,OPTA_GW_1,NICLABH1,411,0.0366,0.0771,0.9553,27.03,57.2,0.65,660.0,-0.826,Motor_en_operacion,0.9804
2026-07-24 10:39:32,OPTA_GW_1,NICLABH1,412,0.0264,0.0718,0.9524,27.03,57.2,0.65,660.0,-0.517,Motor_en_operacion,0.9843
2026-07-24 10:39:33,OPTA_GW_1,NICLABH1,413,0.0342,0.0798,0.9543,27.03,57.2,0.71,780.0,-0.845,Motor_en_operacion,0.9921
2026-07-24 10:39:34,OPTA_GW_1,NICLABH1,414,0.031,0.0786,0.9548,27.03,57.2,0.71,780.0,-0.17,Motor_en_operacion,0.9843
2026-07-24 10:39:36,OPTA_GW_1,NICLABH1,415,0.0317,0.0811,0.9573,27.03,57.2,0.64,620.0,-0.914,Motor_en_operacion,0.9804
2026-07-24 10:39:37,OPTA_GW_1,NICLABH1,416,0.0281,0.0767,0.9546,27.03,57.2,0.64,620.0,-0.512,Motor_en_operacion,0.957
2026-07-24 10:39:38,OPTA_GW_1,NICLABH1,417,0.0286,0.0781,0.9565,27.03,57.2,0.64,620.0,-0.731,Motor_en_operacion,0.9453
2026-07-24 10:39:39,OPTA_GW_1,NICLABH1,418,0.0271,0.0759,0.9551,27.03,57.2,0.59,540.0,-0.16,Motor_en_operacion,0.9921
2026-07-24 10:39:41,OPTA_GW_1,NICLABH1,419,0.0295,0.0745,0.9551,27.03,57.2,0.59,540.0,-0.232,Motor_en_operacion,0.9687
2026-07-24 10:39:42,OPTA_GW_1,NICLABH1,420,0.033,0.0779,0.9543,27.02,57.23,0.58,470.0,-0.334,Motor_en_operacion,0.996
2026-07-24 10:39:43,OPTA_GW_1,NICLABH1,421,0.0315,0.0789,0.9575,27.02,57.23,0.58,470.0,-0.021,Motor_en_operacion,0.9687
2026-07-24 10:39:44,OPTA_GW_1,NICLABH1,422,0.0288,0.0752,0.9521,27.02,57.23,0.58,470.0,-0.351,Motor_en_operacion,0.9726
2026-07-24 10:39:46,OPTA_GW_1,NICLABH1,423,0.0288,0.0762,0.9565,27.02,57.22,0.65,640.0,-0.419,Motor_en_operacion,0.9921
2026-07-24 10:39:47,OPTA_GW_1,NICLABH1,424,0.0322,0.0791,0.9568,27.02,57.22,0.65,640.0,0.092,Motor_en_operacion,0.996
2026-07-24 10:39:48,OPTA_GW_1,NICLABH1,425,0.0249,0.0764,0.9558,27.02,57.22,0.61,560.0,-0.157,Motor_en_operacion,0.9843
2026-07-24 10:39:49,OPTA_GW_1,NICLABH1,426,0.0273,0.075,0.9539,27.02,57.22,0.61,560.0,-0.862,Motor_en_operacion,0.9921
2026-07-24 10:39:50,OPTA_GW_1,NICLABH1,427,0.0366,0.0715,0.9524,27.02,57.22,0.61,560.0,0.026,Motor_en_operacion,0.9882
2026-07-24 10:39:52,OPTA_GW_1,NICLABH1,428,0.0293,0.075,0.9529,27.01,57.24,0.58,490.0,-0.775,Motor_en_operacion,0.9882
2026-07-24 10:39:53,OPTA_GW_1,NICLABH1,429,0.0256,0.0732,0.9543,27.01,57.24,0.58,490.0,-0.387,Motor_en_operacion,0.9804
2026-07-24 10:39:54,OPTA_GW_1,NICLABH1,430,0.0327,0.082,0.9568,27.0,57.26,0.57,450.0,-0.483,Motor_en_operacion,0.9843
2026-07-24 10:39:55,OPTA_GW_1,NICLABH1,431,0.0286,0.0764,0.9565,27.0,57.26,0.57,450.0,-0.659,Motor_en_operacion,0.8828
2026-07-24 10:39:57,OPTA_GW_1,NICLABH1,432,0.0273,0.0754,0.9539,27.0,57.26,0.57,450.0,-0.312,Motor_en_operacion,0.9882
2026-07-24 10:39:58,OPTA_GW_1,NICLABH1,433,0.0342,0.0781,0.9526,26.99,57.27,0.56,420.0,-0.413,Motor_en_operacion,0.9804
2026-07-24 10:39:59,OPTA_GW_1,NICLABH1,434,0.0298,0.075,0.9546,26.99,57.27,0.56,420.0,-0.225,Motor_en_operacion,0.9843
2026-07-24 10:40:00,OPTA_GW_1,NICLABH1,435,0.0278,0.0757,0.9536,27.0,57.23,0.55,400.0,0.019,Motor_en_operacion,0.9882
2026-07-24 10:40:02,OPTA_GW_1,NICLABH1,436,0.0308,0.0808,0.957,27.0,57.23,0.55,400.0,-0.662,Motor_en_operacion,0.996
2026-07-24 10:40:03,OPTA_GW_1,NICLABH1,437,0.0298,0.0713,0.9526,27.0,57.23,0.55,400.0,0.328,Motor_en_operacion,0.9843
2026-07-24 10:40:04,OPTA_GW_1,NICLABH1,438,0.0315,0.0781,0.9534,27.0,57.23,0.63,610.0,-1.105,Motor_en_operacion,0.9843
2026-07-24 10:40:05,OPTA_GW_1,NICLABH1,439,0.0286,0.0776,0.9573,27.0,57.23,0.63,610.0,-1.105,Motor_en_operacion,0.9804
2026-07-24 10:40:07,OPTA_GW_1,NICLABH1,440,0.03,0.0793,0.9551,27.0,57.22,0.69,740.0,-0.728,Motor_en_operacion,0.9843
2026-07-24 10:40:08,OPTA_GW_1,NICLABH1,441,0.031,0.073,0.9512,27.0,57.22,0.69,740.0,-0.282,Motor_en_operacion,0.914
2026-07-24 10:40:09,OPTA_GW_1,NICLABH1,442,0.0293,0.0789,0.9556,27.0,57.22,0.69,740.0,-0.791,Motor_en_operacion,0.9921
2026-07-24 10:40:10,OPTA_GW_1,NICLABH1,443,0.03,0.0774,0.9536,27.01,57.19,0.63,610.0,-0.288,Motor_en_operacion,0.9843
2026-07-24 10:40:11,OPTA_GW_1,NICLABH1,444,0.0322,0.0737,0.9546,27.01,57.19,0.63,610.0,-0.917,Motor_en_operacion,0.9687
2026-07-24 10:40:13,OPTA_GW_1,NICLABH1,445,0.0337,0.0747,0.9517,27.01,57.19,0.58,490.0,-1.016,Motor_en_operacion,0.9882
2026-07-24 10:40:14,OPTA_GW_1,NICLABH1,446,0.0291,0.0764,0.9541,27.01,57.19,0.58,490.0,-0.204,Motor_en_operacion,0.9453
2026-07-24 10:40:15,OPTA_GW_1,NICLABH1,447,0.0269,0.0728,0.9536,27.01,57.19,0.58,490.0,-0.413,Motor_en_operacion,0.9765
2026-07-24 10:40:16,OPTA_GW_1,NICLABH1,448,0.0298,0.0786,0.9556,27.02,57.17,0.57,450.0,-0.476,Motor_en_operacion,0.9804
2026-07-24 10:40:18,OPTA_GW_1,NICLABH1,449,0.0298,0.0747,0.9531,27.02,57.17,0.57,450.0,-0.317,Motor_en_operacion,0.9843
2026-07-24 10:40:19,OPTA_GW_1,NICLABH1,450,0.0283,0.0764,0.9558,27.03,57.15,0.64,630.0,-0.156,Motor_en_operacion,0.9882
2026-07-24 10:40:20,OPTA_GW_1,NICLABH1,451,0.0273,0.0791,0.9558,27.03,57.15,0.64,630.0,-0.578,Motor_en_operacion,0.9687
2026-07-24 10:40:21,OPTA_GW_1,NICLABH1,452,0.0281,0.0745,0.9541,27.03,57.15,0.64,630.0,-0.915,Motor_en_operacion,0.9609
2026-07-24 10:40:23,OPTA_GW_1,NICLABH1,453,0.03,0.0784,0.9541,27.03,57.16,0.71,790.0,-0.489,Motor_en_operacion,0.9804
2026-07-24 10:40:24,OPTA_GW_1,NICLABH1,454,0.0295,0.0742,0.9534,27.03,57.16,0.71,790.0,-0.524,Motor_en_operacion,0.9609
2026-07-24 10:40:25,OPTA_GW_1,NICLABH1,455,0.0288,0.0815,0.9578,27.03,57.17,0.65,660.0,0.151,Motor_en_operacion,0.9843
2026-07-24 10:40:26,OPTA_GW_1,NICLABH1,456,0.0303,0.0781,0.9551,27.03,57.17,0.65,660.0,-0.231,Motor_en_operacion,0.9804
2026-07-24 10:40:28,OPTA_GW_1,NICLABH1,457,0.0325,0.0781,0.9553,27.03,57.17,0.65,660.0,-0.104,Motor_en_operacion,0.9921
2026-07-24 10:40:29,OPTA_GW_1,NICLABH1,458,0.0242,0.074,0.9519,27.04,58.15,0.71,780.0,-0.568,Motor_en_operacion,0.9609
2026-07-24 10:40:30,OPTA_GW_1,NICLABH1,459,0.0393,0.0752,0.9539,27.04,58.15,0.71,780.0,-0.345,Motor_en_operacion,0.9921
2026-07-24 10:40:31,OPTA_GW_1,NICLABH1,460,0.0291,0.0823,0.9573,27.04,58.16,0.75,870.0,0.014,Motor_en_operacion,0.9921
2026-07-24 10:40:32,OPTA_GW_1,NICLABH1,461,0.0264,0.0713,0.9514,27.04,58.16,0.75,870.0,-0.786,Motor_en_operacion,0.8945
2026-07-24 10:40:34,OPTA_GW_1,NICLABH1,462,0.03,0.0771,0.9548,27.04,58.16,0.75,870.0,-0.381,Motor_en_operacion,0.9882
2026-07-24 10:40:35,OPTA_GW_1,NICLABH1,463,0.0305,0.0735,0.9539,27.04,58.17,0.77,920.0,-0.295,Motor_en_operacion,0.9843
2026-07-24 10:40:36,OPTA_GW_1,NICLABH1,464,0.0364,0.0791,0.9541,27.04,58.17,0.77,920.0,-0.361,Motor_en_operacion,0.9765
2026-07-24 10:40:37,OPTA_GW_1,NICLABH1,465,0.03,0.0781,0.9568,27.04,58.18,0.68,730.0,-0.509,Motor_en_operacion,0.9882
2026-07-24 10:40:39,OPTA_GW_1,NICLABH1,466,0.0293,0.0784,0.9553,27.04,58.18,0.68,730.0,-0.541,Motor_en_operacion,0.9882
2026-07-24 10:40:40,OPTA_GW_1,NICLABH1,467,0.0271,0.0759,0.9553,27.04,58.18,0.68,730.0,-0.652,Motor_en_operacion,0.9648
2026-07-24 10:40:41,OPTA_GW_1,NICLABH1,468,0.0339,0.0789,0.9551,27.04,58.19,0.72,830.0,-0.715,Motor_en_operacion,0.9765
2026-07-24 10:40:42,OPTA_GW_1,NICLABH1,469,0.0254,0.0769,0.9558,27.04,58.19,0.72,830.0,-0.219,Motor_en_operacion,0.9921
2026-07-24 10:40:44,OPTA_GW_1,NICLABH1,470,0.0334,0.0774,0.9548,27.03,58.22,0.76,900.0,0.238,Motor_en_operacion,0.9921
2026-07-24 10:40:45,OPTA_GW_1,NICLABH1,471,0.0308,0.0732,0.9546,27.03,58.22,0.76,900.0,-0.347,Motor_en_operacion,0.9726
2026-07-24 10:40:46,OPTA_GW_1,NICLABH1,472,0.0334,0.0767,0.9556,27.03,58.22,0.76,900.0,-0.612,Motor_en_operacion,0.9804
2026-07-24 10:40:47,OPTA_GW_1,NICLABH1,473,0.031,0.0769,0.9536,27.04,58.19,0.79,940.0,-0.81,Motor_en_operacion,0.9804
2026-07-24 10:40:49,OPTA_GW_1,NICLABH1,474,0.0332,0.0771,0.9558,27.04,58.19,0.79,940.0,0.047,Motor_en_operacion,0.9882
2026-07-24 10:40:50,OPTA_GW_1,NICLABH1,475,0.0293,0.0752,0.9526,27.04,58.19,0.69,740.0,-0.593,Motor_en_operacion,0.9492
2026-07-24 10:40:51,OPTA_GW_1,NICLABH1,476,0.0344,0.0779,0.9543,27.04,58.19,0.69,740.0,-0.202,Motor_en_operacion,0.9882
2026-07-24 10:40:52,OPTA_GW_1,NICLABH1,477,0.03,0.0786,0.9563,27.04,58.19,0.69,740.0,-0.155,Motor_en_operacion,0.9882
2026-07-24 10:40:54,OPTA_GW_1,NICLABH1,478,0.0349,0.0818,0.9587,27.05,58.17,0.74,840.0,-0.618,Motor_en_operacion,0.9921
2026-07-24 10:40:55,OPTA_GW_1,NICLABH1,479,0.0251,0.0767,0.9543,27.05,58.17,0.74,840.0,-1.313,Motor_en_operacion,0.9921
2026-07-24 10:40:56,OPTA_GW_1,NICLABH1,480,0.0322,0.0789,0.9563,27.05,58.18,0.77,900.0,-0.669,Motor_en_operacion,0.9843
2026-07-24 10:40:57,OPTA_GW_1,NICLABH1,481,0.0293,0.0774,0.9534,27.05,58.18,0.77,900.0,-1.161,Motor_en_operacion,0.9648
2026-07-24 10:40:59,OPTA_GW_1,NICLABH1,482,0.0232,0.0781,0.9575,27.05,58.18,0.77,900.0,-0.26,Motor_en_operacion,0.9492
2026-07-24 10:41:00,OPTA_GW_1,NICLABH1,483,0.0334,0.0828,0.9561,27.05,58.18,0.79,950.0,-0.564,Motor_en_operacion,0.9882
2026-07-24 10:41:01,OPTA_GW_1,NICLABH1,484,0.0288,0.0754,0.9543,27.05,58.18,0.79,950.0,-0.634,Motor_en_operacion,0.9843
2026-07-24 10:41:02,OPTA_GW_1,NICLABH1,485,0.0303,0.0803,0.9568,27.05,58.19,0.79,960.0,-0.403,Motor_en_operacion,0.9921
2026-07-24 10:41:03,OPTA_GW_1,NICLABH1,486,0.0344,0.0728,0.9526,27.05,58.19,0.79,960.0,-0.104,Motor_en_operacion,0.9882
2026-07-24 10:41:05,OPTA_GW_1,NICLABH1,487,0.0342,0.0786,0.9548,27.05,58.19,0.79,960.0,-0.316,Motor_en_operacion,0.9921
2026-07-24 10:41:06,OPTA_GW_1,NICLABH1,488,0.0339,0.0798,0.9556,27.05,58.19,0.81,980.0,-0.777,Motor_en_operacion,0.9921
2026-07-24 10:41:07,OPTA_GW_1,NICLABH1,489,0.0356,0.0764,0.9539,27.05,58.19,0.81,980.0,-0.77,Motor_en_operacion,0.9882
2026-07-24 10:41:08,OPTA_GW_1,NICLABH1,490,0.0254,0.0771,0.9556,27.05,58.19,0.7,770.0,-0.702,Motor_en_operacion,0.8828
2026-07-24 10:41:10,OPTA_GW_1,NICLABH1,491,0.0332,0.0764,0.9543,27.05,58.19,0.7,770.0,-0.167,Motor_en_operacion,0.9921
2026-07-24 10:41:11,OPTA_GW_1,NICLABH1,492,0.0317,0.0791,0.9563,27.05,58.19,0.7,770.0,-0.703,Motor_en_operacion,0.9687
2026-07-24 10:41:12,OPTA_GW_1,NICLABH1,493,0.032,0.0784,0.9548,27.05,58.2,0.72,840.0,-0.174,Motor_en_operacion,0.9531
2026-07-24 10:41:13,OPTA_GW_1,NICLABH1,494,0.031,0.0759,0.9546,27.05,58.2,0.72,840.0,-0.358,Motor_en_operacion,0.9687
2026-07-24 10:41:15,OPTA_GW_1,NICLABH1,495,0.0288,0.0779,0.9548,27.04,57.22,0.66,680.0,-0.617,Motor_en_operacion,0.9726
2026-07-24 10:41:16,OPTA_GW_1,NICLABH1,496,0.0286,0.0767,0.9546,27.04,57.22,0.66,680.0,-0.383,Motor_en_operacion,0.996
2026-07-24 10:41:17,OPTA_GW_1,NICLABH1,497,0.0312,0.0764,0.9531,27.04,57.22,0.66,680.0,-0.278,Motor_en_operacion,0.9921
2026-07-24 10:41:18,OPTA_GW_1,NICLABH1,498,0.0261,0.0762,0.9543,27.05,57.19,0.71,790.0,-0.876,Motor_en_operacion,0.9531
2026-07-24 10:41:20,OPTA_GW_1,NICLABH1,499,0.031,0.0747,0.9526,27.05,57.19,0.71,790.0,-0.707,Motor_en_operacion,0.996
2026-07-24 10:41:21,OPTA_GW_1,NICLABH1,500,0.0303,0.0801,0.9565,27.06,57.17,0.75,870.0,0.195,Motor_en_operacion,0.9882
2026-07-24 10:41:22,OPTA_GW_1,NICLABH1,501,0.032,0.0759,0.9536,27.06,57.17,0.75,870.0,-0.769,Motor_en_operacion,0.9765
2026-07-24 10:41:23,OPTA_GW_1,NICLABH1,502,0.0327,0.0791,0.9551,27.06,57.17,0.75,870.0,-0.636,Motor_en_operacion,0.9843
2026-07-24 10:41:24,OPTA_GW_1,NICLABH1,503,0.0312,0.0776,0.9561,27.03,57.25,0.66,700.0,-0.552,Motor_en_operacion,0.9882
2026-07-24 10:41:26,OPTA_GW_1,NICLABH1,504,0.0322,0.0786,0.9548,27.03,57.25,0.66,700.0,-0.649,Motor_en_operacion,0.9843
2026-07-24 10:41:27,OPTA_GW_1,NICLABH1,505,0.0334,0.0776,0.9563,27.04,57.22,0.71,790.0,-0.716,Motor_en_operacion,0.9687
2026-07-24 10:41:28,OPTA_GW_1,NICLABH1,506,0.0295,0.0764,0.9543,27.04,57.22,0.71,790.0,-0.427,Motor_en_operacion,0.9843
2026-07-24 10:41:29,OPTA_GW_1,NICLABH1,507,0.0283,0.0745,0.9534,27.04,57.22,0.71,790.0,-0.352,Motor_en_operacion,0.9882
2026-07-24 10:41:31,OPTA_GW_1,NICLABH1,508,0.0288,0.0776,0.9561,27.05,57.19,0.75,860.0,-0.745,Motor_en_operacion,0.9882
2026-07-24 10:41:32,OPTA_GW_1,NICLABH1,509,0.0286,0.0762,0.9541,27.05,57.19,0.75,860.0,-0.581,Motor_en_operacion,0.9531
2026-07-24 10:41:33,OPTA_GW_1,NICLABH1,510,0.0312,0.0754,0.9519,27.04,57.22,0.77,920.0,-0.52,Motor_en_operacion,0.9804
2026-07-24 10:41:34,OPTA_GW_1,NICLABH1,511,0.03,0.0752,0.9543,27.04,57.22,0.77,920.0,-0.273,Motor_en_operacion,0.9921
2026-07-24 10:41:35,OPTA_GW_1,NICLABH1,512,0.0383,0.0806,0.9546,27.04,57.22,0.77,920.0,-0.586,Motor_en_operacion,0.9843
2026-07-24 10:41:37,OPTA_GW_1,NICLABH1,513,0.0293,0.0789,0.9568,27.05,57.19,0.69,740.0,-0.211,Motor_en_operacion,0.9921
2026-07-24 10:41:38,OPTA_GW_1,NICLABH1,514,0.0283,0.0779,0.9558,27.05,57.19,0.69,740.0,-0.636,Motor_en_operacion,0.9921
2026-07-24 10:41:39,OPTA_GW_1,NICLABH1,515,0.0312,0.0767,0.9531,27.04,57.22,0.63,610.0,-0.665,Motor_en_operacion,0.9726
2026-07-24 10:41:40,OPTA_GW_1,NICLABH1,516,0.0327,0.0796,0.9558,27.04,57.22,0.63,610.0,-0.013,Motor_en_operacion,0.9843
2026-07-24 10:41:42,OPTA_GW_1,NICLABH1,517,0.0291,0.0776,0.9565,27.04,57.22,0.63,610.0,-0.22,Motor_en_operacion,0.996
2026-07-24 10:41:43,OPTA_GW_1,NICLABH1,518,0.0291,0.0789,0.9568,27.04,57.21,0.59,520.0,-0.355,Motor_en_operacion,0.9765
2026-07-24 10:41:44,OPTA_GW_1,NICLABH1,519,0.0303,0.0796,0.9568,27.04,57.21,0.59,520.0,-0.839,Motor_en_operacion,0.9765
2026-07-24 10:41:45,OPTA_GW_1,NICLABH1,520,0.0288,0.0779,0.9553,27.05,57.19,0.57,460.0,-0.851,Motor_en_operacion,0.9882
2026-07-24 10:41:47,OPTA_GW_1,NICLABH1,521,0.0266,0.0759,0.9534,27.05,57.19,0.57,460.0,-0.65,Motor_en_operacion,0.9765
2026-07-24 10:41:48,OPTA_GW_1,NICLABH1,522,0.0315,0.0774,0.9536,27.05,57.19,0.57,460.0,-0.222,Motor_en_operacion,0.9882
2026-07-24 10:41:49,OPTA_GW_1,NICLABH1,523,0.0344,0.0818,0.9548,27.05,57.19,0.64,630.0,-0.129,Motor_en_operacion,0.9765
2026-07-24 10:41:50,OPTA_GW_1,NICLABH1,524,0.0293,0.074,0.9546,27.05,57.19,0.64,630.0,-0.004,Motor_en_operacion,0.9804
2026-07-24 10:41:52,OPTA_GW_1,NICLABH1,525,0.0339,0.0803,0.9575,27.05,57.19,0.59,530.0,-0.212,Motor_en_operacion,0.9921
2026-07-24 10:41:53,OPTA_GW_1,NICLABH1,526,0.0305,0.0747,0.9543,27.05,57.19,0.59,530.0,-0.084,Motor_en_operacion,0.9921
2026-07-24 10:41:54,OPTA_GW_1,NICLABH1,527,0.0315,0.0825,0.9585,27.05,57.19,0.59,530.0,-1.036,Motor_en_operacion,0.9882
2026-07-24 10:41:55,OPTA_GW_1,NICLABH1,528,0.0342,0.0769,0.9561,27.05,57.19,0.57,470.0,-0.189,Motor_en_operacion,0.9804
2026-07-24 10:41:57,OPTA_GW_1,NICLABH1,529,0.03,0.0762,0.9539,27.05,57.19,0.57,470.0,-0.34,Motor_en_operacion,0.9726
2026-07-24 10:41:58,OPTA_GW_1,NICLABH1,530,0.0286,0.0732,0.9534,27.06,57.17,0.56,430.0,-0.656,Motor_en_operacion,0.9804
2026-07-24 10:41:59,OPTA_GW_1,NICLABH1,531,0.0293,0.0813,0.9578,27.06,57.17,0.56,430.0,-0.421,Motor_en_operacion,0.996
2026-07-24 10:42:00,OPTA_GW_1,NICLABH1,532,0.0254,0.075,0.9553,27.06,57.17,0.56,430.0,-0.315,Motor_en_operacion,0.9921
2026-07-24 10:42:01,OPTA_GW_1,NICLABH1,533,0.0298,0.0754,0.9546,27.06,57.18,0.64,620.0,-0.776,Motor_en_operacion,0.9726
2026-07-24 10:42:03,OPTA_GW_1,NICLABH1,534,0.0293,0.0769,0.9553,27.06,57.18,0.64,620.0,-0.662,Motor_en_operacion,0.9453
2026-07-24 10:42:04,OPTA_GW_1,NICLABH1,535,0.0312,0.074,0.9531,27.06,57.18,0.59,530.0,-0.911,Motor_en_operacion,0.9726
2026-07-24 10:42:05,OPTA_GW_1,NICLABH1,536,0.0229,0.0791,0.958,27.06,57.18,0.59,530.0,-0.299,Motor_en_operacion,0.9726
2026-07-24 10:42:06,OPTA_GW_1,NICLABH1,537,0.031,0.0754,0.9534,27.06,57.18,0.59,530.0,-0.181,Motor_en_operacion,0.9882
2026-07-24 10:42:08,OPTA_GW_1,NICLABH1,538,0.0293,0.0752,0.9531,27.06,57.19,0.66,690.0,0.323,Motor_en_operacion,0.9843
2026-07-24 10:42:09,OPTA_GW_1,NICLABH1,539,0.0295,0.0737,0.9534,27.06,57.19,0.66,690.0,-0.46,Motor_en_operacion,0.9531
2026-07-24 10:42:10,OPTA_GW_1,NICLABH1,540,0.0286,0.075,0.9536,27.07,57.16,0.62,570.0,-0.123,Motor_en_operacion,0.9843
2026-07-24 10:42:11,OPTA_GW_1,NICLABH1,541,0.0293,0.0728,0.9524,27.07,57.16,0.62,570.0,-0.441,Motor_en_operacion,0.9882
2026-07-24 10:42:13,OPTA_GW_1,NICLABH1,542,0.03,0.0779,0.9558,27.07,57.16,0.62,570.0,-0.348,Motor_en_operacion,0.9921
2026-07-24 10:42:14,OPTA_GW_1,NICLABH1,543,0.0332,0.0776,0.9568,27.07,57.17,0.58,490.0,-0.25,Motor_en_operacion,0.9921
2026-07-24 10:42:15,OPTA_GW_1,NICLABH1,544,0.0325,0.0762,0.9546,27.07,57.17,0.58,490.0,-0.418,Motor_en_operacion,0.9921
2026-07-24 10:42:16,OPTA_GW_1,NICLABH1,545,0.0312,0.0789,0.9575,27.07,57.18,0.65,660.0,-0.211,Motor_en_operacion,0.9609
2026-07-24 10:42:18,OPTA_GW_1,NICLABH1,546,0.0359,0.0789,0.9556,27.07,57.18,0.65,660.0,-0.223,Motor_en_operacion,0.9921
2026-07-24 10:42:19,OPTA_GW_1,NICLABH1,547,0.031,0.0735,0.9531,27.07,57.18,0.65,660.0,-0.5,Motor_en_operacion,0.9882
2026-07-24 10:42:20,OPTA_GW_1,NICLABH1,548,0.0322,0.0759,0.9529,27.08,57.16,0.71,780.0,-0.985,Motor_en_operacion,0.9921
2026-07-24 10:42:21,OPTA_GW_1,NICLABH1,549,0.0283,0.0732,0.9541,27.08,57.16,0.71,780.0,-0.646,Motor_en_operacion,0.9804
2026-07-24 10:42:22,OPTA_GW_1,NICLABH1,550,0.0334,0.0789,0.9543,27.08,57.17,0.75,860.0,-0.505,Motor_en_operacion,0.9921
2026-07-24 10:42:24,OPTA_GW_1,NICLABH1,551,0.0256,0.075,0.9551,27.08,57.17,0.75,860.0,-0.113,Motor_en_operacion,0.9843
2026-07-24 10:42:25,OPTA_GW_1,NICLABH1,552,0.032,0.0759,0.9519,27.08,57.17,0.75,860.0,-0.014,Motor_en_operacion,0.9804
2026-07-24 10:42:26,OPTA_GW_1,NICLABH1,553,0.0312,0.0715,0.9514,27.07,57.2,0.78,930.0,-0.543,Motor_en_operacion,0.9882
2026-07-24 10:42:27,OPTA_GW_1,NICLABH1,554,0.0283,0.0793,0.9568,27.07,57.2,0.78,930.0,-0.977,Motor_en_operacion,0.9804
2026-07-24 10:42:29,OPTA_GW_1,NICLABH1,555,0.0291,0.0764,0.9558,27.05,57.25,0.69,750.0,0.296,Motor_en_operacion,0.9609
2026-07-24 10:42:30,OPTA_GW_1,NICLABH1,556,0.0317,0.0779,0.9558,27.05,57.25,0.69,750.0,-0.195,Motor_en_operacion,0.9921
2026-07-24 10:42:31,OPTA_GW_1,NICLABH1,557,0.0334,0.0767,0.9543,27.05,57.25,0.69,750.0,-0.597,Motor_en_operacion,0.9921
2026-07-24 10:42:32,OPTA_GW_1,NICLABH1,558,0.0303,0.0725,0.9526,27.05,57.24,0.64,620.0,-0.288,Motor_en_operacion,0.9726
2026-07-24 10:42:34,OPTA_GW_1,NICLABH1,559,0.0352,0.0759,0.9543,27.05,57.24,0.64,620.0,0.055,Motor_en_operacion,0.9687
2026-07-24 10:42:35,OPTA_GW_1,NICLABH1,560,0.0337,0.0784,0.9539,27.05,57.23,0.59,540.0,-0.431,Motor_en_operacion,0.9687
2026-07-24 10:42:36,OPTA_GW_1,NICLABH1,561,0.0269,0.0742,0.9519,27.05,57.23,0.59,540.0,-1.031,Motor_en_operacion,0.9804
2026-07-24 10:42:37,OPTA_GW_1,NICLABH1,562,0.0298,0.073,0.9529,27.05,57.23,0.59,540.0,-0.597,Motor_en_operacion,0.9375
2026-07-24 10:42:39,OPTA_GW_1,NICLABH1,563,0.0376,0.0798,0.9534,27.05,57.23,0.57,450.0,-0.479,Motor_en_operacion,0.9921
2026-07-24 10:42:40,OPTA_GW_1,NICLABH1,564,0.0303,0.0771,0.9553,27.05,57.23,0.57,450.0,-0.25,Motor_en_operacion,0.996
2026-07-24 10:42:41,OPTA_GW_1,NICLABH1,565,0.0303,0.0764,0.9546,27.06,57.2,0.55,410.0,-0.48,Motor_en_operacion,0.9843
2026-07-24 10:42:42,OPTA_GW_1,NICLABH1,566,0.0308,0.0774,0.9563,27.06,57.2,0.55,410.0,-0.564,Motor_en_operacion,0.9882
2026-07-24 10:42:44,OPTA_GW_1,NICLABH1,567,0.0281,0.0767,0.9541,27.06,57.2,0.55,410.0,-1.004,Motor_en_operacion,0.9843
2026-07-24 10:42:47,OPTA_GW_1,NICLABH1,570,0.0249,0.0762,0.9548,27.05,57.22,0.58,500.0,-0.265,Motor_en_operacion,0.9804
2026-07-24 10:42:49,OPTA_GW_1,NICLABH1,571,0.0298,0.0813,0.9561,27.05,57.22,0.58,500.0,-0.653,Motor_en_operacion,0.9882
2026-07-24 10:54:11,OPTA,NICLABH1,20,0.0349,0.0786,0.9546,27.09,57.23,0.48,250.0,-0.314,Motor_en_operacion,0.9843
2026-07-24 10:54:11,OPTA,NICLABH1,21,0.0281,0.0789,0.9543,27.09,57.23,0.48,250.0,-0.553,Motor_en_operacion,0.9843
2026-07-24 10:54:13,OPTA,NICLABH1,22,0.0259,0.0757,0.9529,27.1,57.2,0.48,250.0,-0.39,Motor_en_operacion,0.9882
2026-07-24 10:54:14,OPTA,NICLABH1,23,0.0344,0.082,0.9558,27.1,57.2,0.48,250.0,-0.333,Motor_en_operacion,0.9921
2026-07-24 10:54:15,OPTA,NICLABH1,24,0.0303,0.0737,0.9541,27.1,57.2,0.5,250.0,-0.46,Motor_en_operacion,0.9804
2026-07-24 10:54:16,OPTA,NICLABH1,25,0.032,0.0806,0.9553,27.1,57.2,0.5,250.0,-0.812,Motor_en_operacion,0.9921
2026-07-24 10:54:18,OPTA,NICLABH1,26,0.0286,0.0767,0.9541,27.1,57.2,0.5,250.0,-0.139,Motor_en_operacion,0.9882
2026-07-24 10:54:19,OPTA,NICLABH1,27,0.0317,0.0764,0.9539,27.09,57.23,0.5,250.0,-0.53,Motor_en_operacion,0.9882
2026-07-24 10:54:20,OPTA,NICLABH1,28,0.0291,0.0754,0.9526,27.09,57.23,0.5,250.0,-0.308,Motor_en_operacion,0.9726
2026-07-24 10:54:21,OPTA,NICLABH1,29,0.0286,0.075,0.9539,27.1,57.2,0.5,260.0,-0.34,Motor_en_operacion,0.9804
2026-07-24 10:54:23,OPTA,NICLABH1,30,0.0293,0.0742,0.9524,27.1,57.2,0.5,260.0,-0.948,Motor_en_operacion,0.9531
2026-07-24 10:54:24,OPTA,NICLABH1,31,0.0281,0.0781,0.9578,27.1,57.2,0.5,260.0,-0.699,Motor_en_operacion,0.9765
2026-07-24 10:54:25,OPTA,NICLABH1,32,0.0283,0.0781,0.9548,27.09,57.22,0.51,280.0,-0.199,Motor_en_operacion,0.9921
2026-07-24 10:54:26,OPTA,NICLABH1,33,0.0261,0.0747,0.9541,27.09,57.22,0.51,280.0,-0.999,Motor_en_operacion,0.9882
2026-07-24 10:54:27,OPTA,NICLABH1,34,0.0339,0.083,0.9558,27.09,57.22,0.5,260.0,-0.556,Motor_en_operacion,0.9921
2026-07-24 10:54:29,OPTA,NICLABH1,35,0.0332,0.0769,0.9546,27.09,57.22,0.5,260.0,-0.375,Motor_en_operacion,0.9726
2026-07-24 10:54:30,OPTA,NICLABH1,36,0.0315,0.0784,0.9541,27.09,57.22,0.5,260.0,-0.516,Motor_en_operacion,0.9648
2026-07-24 10:54:31,OPTA,NICLABH1,37,0.0276,0.0737,0.9519,27.1,57.19,0.48,250.0,-0.298,Motor_en_operacion,0.9921
2026-07-24 10:54:32,OPTA,NICLABH1,38,0.0276,0.0747,0.9539,27.1,57.19,0.48,250.0,-0.301,Motor_en_operacion,0.9843
2026-07-24 10:54:34,OPTA,NICLABH1,39,0.0293,0.0767,0.9543,27.11,57.17,0.5,250.0,-0.408,Motor_en_operacion,0.9921
2026-07-24 10:54:35,OPTA,NICLABH1,40,0.033,0.0847,0.958,27.11,57.17,0.5,250.0,-0.165,Motor_en_operacion,0.9882
2026-07-24 10:54:36,OPTA,NICLABH1,41,0.0349,0.0737,0.9514,27.11,57.17,0.5,250.0,-0.681,Motor_en_operacion,0.9804
2026-07-24 10:54:37,OPTA,NICLABH1,42,0.0317,0.0791,0.9541,27.11,57.17,0.51,300.0,-0.326,Motor_en_operacion,0.996
2026-07-24 10:54:39,OPTA,NICLABH1,43,0.0312,0.0769,0.9541,27.11,57.17,0.51,300.0,-0.59,Motor_en_operacion,0.9804
2026-07-24 10:54:40,OPTA,NICLABH1,44,0.0327,0.0789,0.9543,27.11,57.18,0.52,320.0,0.405,Motor_en_operacion,0.9882
2026-07-24 10:54:41,OPTA,NICLABH1,45,0.0291,0.0796,0.9561,27.11,57.18,0.52,320.0,0.113,Motor_en_operacion,0.9921
2026-07-24 10:54:42,OPTA,NICLABH1,46,0.0288,0.0798,0.9561,27.11,57.18,0.52,320.0,-0.529,Motor_en_operacion,0.9804
2026-07-24 10:54:44,OPTA,NICLABH1,47,0.0322,0.0762,0.9539,27.1,57.21,0.52,340.0,-0.554,Motor_en_operacion,0.9843
2026-07-24 10:54:45,OPTA,NICLABH1,48,0.0276,0.0774,0.9541,27.1,57.21,0.52,340.0,-1.055,Motor_en_operacion,0.9921
2026-07-24 10:54:46,OPTA,NICLABH1,49,0.0325,0.0811,0.957,27.11,57.18,0.52,340.0,-0.748,Motor_en_operacion,0.9843
2026-07-24 10:54:47,OPTA,NICLABH1,50,0.031,0.0791,0.9556,27.11,57.18,0.52,340.0,-0.33,Motor_en_operacion,0.9921
2026-07-24 10:54:48,OPTA,NICLABH1,51,0.0286,0.0781,0.9551,27.11,57.18,0.52,340.0,-0.049,Motor_en_operacion,0.9843
2026-07-24 10:54:50,OPTA,NICLABH1,52,0.03,0.0784,0.9546,27.11,57.19,0.52,330.0,-0.379,Motor_en_operacion,0.9843
2026-07-24 10:54:51,OPTA,NICLABH1,53,0.03,0.0784,0.9543,27.11,57.19,0.52,330.0,-0.381,Motor_en_operacion,0.9843
2026-07-24 10:54:52,OPTA,NICLABH1,54,0.0305,0.0771,0.9541,27.11,57.19,0.52,320.0,-0.235,Motor_en_operacion,0.9804
2026-07-24 10:54:53,OPTA,NICLABH1,55,0.0283,0.0747,0.9536,27.11,57.19,0.52,320.0,-0.236,Motor_en_operacion,0.9921
2026-07-24 10:54:55,OPTA,NICLABH1,56,0.0276,0.0767,0.9534,27.11,57.19,0.52,320.0,-0.774,Motor_en_operacion,0.9843
2026-07-24 10:54:56,OPTA,NICLABH1,57,0.0305,0.0818,0.9575,27.12,57.17,0.52,310.0,-0.676,Motor_en_operacion,0.9921
2026-07-24 10:54:57,OPTA,NICLABH1,58,0.0283,0.0737,0.9534,27.12,57.17,0.52,310.0,-0.955,Motor_en_operacion,0.957
2026-07-24 10:54:58,OPTA,NICLABH1,59,0.0339,0.0811,0.9543,27.11,57.2,0.52,310.0,-0.714,Motor_en_operacion,0.9921
2026-07-24 10:55:00,OPTA,NICLABH1,60,0.0283,0.0779,0.9546,27.11,57.2,0.52,310.0,-0.227,Motor_en_operacion,0.9843
2026-07-24 10:55:01,OPTA,NICLABH1,61,0.032,0.0828,0.9563,27.11,57.2,0.52,310.0,0.036,Motor_en_operacion,0.996
2026-07-24 10:55:02,OPTA,NICLABH1,62,0.0273,0.075,0.9534,27.1,57.23,0.52,300.0,-0.339,Motor_en_operacion,0.9804
2026-07-24 10:55:03,OPTA,NICLABH1,63,0.0344,0.0813,0.9578,27.1,57.23,0.52,300.0,-0.545,Motor_en_operacion,0.9921
2026-07-24 10:55:04,OPTA,NICLABH1,64,0.0286,0.0735,0.9517,27.11,57.2,0.51,290.0,-0.815,Motor_en_operacion,0.9921
2026-07-24 10:55:06,OPTA,NICLABH1,65,0.0356,0.0801,0.9556,27.11,57.2,0.51,290.0,-0.472,Motor_en_operacion,0.9843
2026-07-24 10:55:07,OPTA,NICLABH1,66,0.0303,0.0762,0.9536,27.11,57.2,0.51,290.0,-0.507,Motor_en_operacion,0.9921
2026-07-24 10:55:08,OPTA,NICLABH1,67,0.0286,0.0776,0.9556,27.12,57.17,0.52,310.0,-0.177,Motor_en_operacion,0.9726
2026-07-24 10:55:09,OPTA,NICLABH1,68,0.0266,0.0767,0.9556,27.12,57.17,0.52,310.0,-0.921,Motor_en_operacion,0.9882
2026-07-24 10:55:11,OPTA,NICLABH1,69,0.0303,0.0764,0.9541,27.13,57.15,0.51,290.0,-0.469,Motor_en_operacion,0.996
2026-07-24 10:55:12,OPTA,NICLABH1,70,0.0315,0.0781,0.9546,27.13,57.15,0.51,290.0,-0.925,Motor_en_operacion,0.9882
2026-07-24 10:55:13,OPTA,NICLABH1,71,0.0361,0.073,0.9507,27.13,57.15,0.51,290.0,-0.905,Motor_en_operacion,0.9804
2026-07-24 10:55:14,OPTA,NICLABH1,72,0.031,0.0762,0.9517,27.13,57.16,0.51,300.0,-0.988,Motor_en_operacion,0.9726
2026-07-24 10:55:16,OPTA,NICLABH1,73,0.0332,0.0791,0.9551,27.13,57.16,0.51,300.0,-0.262,Motor_en_operacion,0.9921
2026-07-24 10:55:17,OPTA,NICLABH1,74,0.033,0.0803,0.9556,27.13,57.17,0.52,320.0,-0.197,Motor_en_operacion,0.9882
2026-07-24 10:55:18,OPTA,NICLABH1,75,0.0317,0.0764,0.9536,27.13,57.17,0.52,320.0,0.023,Motor_en_operacion,0.9921
2026-07-24 10:55:19,OPTA,NICLABH1,76,0.0312,0.0754,0.9519,27.13,57.17,0.52,320.0,-0.629,Motor_en_operacion,0.9882
2026-07-24 10:55:21,OPTA,NICLABH1,77,0.0283,0.0781,0.9553,27.13,57.18,0.52,330.0,-0.522,Motor_en_operacion,0.9882
2026-07-24 10:55:22,OPTA,NICLABH1,78,0.0317,0.0803,0.9558,27.13,57.18,0.52,330.0,0.433,Motor_en_operacion,0.9921
2026-07-24 10:55:23,OPTA,NICLABH1,79,0.0293,0.0762,0.9556,27.13,57.18,0.52,310.0,-0.371,Motor_en_operacion,0.9843
2026-07-24 10:55:24,OPTA,NICLABH1,80,0.032,0.0796,0.9539,27.13,57.18,0.52,310.0,-0.306,Motor_en_operacion,0.9687
2026-07-24 10:55:26,OPTA,NICLABH1,81,0.0286,0.0759,0.9539,27.13,57.18,0.52,310.0,-0.266,Motor_en_operacion,0.9843
2026-07-24 10:55:27,OPTA,NICLABH1,82,0.0281,0.074,0.9524,27.12,57.21,0.52,310.0,-0.647,Motor_en_operacion,0.9843
2026-07-24 10:55:28,OPTA,NICLABH1,83,0.0317,0.0771,0.9548,27.12,57.21,0.52,310.0,-0.169,Motor_en_operacion,0.9726
2026-07-24 10:55:29,OPTA,NICLABH1,84,0.0293,0.0745,0.9521,27.11,57.24,0.5,270.0,-0.219,Motor_en_operacion,0.9804
2026-07-24 10:55:30,OPTA,NICLABH1,85,0.0251,0.0776,0.9568,27.11,57.24,0.5,270.0,-0.33,Motor_en_operacion,0.9804
2026-07-24 10:55:32,OPTA,NICLABH1,86,0.0288,0.0759,0.9529,27.11,57.24,0.5,270.0,-0.588,Motor_en_operacion,0.9843
2026-07-24 10:55:33,OPTA,NICLABH1,87,0.0327,0.0771,0.9543,27.11,57.23,0.5,270.0,-0.68,Motor_en_operacion,0.9609
2026-07-24 10:55:34,OPTA,NICLABH1,88,0.0347,0.0798,0.957,27.11,57.23,0.5,270.0,-0.341,Motor_en_operacion,0.9765
2026-07-24 10:55:35,OPTA,NICLABH1,89,0.0325,0.0784,0.9546,27.11,57.22,0.51,290.0,-0.112,Motor_en_operacion,0.996
2026-07-24 10:55:37,OPTA,NICLABH1,90,0.0247,0.0771,0.9548,27.11,57.22,0.51,290.0,-0.051,Motor_en_operacion,0.9843
2026-07-24 10:55:38,OPTA,NICLABH1,91,0.0315,0.0798,0.9546,27.11,57.22,0.51,290.0,-0.386,Motor_en_operacion,0.9804
2026-07-24 10:55:39,OPTA,NICLABH1,92,0.0322,0.073,0.9529,27.11,57.22,0.5,260.0,-0.061,Motor_en_operacion,0.9492
2026-07-24 10:55:40,OPTA,NICLABH1,93,0.0334,0.0823,0.9553,27.11,57.22,0.5,260.0,0.253,Motor_en_operacion,0.9882
2026-07-24 10:55:42,OPTA,NICLABH1,94,0.0322,0.0786,0.9565,27.1,57.24,0.5,250.0,-0.337,Motor_en_operacion,0.9882
2026-07-24 10:55:43,OPTA,NICLABH1,95,0.0337,0.0791,0.9553,27.1,57.24,0.5,250.0,0.044,Motor_en_operacion,0.9921
2026-07-24 10:55:44,OPTA,NICLABH1,96,0.0291,0.0732,0.9529,27.1,57.24,0.5,250.0,-0.214,Motor_en_operacion,0.9882
2026-07-24 10:55:45,OPTA,NICLABH1,97,0.0325,0.0813,0.9543,27.1,57.23,0.5,250.0,-0.591,Motor_en_operacion,0.9921
2026-07-24 10:55:47,OPTA,NICLABH1,98,0.0322,0.0706,0.9502,27.1,57.23,0.5,250.0,-0.596,Motor_en_operacion,0.9687
2026-07-24 10:55:48,OPTA,NICLABH1,99,0.0298,0.0784,0.9548,27.1,57.23,0.5,270.0,0.077,Motor_en_operacion,0.9804
2026-07-24 10:55:49,OPTA,NICLABH1,100,0.0278,0.0786,0.9585,27.1,57.23,0.5,270.0,-1.214,Motor_en_operacion,0.9218
2026-07-24 10:55:50,OPTA,NICLABH1,101,0.0303,0.0781,0.9558,27.1,57.23,0.5,270.0,-0.701,Motor_en_operacion,0.9765
2026-07-24 10:55:51,OPTA,NICLABH1,102,0.0266,0.0793,0.9573,27.1,56.22,0.5,260.0,-0.162,Motor_en_operacion,0.9804
2026-07-24 10:55:53,OPTA,NICLABH1,103,0.0361,0.0779,0.9541,27.1,56.22,0.5,260.0,-0.486,Motor_en_operacion,0.9804
2026-07-24 10:55:54,OPTA,NICLABH1,104,0.0325,0.0796,0.9551,27.09,57.24,0.5,270.0,-0.69,Motor_en_operacion,0.9882
2026-07-24 10:55:55,OPTA,NICLABH1,105,0.0261,0.0771,0.9556,27.09,57.24,0.5,270.0,-0.085,Motor_en_operacion,0.9687
2026-07-24 10:55:56,OPTA,NICLABH1,106,0.0312,0.0801,0.9546,27.09,57.24,0.5,270.0,-0.127,Motor_en_operacion,0.9921
2026-07-24 10:55:58,OPTA,NICLABH1,107,0.0295,0.074,0.9524,27.08,57.26,0.51,290.0,-0.197,Motor_en_operacion,0.9531
2026-07-24 10:55:59,OPTA,NICLABH1,108,0.0371,0.0793,0.9548,27.08,57.26,0.51,290.0,-0.573,Motor_en_operacion,0.996
2026-07-24 10:56:00,OPTA,NICLABH1,109,0.0293,0.0759,0.9539,27.07,57.28,0.5,270.0,-0.431,Motor_en_operacion,0.9804
2026-07-24 10:56:01,OPTA,NICLABH1,110,0.0298,0.0764,0.9519,27.07,57.28,0.5,270.0,-0.471,Motor_en_operacion,0.9843
2026-07-24 10:56:03,OPTA,NICLABH1,111,0.0271,0.0781,0.9568,27.07,57.28,0.5,270.0,-0.602,Motor_en_operacion,0.9882
2026-07-24 10:56:04,OPTA,NICLABH1,112,0.0388,0.0813,0.9556,27.07,57.26,0.5,250.0,-0.212,Motor_en_operacion,0.996
2026-07-24 10:56:05,OPTA,NICLABH1,113,0.0256,0.0732,0.9517,27.07,57.26,0.5,250.0,-0.229,Motor_en_operacion,0.9492
2026-07-24 10:56:06,OPTA,NICLABH1,114,0.0347,0.0796,0.9553,27.08,57.22,0.48,240.0,-0.442,Motor_en_operacion,0.9921
2026-07-24 10:56:08,OPTA,NICLABH1,115,0.0256,0.075,0.9553,27.08,57.22,0.48,240.0,-0.794,Motor_en_operacion,0.9414
2026-07-24 10:56:09,OPTA,NICLABH1,116,0.0337,0.0842,0.9573,27.08,57.22,0.48,240.0,-1.077,Motor_en_operacion,0.9921
2026-07-24 10:56:10,OPTA,NICLABH1,117,0.0273,0.0762,0.9568,27.09,57.19,0.5,260.0,-0.24,Motor_en_operacion,0.9882
2026-07-24 10:56:11,OPTA,NICLABH1,118,0.0325,0.0757,0.9531,27.09,57.19,0.5,260.0,-0.338,Motor_en_operacion,0.9765
2026-07-24 10:56:12,OPTA,NICLABH1,119,0.0234,0.0762,0.9558,27.08,57.22,0.5,270.0,-0.536,Motor_en_operacion,0.9804
2026-07-24 10:56:14,OPTA,NICLABH1,120,0.0288,0.0764,0.9524,27.08,57.22,0.5,270.0,-0.459,Motor_en_operacion,0.9726
2026-07-24 10:56:15,OPTA,NICLABH1,121,0.0259,0.0779,0.9551,27.08,57.22,0.5,270.0,-0.163,Motor_en_operacion,0.9921
2026-07-24 10:56:16,OPTA,NICLABH1,122,0.0276,0.0784,0.9551,27.08,57.22,0.5,270.0,-0.649,Motor_en_operacion,0.9882
2026-07-24 10:56:17,OPTA,NICLABH1,123,0.0276,0.0793,0.9558,27.08,57.22,0.5,270.0,-0.218,Motor_en_operacion,0.9531
2026-07-24 10:56:19,OPTA,NICLABH1,124,0.0295,0.0745,0.9548,27.09,57.19,0.5,270.0,-0.374,Motor_en_operacion,0.9531
2026-07-24 10:56:20,OPTA,NICLABH1,125,0.0273,0.0762,0.9543,27.09,57.19,0.5,270.0,0.239,Motor_en_operacion,0.9843
2026-07-24 10:56:21,OPTA,NICLABH1,126,0.0352,0.0779,0.9556,27.09,57.19,0.5,270.0,-0.808,Motor_en_operacion,0.9921
2026-07-24 10:56:22,OPTA,NICLABH1,127,0.0276,0.0759,0.9548,27.09,57.19,0.5,270.0,-0.432,Motor_en_operacion,0.9843
2026-07-24 10:56:24,OPTA,NICLABH1,128,0.0281,0.0742,0.9539,27.09,57.19,0.5,270.0,-0.312,Motor_en_operacion,0.9687
2026-07-24 10:56:25,OPTA,NICLABH1,129,0.0337,0.0732,0.9517,27.1,57.17,0.5,270.0,-0.526,Motor_en_operacion,0.9921
2026-07-24 10:56:26,OPTA,NICLABH1,130,0.0312,0.0745,0.9536,27.1,57.17,0.5,270.0,-0.413,Motor_en_operacion,0.996
2026-07-24 10:56:27,OPTA,NICLABH1,131,0.0388,0.0811,0.957,27.1,57.17,0.5,270.0,-0.471,Motor_en_operacion,0.9804
2026-07-24 10:56:29,OPTA,NICLABH1,132,0.0291,0.0793,0.958,27.1,57.17,0.5,250.0,-0.787,Motor_en_operacion,0.9843
2026-07-24 10:56:30,OPTA,NICLABH1,133,0.0293,0.0828,0.9575,27.1,57.17,0.5,250.0,-0.719,Motor_en_operacion,0.9882
2026-07-24 10:56:31,OPTA,NICLABH1,134,0.0293,0.0781,0.9548,27.11,57.15,0.5,270.0,-0.189,Motor_en_operacion,0.9453
2026-07-24 10:56:32,OPTA,NICLABH1,135,0.0264,0.0764,0.9548,27.11,57.15,0.5,270.0,-0.385,Motor_en_operacion,0.9726
2026-07-24 10:56:33,OPTA,NICLABH1,136,0.0291,0.0803,0.9563,27.11,57.15,0.5,270.0,-0.227,Motor_en_operacion,0.9804
2026-07-24 10:56:35,OPTA,NICLABH1,137,0.0271,0.0786,0.9553,27.11,57.16,0.51,290.0,-0.416,Motor_en_operacion,0.9882
2026-07-24 10:56:36,OPTA,NICLABH1,138,0.0264,0.075,0.9536,27.11,57.16,0.51,290.0,-0.32,Motor_en_operacion,0.9531
2026-07-24 10:56:37,OPTA,NICLABH1,139,0.0332,0.0784,0.9548,27.09,57.23,0.51,300.0,-0.351,Motor_en_operacion,0.9921
2026-07-24 10:56:38,OPTA,NICLABH1,140,0.0278,0.0786,0.9551,27.09,57.23,0.51,300.0,-0.281,Motor_en_operacion,0.9843
2026-07-24 10:56:40,OPTA,NICLABH1,141,0.0361,0.0767,0.9536,27.09,57.23,0.51,300.0,-0.454,Motor_en_operacion,0.9882
2026-07-24 10:56:41,OPTA,NICLABH1,142,0.03,0.0757,0.9536,27.1,57.19,0.52,310.0,-0.919,Motor_en_operacion,0.9843
2026-07-24 10:56:42,OPTA,NICLABH1,143,0.0342,0.0757,0.9556,27.1,57.19,0.52,310.0,-0.708,Motor_en_operacion,0.9921
2026-07-24 10:57:23,OPTA,NICLABH1,21,0.0281,0.0767,0.9573,27.03,56.26,0.48,250.0,-0.453,Motor_en_operacion,0.9804
2026-07-24 10:57:24,OPTA,NICLABH1,22,0.0334,0.0813,0.957,27.03,56.24,0.5,250.0,-0.322,Motor_en_operacion,0.9843
2026-07-24 10:57:25,OPTA,NICLABH1,23,0.0273,0.0764,0.9543,27.03,56.24,0.5,250.0,-0.624,Motor_en_operacion,0.9843
2026-07-24 10:57:26,OPTA,NICLABH1,24,0.031,0.0796,0.9568,27.04,56.21,0.5,260.0,-0.803,Motor_en_operacion,0.9921
2026-07-24 10:57:28,OPTA,NICLABH1,25,0.0325,0.075,0.9521,27.04,56.21,0.5,260.0,-0.356,Motor_en_operacion,0.9921
2026-07-24 10:57:29,OPTA,NICLABH1,26,0.0317,0.0767,0.9529,27.04,56.21,0.5,260.0,-0.485,Motor_en_operacion,0.9804
2026-07-24 10:57:30,OPTA,NICLABH1,27,0.0344,0.0781,0.9539,27.05,56.18,0.5,250.0,-0.398,Motor_en_operacion,0.9687
2026-07-24 10:57:31,OPTA,NICLABH1,28,0.0269,0.075,0.9553,27.05,56.18,0.5,250.0,-0.513,Motor_en_operacion,0.9648
2026-07-24 10:57:33,OPTA,NICLABH1,29,0.0315,0.0764,0.9531,27.06,56.16,0.51,290.0,-0.512,Motor_en_operacion,0.9882
2026-07-24 10:57:34,OPTA,NICLABH1,30,0.0269,0.0728,0.9529,27.06,56.16,0.51,290.0,-0.813,Motor_en_operacion,0.9687
2026-07-24 10:57:35,OPTA,NICLABH1,31,0.0344,0.0764,0.9539,27.06,56.16,0.51,290.0,-0.855,Motor_en_operacion,0.9882
2026-07-24 10:57:36,OPTA,NICLABH1,32,0.0325,0.0762,0.9546,27.04,56.22,0.51,280.0,-0.352,Motor_en_operacion,0.996
2026-07-24 10:57:38,OPTA,NICLABH1,33,0.0339,0.0796,0.9543,27.04,56.22,0.51,280.0,-0.284,Motor_en_operacion,0.9804
2026-07-24 10:57:39,OPTA,NICLABH1,34,0.0291,0.0771,0.9551,27.04,56.21,0.51,290.0,-0.091,Motor_en_operacion,0.871
2026-07-24 10:57:40,OPTA,NICLABH1,35,0.0293,0.0752,0.9543,27.04,56.21,0.51,290.0,-0.928,Motor_en_operacion,0.9726
2026-07-24 10:57:41,OPTA,NICLABH1,36,0.031,0.0745,0.9531,27.04,56.21,0.51,290.0,-0.233,Motor_en_operacion,0.9375
2026-07-24 10:57:43,OPTA,NICLABH1,37,0.0339,0.0764,0.9543,27.03,56.24,0.51,280.0,-0.209,Motor_en_operacion,0.9921
2026-07-24 10:57:44,OPTA,NICLABH1,38,0.0266,0.0757,0.9553,27.03,56.24,0.51,280.0,-0.317,Motor_en_operacion,0.9804
2026-07-24 10:57:45,OPTA,NICLABH1,39,0.0283,0.0779,0.9561,27.04,56.2,0.51,300.0,-0.065,Motor_en_operacion,0.9843
2026-07-24 10:57:46,OPTA,NICLABH1,40,0.0349,0.0767,0.9553,27.04,56.2,0.51,300.0,-1.007,Motor_en_operacion,0.9882
2026-07-24 10:57:47,OPTA,NICLABH1,41,0.0308,0.0759,0.9548,27.04,56.2,0.51,300.0,-0.391,Motor_en_operacion,0.9921
2026-07-24 10:57:49,OPTA,NICLABH1,42,0.0295,0.0796,0.9573,27.05,56.18,0.52,310.0,-0.224,Motor_en_operacion,0.9804
2026-07-24 10:57:50,OPTA,NICLABH1,43,0.0325,0.0796,0.957,27.05,56.18,0.52,310.0,-1.389,Motor_en_operacion,0.9921
2026-07-24 10:57:53,OPTA,NICLABH1,44,0.0278,0.0776,0.9568,27.06,56.16,0.52,330.0,-0.447,Motor_en_operacion,0.9843
2026-07-24 10:57:53,OPTA,NICLABH1,45,0.0283,0.0767,0.9568,27.06,56.16,0.52,330.0,-0.097,Motor_en_operacion,0.9531
2026-07-24 10:57:54,OPTA,NICLABH1,46,0.0293,0.0737,0.9551,27.06,56.16,0.52,330.0,-0.385,Motor_en_operacion,0.9804
2026-07-24 10:57:55,OPTA,NICLABH1,47,0.0254,0.0732,0.9541,27.07,56.14,0.52,340.0,-0.239,Motor_en_operacion,0.9843
2026-07-24 10:57:56,OPTA,NICLABH1,48,0.0347,0.0776,0.9551,27.07,56.14,0.52,340.0,-0.705,Motor_en_operacion,0.9921
2026-07-24 10:57:57,OPTA,NICLABH1,49,0.0312,0.075,0.9551,27.08,56.13,0.53,370.0,-0.794,Motor_en_operacion,0.9882
2026-07-24 10:57:59,OPTA,NICLABH1,50,0.0378,0.0798,0.9546,27.08,56.13,0.53,370.0,-0.078,Motor_en_operacion,0.9843
2026-07-24 10:58:00,OPTA,NICLABH1,51,0.0266,0.0715,0.9521,27.08,56.13,0.53,370.0,-0.725,Motor_en_operacion,0.7265
2026-07-24 10:58:01,OPTA,NICLABH1,52,0.0283,0.0789,0.9556,27.07,56.17,0.52,360.0,-0.409,Motor_en_operacion,0.9843
2026-07-24 10:58:02,OPTA,NICLABH1,53,0.0266,0.0779,0.9561,27.07,56.17,0.52,360.0,-0.972,Motor_en_operacion,0.9609
2026-07-24 10:58:03,OPTA,NICLABH1,54,0.0342,0.0764,0.9536,27.05,56.23,0.52,310.0,-0.331,Motor_en_operacion,0.9804
2026-07-24 10:58:05,OPTA,NICLABH1,55,0.0322,0.0786,0.9558,27.05,56.23,0.52,310.0,-0.868,Motor_en_operacion,0.996
2026-07-24 10:58:06,OPTA,NICLABH1,56,0.0359,0.0771,0.9541,27.05,56.23,0.52,310.0,-0.085,Motor_en_operacion,0.9882
2026-07-24 10:58:07,OPTA,NICLABH1,57,0.0237,0.0759,0.9558,27.05,56.22,0.52,320.0,-0.687,Motor_en_operacion,0.9765
2026-07-24 10:58:08,OPTA,NICLABH1,58,0.0269,0.0762,0.9539,27.05,56.22,0.52,320.0,-0.672,Motor_en_operacion,0.9765
2026-07-24 10:58:10,OPTA,NICLABH1,59,0.0288,0.074,0.9539,27.06,56.19,0.52,330.0,-0.303,Motor_en_operacion,0.9921
2026-07-24 10:58:11,OPTA,NICLABH1,60,0.0298,0.0776,0.9551,27.06,56.19,0.52,330.0,-0.135,Motor_en_operacion,0.9921
2026-07-24 10:58:12,OPTA,NICLABH1,61,0.031,0.0764,0.9541,27.06,56.19,0.52,330.0,-0.586,Motor_en_operacion,0.9843
2026-07-24 10:58:13,OPTA,NICLABH1,62,0.0293,0.0767,0.9551,27.07,56.17,0.52,330.0,-0.059,Motor_en_operacion,0.9921
2026-07-24 10:58:15,OPTA,NICLABH1,63,0.0339,0.0818,0.9553,27.07,56.17,0.52,330.0,-0.043,Motor_en_operacion,0.9882
2026-07-24 10:58:16,OPTA,NICLABH1,64,0.0359,0.0779,0.9556,27.08,56.15,0.52,340.0,-0.278,Motor_en_operacion,0.9921
2026-07-24 10:58:17,OPTA,NICLABH1,65,0.0349,0.0747,0.9536,27.08,56.15,0.52,340.0,-0.46,Motor_en_operacion,0.9687
2026-07-24 10:58:18,OPTA,NICLABH1,66,0.0283,0.0754,0.9543,27.08,56.15,0.52,340.0,-0.038,Motor_en_operacion,0.9843
2026-07-24 10:58:20,OPTA,NICLABH1,67,0.031,0.0762,0.9529,27.08,56.16,0.52,350.0,-0.714,Motor_en_operacion,0.9765
2026-07-24 10:58:21,OPTA,NICLABH1,68,0.0303,0.0742,0.9546,27.08,56.16,0.52,350.0,-0.704,Motor_en_operacion,0.9804
2026-07-24 10:58:22,OPTA,NICLABH1,69,0.0315,0.0786,0.9548,27.09,56.14,0.53,370.0,-0.491,Motor_en_operacion,0.9492
2026-07-24 10:58:23,OPTA,NICLABH1,70,0.0264,0.0771,0.9565,27.09,56.14,0.53,370.0,-0.453,Motor_en_operacion,0.9765
2026-07-24 10:58:24,OPTA,NICLABH1,71,0.0352,0.0796,0.9553,27.09,56.14,0.53,370.0,-0.263,Motor_en_operacion,0.996
2026-07-24 10:58:26,OPTA,NICLABH1,72,0.0259,0.0745,0.9543,27.1,56.13,0.55,410.0,0.135,Motor_en_operacion,0.996
2026-07-24 10:58:27,OPTA,NICLABH1,73,0.0337,0.0774,0.9556,27.1,56.13,0.55,410.0,0.202,Motor_en_operacion,0.9843
2026-07-24 10:58:28,OPTA,NICLABH1,74,0.0251,0.0732,0.9546,27.11,56.12,0.55,400.0,-1.072,Motor_en_operacion,0.9726
2026-07-24 10:58:29,OPTA,NICLABH1,75,0.0342,0.0757,0.9531,27.11,56.12,0.55,400.0,-1.005,Motor_en_operacion,0.9804
2026-07-24 10:58:31,OPTA,NICLABH1,76,0.0283,0.0808,0.9578,27.11,56.12,0.55,400.0,-0.452,Motor_en_operacion,0.9882
2026-07-24 10:58:32,OPTA,NICLABH1,77,0.0327,0.0779,0.957,27.11,56.13,0.56,430.0,-0.007,Motor_en_operacion,0.9843
2026-07-24 10:58:33,OPTA,NICLABH1,78,0.0339,0.0774,0.9531,27.11,56.13,0.56,430.0,-0.263,Motor_en_operacion,0.9921
2026-07-24 10:58:34,OPTA,NICLABH1,79,0.0283,0.075,0.9531,27.12,56.12,0.57,440.0,-0.729,Motor_en_operacion,0.9492
2026-07-24 10:58:36,OPTA,NICLABH1,80,0.0298,0.0786,0.9548,27.12,56.12,0.57,440.0,-0.181,Motor_en_operacion,0.9882
2026-07-24 10:58:37,OPTA,NICLABH1,81,0.0293,0.0754,0.9536,27.12,56.12,0.57,440.0,-0.902,Motor_en_operacion,0.9843
2026-07-24 10:58:38,OPTA,NICLABH1,82,0.0273,0.0757,0.9529,27.13,56.11,0.57,460.0,-0.237,Motor_en_operacion,0.9804
2026-07-24 10:58:39,OPTA,NICLABH1,83,0.0278,0.0759,0.9541,27.13,56.11,0.57,460.0,-0.098,Motor_en_operacion,0.9843
2026-07-24 10:58:41,OPTA,NICLABH1,84,0.0327,0.0752,0.9521,27.13,56.13,0.57,470.0,-0.228,Motor_en_operacion,0.9921
2026-07-24 10:58:42,OPTA,NICLABH1,85,0.0349,0.0767,0.9534,27.13,56.13,0.57,470.0,-0.594,Motor_en_operacion,0.9609
2026-07-24 10:58:43,OPTA,NICLABH1,86,0.0278,0.0798,0.9553,27.13,56.13,0.57,470.0,-0.286,Motor_en_operacion,0.9921
2026-07-24 10:58:44,OPTA,NICLABH1,87,0.0356,0.0759,0.9539,27.14,56.12,0.57,460.0,-0.555,Motor_en_operacion,0.9492
2026-07-24 10:58:45,OPTA,NICLABH1,88,0.0295,0.0776,0.9536,27.14,56.12,0.57,460.0,-0.619,Motor_en_operacion,0.9726
2026-07-24 10:58:47,OPTA,NICLABH1,89,0.0276,0.0754,0.9556,27.14,56.14,0.58,470.0,-0.967,Motor_en_operacion,0.9648
2026-07-24 10:58:48,OPTA,NICLABH1,90,0.0352,0.0818,0.9578,27.14,56.14,0.58,470.0,-0.82,Motor_en_operacion,0.9921
2026-07-24 10:58:49,OPTA,NICLABH1,91,0.0298,0.0757,0.9534,27.14,56.14,0.58,470.0,-0.623,Motor_en_operacion,0.9687
2026-07-24 10:58:50,OPTA,NICLABH1,92,0.0332,0.083,0.957,27.15,56.12,0.58,490.0,-0.758,Motor_en_operacion,0.9921
2026-07-24 10:58:52,OPTA,NICLABH1,93,0.0308,0.0776,0.9568,27.15,56.12,0.58,490.0,-0.568,Motor_en_operacion,0.9882
2026-07-24 10:58:53,OPTA,NICLABH1,94,0.0342,0.0813,0.9548,27.14,56.17,0.58,500.0,-0.797,Motor_en_operacion,0.9765
2026-07-24 10:58:54,OPTA,NICLABH1,95,0.0286,0.0774,0.9543,27.14,56.17,0.58,500.0,-0.559,Motor_en_operacion,0.9687
2026-07-24 10:58:55,OPTA,NICLABH1,96,0.0342,0.0769,0.9543,27.14,56.17,0.58,500.0,-0.722,Motor_en_operacion,0.9843
2026-07-24 10:58:56,OPTA,NICLABH1,97,0.0276,0.0764,0.9546,27.15,57.15,0.58,510.0,-0.127,Motor_en_operacion,0.9843
2026-07-24 10:58:58,OPTA,NICLABH1,98,0.033,0.0813,0.9568,27.15,57.15,0.58,510.0,-0.658,Motor_en_operacion,0.9921
2026-07-24 10:58:59,OPTA,NICLABH1,99,0.03,0.0786,0.9551,27.16,57.13,0.58,510.0,-0.518,Motor_en_operacion,0.996
2026-07-24 10:59:00,OPTA,NICLABH1,100,0.0342,0.0796,0.9561,27.16,57.13,0.58,510.0,-0.325,Motor_en_operacion,0.9921
2026-07-24 10:59:01,OPTA,NICLABH1,101,0.0295,0.0786,0.9543,27.16,57.13,0.58,510.0,-0.384,Motor_en_operacion,0.9921
2026-07-24 10:59:03,OPTA,NICLABH1,102,0.0286,0.0759,0.9543,27.15,57.18,0.58,490.0,-0.272,Motor_en_operacion,0.9921
2026-07-24 10:59:04,OPTA,NICLABH1,103,0.0317,0.0767,0.9543,27.15,57.18,0.58,490.0,-0.946,Motor_en_operacion,0.9882
2026-07-24 10:59:05,OPTA,NICLABH1,104,0.0293,0.0791,0.958,27.15,57.18,0.58,490.0,-0.463,Motor_en_operacion,0.9843
2026-07-24 10:59:06,OPTA,NICLABH1,105,0.031,0.083,0.9563,27.15,57.18,0.58,490.0,-0.453,Motor_en_operacion,0.996
2026-07-24 10:59:08,OPTA,NICLABH1,106,0.0312,0.0776,0.9551,27.15,57.18,0.58,490.0,-0.472,Motor_en_operacion,0.9882
2026-07-24 10:59:09,OPTA,NICLABH1,107,0.0312,0.0769,0.9541,27.14,57.21,0.58,490.0,-0.076,Motor_en_operacion,0.9882
2026-07-24 10:59:10,OPTA,NICLABH1,108,0.0337,0.074,0.9543,27.14,57.21,0.58,490.0,-0.662,Motor_en_operacion,0.9765
2026-07-24 10:59:11,OPTA,NICLABH1,109,0.0347,0.0786,0.9558,27.14,57.21,0.57,470.0,-0.244,Motor_en_operacion,0.9726
2026-07-24 10:59:13,OPTA,NICLABH1,110,0.0308,0.0781,0.9573,27.14,57.21,0.57,470.0,-1.108,Motor_en_operacion,0.9843
2026-07-24 10:59:14,OPTA,NICLABH1,111,0.0361,0.0764,0.9543,27.14,57.21,0.57,470.0,-0.646,Motor_en_operacion,0.9843
2026-07-24 10:59:15,OPTA,NICLABH1,112,0.0378,0.0779,0.957,27.15,57.18,0.57,460.0,-0.452,Motor_en_operacion,0.9882
2026-07-24 10:59:16,OPTA,NICLABH1,113,0.0354,0.0745,0.9531,27.15,57.18,0.57,460.0,-0.702,Motor_en_operacion,0.9882
2026-07-24 10:59:17,OPTA,NICLABH1,114,0.0334,0.0771,0.9563,27.16,57.16,0.57,460.0,-0.469,Motor_en_operacion,0.9882
2026-07-24 10:59:19,OPTA,NICLABH1,115,0.0359,0.0791,0.9548,27.16,57.16,0.57,460.0,-0.163,Motor_en_operacion,0.9882
2026-07-24 10:59:20,OPTA,NICLABH1,116,0.0283,0.0779,0.9548,27.16,57.16,0.57,460.0,-0.161,Motor_en_operacion,0.9882
2026-07-24 10:59:21,OPTA,NICLABH1,117,0.0354,0.0764,0.9541,27.16,57.17,0.57,440.0,-0.378,Motor_en_operacion,0.9804
2026-07-24 10:59:22,OPTA,NICLABH1,118,0.0293,0.0781,0.9568,27.16,57.17,0.57,440.0,-0.171,Motor_en_operacion,0.9921
2026-07-24 10:59:24,OPTA,NICLABH1,119,0.0291,0.0784,0.9573,27.17,57.15,0.57,440.0,-0.735,Motor_en_operacion,0.9804
2026-07-24 10:59:25,OPTA,NICLABH1,120,0.0293,0.0786,0.9565,27.17,57.15,0.57,440.0,-0.975,Motor_en_operacion,0.9882
2026-07-24 10:59:26,OPTA,NICLABH1,121,0.0305,0.0767,0.9543,27.17,57.15,0.57,440.0,-0.662,Motor_en_operacion,0.9804
2026-07-24 10:59:27,OPTA,NICLABH1,122,0.033,0.0774,0.9541,27.16,57.19,0.56,440.0,-0.138,Motor_en_operacion,0.9375
2026-07-24 10:59:28,OPTA,NICLABH1,123,0.0305,0.075,0.9534,27.16,57.19,0.56,440.0,-1.05,Motor_en_operacion,0.9804
2026-07-24 10:59:30,OPTA,NICLABH1,124,0.0308,0.0764,0.9548,27.16,57.19,0.56,440.0,-0.877,Motor_en_operacion,0.9687
2026-07-24 10:59:31,OPTA,NICLABH1,125,0.0269,0.0754,0.9553,27.16,57.19,0.56,440.0,0.108,Motor_en_operacion,0.9726
2026-07-24 10:59:32,OPTA,NICLABH1,126,0.033,0.0803,0.958,27.16,57.19,0.56,440.0,-0.235,Motor_en_operacion,0.9843
2026-07-24 10:59:33,OPTA,NICLABH1,127,0.0251,0.074,0.9551,27.16,57.19,0.57,450.0,-0.075,Motor_en_operacion,0.9687
2026-07-24 10:59:35,OPTA,NICLABH1,128,0.041,0.0752,0.9548,27.16,57.19,0.57,450.0,-0.605,Motor_en_operacion,0.9921
2026-07-24 10:59:36,OPTA,NICLABH1,129,0.0288,0.0784,0.9551,27.15,57.22,0.55,420.0,-0.615,Motor_en_operacion,0.9882
2026-07-24 10:59:37,OPTA,NICLABH1,130,0.0281,0.0779,0.9551,27.15,57.22,0.55,420.0,-0.579,Motor_en_operacion,0.9921
2026-07-24 10:59:38,OPTA,NICLABH1,131,0.0308,0.0781,0.9553,27.15,57.22,0.55,420.0,-0.839,Motor_en_operacion,0.9609
2026-07-24 10:59:40,OPTA,NICLABH1,132,0.0293,0.0764,0.9546,27.16,57.19,0.55,400.0,-1.04,Motor_en_operacion,0.9882
2026-07-24 10:59:41,OPTA,NICLABH1,133,0.0261,0.0715,0.9517,27.16,57.19,0.55,400.0,-0.249,Motor_en_operacion,0.9921
2026-07-24 10:59:42,OPTA,NICLABH1,134,0.0388,0.0798,0.9551,27.17,57.17,0.55,410.0,-0.609,Motor_en_operacion,0.9882
2026-07-24 10:59:43,OPTA,NICLABH1,135,0.0283,0.0774,0.9563,27.17,57.17,0.55,410.0,-0.341,Motor_en_operacion,0.9882
2026-07-24 10:59:45,OPTA,NICLABH1,136,0.0342,0.0771,0.9536,27.17,57.17,0.55,410.0,-0.257,Motor_en_operacion,0.9804
2026-07-24 10:59:46,OPTA,NICLABH1,137,0.0269,0.0747,0.9526,27.18,57.15,0.55,390.0,-0.474,Motor_en_operacion,0.9804
2026-07-24 10:59:47,OPTA,NICLABH1,138,0.0276,0.0769,0.9565,27.18,57.15,0.55,390.0,-0.234,Motor_en_operacion,0.9882
2026-07-24 10:59:48,OPTA,NICLABH1,139,0.0322,0.0803,0.9563,27.19,57.13,0.55,410.0,-0.144,Motor_en_operacion,0.9921
2026-07-24 10:59:49,OPTA,NICLABH1,140,0.0359,0.0762,0.9548,27.19,57.13,0.55,410.0,-0.64,Motor_en_operacion,0.9804
2026-07-24 10:59:51,OPTA,NICLABH1,141,0.0291,0.0781,0.9551,27.19,57.13,0.55,410.0,-0.496,Motor_en_operacion,0.9765
2026-07-24 10:59:52,OPTA,NICLABH1,142,0.0278,0.0806,0.9585,27.18,57.17,0.56,420.0,-0.643,Motor_en_operacion,0.9921
2026-07-24 10:59:53,OPTA,NICLABH1,143,0.0298,0.0769,0.9551,27.18,57.17,0.56,420.0,-0.251,Motor_en_operacion,0.9804
2026-07-24 10:59:54,OPTA,NICLABH1,144,0.031,0.0776,0.9563,27.19,57.15,0.56,420.0,-0.571,Motor_en_operacion,0.9843
2026-07-24 10:59:56,OPTA,NICLABH1,145,0.032,0.0835,0.959,27.19,57.15,0.56,420.0,-0.628,Motor_en_operacion,0.996
2026-07-24 10:59:57,OPTA,NICLABH1,146,0.0261,0.0725,0.9541,27.19,57.15,0.56,420.0,-0.569,Motor_en_operacion,0.9687
2026-07-24 10:59:58,OPTA,NICLABH1,147,0.0325,0.0779,0.9534,27.2,57.14,0.56,430.0,-0.477,Motor_en_operacion,0.9726
2026-07-24 10:59:59,OPTA,NICLABH1,148,0.0312,0.0757,0.9541,27.2,57.14,0.56,430.0,-0.368,Motor_en_operacion,0.9921
2026-07-24 11:00:01,OPTA,NICLABH1,149,0.0325,0.0769,0.9539,27.2,57.15,0.56,440.0,-0.213,Motor_en_operacion,0.9921
2026-07-24 11:00:02,OPTA,NICLABH1,150,0.032,0.0779,0.9556,27.2,57.15,0.56,440.0,-0.951,Motor_en_operacion,0.9296
2026-07-24 11:00:03,OPTA,NICLABH1,151,0.0288,0.0818,0.9565,27.2,57.15,0.56,440.0,-0.544,Motor_en_operacion,0.9843
2026-07-24 11:00:04,OPTA,NICLABH1,152,0.0286,0.0754,0.9536,27.2,57.16,0.56,440.0,-0.505,Motor_en_operacion,0.9882
2026-07-24 11:00:06,OPTA,NICLABH1,153,0.0352,0.0786,0.9553,27.2,57.16,0.56,440.0,-0.166,Motor_en_operacion,0.9375
2026-07-24 11:00:07,OPTA,NICLABH1,154,0.0303,0.0769,0.9543,27.21,57.14,0.56,420.0,-1.169,Motor_en_operacion,0.9804
2026-07-24 11:00:08,OPTA,NICLABH1,155,0.0322,0.0774,0.9541,27.21,57.14,0.56,420.0,-0.27,Motor_en_operacion,0.9531
2026-07-24 11:00:09,OPTA,NICLABH1,156,0.0312,0.0774,0.9534,27.21,57.14,0.56,420.0,-0.454,Motor_en_operacion,0.9492
2026-07-24 11:00:11,OPTA,NICLABH1,157,0.0286,0.0767,0.9548,27.22,57.13,0.55,410.0,-1.034,Motor_en_operacion,0.9296
2026-07-24 11:00:12,OPTA,NICLABH1,158,0.0298,0.0833,0.9587,27.22,57.13,0.55,410.0,-0.106,Motor_en_operacion,0.9921
2026-07-24 11:00:13,OPTA,NICLABH1,159,0.0317,0.0762,0.9553,27.22,57.15,0.56,420.0,-0.095,Motor_en_operacion,0.9648
2026-07-24 11:00:14,OPTA,NICLABH1,160,0.0269,0.0801,0.9578,27.22,57.15,0.56,420.0,-0.208,Motor_en_operacion,0.9882
2026-07-24 11:00:15,OPTA,NICLABH1,161,0.0293,0.0767,0.9531,27.22,57.15,0.56,420.0,-0.291,Motor_en_operacion,0.9921
2026-07-24 11:00:17,OPTA,NICLABH1,162,0.033,0.0801,0.9551,27.22,57.16,0.55,410.0,-0.698,Motor_en_operacion,0.9609
2026-07-24 11:00:18,OPTA,NICLABH1,163,0.0317,0.074,0.9524,27.22,57.16,0.55,410.0,-0.614,Motor_en_operacion,0.9375
2026-07-24 11:00:19,OPTA,NICLABH1,164,0.0332,0.0781,0.9546,27.22,57.17,0.56,420.0,-0.514,Motor_en_operacion,0.9882
2026-07-24 11:00:20,OPTA,NICLABH1,165,0.031,0.0786,0.9573,27.22,57.17,0.56,420.0,-0.589,Motor_en_operacion,0.9882
2026-07-24 11:00:22,OPTA,NICLABH1,166,0.0288,0.0781,0.9551,27.22,57.17,0.56,420.0,-1.082,Motor_en_operacion,0.9882
2026-07-24 11:00:23,OPTA,NICLABH1,167,0.0273,0.0757,0.9546,27.22,57.17,0.55,410.0,-0.556,Motor_en_operacion,0.9882
2026-07-24 11:00:24,OPTA,NICLABH1,168,0.0303,0.0789,0.9551,27.22,57.17,0.55,410.0,-0.189,Motor_en_operacion,0.9765
2026-07-24 11:00:25,OPTA,NICLABH1,169,0.0359,0.0754,0.9541,27.21,57.21,0.55,410.0,-0.369,Motor_en_operacion,0.9921
2026-07-24 11:00:27,OPTA,NICLABH1,170,0.0271,0.0796,0.9565,27.21,57.21,0.55,410.0,-0.671,Motor_en_operacion,0.9921
2026-07-24 11:00:28,OPTA,NICLABH1,171,0.0286,0.0762,0.9521,27.21,57.21,0.55,410.0,-0.227,Motor_en_operacion,0.9804
2026-07-24 11:00:29,OPTA,NICLABH1,172,0.0298,0.0771,0.9563,27.2,57.23,0.55,400.0,-0.389,Motor_en_operacion,0.9687
2026-07-24 11:00:30,OPTA,NICLABH1,173,0.0332,0.0791,0.9546,27.2,57.23,0.55,400.0,-0.463,Motor_en_operacion,0.9882
2026-07-24 11:00:31,OPTA,NICLABH1,174,0.0308,0.0757,0.9543,27.2,56.22,0.55,400.0,-0.708,Motor_en_operacion,0.9843
2026-07-24 11:00:33,OPTA,NICLABH1,175,0.0317,0.0757,0.9521,27.2,56.22,0.55,400.0,-0.272,Motor_en_operacion,0.9804
2026-07-24 11:00:34,OPTA,NICLABH1,176,0.0293,0.0754,0.9553,27.2,56.22,0.55,400.0,-0.581,Motor_en_operacion,0.9765
2026-07-24 11:00:35,OPTA,NICLABH1,177,0.0281,0.0715,0.9512,27.2,56.22,0.53,370.0,-0.381,Motor_en_operacion,0.9921
2026-07-24 11:00:36,OPTA,NICLABH1,178,0.0256,0.0732,0.9546,27.2,56.22,0.53,370.0,-0.004,Motor_en_operacion,0.9882
2026-07-24 11:00:38,OPTA,NICLABH1,179,0.0288,0.0781,0.9563,27.2,56.21,0.53,380.0,-0.55,Motor_en_operacion,0.9882
2026-07-24 11:00:39,OPTA,NICLABH1,180,0.0303,0.074,0.9526,27.2,56.21,0.53,380.0,-0.797,Motor_en_operacion,0.9843
2026-07-24 11:00:40,OPTA,NICLABH1,181,0.0352,0.0728,0.9507,27.2,56.21,0.53,380.0,-0.263,Motor_en_operacion,0.9765
2026-07-24 11:00:41,OPTA,NICLABH1,182,0.0308,0.0764,0.9551,27.2,56.21,0.53,380.0,-0.168,Motor_en_operacion,0.9765
2026-07-24 11:00:43,OPTA,NICLABH1,183,0.0305,0.0762,0.9556,27.2,56.21,0.53,380.0,-0.559,Motor_en_operacion,0.9843
2026-07-24 11:00:44,OPTA,NICLABH1,184,0.0276,0.0808,0.959,27.2,56.21,0.53,360.0,-0.63,Motor_en_operacion,0.9921
2026-07-24 11:00:45,OPTA,NICLABH1,185,0.0339,0.0811,0.9573,27.2,56.21,0.53,360.0,-0.086,Motor_en_operacion,0.9921
2026-07-24 11:00:46,OPTA,NICLABH1,186,0.0312,0.0769,0.9548,27.2,56.21,0.53,360.0,-0.322,Motor_en_operacion,0.9765
2026-07-24 11:00:47,OPTA,NICLABH1,187,0.0312,0.0801,0.9553,27.21,57.18,0.52,350.0,-0.073,Motor_en_operacion,0.9609
2026-07-24 11:00:49,OPTA,NICLABH1,188,0.0322,0.0747,0.9548,27.21,57.18,0.52,350.0,-0.186,Motor_en_operacion,0.9882
2026-07-24 11:00:50,OPTA,NICLABH1,189,0.032,0.0784,0.9556,27.21,57.19,0.52,360.0,-0.146,Motor_en_operacion,0.9492
2026-07-24 11:00:51,OPTA,NICLABH1,190,0.0291,0.0747,0.9536,27.21,57.19,0.52,360.0,-0.331,Motor_en_operacion,0.9804
2026-07-24 11:00:52,OPTA,NICLABH1,191,0.03,0.0762,0.9551,27.21,57.19,0.52,360.0,-0.609,Motor_en_operacion,0.9765
2026-07-24 11:00:54,OPTA,NICLABH1,192,0.0291,0.0762,0.9553,27.21,57.19,0.52,330.0,-0.036,Motor_en_operacion,0.9843
2026-07-24 11:00:55,OPTA,NICLABH1,193,0.0305,0.0806,0.958,27.21,57.19,0.52,330.0,-0.283,Motor_en_operacion,0.9882
2026-07-24 11:00:56,OPTA,NICLABH1,194,0.0303,0.0747,0.9543,27.21,57.19,0.52,330.0,-0.087,Motor_en_operacion,0.9882
2026-07-24 11:00:57,OPTA,NICLABH1,195,0.0322,0.0803,0.957,27.21,57.19,0.52,330.0,-0.392,Motor_en_operacion,0.9843
2026-07-24 11:00:59,OPTA,NICLABH1,196,0.0327,0.0801,0.958,27.21,57.19,0.52,330.0,-0.644,Motor_en_operacion,0.9765
2026-07-24 11:01:00,OPTA,NICLABH1,197,0.0254,0.0774,0.9546,27.21,57.2,0.52,360.0,-0.46,Motor_en_operacion,0.9804
2026-07-24 11:01:01,OPTA,NICLABH1,198,0.0386,0.0784,0.9551,27.21,57.2,0.52,360.0,-0.992,Motor_en_operacion,0.996
2026-07-24 11:01:02,OPTA,NICLABH1,199,0.0273,0.0798,0.9575,27.22,57.17,0.52,340.0,-1.009,Motor_en_operacion,0.9882
2026-07-24 11:01:04,OPTA,NICLABH1,200,0.0288,0.0811,0.9578,27.22,57.17,0.52,340.0,-0.445,Motor_en_operacion,0.9882
2026-07-24 11:01:05,OPTA,NICLABH1,201,0.0303,0.0764,0.9548,27.22,57.17,0.52,340.0,-0.449,Motor_en_operacion,0.9921
2026-07-24 11:01:06,OPTA,NICLABH1,202,0.0344,0.0754,0.9524,27.23,57.15,0.52,350.0,-0.448,Motor_en_operacion,0.9804
2026-07-24 11:01:07,OPTA,NICLABH1,203,0.0266,0.0771,0.9556,27.23,57.15,0.52,350.0,-0.173,Motor_en_operacion,0.9648
2026-07-24 11:01:08,OPTA,NICLABH1,204,0.0339,0.0815,0.9573,27.22,57.19,0.52,360.0,-0.789,Motor_en_operacion,0.9882
2026-07-24 11:01:10,OPTA,NICLABH1,205,0.0288,0.0762,0.9548,27.22,57.19,0.52,360.0,-0.28,Motor_en_operacion,0.9882
2026-07-24 11:01:11,OPTA,NICLABH1,206,0.0327,0.0789,0.9539,27.22,57.19,0.52,360.0,-0.642,Motor_en_operacion,0.996
2026-07-24 11:01:12,OPTA,NICLABH1,207,0.0271,0.0813,0.957,27.23,57.16,0.53,360.0,-0.658,Motor_en_operacion,0.9882
2026-07-24 11:01:13,OPTA,NICLABH1,208,0.0273,0.0818,0.9573,27.23,57.16,0.53,360.0,-0.653,Motor_en_operacion,0.9882
2026-07-24 11:01:15,OPTA,NICLABH1,209,0.0242,0.0762,0.9546,27.23,57.17,0.53,370.0,-0.456,Motor_en_operacion,0.9921
2026-07-24 11:01:16,OPTA,NICLABH1,210,0.0291,0.0813,0.9575,27.23,57.17,0.53,370.0,-0.569,Motor_en_operacion,0.9882
2026-07-24 11:01:17,OPTA,NICLABH1,211,0.0276,0.0764,0.9558,27.23,57.17,0.53,370.0,0.179,Motor_en_operacion,0.9882
2026-07-24 11:01:18,OPTA,NICLABH1,212,0.0303,0.0789,0.9568,27.23,57.18,0.53,370.0,-0.349,Motor_en_operacion,0.9804
2026-07-24 11:01:20,OPTA,NICLABH1,213,0.0315,0.0808,0.9575,27.23,57.18,0.53,370.0,-0.371,Motor_en_operacion,0.9804
2026-07-24 11:01:21,OPTA,NICLABH1,214,0.0354,0.0781,0.9551,27.23,57.18,0.53,370.0,-0.497,Motor_en_operacion,0.9843
2026-07-24 11:01:22,OPTA,NICLABH1,215,0.0344,0.0789,0.9553,27.23,57.18,0.53,370.0,-0.365,Motor_en_operacion,0.9882
2026-07-24 11:01:23,OPTA,NICLABH1,216,0.0303,0.0801,0.957,27.23,57.18,0.53,370.0,-0.332,Motor_en_operacion,0.9921
2026-07-24 11:01:25,OPTA,NICLABH1,217,0.0293,0.0818,0.9575,27.23,57.19,0.53,360.0,-0.42,Motor_en_operacion,0.9843
2026-07-24 11:01:26,OPTA,NICLABH1,218,0.0308,0.0803,0.958,27.23,57.19,0.53,360.0,-0.261,Motor_en_operacion,0.9843
2026-07-24 11:01:27,OPTA,NICLABH1,219,0.0288,0.0803,0.957,27.23,57.19,0.52,360.0,-0.189,Motor_en_operacion,0.9921
2026-07-24 11:01:28,OPTA,NICLABH1,220,0.0266,0.0759,0.9556,27.23,57.19,0.52,360.0,-0.231,Motor_en_operacion,0.9765
2026-07-24 11:01:29,OPTA,NICLABH1,221,0.03,0.0811,0.9565,27.23,57.19,0.52,360.0,-0.719,Motor_en_operacion,0.9882
2026-07-24 11:01:31,OPTA,NICLABH1,222,0.0266,0.0796,0.958,27.23,57.19,0.52,350.0,-0.394,Motor_en_operacion,0.996
2026-07-24 11:01:32,OPTA,NICLABH1,223,0.0339,0.0781,0.9536,27.23,57.19,0.52,350.0,-0.419,Motor_en_operacion,0.9687
2026-07-24 11:01:33,OPTA,NICLABH1,224,0.0259,0.0747,0.9529,27.24,57.17,0.52,350.0,-0.582,Motor_en_operacion,0.9648
2026-07-24 11:01:34,OPTA,NICLABH1,225,0.0305,0.0803,0.9548,27.24,57.17,0.52,350.0,-0.653,Motor_en_operacion,0.9882
2026-07-24 11:01:36,OPTA,NICLABH1,226,0.0229,0.0713,0.9534,27.24,57.17,0.52,350.0,-0.253,Motor_en_operacion,0.9804
2026-07-24 11:01:37,OPTA,NICLABH1,227,0.0317,0.0808,0.9575,27.24,57.18,0.53,370.0,-1.245,Motor_en_operacion,0.9921
2026-07-24 11:01:38,OPTA,NICLABH1,228,0.0273,0.0759,0.9546,27.24,57.18,0.53,370.0,-0.424,Motor_en_operacion,0.9882
2026-07-24 11:01:39,OPTA,NICLABH1,229,0.0327,0.0811,0.9565,27.24,57.18,0.52,360.0,-0.772,Motor_en_operacion,0.9765
2026-07-24 11:01:41,OPTA,NICLABH1,230,0.0242,0.0779,0.9553,27.24,57.18,0.52,360.0,-0.301,Motor_en_operacion,0.9843
2026-07-24 11:01:42,OPTA,NICLABH1,231,0.032,0.0791,0.9561,27.24,57.18,0.52,360.0,-0.968,Motor_en_operacion,0.9648
2026-07-24 11:01:43,OPTA,NICLABH1,232,0.0291,0.0789,0.9558,27.23,57.21,0.52,360.0,-0.753,Motor_en_operacion,0.9804
2026-07-24 11:01:44,OPTA,NICLABH1,233,0.0308,0.0796,0.9541,27.23,57.21,0.52,360.0,-0.351,Motor_en_operacion,0.9765
2026-07-24 11:01:46,OPTA,NICLABH1,234,0.03,0.0828,0.959,27.25,57.16,0.52,350.0,-0.578,Motor_en_operacion,0.9921
2026-07-24 11:01:47,OPTA,NICLABH1,235,0.0342,0.0813,0.9563,27.25,57.16,0.52,350.0,-0.774,Motor_en_operacion,0.9921
2026-07-24 11:01:48,OPTA,NICLABH1,236,0.0332,0.0803,0.9561,27.25,57.16,0.52,350.0,-0.556,Motor_en_operacion,0.996
2026-07-24 11:01:49,OPTA,NICLABH1,237,0.0286,0.0762,0.9543,27.25,57.17,0.52,330.0,-0.545,Motor_en_operacion,0.9843
2026-07-24 11:01:51,OPTA,NICLABH1,238,0.031,0.0754,0.9556,27.25,57.17,0.52,330.0,-0.952,Motor_en_operacion,0.9804
2026-07-24 11:01:52,OPTA,NICLABH1,239,0.0288,0.0752,0.9546,27.26,57.15,0.52,310.0,-0.789,Motor_en_operacion,0.9804
2026-07-24 11:01:53,OPTA,NICLABH1,240,0.032,0.0786,0.9561,27.26,57.15,0.52,310.0,-0.276,Motor_en_operacion,0.9492
2026-07-24 11:01:54,OPTA,NICLABH1,241,0.0327,0.0769,0.9551,27.26,57.15,0.52,310.0,-0.139,Motor_en_operacion,0.9609
2026-07-24 11:01:55,OPTA,NICLABH1,242,0.0291,0.0774,0.9565,27.25,57.19,0.52,330.0,-1.104,Motor_en_operacion,0.9921
2026-07-24 11:01:57,OPTA,NICLABH1,243,0.0266,0.074,0.9543,27.25,57.19,0.52,330.0,-0.828,Motor_en_operacion,0.9531
2026-07-24 11:01:58,OPTA,NICLABH1,244,0.032,0.0774,0.9561,27.26,57.16,0.52,320.0,-0.413,Motor_en_operacion,0.9882
2026-07-24 11:01:59,OPTA,NICLABH1,245,0.03,0.075,0.9546,27.26,57.16,0.52,320.0,-0.632,Motor_en_operacion,0.9804
2026-07-24 11:02:00,OPTA,NICLABH1,246,0.0327,0.0757,0.9517,27.26,57.16,0.52,320.0,-0.099,Motor_en_operacion,0.9804
2026-07-24 11:02:02,OPTA,NICLABH1,247,0.0337,0.0764,0.9565,27.27,57.15,0.52,330.0,-0.757,Motor_en_operacion,0.9804
2026-07-24 11:02:03,OPTA,NICLABH1,248,0.0298,0.0781,0.9551,27.27,57.15,0.52,330.0,-0.725,Motor_en_operacion,0.9843
2026-07-24 11:02:04,OPTA,NICLABH1,249,0.0239,0.0745,0.9546,27.27,57.16,0.52,350.0,-0.44,Motor_en_operacion,0.9609
2026-07-24 11:02:05,OPTA,NICLABH1,250,0.0305,0.0776,0.9551,27.27,57.16,0.52,350.0,-0.804,Motor_en_operacion,0.9687
2026-07-24 11:02:07,OPTA,NICLABH1,251,0.0339,0.0806,0.9558,27.27,57.16,0.52,350.0,-0.668,Motor_en_operacion,0.9921
2026-07-24 11:02:08,OPTA,NICLABH1,252,0.0317,0.0791,0.9558,27.28,57.14,0.52,350.0,-0.023,Motor_en_operacion,0.9804
2026-07-24 11:02:09,OPTA,NICLABH1,253,0.0244,0.0774,0.9551,27.28,57.14,0.52,350.0,-0.52,Motor_en_operacion,0.9882
2026-07-24 11:02:10,OPTA,NICLABH1,254,0.0308,0.0752,0.9534,27.29,57.13,0.52,340.0,-0.067,Motor_en_operacion,0.9726
2026-07-24 11:02:11,OPTA,NICLABH1,255,0.0291,0.0789,0.9565,27.29,57.13,0.52,340.0,-0.739,Motor_en_operacion,0.9921
2026-07-24 11:02:13,OPTA,NICLABH1,256,0.0276,0.0762,0.9565,27.29,57.13,0.52,340.0,-0.162,Motor_en_operacion,0.9843
2026-07-24 11:02:14,OPTA,NICLABH1,257,0.0276,0.0757,0.9521,27.29,57.14,0.62,590.0,-0.446,Motor_en_operacion,0.9453
2026-07-24 11:02:15,OPTA,NICLABH1,258,0.0291,0.0757,0.9536,27.29,57.14,0.62,590.0,-0.711,Motor_en_operacion,0.9921
2026-07-24 11:02:16,OPTA,NICLABH1,259,0.0334,0.082,0.9558,27.3,57.13,0.7,760.0,-0.401,Motor_en_operacion,0.9882
2026-07-24 11:02:18,OPTA,NICLABH1,260,0.0325,0.0786,0.9558,27.3,57.13,0.7,760.0,-0.573,Motor_en_operacion,0.996
2026-07-24 11:03:14,OPTA,NICLABH1,20,0.0339,0.0742,0.9534,27.34,57.18,0.74,840.0,-0.795,Motor_en_operacion,0.9921
2026-07-24 11:03:15,OPTA,NICLABH1,21,0.0266,0.0732,0.9534,27.33,56.2,0.68,710.0,-0.554,Motor_en_operacion,0.9882
2026-07-24 11:03:16,OPTA,NICLABH1,22,0.0315,0.0754,0.9524,27.33,56.2,0.68,710.0,-0.775,Motor_en_operacion,0.9921
2026-07-24 11:03:18,OPTA,NICLABH1,23,0.0305,0.0793,0.9561,27.33,56.2,0.68,710.0,-0.426,Motor_en_operacion,0.9921
2026-07-24 11:03:19,OPTA,NICLABH1,24,0.0266,0.0769,0.9556,27.33,56.2,0.63,600.0,-0.287,Motor_en_operacion,0.9843
2026-07-24 11:03:20,OPTA,NICLABH1,25,0.0303,0.0774,0.9543,27.33,56.2,0.63,600.0,-0.518,Motor_en_operacion,0.9804
2026-07-24 11:03:21,OPTA,NICLABH1,26,0.0286,0.0767,0.9543,27.34,56.18,0.7,770.0,-0.625,Motor_en_operacion,0.9882
2026-07-24 11:03:22,OPTA,NICLABH1,27,0.03,0.0776,0.957,27.34,56.18,0.7,770.0,-0.282,Motor_en_operacion,0.9882
2026-07-24 11:03:24,OPTA,NICLABH1,28,0.0303,0.0742,0.9529,27.34,56.18,0.7,770.0,-0.674,Motor_en_operacion,0.9648
2026-07-24 11:03:25,OPTA,NICLABH1,29,0.0361,0.0757,0.9531,27.35,56.16,0.65,670.0,-0.318,Motor_en_operacion,0.9531
2026-07-24 11:03:26,OPTA,NICLABH1,30,0.0298,0.0767,0.9553,27.35,56.16,0.65,670.0,-0.138,Motor_en_operacion,0.9921
2026-07-24 11:03:27,OPTA,NICLABH1,31,0.0315,0.0806,0.957,27.35,56.16,0.74,840.0,-0.097,Motor_en_operacion,0.996
2026-07-24 11:03:29,OPTA,NICLABH1,32,0.0276,0.0762,0.9543,27.35,56.16,0.74,840.0,-0.405,Motor_en_operacion,0.9804
2026-07-24 11:03:30,OPTA,NICLABH1,33,0.0298,0.072,0.9536,27.35,56.16,0.74,840.0,-0.624,Motor_en_operacion,0.9648
2026-07-24 11:03:31,OPTA,NICLABH1,34,0.0305,0.0793,0.9553,27.35,56.17,0.66,680.0,-0.978,Motor_en_operacion,0.9882
2026-07-24 11:03:32,OPTA,NICLABH1,35,0.0283,0.0764,0.9536,27.35,56.17,0.66,680.0,-0.59,Motor_en_operacion,0.9843
2026-07-24 11:03:34,OPTA,NICLABH1,36,0.0342,0.0764,0.9521,27.33,56.23,0.74,850.0,-0.31,Motor_en_operacion,0.9765
2026-07-24 11:03:35,OPTA,NICLABH1,37,0.0303,0.0774,0.9551,27.33,56.23,0.74,850.0,-0.405,Motor_en_operacion,0.9921
2026-07-24 11:03:36,OPTA,NICLABH1,38,0.0276,0.0769,0.9546,27.33,56.23,0.74,850.0,-0.582,Motor_en_operacion,0.9921
2026-07-24 11:03:37,OPTA,NICLABH1,39,0.0266,0.0762,0.9534,27.34,56.2,0.68,720.0,-0.014,Motor_en_operacion,0.9804
2026-07-24 11:03:39,OPTA,NICLABH1,40,0.033,0.0747,0.9531,27.34,56.2,0.68,720.0,-0.461,Motor_en_operacion,0.9843
2026-07-24 11:03:40,OPTA,NICLABH1,41,0.0273,0.0781,0.9563,27.35,56.17,0.64,620.0,-0.204,Motor_en_operacion,0.9882
2026-07-24 11:03:41,OPTA,NICLABH1,42,0.0293,0.0781,0.9568,27.35,56.17,0.64,620.0,-0.217,Motor_en_operacion,0.9648
2026-07-24 11:03:42,OPTA,NICLABH1,43,0.033,0.0764,0.9541,27.35,56.17,0.64,620.0,-0.338,Motor_en_operacion,0.9687
2026-07-24 11:03:43,OPTA,NICLABH1,44,0.0342,0.0789,0.9561,27.35,56.18,0.61,550.0,-0.344,Motor_en_operacion,0.9882
2026-07-24 11:03:45,OPTA,NICLABH1,45,0.0322,0.0737,0.9519,27.35,56.18,0.61,550.0,0.297,Motor_en_operacion,0.9843
2026-07-24 11:03:46,OPTA,NICLABH1,46,0.0286,0.0789,0.9563,27.36,56.16,0.58,520.0,-0.365,Motor_en_operacion,0.9921
2026-07-24 11:03:47,OPTA,NICLABH1,47,0.0325,0.0798,0.9568,27.36,56.16,0.58,520.0,-0.529,Motor_en_operacion,0.9921
2026-07-24 11:03:48,OPTA,NICLABH1,48,0.0308,0.0781,0.9551,27.36,56.16,0.58,520.0,-0.141,Motor_en_operacion,0.9843
2026-07-24 11:03:50,OPTA,NICLABH1,49,0.0305,0.0779,0.9551,27.37,56.14,0.68,720.0,-0.44,Motor_en_operacion,0.9882
2026-07-24 11:03:51,OPTA,NICLABH1,50,0.0273,0.0732,0.9546,27.37,56.14,0.68,720.0,-0.684,Motor_en_operacion,0.9726
2026-07-24 11:03:52,OPTA,NICLABH1,51,0.033,0.0793,0.9551,27.37,56.15,0.76,880.0,-0.544,Motor_en_operacion,0.9804
2026-07-24 11:03:53,OPTA,NICLABH1,52,0.0325,0.0767,0.9556,27.37,56.15,0.76,880.0,-0.486,Motor_en_operacion,0.9726
2026-07-24 11:03:54,OPTA,NICLABH1,53,0.0266,0.0813,0.9578,27.37,56.15,0.76,880.0,-0.862,Motor_en_operacion,0.9218
2026-07-24 11:03:56,OPTA,NICLABH1,54,0.0347,0.0737,0.9531,27.38,56.14,0.81,990.0,-0.49,Motor_en_operacion,0.9882
2026-07-24 11:03:57,OPTA,NICLABH1,55,0.0344,0.0769,0.9553,27.38,56.14,0.81,990.0,-1.096,Motor_en_operacion,0.9921
2026-07-24 11:03:58,OPTA,NICLABH1,56,0.0295,0.0767,0.957,27.38,56.15,0.84,1040.0,-0.525,Motor_en_operacion,0.9882
2026-07-24 11:03:59,OPTA,NICLABH1,57,0.0312,0.0803,0.9568,27.38,56.15,0.84,1040.0,0.038,Motor_en_operacion,0.9882
2026-07-24 11:04:01,OPTA,NICLABH1,58,0.031,0.0735,0.9524,27.38,56.15,0.84,1040.0,-0.481,Motor_en_operacion,0.9804
2026-07-24 11:04:02,OPTA,NICLABH1,59,0.0239,0.0703,0.9514,27.39,56.13,0.87,1090.0,-1.009,Motor_en_operacion,0.957
2026-07-24 11:04:03,OPTA,NICLABH1,60,0.0273,0.075,0.9553,27.39,56.13,0.87,1090.0,-0.139,Motor_en_operacion,0.9921
2026-07-24 11:04:04,OPTA,NICLABH1,61,0.0312,0.0757,0.9541,27.39,56.15,0.9,1140.0,-0.767,Motor_en_operacion,0.9882
2026-07-24 11:04:06,OPTA,NICLABH1,62,0.0295,0.0764,0.9536,27.39,56.15,0.9,1140.0,-0.424,Motor_en_operacion,0.9843
2026-07-24 11:04:07,OPTA,NICLABH1,63,0.0327,0.0828,0.9583,27.39,56.15,0.9,1140.0,-0.448,Motor_en_operacion,0.9882
2026-07-24 11:04:08,OPTA,NICLABH1,64,0.0317,0.0789,0.9556,27.39,56.16,0.91,1160.0,-0.797,Motor_en_operacion,0.9921
2026-07-24 11:04:09,OPTA,NICLABH1,65,0.0339,0.0732,0.9521,27.39,56.16,0.91,1160.0,-0.482,Motor_en_operacion,0.9921
2026-07-24 11:04:11,OPTA,NICLABH1,66,0.0288,0.0776,0.9568,27.38,56.19,0.91,1180.0,-0.31,Motor_en_operacion,0.9687
2026-07-24 11:04:12,OPTA,NICLABH1,67,0.0293,0.0769,0.9546,27.38,56.19,0.91,1180.0,-0.365,Motor_en_operacion,0.9804
2026-07-24 11:04:13,OPTA,NICLABH1,68,0.0264,0.0752,0.9558,27.38,56.19,0.91,1180.0,-0.503,Motor_en_operacion,0.9843
2026-07-24 11:04:14,OPTA,NICLABH1,69,0.0298,0.0769,0.9551,27.37,56.22,0.93,1190.0,-0.911,Motor_en_operacion,0.9804
2026-07-24 11:04:15,OPTA,NICLABH1,70,0.0327,0.0779,0.9556,27.37,56.22,0.93,1190.0,-0.195,Motor_en_operacion,0.9921
2026-07-24 11:04:17,OPTA,NICLABH1,71,0.0276,0.0789,0.9568,27.36,56.24,0.79,950.0,-0.309,Motor_en_operacion,0.9882
2026-07-24 11:04:18,OPTA,NICLABH1,72,0.0283,0.0732,0.9526,27.36,56.24,0.79,950.0,-0.197,Motor_en_operacion,0.871
2026-07-24 11:04:19,OPTA,NICLABH1,73,0.0364,0.075,0.9546,27.36,56.24,0.79,950.0,-0.934,Motor_en_operacion,0.9882
2026-07-24 11:04:20,OPTA,NICLABH1,74,0.0349,0.0759,0.9553,27.37,56.21,0.71,780.0,-0.442,Motor_en_operacion,0.9843
2026-07-24 11:04:22,OPTA,NICLABH1,75,0.0283,0.072,0.9531,27.37,56.21,0.71,780.0,-0.354,Motor_en_operacion,0.914
2026-07-24 11:04:23,OPTA,NICLABH1,76,0.0288,0.0767,0.9539,27.37,56.2,0.65,660.0,-0.415,Motor_en_operacion,0.9804
2026-07-24 11:04:24,OPTA,NICLABH1,77,0.0305,0.0764,0.9565,27.37,56.2,0.65,660.0,-0.322,Motor_en_operacion,0.9921
2026-07-24 11:04:25,OPTA,NICLABH1,78,0.0305,0.0779,0.9563,27.37,56.2,0.65,660.0,-0.484,Motor_en_operacion,0.9921
2026-07-24 11:04:27,OPTA,NICLABH1,79,0.0276,0.0745,0.9556,27.37,56.2,0.62,580.0,-0.49,Motor_en_operacion,0.9609
2026-07-24 11:04:28,OPTA,NICLABH1,80,0.0342,0.0774,0.9556,27.37,56.2,0.62,580.0,-0.289,Motor_en_operacion,0.9921
2026-07-24 11:04:29,OPTA,NICLABH1,81,0.0312,0.0745,0.9534,27.37,56.2,0.7,760.0,-0.047,Motor_en_operacion,0.9843
2026-07-24 11:04:30,OPTA,NICLABH1,82,0.0344,0.0796,0.9565,27.37,56.2,0.7,760.0,-0.737,Motor_en_operacion,0.9882
2026-07-24 11:04:31,OPTA,NICLABH1,83,0.0249,0.0759,0.957,27.37,56.2,0.7,760.0,-0.443,Motor_en_operacion,0.9882
2026-07-24 11:04:33,OPTA,NICLABH1,84,0.03,0.0806,0.9573,27.37,56.2,0.65,660.0,-0.953,Motor_en_operacion,0.9843
2026-07-24 11:04:34,OPTA,NICLABH1,85,0.0276,0.0764,0.9551,27.37,56.2,0.65,660.0,-0.664,Motor_en_operacion,0.9804
2026-07-24 11:04:35,OPTA,NICLABH1,86,0.032,0.0752,0.9551,27.37,56.2,0.72,830.0,-0.724,Motor_en_operacion,0.9804
2026-07-24 11:04:36,OPTA,NICLABH1,87,0.0286,0.0754,0.9553,27.37,56.2,0.72,830.0,-0.892,Motor_en_operacion,0.9882
2026-07-24 11:04:38,OPTA,NICLABH1,88,0.033,0.0786,0.9553,27.37,56.2,0.72,830.0,-0.77,Motor_en_operacion,0.9531
2026-07-24 11:04:39,OPTA,NICLABH1,89,0.0269,0.0754,0.9534,27.38,56.17,0.66,670.0,-0.183,Motor_en_operacion,0.9765
2026-07-24 11:04:40,OPTA,NICLABH1,90,0.0339,0.0796,0.957,27.38,56.17,0.66,670.0,-1.008,Motor_en_operacion,0.9804
2026-07-24 11:04:41,OPTA,NICLABH1,91,0.0342,0.0767,0.9517,27.39,56.15,0.61,570.0,-0.285,Motor_en_operacion,0.9765
2026-07-24 11:04:43,OPTA,NICLABH1,92,0.0334,0.0769,0.9551,27.39,56.15,0.61,570.0,-0.83,Motor_en_operacion,0.9843
2026-07-24 11:04:44,OPTA,NICLABH1,93,0.0305,0.0784,0.9568,27.39,56.15,0.61,570.0,-0.73,Motor_en_operacion,0.8945
2026-07-24 11:04:45,OPTA,NICLABH1,94,0.0349,0.0771,0.9573,27.39,56.16,0.59,530.0,-0.463,Motor_en_operacion,0.9921
2026-07-24 11:04:46,OPTA,NICLABH1,95,0.0295,0.0789,0.9553,27.39,56.16,0.59,530.0,-1.169,Motor_en_operacion,0.9687
2026-07-24 11:04:47,OPTA,NICLABH1,96,0.0273,0.0754,0.9548,27.4,56.15,0.68,730.0,-0.468,Motor_en_operacion,0.9726
2026-07-24 11:04:49,OPTA,NICLABH1,97,0.0339,0.0771,0.9541,27.4,56.15,0.68,730.0,-0.48,Motor_en_operacion,0.9921
2026-07-24 11:04:50,OPTA,NICLABH1,98,0.0278,0.0754,0.9568,27.4,56.15,0.68,730.0,-1.027,Motor_en_operacion,0.9375
2026-07-24 11:04:51,OPTA,NICLABH1,99,0.0317,0.0828,0.9583,27.41,56.13,0.64,640.0,-0.598,Motor_en_operacion,0.9921
2026-07-24 11:04:52,OPTA,NICLABH1,100,0.0305,0.0776,0.9563,27.41,56.13,0.64,640.0,-0.708,Motor_en_operacion,0.9843
2026-07-24 11:04:54,OPTA,NICLABH1,101,0.0327,0.0728,0.9517,27.41,56.14,0.71,790.0,-0.542,Motor_en_operacion,0.9882
2026-07-24 11:04:55,OPTA,NICLABH1,102,0.0334,0.0779,0.9561,27.41,56.14,0.71,790.0,-0.318,Motor_en_operacion,0.9687
2026-07-24 11:04:56,OPTA,NICLABH1,103,0.0303,0.0786,0.9553,27.41,56.14,0.71,790.0,-0.25,Motor_en_operacion,0.9843
2026-07-24 11:04:57,OPTA,NICLABH1,104,0.0308,0.0754,0.9553,27.42,56.13,0.79,940.0,-0.486,Motor_en_operacion,0.996
2026-07-24 11:04:59,OPTA,NICLABH1,105,0.0303,0.0762,0.9551,27.42,56.13,0.79,940.0,-0.543,Motor_en_operacion,0.9843
2026-07-24 11:05:00,OPTA,NICLABH1,106,0.0317,0.0801,0.9561,27.42,56.15,0.82,1000.0,-1.228,Motor_en_operacion,0.9765
2026-07-24 11:05:01,OPTA,NICLABH1,107,0.0276,0.0769,0.9546,27.42,56.15,0.82,1000.0,-0.149,Motor_en_operacion,0.9882
2026-07-24 11:05:02,OPTA,NICLABH1,108,0.0295,0.0781,0.9553,27.42,56.15,0.82,1000.0,-0.484,Motor_en_operacion,0.9882
2026-07-24 11:05:04,OPTA,NICLABH1,109,0.0242,0.0754,0.9561,27.43,56.13,0.85,1060.0,-0.169,Motor_en_operacion,0.9726
2026-07-24 11:05:05,OPTA,NICLABH1,110,0.0322,0.0808,0.9561,27.43,56.13,0.85,1060.0,-0.985,Motor_en_operacion,0.9921
2026-07-24 11:05:06,OPTA,NICLABH1,111,0.0312,0.0728,0.9536,27.43,56.15,0.89,1120.0,-0.681,Motor_en_operacion,0.9804
2026-07-24 11:05:07,OPTA,NICLABH1,112,0.0295,0.0798,0.9563,27.43,56.15,0.89,1120.0,-0.351,Motor_en_operacion,0.9804
2026-07-24 11:05:09,OPTA,NICLABH1,113,0.0293,0.0708,0.9517,27.43,56.15,0.89,1120.0,-0.488,Motor_en_operacion,0.9726
2026-07-24 11:05:10,OPTA,NICLABH1,114,0.033,0.0784,0.9543,27.44,56.13,0.9,1140.0,-0.889,Motor_en_operacion,0.9882
2026-07-24 11:05:11,OPTA,NICLABH1,115,0.0315,0.0742,0.9546,27.44,56.13,0.9,1140.0,-0.713,Motor_en_operacion,0.9843
2026-07-24 11:05:12,OPTA,NICLABH1,116,0.0308,0.0732,0.9539,27.45,56.12,0.91,1170.0,-0.728,Motor_en_operacion,0.9765
2026-07-24 11:05:13,OPTA,NICLABH1,117,0.0256,0.075,0.9556,27.45,56.12,0.91,1170.0,-0.942,Motor_en_operacion,0.871
2026-07-24 11:05:15,OPTA,NICLABH1,118,0.03,0.0769,0.9546,27.45,56.12,0.91,1170.0,-0.245,Motor_en_operacion,0.9921
2026-07-24 11:05:16,OPTA,NICLABH1,119,0.0276,0.075,0.9558,27.45,56.14,0.93,1200.0,-0.896,Motor_en_operacion,0.9882
2026-07-24 11:05:17,OPTA,NICLABH1,120,0.0305,0.0759,0.9546,27.45,56.14,0.93,1200.0,-0.818,Motor_en_operacion,0.9453
2026-07-24 11:05:18,OPTA,NICLABH1,121,0.0315,0.0825,0.9583,27.45,56.15,0.93,1200.0,-0.411,Motor_en_operacion,0.9921
2026-07-24 11:05:20,OPTA,NICLABH1,122,0.0247,0.0779,0.9573,27.45,56.15,0.93,1200.0,-0.037,Motor_en_operacion,0.9687
2026-07-24 11:05:21,OPTA,NICLABH1,123,0.0344,0.0767,0.9546,27.45,56.15,0.93,1200.0,-0.378,Motor_en_operacion,0.9843
2026-07-24 11:05:22,OPTA,NICLABH1,124,0.0356,0.0806,0.9558,27.46,56.13,0.94,1210.0,-0.826,Motor_en_operacion,0.9921
2026-07-24 11:05:23,OPTA,NICLABH1,125,0.0349,0.0781,0.9568,27.46,56.13,0.94,1210.0,-1.164,Motor_en_operacion,0.9882
2026-07-24 11:05:25,OPTA,NICLABH1,126,0.0298,0.0776,0.9548,27.46,56.15,0.95,1230.0,-0.287,Motor_en_operacion,0.9882
2026-07-24 11:05:26,OPTA,NICLABH1,127,0.032,0.0784,0.9565,27.46,56.15,0.95,1230.0,0.186,Motor_en_operacion,0.996
2026-07-24 11:05:27,OPTA,NICLABH1,128,0.0354,0.0774,0.9563,27.46,56.15,0.95,1230.0,-0.339,Motor_en_operacion,0.9921
2026-07-24 11:05:28,OPTA,NICLABH1,129,0.031,0.0771,0.9546,27.46,56.16,0.96,1230.0,0.211,Motor_en_operacion,0.9804
2026-07-24 11:05:30,OPTA,NICLABH1,130,0.0354,0.073,0.9502,27.46,56.16,0.96,1230.0,-0.392,Motor_en_operacion,0.9804
2026-07-24 11:05:31,OPTA,NICLABH1,131,0.0432,0.0767,0.9543,27.47,56.14,0.95,1230.0,-0.465,Motor_en_operacion,0.9921
2026-07-24 11:05:32,OPTA,NICLABH1,132,0.0266,0.0776,0.9561,27.47,56.14,0.95,1230.0,-0.359,Motor_en_operacion,0.9804
2026-07-24 11:05:33,OPTA,NICLABH1,133,0.0317,0.0779,0.9556,27.47,56.14,0.95,1230.0,-0.898,Motor_en_operacion,0.9687
2026-07-24 11:05:34,OPTA,NICLABH1,134,0.0273,0.0725,0.9534,27.46,56.18,0.96,1230.0,-0.337,Motor_en_operacion,0.9804
2026-07-24 11:05:36,OPTA,NICLABH1,135,0.03,0.0759,0.9546,27.46,56.18,0.96,1230.0,-0.175,Motor_en_operacion,0.957
2026-07-24 11:05:37,OPTA,NICLABH1,136,0.0317,0.0771,0.9543,27.46,56.18,0.95,1220.0,-0.824,Motor_en_operacion,0.9804
2026-07-24 11:05:38,OPTA,NICLABH1,137,0.0312,0.0742,0.9536,27.46,56.18,0.95,1220.0,-0.34,Motor_en_operacion,0.9921
2026-07-24 11:05:39,OPTA,NICLABH1,138,0.031,0.0793,0.9568,27.46,56.18,0.95,1220.0,-0.938,Motor_en_operacion,0.9726
2026-07-24 11:05:41,OPTA,NICLABH1,139,0.0332,0.0759,0.9561,27.47,56.16,0.96,1250.0,-0.387,Motor_en_operacion,0.9804
2026-07-24 11:05:42,OPTA,NICLABH1,140,0.0339,0.0754,0.9531,27.47,56.16,0.96,1250.0,-0.612,Motor_en_operacion,0.996
2026-07-24 11:05:43,OPTA,NICLABH1,141,0.0339,0.0784,0.9556,27.47,56.17,0.95,1220.0,-0.274,Motor_en_operacion,0.9921
2026-07-24 11:05:44,OPTA,NICLABH1,142,0.033,0.0789,0.9553,27.47,56.17,0.95,1220.0,-0.083,Motor_en_operacion,0.9804
2026-07-24 11:05:46,OPTA,NICLABH1,143,0.03,0.0769,0.9553,27.47,56.17,0.95,1220.0,-0.712,Motor_en_operacion,0.9843
2026-07-24 11:05:47,OPTA,NICLABH1,144,0.0332,0.0808,0.9563,27.48,56.15,0.93,1200.0,-0.211,Motor_en_operacion,0.9765
2026-07-24 11:05:48,OPTA,NICLABH1,145,0.0259,0.0796,0.9575,27.48,56.15,0.93,1200.0,-0.699,Motor_en_operacion,0.9648
2026-07-24 11:05:49,OPTA,NICLABH1,146,0.0352,0.074,0.9529,27.48,56.16,0.95,1230.0,-0.393,Motor_en_operacion,0.9921
2026-07-24 11:05:50,OPTA,NICLABH1,147,0.0278,0.0723,0.9534,27.48,56.16,0.95,1230.0,-0.211,Motor_en_operacion,0.9648
2026-07-24 11:05:52,OPTA,NICLABH1,148,0.032,0.0786,0.9563,27.48,56.16,0.95,1230.0,0.039,Motor_en_operacion,0.9843
2026-07-24 11:05:53,OPTA,NICLABH1,149,0.0286,0.0757,0.9548,27.49,56.14,0.95,1230.0,-0.113,Motor_en_operacion,0.9843
2026-07-24 11:05:54,OPTA,NICLABH1,150,0.0281,0.0747,0.9541,27.49,56.14,0.95,1230.0,-0.464,Motor_en_operacion,0.9843
2026-07-24 11:05:55,OPTA,NICLABH1,151,0.0288,0.0767,0.9556,27.49,56.15,0.96,1240.0,-0.478,Motor_en_operacion,0.9882
2026-07-24 11:05:57,OPTA,NICLABH1,152,0.0298,0.0796,0.9561,27.49,56.15,0.96,1240.0,-0.212,Motor_en_operacion,0.9296
2026-07-24 11:05:58,OPTA,NICLABH1,153,0.0342,0.0762,0.9524,27.49,56.15,0.96,1240.0,-0.5,Motor_en_operacion,0.9921
2026-07-24 11:05:59,OPTA,NICLABH1,154,0.0339,0.0793,0.9541,27.5,56.14,0.96,1240.0,-1.166,Motor_en_operacion,0.996
2026-07-24 11:06:00,OPTA,NICLABH1,155,0.0298,0.0798,0.9565,27.5,56.14,0.96,1240.0,0.038,Motor_en_operacion,0.9804
2026-07-24 11:06:02,OPTA,NICLABH1,156,0.0308,0.0732,0.9526,27.48,56.2,0.95,1230.0,-0.261,Motor_en_operacion,0.9804
2026-07-24 11:06:03,OPTA,NICLABH1,157,0.0317,0.0793,0.9546,27.48,56.2,0.95,1230.0,-0.842,Motor_en_operacion,0.9882
2026-07-24 11:06:04,OPTA,NICLABH1,158,0.0293,0.0798,0.9563,27.48,56.2,0.95,1230.0,-0.562,Motor_en_operacion,0.9882
2026-07-24 11:06:05,OPTA,NICLABH1,159,0.0295,0.0801,0.9558,27.48,56.2,0.94,1220.0,-0.186,Motor_en_operacion,0.996
2026-07-24 11:06:07,OPTA,NICLABH1,160,0.0276,0.074,0.9536,27.48,56.2,0.94,1220.0,-0.18,Motor_en_operacion,0.871
2026-07-24 11:06:08,OPTA,NICLABH1,161,0.03,0.0813,0.9568,27.5,56.15,0.91,1180.0,-0.238,Motor_en_operacion,0.996
2026-07-24 11:06:09,OPTA,NICLABH1,162,0.0269,0.0742,0.9539,27.5,56.15,0.91,1180.0,-0.418,Motor_en_operacion,0.9648
2026-07-24 11:06:10,OPTA,NICLABH1,163,0.0366,0.0796,0.9546,27.5,56.15,0.91,1180.0,-0.311,Motor_en_operacion,0.996
2026-07-24 11:06:12,OPTA,NICLABH1,164,0.0293,0.0776,0.9548,27.5,56.16,0.94,1200.0,-0.422,Motor_en_operacion,0.9726
2026-07-24 11:06:13,OPTA,NICLABH1,165,0.0339,0.0825,0.957,27.5,56.16,0.94,1200.0,-0.397,Motor_en_operacion,0.9804
2026-07-24 11:06:14,OPTA,NICLABH1,166,0.0271,0.0779,0.9561,27.49,56.19,0.93,1190.0,-0.29,Motor_en_operacion,0.9921
2026-07-24 11:06:15,OPTA,NICLABH1,167,0.0356,0.0798,0.9539,27.49,56.19,0.93,1190.0,-0.477,Motor_en_operacion,0.9882
2026-07-24 11:06:16,OPTA,NICLABH1,168,0.0276,0.0784,0.9578,27.49,56.19,0.93,1190.0,-0.598,Motor_en_operacion,0.9921
2026-07-24 11:06:18,OPTA,NICLABH1,169,0.032,0.083,0.9548,27.49,56.19,0.91,1170.0,-0.644,Motor_en_operacion,0.9492
2026-07-24 11:06:19,OPTA,NICLABH1,170,0.0278,0.0776,0.9551,27.49,56.19,0.91,1170.0,-0.412,Motor_en_operacion,0.9648
2026-07-24 11:06:20,OPTA,NICLABH1,171,0.0312,0.0784,0.9565,27.5,56.17,0.91,1170.0,-0.215,Motor_en_operacion,0.9921
2026-07-24 11:06:21,OPTA,NICLABH1,172,0.0312,0.0823,0.9587,27.5,56.17,0.91,1170.0,-0.378,Motor_en_operacion,0.9882
2026-07-24 11:06:23,OPTA,NICLABH1,173,0.0276,0.0762,0.9546,27.5,56.17,0.91,1170.0,0.12,Motor_en_operacion,0.9882
2026-07-24 11:06:24,OPTA,NICLABH1,174,0.0317,0.0835,0.9587,27.51,56.15,0.91,1180.0,-0.367,Motor_en_operacion,0.9726
2026-07-24 11:06:25,OPTA,NICLABH1,175,0.0339,0.0757,0.9553,27.51,56.15,0.91,1180.0,-0.399,Motor_en_operacion,0.9921
2026-07-24 11:06:26,OPTA,NICLABH1,176,0.0281,0.0747,0.9539,27.51,56.16,0.78,930.0,-0.716,Motor_en_operacion,0.9687
2026-07-24 11:06:28,OPTA,NICLABH1,177,0.0242,0.0764,0.9563,27.51,56.16,0.78,930.0,-0.521,Motor_en_operacion,0.9765
2026-07-24 11:06:29,OPTA,NICLABH1,178,0.0276,0.0747,0.9526,27.51,56.16,0.78,930.0,-0.506,Motor_en_operacion,0.9843
2026-07-24 11:06:30,OPTA,NICLABH1,179,0.0261,0.0757,0.9536,27.51,56.17,0.84,1050.0,-0.333,Motor_en_operacion,0.9804
2026-07-24 11:06:31,OPTA,NICLABH1,180,0.0305,0.0769,0.9546,27.51,56.17,0.84,1050.0,-0.405,Motor_en_operacion,0.9882
2026-07-24 11:06:33,OPTA,NICLABH1,181,0.031,0.0728,0.9534,27.52,56.15,0.88,1110.0,-0.665,Motor_en_operacion,0.9765
2026-07-24 11:06:34,OPTA,NICLABH1,182,0.0325,0.0789,0.9556,27.52,56.15,0.88,1110.0,-0.573,Motor_en_operacion,0.9882
2026-07-24 11:06:35,OPTA,NICLABH1,183,0.0286,0.0725,0.9526,27.52,56.15,0.88,1110.0,-1.044,Motor_en_operacion,0.9531
2026-07-24 11:06:36,OPTA,NICLABH1,184,0.033,0.0806,0.9573,27.53,56.13,0.91,1170.0,-0.391,Motor_en_operacion,0.9609
2026-07-24 11:06:38,OPTA,NICLABH1,185,0.0322,0.0745,0.9539,27.53,56.13,0.91,1170.0,-0.342,Motor_en_operacion,0.9687
2026-07-24 11:06:39,OPTA,NICLABH1,186,0.0305,0.0725,0.9512,27.53,56.15,0.93,1200.0,-1.117,Motor_en_operacion,0.9726
2026-07-24 11:06:40,OPTA,NICLABH1,187,0.0337,0.0801,0.9558,27.53,56.15,0.93,1200.0,-0.839,Motor_en_operacion,0.9882
2026-07-24 11:06:41,OPTA,NICLABH1,188,0.0376,0.0759,0.9534,27.53,56.15,0.93,1200.0,-0.326,Motor_en_operacion,0.9921
2026-07-24 11:06:42,OPTA,NICLABH1,189,0.0303,0.0803,0.9578,27.54,56.13,0.96,1250.0,-0.524,Motor_en_operacion,0.9843
2026-07-24 11:06:44,OPTA,NICLABH1,190,0.0291,0.0808,0.9578,27.54,56.13,0.96,1250.0,-0.508,Motor_en_operacion,0.9648
2026-07-24 11:06:45,OPTA,NICLABH1,191,0.0305,0.0813,0.9568,27.53,56.17,0.97,1270.0,-0.532,Motor_en_operacion,0.9843
2026-07-24 11:06:46,OPTA,NICLABH1,192,0.0354,0.0706,0.9519,27.53,56.17,0.97,1270.0,-0.853,Motor_en_operacion,0.996
2026-07-24 11:06:47,OPTA,NICLABH1,193,0.0278,0.0767,0.9543,27.53,56.17,0.97,1270.0,-1.085,Motor_en_operacion,0.9843
2026-07-24 11:06:49,OPTA,NICLABH1,194,0.0269,0.0754,0.9561,27.54,56.15,0.97,1260.0,-0.354,Motor_en_operacion,0.957
2026-07-24 11:06:50,OPTA,NICLABH1,195,0.0388,0.082,0.9558,27.54,56.15,0.97,1260.0,-0.308,Motor_en_operacion,0.996
2026-07-24 11:06:51,OPTA,NICLABH1,196,0.0286,0.0728,0.9529,27.54,56.16,0.97,1270.0,-0.52,Motor_en_operacion,0.9882
2026-07-24 11:06:52,OPTA,NICLABH1,197,0.0334,0.0784,0.9541,27.54,56.16,0.97,1270.0,-1.126,Motor_en_operacion,0.9804
2026-07-24 11:06:54,OPTA,NICLABH1,198,0.0281,0.0776,0.9553,27.54,56.16,0.97,1270.0,-0.456,Motor_en_operacion,0.9687
2026-07-24 11:06:55,OPTA,NICLABH1,199,0.0288,0.0776,0.9548,27.53,56.2,0.98,1290.0,-0.387,Motor_en_operacion,0.9687
2026-07-24 11:06:56,OPTA,NICLABH1,200,0.0293,0.0745,0.9526,27.53,56.2,0.98,1290.0,0.022,Motor_en_operacion,0.9882
2026-07-24 11:06:57,OPTA,NICLABH1,201,0.0291,0.0789,0.9548,27.53,57.2,0.96,1240.0,-0.095,Motor_en_operacion,0.996
2026-07-24 11:06:59,OPTA,NICLABH1,202,0.0281,0.0759,0.9543,27.53,57.2,0.96,1240.0,-0.75,Motor_en_operacion,0.9648
2026-07-24 11:07:00,OPTA,NICLABH1,203,0.0352,0.0762,0.9551,27.53,57.2,0.96,1240.0,-0.664,Motor_en_operacion,0.9921
2026-07-24 11:07:01,OPTA,NICLABH1,204,0.0352,0.0762,0.9539,27.53,57.2,0.95,1230.0,-1.107,Motor_en_operacion,0.9843
2026-07-24 11:07:02,OPTA,NICLABH1,205,0.0305,0.0813,0.9585,27.53,57.2,0.95,1230.0,0.111,Motor_en_operacion,0.996
2026-07-24 11:07:03,OPTA,NICLABH1,206,0.0332,0.0762,0.9534,27.53,57.2,0.94,1200.0,-0.456,Motor_en_operacion,0.9804
2026-07-24 11:07:05,OPTA,NICLABH1,207,0.033,0.0762,0.9539,27.53,57.2,0.94,1200.0,-0.394,Motor_en_operacion,0.9687
2026-07-24 11:07:06,OPTA,NICLABH1,208,0.0281,0.0774,0.9541,27.53,57.2,0.94,1200.0,0.084,Motor_en_operacion,0.9804
2026-07-24 11:07:07,OPTA,NICLABH1,209,0.0273,0.0762,0.9543,27.53,57.2,0.91,1180.0,-0.222,Motor_en_operacion,0.9726
2026-07-24 11:07:08,OPTA,NICLABH1,210,0.0315,0.0786,0.9553,27.53,57.2,0.91,1180.0,-0.249,Motor_en_operacion,0.9921
2026-07-24 11:07:10,OPTA,NICLABH1,211,0.0315,0.0764,0.9556,27.53,57.2,0.93,1190.0,-0.132,Motor_en_operacion,0.9804
2026-07-24 11:07:11,OPTA,NICLABH1,212,0.0308,0.0798,0.9561,27.53,57.2,0.93,1190.0,-0.154,Motor_en_operacion,0.9882
2026-07-24 11:07:12,OPTA,NICLABH1,213,0.0295,0.0757,0.9553,27.53,57.2,0.93,1190.0,0.031,Motor_en_operacion,0.9843
2026-07-24 11:07:13,OPTA,NICLABH1,214,0.0317,0.0737,0.9517,27.53,57.2,0.9,1140.0,-0.286,Motor_en_operacion,0.9921
2026-07-24 11:07:15,OPTA,NICLABH1,215,0.0315,0.0769,0.9536,27.53,57.2,0.9,1140.0,-0.789,Motor_en_operacion,0.9882
2026-07-24 11:07:16,OPTA,NICLABH1,216,0.0352,0.0806,0.957,27.53,57.2,0.89,1130.0,0.098,Motor_en_operacion,0.9921
2026-07-24 11:07:17,OPTA,NICLABH1,217,0.0278,0.0771,0.9563,27.53,57.2,0.89,1130.0,-0.642,Motor_en_operacion,0.9804
2026-07-24 11:07:18,OPTA,NICLABH1,218,0.0378,0.0789,0.9565,27.53,57.2,0.89,1130.0,-0.337,Motor_en_operacion,0.9804
2026-07-24 11:07:20,OPTA,NICLABH1,219,0.0303,0.0781,0.9558,27.54,57.18,0.89,1130.0,-0.275,Motor_en_operacion,0.9531
2026-07-24 11:07:21,OPTA,NICLABH1,220,0.0334,0.0781,0.9565,27.54,57.18,0.89,1130.0,-0.417,Motor_en_operacion,0.9687
2026-07-24 11:07:22,OPTA,NICLABH1,221,0.0276,0.0793,0.9556,27.54,57.18,0.75,870.0,0.421,Motor_en_operacion,0.9453
2026-07-24 11:07:23,OPTA,NICLABH1,222,0.0325,0.0745,0.9536,27.54,57.18,0.75,870.0,-0.566,Motor_en_operacion,0.9843
2026-07-24 11:07:24,OPTA,NICLABH1,223,0.0315,0.0754,0.9546,27.54,57.18,0.75,870.0,0.146,Motor_en_operacion,0.9843
2026-07-24 11:07:26,OPTA,NICLABH1,224,0.0269,0.0764,0.9561,27.54,57.19,0.66,700.0,-0.872,Motor_en_operacion,0.9882
2026-07-24 11:07:27,OPTA,NICLABH1,225,0.0344,0.0791,0.9541,27.54,57.19,0.66,700.0,-0.365,Motor_en_operacion,0.9531
2026-07-24 11:07:28,OPTA,NICLABH1,226,0.0352,0.0793,0.9563,27.55,57.16,0.74,840.0,-0.649,Motor_en_operacion,0.9804
2026-07-24 11:07:29,OPTA,NICLABH1,227,0.0364,0.0801,0.9563,27.55,57.16,0.74,840.0,-0.716,Motor_en_operacion,0.9882
2026-07-24 11:07:31,OPTA,NICLABH1,228,0.0303,0.0757,0.9561,27.55,57.16,0.74,840.0,-0.016,Motor_en_operacion,0.9492
2026-07-24 11:07:32,OPTA,NICLABH1,229,0.032,0.0752,0.9521,27.55,57.17,0.77,910.0,-0.544,Motor_en_operacion,0.9843
2026-07-24 11:07:33,OPTA,NICLABH1,230,0.0293,0.0769,0.9563,27.55,57.17,0.77,910.0,-0.482,Motor_en_operacion,0.996
2026-07-24 11:07:34,OPTA,NICLABH1,231,0.0256,0.0757,0.9541,27.55,57.18,0.78,940.0,-1.109,Motor_en_operacion,0.9921
2026-07-24 11:07:36,OPTA,NICLABH1,232,0.0317,0.0796,0.9575,27.55,57.18,0.78,940.0,0.028,Motor_en_operacion,0.9882
2026-07-24 11:07:37,OPTA,NICLABH1,233,0.0325,0.0752,0.9546,27.55,57.18,0.78,940.0,-0.356,Motor_en_operacion,0.9765
2026-07-24 11:07:38,OPTA,NICLABH1,234,0.0369,0.0803,0.9563,27.55,57.18,0.83,1020.0,-0.799,Motor_en_operacion,0.9726
2026-07-24 11:07:39,OPTA,NICLABH1,235,0.0303,0.0767,0.9558,27.55,57.18,0.83,1020.0,-0.165,Motor_en_operacion,0.9531
2026-07-24 11:07:40,OPTA,NICLABH1,236,0.0215,0.0767,0.9573,27.55,57.19,0.83,1030.0,-0.346,Motor_en_operacion,0.9414
2026-07-24 11:07:42,OPTA,NICLABH1,237,0.0342,0.0759,0.9543,27.55,57.19,0.83,1030.0,0.107,Motor_en_operacion,0.9843
2026-07-24 11:07:43,OPTA,NICLABH1,238,0.0259,0.072,0.9514,27.55,57.19,0.83,1030.0,-0.251,Motor_en_operacion,0.9609
2026-07-24 11:07:44,OPTA,NICLABH1,239,0.0317,0.0806,0.9556,27.55,57.19,0.85,1060.0,-0.423,Motor_en_operacion,0.9687
2026-07-24 11:07:45,OPTA,NICLABH1,240,0.0315,0.0757,0.9536,27.55,57.19,0.85,1060.0,-0.161,Motor_en_operacion,0.9882
2026-07-24 11:07:47,OPTA,NICLABH1,241,0.0278,0.0757,0.9551,27.56,57.17,0.87,1090.0,-0.303,Motor_en_operacion,0.9726
2026-07-24 11:07:48,OPTA,NICLABH1,242,0.031,0.0803,0.9556,27.56,57.17,0.87,1090.0,-0.186,Motor_en_operacion,0.9882
2026-07-24 11:07:49,OPTA,NICLABH1,243,0.0269,0.0754,0.9531,27.56,57.17,0.87,1090.0,-0.176,Motor_en_operacion,0.9765
2026-07-24 11:07:50,OPTA,NICLABH1,244,0.0271,0.0752,0.9524,27.56,57.17,0.88,1110.0,-0.054,Motor_en_operacion,0.9843
2026-07-24 11:07:52,OPTA,NICLABH1,245,0.0308,0.0762,0.9546,27.56,57.17,0.88,1110.0,-0.497,Motor_en_operacion,0.9804
2026-07-24 11:07:53,OPTA,NICLABH1,246,0.0303,0.0754,0.9524,27.57,57.15,0.85,1060.0,-0.397,Motor_en_operacion,0.9648
2026-07-24 11:07:54,OPTA,NICLABH1,247,0.0273,0.074,0.9548,27.57,57.15,0.85,1060.0,-0.794,Motor_en_operacion,0.9804
2026-07-24 11:07:55,OPTA,NICLABH1,248,0.033,0.0769,0.9548,27.57,57.15,0.85,1060.0,-0.153,Motor_en_operacion,0.9921
2026-07-24 11:07:57,OPTA,NICLABH1,249,0.0269,0.0776,0.9543,27.56,57.19,0.84,1030.0,-0.904,Motor_en_operacion,0.9843
2026-07-24 11:08:00,OPTA,NICLABH1,250,0.0305,0.0745,0.9519,27.56,57.19,0.84,1030.0,-0.06,Motor_en_operacion,0.9726
2026-07-24 11:08:01,OPTA,NICLABH1,251,0.0247,0.0779,0.9575,27.57,57.17,0.85,1060.0,-0.845,Motor_en_operacion,0.9453
2026-07-24 11:08:01,OPTA,NICLABH1,252,0.0342,0.0769,0.9548,27.57,57.17,0.85,1060.0,-0.254,Motor_en_operacion,0.9882
2026-07-24 11:08:01,OPTA,NICLABH1,253,0.0276,0.0779,0.9563,27.57,57.17,0.85,1060.0,-0.875,Motor_en_operacion,0.9804
2026-07-24 11:08:03,OPTA,NICLABH1,254,0.0327,0.0811,0.957,27.57,57.17,0.85,1070.0,-0.209,Motor_en_operacion,0.9921
2026-07-24 11:08:04,OPTA,NICLABH1,255,0.03,0.0759,0.9546,27.57,57.17,0.85,1070.0,-0.364,Motor_en_operacion,0.9843
2026-07-24 11:08:05,OPTA,NICLABH1,256,0.0288,0.0806,0.957,27.58,57.15,0.87,1100.0,0.001,Motor_en_operacion,0.9804
2026-07-24 11:08:06,OPTA,NICLABH1,257,0.0288,0.0779,0.9558,27.58,57.15,0.87,1100.0,-0.198,Motor_en_operacion,0.9687
2026-07-24 11:08:08,OPTA,NICLABH1,258,0.0344,0.0781,0.9548,27.58,57.15,0.87,1100.0,-0.237,Motor_en_operacion,0.9843
2026-07-24 11:08:09,OPTA,NICLABH1,259,0.0322,0.0801,0.9558,27.58,57.16,0.88,1120.0,-1.087,Motor_en_operacion,0.9882
2026-07-24 11:08:10,OPTA,NICLABH1,260,0.0281,0.0769,0.9553,27.58,57.16,0.88,1120.0,-0.223,Motor_en_operacion,0.9687
2026-07-24 11:08:11,OPTA,NICLABH1,261,0.0342,0.0764,0.9531,27.58,57.17,0.87,1090.0,-0.857,Motor_en_operacion,0.9804
2026-07-24 11:08:13,OPTA,NICLABH1,262,0.0293,0.0774,0.9565,27.58,57.17,0.87,1090.0,-0.39,Motor_en_operacion,0.9414
2026-07-24 11:08:14,OPTA,NICLABH1,263,0.0337,0.0823,0.9573,27.58,57.17,0.87,1090.0,0.372,Motor_en_operacion,0.996
2026-07-24 11:08:15,OPTA,NICLABH1,264,0.0291,0.0742,0.9543,27.59,57.15,0.85,1080.0,0.08,Motor_en_operacion,0.9921
2026-07-24 11:08:16,OPTA,NICLABH1,265,0.0295,0.0752,0.9524,27.59,57.15,0.85,1080.0,-0.052,Motor_en_operacion,0.9843
2026-07-24 11:08:17,OPTA,NICLABH1,266,0.0342,0.0776,0.9548,27.6,57.14,0.89,1130.0,-0.387,Motor_en_operacion,0.9921
2026-07-24 11:08:19,OPTA,NICLABH1,267,0.0293,0.0791,0.9561,27.6,57.14,0.89,1130.0,0.086,Motor_en_operacion,0.9882
2026-07-24 11:08:20,OPTA,NICLABH1,268,0.0293,0.0752,0.9551,27.6,57.14,0.89,1130.0,-0.109,Motor_en_operacion,0.9804
2026-07-24 11:08:21,OPTA,NICLABH1,269,0.0332,0.0789,0.9561,27.6,57.15,0.91,1170.0,-0.842,Motor_en_operacion,0.9804
2026-07-24 11:08:22,OPTA,NICLABH1,270,0.0271,0.0789,0.9565,27.6,57.15,0.91,1170.0,-0.273,Motor_en_operacion,0.996
2026-07-24 11:08:24,OPTA,NICLABH1,271,0.0293,0.0774,0.9553,27.6,57.16,0.93,1200.0,-0.99,Motor_en_operacion,0.9843
2026-07-24 11:08:25,OPTA,NICLABH1,272,0.033,0.0803,0.9561,27.6,57.16,0.93,1200.0,-0.555,Motor_en_operacion,0.9921
2026-07-24 11:08:26,OPTA,NICLABH1,273,0.032,0.0784,0.9551,27.6,57.16,0.93,1200.0,-0.493,Motor_en_operacion,0.9843
2026-07-24 11:08:27,OPTA,NICLABH1,274,0.0325,0.0801,0.9565,27.61,57.14,0.94,1200.0,-0.875,Motor_en_operacion,0.996
2026-07-24 11:08:29,OPTA,NICLABH1,275,0.0276,0.0735,0.9534,27.61,57.14,0.94,1200.0,-0.878,Motor_en_operacion,0.9296
2026-07-24 11:08:30,OPTA,NICLABH1,276,0.0303,0.0776,0.9536,27.59,57.21,0.94,1210.0,-0.833,Motor_en_operacion,0.9609
2026-07-24 11:08:31,OPTA,NICLABH1,277,0.0269,0.0798,0.9575,27.59,57.21,0.94,1210.0,-0.2,Motor_en_operacion,0.9882
2026-07-24 11:08:32,OPTA,NICLABH1,278,0.0288,0.0737,0.9519,27.59,57.21,0.94,1210.0,-0.485,Motor_en_operacion,0.9726
2026-07-24 11:08:34,OPTA,NICLABH1,279,0.0308,0.0791,0.9568,27.57,57.26,0.91,1180.0,-0.441,Motor_en_operacion,0.9921
2026-07-24 11:08:35,OPTA,NICLABH1,280,0.0339,0.075,0.9536,27.57,57.26,0.91,1180.0,-1.182,Motor_en_operacion,0.9882
2026-07-24 11:08:36,OPTA,NICLABH1,281,0.0273,0.0759,0.9551,27.57,57.25,0.91,1180.0,-0.51,Motor_en_operacion,0.9765
2026-07-24 11:08:37,OPTA,NICLABH1,282,0.0293,0.0776,0.9531,27.57,57.25,0.91,1180.0,-0.635,Motor_en_operacion,0.9804
2026-07-24 11:08:39,OPTA,NICLABH1,283,0.0271,0.0757,0.9548,27.57,57.25,0.91,1180.0,-0.255,Motor_en_operacion,0.9882
2026-07-24 11:08:40,OPTA,NICLABH1,284,0.033,0.0779,0.9573,27.58,57.21,0.93,1190.0,-0.956,Motor_en_operacion,0.9726
2026-07-24 11:08:41,OPTA,NICLABH1,285,0.0317,0.0786,0.9563,27.58,57.21,0.93,1190.0,0.065,Motor_en_operacion,0.9882
2026-07-24 11:08:42,OPTA,NICLABH1,286,0.0264,0.0745,0.9524,27.58,56.21,0.91,1160.0,-0.757,Motor_en_operacion,0.9843
2026-07-24 11:08:43,OPTA,NICLABH1,287,0.0288,0.0742,0.9517,27.58,56.21,0.91,1160.0,-0.912,Motor_en_operacion,0.9609
2026-07-24 11:08:45,OPTA,NICLABH1,288,0.0344,0.0728,0.9524,27.58,56.21,0.91,1160.0,-1.022,Motor_en_operacion,0.9882
2026-07-24 11:08:46,OPTA,NICLABH1,289,0.031,0.0801,0.9556,27.58,57.21,0.89,1130.0,-0.555,Motor_en_operacion,0.9804
2026-07-24 11:08:47,OPTA,NICLABH1,290,0.0288,0.0767,0.9551,27.58,57.21,0.89,1130.0,-0.466,Motor_en_operacion,0.9765
2026-07-24 11:08:48,OPTA,NICLABH1,291,0.0283,0.0754,0.9541,27.58,56.2,0.89,1130.0,-0.175,Motor_en_operacion,0.9843
2026-07-24 11:08:50,OPTA,NICLABH1,292,0.0254,0.0774,0.9558,27.58,56.2,0.89,1130.0,-0.031,Motor_en_operacion,0.9843
2026-07-24 11:08:51,OPTA,NICLABH1,293,0.031,0.0825,0.9568,27.58,56.2,0.89,1130.0,-0.137,Motor_en_operacion,0.9843
2026-07-24 11:08:52,OPTA,NICLABH1,294,0.0278,0.0757,0.9543,27.58,56.2,0.89,1130.0,-0.023,Motor_en_operacion,0.9375
2026-07-24 11:08:53,OPTA,NICLABH1,295,0.0308,0.0776,0.9543,27.58,56.2,0.89,1130.0,-0.244,Motor_en_operacion,0.9921
2026-07-24 11:08:55,OPTA,NICLABH1,296,0.0278,0.0764,0.9546,27.58,56.2,0.87,1090.0,-1.14,Motor_en_operacion,0.9882
2026-07-24 11:08:56,OPTA,NICLABH1,297,0.031,0.0796,0.9561,27.58,56.2,0.87,1090.0,0.342,Motor_en_operacion,0.9921
2026-07-24 11:08:57,OPTA,NICLABH1,298,0.0266,0.0767,0.9565,27.58,56.2,0.87,1090.0,-0.079,Motor_en_operacion,0.9843
2026-07-24 11:08:58,OPTA,NICLABH1,299,0.0361,0.0786,0.957,27.58,56.2,0.87,1090.0,-0.09,Motor_en_operacion,0.996
2026-07-24 11:09:00,OPTA,NICLABH1,300,0.0295,0.0771,0.9561,27.58,56.2,0.87,1090.0,-0.357,Motor_en_operacion,0.9765
2026-07-24 11:09:01,OPTA,NICLABH1,301,0.0332,0.0769,0.9541,27.58,56.2,0.85,1050.0,-0.362,Motor_en_operacion,0.9843
2026-07-24 11:09:02,OPTA,NICLABH1,302,0.0286,0.0757,0.9541,27.58,56.2,0.85,1050.0,-0.883,Motor_en_operacion,0.9648
2026-07-24 11:09:03,OPTA,NICLABH1,303,0.0308,0.0757,0.9548,27.58,56.2,0.85,1060.0,-0.167,Motor_en_operacion,0.9687
2026-07-24 11:09:04,OPTA,NICLABH1,304,0.0312,0.0791,0.9573,27.58,56.2,0.85,1060.0,-0.22,Motor_en_operacion,0.9921
2026-07-24 11:09:06,OPTA,NICLABH1,305,0.032,0.0752,0.9529,27.58,56.2,0.85,1060.0,-0.515,Motor_en_operacion,0.9921
2026-07-24 11:09:07,OPTA,NICLABH1,306,0.0308,0.0757,0.9541,27.57,56.23,0.85,1080.0,-0.6,Motor_en_operacion,0.9843
2026-07-24 11:09:08,OPTA,NICLABH1,307,0.0291,0.0786,0.9585,27.57,56.23,0.85,1080.0,0.063,Motor_en_operacion,0.9921
2026-07-24 11:09:09,OPTA,NICLABH1,308,0.0286,0.0806,0.9565,27.57,56.22,0.72,820.0,-1.231,Motor_en_operacion,0.9843
2026-07-24 11:09:11,OPTA,NICLABH1,309,0.0298,0.0752,0.9534,27.57,56.22,0.72,820.0,-0.767,Motor_en_operacion,0.9804
2026-07-24 11:09:12,OPTA,NICLABH1,310,0.0286,0.0742,0.9531,27.57,56.22,0.72,820.0,-0.201,Motor_en_operacion,0.9843
2026-07-24 11:09:13,OPTA,NICLABH1,311,0.0273,0.0786,0.9563,27.57,56.22,0.78,920.0,-0.326,Motor_en_operacion,0.9921
2026-07-24 11:09:14,OPTA,NICLABH1,312,0.0305,0.0791,0.9558,27.57,56.22,0.78,920.0,-0.673,Motor_en_operacion,0.9921
2026-07-24 11:09:16,OPTA,NICLABH1,313,0.0293,0.0769,0.9558,27.57,56.21,0.79,960.0,-0.345,Motor_en_operacion,0.9609
2026-07-24 11:09:17,OPTA,NICLABH1,314,0.0347,0.0793,0.9561,27.57,56.21,0.79,960.0,-0.626,Motor_en_operacion,0.9921
2026-07-24 11:09:18,OPTA,NICLABH1,315,0.0298,0.0767,0.9551,27.57,56.21,0.79,960.0,-0.761,Motor_en_operacion,0.9726
2026-07-24 11:09:19,OPTA,NICLABH1,316,0.0322,0.0757,0.9551,27.57,56.21,0.81,990.0,-0.397,Motor_en_operacion,0.9921
2026-07-24 11:09:21,OPTA,NICLABH1,317,0.032,0.0784,0.9558,27.57,56.21,0.81,990.0,-0.932,Motor_en_operacion,0.9843
2026-07-24 11:09:22,OPTA,NICLABH1,318,0.0352,0.0764,0.9543,27.57,56.21,0.83,1030.0,-0.353,Motor_en_operacion,0.996
2026-07-24 11:09:23,OPTA,NICLABH1,319,0.0266,0.0767,0.9548,27.57,56.21,0.83,1030.0,-0.357,Motor_en_operacion,0.9843
2026-07-24 11:09:24,OPTA,NICLABH1,320,0.0308,0.0767,0.9539,27.57,56.21,0.83,1030.0,-0.53,Motor_en_operacion,0.9921
2026-07-24 11:09:25,OPTA,NICLABH1,321,0.0256,0.0759,0.9539,27.58,56.18,0.84,1040.0,-0.925,Motor_en_operacion,0.9882
2026-07-24 11:09:27,OPTA,NICLABH1,322,0.0295,0.0801,0.9565,27.58,56.18,0.84,1040.0,-0.198,Motor_en_operacion,0.9882
2026-07-24 11:09:28,OPTA,NICLABH1,323,0.0349,0.0791,0.9568,27.59,56.16,0.85,1050.0,-0.655,Motor_en_operacion,0.9921
2026-07-24 11:09:29,OPTA,NICLABH1,324,0.0315,0.075,0.9541,27.59,56.16,0.85,1050.0,-0.399,Motor_en_operacion,0.9921
2026-07-24 11:09:30,OPTA,NICLABH1,325,0.0344,0.0811,0.9548,27.59,56.16,0.85,1050.0,-0.145,Motor_en_operacion,0.9921
2026-07-24 11:09:32,OPTA,NICLABH1,326,0.0325,0.0767,0.9568,27.59,56.17,0.84,1040.0,-0.568,Motor_en_operacion,0.9882
2026-07-24 11:09:33,OPTA,NICLABH1,327,0.0325,0.0796,0.9556,27.59,56.17,0.84,1040.0,-0.645,Motor_en_operacion,0.9882
2026-07-24 11:09:34,OPTA,NICLABH1,328,0.0276,0.0742,0.9551,27.59,56.17,0.7,770.0,-0.54,Motor_en_operacion,0.9882
2026-07-24 11:09:35,OPTA,NICLABH1,329,0.0286,0.0759,0.9539,27.59,56.17,0.7,770.0,-0.388,Motor_en_operacion,0.9726
2026-07-24 11:09:37,OPTA,NICLABH1,330,0.0266,0.0745,0.9531,27.59,56.17,0.7,770.0,-0.387,Motor_en_operacion,0.9375
2026-07-24 11:09:38,OPTA,NICLABH1,331,0.0315,0.0798,0.957,27.58,56.2,0.75,870.0,-0.199,Motor_en_operacion,0.9882
2026-07-24 11:09:39,OPTA,NICLABH1,332,0.0332,0.0793,0.9565,27.58,56.2,0.75,870.0,-0.639,Motor_en_operacion,0.9843
2026-07-24 11:09:40,OPTA,NICLABH1,333,0.0371,0.083,0.9585,27.58,56.2,0.79,950.0,-0.623,Motor_en_operacion,0.9882
2026-07-24 11:09:42,OPTA,NICLABH1,334,0.0269,0.0752,0.9529,27.58,56.2,0.79,950.0,-0.249,Motor_en_operacion,0.9843
2026-07-24 11:09:43,OPTA,NICLABH1,335,0.0278,0.0771,0.9548,27.58,56.2,0.79,950.0,-0.522,Motor_en_operacion,0.8945
2026-07-24 11:09:44,OPTA,NICLABH1,336,0.0344,0.0762,0.9514,27.58,56.2,0.79,970.0,-0.816,Motor_en_operacion,0.9882
2026-07-24 11:09:45,OPTA,NICLABH1,337,0.0388,0.0823,0.957,27.58,56.2,0.79,970.0,0.128,Motor_en_operacion,0.996
2026-07-24 11:09:46,OPTA,NICLABH1,338,0.031,0.0769,0.9563,27.59,56.18,0.82,1000.0,-0.133,Motor_en_operacion,0.996
2026-07-24 11:09:48,OPTA,NICLABH1,339,0.0342,0.0764,0.9534,27.59,56.18,0.82,1000.0,-0.509,Motor_en_operacion,0.9921
2026-07-24 11:09:49,OPTA,NICLABH1,340,0.0337,0.082,0.9553,27.59,56.18,0.82,1000.0,-0.609,Motor_en_operacion,0.9882
2026-07-24 11:09:50,OPTA,NICLABH1,341,0.0271,0.0757,0.9551,27.6,56.15,0.83,1020.0,-0.325,Motor_en_operacion,0.9804
2026-07-24 11:09:51,OPTA,NICLABH1,342,0.0339,0.0789,0.9565,27.6,56.15,0.83,1020.0,-0.221,Motor_en_operacion,0.996
2026-07-24 11:09:53,OPTA,NICLABH1,343,0.0251,0.0742,0.9546,27.59,56.19,0.84,1030.0,-0.871,Motor_en_operacion,0.9804
2026-07-24 11:09:54,OPTA,NICLABH1,344,0.0303,0.0813,0.9568,27.59,56.19,0.84,1030.0,-0.506,Motor_en_operacion,0.9765
2026-07-24 11:09:55,OPTA,NICLABH1,345,0.0288,0.0762,0.9558,27.59,56.19,0.84,1030.0,-0.435,Motor_en_operacion,0.9492
2026-07-24 11:09:56,OPTA,NICLABH1,346,0.0393,0.0823,0.9563,27.6,56.17,0.84,1050.0,-0.579,Motor_en_operacion,0.9921
2026-07-24 11:09:58,OPTA,NICLABH1,347,0.0322,0.0791,0.9553,27.6,56.17,0.84,1050.0,-0.69,Motor_en_operacion,0.9921
2026-07-24 11:09:59,OPTA,NICLABH1,348,0.032,0.0754,0.9553,27.6,57.18,0.72,820.0,-0.413,Motor_en_operacion,0.9804
2026-07-24 11:10:00,OPTA,NICLABH1,349,0.0291,0.0789,0.9563,27.6,57.18,0.72,820.0,0.194,Motor_en_operacion,0.9921
2026-07-24 11:10:01,OPTA,NICLABH1,350,0.0315,0.0764,0.9575,27.6,57.18,0.72,820.0,-0.589,Motor_en_operacion,0.9882
2026-07-24 11:10:02,OPTA,NICLABH1,351,0.0305,0.0786,0.9546,27.58,57.23,0.75,870.0,-1.063,Motor_en_operacion,0.9921
2026-07-24 11:10:04,OPTA,NICLABH1,352,0.0312,0.0762,0.9556,27.58,57.23,0.75,870.0,-0.402,Motor_en_operacion,0.9726
2026-07-24 11:10:05,OPTA,NICLABH1,353,0.0281,0.0786,0.9556,27.58,56.22,0.65,650.0,-0.274,Motor_en_operacion,0.9921
2026-07-24 11:10:06,OPTA,NICLABH1,354,0.0312,0.075,0.9536,27.58,56.22,0.65,650.0,-1.06,Motor_en_operacion,0.9609
2026-07-24 11:10:07,OPTA,NICLABH1,355,0.0264,0.0808,0.9561,27.58,56.22,0.65,650.0,-0.382,Motor_en_operacion,0.9882
2026-07-24 11:10:09,OPTA,NICLABH1,356,0.0293,0.0759,0.9551,27.57,57.25,0.61,550.0,-0.494,Motor_en_operacion,0.9882
2026-07-24 11:10:10,OPTA,NICLABH1,357,0.0295,0.0784,0.9553,27.57,57.25,0.61,550.0,-0.603,Motor_en_operacion,0.9843
2026-07-24 11:10:11,OPTA,NICLABH1,358,0.0308,0.0806,0.9563,27.57,57.25,0.61,550.0,-0.477,Motor_en_operacion,0.9921
2026-07-24 11:10:12,OPTA,NICLABH1,359,0.0332,0.0811,0.9575,27.58,57.21,0.66,700.0,0.136,Motor_en_operacion,0.996
2026-07-24 11:10:14,OPTA,NICLABH1,360,0.0278,0.074,0.9551,27.58,57.21,0.66,700.0,-0.28,Motor_en_operacion,0.9882
2026-07-24 11:10:15,OPTA,NICLABH1,361,0.0332,0.0762,0.9548,27.59,56.18,0.61,550.0,-0.83,Motor_en_operacion,0.9882
2026-07-24 11:11:20,OPTA,NICLABH1,20,0.033,0.0771,0.9519,27.52,56.27,0.52,350.0,-1.052,Motor_en_operacion,0.9921
2026-07-24 11:11:21,OPTA,NICLABH1,21,0.0256,0.0732,0.9529,27.52,56.27,0.52,350.0,-0.284,Motor_en_operacion,0.914
2026-07-24 11:11:22,OPTA,NICLABH1,22,0.03,0.0801,0.9551,27.52,56.27,0.52,350.0,-0.424,Motor_en_operacion,0.9921
2026-07-24 11:11:23,OPTA,NICLABH1,23,0.0251,0.0771,0.9543,27.52,56.25,0.52,330.0,-0.697,Motor_en_operacion,0.957
2026-07-24 11:11:24,OPTA,NICLABH1,24,0.0325,0.0764,0.9561,27.52,56.25,0.52,330.0,-0.025,Motor_en_operacion,0.9921
2026-07-24 11:11:26,OPTA,NICLABH1,25,0.0354,0.0732,0.9514,27.53,56.22,0.52,330.0,-0.579,Motor_en_operacion,0.9882
2026-07-24 11:11:27,OPTA,NICLABH1,26,0.0295,0.0774,0.9553,27.53,56.22,0.52,330.0,-1.133,Motor_en_operacion,0.9687
2026-07-24 11:11:28,OPTA,NICLABH1,27,0.0286,0.0811,0.9568,27.53,56.22,0.52,330.0,-0.556,Motor_en_operacion,0.9882
2026-07-24 11:11:29,OPTA,NICLABH1,28,0.033,0.074,0.9529,27.54,56.19,0.52,320.0,-0.148,Motor_en_operacion,0.9882
2026-07-24 11:11:31,OPTA,NICLABH1,29,0.0334,0.083,0.9573,27.54,56.19,0.52,320.0,-0.145,Motor_en_operacion,0.9921
2026-07-24 11:11:32,OPTA,NICLABH1,30,0.0259,0.0745,0.9541,27.53,56.21,0.52,330.0,-0.697,Motor_en_operacion,0.9882
2026-07-24 11:11:33,OPTA,NICLABH1,31,0.0303,0.0801,0.9553,27.53,56.21,0.52,330.0,-0.072,Motor_en_operacion,0.9882
2026-07-24 11:11:34,OPTA,NICLABH1,32,0.031,0.0811,0.9575,27.53,56.21,0.52,330.0,-0.455,Motor_en_operacion,0.9765
2026-07-24 11:11:36,OPTA,NICLABH1,33,0.0334,0.0823,0.9565,27.53,56.21,0.52,340.0,-0.501,Motor_en_operacion,0.9843
2026-07-24 11:11:37,OPTA,NICLABH1,34,0.0286,0.0767,0.9541,27.53,56.21,0.52,340.0,-0.329,Motor_en_operacion,0.9882
2026-07-24 11:11:38,OPTA,NICLABH1,35,0.0337,0.0796,0.9551,27.53,56.21,0.51,280.0,-0.49,Motor_en_operacion,0.9921
2026-07-24 11:11:39,OPTA,NICLABH1,36,0.0325,0.0791,0.9578,27.53,56.21,0.51,280.0,-0.711,Motor_en_operacion,0.9921
2026-07-24 11:11:40,OPTA,NICLABH1,37,0.0325,0.0803,0.9561,27.53,56.21,0.51,280.0,-0.676,Motor_en_operacion,0.996
2026-07-24 11:11:42,OPTA,NICLABH1,38,0.0286,0.0781,0.957,27.53,56.21,0.51,300.0,-0.25,Motor_en_operacion,0.9882
2026-07-24 11:11:43,OPTA,NICLABH1,39,0.031,0.0796,0.9548,27.53,56.21,0.51,300.0,0.139,Motor_en_operacion,0.996
2026-07-24 11:11:44,OPTA,NICLABH1,40,0.0293,0.0796,0.957,27.51,56.26,0.51,300.0,-0.611,Motor_en_operacion,0.9804
2026-07-24 11:11:45,OPTA,NICLABH1,41,0.0288,0.0791,0.9568,27.51,56.26,0.51,300.0,-0.738,Motor_en_operacion,0.9804
2026-07-24 11:11:47,OPTA,NICLABH1,42,0.0386,0.0796,0.9543,27.51,56.26,0.51,300.0,-0.024,Motor_en_operacion,0.996
2026-07-24 11:11:48,OPTA,NICLABH1,43,0.033,0.0776,0.9548,27.5,56.27,0.48,240.0,-0.38,Motor_en_operacion,0.9804
2026-07-24 11:11:49,OPTA,NICLABH1,44,0.0322,0.0759,0.9524,27.5,56.27,0.48,240.0,-0.243,Motor_en_operacion,0.9843
2026-07-24 11:11:50,OPTA,NICLABH1,45,0.0317,0.0754,0.9551,27.5,56.25,0.5,260.0,-0.222,Motor_en_operacion,0.9882
2026-07-24 11:11:52,OPTA,NICLABH1,46,0.0332,0.0769,0.9529,27.5,56.25,0.5,260.0,0.095,Motor_en_operacion,0.9843
2026-07-24 11:11:53,OPTA,NICLABH1,47,0.0317,0.0745,0.9541,27.5,56.25,0.5,260.0,-0.524,Motor_en_operacion,0.9843
2026-07-24 11:11:54,OPTA,NICLABH1,48,0.0354,0.0828,0.9561,27.51,56.22,0.51,280.0,-0.322,Motor_en_operacion,0.9882
2026-07-24 11:11:55,OPTA,NICLABH1,49,0.0295,0.0769,0.9539,27.51,56.22,0.51,280.0,-0.244,Motor_en_operacion,0.9882
2026-07-24 11:11:56,OPTA,NICLABH1,50,0.0305,0.0791,0.9563,27.48,56.29,0.48,250.0,-0.532,Motor_en_operacion,0.9882
2026-07-24 11:11:58,OPTA,NICLABH1,51,0.0317,0.0769,0.9556,27.48,56.29,0.48,250.0,-0.167,Motor_en_operacion,0.9921
2026-07-24 11:11:59,OPTA,NICLABH1,52,0.0276,0.0774,0.9551,27.48,56.29,0.48,250.0,-0.4,Motor_en_operacion,0.996
2026-07-24 11:12:00,OPTA,NICLABH1,53,0.0291,0.0732,0.9526,27.48,56.27,0.48,210.0,-0.45,Motor_en_operacion,0.9843
2026-07-24 11:12:01,OPTA,NICLABH1,54,0.0288,0.0791,0.9553,27.48,56.27,0.48,210.0,-0.318,Motor_en_operacion,0.9882
2026-07-24 11:12:03,OPTA,NICLABH1,55,0.031,0.0752,0.9539,27.47,56.28,0.48,240.0,-0.331,Motor_en_operacion,0.9765
2026-07-24 11:12:04,OPTA,NICLABH1,56,0.0271,0.0735,0.9526,27.47,56.28,0.48,240.0,-0.403,Motor_en_operacion,0.9804
2026-07-24 11:12:05,OPTA,NICLABH1,57,0.0295,0.0776,0.9546,27.47,56.28,0.48,240.0,-0.719,Motor_en_operacion,0.9882
2026-07-24 11:12:06,OPTA,NICLABH1,58,0.0291,0.0803,0.9578,27.47,56.26,0.5,260.0,-0.482,Motor_en_operacion,0.9882
2026-07-24 11:12:07,OPTA,NICLABH1,59,0.0325,0.0796,0.957,27.47,56.26,0.5,260.0,-0.805,Motor_en_operacion,0.9882
2026-07-24 11:12:09,OPTA,NICLABH1,60,0.033,0.0713,0.9509,27.48,56.22,0.5,260.0,-0.816,Motor_en_operacion,0.9687
2026-07-24 11:12:10,OPTA,NICLABH1,61,0.0271,0.0784,0.9565,27.48,56.22,0.5,260.0,-0.797,Motor_en_operacion,0.8945
2026-07-24 11:12:11,OPTA,NICLABH1,62,0.0273,0.0742,0.9539,27.48,56.22,0.5,260.0,-0.204,Motor_en_operacion,0.9921
2026-07-24 11:12:12,OPTA,NICLABH1,63,0.0269,0.0784,0.9561,27.45,56.3,0.48,240.0,-0.697,Motor_en_operacion,0.9921
2026-07-24 11:12:14,OPTA,NICLABH1,64,0.0264,0.0759,0.9558,27.45,56.3,0.48,240.0,-0.405,Motor_en_operacion,0.9882
2026-07-24 11:12:15,OPTA,NICLABH1,65,0.033,0.0784,0.9546,27.45,56.28,0.48,230.0,-0.756,Motor_en_operacion,0.9921
2026-07-24 11:12:16,OPTA,NICLABH1,66,0.0256,0.073,0.9529,27.45,56.28,0.48,230.0,-0.182,Motor_en_operacion,0.9531
2026-07-24 11:12:17,OPTA,NICLABH1,67,0.0273,0.0747,0.9541,27.45,56.28,0.48,230.0,-0.18,Motor_en_operacion,0.9804
2026-07-24 11:12:19,OPTA,NICLABH1,68,0.0352,0.0767,0.9543,27.46,56.23,0.48,250.0,-0.466,Motor_en_operacion,0.9921
2026-07-24 11:12:20,OPTA,NICLABH1,69,0.0317,0.0798,0.9568,27.46,56.23,0.48,250.0,-1.118,Motor_en_operacion,0.9882
2026-07-24 11:12:21,OPTA,NICLABH1,70,0.0273,0.075,0.9543,27.45,56.25,0.5,250.0,-0.4,Motor_en_operacion,0.9804
2026-07-24 11:12:22,OPTA,NICLABH1,71,0.0283,0.0742,0.9543,27.45,56.25,0.5,250.0,-0.347,Motor_en_operacion,0.9687
2026-07-24 11:12:24,OPTA,NICLABH1,72,0.0293,0.0776,0.9524,27.45,56.25,0.5,250.0,-0.537,Motor_en_operacion,0.9843
2026-07-24 11:12:25,OPTA,NICLABH1,73,0.0295,0.0752,0.9543,27.44,56.27,0.48,190.0,-0.705,Motor_en_operacion,0.9843
2026-07-24 11:12:26,OPTA,NICLABH1,74,0.0334,0.0737,0.9526,27.44,56.27,0.48,190.0,-0.174,Motor_en_operacion,0.9921
2026-07-24 11:12:27,OPTA,NICLABH1,75,0.0266,0.0789,0.9565,27.45,56.23,0.48,250.0,-0.385,Motor_en_operacion,0.9921
2026-07-24 11:12:28,OPTA,NICLABH1,76,0.0339,0.0779,0.9558,27.45,56.23,0.48,250.0,-0.522,Motor_en_operacion,0.9492
2026-07-24 11:12:30,OPTA,NICLABH1,77,0.0273,0.0776,0.9561,27.45,56.23,0.48,250.0,0.004,Motor_en_operacion,0.9843
2026-07-24 11:12:31,OPTA,NICLABH1,78,0.0264,0.0745,0.9539,27.46,56.19,0.5,250.0,-0.688,Motor_en_operacion,0.9218
2026-07-24 11:12:32,OPTA,NICLABH1,79,0.0293,0.0779,0.9546,27.46,56.19,0.5,250.0,-1.129,Motor_en_operacion,0.9726
2026-07-24 11:12:33,OPTA,NICLABH1,80,0.0361,0.0798,0.9553,27.47,56.17,0.51,290.0,-0.775,Motor_en_operacion,0.9921
2026-07-24 11:12:35,OPTA,NICLABH1,81,0.0312,0.0759,0.9546,27.47,56.17,0.51,290.0,-0.755,Motor_en_operacion,0.9921
2026-07-24 11:12:36,OPTA,NICLABH1,82,0.03,0.0793,0.9551,27.47,56.17,0.51,290.0,-0.671,Motor_en_operacion,0.9882
2026-07-24 11:12:37,OPTA,NICLABH1,83,0.0327,0.0745,0.9536,27.48,56.15,0.51,290.0,-0.359,Motor_en_operacion,0.9531
2026-07-24 11:12:38,OPTA,NICLABH1,84,0.0391,0.0796,0.9563,27.48,56.15,0.51,290.0,-1.331,Motor_en_operacion,0.9765
2026-07-24 11:12:39,OPTA,NICLABH1,85,0.03,0.0803,0.9565,27.48,56.16,0.51,290.0,-0.8,Motor_en_operacion,0.9882
2026-07-24 11:12:41,OPTA,NICLABH1,86,0.0312,0.0767,0.9539,27.48,56.16,0.51,290.0,-0.681,Motor_en_operacion,0.9804
2026-07-24 11:12:42,OPTA,NICLABH1,87,0.0276,0.0762,0.9546,27.48,56.16,0.51,290.0,-0.461,Motor_en_operacion,0.9921
2026-07-24 11:12:43,OPTA,NICLABH1,88,0.0388,0.0784,0.9551,27.48,56.17,0.52,320.0,-0.562,Motor_en_operacion,0.9843
2026-07-24 11:12:44,OPTA,NICLABH1,89,0.0276,0.0789,0.9553,27.48,56.17,0.52,320.0,-0.363,Motor_en_operacion,0.9882
2026-07-24 11:12:46,OPTA,NICLABH1,90,0.0273,0.0774,0.9546,27.48,56.17,0.52,350.0,-0.405,Motor_en_operacion,0.9531
2026-07-24 11:12:47,OPTA,NICLABH1,91,0.032,0.0757,0.9548,27.48,56.17,0.52,350.0,-0.346,Motor_en_operacion,0.9687
2026-07-24 11:12:48,OPTA,NICLABH1,92,0.0315,0.0745,0.9534,27.48,56.17,0.52,350.0,-0.273,Motor_en_operacion,0.9843
2026-07-24 11:12:49,OPTA,NICLABH1,93,0.0312,0.0764,0.9543,27.49,56.15,0.53,380.0,-0.304,Motor_en_operacion,0.9804
2026-07-24 11:12:51,OPTA,NICLABH1,94,0.0291,0.0728,0.9529,27.49,56.15,0.53,380.0,-0.71,Motor_en_operacion,0.9726
2026-07-24 11:12:52,OPTA,NICLABH1,95,0.03,0.0789,0.9534,27.49,56.16,0.55,400.0,-0.263,Motor_en_operacion,0.9921
2026-07-24 11:12:53,OPTA,NICLABH1,96,0.0332,0.0767,0.9546,27.49,56.16,0.55,400.0,-0.384,Motor_en_operacion,0.9843
2026-07-24 11:12:54,OPTA,NICLABH1,97,0.033,0.0823,0.9573,27.49,56.16,0.55,400.0,-0.685,Motor_en_operacion,0.9882
2026-07-24 11:12:55,OPTA,NICLABH1,98,0.0247,0.0723,0.9529,27.5,56.15,0.56,440.0,-0.421,Motor_en_operacion,0.9531
2026-07-24 11:12:57,OPTA,NICLABH1,99,0.0344,0.0854,0.9578,27.5,56.15,0.56,440.0,-0.062,Motor_en_operacion,0.9921
2026-07-24 11:12:58,OPTA,NICLABH1,100,0.0308,0.073,0.9536,27.5,56.16,0.55,420.0,0.004,Motor_en_operacion,0.9804
2026-07-24 11:12:59,OPTA,NICLABH1,101,0.0327,0.0793,0.9536,27.5,56.16,0.55,420.0,-0.609,Motor_en_operacion,0.9882
2026-07-24 11:13:00,OPTA,NICLABH1,102,0.0271,0.0745,0.9536,27.5,56.16,0.55,420.0,-0.144,Motor_en_operacion,0.9687
2026-07-24 11:13:03,OPTA,NICLABH1,103,0.0291,0.0828,0.9578,27.5,56.17,0.55,410.0,-0.464,Motor_en_operacion,0.9921
2026-07-24 11:13:03,OPTA,NICLABH1,104,0.0281,0.0771,0.9558,27.5,56.17,0.55,410.0,-0.763,Motor_en_operacion,0.9531
2026-07-24 11:13:04,OPTA,NICLABH1,105,0.0293,0.0793,0.9565,27.5,56.17,0.55,400.0,0.116,Motor_en_operacion,0.996
2026-07-24 11:13:05,OPTA,NICLABH1,106,0.0283,0.0737,0.9529,27.5,56.17,0.55,400.0,-0.333,Motor_en_operacion,0.9687
2026-07-24 11:13:06,OPTA,NICLABH1,107,0.0283,0.074,0.9534,27.5,56.17,0.55,400.0,-0.779,Motor_en_operacion,0.9804
2026-07-24 11:13:08,OPTA,NICLABH1,108,0.0271,0.0786,0.957,27.49,56.2,0.56,420.0,-0.478,Motor_en_operacion,0.9921
2026-07-24 11:13:09,OPTA,NICLABH1,109,0.0361,0.0789,0.9548,27.49,56.2,0.56,420.0,-0.81,Motor_en_operacion,0.9882
2026-07-24 11:13:10,OPTA,NICLABH1,110,0.0298,0.0747,0.9536,27.49,56.2,0.55,390.0,-0.449,Motor_en_operacion,0.9687
2026-07-24 11:13:11,OPTA,NICLABH1,111,0.03,0.0745,0.9539,27.49,56.2,0.55,390.0,-0.343,Motor_en_operacion,0.9804
2026-07-24 11:13:13,OPTA,NICLABH1,112,0.0334,0.0774,0.9546,27.49,56.2,0.55,390.0,-0.652,Motor_en_operacion,0.9921
2026-07-24 11:13:14,OPTA,NICLABH1,113,0.0298,0.075,0.9534,27.5,56.18,0.53,380.0,-0.569,Motor_en_operacion,0.9882
2026-07-24 11:13:15,OPTA,NICLABH1,114,0.0337,0.0784,0.9561,27.5,56.18,0.53,380.0,-1.048,Motor_en_operacion,0.9882
2026-07-24 11:13:16,OPTA,NICLABH1,115,0.0281,0.0789,0.957,27.5,56.18,0.52,340.0,-0.569,Motor_en_operacion,0.9882
2026-07-24 11:13:18,OPTA,NICLABH1,116,0.0273,0.0764,0.9553,27.5,56.18,0.52,340.0,0.056,Motor_en_operacion,0.9492
2026-07-24 11:13:19,OPTA,NICLABH1,117,0.0266,0.0764,0.9551,27.5,56.18,0.52,340.0,-0.823,Motor_en_operacion,0.9726
2026-07-24 11:13:20,OPTA,NICLABH1,118,0.0327,0.0801,0.9563,27.5,56.18,0.53,360.0,-1.015,Motor_en_operacion,0.9921
2026-07-24 11:13:21,OPTA,NICLABH1,119,0.0286,0.0762,0.9558,27.5,56.18,0.53,360.0,-0.642,Motor_en_operacion,0.9765
2026-07-24 11:13:22,OPTA,NICLABH1,120,0.0344,0.0793,0.9563,27.5,56.19,0.52,360.0,-1.22,Motor_en_operacion,0.9726
2026-07-24 11:13:24,OPTA,NICLABH1,121,0.0293,0.0762,0.9556,27.5,56.19,0.52,360.0,-0.644,Motor_en_operacion,0.9882
2026-07-24 11:13:25,OPTA,NICLABH1,122,0.0295,0.0779,0.9551,27.5,56.19,0.52,360.0,-0.276,Motor_en_operacion,0.9453
2026-07-24 11:13:26,OPTA,NICLABH1,123,0.0244,0.0759,0.9558,27.5,56.19,0.53,380.0,-0.22,Motor_en_operacion,0.9765
2026-07-24 11:13:27,OPTA,NICLABH1,124,0.0269,0.0723,0.9531,27.5,56.19,0.53,380.0,-0.452,Motor_en_operacion,0.9687
2026-07-24 11:13:29,OPTA,NICLABH1,125,0.0312,0.0769,0.9546,27.51,56.17,0.53,370.0,-0.33,Motor_en_operacion,0.9882
2026-07-24 11:13:30,OPTA,NICLABH1,126,0.0298,0.0774,0.9546,27.51,56.17,0.53,370.0,-0.401,Motor_en_operacion,0.996
2026-07-24 11:13:31,OPTA,NICLABH1,127,0.0232,0.0779,0.9563,27.51,56.17,0.53,370.0,-0.426,Motor_en_operacion,0.9414
2026-07-24 11:13:32,OPTA,NICLABH1,128,0.0291,0.0774,0.9551,27.51,56.17,0.55,400.0,-0.386,Motor_en_operacion,0.9843
2026-07-24 11:13:34,OPTA,NICLABH1,129,0.0322,0.0791,0.9551,27.51,56.17,0.55,400.0,-0.491,Motor_en_operacion,0.9882
2026-07-24 11:13:35,OPTA,NICLABH1,130,0.0303,0.0769,0.9563,27.52,56.15,0.56,440.0,-0.405,Motor_en_operacion,0.9921
2026-07-24 11:13:36,OPTA,NICLABH1,131,0.0291,0.0803,0.9558,27.52,56.15,0.56,440.0,-0.845,Motor_en_operacion,0.9804
2026-07-24 11:13:37,OPTA,NICLABH1,132,0.0317,0.082,0.9602,27.52,56.15,0.56,440.0,-0.729,Motor_en_operacion,0.9882
2026-07-24 11:13:38,OPTA,NICLABH1,133,0.0276,0.0779,0.9531,27.52,56.16,0.56,440.0,-0.446,Motor_en_operacion,0.9843
2026-07-24 11:13:40,OPTA,NICLABH1,134,0.0332,0.0801,0.9553,27.52,56.16,0.56,440.0,-1.022,Motor_en_operacion,0.9882
2026-07-24 11:13:41,OPTA,NICLABH1,135,0.0305,0.0767,0.9529,27.52,56.17,0.55,410.0,0.476,Motor_en_operacion,0.9804
2026-07-24 11:13:42,OPTA,NICLABH1,136,0.0381,0.074,0.9536,27.52,56.17,0.55,410.0,-0.34,Motor_en_operacion,0.9882
2026-07-24 11:13:43,OPTA,NICLABH1,137,0.0264,0.0764,0.9541,27.52,56.17,0.55,410.0,-0.505,Motor_en_operacion,0.9843
2026-07-24 11:13:45,OPTA,NICLABH1,138,0.03,0.075,0.9524,27.52,56.18,0.56,440.0,-0.333,Motor_en_operacion,0.9804
2026-07-24 11:13:46,OPTA,NICLABH1,139,0.0322,0.0769,0.9521,27.52,56.18,0.56,440.0,-0.216,Motor_en_operacion,0.9804
2026-07-24 11:13:47,OPTA,NICLABH1,140,0.0227,0.0737,0.9524,27.51,56.21,0.53,370.0,-0.505,Motor_en_operacion,0.9492
2026-07-24 11:13:48,OPTA,NICLABH1,141,0.0298,0.0774,0.9546,27.51,56.21,0.53,370.0,-0.311,Motor_en_operacion,0.9726
2026-07-24 11:13:50,OPTA,NICLABH1,142,0.0298,0.0798,0.9553,27.51,56.21,0.53,370.0,-0.674,Motor_en_operacion,0.9726
2026-07-24 11:13:51,OPTA,NICLABH1,143,0.0349,0.0745,0.9543,27.51,56.2,0.52,320.0,-0.436,Motor_en_operacion,0.9609
2026-07-24 11:13:52,OPTA,NICLABH1,144,0.0312,0.0818,0.9573,27.51,56.2,0.52,320.0,-0.039,Motor_en_operacion,0.9804
2026-07-24 11:13:53,OPTA,NICLABH1,145,0.0295,0.0745,0.9539,27.51,56.2,0.52,350.0,-0.618,Motor_en_operacion,0.9804
2026-07-24 11:13:54,OPTA,NICLABH1,146,0.0322,0.0811,0.9553,27.51,56.2,0.52,350.0,-0.295,Motor_en_operacion,0.9921
2026-07-24 11:13:56,OPTA,NICLABH1,147,0.0315,0.0789,0.9556,27.51,56.2,0.52,350.0,-0.187,Motor_en_operacion,0.9882
2026-07-24 11:13:57,OPTA,NICLABH1,148,0.0266,0.0779,0.9546,27.5,56.23,0.53,370.0,-0.5,Motor_en_operacion,0.9804
2026-07-24 11:13:58,OPTA,NICLABH1,149,0.0403,0.0847,0.9592,27.5,56.23,0.53,370.0,-0.635,Motor_en_operacion,0.9921
2026-07-24 11:13:59,OPTA,NICLABH1,150,0.0283,0.0767,0.9536,27.5,56.23,0.53,370.0,-0.119,Motor_en_operacion,0.9882
2026-07-24 11:14:01,OPTA,NICLABH1,151,0.0298,0.0745,0.9541,27.5,56.22,0.52,310.0,-0.322,Motor_en_operacion,0.9687
2026-07-24 11:14:02,OPTA,NICLABH1,152,0.0317,0.0801,0.9534,27.5,56.22,0.52,310.0,-0.421,Motor_en_operacion,0.9843
2026-07-24 11:14:03,OPTA,NICLABH1,153,0.0278,0.0725,0.9521,27.51,56.19,0.52,330.0,-0.769,Motor_en_operacion,0.9804
2026-07-24 11:14:04,OPTA,NICLABH1,154,0.0347,0.0786,0.9539,27.51,56.19,0.52,330.0,-0.959,Motor_en_operacion,0.9843
2026-07-24 11:14:05,OPTA,NICLABH1,155,0.0254,0.0752,0.9536,27.51,56.19,0.52,330.0,-0.802,Motor_en_operacion,0.9843
2026-07-24 11:14:07,OPTA,NICLABH1,156,0.031,0.0806,0.9565,27.51,56.19,0.52,330.0,-0.946,Motor_en_operacion,0.9882
2026-07-24 11:14:08,OPTA,NICLABH1,157,0.0325,0.0764,0.9543,27.51,56.19,0.52,330.0,-0.62,Motor_en_operacion,0.9921
2026-07-24 11:14:09,OPTA,NICLABH1,158,0.0364,0.0776,0.9541,27.51,56.19,0.52,350.0,-0.043,Motor_en_operacion,0.996
2026-07-24 11:14:10,OPTA,NICLABH1,159,0.0288,0.0793,0.9543,27.51,56.19,0.52,350.0,-1.04,Motor_en_operacion,0.9921
2026-07-24 11:14:12,OPTA,NICLABH1,160,0.0347,0.0808,0.9585,27.51,56.19,0.52,350.0,-0.31,Motor_en_operacion,0.9921
2026-07-24 11:14:13,OPTA,NICLABH1,161,0.0364,0.0835,0.9578,27.51,56.19,0.53,360.0,-0.354,Motor_en_operacion,0.9843
2026-07-24 11:14:14,OPTA,NICLABH1,162,0.0317,0.0769,0.9551,27.51,56.19,0.53,360.0,-0.665,Motor_en_operacion,0.9765
2026-07-24 11:14:15,OPTA,NICLABH1,163,0.0264,0.0786,0.9561,27.5,56.22,0.53,370.0,-0.665,Motor_en_operacion,0.9296
2026-07-24 11:14:16,OPTA,NICLABH1,164,0.0269,0.0732,0.9534,27.5,56.22,0.53,370.0,-0.036,Motor_en_operacion,0.9726
2026-07-24 11:14:18,OPTA,NICLABH1,165,0.0291,0.0774,0.9561,27.48,56.27,0.52,350.0,-0.329,Motor_en_operacion,0.9843
2026-07-24 11:14:19,OPTA,NICLABH1,166,0.0239,0.0762,0.9541,27.48,56.27,0.52,350.0,-0.694,Motor_en_operacion,0.9843
2026-07-24 11:14:20,OPTA,NICLABH1,167,0.0361,0.0774,0.9546,27.48,56.27,0.52,350.0,-0.815,Motor_en_operacion,0.9843
2026-07-24 11:14:22,OPTA,NICLABH1,168,0.0315,0.0764,0.9553,27.48,56.25,0.52,340.0,-0.549,Motor_en_operacion,0.9882
2026-07-24 11:14:23,OPTA,NICLABH1,169,0.0276,0.0693,0.9514,27.48,56.25,0.52,340.0,-0.422,Motor_en_operacion,0.9882
2026-07-24 11:14:24,OPTA,NICLABH1,170,0.0286,0.0774,0.9565,27.49,56.22,0.52,340.0,-0.375,Motor_en_operacion,0.9804
2026-07-24 11:14:25,OPTA,NICLABH1,171,0.0391,0.0801,0.9563,27.49,56.22,0.52,340.0,-0.969,Motor_en_operacion,0.9921
2026-07-24 11:14:27,OPTA,NICLABH1,172,0.0337,0.0786,0.9556,27.49,56.22,0.52,340.0,-0.317,Motor_en_operacion,0.9882
2026-07-24 11:14:28,OPTA,NICLABH1,173,0.0356,0.0786,0.9563,27.49,56.21,0.51,280.0,-0.4,Motor_en_operacion,0.9804
2026-07-24 11:14:29,OPTA,NICLABH1,174,0.031,0.0723,0.9524,27.49,56.21,0.51,280.0,-0.775,Motor_en_operacion,0.9804
2026-07-24 11:14:30,OPTA,NICLABH1,175,0.032,0.0771,0.9556,27.48,56.24,0.5,270.0,-0.267,Motor_en_operacion,0.9921
2026-07-24 11:14:31,OPTA,NICLABH1,176,0.0347,0.0774,0.9541,27.48,56.24,0.5,270.0,0.152,Motor_en_operacion,0.9921
2026-07-24 11:14:33,OPTA,NICLABH1,177,0.0305,0.0808,0.9592,27.48,56.24,0.5,270.0,-0.516,Motor_en_operacion,0.9687
2026-07-24 11:14:34,OPTA,NICLABH1,178,0.0298,0.0786,0.9568,27.48,56.23,0.5,270.0,-0.184,Motor_en_operacion,0.9804
2026-07-24 11:14:35,OPTA,NICLABH1,179,0.0271,0.0764,0.9551,27.48,56.23,0.5,270.0,-0.546,Motor_en_operacion,0.9804
2026-07-24 11:14:36,OPTA,NICLABH1,180,0.0325,0.0757,0.9548,27.49,56.2,0.52,310.0,-0.563,Motor_en_operacion,0.9882
2026-07-24 11:14:38,OPTA,NICLABH1,181,0.0315,0.0776,0.9558,27.49,56.2,0.52,310.0,-0.875,Motor_en_operacion,0.9726
2026-07-24 11:14:39,OPTA,NICLABH1,182,0.033,0.0796,0.957,27.49,56.2,0.52,310.0,-0.399,Motor_en_operacion,0.9882
2026-07-24 11:14:40,OPTA,NICLABH1,183,0.0261,0.073,0.9529,27.49,56.2,0.52,310.0,-0.465,Motor_en_operacion,0.9882
2026-07-24 11:14:41,OPTA,NICLABH1,184,0.032,0.0833,0.958,27.49,56.2,0.52,310.0,-0.613,Motor_en_operacion,0.9804
2026-07-24 11:14:43,OPTA,NICLABH1,185,0.0303,0.0779,0.9558,27.48,56.22,0.51,300.0,-0.845,Motor_en_operacion,0.9687
2026-07-24 11:14:44,OPTA,NICLABH1,186,0.0315,0.0781,0.957,27.48,56.22,0.51,300.0,-0.335,Motor_en_operacion,0.9765
2026-07-24 11:14:45,OPTA,NICLABH1,187,0.0354,0.0759,0.9543,27.48,56.22,0.51,300.0,-0.964,Motor_en_operacion,0.9882
2026-07-24 11:14:46,OPTA,NICLABH1,188,0.0337,0.0779,0.9548,27.5,56.17,0.52,310.0,-0.298,Motor_en_operacion,0.9921
2026-07-24 11:14:47,OPTA,NICLABH1,189,0.0303,0.073,0.9514,27.5,56.17,0.52,310.0,-0.54,Motor_en_operacion,0.9492
2026-07-24 11:14:49,OPTA,NICLABH1,190,0.0366,0.0752,0.9543,27.5,56.17,0.52,310.0,-0.552,Motor_en_operacion,0.9921
2026-07-24 11:14:50,OPTA,NICLABH1,191,0.0273,0.0752,0.9524,27.5,56.17,0.52,330.0,-0.411,Motor_en_operacion,0.9765
2026-07-24 11:14:51,OPTA,NICLABH1,192,0.0298,0.0764,0.9548,27.5,56.17,0.52,330.0,-0.689,Motor_en_operacion,0.9765
2026-07-24 11:14:52,OPTA,NICLABH1,193,0.0308,0.0769,0.9546,27.5,56.18,0.52,330.0,-0.113,Motor_en_operacion,0.9726
2026-07-24 11:14:54,OPTA,NICLABH1,194,0.0281,0.0752,0.9541,27.5,56.18,0.52,330.0,-1.127,Motor_en_operacion,0.9296
2026-07-24 11:14:55,OPTA,NICLABH1,195,0.0283,0.0779,0.9563,27.5,56.18,0.52,330.0,-0.573,Motor_en_operacion,0.9726
2026-07-24 11:14:56,OPTA,NICLABH1,196,0.0332,0.0764,0.9539,27.5,56.18,0.51,280.0,-0.576,Motor_en_operacion,0.9921
2026-07-24 11:14:57,OPTA,NICLABH1,197,0.032,0.0774,0.9553,27.5,56.18,0.51,280.0,-0.367,Motor_en_operacion,0.9726
2026-07-24 11:14:59,OPTA,NICLABH1,198,0.0256,0.0784,0.9575,27.51,56.16,0.52,310.0,-0.658,Motor_en_operacion,0.9765
2026-07-24 11:15:00,OPTA,NICLABH1,199,0.0344,0.0791,0.9548,27.51,56.16,0.52,310.0,-1.046,Motor_en_operacion,0.9882
2026-07-24 11:15:01,OPTA,NICLABH1,200,0.0259,0.0796,0.9568,27.51,56.16,0.52,310.0,-0.777,Motor_en_operacion,0.9921
2026-07-24 11:15:02,OPTA,NICLABH1,201,0.0354,0.0803,0.9548,27.51,56.17,0.52,350.0,-0.616,Motor_en_operacion,0.9921
2026-07-24 11:15:03,OPTA,NICLABH1,202,0.0317,0.0767,0.9543,27.51,56.17,0.52,350.0,-0.747,Motor_en_operacion,0.9882
2026-07-24 11:15:05,OPTA,NICLABH1,203,0.0349,0.0837,0.9565,27.5,56.2,0.52,350.0,-0.625,Motor_en_operacion,0.996
2026-07-24 11:15:06,OPTA,NICLABH1,204,0.0276,0.0776,0.9568,27.5,56.2,0.52,350.0,-0.351,Motor_en_operacion,0.9882
2026-07-24 11:15:07,OPTA,NICLABH1,205,0.0344,0.0791,0.9541,27.5,56.2,0.52,350.0,-0.306,Motor_en_operacion,0.9726
2026-07-24 11:15:08,OPTA,NICLABH1,206,0.0225,0.0713,0.9519,27.51,56.17,0.52,350.0,-0.976,Motor_en_operacion,0.9296
2026-07-24 11:15:09,OPTA,NICLABH1,207,0.031,0.0767,0.9539,27.51,56.17,0.52,350.0,-0.805,Motor_en_operacion,0.9804
2026-07-24 11:15:11,OPTA,NICLABH1,208,0.0291,0.0791,0.9551,27.49,56.23,0.52,360.0,-1.05,Motor_en_operacion,0.9843
2026-07-24 11:15:12,OPTA,NICLABH1,209,0.0308,0.0732,0.9539,27.49,56.23,0.52,360.0,-0.193,Motor_en_operacion,0.9648
2026-07-24 11:15:13,OPTA,NICLABH1,210,0.0286,0.0776,0.9558,27.49,56.23,0.52,360.0,-0.067,Motor_en_operacion,0.9882
2026-07-24 11:15:14,OPTA,NICLABH1,211,0.0327,0.0789,0.9553,27.5,56.2,0.53,370.0,-0.373,Motor_en_operacion,0.9882
2026-07-24 11:15:16,OPTA,NICLABH1,212,0.0266,0.0742,0.9541,27.5,56.2,0.53,370.0,-0.712,Motor_en_operacion,0.9687
2026-07-24 11:15:17,OPTA,NICLABH1,213,0.0312,0.0769,0.9551,27.51,56.17,0.53,380.0,-1.118,Motor_en_operacion,0.9843
2026-07-24 11:15:18,OPTA,NICLABH1,214,0.0249,0.0774,0.9536,27.51,56.17,0.53,380.0,-0.844,Motor_en_operacion,0.957
2026-07-24 11:15:19,OPTA,NICLABH1,215,0.033,0.0767,0.9561,27.51,56.17,0.53,380.0,-1.123,Motor_en_operacion,0.9882
2026-07-24 11:15:21,OPTA,NICLABH1,216,0.0308,0.0808,0.9568,27.51,56.18,0.55,400.0,-0.325,Motor_en_operacion,0.9882
2026-07-24 11:15:22,OPTA,NICLABH1,217,0.032,0.0793,0.9556,27.51,56.18,0.55,400.0,-0.355,Motor_en_operacion,0.9921
2026-07-24 11:15:23,OPTA,NICLABH1,218,0.0273,0.0811,0.9578,27.52,56.16,0.55,420.0,-0.169,Motor_en_operacion,0.9921
2026-07-24 11:15:24,OPTA,NICLABH1,219,0.0325,0.0781,0.9563,27.52,56.16,0.55,420.0,-0.186,Motor_en_operacion,0.9843
2026-07-24 11:15:25,OPTA,NICLABH1,220,0.0317,0.0786,0.9546,27.52,56.16,0.55,420.0,-0.287,Motor_en_operacion,0.9882
2026-07-24 11:15:27,OPTA,NICLABH1,221,0.0339,0.0789,0.957,27.52,56.17,0.56,440.0,-0.399,Motor_en_operacion,0.996
2026-07-24 11:15:28,OPTA,NICLABH1,222,0.0344,0.0791,0.9551,27.52,56.17,0.56,440.0,-1.102,Motor_en_operacion,0.9921
2026-07-24 11:15:29,OPTA,NICLABH1,223,0.0269,0.0754,0.9556,27.53,56.15,0.57,440.0,-0.605,Motor_en_operacion,0.9765
2026-07-24 11:15:30,OPTA,NICLABH1,224,0.0317,0.0784,0.9551,27.53,56.15,0.57,440.0,-1.096,Motor_en_operacion,0.9921
2026-07-24 11:15:32,OPTA,NICLABH1,225,0.0278,0.0813,0.959,27.53,56.15,0.57,440.0,-0.891,Motor_en_operacion,0.9843
2026-07-24 11:15:33,OPTA,NICLABH1,226,0.0337,0.0781,0.9536,27.53,56.16,0.56,440.0,-0.866,Motor_en_operacion,0.9726
2026-07-24 11:15:34,OPTA,NICLABH1,227,0.0312,0.073,0.9529,27.53,56.16,0.56,440.0,-0.636,Motor_en_operacion,0.9765
2026-07-24 11:15:35,OPTA,NICLABH1,228,0.0337,0.0791,0.9539,27.53,56.17,0.53,370.0,-1.11,Motor_en_operacion,0.9921
2026-07-24 11:15:36,OPTA,NICLABH1,229,0.0273,0.0754,0.9556,27.53,56.17,0.53,370.0,-0.189,Motor_en_operacion,0.9492
2026-07-24 11:15:38,OPTA,NICLABH1,230,0.0298,0.0757,0.9543,27.53,56.17,0.53,370.0,-0.545,Motor_en_operacion,0.9765
2026-07-24 11:15:39,OPTA,NICLABH1,231,0.0371,0.0767,0.9541,27.53,56.17,0.55,400.0,-0.393,Motor_en_operacion,0.9726
2026-07-24 11:15:40,OPTA,NICLABH1,232,0.0278,0.0757,0.9551,27.53,56.17,0.55,400.0,-1.149,Motor_en_operacion,0.9804
2026-07-24 11:15:41,OPTA,NICLABH1,233,0.0264,0.0771,0.9561,27.52,56.2,0.56,440.0,-0.418,Motor_en_operacion,0.9843
2026-07-24 11:15:43,OPTA,NICLABH1,234,0.0269,0.0786,0.9548,27.52,56.2,0.56,440.0,-0.221,Motor_en_operacion,0.9687
2026-07-24 11:15:44,OPTA,NICLABH1,235,0.0244,0.0764,0.9561,27.52,56.2,0.56,440.0,-0.243,Motor_en_operacion,0.9765
2026-07-24 11:15:45,OPTA,NICLABH1,236,0.0293,0.074,0.9529,27.53,56.18,0.56,430.0,-0.226,Motor_en_operacion,0.9804
2026-07-24 11:15:46,OPTA,NICLABH1,237,0.0386,0.074,0.9521,27.53,56.18,0.56,430.0,-0.613,Motor_en_operacion,0.9921
2026-07-24 11:15:47,OPTA,NICLABH1,238,0.0344,0.0798,0.9553,27.53,56.18,0.56,440.0,-0.048,Motor_en_operacion,0.9921
2026-07-24 11:15:49,OPTA,NICLABH1,239,0.0342,0.0764,0.9543,27.53,56.18,0.56,440.0,-0.264,Motor_en_operacion,0.9843
2026-07-24 11:15:50,OPTA,NICLABH1,240,0.03,0.0767,0.9543,27.53,56.18,0.56,440.0,-0.273,Motor_en_operacion,0.9843
2026-07-24 11:15:51,OPTA,NICLABH1,241,0.033,0.0737,0.9531,27.54,56.16,0.55,410.0,-0.79,Motor_en_operacion,0.9921
2026-07-24 11:15:52,OPTA,NICLABH1,242,0.0342,0.0742,0.9524,27.54,56.16,0.55,410.0,-0.711,Motor_en_operacion,0.9648
2026-07-24 11:15:54,OPTA,NICLABH1,243,0.0286,0.0784,0.9551,27.54,56.17,0.56,420.0,-0.307,Motor_en_operacion,0.9726
2026-07-24 11:15:55,OPTA,NICLABH1,244,0.03,0.0789,0.9573,27.54,56.17,0.56,420.0,-0.208,Motor_en_operacion,0.9843
2026-07-24 11:15:56,OPTA,NICLABH1,245,0.0325,0.0813,0.9583,27.54,56.17,0.56,420.0,-1.164,Motor_en_operacion,0.9804
2026-07-24 11:15:57,OPTA,NICLABH1,246,0.0291,0.074,0.9534,27.55,56.15,0.66,670.0,-0.055,Motor_en_operacion,0.9843
2026-07-24 11:15:58,OPTA,NICLABH1,247,0.0259,0.0759,0.9556,27.55,56.15,0.66,670.0,-0.743,Motor_en_operacion,0.9843
2026-07-24 11:16:00,OPTA,NICLABH1,248,0.0254,0.0732,0.9526,27.54,56.18,0.63,610.0,-0.48,Motor_en_operacion,0.871
2026-07-24 11:16:01,OPTA,NICLABH1,249,0.0298,0.0779,0.9551,27.54,56.18,0.63,610.0,-0.464,Motor_en_operacion,0.9726
2026-07-24 11:16:02,OPTA,NICLABH1,250,0.0283,0.0764,0.9546,27.54,56.18,0.63,610.0,-0.087,Motor_en_operacion,0.9804
2026-07-24 11:16:03,OPTA,NICLABH1,251,0.0276,0.0798,0.9565,27.54,56.19,0.62,570.0,-0.731,Motor_en_operacion,0.9687
2026-07-24 11:16:05,OPTA,NICLABH1,252,0.0281,0.0767,0.9558,27.54,56.19,0.62,570.0,-0.378,Motor_en_operacion,0.9687
2026-07-24 11:16:06,OPTA,NICLABH1,253,0.0322,0.0752,0.9534,27.53,56.22,0.59,540.0,-0.494,Motor_en_operacion,0.9882
2026-07-24 11:16:07,OPTA,NICLABH1,254,0.0366,0.0801,0.958,27.53,56.22,0.59,540.0,-0.336,Motor_en_operacion,0.996
2026-07-24 11:16:08,OPTA,NICLABH1,255,0.0315,0.0806,0.9565,27.53,56.22,0.59,540.0,-0.321,Motor_en_operacion,0.9804
2026-07-24 11:16:09,OPTA,NICLABH1,256,0.0317,0.0764,0.9546,27.53,56.21,0.58,500.0,-0.841,Motor_en_operacion,0.9882
2026-07-24 11:16:11,OPTA,NICLABH1,257,0.0303,0.0813,0.9578,27.53,56.21,0.58,500.0,-0.591,Motor_en_operacion,0.9843
2026-07-24 11:16:12,OPTA,NICLABH1,258,0.0322,0.0784,0.9539,27.53,56.21,0.58,500.0,-0.642,Motor_en_operacion,0.9882
2026-07-24 11:16:13,OPTA,NICLABH1,259,0.0339,0.0806,0.9573,27.54,56.18,0.58,490.0,-0.575,Motor_en_operacion,0.9687
2026-07-24 11:16:14,OPTA,NICLABH1,260,0.031,0.0823,0.9578,27.54,56.18,0.58,490.0,-0.127,Motor_en_operacion,0.9921
2026-07-24 11:16:16,OPTA,NICLABH1,261,0.0308,0.0835,0.9585,27.55,56.16,0.56,430.0,-0.323,Motor_en_operacion,0.9882
2026-07-24 11:16:17,OPTA,NICLABH1,262,0.0295,0.0808,0.958,27.55,56.16,0.56,430.0,-0.539,Motor_en_operacion,0.9882
2026-07-24 11:16:18,OPTA,NICLABH1,263,0.0308,0.0803,0.9548,27.55,56.16,0.56,430.0,-0.542,Motor_en_operacion,0.9804
2026-07-24 11:16:19,OPTA,NICLABH1,264,0.0298,0.0771,0.9548,27.56,56.14,0.55,420.0,-0.755,Motor_en_operacion,0.9921
2026-07-24 11:16:21,OPTA,NICLABH1,265,0.0295,0.0767,0.9551,27.56,56.14,0.55,420.0,-0.148,Motor_en_operacion,0.9804
2026-07-24 11:16:22,OPTA,NICLABH1,266,0.0312,0.0793,0.9546,27.56,56.15,0.66,690.0,-0.765,Motor_en_operacion,0.9726
2026-07-24 11:16:23,OPTA,NICLABH1,267,0.0278,0.0786,0.9568,27.56,56.15,0.66,690.0,-0.662,Motor_en_operacion,0.9882
2026-07-24 11:16:24,OPTA,NICLABH1,268,0.0364,0.083,0.9578,27.56,56.15,0.66,690.0,-0.903,Motor_en_operacion,0.9687
2026-07-24 11:16:25,OPTA,NICLABH1,269,0.0305,0.0764,0.9553,27.57,56.14,0.63,610.0,-0.196,Motor_en_operacion,0.9843
2026-07-24 11:16:27,OPTA,NICLABH1,270,0.0273,0.0793,0.9565,27.57,56.14,0.63,610.0,-0.352,Motor_en_operacion,0.9843
2026-07-24 11:16:28,OPTA,NICLABH1,271,0.0249,0.0776,0.9568,27.57,56.15,0.61,560.0,-1.155,Motor_en_operacion,0.9804
2026-07-24 11:16:29,OPTA,NICLABH1,272,0.0352,0.0806,0.9565,27.57,56.15,0.61,560.0,-0.542,Motor_en_operacion,0.9843
2026-07-24 11:16:30,OPTA,NICLABH1,273,0.0298,0.072,0.9526,27.57,56.15,0.61,560.0,-0.339,Motor_en_operacion,0.9921
2026-07-24 11:16:32,OPTA,NICLABH1,274,0.0295,0.0793,0.9558,27.58,56.14,0.7,760.0,-0.822,Motor_en_operacion,0.9921
2026-07-24 11:16:33,OPTA,NICLABH1,275,0.0276,0.0698,0.9509,27.58,56.14,0.7,760.0,-0.561,Motor_en_operacion,0.9687
2026-07-24 11:16:34,OPTA,NICLABH1,276,0.0334,0.0798,0.9558,27.58,56.15,0.66,680.0,-0.228,Motor_en_operacion,0.9804
2026-07-24 11:16:35,OPTA,NICLABH1,277,0.0303,0.0776,0.9543,27.58,56.15,0.66,680.0,-0.802,Motor_en_operacion,0.9531
2026-07-24 11:16:36,OPTA,NICLABH1,278,0.0334,0.0789,0.9551,27.58,56.15,0.66,680.0,-0.184,Motor_en_operacion,0.9765
2026-07-24 11:16:38,OPTA,NICLABH1,279,0.0281,0.0737,0.9543,27.58,56.16,0.75,870.0,-0.701,Motor_en_operacion,0.9843
2026-07-24 11:16:39,OPTA,NICLABH1,280,0.0308,0.0757,0.9531,27.58,56.16,0.75,870.0,-0.343,Motor_en_operacion,0.9882
2026-07-24 11:16:40,OPTA,NICLABH1,281,0.0378,0.0786,0.9548,27.57,56.19,0.69,740.0,-0.564,Motor_en_operacion,0.9921
2026-07-24 11:16:41,OPTA,NICLABH1,282,0.0266,0.0776,0.9548,27.57,56.19,0.69,740.0,-1.26,Motor_en_operacion,0.9843
2026-07-24 11:16:43,OPTA,NICLABH1,283,0.0286,0.0806,0.9575,27.57,56.19,0.69,740.0,-0.353,Motor_en_operacion,0.9843
2026-07-24 11:16:44,OPTA,NICLABH1,284,0.0305,0.0776,0.9551,27.57,56.19,0.62,590.0,0.099,Motor_en_operacion,0.9882
2026-07-24 11:16:45,OPTA,NICLABH1,285,0.0303,0.0789,0.9539,27.57,56.19,0.62,590.0,-0.093,Motor_en_operacion,0.9882
2026-07-24 11:16:46,OPTA,NICLABH1,286,0.0286,0.0793,0.9563,27.57,56.2,0.61,550.0,-0.47,Motor_en_operacion,0.9921
2026-07-24 11:16:48,OPTA,NICLABH1,287,0.0312,0.0796,0.9573,27.57,56.2,0.61,550.0,-1.161,Motor_en_operacion,0.9375
2026-07-24 11:16:49,OPTA,NICLABH1,288,0.0271,0.0798,0.9568,27.57,56.2,0.61,550.0,0.741,Motor_en_operacion,0.996
2026-07-24 11:16:50,OPTA,NICLABH1,289,0.0291,0.0793,0.9543,27.57,56.2,0.57,470.0,-0.145,Motor_en_operacion,0.9921
2026-07-24 11:16:51,OPTA,NICLABH1,290,0.0281,0.0742,0.9536,27.57,56.2,0.57,470.0,-0.201,Motor_en_operacion,0.9687
2026-07-24 11:16:53,OPTA,NICLABH1,291,0.0261,0.0759,0.9543,27.57,56.2,0.57,450.0,-0.87,Motor_en_operacion,0.9882
2026-07-24 11:16:54,OPTA,NICLABH1,292,0.0325,0.0752,0.9529,27.57,56.2,0.57,450.0,-0.716,Motor_en_operacion,0.9882
2026-07-24 11:16:55,OPTA,NICLABH1,293,0.0269,0.0764,0.9541,27.57,56.2,0.57,450.0,-0.135,Motor_en_operacion,0.9843
2026-07-24 11:16:56,OPTA,NICLABH1,294,0.0344,0.0771,0.9568,27.56,56.22,0.56,420.0,-0.367,Motor_en_operacion,0.8828
2026-07-24 11:16:57,OPTA,NICLABH1,295,0.0342,0.0793,0.9553,27.56,56.22,0.56,420.0,-0.366,Motor_en_operacion,0.9921
2026-07-24 11:16:59,OPTA,NICLABH1,296,0.0327,0.0791,0.9568,27.55,56.24,0.57,440.0,-0.838,Motor_en_operacion,0.9882
2026-07-24 11:17:00,OPTA,NICLABH1,297,0.0305,0.0779,0.9556,27.55,56.24,0.57,440.0,-0.208,Motor_en_operacion,0.9648
2026-07-24 11:17:01,OPTA,NICLABH1,298,0.0312,0.0754,0.9546,27.55,56.24,0.57,440.0,-0.393,Motor_en_operacion,0.9843
2026-07-24 11:17:02,OPTA,NICLABH1,299,0.0322,0.0798,0.9563,27.55,56.23,0.55,390.0,-0.96,Motor_en_operacion,0.9921
2026-07-24 11:17:04,OPTA,NICLABH1,300,0.0342,0.0786,0.9558,27.55,56.23,0.55,390.0,-0.322,Motor_en_operacion,0.9921
2026-07-24 11:17:05,OPTA,NICLABH1,301,0.0288,0.0747,0.9548,27.56,56.2,0.53,380.0,-0.493,Motor_en_operacion,0.9882
2026-07-24 11:17:06,OPTA,NICLABH1,302,0.0283,0.0796,0.9561,27.56,56.2,0.53,380.0,-0.418,Motor_en_operacion,0.9531
2026-07-24 11:17:07,OPTA,NICLABH1,303,0.03,0.0771,0.9529,27.56,56.2,0.53,380.0,-0.629,Motor_en_operacion,0.9843
2026-07-24 11:17:08,OPTA,NICLABH1,304,0.0298,0.0776,0.9553,27.56,56.2,0.55,400.0,-0.628,Motor_en_operacion,0.9492
2026-07-24 11:17:10,OPTA,NICLABH1,305,0.0383,0.0791,0.957,27.56,56.2,0.55,400.0,-0.317,Motor_en_operacion,0.9609
2026-07-24 11:17:11,OPTA,NICLABH1,306,0.0278,0.0803,0.957,27.55,56.23,0.53,380.0,-0.596,Motor_en_operacion,0.9882
2026-07-24 11:17:12,OPTA,NICLABH1,307,0.0276,0.0784,0.9553,27.55,56.23,0.53,380.0,-0.969,Motor_en_operacion,0.9648
2026-07-24 11:17:13,OPTA,NICLABH1,308,0.0312,0.0803,0.9575,27.55,56.23,0.53,380.0,-0.551,Motor_en_operacion,0.9687
2026-07-24 11:17:15,OPTA,NICLABH1,309,0.0308,0.0764,0.9561,27.54,56.25,0.53,360.0,-0.975,Motor_en_operacion,0.9843
2026-07-24 11:17:16,OPTA,NICLABH1,310,0.0322,0.0791,0.9553,27.54,56.25,0.53,360.0,-0.44,Motor_en_operacion,0.9921
2026-07-24 11:17:17,OPTA,NICLABH1,311,0.0303,0.071,0.9526,27.53,56.26,0.55,390.0,-0.51,Motor_en_operacion,0.9648
2026-07-24 11:17:18,OPTA,NICLABH1,312,0.0364,0.0806,0.9561,27.53,56.26,0.55,390.0,-0.344,Motor_en_operacion,0.9882
2026-07-24 11:17:20,OPTA,NICLABH1,313,0.0266,0.0801,0.9565,27.53,56.26,0.55,390.0,-0.347,Motor_en_operacion,0.9843
2026-07-24 11:17:21,OPTA,NICLABH1,314,0.0361,0.0796,0.9553,27.54,56.22,0.53,380.0,-0.581,Motor_en_operacion,0.9843
2026-07-24 11:17:22,OPTA,NICLABH1,315,0.0286,0.0784,0.9578,27.54,56.22,0.53,380.0,-0.671,Motor_en_operacion,0.871
2026-07-24 11:17:23,OPTA,NICLABH1,316,0.0312,0.0764,0.9553,27.54,56.22,0.52,350.0,-0.727,Motor_en_operacion,0.9726
2026-07-24 11:17:24,OPTA,NICLABH1,317,0.03,0.0793,0.9548,27.54,56.22,0.52,350.0,-0.645,Motor_en_operacion,0.9453
2026-07-24 11:17:26,OPTA,NICLABH1,318,0.0278,0.0754,0.9548,27.54,56.22,0.52,350.0,-0.242,Motor_en_operacion,0.9609
2026-07-24 11:17:27,OPTA,NICLABH1,319,0.0303,0.0786,0.9565,27.54,56.21,0.52,360.0,-0.101,Motor_en_operacion,0.9804
2026-07-24 11:17:28,OPTA,NICLABH1,320,0.0347,0.0779,0.9558,27.54,56.21,0.52,360.0,-0.657,Motor_en_operacion,0.9687
2026-07-24 11:17:29,OPTA,NICLABH1,321,0.0278,0.0757,0.9563,27.55,56.18,0.53,370.0,-0.952,Motor_en_operacion,0.9726
2026-07-24 11:17:31,OPTA,NICLABH1,322,0.0334,0.0781,0.9565,27.55,56.18,0.53,370.0,-0.299,Motor_en_operacion,0.9804
2026-07-24 11:17:32,OPTA,NICLABH1,323,0.031,0.0796,0.9558,27.55,56.18,0.53,370.0,-0.046,Motor_en_operacion,0.9882
2026-07-24 11:17:33,OPTA,NICLABH1,324,0.033,0.0798,0.9573,27.56,56.16,0.52,330.0,0.015,Motor_en_operacion,0.996
2026-07-24 11:17:34,OPTA,NICLABH1,325,0.0352,0.0828,0.957,27.56,56.16,0.52,330.0,-1.097,Motor_en_operacion,0.9843
2026-07-24 11:17:35,OPTA,NICLABH1,326,0.0322,0.0737,0.9526,27.56,56.17,0.52,330.0,-0.708,Motor_en_operacion,0.9375
2026-07-24 11:17:37,OPTA,NICLABH1,327,0.03,0.0791,0.9541,27.56,56.17,0.52,330.0,-0.304,Motor_en_operacion,0.9882
2026-07-24 11:17:38,OPTA,NICLABH1,328,0.0349,0.0752,0.9529,27.56,56.17,0.52,330.0,-0.742,Motor_en_operacion,0.9921
2026-07-24 11:17:39,OPTA,NICLABH1,329,0.0247,0.0776,0.9548,27.56,56.18,0.52,330.0,-0.77,Motor_en_operacion,0.9609
2026-07-24 11:17:40,OPTA,NICLABH1,330,0.0308,0.0774,0.9565,27.56,56.18,0.52,330.0,-0.442,Motor_en_operacion,0.9921
2026-07-24 11:17:42,OPTA,NICLABH1,331,0.0312,0.0764,0.9536,27.57,56.15,0.53,380.0,-0.441,Motor_en_operacion,0.9921
2026-07-24 11:17:43,OPTA,NICLABH1,332,0.0266,0.0728,0.9507,27.57,56.15,0.53,380.0,-0.649,Motor_en_operacion,0.9218
2026-07-24 11:17:44,OPTA,NICLABH1,333,0.0339,0.0781,0.9556,27.57,56.15,0.53,380.0,-0.706,Motor_en_operacion,0.9804
2026-07-24 11:17:45,OPTA,NICLABH1,334,0.032,0.0752,0.9543,27.57,56.16,0.52,320.0,-0.583,Motor_en_operacion,0.996
2026-07-24 11:17:46,OPTA,NICLABH1,335,0.0347,0.0803,0.9565,27.57,56.16,0.52,320.0,-0.561,Motor_en_operacion,0.9726
2026-07-24 11:17:48,OPTA,NICLABH1,336,0.0325,0.0759,0.9561,27.57,56.17,0.52,340.0,-0.66,Motor_en_operacion,0.996
2026-07-24 11:17:49,OPTA,NICLABH1,337,0.0266,0.0757,0.9541,27.57,56.17,0.52,340.0,-0.543,Motor_en_operacion,0.9648
2026-07-24 11:17:50,OPTA,NICLABH1,338,0.0298,0.0801,0.9546,27.57,56.17,0.52,340.0,-0.564,Motor_en_operacion,0.9843
2026-07-24 11:17:51,OPTA,NICLABH1,339,0.0269,0.0781,0.9558,27.58,56.15,0.52,350.0,-0.504,Motor_en_operacion,0.9921
2026-07-24 11:17:53,OPTA,NICLABH1,340,0.03,0.0742,0.9526,27.58,56.15,0.52,350.0,-0.55,Motor_en_operacion,0.9804
2026-07-24 11:17:54,OPTA,NICLABH1,341,0.0305,0.0779,0.9546,27.58,56.15,0.52,350.0,-0.578,Motor_en_operacion,0.9882
2026-07-24 11:17:55,OPTA,NICLABH1,342,0.0286,0.0808,0.9568,27.58,56.16,0.52,310.0,-0.875,Motor_en_operacion,0.996
2026-07-24 11:17:56,OPTA,NICLABH1,343,0.0322,0.0789,0.9553,27.58,56.16,0.52,310.0,-0.726,Motor_en_operacion,0.9921
2026-07-24 11:17:57,OPTA,NICLABH1,344,0.0295,0.0793,0.9565,27.58,56.17,0.52,340.0,-0.463,Motor_en_operacion,0.996
2026-07-24 11:17:59,OPTA,NICLABH1,345,0.0278,0.0764,0.9529,27.58,56.17,0.52,340.0,-0.236,Motor_en_operacion,0.9882
2026-07-24 11:18:00,OPTA,NICLABH1,346,0.03,0.0796,0.9568,27.58,56.17,0.52,340.0,-0.401,Motor_en_operacion,0.996
2026-07-24 11:18:01,OPTA,NICLABH1,347,0.0286,0.0801,0.9568,27.57,56.2,0.52,340.0,-0.636,Motor_en_operacion,0.9804
2026-07-24 11:18:02,OPTA,NICLABH1,348,0.0295,0.0789,0.9558,27.57,56.2,0.52,340.0,-0.336,Motor_en_operacion,0.9843
