time,deviceName,Lmax_dB,Lmax_class,LAeq1min_dB,LAeq_Background Noise,LAeq_People,LAeq_Vehicle,pct_Background Noise,pct_People,pct_Vehicle,P10_dB,P50_dB,P90_dB,rssi,snr
2026-02-13 00:02:01,Pasillo de Salones (E),57.4,People,51.0,50.9,52.9,0.0,95.5,4.5,0.0,40.6,51.2,53.1,-90,13.3
2026-02-13 00:02:03,Main Lobby (E),51.4,Background Noise,44.0,44.0,0.0,0.0,100.0,0.0,0.0,40.1,40.4,50.1,-88,14.3
2026-02-13 00:02:08,Salón - Uma (E),62.0,Background Noise,56.5,56.5,56.5,0.0,93.9,6.1,0.0,53.7,56.2,58.5,-101,11.8
2026-02-13 00:02:09,Pasillo de Laboratorio (E),59.2,Background Noise,54.9,55.1,54.9,0.0,11.7,88.3,0.0,52.6,54.7,56.7,-99,10.3
2026-02-13 00:02:39,Salón - Extremo (E),72.9,People,50.2,48.8,57.9,54.2,94.3,5.2,0.5,40.2,40.7,50.9,-94,13.5
2026-02-13 00:03:47,Pasillo Administrativo (E),53.6,Background Noise,40.2,40.2,0.0,0.0,100.0,0.0,0.0,37.4,38.8,40.2,-92,13.5
2026-02-13 00:07:01,Pasillo de Salones (E),61.8,People,51.0,50.8,56.3,52.8,98.1,1.7,0.3,40.5,51.1,53.0,-91,13.5
2026-02-13 00:07:02,Main Lobby (E),66.4,People,46.0,44.6,57.9,49.2,97.9,1.8,0.2,40.0,40.4,50.2,-88,13.8
2026-02-13 00:07:08,Salón - Uma (E),62.1,Background Noise,56.5,56.5,56.4,0.0,95.4,4.6,0.0,53.7,56.1,58.4,-100,11.8
2026-02-13 00:07:09,Pasillo de Laboratorio (E),59.9,People,54.9,54.9,54.9,0.0,9.4,90.6,0.0,52.6,54.7,56.6,-99,12.0
2026-02-13 00:07:39,Salón - Extremo (E),59.4,Background Noise,45.5,45.5,49.6,0.0,99.5,0.5,0.0,40.1,40.5,50.6,-90,13.8
2026-02-13 00:08:47,Pasillo Administrativo (E),51.1,Background Noise,40.2,40.2,36.6,0.0,99.9,0.1,0.0,37.4,38.9,40.1,-92,13.0
2026-02-13 00:12:03,Main Lobby (E),51.1,Background Noise,45.1,45.1,0.0,0.0,100.0,0.0,0.0,40.1,40.5,50.3,-88,11.8
2026-02-13 00:12:08,Salón - Uma (E),61.2,Background Noise,56.4,56.4,56.1,0.0,94.8,5.2,0.0,53.7,56.0,58.3,-99,11.3
2026-02-13 00:12:10,Pasillo de Laboratorio (E),58.9,People,54.9,55.1,54.9,0.0,10.6,89.4,0.0,52.6,54.7,56.6,-100,12.0
2026-02-13 00:12:39,Salón - Extremo (E),55.2,Background Noise,46.5,46.5,0.0,0.0,100.0,0.0,0.0,40.1,40.5,51.2,-87,13.3
2026-02-13 00:13:47,Pasillo Administrativo (E),52.8,Background Noise,40.3,40.3,39.3,0.0,99.8,0.3,0.0,37.5,38.9,40.2,-103,10.5
2026-02-13 00:17:01,Pasillo de Salones (E),56.2,People,50.9,50.8,53.0,0.0,99.1,0.9,0.0,40.6,51.1,52.9,-91,14.0
2026-02-13 00:17:08,Salón - Uma (E),65.1,Background Noise,56.5,56.5,56.0,0.0,95.2,4.8,0.0,53.5,56.0,58.4,-101,11.8
2026-02-13 00:17:10,Pasillo de Laboratorio (E),59.0,People,55.0,55.0,54.9,0.0,7.6,92.4,0.0,52.7,54.7,56.7,-99,12.0
2026-02-13 00:17:40,Salón - Extremo (E),58.5,Background Noise,46.1,46.1,51.4,0.0,99.8,0.3,0.0,40.1,40.8,50.6,-91,13.8
2026-02-13 00:18:47,Pasillo Administrativo (E),52.3,Background Noise,40.4,40.4,38.1,0.0,99.9,0.1,0.0,37.5,38.9,40.2,-102,11.3
2026-02-13 00:22:01,Pasillo de Salones (E),60.0,Background Noise,51.3,51.3,53.4,0.0,97.3,2.7,0.0,40.7,51.3,53.2,-91,13.8
2026-02-13 00:22:04,Main Lobby (E),55.5,Vehicle,44.8,44.3,49.6,55.5,95.7,4.2,0.1,40.1,40.5,50.5,-88,13.3
2026-02-13 00:22:08,Salón - Uma (E),63.0,People,56.4,56.4,56.5,0.0,95.2,4.8,0.0,53.7,56.0,58.3,-99,10.0
2026-02-13 00:22:10,Pasillo de Laboratorio (E),59.6,People,54.9,55.1,54.9,0.0,9.2,90.8,0.0,52.6,54.7,56.8,-98,12.5
2026-02-13 00:22:40,Salón - Extremo (E),73.9,Background Noise,49.2,48.6,62.1,0.0,99.3,0.7,0.0,40.0,40.6,50.5,-94,13.3
2026-02-13 00:23:47,Pasillo Administrativo (E),51.4,Background Noise,40.1,40.2,38.3,0.0,99.8,0.3,0.0,37.3,38.9,40.1,-102,11.0
2026-02-13 00:27:01,Pasillo de Salones (E),55.5,Background Noise,50.9,50.9,0.0,0.0,100.0,0.0,0.0,40.6,51.1,52.9,-92,13.8
2026-02-13 00:27:02,Main Lobby (E),50.9,Background Noise,43.3,43.4,42.4,0.0,98.9,1.1,0.0,40.1,40.4,50.0,-89,13.5
2026-02-13 00:27:08,Salón - Uma (E),62.0,Background Noise,56.5,56.5,55.8,0.0,95.7,4.3,0.0,53.8,56.1,58.5,-99,9.0
2026-02-13 00:27:10,Pasillo de Laboratorio (E),58.6,People,54.9,55.0,54.9,0.0,9.1,90.9,0.0,52.5,54.7,56.6,-100,11.8
2026-02-13 00:27:40,Salón - Extremo (E),62.6,Background Noise,45.5,45.5,53.6,0.0,99.9,0.1,0.0,40.1,40.5,50.4,-92,9.0
2026-02-13 00:28:47,Pasillo Administrativo (E),51.9,Background Noise,40.2,40.2,0.0,0.0,100.0,0.0,0.0,37.4,38.9,40.2,-102,9.8
2026-02-13 00:32:02,Pasillo de Salones (E),56.2,Background Noise,50.8,50.8,0.0,0.0,100.0,0.0,0.0,40.6,51.1,52.8,-93,13.3
2026-02-13 00:32:02,Main Lobby (E),52.2,Background Noise,43.9,43.8,44.6,48.5,88.7,11.0,0.3,40.1,40.4,50.2,-89,13.5
2026-02-13 00:32:09,Salón - Uma (E),62.4,Background Noise,56.4,56.4,56.5,0.0,95.7,4.3,0.0,53.5,55.9,58.5,-99,11.8
2026-02-13 00:32:11,Pasillo de Laboratorio (E),59.2,People,54.9,54.8,54.9,0.0,12.3,87.7,0.0,52.6,54.7,56.6,-99,11.8
2026-02-13 00:32:40,Salón - Extremo (E),52.3,Background Noise,45.6,45.6,0.0,0.0,100.0,0.0,0.0,40.1,40.6,50.4,-89,14.0
2026-02-13 00:33:48,Pasillo Administrativo (E),51.3,Background Noise,40.3,40.3,0.0,0.0,100.0,0.0,0.0,37.5,38.9,40.2,-102,10.5
2026-02-13 00:37:02,Pasillo de Salones (E),55.8,Background Noise,50.9,50.9,0.0,0.0,100.0,0.0,0.0,40.6,51.1,53.0,-91,11.5
2026-02-13 00:37:02,Main Lobby (E),55.9,People,48.2,46.1,50.6,0.0,65.5,34.5,0.0,40.1,40.9,52.0,-89,13.0
2026-02-13 00:37:09,Salón - Uma (E),62.1,Background Noise,56.4,56.4,55.8,0.0,96.7,3.3,0.0,53.7,56.0,58.3,-98,2.8
2026-02-13 00:37:10,Pasillo de Laboratorio (E),59.3,People,54.9,54.9,54.9,0.0,11.0,89.0,0.0,52.7,54.7,56.6,-100,12.0
2026-02-13 00:37:40,Salón - Extremo (E),50.8,Background Noise,45.8,45.8,0.0,0.0,100.0,0.0,0.0,40.1,40.4,50.5,-89,13.3
2026-02-13 00:38:48,Pasillo Administrativo (E),51.9,Background Noise,40.4,40.4,0.0,0.0,100.0,0.0,0.0,37.5,38.9,40.2,-102,10.3
2026-02-13 00:42:02,Pasillo de Salones (E),56.0,Background Noise,50.9,50.9,0.0,0.0,100.0,0.0,0.0,40.6,51.1,52.9,-91,11.5
2026-02-13 00:42:03,Main Lobby (E),51.3,People,42.5,42.5,43.7,0.0,95.1,4.9,0.0,40.1,40.2,40.9,-88,13.8
2026-02-13 00:42:09,Salón - Uma (E),61.4,Background Noise,56.4,56.4,56.4,0.0,96.5,3.5,0.0,53.7,56.1,58.4,-99,12.0
2026-02-13 00:42:10,Pasillo de Laboratorio (E),59.5,People,54.9,54.8,54.9,0.0,10.9,89.1,0.0,52.7,54.7,56.7,-99,10.3
2026-02-13 00:42:40,Salón - Extremo (E),51.9,Background Noise,44.1,44.1,0.0,0.0,100.0,0.0,0.0,40.1,40.4,50.0,-88,14.5
2026-02-13 00:43:48,Pasillo Administrativo (E),52.6,Background Noise,40.3,40.3,39.6,0.0,99.8,0.2,0.0,37.4,38.9,40.2,-102,10.3
2026-02-13 00:47:02,Pasillo de Salones (E),55.4,Background Noise,50.8,50.8,0.0,0.0,100.0,0.0,0.0,40.5,51.1,52.9,-92,13.3
2026-02-13 00:47:03,Main Lobby (E),51.7,Background Noise,43.7,43.7,42.5,0.0,97.5,2.5,0.0,40.1,40.4,50.1,-89,14.0
2026-02-13 00:47:09,Salón - Uma (E),61.1,Background Noise,56.4,56.4,55.5,0.0,95.7,4.3,0.0,53.6,56.0,58.4,-99,11.8
2026-02-13 00:47:10,Pasillo de Laboratorio (E),59.5,People,54.9,54.8,54.9,0.0,10.8,89.2,0.0,52.4,54.6,56.6,-99,11.5
2026-02-13 00:47:40,Salón - Extremo (E),51.3,Background Noise,43.8,43.8,40.3,0.0,99.7,0.3,0.0,40.1,40.4,50.0,-90,13.3
2026-02-13 00:48:48,Pasillo Administrativo (E),51.3,Background Noise,40.1,40.1,39.0,0.0,99.9,0.1,0.0,37.5,38.9,40.1,-102,10.8
2026-02-13 00:52:02,Pasillo de Salones (E),56.6,Background Noise,50.9,50.9,0.0,0.0,100.0,0.0,0.0,40.6,51.1,52.9,-91,13.8
2026-02-13 00:52:03,Main Lobby (E),51.9,Background Noise,43.4,43.4,41.8,0.0,98.1,1.9,0.0,40.0,40.3,50.1,-89,13.3
2026-02-13 00:52:09,Salón - Uma (E),61.2,Background Noise,56.4,56.4,56.7,0.0,95.8,4.2,0.0,53.6,56.1,58.4,-98,12.5
2026-02-13 00:52:10,Pasillo de Laboratorio (E),59.1,People,54.9,54.9,54.9,0.0,8.4,91.6,0.0,52.5,54.7,56.7,-98,12.3
2026-02-13 00:52:40,Salón - Extremo (E),54.7,Background Noise,46.5,46.5,46.4,0.0,95.9,4.1,0.0,40.1,40.6,50.7,-89,14.0
2026-02-13 00:53:48,Pasillo Administrativo (E),51.3,Background Noise,40.1,40.1,0.0,0.0,100.0,0.0,0.0,37.3,38.8,40.2,-101,11.3
2026-02-13 00:57:02,Pasillo de Salones (E),55.4,Background Noise,50.9,50.9,0.0,0.0,100.0,0.0,0.0,40.6,51.1,52.9,-93,13.0
2026-02-13 00:57:03,Main Lobby (E),53.6,People,48.4,47.3,50.6,40.0,72.4,27.5,0.2,40.1,40.9,51.8,-88,13.3
2026-02-13 00:57:09,Salón - Uma (E),61.5,Background Noise,56.4,56.4,56.0,0.0,96.9,3.1,0.0,53.7,56.1,58.5,-99,10.3
2026-02-13 00:57:11,Pasillo de Laboratorio (E),59.7,People,54.8,54.9,54.8,0.0,10.5,89.5,0.0,52.5,54.6,56.6,-99,12.5
2026-02-13 00:57:41,Salón - Extremo (E),51.9,Background Noise,45.0,45.0,44.0,0.0,97.7,2.2,0.0,40.1,40.4,50.4,-95,13.5
2026-02-13 00:58:48,Pasillo Administrativo (E),52.4,Background Noise,40.3,40.3,0.0,0.0,100.0,0.0,0.0,37.5,38.9,40.2,-103,11.3
2026-02-13 01:02:02,Pasillo de Salones (E),55.4,Background Noise,51.0,51.0,0.0,0.0,100.0,0.0,0.0,40.6,51.2,53.1,-91,14.0
2026-02-13 01:02:03,Main Lobby (E),60.8,People,49.4,49.3,50.1,0.0,86.3,13.7,0.0,40.3,50.4,51.5,-88,13.3
2026-02-13 01:02:09,Salón - Uma (E),60.9,Background Noise,56.4,56.4,56.4,0.0,96.4,3.6,0.0,53.8,56.0,58.4,-100,10.3
2026-02-13 01:02:12,Pasillo de Laboratorio (E),59.8,People,54.9,54.8,54.9,0.0,10.6,89.4,0.0,52.5,54.7,56.6,-100,11.5
2026-02-13 01:02:41,Salón - Extremo (E),58.1,Background Noise,44.5,44.5,46.8,0.0,98.2,1.8,0.0,40.1,40.5,50.3,-89,13.3
2026-02-13 01:03:48,Pasillo Administrativo (E),51.5,Background Noise,40.1,40.1,0.0,0.0,100.0,0.0,0.0,37.4,38.9,40.2,-102,10.8
2026-02-13 01:07:02,Pasillo de Salones (E),60.0,Background Noise,51.0,50.9,52.4,0.0,98.6,1.4,0.0,40.5,51.1,52.9,-91,13.8
2026-02-13 01:07:03,Main Lobby (E),55.8,Background Noise,44.9,45.0,42.5,0.0,96.1,3.9,0.0,40.0,40.3,50.5,-78,13.5
2026-02-13 01:07:10,Salón - Uma (E),62.3,Background Noise,56.3,56.3,55.9,0.0,96.2,3.8,0.0,53.5,55.8,58.3,-101,12.0
2026-02-13 01:07:11,Pasillo de Laboratorio (E),59.0,People,55.0,55.1,54.9,0.0,11.5,88.5,0.0,52.6,54.7,56.7,-99,10.0
2026-02-13 01:07:41,Salón - Extremo (E),65.2,Background Noise,46.7,46.6,54.5,0.0,99.7,0.3,0.0,40.1,40.6,50.4,-93,13.3
2026-02-13 01:08:49,Pasillo Administrativo (E),51.6,Background Noise,39.7,39.7,37.5,0.0,99.9,0.1,0.0,37.2,38.8,40.1,-102,9.8
2026-02-13 01:12:05,Pasillo de Salones (E),58.6,People,51.0,50.9,54.0,56.5,98.3,1.4,0.3,40.6,51.1,53.0,-91,13.8
2026-02-13 01:12:05,Main Lobby (E),60.2,People,45.8,45.4,50.0,51.7,95.2,4.4,0.3,40.1,40.5,50.6,-78,13.5
2026-02-13 01:12:10,Salón - Uma (E),62.5,Background Noise,56.4,56.4,56.1,0.0,96.3,3.7,0.0,53.5,56.0,58.3,-100,11.8
2026-02-13 01:12:11,Pasillo de Laboratorio (E),59.1,People,55.0,55.0,55.0,0.0,8.3,91.7,0.0,52.6,54.7,56.7,-100,12.0
2026-02-13 01:12:41,Salón - Extremo (E),64.3,Background Noise,45.7,45.7,51.4,40.4,99.3,0.6,0.1,40.1,40.4,51.0,-94,13.0
2026-02-13 01:13:49,Pasillo Administrativo (E),51.9,Background Noise,39.6,39.6,40.0,0.0,99.9,0.1,0.0,37.4,38.8,40.1,-102,10.8
2026-02-13 01:17:03,Pasillo de Salones (E),55.0,Background Noise,50.9,50.9,52.1,53.3,99.6,0.3,0.1,40.6,51.1,52.8,-90,13.8
2026-02-13 01:17:03,Main Lobby (E),52.0,Background Noise,44.9,44.8,45.5,40.8,88.9,11.0,0.1,40.1,40.5,50.3,-77,8.8
2026-02-13 01:17:10,Salón - Uma (E),61.5,Background Noise,56.4,56.4,56.3,0.0,95.4,4.6,0.0,53.7,56.0,58.4,-101,12.0
2026-02-13 01:17:12,Pasillo de Laboratorio (E),59.3,People,54.9,54.9,54.9,0.0,8.7,91.3,0.0,52.5,54.7,56.6,-99,12.3
2026-02-13 01:17:41,Salón - Extremo (E),63.3,People,46.9,46.5,51.9,44.8,94.2,4.6,1.2,40.1,40.6,50.8,-93,11.5
2026-02-13 01:18:49,Pasillo Administrativo (E),52.2,Background Noise,40.3,40.3,0.0,0.0,100.0,0.0,0.0,37.5,39.0,40.2,-102,10.8
2026-02-13 01:22:03,Pasillo de Salones (E),55.9,Background Noise,50.8,50.8,0.0,0.0,100.0,0.0,0.0,40.6,51.0,52.9,-91,14.0
2026-02-13 01:22:04,Main Lobby (E),51.2,Background Noise,43.4,43.5,40.5,40.8,97.3,2.4,0.3,40.0,40.3,50.0,-78,13.8
2026-02-13 01:22:10,Salón - Uma (E),61.8,Background Noise,56.4,56.3,56.7,0.0,96.4,3.6,0.0,53.6,56.1,58.2,-101,11.0
2026-02-13 01:22:11,Pasillo de Laboratorio (E),58.9,People,55.0,55.1,54.9,0.0,10.2,89.8,0.0,52.6,54.8,56.7,-99,11.8
2026-02-13 01:22:41,Salón - Extremo (E),57.6,People,43.9,43.7,53.0,50.4,99.3,0.6,0.1,40.1,40.5,50.2,-88,13.0
2026-02-13 01:23:49,Pasillo Administrativo (E),52.5,Background Noise,40.0,40.0,0.0,0.0,100.0,0.0,0.0,37.5,38.9,40.2,-103,10.8
2026-02-13 01:27:03,Pasillo de Salones (E),55.8,Background Noise,50.8,50.8,52.0,0.0,99.4,0.6,0.0,40.5,51.1,52.9,-91,13.8
2026-02-13 01:27:04,Main Lobby (E),56.3,Background Noise,44.0,44.0,43.6,0.0,99.1,0.9,0.0,40.0,40.4,50.2,-77,14.5
2026-02-13 01:27:10,Salón - Uma (E),62.3,Background Noise,56.4,56.4,56.4,0.0,95.9,4.1,0.0,53.6,56.0,58.5,-100,10.5
2026-02-13 01:27:11,Pasillo de Laboratorio (E),59.2,People,54.9,54.7,54.9,0.0,8.3,91.7,0.0,52.5,54.7,56.6,-99,12.0
2026-02-13 01:27:41,Salón - Extremo (E),63.7,Background Noise,47.0,46.8,56.5,0.0,99.6,0.4,0.0,40.1,40.6,50.8,-91,9.5
2026-02-13 01:28:49,Pasillo Administrativo (E),51.2,Background Noise,40.1,40.1,0.0,0.0,100.0,0.0,0.0,37.5,38.9,40.2,-102,10.5
2026-02-13 01:32:03,Pasillo de Salones (E),55.8,Background Noise,50.7,50.7,0.0,0.0,100.0,0.0,0.0,40.5,51.0,52.9,-91,13.8
2026-02-13 01:32:05,Main Lobby (E),52.0,Background Noise,42.3,42.3,44.4,0.0,99.4,0.6,0.0,40.1,40.4,40.9,-78,13.3
2026-02-13 01:32:10,Salón - Uma (E),62.9,Background Noise,56.3,56.3,56.4,0.0,96.7,3.3,0.0,53.5,56.0,58.2,-99,12.3
2026-02-13 01:32:11,Pasillo de Laboratorio (E),58.6,People,55.0,54.8,55.0,0.0,9.3,90.7,0.0,52.6,54.8,56.7,-98,10.5
2026-02-13 01:32:41,Salón - Extremo (E),51.8,Background Noise,44.9,44.9,40.4,0.0,99.9,0.1,0.0,40.0,40.5,50.3,-94,13.3
2026-02-13 01:33:49,Pasillo Administrativo (E),51.7,Background Noise,40.5,40.5,38.6,0.0,99.8,0.2,0.0,37.5,39.0,40.4,-102,10.5
2026-02-13 01:37:03,Pasillo de Salones (E),55.0,Background Noise,50.7,50.7,0.0,0.0,100.0,0.0,0.0,40.5,51.0,52.6,-91,13.5
2026-02-13 01:37:04,Main Lobby (E),56.5,Background Noise,44.2,44.2,44.9,0.0,95.8,4.2,0.0,40.1,40.3,50.5,-77,8.8
2026-02-13 01:37:10,Salón - Uma (E),62.9,Background Noise,56.4,56.4,56.3,0.0,95.2,4.7,0.0,53.6,56.1,58.4,-101,11.5
2026-02-13 01:37:12,Pasillo de Laboratorio (E),58.8,People,55.0,55.1,54.9,0.0,9.8,90.2,0.0,52.7,54.7,56.6,-98,12.3
2026-02-13 01:37:42,Salón - Extremo (E),51.0,Background Noise,45.9,45.9,0.0,0.0,100.0,0.0,0.0,40.1,40.7,50.5,-89,13.5
2026-02-13 01:38:49,Pasillo Administrativo (E),52.5,Background Noise,40.1,40.1,0.0,0.0,100.0,0.0,0.0,37.4,38.9,40.2,-103,10.3
2026-02-13 01:42:03,Pasillo de Salones (E),56.1,Background Noise,50.9,50.9,0.0,0.0,100.0,0.0,0.0,40.5,51.1,52.9,-91,13.8
2026-02-13 01:42:04,Main Lobby (E),56.6,Background Noise,43.3,43.3,43.2,0.0,97.6,2.4,0.0,40.1,40.3,50.0,-78,13.3
2026-02-13 01:42:10,Salón - Uma (E),61.3,Background Noise,56.5,56.5,56.3,0.0,96.3,3.7,0.0,53.8,56.0,58.4,-100,11.8
2026-02-13 01:42:12,Pasillo de Laboratorio (E),58.5,People,54.9,54.9,54.9,0.0,9.2,90.8,0.0,52.6,54.7,56.6,-100,12.0
2026-02-13 01:42:42,Salón - Extremo (E),52.6,Background Noise,45.2,45.2,46.7,0.0,99.8,0.2,0.0,40.0,40.4,50.4,-88,14.0
2026-02-13 01:43:49,Pasillo Administrativo (E),51.9,Background Noise,40.4,40.4,0.0,0.0,100.0,0.0,0.0,37.4,38.9,40.2,-103,10.8
2026-02-13 01:47:03,Pasillo de Salones (E),55.6,Background Noise,50.7,50.7,0.0,0.0,100.0,0.0,0.0,40.5,51.0,52.9,-91,11.3
2026-02-13 01:47:04,Main Lobby (E),51.3,Background Noise,43.3,43.4,41.3,0.0,96.7,3.3,0.0,40.1,40.3,50.1,-78,13.5
2026-02-13 01:47:11,Salón - Uma (E),62.0,Background Noise,56.4,56.4,56.2,0.0,96.7,3.3,0.0,53.6,56.0,58.3,-100,12.0
2026-02-13 01:47:12,Pasillo de Laboratorio (E),59.5,People,55.0,54.8,55.0,0.0,9.0,91.0,0.0,52.3,54.8,56.8,-99,11.8
2026-02-13 01:47:42,Salón - Extremo (E),52.5,Background Noise,45.8,45.8,48.6,0.0,99.8,0.2,0.0,40.0,40.7,50.5,-90,13.8
2026-02-13 01:48:50,Pasillo Administrativo (E),51.8,Background Noise,40.4,40.4,0.0,0.0,100.0,0.0,0.0,37.6,39.0,40.3,-101,6.3
2026-02-13 01:52:04,Pasillo de Salones (E),55.2,Background Noise,50.8,50.8,0.0,0.0,100.0,0.0,0.0,40.6,51.0,52.8,-91,8.8
2026-02-13 01:52:04,Main Lobby (E),57.2,Background Noise,44.5,44.3,45.8,0.0,89.0,11.0,0.0,40.1,40.4,50.2,-78,13.3
2026-02-13 01:52:11,Salón - Uma (E),61.8,Background Noise,56.3,56.4,56.1,0.0,96.0,4.0,0.0,53.5,55.9,58.3,-100,11.8
2026-02-13 01:52:12,Pasillo de Laboratorio (E),58.9,People,55.0,55.0,55.0,0.0,10.2,89.8,0.0,52.6,54.8,56.7,-99,12.0
2026-02-13 01:52:42,Salón - Extremo (E),51.1,Background Noise,42.9,42.9,0.0,0.0,100.0,0.0,0.0,40.0,40.3,40.9,-89,13.8
2026-02-13 01:53:50,Pasillo Administrativo (E),52.4,Background Noise,39.8,39.8,0.0,0.0,100.0,0.0,0.0,37.4,38.9,40.1,-102,8.8
2026-02-13 01:57:04,Pasillo de Salones (E),55.9,Background Noise,50.6,50.6,0.0,0.0,100.0,0.0,0.0,40.5,50.9,52.8,-93,13.3
2026-02-13 01:57:04,Main Lobby (E),52.6,Background Noise,44.0,44.0,43.5,40.3,93.8,5.8,0.3,40.1,40.4,50.1,-77,14.3
2026-02-13 01:57:11,Salón - Uma (E),61.9,Background Noise,56.4,56.4,56.5,0.0,96.8,3.2,0.0,53.6,56.0,58.3,-101,11.0
2026-02-13 01:57:12,Pasillo de Laboratorio (E),58.7,Background Noise,55.0,55.2,55.0,0.0,10.4,89.6,0.0,52.5,54.9,56.7,-100,11.5
2026-02-13 01:57:42,Salón - Extremo (E),51.1,Background Noise,45.1,45.1,0.0,0.0,100.0,0.0,0.0,40.1,40.5,50.2,-94,13.3
2026-02-13 01:58:50,Pasillo Administrativo (E),51.5,Background Noise,40.2,40.2,38.9,0.0,99.9,0.1,0.0,37.5,39.0,40.2,-103,10.8
2026-02-13 02:02:04,Pasillo de Salones (E),55.9,Background Noise,50.8,50.8,0.0,0.0,100.0,0.0,0.0,40.6,51.0,52.9,-91,14.0
2026-02-13 02:02:06,Main Lobby (E),56.9,Background Noise,42.5,42.4,43.1,0.0,97.1,2.9,0.0,40.1,40.4,40.8,-77,14.3
2026-02-13 02:02:11,Salón - Uma (E),62.6,Background Noise,56.4,56.5,56.0,0.0,96.3,3.7,0.0,53.6,56.1,58.5,-99,12.3
2026-02-13 02:02:12,Pasillo de Laboratorio (E),58.9,People,54.9,55.1,54.8,0.0,9.2,90.8,0.0,52.5,54.6,56.6,-99,12.0
2026-02-13 02:02:42,Salón - Extremo (E),51.4,Background Noise,44.8,44.8,0.0,0.0,100.0,0.0,0.0,40.1,40.5,50.2,-88,13.8
2026-02-13 02:03:50,Pasillo Administrativo (E),51.6,Background Noise,40.7,40.7,40.9,0.0,99.9,0.1,0.0,37.5,39.0,40.3,-102,11.0
2026-02-13 02:07:04,Pasillo de Salones (E),55.7,Background Noise,50.8,50.8,0.0,0.0,100.0,0.0,0.0,40.6,51.0,52.8,-91,12.5
2026-02-13 02:07:05,Main Lobby (E),55.5,Background Noise,42.6,42.6,42.9,40.1,95.4,4.5,0.1,40.0,40.4,40.9,-78,13.3
2026-02-13 02:07:11,Salón - Uma (E),61.3,Background Noise,56.4,56.4,56.9,0.0,96.3,3.7,0.0,53.6,56.0,58.5,-100,7.3
2026-02-13 02:07:13,Pasillo de Laboratorio (E),58.7,People,54.9,54.7,54.9,0.0,9.8,90.2,0.0,52.5,54.6,56.7,-99,12.3
2026-02-13 02:07:42,Salón - Extremo (E),51.0,Background Noise,44.0,44.0,0.0,0.0,100.0,0.0,0.0,40.1,40.3,50.1,-90,13.0
2026-02-13 02:08:50,Pasillo Administrativo (E),52.4,Background Noise,40.6,40.6,0.0,0.0,100.0,0.0,0.0,37.6,39.0,40.3,-102,10.5
2026-02-13 02:12:04,Pasillo de Salones (E),55.3,Background Noise,50.7,50.7,0.0,0.0,100.0,0.0,0.0,40.6,51.0,52.9,-92,13.5
2026-02-13 02:12:05,Main Lobby (E),51.4,People,44.3,44.1,45.2,0.0,86.8,13.2,0.0,40.1,40.3,50.2,-78,13.8
2026-02-13 02:12:11,Salón - Uma (E),61.9,Background Noise,56.5,56.5,56.1,0.0,96.2,3.7,0.0,53.7,56.1,58.4,-100,12.0
2026-02-13 02:12:12,Pasillo de Laboratorio (E),58.7,People,55.0,54.7,55.0,0.0,9.8,90.2,0.0,52.5,54.7,56.7,-99,11.0
2026-02-13 02:12:42,Salón - Extremo (E),52.0,Background Noise,45.5,45.5,0.0,0.0,100.0,0.0,0.0,40.0,40.5,50.4,-88,13.5
2026-02-13 02:13:50,Pasillo Administrativo (E),51.5,Background Noise,40.6,40.6,37.5,0.0,99.9,0.1,0.0,37.5,39.0,40.3,-103,10.8
2026-02-13 02:17:04,Pasillo de Salones (E),55.8,Background Noise,50.7,50.7,0.0,0.0,100.0,0.0,0.0,40.5,51.0,52.8,-93,13.0
2026-02-13 02:17:05,Main Lobby (E),54.8,Background Noise,43.4,43.1,46.0,0.0,90.4,9.6,0.0,40.1,40.3,50.0,-88,11.8
2026-02-13 02:17:11,Salón - Uma (E),61.8,Background Noise,56.4,56.3,56.7,0.0,97.0,3.0,0.0,53.6,56.0,58.3,-99,11.8
2026-02-13 02:17:13,Pasillo de Laboratorio (E),59.1,People,54.9,55.1,54.9,0.0,12.6,87.4,0.0,52.6,54.7,56.6,-99,12.3
2026-02-13 02:17:43,Salón - Extremo (E),52.2,Background Noise,43.0,43.0,40.2,0.0,99.9,0.1,0.0,40.0,40.4,41.0,-91,11.8
2026-02-13 02:18:50,Pasillo Administrativo (E),51.4,Background Noise,40.2,40.2,0.0,0.0,100.0,0.0,0.0,37.5,39.0,40.3,-102,10.8
2026-02-13 02:22:04,Pasillo de Salones (E),56.5,Background Noise,50.6,50.6,0.0,0.0,100.0,0.0,0.0,40.5,50.9,52.8,-91,13.5
2026-02-13 02:22:05,Main Lobby (E),55.9,People,44.8,44.8,44.7,40.5,73.5,26.3,0.2,40.1,40.5,50.3,-88,14.0
2026-02-13 02:22:11,Salón - Uma (E),61.9,Background Noise,56.4,56.4,55.9,0.0,95.0,5.0,0.0,53.5,56.0,58.4,-101,12.3
2026-02-13 02:22:13,Pasillo de Laboratorio (E),58.6,People,54.8,54.9,54.8,0.0,11.8,88.3,0.0,52.5,54.7,56.5,-100,11.8
2026-02-13 02:22:45,Salón - Extremo (E),51.3,Background Noise,44.6,44.6,48.6,0.0,99.8,0.2,0.0,40.1,40.5,50.3,-87,13.5
2026-02-13 02:23:50,Pasillo Administrativo (E),51.5,Background Noise,40.5,40.5,38.3,0.0,99.9,0.1,0.0,37.6,39.0,40.3,-102,8.3
2026-02-13 02:27:04,Pasillo de Salones (E),55.9,Background Noise,50.6,50.6,0.0,0.0,100.0,0.0,0.0,40.4,50.9,52.7,-91,14.3
2026-02-13 02:27:05,Main Lobby (E),53.8,People,44.8,44.7,46.4,0.0,98.8,1.2,0.0,40.1,40.4,50.3,-89,13.3
2026-02-13 02:27:12,Salón - Uma (E),62.6,Background Noise,56.4,56.4,56.7,0.0,97.0,3.0,0.0,53.7,56.0,58.4,-100,10.3
2026-02-13 02:27:13,Pasillo de Laboratorio (E),59.8,People,54.8,54.7,54.8,0.0,11.8,88.2,0.0,52.4,54.6,56.5,-99,10.8
2026-02-13 02:27:43,Salón - Extremo (E),52.2,Background Noise,44.7,44.7,0.0,0.0,100.0,0.0,0.0,40.1,40.6,50.1,-89,13.5
2026-02-13 02:28:51,Pasillo Administrativo (E),51.6,Background Noise,40.9,40.9,0.0,0.0,100.0,0.0,0.0,37.6,39.1,40.4,-101,2.3
2026-02-13 02:32:05,Pasillo de Salones (E),55.8,Background Noise,50.6,50.6,0.0,0.0,100.0,0.0,0.0,40.5,50.9,52.7,-92,13.5
2026-02-13 02:32:07,Main Lobby (E),53.7,Background Noise,44.0,43.9,44.7,0.0,98.0,2.0,0.0,40.1,40.4,50.2,-89,14.3
2026-02-13 02:32:12,Salón - Uma (E),61.6,Background Noise,56.5,56.5,56.4,0.0,97.0,3.0,0.0,53.8,56.1,58.4,-101,11.8
2026-02-13 02:32:13,Pasillo de Laboratorio (E),59.3,People,55.0,54.9,55.0,0.0,10.9,89.1,0.0,52.6,54.8,56.7,-98,12.5
2026-02-13 02:32:43,Salón - Extremo (E),52.6,Background Noise,44.2,44.2,0.0,0.0,100.0,0.0,0.0,40.1,40.4,50.3,-91,14.0
2026-02-13 02:33:51,Pasillo Administrativo (E),52.7,Background Noise,40.6,40.6,40.1,0.0,99.9,0.1,0.0,37.6,39.0,40.3,-102,11.0
2026-02-13 02:37:05,Pasillo de Salones (E),55.8,Background Noise,50.7,50.7,0.0,0.0,100.0,0.0,0.0,40.5,51.0,52.8,-91,11.8
2026-02-13 02:37:08,Main Lobby (E),51.4,Background Noise,43.5,43.5,41.8,40.2,98.2,1.7,0.2,40.0,40.3,50.1,-89,13.5
2026-02-13 02:37:12,Salón - Uma (E),63.9,Background Noise,56.5,56.5,56.3,0.0,96.1,3.9,0.0,53.7,56.1,58.4,-101,11.5
2026-02-13 02:37:13,Pasillo de Laboratorio (E),59.5,People,55.0,55.1,54.9,0.0,9.3,90.7,0.0,52.5,54.8,56.7,-99,12.3
2026-02-13 02:37:43,Salón - Extremo (E),51.7,Background Noise,45.3,45.3,0.0,0.0,100.0,0.0,0.0,40.1,40.4,50.4,-93,13.8
2026-02-13 02:38:51,Pasillo Administrativo (E),51.4,Background Noise,40.6,40.6,0.0,0.0,100.0,0.0,0.0,37.6,39.0,40.4,-102,9.8
2026-02-13 02:42:05,Pasillo de Salones (E),56.6,Background Noise,50.7,50.7,0.0,0.0,100.0,0.0,0.0,40.5,51.0,52.8,-91,11.5
2026-02-13 02:42:06,Main Lobby (E),51.8,Background Noise,43.6,43.7,42.9,40.0,90.7,9.2,0.1,40.1,40.4,50.1,-89,14.0
2026-02-13 02:42:12,Salón - Uma (E),62.2,Background Noise,56.5,56.5,56.1,0.0,96.5,3.5,0.0,53.7,56.1,58.4,-101,12.0
2026-02-13 02:42:13,Pasillo de Laboratorio (E),59.7,People,55.0,55.1,55.0,0.0,11.9,88.1,0.0,52.5,54.8,56.8,-99,12.0
2026-02-13 02:42:43,Salón - Extremo (E),51.5,Background Noise,46.4,46.4,40.2,0.0,99.9,0.1,0.0,40.1,40.6,50.5,-94,13.5
2026-02-13 02:43:51,Pasillo Administrativo (E),52.8,Background Noise,40.4,40.4,0.0,0.0,100.0,0.0,0.0,37.5,39.0,40.3,-102,10.5
2026-02-13 02:47:05,Pasillo de Salones (E),54.7,Background Noise,50.7,50.7,0.0,0.0,100.0,0.0,0.0,40.5,51.0,52.7,-91,13.8
2026-02-13 02:47:06,Main Lobby (E),53.2,People,45.8,42.2,47.9,0.0,52.6,47.4,0.0,40.1,40.6,50.7,-89,13.5
2026-02-13 02:47:12,Salón - Uma (E),61.8,Background Noise,56.5,56.5,56.1,0.0,96.6,3.4,0.0,53.8,56.0,58.4,-99,12.3
2026-02-13 02:47:15,Pasillo de Laboratorio (E),59.1,People,54.9,54.8,54.9,0.0,10.4,89.6,0.0,52.5,54.7,56.6,-99,12.0
2026-02-13 02:47:43,Salón - Extremo (E),51.5,Background Noise,44.2,44.2,40.5,0.0,99.9,0.1,0.0,40.1,40.5,50.2,-88,14.0
2026-02-13 02:48:51,Pasillo Administrativo (E),51.3,Background Noise,40.9,40.9,0.0,0.0,100.0,0.0,0.0,37.6,39.1,40.4,-103,11.0
2026-02-13 02:52:05,Pasillo de Salones (E),54.9,Background Noise,50.7,50.7,0.0,0.0,100.0,0.0,0.0,40.6,51.0,52.8,-91,13.8
2026-02-13 02:52:06,Main Lobby (E),51.5,Background Noise,44.9,44.7,45.3,40.2,64.1,35.8,0.1,40.1,40.5,50.3,-89,14.0
2026-02-13 02:52:12,Salón - Uma (E),61.0,Background Noise,56.4,56.4,56.6,0.0,96.0,4.0,0.0,53.6,56.0,58.6,-100,10.3
2026-02-13 02:52:14,Pasillo de Laboratorio (E),59.3,People,54.9,54.9,54.9,0.0,9.8,90.2,0.0,52.5,54.7,56.7,-100,11.5
2026-02-13 02:52:43,Salón - Extremo (E),51.4,Background Noise,45.3,45.3,0.0,0.0,100.0,0.0,0.0,40.0,40.4,50.5,-91,11.8
2026-02-13 02:53:51,Pasillo Administrativo (E),51.4,Background Noise,39.9,39.9,0.0,0.0,100.0,0.0,0.0,37.4,38.8,40.2,-102,10.8
2026-02-13 02:57:05,Pasillo de Salones (E),55.9,Background Noise,50.7,50.7,0.0,0.0,100.0,0.0,0.0,40.6,51.0,52.8,-91,13.8
2026-02-13 02:57:06,Main Lobby (E),51.5,Background Noise,43.3,43.3,43.2,0.0,94.2,5.7,0.0,40.1,40.4,50.0,-89,13.5
2026-02-13 02:57:12,Salón - Uma (E),61.6,Background Noise,56.3,56.3,55.5,0.0,96.8,3.2,0.0,53.5,56.0,58.4,-101,11.8
2026-02-13 02:57:14,Pasillo de Laboratorio (E),59.7,People,54.9,54.9,54.9,0.0,13.8,86.2,0.0,52.5,54.7,56.6,-98,12.3
2026-02-13 02:57:44,Salón - Extremo (E),51.0,Background Noise,45.5,45.5,50.5,0.0,99.8,0.2,0.0,40.1,40.4,50.4,-88,13.3
2026-02-13 02:58:51,Pasillo Administrativo (E),51.2,Background Noise,40.3,40.3,38.7,0.0,99.8,0.2,0.0,37.5,38.9,40.2,-102,7.5
2026-02-13 03:02:05,Pasillo de Salones (E),55.8,Background Noise,50.7,50.7,0.0,0.0,100.0,0.0,0.0,40.5,51.0,52.8,-91,13.5
2026-02-13 03:02:06,Main Lobby (E),50.7,Background Noise,44.2,44.1,45.0,0.0,91.0,9.0,0.0,40.1,40.3,50.2,-88,11.8
2026-02-13 03:02:12,Salón - Uma (E),61.8,Background Noise,56.5,56.5,55.6,0.0,96.5,3.5,0.0,53.7,56.1,58.4,-99,11.5
2026-02-13 03:02:14,Pasillo de Laboratorio (E),58.8,People,54.9,55.0,54.9,0.0,12.0,88.0,0.0,52.6,54.7,56.6,-99,10.8
2026-02-13 03:02:44,Salón - Extremo (E),52.1,Background Noise,44.2,44.2,40.6,0.0,99.9,0.1,0.0,40.1,40.4,50.1,-89,13.5
2026-02-13 03:03:51,Pasillo Administrativo (E),51.8,Background Noise,40.7,40.7,38.2,0.0,99.8,0.2,0.0,37.7,39.0,40.3,-102,11.3
2026-02-13 03:07:05,Pasillo de Salones (E),55.8,Background Noise,50.8,50.8,0.0,0.0,100.0,0.0,0.0,40.5,51.1,52.8,-91,13.3
2026-02-13 03:07:06,Main Lobby (E),51.2,People,43.5,43.6,43.2,40.0,90.4,9.5,0.1,40.1,40.3,50.1,-89,13.0
2026-02-13 03:07:13,Salón - Uma (E),61.6,Background Noise,56.5,56.5,56.9,0.0,96.3,3.7,0.0,53.7,56.1,58.5,-99,12.3
2026-02-13 03:07:14,Pasillo de Laboratorio (E),59.0,People,55.0,55.1,55.0,0.0,10.9,89.1,0.0,52.5,54.7,56.8,-100,11.8
2026-02-13 03:07:44,Salón - Extremo (E),54.6,Background Noise,45.9,45.9,50.1,0.0,99.4,0.6,0.0,40.1,40.5,50.7,-93,13.0
2026-02-13 03:08:52,Pasillo Administrativo (E),51.5,Background Noise,40.7,40.7,40.1,0.0,99.9,0.1,0.0,37.7,39.1,40.4,-101,11.3
2026-02-13 03:12:05,Pasillo de Salones (E),56.1,Background Noise,50.7,50.7,0.0,0.0,100.0,0.0,0.0,40.5,51.0,52.8,-93,13.5
2026-02-13 03:12:08,Main Lobby (E),50.8,Background Noise,44.4,44.4,50.8,0.0,99.9,0.1,0.0,40.0,40.4,50.3,-88,14.0
2026-02-13 03:12:13,Salón - Uma (E),61.6,Background Noise,56.4,56.4,56.1,0.0,96.3,3.7,0.0,53.7,56.0,58.4,-100,11.5
2026-02-13 03:12:14,Pasillo de Laboratorio (E),60.0,People,54.9,55.0,54.9,0.0,9.8,90.2,0.0,52.6,54.8,56.5,-100,12.0
2026-02-13 03:12:44,Salón - Extremo (E),58.1,People,46.8,46.3,54.5,0.0,98.1,1.9,0.0,40.1,40.6,50.6,-90,13.8
2026-02-13 03:13:52,Pasillo Administrativo (E),53.4,Background Noise,41.6,41.6,0.0,0.0,100.0,0.0,0.0,37.8,39.2,40.6,-103,10.8
2026-02-13 03:17:06,Pasillo de Salones (E),55.6,Background Noise,50.8,50.8,0.0,0.0,100.0,0.0,0.0,40.6,51.1,52.8,-91,13.5
2026-02-13 03:17:08,Main Lobby (E),51.6,Background Noise,44.5,44.5,45.2,0.0,99.5,0.5,0.0,40.1,40.3,50.2,-88,13.8
2026-02-13 03:17:13,Salón - Uma (E),62.2,Background Noise,56.5,56.5,55.8,0.0,97.0,3.0,0.0,53.7,56.0,58.5,-100,11.5
2026-02-13 03:17:14,Pasillo de Laboratorio (E),58.7,People,54.9,54.9,54.9,0.0,12.0,88.0,0.0,52.5,54.7,56.7,-100,11.8
2026-02-13 03:17:44,Salón - Extremo (E),58.8,People,47.2,46.3,53.9,0.0,94.9,5.1,0.0,40.1,40.6,51.2,-91,13.5
2026-02-13 03:18:52,Pasillo Administrativo (E),51.7,Background Noise,40.9,40.9,0.0,0.0,100.0,0.0,0.0,37.6,39.1,40.4,-102,9.8
2026-02-13 03:22:06,Pasillo de Salones (E),55.0,Background Noise,50.9,50.9,0.0,0.0,100.0,0.0,0.0,40.6,51.1,52.9,-91,11.3
2026-02-13 03:22:06,Main Lobby (E),52.7,People,44.1,44.1,43.2,0.0,96.2,3.8,0.0,40.1,40.3,50.3,-89,14.0
2026-02-13 03:22:13,Salón - Uma (E),62.2,Background Noise,56.4,56.4,56.0,0.0,96.7,3.2,0.0,53.6,56.0,58.5,-100,11.5
2026-02-13 03:22:14,Pasillo de Laboratorio (E),58.7,People,55.0,55.1,55.0,0.0,10.8,89.2,0.0,52.5,54.8,56.8,-99,12.3
2026-02-13 03:22:44,Salón - Extremo (E),57.1,Background Noise,48.7,47.9,53.9,0.0,92.7,7.2,0.0,40.1,40.8,52.6,-94,13.8
2026-02-13 03:23:52,Pasillo Administrativo (E),51.1,Background Noise,40.7,40.7,39.6,0.0,99.8,0.2,0.0,37.6,39.1,40.4,-102,10.5
2026-02-13 03:27:06,Pasillo de Salones (E),55.7,Background Noise,50.6,50.6,0.0,0.0,100.0,0.0,0.0,40.4,50.9,52.7,-91,14.0
2026-02-13 03:27:08,Main Lobby (E),50.9,Background Noise,43.3,43.4,40.5,0.0,97.5,2.5,0.0,40.1,40.4,50.0,-89,13.8
2026-02-13 03:27:13,Salón - Uma (E),61.4,Background Noise,56.3,56.4,56.2,0.0,96.0,4.0,0.0,53.6,56.0,58.4,-100,12.0
2026-02-13 03:27:14,Pasillo de Laboratorio (E),59.2,People,55.0,54.9,55.0,0.0,10.2,89.8,0.0,52.6,54.8,56.6,-98,10.5
2026-02-13 03:27:44,Salón - Extremo (E),55.4,Background Noise,46.6,46.4,51.8,0.0,97.8,2.2,0.0,40.1,40.5,50.8,-88,14.3
2026-02-13 03:28:52,Pasillo Administrativo (E),51.6,Background Noise,39.7,39.7,0.0,0.0,100.0,0.0,0.0,37.3,38.9,40.1,-102,11.0
2026-02-13 03:32:06,Pasillo de Salones (E),55.9,Background Noise,50.6,50.6,0.0,0.0,100.0,0.0,0.0,40.5,51.0,52.7,-93,13.5
2026-02-13 03:32:07,Main Lobby (E),51.6,Background Noise,44.1,44.0,47.0,0.0,97.4,2.6,0.0,40.1,40.4,50.1,-89,13.5
2026-02-13 03:32:13,Salón - Uma (E),61.2,Background Noise,56.5,56.5,56.1,0.0,95.1,4.9,0.0,53.7,56.1,58.4,-100,11.8
2026-02-13 03:32:15,Pasillo de Laboratorio (E),59.4,People,54.9,55.2,54.9,0.0,12.2,87.7,0.0,52.4,54.7,56.7,-98,12.3
2026-02-13 03:32:44,Salón - Extremo (E),51.2,Background Noise,43.5,43.5,0.0,0.0,100.0,0.0,0.0,40.1,40.4,50.0,-88,13.3
2026-02-13 03:33:52,Pasillo Administrativo (E),51.7,Background Noise,40.0,40.0,0.0,0.0,100.0,0.0,0.0,37.5,38.9,40.1,-103,10.8
2026-02-13 03:37:06,Pasillo de Salones (E),56.6,Background Noise,50.8,50.8,0.0,0.0,100.0,0.0,0.0,40.5,51.0,52.8,-91,13.5
2026-02-13 03:37:07,Main Lobby (E),50.8,Background Noise,43.1,43.1,44.7,0.0,99.6,0.4,0.0,40.0,40.5,41.0,-88,11.8
2026-02-13 03:37:13,Salón - Uma (E),61.9,Background Noise,56.5,56.5,56.2,0.0,96.2,3.8,0.0,53.7,56.1,58.6,-100,12.0
2026-02-13 03:37:15,Pasillo de Laboratorio (E),58.9,People,54.9,55.0,54.9,0.0,12.5,87.5,0.0,52.5,54.8,56.7,-99,12.3
2026-02-13 03:37:45,Salón - Extremo (E),51.5,Background Noise,45.1,45.1,0.0,0.0,100.0,0.0,0.0,40.0,40.5,50.3,-90,13.5
2026-02-13 03:38:52,Pasillo Administrativo (E),51.2,Background Noise,39.9,39.9,39.1,0.0,99.8,0.3,0.0,37.3,38.9,40.1,-102,11.0
2026-02-13 03:42:06,Pasillo de Salones (E),55.1,Background Noise,50.6,50.6,0.0,0.0,100.0,0.0,0.0,40.5,50.9,52.9,-91,13.5
2026-02-13 03:42:09,Main Lobby (E),50.4,Background Noise,43.9,44.0,42.9,40.4,97.3,2.7,0.1,40.1,40.4,50.0,-88,13.5
2026-02-13 03:42:13,Salón - Uma (E),61.4,Background Noise,56.5,56.5,56.5,0.0,96.9,3.1,0.0,53.7,56.1,58.5,-100,11.8
2026-02-13 03:42:15,Pasillo de Laboratorio (E),59.7,People,54.9,54.8,54.9,0.0,10.8,89.2,0.0,52.4,54.6,56.6,-100,12.3
2026-02-13 03:42:45,Salón - Extremo (E),51.5,Background Noise,45.3,45.3,0.0,0.0,100.0,0.0,0.0,40.1,40.5,50.5,-91,13.0
2026-02-13 03:43:52,Pasillo Administrativo (E),50.9,Background Noise,39.7,39.7,0.0,0.0,100.0,0.0,0.0,37.3,38.7,40.1,-103,10.5
2026-02-13 03:47:06,Pasillo de Salones (E),55.8,Background Noise,50.7,50.7,0.0,0.0,100.0,0.0,0.0,40.5,51.0,52.8,-90,13.8
2026-02-13 03:47:09,Main Lobby (E),51.9,Background Noise,43.4,43.4,44.3,40.6,97.3,2.7,0.1,40.0,40.4,50.1,-88,13.3
2026-02-13 03:47:14,Salón - Uma (E),61.8,Background Noise,56.5,56.5,56.3,0.0,96.3,3.7,0.0,53.7,56.1,58.4,-99,10.5
2026-02-13 03:47:15,Pasillo de Laboratorio (E),59.1,People,54.9,54.8,54.9,0.0,12.5,87.5,0.0,52.5,54.6,56.6,-99,12.0
2026-02-13 03:47:45,Salón - Extremo (E),52.0,Background Noise,45.7,45.7,0.0,0.0,100.0,0.0,0.0,40.1,40.5,50.5,-89,13.5
2026-02-13 03:48:53,Pasillo Administrativo (E),51.3,Background Noise,40.3,40.3,38.6,0.0,99.8,0.2,0.0,37.4,38.9,40.3,-102,11.3
2026-02-13 03:52:07,Pasillo de Salones (E),62.7,Background Noise,51.2,51.2,0.0,0.0,100.0,0.0,0.0,40.5,51.0,53.3,-91,13.5
2026-02-13 03:52:07,Main Lobby (E),54.3,People,44.9,44.8,53.3,0.0,99.8,0.2,0.0,40.0,40.4,50.3,-89,14.0
2026-02-13 03:52:14,Salón - Uma (E),62.3,Background Noise,56.6,56.6,55.9,0.0,96.2,3.7,0.0,53.7,56.1,58.6,-102,11.5
2026-02-13 03:52:16,Pasillo de Laboratorio (E),65.0,People,55.3,55.1,55.3,0.0,11.2,88.8,0.0,52.5,54.8,57.1,-99,11.8
2026-02-13 03:52:45,Salón - Extremo (E),55.6,Background Noise,46.5,46.5,0.0,0.0,100.0,0.0,0.0,40.1,40.4,50.7,-88,14.0
2026-02-13 03:53:53,Pasillo Administrativo (E),51.9,Background Noise,41.5,41.5,0.0,0.0,100.0,0.0,0.0,37.8,39.2,40.6,-103,10.5
2026-02-13 03:57:07,Pasillo de Salones (E),58.3,Background Noise,53.8,53.8,0.0,0.0,100.0,0.0,0.0,51.3,53.5,55.6,-91,13.3
2026-02-13 03:57:09,Main Lobby (E),53.3,Background Noise,46.8,46.8,48.0,0.0,99.8,0.2,0.0,40.1,40.7,50.9,-89,13.3
2026-02-13 03:57:14,Salón - Uma (E),62.9,Background Noise,57.6,57.6,57.3,0.0,96.3,3.7,0.0,54.8,57.2,59.7,-101,11.5
2026-02-13 03:57:15,Pasillo de Laboratorio (E),62.2,People,57.0,56.9,57.0,0.0,4.2,95.8,0.0,54.7,56.7,58.7,-100,12.0
2026-02-13 03:57:45,Salón - Extremo (E),53.1,Background Noise,46.1,46.1,0.0,0.0,100.0,0.0,0.0,40.1,40.7,50.8,-91,11.5
2026-02-13 03:58:53,Pasillo Administrativo (E),52.1,Background Noise,42.3,42.3,39.1,0.0,99.9,0.1,0.0,37.7,39.2,40.9,-102,9.5
2026-02-13 04:02:07,Pasillo de Salones (E),58.0,Background Noise,53.7,53.7,0.0,0.0,100.0,0.0,0.0,51.4,53.5,55.5,-91,10.8
2026-02-13 04:02:07,Main Lobby (E),52.5,Background Noise,46.7,46.7,0.0,0.0,100.0,0.0,0.0,40.1,40.7,50.8,-88,14.0
2026-02-13 04:02:14,Salón - Uma (E),62.8,Background Noise,57.6,57.6,57.8,0.0,95.9,4.1,0.0,54.7,57.1,59.8,-100,12.0
2026-02-13 04:02:15,Pasillo de Laboratorio (E),61.0,People,57.0,56.8,57.0,0.0,3.2,96.7,0.0,54.6,56.8,58.8,-100,12.0
2026-02-13 04:02:45,Salón - Extremo (E),67.0,Background Noise,47.0,46.8,53.1,0.0,98.6,1.4,0.0,40.1,40.6,50.7,-88,14.0
2026-02-13 04:03:53,Pasillo Administrativo (E),51.9,Background Noise,42.2,42.2,40.0,0.0,99.9,0.1,0.0,37.7,39.2,40.8,-102,11.3
2026-02-13 04:07:07,Pasillo de Salones (E),58.9,Background Noise,53.7,53.7,0.0,0.0,100.0,0.0,0.0,51.4,53.5,55.4,-93,13.3
2026-02-13 04:07:08,Main Lobby (E),54.3,Background Noise,47.0,47.0,49.0,0.0,99.4,0.6,0.0,40.1,40.7,50.8,-89,13.8
2026-02-13 04:07:14,Salón - Uma (E),62.9,Background Noise,57.5,57.5,56.9,0.0,96.3,3.7,0.0,54.6,57.1,59.5,-102,11.0
2026-02-13 04:07:15,Pasillo de Laboratorio (E),60.7,People,57.0,57.0,57.0,0.0,8.6,91.4,0.0,54.7,56.7,58.7,-88,14.0
2026-02-13 04:07:45,Salón - Extremo (E),52.6,Background Noise,46.9,46.9,0.0,0.0,100.0,0.0,0.0,40.1,40.7,50.6,-90,14.0
2026-02-13 04:08:53,Pasillo Administrativo (E),52.2,Background Noise,41.8,41.8,0.0,0.0,100.0,0.0,0.0,37.7,39.2,40.8,-102,10.8
2026-02-13 04:12:07,Pasillo de Salones (E),58.2,Background Noise,53.6,53.6,0.0,0.0,100.0,0.0,0.0,51.2,53.4,55.4,-92,13.8
2026-02-13 04:12:08,Main Lobby (E),56.3,People,48.5,48.5,52.8,0.0,99.3,0.7,0.0,40.2,50.1,51.3,-89,14.0
2026-02-13 04:12:14,Salón - Uma (E),63.2,Background Noise,57.5,57.5,57.5,0.0,96.7,3.2,0.0,54.6,57.0,59.5,-102,9.5
2026-02-13 04:12:16,Pasillo de Laboratorio (E),62.0,People,56.9,56.5,56.9,0.0,2.2,97.8,0.0,54.5,56.6,58.6,-88,11.8
2026-02-13 04:12:45,Salón - Extremo (E),52.1,Background Noise,46.2,46.2,0.0,0.0,100.0,0.0,0.0,40.1,40.5,50.7,-94,13.3
2026-02-13 04:13:53,Pasillo Administrativo (E),52.0,Background Noise,42.4,42.4,39.8,0.0,99.9,0.1,0.0,37.7,39.3,40.9,-102,11.3
2026-02-13 04:17:07,Pasillo de Salones (E),58.1,Background Noise,53.4,53.4,0.0,0.0,100.0,0.0,0.0,51.0,53.1,55.2,-91,13.5
2026-02-13 04:17:08,Main Lobby (E),53.8,Background Noise,48.6,48.6,49.9,0.0,99.2,0.8,0.0,40.2,50.1,51.3,-89,13.5
2026-02-13 04:17:14,Salón - Uma (E),63.0,Background Noise,57.3,57.2,58.0,0.0,97.4,2.6,0.0,54.5,56.9,59.3,-100,11.8
2026-02-13 04:17:16,Pasillo de Laboratorio (E),60.7,People,57.0,56.8,57.0,0.0,3.5,96.5,0.0,54.6,56.7,58.8,-88,14.3
2026-02-13 04:17:46,Salón - Extremo (E),52.3,Background Noise,45.8,45.8,0.0,0.0,100.0,0.0,0.0,40.1,40.6,50.6,-90,13.5
2026-02-13 04:18:53,Pasillo Administrativo (E),52.6,Background Noise,42.9,42.9,0.0,0.0,100.0,0.0,0.0,38.0,39.4,50.0,-102,10.8
2026-02-13 04:22:07,Pasillo de Salones (E),57.7,Background Noise,53.2,53.2,50.1,0.0,99.9,0.1,0.0,51.0,53.0,55.0,-91,13.3
2026-02-13 04:22:10,Main Lobby (E),53.3,Background Noise,47.3,47.3,47.5,0.0,99.8,0.2,0.0,40.1,40.8,51.0,-88,11.8
2026-02-13 04:22:14,Salón - Uma (E),63.6,Background Noise,57.1,57.1,57.0,0.0,96.2,3.7,0.0,54.3,56.7,59.1,-99,7.3
2026-02-13 04:22:16,Pasillo de Laboratorio (E),63.0,Background Noise,57.0,57.4,56.9,0.0,4.5,95.5,0.0,54.6,56.7,58.6,-100,12.0
2026-02-13 04:22:46,Salón - Extremo (E),52.4,Background Noise,45.5,45.5,0.0,0.0,100.0,0.0,0.0,40.0,40.6,50.6,-89,13.5
2026-02-13 04:23:53,Pasillo Administrativo (E),52.0,Background Noise,42.6,42.6,0.0,0.0,100.0,0.0,0.0,37.8,39.3,41.0,-102,10.5
2026-02-13 04:27:07,Pasillo de Salones (E),57.2,Background Noise,53.3,53.3,0.0,0.0,100.0,0.0,0.0,51.1,53.0,55.1,-91,14.0
2026-02-13 04:27:10,Main Lobby (E),53.9,Background Noise,47.5,47.5,49.6,0.0,99.4,0.6,0.0,40.1,40.8,51.2,-88,13.8
2026-02-13 04:27:15,Salón - Uma (E),62.6,Background Noise,57.3,57.3,56.8,0.0,96.6,3.4,0.0,54.4,56.9,59.3,-101,11.8
2026-02-13 04:27:16,Pasillo de Laboratorio (E),61.4,People,56.9,56.5,56.9,0.0,4.9,95.1,0.0,54.5,56.5,58.7,-99,10.0
2026-02-13 04:27:46,Salón - Extremo (E),52.4,Background Noise,45.1,45.1,0.0,0.0,100.0,0.0,0.0,40.1,40.5,50.4,-91,14.0
2026-02-13 04:28:54,Pasillo Administrativo (E),52.2,Background Noise,42.5,42.5,38.2,0.0,99.8,0.2,0.0,37.8,39.2,40.8,-102,11.3
2026-02-13 04:32:07,Pasillo de Salones (E),58.0,Background Noise,53.5,53.5,0.0,0.0,100.0,0.0,0.0,51.3,53.3,55.1,-91,13.5
2026-02-13 04:32:08,Main Lobby (E),61.3,People,50.4,49.9,52.1,0.0,82.5,17.5,0.0,40.4,50.7,52.5,-88,13.3
2026-02-13 04:32:15,Salón - Uma (E),62.5,Background Noise,57.3,57.3,57.5,0.0,96.8,3.2,0.0,54.4,56.9,59.4,-101,12.0
2026-02-13 04:32:16,Pasillo de Laboratorio (E),61.7,People,56.9,56.6,56.9,0.0,3.7,96.2,0.0,54.5,56.6,58.8,-98,12.3
2026-02-13 04:32:46,Salón - Extremo (E),51.6,Background Noise,45.7,45.7,0.0,0.0,100.0,0.0,0.0,40.1,40.5,50.6,-93,11.3
2026-02-13 04:33:54,Pasillo Administrativo (E),52.7,Background Noise,41.8,41.8,0.0,0.0,100.0,0.0,0.0,37.7,39.2,40.7,-102,10.5
2026-02-13 04:37:08,Pasillo de Salones (E),57.7,Background Noise,53.3,53.3,53.6,0.0,99.6,0.4,0.0,51.1,53.1,54.9,-91,14.0
2026-02-13 04:37:08,Main Lobby (E),65.3,People,52.3,49.4,53.7,57.8,44.1,55.6,0.3,40.5,51.2,54.7,-88,13.5
2026-02-13 04:37:15,Salón - Uma (E),62.7,People,57.3,57.2,57.5,0.0,97.0,3.0,0.0,54.5,56.9,59.1,-101,11.8
2026-02-13 04:37:16,Pasillo de Laboratorio (E),61.1,People,56.9,56.7,56.9,0.0,4.2,95.8,0.0,54.5,56.6,58.7,-99,12.0
2026-02-13 04:37:46,Salón - Extremo (E),52.4,Background Noise,45.1,45.1,0.0,0.0,100.0,0.0,0.0,40.1,40.5,50.4,-95,13.8
2026-02-13 04:38:54,Pasillo Administrativo (E),52.2,Background Noise,41.7,41.6,50.1,36.8,99.8,0.1,0.1,37.7,39.2,40.6,-102,11.5
2026-02-13 04:42:08,Pasillo de Salones (E),57.3,Background Noise,53.1,53.1,0.0,0.0,100.0,0.0,0.0,51.0,52.9,54.7,-91,13.5
2026-02-13 04:42:08,Main Lobby (E),61.0,Background Noise,50.7,50.5,51.8,51.2,90.1,9.7,0.2,40.5,50.9,52.4,-88,13.8
2026-02-13 04:42:15,Salón - Uma (E),62.4,Background Noise,57.1,57.1,56.8,0.0,95.4,4.6,0.0,54.2,56.7,59.1,-100,9.8
2026-02-13 04:42:16,Pasillo de Laboratorio (E),61.1,People,56.9,56.9,56.9,0.0,3.4,96.6,0.0,54.5,56.7,58.7,-98,10.5
2026-02-13 04:42:46,Salón - Extremo (E),52.5,Background Noise,46.4,46.4,0.0,0.0,100.0,0.0,0.0,40.1,40.6,50.6,-88,13.8
2026-02-13 04:43:54,Pasillo Administrativo (E),52.1,Background Noise,42.0,42.0,0.0,0.0,100.0,0.0,0.0,37.7,39.2,40.7,-102,11.3
2026-02-13 04:47:08,Pasillo de Salones (E),57.5,Background Noise,52.9,52.9,0.0,0.0,100.0,0.0,0.0,50.8,52.7,54.6,-92,13.8
2026-02-13 04:47:09,Main Lobby (E),63.9,People,49.9,49.7,52.1,53.9,93.2,6.6,0.3,40.4,50.5,51.9,-88,14.0
2026-02-13 04:47:15,Salón - Uma (E),61.9,Background Noise,57.0,57.0,56.3,0.0,96.5,3.5,0.0,54.3,56.6,58.9,-101,12.0
2026-02-13 04:47:16,Pasillo de Laboratorio (E),60.8,People,56.9,57.1,56.8,0.0,2.6,97.4,0.0,54.5,56.6,58.7,-99,12.0
2026-02-13 04:47:46,Salón - Extremo (E),52.6,Background Noise,45.5,45.5,0.0,0.0,100.0,0.0,0.0,40.1,40.5,50.5,-93,13.5
2026-02-13 04:48:54,Pasillo Administrativo (E),52.7,Background Noise,42.4,42.4,41.0,0.0,99.9,0.1,0.0,37.8,39.2,40.8,-102,10.8
2026-02-13 04:52:08,Pasillo de Salones (E),56.9,Background Noise,52.7,52.7,0.0,0.0,100.0,0.0,0.0,50.7,52.5,54.5,-93,13.3
2026-02-13 04:52:11,Main Lobby (E),57.9,People,48.1,47.6,49.9,48.8,83.6,16.2,0.2,40.1,40.9,51.4,-89,13.0
2026-02-13 04:52:15,Salón - Uma (E),62.0,Background Noise,57.0,57.0,56.9,0.0,96.4,3.6,0.0,54.2,56.7,59.1,-100,12.0
2026-02-13 04:52:17,Pasillo de Laboratorio (E),61.7,People,56.9,56.8,56.9,57.3,6.3,93.6,0.1,54.5,56.6,58.7,-99,12.3
2026-02-13 04:52:46,Salón - Extremo (E),52.0,Background Noise,45.7,45.7,0.0,0.0,100.0,0.0,0.0,40.1,40.5,50.5,-88,13.5
2026-02-13 04:53:54,Pasillo Administrativo (E),52.1,Background Noise,42.1,42.1,0.0,0.0,100.0,0.0,0.0,37.8,39.2,40.7,-102,11.0
2026-02-13 04:57:08,Pasillo de Salones (E),56.7,Background Noise,52.8,52.8,0.0,0.0,100.0,0.0,0.0,50.6,52.6,54.5,-80,13.8
2026-02-13 04:57:11,Main Lobby (E),67.2,People,48.5,46.7,51.4,0.0,73.6,26.4,0.0,40.1,40.8,51.5,-89,13.5
2026-02-13 04:57:15,Salón - Uma (E),62.6,Background Noise,56.9,56.9,56.6,0.0,96.7,3.3,0.0,54.3,56.6,58.9,-102,10.5
2026-02-13 04:57:17,Pasillo de Laboratorio (E),69.8,People,57.3,58.4,57.1,60.1,10.2,89.1,0.7,54.6,56.8,59.0,-99,12.5
2026-02-13 04:57:47,Salón - Extremo (E),68.9,People,48.2,47.3,61.9,52.3,99.0,0.8,0.2,40.1,40.7,50.9,-85,13.0
2026-02-13 04:58:55,Pasillo Administrativo (E),52.3,Background Noise,41.9,41.9,37.6,0.0,99.8,0.2,0.0,37.7,39.2,40.7,-103,10.8
2026-02-13 05:02:08,Pasillo de Salones (E),57.1,Background Noise,52.6,52.6,0.0,0.0,100.0,0.0,0.0,50.7,52.4,54.2,-81,13.8
2026-02-13 05:02:09,Main Lobby (E),71.2,Background Noise,49.5,47.6,52.9,40.3,76.6,23.2,0.2,40.1,40.7,51.2,-88,13.5
2026-02-13 05:02:15,Salón - Uma (E),62.3,Background Noise,57.0,57.0,56.5,0.0,96.6,3.4,0.0,54.1,56.6,59.0,-100,12.3
2026-02-13 05:02:17,Pasillo de Laboratorio (E),64.3,Background Noise,57.0,57.3,57.0,58.0,24.0,75.5,0.5,54.4,56.8,58.8,-98,12.0
2026-02-13 05:02:47,Salón - Extremo (E),59.8,People,45.8,45.7,53.5,0.0,99.5,0.5,0.0,40.1,40.5,50.6,-83,9.5
2026-02-13 05:03:54,Pasillo Administrativo (E),52.4,Background Noise,42.6,42.6,0.0,0.0,100.0,0.0,0.0,37.8,39.2,40.9,-102,9.5
2026-02-13 05:07:08,Pasillo de Salones (E),57.5,Background Noise,52.5,52.5,0.0,0.0,100.0,0.0,0.0,50.5,52.4,54.2,-81,13.5
2026-02-13 05:07:09,Main Lobby (E),54.0,People,46.6,46.5,47.8,0.0,88.8,11.2,0.0,40.1,40.7,50.8,-88,11.5
2026-02-13 05:07:16,Salón - Uma (E),61.7,Background Noise,56.8,56.8,56.7,0.0,96.6,3.4,0.0,54.3,56.4,58.7,-91,11.3
2026-02-13 05:07:17,Pasillo de Laboratorio (E),61.1,People,56.9,57.1,56.9,0.0,3.3,96.7,0.0,54.5,56.6,58.7,-99,12.3
2026-02-13 05:07:47,Salón - Extremo (E),52.4,Background Noise,46.1,46.1,0.0,0.0,100.0,0.0,0.0,40.1,40.5,50.8,-80,13.5
2026-02-13 05:08:57,Pasillo Administrativo (E),52.5,Background Noise,42.2,42.2,0.0,0.0,100.0,0.0,0.0,37.7,39.2,40.9,-101,10.3
2026-02-13 05:12:08,Pasillo de Salones (E),57.4,Background Noise,52.7,52.7,52.2,0.0,99.8,0.2,0.0,50.6,52.5,54.4,-81,14.0
2026-02-13 05:12:09,Main Lobby (E),70.0,People,55.3,49.0,57.4,53.5,45.1,54.5,0.3,40.3,50.5,59.2,-88,13.5
2026-02-13 05:12:16,Salón - Uma (E),61.7,Background Noise,56.9,56.9,56.5,0.0,96.3,3.7,0.0,54.2,56.5,59.0,-89,13.8
2026-02-13 05:12:17,Pasillo de Laboratorio (E),62.0,People,56.9,56.7,56.9,0.0,4.1,95.9,0.0,54.5,56.6,58.7,-98,13.0
2026-02-13 05:12:47,Salón - Extremo (E),63.9,Background Noise,46.3,46.3,50.4,0.0,99.5,0.5,0.0,40.1,40.5,50.6,-79,12.3
2026-02-13 05:17:09,Pasillo de Salones (E),56.2,Background Noise,52.5,52.5,53.9,0.0,99.5,0.5,0.0,50.5,52.4,54.3,-80,11.8
2026-02-13 05:17:09,Main Lobby (E),65.6,People,50.1,49.2,50.6,47.3,39.7,58.3,2.0,40.3,50.4,52.0,-89,14.0
2026-02-13 05:17:16,Salón - Uma (E),62.2,Background Noise,56.9,56.9,57.1,0.0,96.8,3.2,0.0,54.0,56.5,58.9,-90,13.0
2026-02-13 05:17:17,Pasillo de Laboratorio (E),60.8,People,56.9,56.9,56.9,0.0,3.3,96.7,0.0,54.5,56.6,58.7,-98,12.5
2026-02-13 05:17:47,Salón - Extremo (E),63.6,Background Noise,46.3,46.2,51.1,0.0,99.1,0.9,0.0,40.1,40.6,50.4,-80,13.8
2026-02-13 05:18:55,Pasillo Administrativo (E),51.8,Background Noise,41.7,41.7,0.0,0.0,100.0,0.0,0.0,37.6,39.1,40.6,-101,11.5
2026-02-13 05:22:09,Pasillo de Salones (E),56.7,Background Noise,52.5,52.5,0.0,0.0,100.0,0.0,0.0,50.5,52.3,54.2,-80,11.5
2026-02-13 05:22:09,Main Lobby (E),60.6,People,50.3,50.1,50.4,56.2,45.9,54.0,0.2,40.4,50.6,52.1,-88,13.5
2026-02-13 05:22:16,Salón - Uma (E),62.4,Background Noise,56.9,57.0,56.1,0.0,97.3,2.7,0.0,54.2,56.6,58.9,-90,11.8
2026-02-13 05:22:17,Pasillo de Laboratorio (E),62.8,People,56.9,57.2,56.9,0.0,2.7,97.3,0.0,54.5,56.6,58.7,-98,12.3
2026-02-13 05:22:47,Salón - Extremo (E),61.1,People,47.1,47.0,55.4,0.0,99.6,0.4,0.0,40.1,40.6,50.9,-84,13.8
2026-02-13 05:23:55,Pasillo Administrativo (E),52.3,Background Noise,41.9,41.9,0.0,0.0,100.0,0.0,0.0,37.8,39.3,40.8,-103,11.0
2026-02-13 05:27:09,Pasillo de Salones (E),56.6,Background Noise,52.4,52.5,50.0,0.0,99.9,0.1,0.0,50.4,52.4,54.1,-79,14.3
2026-02-13 05:27:10,Main Lobby (E),58.1,Background Noise,48.8,47.7,49.7,46.1,48.0,51.2,0.8,40.2,41.0,51.9,-89,13.8
2026-02-13 05:27:16,Salón - Uma (E),62.5,Background Noise,56.8,56.8,56.6,0.0,95.0,5.0,0.0,54.2,56.4,58.7,-91,13.5
2026-02-13 05:27:17,Pasillo de Laboratorio (E),60.8,People,57.1,56.1,57.1,0.0,3.2,96.8,0.0,54.7,56.9,58.7,-98,12.5
2026-02-13 05:27:47,Salón - Extremo (E),52.5,Background Noise,46.8,46.8,0.0,0.0,100.0,0.0,0.0,40.2,40.6,51.1,-78,13.5
2026-02-13 05:28:55,Pasillo Administrativo (E),51.8,Background Noise,42.1,42.1,0.0,0.0,100.0,0.0,0.0,37.8,39.3,40.8,-103,10.5
2026-02-13 05:32:09,Pasillo de Salones (E),57.1,Background Noise,52.5,52.5,0.0,0.0,100.0,0.0,0.0,50.5,52.4,54.3,-81,13.8
2026-02-13 05:32:10,Main Lobby (E),58.7,Background Noise,49.8,48.1,50.6,0.0,37.9,62.1,0.0,40.3,50.3,52.6,-87,11.5
2026-02-13 05:32:16,Salón - Uma (E),62.4,Background Noise,56.9,56.9,56.5,0.0,94.9,5.1,0.0,54.2,56.5,58.8,-89,14.0
2026-02-13 05:32:18,Pasillo de Laboratorio (E),61.4,People,57.1,57.4,57.1,0.0,3.4,96.6,0.0,54.8,56.8,58.8,-99,11.8
2026-02-13 05:32:47,Salón - Extremo (E),61.7,Background Noise,46.6,46.6,53.2,0.0,99.6,0.4,0.0,40.1,40.6,50.6,-78,13.3
2026-02-13 05:33:55,Pasillo Administrativo (E),52.2,Background Noise,42.9,42.9,0.0,0.0,100.0,0.0,0.0,37.9,39.3,50.0,-91,12.3
2026-02-13 05:37:09,Pasillo de Salones (E),56.7,Background Noise,52.5,52.5,0.0,0.0,100.0,0.0,0.0,50.4,52.3,54.2,-81,13.8
2026-02-13 05:37:12,Main Lobby (E),65.3,People,50.9,49.2,51.8,53.0,38.7,61.0,0.3,40.3,50.5,52.9,-88,14.0
2026-02-13 05:37:16,Salón - Uma (E),63.4,Background Noise,56.6,56.6,56.1,0.0,95.8,4.2,0.0,53.9,56.3,58.4,-89,13.8
2026-02-13 05:37:18,Pasillo de Laboratorio (E),65.1,People,57.9,57.3,57.9,0.0,9.8,90.2,0.0,55.3,57.6,59.7,-98,12.0
2026-02-13 05:37:48,Salón - Extremo (E),60.1,Background Noise,46.3,46.3,52.9,0.0,99.6,0.4,0.0,40.1,40.5,50.8,-85,13.0
2026-02-13 05:38:55,Pasillo Administrativo (E),52.1,Background Noise,41.9,41.9,0.0,0.0,100.0,0.0,0.0,37.7,39.2,40.7,-92,13.8
2026-02-13 05:42:09,Pasillo de Salones (E),57.2,Background Noise,52.5,52.4,53.4,52.7,97.5,2.4,0.1,50.4,52.3,54.3,-80,13.5
2026-02-13 05:42:10,Main Lobby (E),62.8,People,50.5,49.2,52.9,50.1,74.7,25.1,0.2,40.3,50.5,53.0,-89,14.0
2026-02-13 05:42:16,Salón - Uma (E),62.9,Background Noise,56.5,56.5,56.5,0.0,96.2,3.8,0.0,53.8,56.2,58.4,-89,14.3
2026-02-13 05:42:18,Pasillo de Laboratorio (E),69.8,Background Noise,58.5,59.3,58.5,61.2,4.6,95.3,0.1,55.6,57.8,60.4,-98,10.8
2026-02-13 05:42:48,Salón - Extremo (E),63.4,Background Noise,47.4,47.3,54.1,0.0,99.3,0.7,0.0,40.1,40.7,50.9,-82,11.8
2026-02-13 05:43:55,Pasillo Administrativo (E),52.0,Background Noise,42.4,42.4,0.0,0.0,100.0,0.0,0.0,37.8,39.3,40.8,-91,13.5
2026-02-13 05:47:09,Pasillo de Salones (E),56.7,Background Noise,52.5,52.5,53.4,0.0,99.5,0.5,0.0,50.3,52.4,54.3,-80,13.8
2026-02-13 05:47:10,Main Lobby (E),70.2,People,54.5,51.0,57.0,57.9,59.1,40.8,0.2,40.4,51.4,57.4,-88,13.8
2026-02-13 05:47:17,Salón - Uma (E),61.2,Background Noise,56.4,56.4,56.3,0.0,97.2,2.8,0.0,53.8,56.0,58.3,-91,11.3
2026-02-13 05:47:18,Pasillo de Laboratorio (E),65.4,People,58.5,58.0,58.5,0.0,2.7,97.3,0.0,55.8,58.1,60.4,-98,12.3
2026-02-13 05:47:48,Salón - Extremo (E),55.0,Background Noise,47.0,47.0,40.1,0.0,99.9,0.1,0.0,40.1,40.7,51.0,-80,14.0
2026-02-13 05:48:56,Pasillo Administrativo (E),59.4,Background Noise,44.8,44.7,55.0,51.5,99.6,0.2,0.3,37.9,39.4,50.4,-91,13.8
2026-02-13 05:52:10,Pasillo de Salones (E),57.2,Background Noise,52.5,52.5,40.2,0.0,99.9,0.1,0.0,50.4,52.4,54.3,-80,14.0
2026-02-13 05:52:10,Main Lobby (E),72.6,People,54.6,51.0,59.5,55.0,78.4,21.1,0.4,40.4,51.0,55.5,-88,13.0
2026-02-13 05:52:17,Salón - Uma (E),62.3,Background Noise,56.4,56.5,55.0,0.0,98.3,1.7,0.0,53.8,56.1,58.4,-90,13.8
2026-02-13 05:52:18,Pasillo de Laboratorio (E),73.9,People,58.4,58.1,58.4,60.7,6.5,93.4,0.1,55.6,57.8,60.0,-98,12.8
2026-02-13 05:52:48,Salón - Extremo (E),59.7,Background Noise,44.9,44.9,0.0,50.8,99.8,0.0,0.2,40.1,40.4,50.4,-80,13.8
2026-02-13 05:53:56,Pasillo Administrativo (E),65.5,Background Noise,54.6,54.3,55.7,54.8,76.1,19.1,4.8,51.5,53.6,56.0,-91,11.5
2026-02-13 05:57:10,Pasillo de Salones (E),64.2,People,52.7,52.7,57.2,0.0,99.3,0.7,0.0,50.5,52.5,54.5,-82,14.0
2026-02-13 05:57:10,Main Lobby (E),67.4,Background Noise,55.2,52.6,56.7,58.3,47.4,51.9,0.7,50.0,52.6,58.7,-88,14.0
2026-02-13 05:57:17,Salón - Uma (E),61.7,Background Noise,56.5,56.5,56.7,0.0,97.5,2.5,0.0,53.7,56.1,58.5,-90,13.3
2026-02-13 05:57:18,Pasillo de Laboratorio (E),68.0,People,58.8,58.5,58.8,59.5,4.2,95.6,0.2,56.0,58.2,60.6,-99,12.3
2026-02-13 05:57:48,Salón - Extremo (E),56.8,Background Noise,45.7,45.7,51.8,0.0,99.8,0.2,0.0,40.1,40.6,50.6,-78,14.0
2026-02-13 05:58:56,Pasillo Administrativo (E),58.3,Background Noise,53.4,53.0,54.6,54.8,78.4,15.8,5.7,50.9,53.0,55.5,-91,13.0
2026-02-13 06:02:10,Pasillo de Salones (E),57.3,Background Noise,52.8,52.8,0.0,54.0,99.9,0.0,0.1,50.6,52.6,54.6,-79,14.0
2026-02-13 06:02:10,Main Lobby (E),76.9,Background Noise,55.6,55.0,55.6,65.3,42.2,57.2,0.6,50.2,52.5,57.2,-88,14.0
2026-02-13 06:02:17,Salón - Uma (E),61.9,Background Noise,56.7,56.7,56.9,0.0,98.5,1.5,0.0,53.8,56.3,58.8,-89,14.0
2026-02-13 06:02:18,Pasillo de Laboratorio (E),67.0,People,58.2,58.6,58.2,0.0,6.2,93.7,0.0,55.5,57.7,60.0,-98,12.3
2026-02-13 06:02:48,Salón - Extremo (E),60.2,Background Noise,46.1,46.1,0.0,0.0,100.0,0.0,0.0,40.1,40.5,50.5,-83,13.5
2026-02-13 06:03:56,Pasillo Administrativo (E),57.3,People,53.5,53.1,54.7,54.8,77.9,17.9,4.2,50.8,53.3,55.5,-91,11.5
2026-02-13 06:07:10,Pasillo de Salones (E),58.3,Background Noise,53.0,53.0,53.8,0.0,99.8,0.2,0.0,50.6,52.8,54.9,-80,14.0
2026-02-13 06:07:13,Main Lobby (E),70.1,People,55.4,53.9,55.8,56.8,25.0,74.3,0.7,51.1,53.1,57.9,-89,13.0
2026-02-13 06:07:17,Salón - Uma (E),63.3,People,56.8,56.8,57.2,0.0,97.8,2.2,0.0,53.9,56.4,58.8,-91,11.8
2026-02-13 06:07:18,Pasillo de Laboratorio (E),69.7,People,58.5,59.2,58.4,0.0,2.8,97.2,0.0,55.7,58.2,60.2,-98,11.0
2026-02-13 06:07:48,Salón - Extremo (E),60.5,Background Noise,46.5,46.5,0.0,0.0,100.0,0.0,0.0,40.1,40.7,50.7,-81,11.3
2026-02-13 06:08:56,Pasillo Administrativo (E),58.2,People,53.8,53.3,54.9,54.8,77.1,19.1,3.8,50.8,53.5,55.9,-92,13.5
2026-02-13 06:12:10,Pasillo de Salones (E),57.7,Background Noise,53.4,53.4,0.0,0.0,100.0,0.0,0.0,50.9,53.1,55.2,-80,13.8
2026-02-13 06:12:11,Main Lobby (E),68.6,Background Noise,52.5,51.7,52.7,56.0,31.2,68.7,0.2,40.9,51.6,54.2,-88,14.0
2026-02-13 06:12:17,Salón - Uma (E),63.8,Background Noise,57.2,57.2,56.9,0.0,97.7,2.3,0.0,54.2,56.8,59.2,-90,13.5
2026-02-13 06:12:19,Pasillo de Laboratorio (E),70.3,People,58.4,58.4,58.4,59.5,7.9,91.8,0.3,55.6,57.9,60.1,-98,12.8
2026-02-13 06:12:49,Salón - Extremo (E),60.0,Background Noise,47.3,47.3,0.0,0.0,100.0,0.0,0.0,40.1,40.7,50.9,-80,13.8
2026-02-13 06:13:56,Pasillo Administrativo (E),57.7,Background Noise,53.7,53.4,55.0,55.2,81.9,15.1,3.0,50.7,53.4,55.8,-93,12.3
2026-02-13 06:17:10,Pasillo de Salones (E),58.0,Background Noise,53.5,53.5,0.0,0.0,100.0,0.0,0.0,51.0,53.3,55.5,-82,14.3
2026-02-13 06:17:11,Main Lobby (E),75.8,People,56.7,51.9,57.5,55.2,24.6,74.5,0.9,41.0,52.4,59.2,-88,13.8
2026-02-13 06:17:17,Salón - Uma (E),64.7,Background Noise,57.2,57.3,56.7,0.0,97.5,2.5,0.0,54.4,56.8,59.3,-90,13.0
2026-02-13 06:17:19,Pasillo de Laboratorio (E),64.8,People,58.2,58.0,58.2,56.8,14.2,85.7,0.1,55.6,57.9,60.0,-98,12.5
2026-02-13 06:17:49,Salón - Extremo (E),60.8,Background Noise,46.6,46.6,0.0,0.0,100.0,0.0,0.0,40.1,40.6,50.8,-77,14.0
2026-02-13 06:18:56,Pasillo Administrativo (E),57.6,Background Noise,53.6,53.4,54.8,54.6,83.1,13.4,3.5,50.7,53.4,55.7,-92,13.3
2026-02-13 06:22:10,Pasillo de Salones (E),62.9,People,53.8,53.8,55.8,56.2,97.1,2.7,0.2,51.1,53.5,55.8,-80,13.8
2026-02-13 06:22:11,Main Lobby (E),71.5,People,54.1,51.6,54.6,52.5,20.1,79.7,0.3,40.9,51.8,55.3,-88,11.5
2026-02-13 06:22:17,Salón - Uma (E),63.3,Background Noise,57.5,57.5,57.1,0.0,97.7,2.3,0.0,54.6,57.0,59.6,-89,14.0
2026-02-13 06:22:19,Pasillo de Laboratorio (E),68.5,Vehicle,57.9,57.6,57.9,63.9,24.3,75.0,0.8,55.3,57.5,59.5,-99,12.0
2026-02-13 06:22:49,Salón - Extremo (E),52.8,Background Noise,46.4,46.4,0.0,0.0,100.0,0.0,0.0,40.1,40.6,50.7,-82,14.5
2026-02-13 06:23:56,Pasillo Administrativo (E),60.0,Background Noise,53.8,53.6,54.9,55.0,85.3,13.1,1.7,50.7,53.6,55.9,-92,13.8
2026-02-13 06:27:10,Pasillo de Salones (E),59.0,Background Noise,53.6,53.6,0.0,0.0,100.0,0.0,0.0,51.1,53.4,55.5,-81,13.5
2026-02-13 06:27:11,Main Lobby (E),71.2,People,54.7,56.3,54.5,60.5,8.1,91.7,0.2,50.7,52.4,56.1,-88,13.3
2026-02-13 06:27:18,Salón - Uma (E),64.5,Background Noise,57.5,57.5,56.8,0.0,97.1,2.9,0.0,54.5,57.0,59.6,-90,13.3
2026-02-13 06:27:20,Pasillo de Laboratorio (E),68.8,Background Noise,57.9,57.8,57.9,62.1,34.7,64.9,0.3,55.3,57.5,59.6,-99,11.8
2026-02-13 06:27:49,Salón - Extremo (E),60.8,Background Noise,46.8,46.8,0.0,0.0,100.0,0.0,0.0,40.1,40.7,50.7,-78,14.0
2026-02-13 06:28:57,Pasillo Administrativo (E),61.6,Background Noise,53.8,53.5,54.9,54.9,82.7,15.2,2.1,50.7,53.4,55.8,-91,13.5
2026-02-13 06:32:10,Pasillo de Salones (E),63.6,Vehicle,53.8,53.7,54.9,60.9,99.7,0.2,0.2,51.2,53.4,55.7,-80,12.0
2026-02-13 06:32:11,Main Lobby (E),64.6,People,52.7,52.6,52.7,55.8,7.7,92.3,0.1,50.8,52.2,54.1,-88,13.8
2026-02-13 06:32:18,Salón - Uma (E),62.2,Background Noise,57.5,57.5,57.2,0.0,97.2,2.8,0.0,54.7,57.1,59.6,-89,14.3
2026-02-13 06:32:19,Pasillo de Laboratorio (E),70.0,Background Noise,58.4,58.7,58.1,64.2,28.9,69.9,1.2,55.4,57.7,59.9,-98,12.5
2026-02-13 06:32:49,Salón - Extremo (E),55.5,Background Noise,47.3,47.3,50.7,0.0,99.9,0.1,0.0,40.1,40.8,51.0,-79,13.5
2026-02-13 06:33:57,Pasillo Administrativo (E),62.1,Background Noise,53.8,53.6,54.9,54.6,84.7,13.7,1.6,50.8,53.5,55.8,-91,13.5
2026-02-13 06:37:11,Pasillo de Salones (E),62.4,People,53.8,53.7,55.6,52.2,97.7,2.2,0.1,51.3,53.4,55.7,-80,13.5
2026-02-13 06:37:11,Main Lobby (E),68.0,People,53.0,53.2,53.0,52.5,6.2,93.8,0.1,50.8,52.3,54.5,-89,13.8
2026-02-13 06:37:18,Salón - Uma (E),64.5,Background Noise,57.4,57.4,56.9,0.0,97.6,2.4,0.0,54.7,56.9,59.5,-90,12.8
2026-02-13 06:37:20,Pasillo de Laboratorio (E),64.8,People,57.8,57.7,57.8,61.1,33.2,66.7,0.1,55.4,57.4,59.5,-99,11.5
2026-02-13 06:37:49,Salón - Extremo (E),60.0,Background Noise,46.9,46.9,0.0,0.0,100.0,0.0,0.0,40.1,40.6,50.9,-80,13.8
2026-02-13 06:38:57,Pasillo Administrativo (E),58.5,Background Noise,54.1,53.9,55.4,54.7,87.9,11.2,0.9,50.7,53.7,56.3,-92,13.0
2026-02-13 06:42:11,Pasillo de Salones (E),59.1,Background Noise,53.7,53.7,0.0,0.0,100.0,0.0,0.0,51.0,53.3,55.6,-79,13.5
2026-02-13 06:42:11,Main Lobby (E),68.9,People,53.8,53.6,53.8,54.2,12.8,87.0,0.2,50.7,52.5,55.7,-87,12.3
2026-02-13 06:42:18,Salón - Uma (E),64.0,Background Noise,57.3,57.4,57.0,0.0,96.3,3.7,0.0,54.5,56.9,59.3,-91,13.5
2026-02-13 06:42:19,Pasillo de Laboratorio (E),66.4,Vehicle,57.9,57.4,57.9,65.6,9.4,90.4,0.2,55.4,57.6,59.7,-99,12.0
2026-02-13 06:42:49,Salón - Extremo (E),60.0,Background Noise,47.4,47.4,46.5,0.0,99.8,0.2,0.0,40.1,40.7,51.0,-77,13.5
2026-02-13 06:43:57,Pasillo Administrativo (E),58.3,Background Noise,54.3,54.0,55.7,55.6,85.8,13.3,0.8,50.9,53.9,56.6,-93,13.3
2026-02-13 06:47:11,Pasillo de Salones (E),58.3,Background Noise,53.8,53.8,0.0,0.0,100.0,0.0,0.0,51.3,53.6,55.6,-80,11.5
2026-02-13 06:47:14,Main Lobby (E),65.3,People,54.5,55.4,54.3,51.8,11.8,88.2,0.1,51.1,53.1,57.0,-89,13.5
2026-02-13 06:47:18,Salón - Uma (E),64.1,Background Noise,57.5,57.5,57.3,0.0,97.1,2.9,0.0,54.5,57.0,59.6,-90,14.0
2026-02-13 06:47:19,Pasillo de Laboratorio (E),66.5,People,57.9,57.9,57.9,0.0,8.5,91.5,0.0,55.4,57.5,59.6,-98,12.3
2026-02-13 06:47:49,Salón - Extremo (E),59.4,Background Noise,48.1,48.1,0.0,0.0,100.0,0.0,0.0,40.1,40.8,51.4,-80,14.0
2026-02-13 06:48:57,Pasillo Administrativo (E),61.8,Background Noise,54.3,54.1,55.7,55.4,85.1,14.1,0.8,50.9,53.9,56.6,-91,11.0
2026-02-13 06:52:11,Pasillo de Salones (E),65.8,People,53.9,53.8,57.0,55.2,97.8,2.1,0.2,51.2,53.5,55.7,-80,13.5
2026-02-13 06:52:12,Main Lobby (E),69.6,People,57.1,55.5,57.2,57.9,7.5,92.3,0.2,53.0,55.2,59.5,-89,13.8
2026-02-13 06:52:18,Salón - Uma (E),63.5,Background Noise,57.6,57.6,57.2,0.0,97.4,2.6,0.0,54.5,57.2,59.6,-89,13.8
2026-02-13 06:52:20,Pasillo de Laboratorio (E),76.1,People,58.9,58.9,58.8,61.8,27.3,72.4,0.2,55.5,57.7,60.2,-98,13.0
2026-02-13 06:52:50,Salón - Extremo (E),60.0,Background Noise,46.9,46.9,40.2,45.3,99.5,0.2,0.3,40.1,40.7,51.0,-78,13.5
2026-02-13 06:53:57,Pasillo Administrativo (E),58.8,Background Noise,54.8,54.6,56.1,55.4,86.3,13.3,0.3,51.2,54.4,57.2,-92,13.3
2026-02-13 06:57:11,Pasillo de Salones (E),59.8,Vehicle,53.8,53.8,57.1,59.8,99.8,0.2,0.1,51.1,53.5,55.7,-81,14.0
2026-02-13 06:57:12,Main Lobby (E),71.6,People,56.8,55.2,57.3,56.3,28.0,70.6,1.4,51.5,53.8,59.5,-88,11.8
2026-02-13 06:57:18,Salón - Uma (E),63.6,People,57.5,57.5,57.6,0.0,97.3,2.7,0.0,54.6,57.1,59.6,-89,11.5
2026-02-13 06:57:20,Pasillo de Laboratorio (E),63.0,Background Noise,58.0,58.0,58.0,60.2,21.3,78.6,0.1,55.6,57.7,59.8,-99,12.3
2026-02-13 06:57:50,Salón - Extremo (E),57.8,Background Noise,47.1,47.2,45.9,40.9,99.2,0.7,0.1,40.1,40.8,51.1,-80,13.8
2026-02-13 06:58:57,Pasillo Administrativo (E),63.2,People,55.1,54.8,56.4,56.1,84.5,14.8,0.7,51.4,54.6,57.4,-93,13.3
2026-02-13 07:02:11,Pasillo de Salones (E),58.8,Background Noise,53.8,53.8,0.0,0.0,100.0,0.0,0.0,51.1,53.5,55.8,-80,14.0
2026-02-13 07:02:12,Main Lobby (E),69.1,People,55.1,55.5,55.0,57.4,14.7,85.0,0.3,51.7,53.7,57.2,-89,13.8
2026-02-13 07:02:18,Salón - Uma (E),63.1,Background Noise,57.6,57.6,57.8,0.0,96.8,3.2,0.0,54.6,57.2,59.6,-89,13.5
2026-02-13 07:02:20,Pasillo de Laboratorio (E),71.9,People,58.3,58.4,58.2,66.7,14.8,85.0,0.2,55.6,57.7,59.9,-98,11.0
2026-02-13 07:02:50,Salón - Extremo (E),59.9,Background Noise,47.4,47.4,48.0,52.4,99.8,0.2,0.1,40.2,40.7,51.0,-82,14.3
2026-02-13 07:03:57,Pasillo Administrativo (E),62.2,People,55.4,55.0,56.5,56.2,75.3,22.5,2.2,51.6,54.9,57.7,-94,13.0
2026-02-13 07:07:11,Pasillo de Salones (E),61.8,People,54.0,53.9,57.7,56.8,98.8,0.8,0.3,51.3,53.6,55.9,-91,13.8
2026-02-13 07:07:12,Main Lobby (E),68.3,People,53.8,54.8,53.7,57.5,4.5,94.8,0.7,51.2,52.5,54.4,-89,13.5
2026-02-13 07:07:19,Salón - Uma (E),63.9,Background Noise,57.4,57.4,57.5,0.0,96.6,3.4,0.0,54.4,57.1,59.5,-89,13.8
2026-02-13 07:07:20,Pasillo de Laboratorio (E),71.7,People,58.3,57.9,58.4,64.0,21.0,78.5,0.5,55.5,57.7,59.8,-98,12.5
2026-02-13 07:07:50,Salón - Extremo (E),61.3,Background Noise,47.2,47.2,44.8,0.0,99.5,0.5,0.0,40.1,40.8,51.1,-89,13.5
2026-02-13 07:08:58,Pasillo Administrativo (E),61.3,People,55.1,54.9,56.3,55.9,82.5,16.8,0.8,51.5,54.6,57.5,-92,13.5
2026-02-13 07:12:11,Pasillo de Salones (E),59.3,Background Noise,53.9,53.9,0.0,0.0,100.0,0.0,0.0,51.3,53.6,55.9,-92,13.5
2026-02-13 07:12:12,Main Lobby (E),70.9,People,53.5,53.4,53.5,53.7,9.8,90.0,0.3,50.8,52.3,54.3,-89,13.5
2026-02-13 07:12:19,Salón - Uma (E),64.2,Background Noise,57.7,57.7,57.3,0.0,96.8,3.2,0.0,54.8,57.3,59.7,-89,13.8
2026-02-13 07:12:20,Pasillo de Laboratorio (E),78.3,People,60.8,58.8,61.1,66.9,17.8,81.8,0.4,56.3,58.8,62.0,-98,12.5
2026-02-13 07:12:50,Salón - Extremo (E),56.9,Background Noise,47.7,47.7,40.4,0.0,99.9,0.1,0.0,40.1,40.8,51.2,-92,11.3
2026-02-13 07:13:58,Pasillo Administrativo (E),61.5,People,55.2,54.9,56.6,57.0,85.1,14.5,0.4,51.3,54.8,57.8,-91,11.8
2026-02-13 07:17:12,Pasillo de Salones (E),61.0,People,54.0,54.0,58.3,0.0,99.6,0.4,0.0,51.2,53.6,56.0,-91,13.5
2026-02-13 07:17:12,Main Lobby (E),67.2,People,52.7,52.7,52.7,0.0,26.5,73.5,0.0,50.4,51.9,53.9,-89,13.3
2026-02-13 07:17:19,Salón - Uma (E),65.0,Background Noise,57.7,57.7,57.1,0.0,96.0,4.0,0.0,54.7,57.3,59.7,-102,11.0
2026-02-13 07:17:20,Pasillo de Laboratorio (E),75.1,People,61.9,59.7,62.2,57.8,16.2,83.7,0.1,56.9,59.9,64.7,-98,12.8
2026-02-13 07:17:50,Salón - Extremo (E),57.8,Background Noise,47.7,47.7,0.0,0.0,100.0,0.0,0.0,40.2,40.8,51.1,-93,13.3
2026-02-13 07:18:58,Pasillo Administrativo (E),70.8,Vehicle,54.3,54.0,55.5,67.8,90.5,9.3,0.2,50.8,53.9,56.3,-93,13.3
2026-02-13 07:22:12,Pasillo de Salones (E),57.8,Background Noise,53.9,53.9,40.6,0.0,99.9,0.1,0.0,51.3,53.6,55.7,-90,13.8
2026-02-13 07:22:12,Main Lobby (E),72.5,People,55.9,55.8,55.8,61.4,14.9,84.1,1.0,50.1,51.8,57.6,-88,14.3
2026-02-13 07:22:19,Salón - Uma (E),63.1,People,57.6,57.6,57.7,0.0,93.9,6.1,0.0,54.7,57.3,59.6,-101,11.8
2026-02-13 07:22:20,Pasillo de Laboratorio (E),83.4,People,64.0,59.7,64.1,67.5,5.1,94.8,0.2,57.3,60.8,66.2,-98,12.5
2026-02-13 07:22:50,Salón - Extremo (E),61.3,Background Noise,48.0,48.0,0.0,0.0,100.0,0.0,0.0,40.1,40.8,51.2,-88,14.0
2026-02-13 07:23:58,Pasillo Administrativo (E),60.3,Background Noise,53.9,53.8,54.8,56.9,95.0,4.8,0.2,50.5,53.6,56.2,-92,13.5
2026-02-13 07:27:12,Pasillo de Salones (E),59.9,Background Noise,54.0,53.9,55.5,55.0,94.0,5.8,0.2,51.3,53.6,55.9,-91,13.5
2026-02-13 07:27:13,Main Lobby (E),72.9,People,58.3,55.4,58.4,56.3,7.4,91.8,0.8,51.0,54.5,61.4,-88,11.8
2026-02-13 07:27:19,Salón - Uma (E),63.5,Background Noise,57.7,57.7,57.8,0.0,93.2,6.8,0.0,54.8,57.3,59.7,-98,12.0
2026-02-13 07:27:20,Pasillo de Laboratorio (E),73.5,People,62.2,60.1,62.5,0.0,11.7,88.3,0.0,56.7,59.7,65.2,-98,12.3
2026-02-13 07:27:50,Salón - Extremo (E),54.9,Background Noise,47.5,47.5,50.1,0.0,99.6,0.4,0.0,40.1,40.8,51.0,-93,11.3
2026-02-13 07:28:58,Pasillo Administrativo (E),65.7,People,54.8,54.4,57.9,56.2,93.3,6.3,0.3,50.6,53.9,57.1,-92,13.3
2026-02-13 07:32:12,Pasillo de Salones (E),64.8,People,53.8,53.7,58.4,0.0,98.8,1.2,0.0,51.1,53.5,55.7,-91,13.3
2026-02-13 07:32:13,Main Lobby (E),73.3,People,58.3,56.5,58.5,56.1,12.1,86.4,1.5,51.2,53.9,60.8,-89,13.5
2026-02-13 07:32:19,Salón - Uma (E),63.4,Background Noise,57.7,57.7,57.6,0.0,95.6,4.4,0.0,54.8,57.2,59.9,-99,12.0
2026-02-13 07:32:21,Pasillo de Laboratorio (E),80.6,People,63.4,59.6,64.1,62.2,24.1,75.8,0.2,56.8,60.0,65.3,-97,12.5
2026-02-13 07:32:51,Salón - Extremo (E),54.3,Background Noise,47.7,47.7,40.5,0.0,99.9,0.1,0.0,40.2,40.8,51.2,-88,14.0
2026-02-13 07:33:58,Pasillo Administrativo (E),62.2,People,54.0,54.0,54.6,0.0,91.4,8.6,0.0,50.9,53.6,56.4,-91,13.5
2026-02-13 07:37:12,Pasillo de Salones (E),63.1,People,54.1,54.0,58.4,54.2,98.8,1.1,0.1,51.3,53.7,56.0,-93,13.3
2026-02-13 07:37:13,Main Lobby (E),68.2,People,56.1,55.5,56.2,54.9,19.9,78.9,1.2,51.3,53.8,58.6,-77,14.0
2026-02-13 07:37:19,Salón - Uma (E),62.8,Background Noise,57.6,57.6,57.5,0.0,95.1,4.9,0.0,54.7,57.1,59.7,-100,11.5
2026-02-13 07:37:51,Salón - Extremo (E),55.3,Background Noise,47.8,47.8,50.5,0.0,99.7,0.3,0.0,40.1,40.9,51.3,-94,13.3
2026-02-13 07:38:58,Pasillo Administrativo (E),58.8,Background Noise,54.1,54.1,54.4,57.1,88.9,11.0,0.1,50.6,53.5,56.7,-92,13.0
2026-02-13 07:42:12,Pasillo de Salones (E),58.5,Background Noise,53.9,53.9,54.9,54.9,99.7,0.2,0.1,51.4,53.6,55.9,-91,13.5
2026-02-13 07:42:13,Main Lobby (E),73.2,People,54.9,54.4,55.0,54.7,14.6,84.1,1.3,51.4,53.0,56.1,-87,13.8
2026-02-13 07:42:19,Salón - Uma (E),62.3,Background Noise,57.6,57.6,57.6,0.0,95.8,4.2,0.0,54.8,57.1,59.6,-99,11.8
2026-02-13 07:42:21,Pasillo de Laboratorio (E),78.8,People,61.6,59.6,61.8,57.7,7.2,92.7,0.1,56.8,59.6,64.0,-98,13.0
2026-02-13 07:42:51,Salón - Extremo (E),53.8,Background Noise,47.5,47.5,47.1,0.0,99.6,0.4,0.0,40.1,40.8,51.1,-89,13.5
2026-02-13 07:43:58,Pasillo Administrativo (E),59.5,Background Noise,54.3,54.2,55.2,0.0,93.3,6.7,0.0,50.6,53.8,56.7,-103,10.3
2026-02-13 07:47:12,Pasillo de Salones (E),63.4,People,53.9,53.8,57.6,52.5,98.7,1.3,0.1,51.3,53.5,55.8,-91,11.8
2026-02-13 07:47:13,Main Lobby (E),71.7,People,55.1,54.6,55.1,54.2,10.2,88.3,1.6,51.7,53.2,55.7,-89,13.3
2026-02-13 07:47:20,Salón - Uma (E),62.4,Background Noise,57.6,57.6,57.6,0.0,95.2,4.8,0.0,54.6,57.2,59.8,-100,10.3
2026-02-13 07:47:21,Pasillo de Laboratorio (E),71.9,People,60.7,58.9,60.9,59.6,12.5,87.3,0.3,56.1,59.1,63.7,-98,12.5
2026-02-13 07:47:51,Salón - Extremo (E),56.2,Background Noise,47.9,47.9,0.0,0.0,100.0,0.0,0.0,40.1,40.9,51.7,-91,14.0
2026-02-13 07:48:59,Pasillo Administrativo (E),59.8,Background Noise,54.6,54.6,55.0,52.0,94.3,5.6,0.1,50.5,54.2,57.1,-102,9.3
2026-02-13 07:52:12,Pasillo de Salones (E),58.7,Background Noise,53.9,53.9,0.0,0.0,100.0,0.0,0.0,51.3,53.7,55.7,-91,13.5
2026-02-13 07:52:13,Main Lobby (E),64.0,People,54.0,54.8,53.8,55.9,11.1,88.3,0.7,51.2,53.0,55.7,-90,13.0
2026-02-13 07:52:20,Salón - Uma (E),63.3,Background Noise,57.7,57.7,57.2,0.0,96.1,3.9,0.0,54.7,57.2,59.8,-100,11.5
2026-02-13 07:52:21,Pasillo de Laboratorio (E),77.8,People,62.7,59.0,63.1,60.5,15.1,84.8,0.2,57.3,60.2,65.1,-98,10.8
2026-02-13 07:52:51,Salón - Extremo (E),53.6,Background Noise,47.7,47.7,0.0,0.0,100.0,0.0,0.0,40.1,40.9,51.3,-91,13.8
2026-02-13 07:53:59,Pasillo Administrativo (E),68.1,Background Noise,55.1,55.0,56.2,0.0,92.3,7.7,0.0,50.7,54.5,57.4,-104,9.8
2026-02-13 07:57:13,Pasillo de Salones (E),60.0,Background Noise,53.9,53.9,54.8,0.0,98.8,1.2,0.0,51.3,53.5,55.8,-92,12.3
2026-02-13 07:57:13,Main Lobby (E),63.1,Background Noise,54.2,55.7,53.9,56.0,13.2,85.1,1.7,52.0,53.6,56.0,-88,14.3
2026-02-13 07:57:20,Salón - Uma (E),62.3,Background Noise,57.7,57.7,57.7,0.0,94.1,5.9,0.0,54.7,57.2,59.8,-100,11.5
2026-02-13 07:57:21,Pasillo de Laboratorio (E),76.5,People,62.4,59.1,62.6,62.4,7.2,92.6,0.3,56.9,60.1,64.7,-99,12.0
2026-02-13 07:57:51,Salón - Extremo (E),57.7,Background Noise,47.8,47.8,51.1,0.0,99.8,0.2,0.0,40.1,40.8,51.3,-94,13.3
2026-02-13 07:58:59,Pasillo Administrativo (E),69.1,Background Noise,54.8,54.8,55.2,55.5,94.0,5.9,0.1,50.7,54.2,57.2,-103,10.8
2026-02-13 08:02:13,Pasillo de Salones (E),64.1,People,54.0,54.0,57.4,56.1,98.7,1.2,0.2,51.5,53.7,55.9,-90,13.5
2026-02-13 08:02:15,Main Lobby (E),66.3,People,54.6,55.5,54.4,54.8,14.8,84.4,0.8,51.9,53.7,56.2,-88,14.3
2026-02-13 08:02:20,Salón - Uma (E),62.6,Background Noise,57.7,57.7,57.6,0.0,92.1,7.9,0.0,55.0,57.3,59.7,-99,11.8
2026-02-13 08:02:21,Pasillo de Laboratorio (E),68.4,People,58.7,58.1,58.7,0.0,13.6,86.4,0.0,55.7,58.1,60.4,-98,12.8
2026-02-13 08:02:51,Salón - Extremo (E),54.3,Background Noise,48.1,48.1,50.7,0.0,99.8,0.2,0.0,40.1,40.9,51.5,-93,13.5
2026-02-13 08:03:59,Pasillo Administrativo (E),69.7,Background Noise,55.5,55.3,57.0,56.8,89.6,10.3,0.1,50.8,54.6,57.6,-103,11.0
2026-02-13 08:07:13,Pasillo de Salones (E),58.6,Background Noise,53.9,53.9,52.3,0.0,99.8,0.3,0.0,51.3,53.6,55.8,-91,13.5
2026-02-13 08:07:14,Main Lobby (E),69.0,People,55.2,54.0,55.5,54.0,23.1,76.1,0.8,50.6,52.5,57.6,-87,13.3
2026-02-13 08:07:20,Salón - Uma (E),63.9,Background Noise,57.8,57.8,57.3,0.0,94.7,5.3,0.0,54.9,57.4,59.8,-99,11.8
2026-02-13 08:07:21,Pasillo de Laboratorio (E),65.8,People,58.2,58.1,58.2,58.8,13.5,86.4,0.1,55.7,57.9,59.9,-98,12.8
2026-02-13 08:07:51,Salón - Extremo (E),55.3,Background Noise,47.8,47.8,0.0,0.0,100.0,0.0,0.0,40.2,40.9,51.3,-92,13.3
2026-02-13 08:08:59,Pasillo Administrativo (E),70.1,Background Noise,54.9,54.8,55.6,65.0,93.9,6.0,0.1,50.5,54.1,57.3,-103,10.0
2026-02-13 08:12:13,Pasillo de Salones (E),68.7,Background Noise,54.7,54.3,58.4,55.3,92.2,7.6,0.2,51.4,53.8,56.7,-90,13.5
2026-02-13 08:12:14,Main Lobby (E),80.6,Background Noise,58.3,58.3,58.3,55.9,30.3,68.6,1.2,51.4,54.2,60.2,-89,14.3
2026-02-13 08:12:20,Salón - Uma (E),70.4,People,58.0,57.9,58.7,0.0,92.5,7.5,0.0,54.9,57.4,60.0,-100,11.8
2026-02-13 08:12:22,Pasillo de Laboratorio (E),67.1,Background Noise,58.3,58.3,58.3,57.3,13.8,85.8,0.3,55.6,58.0,60.0,-97,13.0
2026-02-13 08:12:52,Salón - Extremo (E),58.4,Background Noise,47.7,47.5,52.2,0.0,98.2,1.8,0.0,40.2,40.8,51.4,-92,13.3
2026-02-13 08:13:59,Pasillo Administrativo (E),69.9,Background Noise,55.1,55.0,56.6,55.7,93.6,6.2,0.2,50.9,54.3,57.4,-103,10.5
2026-02-13 08:17:13,Pasillo de Salones (E),73.7,People,58.5,56.0,61.1,65.6,68.6,30.3,1.1,52.2,54.8,60.9,-97,12.5
2026-02-13 08:17:16,Main Lobby (E),71.1,People,59.1,56.2,59.5,59.2,14.9,84.4,0.7,52.4,56.9,62.6,-89,13.5
2026-02-13 08:17:20,Salón - Uma (E),68.5,People,58.2,58.0,59.0,0.0,78.7,21.2,0.0,54.9,57.6,60.2,-101,11.5
2026-02-13 08:17:22,Pasillo de Laboratorio (E),63.1,Background Noise,58.2,58.1,58.2,0.0,17.6,82.4,0.0,55.7,57.9,60.0,-98,12.8
2026-02-13 08:17:52,Salón - Extremo (E),62.1,People,49.5,48.6,53.2,53.6,86.9,12.9,0.2,40.2,50.1,52.4,-89,13.5
2026-02-13 08:18:59,Pasillo Administrativo (E),70.3,Background Noise,55.1,54.9,56.5,56.9,91.5,8.3,0.2,50.5,54.0,57.3,-103,9.8
2026-02-13 08:22:13,Pasillo de Salones (E),73.5,People,56.8,54.8,58.7,62.7,62.4,37.1,0.5,52.1,54.7,58.9,-94,13.0
2026-02-13 08:22:14,Main Lobby (E),72.8,People,55.8,52.3,56.4,55.5,20.7,78.6,0.8,50.2,52.6,58.5,-88,13.5
2026-02-13 08:22:20,Salón - Uma (E),66.2,People,57.9,57.9,58.2,0.0,84.4,15.6,0.0,55.1,57.5,60.0,-106,9.0
2026-02-13 08:22:22,Pasillo de Laboratorio (E),61.8,People,58.0,57.8,58.0,0.0,5.8,94.2,0.0,55.5,57.7,59.7,-98,13.0
2026-02-13 08:22:52,Salón - Extremo (E),61.1,People,48.5,48.1,52.2,40.3,94.8,5.0,0.2,40.2,40.9,51.6,-93,11.3
2026-02-13 08:23:59,Pasillo Administrativo (E),65.6,People,54.9,54.8,56.1,56.7,91.7,8.3,0.1,50.8,54.2,57.3,-102,11.0
2026-02-13 08:27:13,Pasillo de Salones (E),70.9,People,57.0,56.2,57.6,56.4,40.8,54.3,4.8,53.3,55.7,58.7,-98,12.3
2026-02-13 08:27:14,Main Lobby (E),74.0,People,58.9,57.1,59.1,57.2,12.6,85.9,1.5,52.0,55.7,61.7,-88,13.3
2026-02-13 08:27:21,Salón - Uma (E),63.9,Background Noise,58.1,58.1,58.1,57.7,83.9,15.9,0.2,55.2,57.6,60.2,-104,10.0
2026-02-13 08:27:22,Pasillo de Laboratorio (E),68.2,People,58.3,58.2,58.3,60.6,13.3,86.6,0.1,55.5,57.8,60.1,-98,12.5
2026-02-13 08:27:52,Salón - Extremo (E),58.4,Background Noise,49.3,49.1,51.1,49.2,91.7,7.4,0.8,40.2,50.2,52.2,-88,13.8
2026-02-13 08:29:00,Pasillo Administrativo (E),72.6,People,55.4,54.9,58.7,62.7,92.3,7.4,0.2,50.6,54.1,57.4,-102,11.0
2026-02-13 08:32:13,Pasillo de Salones (E),66.1,People,56.6,56.3,56.8,57.3,44.9,52.1,3.0,53.7,55.9,58.5,-97,13.0
2026-02-13 08:32:14,Main Lobby (E),71.7,People,57.5,56.8,57.6,59.5,16.5,82.7,0.8,52.3,55.4,60.2,-87,11.5
2026-02-13 08:32:21,Salón - Uma (E),63.7,People,58.3,58.3,58.3,0.0,86.5,13.5,0.0,55.4,57.8,60.4,-103,9.5
2026-02-13 08:32:22,Pasillo de Laboratorio (E),83.2,People,62.9,58.5,63.1,67.6,7.6,92.3,0.2,55.6,57.8,61.5,-98,10.5
2026-02-13 08:32:53,Salón - Extremo (E),61.8,People,49.0,48.8,52.9,47.8,97.5,2.2,0.2,40.2,50.1,52.0,-90,13.3
2026-02-13 08:34:00,Pasillo Administrativo (E),68.8,Background Noise,55.1,55.1,55.4,0.0,91.1,8.9,0.0,50.8,54.4,57.5,-104,10.3
2026-02-13 08:37:14,Pasillo de Salones (E),68.4,People,55.9,54.9,57.1,56.5,63.3,35.7,0.9,52.4,54.7,57.4,-103,9.5
2026-02-13 08:37:14,Main Lobby (E),74.4,People,59.0,58.1,59.9,60.9,54.5,45.3,0.2,52.6,56.7,61.1,-88,14.0
2026-02-13 08:37:21,Salón - Uma (E),67.9,Background Noise,57.9,57.9,58.0,58.3,90.8,9.1,0.1,54.9,57.4,60.0,-110,5.8
2026-02-13 08:37:22,Pasillo de Laboratorio (E),69.0,People,58.0,58.1,58.0,57.4,7.8,92.1,0.1,55.4,57.5,59.6,-99,12.3
2026-02-13 08:37:52,Salón - Extremo (E),59.3,People,48.1,48.0,52.1,0.0,98.0,2.0,0.0,40.1,40.9,51.3,-92,13.5
2026-02-13 08:39:00,Pasillo Administrativo (E),60.5,Background Noise,55.0,55.0,55.4,0.0,94.2,5.8,0.0,50.7,54.5,57.6,-101,11.3
2026-02-13 08:42:14,Pasillo de Salones (E),68.2,People,55.2,54.9,55.7,55.4,59.8,39.6,0.6,52.5,54.6,56.9,-100,10.3
2026-02-13 08:42:14,Main Lobby (E),77.6,People,63.6,62.5,64.2,59.5,44.1,55.8,0.2,54.7,59.1,67.2,-88,14.0
2026-02-13 08:42:21,Salón - Uma (E),66.5,People,58.0,58.0,58.5,0.0,93.3,6.7,0.0,55.0,57.6,60.1,-114,
2026-02-13 08:42:22,Pasillo de Laboratorio (E),65.4,People,57.8,57.9,57.8,58.3,11.4,88.5,0.1,55.5,57.5,59.6,-98,10.8
2026-02-13 08:42:52,Salón - Extremo (E),63.1,People,47.8,47.6,56.6,0.0,99.4,0.6,0.0,40.1,40.8,51.4,-89,13.5
2026-02-13 08:44:00,Pasillo Administrativo (E),61.2,Background Noise,54.7,54.7,54.9,54.1,95.2,4.7,0.1,50.5,54.3,57.3,-103,10.5
2026-02-13 08:47:14,Pasillo de Salones (E),63.7,People,54.7,54.5,54.9,54.6,65.3,34.1,0.6,52.1,54.3,56.5,-95,12.8
2026-02-13 08:47:17,Main Lobby (E),71.6,People,57.2,56.9,57.3,57.3,38.1,61.8,0.1,52.5,55.6,59.1,-87,11.3
2026-02-13 08:47:21,Salón - Uma (E),63.7,Background Noise,57.8,57.9,57.6,0.0,92.1,7.9,0.0,55.0,57.4,59.8,-109,6.3
2026-02-13 08:47:22,Pasillo de Laboratorio (E),62.4,People,57.8,57.9,57.8,0.0,3.7,96.3,0.0,55.2,57.4,59.6,-98,12.5
2026-02-13 08:47:52,Salón - Extremo (E),60.9,Background Noise,48.3,48.4,47.0,0.0,99.2,0.8,0.0,40.1,40.9,51.1,-91,13.5
2026-02-13 08:49:00,Pasillo Administrativo (E),61.9,People,54.7,54.6,56.1,0.0,94.8,5.2,0.0,50.5,54.2,57.3,-103,10.8
2026-02-13 08:52:14,Pasillo de Salones (E),63.5,Background Noise,54.3,54.3,54.4,53.7,79.8,19.8,0.4,51.8,54.0,56.2,-98,12.5
2026-02-13 08:52:15,Main Lobby (E),72.0,People,57.0,55.8,57.7,58.4,45.2,54.1,0.8,51.8,54.8,58.8,-89,13.3
2026-02-13 08:52:21,Salón - Uma (E),63.6,Background Noise,57.7,57.8,57.3,0.0,94.8,5.2,0.0,54.9,57.3,59.8,-114,1.0
2026-02-13 08:52:23,Pasillo de Laboratorio (E),63.8,People,57.7,57.7,57.8,0.0,18.3,81.7,0.0,55.3,57.4,59.5,-98,13.0
2026-02-13 08:52:52,Salón - Extremo (E),54.2,Background Noise,47.6,47.6,48.2,0.0,99.8,0.2,0.0,40.1,40.8,51.2,-91,13.5
2026-02-13 08:54:00,Pasillo Administrativo (E),73.8,People,57.9,56.6,61.3,58.4,81.5,17.9,0.6,51.9,56.0,60.2,-103,10.3
2026-02-13 08:57:14,Pasillo de Salones (E),68.1,People,54.6,54.3,55.8,54.3,85.4,14.2,0.4,51.9,54.2,56.2,-94,13.3
2026-02-13 08:57:15,Main Lobby (E),70.0,People,54.3,53.6,54.4,54.7,15.2,84.3,0.6,50.6,52.7,56.3,-89,14.5
2026-02-13 08:57:21,Salón - Uma (E),63.2,Background Noise,57.7,57.7,57.5,0.0,92.7,7.2,0.0,54.8,57.3,59.7,-111,4.3
2026-02-13 08:57:23,Pasillo de Laboratorio (E),62.7,People,57.8,57.6,57.8,0.0,2.1,97.9,0.0,55.3,57.5,59.6,-99,12.0
2026-02-13 08:57:53,Salón - Extremo (E),54.5,Background Noise,47.7,47.7,49.1,0.0,98.8,1.2,0.0,40.2,40.8,51.3,-94,13.8
2026-02-13 08:59:00,Pasillo Administrativo (E),71.7,People,56.8,55.9,60.2,53.8,86.4,13.5,0.1,51.6,55.4,58.8,-101,11.3
2026-02-13 09:02:14,Pasillo de Salones (E),59.1,People,54.4,54.3,54.6,54.1,82.0,17.3,0.7,52.0,54.1,56.2,-108,6.8
2026-02-13 09:02:15,Main Lobby (E),71.1,People,57.0,54.7,57.2,57.9,7.9,92.0,0.1,51.8,54.5,59.5,-88,13.8
2026-02-13 09:02:21,Salón - Uma (E),63.1,Background Noise,57.8,57.8,57.5,0.0,94.8,5.2,0.0,54.8,57.3,59.9,-108,7.0
2026-02-13 09:02:23,Pasillo de Laboratorio (E),62.1,People,57.8,58.2,57.8,57.3,4.0,95.9,0.1,55.4,57.7,59.5,-97,13.0
2026-02-13 09:02:53,Salón - Extremo (E),54.1,Background Noise,47.7,47.7,50.6,0.0,99.7,0.3,0.0,40.1,40.8,51.2,-93,13.3
2026-02-13 09:04:03,Pasillo Administrativo (E),70.1,People,55.4,55.2,57.8,53.7,93.2,6.7,0.1,50.8,54.6,57.7,-104,8.0
2026-02-13 09:07:14,Pasillo de Salones (E),59.4,Background Noise,54.5,54.4,54.9,54.9,71.6,25.8,2.7,52.1,54.2,56.4,-95,13.3
2026-02-13 09:07:17,Main Lobby (E),80.3,People,60.8,56.3,61.0,56.3,7.9,91.7,0.4,51.6,55.0,62.5,-90,13.0
2026-02-13 09:07:22,Salón - Uma (E),64.2,Background Noise,57.6,57.7,57.4,55.2,94.7,5.2,0.1,54.8,57.3,59.7,-114,-1.3
2026-02-13 09:07:23,Pasillo de Laboratorio (E),70.9,Background Noise,58.3,59.1,58.1,0.0,12.4,87.6,0.0,55.6,57.8,59.9,-97,12.8
2026-02-13 09:07:53,Salón - Extremo (E),53.7,Background Noise,47.1,47.1,40.6,0.0,99.7,0.3,0.0,40.1,40.7,50.9,-93,11.0
2026-02-13 09:09:01,Pasillo Administrativo (E),70.6,People,55.8,55.4,58.7,60.3,92.0,7.7,0.2,50.9,55.0,58.1,-102,9.3
2026-02-13 09:12:14,Pasillo de Salones (E),62.2,People,54.4,54.3,54.8,54.9,84.5,15.2,0.2,51.9,54.1,56.1,-94,13.5
2026-02-13 09:12:15,Main Lobby (E),79.5,People,61.3,56.8,61.5,60.6,8.0,91.5,0.5,51.2,53.6,62.0,-87,13.5
2026-02-13 09:12:22,Salón - Uma (E),63.1,Background Noise,57.6,57.6,57.5,0.0,94.5,5.5,0.0,54.7,57.2,59.6,-111,3.8
2026-02-13 09:12:23,Pasillo de Laboratorio (E),65.2,People,58.0,57.9,58.0,0.0,7.0,93.0,0.0,55.4,57.6,59.9,-96,12.8
2026-02-13 09:12:53,Salón - Extremo (E),55.2,Background Noise,47.9,48.0,44.1,46.4,98.3,0.6,1.2,40.1,40.9,51.4,-93,13.0
2026-02-13 09:14:01,Pasillo Administrativo (E),67.8,People,55.9,55.5,58.3,0.0,88.3,11.7,0.0,51.1,55.0,58.2,-107,6.8
2026-02-13 09:17:15,Pasillo de Salones (E),58.7,Background Noise,54.4,54.4,55.1,55.2,95.5,4.3,0.2,51.9,54.1,56.3,-96,13.0
2026-02-13 09:17:15,Main Lobby (E),74.6,People,56.2,55.1,56.4,55.7,16.9,82.0,1.1,50.9,52.9,58.2,-89,13.8
2026-02-13 09:17:23,Pasillo de Laboratorio (E),67.9,People,58.0,57.7,58.1,0.0,4.1,95.9,0.0,55.6,57.7,59.8,-98,12.5
2026-02-13 09:17:53,Salón - Extremo (E),56.4,Background Noise,47.9,47.9,40.1,0.0,99.9,0.1,0.0,40.2,40.9,51.2,-94,13.3
2026-02-13 09:19:01,Pasillo Administrativo (E),76.6,Background Noise,55.6,55.4,57.4,0.0,93.9,6.1,0.0,50.7,54.3,57.5,-106,9.3
2026-02-13 09:22:15,Pasillo de Salones (E),61.6,People,54.6,54.3,57.0,0.0,91.3,8.7,0.0,51.9,54.2,56.5,-100,9.5
2026-02-13 09:22:15,Main Lobby (E),72.6,People,56.4,54.4,56.6,55.8,13.5,86.2,0.3,51.0,53.8,58.7,-88,13.3
2026-02-13 09:22:22,Salón - Uma (E),62.8,Background Noise,57.9,57.9,57.5,0.0,91.2,8.8,0.0,55.0,57.4,60.0,-111,4.5
2026-02-13 09:22:23,Pasillo de Laboratorio (E),65.8,People,57.8,58.0,57.8,0.0,5.2,94.8,0.0,55.4,57.5,59.5,-97,12.8
2026-02-13 09:22:53,Salón - Extremo (E),55.3,People,48.4,48.3,51.9,0.0,98.1,1.9,0.0,40.2,41.0,51.6,-89,13.5
2026-02-13 09:24:01,Pasillo Administrativo (E),70.6,People,57.9,57.3,59.7,0.0,78.6,21.4,0.0,52.2,56.7,60.2,-105,9.3
2026-02-13 09:27:15,Pasillo de Salones (E),59.8,Background Noise,54.3,54.3,55.3,56.3,97.8,2.0,0.2,51.7,54.0,56.2,-99,12.3
2026-02-13 09:27:16,Main Lobby (E),73.8,People,58.8,56.7,58.9,59.4,6.2,93.6,0.2,52.9,56.2,61.1,-88,13.3
2026-02-13 09:27:22,Salón - Uma (E),62.9,Background Noise,57.7,57.7,57.9,0.0,95.4,4.6,0.0,55.0,57.4,59.6,-116,-3.5
2026-02-13 09:27:23,Pasillo de Laboratorio (E),68.5,People,58.2,57.8,58.3,56.2,19.5,80.3,0.2,55.5,57.8,59.8,-98,12.8
2026-02-13 09:27:53,Salón - Extremo (E),53.5,Background Noise,48.0,48.0,40.4,48.2,99.8,0.1,0.2,40.1,40.9,51.4,-93,11.5
2026-02-13 09:29:01,Pasillo Administrativo (E),71.4,People,57.0,56.5,60.3,0.0,90.2,9.8,0.0,51.5,55.7,59.2,-104,8.3
2026-02-13 09:32:15,Pasillo de Salones (E),59.7,Background Noise,54.1,54.1,53.2,0.0,99.8,0.2,0.0,51.7,53.8,56.1,-100,12.3
2026-02-13 09:32:18,Main Lobby (E),73.1,People,55.6,53.6,55.7,57.3,6.7,93.1,0.3,51.6,53.2,56.4,-89,13.5
2026-02-13 09:32:22,Salón - Uma (E),63.2,Background Noise,57.8,57.8,57.6,0.0,93.5,6.5,0.0,54.9,57.3,59.9,-108,-3.3
2026-02-13 09:32:24,Pasillo de Laboratorio (E),72.3,People,58.7,58.3,58.8,59.4,17.1,82.3,0.6,55.8,57.9,60.1,-98,10.0
2026-02-13 09:32:54,Salón - Extremo (E),55.8,Background Noise,47.8,47.8,50.7,0.0,99.3,0.7,0.0,40.2,40.8,51.4,-95,13.5
2026-02-13 09:34:01,Pasillo Administrativo (E),75.1,Background Noise,56.3,56.2,57.3,56.2,90.3,9.5,0.2,50.9,54.7,57.8,-102,7.0
2026-02-13 09:37:15,Pasillo de Salones (E),72.9,People,54.9,54.4,59.4,0.0,94.7,5.3,0.0,51.8,54.1,56.3,-95,4.0
2026-02-13 09:37:16,Main Lobby (E),72.3,People,57.9,55.3,58.1,58.1,8.1,91.8,0.2,51.9,54.0,60.2,-89,13.0
2026-02-13 09:37:22,Salón - Uma (E),69.4,People,57.8,57.7,58.8,0.0,94.9,5.1,0.0,54.8,57.4,59.8,-109,4.8
2026-02-13 09:37:24,Pasillo de Laboratorio (E),63.4,People,57.7,57.5,57.7,0.0,6.2,93.7,0.0,55.1,57.4,59.4,-98,12.5
2026-02-13 09:37:54,Salón - Extremo (E),61.4,People,47.8,47.6,56.0,0.0,99.2,0.8,0.0,40.1,40.8,51.2,-93,13.3
2026-02-13 09:39:01,Pasillo Administrativo (E),71.2,Background Noise,56.2,55.7,58.7,56.8,88.6,11.1,0.3,50.9,54.7,57.8,-103,10.8
2026-02-13 09:42:15,Pasillo de Salones (E),76.7,Background Noise,56.7,56.6,57.0,54.4,68.5,30.6,0.9,52.1,54.6,57.6,-98,12.3
2026-02-13 09:42:16,Main Lobby (E),77.9,People,60.2,56.4,60.4,58.0,8.3,91.5,0.2,52.0,55.2,63.6,-88,13.0
2026-02-13 09:42:22,Salón - Uma (E),64.4,Background Noise,57.8,57.8,58.1,60.0,90.1,9.8,0.1,54.8,57.3,59.9,-111,3.8
2026-02-13 09:42:24,Pasillo de Laboratorio (E),66.4,Background Noise,57.8,57.7,57.9,0.0,28.9,71.1,0.0,55.3,57.6,59.5,-87,13.8
2026-02-13 09:42:54,Salón - Extremo (E),65.1,Background Noise,48.6,48.4,53.3,0.0,97.3,2.7,0.0,40.1,40.9,51.7,-90,13.3
2026-02-13 09:44:02,Pasillo Administrativo (E),77.6,Background Noise,58.1,56.3,62.3,58.3,81.9,17.8,0.3,51.1,55.0,59.2,-102,10.5
2026-02-13 09:47:15,Pasillo de Salones (E),76.1,People,57.5,56.1,58.3,62.0,51.3,45.9,2.7,52.6,55.1,58.8,-101,11.5
2026-02-13 09:47:16,Main Lobby (E),76.4,People,60.1,57.8,60.4,59.1,17.7,82.0,0.2,53.3,57.4,63.3,-87,11.5
2026-02-13 09:47:23,Salón - Uma (E),65.3,People,57.9,57.7,58.5,0.0,86.3,13.7,0.0,55.1,57.4,59.8,-103,10.5
2026-02-13 09:47:24,Pasillo de Laboratorio (E),68.4,People,58.0,57.9,58.0,57.3,11.8,88.1,0.2,55.6,57.7,59.7,-86,13.8
2026-02-13 09:47:54,Salón - Extremo (E),58.2,Background Noise,48.0,47.5,52.3,40.5,93.9,6.0,0.1,40.1,40.8,51.4,-92,13.5
2026-02-13 09:49:02,Pasillo Administrativo (E),65.4,Background Noise,54.9,54.8,55.6,54.1,91.8,7.9,0.2,50.9,54.2,57.1,-102,11.5
2026-02-13 09:52:15,Pasillo de Salones (E),73.1,People,57.3,55.1,58.9,56.3,49.9,48.5,1.7,52.6,55.1,59.3,-93,13.3
2026-02-13 09:52:18,Main Lobby (E),74.9,People,60.0,57.1,60.4,58.4,17.3,82.3,0.4,53.3,55.8,63.2,-89,13.5
2026-02-13 09:52:23,Salón - Uma (E),63.6,People,57.8,57.8,58.0,58.3,79.6,20.3,0.1,54.9,57.4,59.9,-109,5.3
2026-02-13 09:52:24,Pasillo de Laboratorio (E),64.8,People,58.8,59.6,58.0,57.5,42.2,57.6,0.2,56.0,58.5,60.6,-88,11.3
2026-02-13 09:52:54,Salón - Extremo (E),60.0,People,48.4,47.9,52.1,54.0,92.5,7.4,0.1,40.2,40.9,51.5,-92,13.3
2026-02-13 09:54:02,Pasillo Administrativo (E),80.9,People,56.3,55.0,61.9,60.6,90.5,8.9,0.6,51.0,53.8,56.9,-103,10.5
2026-02-13 09:57:16,Pasillo de Salones (E),64.4,People,54.8,54.6,55.1,54.2,61.8,36.7,1.5,52.1,54.4,56.5,-96,13.0
2026-02-13 09:57:16,Main Lobby (E),74.6,People,59.4,57.0,59.7,59.2,17.0,82.3,0.7,53.5,55.8,61.0,-89,13.0
2026-02-13 09:57:23,Salón - Uma (E),64.4,Background Noise,57.9,57.9,57.4,0.0,92.0,8.0,0.0,55.0,57.5,59.9,-109,6.3
2026-02-13 09:57:24,Pasillo de Laboratorio (E),66.3,Background Noise,58.3,58.6,58.2,57.1,9.8,90.1,0.2,55.8,57.8,60.0,-88,14.0
2026-02-13 09:57:54,Salón - Extremo (E),53.7,Background Noise,47.8,47.8,51.3,0.0,99.6,0.4,0.0,40.1,40.9,51.3,-94,13.8
2026-02-13 09:59:02,Pasillo Administrativo (E),77.9,Background Noise,55.4,55.3,55.3,61.9,90.8,8.9,0.2,51.2,53.8,56.5,-106,9.0
2026-02-13 10:02:16,Pasillo de Salones (E),64.4,People,54.6,54.4,55.1,54.5,77.5,20.9,1.6,52.0,54.3,56.4,-101,11.5
2026-02-13 10:02:16,Main Lobby (E),71.7,People,57.2,56.6,57.2,62.2,17.5,82.1,0.4,53.1,55.0,59.6,-87,13.3
2026-02-13 10:02:23,Salón - Uma (E),64.6,Background Noise,57.8,57.9,57.6,0.0,93.2,6.8,0.0,54.9,57.4,59.9,-113,1.5
2026-02-13 10:02:24,Pasillo de Laboratorio (E),71.4,Background Noise,58.2,59.1,58.2,0.0,6.1,93.9,0.0,55.5,57.8,60.0,-87,14.0
2026-02-13 10:02:54,Salón - Extremo (E),52.8,Background Noise,47.8,47.8,48.4,0.0,99.8,0.2,0.0,40.2,40.9,51.2,-93,13.3
2026-02-13 10:04:02,Pasillo Administrativo (E),75.6,People,55.9,54.8,59.6,0.0,86.1,13.9,0.0,51.1,53.8,56.7,-103,10.5
2026-02-13 10:07:16,Pasillo de Salones (E),61.5,People,54.6,54.4,55.6,55.2,87.2,10.7,2.1,52.0,54.4,56.4,-107,7.5
2026-02-13 10:07:19,Main Lobby (E),71.6,People,58.1,55.3,58.6,57.2,21.5,78.1,0.4,51.5,54.5,61.1,-89,13.3
2026-02-13 10:07:23,Salón - Uma (E),63.6,Background Noise,57.9,57.9,57.5,0.0,94.8,5.2,0.0,55.1,57.4,59.9,-107,8.3
2026-02-13 10:07:24,Pasillo de Laboratorio (E),62.8,People,57.9,57.8,57.9,0.0,3.4,96.6,0.0,55.5,57.6,59.6,-87,11.8
2026-02-13 10:07:54,Salón - Extremo (E),54.0,Background Noise,47.7,47.7,46.6,40.6,99.7,0.2,0.1,40.1,40.8,51.2,-89,14.0
2026-02-13 10:09:02,Pasillo Administrativo (E),62.6,Background Noise,54.4,54.3,54.7,53.9,90.8,9.1,0.1,50.7,54.0,56.7,-102,10.8
2026-02-13 10:12:16,Pasillo de Salones (E),65.5,People,54.5,54.4,55.0,53.2,76.2,23.7,0.1,52.0,54.2,56.4,-97,13.0
2026-02-13 10:12:17,Main Lobby (E),77.9,People,61.2,58.8,61.3,58.2,6.0,93.7,0.3,53.4,56.9,64.6,-88,13.8
2026-02-13 10:12:23,Salón - Uma (E),63.1,Background Noise,57.9,57.9,57.9,0.0,94.2,5.8,0.0,54.8,57.5,60.0,-111,2.8
2026-02-13 10:12:25,Pasillo de Laboratorio (E),72.7,People,58.2,58.2,58.1,63.5,6.1,93.7,0.3,55.7,57.7,59.8,-87,13.8
2026-02-13 10:12:55,Salón - Extremo (E),54.4,Background Noise,47.8,47.8,51.7,0.0,99.8,0.3,0.0,40.2,40.8,51.3,-92,13.5
2026-02-13 10:14:02,Pasillo Administrativo (E),64.3,Background Noise,54.6,54.5,55.8,0.0,92.3,7.7,0.0,51.4,54.1,56.7,-103,10.0
2026-02-13 10:17:16,Pasillo de Salones (E),64.1,People,54.6,54.5,55.1,54.5,75.0,22.3,2.7,52.1,54.3,56.4,-94,11.3
2026-02-13 10:17:17,Main Lobby (E),69.1,People,56.3,54.2,56.5,0.0,11.7,88.3,0.0,51.7,53.8,58.0,-89,13.3
2026-02-13 10:17:23,Salón - Uma (E),63.1,Background Noise,57.7,57.7,57.6,0.0,97.1,2.9,0.0,54.9,57.3,59.9,-105,3.8
2026-02-13 10:17:25,Pasillo de Laboratorio (E),68.3,People,57.9,59.3,57.9,60.2,1.8,98.0,0.2,55.4,57.6,59.7,-87,14.0
2026-02-13 10:17:55,Salón - Extremo (E),53.5,Background Noise,47.6,47.6,0.0,0.0,100.0,0.0,0.0,40.2,40.9,51.2,-90,13.5
2026-02-13 10:19:02,Pasillo Administrativo (E),64.8,People,54.8,54.7,55.7,0.0,90.8,9.2,0.0,51.3,54.2,57.0,-104,9.0
2026-02-13 10:22:16,Pasillo de Salones (E),59.8,People,54.3,54.2,55.2,54.3,86.4,11.8,1.8,51.8,54.0,56.1,-100,10.0
2026-02-13 10:22:19,Main Lobby (E),72.7,People,56.2,55.6,56.2,57.3,11.8,87.4,0.8,50.9,53.6,57.8,-87,13.3
2026-02-13 10:22:23,Salón - Uma (E),63.3,Background Noise,57.8,57.8,57.1,0.0,95.3,4.7,0.0,54.8,57.4,59.8,-112,3.0
2026-02-13 10:22:25,Pasillo de Laboratorio (E),72.1,People,59.0,58.2,59.0,0.0,5.6,94.4,0.0,55.5,57.9,60.5,-86,13.8
2026-02-13 10:22:55,Salón - Extremo (E),53.4,Background Noise,47.6,47.6,0.0,0.0,100.0,0.0,0.0,40.1,40.8,51.2,-93,13.3
2026-02-13 10:24:03,Pasillo Administrativo (E),70.2,Background Noise,56.0,55.6,58.5,55.6,87.5,12.4,0.1,51.8,54.6,58.3,-104,10.8
2026-02-13 10:27:16,Pasillo de Salones (E),59.5,Background Noise,54.3,54.3,54.7,54.4,91.0,6.7,2.3,52.0,54.0,56.1,-99,12.0
2026-02-13 10:27:17,Main Lobby (E),71.9,People,59.2,58.0,59.3,61.2,4.5,95.2,0.3,52.5,56.7,62.2,-87,11.3
2026-02-13 10:27:24,Salón - Uma (E),63.2,Background Noise,57.9,57.9,57.6,0.0,93.5,6.5,0.0,54.9,57.4,59.9,-117,-8.5
2026-02-13 10:27:25,Pasillo de Laboratorio (E),66.9,People,57.8,58.3,57.7,58.8,10.4,89.3,0.3,55.3,57.5,59.5,-88,14.3
2026-02-13 10:27:57,Salón - Extremo (E),53.9,Background Noise,47.6,47.6,0.0,0.0,100.0,0.0,0.0,40.2,40.9,51.2,-91,13.5
2026-02-13 10:29:03,Pasillo Administrativo (E),69.3,Vehicle,55.8,55.4,57.4,64.9,89.2,10.6,0.2,51.6,54.9,58.0,-105,8.3
2026-02-13 10:32:16,Pasillo de Salones (E),60.1,People,54.7,54.6,54.9,56.1,66.1,33.6,0.2,52.1,54.4,56.5,-99,12.0
2026-02-13 10:32:17,Main Lobby (E),76.1,People,60.0,57.3,60.1,57.7,6.0,93.8,0.2,53.3,57.1,62.7,-89,13.0
2026-02-13 10:32:24,Salón - Uma (E),62.9,Background Noise,57.9,57.9,57.9,0.0,93.3,6.7,0.0,55.0,57.5,60.0,-117,-7.8
2026-02-13 10:32:25,Pasillo de Laboratorio (E),69.3,Background Noise,57.9,58.9,57.8,60.4,9.7,89.1,1.2,55.4,57.5,59.5,-88,14.3
2026-02-13 10:32:55,Salón - Extremo (E),55.2,Background Noise,48.0,47.9,49.3,0.0,99.5,0.5,0.0,40.2,40.9,51.4,-91,14.0
2026-02-13 10:34:03,Pasillo Administrativo (E),69.6,Background Noise,55.0,54.8,58.4,56.5,95.8,4.1,0.2,40.1,53.5,57.6,-105,8.8
2026-02-13 10:37:17,Pasillo de Salones (E),61.2,Background Noise,54.5,54.4,55.0,54.1,82.3,15.3,2.4,51.9,54.2,56.4,-96,12.8
2026-02-13 10:37:19,Main Lobby (E),73.4,People,59.2,59.0,59.2,60.1,6.3,93.4,0.3,53.4,57.1,62.2,-90,13.3
2026-02-13 10:37:24,Salón - Uma (E),63.7,Background Noise,57.8,57.9,57.4,0.0,93.6,6.4,0.0,55.0,57.4,59.9,-114,-0.8
2026-02-13 10:37:25,Pasillo de Laboratorio (E),65.1,People,58.0,57.7,58.0,58.5,13.1,86.1,0.8,55.4,57.6,59.8,-88,13.8
2026-02-13 10:37:55,Salón - Extremo (E),58.1,Background Noise,47.9,47.9,47.4,0.0,99.4,0.6,0.0,40.2,40.8,51.5,-93,11.5
2026-02-13 10:39:03,Pasillo Administrativo (E),69.1,Background Noise,50.7,50.4,55.8,57.0,97.0,2.7,0.3,38.8,40.8,52.9,-104,9.8
2026-02-13 10:42:17,Pasillo de Salones (E),66.0,People,54.8,54.5,55.5,54.2,74.2,23.9,1.9,52.0,54.3,56.4,-94,13.5
2026-02-13 10:42:17,Main Lobby (E),72.0,People,58.2,56.3,58.4,57.6,11.8,87.8,0.3,52.5,55.3,61.0,-87,13.3
2026-02-13 10:42:24,Salón - Uma (E),64.6,Background Noise,57.9,57.9,57.8,58.6,92.3,7.6,0.1,55.1,57.5,59.9,-112,3.8
2026-02-13 10:42:25,Pasillo de Laboratorio (E),65.5,People,58.1,57.8,58.1,58.8,14.1,85.4,0.5,55.6,57.7,59.8,-88,12.0
2026-02-13 10:42:57,Salón - Extremo (E),55.4,Background Noise,48.1,48.1,50.2,50.4,99.0,0.9,0.1,40.2,40.9,51.4,-92,12.8
2026-02-13 10:44:03,Pasillo Administrativo (E),71.0,Background Noise,51.9,51.0,60.3,61.0,96.8,2.9,0.2,38.9,40.9,54.1,-106,9.3
2026-02-13 10:47:17,Pasillo de Salones (E),65.2,People,54.5,54.3,55.3,56.7,85.6,13.5,0.9,51.7,54.1,56.2,-95,13.8
2026-02-13 10:47:17,Main Lobby (E),79.5,People,61.0,58.4,61.1,57.9,6.9,92.7,0.4,53.8,56.9,63.5,-87,13.5
2026-02-13 10:47:24,Salón - Uma (E),63.2,Background Noise,57.8,57.9,57.6,0.0,93.9,6.1,0.0,55.0,57.5,59.8,-109,6.3
2026-02-13 10:47:25,Pasillo de Laboratorio (E),72.2,Background Noise,58.0,58.3,57.9,58.6,26.3,73.1,0.6,55.3,57.6,59.8,-88,13.8
2026-02-13 10:47:55,Salón - Extremo (E),55.0,People,48.0,47.9,50.0,48.5,96.2,3.2,0.6,40.1,40.9,51.3,-90,13.3
2026-02-13 10:49:03,Pasillo Administrativo (E),75.2,People,52.4,49.7,63.4,50.5,96.0,3.9,0.1,38.6,40.6,53.2,-104,9.8
2026-02-13 10:52:17,Pasillo de Salones (E),60.9,Background Noise,54.3,54.3,54.4,0.0,92.3,7.7,0.0,51.9,54.0,56.1,-94,13.3
2026-02-13 10:52:20,Main Lobby (E),77.6,People,63.1,57.6,63.5,56.4,11.3,88.5,0.2,53.8,56.8,66.6,-87,11.5
2026-02-13 10:52:24,Salón - Uma (E),62.8,Background Noise,57.9,57.9,57.8,0.0,95.4,4.6,0.0,54.9,57.5,59.9,-112,2.0
2026-02-13 10:52:26,Pasillo de Laboratorio (E),62.8,People,57.7,57.7,57.7,57.7,27.6,68.5,3.9,55.4,57.5,59.3,-87,14.0
2026-02-13 10:52:56,Salón - Extremo (E),53.5,Background Noise,47.6,47.6,51.6,0.0,99.8,0.2,0.0,40.1,40.8,51.1,-94,11.5
2026-02-13 10:54:03,Pasillo Administrativo (E),70.6,People,54.4,52.0,61.1,59.1,89.4,10.0,0.6,38.9,50.1,57.1,-101,11.3
2026-02-13 10:57:17,Pasillo de Salones (E),67.9,People,55.2,54.8,56.0,56.0,70.8,28.1,1.1,52.1,54.4,56.8,-94,11.8
2026-02-13 10:57:18,Main Lobby (E),78.1,People,66.6,63.1,66.6,0.0,2.4,97.6,0.0,58.5,64.4,70.2,-89,13.5
2026-02-13 10:57:24,Salón - Uma (E),63.0,Background Noise,57.9,58.0,57.5,55.6,93.7,6.2,0.1,54.9,57.6,60.0,-110,5.3
2026-02-13 10:57:26,Pasillo de Laboratorio (E),68.0,People,58.3,58.2,58.3,60.4,25.6,74.0,0.4,55.6,57.9,60.1,-89,14.0
2026-02-13 10:57:56,Salón - Extremo (E),57.6,Background Noise,48.3,48.3,50.3,40.7,98.7,1.3,0.1,40.2,41.0,51.5,-93,12.3
2026-02-13 10:59:03,Pasillo Administrativo (E),70.3,Background Noise,51.3,50.8,56.8,55.8,95.9,3.8,0.2,38.8,40.8,53.6,-106,4.8
2026-02-13 11:02:17,Pasillo de Salones (E),65.6,People,55.1,54.7,55.9,56.7,67.5,32.3,0.2,52.4,54.6,56.9,-96,12.5
2026-02-13 11:02:20,Main Lobby (E),76.0,People,66.1,62.0,66.1,63.6,1.2,98.6,0.2,59.4,64.4,69.4,-89,13.5
2026-02-13 11:02:24,Salón - Uma (E),62.7,Background Noise,57.9,57.9,57.8,0.0,93.4,6.6,0.0,54.8,57.5,59.9,-116,-3.5
2026-02-13 11:02:26,Pasillo de Laboratorio (E),65.6,Background Noise,57.9,58.2,57.9,58.1,13.2,86.5,0.3,55.4,57.5,59.8,-87,13.8
2026-02-13 11:02:56,Salón - Extremo (E),57.0,Background Noise,47.4,47.3,50.5,0.0,98.7,1.3,0.0,40.1,40.7,51.2,-89,13.3
2026-02-13 11:04:03,Pasillo Administrativo (E),75.3,Background Noise,55.7,52.5,65.1,59.7,93.3,6.2,0.4,39.5,50.4,54.6,-107,8.0
2026-02-13 11:07:17,Pasillo de Salones (E),61.7,Background Noise,54.5,54.4,55.1,55.5,83.0,15.5,1.5,52.0,54.2,56.4,-93,11.3
2026-02-13 11:07:20,Main Lobby (E),80.0,People,66.4,62.1,66.5,57.0,3.1,96.8,0.1,59.5,64.4,69.6,-89,13.3
2026-02-13 11:07:25,Salón - Uma (E),62.9,Background Noise,57.7,57.7,57.7,54.1,93.7,6.2,0.1,55.1,57.4,59.7,-105,9.0
2026-02-13 11:07:26,Pasillo de Laboratorio (E),68.8,People,58.1,58.1,58.0,59.2,19.2,80.6,0.2,55.6,57.7,59.8,-87,13.5
2026-02-13 11:07:56,Salón - Extremo (E),55.7,Background Noise,47.3,47.3,47.2,45.6,97.0,2.4,0.6,40.1,40.8,51.1,-93,13.0
2026-02-13 11:09:06,Pasillo Administrativo (E),61.6,Background Noise,51.1,50.8,55.5,56.6,97.0,2.6,0.4,40.2,50.9,53.3,-106,9.0
2026-02-13 11:12:17,Pasillo de Salones (E),62.6,People,54.8,54.5,55.6,56.1,81.2,16.0,2.8,52.0,54.4,56.6,-93,13.0
2026-02-13 11:12:18,Main Lobby (E),76.0,People,65.0,61.1,65.1,66.8,3.2,96.7,0.1,57.6,62.7,68.4,-88,13.3
2026-02-13 11:12:25,Salón - Uma (E),63.9,Background Noise,57.9,57.9,57.8,0.0,92.5,7.5,0.0,55.0,57.6,59.8,-105,9.3
2026-02-13 11:12:26,Pasillo de Laboratorio (E),73.7,People,59.4,58.0,59.5,62.8,9.5,90.4,0.1,55.5,57.9,60.7,-88,13.5
2026-02-13 11:12:56,Salón - Extremo (E),54.4,Background Noise,47.4,47.4,48.3,40.5,99.2,0.7,0.2,40.1,40.7,51.3,-93,13.3
2026-02-13 11:14:04,Pasillo Administrativo (E),69.1,Background Noise,51.0,50.9,55.0,55.0,97.6,2.3,0.1,39.5,50.4,52.8,-105,8.8
2026-02-13 11:17:18,Pasillo de Salones (E),61.3,People,54.3,54.3,55.4,55.3,96.7,3.2,0.1,51.7,54.1,56.2,-93,13.3
2026-02-13 11:17:18,Main Lobby (E),78.8,People,63.9,58.2,64.1,60.2,7.7,92.2,0.1,54.2,59.4,66.7,-88,14.0
2026-02-13 11:17:25,Salón - Uma (E),63.3,Background Noise,58.0,58.0,57.8,0.0,93.2,6.8,0.0,55.0,57.5,60.0,-115,0.5
2026-02-13 11:17:26,Pasillo de Laboratorio (E),68.4,People,58.0,57.9,58.0,0.0,15.7,84.3,0.0,55.5,57.6,59.7,-88,13.5
2026-02-13 11:17:56,Salón - Extremo (E),54.2,Background Noise,47.4,47.4,0.0,40.9,99.9,0.0,0.1,40.1,40.8,51.1,-92,13.3
2026-02-13 11:19:04,Pasillo Administrativo (E),69.4,Background Noise,50.0,49.4,58.5,58.9,98.0,1.9,0.1,39.3,41.0,52.1,-106,8.0
2026-02-13 11:22:18,Pasillo de Salones (E),59.2,Background Noise,54.2,54.2,54.6,0.0,98.8,1.2,0.0,51.7,54.0,56.0,-93,11.3
2026-02-13 11:22:21,Main Lobby (E),80.9,People,64.2,58.3,64.5,60.7,8.3,91.2,0.4,54.7,59.5,67.8,-88,13.3
2026-02-13 11:22:25,Salón - Uma (E),63.5,Background Noise,57.9,57.9,57.6,0.0,94.9,5.1,0.0,54.9,57.5,60.0,-109,4.5
2026-02-13 11:22:26,Pasillo de Laboratorio (E),72.0,People,59.5,58.5,59.7,62.3,19.7,80.0,0.3,55.7,58.2,61.4,-88,13.5
2026-02-13 11:22:56,Salón - Extremo (E),56.2,Background Noise,47.8,47.7,50.4,50.6,98.3,1.5,0.3,40.1,40.8,51.3,-88,13.5
2026-02-13 11:24:04,Pasillo Administrativo (E),68.0,Background Noise,50.8,50.5,58.0,63.6,99.3,0.5,0.2,39.5,50.3,52.5,-104,10.0
2026-02-13 11:27:18,Pasillo de Salones (E),58.3,Background Noise,54.3,54.3,54.7,0.0,99.3,0.7,0.0,51.9,54.0,56.1,-92,13.0
2026-02-13 11:27:18,Main Lobby (E),75.8,People,60.5,58.0,60.7,62.1,10.7,89.2,0.1,54.4,57.2,62.8,-90,13.5
2026-02-13 11:27:25,Salón - Uma (E),62.4,Background Noise,57.8,57.8,57.8,0.0,95.1,4.9,0.0,54.9,57.4,59.9,-112,3.8
2026-02-13 11:27:26,Pasillo de Laboratorio (E),70.2,People,57.7,57.6,57.8,56.6,11.9,88.0,0.1,55.2,57.4,59.4,-88,13.8
2026-02-13 11:27:56,Salón - Extremo (E),53.4,Background Noise,47.6,47.6,0.0,0.0,100.0,0.0,0.0,40.1,40.8,51.2,-91,13.8
2026-02-13 11:29:04,Pasillo Administrativo (E),67.9,People,51.4,50.4,60.3,53.8,97.1,2.7,0.2,39.4,50.3,53.2,-107,8.0
2026-02-13 11:32:18,Pasillo de Salones (E),58.9,Background Noise,54.3,54.3,53.9,0.0,99.8,0.3,0.0,51.8,54.0,56.1,-93,13.5
2026-02-13 11:32:19,Main Lobby (E),73.0,People,59.1,58.2,59.4,57.9,21.5,78.2,0.3,53.4,56.4,61.6,-89,13.5
2026-02-13 11:32:25,Salón - Uma (E),63.3,Background Noise,57.8,57.8,57.4,0.0,94.7,5.3,0.0,54.9,57.4,59.9,-107,6.8
2026-02-13 11:32:27,Pasillo de Laboratorio (E),64.6,People,57.6,57.7,57.6,0.0,22.4,77.6,0.0,55.1,57.3,59.4,-88,13.5
2026-02-13 11:32:57,Salón - Extremo (E),53.2,Background Noise,47.3,47.3,0.0,0.0,100.0,0.0,0.0,40.1,40.8,51.1,-90,13.5
2026-02-13 11:34:04,Pasillo Administrativo (E),69.5,People,50.5,50.1,61.5,51.2,99.0,0.8,0.2,39.3,50.2,52.5,-106,9.0
2026-02-13 11:37:18,Pasillo de Salones (E),59.1,Background Noise,54.1,54.1,52.4,0.0,99.9,0.1,0.0,51.6,53.8,56.0,-93,12.3
2026-02-13 11:37:19,Main Lobby (E),76.6,People,60.3,57.2,60.8,57.6,17.2,81.8,0.9,53.1,55.9,61.4,-89,13.5
2026-02-13 11:37:25,Salón - Uma (E),62.7,Background Noise,57.7,57.7,57.5,0.0,96.2,3.8,0.0,54.8,57.3,59.8,-110,5.5
2026-02-13 11:37:27,Pasillo de Laboratorio (E),71.3,People,58.1,58.0,58.2,0.0,11.7,88.3,0.0,55.3,57.4,59.7,-89,13.8
2026-02-13 11:37:57,Salón - Extremo (E),53.4,Background Noise,47.7,47.7,50.3,0.0,99.9,0.1,0.0,40.1,40.9,51.1,-92,13.8
2026-02-13 11:39:04,Pasillo Administrativo (E),68.5,Background Noise,50.6,50.6,54.5,0.0,98.8,1.2,0.0,39.5,50.5,53.0,-108,7.5
2026-02-13 11:42:18,Pasillo de Salones (E),58.9,Background Noise,54.3,54.3,54.9,54.9,98.0,1.9,0.1,51.7,54.0,56.3,-95,13.3
2026-02-13 11:42:19,Main Lobby (E),79.3,People,61.0,58.7,61.2,58.9,7.4,92.3,0.3,53.0,56.5,63.6,-88,13.8
2026-02-13 11:42:25,Salón - Uma (E),62.8,Background Noise,57.7,57.8,57.4,0.0,94.1,5.9,0.0,54.9,57.3,59.8,-107,7.8
2026-02-13 11:42:27,Pasillo de Laboratorio (E),75.7,People,60.5,58.1,60.8,59.7,13.9,85.7,0.4,55.8,58.1,62.1,-98,10.5
2026-02-13 11:42:57,Salón - Extremo (E),54.1,Background Noise,47.4,47.4,40.5,0.0,99.9,0.1,0.0,40.1,40.8,51.2,-94,13.8
2026-02-13 11:44:05,Pasillo Administrativo (E),70.6,Background Noise,53.2,52.0,62.1,53.5,96.3,3.5,0.2,39.8,50.9,53.7,-104,9.3
2026-02-13 11:47:18,Pasillo de Salones (E),63.0,People,54.3,54.2,57.2,53.6,97.7,2.2,0.1,51.7,54.0,56.2,-93,13.3
2026-02-13 11:47:19,Main Lobby (E),73.4,People,60.1,59.2,60.2,59.4,7.5,91.7,0.8,53.3,57.8,63.5,-87,11.3
2026-02-13 11:47:26,Salón - Uma (E),63.4,Background Noise,57.9,57.9,58.0,0.0,92.0,8.0,0.0,54.9,57.5,60.0,-113,2.3
2026-02-13 11:47:27,Pasillo de Laboratorio (E),70.2,Background Noise,58.4,58.3,58.4,61.4,15.2,84.5,0.2,55.7,57.8,60.2,-98,12.3
2026-02-13 11:47:57,Salón - Extremo (E),56.0,Background Noise,48.4,48.4,40.3,0.0,99.9,0.1,0.0,40.2,50.0,51.5,-93,13.3
2026-02-13 11:49:05,Pasillo Administrativo (E),70.3,Background Noise,52.1,51.8,59.8,57.7,98.6,1.3,0.2,40.0,51.1,53.5,-104,8.8
2026-02-13 11:52:18,Pasillo de Salones (E),61.2,People,54.5,54.4,56.2,57.1,98.1,1.7,0.3,51.9,54.1,56.4,-95,13.0
2026-02-13 11:52:19,Main Lobby (E),76.0,Vehicle,62.8,59.1,63.2,66.9,13.1,86.1,0.8,54.4,59.3,66.5,-89,13.3
2026-02-13 11:52:26,Salón - Uma (E),64.1,Background Noise,57.9,58.0,57.5,0.0,93.2,6.8,0.0,55.1,57.5,60.0,-108,7.3
2026-02-13 11:52:28,Pasillo de Laboratorio (E),73.3,People,59.3,58.0,59.5,60.2,19.4,80.1,0.5,56.1,58.3,60.9,-99,10.3
2026-02-13 11:52:57,Salón - Extremo (E),55.6,Background Noise,48.1,48.2,40.7,0.0,99.8,0.3,0.0,40.1,40.9,51.3,-88,13.5
2026-02-13 11:54:05,Pasillo Administrativo (E),70.5,Background Noise,52.0,52.0,55.9,59.2,99.3,0.5,0.2,39.9,51.1,53.5,-107,8.5
2026-02-13 11:57:19,Pasillo de Salones (E),68.2,People,55.2,54.4,58.5,55.6,87.7,11.9,0.4,52.0,54.2,56.8,-94,13.3
2026-02-13 11:57:19,Main Lobby (E),73.5,People,58.3,56.8,58.5,57.7,16.3,82.8,0.9,53.2,55.9,61.1,-88,14.0
2026-02-13 11:57:26,Salón - Uma (E),63.1,Background Noise,58.0,58.0,57.6,0.0,92.0,8.0,0.0,55.0,57.6,60.0,-110,4.8
2026-02-13 11:57:30,Pasillo de Laboratorio (E),66.6,People,58.6,58.2,58.7,58.8,26.9,72.7,0.4,55.9,58.2,60.2,-100,12.0
2026-02-13 11:57:57,Salón - Extremo (E),58.9,Vehicle,48.2,48.2,49.1,56.4,97.3,2.5,0.2,40.1,40.9,51.5,-91,11.5
2026-02-13 11:59:05,Pasillo Administrativo (E),71.8,Background Noise,53.3,53.1,55.8,56.0,96.7,3.2,0.1,40.1,51.2,54.7,-107,8.0
2026-02-13 12:02:19,Pasillo de Salones (E),59.7,People,54.3,54.2,55.6,52.2,98.0,1.9,0.1,51.8,54.0,56.1,-95,10.0
2026-02-13 12:02:19,Main Lobby (E),80.9,People,61.9,59.6,62.1,60.4,10.8,88.3,0.9,54.9,57.6,64.4,-88,13.8
2026-02-13 12:02:26,Salón - Uma (E),63.0,Background Noise,57.9,57.9,57.9,0.0,93.7,6.2,0.0,55.0,57.6,59.9,-112,3.3
2026-02-13 12:02:27,Pasillo de Laboratorio (E),67.2,Background Noise,58.6,58.0,58.8,59.9,26.5,73.3,0.2,55.9,58.1,60.3,-99,10.0
2026-02-13 12:02:57,Salón - Extremo (E),54.9,Background Noise,48.2,48.2,51.3,0.0,99.8,0.2,0.0,40.2,40.9,51.4,-93,13.0
2026-02-13 12:04:05,Pasillo Administrativo (E),71.1,Background Noise,52.4,52.2,56.9,54.2,97.6,2.3,0.1,39.9,51.3,54.3,-104,9.8
2026-02-13 12:07:19,Pasillo de Salones (E),59.0,Background Noise,54.1,54.1,53.5,0.0,99.4,0.6,0.0,51.7,53.9,55.9,-93,13.5
2026-02-13 12:07:19,Main Lobby (E),76.0,People,59.0,58.6,59.0,56.6,12.1,87.4,0.5,54.4,56.8,60.8,-88,14.0
2026-02-13 12:07:27,Pasillo de Laboratorio (E),69.5,People,58.7,58.1,58.9,59.0,18.7,81.0,0.3,56.1,58.2,60.6,-98,12.0
2026-02-13 12:07:57,Salón - Extremo (E),55.3,Background Noise,47.5,47.5,50.2,0.0,99.8,0.2,0.0,40.1,40.8,51.1,-92,11.5
2026-02-13 12:09:05,Pasillo Administrativo (E),67.1,Background Noise,52.3,52.3,57.9,0.0,99.7,0.3,0.0,40.6,52.0,54.2,-106,9.0
2026-02-13 12:12:19,Pasillo de Salones (E),58.6,Background Noise,54.2,54.2,53.6,0.0,99.8,0.3,0.0,51.8,53.9,56.0,-95,13.0
2026-02-13 12:12:20,Main Lobby (E),71.8,People,57.5,55.8,57.8,56.9,21.9,77.1,1.0,52.7,55.0,59.9,-87,11.5
2026-02-13 12:12:26,Salón - Uma (E),63.3,Background Noise,57.8,57.8,57.7,0.0,94.8,5.2,0.0,54.9,57.4,59.8,-116,-2.5
2026-02-13 12:12:29,Pasillo de Laboratorio (E),68.3,Background Noise,58.9,59.5,58.9,64.2,3.7,96.2,0.1,56.3,58.5,60.7,-97,12.5
2026-02-13 12:12:58,Salón - Extremo (E),53.0,Background Noise,47.7,47.7,0.0,0.0,100.0,0.0,0.0,40.1,40.9,51.3,-88,13.8
2026-02-13 12:14:05,Pasillo Administrativo (E),70.5,Background Noise,52.7,52.7,54.5,0.0,99.7,0.3,0.0,40.5,52.1,54.6,-103,10.8
2026-02-13 12:17:19,Pasillo de Salones (E),61.5,Background Noise,54.3,54.3,54.2,54.9,98.8,1.0,0.2,51.7,54.0,56.2,-96,9.5
2026-02-13 12:17:20,Main Lobby (E),72.0,People,59.9,57.8,60.1,61.2,15.3,84.2,0.5,53.9,56.7,62.9,-90,13.3
2026-02-13 12:17:26,Salón - Uma (E),62.6,Background Noise,57.8,57.8,57.2,0.0,95.3,4.7,0.0,55.1,57.3,59.9,-110,5.3
2026-02-13 12:17:28,Pasillo de Laboratorio (E),71.8,People,58.8,58.2,58.8,63.1,6.2,93.6,0.2,56.1,58.3,60.5,-97,12.8
2026-02-13 12:17:58,Salón - Extremo (E),55.7,People,47.8,47.8,48.5,48.1,91.1,3.8,5.1,40.2,40.9,51.2,-93,13.0
2026-02-13 12:19:05,Pasillo Administrativo (E),64.5,Background Noise,52.5,52.4,55.4,0.0,98.7,1.3,0.0,40.1,51.9,54.7,-106,7.8
2026-02-13 12:22:19,Pasillo de Salones (E),67.4,Background Noise,54.5,54.3,57.8,56.7,96.4,3.4,0.2,51.7,54.0,56.3,-94,13.8
2026-02-13 12:22:20,Main Lobby (E),82.7,People,59.4,57.0,59.7,67.9,19.5,80.2,0.3,53.9,55.9,60.3,-89,13.8
2026-02-13 12:22:26,Salón - Uma (E),63.3,Background Noise,57.8,57.8,58.1,0.0,92.0,8.0,0.0,54.8,57.4,59.9,-111,4.8
2026-02-13 12:22:29,Pasillo de Laboratorio (E),65.3,People,58.4,58.0,58.5,59.7,8.1,91.7,0.2,55.9,58.1,60.2,-98,12.5
2026-02-13 12:22:58,Salón - Extremo (E),53.7,Background Noise,47.7,47.8,48.4,47.4,88.9,2.0,9.1,40.2,40.8,51.4,-92,12.5
2026-02-13 12:24:06,Pasillo Administrativo (E),69.4,Background Noise,48.9,48.8,48.9,56.6,99.8,0.2,0.1,38.4,40.2,51.4,-105,8.8
2026-02-13 12:27:19,Pasillo de Salones (E),68.3,People,55.3,54.5,58.1,55.8,83.6,16.3,0.1,52.0,54.4,57.3,-85,13.8
2026-02-13 12:27:20,Main Lobby (E),69.7,People,56.3,55.8,56.5,57.7,27.2,72.6,0.2,53.0,54.7,58.3,-91,13.3
2026-02-13 12:27:27,Salón - Uma (E),65.2,Background Noise,58.0,58.0,57.7,0.0,88.7,11.3,0.0,55.2,57.6,60.0,-106,9.0
2026-02-13 12:27:28,Pasillo de Laboratorio (E),64.4,Background Noise,58.2,58.0,58.2,0.0,18.7,81.3,0.0,55.8,57.9,59.9,-98,12.5
2026-02-13 12:27:58,Salón - Extremo (E),58.8,People,48.3,48.0,51.7,47.7,94.2,5.4,0.4,40.2,40.9,51.6,-80,14.5
2026-02-13 12:29:06,Pasillo Administrativo (E),65.5,Background Noise,49.0,48.6,56.8,55.1,98.4,1.3,0.3,38.5,40.3,52.0,-104,10.0
2026-02-13 12:32:19,Pasillo de Salones (E),67.6,People,54.9,54.5,56.1,54.3,78.3,20.8,0.9,52.1,54.2,56.6,-85,13.8
2026-02-13 12:32:20,Main Lobby (E),80.3,People,64.4,58.7,65.0,60.8,15.8,84.0,0.2,54.4,58.1,68.5,-89,13.5
2026-02-13 12:32:27,Salón - Uma (E),62.8,Background Noise,58.0,58.0,57.8,0.0,90.9,9.1,0.0,55.1,57.6,60.0,-114,-2.8
2026-02-13 12:32:28,Pasillo de Laboratorio (E),63.3,People,58.3,58.1,58.3,59.4,21.4,78.3,0.3,55.8,58.0,60.0,-98,12.8
2026-02-13 12:32:58,Salón - Extremo (E),57.2,Background Noise,48.7,48.6,50.0,0.0,99.6,0.4,0.0,40.2,50.0,51.7,-78,14.0
2026-02-13 12:34:06,Pasillo Administrativo (E),70.9,People,50.0,49.4,61.3,60.5,98.9,0.9,0.2,38.7,40.6,52.2,-107,8.5
2026-02-13 12:37:20,Pasillo de Salones (E),66.1,People,54.9,54.6,56.4,58.1,86.3,13.4,0.2,52.0,54.3,56.6,-97,12.8
2026-02-13 12:37:20,Main Lobby (E),73.8,People,58.9,56.1,59.4,57.7,19.7,80.0,0.3,52.8,56.0,62.0,-88,13.5
2026-02-13 12:37:27,Salón - Uma (E),64.2,Background Noise,57.9,57.9,58.3,0.0,93.6,6.4,0.0,55.1,57.6,60.0,-110,5.5
2026-02-13 12:37:30,Pasillo de Laboratorio (E),65.3,People,58.4,57.8,58.5,58.7,13.3,86.4,0.2,55.8,58.0,60.3,-97,13.0
2026-02-13 12:37:58,Salón - Extremo (E),60.7,Background Noise,48.4,48.4,50.7,40.1,99.3,0.5,0.2,40.2,41.0,51.6,-83,14.0
2026-02-13 12:39:06,Pasillo Administrativo (E),69.7,Background Noise,51.8,50.9,58.1,60.1,95.1,4.7,0.2,38.7,40.9,55.0,-107,8.0
2026-02-13 12:42:20,Pasillo de Salones (E),67.0,People,55.1,54.6,57.4,56.2,85.9,13.6,0.5,52.0,54.4,56.9,-90,11.8
2026-02-13 12:42:22,Main Lobby (E),71.3,People,58.5,56.9,58.9,56.9,24.2,75.3,0.5,53.0,56.0,61.4,-88,13.8
2026-02-13 12:42:27,Salón - Uma (E),63.2,People,57.9,57.9,58.0,55.2,92.6,7.2,0.2,55.1,57.6,59.9,-96,12.8
2026-02-13 12:42:28,Pasillo de Laboratorio (E),74.7,People,59.1,58.8,59.2,58.9,16.3,83.4,0.3,55.9,58.3,60.7,-98,12.8
2026-02-13 12:42:58,Salón - Extremo (E),55.5,Background Noise,48.4,48.4,51.1,40.3,98.0,1.9,0.1,40.2,50.0,51.4,-83,14.5
2026-02-13 12:44:06,Pasillo Administrativo (E),61.3,Background Noise,46.7,46.7,50.6,0.0,99.8,0.2,0.0,38.3,40.0,51.0,-106,7.8
2026-02-13 12:47:20,Pasillo de Salones (E),62.8,People,54.6,54.4,56.1,54.5,90.3,9.2,0.4,51.9,54.1,56.5,-84,13.5
2026-02-13 12:47:20,Main Lobby (E),73.7,People,59.1,58.1,59.2,58.6,10.3,89.2,0.5,53.2,56.1,61.7,-89,13.5
2026-02-13 12:47:27,Salón - Uma (E),63.6,Background Noise,57.9,57.9,57.8,0.0,94.2,5.8,0.0,54.9,57.3,60.0,-106,9.0
2026-02-13 12:47:29,Pasillo de Laboratorio (E),73.0,People,60.5,60.4,60.5,60.1,38.3,61.5,0.2,56.1,58.7,63.1,-97,13.3
2026-02-13 12:47:58,Salón - Extremo (E),58.4,Background Noise,48.0,48.0,48.4,48.1,99.3,0.4,0.3,40.1,40.9,51.3,-82,14.3
2026-02-13 12:49:06,Pasillo Administrativo (E),74.1,People,52.2,50.8,62.7,55.4,96.8,2.7,0.5,38.8,40.8,53.6,-106,8.8
2026-02-13 12:52:20,Pasillo de Salones (E),72.1,Background Noise,59.5,58.6,61.2,60.2,70.6,28.0,1.4,52.7,55.8,63.4,-95,13.0
2026-02-13 12:52:21,Main Lobby (E),72.9,People,62.4,61.8,62.5,58.2,15.7,83.2,1.1,53.9,58.7,66.7,-88,14.5
2026-02-13 12:52:27,Salón - Uma (E),63.0,Background Noise,58.2,58.2,58.4,0.0,85.2,14.7,0.0,55.3,57.8,60.3,-107,8.0
2026-02-13 12:52:29,Pasillo de Laboratorio (E),79.2,Vehicle,61.0,61.1,60.5,71.8,43.5,56.0,0.5,56.2,58.7,63.1,-99,12.0
2026-02-13 12:52:59,Salón - Extremo (E),66.4,Background Noise,52.6,51.8,56.3,50.7,89.2,10.5,0.3,40.2,50.6,55.8,-79,13.5
2026-02-13 12:54:06,Pasillo Administrativo (E),66.7,Background Noise,48.9,48.7,54.9,55.0,98.6,1.3,0.1,38.5,40.3,51.9,-106,8.0
2026-02-13 12:57:20,Pasillo de Salones (E),68.6,People,55.3,55.1,55.8,55.5,63.4,34.4,2.2,52.4,54.7,57.0,-89,14.0
2026-02-13 12:57:21,Main Lobby (E),75.1,People,59.7,56.4,59.9,68.4,11.9,87.7,0.4,53.3,57.1,62.4,-88,13.8
2026-02-13 12:57:27,Salón - Uma (E),63.5,Background Noise,57.9,57.9,57.7,0.0,90.0,10.0,0.0,54.9,57.5,59.9,-100,10.3
2026-02-13 12:57:29,Pasillo de Laboratorio (E),70.6,Background Noise,58.5,58.6,58.5,0.0,9.5,90.5,0.0,55.7,58.0,60.3,-99,12.0
2026-02-13 12:57:59,Salón - Extremo (E),56.2,Background Noise,47.8,47.8,45.7,48.3,97.8,2.1,0.2,40.1,40.9,51.2,-82,14.0
2026-02-13 12:59:06,Pasillo Administrativo (E),69.2,Background Noise,48.3,47.4,60.9,0.0,98.8,1.2,0.0,38.2,40.0,51.0,-106,8.5
2026-02-13 13:02:20,Pasillo de Salones (E),65.4,Background Noise,55.7,55.2,56.6,55.3,64.8,32.7,2.4,52.4,54.9,57.8,-84,12.5
2026-02-13 13:02:21,Main Lobby (E),71.5,People,59.5,57.9,59.8,57.8,15.7,83.8,0.5,53.6,57.1,62.5,-80,11.0
2026-02-13 13:02:27,Salón - Uma (E),63.6,Background Noise,58.0,58.0,58.2,0.0,88.3,11.8,0.0,55.1,57.7,60.1,-96,13.0
2026-02-13 13:02:29,Pasillo de Laboratorio (E),71.7,People,59.0,58.3,59.1,0.0,21.7,78.3,0.0,55.9,58.2,60.8,-98,12.5
2026-02-13 13:02:59,Salón - Extremo (E),60.5,Background Noise,48.6,48.4,50.9,40.2,95.6,4.3,0.1,40.2,40.9,51.8,-78,13.3
2026-02-13 13:04:07,Pasillo Administrativo (E),69.9,Background Noise,51.0,50.6,56.3,56.9,97.2,2.3,0.5,38.4,40.4,53.3,-93,13.0
2026-02-13 13:07:20,Pasillo de Salones (E),66.3,People,54.7,54.4,55.3,54.6,73.2,25.6,1.2,52.2,54.3,56.4,-83,14.3
2026-02-13 13:07:21,Main Lobby (E),75.3,People,57.3,57.5,57.2,58.6,12.5,86.3,1.2,52.7,55.2,59.7,-80,14.0
2026-02-13 13:07:28,Salón - Uma (E),63.2,Background Noise,57.8,57.8,58.0,0.0,91.0,9.0,0.0,55.0,57.5,59.7,-102,10.8
2026-02-13 13:07:30,Pasillo de Laboratorio (E),82.5,Vehicle,59.9,58.9,59.1,73.7,16.9,82.3,0.7,56.0,58.3,61.1,-98,10.8
2026-02-13 13:07:59,Salón - Extremo (E),54.5,People,47.4,47.4,52.4,0.0,99.8,0.2,0.0,40.2,40.7,51.1,-84,13.5
2026-02-13 13:09:07,Pasillo Administrativo (E),70.2,Background Noise,47.7,47.6,54.6,55.2,99.2,0.7,0.2,38.4,40.0,51.1,-93,13.3
2026-02-13 13:12:20,Pasillo de Salones (E),65.5,People,55.2,54.9,56.2,55.0,80.0,19.3,0.8,52.4,54.6,57.0,-92,13.8
2026-02-13 13:12:21,Main Lobby (E),78.9,Vehicle,57.9,54.2,58.0,71.2,20.6,78.9,0.5,51.5,54.0,57.9,-79,13.5
2026-02-13 13:12:28,Salón - Uma (E),64.2,Background Noise,57.9,57.9,58.0,0.0,91.5,8.5,0.0,55.0,57.5,59.9,-102,10.8
2026-02-13 13:12:29,Pasillo de Laboratorio (E),71.4,Background Noise,58.9,59.0,58.9,60.4,21.6,77.7,0.7,55.8,58.2,60.8,-97,8.3
2026-02-13 13:12:59,Salón - Extremo (E),59.8,Background Noise,47.9,47.9,50.9,51.1,99.8,0.1,0.1,40.2,40.9,51.2,-93,13.3
2026-02-13 13:14:07,Pasillo Administrativo (E),68.3,Background Noise,49.1,49.0,53.5,57.4,99.0,0.9,0.1,38.6,40.3,51.6,-95,12.8
2026-02-13 13:17:21,Pasillo de Salones (E),63.6,People,55.1,54.7,56.5,55.0,83.5,16.0,0.5,52.1,54.5,57.0,-92,13.3
2026-02-13 13:17:21,Main Lobby (E),74.7,People,60.2,58.2,60.5,58.3,18.1,81.0,0.9,52.5,56.6,63.5,-78,13.3
2026-02-13 13:17:28,Salón - Uma (E),63.3,Background Noise,57.9,57.9,57.8,0.0,91.5,8.5,0.0,55.1,57.5,59.8,-102,11.0
2026-02-13 13:17:41,Pasillo de Laboratorio (E),71.1,Background Noise,59.1,59.3,58.9,58.0,42.0,56.3,1.7,55.8,58.0,60.7,-99,12.0
2026-02-13 13:17:59,Salón - Extremo (E),63.0,People,48.6,48.4,52.1,0.0,96.7,3.3,0.0,40.2,41.0,51.6,-94,11.5
2026-02-13 13:19:09,Pasillo Administrativo (E),77.2,People,58.9,52.9,66.5,62.8,86.0,13.3,0.8,38.7,50.3,61.5,-94,12.5
2026-02-13 13:22:21,Pasillo de Salones (E),74.4,People,56.8,55.4,60.1,55.1,79.4,19.8,0.8,52.3,54.9,58.5,-95,13.5
2026-02-13 13:22:21,Main Lobby (E),83.0,People,64.8,59.8,65.1,57.7,8.7,90.6,0.7,53.6,60.0,67.8,-77,14.0
2026-02-13 13:22:28,Salón - Uma (E),69.5,People,58.1,58.0,58.8,0.0,87.8,12.2,0.0,55.1,57.7,60.1,-98,12.3
2026-02-13 13:22:29,Pasillo de Laboratorio (E),71.2,Background Noise,59.4,59.1,59.5,58.4,32.4,66.9,0.7,55.5,57.7,61.4,-99,12.0
2026-02-13 13:22:59,Salón - Extremo (E),57.9,People,48.5,48.1,52.8,0.0,94.9,5.1,0.0,40.2,40.9,51.8,-89,13.8
2026-02-13 13:24:07,Pasillo Administrativo (E),67.1,Background Noise,47.1,47.0,50.5,0.0,99.2,0.8,0.0,38.4,39.9,50.9,-95,13.5
2026-02-13 13:27:21,Pasillo de Salones (E),69.8,People,55.2,54.7,58.3,54.5,89.8,10.0,0.2,52.0,54.3,57.1,-97,12.8
2026-02-13 13:27:21,Main Lobby (E),70.1,Vehicle,55.2,55.6,55.0,65.0,14.3,85.4,0.3,51.5,53.6,57.0,-77,9.8
2026-02-13 13:27:28,Salón - Uma (E),64.5,People,57.9,57.9,58.1,0.0,94.0,6.0,0.0,54.9,57.5,60.0,-100,12.0
2026-02-13 13:27:29,Pasillo de Laboratorio (E),71.4,Background Noise,58.2,58.6,57.9,59.4,40.0,59.3,0.7,55.3,57.3,59.6,-97,10.8
2026-02-13 13:27:59,Salón - Extremo (E),57.0,Background Noise,47.6,47.5,50.8,0.0,98.2,1.8,0.0,40.1,40.8,51.2,-94,13.5
2026-02-13 13:29:07,Pasillo Administrativo (E),71.8,People,48.0,47.0,60.7,0.0,98.8,1.2,0.0,38.3,39.9,50.9,-92,13.3
2026-02-13 13:32:21,Pasillo de Salones (E),65.4,People,54.7,54.3,57.1,56.0,89.5,10.0,0.5,51.9,54.1,56.4,-99,12.5
2026-02-13 13:32:22,Main Lobby (E),72.0,People,56.5,54.0,56.9,55.1,17.2,82.6,0.2,51.7,53.7,58.5,-76,14.3
2026-02-13 13:32:28,Salón - Uma (E),63.9,Background Noise,57.9,57.9,57.7,0.0,92.1,7.9,0.0,54.8,57.4,59.9,-106,7.5
2026-02-13 13:32:30,Pasillo de Laboratorio (E),82.6,People,60.2,59.8,60.4,56.8,37.7,62.2,0.2,55.7,58.2,61.0,-98,12.8
2026-02-13 13:33:00,Salón - Extremo (E),53.4,Background Noise,48.0,48.0,48.2,0.0,99.1,0.9,0.0,40.2,40.9,51.4,-91,13.8
2026-02-13 13:34:07,Pasillo Administrativo (E),71.6,Background Noise,48.7,48.4,56.0,0.0,98.5,1.5,0.0,38.5,40.1,51.4,-97,10.8
2026-02-13 13:37:21,Pasillo de Salones (E),70.6,People,55.6,54.9,57.7,54.8,79.4,19.7,0.9,52.1,54.6,57.4,-104,9.3
2026-02-13 13:37:22,Main Lobby (E),73.5,People,60.7,57.8,61.1,57.9,15.4,83.8,0.8,53.9,58.0,63.9,-79,13.8
2026-02-13 13:37:28,Salón - Uma (E),67.4,People,58.0,58.0,58.2,0.0,88.1,11.9,0.0,54.9,57.7,60.1,-111,4.5
2026-02-13 13:37:31,Pasillo de Laboratorio (E),73.9,People,57.9,57.7,58.0,58.4,12.1,87.8,0.2,55.2,57.3,59.4,-100,12.0
2026-02-13 13:38:00,Salón - Extremo (E),62.6,People,48.2,48.0,51.8,49.7,96.6,3.2,0.2,40.2,40.8,51.6,-90,13.5
2026-02-13 13:39:07,Pasillo Administrativo (E),65.1,People,48.2,47.5,57.7,58.2,98.1,1.6,0.3,38.3,40.1,51.6,-103,9.3
2026-02-13 13:42:21,Pasillo de Salones (E),72.7,People,55.6,54.3,59.9,57.7,86.4,13.4,0.2,51.6,54.2,57.2,-107,8.3
2026-02-13 13:42:22,Main Lobby (E),71.9,People,58.2,56.9,58.6,56.2,24.7,75.0,0.2,52.4,55.7,61.4,-79,13.8
2026-02-13 13:42:29,Salón - Uma (E),63.3,Background Noise,58.0,57.9,58.3,0.0,88.5,11.5,0.0,55.2,57.5,60.0,-108,7.3
2026-02-13 13:42:30,Pasillo de Laboratorio (E),66.2,Background Noise,58.2,58.7,58.0,63.4,16.3,83.3,0.3,55.3,57.7,60.0,-98,12.8
2026-02-13 13:43:00,Salón - Extremo (E),56.4,People,47.8,47.4,52.0,0.0,94.5,5.5,0.0,40.1,40.8,51.4,-89,14.3
2026-02-13 13:44:08,Pasillo Administrativo (E),61.9,Background Noise,48.0,47.8,53.1,51.7,97.7,2.2,0.1,38.5,40.3,51.8,-103,10.5
2026-02-13 13:47:21,Pasillo de Salones (E),61.7,People,54.1,54.0,55.6,53.6,97.1,2.8,0.1,51.7,53.8,55.9,-102,10.8
2026-02-13 13:47:22,Main Lobby (E),76.4,People,57.9,55.7,58.6,57.5,29.6,69.2,1.3,51.8,54.4,60.0,-77,13.5
2026-02-13 13:47:29,Salón - Uma (E),63.7,Background Noise,57.8,57.9,57.6,0.0,94.5,5.5,0.0,54.9,57.4,59.9,-110,5.5
2026-02-13 13:47:30,Pasillo de Laboratorio (E),71.3,Background Noise,58.9,58.9,58.8,61.8,27.4,71.7,0.9,55.8,58.1,60.7,-98,11.8
2026-02-13 13:48:00,Salón - Extremo (E),53.4,Background Noise,47.3,47.3,46.6,0.0,99.7,0.3,0.0,40.1,40.7,51.1,-92,13.5
2026-02-13 13:49:08,Pasillo Administrativo (E),68.9,Background Noise,47.0,47.0,53.7,0.0,99.9,0.1,0.0,38.3,40.1,51.0,-103,9.5
2026-02-13 13:52:23,Pasillo de Salones (E),66.4,People,55.3,54.8,57.3,57.7,84.8,14.7,0.5,52.1,54.4,57.1,-104,8.8
2026-02-13 13:52:23,Main Lobby (E),73.3,People,59.6,57.0,60.1,59.6,18.4,81.0,0.6,52.5,56.0,63.0,-78,13.3
2026-02-13 13:52:29,Salón - Uma (E),72.3,Background Noise,58.5,58.3,59.1,58.4,78.3,20.0,1.8,55.3,57.9,60.2,-108,7.5
2026-02-13 13:52:30,Pasillo de Laboratorio (E),74.6,People,59.7,58.0,59.9,59.2,14.9,84.8,0.3,55.7,58.1,60.8,-99,12.3
2026-02-13 13:53:00,Salón - Extremo (E),56.5,Background Noise,47.9,47.8,50.1,40.2,97.8,2.1,0.1,40.1,40.8,51.4,-93,11.5
2026-02-13 13:54:08,Pasillo Administrativo (E),70.0,Background Noise,47.1,47.0,52.3,50.7,99.5,0.4,0.1,38.3,40.0,50.9,-105,9.5
2026-02-13 13:57:22,Pasillo de Salones (E),67.3,Background Noise,54.5,54.5,55.2,56.7,95.6,4.3,0.1,51.7,54.0,56.2,-104,10.5
2026-02-13 13:57:22,Main Lobby (E),75.5,People,59.8,57.4,60.2,58.1,18.1,81.0,0.9,53.5,56.5,62.7,-89,12.8
2026-02-13 13:57:29,Salón - Uma (E),64.5,People,58.6,58.2,58.7,56.6,25.8,74.0,0.2,55.9,58.2,60.4,-110,6.5
2026-02-13 13:57:30,Pasillo de Laboratorio (E),68.4,People,58.7,58.5,58.8,58.7,17.5,82.2,0.3,56.0,58.2,60.6,-98,13.0
2026-02-13 13:58:00,Salón - Extremo (E),54.7,Background Noise,47.3,47.3,40.3,0.0,99.9,0.1,0.0,40.1,40.7,51.1,-92,12.5
2026-02-13 13:59:08,Pasillo Administrativo (E),69.7,Background Noise,50.2,50.0,54.7,54.0,97.1,2.4,0.5,38.8,40.6,52.7,-105,8.5
2026-02-13 14:02:22,Pasillo de Salones (E),68.6,People,55.2,54.5,58.9,56.2,89.9,9.5,0.6,51.8,54.2,57.1,-100,10.8
2026-02-13 14:02:22,Main Lobby (E),78.1,People,61.0,56.6,61.5,59.6,14.4,84.8,0.7,53.2,57.7,64.2,-89,13.5
2026-02-13 14:02:29,Salón - Uma (E),65.9,People,57.9,57.8,58.1,0.0,67.2,32.7,0.0,55.1,57.5,59.8,-105,9.3
2026-02-13 14:02:30,Pasillo de Laboratorio (E),73.8,People,59.9,58.6,60.7,62.8,45.4,53.9,0.7,55.7,58.1,62.0,-98,12.8
2026-02-13 14:03:00,Salón - Extremo (E),57.6,People,48.4,48.1,53.1,0.0,97.1,2.9,0.0,40.2,40.9,51.6,-92,13.0
2026-02-13 14:04:08,Pasillo Administrativo (E),70.2,Background Noise,48.9,48.7,55.0,60.5,98.8,1.0,0.2,38.4,40.0,51.3,-104,10.3
2026-02-13 14:07:22,Pasillo de Salones (E),65.4,People,54.4,54.3,55.5,55.0,91.3,8.4,0.3,51.7,54.0,56.2,-100,11.8
2026-02-13 14:07:25,Main Lobby (E),77.0,People,60.4,58.2,60.9,59.0,24.7,74.8,0.4,52.1,56.5,63.6,-91,13.5
2026-02-13 14:07:29,Salón - Uma (E),63.9,Background Noise,58.3,58.2,58.5,58.4,57.3,40.5,2.2,55.4,58.0,60.4,-105,9.5
2026-02-13 14:07:31,Pasillo de Laboratorio (E),77.7,People,59.3,58.7,59.7,59.3,41.9,58.0,0.2,55.5,58.0,61.0,-99,10.3
2026-02-13 14:08:00,Salón - Extremo (E),56.6,Background Noise,48.2,48.2,49.1,0.0,99.4,0.6,0.0,40.2,40.9,51.6,-92,11.0
2026-02-13 14:09:08,Pasillo Administrativo (E),64.5,People,51.5,50.6,57.9,40.4,94.8,5.2,0.1,38.9,40.9,55.2,-104,9.8
2026-02-13 14:12:22,Pasillo de Salones (E),64.5,Background Noise,54.6,54.5,55.1,55.7,87.3,12.6,0.2,51.8,54.1,56.4,-98,12.0
2026-02-13 14:12:25,Main Lobby (E),70.2,People,55.8,56.2,55.6,58.6,21.4,77.6,1.0,50.7,52.9,57.1,-88,13.5
2026-02-13 14:12:29,Salón - Uma (E),64.6,Background Noise,58.0,57.9,57.9,59.3,90.9,8.3,0.8,55.1,57.6,59.9,-111,4.5
2026-02-13 14:12:31,Pasillo de Laboratorio (E),61.2,People,57.4,57.4,57.4,0.0,4.1,95.9,0.0,54.9,57.2,59.1,-97,12.8
2026-02-13 14:13:01,Salón - Extremo (E),54.6,Background Noise,47.7,47.7,48.8,0.0,99.8,0.3,0.0,40.2,40.9,51.2,-89,13.5
2026-02-13 14:14:08,Pasillo Administrativo (E),60.8,Background Noise,45.8,45.8,0.0,0.0,100.0,0.0,0.0,38.4,40.0,50.9,-106,9.0
2026-02-13 14:17:22,Pasillo de Salones (E),67.2,People,54.4,54.2,56.3,52.2,92.8,7.1,0.1,51.7,53.9,56.1,-112,-0.3
2026-02-13 14:17:23,Main Lobby (E),68.1,People,54.4,53.6,54.7,54.5,28.1,71.4,0.5,50.7,52.7,56.3,-90,13.3
2026-02-13 14:17:29,Salón - Uma (E),63.3,Background Noise,57.9,57.9,57.5,0.0,91.8,8.2,0.0,55.1,57.5,59.9,-110,5.0
2026-02-13 14:17:32,Pasillo de Laboratorio (E),63.9,People,57.4,57.4,57.4,59.0,18.8,81.0,0.2,55.1,57.2,59.1,-98,12.3
2026-02-13 14:18:01,Salón - Extremo (E),57.1,Background Noise,47.7,47.7,46.1,0.0,99.7,0.3,0.0,40.1,40.8,51.2,-88,13.5
2026-02-13 14:19:08,Pasillo Administrativo (E),53.7,Background Noise,45.5,45.5,0.0,0.0,100.0,0.0,0.0,38.2,39.9,50.8,-105,9.3
2026-02-13 14:22:22,Pasillo de Salones (E),67.4,People,54.9,54.4,57.0,55.9,85.7,13.9,0.4,51.9,54.1,56.8,-99,12.0
2026-02-13 14:22:25,Main Lobby (E),75.8,People,58.3,55.9,59.3,57.5,35.5,62.6,1.9,51.0,54.2,61.4,-88,11.8
2026-02-13 14:22:30,Salón - Uma (E),63.2,Background Noise,57.8,57.9,57.6,0.0,91.7,8.3,0.0,55.0,57.5,59.8,-109,5.0
2026-02-13 14:22:31,Pasillo de Laboratorio (E),71.0,People,58.4,58.2,58.4,61.1,26.0,73.4,0.6,55.2,57.5,59.9,-97,13.0
2026-02-13 14:23:01,Salón - Extremo (E),58.4,People,48.2,47.9,51.6,47.7,94.8,5.1,0.2,40.1,40.9,51.6,-88,13.5
2026-02-13 14:24:09,Pasillo Administrativo (E),69.3,Background Noise,48.9,48.8,53.6,56.0,98.7,1.2,0.2,38.3,40.1,51.6,-103,10.3
2026-02-13 14:27:22,Pasillo de Salones (E),69.5,People,54.3,54.2,55.2,54.9,90.8,9.1,0.2,51.6,53.8,56.1,-113,1.8
2026-02-13 14:27:25,Main Lobby (E),76.3,People,60.8,58.9,61.4,59.5,27.6,71.9,0.5,55.1,58.3,62.4,-90,13.5
2026-02-13 14:27:30,Salón - Uma (E),63.4,People,57.9,57.9,58.2,0.0,94.6,5.4,0.0,55.0,57.4,60.0,-113,2.0
2026-02-13 14:27:31,Pasillo de Laboratorio (E),71.1,People,59.1,57.9,59.5,58.0,22.5,76.8,0.7,55.3,57.6,61.3,-98,12.8
2026-02-13 14:28:01,Salón - Extremo (E),58.0,People,48.2,47.7,55.0,40.8,97.0,2.9,0.1,40.1,40.9,51.5,-91,13.8
2026-02-13 14:29:09,Pasillo Administrativo (E),62.1,Background Noise,47.1,47.0,53.8,48.7,99.2,0.7,0.2,38.3,39.9,51.2,-106,9.0
2026-02-13 14:32:22,Pasillo de Salones (E),72.7,Background Noise,56.5,56.2,57.5,58.3,80.6,19.1,0.3,53.0,55.5,58.2,-104,9.5
2026-02-13 14:32:23,Main Lobby (E),70.2,People,53.9,52.5,54.2,61.7,25.9,73.9,0.2,50.1,52.2,55.5,-90,13.5
2026-02-13 14:32:30,Salón - Uma (E),63.5,Background Noise,58.3,58.3,58.4,0.0,92.2,7.8,0.0,55.4,57.8,60.4,-110,5.0
2026-02-13 14:32:31,Pasillo de Laboratorio (E),74.9,People,58.5,57.8,58.6,57.5,15.9,83.9,0.2,55.4,57.7,60.2,-99,12.0
2026-02-13 14:33:01,Salón - Extremo (E),62.6,People,48.7,48.5,54.4,0.0,98.4,1.6,0.0,40.2,50.0,51.8,-91,13.8
2026-02-13 14:34:17,Pasillo Administrativo (E),60.5,Background Noise,45.1,45.1,51.3,0.0,99.8,0.2,0.0,38.0,39.6,50.4,-103,10.5
2026-02-13 14:37:23,Pasillo de Salones (E),71.0,People,55.4,54.7,57.0,56.4,76.1,23.6,0.3,52.1,54.7,57.2,-100,12.3
2026-02-13 14:37:25,Main Lobby (E),69.5,People,53.7,53.2,53.9,56.2,34.5,64.8,0.7,40.9,52.0,55.7,-88,13.8
2026-02-13 14:37:30,Salón - Uma (E),65.6,Background Noise,58.1,58.1,58.2,0.0,91.0,9.0,0.0,55.2,57.6,60.1,-106,8.5
2026-02-13 14:37:31,Pasillo de Laboratorio (E),70.2,People,59.9,58.8,60.1,57.2,11.6,88.0,0.4,56.2,58.6,61.9,-99,12.0
2026-02-13 14:38:01,Salón - Extremo (E),60.7,People,48.2,48.1,53.3,0.0,98.4,1.6,0.0,40.2,40.9,51.4,-93,13.3
2026-02-13 14:39:09,Pasillo Administrativo (E),61.8,Background Noise,44.8,44.8,50.3,0.0,99.9,0.1,0.0,38.0,39.6,50.4,-103,10.5
2026-02-13 14:42:23,Pasillo de Salones (E),58.2,Background Noise,53.9,53.9,55.6,0.0,99.8,0.2,0.0,51.3,53.6,55.8,-101,9.8
2026-02-13 14:42:23,Main Lobby (E),71.0,People,55.9,55.4,56.0,56.4,26.1,73.0,0.9,40.8,52.2,58.9,-88,13.8
2026-02-13 14:42:30,Salón - Uma (E),65.0,Background Noise,57.8,57.8,58.0,0.0,95.1,4.9,0.0,55.0,57.4,59.8,-108,6.3
2026-02-13 14:42:31,Pasillo de Laboratorio (E),73.5,People,58.4,57.9,58.4,57.9,14.7,85.1,0.2,55.3,57.7,60.2,-97,12.8
2026-02-13 14:43:01,Salón - Extremo (E),53.4,Background Noise,47.4,47.4,0.0,0.0,100.0,0.0,0.0,40.1,40.8,51.2,-93,13.0
2026-02-13 14:44:09,Pasillo Administrativo (E),64.5,Background Noise,46.8,46.7,53.0,50.9,99.4,0.4,0.2,38.3,39.9,51.0,-105,9.3
2026-02-13 14:47:23,Main Lobby (E),73.6,Background Noise,56.7,54.7,57.7,56.7,42.7,56.7,0.6,50.1,52.4,59.1,-89,13.5
2026-02-13 14:47:30,Salón - Uma (E),63.4,Background Noise,57.8,57.8,57.9,0.0,91.6,8.4,0.0,54.8,57.4,59.9,-112,0.8
2026-02-13 14:47:32,Pasillo de Laboratorio (E),71.3,Background Noise,57.8,57.6,57.9,61.1,33.9,65.9,0.2,55.0,57.3,59.5,-97,12.5
2026-02-13 14:48:01,Salón - Extremo (E),57.7,People,47.8,47.5,51.8,0.0,94.8,5.2,0.0,40.1,40.8,51.4,-88,14.0
2026-02-13 14:49:09,Pasillo Administrativo (E),70.4,Background Noise,47.8,47.7,53.3,0.0,99.2,0.8,0.0,38.4,40.0,51.2,-101,11.3
2026-02-13 14:52:23,Pasillo de Salones (E),59.8,Background Noise,53.9,53.9,0.0,0.0,100.0,0.0,0.0,51.3,53.5,55.9,-99,11.8
2026-02-13 14:52:23,Main Lobby (E),73.0,People,55.2,52.4,55.9,55.4,28.6,71.1,0.2,50.5,52.3,55.9,-91,13.5
2026-02-13 14:52:30,Salón - Uma (E),63.4,Background Noise,57.8,57.8,57.5,0.0,92.7,7.3,0.0,54.8,57.3,59.9,-104,9.8
2026-02-13 14:52:32,Pasillo de Laboratorio (E),67.7,People,58.4,57.8,58.7,61.4,44.2,54.5,1.3,55.4,57.7,60.0,-99,12.5
2026-02-13 14:53:02,Salón - Extremo (E),54.8,Background Noise,47.6,47.6,0.0,0.0,100.0,0.0,0.0,40.1,40.9,51.2,-89,13.8
2026-02-13 14:54:09,Pasillo Administrativo (E),71.1,Background Noise,49.8,49.2,57.0,58.6,97.4,2.3,0.2,38.5,40.1,52.2,-101,11.3
2026-02-13 14:57:23,Pasillo de Salones (E),58.7,Background Noise,53.8,53.8,0.0,0.0,100.0,0.0,0.0,51.1,53.5,55.7,-109,6.8
2026-02-13 14:57:26,Main Lobby (E),73.0,People,58.1,55.8,58.4,57.3,16.5,83.3,0.3,52.2,54.7,61.0,-88,12.0
2026-02-13 14:57:30,Salón - Uma (E),63.0,Background Noise,57.8,57.8,57.8,0.0,94.4,5.6,0.0,54.9,57.4,59.8,-107,7.5
2026-02-13 14:57:32,Pasillo de Laboratorio (E),61.7,People,57.0,57.1,57.0,60.9,29.6,70.4,0.1,54.7,56.7,58.8,-97,12.8
2026-02-13 14:58:02,Salón - Extremo (E),56.1,Background Noise,47.8,47.8,0.0,0.0,100.0,0.0,0.0,40.1,40.8,51.4,-91,13.3
2026-02-13 14:59:09,Pasillo Administrativo (E),65.7,Background Noise,47.5,47.4,52.1,46.5,98.7,0.8,0.6,38.3,40.0,51.2,-105,8.8
2026-02-13 15:02:23,Pasillo de Salones (E),58.2,Background Noise,53.8,53.8,0.0,0.0,100.0,0.0,0.0,51.1,53.5,55.7,-107,3.5
2026-02-13 15:02:24,Main Lobby (E),69.4,People,54.1,52.7,54.2,0.0,10.3,89.8,0.0,51.3,53.1,55.7,-90,13.5
2026-02-13 15:02:31,Salón - Uma (E),63.7,Background Noise,57.7,57.7,58.2,0.0,94.3,5.7,0.0,54.8,57.2,59.9,-106,8.8
2026-02-13 15:02:32,Pasillo de Laboratorio (E),67.7,People,57.3,57.3,57.3,61.2,43.7,56.0,0.3,54.8,56.8,59.1,-98,12.5
2026-02-13 15:03:02,Salón - Extremo (E),53.3,Background Noise,46.7,46.7,0.0,0.0,100.0,0.0,0.0,40.1,40.7,51.0,-92,13.8
2026-02-13 15:04:10,Pasillo Administrativo (E),67.0,Background Noise,46.7,46.6,52.6,40.4,99.4,0.5,0.1,38.1,39.7,50.9,-103,9.3
2026-02-13 15:07:23,Pasillo de Salones (E),58.5,Background Noise,53.8,53.8,0.0,0.0,100.0,0.0,0.0,50.9,53.5,56.0,-107,7.5
2026-02-13 15:07:26,Main Lobby (E),71.0,Background Noise,54.6,54.4,54.7,56.8,28.7,70.4,0.8,51.2,53.1,56.5,-88,14.0
2026-02-13 15:07:31,Salón - Uma (E),63.2,Background Noise,57.8,57.8,57.8,0.0,94.3,5.7,0.0,55.0,57.4,59.8,-105,9.3
2026-02-13 15:07:32,Pasillo de Laboratorio (E),67.3,Background Noise,57.4,57.6,57.4,0.0,19.2,80.8,0.0,55.0,57.1,59.2,-98,10.8
2026-02-13 15:08:02,Salón - Extremo (E),53.2,Background Noise,47.4,47.4,0.0,0.0,100.0,0.0,0.0,40.1,40.8,51.1,-88,13.8
2026-02-13 15:09:10,Pasillo Administrativo (E),66.8,People,47.2,46.7,60.7,47.5,98.8,0.5,0.7,38.0,39.6,50.9,-104,10.5
2026-02-13 15:12:23,Pasillo de Salones (E),59.7,People,53.9,53.9,56.3,0.0,98.6,1.4,0.0,51.3,53.7,55.9,-100,12.0
2026-02-13 15:12:24,Main Lobby (E),70.6,People,57.0,54.8,57.6,54.2,25.6,74.0,0.4,50.6,53.9,60.5,-90,13.0
2026-02-13 15:12:31,Salón - Uma (E),63.2,Background Noise,57.8,57.8,57.6,0.0,95.5,4.5,0.0,54.8,57.3,59.8,-111,4.3
2026-02-13 15:12:32,Pasillo de Laboratorio (E),66.0,Background Noise,57.6,57.6,57.6,60.2,9.6,90.2,0.2,55.0,57.2,59.3,-98,10.8
2026-02-13 15:17:24,Pasillo de Salones (E),63.9,Background Noise,54.1,54.0,56.5,55.2,97.5,2.2,0.2,51.3,53.7,55.9,-113,1.3
2026-02-13 15:17:26,Main Lobby (E),74.8,Vehicle,56.4,55.9,56.2,61.8,50.7,45.9,3.4,50.1,52.8,59.4,-89,13.3
2026-02-13 15:17:31,Salón - Uma (E),63.4,Background Noise,57.8,57.8,57.4,0.0,95.9,4.1,0.0,55.0,57.4,59.7,-107,7.5
2026-02-13 15:17:32,Pasillo de Laboratorio (E),61.0,People,57.3,57.1,57.3,0.0,8.1,91.9,0.0,54.9,57.0,59.0,-99,12.3
2026-02-13 15:18:02,Salón - Extremo (E),53.1,Background Noise,47.4,47.4,51.9,0.0,99.9,0.1,0.0,40.1,40.8,51.3,-89,13.8
2026-02-13 15:19:10,Pasillo Administrativo (E),70.3,Background Noise,48.7,48.4,56.2,59.4,99.1,0.7,0.2,38.3,39.9,51.2,-103,10.3
2026-02-13 15:22:24,Pasillo de Salones (E),58.5,Background Noise,53.9,53.8,55.2,0.0,95.4,4.6,0.0,51.3,53.6,55.8,-102,9.8
2026-02-13 15:22:24,Main Lobby (E),72.7,People,58.5,55.4,59.1,59.0,22.8,76.2,1.0,51.4,54.6,61.5,-87,13.5
2026-02-13 15:22:31,Salón - Uma (E),63.0,Background Noise,57.7,57.7,57.1,0.0,95.8,4.2,0.0,54.8,57.3,59.6,-105,9.0
2026-02-13 15:22:32,Pasillo de Laboratorio (E),61.5,People,57.2,57.3,57.2,0.0,10.4,89.6,0.0,54.9,56.9,59.1,-97,12.8
2026-02-13 15:23:02,Salón - Extremo (E),53.2,Background Noise,47.4,47.4,0.0,0.0,100.0,0.0,0.0,40.1,40.8,51.2,-88,14.0
2026-02-13 15:24:10,Pasillo Administrativo (E),71.4,Background Noise,48.4,48.3,53.8,55.6,98.9,1.0,0.1,38.0,39.5,50.7,-104,9.0
2026-02-13 15:27:24,Pasillo de Salones (E),59.3,Background Noise,53.9,53.9,54.3,56.4,99.3,0.6,0.2,51.1,53.6,55.8,-98,12.3
2026-02-13 15:27:24,Main Lobby (E),74.3,People,59.6,55.9,61.1,56.9,39.8,58.5,1.7,50.8,53.7,63.0,-89,13.5
2026-02-13 15:27:31,Salón - Uma (E),63.2,Background Noise,57.7,57.7,57.6,0.0,93.5,6.5,0.0,54.8,57.2,59.7,-114,1.3
2026-02-13 15:27:32,Pasillo de Laboratorio (E),62.6,People,57.3,57.3,57.3,0.0,6.3,93.7,0.0,55.0,57.0,59.2,-99,12.0
2026-02-13 15:28:02,Salón - Extremo (E),54.0,Background Noise,47.4,47.4,0.0,0.0,100.0,0.0,0.0,40.1,40.8,51.2,-91,13.8
2026-02-13 15:29:10,Pasillo Administrativo (E),60.7,Background Noise,43.9,43.9,39.1,0.0,99.9,0.1,0.0,37.9,39.4,50.2,-102,9.0
2026-02-13 15:32:24,Pasillo de Salones (E),58.5,Background Noise,53.7,53.7,54.3,0.0,99.6,0.4,0.0,51.2,53.4,55.6,-107,8.3
2026-02-13 15:32:25,Main Lobby (E),78.6,People,59.7,55.0,61.5,61.7,42.6,57.0,0.4,50.6,53.7,62.9,-89,13.5
2026-02-13 15:32:31,Salón - Uma (E),62.8,Background Noise,57.9,57.9,57.9,0.0,93.2,6.8,0.0,55.0,57.5,60.0,-110,5.3
2026-02-13 15:32:33,Pasillo de Laboratorio (E),61.5,Background Noise,57.3,57.5,57.2,57.1,9.2,90.8,0.1,54.8,57.0,59.0,-97,13.0
2026-02-13 15:33:03,Salón - Extremo (E),54.4,Background Noise,47.5,47.5,0.0,0.0,100.0,0.0,0.0,40.1,40.8,51.1,-90,13.5
2026-02-13 15:34:10,Pasillo Administrativo (E),59.2,Background Noise,44.1,44.1,39.5,0.0,99.9,0.1,0.0,38.1,39.6,50.4,-104,10.8
2026-02-13 15:37:24,Pasillo de Salones (E),59.1,Background Noise,53.8,53.8,0.0,0.0,100.0,0.0,0.0,51.2,53.5,55.7,-109,6.5
2026-02-13 15:37:27,Main Lobby (E),77.2,Background Noise,57.1,55.7,58.2,66.2,55.0,44.6,0.3,40.9,51.9,58.0,-89,13.3
2026-02-13 15:37:31,Salón - Uma (E),63.3,Background Noise,57.9,57.8,58.0,0.0,93.9,6.1,0.0,55.0,57.5,59.8,-107,6.3
2026-02-13 15:37:33,Pasillo de Laboratorio (E),69.3,Background Noise,57.5,58.2,57.4,0.0,17.8,82.2,0.0,54.9,57.2,59.2,-98,13.0
2026-02-13 15:38:03,Salón - Extremo (E),59.3,Background Noise,47.8,47.8,0.0,0.0,100.0,0.0,0.0,40.2,40.8,51.1,-91,11.5
2026-02-13 15:39:10,Pasillo Administrativo (E),66.4,Background Noise,45.9,45.8,53.6,48.7,99.2,0.6,0.2,38.2,39.8,50.7,-102,10.8
2026-02-13 15:42:25,Main Lobby (E),75.6,People,58.6,53.7,59.0,58.8,12.0,87.7,0.3,51.5,55.5,61.7,-88,13.3
2026-02-13 15:42:32,Salón - Uma (E),63.4,Background Noise,57.8,57.8,57.8,0.0,94.3,5.7,0.0,54.7,57.3,59.8,-104,10.0
2026-02-13 15:42:33,Pasillo de Laboratorio (E),61.8,People,57.4,57.4,57.4,0.0,7.7,92.3,0.0,54.9,57.1,59.2,-98,12.5
2026-02-13 15:43:03,Salón - Extremo (E),53.4,Background Noise,47.3,47.3,0.0,0.0,100.0,0.0,0.0,40.1,40.7,51.2,-89,13.5
2026-02-13 15:44:11,Pasillo Administrativo (E),65.8,Background Noise,46.9,46.8,52.3,0.0,98.8,1.2,0.0,38.3,39.9,51.0,-102,10.5
2026-02-13 15:47:24,Pasillo de Salones (E),59.0,Background Noise,53.9,53.9,55.1,0.0,99.4,0.6,0.0,51.3,53.6,55.8,-116,-4.3
2026-02-13 15:47:27,Main Lobby (E),71.5,People,60.3,57.6,60.5,60.0,8.6,91.3,0.2,52.9,58.1,63.5,-87,11.5
2026-02-13 15:47:32,Salón - Uma (E),64.0,Background Noise,57.7,57.7,57.6,0.0,94.4,5.6,0.0,54.9,57.3,59.8,-106,8.5
2026-02-13 15:47:33,Pasillo de Laboratorio (E),69.4,People,57.7,57.2,57.8,0.0,12.6,87.4,0.0,55.1,57.1,59.3,-99,10.8
2026-02-13 15:48:03,Salón - Extremo (E),55.8,Background Noise,47.8,47.8,0.0,0.0,100.0,0.0,0.0,40.2,40.9,51.2,-90,13.5
2026-02-13 15:49:11,Pasillo Administrativo (E),63.8,Background Noise,46.1,46.0,52.3,0.0,99.1,0.9,0.0,38.5,40.1,50.8,-102,11.0
2026-02-13 15:52:24,Pasillo de Salones (E),62.9,People,53.9,53.8,56.1,0.0,96.7,3.3,0.0,51.4,53.6,55.8,-112,3.5
2026-02-13 15:52:25,Main Lobby (E),76.2,People,56.9,52.6,57.7,63.4,27.6,71.7,0.7,50.3,52.7,59.8,-88,13.5
2026-02-13 15:52:32,Salón - Uma (E),62.6,Background Noise,57.7,57.7,57.2,0.0,95.0,5.0,0.0,54.7,57.3,59.7,-106,8.5
2026-02-13 15:52:33,Pasillo de Laboratorio (E),72.9,People,58.3,57.4,58.4,0.0,15.1,84.9,0.0,55.4,57.6,59.9,-98,12.5
2026-02-13 15:53:03,Salón - Extremo (E),53.9,Background Noise,47.0,47.0,0.0,0.0,100.0,0.0,0.0,40.1,40.7,51.0,-91,13.5
2026-02-13 15:54:11,Pasillo Administrativo (E),60.1,People,46.6,46.3,55.8,56.5,98.9,1.0,0.1,38.3,39.9,51.0,-101,8.3
2026-02-13 15:57:25,Pasillo de Salones (E),62.1,People,53.8,53.7,55.1,0.0,98.0,2.0,0.0,51.2,53.5,55.7,-98,12.5
2026-02-13 15:57:25,Main Lobby (E),78.1,People,59.3,53.7,60.2,58.5,22.8,77.0,0.3,51.0,53.8,61.3,-90,13.0
2026-02-13 15:57:32,Salón - Uma (E),63.4,Background Noise,57.7,57.7,57.5,0.0,95.1,4.9,0.0,54.9,57.3,59.8,-108,7.0
2026-02-13 15:57:33,Pasillo de Laboratorio (E),65.1,People,57.4,57.6,57.3,60.4,9.4,90.2,0.4,54.8,57.0,59.1,-98,12.3
2026-02-13 15:58:03,Salón - Extremo (E),54.7,Background Noise,47.6,47.6,47.1,51.1,92.4,7.4,0.2,40.1,40.8,51.2,-92,13.5
2026-02-13 15:59:11,Pasillo Administrativo (E),68.2,People,55.4,53.5,60.1,60.3,84.9,14.0,1.1,39.4,51.6,59.1,-102,11.3
2026-02-13 16:02:25,Pasillo de Salones (E),58.1,Background Noise,53.8,53.8,51.2,0.0,99.7,0.3,0.0,51.1,53.5,55.6,-101,10.0
2026-02-13 16:02:25,Main Lobby (E),75.0,People,59.4,53.4,60.4,0.0,26.7,73.3,0.0,50.8,53.6,63.7,-87,13.5
2026-02-13 16:02:33,Pasillo de Laboratorio (E),73.4,People,58.3,57.5,58.4,0.0,14.0,86.0,0.0,55.1,57.3,59.8,-98,13.0
2026-02-13 16:03:03,Salón - Extremo (E),56.0,Background Noise,48.0,47.9,51.9,0.0,99.5,0.5,0.0,40.2,40.9,51.4,-91,13.5
2026-02-13 16:04:11,Pasillo Administrativo (E),70.3,Background Noise,50.3,49.6,60.5,52.1,98.3,1.4,0.3,38.2,39.8,51.2,-101,11.5
2026-02-13 16:07:25,Pasillo de Salones (E),63.8,People,54.0,53.9,57.0,54.9,98.2,1.8,0.1,51.3,53.6,55.8,-99,12.3
2026-02-13 16:07:28,Main Lobby (E),71.8,People,54.1,48.7,57.0,54.3,57.9,42.0,0.1,40.2,50.6,55.0,-87,13.5
2026-02-13 16:07:32,Salón - Uma (E),62.9,Background Noise,57.7,57.7,57.7,0.0,94.0,6.0,0.0,54.9,57.3,59.8,-107,8.3
2026-02-13 16:07:33,Pasillo de Laboratorio (E),62.0,People,57.2,57.3,57.2,0.0,5.3,94.7,0.0,54.8,56.9,59.0,-97,11.0
2026-02-13 16:08:03,Salón - Extremo (E),55.9,Background Noise,48.0,48.0,0.0,0.0,100.0,0.0,0.0,40.1,40.9,51.4,-94,13.5
2026-02-13 16:09:11,Pasillo Administrativo (E),64.8,People,45.5,44.6,61.0,0.0,99.5,0.5,0.0,38.0,39.5,50.2,-104,9.0
2026-02-13 16:12:25,Pasillo de Salones (E),58.5,Background Noise,53.7,53.7,0.0,0.0,100.0,0.0,0.0,51.1,53.5,55.7,-106,8.8
2026-02-13 16:12:25,Main Lobby (E),60.0,Background Noise,50.3,49.1,51.3,50.1,49.7,45.7,4.6,40.3,50.5,53.0,-89,13.8
2026-02-13 16:12:32,Salón - Uma (E),63.8,Background Noise,57.8,57.8,57.6,0.0,94.2,5.8,0.0,54.8,57.4,59.8,-112,3.3
2026-02-13 16:12:35,Pasillo de Laboratorio (E),63.8,Background Noise,57.3,57.3,57.3,0.0,19.2,80.8,0.0,54.8,57.0,59.2,-98,12.8
2026-02-13 16:13:04,Salón - Extremo (E),54.9,Background Noise,47.2,47.2,0.0,0.0,100.0,0.0,0.0,40.1,40.7,51.1,-91,13.5
2026-02-13 16:14:12,Pasillo Administrativo (E),58.3,Background Noise,43.7,43.7,51.3,0.0,99.8,0.2,0.0,37.9,39.5,50.3,-104,10.5
2026-02-13 16:17:25,Pasillo de Salones (E),59.0,Background Noise,53.7,53.7,0.0,0.0,100.0,0.0,0.0,51.1,53.4,55.6,-117,-7.5
2026-02-13 16:17:28,Main Lobby (E),70.9,Background Noise,50.5,49.5,52.7,53.0,74.4,23.8,1.7,40.3,50.1,52.0,-87,13.5
2026-02-13 16:17:32,Salón - Uma (E),63.5,Background Noise,57.8,57.8,57.1,0.0,94.2,5.8,0.0,54.7,57.5,59.7,-103,10.3
2026-02-13 16:17:34,Pasillo de Laboratorio (E),68.5,Background Noise,57.3,57.5,57.3,58.0,18.3,81.2,0.4,54.8,57.0,59.1,-98,11.5
2026-02-13 16:18:04,Salón - Extremo (E),54.3,Background Noise,47.6,47.6,0.0,0.0,100.0,0.0,0.0,40.2,40.8,51.1,-90,13.3
2026-02-13 16:22:25,Pasillo de Salones (E),64.9,Background Noise,54.0,53.9,56.6,53.2,96.3,3.6,0.2,51.1,53.6,55.8,-113,2.3
2026-02-13 16:22:26,Main Lobby (E),67.8,People,50.7,49.4,53.2,54.2,75.7,24.3,0.1,40.4,50.5,52.5,-87,11.5
2026-02-13 16:22:33,Salón - Uma (E),63.6,Background Noise,57.7,57.8,57.4,0.0,93.1,6.9,0.0,54.8,57.4,59.8,-106,7.3
2026-02-13 16:22:34,Pasillo de Laboratorio (E),61.2,People,57.2,57.1,57.2,0.0,4.3,95.7,0.0,54.9,56.9,58.8,-98,12.8
2026-02-13 16:23:04,Salón - Extremo (E),58.0,Background Noise,47.2,47.2,0.0,0.0,100.0,0.0,0.0,40.1,40.7,51.0,-88,13.8
2026-02-13 16:24:12,Pasillo Administrativo (E),65.0,Background Noise,45.1,45.0,48.6,52.7,99.7,0.3,0.1,38.1,39.6,50.5,-102,10.8
2026-02-13 16:27:26,Main Lobby (E),78.6,People,58.6,52.5,61.0,55.2,50.0,49.8,0.2,50.1,52.0,58.2,-89,13.3
2026-02-13 16:27:33,Salón - Uma (E),63.4,Background Noise,57.7,57.7,56.9,0.0,95.4,4.6,0.0,54.6,57.3,59.7,-106,8.8
2026-02-13 16:27:34,Pasillo de Laboratorio (E),74.7,People,59.9,58.3,60.2,59.6,17.8,81.7,0.4,55.2,57.7,61.8,-97,13.0
2026-02-13 16:28:04,Salón - Extremo (E),54.1,Background Noise,47.4,47.4,0.0,0.0,100.0,0.0,0.0,40.1,40.8,51.1,-89,13.5
2026-02-13 16:29:12,Pasillo Administrativo (E),61.8,Background Noise,46.6,45.6,57.8,0.0,98.4,1.6,0.0,37.9,39.5,50.6,-103,10.8
2026-02-13 16:32:25,Pasillo de Salones (E),66.1,People,53.9,53.8,57.1,0.0,97.7,2.3,0.0,51.2,53.5,55.7,-109,6.3
2026-02-13 16:32:26,Main Lobby (E),69.4,People,55.6,53.0,56.2,56.0,23.3,75.9,0.8,50.8,53.2,58.0,-89,13.0
2026-02-13 16:32:33,Salón - Uma (E),63.1,Background Noise,57.6,57.7,57.1,0.0,94.0,6.0,0.0,54.8,57.2,59.7,-107,8.0
2026-02-13 16:32:34,Pasillo de Laboratorio (E),61.8,People,57.4,57.6,57.4,0.0,6.9,93.1,0.0,54.8,57.2,59.2,-99,12.3
2026-02-13 16:33:04,Salón - Extremo (E),55.3,Background Noise,47.4,47.4,0.0,0.0,100.0,0.0,0.0,40.1,40.8,51.1,-92,11.3
2026-02-13 16:34:12,Pasillo Administrativo (E),64.4,Background Noise,44.3,44.3,0.0,0.0,100.0,0.0,0.0,38.1,39.5,50.2,-102,11.3
2026-02-13 16:37:26,Pasillo de Salones (E),59.6,Background Noise,53.7,53.7,53.4,0.0,99.8,0.3,0.0,51.1,53.4,55.7,-105,8.0
2026-02-13 16:37:28,Main Lobby (E),64.1,People,52.3,49.6,53.5,55.9,39.2,60.4,0.3,40.5,51.1,55.1,-89,13.8
2026-02-13 16:37:33,Salón - Uma (E),64.3,People,57.6,57.6,57.8,0.0,94.1,5.9,0.0,54.8,57.3,59.6,-106,4.5
2026-02-13 16:37:34,Pasillo de Laboratorio (E),63.5,People,57.4,57.5,57.4,0.0,8.1,91.9,0.0,55.0,57.1,59.2,-98,12.3
2026-02-13 16:38:04,Salón - Extremo (E),53.2,Background Noise,47.9,47.9,0.0,0.0,100.0,0.0,0.0,40.2,40.9,51.3,-91,13.8
2026-02-13 16:39:12,Pasillo Administrativo (E),62.7,Background Noise,44.2,44.2,0.0,51.4,99.8,0.0,0.2,38.0,39.6,50.3,-103,10.8
2026-02-13 16:42:26,Pasillo de Salones (E),66.8,People,54.0,53.8,58.5,0.0,98.1,1.9,0.0,51.2,53.5,55.8,-99,12.3
2026-02-13 16:42:28,Main Lobby (E),71.6,People,50.8,49.0,52.6,0.0,59.7,40.2,0.0,40.3,50.5,52.3,-87,13.5
2026-02-13 16:42:33,Salón - Uma (E),64.0,People,57.9,57.8,58.3,0.0,94.7,5.3,0.0,54.9,57.4,59.9,-105,9.0
2026-02-13 16:42:34,Pasillo de Laboratorio (E),62.3,People,57.4,57.7,57.4,0.0,1.9,98.1,0.0,54.9,57.1,59.2,-99,12.0
2026-02-13 16:43:04,Salón - Extremo (E),53.3,Background Noise,47.2,47.2,0.0,0.0,100.0,0.0,0.0,40.2,40.8,51.0,-94,13.3
2026-02-13 16:44:12,Pasillo Administrativo (E),66.4,Background Noise,44.6,44.6,47.8,39.9,99.7,0.2,0.2,38.0,39.5,50.2,-102,10.5
2026-02-13 16:47:26,Pasillo de Salones (E),61.6,People,54.1,54.0,54.8,54.7,87.2,12.6,0.3,51.4,53.7,55.9,-105,9.5
2026-02-13 16:47:26,Main Lobby (E),72.0,People,51.2,48.5,52.5,64.9,51.0,48.7,0.3,40.3,50.3,52.4,-87,11.0
2026-02-13 16:47:33,Salón - Uma (E),64.2,Background Noise,57.8,57.8,57.6,0.0,94.2,5.8,0.0,54.9,57.4,59.9,-106,9.0
2026-02-13 16:47:34,Pasillo de Laboratorio (E),62.5,People,57.4,57.0,57.4,0.0,1.3,98.7,0.0,54.9,57.1,59.2,-99,10.3
2026-02-13 16:48:04,Salón - Extremo (E),54.2,Background Noise,47.3,47.3,48.5,0.0,99.8,0.2,0.0,40.1,40.7,51.2,-92,13.5
2026-02-13 16:49:12,Pasillo Administrativo (E),64.7,Background Noise,46.5,46.3,50.0,54.6,98.9,0.7,0.3,38.1,39.7,50.7,-102,10.8
2026-02-13 16:52:26,Pasillo de Salones (E),58.7,Background Noise,53.7,53.7,53.2,0.0,99.7,0.3,0.0,51.3,53.4,55.5,-106,8.3
2026-02-13 16:52:29,Main Lobby (E),72.5,People,56.2,49.9,57.1,0.0,21.8,78.3,0.0,40.8,52.4,58.9,-89,13.3
2026-02-13 16:52:33,Salón - Uma (E),63.3,Background Noise,57.8,57.8,57.7,0.0,93.3,6.7,0.0,54.8,57.4,59.8,-106,8.8
2026-02-13 16:52:35,Pasillo de Laboratorio (E),62.2,People,57.4,57.9,57.4,60.2,4.3,95.3,0.3,54.9,57.2,59.2,-98,12.8
2026-02-13 16:53:05,Salón - Extremo (E),54.6,Background Noise,47.0,47.0,0.0,0.0,100.0,0.0,0.0,40.1,40.7,50.9,-90,13.3
2026-02-13 16:54:12,Pasillo Administrativo (E),71.1,Background Noise,52.3,51.3,58.6,55.0,93.8,5.5,0.7,38.6,40.6,55.0,-101,10.5
2026-02-13 16:57:26,Pasillo de Salones (E),58.3,Background Noise,53.8,53.8,0.0,0.0,100.0,0.0,0.0,51.3,53.5,55.6,-111,4.0
2026-02-13 16:57:27,Main Lobby (E),79.0,People,58.2,50.5,60.1,0.0,38.4,61.6,0.0,40.8,51.5,61.2,-87,13.3
2026-02-13 16:57:33,Salón - Uma (E),63.0,Background Noise,57.7,57.7,57.5,0.0,94.7,5.3,0.0,54.7,57.3,59.8,-110,6.3
2026-02-13 16:57:35,Pasillo de Laboratorio (E),62.1,People,57.4,57.6,57.4,59.8,2.8,96.8,0.3,54.9,57.1,59.1,-98,13.0
2026-02-13 16:58:05,Salón - Extremo (E),53.7,Background Noise,47.0,47.1,40.7,0.0,99.8,0.2,0.0,40.1,40.7,51.1,-91,13.8
2026-02-13 16:59:12,Pasillo Administrativo (E),52.8,Background Noise,42.7,42.7,0.0,0.0,100.0,0.0,0.0,37.8,39.3,41.0,-102,11.0
2026-02-13 17:02:26,Pasillo de Salones (E),58.3,Background Noise,53.8,53.8,54.7,0.0,99.1,0.9,0.0,51.3,53.5,55.8,-103,10.8
2026-02-13 17:02:27,Main Lobby (E),66.7,People,51.7,49.9,52.8,50.2,44.2,55.8,0.1,40.6,51.0,53.6,-87,13.3
2026-02-13 17:02:34,Salón - Uma (E),63.1,Background Noise,57.6,57.6,57.1,0.0,94.1,5.9,0.0,54.6,57.1,59.7,-106,8.8
2026-02-13 17:02:35,Pasillo de Laboratorio (E),62.3,People,57.5,57.2,57.5,0.0,3.9,96.1,0.0,55.0,57.2,59.3,-88,13.5
2026-02-13 17:03:05,Salón - Extremo (E),53.5,Background Noise,47.7,47.6,48.1,0.0,99.8,0.2,0.0,40.2,40.8,51.2,-92,13.8
2026-02-13 17:04:13,Pasillo Administrativo (E),52.6,Background Noise,43.0,43.0,39.8,0.0,99.9,0.1,0.0,38.0,39.4,50.0,-102,9.5
2026-02-13 17:07:26,Pasillo de Salones (E),65.0,People,54.5,54.0,57.3,56.8,88.2,11.8,0.1,51.4,53.8,56.3,-107,7.5
2026-02-13 17:07:29,Main Lobby (E),70.6,People,51.4,48.0,55.8,54.7,76.3,23.5,0.2,40.2,50.1,52.8,-88,13.8
2026-02-13 17:07:34,Salón - Uma (E),62.7,Background Noise,57.7,57.7,57.9,0.0,92.1,7.9,0.0,54.7,57.4,59.7,-106,7.0
2026-02-13 17:07:35,Pasillo de Laboratorio (E),62.2,People,57.4,57.3,57.5,57.0,17.9,80.3,1.8,55.0,57.1,59.3,-87,13.8
2026-02-13 17:08:05,Salón - Extremo (E),54.1,Background Noise,47.1,47.1,48.6,0.0,97.9,2.1,0.0,40.1,40.7,51.0,-89,13.8
2026-02-13 17:09:13,Pasillo Administrativo (E),66.7,Background Noise,45.3,45.1,54.4,0.0,99.3,0.7,0.0,38.0,39.4,50.3,-103,9.5
2026-02-13 17:12:26,Pasillo de Salones (E),68.2,People,54.3,54.0,56.7,54.9,90.2,9.4,0.4,51.4,53.7,56.0,-100,11.8
2026-02-13 17:12:29,Main Lobby (E),70.2,People,52.1,49.0,54.5,40.1,57.5,42.3,0.2,40.3,50.4,54.7,-89,13.0
2026-02-13 17:12:34,Salón - Uma (E),64.4,Background Noise,57.7,57.7,57.4,0.0,92.3,7.7,0.0,54.7,57.2,59.7,-109,6.5
2026-02-13 17:12:35,Pasillo de Laboratorio (E),62.3,People,57.5,57.4,57.5,57.0,8.7,90.7,0.6,55.1,57.2,59.3,-88,13.3
2026-02-13 17:13:05,Salón - Extremo (E),55.6,People,47.4,47.4,48.4,50.8,99.3,0.5,0.2,40.1,40.8,51.1,-90,11.5
2026-02-13 17:14:13,Pasillo Administrativo (E),79.7,Background Noise,50.2,50.2,49.8,0.0,99.2,0.8,0.0,37.8,39.2,40.9,-102,10.8
2026-02-13 17:17:27,Pasillo de Salones (E),59.7,People,53.9,53.8,55.4,55.2,98.0,1.8,0.3,51.3,53.6,55.7,-102,10.5
2026-02-13 17:17:27,Main Lobby (E),63.8,People,53.1,48.5,54.4,56.2,36.1,63.7,0.2,40.4,51.2,56.7,-88,13.3
2026-02-13 17:17:34,Salón - Uma (E),63.4,Background Noise,57.7,57.8,57.4,0.0,94.0,6.0,0.0,54.9,57.4,59.7,-108,6.8
2026-02-13 17:17:35,Pasillo de Laboratorio (E),61.7,People,57.4,56.9,57.4,0.0,2.8,97.2,0.0,55.1,57.0,59.1,-88,13.3
2026-02-13 17:18:05,Salón - Extremo (E),53.1,Background Noise,46.9,46.9,50.2,0.0,99.9,0.1,0.0,40.1,40.7,51.0,-88,13.8
2026-02-13 17:19:13,Pasillo Administrativo (E),52.1,Background Noise,42.2,42.2,0.0,0.0,100.0,0.0,0.0,37.6,39.1,40.8,-102,10.0
2026-02-13 17:22:27,Pasillo de Salones (E),58.6,Background Noise,53.7,53.7,53.8,0.0,97.1,2.9,0.0,51.0,53.4,55.7,-115,-3.3
2026-02-13 17:22:27,Main Lobby (E),68.6,People,50.1,49.0,51.9,57.1,69.9,29.8,0.3,40.3,50.4,52.1,-87,13.3
2026-02-13 17:22:34,Salón - Uma (E),63.5,Background Noise,57.8,57.8,57.5,0.0,95.3,4.7,0.0,54.9,57.3,59.8,-105,4.8
2026-02-13 17:22:35,Pasillo de Laboratorio (E),65.7,People,57.5,57.7,57.5,0.0,4.8,95.2,0.0,55.0,57.3,59.3,-88,14.3
2026-02-13 17:23:05,Salón - Extremo (E),54.2,Background Noise,46.5,46.5,0.0,0.0,100.0,0.0,0.0,40.1,40.7,50.8,-92,13.5
2026-02-13 17:24:13,Pasillo Administrativo (E),65.4,Background Noise,43.9,43.8,45.0,51.8,99.2,0.4,0.3,37.8,39.2,41.0,-105,9.8
2026-02-13 17:27:07,Pasillo de Salones (E),64.3,People,53.9,53.8,55.0,54.3,94.1,5.8,0.1,51.4,53.5,55.8,-106,8.3
2026-02-13 17:27:08,Main Lobby (E),74.8,People,55.2,50.8,58.1,57.6,60.1,39.6,0.3,40.8,51.5,55.1,-87,13.3
2026-02-13 17:27:14,Salón - Uma (E),64.0,Background Noise,57.8,57.8,57.5,0.0,94.8,5.2,0.0,54.8,57.4,59.8,-110,5.0
2026-02-13 17:27:16,Pasillo de Laboratorio (E),63.9,People,57.7,57.5,57.7,0.0,13.7,86.3,0.0,55.2,57.3,59.4,-87,13.3
2026-02-13 17:27:46,Salón - Extremo (E),55.9,Background Noise,46.9,46.9,0.0,0.0,100.0,0.0,0.0,40.1,40.7,51.0,-91,13.8
2026-02-13 17:28:53,Pasillo Administrativo (E),59.7,Background Noise,43.6,43.6,37.9,47.5,99.7,0.1,0.2,37.8,39.3,41.0,-103,10.8
2026-02-13 17:32:09,Pasillo de Salones (E),59.3,Background Noise,53.8,53.8,53.5,0.0,98.4,1.6,0.0,51.3,53.5,55.7,-100,12.0
2026-02-13 17:32:09,Main Lobby (E),71.2,People,52.3,51.1,52.7,54.7,26.1,73.8,0.1,50.0,51.6,53.3,-87,11.0
2026-02-13 17:32:15,Salón - Uma (E),62.6,Background Noise,57.6,57.6,57.8,0.0,95.1,4.9,0.0,54.8,57.2,59.6,-106,8.0
2026-02-13 17:32:16,Pasillo de Laboratorio (E),69.6,People,58.0,57.6,58.0,60.7,11.7,88.2,0.1,55.2,57.5,59.7,-87,13.3
2026-02-13 17:32:46,Salón - Extremo (E),53.2,Background Noise,47.0,47.0,0.0,0.0,100.0,0.0,0.0,40.1,40.8,50.9,-91,11.0
2026-02-13 17:33:54,Pasillo Administrativo (E),52.9,Background Noise,42.3,42.3,0.0,0.0,100.0,0.0,0.0,37.7,39.2,40.8,-103,10.8
2026-02-13 17:36:48,Pasillo de Salones (E),58.5,Background Noise,53.8,53.8,54.4,0.0,98.3,1.7,0.0,51.2,53.5,55.7,-105,8.3
2026-02-13 17:36:51,Main Lobby (E),56.6,People,48.5,48.0,50.4,51.9,84.3,15.5,0.2,40.2,41.0,51.6,-89,13.8
2026-02-13 17:36:55,Salón - Uma (E),64.3,Background Noise,57.7,57.7,57.2,0.0,96.2,3.8,0.0,54.7,57.2,59.7,-108,7.3
2026-02-13 17:36:57,Pasillo de Laboratorio (E),64.5,Background Noise,57.4,57.5,57.4,0.0,12.8,87.2,0.0,54.9,57.1,59.2,-98,12.8
2026-02-13 17:37:26,Salón - Extremo (E),53.7,Background Noise,47.4,47.4,0.0,0.0,100.0,0.0,0.0,40.1,40.7,51.2,-90,13.3
2026-02-13 17:38:34,Pasillo Administrativo (E),62.6,Background Noise,46.0,45.9,37.8,52.8,99.4,0.1,0.5,37.9,39.5,50.6,-102,11.0
2026-02-13 17:41:48,Pasillo de Salones (E),58.2,Background Noise,53.8,53.8,53.5,0.0,99.2,0.8,0.0,51.2,53.5,55.7,-104,8.5
2026-02-13 17:41:48,Main Lobby (E),68.9,People,52.3,48.8,54.2,0.0,51.3,48.7,0.0,40.4,50.7,53.3,-88,14.0
2026-02-13 17:41:55,Salón - Uma (E),63.4,Background Noise,57.7,57.7,57.5,0.0,96.2,3.8,0.0,54.8,57.3,59.7,-106,8.8
2026-02-13 17:41:57,Pasillo de Laboratorio (E),62.9,People,57.3,57.4,57.3,0.0,7.9,92.1,0.0,54.9,57.0,59.0,-98,12.5
2026-02-13 17:56:09,Pasillo de Salones (E),62.0,People,54.5,54.2,55.7,59.2,80.0,19.9,0.1,51.6,54.0,56.6,-99,5.8
2026-02-13 17:56:10,Main Lobby (E),71.6,People,52.7,50.4,53.7,58.2,39.9,59.9,0.2,40.7,51.1,53.6,-89,13.8
2026-02-13 17:56:16,Salón - Uma (E),63.3,People,57.6,57.6,57.5,0.0,93.5,6.5,0.0,54.8,57.2,59.6,-106,5.8
2026-02-13 17:56:18,Pasillo de Laboratorio (E),70.6,People,57.9,57.3,57.9,0.0,5.5,94.5,0.0,55.4,57.5,59.5,-98,12.5
2026-02-13 17:56:48,Salón - Extremo (E),57.7,Background Noise,47.2,47.2,51.9,0.0,99.8,0.3,0.0,40.1,40.7,50.9,-90,13.5
2026-02-13 17:57:55,Pasillo Administrativo (E),52.1,Background Noise,41.6,41.6,0.0,0.0,100.0,0.0,0.0,37.8,39.1,40.6,-103,9.3
2026-02-13 18:01:09,Pasillo de Salones (E),60.4,Background Noise,54.0,54.0,54.5,0.0,88.6,11.4,0.0,51.5,53.7,55.9,-109,6.5
2026-02-13 18:01:10,Main Lobby (E),61.9,People,49.2,47.7,50.8,0.0,59.7,40.2,0.0,40.2,50.1,52.0,-87,13.8
2026-02-13 18:01:17,Salón - Uma (E),64.3,People,57.8,57.8,57.9,0.0,94.3,5.7,0.0,54.8,57.3,59.8,-107,7.5
2026-02-13 18:01:18,Pasillo de Laboratorio (E),62.5,People,57.4,57.4,57.4,60.4,11.7,88.1,0.2,54.9,57.2,59.1,-98,13.0
2026-02-13 18:01:48,Salón - Extremo (E),55.9,Background Noise,46.9,46.9,0.0,0.0,100.0,0.0,0.0,40.1,40.7,51.0,-91,14.0
2026-02-13 18:02:56,Pasillo Administrativo (E),52.2,Background Noise,42.4,42.4,40.2,0.0,99.9,0.1,0.0,37.8,39.1,40.9,-102,11.3
2026-02-13 18:06:09,Pasillo de Salones (E),58.8,Background Noise,54.2,53.9,54.8,0.0,76.7,23.3,0.0,51.6,53.9,56.0,-100,11.8
2026-02-13 18:06:10,Main Lobby (E),62.5,People,48.7,47.7,50.4,0.0,68.6,31.4,0.0,40.2,50.0,51.7,-87,13.0
2026-02-13 18:06:17,Salón - Uma (E),63.4,Background Noise,57.8,57.8,57.6,0.0,94.8,5.2,0.0,54.7,57.3,59.9,-107,8.3
2026-02-13 18:06:18,Pasillo de Laboratorio (E),63.1,Background Noise,57.4,57.5,57.4,59.2,8.6,91.3,0.1,54.9,57.1,59.3,-98,12.8
2026-02-13 18:06:48,Salón - Extremo (E),54.6,Background Noise,47.3,47.3,48.4,0.0,99.6,0.4,0.0,40.1,40.8,51.0,-91,13.5
2026-02-13 18:07:56,Pasillo Administrativo (E),52.3,Background Noise,42.6,42.6,39.1,0.0,99.8,0.2,0.0,37.8,39.3,40.9,-101,11.5
2026-02-13 18:11:09,Pasillo de Salones (E),61.5,People,54.2,53.9,54.8,0.0,67.0,33.0,0.0,51.7,53.8,56.0,-103,10.5
2026-02-13 18:11:10,Main Lobby (E),70.8,Background Noise,49.8,48.8,52.2,50.5,77.3,22.3,0.3,40.2,41.0,51.6,-87,13.8
2026-02-13 18:11:17,Salón - Uma (E),63.3,Background Noise,57.6,57.6,57.5,0.0,93.3,6.7,0.0,54.6,57.2,59.8,-106,8.3
2026-02-13 18:11:18,Pasillo de Laboratorio (E),61.8,People,57.4,57.1,57.4,59.2,6.9,92.7,0.4,54.9,57.1,59.1,-98,12.5
2026-02-13 18:11:48,Salón - Extremo (E),53.8,Background Noise,47.1,47.1,0.0,0.0,100.0,0.0,0.0,40.1,40.7,51.0,-89,13.3
2026-02-13 18:12:56,Pasillo Administrativo (E),51.8,Background Noise,42.1,42.1,0.0,0.0,100.0,0.0,0.0,37.7,39.2,40.8,-101,11.5
2026-02-13 18:16:10,Pasillo de Salones (E),61.7,Background Noise,54.4,54.1,54.8,0.0,59.6,40.4,0.0,52.0,54.1,56.2,-110,4.5
2026-02-13 18:16:14,Main Lobby (E),72.4,People,50.1,48.1,53.3,0.0,74.9,25.1,0.0,40.2,50.0,51.5,-88,13.5
2026-02-13 18:16:17,Salón - Uma (E),63.7,Background Noise,57.7,57.7,57.3,0.0,94.0,6.0,0.0,54.6,57.3,59.7,-108,7.3
2026-02-13 18:16:18,Pasillo de Laboratorio (E),64.5,People,57.5,57.6,57.4,57.7,3.4,96.5,0.1,54.9,57.2,59.3,-98,10.8
2026-02-13 18:16:48,Salón - Extremo (E),53.7,Background Noise,47.0,47.0,0.0,0.0,100.0,0.0,0.0,40.1,40.7,50.9,-88,13.5
2026-02-13 18:17:56,Pasillo Administrativo (E),52.0,Background Noise,41.7,41.7,39.6,0.0,99.9,0.1,0.0,37.7,39.1,40.7,-102,11.5
2026-02-13 18:21:10,Pasillo de Salones (E),62.9,People,54.2,54.0,54.8,56.6,77.6,22.2,0.2,51.7,54.0,56.0,-104,10.0
2026-02-13 18:21:10,Main Lobby (E),72.2,Vehicle,50.7,48.9,56.2,64.8,93.1,6.2,0.7,40.2,50.1,51.6,-88,13.3
2026-02-13 18:21:17,Salón - Uma (E),62.8,Background Noise,57.6,57.6,57.3,0.0,93.4,6.6,0.0,54.8,57.2,59.6,-110,4.8
2026-02-13 18:21:22,Pasillo de Laboratorio (E),61.5,People,57.3,56.3,57.3,0.0,0.5,99.5,0.0,54.8,57.0,59.2,-99,12.3
2026-02-13 18:21:48,Salón - Extremo (E),54.2,Background Noise,47.0,47.0,0.0,0.0,100.0,0.0,0.0,40.1,40.7,51.1,-90,13.5
2026-02-13 18:22:56,Pasillo Administrativo (E),51.8,Background Noise,41.5,41.5,37.9,0.0,99.9,0.1,0.0,37.7,39.1,40.6,-100,5.8
2026-02-13 18:26:10,Pasillo de Salones (E),61.5,People,54.2,54.0,55.0,0.0,79.9,20.1,0.0,51.7,53.9,56.1,-98,12.8
2026-02-13 18:26:10,Main Lobby (E),63.2,Vehicle,50.7,50.4,50.9,59.1,73.4,25.8,0.8,40.6,50.9,52.4,-88,14.0
2026-02-13 18:26:17,Salón - Uma (E),62.7,Background Noise,57.7,57.7,57.4,0.0,91.4,8.6,0.0,54.8,57.3,59.7,-107,6.5
2026-02-13 18:26:19,Pasillo de Laboratorio (E),67.5,Background Noise,57.5,58.3,57.4,0.0,8.9,91.1,0.0,54.9,57.1,59.2,-98,12.8
2026-02-13 18:26:48,Salón - Extremo (E),53.1,Background Noise,47.3,47.3,0.0,0.0,100.0,0.0,0.0,40.1,40.8,51.0,-91,13.8
2026-02-13 18:27:56,Pasillo Administrativo (E),52.1,Background Noise,41.9,41.9,0.0,0.0,100.0,0.0,0.0,37.8,39.2,40.7,-103,10.5
2026-02-13 18:31:10,Pasillo de Salones (E),62.3,Background Noise,53.9,53.9,54.7,57.9,96.0,3.8,0.2,51.2,53.6,55.9,-109,6.3
2026-02-13 18:31:10,Main Lobby (E),60.5,People,51.4,50.9,52.5,0.0,71.0,29.0,0.0,41.0,51.3,52.9,-89,13.8
2026-02-13 18:31:17,Salón - Uma (E),64.3,Background Noise,57.7,57.7,57.5,0.0,94.3,5.7,0.0,54.7,57.3,59.7,-108,6.8
2026-02-13 18:31:19,Pasillo de Laboratorio (E),61.9,People,57.4,57.7,57.4,55.5,3.9,96.0,0.1,54.9,57.2,59.2,-97,13.0
2026-02-13 18:31:49,Salón - Extremo (E),52.7,Background Noise,47.1,47.1,0.0,0.0,100.0,0.0,0.0,40.1,40.7,50.9,-81,11.5
2026-02-13 18:32:56,Pasillo Administrativo (E),51.8,Background Noise,42.2,42.2,39.3,0.0,99.8,0.3,0.0,37.7,39.1,40.8,-101,11.0
2026-02-13 18:36:10,Pasillo de Salones (E),59.7,Background Noise,53.9,53.8,54.4,55.2,92.1,7.8,0.1,51.3,53.6,55.7,-101,11.0
2026-02-13 18:36:11,Main Lobby (E),67.7,People,50.6,49.3,53.0,54.3,74.1,25.7,0.2,40.3,50.5,52.5,-87,11.5
2026-02-13 18:36:17,Salón - Uma (E),62.8,Background Noise,57.7,57.7,57.5,0.0,95.0,5.0,0.0,54.8,57.3,59.8,-109,5.8
2026-02-13 18:36:19,Pasillo de Laboratorio (E),61.5,People,57.4,57.1,57.4,59.3,1.3,98.6,0.1,55.0,57.2,59.1,-99,12.0
2026-02-13 18:36:49,Salón - Extremo (E),53.2,Background Noise,47.1,47.1,0.0,0.0,100.0,0.0,0.0,40.1,40.7,51.0,-79,13.8
2026-02-13 18:37:56,Pasillo Administrativo (E),52.1,Background Noise,42.2,42.2,0.0,0.0,100.0,0.0,0.0,37.9,39.2,40.8,-104,10.5
2026-02-13 18:41:10,Pasillo de Salones (E),72.0,People,55.3,54.0,58.9,0.0,84.3,15.7,0.0,51.5,53.9,56.4,-112,3.8
2026-02-13 18:41:11,Main Lobby (E),73.4,People,49.6,47.5,54.7,0.0,85.9,14.1,0.0,40.2,40.9,51.4,-86,13.0
2026-02-13 18:41:18,Salón - Uma (E),63.8,Background Noise,57.6,57.6,57.5,0.0,93.3,6.7,0.0,54.8,57.2,59.6,-107,7.8
2026-02-13 18:41:19,Pasillo de Laboratorio (E),66.8,People,57.6,57.9,57.6,59.9,9.4,90.1,0.5,55.0,57.2,59.4,-98,12.8
2026-02-13 18:41:49,Salón - Extremo (E),55.9,People,47.6,47.5,50.7,0.0,97.0,3.0,0.0,40.1,40.8,51.1,-78,13.3
2026-02-13 18:42:57,Pasillo Administrativo (E),52.0,Background Noise,42.3,42.3,0.0,0.0,100.0,0.0,0.0,37.9,39.3,40.8,-102,9.0
2026-02-13 18:46:10,Pasillo de Salones (E),59.5,Background Noise,53.8,53.8,54.0,51.3,98.8,1.1,0.1,51.2,53.5,55.7,-104,10.0
2026-02-13 18:46:15,Main Lobby (E),54.2,Background Noise,47.6,47.6,48.3,40.9,94.9,5.0,0.1,40.1,40.9,51.1,-88,13.3
2026-02-13 18:46:18,Salón - Uma (E),63.5,Background Noise,57.5,57.5,57.6,0.0,94.8,5.2,0.0,54.6,57.1,59.5,-107,7.5
2026-02-13 18:46:19,Pasillo de Laboratorio (E),69.6,Background Noise,57.7,58.3,57.6,57.3,14.3,84.9,0.8,55.1,57.2,59.3,-98,12.8
2026-02-13 18:46:49,Salón - Extremo (E),55.7,Background Noise,47.0,47.0,51.3,0.0,99.9,0.1,0.0,40.2,40.7,51.0,-81,11.5
2026-02-13 18:47:57,Pasillo Administrativo (E),52.1,Background Noise,42.8,42.8,0.0,0.0,100.0,0.0,0.0,37.8,39.3,50.0,-101,11.8
2026-02-13 18:51:10,Pasillo de Salones (E),64.4,People,54.5,53.9,55.5,56.3,70.6,29.2,0.2,51.6,54.0,56.3,-105,9.8
2026-02-13 18:51:11,Main Lobby (E),73.2,People,55.2,50.4,60.8,53.9,79.7,20.2,0.1,40.3,50.4,54.8,-87,13.5
2026-02-13 18:51:18,Salón - Uma (E),62.9,Background Noise,57.5,57.6,56.8,0.0,94.4,5.6,0.0,54.6,57.2,59.6,-96,10.8
2026-02-13 18:51:19,Pasillo de Laboratorio (E),64.9,People,57.6,57.9,57.6,56.7,11.0,88.9,0.1,54.9,57.1,59.4,-98,12.5
2026-02-13 18:51:49,Salón - Extremo (E),54.0,Background Noise,47.5,47.5,48.6,0.0,99.8,0.2,0.0,40.1,40.8,51.1,-79,13.8
2026-02-13 18:52:57,Pasillo Administrativo (E),78.0,Background Noise,53.2,51.2,62.2,58.5,94.8,4.8,0.4,37.9,39.7,53.4,-102,10.5
2026-02-13 18:56:11,Pasillo de Salones (E),66.0,People,54.8,54.3,55.8,57.1,73.3,26.4,0.3,51.7,54.1,56.5,-109,6.5
2026-02-13 18:56:11,Main Lobby (E),73.5,People,57.9,51.3,62.7,53.4,71.9,27.7,0.3,40.6,51.3,59.4,-88,13.5
2026-02-13 18:56:18,Salón - Uma (E),62.2,Background Noise,57.6,57.6,57.5,0.0,92.0,8.0,0.0,54.8,57.3,59.5,-101,11.3
2026-02-13 18:56:19,Pasillo de Laboratorio (E),62.1,People,57.3,56.1,57.3,0.0,0.4,99.6,0.0,54.9,57.1,59.0,-98,11.0
2026-02-13 18:56:51,Salón - Extremo (E),54.6,Background Noise,47.0,47.0,48.6,0.0,99.0,1.0,0.0,40.1,40.7,50.9,-79,14.0
2026-02-13 18:57:57,Pasillo Administrativo (E),58.4,Background Noise,42.5,42.5,50.8,0.0,99.9,0.1,0.0,37.7,39.2,40.9,-91,14.0
2026-02-13 19:01:11,Pasillo de Salones (E),62.7,People,54.8,54.1,55.6,0.0,54.7,45.3,0.0,51.9,54.4,56.8,-101,10.0
2026-02-13 19:01:11,Main Lobby (E),68.5,Background Noise,50.7,49.8,53.0,53.7,79.7,20.2,0.1,40.3,50.4,52.1,-87,11.5
2026-02-13 19:01:18,Salón - Uma (E),62.7,Background Noise,57.7,57.7,58.0,0.0,86.6,13.4,0.0,54.7,57.3,59.8,-97,12.8
2026-02-13 19:01:19,Pasillo de Laboratorio (E),62.7,People,57.3,57.7,57.3,57.5,10.7,89.2,0.1,55.0,57.0,59.1,-99,12.0
2026-02-13 19:01:49,Salón - Extremo (E),59.9,Background Noise,47.2,47.2,47.8,0.0,99.5,0.5,0.0,40.1,40.7,51.0,-79,14.3
2026-02-13 19:02:57,Pasillo Administrativo (E),51.7,Background Noise,42.2,42.2,0.0,0.0,100.0,0.0,0.0,37.7,39.3,40.9,-91,13.8
2026-02-13 19:06:11,Pasillo de Salones (E),59.9,People,54.4,54.0,54.9,0.0,59.0,41.0,0.0,51.6,54.0,56.3,-97,12.8
2026-02-13 19:06:11,Main Lobby (E),59.8,People,47.9,47.7,50.6,51.4,95.6,4.2,0.2,40.2,40.9,51.2,-88,13.8
2026-02-13 19:06:18,Salón - Uma (E),63.9,Background Noise,57.6,57.7,57.4,0.0,92.7,7.3,0.0,54.8,57.2,59.6,-97,12.5
2026-02-13 19:06:19,Pasillo de Laboratorio (E),61.5,People,57.3,57.4,57.3,0.0,1.1,98.9,0.0,54.9,57.0,59.1,-98,12.8
2026-02-13 19:06:49,Salón - Extremo (E),60.0,Background Noise,46.9,46.9,48.3,0.0,99.8,0.2,0.0,40.2,40.6,50.8,-83,14.3
