time,deviceName,laeq_global_dB,dominant_class,dominant_pct,lafmax_dB,lafmax_class,LAeq_common,LAeq_impact,LAeq_rotarytool,LAeq_person,LAeq_vehicle,pct_common,pct_impact,pct_rotarytool,pct_person,pct_vehicle,L10_dB,L50_dB,L90_dB,rssi,snr
2026-07-11 00:00:33,Pasillo Salones Eléctrica,30.02,Silence,0.0,31.227,Silence,0.0,0.0,0.0,0.0,0.0,0.0,0.0,0.0,0.0,0.0,30.477,30.083,28.986,-89,15.8
2026-07-11 00:00:35,Pasillo Decanato Eléctrica,14.168,Silence,0.0,14.787,Silence,0.0,0.0,0.0,0.0,0.0,0.0,0.0,0.0,0.0,0.0,14.842,14.212,13.446,-94,13.3
2026-07-11 00:00:48,Lobby Eléctrica,26.467,Silence,0.0,29.573,Silence,0.0,0.0,0.0,0.0,0.0,0.0,0.0,0.0,0.0,0.0,30.289,25.78,25.149,-113,4.5
2026-07-11 00:00:50,Pasillo Decanato Civil,22.089,Silence,0.0,23.016,Silence,0.0,0.0,0.0,0.0,0.0,0.0,0.0,0.0,0.0,0.0,23.257,22.036,21.36,-91,12.0
2026-07-11 00:00:55,Salón - Extremo Civil,14.658,Silence,0.0,15.663,Silence,0.0,0.0,0.0,0.0,0.0,0.0,0.0,0.0,0.0,0.0,15.834,14.346,14.14,-88,13.8
2026-07-11 00:00:56,Lobby Civil,38.87,Silence,0.0,39.549,Silence,0.0,0.0,0.0,0.0,0.0,0.0,0.0,0.0,0.0,0.0,39.637,38.728,38.362,-86,13.8
2026-07-11 00:01:15,Salón - Uma Civil,9.955,Silence,0.0,10.479,Silence,0.0,0.0,0.0,0.0,0.0,0.0,0.0,0.0,0.0,0.0,10.45,10.186,9.276,-103,10.5
2026-07-11 00:01:19,Laboratorios Civil Superior,30.815,Silence,0.0,32.212,Silence,0.0,0.0,0.0,0.0,0.0,0.0,0.0,0.0,0.0,0.0,32.438,30.305,29.626,-97,12.5
2026-07-11 00:01:20,Laboratorios Civil Central,46.328,Mixed,60.069,47.313,Group 1 (Common),46.2,0.0,0.0,0.0,45.419,60.069,1.432,3.125,0.087,35.2,47.272,46.877,43.745,-107,8.5
2026-07-11 00:01:27,Salón - Extremo Eléctrica,16.05,Silence,0.0,16.807,Silence,0.0,0.0,0.0,0.0,0.0,0.0,0.0,0.0,0.0,0.0,16.678,16.06,15.412,-78,10.0
2026-07-11 00:01:44,Laboratorios Eléctrica Superior,14.244,Silence,0.0,15.28,Silence,0.0,0.0,0.0,0.0,0.0,0.0,0.0,0.0,0.0,0.0,15.51,14.326,12.896,-99,10.8
2026-07-11 00:05:33,Pasillo Salones Eléctrica,30.362,Silence,0.0,31.528,Silence,0.0,0.0,0.0,0.0,0.0,0.0,0.0,0.0,0.0,0.0,31.672,30.33,29.562,-89,12.8
2026-07-11 00:05:35,Pasillo Decanato Eléctrica,14.054,Silence,0.0,14.63,Silence,0.0,0.0,0.0,0.0,0.0,0.0,0.0,0.0,0.0,0.0,14.564,14.218,13.067,-94,13.5
2026-07-11 00:05:48,Lobby Eléctrica,33.867,Silence,0.0,39.303,Silence,0.0,0.0,0.0,0.0,0.0,0.0,0.0,0.0,0.0,0.0,40.319,30.294,28.126,-111,7.0
2026-07-11 00:05:51,Pasillo Decanato Civil,29.303,Silence,0.0,33.687,Silence,0.0,0.0,0.0,0.0,0.0,0.0,0.0,0.0,0.0,0.0,32.48,28.687,26.291,-103,11.5
2026-07-11 00:05:55,Salón - Extremo Civil,13.704,Silence,0.0,18.873,Silence,0.0,0.0,0.0,0.0,0.0,0.0,0.0,0.0,0.0,0.0,14.592,13.454,12.91,-89,14.0
2026-07-11 00:05:56,Lobby Civil,61.369,Mixed,58.637,64.28,Group 1 (Common),61.067,0.0,0.0,62.11,0.0,58.637,2.17,0.0,37.934,1.302,64.884,60.487,53.845,-102,7.8
2026-07-11 00:06:15,Salón - Uma Civil,12.313,Silence,0.0,13.409,Silence,0.0,0.0,0.0,0.0,0.0,0.0,0.0,0.0,0.0,0.0,13.876,12.164,11.192,-111,6.2
2026-07-11 00:06:19,Laboratorios Civil Superior,30.056,Silence,0.0,31.014,Silence,0.0,0.0,0.0,0.0,0.0,0.0,0.0,0.0,0.0,0.0,31.003,30.273,28.677,-97,12.0
2026-07-11 00:06:20,Laboratorios Civil Central,45.702,Mixed,61.762,46.844,Group 1 (Common),45.717,0.0,0.0,0.0,0.0,61.762,1.823,5.859,0.087,30.295,47.434,45.472,44.623,-91,11.8
2026-07-11 00:06:27,Salón - Extremo Eléctrica,16.348,Silence,0.0,17.151,Silence,0.0,0.0,0.0,0.0,0.0,0.0,0.0,0.0,0.0,0.0,17.097,16.469,15.519,-99,11.8
2026-07-11 00:06:44,Laboratorios Eléctrica Superior,12.447,Silence,0.0,13.463,Silence,0.0,0.0,0.0,0.0,0.0,0.0,0.0,0.0,0.0,0.0,13.269,12.474,11.556,-97,8.2
2026-07-11 00:10:33,Pasillo Salones Eléctrica,29.857,Silence,0.0,30.809,Silence,0.0,0.0,0.0,0.0,0.0,0.0,0.0,0.0,0.0,0.0,30.788,30.043,28.936,-101,10.8
2026-07-11 00:10:35,Pasillo Decanato Eléctrica,14.363,Silence,0.0,15.035,Silence,0.0,0.0,0.0,0.0,0.0,0.0,0.0,0.0,0.0,0.0,14.915,14.302,13.509,-94,13.0
2026-07-11 00:10:48,Lobby Eléctrica,36.354,Silence,0.0,37.406,Silence,0.0,0.0,0.0,0.0,0.0,0.0,0.0,0.0,0.0,0.0,37.059,36.406,34.912,-108,5.8
2026-07-11 00:10:50,Pasillo Decanato Civil,21.917,Silence,0.0,22.885,Silence,0.0,0.0,0.0,0.0,0.0,0.0,0.0,0.0,0.0,0.0,22.854,21.959,21.353,-97,11.8
2026-07-11 00:10:55,Salón - Extremo Civil,13.457,Silence,0.0,14.229,Silence,0.0,0.0,0.0,0.0,0.0,0.0,0.0,0.0,0.0,0.0,14.063,13.438,12.862,-90,11.5
2026-07-11 00:10:59,Lobby Civil,48.569,Mixed,38.845,56.131,Group 1 (Common),46.325,42.218,0.0,0.0,40.369,30.469,38.845,0.304,4.601,25.911,57.617,40.683,39.674,-89,13.8
2026-07-11 00:11:15,Salón - Uma Civil,11.254,Silence,0.0,12.116,Silence,0.0,0.0,0.0,0.0,0.0,0.0,0.0,0.0,0.0,0.0,11.705,11.282,10.503,-115,-3.8
2026-07-11 00:11:19,Laboratorios Civil Superior,30.807,Silence,0.0,31.695,Silence,0.0,0.0,0.0,0.0,0.0,0.0,0.0,0.0,0.0,0.0,31.755,30.771,30.18,-98,11.3
2026-07-11 00:11:20,Laboratorios Civil Central,47.179,Mixed,61.892,48.594,Group 1 (Common),46.988,0.0,45.346,0.0,45.274,61.892,3.082,5.946,0.043,28.95,49.085,47.066,45.424,-108,7.5
2026-07-11 00:11:27,Salón - Extremo Eléctrica,16.312,Silence,0.0,17.127,Silence,0.0,0.0,0.0,0.0,0.0,0.0,0.0,0.0,0.0,0.0,17.227,16.18,15.771,-78,11.0
2026-07-11 00:11:44,Laboratorios Eléctrica Superior,15.044,Silence,0.0,15.844,Silence,0.0,0.0,0.0,0.0,0.0,0.0,0.0,0.0,0.0,0.0,15.973,14.984,14.11,-91,13.5
2026-07-11 00:15:33,Pasillo Salones Eléctrica,30.119,Silence,0.0,31.133,Silence,0.0,0.0,0.0,0.0,0.0,0.0,0.0,0.0,0.0,0.0,31.689,29.796,29.493,-99,9.5
2026-07-11 00:15:35,Pasillo Decanato Eléctrica,13.901,Silence,0.0,14.456,Silence,0.0,0.0,0.0,0.0,0.0,0.0,0.0,0.0,0.0,0.0,14.738,13.866,13.195,-93,13.3
2026-07-11 00:15:48,Lobby Eléctrica,34.37,Silence,0.0,41.93,Silence,0.0,0.0,0.0,0.0,0.0,0.0,0.0,0.0,0.0,0.0,43.252,30.543,26.473,-94,2.5
2026-07-11 00:15:50,Pasillo Decanato Civil,29.462,Silence,0.0,32.918,Silence,0.0,0.0,0.0,0.0,0.0,0.0,0.0,0.0,0.0,0.0,32.873,30.206,25.112,-102,10.8
2026-07-11 00:15:55,Salón - Extremo Civil,13.516,Silence,0.0,14.214,Silence,0.0,0.0,0.0,0.0,0.0,0.0,0.0,0.0,0.0,0.0,14.081,13.542,12.966,-94,10.2
2026-07-11 00:15:56,Lobby Civil,57.786,Mixed,38.845,61.119,Group 2 (Impact),57.075,57.448,0.0,58.534,0.0,25.043,38.845,0.0,35.894,0.0,61.25,56.941,48.76,-87,13.8
2026-07-11 00:16:15,Salón - Uma Civil,13.787,Silence,0.0,14.978,Silence,0.0,0.0,0.0,0.0,0.0,0.0,0.0,0.0,0.0,0.0,15.278,13.745,12.704,-108,6.2
2026-07-11 00:16:19,Laboratorios Civil Superior,30.95,Silence,0.0,31.669,Silence,0.0,0.0,0.0,0.0,0.0,0.0,0.0,0.0,0.0,0.0,31.862,30.982,29.993,-99,11.8
2026-07-11 00:16:20,Laboratorios Civil Central,46.695,Mixed,58.55,47.637,Group 1 (Common),46.807,0.0,0.0,0.0,46.77,58.55,4.21,6.25,0.043,30.729,47.606,46.751,45.658,-107,9.8
2026-07-11 00:16:27,Salón - Extremo Eléctrica,17.137,Silence,0.0,18.047,Silence,0.0,0.0,0.0,0.0,0.0,0.0,0.0,0.0,0.0,0.0,17.871,17.308,15.788,-95,12.0
2026-07-11 00:16:44,Laboratorios Eléctrica Superior,12.421,Silence,0.0,13.175,Silence,0.0,0.0,0.0,0.0,0.0,0.0,0.0,0.0,0.0,0.0,13.408,12.399,11.574,-90,13.5
2026-07-11 00:20:33,Pasillo Salones Eléctrica,30.187,Silence,0.0,30.78,Silence,0.0,0.0,0.0,0.0,0.0,0.0,0.0,0.0,0.0,0.0,30.748,30.023,29.466,-89,15.5
2026-07-11 00:20:35,Pasillo Decanato Eléctrica,14.53,Silence,0.0,15.16,Silence,0.0,0.0,0.0,0.0,0.0,0.0,0.0,0.0,0.0,0.0,15.141,14.41,13.919,-92,13.5
2026-07-11 00:20:48,Lobby Eléctrica,35.816,Silence,0.0,39.039,Silence,0.0,0.0,0.0,0.0,0.0,0.0,0.0,0.0,0.0,0.0,38.696,34.76,33.884,-101,11.0
2026-07-11 00:20:50,Pasillo Decanato Civil,21.742,Silence,0.0,26.223,Silence,0.0,0.0,0.0,0.0,0.0,0.0,0.0,0.0,0.0,0.0,26.264,19.819,19.644,-100,7.2
2026-07-11 00:20:55,Salón - Extremo Civil,13.945,Silence,0.0,14.858,Silence,0.0,0.0,0.0,0.0,0.0,0.0,0.0,0.0,0.0,0.0,14.46,13.888,13.611,-89,9.8
2026-07-11 00:20:56,Lobby Civil,60.709,Mixed,62.549,64.34,Group 1 (Common),63.147,60.587,0.0,60.939,0.0,16.504,20.947,0.0,62.549,0.0,65.71,58.533,57.053,-100,10.0
2026-07-11 00:21:15,Salón - Uma Civil,11.115,Silence,0.0,12.183,Silence,0.0,0.0,0.0,0.0,0.0,0.0,0.0,0.0,0.0,0.0,12.099,10.99,9.989,-105,8.8
2026-07-11 00:21:19,Laboratorios Civil Superior,35.322,Silence,0.0,36.049,Silence,0.0,0.0,0.0,0.0,0.0,0.0,0.0,0.0,0.0,0.0,36.069,35.264,34.08,-98,11.5
2026-07-11 00:21:22,Laboratorios Civil Central,48.375,Mixed,67.92,49.446,Group 1 (Common),48.297,0.0,0.0,0.0,46.952,67.92,0.098,0.0,0.0,31.982,49.459,48.502,46.723,-103,9.5
2026-07-11 00:21:27,Salón - Extremo Eléctrica,15.857,Silence,0.0,16.667,Silence,0.0,0.0,0.0,0.0,0.0,0.0,0.0,0.0,0.0,0.0,16.932,15.695,14.791,-80,12.5
2026-07-11 00:21:44,Laboratorios Eléctrica Superior,11.848,Silence,0.0,12.849,Silence,0.0,0.0,0.0,0.0,0.0,0.0,0.0,0.0,0.0,0.0,13.109,11.619,10.928,-97,10.5
2026-07-11 00:25:33,Pasillo Salones Eléctrica,30.092,Silence,0.0,31.001,Silence,0.0,0.0,0.0,0.0,0.0,0.0,0.0,0.0,0.0,0.0,31.101,30.069,29.358,-90,14.3
2026-07-11 00:25:35,Pasillo Decanato Eléctrica,14.296,Silence,0.0,14.894,Silence,0.0,0.0,0.0,0.0,0.0,0.0,0.0,0.0,0.0,0.0,15.076,14.106,13.525,-93,13.0
2026-07-11 00:25:48,Lobby Eléctrica,26.293,Silence,0.0,27.196,Silence,0.0,0.0,0.0,0.0,0.0,0.0,0.0,0.0,0.0,0.0,27.052,26.242,25.478,-109,6.0
2026-07-11 00:25:50,Pasillo Decanato Civil,20.492,Silence,0.0,21.187,Silence,0.0,0.0,0.0,0.0,0.0,0.0,0.0,0.0,0.0,0.0,21.329,20.428,19.915,-94,12.3
2026-07-11 00:25:55,Salón - Extremo Civil,13.607,Silence,0.0,14.361,Silence,0.0,0.0,0.0,0.0,0.0,0.0,0.0,0.0,0.0,0.0,14.339,13.656,12.632,-89,14.3
2026-07-11 00:25:56,Lobby Civil,50.588,Mixed,39.844,52.188,Group 3 (Rotary Tool),0.0,50.774,50.757,0.0,51.259,0.0,39.844,39.404,1.514,19.238,52.346,50.277,49.404,-86,14.5
2026-07-11 00:26:15,Salón - Uma Civil,9.989,Silence,0.0,10.605,Silence,0.0,0.0,0.0,0.0,0.0,0.0,0.0,0.0,0.0,0.0,10.583,9.943,9.312,-111,1.2
2026-07-11 00:26:19,Laboratorios Civil Superior,30.603,Silence,0.0,31.613,Silence,0.0,0.0,0.0,0.0,0.0,0.0,0.0,0.0,0.0,0.0,31.748,30.517,29.466,-99,10.8
2026-07-11 00:26:20,Laboratorios Civil Central,45.997,Mixed,65.869,47.405,Group 1 (Common),46.611,0.0,0.0,0.0,46.495,65.869,0.098,0.098,0.0,33.74,47.741,46.039,43.267,-93,11.8
2026-07-11 00:26:28,Salón - Extremo Eléctrica,15.795,Silence,0.0,16.35,Silence,0.0,0.0,0.0,0.0,0.0,0.0,0.0,0.0,0.0,0.0,16.249,15.886,15.243,-95,11.8
2026-07-11 00:26:44,Laboratorios Eléctrica Superior,11.87,Silence,0.0,12.478,Silence,0.0,0.0,0.0,0.0,0.0,0.0,0.0,0.0,0.0,0.0,12.303,11.857,11.187,-95,10.0
2026-07-11 00:30:33,Pasillo Salones Eléctrica,30.306,Silence,0.0,31.162,Silence,0.0,0.0,0.0,0.0,0.0,0.0,0.0,0.0,0.0,0.0,31.354,30.307,29.425,-89,16.0
2026-07-11 00:30:35,Pasillo Decanato Eléctrica,14.144,Silence,0.0,14.827,Silence,0.0,0.0,0.0,0.0,0.0,0.0,0.0,0.0,0.0,0.0,14.473,14.222,13.724,-92,13.3
2026-07-11 00:30:48,Lobby Eléctrica,37.847,Silence,0.0,42.263,Silence,0.0,0.0,0.0,0.0,0.0,0.0,0.0,0.0,0.0,0.0,42.496,37.019,33.037,-111,6.0
2026-07-11 00:30:50,Pasillo Decanato Civil,22.661,Silence,0.0,24.08,Silence,0.0,0.0,0.0,0.0,0.0,0.0,0.0,0.0,0.0,0.0,24.189,22.586,20.547,-97,11.3
2026-07-11 00:30:55,Salón - Extremo Civil,13.682,Silence,0.0,14.22,Silence,0.0,0.0,0.0,0.0,0.0,0.0,0.0,0.0,0.0,0.0,13.958,13.681,13.154,-88,13.3
2026-07-11 00:30:56,Lobby Civil,54.207,Mixed,65.538,62.991,Group 2 (Impact),0.0,58.11,53.447,0.0,0.0,0.0,65.538,31.207,1.172,2.04,56.126,54.139,50.236,-107,1.8
2026-07-11 00:31:15,Salón - Uma Civil,12.312,Silence,0.0,14.175,Silence,0.0,0.0,0.0,0.0,0.0,0.0,0.0,0.0,0.0,0.0,13.531,12.145,11.185,-101,12.5
2026-07-11 00:31:19,Laboratorios Civil Superior,30.68,Silence,0.0,31.652,Silence,0.0,0.0,0.0,0.0,0.0,0.0,0.0,0.0,0.0,0.0,31.538,30.638,29.804,-101,10.3
2026-07-11 00:31:20,Laboratorios Civil Central,45.96,Mixed,48.915,47.394,Group 1 (Common),45.884,0.0,45.967,0.0,45.372,48.915,1.91,7.813,0.087,41.102,47.268,46.385,44.546,-96,11.5
2026-07-11 00:31:27,Salón - Extremo Eléctrica,16.146,Silence,0.0,17.287,Silence,0.0,0.0,0.0,0.0,0.0,0.0,0.0,0.0,0.0,0.0,16.997,16.251,15.375,-92,12.2
2026-07-11 00:31:44,Laboratorios Eléctrica Superior,11.33,Silence,0.0,11.877,Silence,0.0,0.0,0.0,0.0,0.0,0.0,0.0,0.0,0.0,0.0,11.855,11.37,10.278,-95,8.8
2026-07-11 00:35:33,Pasillo Salones Eléctrica,30.272,Silence,0.0,31.168,Silence,0.0,0.0,0.0,0.0,0.0,0.0,0.0,0.0,0.0,0.0,31.306,30.227,28.855,-89,15.8
2026-07-11 00:35:35,Pasillo Decanato Eléctrica,14.182,Silence,0.0,14.745,Silence,0.0,0.0,0.0,0.0,0.0,0.0,0.0,0.0,0.0,0.0,14.731,14.24,13.629,-94,13.0
2026-07-11 00:35:48,Lobby Eléctrica,28.121,Silence,0.0,28.887,Silence,0.0,0.0,0.0,0.0,0.0,0.0,0.0,0.0,0.0,0.0,28.608,28.058,27.604,-119,1.0
2026-07-11 00:35:50,Pasillo Decanato Civil,20.616,Silence,0.0,21.78,Silence,0.0,0.0,0.0,0.0,0.0,0.0,0.0,0.0,0.0,0.0,21.97,20.524,19.509,-92,10.0
2026-07-11 00:35:55,Salón - Extremo Civil,13.613,Silence,0.0,14.383,Silence,0.0,0.0,0.0,0.0,0.0,0.0,0.0,0.0,0.0,0.0,14.318,13.592,12.776,-88,14.3
2026-07-11 00:35:56,Lobby Civil,53.736,Group 5 (Vehicle),90.668,56.096,Group 5 (Vehicle),0.0,0.0,50.139,0.0,55.02,0.0,2.344,6.424,0.434,90.668,55.891,54.428,49.78,-87,11.8
2026-07-11 00:36:15,Salón - Uma Civil,10.184,Silence,0.0,10.898,Silence,0.0,0.0,0.0,0.0,0.0,0.0,0.0,0.0,0.0,0.0,11.177,10.08,9.176,-101,11.5
2026-07-11 00:36:19,Laboratorios Civil Superior,35.907,Silence,0.0,36.616,Silence,0.0,0.0,0.0,0.0,0.0,0.0,0.0,0.0,0.0,0.0,36.498,36.044,34.835,-98,13.3
2026-07-11 00:36:20,Laboratorios Civil Central,47.5,Group 1 (Common),77.778,48.527,Group 5 (Vehicle),47.056,0.0,0.0,0.0,47.998,77.778,0.0,0.0,0.0,22.179,48.686,47.322,46.625,-107,10.8
2026-07-11 00:36:27,Salón - Extremo Eléctrica,15.996,Silence,0.0,16.609,Silence,0.0,0.0,0.0,0.0,0.0,0.0,0.0,0.0,0.0,0.0,16.778,15.951,15.218,-77,12.0
2026-07-11 00:36:44,Laboratorios Eléctrica Superior,15.538,Silence,0.0,16.545,Silence,0.0,0.0,0.0,0.0,0.0,0.0,0.0,0.0,0.0,0.0,16.644,15.67,14.344,-91,13.5
2026-07-11 00:40:33,Pasillo Salones Eléctrica,30.555,Silence,0.0,31.249,Silence,0.0,0.0,0.0,0.0,0.0,0.0,0.0,0.0,0.0,0.0,31.33,30.668,29.694,-89,13.8
2026-07-11 00:40:35,Pasillo Decanato Eléctrica,14.204,Silence,0.0,14.792,Silence,0.0,0.0,0.0,0.0,0.0,0.0,0.0,0.0,0.0,0.0,14.75,13.979,13.793,-94,13.3
2026-07-11 00:40:48,Lobby Eléctrica,28.375,Silence,0.0,29.545,Silence,0.0,0.0,0.0,0.0,0.0,0.0,0.0,0.0,0.0,0.0,29.92,28.263,27.471,-111,3.8
2026-07-11 00:40:50,Pasillo Decanato Civil,19.938,Silence,0.0,20.717,Silence,0.0,0.0,0.0,0.0,0.0,0.0,0.0,0.0,0.0,0.0,20.43,19.781,19.646,-108,9.2
2026-07-11 00:40:55,Salón - Extremo Civil,13.389,Silence,0.0,13.96,Silence,0.0,0.0,0.0,0.0,0.0,0.0,0.0,0.0,0.0,0.0,13.777,13.397,13.045,-89,13.8
2026-07-11 00:40:56,Lobby Civil,49.035,Mixed,45.443,50.768,Group 2 (Impact),48.695,49.591,0.0,0.0,49.672,21.615,45.443,0.434,2.908,29.47,50.52,49.44,46.493,-99,7.2
2026-07-11 00:41:15,Salón - Uma Civil,10.106,Silence,0.0,11.318,Silence,0.0,0.0,0.0,0.0,0.0,0.0,0.0,0.0,0.0,0.0,10.547,10.157,9.544,-101,12.5
2026-07-11 00:41:19,Laboratorios Civil Superior,30.075,Silence,0.0,31.247,Silence,0.0,0.0,0.0,0.0,0.0,0.0,0.0,0.0,0.0,0.0,30.638,30.139,29.283,-97,11.8
2026-07-11 00:41:20,Laboratorios Civil Central,45.306,Mixed,41.667,46.582,Group 1 (Common),45.215,45.697,0.0,0.0,45.107,41.667,20.964,4.861,0.13,32.422,46.774,44.882,44.519,-89,12.5
2026-07-11 00:41:27,Salón - Extremo Eléctrica,16.12,Silence,0.0,16.9,Silence,0.0,0.0,0.0,0.0,0.0,0.0,0.0,0.0,0.0,0.0,17.266,15.95,15.19,-95,11.8
2026-07-11 00:41:44,Laboratorios Eléctrica Superior,12.083,Silence,0.0,13.17,Silence,0.0,0.0,0.0,0.0,0.0,0.0,0.0,0.0,0.0,0.0,12.528,12.115,11.413,-99,9.0
2026-07-11 00:45:33,Pasillo Salones Eléctrica,30.065,Silence,0.0,31.067,Silence,0.0,0.0,0.0,0.0,0.0,0.0,0.0,0.0,0.0,0.0,31.183,29.912,28.865,-99,9.0
2026-07-11 00:45:35,Pasillo Decanato Eléctrica,14.177,Silence,0.0,14.745,Silence,0.0,0.0,0.0,0.0,0.0,0.0,0.0,0.0,0.0,0.0,14.724,14.173,13.799,-115,-4.8
2026-07-11 00:45:48,Lobby Eléctrica,27.483,Silence,0.0,28.054,Silence,0.0,0.0,0.0,0.0,0.0,0.0,0.0,0.0,0.0,0.0,27.9,27.498,26.668,-103,9.8
2026-07-11 00:45:50,Pasillo Decanato Civil,20.699,Silence,0.0,22.483,Silence,0.0,0.0,0.0,0.0,0.0,0.0,0.0,0.0,0.0,0.0,22.743,20.307,18.566,-91,14.8
2026-07-11 00:45:55,Salón - Extremo Civil,13.36,Silence,0.0,14.09,Silence,0.0,0.0,0.0,0.0,0.0,0.0,0.0,0.0,0.0,0.0,13.928,13.358,12.562,-85,12.5
2026-07-11 00:45:56,Lobby Civil,48.176,Mixed,55.556,50.932,Group 2 (Impact),0.0,48.24,45.817,0.0,0.0,0.0,55.556,26.953,0.955,16.493,51.885,47.603,45.295,-102,11.0
2026-07-11 00:46:15,Salón - Uma Civil,10.261,Silence,0.0,11.259,Silence,0.0,0.0,0.0,0.0,0.0,0.0,0.0,0.0,0.0,0.0,11.371,10.147,9.394,-110,-1.2
2026-07-11 00:46:19,Laboratorios Civil Superior,31.116,Silence,0.0,32.163,Silence,0.0,0.0,0.0,0.0,0.0,0.0,0.0,0.0,0.0,0.0,32.162,30.903,30.0,-103,10.0
2026-07-11 00:46:20,Laboratorios Civil Central,46.657,Mixed,62.587,47.725,Group 1 (Common),46.739,0.0,0.0,0.0,47.303,62.587,1.389,0.391,0.0,35.503,47.58,46.582,45.761,-90,12.0
2026-07-11 00:46:27,Salón - Extremo Eléctrica,15.63,Silence,0.0,16.472,Silence,0.0,0.0,0.0,0.0,0.0,0.0,0.0,0.0,0.0,0.0,16.157,15.481,15.311,-97,12.2
2026-07-11 00:46:44,Laboratorios Eléctrica Superior,11.51,Silence,0.0,13.007,Silence,0.0,0.0,0.0,0.0,0.0,0.0,0.0,0.0,0.0,0.0,13.48,11.335,10.535,-99,8.5
2026-07-11 00:50:33,Pasillo Salones Eléctrica,29.874,Silence,0.0,30.451,Silence,0.0,0.0,0.0,0.0,0.0,0.0,0.0,0.0,0.0,0.0,30.706,29.908,28.679,-89,14.0
2026-07-11 00:50:36,Pasillo Decanato Eléctrica,14.685,Silence,0.0,15.519,Silence,0.0,0.0,0.0,0.0,0.0,0.0,0.0,0.0,0.0,0.0,15.625,14.465,13.746,-94,13.5
2026-07-11 00:50:48,Lobby Eléctrica,29.058,Silence,0.0,29.98,Silence,0.0,0.0,0.0,0.0,0.0,0.0,0.0,0.0,0.0,0.0,29.616,28.936,28.476,-105,8.0
2026-07-11 00:50:50,Pasillo Decanato Civil,21.247,Silence,0.0,21.845,Silence,0.0,0.0,0.0,0.0,0.0,0.0,0.0,0.0,0.0,0.0,22.228,21.375,20.427,-91,12.5
2026-07-11 00:50:55,Salón - Extremo Civil,13.547,Silence,0.0,14.206,Silence,0.0,0.0,0.0,0.0,0.0,0.0,0.0,0.0,0.0,0.0,13.849,13.66,12.909,-85,11.0
2026-07-11 00:50:56,Lobby Civil,51.239,Mixed,56.25,53.702,Group 2 (Impact),0.0,51.8,51.59,0.0,0.0,0.0,36.979,56.25,0.781,5.816,52.8,51.369,49.813,-97,8.5
2026-07-11 00:51:15,Salón - Uma Civil,10.26,Silence,0.0,10.996,Silence,0.0,0.0,0.0,0.0,0.0,0.0,0.0,0.0,0.0,0.0,10.837,10.231,9.902,-109,4.8
2026-07-11 00:51:19,Laboratorios Civil Superior,35.398,Silence,0.0,36.306,Silence,0.0,0.0,0.0,0.0,0.0,0.0,0.0,0.0,0.0,0.0,35.863,35.524,34.816,-96,9.5
2026-07-11 00:51:20,Laboratorios Civil Central,49.017,Group 1 (Common),78.776,50.059,Group 1 (Common),48.74,0.0,0.0,0.0,0.0,78.776,11.849,1.215,0.217,7.813,50.207,48.95,47.764,-105,8.2
2026-07-11 00:51:27,Salón - Extremo Eléctrica,16.425,Silence,0.0,17.052,Silence,0.0,0.0,0.0,0.0,0.0,0.0,0.0,0.0,0.0,0.0,17.428,16.57,15.352,-79,10.8
2026-07-11 00:51:44,Laboratorios Eléctrica Superior,15.931,Silence,0.0,16.909,Silence,0.0,0.0,0.0,0.0,0.0,0.0,0.0,0.0,0.0,0.0,16.725,15.725,15.272,-91,13.8
2026-07-11 00:55:33,Pasillo Salones Eléctrica,29.865,Silence,0.0,30.994,Silence,0.0,0.0,0.0,0.0,0.0,0.0,0.0,0.0,0.0,0.0,31.272,29.976,28.801,-99,9.0
2026-07-11 00:55:35,Pasillo Decanato Eléctrica,14.275,Silence,0.0,14.847,Silence,0.0,0.0,0.0,0.0,0.0,0.0,0.0,0.0,0.0,0.0,14.925,14.177,13.887,-93,13.0
2026-07-11 00:55:48,Lobby Eléctrica,28.802,Silence,0.0,29.92,Silence,0.0,0.0,0.0,0.0,0.0,0.0,0.0,0.0,0.0,0.0,30.344,29.03,27.442,-103,10.3
2026-07-11 00:55:51,Pasillo Decanato Civil,20.296,Silence,0.0,21.295,Silence,0.0,0.0,0.0,0.0,0.0,0.0,0.0,0.0,0.0,0.0,20.942,20.35,19.019,-101,10.0
2026-07-11 00:55:55,Salón - Extremo Civil,13.892,Silence,0.0,14.541,Silence,0.0,0.0,0.0,0.0,0.0,0.0,0.0,0.0,0.0,0.0,14.544,13.832,13.279,-87,9.2
2026-07-11 00:55:56,Lobby Civil,50.007,Mixed,45.66,52.737,Group 2 (Impact),0.0,51.371,50.469,0.0,50.332,0.0,26.823,26.693,0.825,45.66,52.024,49.542,48.246,-106,6.2
2026-07-11 00:56:15,Salón - Uma Civil,11.582,Silence,0.0,12.488,Silence,0.0,0.0,0.0,0.0,0.0,0.0,0.0,0.0,0.0,0.0,12.198,11.617,10.987,-113,-0.8
2026-07-11 00:56:19,Laboratorios Civil Superior,30.677,Silence,0.0,31.341,Silence,0.0,0.0,0.0,0.0,0.0,0.0,0.0,0.0,0.0,0.0,31.29,30.891,28.867,-96,11.2
2026-07-11 00:56:20,Laboratorios Civil Central,45.355,Mixed,62.066,47.132,Group 1 (Common),45.416,0.0,0.0,0.0,44.533,62.066,3.559,0.434,0.087,33.637,47.339,44.949,43.841,-90,12.0
2026-07-11 00:56:27,Salón - Extremo Eléctrica,15.875,Silence,0.0,16.42,Silence,0.0,0.0,0.0,0.0,0.0,0.0,0.0,0.0,0.0,0.0,16.482,15.778,15.288,-96,10.8
2026-07-11 00:56:44,Laboratorios Eléctrica Superior,11.417,Silence,0.0,11.874,Silence,0.0,0.0,0.0,0.0,0.0,0.0,0.0,0.0,0.0,0.0,11.708,11.506,10.773,-89,14.0
2026-07-11 01:00:33,Pasillo Salones Eléctrica,30.072,Silence,0.0,30.76,Silence,0.0,0.0,0.0,0.0,0.0,0.0,0.0,0.0,0.0,0.0,31.266,29.857,29.143,-89,14.0
2026-07-11 01:00:35,Pasillo Decanato Eléctrica,14.541,Silence,0.0,15.174,Silence,0.0,0.0,0.0,0.0,0.0,0.0,0.0,0.0,0.0,0.0,15.153,14.556,13.441,-112,-6.8
2026-07-11 01:00:48,Lobby Eléctrica,28.976,Silence,0.0,29.729,Silence,0.0,0.0,0.0,0.0,0.0,0.0,0.0,0.0,0.0,0.0,29.344,29.084,28.054,-101,10.3
2026-07-11 01:00:50,Pasillo Decanato Civil,21.079,Silence,0.0,22.148,Silence,0.0,0.0,0.0,0.0,0.0,0.0,0.0,0.0,0.0,0.0,22.075,21.137,20.176,-107,9.8
2026-07-11 01:00:55,Salón - Extremo Civil,13.853,Silence,0.0,14.592,Silence,0.0,0.0,0.0,0.0,0.0,0.0,0.0,0.0,0.0,0.0,14.253,13.902,12.808,-85,10.5
2026-07-11 01:00:58,Lobby Civil,49.125,Mixed,42.48,50.223,Group 2 (Impact),0.0,49.316,49.093,0.0,0.0,0.0,38.037,42.48,1.074,18.408,50.662,48.828,47.463,-101,4.8
2026-07-11 01:01:15,Salón - Uma Civil,10.288,Silence,0.0,10.895,Silence,0.0,0.0,0.0,0.0,0.0,0.0,0.0,0.0,0.0,0.0,10.735,10.292,9.888,-103,10.8
2026-07-11 01:01:19,Laboratorios Civil Superior,34.782,Silence,0.0,35.214,Silence,0.0,0.0,0.0,0.0,0.0,0.0,0.0,0.0,0.0,0.0,35.091,34.755,34.335,-102,10.0
2026-07-11 01:01:20,Laboratorios Civil Central,48.554,Group 1 (Common),73.682,49.573,Group 1 (Common),48.262,0.0,0.0,0.0,0.0,73.682,0.0,0.0,0.0,26.221,49.836,48.429,46.803,-89,12.0
2026-07-11 01:01:27,Salón - Extremo Eléctrica,15.646,Silence,0.0,16.287,Silence,0.0,0.0,0.0,0.0,0.0,0.0,0.0,0.0,0.0,0.0,16.165,15.564,14.824,-93,12.0
2026-07-11 01:01:44,Laboratorios Eléctrica Superior,13.835,Silence,0.0,14.651,Silence,0.0,0.0,0.0,0.0,0.0,0.0,0.0,0.0,0.0,0.0,14.538,13.765,12.968,-100,11.8
2026-07-11 01:05:33,Pasillo Salones Eléctrica,30.094,Silence,0.0,30.843,Silence,0.0,0.0,0.0,0.0,0.0,0.0,0.0,0.0,0.0,0.0,30.787,30.133,28.828,-101,9.0
2026-07-11 01:05:35,Pasillo Decanato Eléctrica,14.177,Silence,0.0,14.773,Silence,0.0,0.0,0.0,0.0,0.0,0.0,0.0,0.0,0.0,0.0,14.61,14.05,13.574,-94,13.3
2026-07-11 01:05:48,Lobby Eléctrica,33.1,Silence,0.0,42.62,Silence,0.0,0.0,0.0,0.0,0.0,0.0,0.0,0.0,0.0,0.0,39.048,29.559,28.319,-109,8.0
2026-07-11 01:05:50,Pasillo Decanato Civil,23.759,Silence,0.0,25.729,Silence,0.0,0.0,0.0,0.0,0.0,0.0,0.0,0.0,0.0,0.0,25.925,23.767,20.594,-90,11.8
2026-07-11 01:05:55,Salón - Extremo Civil,13.615,Silence,0.0,14.052,Silence,0.0,0.0,0.0,0.0,0.0,0.0,0.0,0.0,0.0,0.0,14.37,13.605,12.713,-90,13.8
2026-07-11 01:05:56,Lobby Civil,57.012,Mixed,66.797,60.479,Group 5 (Vehicle),0.0,54.109,0.0,0.0,55.549,1.025,18.848,11.035,2.295,66.797,60.429,53.985,51.874,-85,11.5
2026-07-11 01:06:15,Salón - Uma Civil,10.363,Silence,0.0,11.045,Silence,0.0,0.0,0.0,0.0,0.0,0.0,0.0,0.0,0.0,0.0,10.894,10.421,9.425,-113,3.8
2026-07-11 01:06:19,Laboratorios Civil Superior,30.99,Silence,0.0,31.896,Silence,0.0,0.0,0.0,0.0,0.0,0.0,0.0,0.0,0.0,0.0,31.737,31.035,29.277,-97,12.3
2026-07-11 01:06:20,Laboratorios Civil Central,46.202,Group 1 (Common),78.467,47.564,Group 1 (Common),46.466,0.0,0.0,0.0,0.0,78.467,1.758,3.271,0.049,16.455,47.351,45.908,44.399,-102,6.2
2026-07-11 01:06:27,Salón - Extremo Eléctrica,16.448,Silence,0.0,17.165,Silence,0.0,0.0,0.0,0.0,0.0,0.0,0.0,0.0,0.0,0.0,17.343,16.22,15.826,-79,13.8
2026-07-11 01:06:44,Laboratorios Eléctrica Superior,13.32,Silence,0.0,13.865,Silence,0.0,0.0,0.0,0.0,0.0,0.0,0.0,0.0,0.0,0.0,14.118,13.224,12.766,-104,9.3
2026-07-11 01:10:33,Pasillo Salones Eléctrica,30.378,Silence,0.0,31.111,Silence,0.0,0.0,0.0,0.0,0.0,0.0,0.0,0.0,0.0,0.0,31.287,30.332,29.628,-89,13.8
2026-07-11 01:10:35,Pasillo Decanato Eléctrica,14.069,Silence,0.0,14.79,Silence,0.0,0.0,0.0,0.0,0.0,0.0,0.0,0.0,0.0,0.0,14.912,14.105,13.47,-92,13.0
2026-07-11 01:10:48,Lobby Eléctrica,38.011,Silence,0.0,38.872,Silence,0.0,0.0,0.0,0.0,0.0,0.0,0.0,0.0,0.0,0.0,38.81,37.968,36.897,-102,8.3
2026-07-11 01:10:50,Pasillo Decanato Civil,20.339,Silence,0.0,21.368,Silence,0.0,0.0,0.0,0.0,0.0,0.0,0.0,0.0,0.0,0.0,21.718,20.173,19.222,-96,10.0
2026-07-11 01:10:55,Salón - Extremo Civil,13.765,Silence,0.0,14.506,Silence,0.0,0.0,0.0,0.0,0.0,0.0,0.0,0.0,0.0,0.0,14.479,13.669,13.223,-84,13.5
2026-07-11 01:10:56,Lobby Civil,56.252,Mixed,57.986,60.927,Group 1 (Common),54.4,49.563,0.0,55.698,0.0,57.986,26.085,0.0,15.929,0.0,61.825,55.298,43.557,-101,9.2
2026-07-11 01:11:15,Salón - Uma Civil,9.839,Silence,0.0,10.585,Silence,0.0,0.0,0.0,0.0,0.0,0.0,0.0,0.0,0.0,0.0,10.729,9.905,8.921,-114,
2026-07-11 01:11:19,Laboratorios Civil Superior,30.351,Silence,0.0,31.062,Silence,0.0,0.0,0.0,0.0,0.0,0.0,0.0,0.0,0.0,0.0,31.439,30.22,29.358,-95,11.5
2026-07-11 01:11:27,Salón - Extremo Eléctrica,16.413,Silence,0.0,17.196,Silence,0.0,0.0,0.0,0.0,0.0,0.0,0.0,0.0,0.0,0.0,17.298,16.282,15.465,-94,11.8
2026-07-11 01:11:44,Laboratorios Eléctrica Superior,13.064,Silence,0.0,13.825,Silence,0.0,0.0,0.0,0.0,0.0,0.0,0.0,0.0,0.0,0.0,13.742,13.18,12.219,-92,13.3
2026-07-11 01:15:33,Pasillo Salones Eléctrica,30.172,Silence,0.0,30.978,Silence,0.0,0.0,0.0,0.0,0.0,0.0,0.0,0.0,0.0,0.0,31.249,30.224,29.154,-89,14.0
2026-07-11 01:15:35,Pasillo Decanato Eléctrica,14.508,Silence,0.0,15.38,Silence,0.0,0.0,0.0,0.0,0.0,0.0,0.0,0.0,0.0,0.0,15.16,14.39,14.121,-94,13.0
2026-07-11 01:15:48,Lobby Eléctrica,28.414,Silence,0.0,29.715,Silence,0.0,0.0,0.0,0.0,0.0,0.0,0.0,0.0,0.0,0.0,30.044,28.517,26.623,-101,10.5
2026-07-11 01:15:50,Pasillo Decanato Civil,20.646,Silence,0.0,22.465,Silence,0.0,0.0,0.0,0.0,0.0,0.0,0.0,0.0,0.0,0.0,22.568,20.581,18.989,-103,11.0
2026-07-11 01:15:55,Salón - Extremo Civil,13.885,Silence,0.0,14.545,Silence,0.0,0.0,0.0,0.0,0.0,0.0,0.0,0.0,0.0,0.0,14.466,13.803,13.219,-85,13.0
2026-07-11 01:15:56,Lobby Civil,49.424,Mixed,38.628,56.545,Group 1 (Common),53.595,47.818,0.0,0.0,43.451,37.283,38.628,2.3,6.901,14.757,57.578,44.698,41.464,-87,13.8
2026-07-11 01:16:15,Salón - Uma Civil,12.553,Silence,0.0,13.516,Silence,0.0,0.0,0.0,0.0,0.0,0.0,0.0,0.0,0.0,0.0,13.385,12.704,11.608,-101,12.3
2026-07-11 01:16:19,Laboratorios Civil Superior,35.146,Silence,0.0,35.797,Silence,0.0,0.0,0.0,0.0,0.0,0.0,0.0,0.0,0.0,0.0,35.799,35.194,34.303,-101,10.5
2026-07-11 01:16:22,Laboratorios Civil Central,47.224,Mixed,60.894,48.59,Group 1 (Common),47.436,0.0,0.0,0.0,0.0,60.894,1.649,2.734,0.0,34.549,48.313,47.243,46.473,-91,11.8
2026-07-11 01:16:27,Salón - Extremo Eléctrica,21.119,Silence,0.0,26.675,Silence,0.0,0.0,0.0,0.0,0.0,0.0,0.0,0.0,0.0,0.0,29.334,17.871,15.81,-78,11.3
2026-07-11 01:16:44,Laboratorios Eléctrica Superior,17.068,Silence,0.0,18.729,Silence,0.0,0.0,0.0,0.0,0.0,0.0,0.0,0.0,0.0,0.0,18.312,17.023,16.095,-91,13.8
2026-07-11 01:20:33,Pasillo Salones Eléctrica,30.247,Silence,0.0,30.971,Silence,0.0,0.0,0.0,0.0,0.0,0.0,0.0,0.0,0.0,0.0,31.01,30.267,29.371,-89,14.3
2026-07-11 01:20:35,Pasillo Decanato Eléctrica,14.693,Silence,0.0,15.451,Silence,0.0,0.0,0.0,0.0,0.0,0.0,0.0,0.0,0.0,0.0,15.213,14.595,14.166,-93,13.5
2026-07-11 01:20:48,Lobby Eléctrica,31.25,Silence,0.0,32.632,Silence,0.0,0.0,0.0,0.0,0.0,0.0,0.0,0.0,0.0,0.0,32.434,31.783,29.472,-111,4.5
2026-07-11 01:20:50,Pasillo Decanato Civil,20.463,Silence,0.0,21.958,Silence,0.0,0.0,0.0,0.0,0.0,0.0,0.0,0.0,0.0,0.0,21.689,20.424,19.637,-93,12.0
2026-07-11 01:20:55,Salón - Extremo Civil,14.129,Silence,0.0,14.931,Silence,0.0,0.0,0.0,0.0,0.0,0.0,0.0,0.0,0.0,0.0,14.94,14.151,13.446,-87,9.8
2026-07-11 01:20:56,Lobby Civil,49.164,Group 5 (Vehicle),71.398,52.955,Group 5 (Vehicle),0.0,47.155,0.0,0.0,50.481,0.0,22.743,5.078,0.868,71.398,53.374,48.764,45.051,-89,16.0
2026-07-11 01:21:15,Salón - Uma Civil,12.436,Silence,0.0,13.644,Silence,0.0,0.0,0.0,0.0,0.0,0.0,0.0,0.0,0.0,0.0,13.547,12.29,11.388,-105,9.0
2026-07-11 01:21:19,Laboratorios Civil Superior,30.979,Silence,0.0,31.92,Silence,0.0,0.0,0.0,0.0,0.0,0.0,0.0,0.0,0.0,0.0,31.505,31.134,30.153,-99,12.5
2026-07-11 01:21:20,Laboratorios Civil Central,46.117,Mixed,54.297,47.587,Group 1 (Common),46.175,0.0,0.0,0.0,45.098,54.297,4.427,5.339,0.13,35.851,47.645,46.068,44.642,-107,7.0
2026-07-11 01:21:27,Salón - Extremo Eléctrica,15.485,Silence,0.0,16.06,Silence,0.0,0.0,0.0,0.0,0.0,0.0,0.0,0.0,0.0,0.0,15.879,15.58,14.917,-93,12.2
2026-07-11 01:21:44,Laboratorios Eléctrica Superior,12.203,Silence,0.0,12.899,Silence,0.0,0.0,0.0,0.0,0.0,0.0,0.0,0.0,0.0,0.0,13.018,12.126,11.126,-94,12.8
2026-07-11 01:25:33,Pasillo Salones Eléctrica,30.018,Silence,0.0,30.884,Silence,0.0,0.0,0.0,0.0,0.0,0.0,0.0,0.0,0.0,0.0,30.703,29.908,29.09,-88,14.3
2026-07-11 01:25:35,Pasillo Decanato Eléctrica,13.931,Silence,0.0,14.478,Silence,0.0,0.0,0.0,0.0,0.0,0.0,0.0,0.0,0.0,0.0,14.327,13.948,13.668,-93,13.3
2026-07-11 01:25:48,Lobby Eléctrica,27.417,Silence,0.0,28.375,Silence,0.0,0.0,0.0,0.0,0.0,0.0,0.0,0.0,0.0,0.0,28.118,27.444,26.14,-103,9.8
2026-07-11 01:25:50,Pasillo Decanato Civil,20.939,Silence,0.0,21.984,Silence,0.0,0.0,0.0,0.0,0.0,0.0,0.0,0.0,0.0,0.0,22.41,20.791,18.996,-109,9.0
2026-07-11 01:25:55,Salón - Extremo Civil,13.665,Silence,0.0,14.22,Silence,0.0,0.0,0.0,0.0,0.0,0.0,0.0,0.0,0.0,0.0,14.027,13.743,13.217,-89,10.0
2026-07-11 01:25:56,Lobby Civil,48.842,Mixed,47.613,50.236,Group 3 (Rotary Tool),0.0,48.681,49.69,0.0,0.0,1.042,44.444,47.613,2.04,4.818,50.602,49.002,46.649,-99,10.2
2026-07-11 01:26:15,Salón - Uma Civil,9.381,Silence,0.0,10.064,Silence,0.0,0.0,0.0,0.0,0.0,0.0,0.0,0.0,0.0,0.0,9.808,9.439,8.569,-104,10.5
2026-07-11 01:26:19,Laboratorios Civil Superior,31.234,Silence,0.0,32.105,Silence,0.0,0.0,0.0,0.0,0.0,0.0,0.0,0.0,0.0,0.0,32.429,31.469,30.006,-102,9.5
2026-07-11 01:26:20,Laboratorios Civil Central,46.297,Mixed,49.089,47.404,Group 1 (Common),46.567,45.265,0.0,0.0,46.247,34.462,9.766,6.597,0.0,49.089,47.765,46.34,44.874,-96,11.3
2026-07-11 01:26:27,Salón - Extremo Eléctrica,15.714,Silence,0.0,16.253,Silence,0.0,0.0,0.0,0.0,0.0,0.0,0.0,0.0,0.0,0.0,16.213,15.822,14.915,-95,12.8
2026-07-11 01:26:44,Laboratorios Eléctrica Superior,12.365,Silence,0.0,13.02,Silence,0.0,0.0,0.0,0.0,0.0,0.0,0.0,0.0,0.0,0.0,12.865,12.456,11.415,-95,9.0
2026-07-11 01:30:33,Pasillo Salones Eléctrica,30.285,Silence,0.0,30.984,Silence,0.0,0.0,0.0,0.0,0.0,0.0,0.0,0.0,0.0,0.0,30.753,30.265,29.86,-97,9.5
2026-07-11 01:30:35,Pasillo Decanato Eléctrica,14.387,Silence,0.0,15.337,Silence,0.0,0.0,0.0,0.0,0.0,0.0,0.0,0.0,0.0,0.0,15.653,14.383,13.71,-92,11.0
2026-07-11 01:30:48,Lobby Eléctrica,28.804,Silence,0.0,29.752,Silence,0.0,0.0,0.0,0.0,0.0,0.0,0.0,0.0,0.0,0.0,30.002,28.78,27.832,-103,10.0
2026-07-11 01:30:50,Pasillo Decanato Civil,20.9,Silence,0.0,21.495,Silence,0.0,0.0,0.0,0.0,0.0,0.0,0.0,0.0,0.0,0.0,21.243,20.91,20.466,-103,9.5
2026-07-11 01:30:55,Salón - Extremo Civil,13.866,Silence,0.0,14.438,Silence,0.0,0.0,0.0,0.0,0.0,0.0,0.0,0.0,0.0,0.0,14.369,13.952,12.991,-89,10.5
2026-07-11 01:30:56,Lobby Civil,50.459,Mixed,40.148,52.63,Group 3 (Rotary Tool),0.0,0.0,50.976,0.0,49.528,0.0,20.095,38.976,0.564,40.148,53.052,50.12,47.301,-87,13.8
2026-07-11 01:31:15,Salón - Uma Civil,10.159,Silence,0.0,10.825,Silence,0.0,0.0,0.0,0.0,0.0,0.0,0.0,0.0,0.0,0.0,10.513,10.299,9.337,-107,7.0
2026-07-11 01:31:19,Laboratorios Civil Superior,30.714,Silence,0.0,31.297,Silence,0.0,0.0,0.0,0.0,0.0,0.0,0.0,0.0,0.0,0.0,31.097,30.739,30.203,-97,11.5
2026-07-11 01:31:20,Laboratorios Civil Central,46.418,Group 1 (Common),75.174,47.537,Group 1 (Common),46.518,0.0,45.922,0.0,0.0,75.174,1.476,6.076,0.043,17.014,47.847,46.425,45.044,-109,5.8
2026-07-11 01:31:27,Salón - Extremo Eléctrica,18.014,Silence,0.0,18.745,Silence,0.0,0.0,0.0,0.0,0.0,0.0,0.0,0.0,0.0,0.0,18.534,18.012,17.552,-81,11.8
2026-07-11 01:31:44,Laboratorios Eléctrica Superior,12.434,Silence,0.0,13.408,Silence,0.0,0.0,0.0,0.0,0.0,0.0,0.0,0.0,0.0,0.0,13.608,12.396,11.439,-90,13.3
2026-07-11 01:35:33,Pasillo Salones Eléctrica,30.286,Silence,0.0,31.177,Silence,0.0,0.0,0.0,0.0,0.0,0.0,0.0,0.0,0.0,0.0,31.351,30.4,28.865,-101,9.5
2026-07-11 01:35:35,Pasillo Decanato Eléctrica,14.333,Silence,0.0,15.008,Silence,0.0,0.0,0.0,0.0,0.0,0.0,0.0,0.0,0.0,0.0,14.795,14.372,13.813,-93,13.0
2026-07-11 01:35:48,Lobby Eléctrica,28.359,Silence,0.0,28.961,Silence,0.0,0.0,0.0,0.0,0.0,0.0,0.0,0.0,0.0,0.0,28.888,28.265,27.901,-111,-1.8
2026-07-11 01:35:50,Pasillo Decanato Civil,20.994,Silence,0.0,21.758,Silence,0.0,0.0,0.0,0.0,0.0,0.0,0.0,0.0,0.0,0.0,21.573,21.074,20.019,-94,12.5
2026-07-11 01:35:55,Salón - Extremo Civil,13.988,Silence,0.0,15.014,Silence,0.0,0.0,0.0,0.0,0.0,0.0,0.0,0.0,0.0,0.0,14.895,14.047,13.465,-90,13.5
2026-07-11 01:35:56,Lobby Civil,47.834,Group 2 (Impact),88.628,48.928,Group 2 (Impact),0.0,47.56,0.0,0.0,0.0,0.347,88.628,0.608,0.434,9.983,49.32,47.557,46.114,-100,8.5
2026-07-11 01:36:15,Salón - Uma Civil,15.842,Silence,0.0,16.672,Silence,0.0,0.0,0.0,0.0,0.0,0.0,0.0,0.0,0.0,0.0,16.564,16.059,14.562,-106,7.5
2026-07-11 01:36:19,Laboratorios Civil Superior,30.79,Silence,0.0,31.979,Silence,0.0,0.0,0.0,0.0,0.0,0.0,0.0,0.0,0.0,0.0,31.645,30.768,29.534,-97,11.3
2026-07-11 01:36:20,Laboratorios Civil Central,46.201,Mixed,38.325,47.463,Group 1 (Common),46.13,45.712,46.011,0.0,46.298,38.325,10.069,17.318,0.217,34.245,47.587,45.91,44.446,-105,8.0
2026-07-11 01:36:27,Salón - Extremo Eléctrica,21.632,Silence,0.0,22.449,Silence,0.0,0.0,0.0,0.0,0.0,0.0,0.0,0.0,0.0,0.0,22.568,21.61,20.027,-97,12.5
2026-07-11 01:36:44,Laboratorios Eléctrica Superior,13.101,Silence,0.0,14.08,Silence,0.0,0.0,0.0,0.0,0.0,0.0,0.0,0.0,0.0,0.0,14.192,12.893,12.365,-92,13.3
2026-07-11 01:40:33,Pasillo Salones Eléctrica,30.953,Silence,0.0,32.06,Silence,0.0,0.0,0.0,0.0,0.0,0.0,0.0,0.0,0.0,0.0,32.273,30.754,29.831,-89,14.3
2026-07-11 01:40:35,Pasillo Decanato Eléctrica,14.387,Silence,0.0,14.976,Silence,0.0,0.0,0.0,0.0,0.0,0.0,0.0,0.0,0.0,0.0,14.999,14.329,13.848,-117,-2.2
2026-07-11 01:40:48,Lobby Eléctrica,28.232,Silence,0.0,29.284,Silence,0.0,0.0,0.0,0.0,0.0,0.0,0.0,0.0,0.0,0.0,29.186,28.27,27.47,-111,6.5
2026-07-11 01:40:50,Pasillo Decanato Civil,20.571,Silence,0.0,21.759,Silence,0.0,0.0,0.0,0.0,0.0,0.0,0.0,0.0,0.0,0.0,21.292,20.725,19.252,-105,7.0
2026-07-11 01:40:55,Salón - Extremo Civil,13.927,Silence,0.0,14.427,Silence,0.0,0.0,0.0,0.0,0.0,0.0,0.0,0.0,0.0,0.0,14.492,13.923,13.428,-86,11.8
2026-07-11 01:40:56,Lobby Civil,50.045,Mixed,33.898,52.109,Group 3 (Rotary Tool),0.0,50.067,50.241,0.0,48.632,0.043,30.686,33.898,1.649,33.724,52.548,49.313,46.986,-99,10.0
2026-07-11 01:41:15,Salón - Uma Civil,10.347,Silence,0.0,11.163,Silence,0.0,0.0,0.0,0.0,0.0,0.0,0.0,0.0,0.0,0.0,11.067,10.477,9.246,-106,8.8
2026-07-11 01:41:19,Laboratorios Civil Superior,34.228,Silence,0.0,35.145,Silence,0.0,0.0,0.0,0.0,0.0,0.0,0.0,0.0,0.0,0.0,34.953,34.085,33.596,-96,11.0
2026-07-11 01:41:20,Laboratorios Civil Central,47.461,Group 1 (Common),77.3,48.458,Group 1 (Common),47.309,0.0,0.0,0.0,0.0,77.3,0.434,0.0,0.13,21.962,48.721,47.271,45.943,-107,9.2
2026-07-11 01:41:27,Salón - Extremo Eléctrica,15.969,Silence,0.0,17.008,Silence,0.0,0.0,0.0,0.0,0.0,0.0,0.0,0.0,0.0,0.0,16.457,16.06,14.941,-81,11.5
2026-07-11 01:41:44,Laboratorios Eléctrica Superior,15.796,Silence,0.0,16.557,Silence,0.0,0.0,0.0,0.0,0.0,0.0,0.0,0.0,0.0,0.0,16.373,15.839,15.158,-94,13.0
2026-07-11 01:45:33,Pasillo Salones Eléctrica,30.53,Silence,0.0,31.565,Silence,0.0,0.0,0.0,0.0,0.0,0.0,0.0,0.0,0.0,0.0,31.358,30.517,29.348,-89,13.8
2026-07-11 01:45:35,Pasillo Decanato Eléctrica,14.067,Silence,0.0,14.656,Silence,0.0,0.0,0.0,0.0,0.0,0.0,0.0,0.0,0.0,0.0,14.932,13.898,13.733,-94,12.8
2026-07-11 01:45:48,Lobby Eléctrica,28.295,Silence,0.0,29.059,Silence,0.0,0.0,0.0,0.0,0.0,0.0,0.0,0.0,0.0,0.0,28.914,28.195,27.667,-102,10.0
2026-07-11 01:45:50,Pasillo Decanato Civil,20.477,Silence,0.0,21.213,Silence,0.0,0.0,0.0,0.0,0.0,0.0,0.0,0.0,0.0,0.0,21.188,20.346,19.617,-100,5.0
2026-07-11 01:45:55,Salón - Extremo Civil,14.16,Silence,0.0,14.818,Silence,0.0,0.0,0.0,0.0,0.0,0.0,0.0,0.0,0.0,0.0,14.764,14.232,13.21,-85,10.8
2026-07-11 01:45:56,Lobby Civil,49.739,Mixed,65.967,51.628,Group 2 (Impact),0.0,49.049,48.894,0.0,0.0,0.0,65.967,20.068,2.734,11.328,52.154,49.074,48.593,-103,7.5
2026-07-11 01:46:15,Salón - Uma Civil,9.901,Silence,0.0,10.713,Silence,0.0,0.0,0.0,0.0,0.0,0.0,0.0,0.0,0.0,0.0,10.784,10.007,9.006,-102,11.0
2026-07-11 01:46:19,Laboratorios Civil Superior,30.784,Silence,0.0,31.73,Silence,0.0,0.0,0.0,0.0,0.0,0.0,0.0,0.0,0.0,0.0,31.612,31.014,29.659,-99,12.8
2026-07-11 01:46:20,Laboratorios Civil Central,46.893,Group 1 (Common),81.293,48.505,Group 1 (Common),46.415,0.0,0.0,0.0,0.0,81.293,1.345,0.391,0.0,16.884,48.63,47.608,44.426,-106,8.0
2026-07-11 01:46:27,Salón - Extremo Eléctrica,16.11,Silence,0.0,17.087,Silence,0.0,0.0,0.0,0.0,0.0,0.0,0.0,0.0,0.0,0.0,17.775,15.932,15.244,-95,12.0
2026-07-11 01:46:44,Laboratorios Eléctrica Superior,11.758,Silence,0.0,12.606,Silence,0.0,0.0,0.0,0.0,0.0,0.0,0.0,0.0,0.0,0.0,12.399,11.538,11.209,-91,13.5
2026-07-11 01:50:33,Pasillo Salones Eléctrica,30.084,Silence,0.0,30.729,Silence,0.0,0.0,0.0,0.0,0.0,0.0,0.0,0.0,0.0,0.0,30.713,30.011,29.31,-89,13.8
2026-07-11 01:50:35,Pasillo Decanato Eléctrica,14.109,Silence,0.0,14.937,Silence,0.0,0.0,0.0,0.0,0.0,0.0,0.0,0.0,0.0,0.0,14.89,14.213,12.702,-92,14.0
2026-07-11 01:50:48,Lobby Eléctrica,27.468,Silence,0.0,28.644,Silence,0.0,0.0,0.0,0.0,0.0,0.0,0.0,0.0,0.0,0.0,28.531,27.201,26.702,-105,8.5
2026-07-11 01:50:50,Pasillo Decanato Civil,20.297,Silence,0.0,21.07,Silence,0.0,0.0,0.0,0.0,0.0,0.0,0.0,0.0,0.0,0.0,20.823,20.343,19.724,-102,11.0
2026-07-11 01:50:55,Salón - Extremo Civil,13.138,Silence,0.0,13.605,Silence,0.0,0.0,0.0,0.0,0.0,0.0,0.0,0.0,0.0,0.0,13.826,13.163,12.526,-85,13.8
2026-07-11 01:50:56,Lobby Civil,50.322,Mixed,60.764,53.651,Group 2 (Impact),0.0,50.232,50.877,0.0,48.554,0.0,20.964,17.274,0.955,60.764,53.732,50.385,45.036,-87,12.0
2026-07-11 01:51:15,Salón - Uma Civil,9.578,Silence,0.0,10.153,Silence,0.0,0.0,0.0,0.0,0.0,0.0,0.0,0.0,0.0,0.0,10.065,9.569,8.898,-98,13.8
2026-07-11 01:51:19,Laboratorios Civil Superior,30.038,Silence,0.0,30.824,Silence,0.0,0.0,0.0,0.0,0.0,0.0,0.0,0.0,0.0,0.0,30.752,29.814,29.18,-99,13.0
2026-07-11 01:51:20,Laboratorios Civil Central,46.712,Mixed,46.094,48.062,Group 1 (Common),46.41,0.0,47.145,0.0,46.843,46.094,2.951,17.795,0.087,32.986,48.215,46.452,44.692,-89,12.5
2026-07-11 01:51:27,Salón - Extremo Eléctrica,15.807,Silence,0.0,16.636,Silence,0.0,0.0,0.0,0.0,0.0,0.0,0.0,0.0,0.0,0.0,16.383,15.818,15.141,-79,12.3
2026-07-11 01:51:44,Laboratorios Eléctrica Superior,13.292,Silence,0.0,14.111,Silence,0.0,0.0,0.0,0.0,0.0,0.0,0.0,0.0,0.0,0.0,14.146,13.154,12.78,-89,14.3
2026-07-11 01:55:33,Pasillo Salones Eléctrica,30.505,Silence,0.0,31.323,Silence,0.0,0.0,0.0,0.0,0.0,0.0,0.0,0.0,0.0,0.0,31.11,30.528,29.814,-89,12.0
2026-07-11 01:55:35,Pasillo Decanato Eléctrica,14.216,Silence,0.0,14.835,Silence,0.0,0.0,0.0,0.0,0.0,0.0,0.0,0.0,0.0,0.0,14.905,14.104,13.642,-94,12.8
2026-07-11 01:55:48,Lobby Eléctrica,29.279,Silence,0.0,30.211,Silence,0.0,0.0,0.0,0.0,0.0,0.0,0.0,0.0,0.0,0.0,30.124,29.493,27.842,-109,2.8
2026-07-11 01:55:50,Pasillo Decanato Civil,21.16,Silence,0.0,22.144,Silence,0.0,0.0,0.0,0.0,0.0,0.0,0.0,0.0,0.0,0.0,22.238,21.193,19.968,-103,10.8
2026-07-11 01:55:55,Salón - Extremo Civil,13.85,Silence,0.0,14.377,Silence,0.0,0.0,0.0,0.0,0.0,0.0,0.0,0.0,0.0,0.0,14.408,13.786,13.297,-85,13.8
2026-07-11 01:55:56,Lobby Civil,49.463,Mixed,39.28,50.978,Group 2 (Impact),0.0,50.175,49.63,0.0,49.333,0.174,36.675,39.28,2.17,21.658,50.931,49.286,47.496,-88,16.0
2026-07-11 01:56:15,Salón - Uma Civil,10.63,Silence,0.0,15.911,Silence,0.0,0.0,0.0,0.0,0.0,0.0,0.0,0.0,0.0,0.0,13.123,10.057,9.392,-102,10.8
2026-07-11 01:56:19,Laboratorios Civil Superior,30.066,Silence,0.0,31.269,Silence,0.0,0.0,0.0,0.0,0.0,0.0,0.0,0.0,0.0,0.0,31.477,29.894,29.303,-99,11.8
2026-07-11 01:56:20,Laboratorios Civil Central,46.045,Mixed,58.507,47.649,Group 1 (Common),46.189,0.0,0.0,0.0,0.0,58.507,4.34,0.26,0.13,36.589,47.751,46.02,44.672,-95,11.8
2026-07-11 01:56:27,Salón - Extremo Eléctrica,16.446,Silence,0.0,17.416,Silence,0.0,0.0,0.0,0.0,0.0,0.0,0.0,0.0,0.0,0.0,17.623,16.339,15.474,-79,12.5
2026-07-11 01:56:44,Laboratorios Eléctrica Superior,12.556,Silence,0.0,13.669,Silence,0.0,0.0,0.0,0.0,0.0,0.0,0.0,0.0,0.0,0.0,13.264,12.322,11.82,-98,11.0
2026-07-11 02:00:33,Pasillo Salones Eléctrica,30.633,Silence,0.0,31.371,Silence,0.0,0.0,0.0,0.0,0.0,0.0,0.0,0.0,0.0,0.0,31.476,30.543,30.193,-99,8.8
2026-07-11 02:00:35,Pasillo Decanato Eléctrica,14.384,Silence,0.0,15.214,Silence,0.0,0.0,0.0,0.0,0.0,0.0,0.0,0.0,0.0,0.0,15.677,14.411,13.185,-93,13.3
2026-07-11 02:00:48,Lobby Eléctrica,27.45,Silence,0.0,28.05,Silence,0.0,0.0,0.0,0.0,0.0,0.0,0.0,0.0,0.0,0.0,28.339,27.52,26.83,-100,10.8
2026-07-11 02:00:50,Pasillo Decanato Civil,21.497,Silence,0.0,22.74,Silence,0.0,0.0,0.0,0.0,0.0,0.0,0.0,0.0,0.0,0.0,22.714,21.951,19.568,-92,11.5
2026-07-11 02:00:55,Salón - Extremo Civil,13.36,Silence,0.0,13.862,Silence,0.0,0.0,0.0,0.0,0.0,0.0,0.0,0.0,0.0,0.0,13.789,13.364,12.978,-86,9.0
2026-07-11 02:00:56,Lobby Civil,47.195,Group 2 (Impact),70.573,50.551,Group 2 (Impact),0.0,47.74,0.0,0.0,0.0,6.467,70.573,3.082,4.08,15.799,50.466,45.504,43.796,-99,10.8
2026-07-11 02:01:15,Salón - Uma Civil,10.08,Silence,0.0,10.736,Silence,0.0,0.0,0.0,0.0,0.0,0.0,0.0,0.0,0.0,0.0,10.524,10.145,9.47,-114,2.2
2026-07-11 02:01:19,Laboratorios Civil Superior,30.291,Silence,0.0,31.213,Silence,0.0,0.0,0.0,0.0,0.0,0.0,0.0,0.0,0.0,0.0,31.268,30.097,29.757,-99,11.8
2026-07-11 02:01:20,Laboratorios Civil Central,46.734,Mixed,36.111,47.816,Group 1 (Common),46.608,46.262,46.035,0.0,0.0,36.111,19.401,11.806,0.043,32.552,47.841,46.495,45.748,-91,12.8
2026-07-11 02:01:27,Salón - Extremo Eléctrica,15.889,Silence,0.0,16.596,Silence,0.0,0.0,0.0,0.0,0.0,0.0,0.0,0.0,0.0,0.0,16.406,16.061,15.345,-96,12.0
2026-07-11 02:01:44,Laboratorios Eléctrica Superior,13.177,Silence,0.0,13.933,Silence,0.0,0.0,0.0,0.0,0.0,0.0,0.0,0.0,0.0,0.0,13.774,12.991,12.208,-101,11.3
2026-07-11 02:05:33,Pasillo Salones Eléctrica,31.074,Silence,0.0,32.066,Silence,0.0,0.0,0.0,0.0,0.0,0.0,0.0,0.0,0.0,0.0,31.791,31.44,29.894,-97,8.5
2026-07-11 02:05:35,Pasillo Decanato Eléctrica,14.263,Silence,0.0,14.965,Silence,0.0,0.0,0.0,0.0,0.0,0.0,0.0,0.0,0.0,0.0,14.769,14.157,13.813,-94,13.0
2026-07-11 02:05:48,Lobby Eléctrica,26.646,Silence,0.0,27.19,Silence,0.0,0.0,0.0,0.0,0.0,0.0,0.0,0.0,0.0,0.0,27.358,26.607,25.901,-101,10.0
2026-07-11 02:05:50,Pasillo Decanato Civil,19.705,Silence,0.0,20.623,Silence,0.0,0.0,0.0,0.0,0.0,0.0,0.0,0.0,0.0,0.0,20.278,19.655,18.882,-101,10.2
2026-07-11 02:05:55,Salón - Extremo Civil,13.572,Silence,0.0,14.164,Silence,0.0,0.0,0.0,0.0,0.0,0.0,0.0,0.0,0.0,0.0,14.18,13.621,13.126,-85,14.0
2026-07-11 02:05:56,Lobby Civil,36.772,Silence,0.0,37.465,Silence,0.0,0.0,0.0,0.0,0.0,0.0,0.0,0.0,0.0,0.0,37.244,36.859,35.892,-99,11.0
2026-07-11 02:06:15,Salón - Uma Civil,9.599,Silence,0.0,10.237,Silence,0.0,0.0,0.0,0.0,0.0,0.0,0.0,0.0,0.0,0.0,9.957,9.814,8.867,-106,8.3
2026-07-11 02:06:19,Laboratorios Civil Superior,30.17,Silence,0.0,30.989,Silence,0.0,0.0,0.0,0.0,0.0,0.0,0.0,0.0,0.0,0.0,30.604,30.195,29.428,-101,10.2
2026-07-11 02:06:20,Laboratorios Civil Central,47.492,Mixed,68.88,48.525,Group 1 (Common),47.41,0.0,0.0,0.0,47.725,68.88,0.043,0.304,0.043,30.556,49.105,47.277,46.335,-103,7.8
2026-07-11 02:06:27,Salón - Extremo Eléctrica,15.671,Silence,0.0,16.387,Silence,0.0,0.0,0.0,0.0,0.0,0.0,0.0,0.0,0.0,0.0,16.414,15.582,14.823,-97,12.0
2026-07-11 02:06:44,Laboratorios Eléctrica Superior,12.454,Silence,0.0,13.094,Silence,0.0,0.0,0.0,0.0,0.0,0.0,0.0,0.0,0.0,0.0,13.066,12.376,11.897,-102,10.8
2026-07-11 02:10:33,Pasillo Salones Eléctrica,30.288,Silence,0.0,31.219,Silence,0.0,0.0,0.0,0.0,0.0,0.0,0.0,0.0,0.0,0.0,30.894,30.264,28.932,-101,9.0
2026-07-11 02:10:35,Pasillo Decanato Eléctrica,14.173,Silence,0.0,14.897,Silence,0.0,0.0,0.0,0.0,0.0,0.0,0.0,0.0,0.0,0.0,14.69,14.32,12.57,-93,11.3
2026-07-11 02:10:48,Lobby Eléctrica,26.372,Silence,0.0,27.283,Silence,0.0,0.0,0.0,0.0,0.0,0.0,0.0,0.0,0.0,0.0,27.145,26.175,25.815,-104,8.8
2026-07-11 02:10:50,Pasillo Decanato Civil,21.413,Silence,0.0,23.285,Silence,0.0,0.0,0.0,0.0,0.0,0.0,0.0,0.0,0.0,0.0,22.616,21.369,20.457,-97,12.0
2026-07-11 02:10:55,Salón - Extremo Civil,13.581,Silence,0.0,14.468,Silence,0.0,0.0,0.0,0.0,0.0,0.0,0.0,0.0,0.0,0.0,14.136,13.558,13.16,-85,13.5
2026-07-11 02:10:56,Lobby Civil,39.17,Silence,0.0,39.954,Silence,0.0,0.0,0.0,0.0,0.0,0.0,0.0,0.0,0.0,0.0,39.75,39.206,38.559,-89,15.5
2026-07-11 02:11:15,Salón - Uma Civil,9.559,Silence,0.0,10.361,Silence,0.0,0.0,0.0,0.0,0.0,0.0,0.0,0.0,0.0,0.0,10.019,9.562,8.82,-111,4.5
2026-07-11 02:11:19,Laboratorios Civil Superior,30.879,Silence,0.0,31.443,Silence,0.0,0.0,0.0,0.0,0.0,0.0,0.0,0.0,0.0,0.0,31.392,30.867,30.074,-96,12.0
2026-07-11 02:11:20,Laboratorios Civil Central,46.679,Mixed,65.625,48.078,Group 1 (Common),46.417,45.971,0.0,0.0,0.0,65.625,9.375,2.951,0.043,21.701,48.43,46.711,43.934,-91,10.5
2026-07-11 02:11:27,Salón - Extremo Eléctrica,16.127,Silence,0.0,16.74,Silence,0.0,0.0,0.0,0.0,0.0,0.0,0.0,0.0,0.0,0.0,16.645,16.156,15.391,-78,10.0
2026-07-11 02:11:44,Laboratorios Eléctrica Superior,12.267,Silence,0.0,13.078,Silence,0.0,0.0,0.0,0.0,0.0,0.0,0.0,0.0,0.0,0.0,13.399,12.121,11.483,-95,10.8
2026-07-11 02:15:33,Pasillo Salones Eléctrica,31.249,Silence,0.0,32.423,Silence,0.0,0.0,0.0,0.0,0.0,0.0,0.0,0.0,0.0,0.0,32.231,31.222,30.23,-97,9.8
2026-07-11 02:15:37,Pasillo Decanato Eléctrica,14.201,Silence,0.0,14.739,Silence,0.0,0.0,0.0,0.0,0.0,0.0,0.0,0.0,0.0,0.0,14.775,14.142,13.583,-94,13.3
2026-07-11 02:15:48,Lobby Eléctrica,27.493,Silence,0.0,28.736,Silence,0.0,0.0,0.0,0.0,0.0,0.0,0.0,0.0,0.0,0.0,28.735,27.737,26.05,-101,10.5
2026-07-11 02:15:50,Pasillo Decanato Civil,21.729,Silence,0.0,23.045,Silence,0.0,0.0,0.0,0.0,0.0,0.0,0.0,0.0,0.0,0.0,22.656,21.681,20.853,-93,11.5
2026-07-11 02:15:55,Salón - Extremo Civil,13.494,Silence,0.0,14.306,Silence,0.0,0.0,0.0,0.0,0.0,0.0,0.0,0.0,0.0,0.0,14.161,13.498,13.045,-91,13.3
2026-07-11 02:15:57,Lobby Civil,50.842,Mixed,61.328,51.825,Group 3 (Rotary Tool),0.0,50.786,51.019,0.0,0.0,0.0,32.248,61.328,0.608,5.642,51.84,50.87,49.298,-88,12.0
2026-07-11 02:16:15,Salón - Uma Civil,9.976,Silence,0.0,10.646,Silence,0.0,0.0,0.0,0.0,0.0,0.0,0.0,0.0,0.0,0.0,10.397,9.985,9.548,-111,-1.0
2026-07-11 02:16:19,Laboratorios Civil Superior,30.058,Silence,0.0,30.872,Silence,0.0,0.0,0.0,0.0,0.0,0.0,0.0,0.0,0.0,0.0,30.556,30.156,29.263,-99,12.8
2026-07-11 02:16:20,Laboratorios Civil Central,46.315,Group 1 (Common),79.688,47.957,Group 1 (Common),46.358,0.0,0.0,0.0,0.0,79.688,0.998,0.13,0.043,19.054,48.246,46.236,43.984,-101,8.5
2026-07-11 02:16:27,Salón - Extremo Eléctrica,16.138,Silence,0.0,16.863,Silence,0.0,0.0,0.0,0.0,0.0,0.0,0.0,0.0,0.0,0.0,17.056,15.814,15.489,-79,12.5
2026-07-11 02:16:44,Laboratorios Eléctrica Superior,13.152,Silence,0.0,13.891,Silence,0.0,0.0,0.0,0.0,0.0,0.0,0.0,0.0,0.0,0.0,13.728,13.517,12.164,-99,7.8
2026-07-11 02:20:33,Pasillo Salones Eléctrica,30.317,Silence,0.0,31.214,Silence,0.0,0.0,0.0,0.0,0.0,0.0,0.0,0.0,0.0,0.0,31.217,30.368,29.382,-89,14.3
2026-07-11 02:20:35,Pasillo Decanato Eléctrica,14.164,Silence,0.0,14.669,Silence,0.0,0.0,0.0,0.0,0.0,0.0,0.0,0.0,0.0,0.0,14.653,14.123,13.754,-93,13.5
2026-07-11 02:20:49,Lobby Eléctrica,33.573,Silence,0.0,34.259,Silence,0.0,0.0,0.0,0.0,0.0,0.0,0.0,0.0,0.0,0.0,34.38,33.593,32.505,-104,9.0
2026-07-11 02:20:50,Pasillo Decanato Civil,20.673,Silence,0.0,21.654,Silence,0.0,0.0,0.0,0.0,0.0,0.0,0.0,0.0,0.0,0.0,21.714,20.552,19.839,-102,11.2
2026-07-11 02:20:55,Salón - Extremo Civil,13.575,Silence,0.0,13.976,Silence,0.0,0.0,0.0,0.0,0.0,0.0,0.0,0.0,0.0,0.0,13.903,13.572,13.096,-87,9.8
2026-07-11 02:20:56,Lobby Civil,51.196,Group 5 (Vehicle),74.826,53.156,Group 5 (Vehicle),0.0,0.0,51.788,0.0,51.161,0.0,6.554,18.273,0.434,74.826,53.611,50.81,48.298,-101,7.0
2026-07-11 02:21:15,Salón - Uma Civil,9.919,Silence,0.0,10.472,Silence,0.0,0.0,0.0,0.0,0.0,0.0,0.0,0.0,0.0,0.0,10.328,9.997,9.142,-114,-3.5
2026-07-11 02:21:19,Laboratorios Civil Superior,34.075,Silence,0.0,35.147,Silence,0.0,0.0,0.0,0.0,0.0,0.0,0.0,0.0,0.0,0.0,35.035,34.171,33.164,-96,10.0
2026-07-11 02:21:20,Laboratorios Civil Central,48.712,Group 1 (Common),83.42,49.924,Group 1 (Common),49.004,0.0,0.0,0.0,0.0,83.42,0.0,0.0,0.0,16.493,49.774,48.486,46.723,-103,10.2
2026-07-11 02:21:27,Salón - Extremo Eléctrica,15.649,Silence,0.0,16.542,Silence,0.0,0.0,0.0,0.0,0.0,0.0,0.0,0.0,0.0,0.0,16.762,15.412,14.673,-99,12.0
2026-07-11 02:21:44,Laboratorios Eléctrica Superior,15.532,Silence,0.0,16.235,Silence,0.0,0.0,0.0,0.0,0.0,0.0,0.0,0.0,0.0,0.0,15.999,15.551,14.592,-97,9.8
2026-07-11 02:25:34,Pasillo Salones Eléctrica,30.402,Silence,0.0,31.017,Silence,0.0,0.0,0.0,0.0,0.0,0.0,0.0,0.0,0.0,0.0,31.204,30.47,28.779,-97,9.8
2026-07-11 02:25:35,Pasillo Decanato Eléctrica,14.058,Silence,0.0,14.706,Silence,0.0,0.0,0.0,0.0,0.0,0.0,0.0,0.0,0.0,0.0,14.696,14.011,13.416,-93,13.0
2026-07-11 02:25:49,Lobby Eléctrica,30.144,Silence,0.0,30.967,Silence,0.0,0.0,0.0,0.0,0.0,0.0,0.0,0.0,0.0,0.0,30.503,30.181,29.617,-113,5.2
2026-07-11 02:25:50,Pasillo Decanato Civil,20.632,Silence,0.0,21.679,Silence,0.0,0.0,0.0,0.0,0.0,0.0,0.0,0.0,0.0,0.0,21.754,20.446,19.81,-107,9.2
2026-07-11 02:25:55,Salón - Extremo Civil,13.716,Silence,0.0,14.283,Silence,0.0,0.0,0.0,0.0,0.0,0.0,0.0,0.0,0.0,0.0,14.39,13.72,12.917,-90,9.2
2026-07-11 02:25:56,Lobby Civil,52.34,Mixed,63.802,53.486,Group 3 (Rotary Tool),0.0,52.277,52.111,0.0,0.0,0.0,29.905,63.802,0.087,6.12,53.777,52.282,51.155,-90,15.3
2026-07-11 02:26:15,Salón - Uma Civil,10.494,Silence,0.0,11.063,Silence,0.0,0.0,0.0,0.0,0.0,0.0,0.0,0.0,0.0,0.0,11.058,10.389,9.935,-103,10.5
2026-07-11 02:26:19,Laboratorios Civil Superior,34.895,Silence,0.0,35.786,Silence,0.0,0.0,0.0,0.0,0.0,0.0,0.0,0.0,0.0,0.0,35.934,34.76,34.002,-97,12.0
2026-07-11 02:26:20,Laboratorios Civil Central,47.196,Mixed,60.851,48.689,Group 1 (Common),47.482,0.0,0.0,0.0,48.098,60.851,0.087,0.0,0.043,39.019,48.761,46.85,45.498,-103,4.2
2026-07-11 02:26:27,Salón - Extremo Eléctrica,15.835,Silence,0.0,16.587,Silence,0.0,0.0,0.0,0.0,0.0,0.0,0.0,0.0,0.0,0.0,16.594,15.883,14.391,-79,9.8
2026-07-11 02:26:44,Laboratorios Eléctrica Superior,15.894,Silence,0.0,16.699,Silence,0.0,0.0,0.0,0.0,0.0,0.0,0.0,0.0,0.0,0.0,16.598,15.811,15.276,-95,10.2
2026-07-11 02:30:33,Pasillo Salones Eléctrica,29.926,Silence,0.0,30.719,Silence,0.0,0.0,0.0,0.0,0.0,0.0,0.0,0.0,0.0,0.0,30.669,29.901,29.105,-89,14.5
2026-07-11 02:30:48,Lobby Eléctrica,27.997,Silence,0.0,28.92,Silence,0.0,0.0,0.0,0.0,0.0,0.0,0.0,0.0,0.0,0.0,28.85,27.934,27.281,-115,4.5
2026-07-11 02:30:50,Pasillo Decanato Civil,20.651,Silence,0.0,23.444,Silence,0.0,0.0,0.0,0.0,0.0,0.0,0.0,0.0,0.0,0.0,21.922,20.638,18.9,-94,13.3
2026-07-11 02:30:55,Salón - Extremo Civil,13.652,Silence,0.0,14.183,Silence,0.0,0.0,0.0,0.0,0.0,0.0,0.0,0.0,0.0,0.0,14.154,13.592,12.924,-85,13.3
2026-07-11 02:30:58,Lobby Civil,48.267,Mixed,36.768,50.365,Group 2 (Impact),0.0,48.689,47.768,0.0,48.738,0.0,36.768,32.666,1.221,29.297,49.806,48.449,46.269,-97,11.0
2026-07-11 02:31:15,Salón - Uma Civil,9.956,Silence,0.0,10.588,Silence,0.0,0.0,0.0,0.0,0.0,0.0,0.0,0.0,0.0,0.0,10.476,9.825,9.362,-100,12.5
2026-07-11 02:31:19,Laboratorios Civil Superior,35.586,Silence,0.0,36.162,Silence,0.0,0.0,0.0,0.0,0.0,0.0,0.0,0.0,0.0,0.0,36.03,35.504,34.989,-97,11.8
2026-07-11 02:31:20,Laboratorios Civil Central,48.209,Mixed,60.352,49.734,Group 1 (Common),47.75,0.0,0.0,0.0,47.163,60.352,0.0,0.049,0.0,39.551,49.871,47.899,46.91,-91,13.0
2026-07-11 02:31:27,Salón - Extremo Eléctrica,15.248,Silence,0.0,15.998,Silence,0.0,0.0,0.0,0.0,0.0,0.0,0.0,0.0,0.0,0.0,16.019,15.094,14.591,-93,12.2
2026-07-11 02:31:44,Laboratorios Eléctrica Superior,15.54,Silence,0.0,16.369,Silence,0.0,0.0,0.0,0.0,0.0,0.0,0.0,0.0,0.0,0.0,16.066,15.515,14.568,-90,15.5
2026-07-11 02:35:34,Pasillo Salones Eléctrica,30.481,Silence,0.0,31.219,Silence,0.0,0.0,0.0,0.0,0.0,0.0,0.0,0.0,0.0,0.0,31.015,30.416,30.045,-101,8.2
2026-07-11 02:35:35,Pasillo Decanato Eléctrica,14.261,Silence,0.0,14.733,Silence,0.0,0.0,0.0,0.0,0.0,0.0,0.0,0.0,0.0,0.0,14.822,14.239,13.296,-119,-9.0
2026-07-11 02:35:48,Lobby Eléctrica,27.467,Silence,0.0,28.015,Silence,0.0,0.0,0.0,0.0,0.0,0.0,0.0,0.0,0.0,0.0,27.896,27.492,26.88,-101,9.3
2026-07-11 02:35:50,Pasillo Decanato Civil,20.237,Silence,0.0,21.415,Silence,0.0,0.0,0.0,0.0,0.0,0.0,0.0,0.0,0.0,0.0,21.539,20.06,19.413,-103,11.2
2026-07-11 02:35:55,Salón - Extremo Civil,13.904,Silence,0.0,14.708,Silence,0.0,0.0,0.0,0.0,0.0,0.0,0.0,0.0,0.0,0.0,14.624,13.961,13.212,-90,13.8
2026-07-11 02:35:56,Lobby Civil,48.001,Group 1 (Common),99.023,50.596,Group 1 (Common),48.182,0.0,0.0,0.0,0.0,99.023,0.098,0.0,0.244,0.635,51.095,47.625,44.268,-87,14.0
2026-07-11 02:36:15,Salón - Uma Civil,10.705,Silence,0.0,11.386,Silence,0.0,0.0,0.0,0.0,0.0,0.0,0.0,0.0,0.0,0.0,11.276,10.803,9.651,-103,9.3
2026-07-11 02:36:19,Laboratorios Civil Superior,34.894,Silence,0.0,35.438,Silence,0.0,0.0,0.0,0.0,0.0,0.0,0.0,0.0,0.0,0.0,35.483,35.121,33.581,-97,12.2
2026-07-11 02:36:20,Laboratorios Civil Central,47.686,Group 1 (Common),73.389,49.329,Group 1 (Common),47.529,0.0,0.0,0.0,0.0,73.389,0.146,0.0,0.049,26.318,49.455,47.092,46.12,-103,7.0
2026-07-11 02:36:27,Salón - Extremo Eléctrica,15.825,Silence,0.0,16.694,Silence,0.0,0.0,0.0,0.0,0.0,0.0,0.0,0.0,0.0,0.0,16.561,15.594,15.353,-95,12.2
2026-07-11 02:36:44,Laboratorios Eléctrica Superior,15.742,Silence,0.0,16.632,Silence,0.0,0.0,0.0,0.0,0.0,0.0,0.0,0.0,0.0,0.0,16.627,15.794,14.688,-96,11.0
2026-07-11 02:40:33,Pasillo Salones Eléctrica,30.081,Silence,0.0,30.806,Silence,0.0,0.0,0.0,0.0,0.0,0.0,0.0,0.0,0.0,0.0,30.705,30.061,29.473,-99,9.0
2026-07-11 02:40:35,Pasillo Decanato Eléctrica,14.271,Silence,0.0,14.725,Silence,0.0,0.0,0.0,0.0,0.0,0.0,0.0,0.0,0.0,0.0,14.845,14.248,13.813,-93,13.5
2026-07-11 02:40:49,Lobby Eléctrica,28.839,Silence,0.0,29.797,Silence,0.0,0.0,0.0,0.0,0.0,0.0,0.0,0.0,0.0,0.0,30.164,28.689,28.391,-103,5.5
2026-07-11 02:40:50,Pasillo Decanato Civil,22.602,Silence,0.0,24.016,Silence,0.0,0.0,0.0,0.0,0.0,0.0,0.0,0.0,0.0,0.0,23.64,22.403,21.834,-107,7.8
2026-07-11 02:40:55,Salón - Extremo Civil,13.314,Silence,0.0,13.821,Silence,0.0,0.0,0.0,0.0,0.0,0.0,0.0,0.0,0.0,0.0,14.095,13.253,12.84,-86,14.5
2026-07-11 02:40:57,Lobby Civil,48.986,Mixed,67.925,51.497,Group 5 (Vehicle),0.0,50.017,48.861,0.0,49.583,0.0,11.328,19.835,0.825,67.925,51.836,48.932,43.929,-88,14.8
2026-07-11 02:41:15,Salón - Uma Civil,10.175,Silence,0.0,10.919,Silence,0.0,0.0,0.0,0.0,0.0,0.0,0.0,0.0,0.0,0.0,10.885,10.17,9.361,-101,10.0
2026-07-11 02:41:19,Laboratorios Civil Superior,34.641,Silence,0.0,35.321,Silence,0.0,0.0,0.0,0.0,0.0,0.0,0.0,0.0,0.0,0.0,35.434,34.699,33.691,-97,11.8
2026-07-11 02:41:20,Laboratorios Civil Central,48.276,Group 1 (Common),90.104,49.113,Group 1 (Common),48.155,0.0,0.0,0.0,0.0,90.104,1.389,0.043,0.043,8.333,48.988,48.22,47.32,-99,8.5
2026-07-11 02:41:27,Salón - Extremo Eléctrica,15.557,Silence,0.0,16.364,Silence,0.0,0.0,0.0,0.0,0.0,0.0,0.0,0.0,0.0,0.0,16.286,15.572,14.456,-95,10.8
2026-07-11 02:41:44,Laboratorios Eléctrica Superior,15.843,Silence,0.0,16.636,Silence,0.0,0.0,0.0,0.0,0.0,0.0,0.0,0.0,0.0,0.0,16.369,15.931,14.601,-101,11.2
2026-07-11 02:45:33,Pasillo Salones Eléctrica,30.217,Silence,0.0,30.81,Silence,0.0,0.0,0.0,0.0,0.0,0.0,0.0,0.0,0.0,0.0,30.815,30.105,29.419,-89,13.8
2026-07-11 02:45:37,Pasillo Decanato Eléctrica,14.164,Silence,0.0,14.838,Silence,0.0,0.0,0.0,0.0,0.0,0.0,0.0,0.0,0.0,0.0,14.989,14.224,13.46,-94,15.3
2026-07-11 02:45:49,Lobby Eléctrica,28.372,Silence,0.0,28.974,Silence,0.0,0.0,0.0,0.0,0.0,0.0,0.0,0.0,0.0,0.0,29.085,28.461,27.604,-100,10.8
2026-07-11 02:45:50,Pasillo Decanato Civil,20.749,Silence,0.0,21.888,Silence,0.0,0.0,0.0,0.0,0.0,0.0,0.0,0.0,0.0,0.0,22.153,20.619,19.538,-94,11.5
2026-07-11 02:45:55,Salón - Extremo Civil,13.725,Silence,0.0,14.218,Silence,0.0,0.0,0.0,0.0,0.0,0.0,0.0,0.0,0.0,0.0,14.221,13.609,13.251,-88,9.2
2026-07-11 02:45:57,Lobby Civil,43.465,Silence,0.0,45.505,Silence,0.0,0.0,0.0,0.0,0.0,0.0,0.0,0.0,0.0,0.0,44.588,43.682,41.32,-87,14.3
2026-07-11 02:46:15,Salón - Uma Civil,9.805,Silence,0.0,10.585,Silence,0.0,0.0,0.0,0.0,0.0,0.0,0.0,0.0,0.0,0.0,10.397,9.79,8.879,-101,9.0
2026-07-11 02:46:19,Laboratorios Civil Superior,30.436,Silence,0.0,31.485,Silence,0.0,0.0,0.0,0.0,0.0,0.0,0.0,0.0,0.0,0.0,31.23,30.637,29.496,-99,11.3
2026-07-11 02:46:20,Laboratorios Civil Central,45.834,Mixed,55.773,46.882,Group 1 (Common),45.583,0.0,44.933,0.0,0.0,55.773,1.389,10.807,0.043,31.858,47.38,45.647,44.5,-111,4.5
2026-07-11 02:46:27,Salón - Extremo Eléctrica,15.256,Silence,0.0,15.993,Silence,0.0,0.0,0.0,0.0,0.0,0.0,0.0,0.0,0.0,0.0,16.166,15.332,14.442,-79,10.0
2026-07-11 02:46:44,Laboratorios Eléctrica Superior,12.582,Silence,0.0,13.441,Silence,0.0,0.0,0.0,0.0,0.0,0.0,0.0,0.0,0.0,0.0,13.388,12.454,11.755,-102,11.3
2026-07-11 02:50:33,Pasillo Salones Eléctrica,30.066,Silence,0.0,30.823,Silence,0.0,0.0,0.0,0.0,0.0,0.0,0.0,0.0,0.0,0.0,30.95,30.249,28.704,-97,9.0
2026-07-11 02:50:35,Pasillo Decanato Eléctrica,16.975,Silence,0.0,18.323,Silence,0.0,0.0,0.0,0.0,0.0,0.0,0.0,0.0,0.0,0.0,18.947,16.839,14.945,-94,13.5
2026-07-11 02:50:49,Lobby Eléctrica,27.85,Silence,0.0,28.396,Silence,0.0,0.0,0.0,0.0,0.0,0.0,0.0,0.0,0.0,0.0,28.442,27.867,26.82,-104,8.3
2026-07-11 02:50:54,Pasillo Decanato Civil,25.115,Silence,0.0,25.543,Silence,0.0,0.0,0.0,0.0,0.0,0.0,0.0,0.0,0.0,0.0,25.378,25.095,24.564,-95,11.5
2026-07-11 02:50:55,Salón - Extremo Civil,13.591,Silence,0.0,14.304,Silence,0.0,0.0,0.0,0.0,0.0,0.0,0.0,0.0,0.0,0.0,14.186,13.536,13.061,-85,13.5
2026-07-11 02:50:57,Lobby Civil,53.28,Group 2 (Impact),82.813,54.095,Group 2 (Impact),0.0,53.091,0.0,0.0,0.0,0.087,82.813,10.59,1.649,4.948,54.102,53.275,52.521,-101,10.8
2026-07-11 02:51:15,Salón - Uma Civil,9.482,Silence,0.0,10.202,Silence,0.0,0.0,0.0,0.0,0.0,0.0,0.0,0.0,0.0,0.0,10.36,9.522,8.126,-99,10.8
2026-07-11 02:51:19,Laboratorios Civil Superior,30.103,Silence,0.0,30.939,Silence,0.0,0.0,0.0,0.0,0.0,0.0,0.0,0.0,0.0,0.0,30.872,30.117,29.501,-102,10.0
2026-07-11 02:51:20,Laboratorios Civil Central,47.161,Mixed,58.507,49.802,Group 1 (Common),46.827,0.0,0.0,0.0,46.374,58.507,0.998,2.821,0.0,37.5,50.448,46.625,45.015,-91,14.3
2026-07-11 02:51:27,Salón - Extremo Eléctrica,15.331,Silence,0.0,16.19,Silence,0.0,0.0,0.0,0.0,0.0,0.0,0.0,0.0,0.0,0.0,16.157,15.16,14.805,-96,12.2
2026-07-11 02:51:44,Laboratorios Eléctrica Superior,12.811,Silence,0.0,13.639,Silence,0.0,0.0,0.0,0.0,0.0,0.0,0.0,0.0,0.0,0.0,13.642,12.915,11.631,-90,14.0
2026-07-11 02:55:34,Pasillo Salones Eléctrica,30.421,Silence,0.0,31.488,Silence,0.0,0.0,0.0,0.0,0.0,0.0,0.0,0.0,0.0,0.0,31.843,30.367,29.362,-90,13.8
2026-07-11 02:55:35,Pasillo Decanato Eléctrica,14.252,Silence,0.0,15.174,Silence,0.0,0.0,0.0,0.0,0.0,0.0,0.0,0.0,0.0,0.0,15.325,14.297,13.081,-94,13.0
2026-07-11 02:55:49,Lobby Eléctrica,26.718,Silence,0.0,27.392,Silence,0.0,0.0,0.0,0.0,0.0,0.0,0.0,0.0,0.0,0.0,27.266,26.703,26.063,-111,0.5
2026-07-11 02:55:50,Pasillo Decanato Civil,20.334,Silence,0.0,21.061,Silence,0.0,0.0,0.0,0.0,0.0,0.0,0.0,0.0,0.0,0.0,21.049,20.398,19.288,-100,10.0
2026-07-11 02:55:55,Salón - Extremo Civil,13.557,Silence,0.0,14.342,Silence,0.0,0.0,0.0,0.0,0.0,0.0,0.0,0.0,0.0,0.0,14.275,13.462,12.976,-84,13.8
2026-07-11 02:55:59,Lobby Civil,38.91,Silence,0.0,39.55,Silence,0.0,0.0,0.0,0.0,0.0,0.0,0.0,0.0,0.0,0.0,39.502,39.033,38.06,-101,11.5
2026-07-11 02:56:15,Salón - Uma Civil,10.092,Silence,0.0,10.856,Silence,0.0,0.0,0.0,0.0,0.0,0.0,0.0,0.0,0.0,0.0,10.516,10.245,9.595,-105,8.5
2026-07-11 02:56:19,Laboratorios Civil Superior,35.742,Silence,0.0,36.57,Silence,0.0,0.0,0.0,0.0,0.0,0.0,0.0,0.0,0.0,0.0,36.728,35.644,34.886,-101,11.2
2026-07-11 02:56:20,Laboratorios Civil Central,48.388,Group 1 (Common),78.255,50.143,Group 1 (Common),48.073,0.0,0.0,0.0,0.0,78.255,0.13,0.0,0.043,21.311,50.145,48.579,46.189,-109,0.2
2026-07-11 02:56:27,Salón - Extremo Eléctrica,15.475,Silence,0.0,16.237,Silence,0.0,0.0,0.0,0.0,0.0,0.0,0.0,0.0,0.0,0.0,15.995,15.457,15.088,-78,9.5
2026-07-11 02:56:44,Laboratorios Eléctrica Superior,15.462,Silence,0.0,16.402,Silence,0.0,0.0,0.0,0.0,0.0,0.0,0.0,0.0,0.0,0.0,15.905,15.482,14.566,-95,11.2
2026-07-11 03:00:34,Pasillo Salones Eléctrica,30.099,Silence,0.0,31.114,Silence,0.0,0.0,0.0,0.0,0.0,0.0,0.0,0.0,0.0,0.0,30.93,30.048,29.303,-89,14.0
2026-07-11 03:00:35,Pasillo Decanato Eléctrica,14.412,Silence,0.0,14.945,Silence,0.0,0.0,0.0,0.0,0.0,0.0,0.0,0.0,0.0,0.0,15.017,14.338,13.825,-116,-4.2
2026-07-11 03:00:48,Lobby Eléctrica,26.447,Silence,0.0,27.255,Silence,0.0,0.0,0.0,0.0,0.0,0.0,0.0,0.0,0.0,0.0,27.71,26.238,25.635,-101,10.5
2026-07-11 03:00:55,Salón - Extremo Civil,13.469,Silence,0.0,13.934,Silence,0.0,0.0,0.0,0.0,0.0,0.0,0.0,0.0,0.0,0.0,14.007,13.425,12.945,-85,12.8
2026-07-11 03:00:57,Lobby Civil,37.605,Silence,0.0,38.17,Silence,0.0,0.0,0.0,0.0,0.0,0.0,0.0,0.0,0.0,0.0,38.421,37.344,37.219,-94,11.8
2026-07-11 03:01:15,Salón - Uma Civil,9.92,Silence,0.0,10.48,Silence,0.0,0.0,0.0,0.0,0.0,0.0,0.0,0.0,0.0,0.0,10.272,10.115,9.439,-104,8.5
2026-07-11 03:01:19,Laboratorios Civil Superior,30.824,Silence,0.0,32.374,Silence,0.0,0.0,0.0,0.0,0.0,0.0,0.0,0.0,0.0,0.0,31.537,30.91,29.803,-99,8.8
2026-07-11 03:01:20,Laboratorios Civil Central,46.682,Group 1 (Common),71.875,48.116,Group 1 (Common),46.636,0.0,0.0,0.0,0.0,71.875,2.691,1.345,0.043,23.958,48.979,46.535,44.839,-101,9.0
2026-07-11 03:01:27,Salón - Extremo Eléctrica,15.726,Silence,0.0,16.382,Silence,0.0,0.0,0.0,0.0,0.0,0.0,0.0,0.0,0.0,0.0,16.107,15.724,14.949,-80,12.0
2026-07-11 03:01:44,Laboratorios Eléctrica Superior,16.91,Silence,0.0,17.716,Silence,0.0,0.0,0.0,0.0,0.0,0.0,0.0,0.0,0.0,0.0,18.018,16.757,16.169,-91,15.3
2026-07-11 03:05:34,Pasillo Salones Eléctrica,30.307,Silence,0.0,31.225,Silence,0.0,0.0,0.0,0.0,0.0,0.0,0.0,0.0,0.0,0.0,31.299,30.153,29.93,-99,7.5
2026-07-11 03:05:35,Pasillo Decanato Eléctrica,14.088,Silence,0.0,14.686,Silence,0.0,0.0,0.0,0.0,0.0,0.0,0.0,0.0,0.0,0.0,14.688,14.044,13.563,-93,11.8
2026-07-11 03:05:49,Lobby Eléctrica,27.003,Silence,0.0,27.653,Silence,0.0,0.0,0.0,0.0,0.0,0.0,0.0,0.0,0.0,0.0,27.589,27.078,26.168,-99,10.5
2026-07-11 03:05:50,Pasillo Decanato Civil,23.474,Silence,0.0,24.994,Silence,0.0,0.0,0.0,0.0,0.0,0.0,0.0,0.0,0.0,0.0,25.179,23.452,21.705,-107,9.8
2026-07-11 03:05:55,Salón - Extremo Civil,13.713,Silence,0.0,14.383,Silence,0.0,0.0,0.0,0.0,0.0,0.0,0.0,0.0,0.0,0.0,14.207,13.77,12.888,-85,13.8
2026-07-11 03:05:57,Lobby Civil,37.85,Silence,0.0,38.466,Silence,0.0,0.0,0.0,0.0,0.0,0.0,0.0,0.0,0.0,0.0,38.419,37.873,36.808,-91,12.3
2026-07-11 03:06:15,Salón - Uma Civil,9.724,Silence,0.0,10.283,Silence,0.0,0.0,0.0,0.0,0.0,0.0,0.0,0.0,0.0,0.0,10.046,9.744,9.296,-104,8.8
2026-07-11 03:06:19,Laboratorios Civil Superior,30.396,Silence,0.0,30.935,Silence,0.0,0.0,0.0,0.0,0.0,0.0,0.0,0.0,0.0,0.0,31.254,30.483,29.507,-98,11.0
2026-07-11 03:06:23,Laboratorios Civil Central,45.855,Mixed,68.924,47.031,Group 1 (Common),46.025,0.0,0.0,0.0,45.748,68.924,1.259,0.347,0.0,29.384,46.895,45.916,44.408,-105,6.5
2026-07-11 03:06:27,Salón - Extremo Eléctrica,18.866,Silence,0.0,21.404,Silence,0.0,0.0,0.0,0.0,0.0,0.0,0.0,0.0,0.0,0.0,21.3,18.542,16.616,-95,11.8
2026-07-11 03:06:44,Laboratorios Eléctrica Superior,13.101,Silence,0.0,14.164,Silence,0.0,0.0,0.0,0.0,0.0,0.0,0.0,0.0,0.0,0.0,13.787,13.06,12.513,-99,11.0
2026-07-11 03:10:34,Pasillo Salones Eléctrica,30.922,Silence,0.0,31.719,Silence,0.0,0.0,0.0,0.0,0.0,0.0,0.0,0.0,0.0,0.0,31.887,30.76,29.752,-101,10.0
2026-07-11 03:10:35,Pasillo Decanato Eléctrica,14.12,Silence,0.0,14.826,Silence,0.0,0.0,0.0,0.0,0.0,0.0,0.0,0.0,0.0,0.0,14.76,14.06,13.205,-93,11.8
2026-07-11 03:10:49,Lobby Eléctrica,37.372,Silence,0.0,38.072,Silence,0.0,0.0,0.0,0.0,0.0,0.0,0.0,0.0,0.0,0.0,37.915,37.164,36.646,-105,8.5
2026-07-11 03:10:50,Pasillo Decanato Civil,22.38,Silence,0.0,23.493,Silence,0.0,0.0,0.0,0.0,0.0,0.0,0.0,0.0,0.0,0.0,23.425,22.024,21.682,-96,11.3
2026-07-11 03:10:55,Salón - Extremo Civil,13.323,Silence,0.0,14.065,Silence,0.0,0.0,0.0,0.0,0.0,0.0,0.0,0.0,0.0,0.0,14.104,13.203,12.551,-87,9.5
2026-07-11 03:10:57,Lobby Civil,37.389,Silence,0.0,37.979,Silence,0.0,0.0,0.0,0.0,0.0,0.0,0.0,0.0,0.0,0.0,37.79,37.27,36.978,-105,12.0
2026-07-11 03:11:15,Salón - Uma Civil,9.779,Silence,0.0,10.24,Silence,0.0,0.0,0.0,0.0,0.0,0.0,0.0,0.0,0.0,0.0,10.531,9.725,8.931,-105,8.3
2026-07-11 03:11:19,Laboratorios Civil Superior,30.194,Silence,0.0,31.274,Silence,0.0,0.0,0.0,0.0,0.0,0.0,0.0,0.0,0.0,0.0,31.136,29.903,29.294,-99,13.0
2026-07-11 03:11:20,Laboratorios Civil Central,46.887,Group 1 (Common),80.322,48.0,Group 1 (Common),47.002,0.0,0.0,0.0,0.0,80.322,5.225,1.66,0.195,12.549,47.595,46.672,46.137,-109,12.0
2026-07-11 03:11:27,Salón - Extremo Eléctrica,14.988,Silence,0.0,15.966,Silence,0.0,0.0,0.0,0.0,0.0,0.0,0.0,0.0,0.0,0.0,15.542,15.037,13.728,-79,12.5
2026-07-11 03:11:44,Laboratorios Eléctrica Superior,12.058,Silence,0.0,12.863,Silence,0.0,0.0,0.0,0.0,0.0,0.0,0.0,0.0,0.0,0.0,12.935,11.989,11.579,-94,13.0
2026-07-11 03:15:34,Pasillo Salones Eléctrica,30.315,Silence,0.0,31.036,Silence,0.0,0.0,0.0,0.0,0.0,0.0,0.0,0.0,0.0,0.0,31.041,30.105,29.605,-99,9.0
2026-07-11 03:15:35,Pasillo Decanato Eléctrica,14.14,Silence,0.0,14.89,Silence,0.0,0.0,0.0,0.0,0.0,0.0,0.0,0.0,0.0,0.0,14.975,13.942,13.672,-94,14.3
2026-07-11 03:15:49,Lobby Eléctrica,27.974,Silence,0.0,28.529,Silence,0.0,0.0,0.0,0.0,0.0,0.0,0.0,0.0,0.0,0.0,28.671,27.969,27.14,-101,10.5
2026-07-11 03:15:50,Pasillo Decanato Civil,19.054,Silence,0.0,20.019,Silence,0.0,0.0,0.0,0.0,0.0,0.0,0.0,0.0,0.0,0.0,19.778,19.127,17.894,-101,11.5
2026-07-11 03:15:55,Salón - Extremo Civil,19.091,Silence,0.0,30.359,Silence,0.0,0.0,0.0,0.0,0.0,0.0,0.0,0.0,0.0,0.0,28.016,14.023,13.455,-88,10.0
2026-07-11 03:15:57,Lobby Civil,39.833,Silence,0.0,40.312,Silence,0.0,0.0,0.0,0.0,0.0,0.0,0.0,0.0,0.0,0.0,40.279,39.757,39.391,-97,11.0
2026-07-11 03:16:16,Salón - Uma Civil,10.189,Silence,0.0,10.71,Silence,0.0,0.0,0.0,0.0,0.0,0.0,0.0,0.0,0.0,0.0,10.71,10.22,9.485,-102,9.8
2026-07-11 03:16:19,Laboratorios Civil Superior,35.789,Silence,0.0,36.555,Silence,0.0,0.0,0.0,0.0,0.0,0.0,0.0,0.0,0.0,0.0,36.429,35.816,35.192,-104,9.3
2026-07-11 03:16:20,Laboratorios Civil Central,48.992,Mixed,68.115,49.469,Group 1 (Common),48.963,0.0,0.0,0.0,48.74,68.115,0.0,0.0,0.0,31.836,49.867,48.876,48.445,-109,7.8
2026-07-11 03:16:27,Salón - Extremo Eléctrica,15.623,Silence,0.0,16.45,Silence,0.0,0.0,0.0,0.0,0.0,0.0,0.0,0.0,0.0,0.0,16.634,15.48,14.4,-79,11.0
2026-07-11 03:16:44,Laboratorios Eléctrica Superior,16.63,Silence,0.0,17.456,Silence,0.0,0.0,0.0,0.0,0.0,0.0,0.0,0.0,0.0,0.0,17.25,16.535,15.792,-103,11.0
2026-07-11 03:20:34,Pasillo Salones Eléctrica,30.321,Silence,0.0,31.41,Silence,0.0,0.0,0.0,0.0,0.0,0.0,0.0,0.0,0.0,0.0,31.736,30.133,29.662,-89,14.0
2026-07-11 03:20:35,Pasillo Decanato Eléctrica,14.122,Silence,0.0,14.707,Silence,0.0,0.0,0.0,0.0,0.0,0.0,0.0,0.0,0.0,0.0,14.576,14.239,13.533,-94,13.5
2026-07-11 03:20:49,Lobby Eléctrica,25.627,Silence,0.0,26.409,Silence,0.0,0.0,0.0,0.0,0.0,0.0,0.0,0.0,0.0,0.0,27.061,25.516,24.931,-108,-0.5
2026-07-11 03:20:50,Pasillo Decanato Civil,19.508,Silence,0.0,20.322,Silence,0.0,0.0,0.0,0.0,0.0,0.0,0.0,0.0,0.0,0.0,20.101,19.577,18.828,-103,9.8
2026-07-11 03:20:55,Salón - Extremo Civil,13.287,Silence,0.0,13.916,Silence,0.0,0.0,0.0,0.0,0.0,0.0,0.0,0.0,0.0,0.0,13.71,13.146,12.96,-87,8.8
2026-07-11 03:20:57,Lobby Civil,35.777,Silence,0.0,36.568,Silence,0.0,0.0,0.0,0.0,0.0,0.0,0.0,0.0,0.0,0.0,36.488,35.689,35.368,-107,5.5
2026-07-11 03:21:15,Salón - Uma Civil,9.353,Silence,0.0,10.073,Silence,0.0,0.0,0.0,0.0,0.0,0.0,0.0,0.0,0.0,0.0,9.987,9.327,8.9,-97,12.0
2026-07-11 03:21:19,Laboratorios Civil Superior,30.283,Silence,0.0,31.573,Silence,0.0,0.0,0.0,0.0,0.0,0.0,0.0,0.0,0.0,0.0,32.128,29.903,28.963,-96,10.8
2026-07-11 03:21:20,Laboratorios Civil Central,46.497,Group 1 (Common),80.339,48.14,Group 1 (Common),46.534,0.0,0.0,0.0,0.0,80.339,0.477,0.825,0.043,18.403,48.109,46.856,44.338,-89,12.0
2026-07-11 03:21:27,Salón - Extremo Eléctrica,15.164,Silence,0.0,15.719,Silence,0.0,0.0,0.0,0.0,0.0,0.0,0.0,0.0,0.0,0.0,15.697,15.34,13.743,-95,11.2
2026-07-11 03:21:44,Laboratorios Eléctrica Superior,12.346,Silence,0.0,13.291,Silence,0.0,0.0,0.0,0.0,0.0,0.0,0.0,0.0,0.0,0.0,13.398,12.461,11.208,-95,10.8
2026-07-11 03:25:34,Pasillo Salones Eléctrica,30.179,Silence,0.0,30.877,Silence,0.0,0.0,0.0,0.0,0.0,0.0,0.0,0.0,0.0,0.0,31.381,30.333,28.99,-89,12.0
2026-07-11 03:25:35,Pasillo Decanato Eléctrica,13.888,Silence,0.0,14.762,Silence,0.0,0.0,0.0,0.0,0.0,0.0,0.0,0.0,0.0,0.0,14.549,13.795,13.327,-93,13.5
2026-07-11 03:25:49,Lobby Eléctrica,24.918,Silence,0.0,25.76,Silence,0.0,0.0,0.0,0.0,0.0,0.0,0.0,0.0,0.0,0.0,25.661,24.905,24.129,-100,11.0
2026-07-11 03:25:50,Pasillo Decanato Civil,19.069,Silence,0.0,19.805,Silence,0.0,0.0,0.0,0.0,0.0,0.0,0.0,0.0,0.0,0.0,19.829,19.191,17.844,-102,5.8
2026-07-11 03:25:55,Salón - Extremo Civil,13.73,Silence,0.0,14.386,Silence,0.0,0.0,0.0,0.0,0.0,0.0,0.0,0.0,0.0,0.0,14.285,13.785,13.288,-89,11.2
2026-07-11 03:25:57,Lobby Civil,37.832,Silence,0.0,38.589,Silence,0.0,0.0,0.0,0.0,0.0,0.0,0.0,0.0,0.0,0.0,38.513,37.63,37.279,-105,10.5
2026-07-11 03:26:15,Salón - Uma Civil,9.787,Silence,0.0,10.336,Silence,0.0,0.0,0.0,0.0,0.0,0.0,0.0,0.0,0.0,0.0,10.421,9.65,9.231,-110,4.5
2026-07-11 03:26:19,Laboratorios Civil Superior,30.153,Silence,0.0,31.452,Silence,0.0,0.0,0.0,0.0,0.0,0.0,0.0,0.0,0.0,0.0,31.077,30.013,29.393,-101,10.0
2026-07-11 03:26:20,Laboratorios Civil Central,46.471,Group 1 (Common),74.696,48.468,Group 1 (Common),46.896,0.0,0.0,0.0,46.5,74.696,0.304,0.477,0.043,24.306,48.327,46.938,44.341,-107,9.0
2026-07-11 03:26:27,Salón - Extremo Eléctrica,15.689,Silence,0.0,16.27,Silence,0.0,0.0,0.0,0.0,0.0,0.0,0.0,0.0,0.0,0.0,16.278,15.704,15.255,-93,12.0
2026-07-11 03:26:44,Laboratorios Eléctrica Superior,12.993,Silence,0.0,13.842,Silence,0.0,0.0,0.0,0.0,0.0,0.0,0.0,0.0,0.0,0.0,14.327,12.858,12.558,-103,10.5
2026-07-11 03:30:34,Pasillo Salones Eléctrica,30.524,Silence,0.0,31.132,Silence,0.0,0.0,0.0,0.0,0.0,0.0,0.0,0.0,0.0,0.0,31.207,30.535,29.273,-89,13.8
2026-07-11 03:30:35,Pasillo Decanato Eléctrica,14.138,Silence,0.0,14.7,Silence,0.0,0.0,0.0,0.0,0.0,0.0,0.0,0.0,0.0,0.0,14.568,14.181,13.623,-94,14.5
2026-07-11 03:30:50,Pasillo Decanato Civil,19.39,Silence,0.0,20.165,Silence,0.0,0.0,0.0,0.0,0.0,0.0,0.0,0.0,0.0,0.0,20.43,19.361,18.658,-102,10.5
2026-07-11 03:30:55,Salón - Extremo Civil,13.69,Silence,0.0,14.231,Silence,0.0,0.0,0.0,0.0,0.0,0.0,0.0,0.0,0.0,0.0,14.281,13.674,13.051,-89,16.0
2026-07-11 03:30:57,Lobby Civil,39.814,Silence,0.0,41.97,Silence,0.0,0.0,0.0,0.0,0.0,0.0,0.0,0.0,0.0,0.0,42.767,39.552,38.455,-101,8.2
2026-07-11 03:31:16,Salón - Uma Civil,11.855,Silence,0.0,12.458,Silence,0.0,0.0,0.0,0.0,0.0,0.0,0.0,0.0,0.0,0.0,12.299,11.725,11.367,-104,8.5
2026-07-11 03:31:19,Laboratorios Civil Superior,35.667,Silence,0.0,36.404,Silence,0.0,0.0,0.0,0.0,0.0,0.0,0.0,0.0,0.0,0.0,36.434,35.612,34.936,-98,11.5
2026-07-11 03:31:20,Laboratorios Civil Central,48.244,Group 1 (Common),73.655,49.675,Group 1 (Common),48.322,0.0,0.0,0.0,0.0,73.655,0.391,0.0,0.0,25.911,49.606,47.957,46.51,-111,8.0
2026-07-11 03:31:27,Salón - Extremo Eléctrica,15.713,Silence,0.0,16.255,Silence,0.0,0.0,0.0,0.0,0.0,0.0,0.0,0.0,0.0,0.0,16.088,15.623,15.042,-79,10.0
2026-07-11 03:31:44,Laboratorios Eléctrica Superior,15.605,Silence,0.0,16.694,Silence,0.0,0.0,0.0,0.0,0.0,0.0,0.0,0.0,0.0,0.0,16.979,15.418,14.631,-95,6.8
2026-07-11 03:35:34,Pasillo Salones Eléctrica,30.189,Silence,0.0,31.126,Silence,0.0,0.0,0.0,0.0,0.0,0.0,0.0,0.0,0.0,0.0,31.053,29.892,29.259,-99,8.5
2026-07-11 03:35:35,Pasillo Decanato Eléctrica,13.916,Silence,0.0,14.676,Silence,0.0,0.0,0.0,0.0,0.0,0.0,0.0,0.0,0.0,0.0,14.729,13.632,13.358,-94,13.5
2026-07-11 03:35:49,Lobby Eléctrica,25.677,Silence,0.0,26.563,Silence,0.0,0.0,0.0,0.0,0.0,0.0,0.0,0.0,0.0,0.0,26.43,25.698,25.061,-108,6.0
2026-07-11 03:35:50,Pasillo Decanato Civil,19.43,Silence,0.0,20.077,Silence,0.0,0.0,0.0,0.0,0.0,0.0,0.0,0.0,0.0,0.0,19.819,19.394,18.786,-94,11.8
2026-07-11 03:35:55,Salón - Extremo Civil,13.254,Silence,0.0,13.843,Silence,0.0,0.0,0.0,0.0,0.0,0.0,0.0,0.0,0.0,0.0,13.895,13.222,12.553,-88,11.2
2026-07-11 03:35:57,Lobby Civil,36.155,Silence,0.0,37.137,Silence,0.0,0.0,0.0,0.0,0.0,0.0,0.0,0.0,0.0,0.0,37.126,36.165,35.685,-88,13.0
2026-07-11 03:36:16,Salón - Uma Civil,10.351,Silence,0.0,11.179,Silence,0.0,0.0,0.0,0.0,0.0,0.0,0.0,0.0,0.0,0.0,11.035,10.337,9.2,-102,8.5
2026-07-11 03:36:19,Laboratorios Civil Superior,30.422,Silence,0.0,31.019,Silence,0.0,0.0,0.0,0.0,0.0,0.0,0.0,0.0,0.0,0.0,31.082,30.474,29.688,-97,11.8
2026-07-11 03:36:20,Laboratorios Civil Central,45.904,Mixed,56.554,47.276,Group 1 (Common),46.01,0.0,0.0,0.0,46.381,56.554,5.816,2.127,0.174,35.069,47.203,45.931,43.166,-109,9.2
2026-07-11 03:36:27,Salón - Extremo Eléctrica,15.815,Silence,0.0,16.899,Silence,0.0,0.0,0.0,0.0,0.0,0.0,0.0,0.0,0.0,0.0,16.525,15.711,14.966,-77,12.3
2026-07-11 03:36:44,Laboratorios Eléctrica Superior,13.217,Silence,0.0,13.85,Silence,0.0,0.0,0.0,0.0,0.0,0.0,0.0,0.0,0.0,0.0,13.962,12.991,12.705,-94,15.5
2026-07-11 03:40:34,Pasillo Salones Eléctrica,30.266,Silence,0.0,30.802,Silence,0.0,0.0,0.0,0.0,0.0,0.0,0.0,0.0,0.0,0.0,30.998,30.043,29.721,-89,14.0
2026-07-11 03:40:35,Pasillo Decanato Eléctrica,14.117,Silence,0.0,14.554,Silence,0.0,0.0,0.0,0.0,0.0,0.0,0.0,0.0,0.0,0.0,14.867,13.931,13.555,-117,-6.2
2026-07-11 03:40:49,Lobby Eléctrica,26.672,Silence,0.0,27.78,Silence,0.0,0.0,0.0,0.0,0.0,0.0,0.0,0.0,0.0,0.0,27.711,26.787,25.304,-99,2.5
2026-07-11 03:40:50,Pasillo Decanato Civil,19.489,Silence,0.0,20.562,Silence,0.0,0.0,0.0,0.0,0.0,0.0,0.0,0.0,0.0,0.0,20.601,19.485,18.843,-96,11.3
2026-07-11 03:40:55,Salón - Extremo Civil,14.101,Silence,0.0,15.181,Silence,0.0,0.0,0.0,0.0,0.0,0.0,0.0,0.0,0.0,0.0,15.127,14.027,12.856,-85,13.3
2026-07-11 03:40:57,Lobby Civil,36.215,Silence,0.0,36.818,Silence,0.0,0.0,0.0,0.0,0.0,0.0,0.0,0.0,0.0,0.0,36.802,36.288,35.389,-87,10.3
2026-07-11 03:41:15,Salón - Uma Civil,9.373,Silence,0.0,10.375,Silence,0.0,0.0,0.0,0.0,0.0,0.0,0.0,0.0,0.0,0.0,9.897,9.427,8.904,-107,-1.0
2026-07-11 03:41:19,Laboratorios Civil Superior,39.522,Silence,0.0,40.269,Silence,0.0,0.0,0.0,0.0,0.0,0.0,0.0,0.0,0.0,0.0,40.471,39.374,38.929,-96,11.0
2026-07-11 03:41:20,Laboratorios Civil Central,51.853,Group 1 (Common),99.349,52.239,Group 1 (Common),51.678,0.0,0.0,0.0,0.0,99.349,0.087,0.304,0.13,0.087,51.995,51.951,51.298,-89,12.0
2026-07-11 03:41:27,Salón - Extremo Eléctrica,14.993,Silence,0.0,15.613,Silence,0.0,0.0,0.0,0.0,0.0,0.0,0.0,0.0,0.0,0.0,15.659,15.046,14.404,-81,11.5
2026-07-11 03:41:44,Laboratorios Eléctrica Superior,12.686,Silence,0.0,13.262,Silence,0.0,0.0,0.0,0.0,0.0,0.0,0.0,0.0,0.0,0.0,13.091,12.791,11.829,-102,11.3
2026-07-11 03:45:34,Pasillo Salones Eléctrica,30.164,Silence,0.0,30.852,Silence,0.0,0.0,0.0,0.0,0.0,0.0,0.0,0.0,0.0,0.0,30.842,29.945,29.731,-99,7.5
2026-07-11 03:45:38,Pasillo Decanato Eléctrica,14.058,Silence,0.0,14.668,Silence,0.0,0.0,0.0,0.0,0.0,0.0,0.0,0.0,0.0,0.0,14.729,14.061,13.346,-93,13.8
2026-07-11 03:45:49,Lobby Eléctrica,26.616,Silence,0.0,27.643,Silence,0.0,0.0,0.0,0.0,0.0,0.0,0.0,0.0,0.0,0.0,28.337,26.546,25.162,-100,11.0
2026-07-11 03:45:50,Pasillo Decanato Civil,19.175,Silence,0.0,20.089,Silence,0.0,0.0,0.0,0.0,0.0,0.0,0.0,0.0,0.0,0.0,19.717,19.112,18.761,-94,10.5
2026-07-11 03:45:55,Salón - Extremo Civil,13.477,Silence,0.0,14.048,Silence,0.0,0.0,0.0,0.0,0.0,0.0,0.0,0.0,0.0,0.0,13.927,13.406,12.987,-91,13.8
2026-07-11 03:45:57,Lobby Civil,37.814,Silence,0.0,38.863,Silence,0.0,0.0,0.0,0.0,0.0,0.0,0.0,0.0,0.0,0.0,38.887,37.654,36.951,-102,5.5
2026-07-11 03:46:16,Salón - Uma Civil,9.821,Silence,0.0,10.572,Silence,0.0,0.0,0.0,0.0,0.0,0.0,0.0,0.0,0.0,0.0,10.484,9.764,8.62,-115,3.0
2026-07-11 03:46:19,Laboratorios Civil Superior,40.955,Silence,0.0,41.698,Silence,0.0,0.0,0.0,0.0,0.0,0.0,0.0,0.0,0.0,0.0,41.945,40.888,40.184,-99,12.5
2026-07-11 03:46:20,Laboratorios Civil Central,50.692,Group 1 (Common),98.655,52.394,Group 1 (Common),50.881,0.0,0.0,0.0,0.0,98.655,0.087,0.217,0.0,0.738,51.902,50.566,49.771,-92,10.3
2026-07-11 03:46:27,Salón - Extremo Eléctrica,15.267,Silence,0.0,15.74,Silence,0.0,0.0,0.0,0.0,0.0,0.0,0.0,0.0,0.0,0.0,15.501,15.344,14.788,-99,11.2
2026-07-11 03:46:44,Laboratorios Eléctrica Superior,15.984,Silence,0.0,16.796,Silence,0.0,0.0,0.0,0.0,0.0,0.0,0.0,0.0,0.0,0.0,16.713,16.054,15.229,-96,12.0
2026-07-11 03:50:34,Pasillo Salones Eléctrica,30.139,Silence,0.0,30.839,Silence,0.0,0.0,0.0,0.0,0.0,0.0,0.0,0.0,0.0,0.0,30.769,29.95,29.498,-89,14.3
2026-07-11 03:50:35,Pasillo Decanato Eléctrica,14.263,Silence,0.0,14.997,Silence,0.0,0.0,0.0,0.0,0.0,0.0,0.0,0.0,0.0,0.0,15.302,14.074,13.446,-93,14.0
2026-07-11 03:50:49,Lobby Eléctrica,28.84,Silence,0.0,29.641,Silence,0.0,0.0,0.0,0.0,0.0,0.0,0.0,0.0,0.0,0.0,29.699,28.778,27.906,-111,8.0
2026-07-11 03:50:55,Salón - Extremo Civil,13.448,Silence,0.0,13.995,Silence,0.0,0.0,0.0,0.0,0.0,0.0,0.0,0.0,0.0,0.0,13.972,13.331,13.136,-90,11.0
2026-07-11 03:50:57,Lobby Civil,46.509,Mixed,59.229,51.204,Group 2 (Impact),0.0,48.236,0.0,0.0,47.864,0.098,39.697,0.586,0.293,59.229,51.095,43.314,38.602,-100,11.0
2026-07-11 03:51:16,Salón - Uma Civil,9.859,Silence,0.0,10.366,Silence,0.0,0.0,0.0,0.0,0.0,0.0,0.0,0.0,0.0,0.0,10.555,9.88,9.348,-101,10.5
2026-07-11 03:51:19,Laboratorios Civil Superior,30.319,Silence,0.0,30.959,Silence,0.0,0.0,0.0,0.0,0.0,0.0,0.0,0.0,0.0,0.0,30.754,30.329,29.624,-96,11.8
2026-07-11 03:51:20,Laboratorios Civil Central,47.844,Mixed,65.625,49.237,Group 5 (Vehicle),47.858,0.0,0.0,0.0,48.713,65.625,0.488,0.195,0.0,33.447,49.458,47.497,46.728,-109,7.0
2026-07-11 03:51:27,Salón - Extremo Eléctrica,15.837,Silence,0.0,16.786,Silence,0.0,0.0,0.0,0.0,0.0,0.0,0.0,0.0,0.0,0.0,16.71,15.586,15.117,-79,9.8
2026-07-11 03:51:44,Laboratorios Eléctrica Superior,13.113,Silence,0.0,13.699,Silence,0.0,0.0,0.0,0.0,0.0,0.0,0.0,0.0,0.0,0.0,13.898,12.938,12.441,-92,15.5
2026-07-11 03:55:34,Pasillo Salones Eléctrica,30.437,Silence,0.0,31.313,Silence,0.0,0.0,0.0,0.0,0.0,0.0,0.0,0.0,0.0,0.0,31.314,30.091,29.409,-90,13.3
2026-07-11 03:55:35,Pasillo Decanato Eléctrica,14.073,Silence,0.0,14.641,Silence,0.0,0.0,0.0,0.0,0.0,0.0,0.0,0.0,0.0,0.0,14.582,14.034,13.385,-93,13.5
2026-07-11 03:55:49,Lobby Eléctrica,25.979,Silence,0.0,27.001,Silence,0.0,0.0,0.0,0.0,0.0,0.0,0.0,0.0,0.0,0.0,27.6,25.471,25.015,-104,8.5
2026-07-11 03:55:50,Pasillo Decanato Civil,19.589,Silence,0.0,20.416,Silence,0.0,0.0,0.0,0.0,0.0,0.0,0.0,0.0,0.0,0.0,20.253,19.617,18.412,-103,11.2
2026-07-11 03:55:55,Salón - Extremo Civil,13.753,Silence,0.0,14.97,Silence,0.0,0.0,0.0,0.0,0.0,0.0,0.0,0.0,0.0,0.0,14.518,13.661,13.136,-86,13.8
2026-07-11 03:55:59,Lobby Civil,37.438,Silence,0.0,38.16,Silence,0.0,0.0,0.0,0.0,0.0,0.0,0.0,0.0,0.0,0.0,38.279,37.279,36.909,-87,13.3
2026-07-11 03:56:16,Salón - Uma Civil,9.001,Silence,0.0,9.722,Silence,0.0,0.0,0.0,0.0,0.0,0.0,0.0,0.0,0.0,0.0,9.547,9.099,7.912,-101,10.3
2026-07-11 03:56:19,Laboratorios Civil Superior,31.467,Silence,0.0,32.623,Silence,0.0,0.0,0.0,0.0,0.0,0.0,0.0,0.0,0.0,0.0,33.005,30.969,30.515,-100,11.0
2026-07-11 03:56:20,Laboratorios Civil Central,48.085,Group 1 (Common),70.215,49.465,Group 1 (Common),48.4,0.0,0.0,0.0,0.0,70.215,0.879,1.514,0.098,27.148,49.216,47.776,46.69,-97,11.0
2026-07-11 03:56:27,Salón - Extremo Eléctrica,17.472,Silence,0.0,19.321,Silence,0.0,0.0,0.0,0.0,0.0,0.0,0.0,0.0,0.0,0.0,19.188,16.621,15.742,-78,11.5
2026-07-11 03:56:44,Laboratorios Eléctrica Superior,13.435,Silence,0.0,14.148,Silence,0.0,0.0,0.0,0.0,0.0,0.0,0.0,0.0,0.0,0.0,14.13,13.336,12.484,-93,10.5
2026-07-11 04:00:34,Pasillo Salones Eléctrica,30.318,Silence,0.0,31.484,Silence,0.0,0.0,0.0,0.0,0.0,0.0,0.0,0.0,0.0,0.0,31.556,30.23,28.982,-89,14.0
2026-07-11 04:00:35,Pasillo Decanato Eléctrica,14.015,Silence,0.0,14.724,Silence,0.0,0.0,0.0,0.0,0.0,0.0,0.0,0.0,0.0,0.0,14.676,14.001,13.503,-93,13.5
2026-07-11 04:00:49,Lobby Eléctrica,27.057,Silence,0.0,30.074,Silence,0.0,0.0,0.0,0.0,0.0,0.0,0.0,0.0,0.0,0.0,29.085,26.855,25.816,-100,10.3
2026-07-11 04:00:50,Pasillo Decanato Civil,19.655,Silence,0.0,20.714,Silence,0.0,0.0,0.0,0.0,0.0,0.0,0.0,0.0,0.0,0.0,20.702,19.755,18.787,-97,11.5
2026-07-11 04:00:55,Salón - Extremo Civil,14.521,Silence,0.0,16.606,Silence,0.0,0.0,0.0,0.0,0.0,0.0,0.0,0.0,0.0,0.0,16.407,13.757,13.199,-87,12.0
2026-07-11 04:00:57,Lobby Civil,38.044,Silence,0.0,38.428,Silence,0.0,0.0,0.0,0.0,0.0,0.0,0.0,0.0,0.0,0.0,38.314,38.097,37.65,-91,13.5
2026-07-11 04:01:19,Salón - Uma Civil,10.166,Silence,0.0,10.775,Silence,0.0,0.0,0.0,0.0,0.0,0.0,0.0,0.0,0.0,0.0,10.749,10.166,9.083,-104,9.3
2026-07-11 04:01:19,Laboratorios Civil Superior,35.562,Silence,0.0,36.27,Silence,0.0,0.0,0.0,0.0,0.0,0.0,0.0,0.0,0.0,0.0,36.205,35.497,34.394,-94,11.8
2026-07-11 04:01:20,Laboratorios Civil Central,48.263,Group 1 (Common),86.328,49.256,Group 1 (Common),48.251,0.0,0.0,0.0,0.0,86.328,0.955,0.0,0.0,12.717,49.037,48.227,47.124,-107,9.8
2026-07-11 04:01:27,Salón - Extremo Eléctrica,15.999,Silence,0.0,16.565,Silence,0.0,0.0,0.0,0.0,0.0,0.0,0.0,0.0,0.0,0.0,16.765,15.995,15.093,-95,12.0
2026-07-11 04:01:44,Laboratorios Eléctrica Superior,16.197,Silence,0.0,17.103,Silence,0.0,0.0,0.0,0.0,0.0,0.0,0.0,0.0,0.0,0.0,16.956,16.006,15.259,-104,10.8
2026-07-11 04:05:34,Pasillo Salones Eléctrica,30.583,Silence,0.0,31.531,Silence,0.0,0.0,0.0,0.0,0.0,0.0,0.0,0.0,0.0,0.0,31.638,30.674,29.211,-99,10.0
2026-07-11 04:05:35,Pasillo Decanato Eléctrica,14.082,Silence,0.0,14.803,Silence,0.0,0.0,0.0,0.0,0.0,0.0,0.0,0.0,0.0,0.0,14.671,13.914,13.405,-115,-6.0
2026-07-11 04:05:49,Lobby Eléctrica,27.595,Silence,0.0,29.843,Silence,0.0,0.0,0.0,0.0,0.0,0.0,0.0,0.0,0.0,0.0,29.928,27.215,25.648,-103,-3.0
2026-07-11 04:05:50,Pasillo Decanato Civil,19.279,Silence,0.0,20.278,Silence,0.0,0.0,0.0,0.0,0.0,0.0,0.0,0.0,0.0,0.0,19.875,19.434,18.169,-99,12.0
2026-07-11 04:05:55,Salón - Extremo Civil,13.42,Silence,0.0,14.258,Silence,0.0,0.0,0.0,0.0,0.0,0.0,0.0,0.0,0.0,0.0,14.147,13.35,13.056,-85,15.3
2026-07-11 04:05:57,Lobby Civil,36.553,Silence,0.0,37.159,Silence,0.0,0.0,0.0,0.0,0.0,0.0,0.0,0.0,0.0,0.0,37.283,36.419,36.0,-88,14.3
2026-07-11 04:06:16,Salón - Uma Civil,9.622,Silence,0.0,10.54,Silence,0.0,0.0,0.0,0.0,0.0,0.0,0.0,0.0,0.0,0.0,10.319,9.658,8.894,-104,8.8
2026-07-11 04:06:19,Laboratorios Civil Superior,31.179,Silence,0.0,32.2,Silence,0.0,0.0,0.0,0.0,0.0,0.0,0.0,0.0,0.0,0.0,31.995,31.265,29.332,-101,10.2
2026-07-11 04:06:23,Laboratorios Civil Central,46.617,Group 1 (Common),78.212,47.847,Group 1 (Common),46.673,0.0,0.0,0.0,0.0,78.212,2.17,1.389,0.043,18.099,48.04,46.435,44.918,-94,12.0
2026-07-11 04:06:27,Salón - Extremo Eléctrica,18.136,Silence,0.0,20.078,Silence,0.0,0.0,0.0,0.0,0.0,0.0,0.0,0.0,0.0,0.0,19.683,18.202,16.374,-99,12.2
2026-07-11 04:06:44,Laboratorios Eléctrica Superior,12.612,Silence,0.0,13.144,Silence,0.0,0.0,0.0,0.0,0.0,0.0,0.0,0.0,0.0,0.0,13.171,12.679,11.526,-97,11.2
2026-07-11 04:10:34,Pasillo Salones Eléctrica,30.335,Silence,0.0,30.943,Silence,0.0,0.0,0.0,0.0,0.0,0.0,0.0,0.0,0.0,0.0,31.277,30.488,29.559,-101,8.8
2026-07-11 04:10:35,Pasillo Decanato Eléctrica,14.489,Silence,0.0,15.132,Silence,0.0,0.0,0.0,0.0,0.0,0.0,0.0,0.0,0.0,0.0,15.245,14.51,13.719,-94,14.8
2026-07-11 04:10:49,Lobby Eléctrica,27.848,Silence,0.0,28.887,Silence,0.0,0.0,0.0,0.0,0.0,0.0,0.0,0.0,0.0,0.0,29.524,27.68,27.144,-104,9.5
2026-07-11 04:10:50,Pasillo Decanato Civil,19.618,Silence,0.0,20.492,Silence,0.0,0.0,0.0,0.0,0.0,0.0,0.0,0.0,0.0,0.0,20.756,19.602,18.923,-101,9.5
2026-07-11 04:10:55,Salón - Extremo Civil,13.684,Silence,0.0,14.342,Silence,0.0,0.0,0.0,0.0,0.0,0.0,0.0,0.0,0.0,0.0,14.216,13.766,12.823,-85,15.5
2026-07-11 04:10:57,Lobby Civil,37.789,Silence,0.0,38.454,Silence,0.0,0.0,0.0,0.0,0.0,0.0,0.0,0.0,0.0,0.0,38.46,37.652,37.345,-88,13.3
2026-07-11 04:11:16,Salón - Uma Civil,9.677,Silence,0.0,10.198,Silence,0.0,0.0,0.0,0.0,0.0,0.0,0.0,0.0,0.0,0.0,10.374,9.718,8.733,-114,0.8
2026-07-11 04:11:19,Laboratorios Civil Superior,30.411,Silence,0.0,31.091,Silence,0.0,0.0,0.0,0.0,0.0,0.0,0.0,0.0,0.0,0.0,30.875,30.476,29.587,-96,12.2
2026-07-11 04:11:20,Laboratorios Civil Central,46.829,Mixed,65.842,48.122,Group 1 (Common),46.69,46.186,0.0,0.0,46.511,65.842,6.12,3.255,0.043,24.566,48.234,46.827,45.253,-103,9.8
2026-07-11 04:11:27,Salón - Extremo Eléctrica,15.468,Silence,0.0,16.631,Silence,0.0,0.0,0.0,0.0,0.0,0.0,0.0,0.0,0.0,0.0,16.732,15.319,14.592,-93,12.0
2026-07-11 04:11:44,Laboratorios Eléctrica Superior,13.34,Silence,0.0,13.851,Silence,0.0,0.0,0.0,0.0,0.0,0.0,0.0,0.0,0.0,0.0,14.127,13.209,12.745,-90,13.8
2026-07-11 04:15:34,Pasillo Salones Eléctrica,30.358,Silence,0.0,31.263,Silence,0.0,0.0,0.0,0.0,0.0,0.0,0.0,0.0,0.0,0.0,31.329,30.411,29.543,-89,11.8
2026-07-11 04:15:35,Pasillo Decanato Eléctrica,13.807,Silence,0.0,14.379,Silence,0.0,0.0,0.0,0.0,0.0,0.0,0.0,0.0,0.0,0.0,14.07,13.885,13.429,-115,-7.8
2026-07-11 04:15:49,Lobby Eléctrica,26.08,Silence,0.0,27.163,Silence,0.0,0.0,0.0,0.0,0.0,0.0,0.0,0.0,0.0,0.0,27.005,25.886,24.647,-104,8.5
2026-07-11 04:15:50,Pasillo Decanato Civil,19.141,Silence,0.0,19.998,Silence,0.0,0.0,0.0,0.0,0.0,0.0,0.0,0.0,0.0,0.0,20.033,18.816,18.388,-105,9.0
2026-07-11 04:15:55,Salón - Extremo Civil,13.871,Silence,0.0,14.581,Silence,0.0,0.0,0.0,0.0,0.0,0.0,0.0,0.0,0.0,0.0,14.722,13.757,13.259,-87,12.0
2026-07-11 04:15:57,Lobby Civil,39.773,Silence,0.0,40.498,Silence,0.0,0.0,0.0,0.0,0.0,0.0,0.0,0.0,0.0,0.0,40.475,39.791,38.997,-101,8.2
2026-07-11 04:16:16,Salón - Uma Civil,9.875,Silence,0.0,10.691,Silence,0.0,0.0,0.0,0.0,0.0,0.0,0.0,0.0,0.0,0.0,10.68,9.785,9.078,-100,11.0
2026-07-11 04:16:19,Laboratorios Civil Superior,35.645,Silence,0.0,36.228,Silence,0.0,0.0,0.0,0.0,0.0,0.0,0.0,0.0,0.0,0.0,36.441,35.789,35.013,-103,9.5
2026-07-11 04:16:20,Laboratorios Civil Central,48.004,Group 1 (Common),93.316,49.13,Group 1 (Common),48.019,0.0,0.0,0.0,0.0,93.316,1.128,0.0,0.087,5.425,49.605,47.814,46.704,-91,13.8
2026-07-11 04:16:27,Salón - Extremo Eléctrica,15.404,Silence,0.0,16.136,Silence,0.0,0.0,0.0,0.0,0.0,0.0,0.0,0.0,0.0,0.0,16.101,15.432,14.572,-95,11.0
2026-07-11 04:16:44,Laboratorios Eléctrica Superior,15.476,Silence,0.0,16.389,Silence,0.0,0.0,0.0,0.0,0.0,0.0,0.0,0.0,0.0,0.0,16.123,15.483,15.041,-92,15.3
2026-07-11 04:20:34,Pasillo Salones Eléctrica,30.275,Silence,0.0,31.327,Silence,0.0,0.0,0.0,0.0,0.0,0.0,0.0,0.0,0.0,0.0,31.406,30.476,29.022,-89,14.0
2026-07-11 04:20:35,Pasillo Decanato Eléctrica,14.591,Silence,0.0,15.258,Silence,0.0,0.0,0.0,0.0,0.0,0.0,0.0,0.0,0.0,0.0,15.185,14.64,13.954,-94,13.5
2026-07-11 04:20:49,Lobby Eléctrica,26.717,Silence,0.0,27.988,Silence,0.0,0.0,0.0,0.0,0.0,0.0,0.0,0.0,0.0,0.0,27.81,26.644,25.753,-109,6.2
2026-07-11 04:20:50,Pasillo Decanato Civil,19.447,Silence,0.0,20.124,Silence,0.0,0.0,0.0,0.0,0.0,0.0,0.0,0.0,0.0,0.0,20.306,19.369,17.897,-96,11.5
2026-07-11 04:20:55,Salón - Extremo Civil,13.455,Silence,0.0,14.057,Silence,0.0,0.0,0.0,0.0,0.0,0.0,0.0,0.0,0.0,0.0,14.284,13.234,12.786,-91,15.3
2026-07-11 04:20:57,Lobby Civil,37.316,Silence,0.0,37.891,Silence,0.0,0.0,0.0,0.0,0.0,0.0,0.0,0.0,0.0,0.0,37.966,37.31,36.571,-90,13.3
2026-07-11 04:21:16,Salón - Uma Civil,10.174,Silence,0.0,10.652,Silence,0.0,0.0,0.0,0.0,0.0,0.0,0.0,0.0,0.0,0.0,10.773,10.237,9.111,-100,10.5
2026-07-11 04:21:19,Laboratorios Civil Superior,30.186,Silence,0.0,31.189,Silence,0.0,0.0,0.0,0.0,0.0,0.0,0.0,0.0,0.0,0.0,31.027,30.309,29.262,-98,11.5
2026-07-11 04:21:20,Laboratorios Civil Central,47.571,Mixed,69.358,48.439,Group 1 (Common),47.623,0.0,0.0,0.0,0.0,69.358,0.608,3.255,0.043,26.432,48.7,47.696,46.69,-105,10.5
2026-07-11 04:21:27,Salón - Extremo Eléctrica,15.628,Silence,0.0,16.311,Silence,0.0,0.0,0.0,0.0,0.0,0.0,0.0,0.0,0.0,0.0,16.24,15.536,15.116,-94,9.2
2026-07-11 04:21:44,Laboratorios Eléctrica Superior,12.491,Silence,0.0,13.444,Silence,0.0,0.0,0.0,0.0,0.0,0.0,0.0,0.0,0.0,0.0,13.554,12.282,11.919,-101,10.8
2026-07-11 04:25:34,Pasillo Salones Eléctrica,30.23,Silence,0.0,31.116,Silence,0.0,0.0,0.0,0.0,0.0,0.0,0.0,0.0,0.0,0.0,30.704,30.401,29.234,-101,9.2
2026-07-11 04:25:35,Pasillo Decanato Eléctrica,14.702,Silence,0.0,15.215,Silence,0.0,0.0,0.0,0.0,0.0,0.0,0.0,0.0,0.0,0.0,15.366,14.712,13.884,-93,13.8
2026-07-11 04:25:49,Lobby Eléctrica,33.372,Silence,0.0,34.335,Silence,0.0,0.0,0.0,0.0,0.0,0.0,0.0,0.0,0.0,0.0,34.68,33.638,32.261,-107,7.8
2026-07-11 04:25:50,Pasillo Decanato Civil,19.351,Silence,0.0,20.031,Silence,0.0,0.0,0.0,0.0,0.0,0.0,0.0,0.0,0.0,0.0,19.982,19.401,18.683,-102,9.8
2026-07-11 04:25:55,Salón - Extremo Civil,13.431,Silence,0.0,13.949,Silence,0.0,0.0,0.0,0.0,0.0,0.0,0.0,0.0,0.0,0.0,13.835,13.303,13.106,-86,14.5
2026-07-11 04:25:57,Lobby Civil,45.999,Mixed,47.222,49.005,Group 2 (Impact),0.0,46.108,44.131,0.0,0.0,0.0,42.318,47.222,0.304,10.069,49.183,45.28,43.085,-100,7.5
2026-07-11 04:26:16,Salón - Uma Civil,10.995,Silence,0.0,11.691,Silence,0.0,0.0,0.0,0.0,0.0,0.0,0.0,0.0,0.0,0.0,11.552,11.067,10.2,-113,-2.8
2026-07-11 04:26:19,Laboratorios Civil Superior,31.534,Silence,0.0,32.995,Silence,0.0,0.0,0.0,0.0,0.0,0.0,0.0,0.0,0.0,0.0,32.521,31.398,30.073,-96,11.5
2026-07-11 04:26:20,Laboratorios Civil Central,46.613,Mixed,48.741,47.51,Group 1 (Common),46.699,0.0,45.407,0.0,46.543,48.741,0.738,7.118,0.0,43.316,47.572,46.644,43.777,-107,7.2
2026-07-11 04:26:27,Salón - Extremo Eléctrica,15.396,Silence,0.0,16.202,Silence,0.0,0.0,0.0,0.0,0.0,0.0,0.0,0.0,0.0,0.0,16.128,15.263,14.78,-79,12.8
2026-07-11 04:26:44,Laboratorios Eléctrica Superior,13.523,Silence,0.0,14.45,Silence,0.0,0.0,0.0,0.0,0.0,0.0,0.0,0.0,0.0,0.0,14.598,13.297,12.881,-95,11.2
2026-07-11 04:30:34,Pasillo Salones Eléctrica,30.242,Silence,0.0,31.047,Silence,0.0,0.0,0.0,0.0,0.0,0.0,0.0,0.0,0.0,0.0,31.343,30.246,29.31,-90,13.5
2026-07-11 04:30:41,Pasillo Decanato Eléctrica,14.16,Silence,0.0,14.823,Silence,0.0,0.0,0.0,0.0,0.0,0.0,0.0,0.0,0.0,0.0,14.922,13.907,13.633,-93,11.5
2026-07-11 04:30:49,Lobby Eléctrica,34.2,Silence,0.0,35.137,Silence,0.0,0.0,0.0,0.0,0.0,0.0,0.0,0.0,0.0,0.0,35.113,34.107,32.79,-111,7.5
2026-07-11 04:30:50,Pasillo Decanato Civil,19.361,Silence,0.0,20.308,Silence,0.0,0.0,0.0,0.0,0.0,0.0,0.0,0.0,0.0,0.0,20.124,19.259,18.332,-96,11.5
2026-07-11 04:30:55,Salón - Extremo Civil,13.401,Silence,0.0,13.968,Silence,0.0,0.0,0.0,0.0,0.0,0.0,0.0,0.0,0.0,0.0,14.069,13.295,12.93,-87,11.5
2026-07-11 04:30:57,Lobby Civil,37.979,Silence,0.0,38.451,Silence,0.0,0.0,0.0,0.0,0.0,0.0,0.0,0.0,0.0,0.0,38.502,37.994,37.12,-87,11.3
2026-07-11 04:31:16,Salón - Uma Civil,10.54,Silence,0.0,11.377,Silence,0.0,0.0,0.0,0.0,0.0,0.0,0.0,0.0,0.0,0.0,11.54,10.369,9.931,-111,2.5
2026-07-11 04:31:19,Laboratorios Civil Superior,35.793,Silence,0.0,36.648,Silence,0.0,0.0,0.0,0.0,0.0,0.0,0.0,0.0,0.0,0.0,36.236,35.85,35.311,-103,9.8
2026-07-11 04:31:20,Laboratorios Civil Central,48.622,Group 1 (Common),85.693,49.79,Group 1 (Common),48.898,0.0,0.0,0.0,0.0,85.693,5.957,1.807,0.342,6.25,49.658,48.387,47.464,-91,12.5
2026-07-11 04:31:27,Salón - Extremo Eléctrica,16.342,Silence,0.0,17.0,Silence,0.0,0.0,0.0,0.0,0.0,0.0,0.0,0.0,0.0,0.0,16.915,16.31,15.474,-99,12.5
2026-07-11 04:31:44,Laboratorios Eléctrica Superior,16.687,Silence,0.0,17.161,Silence,0.0,0.0,0.0,0.0,0.0,0.0,0.0,0.0,0.0,0.0,17.138,16.761,16.033,-95,14.8
2026-07-11 04:35:34,Pasillo Salones Eléctrica,30.188,Silence,0.0,31.141,Silence,0.0,0.0,0.0,0.0,0.0,0.0,0.0,0.0,0.0,0.0,30.951,30.002,29.06,-89,11.3
2026-07-11 04:35:35,Pasillo Decanato Eléctrica,14.234,Silence,0.0,15.247,Silence,0.0,0.0,0.0,0.0,0.0,0.0,0.0,0.0,0.0,0.0,15.057,14.262,12.956,-93,14.0
2026-07-11 04:35:49,Lobby Eléctrica,25.59,Silence,0.0,26.267,Silence,0.0,0.0,0.0,0.0,0.0,0.0,0.0,0.0,0.0,0.0,26.52,25.514,24.936,-102,9.8
2026-07-11 04:35:53,Pasillo Decanato Civil,19.425,Silence,0.0,20.209,Silence,0.0,0.0,0.0,0.0,0.0,0.0,0.0,0.0,0.0,0.0,20.312,19.391,18.5,-93,11.5
2026-07-11 04:35:55,Salón - Extremo Civil,13.563,Silence,0.0,14.02,Silence,0.0,0.0,0.0,0.0,0.0,0.0,0.0,0.0,0.0,0.0,14.251,13.584,13.004,-85,16.0
2026-07-11 04:35:57,Lobby Civil,36.623,Silence,0.0,37.453,Silence,0.0,0.0,0.0,0.0,0.0,0.0,0.0,0.0,0.0,0.0,37.236,36.503,36.059,-99,9.5
2026-07-11 04:36:16,Salón - Uma Civil,9.643,Silence,0.0,10.292,Silence,0.0,0.0,0.0,0.0,0.0,0.0,0.0,0.0,0.0,0.0,10.089,9.623,9.029,-111,2.8
2026-07-11 04:36:19,Laboratorios Civil Superior,30.567,Silence,0.0,32.156,Silence,0.0,0.0,0.0,0.0,0.0,0.0,0.0,0.0,0.0,0.0,32.081,30.096,29.149,-99,9.2
2026-07-11 04:36:20,Laboratorios Civil Central,47.387,Group 1 (Common),79.736,48.705,Group 1 (Common),47.428,0.0,0.0,0.0,0.0,79.736,1.074,0.83,0.098,18.262,48.232,47.48,46.0,-91,13.3
2026-07-11 04:36:27,Salón - Extremo Eléctrica,15.599,Silence,0.0,16.457,Silence,0.0,0.0,0.0,0.0,0.0,0.0,0.0,0.0,0.0,0.0,16.328,15.545,14.956,-78,9.5
2026-07-11 04:36:44,Laboratorios Eléctrica Superior,13.672,Silence,0.0,14.342,Silence,0.0,0.0,0.0,0.0,0.0,0.0,0.0,0.0,0.0,0.0,14.138,13.561,13.109,-93,11.5
2026-07-11 04:40:34,Pasillo Salones Eléctrica,30.261,Silence,0.0,31.196,Silence,0.0,0.0,0.0,0.0,0.0,0.0,0.0,0.0,0.0,0.0,31.395,30.319,29.019,-89,13.8
2026-07-11 04:40:35,Pasillo Decanato Eléctrica,14.181,Silence,0.0,14.987,Silence,0.0,0.0,0.0,0.0,0.0,0.0,0.0,0.0,0.0,0.0,14.985,14.068,13.718,-93,13.5
2026-07-11 04:40:49,Lobby Eléctrica,33.044,Silence,0.0,35.712,Silence,0.0,0.0,0.0,0.0,0.0,0.0,0.0,0.0,0.0,0.0,35.803,32.887,28.066,-102,8.5
2026-07-11 04:40:50,Pasillo Decanato Civil,19.071,Silence,0.0,19.516,Silence,0.0,0.0,0.0,0.0,0.0,0.0,0.0,0.0,0.0,0.0,19.367,19.093,18.718,-95,10.0
2026-07-11 04:40:55,Salón - Extremo Civil,13.97,Silence,0.0,16.327,Silence,0.0,0.0,0.0,0.0,0.0,0.0,0.0,0.0,0.0,0.0,15.051,13.795,12.934,-89,11.8
2026-07-11 04:40:57,Lobby Civil,39.363,Silence,0.0,40.35,Silence,0.0,0.0,0.0,0.0,0.0,0.0,0.0,0.0,0.0,0.0,40.223,39.121,38.852,-89,14.0
2026-07-11 04:41:16,Salón - Uma Civil,10.392,Silence,0.0,11.145,Silence,0.0,0.0,0.0,0.0,0.0,0.0,0.0,0.0,0.0,0.0,11.354,10.29,9.093,-111,3.2
2026-07-11 04:41:19,Laboratorios Civil Superior,34.651,Silence,0.0,35.319,Silence,0.0,0.0,0.0,0.0,0.0,0.0,0.0,0.0,0.0,0.0,35.327,34.87,33.575,-97,12.2
2026-07-11 04:41:20,Laboratorios Civil Central,48.107,Group 1 (Common),91.406,49.251,Group 1 (Common),47.947,0.0,0.0,0.0,0.0,91.406,0.174,0.0,0.0,8.29,49.27,48.443,46.744,-103,9.8
2026-07-11 04:41:27,Salón - Extremo Eléctrica,15.529,Silence,0.0,16.376,Silence,0.0,0.0,0.0,0.0,0.0,0.0,0.0,0.0,0.0,0.0,16.076,15.617,14.612,-79,11.8
2026-07-11 04:41:44,Laboratorios Eléctrica Superior,13.014,Silence,0.0,14.026,Silence,0.0,0.0,0.0,0.0,0.0,0.0,0.0,0.0,0.0,0.0,13.925,12.961,12.127,-98,10.2
2026-07-11 04:45:34,Pasillo Salones Eléctrica,30.125,Silence,0.0,31.434,Silence,0.0,0.0,0.0,0.0,0.0,0.0,0.0,0.0,0.0,0.0,31.643,29.875,29.195,-89,13.8
2026-07-11 04:45:35,Pasillo Decanato Eléctrica,14.477,Silence,0.0,14.968,Silence,0.0,0.0,0.0,0.0,0.0,0.0,0.0,0.0,0.0,0.0,15.019,14.622,13.933,-94,13.3
2026-07-11 04:45:49,Lobby Eléctrica,25.634,Silence,0.0,26.615,Silence,0.0,0.0,0.0,0.0,0.0,0.0,0.0,0.0,0.0,0.0,26.536,25.567,24.534,-101,10.3
2026-07-11 04:45:50,Pasillo Decanato Civil,19.187,Silence,0.0,20.047,Silence,0.0,0.0,0.0,0.0,0.0,0.0,0.0,0.0,0.0,0.0,20.164,19.079,18.297,-93,12.0
2026-07-11 04:45:55,Salón - Extremo Civil,13.449,Silence,0.0,14.076,Silence,0.0,0.0,0.0,0.0,0.0,0.0,0.0,0.0,0.0,0.0,14.125,13.328,13.052,-86,14.3
2026-07-11 04:45:57,Lobby Civil,36.751,Silence,0.0,37.402,Silence,0.0,0.0,0.0,0.0,0.0,0.0,0.0,0.0,0.0,0.0,37.41,36.792,36.115,-87,13.5
2026-07-11 04:46:16,Salón - Uma Civil,10.752,Silence,0.0,11.233,Silence,0.0,0.0,0.0,0.0,0.0,0.0,0.0,0.0,0.0,0.0,10.886,10.784,10.52,-101,10.5
2026-07-11 04:46:19,Laboratorios Civil Superior,30.313,Silence,0.0,31.01,Silence,0.0,0.0,0.0,0.0,0.0,0.0,0.0,0.0,0.0,0.0,31.155,30.287,29.271,-101,6.8
2026-07-11 04:46:20,Laboratorios Civil Central,46.726,Mixed,66.102,47.69,Group 1 (Common),46.727,0.0,0.0,0.0,0.0,66.102,0.391,0.564,0.0,32.682,47.443,46.873,45.192,-96,11.0
2026-07-11 04:46:27,Salón - Extremo Eléctrica,15.847,Silence,0.0,16.686,Silence,0.0,0.0,0.0,0.0,0.0,0.0,0.0,0.0,0.0,0.0,16.517,15.879,14.55,-80,12.3
2026-07-11 04:46:44,Laboratorios Eléctrica Superior,13.559,Silence,0.0,14.243,Silence,0.0,0.0,0.0,0.0,0.0,0.0,0.0,0.0,0.0,0.0,14.237,13.813,12.636,-96,10.0
2026-07-11 04:50:34,Pasillo Salones Eléctrica,29.949,Silence,0.0,30.742,Silence,0.0,0.0,0.0,0.0,0.0,0.0,0.0,0.0,0.0,0.0,30.662,30.011,29.152,-101,8.0
2026-07-11 04:50:35,Pasillo Decanato Eléctrica,14.009,Silence,0.0,14.68,Silence,0.0,0.0,0.0,0.0,0.0,0.0,0.0,0.0,0.0,0.0,14.658,13.881,13.598,-94,14.0
2026-07-11 04:50:49,Lobby Eléctrica,28.234,Silence,0.0,29.754,Silence,0.0,0.0,0.0,0.0,0.0,0.0,0.0,0.0,0.0,0.0,30.154,28.183,27.173,-109,4.2
2026-07-11 04:50:50,Pasillo Decanato Civil,19.326,Silence,0.0,20.077,Silence,0.0,0.0,0.0,0.0,0.0,0.0,0.0,0.0,0.0,0.0,19.869,19.304,18.719,-103,9.2
2026-07-11 04:50:55,Salón - Extremo Civil,16.476,Silence,0.0,20.827,Silence,0.0,0.0,0.0,0.0,0.0,0.0,0.0,0.0,0.0,0.0,20.941,15.133,13.482,-91,15.8
2026-07-11 04:50:57,Lobby Civil,38.256,Silence,0.0,39.11,Silence,0.0,0.0,0.0,0.0,0.0,0.0,0.0,0.0,0.0,0.0,39.18,38.1,37.622,-101,8.8
2026-07-11 04:51:16,Salón - Uma Civil,10.507,Silence,0.0,11.308,Silence,0.0,0.0,0.0,0.0,0.0,0.0,0.0,0.0,0.0,0.0,11.17,10.532,9.621,-115,-1.5
2026-07-11 04:51:19,Laboratorios Civil Superior,30.901,Silence,0.0,31.785,Silence,0.0,0.0,0.0,0.0,0.0,0.0,0.0,0.0,0.0,0.0,31.608,31.226,29.554,-94,11.8
2026-07-11 04:51:20,Laboratorios Civil Central,47.568,Mixed,41.189,48.723,Group 1 (Common),47.717,0.0,47.814,0.0,47.769,40.191,1.649,16.797,0.0,41.189,49.021,47.451,45.278,-90,11.5
2026-07-11 04:51:27,Salón - Extremo Eléctrica,15.809,Silence,0.0,16.284,Silence,0.0,0.0,0.0,0.0,0.0,0.0,0.0,0.0,0.0,0.0,16.546,15.667,15.155,-95,12.0
2026-07-11 04:51:44,Laboratorios Eléctrica Superior,17.558,Silence,0.0,24.266,Silence,0.0,0.0,0.0,0.0,0.0,0.0,0.0,0.0,0.0,0.0,25.364,14.995,13.565,-94,10.8
2026-07-11 04:55:34,Pasillo Salones Eléctrica,30.148,Silence,0.0,31.04,Silence,0.0,0.0,0.0,0.0,0.0,0.0,0.0,0.0,0.0,0.0,31.041,30.276,29.026,-101,-0.2
2026-07-11 04:55:35,Pasillo Decanato Eléctrica,14.121,Silence,0.0,14.83,Silence,0.0,0.0,0.0,0.0,0.0,0.0,0.0,0.0,0.0,0.0,14.474,14.154,13.615,-94,13.3
2026-07-11 04:55:49,Lobby Eléctrica,30.28,Silence,0.0,34.134,Silence,0.0,0.0,0.0,0.0,0.0,0.0,0.0,0.0,0.0,0.0,35.1,28.643,25.877,-109,6.2
2026-07-11 04:55:54,Pasillo Decanato Civil,19.685,Silence,0.0,20.895,Silence,0.0,0.0,0.0,0.0,0.0,0.0,0.0,0.0,0.0,0.0,21.243,19.542,18.613,-93,11.0
2026-07-11 04:55:55,Salón - Extremo Civil,13.613,Silence,0.0,14.448,Silence,0.0,0.0,0.0,0.0,0.0,0.0,0.0,0.0,0.0,0.0,14.287,13.552,12.934,-85,14.5
2026-07-11 04:55:57,Lobby Civil,39.698,Silence,0.0,40.654,Silence,0.0,0.0,0.0,0.0,0.0,0.0,0.0,0.0,0.0,0.0,40.992,39.425,38.902,-91,13.5
2026-07-11 04:56:16,Salón - Uma Civil,10.739,Silence,0.0,11.722,Silence,0.0,0.0,0.0,0.0,0.0,0.0,0.0,0.0,0.0,0.0,11.838,10.526,10.259,-112,3.2
2026-07-11 04:56:19,Laboratorios Civil Superior,35.513,Silence,0.0,36.432,Silence,0.0,0.0,0.0,0.0,0.0,0.0,0.0,0.0,0.0,0.0,36.596,35.414,34.935,-97,12.0
2026-07-11 04:56:20,Laboratorios Civil Central,48.313,Group 1 (Common),81.727,49.503,Group 1 (Common),48.497,0.0,0.0,0.0,0.0,81.727,0.13,0.0,0.043,18.056,49.127,48.497,46.83,-108,8.5
2026-07-11 04:56:27,Salón - Extremo Eléctrica,15.901,Silence,0.0,16.49,Silence,0.0,0.0,0.0,0.0,0.0,0.0,0.0,0.0,0.0,0.0,16.372,15.869,15.242,-94,11.8
2026-07-11 04:56:44,Laboratorios Eléctrica Superior,20.193,Silence,0.0,25.15,Silence,0.0,0.0,0.0,0.0,0.0,0.0,0.0,0.0,0.0,0.0,26.011,17.36,15.519,-94,13.5
2026-07-11 05:00:34,Pasillo Salones Eléctrica,30.509,Silence,0.0,31.143,Silence,0.0,0.0,0.0,0.0,0.0,0.0,0.0,0.0,0.0,0.0,31.216,30.508,29.923,-89,13.8
2026-07-11 05:00:36,Pasillo Decanato Eléctrica,13.881,Silence,0.0,15.095,Silence,0.0,0.0,0.0,0.0,0.0,0.0,0.0,0.0,0.0,0.0,14.401,13.744,13.443,-94,15.0
2026-07-11 05:00:49,Lobby Eléctrica,26.517,Silence,0.0,27.411,Silence,0.0,0.0,0.0,0.0,0.0,0.0,0.0,0.0,0.0,0.0,27.201,26.374,26.04,-102,9.5
2026-07-11 05:00:50,Pasillo Decanato Civil,19.134,Silence,0.0,19.715,Silence,0.0,0.0,0.0,0.0,0.0,0.0,0.0,0.0,0.0,0.0,19.811,19.177,18.585,-95,10.3
2026-07-11 05:00:55,Salón - Extremo Civil,13.698,Silence,0.0,14.492,Silence,0.0,0.0,0.0,0.0,0.0,0.0,0.0,0.0,0.0,0.0,14.328,13.705,12.94,-85,10.8
2026-07-11 05:00:59,Lobby Civil,37.561,Silence,0.0,38.195,Silence,0.0,0.0,0.0,0.0,0.0,0.0,0.0,0.0,0.0,0.0,38.851,37.585,36.451,-90,13.5
2026-07-11 05:01:16,Salón - Uma Civil,9.883,Silence,0.0,11.024,Silence,0.0,0.0,0.0,0.0,0.0,0.0,0.0,0.0,0.0,0.0,10.695,9.968,8.944,-103,9.8
2026-07-11 05:01:19,Laboratorios Civil Superior,30.285,Silence,0.0,31.274,Silence,0.0,0.0,0.0,0.0,0.0,0.0,0.0,0.0,0.0,0.0,31.307,30.365,28.342,-97,11.8
2026-07-11 05:01:20,Laboratorios Civil Central,47.357,Mixed,65.148,48.913,Group 1 (Common),47.246,0.0,0.0,0.0,48.132,65.148,1.085,1.432,0.087,32.118,48.733,47.557,45.536,-102,-1.0
2026-07-11 05:01:27,Salón - Extremo Eléctrica,15.624,Silence,0.0,16.147,Silence,0.0,0.0,0.0,0.0,0.0,0.0,0.0,0.0,0.0,0.0,16.002,15.761,15.004,-80,12.3
2026-07-11 05:01:44,Laboratorios Eléctrica Superior,13.87,Silence,0.0,14.8,Silence,0.0,0.0,0.0,0.0,0.0,0.0,0.0,0.0,0.0,0.0,14.628,14.107,12.51,-95,14.8
2026-07-11 05:05:34,Pasillo Salones Eléctrica,30.183,Silence,0.0,30.931,Silence,0.0,0.0,0.0,0.0,0.0,0.0,0.0,0.0,0.0,0.0,31.135,30.166,28.967,-89,13.8
2026-07-11 05:05:36,Pasillo Decanato Eléctrica,14.445,Silence,0.0,15.139,Silence,0.0,0.0,0.0,0.0,0.0,0.0,0.0,0.0,0.0,0.0,14.933,14.445,13.8,-93,13.8
2026-07-11 05:05:49,Lobby Eléctrica,27.116,Silence,0.0,27.955,Silence,0.0,0.0,0.0,0.0,0.0,0.0,0.0,0.0,0.0,0.0,28.124,26.963,26.311,-111,6.0
2026-07-11 05:05:50,Pasillo Decanato Civil,19.436,Silence,0.0,20.139,Silence,0.0,0.0,0.0,0.0,0.0,0.0,0.0,0.0,0.0,0.0,19.79,19.391,19.086,-95,11.5
2026-07-11 05:05:55,Salón - Extremo Civil,13.337,Silence,0.0,13.994,Silence,0.0,0.0,0.0,0.0,0.0,0.0,0.0,0.0,0.0,0.0,13.979,13.357,12.778,-89,15.8
2026-07-11 05:05:57,Lobby Civil,36.938,Silence,0.0,37.829,Silence,0.0,0.0,0.0,0.0,0.0,0.0,0.0,0.0,0.0,0.0,37.769,36.925,36.119,-99,10.2
2026-07-11 05:06:16,Salón - Uma Civil,10.543,Silence,0.0,11.6,Silence,0.0,0.0,0.0,0.0,0.0,0.0,0.0,0.0,0.0,0.0,11.613,10.491,9.742,-98,11.8
2026-07-11 05:06:25,Laboratorios Civil Superior,30.085,Silence,0.0,31.013,Silence,0.0,0.0,0.0,0.0,0.0,0.0,0.0,0.0,0.0,0.0,31.091,30.048,28.734,-100,10.5
2026-07-11 05:06:25,Laboratorios Civil Central,47.154,Mixed,49.783,48.823,Group 1 (Common),47.165,46.546,0.0,0.0,0.0,49.783,6.293,21.484,0.043,22.396,49.352,47.101,45.639,-96,11.5
2026-07-11 05:06:27,Salón - Extremo Eléctrica,18.203,Silence,0.0,19.504,Silence,0.0,0.0,0.0,0.0,0.0,0.0,0.0,0.0,0.0,0.0,19.076,17.958,17.587,-78,11.0
2026-07-11 05:06:44,Laboratorios Eléctrica Superior,13.656,Silence,0.0,14.703,Silence,0.0,0.0,0.0,0.0,0.0,0.0,0.0,0.0,0.0,0.0,14.803,13.736,12.377,-92,15.5
2026-07-11 05:10:34,Pasillo Salones Eléctrica,30.073,Silence,0.0,30.841,Silence,0.0,0.0,0.0,0.0,0.0,0.0,0.0,0.0,0.0,0.0,30.613,30.094,28.588,-97,8.5
2026-07-11 05:10:36,Pasillo Decanato Eléctrica,13.956,Silence,0.0,14.519,Silence,0.0,0.0,0.0,0.0,0.0,0.0,0.0,0.0,0.0,0.0,14.375,13.961,13.445,-115,-10.8
2026-07-11 05:10:49,Lobby Eléctrica,26.57,Silence,0.0,28.034,Silence,0.0,0.0,0.0,0.0,0.0,0.0,0.0,0.0,0.0,0.0,27.994,26.245,25.207,-102,8.0
2026-07-11 05:10:50,Pasillo Decanato Civil,19.616,Silence,0.0,23.714,Silence,0.0,0.0,0.0,0.0,0.0,0.0,0.0,0.0,0.0,0.0,21.193,19.691,18.007,-93,11.8
2026-07-11 05:10:55,Salón - Extremo Civil,13.393,Silence,0.0,14.068,Silence,0.0,0.0,0.0,0.0,0.0,0.0,0.0,0.0,0.0,0.0,14.044,13.37,12.796,-87,10.5
2026-07-11 05:10:57,Lobby Civil,36.92,Silence,0.0,37.822,Silence,0.0,0.0,0.0,0.0,0.0,0.0,0.0,0.0,0.0,0.0,37.83,36.908,35.976,-95,13.3
2026-07-11 05:11:16,Salón - Uma Civil,9.682,Silence,0.0,10.359,Silence,0.0,0.0,0.0,0.0,0.0,0.0,0.0,0.0,0.0,0.0,10.463,9.583,9.419,-105,7.0
2026-07-11 05:11:19,Laboratorios Civil Superior,30.234,Silence,0.0,31.342,Silence,0.0,0.0,0.0,0.0,0.0,0.0,0.0,0.0,0.0,0.0,31.098,30.112,28.919,-94,9.2
2026-07-11 05:11:20,Laboratorios Civil Central,45.864,Group 1 (Common),81.858,48.284,Group 1 (Common),46.625,0.0,0.0,0.0,0.0,81.858,1.519,0.477,0.043,15.972,47.644,45.647,43.113,-105,7.8
2026-07-11 05:11:27,Salón - Extremo Eléctrica,15.746,Silence,0.0,17.136,Silence,0.0,0.0,0.0,0.0,0.0,0.0,0.0,0.0,0.0,0.0,17.017,15.412,14.684,-96,12.2
2026-07-11 05:11:45,Laboratorios Eléctrica Superior,16.298,Silence,0.0,16.836,Silence,0.0,0.0,0.0,0.0,0.0,0.0,0.0,0.0,0.0,0.0,16.597,16.377,15.444,-100,9.3
2026-07-11 05:15:34,Pasillo Salones Eléctrica,29.956,Silence,0.0,30.836,Silence,0.0,0.0,0.0,0.0,0.0,0.0,0.0,0.0,0.0,0.0,30.745,29.951,28.823,-97,8.8
2026-07-11 05:15:36,Pasillo Decanato Eléctrica,14.665,Silence,0.0,15.1,Silence,0.0,0.0,0.0,0.0,0.0,0.0,0.0,0.0,0.0,0.0,14.911,14.683,14.339,-95,11.8
2026-07-11 05:15:49,Lobby Eléctrica,39.164,Silence,0.0,40.36,Silence,0.0,0.0,0.0,0.0,0.0,0.0,0.0,0.0,0.0,0.0,40.365,38.879,37.715,-109,6.5
2026-07-11 05:15:50,Pasillo Decanato Civil,25.975,Silence,0.0,28.072,Silence,0.0,0.0,0.0,0.0,0.0,0.0,0.0,0.0,0.0,0.0,27.965,25.156,23.914,-96,11.3
2026-07-11 05:15:55,Salón - Extremo Civil,13.868,Silence,0.0,14.81,Silence,0.0,0.0,0.0,0.0,0.0,0.0,0.0,0.0,0.0,0.0,14.869,13.919,13.262,-86,14.5
2026-07-11 05:15:57,Lobby Civil,52.235,Mixed,55.566,58.824,Group 2 (Impact),0.0,47.824,0.0,0.0,44.334,0.439,55.566,1.025,2.344,40.674,59.038,43.607,39.854,-87,11.5
2026-07-11 05:16:15,Salón - Uma Civil,10.685,Silence,0.0,11.258,Silence,0.0,0.0,0.0,0.0,0.0,0.0,0.0,0.0,0.0,0.0,11.319,10.627,9.899,-102,10.5
2026-07-11 05:16:19,Laboratorios Civil Superior,31.065,Silence,0.0,32.115,Silence,0.0,0.0,0.0,0.0,0.0,0.0,0.0,0.0,0.0,0.0,32.165,31.018,30.086,-103,10.0
2026-07-11 05:16:20,Laboratorios Civil Central,47.785,Mixed,68.896,48.645,Group 1 (Common),47.913,0.0,0.0,0.0,0.0,68.896,1.172,2.197,0.098,27.539,48.206,47.859,46.497,-107,-1.2
2026-07-11 05:16:27,Salón - Extremo Eléctrica,17.313,Silence,0.0,18.314,Silence,0.0,0.0,0.0,0.0,0.0,0.0,0.0,0.0,0.0,0.0,18.875,17.199,16.048,-78,9.8
2026-07-11 05:16:45,Laboratorios Eléctrica Superior,14.475,Silence,0.0,14.983,Silence,0.0,0.0,0.0,0.0,0.0,0.0,0.0,0.0,0.0,0.0,14.936,14.262,13.997,-102,10.0
2026-07-11 05:20:34,Pasillo Salones Eléctrica,29.723,Silence,0.0,30.57,Silence,0.0,0.0,0.0,0.0,0.0,0.0,0.0,0.0,0.0,0.0,30.358,29.831,29.176,-99,8.8
2026-07-11 05:20:36,Pasillo Decanato Eléctrica,13.996,Silence,0.0,14.706,Silence,0.0,0.0,0.0,0.0,0.0,0.0,0.0,0.0,0.0,0.0,14.742,13.978,13.336,-115,-9.5
2026-07-11 05:20:49,Lobby Eléctrica,26.976,Silence,0.0,27.8,Silence,0.0,0.0,0.0,0.0,0.0,0.0,0.0,0.0,0.0,0.0,27.994,26.813,25.756,-104,8.3
2026-07-11 05:20:50,Pasillo Decanato Civil,19.643,Silence,0.0,20.506,Silence,0.0,0.0,0.0,0.0,0.0,0.0,0.0,0.0,0.0,0.0,20.548,19.368,18.868,-107,7.8
2026-07-11 05:20:55,Salón - Extremo Civil,13.194,Silence,0.0,13.905,Silence,0.0,0.0,0.0,0.0,0.0,0.0,0.0,0.0,0.0,0.0,14.047,13.247,12.563,-86,16.0
2026-07-11 05:20:57,Lobby Civil,38.599,Silence,0.0,39.187,Silence,0.0,0.0,0.0,0.0,0.0,0.0,0.0,0.0,0.0,0.0,39.173,38.343,38.127,-88,14.0
2026-07-11 05:21:15,Salón - Uma Civil,10.725,Silence,0.0,11.543,Silence,0.0,0.0,0.0,0.0,0.0,0.0,0.0,0.0,0.0,0.0,11.495,10.592,10.059,-117,-5.5
2026-07-11 05:21:19,Laboratorios Civil Superior,35.031,Silence,0.0,35.862,Silence,0.0,0.0,0.0,0.0,0.0,0.0,0.0,0.0,0.0,0.0,35.697,34.985,34.318,-101,11.0
2026-07-11 05:21:20,Laboratorios Civil Central,48.424,Group 1 (Common),89.323,49.354,Group 1 (Common),48.502,0.0,0.0,0.0,0.0,89.323,0.434,0.0,0.0,10.243,48.971,48.312,47.788,-89,13.5
2026-07-11 05:21:27,Salón - Extremo Eléctrica,15.615,Silence,0.0,16.176,Silence,0.0,0.0,0.0,0.0,0.0,0.0,0.0,0.0,0.0,0.0,16.169,15.736,14.971,-93,12.2
2026-07-11 05:21:45,Laboratorios Eléctrica Superior,16.12,Silence,0.0,17.081,Silence,0.0,0.0,0.0,0.0,0.0,0.0,0.0,0.0,0.0,0.0,16.65,16.147,14.894,-92,12.3
2026-07-11 05:25:34,Pasillo Salones Eléctrica,30.014,Silence,0.0,31.228,Silence,0.0,0.0,0.0,0.0,0.0,0.0,0.0,0.0,0.0,0.0,31.024,29.9,28.425,-89,12.0
2026-07-11 05:25:36,Pasillo Decanato Eléctrica,14.315,Silence,0.0,14.789,Silence,0.0,0.0,0.0,0.0,0.0,0.0,0.0,0.0,0.0,0.0,15.014,14.298,13.885,-94,11.5
2026-07-11 05:25:49,Lobby Eléctrica,27.216,Silence,0.0,27.914,Silence,0.0,0.0,0.0,0.0,0.0,0.0,0.0,0.0,0.0,0.0,27.638,27.33,26.489,-100,11.0
2026-07-11 05:25:50,Pasillo Decanato Civil,19.252,Silence,0.0,20.093,Silence,0.0,0.0,0.0,0.0,0.0,0.0,0.0,0.0,0.0,0.0,20.034,19.224,18.747,-102,9.5
2026-07-11 05:25:55,Salón - Extremo Civil,13.508,Silence,0.0,14.265,Silence,0.0,0.0,0.0,0.0,0.0,0.0,0.0,0.0,0.0,0.0,14.097,13.579,12.412,-89,11.8
2026-07-11 05:25:57,Lobby Civil,32.959,Silence,0.0,33.645,Silence,0.0,0.0,0.0,0.0,0.0,0.0,0.0,0.0,0.0,0.0,33.912,32.826,32.475,-99,10.8
2026-07-11 05:26:15,Salón - Uma Civil,9.902,Silence,0.0,10.494,Silence,0.0,0.0,0.0,0.0,0.0,0.0,0.0,0.0,0.0,0.0,10.166,9.775,9.681,-104,8.0
2026-07-11 05:26:19,Laboratorios Civil Superior,30.119,Silence,0.0,31.007,Silence,0.0,0.0,0.0,0.0,0.0,0.0,0.0,0.0,0.0,0.0,30.594,30.302,28.645,-99,8.2
2026-07-11 05:26:20,Laboratorios Civil Central,46.674,Mixed,68.186,47.878,Group 1 (Common),46.736,0.0,46.034,0.0,0.0,68.186,2.778,6.944,0.0,21.962,48.302,46.778,44.595,-90,13.5
2026-07-11 05:26:27,Salón - Extremo Eléctrica,15.777,Silence,0.0,16.529,Silence,0.0,0.0,0.0,0.0,0.0,0.0,0.0,0.0,0.0,0.0,16.384,15.681,15.039,-99,13.0
2026-07-11 05:26:45,Laboratorios Eléctrica Superior,13.812,Silence,0.0,14.531,Silence,0.0,0.0,0.0,0.0,0.0,0.0,0.0,0.0,0.0,0.0,14.706,13.677,12.843,-106,8.3
2026-07-11 05:30:34,Pasillo Salones Eléctrica,30.555,Silence,0.0,31.207,Silence,0.0,0.0,0.0,0.0,0.0,0.0,0.0,0.0,0.0,0.0,31.113,30.822,29.217,-99,9.5
2026-07-11 05:30:36,Pasillo Decanato Eléctrica,14.017,Silence,0.0,14.398,Silence,0.0,0.0,0.0,0.0,0.0,0.0,0.0,0.0,0.0,0.0,14.413,14.027,13.665,-94,12.5
2026-07-11 05:30:49,Lobby Eléctrica,26.011,Silence,0.0,26.603,Silence,0.0,0.0,0.0,0.0,0.0,0.0,0.0,0.0,0.0,0.0,26.629,26.141,24.887,-105,8.8
2026-07-11 05:30:50,Pasillo Decanato Civil,19.094,Silence,0.0,19.768,Silence,0.0,0.0,0.0,0.0,0.0,0.0,0.0,0.0,0.0,0.0,19.653,18.921,18.576,-93,12.0
2026-07-11 05:30:55,Salón - Extremo Civil,13.288,Silence,0.0,13.964,Silence,0.0,0.0,0.0,0.0,0.0,0.0,0.0,0.0,0.0,0.0,13.917,13.363,12.386,-88,10.0
2026-07-11 05:30:57,Lobby Civil,37.868,Silence,0.0,44.997,Silence,0.0,0.0,0.0,0.0,0.0,0.0,0.0,0.0,0.0,0.0,45.396,33.541,31.731,-101,8.5
2026-07-11 05:31:15,Salón - Uma Civil,10.478,Silence,0.0,11.088,Silence,0.0,0.0,0.0,0.0,0.0,0.0,0.0,0.0,0.0,0.0,11.302,10.346,10.027,-100,11.5
2026-07-11 05:31:19,Laboratorios Civil Superior,30.816,Silence,0.0,31.561,Silence,0.0,0.0,0.0,0.0,0.0,0.0,0.0,0.0,0.0,0.0,31.392,30.936,29.633,-94,9.8
2026-07-11 05:31:20,Laboratorios Civil Central,48.268,Group 1 (Common),77.604,49.096,Group 1 (Common),48.222,0.0,0.0,0.0,0.0,77.604,1.389,9.245,0.26,11.545,49.607,48.253,46.018,-91,13.5
2026-07-11 05:31:27,Salón - Extremo Eléctrica,15.609,Silence,0.0,16.439,Silence,0.0,0.0,0.0,0.0,0.0,0.0,0.0,0.0,0.0,0.0,16.263,15.72,14.678,-95,11.5
2026-07-11 05:31:45,Laboratorios Eléctrica Superior,14.098,Silence,0.0,14.88,Silence,0.0,0.0,0.0,0.0,0.0,0.0,0.0,0.0,0.0,0.0,14.707,14.084,13.171,-91,13.8
2026-07-11 05:35:34,Pasillo Salones Eléctrica,30.027,Silence,0.0,30.69,Silence,0.0,0.0,0.0,0.0,0.0,0.0,0.0,0.0,0.0,0.0,30.429,30.104,29.484,-89,13.5
2026-07-11 05:35:36,Pasillo Decanato Eléctrica,14.342,Silence,0.0,15.011,Silence,0.0,0.0,0.0,0.0,0.0,0.0,0.0,0.0,0.0,0.0,14.74,14.432,13.878,-115,-3.5
2026-07-11 05:35:49,Lobby Eléctrica,28.372,Silence,0.0,32.055,Silence,0.0,0.0,0.0,0.0,0.0,0.0,0.0,0.0,0.0,0.0,30.445,28.35,26.338,-101,8.8
2026-07-11 05:35:50,Pasillo Decanato Civil,19.363,Silence,0.0,20.914,Silence,0.0,0.0,0.0,0.0,0.0,0.0,0.0,0.0,0.0,0.0,20.473,19.196,18.213,-101,9.5
2026-07-11 05:35:55,Salón - Extremo Civil,14.069,Silence,0.0,14.97,Silence,0.0,0.0,0.0,0.0,0.0,0.0,0.0,0.0,0.0,0.0,14.743,13.977,13.372,-86,15.0
2026-07-11 05:35:57,Lobby Civil,43.35,Silence,0.0,48.451,Silence,0.0,0.0,0.0,0.0,0.0,0.0,0.0,0.0,0.0,0.0,48.948,39.639,36.1,-90,13.5
2026-07-11 05:36:15,Salón - Uma Civil,12.095,Silence,0.0,12.906,Silence,0.0,0.0,0.0,0.0,0.0,0.0,0.0,0.0,0.0,0.0,12.986,12.176,10.916,-106,7.8
2026-07-11 05:36:19,Laboratorios Civil Superior,34.199,Silence,0.0,35.008,Silence,0.0,0.0,0.0,0.0,0.0,0.0,0.0,0.0,0.0,0.0,35.043,34.2,33.654,-97,12.8
2026-07-11 05:36:20,Laboratorios Civil Central,48.899,Group 1 (Common),81.163,49.831,Group 1 (Common),48.753,0.0,0.0,0.0,0.0,81.163,1.953,2.908,0.0,13.845,49.789,48.893,48.038,-106,5.5
2026-07-11 05:36:27,Salón - Extremo Eléctrica,17.486,Silence,0.0,18.242,Silence,0.0,0.0,0.0,0.0,0.0,0.0,0.0,0.0,0.0,0.0,18.003,17.408,16.917,-79,12.8
2026-07-11 05:36:45,Laboratorios Eléctrica Superior,16.385,Silence,0.0,16.96,Silence,0.0,0.0,0.0,0.0,0.0,0.0,0.0,0.0,0.0,0.0,16.994,16.422,15.736,-94,14.0
2026-07-11 05:40:34,Pasillo Salones Eléctrica,29.598,Silence,0.0,30.444,Silence,0.0,0.0,0.0,0.0,0.0,0.0,0.0,0.0,0.0,0.0,30.291,29.999,28.51,-90,13.5
2026-07-11 05:40:36,Pasillo Decanato Eléctrica,14.148,Silence,0.0,14.843,Silence,0.0,0.0,0.0,0.0,0.0,0.0,0.0,0.0,0.0,0.0,14.683,14.018,13.868,-117,-2.2
2026-07-11 05:40:49,Lobby Eléctrica,37.771,Silence,0.0,40.216,Silence,0.0,0.0,0.0,0.0,0.0,0.0,0.0,0.0,0.0,0.0,40.644,37.207,34.57,-100,10.8
2026-07-11 05:40:50,Pasillo Decanato Civil,25.714,Silence,0.0,28.448,Silence,0.0,0.0,0.0,0.0,0.0,0.0,0.0,0.0,0.0,0.0,28.222,26.824,18.854,-111,
2026-07-11 05:40:55,Salón - Extremo Civil,19.475,Silence,0.0,23.358,Silence,0.0,0.0,0.0,0.0,0.0,0.0,0.0,0.0,0.0,0.0,23.539,20.171,13.438,-90,14.0
2026-07-11 05:40:57,Lobby Civil,57.545,Group 4 (Person),85.2,61.18,Group 4 (Person),0.0,0.0,48.949,57.99,0.0,0.0,3.429,11.068,85.2,0.0,61.557,58.613,44.956,-99,8.0
2026-07-11 05:41:15,Salón - Uma Civil,11.95,Silence,0.0,13.13,Silence,0.0,0.0,0.0,0.0,0.0,0.0,0.0,0.0,0.0,0.0,13.346,12.02,10.993,-103,10.3
2026-07-11 05:41:19,Laboratorios Civil Superior,30.594,Silence,0.0,31.222,Silence,0.0,0.0,0.0,0.0,0.0,0.0,0.0,0.0,0.0,0.0,31.18,30.499,30.129,-97,11.0
2026-07-11 05:41:20,Laboratorios Civil Central,46.704,Mixed,66.406,48.212,Group 1 (Common),46.545,0.0,0.0,0.0,0.0,66.406,2.691,10.938,0.087,19.878,48.142,46.238,45.439,-89,13.5
2026-07-11 05:41:27,Salón - Extremo Eléctrica,16.299,Silence,0.0,17.098,Silence,0.0,0.0,0.0,0.0,0.0,0.0,0.0,0.0,0.0,0.0,17.241,16.505,15.233,-97,12.0
2026-07-11 05:41:45,Laboratorios Eléctrica Superior,13.962,Silence,0.0,14.631,Silence,0.0,0.0,0.0,0.0,0.0,0.0,0.0,0.0,0.0,0.0,15.155,13.985,12.702,-95,12.5
2026-07-11 05:45:35,Pasillo Salones Eléctrica,29.901,Silence,0.0,30.344,Silence,0.0,0.0,0.0,0.0,0.0,0.0,0.0,0.0,0.0,0.0,30.575,30.007,28.969,-91,13.5
2026-07-11 05:45:36,Pasillo Decanato Eléctrica,14.212,Silence,0.0,14.953,Silence,0.0,0.0,0.0,0.0,0.0,0.0,0.0,0.0,0.0,0.0,15.103,14.222,13.414,-117,-2.5
2026-07-11 05:45:49,Lobby Eléctrica,29.912,Silence,0.0,31.309,Silence,0.0,0.0,0.0,0.0,0.0,0.0,0.0,0.0,0.0,0.0,31.633,30.062,27.658,-102,9.8
2026-07-11 05:45:50,Pasillo Decanato Civil,20.494,Silence,0.0,21.159,Silence,0.0,0.0,0.0,0.0,0.0,0.0,0.0,0.0,0.0,0.0,21.227,20.176,19.532,-97,9.5
2026-07-11 05:45:55,Salón - Extremo Civil,20.799,Silence,0.0,21.408,Silence,0.0,0.0,0.0,0.0,0.0,0.0,0.0,0.0,0.0,0.0,21.306,20.792,20.239,-90,12.2
2026-07-11 05:45:57,Lobby Civil,44.073,Silence,0.0,46.468,Silence,0.0,0.0,0.0,0.0,0.0,0.0,0.0,0.0,0.0,0.0,46.65,43.771,41.612,-101,10.0
2026-07-11 05:46:15,Salón - Uma Civil,12.326,Silence,0.0,17.258,Silence,0.0,0.0,0.0,0.0,0.0,0.0,0.0,0.0,0.0,0.0,15.451,11.803,10.436,-103,10.5
2026-07-11 05:46:19,Laboratorios Civil Superior,35.961,Silence,0.0,36.648,Silence,0.0,0.0,0.0,0.0,0.0,0.0,0.0,0.0,0.0,0.0,36.721,36.022,35.174,-98,12.3
2026-07-11 05:46:20,Laboratorios Civil Central,48.225,Mixed,67.535,49.198,Group 1 (Common),48.383,0.0,0.0,0.0,47.506,67.535,0.043,0.043,0.0,32.248,49.328,48.194,47.576,-108,6.0
2026-07-11 05:46:27,Salón - Extremo Eléctrica,18.839,Silence,0.0,19.685,Silence,0.0,0.0,0.0,0.0,0.0,0.0,0.0,0.0,0.0,0.0,19.388,19.03,17.954,-79,12.0
2026-07-11 05:46:45,Laboratorios Eléctrica Superior,13.829,Silence,0.0,14.709,Silence,0.0,0.0,0.0,0.0,0.0,0.0,0.0,0.0,0.0,0.0,14.506,13.767,12.941,-99,12.5
2026-07-11 05:50:34,Pasillo Salones Eléctrica,29.749,Silence,0.0,31.203,Silence,0.0,0.0,0.0,0.0,0.0,0.0,0.0,0.0,0.0,0.0,30.457,29.805,28.993,-96,8.8
2026-07-11 05:50:36,Pasillo Decanato Eléctrica,14.15,Silence,0.0,14.64,Silence,0.0,0.0,0.0,0.0,0.0,0.0,0.0,0.0,0.0,0.0,14.589,14.484,13.417,-93,10.5
2026-07-11 05:50:49,Lobby Eléctrica,29.631,Silence,0.0,31.601,Silence,0.0,0.0,0.0,0.0,0.0,0.0,0.0,0.0,0.0,0.0,31.107,29.393,27.12,-100,11.0
2026-07-11 05:50:50,Pasillo Decanato Civil,20.263,Silence,0.0,21.208,Silence,0.0,0.0,0.0,0.0,0.0,0.0,0.0,0.0,0.0,0.0,21.146,20.225,19.383,-96,11.3
2026-07-11 05:50:55,Salón - Extremo Civil,13.312,Silence,0.0,14.185,Silence,0.0,0.0,0.0,0.0,0.0,0.0,0.0,0.0,0.0,0.0,14.214,13.152,12.801,-86,15.5
2026-07-11 05:50:57,Lobby Civil,50.387,Mixed,68.359,62.678,Group 2 (Impact),0.0,57.425,0.0,0.0,48.164,0.0,68.359,0.738,0.0,30.773,59.615,43.218,38.945,-101,1.0
2026-07-11 05:51:15,Salón - Uma Civil,10.36,Silence,0.0,10.913,Silence,0.0,0.0,0.0,0.0,0.0,0.0,0.0,0.0,0.0,0.0,10.786,10.329,9.878,-111,3.0
2026-07-11 05:51:19,Laboratorios Civil Superior,30.901,Silence,0.0,32.277,Silence,0.0,0.0,0.0,0.0,0.0,0.0,0.0,0.0,0.0,0.0,32.545,30.755,29.455,-104,10.0
2026-07-11 05:51:20,Laboratorios Civil Central,46.895,Mixed,69.705,48.395,Group 1 (Common),47.364,0.0,0.0,0.0,46.01,69.705,2.474,3.559,0.043,24.175,48.222,46.79,44.55,-107,7.2
2026-07-11 05:51:27,Salón - Extremo Eléctrica,17.295,Silence,0.0,19.31,Silence,0.0,0.0,0.0,0.0,0.0,0.0,0.0,0.0,0.0,0.0,19.399,16.903,15.562,-93,11.5
2026-07-11 05:51:45,Laboratorios Eléctrica Superior,14.236,Silence,0.0,14.982,Silence,0.0,0.0,0.0,0.0,0.0,0.0,0.0,0.0,0.0,0.0,15.195,14.038,13.401,-98,9.8
2026-07-11 05:55:34,Pasillo Salones Eléctrica,30.152,Silence,0.0,31.216,Silence,0.0,0.0,0.0,0.0,0.0,0.0,0.0,0.0,0.0,0.0,31.186,30.191,29.098,-89,14.0
2026-07-11 05:55:36,Pasillo Decanato Eléctrica,14.158,Silence,0.0,14.699,Silence,0.0,0.0,0.0,0.0,0.0,0.0,0.0,0.0,0.0,0.0,14.731,14.234,13.275,-115,-1.5
2026-07-11 05:55:49,Lobby Eléctrica,34.928,Silence,0.0,37.006,Silence,0.0,0.0,0.0,0.0,0.0,0.0,0.0,0.0,0.0,0.0,36.841,35.125,33.371,-109,5.8
2026-07-11 05:55:59,Pasillo Decanato Civil,20.462,Silence,0.0,22.058,Silence,0.0,0.0,0.0,0.0,0.0,0.0,0.0,0.0,0.0,0.0,22.422,20.318,19.219,-102,11.2
2026-07-11 05:55:59,Salón - Extremo Civil,13.968,Silence,0.0,14.507,Silence,0.0,0.0,0.0,0.0,0.0,0.0,0.0,0.0,0.0,0.0,14.504,14.171,13.358,-85,11.2
2026-07-11 05:55:59,Lobby Civil,52.147,Group 2 (Impact),84.462,56.187,Group 2 (Impact),0.0,52.919,0.0,0.0,0.0,4.948,84.462,1.432,1.302,7.856,53.126,51.98,51.462,-86,11.3
2026-07-11 05:56:15,Salón - Uma Civil,12.485,Silence,0.0,13.294,Silence,0.0,0.0,0.0,0.0,0.0,0.0,0.0,0.0,0.0,0.0,13.44,12.405,12.071,-103,9.8
2026-07-11 05:56:19,Laboratorios Civil Superior,30.083,Silence,0.0,30.875,Silence,0.0,0.0,0.0,0.0,0.0,0.0,0.0,0.0,0.0,0.0,30.932,30.088,29.22,-99,11.8
2026-07-11 05:56:20,Laboratorios Civil Central,46.742,Mixed,68.056,48.406,Group 1 (Common),46.646,0.0,46.776,0.0,0.0,68.056,1.953,10.634,0.13,19.097,48.634,46.534,45.488,-91,13.8
2026-07-11 05:56:27,Salón - Extremo Eléctrica,17.046,Silence,0.0,18.219,Silence,0.0,0.0,0.0,0.0,0.0,0.0,0.0,0.0,0.0,0.0,18.004,17.189,15.204,-99,12.2
2026-07-11 05:56:45,Laboratorios Eléctrica Superior,14.005,Silence,0.0,14.719,Silence,0.0,0.0,0.0,0.0,0.0,0.0,0.0,0.0,0.0,0.0,14.704,14.016,13.287,-103,11.8
2026-07-11 06:00:34,Pasillo Salones Eléctrica,29.767,Silence,0.0,30.511,Silence,0.0,0.0,0.0,0.0,0.0,0.0,0.0,0.0,0.0,0.0,30.198,29.729,29.454,-90,13.5
2026-07-11 06:00:36,Pasillo Decanato Eléctrica,13.942,Silence,0.0,14.815,Silence,0.0,0.0,0.0,0.0,0.0,0.0,0.0,0.0,0.0,0.0,14.346,13.87,13.432,-94,11.8
2026-07-11 06:00:49,Lobby Eléctrica,29.053,Silence,0.0,30.831,Silence,0.0,0.0,0.0,0.0,0.0,0.0,0.0,0.0,0.0,0.0,31.213,28.745,27.54,-102,9.8
2026-07-11 06:00:50,Pasillo Decanato Civil,20.733,Silence,0.0,21.24,Silence,0.0,0.0,0.0,0.0,0.0,0.0,0.0,0.0,0.0,0.0,21.449,20.48,20.202,-94,13.8
2026-07-11 06:00:55,Salón - Extremo Civil,13.747,Silence,0.0,14.461,Silence,0.0,0.0,0.0,0.0,0.0,0.0,0.0,0.0,0.0,0.0,14.176,13.593,13.423,-86,11.5
2026-07-11 06:00:57,Lobby Civil,56.639,Group 5 (Vehicle),80.615,60.437,Group 2 (Impact),0.0,60.503,0.0,0.0,56.491,0.586,13.379,4.395,1.172,80.615,59.101,55.287,54.077,-100,8.2
2026-07-11 06:01:15,Salón - Uma Civil,10.833,Silence,0.0,11.62,Silence,0.0,0.0,0.0,0.0,0.0,0.0,0.0,0.0,0.0,0.0,11.529,10.632,10.456,-100,11.5
2026-07-11 06:01:19,Laboratorios Civil Superior,30.577,Silence,0.0,31.646,Silence,0.0,0.0,0.0,0.0,0.0,0.0,0.0,0.0,0.0,0.0,31.886,30.456,29.784,-98,12.3
2026-07-11 06:01:20,Laboratorios Civil Central,46.531,Mixed,65.967,47.825,Group 1 (Common),46.541,0.0,0.0,0.0,0.0,65.967,0.781,1.855,0.049,31.152,47.995,46.343,44.795,-89,14.0
2026-07-11 06:01:27,Salón - Extremo Eléctrica,18.245,Silence,0.0,19.37,Silence,0.0,0.0,0.0,0.0,0.0,0.0,0.0,0.0,0.0,0.0,19.279,18.301,16.719,-78,11.5
2026-07-11 06:01:45,Laboratorios Eléctrica Superior,13.877,Silence,0.0,14.962,Silence,0.0,0.0,0.0,0.0,0.0,0.0,0.0,0.0,0.0,0.0,14.439,14.009,12.91,-109,5.5
2026-07-11 06:05:34,Pasillo Salones Eléctrica,30.169,Silence,0.0,31.042,Silence,0.0,0.0,0.0,0.0,0.0,0.0,0.0,0.0,0.0,0.0,31.393,30.055,28.784,-90,13.5
2026-07-11 06:05:36,Pasillo Decanato Eléctrica,14.15,Silence,0.0,14.715,Silence,0.0,0.0,0.0,0.0,0.0,0.0,0.0,0.0,0.0,0.0,14.827,13.988,13.54,-94,11.3
2026-07-11 06:05:49,Lobby Eléctrica,27.373,Silence,0.0,28.066,Silence,0.0,0.0,0.0,0.0,0.0,0.0,0.0,0.0,0.0,0.0,28.105,27.415,26.305,-111,4.8
2026-07-11 06:05:50,Pasillo Decanato Civil,19.59,Silence,0.0,20.11,Silence,0.0,0.0,0.0,0.0,0.0,0.0,0.0,0.0,0.0,0.0,19.964,19.655,18.765,-92,11.8
2026-07-11 06:05:56,Salón - Extremo Civil,13.426,Silence,0.0,13.95,Silence,0.0,0.0,0.0,0.0,0.0,0.0,0.0,0.0,0.0,0.0,14.026,13.343,12.749,-90,12.2
2026-07-11 06:05:57,Lobby Civil,54.03,Mixed,44.965,58.298,Group 3 (Rotary Tool),0.0,53.769,55.751,0.0,40.671,0.347,44.965,37.196,7.726,9.766,60.379,47.463,43.471,-103,8.5
2026-07-11 06:06:15,Salón - Uma Civil,11.88,Silence,0.0,13.745,Silence,0.0,0.0,0.0,0.0,0.0,0.0,0.0,0.0,0.0,0.0,14.097,11.481,10.37,-99,12.3
2026-07-11 06:06:19,Laboratorios Civil Superior,30.648,Silence,0.0,31.462,Silence,0.0,0.0,0.0,0.0,0.0,0.0,0.0,0.0,0.0,0.0,31.663,30.625,29.804,-96,6.5
2026-07-11 06:06:20,Laboratorios Civil Central,46.251,Mixed,53.646,48.075,Group 1 (Common),47.037,0.0,0.0,0.0,45.799,53.646,1.345,1.172,0.087,43.576,48.101,46.321,43.38,-105,7.5
2026-07-11 06:06:27,Salón - Extremo Eléctrica,17.358,Silence,0.0,19.03,Silence,0.0,0.0,0.0,0.0,0.0,0.0,0.0,0.0,0.0,0.0,19.031,17.138,15.957,-96,11.8
2026-07-11 06:06:45,Laboratorios Eléctrica Superior,13.957,Silence,0.0,14.699,Silence,0.0,0.0,0.0,0.0,0.0,0.0,0.0,0.0,0.0,0.0,14.801,14.031,12.708,-95,12.5
2026-07-11 06:10:34,Pasillo Salones Eléctrica,29.798,Silence,0.0,30.56,Silence,0.0,0.0,0.0,0.0,0.0,0.0,0.0,0.0,0.0,0.0,30.327,29.724,28.911,-99,8.8
2026-07-11 06:10:36,Pasillo Decanato Eléctrica,14.226,Silence,0.0,14.868,Silence,0.0,0.0,0.0,0.0,0.0,0.0,0.0,0.0,0.0,0.0,14.847,14.207,13.756,-94,12.0
2026-07-11 06:10:49,Lobby Eléctrica,27.237,Silence,0.0,28.015,Silence,0.0,0.0,0.0,0.0,0.0,0.0,0.0,0.0,0.0,0.0,27.89,27.214,26.655,-109,4.0
2026-07-11 06:10:50,Pasillo Decanato Civil,18.925,Silence,0.0,19.867,Silence,0.0,0.0,0.0,0.0,0.0,0.0,0.0,0.0,0.0,0.0,20.099,18.839,18.052,-92,11.8
2026-07-11 06:10:56,Salón - Extremo Civil,13.571,Silence,0.0,14.214,Silence,0.0,0.0,0.0,0.0,0.0,0.0,0.0,0.0,0.0,0.0,14.075,13.627,12.967,-90,12.5
2026-07-11 06:10:57,Lobby Civil,40.911,Silence,0.0,41.78,Silence,0.0,0.0,0.0,0.0,0.0,0.0,0.0,0.0,0.0,0.0,41.835,40.898,40.153,-99,9.8
2026-07-11 06:11:15,Salón - Uma Civil,13.203,Silence,0.0,14.172,Silence,0.0,0.0,0.0,0.0,0.0,0.0,0.0,0.0,0.0,0.0,14.454,13.129,12.17,-104,8.3
2026-07-11 06:11:19,Laboratorios Civil Superior,31.74,Silence,0.0,32.343,Silence,0.0,0.0,0.0,0.0,0.0,0.0,0.0,0.0,0.0,0.0,32.181,31.745,31.072,-94,9.8
2026-07-11 06:11:20,Laboratorios Civil Central,47.211,Mixed,60.113,48.42,Group 1 (Common),47.281,0.0,46.753,0.0,0.0,60.113,1.172,19.705,0.087,18.924,48.23,47.525,45.381,-101,7.0
2026-07-11 06:11:27,Salón - Extremo Eléctrica,21.27,Silence,0.0,23.024,Silence,0.0,0.0,0.0,0.0,0.0,0.0,0.0,0.0,0.0,0.0,22.102,21.446,20.178,-79,11.5
2026-07-11 06:11:45,Laboratorios Eléctrica Superior,14.6,Silence,0.0,15.403,Silence,0.0,0.0,0.0,0.0,0.0,0.0,0.0,0.0,0.0,0.0,15.466,14.506,13.791,-99,12.5
2026-07-11 06:15:34,Pasillo Salones Eléctrica,30.051,Silence,0.0,30.595,Silence,0.0,0.0,0.0,0.0,0.0,0.0,0.0,0.0,0.0,0.0,30.684,30.109,29.287,-99,9.5
2026-07-11 06:15:36,Pasillo Decanato Eléctrica,14.371,Silence,0.0,15.046,Silence,0.0,0.0,0.0,0.0,0.0,0.0,0.0,0.0,0.0,0.0,15.303,14.247,13.502,-94,12.5
2026-07-11 06:15:49,Lobby Eléctrica,29.569,Silence,0.0,31.422,Silence,0.0,0.0,0.0,0.0,0.0,0.0,0.0,0.0,0.0,0.0,31.351,29.29,28.481,-111,5.5
2026-07-11 06:15:50,Pasillo Decanato Civil,20.819,Silence,0.0,21.544,Silence,0.0,0.0,0.0,0.0,0.0,0.0,0.0,0.0,0.0,0.0,21.599,20.796,20.154,-105,8.5
2026-07-11 06:15:56,Salón - Extremo Civil,13.901,Silence,0.0,14.314,Silence,0.0,0.0,0.0,0.0,0.0,0.0,0.0,0.0,0.0,0.0,14.153,13.887,13.185,-90,12.5
2026-07-11 06:15:57,Lobby Civil,47.641,Mixed,50.521,50.573,Group 1 (Common),48.976,45.407,47.941,0.0,0.0,50.521,20.356,24.609,3.168,1.345,49.457,47.881,44.383,-102,7.0
2026-07-11 06:16:15,Salón - Uma Civil,11.038,Silence,0.0,11.807,Silence,0.0,0.0,0.0,0.0,0.0,0.0,0.0,0.0,0.0,0.0,11.458,10.996,10.326,-103,10.5
2026-07-11 06:16:19,Laboratorios Civil Superior,30.922,Silence,0.0,31.764,Silence,0.0,0.0,0.0,0.0,0.0,0.0,0.0,0.0,0.0,0.0,31.645,30.907,30.075,-97,11.0
2026-07-11 06:16:20,Laboratorios Civil Central,47.867,Group 1 (Common),77.257,48.854,Group 1 (Common),47.759,0.0,0.0,0.0,0.0,77.257,0.26,0.391,0.0,21.918,48.801,48.031,45.726,-91,13.8
2026-07-11 06:16:27,Salón - Extremo Eléctrica,16.851,Silence,0.0,17.714,Silence,0.0,0.0,0.0,0.0,0.0,0.0,0.0,0.0,0.0,0.0,17.886,16.661,16.076,-95,11.5
2026-07-11 06:16:45,Laboratorios Eléctrica Superior,13.795,Silence,0.0,14.602,Silence,0.0,0.0,0.0,0.0,0.0,0.0,0.0,0.0,0.0,0.0,14.468,13.876,13.028,-101,10.2
2026-07-11 06:20:34,Pasillo Salones Eléctrica,30.381,Silence,0.0,31.449,Silence,0.0,0.0,0.0,0.0,0.0,0.0,0.0,0.0,0.0,0.0,31.533,30.314,29.454,-90,13.5
2026-07-11 06:20:36,Pasillo Decanato Eléctrica,14.496,Silence,0.0,15.193,Silence,0.0,0.0,0.0,0.0,0.0,0.0,0.0,0.0,0.0,0.0,15.139,14.407,14.101,-93,11.8
2026-07-11 06:20:49,Lobby Eléctrica,27.923,Silence,0.0,28.786,Silence,0.0,0.0,0.0,0.0,0.0,0.0,0.0,0.0,0.0,0.0,29.04,27.807,26.807,-108,7.5
2026-07-11 06:20:50,Pasillo Decanato Civil,19.032,Silence,0.0,20.314,Silence,0.0,0.0,0.0,0.0,0.0,0.0,0.0,0.0,0.0,0.0,19.933,18.757,17.841,-103,11.0
2026-07-11 06:20:56,Salón - Extremo Civil,14.871,Silence,0.0,18.148,Silence,0.0,0.0,0.0,0.0,0.0,0.0,0.0,0.0,0.0,0.0,15.439,14.813,14.326,-88,12.3
2026-07-11 06:20:57,Lobby Civil,54.742,Group 5 (Vehicle),92.144,60.097,Group 5 (Vehicle),0.0,0.0,0.0,0.0,54.031,2.214,2.3,2.734,0.521,92.144,61.514,53.471,45.327,-103,7.5
2026-07-11 06:21:15,Salón - Uma Civil,17.617,Silence,0.0,20.818,Silence,0.0,0.0,0.0,0.0,0.0,0.0,0.0,0.0,0.0,0.0,21.227,18.993,11.645,-112,1.0
2026-07-11 06:21:19,Laboratorios Civil Superior,33.525,Silence,0.0,34.75,Silence,0.0,0.0,0.0,0.0,0.0,0.0,0.0,0.0,0.0,0.0,34.071,33.507,32.437,-93,9.2
2026-07-11 06:21:20,Laboratorios Civil Central,48.106,Group 1 (Common),95.313,48.993,Group 1 (Common),48.039,0.0,0.0,0.0,0.0,95.313,0.347,0.0,0.0,4.253,49.523,47.918,47.228,-101,8.2
2026-07-11 06:21:27,Salón - Extremo Eléctrica,16.671,Silence,0.0,18.179,Silence,0.0,0.0,0.0,0.0,0.0,0.0,0.0,0.0,0.0,0.0,17.274,17.059,15.217,-81,11.8
2026-07-11 06:21:45,Laboratorios Eléctrica Superior,16.839,Silence,0.0,17.861,Silence,0.0,0.0,0.0,0.0,0.0,0.0,0.0,0.0,0.0,0.0,17.905,16.838,15.921,-99,11.5
2026-07-11 06:25:34,Pasillo Salones Eléctrica,29.998,Silence,0.0,30.859,Silence,0.0,0.0,0.0,0.0,0.0,0.0,0.0,0.0,0.0,0.0,30.731,29.995,29.022,-97,8.5
2026-07-11 06:25:36,Pasillo Decanato Eléctrica,14.442,Silence,0.0,15.403,Silence,0.0,0.0,0.0,0.0,0.0,0.0,0.0,0.0,0.0,0.0,15.329,14.474,13.359,-94,12.0
2026-07-11 06:25:49,Lobby Eléctrica,32.934,Silence,0.0,34.377,Silence,0.0,0.0,0.0,0.0,0.0,0.0,0.0,0.0,0.0,0.0,34.212,33.592,30.033,-104,9.0
2026-07-11 06:25:50,Pasillo Decanato Civil,22.608,Silence,0.0,23.684,Silence,0.0,0.0,0.0,0.0,0.0,0.0,0.0,0.0,0.0,0.0,23.732,22.365,21.827,-105,9.8
2026-07-11 06:25:56,Salón - Extremo Civil,13.809,Silence,0.0,14.402,Silence,0.0,0.0,0.0,0.0,0.0,0.0,0.0,0.0,0.0,0.0,14.337,14.016,13.185,-89,12.2
2026-07-11 06:26:15,Salón - Uma Civil,16.08,Silence,0.0,18.368,Silence,0.0,0.0,0.0,0.0,0.0,0.0,0.0,0.0,0.0,0.0,18.306,15.558,13.381,-102,10.5
2026-07-11 06:26:19,Laboratorios Civil Superior,40.352,Silence,0.0,41.054,Silence,0.0,0.0,0.0,0.0,0.0,0.0,0.0,0.0,0.0,0.0,41.2,40.468,39.525,-99,12.5
2026-07-11 06:26:20,Laboratorios Civil Central,51.182,Group 1 (Common),97.179,51.768,Group 1 (Common),51.143,0.0,0.0,0.0,0.0,97.179,0.608,1.953,0.043,0.087,51.789,51.142,50.542,-95,6.5
2026-07-11 06:26:27,Salón - Extremo Eléctrica,16.997,Silence,0.0,17.701,Silence,0.0,0.0,0.0,0.0,0.0,0.0,0.0,0.0,0.0,0.0,17.714,16.872,15.519,-99,12.5
2026-07-11 06:26:45,Laboratorios Eléctrica Superior,17.199,Silence,0.0,17.946,Silence,0.0,0.0,0.0,0.0,0.0,0.0,0.0,0.0,0.0,0.0,17.901,17.084,16.618,-103,10.0
2026-07-11 06:30:34,Pasillo Salones Eléctrica,30.127,Silence,0.0,31.029,Silence,0.0,0.0,0.0,0.0,0.0,0.0,0.0,0.0,0.0,0.0,30.976,30.061,29.304,-97,8.2
2026-07-11 06:30:36,Pasillo Decanato Eléctrica,17.726,Silence,0.0,20.305,Silence,0.0,0.0,0.0,0.0,0.0,0.0,0.0,0.0,0.0,0.0,20.747,17.403,14.627,-115,-4.5
2026-07-11 06:30:49,Lobby Eléctrica,34.071,Silence,0.0,34.721,Silence,0.0,0.0,0.0,0.0,0.0,0.0,0.0,0.0,0.0,0.0,34.62,34.273,33.199,-100,9.3
2026-07-11 06:30:50,Pasillo Decanato Civil,23.372,Silence,0.0,27.503,Silence,0.0,0.0,0.0,0.0,0.0,0.0,0.0,0.0,0.0,0.0,28.594,21.434,18.326,-103,9.2
2026-07-11 06:30:56,Salón - Extremo Civil,13.986,Silence,0.0,15.342,Silence,0.0,0.0,0.0,0.0,0.0,0.0,0.0,0.0,0.0,0.0,14.534,14.014,13.058,-90,10.2
2026-07-11 06:30:57,Lobby Civil,60.259,Group 5 (Vehicle),99.045,62.455,Group 5 (Vehicle),0.0,0.0,0.0,0.0,60.34,0.087,0.043,0.304,0.391,99.045,62.591,60.24,56.047,-88,13.8
2026-07-11 06:31:15,Salón - Uma Civil,11.414,Silence,0.0,12.225,Silence,0.0,0.0,0.0,0.0,0.0,0.0,0.0,0.0,0.0,0.0,12.483,11.235,10.841,-102,7.0
2026-07-11 06:31:19,Laboratorios Civil Superior,34.642,Silence,0.0,35.859,Silence,0.0,0.0,0.0,0.0,0.0,0.0,0.0,0.0,0.0,0.0,35.837,34.268,33.836,-94,9.5
2026-07-11 06:31:20,Laboratorios Civil Central,48.331,Group 1 (Common),80.816,49.683,Group 1 (Common),48.038,0.0,0.0,0.0,0.0,80.816,0.694,0.087,0.0,18.229,49.757,48.355,46.596,-101,7.8
2026-07-11 06:31:27,Salón - Extremo Eléctrica,16.648,Silence,0.0,17.019,Silence,0.0,0.0,0.0,0.0,0.0,0.0,0.0,0.0,0.0,0.0,17.117,16.524,16.366,-78,12.0
2026-07-11 06:31:45,Laboratorios Eléctrica Superior,16.402,Silence,0.0,16.891,Silence,0.0,0.0,0.0,0.0,0.0,0.0,0.0,0.0,0.0,0.0,16.947,16.28,16.056,-93,11.5
2026-07-11 06:35:34,Pasillo Salones Eléctrica,29.577,Silence,0.0,30.241,Silence,0.0,0.0,0.0,0.0,0.0,0.0,0.0,0.0,0.0,0.0,30.618,29.621,28.406,-89,13.8
2026-07-11 06:35:36,Pasillo Decanato Eléctrica,14.239,Silence,0.0,15.184,Silence,0.0,0.0,0.0,0.0,0.0,0.0,0.0,0.0,0.0,0.0,14.915,14.126,13.458,-94,12.0
2026-07-11 06:35:49,Lobby Eléctrica,27.694,Silence,0.0,28.459,Silence,0.0,0.0,0.0,0.0,0.0,0.0,0.0,0.0,0.0,0.0,28.281,27.536,27.395,-100,10.5
2026-07-11 06:35:50,Pasillo Decanato Civil,18.891,Silence,0.0,20.041,Silence,0.0,0.0,0.0,0.0,0.0,0.0,0.0,0.0,0.0,0.0,19.796,19.012,17.417,-102,10.0
2026-07-11 06:35:56,Salón - Extremo Civil,13.745,Silence,0.0,14.291,Silence,0.0,0.0,0.0,0.0,0.0,0.0,0.0,0.0,0.0,0.0,14.539,13.832,13.066,-86,12.0
2026-07-11 06:35:57,Lobby Civil,39.352,Silence,0.0,39.989,Silence,0.0,0.0,0.0,0.0,0.0,0.0,0.0,0.0,0.0,0.0,39.959,39.277,38.749,-87,13.5
2026-07-11 06:36:15,Salón - Uma Civil,11.461,Silence,0.0,12.515,Silence,0.0,0.0,0.0,0.0,0.0,0.0,0.0,0.0,0.0,0.0,12.562,11.337,10.758,-102,10.5
2026-07-11 06:36:19,Laboratorios Civil Superior,34.753,Silence,0.0,35.427,Silence,0.0,0.0,0.0,0.0,0.0,0.0,0.0,0.0,0.0,0.0,35.662,34.867,33.613,-97,11.0
2026-07-11 06:36:20,Laboratorios Civil Central,48.06,Group 1 (Common),72.526,49.303,Group 1 (Common),48.173,0.0,0.0,0.0,47.317,72.526,0.087,0.0,0.043,27.3,49.381,48.108,46.041,-103,3.8
2026-07-11 06:36:27,Salón - Extremo Eléctrica,15.946,Silence,0.0,16.375,Silence,0.0,0.0,0.0,0.0,0.0,0.0,0.0,0.0,0.0,0.0,16.38,15.971,15.287,-78,11.5
2026-07-11 06:36:45,Laboratorios Eléctrica Superior,16.83,Silence,0.0,17.379,Silence,0.0,0.0,0.0,0.0,0.0,0.0,0.0,0.0,0.0,0.0,17.812,16.714,16.373,-95,12.5
2026-07-11 06:40:34,Pasillo Salones Eléctrica,30.101,Silence,0.0,30.772,Silence,0.0,0.0,0.0,0.0,0.0,0.0,0.0,0.0,0.0,0.0,30.588,29.993,29.353,-91,13.5
2026-07-11 06:40:36,Pasillo Decanato Eléctrica,14.57,Silence,0.0,15.169,Silence,0.0,0.0,0.0,0.0,0.0,0.0,0.0,0.0,0.0,0.0,14.967,14.486,13.905,-94,12.0
2026-07-11 06:40:49,Lobby Eléctrica,33.916,Silence,0.0,35.087,Silence,0.0,0.0,0.0,0.0,0.0,0.0,0.0,0.0,0.0,0.0,35.276,33.546,32.563,-113,5.0
2026-07-11 06:40:50,Pasillo Decanato Civil,20.674,Silence,0.0,21.522,Silence,0.0,0.0,0.0,0.0,0.0,0.0,0.0,0.0,0.0,0.0,22.2,20.073,19.288,-103,11.2
2026-07-11 06:40:56,Salón - Extremo Civil,13.66,Silence,0.0,14.103,Silence,0.0,0.0,0.0,0.0,0.0,0.0,0.0,0.0,0.0,0.0,13.95,13.516,13.434,-86,14.8
2026-07-11 06:40:57,Lobby Civil,56.053,Mixed,53.467,58.585,Group 1 (Common),55.837,56.621,0.0,0.0,45.094,53.467,15.918,13.965,2.344,14.453,58.96,56.941,42.161,-99,9.0
2026-07-11 06:41:15,Salón - Uma Civil,11.028,Silence,0.0,11.715,Silence,0.0,0.0,0.0,0.0,0.0,0.0,0.0,0.0,0.0,0.0,11.668,10.993,10.241,-112,-2.0
2026-07-11 06:41:19,Laboratorios Civil Superior,34.65,Silence,0.0,35.377,Silence,0.0,0.0,0.0,0.0,0.0,0.0,0.0,0.0,0.0,0.0,35.462,34.357,34.208,-95,9.2
2026-07-11 06:41:20,Laboratorios Civil Central,47.751,Group 1 (Common),74.072,48.925,Group 1 (Common),47.595,0.0,0.0,0.0,0.0,74.072,3.711,0.049,0.146,21.875,49.388,47.252,46.523,-101,7.8
2026-07-11 06:41:27,Salón - Extremo Eléctrica,16.86,Silence,0.0,17.835,Silence,0.0,0.0,0.0,0.0,0.0,0.0,0.0,0.0,0.0,0.0,18.036,16.82,15.933,-79,12.5
2026-07-11 06:41:45,Laboratorios Eléctrica Superior,16.16,Silence,0.0,17.092,Silence,0.0,0.0,0.0,0.0,0.0,0.0,0.0,0.0,0.0,0.0,17.024,16.406,14.278,-99,12.8
2026-07-11 06:45:34,Pasillo Salones Eléctrica,29.839,Silence,0.0,30.683,Silence,0.0,0.0,0.0,0.0,0.0,0.0,0.0,0.0,0.0,0.0,30.904,29.724,28.885,-97,9.8
2026-07-11 06:45:36,Pasillo Decanato Eléctrica,14.442,Silence,0.0,15.101,Silence,0.0,0.0,0.0,0.0,0.0,0.0,0.0,0.0,0.0,0.0,14.932,14.394,13.996,-93,12.0
2026-07-11 06:45:49,Lobby Eléctrica,28.163,Silence,0.0,29.347,Silence,0.0,0.0,0.0,0.0,0.0,0.0,0.0,0.0,0.0,0.0,29.399,28.17,26.767,-100,11.5
2026-07-11 06:45:50,Pasillo Decanato Civil,18.277,Silence,0.0,18.94,Silence,0.0,0.0,0.0,0.0,0.0,0.0,0.0,0.0,0.0,0.0,19.021,18.146,17.663,-105,8.5
2026-07-11 06:45:56,Salón - Extremo Civil,14.037,Silence,0.0,14.59,Silence,0.0,0.0,0.0,0.0,0.0,0.0,0.0,0.0,0.0,0.0,14.6,13.878,13.72,-88,12.2
2026-07-11 06:45:57,Lobby Civil,39.373,Silence,0.0,40.019,Silence,0.0,0.0,0.0,0.0,0.0,0.0,0.0,0.0,0.0,0.0,39.836,39.465,38.487,-97,8.5
2026-07-11 06:46:15,Salón - Uma Civil,11.032,Silence,0.0,11.696,Silence,0.0,0.0,0.0,0.0,0.0,0.0,0.0,0.0,0.0,0.0,11.675,10.952,10.543,-103,9.0
2026-07-11 06:46:19,Laboratorios Civil Superior,30.444,Silence,0.0,31.266,Silence,0.0,0.0,0.0,0.0,0.0,0.0,0.0,0.0,0.0,0.0,31.209,30.467,29.516,-99,8.0
2026-07-11 06:46:20,Laboratorios Civil Central,47.021,Group 1 (Common),79.688,48.206,Group 1 (Common),47.008,0.0,0.0,0.0,0.0,79.688,1.736,0.694,0.087,17.752,48.208,47.252,45.21,-93,12.8
2026-07-11 06:46:27,Salón - Extremo Eléctrica,16.52,Silence,0.0,17.278,Silence,0.0,0.0,0.0,0.0,0.0,0.0,0.0,0.0,0.0,0.0,17.013,16.653,15.75,-95,11.5
2026-07-11 06:46:45,Laboratorios Eléctrica Superior,14.266,Silence,0.0,14.885,Silence,0.0,0.0,0.0,0.0,0.0,0.0,0.0,0.0,0.0,0.0,14.801,14.636,12.592,-91,12.3
2026-07-11 06:50:34,Pasillo Salones Eléctrica,29.906,Silence,0.0,30.783,Silence,0.0,0.0,0.0,0.0,0.0,0.0,0.0,0.0,0.0,0.0,30.665,30.038,29.118,-97,10.5
2026-07-11 06:50:38,Pasillo Decanato Eléctrica,14.14,Silence,0.0,14.707,Silence,0.0,0.0,0.0,0.0,0.0,0.0,0.0,0.0,0.0,0.0,14.856,14.015,13.574,-115,-11.8
2026-07-11 06:50:49,Lobby Eléctrica,27.874,Silence,0.0,29.362,Silence,0.0,0.0,0.0,0.0,0.0,0.0,0.0,0.0,0.0,0.0,29.234,27.834,26.777,-111,5.8
2026-07-11 06:50:50,Pasillo Decanato Civil,19.369,Silence,0.0,21.335,Silence,0.0,0.0,0.0,0.0,0.0,0.0,0.0,0.0,0.0,0.0,21.328,18.817,17.698,-111,-6.8
2026-07-11 06:50:56,Salón - Extremo Civil,13.41,Silence,0.0,13.82,Silence,0.0,0.0,0.0,0.0,0.0,0.0,0.0,0.0,0.0,0.0,13.784,13.544,12.652,-90,9.8
2026-07-11 06:50:57,Lobby Civil,38.97,Silence,0.0,40.971,Silence,0.0,0.0,0.0,0.0,0.0,0.0,0.0,0.0,0.0,0.0,39.691,39.1,38.137,-88,13.3
2026-07-11 06:51:15,Salón - Uma Civil,10.3,Silence,0.0,10.775,Silence,0.0,0.0,0.0,0.0,0.0,0.0,0.0,0.0,0.0,0.0,10.758,10.402,9.583,-99,11.8
2026-07-11 06:51:19,Laboratorios Civil Superior,30.431,Silence,0.0,31.209,Silence,0.0,0.0,0.0,0.0,0.0,0.0,0.0,0.0,0.0,0.0,31.041,30.45,30.11,-98,12.8
2026-07-11 06:51:20,Laboratorios Civil Central,46.249,Group 1 (Common),72.135,47.625,Group 1 (Common),45.886,0.0,0.0,0.0,0.0,72.135,1.649,0.174,0.043,25.825,47.562,45.936,44.126,-91,13.5
2026-07-11 06:51:27,Salón - Extremo Eléctrica,15.44,Silence,0.0,16.529,Silence,0.0,0.0,0.0,0.0,0.0,0.0,0.0,0.0,0.0,0.0,15.917,15.426,14.824,-95,12.0
2026-07-11 06:51:45,Laboratorios Eléctrica Superior,14.339,Silence,0.0,15.01,Silence,0.0,0.0,0.0,0.0,0.0,0.0,0.0,0.0,0.0,0.0,14.939,14.306,13.529,-91,12.0
2026-07-11 06:55:34,Pasillo Salones Eléctrica,29.886,Silence,0.0,30.957,Silence,0.0,0.0,0.0,0.0,0.0,0.0,0.0,0.0,0.0,0.0,30.868,29.881,29.018,-99,9.5
2026-07-11 06:55:36,Pasillo Decanato Eléctrica,13.948,Silence,0.0,14.314,Silence,0.0,0.0,0.0,0.0,0.0,0.0,0.0,0.0,0.0,0.0,14.403,13.916,13.586,-93,12.0
2026-07-11 06:55:49,Lobby Eléctrica,30.866,Silence,0.0,32.029,Silence,0.0,0.0,0.0,0.0,0.0,0.0,0.0,0.0,0.0,0.0,32.059,30.881,28.985,-112,-1.0
2026-07-11 06:55:53,Pasillo Decanato Civil,23.093,Silence,0.0,23.921,Silence,0.0,0.0,0.0,0.0,0.0,0.0,0.0,0.0,0.0,0.0,24.436,22.943,21.628,-95,11.8
2026-07-11 06:55:56,Salón - Extremo Civil,14.489,Silence,0.0,15.234,Silence,0.0,0.0,0.0,0.0,0.0,0.0,0.0,0.0,0.0,0.0,15.138,14.542,13.474,-87,12.0
2026-07-11 06:55:57,Lobby Civil,51.362,Mixed,63.455,56.393,Group 5 (Vehicle),50.777,0.0,0.0,0.0,53.386,63.455,1.736,2.734,0.304,31.771,56.065,48.974,47.245,-98,8.5
2026-07-11 06:56:15,Salón - Uma Civil,11.3,Silence,0.0,12.03,Silence,0.0,0.0,0.0,0.0,0.0,0.0,0.0,0.0,0.0,0.0,12.133,11.048,10.616,-115,-1.2
2026-07-11 06:56:19,Laboratorios Civil Superior,34.838,Silence,0.0,35.474,Silence,0.0,0.0,0.0,0.0,0.0,0.0,0.0,0.0,0.0,0.0,35.56,34.75,34.444,-96,8.8
2026-07-11 06:56:20,Laboratorios Civil Central,48.445,Group 1 (Common),80.295,49.735,Group 1 (Common),48.417,0.0,0.0,0.0,0.0,80.295,0.087,0.0,0.043,19.531,49.962,48.361,47.267,-99,6.2
2026-07-11 06:56:27,Salón - Extremo Eléctrica,17.993,Silence,0.0,18.776,Silence,0.0,0.0,0.0,0.0,0.0,0.0,0.0,0.0,0.0,0.0,18.67,18.061,16.977,-95,12.0
2026-07-11 06:56:45,Laboratorios Eléctrica Superior,16.659,Silence,0.0,17.504,Silence,0.0,0.0,0.0,0.0,0.0,0.0,0.0,0.0,0.0,0.0,17.636,16.786,15.356,-95,11.8
2026-07-11 07:00:34,Pasillo Salones Eléctrica,30.256,Silence,0.0,31.305,Silence,0.0,0.0,0.0,0.0,0.0,0.0,0.0,0.0,0.0,0.0,30.878,30.393,29.029,-90,13.8
2026-07-11 07:00:36,Pasillo Decanato Eléctrica,14.205,Silence,0.0,14.619,Silence,0.0,0.0,0.0,0.0,0.0,0.0,0.0,0.0,0.0,0.0,14.502,14.17,13.853,-117,-6.2
2026-07-11 07:00:49,Lobby Eléctrica,29.289,Silence,0.0,30.655,Silence,0.0,0.0,0.0,0.0,0.0,0.0,0.0,0.0,0.0,0.0,30.528,28.779,28.031,-113,2.5
2026-07-11 07:00:50,Pasillo Decanato Civil,21.267,Silence,0.0,22.025,Silence,0.0,0.0,0.0,0.0,0.0,0.0,0.0,0.0,0.0,0.0,22.24,21.217,20.232,-95,12.0
2026-07-11 07:00:56,Salón - Extremo Civil,14.22,Silence,0.0,15.709,Silence,0.0,0.0,0.0,0.0,0.0,0.0,0.0,0.0,0.0,0.0,14.807,14.243,13.632,-88,11.8
2026-07-11 07:01:03,Lobby Civil,50.787,Group 1 (Common),92.752,51.487,Group 1 (Common),50.354,0.0,0.0,0.0,0.0,92.752,2.648,0.13,0.434,3.863,51.893,50.922,47.758,-101,9.2
2026-07-11 07:01:15,Salón - Uma Civil,12.598,Silence,0.0,13.699,Silence,0.0,0.0,0.0,0.0,0.0,0.0,0.0,0.0,0.0,0.0,13.964,12.497,11.923,-101,11.3
2026-07-11 07:01:19,Laboratorios Civil Superior,36.504,Silence,0.0,39.381,Silence,0.0,0.0,0.0,0.0,0.0,0.0,0.0,0.0,0.0,0.0,40.631,34.899,34.34,-93,9.0
2026-07-11 07:01:20,Laboratorios Civil Central,49.356,Group 1 (Common),85.851,50.539,Group 1 (Common),49.145,0.0,0.0,0.0,0.0,85.851,1.389,0.13,0.043,12.63,50.742,49.384,47.571,-89,13.8
2026-07-11 07:01:27,Salón - Extremo Eléctrica,16.831,Silence,0.0,17.738,Silence,0.0,0.0,0.0,0.0,0.0,0.0,0.0,0.0,0.0,0.0,17.717,16.757,16.054,-81,11.8
2026-07-11 07:01:45,Laboratorios Eléctrica Superior,16.805,Silence,0.0,18.1,Silence,0.0,0.0,0.0,0.0,0.0,0.0,0.0,0.0,0.0,0.0,18.257,16.65,15.857,-99,12.5
2026-07-11 07:05:34,Pasillo Salones Eléctrica,30.494,Silence,0.0,31.2,Silence,0.0,0.0,0.0,0.0,0.0,0.0,0.0,0.0,0.0,0.0,31.201,30.5,29.796,-95,9.0
2026-07-11 07:05:36,Pasillo Decanato Eléctrica,14.107,Silence,0.0,14.749,Silence,0.0,0.0,0.0,0.0,0.0,0.0,0.0,0.0,0.0,0.0,14.692,14.06,13.637,-94,12.0
2026-07-11 07:05:49,Lobby Eléctrica,33.453,Silence,0.0,36.253,Silence,0.0,0.0,0.0,0.0,0.0,0.0,0.0,0.0,0.0,0.0,36.912,34.497,26.563,-115,-0.2
2026-07-11 07:05:50,Pasillo Decanato Civil,18.202,Silence,0.0,19.007,Silence,0.0,0.0,0.0,0.0,0.0,0.0,0.0,0.0,0.0,0.0,19.091,18.12,17.124,-105,9.5
2026-07-11 07:05:56,Salón - Extremo Civil,13.682,Silence,0.0,14.374,Silence,0.0,0.0,0.0,0.0,0.0,0.0,0.0,0.0,0.0,0.0,14.324,13.653,13.249,-91,13.0
2026-07-11 07:06:16,Salón - Uma Civil,11.097,Silence,0.0,11.974,Silence,0.0,0.0,0.0,0.0,0.0,0.0,0.0,0.0,0.0,0.0,12.042,10.962,10.307,-101,10.8
2026-07-11 07:06:19,Laboratorios Civil Superior,38.891,Silence,0.0,42.923,Silence,0.0,0.0,0.0,0.0,0.0,0.0,0.0,0.0,0.0,0.0,43.493,36.708,32.805,-95,10.0
2026-07-11 07:06:20,Laboratorios Civil Central,54.441,Group 1 (Common),80.686,58.406,Group 1 (Common),55.555,0.0,0.0,0.0,0.0,80.686,0.651,0.0,0.825,17.622,58.143,53.367,51.064,-90,13.5
2026-07-11 07:06:27,Salón - Extremo Eléctrica,16.718,Silence,0.0,17.322,Silence,0.0,0.0,0.0,0.0,0.0,0.0,0.0,0.0,0.0,0.0,17.158,16.811,15.903,-79,10.8
2026-07-11 07:06:45,Laboratorios Eléctrica Superior,14.192,Silence,0.0,15.244,Silence,0.0,0.0,0.0,0.0,0.0,0.0,0.0,0.0,0.0,0.0,15.596,14.365,13.135,-101,12.0
2026-07-11 07:10:34,Pasillo Salones Eléctrica,30.2,Silence,0.0,30.802,Silence,0.0,0.0,0.0,0.0,0.0,0.0,0.0,0.0,0.0,0.0,30.879,30.183,29.564,-97,9.0
2026-07-11 07:10:36,Pasillo Decanato Eléctrica,14.072,Silence,0.0,14.711,Silence,0.0,0.0,0.0,0.0,0.0,0.0,0.0,0.0,0.0,0.0,14.846,14.122,13.356,-107,-5.5
2026-07-11 07:10:49,Lobby Eléctrica,30.377,Silence,0.0,34.241,Silence,0.0,0.0,0.0,0.0,0.0,0.0,0.0,0.0,0.0,0.0,35.262,29.039,27.895,-113,5.8
2026-07-11 07:10:50,Pasillo Decanato Civil,18.353,Silence,0.0,19.129,Silence,0.0,0.0,0.0,0.0,0.0,0.0,0.0,0.0,0.0,0.0,19.35,18.186,16.994,-93,11.3
2026-07-11 07:10:56,Salón - Extremo Civil,14.215,Silence,0.0,15.112,Silence,0.0,0.0,0.0,0.0,0.0,0.0,0.0,0.0,0.0,0.0,14.802,14.426,12.761,-85,9.5
2026-07-11 07:10:57,Lobby Civil,54.829,Mixed,56.25,58.769,Group 1 (Common),53.791,42.231,53.535,0.0,0.0,56.25,34.115,5.729,1.476,2.561,59.925,52.719,40.788,-100,8.8
2026-07-11 07:11:15,Salón - Uma Civil,10.756,Silence,0.0,11.452,Silence,0.0,0.0,0.0,0.0,0.0,0.0,0.0,0.0,0.0,0.0,11.412,10.497,9.989,-114,0.5
2026-07-11 07:11:19,Laboratorios Civil Superior,30.533,Silence,0.0,31.554,Silence,0.0,0.0,0.0,0.0,0.0,0.0,0.0,0.0,0.0,0.0,31.708,30.485,28.912,-93,10.2
2026-07-11 07:11:25,Laboratorios Civil Central,45.974,Group 1 (Common),71.137,48.008,Group 1 (Common),46.459,0.0,0.0,0.0,0.0,71.137,4.514,2.604,0.087,21.745,47.79,45.725,44.101,-99,4.0
2026-07-11 07:11:27,Salón - Extremo Eléctrica,17.297,Silence,0.0,18.22,Silence,0.0,0.0,0.0,0.0,0.0,0.0,0.0,0.0,0.0,0.0,18.652,17.128,16.003,-78,12.0
2026-07-11 07:11:45,Laboratorios Eléctrica Superior,13.963,Silence,0.0,14.751,Silence,0.0,0.0,0.0,0.0,0.0,0.0,0.0,0.0,0.0,0.0,14.41,13.981,13.468,-93,2.5
2026-07-11 07:15:34,Pasillo Salones Eléctrica,30.572,Silence,0.0,31.537,Silence,0.0,0.0,0.0,0.0,0.0,0.0,0.0,0.0,0.0,0.0,31.386,30.378,29.765,-89,14.0
2026-07-11 07:15:36,Pasillo Decanato Eléctrica,14.301,Silence,0.0,14.945,Silence,0.0,0.0,0.0,0.0,0.0,0.0,0.0,0.0,0.0,0.0,14.831,14.224,13.375,-94,13.3
2026-07-11 07:15:49,Lobby Eléctrica,26.765,Silence,0.0,27.527,Silence,0.0,0.0,0.0,0.0,0.0,0.0,0.0,0.0,0.0,0.0,27.765,26.705,26.067,-107,6.5
2026-07-11 07:15:50,Pasillo Decanato Civil,19.401,Silence,0.0,20.759,Silence,0.0,0.0,0.0,0.0,0.0,0.0,0.0,0.0,0.0,0.0,21.015,19.09,18.382,-100,11.0
2026-07-11 07:15:56,Salón - Extremo Civil,13.743,Silence,0.0,14.344,Silence,0.0,0.0,0.0,0.0,0.0,0.0,0.0,0.0,0.0,0.0,14.219,13.743,12.697,-89,11.8
2026-07-11 07:15:57,Lobby Civil,39.691,Silence,0.0,42.091,Silence,0.0,0.0,0.0,0.0,0.0,0.0,0.0,0.0,0.0,0.0,42.516,38.498,38.021,-101,6.5
2026-07-11 07:16:16,Salón - Uma Civil,11.576,Silence,0.0,12.245,Silence,0.0,0.0,0.0,0.0,0.0,0.0,0.0,0.0,0.0,0.0,12.359,11.613,10.71,-102,10.3
2026-07-11 07:16:19,Laboratorios Civil Superior,34.768,Silence,0.0,35.739,Silence,0.0,0.0,0.0,0.0,0.0,0.0,0.0,0.0,0.0,0.0,35.657,34.848,33.657,-98,12.8
2026-07-11 07:16:20,Laboratorios Civil Central,49.304,Group 1 (Common),80.556,50.588,Group 1 (Common),49.381,0.0,0.0,0.0,47.948,80.556,0.087,0.434,0.0,18.793,50.403,49.139,47.833,-91,13.3
2026-07-11 07:16:27,Salón - Extremo Eléctrica,17.224,Silence,0.0,18.157,Silence,0.0,0.0,0.0,0.0,0.0,0.0,0.0,0.0,0.0,0.0,18.514,17.137,16.079,-97,12.2
2026-07-11 07:16:45,Laboratorios Eléctrica Superior,17.539,Silence,0.0,18.274,Silence,0.0,0.0,0.0,0.0,0.0,0.0,0.0,0.0,0.0,0.0,18.201,17.346,16.893,-97,12.2
2026-07-11 07:20:34,Pasillo Salones Eléctrica,29.99,Silence,0.0,30.939,Silence,0.0,0.0,0.0,0.0,0.0,0.0,0.0,0.0,0.0,0.0,31.35,29.731,29.452,-97,7.5
2026-07-11 07:20:36,Pasillo Decanato Eléctrica,14.793,Silence,0.0,16.824,Silence,0.0,0.0,0.0,0.0,0.0,0.0,0.0,0.0,0.0,0.0,17.75,14.089,13.941,-111,-2.0
2026-07-11 07:20:49,Lobby Eléctrica,39.313,Silence,0.0,39.997,Silence,0.0,0.0,0.0,0.0,0.0,0.0,0.0,0.0,0.0,0.0,39.997,39.247,38.329,-100,11.0
2026-07-11 07:20:50,Pasillo Decanato Civil,19.374,Silence,0.0,20.027,Silence,0.0,0.0,0.0,0.0,0.0,0.0,0.0,0.0,0.0,0.0,19.872,19.237,18.597,-100,8.8
2026-07-11 07:20:56,Salón - Extremo Civil,13.971,Silence,0.0,14.785,Silence,0.0,0.0,0.0,0.0,0.0,0.0,0.0,0.0,0.0,0.0,14.624,13.664,13.314,-90,11.5
2026-07-11 07:20:57,Lobby Civil,39.959,Silence,0.0,44.319,Silence,0.0,0.0,0.0,0.0,0.0,0.0,0.0,0.0,0.0,0.0,41.315,39.374,38.955,-102,7.8
2026-07-11 07:21:16,Salón - Uma Civil,13.772,Silence,0.0,21.578,Silence,0.0,0.0,0.0,0.0,0.0,0.0,0.0,0.0,0.0,0.0,23.862,10.916,10.355,-105,7.5
2026-07-11 07:21:19,Laboratorios Civil Superior,39.683,Silence,0.0,40.787,Silence,0.0,0.0,0.0,0.0,0.0,0.0,0.0,0.0,0.0,0.0,40.421,39.335,38.649,-103,10.5
2026-07-11 07:21:20,Laboratorios Civil Central,50.825,Mixed,53.906,52.554,Group 1 (Common),51.668,0.0,50.419,0.0,0.0,53.906,0.684,42.627,0.049,2.734,52.657,50.438,48.934,-103,2.0
2026-07-11 07:21:27,Salón - Extremo Eléctrica,17.684,Silence,0.0,18.287,Silence,0.0,0.0,0.0,0.0,0.0,0.0,0.0,0.0,0.0,0.0,18.528,17.837,16.802,-79,12.8
2026-07-11 07:21:45,Laboratorios Eléctrica Superior,15.571,Silence,0.0,16.356,Silence,0.0,0.0,0.0,0.0,0.0,0.0,0.0,0.0,0.0,0.0,16.534,15.448,15.124,-109,5.5
2026-07-11 07:25:34,Pasillo Salones Eléctrica,29.878,Silence,0.0,30.946,Silence,0.0,0.0,0.0,0.0,0.0,0.0,0.0,0.0,0.0,0.0,31.132,29.723,29.293,-99,9.8
2026-07-11 07:25:36,Pasillo Decanato Eléctrica,14.668,Silence,0.0,15.292,Silence,0.0,0.0,0.0,0.0,0.0,0.0,0.0,0.0,0.0,0.0,15.321,14.569,14.144,-93,13.3
2026-07-11 07:25:49,Lobby Eléctrica,30.299,Silence,0.0,35.169,Silence,0.0,0.0,0.0,0.0,0.0,0.0,0.0,0.0,0.0,0.0,33.267,30.312,27.94,-109,4.8
2026-07-11 07:25:50,Pasillo Decanato Civil,19.26,Silence,0.0,20.115,Silence,0.0,0.0,0.0,0.0,0.0,0.0,0.0,0.0,0.0,0.0,19.733,19.114,18.785,-103,11.0
2026-07-11 07:25:56,Salón - Extremo Civil,14.466,Silence,0.0,15.006,Silence,0.0,0.0,0.0,0.0,0.0,0.0,0.0,0.0,0.0,0.0,15.264,14.328,13.792,-90,13.2
2026-07-11 07:25:57,Lobby Civil,47.075,Group 1 (Common),76.302,51.007,Group 1 (Common),48.008,0.0,0.0,0.0,0.0,76.302,14.453,0.0,1.476,7.726,50.796,44.843,39.265,-86,14.5
2026-07-11 07:26:15,Salón - Uma Civil,11.962,Silence,0.0,13.25,Silence,0.0,0.0,0.0,0.0,0.0,0.0,0.0,0.0,0.0,0.0,12.796,11.813,11.314,-115,-2.5
2026-07-11 07:26:19,Laboratorios Civil Superior,31.307,Silence,0.0,32.493,Silence,0.0,0.0,0.0,0.0,0.0,0.0,0.0,0.0,0.0,0.0,32.729,31.064,30.294,-99,12.0
2026-07-11 07:26:20,Laboratorios Civil Central,46.647,Mixed,51.997,47.626,Group 1 (Common),46.72,0.0,0.0,0.0,46.859,51.997,1.042,4.688,0.043,42.101,47.77,46.609,45.494,-96,13.0
2026-07-11 07:26:27,Salón - Extremo Eléctrica,19.617,Silence,0.0,20.866,Silence,0.0,0.0,0.0,0.0,0.0,0.0,0.0,0.0,0.0,0.0,21.087,19.431,18.24,-78,13.0
2026-07-11 07:26:45,Laboratorios Eléctrica Superior,16.096,Silence,0.0,17.049,Silence,0.0,0.0,0.0,0.0,0.0,0.0,0.0,0.0,0.0,0.0,17.194,15.986,14.115,-92,12.3
2026-07-11 07:30:34,Pasillo Salones Eléctrica,29.952,Silence,0.0,30.689,Silence,0.0,0.0,0.0,0.0,0.0,0.0,0.0,0.0,0.0,0.0,30.715,30.078,28.637,-89,11.5
2026-07-11 07:30:36,Pasillo Decanato Eléctrica,14.378,Silence,0.0,15.463,Silence,0.0,0.0,0.0,0.0,0.0,0.0,0.0,0.0,0.0,0.0,15.01,14.33,13.747,-93,13.5
2026-07-11 07:30:49,Lobby Eléctrica,34.751,Silence,0.0,39.041,Silence,0.0,0.0,0.0,0.0,0.0,0.0,0.0,0.0,0.0,0.0,41.512,34.204,29.794,-104,9.3
2026-07-11 07:30:50,Pasillo Decanato Civil,18.768,Silence,0.0,19.882,Silence,0.0,0.0,0.0,0.0,0.0,0.0,0.0,0.0,0.0,0.0,20.139,18.769,17.813,-96,9.0
2026-07-11 07:30:56,Salón - Extremo Civil,14.64,Silence,0.0,15.39,Silence,0.0,0.0,0.0,0.0,0.0,0.0,0.0,0.0,0.0,0.0,15.341,14.615,13.308,-91,13.8
2026-07-11 07:30:57,Lobby Civil,41.937,Silence,0.0,42.679,Silence,0.0,0.0,0.0,0.0,0.0,0.0,0.0,0.0,0.0,0.0,42.768,41.885,41.02,-97,9.2
2026-07-11 07:31:16,Salón - Uma Civil,11.365,Silence,0.0,11.865,Silence,0.0,0.0,0.0,0.0,0.0,0.0,0.0,0.0,0.0,0.0,11.813,11.393,10.601,-110,4.3
2026-07-11 07:31:19,Laboratorios Civil Superior,35.592,Silence,0.0,36.278,Silence,0.0,0.0,0.0,0.0,0.0,0.0,0.0,0.0,0.0,0.0,36.129,35.667,34.123,-101,11.3
2026-07-11 07:31:20,Laboratorios Civil Central,47.932,Mixed,66.58,49.289,Group 1 (Common),48.274,0.0,0.0,0.0,47.473,66.58,0.13,0.0,0.0,33.16,48.792,47.735,46.906,-105,7.5
2026-07-11 07:31:27,Salón - Extremo Eléctrica,27.906,Silence,0.0,29.52,Silence,0.0,0.0,0.0,0.0,0.0,0.0,0.0,0.0,0.0,0.0,28.541,27.91,26.636,-78,12.0
2026-07-11 07:31:45,Laboratorios Eléctrica Superior,17.435,Silence,0.0,18.327,Silence,0.0,0.0,0.0,0.0,0.0,0.0,0.0,0.0,0.0,0.0,18.413,17.446,16.737,-95,11.8
2026-07-11 07:35:34,Pasillo Salones Eléctrica,30.658,Silence,0.0,31.932,Silence,0.0,0.0,0.0,0.0,0.0,0.0,0.0,0.0,0.0,0.0,31.585,30.654,29.558,-89,14.0
2026-07-11 07:35:38,Pasillo Decanato Eléctrica,15.836,Silence,0.0,16.719,Silence,0.0,0.0,0.0,0.0,0.0,0.0,0.0,0.0,0.0,0.0,16.554,15.841,14.759,-94,12.8
2026-07-11 07:35:49,Lobby Eléctrica,29.217,Silence,0.0,30.561,Silence,0.0,0.0,0.0,0.0,0.0,0.0,0.0,0.0,0.0,0.0,30.938,29.186,27.613,-99,10.5
2026-07-11 07:35:50,Pasillo Decanato Civil,19.089,Silence,0.0,19.837,Silence,0.0,0.0,0.0,0.0,0.0,0.0,0.0,0.0,0.0,0.0,19.547,19.068,18.576,-98,10.0
2026-07-11 07:35:56,Salón - Extremo Civil,14.606,Silence,0.0,15.329,Silence,0.0,0.0,0.0,0.0,0.0,0.0,0.0,0.0,0.0,0.0,15.037,14.638,13.967,-86,12.0
2026-07-11 07:35:57,Lobby Civil,41.012,Silence,0.0,41.381,Silence,0.0,0.0,0.0,0.0,0.0,0.0,0.0,0.0,0.0,0.0,41.55,41.089,40.046,-85,13.8
2026-07-11 07:36:15,Salón - Uma Civil,30.425,Silence,0.0,38.494,Silence,0.0,0.0,0.0,0.0,0.0,0.0,0.0,0.0,0.0,0.0,38.299,21.722,14.95,-106,-0.5
2026-07-11 07:36:19,Laboratorios Civil Superior,37.217,Silence,0.0,39.204,Silence,0.0,0.0,0.0,0.0,0.0,0.0,0.0,0.0,0.0,0.0,39.451,36.812,35.187,-94,8.5
2026-07-11 07:36:20,Laboratorios Civil Central,47.437,Mixed,66.319,48.848,Group 1 (Common),47.288,0.0,0.0,0.0,47.035,66.319,0.304,2.17,0.0,31.12,49.526,47.115,46.325,-105,5.2
2026-07-11 07:36:27,Salón - Extremo Eléctrica,28.29,Silence,0.0,29.815,Silence,0.0,0.0,0.0,0.0,0.0,0.0,0.0,0.0,0.0,0.0,29.789,28.2,26.747,-77,10.3
2026-07-11 07:36:45,Laboratorios Eléctrica Superior,16.398,Silence,0.0,17.364,Silence,0.0,0.0,0.0,0.0,0.0,0.0,0.0,0.0,0.0,0.0,17.09,16.398,14.893,-95,11.8
2026-07-11 07:40:34,Pasillo Salones Eléctrica,30.327,Silence,0.0,31.178,Silence,0.0,0.0,0.0,0.0,0.0,0.0,0.0,0.0,0.0,0.0,31.172,30.284,29.616,-97,9.0
2026-07-11 07:40:36,Pasillo Decanato Eléctrica,14.423,Silence,0.0,15.016,Silence,0.0,0.0,0.0,0.0,0.0,0.0,0.0,0.0,0.0,0.0,15.105,14.335,14.119,-93,13.3
2026-07-11 07:40:49,Lobby Eléctrica,30.042,Silence,0.0,30.969,Silence,0.0,0.0,0.0,0.0,0.0,0.0,0.0,0.0,0.0,0.0,30.602,30.189,29.228,-108,0.8
2026-07-11 07:41:00,Pasillo Decanato Civil,20.1,Silence,0.0,21.287,Silence,0.0,0.0,0.0,0.0,0.0,0.0,0.0,0.0,0.0,0.0,21.379,20.14,19.249,-102,9.5
2026-07-11 07:41:00,Salón - Extremo Civil,20.599,Silence,0.0,29.401,Silence,0.0,0.0,0.0,0.0,0.0,0.0,0.0,0.0,0.0,0.0,24.063,19.753,18.462,-90,12.8
2026-07-11 07:41:00,Lobby Civil,44.381,Silence,0.0,44.976,Silence,0.0,0.0,0.0,0.0,0.0,0.0,0.0,0.0,0.0,0.0,45.009,44.369,43.731,-88,14.3
2026-07-11 07:41:16,Salón - Uma Civil,43.671,Silence,0.0,46.492,Silence,0.0,0.0,0.0,0.0,0.0,0.0,0.0,0.0,0.0,0.0,47.526,44.204,38.206,-99,12.0
2026-07-11 07:41:19,Laboratorios Civil Superior,32.042,Silence,0.0,33.362,Silence,0.0,0.0,0.0,0.0,0.0,0.0,0.0,0.0,0.0,0.0,33.623,32.013,29.971,-100,11.5
2026-07-11 07:41:20,Laboratorios Civil Central,46.992,Mixed,59.852,48.307,Group 1 (Common),47.21,0.0,0.0,0.0,45.939,59.852,0.781,0.651,0.043,38.628,48.541,47.033,45.154,-100,8.8
2026-07-11 07:41:27,Salón - Extremo Eléctrica,29.245,Silence,0.0,30.1,Silence,0.0,0.0,0.0,0.0,0.0,0.0,0.0,0.0,0.0,0.0,30.295,29.501,28.061,-80,12.0
2026-07-11 07:41:45,Laboratorios Eléctrica Superior,15.793,Silence,0.0,16.842,Silence,0.0,0.0,0.0,0.0,0.0,0.0,0.0,0.0,0.0,0.0,16.667,15.898,15.131,-103,10.8
2026-07-11 07:45:34,Pasillo Salones Eléctrica,37.369,Silence,0.0,42.535,Silence,0.0,0.0,0.0,0.0,0.0,0.0,0.0,0.0,0.0,0.0,42.374,34.451,32.083,-89,13.8
2026-07-11 07:45:36,Pasillo Decanato Eléctrica,15.289,Silence,0.0,15.863,Silence,0.0,0.0,0.0,0.0,0.0,0.0,0.0,0.0,0.0,0.0,15.989,15.219,14.57,-92,13.3
2026-07-11 07:45:49,Lobby Eléctrica,36.612,Silence,0.0,39.381,Silence,0.0,0.0,0.0,0.0,0.0,0.0,0.0,0.0,0.0,0.0,40.422,36.125,33.128,-109,2.2
2026-07-11 07:45:50,Pasillo Decanato Civil,18.155,Silence,0.0,19.409,Silence,0.0,0.0,0.0,0.0,0.0,0.0,0.0,0.0,0.0,0.0,19.322,17.79,17.419,-102,9.8
2026-07-11 07:45:56,Salón - Extremo Civil,15.192,Silence,0.0,15.629,Silence,0.0,0.0,0.0,0.0,0.0,0.0,0.0,0.0,0.0,0.0,15.597,15.108,14.822,-90,11.0
2026-07-11 07:45:57,Lobby Civil,45.868,Mixed,67.925,47.793,Group 2 (Impact),47.367,47.463,0.0,0.0,45.853,13.932,14.714,1.519,1.953,67.925,47.844,45.287,43.86,-101,7.8
2026-07-11 07:46:16,Salón - Uma Civil,37.573,Silence,0.0,45.357,Silence,0.0,0.0,0.0,0.0,0.0,0.0,0.0,0.0,0.0,0.0,46.227,26.309,14.736,-102,10.3
2026-07-11 07:46:20,Laboratorios Civil Superior,34.914,Silence,0.0,35.631,Silence,0.0,0.0,0.0,0.0,0.0,0.0,0.0,0.0,0.0,0.0,35.288,34.912,34.484,-93,10.0
2026-07-11 07:46:20,Laboratorios Civil Central,48.494,Group 1 (Common),85.547,49.418,Group 1 (Common),48.249,0.0,0.0,0.0,0.0,85.547,0.13,0.0,0.043,14.106,49.335,48.302,47.53,-104,6.8
2026-07-11 07:46:27,Salón - Extremo Eléctrica,24.282,Silence,0.0,24.868,Silence,0.0,0.0,0.0,0.0,0.0,0.0,0.0,0.0,0.0,0.0,25.072,24.326,23.385,-95,11.5
2026-07-11 07:46:45,Laboratorios Eléctrica Superior,18.614,Silence,0.0,19.413,Silence,0.0,0.0,0.0,0.0,0.0,0.0,0.0,0.0,0.0,0.0,19.357,18.615,17.393,-93,12.0
2026-07-11 07:50:34,Pasillo Salones Eléctrica,30.88,Silence,0.0,31.768,Silence,0.0,0.0,0.0,0.0,0.0,0.0,0.0,0.0,0.0,0.0,31.535,30.723,29.856,-97,8.8
2026-07-11 07:50:36,Pasillo Decanato Eléctrica,15.381,Silence,0.0,15.961,Silence,0.0,0.0,0.0,0.0,0.0,0.0,0.0,0.0,0.0,0.0,16.002,15.381,14.77,-92,11.5
2026-07-11 07:50:49,Lobby Eléctrica,30.8,Silence,0.0,31.693,Silence,0.0,0.0,0.0,0.0,0.0,0.0,0.0,0.0,0.0,0.0,31.32,30.984,29.981,-105,8.8
2026-07-11 07:50:50,Pasillo Decanato Civil,21.869,Silence,0.0,23.543,Silence,0.0,0.0,0.0,0.0,0.0,0.0,0.0,0.0,0.0,0.0,22.946,21.973,21.055,-92,11.3
2026-07-11 07:50:56,Salón - Extremo Civil,18.032,Silence,0.0,19.156,Silence,0.0,0.0,0.0,0.0,0.0,0.0,0.0,0.0,0.0,0.0,19.032,17.916,16.856,-91,13.5
2026-07-11 07:50:57,Lobby Civil,44.434,Silence,0.0,45.791,Silence,0.0,0.0,0.0,0.0,0.0,0.0,0.0,0.0,0.0,0.0,46.269,44.179,43.274,-86,11.0
2026-07-11 07:51:16,Salón - Uma Civil,17.28,Silence,0.0,18.976,Silence,0.0,0.0,0.0,0.0,0.0,0.0,0.0,0.0,0.0,0.0,19.276,16.813,15.266,-100,11.3
2026-07-11 07:51:19,Laboratorios Civil Superior,53.83,Mixed,57.899,55.2,Group 5 (Vehicle),0.0,54.165,52.411,0.0,54.11,0.608,57.899,14.714,0.0,26.866,55.443,53.638,52.264,-98,12.8
2026-07-11 07:51:20,Laboratorios Civil Central,65.645,Group 1 (Common),99.392,67.076,Group 1 (Common),65.791,0.0,0.0,0.0,0.0,99.392,0.217,0.0,0.174,0.0,67.27,65.716,63.495,-102,7.8
2026-07-11 07:51:27,Salón - Extremo Eléctrica,22.971,Silence,0.0,25.016,Silence,0.0,0.0,0.0,0.0,0.0,0.0,0.0,0.0,0.0,0.0,25.314,21.992,20.822,-95,12.0
2026-07-11 07:51:45,Laboratorios Eléctrica Superior,54.047,Mixed,64.931,62.732,Group 2 (Impact),42.146,45.648,0.0,0.0,0.0,17.101,64.931,4.253,0.304,13.368,64.864,40.839,32.526,-91,14.5
2026-07-11 07:55:34,Pasillo Salones Eléctrica,30.515,Silence,0.0,31.127,Silence,0.0,0.0,0.0,0.0,0.0,0.0,0.0,0.0,0.0,0.0,30.781,30.599,30.137,-97,8.5
2026-07-11 07:55:36,Pasillo Decanato Eléctrica,15.654,Silence,0.0,16.304,Silence,0.0,0.0,0.0,0.0,0.0,0.0,0.0,0.0,0.0,0.0,16.522,15.574,14.924,-92,13.5
2026-07-11 07:55:49,Lobby Eléctrica,32.367,Silence,0.0,33.231,Silence,0.0,0.0,0.0,0.0,0.0,0.0,0.0,0.0,0.0,0.0,33.55,32.483,30.864,-113,-2.5
2026-07-11 07:55:50,Pasillo Decanato Civil,22.805,Silence,0.0,25.767,Silence,0.0,0.0,0.0,0.0,0.0,0.0,0.0,0.0,0.0,0.0,24.321,23.109,21.143,-88,14.8
2026-07-11 07:55:56,Salón - Extremo Civil,17.398,Silence,0.0,18.174,Silence,0.0,0.0,0.0,0.0,0.0,0.0,0.0,0.0,0.0,0.0,18.238,17.56,16.3,-87,10.5
2026-07-11 07:55:57,Lobby Civil,66.205,Group 1 (Common),71.571,70.799,Group 1 (Common),66.71,0.0,60.179,61.61,0.0,71.571,0.477,10.373,16.97,0.521,71.665,65.466,58.922,-90,13.5
2026-07-11 07:56:16,Salón - Uma Civil,17.437,Silence,0.0,18.199,Silence,0.0,0.0,0.0,0.0,0.0,0.0,0.0,0.0,0.0,0.0,17.945,17.458,16.541,-106,8.5
2026-07-11 07:56:19,Laboratorios Civil Superior,30.965,Silence,0.0,32.131,Silence,0.0,0.0,0.0,0.0,0.0,0.0,0.0,0.0,0.0,0.0,31.768,30.785,30.364,-101,11.5
2026-07-11 07:56:20,Laboratorios Civil Central,46.567,Mixed,56.12,47.772,Group 1 (Common),46.543,0.0,0.0,0.0,46.29,56.12,1.866,1.042,0.0,40.625,47.788,46.432,45.253,-90,13.5
2026-07-11 07:56:27,Salón - Extremo Eléctrica,19.02,Silence,0.0,20.022,Silence,0.0,0.0,0.0,0.0,0.0,0.0,0.0,0.0,0.0,0.0,20.235,19.15,17.954,-78,11.5
2026-07-11 07:56:45,Laboratorios Eléctrica Superior,26.969,Silence,0.0,38.511,Silence,0.0,0.0,0.0,0.0,0.0,0.0,0.0,0.0,0.0,0.0,34.718,25.178,19.489,-95,12.2
2026-07-11 08:00:34,Pasillo Salones Eléctrica,29.818,Silence,0.0,30.637,Silence,0.0,0.0,0.0,0.0,0.0,0.0,0.0,0.0,0.0,0.0,30.521,29.792,29.029,-97,7.0
2026-07-11 08:00:36,Pasillo Decanato Eléctrica,14.592,Silence,0.0,15.473,Silence,0.0,0.0,0.0,0.0,0.0,0.0,0.0,0.0,0.0,0.0,15.005,14.615,13.622,-115,-5.2
2026-07-11 08:00:49,Lobby Eléctrica,33.411,Silence,0.0,35.133,Silence,0.0,0.0,0.0,0.0,0.0,0.0,0.0,0.0,0.0,0.0,35.46,32.984,31.287,-108,6.8
2026-07-11 08:00:50,Pasillo Decanato Civil,22.885,Silence,0.0,26.082,Silence,0.0,0.0,0.0,0.0,0.0,0.0,0.0,0.0,0.0,0.0,24.37,23.035,21.369,-89,12.5
2026-07-11 08:00:56,Salón - Extremo Civil,15.539,Silence,0.0,16.035,Silence,0.0,0.0,0.0,0.0,0.0,0.0,0.0,0.0,0.0,0.0,16.018,15.609,15.089,-84,13.0
2026-07-11 08:00:57,Lobby Civil,52.301,Group 1 (Common),70.801,56.432,Group 1 (Common),52.742,53.24,0.0,0.0,0.0,70.801,19.482,0.732,3.125,5.859,56.521,50.727,46.332,-107,8.5
2026-07-11 08:01:16,Salón - Uma Civil,48.336,Mixed,68.446,55.691,Group 3 (Rotary Tool),0.0,42.189,52.986,0.0,0.0,0.0,68.446,30.035,0.043,1.389,56.908,37.213,25.082,-109,4.0
2026-07-11 08:01:19,Laboratorios Civil Superior,35.004,Silence,0.0,35.597,Silence,0.0,0.0,0.0,0.0,0.0,0.0,0.0,0.0,0.0,0.0,35.535,35.049,34.048,-99,11.8
2026-07-11 08:01:20,Laboratorios Civil Central,48.725,Group 1 (Common),94.043,49.588,Group 1 (Common),48.753,0.0,0.0,0.0,0.0,94.043,1.66,0.0,0.098,4.248,49.982,48.153,47.793,-88,14.0
2026-07-11 08:01:27,Salón - Extremo Eléctrica,23.995,Silence,0.0,24.818,Silence,0.0,0.0,0.0,0.0,0.0,0.0,0.0,0.0,0.0,0.0,24.903,24.009,23.067,-78,11.8
2026-07-11 08:01:45,Laboratorios Eléctrica Superior,19.806,Silence,0.0,21.203,Silence,0.0,0.0,0.0,0.0,0.0,0.0,0.0,0.0,0.0,0.0,21.481,19.347,18.545,-102,9.8
2026-07-11 08:05:34,Pasillo Salones Eléctrica,31.53,Silence,0.0,33.279,Silence,0.0,0.0,0.0,0.0,0.0,0.0,0.0,0.0,0.0,0.0,33.288,30.858,29.707,-88,13.8
2026-07-11 08:05:36,Pasillo Decanato Eléctrica,15.57,Silence,0.0,16.197,Silence,0.0,0.0,0.0,0.0,0.0,0.0,0.0,0.0,0.0,0.0,16.461,15.351,14.965,-119,-4.2
2026-07-11 08:05:49,Lobby Eléctrica,33.652,Silence,0.0,35.704,Silence,0.0,0.0,0.0,0.0,0.0,0.0,0.0,0.0,0.0,0.0,34.621,33.331,32.788,-100,11.3
2026-07-11 08:05:50,Pasillo Decanato Civil,19.144,Silence,0.0,19.778,Silence,0.0,0.0,0.0,0.0,0.0,0.0,0.0,0.0,0.0,0.0,19.6,19.172,18.255,-87,11.5
2026-07-11 08:05:56,Salón - Extremo Civil,15.139,Silence,0.0,15.971,Silence,0.0,0.0,0.0,0.0,0.0,0.0,0.0,0.0,0.0,0.0,15.831,15.263,14.399,-86,12.3
2026-07-11 08:05:57,Lobby Civil,44.762,Silence,0.0,46.751,Silence,0.0,0.0,0.0,0.0,0.0,0.0,0.0,0.0,0.0,0.0,47.076,45.113,40.682,-87,13.3
2026-07-11 08:06:16,Salón - Uma Civil,17.369,Silence,0.0,24.433,Silence,0.0,0.0,0.0,0.0,0.0,0.0,0.0,0.0,0.0,0.0,20.291,17.08,14.45,-114,-5.2
2026-07-11 08:06:19,Laboratorios Civil Superior,38.806,Silence,0.0,39.524,Silence,0.0,0.0,0.0,0.0,0.0,0.0,0.0,0.0,0.0,0.0,40.079,38.778,37.656,-95,13.8
2026-07-11 08:06:20,Laboratorios Civil Central,53.328,Group 1 (Common),99.175,55.95,Group 1 (Common),52.883,0.0,0.0,0.0,0.0,99.175,0.217,0.087,0.0,0.26,56.503,51.842,50.424,-103,2.8
2026-07-11 08:06:27,Salón - Extremo Eléctrica,19.076,Silence,0.0,19.797,Silence,0.0,0.0,0.0,0.0,0.0,0.0,0.0,0.0,0.0,0.0,20.067,19.03,18.397,-99,12.8
2026-07-11 08:06:45,Laboratorios Eléctrica Superior,16.735,Silence,0.0,19.398,Silence,0.0,0.0,0.0,0.0,0.0,0.0,0.0,0.0,0.0,0.0,19.341,16.717,14.962,-97,10.3
2026-07-11 08:10:34,Pasillo Salones Eléctrica,36.736,Silence,0.0,40.362,Silence,0.0,0.0,0.0,0.0,0.0,0.0,0.0,0.0,0.0,0.0,40.976,35.109,33.093,-90,13.3
2026-07-11 08:10:36,Pasillo Decanato Eléctrica,17.541,Silence,0.0,21.555,Silence,0.0,0.0,0.0,0.0,0.0,0.0,0.0,0.0,0.0,0.0,20.635,17.037,14.761,-93,12.8
2026-07-11 08:10:49,Lobby Eléctrica,51.366,Mixed,35.634,55.702,Group 1 (Common),50.512,0.0,46.07,0.0,47.351,33.116,10.373,20.66,0.13,35.634,55.985,48.949,43.861,-111,4.0
2026-07-11 08:10:50,Pasillo Decanato Civil,22.361,Silence,0.0,23.334,Silence,0.0,0.0,0.0,0.0,0.0,0.0,0.0,0.0,0.0,0.0,23.151,22.409,21.619,-108,8.8
2026-07-11 08:10:56,Salón - Extremo Civil,18.193,Silence,0.0,19.12,Silence,0.0,0.0,0.0,0.0,0.0,0.0,0.0,0.0,0.0,0.0,19.212,18.162,17.296,-90,13.0
2026-07-11 08:10:57,Lobby Civil,57.884,Group 1 (Common),77.387,59.396,Group 1 (Common),57.335,57.315,0.0,0.0,0.0,77.387,4.34,1.345,2.257,14.627,59.577,57.523,56.344,-102,8.8
2026-07-11 08:11:16,Salón - Uma Civil,15.564,Silence,0.0,18.03,Silence,0.0,0.0,0.0,0.0,0.0,0.0,0.0,0.0,0.0,0.0,18.295,14.502,13.206,-119,-4.5
2026-07-11 08:11:19,Laboratorios Civil Superior,39.436,Silence,0.0,40.723,Silence,0.0,0.0,0.0,0.0,0.0,0.0,0.0,0.0,0.0,0.0,41.207,39.245,38.469,-93,13.0
2026-07-11 08:11:20,Laboratorios Civil Central,50.809,Group 3 (Rotary Tool),75.304,51.695,Group 1 (Common),50.697,0.0,50.643,0.0,0.0,23.915,0.564,75.304,0.043,0.13,51.89,50.675,49.354,-95,13.8
2026-07-11 08:11:27,Salón - Extremo Eléctrica,51.418,Mixed,37.543,58.533,Group 4 (Person),33.826,45.454,0.0,57.619,0.0,37.543,29.253,0.043,22.917,10.2,61.157,36.637,31.578,-93,11.8
2026-07-11 08:11:45,Laboratorios Eléctrica Superior,15.357,Silence,0.0,21.602,Silence,0.0,0.0,0.0,0.0,0.0,0.0,0.0,0.0,0.0,0.0,17.689,15.053,13.706,-90,11.8
2026-07-11 08:15:34,Pasillo Salones Eléctrica,64.004,Group 1 (Common),99.132,68.87,Group 1 (Common),65.196,0.0,0.0,0.0,0.0,99.132,0.0,0.0,0.608,0.0,68.67,62.959,58.965,-99,8.5
2026-07-11 08:15:36,Pasillo Decanato Eléctrica,16.037,Silence,0.0,16.891,Silence,0.0,0.0,0.0,0.0,0.0,0.0,0.0,0.0,0.0,0.0,17.403,16.059,14.899,-93,12.8
2026-07-11 08:15:49,Lobby Eléctrica,47.378,Mixed,57.682,51.537,Group 4 (Person),47.229,47.939,0.0,50.507,0.0,24.219,57.682,0.0,17.622,0.521,51.463,47.532,41.713,-112,2.8
2026-07-11 08:15:50,Pasillo Decanato Civil,21.007,Silence,0.0,22.144,Silence,0.0,0.0,0.0,0.0,0.0,0.0,0.0,0.0,0.0,0.0,22.273,21.175,20.292,-103,10.2
2026-07-11 08:15:56,Salón - Extremo Civil,29.716,Silence,0.0,34.159,Silence,0.0,0.0,0.0,0.0,0.0,0.0,0.0,0.0,0.0,0.0,35.093,28.657,23.377,-87,11.5
2026-07-11 08:15:57,Lobby Civil,56.347,Mixed,53.038,62.281,Group 1 (Common),56.374,49.904,0.0,0.0,0.0,53.038,25.217,0.26,3.559,17.839,63.839,50.871,49.847,-101,8.5
2026-07-11 08:16:16,Salón - Uma Civil,32.772,Silence,0.0,40.369,Silence,0.0,0.0,0.0,0.0,0.0,0.0,0.0,0.0,0.0,0.0,40.218,25.632,23.113,-99,11.8
2026-07-11 08:16:19,Laboratorios Civil Superior,35.579,Silence,0.0,36.097,Silence,0.0,0.0,0.0,0.0,0.0,0.0,0.0,0.0,0.0,0.0,36.137,35.431,35.185,-95,13.0
2026-07-11 08:16:20,Laboratorios Civil Central,49.374,Group 1 (Common),85.503,50.226,Group 1 (Common),49.429,0.0,0.0,0.0,0.0,85.503,0.391,0.0,0.0,14.063,50.223,49.746,47.256,-98,8.0
2026-07-11 08:16:27,Salón - Extremo Eléctrica,38.892,Silence,0.0,41.245,Silence,0.0,0.0,0.0,0.0,0.0,0.0,0.0,0.0,0.0,0.0,41.454,39.117,35.917,-77,10.8
2026-07-11 08:16:45,Laboratorios Eléctrica Superior,29.707,Silence,0.0,35.268,Silence,0.0,0.0,0.0,0.0,0.0,0.0,0.0,0.0,0.0,0.0,35.614,25.334,20.353,-93,11.5
