time,deviceName,Lmax_dB,Lmax_class,LAeq1min_dB,LAeq_Background Noise,LAeq_People,LAeq_Vehicle,pct_Background Noise,pct_People,pct_Vehicle,P10_dB,P50_dB,P90_dB,rssi,snr
2026-04-12 00:00:39,Pasillo de Laboratorio - Ala Superior (E),50.2,Background Noise,41.3,41.3,0.0,0.0,100.0,0.0,0.0,40.0,40.0,43.3,-109,6.3
2026-04-12 00:00:54,Pasillo de Laboratorio (E),59.8,People,53.5,52.8,53.5,0.0,2.2,97.8,0.0,48.9,52.7,56.2,-97,12.3
2026-04-12 00:02:31,Pasillo Administrativo (E),86.1,Background Noise,55.5,55.5,0.0,0.0,100.0,0.0,0.0,40.0,40.0,40.0,-102,8.5
2026-04-12 00:02:38,Main Lobby (E),48.5,Background Noise,42.9,42.9,0.0,0.0,100.0,0.0,0.0,40.0,42.3,45.0,-96,12.5
2026-04-12 00:02:44,Pasillo de Salones (E),60.4,Background Noise,52.1,52.1,48.8,0.0,99.6,0.4,0.0,46.6,49.9,55.7,-107,3.0
2026-04-12 00:03:16,Salón - Extremo (E),51.1,Background Noise,42.3,42.3,0.0,0.0,100.0,0.0,0.0,40.0,40.2,44.9,-113,1.8
2026-04-12 00:03:46,Pasillo de Laboratorio - Ala Inferior (E),77.1,Background Noise,49.0,49.0,0.0,0.0,100.0,0.0,0.0,40.0,42.4,47.4,-108,5.2
2026-04-12 00:05:39,Pasillo de Laboratorio - Ala Superior (E),48.6,Background Noise,41.4,41.4,0.0,0.0,100.0,0.0,0.0,40.0,40.0,43.6,-106,7.0
2026-04-12 00:05:54,Pasillo de Laboratorio (E),61.1,People,53.7,53.3,53.7,0.0,2.3,97.7,0.0,48.9,53.0,56.1,-115,-8.0
2026-04-12 00:07:31,Pasillo Administrativo (E),88.0,Background Noise,57.3,57.3,0.0,0.0,100.0,0.0,0.0,40.0,40.0,40.0,-113,2.8
2026-04-12 00:07:38,Main Lobby (E),50.7,People,43.1,43.0,44.3,0.0,92.2,7.8,0.0,40.1,42.6,45.2,-103,8.8
2026-04-12 00:07:44,Pasillo de Salones (E),60.5,Background Noise,52.1,52.2,47.4,0.0,99.3,0.7,0.0,46.7,50.0,55.7,-103,9.8
2026-04-12 00:08:16,Salón - Extremo (E),54.0,Background Noise,42.3,42.3,0.0,0.0,100.0,0.0,0.0,40.0,40.0,44.9,-99,11.8
2026-04-12 00:08:20,Salón - Uma (E),68.9,Background Noise,61.7,61.7,60.9,0.0,92.8,7.2,0.0,57.6,61.2,64.1,-119,-4.0
2026-04-12 00:08:46,Pasillo de Laboratorio - Ala Inferior (E),77.8,Background Noise,49.0,49.0,0.0,0.0,100.0,0.0,0.0,40.0,42.4,46.8,-101,11.3
2026-04-12 00:10:39,Pasillo de Laboratorio - Ala Superior (E),48.6,Background Noise,41.4,41.4,0.0,0.0,100.0,0.0,0.0,40.0,40.0,43.4,-100,11.5
2026-04-12 00:10:54,Pasillo de Laboratorio (E),59.4,People,53.7,53.3,53.7,0.0,2.0,98.0,0.0,48.9,53.0,56.4,-97,11.3
2026-04-12 00:12:31,Pasillo Administrativo (E),85.8,Background Noise,55.2,55.2,0.0,0.0,100.0,0.0,0.0,40.0,40.0,40.0,-105,8.8
2026-04-12 00:12:39,Main Lobby (E),51.9,Background Noise,44.2,44.1,46.9,0.0,98.2,1.8,0.0,40.2,43.1,47.0,-102,7.5
2026-04-12 00:12:45,Pasillo de Salones (E),59.3,Background Noise,51.9,51.9,53.0,0.0,99.7,0.3,0.0,46.5,49.9,55.5,-105,-1.2
2026-04-12 00:13:16,Salón - Extremo (E),54.8,Background Noise,42.3,42.3,0.0,0.0,100.0,0.0,0.0,40.0,40.0,44.9,-93,13.0
2026-04-12 00:13:20,Salón - Uma (E),68.6,Background Noise,61.6,61.6,61.5,0.0,91.7,8.3,0.0,57.4,60.9,64.4,-114,2.8
2026-04-12 00:13:47,Pasillo de Laboratorio - Ala Inferior (E),77.3,Background Noise,48.8,48.8,0.0,0.0,100.0,0.0,0.0,40.0,42.3,46.8,-113,5.0
2026-04-12 00:15:41,Pasillo de Laboratorio - Ala Superior (E),49.2,Background Noise,41.5,41.5,0.0,0.0,100.0,0.0,0.0,40.0,40.0,43.8,-111,6.5
2026-04-12 00:15:54,Pasillo de Laboratorio (E),58.8,People,53.6,52.9,53.6,0.0,3.0,97.0,0.0,49.0,52.8,56.3,-97,11.8
2026-04-12 00:17:31,Pasillo Administrativo (E),87.7,Background Noise,57.0,57.0,0.0,0.0,100.0,0.0,0.0,40.0,40.0,40.0,-96,13.0
2026-04-12 00:17:39,Main Lobby (E),64.5,People,47.0,46.5,49.9,47.0,89.5,10.2,0.3,43.9,46.0,48.2,-102,8.5
2026-04-12 00:17:45,Pasillo de Salones (E),60.2,Background Noise,51.9,51.9,51.1,0.0,99.9,0.1,0.0,46.4,49.9,55.5,-88,14.3
2026-04-12 00:18:16,Salón - Extremo (E),55.2,Background Noise,42.2,42.2,0.0,0.0,100.0,0.0,0.0,40.0,40.2,44.7,-94,11.0
2026-04-12 00:18:21,Salón - Uma (E),68.4,Background Noise,61.6,61.6,61.3,0.0,91.6,8.4,0.0,57.3,60.9,64.2,-115,-4.8
2026-04-12 00:18:47,Pasillo de Laboratorio - Ala Inferior (E),78.9,Background Noise,49.6,49.6,0.0,0.0,100.0,0.0,0.0,40.0,42.0,46.9,-108,5.5
2026-04-12 00:20:39,Pasillo de Laboratorio - Ala Superior (E),49.4,Background Noise,41.6,41.5,45.9,42.5,99.3,0.7,0.1,40.0,40.0,43.8,-102,9.5
2026-04-12 00:20:54,Pasillo de Laboratorio (E),71.8,People,55.2,55.8,55.2,0.0,7.2,92.8,0.0,49.0,53.2,56.6,-97,12.3
2026-04-12 00:22:31,Pasillo Administrativo (E),83.7,Background Noise,53.1,53.1,0.0,0.0,100.0,0.0,0.0,40.0,40.0,40.0,-104,9.8
2026-04-12 00:22:39,Main Lobby (E),70.2,People,51.7,50.7,54.8,0.0,82.8,17.2,0.0,45.5,48.8,54.7,-95,13.8
2026-04-12 00:22:45,Pasillo de Salones (E),60.2,Background Noise,51.9,51.9,52.1,0.0,99.8,0.2,0.0,46.2,49.9,55.5,-110,4.5
2026-04-12 00:23:16,Salón - Extremo (E),50.0,Background Noise,42.0,42.0,0.0,0.0,100.0,0.0,0.0,40.0,40.0,44.5,-113,3.2
2026-04-12 00:23:47,Pasillo de Laboratorio - Ala Inferior (E),77.5,Background Noise,49.0,49.0,47.8,42.6,99.5,0.4,0.1,40.0,42.7,46.9,-114,2.2
2026-04-12 00:25:40,Pasillo de Laboratorio - Ala Superior (E),49.0,Background Noise,41.4,41.4,0.0,0.0,100.0,0.0,0.0,40.0,40.0,43.7,-103,8.2
2026-04-12 00:25:55,Pasillo de Laboratorio (E),59.3,People,53.6,52.5,53.6,0.0,2.8,97.2,0.0,49.2,52.9,56.1,-98,13.3
2026-04-12 00:27:31,Pasillo Administrativo (E),87.6,Background Noise,56.9,56.9,0.0,0.0,100.0,0.0,0.0,40.0,40.0,40.0,-106,7.8
2026-04-12 00:27:39,Main Lobby (E),59.9,People,51.0,50.6,52.8,0.0,82.7,17.2,0.0,41.7,49.9,54.9,-100,8.5
2026-04-12 00:27:45,Pasillo de Salones (E),60.0,Background Noise,52.1,52.2,51.2,0.0,99.8,0.2,0.0,46.5,50.0,55.7,-88,13.8
2026-04-12 00:28:16,Salón - Extremo (E),54.3,Background Noise,42.3,42.3,0.0,0.0,100.0,0.0,0.0,40.0,40.0,44.9,-109,4.8
2026-04-12 00:28:21,Salón - Uma (E),70.3,Background Noise,61.7,61.8,61.3,0.0,92.4,7.6,0.0,57.5,61.2,64.2,-117,-5.8
2026-04-12 00:28:47,Pasillo de Laboratorio - Ala Inferior (E),79.2,Background Noise,52.0,52.0,0.0,0.0,100.0,0.0,0.0,40.0,42.2,46.8,-110,-5.0
2026-04-12 00:30:41,Pasillo de Laboratorio - Ala Superior (E),49.4,Background Noise,41.3,41.3,0.0,0.0,100.0,0.0,0.0,40.0,40.0,43.4,-111,7.0
2026-04-12 00:30:55,Pasillo de Laboratorio (E),59.2,People,53.8,53.8,53.8,0.0,2.9,97.1,0.0,49.0,53.3,56.4,-96,11.3
2026-04-12 00:32:32,Pasillo Administrativo (E),78.3,Background Noise,48.3,48.3,0.0,0.0,100.0,0.0,0.0,40.0,40.0,40.0,-98,12.5
2026-04-12 00:32:39,Main Lobby (E),48.6,Background Noise,43.0,43.0,0.0,0.0,100.0,0.0,0.0,40.3,42.5,45.0,-103,
2026-04-12 00:32:45,Pasillo de Salones (E),60.1,Background Noise,52.1,52.1,49.2,0.0,99.6,0.4,0.0,46.7,50.0,55.7,-109,6.2
2026-04-12 00:33:17,Salón - Extremo (E),51.7,Background Noise,42.3,42.3,0.0,0.0,100.0,0.0,0.0,40.0,40.1,45.1,-106,7.0
2026-04-12 00:33:21,Salón - Uma (E),67.4,Background Noise,61.6,61.7,61.0,0.0,91.8,8.2,0.0,57.6,61.0,64.2,-107,7.8
2026-04-12 00:33:47,Pasillo de Laboratorio - Ala Inferior (E),67.7,Background Noise,44.6,44.6,0.0,0.0,100.0,0.0,0.0,40.0,41.9,46.6,-105,4.0
2026-04-12 00:35:40,Pasillo de Laboratorio - Ala Superior (E),51.0,Background Noise,41.5,41.5,40.0,0.0,99.9,0.1,0.0,40.0,40.0,43.7,-97,9.2
2026-04-12 00:35:55,Pasillo de Laboratorio (E),58.9,People,53.7,53.6,53.7,0.0,2.3,97.7,0.0,49.0,53.1,56.2,-97,10.0
2026-04-12 00:37:32,Pasillo Administrativo (E),88.2,Background Noise,57.5,57.5,0.0,0.0,100.0,0.0,0.0,40.0,40.0,40.0,-101,8.2
2026-04-12 00:37:39,Main Lobby (E),49.7,Background Noise,43.0,43.0,0.0,0.0,100.0,0.0,0.0,40.0,42.4,45.1,-95,12.5
2026-04-12 00:37:45,Pasillo de Salones (E),60.4,Background Noise,52.2,52.2,50.5,0.0,99.6,0.4,0.0,46.6,50.0,55.8,-108,5.8
2026-04-12 00:38:17,Salón - Extremo (E),55.4,Background Noise,42.2,42.2,0.0,0.0,100.0,0.0,0.0,40.0,40.0,44.8,-94,13.3
2026-04-12 00:38:21,Salón - Uma (E),67.9,Background Noise,61.5,61.5,60.8,0.0,91.8,8.2,0.0,57.2,60.8,64.1,-119,-3.5
2026-04-12 00:38:47,Pasillo de Laboratorio - Ala Inferior (E),79.4,Background Noise,50.6,50.6,0.0,0.0,100.0,0.0,0.0,40.0,42.2,46.9,-108,7.8
2026-04-12 00:40:40,Pasillo de Laboratorio - Ala Superior (E),49.0,Background Noise,41.4,41.4,0.0,0.0,100.0,0.0,0.0,40.0,40.0,43.6,-106,7.8
2026-04-12 00:40:55,Pasillo de Laboratorio (E),58.7,People,53.8,53.8,53.8,0.0,2.3,97.7,0.0,49.2,53.1,56.3,-111,5.2
2026-04-12 00:42:32,Pasillo Administrativo (E),86.1,Background Noise,55.4,55.4,0.0,0.0,100.0,0.0,0.0,40.0,40.0,40.0,-103,10.2
2026-04-12 00:42:39,Main Lobby (E),49.3,Background Noise,42.9,42.9,0.0,0.0,100.0,0.0,0.0,40.0,42.4,44.8,-101,8.0
2026-04-12 00:42:45,Pasillo de Salones (E),59.7,Background Noise,51.9,51.9,43.9,0.0,99.9,0.1,0.0,46.6,49.9,55.6,-89,14.3
2026-04-12 00:43:17,Salón - Extremo (E),51.4,Background Noise,42.2,42.2,0.0,0.0,100.0,0.0,0.0,40.0,40.0,44.8,-95,13.0
2026-04-12 00:43:21,Salón - Uma (E),68.5,Background Noise,61.6,61.7,60.9,0.0,92.6,7.4,0.0,57.4,60.9,64.1,-106,7.3
2026-04-12 00:43:47,Pasillo de Laboratorio - Ala Inferior (E),65.5,Background Noise,44.9,44.9,0.0,0.0,100.0,0.0,0.0,40.0,43.0,47.2,-101,12.8
2026-04-12 00:45:40,Pasillo de Laboratorio - Ala Superior (E),50.0,Background Noise,41.6,41.6,0.0,0.0,100.0,0.0,0.0,40.0,40.0,43.9,-106,7.2
2026-04-12 00:45:55,Pasillo de Laboratorio (E),60.2,People,53.8,53.8,53.8,0.0,2.3,97.7,0.0,48.9,53.1,56.4,-113,1.8
2026-04-12 00:47:32,Pasillo Administrativo (E),88.0,Background Noise,57.4,57.4,0.0,0.0,100.0,0.0,0.0,40.0,40.0,40.0,-100,7.8
2026-04-12 00:47:39,Main Lobby (E),50.0,Background Noise,44.6,44.6,0.0,0.0,100.0,0.0,0.0,40.8,44.2,46.9,-95,13.5
2026-04-12 00:47:45,Pasillo de Salones (E),59.9,Background Noise,52.1,52.1,47.3,0.0,99.8,0.2,0.0,46.5,50.0,55.6,-106,4.2
2026-04-12 00:48:17,Salón - Extremo (E),51.1,Background Noise,42.2,42.2,0.0,0.0,100.0,0.0,0.0,40.0,40.0,44.8,-115,2.0
2026-04-12 00:48:21,Salón - Uma (E),68.5,Background Noise,61.8,61.8,61.3,0.0,92.7,7.3,0.0,57.4,61.0,64.5,-106,8.8
2026-04-12 00:48:47,Pasillo de Laboratorio - Ala Inferior (E),79.3,Background Noise,50.5,50.5,44.8,0.0,99.9,0.1,0.0,40.0,42.4,47.2,-114,1.0
2026-04-12 00:50:40,Pasillo de Laboratorio - Ala Superior (E),48.2,Background Noise,41.5,41.5,0.0,0.0,100.0,0.0,0.0,40.0,40.0,43.6,-111,5.2
2026-04-12 00:50:55,Pasillo de Laboratorio (E),59.7,People,53.8,53.6,53.8,0.0,1.9,98.1,0.0,49.3,53.2,56.3,-119,-7.8
2026-04-12 00:52:32,Pasillo Administrativo (E),75.3,Background Noise,46.6,46.6,0.0,0.0,100.0,0.0,0.0,40.0,40.0,40.0,-98,13.3
2026-04-12 00:52:40,Main Lobby (E),52.4,Background Noise,46.0,46.0,0.0,0.0,100.0,0.0,0.0,43.6,45.7,47.7,-103,9.0
2026-04-12 00:52:46,Pasillo de Salones (E),60.4,Background Noise,52.2,52.2,50.3,0.0,99.8,0.2,0.0,46.4,50.0,55.7,-111,1.8
2026-04-12 00:53:17,Salón - Extremo (E),55.0,Background Noise,42.3,42.3,0.0,0.0,100.0,0.0,0.0,40.0,40.2,44.9,-99,12.0
2026-04-12 00:53:21,Salón - Uma (E),69.3,Background Noise,61.8,61.8,61.6,0.0,93.3,6.7,0.0,57.4,61.0,64.4,-107,8.8
2026-04-12 00:53:47,Pasillo de Laboratorio - Ala Inferior (E),66.5,Background Noise,44.8,44.8,0.0,0.0,100.0,0.0,0.0,40.0,42.5,47.1,-107,7.8
2026-04-12 00:55:40,Pasillo de Laboratorio - Ala Superior (E),48.4,Background Noise,41.7,41.7,42.6,0.0,99.8,0.3,0.0,40.0,40.0,44.0,-109,6.8
2026-04-12 00:55:55,Pasillo de Laboratorio (E),59.4,People,53.8,52.8,53.8,0.0,2.1,97.9,0.0,48.9,53.2,56.4,-111,5.2
2026-04-12 00:57:32,Pasillo Administrativo (E),82.0,Background Noise,51.6,51.6,0.0,0.0,100.0,0.0,0.0,40.0,40.0,40.0,-107,9.5
2026-04-12 00:57:40,Main Lobby (E),51.2,Background Noise,44.9,44.9,40.9,0.0,99.8,0.2,0.0,40.4,44.2,47.6,-103,7.5
2026-04-12 00:57:46,Pasillo de Salones (E),60.4,Background Noise,51.9,51.9,51.2,0.0,99.8,0.2,0.0,46.2,49.8,55.5,-88,14.3
2026-04-12 00:58:17,Salón - Extremo (E),51.4,Background Noise,42.2,42.2,0.0,0.0,100.0,0.0,0.0,40.0,40.0,44.6,-94,13.3
2026-04-12 00:58:22,Salón - Uma (E),68.0,Background Noise,61.7,61.8,61.1,0.0,92.7,7.3,0.0,57.6,61.0,64.4,-104,10.0
2026-04-12 00:58:47,Pasillo de Laboratorio - Ala Inferior (E),77.0,Background Noise,48.6,48.6,0.0,0.0,100.0,0.0,0.0,40.0,42.7,47.2,-105,8.5
2026-04-12 01:00:40,Pasillo de Laboratorio - Ala Superior (E),49.3,Background Noise,41.5,41.5,0.0,0.0,100.0,0.0,0.0,40.0,40.0,43.7,-101,11.8
2026-04-12 01:00:55,Pasillo de Laboratorio (E),59.9,People,53.8,53.7,53.8,0.0,1.9,98.1,0.0,49.2,53.2,56.4,-105,7.8
2026-04-12 01:02:32,Pasillo Administrativo (E),74.9,Background Noise,46.4,46.4,0.0,0.0,100.0,0.0,0.0,40.0,40.0,40.0,-99,12.8
2026-04-12 01:02:40,Main Lobby (E),54.1,Background Noise,42.8,42.8,43.3,0.0,99.9,0.1,0.0,40.0,42.1,44.8,-101,9.0
2026-04-12 01:02:46,Pasillo de Salones (E),60.0,Background Noise,52.0,52.0,50.7,0.0,99.8,0.2,0.0,46.4,49.9,55.6,-109,3.5
2026-04-12 01:03:17,Salón - Extremo (E),49.9,Background Noise,42.2,42.2,0.0,0.0,100.0,0.0,0.0,40.0,40.0,45.0,-98,12.3
2026-04-12 01:03:22,Salón - Uma (E),67.5,Background Noise,61.6,61.6,61.3,0.0,92.8,7.2,0.0,57.3,61.0,64.2,-113,2.5
2026-04-12 01:03:48,Pasillo de Laboratorio - Ala Inferior (E),67.1,Background Noise,44.9,44.9,0.0,0.0,100.0,0.0,0.0,40.0,42.5,46.9,-118,1.5
2026-04-12 01:05:41,Pasillo de Laboratorio - Ala Superior (E),50.1,Background Noise,41.7,41.7,0.0,0.0,100.0,0.0,0.0,40.0,40.0,44.1,-107,8.0
2026-04-12 01:05:56,Pasillo de Laboratorio (E),59.4,People,53.8,52.6,53.8,0.0,2.4,97.6,0.0,49.1,53.2,56.3,-111,4.5
2026-04-12 01:07:33,Pasillo Administrativo (E),81.3,Background Noise,50.9,50.9,0.0,0.0,100.0,0.0,0.0,40.0,40.0,40.0,-102,8.8
2026-04-12 01:07:40,Main Lobby (E),49.5,Background Noise,43.0,43.0,0.0,0.0,100.0,0.0,0.0,40.1,42.5,45.0,-102,8.5
2026-04-12 01:07:46,Pasillo de Salones (E),59.9,Background Noise,51.9,51.9,52.4,0.0,99.8,0.3,0.0,46.5,49.9,55.5,-113,1.0
2026-04-12 01:08:17,Salón - Extremo (E),50.6,Background Noise,42.1,42.1,0.0,0.0,100.0,0.0,0.0,40.0,40.0,44.7,-109,3.5
2026-04-12 01:08:22,Salón - Uma (E),68.1,Background Noise,61.6,61.7,61.1,0.0,93.6,6.4,0.0,57.4,60.9,64.3,-104,9.5
2026-04-12 01:08:48,Pasillo de Laboratorio - Ala Inferior (E),76.6,Background Noise,48.2,48.2,0.0,0.0,100.0,0.0,0.0,40.0,42.7,47.0,-114,3.5
2026-04-12 01:10:41,Pasillo de Laboratorio - Ala Superior (E),49.7,Background Noise,41.6,41.6,40.0,0.0,99.9,0.1,0.0,40.0,40.0,43.8,-104,10.3
2026-04-12 01:10:56,Pasillo de Laboratorio (E),59.2,People,54.0,53.7,54.0,0.0,2.3,97.7,0.0,49.3,53.5,56.5,-111,7.5
2026-04-12 01:12:33,Pasillo Administrativo (E),73.9,Background Noise,45.6,45.6,0.0,0.0,100.0,0.0,0.0,40.0,40.0,40.0,-96,13.5
2026-04-12 01:12:40,Main Lobby (E),48.6,Background Noise,42.9,42.9,0.0,0.0,100.0,0.0,0.0,40.0,42.4,44.9,-96,12.8
2026-04-12 01:12:46,Pasillo de Salones (E),59.6,Background Noise,52.1,52.1,52.5,0.0,99.9,0.1,0.0,46.3,50.0,55.7,-90,13.3
2026-04-12 01:13:20,Salón - Extremo (E),52.3,Background Noise,42.1,42.1,0.0,0.0,100.0,0.0,0.0,40.0,40.0,44.7,-107,5.8
2026-04-12 01:13:22,Salón - Uma (E),68.3,Background Noise,61.6,61.6,61.0,0.0,92.8,7.2,0.0,57.5,60.9,64.1,-112,1.2
2026-04-12 01:13:48,Pasillo de Laboratorio - Ala Inferior (E),67.3,Background Noise,44.9,44.9,0.0,0.0,100.0,0.0,0.0,40.0,42.5,46.8,-110,4.8
2026-04-12 01:15:41,Pasillo de Laboratorio - Ala Superior (E),47.9,Background Noise,41.3,41.3,0.0,0.0,100.0,0.0,0.0,40.0,40.0,43.4,-105,5.2
2026-04-12 01:15:56,Pasillo de Laboratorio (E),60.3,People,53.9,53.6,53.9,0.0,2.3,97.7,0.0,49.2,53.5,56.4,-97,10.3
2026-04-12 01:17:33,Pasillo Administrativo (E),75.3,Background Noise,46.1,46.1,0.0,0.0,100.0,0.0,0.0,40.0,40.0,40.0,-103,7.0
2026-04-12 01:17:40,Main Lobby (E),48.6,Background Noise,42.8,42.8,43.6,0.0,99.5,0.5,0.0,40.0,42.2,44.8,-97,12.8
2026-04-12 01:17:46,Pasillo de Salones (E),61.4,Background Noise,52.0,52.0,50.3,0.0,99.7,0.3,0.0,46.6,49.8,55.6,-109,5.0
2026-04-12 01:18:18,Salón - Extremo (E),50.9,Background Noise,42.2,42.2,0.0,0.0,100.0,0.0,0.0,40.0,40.0,44.9,-111,5.5
2026-04-12 01:18:22,Salón - Uma (E),68.1,Background Noise,61.6,61.6,61.0,0.0,92.4,7.6,0.0,57.4,60.8,64.2,-105,9.5
2026-04-12 01:18:48,Pasillo de Laboratorio - Ala Inferior (E),72.7,Background Noise,46.1,46.1,0.0,0.0,100.0,0.0,0.0,40.0,42.1,46.5,-113,-0.8
2026-04-12 01:20:41,Pasillo de Laboratorio - Ala Superior (E),48.7,Background Noise,41.3,41.3,40.0,0.0,99.9,0.1,0.0,40.0,40.0,43.3,-104,10.0
2026-04-12 01:20:56,Pasillo de Laboratorio (E),58.6,People,53.8,53.7,53.8,0.0,2.3,97.7,0.0,49.3,53.3,56.3,-97,13.3
2026-04-12 01:22:33,Pasillo Administrativo (E),73.5,Background Noise,45.4,45.4,0.0,0.0,100.0,0.0,0.0,40.0,40.0,40.0,-107,1.8
2026-04-12 01:22:40,Main Lobby (E),54.1,Background Noise,46.3,46.2,48.4,0.0,96.6,3.4,0.0,42.3,45.7,48.7,-102,8.5
2026-04-12 01:22:46,Pasillo de Salones (E),61.2,Background Noise,52.0,52.0,49.4,0.0,99.7,0.3,0.0,46.6,49.9,55.6,-109,3.0
2026-04-12 01:23:18,Salón - Extremo (E),54.3,Background Noise,42.1,42.1,0.0,0.0,100.0,0.0,0.0,40.0,40.0,44.7,-95,13.0
2026-04-12 01:23:22,Salón - Uma (E),68.0,Background Noise,61.6,61.6,61.2,0.0,91.9,8.1,0.0,57.5,61.0,64.2,-114,-0.8
2026-04-12 01:23:48,Pasillo de Laboratorio - Ala Inferior (E),67.4,Background Noise,44.9,44.9,0.0,0.0,100.0,0.0,0.0,40.0,42.3,46.8,-111,4.5
2026-04-12 01:25:41,Pasillo de Laboratorio - Ala Superior (E),48.4,Background Noise,41.3,41.3,0.0,0.0,100.0,0.0,0.0,40.0,40.0,43.5,-109,7.5
2026-04-12 01:25:56,Pasillo de Laboratorio (E),59.8,People,53.7,52.7,53.7,0.0,2.3,97.7,0.0,49.0,53.1,56.3,-100,10.5
2026-04-12 01:27:33,Pasillo Administrativo (E),72.6,Background Noise,44.8,44.8,0.0,0.0,100.0,0.0,0.0,40.0,40.0,40.0,-105,10.8
2026-04-12 01:27:40,Main Lobby (E),56.2,Background Noise,49.0,49.0,49.3,0.0,93.1,6.9,0.0,45.7,48.4,51.0,-102,8.8
2026-04-12 01:27:46,Pasillo de Salones (E),61.4,Background Noise,51.9,51.9,0.0,0.0,100.0,0.0,0.0,46.2,49.7,55.7,-105,3.0
2026-04-12 01:28:18,Salón - Extremo (E),50.2,Background Noise,42.3,42.3,0.0,0.0,100.0,0.0,0.0,40.0,40.1,44.9,-113,2.2
2026-04-12 01:28:22,Salón - Uma (E),69.3,Background Noise,61.6,61.6,61.2,0.0,92.3,7.7,0.0,57.3,60.9,64.1,-106,8.8
2026-04-12 01:28:48,Pasillo de Laboratorio - Ala Inferior (E),66.6,Background Noise,45.1,45.1,0.0,0.0,100.0,0.0,0.0,40.0,42.9,47.0,-107,6.8
2026-04-12 01:30:41,Pasillo de Laboratorio - Ala Superior (E),49.0,Background Noise,41.4,41.4,0.0,0.0,100.0,0.0,0.0,40.0,40.0,43.8,-112,5.5
2026-04-12 01:30:56,Pasillo de Laboratorio (E),59.2,People,53.7,53.3,53.7,0.0,2.5,97.5,0.0,49.0,53.0,56.4,-96,12.0
2026-04-12 01:32:33,Pasillo Administrativo (E),73.4,Background Noise,45.3,45.3,0.0,0.0,100.0,0.0,0.0,40.0,40.0,40.0,-114,1.5
2026-04-12 01:32:41,Main Lobby (E),50.0,Background Noise,43.4,43.4,41.1,0.0,99.9,0.1,0.0,40.0,42.5,45.8,-103,8.5
2026-04-12 01:32:47,Pasillo de Salones (E),59.5,Background Noise,52.1,52.1,51.0,0.0,99.8,0.2,0.0,46.4,49.9,55.6,-89,11.5
2026-04-12 01:33:18,Salón - Extremo (E),52.6,Background Noise,42.2,42.2,0.0,0.0,100.0,0.0,0.0,40.0,40.0,44.9,-109,6.0
2026-04-12 01:33:22,Salón - Uma (E),69.0,Background Noise,61.8,61.8,61.5,0.0,93.7,6.3,0.0,57.5,61.1,64.4,-114,
2026-04-12 01:33:48,Pasillo de Laboratorio - Ala Inferior (E),76.4,Background Noise,48.2,48.2,0.0,0.0,100.0,0.0,0.0,40.0,41.8,46.4,-120,-0.5
2026-04-12 01:35:41,Pasillo de Laboratorio - Ala Superior (E),48.8,Background Noise,41.5,41.5,40.0,0.0,99.9,0.1,0.0,40.0,40.0,43.7,-105,3.3
2026-04-12 01:35:56,Pasillo de Laboratorio (E),59.3,People,53.7,53.6,53.7,0.0,2.2,97.8,0.0,49.0,53.0,56.2,-97,11.8
2026-04-12 01:37:33,Pasillo Administrativo (E),75.2,Background Noise,47.7,47.7,0.0,0.0,100.0,0.0,0.0,40.0,40.0,40.0,-97,13.5
2026-04-12 01:37:41,Main Lobby (E),48.9,Background Noise,43.0,43.0,40.7,0.0,99.9,0.1,0.0,40.0,42.3,45.1,-116,-6.8
2026-04-12 01:37:47,Pasillo de Salones (E),59.6,Background Noise,52.0,52.0,48.0,0.0,99.8,0.3,0.0,46.7,50.0,55.5,-111,5.2
2026-04-12 01:38:18,Salón - Extremo (E),53.6,Background Noise,42.3,42.3,0.0,0.0,100.0,0.0,0.0,40.0,40.2,44.9,-92,11.5
2026-04-12 01:38:23,Salón - Uma (E),69.6,Background Noise,61.6,61.7,61.3,0.0,93.2,6.8,0.0,57.3,61.0,64.3,-117,-6.0
2026-04-12 01:38:48,Pasillo de Laboratorio - Ala Inferior (E),65.5,Background Noise,44.9,44.9,0.0,0.0,100.0,0.0,0.0,40.0,42.7,46.8,-106,9.0
2026-04-12 01:40:41,Pasillo de Laboratorio - Ala Superior (E),49.0,Background Noise,41.3,41.3,0.0,0.0,100.0,0.0,0.0,40.0,40.0,43.4,-104,10.8
2026-04-12 01:40:56,Pasillo de Laboratorio (E),58.7,People,53.6,52.9,53.6,0.0,1.9,98.1,0.0,48.9,52.9,56.2,-97,13.5
2026-04-12 01:42:33,Pasillo Administrativo (E),74.7,Background Noise,45.9,45.9,0.0,0.0,100.0,0.0,0.0,40.0,40.0,40.0,-114,2.2
2026-04-12 01:42:41,Main Lobby (E),49.6,Background Noise,43.3,43.3,42.8,0.0,99.7,0.3,0.0,40.4,42.8,45.3,-103,8.8
2026-04-12 01:42:47,Pasillo de Salones (E),59.7,Background Noise,52.1,52.1,0.0,0.0,100.0,0.0,0.0,46.5,50.0,55.7,-107,4.8
2026-04-12 01:43:18,Salón - Extremo (E),55.1,Background Noise,42.5,42.5,0.0,0.0,100.0,0.0,0.0,40.0,40.0,44.9,-103,10.5
2026-04-12 01:43:23,Salón - Uma (E),68.0,Background Noise,61.6,61.6,61.0,0.0,94.0,6.0,0.0,57.4,60.9,64.2,-106,9.0
2026-04-12 01:43:48,Pasillo de Laboratorio - Ala Inferior (E),75.6,Background Noise,47.4,47.4,0.0,0.0,100.0,0.0,0.0,40.0,42.4,46.8,-108,6.8
2026-04-12 01:45:42,Pasillo de Laboratorio - Ala Superior (E),47.5,Background Noise,41.5,41.5,0.0,0.0,100.0,0.0,0.0,40.0,40.0,43.7,-107,6.8
2026-04-12 01:45:57,Pasillo de Laboratorio (E),59.6,People,53.9,53.8,53.9,0.0,1.9,98.1,0.0,49.2,53.5,56.4,-98,11.3
2026-04-12 01:47:34,Pasillo Administrativo (E),88.8,Background Noise,58.2,58.2,0.0,0.0,100.0,0.0,0.0,40.0,40.0,40.0,-115,-3.0
2026-04-12 01:47:41,Main Lobby (E),49.4,Background Noise,43.2,43.2,0.0,0.0,100.0,0.0,0.0,40.1,42.6,45.4,-102,9.2
2026-04-12 01:47:47,Pasillo de Salones (E),59.4,Background Noise,51.8,51.8,47.2,0.0,99.6,0.4,0.0,46.4,49.8,55.5,-108,4.0
2026-04-12 01:48:18,Salón - Extremo (E),54.6,Background Noise,42.3,42.3,0.0,0.0,100.0,0.0,0.0,40.0,40.0,44.9,-111,1.2
2026-04-12 01:48:23,Salón - Uma (E),68.4,People,61.6,61.6,61.5,0.0,93.1,6.9,0.0,57.6,61.0,64.1,-105,8.5
2026-04-12 01:48:49,Pasillo de Laboratorio - Ala Inferior (E),79.4,Background Noise,49.7,49.7,0.0,0.0,100.0,0.0,0.0,40.0,41.7,46.5,-109,5.0
2026-04-12 01:50:42,Pasillo de Laboratorio - Ala Superior (E),48.1,Background Noise,41.3,41.3,0.0,0.0,100.0,0.0,0.0,40.0,40.0,43.7,-107,7.5
2026-04-12 01:50:57,Pasillo de Laboratorio (E),59.0,People,53.8,53.2,53.8,0.0,2.6,97.4,0.0,49.1,53.4,56.3,-115,-1.0
2026-04-12 01:52:34,Pasillo Administrativo (E),80.6,Background Noise,50.4,50.4,0.0,0.0,100.0,0.0,0.0,40.0,40.0,40.0,-105,9.5
2026-04-12 01:52:41,Main Lobby (E),66.7,People,48.1,44.1,55.3,0.0,87.5,12.5,0.0,40.5,43.2,48.7,-97,12.5
2026-04-12 01:52:47,Pasillo de Salones (E),59.5,Background Noise,51.9,51.9,48.0,0.0,99.9,0.1,0.0,46.1,49.9,55.5,-109,6.2
2026-04-12 01:53:19,Salón - Extremo (E),50.0,Background Noise,42.1,42.1,0.0,0.0,100.0,0.0,0.0,40.0,40.0,44.6,-105,7.8
2026-04-12 01:53:23,Salón - Uma (E),68.4,Background Noise,61.5,61.5,61.4,0.0,94.2,5.8,0.0,57.6,60.8,64.0,-115,1.5
2026-04-12 01:53:49,Pasillo de Laboratorio - Ala Inferior (E),71.2,Background Noise,45.2,45.2,0.0,0.0,100.0,0.0,0.0,40.0,41.7,46.4,-111,4.5
2026-04-12 01:55:42,Pasillo de Laboratorio - Ala Superior (E),48.8,Background Noise,41.4,41.4,40.0,0.0,99.8,0.2,0.0,40.0,40.0,43.4,-103,7.5
2026-04-12 01:55:57,Pasillo de Laboratorio (E),59.5,People,53.8,53.6,53.8,0.0,2.0,98.0,0.0,49.0,53.1,56.4,-115,5.5
2026-04-12 01:57:34,Pasillo Administrativo (E),82.2,Background Noise,51.7,51.7,0.0,0.0,100.0,0.0,0.0,40.0,40.0,40.0,-105,9.8
2026-04-12 01:57:41,Main Lobby (E),66.5,People,46.1,45.5,58.7,0.0,99.2,0.8,0.0,43.0,45.1,47.3,-103,9.0
2026-04-12 01:57:47,Pasillo de Salones (E),61.5,Background Noise,52.0,52.0,53.2,0.0,99.7,0.3,0.0,46.3,49.9,55.6,-107,7.8
2026-04-12 01:58:19,Salón - Extremo (E),50.3,Background Noise,42.1,42.1,0.0,0.0,100.0,0.0,0.0,40.0,40.0,44.7,-96,10.8
2026-04-12 01:58:23,Salón - Uma (E),69.0,People,61.7,61.8,61.5,0.0,93.7,6.2,0.0,57.4,61.0,64.4,-105,6.5
2026-04-12 01:58:49,Pasillo de Laboratorio - Ala Inferior (E),76.8,Background Noise,48.0,48.0,0.0,0.0,100.0,0.0,0.0,40.0,41.9,46.6,-103,-1.5
2026-04-12 02:00:42,Pasillo de Laboratorio - Ala Superior (E),49.4,Background Noise,41.4,41.4,0.0,0.0,100.0,0.0,0.0,40.0,40.0,43.5,-99,9.0
2026-04-12 02:00:57,Pasillo de Laboratorio (E),59.4,People,53.7,53.2,53.7,0.0,2.9,97.1,0.0,49.1,53.0,56.4,-97,12.5
2026-04-12 02:02:34,Pasillo Administrativo (E),82.2,Background Noise,51.8,51.8,0.0,0.0,100.0,0.0,0.0,40.0,40.0,40.0,-103,8.5
2026-04-12 02:02:41,Main Lobby (E),53.5,Background Noise,46.2,46.1,47.6,0.0,97.8,2.2,0.0,42.6,45.9,48.1,-103,9.5
2026-04-12 02:02:47,Pasillo de Salones (E),60.4,Background Noise,52.0,52.0,51.0,0.0,99.6,0.4,0.0,46.5,49.8,55.5,-106,7.2
2026-04-12 02:03:19,Salón - Extremo (E),53.8,Background Noise,42.2,42.2,40.0,0.0,99.9,0.1,0.0,40.0,40.0,44.8,-108,4.0
2026-04-12 02:03:23,Salón - Uma (E),68.5,Background Noise,61.7,61.7,61.3,0.0,93.3,6.7,0.0,57.6,61.0,64.3,-117,-3.5
2026-04-12 02:03:49,Pasillo de Laboratorio - Ala Inferior (E),68.4,Background Noise,44.5,44.5,0.0,0.0,100.0,0.0,0.0,40.0,41.5,46.4,-114,-1.8
2026-04-12 02:05:42,Pasillo de Laboratorio - Ala Superior (E),50.4,Background Noise,41.5,41.5,40.0,0.0,99.9,0.1,0.0,40.0,40.0,43.6,-109,6.5
2026-04-12 02:05:57,Pasillo de Laboratorio (E),59.4,People,53.9,53.4,53.9,0.0,2.2,97.8,0.0,49.0,53.4,56.3,-107,6.0
2026-04-12 02:07:34,Pasillo Administrativo (E),80.1,Background Noise,49.9,49.9,0.0,0.0,100.0,0.0,0.0,40.0,40.0,40.0,-105,9.0
2026-04-12 02:07:41,Main Lobby (E),61.6,People,44.4,43.1,51.7,0.0,94.2,5.7,0.0,40.0,42.5,45.9,-102,8.2
2026-04-12 02:07:47,Pasillo de Salones (E),60.6,Background Noise,52.2,52.2,47.7,0.0,99.8,0.2,0.0,46.3,49.9,55.9,-107,6.5
2026-04-12 02:08:19,Salón - Extremo (E),52.5,Background Noise,42.3,42.3,0.0,0.0,100.0,0.0,0.0,40.0,40.0,44.9,-117,0.5
2026-04-12 02:08:23,Salón - Uma (E),68.7,Background Noise,61.6,61.6,61.3,0.0,92.1,7.9,0.0,57.3,60.9,64.2,-113,0.8
2026-04-12 02:08:49,Pasillo de Laboratorio - Ala Inferior (E),76.6,Background Noise,48.0,48.0,0.0,0.0,100.0,0.0,0.0,40.0,42.4,46.9,-114,0.8
2026-04-12 02:10:42,Pasillo de Laboratorio - Ala Superior (E),49.3,Background Noise,41.3,41.3,40.4,0.0,99.9,0.1,0.0,40.0,40.0,43.5,-103,9.2
2026-04-12 02:10:57,Pasillo de Laboratorio (E),59.4,People,53.7,52.4,53.7,0.0,2.2,97.8,0.0,49.3,53.0,56.2,-109,7.5
2026-04-12 02:12:34,Pasillo Administrativo (E),82.7,Background Noise,52.3,52.3,0.0,0.0,100.0,0.0,0.0,40.0,40.0,40.0,-95,11.5
2026-04-12 02:12:41,Main Lobby (E),53.7,People,43.0,42.9,46.2,42.6,96.9,3.0,0.1,40.0,42.3,45.2,-103,8.8
2026-04-12 02:12:48,Pasillo de Salones (E),60.3,Background Noise,52.2,52.2,44.6,0.0,99.9,0.1,0.0,46.4,50.0,55.9,-111,0.5
2026-04-12 02:13:19,Salón - Extremo (E),50.2,Background Noise,42.2,42.2,0.0,0.0,100.0,0.0,0.0,40.0,40.1,44.9,-94,13.5
2026-04-12 02:13:23,Salón - Uma (E),68.5,Background Noise,61.6,61.6,60.9,0.0,93.7,6.3,0.0,57.3,60.8,64.3,-104,9.3
2026-04-12 02:13:49,Pasillo de Laboratorio - Ala Inferior (E),65.4,Background Noise,44.9,44.9,0.0,0.0,100.0,0.0,0.0,40.0,42.5,47.4,-111,5.0
2026-04-12 02:15:42,Pasillo de Laboratorio - Ala Superior (E),48.0,Background Noise,41.5,41.5,0.0,0.0,100.0,0.0,0.0,40.0,40.0,43.9,-99,8.2
2026-04-12 02:15:57,Pasillo de Laboratorio (E),62.5,People,53.7,52.9,53.7,0.0,1.8,98.2,0.0,49.0,53.0,56.3,-113,8.0
2026-04-12 02:17:34,Pasillo Administrativo (E),75.4,Background Noise,46.2,46.2,0.0,0.0,100.0,0.0,0.0,40.0,40.0,40.0,-109,7.0
2026-04-12 02:17:42,Main Lobby (E),49.3,Background Noise,42.5,42.5,0.0,0.0,100.0,0.0,0.0,40.0,41.9,44.7,-100,9.2
2026-04-12 02:17:48,Pasillo de Salones (E),60.5,Background Noise,51.8,51.8,55.0,0.0,99.7,0.3,0.0,46.4,49.7,55.6,-107,6.8
2026-04-12 02:18:19,Salón - Extremo (E),50.2,Background Noise,42.1,42.1,0.0,0.0,100.0,0.0,0.0,40.0,40.0,44.8,-111,3.2
2026-04-12 02:18:24,Salón - Uma (E),68.4,Background Noise,61.5,61.5,61.1,0.0,92.0,8.0,0.0,57.4,60.9,64.0,-106,9.0
2026-04-12 02:18:49,Pasillo de Laboratorio - Ala Inferior (E),71.5,Background Noise,45.3,45.3,0.0,0.0,100.0,0.0,0.0,40.0,41.8,46.3,-111,2.5
2026-04-12 02:20:42,Pasillo de Laboratorio - Ala Superior (E),49.2,Background Noise,41.3,41.3,0.0,0.0,100.0,0.0,0.0,40.0,40.0,43.4,-95,8.0
2026-04-12 02:20:57,Pasillo de Laboratorio (E),59.4,People,53.8,53.8,53.8,0.0,1.2,98.8,0.0,48.9,53.2,56.4,-117,-9.0
2026-04-12 02:22:34,Pasillo Administrativo (E),83.2,Background Noise,54.9,54.9,0.0,0.0,100.0,0.0,0.0,40.0,40.0,40.0,-101,8.2
2026-04-12 02:22:42,Main Lobby (E),58.8,Background Noise,51.3,51.0,55.3,0.0,96.5,3.5,0.0,40.0,43.7,56.3,-95,10.8
2026-04-12 02:22:48,Pasillo de Salones (E),60.2,Background Noise,52.0,52.0,51.1,0.0,99.6,0.4,0.0,46.4,49.8,55.6,-111,5.0
2026-04-12 02:23:19,Salón - Extremo (E),51.0,Background Noise,42.1,42.1,0.0,0.0,100.0,0.0,0.0,40.0,40.0,44.8,-99,12.0
2026-04-12 02:23:24,Salón - Uma (E),68.2,Background Noise,61.7,61.8,61.2,0.0,91.2,8.8,0.0,57.5,61.2,64.2,-107,5.5
2026-04-12 02:23:49,Pasillo de Laboratorio - Ala Inferior (E),70.9,Background Noise,45.5,45.5,0.0,0.0,100.0,0.0,0.0,40.0,42.1,46.5,-111,4.8
2026-04-12 02:25:43,Pasillo de Laboratorio - Ala Superior (E),47.6,Background Noise,41.2,41.2,0.0,0.0,100.0,0.0,0.0,40.0,40.0,43.3,-104,8.3
2026-04-12 02:25:58,Pasillo de Laboratorio (E),62.7,People,53.7,53.8,53.7,0.0,1.3,98.7,0.0,49.0,52.9,56.3,-97,11.3
2026-04-12 02:27:35,Pasillo Administrativo (E),72.6,Background Noise,44.5,44.5,0.0,0.0,100.0,0.0,0.0,40.0,40.0,40.0,-103,10.8
2026-04-12 02:27:42,Main Lobby (E),57.7,Background Noise,53.0,53.1,51.8,0.0,93.3,6.7,0.0,47.7,52.1,56.0,-96,12.8
2026-04-12 02:27:48,Pasillo de Salones (E),60.4,Background Noise,51.9,51.9,50.6,0.0,99.7,0.3,0.0,46.4,49.9,55.5,-108,4.8
2026-04-12 02:28:19,Salón - Extremo (E),52.0,Background Noise,42.1,42.1,0.0,0.0,100.0,0.0,0.0,40.0,40.0,44.6,-93,11.3
2026-04-12 02:28:24,Salón - Uma (E),69.0,Background Noise,61.6,61.6,61.1,0.0,93.5,6.5,0.0,57.5,60.9,64.1,-106,9.3
2026-04-12 02:28:50,Pasillo de Laboratorio - Ala Inferior (E),65.9,Background Noise,44.1,44.1,0.0,0.0,100.0,0.0,0.0,40.0,41.9,46.4,-107,7.8
2026-04-12 02:30:43,Pasillo de Laboratorio - Ala Superior (E),48.5,Background Noise,41.2,41.2,40.0,0.0,99.8,0.2,0.0,40.0,40.0,43.3,-107,6.5
2026-04-12 02:30:58,Pasillo de Laboratorio (E),60.0,People,53.7,53.6,53.7,0.0,1.8,98.2,0.0,49.1,53.0,56.4,-117,-11.8
2026-04-12 02:32:35,Pasillo Administrativo (E),86.6,Background Noise,56.1,56.1,0.0,0.0,100.0,0.0,0.0,40.0,40.0,40.0,-105,8.8
2026-04-12 02:32:42,Main Lobby (E),50.2,Background Noise,45.6,45.6,46.9,0.0,99.9,0.1,0.0,43.4,45.3,47.3,-102,9.5
2026-04-12 02:32:48,Pasillo de Salones (E),60.0,Background Noise,51.8,51.8,49.7,0.0,99.5,0.5,0.0,46.3,49.7,55.5,-89,13.5
2026-04-12 02:33:20,Salón - Extremo (E),52.8,Background Noise,42.2,42.2,0.0,0.0,100.0,0.0,0.0,40.0,40.0,44.9,-103,8.2
2026-04-12 02:33:24,Salón - Uma (E),69.1,Background Noise,61.6,61.7,61.0,0.0,92.8,7.2,0.0,57.3,60.9,64.3,-119,-5.2
2026-04-12 02:33:50,Pasillo de Laboratorio - Ala Inferior (E),77.5,Background Noise,50.2,50.2,0.0,0.0,100.0,0.0,0.0,40.0,41.6,46.4,-111,-1.8
2026-04-12 02:35:43,Pasillo de Laboratorio - Ala Superior (E),48.7,Background Noise,41.3,41.3,0.0,0.0,100.0,0.0,0.0,40.0,40.0,43.3,-111,5.8
2026-04-12 02:35:58,Pasillo de Laboratorio (E),60.8,People,53.8,53.2,53.8,0.0,1.8,98.2,0.0,49.1,53.3,56.4,-98,13.3
2026-04-12 02:37:35,Pasillo Administrativo (E),74.1,Background Noise,45.6,45.6,0.0,0.0,100.0,0.0,0.0,40.0,40.0,40.0,-96,13.5
2026-04-12 02:37:42,Main Lobby (E),53.6,Background Noise,45.4,45.4,0.0,0.0,100.0,0.0,0.0,41.0,45.1,47.7,-98,12.0
2026-04-12 02:37:48,Pasillo de Salones (E),60.5,Background Noise,52.1,52.2,49.7,0.0,99.5,0.5,0.0,46.2,49.8,55.7,-106,6.2
2026-04-12 02:38:20,Salón - Extremo (E),53.9,Background Noise,42.3,42.3,0.0,0.0,100.0,0.0,0.0,40.0,40.2,44.9,-83,13.5
2026-04-12 02:38:24,Salón - Uma (E),68.6,Background Noise,61.7,61.7,61.7,0.0,93.0,7.0,0.0,57.5,61.1,64.2,-109,-6.2
2026-04-12 02:38:50,Pasillo de Laboratorio - Ala Inferior (E),61.7,Background Noise,44.0,44.0,0.0,0.0,100.0,0.0,0.0,40.0,42.2,46.6,-111,2.8
2026-04-12 02:40:43,Pasillo de Laboratorio - Ala Superior (E),48.4,Background Noise,41.4,41.4,0.0,0.0,100.0,0.0,0.0,40.0,40.0,43.7,-105,9.3
2026-04-12 02:40:58,Pasillo de Laboratorio (E),60.0,People,53.7,52.9,53.7,0.0,2.7,97.3,0.0,48.9,53.2,56.2,-114,5.8
2026-04-12 02:42:35,Pasillo Administrativo (E),75.8,Background Noise,46.7,46.7,0.0,0.0,100.0,0.0,0.0,40.0,40.0,40.0,-97,13.5
2026-04-12 02:42:42,Main Lobby (E),49.4,Background Noise,42.7,42.7,43.5,0.0,99.9,0.1,0.0,40.0,42.3,44.8,-105,3.5
2026-04-12 02:42:48,Pasillo de Salones (E),61.0,Background Noise,52.0,52.1,48.7,0.0,99.7,0.3,0.0,46.4,50.0,55.5,-106,6.8
2026-04-12 02:43:20,Salón - Extremo (E),51.7,Background Noise,42.2,42.2,0.0,0.0,100.0,0.0,0.0,40.0,40.0,44.9,-92,13.5
2026-04-12 02:43:24,Salón - Uma (E),69.7,Background Noise,61.6,61.6,61.2,0.0,93.1,6.9,0.0,57.4,60.9,64.0,-115,-0.5
2026-04-12 02:43:50,Pasillo de Laboratorio - Ala Inferior (E),73.8,Background Noise,46.3,46.3,0.0,0.0,100.0,0.0,0.0,40.0,42.0,46.5,-106,8.3
2026-04-12 02:45:43,Pasillo de Laboratorio - Ala Superior (E),49.7,Background Noise,41.3,41.3,40.0,0.0,99.9,0.1,0.0,40.0,40.0,43.4,-100,12.3
2026-04-12 02:45:58,Pasillo de Laboratorio (E),59.0,People,53.8,52.8,53.8,0.0,2.3,97.7,0.0,49.0,53.2,56.4,-107,3.5
2026-04-12 02:47:35,Pasillo Administrativo (E),75.2,Background Noise,46.3,46.3,0.0,0.0,100.0,0.0,0.0,40.0,40.0,40.0,-103,2.8
2026-04-12 02:47:42,Main Lobby (E),48.1,Background Noise,42.5,42.5,0.0,0.0,100.0,0.0,0.0,40.0,41.9,44.5,-100,8.8
2026-04-12 02:47:48,Pasillo de Salones (E),59.9,Background Noise,51.9,51.9,51.9,0.0,99.8,0.2,0.0,46.8,50.1,55.4,-88,13.0
2026-04-12 02:48:20,Salón - Extremo (E),50.6,Background Noise,42.2,42.2,0.0,0.0,100.0,0.0,0.0,40.0,40.0,44.9,-99,8.2
2026-04-12 02:48:24,Salón - Uma (E),68.7,Background Noise,61.6,61.6,61.1,0.0,93.2,6.8,0.0,57.4,61.0,64.0,-105,9.0
2026-04-12 02:48:50,Pasillo de Laboratorio - Ala Inferior (E),60.6,Background Noise,43.8,43.8,0.0,0.0,100.0,0.0,0.0,40.0,41.7,46.6,-108,7.8
2026-04-12 02:50:43,Pasillo de Laboratorio - Ala Superior (E),49.7,Background Noise,41.3,41.3,40.0,0.0,99.8,0.2,0.0,40.0,40.0,43.5,-109,6.8
2026-04-12 02:50:58,Pasillo de Laboratorio (E),59.5,People,53.7,52.9,53.7,0.0,2.2,97.8,0.0,49.0,53.0,56.3,-109,6.8
2026-04-12 02:52:35,Pasillo Administrativo (E),80.8,Background Noise,50.6,50.6,0.0,0.0,100.0,0.0,0.0,40.0,40.0,40.0,-96,13.5
2026-04-12 02:52:42,Main Lobby (E),48.9,Background Noise,43.1,43.1,41.7,0.0,99.8,0.2,0.0,40.3,42.7,45.0,-93,10.2
2026-04-12 02:52:49,Pasillo de Salones (E),59.4,Background Noise,51.8,51.8,46.2,0.0,99.9,0.1,0.0,46.3,49.8,55.7,-99,9.2
2026-04-12 02:53:20,Salón - Extremo (E),50.9,Background Noise,42.0,42.0,0.0,0.0,100.0,0.0,0.0,40.0,40.0,44.4,-99,9.2
2026-04-12 02:53:24,Salón - Uma (E),68.3,Background Noise,61.6,61.7,60.9,0.0,92.5,7.5,0.0,57.6,61.0,64.3,-103,9.5
2026-04-12 02:53:50,Pasillo de Laboratorio - Ala Inferior (E),71.8,Background Noise,45.6,45.6,0.0,0.0,100.0,0.0,0.0,40.0,42.0,46.9,-111,5.0
2026-04-12 02:55:43,Pasillo de Laboratorio - Ala Superior (E),49.1,Background Noise,41.4,41.4,0.0,0.0,100.0,0.0,0.0,40.0,40.0,43.6,-107,7.8
2026-04-12 02:55:58,Pasillo de Laboratorio (E),59.0,People,53.8,52.3,53.8,0.0,2.4,97.6,0.0,48.9,53.3,56.4,-96,11.8
2026-04-12 02:57:35,Pasillo Administrativo (E),75.6,Background Noise,46.7,46.7,0.0,0.0,100.0,0.0,0.0,40.0,40.0,40.0,-98,13.3
2026-04-12 02:57:43,Main Lobby (E),57.0,Background Noise,42.9,42.9,43.1,0.0,99.9,0.1,0.0,40.0,42.3,44.8,-109,4.0
2026-04-12 02:57:49,Pasillo de Salones (E),60.9,Background Noise,52.1,52.1,48.1,0.0,99.9,0.1,0.0,46.4,49.9,55.8,-101,8.8
2026-04-12 02:58:20,Salón - Extremo (E),60.1,Background Noise,42.4,42.4,0.0,0.0,100.0,0.0,0.0,40.0,40.0,44.6,-82,13.3
2026-04-12 02:58:25,Salón - Uma (E),68.4,People,61.5,61.5,61.7,0.0,92.4,7.6,0.0,57.2,60.8,64.1,-106,8.5
2026-04-12 02:58:50,Pasillo de Laboratorio - Ala Inferior (E),69.1,Background Noise,44.8,44.8,0.0,0.0,100.0,0.0,0.0,40.0,41.9,46.6,-102,7.8
2026-04-12 03:00:43,Pasillo de Laboratorio - Ala Superior (E),47.7,Background Noise,41.4,41.4,40.0,0.0,99.9,0.1,0.0,40.0,40.0,43.5,-99,9.0
2026-04-12 03:00:58,Pasillo de Laboratorio (E),60.0,People,53.7,53.4,53.7,0.0,2.7,97.3,0.0,49.0,53.0,56.3,-98,11.0
2026-04-12 03:02:35,Pasillo Administrativo (E),82.7,Background Noise,52.2,52.2,0.0,0.0,100.0,0.0,0.0,40.0,40.0,40.0,-104,8.2
2026-04-12 03:02:43,Main Lobby (E),53.5,Background Noise,43.7,43.7,41.4,0.0,99.8,0.2,0.0,40.7,43.0,45.8,-115,-3.8
2026-04-12 03:02:49,Pasillo de Salones (E),60.2,Background Noise,51.9,51.9,50.4,0.0,99.3,0.7,0.0,46.4,49.8,55.6,-100,9.0
2026-04-12 03:03:20,Salón - Extremo (E),50.7,Background Noise,42.1,42.1,0.0,0.0,100.0,0.0,0.0,40.0,40.0,44.6,-102,9.2
2026-04-12 03:03:25,Salón - Uma (E),68.3,Background Noise,61.5,61.6,61.3,0.0,91.5,8.5,0.0,57.2,60.9,64.0,-118,-5.2
2026-04-12 03:03:50,Pasillo de Laboratorio - Ala Inferior (E),68.5,Background Noise,44.4,44.4,0.0,0.0,100.0,0.0,0.0,40.0,41.6,46.4,-105,9.3
2026-04-12 03:05:44,Pasillo de Laboratorio - Ala Superior (E),50.1,Background Noise,41.3,41.3,40.0,0.0,99.9,0.1,0.0,40.0,40.0,43.3,-108,6.8
2026-04-12 03:05:59,Pasillo de Laboratorio (E),59.2,People,53.6,53.3,53.6,0.0,2.4,97.6,0.0,49.0,52.9,56.2,-115,-2.2
2026-04-12 03:07:36,Pasillo Administrativo (E),75.2,Background Noise,46.5,46.5,0.0,0.0,100.0,0.0,0.0,40.0,40.0,40.0,-103,7.2
2026-04-12 03:07:43,Main Lobby (E),62.9,Background Noise,43.5,43.5,0.0,0.0,100.0,0.0,0.0,40.2,42.8,45.2,-85,14.0
2026-04-12 03:07:49,Pasillo de Salones (E),59.1,Background Noise,52.0,52.0,48.3,0.0,99.7,0.3,0.0,46.7,50.1,55.6,-97,10.0
2026-04-12 03:08:20,Salón - Extremo (E),66.3,Background Noise,43.0,43.0,0.0,0.0,100.0,0.0,0.0,40.0,40.0,44.8,-87,13.5
2026-04-12 03:08:25,Salón - Uma (E),68.1,Background Noise,61.6,61.7,61.1,0.0,91.5,8.5,0.0,57.3,61.0,64.1,-114,-6.5
2026-04-12 03:08:51,Pasillo de Laboratorio - Ala Inferior (E),78.6,Background Noise,49.3,49.3,0.0,0.0,100.0,0.0,0.0,40.0,42.2,46.7,-109,4.5
2026-04-12 03:10:44,Pasillo de Laboratorio - Ala Superior (E),48.5,Background Noise,41.4,41.4,40.0,0.0,99.6,0.4,0.0,40.0,40.0,43.4,-108,7.0
2026-04-12 03:10:59,Pasillo de Laboratorio (E),58.9,People,53.7,52.9,53.7,0.0,1.6,98.4,0.0,49.1,53.1,56.3,-97,12.0
2026-04-12 03:12:36,Pasillo Administrativo (E),82.6,Background Noise,52.1,52.1,0.0,0.0,100.0,0.0,0.0,40.0,40.0,40.0,-97,14.0
2026-04-12 03:12:43,Main Lobby (E),49.8,Background Noise,43.7,43.7,43.3,0.0,99.9,0.1,0.0,40.8,43.3,45.7,-87,13.3
2026-04-12 03:12:49,Pasillo de Salones (E),60.0,Background Noise,52.1,52.1,0.0,0.0,100.0,0.0,0.0,46.6,50.0,55.6,-78,13.5
2026-04-12 03:13:21,Salón - Extremo (E),55.1,Background Noise,42.3,42.3,0.0,0.0,100.0,0.0,0.0,40.0,40.0,45.0,-83,14.8
2026-04-12 03:13:25,Salón - Uma (E),68.1,Background Noise,61.8,61.8,61.4,0.0,93.2,6.8,0.0,57.6,61.2,64.4,-105,9.8
2026-04-12 03:13:51,Pasillo de Laboratorio - Ala Inferior (E),66.5,Background Noise,44.3,44.3,0.0,0.0,100.0,0.0,0.0,40.0,42.1,46.6,-108,5.0
2026-04-12 03:15:44,Pasillo de Laboratorio - Ala Superior (E),48.2,Background Noise,41.2,41.2,40.0,0.0,99.9,0.1,0.0,40.0,40.0,43.0,-109,6.0
2026-04-12 03:15:59,Pasillo de Laboratorio (E),59.1,People,53.8,52.5,53.8,0.0,2.2,97.8,0.0,48.8,53.3,56.4,-114,-6.0
2026-04-12 03:17:36,Pasillo Administrativo (E),75.4,Background Noise,46.3,46.3,0.0,0.0,100.0,0.0,0.0,40.0,40.0,40.0,-96,13.3
2026-04-12 03:17:43,Main Lobby (E),62.0,Background Noise,43.4,43.4,0.0,0.0,100.0,0.0,0.0,40.4,42.7,45.2,-88,11.8
2026-04-12 03:17:49,Pasillo de Salones (E),60.7,Background Noise,52.1,52.1,48.7,0.0,99.7,0.3,0.0,46.3,49.9,55.5,-78,13.8
2026-04-12 03:18:21,Salón - Extremo (E),66.0,Background Noise,43.0,43.0,0.0,0.0,100.0,0.0,0.0,40.0,40.0,45.1,-101,9.5
2026-04-12 03:18:25,Salón - Uma (E),69.5,Background Noise,61.6,61.6,61.8,0.0,92.3,7.7,0.0,57.5,61.0,64.2,-113,1.5
2026-04-12 03:18:51,Pasillo de Laboratorio - Ala Inferior (E),79.3,Background Noise,49.7,49.7,0.0,0.0,100.0,0.0,0.0,40.0,41.7,46.6,-115,2.5
2026-04-12 03:20:44,Pasillo de Laboratorio - Ala Superior (E),48.1,Background Noise,41.3,41.3,0.0,0.0,100.0,0.0,0.0,40.0,40.0,43.3,-102,8.0
2026-04-12 03:20:59,Pasillo de Laboratorio (E),59.1,People,53.7,53.0,53.7,0.0,2.0,98.0,0.0,49.1,53.1,56.3,-117,-12.8
2026-04-12 03:22:36,Pasillo Administrativo (E),83.2,Background Noise,55.2,55.2,0.0,0.0,100.0,0.0,0.0,40.0,40.0,40.0,-109,10.5
2026-04-12 03:22:43,Main Lobby (E),55.0,Background Noise,43.5,43.5,0.0,0.0,100.0,0.0,0.0,40.4,43.0,45.6,-85,13.8
2026-04-12 03:22:49,Pasillo de Salones (E),60.3,Background Noise,52.2,52.2,57.2,0.0,99.9,0.1,0.0,46.5,50.1,55.7,-77,14.0
2026-04-12 03:23:21,Salón - Extremo (E),63.0,Background Noise,42.6,42.6,0.0,0.0,100.0,0.0,0.0,40.0,40.0,44.9,-99,9.2
2026-04-12 03:23:25,Salón - Uma (E),68.6,Background Noise,61.6,61.6,61.3,0.0,92.3,7.7,0.0,57.2,61.1,64.1,-115,-1.0
2026-04-12 03:23:51,Pasillo de Laboratorio - Ala Inferior (E),70.9,Background Noise,45.5,45.5,0.0,0.0,100.0,0.0,0.0,40.0,41.9,46.6,-105,9.0
2026-04-12 03:25:44,Pasillo de Laboratorio - Ala Superior (E),47.8,Background Noise,41.4,41.4,0.0,0.0,100.0,0.0,0.0,40.0,40.0,43.5,-106,6.8
2026-04-12 03:25:59,Pasillo de Laboratorio (E),58.9,People,53.7,53.5,53.7,0.0,2.3,97.7,0.0,48.9,52.9,56.4,-117,-7.0
2026-04-12 03:27:36,Pasillo Administrativo (E),73.8,Background Noise,45.4,45.4,0.0,0.0,100.0,0.0,0.0,40.0,40.0,40.0,-95,10.3
2026-04-12 03:27:43,Main Lobby (E),53.3,Background Noise,45.2,45.2,0.0,0.0,100.0,0.0,0.0,41.8,44.8,47.2,-85,13.5
2026-04-12 03:27:49,Pasillo de Salones (E),61.1,Background Noise,52.1,52.1,52.5,0.0,99.6,0.4,0.0,46.6,50.1,55.7,-77,13.5
2026-04-12 03:28:21,Salón - Extremo (E),53.0,Background Noise,42.2,42.2,0.0,0.0,100.0,0.0,0.0,40.0,40.0,44.8,-102,9.5
2026-04-12 03:28:25,Salón - Uma (E),69.8,Background Noise,61.7,61.7,61.6,0.0,93.8,6.2,0.0,57.5,60.9,64.3,-106,8.0
2026-04-12 03:28:51,Pasillo de Laboratorio - Ala Inferior (E),61.7,Background Noise,43.9,43.9,0.0,0.0,100.0,0.0,0.0,40.0,42.0,46.7,-109,6.5
2026-04-12 03:30:44,Pasillo de Laboratorio - Ala Superior (E),48.6,Background Noise,41.4,41.4,0.0,0.0,100.0,0.0,0.0,40.0,40.0,43.7,-96,12.3
2026-04-12 03:30:59,Pasillo de Laboratorio (E),59.1,People,53.8,53.6,53.8,0.0,2.3,97.7,0.0,49.2,53.2,56.4,-118,-6.0
2026-04-12 03:32:36,Pasillo Administrativo (E),87.3,Background Noise,56.7,56.7,0.0,0.0,100.0,0.0,0.0,40.0,40.0,40.0,-114,-2.0
2026-04-12 03:32:43,Main Lobby (E),60.9,Background Noise,45.8,45.8,43.0,0.0,99.9,0.1,0.0,43.3,45.3,47.6,-119,-6.8
2026-04-12 03:32:50,Pasillo de Salones (E),59.9,Background Noise,52.1,52.1,55.4,0.0,99.9,0.1,0.0,46.2,49.9,55.8,-88,12.0
2026-04-12 03:33:21,Salón - Extremo (E),66.5,Background Noise,43.1,43.1,0.0,0.0,100.0,0.0,0.0,40.0,40.0,44.8,-87,13.5
2026-04-12 03:33:25,Salón - Uma (E),68.2,Background Noise,61.7,61.7,61.1,0.0,93.6,6.4,0.0,57.4,61.0,64.2,-104,10.5
2026-04-12 03:33:51,Pasillo de Laboratorio - Ala Inferior (E),77.5,Background Noise,48.4,48.4,0.0,0.0,100.0,0.0,0.0,40.0,41.7,46.6,-102,9.5
2026-04-12 03:35:44,Pasillo de Laboratorio - Ala Superior (E),49.0,Background Noise,41.2,41.2,0.0,0.0,100.0,0.0,0.0,40.0,40.0,43.3,-92,13.5
2026-04-12 03:35:59,Pasillo de Laboratorio (E),59.2,People,53.6,53.4,53.6,0.0,2.6,97.4,0.0,49.1,52.9,56.4,-109,7.5
2026-04-12 03:37:37,Pasillo Administrativo (E),74.3,Background Noise,46.0,46.0,0.0,0.0,100.0,0.0,0.0,40.0,40.0,40.0,-105,8.5
2026-04-12 03:37:44,Main Lobby (E),54.8,Background Noise,46.9,46.8,48.5,0.0,95.2,4.7,0.0,43.6,46.1,49.2,-102,9.2
2026-04-12 03:37:50,Pasillo de Salones (E),59.4,Background Noise,52.2,52.2,49.7,0.0,99.6,0.4,0.0,46.5,50.2,55.8,-88,14.5
2026-04-12 03:38:21,Salón - Extremo (E),55.3,Background Noise,42.2,42.2,0.0,0.0,100.0,0.0,0.0,40.0,40.1,44.8,-99,6.2
2026-04-12 03:38:26,Salón - Uma (E),68.6,Background Noise,61.6,61.7,60.7,0.0,92.5,7.5,0.0,57.4,61.0,64.0,-104,0.5
2026-04-12 03:38:53,Pasillo de Laboratorio - Ala Inferior (E),61.9,Background Noise,43.9,43.9,0.0,0.0,100.0,0.0,0.0,40.0,42.1,46.7,-109,6.5
2026-04-12 03:40:44,Pasillo de Laboratorio - Ala Superior (E),49.4,Background Noise,41.4,41.4,40.2,0.0,99.8,0.2,0.0,40.0,40.0,43.5,-97,9.0
2026-04-12 03:40:59,Pasillo de Laboratorio (E),59.0,People,53.6,52.2,53.6,0.0,3.0,97.0,0.0,49.1,52.8,56.3,-120,-10.2
2026-04-12 03:42:37,Pasillo Administrativo (E),88.5,Background Noise,57.9,57.9,0.0,0.0,100.0,0.0,0.0,40.0,40.0,40.0,-107,9.2
2026-04-12 03:42:44,Main Lobby (E),56.0,Background Noise,48.8,48.8,48.9,0.0,93.2,6.8,0.0,43.0,48.4,51.2,-101,9.0
2026-04-12 03:42:50,Pasillo de Salones (E),61.5,Background Noise,52.2,52.2,48.0,0.0,99.8,0.2,0.0,46.5,50.0,55.8,-112,2.8
2026-04-12 03:43:21,Salón - Extremo (E),66.2,Background Noise,43.2,43.2,0.0,0.0,100.0,0.0,0.0,40.0,40.0,45.0,-108,5.8
2026-04-12 03:43:26,Salón - Uma (E),68.8,Background Noise,61.6,61.6,61.6,0.0,93.0,7.0,0.0,57.4,60.9,64.1,-105,10.0
2026-04-12 03:43:51,Pasillo de Laboratorio - Ala Inferior (E),78.7,Background Noise,49.2,49.2,0.0,0.0,100.0,0.0,0.0,40.0,42.1,46.7,-105,9.3
2026-04-12 03:45:45,Pasillo de Laboratorio - Ala Superior (E),57.0,Background Noise,41.4,41.4,40.0,0.0,99.6,0.4,0.0,40.0,40.0,43.4,-101,9.5
2026-04-12 03:46:00,Pasillo de Laboratorio (E),59.0,People,53.6,53.2,53.6,0.0,2.0,98.0,0.0,48.9,52.8,56.3,-106,-9.5
2026-04-12 03:47:37,Pasillo Administrativo (E),75.2,Background Noise,46.3,46.3,0.0,0.0,100.0,0.0,0.0,40.0,40.0,40.0,-95,10.3
2026-04-12 03:47:44,Main Lobby (E),49.2,Background Noise,43.0,43.0,42.2,0.0,99.3,0.7,0.0,40.0,42.4,44.9,-96,12.5
2026-04-12 03:47:50,Pasillo de Salones (E),60.0,Background Noise,52.2,52.2,51.6,0.0,99.9,0.1,0.0,46.6,50.1,55.8,-89,13.8
2026-04-12 03:48:21,Salón - Extremo (E),53.9,Background Noise,42.2,42.2,0.0,0.0,100.0,0.0,0.0,40.0,40.0,44.9,-109,-3.8
2026-04-12 03:48:26,Salón - Uma (E),68.0,Background Noise,61.6,61.7,60.9,0.0,92.3,7.7,0.0,57.6,61.0,64.2,-105,9.8
2026-04-12 03:48:52,Pasillo de Laboratorio - Ala Inferior (E),61.8,Background Noise,43.8,43.8,0.0,0.0,100.0,0.0,0.0,40.0,41.6,46.4,-105,9.5
2026-04-12 03:50:45,Pasillo de Laboratorio - Ala Superior (E),48.7,Background Noise,41.2,41.2,0.0,45.3,99.9,0.0,0.1,40.0,40.0,43.2,-95,10.2
2026-04-12 03:51:00,Pasillo de Laboratorio (E),59.5,People,53.6,53.2,53.6,0.0,2.5,97.5,0.0,48.9,53.1,56.2,-98,11.8
2026-04-12 03:52:37,Pasillo Administrativo (E),88.5,Background Noise,57.8,57.8,0.0,0.0,100.0,0.0,0.0,40.0,40.0,40.0,-106,8.3
2026-04-12 03:52:44,Main Lobby (E),49.6,Background Noise,42.8,42.8,42.1,0.0,99.9,0.1,0.0,40.0,42.2,44.8,-97,13.0
2026-04-12 03:52:50,Pasillo de Salones (E),60.7,Background Noise,52.0,52.1,47.7,0.0,99.3,0.7,0.0,46.5,50.0,55.7,-89,13.8
2026-04-12 03:53:22,Salón - Extremo (E),52.5,Background Noise,42.0,42.0,0.0,0.0,100.0,0.0,0.0,40.0,40.0,44.6,-107,6.5
2026-04-12 03:53:26,Salón - Uma (E),68.3,Background Noise,61.6,61.6,61.5,0.0,91.8,8.2,0.0,57.6,61.0,64.1,-114,0.2
2026-04-12 03:53:52,Pasillo de Laboratorio - Ala Inferior (E),79.3,Background Noise,49.8,49.8,41.2,0.0,99.9,0.1,0.0,40.0,42.4,46.9,-105,8.8
2026-04-12 03:55:45,Pasillo de Laboratorio - Ala Superior (E),48.9,Background Noise,41.4,41.4,0.0,0.0,100.0,0.0,0.0,40.0,40.0,43.6,-99,10.0
2026-04-12 03:56:00,Pasillo de Laboratorio (E),59.5,People,53.7,53.4,53.7,0.0,2.0,98.0,0.0,49.0,53.0,56.5,-97,12.0
2026-04-12 03:57:37,Pasillo Administrativo (E),75.2,Background Noise,46.2,46.2,0.0,0.0,100.0,0.0,0.0,40.0,40.0,40.0,-95,11.8
2026-04-12 03:57:44,Main Lobby (E),47.9,Background Noise,42.6,42.6,42.8,0.0,99.6,0.4,0.0,40.0,42.1,44.5,-103,9.5
2026-04-12 03:57:50,Pasillo de Salones (E),59.4,Background Noise,52.0,52.0,55.1,0.0,99.9,0.1,0.0,46.2,49.9,55.7,-88,14.3
2026-04-12 03:58:22,Salón - Extremo (E),53.8,Background Noise,42.2,42.2,0.0,0.0,100.0,0.0,0.0,40.0,40.1,44.7,-107,6.0
2026-04-12 03:58:26,Salón - Uma (E),68.4,Background Noise,61.6,61.7,60.7,0.0,93.0,7.0,0.0,57.4,60.9,64.0,-114,-8.5
2026-04-12 03:58:52,Pasillo de Laboratorio - Ala Inferior (E),68.6,Background Noise,44.7,44.7,0.0,0.0,100.0,0.0,0.0,40.0,41.9,46.8,-111,5.8
2026-04-12 04:00:45,Pasillo de Laboratorio - Ala Superior (E),47.4,Background Noise,41.3,41.3,40.0,0.0,99.8,0.2,0.0,40.0,40.0,43.3,-99,9.0
2026-04-12 04:01:00,Pasillo de Laboratorio (E),59.0,People,53.6,53.6,53.6,0.0,2.6,97.4,0.0,48.7,52.9,56.2,-97,12.8
2026-04-12 04:02:37,Pasillo Administrativo (E),88.2,Background Noise,57.6,57.6,0.0,0.0,100.0,0.0,0.0,40.0,40.0,40.0,-114,-1.0
2026-04-12 04:02:44,Main Lobby (E),49.8,Background Noise,43.0,43.0,42.8,0.0,93.3,6.7,0.0,40.1,42.5,45.1,-98,12.5
2026-04-12 04:02:50,Pasillo de Salones (E),60.0,Background Noise,52.1,52.1,54.0,0.0,99.8,0.3,0.0,46.3,50.1,55.7,-88,13.8
2026-04-12 04:03:22,Salón - Extremo (E),51.0,Background Noise,42.2,42.2,0.0,0.0,100.0,0.0,0.0,40.0,40.0,45.0,-99,10.3
2026-04-12 04:03:26,Salón - Uma (E),69.2,Background Noise,61.6,61.6,61.4,0.0,93.4,6.6,0.0,57.3,60.9,64.2,-105,9.0
2026-04-12 04:03:52,Pasillo de Laboratorio - Ala Inferior (E),79.2,Background Noise,49.7,49.7,0.0,0.0,100.0,0.0,0.0,40.0,41.8,46.5,-107,7.8
2026-04-12 04:05:45,Pasillo de Laboratorio - Ala Superior (E),48.6,Background Noise,41.2,41.2,0.0,0.0,100.0,0.0,0.0,40.0,40.0,43.0,-89,10.0
2026-04-12 04:06:00,Pasillo de Laboratorio (E),59.8,People,53.6,52.3,53.6,0.0,2.6,97.4,0.0,48.9,52.8,56.2,-114,0.8
2026-04-12 04:07:37,Pasillo Administrativo (E),78.0,Background Noise,49.6,49.6,0.0,0.0,100.0,0.0,0.0,40.0,40.0,40.0,-96,11.8
2026-04-12 04:07:44,Main Lobby (E),50.4,Background Noise,45.2,45.2,45.4,0.0,93.2,6.8,0.0,41.6,44.9,47.3,-98,11.0
2026-04-12 04:07:50,Pasillo de Salones (E),60.3,Background Noise,52.1,52.1,50.9,0.0,99.8,0.2,0.0,46.5,50.0,55.7,-107,3.5
2026-04-12 04:08:22,Salón - Extremo (E),54.5,Background Noise,42.2,42.2,0.0,0.0,100.0,0.0,0.0,40.0,40.0,44.7,-111,7.0
2026-04-12 04:08:26,Salón - Uma (E),67.7,Background Noise,61.5,61.5,61.2,0.0,93.4,6.6,0.0,57.4,60.9,63.9,-114,1.5
2026-04-12 04:08:52,Pasillo de Laboratorio - Ala Inferior (E),78.3,Background Noise,49.0,49.0,0.0,0.0,100.0,0.0,0.0,40.0,42.0,46.7,-107,7.8
2026-04-12 04:10:45,Pasillo de Laboratorio - Ala Superior (E),56.1,Background Noise,41.4,41.4,40.0,0.0,99.8,0.2,0.0,40.0,40.0,43.2,-97,9.5
2026-04-12 04:11:00,Pasillo de Laboratorio (E),60.5,People,53.7,54.0,53.6,0.0,2.8,97.2,0.0,49.0,52.9,56.4,-113,7.2
2026-04-12 04:12:37,Pasillo Administrativo (E),88.6,Background Noise,57.9,57.9,0.0,0.0,100.0,0.0,0.0,40.0,40.0,40.0,-115,1.0
2026-04-12 04:12:44,Main Lobby (E),51.4,Background Noise,45.9,45.9,46.0,0.0,98.1,1.9,0.0,43.6,45.6,47.6,-102,9.0
2026-04-12 04:12:51,Pasillo de Salones (E),59.3,Background Noise,51.9,51.9,53.6,0.0,99.6,0.4,0.0,46.2,49.8,55.5,-111,3.0
2026-04-12 04:13:22,Salón - Extremo (E),53.5,Background Noise,42.2,42.2,0.0,0.0,100.0,0.0,0.0,40.0,40.0,44.8,-108,4.0
2026-04-12 04:13:26,Salón - Uma (E),67.5,Background Noise,61.6,61.7,61.2,0.0,93.2,6.8,0.0,57.4,60.8,64.3,-104,9.0
2026-04-12 04:13:52,Pasillo de Laboratorio - Ala Inferior (E),79.2,Background Noise,49.7,49.7,0.0,0.0,100.0,0.0,0.0,40.0,42.2,46.7,-113,5.2
2026-04-12 04:15:45,Pasillo de Laboratorio - Ala Superior (E),49.2,Background Noise,41.2,41.2,0.0,0.0,100.0,0.0,0.0,40.0,40.0,43.1,-91,10.2
2026-04-12 04:16:00,Pasillo de Laboratorio (E),58.4,People,53.7,53.3,53.7,0.0,2.1,97.9,0.0,49.1,53.1,56.4,-109,9.0
2026-04-12 04:17:37,Pasillo Administrativo (E),79.4,Background Noise,50.5,50.5,0.0,0.0,100.0,0.0,0.0,40.0,40.0,40.0,-86,9.2
2026-04-12 04:17:45,Main Lobby (E),52.6,Background Noise,44.7,44.7,43.9,0.0,99.3,0.7,0.0,40.4,44.2,47.1,-95,13.3
2026-04-12 04:17:51,Pasillo de Salones (E),58.7,Background Noise,51.9,51.9,46.9,0.0,99.7,0.3,0.0,46.2,49.9,55.6,-108,7.0
2026-04-12 04:18:22,Salón - Extremo (E),52.5,Background Noise,42.0,42.0,0.0,0.0,100.0,0.0,0.0,40.0,40.0,44.4,-96,11.0
2026-04-12 04:18:27,Salón - Uma (E),68.0,Background Noise,61.6,61.6,61.2,0.0,91.8,8.2,0.0,57.3,60.8,64.2,-106,8.5
2026-04-12 04:18:52,Pasillo de Laboratorio - Ala Inferior (E),79.5,Background Noise,49.9,49.9,0.0,0.0,100.0,0.0,0.0,40.0,41.7,46.2,-101,10.0
2026-04-12 04:20:45,Pasillo de Laboratorio - Ala Superior (E),61.0,Background Noise,41.6,41.6,0.0,0.0,100.0,0.0,0.0,40.0,40.0,43.3,-91,13.5
2026-04-12 04:21:00,Pasillo de Laboratorio (E),59.1,People,53.6,53.2,53.6,0.0,2.2,97.8,0.0,48.9,53.0,56.2,-99,11.0
2026-04-12 04:22:38,Pasillo Administrativo (E),85.4,Background Noise,55.0,55.0,0.0,0.0,100.0,0.0,0.0,40.0,40.0,40.0,-117,-4.0
2026-04-12 04:22:45,Main Lobby (E),48.0,Background Noise,42.4,42.4,0.0,0.0,100.0,0.0,0.0,40.0,41.8,44.6,-115,-7.0
2026-04-12 04:22:51,Pasillo de Salones (E),59.1,Background Noise,51.9,51.9,48.1,0.0,99.7,0.3,0.0,46.3,49.8,55.7,-89,14.0
2026-04-12 04:23:22,Salón - Extremo (E),51.0,Background Noise,42.2,42.2,0.0,0.0,100.0,0.0,0.0,40.0,40.0,44.8,-105,6.2
2026-04-12 04:23:27,Salón - Uma (E),69.6,Background Noise,61.6,61.6,61.2,0.0,94.8,5.2,0.0,57.6,60.8,64.1,-103,10.3
2026-04-12 04:23:52,Pasillo de Laboratorio - Ala Inferior (E),78.2,Background Noise,49.0,49.0,0.0,0.0,100.0,0.0,0.0,40.0,41.9,46.7,-105,7.0
2026-04-12 04:25:46,Pasillo de Laboratorio - Ala Superior (E),49.3,Background Noise,41.2,41.2,40.0,0.0,99.9,0.1,0.0,40.0,40.0,43.4,-94,13.0
2026-04-12 04:26:01,Pasillo de Laboratorio (E),59.9,People,53.8,54.2,53.7,0.0,1.8,98.3,0.0,49.2,53.0,56.4,-119,-6.0
2026-04-12 04:27:38,Pasillo Administrativo (E),79.4,Background Noise,50.5,50.5,0.0,0.0,100.0,0.0,0.0,40.0,40.0,40.0,-97,12.0
2026-04-12 04:27:45,Main Lobby (E),58.8,People,49.1,48.5,55.6,0.0,96.8,3.2,0.0,40.0,42.2,55.5,-97,12.5
2026-04-12 04:27:51,Pasillo de Salones (E),60.3,Background Noise,52.0,52.0,50.6,0.0,99.4,0.6,0.0,46.3,49.9,55.5,-108,4.0
2026-04-12 04:28:22,Salón - Extremo (E),55.7,Background Noise,42.4,42.4,0.0,0.0,100.0,0.0,0.0,40.0,40.0,45.1,-111,6.0
2026-04-12 04:28:27,Salón - Uma (E),67.9,Background Noise,61.6,61.7,60.8,0.0,91.6,8.4,0.0,57.6,61.0,64.2,-115,-6.2
2026-04-12 04:28:53,Pasillo de Laboratorio - Ala Inferior (E),79.8,Background Noise,50.2,50.2,0.0,0.0,100.0,0.0,0.0,40.0,42.3,46.8,-108,5.8
2026-04-12 04:30:46,Pasillo de Laboratorio - Ala Superior (E),58.7,Background Noise,41.4,41.4,0.0,0.0,100.0,0.0,0.0,40.0,40.0,43.2,-99,12.0
2026-04-12 04:31:01,Pasillo de Laboratorio (E),60.3,People,53.6,53.0,53.7,0.0,2.3,97.7,0.0,48.8,53.0,56.2,-117,-4.8
2026-04-12 04:32:38,Pasillo Administrativo (E),87.1,Background Noise,56.6,56.6,0.0,0.0,100.0,0.0,0.0,40.0,40.0,40.0,-96,11.5
2026-04-12 04:32:45,Main Lobby (E),58.0,Background Noise,54.8,54.8,54.9,0.0,80.5,19.5,0.0,51.3,55.0,56.6,-102,9.5
2026-04-12 04:32:51,Pasillo de Salones (E),59.7,Background Noise,52.1,52.1,51.6,0.0,99.8,0.2,0.0,46.4,49.9,55.7,-88,14.0
2026-04-12 04:33:23,Salón - Extremo (E),52.3,Background Noise,42.3,42.3,0.0,0.0,100.0,0.0,0.0,40.0,40.0,44.9,-93,13.3
2026-04-12 04:33:27,Salón - Uma (E),69.0,Background Noise,61.5,61.6,60.8,0.0,92.8,7.2,0.0,57.1,60.8,64.0,-115,
2026-04-12 04:33:53,Pasillo de Laboratorio - Ala Inferior (E),77.5,Background Noise,48.4,48.4,0.0,0.0,100.0,0.0,0.0,40.0,41.7,46.4,-107,7.2
2026-04-12 04:35:46,Pasillo de Laboratorio - Ala Superior (E),47.8,Background Noise,41.2,41.2,40.0,0.0,99.9,0.1,0.0,40.0,40.0,43.3,-102,8.0
2026-04-12 04:36:01,Pasillo de Laboratorio (E),58.8,People,53.7,52.8,53.7,0.0,1.6,98.4,0.0,48.9,53.1,56.2,-115,-5.8
2026-04-12 04:37:38,Pasillo Administrativo (E),79.4,Background Noise,50.3,50.3,0.0,0.0,100.0,0.0,0.0,40.0,40.0,40.0,-102,8.2
2026-04-12 04:37:45,Main Lobby (E),57.5,Background Noise,48.1,47.7,53.4,0.0,97.1,2.9,0.0,40.9,43.5,53.5,-99,8.8
2026-04-12 04:37:51,Pasillo de Salones (E),59.5,Background Noise,52.1,52.1,50.5,0.0,99.8,0.2,0.0,46.2,50.0,55.7,-105,6.8
2026-04-12 04:38:23,Salón - Extremo (E),51.4,Background Noise,42.2,42.2,0.0,0.0,100.0,0.0,0.0,40.0,40.0,44.8,-92,10.3
2026-04-12 04:38:27,Salón - Uma (E),68.5,Background Noise,61.8,61.8,61.4,0.0,91.5,8.5,0.0,57.7,61.1,64.3,-116,-8.0
2026-04-12 04:38:53,Pasillo de Laboratorio - Ala Inferior (E),80.1,Background Noise,50.4,50.4,0.0,0.0,100.0,0.0,0.0,40.0,41.9,46.8,-103,10.3
2026-04-12 04:40:46,Pasillo de Laboratorio - Ala Superior (E),58.7,Background Noise,41.4,41.4,0.0,0.0,100.0,0.0,0.0,40.0,40.0,43.3,-98,9.2
2026-04-12 04:41:01,Pasillo de Laboratorio (E),61.1,People,53.7,53.0,53.7,0.0,2.2,97.8,0.0,49.2,53.1,56.3,-98,11.5
2026-04-12 04:42:38,Pasillo Administrativo (E),88.2,Background Noise,57.6,57.6,0.0,0.0,100.0,0.0,0.0,40.0,40.0,40.0,-106,8.3
2026-04-12 04:42:45,Main Lobby (E),51.6,Background Noise,45.3,45.3,45.5,0.0,99.1,0.9,0.0,42.3,45.1,47.2,-101,8.0
2026-04-12 04:42:51,Pasillo de Salones (E),60.5,Background Noise,52.1,52.1,51.4,0.0,99.1,0.9,0.0,46.4,49.9,55.6,-108,6.5
2026-04-12 04:43:23,Salón - Extremo (E),54.2,Background Noise,42.4,42.4,0.0,0.0,100.0,0.0,0.0,40.0,40.0,44.9,-102,10.3
2026-04-12 04:43:27,Salón - Uma (E),68.0,Background Noise,61.6,61.7,61.3,0.0,92.2,7.8,0.0,57.5,60.9,64.1,-107,7.0
2026-04-12 04:43:53,Pasillo de Laboratorio - Ala Inferior (E),78.7,Background Noise,49.4,49.4,0.0,0.0,100.0,0.0,0.0,40.0,42.3,46.9,-111,3.2
2026-04-12 04:45:46,Pasillo de Laboratorio - Ala Superior (E),55.1,Background Noise,41.3,41.3,40.0,0.0,99.9,0.1,0.0,40.0,40.0,43.1,-89,8.5
2026-04-12 04:46:01,Pasillo de Laboratorio (E),60.8,People,53.8,53.3,53.8,0.0,2.0,98.0,0.0,48.9,53.1,56.4,-113,3.8
2026-04-12 04:47:38,Pasillo Administrativo (E),85.2,Background Noise,54.5,54.5,0.0,0.0,100.0,0.0,0.0,40.0,40.0,40.0,-102,10.5
2026-04-12 04:47:45,Main Lobby (E),50.5,Background Noise,46.0,46.0,45.9,0.0,96.3,3.7,0.0,43.8,45.7,47.7,-99,12.3
2026-04-12 04:47:51,Pasillo de Salones (E),59.2,Background Noise,51.8,51.8,49.3,0.0,99.5,0.5,0.0,46.2,49.8,55.5,-111,3.8
2026-04-12 04:48:23,Salón - Extremo (E),56.1,Background Noise,42.3,42.3,0.0,0.0,100.0,0.0,0.0,40.0,40.0,44.8,-109,5.8
2026-04-12 04:48:27,Salón - Uma (E),68.8,Background Noise,61.6,61.6,61.3,0.0,92.7,7.3,0.0,57.4,60.9,64.1,-115,1.5
2026-04-12 04:48:53,Pasillo de Laboratorio - Ala Inferior (E),79.6,Background Noise,49.9,49.9,0.0,0.0,100.0,0.0,0.0,40.0,41.9,46.7,-101,11.5
2026-04-12 04:50:46,Pasillo de Laboratorio - Ala Superior (E),60.3,Background Noise,41.4,41.4,40.0,0.0,99.9,0.1,0.0,40.0,40.0,43.1,-95,9.2
2026-04-12 04:51:01,Pasillo de Laboratorio (E),59.7,People,53.6,51.6,53.7,0.0,3.0,97.0,0.0,49.0,53.0,56.2,-106,3.8
2026-04-12 04:52:38,Pasillo Administrativo (E),87.9,Background Noise,57.2,57.2,0.0,0.0,100.0,0.0,0.0,40.0,40.0,40.0,-103,7.8
2026-04-12 04:52:45,Main Lobby (E),50.2,Background Noise,44.1,44.1,42.9,0.0,98.5,1.5,0.0,40.2,43.2,46.8,-98,12.5
2026-04-12 04:52:53,Pasillo de Salones (E),60.0,Background Noise,51.8,51.8,48.6,0.0,99.9,0.1,0.0,46.2,49.7,55.5,-111,5.2
2026-04-12 04:53:23,Salón - Extremo (E),55.5,Background Noise,42.1,42.1,0.0,0.0,100.0,0.0,0.0,40.0,40.0,44.6,-111,4.2
2026-04-12 04:53:27,Salón - Uma (E),67.9,Background Noise,61.6,61.7,60.7,0.0,92.8,7.2,0.0,57.4,61.0,64.0,-105,9.8
2026-04-12 04:53:53,Pasillo de Laboratorio - Ala Inferior (E),79.4,Background Noise,49.8,49.8,0.0,0.0,100.0,0.0,0.0,40.0,42.1,46.6,-111,4.0
2026-04-12 04:55:46,Pasillo de Laboratorio - Ala Superior (E),59.6,Background Noise,41.4,41.4,40.9,0.0,99.9,0.1,0.0,40.0,40.0,43.3,-94,9.2
2026-04-12 04:56:01,Pasillo de Laboratorio (E),59.9,People,53.7,53.2,53.7,0.0,2.3,97.7,0.0,49.0,52.9,56.2,-114,5.8
2026-04-12 04:57:38,Pasillo Administrativo (E),79.3,Background Noise,49.1,49.1,0.0,0.0,100.0,0.0,0.0,40.0,40.0,40.0,-117,-4.8
2026-04-12 04:57:46,Main Lobby (E),58.5,Background Noise,43.2,43.1,49.7,0.0,99.2,0.8,0.0,40.0,42.3,45.2,-95,13.8
2026-04-12 04:57:52,Pasillo de Salones (E),60.6,Background Noise,52.0,52.0,0.0,0.0,100.0,0.0,0.0,46.3,49.9,55.6,-89,13.8
2026-04-12 04:58:23,Salón - Extremo (E),51.7,Background Noise,42.1,42.1,0.0,0.0,100.0,0.0,0.0,40.0,40.0,44.6,-92,13.3
2026-04-12 04:58:28,Salón - Uma (E),67.8,People,61.6,61.6,61.1,0.0,92.3,7.7,0.0,57.6,61.0,64.2,-113,1.2
2026-04-12 04:58:53,Pasillo de Laboratorio - Ala Inferior (E),77.4,Background Noise,48.4,48.4,0.0,0.0,100.0,0.0,0.0,40.0,42.1,46.7,-111,0.2
2026-04-12 05:00:46,Pasillo de Laboratorio - Ala Superior (E),49.7,Background Noise,41.4,41.4,0.0,0.0,100.0,0.0,0.0,40.0,40.0,43.4,-90,8.2
2026-04-12 05:01:01,Pasillo de Laboratorio (E),59.8,People,53.4,53.3,53.5,0.0,2.2,97.7,0.0,48.9,52.6,56.0,-97,11.3
2026-04-12 05:02:38,Pasillo Administrativo (E),88.7,Background Noise,58.0,58.0,0.0,0.0,100.0,0.0,0.0,40.0,40.0,40.0,-105,8.5
2026-04-12 05:02:46,Main Lobby (E),49.1,Background Noise,42.9,42.9,43.4,0.0,99.5,0.5,0.0,40.0,42.4,44.9,-98,11.0
2026-04-12 05:02:52,Pasillo de Salones (E),59.5,Background Noise,52.1,52.1,53.4,0.0,99.8,0.2,0.0,46.4,49.9,55.8,-89,12.0
2026-04-12 05:03:23,Salón - Extremo (E),53.7,Background Noise,42.1,42.1,0.0,0.0,100.0,0.0,0.0,40.0,40.0,44.8,-94,13.8
2026-04-12 05:03:28,Salón - Uma (E),68.8,Background Noise,61.6,61.7,60.8,0.0,94.3,5.7,0.0,57.5,60.9,64.3,-115,-2.0
2026-04-12 05:03:53,Pasillo de Laboratorio - Ala Inferior (E),79.4,Background Noise,49.8,49.8,0.0,0.0,100.0,0.0,0.0,40.0,42.1,46.5,-104,10.3
2026-04-12 05:05:47,Pasillo de Laboratorio - Ala Superior (E),60.9,Background Noise,41.6,41.6,0.0,0.0,100.0,0.0,0.0,40.0,40.0,43.4,-89,9.0
2026-04-12 05:06:02,Pasillo de Laboratorio (E),60.0,People,53.6,53.2,53.6,0.0,2.7,97.3,0.0,49.0,52.8,56.2,-97,11.5
2026-04-12 05:07:38,Pasillo Administrativo (E),75.2,Background Noise,46.0,46.0,0.0,0.0,100.0,0.0,0.0,40.0,40.0,40.0,-102,8.2
2026-04-12 05:07:46,Main Lobby (E),49.4,Background Noise,43.0,43.0,42.8,0.0,98.8,1.2,0.0,40.3,42.5,45.1,-117,-6.5
2026-04-12 05:07:52,Pasillo de Salones (E),59.8,Background Noise,51.8,51.8,50.6,0.0,99.8,0.2,0.0,46.0,49.7,55.5,-108,7.5
2026-04-12 05:08:23,Salón - Extremo (E),51.4,Background Noise,42.1,42.1,0.0,0.0,100.0,0.0,0.0,40.0,40.0,44.6,-108,6.8
2026-04-12 05:08:28,Salón - Uma (E),68.5,Background Noise,61.6,61.5,61.6,0.0,91.8,8.2,0.0,57.4,60.8,64.1,-117,-2.0
2026-04-12 05:08:53,Pasillo de Laboratorio - Ala Inferior (E),75.4,Background Noise,47.2,47.2,0.0,0.0,100.0,0.0,0.0,40.0,42.2,46.8,-99,12.3
2026-04-12 05:10:47,Pasillo de Laboratorio - Ala Superior (E),58.2,Background Noise,41.6,41.6,40.0,0.0,99.9,0.1,0.0,40.0,40.0,43.5,-96,12.8
2026-04-12 05:11:02,Pasillo de Laboratorio (E),60.2,People,53.6,52.4,53.6,0.0,2.1,97.9,0.0,48.9,52.9,56.3,-114,-1.0
2026-04-12 05:12:39,Pasillo Administrativo (E),88.2,Background Noise,57.5,57.5,0.0,0.0,100.0,0.0,0.0,40.0,40.0,40.0,-95,11.3
2026-04-12 05:12:46,Main Lobby (E),50.9,Background Noise,43.7,43.7,43.4,0.0,97.9,2.1,0.0,40.6,43.0,46.0,-99,9.0
2026-04-12 05:12:52,Pasillo de Salones (E),60.3,Background Noise,51.8,51.8,48.0,0.0,99.5,0.5,0.0,46.2,49.9,55.6,-108,5.0
2026-04-12 05:13:26,Salón - Extremo (E),54.4,Background Noise,42.2,42.2,0.0,0.0,100.0,0.0,0.0,40.0,40.0,44.8,-93,12.8
2026-04-12 05:13:28,Salón - Uma (E),68.3,Background Noise,61.6,61.6,61.6,0.0,92.6,7.4,0.0,57.4,60.9,64.1,-104,7.8
2026-04-12 05:13:54,Pasillo de Laboratorio - Ala Inferior (E),79.5,Background Noise,49.9,49.9,0.0,0.0,100.0,0.0,0.0,40.0,42.3,47.0,-113,2.2
2026-04-12 05:15:47,Pasillo de Laboratorio - Ala Superior (E),59.6,Background Noise,41.5,41.5,0.0,0.0,100.0,0.0,0.0,40.0,40.0,43.6,-99,11.8
2026-04-12 05:16:02,Pasillo de Laboratorio (E),58.9,People,53.7,53.3,53.7,0.0,2.4,97.6,0.0,48.9,53.2,56.3,-118,-5.0
2026-04-12 05:17:39,Pasillo Administrativo (E),86.0,Background Noise,55.4,55.4,0.0,0.0,100.0,0.0,0.0,40.0,40.0,40.0,-103,-0.5
2026-04-12 05:17:46,Main Lobby (E),51.4,Background Noise,46.1,46.1,45.8,0.0,99.8,0.2,0.0,43.8,45.8,47.8,-98,12.8
2026-04-12 05:17:52,Pasillo de Salones (E),59.8,Background Noise,51.8,51.8,48.3,0.0,99.7,0.3,0.0,46.2,49.8,55.5,-88,14.5
2026-04-12 05:18:24,Salón - Extremo (E),52.2,Background Noise,42.3,42.3,0.0,0.0,100.0,0.0,0.0,40.0,40.1,45.0,-108,6.0
2026-04-12 05:18:28,Salón - Uma (E),69.4,Background Noise,61.7,61.7,61.1,0.0,92.8,7.2,0.0,57.5,60.9,64.3,-105,9.0
2026-04-12 05:18:54,Pasillo de Laboratorio - Ala Inferior (E),79.4,Background Noise,49.8,49.8,0.0,0.0,100.0,0.0,0.0,40.0,42.1,46.7,-109,6.0
2026-04-12 05:20:47,Pasillo de Laboratorio - Ala Superior (E),61.1,Background Noise,41.5,41.5,42.0,0.0,99.8,0.2,0.0,40.0,40.0,43.1,-87,9.5
2026-04-12 05:21:02,Pasillo de Laboratorio (E),63.6,People,53.7,53.1,53.7,0.0,1.8,98.3,0.0,49.1,53.0,56.3,-98,13.3
2026-04-12 05:22:39,Pasillo Administrativo (E),84.1,Background Noise,53.6,53.6,0.0,0.0,100.0,0.0,0.0,40.0,40.0,40.0,-98,13.0
2026-04-12 05:22:46,Main Lobby (E),50.5,Background Noise,46.1,46.1,45.8,0.0,99.7,0.3,0.0,44.0,45.9,47.9,-101,9.5
2026-04-12 05:22:52,Pasillo de Salones (E),59.0,Background Noise,51.8,51.8,49.7,0.0,99.6,0.4,0.0,46.1,49.7,55.7,-88,13.5
2026-04-12 05:23:24,Salón - Extremo (E),56.5,Background Noise,42.2,42.2,0.0,0.0,100.0,0.0,0.0,40.0,40.0,44.7,-95,13.5
2026-04-12 05:23:28,Salón - Uma (E),68.7,Background Noise,61.7,61.7,61.6,0.0,92.0,8.0,0.0,57.5,61.0,64.2,-114,1.0
2026-04-12 05:23:54,Pasillo de Laboratorio - Ala Inferior (E),78.3,Background Noise,49.0,49.0,0.0,0.0,100.0,0.0,0.0,40.0,41.7,46.9,-103,8.3
2026-04-12 05:25:47,Pasillo de Laboratorio - Ala Superior (E),59.9,Background Noise,41.7,41.7,0.0,0.0,100.0,0.0,0.0,40.0,40.0,43.7,-91,11.0
2026-04-12 05:26:02,Pasillo de Laboratorio (E),61.2,People,53.6,52.7,53.6,0.0,2.5,97.5,0.0,49.0,52.8,56.2,-98,11.5
2026-04-12 05:27:39,Pasillo Administrativo (E),86.4,Background Noise,55.8,55.8,0.0,0.0,100.0,0.0,0.0,40.0,40.0,40.0,-112,-1.5
2026-04-12 05:27:46,Main Lobby (E),51.6,Background Noise,43.0,43.0,43.8,0.0,99.5,0.5,0.0,40.0,42.4,45.1,-98,11.0
2026-04-12 05:27:52,Pasillo de Salones (E),60.6,Background Noise,51.7,51.7,52.2,0.0,99.6,0.4,0.0,46.1,49.8,55.4,-109,4.8
2026-04-12 05:28:24,Salón - Extremo (E),52.7,Background Noise,42.2,42.2,0.0,0.0,100.0,0.0,0.0,40.0,40.0,44.8,-108,4.8
2026-04-12 05:28:28,Salón - Uma (E),68.9,Background Noise,61.6,61.6,61.5,0.0,91.6,8.4,0.0,57.6,60.9,64.0,-118,-6.0
2026-04-12 05:28:54,Pasillo de Laboratorio - Ala Inferior (E),79.8,Background Noise,50.3,50.3,0.0,0.0,100.0,0.0,0.0,40.0,42.5,47.2,-106,4.8
2026-04-12 05:30:47,Pasillo de Laboratorio - Ala Superior (E),58.3,Background Noise,41.5,41.5,0.0,0.0,100.0,0.0,0.0,40.0,40.0,43.4,-91,9.0
2026-04-12 05:31:02,Pasillo de Laboratorio (E),58.9,People,53.6,53.2,53.6,0.0,2.3,97.7,0.0,48.9,52.9,56.3,-108,5.8
2026-04-12 05:32:39,Pasillo Administrativo (E),83.4,Background Noise,52.9,52.9,0.0,0.0,100.0,0.0,0.0,40.0,40.0,40.0,-104,9.8
2026-04-12 05:32:46,Main Lobby (E),48.8,Background Noise,42.9,42.9,42.6,0.0,98.3,1.8,0.0,40.0,42.3,44.9,-99,12.5
2026-04-12 05:32:53,Pasillo de Salones (E),60.9,Background Noise,51.8,51.8,48.4,0.0,99.6,0.4,0.0,46.5,49.9,55.4,-88,12.0
2026-04-12 05:33:24,Salón - Extremo (E),52.0,Background Noise,42.1,42.1,0.0,0.0,100.0,0.0,0.0,40.0,40.1,44.7,-109,6.8
2026-04-12 05:33:28,Salón - Uma (E),68.2,Background Noise,61.5,61.5,61.7,0.0,92.7,7.3,0.0,57.5,60.9,64.2,-113,1.5
2026-04-12 05:33:54,Pasillo de Laboratorio - Ala Inferior (E),77.8,Background Noise,48.7,48.7,0.0,0.0,100.0,0.0,0.0,40.0,42.4,46.9,-110,1.5
2026-04-12 05:35:47,Pasillo de Laboratorio - Ala Superior (E),57.6,Background Noise,41.4,41.4,0.0,0.0,100.0,0.0,0.0,40.0,40.0,43.4,-98,12.0
2026-04-12 05:36:02,Pasillo de Laboratorio (E),60.1,People,53.7,52.8,53.7,0.0,2.5,97.5,0.0,49.0,53.0,56.3,-115,-9.0
2026-04-12 05:37:39,Pasillo Administrativo (E),85.4,Background Noise,54.8,54.8,0.0,0.0,100.0,0.0,0.0,40.0,40.0,40.0,-97,13.0
2026-04-12 05:37:47,Main Lobby (E),50.0,Background Noise,44.1,44.1,42.8,0.0,98.8,1.2,0.0,40.4,43.5,46.4,-102,8.8
2026-04-12 05:37:53,Pasillo de Salones (E),60.5,Background Noise,52.0,52.0,53.5,0.0,99.8,0.2,0.0,46.1,49.9,55.6,-107,7.0
2026-04-12 05:38:24,Salón - Extremo (E),55.3,Background Noise,42.2,42.2,0.0,0.0,100.0,0.0,0.0,40.0,40.0,44.8,-100,11.8
2026-04-12 05:38:29,Salón - Uma (E),68.2,Background Noise,61.7,61.7,61.2,0.0,93.6,6.4,0.0,57.5,60.9,64.3,-105,9.3
2026-04-12 05:38:54,Pasillo de Laboratorio - Ala Inferior (E),80.0,Background Noise,50.3,50.3,0.0,0.0,100.0,0.0,0.0,40.0,41.8,46.5,-107,4.2
2026-04-12 05:40:47,Pasillo de Laboratorio - Ala Superior (E),60.2,Background Noise,41.5,41.5,45.7,0.0,99.9,0.1,0.0,40.0,40.0,43.2,-95,11.3
2026-04-12 05:41:03,Pasillo de Laboratorio (E),59.0,People,53.6,52.8,53.6,0.0,2.4,97.6,0.0,49.1,52.9,56.1,-115,2.8
2026-04-12 05:42:39,Pasillo Administrativo (E),77.1,Background Noise,47.5,47.5,0.0,0.0,100.0,0.0,0.0,40.0,40.0,40.0,-105,8.5
2026-04-12 05:42:47,Main Lobby (E),53.3,Background Noise,45.9,45.9,45.8,0.0,96.7,3.2,0.0,43.6,45.6,47.6,-95,13.0
2026-04-12 05:42:53,Pasillo de Salones (E),60.5,Background Noise,52.1,52.1,48.3,0.0,99.8,0.2,0.0,46.3,50.0,55.8,-109,3.8
2026-04-12 05:43:24,Salón - Extremo (E),53.5,Background Noise,42.0,42.0,0.0,0.0,100.0,0.0,0.0,40.0,40.0,44.5,-92,11.3
2026-04-12 05:43:29,Salón - Uma (E),68.4,Background Noise,61.8,61.8,61.1,0.0,92.9,7.1,0.0,57.3,61.1,64.2,-104,10.3
2026-04-12 05:43:54,Pasillo de Laboratorio - Ala Inferior (E),73.4,Background Noise,46.2,46.2,0.0,0.0,100.0,0.0,0.0,40.0,42.1,46.6,-108,5.8
2026-04-12 05:45:48,Pasillo de Laboratorio - Ala Superior (E),60.4,Background Noise,41.5,41.5,40.0,0.0,99.9,0.1,0.0,40.0,40.0,43.5,-100,11.8
2026-04-12 05:46:03,Pasillo de Laboratorio (E),59.7,People,53.7,52.9,53.7,0.0,2.9,97.1,0.0,49.1,53.1,56.3,-111,5.0
2026-04-12 05:47:40,Pasillo Administrativo (E),83.7,Background Noise,53.1,53.1,0.0,0.0,100.0,0.0,0.0,40.0,40.0,40.0,-102,7.8
2026-04-12 05:47:47,Main Lobby (E),51.6,Background Noise,46.5,46.5,46.3,0.0,98.6,1.4,0.0,44.4,46.2,48.0,-97,12.8
2026-04-12 05:47:53,Pasillo de Salones (E),61.0,Background Noise,52.0,52.0,52.3,0.0,99.7,0.3,0.0,46.4,50.0,55.7,-108,7.2
2026-04-12 05:48:24,Salón - Extremo (E),52.0,Background Noise,42.3,42.3,0.0,0.0,100.0,0.0,0.0,40.0,40.0,45.2,-95,13.3
2026-04-12 05:48:29,Salón - Uma (E),68.1,Background Noise,61.6,61.6,61.0,0.0,93.9,6.1,0.0,57.2,60.9,64.2,-105,9.0
2026-04-12 05:48:54,Pasillo de Laboratorio - Ala Inferior (E),79.7,Background Noise,50.1,50.1,0.0,0.0,100.0,0.0,0.0,40.0,42.3,46.8,-108,
2026-04-12 05:50:48,Pasillo de Laboratorio - Ala Superior (E),61.1,Background Noise,41.6,41.6,41.6,0.0,99.8,0.3,0.0,40.0,40.0,43.2,-99,10.0
2026-04-12 05:51:03,Pasillo de Laboratorio (E),60.6,People,53.8,53.2,53.9,0.0,2.7,97.3,0.0,49.0,53.2,56.4,-96,11.3
2026-04-12 05:52:40,Pasillo Administrativo (E),73.3,Background Noise,45.0,45.0,0.0,0.0,100.0,0.0,0.0,40.0,40.0,40.0,-102,7.5
2026-04-12 05:52:47,Main Lobby (E),51.6,Background Noise,46.8,46.8,47.5,0.0,99.1,0.9,0.0,44.8,46.6,48.5,-102,8.2
2026-04-12 05:52:53,Pasillo de Salones (E),60.0,Background Noise,51.8,51.8,51.1,0.0,99.6,0.4,0.0,46.4,49.8,55.6,-111,4.5
2026-04-12 05:53:25,Salón - Extremo (E),56.2,Background Noise,42.3,42.3,0.0,0.0,100.0,0.0,0.0,40.0,40.0,45.2,-111,4.8
2026-04-12 05:53:29,Salón - Uma (E),69.6,Background Noise,61.6,61.6,60.8,0.0,92.0,8.0,0.0,57.5,60.7,64.2,-103,10.3
2026-04-12 05:53:55,Pasillo de Laboratorio - Ala Inferior (E),67.7,Background Noise,44.5,44.5,0.0,0.0,100.0,0.0,0.0,40.0,41.9,46.8,-108,6.8
2026-04-12 05:55:48,Pasillo de Laboratorio - Ala Superior (E),61.6,Background Noise,41.7,41.7,0.0,0.0,100.0,0.0,0.0,40.0,40.0,43.3,-90,10.8
2026-04-12 05:56:03,Pasillo de Laboratorio (E),58.7,People,53.6,53.0,53.6,0.0,2.0,98.0,0.0,49.0,53.0,56.2,-109,6.0
2026-04-12 05:57:40,Pasillo Administrativo (E),79.2,Background Noise,49.0,49.0,40.0,0.0,99.9,0.1,0.0,40.0,40.0,40.0,-103,8.2
2026-04-12 05:57:47,Main Lobby (E),56.7,Background Noise,50.2,50.1,50.4,0.0,81.8,18.2,0.0,47.3,49.3,52.6,-101,9.2
2026-04-12 05:57:53,Pasillo de Salones (E),59.2,Background Noise,51.9,51.9,48.1,0.0,99.5,0.5,0.0,46.3,49.9,55.5,-110,3.5
2026-04-12 05:58:25,Salón - Extremo (E),50.8,Background Noise,42.0,42.0,0.0,0.0,100.0,0.0,0.0,40.0,40.0,44.5,-108,4.2
2026-04-12 05:58:29,Salón - Uma (E),68.4,Background Noise,61.6,61.5,61.8,0.0,93.8,6.2,0.0,57.6,60.9,64.2,-114,-6.5
2026-04-12 05:58:55,Pasillo de Laboratorio - Ala Inferior (E),77.5,Background Noise,48.5,48.5,0.0,0.0,100.0,0.0,0.0,40.0,42.1,46.7,-107,7.0
2026-04-12 06:00:48,Pasillo de Laboratorio - Ala Superior (E),59.9,Background Noise,41.5,41.5,40.0,0.0,99.9,0.1,0.0,40.0,40.0,43.4,-89,9.5
2026-04-12 06:01:03,Pasillo de Laboratorio (E),61.9,People,53.8,52.8,53.8,0.0,2.0,98.0,0.0,49.1,53.1,56.4,-99,11.3
2026-04-12 06:02:40,Pasillo Administrativo (E),74.1,Background Noise,45.2,45.2,0.0,0.0,100.0,0.0,0.0,40.0,40.0,40.0,-96,13.0
2026-04-12 06:02:47,Main Lobby (E),53.5,Background Noise,44.6,44.5,46.4,0.0,96.6,3.4,0.0,40.5,43.2,47.7,-99,12.0
2026-04-12 06:02:53,Pasillo de Salones (E),60.1,Background Noise,52.2,52.2,49.3,0.0,99.3,0.7,0.0,46.5,49.9,55.7,-108,4.5
2026-04-12 06:03:25,Salón - Extremo (E),52.4,Background Noise,42.2,42.2,0.0,0.0,100.0,0.0,0.0,40.0,40.0,44.9,-92,13.5
2026-04-12 06:03:29,Salón - Uma (E),67.5,Background Noise,61.6,61.7,61.4,0.0,93.0,7.0,0.0,57.4,61.1,64.1,-119,-3.0
2026-04-12 06:03:55,Pasillo de Laboratorio - Ala Inferior (E),63.2,Background Noise,44.3,44.3,0.0,0.0,100.0,0.0,0.0,40.0,42.4,46.8,-100,10.3
2026-04-12 06:05:48,Pasillo de Laboratorio - Ala Superior (E),59.9,Background Noise,41.4,41.4,0.0,0.0,100.0,0.0,0.0,40.0,40.0,43.0,-96,10.5
2026-04-12 06:06:03,Pasillo de Laboratorio (E),59.9,People,53.7,53.6,53.8,0.0,2.4,97.6,0.0,49.1,53.1,56.3,-97,11.8
2026-04-12 06:07:40,Pasillo Administrativo (E),75.6,Background Noise,46.2,46.2,0.0,0.0,100.0,0.0,0.0,40.0,40.0,40.0,-100,10.8
2026-04-12 06:07:47,Main Lobby (E),56.3,People,43.1,42.9,50.8,0.0,99.2,0.8,0.0,40.0,42.4,45.0,-102,8.5
2026-04-12 06:07:53,Pasillo de Salones (E),61.1,Background Noise,51.9,51.9,50.8,0.0,99.7,0.3,0.0,46.3,49.8,55.5,-109,2.8
2026-04-12 06:08:25,Salón - Extremo (E),52.0,Background Noise,42.1,42.1,0.0,0.0,100.0,0.0,0.0,40.0,40.0,44.6,-103,3.5
2026-04-12 06:08:29,Salón - Uma (E),67.3,Background Noise,61.6,61.6,61.6,0.0,92.2,7.8,0.0,57.4,61.0,64.1,-96,10.5
2026-04-12 06:08:55,Pasillo de Laboratorio - Ala Inferior (E),74.8,Background Noise,47.4,47.4,0.0,0.0,100.0,0.0,0.0,40.0,42.1,47.1,-109,2.3
2026-04-12 06:10:48,Pasillo de Laboratorio - Ala Superior (E),52.7,Background Noise,41.4,41.4,40.0,0.0,99.9,0.1,0.0,40.0,40.0,43.4,-87,9.2
2026-04-12 06:11:03,Pasillo de Laboratorio (E),59.3,People,53.8,53.6,53.8,0.0,1.8,98.2,0.0,49.1,53.4,56.4,-96,10.3
2026-04-12 06:12:40,Pasillo Administrativo (E),88.0,Background Noise,57.3,57.3,40.0,0.0,99.8,0.2,0.0,40.0,40.0,40.0,-97,13.0
2026-04-12 06:12:47,Main Lobby (E),51.6,Background Noise,43.9,43.9,43.6,44.7,97.1,2.7,0.3,40.3,43.0,46.3,-101,8.2
2026-04-12 06:12:54,Pasillo de Salones (E),61.0,Background Noise,52.0,52.0,49.0,0.0,99.5,0.5,0.0,46.4,49.9,55.5,-89,13.8
2026-04-12 06:13:25,Salón - Extremo (E),54.7,Background Noise,42.2,42.2,44.4,0.0,99.9,0.1,0.0,40.0,40.0,44.7,-111,6.2
2026-04-12 06:13:29,Salón - Uma (E),68.3,Background Noise,61.6,61.6,61.6,0.0,93.3,6.7,0.0,57.6,61.0,64.2,-105,9.5
2026-04-12 06:13:55,Pasillo de Laboratorio - Ala Inferior (E),79.2,Background Noise,49.7,49.7,0.0,0.0,100.0,0.0,0.0,40.0,42.2,46.7,-105,9.0
2026-04-12 06:15:48,Pasillo de Laboratorio - Ala Superior (E),61.1,Background Noise,41.5,41.5,40.0,0.0,99.8,0.2,0.0,40.0,40.0,43.1,-91,10.8
2026-04-12 06:16:03,Pasillo de Laboratorio (E),59.4,People,53.8,54.2,53.8,0.0,1.7,98.3,0.0,49.2,53.3,56.4,-114,6.0
2026-04-12 06:17:40,Pasillo Administrativo (E),71.0,Background Noise,43.3,43.3,0.0,0.0,100.0,0.0,0.0,40.0,40.0,40.0,-96,13.0
2026-04-12 06:17:48,Main Lobby (E),52.6,Background Noise,46.5,46.5,46.7,0.0,99.3,0.7,0.0,44.1,46.2,48.1,-101,9.2
2026-04-12 06:17:54,Pasillo de Salones (E),59.1,Background Noise,51.8,51.8,0.0,0.0,100.0,0.0,0.0,46.3,49.8,55.4,-88,13.3
2026-04-12 06:18:25,Salón - Extremo (E),52.8,Background Noise,42.3,42.3,0.0,0.0,100.0,0.0,0.0,40.0,40.0,45.0,-106,7.0
2026-04-12 06:18:30,Salón - Uma (E),68.4,Background Noise,61.6,61.6,61.2,0.0,92.3,7.7,0.0,57.3,60.9,64.2,-105,9.3
2026-04-12 06:18:55,Pasillo de Laboratorio - Ala Inferior (E),71.9,Background Noise,45.9,45.9,0.0,0.0,100.0,0.0,0.0,40.0,42.9,47.2,-109,3.5
2026-04-12 06:20:49,Pasillo de Laboratorio - Ala Superior (E),49.5,Background Noise,41.3,41.3,40.7,0.0,99.9,0.1,0.0,40.0,40.0,43.3,-91,15.8
2026-04-12 06:21:04,Pasillo de Laboratorio (E),59.6,People,53.7,52.8,53.7,0.0,2.5,97.5,0.0,49.0,53.0,56.4,-97,12.0
2026-04-12 06:22:40,Pasillo Administrativo (E),84.6,Background Noise,54.0,54.0,0.0,0.0,100.0,0.0,0.0,40.0,40.0,40.0,-103,8.5
2026-04-12 06:22:48,Main Lobby (E),57.4,Background Noise,47.3,47.3,51.9,0.0,99.8,0.3,0.0,44.7,46.6,48.7,-95,13.0
2026-04-12 06:22:54,Pasillo de Salones (E),59.5,Background Noise,51.9,51.9,49.0,0.0,99.7,0.3,0.0,46.3,49.8,55.6,-106,-2.8
2026-04-12 06:23:25,Salón - Extremo (E),62.6,Background Noise,43.8,43.8,0.0,0.0,100.0,0.0,0.0,40.0,40.0,45.6,-97,12.5
2026-04-12 06:23:30,Salón - Uma (E),67.4,Background Noise,61.4,61.5,61.1,0.0,92.5,7.5,0.0,57.2,60.8,64.1,-105,8.0
2026-04-12 06:23:55,Pasillo de Laboratorio - Ala Inferior (E),77.9,Background Noise,48.7,48.7,0.0,0.0,100.0,0.0,0.0,40.0,41.8,46.6,-110,4.8
2026-04-12 06:25:49,Pasillo de Laboratorio - Ala Superior (E),48.4,Background Noise,41.3,41.3,0.0,0.0,100.0,0.0,0.0,40.0,40.0,43.4,-89,11.5
2026-04-12 06:26:04,Pasillo de Laboratorio (E),59.9,People,53.7,52.8,53.7,0.0,2.6,97.4,0.0,49.0,52.9,56.3,-119,-7.8
2026-04-12 06:27:43,Pasillo Administrativo (E),67.0,Background Noise,41.8,41.8,0.0,40.0,99.8,0.0,0.2,40.0,40.0,40.0,-102,8.2
2026-04-12 06:27:48,Main Lobby (E),54.5,Background Noise,45.9,45.9,40.4,0.0,99.8,0.2,0.0,41.6,45.7,48.1,-95,13.3
2026-04-12 06:27:54,Pasillo de Salones (E),59.6,Background Noise,52.0,52.0,50.8,0.0,99.8,0.2,0.0,46.5,50.0,55.6,-111,2.5
2026-04-12 06:28:25,Salón - Extremo (E),51.9,Background Noise,42.3,42.3,0.0,0.0,100.0,0.0,0.0,40.0,40.2,45.0,-108,5.8
2026-04-12 06:28:30,Salón - Uma (E),68.6,Background Noise,61.8,61.8,61.3,0.0,92.9,7.1,0.0,57.6,61.1,64.3,-106,4.8
2026-04-12 06:28:55,Pasillo de Laboratorio - Ala Inferior (E),69.5,Background Noise,45.6,45.6,0.0,0.0,100.0,0.0,0.0,40.0,42.3,46.9,-108,6.5
2026-04-12 06:30:49,Pasillo de Laboratorio - Ala Superior (E),59.1,Background Noise,41.9,41.9,40.0,0.0,99.8,0.2,0.0,40.0,40.0,44.0,-91,12.0
2026-04-12 06:31:04,Pasillo de Laboratorio (E),58.7,People,53.7,53.4,53.7,0.0,2.5,97.5,0.0,48.9,53.0,56.3,-117,-2.8
2026-04-12 06:32:41,Pasillo Administrativo (E),83.9,Background Noise,53.3,53.3,0.0,0.0,100.0,0.0,0.0,40.0,40.0,40.0,-98,13.0
2026-04-12 06:32:48,Main Lobby (E),59.0,Background Noise,48.9,47.7,54.4,0.0,91.3,8.7,0.0,40.3,42.9,55.2,-101,8.0
2026-04-12 06:32:54,Pasillo de Salones (E),59.8,Background Noise,52.0,52.0,50.4,0.0,99.7,0.3,0.0,46.2,49.9,55.5,-104,5.5
2026-04-12 06:33:26,Salón - Extremo (E),52.3,Background Noise,42.2,42.2,0.0,0.0,100.0,0.0,0.0,40.0,40.0,44.8,-92,11.3
2026-04-12 06:33:30,Salón - Uma (E),67.6,Background Noise,61.6,61.6,61.3,0.0,92.6,7.4,0.0,57.5,60.9,64.3,-104,10.5
2026-04-12 06:33:56,Pasillo de Laboratorio - Ala Inferior (E),77.7,Background Noise,48.8,48.8,0.0,0.0,100.0,0.0,0.0,40.0,42.4,47.2,-109,6.0
2026-04-12 06:35:49,Pasillo de Laboratorio - Ala Superior (E),48.0,Background Noise,41.2,41.2,40.2,0.0,99.6,0.4,0.0,40.0,40.0,43.4,-107,7.5
2026-04-12 06:36:04,Pasillo de Laboratorio (E),60.1,People,53.7,53.3,53.7,0.0,2.7,97.3,0.0,49.0,53.0,56.3,-113,4.2
2026-04-12 06:37:41,Pasillo Administrativo (E),63.0,Background Noise,40.9,40.9,0.0,0.0,100.0,0.0,0.0,40.0,40.0,40.0,-98,7.3
2026-04-12 06:37:48,Main Lobby (E),58.4,Background Noise,54.8,54.8,54.9,0.0,66.7,33.3,0.0,51.4,55.0,56.6,-114,-7.0
2026-04-12 06:37:54,Pasillo de Salones (E),59.5,Background Noise,51.9,51.9,53.0,0.0,99.8,0.2,0.0,46.2,49.8,55.8,-105,9.2
2026-04-12 06:38:26,Salón - Extremo (E),50.6,Background Noise,42.1,42.1,0.0,0.0,100.0,0.0,0.0,40.0,40.0,44.8,-105,8.0
2026-04-12 06:38:30,Salón - Uma (E),69.0,Background Noise,61.7,61.8,60.9,0.0,93.8,6.2,0.0,57.7,61.0,64.3,-105,9.0
2026-04-12 06:38:56,Pasillo de Laboratorio - Ala Inferior (E),67.2,Background Noise,44.4,44.4,0.0,0.0,100.0,0.0,0.0,40.0,41.9,46.6,-101,9.0
2026-04-12 06:40:49,Pasillo de Laboratorio - Ala Superior (E),59.6,Background Noise,41.7,41.7,41.1,0.0,96.4,3.6,0.0,40.0,40.0,43.6,-97,10.8
2026-04-12 06:41:04,Pasillo de Laboratorio (E),59.7,People,53.9,52.9,53.9,0.0,2.3,97.7,0.0,49.2,53.3,56.5,-111,6.8
2026-04-12 06:42:41,Pasillo Administrativo (E),76.5,Background Noise,47.0,47.0,0.0,0.0,100.0,0.0,0.0,40.0,40.0,40.0,-104,9.5
2026-04-12 06:42:48,Main Lobby (E),57.8,Background Noise,49.5,48.8,54.9,0.0,94.9,5.1,0.0,41.1,45.1,55.2,-102,9.2
2026-04-12 06:42:54,Pasillo de Salones (E),60.6,Background Noise,51.9,51.9,49.4,0.0,99.8,0.3,0.0,46.2,49.7,55.6,-88,13.8
2026-04-12 06:43:26,Salón - Extremo (E),55.2,Background Noise,42.4,42.4,0.0,0.0,100.0,0.0,0.0,40.0,40.1,45.1,-107,-0.2
2026-04-12 06:43:30,Salón - Uma (E),68.1,Background Noise,61.7,61.8,61.2,0.0,92.8,7.2,0.0,57.5,60.9,64.3,-115,1.8
2026-04-12 06:43:56,Pasillo de Laboratorio - Ala Inferior (E),73.6,Background Noise,46.3,46.3,0.0,0.0,100.0,0.0,0.0,40.0,42.1,46.8,-105,10.0
2026-04-12 06:45:49,Pasillo de Laboratorio - Ala Superior (E),49.1,Background Noise,41.4,41.4,40.9,0.0,92.9,7.1,0.0,40.0,40.0,43.7,-108,7.3
2026-04-12 06:46:04,Pasillo de Laboratorio (E),58.9,People,53.7,52.6,53.8,0.0,2.2,97.8,0.0,49.0,53.1,56.5,-115,-4.8
2026-04-12 06:47:41,Pasillo Administrativo (E),76.9,Background Noise,47.1,47.1,0.0,0.0,100.0,0.0,0.0,40.0,40.0,40.0,-105,7.8
2026-04-12 06:47:48,Main Lobby (E),52.5,Background Noise,46.7,46.7,48.2,46.5,99.1,0.8,0.1,44.5,46.4,48.5,-98,12.5
2026-04-12 06:47:54,Pasillo de Salones (E),60.2,Background Noise,52.1,52.1,51.1,0.0,99.3,0.7,0.0,46.2,50.0,55.7,-90,13.5
2026-04-12 06:48:26,Salón - Extremo (E),54.3,Background Noise,42.4,42.4,0.0,0.0,100.0,0.0,0.0,40.0,40.1,44.9,-108,4.5
2026-04-12 06:48:30,Salón - Uma (E),68.1,Background Noise,61.7,61.7,61.3,0.0,92.8,7.2,0.0,57.6,61.0,64.3,-109,0.2
2026-04-12 06:48:56,Pasillo de Laboratorio - Ala Inferior (E),65.1,Background Noise,44.7,44.7,0.0,0.0,100.0,0.0,0.0,40.0,42.3,47.0,-111,2.0
2026-04-12 06:50:49,Pasillo de Laboratorio - Ala Superior (E),61.3,Background Noise,41.7,41.7,40.9,0.0,95.2,4.8,0.0,40.0,40.0,43.5,-90,11.2
2026-04-12 06:51:04,Pasillo de Laboratorio (E),59.8,People,53.8,53.4,53.8,0.0,2.5,97.5,0.0,48.9,53.2,56.3,-115,-11.5
2026-04-12 06:52:41,Pasillo Administrativo (E),73.2,Background Noise,44.8,44.8,0.0,0.0,100.0,0.0,0.0,40.0,40.0,40.0,-103,8.2
2026-04-12 06:52:48,Main Lobby (E),51.3,Background Noise,46.7,46.7,47.2,0.0,97.3,2.7,0.0,44.7,46.5,48.3,-98,10.8
2026-04-12 06:52:55,Pasillo de Salones (E),60.1,Background Noise,52.0,52.0,48.4,0.0,99.8,0.2,0.0,46.5,50.0,55.7,-106,-3.0
2026-04-12 06:53:26,Salón - Extremo (E),52.0,Background Noise,42.1,42.1,0.0,0.0,100.0,0.0,0.0,40.0,40.0,44.6,-109,6.0
2026-04-12 06:53:30,Salón - Uma (E),68.7,Background Noise,61.7,61.7,61.5,0.0,92.5,7.5,0.0,57.4,61.1,64.2,-105,9.5
2026-04-12 06:53:56,Pasillo de Laboratorio - Ala Inferior (E),68.0,Background Noise,44.6,44.6,0.0,0.0,100.0,0.0,0.0,40.0,42.1,46.8,-105,7.2
2026-04-12 06:55:49,Pasillo de Laboratorio - Ala Superior (E),47.9,Background Noise,41.2,41.2,40.8,0.0,94.4,5.6,0.0,40.0,40.0,43.2,-103,10.2
2026-04-12 06:56:04,Pasillo de Laboratorio (E),59.0,People,53.8,54.1,53.8,0.0,1.4,98.6,0.0,48.9,53.2,56.3,-113,4.2
2026-04-12 06:57:41,Pasillo Administrativo (E),85.8,Background Noise,55.2,55.2,0.0,0.0,100.0,0.0,0.0,40.0,40.0,40.0,-95,13.3
2026-04-12 06:57:49,Main Lobby (E),61.9,People,44.7,44.3,49.7,0.0,96.9,3.1,0.0,40.4,43.3,46.8,-102,8.8
2026-04-12 06:57:55,Pasillo de Salones (E),60.6,Background Noise,51.8,51.8,51.4,0.0,99.7,0.3,0.0,46.3,49.8,55.5,-89,14.5
2026-04-12 06:58:26,Salón - Extremo (E),51.3,Background Noise,42.2,42.2,0.0,0.0,100.0,0.0,0.0,40.0,40.0,45.0,-109,4.8
2026-04-12 06:58:31,Salón - Uma (E),69.0,Background Noise,61.7,61.7,61.4,0.0,92.2,7.8,0.0,57.4,61.1,64.3,-105,9.3
2026-04-12 06:58:58,Pasillo de Laboratorio - Ala Inferior (E),76.3,Background Noise,47.8,47.8,0.0,0.0,100.0,0.0,0.0,40.0,42.1,46.7,-105,8.8
2026-04-12 07:00:50,Pasillo de Laboratorio - Ala Superior (E),58.6,Background Noise,41.4,41.4,41.0,0.0,93.7,6.3,0.0,40.0,40.0,43.3,-96,11.5
2026-04-12 07:01:05,Pasillo de Laboratorio (E),60.8,People,53.7,52.7,53.7,0.0,2.8,97.2,0.0,49.0,53.0,56.3,-99,11.0
2026-04-12 07:02:41,Pasillo Administrativo (E),74.5,Background Noise,45.6,45.6,0.0,0.0,100.0,0.0,0.0,40.0,40.0,40.0,-113,-1.8
2026-04-12 07:02:49,Main Lobby (E),48.8,Background Noise,43.5,43.5,44.9,44.7,95.8,4.1,0.1,40.6,43.1,45.5,-99,8.5
2026-04-12 07:02:55,Pasillo de Salones (E),60.0,Background Noise,51.8,51.8,48.9,0.0,99.6,0.4,0.0,46.2,49.7,55.5,-108,3.8
2026-04-12 07:03:26,Salón - Extremo (E),52.4,Background Noise,42.2,42.2,0.0,0.0,100.0,0.0,0.0,40.0,40.0,44.7,-107,7.8
2026-04-12 07:03:31,Salón - Uma (E),68.3,Background Noise,61.7,61.8,61.1,0.0,92.8,7.2,0.0,57.6,61.1,64.2,-115,1.0
2026-04-12 07:03:56,Pasillo de Laboratorio - Ala Inferior (E),62.8,Background Noise,44.1,44.1,0.0,0.0,100.0,0.0,0.0,40.0,42.4,46.7,-114,3.5
2026-04-12 07:05:50,Pasillo de Laboratorio - Ala Superior (E),58.6,Background Noise,41.4,41.5,40.9,0.0,94.6,5.4,0.0,40.0,40.0,43.3,-89,11.8
2026-04-12 07:06:05,Pasillo de Laboratorio (E),59.0,People,53.8,53.0,53.8,0.0,2.0,98.0,0.0,49.0,53.2,56.5,-96,10.3
2026-04-12 07:07:42,Pasillo Administrativo (E),87.5,Background Noise,57.1,57.1,0.0,0.0,100.0,0.0,0.0,40.0,40.0,40.0,-99,13.0
2026-04-12 07:07:49,Main Lobby (E),58.3,People,43.5,42.9,46.6,0.0,89.3,10.7,0.0,40.1,42.6,45.2,-97,12.5
2026-04-12 07:07:55,Pasillo de Salones (E),60.0,Background Noise,52.2,52.2,49.2,0.0,99.9,0.1,0.0,46.3,50.1,55.9,-107,5.8
2026-04-12 07:08:26,Salón - Extremo (E),51.0,Background Noise,42.1,42.1,41.7,0.0,99.8,0.2,0.0,40.0,40.0,44.8,-109,5.5
2026-04-12 07:08:31,Salón - Uma (E),68.8,Background Noise,61.7,61.7,60.9,0.0,92.9,7.1,0.0,57.7,60.9,64.2,-105,9.0
2026-04-12 07:08:56,Pasillo de Laboratorio - Ala Inferior (E),78.5,Background Noise,50.8,50.6,54.8,45.7,96.1,3.8,0.1,40.0,42.5,47.3,-104,9.8
2026-04-12 07:10:50,Pasillo de Laboratorio - Ala Superior (E),63.2,People,45.7,43.5,51.1,46.7,84.4,13.2,2.4,40.0,40.4,45.9,-93,10.8
2026-04-12 07:11:05,Pasillo de Laboratorio (E),74.4,People,56.6,55.8,56.6,59.3,8.5,90.5,1.0,49.5,54.2,57.4,-116,-6.2
2026-04-12 07:12:42,Pasillo Administrativo (E),75.3,Background Noise,46.2,46.2,0.0,0.0,100.0,0.0,0.0,40.0,40.0,40.0,-105,9.2
2026-04-12 07:12:49,Main Lobby (E),72.1,People,52.6,49.8,54.1,59.7,54.3,43.8,1.8,44.5,47.7,55.4,-97,12.8
2026-04-12 07:12:55,Pasillo de Salones (E),68.7,People,53.6,53.0,56.5,54.5,86.3,12.8,0.8,46.7,51.1,56.7,-106,-5.5
2026-04-12 07:13:27,Salón - Extremo (E),75.6,Background Noise,50.2,48.1,59.9,43.1,95.4,4.5,0.1,40.0,41.7,47.4,-103,0.2
2026-04-12 07:13:31,Salón - Uma (E),69.9,People,61.7,61.7,61.4,0.0,91.9,8.1,0.0,57.4,61.1,64.3,-117,-7.5
2026-04-12 07:13:57,Pasillo de Laboratorio - Ala Inferior (E),67.9,Background Noise,45.9,45.8,47.8,44.7,96.3,2.7,0.9,40.0,43.1,47.6,-116,-6.3
2026-04-12 07:15:50,Pasillo de Laboratorio - Ala Superior (E),55.7,Background Noise,41.7,41.7,41.1,0.0,92.1,7.9,0.0,40.0,40.0,43.7,-101,11.2
2026-04-12 07:16:05,Pasillo de Laboratorio (E),60.3,People,53.7,53.7,53.7,0.0,2.2,97.8,0.0,49.1,53.2,56.3,-97,13.5
2026-04-12 07:17:42,Pasillo Administrativo (E),71.3,Background Noise,43.4,43.4,0.0,0.0,100.0,0.0,0.0,40.0,40.0,40.0,-102,8.0
2026-04-12 07:17:49,Main Lobby (E),59.9,People,47.8,47.5,50.3,0.0,90.3,9.7,0.0,45.4,47.2,49.4,-96,12.0
2026-04-12 07:17:55,Pasillo de Salones (E),61.5,Background Noise,52.3,52.3,45.9,0.0,99.8,0.2,0.0,46.3,50.0,55.8,-106,7.5
2026-04-12 07:18:27,Salón - Extremo (E),56.2,Background Noise,42.7,42.7,0.0,0.0,100.0,0.0,0.0,40.0,40.2,45.1,-97,12.5
2026-04-12 07:18:31,Salón - Uma (E),68.1,Background Noise,61.6,61.6,61.3,0.0,92.8,7.2,0.0,57.5,60.9,64.1,-114,3.0
2026-04-12 07:18:57,Pasillo de Laboratorio - Ala Inferior (E),72.3,Background Noise,46.1,46.1,0.0,0.0,100.0,0.0,0.0,40.0,42.8,47.0,-114,1.0
2026-04-12 07:20:50,Pasillo de Laboratorio - Ala Superior (E),49.9,Background Noise,41.5,41.6,40.9,0.0,90.9,9.1,0.0,40.0,40.0,43.6,-103,11.3
2026-04-12 07:21:05,Pasillo de Laboratorio (E),58.9,People,54.0,53.4,54.0,0.0,1.1,98.9,0.0,49.3,53.5,56.5,-97,14.0
2026-04-12 07:22:42,Pasillo Administrativo (E),77.5,Background Noise,47.8,47.8,0.0,0.0,100.0,0.0,0.0,40.0,40.0,40.0,-106,7.5
2026-04-12 07:22:49,Main Lobby (E),57.9,Background Noise,46.4,46.1,49.1,0.0,93.8,6.2,0.0,41.2,45.7,48.6,-97,13.0
2026-04-12 07:22:55,Pasillo de Salones (E),60.3,Background Noise,52.0,52.0,52.4,0.0,99.6,0.4,0.0,46.4,49.8,55.8,-89,12.3
2026-04-12 07:23:27,Salón - Extremo (E),52.1,Background Noise,42.5,42.5,0.0,0.0,100.0,0.0,0.0,40.0,40.3,45.3,-100,11.5
2026-04-12 07:23:31,Salón - Uma (E),67.8,Background Noise,61.6,61.7,61.3,0.0,91.3,8.7,0.0,57.4,61.0,64.2,-105,5.5
2026-04-12 07:23:57,Pasillo de Laboratorio - Ala Inferior (E),64.0,Background Noise,44.6,44.6,0.0,0.0,100.0,0.0,0.0,40.0,42.4,47.3,-102,8.5
2026-04-12 07:25:50,Pasillo de Laboratorio - Ala Superior (E),61.2,Background Noise,41.7,41.7,40.8,0.0,96.1,3.9,0.0,40.0,40.0,43.5,-94,14.8
2026-04-12 07:26:05,Pasillo de Laboratorio (E),58.8,People,53.8,52.5,53.8,0.0,2.2,97.8,0.0,49.1,53.3,56.3,-106,6.2
2026-04-12 07:27:42,Pasillo Administrativo (E),66.4,Background Noise,41.6,41.6,0.0,0.0,100.0,0.0,0.0,40.0,40.0,40.0,-103,7.8
2026-04-12 07:27:49,Main Lobby (E),61.0,People,45.6,44.8,49.6,0.0,90.4,9.6,0.0,41.7,44.3,47.4,-102,9.0
2026-04-12 07:27:55,Pasillo de Salones (E),59.5,Background Noise,52.1,52.1,49.9,0.0,99.7,0.3,0.0,46.3,49.9,55.8,-106,8.0
2026-04-12 07:28:27,Salón - Extremo (E),53.4,Background Noise,42.4,42.4,0.0,0.0,100.0,0.0,0.0,40.0,40.1,45.1,-96,12.3
2026-04-12 07:28:31,Salón - Uma (E),67.7,Background Noise,61.5,61.6,61.3,0.0,92.2,7.8,0.0,57.4,60.8,64.2,-105,9.0
2026-04-12 07:28:57,Pasillo de Laboratorio - Ala Inferior (E),69.5,Background Noise,45.1,45.1,0.0,0.0,100.0,0.0,0.0,40.0,42.3,46.8,-98,12.8
2026-04-12 07:30:50,Pasillo de Laboratorio - Ala Superior (E),48.9,Background Noise,41.4,41.4,40.8,0.0,97.7,2.3,0.0,40.0,40.0,43.6,-98,14.0
2026-04-12 07:31:05,Pasillo de Laboratorio (E),60.1,People,53.8,53.2,53.8,0.0,1.8,98.2,0.0,49.0,53.1,56.4,-105,5.2
2026-04-12 07:32:42,Pasillo Administrativo (E),84.8,Background Noise,54.2,54.2,0.0,0.0,100.0,0.0,0.0,40.0,40.0,40.0,-99,11.8
2026-04-12 07:32:49,Main Lobby (E),66.3,People,48.4,44.5,53.7,0.0,79.9,20.1,0.0,41.6,44.1,49.0,-99,9.2
2026-04-12 07:32:56,Pasillo de Salones (E),59.1,Background Noise,52.0,52.0,48.1,0.0,99.8,0.2,0.0,46.3,49.9,55.8,-109,6.8
2026-04-12 07:33:27,Salón - Extremo (E),51.9,Background Noise,42.3,42.3,41.0,0.0,99.9,0.1,0.0,40.0,40.0,45.0,-93,13.3
2026-04-12 07:33:32,Salón - Uma (E),68.7,Background Noise,61.7,61.7,61.3,0.0,92.9,7.1,0.0,57.5,61.0,64.1,-113,4.5
2026-04-12 07:33:57,Pasillo de Laboratorio - Ala Inferior (E),77.8,Background Noise,48.8,48.8,0.0,0.0,100.0,0.0,0.0,40.0,42.3,46.6,-108,5.5
2026-04-12 07:35:50,Pasillo de Laboratorio - Ala Superior (E),55.7,Background Noise,41.4,41.4,40.3,0.0,99.0,1.0,0.0,40.0,40.0,43.3,-92,14.3
2026-04-12 07:36:05,Pasillo de Laboratorio (E),59.9,People,53.9,52.2,53.9,0.0,1.7,98.3,0.0,49.2,53.2,56.4,-98,13.3
2026-04-12 07:37:42,Pasillo Administrativo (E),61.4,Background Noise,40.7,40.7,0.0,0.0,100.0,0.0,0.0,40.0,40.0,40.0,-98,12.8
2026-04-12 07:37:50,Main Lobby (E),52.5,People,44.1,43.9,46.3,0.0,95.1,4.9,0.0,41.3,43.5,45.9,-96,13.0
2026-04-12 07:37:56,Pasillo de Salones (E),60.5,Background Noise,51.9,51.9,51.4,0.0,99.7,0.3,0.0,46.2,49.8,55.6,-106,8.2
2026-04-12 07:38:27,Salón - Extremo (E),51.4,Background Noise,42.1,42.1,0.0,0.0,100.0,0.0,0.0,40.0,40.0,44.7,-111,6.0
2026-04-12 07:38:32,Salón - Uma (E),67.6,Background Noise,61.6,61.6,61.2,0.0,92.4,7.6,0.0,57.4,60.9,64.1,-105,9.3
2026-04-12 07:38:57,Pasillo de Laboratorio - Ala Inferior (E),67.0,Background Noise,44.6,44.6,0.0,0.0,100.0,0.0,0.0,40.0,42.2,47.0,-107,5.8
2026-04-12 07:40:51,Pasillo de Laboratorio - Ala Superior (E),48.6,Background Noise,41.6,41.6,41.5,0.0,95.2,4.8,0.0,40.0,40.0,43.8,-101,9.0
2026-04-12 07:41:05,Pasillo de Laboratorio (E),59.7,People,53.9,53.8,53.9,0.0,1.5,98.5,0.0,49.2,53.3,56.3,-97,12.3
2026-04-12 07:42:42,Pasillo Administrativo (E),86.0,Background Noise,55.3,55.3,0.0,0.0,100.0,0.0,0.0,40.0,40.0,40.0,-98,12.5
2026-04-12 07:42:50,Main Lobby (E),64.1,Background Noise,47.6,47.3,50.9,0.0,95.5,4.5,0.0,41.3,43.8,47.2,-102,9.5
2026-04-12 07:42:56,Pasillo de Salones (E),60.5,Background Noise,52.0,52.0,51.6,0.0,99.7,0.3,0.0,46.5,49.9,55.7,-113,2.8
2026-04-12 07:43:27,Salón - Extremo (E),60.2,Background Noise,43.9,43.9,0.0,0.0,100.0,0.0,0.0,40.0,40.7,46.1,-115,4.5
2026-04-12 07:43:32,Salón - Uma (E),68.5,Background Noise,61.7,61.8,61.2,0.0,90.9,9.1,0.0,57.3,61.0,64.4,-114,2.2
2026-04-12 07:43:57,Pasillo de Laboratorio - Ala Inferior (E),79.2,Background Noise,49.8,49.8,0.0,0.0,100.0,0.0,0.0,40.0,42.5,47.2,-110,5.2
2026-04-12 07:45:51,Pasillo de Laboratorio - Ala Superior (E),51.4,Background Noise,41.6,41.6,42.7,0.0,99.5,0.5,0.0,40.0,40.0,43.7,-89,11.8
2026-04-12 07:46:05,Pasillo de Laboratorio (E),59.6,People,53.8,52.7,53.8,0.0,2.5,97.5,0.0,48.9,53.1,56.5,-109,7.2
2026-04-12 07:47:43,Pasillo Administrativo (E),79.1,Background Noise,49.0,49.0,0.0,0.0,100.0,0.0,0.0,40.0,40.0,40.0,-101,8.0
2026-04-12 07:47:50,Main Lobby (E),57.2,Background Noise,44.8,44.6,46.6,0.0,93.7,6.3,0.0,41.4,44.0,46.7,-103,8.5
2026-04-12 07:47:56,Pasillo de Salones (E),61.0,Background Noise,52.1,52.1,0.0,0.0,100.0,0.0,0.0,46.2,50.0,55.6,-106,-2.5
2026-04-12 07:48:27,Salón - Extremo (E),54.9,Background Noise,42.5,42.5,0.0,0.0,100.0,0.0,0.0,40.0,40.0,44.9,-111,4.2
2026-04-12 07:48:32,Salón - Uma (E),69.6,Background Noise,61.7,61.7,61.2,0.0,91.8,8.2,0.0,57.3,61.0,64.2,-108,4.8
2026-04-12 07:48:57,Pasillo de Laboratorio - Ala Inferior (E),63.9,Background Noise,44.5,44.5,0.0,0.0,100.0,0.0,0.0,40.0,42.4,46.9,-103,9.8
2026-04-12 07:50:51,Pasillo de Laboratorio - Ala Superior (E),48.8,Background Noise,41.4,41.4,0.0,0.0,100.0,0.0,0.0,40.0,40.0,43.5,-97,11.5
2026-04-12 07:51:06,Pasillo de Laboratorio (E),59.0,People,53.9,52.4,53.9,0.0,2.9,97.1,0.0,49.2,53.3,56.5,-117,-6.0
2026-04-12 07:52:43,Pasillo Administrativo (E),85.9,Background Noise,55.3,55.3,0.0,0.0,100.0,0.0,0.0,40.0,40.0,40.0,-103,10.5
2026-04-12 07:52:50,Main Lobby (E),59.2,People,45.6,45.4,47.6,0.0,93.2,6.8,0.0,43.0,45.1,47.2,-102,9.5
2026-04-12 07:52:56,Pasillo de Salones (E),59.7,Background Noise,51.8,51.8,0.0,0.0,100.0,0.0,0.0,46.4,49.8,55.3,-90,13.8
2026-04-12 07:53:28,Salón - Extremo (E),52.0,Background Noise,42.3,42.3,0.0,0.0,100.0,0.0,0.0,40.0,40.3,44.9,-115,-3.8
2026-04-12 07:53:32,Salón - Uma (E),67.9,Background Noise,61.7,61.7,61.3,0.0,91.5,8.5,0.0,57.5,61.0,64.1,-105,8.8
2026-04-12 07:53:58,Pasillo de Laboratorio - Ala Inferior (E),79.8,Background Noise,50.1,50.1,0.0,0.0,100.0,0.0,0.0,40.0,42.1,46.8,-108,7.3
2026-04-12 07:55:51,Pasillo de Laboratorio - Ala Superior (E),48.6,Background Noise,41.6,41.6,0.0,0.0,100.0,0.0,0.0,40.0,40.0,44.0,-102,11.3
2026-04-12 07:56:06,Pasillo de Laboratorio (E),59.3,People,53.9,52.7,53.9,0.0,1.9,98.1,0.0,49.0,53.2,56.4,-97,13.8
2026-04-12 07:57:43,Pasillo Administrativo (E),85.6,Background Noise,54.9,54.9,0.0,0.0,100.0,0.0,0.0,40.0,40.0,40.0,-103,9.0
2026-04-12 07:57:50,Main Lobby (E),61.8,People,47.1,46.3,50.2,48.9,86.7,13.2,0.1,44.1,46.3,48.4,-96,12.5
2026-04-12 07:57:56,Pasillo de Salones (E),60.3,Background Noise,52.1,52.1,47.1,0.0,99.9,0.1,0.0,46.5,49.9,55.7,-113,0.5
2026-04-12 07:58:28,Salón - Extremo (E),51.9,Background Noise,42.6,42.6,0.0,0.0,100.0,0.0,0.0,40.0,40.4,45.5,-98,12.8
2026-04-12 07:58:32,Salón - Uma (E),68.8,People,61.8,61.8,61.2,0.0,91.3,8.7,0.0,57.4,60.9,64.4,-113,0.5
2026-04-12 07:58:58,Pasillo de Laboratorio - Ala Inferior (E),76.4,Background Noise,47.9,47.9,0.0,0.0,100.0,0.0,0.0,40.0,42.3,47.1,-108,7.5
2026-04-12 08:00:51,Pasillo de Laboratorio - Ala Superior (E),49.2,Background Noise,41.7,41.7,0.0,0.0,100.0,0.0,0.0,40.0,40.0,44.1,-98,10.2
2026-04-12 08:01:06,Pasillo de Laboratorio (E),59.4,People,53.9,53.4,53.9,0.0,2.1,97.9,0.0,49.2,53.3,56.4,-113,5.0
2026-04-12 08:02:43,Pasillo Administrativo (E),74.9,Background Noise,45.9,45.9,0.0,0.0,100.0,0.0,0.0,40.0,40.0,40.0,-106,7.5
2026-04-12 08:02:50,Main Lobby (E),54.3,People,46.4,46.3,48.9,46.0,99.1,0.8,0.1,44.1,46.1,48.0,-101,7.5
2026-04-12 08:02:56,Pasillo de Salones (E),60.4,Background Noise,51.8,51.8,50.7,0.0,99.8,0.2,0.0,46.2,49.8,55.4,-89,11.8
2026-04-12 08:03:28,Salón - Extremo (E),53.3,Background Noise,42.3,42.3,0.0,0.0,100.0,0.0,0.0,40.0,40.1,45.1,-94,11.0
2026-04-12 08:03:32,Salón - Uma (E),68.0,Background Noise,61.7,61.7,61.5,0.0,90.7,9.3,0.0,57.7,60.9,64.3,-102,-2.5
2026-04-12 08:03:58,Pasillo de Laboratorio - Ala Inferior (E),61.0,Background Noise,44.0,44.0,0.0,0.0,100.0,0.0,0.0,40.0,42.1,46.7,-106,9.3
2026-04-12 08:05:51,Pasillo de Laboratorio - Ala Superior (E),56.5,Background Noise,41.9,41.9,40.0,0.0,99.9,0.1,0.0,40.0,40.0,44.2,-99,12.8
2026-04-12 08:06:06,Pasillo de Laboratorio (E),59.4,People,53.7,53.8,53.7,0.0,2.5,97.5,0.0,48.9,53.0,56.3,-117,-9.5
2026-04-12 08:07:46,Pasillo Administrativo (E),87.1,Background Noise,56.5,56.5,0.0,0.0,100.0,0.0,0.0,40.0,40.0,40.0,-102,9.0
2026-04-12 08:07:50,Main Lobby (E),61.4,People,47.5,47.3,49.2,0.0,94.5,5.5,0.0,44.7,46.9,48.9,-94,13.3
2026-04-12 08:07:56,Pasillo de Salones (E),60.2,Background Noise,52.0,52.0,51.2,0.0,99.9,0.1,0.0,46.4,49.8,55.7,-111,2.8
2026-04-12 08:08:28,Salón - Extremo (E),55.3,Background Noise,42.1,42.1,0.0,0.0,100.0,0.0,0.0,40.0,40.0,44.6,-114,2.5
2026-04-12 08:08:32,Salón - Uma (E),69.7,Background Noise,61.5,61.5,61.5,0.0,91.8,8.2,0.0,57.3,60.8,64.0,-118,-5.0
2026-04-12 08:08:58,Pasillo de Laboratorio - Ala Inferior (E),78.9,Background Noise,49.5,49.5,0.0,0.0,100.0,0.0,0.0,40.0,42.5,46.7,-109,6.3
2026-04-12 08:10:51,Pasillo de Laboratorio - Ala Superior (E),52.4,Background Noise,41.6,41.6,0.0,0.0,100.0,0.0,0.0,40.0,40.0,43.8,-95,11.5
2026-04-12 08:11:06,Pasillo de Laboratorio (E),59.5,People,53.8,53.3,53.8,0.0,1.4,98.6,0.0,49.3,53.2,56.2,-109,7.2
2026-04-12 08:12:43,Pasillo Administrativo (E),75.1,Background Noise,46.1,46.1,0.0,0.0,100.0,0.0,0.0,40.0,40.0,40.0,-103,10.3
2026-04-12 08:12:50,Main Lobby (E),64.9,People,48.5,47.8,51.4,0.0,86.1,13.9,0.0,44.8,47.5,49.7,-95,13.0
2026-04-12 08:12:57,Pasillo de Salones (E),60.0,Background Noise,51.9,51.9,52.0,0.0,99.7,0.3,0.0,46.3,49.9,55.4,-108,8.0
2026-04-12 08:13:28,Salón - Extremo (E),54.0,Background Noise,42.3,42.3,0.0,0.0,100.0,0.0,0.0,40.0,40.1,44.8,-96,12.8
2026-04-12 08:13:33,Salón - Uma (E),68.1,Background Noise,61.6,61.7,61.2,0.0,90.0,10.0,0.0,57.2,61.0,64.2,-102,10.8
2026-04-12 08:13:58,Pasillo de Laboratorio - Ala Inferior (E),61.3,Background Noise,44.3,44.3,0.0,0.0,100.0,0.0,0.0,40.0,42.3,47.1,-111,3.5
2026-04-12 08:15:51,Pasillo de Laboratorio - Ala Superior (E),58.0,Background Noise,41.9,41.9,41.3,0.0,96.7,3.2,0.0,40.0,40.0,44.1,-96,12.8
2026-04-12 08:16:06,Pasillo de Laboratorio (E),59.8,People,53.8,53.6,53.8,0.0,1.9,98.1,0.0,49.1,53.0,56.4,-118,0.2
2026-04-12 08:17:43,Pasillo Administrativo (E),87.8,Background Noise,57.1,57.1,0.0,0.0,100.0,0.0,0.0,40.0,40.0,40.0,-96,13.0
2026-04-12 08:17:51,Main Lobby (E),49.5,Background Noise,42.7,42.7,0.0,0.0,100.0,0.0,0.0,40.0,42.2,44.8,-96,11.0
2026-04-12 08:17:57,Pasillo de Salones (E),60.5,Background Noise,52.1,52.1,49.1,0.0,99.8,0.2,0.0,46.5,49.9,55.7,-108,6.2
2026-04-12 08:18:28,Salón - Extremo (E),52.6,Background Noise,42.2,42.2,0.0,0.0,100.0,0.0,0.0,40.0,40.0,44.9,-111,5.8
2026-04-12 08:18:33,Salón - Uma (E),67.8,Background Noise,61.7,61.7,61.1,0.0,91.8,8.2,0.0,57.6,61.1,64.2,-114,-0.8
2026-04-12 08:18:58,Pasillo de Laboratorio - Ala Inferior (E),79.1,Background Noise,49.6,49.6,0.0,0.0,100.0,0.0,0.0,40.0,42.5,46.6,-118,-5.0
2026-04-12 08:20:52,Pasillo de Laboratorio - Ala Superior (E),57.2,Background Noise,42.3,42.3,41.3,0.0,97.8,2.2,0.0,40.0,40.0,44.5,-97,13.8
2026-04-12 08:21:06,Pasillo de Laboratorio (E),59.4,People,53.9,53.7,53.9,0.0,1.8,98.2,0.0,49.3,53.3,56.3,-96,13.5
2026-04-12 08:22:43,Pasillo Administrativo (E),78.3,Background Noise,48.4,48.4,0.0,0.0,100.0,0.0,0.0,40.0,40.0,40.0,-105,1.8
2026-04-12 08:22:51,Main Lobby (E),55.3,People,44.5,44.3,47.5,0.0,95.9,4.1,0.0,40.5,43.6,46.9,-97,13.0
2026-04-12 08:22:57,Pasillo de Salones (E),61.1,Background Noise,51.9,52.0,50.1,0.0,99.6,0.4,0.0,46.2,49.8,55.7,-109,5.8
2026-04-12 08:23:28,Salón - Extremo (E),55.4,Background Noise,42.3,42.3,0.0,0.0,100.0,0.0,0.0,40.0,40.0,44.8,-94,13.0
2026-04-12 08:23:33,Salón - Uma (E),68.4,Background Noise,61.8,61.8,61.6,0.0,92.7,7.3,0.0,57.5,61.0,64.4,-117,-7.5
2026-04-12 08:23:58,Pasillo de Laboratorio - Ala Inferior (E),65.1,Background Noise,44.2,44.2,0.0,0.0,100.0,0.0,0.0,40.0,42.0,46.6,-109,5.2
2026-04-12 08:25:52,Pasillo de Laboratorio - Ala Superior (E),56.4,Background Noise,41.9,41.9,40.9,0.0,99.8,0.3,0.0,40.0,40.0,44.1,-89,11.8
2026-04-12 08:26:06,Pasillo de Laboratorio (E),59.5,People,53.9,52.5,53.9,0.0,1.6,98.4,0.0,49.2,53.2,56.6,-113,5.5
2026-04-12 08:27:44,Pasillo Administrativo (E),88.3,Background Noise,57.6,57.6,0.0,0.0,100.0,0.0,0.0,40.0,40.0,40.0,-100,11.8
2026-04-12 08:27:51,Main Lobby (E),70.9,Background Noise,51.3,49.1,56.1,0.0,84.0,16.0,0.0,44.4,46.7,52.1,-97,13.0
2026-04-12 08:27:57,Pasillo de Salones (E),60.8,Background Noise,52.1,52.1,52.6,0.0,99.8,0.3,0.0,46.4,49.8,55.6,-108,4.0
2026-04-12 08:28:28,Salón - Extremo (E),59.4,Background Noise,44.5,44.4,49.4,0.0,98.9,1.1,0.0,40.0,41.2,46.9,-107,7.5
2026-04-12 08:28:33,Salón - Uma (E),69.9,Background Noise,61.7,61.8,60.8,0.0,91.7,8.3,0.0,57.5,61.0,64.2,-106,9.0
2026-04-12 08:28:58,Pasillo de Laboratorio - Ala Inferior (E),79.3,Background Noise,49.9,49.9,42.4,45.2,99.1,0.8,0.2,40.0,42.2,46.6,-107,7.5
2026-04-12 08:30:52,Pasillo de Laboratorio - Ala Superior (E),58.4,Background Noise,42.8,42.8,41.7,43.9,98.1,1.4,0.5,40.0,40.2,44.7,-101,10.5
2026-04-12 08:31:07,Pasillo de Laboratorio (E),59.1,People,53.9,53.8,54.0,0.0,2.0,98.0,0.0,49.3,53.5,56.5,-117,0.2
2026-04-12 08:32:44,Pasillo Administrativo (E),85.0,Background Noise,54.4,54.4,0.0,0.0,100.0,0.0,0.0,40.0,40.0,40.0,-115,-1.8
2026-04-12 08:32:51,Main Lobby (E),63.1,People,47.9,47.4,52.2,48.5,94.3,5.3,0.4,44.7,46.6,49.0,-118,-4.0
2026-04-12 08:32:57,Pasillo de Salones (E),59.8,Background Noise,51.9,51.9,51.2,0.0,99.4,0.6,0.0,46.5,49.9,55.6,-108,5.2
2026-04-12 08:33:29,Salón - Extremo (E),55.1,Background Noise,42.3,42.3,0.0,0.0,100.0,0.0,0.0,40.0,40.1,44.8,-93,11.0
2026-04-12 08:33:33,Salón - Uma (E),69.1,Background Noise,61.7,61.6,61.9,0.0,93.0,7.0,0.0,57.6,61.0,64.1,-112,0.5
2026-04-12 08:33:58,Pasillo de Laboratorio - Ala Inferior (E),78.4,Background Noise,49.1,49.1,44.8,44.8,99.0,0.2,0.8,40.0,42.5,46.6,-107,3.2
2026-04-12 08:35:52,Pasillo de Laboratorio - Ala Superior (E),58.2,Background Noise,42.0,42.0,42.6,42.7,98.3,0.5,1.2,40.0,40.0,44.1,-103,9.5
2026-04-12 08:36:07,Pasillo de Laboratorio (E),58.9,People,53.8,54.0,53.8,0.0,1.8,98.2,0.0,49.3,53.4,56.3,-115,1.0
2026-04-12 08:37:44,Pasillo Administrativo (E),88.3,Background Noise,57.6,57.6,0.0,0.0,100.0,0.0,0.0,40.0,40.0,40.0,-98,12.8
2026-04-12 08:37:51,Main Lobby (E),58.3,People,48.5,47.7,53.7,0.0,92.9,7.1,0.0,40.1,43.4,54.5,-101,8.8
2026-04-12 08:37:57,Pasillo de Salones (E),59.8,Background Noise,51.8,51.9,48.1,0.0,99.8,0.3,0.0,46.4,49.7,55.6,-109,
2026-04-12 08:38:29,Salón - Extremo (E),56.5,Background Noise,42.3,42.3,0.0,0.0,100.0,0.0,0.0,40.0,40.0,44.8,-106,7.2
2026-04-12 08:38:33,Salón - Uma (E),68.5,Background Noise,61.8,61.8,61.4,0.0,92.1,7.9,0.0,57.4,61.0,64.4,-115,2.5
2026-04-12 08:38:59,Pasillo de Laboratorio - Ala Inferior (E),79.3,Background Noise,49.7,49.7,42.5,0.0,99.9,0.1,0.0,40.0,42.0,46.4,-103,10.8
2026-04-12 08:40:52,Pasillo de Laboratorio - Ala Superior (E),48.7,Background Noise,41.7,41.7,42.7,0.0,99.3,0.7,0.0,40.0,40.0,44.1,-96,13.5
2026-04-12 08:41:07,Pasillo de Laboratorio (E),59.1,People,53.9,53.7,53.9,0.0,6.1,93.9,0.0,49.2,53.3,56.5,-114,-1.5
2026-04-12 08:42:44,Pasillo Administrativo (E),86.0,Background Noise,55.4,55.4,0.0,0.0,100.0,0.0,0.0,40.0,40.0,40.0,-105,9.5
2026-04-12 08:42:51,Main Lobby (E),60.7,People,54.5,54.3,55.3,0.0,85.6,14.4,0.0,50.5,54.4,56.4,-96,11.3
2026-04-12 08:42:57,Pasillo de Salones (E),60.4,Background Noise,52.0,52.0,0.0,0.0,100.0,0.0,0.0,46.4,49.9,55.7,-104,7.2
2026-04-12 08:43:29,Salón - Extremo (E),53.5,Background Noise,42.3,42.3,0.0,0.0,100.0,0.0,0.0,40.0,40.0,44.6,-101,11.5
2026-04-12 08:43:33,Salón - Uma (E),69.1,Background Noise,61.8,61.9,61.0,0.0,92.4,7.6,0.0,57.6,61.2,64.3,-105,9.0
2026-04-12 08:43:59,Pasillo de Laboratorio - Ala Inferior (E),79.1,Background Noise,49.6,49.6,0.0,0.0,100.0,0.0,0.0,40.0,42.0,46.8,-102,0.8
2026-04-12 08:45:52,Pasillo de Laboratorio - Ala Superior (E),60.9,Background Noise,42.1,42.1,0.0,0.0,100.0,0.0,0.0,40.0,40.0,44.1,-97,10.2
2026-04-12 08:46:07,Pasillo de Laboratorio (E),59.4,People,54.0,54.0,54.0,0.0,14.3,85.7,0.0,49.2,53.6,56.5,-119,-4.8
2026-04-12 08:47:44,Pasillo Administrativo (E),86.1,Background Noise,55.4,55.4,0.0,0.0,100.0,0.0,0.0,40.0,40.0,40.0,-111,0.8
2026-04-12 08:47:51,Main Lobby (E),73.4,People,53.6,49.4,59.0,45.7,79.7,19.9,0.3,40.6,44.4,55.5,-98,13.0
2026-04-12 08:47:57,Pasillo de Salones (E),62.1,Background Noise,52.1,52.1,0.0,0.0,100.0,0.0,0.0,46.5,50.0,55.6,-89,13.8
2026-04-12 08:48:29,Salón - Extremo (E),52.5,Background Noise,42.2,42.2,0.0,0.0,100.0,0.0,0.0,40.0,40.0,44.7,-108,5.5
2026-04-12 08:48:33,Salón - Uma (E),67.9,Background Noise,61.7,61.7,61.1,0.0,92.3,7.7,0.0,57.3,61.0,64.4,-105,9.0
2026-04-12 08:48:59,Pasillo de Laboratorio - Ala Inferior (E),78.9,Background Noise,49.7,49.7,0.0,0.0,100.0,0.0,0.0,40.0,42.7,47.1,-106,9.5
2026-04-12 08:50:52,Pasillo de Laboratorio - Ala Superior (E),50.1,Background Noise,42.0,42.0,40.0,0.0,99.8,0.2,0.0,40.0,40.2,44.6,-97,13.8
2026-04-12 08:51:07,Pasillo de Laboratorio (E),61.0,People,54.3,54.1,54.3,0.0,1.7,98.3,0.0,49.5,53.8,56.8,-114,2.0
2026-04-12 08:52:44,Pasillo Administrativo (E),85.7,Background Noise,55.0,55.0,0.0,0.0,100.0,0.0,0.0,40.0,40.0,40.0,-97,12.8
2026-04-12 08:52:51,Main Lobby (E),68.8,People,50.7,44.4,53.8,0.0,56.5,43.5,0.0,41.8,44.8,52.4,-90,10.0
2026-04-12 08:52:58,Pasillo de Salones (E),61.8,Background Noise,52.0,52.0,48.0,0.0,99.9,0.1,0.0,46.4,49.8,55.8,-99,9.2
2026-04-12 08:53:29,Salón - Extremo (E),53.4,Background Noise,42.2,42.2,0.0,0.0,100.0,0.0,0.0,40.0,40.1,44.8,-109,7.5
2026-04-12 08:53:33,Salón - Uma (E),69.0,Background Noise,61.6,61.6,61.4,0.0,90.6,9.4,0.0,57.4,60.9,64.3,-104,9.5
2026-04-12 08:53:59,Pasillo de Laboratorio - Ala Inferior (E),79.6,Background Noise,49.9,49.9,0.0,0.0,100.0,0.0,0.0,40.0,42.0,46.3,-116,-4.5
2026-04-12 08:55:53,Pasillo de Laboratorio - Ala Superior (E),61.3,Background Noise,42.6,42.6,0.0,0.0,100.0,0.0,0.0,40.0,40.6,44.9,-93,12.5
2026-04-12 08:56:07,Pasillo de Laboratorio (E),59.8,People,54.0,52.6,54.1,0.0,1.2,98.8,0.0,49.2,53.6,56.5,-98,13.8
2026-04-12 08:57:44,Pasillo Administrativo (E),86.2,Background Noise,55.5,55.5,0.0,0.0,100.0,0.0,0.0,40.0,40.0,40.0,-114,1.0
2026-04-12 08:57:51,Main Lobby (E),58.2,Background Noise,43.1,43.1,40.0,0.0,99.9,0.1,0.0,40.0,42.5,45.0,-109,5.2
2026-04-12 08:57:58,Pasillo de Salones (E),59.5,Background Noise,52.1,52.1,0.0,0.0,100.0,0.0,0.0,46.6,49.9,55.7,-97,7.5
2026-04-12 08:58:29,Salón - Extremo (E),53.3,Background Noise,42.3,42.3,0.0,0.0,100.0,0.0,0.0,40.0,40.0,44.8,-94,13.3
2026-04-12 08:58:34,Salón - Uma (E),68.4,Background Noise,61.7,61.7,61.1,0.0,91.5,8.5,0.0,57.6,61.0,64.1,-113,2.8
2026-04-12 08:58:59,Pasillo de Laboratorio - Ala Inferior (E),77.0,Background Noise,48.3,48.3,0.0,0.0,100.0,0.0,0.0,40.0,42.4,46.8,-109,5.5
2026-04-12 09:00:53,Pasillo de Laboratorio - Ala Superior (E),52.4,Background Noise,41.8,41.8,0.0,0.0,100.0,0.0,0.0,40.0,40.0,44.1,-91,11.5
2026-04-12 09:01:08,Pasillo de Laboratorio (E),59.4,People,54.1,52.9,54.1,0.0,1.4,98.6,0.0,49.4,53.6,56.6,-96,11.5
2026-04-12 09:02:44,Pasillo Administrativo (E),86.2,Background Noise,55.6,55.6,0.0,0.0,100.0,0.0,0.0,40.0,40.0,40.0,-114,2.5
2026-04-12 09:02:52,Main Lobby (E),62.3,Background Noise,43.3,43.3,45.2,0.0,99.9,0.1,0.0,40.1,42.5,45.2,-86,14.0
2026-04-12 09:02:58,Pasillo de Salones (E),60.0,Background Noise,52.0,51.9,53.0,0.0,99.8,0.2,0.0,46.6,49.9,55.5,-79,13.5
2026-04-12 09:03:29,Salón - Extremo (E),57.8,Background Noise,42.3,42.3,0.0,0.0,100.0,0.0,0.0,40.0,40.1,44.7,-101,9.5
2026-04-12 09:03:34,Salón - Uma (E),67.8,Background Noise,61.8,61.8,61.4,0.0,91.8,8.2,0.0,57.5,61.1,64.4,-107,7.8
2026-04-12 09:03:59,Pasillo de Laboratorio - Ala Inferior (E),79.9,Background Noise,50.3,50.3,0.0,0.0,100.0,0.0,0.0,40.0,42.3,46.8,-107,8.2
2026-04-12 09:05:53,Pasillo de Laboratorio - Ala Superior (E),59.2,Background Noise,42.4,42.4,42.1,0.0,98.4,1.6,0.0,40.0,40.7,44.9,-105,11.2
2026-04-12 09:06:08,Pasillo de Laboratorio (E),61.1,People,54.0,52.9,54.1,0.0,2.3,97.7,0.0,49.4,53.5,56.5,-98,11.8
2026-04-12 09:07:45,Pasillo Administrativo (E),87.7,Background Noise,57.0,57.0,0.0,0.0,100.0,0.0,0.0,40.0,40.0,40.0,-94,11.8
2026-04-12 09:07:52,Main Lobby (E),60.8,People,44.5,44.4,52.0,0.0,99.2,0.8,0.0,40.7,43.1,46.0,-89,9.2
2026-04-12 09:07:58,Pasillo de Salones (E),59.9,Background Noise,52.1,52.1,50.0,0.0,99.9,0.1,0.0,46.7,50.0,55.8,-78,13.3
2026-04-12 09:08:29,Salón - Extremo (E),66.4,Background Noise,43.2,43.2,0.0,0.0,100.0,0.0,0.0,40.0,40.1,45.1,-84,13.5
2026-04-12 09:08:34,Salón - Uma (E),68.9,People,61.7,61.8,61.1,0.0,91.2,8.8,0.0,57.2,61.0,64.4,-114,1.8
2026-04-12 09:08:59,Pasillo de Laboratorio - Ala Inferior (E),78.6,Background Noise,49.1,49.1,41.4,0.0,99.9,0.1,0.0,40.0,41.8,46.3,-109,4.8
2026-04-12 09:10:53,Pasillo de Laboratorio - Ala Superior (E),49.1,Background Noise,41.9,41.9,40.0,0.0,99.9,0.1,0.0,40.0,40.3,44.4,-100,11.0
2026-04-12 09:11:08,Pasillo de Laboratorio (E),59.4,People,54.0,53.8,54.0,0.0,1.8,98.3,0.0,49.3,53.4,56.5,-113,-1.2
2026-04-12 09:12:45,Pasillo Administrativo (E),85.3,Background Noise,54.7,54.7,0.0,0.0,100.0,0.0,0.0,40.0,40.0,40.0,-98,12.0
2026-04-12 09:12:52,Main Lobby (E),61.7,Background Noise,43.6,43.6,0.0,0.0,100.0,0.0,0.0,40.0,42.7,45.6,-91,11.0
2026-04-12 09:12:58,Pasillo de Salones (E),59.6,Background Noise,52.0,52.0,46.7,0.0,99.9,0.1,0.0,46.2,50.0,55.5,-98,9.0
2026-04-12 09:13:30,Salón - Extremo (E),66.5,Background Noise,43.2,43.2,0.0,0.0,100.0,0.0,0.0,40.0,40.0,45.0,-96,8.8
2026-04-12 09:13:34,Salón - Uma (E),69.3,Background Noise,61.7,61.7,61.7,0.0,90.8,9.2,0.0,57.7,61.0,64.2,-102,1.8
2026-04-12 09:13:59,Pasillo de Laboratorio - Ala Inferior (E),79.9,Background Noise,50.2,50.2,0.0,0.0,100.0,0.0,0.0,40.0,42.5,46.8,-107,7.0
2026-04-12 09:15:53,Pasillo de Laboratorio - Ala Superior (E),60.4,Background Noise,42.3,42.3,40.0,0.0,99.8,0.2,0.0,40.0,40.4,44.5,-95,12.8
2026-04-12 09:16:08,Pasillo de Laboratorio (E),60.6,People,54.0,53.5,54.1,0.0,2.3,97.7,0.0,49.3,53.6,56.5,-98,11.3
2026-04-12 09:17:45,Pasillo Administrativo (E),87.9,Background Noise,57.2,57.2,0.0,0.0,100.0,0.0,0.0,40.0,40.0,40.0,-113,2.8
2026-04-12 09:17:52,Main Lobby (E),60.3,Background Noise,46.7,46.7,0.0,0.0,100.0,0.0,0.0,44.3,46.3,48.3,-112,1.5
2026-04-12 09:17:58,Pasillo de Salones (E),60.5,Background Noise,52.0,52.0,50.1,0.0,99.8,0.3,0.0,46.6,49.9,55.7,-78,13.8
2026-04-12 09:18:30,Salón - Extremo (E),67.1,Background Noise,43.3,43.3,0.0,0.0,100.0,0.0,0.0,40.0,40.1,45.1,-107,6.2
2026-04-12 09:18:34,Salón - Uma (E),69.3,Background Noise,61.7,61.7,61.2,0.0,91.9,8.1,0.0,57.5,61.0,64.4,-115,-7.2
2026-04-12 09:19:00,Pasillo de Laboratorio - Ala Inferior (E),79.0,Background Noise,49.5,49.5,0.0,0.0,100.0,0.0,0.0,40.0,42.2,46.6,-104,9.3
2026-04-12 09:20:53,Pasillo de Laboratorio - Ala Superior (E),57.4,Background Noise,42.0,42.0,0.0,0.0,100.0,0.0,0.0,40.0,40.2,44.1,-101,11.8
2026-04-12 09:21:08,Pasillo de Laboratorio (E),59.6,People,54.0,53.1,54.0,0.0,2.7,97.3,0.0,49.3,53.6,56.6,-117,-3.8
2026-04-12 09:22:45,Pasillo Administrativo (E),81.0,Background Noise,50.7,50.7,0.0,0.0,100.0,0.0,0.0,40.0,40.0,40.0,-105,8.5
2026-04-12 09:22:52,Main Lobby (E),57.1,Background Noise,45.3,45.5,44.3,41.1,78.9,21.0,0.1,42.2,44.9,47.2,-93,10.2
2026-04-12 09:22:58,Pasillo de Salones (E),62.0,Background Noise,52.1,52.1,47.5,0.0,99.9,0.1,0.0,46.7,50.0,55.6,-95,10.8
2026-04-12 09:23:30,Salón - Extremo (E),55.8,Background Noise,42.4,42.4,41.6,0.0,98.7,1.3,0.0,40.0,40.2,45.0,-94,13.0
2026-04-12 09:23:34,Salón - Uma (E),68.6,Background Noise,61.6,61.6,60.8,0.0,92.5,7.5,0.0,57.6,60.9,64.1,-106,8.8
2026-04-12 09:24:00,Pasillo de Laboratorio - Ala Inferior (E),78.4,Background Noise,49.0,49.0,0.0,0.0,100.0,0.0,0.0,40.0,41.8,46.2,-102,11.3
2026-04-12 09:25:53,Pasillo de Laboratorio - Ala Superior (E),49.0,Background Noise,41.8,41.8,0.0,0.0,100.0,0.0,0.0,40.0,40.0,44.1,-97,11.2
2026-04-12 09:26:08,Pasillo de Laboratorio (E),59.3,People,53.8,52.4,53.9,0.0,1.9,98.1,0.0,49.0,53.2,56.6,-115,4.0
2026-04-12 09:27:45,Pasillo Administrativo (E),87.7,Background Noise,57.0,57.0,0.0,0.0,100.0,0.0,0.0,40.0,40.0,40.0,-103,7.2
2026-04-12 09:27:52,Main Lobby (E),62.0,Background Noise,43.3,43.3,43.4,0.0,99.1,0.9,0.0,40.2,42.6,45.0,-86,14.0
2026-04-12 09:27:58,Pasillo de Salones (E),60.3,Background Noise,51.9,51.9,45.8,0.0,99.9,0.1,0.0,46.3,49.8,55.6,-79,10.0
2026-04-12 09:28:30,Salón - Extremo (E),58.4,Background Noise,42.3,42.3,0.0,0.0,100.0,0.0,0.0,40.0,40.0,44.9,-109,7.0
2026-04-12 09:28:34,Salón - Uma (E),67.2,Background Noise,61.7,61.7,61.5,0.0,91.5,8.5,0.0,57.5,60.9,64.3,-106,7.5
2026-04-12 09:29:00,Pasillo de Laboratorio - Ala Inferior (E),79.6,Background Noise,50.0,50.0,0.0,0.0,100.0,0.0,0.0,40.0,42.4,47.0,-108,5.8
2026-04-12 09:30:54,Pasillo de Laboratorio - Ala Superior (E),56.4,Background Noise,42.0,42.0,0.0,0.0,100.0,0.0,0.0,40.0,40.2,44.2,-103,11.8
2026-04-12 09:31:08,Pasillo de Laboratorio (E),59.3,People,54.0,53.8,54.0,0.0,1.9,98.1,0.0,49.0,53.6,56.5,-117,3.2
2026-04-12 09:32:45,Pasillo Administrativo (E),76.5,Background Noise,46.8,46.8,0.0,0.0,100.0,0.0,0.0,40.0,40.0,40.0,-105,8.2
2026-04-12 09:32:52,Main Lobby (E),50.8,Background Noise,42.6,42.6,42.1,0.0,99.9,0.1,0.0,40.0,42.0,44.8,-87,11.3
2026-04-12 09:32:59,Pasillo de Salones (E),60.5,Background Noise,51.9,51.9,46.7,0.0,99.7,0.3,0.0,46.3,49.9,55.5,-99,9.0
2026-04-12 09:33:30,Salón - Extremo (E),52.0,Background Noise,42.4,42.4,0.0,0.0,100.0,0.0,0.0,40.0,40.0,45.2,-97,13.0
2026-04-12 09:33:35,Salón - Uma (E),69.1,Background Noise,61.6,61.6,61.5,0.0,91.8,8.2,0.0,57.6,61.0,64.1,-118,
2026-04-12 09:34:00,Pasillo de Laboratorio - Ala Inferior (E),76.0,Background Noise,47.4,47.4,0.0,0.0,100.0,0.0,0.0,40.0,41.5,46.3,-100,10.3
2026-04-12 09:35:54,Pasillo de Laboratorio - Ala Superior (E),59.0,Background Noise,42.1,42.1,0.0,0.0,100.0,0.0,0.0,40.0,40.3,44.2,-99,3.5
2026-04-12 09:36:08,Pasillo de Laboratorio (E),60.3,People,54.1,52.3,54.1,0.0,0.8,99.2,0.0,49.5,53.7,56.5,-115,3.0
2026-04-12 09:37:45,Pasillo Administrativo (E),87.5,Background Noise,56.8,56.8,0.0,0.0,100.0,0.0,0.0,40.0,40.0,40.0,-100,12.0
2026-04-12 09:37:52,Main Lobby (E),60.9,Background Noise,43.4,43.4,44.1,0.0,97.8,2.2,0.0,40.0,42.5,45.3,-99,8.8
2026-04-12 09:37:59,Pasillo de Salones (E),61.3,Background Noise,52.0,52.0,0.0,0.0,100.0,0.0,0.0,46.4,49.9,55.6,-89,14.3
2026-04-12 09:38:32,Salón - Extremo (E),53.3,Background Noise,42.4,42.4,0.0,0.0,100.0,0.0,0.0,40.0,40.0,45.1,-100,11.3
2026-04-12 09:38:35,Salón - Uma (E),68.3,Background Noise,61.6,61.7,60.9,0.0,91.8,8.2,0.0,57.3,61.0,64.0,-105,9.8
2026-04-12 09:39:00,Pasillo de Laboratorio - Ala Inferior (E),79.4,Background Noise,49.8,49.8,0.0,0.0,100.0,0.0,0.0,40.0,41.9,46.6,-111,4.5
2026-04-12 09:40:54,Pasillo de Laboratorio - Ala Superior (E),58.0,Background Noise,42.0,42.0,0.0,0.0,100.0,0.0,0.0,40.0,40.0,44.4,-94,12.5
2026-04-12 09:41:09,Pasillo de Laboratorio (E),60.5,People,54.2,53.8,54.2,0.0,1.1,98.9,0.0,49.1,53.9,56.6,-115,-0.8
2026-04-12 09:42:45,Pasillo Administrativo (E),73.0,Background Noise,44.7,44.7,0.0,0.0,100.0,0.0,0.0,40.0,40.0,40.0,-98,12.5
2026-04-12 09:42:53,Main Lobby (E),58.3,People,43.7,43.5,48.6,0.0,97.3,2.7,0.0,40.5,42.9,45.8,-97,13.0
2026-04-12 09:42:59,Pasillo de Salones (E),60.3,Background Noise,52.0,52.0,50.9,0.0,99.6,0.4,0.0,46.3,49.9,55.6,-107,8.5
2026-04-12 09:43:30,Salón - Extremo (E),51.6,Background Noise,42.1,42.1,0.0,0.0,100.0,0.0,0.0,40.0,40.0,44.9,-95,13.8
2026-04-12 09:43:35,Salón - Uma (E),68.0,Background Noise,61.6,61.6,61.6,0.0,91.6,8.4,0.0,57.4,61.0,64.1,-115,-3.2
2026-04-12 09:44:00,Pasillo de Laboratorio - Ala Inferior (E),73.1,Background Noise,46.3,46.3,0.0,0.0,100.0,0.0,0.0,40.0,42.4,46.9,-108,7.3
2026-04-12 09:45:54,Pasillo de Laboratorio - Ala Superior (E),58.1,Background Noise,42.2,42.2,0.0,0.0,100.0,0.0,0.0,40.0,40.4,44.6,-101,8.2
2026-04-12 09:46:09,Pasillo de Laboratorio (E),59.6,People,54.1,54.2,54.1,0.0,1.3,98.7,0.0,49.4,53.6,56.7,-109,-3.2
2026-04-12 09:47:46,Pasillo Administrativo (E),85.5,Background Noise,54.9,54.9,0.0,0.0,100.0,0.0,0.0,40.0,40.0,40.0,-101,8.0
2026-04-12 09:47:53,Main Lobby (E),52.1,People,44.4,44.4,49.1,0.0,99.8,0.3,0.0,40.7,43.7,47.0,-95,13.0
2026-04-12 09:47:59,Pasillo de Salones (E),60.8,Background Noise,52.1,52.1,48.9,0.0,99.8,0.2,0.0,46.2,49.8,55.8,-89,13.5
2026-04-12 09:48:31,Salón - Extremo (E),53.5,Background Noise,42.4,42.4,0.0,0.0,100.0,0.0,0.0,40.0,40.1,44.9,-107,8.0
2026-04-12 09:48:35,Salón - Uma (E),68.7,People,61.7,61.7,61.4,0.0,92.0,8.0,0.0,57.2,61.0,64.2,-112,-5.8
2026-04-12 09:49:00,Pasillo de Laboratorio - Ala Inferior (E),79.0,Background Noise,49.7,49.7,0.0,0.0,100.0,0.0,0.0,40.0,41.9,46.3,-109,4.0
2026-04-12 09:50:54,Pasillo de Laboratorio - Ala Superior (E),59.9,Background Noise,42.2,42.2,0.0,0.0,100.0,0.0,0.0,40.0,40.3,44.7,-89,9.0
2026-04-12 09:51:09,Pasillo de Laboratorio (E),60.1,People,54.3,53.9,54.3,0.0,1.0,99.0,0.0,49.6,54.0,56.8,-97,13.5
2026-04-12 09:52:46,Pasillo Administrativo (E),86.2,Background Noise,55.5,55.5,0.0,0.0,100.0,0.0,0.0,40.0,40.0,40.0,-96,10.8
2026-04-12 09:52:53,Main Lobby (E),51.4,Background Noise,46.2,46.2,0.0,0.0,100.0,0.0,0.0,43.9,45.9,48.1,-119,-6.2
2026-04-12 09:52:59,Pasillo de Salones (E),60.9,Background Noise,52.1,52.1,49.4,0.0,99.9,0.1,0.0,46.2,49.9,55.8,-113,0.5
2026-04-12 09:53:31,Salón - Extremo (E),52.5,Background Noise,42.4,42.4,40.7,0.0,99.8,0.2,0.0,40.0,40.2,45.1,-105,8.0
2026-04-12 09:53:35,Salón - Uma (E),68.3,Background Noise,61.8,61.8,61.5,0.0,92.5,7.5,0.0,57.5,61.2,64.4,-114,-1.2
2026-04-12 09:54:01,Pasillo de Laboratorio - Ala Inferior (E),67.3,Background Noise,44.7,44.7,0.0,0.0,100.0,0.0,0.0,40.0,42.2,46.8,-99,12.8
2026-04-12 09:55:54,Pasillo de Laboratorio - Ala Superior (E),59.7,Background Noise,42.3,42.3,40.0,0.0,99.9,0.1,0.0,40.0,40.5,44.5,-98,10.8
2026-04-12 09:56:09,Pasillo de Laboratorio (E),59.2,People,54.0,53.0,54.0,0.0,1.3,98.7,0.0,49.4,53.4,56.6,-111,9.0
2026-04-12 09:57:46,Pasillo Administrativo (E),79.7,Background Noise,49.6,49.6,0.0,0.0,100.0,0.0,0.0,40.0,40.0,40.0,-96,13.3
2026-04-12 09:57:53,Main Lobby (E),56.8,Background Noise,45.1,45.0,46.6,0.0,93.3,6.7,0.0,40.5,44.1,47.6,-98,12.8
2026-04-12 09:57:59,Pasillo de Salones (E),59.8,Background Noise,52.1,52.1,48.1,0.0,99.8,0.3,0.0,46.5,50.1,55.6,-109,4.8
2026-04-12 09:58:31,Salón - Extremo (E),56.4,Background Noise,43.0,43.0,43.4,40.0,99.2,0.8,0.1,40.0,40.6,45.6,-101,11.8
2026-04-12 09:58:35,Salón - Uma (E),67.7,Background Noise,61.6,61.6,61.3,0.0,92.2,7.8,0.0,57.3,60.9,64.1,-117,-6.0
2026-04-12 09:59:01,Pasillo de Laboratorio - Ala Inferior (E),75.4,Background Noise,47.7,47.7,0.0,0.0,100.0,0.0,0.0,40.0,42.7,46.9,-111,2.8
2026-04-12 10:00:54,Pasillo de Laboratorio - Ala Superior (E),57.2,Background Noise,42.3,42.3,0.0,0.0,100.0,0.0,0.0,40.0,40.4,44.6,-99,9.2
2026-04-12 10:01:09,Pasillo de Laboratorio (E),59.8,People,54.1,51.2,54.1,0.0,0.5,99.5,0.0,49.4,53.4,56.6,-103,2.8
2026-04-12 10:02:46,Pasillo Administrativo (E),85.8,Background Noise,55.2,55.2,0.0,0.0,100.0,0.0,0.0,40.0,40.0,40.0,-113,0.5
2026-04-12 10:02:53,Main Lobby (E),49.5,Background Noise,42.8,42.8,44.5,0.0,99.6,0.4,0.0,40.0,42.1,45.0,-95,13.3
2026-04-12 10:02:59,Pasillo de Salones (E),59.5,Background Noise,52.1,52.1,53.9,0.0,99.8,0.2,0.0,46.4,50.0,55.7,-88,14.3
2026-04-12 10:03:31,Salón - Extremo (E),52.1,Background Noise,42.4,42.4,0.0,0.0,100.0,0.0,0.0,40.0,40.1,45.0,-95,13.5
2026-04-12 10:03:35,Salón - Uma (E),67.8,Background Noise,61.8,61.8,61.6,0.0,92.8,7.2,0.0,57.7,61.2,64.3,-118,-2.0
2026-04-12 10:04:01,Pasillo de Laboratorio - Ala Inferior (E),67.9,Background Noise,44.5,44.5,0.0,0.0,100.0,0.0,0.0,40.0,41.3,46.2,-103,11.5
2026-04-12 10:05:54,Pasillo de Laboratorio - Ala Superior (E),57.6,Background Noise,42.1,42.1,0.0,0.0,100.0,0.0,0.0,40.0,40.2,44.6,-99,8.8
2026-04-12 10:06:09,Pasillo de Laboratorio (E),62.2,People,54.1,54.3,54.1,0.0,1.6,98.4,0.0,49.4,53.7,56.6,-97,11.3
2026-04-12 10:07:46,Pasillo Administrativo (E),77.9,Background Noise,48.1,48.1,0.0,0.0,100.0,0.0,0.0,40.0,40.0,40.0,-99,11.8
2026-04-12 10:07:53,Main Lobby (E),55.3,Background Noise,43.3,43.3,44.9,0.0,99.5,0.5,0.0,40.0,42.1,45.5,-100,7.2
2026-04-12 10:07:59,Pasillo de Salones (E),60.3,Background Noise,52.2,52.1,56.5,0.0,99.9,0.1,0.0,46.7,50.2,55.5,-89,13.8
2026-04-12 10:08:31,Salón - Extremo (E),51.0,Background Noise,42.2,42.2,0.0,0.0,100.0,0.0,0.0,40.0,40.0,45.0,-95,13.8
2026-04-12 10:08:35,Salón - Uma (E),68.6,Background Noise,61.5,61.6,61.1,0.0,91.6,8.4,0.0,57.4,61.0,64.0,-106,8.5
2026-04-12 10:09:01,Pasillo de Laboratorio - Ala Inferior (E),75.1,Background Noise,47.2,47.2,0.0,0.0,100.0,0.0,0.0,40.0,42.2,46.5,-111,3.2
2026-04-12 10:10:54,Pasillo de Laboratorio - Ala Superior (E),49.8,Background Noise,42.0,42.0,0.0,0.0,100.0,0.0,0.0,40.0,40.3,44.5,-97,11.0
2026-04-12 10:11:09,Pasillo de Laboratorio (E),59.9,People,54.0,53.4,54.0,0.0,0.8,99.2,0.0,49.4,53.6,56.5,-115,-5.0
2026-04-12 10:12:46,Pasillo Administrativo (E),85.1,Background Noise,54.5,54.5,0.0,0.0,100.0,0.0,0.0,40.0,40.0,40.0,-107,7.5
2026-04-12 10:12:53,Main Lobby (E),48.7,Background Noise,42.8,42.8,43.5,0.0,98.4,1.6,0.0,40.0,42.3,44.8,-102,9.2
2026-04-12 10:13:00,Pasillo de Salones (E),59.5,Background Noise,52.0,52.0,46.1,0.0,99.9,0.1,0.0,46.5,49.8,55.7,-109,-2.5
2026-04-12 10:13:31,Salón - Extremo (E),55.9,Background Noise,42.4,42.4,0.0,0.0,100.0,0.0,0.0,40.0,40.0,45.1,-111,4.5
2026-04-12 10:13:36,Salón - Uma (E),68.8,Background Noise,61.6,61.7,61.3,0.0,90.7,9.3,0.0,57.5,61.0,64.1,-106,9.3
2026-04-12 10:14:01,Pasillo de Laboratorio - Ala Inferior (E),67.3,Background Noise,44.4,44.4,0.0,0.0,100.0,0.0,0.0,40.0,41.9,46.2,-108,2.5
2026-04-12 10:15:54,Pasillo de Laboratorio - Ala Superior (E),61.9,Background Noise,42.3,42.3,0.0,0.0,100.0,0.0,0.0,40.0,40.2,44.3,-97,12.8
2026-04-12 10:16:09,Pasillo de Laboratorio (E),59.4,People,54.2,54.2,54.2,0.0,0.8,99.2,0.0,49.6,53.8,56.5,-96,11.3
2026-04-12 10:17:46,Pasillo Administrativo (E),73.3,Background Noise,44.9,44.9,0.0,0.0,100.0,0.0,0.0,40.0,40.0,40.0,-95,13.3
2026-04-12 10:17:53,Main Lobby (E),62.4,Background Noise,46.6,46.2,49.9,0.0,94.2,5.7,0.0,40.9,44.0,48.2,-102,8.5
2026-04-12 10:18:00,Pasillo de Salones (E),59.9,Background Noise,52.0,52.0,46.1,0.0,99.8,0.2,0.0,46.7,50.0,55.6,-89,13.5
2026-04-12 10:18:31,Salón - Extremo (E),61.1,Background Noise,44.0,44.0,44.8,0.0,99.9,0.1,0.0,40.0,40.4,46.0,-114,-4.0
2026-04-12 10:18:36,Salón - Uma (E),68.4,Background Noise,61.7,61.8,61.1,0.0,90.9,9.1,0.0,57.6,61.0,64.2,-114,0.8
2026-04-12 10:19:01,Pasillo de Laboratorio - Ala Inferior (E),69.7,Background Noise,44.9,44.9,0.0,0.0,100.0,0.0,0.0,40.0,42.0,46.5,-109,4.2
2026-04-12 10:20:54,Pasillo de Laboratorio - Ala Superior (E),49.8,Background Noise,42.0,42.0,40.0,0.0,99.9,0.1,0.0,40.0,40.4,44.5,-93,9.8
2026-04-12 10:21:10,Pasillo de Laboratorio (E),59.3,People,54.3,54.4,54.3,0.0,0.7,99.3,0.0,49.5,54.1,56.7,-97,11.8
2026-04-12 10:22:46,Pasillo Administrativo (E),81.1,Background Noise,50.7,50.7,0.0,0.0,100.0,0.0,0.0,40.0,40.0,40.0,-95,11.5
2026-04-12 10:22:54,Main Lobby (E),53.3,Background Noise,47.1,47.1,46.9,0.0,95.5,4.5,0.0,44.6,46.8,48.9,-105,8.5
2026-04-12 10:23:00,Pasillo de Salones (E),60.5,Background Noise,52.1,52.1,48.8,0.0,99.8,0.2,0.0,46.3,50.0,55.6,-90,13.5
2026-04-12 10:23:31,Salón - Extremo (E),50.1,Background Noise,42.2,42.2,0.0,0.0,100.0,0.0,0.0,40.0,40.0,44.8,-96,11.0
2026-04-12 10:23:36,Salón - Uma (E),68.2,Background Noise,61.7,61.8,61.1,0.0,93.2,6.8,0.0,57.6,61.0,64.3,-104,9.8
2026-04-12 10:24:01,Pasillo de Laboratorio - Ala Inferior (E),67.4,Background Noise,44.7,44.7,0.0,0.0,100.0,0.0,0.0,40.0,42.0,46.8,-105,8.8
2026-04-12 10:25:55,Pasillo de Laboratorio - Ala Superior (E),52.8,Background Noise,42.2,42.2,0.0,0.0,100.0,0.0,0.0,40.0,40.2,44.6,-101,11.5
2026-04-12 10:26:10,Pasillo de Laboratorio (E),61.4,People,54.1,53.2,54.1,0.0,1.1,98.9,0.0,49.4,53.6,56.5,-120,-5.2
2026-04-12 10:27:47,Pasillo Administrativo (E),73.4,Background Noise,45.1,45.1,0.0,0.0,100.0,0.0,0.0,40.0,40.0,40.0,-106,7.5
2026-04-12 10:27:54,Main Lobby (E),55.4,Background Noise,46.0,46.0,50.8,0.0,99.8,0.3,0.0,43.5,45.7,47.8,-115,-6.8
2026-04-12 10:28:00,Pasillo de Salones (E),60.9,Background Noise,52.1,52.1,44.7,0.0,99.9,0.1,0.0,46.4,50.0,55.7,-89,14.0
2026-04-12 10:28:32,Salón - Extremo (E),53.2,Background Noise,42.4,42.4,0.0,0.0,100.0,0.0,0.0,40.0,40.0,45.2,-99,12.0
2026-04-12 10:28:36,Salón - Uma (E),69.0,Background Noise,61.8,61.8,61.8,0.0,92.5,7.5,0.0,57.3,61.1,64.5,-105,8.3
2026-04-12 10:29:01,Pasillo de Laboratorio - Ala Inferior (E),64.0,Background Noise,44.1,44.1,0.0,0.0,100.0,0.0,0.0,40.0,42.0,46.3,-104,10.0
2026-04-12 10:30:55,Pasillo de Laboratorio - Ala Superior (E),50.1,Background Noise,42.2,42.2,0.0,0.0,100.0,0.0,0.0,40.0,40.7,44.6,-106,7.0
2026-04-12 10:31:10,Pasillo de Laboratorio (E),59.1,People,54.1,53.0,54.1,0.0,0.7,99.3,0.0,49.2,53.5,56.5,-97,13.3
2026-04-12 10:32:47,Pasillo Administrativo (E),76.3,Background Noise,46.7,46.7,0.0,0.0,100.0,0.0,0.0,40.0,40.0,40.0,-97,13.0
2026-04-12 10:32:54,Main Lobby (E),48.9,Background Noise,43.0,43.0,42.0,0.0,98.4,1.6,0.0,40.0,42.2,45.3,-103,10.0
2026-04-12 10:33:00,Pasillo de Salones (E),60.5,Background Noise,52.3,52.3,48.8,0.0,99.9,0.1,0.0,46.6,50.0,55.8,-89,13.8
2026-04-12 10:33:32,Salón - Extremo (E),55.1,Background Noise,42.4,42.4,0.0,0.0,100.0,0.0,0.0,40.0,40.1,45.0,-93,13.0
2026-04-12 10:33:36,Salón - Uma (E),68.4,Background Noise,61.6,61.7,61.3,0.0,91.3,8.7,0.0,57.5,60.9,64.3,-106,8.8
2026-04-12 10:34:02,Pasillo de Laboratorio - Ala Inferior (E),67.7,Background Noise,44.8,44.8,0.0,0.0,100.0,0.0,0.0,40.0,42.2,46.4,-103,9.5
2026-04-12 10:35:55,Pasillo de Laboratorio - Ala Superior (E),49.9,Background Noise,41.9,41.9,0.0,0.0,100.0,0.0,0.0,40.0,40.2,44.3,-103,8.8
2026-04-12 10:36:10,Pasillo de Laboratorio (E),61.1,People,54.1,53.1,54.1,0.0,1.1,98.9,0.0,49.4,53.6,56.6,-108,1.0
2026-04-12 10:37:47,Pasillo Administrativo (E),74.7,Background Noise,45.6,45.6,0.0,0.0,100.0,0.0,0.0,40.0,40.0,40.0,-95,13.0
2026-04-12 10:37:54,Main Lobby (E),48.6,Background Noise,43.0,43.0,43.3,43.8,92.2,7.3,0.5,40.1,42.5,45.1,-97,11.0
2026-04-12 10:38:00,Pasillo de Salones (E),59.1,Background Noise,52.0,52.0,0.0,0.0,100.0,0.0,0.0,46.6,50.0,55.7,-89,13.0
2026-04-12 10:38:32,Salón - Extremo (E),52.9,Background Noise,42.2,42.2,0.0,0.0,100.0,0.0,0.0,40.0,40.0,44.8,-109,5.2
2026-04-12 10:38:36,Salón - Uma (E),68.3,Background Noise,61.6,61.6,61.2,0.0,90.6,9.4,0.0,57.5,60.9,64.2,-107,6.0
2026-04-12 10:39:02,Pasillo de Laboratorio - Ala Inferior (E),74.9,Background Noise,46.8,46.8,0.0,0.0,100.0,0.0,0.0,40.0,41.5,46.1,-102,11.0
2026-04-12 10:40:55,Pasillo de Laboratorio - Ala Superior (E),48.9,Background Noise,41.8,41.8,0.0,0.0,100.0,0.0,0.0,40.0,40.1,44.1,-102,10.5
2026-04-12 10:41:10,Pasillo de Laboratorio (E),60.2,People,54.1,53.9,54.1,0.0,0.7,99.3,0.0,49.3,53.7,56.5,-112,4.5
2026-04-12 10:42:47,Pasillo Administrativo (E),72.3,Background Noise,44.0,44.0,0.0,0.0,100.0,0.0,0.0,40.0,40.0,40.0,-96,13.0
2026-04-12 10:42:54,Main Lobby (E),59.0,People,52.7,52.3,53.8,0.0,75.0,25.0,0.0,42.2,52.2,55.9,-103,8.5
2026-04-12 10:43:00,Pasillo de Salones (E),60.6,Background Noise,52.1,52.1,46.9,0.0,99.8,0.2,0.0,46.6,49.9,55.6,-111,4.5
2026-04-12 10:43:32,Salón - Extremo (E),51.5,Background Noise,42.2,42.2,0.0,0.0,100.0,0.0,0.0,40.0,40.0,45.0,-93,13.3
2026-04-12 10:43:36,Salón - Uma (E),68.0,Background Noise,61.5,61.5,61.8,0.0,91.4,8.6,0.0,57.4,60.9,64.1,-114,1.0
2026-04-12 10:44:02,Pasillo de Laboratorio - Ala Inferior (E),72.3,Background Noise,45.7,45.7,0.0,0.0,100.0,0.0,0.0,40.0,41.9,46.2,-112,4.5
2026-04-12 10:45:55,Pasillo de Laboratorio - Ala Superior (E),49.1,Background Noise,42.0,42.0,0.0,0.0,100.0,0.0,0.0,40.0,40.3,44.7,-94,9.0
2026-04-12 10:46:10,Pasillo de Laboratorio (E),59.7,People,54.3,53.9,54.3,0.0,0.7,99.3,0.0,49.7,53.8,56.7,-117,-2.8
2026-04-12 10:47:47,Pasillo Administrativo (E),88.7,Background Noise,58.0,58.0,0.0,0.0,100.0,0.0,0.0,40.0,40.0,40.0,-109,6.5
2026-04-12 10:47:54,Main Lobby (E),57.1,People,51.3,51.1,52.6,0.0,86.0,14.0,0.0,41.2,50.7,55.1,-102,9.0
2026-04-12 10:48:00,Pasillo de Salones (E),59.6,Background Noise,52.0,52.0,47.6,0.0,99.8,0.2,0.0,46.3,49.8,55.8,-106,7.5
2026-04-12 10:48:32,Salón - Extremo (E),55.6,Background Noise,42.3,42.3,0.0,0.0,100.0,0.0,0.0,40.0,40.1,44.8,-108,-1.2
2026-04-12 10:48:36,Salón - Uma (E),68.1,Background Noise,61.6,61.6,61.6,0.0,91.6,8.4,0.0,57.3,60.9,64.0,-119,-5.5
2026-04-12 10:49:05,Pasillo de Laboratorio - Ala Inferior (E),79.6,Background Noise,50.4,50.4,0.0,0.0,100.0,0.0,0.0,40.0,41.8,46.0,-107,7.8
2026-04-12 10:50:55,Pasillo de Laboratorio - Ala Superior (E),48.8,Background Noise,42.0,42.0,0.0,0.0,100.0,0.0,0.0,40.0,40.2,44.5,-97,12.8
2026-04-12 10:51:10,Pasillo de Laboratorio (E),59.7,People,54.2,54.3,54.2,0.0,0.7,99.3,0.0,49.5,53.8,56.6,-111,4.5
2026-04-12 10:52:47,Pasillo Administrativo (E),42.9,Background Noise,40.0,40.0,0.0,0.0,100.0,0.0,0.0,40.0,40.0,40.0,-114,-2.5
2026-04-12 10:52:54,Main Lobby (E),51.9,Background Noise,44.2,44.2,44.0,0.0,99.9,0.1,0.0,40.3,43.4,46.8,-94,13.3
2026-04-12 10:53:01,Pasillo de Salones (E),59.9,Background Noise,52.3,52.3,0.0,0.0,100.0,0.0,0.0,46.6,50.2,55.7,-111,5.5
2026-04-12 10:53:32,Salón - Extremo (E),52.7,Background Noise,42.4,42.4,0.0,0.0,100.0,0.0,0.0,40.0,40.0,45.2,-94,13.3
2026-04-12 10:53:37,Salón - Uma (E),68.9,Background Noise,61.8,61.8,60.9,0.0,91.2,8.8,0.0,57.3,61.1,64.4,-105,9.8
2026-04-12 10:54:02,Pasillo de Laboratorio - Ala Inferior (E),76.9,Background Noise,48.0,48.0,0.0,0.0,100.0,0.0,0.0,40.0,41.6,46.0,-106,5.8
2026-04-12 10:55:55,Pasillo de Laboratorio - Ala Superior (E),48.8,Background Noise,41.9,41.9,0.0,0.0,100.0,0.0,0.0,40.0,40.3,44.3,-94,8.8
2026-04-12 10:56:10,Pasillo de Laboratorio (E),59.4,People,54.0,53.4,54.1,0.0,0.6,99.4,0.0,49.3,53.7,56.5,-113,2.8
2026-04-12 10:57:47,Pasillo Administrativo (E),61.0,Background Noise,40.6,40.6,0.0,0.0,100.0,0.0,0.0,40.0,40.0,40.0,-115,-1.0
2026-04-12 10:57:54,Main Lobby (E),53.9,Background Noise,45.5,45.5,0.0,0.0,100.0,0.0,0.0,42.7,45.1,47.4,-108,7.5
2026-04-12 10:58:01,Pasillo de Salones (E),59.6,Background Noise,52.2,52.2,49.6,0.0,99.9,0.1,0.0,46.6,50.0,55.8,-109,6.8
2026-04-12 10:58:32,Salón - Extremo (E),50.4,Background Noise,42.3,42.3,0.0,0.0,100.0,0.0,0.0,40.0,40.1,45.3,-109,2.8
2026-04-12 10:58:37,Salón - Uma (E),67.9,Background Noise,61.6,61.7,61.2,0.0,91.7,8.3,0.0,57.4,61.0,64.2,-107,8.8
2026-04-12 10:59:03,Pasillo de Laboratorio - Ala Inferior (E),75.1,Background Noise,47.2,47.2,0.0,0.0,100.0,0.0,0.0,40.0,42.3,46.6,-111,3.5
2026-04-12 11:00:55,Pasillo de Laboratorio - Ala Superior (E),48.0,Background Noise,41.9,41.9,0.0,0.0,100.0,0.0,0.0,40.0,40.2,44.5,-97,9.2
2026-04-12 11:01:11,Pasillo de Laboratorio (E),59.6,People,54.1,53.7,54.1,0.0,1.1,98.9,0.0,49.2,53.6,56.5,-97,11.8
2026-04-12 11:02:47,Pasillo Administrativo (E),45.8,Background Noise,40.1,40.1,0.0,0.0,100.0,0.0,0.0,40.0,40.0,40.0,-117,-4.8
2026-04-12 11:02:55,Main Lobby (E),52.5,Background Noise,45.1,45.1,0.0,0.0,100.0,0.0,0.0,41.1,44.5,47.5,-96,12.5
2026-04-12 11:03:01,Pasillo de Salones (E),60.9,Background Noise,51.9,51.9,0.0,0.0,100.0,0.0,0.0,46.4,49.9,55.6,-108,6.5
2026-04-12 11:03:32,Salón - Extremo (E),52.7,Background Noise,42.1,42.1,43.9,0.0,99.9,0.1,0.0,40.0,40.1,44.8,-108,7.0
2026-04-12 11:03:37,Salón - Uma (E),68.8,Background Noise,61.8,61.8,61.2,0.0,91.3,8.7,0.0,57.5,61.0,64.4,-102,10.8
2026-04-12 11:04:02,Pasillo de Laboratorio - Ala Inferior (E),78.4,Background Noise,49.0,49.0,0.0,0.0,100.0,0.0,0.0,40.0,41.2,45.7,-106,6.8
2026-04-12 11:05:56,Pasillo de Laboratorio - Ala Superior (E),48.7,Background Noise,41.7,41.7,0.0,0.0,100.0,0.0,0.0,40.0,40.0,44.2,-98,10.8
2026-04-12 11:06:11,Pasillo de Laboratorio (E),59.5,People,54.0,53.3,54.0,0.0,0.8,99.2,0.0,49.4,53.5,56.5,-97,11.8
2026-04-12 11:07:48,Pasillo Administrativo (E),61.5,Background Noise,40.5,40.5,0.0,0.0,100.0,0.0,0.0,40.0,40.0,40.0,-107,7.5
2026-04-12 11:07:55,Main Lobby (E),50.1,Background Noise,43.1,43.1,0.0,0.0,100.0,0.0,0.0,40.0,42.5,45.2,-97,13.0
2026-04-12 11:08:01,Pasillo de Salones (E),59.5,Background Noise,52.0,52.0,48.5,0.0,99.8,0.2,0.0,46.6,49.9,55.5,-89,11.3
2026-04-12 11:08:33,Salón - Extremo (E),51.9,Background Noise,42.4,42.4,0.0,0.0,100.0,0.0,0.0,40.0,40.2,45.1,-106,7.0
2026-04-12 11:08:37,Salón - Uma (E),68.2,Background Noise,61.7,61.7,61.3,0.0,92.0,8.0,0.0,57.4,61.0,64.2,-113,-4.0
2026-04-12 11:09:02,Pasillo de Laboratorio - Ala Inferior (E),74.8,Background Noise,46.9,46.9,0.0,0.0,100.0,0.0,0.0,40.0,41.9,46.0,-103,9.8
2026-04-12 11:10:56,Pasillo de Laboratorio - Ala Superior (E),48.9,Background Noise,41.8,41.8,0.0,0.0,100.0,0.0,0.0,40.0,40.0,44.2,-102,7.8
2026-04-12 11:11:11,Pasillo de Laboratorio (E),59.2,People,54.1,52.9,54.1,0.0,1.0,99.0,0.0,49.5,53.6,56.5,-97,11.8
2026-04-12 11:12:48,Pasillo Administrativo (E),59.1,Background Noise,40.4,40.4,0.0,0.0,100.0,0.0,0.0,40.0,40.0,40.0,-102,10.8
2026-04-12 11:12:55,Main Lobby (E),52.2,Background Noise,43.2,43.2,42.1,0.0,99.8,0.2,0.0,40.0,42.6,45.5,-97,13.0
2026-04-12 11:13:01,Pasillo de Salones (E),60.3,Background Noise,52.1,52.1,48.9,0.0,99.8,0.2,0.0,46.6,50.0,55.8,-89,13.8
2026-04-12 11:13:33,Salón - Extremo (E),56.2,Background Noise,42.6,42.6,45.7,0.0,99.9,0.1,0.0,40.0,40.2,45.2,-93,13.3
2026-04-12 11:13:37,Salón - Uma (E),67.9,Background Noise,61.7,61.8,61.2,0.0,93.3,6.7,0.0,57.4,61.0,64.4,-113,3.0
2026-04-12 11:14:03,Pasillo de Laboratorio - Ala Inferior (E),79.1,Background Noise,49.6,49.6,0.0,0.0,100.0,0.0,0.0,40.0,41.7,46.2,-106,8.0
2026-04-12 11:15:56,Pasillo de Laboratorio - Ala Superior (E),49.8,Background Noise,41.7,41.7,40.2,0.0,99.4,0.6,0.0,40.0,40.0,44.2,-102,8.5
2026-04-12 11:16:11,Pasillo de Laboratorio (E),59.0,People,54.1,53.8,54.1,0.0,0.9,99.1,0.0,49.4,53.7,56.6,-111,6.2
2026-04-12 11:17:48,Pasillo Administrativo (E),57.2,Background Noise,40.2,40.2,0.0,0.0,100.0,0.0,0.0,40.0,40.0,40.0,-103,4.0
2026-04-12 11:17:55,Main Lobby (E),57.8,Background Noise,43.1,43.0,49.0,0.0,99.2,0.8,0.0,40.0,42.3,45.1,-98,12.3
2026-04-12 11:18:01,Pasillo de Salones (E),60.6,Background Noise,52.0,52.0,50.4,0.0,99.8,0.2,0.0,46.5,49.9,55.7,-108,6.0
2026-04-12 11:18:33,Salón - Extremo (E),54.8,Background Noise,42.3,42.3,0.0,0.0,100.0,0.0,0.0,40.0,40.1,44.8,-92,12.8
2026-04-12 11:18:37,Salón - Uma (E),69.2,Background Noise,61.7,61.7,61.4,0.0,91.4,8.6,0.0,57.3,60.9,64.3,-114,-0.2
2026-04-12 11:19:03,Pasillo de Laboratorio - Ala Inferior (E),69.0,Background Noise,44.7,44.7,0.0,0.0,100.0,0.0,0.0,40.0,42.0,46.1,-106,9.5
2026-04-12 11:20:56,Pasillo de Laboratorio - Ala Superior (E),50.9,Background Noise,41.8,41.8,0.0,0.0,100.0,0.0,0.0,40.0,40.0,44.1,-99,12.0
2026-04-12 11:21:11,Pasillo de Laboratorio (E),59.1,People,54.1,55.0,54.1,0.0,1.5,98.5,0.0,49.4,53.7,56.5,-115,-9.5
2026-04-12 11:22:48,Pasillo Administrativo (E),71.3,Background Noise,43.3,43.3,0.0,0.0,100.0,0.0,0.0,40.0,40.0,40.0,-107,5.0
2026-04-12 11:22:55,Main Lobby (E),50.1,Background Noise,42.9,42.9,42.7,0.0,99.2,0.8,0.0,40.0,42.4,44.9,-95,13.0
2026-04-12 11:23:01,Pasillo de Salones (E),60.0,Background Noise,52.0,52.0,0.0,0.0,100.0,0.0,0.0,46.4,50.1,55.4,-107,4.2
2026-04-12 11:23:33,Salón - Extremo (E),50.8,Background Noise,42.1,42.1,0.0,0.0,100.0,0.0,0.0,40.0,40.0,44.9,-113,5.5
2026-04-12 11:23:37,Salón - Uma (E),67.4,Background Noise,61.5,61.5,61.1,0.0,90.7,9.3,0.0,57.2,60.9,64.0,-118,-3.8
2026-04-12 11:24:03,Pasillo de Laboratorio - Ala Inferior (E),79.2,Background Noise,50.7,50.7,0.0,0.0,100.0,0.0,0.0,40.0,41.7,46.0,-101,11.5
2026-04-12 11:25:56,Pasillo de Laboratorio - Ala Superior (E),54.0,Background Noise,41.9,41.9,41.8,0.0,99.9,0.1,0.0,40.0,40.0,44.2,-103,8.8
2026-04-12 11:26:11,Pasillo de Laboratorio (E),59.8,People,53.9,52.6,53.9,0.0,1.3,98.7,0.0,49.2,53.5,56.3,-108,-2.5
2026-04-12 11:27:48,Pasillo Administrativo (E),60.2,Background Noise,40.4,40.4,0.0,0.0,100.0,0.0,0.0,40.0,40.0,40.0,-103,10.8
2026-04-12 11:27:55,Main Lobby (E),51.6,Background Noise,45.2,45.2,0.0,0.0,100.0,0.0,0.0,41.6,44.9,47.3,-97,12.0
2026-04-12 11:28:01,Pasillo de Salones (E),60.1,Background Noise,52.2,52.2,49.0,0.0,99.9,0.1,0.0,46.4,50.1,55.7,-105,7.8
2026-04-12 11:28:33,Salón - Extremo (E),51.4,Background Noise,42.1,42.1,0.0,0.0,100.0,0.0,0.0,40.0,40.2,44.7,-98,12.5
2026-04-12 11:28:37,Salón - Uma (E),68.5,Background Noise,61.6,61.6,61.3,0.0,90.8,9.3,0.0,57.4,60.9,64.2,-105,6.0
2026-04-12 11:29:03,Pasillo de Laboratorio - Ala Inferior (E),64.6,Background Noise,43.6,43.6,0.0,0.0,100.0,0.0,0.0,40.0,41.4,45.8,-101,12.3
2026-04-12 11:30:57,Pasillo de Laboratorio - Ala Superior (E),49.7,Background Noise,41.8,41.8,0.0,0.0,100.0,0.0,0.0,40.0,40.0,44.2,-102,7.2
2026-04-12 11:31:11,Pasillo de Laboratorio (E),59.7,People,53.9,53.3,53.9,0.0,1.5,98.5,0.0,49.4,53.4,56.3,-106,5.0
2026-04-12 11:32:48,Pasillo Administrativo (E),72.3,Background Noise,43.8,43.8,0.0,0.0,100.0,0.0,0.0,40.0,40.0,40.0,-115,-1.2
2026-04-12 11:32:55,Main Lobby (E),53.1,Background Noise,45.6,45.6,0.0,0.0,100.0,0.0,0.0,43.1,45.3,47.3,-98,9.2
2026-04-12 11:33:02,Pasillo de Salones (E),61.7,Background Noise,52.2,52.2,0.0,0.0,100.0,0.0,0.0,46.6,50.0,55.8,-112,4.5
2026-04-12 11:33:33,Salón - Extremo (E),50.3,Background Noise,42.2,42.2,0.0,0.0,100.0,0.0,0.0,40.0,40.2,44.8,-108,7.2
2026-04-12 11:33:38,Salón - Uma (E),68.4,Background Noise,61.6,61.6,61.5,0.0,90.4,9.6,0.0,57.3,60.9,64.2,-109,5.8
2026-04-12 11:34:03,Pasillo de Laboratorio - Ala Inferior (E),78.2,Background Noise,49.2,49.2,0.0,0.0,100.0,0.0,0.0,40.0,42.2,46.3,-103,9.0
2026-04-12 11:35:56,Pasillo de Laboratorio - Ala Superior (E),49.1,Background Noise,41.7,41.7,0.0,0.0,100.0,0.0,0.0,40.0,40.0,43.9,-100,12.3
2026-04-12 11:36:11,Pasillo de Laboratorio (E),59.6,People,53.7,53.1,53.7,0.0,0.9,99.1,0.0,48.9,53.2,56.2,-95,11.3
2026-04-12 11:37:48,Pasillo Administrativo (E),59.1,Background Noise,40.3,40.3,0.0,0.0,100.0,0.0,0.0,40.0,40.0,40.0,-101,11.8
2026-04-12 11:37:55,Main Lobby (E),62.7,People,45.2,44.8,57.8,0.0,99.5,0.5,0.0,40.3,43.0,46.3,-95,13.0
2026-04-12 11:38:02,Pasillo de Salones (E),60.4,Background Noise,52.1,52.1,47.1,0.0,99.9,0.1,0.0,46.7,50.1,55.7,-105,9.5
2026-04-12 11:38:33,Salón - Extremo (E),55.2,Background Noise,42.3,42.3,0.0,0.0,100.0,0.0,0.0,40.0,40.0,44.8,-105,0.8
2026-04-12 11:38:38,Salón - Uma (E),68.9,Background Noise,61.6,61.6,61.3,0.0,90.3,9.7,0.0,57.3,60.9,64.2,-109,4.8
2026-04-12 11:39:03,Pasillo de Laboratorio - Ala Inferior (E),61.1,Background Noise,43.2,43.2,0.0,0.0,100.0,0.0,0.0,40.0,41.3,45.6,-103,9.5
2026-04-12 11:40:56,Pasillo de Laboratorio - Ala Superior (E),50.2,Background Noise,41.7,41.7,0.0,0.0,100.0,0.0,0.0,40.0,40.0,44.1,-97,9.8
2026-04-12 11:41:12,Pasillo de Laboratorio (E),59.1,People,53.7,53.8,53.7,0.0,0.7,99.3,0.0,49.2,53.2,56.3,-115,3.0
2026-04-12 11:42:48,Pasillo Administrativo (E),46.3,Background Noise,40.0,40.0,0.0,0.0,100.0,0.0,0.0,40.0,40.0,40.0,-106,8.0
2026-04-12 11:42:56,Main Lobby (E),48.6,Background Noise,42.8,42.8,0.0,0.0,100.0,0.0,0.0,40.0,42.1,44.9,-102,5.5
2026-04-12 11:43:02,Pasillo de Salones (E),59.2,Background Noise,51.8,51.8,0.0,0.0,100.0,0.0,0.0,46.3,49.7,55.6,-89,14.0
2026-04-12 11:43:33,Salón - Extremo (E),50.2,Background Noise,42.1,42.1,0.0,0.0,100.0,0.0,0.0,40.0,40.0,44.9,-97,12.5
2026-04-12 11:43:38,Salón - Uma (E),68.5,Background Noise,61.7,61.7,61.6,0.0,91.3,8.7,0.0,57.5,61.0,64.4,-95,13.3
2026-04-12 11:44:03,Pasillo de Laboratorio - Ala Inferior (E),72.0,Background Noise,45.5,45.5,0.0,0.0,100.0,0.0,0.0,40.0,41.6,45.9,-109,6.3
2026-04-12 11:45:57,Pasillo de Laboratorio - Ala Superior (E),50.2,Background Noise,41.8,41.8,40.0,0.0,99.9,0.1,0.0,40.0,40.1,44.1,-104,9.5
2026-04-12 11:46:12,Pasillo de Laboratorio (E),60.4,People,53.9,53.5,53.9,0.0,0.7,99.3,0.0,49.2,53.2,56.4,-97,11.8
2026-04-12 11:47:49,Pasillo Administrativo (E),59.8,Background Noise,40.4,40.4,0.0,0.0,100.0,0.0,0.0,40.0,40.0,40.0,-117,-5.8
2026-04-12 11:47:56,Main Lobby (E),64.0,People,45.8,43.9,56.7,0.0,96.9,3.1,0.0,40.1,42.9,46.0,-95,13.0
2026-04-12 11:48:02,Pasillo de Salones (E),59.9,Background Noise,52.2,52.2,50.6,0.0,99.9,0.1,0.0,46.5,50.1,55.7,-111,-4.5
2026-04-12 11:48:34,Salón - Extremo (E),57.3,Background Noise,42.9,42.9,0.0,0.0,100.0,0.0,0.0,40.0,40.2,45.2,-93,12.8
2026-04-12 11:48:38,Salón - Uma (E),69.5,Background Noise,61.6,61.7,61.0,0.0,90.6,9.4,0.0,57.6,61.0,64.1,-97,12.8
2026-04-12 11:49:03,Pasillo de Laboratorio - Ala Inferior (E),62.0,Background Noise,43.4,43.4,0.0,0.0,100.0,0.0,0.0,40.0,41.6,45.8,-110,6.2
2026-04-12 11:50:57,Pasillo de Laboratorio - Ala Superior (E),49.3,Background Noise,41.7,41.7,0.0,0.0,100.0,0.0,0.0,40.0,40.0,43.9,-103,6.8
2026-04-12 11:51:12,Pasillo de Laboratorio (E),59.4,People,53.9,54.7,53.9,0.0,0.9,99.1,0.0,49.3,53.5,56.3,-98,11.5
2026-04-12 11:52:49,Pasillo Administrativo (E),45.6,Background Noise,40.1,40.1,0.0,0.0,100.0,0.0,0.0,40.0,40.0,40.0,-107,4.2
2026-04-12 11:52:56,Main Lobby (E),48.6,Background Noise,43.3,43.3,0.0,0.0,100.0,0.0,0.0,40.0,42.8,45.3,-95,13.0
2026-04-12 11:53:02,Pasillo de Salones (E),59.2,Background Noise,52.1,52.1,0.0,0.0,100.0,0.0,0.0,46.3,50.0,55.7,-109,5.8
2026-04-12 11:53:34,Salón - Extremo (E),51.4,Background Noise,42.2,42.2,0.0,0.0,100.0,0.0,0.0,40.0,40.0,44.9,-93,11.0
2026-04-12 11:53:38,Salón - Uma (E),68.6,Background Noise,61.7,61.7,61.5,0.0,91.3,8.7,0.0,57.6,60.9,64.2,-105,7.8
2026-04-12 11:54:03,Pasillo de Laboratorio - Ala Inferior (E),76.9,Background Noise,48.1,48.1,0.0,0.0,100.0,0.0,0.0,40.0,42.0,46.2,-101,10.5
2026-04-12 11:55:57,Pasillo de Laboratorio - Ala Superior (E),48.9,Background Noise,42.0,42.0,0.0,0.0,100.0,0.0,0.0,40.0,40.1,44.6,-98,9.2
2026-04-12 11:56:12,Pasillo de Laboratorio (E),59.1,People,53.9,54.2,53.9,0.0,0.6,99.4,0.0,49.2,53.5,56.5,-112,3.8
2026-04-12 11:57:51,Pasillo Administrativo (E),69.7,Background Noise,42.5,42.5,0.0,0.0,100.0,0.0,0.0,40.0,40.0,40.0,-107,5.5
2026-04-12 11:57:56,Main Lobby (E),49.2,Background Noise,42.9,42.9,45.2,0.0,99.9,0.1,0.0,40.0,42.4,44.8,-106,8.5
2026-04-12 11:58:02,Pasillo de Salones (E),61.4,Background Noise,52.0,52.0,52.7,0.0,99.8,0.2,0.0,46.6,49.8,55.7,-103,8.8
2026-04-12 11:58:34,Salón - Extremo (E),52.2,Background Noise,42.3,42.3,0.0,0.0,100.0,0.0,0.0,40.0,40.3,44.8,-94,13.5
2026-04-12 11:58:38,Salón - Uma (E),67.9,Background Noise,61.7,61.7,61.4,0.0,93.1,6.9,0.0,57.4,61.1,64.4,-97,12.8
2026-04-12 11:59:04,Pasillo de Laboratorio - Ala Inferior (E),62.5,Background Noise,43.7,43.7,0.0,0.0,100.0,0.0,0.0,40.0,41.7,46.2,-109,4.8
2026-04-12 12:00:57,Pasillo de Laboratorio - Ala Superior (E),50.1,Background Noise,41.8,41.8,41.4,0.0,99.8,0.2,0.0,40.0,40.1,44.3,-109,6.5
2026-04-12 12:01:12,Pasillo de Laboratorio (E),58.9,People,54.0,53.0,54.0,0.0,0.7,99.3,0.0,49.5,53.5,56.5,-114,5.8
2026-04-12 12:02:49,Pasillo Administrativo (E),44.6,Background Noise,40.0,40.0,0.0,0.0,100.0,0.0,0.0,40.0,40.0,40.0,-98,12.5
2026-04-12 12:02:56,Main Lobby (E),58.2,Background Noise,44.5,44.5,42.0,0.0,99.9,0.1,0.0,41.0,43.4,46.0,-96,12.8
2026-04-12 12:03:02,Pasillo de Salones (E),63.2,Background Noise,52.3,52.3,51.5,0.0,99.8,0.3,0.0,46.7,50.2,55.8,-113,-2.5
2026-04-12 12:03:34,Salón - Extremo (E),60.7,Background Noise,44.8,44.7,51.5,0.0,99.6,0.4,0.0,40.0,41.0,47.0,-92,13.5
2026-04-12 12:03:38,Salón - Uma (E),71.1,Background Noise,61.6,61.7,61.3,0.0,91.5,8.5,0.0,57.5,61.0,64.3,-95,13.3
2026-04-12 12:04:04,Pasillo de Laboratorio - Ala Inferior (E),78.6,Background Noise,49.2,49.2,0.0,0.0,100.0,0.0,0.0,40.0,41.6,45.9,-108,5.0
2026-04-12 12:05:57,Pasillo de Laboratorio - Ala Superior (E),49.2,Background Noise,41.8,41.8,0.0,0.0,100.0,0.0,0.0,40.0,40.1,44.2,-105,9.0
2026-04-12 12:06:12,Pasillo de Laboratorio (E),59.2,People,53.9,53.7,54.0,0.0,1.9,98.1,0.0,49.3,53.5,56.5,-115,0.5
2026-04-12 12:07:49,Pasillo Administrativo (E),72.6,Background Noise,44.1,44.1,0.0,0.0,100.0,0.0,0.0,40.0,40.0,40.0,-115,-3.5
2026-04-12 12:07:56,Main Lobby (E),63.2,People,46.4,44.8,55.6,0.0,95.9,4.1,0.0,40.7,43.3,47.0,-103,7.0
2026-04-12 12:08:02,Pasillo de Salones (E),59.5,Background Noise,52.3,52.3,55.4,0.0,99.6,0.4,0.0,46.6,50.2,56.0,-109,5.0
2026-04-12 12:08:34,Salón - Extremo (E),56.8,Background Noise,43.0,43.0,0.0,0.0,100.0,0.0,0.0,40.0,40.0,45.5,-94,13.0
2026-04-12 12:08:38,Salón - Uma (E),68.3,Background Noise,61.6,61.7,61.2,0.0,90.7,9.3,0.0,57.3,60.9,64.2,-105,5.8
2026-04-12 12:09:04,Pasillo de Laboratorio - Ala Inferior (E),66.4,Background Noise,44.0,44.0,0.0,0.0,100.0,0.0,0.0,40.0,41.6,46.0,-111,-2.8
2026-04-12 12:10:57,Pasillo de Laboratorio - Ala Superior (E),50.7,Background Noise,41.7,41.7,42.4,0.0,99.9,0.1,0.0,40.0,40.0,44.1,-100,11.8
2026-04-12 12:11:12,Pasillo de Laboratorio (E),58.8,People,53.9,54.4,53.9,0.0,0.9,99.1,0.0,49.5,53.5,56.4,-115,-1.5
2026-04-12 12:12:49,Pasillo Administrativo (E),59.7,Background Noise,40.4,40.4,0.0,0.0,100.0,0.0,0.0,40.0,40.0,40.0,-107,7.0
2026-04-12 12:12:56,Main Lobby (E),49.9,Background Noise,45.6,45.6,0.0,0.0,100.0,0.0,0.0,42.7,45.3,47.7,-95,13.3
2026-04-12 12:13:03,Pasillo de Salones (E),59.9,Background Noise,51.9,51.9,45.8,0.0,99.9,0.1,0.0,46.0,49.8,55.5,-89,11.5
2026-04-12 12:13:34,Salón - Extremo (E),54.0,Background Noise,42.3,42.3,0.0,0.0,100.0,0.0,0.0,40.0,40.1,45.0,-96,12.8
2026-04-12 12:13:39,Salón - Uma (E),68.1,Background Noise,61.5,61.6,61.2,0.0,92.0,8.0,0.0,57.2,60.8,64.1,-108,3.0
2026-04-12 12:14:04,Pasillo de Laboratorio - Ala Inferior (E),79.1,Background Noise,49.5,49.5,0.0,0.0,100.0,0.0,0.0,40.0,41.4,45.7,-107,9.5
2026-04-12 12:15:57,Pasillo de Laboratorio - Ala Superior (E),48.7,Background Noise,41.7,41.7,0.0,0.0,100.0,0.0,0.0,40.0,40.0,44.0,-101,11.5
2026-04-12 12:16:12,Pasillo de Laboratorio (E),59.4,People,54.0,54.7,54.0,0.0,0.9,99.1,0.0,49.3,53.6,56.4,-98,11.3
2026-04-12 12:17:49,Pasillo Administrativo (E),72.5,Background Noise,44.0,44.0,0.0,0.0,100.0,0.0,0.0,40.0,40.0,40.0,-102,7.8
2026-04-12 12:17:56,Main Lobby (E),51.4,Background Noise,44.8,44.7,46.4,0.0,98.8,1.2,0.0,42.0,44.4,46.7,-97,10.5
2026-04-12 12:18:03,Pasillo de Salones (E),59.6,Background Noise,51.9,51.9,49.5,0.0,99.8,0.2,0.0,46.2,49.9,55.6,-90,13.3
2026-04-12 12:18:34,Salón - Extremo (E),51.5,Background Noise,42.3,42.3,0.0,0.0,100.0,0.0,0.0,40.0,40.1,44.8,-102,10.2
2026-04-12 12:18:39,Salón - Uma (E),68.7,Background Noise,61.6,61.6,61.6,0.0,92.1,7.9,0.0,57.4,60.9,64.1,-94,13.3
2026-04-12 12:19:04,Pasillo de Laboratorio - Ala Inferior (E),67.0,Background Noise,44.7,44.7,0.0,0.0,100.0,0.0,0.0,40.0,42.4,46.3,-110,5.8
2026-04-12 12:20:57,Pasillo de Laboratorio - Ala Superior (E),49.5,Background Noise,41.8,41.8,40.0,0.0,99.9,0.1,0.0,40.0,40.0,44.2,-107,7.2
2026-04-12 12:21:13,Pasillo de Laboratorio (E),59.9,People,54.0,54.1,54.0,0.0,1.8,98.2,0.0,49.5,53.5,56.5,-120,-7.8
2026-04-12 12:22:49,Pasillo Administrativo (E),71.9,Background Noise,43.6,43.6,0.0,0.0,100.0,0.0,0.0,40.0,40.0,40.0,-101,12.0
2026-04-12 12:22:57,Main Lobby (E),56.1,People,45.3,44.9,48.2,0.0,92.3,7.7,0.0,42.3,44.6,47.2,-98,13.0
2026-04-12 12:23:03,Pasillo de Salones (E),60.9,Background Noise,51.9,51.9,59.5,0.0,99.9,0.1,0.0,46.3,49.7,55.6,-88,14.0
2026-04-12 12:23:34,Salón - Extremo (E),52.3,Background Noise,42.4,42.4,0.0,0.0,100.0,0.0,0.0,40.0,40.0,45.0,-106,7.0
2026-04-12 12:23:39,Salón - Uma (E),68.2,Background Noise,61.6,61.6,61.3,0.0,91.7,8.3,0.0,57.4,61.0,64.3,-92,13.5
2026-04-12 12:24:04,Pasillo de Laboratorio - Ala Inferior (E),79.5,Background Noise,50.8,50.8,0.0,0.0,100.0,0.0,0.0,40.0,41.0,45.6,-108,8.2
2026-04-12 12:25:58,Pasillo de Laboratorio - Ala Superior (E),50.3,Background Noise,41.4,41.4,0.0,0.0,100.0,0.0,0.0,40.0,40.0,43.5,-104,9.0
2026-04-12 12:26:13,Pasillo de Laboratorio (E),59.8,People,54.0,54.6,54.0,0.0,1.3,98.7,0.0,49.4,53.5,56.4,-111,-0.8
2026-04-12 12:27:50,Pasillo Administrativo (E),72.2,Background Noise,43.8,43.8,0.0,0.0,100.0,0.0,0.0,40.0,40.0,40.0,-101,7.8
2026-04-12 12:27:57,Main Lobby (E),54.1,Background Noise,45.6,45.6,47.0,0.0,98.1,1.9,0.0,40.9,44.8,48.3,-99,9.0
2026-04-12 12:28:03,Pasillo de Salones (E),59.7,Background Noise,52.0,52.0,49.4,0.0,99.9,0.1,0.0,46.5,49.9,55.6,-90,13.5
2026-04-12 12:28:35,Salón - Extremo (E),55.5,Background Noise,42.3,42.3,0.0,0.0,100.0,0.0,0.0,40.0,40.0,44.8,-97,12.5
2026-04-12 12:28:39,Salón - Uma (E),70.2,Background Noise,61.6,61.7,60.5,0.0,92.4,7.6,0.0,57.4,61.0,64.0,-96,13.3
2026-04-12 12:29:05,Pasillo de Laboratorio - Ala Inferior (E),67.3,Background Noise,44.5,44.5,0.0,0.0,100.0,0.0,0.0,40.0,41.6,45.4,-117,4.0
2026-04-12 12:30:58,Pasillo de Laboratorio - Ala Superior (E),49.9,Background Noise,41.4,41.4,0.0,0.0,100.0,0.0,0.0,40.0,40.0,43.3,-105,9.0
2026-04-12 12:31:13,Pasillo de Laboratorio (E),59.0,People,54.1,52.5,54.1,0.0,1.0,99.0,0.0,49.4,53.8,56.4,-119,-3.8
2026-04-12 12:32:50,Pasillo Administrativo (E),72.2,Background Noise,43.8,43.8,0.0,0.0,100.0,0.0,0.0,40.0,40.0,40.0,-105,7.0
2026-04-12 12:32:57,Main Lobby (E),55.7,Background Noise,46.3,46.3,46.8,0.0,98.7,1.3,0.0,41.3,45.8,48.6,-105,7.2
2026-04-12 12:33:03,Pasillo de Salones (E),61.1,Background Noise,52.2,52.2,0.0,0.0,100.0,0.0,0.0,46.4,49.8,55.9,-105,9.0
2026-04-12 12:33:35,Salón - Extremo (E),56.8,Background Noise,42.4,42.4,0.0,0.0,100.0,0.0,0.0,40.0,40.0,45.0,-105,-0.8
2026-04-12 12:33:39,Salón - Uma (E),67.9,Background Noise,61.7,61.7,61.5,0.0,92.5,7.5,0.0,57.3,61.1,64.3,-118,-3.5
2026-04-12 12:34:05,Pasillo de Laboratorio - Ala Inferior (E),78.4,Background Noise,49.1,49.1,0.0,0.0,100.0,0.0,0.0,40.0,41.3,45.4,-102,10.3
2026-04-12 12:35:58,Pasillo de Laboratorio - Ala Superior (E),49.2,Background Noise,41.4,41.4,0.0,0.0,100.0,0.0,0.0,40.0,40.0,43.6,-101,10.0
2026-04-12 12:36:13,Pasillo de Laboratorio (E),59.2,People,53.9,55.0,53.9,0.0,1.0,99.0,0.0,49.4,53.2,56.6,-98,11.8
2026-04-12 12:37:50,Pasillo Administrativo (E),60.4,Background Noise,40.4,40.4,0.0,0.0,100.0,0.0,0.0,40.0,40.0,40.0,-103,6.8
2026-04-12 12:37:57,Main Lobby (E),62.3,People,44.7,43.8,49.5,0.0,91.8,8.2,0.0,40.6,43.3,46.2,-98,12.8
2026-04-12 12:38:03,Pasillo de Salones (E),59.5,Background Noise,52.0,52.0,0.0,0.0,100.0,0.0,0.0,46.1,50.0,55.7,-114,0.2
2026-04-12 12:38:35,Salón - Extremo (E),52.7,Background Noise,42.5,42.5,0.0,0.0,100.0,0.0,0.0,40.0,40.3,45.2,-96,12.8
2026-04-12 12:38:39,Salón - Uma (E),68.4,Background Noise,61.6,61.6,61.2,0.0,91.1,8.9,0.0,57.6,61.0,64.1,-117,-2.0
2026-04-12 12:39:05,Pasillo de Laboratorio - Ala Inferior (E),66.5,Background Noise,44.1,44.1,0.0,0.0,100.0,0.0,0.0,40.0,41.5,45.9,-109,2.8
2026-04-12 12:40:58,Pasillo de Laboratorio - Ala Superior (E),48.5,Background Noise,41.5,41.6,40.0,0.0,99.9,0.1,0.0,40.0,40.0,43.9,-106,8.8
2026-04-12 12:41:13,Pasillo de Laboratorio (E),59.1,People,53.9,54.1,53.9,0.0,0.4,99.6,0.0,49.3,53.2,56.4,-113,4.0
2026-04-12 12:42:50,Pasillo Administrativo (E),72.7,Background Noise,44.1,44.1,0.0,0.0,100.0,0.0,0.0,40.0,40.0,40.0,-109,4.8
2026-04-12 12:42:57,Main Lobby (E),59.4,People,49.1,48.7,52.5,0.0,92.9,7.1,0.0,40.8,44.3,53.9,-98,13.0
2026-04-12 12:43:03,Pasillo de Salones (E),59.7,Background Noise,52.2,52.2,48.7,0.0,99.8,0.2,0.0,46.7,50.1,55.7,-105,8.8
2026-04-12 12:43:35,Salón - Extremo (E),51.7,Background Noise,42.1,42.1,0.0,0.0,100.0,0.0,0.0,40.0,40.0,44.7,-111,6.2
2026-04-12 12:43:39,Salón - Uma (E),66.9,Background Noise,61.7,61.7,61.0,0.0,92.8,7.2,0.0,57.6,61.0,64.4,-105,7.8
2026-04-12 12:44:05,Pasillo de Laboratorio - Ala Inferior (E),79.2,Background Noise,49.7,49.7,0.0,0.0,100.0,0.0,0.0,40.0,41.2,45.5,-101,10.8
2026-04-12 12:45:58,Pasillo de Laboratorio - Ala Superior (E),48.5,Background Noise,41.4,41.4,0.0,0.0,100.0,0.0,0.0,40.0,40.0,43.5,-112,2.8
2026-04-12 12:46:13,Pasillo de Laboratorio (E),59.8,People,53.8,53.5,53.9,0.0,1.1,98.9,0.0,49.3,53.4,56.4,-99,11.3
2026-04-12 12:47:50,Pasillo Administrativo (E),60.5,Background Noise,40.4,40.4,0.0,0.0,100.0,0.0,0.0,40.0,40.0,40.0,-102,11.0
2026-04-12 12:47:57,Main Lobby (E),56.7,Background Noise,52.2,52.1,52.4,0.0,74.1,25.9,0.0,48.7,51.4,55.0,-98,12.8
2026-04-12 12:48:03,Pasillo de Salones (E),60.5,Background Noise,52.0,52.0,53.9,0.0,99.8,0.2,0.0,46.4,50.0,55.7,-114,1.0
2026-04-12 12:48:35,Salón - Extremo (E),57.4,Background Noise,42.5,42.5,0.0,0.0,100.0,0.0,0.0,40.0,40.1,45.0,-109,6.0
2026-04-12 12:48:39,Salón - Uma (E),70.3,Background Noise,61.6,61.6,61.3,0.0,91.1,8.9,0.0,57.3,60.9,64.1,-108,7.3
2026-04-12 12:49:05,Pasillo de Laboratorio - Ala Inferior (E),66.4,Background Noise,43.9,43.9,0.0,0.0,100.0,0.0,0.0,40.0,41.3,45.8,-110,4.3
2026-04-12 12:50:58,Pasillo de Laboratorio - Ala Superior (E),47.9,Background Noise,41.4,41.4,0.0,0.0,100.0,0.0,0.0,40.0,40.0,43.5,-102,9.0
2026-04-12 12:51:13,Pasillo de Laboratorio (E),59.7,People,53.9,53.3,53.9,0.0,0.9,99.1,0.0,49.2,53.3,56.4,-115,-7.5
2026-04-12 12:52:50,Pasillo Administrativo (E),72.8,Background Noise,44.1,44.1,0.0,0.0,100.0,0.0,0.0,40.0,40.0,40.0,-105,5.2
2026-04-12 12:52:57,Main Lobby (E),56.6,Background Noise,46.2,46.1,51.5,0.0,98.3,1.7,0.0,43.1,45.3,47.9,-94,13.3
2026-04-12 12:53:04,Pasillo de Salones (E),59.8,Background Noise,52.0,52.0,48.4,0.0,99.6,0.4,0.0,46.3,49.9,55.7,-90,13.5
2026-04-12 12:53:35,Salón - Extremo (E),50.9,Background Noise,42.2,42.2,0.0,0.0,100.0,0.0,0.0,40.0,40.3,44.9,-109,7.2
2026-04-12 12:53:40,Salón - Uma (E),69.5,Background Noise,61.6,61.6,61.9,0.0,91.8,8.2,0.0,57.4,60.9,64.2,-106,9.0
2026-04-12 12:54:05,Pasillo de Laboratorio - Ala Inferior (E),79.1,Background Noise,49.6,49.6,0.0,0.0,100.0,0.0,0.0,40.0,41.5,45.5,-113,5.0
2026-04-12 12:55:58,Pasillo de Laboratorio - Ala Superior (E),50.1,Background Noise,41.5,41.5,0.0,0.0,100.0,0.0,0.0,40.0,40.0,43.6,-106,6.5
2026-04-12 12:56:13,Pasillo de Laboratorio (E),60.1,People,53.7,52.9,53.7,0.0,0.8,99.2,0.0,49.1,53.2,56.3,-98,11.8
2026-04-12 12:57:50,Pasillo Administrativo (E),70.2,Background Noise,42.8,42.8,0.0,0.0,100.0,0.0,0.0,40.0,40.0,40.0,-100,11.8
2026-04-12 12:57:57,Main Lobby (E),70.4,People,53.1,47.4,55.4,64.0,51.2,48.5,0.3,44.3,46.7,54.9,-95,13.0
2026-04-12 12:58:04,Pasillo de Salones (E),60.1,Background Noise,52.2,52.2,52.6,0.0,99.6,0.4,0.0,46.6,50.0,55.8,-89,11.3
2026-04-12 12:58:35,Salón - Extremo (E),55.8,Background Noise,43.0,43.0,42.9,46.2,99.3,0.5,0.2,40.0,40.9,45.9,-108,7.5
2026-04-12 12:58:40,Salón - Uma (E),69.1,Background Noise,61.6,61.6,61.2,0.0,90.7,9.3,0.0,57.4,60.8,64.0,-106,6.3
2026-04-12 12:59:05,Pasillo de Laboratorio - Ala Inferior (E),66.4,Background Noise,44.1,44.1,0.0,0.0,100.0,0.0,0.0,40.0,41.7,46.0,-102,8.5
2026-04-12 13:00:59,Pasillo de Laboratorio - Ala Superior (E),51.7,Background Noise,41.8,41.8,40.3,0.0,99.8,0.2,0.0,40.0,40.0,44.1,-102,11.0
2026-04-12 13:01:14,Pasillo de Laboratorio (E),59.2,People,54.0,53.1,54.0,0.0,0.9,99.1,0.0,49.2,53.4,56.7,-100,12.3
2026-04-12 13:02:50,Pasillo Administrativo (E),72.8,Background Noise,44.1,44.1,0.0,0.0,100.0,0.0,0.0,40.0,40.0,40.0,-103,6.0
2026-04-12 13:02:58,Main Lobby (E),67.4,People,51.0,45.0,53.0,55.5,42.9,57.0,0.1,41.8,45.3,52.1,-101,6.2
2026-04-12 13:03:04,Pasillo de Salones (E),61.0,Background Noise,52.2,52.3,51.6,0.0,99.8,0.2,0.0,46.2,50.0,56.0,-102,4.8
2026-04-12 13:03:35,Salón - Extremo (E),55.5,Background Noise,42.7,42.7,0.0,0.0,100.0,0.0,0.0,40.0,40.5,45.5,-103,9.0
2026-04-12 13:03:40,Salón - Uma (E),68.0,Background Noise,61.6,61.7,60.9,0.0,91.7,8.3,0.0,57.3,60.9,64.2,-105,9.3
2026-04-12 13:04:05,Pasillo de Laboratorio - Ala Inferior (E),79.3,Background Noise,49.9,49.9,53.2,42.4,99.8,0.1,0.2,40.0,42.2,46.3,-100,12.5
2026-04-12 13:05:59,Pasillo de Laboratorio - Ala Superior (E),53.2,People,41.7,41.6,50.5,41.0,99.5,0.3,0.2,40.0,40.0,44.0,-109,6.0
2026-04-12 13:06:14,Pasillo de Laboratorio (E),60.9,People,53.8,53.3,53.8,0.0,1.7,98.3,0.0,49.1,53.1,56.4,-119,-5.0
2026-04-12 13:07:51,Pasillo Administrativo (E),72.2,Background Noise,43.8,43.8,0.0,0.0,100.0,0.0,0.0,40.0,40.0,40.0,-106,7.0
2026-04-12 13:07:58,Main Lobby (E),65.4,People,47.7,44.1,53.1,0.0,81.1,18.9,0.0,40.6,43.5,47.2,-105,9.0
2026-04-12 13:08:04,Pasillo de Salones (E),59.9,Background Noise,52.2,52.2,52.2,0.0,99.8,0.2,0.0,46.6,50.1,55.6,-89,13.8
2026-04-12 13:08:36,Salón - Extremo (E),51.5,Background Noise,42.2,42.2,0.0,0.0,100.0,0.0,0.0,40.0,40.0,44.9,-113,4.5
2026-04-12 13:08:40,Salón - Uma (E),69.3,Background Noise,61.5,61.5,61.3,0.0,92.6,7.4,0.0,57.4,60.8,63.9,-115,2.5
2026-04-12 13:09:05,Pasillo de Laboratorio - Ala Inferior (E),66.6,People,44.0,43.0,63.0,41.6,99.7,0.2,0.1,40.0,41.6,45.8,-114,-0.5
2026-04-12 13:10:59,Pasillo de Laboratorio - Ala Superior (E),49.4,Background Noise,41.3,41.3,43.2,40.8,99.3,0.6,0.1,40.0,40.0,43.3,-108,5.2
2026-04-12 13:11:14,Pasillo de Laboratorio (E),59.6,People,53.9,53.8,53.9,0.0,0.9,99.1,0.0,49.4,53.5,56.3,-117,-4.8
2026-04-12 13:12:51,Pasillo Administrativo (E),71.8,Background Noise,43.5,43.5,0.0,0.0,100.0,0.0,0.0,40.0,40.0,40.0,-100,12.0
2026-04-12 13:12:58,Main Lobby (E),66.5,People,48.0,44.3,54.4,0.0,85.6,14.4,0.0,40.8,43.7,48.4,-94,13.8
2026-04-12 13:13:04,Pasillo de Salones (E),61.0,Background Noise,52.2,52.2,52.5,0.0,99.9,0.1,0.0,46.4,50.0,55.8,-111,5.2
2026-04-12 13:13:38,Salón - Extremo (E),54.8,Background Noise,42.7,42.7,0.0,0.0,100.0,0.0,0.0,40.0,40.4,45.3,-108,0.8
2026-04-12 13:13:40,Salón - Uma (E),69.7,Background Noise,61.6,61.6,61.3,0.0,92.1,7.9,0.0,57.3,60.8,64.2,-105,8.8
2026-04-12 13:14:05,Pasillo de Laboratorio - Ala Inferior (E),79.4,Background Noise,50.4,50.5,46.6,0.0,99.9,0.1,0.0,40.0,42.0,46.1,-107,-1.8
2026-04-12 13:15:59,Pasillo de Laboratorio - Ala Superior (E),48.6,Background Noise,41.2,41.2,0.0,0.0,100.0,0.0,0.0,40.0,40.0,43.2,-104,10.0
2026-04-12 13:16:14,Pasillo de Laboratorio (E),59.3,People,53.9,54.2,53.9,0.0,1.2,98.8,0.0,49.4,53.5,56.3,-99,9.0
2026-04-12 13:17:51,Pasillo Administrativo (E),72.3,Background Noise,43.8,43.8,0.0,0.0,100.0,0.0,0.0,40.0,40.0,40.0,-107,6.8
2026-04-12 13:17:58,Main Lobby (E),56.3,People,44.6,44.5,47.1,0.0,98.3,1.7,0.0,41.4,43.8,46.8,-103,7.0
2026-04-12 13:18:04,Pasillo de Salones (E),61.4,Background Noise,51.9,51.9,49.1,0.0,99.8,0.2,0.0,46.1,49.9,55.5,-89,13.5
2026-04-12 13:18:36,Salón - Extremo (E),54.3,Background Noise,42.4,42.4,0.0,0.0,100.0,0.0,0.0,40.0,40.0,45.2,-105,7.8
2026-04-12 13:18:40,Salón - Uma (E),70.0,Background Noise,61.7,61.7,61.3,0.0,92.3,7.7,0.0,57.5,60.9,64.3,-120,-5.0
2026-04-12 13:19:06,Pasillo de Laboratorio - Ala Inferior (E),66.9,Background Noise,43.8,43.8,0.0,0.0,100.0,0.0,0.0,40.0,41.4,45.4,-108,0.5
2026-04-12 13:20:59,Pasillo de Laboratorio - Ala Superior (E),48.9,Background Noise,41.4,41.4,0.0,0.0,100.0,0.0,0.0,40.0,40.0,43.8,-99,9.5
2026-04-12 13:21:14,Pasillo de Laboratorio (E),63.2,People,54.0,53.3,54.1,0.0,0.9,99.1,0.0,49.3,53.4,56.5,-98,11.8
2026-04-12 13:22:51,Pasillo Administrativo (E),64.8,Background Noise,41.0,41.0,0.0,0.0,100.0,0.0,0.0,40.0,40.0,40.0,-103,6.2
2026-04-12 13:22:58,Main Lobby (E),69.9,People,51.9,46.6,56.1,0.0,69.9,30.1,0.0,43.0,46.0,54.0,-97,12.8
2026-04-12 13:23:04,Pasillo de Salones (E),60.1,Background Noise,51.8,51.8,45.8,0.0,99.9,0.1,0.0,46.1,49.7,55.5,-88,14.0
2026-04-12 13:23:36,Salón - Extremo (E),55.9,Background Noise,42.2,42.2,40.2,0.0,99.8,0.2,0.0,40.0,40.0,44.8,-109,5.8
2026-04-12 13:23:40,Salón - Uma (E),68.0,Background Noise,61.5,61.5,61.3,0.0,91.7,8.3,0.0,57.3,60.9,63.9,-105,6.5
2026-04-12 13:24:06,Pasillo de Laboratorio - Ala Inferior (E),79.3,Background Noise,51.2,51.2,0.0,0.0,100.0,0.0,0.0,40.0,41.9,45.7,-111,6.0
2026-04-12 13:25:59,Pasillo de Laboratorio - Ala Superior (E),53.6,Background Noise,41.7,41.7,0.0,0.0,100.0,0.0,0.0,40.0,40.0,43.8,-105,7.5
2026-04-12 13:26:14,Pasillo de Laboratorio (E),59.5,People,53.8,53.5,53.8,0.0,1.4,98.6,0.0,49.2,53.2,56.4,-98,11.8
2026-04-12 13:27:51,Pasillo Administrativo (E),72.6,Background Noise,44.1,44.1,0.0,0.0,100.0,0.0,0.0,40.0,40.0,40.0,-103,7.5
2026-04-12 13:27:58,Main Lobby (E),77.4,People,58.2,47.8,60.8,58.9,47.5,52.5,0.1,44.9,48.2,60.3,-97,13.0
2026-04-12 13:28:04,Pasillo de Salones (E),64.9,Background Noise,52.3,52.3,49.0,0.0,99.9,0.1,0.0,46.3,50.0,55.8,-112,0.2
2026-04-12 13:28:36,Salón - Extremo (E),57.8,Background Noise,43.7,43.7,43.0,0.0,99.4,0.6,0.0,40.0,40.6,46.0,-112,6.2
2026-04-12 13:28:40,Salón - Uma (E),69.1,Background Noise,61.7,61.7,61.3,0.0,92.7,7.3,0.0,57.4,61.0,64.2,-106,8.5
2026-04-12 13:29:06,Pasillo de Laboratorio - Ala Inferior (E),67.1,Background Noise,44.0,44.0,0.0,0.0,100.0,0.0,0.0,40.0,41.5,45.6,-105,9.5
2026-04-12 13:30:59,Pasillo de Laboratorio - Ala Superior (E),47.9,Background Noise,41.2,41.2,0.0,0.0,100.0,0.0,0.0,40.0,40.0,43.3,-100,9.0
2026-04-12 13:31:14,Pasillo de Laboratorio (E),60.1,People,53.9,53.1,53.9,0.0,1.1,98.9,0.0,49.3,53.3,56.4,-96,10.0
2026-04-12 13:32:51,Pasillo Administrativo (E),71.8,Background Noise,43.6,43.6,0.0,0.0,100.0,0.0,0.0,40.0,40.0,40.0,-103,6.8
2026-04-12 13:32:58,Main Lobby (E),70.4,People,50.1,43.5,55.6,0.0,76.8,23.2,0.0,40.1,43.3,49.7,-105,7.5
2026-04-12 13:33:05,Pasillo de Salones (E),60.7,Background Noise,52.1,52.1,49.8,0.0,99.8,0.3,0.0,46.3,50.0,55.7,-114,2.8
2026-04-12 13:33:36,Salón - Extremo (E),50.8,Background Noise,42.4,42.4,0.0,0.0,100.0,0.0,0.0,40.0,40.1,45.1,-111,5.5
2026-04-12 13:33:41,Salón - Uma (E),68.8,Background Noise,61.6,61.7,61.2,0.0,91.4,8.6,0.0,57.4,61.0,64.3,-104,9.8
2026-04-12 13:34:06,Pasillo de Laboratorio - Ala Inferior (E),79.3,Background Noise,51.2,51.2,0.0,0.0,100.0,0.0,0.0,40.0,41.4,45.5,-104,10.5
2026-04-12 13:35:59,Pasillo de Laboratorio - Ala Superior (E),48.2,Background Noise,41.2,41.2,40.0,0.0,99.9,0.1,0.0,40.0,40.0,43.1,-108,7.2
2026-04-12 13:36:15,Pasillo de Laboratorio (E),58.9,People,53.6,53.3,53.6,0.0,1.1,98.9,0.0,49.1,52.9,56.1,-118,-11.8
2026-04-12 13:37:51,Pasillo Administrativo (E),72.3,Background Noise,43.9,43.9,0.0,0.0,100.0,0.0,0.0,40.0,40.0,40.0,-103,11.0
2026-04-12 13:37:58,Main Lobby (E),50.9,Background Noise,42.6,42.6,0.0,0.0,100.0,0.0,0.0,40.0,42.0,44.8,-95,13.5
2026-04-12 13:38:05,Pasillo de Salones (E),60.1,Background Noise,52.1,52.1,49.8,0.0,99.7,0.3,0.0,46.4,50.1,55.7,-106,-1.8
2026-04-12 13:38:36,Salón - Extremo (E),53.6,Background Noise,42.4,42.4,0.0,0.0,100.0,0.0,0.0,40.0,40.3,44.8,-108,7.8
2026-04-12 13:38:41,Salón - Uma (E),68.3,Background Noise,61.7,61.7,61.2,0.0,92.6,7.4,0.0,57.7,61.1,64.2,-105,9.0
2026-04-12 13:39:06,Pasillo de Laboratorio - Ala Inferior (E),68.1,Background Noise,44.0,44.0,0.0,0.0,100.0,0.0,0.0,40.0,41.5,45.2,-105,10.3
2026-04-12 13:41:00,Pasillo de Laboratorio - Ala Superior (E),48.1,Background Noise,41.3,41.3,0.0,0.0,100.0,0.0,0.0,40.0,40.0,43.4,-100,8.0
2026-04-12 13:41:15,Pasillo de Laboratorio (E),61.0,People,53.6,53.2,53.7,0.0,1.4,98.6,0.0,49.0,53.0,56.1,-119,-6.5
2026-04-12 13:42:51,Pasillo Administrativo (E),72.8,Background Noise,44.1,44.1,0.0,0.0,100.0,0.0,0.0,40.0,40.0,40.0,-109,6.2
2026-04-12 13:42:59,Main Lobby (E),48.7,People,42.8,42.7,44.7,0.0,98.5,1.5,0.0,40.0,42.2,44.9,-100,8.8
2026-04-12 13:43:05,Pasillo de Salones (E),59.2,Background Noise,51.8,51.8,49.0,0.0,99.7,0.3,0.0,46.5,49.9,55.4,-105,8.0
2026-04-12 13:43:36,Salón - Extremo (E),54.9,Background Noise,42.3,42.3,42.1,0.0,99.8,0.2,0.0,40.0,40.1,44.9,-98,12.8
2026-04-12 13:43:41,Salón - Uma (E),68.6,Background Noise,61.7,61.7,61.4,0.0,91.4,8.6,0.0,57.3,60.9,64.4,-107,8.0
2026-04-12 13:44:06,Pasillo de Laboratorio - Ala Inferior (E),79.1,Background Noise,51.8,51.8,0.0,0.0,100.0,0.0,0.0,40.0,41.5,45.4,-105,9.2
2026-04-12 13:46:00,Pasillo de Laboratorio - Ala Superior (E),48.2,Background Noise,41.2,41.2,0.0,0.0,100.0,0.0,0.0,40.0,40.0,43.2,-115,-2.5
2026-04-12 13:46:15,Pasillo de Laboratorio (E),59.4,People,53.7,53.5,53.7,0.0,1.1,98.9,0.0,49.2,53.0,56.4,-98,11.3
2026-04-12 13:47:52,Pasillo Administrativo (E),67.7,Background Noise,41.8,41.8,0.0,0.0,100.0,0.0,0.0,40.0,40.0,40.0,-111,6.0
2026-04-12 13:47:59,Main Lobby (E),59.1,Background Noise,45.3,44.7,51.0,0.0,95.2,4.8,0.0,40.3,43.0,46.4,-95,13.0
2026-04-12 13:48:05,Pasillo de Salones (E),59.5,Background Noise,51.9,51.9,46.7,0.0,99.9,0.1,0.0,46.5,49.8,55.6,-89,13.8
2026-04-12 13:48:37,Salón - Extremo (E),64.9,Background Noise,44.8,44.8,0.0,0.0,100.0,0.0,0.0,40.0,40.3,45.3,-96,13.0
2026-04-12 13:48:41,Salón - Uma (E),68.3,Background Noise,61.7,61.7,61.8,0.0,91.8,8.2,0.0,57.5,61.1,64.3,-113,
2026-04-12 13:49:06,Pasillo de Laboratorio - Ala Inferior (E),67.8,Background Noise,44.3,44.3,0.0,0.0,100.0,0.0,0.0,40.0,41.9,45.7,-105,8.8
2026-04-12 13:51:00,Pasillo de Laboratorio - Ala Superior (E),49.0,Background Noise,41.3,41.3,0.0,0.0,100.0,0.0,0.0,40.0,40.0,43.3,-100,12.0
2026-04-12 13:51:15,Pasillo de Laboratorio (E),59.4,People,53.7,52.7,53.7,0.0,1.5,98.5,0.0,49.2,53.1,56.1,-97,12.3
2026-04-12 13:52:52,Pasillo Administrativo (E),72.7,Background Noise,44.1,44.1,0.0,0.0,100.0,0.0,0.0,40.0,40.0,40.0,-107,8.8
2026-04-12 13:52:59,Main Lobby (E),62.4,Background Noise,46.7,46.0,49.4,47.4,84.7,15.3,0.1,41.6,45.6,48.8,-103,7.8
2026-04-12 13:53:05,Pasillo de Salones (E),59.6,Background Noise,51.9,51.9,48.9,0.0,99.9,0.1,0.0,46.4,49.8,55.7,-90,13.5
2026-04-12 13:53:37,Salón - Extremo (E),54.5,Background Noise,42.5,42.5,0.0,0.0,100.0,0.0,0.0,40.0,40.3,45.3,-103,-0.2
2026-04-12 13:53:41,Salón - Uma (E),69.2,Background Noise,61.6,61.7,60.9,0.0,91.2,8.8,0.0,57.4,61.0,64.3,-114,-3.5
2026-04-12 13:54:06,Pasillo de Laboratorio - Ala Inferior (E),79.2,Background Noise,50.9,50.9,0.0,0.0,100.0,0.0,0.0,40.0,41.8,45.4,-113,3.8
2026-04-12 13:56:00,Pasillo de Laboratorio - Ala Superior (E),49.8,Background Noise,41.4,41.4,0.0,0.0,100.0,0.0,0.0,40.0,40.0,43.5,-111,4.8
2026-04-12 13:56:15,Pasillo de Laboratorio (E),60.6,People,53.7,52.8,53.7,0.0,1.6,98.4,0.0,49.1,53.2,56.2,-98,11.5
2026-04-12 13:57:52,Pasillo Administrativo (E),59.7,Background Noise,40.4,40.4,0.0,0.0,100.0,0.0,0.0,40.0,40.0,40.0,-99,12.0
2026-04-12 13:57:59,Main Lobby (E),64.5,People,47.5,45.8,51.2,0.0,80.6,19.4,0.0,43.1,45.5,48.6,-103,8.8
2026-04-12 13:58:05,Pasillo de Salones (E),60.0,Background Noise,52.2,52.2,0.0,0.0,100.0,0.0,0.0,46.4,50.0,55.7,-114,-0.8
2026-04-12 13:58:37,Salón - Extremo (E),53.4,Background Noise,42.4,42.4,0.0,0.0,100.0,0.0,0.0,40.0,40.0,45.0,-109,8.2
2026-04-12 13:58:41,Salón - Uma (E),69.7,Background Noise,61.5,61.5,61.4,0.0,91.2,8.8,0.0,57.3,60.8,64.0,-117,-4.0
2026-04-12 13:59:07,Pasillo de Laboratorio - Ala Inferior (E),67.3,Background Noise,44.3,44.3,0.0,0.0,100.0,0.0,0.0,40.0,41.8,45.8,-111,2.5
2026-04-12 14:01:00,Pasillo de Laboratorio - Ala Superior (E),51.6,Background Noise,41.5,41.5,0.0,0.0,100.0,0.0,0.0,40.0,40.0,43.6,-106,7.0
2026-04-12 14:01:15,Pasillo de Laboratorio (E),59.1,People,53.7,53.8,53.7,0.0,1.3,98.7,0.0,49.1,53.2,56.3,-114,-2.5
2026-04-12 14:02:52,Pasillo Administrativo (E),72.7,Background Noise,44.7,44.7,0.0,0.0,100.0,0.0,0.0,40.0,40.0,40.0,-100,10.0
2026-04-12 14:02:59,Main Lobby (E),64.9,People,47.9,44.6,55.1,46.7,89.1,10.8,0.1,40.7,43.6,48.0,-114,-4.2
2026-04-12 14:03:05,Pasillo de Salones (E),68.2,People,53.1,52.4,63.3,0.0,98.6,1.4,0.0,46.6,50.2,56.1,-89,13.8
2026-04-12 14:03:37,Salón - Extremo (E),62.4,People,44.1,42.9,57.4,0.0,98.8,1.2,0.0,40.0,40.7,45.8,-93,13.0
2026-04-12 14:03:41,Salón - Uma (E),72.6,People,61.9,61.6,63.4,0.0,88.6,11.4,0.0,57.4,61.0,64.2,-114,-1.0
2026-04-12 14:04:07,Pasillo de Laboratorio - Ala Inferior (E),79.5,Background Noise,50.5,50.5,50.6,0.0,99.6,0.4,0.0,40.0,42.1,46.2,-101,1.8
2026-04-12 14:06:00,Pasillo de Laboratorio - Ala Superior (E),49.8,Background Noise,41.3,41.3,0.0,0.0,100.0,0.0,0.0,40.0,40.0,43.4,-103,9.2
2026-04-12 14:06:15,Pasillo de Laboratorio (E),59.3,People,53.7,53.2,53.7,0.0,1.3,98.7,0.0,49.2,53.1,56.2,-111,-8.2
2026-04-12 14:07:52,Pasillo Administrativo (E),47.3,Background Noise,40.1,40.1,0.0,0.0,100.0,0.0,0.0,40.0,40.0,40.0,-106,8.0
2026-04-12 14:07:59,Main Lobby (E),67.0,Background Noise,45.5,45.2,51.5,0.0,98.3,1.7,0.0,40.3,42.9,45.8,-96,12.0
2026-04-12 14:08:05,Pasillo de Salones (E),60.8,Background Noise,52.0,52.0,0.0,0.0,100.0,0.0,0.0,46.2,49.7,55.7,-89,13.8
2026-04-12 14:08:37,Salón - Extremo (E),58.3,Background Noise,42.8,42.8,41.8,0.0,99.8,0.2,0.0,40.0,40.1,45.4,-103,10.5
2026-04-12 14:08:41,Salón - Uma (E),69.8,Background Noise,61.6,61.7,61.5,0.0,92.0,8.0,0.0,57.3,60.9,64.4,-105,9.3
2026-04-12 14:09:07,Pasillo de Laboratorio - Ala Inferior (E),68.3,Background Noise,44.4,44.4,0.0,0.0,100.0,0.0,0.0,40.0,41.9,45.9,-105,9.0
2026-04-12 14:11:00,Pasillo de Laboratorio - Ala Superior (E),48.3,Background Noise,41.4,41.4,0.0,0.0,100.0,0.0,0.0,40.0,40.0,43.6,-104,10.5
2026-04-12 14:11:15,Pasillo de Laboratorio (E),59.6,People,53.7,53.1,53.7,0.0,1.5,98.5,0.0,49.1,53.0,56.2,-111,3.0
2026-04-12 14:12:52,Pasillo Administrativo (E),72.1,Background Noise,43.8,43.8,0.0,0.0,100.0,0.0,0.0,40.0,40.0,40.0,-108,8.0
2026-04-12 14:12:59,Main Lobby (E),48.7,Background Noise,43.4,43.4,43.9,0.0,99.8,0.2,0.0,40.7,43.0,45.4,-114,-9.0
2026-04-12 14:13:06,Pasillo de Salones (E),59.4,Background Noise,52.0,52.0,55.8,0.0,99.8,0.2,0.0,46.3,49.9,55.7,-109,-2.0
2026-04-12 14:13:37,Salón - Extremo (E),53.3,Background Noise,42.4,42.4,0.0,0.0,100.0,0.0,0.0,40.0,40.2,45.0,-96,12.5
2026-04-12 14:13:42,Salón - Uma (E),68.8,Background Noise,61.6,61.6,61.3,0.0,91.0,9.0,0.0,57.3,60.8,64.2,-105,8.3
2026-04-12 14:14:07,Pasillo de Laboratorio - Ala Inferior (E),79.4,Background Noise,49.9,49.9,0.0,0.0,100.0,0.0,0.0,40.0,41.2,45.0,-96,5.5
2026-04-12 14:16:00,Pasillo de Laboratorio - Ala Superior (E),49.6,Background Noise,41.2,41.2,0.0,0.0,100.0,0.0,0.0,40.0,40.0,43.2,-98,7.2
2026-04-12 14:16:16,Pasillo de Laboratorio (E),58.8,People,53.7,52.6,53.7,0.0,1.2,98.8,0.0,49.2,53.1,56.2,-96,11.0
2026-04-12 14:17:52,Pasillo Administrativo (E),72.3,Background Noise,43.8,43.8,0.0,0.0,100.0,0.0,0.0,40.0,40.0,40.0,-115,-1.8
2026-04-12 14:17:59,Main Lobby (E),49.2,Background Noise,43.2,43.2,0.0,0.0,100.0,0.0,0.0,40.2,42.7,45.3,-101,8.8
2026-04-12 14:18:06,Pasillo de Salones (E),59.8,Background Noise,52.2,52.2,0.0,0.0,100.0,0.0,0.0,46.6,50.2,55.6,-109,5.5
2026-04-12 14:18:37,Salón - Extremo (E),52.1,Background Noise,42.2,42.2,0.0,0.0,100.0,0.0,0.0,40.0,40.0,44.8,-109,5.2
2026-04-12 14:18:42,Salón - Uma (E),68.2,Background Noise,61.5,61.5,61.1,0.0,92.8,7.2,0.0,57.0,60.7,64.1,-103,10.5
2026-04-12 14:19:07,Pasillo de Laboratorio - Ala Inferior (E),66.9,Background Noise,44.2,44.2,0.0,0.0,100.0,0.0,0.0,40.0,42.1,46.1,-105,10.0
2026-04-12 14:21:00,Pasillo de Laboratorio - Ala Superior (E),48.0,Background Noise,41.3,41.3,0.0,0.0,100.0,0.0,0.0,40.0,40.0,43.4,-106,8.3
2026-04-12 14:22:52,Pasillo Administrativo (E),64.8,Background Noise,41.0,41.0,0.0,0.0,100.0,0.0,0.0,40.0,40.0,40.0,-98,10.8
2026-04-12 14:23:00,Main Lobby (E),50.2,Background Noise,44.3,44.3,0.0,0.0,100.0,0.0,0.0,40.9,43.7,46.7,-98,13.3
2026-04-12 14:23:06,Pasillo de Salones (E),61.0,Background Noise,52.1,52.1,50.0,0.0,99.9,0.1,0.0,46.4,50.0,55.6,-101,8.0
2026-04-12 14:23:37,Salón - Extremo (E),53.1,Background Noise,42.4,42.4,0.0,0.0,100.0,0.0,0.0,40.0,40.0,45.2,-107,6.0
2026-04-12 14:23:42,Salón - Uma (E),68.0,Background Noise,61.5,61.5,60.9,0.0,93.3,6.7,0.0,57.4,60.8,64.1,-107,7.0
2026-04-12 14:24:10,Pasillo de Laboratorio - Ala Inferior (E),76.5,Background Noise,47.8,47.8,0.0,0.0,100.0,0.0,0.0,40.0,41.6,45.7,-114,-4.8
2026-04-12 14:26:01,Pasillo de Laboratorio - Ala Superior (E),49.8,Background Noise,41.3,41.3,0.0,0.0,100.0,0.0,0.0,40.0,40.0,43.3,-106,8.5
2026-04-12 14:26:16,Pasillo de Laboratorio (E),59.0,People,53.4,52.4,53.4,0.0,1.5,98.5,0.0,49.2,52.8,56.1,-96,11.3
2026-04-12 14:27:53,Pasillo Administrativo (E),72.9,Background Noise,44.2,44.2,0.0,0.0,100.0,0.0,0.0,40.0,40.0,40.0,-102,10.3
2026-04-12 14:28:00,Main Lobby (E),57.0,People,45.2,45.1,53.7,0.0,99.8,0.2,0.0,42.6,44.7,47.1,-98,12.8
2026-04-12 14:28:06,Pasillo de Salones (E),60.0,Background Noise,51.8,51.8,45.6,0.0,99.9,0.1,0.0,46.3,49.8,55.3,-110,1.5
2026-04-12 14:28:38,Salón - Extremo (E),55.4,Background Noise,42.4,42.4,0.0,0.0,100.0,0.0,0.0,40.0,40.0,44.8,-109,3.5
2026-04-12 14:28:42,Salón - Uma (E),69.7,Background Noise,61.6,61.6,61.7,0.0,92.2,7.8,0.0,57.2,60.9,64.2,-119,-5.5
2026-04-12 14:29:07,Pasillo de Laboratorio - Ala Inferior (E),67.6,Background Noise,44.2,44.2,0.0,0.0,100.0,0.0,0.0,40.0,41.8,45.7,-108,7.3
2026-04-12 14:31:01,Pasillo de Laboratorio - Ala Superior (E),53.2,Background Noise,41.4,41.4,0.0,0.0,100.0,0.0,0.0,40.0,40.0,43.4,-109,7.0
2026-04-12 14:31:16,Pasillo de Laboratorio (E),59.3,People,53.6,53.5,53.6,0.0,1.8,98.2,0.0,49.1,52.9,56.1,-98,11.5
2026-04-12 14:32:53,Pasillo Administrativo (E),64.5,Background Noise,41.0,41.0,0.0,0.0,100.0,0.0,0.0,40.0,40.0,40.0,-101,11.8
2026-04-12 14:33:00,Main Lobby (E),52.1,Background Noise,45.9,45.9,46.1,0.0,98.3,1.8,0.0,43.4,45.5,47.9,-118,-2.8
2026-04-12 14:33:06,Pasillo de Salones (E),59.9,Background Noise,52.1,52.1,0.0,0.0,100.0,0.0,0.0,46.2,49.9,55.8,-107,7.0
2026-04-12 14:33:38,Salón - Extremo (E),55.1,Background Noise,42.5,42.5,46.5,0.0,99.9,0.1,0.0,40.0,40.3,45.3,-107,2.0
2026-04-12 14:33:42,Salón - Uma (E),67.9,Background Noise,61.5,61.6,61.4,0.0,92.3,7.7,0.0,57.5,61.0,64.0,-118,-5.0
2026-04-12 14:34:07,Pasillo de Laboratorio - Ala Inferior (E),76.3,Background Noise,47.7,47.7,0.0,0.0,100.0,0.0,0.0,40.0,41.7,45.6,-109,8.0
2026-04-12 14:36:02,Pasillo de Laboratorio - Ala Superior (E),50.2,Background Noise,41.4,41.4,41.6,0.0,99.9,0.1,0.0,40.0,40.0,43.6,-99,8.2
2026-04-12 14:36:16,Pasillo de Laboratorio (E),60.3,People,53.4,52.1,53.4,0.0,1.6,98.4,0.0,49.0,52.7,56.0,-97,12.5
2026-04-12 14:37:53,Pasillo Administrativo (E),72.1,Background Noise,43.7,43.7,0.0,0.0,100.0,0.0,0.0,40.0,40.0,40.0,-118,-4.2
2026-04-12 14:38:00,Main Lobby (E),55.4,Background Noise,47.3,47.3,47.5,0.0,94.3,5.7,0.0,44.6,47.0,49.0,-114,-5.0
2026-04-12 14:38:06,Pasillo de Salones (E),59.8,Background Noise,51.9,51.9,0.0,0.0,100.0,0.0,0.0,46.5,49.9,55.6,-105,7.5
2026-04-12 14:38:38,Salón - Extremo (E),55.8,Background Noise,42.4,42.4,0.0,0.0,100.0,0.0,0.0,40.0,40.2,44.9,-95,9.2
2026-04-12 14:38:42,Salón - Uma (E),69.4,Background Noise,61.6,61.6,61.3,0.0,91.9,8.1,0.0,57.5,60.9,64.1,-104,9.3
2026-04-12 14:39:08,Pasillo de Laboratorio - Ala Inferior (E),68.0,Background Noise,44.3,44.3,0.0,0.0,100.0,0.0,0.0,40.0,41.8,45.4,-111,2.5
2026-04-12 14:41:01,Pasillo de Laboratorio - Ala Superior (E),48.4,Background Noise,41.3,41.3,40.0,0.0,99.9,0.1,0.0,40.0,40.0,43.3,-109,6.5
2026-04-12 14:41:16,Pasillo de Laboratorio (E),62.0,People,53.6,53.6,53.6,0.0,1.9,98.1,0.0,49.0,52.9,56.2,-114,5.5
2026-04-12 14:42:55,Pasillo Administrativo (E),59.2,Background Noise,40.3,40.3,0.0,0.0,100.0,0.0,0.0,40.0,40.0,40.0,-114,-1.2
2026-04-12 14:43:00,Main Lobby (E),63.5,Background Noise,50.2,47.4,55.2,0.0,82.2,17.8,0.0,40.4,43.4,55.9,-97,13.0
2026-04-12 14:43:06,Pasillo de Salones (E),59.5,Background Noise,52.2,52.2,47.5,0.0,99.9,0.1,0.0,46.5,50.0,55.7,-112,4.8
2026-04-12 14:43:38,Salón - Extremo (E),55.1,Background Noise,42.3,42.3,0.0,0.0,100.0,0.0,0.0,40.0,40.0,44.8,-99,11.0
2026-04-12 14:43:42,Salón - Uma (E),68.8,Background Noise,61.6,61.6,61.5,0.0,92.5,7.5,0.0,57.4,60.9,64.1,-107,8.5
2026-04-12 14:44:08,Pasillo de Laboratorio - Ala Inferior (E),71.6,Background Noise,45.2,45.2,0.0,0.0,100.0,0.0,0.0,40.0,41.5,45.5,-108,1.8
2026-04-12 14:46:04,Pasillo de Laboratorio - Ala Superior (E),50.1,Background Noise,41.4,41.4,0.0,0.0,100.0,0.0,0.0,40.0,40.0,43.6,-103,10.5
2026-04-12 14:46:16,Pasillo de Laboratorio (E),59.1,People,53.5,52.6,53.5,0.0,1.5,98.5,0.0,49.0,52.7,56.2,-96,11.0
2026-04-12 14:47:53,Pasillo Administrativo (E),67.9,Background Noise,41.8,41.8,0.0,0.0,100.0,0.0,0.0,40.0,40.0,40.0,-117,-2.0
2026-04-12 14:48:00,Main Lobby (E),60.7,Background Noise,56.2,56.2,56.3,56.0,74.6,25.3,0.1,54.2,56.2,57.7,-113,-4.8
2026-04-12 14:48:07,Pasillo de Salones (E),60.0,Background Noise,52.0,52.0,48.1,0.0,99.9,0.1,0.0,46.5,49.8,55.6,-88,14.0
2026-04-12 14:48:38,Salón - Extremo (E),63.6,Background Noise,42.6,42.6,0.0,0.0,100.0,0.0,0.0,40.0,40.0,44.7,-99,9.8
2026-04-12 14:48:42,Salón - Uma (E),68.5,Background Noise,61.6,61.6,61.4,0.0,91.8,8.2,0.0,57.5,60.9,64.1,-107,8.0
2026-04-12 14:49:08,Pasillo de Laboratorio - Ala Inferior (E),67.6,Background Noise,43.9,43.9,0.0,0.0,100.0,0.0,0.0,40.0,41.1,45.3,-109,5.0
2026-04-12 14:51:01,Pasillo de Laboratorio - Ala Superior (E),51.0,Background Noise,41.7,41.7,0.0,0.0,100.0,0.0,0.0,40.0,40.0,43.7,-111,5.8
2026-04-12 14:51:16,Pasillo de Laboratorio (E),59.8,People,53.5,54.0,53.5,0.0,1.8,98.3,0.0,48.7,52.5,56.2,-113,5.8
2026-04-12 14:52:53,Pasillo Administrativo (E),58.1,Background Noise,41.0,41.0,0.0,0.0,100.0,0.0,0.0,40.0,40.0,40.0,-108,7.8
2026-04-12 14:53:00,Main Lobby (E),60.1,People,49.5,49.0,53.7,0.0,94.3,5.7,0.0,40.3,43.2,55.9,-105,6.0
2026-04-12 14:53:07,Pasillo de Salones (E),59.9,Background Noise,52.1,52.1,45.5,0.0,99.8,0.3,0.0,46.4,50.0,55.7,-111,2.8
2026-04-12 14:53:38,Salón - Extremo (E),58.2,Background Noise,44.0,44.0,0.0,0.0,100.0,0.0,0.0,40.0,40.4,46.3,-82,14.0
2026-04-12 14:53:43,Salón - Uma (E),68.4,Background Noise,61.6,61.7,61.2,0.0,91.7,8.3,0.0,57.5,60.9,64.2,-117,1.0
2026-04-12 14:54:08,Pasillo de Laboratorio - Ala Inferior (E),65.3,Background Noise,44.4,44.4,0.0,0.0,100.0,0.0,0.0,40.0,41.8,46.1,-106,7.2
2026-04-12 14:56:01,Pasillo de Laboratorio - Ala Superior (E),49.5,Background Noise,41.4,41.4,40.0,0.0,99.9,0.1,0.0,40.0,40.0,43.5,-103,10.5
2026-04-12 14:56:17,Pasillo de Laboratorio (E),58.4,People,53.3,53.7,53.3,0.0,2.7,97.3,0.0,49.0,52.7,56.1,-97,11.8
2026-04-12 14:57:53,Pasillo Administrativo (E),57.8,Background Noise,40.2,40.2,0.0,0.0,100.0,0.0,0.0,40.0,40.0,40.0,-100,11.8
2026-04-12 14:58:00,Main Lobby (E),52.6,Background Noise,46.0,46.0,0.0,0.0,100.0,0.0,0.0,43.1,45.7,47.8,-114,2.2
2026-04-12 14:58:07,Pasillo de Salones (E),60.7,Background Noise,52.0,52.0,0.0,0.0,100.0,0.0,0.0,46.4,50.0,55.5,-79,9.8
2026-04-12 14:58:38,Salón - Extremo (E),53.2,Background Noise,42.3,42.3,0.0,0.0,100.0,0.0,0.0,40.0,40.0,45.0,-90,13.0
2026-04-12 14:58:43,Salón - Uma (E),69.0,Background Noise,61.6,61.6,61.4,0.0,91.8,8.2,0.0,57.5,60.9,64.1,-110,2.0
2026-04-12 14:59:08,Pasillo de Laboratorio - Ala Inferior (E),67.6,Background Noise,44.1,44.1,0.0,0.0,100.0,0.0,0.0,40.0,41.4,45.6,-108,4.0
2026-04-12 15:01:01,Pasillo de Laboratorio - Ala Superior (E),48.3,Background Noise,41.4,41.4,0.0,0.0,100.0,0.0,0.0,40.0,40.0,43.7,-102,8.0
2026-04-12 15:01:17,Pasillo de Laboratorio (E),58.7,People,53.3,53.3,53.3,0.0,1.7,98.3,0.0,49.0,52.6,56.0,-114,3.5
2026-04-12 15:02:53,Pasillo Administrativo (E),60.2,Background Noise,40.4,40.4,0.0,0.0,100.0,0.0,0.0,40.0,40.0,40.0,-103,10.5
2026-04-12 15:03:01,Main Lobby (E),61.7,People,46.1,45.6,50.1,0.0,94.2,5.7,0.0,43.2,45.3,47.6,-91,10.5
2026-04-12 15:03:07,Pasillo de Salones (E),60.2,Background Noise,51.9,51.9,47.6,0.0,99.9,0.1,0.0,46.6,49.9,55.7,-96,8.5
2026-04-12 15:03:38,Salón - Extremo (E),55.1,Background Noise,42.4,42.4,0.0,0.0,100.0,0.0,0.0,40.0,40.0,45.1,-88,14.0
2026-04-12 15:03:43,Salón - Uma (E),67.4,Background Noise,61.5,61.5,61.3,0.0,90.7,9.3,0.0,57.1,60.7,64.2,-103,9.8
2026-04-12 15:04:08,Pasillo de Laboratorio - Ala Inferior (E),61.8,Background Noise,43.3,43.3,0.0,0.0,100.0,0.0,0.0,40.0,41.5,45.5,-111,6.5
2026-04-12 15:06:02,Pasillo de Laboratorio - Ala Superior (E),49.7,Background Noise,41.7,41.7,0.0,0.0,100.0,0.0,0.0,40.0,40.0,43.9,-104,8.5
2026-04-12 15:06:17,Pasillo de Laboratorio (E),58.7,People,53.4,52.7,53.5,0.0,1.6,98.4,0.0,49.1,52.6,56.1,-107,8.0
2026-04-12 15:07:54,Pasillo Administrativo (E),45.7,Background Noise,40.0,40.0,0.0,0.0,100.0,0.0,0.0,40.0,40.0,40.0,-115,0.8
2026-04-12 15:08:01,Main Lobby (E),49.3,Background Noise,43.7,43.7,43.3,0.0,96.8,3.2,0.0,40.2,43.0,46.2,-103,-3.2
2026-04-12 15:08:07,Pasillo de Salones (E),60.2,Background Noise,51.9,51.9,50.7,0.0,99.8,0.2,0.0,46.6,49.8,55.6,-78,13.5
2026-04-12 15:08:42,Salón - Extremo (E),53.0,Background Noise,42.4,42.4,40.0,0.0,99.9,0.1,0.0,40.0,40.1,45.2,-99,9.2
2026-04-12 15:08:43,Salón - Uma (E),68.1,Background Noise,61.5,61.6,61.0,0.0,92.7,7.3,0.0,57.5,60.8,63.9,-108,7.0
2026-04-12 15:09:08,Pasillo de Laboratorio - Ala Inferior (E),72.8,Background Noise,45.9,45.9,0.0,0.0,100.0,0.0,0.0,40.0,41.0,45.3,-106,7.3
2026-04-12 15:11:02,Pasillo de Laboratorio - Ala Superior (E),48.8,Background Noise,41.4,41.4,41.1,0.0,99.9,0.1,0.0,40.0,40.0,43.6,-107,8.3
2026-04-12 15:11:17,Pasillo de Laboratorio (E),59.7,People,53.4,53.8,53.4,0.0,2.2,97.8,0.0,49.0,52.7,56.1,-97,12.5
2026-04-12 15:12:54,Pasillo Administrativo (E),59.6,Background Noise,40.4,40.4,0.0,0.0,100.0,0.0,0.0,40.0,40.0,40.0,-104,6.8
2026-04-12 15:13:01,Main Lobby (E),57.7,People,43.8,43.7,44.9,0.0,95.2,4.8,0.0,40.2,42.8,45.6,-86,13.8
2026-04-12 15:13:07,Pasillo de Salones (E),60.2,Background Noise,51.9,51.9,48.0,0.0,99.7,0.3,0.0,46.0,50.0,55.5,-102,8.8
2026-04-12 15:13:39,Salón - Extremo (E),52.9,Background Noise,42.3,42.3,0.0,0.0,100.0,0.0,0.0,40.0,40.0,44.9,-82,13.8
2026-04-12 15:13:43,Salón - Uma (E),68.3,Background Noise,61.5,61.5,61.0,0.0,90.8,9.3,0.0,57.4,60.9,64.0,-109,5.0
2026-04-12 15:14:09,Pasillo de Laboratorio - Ala Inferior (E),66.4,Background Noise,44.1,44.1,0.0,0.0,100.0,0.0,0.0,40.0,41.6,45.5,-100,9.3
2026-04-12 15:16:02,Pasillo de Laboratorio - Ala Superior (E),50.4,Background Noise,41.5,41.5,0.0,0.0,100.0,0.0,0.0,40.0,40.0,43.7,-104,9.5
2026-04-12 15:16:17,Pasillo de Laboratorio (E),59.0,People,53.4,54.0,53.4,0.0,1.6,98.4,0.0,48.8,52.6,56.1,-97,13.3
2026-04-12 15:17:54,Pasillo Administrativo (E),44.8,Background Noise,40.0,40.0,0.0,0.0,100.0,0.0,0.0,40.0,40.0,40.0,-106,7.2
2026-04-12 15:18:01,Main Lobby (E),49.6,Background Noise,43.4,43.4,44.4,0.0,96.3,3.7,0.0,40.7,42.9,45.5,-114,-0.2
2026-04-12 15:18:07,Pasillo de Salones (E),59.2,Background Noise,52.0,52.0,52.2,0.0,99.9,0.1,0.0,46.4,49.9,55.5,-102,6.5
2026-04-12 15:18:39,Salón - Extremo (E),55.4,Background Noise,42.3,42.3,0.0,0.0,100.0,0.0,0.0,40.0,40.0,45.0,-101,9.5
2026-04-12 15:18:43,Salón - Uma (E),68.7,Background Noise,61.7,61.7,61.4,0.0,92.3,7.7,0.0,57.5,60.9,64.4,-104,9.3
2026-04-12 15:19:09,Pasillo de Laboratorio - Ala Inferior (E),68.2,Background Noise,44.8,44.8,0.0,0.0,100.0,0.0,0.0,40.0,41.6,45.2,-109,5.5
2026-04-12 15:21:02,Pasillo de Laboratorio - Ala Superior (E),48.3,Background Noise,41.5,41.5,0.0,0.0,100.0,0.0,0.0,40.0,40.0,43.7,-112,-4.0
2026-04-12 15:21:17,Pasillo de Laboratorio (E),58.3,People,53.3,51.7,53.4,0.0,1.8,98.3,0.0,48.8,52.7,56.1,-96,10.3
2026-04-12 15:22:54,Pasillo Administrativo (E),71.3,Background Noise,43.3,43.3,0.0,0.0,100.0,0.0,0.0,40.0,40.0,40.0,-100,10.3
2026-04-12 15:23:01,Main Lobby (E),59.0,Background Noise,43.4,43.3,46.6,0.0,96.9,3.1,0.0,40.1,42.6,45.4,-113,2.2
2026-04-12 15:23:07,Pasillo de Salones (E),60.6,Background Noise,52.1,52.1,48.6,0.0,99.8,0.3,0.0,46.3,50.0,55.6,-79,13.5
2026-04-12 15:23:39,Salón - Extremo (E),66.2,Background Noise,43.2,43.2,0.0,0.0,100.0,0.0,0.0,40.0,40.2,45.2,-97,9.2
2026-04-12 15:23:43,Salón - Uma (E),69.0,Background Noise,61.6,61.6,61.2,0.0,93.2,6.8,0.0,57.5,60.9,64.0,-114,4.0
2026-04-12 15:24:09,Pasillo de Laboratorio - Ala Inferior (E),79.4,Background Noise,49.9,49.9,0.0,0.0,100.0,0.0,0.0,40.0,41.6,45.8,-108,6.2
2026-04-12 15:26:02,Pasillo de Laboratorio - Ala Superior (E),49.5,Background Noise,41.3,41.3,0.0,0.0,100.0,0.0,0.0,40.0,40.0,43.5,-103,8.8
2026-04-12 15:26:17,Pasillo de Laboratorio (E),58.9,People,53.4,52.5,53.4,0.0,3.3,96.7,0.0,48.8,52.7,56.0,-97,13.5
2026-04-12 15:27:54,Pasillo Administrativo (E),48.6,Background Noise,40.1,40.1,0.0,0.0,100.0,0.0,0.0,40.0,40.0,40.0,-104,9.5
2026-04-12 15:28:01,Main Lobby (E),51.8,Background Noise,44.9,44.9,41.6,0.0,99.9,0.1,0.0,40.3,44.1,47.6,-87,14.0
2026-04-12 15:28:07,Pasillo de Salones (E),59.3,Background Noise,52.0,52.0,51.4,0.0,99.8,0.2,0.0,46.5,49.9,55.7,-91,8.5
2026-04-12 15:28:39,Salón - Extremo (E),56.4,Background Noise,42.4,42.4,46.9,0.0,99.9,0.1,0.0,40.0,40.3,45.1,-84,13.0
2026-04-12 15:28:43,Salón - Uma (E),67.5,Background Noise,61.7,61.7,61.6,0.0,90.9,9.1,0.0,57.5,61.1,64.3,-106,8.8
2026-04-12 15:29:10,Pasillo de Laboratorio - Ala Inferior (E),67.0,Background Noise,44.1,44.1,46.5,0.0,99.8,0.2,0.0,40.0,41.7,45.7,-117,3.2
2026-04-12 15:31:02,Pasillo de Laboratorio - Ala Superior (E),50.2,Background Noise,41.6,41.6,0.0,0.0,100.0,0.0,0.0,40.0,40.0,43.9,-103,10.0
2026-04-12 15:31:17,Pasillo de Laboratorio (E),58.9,People,53.5,53.8,53.5,0.0,2.3,97.7,0.0,49.2,52.8,56.1,-111,6.8
2026-04-12 15:32:54,Pasillo Administrativo (E),62.2,Background Noise,40.6,40.6,0.0,0.0,100.0,0.0,0.0,40.0,40.0,40.0,-98,12.5
2026-04-12 15:33:01,Main Lobby (E),64.8,Background Noise,47.1,46.9,49.7,0.0,96.0,4.0,0.0,43.0,45.2,47.7,-86,11.3
2026-04-12 15:33:08,Pasillo de Salones (E),59.6,Background Noise,52.0,52.0,0.0,0.0,100.0,0.0,0.0,46.4,50.0,55.4,-81,13.8
2026-04-12 15:33:39,Salón - Extremo (E),58.3,Background Noise,42.7,42.7,40.0,0.0,99.9,0.1,0.0,40.0,40.5,45.5,-94,8.0
2026-04-12 15:33:44,Salón - Uma (E),67.7,Background Noise,61.5,61.6,60.8,0.0,91.2,8.8,0.0,57.4,60.8,64.0,-115,1.5
2026-04-12 15:34:09,Pasillo de Laboratorio - Ala Inferior (E),76.2,Background Noise,47.7,47.7,0.0,0.0,100.0,0.0,0.0,40.0,41.7,45.6,-111,7.0
2026-04-12 15:36:02,Pasillo de Laboratorio - Ala Superior (E),48.8,Background Noise,41.7,41.7,0.0,0.0,100.0,0.0,0.0,40.0,40.0,44.0,-99,8.8
2026-04-12 15:36:18,Pasillo de Laboratorio (E),59.4,People,53.5,52.8,53.5,0.0,2.2,97.8,0.0,49.1,52.8,56.2,-99,10.8
2026-04-12 15:37:54,Pasillo Administrativo (E),48.0,Background Noise,40.2,40.2,0.0,0.0,100.0,0.0,0.0,40.0,40.0,40.0,-107,7.5
2026-04-12 15:38:01,Main Lobby (E),56.8,Background Noise,45.4,45.4,44.7,0.0,99.2,0.8,0.0,41.7,44.9,47.4,-86,14.0
2026-04-12 15:38:08,Pasillo de Salones (E),61.0,Background Noise,52.0,52.0,49.4,0.0,99.9,0.1,0.0,46.3,49.8,55.7,-101,8.5
2026-04-12 15:38:39,Salón - Extremo (E),56.7,Background Noise,42.9,42.9,0.0,0.0,100.0,0.0,0.0,40.0,40.5,45.5,-88,14.0
2026-04-12 15:38:44,Salón - Uma (E),67.6,Background Noise,61.5,61.5,61.2,0.0,92.4,7.6,0.0,57.5,60.8,63.9,-107,8.0
2026-04-12 15:39:09,Pasillo de Laboratorio - Ala Inferior (E),76.3,People,49.1,45.5,57.7,55.6,91.3,7.3,1.4,40.0,42.7,47.0,-101,12.8
2026-04-12 15:41:03,Pasillo de Laboratorio - Ala Superior (E),84.0,People,54.2,44.8,63.5,58.6,88.2,10.2,1.7,40.0,40.6,45.9,-99,7.2
2026-04-12 15:41:17,Pasillo de Laboratorio (E),72.0,Vehicle,55.2,57.8,54.5,65.5,11.3,88.3,0.4,49.1,53.6,56.9,-111,7.8
2026-04-12 15:42:55,Pasillo Administrativo (E),59.3,Background Noise,40.5,40.5,0.0,0.0,100.0,0.0,0.0,40.0,40.0,40.0,-105,7.0
2026-04-12 15:43:01,Main Lobby (E),69.9,Background Noise,52.0,45.9,57.9,0.0,79.6,20.4,0.0,40.0,43.2,56.0,-91,8.8
2026-04-12 15:43:08,Pasillo de Salones (E),80.6,People,58.5,53.8,62.5,57.1,68.3,30.1,1.6,47.3,52.5,58.9,-94,10.2
2026-04-12 15:43:39,Salón - Extremo (E),63.8,Background Noise,47.2,46.6,52.8,43.3,94.7,4.9,0.4,40.0,41.6,48.3,-82,11.5
2026-04-12 15:43:44,Salón - Uma (E),76.5,Background Noise,62.0,61.9,62.3,63.4,83.7,16.1,0.2,57.5,61.2,64.3,-107,6.3
2026-04-12 15:44:09,Pasillo de Laboratorio - Ala Inferior (E),72.0,Background Noise,45.3,45.3,43.3,0.0,99.9,0.1,0.0,40.0,40.9,45.0,-109,6.0
2026-04-12 15:46:03,Pasillo de Laboratorio - Ala Superior (E),49.1,Background Noise,41.3,41.3,0.0,0.0,100.0,0.0,0.0,40.0,40.0,43.4,-99,9.5
2026-04-12 15:46:18,Pasillo de Laboratorio (E),58.6,People,53.2,52.1,53.2,0.0,2.2,97.8,0.0,48.9,52.3,55.9,-109,8.0
2026-04-12 15:47:57,Pasillo Administrativo (E),69.8,Background Noise,42.6,42.6,0.0,0.0,100.0,0.0,0.0,40.0,40.0,40.0,-117,-2.2
2026-04-12 15:48:02,Main Lobby (E),64.3,Vehicle,44.9,43.5,48.7,55.4,88.9,10.2,0.9,40.0,42.7,46.5,-84,13.3
2026-04-12 15:48:08,Pasillo de Salones (E),60.9,Background Noise,51.9,51.9,52.1,0.0,99.3,0.7,0.0,46.4,49.8,55.6,-108,1.8
2026-04-12 15:48:40,Salón - Extremo (E),60.9,Background Noise,42.4,42.4,0.0,0.0,100.0,0.0,0.0,40.0,40.0,44.7,-101,9.5
2026-04-12 15:48:44,Salón - Uma (E),68.8,Background Noise,61.5,61.6,61.4,0.0,91.6,8.4,0.0,57.2,60.9,64.2,-107,7.5
2026-04-12 15:49:09,Pasillo de Laboratorio - Ala Inferior (E),79.4,Background Noise,50.4,50.4,0.0,0.0,100.0,0.0,0.0,40.0,41.8,45.3,-108,6.8
2026-04-12 15:51:03,Pasillo de Laboratorio - Ala Superior (E),48.7,People,41.6,41.5,45.6,0.0,99.0,1.0,0.0,40.0,40.0,43.9,-104,10.8
2026-04-12 15:51:18,Pasillo de Laboratorio (E),59.3,People,53.3,53.3,53.3,0.0,1.9,98.1,0.0,49.0,52.5,56.1,-98,14.5
2026-04-12 15:52:55,Pasillo Administrativo (E),59.4,Background Noise,40.7,40.7,0.0,0.0,100.0,0.0,0.0,40.0,40.0,40.0,-100,12.0
2026-04-12 15:53:02,Main Lobby (E),50.1,Background Noise,43.4,43.3,43.9,0.0,95.5,4.5,0.0,40.0,42.5,45.7,-108,5.2
2026-04-12 15:53:08,Pasillo de Salones (E),61.1,Background Noise,52.1,52.1,49.8,0.0,99.8,0.2,0.0,46.3,49.9,55.8,-79,14.3
2026-04-12 15:53:40,Salón - Extremo (E),57.8,Background Noise,43.3,43.3,0.0,0.0,100.0,0.0,0.0,40.0,40.5,45.6,-99,7.5
2026-04-12 15:53:44,Salón - Uma (E),68.2,Background Noise,61.5,61.6,60.7,0.0,91.7,8.3,0.0,57.4,60.9,64.0,-105,9.3
2026-04-12 15:54:09,Pasillo de Laboratorio - Ala Inferior (E),64.5,Background Noise,43.3,43.3,0.0,0.0,100.0,0.0,0.0,40.0,41.2,45.4,-102,12.3
2026-04-12 15:56:03,Pasillo de Laboratorio - Ala Superior (E),49.0,Background Noise,41.4,41.4,40.0,0.0,99.9,0.1,0.0,40.0,40.0,43.5,-109,6.3
2026-04-12 15:56:18,Pasillo de Laboratorio (E),58.6,People,53.3,53.2,53.3,0.0,2.2,97.8,0.0,48.9,52.5,56.0,-98,14.0
2026-04-12 15:57:55,Pasillo Administrativo (E),72.4,Background Noise,43.9,43.9,0.0,0.0,100.0,0.0,0.0,40.0,40.0,40.0,-100,9.3
2026-04-12 15:58:02,Main Lobby (E),59.5,Background Noise,43.3,43.3,43.4,41.5,97.3,2.6,0.1,40.0,42.6,45.3,-84,13.5
2026-04-12 15:58:08,Pasillo de Salones (E),59.8,Background Noise,51.9,51.9,51.3,0.0,99.8,0.2,0.0,46.2,49.8,55.6,-101,8.0
2026-04-12 15:58:40,Salón - Extremo (E),66.4,Background Noise,43.0,43.0,0.0,0.0,100.0,0.0,0.0,40.0,40.0,44.8,-82,13.8
2026-04-12 15:58:44,Salón - Uma (E),69.1,Background Noise,61.5,61.6,61.1,0.0,91.8,8.2,0.0,57.2,60.9,64.2,-117,-4.2
2026-04-12 15:59:10,Pasillo de Laboratorio - Ala Inferior (E),79.6,Background Noise,51.6,51.6,0.0,0.0,100.0,0.0,0.0,40.0,41.9,45.8,-105,8.5
2026-04-12 16:01:03,Pasillo de Laboratorio - Ala Superior (E),49.4,Background Noise,41.5,41.5,0.0,0.0,100.0,0.0,0.0,40.0,40.0,43.7,-112,5.0
2026-04-12 16:01:18,Pasillo de Laboratorio (E),59.9,People,53.2,53.5,53.2,0.0,1.5,98.5,0.0,48.8,52.3,56.0,-99,13.0
2026-04-12 16:02:55,Pasillo Administrativo (E),60.2,Background Noise,40.4,40.4,0.0,0.0,100.0,0.0,0.0,40.0,40.0,40.0,-107,8.0
2026-04-12 16:03:02,Main Lobby (E),58.5,Background Noise,46.8,46.7,51.4,0.0,99.0,1.0,0.0,43.1,45.7,48.5,-108,5.0
2026-04-12 16:03:08,Pasillo de Salones (E),60.1,Background Noise,51.9,51.9,47.5,0.0,99.7,0.3,0.0,46.1,49.9,55.6,-99,6.0
2026-04-12 16:03:40,Salón - Extremo (E),55.2,Background Noise,42.3,42.3,41.6,0.0,99.9,0.1,0.0,40.0,40.2,44.7,-97,8.2
2026-04-12 16:03:44,Salón - Uma (E),68.6,Background Noise,61.6,61.6,61.5,0.0,91.0,9.0,0.0,57.7,61.0,64.1,-105,7.8
2026-04-12 16:04:10,Pasillo de Laboratorio - Ala Inferior (E),60.4,Background Noise,42.8,42.8,0.0,0.0,100.0,0.0,0.0,40.0,41.0,45.0,-109,3.8
2026-04-12 16:06:03,Pasillo de Laboratorio - Ala Superior (E),51.0,Background Noise,41.4,41.4,0.0,0.0,100.0,0.0,0.0,40.0,40.0,43.6,-104,1.8
2026-04-12 16:06:18,Pasillo de Laboratorio (E),58.6,Background Noise,53.1,52.9,53.1,0.0,1.7,98.3,0.0,48.7,52.3,56.0,-99,12.5
2026-04-12 16:07:55,Pasillo Administrativo (E),72.5,Background Noise,43.9,43.9,0.0,0.0,100.0,0.0,0.0,40.0,40.0,40.0,-114,-0.2
2026-04-12 16:08:02,Main Lobby (E),61.6,Background Noise,44.9,44.9,44.1,0.0,98.2,1.8,0.0,41.8,44.4,46.6,-93,10.0
2026-04-12 16:08:09,Pasillo de Salones (E),59.6,Background Noise,52.0,52.0,0.0,0.0,100.0,0.0,0.0,46.1,49.9,55.6,-97,10.5
2026-04-12 16:08:40,Salón - Extremo (E),65.7,Background Noise,43.1,43.0,51.7,0.0,99.9,0.1,0.0,40.0,40.3,44.9,-89,13.8
2026-04-12 16:08:45,Salón - Uma (E),67.9,Background Noise,61.5,61.6,60.8,0.0,92.6,7.4,0.0,57.5,60.9,64.0,-117,-4.8
2026-04-12 16:09:10,Pasillo de Laboratorio - Ala Inferior (E),79.0,Background Noise,49.7,49.7,0.0,0.0,100.0,0.0,0.0,40.0,41.6,45.4,-102,12.0
2026-04-12 16:11:03,Pasillo de Laboratorio - Ala Superior (E),48.1,Background Noise,41.5,41.5,40.0,0.0,99.9,0.1,0.0,40.0,40.0,43.6,-111,5.2
2026-04-12 16:11:18,Pasillo de Laboratorio (E),59.0,People,53.1,53.0,53.1,0.0,2.1,97.9,0.0,48.7,52.2,55.9,-97,11.3
2026-04-12 16:12:55,Pasillo Administrativo (E),75.2,Background Noise,46.1,46.1,0.0,0.0,100.0,0.0,0.0,40.0,40.0,40.0,-102,8.2
2026-04-12 16:13:02,Main Lobby (E),59.0,People,44.3,43.5,50.3,0.0,95.2,4.8,0.0,40.3,42.9,45.8,-86,14.0
2026-04-12 16:13:09,Pasillo de Salones (E),59.9,Background Noise,51.9,51.9,0.0,0.0,100.0,0.0,0.0,46.3,49.9,55.5,-100,7.0
2026-04-12 16:13:40,Salón - Extremo (E),51.7,Background Noise,42.5,42.5,0.0,0.0,100.0,0.0,0.0,40.0,40.2,45.2,-81,13.3
2026-04-12 16:13:45,Salón - Uma (E),68.6,Background Noise,61.6,61.6,61.8,0.0,92.1,7.9,0.0,57.3,60.9,64.2,-117,-4.0
2026-04-12 16:14:10,Pasillo de Laboratorio - Ala Inferior (E),61.2,Background Noise,43.3,43.3,0.0,0.0,100.0,0.0,0.0,40.0,41.7,45.6,-105,7.2
2026-04-12 16:16:03,Pasillo de Laboratorio - Ala Superior (E),48.1,Background Noise,41.4,41.4,0.0,0.0,100.0,0.0,0.0,40.0,40.0,43.4,-113,2.5
2026-04-12 16:16:18,Pasillo de Laboratorio (E),58.9,People,53.1,52.9,53.1,0.0,2.5,97.5,0.0,48.7,52.1,55.9,-113,4.5
2026-04-12 16:17:55,Pasillo Administrativo (E),68.4,Background Noise,42.4,42.4,0.0,0.0,100.0,0.0,0.0,40.0,40.0,40.0,-97,13.0
2026-04-12 16:18:02,Main Lobby (E),59.5,People,44.8,44.4,48.3,0.0,93.6,6.4,0.0,41.1,43.6,46.5,-112,-2.0
2026-04-12 16:18:09,Pasillo de Salones (E),60.7,Background Noise,52.0,52.0,52.1,0.0,99.8,0.2,0.0,46.5,50.1,55.7,-78,13.5
2026-04-12 16:18:40,Salón - Extremo (E),52.1,Background Noise,42.2,42.2,0.0,0.0,100.0,0.0,0.0,40.0,40.0,44.7,-84,13.5
2026-04-12 16:18:45,Salón - Uma (E),68.3,Background Noise,61.5,61.6,60.8,0.0,92.3,7.7,0.0,57.5,60.9,64.1,-106,8.3
2026-04-12 16:19:10,Pasillo de Laboratorio - Ala Inferior (E),76.5,Background Noise,47.6,47.6,0.0,0.0,100.0,0.0,0.0,40.0,41.4,45.3,-102,12.0
2026-04-12 16:21:03,Pasillo de Laboratorio - Ala Superior (E),47.7,Background Noise,41.4,41.4,0.0,0.0,100.0,0.0,0.0,40.0,40.0,43.5,-101,11.5
2026-04-12 16:21:19,Pasillo de Laboratorio (E),59.0,People,53.1,52.0,53.1,0.0,2.4,97.6,0.0,48.5,52.2,55.9,-98,13.8
2026-04-12 16:22:56,Pasillo Administrativo (E),80.5,Background Noise,50.3,50.3,0.0,0.0,100.0,0.0,0.0,40.0,40.0,40.0,-103,-1.2
2026-04-12 16:23:02,Main Lobby (E),73.9,People,48.6,44.2,61.4,0.0,96.7,3.3,0.0,40.8,43.3,46.1,-84,13.3
2026-04-12 16:23:09,Pasillo de Salones (E),60.7,Background Noise,52.1,52.2,49.2,0.0,99.6,0.4,0.0,46.2,50.0,55.9,-78,13.5
2026-04-12 16:23:40,Salón - Extremo (E),60.7,Background Noise,42.5,42.5,40.0,0.0,99.9,0.1,0.0,40.0,40.0,44.8,-117,-2.8
2026-04-12 16:23:45,Salón - Uma (E),67.6,Background Noise,61.6,61.6,60.8,0.0,92.2,7.8,0.0,57.4,60.8,64.1,-114,-1.0
2026-04-12 16:24:10,Pasillo de Laboratorio - Ala Inferior (E),64.3,Background Noise,43.3,43.3,0.0,0.0,100.0,0.0,0.0,40.0,41.4,45.3,-112,6.8
2026-04-12 16:26:04,Pasillo de Laboratorio - Ala Superior (E),48.6,Background Noise,41.3,41.3,41.5,0.0,99.8,0.2,0.0,40.0,40.0,43.5,-100,9.2
2026-04-12 16:26:19,Pasillo de Laboratorio (E),58.5,People,52.9,52.6,52.9,0.0,2.1,97.9,0.0,48.6,52.0,55.6,-98,14.0
2026-04-12 16:27:56,Pasillo Administrativo (E),63.9,Background Noise,41.0,41.0,0.0,0.0,100.0,0.0,0.0,40.0,40.0,40.0,-103,9.0
2026-04-12 16:28:03,Main Lobby (E),55.0,People,43.7,43.2,47.5,0.0,92.1,7.9,0.0,40.2,42.7,45.8,-86,11.8
2026-04-12 16:28:09,Pasillo de Salones (E),59.6,Background Noise,51.9,51.9,46.9,0.0,99.9,0.1,0.0,46.4,49.8,55.6,-79,11.3
2026-04-12 16:28:41,Salón - Extremo (E),55.2,Background Noise,42.2,42.2,0.0,0.0,100.0,0.0,0.0,40.0,40.0,44.5,-102,3.2
2026-04-12 16:28:45,Salón - Uma (E),67.6,Background Noise,61.6,61.6,61.6,0.0,92.6,7.4,0.0,57.5,60.9,64.3,-106,6.3
2026-04-12 16:29:10,Pasillo de Laboratorio - Ala Inferior (E),78.4,Background Noise,48.9,48.9,42.1,0.0,99.9,0.1,0.0,40.0,41.3,45.2,-114,-4.8
2026-04-12 16:31:04,Pasillo de Laboratorio - Ala Superior (E),47.9,Background Noise,41.3,41.3,40.0,0.0,99.2,0.8,0.0,40.0,40.0,43.3,-102,6.2
2026-04-12 16:31:19,Pasillo de Laboratorio (E),59.4,People,52.9,52.5,52.9,0.0,1.8,98.3,0.0,48.6,51.9,55.7,-98,14.3
2026-04-12 16:32:56,Pasillo Administrativo (E),84.9,Background Noise,54.3,54.3,0.0,0.0,100.0,0.0,0.0,40.0,40.0,40.0,-103,9.5
2026-04-12 16:33:03,Main Lobby (E),62.5,Background Noise,45.2,45.3,44.7,0.0,93.6,6.4,0.0,41.2,44.6,47.3,-91,9.0
2026-04-12 16:33:09,Pasillo de Salones (E),59.6,Background Noise,51.8,51.8,51.4,0.0,99.6,0.4,0.0,46.1,49.9,55.5,-94,8.5
2026-04-12 16:33:41,Salón - Extremo (E),66.5,Background Noise,43.1,43.1,40.0,0.0,99.9,0.1,0.0,40.0,40.0,44.9,-99,8.0
2026-04-12 16:33:45,Salón - Uma (E),69.6,Background Noise,61.6,61.6,61.5,0.0,92.8,7.2,0.0,57.3,60.9,64.2,-104,9.5
2026-04-12 16:34:10,Pasillo de Laboratorio - Ala Inferior (E),66.4,Background Noise,44.0,44.0,0.0,0.0,100.0,0.0,0.0,40.0,41.7,45.5,-115,-3.0
2026-04-12 16:36:04,Pasillo de Laboratorio - Ala Superior (E),48.1,Background Noise,41.4,41.4,40.0,0.0,99.5,0.5,0.0,40.0,40.0,43.5,-105,7.2
2026-04-12 16:36:19,Pasillo de Laboratorio (E),59.1,People,53.0,52.5,53.0,0.0,1.8,98.2,0.0,48.7,52.0,55.8,-97,13.5
2026-04-12 16:37:56,Pasillo Administrativo (E),59.4,Background Noise,40.6,40.6,0.0,0.0,100.0,0.0,0.0,40.0,40.0,40.0,-97,13.3
2026-04-12 16:38:03,Main Lobby (E),52.1,Background Noise,45.5,45.5,46.1,46.2,97.4,2.5,0.1,43.2,45.2,47.1,-90,10.0
2026-04-12 16:38:09,Pasillo de Salones (E),60.8,Background Noise,52.0,52.0,49.8,0.0,99.9,0.1,0.0,46.4,49.8,55.8,-101,8.5
2026-04-12 16:38:41,Salón - Extremo (E),55.1,Background Noise,42.2,42.2,0.0,0.0,100.0,0.0,0.0,40.0,40.0,44.8,-82,14.0
2026-04-12 16:38:45,Salón - Uma (E),69.7,Background Noise,61.6,61.6,61.4,0.0,92.2,7.8,0.0,57.5,60.9,64.1,-113,4.8
2026-04-12 16:39:10,Pasillo de Laboratorio - Ala Inferior (E),78.9,Background Noise,49.2,49.2,44.5,0.0,99.8,0.3,0.0,40.0,41.1,45.3,-100,11.0
2026-04-12 16:41:04,Pasillo de Laboratorio - Ala Superior (E),48.0,Background Noise,41.3,41.3,40.0,0.0,99.3,0.7,0.0,40.0,40.0,43.3,-108,7.3
2026-04-12 16:41:19,Pasillo de Laboratorio (E),58.8,Background Noise,53.1,54.1,53.1,0.0,1.2,98.8,0.0,48.6,52.2,55.9,-111,7.0
2026-04-12 16:42:56,Pasillo Administrativo (E),86.0,Background Noise,55.4,55.4,0.0,0.0,100.0,0.0,0.0,40.0,40.0,40.0,-103,8.2
2026-04-12 16:43:03,Main Lobby (E),61.3,People,49.0,48.2,50.3,49.8,67.8,32.1,0.1,44.2,47.4,51.6,-90,9.5
2026-04-12 16:43:09,Pasillo de Salones (E),59.4,Background Noise,51.9,51.9,50.7,0.0,99.7,0.3,0.0,46.3,49.9,55.6,-94,9.5
2026-04-12 16:43:41,Salón - Extremo (E),66.3,Background Noise,43.2,43.2,44.2,0.0,99.9,0.1,0.0,40.0,40.0,45.4,-101,8.5
2026-04-12 16:43:45,Salón - Uma (E),68.6,Background Noise,61.7,61.7,61.6,0.0,90.7,9.3,0.0,57.3,61.0,64.3,-118,-4.2
2026-04-12 16:44:11,Pasillo de Laboratorio - Ala Inferior (E),66.8,Background Noise,44.1,44.1,40.2,0.0,99.9,0.1,0.0,40.0,41.7,45.8,-106,8.0
2026-04-12 16:46:04,Pasillo de Laboratorio - Ala Superior (E),48.0,Background Noise,41.3,41.3,40.8,0.0,99.7,0.3,0.0,40.0,40.0,43.5,-102,8.2
2026-04-12 16:46:19,Pasillo de Laboratorio (E),58.4,People,53.2,52.7,53.2,0.0,1.5,98.5,0.0,48.7,52.3,55.9,-109,7.5
2026-04-12 16:47:56,Pasillo Administrativo (E),82.6,Background Noise,52.1,52.1,0.0,0.0,100.0,0.0,0.0,40.0,40.0,40.0,-102,6.2
2026-04-12 16:48:03,Main Lobby (E),61.6,People,53.0,52.7,53.1,0.0,35.8,64.2,0.0,49.2,52.0,55.6,-94,9.8
2026-04-12 16:48:09,Pasillo de Salones (E),60.1,Background Noise,51.8,51.8,45.8,0.0,99.9,0.1,0.0,46.0,49.6,55.6,-105,7.8
2026-04-12 16:48:41,Salón - Extremo (E),62.5,Background Noise,42.5,42.5,0.0,0.0,100.0,0.0,0.0,40.0,40.1,44.8,-100,9.8
2026-04-12 16:48:46,Salón - Uma (E),68.5,Background Noise,61.6,61.7,60.4,0.0,91.7,8.3,0.0,57.4,61.0,64.2,-105,9.3
2026-04-12 16:49:11,Pasillo de Laboratorio - Ala Inferior (E),79.4,Background Noise,50.4,50.4,0.0,0.0,100.0,0.0,0.0,40.0,41.6,45.7,-106,3.0
2026-04-12 16:51:04,Pasillo de Laboratorio - Ala Superior (E),47.9,Background Noise,41.3,41.3,40.8,0.0,99.3,0.7,0.0,40.0,40.0,43.4,-109,6.0
2026-04-12 16:51:19,Pasillo de Laboratorio (E),58.6,People,53.4,53.7,53.4,0.0,1.5,98.5,0.0,49.0,52.8,56.0,-100,12.5
2026-04-12 16:52:56,Pasillo Administrativo (E),85.9,Background Noise,55.3,55.3,0.0,0.0,100.0,0.0,0.0,40.0,40.0,40.0,-115,-0.8
2026-04-12 16:53:03,Main Lobby (E),68.7,People,53.7,49.2,57.0,56.2,63.8,35.9,0.3,44.9,47.9,58.8,-83,15.0
2026-04-12 16:53:10,Pasillo de Salones (E),59.8,Background Noise,52.0,52.0,51.6,0.0,95.6,4.4,0.0,46.3,49.8,55.7,-101,2.5
2026-04-12 16:53:41,Salón - Extremo (E),66.4,Background Noise,43.4,43.4,43.2,0.0,94.7,5.3,0.0,40.0,40.4,45.4,-86,13.3
2026-04-12 16:53:46,Salón - Uma (E),67.9,Background Noise,61.6,61.6,61.5,0.0,92.0,8.0,0.0,57.2,61.0,64.2,-103,2.3
2026-04-12 16:54:11,Pasillo de Laboratorio - Ala Inferior (E),67.9,Background Noise,44.3,44.3,40.0,0.0,99.9,0.1,0.0,40.0,42.0,46.2,-109,6.5
2026-04-12 16:56:04,Pasillo de Laboratorio - Ala Superior (E),48.5,Background Noise,41.7,41.7,40.9,0.0,99.8,0.2,0.0,40.0,40.0,44.2,-113,3.8
2026-04-12 16:56:19,Pasillo de Laboratorio (E),59.2,People,53.2,52.9,53.3,0.0,1.5,98.5,0.0,48.9,52.4,55.9,-108,5.0
2026-04-12 16:57:56,Pasillo Administrativo (E),87.0,Background Noise,56.3,56.3,0.0,0.0,100.0,0.0,0.0,40.0,40.0,40.0,-99,12.0
2026-04-12 16:58:03,Main Lobby (E),66.9,Background Noise,47.2,47.0,48.6,0.0,92.0,8.0,0.0,44.3,46.1,48.1,-84,13.5
2026-04-12 16:58:10,Pasillo de Salones (E),59.5,Background Noise,52.1,52.1,54.6,0.0,99.8,0.2,0.0,46.3,49.9,55.7,-89,14.0
2026-04-12 16:58:41,Salón - Extremo (E),66.7,Background Noise,43.0,43.0,0.0,0.0,100.0,0.0,0.0,40.0,40.0,44.6,-106,6.0
2026-04-12 16:58:46,Salón - Uma (E),67.4,Background Noise,61.4,61.5,61.0,0.0,91.6,8.4,0.0,57.2,60.7,64.1,-107,8.0
2026-04-12 16:59:11,Pasillo de Laboratorio - Ala Inferior (E),79.4,Background Noise,51.5,51.5,42.1,0.0,99.9,0.1,0.0,40.0,41.8,45.8,-102,10.5
2026-04-12 17:01:05,Pasillo de Laboratorio - Ala Superior (E),47.8,Background Noise,41.4,41.4,0.0,0.0,100.0,0.0,0.0,40.0,40.0,43.5,-109,6.0
2026-04-12 17:01:19,Pasillo de Laboratorio (E),58.3,People,53.3,52.2,53.3,0.0,1.4,98.6,0.0,48.6,52.6,56.1,-97,14.3
2026-04-12 17:02:57,Pasillo Administrativo (E),75.5,Background Noise,46.3,46.3,0.0,0.0,100.0,0.0,0.0,40.0,40.0,40.0,-113,1.0
2026-04-12 17:03:03,Main Lobby (E),58.0,Background Noise,46.5,46.5,46.9,0.0,97.5,2.5,0.0,44.3,46.2,48.0,-91,10.2
2026-04-12 17:03:10,Pasillo de Salones (E),60.2,Background Noise,51.9,51.9,52.7,0.0,99.5,0.5,0.0,46.1,49.8,55.7,-89,13.8
2026-04-12 17:03:42,Salón - Extremo (E),56.5,Background Noise,42.4,42.4,42.5,0.0,98.7,1.3,0.0,40.0,40.2,44.8,-99,9.5
2026-04-12 17:03:46,Salón - Uma (E),68.4,Background Noise,61.6,61.6,61.8,0.0,91.4,8.6,0.0,57.2,60.9,64.2,-106,7.3
2026-04-12 17:04:11,Pasillo de Laboratorio - Ala Inferior (E),61.9,Background Noise,43.5,43.5,0.0,0.0,100.0,0.0,0.0,40.0,41.7,45.8,-100,12.8
2026-04-12 17:06:05,Pasillo de Laboratorio - Ala Superior (E),50.0,Background Noise,41.5,41.5,40.0,0.0,99.8,0.2,0.0,40.0,40.0,43.6,-100,8.5
2026-04-12 17:06:20,Pasillo de Laboratorio (E),59.8,People,53.3,53.2,53.3,0.0,2.4,97.6,0.0,48.7,52.4,56.0,-113,7.8
2026-04-12 17:07:57,Pasillo Administrativo (E),87.4,Background Noise,56.7,56.7,0.0,0.0,100.0,0.0,0.0,40.0,40.0,40.0,-105,8.8
2026-04-12 17:08:04,Main Lobby (E),62.2,People,47.5,44.8,54.4,45.0,89.1,10.7,0.2,41.0,44.0,47.7,-114,1.8
2026-04-12 17:08:10,Pasillo de Salones (E),59.4,Background Noise,51.9,51.9,53.2,0.0,99.7,0.3,0.0,46.5,49.9,55.6,-112,0.2
2026-04-12 17:08:42,Salón - Extremo (E),65.9,Background Noise,43.1,43.1,42.8,0.0,99.6,0.4,0.0,40.0,40.0,45.2,-94,13.5
2026-04-12 17:08:46,Salón - Uma (E),69.5,People,61.6,61.7,61.3,0.0,92.0,8.0,0.0,57.4,61.0,64.0,-117,-6.2
2026-04-12 17:09:11,Pasillo de Laboratorio - Ala Inferior (E),79.4,Background Noise,51.9,51.9,0.0,0.0,100.0,0.0,0.0,40.0,42.0,45.7,-107,0.5
2026-04-12 17:11:05,Pasillo de Laboratorio - Ala Superior (E),49.0,Background Noise,41.4,41.4,0.0,0.0,100.0,0.0,0.0,40.0,40.0,43.6,-110,5.0
2026-04-12 17:11:20,Pasillo de Laboratorio (E),59.2,People,53.2,53.0,53.2,0.0,1.9,98.1,0.0,48.6,52.2,55.9,-113,-7.0
2026-04-12 17:12:57,Pasillo Administrativo (E),74.7,Background Noise,45.8,45.8,0.0,0.0,100.0,0.0,0.0,40.0,40.0,40.0,-98,12.8
2026-04-12 17:13:04,Main Lobby (E),52.9,Background Noise,43.3,43.3,43.1,0.0,99.4,0.6,0.0,40.5,42.7,45.3,-93,11.0
2026-04-12 17:13:10,Pasillo de Salones (E),59.8,Background Noise,51.8,51.8,49.9,0.0,99.7,0.3,0.0,46.2,49.9,55.5,-106,6.2
2026-04-12 17:13:42,Salón - Extremo (E),51.4,Background Noise,42.2,42.2,0.0,0.0,100.0,0.0,0.0,40.0,40.0,44.9,-107,6.0
2026-04-12 17:13:47,Salón - Uma (E),68.7,Background Noise,61.8,61.8,61.6,0.0,92.5,7.5,0.0,57.6,61.1,64.3,-118,-2.2
2026-04-12 17:14:11,Pasillo de Laboratorio - Ala Inferior (E),61.4,Background Noise,43.3,43.3,0.0,0.0,100.0,0.0,0.0,40.0,41.4,45.6,-105,6.5
2026-04-12 17:16:05,Pasillo de Laboratorio - Ala Superior (E),49.5,Background Noise,41.3,41.3,41.6,0.0,99.5,0.5,0.0,40.0,40.0,43.5,-105,9.5
2026-04-12 17:16:20,Pasillo de Laboratorio (E),58.3,People,53.2,52.8,53.2,0.0,2.0,98.0,0.0,48.9,52.4,55.9,-117,-7.0
2026-04-12 17:17:57,Pasillo Administrativo (E),88.2,Background Noise,57.5,57.5,0.0,0.0,100.0,0.0,0.0,40.0,40.0,40.0,-97,11.0
2026-04-12 17:18:04,Main Lobby (E),61.3,Background Noise,43.2,43.2,42.5,0.0,99.7,0.3,0.0,40.0,42.4,45.0,-95,12.5
2026-04-12 17:18:10,Pasillo de Salones (E),59.4,Background Noise,51.8,51.8,45.0,0.0,99.9,0.1,0.0,45.9,49.8,55.5,-89,14.0
2026-04-12 17:18:42,Salón - Extremo (E),51.7,Background Noise,42.2,42.2,0.0,0.0,100.0,0.0,0.0,40.0,40.0,44.9,-106,5.2
2026-04-12 17:18:46,Salón - Uma (E),68.9,Background Noise,61.8,61.8,61.8,0.0,91.5,8.5,0.0,57.4,61.2,64.3,-113,-4.8
2026-04-12 17:19:11,Pasillo de Laboratorio - Ala Inferior (E),79.4,Background Noise,51.3,51.3,0.0,0.0,100.0,0.0,0.0,40.0,41.9,45.9,-113,3.0
2026-04-12 17:21:05,Pasillo de Laboratorio - Ala Superior (E),49.1,Background Noise,41.2,41.2,0.0,0.0,100.0,0.0,0.0,40.0,40.0,43.1,-106,8.8
2026-04-12 17:21:20,Pasillo de Laboratorio (E),59.2,People,53.2,52.9,53.2,0.0,2.3,97.7,0.0,48.7,52.2,55.9,-115,-0.8
2026-04-12 17:22:57,Pasillo Administrativo (E),80.3,Background Noise,50.1,50.1,0.0,0.0,100.0,0.0,0.0,40.0,40.0,40.0,-99,12.5
2026-04-12 17:23:04,Main Lobby (E),51.5,Background Noise,45.9,45.9,46.0,0.0,99.0,1.0,0.0,43.1,45.6,47.8,-108,6.8
2026-04-12 17:23:10,Pasillo de Salones (E),60.1,Background Noise,51.8,51.8,51.2,0.0,99.9,0.1,0.0,45.8,49.7,55.6,-89,13.8
2026-04-12 17:23:42,Salón - Extremo (E),50.6,Background Noise,42.2,42.2,0.0,0.0,100.0,0.0,0.0,40.0,40.0,45.1,-108,6.0
2026-04-12 17:23:46,Salón - Uma (E),69.1,Background Noise,61.5,61.5,61.0,0.0,93.2,6.8,0.0,57.4,60.7,64.0,-119,-3.0
2026-04-12 17:24:14,Pasillo de Laboratorio - Ala Inferior (E),63.8,Background Noise,43.4,43.4,0.0,0.0,100.0,0.0,0.0,40.0,41.5,45.6,-106,9.3
2026-04-12 17:26:05,Pasillo de Laboratorio - Ala Superior (E),49.4,Background Noise,41.4,41.4,40.7,0.0,99.7,0.3,0.0,40.0,40.0,43.6,-106,8.3
2026-04-12 17:26:20,Pasillo de Laboratorio (E),58.4,People,53.1,52.1,53.1,0.0,2.6,97.4,0.0,48.7,52.2,55.9,-98,11.8
2026-04-12 17:27:57,Pasillo Administrativo (E),87.6,Background Noise,56.9,56.9,0.0,0.0,100.0,0.0,0.0,40.0,40.0,40.0,-105,8.2
2026-04-12 17:28:04,Main Lobby (E),53.7,Background Noise,47.0,47.0,47.5,0.0,97.9,2.1,0.0,44.6,46.8,48.7,-118,-4.8
2026-04-12 17:28:10,Pasillo de Salones (E),60.4,Background Noise,51.9,51.9,44.2,0.0,99.9,0.1,0.0,46.3,49.7,55.7,-89,13.8
2026-04-12 17:28:42,Salón - Extremo (E),50.7,Background Noise,42.3,42.3,0.0,0.0,100.0,0.0,0.0,40.0,40.2,45.1,-99,12.0
2026-04-12 17:28:47,Salón - Uma (E),68.6,Background Noise,61.5,61.5,61.5,0.0,90.7,9.3,0.0,57.3,60.9,64.2,-105,9.3
2026-04-12 17:29:12,Pasillo de Laboratorio - Ala Inferior (E),79.4,Background Noise,50.6,50.6,40.6,0.0,99.9,0.1,0.0,40.0,42.0,46.2,-103,10.5
2026-04-12 17:31:05,Pasillo de Laboratorio - Ala Superior (E),48.9,Background Noise,41.4,41.4,40.0,0.0,99.8,0.2,0.0,40.0,40.0,43.4,-114,-5.2
2026-04-12 17:31:20,Pasillo de Laboratorio (E),59.0,People,53.2,52.0,53.2,0.0,1.9,98.1,0.0,48.8,52.4,55.9,-98,10.8
2026-04-12 17:32:57,Pasillo Administrativo (E),85.4,Background Noise,54.8,54.8,0.0,0.0,100.0,0.0,0.0,40.0,40.0,40.0,-100,8.0
2026-04-12 17:33:04,Main Lobby (E),52.1,Background Noise,46.9,46.9,46.8,46.9,97.2,2.6,0.2,44.6,46.6,48.7,-97,13.0
2026-04-12 17:33:11,Pasillo de Salones (E),60.8,Background Noise,51.9,51.9,0.0,0.0,100.0,0.0,0.0,46.1,49.7,55.7,-91,13.8
2026-04-12 17:33:42,Salón - Extremo (E),51.0,Background Noise,42.2,42.2,0.0,0.0,100.0,0.0,0.0,40.0,40.0,44.9,-108,6.2
2026-04-12 17:33:47,Salón - Uma (E),69.2,Background Noise,61.5,61.5,61.0,0.0,93.8,6.2,0.0,57.3,60.8,63.9,-104,10.0
2026-04-12 17:34:12,Pasillo de Laboratorio - Ala Inferior (E),65.9,Background Noise,43.7,43.7,0.0,0.0,100.0,0.0,0.0,40.0,41.7,45.4,-109,5.8
2026-04-12 17:36:05,Pasillo de Laboratorio - Ala Superior (E),48.6,Background Noise,41.3,41.3,40.3,0.0,99.7,0.3,0.0,40.0,40.0,43.4,-110,4.8
2026-04-12 17:36:21,Pasillo de Laboratorio (E),58.6,People,53.1,52.5,53.1,0.0,1.1,98.9,0.0,48.7,52.3,55.9,-97,12.5
2026-04-12 17:38:00,Pasillo Administrativo (E),87.4,Background Noise,56.7,56.7,0.0,0.0,100.0,0.0,0.0,40.0,40.0,40.0,-114,1.2
2026-04-12 17:38:04,Main Lobby (E),51.4,Background Noise,43.3,43.2,43.7,44.6,91.0,8.8,0.2,40.0,42.5,45.5,-102,9.0
2026-04-12 17:38:11,Pasillo de Salones (E),59.6,Background Noise,51.9,51.9,0.0,0.0,100.0,0.0,0.0,46.3,50.0,55.5,-101,8.0
2026-04-12 17:38:42,Salón - Extremo (E),49.8,Background Noise,42.1,42.1,0.0,0.0,100.0,0.0,0.0,40.0,40.0,44.8,-106,7.0
2026-04-12 17:38:47,Salón - Uma (E),68.4,Background Noise,61.7,61.7,61.2,0.0,92.6,7.4,0.0,57.3,60.9,64.3,-115,-6.8
2026-04-12 17:39:12,Pasillo de Laboratorio - Ala Inferior (E),79.3,Background Noise,50.0,50.0,40.0,0.0,99.9,0.1,0.0,40.0,41.3,45.5,-102,-0.8
2026-04-12 17:41:06,Pasillo de Laboratorio - Ala Superior (E),49.6,Background Noise,41.2,41.2,40.0,0.0,99.8,0.3,0.0,40.0,40.0,43.3,-107,8.5
2026-04-12 17:41:21,Pasillo de Laboratorio (E),59.2,People,53.2,51.9,53.2,0.0,1.7,98.3,0.0,48.6,52.3,56.0,-111,8.0
2026-04-12 17:42:58,Pasillo Administrativo (E),85.9,Background Noise,55.3,55.3,0.0,0.0,100.0,0.0,0.0,40.0,40.0,40.0,-112,0.2
2026-04-12 17:43:04,Main Lobby (E),57.7,Background Noise,43.5,43.5,43.7,0.0,94.0,6.0,0.0,40.4,42.8,45.4,-101,9.0
2026-04-12 17:43:11,Pasillo de Salones (E),59.7,Background Noise,51.9,51.9,48.5,0.0,99.9,0.1,0.0,46.5,50.0,55.5,-105,8.2
2026-04-12 17:43:43,Salón - Extremo (E),55.9,Background Noise,42.4,42.4,0.0,0.0,100.0,0.0,0.0,40.0,40.0,45.2,-95,13.5
2026-04-12 17:43:47,Salón - Uma (E),67.9,Background Noise,61.6,61.7,61.2,0.0,92.0,8.0,0.0,57.6,61.0,64.2,-115,-4.8
2026-04-12 17:44:12,Pasillo de Laboratorio - Ala Inferior (E),66.4,Background Noise,44.1,44.1,0.0,0.0,100.0,0.0,0.0,40.0,41.8,46.0,-108,6.3
2026-04-12 17:46:06,Pasillo de Laboratorio - Ala Superior (E),48.7,Background Noise,41.2,41.2,40.0,0.0,99.9,0.1,0.0,40.0,40.0,43.3,-103,11.0
2026-04-12 17:46:21,Pasillo de Laboratorio (E),59.1,People,53.1,51.8,53.1,0.0,1.7,98.3,0.0,48.7,52.2,55.9,-119,-5.8
2026-04-12 17:47:58,Pasillo Administrativo (E),83.7,Background Noise,53.2,53.2,0.0,0.0,100.0,0.0,0.0,40.0,40.0,40.0,-102,8.8
2026-04-12 17:48:05,Main Lobby (E),50.5,Background Noise,44.2,44.2,43.7,0.0,96.7,3.3,0.0,40.5,43.1,46.9,-95,13.3
2026-04-12 17:48:11,Pasillo de Salones (E),59.4,Background Noise,51.8,51.8,49.0,0.0,99.9,0.1,0.0,46.4,49.7,55.5,-103,7.8
2026-04-12 17:48:43,Salón - Extremo (E),53.6,Background Noise,42.2,42.2,0.0,0.0,100.0,0.0,0.0,40.0,40.0,44.7,-107,7.5
2026-04-12 17:48:47,Salón - Uma (E),67.8,Background Noise,61.5,61.6,60.7,0.0,91.7,8.3,0.0,57.3,60.9,64.1,-112,3.2
2026-04-12 17:49:12,Pasillo de Laboratorio - Ala Inferior (E),78.0,Background Noise,48.7,48.7,42.3,0.0,99.9,0.1,0.0,40.0,41.4,45.6,-109,6.0
2026-04-12 17:51:07,Pasillo de Laboratorio - Ala Superior (E),49.1,Background Noise,41.2,41.2,40.0,0.0,99.9,0.1,0.0,40.0,40.0,43.2,-108,6.0
2026-04-12 17:51:21,Pasillo de Laboratorio (E),58.6,People,53.1,51.0,53.1,0.0,1.9,98.1,0.0,48.7,52.2,55.9,-108,8.0
2026-04-12 17:52:58,Pasillo Administrativo (E),85.3,Background Noise,54.7,54.7,0.0,0.0,100.0,0.0,0.0,40.0,40.0,40.0,-102,11.0
2026-04-12 17:53:05,Main Lobby (E),51.0,Background Noise,46.3,46.3,0.0,0.0,100.0,0.0,0.0,44.2,46.1,47.9,-94,13.3
2026-04-12 17:53:11,Pasillo de Salones (E),61.1,Background Noise,51.9,51.9,47.4,0.0,99.9,0.1,0.0,46.2,49.7,55.5,-89,13.5
2026-04-12 17:53:43,Salón - Extremo (E),50.8,Background Noise,42.1,42.1,0.0,0.0,100.0,0.0,0.0,40.0,40.0,44.7,-107,4.0
2026-04-12 17:53:47,Salón - Uma (E),68.6,Background Noise,61.6,61.6,61.3,0.0,91.3,8.7,0.0,57.6,60.9,64.0,-115,-3.2
2026-04-12 17:54:12,Pasillo de Laboratorio - Ala Inferior (E),76.9,Background Noise,48.3,48.3,0.0,0.0,100.0,0.0,0.0,40.0,42.0,45.9,-105,8.5
2026-04-12 17:56:06,Pasillo de Laboratorio - Ala Superior (E),48.5,Background Noise,41.3,41.3,40.8,0.0,99.5,0.5,0.0,40.0,40.0,43.4,-108,7.2
2026-04-12 17:56:21,Pasillo de Laboratorio (E),61.1,People,53.2,51.5,53.3,0.0,2.3,97.7,0.0,48.6,52.3,56.1,-114,0.8
2026-04-12 17:57:58,Pasillo Administrativo (E),82.3,Background Noise,51.8,51.8,0.0,0.0,100.0,0.0,0.0,40.0,40.0,40.0,-103,6.2
2026-04-12 17:58:05,Main Lobby (E),52.5,Background Noise,47.0,47.0,47.7,0.0,99.2,0.8,0.0,44.7,46.7,48.6,-108,6.5
2026-04-12 17:58:11,Pasillo de Salones (E),60.5,Background Noise,52.0,52.0,53.0,0.0,99.5,0.5,0.0,46.1,50.0,55.6,-103,8.0
2026-04-12 17:58:43,Salón - Extremo (E),55.8,Background Noise,42.4,42.4,42.3,40.0,99.6,0.3,0.1,40.0,40.2,45.1,-105,8.5
2026-04-12 17:58:47,Salón - Uma (E),67.9,Background Noise,61.5,61.5,61.1,0.0,92.7,7.3,0.0,57.4,60.8,64.1,-113,3.8
2026-04-12 17:59:13,Pasillo de Laboratorio - Ala Inferior (E),77.8,Background Noise,48.7,48.7,0.0,0.0,100.0,0.0,0.0,40.0,41.6,45.8,-101,3.8
2026-04-12 18:01:06,Pasillo de Laboratorio - Ala Superior (E),48.3,Background Noise,41.2,41.2,0.0,0.0,100.0,0.0,0.0,40.0,40.0,43.2,-98,9.5
2026-04-12 18:01:21,Pasillo de Laboratorio (E),59.3,People,53.1,51.8,53.1,0.0,2.0,98.0,0.0,48.6,52.1,56.0,-117,-4.8
2026-04-12 18:02:58,Pasillo Administrativo (E),85.7,Background Noise,55.1,55.1,0.0,0.0,100.0,0.0,0.0,40.0,40.0,40.0,-105,7.5
2026-04-12 18:03:05,Main Lobby (E),53.7,People,45.5,45.5,47.1,44.2,97.7,2.2,0.1,40.6,45.1,48.1,-96,12.8
2026-04-12 18:03:11,Pasillo de Salones (E),60.3,Background Noise,51.7,51.7,49.3,0.0,99.7,0.3,0.0,46.1,49.7,55.6,-100,8.2
2026-04-12 18:03:43,Salón - Extremo (E),54.5,Background Noise,42.4,42.4,0.0,0.0,100.0,0.0,0.0,40.0,40.2,45.1,-107,7.8
2026-04-12 18:03:47,Salón - Uma (E),69.1,Background Noise,61.6,61.6,61.1,0.0,90.4,9.6,0.0,57.5,60.9,64.0,-114,-7.5
2026-04-12 18:04:13,Pasillo de Laboratorio - Ala Inferior (E),77.3,Background Noise,48.6,48.6,0.0,0.0,100.0,0.0,0.0,40.0,41.9,46.2,-110,4.2
2026-04-12 18:06:06,Pasillo de Laboratorio - Ala Superior (E),47.6,Background Noise,41.0,41.0,0.0,0.0,100.0,0.0,0.0,40.0,40.0,42.8,-111,3.8
2026-04-12 18:06:21,Pasillo de Laboratorio (E),60.6,People,53.3,53.2,53.3,0.0,2.2,97.8,0.0,48.6,52.4,55.9,-121,-9.8
2026-04-12 18:07:58,Pasillo Administrativo (E),86.8,Background Noise,56.1,56.1,0.0,0.0,100.0,0.0,0.0,40.0,40.0,40.0,-100,9.2
2026-04-12 18:08:05,Main Lobby (E),49.9,Background Noise,43.0,43.0,42.4,0.0,97.7,2.2,0.0,40.0,42.5,45.1,-103,9.0
2026-04-12 18:08:12,Pasillo de Salones (E),59.5,Background Noise,52.0,52.0,49.1,0.0,99.8,0.2,0.0,46.5,49.9,55.7,-89,14.0
2026-04-12 18:08:43,Salón - Extremo (E),53.6,Background Noise,42.3,42.3,0.0,0.0,100.0,0.0,0.0,40.0,40.0,45.1,-99,12.3
2026-04-12 18:08:48,Salón - Uma (E),67.3,Background Noise,61.6,61.6,61.3,0.0,93.3,6.7,0.0,57.3,60.8,64.2,-107,8.8
2026-04-12 18:09:13,Pasillo de Laboratorio - Ala Inferior (E),77.7,Background Noise,48.8,48.8,0.0,0.0,100.0,0.0,0.0,40.0,42.1,46.0,-115,3.5
2026-04-12 18:11:06,Pasillo de Laboratorio - Ala Superior (E),47.9,Background Noise,41.2,41.2,45.1,0.0,99.9,0.1,0.0,40.0,40.0,43.2,-104,10.5
2026-04-12 18:11:21,Pasillo de Laboratorio (E),58.6,People,53.0,52.1,53.0,0.0,2.2,97.8,0.0,48.4,52.1,55.7,-119,-1.0
2026-04-12 18:12:58,Pasillo Administrativo (E),83.5,Background Noise,52.9,52.9,0.0,0.0,100.0,0.0,0.0,40.0,40.0,40.0,-98,13.0
2026-04-12 18:13:05,Main Lobby (E),49.8,Background Noise,42.6,42.6,43.6,0.0,98.3,1.7,0.0,40.0,42.1,44.6,-103,6.0
2026-04-12 18:13:12,Pasillo de Salones (E),59.6,Background Noise,51.8,51.8,50.3,0.0,99.9,0.1,0.0,46.3,49.8,55.5,-103,8.5
2026-04-12 18:13:43,Salón - Extremo (E),52.9,Background Noise,42.2,42.2,0.0,0.0,100.0,0.0,0.0,40.0,40.0,45.0,-93,13.3
2026-04-12 18:13:48,Salón - Uma (E),68.7,Background Noise,61.7,61.7,61.3,0.0,91.0,9.0,0.0,57.5,61.0,64.1,-103,10.8
2026-04-12 18:14:13,Pasillo de Laboratorio - Ala Inferior (E),77.4,Background Noise,48.5,48.5,0.0,0.0,100.0,0.0,0.0,40.0,41.3,45.5,-99,11.3
2026-04-12 18:16:06,Pasillo de Laboratorio - Ala Superior (E),48.9,Background Noise,41.1,41.1,0.0,0.0,100.0,0.0,0.0,40.0,40.0,42.9,-111,3.8
2026-04-12 18:16:22,Pasillo de Laboratorio (E),58.8,People,53.0,52.1,53.0,0.0,1.3,98.7,0.0,48.6,52.1,55.8,-97,9.5
2026-04-12 18:17:58,Pasillo Administrativo (E),87.9,Background Noise,57.2,57.2,0.0,0.0,100.0,0.0,0.0,40.0,40.0,40.0,-98,13.0
2026-04-12 18:18:05,Main Lobby (E),53.7,Background Noise,46.1,46.1,46.0,0.0,96.6,3.4,0.0,41.4,46.0,48.3,-119,-5.8
2026-04-12 18:18:12,Pasillo de Salones (E),59.2,Background Noise,51.7,51.7,55.0,0.0,99.9,0.1,0.0,46.3,49.6,55.5,-106,8.0
2026-04-12 18:18:43,Salón - Extremo (E),53.0,Background Noise,42.2,42.2,42.5,0.0,96.0,4.0,0.0,40.0,40.1,44.9,-94,13.5
2026-04-12 18:18:48,Salón - Uma (E),68.4,Background Noise,61.5,61.6,60.9,0.0,91.9,8.1,0.0,57.2,60.8,64.2,-103,2.3
2026-04-12 18:19:13,Pasillo de Laboratorio - Ala Inferior (E),79.3,Background Noise,49.9,49.9,0.0,0.0,100.0,0.0,0.0,40.0,42.0,46.0,-102,9.8
2026-04-12 18:21:06,Pasillo de Laboratorio - Ala Superior (E),48.5,Background Noise,41.1,41.1,0.0,0.0,100.0,0.0,0.0,40.0,40.0,43.1,-110,4.5
2026-04-12 18:21:22,Pasillo de Laboratorio (E),58.1,People,52.8,52.2,52.9,0.0,2.2,97.8,0.0,48.5,51.8,55.8,-98,11.5
2026-04-12 18:23:00,Pasillo Administrativo (E),79.3,Background Noise,49.1,49.1,0.0,0.0,100.0,0.0,0.0,40.0,40.0,40.0,-101,11.5
2026-04-12 18:23:05,Main Lobby (E),52.2,Background Noise,47.0,47.0,46.9,0.0,99.8,0.2,0.0,44.8,46.8,48.7,-102,8.5
2026-04-12 18:23:12,Pasillo de Salones (E),61.9,Background Noise,51.8,51.8,46.8,0.0,99.9,0.1,0.0,46.3,49.8,55.6,-105,8.5
2026-04-12 18:23:43,Salón - Extremo (E),51.1,Background Noise,42.1,42.1,40.5,0.0,99.4,0.6,0.0,40.0,40.0,44.5,-108,5.5
2026-04-12 18:23:48,Salón - Uma (E),68.6,Background Noise,61.6,61.7,61.1,0.0,91.8,8.2,0.0,57.6,61.0,64.1,-107,6.8
2026-04-12 18:24:13,Pasillo de Laboratorio - Ala Inferior (E),76.6,Background Noise,48.0,48.0,0.0,0.0,100.0,0.0,0.0,40.0,41.6,45.8,-107,9.8
2026-04-12 18:26:07,Pasillo de Laboratorio - Ala Superior (E),49.2,Background Noise,41.1,41.1,0.0,0.0,100.0,0.0,0.0,40.0,40.0,43.1,-112,2.5
2026-04-12 18:26:22,Pasillo de Laboratorio (E),61.1,People,53.0,52.6,53.0,0.0,1.8,98.3,0.0,48.6,52.0,55.8,-97,13.0
2026-04-12 18:27:59,Pasillo Administrativo (E),87.6,Background Noise,56.9,56.9,0.0,0.0,100.0,0.0,0.0,40.0,40.0,40.0,-97,13.0
2026-04-12 18:28:06,Main Lobby (E),53.1,Background Noise,47.0,47.0,46.7,0.0,99.6,0.4,0.0,42.6,47.0,48.9,-114,-4.2
2026-04-12 18:28:12,Pasillo de Salones (E),59.0,Background Noise,51.8,51.8,51.9,0.0,99.8,0.2,0.0,46.4,49.8,55.5,-105,7.5
2026-04-12 18:28:44,Salón - Extremo (E),53.1,Background Noise,42.4,42.4,0.0,0.0,100.0,0.0,0.0,40.0,40.1,45.0,-105,8.5
2026-04-12 18:28:48,Salón - Uma (E),68.0,Background Noise,61.6,61.7,61.4,0.0,92.1,7.9,0.0,57.5,61.1,64.2,-117,-3.5
2026-04-12 18:29:13,Pasillo de Laboratorio - Ala Inferior (E),79.4,Background Noise,50.0,50.0,0.0,0.0,100.0,0.0,0.0,40.0,41.5,45.8,-103,9.2
2026-04-12 18:31:07,Pasillo de Laboratorio - Ala Superior (E),47.8,Background Noise,41.0,41.0,0.0,0.0,100.0,0.0,0.0,40.0,40.0,42.9,-104,9.8
2026-04-12 18:31:22,Pasillo de Laboratorio (E),58.7,People,53.1,52.2,53.1,0.0,1.6,98.4,0.0,48.7,52.1,55.9,-114,7.0
2026-04-12 18:32:59,Pasillo Administrativo (E),75.1,Background Noise,45.8,45.8,0.0,0.0,100.0,0.0,0.0,40.0,40.0,40.0,-97,11.0
2026-04-12 18:33:06,Main Lobby (E),50.1,People,43.8,43.5,44.7,46.0,81.7,16.3,2.0,40.6,43.2,46.1,-105,8.5
2026-04-12 18:33:12,Pasillo de Salones (E),60.7,Background Noise,52.0,52.0,0.0,0.0,100.0,0.0,0.0,46.1,49.7,55.8,-111,4.8
2026-04-12 18:33:44,Salón - Extremo (E),55.3,Background Noise,42.1,42.1,0.0,0.0,100.0,0.0,0.0,40.0,40.0,44.7,-106,6.8
2026-04-12 18:33:48,Salón - Uma (E),68.1,Background Noise,61.6,61.6,61.2,0.0,92.2,7.8,0.0,57.6,60.9,64.2,-104,10.5
2026-04-12 18:34:13,Pasillo de Laboratorio - Ala Inferior (E),73.2,Background Noise,46.5,46.5,0.0,0.0,100.0,0.0,0.0,40.0,41.8,45.8,-111,
2026-04-12 18:36:08,Pasillo de Laboratorio - Ala Superior (E),47.8,Background Noise,41.1,41.1,40.0,0.0,99.9,0.1,0.0,40.0,40.0,43.1,-102,10.8
2026-04-12 18:36:22,Pasillo de Laboratorio (E),59.5,People,53.1,52.3,53.1,0.0,1.4,98.6,0.0,48.6,52.0,55.8,-112,6.8
2026-04-12 18:37:59,Pasillo Administrativo (E),88.0,Background Noise,57.3,57.3,0.0,0.0,100.0,0.0,0.0,40.0,40.0,40.0,-97,12.8
2026-04-12 18:38:06,Main Lobby (E),49.8,People,43.4,43.2,45.3,0.0,95.5,4.5,0.0,40.5,42.9,45.5,-103,8.2
2026-04-12 18:38:12,Pasillo de Salones (E),62.0,Background Noise,51.9,51.9,49.1,0.0,99.8,0.3,0.0,46.3,49.8,55.6,-89,13.8
2026-04-12 18:38:44,Salón - Extremo (E),51.5,Background Noise,42.1,42.1,0.0,0.0,100.0,0.0,0.0,40.0,40.0,44.6,-109,4.8
2026-04-12 18:38:48,Salón - Uma (E),68.4,Background Noise,61.5,61.5,61.4,0.0,93.8,6.2,0.0,57.2,60.9,64.0,-104,9.3
2026-04-12 18:39:14,Pasillo de Laboratorio - Ala Inferior (E),79.2,Background Noise,49.8,49.8,0.0,0.0,100.0,0.0,0.0,40.0,41.5,45.7,-107,8.2
2026-04-12 18:41:07,Pasillo de Laboratorio - Ala Superior (E),49.5,Background Noise,41.1,41.1,40.0,0.0,99.9,0.1,0.0,40.0,40.0,42.7,-99,8.2
2026-04-12 18:41:22,Pasillo de Laboratorio (E),58.7,People,53.0,51.1,53.0,0.0,1.5,98.5,0.0,48.6,52.0,55.7,-105,7.8
2026-04-12 18:42:59,Pasillo Administrativo (E),70.1,Background Noise,43.2,43.2,0.0,0.0,100.0,0.0,0.0,40.0,40.0,40.0,-105,8.0
2026-04-12 18:43:06,Main Lobby (E),55.7,Background Noise,45.7,45.1,50.0,0.0,93.7,6.3,0.0,40.3,43.7,48.8,-97,12.8
2026-04-12 18:43:12,Pasillo de Salones (E),60.9,Background Noise,51.9,51.9,50.5,0.0,99.7,0.3,0.0,46.2,49.8,55.6,-89,11.5
2026-04-12 18:43:44,Salón - Extremo (E),50.8,Background Noise,42.2,42.2,0.0,0.0,100.0,0.0,0.0,40.0,40.0,44.8,-97,12.5
2026-04-12 18:43:48,Salón - Uma (E),68.3,Background Noise,61.5,61.5,61.1,0.0,91.9,8.1,0.0,57.2,60.8,64.0,-106,8.5
2026-04-12 18:44:14,Pasillo de Laboratorio - Ala Inferior (E),76.5,Background Noise,48.7,48.7,0.0,0.0,100.0,0.0,0.0,40.0,42.4,47.0,-106,9.0
2026-04-12 18:46:07,Pasillo de Laboratorio - Ala Superior (E),48.4,Background Noise,41.4,41.4,0.0,0.0,100.0,0.0,0.0,40.0,40.0,43.5,-109,6.0
