time,deviceName,laeq_global_dB,dominant_class,dominant_pct,lafmax_dB,lafmax_class,LAeq_common,LAeq_impact,LAeq_rotarytool,LAeq_person,LAeq_vehicle,pct_common,pct_impact,pct_rotarytool,pct_person,pct_vehicle,L10_dB,L50_dB,L90_dB,rssi,snr
2026-09-07 00:00:55,Laboratorios Civil Inferior,46.56,Mixed,69.14,47.21,Group 1 (Common),46.78,46.64,0.0,0.0,0.0,24.52,69.14,0.13,2.78,3.39,47.45,46.58,45.76,-120,-7.0
2026-09-07 00:03:01,Laboratorios Civil Central,62.24,Mixed,52.21,63.27,Group 2 (Impact),61.82,62.17,0.0,0.0,61.97,18.92,52.21,0.04,6.21,22.44,63.16,62.12,61.46,-103,12.2
2026-09-07 00:03:02,Lobby Eléctrica,53.49,Group 1 (Common),88.02,54.37,Group 1 (Common),53.59,0.0,0.0,0.0,0.0,88.02,6.08,2.08,0.69,3.13,54.48,53.25,52.71,-96,12.0
2026-09-07 00:03:08,Laboratorios Eléctrica Superior,20.6,Silence,0.0,22.02,Silence,0.0,0.0,0.0,0.0,0.0,0.0,0.0,0.0,0.0,0.0,21.21,20.62,19.8,-99,10.5
2026-09-07 00:03:11,Pasillo Decanato Civil,20.46,Silence,0.0,21.17,Silence,0.0,0.0,0.0,0.0,0.0,0.0,0.0,0.0,0.0,0.0,21.27,20.41,19.49,-103,8.5
2026-09-07 00:03:14,Lobby Civil,40.3,Silence,0.0,43.72,Silence,0.0,0.0,0.0,0.0,0.0,0.0,0.0,0.0,0.0,0.0,42.2,39.86,39.3,-101,10.8
2026-09-07 00:03:14,Pasillo Salones Eléctrica,30.19,Silence,0.0,30.97,Silence,0.0,0.0,0.0,0.0,0.0,0.0,0.0,0.0,0.0,0.0,30.92,30.24,28.99,-97,12.2
2026-09-07 00:03:17,Laboratorios Eléctrica Centro,27.22,Silence,0.0,28.09,Silence,0.0,0.0,0.0,0.0,0.0,0.0,0.0,0.0,0.0,0.0,28.17,27.14,26.01,-109,5.0
2026-09-07 00:03:19,Pasillo Salones Civil,15.6,Silence,0.0,16.17,Silence,0.0,0.0,0.0,0.0,0.0,0.0,0.0,0.0,0.0,0.0,15.96,15.6,15.19,-107,10.0
2026-09-07 00:03:21,Pasillo Decanato Eléctrica,19.23,Silence,0.0,20.35,Silence,0.0,0.0,0.0,0.0,0.0,0.0,0.0,0.0,0.0,0.0,20.4,19.15,18.18,-117,0.5
2026-09-07 00:03:25,Laboratorios Civil Superior,46.88,Group 1 (Common),71.48,47.31,Group 1 (Common),46.71,0.0,0.0,0.0,0.0,71.48,23.26,0.0,0.61,4.82,47.15,46.77,46.64,-99,11.0
2026-09-07 00:03:30,Salón - Uma Civil,11.45,Silence,0.0,13.61,Silence,0.0,0.0,0.0,0.0,0.0,0.0,0.0,0.0,0.0,0.0,14.57,10.65,9.21,-109,10.2
2026-09-07 00:03:36,Salón - Extremo Civil,14.65,Silence,0.0,17.25,Silence,0.0,0.0,0.0,0.0,0.0,0.0,0.0,0.0,0.0,0.0,17.33,13.52,12.71,-89,11.5
2026-09-07 00:03:45,Salón - Extremo Eléctrica,14.81,Silence,0.0,15.51,Silence,0.0,0.0,0.0,0.0,0.0,0.0,0.0,0.0,0.0,0.0,15.4,14.92,14.16,-91,11.0
2026-09-07 00:03:50,Salón - Uma Eléctrica,43.1,Silence,0.0,43.72,Silence,0.0,0.0,0.0,0.0,0.0,0.0,0.0,0.0,0.0,0.0,43.71,43.02,42.35,-117,-9.8
2026-09-07 00:04:01,Laboratorios Eléctrica Inferior,27.91,Silence,0.0,28.46,Silence,0.0,0.0,0.0,0.0,0.0,0.0,0.0,0.0,0.0,0.0,28.6,27.9,27.33,-107,6.8
2026-09-07 00:08:01,Laboratorios Civil Central,62.76,Mixed,64.54,63.2,Group 2 (Impact),62.72,62.7,0.0,0.0,0.0,11.41,64.54,0.39,6.81,16.67,63.06,62.7,62.27,-115,0.5
2026-09-07 00:08:02,Lobby Eléctrica,29.06,Silence,0.0,30.82,Silence,0.0,0.0,0.0,0.0,0.0,0.0,0.0,0.0,0.0,0.0,31.22,29.02,26.61,-91,13.5
2026-09-07 00:08:08,Laboratorios Eléctrica Superior,13.58,Silence,0.0,14.88,Silence,0.0,0.0,0.0,0.0,0.0,0.0,0.0,0.0,0.0,0.0,14.27,13.51,12.81,-107,8.8
2026-09-07 00:08:11,Pasillo Decanato Civil,21.24,Silence,0.0,22.46,Silence,0.0,0.0,0.0,0.0,0.0,0.0,0.0,0.0,0.0,0.0,21.79,21.29,19.99,-105,10.5
2026-09-07 00:08:14,Lobby Civil,49.41,Mixed,57.86,51.01,Group 1 (Common),49.62,48.98,0.0,0.0,0.0,57.86,21.83,0.87,2.73,16.67,52.08,49.56,47.73,-93,12.2
2026-09-07 00:08:14,Pasillo Salones Eléctrica,29.17,Silence,0.0,30.38,Silence,0.0,0.0,0.0,0.0,0.0,0.0,0.0,0.0,0.0,0.0,30.61,28.63,27.71,-97,12.0
2026-09-07 00:08:17,Laboratorios Eléctrica Centro,16.84,Silence,0.0,17.68,Silence,0.0,0.0,0.0,0.0,0.0,0.0,0.0,0.0,0.0,0.0,17.77,16.37,16.18,-107,8.8
2026-09-07 00:08:19,Pasillo Salones Civil,48.3,Group 2 (Impact),75.83,55.21,Group 5 (Vehicle),0.0,35.53,0.0,0.0,51.45,4.83,75.83,0.0,0.24,18.8,55.92,36.79,26.59,-107,9.8
2026-09-07 00:08:21,Pasillo Decanato Eléctrica,19.66,Silence,0.0,20.59,Silence,0.0,0.0,0.0,0.0,0.0,0.0,0.0,0.0,0.0,0.0,20.32,19.56,18.94,-103,11.5
2026-09-07 00:08:25,Laboratorios Civil Superior,47.09,Mixed,69.75,47.9,Group 1 (Common),47.06,46.99,0.0,0.0,0.0,69.75,25.09,0.0,0.74,4.43,48.12,46.89,46.47,-107,8.5
2026-09-07 00:08:29,Salón - Uma Civil,75.3,Group 5 (Vehicle),85.33,82.14,Group 5 (Vehicle),0.0,0.0,81.27,0.0,76.83,0.04,2.0,9.98,2.47,85.33,81.95,66.53,47.83,-113,2.8
2026-09-07 00:08:36,Salón - Extremo Civil,47.71,Mixed,50.69,51.68,Group 3 (Rotary Tool),0.0,46.36,48.84,0.0,0.0,1.48,50.69,34.11,1.26,12.41,52.2,46.75,35.12,-120,-13.0
2026-09-07 00:08:45,Salón - Extremo Eléctrica,15.12,Silence,0.0,16.03,Silence,0.0,0.0,0.0,0.0,0.0,0.0,0.0,0.0,0.0,0.0,15.87,15.13,14.23,-85,9.2
2026-09-07 00:08:50,Salón - Uma Eléctrica,43.55,Silence,0.0,44.74,Silence,0.0,0.0,0.0,0.0,0.0,0.0,0.0,0.0,0.0,0.0,44.83,43.35,42.74,-117,2.5
2026-09-07 00:09:01,Laboratorios Eléctrica Inferior,26.29,Silence,0.0,26.86,Silence,0.0,0.0,0.0,0.0,0.0,0.0,0.0,0.0,0.0,0.0,27.08,26.07,25.56,-113,8.8
2026-09-07 00:10:55,Laboratorios Civil Inferior,45.9,Group 2 (Impact),79.17,46.49,Group 2 (Impact),46.0,46.01,0.0,0.0,0.0,13.15,79.17,0.22,3.56,3.99,46.47,45.98,45.12,-115,-1.5
2026-09-07 00:13:02,Laboratorios Civil Central,62.63,Mixed,53.56,63.45,Group 1 (Common),63.04,62.5,0.0,0.0,0.0,15.84,53.56,0.3,6.99,23.22,63.62,62.53,61.55,-101,11.5
2026-09-07 00:13:02,Lobby Eléctrica,26.92,Silence,0.0,27.49,Silence,0.0,0.0,0.0,0.0,0.0,0.0,0.0,0.0,0.0,0.0,27.45,26.8,26.34,-93,10.0
2026-09-07 00:13:08,Laboratorios Eléctrica Superior,17.11,Silence,0.0,19.09,Silence,0.0,0.0,0.0,0.0,0.0,0.0,0.0,0.0,0.0,0.0,18.89,17.63,13.78,-96,12.0
2026-09-07 00:13:11,Pasillo Decanato Civil,21.54,Silence,0.0,22.26,Silence,0.0,0.0,0.0,0.0,0.0,0.0,0.0,0.0,0.0,0.0,22.11,21.68,20.95,-101,10.8
2026-09-07 00:13:14,Lobby Civil,44.2,Silence,0.0,45.46,Silence,0.0,0.0,0.0,0.0,0.0,0.0,0.0,0.0,0.0,0.0,45.64,43.85,41.73,-95,9.0
2026-09-07 00:13:14,Pasillo Salones Eléctrica,32.44,Silence,0.0,35.35,Silence,0.0,0.0,0.0,0.0,0.0,0.0,0.0,0.0,0.0,0.0,35.7,30.88,29.88,-99,9.5
2026-09-07 00:13:17,Laboratorios Eléctrica Centro,25.5,Silence,0.0,34.12,Silence,0.0,0.0,0.0,0.0,0.0,0.0,0.0,0.0,0.0,0.0,34.83,20.28,16.24,-115,3.8
2026-09-07 00:13:19,Pasillo Salones Civil,28.56,Silence,0.0,40.31,Silence,0.0,0.0,0.0,0.0,0.0,0.0,0.0,0.0,0.0,0.0,42.76,16.09,14.6,-105,10.0
2026-09-07 00:13:21,Pasillo Decanato Eléctrica,19.6,Silence,0.0,20.56,Silence,0.0,0.0,0.0,0.0,0.0,0.0,0.0,0.0,0.0,0.0,20.71,19.56,18.78,-101,9.2
2026-09-07 00:13:25,Laboratorios Civil Superior,47.74,Group 1 (Common),88.82,48.55,Group 1 (Common),47.56,0.0,0.0,0.0,0.0,88.82,9.77,0.0,0.05,1.27,48.47,47.82,46.83,-107,10.5
2026-09-07 00:13:29,Salón - Uma Civil,30.4,Silence,0.0,43.21,Silence,0.0,0.0,0.0,0.0,0.0,0.0,0.0,0.0,0.0,0.0,36.47,29.71,20.64,-113,4.2
2026-09-07 00:13:36,Salón - Extremo Civil,18.1,Silence,0.0,21.37,Silence,0.0,0.0,0.0,0.0,0.0,0.0,0.0,0.0,0.0,0.0,21.76,16.52,14.33,-84,12.0
2026-09-07 00:13:46,Salón - Extremo Eléctrica,15.36,Silence,0.0,18.63,Silence,0.0,0.0,0.0,0.0,0.0,0.0,0.0,0.0,0.0,0.0,16.24,15.35,14.52,-91,10.5
2026-09-07 00:13:50,Salón - Uma Eléctrica,43.38,Silence,0.0,44.16,Silence,0.0,0.0,0.0,0.0,0.0,0.0,0.0,0.0,0.0,0.0,44.16,43.35,42.86,-113,-5.0
2026-09-07 00:14:01,Laboratorios Eléctrica Inferior,27.71,Silence,0.0,28.46,Silence,0.0,0.0,0.0,0.0,0.0,0.0,0.0,0.0,0.0,0.0,28.33,27.58,27.05,-108,8.2
2026-09-07 00:15:55,Laboratorios Civil Inferior,46.62,Mixed,58.25,47.45,Group 1 (Common),46.96,46.53,0.0,0.0,0.0,35.85,58.25,0.0,1.74,4.04,47.62,46.51,45.77,-120,-9.0
2026-09-07 00:18:01,Laboratorios Civil Central,62.73,Mixed,40.15,63.52,Group 2 (Impact),62.55,62.84,0.0,0.0,62.77,22.87,30.47,0.04,6.51,40.15,63.37,62.65,62.0,-100,10.5
2026-09-07 00:18:02,Lobby Eléctrica,29.85,Silence,0.0,30.53,Silence,0.0,0.0,0.0,0.0,0.0,0.0,0.0,0.0,0.0,0.0,30.39,29.72,29.12,-91,12.2
2026-09-07 00:18:08,Laboratorios Eléctrica Superior,18.82,Silence,0.0,19.89,Silence,0.0,0.0,0.0,0.0,0.0,0.0,0.0,0.0,0.0,0.0,20.03,18.82,18.1,-97,9.0
2026-09-07 00:18:11,Pasillo Decanato Civil,21.33,Silence,0.0,22.47,Silence,0.0,0.0,0.0,0.0,0.0,0.0,0.0,0.0,0.0,0.0,21.7,21.54,20.53,-105,11.5
2026-09-07 00:18:14,Lobby Civil,43.62,Silence,0.0,44.73,Silence,0.0,0.0,0.0,0.0,0.0,0.0,0.0,0.0,0.0,0.0,44.52,43.3,42.09,-99,12.5
2026-09-07 00:18:14,Pasillo Salones Eléctrica,30.09,Silence,0.0,31.12,Silence,0.0,0.0,0.0,0.0,0.0,0.0,0.0,0.0,0.0,0.0,30.89,30.0,29.21,-94,12.5
2026-09-07 00:18:17,Laboratorios Eléctrica Centro,31.8,Silence,0.0,36.54,Silence,0.0,0.0,0.0,0.0,0.0,0.0,0.0,0.0,0.0,0.0,37.22,30.19,24.21,-114,2.8
2026-09-07 00:18:19,Pasillo Salones Civil,16.44,Silence,0.0,27.94,Silence,0.0,0.0,0.0,0.0,0.0,0.0,0.0,0.0,0.0,0.0,20.92,15.37,14.93,-107,11.0
2026-09-07 00:18:21,Pasillo Decanato Eléctrica,19.69,Silence,0.0,20.38,Silence,0.0,0.0,0.0,0.0,0.0,0.0,0.0,0.0,0.0,0.0,20.37,19.75,18.83,-117,-2.2
2026-09-07 00:18:25,Laboratorios Civil Superior,48.35,Group 1 (Common),71.39,48.95,Group 1 (Common),48.05,48.52,0.0,0.0,0.0,71.39,22.07,0.0,0.88,5.76,49.33,48.23,47.57,-103,4.0
2026-09-07 00:18:29,Salón - Uma Civil,20.21,Silence,0.0,22.88,Silence,0.0,0.0,0.0,0.0,0.0,0.0,0.0,0.0,0.0,0.0,24.36,20.77,14.59,-111,11.5
2026-09-07 00:18:36,Salón - Extremo Civil,13.82,Silence,0.0,14.79,Silence,0.0,0.0,0.0,0.0,0.0,0.0,0.0,0.0,0.0,0.0,14.43,13.91,13.27,-96,12.8
2026-09-07 00:18:46,Salón - Extremo Eléctrica,14.71,Silence,0.0,15.44,Silence,0.0,0.0,0.0,0.0,0.0,0.0,0.0,0.0,0.0,0.0,15.26,14.77,13.72,-81,10.5
2026-09-07 00:18:50,Salón - Uma Eléctrica,43.28,Silence,0.0,43.97,Silence,0.0,0.0,0.0,0.0,0.0,0.0,0.0,0.0,0.0,0.0,43.94,43.37,42.29,-115,3.0
2026-09-07 00:19:01,Laboratorios Eléctrica Inferior,29.8,Silence,0.0,30.34,Silence,0.0,0.0,0.0,0.0,0.0,0.0,0.0,0.0,0.0,0.0,30.69,29.91,29.14,-107,10.5
2026-09-07 00:20:55,Laboratorios Civil Inferior,46.63,Mixed,63.24,47.23,Group 2 (Impact),46.67,46.32,0.0,0.0,0.0,29.3,63.24,0.13,2.86,4.56,47.11,46.68,45.98,-120,-6.2
2026-09-07 00:23:02,Laboratorios Civil Central,62.79,Group 2 (Impact),73.18,63.59,Group 2 (Impact),0.0,62.89,0.0,0.0,0.0,6.47,73.18,0.13,5.25,14.93,63.74,62.43,61.93,-99,9.5
2026-09-07 00:23:02,Lobby Eléctrica,25.99,Silence,0.0,26.85,Silence,0.0,0.0,0.0,0.0,0.0,0.0,0.0,0.0,0.0,0.0,26.94,25.94,25.21,-90,11.5
2026-09-07 00:23:08,Laboratorios Eléctrica Superior,13.86,Silence,0.0,14.54,Silence,0.0,0.0,0.0,0.0,0.0,0.0,0.0,0.0,0.0,0.0,14.33,13.96,13.47,-91,12.5
2026-09-07 00:23:11,Pasillo Decanato Civil,22.21,Silence,0.0,24.24,Silence,0.0,0.0,0.0,0.0,0.0,0.0,0.0,0.0,0.0,0.0,23.44,22.02,21.25,-101,12.5
2026-09-07 00:23:14,Lobby Civil,52.8,Group 2 (Impact),89.37,54.95,Group 2 (Impact),0.0,53.28,0.0,0.0,0.0,0.0,89.37,1.65,0.35,8.64,55.56,52.21,49.37,-99,13.0
2026-09-07 00:23:14,Pasillo Salones Eléctrica,30.12,Silence,0.0,31.16,Silence,0.0,0.0,0.0,0.0,0.0,0.0,0.0,0.0,0.0,0.0,31.04,30.39,28.63,-94,12.8
2026-09-07 00:23:17,Laboratorios Eléctrica Centro,17.52,Silence,0.0,18.3,Silence,0.0,0.0,0.0,0.0,0.0,0.0,0.0,0.0,0.0,0.0,18.21,17.69,16.58,-109,4.2
2026-09-07 00:23:19,Pasillo Salones Civil,36.18,Silence,0.0,40.58,Silence,0.0,0.0,0.0,0.0,0.0,0.0,0.0,0.0,0.0,0.0,40.34,37.56,22.13,-96,12.8
2026-09-07 00:23:21,Pasillo Decanato Eléctrica,19.46,Silence,0.0,20.86,Silence,0.0,0.0,0.0,0.0,0.0,0.0,0.0,0.0,0.0,0.0,20.58,19.23,18.7,-103,12.0
2026-09-07 00:23:25,Laboratorios Civil Superior,47.48,Group 1 (Common),79.51,48.32,Group 1 (Common),47.44,0.0,0.0,0.0,0.0,79.51,16.15,0.0,1.13,3.39,48.66,47.4,46.8,-111,7.0
2026-09-07 00:23:29,Salón - Uma Civil,40.73,Silence,0.0,51.16,Silence,0.0,0.0,0.0,0.0,0.0,0.0,0.0,0.0,0.0,0.0,52.72,20.36,15.77,-107,11.0
2026-09-07 00:23:36,Salón - Extremo Civil,35.26,Silence,0.0,39.13,Silence,0.0,0.0,0.0,0.0,0.0,0.0,0.0,0.0,0.0,0.0,40.22,34.48,19.99,-87,13.5
2026-09-07 00:23:46,Salón - Extremo Eléctrica,32.76,Silence,0.0,46.39,Silence,0.0,0.0,0.0,0.0,0.0,0.0,0.0,0.0,0.0,0.0,43.64,23.34,15.44,-81,10.2
2026-09-07 00:23:50,Salón - Uma Eléctrica,44.01,Silence,0.0,45.09,Silence,0.0,0.0,0.0,0.0,0.0,0.0,0.0,0.0,0.0,0.0,45.21,43.9,42.94,-114,5.5
2026-09-07 00:24:01,Laboratorios Eléctrica Inferior,28.21,Silence,0.0,29.28,Silence,0.0,0.0,0.0,0.0,0.0,0.0,0.0,0.0,0.0,0.0,29.21,28.6,26.54,-119,-4.8
2026-09-07 00:25:55,Laboratorios Civil Inferior,46.22,Mixed,56.59,46.81,Group 1 (Common),46.41,46.33,0.0,0.0,0.0,36.87,56.59,0.0,2.54,3.86,46.66,46.38,45.5,-115,0.2
2026-09-07 00:28:02,Laboratorios Civil Central,63.07,Mixed,36.33,63.79,Group 2 (Impact),62.95,63.13,0.0,0.0,62.81,24.13,33.2,0.13,5.82,36.33,63.92,62.87,62.11,-103,12.0
2026-09-07 00:28:02,Lobby Eléctrica,27.28,Silence,0.0,28.17,Silence,0.0,0.0,0.0,0.0,0.0,0.0,0.0,0.0,0.0,0.0,28.16,27.12,26.7,-107,6.2
2026-09-07 00:28:08,Laboratorios Eléctrica Superior,14.78,Silence,0.0,18.13,Silence,0.0,0.0,0.0,0.0,0.0,0.0,0.0,0.0,0.0,0.0,19.42,14.2,12.91,-94,12.0
2026-09-07 00:28:11,Pasillo Decanato Civil,22.03,Silence,0.0,22.73,Silence,0.0,0.0,0.0,0.0,0.0,0.0,0.0,0.0,0.0,0.0,22.95,21.87,21.01,-99,6.8
2026-09-07 00:28:14,Lobby Civil,52.72,Mixed,48.13,55.97,Group 3 (Rotary Tool),0.0,53.22,53.4,0.0,0.0,0.0,45.1,48.13,0.09,6.64,55.81,52.09,49.32,-96,11.5
2026-09-07 00:28:14,Pasillo Salones Eléctrica,29.37,Silence,0.0,30.41,Silence,0.0,0.0,0.0,0.0,0.0,0.0,0.0,0.0,0.0,0.0,30.03,29.55,28.32,-102,10.0
2026-09-07 00:28:17,Laboratorios Eléctrica Centro,17.12,Silence,0.0,25.23,Silence,0.0,0.0,0.0,0.0,0.0,0.0,0.0,0.0,0.0,0.0,18.86,17.14,16.1,-107,9.0
2026-09-07 00:28:19,Pasillo Salones Civil,16.18,Silence,0.0,17.37,Silence,0.0,0.0,0.0,0.0,0.0,0.0,0.0,0.0,0.0,0.0,17.5,16.05,15.6,-107,6.2
2026-09-07 00:28:21,Pasillo Decanato Eléctrica,19.71,Silence,0.0,20.35,Silence,0.0,0.0,0.0,0.0,0.0,0.0,0.0,0.0,0.0,0.0,20.47,19.71,19.26,-105,12.0
2026-09-07 00:28:25,Laboratorios Civil Superior,47.11,Group 1 (Common),76.13,47.69,Group 1 (Common),47.0,0.0,0.0,0.0,0.0,76.13,15.28,0.0,0.56,8.07,47.63,46.99,46.5,-113,5.5
2026-09-07 00:28:29,Salón - Uma Civil,10.01,Silence,0.0,10.84,Silence,0.0,0.0,0.0,0.0,0.0,0.0,0.0,0.0,0.0,0.0,10.55,10.14,9.27,-103,11.0
2026-09-07 00:28:36,Salón - Extremo Civil,13.81,Silence,0.0,14.52,Silence,0.0,0.0,0.0,0.0,0.0,0.0,0.0,0.0,0.0,0.0,14.42,13.76,13.33,-84,12.8
2026-09-07 00:28:46,Salón - Extremo Eléctrica,14.74,Silence,0.0,15.54,Silence,0.0,0.0,0.0,0.0,0.0,0.0,0.0,0.0,0.0,0.0,15.57,14.77,13.66,-91,10.8
2026-09-07 00:28:50,Salón - Uma Eléctrica,43.63,Silence,0.0,45.42,Silence,0.0,0.0,0.0,0.0,0.0,0.0,0.0,0.0,0.0,0.0,44.43,43.68,43.0,-113,5.2
2026-09-07 00:29:01,Laboratorios Eléctrica Inferior,27.74,Silence,0.0,28.65,Silence,0.0,0.0,0.0,0.0,0.0,0.0,0.0,0.0,0.0,0.0,28.43,27.65,27.3,-111,7.0
2026-09-07 00:30:55,Laboratorios Civil Inferior,46.38,Mixed,51.87,47.05,Group 2 (Impact),46.42,46.56,0.0,0.0,0.0,41.75,51.87,0.04,2.78,3.6,47.42,46.49,45.3,-121,-11.8
2026-09-07 00:33:02,Laboratorios Civil Central,63.13,Mixed,54.69,63.47,Group 1 (Common),63.01,63.04,0.0,0.0,0.0,21.53,54.69,0.04,6.42,17.23,63.48,63.2,62.64,-100,11.5
2026-09-07 00:33:02,Lobby Eléctrica,27.54,Silence,0.0,28.05,Silence,0.0,0.0,0.0,0.0,0.0,0.0,0.0,0.0,0.0,0.0,28.18,27.54,27.03,-105,11.2
2026-09-07 00:33:08,Laboratorios Eléctrica Superior,18.87,Silence,0.0,19.87,Silence,0.0,0.0,0.0,0.0,0.0,0.0,0.0,0.0,0.0,0.0,20.32,18.65,17.91,-94,9.5
2026-09-07 00:33:11,Pasillo Decanato Civil,21.91,Silence,0.0,23.0,Silence,0.0,0.0,0.0,0.0,0.0,0.0,0.0,0.0,0.0,0.0,22.99,21.74,21.24,-103,10.0
2026-09-07 00:33:14,Lobby Civil,45.4,Mixed,48.48,49.72,Group 5 (Vehicle),0.0,43.08,0.0,0.0,48.29,6.38,48.48,2.0,0.43,42.53,50.51,43.76,40.15,-103,12.8
2026-09-07 00:33:14,Pasillo Salones Eléctrica,34.96,Silence,0.0,39.55,Silence,0.0,0.0,0.0,0.0,0.0,0.0,0.0,0.0,0.0,0.0,40.4,32.66,29.88,-101,13.0
2026-09-07 00:33:17,Laboratorios Eléctrica Centro,34.8,Silence,0.0,37.89,Silence,0.0,0.0,0.0,0.0,0.0,0.0,0.0,0.0,0.0,0.0,38.24,35.49,25.4,-111,4.0
2026-09-07 00:33:19,Pasillo Salones Civil,15.44,Silence,0.0,17.14,Silence,0.0,0.0,0.0,0.0,0.0,0.0,0.0,0.0,0.0,0.0,16.62,15.29,14.79,-107,10.8
2026-09-07 00:33:21,Pasillo Decanato Eléctrica,19.39,Silence,0.0,20.24,Silence,0.0,0.0,0.0,0.0,0.0,0.0,0.0,0.0,0.0,0.0,19.89,19.64,18.53,-117,-7.2
2026-09-07 00:33:25,Laboratorios Civil Superior,46.96,Group 1 (Common),74.39,47.69,Group 1 (Common),46.93,47.12,0.0,0.0,0.0,74.39,22.18,0.0,0.35,2.99,47.81,46.83,46.01,-101,10.8
2026-09-07 00:33:29,Salón - Uma Civil,24.59,Silence,0.0,31.12,Silence,0.0,0.0,0.0,0.0,0.0,0.0,0.0,0.0,0.0,0.0,32.01,20.9,9.01,-109,9.2
2026-09-07 00:33:36,Salón - Extremo Civil,13.69,Silence,0.0,14.36,Silence,0.0,0.0,0.0,0.0,0.0,0.0,0.0,0.0,0.0,0.0,14.33,13.56,13.26,-87,9.2
2026-09-07 00:33:46,Salón - Extremo Eléctrica,23.86,Silence,0.0,35.72,Silence,0.0,0.0,0.0,0.0,0.0,0.0,0.0,0.0,0.0,0.0,33.9,19.3,14.91,-93,9.5
2026-09-07 00:33:50,Salón - Uma Eléctrica,43.61,Silence,0.0,44.14,Silence,0.0,0.0,0.0,0.0,0.0,0.0,0.0,0.0,0.0,0.0,44.07,43.59,43.16,-114,6.0
2026-09-07 00:34:01,Laboratorios Eléctrica Inferior,28.38,Silence,0.0,29.09,Silence,0.0,0.0,0.0,0.0,0.0,0.0,0.0,0.0,0.0,0.0,28.98,28.41,27.68,-120,-8.8
2026-09-07 00:35:55,Laboratorios Civil Inferior,45.83,Group 2 (Impact),75.35,46.63,Group 2 (Impact),45.79,45.98,0.0,0.0,0.0,14.76,75.35,0.04,3.26,6.55,46.44,45.79,45.33,-115,0.2
2026-09-07 00:38:02,Laboratorios Civil Central,62.76,Mixed,40.8,63.46,Group 2 (Impact),62.68,62.69,0.0,0.0,62.42,18.27,40.8,0.3,8.94,31.6,63.83,62.79,61.76,-101,11.8
2026-09-07 00:38:02,Lobby Eléctrica,27.68,Silence,0.0,28.81,Silence,0.0,0.0,0.0,0.0,0.0,0.0,0.0,0.0,0.0,0.0,28.96,27.65,26.34,-107,8.8
2026-09-07 00:38:08,Laboratorios Eléctrica Superior,12.63,Silence,0.0,13.42,Silence,0.0,0.0,0.0,0.0,0.0,0.0,0.0,0.0,0.0,0.0,13.31,12.72,11.94,-96,12.8
2026-09-07 00:38:11,Pasillo Decanato Civil,21.76,Silence,0.0,22.68,Silence,0.0,0.0,0.0,0.0,0.0,0.0,0.0,0.0,0.0,0.0,22.9,21.65,20.54,-105,11.5
2026-09-07 00:38:14,Lobby Civil,48.0,Mixed,44.88,51.38,Group 5 (Vehicle),45.19,47.08,0.0,0.0,48.28,17.62,34.2,0.87,2.52,44.88,51.39,47.04,43.37,-97,11.5
2026-09-07 00:38:14,Pasillo Salones Eléctrica,59.94,Mixed,43.62,62.33,Group 1 (Common),61.48,58.55,60.89,59.31,0.0,43.62,37.28,7.16,9.72,2.26,61.26,60.73,56.66,-107,10.0
2026-09-07 00:38:17,Laboratorios Eléctrica Centro,15.92,Silence,0.0,16.76,Silence,0.0,0.0,0.0,0.0,0.0,0.0,0.0,0.0,0.0,0.0,16.88,15.87,15.14,-113,2.8
2026-09-07 00:38:19,Pasillo Salones Civil,16.41,Silence,0.0,19.2,Silence,0.0,0.0,0.0,0.0,0.0,0.0,0.0,0.0,0.0,0.0,19.65,15.69,14.74,-97,12.2
2026-09-07 00:38:21,Pasillo Decanato Eléctrica,19.63,Silence,0.0,20.32,Silence,0.0,0.0,0.0,0.0,0.0,0.0,0.0,0.0,0.0,0.0,20.33,19.71,18.73,-103,11.5
2026-09-07 00:38:25,Laboratorios Civil Superior,47.3,Group 1 (Common),70.96,48.89,Group 1 (Common),47.25,46.9,0.0,0.0,0.0,70.96,23.31,0.0,0.78,4.82,49.0,47.26,45.91,-101,10.2
2026-09-07 00:38:29,Salón - Uma Civil,9.38,Silence,0.0,10.05,Silence,0.0,0.0,0.0,0.0,0.0,0.0,0.0,0.0,0.0,0.0,9.97,9.3,8.69,-105,9.5
2026-09-07 00:38:36,Salón - Extremo Civil,22.06,Silence,0.0,38.6,Silence,0.0,0.0,0.0,0.0,0.0,0.0,0.0,0.0,0.0,0.0,31.1,15.7,13.26,-96,13.0
2026-09-07 00:38:46,Salón - Extremo Eléctrica,19.23,Silence,0.0,23.5,Silence,0.0,0.0,0.0,0.0,0.0,0.0,0.0,0.0,0.0,0.0,24.95,16.57,14.3,-84,10.0
2026-09-07 00:38:50,Salón - Uma Eléctrica,43.28,Silence,0.0,43.93,Silence,0.0,0.0,0.0,0.0,0.0,0.0,0.0,0.0,0.0,0.0,44.05,43.12,42.76,-115,4.8
2026-09-07 00:39:01,Laboratorios Eléctrica Inferior,27.19,Silence,0.0,28.57,Silence,0.0,0.0,0.0,0.0,0.0,0.0,0.0,0.0,0.0,0.0,28.41,27.0,25.56,-120,-5.8
2026-09-07 00:40:55,Laboratorios Civil Inferior,46.49,Mixed,54.04,47.55,Group 1 (Common),46.75,46.56,0.0,0.0,0.0,38.67,54.04,0.0,2.95,4.3,47.41,46.43,45.58,-111,-8.0
2026-09-07 00:43:02,Laboratorios Civil Central,50.32,Mixed,56.73,51.23,Group 1 (Common),49.87,0.0,0.0,0.0,50.23,56.73,0.0,0.0,0.0,43.19,51.06,50.46,49.34,-113,3.0
2026-09-07 00:43:02,Lobby Eléctrica,26.73,Silence,0.0,28.45,Silence,0.0,0.0,0.0,0.0,0.0,0.0,0.0,0.0,0.0,0.0,28.33,26.8,23.82,-111,4.2
2026-09-07 00:43:08,Laboratorios Eléctrica Superior,14.62,Silence,0.0,18.37,Silence,0.0,0.0,0.0,0.0,0.0,0.0,0.0,0.0,0.0,0.0,18.54,13.29,12.03,-97,13.0
2026-09-07 00:43:11,Pasillo Decanato Civil,28.12,Silence,0.0,34.07,Silence,0.0,0.0,0.0,0.0,0.0,0.0,0.0,0.0,0.0,0.0,34.8,23.79,21.6,-107,10.2
2026-09-07 00:43:14,Lobby Civil,70.66,Mixed,35.85,76.03,Group 5 (Vehicle),0.0,50.5,69.45,0.0,73.64,0.04,28.73,28.39,6.99,35.85,77.31,60.0,43.53,-97,8.8
2026-09-07 00:43:14,Pasillo Salones Eléctrica,36.13,Silence,0.0,44.28,Silence,0.0,0.0,0.0,0.0,0.0,0.0,0.0,0.0,0.0,0.0,46.01,31.01,29.7,-95,12.8
2026-09-07 00:43:17,Laboratorios Eléctrica Centro,28.57,Silence,0.0,34.85,Silence,0.0,0.0,0.0,0.0,0.0,0.0,0.0,0.0,0.0,0.0,34.67,24.84,16.74,-111,6.0
2026-09-07 00:43:19,Pasillo Salones Civil,28.16,Silence,0.0,31.52,Silence,0.0,0.0,0.0,0.0,0.0,0.0,0.0,0.0,0.0,0.0,31.91,28.09,20.53,-109,5.8
2026-09-07 00:43:21,Pasillo Decanato Eléctrica,20.0,Silence,0.0,20.72,Silence,0.0,0.0,0.0,0.0,0.0,0.0,0.0,0.0,0.0,0.0,20.82,20.07,18.63,-103,12.0
2026-09-07 00:43:25,Laboratorios Civil Superior,30.57,Silence,0.0,32.94,Silence,0.0,0.0,0.0,0.0,0.0,0.0,0.0,0.0,0.0,0.0,33.43,30.3,28.3,-106,9.2
2026-09-07 00:43:29,Salón - Uma Civil,9.48,Silence,0.0,10.1,Silence,0.0,0.0,0.0,0.0,0.0,0.0,0.0,0.0,0.0,0.0,9.83,9.45,8.99,-101,11.2
2026-09-07 00:43:36,Salón - Extremo Civil,13.41,Silence,0.0,14.19,Silence,0.0,0.0,0.0,0.0,0.0,0.0,0.0,0.0,0.0,0.0,14.1,13.24,13.11,-87,12.8
2026-09-07 00:43:46,Salón - Extremo Eléctrica,17.64,Silence,0.0,22.8,Silence,0.0,0.0,0.0,0.0,0.0,0.0,0.0,0.0,0.0,0.0,22.41,16.56,15.6,-91,10.5
2026-09-07 00:43:50,Salón - Uma Eléctrica,43.35,Silence,0.0,44.01,Silence,0.0,0.0,0.0,0.0,0.0,0.0,0.0,0.0,0.0,0.0,44.13,43.19,42.45,-112,5.2
2026-09-07 00:44:01,Laboratorios Eléctrica Inferior,26.08,Silence,0.0,27.01,Silence,0.0,0.0,0.0,0.0,0.0,0.0,0.0,0.0,0.0,0.0,26.59,25.97,25.66,-119,-3.5
2026-09-07 00:45:55,Laboratorios Civil Inferior,41.0,Silence,0.0,41.96,Silence,0.0,0.0,0.0,0.0,0.0,0.0,0.0,0.0,0.0,0.0,42.11,41.17,40.08,-121,-11.0
2026-09-07 00:48:02,Laboratorios Civil Central,50.26,Mixed,62.59,52.62,Group 1 (Common),50.56,0.0,0.0,0.0,52.13,62.59,0.0,0.0,0.0,37.28,52.8,49.79,48.42,-99,11.5
2026-09-07 00:48:02,Lobby Eléctrica,29.89,Silence,0.0,31.12,Silence,0.0,0.0,0.0,0.0,0.0,0.0,0.0,0.0,0.0,0.0,31.12,30.03,27.96,-94,12.2
2026-09-07 00:48:08,Laboratorios Eléctrica Superior,22.11,Silence,0.0,23.09,Silence,0.0,0.0,0.0,0.0,0.0,0.0,0.0,0.0,0.0,0.0,22.97,21.79,20.86,-109,6.8
2026-09-07 00:48:11,Pasillo Decanato Civil,20.03,Silence,0.0,20.88,Silence,0.0,0.0,0.0,0.0,0.0,0.0,0.0,0.0,0.0,0.0,20.7,20.12,19.0,-99,9.2
2026-09-07 00:48:14,Lobby Civil,54.93,Mixed,55.64,57.56,Group 5 (Vehicle),0.0,54.41,0.0,0.0,54.88,0.04,43.4,0.95,0.0,55.64,58.16,54.41,50.4,-97,13.0
2026-09-07 00:48:14,Pasillo Salones Eléctrica,34.96,Silence,0.0,46.36,Silence,0.0,0.0,0.0,0.0,0.0,0.0,0.0,0.0,0.0,0.0,37.93,34.85,30.56,-97,8.5
2026-09-07 00:48:17,Laboratorios Eléctrica Centro,28.94,Silence,0.0,33.68,Silence,0.0,0.0,0.0,0.0,0.0,0.0,0.0,0.0,0.0,0.0,34.98,25.69,24.47,-105,11.2
2026-09-07 00:48:19,Pasillo Salones Civil,15.85,Silence,0.0,16.54,Silence,0.0,0.0,0.0,0.0,0.0,0.0,0.0,0.0,0.0,0.0,16.57,15.95,15.17,-113,5.0
2026-09-07 00:48:21,Pasillo Decanato Eléctrica,19.34,Silence,0.0,19.97,Silence,0.0,0.0,0.0,0.0,0.0,0.0,0.0,0.0,0.0,0.0,20.23,19.08,18.76,-103,11.8
2026-09-07 00:48:25,Laboratorios Civil Superior,32.01,Silence,0.0,34.12,Silence,0.0,0.0,0.0,0.0,0.0,0.0,0.0,0.0,0.0,0.0,34.29,31.75,30.5,-107,9.5
2026-09-07 00:48:29,Salón - Uma Civil,9.67,Silence,0.0,10.11,Silence,0.0,0.0,0.0,0.0,0.0,0.0,0.0,0.0,0.0,0.0,10.14,9.61,9.25,-109,11.0
2026-09-07 00:48:37,Salón - Extremo Civil,13.88,Silence,0.0,14.43,Silence,0.0,0.0,0.0,0.0,0.0,0.0,0.0,0.0,0.0,0.0,14.41,13.96,13.09,-97,9.5
2026-09-07 00:48:46,Salón - Extremo Eléctrica,14.88,Silence,0.0,15.53,Silence,0.0,0.0,0.0,0.0,0.0,0.0,0.0,0.0,0.0,0.0,15.32,14.92,14.11,-85,10.0
2026-09-07 00:48:50,Salón - Uma Eléctrica,43.55,Silence,0.0,44.34,Silence,0.0,0.0,0.0,0.0,0.0,0.0,0.0,0.0,0.0,0.0,44.3,43.55,42.42,-113,6.8
2026-09-07 00:49:01,Laboratorios Eléctrica Inferior,27.13,Silence,0.0,27.65,Silence,0.0,0.0,0.0,0.0,0.0,0.0,0.0,0.0,0.0,0.0,27.66,27.02,26.67,-105,9.0
2026-09-07 00:50:55,Laboratorios Civil Inferior,40.43,Silence,0.0,41.61,Silence,0.0,0.0,0.0,0.0,0.0,0.0,0.0,0.0,0.0,0.0,42.18,40.73,39.14,-114,3.8
2026-09-07 00:53:02,Laboratorios Civil Central,50.52,Mixed,56.25,52.25,Group 1 (Common),49.8,0.0,0.0,0.0,50.12,56.25,0.0,0.0,0.0,43.75,52.62,50.16,48.17,-117,-1.5
2026-09-07 00:53:02,Lobby Eléctrica,25.22,Silence,0.0,25.95,Silence,0.0,0.0,0.0,0.0,0.0,0.0,0.0,0.0,0.0,0.0,25.64,25.35,24.64,-95,12.5
2026-09-07 00:53:08,Laboratorios Eléctrica Superior,16.38,Silence,0.0,18.0,Silence,0.0,0.0,0.0,0.0,0.0,0.0,0.0,0.0,0.0,0.0,17.69,16.54,14.09,-106,8.2
2026-09-07 00:53:11,Pasillo Decanato Civil,19.87,Silence,0.0,20.69,Silence,0.0,0.0,0.0,0.0,0.0,0.0,0.0,0.0,0.0,0.0,20.76,19.65,18.95,-99,13.0
2026-09-07 00:53:14,Lobby Civil,39.07,Silence,0.0,39.83,Silence,0.0,0.0,0.0,0.0,0.0,0.0,0.0,0.0,0.0,0.0,39.86,39.03,37.56,-96,12.0
2026-09-07 00:53:15,Pasillo Salones Eléctrica,30.62,Silence,0.0,35.24,Silence,0.0,0.0,0.0,0.0,0.0,0.0,0.0,0.0,0.0,0.0,36.69,29.28,28.28,-103,12.2
2026-09-07 00:53:17,Laboratorios Eléctrica Centro,29.21,Silence,0.0,34.35,Silence,0.0,0.0,0.0,0.0,0.0,0.0,0.0,0.0,0.0,0.0,34.87,30.07,15.05,-113,8.5
2026-09-07 00:53:19,Pasillo Salones Civil,16.28,Silence,0.0,16.9,Silence,0.0,0.0,0.0,0.0,0.0,0.0,0.0,0.0,0.0,0.0,16.91,16.08,15.68,-99,12.8
2026-09-07 00:53:21,Pasillo Decanato Eléctrica,20.58,Silence,0.0,21.49,Silence,0.0,0.0,0.0,0.0,0.0,0.0,0.0,0.0,0.0,0.0,21.72,20.39,19.77,-119,-6.8
2026-09-07 00:53:25,Laboratorios Civil Superior,30.59,Silence,0.0,32.17,Silence,0.0,0.0,0.0,0.0,0.0,0.0,0.0,0.0,0.0,0.0,31.98,30.62,28.64,-108,7.2
2026-09-07 00:53:29,Salón - Uma Civil,13.31,Silence,0.0,14.27,Silence,0.0,0.0,0.0,0.0,0.0,0.0,0.0,0.0,0.0,0.0,14.38,13.31,12.0,-103,11.5
2026-09-07 00:53:36,Salón - Extremo Civil,16.1,Silence,0.0,19.88,Silence,0.0,0.0,0.0,0.0,0.0,0.0,0.0,0.0,0.0,0.0,20.92,14.7,13.5,-89,12.8
2026-09-07 00:53:46,Salón - Extremo Eléctrica,14.92,Silence,0.0,18.67,Silence,0.0,0.0,0.0,0.0,0.0,0.0,0.0,0.0,0.0,0.0,16.85,14.6,13.79,-91,7.8
2026-09-07 00:53:50,Salón - Uma Eléctrica,42.92,Silence,0.0,43.93,Silence,0.0,0.0,0.0,0.0,0.0,0.0,0.0,0.0,0.0,0.0,43.72,42.94,42.49,-115,4.5
2026-09-07 00:54:01,Laboratorios Eléctrica Inferior,26.19,Silence,0.0,27.4,Silence,0.0,0.0,0.0,0.0,0.0,0.0,0.0,0.0,0.0,0.0,26.7,26.25,25.34,-118,-1.5
2026-09-07 00:55:55,Laboratorios Civil Inferior,40.42,Silence,0.0,41.42,Silence,0.0,0.0,0.0,0.0,0.0,0.0,0.0,0.0,0.0,0.0,41.4,40.17,39.73,-117,
2026-09-07 00:58:02,Laboratorios Civil Central,51.08,Group 1 (Common),81.01,53.65,Group 1 (Common),51.67,0.0,0.0,0.0,0.0,81.01,0.1,1.51,0.1,17.14,54.07,51.18,47.36,-103,11.5
2026-09-07 00:58:02,Lobby Eléctrica,26.02,Silence,0.0,26.65,Silence,0.0,0.0,0.0,0.0,0.0,0.0,0.0,0.0,0.0,0.0,26.8,25.75,25.38,-108,9.2
2026-09-07 00:58:08,Laboratorios Eléctrica Superior,15.05,Silence,0.0,17.4,Silence,0.0,0.0,0.0,0.0,0.0,0.0,0.0,0.0,0.0,0.0,16.98,14.59,13.53,-107,10.2
2026-09-07 00:58:11,Pasillo Decanato Civil,21.2,Silence,0.0,23.57,Silence,0.0,0.0,0.0,0.0,0.0,0.0,0.0,0.0,0.0,0.0,24.51,20.71,18.56,-109,9.0
2026-09-07 00:58:14,Lobby Civil,41.16,Silence,0.0,45.25,Silence,0.0,0.0,0.0,0.0,0.0,0.0,0.0,0.0,0.0,0.0,45.78,39.18,37.16,-95,8.5
2026-09-07 00:58:14,Pasillo Salones Eléctrica,29.89,Silence,0.0,31.29,Silence,0.0,0.0,0.0,0.0,0.0,0.0,0.0,0.0,0.0,0.0,31.06,29.73,28.72,-93,11.8
2026-09-07 00:58:17,Laboratorios Eléctrica Centro,13.89,Silence,0.0,14.96,Silence,0.0,0.0,0.0,0.0,0.0,0.0,0.0,0.0,0.0,0.0,15.0,13.72,13.37,-115,
2026-09-07 00:58:19,Pasillo Salones Civil,51.91,Mixed,33.06,55.27,Group 1 (Common),53.58,0.0,50.03,50.09,52.92,33.06,5.47,24.32,14.84,22.27,56.11,50.64,48.64,-101,12.8
2026-09-07 00:58:21,Pasillo Decanato Eléctrica,19.36,Silence,0.0,20.45,Silence,0.0,0.0,0.0,0.0,0.0,0.0,0.0,0.0,0.0,0.0,19.8,19.48,18.77,-118,-8.5
2026-09-07 00:58:25,Laboratorios Civil Superior,29.83,Silence,0.0,31.33,Silence,0.0,0.0,0.0,0.0,0.0,0.0,0.0,0.0,0.0,0.0,31.49,29.4,27.87,-107,10.0
2026-09-07 00:58:29,Salón - Uma Civil,26.23,Silence,0.0,31.66,Silence,0.0,0.0,0.0,0.0,0.0,0.0,0.0,0.0,0.0,0.0,31.79,24.13,23.06,-109,7.2
2026-09-07 00:58:37,Salón - Extremo Civil,28.41,Silence,0.0,32.72,Silence,0.0,0.0,0.0,0.0,0.0,0.0,0.0,0.0,0.0,0.0,31.13,28.18,25.37,-89,13.2
2026-09-07 00:58:46,Salón - Extremo Eléctrica,17.81,Silence,0.0,22.99,Silence,0.0,0.0,0.0,0.0,0.0,0.0,0.0,0.0,0.0,0.0,20.0,17.93,16.61,-91,7.8
2026-09-07 00:58:50,Salón - Uma Eléctrica,42.91,Silence,0.0,43.48,Silence,0.0,0.0,0.0,0.0,0.0,0.0,0.0,0.0,0.0,0.0,43.52,42.93,42.27,-117,-5.2
2026-09-07 00:59:02,Laboratorios Eléctrica Inferior,26.31,Silence,0.0,27.04,Silence,0.0,0.0,0.0,0.0,0.0,0.0,0.0,0.0,0.0,0.0,27.07,26.46,25.03,-120,-5.0
2026-09-07 01:00:55,Laboratorios Civil Inferior,40.79,Silence,0.0,41.71,Silence,0.0,0.0,0.0,0.0,0.0,0.0,0.0,0.0,0.0,0.0,42.1,40.53,39.69,-115,-0.8
2026-09-07 01:03:02,Laboratorios Civil Central,52.02,Group 1 (Common),79.3,53.24,Group 1 (Common),52.09,0.0,0.0,0.0,51.4,79.3,0.0,0.0,0.04,20.53,53.81,52.47,48.59,-115,1.2
2026-09-07 01:03:02,Lobby Eléctrica,33.19,Silence,0.0,35.67,Silence,0.0,0.0,0.0,0.0,0.0,0.0,0.0,0.0,0.0,0.0,36.28,33.03,28.23,-98,-4.2
2026-09-07 01:03:08,Laboratorios Eléctrica Superior,19.47,Silence,0.0,21.22,Silence,0.0,0.0,0.0,0.0,0.0,0.0,0.0,0.0,0.0,0.0,21.17,19.47,18.01,-93,13.0
2026-09-07 01:03:11,Pasillo Decanato Civil,19.14,Silence,0.0,20.01,Silence,0.0,0.0,0.0,0.0,0.0,0.0,0.0,0.0,0.0,0.0,20.11,19.14,18.18,-105,7.8
2026-09-07 01:03:14,Lobby Civil,34.43,Silence,0.0,35.14,Silence,0.0,0.0,0.0,0.0,0.0,0.0,0.0,0.0,0.0,0.0,35.44,34.35,33.39,-103,11.2
2026-09-07 01:03:15,Pasillo Salones Eléctrica,29.81,Silence,0.0,30.92,Silence,0.0,0.0,0.0,0.0,0.0,0.0,0.0,0.0,0.0,0.0,30.52,29.85,28.8,-99,13.8
2026-09-07 01:03:17,Laboratorios Eléctrica Centro,23.46,Silence,0.0,24.34,Silence,0.0,0.0,0.0,0.0,0.0,0.0,0.0,0.0,0.0,0.0,24.39,23.39,22.81,-109,6.8
2026-09-07 01:03:19,Pasillo Salones Civil,15.44,Silence,0.0,16.22,Silence,0.0,0.0,0.0,0.0,0.0,0.0,0.0,0.0,0.0,0.0,16.48,15.35,14.67,-97,13.2
2026-09-07 01:03:21,Pasillo Decanato Eléctrica,19.98,Silence,0.0,20.73,Silence,0.0,0.0,0.0,0.0,0.0,0.0,0.0,0.0,0.0,0.0,20.64,20.15,18.95,-115,-8.5
2026-09-07 01:03:25,Laboratorios Civil Superior,30.78,Silence,0.0,32.54,Silence,0.0,0.0,0.0,0.0,0.0,0.0,0.0,0.0,0.0,0.0,32.51,30.77,28.99,-107,11.5
2026-09-07 01:03:29,Salón - Uma Civil,10.68,Silence,0.0,11.92,Silence,0.0,0.0,0.0,0.0,0.0,0.0,0.0,0.0,0.0,0.0,11.75,10.71,9.9,-103,11.2
2026-09-07 01:03:37,Salón - Extremo Civil,14.0,Silence,0.0,15.94,Silence,0.0,0.0,0.0,0.0,0.0,0.0,0.0,0.0,0.0,0.0,16.65,13.8,12.98,-85,12.2
2026-09-07 01:03:46,Salón - Extremo Eléctrica,14.76,Silence,0.0,15.52,Silence,0.0,0.0,0.0,0.0,0.0,0.0,0.0,0.0,0.0,0.0,15.84,14.56,14.07,-91,10.0
2026-09-07 01:03:50,Salón - Uma Eléctrica,44.06,Silence,0.0,45.22,Silence,0.0,0.0,0.0,0.0,0.0,0.0,0.0,0.0,0.0,0.0,45.12,43.87,42.91,-120,-3.8
2026-09-07 01:04:02,Laboratorios Eléctrica Inferior,26.97,Silence,0.0,28.07,Silence,0.0,0.0,0.0,0.0,0.0,0.0,0.0,0.0,0.0,0.0,27.88,27.05,26.34,-109,5.2
2026-09-07 01:05:55,Laboratorios Civil Inferior,39.54,Silence,0.0,40.63,Silence,0.0,0.0,0.0,0.0,0.0,0.0,0.0,0.0,0.0,0.0,40.64,39.24,38.3,-119,-5.2
2026-09-07 01:08:02,Laboratorios Civil Central,50.59,Group 1 (Common),90.06,52.52,Group 1 (Common),51.3,0.0,0.0,0.0,0.0,90.06,0.04,0.13,0.0,9.51,52.25,50.54,47.42,-98,12.5
2026-09-07 01:08:02,Lobby Eléctrica,25.55,Silence,0.0,27.36,Silence,0.0,0.0,0.0,0.0,0.0,0.0,0.0,0.0,0.0,0.0,27.5,25.23,24.17,-107,9.0
2026-09-07 01:08:08,Laboratorios Eléctrica Superior,14.26,Silence,0.0,14.86,Silence,0.0,0.0,0.0,0.0,0.0,0.0,0.0,0.0,0.0,0.0,14.73,14.47,13.32,-107,9.8
2026-09-07 01:08:11,Pasillo Decanato Civil,19.89,Silence,0.0,20.76,Silence,0.0,0.0,0.0,0.0,0.0,0.0,0.0,0.0,0.0,0.0,20.92,19.94,19.13,-101,10.0
2026-09-07 01:08:14,Lobby Civil,51.79,Group 2 (Impact),85.46,55.19,Group 2 (Impact),0.0,50.63,0.0,0.0,0.0,0.0,85.46,5.47,0.17,8.94,55.06,52.52,39.05,-99,12.5
2026-09-07 01:08:15,Pasillo Salones Eléctrica,29.45,Silence,0.0,30.25,Silence,0.0,0.0,0.0,0.0,0.0,0.0,0.0,0.0,0.0,0.0,30.19,29.56,28.25,-96,11.5
2026-09-07 01:08:17,Laboratorios Eléctrica Centro,20.68,Silence,0.0,31.03,Silence,0.0,0.0,0.0,0.0,0.0,0.0,0.0,0.0,0.0,0.0,32.81,14.03,13.02,-111,8.5
2026-09-07 01:08:19,Pasillo Salones Civil,16.14,Silence,0.0,16.7,Silence,0.0,0.0,0.0,0.0,0.0,0.0,0.0,0.0,0.0,0.0,16.65,16.21,15.5,-96,12.8
2026-09-07 01:08:22,Pasillo Decanato Eléctrica,19.95,Silence,0.0,21.0,Silence,0.0,0.0,0.0,0.0,0.0,0.0,0.0,0.0,0.0,0.0,20.8,19.68,19.21,-119,-4.5
2026-09-07 01:08:25,Laboratorios Civil Superior,29.54,Silence,0.0,31.19,Silence,0.0,0.0,0.0,0.0,0.0,0.0,0.0,0.0,0.0,0.0,30.87,30.01,26.81,-102,11.8
2026-09-07 01:08:29,Salón - Uma Civil,9.76,Silence,0.0,10.46,Silence,0.0,0.0,0.0,0.0,0.0,0.0,0.0,0.0,0.0,0.0,10.46,9.71,9.05,-108,-2.0
2026-09-07 01:08:37,Salón - Extremo Civil,13.23,Silence,0.0,14.44,Silence,0.0,0.0,0.0,0.0,0.0,0.0,0.0,0.0,0.0,0.0,13.68,13.18,12.72,-87,12.8
2026-09-07 01:08:46,Salón - Extremo Eléctrica,20.72,Silence,0.0,27.21,Silence,0.0,0.0,0.0,0.0,0.0,0.0,0.0,0.0,0.0,0.0,29.12,16.75,14.31,-93,9.5
2026-09-07 01:08:50,Salón - Uma Eléctrica,44.01,Silence,0.0,44.76,Silence,0.0,0.0,0.0,0.0,0.0,0.0,0.0,0.0,0.0,0.0,44.42,44.09,43.3,-113,3.8
2026-09-07 01:09:02,Laboratorios Eléctrica Inferior,26.13,Silence,0.0,27.11,Silence,0.0,0.0,0.0,0.0,0.0,0.0,0.0,0.0,0.0,0.0,27.2,26.04,25.29,-107,7.0
2026-09-07 01:10:55,Laboratorios Civil Inferior,40.82,Silence,0.0,41.6,Silence,0.0,0.0,0.0,0.0,0.0,0.0,0.0,0.0,0.0,0.0,41.88,40.69,40.11,-112,-2.8
2026-09-07 01:13:02,Laboratorios Civil Central,50.33,Group 1 (Common),80.51,52.17,Group 1 (Common),50.66,0.0,0.0,0.0,0.0,80.51,0.04,0.0,0.0,19.4,52.62,50.06,48.55,-101,11.2
2026-09-07 01:13:07,Lobby Eléctrica,26.89,Silence,0.0,28.0,Silence,0.0,0.0,0.0,0.0,0.0,0.0,0.0,0.0,0.0,0.0,27.86,26.77,25.85,-107,6.0
2026-09-07 01:13:08,Laboratorios Eléctrica Superior,15.9,Silence,0.0,18.04,Silence,0.0,0.0,0.0,0.0,0.0,0.0,0.0,0.0,0.0,0.0,16.71,16.03,14.69,-95,12.8
2026-09-07 01:13:11,Pasillo Decanato Civil,19.43,Silence,0.0,20.06,Silence,0.0,0.0,0.0,0.0,0.0,0.0,0.0,0.0,0.0,0.0,19.91,19.52,18.4,-101,10.0
2026-09-07 01:13:14,Lobby Civil,33.21,Silence,0.0,34.01,Silence,0.0,0.0,0.0,0.0,0.0,0.0,0.0,0.0,0.0,0.0,34.23,32.98,32.64,-101,13.2
2026-09-07 01:13:15,Pasillo Salones Eléctrica,29.76,Silence,0.0,30.58,Silence,0.0,0.0,0.0,0.0,0.0,0.0,0.0,0.0,0.0,0.0,30.73,29.77,28.94,-107,5.2
2026-09-07 01:13:17,Laboratorios Eléctrica Centro,13.14,Silence,0.0,13.95,Silence,0.0,0.0,0.0,0.0,0.0,0.0,0.0,0.0,0.0,0.0,14.16,13.09,12.26,-111,6.5
2026-09-07 01:13:19,Pasillo Salones Civil,33.85,Silence,0.0,42.49,Silence,0.0,0.0,0.0,0.0,0.0,0.0,0.0,0.0,0.0,0.0,43.95,28.94,22.41,-95,9.5
2026-09-07 01:13:25,Laboratorios Civil Superior,29.52,Silence,0.0,31.09,Silence,0.0,0.0,0.0,0.0,0.0,0.0,0.0,0.0,0.0,0.0,31.33,29.51,27.86,-103,11.0
2026-09-07 01:13:29,Salón - Uma Civil,10.87,Silence,0.0,11.63,Silence,0.0,0.0,0.0,0.0,0.0,0.0,0.0,0.0,0.0,0.0,11.53,10.89,10.12,-106,6.0
2026-09-07 01:13:37,Salón - Extremo Civil,13.48,Silence,0.0,14.5,Silence,0.0,0.0,0.0,0.0,0.0,0.0,0.0,0.0,0.0,0.0,14.46,13.53,12.5,-120,-13.8
2026-09-07 01:13:46,Salón - Extremo Eléctrica,18.09,Silence,0.0,20.7,Silence,0.0,0.0,0.0,0.0,0.0,0.0,0.0,0.0,0.0,0.0,21.57,18.28,14.71,-82,8.8
2026-09-07 01:13:50,Salón - Uma Eléctrica,43.8,Silence,0.0,45.21,Silence,0.0,0.0,0.0,0.0,0.0,0.0,0.0,0.0,0.0,0.0,45.25,43.28,42.73,-115,5.5
2026-09-07 01:14:01,Laboratorios Eléctrica Inferior,25.75,Silence,0.0,26.62,Silence,0.0,0.0,0.0,0.0,0.0,0.0,0.0,0.0,0.0,0.0,26.73,25.68,24.73,-117,-1.5
2026-09-07 01:15:55,Laboratorios Civil Inferior,39.57,Silence,0.0,40.69,Silence,0.0,0.0,0.0,0.0,0.0,0.0,0.0,0.0,0.0,0.0,41.29,39.32,38.29,-120,-12.2
2026-09-07 01:18:02,Laboratorios Civil Central,51.76,Mixed,64.89,53.35,Group 1 (Common),51.83,0.0,0.0,0.0,49.91,64.89,0.0,0.0,0.0,35.07,53.21,51.55,49.96,-105,10.5
2026-09-07 01:18:02,Lobby Eléctrica,27.81,Silence,0.0,29.16,Silence,0.0,0.0,0.0,0.0,0.0,0.0,0.0,0.0,0.0,0.0,29.0,27.91,25.46,-108,8.5
2026-09-07 01:18:08,Laboratorios Eléctrica Superior,19.14,Silence,0.0,20.07,Silence,0.0,0.0,0.0,0.0,0.0,0.0,0.0,0.0,0.0,0.0,20.3,18.98,18.36,-95,13.2
2026-09-07 01:18:13,Pasillo Decanato Civil,19.59,Silence,0.0,20.4,Silence,0.0,0.0,0.0,0.0,0.0,0.0,0.0,0.0,0.0,0.0,20.46,19.53,18.79,-107,9.5
2026-09-07 01:18:14,Lobby Civil,34.58,Silence,0.0,35.3,Silence,0.0,0.0,0.0,0.0,0.0,0.0,0.0,0.0,0.0,0.0,34.99,34.54,34.25,-101,11.5
2026-09-07 01:18:15,Pasillo Salones Eléctrica,29.84,Silence,0.0,30.79,Silence,0.0,0.0,0.0,0.0,0.0,0.0,0.0,0.0,0.0,0.0,30.4,29.89,29.24,-107,10.2
2026-09-07 01:18:17,Laboratorios Eléctrica Centro,23.99,Silence,0.0,24.75,Silence,0.0,0.0,0.0,0.0,0.0,0.0,0.0,0.0,0.0,0.0,24.84,24.11,23.16,-108,9.0
2026-09-07 01:18:19,Pasillo Salones Civil,15.43,Silence,0.0,17.12,Silence,0.0,0.0,0.0,0.0,0.0,0.0,0.0,0.0,0.0,0.0,17.15,15.17,14.44,-99,13.0
2026-09-07 01:18:22,Pasillo Decanato Eléctrica,19.9,Silence,0.0,20.38,Silence,0.0,0.0,0.0,0.0,0.0,0.0,0.0,0.0,0.0,0.0,20.12,20.05,19.26,-105,12.2
2026-09-07 01:18:25,Laboratorios Civil Superior,42.59,Silence,0.0,43.91,Silence,0.0,0.0,0.0,0.0,0.0,0.0,0.0,0.0,0.0,0.0,43.89,42.53,41.35,-101,8.0
2026-09-07 01:18:29,Salón - Uma Civil,9.99,Silence,0.0,10.62,Silence,0.0,0.0,0.0,0.0,0.0,0.0,0.0,0.0,0.0,0.0,10.89,10.13,8.46,-100,11.0
2026-09-07 01:18:37,Salón - Extremo Civil,14.21,Silence,0.0,15.54,Silence,0.0,0.0,0.0,0.0,0.0,0.0,0.0,0.0,0.0,0.0,15.63,14.09,13.03,-97,12.8
2026-09-07 01:18:46,Salón - Extremo Eléctrica,16.13,Silence,0.0,17.86,Silence,0.0,0.0,0.0,0.0,0.0,0.0,0.0,0.0,0.0,0.0,17.91,15.54,14.99,-82,9.8
2026-09-07 01:18:50,Salón - Uma Eléctrica,42.8,Silence,0.0,43.64,Silence,0.0,0.0,0.0,0.0,0.0,0.0,0.0,0.0,0.0,0.0,43.83,42.86,41.93,-114,5.8
2026-09-07 01:19:02,Laboratorios Eléctrica Inferior,28.69,Silence,0.0,29.55,Silence,0.0,0.0,0.0,0.0,0.0,0.0,0.0,0.0,0.0,0.0,29.51,28.88,27.38,-103,10.0
2026-09-07 01:20:55,Laboratorios Civil Inferior,41.48,Silence,0.0,42.28,Silence,0.0,0.0,0.0,0.0,0.0,0.0,0.0,0.0,0.0,0.0,42.32,41.58,40.64,-117,-3.2
2026-09-07 01:23:02,Laboratorios Civil Central,52.38,Group 1 (Common),80.08,53.71,Group 1 (Common),51.84,0.0,0.0,0.0,0.0,80.08,0.13,0.35,0.0,19.27,54.19,52.25,48.5,-117,-3.8
2026-09-07 01:23:02,Lobby Eléctrica,33.99,Silence,0.0,35.44,Silence,0.0,0.0,0.0,0.0,0.0,0.0,0.0,0.0,0.0,0.0,35.48,34.28,32.27,-107,7.0
2026-09-07 01:23:08,Laboratorios Eléctrica Superior,11.99,Silence,0.0,12.84,Silence,0.0,0.0,0.0,0.0,0.0,0.0,0.0,0.0,0.0,0.0,12.25,12.04,11.68,-101,10.0
2026-09-07 01:23:11,Pasillo Decanato Civil,20.11,Silence,0.0,20.87,Silence,0.0,0.0,0.0,0.0,0.0,0.0,0.0,0.0,0.0,0.0,21.47,19.92,18.85,-103,12.8
2026-09-07 01:23:14,Lobby Civil,51.22,Group 4 (Person),72.22,56.06,Group 4 (Person),0.0,46.88,0.0,52.97,0.0,0.82,26.78,0.0,72.22,0.0,56.84,48.51,45.27,-103,8.8
2026-09-07 01:23:19,Pasillo Salones Eléctrica,30.17,Silence,0.0,30.85,Silence,0.0,0.0,0.0,0.0,0.0,0.0,0.0,0.0,0.0,0.0,31.04,30.15,29.13,-99,13.2
2026-09-07 01:23:19,Laboratorios Eléctrica Centro,14.2,Silence,0.0,15.55,Silence,0.0,0.0,0.0,0.0,0.0,0.0,0.0,0.0,0.0,0.0,14.81,14.3,13.29,-114,4.8
2026-09-07 01:23:19,Pasillo Salones Civil,38.42,Silence,0.0,45.3,Silence,0.0,0.0,0.0,0.0,0.0,0.0,0.0,0.0,0.0,0.0,45.44,35.36,17.26,-96,12.0
2026-09-07 01:23:22,Pasillo Decanato Eléctrica,19.12,Silence,0.0,20.21,Silence,0.0,0.0,0.0,0.0,0.0,0.0,0.0,0.0,0.0,0.0,20.33,18.82,18.32,-119,-8.8
2026-09-07 01:23:25,Laboratorios Civil Superior,28.56,Silence,0.0,29.7,Silence,0.0,0.0,0.0,0.0,0.0,0.0,0.0,0.0,0.0,0.0,29.66,28.38,27.59,-113,4.5
2026-09-07 01:23:29,Salón - Uma Civil,16.2,Silence,0.0,23.66,Silence,0.0,0.0,0.0,0.0,0.0,0.0,0.0,0.0,0.0,0.0,19.51,15.31,13.53,-102,11.0
2026-09-07 01:23:37,Salón - Extremo Civil,16.37,Silence,0.0,19.21,Silence,0.0,0.0,0.0,0.0,0.0,0.0,0.0,0.0,0.0,0.0,19.86,15.61,14.68,-85,10.5
2026-09-07 01:23:46,Salón - Extremo Eléctrica,15.44,Silence,0.0,18.13,Silence,0.0,0.0,0.0,0.0,0.0,0.0,0.0,0.0,0.0,0.0,15.85,15.5,14.88,-91,9.5
2026-09-07 01:23:50,Salón - Uma Eléctrica,43.04,Silence,0.0,43.54,Silence,0.0,0.0,0.0,0.0,0.0,0.0,0.0,0.0,0.0,0.0,43.64,43.09,42.12,-115,5.0
2026-09-07 01:25:55,Laboratorios Civil Inferior,39.91,Silence,0.0,40.66,Silence,0.0,0.0,0.0,0.0,0.0,0.0,0.0,0.0,0.0,0.0,40.65,39.96,38.81,-121,-10.5
2026-09-07 01:28:02,Laboratorios Civil Central,49.63,Mixed,67.19,51.57,Group 1 (Common),49.74,0.0,0.0,0.0,0.0,67.19,0.48,0.3,0.26,31.55,51.35,49.48,46.91,-103,8.5
2026-09-07 01:28:02,Lobby Eléctrica,27.2,Silence,0.0,32.57,Silence,0.0,0.0,0.0,0.0,0.0,0.0,0.0,0.0,0.0,0.0,28.13,27.32,25.71,-93,13.2
2026-09-07 01:28:08,Laboratorios Eléctrica Superior,12.58,Silence,0.0,14.65,Silence,0.0,0.0,0.0,0.0,0.0,0.0,0.0,0.0,0.0,0.0,15.08,12.18,11.69,-105,10.5
2026-09-07 01:28:11,Pasillo Decanato Civil,19.95,Silence,0.0,20.82,Silence,0.0,0.0,0.0,0.0,0.0,0.0,0.0,0.0,0.0,0.0,21.01,19.92,18.93,-102,7.5
2026-09-07 01:28:14,Lobby Civil,45.5,Mixed,52.17,47.73,Group 4 (Person),0.0,43.92,44.56,46.66,0.0,0.04,52.17,10.68,13.93,23.13,47.99,45.43,37.9,-100,11.5
2026-09-07 01:28:15,Pasillo Salones Eléctrica,32.76,Silence,0.0,36.15,Silence,0.0,0.0,0.0,0.0,0.0,0.0,0.0,0.0,0.0,0.0,36.33,31.19,29.25,-101,13.0
2026-09-07 01:28:19,Pasillo Salones Civil,18.12,Silence,0.0,21.03,Silence,0.0,0.0,0.0,0.0,0.0,0.0,0.0,0.0,0.0,0.0,20.83,17.35,15.78,-105,10.0
2026-09-07 01:28:26,Pasillo Decanato Eléctrica,19.11,Silence,0.0,20.04,Silence,0.0,0.0,0.0,0.0,0.0,0.0,0.0,0.0,0.0,0.0,19.93,18.94,18.44,-100,9.2
2026-09-07 01:28:26,Laboratorios Civil Superior,31.05,Silence,0.0,33.11,Silence,0.0,0.0,0.0,0.0,0.0,0.0,0.0,0.0,0.0,0.0,33.31,30.27,27.83,-107,10.8
2026-09-07 01:28:29,Salón - Uma Civil,14.17,Silence,0.0,17.3,Silence,0.0,0.0,0.0,0.0,0.0,0.0,0.0,0.0,0.0,0.0,17.11,12.48,11.49,-107,11.5
2026-09-07 01:28:37,Salón - Extremo Civil,17.18,Silence,0.0,23.46,Silence,0.0,0.0,0.0,0.0,0.0,0.0,0.0,0.0,0.0,0.0,22.68,15.42,14.21,-89,12.8
2026-09-07 01:28:46,Salón - Extremo Eléctrica,15.49,Silence,0.0,16.16,Silence,0.0,0.0,0.0,0.0,0.0,0.0,0.0,0.0,0.0,0.0,15.93,15.41,14.92,-91,8.0
2026-09-07 01:28:50,Salón - Uma Eléctrica,43.15,Silence,0.0,44.22,Silence,0.0,0.0,0.0,0.0,0.0,0.0,0.0,0.0,0.0,0.0,44.1,42.65,42.26,-114,5.8
2026-09-07 01:29:02,Laboratorios Eléctrica Inferior,26.05,Silence,0.0,26.91,Silence,0.0,0.0,0.0,0.0,0.0,0.0,0.0,0.0,0.0,0.0,26.67,25.87,25.19,-118,-2.5
2026-09-07 01:30:55,Laboratorios Civil Inferior,40.16,Silence,0.0,40.78,Silence,0.0,0.0,0.0,0.0,0.0,0.0,0.0,0.0,0.0,0.0,40.89,40.39,39.09,-113,2.8
2026-09-07 01:33:02,Laboratorios Civil Central,51.38,Mixed,67.09,52.55,Group 1 (Common),51.36,0.0,0.0,0.0,0.0,67.09,0.0,0.0,0.0,32.91,52.92,51.39,47.97,-113,4.0
2026-09-07 01:33:02,Lobby Eléctrica,32.26,Silence,0.0,33.56,Silence,0.0,0.0,0.0,0.0,0.0,0.0,0.0,0.0,0.0,0.0,33.22,32.38,31.17,-104,8.8
2026-09-07 01:33:08,Laboratorios Eléctrica Superior,18.41,Silence,0.0,19.18,Silence,0.0,0.0,0.0,0.0,0.0,0.0,0.0,0.0,0.0,0.0,19.24,18.35,17.66,-93,9.8
2026-09-07 01:33:11,Pasillo Decanato Civil,19.85,Silence,0.0,20.88,Silence,0.0,0.0,0.0,0.0,0.0,0.0,0.0,0.0,0.0,0.0,20.79,20.13,18.85,-103,11.0
2026-09-07 01:33:14,Lobby Civil,48.55,Group 2 (Impact),95.65,56.38,Group 2 (Impact),0.0,51.41,0.0,0.0,0.0,0.0,95.65,0.44,0.2,3.47,50.92,48.0,47.09,-97,11.5
2026-09-07 01:33:15,Pasillo Salones Eléctrica,34.65,Silence,0.0,36.47,Silence,0.0,0.0,0.0,0.0,0.0,0.0,0.0,0.0,0.0,0.0,36.62,33.94,32.75,-103,10.0
2026-09-07 01:33:17,Laboratorios Eléctrica Centro,35.21,Silence,0.0,36.54,Silence,0.0,0.0,0.0,0.0,0.0,0.0,0.0,0.0,0.0,0.0,36.72,35.54,32.67,-119,
2026-09-07 01:33:19,Pasillo Salones Civil,52.0,Mixed,50.1,52.48,Group 1 (Common),51.99,51.77,0.0,0.0,0.0,49.17,50.1,0.0,0.59,0.1,52.72,51.76,51.21,-106,9.2
2026-09-07 01:33:22,Pasillo Decanato Eléctrica,19.58,Silence,0.0,20.47,Silence,0.0,0.0,0.0,0.0,0.0,0.0,0.0,0.0,0.0,0.0,20.33,19.31,19.12,-102,11.8
2026-09-07 01:33:25,Laboratorios Civil Superior,31.67,Silence,0.0,33.37,Silence,0.0,0.0,0.0,0.0,0.0,0.0,0.0,0.0,0.0,0.0,33.46,31.04,30.5,-101,7.2
2026-09-07 01:33:29,Salón - Uma Civil,39.76,Silence,0.0,40.52,Silence,0.0,0.0,0.0,0.0,0.0,0.0,0.0,0.0,0.0,0.0,40.54,39.79,39.02,-102,10.8
2026-09-07 01:33:37,Salón - Extremo Civil,32.19,Silence,0.0,32.91,Silence,0.0,0.0,0.0,0.0,0.0,0.0,0.0,0.0,0.0,0.0,33.01,32.21,31.27,-118,-13.8
2026-09-07 01:33:46,Salón - Extremo Eléctrica,17.35,Silence,0.0,19.27,Silence,0.0,0.0,0.0,0.0,0.0,0.0,0.0,0.0,0.0,0.0,19.43,16.98,15.91,-87,11.8
2026-09-07 01:33:50,Salón - Uma Eléctrica,43.57,Silence,0.0,44.11,Silence,0.0,0.0,0.0,0.0,0.0,0.0,0.0,0.0,0.0,0.0,44.22,43.62,42.93,-117,2.5
2026-09-07 01:34:02,Laboratorios Eléctrica Inferior,27.93,Silence,0.0,29.11,Silence,0.0,0.0,0.0,0.0,0.0,0.0,0.0,0.0,0.0,0.0,29.09,27.7,26.59,-119,-3.2
2026-09-07 01:35:55,Laboratorios Civil Inferior,40.95,Silence,0.0,41.75,Silence,0.0,0.0,0.0,0.0,0.0,0.0,0.0,0.0,0.0,0.0,41.83,40.99,39.53,-115,3.0
2026-09-07 01:38:02,Laboratorios Civil Central,50.75,Group 1 (Common),73.88,52.18,Group 1 (Common),50.94,0.0,0.0,0.0,0.0,73.88,0.05,0.0,0.0,25.93,52.19,50.12,49.47,-100,11.8
2026-09-07 01:38:02,Lobby Eléctrica,27.35,Silence,0.0,28.05,Silence,0.0,0.0,0.0,0.0,0.0,0.0,0.0,0.0,0.0,0.0,28.48,27.18,26.12,-108,8.2
2026-09-07 01:38:08,Laboratorios Eléctrica Superior,20.51,Silence,0.0,21.28,Silence,0.0,0.0,0.0,0.0,0.0,0.0,0.0,0.0,0.0,0.0,21.19,20.34,20.15,-93,11.2
2026-09-07 01:38:11,Pasillo Decanato Civil,19.53,Silence,0.0,20.32,Silence,0.0,0.0,0.0,0.0,0.0,0.0,0.0,0.0,0.0,0.0,20.28,19.56,18.57,-100,7.2
2026-09-07 01:38:14,Lobby Civil,43.63,Silence,0.0,48.53,Silence,0.0,0.0,0.0,0.0,0.0,0.0,0.0,0.0,0.0,0.0,49.63,40.84,38.46,-105,10.5
2026-09-07 01:38:15,Pasillo Salones Eléctrica,35.86,Silence,0.0,37.25,Silence,0.0,0.0,0.0,0.0,0.0,0.0,0.0,0.0,0.0,0.0,37.25,35.78,33.73,-105,9.5
2026-09-07 01:38:17,Laboratorios Eléctrica Centro,18.14,Silence,0.0,19.07,Silence,0.0,0.0,0.0,0.0,0.0,0.0,0.0,0.0,0.0,0.0,19.17,18.14,16.81,-107,10.0
2026-09-07 01:38:19,Pasillo Salones Civil,51.9,Mixed,57.71,52.38,Group 1 (Common),51.86,52.11,0.0,0.0,0.0,57.71,41.02,0.1,0.34,0.78,52.33,51.9,51.45,-106,7.2
2026-09-07 01:38:22,Pasillo Decanato Eléctrica,20.32,Silence,0.0,21.06,Silence,0.0,0.0,0.0,0.0,0.0,0.0,0.0,0.0,0.0,0.0,20.96,20.3,19.49,-103,11.8
2026-09-07 01:38:25,Laboratorios Civil Superior,29.12,Silence,0.0,30.63,Silence,0.0,0.0,0.0,0.0,0.0,0.0,0.0,0.0,0.0,0.0,30.19,29.05,27.33,-107,9.8
2026-09-07 01:38:29,Salón - Uma Civil,41.42,Silence,0.0,43.69,Silence,0.0,0.0,0.0,0.0,0.0,0.0,0.0,0.0,0.0,0.0,44.16,40.87,40.02,-101,11.2
2026-09-07 01:38:40,Salón - Extremo Civil,32.38,Silence,0.0,33.23,Silence,0.0,0.0,0.0,0.0,0.0,0.0,0.0,0.0,0.0,0.0,33.21,32.23,31.89,-89,13.2
2026-09-07 01:38:46,Salón - Extremo Eléctrica,16.04,Silence,0.0,16.95,Silence,0.0,0.0,0.0,0.0,0.0,0.0,0.0,0.0,0.0,0.0,16.92,15.97,15.15,-85,12.2
2026-09-07 01:38:50,Salón - Uma Eléctrica,43.17,Silence,0.0,43.53,Silence,0.0,0.0,0.0,0.0,0.0,0.0,0.0,0.0,0.0,0.0,43.68,43.18,42.71,-117,-4.8
2026-09-07 01:39:02,Laboratorios Eléctrica Inferior,25.98,Silence,0.0,26.85,Silence,0.0,0.0,0.0,0.0,0.0,0.0,0.0,0.0,0.0,0.0,26.94,26.18,24.97,-120,-4.5
2026-09-07 01:40:55,Laboratorios Civil Inferior,40.47,Silence,0.0,41.11,Silence,0.0,0.0,0.0,0.0,0.0,0.0,0.0,0.0,0.0,0.0,41.29,40.4,39.62,-119,-5.5
2026-09-07 01:43:02,Laboratorios Civil Central,51.93,Group 1 (Common),94.23,53.49,Group 1 (Common),52.12,0.0,0.0,0.0,0.0,94.23,0.04,0.26,0.0,5.51,52.36,52.05,50.96,-113,1.2
2026-09-07 01:43:02,Lobby Eléctrica,25.58,Silence,0.0,26.07,Silence,0.0,0.0,0.0,0.0,0.0,0.0,0.0,0.0,0.0,0.0,25.99,25.65,25.04,-95,14.0
2026-09-07 01:43:08,Laboratorios Eléctrica Superior,12.51,Silence,0.0,13.14,Silence,0.0,0.0,0.0,0.0,0.0,0.0,0.0,0.0,0.0,0.0,12.97,12.45,11.84,-106,8.2
2026-09-07 01:43:11,Pasillo Decanato Civil,19.65,Silence,0.0,20.46,Silence,0.0,0.0,0.0,0.0,0.0,0.0,0.0,0.0,0.0,0.0,20.67,19.58,18.54,-97,12.0
2026-09-07 01:43:14,Lobby Civil,34.19,Silence,0.0,35.03,Silence,0.0,0.0,0.0,0.0,0.0,0.0,0.0,0.0,0.0,0.0,35.65,33.98,33.48,-101,12.0
2026-09-07 01:43:15,Pasillo Salones Eléctrica,31.86,Silence,0.0,32.96,Silence,0.0,0.0,0.0,0.0,0.0,0.0,0.0,0.0,0.0,0.0,32.9,31.53,30.69,-99,13.2
2026-09-07 01:43:17,Laboratorios Eléctrica Centro,23.87,Silence,0.0,34.62,Silence,0.0,0.0,0.0,0.0,0.0,0.0,0.0,0.0,0.0,0.0,34.22,17.39,14.11,-119,-1.0
2026-09-07 01:43:19,Pasillo Salones Civil,52.02,Mixed,65.02,52.63,Group 1 (Common),52.02,51.66,0.0,0.0,0.0,65.02,30.73,0.22,1.48,2.47,52.34,52.13,51.43,-105,10.2
2026-09-07 01:43:22,Pasillo Decanato Eléctrica,18.97,Silence,0.0,19.66,Silence,0.0,0.0,0.0,0.0,0.0,0.0,0.0,0.0,0.0,0.0,19.43,19.15,17.98,-102,11.2
2026-09-07 01:43:25,Laboratorios Civil Superior,30.05,Silence,0.0,31.82,Silence,0.0,0.0,0.0,0.0,0.0,0.0,0.0,0.0,0.0,0.0,31.93,29.9,28.68,-102,10.2
2026-09-07 01:43:29,Salón - Uma Civil,39.42,Silence,0.0,40.24,Silence,0.0,0.0,0.0,0.0,0.0,0.0,0.0,0.0,0.0,0.0,40.21,39.39,38.72,-99,-2.2
2026-09-07 01:43:37,Salón - Extremo Civil,32.2,Silence,0.0,33.07,Silence,0.0,0.0,0.0,0.0,0.0,0.0,0.0,0.0,0.0,0.0,33.24,31.88,31.43,-87,6.8
2026-09-07 01:43:46,Salón - Extremo Eléctrica,14.97,Silence,0.0,15.53,Silence,0.0,0.0,0.0,0.0,0.0,0.0,0.0,0.0,0.0,0.0,15.72,14.91,14.33,-83,11.8
2026-09-07 01:43:51,Salón - Uma Eléctrica,43.26,Silence,0.0,44.1,Silence,0.0,0.0,0.0,0.0,0.0,0.0,0.0,0.0,0.0,0.0,44.07,43.38,42.51,-114,5.0
2026-09-07 01:44:02,Laboratorios Eléctrica Inferior,26.11,Silence,0.0,26.96,Silence,0.0,0.0,0.0,0.0,0.0,0.0,0.0,0.0,0.0,0.0,27.24,26.31,25.05,-101,6.8
2026-09-07 01:45:55,Laboratorios Civil Inferior,40.2,Silence,0.0,40.97,Silence,0.0,0.0,0.0,0.0,0.0,0.0,0.0,0.0,0.0,0.0,41.07,40.37,39.15,-117,2.0
2026-09-07 01:48:02,Laboratorios Civil Central,51.26,Group 1 (Common),86.68,52.41,Group 1 (Common),50.83,0.0,0.0,0.0,0.0,86.68,0.13,0.04,0.04,12.98,52.53,51.67,48.2,-100,11.2
2026-09-07 01:48:02,Lobby Eléctrica,24.51,Silence,0.0,25.55,Silence,0.0,0.0,0.0,0.0,0.0,0.0,0.0,0.0,0.0,0.0,25.25,24.22,24.05,-95,13.2
2026-09-07 01:48:08,Laboratorios Eléctrica Superior,14.85,Silence,0.0,15.57,Silence,0.0,0.0,0.0,0.0,0.0,0.0,0.0,0.0,0.0,0.0,15.47,14.9,14.41,-97,12.0
2026-09-07 01:48:11,Pasillo Decanato Civil,19.81,Silence,0.0,20.44,Silence,0.0,0.0,0.0,0.0,0.0,0.0,0.0,0.0,0.0,0.0,20.4,19.67,19.15,-99,13.2
2026-09-07 01:48:14,Lobby Civil,45.55,Mixed,58.46,51.35,Group 2 (Impact),0.0,47.46,0.0,0.0,46.09,0.0,58.46,0.74,0.65,40.19,48.03,45.01,43.45,-103,12.5
2026-09-07 01:48:15,Pasillo Salones Eléctrica,33.06,Silence,0.0,35.0,Silence,0.0,0.0,0.0,0.0,0.0,0.0,0.0,0.0,0.0,0.0,35.44,32.77,30.45,-107,10.5
2026-09-07 01:48:17,Laboratorios Eléctrica Centro,14.25,Silence,0.0,14.89,Silence,0.0,0.0,0.0,0.0,0.0,0.0,0.0,0.0,0.0,0.0,14.83,14.4,13.54,-111,6.8
2026-09-07 01:48:19,Pasillo Salones Civil,51.13,Mixed,58.2,51.67,Group 1 (Common),50.98,50.76,0.0,0.0,50.84,58.2,27.91,0.56,0.22,13.15,51.74,51.0,50.65,-94,12.5
2026-09-07 01:48:22,Pasillo Decanato Eléctrica,19.44,Silence,0.0,20.16,Silence,0.0,0.0,0.0,0.0,0.0,0.0,0.0,0.0,0.0,0.0,20.24,19.54,18.49,-105,11.5
2026-09-07 01:48:25,Laboratorios Civil Superior,30.7,Silence,0.0,32.33,Silence,0.0,0.0,0.0,0.0,0.0,0.0,0.0,0.0,0.0,0.0,32.13,30.64,29.02,-101,10.8
2026-09-07 01:48:29,Salón - Uma Civil,39.56,Silence,0.0,40.28,Silence,0.0,0.0,0.0,0.0,0.0,0.0,0.0,0.0,0.0,0.0,40.52,39.27,38.79,-115,5.2
2026-09-07 01:48:37,Salón - Extremo Civil,30.82,Silence,0.0,31.56,Silence,0.0,0.0,0.0,0.0,0.0,0.0,0.0,0.0,0.0,0.0,31.65,30.76,30.0,-89,13.8
2026-09-07 01:48:46,Salón - Extremo Eléctrica,15.17,Silence,0.0,16.01,Silence,0.0,0.0,0.0,0.0,0.0,0.0,0.0,0.0,0.0,0.0,15.71,15.11,14.43,-91,8.8
2026-09-07 01:48:50,Salón - Uma Eléctrica,43.02,Silence,0.0,43.88,Silence,0.0,0.0,0.0,0.0,0.0,0.0,0.0,0.0,0.0,0.0,43.84,43.19,41.88,-114,4.8
2026-09-07 01:49:02,Laboratorios Eléctrica Inferior,27.59,Silence,0.0,28.66,Silence,0.0,0.0,0.0,0.0,0.0,0.0,0.0,0.0,0.0,0.0,28.7,28.1,25.88,-113,-1.2
2026-09-07 01:50:55,Laboratorios Civil Inferior,41.28,Silence,0.0,42.25,Silence,0.0,0.0,0.0,0.0,0.0,0.0,0.0,0.0,0.0,0.0,42.18,41.26,40.37,-113,-0.8
2026-09-07 01:53:02,Laboratorios Civil Central,50.9,Group 1 (Common),74.65,52.67,Group 1 (Common),51.13,0.0,0.0,0.0,51.16,74.65,0.09,0.0,0.09,25.26,52.58,50.36,48.66,-103,11.2
2026-09-07 01:53:02,Lobby Eléctrica,26.66,Silence,0.0,28.36,Silence,0.0,0.0,0.0,0.0,0.0,0.0,0.0,0.0,0.0,0.0,28.56,26.06,25.45,-91,12.5
2026-09-07 01:53:08,Laboratorios Eléctrica Superior,18.85,Silence,0.0,19.5,Silence,0.0,0.0,0.0,0.0,0.0,0.0,0.0,0.0,0.0,0.0,19.74,18.89,18.09,-99,11.5
2026-09-07 01:53:11,Pasillo Decanato Civil,19.24,Silence,0.0,20.67,Silence,0.0,0.0,0.0,0.0,0.0,0.0,0.0,0.0,0.0,0.0,20.64,18.72,18.06,-103,10.0
2026-09-07 01:53:14,Lobby Civil,44.61,Silence,0.0,47.46,Silence,0.0,0.0,0.0,0.0,0.0,0.0,0.0,0.0,0.0,0.0,48.69,43.95,40.37,-99,11.0
2026-09-07 01:53:15,Pasillo Salones Eléctrica,30.1,Silence,0.0,31.01,Silence,0.0,0.0,0.0,0.0,0.0,0.0,0.0,0.0,0.0,0.0,30.85,30.1,29.21,-99,13.0
2026-09-07 01:53:17,Laboratorios Eléctrica Centro,24.57,Silence,0.0,25.56,Silence,0.0,0.0,0.0,0.0,0.0,0.0,0.0,0.0,0.0,0.0,25.72,24.47,23.82,-113,7.2
2026-09-07 01:53:19,Pasillo Salones Civil,52.31,Mixed,58.2,52.85,Group 2 (Impact),52.21,52.15,0.0,0.0,52.1,58.2,32.47,0.39,0.26,8.55,52.75,52.31,51.62,-107,6.2
2026-09-07 01:53:22,Pasillo Decanato Eléctrica,19.7,Silence,0.0,20.59,Silence,0.0,0.0,0.0,0.0,0.0,0.0,0.0,0.0,0.0,0.0,20.52,19.67,18.94,-103,11.2
2026-09-07 01:53:25,Laboratorios Civil Superior,29.91,Silence,0.0,30.77,Silence,0.0,0.0,0.0,0.0,0.0,0.0,0.0,0.0,0.0,0.0,30.85,29.74,28.89,-107,10.8
2026-09-07 01:53:29,Salón - Uma Civil,40.49,Silence,0.0,42.13,Silence,0.0,0.0,0.0,0.0,0.0,0.0,0.0,0.0,0.0,0.0,43.05,39.76,39.32,-109,8.5
2026-09-07 01:53:37,Salón - Extremo Civil,32.36,Silence,0.0,33.2,Silence,0.0,0.0,0.0,0.0,0.0,0.0,0.0,0.0,0.0,0.0,33.24,32.19,31.82,-97,12.8
2026-09-07 01:53:46,Salón - Extremo Eléctrica,16.18,Silence,0.0,16.9,Silence,0.0,0.0,0.0,0.0,0.0,0.0,0.0,0.0,0.0,0.0,16.97,16.1,15.48,-84,12.2
2026-09-07 01:53:50,Salón - Uma Eléctrica,43.02,Silence,0.0,43.91,Silence,0.0,0.0,0.0,0.0,0.0,0.0,0.0,0.0,0.0,0.0,43.67,43.23,41.71,-117,-4.2
2026-09-07 01:54:02,Laboratorios Eléctrica Inferior,27.43,Silence,0.0,28.43,Silence,0.0,0.0,0.0,0.0,0.0,0.0,0.0,0.0,0.0,0.0,27.95,27.55,26.61,-107,9.0
2026-09-07 01:55:55,Laboratorios Civil Inferior,40.93,Silence,0.0,41.47,Silence,0.0,0.0,0.0,0.0,0.0,0.0,0.0,0.0,0.0,0.0,41.39,40.98,40.3,-120,-3.8
2026-09-07 01:58:02,Laboratorios Civil Central,51.08,Group 1 (Common),97.74,52.76,Group 1 (Common),51.33,0.0,0.0,0.0,0.0,97.74,0.0,0.17,0.0,2.0,52.94,51.05,48.41,-117,0.2
2026-09-07 01:58:03,Lobby Eléctrica,25.56,Silence,0.0,26.5,Silence,0.0,0.0,0.0,0.0,0.0,0.0,0.0,0.0,0.0,0.0,26.48,25.53,24.45,-105,5.5
2026-09-07 01:58:08,Laboratorios Eléctrica Superior,16.1,Silence,0.0,17.92,Silence,0.0,0.0,0.0,0.0,0.0,0.0,0.0,0.0,0.0,0.0,19.07,15.52,14.62,-106,6.5
2026-09-07 01:58:11,Pasillo Decanato Civil,19.66,Silence,0.0,20.73,Silence,0.0,0.0,0.0,0.0,0.0,0.0,0.0,0.0,0.0,0.0,20.98,19.53,18.62,-102,11.2
2026-09-07 01:58:14,Lobby Civil,39.9,Silence,0.0,43.31,Silence,0.0,0.0,0.0,0.0,0.0,0.0,0.0,0.0,0.0,0.0,43.37,40.04,32.98,-96,12.0
2026-09-07 01:58:15,Pasillo Salones Eléctrica,35.5,Silence,0.0,36.44,Silence,0.0,0.0,0.0,0.0,0.0,0.0,0.0,0.0,0.0,0.0,36.79,35.87,33.94,-103,-2.8
2026-09-07 01:58:17,Laboratorios Eléctrica Centro,13.96,Silence,0.0,15.05,Silence,0.0,0.0,0.0,0.0,0.0,0.0,0.0,0.0,0.0,0.0,14.43,14.15,13.01,-111,3.2
2026-09-07 01:58:20,Pasillo Salones Civil,52.01,Mixed,62.93,52.64,Group 2 (Impact),51.88,51.92,0.0,0.0,0.0,33.2,62.93,0.04,0.56,3.08,52.64,51.9,51.29,-109,8.8
2026-09-07 01:58:22,Pasillo Decanato Eléctrica,19.79,Silence,0.0,20.57,Silence,0.0,0.0,0.0,0.0,0.0,0.0,0.0,0.0,0.0,0.0,20.63,19.68,19.16,-115,-5.8
2026-09-07 01:58:25,Laboratorios Civil Superior,29.17,Silence,0.0,30.46,Silence,0.0,0.0,0.0,0.0,0.0,0.0,0.0,0.0,0.0,0.0,30.54,29.08,27.1,-103,10.5
2026-09-07 01:58:29,Salón - Uma Civil,39.81,Silence,0.0,40.51,Silence,0.0,0.0,0.0,0.0,0.0,0.0,0.0,0.0,0.0,0.0,40.36,39.66,39.17,-103,9.0
2026-09-07 01:58:37,Salón - Extremo Civil,32.06,Silence,0.0,33.23,Silence,0.0,0.0,0.0,0.0,0.0,0.0,0.0,0.0,0.0,0.0,33.23,32.12,30.35,-85,12.2
2026-09-07 01:58:46,Salón - Extremo Eléctrica,17.24,Silence,0.0,18.35,Silence,0.0,0.0,0.0,0.0,0.0,0.0,0.0,0.0,0.0,0.0,18.54,17.38,15.42,-83,12.2
2026-09-07 01:58:50,Salón - Uma Eléctrica,43.41,Silence,0.0,44.05,Silence,0.0,0.0,0.0,0.0,0.0,0.0,0.0,0.0,0.0,0.0,44.07,43.36,42.96,-113,7.0
2026-09-07 01:59:02,Laboratorios Eléctrica Inferior,26.97,Silence,0.0,27.94,Silence,0.0,0.0,0.0,0.0,0.0,0.0,0.0,0.0,0.0,0.0,27.61,27.09,26.02,-120,-4.0
2026-09-07 02:00:55,Laboratorios Civil Inferior,38.76,Silence,0.0,39.85,Silence,0.0,0.0,0.0,0.0,0.0,0.0,0.0,0.0,0.0,0.0,39.41,38.74,37.77,-113,-2.5
2026-09-07 02:03:02,Laboratorios Civil Central,51.15,Group 1 (Common),94.62,52.51,Group 1 (Common),51.14,0.0,0.0,0.0,0.0,94.62,0.13,0.26,0.0,4.99,52.61,51.35,48.37,-102,12.2
2026-09-07 02:03:02,Lobby Eléctrica,25.83,Silence,0.0,26.61,Silence,0.0,0.0,0.0,0.0,0.0,0.0,0.0,0.0,0.0,0.0,26.78,25.79,25.29,-109,
2026-09-07 02:03:08,Laboratorios Eléctrica Superior,16.97,Silence,0.0,20.39,Silence,0.0,0.0,0.0,0.0,0.0,0.0,0.0,0.0,0.0,0.0,20.36,15.98,14.17,-96,12.5
2026-09-07 02:03:11,Pasillo Decanato Civil,19.85,Silence,0.0,20.61,Silence,0.0,0.0,0.0,0.0,0.0,0.0,0.0,0.0,0.0,0.0,20.3,19.86,19.16,-105,11.0
2026-09-07 02:03:14,Lobby Civil,36.6,Silence,0.0,40.05,Silence,0.0,0.0,0.0,0.0,0.0,0.0,0.0,0.0,0.0,0.0,40.92,34.87,33.17,-97,12.5
2026-09-07 02:03:15,Pasillo Salones Eléctrica,35.71,Silence,0.0,38.45,Silence,0.0,0.0,0.0,0.0,0.0,0.0,0.0,0.0,0.0,0.0,38.68,34.82,32.83,-105,10.0
2026-09-07 02:03:17,Laboratorios Eléctrica Centro,14.3,Silence,0.0,15.04,Silence,0.0,0.0,0.0,0.0,0.0,0.0,0.0,0.0,0.0,0.0,14.86,14.34,13.13,-112,7.5
2026-09-07 02:03:20,Pasillo Salones Civil,52.04,Mixed,54.9,52.67,Group 1 (Common),52.18,51.96,0.0,0.0,0.0,54.9,36.33,6.38,0.48,1.91,52.54,51.89,51.57,-111,6.2
2026-09-07 02:03:22,Pasillo Decanato Eléctrica,19.54,Silence,0.0,20.58,Silence,0.0,0.0,0.0,0.0,0.0,0.0,0.0,0.0,0.0,0.0,20.61,19.16,18.85,-101,11.8
2026-09-07 02:03:25,Laboratorios Civil Superior,28.89,Silence,0.0,29.94,Silence,0.0,0.0,0.0,0.0,0.0,0.0,0.0,0.0,0.0,0.0,29.6,28.85,28.25,-103,10.8
2026-09-07 02:03:29,Salón - Uma Civil,39.99,Silence,0.0,40.79,Silence,0.0,0.0,0.0,0.0,0.0,0.0,0.0,0.0,0.0,0.0,40.7,40.16,39.24,-109,6.2
2026-09-07 02:03:37,Salón - Extremo Civil,32.48,Silence,0.0,32.96,Silence,0.0,0.0,0.0,0.0,0.0,0.0,0.0,0.0,0.0,0.0,32.81,32.47,32.19,-85,12.0
2026-09-07 02:03:46,Salón - Extremo Eléctrica,15.63,Silence,0.0,16.42,Silence,0.0,0.0,0.0,0.0,0.0,0.0,0.0,0.0,0.0,0.0,16.46,15.54,15.02,-91,11.2
2026-09-07 02:03:50,Salón - Uma Eléctrica,44.19,Silence,0.0,45.01,Silence,0.0,0.0,0.0,0.0,0.0,0.0,0.0,0.0,0.0,0.0,45.12,44.03,43.69,-110,5.5
2026-09-07 02:04:02,Laboratorios Eléctrica Inferior,26.65,Silence,0.0,27.33,Silence,0.0,0.0,0.0,0.0,0.0,0.0,0.0,0.0,0.0,0.0,27.26,26.79,25.82,-102,3.5
2026-09-07 02:05:55,Laboratorios Civil Inferior,40.02,Silence,0.0,40.83,Silence,0.0,0.0,0.0,0.0,0.0,0.0,0.0,0.0,0.0,0.0,40.93,40.16,39.28,-121,-11.8
2026-09-07 02:08:02,Laboratorios Civil Central,51.81,Group 1 (Common),90.36,52.98,Group 1 (Common),51.78,0.0,0.0,0.0,0.0,90.36,0.0,0.0,0.0,9.33,52.65,52.16,49.89,-101,11.8
2026-09-07 02:08:03,Lobby Eléctrica,25.33,Silence,0.0,26.05,Silence,0.0,0.0,0.0,0.0,0.0,0.0,0.0,0.0,0.0,0.0,25.94,25.61,24.1,-107,1.8
2026-09-07 02:08:08,Laboratorios Eléctrica Superior,21.51,Silence,0.0,23.29,Silence,0.0,0.0,0.0,0.0,0.0,0.0,0.0,0.0,0.0,0.0,23.85,21.82,19.43,-95,13.2
2026-09-07 02:08:11,Pasillo Decanato Civil,20.09,Silence,0.0,20.85,Silence,0.0,0.0,0.0,0.0,0.0,0.0,0.0,0.0,0.0,0.0,20.69,20.15,19.53,-101,12.0
2026-09-07 02:08:14,Lobby Civil,42.35,Silence,0.0,46.91,Silence,0.0,0.0,0.0,0.0,0.0,0.0,0.0,0.0,0.0,0.0,48.06,41.61,36.15,-101,9.2
2026-09-07 02:08:15,Pasillo Salones Eléctrica,34.59,Silence,0.0,40.74,Silence,0.0,0.0,0.0,0.0,0.0,0.0,0.0,0.0,0.0,0.0,36.46,34.01,32.97,-94,12.2
2026-09-07 02:08:17,Laboratorios Eléctrica Centro,25.23,Silence,0.0,30.52,Silence,0.0,0.0,0.0,0.0,0.0,0.0,0.0,0.0,0.0,0.0,27.58,24.58,23.56,-112,5.5
2026-09-07 02:08:20,Pasillo Salones Civil,52.15,Mixed,68.79,52.95,Group 1 (Common),52.33,0.0,0.0,0.0,0.0,68.79,23.52,5.38,0.3,1.82,52.83,52.07,51.48,-97,9.2
2026-09-07 02:08:22,Pasillo Decanato Eléctrica,19.65,Silence,0.0,20.31,Silence,0.0,0.0,0.0,0.0,0.0,0.0,0.0,0.0,0.0,0.0,20.19,19.51,19.21,-102,12.5
2026-09-07 02:08:25,Laboratorios Civil Superior,31.36,Silence,0.0,32.42,Silence,0.0,0.0,0.0,0.0,0.0,0.0,0.0,0.0,0.0,0.0,32.77,31.4,30.03,-119,2.5
2026-09-07 02:08:29,Salón - Uma Civil,39.63,Silence,0.0,40.07,Silence,0.0,0.0,0.0,0.0,0.0,0.0,0.0,0.0,0.0,0.0,40.16,39.35,38.95,-109,5.8
2026-09-07 02:08:37,Salón - Extremo Civil,32.43,Silence,0.0,32.93,Silence,0.0,0.0,0.0,0.0,0.0,0.0,0.0,0.0,0.0,0.0,32.81,32.45,31.69,-95,12.2
2026-09-07 02:08:46,Salón - Extremo Eléctrica,15.08,Silence,0.0,15.69,Silence,0.0,0.0,0.0,0.0,0.0,0.0,0.0,0.0,0.0,0.0,15.72,15.08,13.94,-84,12.0
2026-09-07 02:08:50,Salón - Uma Eléctrica,43.48,Silence,0.0,44.78,Silence,0.0,0.0,0.0,0.0,0.0,0.0,0.0,0.0,0.0,0.0,43.83,43.29,42.95,-115,4.8
2026-09-07 02:09:02,Laboratorios Eléctrica Inferior,27.52,Silence,0.0,28.25,Silence,0.0,0.0,0.0,0.0,0.0,0.0,0.0,0.0,0.0,0.0,28.12,27.57,26.41,-120,-5.2
2026-09-07 02:10:55,Laboratorios Civil Inferior,40.14,Silence,0.0,41.02,Silence,0.0,0.0,0.0,0.0,0.0,0.0,0.0,0.0,0.0,0.0,40.68,40.22,39.54,-112,-1.5
2026-09-07 02:13:02,Laboratorios Civil Central,51.01,Group 1 (Common),96.88,52.05,Group 1 (Common),50.91,0.0,0.0,0.0,0.0,96.88,0.0,0.0,0.0,3.08,52.37,50.34,49.17,-101,11.0
2026-09-07 02:13:03,Lobby Eléctrica,28.25,Silence,0.0,29.75,Silence,0.0,0.0,0.0,0.0,0.0,0.0,0.0,0.0,0.0,0.0,29.31,28.19,26.69,-107,8.2
2026-09-07 02:13:08,Laboratorios Eléctrica Superior,16.79,Silence,0.0,18.17,Silence,0.0,0.0,0.0,0.0,0.0,0.0,0.0,0.0,0.0,0.0,18.77,16.35,15.82,-94,10.2
2026-09-07 02:13:11,Pasillo Decanato Civil,20.11,Silence,0.0,21.14,Silence,0.0,0.0,0.0,0.0,0.0,0.0,0.0,0.0,0.0,0.0,21.45,20.09,19.29,-94,12.5
2026-09-07 02:13:14,Lobby Civil,34.93,Silence,0.0,35.75,Silence,0.0,0.0,0.0,0.0,0.0,0.0,0.0,0.0,0.0,0.0,36.08,34.62,33.53,-101,11.5
2026-09-07 02:13:15,Pasillo Salones Eléctrica,31.29,Silence,0.0,32.27,Silence,0.0,0.0,0.0,0.0,0.0,0.0,0.0,0.0,0.0,0.0,32.09,31.17,30.22,-108,8.5
2026-09-07 02:13:17,Laboratorios Eléctrica Centro,15.28,Silence,0.0,23.92,Silence,0.0,0.0,0.0,0.0,0.0,0.0,0.0,0.0,0.0,0.0,16.02,15.43,13.91,-105,10.8
2026-09-07 02:13:20,Pasillo Salones Civil,51.96,Mixed,53.37,52.37,Group 1 (Common),51.97,51.76,0.0,0.0,0.0,37.3,53.37,0.15,0.44,8.84,52.4,51.93,51.35,-105,9.5
2026-09-07 02:13:22,Pasillo Decanato Eléctrica,19.51,Silence,0.0,20.7,Silence,0.0,0.0,0.0,0.0,0.0,0.0,0.0,0.0,0.0,0.0,20.85,19.31,18.67,-115,-7.2
2026-09-07 02:13:25,Laboratorios Civil Superior,29.11,Silence,0.0,29.82,Silence,0.0,0.0,0.0,0.0,0.0,0.0,0.0,0.0,0.0,0.0,29.85,29.03,28.07,-111,6.0
2026-09-07 02:13:29,Salón - Uma Civil,39.9,Silence,0.0,40.57,Silence,0.0,0.0,0.0,0.0,0.0,0.0,0.0,0.0,0.0,0.0,40.38,39.96,38.95,-105,8.5
2026-09-07 02:13:37,Salón - Extremo Civil,54.77,Mixed,59.77,63.89,Group 5 (Vehicle),0.0,42.29,0.0,0.0,60.88,0.22,39.28,0.39,0.17,59.77,63.4,43.38,37.07,-95,12.5
2026-09-07 02:13:46,Salón - Extremo Eléctrica,17.68,Silence,0.0,23.61,Silence,0.0,0.0,0.0,0.0,0.0,0.0,0.0,0.0,0.0,0.0,24.43,15.41,14.11,-87,11.5
2026-09-07 02:13:50,Salón - Uma Eléctrica,72.92,Mixed,45.05,76.85,Group 1 (Common),76.47,63.92,74.89,0.0,0.0,11.63,45.05,24.39,4.25,14.63,77.47,68.03,60.12,-114,6.2
2026-09-07 02:14:02,Laboratorios Eléctrica Inferior,27.59,Silence,0.0,28.87,Silence,0.0,0.0,0.0,0.0,0.0,0.0,0.0,0.0,0.0,0.0,28.94,27.46,25.85,-111,6.5
2026-09-07 02:15:55,Laboratorios Civil Inferior,39.28,Silence,0.0,40.32,Silence,0.0,0.0,0.0,0.0,0.0,0.0,0.0,0.0,0.0,0.0,40.41,39.34,38.11,-115,1.2
2026-09-07 02:18:02,Laboratorios Civil Central,51.43,Group 1 (Common),91.16,52.75,Group 1 (Common),51.35,0.0,0.0,0.0,0.0,91.16,0.0,0.1,0.0,8.59,52.97,50.83,50.11,-103,12.0
2026-09-07 02:18:03,Lobby Eléctrica,31.36,Silence,0.0,33.32,Silence,0.0,0.0,0.0,0.0,0.0,0.0,0.0,0.0,0.0,0.0,33.55,30.63,29.51,-97,9.8
2026-09-07 02:18:08,Laboratorios Eléctrica Superior,16.24,Silence,0.0,18.59,Silence,0.0,0.0,0.0,0.0,0.0,0.0,0.0,0.0,0.0,0.0,19.53,15.54,14.22,-106,5.5
2026-09-07 02:18:11,Pasillo Decanato Civil,21.25,Silence,0.0,22.41,Silence,0.0,0.0,0.0,0.0,0.0,0.0,0.0,0.0,0.0,0.0,22.29,21.08,19.93,-103,5.2
2026-09-07 02:18:14,Lobby Civil,38.69,Silence,0.0,46.55,Silence,0.0,0.0,0.0,0.0,0.0,0.0,0.0,0.0,0.0,0.0,41.8,38.07,36.07,-101,13.2
2026-09-07 02:18:15,Pasillo Salones Eléctrica,34.59,Silence,0.0,35.85,Silence,0.0,0.0,0.0,0.0,0.0,0.0,0.0,0.0,0.0,0.0,36.23,34.49,33.04,-99,12.8
2026-09-07 02:18:18,Laboratorios Eléctrica Centro,14.6,Silence,0.0,15.25,Silence,0.0,0.0,0.0,0.0,0.0,0.0,0.0,0.0,0.0,0.0,15.12,14.51,14.25,-108,9.5
2026-09-07 02:18:20,Pasillo Salones Civil,51.9,Mixed,67.29,52.31,Group 2 (Impact),51.78,51.88,0.0,0.0,0.0,30.42,67.29,0.15,0.1,2.05,52.28,51.8,51.58,-111,5.8
2026-09-07 02:18:22,Pasillo Decanato Eléctrica,19.72,Silence,0.0,20.56,Silence,0.0,0.0,0.0,0.0,0.0,0.0,0.0,0.0,0.0,0.0,20.06,19.82,18.95,-118,-5.8
2026-09-07 02:18:25,Laboratorios Civil Superior,30.19,Silence,0.0,31.54,Silence,0.0,0.0,0.0,0.0,0.0,0.0,0.0,0.0,0.0,0.0,32.11,29.99,29.29,-107,11.0
2026-09-07 02:18:29,Salón - Uma Civil,40.05,Silence,0.0,40.7,Silence,0.0,0.0,0.0,0.0,0.0,0.0,0.0,0.0,0.0,0.0,40.76,39.98,39.16,-109,7.2
2026-09-07 02:18:37,Salón - Extremo Civil,32.11,Silence,0.0,33.18,Silence,0.0,0.0,0.0,0.0,0.0,0.0,0.0,0.0,0.0,0.0,33.14,32.09,30.66,-89,11.8
2026-09-07 02:18:46,Salón - Extremo Eléctrica,14.67,Silence,0.0,15.64,Silence,0.0,0.0,0.0,0.0,0.0,0.0,0.0,0.0,0.0,0.0,15.67,14.65,13.76,-84,12.0
2026-09-07 02:18:50,Salón - Uma Eléctrica,51.78,Mixed,48.96,54.89,Group 3 (Rotary Tool),0.0,46.27,52.53,0.0,0.0,0.0,42.45,48.96,1.04,7.47,55.49,50.7,44.77,-115,-2.8
2026-09-07 02:19:02,Laboratorios Eléctrica Inferior,27.15,Silence,0.0,27.87,Silence,0.0,0.0,0.0,0.0,0.0,0.0,0.0,0.0,0.0,0.0,27.95,27.04,26.34,-113,4.2
2026-09-07 02:20:55,Laboratorios Civil Inferior,38.93,Silence,0.0,39.67,Silence,0.0,0.0,0.0,0.0,0.0,0.0,0.0,0.0,0.0,0.0,39.89,38.81,38.6,-119,-3.8
2026-09-07 02:23:02,Laboratorios Civil Central,51.24,Group 1 (Common),92.1,53.04,Group 1 (Common),51.24,0.0,0.0,0.0,0.0,92.1,0.04,0.13,0.0,7.6,53.72,50.82,48.77,-111,3.5
2026-09-07 02:23:07,Lobby Eléctrica,30.89,Silence,0.0,31.95,Silence,0.0,0.0,0.0,0.0,0.0,0.0,0.0,0.0,0.0,0.0,31.93,30.54,29.72,-105,10.0
2026-09-07 02:23:08,Laboratorios Eléctrica Superior,14.36,Silence,0.0,15.41,Silence,0.0,0.0,0.0,0.0,0.0,0.0,0.0,0.0,0.0,0.0,14.94,14.34,13.64,-95,12.5
2026-09-07 02:23:11,Pasillo Decanato Civil,19.28,Silence,0.0,20.58,Silence,0.0,0.0,0.0,0.0,0.0,0.0,0.0,0.0,0.0,0.0,20.48,19.34,18.63,-105,10.5
2026-09-07 02:23:14,Lobby Civil,36.61,Silence,0.0,38.95,Silence,0.0,0.0,0.0,0.0,0.0,0.0,0.0,0.0,0.0,0.0,39.82,35.37,34.34,-95,11.2
2026-09-07 02:23:15,Pasillo Salones Eléctrica,33.61,Silence,0.0,34.23,Silence,0.0,0.0,0.0,0.0,0.0,0.0,0.0,0.0,0.0,0.0,34.43,33.63,32.45,-97,13.0
2026-09-07 02:23:18,Laboratorios Eléctrica Centro,14.44,Silence,0.0,15.81,Silence,0.0,0.0,0.0,0.0,0.0,0.0,0.0,0.0,0.0,0.0,15.98,14.43,13.25,-111,5.2
2026-09-07 02:23:20,Pasillo Salones Civil,52.16,Mixed,66.84,52.76,Group 2 (Impact),52.07,52.31,0.0,0.0,0.0,32.38,66.84,0.04,0.22,0.61,52.96,52.27,51.45,-95,12.8
2026-09-07 02:23:22,Pasillo Decanato Eléctrica,19.41,Silence,0.0,20.03,Silence,0.0,0.0,0.0,0.0,0.0,0.0,0.0,0.0,0.0,0.0,20.22,19.73,17.98,-105,12.2
2026-09-07 02:23:25,Laboratorios Civil Superior,30.12,Silence,0.0,31.56,Silence,0.0,0.0,0.0,0.0,0.0,0.0,0.0,0.0,0.0,0.0,31.43,30.25,27.92,-113,5.2
2026-09-07 02:23:29,Salón - Uma Civil,39.61,Silence,0.0,40.2,Silence,0.0,0.0,0.0,0.0,0.0,0.0,0.0,0.0,0.0,0.0,40.09,39.53,38.87,-103,12.5
2026-09-07 02:23:37,Salón - Extremo Civil,35.25,Silence,0.0,43.39,Silence,0.0,0.0,0.0,0.0,0.0,0.0,0.0,0.0,0.0,0.0,37.19,35.15,32.82,-95,8.8
2026-09-07 02:23:46,Salón - Extremo Eléctrica,15.5,Silence,0.0,16.31,Silence,0.0,0.0,0.0,0.0,0.0,0.0,0.0,0.0,0.0,0.0,16.26,15.4,14.55,-83,11.2
2026-09-07 02:23:50,Salón - Uma Eléctrica,61.58,Mixed,50.52,64.76,Group 5 (Vehicle),0.0,60.52,57.18,0.0,62.91,0.04,18.97,28.13,2.43,50.52,65.55,59.82,52.94,-109,9.0
2026-09-07 02:24:02,Laboratorios Eléctrica Inferior,27.41,Silence,0.0,28.03,Silence,0.0,0.0,0.0,0.0,0.0,0.0,0.0,0.0,0.0,0.0,28.04,27.45,26.91,-109,8.5
2026-09-07 02:25:55,Laboratorios Civil Inferior,40.48,Silence,0.0,40.97,Silence,0.0,0.0,0.0,0.0,0.0,0.0,0.0,0.0,0.0,0.0,41.0,40.42,40.17,-115,2.0
2026-09-07 02:28:02,Laboratorios Civil Central,51.92,Group 1 (Common),88.67,53.7,Group 1 (Common),52.02,0.0,0.0,0.0,0.0,88.67,0.0,0.0,0.04,11.2,54.62,51.8,49.33,-108,
2026-09-07 02:28:03,Lobby Eléctrica,31.44,Silence,0.0,32.38,Silence,0.0,0.0,0.0,0.0,0.0,0.0,0.0,0.0,0.0,0.0,32.61,31.11,30.59,-96,10.2
2026-09-07 02:28:08,Laboratorios Eléctrica Superior,20.82,Silence,0.0,21.95,Silence,0.0,0.0,0.0,0.0,0.0,0.0,0.0,0.0,0.0,0.0,21.33,20.87,20.09,-91,12.0
2026-09-07 02:28:14,Pasillo Decanato Civil,19.57,Silence,0.0,20.63,Silence,0.0,0.0,0.0,0.0,0.0,0.0,0.0,0.0,0.0,0.0,20.61,19.15,18.54,-96,11.5
2026-09-07 02:28:14,Lobby Civil,45.38,Group 2 (Impact),98.29,47.78,Group 2 (Impact),0.0,45.88,0.0,0.0,0.0,0.05,98.29,0.05,0.15,1.27,47.47,44.86,39.45,-94,8.8
2026-09-07 02:28:15,Pasillo Salones Eléctrica,32.75,Silence,0.0,34.11,Silence,0.0,0.0,0.0,0.0,0.0,0.0,0.0,0.0,0.0,0.0,34.43,32.3,31.15,-108,5.0
2026-09-07 02:28:18,Laboratorios Eléctrica Centro,32.14,Silence,0.0,34.84,Silence,0.0,0.0,0.0,0.0,0.0,0.0,0.0,0.0,0.0,0.0,35.3,33.01,26.06,-111,7.5
2026-09-07 02:28:20,Pasillo Salones Civil,52.02,Mixed,66.06,52.52,Group 2 (Impact),51.82,52.26,0.0,0.0,0.0,66.06,31.38,0.04,0.35,2.17,52.74,51.98,51.47,-107,2.2
2026-09-07 02:28:22,Pasillo Decanato Eléctrica,19.4,Silence,0.0,20.1,Silence,0.0,0.0,0.0,0.0,0.0,0.0,0.0,0.0,0.0,0.0,19.96,19.34,19.06,-100,12.0
2026-09-07 02:28:25,Laboratorios Civil Superior,31.26,Silence,0.0,31.97,Silence,0.0,0.0,0.0,0.0,0.0,0.0,0.0,0.0,0.0,0.0,32.07,31.03,30.64,-109,9.5
2026-09-07 02:28:29,Salón - Uma Civil,39.64,Silence,0.0,40.48,Silence,0.0,0.0,0.0,0.0,0.0,0.0,0.0,0.0,0.0,0.0,40.32,39.57,39.26,-107,12.0
2026-09-07 02:28:37,Salón - Extremo Civil,32.68,Silence,0.0,33.68,Silence,0.0,0.0,0.0,0.0,0.0,0.0,0.0,0.0,0.0,0.0,33.8,32.53,32.18,-120,-12.2
2026-09-07 02:28:46,Salón - Extremo Eléctrica,15.94,Silence,0.0,17.33,Silence,0.0,0.0,0.0,0.0,0.0,0.0,0.0,0.0,0.0,0.0,17.81,15.79,15.12,-90,11.2
2026-09-07 02:28:50,Salón - Uma Eléctrica,61.02,Group 5 (Vehicle),72.61,63.48,Group 3 (Rotary Tool),0.0,0.0,62.29,0.0,58.41,0.22,3.91,22.66,0.74,72.61,64.07,61.3,48.24,-112,2.2
2026-09-07 02:29:02,Laboratorios Eléctrica Inferior,26.34,Silence,0.0,27.24,Silence,0.0,0.0,0.0,0.0,0.0,0.0,0.0,0.0,0.0,0.0,26.9,26.35,25.75,-106,8.8
2026-09-07 02:30:55,Laboratorios Civil Inferior,39.39,Silence,0.0,40.07,Silence,0.0,0.0,0.0,0.0,0.0,0.0,0.0,0.0,0.0,0.0,40.42,39.14,38.76,-120,-13.5
2026-09-07 02:33:02,Laboratorios Civil Central,51.97,Group 1 (Common),94.97,53.19,Group 1 (Common),51.78,0.0,0.0,0.0,0.0,94.97,0.22,0.48,0.04,4.21,54.05,52.23,48.91,-101,11.2
2026-09-07 02:33:03,Lobby Eléctrica,41.97,Silence,0.0,46.75,Silence,0.0,0.0,0.0,0.0,0.0,0.0,0.0,0.0,0.0,0.0,48.03,40.05,38.47,-91,13.2
2026-09-07 02:33:08,Laboratorios Eléctrica Superior,14.82,Silence,0.0,15.77,Silence,0.0,0.0,0.0,0.0,0.0,0.0,0.0,0.0,0.0,0.0,15.83,14.57,13.93,-105,10.0
2026-09-07 02:33:11,Pasillo Decanato Civil,19.82,Silence,0.0,20.57,Silence,0.0,0.0,0.0,0.0,0.0,0.0,0.0,0.0,0.0,0.0,20.49,19.78,19.33,-103,9.8
2026-09-07 02:33:14,Lobby Civil,34.34,Silence,0.0,35.61,Silence,0.0,0.0,0.0,0.0,0.0,0.0,0.0,0.0,0.0,0.0,35.77,34.17,32.8,-99,11.8
2026-09-07 02:33:20,Pasillo Salones Eléctrica,31.29,Silence,0.0,33.17,Silence,0.0,0.0,0.0,0.0,0.0,0.0,0.0,0.0,0.0,0.0,33.34,30.82,28.97,-101,12.0
2026-09-07 02:33:20,Laboratorios Eléctrica Centro,30.48,Silence,0.0,33.67,Silence,0.0,0.0,0.0,0.0,0.0,0.0,0.0,0.0,0.0,0.0,33.75,31.25,19.76,-111,6.0
2026-09-07 02:33:20,Pasillo Salones Civil,52.1,Group 1 (Common),74.13,52.74,Group 1 (Common),52.13,0.0,0.0,0.0,0.0,74.13,17.88,0.22,0.65,7.2,52.66,52.06,51.12,-99,12.5
2026-09-07 02:33:22,Pasillo Decanato Eléctrica,20.99,Silence,0.0,22.7,Silence,0.0,0.0,0.0,0.0,0.0,0.0,0.0,0.0,0.0,0.0,22.07,20.77,20.06,-99,11.8
2026-09-07 02:33:25,Laboratorios Civil Superior,29.93,Silence,0.0,31.57,Silence,0.0,0.0,0.0,0.0,0.0,0.0,0.0,0.0,0.0,0.0,31.58,29.79,28.53,-101,10.5
2026-09-07 02:33:29,Salón - Uma Civil,40.03,Silence,0.0,40.54,Silence,0.0,0.0,0.0,0.0,0.0,0.0,0.0,0.0,0.0,0.0,40.56,40.08,38.78,-111,5.5
2026-09-07 02:33:37,Salón - Extremo Civil,34.66,Silence,0.0,38.36,Silence,0.0,0.0,0.0,0.0,0.0,0.0,0.0,0.0,0.0,0.0,39.69,33.61,31.27,-84,11.8
2026-09-07 02:33:46,Salón - Extremo Eléctrica,29.46,Silence,0.0,37.15,Silence,0.0,0.0,0.0,0.0,0.0,0.0,0.0,0.0,0.0,0.0,35.46,27.5,19.16,-93,11.5
2026-09-07 02:33:50,Salón - Uma Eléctrica,42.67,Silence,0.0,43.79,Silence,0.0,0.0,0.0,0.0,0.0,0.0,0.0,0.0,0.0,0.0,43.2,42.76,41.8,-115,-0.8
2026-09-07 02:34:02,Laboratorios Eléctrica Inferior,25.85,Silence,0.0,26.42,Silence,0.0,0.0,0.0,0.0,0.0,0.0,0.0,0.0,0.0,0.0,26.37,25.9,25.11,-109,7.0
2026-09-07 02:35:55,Laboratorios Civil Inferior,38.81,Silence,0.0,39.41,Silence,0.0,0.0,0.0,0.0,0.0,0.0,0.0,0.0,0.0,0.0,39.35,38.82,38.22,-117,1.0
2026-09-07 02:38:02,Laboratorios Civil Central,52.17,Group 1 (Common),84.81,53.68,Group 1 (Common),52.12,0.0,0.0,0.0,0.0,84.81,0.0,0.22,0.0,14.93,54.25,52.35,49.93,-105,12.0
2026-09-07 02:38:03,Lobby Eléctrica,55.62,Mixed,59.11,57.49,Group 2 (Impact),0.0,55.84,55.1,0.0,0.0,0.0,34.9,59.11,0.91,4.9,58.4,55.18,53.3,-97,12.5
2026-09-07 02:38:08,Laboratorios Eléctrica Superior,12.75,Silence,0.0,13.55,Silence,0.0,0.0,0.0,0.0,0.0,0.0,0.0,0.0,0.0,0.0,13.48,12.69,12.26,-103,4.5
2026-09-07 02:38:11,Pasillo Decanato Civil,19.59,Silence,0.0,20.23,Silence,0.0,0.0,0.0,0.0,0.0,0.0,0.0,0.0,0.0,0.0,20.1,19.68,18.74,-99,13.8
2026-09-07 02:38:14,Lobby Civil,41.41,Silence,0.0,42.45,Silence,0.0,0.0,0.0,0.0,0.0,0.0,0.0,0.0,0.0,0.0,42.87,41.27,40.01,-107,11.2
2026-09-07 02:38:15,Pasillo Salones Eléctrica,30.02,Silence,0.0,31.1,Silence,0.0,0.0,0.0,0.0,0.0,0.0,0.0,0.0,0.0,0.0,30.94,30.04,28.88,-107,6.8
2026-09-07 02:38:18,Laboratorios Eléctrica Centro,19.06,Silence,0.0,27.91,Silence,0.0,0.0,0.0,0.0,0.0,0.0,0.0,0.0,0.0,0.0,25.5,17.54,15.58,-113,5.8
2026-09-07 02:38:20,Pasillo Salones Civil,52.77,Mixed,52.52,54.75,Group 2 (Impact),52.39,52.94,0.0,0.0,0.0,41.32,52.52,1.61,0.65,3.82,55.81,52.02,51.79,-107,10.5
2026-09-07 02:38:25,Pasillo Decanato Eléctrica,21.23,Silence,0.0,21.95,Silence,0.0,0.0,0.0,0.0,0.0,0.0,0.0,0.0,0.0,0.0,21.96,21.4,20.01,-103,9.0
2026-09-07 02:38:25,Laboratorios Civil Superior,30.52,Silence,0.0,31.87,Silence,0.0,0.0,0.0,0.0,0.0,0.0,0.0,0.0,0.0,0.0,32.04,30.48,28.94,-99,10.0
2026-09-07 02:38:29,Salón - Uma Civil,40.04,Silence,0.0,40.69,Silence,0.0,0.0,0.0,0.0,0.0,0.0,0.0,0.0,0.0,0.0,40.89,39.7,39.35,-111,10.5
2026-09-07 02:38:37,Salón - Extremo Civil,31.15,Silence,0.0,31.78,Silence,0.0,0.0,0.0,0.0,0.0,0.0,0.0,0.0,0.0,0.0,31.8,31.05,30.64,-97,12.8
2026-09-07 02:38:46,Salón - Extremo Eléctrica,14.77,Silence,0.0,15.36,Silence,0.0,0.0,0.0,0.0,0.0,0.0,0.0,0.0,0.0,0.0,15.39,14.84,13.59,-91,11.2
2026-09-07 02:38:50,Salón - Uma Eléctrica,43.43,Silence,0.0,44.1,Silence,0.0,0.0,0.0,0.0,0.0,0.0,0.0,0.0,0.0,0.0,44.25,43.47,42.73,-114,-4.0
2026-09-07 02:39:02,Laboratorios Eléctrica Inferior,26.15,Silence,0.0,27.6,Silence,0.0,0.0,0.0,0.0,0.0,0.0,0.0,0.0,0.0,0.0,26.69,26.02,25.88,-103,9.8
2026-09-07 02:40:55,Laboratorios Civil Inferior,40.15,Silence,0.0,41.05,Silence,0.0,0.0,0.0,0.0,0.0,0.0,0.0,0.0,0.0,0.0,40.88,40.07,39.46,-119,-4.8
2026-09-07 02:43:02,Laboratorios Civil Central,51.48,Group 1 (Common),85.81,53.08,Group 1 (Common),51.48,0.0,0.0,0.0,0.0,85.81,0.09,0.0,0.0,13.98,52.41,51.34,50.32,-108,-0.2
2026-09-07 02:43:03,Lobby Eléctrica,27.84,Silence,0.0,28.42,Silence,0.0,0.0,0.0,0.0,0.0,0.0,0.0,0.0,0.0,0.0,28.41,27.93,26.55,-109,8.2
2026-09-07 02:43:08,Laboratorios Eléctrica Superior,14.2,Silence,0.0,15.09,Silence,0.0,0.0,0.0,0.0,0.0,0.0,0.0,0.0,0.0,0.0,15.06,14.11,12.8,-102,2.5
2026-09-07 02:43:11,Pasillo Decanato Civil,19.81,Silence,0.0,20.49,Silence,0.0,0.0,0.0,0.0,0.0,0.0,0.0,0.0,0.0,0.0,20.19,19.86,19.41,-103,8.0
2026-09-07 02:43:14,Lobby Civil,41.82,Silence,0.0,43.61,Silence,0.0,0.0,0.0,0.0,0.0,0.0,0.0,0.0,0.0,0.0,44.7,41.22,40.26,-101,12.5
2026-09-07 02:43:15,Pasillo Salones Eléctrica,28.97,Silence,0.0,30.35,Silence,0.0,0.0,0.0,0.0,0.0,0.0,0.0,0.0,0.0,0.0,29.63,29.12,28.06,-99,12.5
2026-09-07 02:43:18,Laboratorios Eléctrica Centro,14.99,Silence,0.0,16.3,Silence,0.0,0.0,0.0,0.0,0.0,0.0,0.0,0.0,0.0,0.0,15.4,14.96,14.41,-117,0.8
2026-09-07 02:43:20,Pasillo Salones Civil,52.11,Group 1 (Common),78.95,52.63,Group 1 (Common),52.06,0.0,0.0,0.0,0.0,78.95,13.28,0.04,1.17,6.6,52.46,52.23,51.41,-97,12.0
2026-09-07 02:43:22,Pasillo Decanato Eléctrica,19.86,Silence,0.0,23.05,Silence,0.0,0.0,0.0,0.0,0.0,0.0,0.0,0.0,0.0,0.0,21.0,19.58,18.97,-102,12.8
2026-09-07 02:43:25,Laboratorios Civil Superior,29.77,Silence,0.0,30.64,Silence,0.0,0.0,0.0,0.0,0.0,0.0,0.0,0.0,0.0,0.0,30.53,29.66,28.95,-103,10.5
2026-09-07 02:43:29,Salón - Uma Civil,39.86,Silence,0.0,40.75,Silence,0.0,0.0,0.0,0.0,0.0,0.0,0.0,0.0,0.0,0.0,40.76,39.71,38.51,-102,11.2
2026-09-07 02:43:37,Salón - Extremo Civil,32.44,Silence,0.0,32.97,Silence,0.0,0.0,0.0,0.0,0.0,0.0,0.0,0.0,0.0,0.0,32.73,32.56,31.99,-96,11.8
2026-09-07 02:43:46,Salón - Extremo Eléctrica,15.14,Silence,0.0,16.04,Silence,0.0,0.0,0.0,0.0,0.0,0.0,0.0,0.0,0.0,0.0,15.92,14.99,14.5,-84,10.2
2026-09-07 02:43:50,Salón - Uma Eléctrica,43.23,Silence,0.0,44.5,Silence,0.0,0.0,0.0,0.0,0.0,0.0,0.0,0.0,0.0,0.0,44.42,43.2,42.02,-109,9.0
2026-09-07 02:44:02,Laboratorios Eléctrica Inferior,25.46,Silence,0.0,26.32,Silence,0.0,0.0,0.0,0.0,0.0,0.0,0.0,0.0,0.0,0.0,26.03,25.4,24.8,-119,-3.8
2026-09-07 02:45:55,Laboratorios Civil Inferior,40.82,Silence,0.0,41.28,Silence,0.0,0.0,0.0,0.0,0.0,0.0,0.0,0.0,0.0,0.0,41.36,40.82,40.26,-109,-2.2
2026-09-07 02:48:02,Laboratorios Civil Central,51.64,Group 1 (Common),86.76,52.67,Group 1 (Common),51.31,0.0,0.0,0.0,0.0,86.76,0.17,0.22,0.04,12.67,53.13,51.55,48.85,-100,12.0
2026-09-07 02:48:03,Lobby Eléctrica,25.89,Silence,0.0,26.57,Silence,0.0,0.0,0.0,0.0,0.0,0.0,0.0,0.0,0.0,0.0,26.8,25.76,25.06,-93,12.8
2026-09-07 02:48:08,Laboratorios Eléctrica Superior,12.6,Silence,0.0,13.37,Silence,0.0,0.0,0.0,0.0,0.0,0.0,0.0,0.0,0.0,0.0,13.11,12.7,11.89,-111,7.0
2026-09-07 02:48:11,Pasillo Decanato Civil,20.38,Silence,0.0,21.44,Silence,0.0,0.0,0.0,0.0,0.0,0.0,0.0,0.0,0.0,0.0,21.51,20.48,19.47,-105,12.2
2026-09-07 02:48:14,Lobby Civil,38.76,Silence,0.0,39.5,Silence,0.0,0.0,0.0,0.0,0.0,0.0,0.0,0.0,0.0,0.0,39.79,38.75,37.83,-97,12.5
2026-09-07 02:48:15,Pasillo Salones Eléctrica,29.92,Silence,0.0,30.53,Silence,0.0,0.0,0.0,0.0,0.0,0.0,0.0,0.0,0.0,0.0,30.63,29.84,29.13,-96,12.0
2026-09-07 02:48:18,Laboratorios Eléctrica Centro,33.85,Silence,0.0,35.67,Silence,0.0,0.0,0.0,0.0,0.0,0.0,0.0,0.0,0.0,0.0,35.84,34.23,29.57,-111,4.8
2026-09-07 02:48:20,Pasillo Salones Civil,51.98,Mixed,52.65,52.62,Group 2 (Impact),51.83,52.18,0.0,0.0,0.0,44.57,52.65,0.35,0.87,1.52,52.71,52.03,51.31,-97,12.5
2026-09-07 02:48:22,Pasillo Decanato Eléctrica,19.66,Silence,0.0,20.3,Silence,0.0,0.0,0.0,0.0,0.0,0.0,0.0,0.0,0.0,0.0,20.37,19.6,18.99,-103,12.2
2026-09-07 02:48:25,Laboratorios Civil Superior,30.5,Silence,0.0,31.67,Silence,0.0,0.0,0.0,0.0,0.0,0.0,0.0,0.0,0.0,0.0,31.46,30.94,29.07,-117,5.0
2026-09-07 02:48:29,Salón - Uma Civil,40.31,Silence,0.0,40.84,Silence,0.0,0.0,0.0,0.0,0.0,0.0,0.0,0.0,0.0,0.0,40.79,40.34,39.66,-108,5.8
2026-09-07 02:48:37,Salón - Extremo Civil,32.39,Silence,0.0,33.24,Silence,0.0,0.0,0.0,0.0,0.0,0.0,0.0,0.0,0.0,0.0,32.7,32.36,32.02,-105,11.5
2026-09-07 02:48:46,Salón - Extremo Eléctrica,14.5,Silence,0.0,15.28,Silence,0.0,0.0,0.0,0.0,0.0,0.0,0.0,0.0,0.0,0.0,14.98,14.43,13.98,-87,11.2
2026-09-07 02:48:50,Salón - Uma Eléctrica,43.17,Silence,0.0,43.85,Silence,0.0,0.0,0.0,0.0,0.0,0.0,0.0,0.0,0.0,0.0,43.84,43.14,42.38,-113,-1.8
2026-09-07 02:49:02,Laboratorios Eléctrica Inferior,26.43,Silence,0.0,27.84,Silence,0.0,0.0,0.0,0.0,0.0,0.0,0.0,0.0,0.0,0.0,27.4,26.42,25.72,-107,10.5
2026-09-07 02:50:55,Laboratorios Civil Inferior,39.84,Silence,0.0,40.76,Silence,0.0,0.0,0.0,0.0,0.0,0.0,0.0,0.0,0.0,0.0,41.23,39.72,38.61,-121,-13.8
2026-09-07 02:53:02,Laboratorios Civil Central,52.25,Group 1 (Common),88.72,53.63,Group 1 (Common),51.93,0.0,0.0,0.0,0.0,88.72,0.04,0.04,0.0,11.07,53.68,52.01,50.37,-117,2.2
2026-09-07 02:53:03,Lobby Eléctrica,26.3,Silence,0.0,27.05,Silence,0.0,0.0,0.0,0.0,0.0,0.0,0.0,0.0,0.0,0.0,26.69,26.46,25.58,-95,10.0
2026-09-07 02:53:08,Laboratorios Eléctrica Superior,13.03,Silence,0.0,13.82,Silence,0.0,0.0,0.0,0.0,0.0,0.0,0.0,0.0,0.0,0.0,14.2,12.78,12.47,-96,12.2
2026-09-07 02:53:11,Pasillo Decanato Civil,20.72,Silence,0.0,21.71,Silence,0.0,0.0,0.0,0.0,0.0,0.0,0.0,0.0,0.0,0.0,21.37,20.7,19.73,-103,10.5
2026-09-07 02:53:15,Lobby Civil,46.08,Mixed,53.65,47.79,Group 1 (Common),47.21,45.94,0.0,45.01,0.0,16.88,53.65,0.0,29.43,0.0,47.43,46.08,44.22,-99,13.2
2026-09-07 02:53:15,Pasillo Salones Eléctrica,30.06,Silence,0.0,30.71,Silence,0.0,0.0,0.0,0.0,0.0,0.0,0.0,0.0,0.0,0.0,30.69,30.0,29.4,-109,9.8
2026-09-07 02:53:18,Laboratorios Eléctrica Centro,31.14,Silence,0.0,36.35,Silence,0.0,0.0,0.0,0.0,0.0,0.0,0.0,0.0,0.0,0.0,36.59,28.4,17.5,-108,7.5
2026-09-07 02:53:20,Pasillo Salones Civil,52.52,Mixed,51.87,53.3,Group 2 (Impact),52.21,52.26,0.0,0.0,0.0,42.45,51.87,0.13,0.65,4.86,53.34,52.29,51.83,-106,6.8
2026-09-07 02:53:22,Pasillo Decanato Eléctrica,19.5,Silence,0.0,20.25,Silence,0.0,0.0,0.0,0.0,0.0,0.0,0.0,0.0,0.0,0.0,20.41,19.37,18.61,-117,-4.5
2026-09-07 02:53:25,Laboratorios Civil Superior,29.61,Silence,0.0,30.75,Silence,0.0,0.0,0.0,0.0,0.0,0.0,0.0,0.0,0.0,0.0,30.92,29.71,28.46,-105,10.8
2026-09-07 02:53:29,Salón - Uma Civil,40.72,Silence,0.0,41.13,Silence,0.0,0.0,0.0,0.0,0.0,0.0,0.0,0.0,0.0,0.0,41.25,40.66,40.25,-111,-2.5
2026-09-07 02:53:37,Salón - Extremo Civil,32.24,Silence,0.0,33.35,Silence,0.0,0.0,0.0,0.0,0.0,0.0,0.0,0.0,0.0,0.0,33.69,32.09,31.46,-99,13.0
2026-09-07 02:53:46,Salón - Extremo Eléctrica,14.45,Silence,0.0,15.04,Silence,0.0,0.0,0.0,0.0,0.0,0.0,0.0,0.0,0.0,0.0,14.99,14.43,13.99,-91,8.8
2026-09-07 02:53:51,Salón - Uma Eléctrica,43.1,Silence,0.0,44.3,Silence,0.0,0.0,0.0,0.0,0.0,0.0,0.0,0.0,0.0,0.0,44.63,42.98,42.12,-111,10.2
2026-09-07 02:54:02,Laboratorios Eléctrica Inferior,25.9,Silence,0.0,26.33,Silence,0.0,0.0,0.0,0.0,0.0,0.0,0.0,0.0,0.0,0.0,26.35,25.76,25.37,-107,5.8
2026-09-07 02:55:55,Laboratorios Civil Inferior,40.27,Silence,0.0,41.24,Silence,0.0,0.0,0.0,0.0,0.0,0.0,0.0,0.0,0.0,0.0,41.4,40.22,39.46,-120,-2.8
2026-09-07 02:58:02,Laboratorios Civil Central,52.66,Group 1 (Common),91.8,53.93,Group 1 (Common),52.68,0.0,0.0,0.0,0.0,91.8,0.04,0.17,0.0,7.9,53.83,52.84,50.91,-102,12.0
2026-09-07 02:58:03,Lobby Eléctrica,26.61,Silence,0.0,27.55,Silence,0.0,0.0,0.0,0.0,0.0,0.0,0.0,0.0,0.0,0.0,27.12,26.56,25.93,-95,13.2
2026-09-07 02:58:08,Laboratorios Eléctrica Superior,22.67,Silence,0.0,23.5,Silence,0.0,0.0,0.0,0.0,0.0,0.0,0.0,0.0,0.0,0.0,23.32,22.35,21.75,-94,9.8
2026-09-07 02:58:11,Pasillo Decanato Civil,19.22,Silence,0.0,20.25,Silence,0.0,0.0,0.0,0.0,0.0,0.0,0.0,0.0,0.0,0.0,20.15,19.1,18.37,-99,5.5
2026-09-07 02:58:15,Lobby Civil,38.27,Silence,0.0,38.76,Silence,0.0,0.0,0.0,0.0,0.0,0.0,0.0,0.0,0.0,0.0,38.69,38.14,37.72,-101,12.8
2026-09-07 02:58:15,Pasillo Salones Eléctrica,29.69,Silence,0.0,30.26,Silence,0.0,0.0,0.0,0.0,0.0,0.0,0.0,0.0,0.0,0.0,30.17,29.59,29.41,-96,12.8
2026-09-07 02:58:18,Laboratorios Eléctrica Centro,30.11,Silence,0.0,34.62,Silence,0.0,0.0,0.0,0.0,0.0,0.0,0.0,0.0,0.0,0.0,36.25,26.32,25.79,-107,10.8
2026-09-07 02:58:20,Pasillo Salones Civil,52.17,Mixed,59.98,53.04,Group 2 (Impact),52.11,52.45,0.0,0.0,0.0,59.98,29.9,3.34,0.17,6.34,52.86,51.9,51.71,-103,5.5
2026-09-07 02:58:22,Pasillo Decanato Eléctrica,19.65,Silence,0.0,20.53,Silence,0.0,0.0,0.0,0.0,0.0,0.0,0.0,0.0,0.0,0.0,20.68,19.51,18.31,-102,11.5
2026-09-07 02:58:25,Laboratorios Civil Superior,31.03,Silence,0.0,32.77,Silence,0.0,0.0,0.0,0.0,0.0,0.0,0.0,0.0,0.0,0.0,32.88,31.09,28.71,-102,10.2
2026-09-07 02:58:29,Salón - Uma Civil,40.14,Silence,0.0,40.93,Silence,0.0,0.0,0.0,0.0,0.0,0.0,0.0,0.0,0.0,0.0,41.03,40.11,39.16,-107,10.8
2026-09-07 02:58:37,Salón - Extremo Civil,32.3,Silence,0.0,33.24,Silence,0.0,0.0,0.0,0.0,0.0,0.0,0.0,0.0,0.0,0.0,33.46,32.33,31.16,-89,12.8
2026-09-07 02:58:46,Salón - Extremo Eléctrica,14.87,Silence,0.0,15.78,Silence,0.0,0.0,0.0,0.0,0.0,0.0,0.0,0.0,0.0,0.0,15.44,14.92,14.2,-93,11.5
2026-09-07 02:58:51,Salón - Uma Eléctrica,43.14,Silence,0.0,43.74,Silence,0.0,0.0,0.0,0.0,0.0,0.0,0.0,0.0,0.0,0.0,44.13,43.19,42.47,-106,9.0
2026-09-07 02:59:06,Laboratorios Eléctrica Inferior,29.1,Silence,0.0,29.9,Silence,0.0,0.0,0.0,0.0,0.0,0.0,0.0,0.0,0.0,0.0,30.22,28.75,28.59,-120,-11.5
2026-09-07 03:00:55,Laboratorios Civil Inferior,41.22,Silence,0.0,42.14,Silence,0.0,0.0,0.0,0.0,0.0,0.0,0.0,0.0,0.0,0.0,41.93,41.58,40.05,-113,1.2
2026-09-07 03:03:02,Laboratorios Civil Central,51.63,Group 1 (Common),78.13,53.73,Group 1 (Common),51.11,0.0,0.0,0.0,0.0,78.13,0.05,0.05,0.05,21.68,54.1,50.63,47.74,-113,3.0
2026-09-07 03:03:03,Lobby Eléctrica,23.12,Silence,0.0,24.06,Silence,0.0,0.0,0.0,0.0,0.0,0.0,0.0,0.0,0.0,0.0,23.78,23.17,22.43,-103,9.0
2026-09-07 03:03:09,Laboratorios Eléctrica Superior,14.91,Silence,0.0,16.15,Silence,0.0,0.0,0.0,0.0,0.0,0.0,0.0,0.0,0.0,0.0,15.47,15.03,14.43,-96,13.0
2026-09-07 03:03:11,Pasillo Decanato Civil,19.77,Silence,0.0,20.79,Silence,0.0,0.0,0.0,0.0,0.0,0.0,0.0,0.0,0.0,0.0,20.36,19.75,18.98,-102,11.2
2026-09-07 03:03:15,Lobby Civil,38.14,Silence,0.0,39.24,Silence,0.0,0.0,0.0,0.0,0.0,0.0,0.0,0.0,0.0,0.0,38.86,38.09,37.28,-96,10.8
2026-09-07 03:03:15,Pasillo Salones Eléctrica,29.71,Silence,0.0,30.33,Silence,0.0,0.0,0.0,0.0,0.0,0.0,0.0,0.0,0.0,0.0,30.18,29.83,29.14,-107,9.8
2026-09-07 03:03:18,Laboratorios Eléctrica Centro,18.13,Silence,0.0,18.87,Silence,0.0,0.0,0.0,0.0,0.0,0.0,0.0,0.0,0.0,0.0,18.86,18.14,17.63,-111,6.2
2026-09-07 03:03:20,Pasillo Salones Civil,52.3,Mixed,47.74,52.9,Group 2 (Impact),52.2,52.49,0.0,0.0,0.0,47.74,47.18,0.48,0.91,3.6,52.95,52.19,51.7,-94,12.8
2026-09-07 03:03:22,Pasillo Decanato Eléctrica,20.05,Silence,0.0,21.0,Silence,0.0,0.0,0.0,0.0,0.0,0.0,0.0,0.0,0.0,0.0,20.78,19.94,19.11,-102,12.2
2026-09-07 03:03:25,Laboratorios Civil Superior,28.96,Silence,0.0,29.58,Silence,0.0,0.0,0.0,0.0,0.0,0.0,0.0,0.0,0.0,0.0,29.55,28.89,28.23,-103,8.0
2026-09-07 03:03:29,Salón - Uma Civil,40.14,Silence,0.0,40.64,Silence,0.0,0.0,0.0,0.0,0.0,0.0,0.0,0.0,0.0,0.0,40.69,40.03,39.8,-106,-3.2
2026-09-07 03:03:37,Salón - Extremo Civil,32.3,Silence,0.0,33.12,Silence,0.0,0.0,0.0,0.0,0.0,0.0,0.0,0.0,0.0,0.0,32.59,32.44,31.4,-83,11.5
2026-09-07 03:03:46,Salón - Extremo Eléctrica,14.56,Silence,0.0,15.33,Silence,0.0,0.0,0.0,0.0,0.0,0.0,0.0,0.0,0.0,0.0,15.61,14.39,13.75,-93,11.2
2026-09-07 03:03:51,Salón - Uma Eléctrica,43.37,Silence,0.0,44.34,Silence,0.0,0.0,0.0,0.0,0.0,0.0,0.0,0.0,0.0,0.0,44.2,43.35,42.47,-109,9.5
2026-09-07 03:04:02,Laboratorios Eléctrica Inferior,27.05,Silence,0.0,29.63,Silence,0.0,0.0,0.0,0.0,0.0,0.0,0.0,0.0,0.0,0.0,29.22,26.79,25.5,-118,-8.0
2026-09-07 03:05:55,Laboratorios Civil Inferior,41.41,Silence,0.0,42.26,Silence,0.0,0.0,0.0,0.0,0.0,0.0,0.0,0.0,0.0,0.0,42.46,41.4,40.39,-117,0.2
2026-09-07 03:08:02,Laboratorios Civil Central,51.48,Mixed,68.9,52.69,Group 1 (Common),51.59,0.0,0.0,0.0,0.0,68.9,0.0,0.0,0.0,30.96,52.69,51.53,48.57,-112,
2026-09-07 03:08:03,Lobby Eléctrica,25.12,Silence,0.0,25.84,Silence,0.0,0.0,0.0,0.0,0.0,0.0,0.0,0.0,0.0,0.0,25.71,25.05,24.19,-107,5.8
2026-09-07 03:08:08,Laboratorios Eléctrica Superior,19.86,Silence,0.0,21.16,Silence,0.0,0.0,0.0,0.0,0.0,0.0,0.0,0.0,0.0,0.0,20.92,20.42,17.84,-99,13.2
2026-09-07 03:08:11,Pasillo Decanato Civil,19.65,Silence,0.0,20.45,Silence,0.0,0.0,0.0,0.0,0.0,0.0,0.0,0.0,0.0,0.0,20.83,19.68,18.67,-107,12.2
2026-09-07 03:08:15,Lobby Civil,38.24,Silence,0.0,38.59,Silence,0.0,0.0,0.0,0.0,0.0,0.0,0.0,0.0,0.0,0.0,38.7,38.15,37.97,-99,11.8
2026-09-07 03:08:15,Pasillo Salones Eléctrica,29.67,Silence,0.0,30.33,Silence,0.0,0.0,0.0,0.0,0.0,0.0,0.0,0.0,0.0,0.0,30.17,29.57,28.81,-103,8.5
2026-09-07 03:08:18,Laboratorios Eléctrica Centro,24.82,Silence,0.0,25.47,Silence,0.0,0.0,0.0,0.0,0.0,0.0,0.0,0.0,0.0,0.0,25.19,24.87,24.2,-108,9.2
2026-09-07 03:08:20,Pasillo Salones Civil,14.67,Silence,0.0,15.28,Silence,0.0,0.0,0.0,0.0,0.0,0.0,0.0,0.0,0.0,0.0,15.31,14.79,14.23,-101,12.8
2026-09-07 03:08:22,Pasillo Decanato Eléctrica,19.61,Silence,0.0,20.29,Silence,0.0,0.0,0.0,0.0,0.0,0.0,0.0,0.0,0.0,0.0,20.63,19.39,18.8,-102,8.8
2026-09-07 03:08:25,Laboratorios Civil Superior,30.93,Silence,0.0,31.73,Silence,0.0,0.0,0.0,0.0,0.0,0.0,0.0,0.0,0.0,0.0,32.06,30.71,30.0,-102,11.8
2026-09-07 03:08:29,Salón - Uma Civil,9.17,Silence,0.0,9.94,Silence,0.0,0.0,0.0,0.0,0.0,0.0,0.0,0.0,0.0,0.0,9.88,9.07,8.95,-111,6.0
2026-09-07 03:08:37,Salón - Extremo Civil,13.07,Silence,0.0,13.78,Silence,0.0,0.0,0.0,0.0,0.0,0.0,0.0,0.0,0.0,0.0,14.14,12.95,12.37,-87,12.0
2026-09-07 03:08:46,Salón - Extremo Eléctrica,14.59,Silence,0.0,15.23,Silence,0.0,0.0,0.0,0.0,0.0,0.0,0.0,0.0,0.0,0.0,15.16,14.61,13.96,-83,10.2
2026-09-07 03:08:51,Salón - Uma Eléctrica,43.38,Silence,0.0,44.26,Silence,0.0,0.0,0.0,0.0,0.0,0.0,0.0,0.0,0.0,0.0,44.15,43.48,42.11,-109,9.2
2026-09-07 03:09:02,Laboratorios Eléctrica Inferior,29.04,Silence,0.0,30.25,Silence,0.0,0.0,0.0,0.0,0.0,0.0,0.0,0.0,0.0,0.0,30.16,29.33,26.93,-107,10.2
2026-09-07 03:10:55,Laboratorios Civil Inferior,41.7,Silence,0.0,42.49,Silence,0.0,0.0,0.0,0.0,0.0,0.0,0.0,0.0,0.0,0.0,42.4,41.26,41.04,-115,-3.5
2026-09-07 03:13:02,Laboratorios Civil Central,51.98,Mixed,63.54,54.78,Group 5 (Vehicle),52.25,0.0,0.0,0.0,52.32,36.41,0.0,0.0,0.0,63.54,54.55,51.03,48.86,-101,11.8
2026-09-07 03:13:03,Lobby Eléctrica,24.26,Silence,0.0,25.02,Silence,0.0,0.0,0.0,0.0,0.0,0.0,0.0,0.0,0.0,0.0,25.32,24.11,23.34,-107,10.5
2026-09-07 03:13:08,Laboratorios Eléctrica Superior,16.82,Silence,0.0,17.81,Silence,0.0,0.0,0.0,0.0,0.0,0.0,0.0,0.0,0.0,0.0,17.48,17.03,16.01,-109,7.8
2026-09-07 03:13:11,Pasillo Decanato Civil,19.48,Silence,0.0,20.25,Silence,0.0,0.0,0.0,0.0,0.0,0.0,0.0,0.0,0.0,0.0,19.83,19.54,18.64,-95,11.8
2026-09-07 03:13:15,Lobby Civil,40.06,Silence,0.0,41.93,Silence,0.0,0.0,0.0,0.0,0.0,0.0,0.0,0.0,0.0,0.0,41.85,40.09,36.77,-99,12.8
2026-09-07 03:13:15,Pasillo Salones Eléctrica,29.47,Silence,0.0,30.21,Silence,0.0,0.0,0.0,0.0,0.0,0.0,0.0,0.0,0.0,0.0,30.22,29.45,28.87,-96,12.8
2026-09-07 03:13:18,Laboratorios Eléctrica Centro,22.81,Silence,0.0,23.38,Silence,0.0,0.0,0.0,0.0,0.0,0.0,0.0,0.0,0.0,0.0,23.16,22.76,22.44,-114,3.0
2026-09-07 03:13:20,Pasillo Salones Civil,14.44,Silence,0.0,15.02,Silence,0.0,0.0,0.0,0.0,0.0,0.0,0.0,0.0,0.0,0.0,14.93,14.48,13.81,-107,8.2
2026-09-07 03:13:22,Pasillo Decanato Eléctrica,18.93,Silence,0.0,19.51,Silence,0.0,0.0,0.0,0.0,0.0,0.0,0.0,0.0,0.0,0.0,19.35,18.91,18.25,-103,12.2
2026-09-07 03:13:25,Laboratorios Civil Superior,31.72,Silence,0.0,32.74,Silence,0.0,0.0,0.0,0.0,0.0,0.0,0.0,0.0,0.0,0.0,33.14,31.55,29.69,-102,10.0
2026-09-07 03:13:29,Salón - Uma Civil,9.5,Silence,0.0,10.28,Silence,0.0,0.0,0.0,0.0,0.0,0.0,0.0,0.0,0.0,0.0,10.12,9.48,8.66,-105,11.5
2026-09-07 03:13:37,Salón - Extremo Civil,13.18,Silence,0.0,13.67,Silence,0.0,0.0,0.0,0.0,0.0,0.0,0.0,0.0,0.0,0.0,13.89,13.16,12.44,-97,9.0
2026-09-07 03:13:46,Salón - Extremo Eléctrica,14.62,Silence,0.0,15.19,Silence,0.0,0.0,0.0,0.0,0.0,0.0,0.0,0.0,0.0,0.0,15.03,14.65,13.99,-93,11.0
2026-09-07 03:13:51,Salón - Uma Eléctrica,43.06,Silence,0.0,43.56,Silence,0.0,0.0,0.0,0.0,0.0,0.0,0.0,0.0,0.0,0.0,43.37,43.16,42.45,-111,-4.2
2026-09-07 03:14:02,Laboratorios Eléctrica Inferior,27.84,Silence,0.0,28.56,Silence,0.0,0.0,0.0,0.0,0.0,0.0,0.0,0.0,0.0,0.0,28.89,27.73,27.19,-118,-3.8
2026-09-07 03:15:55,Laboratorios Civil Inferior,40.32,Silence,0.0,41.08,Silence,0.0,0.0,0.0,0.0,0.0,0.0,0.0,0.0,0.0,0.0,40.94,40.34,39.28,-107,-1.2
2026-09-07 03:18:02,Laboratorios Civil Central,49.52,Mixed,52.34,50.91,Group 1 (Common),49.59,0.0,0.0,0.0,49.73,52.34,0.13,0.0,0.0,47.31,50.6,49.58,48.3,-103,11.5
2026-09-07 03:18:03,Lobby Eléctrica,26.88,Silence,0.0,27.85,Silence,0.0,0.0,0.0,0.0,0.0,0.0,0.0,0.0,0.0,0.0,27.9,27.02,25.42,-95,12.5
2026-09-07 03:18:08,Laboratorios Eléctrica Superior,20.37,Silence,0.0,21.01,Silence,0.0,0.0,0.0,0.0,0.0,0.0,0.0,0.0,0.0,0.0,21.29,20.09,19.37,-96,9.2
2026-09-07 03:18:11,Pasillo Decanato Civil,19.6,Silence,0.0,20.59,Silence,0.0,0.0,0.0,0.0,0.0,0.0,0.0,0.0,0.0,0.0,20.71,19.58,18.86,-107,10.2
2026-09-07 03:18:15,Lobby Civil,39.67,Silence,0.0,41.2,Silence,0.0,0.0,0.0,0.0,0.0,0.0,0.0,0.0,0.0,0.0,41.56,39.74,38.18,-101,11.8
2026-09-07 03:18:15,Pasillo Salones Eléctrica,29.63,Silence,0.0,30.49,Silence,0.0,0.0,0.0,0.0,0.0,0.0,0.0,0.0,0.0,0.0,30.97,29.5,28.98,-96,11.8
2026-09-07 03:18:18,Laboratorios Eléctrica Centro,26.81,Silence,0.0,29.27,Silence,0.0,0.0,0.0,0.0,0.0,0.0,0.0,0.0,0.0,0.0,29.2,27.11,23.45,-113,5.2
2026-09-07 03:18:20,Pasillo Salones Civil,14.79,Silence,0.0,15.87,Silence,0.0,0.0,0.0,0.0,0.0,0.0,0.0,0.0,0.0,0.0,16.1,14.57,14.3,-97,12.0
2026-09-07 03:18:22,Pasillo Decanato Eléctrica,19.59,Silence,0.0,20.2,Silence,0.0,0.0,0.0,0.0,0.0,0.0,0.0,0.0,0.0,0.0,19.95,19.65,19.06,-117,-0.5
2026-09-07 03:18:25,Laboratorios Civil Superior,31.3,Silence,0.0,32.27,Silence,0.0,0.0,0.0,0.0,0.0,0.0,0.0,0.0,0.0,0.0,32.29,31.12,30.41,-103,11.8
2026-09-07 03:18:29,Salón - Uma Civil,10.0,Silence,0.0,11.36,Silence,0.0,0.0,0.0,0.0,0.0,0.0,0.0,0.0,0.0,0.0,11.65,10.03,8.81,-112,4.2
2026-09-07 03:18:37,Salón - Extremo Civil,13.74,Silence,0.0,14.36,Silence,0.0,0.0,0.0,0.0,0.0,0.0,0.0,0.0,0.0,0.0,14.28,13.87,12.24,-89,12.5
2026-09-07 03:18:46,Salón - Extremo Eléctrica,14.7,Silence,0.0,15.52,Silence,0.0,0.0,0.0,0.0,0.0,0.0,0.0,0.0,0.0,0.0,15.03,14.66,14.43,-82,11.2
2026-09-07 03:18:51,Salón - Uma Eléctrica,43.41,Silence,0.0,44.02,Silence,0.0,0.0,0.0,0.0,0.0,0.0,0.0,0.0,0.0,0.0,44.19,43.25,42.66,-117,-1.2
2026-09-07 03:19:02,Laboratorios Eléctrica Inferior,27.74,Silence,0.0,28.56,Silence,0.0,0.0,0.0,0.0,0.0,0.0,0.0,0.0,0.0,0.0,28.79,27.58,26.79,-120,-3.5
2026-09-07 03:20:55,Laboratorios Civil Inferior,45.35,Group 1 (Common),73.83,45.98,Group 1 (Common),45.2,0.0,0.0,0.0,0.0,73.83,24.78,0.0,0.82,0.3,45.94,45.37,44.83,-113,1.0
2026-09-07 03:23:02,Laboratorios Civil Central,50.63,Mixed,63.32,52.74,Group 1 (Common),50.82,0.0,0.0,0.0,51.12,63.32,0.09,0.0,0.0,36.55,53.05,50.19,49.39,-117,-2.2
2026-09-07 03:23:03,Lobby Eléctrica,33.86,Silence,0.0,34.65,Silence,0.0,0.0,0.0,0.0,0.0,0.0,0.0,0.0,0.0,0.0,34.55,33.8,33.0,-101,12.5
2026-09-07 03:23:08,Laboratorios Eléctrica Superior,20.4,Silence,0.0,21.7,Silence,0.0,0.0,0.0,0.0,0.0,0.0,0.0,0.0,0.0,0.0,20.99,20.54,19.54,-97,13.2
2026-09-07 03:23:11,Pasillo Decanato Civil,20.35,Silence,0.0,21.63,Silence,0.0,0.0,0.0,0.0,0.0,0.0,0.0,0.0,0.0,0.0,21.41,20.47,19.25,-101,6.8
2026-09-07 03:23:15,Lobby Civil,48.43,Mixed,53.17,49.13,Group 1 (Common),48.38,0.0,0.0,0.0,48.46,53.17,0.22,0.04,0.26,46.4,49.2,48.31,47.38,-95,12.8
2026-09-07 03:23:15,Pasillo Salones Eléctrica,29.32,Silence,0.0,30.36,Silence,0.0,0.0,0.0,0.0,0.0,0.0,0.0,0.0,0.0,0.0,30.5,29.33,28.35,-97,12.2
2026-09-07 03:23:18,Laboratorios Eléctrica Centro,25.49,Silence,0.0,26.09,Silence,0.0,0.0,0.0,0.0,0.0,0.0,0.0,0.0,0.0,0.0,25.99,25.59,24.91,-109,7.2
2026-09-07 03:23:20,Pasillo Salones Civil,16.08,Silence,0.0,18.63,Silence,0.0,0.0,0.0,0.0,0.0,0.0,0.0,0.0,0.0,0.0,18.48,15.64,15.07,-97,12.8
2026-09-07 03:23:22,Pasillo Decanato Eléctrica,19.85,Silence,0.0,20.54,Silence,0.0,0.0,0.0,0.0,0.0,0.0,0.0,0.0,0.0,0.0,20.55,20.08,19.07,-107,12.2
2026-09-07 03:23:25,Laboratorios Civil Superior,32.93,Silence,0.0,34.85,Silence,0.0,0.0,0.0,0.0,0.0,0.0,0.0,0.0,0.0,0.0,35.35,32.51,31.44,-102,10.5
2026-09-07 03:23:37,Salón - Extremo Civil,13.62,Silence,0.0,14.42,Silence,0.0,0.0,0.0,0.0,0.0,0.0,0.0,0.0,0.0,0.0,14.64,13.49,13.27,-103,11.5
2026-09-07 03:23:46,Salón - Extremo Eléctrica,14.79,Silence,0.0,15.26,Silence,0.0,0.0,0.0,0.0,0.0,0.0,0.0,0.0,0.0,0.0,15.07,14.81,14.27,-81,11.2
2026-09-07 03:23:51,Salón - Uma Eléctrica,43.68,Silence,0.0,44.39,Silence,0.0,0.0,0.0,0.0,0.0,0.0,0.0,0.0,0.0,0.0,44.37,43.85,42.64,-113,1.5
2026-09-07 03:24:02,Laboratorios Eléctrica Inferior,27.73,Silence,0.0,29.58,Silence,0.0,0.0,0.0,0.0,0.0,0.0,0.0,0.0,0.0,0.0,28.32,27.76,27.03,-119,-6.2
2026-09-07 03:25:55,Laboratorios Civil Inferior,41.08,Silence,0.0,41.94,Silence,0.0,0.0,0.0,0.0,0.0,0.0,0.0,0.0,0.0,0.0,42.01,40.92,40.09,-117,-1.2
2026-09-07 03:28:02,Laboratorios Civil Central,51.85,Mixed,54.21,53.46,Group 1 (Common),51.71,0.0,0.0,0.0,51.7,54.21,0.0,0.0,0.0,45.79,53.8,51.52,48.93,-101,12.5
2026-09-07 03:28:03,Lobby Eléctrica,34.6,Silence,0.0,35.4,Silence,0.0,0.0,0.0,0.0,0.0,0.0,0.0,0.0,0.0,0.0,35.54,34.64,33.21,-95,13.0
2026-09-07 03:28:09,Laboratorios Eléctrica Superior,19.18,Silence,0.0,20.02,Silence,0.0,0.0,0.0,0.0,0.0,0.0,0.0,0.0,0.0,0.0,20.02,19.06,18.38,-103,12.0
2026-09-07 03:28:11,Pasillo Decanato Civil,20.06,Silence,0.0,20.7,Silence,0.0,0.0,0.0,0.0,0.0,0.0,0.0,0.0,0.0,0.0,20.89,19.92,19.54,-105,10.8
2026-09-07 03:28:15,Lobby Civil,37.94,Silence,0.0,38.85,Silence,0.0,0.0,0.0,0.0,0.0,0.0,0.0,0.0,0.0,0.0,38.52,38.0,37.16,-97,11.0
2026-09-07 03:28:15,Pasillo Salones Eléctrica,29.7,Silence,0.0,31.0,Silence,0.0,0.0,0.0,0.0,0.0,0.0,0.0,0.0,0.0,0.0,31.2,29.66,28.55,-101,12.8
2026-09-07 03:28:18,Laboratorios Eléctrica Centro,26.79,Silence,0.0,27.63,Silence,0.0,0.0,0.0,0.0,0.0,0.0,0.0,0.0,0.0,0.0,27.39,26.81,25.95,-108,2.0
2026-09-07 03:28:20,Pasillo Salones Civil,15.4,Silence,0.0,16.26,Silence,0.0,0.0,0.0,0.0,0.0,0.0,0.0,0.0,0.0,0.0,16.15,15.51,14.74,-99,12.2
2026-09-07 03:28:22,Pasillo Decanato Eléctrica,19.67,Silence,0.0,20.54,Silence,0.0,0.0,0.0,0.0,0.0,0.0,0.0,0.0,0.0,0.0,20.54,19.72,18.83,-115,-4.2
2026-09-07 03:28:25,Laboratorios Civil Superior,33.07,Silence,0.0,35.37,Silence,0.0,0.0,0.0,0.0,0.0,0.0,0.0,0.0,0.0,0.0,34.79,33.26,31.39,-109,5.8
2026-09-07 03:28:29,Salón - Uma Civil,20.94,Silence,0.0,27.4,Silence,0.0,0.0,0.0,0.0,0.0,0.0,0.0,0.0,0.0,0.0,29.03,17.42,14.24,-98,11.8
2026-09-07 03:28:37,Salón - Extremo Civil,13.66,Silence,0.0,14.35,Silence,0.0,0.0,0.0,0.0,0.0,0.0,0.0,0.0,0.0,0.0,14.3,13.64,13.12,-87,12.5
2026-09-07 03:28:46,Salón - Extremo Eléctrica,14.7,Silence,0.0,15.31,Silence,0.0,0.0,0.0,0.0,0.0,0.0,0.0,0.0,0.0,0.0,15.39,14.68,14.19,-85,11.0
2026-09-07 03:28:51,Salón - Uma Eléctrica,43.08,Silence,0.0,43.85,Silence,0.0,0.0,0.0,0.0,0.0,0.0,0.0,0.0,0.0,0.0,43.85,43.14,42.14,-108,9.5
2026-09-07 03:29:02,Laboratorios Eléctrica Inferior,28.22,Silence,0.0,29.36,Silence,0.0,0.0,0.0,0.0,0.0,0.0,0.0,0.0,0.0,0.0,28.88,28.43,27.6,-120,-5.5
2026-09-07 03:30:55,Laboratorios Civil Inferior,40.67,Silence,0.0,41.35,Silence,0.0,0.0,0.0,0.0,0.0,0.0,0.0,0.0,0.0,0.0,41.46,40.75,39.36,-115,1.2
2026-09-07 03:33:02,Laboratorios Civil Central,50.49,Mixed,60.5,52.31,Group 1 (Common),50.48,0.0,0.0,0.0,51.67,60.5,0.43,0.0,0.04,38.8,52.09,50.29,47.91,-103,11.8
2026-09-07 03:33:03,Lobby Eléctrica,33.66,Silence,0.0,34.29,Silence,0.0,0.0,0.0,0.0,0.0,0.0,0.0,0.0,0.0,0.0,34.51,33.66,32.82,-109,6.5
2026-09-07 03:33:09,Laboratorios Eléctrica Superior,19.14,Silence,0.0,19.91,Silence,0.0,0.0,0.0,0.0,0.0,0.0,0.0,0.0,0.0,0.0,19.79,19.06,18.54,-106,6.8
2026-09-07 03:33:11,Pasillo Decanato Civil,20.55,Silence,0.0,21.6,Silence,0.0,0.0,0.0,0.0,0.0,0.0,0.0,0.0,0.0,0.0,21.66,20.31,19.72,-101,10.2
2026-09-07 03:33:15,Lobby Civil,39.2,Silence,0.0,40.02,Silence,0.0,0.0,0.0,0.0,0.0,0.0,0.0,0.0,0.0,0.0,40.29,38.86,38.24,-97,8.8
2026-09-07 03:33:15,Pasillo Salones Eléctrica,29.97,Silence,0.0,30.83,Silence,0.0,0.0,0.0,0.0,0.0,0.0,0.0,0.0,0.0,0.0,31.14,29.77,28.93,-99,9.2
2026-09-07 03:33:18,Laboratorios Eléctrica Centro,25.25,Silence,0.0,26.16,Silence,0.0,0.0,0.0,0.0,0.0,0.0,0.0,0.0,0.0,0.0,26.34,25.16,24.39,-115,3.2
2026-09-07 03:33:20,Pasillo Salones Civil,14.93,Silence,0.0,15.78,Silence,0.0,0.0,0.0,0.0,0.0,0.0,0.0,0.0,0.0,0.0,15.55,14.88,14.29,-97,13.0
2026-09-07 03:33:22,Pasillo Decanato Eléctrica,19.62,Silence,0.0,20.25,Silence,0.0,0.0,0.0,0.0,0.0,0.0,0.0,0.0,0.0,0.0,20.2,19.65,18.99,-98,9.5
2026-09-07 03:33:25,Laboratorios Civil Superior,33.22,Silence,0.0,34.6,Silence,0.0,0.0,0.0,0.0,0.0,0.0,0.0,0.0,0.0,0.0,34.88,33.44,31.34,-113,5.8
2026-09-07 03:33:29,Salón - Uma Civil,9.31,Silence,0.0,10.22,Silence,0.0,0.0,0.0,0.0,0.0,0.0,0.0,0.0,0.0,0.0,10.24,8.98,8.72,-101,11.5
2026-09-07 03:33:37,Salón - Extremo Civil,13.65,Silence,0.0,14.31,Silence,0.0,0.0,0.0,0.0,0.0,0.0,0.0,0.0,0.0,0.0,14.41,13.46,13.25,-99,14.0
2026-09-07 03:33:46,Salón - Extremo Eléctrica,14.7,Silence,0.0,15.54,Silence,0.0,0.0,0.0,0.0,0.0,0.0,0.0,0.0,0.0,0.0,15.3,14.83,14.14,-90,11.0
2026-09-07 03:33:51,Salón - Uma Eléctrica,43.21,Silence,0.0,44.09,Silence,0.0,0.0,0.0,0.0,0.0,0.0,0.0,0.0,0.0,0.0,44.27,42.85,42.44,-111,-2.5
2026-09-07 03:34:02,Laboratorios Eléctrica Inferior,29.1,Silence,0.0,29.96,Silence,0.0,0.0,0.0,0.0,0.0,0.0,0.0,0.0,0.0,0.0,30.19,29.03,28.14,-107,7.8
2026-09-07 03:35:55,Laboratorios Civil Inferior,40.84,Silence,0.0,41.48,Silence,0.0,0.0,0.0,0.0,0.0,0.0,0.0,0.0,0.0,0.0,41.84,40.9,39.88,-114,1.2
2026-09-07 03:38:02,Laboratorios Civil Central,51.78,Mixed,63.67,53.49,Group 1 (Common),51.83,0.0,0.0,0.0,50.28,63.67,0.04,0.0,0.0,36.11,53.7,51.74,49.64,-99,9.2
2026-09-07 03:38:07,Lobby Eléctrica,27.41,Silence,0.0,27.94,Silence,0.0,0.0,0.0,0.0,0.0,0.0,0.0,0.0,0.0,0.0,27.81,27.39,27.06,-109,7.8
2026-09-07 03:38:09,Laboratorios Eléctrica Superior,20.68,Silence,0.0,21.25,Silence,0.0,0.0,0.0,0.0,0.0,0.0,0.0,0.0,0.0,0.0,21.33,20.54,19.89,-109,7.0
2026-09-07 03:38:11,Pasillo Decanato Civil,19.63,Silence,0.0,20.46,Silence,0.0,0.0,0.0,0.0,0.0,0.0,0.0,0.0,0.0,0.0,20.46,19.69,18.91,-105,10.8
2026-09-07 03:38:15,Lobby Civil,38.64,Silence,0.0,39.05,Silence,0.0,0.0,0.0,0.0,0.0,0.0,0.0,0.0,0.0,0.0,39.06,38.82,37.99,-103,12.2
2026-09-07 03:38:15,Pasillo Salones Eléctrica,29.78,Silence,0.0,30.74,Silence,0.0,0.0,0.0,0.0,0.0,0.0,0.0,0.0,0.0,0.0,30.74,29.93,28.56,-103,1.8
2026-09-07 03:38:18,Laboratorios Eléctrica Centro,29.45,Silence,0.0,34.46,Silence,0.0,0.0,0.0,0.0,0.0,0.0,0.0,0.0,0.0,0.0,35.94,26.11,25.1,-105,10.2
2026-09-07 03:38:20,Pasillo Salones Civil,14.56,Silence,0.0,15.15,Silence,0.0,0.0,0.0,0.0,0.0,0.0,0.0,0.0,0.0,0.0,15.03,14.53,14.21,-113,5.8
2026-09-07 03:38:22,Pasillo Decanato Eléctrica,19.43,Silence,0.0,20.17,Silence,0.0,0.0,0.0,0.0,0.0,0.0,0.0,0.0,0.0,0.0,20.44,19.29,18.57,-103,11.0
2026-09-07 03:38:29,Salón - Uma Civil,9.74,Silence,0.0,10.46,Silence,0.0,0.0,0.0,0.0,0.0,0.0,0.0,0.0,0.0,0.0,10.59,9.52,9.23,-106,10.2
2026-09-07 03:38:37,Salón - Extremo Civil,13.76,Silence,0.0,14.53,Silence,0.0,0.0,0.0,0.0,0.0,0.0,0.0,0.0,0.0,0.0,14.12,13.97,13.14,-119,-13.5
2026-09-07 03:38:46,Salón - Extremo Eléctrica,14.82,Silence,0.0,15.26,Silence,0.0,0.0,0.0,0.0,0.0,0.0,0.0,0.0,0.0,0.0,15.32,14.67,14.38,-84,11.0
2026-09-07 03:38:51,Salón - Uma Eléctrica,43.37,Silence,0.0,44.08,Silence,0.0,0.0,0.0,0.0,0.0,0.0,0.0,0.0,0.0,0.0,44.17,43.1,42.87,-107,9.0
2026-09-07 03:39:02,Laboratorios Eléctrica Inferior,27.06,Silence,0.0,27.87,Silence,0.0,0.0,0.0,0.0,0.0,0.0,0.0,0.0,0.0,0.0,27.67,26.9,26.57,-109,3.8
2026-09-07 03:40:55,Laboratorios Civil Inferior,42.36,Silence,0.0,43.62,Silence,0.0,0.0,0.0,0.0,0.0,0.0,0.0,0.0,0.0,0.0,43.86,42.31,41.2,-121,-11.5
2026-09-07 03:43:02,Laboratorios Civil Central,52.54,Mixed,65.19,54.51,Group 1 (Common),52.76,0.0,0.0,0.0,0.0,65.19,0.05,0.0,0.0,34.77,55.22,52.0,49.21,-103,11.8
2026-09-07 03:43:03,Lobby Eléctrica,26.03,Silence,0.0,26.89,Silence,0.0,0.0,0.0,0.0,0.0,0.0,0.0,0.0,0.0,0.0,26.81,26.06,25.12,-107,9.2
2026-09-07 03:43:09,Laboratorios Eléctrica Superior,18.26,Silence,0.0,18.93,Silence,0.0,0.0,0.0,0.0,0.0,0.0,0.0,0.0,0.0,0.0,19.0,18.36,17.66,-96,12.2
2026-09-07 03:43:14,Pasillo Decanato Civil,19.65,Silence,0.0,20.54,Silence,0.0,0.0,0.0,0.0,0.0,0.0,0.0,0.0,0.0,0.0,20.29,19.86,18.47,-97,12.2
2026-09-07 03:43:15,Lobby Civil,44.45,Silence,0.0,54.67,Silence,0.0,0.0,0.0,0.0,0.0,0.0,0.0,0.0,0.0,0.0,51.95,38.69,37.43,-99,9.2
2026-09-07 03:43:15,Pasillo Salones Eléctrica,29.59,Silence,0.0,30.51,Silence,0.0,0.0,0.0,0.0,0.0,0.0,0.0,0.0,0.0,0.0,30.35,29.79,28.57,-99,12.5
2026-09-07 03:43:18,Laboratorios Eléctrica Centro,25.91,Silence,0.0,29.84,Silence,0.0,0.0,0.0,0.0,0.0,0.0,0.0,0.0,0.0,0.0,31.19,24.83,24.57,-109,7.2
2026-09-07 03:43:20,Pasillo Salones Civil,14.94,Silence,0.0,15.62,Silence,0.0,0.0,0.0,0.0,0.0,0.0,0.0,0.0,0.0,0.0,15.55,14.86,14.71,-99,13.2
2026-09-07 03:43:22,Pasillo Decanato Eléctrica,19.48,Silence,0.0,20.17,Silence,0.0,0.0,0.0,0.0,0.0,0.0,0.0,0.0,0.0,0.0,20.6,19.19,18.88,-101,10.8
2026-09-07 03:43:25,Laboratorios Civil Superior,32.31,Silence,0.0,33.91,Silence,0.0,0.0,0.0,0.0,0.0,0.0,0.0,0.0,0.0,0.0,33.72,32.05,30.4,-103,11.5
2026-09-07 03:43:29,Salón - Uma Civil,9.77,Silence,0.0,10.43,Silence,0.0,0.0,0.0,0.0,0.0,0.0,0.0,0.0,0.0,0.0,10.54,9.94,8.89,-111,6.2
2026-09-07 03:43:37,Salón - Extremo Civil,13.48,Silence,0.0,14.31,Silence,0.0,0.0,0.0,0.0,0.0,0.0,0.0,0.0,0.0,0.0,14.13,13.37,13.12,-87,9.8
2026-09-07 03:43:46,Salón - Extremo Eléctrica,14.66,Silence,0.0,15.34,Silence,0.0,0.0,0.0,0.0,0.0,0.0,0.0,0.0,0.0,0.0,15.46,14.61,13.85,-81,10.8
2026-09-07 03:43:51,Salón - Uma Eléctrica,43.14,Silence,0.0,43.9,Silence,0.0,0.0,0.0,0.0,0.0,0.0,0.0,0.0,0.0,0.0,43.97,43.19,42.21,-109,9.5
2026-09-07 03:44:02,Laboratorios Eléctrica Inferior,27.43,Silence,0.0,27.89,Silence,0.0,0.0,0.0,0.0,0.0,0.0,0.0,0.0,0.0,0.0,28.33,27.5,26.68,-109,8.2
2026-09-07 03:45:55,Laboratorios Civil Inferior,41.08,Silence,0.0,42.12,Silence,0.0,0.0,0.0,0.0,0.0,0.0,0.0,0.0,0.0,0.0,41.96,41.11,40.24,-120,-7.2
2026-09-07 03:48:02,Laboratorios Civil Central,52.81,Group 1 (Common),72.22,54.01,Group 1 (Common),52.48,0.0,0.0,0.0,0.0,72.22,0.34,0.0,0.05,27.25,54.22,52.88,49.53,-114,2.2
2026-09-07 03:48:03,Lobby Eléctrica,29.59,Silence,0.0,31.88,Silence,0.0,0.0,0.0,0.0,0.0,0.0,0.0,0.0,0.0,0.0,31.7,29.77,25.34,-103,6.5
2026-09-07 03:48:09,Laboratorios Eléctrica Superior,18.58,Silence,0.0,19.63,Silence,0.0,0.0,0.0,0.0,0.0,0.0,0.0,0.0,0.0,0.0,19.52,18.6,17.85,-97,9.0
2026-09-07 03:48:11,Pasillo Decanato Civil,22.77,Silence,0.0,24.51,Silence,0.0,0.0,0.0,0.0,0.0,0.0,0.0,0.0,0.0,0.0,24.96,22.67,20.55,-102,9.5
2026-09-07 03:48:15,Lobby Civil,38.39,Silence,0.0,38.84,Silence,0.0,0.0,0.0,0.0,0.0,0.0,0.0,0.0,0.0,0.0,38.83,38.42,37.76,-101,12.0
2026-09-07 03:48:20,Pasillo Salones Eléctrica,29.71,Silence,0.0,30.35,Silence,0.0,0.0,0.0,0.0,0.0,0.0,0.0,0.0,0.0,0.0,30.03,29.74,28.96,-97,8.8
2026-09-07 03:48:20,Laboratorios Eléctrica Centro,24.58,Silence,0.0,26.73,Silence,0.0,0.0,0.0,0.0,0.0,0.0,0.0,0.0,0.0,0.0,25.87,24.16,23.56,-108,8.0
2026-09-07 03:48:20,Pasillo Salones Civil,15.12,Silence,0.0,15.53,Silence,0.0,0.0,0.0,0.0,0.0,0.0,0.0,0.0,0.0,0.0,15.4,15.06,14.92,-96,12.8
2026-09-07 03:48:22,Pasillo Decanato Eléctrica,19.22,Silence,0.0,20.1,Silence,0.0,0.0,0.0,0.0,0.0,0.0,0.0,0.0,0.0,0.0,20.42,19.1,18.47,-117,-1.8
2026-09-07 03:48:25,Laboratorios Civil Superior,32.09,Silence,0.0,34.04,Silence,0.0,0.0,0.0,0.0,0.0,0.0,0.0,0.0,0.0,0.0,33.69,32.04,29.66,-100,11.5
2026-09-07 03:48:29,Salón - Uma Civil,10.94,Silence,0.0,11.62,Silence,0.0,0.0,0.0,0.0,0.0,0.0,0.0,0.0,0.0,0.0,11.33,10.93,10.38,-113,6.0
2026-09-07 03:48:37,Salón - Extremo Civil,13.74,Silence,0.0,14.26,Silence,0.0,0.0,0.0,0.0,0.0,0.0,0.0,0.0,0.0,0.0,14.09,13.87,13.15,-97,13.0
2026-09-07 03:48:46,Salón - Extremo Eléctrica,14.85,Silence,0.0,15.4,Silence,0.0,0.0,0.0,0.0,0.0,0.0,0.0,0.0,0.0,0.0,15.33,14.77,14.51,-95,10.8
2026-09-07 03:48:51,Salón - Uma Eléctrica,43.81,Silence,0.0,44.44,Silence,0.0,0.0,0.0,0.0,0.0,0.0,0.0,0.0,0.0,0.0,44.21,43.82,43.49,-115,-2.0
2026-09-07 03:49:02,Laboratorios Eléctrica Inferior,26.75,Silence,0.0,27.58,Silence,0.0,0.0,0.0,0.0,0.0,0.0,0.0,0.0,0.0,0.0,27.41,26.76,26.05,-121,-5.8
2026-09-07 03:50:56,Laboratorios Civil Inferior,39.01,Silence,0.0,39.92,Silence,0.0,0.0,0.0,0.0,0.0,0.0,0.0,0.0,0.0,0.0,40.25,38.75,38.27,-119,-4.0
2026-09-07 03:53:02,Laboratorios Civil Central,51.69,Group 1 (Common),85.24,53.49,Group 1 (Common),52.04,0.0,0.0,0.0,0.0,85.24,0.04,0.04,0.04,14.45,53.69,51.85,49.2,-101,11.5
2026-09-07 03:53:03,Lobby Eléctrica,26.43,Silence,0.0,27.86,Silence,0.0,0.0,0.0,0.0,0.0,0.0,0.0,0.0,0.0,0.0,27.95,26.26,25.17,-109,8.2
2026-09-07 03:53:09,Laboratorios Eléctrica Superior,14.9,Silence,0.0,17.64,Silence,0.0,0.0,0.0,0.0,0.0,0.0,0.0,0.0,0.0,0.0,17.48,14.55,11.24,-99,12.8
2026-09-07 03:53:11,Pasillo Decanato Civil,20.44,Silence,0.0,21.02,Silence,0.0,0.0,0.0,0.0,0.0,0.0,0.0,0.0,0.0,0.0,21.14,20.31,19.85,-102,8.5
2026-09-07 03:53:15,Lobby Civil,35.8,Silence,0.0,36.44,Silence,0.0,0.0,0.0,0.0,0.0,0.0,0.0,0.0,0.0,0.0,36.35,35.8,35.25,-101,13.0
2026-09-07 03:53:15,Pasillo Salones Eléctrica,29.86,Silence,0.0,30.57,Silence,0.0,0.0,0.0,0.0,0.0,0.0,0.0,0.0,0.0,0.0,30.28,29.91,29.14,-103,10.0
2026-09-07 03:53:18,Laboratorios Eléctrica Centro,14.42,Silence,0.0,15.87,Silence,0.0,0.0,0.0,0.0,0.0,0.0,0.0,0.0,0.0,0.0,15.41,14.22,13.15,-120,-1.5
2026-09-07 03:53:20,Pasillo Salones Civil,14.81,Silence,0.0,15.4,Silence,0.0,0.0,0.0,0.0,0.0,0.0,0.0,0.0,0.0,0.0,15.26,14.83,14.13,-96,9.0
2026-09-07 03:53:22,Pasillo Decanato Eléctrica,19.26,Silence,0.0,19.73,Silence,0.0,0.0,0.0,0.0,0.0,0.0,0.0,0.0,0.0,0.0,19.95,19.36,18.1,-107,11.5
2026-09-07 03:53:27,Laboratorios Civil Superior,29.91,Silence,0.0,31.51,Silence,0.0,0.0,0.0,0.0,0.0,0.0,0.0,0.0,0.0,0.0,31.62,29.33,27.61,-103,11.0
2026-09-07 03:53:29,Salón - Uma Civil,9.73,Silence,0.0,10.08,Silence,0.0,0.0,0.0,0.0,0.0,0.0,0.0,0.0,0.0,0.0,10.09,9.74,9.41,-109,-1.2
2026-09-07 03:53:37,Salón - Extremo Civil,13.12,Silence,0.0,13.7,Silence,0.0,0.0,0.0,0.0,0.0,0.0,0.0,0.0,0.0,0.0,13.53,13.18,12.37,-85,13.0
2026-09-07 03:53:46,Salón - Extremo Eléctrica,14.84,Silence,0.0,15.39,Silence,0.0,0.0,0.0,0.0,0.0,0.0,0.0,0.0,0.0,0.0,15.17,14.93,14.15,-91,9.2
2026-09-07 03:53:51,Salón - Uma Eléctrica,42.62,Silence,0.0,44.34,Silence,0.0,0.0,0.0,0.0,0.0,0.0,0.0,0.0,0.0,0.0,43.76,42.54,41.5,-108,9.5
2026-09-07 03:54:02,Laboratorios Eléctrica Inferior,25.88,Silence,0.0,26.54,Silence,0.0,0.0,0.0,0.0,0.0,0.0,0.0,0.0,0.0,0.0,26.42,25.91,25.25,-120,-9.0
2026-09-07 03:55:56,Laboratorios Civil Inferior,39.5,Silence,0.0,40.3,Silence,0.0,0.0,0.0,0.0,0.0,0.0,0.0,0.0,0.0,0.0,40.51,39.28,38.51,-119,-1.0
2026-09-07 03:58:02,Laboratorios Civil Central,51.43,Group 1 (Common),79.51,52.43,Group 1 (Common),51.66,0.0,0.0,0.0,0.0,79.51,0.0,0.0,0.0,20.44,52.35,51.42,49.1,-100,9.0
2026-09-07 03:58:03,Lobby Eléctrica,27.95,Silence,0.0,29.54,Silence,0.0,0.0,0.0,0.0,0.0,0.0,0.0,0.0,0.0,0.0,29.55,27.47,26.7,-107,9.0
2026-09-07 03:58:09,Laboratorios Eléctrica Superior,20.85,Silence,0.0,22.11,Silence,0.0,0.0,0.0,0.0,0.0,0.0,0.0,0.0,0.0,0.0,22.16,21.01,18.73,-105,10.8
2026-09-07 03:58:11,Pasillo Decanato Civil,21.43,Silence,0.0,22.88,Silence,0.0,0.0,0.0,0.0,0.0,0.0,0.0,0.0,0.0,0.0,23.02,20.81,20.16,-102,11.2
2026-09-07 03:58:15,Lobby Civil,45.32,Mixed,36.41,48.55,Group 2 (Impact),0.0,45.83,44.94,0.0,47.12,0.0,36.41,29.69,0.69,33.33,48.2,46.04,38.08,-102,12.0
2026-09-07 03:58:15,Pasillo Salones Eléctrica,29.43,Silence,0.0,30.21,Silence,0.0,0.0,0.0,0.0,0.0,0.0,0.0,0.0,0.0,0.0,30.51,29.13,28.46,-95,12.2
2026-09-07 03:58:18,Laboratorios Eléctrica Centro,23.87,Silence,0.0,24.96,Silence,0.0,0.0,0.0,0.0,0.0,0.0,0.0,0.0,0.0,0.0,24.46,23.91,23.26,-112,5.0
2026-09-07 03:58:20,Pasillo Salones Civil,14.68,Silence,0.0,15.29,Silence,0.0,0.0,0.0,0.0,0.0,0.0,0.0,0.0,0.0,0.0,15.54,14.53,14.16,-103,9.5
2026-09-07 03:58:22,Pasillo Decanato Eléctrica,19.21,Silence,0.0,19.77,Silence,0.0,0.0,0.0,0.0,0.0,0.0,0.0,0.0,0.0,0.0,19.44,19.22,18.95,-101,11.8
2026-09-07 03:58:25,Laboratorios Civil Superior,41.7,Silence,0.0,42.79,Silence,0.0,0.0,0.0,0.0,0.0,0.0,0.0,0.0,0.0,0.0,42.74,41.56,40.57,-99,10.5
2026-09-07 03:58:29,Salón - Uma Civil,10.07,Silence,0.0,10.76,Silence,0.0,0.0,0.0,0.0,0.0,0.0,0.0,0.0,0.0,0.0,10.94,10.03,9.19,-107,11.8
2026-09-07 03:58:37,Salón - Extremo Civil,13.75,Silence,0.0,14.26,Silence,0.0,0.0,0.0,0.0,0.0,0.0,0.0,0.0,0.0,0.0,14.14,13.72,13.56,-97,13.0
2026-09-07 03:58:46,Salón - Extremo Eléctrica,14.86,Silence,0.0,15.65,Silence,0.0,0.0,0.0,0.0,0.0,0.0,0.0,0.0,0.0,0.0,15.53,14.76,14.25,-91,10.8
2026-09-07 03:58:51,Salón - Uma Eléctrica,43.69,Silence,0.0,44.04,Silence,0.0,0.0,0.0,0.0,0.0,0.0,0.0,0.0,0.0,0.0,43.94,43.65,43.47,-109,9.8
2026-09-07 03:59:02,Laboratorios Eléctrica Inferior,29.28,Silence,0.0,30.19,Silence,0.0,0.0,0.0,0.0,0.0,0.0,0.0,0.0,0.0,0.0,30.18,29.56,27.51,-103,10.8
2026-09-07 04:00:56,Laboratorios Civil Inferior,41.46,Silence,0.0,41.86,Silence,0.0,0.0,0.0,0.0,0.0,0.0,0.0,0.0,0.0,0.0,41.87,41.45,41.12,-119,-2.8
2026-09-07 04:03:02,Laboratorios Civil Central,51.84,Group 1 (Common),72.7,53.76,Group 1 (Common),52.01,0.0,0.0,0.0,0.0,72.7,0.0,0.0,0.0,27.13,53.7,51.63,48.72,-117,-1.0
2026-09-07 04:03:03,Lobby Eléctrica,26.91,Silence,0.0,27.74,Silence,0.0,0.0,0.0,0.0,0.0,0.0,0.0,0.0,0.0,0.0,27.79,26.75,26.29,-109,10.2
2026-09-07 04:03:09,Laboratorios Eléctrica Superior,20.42,Silence,0.0,21.18,Silence,0.0,0.0,0.0,0.0,0.0,0.0,0.0,0.0,0.0,0.0,21.3,20.33,19.79,-93,12.0
2026-09-07 04:03:12,Pasillo Decanato Civil,19.51,Silence,0.0,20.35,Silence,0.0,0.0,0.0,0.0,0.0,0.0,0.0,0.0,0.0,0.0,19.95,19.62,18.56,-99,13.5
2026-09-07 04:03:15,Lobby Civil,39.03,Silence,0.0,48.26,Silence,0.0,0.0,0.0,0.0,0.0,0.0,0.0,0.0,0.0,0.0,42.74,38.23,37.11,-103,12.0
2026-09-07 04:03:15,Pasillo Salones Eléctrica,29.58,Silence,0.0,30.24,Silence,0.0,0.0,0.0,0.0,0.0,0.0,0.0,0.0,0.0,0.0,30.44,29.53,28.24,-96,11.8
2026-09-07 04:03:18,Laboratorios Eléctrica Centro,33.06,Silence,0.0,35.46,Silence,0.0,0.0,0.0,0.0,0.0,0.0,0.0,0.0,0.0,0.0,35.58,32.97,28.01,-113,7.5
2026-09-07 04:03:20,Pasillo Salones Civil,14.77,Silence,0.0,15.45,Silence,0.0,0.0,0.0,0.0,0.0,0.0,0.0,0.0,0.0,0.0,15.71,14.71,14.16,-97,11.5
2026-09-07 04:03:22,Pasillo Decanato Eléctrica,19.46,Silence,0.0,20.86,Silence,0.0,0.0,0.0,0.0,0.0,0.0,0.0,0.0,0.0,0.0,21.39,19.34,17.89,-103,11.5
2026-09-07 04:03:25,Laboratorios Civil Superior,31.61,Silence,0.0,32.56,Silence,0.0,0.0,0.0,0.0,0.0,0.0,0.0,0.0,0.0,0.0,32.98,31.95,29.29,-105,11.5
2026-09-07 04:03:29,Salón - Uma Civil,11.78,Silence,0.0,12.6,Silence,0.0,0.0,0.0,0.0,0.0,0.0,0.0,0.0,0.0,0.0,12.65,11.63,11.01,-100,11.5
2026-09-07 04:03:37,Salón - Extremo Civil,14.12,Silence,0.0,14.83,Silence,0.0,0.0,0.0,0.0,0.0,0.0,0.0,0.0,0.0,0.0,15.01,14.08,13.47,-84,9.8
2026-09-07 04:03:46,Salón - Extremo Eléctrica,15.02,Silence,0.0,15.72,Silence,0.0,0.0,0.0,0.0,0.0,0.0,0.0,0.0,0.0,0.0,15.59,14.97,14.53,-91,11.5
2026-09-07 04:03:51,Salón - Uma Eléctrica,42.96,Silence,0.0,43.68,Silence,0.0,0.0,0.0,0.0,0.0,0.0,0.0,0.0,0.0,0.0,43.67,42.8,41.91,-115,0.5
2026-09-07 04:04:02,Laboratorios Eléctrica Inferior,27.55,Silence,0.0,29.43,Silence,0.0,0.0,0.0,0.0,0.0,0.0,0.0,0.0,0.0,0.0,28.6,27.47,26.82,-120,-5.8
2026-09-07 04:05:56,Laboratorios Civil Inferior,40.17,Silence,0.0,41.13,Silence,0.0,0.0,0.0,0.0,0.0,0.0,0.0,0.0,0.0,0.0,41.43,40.07,38.89,-121,-12.5
2026-09-07 04:08:02,Laboratorios Civil Central,50.93,Group 1 (Common),88.54,52.95,Group 1 (Common),51.24,0.0,0.0,0.0,0.0,88.54,0.0,0.0,0.0,11.2,53.37,50.75,48.12,-117,1.8
2026-09-07 04:08:03,Lobby Eléctrica,22.83,Silence,0.0,24.27,Silence,0.0,0.0,0.0,0.0,0.0,0.0,0.0,0.0,0.0,0.0,24.05,22.59,21.64,-95,14.0
2026-09-07 04:08:09,Laboratorios Eléctrica Superior,14.82,Silence,0.0,16.06,Silence,0.0,0.0,0.0,0.0,0.0,0.0,0.0,0.0,0.0,0.0,15.75,14.87,13.57,-95,12.0
2026-09-07 04:08:12,Pasillo Decanato Civil,20.91,Silence,0.0,22.16,Silence,0.0,0.0,0.0,0.0,0.0,0.0,0.0,0.0,0.0,0.0,21.45,20.9,20.22,-102,10.5
2026-09-07 04:08:15,Lobby Civil,44.51,Silence,0.0,47.1,Silence,0.0,0.0,0.0,0.0,0.0,0.0,0.0,0.0,0.0,0.0,46.22,44.58,41.63,-99,13.0
2026-09-07 04:08:15,Pasillo Salones Eléctrica,29.86,Silence,0.0,30.83,Silence,0.0,0.0,0.0,0.0,0.0,0.0,0.0,0.0,0.0,0.0,31.45,29.88,28.47,-99,12.8
2026-09-07 04:08:18,Laboratorios Eléctrica Centro,11.95,Silence,0.0,12.78,Silence,0.0,0.0,0.0,0.0,0.0,0.0,0.0,0.0,0.0,0.0,12.63,12.11,10.98,-111,2.8
2026-09-07 04:08:20,Pasillo Salones Civil,14.89,Silence,0.0,16.69,Silence,0.0,0.0,0.0,0.0,0.0,0.0,0.0,0.0,0.0,0.0,15.74,14.87,13.82,-107,9.5
2026-09-07 04:08:22,Pasillo Decanato Eléctrica,19.18,Silence,0.0,19.9,Silence,0.0,0.0,0.0,0.0,0.0,0.0,0.0,0.0,0.0,0.0,19.5,19.16,18.86,-117,-4.2
2026-09-07 04:08:25,Laboratorios Civil Superior,29.3,Silence,0.0,30.13,Silence,0.0,0.0,0.0,0.0,0.0,0.0,0.0,0.0,0.0,0.0,30.31,29.42,28.18,-105,10.2
2026-09-07 04:08:29,Salón - Uma Civil,9.64,Silence,0.0,10.4,Silence,0.0,0.0,0.0,0.0,0.0,0.0,0.0,0.0,0.0,0.0,10.36,9.66,8.65,-108,10.8
2026-09-07 04:08:37,Salón - Extremo Civil,13.26,Silence,0.0,14.06,Silence,0.0,0.0,0.0,0.0,0.0,0.0,0.0,0.0,0.0,0.0,13.89,13.32,12.2,-102,11.5
2026-09-07 04:08:46,Salón - Extremo Eléctrica,14.54,Silence,0.0,15.24,Silence,0.0,0.0,0.0,0.0,0.0,0.0,0.0,0.0,0.0,0.0,15.35,14.55,13.64,-93,11.5
2026-09-07 04:08:53,Salón - Uma Eléctrica,44.05,Silence,0.0,44.55,Silence,0.0,0.0,0.0,0.0,0.0,0.0,0.0,0.0,0.0,0.0,44.56,44.03,43.2,-109,7.8
2026-09-07 04:09:02,Laboratorios Eléctrica Inferior,26.87,Silence,0.0,28.35,Silence,0.0,0.0,0.0,0.0,0.0,0.0,0.0,0.0,0.0,0.0,28.48,26.55,25.03,-120,-9.2
2026-09-07 04:10:56,Laboratorios Civil Inferior,40.54,Silence,0.0,41.35,Silence,0.0,0.0,0.0,0.0,0.0,0.0,0.0,0.0,0.0,0.0,41.37,40.8,39.47,-115,2.2
2026-09-07 04:13:02,Laboratorios Civil Central,51.15,Group 1 (Common),88.45,52.43,Group 1 (Common),51.32,0.0,0.0,0.0,0.0,88.45,0.04,0.0,0.0,11.37,52.59,51.01,49.36,-103,12.2
2026-09-07 04:13:03,Lobby Eléctrica,24.77,Silence,0.0,25.67,Silence,0.0,0.0,0.0,0.0,0.0,0.0,0.0,0.0,0.0,0.0,25.42,24.79,23.85,-93,13.5
2026-09-07 04:13:09,Laboratorios Eléctrica Superior,18.51,Silence,0.0,19.28,Silence,0.0,0.0,0.0,0.0,0.0,0.0,0.0,0.0,0.0,0.0,19.27,18.59,17.35,-108,3.8
2026-09-07 04:13:12,Pasillo Decanato Civil,20.26,Silence,0.0,21.23,Silence,0.0,0.0,0.0,0.0,0.0,0.0,0.0,0.0,0.0,0.0,21.64,19.98,19.16,-101,11.8
2026-09-07 04:13:15,Lobby Civil,42.46,Silence,0.0,48.18,Silence,0.0,0.0,0.0,0.0,0.0,0.0,0.0,0.0,0.0,0.0,47.57,39.7,36.83,-99,12.5
2026-09-07 04:13:15,Pasillo Salones Eléctrica,29.83,Silence,0.0,30.82,Silence,0.0,0.0,0.0,0.0,0.0,0.0,0.0,0.0,0.0,0.0,30.79,29.6,28.83,-107,10.0
2026-09-07 04:13:18,Laboratorios Eléctrica Centro,23.72,Silence,0.0,24.46,Silence,0.0,0.0,0.0,0.0,0.0,0.0,0.0,0.0,0.0,0.0,24.28,23.64,23.02,-109,3.5
2026-09-07 04:13:20,Pasillo Salones Civil,14.5,Silence,0.0,15.04,Silence,0.0,0.0,0.0,0.0,0.0,0.0,0.0,0.0,0.0,0.0,14.97,14.59,13.78,-109,8.2
2026-09-07 04:13:22,Pasillo Decanato Eléctrica,19.7,Silence,0.0,20.63,Silence,0.0,0.0,0.0,0.0,0.0,0.0,0.0,0.0,0.0,0.0,20.8,19.58,18.52,-119,-5.2
2026-09-07 04:13:25,Laboratorios Civil Superior,32.59,Silence,0.0,33.45,Silence,0.0,0.0,0.0,0.0,0.0,0.0,0.0,0.0,0.0,0.0,33.47,32.72,31.07,-105,10.2
2026-09-07 04:13:29,Salón - Uma Civil,10.07,Silence,0.0,10.92,Silence,0.0,0.0,0.0,0.0,0.0,0.0,0.0,0.0,0.0,0.0,11.22,9.99,9.04,-102,10.2
2026-09-07 04:13:37,Salón - Extremo Civil,13.89,Silence,0.0,14.28,Silence,0.0,0.0,0.0,0.0,0.0,0.0,0.0,0.0,0.0,0.0,14.29,13.81,13.43,-101,12.0
2026-09-07 04:13:47,Salón - Extremo Eléctrica,14.4,Silence,0.0,15.38,Silence,0.0,0.0,0.0,0.0,0.0,0.0,0.0,0.0,0.0,0.0,15.37,14.32,13.71,-84,12.2
2026-09-07 04:13:51,Salón - Uma Eléctrica,42.74,Silence,0.0,43.56,Silence,0.0,0.0,0.0,0.0,0.0,0.0,0.0,0.0,0.0,0.0,43.65,42.62,42.12,-117,1.2
2026-09-07 04:14:02,Laboratorios Eléctrica Inferior,29.34,Silence,0.0,30.19,Silence,0.0,0.0,0.0,0.0,0.0,0.0,0.0,0.0,0.0,0.0,30.15,29.5,27.8,-119,-5.5
2026-09-07 04:15:56,Laboratorios Civil Inferior,41.8,Silence,0.0,42.52,Silence,0.0,0.0,0.0,0.0,0.0,0.0,0.0,0.0,0.0,0.0,42.68,41.9,41.0,-120,-5.0
2026-09-07 04:18:02,Laboratorios Civil Central,50.45,Mixed,52.47,51.87,Group 1 (Common),50.28,0.0,0.0,0.0,49.71,52.47,0.0,0.0,0.0,47.44,52.35,50.04,47.87,-114,4.0
2026-09-07 04:18:03,Lobby Eléctrica,26.51,Silence,0.0,27.3,Silence,0.0,0.0,0.0,0.0,0.0,0.0,0.0,0.0,0.0,0.0,27.24,26.45,26.12,-97,13.0
2026-09-07 04:18:09,Laboratorios Eléctrica Superior,22.28,Silence,0.0,23.36,Silence,0.0,0.0,0.0,0.0,0.0,0.0,0.0,0.0,0.0,0.0,23.13,22.04,21.25,-95,13.0
2026-09-07 04:18:12,Pasillo Decanato Civil,20.11,Silence,0.0,20.84,Silence,0.0,0.0,0.0,0.0,0.0,0.0,0.0,0.0,0.0,0.0,21.01,20.23,19.04,-103,7.8
2026-09-07 04:18:15,Lobby Civil,45.08,Mixed,58.2,51.84,Group 2 (Impact),0.0,48.19,0.0,0.0,43.11,5.34,58.2,6.16,1.26,29.04,51.81,42.16,38.48,-99,12.0
2026-09-07 04:18:15,Pasillo Salones Eléctrica,29.35,Silence,0.0,30.72,Silence,0.0,0.0,0.0,0.0,0.0,0.0,0.0,0.0,0.0,0.0,30.05,29.23,28.68,-105,10.8
2026-09-07 04:18:18,Laboratorios Eléctrica Centro,24.87,Silence,0.0,25.91,Silence,0.0,0.0,0.0,0.0,0.0,0.0,0.0,0.0,0.0,0.0,25.37,24.91,24.39,-102,10.8
2026-09-07 04:18:20,Pasillo Salones Civil,16.98,Silence,0.0,20.87,Silence,0.0,0.0,0.0,0.0,0.0,0.0,0.0,0.0,0.0,0.0,20.85,15.48,14.28,-97,11.8
2026-09-07 04:18:22,Pasillo Decanato Eléctrica,19.51,Silence,0.0,20.32,Silence,0.0,0.0,0.0,0.0,0.0,0.0,0.0,0.0,0.0,0.0,20.31,19.29,18.99,-119,-1.8
2026-09-07 04:18:25,Laboratorios Civil Superior,31.16,Silence,0.0,32.77,Silence,0.0,0.0,0.0,0.0,0.0,0.0,0.0,0.0,0.0,0.0,33.01,30.78,29.42,-117,1.5
2026-09-07 04:18:29,Salón - Uma Civil,9.89,Silence,0.0,10.43,Silence,0.0,0.0,0.0,0.0,0.0,0.0,0.0,0.0,0.0,0.0,10.23,9.94,9.52,-103,12.2
2026-09-07 04:18:37,Salón - Extremo Civil,13.63,Silence,0.0,14.24,Silence,0.0,0.0,0.0,0.0,0.0,0.0,0.0,0.0,0.0,0.0,14.2,13.48,13.14,-99,13.2
2026-09-07 04:18:47,Salón - Extremo Eléctrica,14.93,Silence,0.0,15.71,Silence,0.0,0.0,0.0,0.0,0.0,0.0,0.0,0.0,0.0,0.0,15.65,14.8,13.98,-87,14.2
2026-09-07 04:18:51,Salón - Uma Eléctrica,43.63,Silence,0.0,44.66,Silence,0.0,0.0,0.0,0.0,0.0,0.0,0.0,0.0,0.0,0.0,44.6,43.17,42.87,-101,
2026-09-07 04:19:02,Laboratorios Eléctrica Inferior,29.28,Silence,0.0,30.05,Silence,0.0,0.0,0.0,0.0,0.0,0.0,0.0,0.0,0.0,0.0,30.25,29.38,27.83,-105,9.2
2026-09-07 04:20:56,Laboratorios Civil Inferior,40.22,Silence,0.0,41.05,Silence,0.0,0.0,0.0,0.0,0.0,0.0,0.0,0.0,0.0,0.0,41.34,40.14,39.42,-115,-4.2
2026-09-07 04:23:02,Laboratorios Civil Central,51.65,Group 1 (Common),79.54,53.02,Group 1 (Common),51.82,0.0,0.0,0.0,0.0,79.54,0.0,0.0,0.0,20.41,53.51,51.73,50.13,-113,2.8
2026-09-07 04:23:03,Lobby Eléctrica,53.13,Group 1 (Common),70.49,53.71,Group 1 (Common),53.18,0.0,52.97,0.0,0.0,70.49,3.6,22.96,0.48,2.56,53.43,53.27,52.48,-95,12.8
2026-09-07 04:23:09,Laboratorios Eléctrica Superior,12.58,Silence,0.0,13.36,Silence,0.0,0.0,0.0,0.0,0.0,0.0,0.0,0.0,0.0,0.0,13.24,12.48,11.79,-109,7.8
2026-09-07 04:23:12,Pasillo Decanato Civil,19.81,Silence,0.0,20.79,Silence,0.0,0.0,0.0,0.0,0.0,0.0,0.0,0.0,0.0,0.0,20.32,19.92,18.42,-105,11.8
2026-09-07 04:23:15,Lobby Civil,37.32,Silence,0.0,38.09,Silence,0.0,0.0,0.0,0.0,0.0,0.0,0.0,0.0,0.0,0.0,38.01,37.2,36.45,-102,11.8
2026-09-07 04:23:15,Pasillo Salones Eléctrica,29.67,Silence,0.0,30.74,Silence,0.0,0.0,0.0,0.0,0.0,0.0,0.0,0.0,0.0,0.0,30.62,29.58,29.01,-97,8.5
2026-09-07 04:23:18,Laboratorios Eléctrica Centro,17.71,Silence,0.0,18.74,Silence,0.0,0.0,0.0,0.0,0.0,0.0,0.0,0.0,0.0,0.0,19.01,17.34,16.91,-109,5.2
2026-09-07 04:23:20,Pasillo Salones Civil,14.64,Silence,0.0,15.2,Silence,0.0,0.0,0.0,0.0,0.0,0.0,0.0,0.0,0.0,0.0,15.17,14.57,14.09,-107,10.5
2026-09-07 04:23:22,Pasillo Decanato Eléctrica,19.53,Silence,0.0,20.33,Silence,0.0,0.0,0.0,0.0,0.0,0.0,0.0,0.0,0.0,0.0,20.4,19.71,18.35,-107,12.2
2026-09-07 04:23:25,Laboratorios Civil Superior,29.86,Silence,0.0,31.4,Silence,0.0,0.0,0.0,0.0,0.0,0.0,0.0,0.0,0.0,0.0,31.2,29.89,27.85,-99,10.8
2026-09-07 04:23:29,Salón - Uma Civil,10.36,Silence,0.0,11.18,Silence,0.0,0.0,0.0,0.0,0.0,0.0,0.0,0.0,0.0,0.0,11.48,10.22,9.58,-105,8.8
2026-09-07 04:23:37,Salón - Extremo Civil,13.4,Silence,0.0,13.97,Silence,0.0,0.0,0.0,0.0,0.0,0.0,0.0,0.0,0.0,0.0,14.09,13.38,13.13,-95,12.0
2026-09-07 04:23:47,Salón - Extremo Eléctrica,14.55,Silence,0.0,15.2,Silence,0.0,0.0,0.0,0.0,0.0,0.0,0.0,0.0,0.0,0.0,15.06,14.49,14.09,-93,12.5
2026-09-07 04:23:51,Salón - Uma Eléctrica,42.89,Silence,0.0,43.68,Silence,0.0,0.0,0.0,0.0,0.0,0.0,0.0,0.0,0.0,0.0,43.77,42.65,42.28,-106,9.0
2026-09-07 04:24:02,Laboratorios Eléctrica Inferior,28.74,Silence,0.0,34.67,Silence,0.0,0.0,0.0,0.0,0.0,0.0,0.0,0.0,0.0,0.0,37.15,26.55,26.02,-117,-4.5
2026-09-07 04:25:56,Laboratorios Civil Inferior,40.41,Silence,0.0,40.97,Silence,0.0,0.0,0.0,0.0,0.0,0.0,0.0,0.0,0.0,0.0,41.1,40.28,39.99,-119,-3.5
2026-09-07 04:28:02,Laboratorios Civil Central,52.05,Group 1 (Common),90.38,53.42,Group 1 (Common),51.86,0.0,0.0,0.0,0.0,90.38,0.15,0.73,0.05,8.64,53.85,51.88,50.05,-105,11.8
2026-09-07 04:28:03,Lobby Eléctrica,25.78,Silence,0.0,26.73,Silence,0.0,0.0,0.0,0.0,0.0,0.0,0.0,0.0,0.0,0.0,26.65,25.49,25.24,-97,12.8
2026-09-07 04:28:09,Laboratorios Eléctrica Superior,15.42,Silence,0.0,16.04,Silence,0.0,0.0,0.0,0.0,0.0,0.0,0.0,0.0,0.0,0.0,16.05,15.29,14.91,-93,13.0
2026-09-07 04:28:12,Pasillo Decanato Civil,19.57,Silence,0.0,20.47,Silence,0.0,0.0,0.0,0.0,0.0,0.0,0.0,0.0,0.0,0.0,20.11,19.64,18.72,-103,10.8
2026-09-07 04:28:15,Lobby Civil,39.92,Silence,0.0,41.99,Silence,0.0,0.0,0.0,0.0,0.0,0.0,0.0,0.0,0.0,0.0,42.38,39.41,37.99,-97,12.5
2026-09-07 04:28:15,Pasillo Salones Eléctrica,29.55,Silence,0.0,30.41,Silence,0.0,0.0,0.0,0.0,0.0,0.0,0.0,0.0,0.0,0.0,30.72,29.42,28.79,-107,10.0
2026-09-07 04:28:18,Laboratorios Eléctrica Centro,14.2,Silence,0.0,15.24,Silence,0.0,0.0,0.0,0.0,0.0,0.0,0.0,0.0,0.0,0.0,14.96,13.96,13.51,-108,6.2
2026-09-07 04:28:20,Pasillo Salones Civil,14.33,Silence,0.0,14.85,Silence,0.0,0.0,0.0,0.0,0.0,0.0,0.0,0.0,0.0,0.0,14.62,14.36,13.9,-97,9.5
2026-09-07 04:28:22,Pasillo Decanato Eléctrica,19.37,Silence,0.0,20.42,Silence,0.0,0.0,0.0,0.0,0.0,0.0,0.0,0.0,0.0,0.0,20.18,18.83,18.65,-105,12.5
2026-09-07 04:28:26,Laboratorios Civil Superior,31.09,Silence,0.0,33.22,Silence,0.0,0.0,0.0,0.0,0.0,0.0,0.0,0.0,0.0,0.0,33.24,31.17,28.53,-107,10.0
2026-09-07 04:28:29,Salón - Uma Civil,9.95,Silence,0.0,10.53,Silence,0.0,0.0,0.0,0.0,0.0,0.0,0.0,0.0,0.0,0.0,10.32,10.1,9.2,-103,11.5
2026-09-07 04:28:37,Salón - Extremo Civil,13.24,Silence,0.0,13.75,Silence,0.0,0.0,0.0,0.0,0.0,0.0,0.0,0.0,0.0,0.0,13.74,13.22,12.56,-92,11.8
2026-09-07 04:28:47,Salón - Extremo Eléctrica,15.33,Silence,0.0,16.45,Silence,0.0,0.0,0.0,0.0,0.0,0.0,0.0,0.0,0.0,0.0,16.08,15.19,14.65,-91,9.2
2026-09-07 04:28:51,Salón - Uma Eléctrica,43.38,Silence,0.0,44.12,Silence,0.0,0.0,0.0,0.0,0.0,0.0,0.0,0.0,0.0,0.0,44.09,43.43,41.95,-106,8.5
2026-09-07 04:29:02,Laboratorios Eléctrica Inferior,28.15,Silence,0.0,29.84,Silence,0.0,0.0,0.0,0.0,0.0,0.0,0.0,0.0,0.0,0.0,29.0,28.05,27.0,-107,10.5
2026-09-07 04:30:56,Laboratorios Civil Inferior,40.64,Silence,0.0,41.18,Silence,0.0,0.0,0.0,0.0,0.0,0.0,0.0,0.0,0.0,0.0,41.05,40.62,40.28,-109,-3.5
2026-09-07 04:33:02,Laboratorios Civil Central,52.16,Mixed,53.21,53.49,Group 1 (Common),52.26,0.0,0.0,0.0,50.84,53.21,0.13,0.0,0.04,46.48,53.54,52.61,49.98,-101,12.0
2026-09-07 04:33:03,Lobby Eléctrica,29.66,Silence,0.0,30.53,Silence,0.0,0.0,0.0,0.0,0.0,0.0,0.0,0.0,0.0,0.0,30.37,29.77,27.83,-93,12.8
2026-09-07 04:33:09,Laboratorios Eléctrica Superior,19.19,Silence,0.0,20.17,Silence,0.0,0.0,0.0,0.0,0.0,0.0,0.0,0.0,0.0,0.0,19.79,19.21,18.0,-107,9.2
2026-09-07 04:33:12,Pasillo Decanato Civil,20.52,Silence,0.0,21.11,Silence,0.0,0.0,0.0,0.0,0.0,0.0,0.0,0.0,0.0,0.0,21.11,20.66,19.9,-101,12.8
2026-09-07 04:33:15,Lobby Civil,48.45,Mixed,33.38,49.69,Group 2 (Impact),48.13,48.73,48.76,0.0,47.51,33.38,30.51,5.69,6.81,23.74,50.15,48.12,46.95,-95,9.0
2026-09-07 04:33:15,Pasillo Salones Eléctrica,29.99,Silence,0.0,30.88,Silence,0.0,0.0,0.0,0.0,0.0,0.0,0.0,0.0,0.0,0.0,30.81,29.68,28.61,-103,10.5
2026-09-07 04:33:18,Laboratorios Eléctrica Centro,24.11,Silence,0.0,24.89,Silence,0.0,0.0,0.0,0.0,0.0,0.0,0.0,0.0,0.0,0.0,24.91,24.19,23.5,-113,-2.2
2026-09-07 04:33:20,Pasillo Salones Civil,14.48,Silence,0.0,15.35,Silence,0.0,0.0,0.0,0.0,0.0,0.0,0.0,0.0,0.0,0.0,15.12,14.45,13.89,-93,12.8
2026-09-07 04:33:22,Pasillo Decanato Eléctrica,19.43,Silence,0.0,20.13,Silence,0.0,0.0,0.0,0.0,0.0,0.0,0.0,0.0,0.0,0.0,20.01,19.34,19.04,-117,-13.0
2026-09-07 04:33:26,Laboratorios Civil Superior,30.64,Silence,0.0,31.49,Silence,0.0,0.0,0.0,0.0,0.0,0.0,0.0,0.0,0.0,0.0,31.41,30.62,29.13,-107,7.2
2026-09-07 04:33:29,Salón - Uma Civil,9.71,Silence,0.0,10.54,Silence,0.0,0.0,0.0,0.0,0.0,0.0,0.0,0.0,0.0,0.0,10.08,9.74,9.03,-109,4.5
2026-09-07 04:33:37,Salón - Extremo Civil,13.42,Silence,0.0,14.08,Silence,0.0,0.0,0.0,0.0,0.0,0.0,0.0,0.0,0.0,0.0,13.97,13.46,12.84,-84,11.2
2026-09-07 04:33:47,Salón - Extremo Eléctrica,14.62,Silence,0.0,15.35,Silence,0.0,0.0,0.0,0.0,0.0,0.0,0.0,0.0,0.0,0.0,15.45,14.4,14.0,-82,12.5
2026-09-07 04:33:51,Salón - Uma Eléctrica,43.24,Silence,0.0,43.78,Silence,0.0,0.0,0.0,0.0,0.0,0.0,0.0,0.0,0.0,0.0,43.71,43.16,42.74,-109,9.5
2026-09-07 04:34:02,Laboratorios Eléctrica Inferior,29.13,Silence,0.0,29.99,Silence,0.0,0.0,0.0,0.0,0.0,0.0,0.0,0.0,0.0,0.0,29.86,29.17,27.92,-120,-8.5
2026-09-07 04:35:56,Laboratorios Civil Inferior,39.94,Silence,0.0,40.59,Silence,0.0,0.0,0.0,0.0,0.0,0.0,0.0,0.0,0.0,0.0,40.69,39.78,38.78,-120,-6.2
2026-09-07 04:38:02,Laboratorios Civil Central,54.41,Group 1 (Common),94.44,56.4,Group 1 (Common),54.39,0.0,0.0,0.0,0.0,94.44,0.0,0.13,1.91,3.39,56.97,52.99,51.93,-101,12.0
2026-09-07 04:38:03,Lobby Eléctrica,24.42,Silence,0.0,25.2,Silence,0.0,0.0,0.0,0.0,0.0,0.0,0.0,0.0,0.0,0.0,25.17,24.5,23.59,-95,12.8
2026-09-07 04:38:09,Laboratorios Eléctrica Superior,12.56,Silence,0.0,13.7,Silence,0.0,0.0,0.0,0.0,0.0,0.0,0.0,0.0,0.0,0.0,13.15,12.61,11.82,-97,9.2
2026-09-07 04:38:12,Pasillo Decanato Civil,19.86,Silence,0.0,20.97,Silence,0.0,0.0,0.0,0.0,0.0,0.0,0.0,0.0,0.0,0.0,20.87,20.08,18.65,-103,12.0
2026-09-07 04:38:15,Lobby Civil,45.63,Mixed,39.97,50.75,Group 1 (Common),49.42,46.86,0.0,0.0,45.52,22.01,39.97,0.65,1.82,35.46,49.35,44.79,42.5,-103,12.0
2026-09-07 04:38:15,Pasillo Salones Eléctrica,29.79,Silence,0.0,30.99,Silence,0.0,0.0,0.0,0.0,0.0,0.0,0.0,0.0,0.0,0.0,30.93,29.66,28.6,-97,13.0
2026-09-07 04:38:18,Laboratorios Eléctrica Centro,29.1,Silence,0.0,32.06,Silence,0.0,0.0,0.0,0.0,0.0,0.0,0.0,0.0,0.0,0.0,33.69,31.19,10.68,-107,2.0
2026-09-07 04:38:20,Pasillo Salones Civil,15.41,Silence,0.0,16.24,Silence,0.0,0.0,0.0,0.0,0.0,0.0,0.0,0.0,0.0,0.0,16.28,15.7,13.96,-107,10.5
2026-09-07 04:38:22,Pasillo Decanato Eléctrica,19.3,Silence,0.0,20.32,Silence,0.0,0.0,0.0,0.0,0.0,0.0,0.0,0.0,0.0,0.0,19.7,19.36,18.77,-100,12.0
2026-09-07 04:38:26,Laboratorios Civil Superior,28.68,Silence,0.0,29.4,Silence,0.0,0.0,0.0,0.0,0.0,0.0,0.0,0.0,0.0,0.0,29.28,28.87,27.98,-103,10.8
2026-09-07 04:38:29,Salón - Uma Civil,14.46,Silence,0.0,15.8,Silence,0.0,0.0,0.0,0.0,0.0,0.0,0.0,0.0,0.0,0.0,16.03,14.35,13.33,-111,6.2
2026-09-07 04:38:37,Salón - Extremo Civil,13.31,Silence,0.0,14.06,Silence,0.0,0.0,0.0,0.0,0.0,0.0,0.0,0.0,0.0,0.0,13.87,13.42,12.68,-89,12.5
2026-09-07 04:38:47,Salón - Extremo Eléctrica,15.07,Silence,0.0,15.55,Silence,0.0,0.0,0.0,0.0,0.0,0.0,0.0,0.0,0.0,0.0,15.56,15.11,14.49,-97,11.8
2026-09-07 04:38:51,Salón - Uma Eléctrica,43.24,Silence,0.0,43.82,Silence,0.0,0.0,0.0,0.0,0.0,0.0,0.0,0.0,0.0,0.0,43.58,43.22,42.64,-114,-2.8
2026-09-07 04:39:02,Laboratorios Eléctrica Inferior,26.21,Silence,0.0,26.98,Silence,0.0,0.0,0.0,0.0,0.0,0.0,0.0,0.0,0.0,0.0,27.14,26.35,25.22,-120,-4.0
2026-09-07 04:40:56,Laboratorios Civil Inferior,39.47,Silence,0.0,40.57,Silence,0.0,0.0,0.0,0.0,0.0,0.0,0.0,0.0,0.0,0.0,40.85,39.04,38.44,-115,2.8
2026-09-07 04:43:02,Laboratorios Civil Central,50.82,Group 1 (Common),83.72,51.85,Group 1 (Common),50.95,0.0,0.0,0.0,50.3,83.72,0.09,0.0,0.0,16.1,51.96,50.92,49.21,-98,11.8
2026-09-07 04:43:03,Lobby Eléctrica,25.63,Silence,0.0,26.36,Silence,0.0,0.0,0.0,0.0,0.0,0.0,0.0,0.0,0.0,0.0,26.16,25.65,25.03,-97,9.0
2026-09-07 04:43:09,Laboratorios Eléctrica Superior,12.54,Silence,0.0,13.53,Silence,0.0,0.0,0.0,0.0,0.0,0.0,0.0,0.0,0.0,0.0,12.94,12.7,11.72,-101,12.5
2026-09-07 04:43:12,Pasillo Decanato Civil,19.73,Silence,0.0,20.67,Silence,0.0,0.0,0.0,0.0,0.0,0.0,0.0,0.0,0.0,0.0,20.77,19.42,19.26,-97,11.2
2026-09-07 04:43:15,Lobby Civil,37.81,Silence,0.0,40.79,Silence,0.0,0.0,0.0,0.0,0.0,0.0,0.0,0.0,0.0,0.0,39.35,37.68,36.79,-91,12.2
2026-09-07 04:43:15,Pasillo Salones Eléctrica,29.59,Silence,0.0,30.35,Silence,0.0,0.0,0.0,0.0,0.0,0.0,0.0,0.0,0.0,0.0,30.43,29.61,28.62,-95,12.0
2026-09-07 04:43:18,Laboratorios Eléctrica Centro,14.25,Silence,0.0,15.08,Silence,0.0,0.0,0.0,0.0,0.0,0.0,0.0,0.0,0.0,0.0,14.82,14.35,13.2,-111,7.5
2026-09-07 04:43:20,Pasillo Salones Civil,14.58,Silence,0.0,15.22,Silence,0.0,0.0,0.0,0.0,0.0,0.0,0.0,0.0,0.0,0.0,15.24,14.57,13.96,-97,12.0
2026-09-07 04:43:22,Pasillo Decanato Eléctrica,19.56,Silence,0.0,20.29,Silence,0.0,0.0,0.0,0.0,0.0,0.0,0.0,0.0,0.0,0.0,20.18,19.51,18.44,-99,11.5
2026-09-07 04:43:26,Laboratorios Civil Superior,29.82,Silence,0.0,31.79,Silence,0.0,0.0,0.0,0.0,0.0,0.0,0.0,0.0,0.0,0.0,32.48,29.49,28.15,-101,10.5
2026-09-07 04:43:30,Salón - Uma Civil,9.91,Silence,0.0,10.55,Silence,0.0,0.0,0.0,0.0,0.0,0.0,0.0,0.0,0.0,0.0,10.48,10.02,8.98,-103,11.2
2026-09-07 04:43:37,Salón - Extremo Civil,13.34,Silence,0.0,14.02,Silence,0.0,0.0,0.0,0.0,0.0,0.0,0.0,0.0,0.0,0.0,13.97,13.41,12.8,-89,12.5
2026-09-07 04:43:47,Salón - Extremo Eléctrica,14.84,Silence,0.0,15.7,Silence,0.0,0.0,0.0,0.0,0.0,0.0,0.0,0.0,0.0,0.0,15.91,14.77,14.09,-95,12.5
2026-09-07 04:43:51,Salón - Uma Eléctrica,43.37,Silence,0.0,44.38,Silence,0.0,0.0,0.0,0.0,0.0,0.0,0.0,0.0,0.0,0.0,44.07,43.66,41.92,-113,0.2
2026-09-07 04:44:02,Laboratorios Eléctrica Inferior,26.27,Silence,0.0,27.26,Silence,0.0,0.0,0.0,0.0,0.0,0.0,0.0,0.0,0.0,0.0,26.89,26.11,25.82,-113,4.2
2026-09-07 04:48:02,Laboratorios Civil Central,51.41,Mixed,64.8,52.48,Group 1 (Common),51.33,0.0,0.0,0.0,51.03,64.8,0.17,0.0,0.04,34.72,52.83,51.36,49.88,-103,12.0
2026-09-07 04:48:03,Lobby Eléctrica,33.48,Silence,0.0,34.0,Silence,0.0,0.0,0.0,0.0,0.0,0.0,0.0,0.0,0.0,0.0,34.28,33.59,32.74,-109,9.2
2026-09-07 04:48:09,Laboratorios Eléctrica Superior,18.09,Silence,0.0,19.0,Silence,0.0,0.0,0.0,0.0,0.0,0.0,0.0,0.0,0.0,0.0,19.11,18.08,17.48,-93,12.5
2026-09-07 04:48:12,Pasillo Decanato Civil,24.74,Silence,0.0,25.63,Silence,0.0,0.0,0.0,0.0,0.0,0.0,0.0,0.0,0.0,0.0,25.35,24.76,23.74,-101,12.2
2026-09-07 04:48:15,Lobby Civil,57.64,Group 5 (Vehicle),80.73,58.21,Group 5 (Vehicle),57.92,0.0,0.0,0.0,57.73,17.75,0.74,0.04,0.69,80.73,58.25,57.64,57.08,-105,11.5
2026-09-07 04:48:15,Pasillo Salones Eléctrica,30.11,Silence,0.0,31.74,Silence,0.0,0.0,0.0,0.0,0.0,0.0,0.0,0.0,0.0,0.0,32.07,29.99,28.99,-111,9.2
2026-09-07 04:48:18,Laboratorios Eléctrica Centro,33.34,Silence,0.0,35.05,Silence,0.0,0.0,0.0,0.0,0.0,0.0,0.0,0.0,0.0,0.0,35.29,33.56,26.33,-113,7.2
2026-09-07 04:48:20,Pasillo Salones Civil,18.08,Silence,0.0,18.77,Silence,0.0,0.0,0.0,0.0,0.0,0.0,0.0,0.0,0.0,0.0,18.62,18.1,17.24,-105,7.8
2026-09-07 04:48:22,Pasillo Decanato Eléctrica,19.53,Silence,0.0,20.48,Silence,0.0,0.0,0.0,0.0,0.0,0.0,0.0,0.0,0.0,0.0,20.76,19.4,19.0,-102,11.5
2026-09-07 04:48:26,Laboratorios Civil Superior,33.28,Silence,0.0,34.57,Silence,0.0,0.0,0.0,0.0,0.0,0.0,0.0,0.0,0.0,0.0,34.66,33.57,31.92,-105,10.5
2026-09-07 04:48:29,Salón - Uma Civil,11.43,Silence,0.0,12.35,Silence,0.0,0.0,0.0,0.0,0.0,0.0,0.0,0.0,0.0,0.0,11.92,11.31,10.78,-113,5.2
2026-09-07 04:48:37,Salón - Extremo Civil,14.32,Silence,0.0,14.98,Silence,0.0,0.0,0.0,0.0,0.0,0.0,0.0,0.0,0.0,0.0,15.09,14.41,13.58,-97,11.8
2026-09-07 04:48:47,Salón - Extremo Eléctrica,16.97,Silence,0.0,18.01,Silence,0.0,0.0,0.0,0.0,0.0,0.0,0.0,0.0,0.0,0.0,17.74,17.22,16.23,-95,11.5
2026-09-07 04:48:51,Salón - Uma Eléctrica,43.52,Silence,0.0,44.18,Silence,0.0,0.0,0.0,0.0,0.0,0.0,0.0,0.0,0.0,0.0,43.95,43.55,42.64,-108,9.2
2026-09-07 04:49:02,Laboratorios Eléctrica Inferior,27.46,Silence,0.0,28.31,Silence,0.0,0.0,0.0,0.0,0.0,0.0,0.0,0.0,0.0,0.0,28.01,27.39,27.03,-120,-5.5
2026-09-07 04:50:56,Laboratorios Civil Inferior,39.55,Silence,0.0,40.67,Silence,0.0,0.0,0.0,0.0,0.0,0.0,0.0,0.0,0.0,0.0,41.01,39.56,38.51,-112,0.2
2026-09-07 04:53:02,Laboratorios Civil Central,50.69,Group 1 (Common),71.57,52.14,Group 1 (Common),51.24,0.0,0.0,0.0,0.0,71.57,0.22,0.17,0.0,27.78,51.63,50.9,48.57,-114,5.8
2026-09-07 04:53:03,Lobby Eléctrica,23.76,Silence,0.0,24.57,Silence,0.0,0.0,0.0,0.0,0.0,0.0,0.0,0.0,0.0,0.0,24.8,23.6,23.01,-101,12.5
2026-09-07 04:53:09,Laboratorios Eléctrica Superior,13.74,Silence,0.0,17.52,Silence,0.0,0.0,0.0,0.0,0.0,0.0,0.0,0.0,0.0,0.0,17.99,12.58,11.63,-107,9.0
2026-09-07 04:53:12,Pasillo Decanato Civil,20.28,Silence,0.0,20.95,Silence,0.0,0.0,0.0,0.0,0.0,0.0,0.0,0.0,0.0,0.0,21.03,20.23,19.26,-96,11.5
2026-09-07 04:53:15,Lobby Civil,45.07,Group 2 (Impact),81.77,46.65,Group 2 (Impact),0.0,44.21,0.0,0.0,0.0,0.0,81.77,1.78,0.87,15.58,46.93,44.99,41.85,-101,12.5
2026-09-07 04:53:15,Pasillo Salones Eléctrica,29.61,Silence,0.0,30.2,Silence,0.0,0.0,0.0,0.0,0.0,0.0,0.0,0.0,0.0,0.0,30.29,29.67,28.58,-108,8.5
2026-09-07 04:53:18,Laboratorios Eléctrica Centro,23.97,Silence,0.0,37.78,Silence,0.0,0.0,0.0,0.0,0.0,0.0,0.0,0.0,0.0,0.0,32.66,18.92,15.71,-109,6.5
2026-09-07 04:53:20,Pasillo Salones Civil,15.04,Silence,0.0,15.62,Silence,0.0,0.0,0.0,0.0,0.0,0.0,0.0,0.0,0.0,0.0,15.57,15.01,14.19,-99,13.0
2026-09-07 04:53:22,Pasillo Decanato Eléctrica,19.54,Silence,0.0,20.23,Silence,0.0,0.0,0.0,0.0,0.0,0.0,0.0,0.0,0.0,0.0,20.49,19.19,18.84,-99,9.2
2026-09-07 04:53:26,Laboratorios Civil Superior,30.17,Silence,0.0,31.05,Silence,0.0,0.0,0.0,0.0,0.0,0.0,0.0,0.0,0.0,0.0,31.26,29.79,29.16,-101,11.0
2026-09-07 04:53:29,Salón - Uma Civil,10.04,Silence,0.0,10.59,Silence,0.0,0.0,0.0,0.0,0.0,0.0,0.0,0.0,0.0,0.0,10.55,9.97,9.38,-111,-5.8
2026-09-07 04:53:37,Salón - Extremo Civil,13.71,Silence,0.0,14.47,Silence,0.0,0.0,0.0,0.0,0.0,0.0,0.0,0.0,0.0,0.0,14.82,13.63,13.21,-84,9.5
2026-09-07 04:53:47,Salón - Extremo Eléctrica,14.88,Silence,0.0,15.93,Silence,0.0,0.0,0.0,0.0,0.0,0.0,0.0,0.0,0.0,0.0,15.39,15.06,14.01,-85,12.8
2026-09-07 04:53:51,Salón - Uma Eléctrica,43.4,Silence,0.0,44.13,Silence,0.0,0.0,0.0,0.0,0.0,0.0,0.0,0.0,0.0,0.0,44.12,43.41,42.4,-114,2.8
2026-09-07 04:54:02,Laboratorios Eléctrica Inferior,33.14,Silence,0.0,46.11,Silence,0.0,0.0,0.0,0.0,0.0,0.0,0.0,0.0,0.0,0.0,43.83,27.69,27.0,-120,-3.8
2026-09-07 04:55:56,Laboratorios Civil Inferior,39.73,Silence,0.0,40.67,Silence,0.0,0.0,0.0,0.0,0.0,0.0,0.0,0.0,0.0,0.0,40.93,39.8,38.12,-115,2.0
2026-09-07 04:58:02,Laboratorios Civil Central,50.94,Group 1 (Common),97.05,52.58,Group 1 (Common),51.0,0.0,0.0,0.0,0.0,97.05,0.0,0.22,0.0,2.6,52.75,50.96,48.26,-113,-5.5
2026-09-07 04:58:03,Lobby Eléctrica,26.23,Silence,0.0,27.16,Silence,0.0,0.0,0.0,0.0,0.0,0.0,0.0,0.0,0.0,0.0,27.02,26.48,24.77,-91,12.2
2026-09-07 04:58:09,Laboratorios Eléctrica Superior,17.01,Silence,0.0,17.77,Silence,0.0,0.0,0.0,0.0,0.0,0.0,0.0,0.0,0.0,0.0,18.15,17.2,15.92,-109,7.5
2026-09-07 04:58:12,Pasillo Decanato Civil,21.38,Silence,0.0,22.26,Silence,0.0,0.0,0.0,0.0,0.0,0.0,0.0,0.0,0.0,0.0,21.88,21.33,20.65,-97,12.0
2026-09-07 04:58:15,Lobby Civil,43.65,Silence,0.0,45.33,Silence,0.0,0.0,0.0,0.0,0.0,0.0,0.0,0.0,0.0,0.0,45.84,43.21,41.36,-101,12.8
2026-09-07 04:58:15,Pasillo Salones Eléctrica,29.61,Silence,0.0,30.49,Silence,0.0,0.0,0.0,0.0,0.0,0.0,0.0,0.0,0.0,0.0,30.66,29.46,28.94,-102,9.2
2026-09-07 04:58:18,Laboratorios Eléctrica Centro,28.84,Silence,0.0,51.14,Silence,0.0,0.0,0.0,0.0,0.0,0.0,0.0,0.0,0.0,0.0,38.99,23.29,17.47,-108,10.2
2026-09-07 04:58:20,Pasillo Salones Civil,15.29,Silence,0.0,16.04,Silence,0.0,0.0,0.0,0.0,0.0,0.0,0.0,0.0,0.0,0.0,15.98,15.27,14.74,-103,10.5
2026-09-07 04:58:22,Pasillo Decanato Eléctrica,20.01,Silence,0.0,20.86,Silence,0.0,0.0,0.0,0.0,0.0,0.0,0.0,0.0,0.0,0.0,20.45,19.85,19.69,-101,11.0
2026-09-07 04:58:26,Laboratorios Civil Superior,29.67,Silence,0.0,30.84,Silence,0.0,0.0,0.0,0.0,0.0,0.0,0.0,0.0,0.0,0.0,31.25,29.59,28.9,-103,9.5
2026-09-07 04:58:30,Salón - Uma Civil,10.9,Silence,0.0,11.48,Silence,0.0,0.0,0.0,0.0,0.0,0.0,0.0,0.0,0.0,0.0,11.79,10.8,9.58,-111,-1.0
2026-09-07 04:58:37,Salón - Extremo Civil,14.21,Silence,0.0,14.65,Silence,0.0,0.0,0.0,0.0,0.0,0.0,0.0,0.0,0.0,0.0,14.7,14.08,13.79,-85,13.0
2026-09-07 04:58:47,Salón - Extremo Eléctrica,14.77,Silence,0.0,15.56,Silence,0.0,0.0,0.0,0.0,0.0,0.0,0.0,0.0,0.0,0.0,15.35,14.67,14.29,-93,12.5
2026-09-07 04:58:51,Salón - Uma Eléctrica,43.79,Silence,0.0,44.54,Silence,0.0,0.0,0.0,0.0,0.0,0.0,0.0,0.0,0.0,0.0,44.31,43.65,43.33,-117,-3.2
2026-09-07 04:59:02,Laboratorios Eléctrica Inferior,36.96,Silence,0.0,38.17,Silence,0.0,0.0,0.0,0.0,0.0,0.0,0.0,0.0,0.0,0.0,38.01,36.88,35.38,-113,5.0
2026-09-07 05:00:56,Laboratorios Civil Inferior,41.27,Silence,0.0,41.9,Silence,0.0,0.0,0.0,0.0,0.0,0.0,0.0,0.0,0.0,0.0,41.78,41.24,40.67,-102,-1.5
2026-09-07 05:03:02,Laboratorios Civil Central,49.71,Mixed,61.59,51.21,Group 1 (Common),49.97,0.0,0.0,0.0,50.84,61.59,0.17,0.0,0.0,38.19,50.89,49.95,47.73,-109,1.5
2026-09-07 05:03:03,Lobby Eléctrica,38.63,Silence,0.0,40.29,Silence,0.0,0.0,0.0,0.0,0.0,0.0,0.0,0.0,0.0,0.0,40.1,38.84,37.04,-91,12.8
2026-09-07 05:03:09,Laboratorios Eléctrica Superior,20.27,Silence,0.0,20.84,Silence,0.0,0.0,0.0,0.0,0.0,0.0,0.0,0.0,0.0,0.0,20.91,20.24,19.26,-96,12.2
2026-09-07 05:03:12,Pasillo Decanato Civil,20.97,Silence,0.0,22.01,Silence,0.0,0.0,0.0,0.0,0.0,0.0,0.0,0.0,0.0,0.0,22.01,20.54,19.93,-105,10.0
2026-09-07 05:03:15,Lobby Civil,41.56,Silence,0.0,42.94,Silence,0.0,0.0,0.0,0.0,0.0,0.0,0.0,0.0,0.0,0.0,43.22,41.06,40.27,-101,11.5
2026-09-07 05:03:15,Pasillo Salones Eléctrica,30.31,Silence,0.0,33.65,Silence,0.0,0.0,0.0,0.0,0.0,0.0,0.0,0.0,0.0,0.0,31.28,30.29,29.5,-97,9.5
2026-09-07 05:03:18,Laboratorios Eléctrica Centro,25.23,Silence,0.0,26.01,Silence,0.0,0.0,0.0,0.0,0.0,0.0,0.0,0.0,0.0,0.0,26.53,25.17,24.31,-113,5.0
2026-09-07 05:03:20,Pasillo Salones Civil,14.81,Silence,0.0,15.25,Silence,0.0,0.0,0.0,0.0,0.0,0.0,0.0,0.0,0.0,0.0,15.24,14.92,14.17,-97,12.5
2026-09-07 05:03:22,Pasillo Decanato Eléctrica,19.55,Silence,0.0,20.22,Silence,0.0,0.0,0.0,0.0,0.0,0.0,0.0,0.0,0.0,0.0,20.39,19.43,18.98,-102,12.2
2026-09-07 05:03:26,Laboratorios Civil Superior,32.04,Silence,0.0,33.15,Silence,0.0,0.0,0.0,0.0,0.0,0.0,0.0,0.0,0.0,0.0,32.92,31.94,31.07,-107,10.8
2026-09-07 05:03:30,Salón - Uma Civil,11.51,Silence,0.0,12.61,Silence,0.0,0.0,0.0,0.0,0.0,0.0,0.0,0.0,0.0,0.0,12.59,11.32,10.79,-107,11.2
2026-09-07 05:03:37,Salón - Extremo Civil,13.89,Silence,0.0,14.33,Silence,0.0,0.0,0.0,0.0,0.0,0.0,0.0,0.0,0.0,0.0,14.26,13.98,13.34,-96,12.2
2026-09-07 05:03:47,Salón - Extremo Eléctrica,14.91,Silence,0.0,15.61,Silence,0.0,0.0,0.0,0.0,0.0,0.0,0.0,0.0,0.0,0.0,15.59,14.93,13.63,-95,12.5
2026-09-07 05:03:51,Salón - Uma Eléctrica,42.95,Silence,0.0,44.13,Silence,0.0,0.0,0.0,0.0,0.0,0.0,0.0,0.0,0.0,0.0,44.1,42.66,42.26,-106,9.2
2026-09-07 05:04:02,Laboratorios Eléctrica Inferior,37.18,Silence,0.0,38.1,Silence,0.0,0.0,0.0,0.0,0.0,0.0,0.0,0.0,0.0,0.0,37.96,37.06,36.57,-120,-4.5
2026-09-07 05:05:56,Laboratorios Civil Inferior,41.43,Silence,0.0,42.02,Silence,0.0,0.0,0.0,0.0,0.0,0.0,0.0,0.0,0.0,0.0,42.16,41.45,40.64,-110,1.0
2026-09-07 05:08:02,Laboratorios Civil Central,53.88,Group 1 (Common),99.56,54.79,Group 1 (Common),54.03,0.0,0.0,0.0,0.0,99.56,0.0,0.2,0.0,0.0,55.14,53.89,52.24,-114,4.0
2026-09-07 05:08:03,Lobby Eléctrica,25.48,Silence,0.0,26.68,Silence,0.0,0.0,0.0,0.0,0.0,0.0,0.0,0.0,0.0,0.0,26.15,25.52,24.76,-96,12.5
2026-09-07 05:08:09,Laboratorios Eléctrica Superior,16.03,Silence,0.0,18.38,Silence,0.0,0.0,0.0,0.0,0.0,0.0,0.0,0.0,0.0,0.0,19.09,15.12,14.3,-93,13.0
2026-09-07 05:08:12,Pasillo Decanato Civil,21.4,Silence,0.0,22.25,Silence,0.0,0.0,0.0,0.0,0.0,0.0,0.0,0.0,0.0,0.0,22.59,21.55,20.19,-107,10.5
2026-09-07 05:08:15,Lobby Civil,48.18,Group 2 (Impact),76.3,54.7,Group 2 (Impact),0.0,47.22,0.0,0.0,0.0,5.6,76.3,0.74,3.73,13.5,54.98,44.58,41.36,-101,8.0
2026-09-07 05:08:15,Pasillo Salones Eléctrica,30.8,Silence,0.0,32.67,Silence,0.0,0.0,0.0,0.0,0.0,0.0,0.0,0.0,0.0,0.0,32.86,30.4,29.44,-99,13.0
2026-09-07 05:08:18,Laboratorios Eléctrica Centro,15.82,Silence,0.0,17.09,Silence,0.0,0.0,0.0,0.0,0.0,0.0,0.0,0.0,0.0,0.0,16.55,15.66,15.33,-105,11.0
2026-09-07 05:08:20,Pasillo Salones Civil,14.82,Silence,0.0,16.81,Silence,0.0,0.0,0.0,0.0,0.0,0.0,0.0,0.0,0.0,0.0,16.39,14.75,13.48,-92,12.2
2026-09-07 05:08:22,Pasillo Decanato Eléctrica,19.56,Silence,0.0,20.08,Silence,0.0,0.0,0.0,0.0,0.0,0.0,0.0,0.0,0.0,0.0,20.24,19.38,19.11,-100,11.2
2026-09-07 05:08:26,Laboratorios Civil Superior,29.23,Silence,0.0,30.85,Silence,0.0,0.0,0.0,0.0,0.0,0.0,0.0,0.0,0.0,0.0,30.88,28.96,27.9,-107,10.5
2026-09-07 05:08:30,Salón - Uma Civil,12.36,Silence,0.0,21.5,Silence,0.0,0.0,0.0,0.0,0.0,0.0,0.0,0.0,0.0,0.0,17.35,10.89,9.88,-109,9.5
2026-09-07 05:08:37,Salón - Extremo Civil,13.36,Silence,0.0,13.93,Silence,0.0,0.0,0.0,0.0,0.0,0.0,0.0,0.0,0.0,0.0,13.83,13.34,12.89,-103,10.8
2026-09-07 05:08:47,Salón - Extremo Eléctrica,14.56,Silence,0.0,15.59,Silence,0.0,0.0,0.0,0.0,0.0,0.0,0.0,0.0,0.0,0.0,15.56,14.5,13.4,-83,12.2
2026-09-07 05:08:51,Salón - Uma Eléctrica,43.56,Silence,0.0,44.75,Silence,0.0,0.0,0.0,0.0,0.0,0.0,0.0,0.0,0.0,0.0,44.69,43.24,42.76,-106,9.5
2026-09-07 05:09:02,Laboratorios Eléctrica Inferior,36.23,Silence,0.0,37.41,Silence,0.0,0.0,0.0,0.0,0.0,0.0,0.0,0.0,0.0,0.0,36.67,36.43,35.07,-119,-13.0
2026-09-07 05:10:56,Laboratorios Civil Inferior,39.05,Silence,0.0,39.83,Silence,0.0,0.0,0.0,0.0,0.0,0.0,0.0,0.0,0.0,0.0,39.9,38.87,38.35,-118,-2.8
2026-09-07 05:13:02,Laboratorios Civil Central,53.28,Group 1 (Common),78.26,54.92,Group 1 (Common),53.34,0.0,53.08,0.0,0.0,78.26,0.0,21.14,0.0,0.61,55.24,53.43,51.09,-101,10.8
2026-09-07 05:13:08,Lobby Eléctrica,47.13,Mixed,47.22,49.94,Group 5 (Vehicle),0.0,46.47,45.28,0.0,49.65,2.25,47.22,15.92,1.37,33.15,50.52,45.51,44.1,-103,9.2
2026-09-07 05:13:09,Laboratorios Eléctrica Superior,57.36,Mixed,42.19,59.71,Group 1 (Common),56.25,57.97,44.65,0.0,58.29,42.19,10.33,14.37,2.56,30.47,59.96,58.36,47.98,-103,4.5
2026-09-07 05:13:12,Pasillo Decanato Civil,22.61,Silence,0.0,23.5,Silence,0.0,0.0,0.0,0.0,0.0,0.0,0.0,0.0,0.0,0.0,23.31,22.67,21.94,-101,12.8
2026-09-07 05:13:15,Lobby Civil,56.79,Group 1 (Common),99.32,57.36,Group 1 (Common),56.5,0.0,0.0,0.0,0.0,99.32,0.0,0.2,0.24,0.29,57.67,56.98,55.37,-96,11.5
2026-09-07 05:13:15,Pasillo Salones Eléctrica,35.57,Silence,0.0,37.76,Silence,0.0,0.0,0.0,0.0,0.0,0.0,0.0,0.0,0.0,0.0,37.73,35.62,32.77,-101,12.8
2026-09-07 05:13:18,Laboratorios Eléctrica Centro,44.07,Silence,0.0,48.56,Silence,0.0,0.0,0.0,0.0,0.0,0.0,0.0,0.0,0.0,0.0,49.98,42.84,32.85,-106,9.0
2026-09-07 05:13:20,Pasillo Salones Civil,15.1,Silence,0.0,15.77,Silence,0.0,0.0,0.0,0.0,0.0,0.0,0.0,0.0,0.0,0.0,16.0,15.21,13.93,-105,-1.0
2026-09-07 05:13:22,Pasillo Decanato Eléctrica,20.87,Silence,0.0,21.96,Silence,0.0,0.0,0.0,0.0,0.0,0.0,0.0,0.0,0.0,0.0,21.97,20.71,19.67,-101,11.8
2026-09-07 05:13:26,Laboratorios Civil Superior,32.8,Silence,0.0,33.88,Silence,0.0,0.0,0.0,0.0,0.0,0.0,0.0,0.0,0.0,0.0,33.65,32.71,31.63,-111,7.2
2026-09-07 05:13:30,Salón - Uma Civil,10.55,Silence,0.0,11.22,Silence,0.0,0.0,0.0,0.0,0.0,0.0,0.0,0.0,0.0,0.0,11.3,10.41,9.97,-119,-12.8
2026-09-07 05:13:37,Salón - Extremo Civil,13.71,Silence,0.0,14.72,Silence,0.0,0.0,0.0,0.0,0.0,0.0,0.0,0.0,0.0,0.0,14.69,13.6,13.18,-96,12.2
2026-09-07 05:13:47,Salón - Extremo Eléctrica,32.94,Silence,0.0,35.56,Silence,0.0,0.0,0.0,0.0,0.0,0.0,0.0,0.0,0.0,0.0,36.26,32.36,29.44,-85,13.5
2026-09-07 05:13:51,Salón - Uma Eléctrica,44.61,Silence,0.0,46.42,Silence,0.0,0.0,0.0,0.0,0.0,0.0,0.0,0.0,0.0,0.0,46.73,45.21,42.4,-106,9.5
2026-09-07 05:14:02,Laboratorios Eléctrica Inferior,36.53,Silence,0.0,37.87,Silence,0.0,0.0,0.0,0.0,0.0,0.0,0.0,0.0,0.0,0.0,38.27,36.19,34.95,-119,-6.8
2026-09-07 05:15:56,Laboratorios Civil Inferior,39.61,Silence,0.0,40.44,Silence,0.0,0.0,0.0,0.0,0.0,0.0,0.0,0.0,0.0,0.0,40.66,39.5,38.62,-113,-0.5
2026-09-07 05:18:02,Laboratorios Civil Central,54.8,Group 1 (Common),95.75,56.65,Group 1 (Common),54.75,0.0,0.0,0.0,0.0,95.75,0.61,0.0,0.3,3.3,56.79,54.56,52.8,-101,11.5
2026-09-07 05:18:03,Lobby Eléctrica,37.1,Silence,0.0,38.05,Silence,0.0,0.0,0.0,0.0,0.0,0.0,0.0,0.0,0.0,0.0,37.88,37.32,36.38,-109,8.5
2026-09-07 05:18:09,Laboratorios Eléctrica Superior,37.38,Silence,0.0,38.31,Silence,0.0,0.0,0.0,0.0,0.0,0.0,0.0,0.0,0.0,0.0,38.29,37.33,36.76,-111,4.8
2026-09-07 05:18:15,Pasillo Decanato Civil,19.91,Silence,0.0,20.8,Silence,0.0,0.0,0.0,0.0,0.0,0.0,0.0,0.0,0.0,0.0,20.69,19.9,19.23,-97,11.0
2026-09-07 05:18:15,Lobby Civil,40.84,Silence,0.0,42.64,Silence,0.0,0.0,0.0,0.0,0.0,0.0,0.0,0.0,0.0,0.0,42.56,40.02,39.03,-95,8.5
2026-09-07 05:18:16,Pasillo Salones Eléctrica,33.57,Silence,0.0,34.87,Silence,0.0,0.0,0.0,0.0,0.0,0.0,0.0,0.0,0.0,0.0,35.32,33.3,32.76,-105,10.2
2026-09-07 05:18:18,Laboratorios Eléctrica Centro,44.91,Silence,0.0,45.78,Silence,0.0,0.0,0.0,0.0,0.0,0.0,0.0,0.0,0.0,0.0,46.18,44.88,43.63,-111,6.8
2026-09-07 05:18:20,Pasillo Salones Civil,38.32,Silence,0.0,39.66,Silence,0.0,0.0,0.0,0.0,0.0,0.0,0.0,0.0,0.0,0.0,39.47,38.12,37.84,-96,12.0
2026-09-07 05:18:22,Pasillo Decanato Eléctrica,19.89,Silence,0.0,20.65,Silence,0.0,0.0,0.0,0.0,0.0,0.0,0.0,0.0,0.0,0.0,20.83,19.96,19.12,-103,11.8
2026-09-07 05:18:26,Laboratorios Civil Superior,51.25,Mixed,56.94,60.22,Group 5 (Vehicle),53.02,0.0,0.0,0.0,57.21,56.94,0.65,0.17,0.65,41.41,57.31,47.68,46.82,-103,11.0
2026-09-07 05:18:30,Salón - Uma Civil,36.95,Silence,0.0,38.29,Silence,0.0,0.0,0.0,0.0,0.0,0.0,0.0,0.0,0.0,0.0,38.11,37.02,35.08,-102,11.2
2026-09-07 05:18:37,Salón - Extremo Civil,29.44,Silence,0.0,36.2,Silence,0.0,0.0,0.0,0.0,0.0,0.0,0.0,0.0,0.0,0.0,32.57,29.19,25.52,-97,12.5
2026-09-07 05:18:47,Salón - Extremo Eléctrica,16.49,Silence,0.0,17.6,Silence,0.0,0.0,0.0,0.0,0.0,0.0,0.0,0.0,0.0,0.0,17.59,16.52,15.24,-83,12.5
2026-09-07 05:18:51,Salón - Uma Eléctrica,43.61,Silence,0.0,44.06,Silence,0.0,0.0,0.0,0.0,0.0,0.0,0.0,0.0,0.0,0.0,44.12,43.71,42.82,-108,10.2
2026-09-07 05:19:02,Laboratorios Eléctrica Inferior,51.65,Group 5 (Vehicle),92.88,52.09,Group 5 (Vehicle),0.0,0.0,0.0,0.0,51.94,5.38,0.26,0.13,1.52,92.88,52.14,51.72,51.19,-121,-8.5
2026-09-07 05:20:56,Laboratorios Civil Inferior,54.5,Group 5 (Vehicle),71.48,58.33,Group 5 (Vehicle),0.0,48.64,49.1,0.0,54.88,1.51,11.04,15.58,0.39,71.48,58.73,52.01,48.55,-117,1.5
2026-09-07 05:23:02,Laboratorios Civil Central,53.58,Group 1 (Common),92.19,55.36,Group 1 (Common),53.58,0.0,0.0,0.0,0.0,92.19,0.61,0.0,0.13,7.03,55.01,53.32,52.06,-114,1.2
2026-09-07 05:23:03,Lobby Eléctrica,32.27,Silence,0.0,33.33,Silence,0.0,0.0,0.0,0.0,0.0,0.0,0.0,0.0,0.0,0.0,33.38,32.31,31.0,-96,9.8
2026-09-07 05:23:09,Laboratorios Eléctrica Superior,37.01,Silence,0.0,38.33,Silence,0.0,0.0,0.0,0.0,0.0,0.0,0.0,0.0,0.0,0.0,37.97,37.02,36.04,-105,9.8
2026-09-07 05:23:12,Pasillo Decanato Civil,20.64,Silence,0.0,21.77,Silence,0.0,0.0,0.0,0.0,0.0,0.0,0.0,0.0,0.0,0.0,21.92,20.79,19.27,-105,12.2
2026-09-07 05:23:15,Lobby Civil,56.36,Group 1 (Common),95.83,65.37,Group 1 (Common),60.03,0.0,0.0,0.0,0.0,95.83,0.26,1.39,0.26,2.17,61.48,54.72,51.19,-97,11.5
2026-09-07 05:23:21,Pasillo Salones Eléctrica,33.86,Silence,0.0,34.72,Silence,0.0,0.0,0.0,0.0,0.0,0.0,0.0,0.0,0.0,0.0,34.99,33.93,32.38,-99,13.5
2026-09-07 05:23:21,Laboratorios Eléctrica Centro,44.45,Silence,0.0,45.66,Silence,0.0,0.0,0.0,0.0,0.0,0.0,0.0,0.0,0.0,0.0,45.75,44.35,42.34,-107,6.5
2026-09-07 05:23:21,Pasillo Salones Civil,38.17,Silence,0.0,39.28,Silence,0.0,0.0,0.0,0.0,0.0,0.0,0.0,0.0,0.0,0.0,39.93,38.05,36.96,-97,12.8
2026-09-07 05:23:22,Pasillo Decanato Eléctrica,19.64,Silence,0.0,20.96,Silence,0.0,0.0,0.0,0.0,0.0,0.0,0.0,0.0,0.0,0.0,20.38,19.49,18.9,-119,-3.0
2026-09-07 05:23:26,Laboratorios Civil Superior,44.27,Silence,0.0,45.01,Silence,0.0,0.0,0.0,0.0,0.0,0.0,0.0,0.0,0.0,0.0,44.78,44.4,43.0,-102,10.5
2026-09-07 05:23:30,Salón - Uma Civil,37.5,Silence,0.0,38.35,Silence,0.0,0.0,0.0,0.0,0.0,0.0,0.0,0.0,0.0,0.0,38.45,37.46,36.34,-100,12.2
2026-09-07 05:23:37,Salón - Extremo Civil,22.28,Silence,0.0,23.78,Silence,0.0,0.0,0.0,0.0,0.0,0.0,0.0,0.0,0.0,0.0,23.95,22.23,20.21,-97,12.5
2026-09-07 05:23:47,Salón - Extremo Eléctrica,16.65,Silence,0.0,17.7,Silence,0.0,0.0,0.0,0.0,0.0,0.0,0.0,0.0,0.0,0.0,17.78,16.49,15.21,-93,12.0
2026-09-07 05:23:51,Salón - Uma Eléctrica,43.46,Silence,0.0,44.54,Silence,0.0,0.0,0.0,0.0,0.0,0.0,0.0,0.0,0.0,0.0,44.57,43.28,42.71,-113,9.8
2026-09-07 05:24:02,Laboratorios Eléctrica Inferior,51.68,Group 5 (Vehicle),80.82,52.15,Group 1 (Common),52.17,0.0,0.0,0.0,51.61,17.88,0.04,0.04,1.3,80.82,52.04,51.75,50.8,-119,-6.0
2026-09-07 05:25:56,Laboratorios Civil Inferior,43.55,Silence,0.0,44.63,Silence,0.0,0.0,0.0,0.0,0.0,0.0,0.0,0.0,0.0,0.0,44.51,44.12,41.54,-114,0.8
2026-09-07 05:28:02,Laboratorios Civil Central,53.38,Group 1 (Common),92.36,54.58,Group 1 (Common),53.16,0.0,0.0,0.0,0.0,92.36,0.22,0.0,0.09,7.16,54.81,53.38,52.25,-115,2.2
2026-09-07 05:28:03,Lobby Eléctrica,41.48,Silence,0.0,42.93,Silence,0.0,0.0,0.0,0.0,0.0,0.0,0.0,0.0,0.0,0.0,41.91,41.43,40.97,-95,13.0
2026-09-07 05:28:09,Laboratorios Eléctrica Superior,38.19,Silence,0.0,39.57,Silence,0.0,0.0,0.0,0.0,0.0,0.0,0.0,0.0,0.0,0.0,39.45,38.11,36.88,-105,10.0
2026-09-07 05:28:12,Pasillo Decanato Civil,20.94,Silence,0.0,21.8,Silence,0.0,0.0,0.0,0.0,0.0,0.0,0.0,0.0,0.0,0.0,21.93,20.77,20.32,-99,8.8
2026-09-07 05:28:15,Lobby Civil,55.02,Mixed,60.89,55.9,Group 1 (Common),55.11,0.0,0.0,0.0,55.23,60.89,2.47,0.04,9.03,27.56,55.78,55.18,53.7,-97,13.5
2026-09-07 05:28:16,Pasillo Salones Eléctrica,33.85,Silence,0.0,35.0,Silence,0.0,0.0,0.0,0.0,0.0,0.0,0.0,0.0,0.0,0.0,35.07,33.78,32.57,-97,12.8
2026-09-07 05:28:18,Laboratorios Eléctrica Centro,46.03,Group 5 (Vehicle),91.84,47.0,Group 5 (Vehicle),0.0,0.0,0.0,0.0,45.99,0.56,0.13,7.29,0.0,91.84,46.75,46.21,45.21,-111,7.0
2026-09-07 05:28:20,Pasillo Salones Civil,38.01,Silence,0.0,39.02,Silence,0.0,0.0,0.0,0.0,0.0,0.0,0.0,0.0,0.0,0.0,39.46,37.84,37.21,-109,8.8
2026-09-07 05:28:22,Pasillo Decanato Eléctrica,19.79,Silence,0.0,20.73,Silence,0.0,0.0,0.0,0.0,0.0,0.0,0.0,0.0,0.0,0.0,20.59,19.69,19.15,-102,11.2
2026-09-07 05:28:28,Laboratorios Civil Superior,43.89,Silence,0.0,44.62,Silence,0.0,0.0,0.0,0.0,0.0,0.0,0.0,0.0,0.0,0.0,44.3,43.88,43.53,-105,10.5
2026-09-07 05:28:30,Salón - Uma Civil,37.28,Silence,0.0,38.48,Silence,0.0,0.0,0.0,0.0,0.0,0.0,0.0,0.0,0.0,0.0,38.31,37.44,35.3,-102,8.5
2026-09-07 05:28:37,Salón - Extremo Civil,29.79,Silence,0.0,35.78,Silence,0.0,0.0,0.0,0.0,0.0,0.0,0.0,0.0,0.0,0.0,36.26,26.77,23.14,-102,11.0
2026-09-07 05:28:47,Salón - Extremo Eléctrica,16.85,Silence,0.0,17.84,Silence,0.0,0.0,0.0,0.0,0.0,0.0,0.0,0.0,0.0,0.0,17.65,16.93,15.6,-85,9.5
2026-09-07 05:28:51,Salón - Uma Eléctrica,43.45,Silence,0.0,44.22,Silence,0.0,0.0,0.0,0.0,0.0,0.0,0.0,0.0,0.0,0.0,44.44,43.5,42.52,-107,7.2
2026-09-07 05:29:02,Laboratorios Eléctrica Inferior,51.35,Group 5 (Vehicle),75.48,52.28,Group 5 (Vehicle),51.76,0.0,0.0,0.0,51.53,23.22,0.17,0.0,1.22,75.48,52.51,51.18,50.68,-119,-9.5
2026-09-07 05:30:56,Laboratorios Civil Inferior,42.04,Silence,0.0,42.72,Silence,0.0,0.0,0.0,0.0,0.0,0.0,0.0,0.0,0.0,0.0,42.62,41.98,41.28,-115,-3.5
2026-09-07 05:33:03,Laboratorios Civil Central,53.87,Group 1 (Common),79.82,55.0,Group 1 (Common),54.04,0.0,0.0,0.0,0.0,79.82,0.35,0.0,0.09,19.53,54.53,54.19,52.56,-114,3.8
2026-09-07 05:33:03,Lobby Eléctrica,46.67,Mixed,48.91,51.79,Group 1 (Common),49.04,0.0,43.57,0.0,0.0,48.91,12.11,26.52,6.6,5.69,52.07,44.56,42.77,-93,12.8
2026-09-07 05:33:09,Laboratorios Eléctrica Superior,38.22,Silence,0.0,40.05,Silence,0.0,0.0,0.0,0.0,0.0,0.0,0.0,0.0,0.0,0.0,39.58,38.12,36.76,-101,9.8
2026-09-07 05:33:12,Pasillo Decanato Civil,21.25,Silence,0.0,22.3,Silence,0.0,0.0,0.0,0.0,0.0,0.0,0.0,0.0,0.0,0.0,22.56,21.17,20.46,-101,12.8
2026-09-07 05:33:15,Lobby Civil,52.55,Mixed,50.52,52.99,Group 1 (Common),52.45,0.0,0.0,0.0,52.54,50.52,1.26,0.0,1.43,46.66,52.97,52.62,52.04,-91,12.2
2026-09-07 05:33:16,Pasillo Salones Eléctrica,33.23,Silence,0.0,33.96,Silence,0.0,0.0,0.0,0.0,0.0,0.0,0.0,0.0,0.0,0.0,33.91,33.32,32.49,-109,9.8
2026-09-07 05:33:18,Laboratorios Eléctrica Centro,46.59,Group 5 (Vehicle),99.48,47.28,Group 5 (Vehicle),0.0,0.0,0.0,0.0,46.73,0.09,0.0,0.09,0.0,99.48,47.06,46.69,45.96,-111,8.2
2026-09-07 05:33:20,Pasillo Salones Civil,38.35,Silence,0.0,39.17,Silence,0.0,0.0,0.0,0.0,0.0,0.0,0.0,0.0,0.0,0.0,39.1,38.36,37.17,-107,6.8
2026-09-07 05:33:22,Pasillo Decanato Eléctrica,19.75,Silence,0.0,20.63,Silence,0.0,0.0,0.0,0.0,0.0,0.0,0.0,0.0,0.0,0.0,20.89,19.47,19.26,-119,-4.5
2026-09-07 05:33:26,Laboratorios Civil Superior,44.48,Silence,0.0,45.1,Silence,0.0,0.0,0.0,0.0,0.0,0.0,0.0,0.0,0.0,0.0,45.21,44.36,43.57,-107,9.2
2026-09-07 05:33:30,Salón - Uma Civil,37.9,Silence,0.0,38.98,Silence,0.0,0.0,0.0,0.0,0.0,0.0,0.0,0.0,0.0,0.0,39.29,37.8,36.65,-105,11.5
2026-09-07 05:33:47,Salón - Extremo Eléctrica,16.23,Silence,0.0,17.2,Silence,0.0,0.0,0.0,0.0,0.0,0.0,0.0,0.0,0.0,0.0,17.35,16.32,15.34,-85,9.2
2026-09-07 05:33:51,Salón - Uma Eléctrica,43.61,Silence,0.0,44.53,Silence,0.0,0.0,0.0,0.0,0.0,0.0,0.0,0.0,0.0,0.0,44.57,43.49,42.72,-106,9.5
2026-09-07 05:34:02,Laboratorios Eléctrica Inferior,51.59,Group 5 (Vehicle),77.26,52.51,Group 5 (Vehicle),51.15,0.0,0.0,0.0,51.67,21.74,0.09,0.0,0.82,77.26,52.73,51.42,50.23,-109,7.2
2026-09-07 05:35:56,Laboratorios Civil Inferior,42.31,Silence,0.0,43.02,Silence,0.0,0.0,0.0,0.0,0.0,0.0,0.0,0.0,0.0,0.0,43.17,42.53,41.15,-120,-4.8
2026-09-07 05:38:03,Laboratorios Civil Central,53.62,Mixed,63.28,55.03,Group 1 (Common),53.85,0.0,0.0,0.0,53.26,63.28,0.04,0.0,0.22,36.37,54.88,53.93,52.28,-101,11.5
2026-09-07 05:38:03,Lobby Eléctrica,51.97,Mixed,38.28,53.1,Group 1 (Common),52.08,51.5,0.0,0.0,52.37,38.28,31.81,0.09,0.74,28.99,52.86,52.11,50.69,-97,12.5
2026-09-07 05:38:09,Laboratorios Eléctrica Superior,38.43,Silence,0.0,39.08,Silence,0.0,0.0,0.0,0.0,0.0,0.0,0.0,0.0,0.0,0.0,39.0,38.51,37.51,-107,8.5
2026-09-07 05:38:12,Pasillo Decanato Civil,22.02,Silence,0.0,23.57,Silence,0.0,0.0,0.0,0.0,0.0,0.0,0.0,0.0,0.0,0.0,23.48,21.67,20.02,-99,10.5
2026-09-07 05:38:15,Lobby Civil,54.22,Mixed,69.79,54.76,Group 1 (Common),54.29,0.0,0.0,0.0,0.0,69.79,10.37,0.0,3.52,16.32,54.82,54.17,53.79,-101,12.8
2026-09-07 05:38:16,Pasillo Salones Eléctrica,33.31,Silence,0.0,34.16,Silence,0.0,0.0,0.0,0.0,0.0,0.0,0.0,0.0,0.0,0.0,33.9,33.55,32.54,-96,12.0
2026-09-07 05:38:18,Laboratorios Eléctrica Centro,45.81,Group 5 (Vehicle),91.1,46.49,Group 5 (Vehicle),0.0,0.0,0.0,0.0,45.92,0.87,0.0,8.07,0.0,91.1,46.21,45.85,45.22,-109,-6.0
2026-09-07 05:38:20,Pasillo Salones Civil,38.72,Silence,0.0,39.32,Silence,0.0,0.0,0.0,0.0,0.0,0.0,0.0,0.0,0.0,0.0,39.4,38.77,37.99,-103,10.5
2026-09-07 05:38:22,Pasillo Decanato Eléctrica,20.12,Silence,0.0,20.95,Silence,0.0,0.0,0.0,0.0,0.0,0.0,0.0,0.0,0.0,0.0,20.74,20.01,19.16,-105,11.8
2026-09-07 05:38:26,Laboratorios Civil Superior,44.05,Silence,0.0,44.74,Silence,0.0,0.0,0.0,0.0,0.0,0.0,0.0,0.0,0.0,0.0,44.94,43.87,43.62,-100,11.2
2026-09-07 05:38:30,Salón - Uma Civil,37.94,Silence,0.0,39.33,Silence,0.0,0.0,0.0,0.0,0.0,0.0,0.0,0.0,0.0,0.0,39.69,37.74,36.07,-114,3.2
2026-09-07 05:38:37,Salón - Extremo Civil,29.69,Silence,0.0,36.99,Silence,0.0,0.0,0.0,0.0,0.0,0.0,0.0,0.0,0.0,0.0,38.69,24.84,22.99,-96,8.8
2026-09-07 05:38:47,Salón - Extremo Eléctrica,16.48,Silence,0.0,17.14,Silence,0.0,0.0,0.0,0.0,0.0,0.0,0.0,0.0,0.0,0.0,17.3,16.48,15.62,-85,9.8
2026-09-07 05:38:51,Salón - Uma Eléctrica,43.96,Silence,0.0,44.63,Silence,0.0,0.0,0.0,0.0,0.0,0.0,0.0,0.0,0.0,0.0,44.77,43.94,43.29,-107,9.2
2026-09-07 05:39:02,Laboratorios Eléctrica Inferior,51.91,Mixed,63.67,52.69,Group 5 (Vehicle),51.93,0.0,0.0,0.0,52.16,23.87,5.03,0.3,7.25,63.67,52.46,52.02,50.48,-113,4.2
2026-09-07 05:40:56,Laboratorios Civil Inferior,42.5,Silence,0.0,43.46,Silence,0.0,0.0,0.0,0.0,0.0,0.0,0.0,0.0,0.0,0.0,43.47,42.66,40.84,-121,-11.5
2026-09-07 05:43:03,Laboratorios Civil Central,52.68,Mixed,62.2,53.71,Group 1 (Common),52.76,0.0,0.0,0.0,52.68,62.2,0.35,0.0,0.13,37.24,53.43,52.79,51.75,-115,2.0
2026-09-07 05:43:03,Lobby Eléctrica,43.83,Silence,0.0,44.74,Silence,0.0,0.0,0.0,0.0,0.0,0.0,0.0,0.0,0.0,0.0,44.56,44.11,42.88,-97,12.8
2026-09-07 05:43:09,Laboratorios Eléctrica Superior,37.94,Silence,0.0,38.53,Silence,0.0,0.0,0.0,0.0,0.0,0.0,0.0,0.0,0.0,0.0,38.61,37.95,37.4,-103,10.0
2026-09-07 05:43:12,Pasillo Decanato Civil,21.15,Silence,0.0,21.91,Silence,0.0,0.0,0.0,0.0,0.0,0.0,0.0,0.0,0.0,0.0,21.64,21.29,20.45,-101,9.5
2026-09-07 05:43:15,Lobby Civil,53.74,Mixed,61.94,54.27,Group 5 (Vehicle),53.72,0.0,0.0,0.0,53.86,61.94,0.78,0.04,2.08,35.11,54.03,53.78,53.4,-96,9.0
2026-09-07 05:43:16,Pasillo Salones Eléctrica,33.4,Silence,0.0,34.12,Silence,0.0,0.0,0.0,0.0,0.0,0.0,0.0,0.0,0.0,0.0,33.94,33.21,33.06,-99,9.5
2026-09-07 05:43:18,Laboratorios Eléctrica Centro,45.84,Group 5 (Vehicle),93.55,46.52,Group 5 (Vehicle),0.0,0.0,0.0,0.0,45.77,0.73,0.0,5.66,0.0,93.55,46.39,45.68,45.18,-106,8.0
2026-09-07 05:43:20,Pasillo Salones Civil,39.76,Silence,0.0,40.52,Silence,0.0,0.0,0.0,0.0,0.0,0.0,0.0,0.0,0.0,0.0,40.26,39.65,39.2,-107,10.2
2026-09-07 05:43:23,Pasillo Decanato Eléctrica,22.98,Silence,0.0,26.13,Silence,0.0,0.0,0.0,0.0,0.0,0.0,0.0,0.0,0.0,0.0,27.01,21.65,20.48,-105,12.8
2026-09-07 05:43:26,Laboratorios Civil Superior,44.21,Silence,0.0,44.8,Silence,0.0,0.0,0.0,0.0,0.0,0.0,0.0,0.0,0.0,0.0,44.9,44.18,43.75,-111,6.0
2026-09-07 05:43:30,Salón - Uma Civil,38.43,Silence,0.0,39.47,Silence,0.0,0.0,0.0,0.0,0.0,0.0,0.0,0.0,0.0,0.0,39.24,38.18,37.75,-108,7.8
2026-09-07 05:43:38,Salón - Extremo Civil,31.19,Silence,0.0,38.37,Silence,0.0,0.0,0.0,0.0,0.0,0.0,0.0,0.0,0.0,0.0,38.96,25.76,23.09,-87,13.0
2026-09-07 05:43:47,Salón - Extremo Eléctrica,19.78,Silence,0.0,22.26,Silence,0.0,0.0,0.0,0.0,0.0,0.0,0.0,0.0,0.0,0.0,22.68,19.1,17.74,-82,10.0
2026-09-07 05:43:53,Salón - Uma Eléctrica,43.87,Silence,0.0,44.62,Silence,0.0,0.0,0.0,0.0,0.0,0.0,0.0,0.0,0.0,0.0,44.5,43.87,43.13,-115,
2026-09-07 05:44:02,Laboratorios Eléctrica Inferior,51.76,Group 5 (Vehicle),82.32,52.41,Group 5 (Vehicle),52.06,0.0,0.0,0.0,52.02,15.87,0.05,0.05,1.71,82.32,52.34,51.79,50.58,-120,-10.0
2026-09-07 05:45:56,Laboratorios Civil Inferior,48.88,Group 1 (Common),92.36,52.05,Group 1 (Common),49.01,0.0,0.0,0.0,0.0,92.36,3.26,0.0,0.52,3.69,52.36,47.83,43.74,-120,-5.0
2026-09-07 05:48:03,Laboratorios Civil Central,53.03,Group 1 (Common),82.03,53.88,Group 1 (Common),52.98,0.0,0.0,0.0,52.93,82.03,0.0,0.0,0.09,17.8,53.83,53.21,51.48,-97,12.0
2026-09-07 05:48:03,Lobby Eléctrica,44.34,Silence,0.0,45.48,Silence,0.0,0.0,0.0,0.0,0.0,0.0,0.0,0.0,0.0,0.0,45.28,44.15,43.19,-102,8.2
2026-09-07 05:48:09,Laboratorios Eléctrica Superior,38.64,Silence,0.0,39.27,Silence,0.0,0.0,0.0,0.0,0.0,0.0,0.0,0.0,0.0,0.0,39.04,38.7,38.14,-109,7.5
2026-09-07 05:48:12,Pasillo Decanato Civil,22.26,Silence,0.0,23.51,Silence,0.0,0.0,0.0,0.0,0.0,0.0,0.0,0.0,0.0,0.0,23.54,22.11,21.09,-107,10.8
2026-09-07 05:48:15,Lobby Civil,55.79,Group 1 (Common),96.88,56.51,Group 1 (Common),55.92,0.0,0.0,0.0,0.0,96.88,0.17,0.04,2.04,1.0,56.5,55.77,54.92,-99,11.2
2026-09-07 05:48:16,Pasillo Salones Eléctrica,33.65,Silence,0.0,34.35,Silence,0.0,0.0,0.0,0.0,0.0,0.0,0.0,0.0,0.0,0.0,34.7,33.5,33.01,-97,12.8
2026-09-07 05:48:18,Laboratorios Eléctrica Centro,45.74,Group 5 (Vehicle),98.97,46.39,Group 5 (Vehicle),0.0,0.0,0.0,0.0,45.8,0.34,0.0,0.88,0.0,98.97,46.75,45.6,45.06,-106,9.2
2026-09-07 05:48:20,Pasillo Salones Civil,39.42,Silence,0.0,39.96,Silence,0.0,0.0,0.0,0.0,0.0,0.0,0.0,0.0,0.0,0.0,39.79,39.64,38.42,-109,5.8
2026-09-07 05:48:23,Pasillo Decanato Eléctrica,21.05,Silence,0.0,22.17,Silence,0.0,0.0,0.0,0.0,0.0,0.0,0.0,0.0,0.0,0.0,21.86,20.95,20.15,-102,11.8
2026-09-07 05:48:26,Laboratorios Civil Superior,43.89,Silence,0.0,44.55,Silence,0.0,0.0,0.0,0.0,0.0,0.0,0.0,0.0,0.0,0.0,44.43,43.83,43.17,-103,10.8
2026-09-07 05:48:30,Salón - Uma Civil,38.35,Silence,0.0,39.88,Silence,0.0,0.0,0.0,0.0,0.0,0.0,0.0,0.0,0.0,0.0,39.72,38.74,35.8,-96,7.8
2026-09-07 05:48:37,Salón - Extremo Civil,34.26,Silence,0.0,43.04,Silence,0.0,0.0,0.0,0.0,0.0,0.0,0.0,0.0,0.0,0.0,42.29,27.74,24.35,-85,12.8
2026-09-07 05:48:47,Salón - Extremo Eléctrica,17.59,Silence,0.0,17.99,Silence,0.0,0.0,0.0,0.0,0.0,0.0,0.0,0.0,0.0,0.0,18.22,17.5,17.11,-91,9.2
2026-09-07 05:48:51,Salón - Uma Eléctrica,43.96,Silence,0.0,44.63,Silence,0.0,0.0,0.0,0.0,0.0,0.0,0.0,0.0,0.0,0.0,44.5,43.95,43.08,-114,-3.2
2026-09-07 05:49:02,Laboratorios Eléctrica Inferior,52.14,Group 5 (Vehicle),79.1,52.78,Group 5 (Vehicle),51.47,0.0,0.0,0.0,52.18,18.41,0.1,0.05,2.29,79.1,52.8,52.19,51.07,-111,6.5
2026-09-07 05:50:56,Laboratorios Civil Inferior,41.21,Silence,0.0,41.91,Silence,0.0,0.0,0.0,0.0,0.0,0.0,0.0,0.0,0.0,0.0,41.86,41.13,40.68,-119,-8.2
2026-09-07 05:53:03,Laboratorios Civil Central,53.51,Group 1 (Common),80.96,54.56,Group 1 (Common),53.6,0.0,0.0,0.0,0.0,80.96,0.0,0.05,0.15,18.8,54.22,53.53,52.01,-101,11.2
2026-09-07 05:53:03,Lobby Eléctrica,45.44,Mixed,35.74,48.05,Group 1 (Common),46.45,45.59,46.11,0.0,0.0,35.74,30.86,18.9,0.29,14.06,47.84,44.87,43.74,-107,9.2
2026-09-07 05:53:09,Laboratorios Eléctrica Superior,39.01,Silence,0.0,39.66,Silence,0.0,0.0,0.0,0.0,0.0,0.0,0.0,0.0,0.0,0.0,39.42,38.9,38.48,-99,13.2
2026-09-07 05:53:12,Pasillo Decanato Civil,21.99,Silence,0.0,22.95,Silence,0.0,0.0,0.0,0.0,0.0,0.0,0.0,0.0,0.0,0.0,22.91,21.74,21.26,-102,11.0
2026-09-07 05:53:15,Lobby Civil,56.05,Group 1 (Common),97.17,57.08,Group 1 (Common),56.17,0.0,0.0,0.0,0.0,97.17,0.0,0.0,0.98,1.9,57.34,55.83,55.35,-101,12.5
2026-09-07 05:53:16,Pasillo Salones Eléctrica,33.12,Silence,0.0,33.83,Silence,0.0,0.0,0.0,0.0,0.0,0.0,0.0,0.0,0.0,0.0,33.68,33.05,32.41,-99,12.5
2026-09-07 05:53:18,Laboratorios Eléctrica Centro,47.18,Group 5 (Vehicle),97.14,47.92,Group 5 (Vehicle),0.0,0.0,0.0,0.0,47.34,0.22,0.0,2.52,0.0,97.14,47.69,47.14,46.78,-105,5.5
2026-09-07 05:53:20,Pasillo Salones Civil,39.33,Silence,0.0,40.22,Silence,0.0,0.0,0.0,0.0,0.0,0.0,0.0,0.0,0.0,0.0,40.1,39.27,38.13,-105,2.8
2026-09-07 05:53:23,Pasillo Decanato Eléctrica,20.81,Silence,0.0,21.69,Silence,0.0,0.0,0.0,0.0,0.0,0.0,0.0,0.0,0.0,0.0,21.48,20.88,19.83,-101,12.2
2026-09-07 05:53:26,Laboratorios Civil Superior,44.47,Silence,0.0,45.26,Silence,0.0,0.0,0.0,0.0,0.0,0.0,0.0,0.0,0.0,0.0,45.04,44.32,43.96,-105,11.8
2026-09-07 05:53:30,Salón - Uma Civil,37.11,Silence,0.0,39.05,Silence,0.0,0.0,0.0,0.0,0.0,0.0,0.0,0.0,0.0,0.0,39.57,36.78,35.7,-115,5.0
2026-09-07 05:53:38,Salón - Extremo Civil,26.72,Silence,0.0,29.32,Silence,0.0,0.0,0.0,0.0,0.0,0.0,0.0,0.0,0.0,0.0,30.33,25.19,23.92,-118,-13.8
2026-09-07 05:53:47,Salón - Extremo Eléctrica,26.72,Silence,0.0,28.81,Silence,0.0,0.0,0.0,0.0,0.0,0.0,0.0,0.0,0.0,0.0,29.5,26.25,23.05,-89,8.8
2026-09-07 05:53:51,Salón - Uma Eléctrica,43.1,Silence,0.0,43.77,Silence,0.0,0.0,0.0,0.0,0.0,0.0,0.0,0.0,0.0,0.0,43.51,43.12,42.52,-109,11.0
2026-09-07 05:54:02,Laboratorios Eléctrica Inferior,52.29,Group 5 (Vehicle),95.53,52.98,Group 5 (Vehicle),0.0,0.0,0.0,0.0,52.46,4.12,0.13,0.04,0.3,95.53,53.02,52.24,51.63,-119,-9.2
2026-09-07 05:55:56,Laboratorios Civil Inferior,52.41,Group 1 (Common),97.53,55.8,Group 1 (Common),51.21,0.0,0.0,0.0,0.0,97.53,0.13,0.0,0.09,2.17,56.31,51.73,48.04,-100,-3.0
2026-09-07 05:58:03,Laboratorios Civil Central,54.27,Group 1 (Common),95.05,55.26,Group 1 (Common),54.19,0.0,0.0,0.0,0.0,95.05,0.22,0.0,0.04,4.69,55.06,54.36,52.4,-111,3.5
2026-09-07 05:58:03,Lobby Eléctrica,61.6,Mixed,64.15,64.59,Group 1 (Common),61.41,0.0,0.0,58.82,61.9,64.15,0.09,0.65,14.11,20.96,64.95,60.71,55.99,-105,7.5
2026-09-07 05:58:09,Laboratorios Eléctrica Superior,39.36,Silence,0.0,40.33,Silence,0.0,0.0,0.0,0.0,0.0,0.0,0.0,0.0,0.0,0.0,40.28,39.29,38.34,-102,10.5
2026-09-07 05:58:12,Pasillo Decanato Civil,22.83,Silence,0.0,23.77,Silence,0.0,0.0,0.0,0.0,0.0,0.0,0.0,0.0,0.0,0.0,23.66,22.91,21.94,-102,8.5
2026-09-07 05:58:15,Lobby Civil,57.35,Group 1 (Common),94.84,58.0,Group 1 (Common),57.35,0.0,0.0,0.0,0.0,94.84,0.04,0.09,3.13,1.95,58.11,57.21,57.04,-96,10.8
2026-09-07 05:58:16,Pasillo Salones Eléctrica,36.35,Silence,0.0,39.22,Silence,0.0,0.0,0.0,0.0,0.0,0.0,0.0,0.0,0.0,0.0,39.33,35.67,32.76,-108,5.5
2026-09-07 05:58:18,Laboratorios Eléctrica Centro,47.0,Group 5 (Vehicle),85.81,47.54,Group 5 (Vehicle),0.0,0.0,46.86,0.0,47.18,1.0,0.0,13.28,0.0,85.81,47.76,47.07,45.84,-107,10.5
2026-09-07 05:58:20,Pasillo Salones Civil,39.09,Silence,0.0,40.0,Silence,0.0,0.0,0.0,0.0,0.0,0.0,0.0,0.0,0.0,0.0,39.59,39.16,38.39,-95,13.0
2026-09-07 05:58:23,Pasillo Decanato Eléctrica,22.91,Silence,0.0,23.67,Silence,0.0,0.0,0.0,0.0,0.0,0.0,0.0,0.0,0.0,0.0,23.58,23.1,21.88,-97,9.0
2026-09-07 05:58:26,Laboratorios Civil Superior,44.56,Silence,0.0,45.34,Silence,0.0,0.0,0.0,0.0,0.0,0.0,0.0,0.0,0.0,0.0,45.54,44.33,43.64,-100,10.5
2026-09-07 05:58:30,Salón - Uma Civil,36.29,Silence,0.0,38.52,Silence,0.0,0.0,0.0,0.0,0.0,0.0,0.0,0.0,0.0,0.0,36.86,36.35,35.2,-107,11.2
2026-09-07 05:58:38,Salón - Extremo Civil,28.19,Silence,0.0,33.05,Silence,0.0,0.0,0.0,0.0,0.0,0.0,0.0,0.0,0.0,0.0,33.11,25.98,24.98,-94,12.2
2026-09-07 05:58:47,Salón - Extremo Eléctrica,17.67,Silence,0.0,18.66,Silence,0.0,0.0,0.0,0.0,0.0,0.0,0.0,0.0,0.0,0.0,18.26,17.61,16.43,-84,10.0
2026-09-07 05:58:51,Salón - Uma Eléctrica,42.55,Silence,0.0,43.25,Silence,0.0,0.0,0.0,0.0,0.0,0.0,0.0,0.0,0.0,0.0,43.14,42.57,41.66,-114,1.5
2026-09-07 05:59:02,Laboratorios Eléctrica Inferior,51.91,Group 5 (Vehicle),89.02,52.5,Group 5 (Vehicle),51.94,0.0,0.0,0.0,52.05,10.07,0.35,0.0,0.61,89.02,52.42,51.91,51.29,-117,-9.2
2026-09-07 06:00:57,Laboratorios Civil Inferior,41.1,Silence,0.0,41.47,Silence,0.0,0.0,0.0,0.0,0.0,0.0,0.0,0.0,0.0,0.0,41.52,41.09,40.55,-119,-5.8
2026-09-07 06:03:03,Laboratorios Civil Central,53.58,Group 1 (Common),77.69,54.46,Group 1 (Common),53.61,0.0,0.0,0.0,0.0,77.69,0.3,0.0,0.13,21.88,54.46,53.76,51.7,-115,0.8
2026-09-07 06:03:03,Lobby Eléctrica,63.95,Mixed,50.3,67.2,Group 5 (Vehicle),61.96,64.74,65.39,0.0,65.36,5.25,32.07,8.33,4.04,50.3,67.05,63.68,56.23,-107,10.2
2026-09-07 06:03:09,Laboratorios Eléctrica Superior,38.79,Silence,0.0,39.7,Silence,0.0,0.0,0.0,0.0,0.0,0.0,0.0,0.0,0.0,0.0,39.52,38.88,37.77,-100,5.2
2026-09-07 06:03:12,Pasillo Decanato Civil,24.21,Silence,0.0,26.28,Silence,0.0,0.0,0.0,0.0,0.0,0.0,0.0,0.0,0.0,0.0,27.22,23.82,22.39,-105,11.8
2026-09-07 06:03:15,Lobby Civil,56.81,Group 1 (Common),71.61,57.95,Group 1 (Common),56.74,0.0,0.0,0.0,57.04,71.61,0.35,0.22,2.69,25.0,58.15,56.68,55.84,-96,12.0
2026-09-07 06:03:16,Pasillo Salones Eléctrica,35.08,Silence,0.0,36.68,Silence,0.0,0.0,0.0,0.0,0.0,0.0,0.0,0.0,0.0,0.0,37.11,34.67,33.91,-97,12.2
2026-09-07 06:03:18,Laboratorios Eléctrica Centro,46.34,Group 5 (Vehicle),99.61,47.61,Group 5 (Vehicle),0.0,0.0,0.0,0.0,46.74,0.09,0.0,0.04,0.0,99.61,47.15,46.39,45.1,-108,9.8
2026-09-07 06:03:20,Pasillo Salones Civil,38.52,Silence,0.0,39.13,Silence,0.0,0.0,0.0,0.0,0.0,0.0,0.0,0.0,0.0,0.0,38.99,38.54,37.96,-105,11.5
2026-09-07 06:03:23,Pasillo Decanato Eléctrica,21.98,Silence,0.0,22.86,Silence,0.0,0.0,0.0,0.0,0.0,0.0,0.0,0.0,0.0,0.0,22.74,21.89,21.13,-107,12.8
2026-09-07 06:03:26,Laboratorios Civil Superior,43.77,Silence,0.0,44.58,Silence,0.0,0.0,0.0,0.0,0.0,0.0,0.0,0.0,0.0,0.0,44.58,43.75,42.83,-105,11.2
2026-09-07 06:03:38,Salón - Extremo Civil,28.21,Silence,0.0,33.65,Silence,0.0,0.0,0.0,0.0,0.0,0.0,0.0,0.0,0.0,0.0,31.85,29.06,22.3,-87,12.8
2026-09-07 06:03:47,Salón - Extremo Eléctrica,18.05,Silence,0.0,19.1,Silence,0.0,0.0,0.0,0.0,0.0,0.0,0.0,0.0,0.0,0.0,18.63,18.16,16.7,-84,10.2
2026-09-07 06:03:51,Salón - Uma Eléctrica,42.11,Silence,0.0,42.83,Silence,0.0,0.0,0.0,0.0,0.0,0.0,0.0,0.0,0.0,0.0,43.02,42.19,41.42,-107,7.8
2026-09-07 06:04:02,Laboratorios Eléctrica Inferior,51.8,Group 5 (Vehicle),88.85,52.65,Group 5 (Vehicle),0.0,0.0,0.0,0.0,52.08,9.94,0.43,0.04,0.82,88.85,52.79,51.56,51.05,-109,4.8
2026-09-07 06:05:56,Laboratorios Civil Inferior,40.34,Silence,0.0,41.05,Silence,0.0,0.0,0.0,0.0,0.0,0.0,0.0,0.0,0.0,0.0,40.65,40.38,39.8,-119,-9.2
2026-09-07 06:08:03,Laboratorios Civil Central,52.97,Group 1 (Common),84.24,53.89,Group 1 (Common),52.74,0.0,0.0,0.0,0.0,84.24,1.65,0.0,0.43,13.67,53.91,53.22,51.35,-115,-2.2
2026-09-07 06:08:03,Lobby Eléctrica,54.67,Mixed,54.77,55.25,Group 2 (Impact),54.96,54.42,0.0,0.0,54.49,11.98,54.77,2.13,4.6,26.39,55.35,54.68,53.79,-96,12.5
2026-09-07 06:08:09,Laboratorios Eléctrica Superior,39.44,Silence,0.0,40.43,Silence,0.0,0.0,0.0,0.0,0.0,0.0,0.0,0.0,0.0,0.0,40.6,39.5,38.09,-91,12.8
2026-09-07 06:08:12,Pasillo Decanato Civil,22.98,Silence,0.0,24.62,Silence,0.0,0.0,0.0,0.0,0.0,0.0,0.0,0.0,0.0,0.0,25.18,22.73,22.19,-102,11.2
2026-09-07 06:08:15,Lobby Civil,57.82,Group 1 (Common),97.53,58.55,Group 1 (Common),57.71,0.0,0.0,0.0,0.0,97.53,0.04,0.0,0.35,2.13,58.68,57.64,57.44,-103,11.8
2026-09-07 06:08:16,Pasillo Salones Eléctrica,35.29,Silence,0.0,36.12,Silence,0.0,0.0,0.0,0.0,0.0,0.0,0.0,0.0,0.0,0.0,36.1,35.14,34.33,-103,9.8
2026-09-07 06:08:18,Laboratorios Eléctrica Centro,46.86,Group 5 (Vehicle),98.87,47.58,Group 5 (Vehicle),0.0,0.0,0.0,0.0,47.08,0.26,0.0,0.65,0.0,98.87,47.63,46.74,46.16,-111,8.5
2026-09-07 06:08:20,Pasillo Salones Civil,39.08,Silence,0.0,40.14,Silence,0.0,0.0,0.0,0.0,0.0,0.0,0.0,0.0,0.0,0.0,39.59,39.09,38.67,-91,12.8
2026-09-07 06:08:23,Pasillo Decanato Eléctrica,56.5,Group 1 (Common),98.78,57.52,Group 1 (Common),56.51,0.0,0.0,0.0,0.0,98.78,0.39,0.04,0.3,0.52,57.48,56.23,55.69,-99,12.2
2026-09-07 06:08:26,Laboratorios Civil Superior,43.72,Silence,0.0,44.36,Silence,0.0,0.0,0.0,0.0,0.0,0.0,0.0,0.0,0.0,0.0,44.29,43.75,42.81,-103,11.5
2026-09-07 06:08:30,Salón - Uma Civil,37.38,Silence,0.0,38.75,Silence,0.0,0.0,0.0,0.0,0.0,0.0,0.0,0.0,0.0,0.0,38.1,37.52,35.99,-107,11.0
2026-09-07 06:08:38,Salón - Extremo Civil,26.35,Silence,0.0,30.26,Silence,0.0,0.0,0.0,0.0,0.0,0.0,0.0,0.0,0.0,0.0,31.58,25.76,23.42,-85,12.5
2026-09-07 06:08:47,Salón - Extremo Eléctrica,20.32,Silence,0.0,21.17,Silence,0.0,0.0,0.0,0.0,0.0,0.0,0.0,0.0,0.0,0.0,20.96,20.26,19.86,-84,8.2
2026-09-07 06:08:51,Salón - Uma Eléctrica,41.46,Silence,0.0,42.16,Silence,0.0,0.0,0.0,0.0,0.0,0.0,0.0,0.0,0.0,0.0,42.59,41.51,40.46,-117,-10.5
2026-09-07 06:09:02,Laboratorios Eléctrica Inferior,51.91,Group 5 (Vehicle),85.46,52.65,Group 1 (Common),52.6,0.0,0.0,0.0,51.99,13.54,0.17,0.09,0.69,85.46,52.77,51.89,51.38,-109,10.5
2026-09-07 06:10:56,Laboratorios Civil Inferior,41.15,Silence,0.0,41.99,Silence,0.0,0.0,0.0,0.0,0.0,0.0,0.0,0.0,0.0,0.0,41.85,41.06,39.94,-118,-3.0
2026-09-07 06:13:03,Laboratorios Civil Central,52.45,Group 1 (Common),85.07,53.58,Group 1 (Common),52.61,0.0,0.0,0.0,0.0,85.07,0.13,0.0,0.0,14.58,53.39,52.27,51.83,-101,12.0
2026-09-07 06:13:09,Lobby Eléctrica,46.49,Mixed,50.65,51.3,Group 5 (Vehicle),46.32,0.0,47.08,0.0,48.96,50.65,4.64,16.32,0.09,28.26,48.12,46.14,45.56,-95,11.5
2026-09-07 06:13:09,Laboratorios Eléctrica Superior,39.33,Silence,0.0,40.22,Silence,0.0,0.0,0.0,0.0,0.0,0.0,0.0,0.0,0.0,0.0,40.18,39.22,38.29,-107,8.8
2026-09-07 06:13:12,Pasillo Decanato Civil,23.58,Silence,0.0,24.77,Silence,0.0,0.0,0.0,0.0,0.0,0.0,0.0,0.0,0.0,0.0,25.15,23.43,22.11,-107,10.2
2026-09-07 06:13:15,Lobby Civil,58.56,Group 1 (Common),99.0,62.78,Group 1 (Common),59.77,0.0,0.0,0.0,0.0,99.0,0.0,0.0,0.3,0.52,60.8,58.2,56.45,-96,11.2
2026-09-07 06:13:16,Pasillo Salones Eléctrica,34.27,Silence,0.0,35.03,Silence,0.0,0.0,0.0,0.0,0.0,0.0,0.0,0.0,0.0,0.0,35.23,34.26,33.16,-99,11.8
2026-09-07 06:13:18,Laboratorios Eléctrica Centro,47.26,Mixed,68.58,48.41,Group 3 (Rotary Tool),0.0,0.0,47.88,0.0,47.22,5.12,0.69,25.48,0.04,68.58,48.5,47.01,46.4,-114,4.0
2026-09-07 06:13:20,Pasillo Salones Civil,39.03,Silence,0.0,40.08,Silence,0.0,0.0,0.0,0.0,0.0,0.0,0.0,0.0,0.0,0.0,40.01,38.98,38.16,-109,10.8
2026-09-07 06:13:23,Pasillo Decanato Eléctrica,56.09,Group 1 (Common),99.05,56.61,Group 1 (Common),56.01,0.0,0.0,0.0,0.0,99.05,0.56,0.0,0.17,0.09,56.61,56.0,55.62,-96,10.2
2026-09-07 06:13:26,Laboratorios Civil Superior,44.27,Silence,0.0,45.46,Silence,0.0,0.0,0.0,0.0,0.0,0.0,0.0,0.0,0.0,0.0,45.45,44.19,43.12,-100,9.5
2026-09-07 06:13:30,Salón - Uma Civil,38.14,Silence,0.0,39.69,Silence,0.0,0.0,0.0,0.0,0.0,0.0,0.0,0.0,0.0,0.0,40.14,37.92,36.28,-109,-6.5
2026-09-07 06:13:38,Salón - Extremo Civil,30.62,Silence,0.0,39.07,Silence,0.0,0.0,0.0,0.0,0.0,0.0,0.0,0.0,0.0,0.0,40.2,27.53,22.87,-89,9.5
2026-09-07 06:13:47,Salón - Extremo Eléctrica,23.01,Silence,0.0,23.77,Silence,0.0,0.0,0.0,0.0,0.0,0.0,0.0,0.0,0.0,0.0,23.67,22.93,22.56,-91,9.8
2026-09-07 06:13:51,Salón - Uma Eléctrica,41.22,Silence,0.0,41.8,Silence,0.0,0.0,0.0,0.0,0.0,0.0,0.0,0.0,0.0,0.0,41.61,41.35,40.36,-107,10.0
2026-09-07 06:14:02,Laboratorios Eléctrica Inferior,52.35,Group 5 (Vehicle),94.97,53.16,Group 5 (Vehicle),0.0,0.0,0.0,0.0,52.56,4.47,0.0,0.04,0.52,94.97,52.83,52.48,51.14,-121,-8.2
2026-09-07 06:15:56,Laboratorios Civil Inferior,39.1,Silence,0.0,39.87,Silence,0.0,0.0,0.0,0.0,0.0,0.0,0.0,0.0,0.0,0.0,40.21,39.08,38.26,-120,-6.0
2026-09-07 06:18:03,Laboratorios Civil Central,53.78,Group 1 (Common),86.41,55.21,Group 1 (Common),53.78,0.0,0.0,0.0,0.0,86.41,0.74,0.0,0.35,12.59,55.74,53.55,52.6,-102,11.0
2026-09-07 06:18:03,Lobby Eléctrica,41.68,Silence,0.0,46.79,Silence,0.0,0.0,0.0,0.0,0.0,0.0,0.0,0.0,0.0,0.0,43.71,41.12,40.2,-105,3.0
2026-09-07 06:18:09,Laboratorios Eléctrica Superior,56.99,Mixed,48.57,58.24,Group 4 (Person),0.0,56.73,0.0,56.53,57.07,3.65,48.57,7.9,24.39,15.58,58.0,57.16,55.16,-95,13.2
2026-09-07 06:18:16,Pasillo Decanato Civil,23.11,Silence,0.0,26.87,Silence,0.0,0.0,0.0,0.0,0.0,0.0,0.0,0.0,0.0,0.0,23.86,22.59,22.36,-111,6.5
2026-09-07 06:18:16,Lobby Civil,54.45,Mixed,57.2,55.98,Group 5 (Vehicle),54.73,54.14,0.0,0.0,55.07,16.75,57.2,2.47,4.38,19.36,56.32,54.05,53.04,-97,13.5
2026-09-07 06:18:16,Pasillo Salones Eléctrica,33.33,Silence,0.0,34.24,Silence,0.0,0.0,0.0,0.0,0.0,0.0,0.0,0.0,0.0,0.0,33.95,33.44,32.73,-96,12.0
2026-09-07 06:18:18,Laboratorios Eléctrica Centro,67.43,Mixed,35.11,69.67,Group 4 (Person),0.0,64.99,65.6,69.04,67.81,2.95,35.11,14.58,19.75,27.52,69.52,66.57,63.94,-113,0.5
2026-09-07 06:18:20,Pasillo Salones Civil,61.74,Mixed,48.22,72.05,Group 3 (Rotary Tool),0.0,50.98,69.34,0.0,0.0,0.52,40.67,48.22,2.3,8.29,69.12,53.21,42.06,-99,12.2
2026-09-07 06:18:23,Pasillo Decanato Eléctrica,56.04,Group 1 (Common),98.7,56.82,Group 1 (Common),56.15,0.0,0.0,0.0,0.0,98.7,0.09,0.0,0.13,0.95,56.91,55.91,55.23,-101,12.5
2026-09-07 06:18:26,Laboratorios Civil Superior,43.92,Silence,0.0,44.76,Silence,0.0,0.0,0.0,0.0,0.0,0.0,0.0,0.0,0.0,0.0,44.69,43.87,42.91,-103,11.8
2026-09-07 06:18:30,Salón - Uma Civil,37.79,Silence,0.0,39.33,Silence,0.0,0.0,0.0,0.0,0.0,0.0,0.0,0.0,0.0,0.0,39.35,37.47,36.55,-114,-5.8
2026-09-07 06:18:38,Salón - Extremo Civil,51.11,Mixed,51.26,53.83,Group 2 (Impact),51.82,48.6,0.0,0.0,0.0,31.6,51.26,7.42,2.47,7.2,54.12,50.98,41.19,-100,11.8
2026-09-07 06:18:47,Salón - Extremo Eléctrica,24.76,Silence,0.0,25.88,Silence,0.0,0.0,0.0,0.0,0.0,0.0,0.0,0.0,0.0,0.0,25.54,24.76,24.12,-94,9.2
2026-09-07 06:18:51,Salón - Uma Eléctrica,41.03,Silence,0.0,41.7,Silence,0.0,0.0,0.0,0.0,0.0,0.0,0.0,0.0,0.0,0.0,41.59,41.01,40.64,-109,10.0
2026-09-07 06:19:03,Laboratorios Eléctrica Inferior,52.37,Group 5 (Vehicle),97.57,53.07,Group 5 (Vehicle),0.0,0.0,0.0,0.0,52.43,1.78,0.04,0.13,0.52,97.57,53.27,52.4,51.53,-109,10.8
2026-09-07 06:20:56,Laboratorios Civil Inferior,43.99,Silence,0.0,44.58,Silence,0.0,0.0,0.0,0.0,0.0,0.0,0.0,0.0,0.0,0.0,44.58,44.12,42.93,-117,-2.0
2026-09-07 06:23:03,Laboratorios Civil Central,51.44,Group 1 (Common),82.25,52.46,Group 1 (Common),51.59,0.0,0.0,0.0,50.64,82.25,0.09,0.0,0.39,17.14,52.8,51.56,49.61,-105,11.8
2026-09-07 06:23:03,Lobby Eléctrica,53.04,Mixed,48.09,57.14,Group 3 (Rotary Tool),45.57,52.92,54.81,0.0,50.78,7.07,27.56,14.67,2.47,48.09,57.78,53.27,43.56,-97,13.5
2026-09-07 06:23:09,Laboratorios Eléctrica Superior,39.43,Silence,0.0,42.83,Silence,0.0,0.0,0.0,0.0,0.0,0.0,0.0,0.0,0.0,0.0,41.37,39.08,38.12,-95,12.0
2026-09-07 06:23:12,Pasillo Decanato Civil,27.17,Silence,0.0,29.76,Silence,0.0,0.0,0.0,0.0,0.0,0.0,0.0,0.0,0.0,0.0,30.0,27.8,24.84,-99,12.8
2026-09-07 06:23:15,Lobby Civil,66.54,Group 1 (Common),96.05,70.3,Group 1 (Common),65.57,0.0,0.0,0.0,0.0,96.05,0.04,0.04,0.39,3.39,70.49,66.16,57.93,-103,11.8
2026-09-07 06:23:16,Pasillo Salones Eléctrica,34.21,Silence,0.0,35.09,Silence,0.0,0.0,0.0,0.0,0.0,0.0,0.0,0.0,0.0,0.0,34.91,34.2,33.24,-101,12.8
2026-09-07 06:23:18,Laboratorios Eléctrica Centro,51.57,Group 5 (Vehicle),98.09,55.2,Group 5 (Vehicle),0.0,0.0,0.0,0.0,51.44,0.43,0.0,1.35,0.0,98.09,56.25,50.21,47.02,-109,5.5
2026-09-07 06:23:25,Pasillo Salones Civil,39.35,Silence,0.0,40.08,Silence,0.0,0.0,0.0,0.0,0.0,0.0,0.0,0.0,0.0,0.0,40.21,39.29,38.54,-95,13.0
2026-09-07 06:23:25,Pasillo Decanato Eléctrica,56.52,Group 1 (Common),99.56,57.33,Group 1 (Common),56.57,0.0,0.0,0.0,0.0,99.56,0.0,0.0,0.15,0.1,57.33,56.7,55.36,-97,12.2
2026-09-07 06:23:26,Laboratorios Civil Superior,43.71,Silence,0.0,44.83,Silence,0.0,0.0,0.0,0.0,0.0,0.0,0.0,0.0,0.0,0.0,45.27,43.68,42.65,-105,8.0
2026-09-07 06:23:30,Salón - Uma Civil,37.4,Silence,0.0,39.12,Silence,0.0,0.0,0.0,0.0,0.0,0.0,0.0,0.0,0.0,0.0,38.51,37.14,36.17,-103,12.5
2026-09-07 06:23:38,Salón - Extremo Civil,23.69,Silence,0.0,24.7,Silence,0.0,0.0,0.0,0.0,0.0,0.0,0.0,0.0,0.0,0.0,24.55,23.8,22.37,-119,-12.5
2026-09-07 06:23:47,Salón - Extremo Eléctrica,23.3,Silence,0.0,24.1,Silence,0.0,0.0,0.0,0.0,0.0,0.0,0.0,0.0,0.0,0.0,23.96,23.14,22.71,-82,9.5
2026-09-07 06:23:51,Salón - Uma Eléctrica,40.35,Silence,0.0,41.04,Silence,0.0,0.0,0.0,0.0,0.0,0.0,0.0,0.0,0.0,0.0,40.76,40.25,39.84,-114,-3.0
2026-09-07 06:24:02,Laboratorios Eléctrica Inferior,54.4,Group 5 (Vehicle),99.37,55.16,Group 5 (Vehicle),0.0,0.0,0.0,0.0,54.47,0.0,0.0,0.2,0.2,99.37,55.21,54.26,53.46,-117,-2.8
2026-09-07 06:25:56,Laboratorios Civil Inferior,42.4,Silence,0.0,43.17,Silence,0.0,0.0,0.0,0.0,0.0,0.0,0.0,0.0,0.0,0.0,42.83,42.69,41.41,-113,-5.0
2026-09-07 06:28:03,Laboratorios Civil Central,55.75,Mixed,63.11,58.88,Group 1 (Common),56.22,0.0,0.0,56.45,0.0,63.11,3.82,0.22,32.12,0.61,59.83,55.11,50.16,-99,12.5
2026-09-07 06:28:03,Lobby Eléctrica,58.96,Group 1 (Common),73.57,62.31,Group 3 (Rotary Tool),59.5,0.0,60.36,0.0,0.0,73.57,0.78,23.26,0.0,2.3,61.57,58.9,54.53,-111,6.5
2026-09-07 06:28:09,Laboratorios Eléctrica Superior,38.96,Silence,0.0,40.63,Silence,0.0,0.0,0.0,0.0,0.0,0.0,0.0,0.0,0.0,0.0,39.6,39.06,37.81,-95,12.5
2026-09-07 06:28:12,Pasillo Decanato Civil,22.27,Silence,0.0,24.26,Silence,0.0,0.0,0.0,0.0,0.0,0.0,0.0,0.0,0.0,0.0,24.41,21.85,21.03,-103,8.8
2026-09-07 06:28:15,Lobby Civil,54.77,Mixed,42.06,57.64,Group 1 (Common),55.3,55.42,0.0,0.0,0.0,42.06,30.47,1.61,17.14,8.59,57.32,54.46,52.15,-99,8.5
2026-09-07 06:28:16,Pasillo Salones Eléctrica,36.13,Silence,0.0,37.83,Silence,0.0,0.0,0.0,0.0,0.0,0.0,0.0,0.0,0.0,0.0,38.16,36.05,33.92,-96,12.0
2026-09-07 06:28:19,Laboratorios Eléctrica Centro,47.64,Mixed,61.33,49.54,Group 3 (Rotary Tool),0.0,0.0,48.39,0.0,47.13,5.51,0.69,61.33,0.04,32.47,49.02,47.39,46.42,-108,7.8
2026-09-07 06:28:21,Pasillo Salones Civil,38.77,Silence,0.0,39.63,Silence,0.0,0.0,0.0,0.0,0.0,0.0,0.0,0.0,0.0,0.0,40.11,38.59,37.63,-95,10.2
2026-09-07 06:28:23,Pasillo Decanato Eléctrica,56.56,Group 1 (Common),98.93,57.27,Group 1 (Common),56.66,0.0,0.0,0.0,0.0,98.93,0.15,0.0,0.15,0.63,57.61,56.4,55.67,-118,-8.5
2026-09-07 06:28:26,Laboratorios Civil Superior,43.78,Silence,0.0,44.55,Silence,0.0,0.0,0.0,0.0,0.0,0.0,0.0,0.0,0.0,0.0,44.45,43.59,43.46,-113,7.5
2026-09-07 06:28:34,Salón - Uma Civil,37.21,Silence,0.0,38.85,Silence,0.0,0.0,0.0,0.0,0.0,0.0,0.0,0.0,0.0,0.0,38.18,37.58,35.99,-120,-6.0
2026-09-07 06:28:38,Salón - Extremo Civil,27.22,Silence,0.0,32.27,Silence,0.0,0.0,0.0,0.0,0.0,0.0,0.0,0.0,0.0,0.0,32.76,25.66,22.9,-87,13.0
2026-09-07 06:28:47,Salón - Extremo Eléctrica,21.85,Silence,0.0,23.1,Silence,0.0,0.0,0.0,0.0,0.0,0.0,0.0,0.0,0.0,0.0,23.12,21.73,20.92,-84,9.5
2026-09-07 06:28:51,Salón - Uma Eléctrica,40.39,Silence,0.0,40.93,Silence,0.0,0.0,0.0,0.0,0.0,0.0,0.0,0.0,0.0,0.0,41.19,40.25,39.69,-109,9.8
2026-09-07 06:29:03,Laboratorios Eléctrica Inferior,52.78,Group 5 (Vehicle),96.78,53.68,Group 5 (Vehicle),0.0,0.0,0.0,0.0,52.85,2.83,0.0,0.0,0.24,96.78,54.36,52.5,51.69,-120,-5.8
2026-09-07 06:30:56,Laboratorios Civil Inferior,57.28,Mixed,47.7,62.09,Group 5 (Vehicle),45.78,43.77,0.0,0.0,59.96,19.79,29.3,0.39,2.73,47.7,63.59,56.36,42.7,-99,-4.2
2026-09-07 06:33:03,Laboratorios Civil Central,50.93,Group 1 (Common),87.5,51.9,Group 1 (Common),51.02,0.0,0.0,0.0,0.0,87.5,5.18,0.0,0.54,6.74,51.93,50.94,49.83,-114,1.2
2026-09-07 06:33:03,Lobby Eléctrica,46.09,Mixed,54.49,51.23,Group 5 (Vehicle),0.0,46.15,44.87,0.0,49.96,0.83,54.49,19.48,0.1,25.05,50.12,45.21,43.79,-95,13.2
2026-09-07 06:33:09,Laboratorios Eléctrica Superior,38.85,Silence,0.0,39.42,Silence,0.0,0.0,0.0,0.0,0.0,0.0,0.0,0.0,0.0,0.0,39.37,38.92,38.25,-93,12.2
2026-09-07 06:33:12,Pasillo Decanato Civil,23.41,Silence,0.0,24.37,Silence,0.0,0.0,0.0,0.0,0.0,0.0,0.0,0.0,0.0,0.0,24.49,23.41,22.5,-99,12.8
2026-09-07 06:33:15,Lobby Civil,62.71,Mixed,59.91,65.55,Group 4 (Person),59.95,0.0,0.0,63.94,0.0,33.11,6.88,0.0,59.91,0.0,65.48,62.46,55.96,-99,12.0
2026-09-07 06:33:16,Pasillo Salones Eléctrica,33.03,Silence,0.0,34.2,Silence,0.0,0.0,0.0,0.0,0.0,0.0,0.0,0.0,0.0,0.0,33.68,33.08,32.09,-107,9.8
2026-09-07 06:33:19,Laboratorios Eléctrica Centro,45.94,Group 5 (Vehicle),96.73,46.59,Group 5 (Vehicle),0.0,0.0,0.0,0.0,46.0,0.59,0.0,2.69,0.0,96.73,46.68,45.6,45.39,-108,1.5
2026-09-07 06:33:21,Pasillo Salones Civil,39.42,Silence,0.0,40.72,Silence,0.0,0.0,0.0,0.0,0.0,0.0,0.0,0.0,0.0,0.0,40.04,39.54,38.64,-97,12.8
2026-09-07 06:33:23,Pasillo Decanato Eléctrica,57.05,Group 1 (Common),98.91,57.85,Group 1 (Common),56.98,0.0,0.0,0.0,0.0,98.91,0.26,0.0,0.13,0.52,57.94,56.91,56.29,-103,12.2
2026-09-07 06:33:26,Laboratorios Civil Superior,45.06,Mixed,65.41,46.63,Group 1 (Common),45.31,44.73,0.0,0.0,0.0,65.41,20.4,0.0,1.3,12.76,46.62,44.88,43.55,-101,9.8
2026-09-07 06:33:30,Salón - Uma Civil,37.38,Silence,0.0,38.34,Silence,0.0,0.0,0.0,0.0,0.0,0.0,0.0,0.0,0.0,0.0,38.59,37.26,35.92,-114,3.8
2026-09-07 06:33:38,Salón - Extremo Civil,27.34,Silence,0.0,29.13,Silence,0.0,0.0,0.0,0.0,0.0,0.0,0.0,0.0,0.0,0.0,29.6,26.83,25.55,-99,13.5
2026-09-07 06:33:47,Salón - Extremo Eléctrica,22.39,Silence,0.0,24.49,Silence,0.0,0.0,0.0,0.0,0.0,0.0,0.0,0.0,0.0,0.0,23.55,22.49,21.47,-90,9.2
2026-09-07 06:33:51,Salón - Uma Eléctrica,40.48,Silence,0.0,41.47,Silence,0.0,0.0,0.0,0.0,0.0,0.0,0.0,0.0,0.0,0.0,41.28,40.59,39.06,-113,0.5
2026-09-07 06:34:03,Laboratorios Eléctrica Inferior,51.94,Group 5 (Vehicle),97.01,52.46,Group 5 (Vehicle),0.0,0.0,0.0,0.0,52.08,2.08,0.35,0.17,0.43,97.01,52.45,51.83,51.59,-109,0.8
2026-09-07 06:35:56,Laboratorios Civil Inferior,43.83,Silence,0.0,45.33,Silence,0.0,0.0,0.0,0.0,0.0,0.0,0.0,0.0,0.0,0.0,44.76,43.74,42.76,-120,-10.8
2026-09-07 06:38:03,Laboratorios Civil Central,53.2,Group 1 (Common),99.0,54.52,Group 1 (Common),53.08,0.0,0.0,0.0,0.0,99.0,0.04,0.0,0.04,0.65,54.22,52.9,51.67,-103,12.0
2026-09-07 06:38:03,Lobby Eléctrica,53.05,Group 1 (Common),92.84,55.58,Group 1 (Common),52.95,0.0,0.0,0.0,0.0,92.84,6.29,0.0,1.04,0.0,55.54,52.4,48.91,-95,12.5
2026-09-07 06:38:09,Laboratorios Eléctrica Superior,40.25,Silence,0.0,41.0,Silence,0.0,0.0,0.0,0.0,0.0,0.0,0.0,0.0,0.0,0.0,41.1,40.46,39.04,-97,9.8
2026-09-07 06:38:12,Pasillo Decanato Civil,24.47,Silence,0.0,28.29,Silence,0.0,0.0,0.0,0.0,0.0,0.0,0.0,0.0,0.0,0.0,28.15,23.97,23.15,-101,12.5
2026-09-07 06:38:15,Lobby Civil,54.78,Mixed,66.8,55.62,Group 1 (Common),54.68,54.32,0.0,0.0,0.0,66.8,13.89,0.13,4.51,14.76,55.69,54.75,54.25,-99,12.8
2026-09-07 06:38:16,Pasillo Salones Eléctrica,33.99,Silence,0.0,35.57,Silence,0.0,0.0,0.0,0.0,0.0,0.0,0.0,0.0,0.0,0.0,35.97,33.6,32.81,-99,13.2
2026-09-07 06:38:19,Laboratorios Eléctrica Centro,47.76,Mixed,34.33,50.07,Group 3 (Rotary Tool),49.03,0.0,47.86,0.0,46.98,28.13,6.25,31.16,0.26,34.33,50.03,46.85,46.28,-109,7.5
2026-09-07 06:38:21,Pasillo Salones Civil,40.22,Silence,0.0,42.3,Silence,0.0,0.0,0.0,0.0,0.0,0.0,0.0,0.0,0.0,0.0,42.22,40.26,37.83,-111,9.0
2026-09-07 06:38:23,Pasillo Decanato Eléctrica,56.93,Group 1 (Common),98.44,57.44,Group 1 (Common),56.98,0.0,0.0,0.0,0.0,98.44,0.74,0.0,0.52,0.3,57.22,56.88,56.62,-103,12.2
2026-09-07 06:38:26,Laboratorios Civil Superior,49.85,Group 1 (Common),71.53,52.76,Group 1 (Common),49.9,0.0,0.0,0.0,50.22,71.53,0.26,3.52,0.04,24.7,53.15,49.17,45.36,-101,10.8
2026-09-07 06:38:30,Salón - Uma Civil,36.53,Silence,0.0,38.51,Silence,0.0,0.0,0.0,0.0,0.0,0.0,0.0,0.0,0.0,0.0,38.29,36.22,34.72,-102,12.0
2026-09-07 06:38:38,Salón - Extremo Civil,31.07,Silence,0.0,33.24,Silence,0.0,0.0,0.0,0.0,0.0,0.0,0.0,0.0,0.0,0.0,33.25,31.28,27.95,-95,12.5
2026-09-07 06:38:47,Salón - Extremo Eléctrica,40.09,Silence,0.0,45.15,Silence,0.0,0.0,0.0,0.0,0.0,0.0,0.0,0.0,0.0,0.0,45.7,37.58,23.5,-87,9.5
2026-09-07 06:38:53,Salón - Uma Eléctrica,39.72,Silence,0.0,40.85,Silence,0.0,0.0,0.0,0.0,0.0,0.0,0.0,0.0,0.0,0.0,40.58,39.7,38.69,-107,7.5
2026-09-07 06:39:03,Laboratorios Eléctrica Inferior,51.53,Group 5 (Vehicle),89.63,52.2,Group 5 (Vehicle),0.0,0.0,0.0,0.0,51.67,4.43,1.17,0.69,4.34,89.63,52.39,51.4,50.7,-119,-2.8
2026-09-07 06:40:56,Laboratorios Civil Inferior,45.41,Group 2 (Impact),79.69,46.96,Group 2 (Impact),0.0,45.22,0.0,0.0,0.0,0.35,79.69,4.43,2.78,12.67,47.42,45.57,43.37,-120,-6.0
2026-09-07 06:43:03,Laboratorios Civil Central,52.36,Mixed,54.21,53.34,Group 1 (Common),52.36,0.0,0.0,0.0,52.4,54.21,9.68,0.0,3.21,32.77,53.55,52.32,50.56,-117,-5.5
2026-09-07 06:43:03,Lobby Eléctrica,58.52,Mixed,52.21,64.06,Group 2 (Impact),0.0,60.73,0.0,0.0,49.38,3.82,52.21,0.78,1.35,41.93,65.94,52.6,45.34,-99,13.0
2026-09-07 06:43:09,Laboratorios Eléctrica Superior,45.82,Group 1 (Common),88.67,49.71,Group 1 (Common),46.67,0.0,0.0,0.0,0.0,88.67,0.65,0.04,0.09,10.46,50.32,45.91,40.68,-96,12.2
2026-09-07 06:43:12,Pasillo Decanato Civil,23.13,Silence,0.0,24.6,Silence,0.0,0.0,0.0,0.0,0.0,0.0,0.0,0.0,0.0,0.0,24.36,22.76,21.91,-115,11.2
2026-09-07 06:43:15,Lobby Civil,59.86,Group 1 (Common),99.52,61.96,Group 1 (Common),59.23,0.0,0.0,0.0,0.0,99.52,0.0,0.0,0.22,0.0,62.38,60.62,55.73,-101,13.2
2026-09-07 06:43:16,Pasillo Salones Eléctrica,33.02,Silence,0.0,33.64,Silence,0.0,0.0,0.0,0.0,0.0,0.0,0.0,0.0,0.0,0.0,33.65,32.94,32.55,-96,9.8
2026-09-07 06:43:19,Laboratorios Eléctrica Centro,53.25,Mixed,56.55,55.83,Group 1 (Common),52.76,0.0,0.0,0.0,52.42,56.55,0.0,0.04,0.3,42.93,56.65,53.24,50.05,-108,9.5
2026-09-07 06:43:21,Pasillo Salones Civil,40.54,Silence,0.0,42.1,Silence,0.0,0.0,0.0,0.0,0.0,0.0,0.0,0.0,0.0,0.0,41.65,40.61,39.31,-113,4.8
2026-09-07 06:43:23,Pasillo Decanato Eléctrica,56.4,Group 1 (Common),99.26,57.27,Group 1 (Common),56.49,0.0,0.0,0.0,0.0,99.26,0.13,0.0,0.17,0.39,57.3,56.24,55.64,-102,11.2
2026-09-07 06:43:26,Laboratorios Civil Superior,43.82,Silence,0.0,44.49,Silence,0.0,0.0,0.0,0.0,0.0,0.0,0.0,0.0,0.0,0.0,44.88,43.68,42.96,-105,11.5
2026-09-07 06:43:30,Salón - Uma Civil,36.82,Silence,0.0,38.31,Silence,0.0,0.0,0.0,0.0,0.0,0.0,0.0,0.0,0.0,0.0,38.98,36.85,34.29,-115,1.5
2026-09-07 06:43:38,Salón - Extremo Civil,28.67,Silence,0.0,30.55,Silence,0.0,0.0,0.0,0.0,0.0,0.0,0.0,0.0,0.0,0.0,31.0,28.17,26.72,-89,11.5
2026-09-07 06:43:47,Salón - Extremo Eléctrica,22.28,Silence,0.0,23.05,Silence,0.0,0.0,0.0,0.0,0.0,0.0,0.0,0.0,0.0,0.0,22.57,22.28,21.84,-82,10.0
2026-09-07 06:43:51,Salón - Uma Eléctrica,40.0,Silence,0.0,40.61,Silence,0.0,0.0,0.0,0.0,0.0,0.0,0.0,0.0,0.0,0.0,40.56,39.88,39.27,-107,9.0
2026-09-07 06:44:03,Laboratorios Eléctrica Inferior,52.75,Group 5 (Vehicle),70.83,53.49,Group 5 (Vehicle),52.92,0.0,0.0,0.0,52.85,27.6,0.65,0.0,0.91,70.83,53.62,52.57,51.94,-117,0.5
2026-09-07 06:45:56,Laboratorios Civil Inferior,40.26,Silence,0.0,41.5,Silence,0.0,0.0,0.0,0.0,0.0,0.0,0.0,0.0,0.0,0.0,41.74,39.89,39.3,-120,-9.5
2026-09-07 06:48:03,Laboratorios Civil Central,56.31,Group 5 (Vehicle),77.04,66.59,Group 1 (Common),62.81,0.0,0.0,0.0,57.87,22.79,0.0,0.0,0.13,77.04,60.06,56.1,52.28,-99,10.8
2026-09-07 06:48:03,Lobby Eléctrica,54.74,Group 1 (Common),97.35,56.43,Group 1 (Common),54.71,0.0,0.0,0.0,0.0,97.35,0.04,1.82,0.09,0.52,56.18,54.47,53.77,-97,12.0
2026-09-07 06:48:09,Laboratorios Eléctrica Superior,46.52,Group 1 (Common),78.91,49.67,Group 1 (Common),46.1,0.0,0.0,0.0,41.08,78.91,1.48,0.0,2.04,17.66,50.67,46.47,39.8,-99,14.2
2026-09-07 06:48:12,Pasillo Decanato Civil,24.92,Silence,0.0,26.77,Silence,0.0,0.0,0.0,0.0,0.0,0.0,0.0,0.0,0.0,0.0,27.6,24.62,22.13,-103,7.2
2026-09-07 06:48:15,Lobby Civil,58.08,Mixed,56.64,61.94,Group 2 (Impact),55.6,60.74,0.0,0.0,0.0,56.64,33.68,0.0,7.73,2.04,62.93,54.79,54.39,-93,9.5
2026-09-07 06:48:16,Pasillo Salones Eléctrica,33.46,Silence,0.0,34.41,Silence,0.0,0.0,0.0,0.0,0.0,0.0,0.0,0.0,0.0,0.0,34.21,33.41,32.92,-101,13.0
2026-09-07 06:48:19,Laboratorios Eléctrica Centro,52.41,Mixed,55.38,53.66,Group 1 (Common),52.34,0.0,0.0,0.0,52.82,55.38,1.13,0.09,0.48,42.75,53.4,52.33,50.97,-107,7.2
2026-09-07 06:48:21,Pasillo Salones Civil,49.61,Group 1 (Common),76.22,53.97,Group 1 (Common),51.57,43.94,49.81,0.0,0.0,76.22,12.67,10.63,0.22,0.22,54.71,48.26,41.29,-97,13.0
2026-09-07 06:48:23,Pasillo Decanato Eléctrica,56.14,Group 1 (Common),99.0,57.06,Group 1 (Common),56.16,0.0,0.0,0.0,0.0,99.0,0.04,0.0,0.17,0.69,56.92,56.14,55.61,-115,-6.0
2026-09-07 06:48:26,Laboratorios Civil Superior,49.68,Mixed,62.02,52.99,Group 5 (Vehicle),49.0,0.0,0.0,0.0,51.67,62.02,0.0,0.0,0.09,37.93,54.27,48.26,43.67,-102,10.5
2026-09-07 06:48:30,Salón - Uma Civil,40.7,Silence,0.0,42.24,Silence,0.0,0.0,0.0,0.0,0.0,0.0,0.0,0.0,0.0,0.0,41.97,40.39,38.66,-111,4.2
2026-09-07 06:48:38,Salón - Extremo Civil,30.85,Silence,0.0,33.42,Silence,0.0,0.0,0.0,0.0,0.0,0.0,0.0,0.0,0.0,0.0,33.64,30.44,26.72,-96,8.2
2026-09-07 06:48:47,Salón - Extremo Eléctrica,24.53,Silence,0.0,25.15,Silence,0.0,0.0,0.0,0.0,0.0,0.0,0.0,0.0,0.0,0.0,25.24,24.64,23.3,-84,6.5
2026-09-07 06:48:51,Salón - Uma Eléctrica,40.38,Silence,0.0,41.39,Silence,0.0,0.0,0.0,0.0,0.0,0.0,0.0,0.0,0.0,0.0,41.27,40.21,39.49,-108,9.0
2026-09-07 06:49:03,Laboratorios Eléctrica Inferior,54.25,Group 5 (Vehicle),96.92,55.74,Group 5 (Vehicle),0.0,0.0,0.0,0.0,54.07,0.04,0.82,0.13,2.17,96.92,55.72,53.74,53.09,-119,-2.5
2026-09-07 06:50:56,Laboratorios Civil Inferior,40.15,Silence,0.0,41.16,Silence,0.0,0.0,0.0,0.0,0.0,0.0,0.0,0.0,0.0,0.0,40.93,40.14,39.42,-117,-3.5
2026-09-07 06:53:03,Laboratorios Civil Central,53.3,Group 1 (Common),91.28,54.55,Group 1 (Common),53.09,0.0,0.0,0.0,0.0,91.28,1.09,0.0,0.22,7.29,55.42,53.47,50.4,-117,0.5
2026-09-07 06:53:04,Lobby Eléctrica,55.76,Group 1 (Common),75.65,57.45,Group 1 (Common),56.07,0.0,0.0,0.0,52.51,75.65,5.86,0.04,3.56,14.84,57.46,55.47,53.69,-108,1.2
2026-09-07 06:53:09,Laboratorios Eléctrica Superior,48.89,Group 1 (Common),86.81,50.68,Group 1 (Common),48.73,0.0,0.0,0.0,44.18,86.81,0.87,0.09,0.39,11.81,52.08,49.47,44.72,-109,10.0
2026-09-07 06:53:12,Pasillo Decanato Civil,25.36,Silence,0.0,27.12,Silence,0.0,0.0,0.0,0.0,0.0,0.0,0.0,0.0,0.0,0.0,26.87,24.91,24.0,-100,11.0
2026-09-07 06:53:15,Lobby Civil,60.39,Group 1 (Common),80.86,61.64,Group 1 (Common),60.26,0.0,0.0,0.0,60.09,80.86,3.04,0.0,1.82,14.19,61.69,60.12,59.12,-101,12.8
2026-09-07 06:53:16,Pasillo Salones Eléctrica,37.01,Silence,0.0,38.63,Silence,0.0,0.0,0.0,0.0,0.0,0.0,0.0,0.0,0.0,0.0,38.97,36.69,35.71,-105,11.5
2026-09-07 06:53:19,Laboratorios Eléctrica Centro,54.93,Group 1 (Common),84.9,57.13,Group 1 (Common),54.64,0.0,0.0,0.0,0.0,84.9,1.0,0.65,0.82,12.63,57.48,54.69,51.03,-106,9.8
2026-09-07 06:53:21,Pasillo Salones Civil,45.2,Mixed,41.75,48.77,Group 1 (Common),47.23,42.34,0.0,0.0,46.89,29.17,41.75,0.17,1.04,27.73,49.78,43.29,41.97,-111,8.8
2026-09-07 06:53:23,Pasillo Decanato Eléctrica,56.16,Group 1 (Common),99.44,56.86,Group 1 (Common),56.27,0.0,0.0,0.0,0.0,99.44,0.04,0.09,0.04,0.3,56.7,56.3,55.53,-101,12.2
2026-09-07 06:53:26,Laboratorios Civil Superior,45.52,Mixed,63.28,48.78,Group 5 (Vehicle),44.53,0.0,0.0,0.0,46.84,36.02,0.09,0.43,0.17,63.28,47.38,45.56,43.79,-100,10.5
2026-09-07 06:53:30,Salón - Uma Civil,37.37,Silence,0.0,39.2,Silence,0.0,0.0,0.0,0.0,0.0,0.0,0.0,0.0,0.0,0.0,39.93,36.87,35.27,-107,10.8
2026-09-07 06:53:38,Salón - Extremo Civil,39.7,Silence,0.0,41.28,Silence,0.0,0.0,0.0,0.0,0.0,0.0,0.0,0.0,0.0,0.0,41.94,39.46,37.8,-87,12.8
2026-09-07 06:53:47,Salón - Extremo Eléctrica,43.91,Silence,0.0,44.77,Silence,0.0,0.0,0.0,0.0,0.0,0.0,0.0,0.0,0.0,0.0,45.02,43.99,42.82,-94,10.8
2026-09-07 06:53:51,Salón - Uma Eléctrica,40.96,Silence,0.0,43.04,Silence,0.0,0.0,0.0,0.0,0.0,0.0,0.0,0.0,0.0,0.0,42.31,40.73,40.05,-105,9.8
2026-09-07 06:54:03,Laboratorios Eléctrica Inferior,54.74,Group 5 (Vehicle),83.98,57.73,Group 5 (Vehicle),53.64,0.0,0.0,0.0,54.89,14.28,0.48,0.13,1.17,83.98,59.16,53.59,51.12,-117,-4.0
2026-09-07 06:55:56,Laboratorios Civil Inferior,42.85,Silence,0.0,44.13,Silence,0.0,0.0,0.0,0.0,0.0,0.0,0.0,0.0,0.0,0.0,44.58,42.73,41.85,-117,
2026-09-07 06:58:03,Laboratorios Civil Central,53.51,Group 1 (Common),88.41,55.04,Group 1 (Common),53.76,0.0,0.0,0.0,0.0,88.41,0.0,0.0,0.13,11.37,55.08,53.42,51.78,-115,-1.2
2026-09-07 06:58:04,Lobby Eléctrica,56.06,Group 1 (Common),94.92,60.49,Group 1 (Common),56.84,0.0,0.0,0.0,0.0,94.92,0.13,3.65,0.13,1.0,58.59,56.24,51.81,-94,12.5
2026-09-07 06:58:09,Laboratorios Eléctrica Superior,55.11,Group 1 (Common),71.7,58.11,Group 1 (Common),55.62,53.35,0.0,0.0,0.0,71.7,25.78,0.0,1.87,0.52,58.69,53.88,49.16,-91,12.2
2026-09-07 06:58:12,Pasillo Decanato Civil,31.28,Silence,0.0,32.95,Silence,0.0,0.0,0.0,0.0,0.0,0.0,0.0,0.0,0.0,0.0,33.06,30.95,28.65,-101,10.0
2026-09-07 06:58:15,Lobby Civil,63.9,Group 1 (Common),79.21,65.25,Group 1 (Common),64.06,64.52,0.0,0.0,0.0,79.21,12.63,0.22,6.86,1.26,65.4,63.89,63.11,-101,12.2
2026-09-07 06:58:16,Pasillo Salones Eléctrica,40.7,Silence,0.0,41.7,Silence,0.0,0.0,0.0,0.0,0.0,0.0,0.0,0.0,0.0,0.0,42.0,40.77,38.86,-105,5.8
2026-09-07 06:58:19,Laboratorios Eléctrica Centro,56.63,Group 5 (Vehicle),82.68,59.16,Group 5 (Vehicle),56.13,0.0,0.0,0.0,55.98,13.85,0.52,0.3,2.78,82.68,60.19,55.93,51.91,-115,-8.8
2026-09-07 06:58:21,Pasillo Salones Civil,52.76,Group 1 (Common),80.69,59.15,Group 1 (Common),55.48,50.42,0.0,0.0,0.0,80.69,14.19,0.56,1.82,2.73,56.65,51.53,46.36,-93,12.8
2026-09-07 06:58:23,Pasillo Decanato Eléctrica,58.18,Group 1 (Common),94.84,61.68,Group 1 (Common),56.89,0.0,0.0,0.0,0.0,94.84,1.65,0.0,0.39,3.04,63.34,56.76,55.89,-97,11.8
2026-09-07 06:58:26,Laboratorios Civil Superior,51.24,Group 1 (Common),72.05,56.58,Group 1 (Common),49.43,0.0,0.0,0.0,49.89,72.05,0.69,0.04,0.3,27.04,57.57,48.3,44.76,-107,10.8
2026-09-07 06:58:30,Salón - Uma Civil,38.14,Silence,0.0,39.9,Silence,0.0,0.0,0.0,0.0,0.0,0.0,0.0,0.0,0.0,0.0,39.87,37.77,36.44,-99,12.0
2026-09-07 06:58:38,Salón - Extremo Civil,41.78,Silence,0.0,42.68,Silence,0.0,0.0,0.0,0.0,0.0,0.0,0.0,0.0,0.0,0.0,42.45,41.77,41.12,-93,11.5
2026-09-07 06:58:47,Salón - Extremo Eléctrica,44.46,Silence,0.0,45.95,Silence,0.0,0.0,0.0,0.0,0.0,0.0,0.0,0.0,0.0,0.0,46.38,44.15,43.26,-90,8.2
2026-09-07 06:58:51,Salón - Uma Eléctrica,40.57,Silence,0.0,41.22,Silence,0.0,0.0,0.0,0.0,0.0,0.0,0.0,0.0,0.0,0.0,41.03,40.67,39.88,-113,0.5
2026-09-07 06:59:03,Laboratorios Eléctrica Inferior,54.22,Group 1 (Common),74.18,55.55,Group 1 (Common),54.43,0.0,0.0,0.0,53.6,74.18,1.39,0.04,2.21,22.14,55.61,53.71,52.56,-120,-0.5
2026-09-07 07:00:56,Laboratorios Civil Inferior,42.81,Silence,0.0,43.84,Silence,0.0,0.0,0.0,0.0,0.0,0.0,0.0,0.0,0.0,0.0,43.98,43.33,40.48,-121,-8.8
2026-09-07 07:03:03,Laboratorios Civil Central,56.28,Mixed,54.17,60.82,Group 5 (Vehicle),54.54,0.0,0.0,0.0,58.81,45.75,0.0,0.0,0.0,54.17,59.24,56.03,53.74,-113,
2026-09-07 07:03:04,Lobby Eléctrica,54.68,Mixed,52.52,57.51,Group 3 (Rotary Tool),51.29,0.0,55.53,0.0,51.91,6.55,11.15,52.52,3.6,26.13,58.14,53.42,48.29,-107,9.2
2026-09-07 07:03:09,Laboratorios Eléctrica Superior,61.5,Group 1 (Common),99.61,64.66,Group 1 (Common),62.47,0.0,0.0,0.0,0.0,99.61,0.0,0.0,0.0,0.0,64.78,61.09,56.22,-105,9.2
2026-09-07 07:03:12,Pasillo Decanato Civil,30.16,Silence,0.0,31.65,Silence,0.0,0.0,0.0,0.0,0.0,0.0,0.0,0.0,0.0,0.0,31.97,30.28,27.71,-103,12.8
2026-09-07 07:03:15,Lobby Civil,61.39,Group 1 (Common),95.53,65.18,Group 1 (Common),61.77,0.0,0.0,0.0,0.0,95.53,0.82,0.13,1.0,2.6,65.58,61.03,58.69,-99,11.8
2026-09-07 07:03:16,Pasillo Salones Eléctrica,45.53,Mixed,44.92,49.13,Group 1 (Common),47.47,45.42,0.0,0.0,43.77,21.61,44.92,0.35,0.91,32.25,49.57,44.58,42.47,-107,8.0
2026-09-07 07:03:19,Laboratorios Eléctrica Centro,60.41,Group 1 (Common),90.19,63.19,Group 1 (Common),59.86,0.0,0.0,0.0,55.45,90.19,0.0,0.09,0.04,9.46,63.54,60.25,55.18,-117,2.0
2026-09-07 07:03:21,Pasillo Salones Civil,60.84,Mixed,52.86,65.03,Group 1 (Common),62.86,56.52,0.0,57.45,0.0,36.98,8.16,1.61,52.86,0.35,66.59,58.98,53.8,-99,9.0
2026-09-07 07:03:23,Pasillo Decanato Eléctrica,56.97,Group 1 (Common),99.17,57.97,Group 1 (Common),57.01,0.0,0.0,0.0,0.0,99.17,0.29,0.0,0.05,0.34,58.11,56.71,56.21,-99,9.0
2026-09-07 07:03:26,Laboratorios Civil Superior,56.9,Mixed,33.51,60.27,Group 5 (Vehicle),0.0,45.29,0.0,55.29,58.74,10.29,27.21,0.0,28.86,33.51,60.65,58.06,44.52,-105,9.0
2026-09-07 07:03:30,Salón - Uma Civil,47.9,Group 1 (Common),93.8,49.44,Group 1 (Common),47.85,0.0,0.0,0.0,0.0,93.8,3.32,0.15,1.51,1.22,49.66,47.47,45.36,-107,11.8
2026-09-07 07:03:38,Salón - Extremo Civil,49.06,Group 1 (Common),70.12,50.89,Group 1 (Common),49.3,0.0,0.0,0.0,49.66,70.12,0.39,0.63,0.05,28.66,51.46,48.54,47.0,-101,11.8
2026-09-07 07:03:47,Salón - Extremo Eléctrica,38.97,Silence,0.0,39.77,Silence,0.0,0.0,0.0,0.0,0.0,0.0,0.0,0.0,0.0,0.0,39.85,38.91,37.62,-90,10.0
2026-09-07 07:03:51,Salón - Uma Eléctrica,46.89,Mixed,40.63,49.36,Group 5 (Vehicle),48.03,43.91,0.0,0.0,47.19,23.49,34.42,0.83,0.54,40.63,49.69,45.89,43.48,-115,5.5
2026-09-07 07:04:03,Laboratorios Eléctrica Inferior,54.31,Mixed,63.63,55.92,Group 1 (Common),55.82,0.0,0.0,0.0,53.77,29.3,3.56,0.91,2.56,63.63,56.78,53.66,52.45,-120,-4.2
2026-09-07 07:05:56,Laboratorios Civil Inferior,42.68,Silence,0.0,43.62,Silence,0.0,0.0,0.0,0.0,0.0,0.0,0.0,0.0,0.0,0.0,43.84,42.54,41.41,-119,-2.2
2026-09-07 07:08:03,Laboratorios Civil Central,52.81,Mixed,50.17,54.77,Group 1 (Common),52.61,0.0,0.0,0.0,52.52,49.18,0.26,0.0,0.43,50.17,55.3,52.83,50.93,-105,12.2
2026-09-07 07:08:04,Lobby Eléctrica,52.57,Mixed,53.26,57.29,Group 5 (Vehicle),47.15,50.51,0.0,0.0,53.91,15.41,53.26,3.78,0.78,26.82,58.46,51.09,47.2,-105,5.5
2026-09-07 07:08:09,Laboratorios Eléctrica Superior,55.34,Mixed,48.57,58.33,Group 4 (Person),55.97,0.0,0.0,56.92,54.35,48.57,1.35,0.04,33.77,16.1,58.82,55.39,51.04,-102,11.0
2026-09-07 07:08:12,Pasillo Decanato Civil,31.77,Silence,0.0,37.17,Silence,0.0,0.0,0.0,0.0,0.0,0.0,0.0,0.0,0.0,0.0,38.82,28.9,26.19,-102,10.0
2026-09-07 07:08:15,Lobby Civil,62.67,Mixed,63.41,65.32,Group 1 (Common),62.05,57.8,0.0,60.58,0.0,63.41,9.72,0.0,26.78,0.0,66.66,61.21,58.19,-94,12.0
2026-09-07 07:08:16,Pasillo Salones Eléctrica,45.43,Mixed,57.47,50.32,Group 2 (Impact),40.5,45.83,0.0,0.0,44.14,4.43,57.47,12.76,0.48,24.91,50.9,41.67,37.32,-105,9.8
2026-09-07 07:08:19,Laboratorios Eléctrica Centro,58.27,Mixed,59.16,61.78,Group 1 (Common),58.39,48.67,47.95,0.0,55.52,59.16,5.69,11.11,0.0,23.96,62.08,56.22,47.38,-112,7.0
2026-09-07 07:08:21,Pasillo Salones Civil,58.72,Mixed,69.57,62.06,Group 1 (Common),59.7,0.0,0.0,0.0,56.43,69.57,0.22,7.68,0.65,21.88,61.83,57.96,55.1,-107,7.5
2026-09-07 07:08:23,Pasillo Decanato Eléctrica,56.95,Group 1 (Common),99.56,57.74,Group 1 (Common),57.02,0.0,0.0,0.0,0.0,99.56,0.05,0.0,0.15,0.1,57.62,56.79,56.29,-103,13.2
2026-09-07 07:08:26,Laboratorios Civil Superior,50.07,Group 1 (Common),86.81,52.61,Group 1 (Common),49.27,0.0,0.0,0.0,0.0,86.81,5.51,0.0,0.82,6.9,52.67,49.76,45.65,-102,-1.5
2026-09-07 07:08:30,Salón - Uma Civil,42.7,Silence,0.0,44.19,Silence,0.0,0.0,0.0,0.0,0.0,0.0,0.0,0.0,0.0,0.0,44.19,42.35,41.79,-108,5.8
2026-09-07 07:08:38,Salón - Extremo Civil,34.58,Silence,0.0,37.49,Silence,0.0,0.0,0.0,0.0,0.0,0.0,0.0,0.0,0.0,0.0,36.82,33.89,31.45,-93,12.0
2026-09-07 07:08:47,Salón - Extremo Eléctrica,23.85,Silence,0.0,26.79,Silence,0.0,0.0,0.0,0.0,0.0,0.0,0.0,0.0,0.0,0.0,24.83,23.46,22.99,-90,9.2
2026-09-07 07:08:52,Salón - Uma Eléctrica,42.23,Silence,0.0,42.93,Silence,0.0,0.0,0.0,0.0,0.0,0.0,0.0,0.0,0.0,0.0,42.73,41.92,41.59,-106,9.8
2026-09-07 07:09:03,Laboratorios Eléctrica Inferior,54.92,Mixed,60.16,56.85,Group 1 (Common),56.16,0.0,0.0,0.0,54.78,39.06,0.35,0.0,0.43,60.16,57.39,54.47,52.9,-120,-14.5
2026-09-07 07:10:56,Laboratorios Civil Inferior,43.82,Silence,0.0,46.54,Silence,0.0,0.0,0.0,0.0,0.0,0.0,0.0,0.0,0.0,0.0,47.36,43.45,41.03,-119,-7.8
2026-09-07 07:13:03,Laboratorios Civil Central,57.19,Group 1 (Common),99.51,59.75,Group 1 (Common),57.83,0.0,0.0,0.0,0.0,99.51,0.0,0.0,0.15,0.1,60.3,55.52,53.96,-99,11.8
2026-09-07 07:13:04,Lobby Eléctrica,53.2,Mixed,41.06,54.99,Group 3 (Rotary Tool),0.0,51.5,54.5,0.0,52.48,2.17,29.43,20.83,6.51,41.06,54.96,53.24,50.28,-101,12.8
2026-09-07 07:13:09,Laboratorios Eléctrica Superior,55.31,Group 1 (Common),98.83,58.12,Group 1 (Common),55.43,0.0,0.0,0.0,0.0,98.83,0.59,0.1,0.05,0.24,57.72,54.42,52.18,-108,6.2
2026-09-07 07:13:12,Pasillo Decanato Civil,38.14,Silence,0.0,39.59,Silence,0.0,0.0,0.0,0.0,0.0,0.0,0.0,0.0,0.0,0.0,39.78,37.65,37.18,-108,6.8
2026-09-07 07:13:15,Lobby Civil,59.01,Group 1 (Common),74.57,62.52,Group 1 (Common),59.46,0.0,0.0,0.0,56.54,74.57,0.13,0.0,1.65,23.65,63.35,57.8,52.81,-109,11.8
2026-09-07 07:13:16,Pasillo Salones Eléctrica,49.94,Mixed,54.86,53.77,Group 5 (Vehicle),49.54,0.0,46.78,0.0,50.02,27.52,4.95,10.63,2.08,54.86,53.68,48.97,46.31,-105,11.5
2026-09-07 07:13:19,Laboratorios Eléctrica Centro,54.66,Mixed,64.65,56.09,Group 3 (Rotary Tool),53.87,0.0,55.03,0.0,0.0,19.14,1.42,64.65,0.1,14.75,56.64,54.56,51.44,-109,9.5
2026-09-07 07:13:21,Pasillo Salones Civil,53.29,Group 1 (Common),99.61,54.77,Group 1 (Common),53.46,0.0,0.0,0.0,0.0,99.61,0.05,0.0,0.0,0.0,54.68,52.98,52.09,-115,5.8
2026-09-07 07:13:23,Pasillo Decanato Eléctrica,57.19,Group 1 (Common),99.22,58.14,Group 1 (Common),57.37,0.0,0.0,0.0,0.0,99.22,0.3,0.0,0.17,0.22,58.24,57.05,56.44,-117,-7.5
2026-09-07 07:13:26,Laboratorios Civil Superior,55.56,Group 1 (Common),99.22,58.15,Group 1 (Common),54.9,0.0,0.0,0.0,0.0,99.22,0.48,0.0,0.35,0.0,58.12,55.7,50.31,-117,8.2
2026-09-07 07:13:30,Salón - Uma Civil,48.26,Group 5 (Vehicle),79.64,52.55,Group 5 (Vehicle),51.24,0.0,0.0,0.0,49.6,18.75,0.65,0.04,0.91,79.64,50.68,48.72,42.87,-113,5.0
2026-09-07 07:13:38,Salón - Extremo Civil,41.33,Silence,0.0,49.13,Silence,0.0,0.0,0.0,0.0,0.0,0.0,0.0,0.0,0.0,0.0,43.82,40.83,39.39,-99,13.0
2026-09-07 07:13:47,Salón - Extremo Eléctrica,37.0,Silence,0.0,38.75,Silence,0.0,0.0,0.0,0.0,0.0,0.0,0.0,0.0,0.0,0.0,39.38,36.97,33.21,-91,9.5
2026-09-07 07:13:51,Salón - Uma Eléctrica,43.28,Silence,0.0,44.6,Silence,0.0,0.0,0.0,0.0,0.0,0.0,0.0,0.0,0.0,0.0,44.18,43.24,42.4,-106,8.5
2026-09-07 07:14:03,Laboratorios Eléctrica Inferior,55.19,Mixed,49.56,57.43,Group 5 (Vehicle),55.46,0.0,0.0,0.0,56.38,49.56,0.39,0.2,1.22,48.44,56.33,55.05,54.13,-119,-3.2
2026-09-07 07:18:03,Laboratorios Civil Central,51.02,Mixed,56.9,51.74,Group 1 (Common),51.14,0.0,0.0,0.0,51.08,56.9,0.78,0.0,0.52,41.75,51.68,51.08,50.17,-115,2.0
2026-09-07 07:18:04,Lobby Eléctrica,49.26,Mixed,48.68,51.11,Group 1 (Common),50.18,0.0,48.8,0.0,0.0,47.51,1.46,48.68,0.0,2.39,50.91,48.93,47.73,-91,12.5
2026-09-07 07:18:12,Pasillo Decanato Civil,38.14,Silence,0.0,39.03,Silence,0.0,0.0,0.0,0.0,0.0,0.0,0.0,0.0,0.0,0.0,39.03,38.28,37.21,-99,12.2
2026-09-07 07:18:15,Lobby Civil,58.1,Mixed,67.72,60.18,Group 1 (Common),57.74,59.64,0.0,0.0,0.0,67.72,25.78,0.0,6.4,0.05,61.24,56.68,54.94,-96,11.8
2026-09-07 07:18:16,Pasillo Salones Eléctrica,39.04,Silence,0.0,42.76,Silence,0.0,0.0,0.0,0.0,0.0,0.0,0.0,0.0,0.0,0.0,41.01,39.24,35.43,-97,12.5
2026-09-07 07:18:19,Laboratorios Eléctrica Centro,53.3,Mixed,58.42,57.2,Group 1 (Common),55.3,0.0,0.0,0.0,51.56,58.42,0.0,0.69,0.22,40.54,55.7,53.83,50.0,-102,10.8
2026-09-07 07:18:21,Pasillo Salones Civil,54.56,Mixed,57.2,59.37,Group 1 (Common),56.35,51.54,51.68,0.0,0.0,57.2,27.56,8.42,1.17,5.73,59.64,52.57,46.17,-97,12.5
2026-09-07 07:18:23,Pasillo Decanato Eléctrica,56.45,Group 1 (Common),99.52,57.52,Group 1 (Common),56.58,0.0,0.0,0.0,0.0,99.52,0.04,0.0,0.04,0.22,57.1,56.53,55.3,-114,-5.2
2026-09-07 07:18:26,Laboratorios Civil Superior,44.94,Silence,0.0,45.93,Silence,0.0,0.0,0.0,0.0,0.0,0.0,0.0,0.0,0.0,0.0,46.39,44.77,43.74,-107,11.0
2026-09-07 07:18:30,Salón - Uma Civil,59.74,Mixed,56.12,62.09,Group 2 (Impact),57.29,61.03,59.64,0.0,59.0,7.68,25.3,9.38,1.65,56.12,62.21,59.34,55.9,-113,-2.5
2026-09-07 07:18:38,Salón - Extremo Civil,37.2,Silence,0.0,39.13,Silence,0.0,0.0,0.0,0.0,0.0,0.0,0.0,0.0,0.0,0.0,39.01,37.53,33.94,-87,13.0
2026-09-07 07:18:47,Salón - Extremo Eléctrica,67.86,Mixed,57.73,72.37,Group 1 (Common),68.99,0.0,0.0,62.85,70.07,57.73,1.17,0.0,10.29,30.69,72.64,64.48,57.91,-82,8.5
2026-09-07 07:18:52,Salón - Uma Eléctrica,44.34,Silence,0.0,45.04,Silence,0.0,0.0,0.0,0.0,0.0,0.0,0.0,0.0,0.0,0.0,45.14,44.24,43.64,-117,-6.2
2026-09-07 07:19:03,Laboratorios Eléctrica Inferior,56.98,Group 5 (Vehicle),96.61,67.17,Group 5 (Vehicle),0.0,0.0,0.0,0.0,61.33,0.39,1.52,0.43,1.09,96.61,63.01,55.21,53.27,-113,6.2
2026-09-07 07:20:56,Laboratorios Civil Inferior,44.47,Silence,0.0,46.39,Silence,0.0,0.0,0.0,0.0,0.0,0.0,0.0,0.0,0.0,0.0,47.1,43.88,42.6,-117,-1.2
2026-09-07 07:23:03,Laboratorios Civil Central,53.31,Mixed,52.39,54.45,Group 5 (Vehicle),52.89,0.0,0.0,0.0,53.16,46.88,0.13,0.0,0.52,52.39,54.69,53.16,52.12,-103,11.8
2026-09-07 07:23:04,Lobby Eléctrica,65.11,Group 1 (Common),92.04,67.86,Group 1 (Common),65.67,0.0,0.0,0.0,0.0,92.04,0.0,0.05,0.73,7.18,68.35,64.19,58.5,-96,8.8
2026-09-07 07:23:09,Laboratorios Eléctrica Superior,52.08,Group 1 (Common),97.92,55.67,Group 1 (Common),53.01,0.0,0.0,0.0,0.0,97.92,0.17,0.13,0.09,1.69,55.73,51.77,47.39,-105,9.5
2026-09-07 07:23:12,Pasillo Decanato Civil,39.04,Silence,0.0,40.08,Silence,0.0,0.0,0.0,0.0,0.0,0.0,0.0,0.0,0.0,0.0,40.23,38.77,38.08,-105,9.8
2026-09-07 07:23:15,Lobby Civil,62.57,Group 1 (Common),95.46,63.41,Group 1 (Common),62.68,0.0,0.0,0.0,0.0,95.46,0.34,0.0,4.15,0.05,63.33,62.29,61.21,-99,11.2
2026-09-07 07:23:16,Pasillo Salones Eléctrica,49.48,Group 5 (Vehicle),84.72,50.36,Group 5 (Vehicle),0.0,49.51,0.0,0.0,49.63,3.08,9.47,0.54,2.25,84.72,50.25,49.36,48.63,-100,10.5
2026-09-07 07:23:19,Laboratorios Eléctrica Centro,51.98,Mixed,54.08,53.69,Group 2 (Impact),52.3,52.77,0.0,0.0,51.14,19.27,22.92,0.48,3.13,54.08,54.32,51.96,50.24,-103,9.0
2026-09-07 07:23:21,Pasillo Salones Civil,60.94,Mixed,52.65,63.35,Group 1 (Common),58.97,0.0,0.0,0.0,60.7,52.65,1.22,0.17,2.69,43.36,63.68,61.33,56.27,-108,6.5
2026-09-07 07:23:23,Pasillo Decanato Eléctrica,57.45,Group 1 (Common),99.39,57.99,Group 1 (Common),57.37,0.0,0.0,0.0,0.0,99.39,0.0,0.0,0.04,0.35,58.1,57.41,56.86,-101,12.5
2026-09-07 07:23:26,Laboratorios Civil Superior,47.51,Mixed,56.69,50.55,Group 1 (Common),48.11,0.0,0.0,0.0,47.97,38.67,2.15,1.22,1.12,56.69,50.45,46.98,45.16,-103,10.5
2026-09-07 07:23:30,Salón - Uma Civil,53.42,Group 1 (Common),73.22,54.64,Group 5 (Vehicle),52.91,0.0,0.0,0.0,53.01,73.22,0.43,0.0,0.22,26.17,54.67,54.13,50.34,-115,-4.2
2026-09-07 07:23:38,Salón - Extremo Civil,60.09,Group 1 (Common),99.44,65.62,Group 1 (Common),61.71,0.0,0.0,0.0,0.0,99.44,0.0,0.0,0.39,0.0,63.83,59.22,55.39,-89,13.8
2026-09-07 07:23:47,Salón - Extremo Eléctrica,45.88,Group 5 (Vehicle),82.16,47.67,Group 5 (Vehicle),46.68,0.0,0.0,0.0,46.11,5.95,7.94,1.78,2.39,82.16,47.87,45.41,44.62,-83,10.0
2026-09-07 07:23:52,Salón - Uma Eléctrica,43.09,Silence,0.0,44.16,Silence,0.0,0.0,0.0,0.0,0.0,0.0,0.0,0.0,0.0,0.0,43.95,43.14,42.15,-114,-0.5
2026-09-07 07:24:03,Laboratorios Eléctrica Inferior,53.01,Group 5 (Vehicle),94.05,53.67,Group 5 (Vehicle),0.0,0.0,0.0,0.0,53.0,3.99,0.61,0.13,1.26,94.05,54.12,52.84,52.27,-115,-2.5
2026-09-07 07:25:56,Laboratorios Civil Inferior,49.52,Mixed,64.97,55.02,Group 5 (Vehicle),47.12,43.78,0.0,0.0,48.68,11.5,19.36,1.09,2.95,64.97,55.43,45.24,42.35,-120,-10.2
2026-09-07 07:28:03,Laboratorios Civil Central,53.27,Mixed,55.34,56.31,Group 1 (Common),54.46,0.0,0.0,0.0,53.07,55.34,0.56,0.0,0.43,43.58,55.28,53.05,52.18,-101,13.2
2026-09-07 07:28:04,Lobby Eléctrica,50.72,Mixed,66.97,52.13,Group 1 (Common),50.95,0.0,0.0,0.0,51.73,66.97,0.22,5.25,0.17,27.17,51.92,50.78,49.42,-95,12.8
2026-09-07 07:28:09,Laboratorios Eléctrica Superior,56.25,Group 1 (Common),73.22,59.17,Group 4 (Person),55.7,0.0,0.0,59.3,0.0,73.22,0.26,0.0,17.32,9.11,60.26,56.0,47.86,-105,9.2
2026-09-07 07:28:12,Pasillo Decanato Civil,38.72,Silence,0.0,39.71,Silence,0.0,0.0,0.0,0.0,0.0,0.0,0.0,0.0,0.0,0.0,39.37,38.81,37.33,-101,9.5
2026-09-07 07:28:15,Lobby Civil,57.95,Group 1 (Common),92.75,61.14,Group 1 (Common),58.23,0.0,0.0,0.0,0.0,92.75,0.69,0.0,0.78,5.69,61.16,57.61,54.12,-101,10.5
2026-09-07 07:28:16,Pasillo Salones Eléctrica,49.57,Group 1 (Common),81.03,53.55,Group 1 (Common),50.75,0.0,0.0,0.0,48.3,81.03,1.87,0.04,4.6,12.54,53.32,48.49,46.28,-102,10.2
2026-09-07 07:28:19,Laboratorios Eléctrica Centro,57.9,Group 1 (Common),88.19,60.17,Group 1 (Common),58.16,0.0,0.0,0.0,0.0,88.19,0.0,11.37,0.3,0.0,60.66,57.38,55.03,-105,10.5
2026-09-07 07:28:21,Pasillo Salones Civil,56.56,Group 1 (Common),75.82,58.58,Group 1 (Common),55.15,54.4,0.0,57.76,0.0,75.82,8.42,0.17,14.11,1.22,59.17,55.84,51.39,-103,4.8
2026-09-07 07:28:23,Pasillo Decanato Eléctrica,56.91,Group 1 (Common),98.52,57.7,Group 1 (Common),56.9,0.0,0.0,0.0,0.0,98.52,0.48,0.0,0.17,0.78,57.64,56.82,56.02,-105,13.0
2026-09-07 07:28:26,Laboratorios Civil Superior,47.98,Group 2 (Impact),86.63,51.43,Group 2 (Impact),49.95,48.69,0.0,0.0,0.0,10.89,86.63,0.0,2.47,0.04,50.67,47.61,45.93,-109,10.0
2026-09-07 07:28:30,Salón - Uma Civil,54.98,Group 1 (Common),88.76,56.65,Group 1 (Common),54.76,50.55,0.0,0.0,0.0,88.76,8.46,0.04,1.3,1.39,57.51,55.14,51.13,-113,4.2
2026-09-07 07:28:38,Salón - Extremo Civil,53.6,Group 1 (Common),80.69,62.76,Group 1 (Common),57.34,41.91,0.0,0.0,0.0,80.69,13.41,0.0,5.9,0.04,60.26,48.52,37.69,-120,-13.0
2026-09-07 07:28:47,Salón - Extremo Eléctrica,28.84,Silence,0.0,31.77,Silence,0.0,0.0,0.0,0.0,0.0,0.0,0.0,0.0,0.0,0.0,31.93,28.41,25.34,-93,9.8
2026-09-07 07:28:52,Salón - Uma Eléctrica,42.29,Silence,0.0,43.03,Silence,0.0,0.0,0.0,0.0,0.0,0.0,0.0,0.0,0.0,0.0,42.91,42.31,41.51,-106,10.2
2026-09-07 07:29:03,Laboratorios Eléctrica Inferior,55.64,Group 5 (Vehicle),96.01,57.94,Group 5 (Vehicle),0.0,0.0,0.0,0.0,55.78,3.82,0.0,0.0,0.3,96.01,58.43,54.46,53.82,-111,4.2
2026-09-07 07:30:56,Laboratorios Civil Inferior,43.16,Silence,0.0,44.23,Silence,0.0,0.0,0.0,0.0,0.0,0.0,0.0,0.0,0.0,0.0,44.49,42.73,41.45,-120,-13.5
2026-09-07 07:33:03,Laboratorios Civil Central,54.33,Group 1 (Common),85.24,56.2,Group 1 (Common),54.5,0.0,0.0,0.0,0.0,85.24,0.69,0.0,0.43,13.45,56.14,54.13,52.53,-117,2.2
2026-09-07 07:33:04,Lobby Eléctrica,51.06,Mixed,43.06,53.48,Group 3 (Rotary Tool),50.7,0.0,51.78,0.0,51.76,43.06,0.91,31.94,1.48,22.57,53.83,50.6,46.91,-109,9.0
2026-09-07 07:33:09,Laboratorios Eléctrica Superior,62.37,Mixed,66.23,64.55,Group 1 (Common),61.86,0.0,0.0,62.21,0.0,66.23,0.0,0.0,33.42,0.0,65.2,62.19,60.45,-103,7.2
2026-09-07 07:33:12,Pasillo Decanato Civil,39.08,Silence,0.0,41.54,Silence,0.0,0.0,0.0,0.0,0.0,0.0,0.0,0.0,0.0,0.0,42.66,38.12,36.95,-102,11.5
2026-09-07 07:33:15,Lobby Civil,52.13,Group 1 (Common),91.41,58.37,Group 1 (Common),52.98,0.0,0.0,0.0,0.0,91.41,5.86,0.0,2.13,0.65,54.95,51.75,49.86,-99,9.0
2026-09-07 07:33:16,Pasillo Salones Eléctrica,40.48,Silence,0.0,43.22,Silence,0.0,0.0,0.0,0.0,0.0,0.0,0.0,0.0,0.0,0.0,43.31,39.07,37.59,-97,9.2
2026-09-07 07:33:19,Laboratorios Eléctrica Centro,60.07,Group 1 (Common),83.64,63.26,Group 1 (Common),60.8,0.0,0.0,59.81,0.0,83.64,0.04,4.56,11.46,0.22,62.79,59.72,58.45,-101,2.0
2026-09-07 07:33:21,Pasillo Salones Civil,53.55,Mixed,41.54,55.18,Group 3 (Rotary Tool),49.6,0.0,55.18,53.95,54.84,41.54,5.25,7.07,34.77,11.5,55.34,54.28,48.65,-109,6.8
2026-09-07 07:33:23,Pasillo Decanato Eléctrica,56.98,Group 1 (Common),99.44,57.63,Group 1 (Common),56.95,0.0,0.0,0.0,0.0,99.44,0.13,0.0,0.26,0.04,57.62,56.86,56.21,-103,9.0
2026-09-07 07:33:26,Laboratorios Civil Superior,47.7,Mixed,64.24,49.56,Group 1 (Common),47.42,47.19,0.0,0.0,0.0,64.24,32.99,0.0,0.78,2.0,49.99,47.42,45.29,-105,8.0
2026-09-07 07:33:30,Salón - Uma Civil,54.22,Mixed,42.06,57.6,Group 1 (Common),53.48,52.58,0.0,54.46,50.09,42.06,21.74,1.74,15.02,19.44,58.87,53.38,48.41,-109,7.0
2026-09-07 07:33:38,Salón - Extremo Civil,44.31,Silence,0.0,52.05,Silence,0.0,0.0,0.0,0.0,0.0,0.0,0.0,0.0,0.0,0.0,53.04,33.82,30.06,-95,12.2
2026-09-07 07:33:47,Salón - Extremo Eléctrica,19.43,Silence,0.0,20.09,Silence,0.0,0.0,0.0,0.0,0.0,0.0,0.0,0.0,0.0,0.0,20.08,19.41,18.87,-83,9.2
2026-09-07 07:33:52,Salón - Uma Eléctrica,39.79,Silence,0.0,40.47,Silence,0.0,0.0,0.0,0.0,0.0,0.0,0.0,0.0,0.0,0.0,40.56,39.75,39.08,-109,7.8
2026-09-07 07:34:03,Laboratorios Eléctrica Inferior,57.33,Group 5 (Vehicle),91.36,60.96,Group 5 (Vehicle),0.0,0.0,0.0,0.0,56.7,7.51,0.3,0.04,0.69,91.36,61.6,54.27,50.88,-119,-5.0
2026-09-07 07:35:56,Laboratorios Civil Inferior,48.25,Mixed,45.66,54.32,Group 5 (Vehicle),0.0,42.5,0.0,0.0,47.45,7.55,41.71,1.87,3.17,45.66,55.1,42.7,41.83,-120,-5.8
2026-09-07 07:38:03,Laboratorios Civil Central,53.56,Mixed,62.54,55.77,Group 1 (Common),53.87,0.0,0.0,0.0,53.82,36.63,0.09,0.0,0.69,62.54,54.85,53.47,52.19,-119,-5.2
2026-09-07 07:38:09,Lobby Eléctrica,57.35,Group 1 (Common),98.61,59.67,Group 1 (Common),57.19,0.0,0.0,0.0,0.0,98.61,0.22,0.26,0.78,0.04,60.41,57.33,51.46,-94,2.8
2026-09-07 07:38:09,Laboratorios Eléctrica Superior,53.23,Mixed,69.66,59.96,Group 1 (Common),55.44,0.0,54.45,0.0,0.0,69.66,0.04,30.03,0.0,0.17,56.47,52.92,51.4,-94,11.8
2026-09-07 07:38:12,Pasillo Decanato Civil,38.11,Silence,0.0,39.32,Silence,0.0,0.0,0.0,0.0,0.0,0.0,0.0,0.0,0.0,0.0,39.37,38.0,36.68,-97,12.2
2026-09-07 07:38:16,Lobby Civil,54.49,Group 1 (Common),77.52,57.98,Group 1 (Common),54.25,53.43,0.0,0.0,0.0,77.52,8.72,0.48,5.95,7.42,57.38,53.81,49.62,-115,8.2
2026-09-07 07:38:16,Pasillo Salones Eléctrica,51.9,Mixed,66.62,56.27,Group 4 (Person),0.0,43.27,55.56,55.76,0.0,2.08,66.62,4.6,21.48,5.21,56.48,49.66,31.84,-103,10.2
2026-09-07 07:38:19,Laboratorios Eléctrica Centro,61.06,Group 1 (Common),98.87,65.4,Group 1 (Common),62.59,0.0,0.0,0.0,0.0,98.87,0.0,0.0,0.91,0.0,63.48,61.01,54.63,-113,0.5
2026-09-07 07:38:21,Pasillo Salones Civil,51.77,Mixed,37.67,56.4,Group 1 (Common),55.36,50.34,0.0,0.0,49.27,29.64,37.67,0.52,9.81,22.27,55.87,50.48,48.1,-95,13.8
2026-09-07 07:38:23,Pasillo Decanato Eléctrica,61.51,Mixed,51.69,68.44,Group 2 (Impact),59.4,68.48,67.83,0.0,64.96,51.69,10.07,11.24,1.35,25.65,66.07,58.94,55.92,-119,-7.2
2026-09-07 07:38:26,Laboratorios Civil Superior,62.28,Group 1 (Common),99.61,64.57,Group 1 (Common),61.55,0.0,0.0,0.0,0.0,99.61,0.04,0.0,0.04,0.0,64.58,61.82,57.55,-100,11.2
2026-09-07 07:38:30,Salón - Uma Civil,49.4,Group 2 (Impact),78.86,54.57,Group 4 (Person),0.0,50.06,0.0,53.95,0.0,1.17,78.86,0.0,19.97,0.0,53.92,48.19,41.77,-111,9.5
2026-09-07 07:38:38,Salón - Extremo Civil,35.8,Silence,0.0,39.23,Silence,0.0,0.0,0.0,0.0,0.0,0.0,0.0,0.0,0.0,0.0,38.46,35.53,33.09,-96,11.5
2026-09-07 07:38:47,Salón - Extremo Eléctrica,43.32,Silence,0.0,49.04,Silence,0.0,0.0,0.0,0.0,0.0,0.0,0.0,0.0,0.0,0.0,49.42,41.8,31.42,-84,9.8
2026-09-07 07:38:52,Salón - Uma Eléctrica,50.27,Group 1 (Common),97.87,52.22,Group 1 (Common),50.05,0.0,0.0,0.0,0.0,97.87,0.17,0.65,1.3,0.0,52.82,50.08,48.48,-102,10.0
2026-09-07 07:39:03,Laboratorios Eléctrica Inferior,55.52,Mixed,61.28,57.79,Group 1 (Common),56.7,0.0,0.0,0.0,55.9,33.33,3.99,0.04,1.3,61.28,57.11,55.57,53.4,-107,-1.0
2026-09-07 07:40:56,Laboratorios Civil Inferior,49.39,Mixed,61.94,52.19,Group 5 (Vehicle),49.36,47.0,0.0,0.0,51.29,61.94,7.73,0.04,1.26,29.04,52.58,49.46,46.15,-120,-7.2
2026-09-07 07:43:03,Laboratorios Civil Central,62.85,Mixed,63.93,65.27,Group 1 (Common),63.35,56.73,0.0,0.0,0.0,63.93,16.15,1.48,6.86,11.59,65.72,63.56,54.12,-99,9.0
2026-09-07 07:43:04,Lobby Eléctrica,55.51,Mixed,57.07,59.12,Group 1 (Common),55.75,0.0,50.35,0.0,0.0,57.07,0.09,38.28,4.38,0.17,59.82,49.79,47.83,-103,10.2
2026-09-07 07:43:09,Laboratorios Eléctrica Superior,47.34,Group 1 (Common),91.02,49.71,Group 1 (Common),47.62,0.0,0.0,0.0,0.0,91.02,0.0,0.0,0.13,8.72,49.42,47.5,44.68,-103,10.0
2026-09-07 07:43:15,Pasillo Decanato Civil,38.89,Silence,0.0,39.9,Silence,0.0,0.0,0.0,0.0,0.0,0.0,0.0,0.0,0.0,0.0,40.22,38.7,37.93,-100,11.5
2026-09-07 07:43:16,Lobby Civil,61.56,Group 1 (Common),92.71,63.34,Group 1 (Common),60.5,0.0,0.0,0.0,0.0,92.71,0.61,0.04,0.39,6.12,63.75,61.14,59.41,-101,12.2
2026-09-07 07:43:16,Pasillo Salones Eléctrica,54.88,Group 1 (Common),74.0,58.86,Group 1 (Common),56.41,52.63,0.0,0.0,0.0,74.0,20.62,1.74,2.91,0.69,59.23,55.28,48.19,-105,9.5
2026-09-07 07:43:19,Laboratorios Eléctrica Centro,47.77,Group 5 (Vehicle),88.67,48.34,Group 5 (Vehicle),0.0,0.0,0.0,0.0,47.73,5.03,0.0,6.21,0.04,88.67,48.4,47.8,46.69,-108,7.0
2026-09-07 07:43:21,Pasillo Salones Civil,56.05,Group 1 (Common),99.31,58.91,Group 1 (Common),55.77,0.0,0.0,0.0,0.0,99.31,0.04,0.0,0.26,0.26,59.04,54.31,52.7,-109,1.5
2026-09-07 07:43:23,Pasillo Decanato Eléctrica,56.76,Group 1 (Common),99.39,57.51,Group 1 (Common),56.69,0.0,0.0,0.0,0.0,99.39,0.0,0.04,0.09,0.26,57.83,56.63,56.03,-103,12.2
2026-09-07 07:43:26,Laboratorios Civil Superior,54.53,Mixed,53.86,61.56,Group 5 (Vehicle),50.37,49.73,0.0,0.0,53.41,53.86,26.43,0.04,1.61,18.14,62.98,50.24,49.31,-108,7.2
2026-09-07 07:43:30,Salón - Uma Civil,73.71,Mixed,50.1,75.92,Group 4 (Person),72.82,0.0,0.0,75.76,0.0,49.8,0.0,0.0,50.1,0.0,76.48,72.1,69.51,-114,3.0
2026-09-07 07:43:38,Salón - Extremo Civil,59.45,Group 1 (Common),87.21,65.06,Group 1 (Common),60.11,0.0,0.0,0.0,0.0,87.21,0.15,4.25,1.32,6.98,65.89,53.44,45.07,-105,11.2
2026-09-07 07:43:47,Salón - Extremo Eléctrica,45.22,Mixed,53.69,48.42,Group 3 (Rotary Tool),39.22,0.0,46.12,0.0,0.0,28.39,9.24,53.69,0.26,8.29,48.52,45.0,38.53,-84,8.0
2026-09-07 07:43:52,Salón - Uma Eléctrica,53.67,Group 1 (Common),86.15,56.72,Group 1 (Common),54.52,0.0,0.0,0.0,0.0,86.15,12.85,0.13,0.78,0.0,56.8,52.09,50.05,-114,0.2
2026-09-07 07:44:03,Laboratorios Eléctrica Inferior,53.82,Group 5 (Vehicle),97.57,55.44,Group 5 (Vehicle),0.0,0.0,0.0,0.0,53.85,1.26,0.35,0.09,0.69,97.57,55.73,53.54,52.1,-120,-3.2
2026-09-07 07:45:56,Laboratorios Civil Inferior,51.01,Mixed,45.79,55.22,Group 1 (Common),49.7,0.0,0.0,0.0,48.72,40.97,6.42,2.82,4.08,45.79,56.29,49.86,47.88,-119,-4.8
2026-09-07 07:48:03,Laboratorios Civil Central,63.76,Group 1 (Common),81.42,67.24,Group 1 (Common),62.14,0.0,0.0,0.0,64.69,81.42,0.0,0.0,0.0,18.36,67.31,61.71,59.4,-99,12.0
2026-09-07 07:48:04,Lobby Eléctrica,58.83,Group 1 (Common),99.52,60.46,Group 1 (Common),58.92,0.0,0.0,0.0,0.0,99.52,0.0,0.04,0.09,0.04,61.27,58.61,57.16,-109,7.8
2026-09-07 07:48:09,Laboratorios Eléctrica Superior,52.11,Group 1 (Common),86.24,55.45,Group 1 (Common),53.07,0.0,0.0,0.0,0.0,86.24,2.17,0.09,1.87,9.59,55.41,53.02,45.95,-103,5.2
2026-09-07 07:48:12,Pasillo Decanato Civil,46.69,Mixed,50.26,49.32,Group 1 (Common),46.65,46.38,0.0,0.0,45.81,50.26,9.07,8.68,6.99,25.04,49.27,45.54,42.46,-91,9.8
2026-09-07 07:48:16,Lobby Civil,57.14,Group 1 (Common),88.06,58.03,Group 1 (Common),57.16,0.0,0.0,0.0,0.0,88.06,1.43,0.0,0.43,9.98,58.38,57.1,55.61,-103,8.2
2026-09-07 07:48:21,Pasillo Salones Eléctrica,55.21,Mixed,59.94,57.06,Group 1 (Common),55.29,0.0,56.08,0.0,55.22,59.94,2.86,24.57,2.52,9.9,57.4,54.9,52.58,-103,10.2
2026-09-07 07:48:21,Laboratorios Eléctrica Centro,52.04,Group 5 (Vehicle),97.05,54.73,Group 5 (Vehicle),0.0,0.0,0.0,0.0,52.44,0.65,0.78,0.87,0.78,97.05,54.84,51.74,50.61,-109,9.8
2026-09-07 07:48:21,Pasillo Salones Civil,63.6,Mixed,52.91,67.05,Group 1 (Common),65.16,59.86,0.0,64.94,0.0,38.85,8.07,0.0,52.91,0.0,67.61,62.4,59.83,-113,5.2
2026-09-07 07:48:23,Pasillo Decanato Eléctrica,56.71,Group 1 (Common),99.61,57.17,Group 1 (Common),56.57,0.0,0.0,0.0,0.0,99.61,0.05,0.0,0.05,0.0,57.46,56.63,55.96,-101,12.5
2026-09-07 07:48:26,Laboratorios Civil Superior,59.22,Group 1 (Common),79.69,62.94,Group 1 (Common),59.28,54.51,0.0,0.0,57.67,79.69,8.42,0.39,3.86,7.6,64.04,57.83,52.08,-108,4.2
2026-09-07 07:48:30,Salón - Uma Civil,63.52,Mixed,51.76,66.82,Group 2 (Impact),0.0,63.45,61.83,0.0,61.01,0.29,51.76,28.71,3.66,15.58,67.36,62.13,58.9,-107,-4.5
2026-09-07 07:48:38,Salón - Extremo Civil,50.67,Mixed,58.79,55.11,Group 1 (Common),51.82,49.65,0.0,0.0,0.0,58.79,27.25,5.81,6.2,2.0,54.8,49.41,47.72,-85,10.5
2026-09-07 07:48:47,Salón - Extremo Eléctrica,49.3,Mixed,66.23,59.7,Group 1 (Common),54.34,40.74,0.0,0.0,0.0,66.23,17.93,0.13,0.48,15.1,56.96,45.74,39.89,-95,9.8
2026-09-07 07:48:52,Salón - Uma Eléctrica,45.45,Mixed,45.36,48.46,Group 3 (Rotary Tool),48.06,43.89,47.59,0.0,0.0,21.14,32.23,45.36,0.1,1.07,48.52,43.73,41.54,-111,4.8
2026-09-07 07:49:03,Laboratorios Eléctrica Inferior,62.12,Mixed,53.56,67.44,Group 1 (Common),63.59,53.7,0.0,61.87,0.0,53.56,18.62,0.09,18.79,8.98,68.85,59.58,52.28,-112,0.5
2026-09-07 07:50:56,Laboratorios Civil Inferior,46.45,Mixed,48.35,48.7,Group 5 (Vehicle),0.0,45.82,0.0,0.0,47.33,4.08,39.37,3.13,5.03,48.35,49.23,45.61,44.72,-121,-8.0
2026-09-07 07:53:03,Laboratorios Civil Central,64.61,Mixed,44.84,67.2,Group 4 (Person),62.02,54.25,0.0,65.87,0.0,44.84,4.56,0.0,43.49,6.9,68.17,63.69,55.26,-97,12.0
2026-09-07 07:53:04,Lobby Eléctrica,56.46,Group 1 (Common),99.48,60.63,Group 1 (Common),57.59,0.0,0.0,0.0,0.0,99.48,0.0,0.13,0.13,0.09,60.09,54.57,53.66,-109,-1.0
2026-09-07 07:53:10,Laboratorios Eléctrica Superior,58.29,Group 1 (Common),99.22,60.57,Group 1 (Common),58.65,0.0,0.0,0.0,0.0,99.22,0.0,0.49,0.0,0.0,60.59,57.72,52.08,-96,11.5
2026-09-07 07:53:12,Pasillo Decanato Civil,38.15,Silence,0.0,39.86,Silence,0.0,0.0,0.0,0.0,0.0,0.0,0.0,0.0,0.0,0.0,40.04,37.67,36.67,-111,5.5
2026-09-07 07:53:16,Lobby Civil,59.24,Group 1 (Common),82.6,62.09,Group 1 (Common),59.41,59.4,0.0,0.0,0.0,82.6,10.68,0.04,4.43,2.21,62.21,58.64,56.43,-105,11.0
2026-09-07 07:53:16,Pasillo Salones Eléctrica,52.7,Mixed,35.68,55.97,Group 5 (Vehicle),52.37,0.0,50.47,0.0,54.9,34.33,1.69,35.68,0.0,28.34,56.63,52.26,48.19,-105,11.5
2026-09-07 07:53:19,Laboratorios Eléctrica Centro,48.93,Group 5 (Vehicle),75.98,50.23,Group 3 (Rotary Tool),0.0,48.85,49.21,0.0,48.63,2.69,8.5,11.82,1.07,75.98,50.97,48.67,47.72,-106,6.5
2026-09-07 07:53:21,Pasillo Salones Civil,60.8,Group 1 (Common),99.57,63.51,Group 1 (Common),61.77,0.0,0.0,0.0,0.0,99.57,0.0,0.09,0.09,0.0,63.3,60.46,55.86,-91,12.8
2026-09-07 07:53:23,Pasillo Decanato Eléctrica,57.18,Group 1 (Common),99.0,57.85,Group 1 (Common),57.09,0.0,0.0,0.0,0.0,99.0,0.56,0.0,0.26,0.17,57.89,57.08,56.54,-102,10.5
2026-09-07 07:53:30,Laboratorios Civil Superior,57.65,Group 1 (Common),99.44,61.21,Group 1 (Common),57.43,0.0,0.0,0.0,0.0,99.44,0.09,0.0,0.17,0.09,61.96,56.55,53.8,-111,8.2
2026-09-07 07:53:30,Salón - Uma Civil,52.17,Mixed,64.71,53.72,Group 2 (Impact),0.0,51.88,52.43,0.0,51.4,0.0,64.71,7.81,1.56,26.04,54.32,52.24,46.11,-107,11.5
2026-09-07 07:53:38,Salón - Extremo Civil,67.49,Mixed,68.19,70.22,Group 1 (Common),65.79,0.0,0.0,68.67,0.0,68.19,1.91,0.0,29.64,0.22,70.74,67.17,55.53,-97,12.8
2026-09-07 07:53:47,Salón - Extremo Eléctrica,50.83,Mixed,30.73,58.26,Group 4 (Person),48.07,54.16,0.0,58.57,55.74,28.56,19.62,0.74,20.27,30.73,57.97,49.13,38.72,-93,9.0
2026-09-07 07:53:52,Salón - Uma Eléctrica,46.31,Group 1 (Common),93.79,47.68,Group 1 (Common),46.76,0.0,0.0,0.0,0.0,93.79,4.95,0.0,0.74,0.69,47.37,46.44,43.82,-109,10.2
2026-09-07 07:54:03,Laboratorios Eléctrica Inferior,59.34,Mixed,57.08,62.82,Group 1 (Common),59.46,0.0,0.0,0.0,56.21,57.08,1.51,0.0,1.86,39.65,63.32,57.97,54.57,-118,-5.5
2026-09-07 07:55:56,Laboratorios Civil Inferior,52.58,Group 5 (Vehicle),81.38,56.31,Group 5 (Vehicle),0.0,48.69,0.0,0.0,53.16,5.25,10.42,0.26,2.43,81.38,57.11,50.57,47.11,-121,-10.8
2026-09-07 07:58:03,Laboratorios Civil Central,56.52,Group 1 (Common),83.74,57.94,Group 1 (Common),56.4,0.0,0.0,0.0,0.0,83.74,0.15,0.0,0.2,15.92,58.49,56.27,54.42,-115,-2.5
2026-09-07 07:58:04,Lobby Eléctrica,55.31,Group 1 (Common),94.73,56.68,Group 1 (Common),55.05,0.0,0.0,0.0,0.0,94.73,1.42,2.44,0.34,1.27,56.84,55.18,54.05,-95,13.5
2026-09-07 07:58:10,Laboratorios Eléctrica Superior,46.14,Mixed,50.65,49.29,Group 1 (Common),45.62,44.49,48.22,0.0,0.0,50.65,20.75,12.2,1.74,14.58,49.76,46.07,41.83,-95,12.8
2026-09-07 07:58:12,Pasillo Decanato Civil,41.66,Silence,0.0,46.41,Silence,0.0,0.0,0.0,0.0,0.0,0.0,0.0,0.0,0.0,0.0,43.83,41.5,40.0,-107,12.2
2026-09-07 07:58:16,Lobby Civil,55.21,Group 1 (Common),70.75,56.42,Group 1 (Common),54.77,55.31,0.0,0.0,0.0,70.75,24.41,0.0,3.17,1.86,56.63,54.72,53.54,-107,10.5
2026-09-07 07:58:16,Pasillo Salones Eléctrica,54.89,Mixed,67.09,58.96,Group 2 (Impact),47.51,56.4,0.0,0.0,0.0,21.68,67.09,6.84,0.59,3.81,59.9,54.07,48.43,-96,11.8
2026-09-07 07:58:19,Laboratorios Eléctrica Centro,52.68,Group 5 (Vehicle),71.05,56.29,Group 5 (Vehicle),0.0,54.81,51.27,0.0,52.68,0.17,12.72,15.89,0.13,71.05,56.36,51.53,46.88,-112,8.0
2026-09-07 07:58:21,Pasillo Salones Civil,53.64,Mixed,46.88,56.34,Group 4 (Person),53.75,52.44,0.0,54.04,51.66,17.14,9.07,0.13,46.88,26.74,57.23,53.33,49.72,-107,7.8
2026-09-07 07:58:23,Pasillo Decanato Eléctrica,57.06,Group 1 (Common),99.39,57.49,Group 1 (Common),56.95,0.0,0.0,0.0,0.0,99.39,0.3,0.0,0.09,0.04,57.6,57.23,56.38,-103,11.8
2026-09-07 07:58:26,Laboratorios Civil Superior,53.77,Group 1 (Common),97.31,58.18,Group 1 (Common),54.6,0.0,0.0,0.0,0.0,97.31,0.0,2.1,0.0,0.44,58.54,52.02,49.7,-107,9.0
2026-09-07 07:58:30,Salón - Uma Civil,57.53,Mixed,61.76,64.59,Group 3 (Rotary Tool),0.0,48.97,56.78,56.36,41.85,0.0,61.76,13.63,8.55,15.97,66.16,50.5,38.87,-109,10.0
2026-09-07 07:58:38,Salón - Extremo Civil,52.47,Mixed,67.19,60.53,Group 4 (Person),49.02,0.0,0.0,57.19,0.0,32.51,0.09,0.0,67.19,0.0,58.45,51.5,34.71,-89,13.2
2026-09-07 07:58:47,Salón - Extremo Eléctrica,60.06,Mixed,68.62,64.9,Group 2 (Impact),0.0,59.47,0.0,0.0,63.56,0.13,68.62,5.03,5.51,20.7,66.33,52.49,44.28,-93,10.5
2026-09-07 07:58:52,Salón - Uma Eléctrica,41.6,Silence,0.0,42.57,Silence,0.0,0.0,0.0,0.0,0.0,0.0,0.0,0.0,0.0,0.0,42.35,41.94,40.57,-112,5.8
2026-09-07 07:59:03,Laboratorios Eléctrica Inferior,54.94,Group 5 (Vehicle),79.77,57.52,Group 5 (Vehicle),54.13,0.0,0.0,0.0,55.21,11.68,5.64,0.52,2.34,79.77,58.88,54.28,52.64,-115,
2026-09-07 08:00:56,Laboratorios Civil Inferior,49.86,Group 5 (Vehicle),72.66,52.08,Group 1 (Common),50.56,0.0,0.0,0.0,49.17,24.05,1.22,1.82,0.3,72.66,52.19,50.23,45.94,-119,-2.0
2026-09-07 08:03:03,Laboratorios Civil Central,55.55,Mixed,57.25,62.83,Group 1 (Common),59.33,0.0,0.0,0.0,54.05,57.25,0.78,0.04,0.69,41.15,59.98,54.42,52.92,-115,7.0
2026-09-07 08:03:04,Lobby Eléctrica,54.18,Group 1 (Common),94.63,55.79,Group 1 (Common),54.09,0.0,0.0,0.0,0.0,94.63,1.81,1.37,0.15,2.0,56.31,53.41,52.03,-97,12.5
2026-09-07 08:03:10,Laboratorios Eléctrica Superior,47.25,Group 1 (Common),98.22,50.23,Group 1 (Common),47.27,0.0,0.0,0.0,0.0,98.22,0.91,0.22,0.17,0.48,51.02,47.01,43.79,-107,9.0
2026-09-07 08:03:12,Pasillo Decanato Civil,41.79,Silence,0.0,43.04,Silence,0.0,0.0,0.0,0.0,0.0,0.0,0.0,0.0,0.0,0.0,43.21,41.48,40.31,-101,12.5
2026-09-07 08:03:16,Lobby Civil,61.72,Mixed,52.73,62.53,Group 5 (Vehicle),61.77,0.0,0.0,0.0,61.42,26.66,10.79,2.59,7.28,52.73,62.4,61.62,61.09,-103,12.5
2026-09-07 08:03:16,Pasillo Salones Eléctrica,51.75,Group 1 (Common),98.19,59.04,Group 1 (Common),54.18,0.0,0.0,0.0,0.0,98.19,0.05,1.32,0.05,0.24,57.21,48.56,45.37,-101,13.5
2026-09-07 08:03:19,Laboratorios Eléctrica Centro,52.03,Mixed,65.23,56.03,Group 5 (Vehicle),51.08,0.0,49.53,0.0,50.79,24.52,1.74,6.81,1.61,65.23,57.84,49.72,49.24,-113,7.8
2026-09-07 08:03:21,Pasillo Salones Civil,49.9,Group 1 (Common),84.42,51.81,Group 1 (Common),49.98,48.64,0.0,0.0,0.0,84.42,8.42,0.0,7.16,0.0,52.21,49.81,48.3,-115,-3.0
2026-09-07 08:03:23,Pasillo Decanato Eléctrica,56.62,Group 1 (Common),99.26,57.4,Group 1 (Common),56.71,0.0,0.0,0.0,0.0,99.26,0.43,0.0,0.09,0.04,57.46,56.79,55.29,-103,11.8
2026-09-07 08:03:26,Laboratorios Civil Superior,58.49,Group 1 (Common),99.07,61.63,Group 1 (Common),59.35,0.0,0.0,0.0,0.0,99.07,0.0,0.63,0.05,0.15,61.6,56.23,54.89,-102,5.5
2026-09-07 08:03:30,Salón - Uma Civil,41.76,Silence,0.0,43.44,Silence,0.0,0.0,0.0,0.0,0.0,0.0,0.0,0.0,0.0,0.0,43.7,41.17,40.15,-107,11.5
2026-09-07 08:03:38,Salón - Extremo Civil,42.12,Silence,0.0,44.41,Silence,0.0,0.0,0.0,0.0,0.0,0.0,0.0,0.0,0.0,0.0,45.16,41.41,38.91,-87,12.5
2026-09-07 08:03:47,Salón - Extremo Eléctrica,42.96,Silence,0.0,52.32,Silence,0.0,0.0,0.0,0.0,0.0,0.0,0.0,0.0,0.0,0.0,54.16,32.26,27.67,-91,8.5
2026-09-07 08:03:52,Salón - Uma Eléctrica,42.22,Silence,0.0,42.91,Silence,0.0,0.0,0.0,0.0,0.0,0.0,0.0,0.0,0.0,0.0,42.99,41.96,41.77,-109,10.2
2026-09-07 08:04:03,Laboratorios Eléctrica Inferior,53.33,Group 5 (Vehicle),72.53,54.54,Group 1 (Common),54.28,0.0,0.0,0.0,53.33,26.52,0.3,0.04,0.48,72.53,54.71,53.33,52.15,-120,-6.0
2026-09-07 08:05:56,Laboratorios Civil Inferior,47.91,Mixed,57.86,49.84,Group 1 (Common),47.25,42.66,0.0,0.0,0.0,57.86,24.0,0.13,2.17,15.89,50.55,47.94,44.81,-108,-6.5
2026-09-07 08:08:03,Laboratorios Civil Central,67.58,Group 1 (Common),82.99,72.75,Group 4 (Person),63.55,0.0,0.0,70.79,0.0,82.99,0.0,0.0,16.8,0.0,73.04,65.58,54.14,-101,12.2
2026-09-07 08:08:04,Lobby Eléctrica,52.27,Mixed,54.38,60.71,Group 2 (Impact),50.37,60.28,48.39,56.61,59.39,54.38,10.42,13.37,6.68,15.19,58.22,49.51,46.41,-102,9.5
2026-09-07 08:08:10,Laboratorios Eléctrica Superior,53.42,Mixed,53.43,56.45,Group 5 (Vehicle),52.85,0.0,53.23,55.23,53.03,53.43,0.09,9.81,6.12,30.51,57.02,54.17,44.83,-97,11.5
2026-09-07 08:08:12,Pasillo Decanato Civil,38.12,Silence,0.0,39.66,Silence,0.0,0.0,0.0,0.0,0.0,0.0,0.0,0.0,0.0,0.0,39.76,38.25,36.39,-109,7.5
2026-09-07 08:08:16,Lobby Civil,54.06,Group 1 (Common),99.44,56.34,Group 1 (Common),54.35,0.0,0.0,0.0,0.0,99.44,0.0,0.0,0.26,0.09,55.75,53.83,52.51,-103,11.2
2026-09-07 08:08:16,Pasillo Salones Eléctrica,55.01,Mixed,63.93,59.23,Group 1 (Common),54.56,0.0,0.0,0.0,53.39,27.13,6.29,0.65,1.87,63.93,60.74,52.15,50.33,-101,7.2
2026-09-07 08:08:19,Laboratorios Eléctrica Centro,56.91,Mixed,48.91,62.09,Group 4 (Person),55.17,0.0,51.47,60.97,0.0,48.91,0.48,17.27,26.13,7.2,63.52,52.22,48.65,-111,6.2
2026-09-07 08:08:21,Pasillo Salones Civil,56.77,Group 1 (Common),74.26,57.9,Group 1 (Common),56.73,0.0,56.36,0.0,0.0,74.26,3.34,16.32,3.3,2.91,58.61,56.78,55.48,-95,12.5
2026-09-07 08:08:23,Pasillo Decanato Eléctrica,57.09,Group 1 (Common),97.87,57.87,Group 1 (Common),57.04,0.0,0.0,0.0,0.0,97.87,0.22,0.0,0.26,1.39,58.2,56.96,56.08,-105,12.0
2026-09-07 08:08:26,Laboratorios Civil Superior,47.12,Group 1 (Common),93.92,48.7,Group 1 (Common),46.77,0.0,0.0,0.0,0.0,93.92,0.17,0.04,0.09,5.56,48.91,47.1,44.51,-108,10.5
2026-09-07 08:08:30,Salón - Uma Civil,71.2,Mixed,61.2,76.23,Group 5 (Vehicle),72.82,0.0,0.0,70.17,75.72,30.47,0.09,0.0,61.2,8.07,77.47,65.24,59.96,-103,11.0
2026-09-07 08:08:38,Salón - Extremo Civil,71.22,Mixed,61.15,74.34,Group 4 (Person),69.62,0.0,0.0,73.01,0.0,61.15,0.0,0.0,24.96,13.8,74.68,69.63,68.8,-87,13.0
2026-09-07 08:08:47,Salón - Extremo Eléctrica,49.15,Mixed,41.32,53.57,Group 4 (Person),47.96,47.19,0.0,51.81,0.0,32.55,41.32,0.13,17.66,8.46,55.17,47.45,44.4,-86,9.8
2026-09-07 08:08:53,Salón - Uma Eléctrica,40.77,Silence,0.0,41.31,Silence,0.0,0.0,0.0,0.0,0.0,0.0,0.0,0.0,0.0,0.0,41.6,40.76,39.87,-103,10.5
2026-09-07 08:09:03,Laboratorios Eléctrica Inferior,55.35,Mixed,55.3,56.55,Group 1 (Common),55.94,0.0,0.0,0.0,55.38,40.63,3.39,0.04,0.65,55.3,56.94,55.12,52.99,-111,6.5
2026-09-07 08:10:56,Laboratorios Civil Inferior,55.1,Mixed,66.41,58.75,Group 1 (Common),53.97,0.0,0.0,0.0,50.62,66.41,0.24,2.54,0.98,29.79,58.51,52.0,50.25,-117,-2.0
2026-09-07 08:13:03,Laboratorios Civil Central,69.01,Group 1 (Common),98.31,73.78,Group 1 (Common),66.89,0.0,0.0,0.0,0.0,98.31,0.0,0.04,1.39,0.0,75.08,66.1,64.29,-109,4.8
2026-09-07 08:13:04,Lobby Eléctrica,52.2,Group 1 (Common),77.13,56.75,Group 2 (Impact),52.25,56.3,0.0,0.0,0.0,77.13,20.83,0.0,1.48,0.52,56.27,51.98,48.39,-97,13.0
2026-09-07 08:13:10,Laboratorios Eléctrica Superior,46.71,Group 1 (Common),97.48,48.58,Group 1 (Common),46.61,0.0,0.0,0.0,0.0,97.48,0.13,0.17,0.17,1.95,48.58,46.47,44.22,-105,10.8
2026-09-07 08:13:12,Pasillo Decanato Civil,40.08,Silence,0.0,42.63,Silence,0.0,0.0,0.0,0.0,0.0,0.0,0.0,0.0,0.0,0.0,42.78,39.46,38.15,-108,8.5
2026-09-07 08:13:16,Lobby Civil,64.74,Mixed,54.51,67.73,Group 4 (Person),60.76,0.0,0.0,67.19,0.0,54.51,9.24,0.0,33.07,3.21,68.22,65.3,54.94,-101,9.2
2026-09-07 08:13:16,Pasillo Salones Eléctrica,51.75,Group 1 (Common),81.29,54.72,Group 1 (Common),50.84,0.0,44.59,0.0,0.0,81.29,2.08,11.76,4.56,0.35,54.52,51.73,43.85,-108,8.2
2026-09-07 08:13:19,Laboratorios Eléctrica Centro,52.73,Mixed,67.71,55.14,Group 1 (Common),53.01,0.0,0.0,0.0,49.18,67.71,6.47,5.47,2.34,18.19,55.45,53.19,47.83,-111,7.2
2026-09-07 08:13:21,Pasillo Salones Civil,60.8,Group 2 (Impact),73.57,61.82,Group 2 (Impact),0.0,60.48,0.0,60.48,0.0,1.78,73.57,0.0,24.7,0.0,61.97,60.86,59.37,-107,10.2
2026-09-07 08:13:23,Pasillo Decanato Eléctrica,58.02,Mixed,54.3,59.69,Group 2 (Impact),57.45,58.67,0.0,0.0,58.99,54.3,17.75,2.56,5.25,20.27,59.62,57.1,56.88,-101,8.5
2026-09-07 08:13:26,Laboratorios Civil Superior,52.78,Mixed,69.27,54.35,Group 1 (Common),52.21,0.0,52.33,0.0,0.0,69.27,0.26,21.14,0.09,9.07,54.17,53.27,49.97,-107,7.8
2026-09-07 08:13:30,Salón - Uma Civil,68.81,Group 4 (Person),99.61,70.88,Group 4 (Person),0.0,0.0,0.0,68.5,0.0,0.0,0.0,0.0,99.61,0.0,71.55,68.74,65.28,-114,2.0
2026-09-07 08:13:38,Salón - Extremo Civil,75.48,Group 4 (Person),99.61,77.37,Group 4 (Person),0.0,0.0,0.0,75.6,0.0,0.0,0.0,0.0,99.61,0.0,77.85,76.09,64.38,-95,12.2
2026-09-07 08:13:47,Salón - Extremo Eléctrica,34.16,Silence,0.0,37.0,Silence,0.0,0.0,0.0,0.0,0.0,0.0,0.0,0.0,0.0,0.0,36.83,34.09,29.65,-91,9.5
2026-09-07 08:13:52,Salón - Uma Eléctrica,42.18,Silence,0.0,42.66,Silence,0.0,0.0,0.0,0.0,0.0,0.0,0.0,0.0,0.0,0.0,42.81,42.09,41.57,-113,5.2
2026-09-07 08:14:03,Laboratorios Eléctrica Inferior,53.37,Mixed,54.51,55.15,Group 5 (Vehicle),53.22,0.0,0.0,0.0,53.57,44.1,0.74,0.0,0.56,54.51,55.96,52.9,51.37,-119,-9.0
2026-09-07 08:15:56,Laboratorios Civil Inferior,44.82,Silence,0.0,47.32,Silence,0.0,0.0,0.0,0.0,0.0,0.0,0.0,0.0,0.0,0.0,47.3,44.57,42.45,-117,-1.0
2026-09-07 08:18:03,Laboratorios Civil Central,59.08,Group 1 (Common),83.16,62.8,Group 5 (Vehicle),56.76,0.0,0.0,0.0,61.61,83.16,0.0,0.04,0.09,16.62,63.77,58.1,54.54,-117,0.5
2026-09-07 08:18:04,Lobby Eléctrica,52.79,Mixed,52.69,56.44,Group 1 (Common),55.81,0.0,53.27,0.0,48.97,33.29,0.22,52.69,0.09,13.59,56.77,51.26,47.04,-107,9.2
2026-09-07 08:18:10,Laboratorios Eléctrica Superior,45.96,Mixed,38.89,49.65,Group 1 (Common),47.52,45.8,0.0,46.78,44.83,38.89,18.58,0.65,12.63,29.21,49.08,46.07,42.68,-101,9.0
2026-09-07 08:18:12,Pasillo Decanato Civil,40.74,Silence,0.0,41.93,Silence,0.0,0.0,0.0,0.0,0.0,0.0,0.0,0.0,0.0,0.0,41.8,40.72,39.52,-99,8.5
2026-09-07 08:18:16,Lobby Civil,48.31,Group 1 (Common),94.27,49.67,Group 1 (Common),47.92,0.0,0.0,0.0,0.0,94.27,5.3,0.0,0.13,0.22,49.81,48.14,46.57,-97,11.0
2026-09-07 08:18:16,Pasillo Salones Eléctrica,47.87,Mixed,55.77,49.74,Group 4 (Person),47.43,0.0,0.0,47.91,0.0,55.77,4.9,0.0,39.32,0.0,49.83,48.19,43.74,-95,12.8
2026-09-07 08:18:19,Laboratorios Eléctrica Centro,48.77,Group 5 (Vehicle),99.13,54.24,Group 5 (Vehicle),0.0,0.0,0.0,0.0,49.4,0.61,0.0,0.09,0.04,99.13,49.68,48.67,48.18,-113,5.5
2026-09-07 08:18:21,Pasillo Salones Civil,58.0,Mixed,49.22,61.17,Group 4 (Person),57.07,60.19,0.0,59.31,0.0,37.2,13.54,0.0,49.22,0.0,61.91,56.65,52.24,-102,6.2
2026-09-07 08:18:23,Pasillo Decanato Eléctrica,57.34,Group 1 (Common),99.09,57.99,Group 1 (Common),57.29,0.0,0.0,0.0,0.0,99.09,0.26,0.0,0.13,0.3,58.04,57.37,56.45,-103,11.8
2026-09-07 08:18:26,Laboratorios Civil Superior,50.2,Group 1 (Common),95.18,51.26,Group 1 (Common),50.17,0.0,0.0,0.0,0.0,95.18,0.87,3.47,0.22,0.22,51.26,50.17,48.9,-107,10.5
2026-09-07 08:18:30,Salón - Uma Civil,44.91,Silence,0.0,45.91,Silence,0.0,0.0,0.0,0.0,0.0,0.0,0.0,0.0,0.0,0.0,46.11,44.64,44.09,-115,2.5
2026-09-07 08:18:38,Salón - Extremo Civil,74.04,Group 4 (Person),99.61,76.68,Group 4 (Person),0.0,0.0,0.0,74.36,0.0,0.0,0.0,0.0,99.61,0.0,76.69,74.03,69.71,-89,13.2
2026-09-07 08:18:47,Salón - Extremo Eléctrica,68.86,Group 4 (Person),82.55,72.89,Group 4 (Person),71.55,53.98,0.0,68.41,0.0,5.21,12.11,0.0,82.55,0.0,73.6,63.55,57.74,-87,8.2
2026-09-07 08:18:52,Salón - Uma Eléctrica,40.94,Silence,0.0,41.93,Silence,0.0,0.0,0.0,0.0,0.0,0.0,0.0,0.0,0.0,0.0,41.89,41.04,39.87,-109,10.5
2026-09-07 08:19:03,Laboratorios Eléctrica Inferior,55.47,Group 5 (Vehicle),85.68,57.28,Group 5 (Vehicle),0.0,54.68,0.0,0.0,55.38,4.38,5.64,0.82,3.65,85.68,57.8,55.01,54.32,-121,-4.8
2026-09-07 08:20:56,Laboratorios Civil Inferior,49.01,Mixed,46.22,53.0,Group 4 (Person),47.07,47.94,49.78,50.32,0.0,27.04,46.22,7.51,13.89,5.43,54.37,46.94,45.04,-118,-11.2
2026-09-07 08:23:03,Laboratorios Civil Central,54.57,Group 1 (Common),97.57,56.27,Group 1 (Common),54.47,0.0,0.0,0.0,0.0,97.57,0.0,0.0,0.0,2.17,56.19,54.47,53.16,-94,12.2
2026-09-07 08:23:04,Lobby Eléctrica,53.55,Mixed,64.11,59.79,Group 1 (Common),55.21,0.0,49.62,0.0,0.0,64.11,9.29,22.09,4.6,0.0,58.88,50.67,49.0,-107,9.0
2026-09-07 08:23:10,Laboratorios Eléctrica Superior,52.88,Group 1 (Common),84.55,54.43,Group 1 (Common),53.06,0.0,0.0,0.0,49.95,84.55,0.17,3.6,0.09,11.46,54.94,52.94,49.38,-106,8.5
2026-09-07 08:23:12,Pasillo Decanato Civil,41.26,Silence,0.0,44.68,Silence,0.0,0.0,0.0,0.0,0.0,0.0,0.0,0.0,0.0,0.0,45.65,39.81,38.52,-107,9.8
2026-09-07 08:23:16,Lobby Civil,55.31,Mixed,58.81,58.64,Group 1 (Common),54.44,0.0,0.0,0.0,0.0,58.81,9.51,0.0,4.73,26.95,59.4,54.23,53.53,-103,11.8
2026-09-07 08:23:16,Pasillo Salones Eléctrica,55.28,Mixed,67.19,57.48,Group 1 (Common),55.25,0.0,0.0,0.0,53.92,67.19,1.43,6.34,1.74,23.35,57.24,55.34,51.31,-93,12.0
2026-09-07 08:23:19,Laboratorios Eléctrica Centro,63.41,Mixed,53.82,68.17,Group 1 (Common),65.39,64.0,0.0,0.0,53.67,53.82,9.72,2.04,0.17,34.03,69.38,58.62,50.98,-106,7.8
2026-09-07 08:23:21,Pasillo Salones Civil,57.08,Group 1 (Common),99.31,59.55,Group 1 (Common),56.54,0.0,0.0,0.0,0.0,99.31,0.09,0.0,0.39,0.0,59.88,56.95,53.58,-107,10.5
2026-09-07 08:23:23,Pasillo Decanato Eléctrica,56.74,Group 1 (Common),98.52,57.49,Group 1 (Common),56.81,0.0,0.0,0.0,0.0,98.52,0.35,0.0,0.22,0.82,57.22,56.88,55.97,-107,11.5
2026-09-07 08:23:26,Laboratorios Civil Superior,47.5,Mixed,61.07,48.12,Group 1 (Common),47.52,0.0,0.0,0.0,47.38,61.07,8.46,0.13,2.04,28.26,48.43,47.38,46.58,-108,10.2
2026-09-07 08:23:30,Salón - Uma Civil,40.65,Silence,0.0,49.29,Silence,0.0,0.0,0.0,0.0,0.0,0.0,0.0,0.0,0.0,0.0,42.78,40.57,37.71,-105,11.8
2026-09-07 08:23:38,Salón - Extremo Civil,70.35,Mixed,36.57,73.31,Group 1 (Common),71.32,59.79,0.0,72.05,0.0,36.57,31.15,11.18,17.77,3.22,74.9,54.78,50.45,-89,9.5
2026-09-07 08:23:47,Salón - Extremo Eléctrica,43.73,Silence,0.0,48.5,Silence,0.0,0.0,0.0,0.0,0.0,0.0,0.0,0.0,0.0,0.0,48.82,41.28,37.37,-84,10.0
2026-09-07 08:23:52,Salón - Uma Eléctrica,40.91,Silence,0.0,41.67,Silence,0.0,0.0,0.0,0.0,0.0,0.0,0.0,0.0,0.0,0.0,42.08,40.7,40.23,-113,-2.5
2026-09-07 08:24:03,Laboratorios Eléctrica Inferior,52.65,Mixed,53.39,53.91,Group 1 (Common),53.24,0.0,0.0,0.0,52.44,53.39,4.12,0.04,2.78,39.71,53.55,52.54,51.17,-118,-11.5
2026-09-07 08:25:56,Laboratorios Civil Inferior,50.51,Mixed,43.53,54.14,Group 1 (Common),51.62,47.5,0.0,0.0,0.0,43.53,38.11,0.39,1.74,16.19,55.2,49.37,46.23,-117,-3.5
2026-09-07 08:28:03,Laboratorios Civil Central,58.53,Group 1 (Common),76.65,62.97,Group 1 (Common),59.44,0.0,0.0,0.0,0.0,76.65,0.56,0.0,0.13,22.61,63.93,55.49,52.84,-97,13.2
2026-09-07 08:28:04,Lobby Eléctrica,51.41,Mixed,63.45,53.94,Group 1 (Common),51.5,0.0,49.16,0.0,0.0,63.45,11.68,24.65,0.26,0.0,53.84,50.14,48.87,-96,12.0
2026-09-07 08:28:10,Laboratorios Eléctrica Superior,48.12,Mixed,55.86,50.79,Group 1 (Common),46.88,48.86,0.0,0.0,0.0,55.86,31.6,2.82,1.56,8.16,51.33,47.72,43.45,-103,9.0
2026-09-07 08:28:12,Pasillo Decanato Civil,54.57,Mixed,40.93,60.55,Group 2 (Impact),53.41,56.69,0.0,57.26,0.0,32.77,40.93,0.3,24.7,1.3,61.48,51.73,44.94,-109,8.2
2026-09-07 08:28:16,Lobby Civil,56.19,Group 1 (Common),94.14,58.79,Group 1 (Common),56.47,0.0,0.0,0.0,0.0,94.14,1.78,0.0,0.13,3.86,58.76,55.64,53.88,-97,11.2
2026-09-07 08:28:16,Pasillo Salones Eléctrica,52.93,Group 1 (Common),95.01,55.28,Group 1 (Common),53.08,0.0,0.0,0.0,0.0,95.01,3.17,0.43,1.48,0.0,55.54,52.46,49.72,-105,11.0
2026-09-07 08:28:19,Laboratorios Eléctrica Centro,55.1,Mixed,52.95,58.21,Group 1 (Common),55.75,0.0,49.16,57.38,53.86,52.95,0.09,7.34,16.28,23.26,57.98,55.9,47.92,-103,5.8
2026-09-07 08:28:21,Pasillo Salones Civil,50.0,Group 2 (Impact),73.26,51.36,Group 1 (Common),51.07,50.15,0.0,0.0,0.0,18.27,73.26,2.78,5.73,0.0,51.06,49.77,49.19,-105,10.2
2026-09-07 08:28:23,Pasillo Decanato Eléctrica,56.88,Group 1 (Common),99.57,57.52,Group 1 (Common),56.97,0.0,0.0,0.0,0.0,99.57,0.09,0.0,0.09,0.09,57.58,56.73,56.34,-113,-5.0
2026-09-07 08:28:26,Laboratorios Civil Superior,45.37,Group 1 (Common),81.34,46.47,Group 3 (Rotary Tool),45.43,0.0,46.09,0.0,0.0,81.34,7.2,8.16,0.35,2.91,45.71,45.39,44.94,-105,8.2
2026-09-07 08:28:30,Salón - Uma Civil,48.32,Mixed,35.4,63.9,Group 4 (Person),0.0,49.82,0.0,63.02,41.81,0.68,35.4,0.83,28.86,34.08,57.1,41.66,40.13,-105,9.5
2026-09-07 08:28:38,Salón - Extremo Civil,75.56,Group 4 (Person),98.14,80.05,Group 4 (Person),0.0,0.0,0.0,73.04,0.0,1.56,0.0,0.0,98.14,0.0,80.9,69.99,62.65,-105,12.8
2026-09-07 08:28:47,Salón - Extremo Eléctrica,61.33,Mixed,56.64,67.53,Group 4 (Person),0.0,42.04,0.0,62.55,0.0,0.0,39.97,0.09,56.64,3.04,69.06,49.11,35.27,-91,9.8
2026-09-07 08:28:52,Salón - Uma Eléctrica,41.66,Silence,0.0,43.22,Silence,0.0,0.0,0.0,0.0,0.0,0.0,0.0,0.0,0.0,0.0,43.77,41.55,39.92,-107,10.0
2026-09-07 08:29:03,Laboratorios Eléctrica Inferior,59.13,Mixed,47.79,61.53,Group 5 (Vehicle),57.69,0.0,0.0,0.0,60.68,47.79,1.95,0.04,3.91,46.31,62.8,58.72,55.77,-114,5.5
2026-09-07 08:30:56,Laboratorios Civil Inferior,49.89,Group 1 (Common),79.56,52.06,Group 1 (Common),50.02,46.89,0.0,0.0,0.0,79.56,11.15,0.48,1.13,7.68,52.53,49.05,46.19,-119,-4.5
2026-09-07 08:33:03,Laboratorios Civil Central,57.29,Group 1 (Common),96.7,60.51,Group 1 (Common),57.73,0.0,0.0,0.0,0.0,96.7,0.52,0.0,0.39,2.39,61.63,55.85,53.65,-96,10.8
2026-09-07 08:33:04,Lobby Eléctrica,64.61,Group 1 (Common),99.09,70.05,Group 1 (Common),66.27,0.0,0.0,0.0,0.0,99.09,0.0,0.0,0.65,0.0,65.9,64.56,62.18,-97,9.2
2026-09-07 08:33:10,Laboratorios Eléctrica Superior,54.29,Group 1 (Common),85.74,57.5,Group 1 (Common),54.08,0.0,0.0,0.0,0.0,85.74,0.15,7.71,0.05,6.4,58.67,52.91,51.09,-101,12.8
2026-09-07 08:33:12,Pasillo Decanato Civil,41.05,Silence,0.0,42.53,Silence,0.0,0.0,0.0,0.0,0.0,0.0,0.0,0.0,0.0,0.0,42.59,40.61,38.52,-103,10.8
2026-09-07 08:33:16,Lobby Civil,60.04,Group 1 (Common),97.09,62.48,Group 1 (Common),60.66,0.0,0.0,0.0,0.0,97.09,0.0,0.0,0.22,2.6,62.37,59.53,58.12,-99,13.0
2026-09-07 08:33:16,Pasillo Salones Eléctrica,57.41,Mixed,50.04,59.72,Group 5 (Vehicle),55.51,0.0,0.0,0.0,57.52,43.06,4.12,1.35,1.52,50.04,60.54,57.85,50.43,-107,5.8
2026-09-07 08:33:19,Laboratorios Eléctrica Centro,70.01,Group 1 (Common),99.09,72.35,Group 1 (Common),70.91,0.0,0.0,0.0,0.0,99.09,0.0,0.0,0.0,0.56,72.55,69.19,66.2,-115,1.2
2026-09-07 08:33:21,Pasillo Salones Civil,61.7,Group 1 (Common),99.09,64.46,Group 1 (Common),61.48,0.0,0.0,0.0,0.0,99.09,0.22,0.0,0.48,0.0,64.09,61.33,58.31,-88,12.8
2026-09-07 08:33:23,Pasillo Decanato Eléctrica,56.9,Group 1 (Common),99.37,57.4,Group 1 (Common),56.91,0.0,0.0,0.0,0.0,99.37,0.05,0.0,0.0,0.34,57.68,56.63,56.34,-105,11.8
2026-09-07 08:33:26,Laboratorios Civil Superior,48.42,Group 1 (Common),89.67,49.41,Group 1 (Common),48.52,0.0,0.0,0.0,0.0,89.67,1.26,3.91,0.17,4.95,49.66,48.57,47.17,-103,10.2
2026-09-07 08:33:30,Salón - Uma Civil,59.51,Group 4 (Person),95.31,64.17,Group 4 (Person),0.0,0.0,0.0,60.34,0.0,2.99,1.43,0.0,95.31,0.0,63.92,57.96,45.79,-115,
2026-09-07 08:33:38,Salón - Extremo Civil,37.62,Silence,0.0,40.99,Silence,0.0,0.0,0.0,0.0,0.0,0.0,0.0,0.0,0.0,0.0,40.96,36.76,33.5,-89,12.8
2026-09-07 08:33:47,Salón - Extremo Eléctrica,54.51,Group 4 (Person),85.01,59.13,Group 2 (Impact),0.0,58.44,0.0,55.39,0.0,5.03,9.81,0.0,85.01,0.0,58.99,50.97,34.16,-84,9.5
2026-09-07 08:33:52,Salón - Uma Eléctrica,41.06,Silence,0.0,43.07,Silence,0.0,0.0,0.0,0.0,0.0,0.0,0.0,0.0,0.0,0.0,43.31,40.78,39.77,-117,
2026-09-07 08:34:03,Laboratorios Eléctrica Inferior,58.01,Mixed,53.37,59.59,Group 5 (Vehicle),58.14,0.0,0.0,0.0,58.7,45.31,0.24,0.05,0.98,53.37,59.89,58.24,54.73,-107,2.5
2026-09-07 08:35:57,Laboratorios Civil Inferior,56.56,Mixed,33.16,60.2,Group 1 (Common),59.23,51.15,55.68,0.0,53.65,33.16,14.97,33.16,0.52,18.06,60.52,55.37,52.41,-120,-2.8
2026-09-07 08:38:03,Laboratorios Civil Central,61.31,Group 1 (Common),98.1,63.3,Group 1 (Common),61.65,0.0,0.0,0.0,0.0,98.1,0.0,0.0,0.1,1.61,63.44,60.88,57.97,-114,-1.5
2026-09-07 08:38:04,Lobby Eléctrica,55.34,Mixed,42.92,57.53,Group 4 (Person),53.25,54.14,52.34,57.35,0.0,42.92,14.94,20.95,18.07,2.93,58.46,53.4,51.55,-95,12.8
2026-09-07 08:38:10,Laboratorios Eléctrica Superior,51.2,Mixed,51.13,53.48,Group 1 (Common),52.13,0.0,0.0,0.0,51.06,47.35,1.26,0.04,0.26,51.13,54.01,50.81,49.09,-96,12.0
2026-09-07 08:38:12,Pasillo Decanato Civil,41.15,Silence,0.0,42.61,Silence,0.0,0.0,0.0,0.0,0.0,0.0,0.0,0.0,0.0,0.0,42.17,41.08,39.25,-106,7.2
2026-09-07 08:38:16,Lobby Civil,60.93,Group 1 (Common),99.61,63.71,Group 1 (Common),61.63,0.0,0.0,0.0,0.0,99.61,0.0,0.0,0.0,0.0,62.78,61.13,57.68,-107,10.2
2026-09-07 08:38:16,Pasillo Salones Eléctrica,53.38,Mixed,69.09,55.96,Group 2 (Impact),53.19,52.48,0.0,0.0,0.0,11.91,69.09,1.22,1.27,16.6,57.07,51.76,48.85,-105,11.2
2026-09-07 08:38:19,Laboratorios Eléctrica Centro,63.51,Mixed,49.91,65.08,Group 1 (Common),64.14,0.0,0.0,0.0,62.73,47.05,2.34,0.0,0.69,49.91,65.5,63.64,61.67,-109,10.0
2026-09-07 08:38:21,Pasillo Salones Civil,54.98,Group 1 (Common),71.88,58.03,Group 1 (Common),55.93,0.0,0.0,0.0,52.74,71.88,0.0,1.37,0.39,26.37,57.78,52.63,51.93,-114,5.5
2026-09-07 08:38:23,Pasillo Decanato Eléctrica,57.0,Group 1 (Common),96.83,57.94,Group 1 (Common),57.17,0.0,0.0,0.0,0.0,96.83,0.65,0.0,0.52,1.95,58.15,56.75,56.27,-103,11.5
2026-09-07 08:38:26,Laboratorios Civil Superior,44.7,Silence,0.0,45.46,Silence,0.0,0.0,0.0,0.0,0.0,0.0,0.0,0.0,0.0,0.0,45.17,44.75,44.22,-109,6.5
2026-09-07 08:38:30,Salón - Uma Civil,40.51,Silence,0.0,43.25,Silence,0.0,0.0,0.0,0.0,0.0,0.0,0.0,0.0,0.0,0.0,44.15,39.83,38.88,-115,-10.5
2026-09-07 08:38:38,Salón - Extremo Civil,57.8,Group 1 (Common),74.7,71.09,Group 1 (Common),63.91,0.0,0.0,59.79,0.0,74.7,0.82,0.0,24.48,0.0,62.54,53.36,36.11,-101,12.2
2026-09-07 08:38:47,Salón - Extremo Eléctrica,68.01,Group 4 (Person),99.61,70.52,Group 4 (Person),0.0,0.0,0.0,68.19,0.0,0.0,0.0,0.0,99.61,0.0,71.1,66.97,63.12,-90,9.2
2026-09-07 08:38:52,Salón - Uma Eléctrica,41.4,Silence,0.0,42.17,Silence,0.0,0.0,0.0,0.0,0.0,0.0,0.0,0.0,0.0,0.0,42.15,41.25,40.61,-109,9.8
2026-09-07 08:39:03,Laboratorios Eléctrica Inferior,57.13,Mixed,51.26,58.14,Group 1 (Common),57.33,57.47,0.0,56.98,56.57,51.26,14.19,0.17,11.94,22.48,58.37,56.8,56.39,-107,6.8
2026-09-07 08:40:57,Laboratorios Civil Inferior,50.01,Mixed,38.5,52.36,Group 5 (Vehicle),47.78,48.99,0.0,0.0,51.59,28.73,29.56,1.17,1.95,38.5,52.96,50.28,46.26,-118,-4.8
2026-09-07 08:43:03,Laboratorios Civil Central,54.51,Group 1 (Common),99.17,55.6,Group 1 (Common),54.96,0.0,0.0,0.0,0.0,99.17,0.0,0.34,0.0,0.34,55.52,54.4,53.29,-95,11.2
2026-09-07 08:43:04,Lobby Eléctrica,57.48,Group 1 (Common),99.61,58.82,Group 1 (Common),57.68,0.0,0.0,0.0,0.0,99.61,0.0,0.0,0.0,0.0,58.35,57.71,56.1,-101,12.8
2026-09-07 08:43:10,Laboratorios Eléctrica Superior,56.64,Mixed,42.93,61.52,Group 1 (Common),57.92,51.23,0.0,0.0,48.48,42.93,37.2,3.47,3.43,12.76,61.86,55.49,48.32,-101,7.0
2026-09-07 08:43:12,Pasillo Decanato Civil,39.71,Silence,0.0,40.81,Silence,0.0,0.0,0.0,0.0,0.0,0.0,0.0,0.0,0.0,0.0,40.78,39.8,38.76,-105,9.5
2026-09-07 08:43:16,Lobby Civil,53.57,Group 1 (Common),99.27,55.71,Group 1 (Common),53.9,0.0,0.0,0.0,0.0,99.27,0.24,0.0,0.0,0.29,55.39,54.11,50.93,-108,9.0
2026-09-07 08:43:16,Pasillo Salones Eléctrica,54.12,Group 1 (Common),74.95,57.63,Group 1 (Common),53.18,0.0,54.87,0.0,0.0,74.95,0.49,10.55,0.24,13.72,58.94,53.1,49.22,-108,8.0
2026-09-07 08:43:19,Laboratorios Eléctrica Centro,60.91,Group 5 (Vehicle),94.88,61.27,Group 5 (Vehicle),0.0,0.0,0.0,0.0,60.99,4.95,0.0,0.0,0.09,94.88,61.35,60.87,60.58,-107,10.8
2026-09-07 08:43:21,Pasillo Salones Civil,55.4,Group 1 (Common),90.82,59.07,Group 1 (Common),56.81,0.0,0.0,0.0,0.0,90.82,1.56,6.98,0.49,0.05,56.93,55.34,51.7,-115,3.2
2026-09-07 08:43:23,Pasillo Decanato Eléctrica,57.84,Group 1 (Common),99.35,59.75,Group 1 (Common),57.49,0.0,0.0,0.0,0.0,99.35,0.0,0.0,0.13,0.3,60.74,57.29,56.45,-117,-8.8
2026-09-07 08:43:26,Laboratorios Civil Superior,46.34,Mixed,48.05,47.39,Group 1 (Common),46.22,0.0,45.74,0.0,0.0,48.05,2.0,39.11,0.05,10.79,47.09,46.41,44.69,-109,10.2
2026-09-07 08:43:30,Salón - Uma Civil,57.86,Group 4 (Person),75.39,60.34,Group 4 (Person),59.39,55.52,0.0,58.71,0.0,16.23,8.12,0.0,75.39,0.0,60.57,58.21,51.51,-102,11.2
2026-09-07 08:43:38,Salón - Extremo Civil,66.45,Group 4 (Person),73.78,71.69,Group 1 (Common),68.09,0.0,0.0,65.83,0.0,21.27,4.86,0.0,73.78,0.0,72.81,64.86,42.73,-89,12.8
2026-09-07 08:43:47,Salón - Extremo Eléctrica,50.94,Mixed,41.75,58.49,Group 4 (Person),36.43,51.28,0.0,54.83,37.75,10.98,29.69,0.56,41.75,16.97,59.66,39.66,35.97,-89,10.0
2026-09-07 08:43:52,Salón - Uma Eléctrica,48.07,Mixed,38.63,51.29,Group 1 (Common),49.84,43.48,48.76,0.0,0.0,36.41,38.63,24.39,0.04,0.56,51.41,47.6,41.4,-113,2.0
2026-09-07 08:44:03,Laboratorios Eléctrica Inferior,62.34,Mixed,50.3,63.06,Group 1 (Common),62.39,61.76,0.0,0.0,62.11,32.25,8.29,0.52,8.68,50.3,63.04,62.22,61.14,-115,-2.2
2026-09-07 08:45:56,Laboratorios Civil Inferior,55.48,Group 1 (Common),90.36,57.79,Group 1 (Common),54.73,0.0,55.54,0.0,0.0,90.36,0.04,9.03,0.0,0.48,57.83,55.19,51.54,-121,-6.0
2026-09-07 08:48:03,Laboratorios Civil Central,65.65,Mixed,49.52,67.3,Group 5 (Vehicle),64.85,0.0,0.0,0.0,66.71,41.36,6.34,0.04,2.78,49.52,67.63,65.07,64.34,-99,12.2
2026-09-07 08:48:04,Lobby Eléctrica,60.43,Group 1 (Common),91.28,63.04,Group 1 (Common),60.99,0.0,0.0,62.4,0.0,91.28,0.09,0.0,8.38,0.0,63.32,60.37,57.19,-111,6.8
2026-09-07 08:48:10,Laboratorios Eléctrica Superior,55.81,Mixed,58.12,58.93,Group 5 (Vehicle),57.37,0.0,0.0,0.0,56.13,40.97,0.13,0.48,0.17,58.12,58.42,54.95,52.32,-107,8.8
2026-09-07 08:48:13,Pasillo Decanato Civil,40.72,Silence,0.0,41.84,Silence,0.0,0.0,0.0,0.0,0.0,0.0,0.0,0.0,0.0,0.0,41.67,41.03,39.0,-103,12.0
2026-09-07 08:48:16,Lobby Civil,53.53,Mixed,58.94,56.11,Group 1 (Common),53.71,54.54,0.0,0.0,0.0,58.94,23.35,0.52,4.64,12.54,55.4,53.29,52.58,-101,8.5
2026-09-07 08:48:16,Pasillo Salones Eléctrica,55.72,Group 1 (Common),86.94,56.92,Group 1 (Common),55.31,0.0,0.0,0.0,0.0,86.94,0.26,12.28,0.09,0.13,57.19,55.73,52.65,-101,12.5
2026-09-07 08:48:19,Laboratorios Eléctrica Centro,63.51,Mixed,55.08,64.89,Group 1 (Common),63.12,0.0,0.0,0.0,62.91,44.36,0.0,0.22,0.26,55.08,65.05,62.62,62.17,-103,10.8
2026-09-07 08:48:21,Pasillo Salones Civil,54.85,Group 1 (Common),85.29,57.98,Group 3 (Rotary Tool),53.75,0.0,56.84,0.0,0.0,85.29,1.3,11.72,0.09,1.43,58.38,54.14,51.86,-105,10.8
2026-09-07 08:48:23,Pasillo Decanato Eléctrica,57.18,Group 1 (Common),99.57,58.01,Group 1 (Common),57.13,0.0,0.0,0.0,0.0,99.57,0.09,0.0,0.04,0.09,58.34,56.91,56.45,-99,11.8
2026-09-07 08:48:26,Laboratorios Civil Superior,64.21,Mixed,61.07,67.7,Group 1 (Common),63.17,0.0,0.0,0.0,66.01,61.07,0.0,0.13,0.0,38.72,68.34,61.02,55.77,-109,7.0
2026-09-07 08:48:30,Salón - Uma Civil,67.7,Group 4 (Person),75.22,70.89,Group 4 (Person),67.77,0.0,0.0,66.33,0.0,21.05,0.0,0.0,75.22,3.56,71.23,66.7,62.11,-115,3.5
2026-09-07 08:48:38,Salón - Extremo Civil,64.05,Mixed,42.45,74.63,Group 1 (Common),72.2,49.59,0.0,62.75,0.0,42.45,32.12,0.0,25.3,0.0,71.25,54.79,35.01,-84,13.0
2026-09-07 08:48:47,Salón - Extremo Eléctrica,77.03,Mixed,52.17,82.96,Group 1 (Common),74.3,0.0,0.0,68.58,0.0,52.17,0.0,0.0,47.7,0.0,84.29,71.26,60.44,-83,7.8
2026-09-07 08:48:52,Salón - Uma Eléctrica,43.17,Silence,0.0,44.0,Silence,0.0,0.0,0.0,0.0,0.0,0.0,0.0,0.0,0.0,0.0,43.72,43.14,42.74,-111,4.2
2026-09-07 08:49:03,Laboratorios Eléctrica Inferior,62.4,Mixed,54.69,64.37,Group 5 (Vehicle),62.54,0.0,0.0,0.0,62.85,54.69,0.0,0.04,0.39,44.88,63.44,62.19,61.21,-107,9.0
2026-09-07 08:50:57,Laboratorios Civil Inferior,53.04,Mixed,39.01,58.3,Group 1 (Common),58.2,53.08,52.52,0.0,53.61,18.95,27.64,10.01,4.44,39.01,54.6,52.61,51.4,-117,-8.5
2026-09-07 08:53:03,Laboratorios Civil Central,65.35,Group 5 (Vehicle),70.23,70.76,Group 2 (Impact),64.05,70.92,0.0,0.0,66.13,18.71,8.03,1.17,2.0,70.23,67.46,64.88,63.8,-115,-4.5
2026-09-07 08:53:10,Lobby Eléctrica,55.43,Group 1 (Common),93.75,58.07,Group 1 (Common),55.95,0.0,0.0,0.0,0.0,93.75,0.09,5.73,0.3,0.04,56.13,55.31,54.63,-105,6.2
2026-09-07 08:53:10,Laboratorios Eléctrica Superior,58.83,Group 1 (Common),99.61,63.93,Group 1 (Common),60.25,0.0,0.0,0.0,0.0,99.61,0.0,0.0,0.09,0.0,62.77,57.67,52.15,-104,6.5
2026-09-07 08:53:12,Pasillo Decanato Civil,39.89,Silence,0.0,41.04,Silence,0.0,0.0,0.0,0.0,0.0,0.0,0.0,0.0,0.0,0.0,41.13,39.87,38.66,-105,11.8
2026-09-07 08:53:16,Lobby Civil,58.14,Group 1 (Common),96.44,60.83,Group 1 (Common),58.13,0.0,0.0,0.0,0.0,96.44,0.09,0.0,0.04,3.34,61.26,57.19,54.6,-103,10.5
2026-09-07 08:53:16,Pasillo Salones Eléctrica,49.75,Mixed,63.45,53.52,Group 1 (Common),50.25,47.82,0.0,52.04,0.0,63.45,13.72,0.91,21.88,0.0,54.28,48.41,47.28,-105,9.8
2026-09-07 08:53:19,Laboratorios Eléctrica Centro,66.12,Group 1 (Common),96.05,69.07,Group 1 (Common),67.16,0.0,0.0,0.0,0.0,96.05,0.0,0.04,0.04,3.52,69.1,66.02,61.01,-105,11.8
2026-09-07 08:53:21,Pasillo Salones Civil,52.02,Group 1 (Common),70.96,54.16,Group 1 (Common),51.74,0.0,49.19,0.0,0.0,70.96,10.89,7.9,4.56,5.6,54.67,51.95,48.94,-109,8.8
2026-09-07 08:53:23,Pasillo Decanato Eléctrica,56.96,Group 1 (Common),99.52,58.06,Group 1 (Common),56.78,0.0,0.0,0.0,0.0,99.52,0.17,0.0,0.0,0.0,58.13,57.03,55.47,-102,8.5
2026-09-07 08:53:26,Laboratorios Civil Superior,52.18,Group 1 (Common),71.44,54.37,Group 5 (Vehicle),52.27,0.0,0.0,0.0,54.42,71.44,0.0,0.0,0.0,28.52,53.18,51.97,51.24,-117,3.8
2026-09-07 08:53:30,Salón - Uma Civil,44.77,Silence,0.0,50.62,Silence,0.0,0.0,0.0,0.0,0.0,0.0,0.0,0.0,0.0,0.0,51.58,42.21,39.71,-118,1.0
2026-09-07 08:53:38,Salón - Extremo Civil,70.09,Mixed,52.52,72.97,Group 1 (Common),70.75,54.02,0.0,70.14,37.7,28.17,10.89,0.26,52.52,7.99,73.04,68.17,50.7,-89,13.2
2026-09-07 08:53:47,Salón - Extremo Eléctrica,40.0,Silence,0.0,45.71,Silence,0.0,0.0,0.0,0.0,0.0,0.0,0.0,0.0,0.0,0.0,45.8,37.88,30.43,-87,10.0
2026-09-07 08:53:52,Salón - Uma Eléctrica,40.78,Silence,0.0,41.32,Silence,0.0,0.0,0.0,0.0,0.0,0.0,0.0,0.0,0.0,0.0,41.22,40.81,39.96,-115,-11.2
2026-09-07 08:54:03,Laboratorios Eléctrica Inferior,55.96,Group 5 (Vehicle),98.61,57.72,Group 5 (Vehicle),0.0,0.0,0.0,0.0,56.56,0.91,0.04,0.04,0.3,98.61,57.25,55.77,54.85,-120,-3.0
2026-09-07 08:55:57,Laboratorios Civil Inferior,57.18,Mixed,49.22,62.94,Group 1 (Common),58.13,49.74,0.0,0.0,55.06,49.22,9.24,0.0,2.0,39.45,64.67,53.38,49.17,-117,-3.5
2026-09-07 08:58:03,Laboratorios Civil Central,64.36,Mixed,52.95,65.17,Group 1 (Common),64.81,0.0,0.0,0.0,64.05,45.96,0.56,0.0,0.39,52.95,65.1,64.35,63.43,-99,9.2
2026-09-07 08:58:04,Lobby Eléctrica,64.73,Mixed,57.25,68.16,Group 4 (Person),60.23,0.0,0.0,67.14,0.0,57.25,0.48,1.91,31.64,8.59,68.72,62.38,57.91,-108,7.2
2026-09-07 08:58:10,Laboratorios Eléctrica Superior,49.69,Mixed,69.27,50.62,Group 5 (Vehicle),49.53,0.0,0.0,0.0,50.61,69.27,0.04,0.0,0.0,30.6,50.56,49.94,47.57,-96,12.8
2026-09-07 08:58:12,Pasillo Decanato Civil,44.72,Silence,0.0,47.37,Silence,0.0,0.0,0.0,0.0,0.0,0.0,0.0,0.0,0.0,0.0,48.0,43.14,41.34,-109,1.2
2026-09-07 08:58:20,Lobby Civil,55.96,Mixed,43.66,56.46,Group 1 (Common),55.87,56.0,0.0,0.0,55.76,43.66,12.5,1.82,7.29,34.72,56.35,56.02,54.9,-97,11.8
2026-09-07 08:58:20,Pasillo Salones Eléctrica,47.21,Group 1 (Common),75.13,48.89,Group 1 (Common),47.2,0.0,0.0,0.0,0.0,75.13,3.3,0.0,21.7,0.0,49.36,46.93,45.41,-101,10.8
2026-09-07 08:58:20,Laboratorios Eléctrica Centro,61.97,Group 5 (Vehicle),96.61,62.41,Group 5 (Vehicle),0.0,0.0,0.0,0.0,62.01,3.34,0.0,0.0,0.0,96.61,62.51,61.97,60.98,-105,10.5
2026-09-07 08:58:21,Pasillo Salones Civil,57.13,Group 1 (Common),84.11,58.31,Group 1 (Common),57.29,0.0,57.77,0.0,0.0,84.11,0.13,15.58,0.13,0.0,58.3,57.75,54.39,-90,11.8
2026-09-07 08:58:23,Pasillo Decanato Eléctrica,62.26,Group 1 (Common),72.09,66.95,Group 2 (Impact),59.47,66.18,0.0,0.0,64.75,72.09,7.42,1.3,8.55,10.55,67.14,58.2,56.73,-107,12.0
2026-09-07 08:58:26,Laboratorios Civil Superior,55.4,Group 1 (Common),90.8,57.89,Group 1 (Common),55.24,0.0,0.0,0.0,0.0,90.8,1.13,0.0,0.95,7.25,59.08,54.67,52.63,-103,9.0
2026-09-07 08:58:30,Salón - Uma Civil,62.85,Group 4 (Person),84.33,68.07,Group 4 (Person),0.0,0.0,0.0,63.46,48.46,1.91,2.52,0.04,84.33,11.07,69.13,61.4,45.41,-105,11.8
2026-09-07 08:58:38,Salón - Extremo Civil,70.42,Group 4 (Person),78.21,74.38,Group 4 (Person),71.07,0.0,0.0,70.4,0.0,21.09,0.52,0.0,78.21,0.0,74.59,69.01,57.71,-87,12.0
2026-09-07 08:58:48,Salón - Extremo Eléctrica,59.33,Mixed,56.42,63.11,Group 4 (Person),58.16,0.0,0.0,60.28,0.0,42.1,0.95,0.0,56.42,0.48,63.45,57.63,52.61,-89,9.5
2026-09-07 08:58:52,Salón - Uma Eléctrica,40.62,Silence,0.0,41.24,Silence,0.0,0.0,0.0,0.0,0.0,0.0,0.0,0.0,0.0,0.0,41.31,40.85,39.79,-111,10.2
2026-09-07 08:59:03,Laboratorios Eléctrica Inferior,57.35,Group 5 (Vehicle),96.7,58.58,Group 5 (Vehicle),0.0,0.0,0.0,0.0,57.04,2.99,0.0,0.0,0.3,96.7,58.96,57.04,55.65,-121,-1.2
2026-09-07 09:00:57,Laboratorios Civil Inferior,51.64,Mixed,63.41,52.89,Group 1 (Common),51.68,51.97,0.0,0.0,0.0,63.41,17.66,0.0,1.13,17.58,53.47,51.24,50.08,-119,-4.0
2026-09-07 09:03:03,Laboratorios Civil Central,64.49,Mixed,55.6,65.02,Group 1 (Common),64.5,0.0,0.0,0.0,0.0,55.6,12.59,0.0,4.3,27.52,65.09,64.45,64.09,-101,12.8
2026-09-07 09:03:04,Lobby Eléctrica,53.24,Group 1 (Common),70.36,54.55,Group 2 (Impact),52.85,54.37,50.86,0.0,0.0,70.36,13.59,11.76,4.04,0.22,54.46,53.13,52.02,-99,12.8
2026-09-07 09:03:10,Laboratorios Eléctrica Superior,57.44,Group 1 (Common),71.88,59.77,Group 1 (Common),57.22,0.0,0.0,0.0,52.55,71.88,4.73,2.95,0.74,19.7,60.63,57.43,50.53,-99,12.5
2026-09-07 09:03:12,Pasillo Decanato Civil,39.69,Silence,0.0,40.47,Silence,0.0,0.0,0.0,0.0,0.0,0.0,0.0,0.0,0.0,0.0,40.3,39.48,39.33,-101,13.5
2026-09-07 09:03:16,Lobby Civil,62.78,Mixed,48.57,65.18,Group 1 (Common),62.61,60.57,0.0,62.95,0.0,48.57,13.5,0.0,37.76,0.0,65.05,62.63,58.4,-99,11.2
2026-09-07 09:03:16,Pasillo Salones Eléctrica,42.45,Silence,0.0,45.6,Silence,0.0,0.0,0.0,0.0,0.0,0.0,0.0,0.0,0.0,0.0,46.22,41.82,35.68,-102,12.0
2026-09-07 09:03:19,Laboratorios Eléctrica Centro,62.04,Group 5 (Vehicle),75.3,62.97,Group 5 (Vehicle),62.31,0.0,0.0,0.0,62.12,24.57,0.0,0.0,0.09,75.3,62.84,61.92,61.36,-109,6.5
2026-09-07 09:03:21,Pasillo Salones Civil,50.32,Group 1 (Common),80.69,54.19,Group 1 (Common),50.84,0.0,53.61,0.0,0.0,80.69,6.51,12.46,0.35,0.0,53.91,48.56,46.56,-95,13.8
2026-09-07 09:03:27,Pasillo Decanato Eléctrica,57.02,Group 1 (Common),99.52,57.63,Group 1 (Common),56.94,0.0,0.0,0.0,0.0,99.52,0.09,0.0,0.09,0.13,57.51,57.22,56.44,-101,12.8
2026-09-07 09:03:27,Laboratorios Civil Superior,54.46,Group 1 (Common),94.49,58.15,Group 1 (Common),55.42,0.0,0.0,0.0,0.0,94.49,0.22,0.04,0.17,4.99,56.53,53.95,52.58,-117,1.8
2026-09-07 09:03:30,Salón - Uma Civil,62.74,Group 4 (Person),71.19,68.65,Group 4 (Person),0.0,44.05,0.0,64.4,0.0,3.56,25.05,0.0,71.19,0.0,68.94,54.27,39.07,-105,11.5
2026-09-07 09:03:38,Salón - Extremo Civil,66.82,Group 1 (Common),73.26,68.7,Group 4 (Person),66.65,0.0,0.0,68.19,0.0,73.26,1.52,0.0,25.13,0.0,68.72,66.54,63.34,-96,9.8
2026-09-07 09:03:48,Salón - Extremo Eléctrica,30.47,Silence,0.0,34.31,Silence,0.0,0.0,0.0,0.0,0.0,0.0,0.0,0.0,0.0,0.0,33.2,30.79,26.09,-85,10.8
2026-09-07 09:03:52,Salón - Uma Eléctrica,41.19,Silence,0.0,41.97,Silence,0.0,0.0,0.0,0.0,0.0,0.0,0.0,0.0,0.0,0.0,42.08,41.08,40.33,-115,2.5
2026-09-07 09:04:03,Laboratorios Eléctrica Inferior,59.17,Group 1 (Common),95.36,62.84,Group 1 (Common),60.19,0.0,0.0,0.0,0.0,95.36,0.35,2.69,1.39,0.26,61.46,58.95,57.36,-109,7.8
2026-09-07 09:05:57,Laboratorios Civil Inferior,60.49,Group 1 (Common),78.82,67.75,Group 1 (Common),55.27,0.0,0.0,0.0,50.23,78.82,1.82,0.0,0.39,18.88,68.88,55.94,48.47,-119,-6.0
2026-09-07 09:08:03,Laboratorios Civil Central,63.65,Mixed,50.61,64.34,Group 1 (Common),63.91,63.29,0.0,0.0,63.54,50.61,20.79,0.0,3.99,24.61,64.28,63.68,62.86,-99,13.8
2026-09-07 09:08:04,Lobby Eléctrica,61.69,Mixed,65.58,63.77,Group 5 (Vehicle),60.13,0.0,60.25,0.0,62.83,12.2,0.22,21.88,0.0,65.58,63.87,61.3,58.72,-114,5.0
2026-09-07 09:08:10,Laboratorios Eléctrica Superior,68.27,Mixed,68.14,74.26,Group 3 (Rotary Tool),55.73,68.2,73.37,0.0,0.0,10.85,68.14,15.71,0.87,4.34,74.67,61.38,51.76,-100,12.0
2026-09-07 09:08:13,Pasillo Decanato Civil,43.55,Silence,0.0,45.54,Silence,0.0,0.0,0.0,0.0,0.0,0.0,0.0,0.0,0.0,0.0,45.14,43.45,41.47,-103,10.5
2026-09-07 09:08:16,Lobby Civil,68.19,Mixed,57.47,71.86,Group 4 (Person),69.8,0.0,0.0,68.17,0.0,42.45,0.04,0.0,57.47,0.0,72.42,67.2,61.96,-102,12.2
2026-09-07 09:08:16,Pasillo Salones Eléctrica,37.64,Silence,0.0,43.39,Silence,0.0,0.0,0.0,0.0,0.0,0.0,0.0,0.0,0.0,0.0,43.95,36.0,35.05,-99,13.0
2026-09-07 09:08:19,Laboratorios Eléctrica Centro,64.68,Group 1 (Common),92.45,66.4,Group 1 (Common),64.61,0.0,0.0,0.0,0.0,92.45,0.0,0.13,0.35,6.86,66.48,64.65,61.95,-107,7.2
2026-09-07 09:08:21,Pasillo Salones Civil,56.17,Group 1 (Common),93.01,58.1,Group 1 (Common),55.91,0.0,0.0,0.0,0.0,93.01,6.21,0.0,0.61,0.0,58.99,55.68,52.52,-93,12.5
2026-09-07 09:08:23,Pasillo Decanato Eléctrica,57.08,Group 1 (Common),99.44,57.85,Group 1 (Common),57.17,0.0,0.0,0.0,0.0,99.44,0.26,0.0,0.09,0.09,57.63,57.2,56.12,-105,11.5
2026-09-07 09:08:26,Laboratorios Civil Superior,51.08,Mixed,68.45,52.59,Group 1 (Common),51.17,0.0,0.0,0.0,51.02,68.45,0.0,0.0,0.0,31.47,52.36,50.95,49.64,-111,8.0
2026-09-07 09:08:30,Salón - Uma Civil,65.64,Mixed,69.97,69.34,Group 4 (Person),0.0,44.74,0.0,65.92,0.0,1.66,27.98,0.0,69.97,0.24,70.68,63.93,42.05,-111,5.8
2026-09-07 09:08:38,Salón - Extremo Civil,49.89,Mixed,32.03,59.98,Group 4 (Person),50.83,0.0,0.0,58.68,49.26,31.47,1.87,2.99,31.68,32.03,54.49,48.47,42.42,-113,4.0
2026-09-07 09:08:48,Salón - Extremo Eléctrica,66.2,Group 4 (Person),77.56,69.42,Group 4 (Person),66.86,0.0,0.0,67.03,0.0,22.14,0.04,0.0,77.56,0.0,67.8,66.45,62.2,-89,11.0
2026-09-07 09:08:52,Salón - Uma Eléctrica,40.82,Silence,0.0,41.8,Silence,0.0,0.0,0.0,0.0,0.0,0.0,0.0,0.0,0.0,0.0,41.77,40.94,39.7,-111,6.5
2026-09-07 09:09:03,Laboratorios Eléctrica Inferior,69.37,Mixed,58.29,72.73,Group 5 (Vehicle),66.28,0.0,0.0,0.0,71.41,58.29,0.0,0.0,0.22,41.49,73.48,68.01,64.62,-117,-12.2
2026-09-07 09:10:57,Laboratorios Civil Inferior,60.56,Mixed,67.4,64.18,Group 1 (Common),61.86,56.8,0.0,58.55,0.0,67.4,23.31,0.17,8.55,0.39,64.21,60.41,53.19,-117,-1.2
2026-09-07 09:13:03,Laboratorios Civil Central,65.25,Group 1 (Common),85.42,67.15,Group 1 (Common),65.48,0.0,0.0,0.0,0.0,85.42,1.22,0.0,1.56,11.85,67.34,64.67,63.43,-97,13.8
2026-09-07 09:13:04,Lobby Eléctrica,57.05,Group 1 (Common),87.59,58.14,Group 1 (Common),56.9,0.0,55.32,0.0,0.0,87.59,0.04,11.85,0.17,0.13,58.14,56.78,55.51,-99,10.0
2026-09-07 09:13:10,Laboratorios Eléctrica Superior,60.29,Group 1 (Common),90.93,63.53,Group 1 (Common),59.35,0.0,0.0,0.0,0.0,90.93,0.0,0.0,0.0,8.9,64.06,60.66,51.12,-97,9.2
2026-09-07 09:13:13,Pasillo Decanato Civil,38.21,Silence,0.0,39.19,Silence,0.0,0.0,0.0,0.0,0.0,0.0,0.0,0.0,0.0,0.0,39.65,38.08,35.92,-101,9.8
2026-09-07 09:13:16,Lobby Civil,59.02,Mixed,62.93,63.91,Group 2 (Impact),56.71,63.23,0.0,0.0,0.0,62.93,23.13,0.0,6.73,7.25,65.51,52.97,50.6,-101,9.8
2026-09-07 09:13:16,Pasillo Salones Eléctrica,49.54,Mixed,49.96,53.53,Group 2 (Impact),47.77,50.48,0.0,0.0,51.88,10.07,49.96,1.17,13.02,25.78,53.8,48.6,44.93,-107,9.0
2026-09-07 09:13:19,Laboratorios Eléctrica Centro,63.6,Mixed,65.58,65.34,Group 1 (Common),63.27,0.0,0.0,0.0,62.89,65.58,0.22,0.0,0.17,33.94,66.07,62.9,62.18,-102,10.5
2026-09-07 09:13:21,Pasillo Salones Civil,54.48,Group 1 (Common),89.67,55.72,Group 1 (Common),54.53,0.0,51.49,0.0,0.0,89.67,0.09,8.16,0.43,1.61,56.45,54.84,51.0,-95,9.2
2026-09-07 09:13:23,Pasillo Decanato Eléctrica,56.97,Group 1 (Common),99.41,57.52,Group 1 (Common),57.08,0.0,0.0,0.0,0.0,99.41,0.0,0.0,0.05,0.29,57.3,56.89,56.75,-108,-2.8
2026-09-07 09:13:26,Laboratorios Civil Superior,52.69,Group 1 (Common),88.02,54.57,Group 1 (Common),52.74,0.0,0.0,0.0,0.0,88.02,0.0,0.0,0.0,11.89,55.42,52.16,50.77,-107,9.5
2026-09-07 09:13:30,Salón - Uma Civil,67.01,Mixed,34.38,71.94,Group 1 (Common),70.19,66.33,0.0,60.11,0.0,26.69,32.6,0.09,34.38,6.08,72.47,61.78,54.99,-107,10.5
2026-09-07 09:13:38,Salón - Extremo Civil,66.21,Group 4 (Person),99.07,69.04,Group 4 (Person),0.0,0.0,0.0,67.03,0.0,0.59,0.0,0.0,99.07,0.0,69.18,65.22,60.82,-89,11.8
2026-09-07 09:13:48,Salón - Extremo Eléctrica,51.49,Mixed,41.55,57.08,Group 2 (Impact),48.52,49.23,0.0,0.0,47.95,26.51,41.55,0.49,15.87,15.58,57.51,44.3,42.9,-85,9.8
2026-09-07 09:13:52,Salón - Uma Eléctrica,52.84,Mixed,46.04,56.69,Group 2 (Impact),52.75,54.61,0.0,0.0,54.51,25.44,22.02,3.91,2.44,46.04,57.27,50.8,46.42,-111,9.8
2026-09-07 09:14:03,Laboratorios Eléctrica Inferior,59.04,Group 1 (Common),78.03,61.98,Group 1 (Common),59.98,0.0,0.0,0.0,57.78,78.03,0.1,0.0,0.59,21.04,62.0,57.67,55.95,-120,-7.8
2026-09-07 09:15:57,Laboratorios Civil Inferior,52.53,Mixed,54.08,55.35,Group 5 (Vehicle),52.11,0.0,0.0,0.0,53.51,54.08,4.25,0.0,0.95,40.71,55.89,51.25,50.14,-118,-9.2
2026-09-07 09:18:03,Laboratorios Civil Central,64.85,Mixed,59.38,65.92,Group 2 (Impact),64.52,65.42,0.0,0.0,0.0,59.38,18.7,4.3,5.71,11.91,66.2,64.52,63.8,-117,0.2
2026-09-07 09:18:04,Lobby Eléctrica,61.84,Group 1 (Common),97.83,63.04,Group 1 (Common),61.77,0.0,0.0,0.0,0.0,97.83,0.0,1.95,0.0,0.0,63.45,61.53,59.82,-93,12.0
2026-09-07 09:18:10,Laboratorios Eléctrica Superior,54.66,Group 1 (Common),90.92,57.88,Group 1 (Common),55.14,0.0,0.0,0.0,0.0,90.92,4.54,0.0,4.49,0.05,58.47,53.08,50.75,-99,11.0
2026-09-07 09:18:13,Pasillo Decanato Civil,39.57,Silence,0.0,40.81,Silence,0.0,0.0,0.0,0.0,0.0,0.0,0.0,0.0,0.0,0.0,40.54,39.64,38.53,-109,11.2
2026-09-07 09:18:16,Lobby Civil,57.76,Group 1 (Common),99.44,58.6,Group 1 (Common),57.82,0.0,0.0,0.0,0.0,99.44,0.0,0.22,0.0,0.0,58.9,57.56,56.24,-105,9.5
2026-09-07 09:18:16,Pasillo Salones Eléctrica,57.02,Group 1 (Common),98.05,58.23,Group 1 (Common),56.58,0.0,0.0,0.0,0.0,98.05,0.0,1.74,0.0,0.09,58.7,57.2,50.62,-101,11.5
2026-09-07 09:18:19,Laboratorios Eléctrica Centro,62.57,Mixed,60.45,64.4,Group 1 (Common),63.54,0.0,0.0,0.0,61.57,39.36,0.0,0.0,0.0,60.45,64.72,61.78,61.03,-109,9.0
2026-09-07 09:18:21,Pasillo Salones Civil,67.93,Group 1 (Common),91.99,70.09,Group 1 (Common),66.81,0.0,0.0,0.0,0.0,91.99,5.32,0.0,2.59,0.0,69.97,68.01,61.15,-93,12.8
2026-09-07 09:18:23,Pasillo Decanato Eléctrica,57.76,Group 1 (Common),92.71,58.68,Group 1 (Common),57.86,0.0,0.0,0.0,0.0,92.71,0.17,0.0,0.09,6.99,58.36,57.85,56.47,-119,-7.0
2026-09-07 09:18:27,Laboratorios Civil Superior,58.4,Group 1 (Common),70.44,62.33,Group 1 (Common),59.85,0.0,0.0,0.0,57.59,70.44,0.0,5.56,0.0,23.83,62.65,56.72,54.23,-115,4.5
2026-09-07 09:18:30,Salón - Uma Civil,59.44,Mixed,39.5,64.6,Group 3 (Rotary Tool),46.18,52.07,61.5,63.88,50.39,11.2,16.41,39.5,14.8,18.1,65.56,56.86,45.64,-101,8.8
2026-09-07 09:18:38,Salón - Extremo Civil,58.07,Mixed,49.39,62.64,Group 4 (Person),56.97,55.45,0.0,59.37,0.0,40.58,9.81,0.0,49.39,0.0,63.92,56.61,49.76,-91,13.2
2026-09-07 09:18:48,Salón - Extremo Eléctrica,56.55,Mixed,66.58,59.55,Group 2 (Impact),0.0,54.67,0.0,57.81,0.0,6.81,66.58,0.04,26.48,0.22,59.81,56.09,43.52,-82,10.0
2026-09-07 09:18:55,Salón - Uma Eléctrica,72.51,Group 1 (Common),83.68,75.32,Group 1 (Common),71.2,0.0,0.0,74.39,0.0,83.68,0.0,0.0,16.15,0.0,75.58,69.77,67.77,-113,4.5
2026-09-07 09:19:03,Laboratorios Eléctrica Inferior,59.51,Mixed,54.38,62.44,Group 5 (Vehicle),60.36,0.0,0.0,0.0,60.18,37.41,2.91,3.21,2.04,54.38,62.37,59.42,56.16,-119,-5.2
2026-09-07 09:20:57,Laboratorios Civil Inferior,64.02,Group 1 (Common),83.25,65.97,Group 1 (Common),63.16,65.22,0.0,0.0,0.0,83.25,14.24,0.04,2.34,0.04,66.03,64.41,57.86,-118,-5.0
2026-09-07 09:23:03,Laboratorios Civil Central,66.36,Group 1 (Common),75.24,67.49,Group 1 (Common),66.15,0.0,0.0,0.0,66.14,75.24,0.05,0.0,0.29,24.22,68.07,65.74,65.44,-101,12.8
2026-09-07 09:23:04,Lobby Eléctrica,59.19,Group 1 (Common),89.71,61.53,Group 1 (Common),59.29,0.0,0.0,0.0,0.0,89.71,0.74,1.04,3.82,4.64,61.91,58.36,56.36,-91,9.5
2026-09-07 09:23:10,Laboratorios Eléctrica Superior,57.16,Group 1 (Common),88.62,59.85,Group 1 (Common),57.64,0.0,0.0,0.0,0.0,88.62,9.28,0.0,1.37,0.59,59.16,56.71,54.3,-95,11.2
2026-09-07 09:23:13,Pasillo Decanato Civil,44.32,Silence,0.0,47.89,Silence,0.0,0.0,0.0,0.0,0.0,0.0,0.0,0.0,0.0,0.0,48.5,43.14,40.02,-103,8.2
2026-09-07 09:23:16,Lobby Civil,56.77,Mixed,45.12,59.69,Group 2 (Impact),55.2,57.58,0.0,0.0,57.35,11.38,45.12,6.15,6.54,30.96,58.33,56.43,54.36,-109,9.0
2026-09-07 09:23:16,Pasillo Salones Eléctrica,67.32,Group 1 (Common),88.24,69.45,Group 1 (Common),67.14,0.0,0.0,66.23,0.0,88.24,0.0,0.0,11.68,0.0,70.49,67.4,64.66,-103,9.8
2026-09-07 09:23:19,Laboratorios Eléctrica Centro,64.99,Group 1 (Common),99.02,66.29,Group 1 (Common),65.18,0.0,0.0,0.0,0.0,99.02,0.0,0.63,0.05,0.0,66.71,64.65,63.28,-105,7.8
2026-09-07 09:23:21,Pasillo Salones Civil,63.42,Group 1 (Common),98.83,65.86,Group 1 (Common),63.85,0.0,0.0,0.0,0.0,98.83,0.24,0.0,0.63,0.0,65.0,62.88,60.55,-97,11.2
2026-09-07 09:23:23,Pasillo Decanato Eléctrica,60.6,Group 1 (Common),99.57,62.17,Group 1 (Common),60.48,0.0,0.0,0.0,0.0,99.57,0.0,0.0,0.13,0.0,62.12,60.52,58.11,-105,9.8
2026-09-07 09:23:26,Laboratorios Civil Superior,56.05,Group 1 (Common),81.94,60.71,Group 1 (Common),57.44,0.0,0.0,0.0,0.0,81.94,3.47,7.07,0.17,7.2,58.72,56.13,52.79,-119,0.8
2026-09-07 09:23:30,Salón - Uma Civil,60.79,Mixed,68.32,67.13,Group 4 (Person),0.0,43.96,0.0,63.69,0.0,0.78,68.32,0.22,26.74,3.95,68.16,44.78,41.12,-115,-0.5
2026-09-07 09:23:38,Salón - Extremo Civil,79.13,Mixed,63.98,82.8,Group 4 (Person),74.58,0.0,0.0,78.28,0.0,35.72,0.0,0.0,63.98,0.0,83.49,78.04,67.3,-93,13.2
2026-09-07 09:23:48,Salón - Extremo Eléctrica,70.03,Group 1 (Common),90.49,72.4,Group 1 (Common),69.84,0.0,0.0,0.0,0.0,90.49,0.0,0.0,9.46,0.04,72.5,69.8,64.58,-91,9.5
2026-09-07 09:23:52,Salón - Uma Eléctrica,74.94,Group 1 (Common),99.09,78.62,Group 1 (Common),75.77,0.0,0.0,0.0,0.0,99.09,0.0,0.0,0.65,0.0,76.17,74.79,74.06,-120,4.8
2026-09-07 09:24:03,Laboratorios Eléctrica Inferior,68.43,Mixed,58.07,70.1,Group 1 (Common),67.74,0.0,0.0,67.46,0.0,58.07,0.0,0.04,41.71,0.0,71.23,67.08,65.18,-108,7.8
2026-09-07 09:25:57,Laboratorios Civil Inferior,51.62,Mixed,62.72,53.4,Group 1 (Common),51.46,0.0,0.0,0.0,52.19,62.72,8.59,0.69,1.78,26.22,53.97,51.38,48.99,-120,-6.5
2026-09-07 09:28:03,Laboratorios Civil Central,69.31,Group 1 (Common),98.22,72.66,Group 1 (Common),69.17,0.0,0.0,0.0,0.0,98.22,0.04,0.0,0.09,1.39,73.54,66.75,63.55,-101,13.8
2026-09-07 09:28:04,Lobby Eléctrica,66.76,Group 1 (Common),94.1,68.95,Group 1 (Common),66.48,0.0,0.0,0.0,0.0,94.1,0.0,0.0,5.56,0.0,69.08,66.78,63.03,-115,-7.0
2026-09-07 09:28:10,Laboratorios Eléctrica Superior,63.81,Group 1 (Common),99.61,65.1,Group 1 (Common),63.04,0.0,0.0,0.0,0.0,99.61,0.0,0.0,0.04,0.0,65.55,63.81,60.79,-97,13.0
2026-09-07 09:28:13,Pasillo Decanato Civil,41.88,Silence,0.0,43.88,Silence,0.0,0.0,0.0,0.0,0.0,0.0,0.0,0.0,0.0,0.0,43.98,41.79,40.21,-99,7.5
2026-09-07 09:28:16,Lobby Civil,63.47,Group 1 (Common),98.22,66.2,Group 1 (Common),63.1,0.0,0.0,0.0,0.0,98.22,0.0,0.0,1.52,0.04,66.45,62.67,60.93,-96,12.8
2026-09-07 09:28:16,Pasillo Salones Eléctrica,72.41,Group 1 (Common),81.34,74.58,Group 1 (Common),72.35,0.0,0.0,71.76,0.0,81.34,0.0,0.0,18.62,0.0,75.66,71.64,67.11,-103,11.2
2026-09-07 09:28:19,Laboratorios Eléctrica Centro,69.16,Group 1 (Common),99.61,70.22,Group 1 (Common),69.23,0.0,0.0,0.0,0.0,99.61,0.0,0.04,0.04,0.0,70.66,68.77,67.48,-111,7.0
2026-09-07 09:28:21,Pasillo Salones Civil,63.61,Mixed,50.91,69.45,Group 4 (Person),63.68,0.0,0.0,67.67,0.0,50.91,1.22,0.0,47.74,0.0,66.94,63.2,61.38,-96,12.5
2026-09-07 09:28:23,Pasillo Decanato Eléctrica,67.57,Group 1 (Common),99.61,70.72,Group 1 (Common),65.97,0.0,0.0,0.0,0.0,99.61,0.0,0.0,0.04,0.0,70.99,66.66,58.24,-117,-4.2
2026-09-07 09:28:27,Laboratorios Civil Superior,58.13,Group 1 (Common),99.61,59.45,Group 1 (Common),57.75,0.0,0.0,0.0,0.0,99.61,0.0,0.05,0.05,0.0,59.74,58.15,56.88,-114,5.8
2026-09-07 09:28:30,Salón - Uma Civil,71.02,Group 4 (Person),99.61,75.1,Group 4 (Person),0.0,0.0,0.0,71.31,0.0,0.0,0.0,0.0,99.61,0.0,76.21,69.18,65.93,-101,8.8
2026-09-07 09:28:38,Salón - Extremo Civil,73.93,Mixed,58.46,75.53,Group 1 (Common),73.61,0.0,0.0,72.95,0.0,40.84,0.22,0.39,58.46,0.0,75.87,74.34,69.71,-95,13.2
2026-09-07 09:28:48,Salón - Extremo Eléctrica,68.64,Mixed,66.97,71.42,Group 1 (Common),68.45,0.0,0.0,68.61,0.0,66.97,0.0,0.0,33.03,0.0,71.77,68.72,64.82,-91,9.8
2026-09-07 09:28:52,Salón - Uma Eléctrica,72.35,Group 1 (Common),74.65,75.56,Group 4 (Person),71.67,0.0,0.0,74.21,0.0,74.65,0.0,0.0,25.17,0.0,75.59,71.6,69.3,-113,7.2
2026-09-07 09:29:03,Laboratorios Eléctrica Inferior,58.5,Group 1 (Common),86.89,60.46,Group 1 (Common),58.8,0.0,0.0,0.0,0.0,86.89,3.99,0.0,1.39,7.64,60.14,58.35,56.2,-108,4.0
2026-09-07 09:30:57,Laboratorios Civil Inferior,51.52,Group 1 (Common),77.13,54.12,Group 1 (Common),50.67,0.0,0.0,0.0,0.0,77.13,0.13,0.09,0.09,22.53,54.08,49.39,48.48,-114,-1.5
2026-09-07 09:33:03,Laboratorios Civil Central,65.73,Mixed,69.36,68.97,Group 1 (Common),64.79,0.0,0.0,0.0,0.0,69.36,9.68,0.04,2.78,18.23,69.11,64.77,63.98,-108,7.0
2026-09-07 09:33:04,Lobby Eléctrica,70.07,Group 1 (Common),98.7,71.14,Group 1 (Common),69.88,0.0,0.0,0.0,0.0,98.7,0.0,0.09,0.74,0.3,72.61,69.59,67.81,-109,6.5
2026-09-07 09:33:10,Laboratorios Eléctrica Superior,58.05,Mixed,63.98,63.58,Group 1 (Common),57.52,0.0,0.0,0.0,54.67,63.98,0.39,0.56,2.43,32.68,64.32,55.71,47.06,-97,12.5
2026-09-07 09:33:13,Pasillo Decanato Civil,50.96,Mixed,62.63,54.18,Group 1 (Common),51.11,0.0,48.57,0.0,0.0,32.77,3.52,62.63,0.17,1.04,54.92,50.87,46.16,-111,6.0
2026-09-07 09:33:16,Lobby Civil,63.11,Group 1 (Common),99.57,65.48,Group 1 (Common),63.19,0.0,0.0,0.0,0.0,99.57,0.0,0.0,0.09,0.0,66.22,62.17,61.12,-101,8.0
2026-09-07 09:33:16,Pasillo Salones Eléctrica,66.55,Group 1 (Common),99.61,71.41,Group 1 (Common),67.96,0.0,0.0,0.0,0.0,99.61,0.0,0.0,0.0,0.0,68.34,66.18,63.24,-102,9.8
2026-09-07 09:33:19,Laboratorios Eléctrica Centro,62.04,Group 5 (Vehicle),82.94,62.88,Group 1 (Common),62.71,0.0,0.0,0.0,61.78,16.93,0.0,0.0,0.09,82.94,63.01,61.74,61.12,-107,10.5
2026-09-07 09:33:21,Pasillo Salones Civil,60.08,Group 1 (Common),99.09,63.06,Group 1 (Common),59.44,0.0,0.0,0.0,0.0,99.09,0.13,0.09,0.69,0.0,62.92,59.25,56.5,-107,10.0
2026-09-07 09:33:23,Pasillo Decanato Eléctrica,56.91,Group 1 (Common),99.39,57.44,Group 1 (Common),56.99,0.0,0.0,0.0,0.0,99.39,0.0,0.0,0.09,0.3,57.23,56.88,56.42,-117,-10.0
2026-09-07 09:33:27,Laboratorios Civil Superior,56.59,Group 1 (Common),96.96,59.74,Group 1 (Common),55.53,0.0,0.0,0.0,0.0,96.96,0.04,0.0,0.09,2.73,59.93,56.29,51.62,-108,9.0
2026-09-07 09:33:30,Salón - Uma Civil,69.99,Mixed,35.59,73.13,Group 1 (Common),71.3,0.0,62.66,71.53,60.85,35.59,6.51,16.32,19.97,21.7,73.56,68.44,60.04,-107,9.8
2026-09-07 09:33:38,Salón - Extremo Civil,71.98,Mixed,63.41,73.98,Group 1 (Common),72.02,0.0,0.0,70.68,0.0,63.41,0.0,0.0,36.46,0.0,74.25,72.91,64.24,-91,13.0
2026-09-07 09:33:48,Salón - Extremo Eléctrica,58.55,Group 1 (Common),99.18,60.17,Group 1 (Common),58.12,0.0,0.0,0.0,0.0,99.18,0.13,0.0,0.56,0.0,61.2,57.61,56.79,-91,10.8
2026-09-07 09:33:52,Salón - Uma Eléctrica,55.09,Mixed,39.71,56.5,Group 1 (Common),55.9,54.39,0.0,0.0,52.88,37.93,6.6,5.3,10.42,39.71,56.65,54.97,51.89,-109,4.8
2026-09-07 09:34:03,Laboratorios Eléctrica Inferior,65.84,Group 1 (Common),99.48,68.28,Group 1 (Common),65.78,0.0,0.0,0.0,0.0,99.48,0.0,0.0,0.3,0.09,69.28,64.71,63.35,-115,2.0
2026-09-07 09:35:57,Laboratorios Civil Inferior,66.03,Group 1 (Common),82.71,68.32,Group 1 (Common),66.01,0.0,0.0,63.7,0.0,82.71,0.0,0.0,13.13,3.96,68.88,64.41,63.3,-115,-7.2
2026-09-07 09:38:03,Laboratorios Civil Central,69.63,Group 1 (Common),81.77,74.01,Group 1 (Common),67.67,0.0,0.0,0.0,0.0,81.77,4.04,0.0,3.95,10.24,74.26,65.54,63.48,-95,9.8
2026-09-07 09:38:04,Lobby Eléctrica,68.53,Group 1 (Common),99.57,70.81,Group 1 (Common),68.23,0.0,0.0,0.0,0.0,99.57,0.0,0.0,0.13,0.0,71.04,68.25,64.08,-107,9.5
2026-09-07 09:38:10,Laboratorios Eléctrica Superior,59.63,Group 1 (Common),84.81,61.67,Group 1 (Common),59.23,0.0,59.03,0.0,0.0,84.81,1.87,10.63,1.65,0.95,61.89,59.56,55.04,-97,12.5
2026-09-07 09:38:13,Pasillo Decanato Civil,41.41,Silence,0.0,42.19,Silence,0.0,0.0,0.0,0.0,0.0,0.0,0.0,0.0,0.0,0.0,42.11,41.64,40.4,-107,12.2
2026-09-07 09:38:16,Lobby Civil,66.09,Group 1 (Common),97.61,68.2,Group 1 (Common),65.61,0.0,0.0,0.0,0.0,97.61,0.61,0.0,1.61,0.0,68.09,66.03,63.14,-96,10.8
2026-09-07 09:38:17,Pasillo Salones Eléctrica,63.41,Mixed,58.98,66.53,Group 4 (Person),60.64,0.0,0.0,66.24,0.0,58.98,0.09,0.0,35.07,5.69,67.2,61.79,48.48,-107,9.5
2026-09-07 09:38:19,Laboratorios Eléctrica Centro,60.83,Group 5 (Vehicle),83.51,63.08,Group 5 (Vehicle),60.36,0.0,0.0,0.0,60.41,13.32,1.52,0.09,1.61,83.51,63.37,60.51,59.75,-108,6.5
2026-09-07 09:38:21,Pasillo Salones Civil,65.03,Mixed,49.57,69.55,Group 5 (Vehicle),60.03,0.0,0.0,67.73,67.72,49.57,0.3,1.26,14.24,34.38,70.24,60.56,56.06,-106,9.2
2026-09-07 09:38:23,Pasillo Decanato Eléctrica,57.15,Group 1 (Common),99.09,57.96,Group 1 (Common),57.02,0.0,0.0,0.0,0.0,99.09,0.39,0.0,0.09,0.35,57.66,57.24,56.48,-106,10.0
2026-09-07 09:38:27,Laboratorios Civil Superior,61.98,Group 1 (Common),99.61,64.26,Group 1 (Common),62.66,0.0,0.0,0.0,0.0,99.61,0.0,0.0,0.0,0.0,63.47,62.43,58.23,-105,6.0
2026-09-07 09:38:30,Salón - Uma Civil,68.45,Mixed,55.47,71.84,Group 4 (Person),69.92,0.0,0.0,68.72,0.0,44.27,0.0,0.0,55.47,0.0,73.25,65.86,59.57,-112,-4.8
2026-09-07 09:38:38,Salón - Extremo Civil,74.4,Mixed,57.55,78.82,Group 1 (Common),78.38,0.0,0.0,73.1,0.0,40.15,0.17,0.26,57.55,1.91,79.96,70.54,64.06,-84,12.5
2026-09-07 09:38:48,Salón - Extremo Eléctrica,41.6,Silence,0.0,45.86,Silence,0.0,0.0,0.0,0.0,0.0,0.0,0.0,0.0,0.0,0.0,46.3,40.4,36.4,-93,6.5
2026-09-07 09:38:52,Salón - Uma Eléctrica,61.37,Group 1 (Common),96.53,66.91,Group 1 (Common),58.5,0.0,0.0,0.0,0.0,96.53,0.0,0.0,3.3,0.0,67.56,57.29,54.82,-109,6.5
2026-09-07 09:39:03,Laboratorios Eléctrica Inferior,63.0,Group 1 (Common),86.5,67.51,Group 1 (Common),64.05,0.0,0.0,0.0,59.3,86.5,0.17,0.0,0.26,13.06,68.03,60.19,56.71,-111,6.5
2026-09-07 09:40:57,Laboratorios Civil Inferior,52.81,Group 1 (Common),95.53,55.66,Group 1 (Common),53.35,0.0,0.0,0.0,0.0,95.53,0.04,0.0,0.13,4.3,55.44,52.7,49.93,-119,-3.5
2026-09-07 09:43:03,Laboratorios Civil Central,64.34,Group 1 (Common),76.22,66.02,Group 1 (Common),64.71,0.0,0.0,0.0,64.22,76.22,0.74,0.0,0.87,22.31,64.7,64.37,63.98,-111,1.5
2026-09-07 09:43:04,Lobby Eléctrica,66.01,Mixed,67.4,67.65,Group 4 (Person),65.37,0.0,0.0,67.06,0.0,67.4,0.0,0.0,32.6,0.0,67.19,65.89,64.56,-96,12.5
2026-09-07 09:43:10,Laboratorios Eléctrica Superior,63.2,Group 1 (Common),99.61,65.67,Group 1 (Common),63.4,0.0,0.0,0.0,0.0,99.61,0.0,0.0,0.0,0.0,66.02,63.43,59.19,-97,11.8
2026-09-07 09:43:13,Pasillo Decanato Civil,48.98,Mixed,31.88,49.59,Group 2 (Impact),48.73,49.33,48.84,0.0,49.02,31.15,31.88,15.28,1.03,20.65,50.14,48.82,48.0,-107,5.0
2026-09-07 09:43:16,Lobby Civil,67.98,Group 1 (Common),99.48,71.9,Group 1 (Common),68.81,0.0,0.0,0.0,0.0,99.48,0.09,0.0,0.26,0.0,71.59,68.04,61.79,-96,11.8
2026-09-07 09:43:17,Pasillo Salones Eléctrica,62.11,Mixed,67.71,65.66,Group 1 (Common),62.57,55.72,0.0,61.35,0.0,67.71,9.9,0.13,22.18,0.0,66.43,60.45,54.43,-97,13.2
2026-09-07 09:43:19,Laboratorios Eléctrica Centro,61.78,Mixed,55.86,62.45,Group 1 (Common),61.95,0.0,0.0,0.0,61.43,55.86,0.04,0.0,0.17,43.88,62.57,61.74,61.17,-102,9.2
2026-09-07 09:43:21,Pasillo Salones Civil,66.33,Group 1 (Common),77.3,69.25,Group 1 (Common),66.32,0.0,0.0,62.8,0.0,77.3,0.0,0.0,22.48,0.0,69.38,66.14,61.92,-103,-3.2
2026-09-07 09:43:23,Pasillo Decanato Eléctrica,62.36,Mixed,47.35,64.49,Group 4 (Person),61.79,61.73,0.0,64.33,0.0,47.35,15.02,7.47,16.71,13.37,65.59,61.82,60.08,-107,12.0
2026-09-07 09:43:27,Laboratorios Civil Superior,59.99,Group 1 (Common),99.39,61.61,Group 1 (Common),59.72,0.0,0.0,0.0,0.0,99.39,0.22,0.09,0.04,0.09,62.19,59.4,57.33,-108,5.0
2026-09-07 09:43:31,Salón - Uma Civil,70.63,Group 4 (Person),91.28,73.42,Group 4 (Person),0.0,49.98,0.0,69.79,0.0,1.0,7.38,0.0,91.28,0.0,73.93,69.78,62.93,-115,2.5
2026-09-07 09:43:38,Salón - Extremo Civil,66.89,Mixed,66.93,70.54,Group 1 (Common),68.3,0.0,0.0,64.11,0.0,32.81,0.04,0.04,66.93,0.0,71.53,63.82,56.83,-120,-12.8
2026-09-07 09:43:48,Salón - Extremo Eléctrica,48.77,Mixed,53.34,50.88,Group 3 (Rotary Tool),49.23,46.37,49.87,0.0,0.0,17.66,53.34,25.95,0.61,2.56,51.24,48.44,45.41,-87,10.0
2026-09-07 09:43:52,Salón - Uma Eléctrica,64.75,Mixed,58.68,71.65,Group 1 (Common),65.02,0.0,0.0,67.26,0.0,58.68,9.64,0.09,29.77,1.74,72.16,52.04,42.48,-109,7.2
2026-09-07 09:44:03,Laboratorios Eléctrica Inferior,57.74,Group 1 (Common),93.45,59.45,Group 1 (Common),57.76,0.0,0.0,0.0,0.0,93.45,0.13,0.0,0.61,5.6,59.47,57.72,55.52,-119,-1.2
2026-09-07 09:45:57,Laboratorios Civil Inferior,61.84,Group 1 (Common),98.74,64.78,Group 1 (Common),62.05,0.0,0.0,0.0,0.0,98.74,0.04,0.74,0.0,0.17,64.77,61.51,59.22,-118,-2.8
2026-09-07 09:48:03,Laboratorios Civil Central,66.92,Group 1 (Common),87.33,68.06,Group 1 (Common),66.57,0.0,0.0,0.0,0.0,87.33,0.04,0.04,0.13,12.24,67.86,67.41,63.9,-103,11.2
2026-09-07 09:48:04,Lobby Eléctrica,62.21,Group 1 (Common),99.52,66.87,Group 1 (Common),63.59,0.0,0.0,0.0,0.0,99.52,0.0,0.13,0.13,0.0,64.86,62.27,59.55,-114,4.5
2026-09-07 09:48:10,Laboratorios Eléctrica Superior,48.14,Group 1 (Common),83.12,50.42,Group 1 (Common),48.52,0.0,0.0,0.0,0.0,83.12,0.13,0.0,0.0,16.67,50.27,47.98,45.16,-99,7.8
2026-09-07 09:48:13,Pasillo Decanato Civil,47.74,Group 1 (Common),99.46,49.52,Group 1 (Common),48.11,0.0,0.0,0.0,0.0,99.46,0.15,0.0,0.0,0.2,48.66,47.63,46.78,-102,11.2
2026-09-07 09:48:16,Lobby Civil,72.6,Group 1 (Common),93.23,75.11,Group 1 (Common),72.75,0.0,0.0,0.0,0.0,93.23,0.0,0.39,6.25,0.0,75.67,72.0,70.52,-101,11.8
2026-09-07 09:48:17,Pasillo Salones Eléctrica,58.26,Group 1 (Common),81.9,61.02,Group 1 (Common),58.82,0.0,0.0,0.0,59.18,81.9,1.22,3.39,4.43,8.77,60.53,58.54,54.46,-99,13.2
2026-09-07 09:48:19,Laboratorios Eléctrica Centro,65.45,Group 1 (Common),76.48,67.05,Group 1 (Common),65.35,0.0,0.0,0.0,61.29,76.48,4.99,0.3,1.3,16.71,67.11,65.15,61.5,-107,-0.2
2026-09-07 09:48:21,Pasillo Salones Civil,61.13,Group 1 (Common),99.61,64.08,Group 1 (Common),61.77,0.0,0.0,0.0,0.0,99.61,0.0,0.0,0.0,0.0,64.2,60.25,58.21,-99,7.2
2026-09-07 09:48:23,Pasillo Decanato Eléctrica,56.53,Group 1 (Common),99.0,57.7,Group 1 (Common),56.66,0.0,0.0,0.0,0.0,99.0,0.04,0.0,0.04,0.65,57.07,56.62,55.88,-97,-2.5
2026-09-07 09:48:27,Laboratorios Civil Superior,57.69,Group 1 (Common),98.57,61.43,Group 1 (Common),58.84,0.0,0.0,0.0,0.0,98.57,0.0,0.0,0.0,1.04,60.52,57.29,54.25,-113,9.5
2026-09-07 09:48:31,Salón - Uma Civil,64.39,Mixed,60.94,68.12,Group 4 (Person),63.79,51.53,0.0,64.5,0.0,60.94,6.73,1.65,26.65,4.04,68.87,62.94,53.18,-105,11.8
2026-09-07 09:48:38,Salón - Extremo Civil,46.69,Group 2 (Impact),93.23,50.6,Group 2 (Impact),0.0,46.86,0.0,0.0,0.0,4.56,93.23,0.04,0.22,2.0,51.8,45.26,41.32,-96,9.2
2026-09-07 09:48:48,Salón - Extremo Eléctrica,55.63,Group 1 (Common),98.7,57.75,Group 1 (Common),55.78,0.0,0.0,0.0,0.0,98.7,0.35,0.39,0.26,0.26,58.14,55.19,51.33,-93,10.2
2026-09-07 09:48:52,Salón - Uma Eléctrica,59.83,Group 4 (Person),90.41,66.77,Group 4 (Person),52.72,0.0,0.0,63.22,0.0,6.47,2.91,0.0,90.41,0.0,65.0,59.51,42.87,-106,8.0
2026-09-07 09:49:03,Laboratorios Eléctrica Inferior,54.57,Mixed,61.63,55.75,Group 1 (Common),55.39,0.0,0.0,0.0,54.43,33.07,1.48,0.04,3.82,61.63,56.16,54.17,53.7,-120,-3.0
2026-09-07 09:50:57,Laboratorios Civil Inferior,50.28,Mixed,49.26,51.36,Group 1 (Common),50.48,49.95,0.0,0.0,50.34,49.26,21.22,0.04,3.21,26.35,51.5,49.91,48.6,-120,-6.5
2026-09-07 09:53:03,Laboratorios Civil Central,63.85,Mixed,68.45,64.51,Group 1 (Common),63.94,0.0,0.0,0.0,63.6,68.45,13.28,0.0,2.95,15.36,64.34,63.93,63.39,-101,13.5
2026-09-07 09:53:04,Lobby Eléctrica,60.55,Group 1 (Common),93.84,62.12,Group 1 (Common),60.71,0.0,0.0,0.0,0.0,93.84,0.0,0.0,6.03,0.0,61.95,61.05,56.73,-107,5.8
2026-09-07 09:53:10,Laboratorios Eléctrica Superior,59.5,Group 1 (Common),88.5,60.9,Group 1 (Common),59.16,0.0,0.0,0.0,58.88,88.5,0.09,0.04,0.04,11.15,60.93,59.72,56.28,-99,13.2
2026-09-07 09:53:13,Pasillo Decanato Civil,49.62,Group 1 (Common),99.61,50.94,Group 1 (Common),49.78,0.0,0.0,0.0,0.0,99.61,0.04,0.0,0.0,0.09,50.86,49.39,48.55,-102,10.5
2026-09-07 09:53:16,Lobby Civil,72.11,Mixed,42.32,73.59,Group 5 (Vehicle),72.17,0.0,0.0,71.17,73.12,42.32,0.35,5.34,35.07,16.8,73.75,71.65,70.02,-101,7.5
2026-09-07 09:53:17,Pasillo Salones Eléctrica,58.3,Group 1 (Common),99.61,61.86,Group 1 (Common),58.85,0.0,0.0,0.0,0.0,99.61,0.0,0.0,0.0,0.0,62.44,56.65,53.67,-105,11.5
2026-09-07 09:53:19,Laboratorios Eléctrica Centro,69.31,Group 1 (Common),90.19,72.79,Group 1 (Common),69.16,0.0,0.0,0.0,72.13,90.19,0.0,0.04,0.09,9.46,73.5,67.36,65.1,-105,5.8
2026-09-07 09:53:21,Pasillo Salones Civil,55.63,Group 1 (Common),99.05,58.15,Group 1 (Common),56.75,0.0,0.0,0.0,0.0,99.05,0.0,0.52,0.26,0.0,57.12,55.93,53.18,-90,11.8
2026-09-07 09:53:23,Pasillo Decanato Eléctrica,57.72,Group 1 (Common),98.78,59.66,Group 1 (Common),57.06,0.0,0.0,0.0,0.0,98.78,0.05,0.0,0.39,0.63,60.55,57.1,56.24,-105,11.5
2026-09-07 09:53:27,Laboratorios Civil Superior,53.69,Mixed,42.66,56.51,Group 1 (Common),53.21,52.54,54.08,0.0,0.0,27.56,42.66,8.42,6.38,15.06,57.03,53.09,50.85,-115,2.5
2026-09-07 09:53:31,Salón - Uma Civil,46.35,Mixed,38.62,52.04,Group 2 (Impact),47.65,49.52,0.0,0.0,46.53,38.62,17.43,1.32,10.74,31.93,48.68,44.9,42.78,-113,5.5
2026-09-07 09:53:38,Salón - Extremo Civil,77.19,Group 1 (Common),95.31,79.99,Group 1 (Common),76.26,0.0,0.0,0.0,0.0,95.31,0.29,0.0,4.1,0.24,81.36,76.3,63.95,-101,13.0
2026-09-07 09:53:48,Salón - Extremo Eléctrica,54.25,Mixed,67.92,57.13,Group 4 (Person),0.0,50.68,0.0,57.09,0.0,0.44,67.92,0.15,22.75,8.64,58.46,53.61,42.77,-93,10.5
2026-09-07 09:53:52,Salón - Uma Eléctrica,54.57,Group 2 (Impact),80.52,61.01,Group 4 (Person),0.0,51.45,0.0,59.82,0.0,1.51,80.52,0.0,17.53,0.49,62.48,48.13,42.46,-115,2.5
2026-09-07 09:54:03,Laboratorios Eléctrica Inferior,58.44,Group 1 (Common),84.03,60.38,Group 1 (Common),58.57,0.0,0.0,0.0,56.08,84.03,0.13,0.09,0.3,15.41,60.56,57.62,56.7,-119,-2.5
2026-09-07 09:55:57,Laboratorios Civil Inferior,50.25,Mixed,65.19,51.62,Group 5 (Vehicle),49.39,0.0,0.0,0.0,50.47,31.77,1.56,0.04,1.39,65.19,51.99,50.2,48.18,-109,-12.8
2026-09-07 09:58:03,Laboratorios Civil Central,65.01,Group 1 (Common),86.91,65.66,Group 1 (Common),64.95,0.0,0.0,0.0,0.0,86.91,2.05,0.0,0.73,10.4,65.75,64.93,64.04,-107,5.8
2026-09-07 09:58:04,Lobby Eléctrica,56.17,Group 1 (Common),97.79,59.57,Group 1 (Common),55.6,0.0,0.0,0.0,0.0,97.79,0.82,0.61,0.43,0.35,60.69,55.81,52.1,-99,13.0
2026-09-07 09:58:10,Laboratorios Eléctrica Superior,56.67,Group 5 (Vehicle),72.66,62.14,Group 5 (Vehicle),53.99,0.0,0.0,0.0,58.1,20.31,3.13,2.39,1.32,72.66,63.86,51.1,49.57,-102,11.0
2026-09-07 09:58:13,Pasillo Decanato Civil,50.42,Group 1 (Common),96.4,52.27,Group 1 (Common),50.83,0.0,0.0,0.0,0.0,96.4,0.3,2.99,0.04,0.13,52.99,50.04,48.97,-108,8.5
2026-09-07 09:58:16,Lobby Civil,69.19,Mixed,50.87,76.43,Group 3 (Rotary Tool),69.33,0.0,76.28,69.87,0.0,50.87,2.95,20.31,25.78,0.13,72.48,69.21,65.57,-99,12.5
2026-09-07 09:58:17,Pasillo Salones Eléctrica,60.35,Group 1 (Common),99.57,62.44,Group 1 (Common),59.83,0.0,0.0,0.0,0.0,99.57,0.09,0.0,0.0,0.0,62.64,60.47,57.49,-101,8.8
2026-09-07 09:58:19,Laboratorios Eléctrica Centro,67.37,Group 1 (Common),99.61,69.88,Group 1 (Common),67.16,0.0,0.0,0.0,0.0,99.61,0.0,0.0,0.0,0.0,70.51,66.31,63.78,-113,0.8
2026-09-07 09:58:21,Pasillo Salones Civil,72.97,Mixed,48.93,73.44,Group 2 (Impact),0.0,73.4,72.89,72.55,72.64,0.0,12.99,28.13,10.01,48.93,73.52,72.86,72.48,-107,8.5
2026-09-07 09:58:24,Pasillo Decanato Eléctrica,57.08,Group 1 (Common),99.57,57.76,Group 1 (Common),57.02,0.0,0.0,0.0,0.0,99.57,0.0,0.0,0.17,0.0,57.69,57.1,56.37,-103,11.2
2026-09-07 09:58:27,Laboratorios Civil Superior,61.38,Group 1 (Common),74.96,66.33,Group 1 (Common),62.17,54.32,0.0,0.0,59.85,74.96,10.11,0.0,0.87,13.98,66.3,55.31,51.79,-109,4.5
2026-09-07 09:58:31,Salón - Uma Civil,74.91,Mixed,52.26,79.71,Group 4 (Person),71.09,0.0,0.0,76.14,78.01,40.28,0.04,0.0,52.26,7.34,79.66,71.18,65.41,-105,11.2
2026-09-07 09:58:38,Salón - Extremo Civil,77.66,Group 1 (Common),92.4,80.11,Group 1 (Common),76.81,0.0,0.0,0.0,0.0,92.4,0.82,0.0,6.38,0.26,80.55,76.77,63.7,-89,12.5
2026-09-07 09:58:48,Salón - Extremo Eléctrica,53.44,Mixed,31.51,62.2,Group 5 (Vehicle),40.92,42.88,0.0,45.31,43.25,20.27,13.89,4.17,31.51,30.03,63.93,44.28,38.57,-90,10.5
2026-09-07 09:58:52,Salón - Uma Eléctrica,41.37,Silence,0.0,43.56,Silence,0.0,0.0,0.0,0.0,0.0,0.0,0.0,0.0,0.0,0.0,43.58,40.83,38.77,-113,8.2
2026-09-07 09:59:03,Laboratorios Eléctrica Inferior,58.3,Mixed,64.06,60.31,Group 1 (Common),58.88,0.0,0.0,0.0,56.55,64.06,0.83,0.0,1.86,33.25,60.46,57.44,55.25,-103,10.2
2026-09-07 10:00:57,Laboratorios Civil Inferior,52.48,Group 5 (Vehicle),71.35,54.68,Group 5 (Vehicle),51.71,0.0,0.0,0.0,53.11,28.52,0.04,0.0,0.04,71.35,54.7,51.93,50.04,-120,-8.2
2026-09-07 10:03:03,Laboratorios Civil Central,72.69,Mixed,57.13,73.13,Group 5 (Vehicle),0.0,0.0,72.69,0.0,72.7,0.0,3.52,36.96,2.34,57.13,73.09,72.69,71.93,-117,-10.8
2026-09-07 10:03:12,Lobby Eléctrica,61.78,Group 1 (Common),98.91,64.07,Group 1 (Common),61.4,0.0,0.0,0.0,0.0,98.91,0.04,0.0,0.22,0.61,64.8,61.13,59.52,-111,1.8
2026-09-07 10:03:12,Laboratorios Eléctrica Superior,48.69,Group 1 (Common),88.77,49.95,Group 1 (Common),48.82,0.0,0.0,0.0,0.0,88.77,1.51,0.0,0.34,9.38,49.84,48.58,47.68,-105,11.0
2026-09-07 10:03:13,Pasillo Decanato Civil,50.77,Mixed,62.33,53.87,Group 1 (Common),53.21,0.0,50.48,0.0,0.0,36.15,0.39,62.33,0.09,1.13,52.66,50.32,48.19,-107,10.2
2026-09-07 10:03:16,Lobby Civil,74.47,Mixed,48.7,76.72,Group 1 (Common),75.1,71.2,0.0,0.0,73.04,48.7,8.51,3.39,8.51,30.82,76.94,73.31,71.93,-119,9.0
2026-09-07 10:03:17,Pasillo Salones Eléctrica,56.33,Group 1 (Common),86.28,57.7,Group 1 (Common),56.74,0.0,55.34,0.0,0.0,86.28,0.69,9.33,3.73,0.0,57.82,56.31,53.86,-108,8.8
2026-09-07 10:03:19,Laboratorios Eléctrica Centro,65.1,Group 1 (Common),76.32,66.86,Group 1 (Common),65.29,0.0,0.0,0.0,64.65,76.32,0.0,0.0,0.05,23.39,66.82,64.16,62.62,-106,7.5
2026-09-07 10:03:21,Pasillo Salones Civil,58.53,Group 1 (Common),99.61,59.58,Group 1 (Common),58.88,0.0,0.0,0.0,0.0,99.61,0.0,0.0,0.0,0.05,59.34,58.39,57.85,-93,12.5
2026-09-07 10:03:24,Pasillo Decanato Eléctrica,60.75,Group 1 (Common),99.52,61.88,Group 1 (Common),61.02,0.0,0.0,0.0,0.0,99.52,0.0,0.0,0.22,0.0,61.91,60.95,58.66,-107,8.8
2026-09-07 10:03:27,Laboratorios Civil Superior,66.11,Mixed,53.43,70.75,Group 1 (Common),65.65,64.17,0.0,0.0,63.43,8.94,53.43,10.2,6.08,21.31,71.56,64.17,63.44,-111,6.8
2026-09-07 10:03:31,Salón - Uma Civil,67.55,Group 1 (Common),81.68,72.44,Group 1 (Common),65.08,0.0,0.0,68.06,0.0,81.68,2.39,0.0,15.8,0.09,73.92,63.28,43.31,-117,
2026-09-07 10:03:38,Salón - Extremo Civil,76.34,Group 1 (Common),99.39,80.26,Group 1 (Common),77.3,0.0,0.0,0.0,0.0,99.39,0.0,0.0,0.43,0.0,78.87,76.28,73.74,-93,12.2
2026-09-07 10:03:48,Salón - Extremo Eléctrica,67.78,Group 4 (Person),77.65,71.98,Group 4 (Person),37.36,0.0,0.0,68.58,0.0,13.28,8.38,0.0,77.65,0.43,72.58,65.22,37.04,-93,10.5
2026-09-07 10:03:52,Salón - Uma Eléctrica,40.75,Silence,0.0,43.18,Silence,0.0,0.0,0.0,0.0,0.0,0.0,0.0,0.0,0.0,0.0,44.44,40.91,37.4,-108,6.5
2026-09-07 10:04:03,Laboratorios Eléctrica Inferior,55.68,Mixed,54.3,57.01,Group 1 (Common),56.29,0.0,0.0,0.0,55.48,54.3,0.05,0.0,0.73,44.73,56.5,55.74,54.51,-111,6.8
2026-09-07 10:05:57,Laboratorios Civil Inferior,74.55,Mixed,67.8,75.17,Group 5 (Vehicle),0.0,0.0,74.46,0.0,74.75,0.0,7.9,22.7,1.56,67.8,75.22,74.66,73.59,-121,-8.8
2026-09-07 10:08:03,Laboratorios Civil Central,67.67,Mixed,45.01,68.22,Group 5 (Vehicle),67.95,67.51,0.0,0.0,67.7,18.06,26.17,3.43,7.29,45.01,68.4,67.69,66.99,-105,11.5
2026-09-07 10:08:04,Lobby Eléctrica,62.09,Group 1 (Common),98.05,65.31,Group 1 (Common),62.3,0.0,0.0,0.0,0.0,98.05,0.1,1.56,0.1,0.05,65.23,60.69,58.22,-97,12.5
2026-09-07 10:08:10,Laboratorios Eléctrica Superior,63.25,Group 1 (Common),99.61,65.68,Group 1 (Common),62.92,0.0,0.0,0.0,0.0,99.61,0.04,0.0,0.04,0.0,65.95,63.32,59.75,-99,13.0
2026-09-07 10:08:13,Pasillo Decanato Civil,57.84,Mixed,68.84,60.29,Group 1 (Common),57.92,0.0,0.0,59.66,0.0,68.84,15.84,1.82,12.93,0.52,61.38,57.25,53.24,-103,12.2
2026-09-07 10:08:20,Lobby Civil,59.76,Group 1 (Common),84.42,64.0,Group 5 (Vehicle),58.09,0.0,0.0,0.0,63.43,84.42,3.27,0.0,0.1,11.96,64.52,56.16,53.65,-99,12.2
2026-09-07 10:08:20,Pasillo Salones Eléctrica,58.08,Group 1 (Common),94.82,64.66,Group 1 (Common),60.48,0.0,0.0,0.0,0.0,94.82,0.0,0.0,4.88,0.0,63.58,55.41,52.51,-109,9.5
2026-09-07 10:08:20,Laboratorios Eléctrica Centro,63.01,Mixed,65.06,64.32,Group 1 (Common),63.47,0.0,0.0,0.0,62.92,65.06,0.0,0.0,0.17,34.68,64.29,63.1,61.31,-103,9.8
2026-09-07 10:08:21,Pasillo Salones Civil,66.2,Group 1 (Common),98.87,68.69,Group 1 (Common),66.75,0.0,0.0,0.0,0.0,98.87,0.0,0.52,0.3,0.0,68.48,66.13,60.27,-95,12.8
2026-09-07 10:08:24,Pasillo Decanato Eléctrica,65.12,Mixed,61.46,71.09,Group 4 (Person),59.45,0.0,0.0,68.9,0.0,61.46,2.6,0.0,35.72,0.09,72.68,58.74,55.91,-103,10.8
2026-09-07 10:08:27,Laboratorios Civil Superior,77.04,Mixed,37.94,78.3,Group 4 (Person),0.0,0.0,77.51,77.74,76.57,3.61,0.39,27.34,30.66,37.94,78.22,77.02,73.9,-113,6.8
2026-09-07 10:08:31,Salón - Uma Civil,67.29,Mixed,50.3,71.07,Group 1 (Common),69.02,0.0,63.92,66.12,0.0,50.3,0.13,7.9,41.45,0.13,71.92,65.6,60.45,-117,-0.5
2026-09-07 10:08:38,Salón - Extremo Civil,67.52,Group 1 (Common),98.22,76.41,Group 1 (Common),70.96,0.0,0.0,0.0,0.0,98.22,0.26,0.0,1.22,0.26,73.34,64.67,57.99,-89,13.2
2026-09-07 10:08:48,Salón - Extremo Eléctrica,38.57,Silence,0.0,59.0,Silence,0.0,0.0,0.0,0.0,0.0,0.0,0.0,0.0,0.0,0.0,42.53,37.54,34.48,-85,9.2
2026-09-07 10:08:52,Salón - Uma Eléctrica,67.95,Group 4 (Person),87.72,72.88,Group 4 (Person),66.12,0.0,0.0,67.86,0.0,11.59,0.48,0.0,87.72,0.0,74.03,63.77,57.21,-111,-5.5
2026-09-07 10:09:03,Laboratorios Eléctrica Inferior,57.17,Group 1 (Common),75.22,58.49,Group 1 (Common),56.89,0.0,0.0,0.0,56.11,75.22,0.35,0.13,3.21,20.96,58.97,56.8,55.8,-109,1.0
2026-09-07 10:10:57,Laboratorios Civil Inferior,60.06,Mixed,42.45,61.46,Group 1 (Common),61.02,0.0,0.0,0.0,59.26,42.45,5.56,4.08,9.9,37.98,61.16,59.57,59.02,-119,-5.5
2026-09-07 10:13:03,Laboratorios Civil Central,64.18,Mixed,58.03,65.58,Group 2 (Impact),0.0,64.57,0.0,0.0,64.42,4.77,31.08,1.74,4.38,58.03,64.98,64.08,63.43,-114,-0.8
2026-09-07 10:13:04,Lobby Eléctrica,62.87,Group 1 (Common),85.3,67.84,Group 1 (Common),64.92,0.0,59.54,0.0,0.0,85.3,0.0,14.45,0.0,0.0,66.34,59.86,59.5,-101,9.2
2026-09-07 10:13:10,Laboratorios Eléctrica Superior,56.41,Mixed,48.22,61.33,Group 3 (Rotary Tool),51.64,0.0,60.14,0.0,50.07,48.22,4.86,21.88,1.17,23.78,62.13,52.5,49.05,-97,13.0
2026-09-07 10:13:13,Pasillo Decanato Civil,68.13,Mixed,39.76,68.51,Group 3 (Rotary Tool),0.0,67.98,67.98,0.0,68.15,0.0,31.21,39.76,5.51,23.57,68.54,68.26,67.28,-103,10.8
2026-09-07 10:13:16,Lobby Civil,59.15,Group 1 (Common),95.46,61.09,Group 1 (Common),59.8,0.0,0.0,0.0,0.0,95.46,0.0,0.0,0.0,4.39,61.24,59.26,55.56,-101,12.0
2026-09-07 10:13:17,Pasillo Salones Eléctrica,66.29,Group 1 (Common),87.5,68.19,Group 1 (Common),65.88,0.0,0.0,65.38,0.0,87.5,0.0,0.0,12.26,0.0,68.43,65.64,62.56,-107,9.0
2026-09-07 10:13:19,Laboratorios Eléctrica Centro,61.69,Mixed,64.45,66.76,Group 1 (Common),65.68,0.0,0.0,0.0,60.81,34.07,0.35,0.13,0.91,64.45,65.23,60.61,59.74,-103,10.2
2026-09-07 10:13:27,Pasillo Salones Civil,66.18,Group 1 (Common),90.76,69.46,Group 1 (Common),66.55,0.0,0.0,0.0,0.0,90.76,1.04,0.0,8.12,0.0,69.43,64.63,61.89,-109,10.0
2026-09-07 10:13:27,Pasillo Decanato Eléctrica,56.75,Group 1 (Common),98.65,59.79,Group 1 (Common),57.27,0.0,0.0,0.0,0.0,98.65,0.13,0.65,0.3,0.09,57.53,56.67,55.64,-107,8.8
2026-09-07 10:13:27,Laboratorios Civil Superior,58.8,Group 1 (Common),99.61,62.17,Group 1 (Common),59.86,0.0,0.0,0.0,0.0,99.61,0.0,0.0,0.1,0.0,62.13,58.14,54.95,-108,9.0
2026-09-07 10:13:31,Salón - Uma Civil,65.86,Mixed,67.01,69.89,Group 4 (Person),55.73,0.0,0.0,66.97,0.0,31.94,0.78,0.0,67.01,0.04,71.4,65.24,54.96,-115,3.5
2026-09-07 10:13:38,Salón - Extremo Civil,58.87,Mixed,60.07,63.46,Group 1 (Common),60.41,0.0,0.0,58.65,0.0,60.07,7.03,12.28,15.67,4.86,61.85,58.96,55.5,-87,12.0
2026-09-07 10:13:48,Salón - Extremo Eléctrica,62.92,Mixed,47.61,67.67,Group 4 (Person),48.19,0.0,0.0,64.08,0.0,47.61,7.03,0.09,45.01,0.13,68.32,60.41,45.34,-90,9.8
2026-09-07 10:13:52,Salón - Uma Eléctrica,61.78,Mixed,47.92,63.9,Group 5 (Vehicle),59.1,62.01,0.0,0.0,63.99,47.92,34.24,0.0,5.51,12.11,64.62,60.52,54.82,-117,4.0
2026-09-07 10:14:03,Laboratorios Eléctrica Inferior,59.23,Group 1 (Common),98.7,61.75,Group 1 (Common),59.66,0.0,0.0,0.0,0.0,98.7,0.0,0.04,1.09,0.26,60.58,58.61,57.26,-118,-4.5
2026-09-07 10:15:57,Laboratorios Civil Inferior,54.46,Mixed,51.61,56.26,Group 2 (Impact),52.7,54.49,0.0,0.0,53.99,14.36,51.61,0.44,1.66,31.98,56.59,53.19,52.64,-114,-7.0
2026-09-07 10:18:03,Laboratorios Civil Central,66.26,Group 1 (Common),89.11,67.61,Group 1 (Common),65.78,0.0,0.0,0.0,0.0,89.11,0.3,0.0,0.69,9.72,68.43,65.43,64.53,-96,10.8
2026-09-07 10:18:04,Lobby Eléctrica,65.07,Group 1 (Common),99.61,66.42,Group 1 (Common),65.02,0.0,0.0,0.0,0.0,99.61,0.0,0.0,0.0,0.0,66.81,65.34,63.39,-96,12.0
2026-09-07 10:18:10,Laboratorios Eléctrica Superior,61.94,Group 1 (Common),98.78,63.35,Group 1 (Common),61.65,0.0,0.0,0.0,0.0,98.78,0.0,0.09,0.48,0.52,63.77,62.26,56.19,-101,9.0
2026-09-07 10:18:13,Pasillo Decanato Civil,47.87,Mixed,62.15,49.03,Group 1 (Common),48.03,0.0,47.96,0.0,0.0,35.72,1.39,62.15,0.0,0.78,49.25,47.8,45.83,-105,12.8
2026-09-07 10:18:16,Lobby Civil,71.96,Group 1 (Common),81.34,72.57,Group 1 (Common),71.86,0.0,0.0,0.0,72.39,81.34,0.95,0.35,4.04,13.28,72.63,71.77,70.87,-99,12.2
2026-09-07 10:18:17,Pasillo Salones Eléctrica,53.5,Mixed,64.37,59.29,Group 1 (Common),51.89,0.0,43.87,0.0,0.0,64.37,3.73,25.13,0.3,6.47,60.48,46.58,43.4,-94,12.2
2026-09-07 10:18:20,Laboratorios Eléctrica Centro,65.63,Group 1 (Common),96.61,68.6,Group 1 (Common),66.17,0.0,0.0,0.0,0.0,96.61,0.0,0.13,0.0,2.99,68.95,64.66,61.35,-107,9.2
2026-09-07 10:18:21,Pasillo Salones Civil,61.72,Group 1 (Common),98.44,64.67,Group 1 (Common),62.07,0.0,0.0,0.0,0.0,98.44,0.09,0.0,0.39,0.87,64.86,60.78,59.4,-102,11.0
2026-09-07 10:18:24,Pasillo Decanato Eléctrica,59.34,Group 1 (Common),99.57,61.38,Group 1 (Common),59.19,0.0,0.0,0.0,0.0,99.57,0.0,0.0,0.17,0.04,61.87,58.41,56.83,-121,0.5
2026-09-07 10:18:27,Laboratorios Civil Superior,58.13,Group 1 (Common),99.39,61.24,Group 1 (Common),58.53,0.0,0.0,0.0,0.0,99.39,0.0,0.13,0.0,0.22,61.28,57.12,54.77,-103,9.8
2026-09-07 10:18:31,Salón - Uma Civil,69.52,Mixed,62.54,72.51,Group 4 (Person),66.72,0.0,0.0,67.45,70.73,26.26,0.52,0.0,62.54,10.55,73.73,67.61,59.72,-103,10.0
2026-09-07 10:18:38,Salón - Extremo Civil,56.91,Mixed,67.06,60.06,Group 1 (Common),58.01,54.6,0.0,56.77,0.0,67.06,20.36,0.0,12.54,0.0,60.15,55.2,51.71,-90,12.8
2026-09-07 10:18:48,Salón - Extremo Eléctrica,63.36,Mixed,65.15,66.91,Group 1 (Common),64.57,0.0,0.0,60.6,0.0,65.15,0.0,0.0,34.59,0.0,67.53,61.41,50.81,-90,8.0
2026-09-07 10:18:52,Salón - Uma Eléctrica,71.53,Mixed,59.64,74.29,Group 1 (Common),72.52,0.0,0.0,69.21,0.0,59.64,0.17,0.0,39.97,0.0,75.34,71.47,63.52,-111,2.5
2026-09-07 10:19:03,Laboratorios Eléctrica Inferior,67.73,Mixed,58.59,69.54,Group 1 (Common),67.99,0.0,0.0,68.41,67.96,58.59,0.0,0.52,20.23,20.62,70.33,67.71,63.12,-117,1.2
2026-09-07 10:20:57,Laboratorios Civil Inferior,59.01,Group 1 (Common),98.68,62.76,Group 1 (Common),59.38,0.0,0.0,0.0,0.0,98.68,0.63,0.0,0.54,0.0,62.77,56.31,51.69,-121,-5.2
2026-09-07 10:23:03,Laboratorios Civil Central,74.79,Group 1 (Common),99.61,77.41,Group 1 (Common),75.19,0.0,0.0,0.0,0.0,99.61,0.0,0.0,0.0,0.0,77.59,74.14,69.57,-101,9.0
2026-09-07 10:23:04,Lobby Eléctrica,64.98,Group 1 (Common),98.7,67.65,Group 1 (Common),64.87,0.0,0.0,0.0,0.0,98.7,0.0,0.0,1.13,0.0,68.53,63.08,61.65,-91,11.5
2026-09-07 10:23:10,Laboratorios Eléctrica Superior,60.74,Group 1 (Common),94.79,62.26,Group 1 (Common),60.23,0.0,0.0,0.0,0.0,94.79,0.0,3.13,1.95,0.0,62.96,60.21,56.82,-103,10.5
2026-09-07 10:23:13,Pasillo Decanato Civil,48.79,Group 3 (Rotary Tool),90.82,49.88,Group 3 (Rotary Tool),0.0,0.0,49.03,0.0,0.0,7.32,1.22,90.82,0.0,0.49,49.83,48.6,47.15,-105,11.2
2026-09-07 10:23:16,Lobby Civil,67.64,Group 1 (Common),99.57,71.52,Group 1 (Common),67.91,0.0,0.0,0.0,0.0,99.57,0.0,0.0,0.17,0.0,69.17,67.53,65.72,-103,12.2
2026-09-07 10:23:17,Pasillo Salones Eléctrica,68.52,Group 1 (Common),88.24,70.88,Group 1 (Common),68.51,0.0,0.0,61.42,0.0,88.24,0.0,0.0,11.55,0.0,70.95,67.97,63.53,-103,9.2
2026-09-07 10:23:19,Laboratorios Eléctrica Centro,68.39,Group 1 (Common),79.56,72.36,Group 1 (Common),66.49,0.0,0.0,0.0,60.95,79.56,0.04,0.17,0.91,19.4,73.1,64.94,60.76,-108,9.2
2026-09-07 10:23:21,Pasillo Salones Civil,53.68,Group 1 (Common),99.52,57.87,Group 1 (Common),54.73,0.0,0.0,0.0,0.0,99.52,0.0,0.04,0.26,0.0,56.18,53.45,50.3,-90,12.5
2026-09-07 10:23:24,Pasillo Decanato Eléctrica,57.8,Group 1 (Common),99.57,59.0,Group 1 (Common),57.55,0.0,0.0,0.0,0.0,99.57,0.0,0.0,0.0,0.09,59.39,57.31,56.88,-103,11.2
2026-09-07 10:23:27,Laboratorios Civil Superior,63.16,Group 1 (Common),99.61,64.31,Group 1 (Common),62.81,0.0,0.0,0.0,0.0,99.61,0.0,0.0,0.0,0.0,64.96,63.31,61.53,-108,7.2
2026-09-07 10:23:31,Salón - Uma Civil,64.43,Mixed,58.12,69.49,Group 4 (Person),65.13,0.0,0.0,66.99,0.0,58.12,1.0,0.0,40.71,0.0,67.68,65.57,44.22,-102,9.2
2026-09-07 10:23:38,Salón - Extremo Civil,48.18,Group 2 (Impact),74.48,55.15,Group 1 (Common),48.78,42.71,0.0,0.0,0.0,18.23,74.48,0.48,0.65,6.16,56.63,43.72,37.09,-89,13.5
2026-09-07 10:23:48,Salón - Extremo Eléctrica,60.13,Group 1 (Common),73.22,66.92,Group 1 (Common),62.27,50.12,0.0,0.0,0.0,73.22,20.66,2.17,2.78,1.17,67.19,53.34,45.44,-93,10.8
2026-09-07 10:23:52,Salón - Uma Eléctrica,70.8,Group 1 (Common),89.76,74.34,Group 1 (Common),71.31,0.0,0.0,70.59,0.0,89.76,0.0,0.0,10.16,0.0,74.02,69.95,68.57,-115,0.5
2026-09-07 10:24:03,Laboratorios Eléctrica Inferior,68.08,Group 1 (Common),98.26,71.02,Group 1 (Common),67.96,0.0,0.0,0.0,0.0,98.26,0.0,0.04,0.09,1.43,71.06,65.85,64.09,-115,1.2
2026-09-07 10:25:57,Laboratorios Civil Inferior,53.33,Mixed,53.47,56.24,Group 1 (Common),54.29,0.0,0.0,0.0,53.78,53.47,4.77,0.87,2.04,38.72,55.06,53.26,51.97,-116,-2.5
2026-09-07 10:28:03,Laboratorios Civil Central,65.67,Group 1 (Common),82.81,67.08,Group 1 (Common),65.89,0.0,0.0,0.0,0.0,82.81,1.91,0.0,1.95,13.32,67.91,65.21,63.74,-103,12.8
2026-09-07 10:28:04,Lobby Eléctrica,71.31,Group 1 (Common),98.96,73.0,Group 1 (Common),71.11,0.0,0.0,0.0,0.0,98.96,0.0,0.0,0.91,0.0,73.12,70.76,68.99,-108,8.0
2026-09-07 10:28:10,Laboratorios Eléctrica Superior,59.36,Group 1 (Common),83.29,62.71,Group 4 (Person),58.36,0.0,0.0,62.29,0.0,83.29,2.21,0.0,14.32,0.0,62.63,58.67,52.49,-99,12.8
2026-09-07 10:28:13,Pasillo Decanato Civil,50.67,Mixed,68.51,54.81,Group 2 (Impact),46.87,49.18,0.0,0.0,0.0,17.92,68.51,0.59,6.49,6.64,56.23,46.98,46.0,-103,10.0
2026-09-07 10:28:16,Lobby Civil,64.59,Group 1 (Common),98.31,66.18,Group 1 (Common),64.72,0.0,0.0,0.0,0.0,98.31,0.0,0.04,1.35,0.0,66.51,64.84,62.0,-99,11.0
2026-09-07 10:28:17,Pasillo Salones Eléctrica,55.57,Group 1 (Common),85.29,60.36,Group 1 (Common),56.84,51.86,0.0,0.0,0.0,85.29,11.5,0.13,2.6,0.35,60.89,54.52,48.83,-107,8.0
2026-09-07 10:28:19,Laboratorios Eléctrica Centro,68.63,Group 1 (Common),99.61,71.31,Group 1 (Common),68.86,0.0,0.0,0.0,0.0,99.61,0.0,0.0,0.04,0.0,70.83,67.9,64.39,-113,6.8
2026-09-07 10:28:21,Pasillo Salones Civil,50.94,Group 1 (Common),80.64,58.2,Group 1 (Common),53.57,0.0,50.46,0.0,0.0,80.64,0.91,16.75,0.13,1.48,55.15,49.83,47.53,-105,8.0
2026-09-07 10:28:24,Pasillo Decanato Eléctrica,58.27,Group 1 (Common),94.4,61.3,Group 1 (Common),57.36,0.0,0.0,0.0,0.0,94.4,0.95,0.0,0.26,4.56,61.6,56.92,56.24,-103,12.0
2026-09-07 10:28:27,Laboratorios Civil Superior,56.55,Mixed,59.29,59.66,Group 1 (Common),57.13,0.0,57.74,0.0,56.57,59.29,1.87,12.33,0.09,26.43,59.6,55.21,52.64,-111,9.0
2026-09-07 10:28:31,Salón - Uma Civil,64.78,Mixed,55.51,70.54,Group 1 (Common),66.51,0.0,0.0,61.45,0.0,55.51,0.65,0.52,43.1,0.09,71.59,59.4,47.55,-117,-4.8
2026-09-07 10:28:39,Salón - Extremo Civil,48.61,Mixed,42.4,55.76,Group 2 (Impact),42.72,54.22,0.0,0.0,37.25,42.4,18.32,1.39,3.34,34.51,57.45,38.88,35.64,-89,12.5
2026-09-07 10:28:48,Salón - Extremo Eléctrica,64.16,Group 4 (Person),85.98,67.99,Group 4 (Person),0.0,0.0,0.0,64.47,61.31,0.0,0.0,0.0,85.98,13.76,68.99,62.93,52.26,-88,9.5
2026-09-07 10:28:54,Salón - Uma Eléctrica,75.91,Group 1 (Common),80.77,78.27,Group 1 (Common),76.84,0.0,0.0,75.15,0.0,80.77,0.0,0.0,19.01,0.0,78.14,74.4,68.55,-114,3.5
2026-09-07 10:29:03,Laboratorios Eléctrica Inferior,60.15,Group 1 (Common),85.5,62.79,Group 1 (Common),60.09,0.0,0.0,0.0,0.0,85.5,0.0,0.82,2.6,11.02,63.63,59.54,58.02,-117,0.8
2026-09-07 10:30:57,Laboratorios Civil Inferior,61.35,Mixed,40.41,65.29,Group 2 (Impact),56.64,64.61,0.0,0.0,61.51,40.41,16.75,0.69,8.77,33.33,65.57,60.84,52.19,-120,-8.5
2026-09-07 10:33:03,Laboratorios Civil Central,64.1,Group 1 (Common),95.18,65.08,Group 1 (Common),64.04,0.0,0.0,0.0,0.0,95.18,0.48,0.0,0.17,4.25,65.15,64.18,62.94,-105,12.2
2026-09-07 10:33:04,Lobby Eléctrica,63.01,Group 1 (Common),99.0,65.24,Group 1 (Common),62.3,0.0,0.0,0.0,0.0,99.0,0.0,0.0,0.0,0.74,65.44,63.29,57.79,-99,11.8
2026-09-07 10:33:10,Laboratorios Eléctrica Superior,61.94,Group 1 (Common),99.57,65.54,Group 1 (Common),62.6,0.0,0.0,0.0,0.0,99.57,0.0,0.04,0.04,0.09,66.88,59.68,53.75,-99,6.8
2026-09-07 10:33:13,Pasillo Decanato Civil,45.01,Mixed,56.29,45.79,Group 1 (Common),45.05,45.19,0.0,0.0,0.0,56.29,40.28,0.09,1.91,1.48,46.0,45.06,43.94,-109,5.5
2026-09-07 10:33:16,Lobby Civil,55.12,Group 1 (Common),91.75,56.52,Group 1 (Common),55.3,0.0,0.0,0.0,0.0,91.75,1.04,0.0,0.26,6.99,56.32,55.32,53.7,-109,3.8
2026-09-07 10:33:17,Pasillo Salones Eléctrica,65.48,Mixed,65.1,67.63,Group 1 (Common),65.33,0.0,0.0,61.0,0.0,65.1,0.0,0.0,34.64,0.09,68.44,65.93,58.32,-95,11.8
2026-09-07 10:33:19,Laboratorios Eléctrica Centro,63.18,Group 1 (Common),98.52,64.85,Group 1 (Common),62.94,0.0,0.0,0.0,0.0,98.52,0.0,0.17,0.0,1.13,65.42,62.7,62.04,-105,10.2
2026-09-07 10:33:21,Pasillo Salones Civil,54.54,Mixed,57.34,57.99,Group 2 (Impact),51.3,56.89,51.25,0.0,0.0,57.34,25.26,11.89,1.56,3.99,58.51,52.23,50.59,-107,10.5
2026-09-07 10:33:24,Pasillo Decanato Eléctrica,56.62,Group 1 (Common),99.31,58.0,Group 1 (Common),56.83,0.0,0.0,0.0,0.0,99.31,0.13,0.0,0.04,0.43,57.27,56.7,55.36,-115,1.0
2026-09-07 10:33:27,Laboratorios Civil Superior,62.3,Group 1 (Common),80.86,66.18,Group 1 (Common),63.12,0.0,0.0,63.26,0.0,80.86,0.0,0.04,15.45,3.52,65.99,62.59,54.08,-109,7.5
2026-09-07 10:33:31,Salón - Uma Civil,72.57,Mixed,52.83,76.35,Group 1 (Common),74.16,0.0,0.0,70.97,0.0,46.24,0.2,0.0,52.83,0.59,76.43,69.24,60.62,-107,11.2
2026-09-07 10:33:38,Salón - Extremo Civil,59.09,Group 1 (Common),70.31,64.59,Group 5 (Vehicle),57.92,0.0,0.0,0.0,63.71,70.31,2.29,0.0,12.5,14.79,66.36,52.51,44.82,-107,8.5
2026-09-07 10:33:48,Salón - Extremo Eléctrica,48.23,Mixed,37.54,54.85,Group 1 (Common),52.04,42.17,0.0,53.06,49.63,26.35,37.54,0.65,13.24,22.09,54.79,42.75,36.8,-91,9.8
2026-09-07 10:33:52,Salón - Uma Eléctrica,68.67,Mixed,42.71,76.18,Group 4 (Person),66.4,54.47,0.0,73.93,0.0,35.24,22.01,0.0,42.71,0.0,75.83,64.57,51.21,-107,9.0
2026-09-07 10:34:03,Laboratorios Eléctrica Inferior,67.51,Group 1 (Common),94.62,70.13,Group 1 (Common),68.17,0.0,0.0,0.0,0.0,94.62,0.0,2.52,2.6,0.0,69.91,67.0,63.99,-119,-6.0
2026-09-07 10:35:57,Laboratorios Civil Inferior,51.91,Mixed,57.68,53.21,Group 1 (Common),51.67,51.2,0.0,0.0,51.51,57.68,20.66,0.09,1.22,20.31,53.82,51.55,50.14,-121,-3.2
2026-09-07 10:38:04,Laboratorios Civil Central,64.11,Group 1 (Common),85.68,64.83,Group 1 (Common),64.14,0.0,0.0,0.0,0.0,85.68,2.52,0.0,0.65,11.15,64.86,64.05,62.72,-99,10.8
2026-09-07 10:38:04,Lobby Eléctrica,56.19,Group 1 (Common),75.65,58.07,Group 1 (Common),56.67,0.0,55.44,0.0,0.0,75.65,1.78,20.83,0.52,1.26,57.84,56.43,53.65,-111,-4.8
2026-09-07 10:38:10,Laboratorios Eléctrica Superior,59.01,Mixed,60.6,60.37,Group 5 (Vehicle),58.53,0.0,59.22,0.0,59.79,60.6,1.12,9.42,7.03,21.78,61.45,59.12,55.38,-97,12.2
2026-09-07 10:38:13,Pasillo Decanato Civil,43.58,Silence,0.0,44.64,Silence,0.0,0.0,0.0,0.0,0.0,0.0,0.0,0.0,0.0,0.0,44.49,43.41,43.06,-102,3.2
2026-09-07 10:38:16,Lobby Civil,54.11,Mixed,52.91,61.34,Group 2 (Impact),52.8,60.03,0.0,0.0,0.0,52.91,30.25,3.56,3.6,9.68,58.13,53.88,50.75,-111,10.8
2026-09-07 10:38:17,Pasillo Salones Eléctrica,46.59,Mixed,47.44,48.44,Group 1 (Common),47.07,45.68,46.11,0.0,0.0,35.2,12.41,47.44,0.09,4.9,48.68,46.41,43.94,-107,10.5
2026-09-07 10:38:20,Laboratorios Eléctrica Centro,61.38,Mixed,68.55,63.42,Group 1 (Common),62.56,0.0,0.0,0.0,61.7,31.4,0.0,0.0,0.05,68.55,61.98,61.4,60.7,-106,3.2
2026-09-07 10:38:21,Pasillo Salones Civil,56.09,Group 1 (Common),73.7,59.47,Group 1 (Common),53.68,0.0,0.0,58.47,0.0,73.7,12.11,1.52,11.94,0.65,59.57,56.08,46.58,-95,13.2
2026-09-07 10:38:24,Pasillo Decanato Eléctrica,59.79,Mixed,31.74,64.87,Group 4 (Person),59.08,60.63,0.0,64.91,60.27,25.2,31.74,0.59,28.71,13.77,61.46,59.53,57.23,-103,11.0
2026-09-07 10:38:27,Laboratorios Civil Superior,67.07,Mixed,65.15,73.47,Group 4 (Person),64.99,0.0,0.0,70.21,0.0,33.33,1.35,0.0,65.15,0.0,71.03,66.7,61.32,-102,10.0
2026-09-07 10:38:31,Salón - Uma Civil,73.14,Mixed,53.82,77.04,Group 1 (Common),73.57,0.0,0.0,69.06,0.0,53.82,3.43,0.04,42.36,0.22,78.8,69.5,52.63,-105,11.0
2026-09-07 10:38:39,Salón - Extremo Civil,59.49,Group 1 (Common),97.35,65.24,Group 1 (Common),60.33,0.0,0.0,0.0,0.0,97.35,0.0,0.35,1.56,0.61,66.41,57.06,50.02,-99,13.5
2026-09-07 10:38:48,Salón - Extremo Eléctrica,61.33,Group 4 (Person),74.37,67.47,Group 4 (Person),42.16,0.0,0.0,63.5,0.0,23.83,1.51,0.0,74.37,0.1,68.71,45.6,36.56,-90,9.2
2026-09-07 10:38:52,Salón - Uma Eléctrica,57.22,Mixed,49.8,63.28,Group 5 (Vehicle),0.0,49.29,53.41,0.0,55.96,0.24,49.8,20.02,2.64,27.25,65.2,52.51,49.33,-103,10.8
2026-09-07 10:39:03,Laboratorios Eléctrica Inferior,57.6,Group 1 (Common),88.23,58.91,Group 1 (Common),57.67,0.0,0.0,0.0,0.0,88.23,0.15,0.0,0.49,10.99,58.89,57.37,55.55,-119,-2.8
2026-09-07 10:40:57,Laboratorios Civil Inferior,52.97,Group 1 (Common),95.27,55.19,Group 1 (Common),52.35,0.0,0.0,0.0,0.0,95.27,0.56,0.0,0.13,4.04,55.37,51.81,50.47,-120,-8.8
2026-09-07 10:43:04,Laboratorios Civil Central,63.7,Mixed,67.88,64.71,Group 1 (Common),64.07,63.48,0.0,0.0,0.0,67.88,15.97,0.0,4.34,11.85,64.36,63.7,62.82,-112,0.2
2026-09-07 10:43:04,Lobby Eléctrica,56.52,Group 1 (Common),77.99,58.31,Group 1 (Common),56.92,0.0,56.67,0.0,0.0,77.99,2.56,18.88,0.0,0.17,58.46,56.01,55.03,-115,-0.2
2026-09-07 10:43:10,Laboratorios Eléctrica Superior,61.55,Group 1 (Common),99.61,63.93,Group 1 (Common),61.54,0.0,0.0,0.0,0.0,99.61,0.05,0.0,0.0,0.0,64.25,61.08,55.44,-101,12.0
2026-09-07 10:43:13,Pasillo Decanato Civil,44.34,Silence,0.0,45.51,Silence,0.0,0.0,0.0,0.0,0.0,0.0,0.0,0.0,0.0,0.0,45.85,44.26,42.64,-107,11.2
2026-09-07 10:43:16,Lobby Civil,53.37,Group 1 (Common),90.97,59.41,Group 1 (Common),51.14,0.0,0.0,0.0,0.0,90.97,6.25,0.0,1.26,1.61,60.27,49.16,48.1,-99,8.8
2026-09-07 10:43:17,Pasillo Salones Eléctrica,59.58,Mixed,48.74,63.24,Group 4 (Person),57.89,56.24,0.0,61.77,0.0,48.74,12.59,0.04,38.28,0.22,62.91,57.76,52.32,-108,8.0
2026-09-07 10:43:20,Laboratorios Eléctrica Centro,67.67,Group 1 (Common),99.61,70.1,Group 1 (Common),68.13,0.0,0.0,0.0,0.0,99.61,0.0,0.0,0.0,0.05,70.3,67.21,62.97,-107,8.8
2026-09-07 10:43:21,Pasillo Salones Civil,50.8,Group 1 (Common),99.39,54.16,Group 1 (Common),49.72,0.0,0.0,0.0,0.0,99.39,0.3,0.04,0.13,0.0,54.48,49.06,47.81,-109,6.2
2026-09-07 10:43:24,Pasillo Decanato Eléctrica,57.59,Group 1 (Common),99.22,58.56,Group 1 (Common),57.83,0.0,0.0,0.0,0.0,99.22,0.0,0.0,0.54,0.05,58.57,57.43,56.61,-117,-2.8
2026-09-07 10:43:27,Laboratorios Civil Superior,65.32,Group 1 (Common),92.36,68.67,Group 1 (Common),64.93,0.0,0.0,0.0,0.0,92.36,0.0,0.0,6.81,0.52,69.25,64.17,61.39,-114,0.2
2026-09-07 10:43:31,Salón - Uma Civil,75.49,Group 4 (Person),90.8,79.24,Group 1 (Common),79.21,0.0,0.0,75.91,0.0,8.98,0.0,0.0,90.8,0.0,77.88,75.57,71.85,-107,10.8
2026-09-07 10:43:39,Salón - Extremo Civil,51.19,Mixed,59.07,53.41,Group 1 (Common),51.89,50.3,0.0,0.0,0.0,59.07,36.07,0.39,4.04,0.43,53.37,51.11,48.24,-93,12.8
2026-09-07 10:43:48,Salón - Extremo Eléctrica,70.61,Group 4 (Person),90.48,71.79,Group 4 (Person),58.78,0.0,0.0,70.28,0.0,9.03,0.15,0.0,90.48,0.0,72.31,70.21,68.51,-91,10.0
2026-09-07 10:43:52,Salón - Uma Eléctrica,45.65,Mixed,26.91,49.75,Group 1 (Common),43.95,42.26,46.62,44.16,44.35,26.91,11.59,13.76,25.0,22.61,50.27,45.17,40.52,-105,9.8
2026-09-07 10:44:03,Laboratorios Eléctrica Inferior,60.57,Group 1 (Common),92.48,62.75,Group 1 (Common),60.41,0.0,0.0,0.0,0.0,92.48,0.0,0.05,0.59,6.98,62.89,59.94,56.9,-113,6.2
2026-09-07 10:45:57,Laboratorios Civil Inferior,51.87,Mixed,65.49,55.7,Group 5 (Vehicle),50.52,50.01,0.0,0.0,51.55,21.14,11.41,0.52,1.3,65.49,56.83,50.43,49.0,-119,-4.2
2026-09-07 10:48:04,Laboratorios Civil Central,64.02,Group 1 (Common),75.63,65.11,Group 1 (Common),63.69,0.0,0.0,0.0,63.8,75.63,0.44,0.0,0.34,23.44,65.36,63.64,63.15,-101,11.0
2026-09-07 10:48:04,Lobby Eléctrica,65.31,Group 1 (Common),98.83,68.24,Group 1 (Common),65.71,0.0,0.0,0.0,0.0,98.83,0.24,0.0,0.73,0.0,68.24,63.98,60.74,-97,12.2
2026-09-07 10:48:10,Laboratorios Eléctrica Superior,60.69,Group 1 (Common),87.2,63.45,Group 1 (Common),60.71,0.0,56.53,0.0,0.0,87.2,0.09,12.46,0.0,0.0,63.54,60.12,54.62,-97,11.8
2026-09-07 10:48:13,Pasillo Decanato Civil,44.14,Silence,0.0,46.13,Silence,0.0,0.0,0.0,0.0,0.0,0.0,0.0,0.0,0.0,0.0,46.66,43.97,42.46,-105,9.0
2026-09-07 10:48:16,Lobby Civil,58.79,Group 1 (Common),99.61,65.16,Group 1 (Common),60.9,0.0,0.0,0.0,0.0,99.61,0.0,0.0,0.0,0.0,63.02,57.56,55.37,-101,12.0
2026-09-07 10:48:17,Pasillo Salones Eléctrica,46.37,Mixed,46.04,51.26,Group 3 (Rotary Tool),46.91,43.45,50.86,0.0,0.0,40.58,46.04,11.47,0.63,1.12,51.53,42.26,36.89,-109,9.0
2026-09-07 10:48:20,Laboratorios Eléctrica Centro,66.1,Mixed,68.32,69.17,Group 1 (Common),67.08,0.0,0.0,0.0,61.62,68.32,0.0,0.0,0.0,31.42,70.27,65.17,60.23,-102,10.0
2026-09-07 10:48:21,Pasillo Salones Civil,48.28,Group 1 (Common),84.86,50.3,Group 1 (Common),48.68,0.0,0.0,0.0,0.0,84.86,2.1,7.71,0.15,5.08,50.31,47.58,46.09,-95,13.5
2026-09-07 10:48:24,Pasillo Decanato Eléctrica,56.8,Group 1 (Common),99.48,57.33,Group 1 (Common),56.83,0.0,0.0,0.0,0.0,99.48,0.13,0.0,0.09,0.17,57.33,56.85,56.24,-105,10.5
2026-09-07 10:48:27,Laboratorios Civil Superior,54.83,Mixed,54.49,60.42,Group 5 (Vehicle),56.49,0.0,0.0,0.0,57.45,54.49,0.1,0.1,0.15,45.21,59.35,52.29,51.76,-106,7.8
2026-09-07 10:48:31,Salón - Uma Civil,62.61,Group 4 (Person),75.39,66.41,Group 4 (Person),64.63,62.5,0.0,63.28,0.0,6.47,17.93,0.04,75.39,0.0,66.57,61.61,57.19,-103,11.0
2026-09-07 10:48:39,Salón - Extremo Civil,43.32,Silence,0.0,47.92,Silence,0.0,0.0,0.0,0.0,0.0,0.0,0.0,0.0,0.0,0.0,47.98,40.64,37.16,-97,12.8
2026-09-07 10:48:48,Salón - Extremo Eléctrica,64.66,Mixed,61.63,68.63,Group 4 (Person),0.0,49.66,47.58,66.85,0.0,0.0,14.76,18.45,61.63,4.95,68.5,63.96,44.51,-85,7.2
2026-09-07 10:48:52,Salón - Uma Eléctrica,40.49,Silence,0.0,44.28,Silence,0.0,0.0,0.0,0.0,0.0,0.0,0.0,0.0,0.0,0.0,42.07,40.15,39.5,-109,7.0
2026-09-07 10:49:03,Laboratorios Eléctrica Inferior,64.84,Group 1 (Common),85.37,69.84,Group 1 (Common),65.66,0.0,0.0,0.0,55.56,85.37,4.3,0.0,1.09,9.2,71.38,61.09,55.93,-118,-2.5
2026-09-07 10:50:57,Laboratorios Civil Inferior,50.65,Mixed,58.68,52.38,Group 5 (Vehicle),0.0,49.94,50.61,0.0,50.03,0.13,26.52,12.93,1.82,58.68,52.16,50.86,48.12,-120,-6.8
2026-09-07 10:53:04,Laboratorios Civil Central,65.04,Group 1 (Common),71.63,67.64,Group 1 (Common),66.03,0.0,0.0,0.0,64.89,71.63,0.1,0.0,0.83,27.39,65.97,64.59,64.09,-113,2.0
2026-09-07 10:53:04,Lobby Eléctrica,60.11,Group 1 (Common),99.32,61.37,Group 1 (Common),59.71,0.0,0.0,0.0,0.0,99.32,0.0,0.0,0.49,0.0,60.7,59.85,59.59,-97,9.5
2026-09-07 10:53:10,Laboratorios Eléctrica Superior,55.6,Group 1 (Common),87.33,58.25,Group 1 (Common),55.31,0.0,56.13,0.0,0.0,87.33,0.35,10.85,0.61,0.87,58.68,55.22,53.02,-95,12.2
2026-09-07 10:53:13,Pasillo Decanato Civil,50.54,Group 2 (Impact),83.72,53.17,Group 2 (Impact),0.0,50.07,0.0,0.0,0.0,3.17,83.72,1.04,6.77,5.25,53.82,51.18,44.41,-107,10.0
2026-09-07 10:53:16,Lobby Civil,58.11,Group 1 (Common),99.56,60.96,Group 1 (Common),58.75,0.0,0.0,0.0,0.0,99.56,0.1,0.0,0.0,0.0,60.55,57.36,55.38,-96,11.2
2026-09-07 10:53:17,Pasillo Salones Eléctrica,54.1,Group 1 (Common),89.16,57.78,Group 1 (Common),54.62,0.0,0.0,0.0,0.0,89.16,0.39,4.93,5.52,0.0,57.85,52.96,51.47,-97,14.0
2026-09-07 10:53:20,Laboratorios Eléctrica Centro,65.61,Group 1 (Common),99.61,68.42,Group 1 (Common),64.52,0.0,0.0,0.0,0.0,99.61,0.0,0.09,0.0,0.04,69.02,64.88,62.59,-108,9.2
2026-09-07 10:53:21,Pasillo Salones Civil,45.68,Mixed,54.3,47.41,Group 1 (Common),46.24,44.89,45.34,0.0,0.0,21.01,54.3,16.49,1.22,6.99,47.63,45.45,42.85,-107,10.5
2026-09-07 10:53:24,Pasillo Decanato Eléctrica,56.41,Group 1 (Common),97.83,57.23,Group 1 (Common),56.54,0.0,0.0,0.0,0.0,97.83,0.22,0.04,0.3,1.52,57.17,56.54,55.12,-113,10.0
2026-09-07 10:53:27,Laboratorios Civil Superior,61.12,Group 1 (Common),99.22,64.18,Group 1 (Common),60.66,0.0,0.0,0.0,0.0,99.22,0.0,0.29,0.05,0.24,64.71,58.92,55.73,-119,-1.5
2026-09-07 10:53:31,Salón - Uma Civil,65.44,Mixed,57.6,67.65,Group 1 (Common),64.91,64.37,0.0,64.55,0.0,57.6,14.89,0.0,27.39,0.0,67.54,65.68,61.54,-105,10.8
2026-09-07 10:53:39,Salón - Extremo Civil,59.35,Group 1 (Common),71.4,61.6,Group 1 (Common),59.88,0.0,0.0,59.31,0.0,71.4,0.39,0.0,28.08,0.0,62.57,59.22,56.86,-101,9.2
2026-09-07 10:53:48,Salón - Extremo Eléctrica,63.31,Group 4 (Person),80.47,66.27,Group 4 (Person),0.0,45.06,0.0,63.85,0.0,1.69,17.36,0.0,80.47,0.17,68.16,62.59,42.12,-84,9.5
2026-09-07 10:53:52,Salón - Uma Eléctrica,40.13,Silence,0.0,41.16,Silence,0.0,0.0,0.0,0.0,0.0,0.0,0.0,0.0,0.0,0.0,41.24,40.11,38.41,-114,2.5
2026-09-07 10:54:03,Laboratorios Eléctrica Inferior,58.68,Mixed,56.29,60.75,Group 1 (Common),58.71,0.0,0.0,0.0,59.22,56.29,3.3,2.04,6.34,32.12,61.45,58.17,56.37,-102,2.0
2026-09-07 10:55:57,Laboratorios Civil Inferior,50.78,Mixed,67.04,52.09,Group 1 (Common),51.13,0.0,0.0,0.0,51.16,67.04,0.2,0.15,0.24,32.47,51.53,50.57,49.9,-121,-4.2
2026-09-07 10:58:04,Laboratorios Civil Central,68.3,Mixed,38.24,71.85,Group 5 (Vehicle),63.7,64.66,0.0,0.0,69.49,16.36,38.24,2.86,5.43,37.15,72.09,64.99,63.77,-99,11.2
2026-09-07 10:58:04,Lobby Eléctrica,61.23,Group 1 (Common),99.26,62.56,Group 1 (Common),61.01,0.0,0.0,0.0,0.0,99.26,0.0,0.43,0.04,0.0,62.89,60.89,59.94,-107,7.0
2026-09-07 10:58:10,Laboratorios Eléctrica Superior,55.67,Group 1 (Common),79.64,59.09,Group 1 (Common),55.43,0.0,0.0,0.0,54.78,79.64,5.38,0.39,0.78,13.67,60.32,54.28,51.06,-97,12.0
2026-09-07 10:58:13,Pasillo Decanato Civil,51.1,Mixed,57.03,65.49,Group 3 (Rotary Tool),46.88,59.0,60.57,0.0,52.44,16.62,11.37,57.03,0.43,14.54,59.73,45.76,43.72,-111,4.2
2026-09-07 10:58:16,Lobby Civil,64.91,Group 1 (Common),99.61,67.5,Group 1 (Common),65.22,0.0,0.0,0.0,0.0,99.61,0.0,0.0,0.0,0.0,68.38,65.07,60.94,-97,13.0
2026-09-07 10:58:17,Pasillo Salones Eléctrica,40.83,Silence,0.0,43.65,Silence,0.0,0.0,0.0,0.0,0.0,0.0,0.0,0.0,0.0,0.0,43.36,40.82,36.18,-97,13.0
2026-09-07 10:58:20,Laboratorios Eléctrica Centro,62.37,Mixed,61.24,64.08,Group 1 (Common),62.2,0.0,0.0,0.0,61.53,61.24,0.04,0.0,0.04,38.63,64.45,61.66,60.53,-113,7.0
2026-09-07 10:58:21,Pasillo Salones Civil,52.27,Group 1 (Common),93.58,55.8,Group 1 (Common),53.28,0.0,0.0,0.0,0.0,93.58,0.52,1.35,0.22,4.17,54.71,51.78,49.58,-95,13.8
2026-09-07 10:58:24,Pasillo Decanato Eléctrica,56.69,Group 1 (Common),99.0,57.6,Group 1 (Common),56.78,0.0,0.0,0.0,0.0,99.0,0.17,0.0,0.13,0.65,57.68,56.52,55.75,-108,-7.5
2026-09-07 10:58:27,Laboratorios Civil Superior,61.13,Group 1 (Common),99.61,63.91,Group 1 (Common),60.02,0.0,0.0,0.0,0.0,99.61,0.0,0.0,0.0,0.0,65.01,60.02,57.53,-111,5.8
2026-09-07 10:58:31,Salón - Uma Civil,54.4,Mixed,55.69,59.56,Group 1 (Common),55.22,53.69,0.0,0.0,0.0,55.69,34.72,0.61,8.72,0.3,61.17,52.45,48.74,-114,2.2
2026-09-07 10:58:39,Salón - Extremo Civil,56.9,Mixed,37.98,61.94,Group 1 (Common),58.6,54.03,0.0,57.93,0.0,31.21,30.12,0.0,37.98,0.56,61.86,54.4,43.69,-91,11.8
2026-09-07 10:58:48,Salón - Extremo Eléctrica,58.26,Mixed,66.88,66.27,Group 1 (Common),59.54,0.0,0.0,63.89,0.0,66.88,2.26,1.61,14.41,14.71,66.81,43.86,26.03,-94,11.0
2026-09-07 10:58:52,Salón - Uma Eléctrica,57.5,Mixed,41.19,60.83,Group 4 (Person),56.65,52.99,0.0,58.01,0.0,20.1,41.19,0.04,38.37,0.04,62.41,54.0,38.38,-117,
2026-09-07 10:59:03,Laboratorios Eléctrica Inferior,61.25,Group 1 (Common),78.17,63.65,Group 1 (Common),61.25,0.0,0.0,0.0,57.48,78.17,0.0,0.3,0.91,20.66,64.09,61.21,56.14,-117,-1.8
2026-09-07 11:00:57,Laboratorios Civil Inferior,52.2,Mixed,66.99,53.53,Group 1 (Common),51.51,0.0,0.0,0.0,52.3,66.99,0.2,0.1,0.29,32.42,53.78,52.32,50.44,-120,-5.8
2026-09-07 11:03:04,Laboratorios Civil Central,64.35,Mixed,53.17,64.84,Group 1 (Common),64.25,63.95,0.0,0.0,64.2,53.17,14.19,0.0,6.38,26.39,64.95,64.31,63.67,-101,12.8
2026-09-07 11:03:04,Lobby Eléctrica,66.27,Group 1 (Common),99.61,68.11,Group 1 (Common),65.98,0.0,0.0,0.0,0.0,99.61,0.0,0.04,0.0,0.0,68.39,66.53,62.8,-105,11.0
2026-09-07 11:03:10,Laboratorios Eléctrica Superior,49.67,Mixed,66.15,53.49,Group 5 (Vehicle),49.58,0.0,0.0,0.0,50.27,30.25,1.78,1.09,0.74,66.15,52.11,49.46,47.85,-102,11.5
2026-09-07 11:03:13,Pasillo Decanato Civil,50.26,Mixed,43.92,56.02,Group 4 (Person),49.64,0.0,0.0,51.93,43.79,43.92,5.9,3.26,40.23,6.68,57.61,47.25,43.07,-103,11.8
2026-09-07 11:03:16,Lobby Civil,68.54,Group 1 (Common),99.44,70.03,Group 1 (Common),68.65,0.0,0.0,0.0,0.0,99.44,0.0,0.0,0.26,0.0,70.11,69.0,63.63,-99,12.0
2026-09-07 11:03:17,Pasillo Salones Eléctrica,60.53,Mixed,60.89,63.01,Group 1 (Common),60.83,62.15,0.0,0.0,61.38,60.89,22.7,0.04,5.34,10.94,63.22,61.83,52.26,-103,11.2
2026-09-07 11:03:20,Laboratorios Eléctrica Centro,64.37,Group 1 (Common),98.52,67.23,Group 1 (Common),64.9,0.0,0.0,0.0,0.0,98.52,0.0,0.04,0.04,1.13,66.61,63.45,61.05,-105,9.2
2026-09-07 11:03:22,Pasillo Salones Civil,67.39,Group 1 (Common),97.79,68.81,Group 1 (Common),67.53,0.0,0.0,0.0,0.0,97.79,0.0,0.0,2.13,0.0,68.78,67.3,65.8,-91,9.5
2026-09-07 11:03:24,Pasillo Decanato Eléctrica,57.36,Group 1 (Common),90.63,59.74,Group 2 (Impact),57.6,59.53,0.0,0.0,0.0,90.63,8.42,0.0,0.82,0.04,60.02,56.88,55.51,-107,10.5
2026-09-07 11:03:27,Laboratorios Civil Superior,63.71,Group 1 (Common),80.77,65.35,Group 1 (Common),63.2,0.0,0.0,0.0,63.42,80.77,0.0,0.0,0.48,18.66,65.28,63.11,61.84,-113,7.5
2026-09-07 11:03:31,Salón - Uma Civil,57.27,Mixed,45.18,59.77,Group 3 (Rotary Tool),0.0,54.72,58.74,0.0,53.9,0.0,45.18,39.06,3.52,12.41,60.02,56.44,51.48,-111,-4.8
2026-09-07 11:03:39,Salón - Extremo Civil,57.43,Mixed,69.97,59.35,Group 4 (Person),0.0,56.64,0.0,57.64,0.0,3.39,26.52,0.0,69.97,0.0,59.55,57.51,54.4,-93,13.2
2026-09-07 11:03:48,Salón - Extremo Eléctrica,63.21,Group 1 (Common),82.68,68.53,Group 1 (Common),63.98,0.0,0.0,62.71,0.0,82.68,0.48,0.0,16.8,0.0,69.48,53.18,42.91,-91,10.2
2026-09-07 11:03:52,Salón - Uma Eléctrica,67.28,Group 4 (Person),78.43,69.82,Group 4 (Person),0.0,57.76,0.0,67.71,0.0,3.47,17.45,0.0,78.43,0.52,69.86,67.07,48.26,-105,11.0
2026-09-07 11:04:03,Laboratorios Eléctrica Inferior,64.69,Group 1 (Common),98.26,66.72,Group 1 (Common),64.34,0.0,0.0,0.0,0.0,98.26,0.0,0.04,0.39,1.22,67.38,64.59,62.67,-109,7.2
2026-09-07 11:05:57,Laboratorios Civil Inferior,53.33,Group 1 (Common),98.13,58.84,Group 1 (Common),54.94,0.0,0.0,0.0,0.0,98.13,0.3,0.04,0.22,1.39,56.18,53.12,51.02,-114,-3.5
2026-09-07 11:08:04,Laboratorios Civil Central,63.84,Mixed,64.41,64.41,Group 5 (Vehicle),63.95,0.0,0.0,0.0,64.04,64.41,2.34,0.0,0.82,32.42,64.17,63.96,63.08,-111,7.8
2026-09-07 11:08:04,Lobby Eléctrica,66.28,Group 1 (Common),99.61,67.92,Group 1 (Common),66.07,0.0,0.0,0.0,0.0,99.61,0.0,0.0,0.0,0.0,67.8,66.07,64.03,-94,12.5
2026-09-07 11:08:10,Laboratorios Eléctrica Superior,61.56,Group 1 (Common),88.89,62.92,Group 1 (Common),61.41,0.0,0.0,0.0,0.0,88.89,0.82,3.78,6.08,0.56,63.32,60.89,59.58,-111,4.2
2026-09-07 11:08:13,Pasillo Decanato Civil,57.68,Mixed,64.76,63.93,Group 1 (Common),58.8,45.8,0.0,0.0,0.0,64.76,28.3,0.09,5.3,1.74,63.97,50.87,43.11,-103,11.2
2026-09-07 11:08:16,Lobby Civil,62.52,Group 1 (Common),99.18,69.97,Group 1 (Common),64.74,0.0,0.0,0.0,0.0,99.18,0.0,0.17,0.52,0.0,65.29,61.78,57.87,-121,7.5
2026-09-07 11:08:17,Pasillo Salones Eléctrica,66.08,Group 1 (Common),99.44,68.73,Group 1 (Common),66.34,0.0,0.0,0.0,0.0,99.44,0.0,0.0,0.22,0.0,68.59,65.11,61.39,-97,12.5
2026-09-07 11:08:20,Laboratorios Eléctrica Centro,66.68,Group 1 (Common),99.48,69.15,Group 1 (Common),67.1,0.0,0.0,0.0,0.0,99.48,0.0,0.17,0.0,0.17,69.36,66.64,63.58,-101,12.5
2026-09-07 11:08:21,Pasillo Salones Civil,67.49,Group 1 (Common),98.26,70.46,Group 1 (Common),68.3,0.0,0.0,0.0,0.0,98.26,0.0,0.0,1.43,0.0,69.86,67.7,64.29,-105,8.2
2026-09-07 11:08:24,Pasillo Decanato Eléctrica,60.26,Group 1 (Common),97.22,62.0,Group 1 (Common),60.22,0.0,0.0,0.0,0.0,97.22,0.52,0.17,1.74,0.35,62.43,59.44,57.73,-105,11.0
2026-09-07 11:08:27,Laboratorios Civil Superior,58.6,Mixed,60.33,61.24,Group 2 (Impact),58.8,60.41,0.0,0.0,54.57,60.33,25.69,0.0,5.56,8.46,61.99,57.49,53.75,-110,2.5
2026-09-07 11:08:31,Salón - Uma Civil,68.31,Mixed,65.02,72.08,Group 1 (Common),68.63,0.0,0.0,59.16,0.0,65.02,3.73,0.0,31.08,0.0,72.32,68.92,59.18,-101,11.5
2026-09-07 11:08:39,Salón - Extremo Civil,68.31,Group 1 (Common),88.37,73.7,Group 1 (Common),69.85,0.0,0.0,0.0,0.0,88.37,0.0,0.0,11.41,0.0,70.87,68.17,60.87,-90,12.5
2026-09-07 11:08:48,Salón - Extremo Eléctrica,64.22,Mixed,46.14,69.73,Group 1 (Common),64.28,52.77,0.0,67.97,0.0,42.84,9.51,0.17,46.14,1.26,69.7,60.58,50.7,-88,10.2
2026-09-07 11:08:52,Salón - Uma Eléctrica,52.59,Group 1 (Common),77.65,55.96,Group 1 (Common),53.61,0.0,47.39,52.82,0.0,77.65,1.35,9.2,11.72,0.0,56.13,52.23,42.92,-108,9.2
2026-09-07 11:09:03,Laboratorios Eléctrica Inferior,59.47,Mixed,54.34,62.77,Group 1 (Common),59.41,0.0,0.0,0.0,57.68,43.84,0.39,0.3,1.09,54.34,62.93,58.06,56.57,-107,8.0
2026-09-07 11:10:57,Laboratorios Civil Inferior,50.14,Mixed,65.49,52.31,Group 1 (Common),50.48,0.0,0.0,0.0,51.66,65.49,0.3,0.0,0.22,33.85,52.65,49.76,47.36,-121,-4.5
2026-09-07 11:13:04,Laboratorios Civil Central,66.69,Group 1 (Common),88.93,69.36,Group 5 (Vehicle),65.2,0.0,0.0,0.0,68.78,88.93,0.3,0.09,0.26,10.5,70.08,65.55,64.36,-108,6.2
2026-09-07 11:13:10,Lobby Eléctrica,64.77,Group 1 (Common),87.15,65.59,Group 1 (Common),64.78,0.0,0.0,0.0,0.0,87.15,1.39,1.04,9.98,0.3,65.92,64.76,63.92,-92,12.0
2026-09-07 11:13:10,Laboratorios Eléctrica Superior,56.15,Group 1 (Common),98.52,58.54,Group 1 (Common),56.29,0.0,0.0,0.0,0.0,98.52,0.65,0.0,0.39,0.3,58.88,55.33,52.65,-99,13.0
2026-09-07 11:13:13,Pasillo Decanato Civil,58.94,Group 1 (Common),85.74,63.9,Group 1 (Common),60.95,0.0,0.0,57.98,0.0,85.74,0.24,0.0,13.77,0.1,61.07,59.67,52.34,-103,9.0
2026-09-07 11:13:16,Lobby Civil,69.91,Mixed,60.42,72.48,Group 1 (Common),68.13,0.0,0.0,70.93,0.0,60.42,4.17,0.0,35.42,0.0,72.42,69.16,64.71,-102,9.2
2026-09-07 11:13:17,Pasillo Salones Eléctrica,71.44,Group 1 (Common),99.61,74.26,Group 1 (Common),72.13,0.0,0.0,0.0,0.0,99.61,0.0,0.0,0.0,0.0,74.17,71.19,68.71,-99,11.2
2026-09-07 11:13:20,Laboratorios Eléctrica Centro,68.83,Group 1 (Common),99.61,70.99,Group 1 (Common),67.96,0.0,0.0,0.0,0.0,99.61,0.0,0.04,0.0,0.0,71.06,67.87,64.98,-109,7.2
2026-09-07 11:13:22,Pasillo Salones Civil,62.08,Group 1 (Common),87.5,63.88,Group 1 (Common),62.0,0.0,0.0,62.63,0.0,87.5,0.69,0.0,11.68,0.0,64.54,61.72,60.1,-107,10.5
2026-09-07 11:13:24,Pasillo Decanato Eléctrica,57.16,Group 1 (Common),89.11,58.24,Group 1 (Common),57.45,0.0,0.0,0.0,0.0,89.11,0.43,0.69,1.3,8.33,58.05,57.21,55.53,-101,10.8
2026-09-07 11:13:27,Laboratorios Civil Superior,68.54,Group 1 (Common),98.74,70.43,Group 1 (Common),68.67,0.0,0.0,0.0,0.0,98.74,0.0,0.0,1.09,0.0,70.68,68.3,65.24,-106,6.8
2026-09-07 11:13:31,Salón - Uma Civil,43.13,Silence,0.0,44.88,Silence,0.0,0.0,0.0,0.0,0.0,0.0,0.0,0.0,0.0,0.0,44.83,42.77,41.45,-113,0.8
2026-09-07 11:13:39,Salón - Extremo Civil,58.89,Mixed,61.43,65.23,Group 1 (Common),61.31,43.59,46.38,0.0,0.0,61.43,24.9,6.93,3.22,3.56,65.68,44.15,36.62,-101,8.2
2026-09-07 11:13:48,Salón - Extremo Eléctrica,60.92,Mixed,53.95,63.53,Group 4 (Person),60.96,0.0,0.0,61.9,59.2,20.31,0.04,0.04,53.95,25.61,63.87,60.8,54.55,-91,10.2
2026-09-07 11:13:52,Salón - Uma Eléctrica,53.53,Group 1 (Common),87.59,56.42,Group 1 (Common),53.31,50.39,0.0,0.0,0.0,87.59,10.94,0.04,1.35,0.0,56.36,53.15,49.39,-117,-1.8
2026-09-07 11:14:03,Laboratorios Eléctrica Inferior,58.6,Group 1 (Common),98.87,60.8,Group 1 (Common),58.96,0.0,0.0,0.0,0.0,98.87,0.0,0.0,0.43,0.65,60.12,58.1,56.22,-113,9.2
2026-09-07 11:15:57,Laboratorios Civil Inferior,48.65,Mixed,53.82,49.47,Group 1 (Common),49.15,48.5,0.0,0.0,48.19,23.26,17.62,0.78,4.47,53.82,49.45,48.9,47.78,-120,-7.0
2026-09-07 11:18:04,Laboratorios Civil Central,64.1,Mixed,50.04,64.52,Group 5 (Vehicle),64.12,0.0,0.0,0.0,64.1,50.04,0.78,0.0,0.39,48.7,64.47,64.03,63.8,-99,9.2
2026-09-07 11:18:04,Lobby Eléctrica,61.95,Mixed,64.11,63.85,Group 1 (Common),62.1,0.0,0.0,61.7,0.0,64.11,2.13,0.04,33.77,0.04,64.23,62.05,57.93,-97,12.0
2026-09-07 11:18:10,Laboratorios Eléctrica Superior,64.74,Group 1 (Common),93.97,67.33,Group 1 (Common),64.18,0.0,0.0,0.0,0.0,93.97,0.04,4.43,1.43,0.04,67.46,64.59,58.84,-96,11.8
2026-09-07 11:18:18,Pasillo Decanato Civil,52.64,Group 4 (Person),95.88,55.92,Group 4 (Person),0.0,0.0,0.0,52.75,0.0,3.17,0.69,0.0,95.88,0.0,55.76,52.99,46.75,-107,12.0
2026-09-07 11:18:18,Lobby Civil,64.34,Group 1 (Common),99.0,67.54,Group 1 (Common),63.36,0.0,0.0,0.0,0.0,99.0,0.0,0.22,0.61,0.0,67.81,63.87,59.54,-101,10.5
2026-09-07 11:18:18,Pasillo Salones Eléctrica,51.71,Group 1 (Common),89.24,53.76,Group 1 (Common),51.02,0.0,0.0,0.0,0.0,89.24,3.13,7.16,0.17,0.22,54.84,51.14,46.77,-101,10.8
2026-09-07 11:18:20,Laboratorios Eléctrica Centro,68.99,Group 1 (Common),98.31,70.71,Group 1 (Common),68.78,0.0,0.0,0.0,0.0,98.31,0.0,0.0,1.43,0.0,71.09,68.99,66.44,-102,11.8
2026-09-07 11:18:22,Pasillo Salones Civil,69.28,Group 1 (Common),99.61,73.53,Group 1 (Common),70.31,0.0,0.0,0.0,0.0,99.61,0.0,0.0,0.0,0.0,72.72,68.4,63.41,-97,13.2
2026-09-07 11:18:24,Pasillo Decanato Eléctrica,73.18,Group 1 (Common),78.37,76.98,Group 4 (Person),72.18,0.0,0.0,76.19,0.0,78.37,0.44,0.0,21.19,0.0,78.38,72.14,67.79,-118,-0.2
2026-09-07 11:18:27,Laboratorios Civil Superior,55.18,Group 1 (Common),93.97,57.4,Group 1 (Common),54.77,0.0,0.0,0.0,0.0,93.97,0.48,0.0,0.04,5.43,58.15,55.03,51.62,-108,9.8
2026-09-07 11:18:31,Salón - Uma Civil,56.23,Group 4 (Person),85.5,62.92,Group 4 (Person),0.0,47.16,0.0,55.25,0.0,0.09,7.99,0.78,85.5,5.47,63.8,54.97,45.33,-107,10.2
2026-09-07 11:18:39,Salón - Extremo Civil,73.93,Mixed,65.45,79.15,Group 4 (Person),54.71,0.0,0.0,77.81,0.0,65.45,0.09,0.78,33.64,0.0,80.76,55.55,50.24,-96,12.5
2026-09-07 11:18:48,Salón - Extremo Eléctrica,66.28,Group 4 (Person),84.28,70.17,Group 5 (Vehicle),0.0,0.0,0.0,65.64,69.46,3.96,0.0,0.0,84.28,11.47,70.96,64.03,58.72,-91,8.2
2026-09-07 11:18:52,Salón - Uma Eléctrica,58.98,Mixed,44.82,62.69,Group 4 (Person),60.35,53.73,0.0,61.37,48.34,25.05,15.87,0.49,44.82,13.72,63.43,56.72,47.66,-107,10.0
2026-09-07 11:19:03,Laboratorios Eléctrica Inferior,63.24,Group 1 (Common),97.41,64.5,Group 1 (Common),62.73,0.0,0.0,0.0,0.0,97.41,0.05,0.0,0.05,2.29,65.1,63.15,60.35,-107,8.8
2026-09-07 11:20:57,Laboratorios Civil Inferior,51.19,Mixed,52.47,52.67,Group 5 (Vehicle),50.97,0.0,0.0,0.0,52.18,52.47,4.51,0.0,0.35,42.53,52.51,51.02,50.1,-115,-0.8
2026-09-07 11:23:04,Laboratorios Civil Central,64.2,Mixed,60.72,65.93,Group 5 (Vehicle),64.26,0.0,0.0,0.0,65.43,60.72,0.39,0.0,0.61,38.06,65.0,63.92,63.26,-114,-1.0
2026-09-07 11:23:04,Lobby Eléctrica,66.38,Group 1 (Common),80.3,70.81,Group 1 (Common),65.17,0.0,0.0,0.0,55.28,80.3,0.43,0.0,0.43,18.88,70.72,55.58,53.41,-111,2.8
2026-09-07 11:23:10,Laboratorios Eléctrica Superior,67.39,Group 1 (Common),97.66,68.59,Group 1 (Common),67.79,0.0,0.0,0.0,0.0,97.66,0.0,0.0,2.17,0.0,68.52,67.94,63.83,-102,11.8
2026-09-07 11:23:13,Pasillo Decanato Civil,61.16,Mixed,66.75,68.66,Group 4 (Person),0.0,50.89,0.0,62.68,51.27,0.17,66.75,2.34,23.31,7.47,70.3,51.78,47.15,-111,3.2
2026-09-07 11:23:16,Lobby Civil,61.85,Mixed,55.69,65.5,Group 4 (Person),61.32,0.0,0.0,63.67,63.79,55.69,0.91,0.52,19.05,23.74,66.52,61.51,55.97,-96,12.0
2026-09-07 11:23:17,Pasillo Salones Eléctrica,51.55,Group 1 (Common),89.32,54.33,Group 1 (Common),51.7,0.0,0.0,0.0,0.0,89.32,7.51,0.91,1.78,0.35,54.07,51.11,49.91,-102,8.2
2026-09-07 11:23:20,Laboratorios Eléctrica Centro,64.49,Group 1 (Common),99.09,65.67,Group 1 (Common),64.2,0.0,0.0,0.0,0.0,99.09,0.0,0.52,0.04,0.04,65.8,64.36,62.97,-101,6.2
2026-09-07 11:23:27,Pasillo Salones Civil,57.28,Group 1 (Common),98.39,59.58,Group 1 (Common),57.14,0.0,0.0,0.0,0.0,98.39,0.0,1.09,0.0,0.3,59.96,56.98,54.41,-109,6.5
2026-09-07 11:23:27,Pasillo Decanato Eléctrica,57.32,Group 1 (Common),99.61,58.24,Group 1 (Common),57.22,0.0,0.0,0.0,0.0,99.61,0.0,0.0,0.0,0.05,58.17,57.46,55.56,-105,12.0
2026-09-07 11:23:27,Laboratorios Civil Superior,57.68,Mixed,56.51,62.4,Group 2 (Impact),53.55,61.51,0.0,0.0,53.41,56.51,21.27,0.04,1.91,20.31,64.32,54.64,51.67,-107,7.5
2026-09-07 11:23:31,Salón - Uma Civil,51.72,Mixed,61.02,56.79,Group 5 (Vehicle),47.42,49.17,0.0,0.0,56.84,19.27,61.02,0.3,4.12,15.36,58.79,43.97,41.79,-111,9.8
2026-09-07 11:23:39,Salón - Extremo Civil,42.57,Silence,0.0,44.92,Silence,0.0,0.0,0.0,0.0,0.0,0.0,0.0,0.0,0.0,0.0,45.26,43.53,37.41,-91,12.2
2026-09-07 11:23:48,Salón - Extremo Eléctrica,62.17,Mixed,54.59,73.59,Group 1 (Common),69.65,53.71,0.0,0.0,0.0,54.59,21.92,0.0,20.07,3.37,69.82,54.7,50.35,-87,9.0
2026-09-07 11:23:52,Salón - Uma Eléctrica,40.34,Silence,0.0,62.4,Silence,0.0,0.0,0.0,0.0,0.0,0.0,0.0,0.0,0.0,0.0,43.47,39.59,37.89,-108,9.8
2026-09-07 11:24:03,Laboratorios Eléctrica Inferior,64.12,Group 1 (Common),99.56,66.35,Group 1 (Common),64.51,0.0,0.0,0.0,0.0,99.56,0.05,0.0,0.05,0.05,65.44,64.06,62.61,-115,0.5
2026-09-07 11:25:57,Laboratorios Civil Inferior,50.43,Group 1 (Common),76.43,51.98,Group 1 (Common),50.8,0.0,0.0,0.0,0.0,76.43,0.13,0.0,0.04,23.39,51.58,50.53,49.22,-119,-6.2
2026-09-07 11:28:04,Laboratorios Civil Central,63.91,Group 1 (Common),70.21,64.36,Group 1 (Common),63.93,0.0,0.0,0.0,63.82,70.21,2.25,0.0,1.61,25.93,64.4,63.91,63.52,-115,2.0
2026-09-07 11:28:04,Lobby Eléctrica,59.68,Group 1 (Common),99.61,63.25,Group 1 (Common),58.46,0.0,0.0,0.0,0.0,99.61,0.0,0.05,0.0,0.0,63.76,58.02,54.79,-103,9.2
2026-09-07 11:28:10,Laboratorios Eléctrica Superior,59.69,Group 1 (Common),99.39,62.72,Group 1 (Common),60.35,0.0,0.0,0.0,0.0,99.39,0.0,0.22,0.13,0.0,62.42,59.62,54.13,-101,8.8
2026-09-07 11:28:13,Pasillo Decanato Civil,38.98,Silence,0.0,41.62,Silence,0.0,0.0,0.0,0.0,0.0,0.0,0.0,0.0,0.0,0.0,40.1,39.27,37.11,-115,5.0
2026-09-07 11:28:16,Lobby Civil,60.57,Group 1 (Common),99.17,63.04,Group 1 (Common),60.69,0.0,0.0,0.0,0.0,99.17,0.24,0.0,0.1,0.24,63.85,59.98,57.85,-99,12.0
2026-09-07 11:28:17,Pasillo Salones Eléctrica,58.02,Mixed,67.29,59.72,Group 1 (Common),57.27,0.0,55.45,0.0,58.14,67.29,1.46,12.3,1.56,17.29,59.72,57.89,55.02,-105,11.2
2026-09-07 11:28:20,Laboratorios Eléctrica Centro,68.59,Group 1 (Common),99.32,70.0,Group 1 (Common),67.94,0.0,0.0,0.0,0.0,99.32,0.0,0.24,0.15,0.05,70.5,68.19,67.25,-101,10.5
2026-09-07 11:28:22,Pasillo Salones Civil,62.19,Group 1 (Common),91.55,65.1,Group 1 (Common),61.29,0.0,0.0,0.0,0.0,91.55,0.0,0.0,8.3,0.0,65.72,60.17,56.7,-91,12.5
2026-09-07 11:28:24,Pasillo Decanato Eléctrica,56.45,Group 1 (Common),99.31,57.04,Group 1 (Common),56.34,0.0,0.0,0.0,0.0,99.31,0.0,0.0,0.0,0.48,57.01,56.56,55.37,-107,12.0
2026-09-07 11:28:27,Laboratorios Civil Superior,59.85,Mixed,58.25,63.45,Group 4 (Person),54.69,0.0,0.0,61.86,0.0,58.25,0.0,0.0,37.35,4.2,64.32,59.63,50.96,-119,2.8
2026-09-07 11:28:33,Salón - Uma Civil,56.46,Mixed,53.34,65.47,Group 1 (Common),66.71,51.41,0.0,59.78,0.0,16.23,29.86,0.0,53.34,0.52,62.44,55.46,40.25,-113,1.0
2026-09-07 11:28:39,Salón - Extremo Civil,68.53,Group 4 (Person),99.61,71.08,Group 4 (Person),0.0,0.0,0.0,68.49,0.0,0.0,0.0,0.0,99.61,0.0,71.07,68.1,59.76,-93,9.5
2026-09-07 11:28:48,Salón - Extremo Eléctrica,66.75,Group 1 (Common),98.91,68.62,Group 1 (Common),67.53,0.0,0.0,0.0,0.0,98.91,0.0,0.0,1.0,0.0,68.48,67.12,62.47,-90,9.5
2026-09-07 11:28:52,Salón - Uma Eléctrica,41.0,Silence,0.0,41.98,Silence,0.0,0.0,0.0,0.0,0.0,0.0,0.0,0.0,0.0,0.0,42.53,41.05,39.63,-109,-0.2
2026-09-07 11:29:03,Laboratorios Eléctrica Inferior,68.77,Group 1 (Common),99.44,70.29,Group 1 (Common),69.03,0.0,0.0,0.0,0.0,99.44,0.0,0.0,0.04,0.22,70.83,68.93,64.88,-120,-7.0
2026-09-07 11:30:57,Laboratorios Civil Inferior,50.41,Group 1 (Common),93.88,51.86,Group 1 (Common),50.67,0.0,0.0,0.0,0.0,93.88,1.95,0.0,0.52,3.82,51.2,50.37,49.61,-120,-8.5
2026-09-07 11:33:04,Laboratorios Civil Central,67.19,Mixed,57.96,70.14,Group 1 (Common),67.35,68.97,0.0,0.0,65.17,57.96,14.4,0.49,7.67,19.38,70.79,65.96,64.64,-113,5.2
2026-09-07 11:33:04,Lobby Eléctrica,64.86,Group 1 (Common),99.41,66.19,Group 1 (Common),64.7,0.0,0.0,0.0,0.0,99.41,0.0,0.24,0.0,0.0,66.69,64.09,61.3,-113,8.5
2026-09-07 11:33:10,Laboratorios Eléctrica Superior,66.2,Group 1 (Common),99.44,68.18,Group 1 (Common),66.44,0.0,0.0,0.0,0.0,99.44,0.22,0.0,0.0,0.0,67.97,65.85,63.12,-99,12.0
2026-09-07 11:33:13,Pasillo Decanato Civil,46.12,Group 1 (Common),74.44,48.33,Group 1 (Common),45.88,0.0,0.0,0.0,0.0,74.44,14.06,0.3,2.86,8.38,49.36,45.84,43.78,-99,8.2
2026-09-07 11:33:16,Lobby Civil,69.05,Group 1 (Common),99.61,71.53,Group 1 (Common),69.12,0.0,0.0,0.0,0.0,99.61,0.0,0.0,0.0,0.0,71.53,68.6,64.83,-101,13.2
2026-09-07 11:33:17,Pasillo Salones Eléctrica,44.29,Silence,0.0,48.51,Silence,0.0,0.0,0.0,0.0,0.0,0.0,0.0,0.0,0.0,0.0,49.2,41.01,38.51,-102,11.8
2026-09-07 11:33:20,Laboratorios Eléctrica Centro,66.9,Group 1 (Common),99.41,68.51,Group 1 (Common),67.05,0.0,0.0,0.0,0.0,99.41,0.0,0.34,0.0,0.1,68.7,66.96,64.16,-100,10.0
2026-09-07 11:33:22,Pasillo Salones Civil,56.35,Group 1 (Common),99.61,58.17,Group 1 (Common),56.05,0.0,0.0,0.0,0.0,99.61,0.0,0.0,0.05,0.0,58.82,56.16,52.23,-103,10.8
2026-09-07 11:33:24,Pasillo Decanato Eléctrica,56.89,Group 1 (Common),99.61,57.86,Group 1 (Common),56.96,0.0,0.0,0.0,0.0,99.61,0.0,0.0,0.0,0.04,58.44,56.6,56.11,-107,8.2
2026-09-07 11:33:27,Laboratorios Civil Superior,58.13,Mixed,40.23,61.13,Group 3 (Rotary Tool),58.59,58.32,60.95,0.0,59.07,16.55,25.1,11.96,6.05,40.23,59.16,58.35,56.07,-102,8.0
2026-09-07 11:33:31,Salón - Uma Civil,64.76,Mixed,50.48,69.16,Group 4 (Person),65.59,0.0,0.0,66.2,0.0,50.48,0.69,0.0,48.74,0.0,69.9,63.15,50.01,-103,10.0
2026-09-07 11:33:43,Salón - Extremo Civil,66.75,Mixed,59.11,72.5,Group 4 (Person),60.07,0.0,0.0,66.88,0.0,59.11,3.95,0.04,35.37,1.48,73.58,58.02,40.68,-89,11.8
2026-09-07 11:33:48,Salón - Extremo Eléctrica,63.01,Group 4 (Person),89.06,65.6,Group 4 (Person),0.0,0.0,0.0,62.38,48.42,0.52,0.09,0.17,89.06,9.85,65.08,63.28,58.37,-87,10.5
2026-09-07 11:33:53,Salón - Uma Eléctrica,69.71,Mixed,36.55,75.78,Group 4 (Person),67.1,73.57,0.0,72.97,0.0,30.64,17.27,11.02,36.55,4.51,74.68,68.86,61.72,-107,10.8
2026-09-07 11:34:04,Laboratorios Eléctrica Inferior,68.86,Group 1 (Common),97.79,69.85,Group 1 (Common),68.76,0.0,0.0,0.0,0.0,97.79,0.0,0.0,2.0,0.0,70.38,68.93,67.77,-118,-8.2
2026-09-07 11:35:57,Laboratorios Civil Inferior,48.98,Mixed,50.73,49.97,Group 1 (Common),49.12,0.0,0.0,0.0,48.95,50.73,7.13,0.2,0.98,41.02,50.27,48.66,48.21,-119,-14.5
2026-09-07 11:38:04,Laboratorios Civil Central,64.82,Mixed,48.57,65.58,Group 5 (Vehicle),64.42,64.95,0.0,0.0,64.79,32.34,11.24,0.39,7.51,48.57,65.76,64.77,64.03,-114,4.8
2026-09-07 11:38:05,Lobby Eléctrica,60.49,Mixed,66.88,61.78,Group 1 (Common),60.8,0.0,0.0,0.0,59.09,66.88,1.52,1.95,7.29,22.27,62.23,60.7,58.78,-113,6.8
2026-09-07 11:38:10,Laboratorios Eléctrica Superior,66.35,Group 1 (Common),99.61,69.56,Group 1 (Common),66.08,0.0,0.0,0.0,0.0,99.61,0.0,0.0,0.0,0.04,69.98,65.79,62.6,-99,11.0
2026-09-07 11:38:13,Pasillo Decanato Civil,38.93,Silence,0.0,40.43,Silence,0.0,0.0,0.0,0.0,0.0,0.0,0.0,0.0,0.0,0.0,40.52,38.95,37.37,-103,11.8
2026-09-07 11:38:16,Lobby Civil,68.02,Group 1 (Common),97.09,73.39,Group 1 (Common),68.48,0.0,0.0,0.0,0.0,97.09,0.17,0.65,2.13,0.13,72.91,64.18,60.83,-100,12.0
2026-09-07 11:38:17,Pasillo Salones Eléctrica,45.93,Mixed,44.62,48.18,Group 3 (Rotary Tool),45.29,0.0,46.77,0.0,47.04,30.9,1.43,44.62,3.52,19.57,48.13,45.63,43.77,-101,12.5
2026-09-07 11:38:20,Laboratorios Eléctrica Centro,69.78,Group 1 (Common),99.35,71.26,Group 1 (Common),70.02,0.0,0.0,0.0,0.0,99.35,0.0,0.0,0.3,0.09,71.21,69.92,67.85,-97,11.8
2026-09-07 11:38:22,Pasillo Salones Civil,57.14,Group 1 (Common),91.54,60.5,Group 4 (Person),56.72,0.0,0.0,59.93,0.0,91.54,0.04,0.0,8.2,0.0,61.82,56.62,52.62,-93,14.5
2026-09-07 11:38:24,Pasillo Decanato Eléctrica,57.06,Group 1 (Common),98.96,58.24,Group 1 (Common),56.73,0.0,0.0,0.0,0.0,98.96,0.13,0.0,0.04,0.78,58.21,56.92,56.13,-101,10.5
2026-09-07 11:38:27,Laboratorios Civil Superior,52.29,Mixed,65.02,53.48,Group 1 (Common),52.7,0.0,0.0,0.0,51.44,65.02,0.0,0.0,0.0,34.94,53.35,52.73,50.64,-109,8.5
2026-09-07 11:38:31,Salón - Uma Civil,58.2,Group 1 (Common),74.09,60.8,Group 1 (Common),58.64,0.0,0.0,57.63,0.0,74.09,0.52,0.0,25.35,0.0,61.54,57.43,50.25,-103,12.0
2026-09-07 11:38:39,Salón - Extremo Civil,73.86,Group 4 (Person),77.6,79.36,Group 4 (Person),66.3,0.0,0.0,71.52,0.0,22.09,0.0,0.0,77.6,0.0,80.51,70.05,67.57,-95,12.0
2026-09-07 11:38:48,Salón - Extremo Eléctrica,63.72,Mixed,47.18,65.06,Group 5 (Vehicle),62.34,0.0,0.0,63.49,64.61,39.02,0.0,0.0,47.18,13.76,65.8,64.24,60.38,-93,9.2
2026-09-07 11:38:58,Salón - Uma Eléctrica,64.08,Group 4 (Person),94.05,69.02,Group 4 (Person),58.82,0.0,0.0,64.23,0.0,5.64,0.0,0.0,94.05,0.0,69.37,60.65,54.97,-111,-0.2
2026-09-07 11:39:04,Laboratorios Eléctrica Inferior,61.68,Group 1 (Common),98.87,64.24,Group 1 (Common),61.55,0.0,0.0,0.0,0.0,98.87,0.09,0.0,0.26,0.52,64.71,61.12,58.78,-105,9.8
2026-09-07 11:40:57,Laboratorios Civil Inferior,49.78,Mixed,59.42,51.9,Group 5 (Vehicle),50.75,49.09,0.0,0.0,50.1,27.69,10.21,1.22,1.56,59.42,51.63,49.62,48.57,-113,-0.2
2026-09-07 11:43:04,Laboratorios Civil Central,64.11,Mixed,49.96,64.44,Group 1 (Common),63.99,64.16,0.0,0.0,0.0,49.96,22.31,0.0,3.73,24.0,64.32,64.1,63.85,-113,6.5
2026-09-07 11:43:05,Lobby Eléctrica,63.5,Group 1 (Common),99.61,64.16,Group 1 (Common),63.17,0.0,0.0,0.0,0.0,99.61,0.0,0.0,0.0,0.0,64.44,63.46,62.6,-115,2.2
2026-09-07 11:43:10,Laboratorios Eléctrica Superior,68.4,Group 1 (Common),99.39,69.88,Group 1 (Common),68.7,0.0,0.0,0.0,0.0,99.39,0.04,0.0,0.43,0.0,70.43,68.24,66.85,-96,12.0
2026-09-07 11:43:13,Pasillo Decanato Civil,45.24,Mixed,46.48,51.59,Group 5 (Vehicle),42.52,48.09,0.0,48.28,50.43,46.48,15.71,7.81,9.03,21.01,53.03,42.38,40.23,-101,11.8
2026-09-07 11:43:16,Lobby Civil,67.89,Group 1 (Common),77.78,71.27,Group 4 (Person),67.06,0.0,0.0,70.35,0.0,77.78,0.0,0.0,22.14,0.0,72.52,66.25,63.01,-101,10.0
2026-09-07 11:43:17,Pasillo Salones Eléctrica,51.21,Group 1 (Common),75.04,53.91,Group 1 (Common),50.41,48.35,0.0,52.5,0.0,75.04,11.07,2.08,9.85,1.95,54.57,50.35,47.39,-99,13.0
2026-09-07 11:43:20,Laboratorios Eléctrica Centro,67.86,Group 1 (Common),98.26,71.06,Group 1 (Common),67.3,0.0,0.0,0.0,0.0,98.26,0.0,1.43,0.0,0.0,71.32,66.16,63.92,-105,5.5
2026-09-07 11:43:22,Pasillo Salones Civil,68.28,Group 1 (Common),84.2,71.55,Group 1 (Common),69.09,0.0,0.0,68.39,0.0,84.2,0.0,0.0,15.58,0.0,70.01,68.03,67.18,-105,9.0
2026-09-07 11:43:24,Pasillo Decanato Eléctrica,56.77,Group 1 (Common),98.61,57.63,Group 1 (Common),56.84,0.0,0.0,0.0,0.0,98.61,0.3,0.0,0.22,0.74,57.13,56.79,56.2,-117,-3.2
2026-09-07 11:43:27,Laboratorios Civil Superior,58.58,Group 1 (Common),99.61,61.1,Group 1 (Common),58.72,0.0,0.0,0.0,0.0,99.61,0.0,0.0,0.0,0.0,62.24,58.07,55.31,-111,9.2
2026-09-07 11:43:31,Salón - Uma Civil,63.48,Group 1 (Common),94.66,66.54,Group 1 (Common),63.05,0.0,0.0,0.0,0.0,94.66,0.0,0.17,5.03,0.0,67.76,62.19,53.36,-107,12.0
2026-09-07 11:43:39,Salón - Extremo Civil,79.91,Mixed,57.77,82.45,Group 4 (Person),80.27,0.0,0.0,79.96,0.0,42.1,0.0,0.0,57.77,0.0,83.06,78.42,75.54,-93,13.8
2026-09-07 11:43:48,Salón - Extremo Eléctrica,50.8,Mixed,42.19,58.0,Group 4 (Person),45.66,54.3,0.0,57.35,0.0,42.19,18.92,0.0,38.15,0.65,58.39,47.03,36.68,-89,8.8
2026-09-07 11:43:53,Salón - Uma Eléctrica,68.29,Group 4 (Person),78.56,71.55,Group 4 (Person),65.67,0.0,0.0,67.78,0.0,15.23,5.95,0.0,78.56,0.0,73.18,66.94,59.22,-117,-3.0
2026-09-07 11:44:04,Laboratorios Eléctrica Inferior,62.21,Group 1 (Common),95.57,65.11,Group 1 (Common),62.7,0.0,0.0,0.0,0.0,95.57,0.04,0.0,0.3,3.86,63.94,62.4,59.72,-105,11.2
2026-09-07 11:45:57,Laboratorios Civil Inferior,50.65,Mixed,63.41,53.15,Group 1 (Common),51.71,0.0,0.0,0.0,49.08,63.41,0.61,0.09,0.3,35.46,53.68,49.8,47.61,-120,-10.8
2026-09-07 11:48:04,Laboratorios Civil Central,64.85,Mixed,68.53,65.86,Group 1 (Common),64.89,0.0,0.0,0.0,64.81,68.53,3.34,0.04,2.3,25.65,65.9,64.58,64.26,-109,5.8
2026-09-07 11:48:05,Lobby Eléctrica,66.16,Mixed,66.62,69.02,Group 4 (Person),63.54,0.0,0.0,67.46,0.0,66.62,0.22,0.0,32.9,0.0,69.17,64.1,62.87,-105,10.5
2026-09-07 11:48:10,Laboratorios Eléctrica Superior,51.95,Group 1 (Common),78.56,55.57,Group 1 (Common),52.41,0.0,52.77,0.0,0.0,78.56,0.09,17.93,0.0,3.26,53.81,52.49,48.07,-99,11.8
2026-09-07 11:48:13,Pasillo Decanato Civil,40.61,Silence,0.0,41.95,Silence,0.0,0.0,0.0,0.0,0.0,0.0,0.0,0.0,0.0,0.0,42.05,40.15,38.24,-109,9.8
2026-09-07 11:48:16,Lobby Civil,65.89,Group 1 (Common),99.26,68.34,Group 1 (Common),66.17,0.0,0.0,0.0,0.0,99.26,0.09,0.0,0.56,0.0,68.59,65.84,62.22,-101,8.0
2026-09-07 11:48:17,Pasillo Salones Eléctrica,52.77,Group 1 (Common),86.07,55.56,Group 1 (Common),52.51,0.0,0.0,0.0,0.0,86.07,6.73,0.3,6.94,0.0,55.67,52.54,50.85,-96,11.2
2026-09-07 11:48:20,Laboratorios Eléctrica Centro,66.48,Group 1 (Common),99.61,68.78,Group 1 (Common),67.13,0.0,0.0,0.0,0.0,99.61,0.0,0.04,0.0,0.0,68.5,66.36,64.48,-109,6.5
2026-09-07 11:48:22,Pasillo Salones Civil,64.24,Mixed,55.99,66.61,Group 4 (Person),63.59,0.0,0.0,65.13,0.0,55.99,4.12,0.17,39.15,0.43,66.94,64.06,62.11,-97,12.2
2026-09-07 11:48:24,Pasillo Decanato Eléctrica,56.64,Group 1 (Common),99.48,57.16,Group 1 (Common),56.54,0.0,0.0,0.0,0.0,99.48,0.0,0.0,0.0,0.35,57.37,56.79,55.95,-115,-12.5
2026-09-07 11:48:27,Laboratorios Civil Superior,66.94,Mixed,60.85,70.03,Group 4 (Person),65.06,0.0,0.0,68.85,0.0,60.85,0.35,0.13,35.72,2.82,71.23,66.05,61.86,-105,10.8
2026-09-07 11:48:31,Salón - Uma Civil,55.39,Mixed,31.86,57.87,Group 5 (Vehicle),53.65,55.1,0.0,54.72,57.08,31.86,16.62,3.39,20.36,27.56,58.17,54.56,52.9,-115,-3.8
2026-09-07 11:48:39,Salón - Extremo Civil,73.1,Mixed,66.23,76.12,Group 4 (Person),0.0,0.0,65.85,73.02,57.44,2.99,4.47,13.76,66.23,12.33,77.03,70.42,65.08,-95,13.2
2026-09-07 11:48:48,Salón - Extremo Eléctrica,52.73,Mixed,67.66,57.81,Group 4 (Person),50.41,0.0,0.0,54.25,0.0,28.3,3.78,0.0,67.66,0.0,58.6,51.64,48.14,-84,10.0
2026-09-07 11:48:53,Salón - Uma Eléctrica,60.9,Mixed,54.9,64.52,Group 4 (Person),63.3,49.61,0.0,62.16,56.44,15.36,16.58,0.39,54.9,12.76,65.05,60.7,39.39,-111,7.8
2026-09-07 11:49:04,Laboratorios Eléctrica Inferior,63.89,Group 1 (Common),96.57,67.1,Group 1 (Common),64.92,0.0,0.0,0.0,0.0,96.57,0.04,0.0,3.17,0.04,66.72,63.3,60.06,-99,9.2
2026-09-07 11:50:57,Laboratorios Civil Inferior,61.73,Group 1 (Common),97.79,65.49,Group 1 (Common),62.57,0.0,0.0,0.0,0.0,97.79,0.0,1.82,0.04,0.22,65.49,60.74,58.54,-118,-12.5
2026-09-07 11:53:04,Laboratorios Civil Central,64.82,Mixed,67.58,65.44,Group 1 (Common),64.89,0.0,0.0,0.0,64.66,67.58,0.09,0.0,1.39,30.86,65.54,64.83,64.12,-114,6.2
2026-09-07 11:53:05,Lobby Eléctrica,59.22,Mixed,66.02,62.91,Group 2 (Impact),59.67,62.58,0.0,57.09,0.0,66.02,22.01,0.13,10.68,0.95,60.9,59.78,56.64,-99,11.8
2026-09-07 11:53:10,Laboratorios Eléctrica Superior,60.91,Group 1 (Common),98.18,62.72,Group 1 (Common),60.45,0.0,0.0,0.0,0.0,98.18,0.0,1.43,0.17,0.0,63.29,59.7,58.22,-102,11.8
2026-09-07 11:53:13,Pasillo Decanato Civil,49.41,Mixed,47.12,55.0,Group 2 (Impact),0.0,50.43,0.0,0.0,44.96,9.47,33.69,8.89,0.73,47.12,54.78,39.89,37.54,-105,9.8
2026-09-07 11:53:16,Lobby Civil,65.15,Group 1 (Common),98.39,68.63,Group 1 (Common),65.23,0.0,0.0,0.0,0.0,98.39,0.04,0.22,0.56,0.74,69.23,63.37,59.45,-99,11.8
2026-09-07 11:53:17,Pasillo Salones Eléctrica,47.38,Group 1 (Common),96.88,49.45,Group 1 (Common),47.94,0.0,0.0,0.0,0.0,96.88,1.74,0.78,0.52,0.04,49.62,47.22,42.51,-109,9.0
2026-09-07 11:53:20,Laboratorios Eléctrica Centro,64.13,Group 1 (Common),99.44,65.67,Group 1 (Common),64.32,0.0,0.0,0.0,0.0,99.44,0.0,0.0,0.0,0.26,65.73,64.51,61.38,-109,9.5
2026-09-07 11:53:24,Pasillo Decanato Eléctrica,56.5,Group 1 (Common),99.39,57.46,Group 1 (Common),56.51,0.0,0.0,0.0,0.0,99.39,0.09,0.0,0.0,0.35,57.42,56.53,55.43,-115,-1.0
2026-09-07 11:53:27,Laboratorios Civil Superior,65.12,Mixed,61.55,73.82,Group 1 (Common),71.08,0.0,0.0,64.72,0.0,38.28,0.0,0.0,61.55,0.0,68.86,64.66,58.3,-102,11.5
2026-09-07 11:53:31,Salón - Uma Civil,52.84,Mixed,36.59,58.04,Group 4 (Person),50.77,48.97,0.0,52.31,48.76,5.82,36.28,1.69,36.59,19.66,59.39,50.9,47.73,-111,9.2
2026-09-07 11:53:39,Salón - Extremo Civil,69.47,Group 4 (Person),77.91,72.36,Group 4 (Person),68.78,0.0,0.0,68.85,0.0,21.96,0.0,0.0,77.91,0.0,72.93,69.08,64.47,-93,12.2
2026-09-07 11:53:48,Salón - Extremo Eléctrica,38.68,Silence,0.0,47.34,Silence,0.0,0.0,0.0,0.0,0.0,0.0,0.0,0.0,0.0,0.0,47.62,34.75,33.21,-89,8.2
2026-09-07 11:53:53,Salón - Uma Eléctrica,56.98,Group 4 (Person),74.0,62.84,Group 4 (Person),0.0,38.89,0.0,57.72,0.0,0.0,25.61,0.0,74.0,0.13,63.57,54.17,38.71,-115,3.2
2026-09-07 11:54:04,Laboratorios Eléctrica Inferior,70.63,Group 1 (Common),99.52,72.48,Group 1 (Common),70.69,0.0,0.0,0.0,0.0,99.52,0.0,0.0,0.3,0.0,72.62,70.73,67.54,-120,-1.5
2026-09-07 11:55:57,Laboratorios Civil Inferior,59.68,Mixed,57.81,64.24,Group 2 (Impact),55.58,64.15,0.0,0.0,59.66,28.69,7.55,0.43,5.64,57.81,66.13,56.29,50.34,-119,-8.5
2026-09-07 11:58:04,Laboratorios Civil Central,66.43,Mixed,51.3,69.8,Group 2 (Impact),63.95,68.03,0.0,0.0,64.77,51.3,31.12,0.0,4.95,12.67,71.47,64.44,63.3,-99,12.0
2026-09-07 11:58:05,Lobby Eléctrica,63.61,Group 1 (Common),99.22,64.71,Group 1 (Common),63.77,0.0,0.0,0.0,0.0,99.22,0.0,0.04,0.52,0.0,65.05,63.32,62.26,-117,-2.0
2026-09-07 11:58:10,Laboratorios Eléctrica Superior,67.27,Group 1 (Common),99.26,69.17,Group 1 (Common),67.68,0.0,0.0,0.0,0.0,99.26,0.0,0.04,0.48,0.0,69.55,67.46,64.13,-95,12.0
2026-09-07 11:58:13,Pasillo Decanato Civil,38.86,Silence,0.0,40.16,Silence,0.0,0.0,0.0,0.0,0.0,0.0,0.0,0.0,0.0,0.0,40.27,38.95,36.75,-113,
2026-09-07 11:58:16,Lobby Civil,64.27,Group 1 (Common),97.92,68.56,Group 1 (Common),62.41,0.0,0.0,0.0,0.0,97.92,0.65,0.0,0.52,0.82,69.25,62.53,60.47,-99,11.2
2026-09-07 11:58:17,Pasillo Salones Eléctrica,46.1,Group 1 (Common),73.09,49.07,Group 1 (Common),45.36,0.0,0.0,0.0,46.49,73.09,7.42,2.3,2.17,15.02,49.58,44.82,42.98,-99,12.5
2026-09-07 11:58:20,Laboratorios Eléctrica Centro,70.1,Mixed,55.47,72.39,Group 1 (Common),69.82,0.0,0.0,70.44,0.0,44.27,0.0,0.0,55.47,0.0,72.5,69.42,67.4,-111,8.2
2026-09-07 11:58:22,Pasillo Salones Civil,56.05,Group 1 (Common),99.39,61.08,Group 1 (Common),55.56,0.0,0.0,0.0,0.0,99.39,0.04,0.17,0.17,0.0,62.38,52.88,51.92,-101,6.8
2026-09-07 11:58:24,Pasillo Decanato Eléctrica,56.39,Group 1 (Common),99.56,57.13,Group 1 (Common),56.55,0.0,0.0,0.0,0.0,99.56,0.05,0.0,0.1,0.2,57.32,56.34,55.52,-105,10.5
2026-09-07 11:58:27,Laboratorios Civil Superior,61.47,Mixed,67.84,65.7,Group 4 (Person),60.32,0.0,0.0,64.25,0.0,67.84,0.43,0.0,31.73,0.04,64.73,60.91,58.38,-113,6.5
2026-09-07 11:58:31,Salón - Uma Civil,49.44,Group 1 (Common),78.22,52.26,Group 1 (Common),50.13,47.68,0.0,0.0,0.0,78.22,18.75,0.0,1.86,1.12,53.27,47.83,46.43,-107,12.2
2026-09-07 11:58:39,Salón - Extremo Civil,56.46,Group 1 (Common),91.99,69.6,Group 1 (Common),64.19,0.0,0.0,0.0,0.0,91.99,1.03,1.66,4.83,0.39,62.65,53.15,50.6,-91,12.8
2026-09-07 11:58:48,Salón - Extremo Eléctrica,48.25,Mixed,51.07,55.87,Group 4 (Person),39.83,52.05,0.0,52.73,0.0,51.07,13.48,0.0,35.06,0.29,55.71,36.73,32.7,-89,10.2
2026-09-07 11:58:53,Salón - Uma Eléctrica,60.74,Group 4 (Person),99.61,64.58,Group 4 (Person),0.0,0.0,0.0,61.86,0.0,0.0,0.1,0.0,99.61,0.0,64.88,59.58,56.63,-111,1.2
2026-09-07 11:59:04,Laboratorios Eléctrica Inferior,63.99,Group 1 (Common),98.61,65.18,Group 1 (Common),64.19,0.0,0.0,0.0,0.0,98.61,0.0,0.61,0.65,0.0,65.48,63.98,62.6,-119,-10.0
2026-09-07 12:00:58,Laboratorios Civil Inferior,58.1,Group 1 (Common),93.23,60.21,Group 1 (Common),57.94,0.0,0.0,0.0,0.0,93.23,0.0,0.04,0.0,6.55,60.25,57.58,55.19,-117,-7.2
2026-09-07 12:03:04,Laboratorios Civil Central,63.77,Mixed,54.3,64.95,Group 1 (Common),63.67,62.8,0.0,0.0,63.83,54.3,11.24,0.0,3.08,31.29,65.27,63.69,62.66,-115,-3.0
2026-09-07 12:03:05,Lobby Eléctrica,64.45,Mixed,68.71,66.14,Group 4 (Person),63.89,0.0,0.0,65.52,0.0,68.71,0.26,6.99,21.88,2.0,66.72,63.96,62.5,-101,6.2
2026-09-07 12:03:11,Laboratorios Eléctrica Superior,58.89,Group 1 (Common),95.79,61.18,Group 1 (Common),58.33,0.0,0.0,0.0,0.0,95.79,0.13,0.26,0.48,3.34,61.47,58.42,55.11,-105,11.2
2026-09-07 12:03:13,Pasillo Decanato Civil,43.3,Silence,0.0,48.33,Silence,0.0,0.0,0.0,0.0,0.0,0.0,0.0,0.0,0.0,0.0,50.13,40.28,37.86,-113,7.8
2026-09-07 12:03:16,Lobby Civil,67.04,Group 1 (Common),96.7,69.43,Group 1 (Common),67.68,0.0,0.0,0.0,0.0,96.7,0.0,0.0,3.21,0.0,68.63,66.96,64.29,-103,10.5
2026-09-07 12:03:17,Pasillo Salones Eléctrica,55.1,Group 1 (Common),76.56,58.01,Group 1 (Common),55.25,0.0,50.44,0.0,0.0,76.56,3.04,9.24,11.15,0.0,59.16,54.54,51.68,-107,8.2
2026-09-07 12:03:20,Laboratorios Eléctrica Centro,65.77,Group 1 (Common),99.52,67.89,Group 1 (Common),66.2,0.0,0.0,0.0,0.0,99.52,0.0,0.0,0.0,0.17,68.41,65.11,62.3,-105,8.5
2026-09-07 12:03:22,Pasillo Salones Civil,60.96,Group 1 (Common),99.61,64.99,Group 1 (Common),61.88,0.0,0.0,0.0,0.0,99.61,0.0,0.0,0.0,0.0,62.95,60.54,56.57,-107,10.0
2026-09-07 12:03:24,Pasillo Decanato Eléctrica,58.54,Group 1 (Common),98.93,59.63,Group 1 (Common),58.33,0.0,0.0,0.0,0.0,98.93,0.68,0.0,0.15,0.0,59.89,58.74,56.23,-108,-6.0
2026-09-07 12:03:27,Laboratorios Civil Superior,58.41,Group 1 (Common),99.05,59.77,Group 1 (Common),58.24,0.0,0.0,0.0,0.0,99.05,0.0,0.56,0.04,0.09,60.25,58.04,55.24,-106,9.2
2026-09-07 12:03:31,Salón - Uma Civil,62.92,Mixed,31.42,71.58,Group 1 (Common),67.08,67.38,0.0,61.17,62.58,31.42,23.52,0.04,14.76,30.12,66.62,62.78,56.15,-103,12.0
2026-09-07 12:03:39,Salón - Extremo Civil,55.18,Mixed,68.9,59.81,Group 1 (Common),56.18,50.61,0.0,0.0,0.0,68.9,21.63,1.46,7.86,0.1,58.42,52.2,49.26,-105,11.2
2026-09-07 12:03:48,Salón - Extremo Eléctrica,59.68,Mixed,46.19,63.33,Group 1 (Common),60.91,37.82,0.0,57.03,0.0,46.19,22.02,0.59,28.27,2.93,65.0,58.73,30.62,-95,9.2
2026-09-07 12:03:53,Salón - Uma Eléctrica,62.67,Mixed,57.03,66.15,Group 4 (Person),0.0,59.4,0.0,64.32,0.0,8.35,33.54,0.0,57.03,1.07,66.42,60.06,55.58,-115,-2.0
2026-09-07 12:04:04,Laboratorios Eléctrica Inferior,60.08,Group 1 (Common),78.99,61.48,Group 1 (Common),60.0,0.0,0.0,0.0,59.8,78.99,0.22,0.04,0.61,20.01,61.52,60.24,57.56,-119,-2.2
2026-09-07 12:05:57,Laboratorios Civil Inferior,57.31,Group 1 (Common),90.67,59.48,Group 1 (Common),56.77,0.0,0.0,0.0,52.81,90.67,0.0,0.13,0.0,9.11,59.43,58.22,53.23,-111,-0.2
2026-09-07 12:08:04,Laboratorios Civil Central,64.97,Group 1 (Common),70.65,66.35,Group 5 (Vehicle),64.69,0.0,0.0,0.0,66.17,70.65,0.98,0.0,0.68,27.78,66.41,64.59,63.35,-99,9.0
2026-09-07 12:08:05,Lobby Eléctrica,63.04,Group 1 (Common),99.61,66.11,Group 1 (Common),63.61,0.0,0.0,0.0,0.0,99.61,0.0,0.0,0.0,0.0,66.73,61.94,58.81,-106,8.0
2026-09-07 12:08:10,Laboratorios Eléctrica Superior,64.22,Group 1 (Common),99.61,66.34,Group 1 (Common),64.49,0.0,0.0,0.0,0.0,99.61,0.0,0.0,0.0,0.0,66.38,64.06,59.1,-97,11.2
2026-09-07 12:08:13,Pasillo Decanato Civil,54.6,Mixed,38.5,60.3,Group 4 (Person),52.75,0.0,38.79,56.99,0.0,21.92,8.94,26.35,38.5,4.25,61.03,53.06,38.35,-113,5.5
2026-09-07 12:08:16,Lobby Civil,60.27,Group 1 (Common),94.1,61.17,Group 1 (Common),60.1,0.0,0.0,0.0,0.0,94.1,0.17,0.0,0.65,5.08,61.34,60.34,58.89,-99,12.5
2026-09-07 12:08:17,Pasillo Salones Eléctrica,48.16,Mixed,30.3,51.55,Group 1 (Common),47.89,46.98,47.0,0.0,47.06,26.61,28.34,14.02,0.82,30.3,52.89,46.96,45.35,-105,5.8
2026-09-07 12:08:20,Laboratorios Eléctrica Centro,67.94,Group 1 (Common),99.07,70.94,Group 1 (Common),67.14,0.0,0.0,0.0,0.0,99.07,0.0,0.0,0.59,0.0,71.82,66.26,64.34,-103,9.2
2026-09-07 12:08:22,Pasillo Salones Civil,57.73,Group 1 (Common),94.29,64.36,Group 1 (Common),59.9,0.0,0.0,0.0,0.0,94.29,2.83,0.1,1.32,1.27,62.24,54.61,49.49,-113,7.5
2026-09-07 12:08:24,Pasillo Decanato Eléctrica,61.41,Group 1 (Common),99.61,63.21,Group 1 (Common),61.2,0.0,0.0,0.0,0.0,99.61,0.0,0.0,0.0,0.0,63.13,61.36,59.04,-115,-9.5
2026-09-07 12:08:27,Laboratorios Civil Superior,65.45,Mixed,63.19,68.27,Group 1 (Common),64.68,0.0,60.72,64.44,0.0,63.19,1.09,10.76,23.35,1.22,68.9,65.1,56.64,-109,8.0
2026-09-07 12:08:31,Salón - Uma Civil,59.77,Mixed,44.53,64.87,Group 4 (Person),64.13,0.0,0.0,61.92,59.68,11.41,3.17,0.3,44.53,40.36,65.95,54.93,42.99,-109,7.2
2026-09-07 12:08:39,Salón - Extremo Civil,64.2,Mixed,44.1,68.56,Group 1 (Common),62.35,42.91,0.0,66.59,0.0,44.1,14.84,0.26,37.76,2.95,68.88,59.12,39.25,-93,13.2
2026-09-07 12:08:48,Salón - Extremo Eléctrica,62.2,Group 4 (Person),71.61,63.32,Group 4 (Person),61.96,0.0,0.0,61.7,0.0,28.17,0.0,0.0,71.61,0.0,63.97,62.24,60.12,-86,8.0
2026-09-07 12:08:53,Salón - Uma Eléctrica,57.39,Mixed,35.72,59.5,Group 1 (Common),57.97,53.13,0.0,58.4,52.46,32.64,35.72,0.17,23.09,8.38,60.1,57.17,39.87,-114,4.8
2026-09-07 12:09:04,Laboratorios Eléctrica Inferior,66.06,Group 1 (Common),97.01,68.19,Group 1 (Common),66.2,0.0,0.0,0.0,0.0,97.01,0.09,0.0,0.22,2.47,68.36,64.98,61.78,-111,7.8
2026-09-07 12:10:57,Laboratorios Civil Inferior,50.27,Mixed,53.3,54.36,Group 1 (Common),52.92,0.0,0.0,0.0,49.69,37.28,5.16,2.04,2.26,53.3,53.1,49.92,48.88,-120,-7.5
2026-09-07 12:13:06,Laboratorios Civil Central,64.31,Mixed,68.51,65.04,Group 1 (Common),64.59,0.0,0.0,0.0,64.35,68.51,6.1,0.0,3.22,22.36,64.62,64.35,63.62,-99,13.0
2026-09-07 12:13:06,Lobby Eléctrica,62.01,Group 1 (Common),99.22,64.07,Group 1 (Common),62.42,0.0,0.0,0.0,0.0,99.22,0.0,0.09,0.52,0.13,64.19,61.99,58.59,-115,1.5
2026-09-07 12:13:10,Laboratorios Eléctrica Superior,57.75,Group 1 (Common),89.31,61.93,Group 1 (Common),58.52,0.0,0.0,0.0,0.0,89.31,6.35,0.0,4.15,0.0,60.87,55.59,50.69,-99,9.5
2026-09-07 12:13:13,Pasillo Decanato Civil,52.4,Mixed,39.28,57.73,Group 3 (Rotary Tool),47.11,0.0,54.46,0.0,53.46,39.28,6.47,27.21,0.48,26.61,59.68,49.95,43.1,-103,12.0
2026-09-07 12:13:17,Lobby Civil,73.39,Group 1 (Common),97.01,77.44,Group 1 (Common),71.35,0.0,0.0,0.0,0.0,97.01,0.0,0.0,2.69,0.0,77.61,69.94,63.94,-99,11.8
2026-09-07 12:13:17,Pasillo Salones Eléctrica,50.43,Group 1 (Common),75.61,52.84,Group 1 (Common),50.25,0.0,0.0,0.0,49.06,75.61,2.21,3.34,2.95,15.97,53.48,49.94,48.49,-107,2.8
2026-09-07 12:13:20,Laboratorios Eléctrica Centro,63.54,Mixed,56.45,65.93,Group 1 (Common),64.16,0.0,0.0,64.9,62.02,56.45,0.0,2.54,12.45,28.47,66.56,61.99,60.65,-101,11.8
2026-09-07 12:13:22,Pasillo Salones Civil,62.01,Group 1 (Common),99.37,63.36,Group 1 (Common),61.59,0.0,0.0,0.0,0.0,99.37,0.15,0.1,0.24,0.0,63.36,61.6,59.47,-103,11.2
2026-09-07 12:13:24,Pasillo Decanato Eléctrica,56.24,Group 1 (Common),99.31,56.67,Group 1 (Common),56.18,0.0,0.0,0.0,0.0,99.31,0.3,0.0,0.04,0.17,56.57,56.33,55.72,-107,9.2
2026-09-07 12:13:27,Laboratorios Civil Superior,59.21,Group 1 (Common),99.61,61.11,Group 1 (Common),58.73,0.0,0.0,0.0,0.0,99.61,0.0,0.13,0.13,0.0,61.14,59.2,56.46,-114,2.8
2026-09-07 12:13:31,Salón - Uma Civil,54.51,Mixed,48.96,58.7,Group 5 (Vehicle),55.66,45.25,0.0,0.0,56.14,17.93,27.13,0.22,5.6,48.96,59.27,49.53,43.01,-114,4.2
2026-09-07 12:13:39,Salón - Extremo Civil,79.06,Mixed,67.01,83.72,Group 1 (Common),81.06,0.0,0.0,80.45,0.0,67.01,0.0,0.0,32.86,0.0,81.88,77.86,74.23,-91,9.8
2026-09-07 12:13:48,Salón - Extremo Eléctrica,38.78,Silence,0.0,42.06,Silence,0.0,0.0,0.0,0.0,0.0,0.0,0.0,0.0,0.0,0.0,42.61,38.22,33.73,-86,9.0
2026-09-07 12:13:53,Salón - Uma Eléctrica,62.04,Group 4 (Person),77.56,66.31,Group 1 (Common),64.78,0.0,0.0,61.97,0.0,20.36,1.43,0.52,77.56,0.04,67.12,61.02,46.74,-111,6.8
2026-09-07 12:14:04,Laboratorios Eléctrica Inferior,58.28,Group 1 (Common),92.06,61.54,Group 1 (Common),59.02,0.0,0.0,0.0,0.0,92.06,0.04,0.26,1.13,6.34,59.3,58.05,56.95,-105,4.5
2026-09-07 12:18:04,Laboratorios Civil Central,75.6,Group 1 (Common),73.18,78.65,Group 4 (Person),74.56,0.0,0.0,78.15,0.0,73.18,0.0,0.0,26.74,0.0,79.03,74.19,71.16,-115,-0.8
2026-09-07 12:18:05,Lobby Eléctrica,66.46,Group 1 (Common),97.46,67.85,Group 1 (Common),66.09,0.0,0.0,0.0,0.0,97.46,0.1,0.05,2.1,0.0,67.96,66.39,64.26,-97,11.8
2026-09-07 12:18:10,Laboratorios Eléctrica Superior,62.0,Group 1 (Common),99.52,63.78,Group 1 (Common),61.45,0.0,0.0,0.0,0.0,99.52,0.0,0.09,0.13,0.04,63.88,62.24,58.95,-99,12.2
2026-09-07 12:18:17,Pasillo Decanato Civil,46.71,Mixed,46.88,48.66,Group 5 (Vehicle),46.23,44.54,0.0,0.0,46.42,27.17,18.58,1.48,5.95,46.88,48.61,46.69,43.72,-100,10.5
2026-09-07 12:18:17,Lobby Civil,67.73,Group 1 (Common),99.39,68.49,Group 1 (Common),67.23,0.0,0.0,0.0,0.0,99.39,0.17,0.0,0.22,0.0,68.73,67.76,65.21,-109,12.2
2026-09-07 12:18:17,Pasillo Salones Eléctrica,58.82,Group 1 (Common),99.61,60.68,Group 1 (Common),58.13,0.0,0.0,0.0,0.0,99.61,0.0,0.05,0.0,0.0,60.85,58.1,56.8,-107,5.0
2026-09-07 12:18:20,Laboratorios Eléctrica Centro,65.42,Group 1 (Common),99.44,68.67,Group 1 (Common),66.15,0.0,0.0,0.0,0.0,99.44,0.0,0.04,0.04,0.22,68.27,65.25,61.81,-107,3.5
2026-09-07 12:18:22,Pasillo Salones Civil,64.09,Group 1 (Common),97.83,68.34,Group 1 (Common),64.45,0.0,0.0,0.0,0.0,97.83,0.0,0.0,1.87,0.0,68.93,62.67,60.16,-95,13.5
2026-09-07 12:18:24,Pasillo Decanato Eléctrica,56.81,Group 1 (Common),97.61,57.46,Group 1 (Common),56.74,0.0,0.0,0.0,0.0,97.61,0.52,0.0,0.61,1.35,57.24,56.94,56.15,-113,7.5
2026-09-07 12:18:27,Laboratorios Civil Superior,64.84,Group 1 (Common),99.61,67.95,Group 1 (Common),64.98,0.0,0.0,0.0,0.0,99.61,0.0,0.05,0.05,0.0,68.92,63.56,59.28,-105,9.5
2026-09-07 12:18:31,Salón - Uma Civil,63.91,Mixed,60.63,67.85,Group 1 (Common),65.17,58.53,0.0,58.02,0.0,60.63,24.7,0.04,13.45,1.04,68.0,60.56,57.57,-114,5.0
2026-09-07 12:18:39,Salón - Extremo Civil,68.95,Mixed,55.16,70.9,Group 1 (Common),69.82,0.0,0.0,68.07,0.0,44.66,0.0,0.0,55.16,0.0,70.74,68.93,66.59,-89,12.2
2026-09-07 12:18:48,Salón - Extremo Eléctrica,62.71,Group 4 (Person),80.51,66.85,Group 4 (Person),54.87,0.0,0.0,63.81,58.43,9.85,1.0,0.0,80.51,8.42,66.82,61.5,51.31,-99,8.2
2026-09-07 12:18:53,Salón - Uma Eléctrica,56.81,Mixed,48.31,58.51,Group 5 (Vehicle),56.89,0.0,0.0,0.0,57.03,48.31,5.82,0.04,1.91,43.84,57.5,57.0,55.88,-111,10.0
2026-09-07 12:19:04,Laboratorios Eléctrica Inferior,62.86,Group 1 (Common),97.92,65.02,Group 1 (Common),63.38,0.0,0.0,0.0,0.0,97.92,0.09,0.0,0.22,1.61,65.56,62.54,59.25,-117,1.8
2026-09-07 12:20:57,Laboratorios Civil Inferior,59.46,Group 1 (Common),76.22,64.16,Group 1 (Common),56.61,0.0,0.0,0.0,57.42,76.22,0.0,0.43,0.0,23.31,65.44,57.4,55.11,-117,1.0
2026-09-07 12:23:04,Laboratorios Civil Central,73.33,Group 1 (Common),93.66,74.47,Group 1 (Common),73.18,0.0,0.0,0.0,0.0,93.66,0.0,0.09,0.74,5.38,74.6,73.54,71.15,-101,8.2
2026-09-07 12:23:05,Lobby Eléctrica,62.43,Group 1 (Common),83.59,64.99,Group 3 (Rotary Tool),62.9,0.0,64.52,0.0,0.0,83.59,0.26,5.9,5.38,4.69,65.65,61.28,59.82,-101,12.5
2026-09-07 12:23:11,Laboratorios Eléctrica Superior,62.75,Group 1 (Common),99.57,66.82,Group 1 (Common),62.35,0.0,0.0,0.0,0.0,99.57,0.0,0.0,0.17,0.0,68.07,61.48,57.34,-99,10.0
2026-09-07 12:23:13,Pasillo Decanato Civil,41.84,Silence,0.0,42.59,Silence,0.0,0.0,0.0,0.0,0.0,0.0,0.0,0.0,0.0,0.0,42.84,42.02,39.87,-113,7.8
2026-09-07 12:23:16,Lobby Civil,69.76,Group 1 (Common),92.71,74.25,Group 1 (Common),70.52,0.0,0.0,0.0,0.0,92.71,0.09,0.0,7.12,0.0,74.89,68.47,61.23,-100,10.5
2026-09-07 12:23:17,Pasillo Salones Eléctrica,67.08,Group 1 (Common),99.35,68.35,Group 1 (Common),66.64,0.0,0.0,0.0,0.0,99.35,0.22,0.13,0.09,0.0,68.46,67.15,66.27,-97,12.0
2026-09-07 12:23:20,Laboratorios Eléctrica Centro,63.59,Group 1 (Common),85.46,65.78,Group 1 (Common),63.83,0.0,0.0,0.0,62.04,85.46,0.0,0.04,0.0,14.41,65.61,62.88,61.91,-100,11.2
2026-09-07 12:23:26,Pasillo Salones Civil,63.19,Group 1 (Common),99.61,65.11,Group 1 (Common),62.82,0.0,0.0,0.0,0.0,99.61,0.0,0.0,0.0,0.0,65.8,62.86,57.67,-101,13.8
2026-09-07 12:23:26,Pasillo Decanato Eléctrica,56.76,Group 1 (Common),98.0,57.58,Group 1 (Common),56.81,0.0,0.0,0.0,0.0,98.0,0.13,0.0,0.0,1.56,57.81,56.64,56.08,-111,9.2
2026-09-07 12:23:27,Laboratorios Civil Superior,65.39,Group 1 (Common),99.61,70.42,Group 1 (Common),63.46,0.0,0.0,0.0,0.0,99.61,0.0,0.0,0.0,0.0,70.9,59.05,56.75,-105,3.0
2026-09-07 12:23:31,Salón - Uma Civil,53.62,Group 2 (Impact),74.87,58.24,Group 2 (Impact),0.0,51.83,0.0,56.37,0.0,0.13,74.87,0.09,13.37,11.41,59.56,52.1,47.47,-119,-3.5
2026-09-07 12:23:39,Salón - Extremo Civil,80.69,Group 4 (Person),99.61,85.19,Group 4 (Person),0.0,0.0,0.0,81.98,0.0,0.0,0.0,0.0,99.61,0.0,84.24,77.65,74.91,-93,12.2
2026-09-07 12:23:48,Salón - Extremo Eléctrica,62.83,Group 4 (Person),78.86,65.76,Group 1 (Common),65.16,0.0,0.0,62.94,0.0,20.62,0.17,0.0,78.86,0.0,65.89,62.94,57.07,-91,10.5
2026-09-07 12:23:53,Salón - Uma Eléctrica,60.02,Mixed,39.97,62.78,Group 3 (Rotary Tool),59.93,58.01,61.41,0.0,0.0,29.34,39.97,6.03,15.28,9.29,63.87,58.39,56.56,-113,-1.2
2026-09-07 12:24:04,Laboratorios Eléctrica Inferior,67.78,Group 1 (Common),99.39,69.72,Group 1 (Common),67.16,0.0,0.0,0.0,0.0,99.39,0.0,0.0,0.13,0.22,70.28,67.26,63.16,-119,-2.5
2026-09-07 12:25:57,Laboratorios Civil Inferior,59.03,Group 1 (Common),91.55,61.14,Group 1 (Common),58.85,0.0,0.0,0.0,0.0,91.55,0.0,0.0,0.0,8.25,61.8,59.01,55.49,-120,-3.2
2026-09-07 12:28:04,Laboratorios Civil Central,65.84,Group 1 (Common),86.72,66.83,Group 1 (Common),65.82,0.0,0.0,0.0,0.0,86.72,0.3,0.0,0.22,12.72,67.46,65.53,64.7,-111,6.5
2026-09-07 12:28:05,Lobby Eléctrica,68.65,Group 1 (Common),99.57,71.96,Group 1 (Common),68.95,0.0,0.0,0.0,0.0,99.57,0.0,0.0,0.09,0.0,72.4,67.79,65.02,-101,13.0
2026-09-07 12:28:10,Laboratorios Eléctrica Superior,65.3,Group 1 (Common),77.21,68.75,Group 4 (Person),63.84,0.0,0.0,66.53,0.0,77.21,0.22,0.0,22.35,0.04,69.67,63.45,60.57,-99,13.2
2026-09-07 12:28:13,Pasillo Decanato Civil,45.82,Mixed,63.11,48.91,Group 5 (Vehicle),43.97,44.4,0.0,0.0,46.24,12.33,19.01,2.47,3.08,63.11,50.16,44.97,43.41,-105,11.5
2026-09-07 12:28:17,Lobby Civil,58.93,Group 1 (Common),99.61,62.73,Group 1 (Common),59.75,0.0,0.0,0.0,0.0,99.61,0.04,0.0,0.0,0.0,61.18,58.36,56.95,-97,12.0
2026-09-07 12:28:17,Pasillo Salones Eléctrica,53.65,Group 1 (Common),96.18,55.57,Group 1 (Common),53.74,0.0,0.0,0.0,0.0,96.18,0.0,3.43,0.26,0.0,56.44,53.31,50.56,-101,12.2
2026-09-07 12:28:20,Laboratorios Eléctrica Centro,63.6,Group 1 (Common),88.72,65.59,Group 1 (Common),63.52,0.0,0.0,0.0,0.0,88.72,0.0,0.0,0.0,11.15,66.11,63.14,61.91,-103,5.8
2026-09-07 12:28:22,Pasillo Salones Civil,56.31,Group 1 (Common),99.52,59.68,Group 1 (Common),57.09,0.0,0.0,0.0,0.0,99.52,0.0,0.17,0.09,0.0,58.06,56.04,53.73,-109,7.8
2026-09-07 12:28:24,Pasillo Decanato Eléctrica,56.25,Group 1 (Common),99.57,57.22,Group 1 (Common),56.35,0.0,0.0,0.0,0.0,99.57,0.0,0.0,0.04,0.09,57.13,56.22,55.4,-114,6.8
2026-09-07 12:28:27,Laboratorios Civil Superior,66.83,Group 1 (Common),75.61,69.8,Group 4 (Person),65.13,0.0,0.0,68.62,0.0,75.61,0.17,0.0,24.0,0.0,70.84,66.6,61.69,-107,9.5
2026-09-07 12:28:35,Salón - Uma Civil,65.3,Mixed,50.04,69.65,Group 2 (Impact),65.09,66.88,0.0,64.88,0.0,15.45,34.07,0.22,50.04,0.17,70.53,63.35,53.63,-105,12.2
2026-09-07 12:28:39,Salón - Extremo Civil,72.26,Group 4 (Person),91.49,85.26,Group 4 (Person),71.08,0.0,0.0,79.86,0.0,8.2,0.0,0.0,91.49,0.0,76.06,71.06,69.43,-93,11.5
2026-09-07 12:28:48,Salón - Extremo Eléctrica,65.79,Group 4 (Person),88.76,70.6,Group 4 (Person),50.89,0.0,0.0,68.24,0.0,10.68,0.22,0.0,88.76,0.0,69.84,64.78,43.34,-94,9.5
2026-09-07 12:28:53,Salón - Uma Eléctrica,72.61,Group 1 (Common),80.21,76.11,Group 1 (Common),73.03,0.0,0.0,75.02,0.0,80.21,0.0,0.0,19.7,0.0,76.62,71.33,69.52,-114,2.5
2026-09-07 12:30:57,Laboratorios Civil Inferior,63.98,Group 5 (Vehicle),94.18,69.1,Group 5 (Vehicle),0.0,0.0,0.0,0.0,63.72,3.65,0.09,2.08,0.0,94.18,70.5,58.94,52.74,-114,-6.2
2026-09-07 12:33:04,Laboratorios Civil Central,64.89,Group 1 (Common),70.1,65.77,Group 1 (Common),64.69,0.0,0.0,0.0,0.0,70.1,6.86,0.09,3.3,19.57,66.06,64.84,63.24,-101,12.5
2026-09-07 12:33:05,Lobby Eléctrica,62.47,Group 1 (Common),99.44,64.32,Group 1 (Common),62.35,0.0,0.0,0.0,0.0,99.44,0.0,0.22,0.04,0.0,64.29,62.96,59.33,-95,8.8
2026-09-07 12:33:11,Laboratorios Eléctrica Superior,57.47,Group 1 (Common),91.75,59.96,Group 1 (Common),57.74,0.0,0.0,0.0,0.0,91.75,0.0,3.04,2.65,2.34,58.87,57.69,54.31,-101,12.5
2026-09-07 12:33:13,Pasillo Decanato Civil,40.13,Silence,0.0,40.9,Silence,0.0,0.0,0.0,0.0,0.0,0.0,0.0,0.0,0.0,0.0,41.19,39.98,38.89,-105,11.8
2026-09-07 12:33:17,Lobby Civil,62.58,Group 1 (Common),77.34,63.42,Group 4 (Person),62.39,0.0,0.0,63.04,0.0,77.34,0.0,0.0,22.4,0.0,63.31,62.67,61.61,-101,11.5
2026-09-07 12:33:17,Pasillo Salones Eléctrica,57.2,Group 1 (Common),99.57,60.21,Group 1 (Common),57.25,0.0,0.0,0.0,0.0,99.57,0.13,0.0,0.04,0.04,60.55,56.75,52.45,-103,12.0
2026-09-07 12:33:20,Laboratorios Eléctrica Centro,64.36,Group 1 (Common),99.22,65.31,Group 1 (Common),64.2,0.0,0.0,0.0,0.0,99.22,0.0,0.26,0.09,0.22,65.61,64.06,62.92,-109,8.8
2026-09-07 12:33:22,Pasillo Salones Civil,59.27,Group 1 (Common),93.97,61.23,Group 1 (Common),59.37,0.0,0.0,0.0,0.0,93.97,0.0,0.0,5.9,0.0,61.5,58.98,56.58,-100,7.0
2026-09-07 12:33:24,Pasillo Decanato Eléctrica,56.88,Group 1 (Common),98.96,57.52,Group 1 (Common),56.88,0.0,0.0,0.0,0.0,98.96,0.09,0.0,0.04,0.74,57.79,56.9,56.24,-115,-5.2
2026-09-07 12:33:27,Laboratorios Civil Superior,58.27,Group 1 (Common),99.35,62.09,Group 1 (Common),59.08,0.0,0.0,0.0,0.0,99.35,0.0,0.0,0.0,0.43,61.83,56.29,54.67,-107,9.8
2026-09-07 12:33:31,Salón - Uma Civil,62.18,Mixed,57.68,65.92,Group 1 (Common),62.2,0.0,0.0,59.35,0.0,57.68,1.39,1.0,39.93,0.0,65.94,61.95,55.23,-113,4.8
2026-09-07 12:33:39,Salón - Extremo Civil,63.63,Mixed,65.41,70.6,Group 1 (Common),68.8,0.0,0.0,63.02,0.0,31.16,3.08,0.0,65.41,0.22,68.42,61.98,54.88,-88,8.2
2026-09-07 12:33:48,Salón - Extremo Eléctrica,58.19,Mixed,36.94,64.68,Group 4 (Person),57.51,48.12,0.0,61.58,48.56,18.36,23.26,4.51,36.94,16.93,66.05,50.24,45.22,-88,11.2
2026-09-07 12:33:53,Salón - Uma Eléctrica,53.65,Mixed,64.71,54.71,Group 2 (Impact),0.0,53.44,0.0,0.0,53.94,3.3,64.71,3.95,4.69,23.48,55.0,53.52,52.89,-107,7.8
2026-09-07 12:34:04,Laboratorios Eléctrica Inferior,60.47,Mixed,53.95,64.04,Group 2 (Impact),60.54,63.48,0.0,0.0,59.76,53.95,10.76,0.0,5.12,30.08,65.09,58.91,56.12,-105,8.2
2026-09-07 12:35:57,Laboratorios Civil Inferior,60.83,Group 1 (Common),75.65,65.74,Group 1 (Common),58.18,0.0,59.6,0.0,0.0,75.65,0.0,16.71,0.0,7.55,66.35,57.4,54.86,-106,-11.2
2026-09-07 12:38:04,Laboratorios Civil Central,70.65,Group 1 (Common),76.78,74.5,Group 1 (Common),67.91,0.0,0.0,0.0,70.33,76.78,0.0,0.0,0.3,22.79,75.81,68.26,64.86,-119,5.2
2026-09-07 12:38:05,Lobby Eléctrica,63.64,Group 1 (Common),99.26,65.76,Group 1 (Common),63.28,0.0,0.0,0.0,0.0,99.26,0.0,0.13,0.52,0.0,65.87,63.3,61.1,-93,13.0
2026-09-07 12:38:11,Laboratorios Eléctrica Superior,63.15,Mixed,63.93,65.12,Group 1 (Common),62.99,0.0,0.0,62.49,0.0,63.93,0.09,0.0,35.89,0.0,64.85,63.28,61.21,-107,8.8
2026-09-07 12:38:13,Pasillo Decanato Civil,45.37,Mixed,49.13,51.74,Group 2 (Impact),43.07,50.21,0.0,0.0,0.0,49.13,33.94,1.0,2.56,13.28,52.58,43.01,41.21,-115,3.5
2026-09-07 12:38:17,Lobby Civil,63.4,Group 1 (Common),99.61,66.86,Group 1 (Common),63.8,0.0,0.0,0.0,0.0,99.61,0.0,0.0,0.04,0.0,66.8,62.97,61.08,-112,8.8
2026-09-07 12:38:17,Pasillo Salones Eléctrica,65.99,Mixed,40.67,68.87,Group 5 (Vehicle),56.22,65.66,0.0,0.0,63.88,11.72,40.67,4.3,5.25,38.02,68.49,65.64,58.73,-96,12.0
2026-09-07 12:38:20,Laboratorios Eléctrica Centro,61.94,Mixed,56.51,63.26,Group 1 (Common),62.46,0.0,0.0,0.0,61.58,56.51,0.0,0.0,0.04,43.36,62.75,61.94,61.27,-111,8.0
2026-09-07 12:38:22,Pasillo Salones Civil,63.55,Group 1 (Common),99.61,65.66,Group 1 (Common),64.28,0.0,0.0,0.0,0.0,99.61,0.0,0.0,0.04,0.09,65.73,62.91,60.5,-99,12.8
2026-09-07 12:38:24,Pasillo Decanato Eléctrica,56.88,Group 1 (Common),99.57,57.51,Group 1 (Common),56.87,0.0,0.0,0.0,0.0,99.57,0.0,0.0,0.0,0.13,57.45,56.94,56.45,-117,6.0
2026-09-07 12:38:27,Laboratorios Civil Superior,59.72,Group 1 (Common),76.22,62.52,Group 1 (Common),59.44,59.64,0.0,0.0,0.0,76.22,17.49,0.0,4.77,1.56,63.13,58.19,57.17,-103,1.8
2026-09-07 12:38:31,Salón - Uma Civil,61.99,Mixed,56.49,64.04,Group 1 (Common),62.77,0.0,0.0,61.74,0.0,34.08,9.42,0.0,56.49,0.0,63.67,61.36,56.95,-111,4.2
2026-09-07 12:38:39,Salón - Extremo Civil,69.52,Mixed,62.06,73.47,Group 1 (Common),71.05,0.0,0.0,70.93,0.0,62.06,0.0,0.0,37.79,0.0,72.37,67.59,64.16,-99,12.2
2026-09-07 12:38:48,Salón - Extremo Eléctrica,68.24,Group 1 (Common),71.53,72.52,Group 1 (Common),69.05,0.0,0.0,60.83,0.0,71.53,1.22,0.0,27.17,0.0,73.91,65.35,58.81,-90,7.2
2026-09-07 12:38:56,Salón - Uma Eléctrica,60.16,Mixed,43.85,64.13,Group 1 (Common),63.65,53.07,53.5,61.78,0.0,16.06,43.85,14.45,21.97,3.71,64.99,55.9,50.74,-105,10.8
2026-09-07 12:39:04,Laboratorios Eléctrica Inferior,64.82,Group 1 (Common),99.22,67.21,Group 1 (Common),65.0,0.0,0.0,0.0,0.0,99.22,0.09,0.09,0.35,0.04,67.81,64.1,61.92,-118,-0.5
2026-09-07 12:40:57,Laboratorios Civil Inferior,57.96,Group 1 (Common),96.7,62.01,Group 1 (Common),58.68,0.0,0.0,0.0,0.0,96.7,0.52,0.39,0.95,1.43,62.82,55.65,52.81,-119,-3.2
2026-09-07 12:43:04,Laboratorios Civil Central,70.94,Group 1 (Common),89.45,76.3,Group 1 (Common),68.12,0.0,0.0,0.0,0.0,89.45,0.04,0.0,0.3,10.24,77.54,65.27,63.9,-96,12.0
2026-09-07 12:43:05,Lobby Eléctrica,68.89,Group 1 (Common),97.01,70.77,Group 1 (Common),68.98,0.0,0.0,0.0,0.0,97.01,0.0,0.0,2.73,0.0,72.08,68.37,66.88,-105,12.0
2026-09-07 12:43:11,Laboratorios Eléctrica Superior,64.73,Group 1 (Common),99.44,67.23,Group 1 (Common),64.94,0.0,0.0,0.0,0.0,99.44,0.0,0.0,0.26,0.0,67.06,64.05,61.01,-96,11.2
2026-09-07 12:43:13,Pasillo Decanato Civil,63.96,Group 4 (Person),93.71,66.7,Group 4 (Person),60.81,0.0,0.0,63.54,0.0,6.12,0.09,0.0,93.71,0.04,67.07,62.91,59.81,-107,9.2
2026-09-07 12:43:17,Lobby Civil,70.16,Group 1 (Common),98.13,71.53,Group 1 (Common),70.14,0.0,0.0,0.0,0.0,98.13,0.0,0.0,1.61,0.0,71.88,70.33,68.7,-94,11.2
2026-09-07 12:43:17,Pasillo Salones Eléctrica,59.76,Group 1 (Common),92.58,61.76,Group 1 (Common),59.29,0.0,0.0,0.0,0.0,92.58,0.09,3.3,3.91,0.0,61.93,60.24,56.07,-103,11.5
2026-09-07 12:43:20,Laboratorios Eléctrica Centro,67.13,Group 1 (Common),99.57,69.81,Group 1 (Common),66.56,0.0,0.0,0.0,0.0,99.57,0.0,0.04,0.13,0.0,69.93,66.17,62.12,-108,10.8
2026-09-07 12:43:22,Pasillo Salones Civil,67.41,Group 1 (Common),97.18,70.54,Group 1 (Common),68.07,0.0,0.0,0.0,0.0,97.18,0.0,0.0,2.6,0.09,71.01,67.95,61.5,-99,12.0
2026-09-07 12:43:24,Pasillo Decanato Eléctrica,58.04,Group 1 (Common),98.88,62.04,Group 1 (Common),59.27,0.0,0.0,0.0,0.0,98.88,0.68,0.0,0.29,0.05,59.41,57.79,56.4,-109,10.2
2026-09-07 12:43:27,Laboratorios Civil Superior,62.56,Group 1 (Common),99.09,65.08,Group 1 (Common),62.76,0.0,0.0,0.0,0.0,99.09,0.0,0.52,0.0,0.0,64.49,61.9,59.97,-114,-1.8
2026-09-07 12:43:31,Salón - Uma Civil,70.92,Mixed,60.06,73.13,Group 1 (Common),70.99,0.0,0.0,70.83,0.0,39.84,0.0,0.0,60.06,0.0,74.16,69.21,61.2,-114,-2.2
2026-09-07 12:43:39,Salón - Extremo Civil,77.23,Mixed,48.29,80.82,Group 5 (Vehicle),78.49,0.0,0.0,0.0,77.15,47.71,0.34,0.0,3.61,48.29,81.36,75.65,72.16,-91,12.8
2026-09-07 12:43:48,Salón - Extremo Eléctrica,61.27,Mixed,56.81,64.9,Group 1 (Common),58.4,0.0,0.0,61.24,0.0,56.81,12.63,0.22,29.99,0.22,67.07,59.8,46.53,-85,11.0
2026-09-07 12:43:53,Salón - Uma Eléctrica,47.09,Mixed,46.39,48.59,Group 1 (Common),47.89,45.36,47.03,0.0,0.0,46.39,31.84,21.48,0.1,0.0,48.42,46.81,45.43,-107,10.2
2026-09-07 12:44:04,Laboratorios Eléctrica Inferior,59.54,Mixed,68.23,62.07,Group 5 (Vehicle),58.33,0.0,0.0,0.0,60.57,31.34,0.0,0.0,0.3,68.23,62.3,58.67,55.67,-121,-12.5
2026-09-07 12:45:57,Laboratorios Civil Inferior,54.63,Group 1 (Common),96.83,58.04,Group 1 (Common),55.63,0.0,0.0,0.0,0.0,96.83,1.56,0.04,0.04,1.43,58.21,53.13,49.69,-120,-8.2
2026-09-07 12:48:04,Laboratorios Civil Central,66.88,Group 1 (Common),99.57,68.44,Group 1 (Common),67.27,0.0,0.0,0.0,0.0,99.57,0.0,0.0,0.3,0.0,68.61,67.09,64.73,-95,12.0
2026-09-07 12:48:05,Lobby Eléctrica,65.19,Group 1 (Common),99.52,66.29,Group 1 (Common),65.14,0.0,0.0,0.0,0.0,99.52,0.0,0.04,0.09,0.0,66.42,64.77,63.76,-101,12.0
2026-09-07 12:48:11,Laboratorios Eléctrica Superior,62.43,Group 1 (Common),99.61,64.49,Group 1 (Common),62.58,0.0,0.0,0.0,0.0,99.61,0.0,0.0,0.0,0.0,64.97,61.74,58.93,-97,8.8
2026-09-07 12:48:13,Pasillo Decanato Civil,50.6,Mixed,45.66,55.09,Group 2 (Impact),49.37,54.34,50.31,51.38,0.0,45.66,23.87,7.47,22.66,0.35,54.88,51.14,43.04,-114,1.5
2026-09-07 12:48:17,Lobby Civil,68.57,Group 1 (Common),99.35,69.68,Group 1 (Common),68.64,0.0,0.0,0.0,0.0,99.35,0.0,0.0,0.39,0.0,70.16,68.55,66.02,-111,11.8
2026-09-07 12:48:17,Pasillo Salones Eléctrica,68.79,Group 1 (Common),85.33,71.05,Group 1 (Common),68.78,0.0,0.0,69.25,0.0,85.33,0.09,0.0,14.41,0.0,71.28,68.64,66.09,-97,9.2
2026-09-07 12:48:20,Laboratorios Eléctrica Centro,63.53,Group 1 (Common),74.27,65.79,Group 1 (Common),64.01,0.0,0.0,0.0,62.72,74.27,0.0,0.05,0.0,25.49,65.51,61.85,61.35,-108,7.2
2026-09-07 12:48:22,Pasillo Salones Civil,70.33,Group 1 (Common),92.88,72.16,Group 1 (Common),70.76,0.0,0.0,0.0,0.0,92.88,0.26,0.17,6.51,0.13,71.81,70.48,68.14,-103,6.5
2026-09-07 12:48:24,Pasillo Decanato Eléctrica,56.66,Group 1 (Common),99.61,57.09,Group 1 (Common),56.59,0.0,0.0,0.0,0.0,99.61,0.0,0.0,0.0,0.04,57.15,56.6,56.29,-102,10.5
2026-09-07 12:48:27,Laboratorios Civil Superior,62.88,Group 1 (Common),85.37,64.43,Group 4 (Person),63.06,0.0,0.0,63.82,0.0,85.37,0.22,0.0,14.37,0.0,65.41,62.78,59.24,-111,10.0
2026-09-07 12:48:31,Salón - Uma Civil,70.42,Mixed,50.87,72.91,Group 1 (Common),70.68,0.0,0.0,67.11,0.0,50.87,0.0,8.12,40.76,0.13,73.93,70.67,63.43,-115,-5.0
2026-09-07 12:48:39,Salón - Extremo Civil,72.19,Group 1 (Common),73.0,75.97,Group 4 (Person),69.5,0.0,0.0,73.28,0.0,73.0,5.56,0.0,21.35,0.0,76.43,70.32,62.84,-94,12.2
2026-09-07 12:48:48,Salón - Extremo Eléctrica,63.14,Group 1 (Common),88.5,65.26,Group 1 (Common),63.11,0.0,0.0,0.0,63.68,88.5,0.0,0.09,0.26,11.02,65.46,63.11,58.5,-85,10.8
2026-09-07 12:48:53,Salón - Uma Eléctrica,68.06,Group 1 (Common),99.61,69.73,Group 1 (Common),67.97,0.0,0.0,0.0,0.0,99.61,0.0,0.0,0.0,0.0,70.41,67.43,66.96,-115,1.0
2026-09-07 12:49:04,Laboratorios Eléctrica Inferior,62.6,Group 1 (Common),80.71,65.21,Group 5 (Vehicle),62.01,0.0,0.0,0.0,63.73,80.71,0.49,0.1,2.83,15.87,64.88,61.45,60.36,-109,4.2
2026-09-07 12:50:57,Laboratorios Civil Inferior,58.11,Mixed,52.47,61.21,Group 2 (Impact),57.75,59.9,0.0,0.0,58.12,52.47,17.14,2.6,4.25,23.48,61.82,57.04,55.63,-118,-5.5
2026-09-07 12:53:04,Laboratorios Civil Central,67.52,Group 1 (Common),72.53,69.02,Group 1 (Common),67.3,64.48,0.0,0.0,0.0,72.53,18.88,0.0,1.65,6.77,69.44,66.72,64.62,-120,-3.0
2026-09-07 12:53:05,Lobby Eléctrica,68.38,Group 1 (Common),74.13,71.01,Group 2 (Impact),68.09,69.21,0.0,0.0,0.0,74.13,19.18,0.0,6.6,0.0,71.44,67.45,65.31,-97,12.2
2026-09-07 12:53:11,Laboratorios Eléctrica Superior,60.41,Group 1 (Common),97.85,61.9,Group 1 (Common),59.94,0.0,0.0,0.0,0.0,97.85,0.1,0.0,0.39,1.51,61.7,59.85,56.21,-103,12.2
2026-09-07 12:53:13,Pasillo Decanato Civil,47.74,Mixed,56.77,51.07,Group 1 (Common),45.63,48.4,49.82,0.0,0.0,56.77,17.36,14.76,0.95,10.16,51.94,46.79,41.15,-105,11.0
2026-09-07 12:53:17,Lobby Civil,73.24,Group 1 (Common),98.96,77.0,Group 1 (Common),73.2,0.0,0.0,0.0,0.0,98.96,0.09,0.0,0.65,0.0,77.71,71.17,68.26,-101,12.8
2026-09-07 12:53:17,Pasillo Salones Eléctrica,67.19,Group 1 (Common),99.13,71.63,Group 1 (Common),66.03,0.0,0.0,0.0,0.0,99.13,0.0,0.0,0.61,0.0,72.83,64.77,59.85,-107,10.8
2026-09-07 12:53:20,Laboratorios Eléctrica Centro,62.11,Mixed,69.38,64.75,Group 5 (Vehicle),61.48,0.0,0.0,0.0,61.72,30.42,0.0,0.0,0.1,69.38,65.34,61.06,60.71,-101,10.2
2026-09-07 12:53:22,Pasillo Salones Civil,67.1,Group 1 (Common),95.46,71.72,Group 1 (Common),68.59,0.0,0.0,0.0,0.0,95.46,0.68,0.0,3.71,0.0,71.47,65.51,63.27,-103,12.0
2026-09-07 12:53:24,Pasillo Decanato Eléctrica,56.85,Group 1 (Common),99.18,57.42,Group 1 (Common),56.92,0.0,0.0,0.0,0.0,99.18,0.22,0.0,0.04,0.3,57.2,57.01,56.47,-113,6.5
2026-09-07 12:53:27,Laboratorios Civil Superior,57.13,Group 1 (Common),91.36,58.73,Group 1 (Common),57.07,0.0,0.0,0.0,0.0,91.36,0.35,4.86,0.13,3.17,58.36,57.33,55.21,-106,9.5
2026-09-07 12:53:31,Salón - Uma Civil,69.16,Mixed,45.14,75.39,Group 4 (Person),0.0,50.37,0.0,65.26,51.19,0.78,19.05,1.26,45.14,33.81,77.01,59.77,48.1,-113,0.8
2026-09-07 12:53:39,Salón - Extremo Civil,59.97,Mixed,52.6,62.41,Group 1 (Common),60.36,61.61,0.0,60.11,0.0,37.24,10.16,0.0,52.6,0.09,61.98,59.45,57.07,-102,11.8
2026-09-07 12:53:48,Salón - Extremo Eléctrica,57.89,Mixed,66.67,63.45,Group 4 (Person),52.4,0.0,45.97,60.2,0.0,24.91,0.13,8.12,66.67,0.0,63.45,53.33,45.58,-91,9.5
2026-09-07 12:53:53,Salón - Uma Eléctrica,67.17,Mixed,55.34,72.13,Group 1 (Common),70.17,0.0,0.0,65.1,0.0,55.34,0.0,0.0,44.27,0.0,70.71,67.08,60.6,-109,8.5
2026-09-07 12:54:04,Laboratorios Eléctrica Inferior,59.91,Mixed,66.26,61.36,Group 1 (Common),60.03,0.0,0.0,60.7,0.0,66.26,7.62,0.2,19.29,6.64,61.17,59.55,58.63,-120,-9.5
2026-09-07 12:58:04,Laboratorios Civil Central,66.95,Group 1 (Common),99.57,68.1,Group 1 (Common),66.61,0.0,0.0,0.0,0.0,99.57,0.0,0.0,0.04,0.22,68.17,66.78,65.12,-115,-1.5
2026-09-07 12:58:05,Lobby Eléctrica,62.67,Group 1 (Common),96.73,63.31,Group 1 (Common),62.56,0.0,0.0,0.0,0.0,96.73,0.68,0.0,2.34,0.05,63.7,62.35,61.82,-115,4.2
2026-09-07 12:58:11,Laboratorios Eléctrica Superior,61.59,Group 1 (Common),99.61,63.05,Group 1 (Common),61.34,0.0,0.0,0.0,0.0,99.61,0.0,0.0,0.04,0.0,63.58,61.16,60.28,-102,4.2
2026-09-07 12:58:13,Pasillo Decanato Civil,50.04,Mixed,61.07,53.97,Group 1 (Common),51.82,49.13,0.0,0.0,0.0,31.6,61.07,1.65,5.51,0.0,54.07,49.0,45.86,-113,4.8
2026-09-07 12:58:17,Lobby Civil,62.26,Group 1 (Common),99.56,64.47,Group 1 (Common),62.48,0.0,0.0,0.0,0.0,99.56,0.0,0.0,0.15,0.0,64.92,61.71,59.89,-93,10.5
2026-09-07 12:58:17,Pasillo Salones Eléctrica,59.93,Group 1 (Common),73.29,64.57,Group 1 (Common),61.46,0.0,49.04,0.0,0.0,73.29,2.25,22.31,1.61,0.34,65.47,52.99,46.78,-103,10.0
2026-09-07 12:58:20,Laboratorios Eléctrica Centro,64.99,Mixed,56.68,66.92,Group 1 (Common),65.34,0.0,0.0,0.0,63.51,56.68,0.0,0.0,0.0,42.97,67.08,64.45,62.9,-109,8.0
2026-09-07 12:58:22,Pasillo Salones Civil,61.76,Group 1 (Common),99.57,64.04,Group 1 (Common),62.07,0.0,0.0,0.0,0.0,99.57,0.0,0.13,0.0,0.0,64.34,61.0,56.62,-101,12.5
2026-09-07 12:58:24,Pasillo Decanato Eléctrica,56.75,Group 1 (Common),99.57,57.64,Group 1 (Common),56.79,0.0,0.0,0.0,0.0,99.57,0.0,0.0,0.0,0.17,57.45,56.7,55.7,-125,-9.8
2026-09-07 12:58:27,Laboratorios Civil Superior,59.22,Group 1 (Common),99.61,61.43,Group 1 (Common),59.48,0.0,0.0,0.0,0.0,99.61,0.0,0.0,0.0,0.0,61.52,58.95,55.76,-109,8.8
2026-09-07 12:58:31,Salón - Uma Civil,47.99,Mixed,35.68,52.56,Group 2 (Impact),46.87,49.07,0.0,0.0,48.5,24.35,35.68,3.82,8.33,27.78,53.02,46.78,44.34,-114,-7.8
2026-09-07 12:58:39,Salón - Extremo Civil,46.08,Mixed,56.94,48.12,Group 2 (Impact),45.49,46.69,0.0,0.0,0.0,56.94,36.85,3.21,1.95,0.91,48.83,45.89,44.07,-95,12.2
2026-09-07 12:58:48,Salón - Extremo Eléctrica,63.25,Group 4 (Person),87.76,66.3,Group 1 (Common),65.84,0.0,0.0,62.41,0.0,11.94,0.0,0.0,87.76,0.0,66.88,62.47,54.39,-87,10.0
2026-09-07 12:58:53,Salón - Uma Eléctrica,71.9,Mixed,52.99,74.41,Group 4 (Person),71.0,0.0,0.0,73.17,0.0,52.99,0.0,0.0,46.92,0.0,75.88,70.65,67.07,-103,8.5
2026-09-07 12:59:04,Laboratorios Eléctrica Inferior,58.78,Mixed,49.96,60.04,Group 5 (Vehicle),58.35,0.0,0.0,0.0,58.95,49.96,4.56,0.56,1.61,43.4,60.39,58.42,56.9,-117,2.0
2026-09-07 13:00:57,Laboratorios Civil Inferior,61.4,Mixed,62.28,65.12,Group 5 (Vehicle),61.81,0.0,0.0,0.0,61.94,37.59,0.0,0.0,0.04,62.28,65.0,59.43,56.09,-120,-7.2
2026-09-07 13:03:04,Laboratorios Civil Central,64.43,Group 1 (Common),96.09,64.89,Group 1 (Common),64.45,0.0,0.0,0.0,0.0,96.09,0.17,0.09,0.61,3.08,65.01,64.35,63.69,-101,9.2
2026-09-07 13:03:05,Lobby Eléctrica,71.54,Group 1 (Common),99.61,72.97,Group 1 (Common),71.21,0.0,0.0,0.0,0.0,99.61,0.0,0.0,0.04,0.0,73.68,71.39,70.03,-91,12.5
2026-09-07 13:03:11,Laboratorios Eléctrica Superior,62.3,Group 1 (Common),97.66,63.58,Group 1 (Common),62.52,0.0,0.0,0.0,0.0,97.66,0.0,2.13,0.09,0.0,63.61,62.79,58.43,-99,13.0
2026-09-07 13:03:13,Pasillo Decanato Civil,41.0,Silence,0.0,43.26,Silence,0.0,0.0,0.0,0.0,0.0,0.0,0.0,0.0,0.0,0.0,43.24,40.28,38.47,-113,-2.5
2026-09-07 13:03:17,Lobby Civil,68.45,Group 1 (Common),98.09,71.35,Group 1 (Common),68.57,0.0,0.0,0.0,0.0,98.09,0.0,0.04,1.82,0.0,71.01,67.71,64.12,-115,9.5
2026-09-07 13:03:17,Pasillo Salones Eléctrica,50.16,Mixed,60.37,53.15,Group 1 (Common),51.31,0.0,49.48,0.0,0.0,60.37,1.04,35.29,2.17,1.09,51.99,50.56,48.32,-103,11.0
2026-09-07 13:03:20,Laboratorios Eléctrica Centro,61.7,Mixed,53.21,62.53,Group 1 (Common),62.09,0.0,0.0,0.0,61.66,46.79,0.0,0.0,0.0,53.21,62.26,62.07,59.99,-102,8.0
2026-09-07 13:03:22,Pasillo Salones Civil,62.36,Mixed,65.84,66.24,Group 4 (Person),59.8,0.0,0.0,65.11,0.0,65.84,0.56,0.0,32.86,0.56,66.76,59.83,57.81,-95,13.0
2026-09-07 13:03:24,Pasillo Decanato Eléctrica,56.9,Group 1 (Common),99.48,57.44,Group 1 (Common),56.92,0.0,0.0,0.0,0.0,99.48,0.09,0.0,0.13,0.0,57.39,56.81,56.4,-105,10.5
2026-09-07 13:03:27,Laboratorios Civil Superior,56.36,Group 1 (Common),92.84,59.39,Group 1 (Common),56.88,0.0,0.0,0.0,0.0,92.84,0.17,1.69,2.56,2.6,59.13,55.56,53.61,-107,6.8
2026-09-07 13:03:31,Salón - Uma Civil,61.92,Mixed,52.73,64.64,Group 2 (Impact),57.51,63.27,0.0,62.18,0.0,31.12,15.8,0.0,52.73,0.26,65.58,61.32,56.48,-108,6.8
2026-09-07 13:03:39,Salón - Extremo Civil,43.55,Silence,0.0,45.98,Silence,0.0,0.0,0.0,0.0,0.0,0.0,0.0,0.0,0.0,0.0,47.06,42.36,40.44,-95,9.0
2026-09-07 13:03:48,Salón - Extremo Eléctrica,65.29,Mixed,68.79,69.0,Group 4 (Person),64.38,0.0,0.0,65.4,60.38,18.4,0.87,0.0,68.79,11.72,69.81,62.34,57.15,-91,10.0
2026-09-07 13:03:53,Salón - Uma Eléctrica,75.71,Group 1 (Common),74.05,77.45,Group 1 (Common),75.95,0.0,0.0,71.89,0.0,74.05,0.3,0.0,25.61,0.0,78.56,75.67,69.34,-108,-5.2
2026-09-07 13:04:04,Laboratorios Eléctrica Inferior,57.01,Group 1 (Common),77.17,58.55,Group 1 (Common),57.51,0.0,0.0,0.0,55.4,77.17,0.61,0.09,1.78,20.36,58.83,57.07,55.03,-120,-6.0
2026-09-07 13:05:57,Laboratorios Civil Inferior,59.87,Group 1 (Common),77.54,63.32,Group 1 (Common),58.02,0.0,0.0,0.0,54.04,77.54,0.78,0.0,0.39,21.04,63.57,55.17,53.77,-120,-8.8
2026-09-07 13:08:04,Laboratorios Civil Central,64.65,Group 1 (Common),82.29,65.42,Group 1 (Common),64.51,0.0,0.0,0.0,64.27,82.29,0.09,0.0,0.48,17.14,65.89,64.33,64.28,-117,-5.0
2026-09-07 13:08:05,Lobby Eléctrica,71.53,Group 1 (Common),82.55,73.81,Group 1 (Common),70.97,0.0,0.0,70.57,0.0,82.55,0.0,0.0,17.32,0.0,73.93,71.1,67.78,-99,14.2
2026-09-07 13:08:11,Laboratorios Eléctrica Superior,66.07,Mixed,63.85,69.03,Group 5 (Vehicle),62.96,0.0,0.0,0.0,67.19,63.85,0.26,0.35,2.21,33.55,70.19,65.63,49.91,-108,6.5
2026-09-07 13:08:13,Pasillo Decanato Civil,42.33,Silence,0.0,44.22,Silence,0.0,0.0,0.0,0.0,0.0,0.0,0.0,0.0,0.0,0.0,44.55,42.41,40.34,-109,5.5
2026-09-07 13:08:17,Lobby Civil,65.65,Group 1 (Common),98.26,69.33,Group 1 (Common),64.19,0.0,0.0,0.0,0.0,98.26,0.0,0.0,1.35,0.09,70.93,62.77,61.22,-99,13.5
2026-09-07 13:08:17,Pasillo Salones Eléctrica,55.28,Group 1 (Common),79.77,56.28,Group 1 (Common),55.44,0.0,0.0,0.0,0.0,79.77,0.17,19.88,0.13,0.0,55.99,55.7,53.73,-105,10.8
2026-09-07 13:08:20,Laboratorios Eléctrica Centro,60.15,Group 5 (Vehicle),91.67,61.01,Group 5 (Vehicle),60.29,0.0,0.0,0.0,60.13,8.16,0.0,0.0,0.04,91.67,60.77,60.04,59.57,-102,11.8
2026-09-07 13:08:22,Pasillo Salones Civil,47.74,Group 1 (Common),86.11,49.93,Group 1 (Common),48.33,47.59,0.0,0.0,0.0,86.11,13.5,0.0,0.26,0.0,50.12,48.15,45.44,-101,5.8
2026-09-07 13:08:24,Pasillo Decanato Eléctrica,63.4,Group 1 (Common),89.37,68.49,Group 1 (Common),64.8,62.29,0.0,0.0,0.0,89.37,7.73,0.0,2.78,0.0,65.73,63.19,60.14,-107,10.5
2026-09-07 13:08:27,Laboratorios Civil Superior,58.33,Group 1 (Common),99.61,60.43,Group 1 (Common),58.86,0.0,0.0,0.0,0.0,99.61,0.0,0.04,0.0,0.0,59.75,58.08,57.55,-107,11.0
2026-09-07 13:08:31,Salón - Uma Civil,60.66,Group 4 (Person),93.71,63.84,Group 4 (Person),0.0,0.0,0.0,60.0,0.0,1.0,5.12,0.0,93.71,0.0,64.33,60.09,56.91,-113,7.2
2026-09-07 13:08:39,Salón - Extremo Civil,38.28,Silence,0.0,43.17,Silence,0.0,0.0,0.0,0.0,0.0,0.0,0.0,0.0,0.0,0.0,42.53,35.81,33.91,-93,12.0
2026-09-07 13:08:48,Salón - Extremo Eléctrica,74.59,Group 1 (Common),77.3,77.45,Group 1 (Common),74.55,0.0,0.0,0.0,74.43,77.3,0.0,0.0,0.48,22.09,77.4,73.8,71.21,-93,10.5
2026-09-07 13:08:53,Salón - Uma Eléctrica,73.23,Group 1 (Common),71.09,80.97,Group 4 (Person),72.75,0.0,0.0,79.94,0.0,71.09,0.17,0.48,25.39,2.82,76.54,71.21,69.57,-115,2.0
2026-09-07 13:09:04,Laboratorios Eléctrica Inferior,59.5,Mixed,65.1,61.13,Group 1 (Common),59.54,0.0,0.0,0.0,59.51,65.1,2.47,0.09,1.48,30.64,60.63,59.43,58.29,-101,3.8
2026-09-07 13:10:57,Laboratorios Civil Inferior,53.84,Mixed,51.9,57.1,Group 2 (Impact),0.0,52.86,0.0,0.0,51.38,9.08,51.9,4.3,6.35,28.32,57.8,52.29,51.14,-118,-1.5
2026-09-07 13:13:04,Laboratorios Civil Central,73.42,Group 1 (Common),73.57,77.15,Group 4 (Person),71.77,0.0,0.0,76.03,0.0,73.57,0.0,0.0,26.0,0.22,77.22,70.35,65.97,-102,11.5
2026-09-07 13:13:05,Lobby Eléctrica,68.54,Group 1 (Common),75.69,69.85,Group 1 (Common),68.52,0.0,0.0,68.55,0.0,75.69,0.22,0.0,24.0,0.0,70.23,68.45,67.37,-111,4.0
2026-09-07 13:13:11,Laboratorios Eléctrica Superior,59.83,Group 1 (Common),83.2,62.26,Group 1 (Common),59.76,0.0,0.0,0.0,0.0,83.2,12.24,0.0,4.47,0.09,62.95,59.39,56.58,-103,11.5
2026-09-07 13:13:13,Pasillo Decanato Civil,38.29,Silence,0.0,39.5,Silence,0.0,0.0,0.0,0.0,0.0,0.0,0.0,0.0,0.0,0.0,39.62,38.25,37.0,-117,0.5
2026-09-07 13:13:17,Lobby Civil,69.25,Group 1 (Common),78.13,72.9,Group 1 (Common),70.06,66.12,0.0,64.58,0.0,78.13,6.34,0.0,15.36,0.04,73.93,67.06,63.85,-103,11.5
2026-09-07 13:13:17,Pasillo Salones Eléctrica,61.01,Group 1 (Common),95.96,66.98,Group 1 (Common),62.02,0.0,0.0,0.0,0.0,95.96,0.0,0.74,3.08,0.0,66.41,57.87,55.37,-97,8.5
2026-09-07 13:13:20,Laboratorios Eléctrica Centro,63.64,Group 1 (Common),77.39,65.56,Group 1 (Common),63.98,0.0,0.0,0.0,63.0,77.39,0.0,0.56,0.0,21.92,65.6,63.33,62.49,-103,10.2
2026-09-07 13:13:22,Pasillo Salones Civil,55.3,Group 1 (Common),76.52,58.7,Group 1 (Common),56.19,0.0,0.0,0.0,54.24,76.52,0.09,0.22,0.22,22.87,58.9,53.86,50.88,-95,13.0
2026-09-07 13:13:24,Pasillo Decanato Eléctrica,59.52,Group 1 (Common),99.35,62.32,Group 1 (Common),60.1,0.0,0.0,0.0,0.0,99.35,0.0,0.09,0.0,0.3,62.15,59.37,56.84,-107,10.2
2026-09-07 13:13:27,Laboratorios Civil Superior,58.65,Group 1 (Common),70.49,62.64,Group 2 (Impact),55.64,58.81,0.0,0.0,0.0,70.49,27.17,0.0,1.43,0.82,63.81,56.18,53.24,-107,9.8
2026-09-07 13:13:31,Salón - Uma Civil,61.79,Mixed,56.6,68.52,Group 4 (Person),60.65,49.77,0.0,63.73,0.0,31.08,12.11,0.0,56.6,0.0,68.95,57.21,42.52,-113,6.2
2026-09-07 13:13:39,Salón - Extremo Civil,45.79,Group 1 (Common),71.14,59.13,Group 1 (Common),52.41,44.14,0.0,0.0,0.0,71.14,25.43,0.0,2.86,0.52,50.48,45.74,40.28,-91,12.2
2026-09-07 13:13:48,Salón - Extremo Eléctrica,59.61,Group 4 (Person),98.91,63.38,Group 4 (Person),0.0,0.0,0.0,59.2,0.0,0.87,0.0,0.0,98.91,0.0,63.45,58.68,53.09,-95,9.5
2026-09-07 13:13:53,Salón - Uma Eléctrica,71.86,Group 1 (Common),84.85,74.19,Group 1 (Common),72.1,0.0,0.0,69.74,0.0,84.85,0.0,0.0,15.06,0.0,74.97,70.94,66.84,-106,9.0
2026-09-07 13:14:04,Laboratorios Eléctrica Inferior,55.2,Mixed,53.86,55.84,Group 5 (Vehicle),55.14,0.0,0.0,0.0,55.04,42.01,1.39,0.09,2.43,53.86,56.13,55.13,54.23,-119,-4.2
2026-09-07 13:15:57,Laboratorios Civil Inferior,53.16,Group 1 (Common),74.48,55.2,Group 1 (Common),53.6,0.0,0.0,0.0,0.0,74.48,0.61,0.0,0.35,24.44,54.8,53.76,50.87,-120,-1.8
2026-09-07 13:18:04,Laboratorios Civil Central,65.39,Group 1 (Common),93.06,66.67,Group 1 (Common),65.63,0.0,0.0,0.0,0.0,93.06,0.0,0.0,1.17,5.69,66.17,65.48,64.28,-103,11.2
2026-09-07 13:18:05,Lobby Eléctrica,69.44,Group 1 (Common),99.31,72.57,Group 1 (Common),69.64,0.0,0.0,0.0,0.0,99.31,0.0,0.04,0.61,0.0,72.42,68.45,66.77,-97,12.8
2026-09-07 13:18:11,Laboratorios Eléctrica Superior,54.22,Group 1 (Common),73.78,56.63,Group 1 (Common),54.05,0.0,0.0,0.0,52.76,73.78,1.04,0.39,1.0,23.57,57.19,53.28,52.32,-97,9.0
2026-09-07 13:18:13,Pasillo Decanato Civil,39.38,Silence,0.0,40.47,Silence,0.0,0.0,0.0,0.0,0.0,0.0,0.0,0.0,0.0,0.0,40.35,39.43,37.93,-111,4.2
2026-09-07 13:18:17,Lobby Civil,60.15,Group 1 (Common),85.89,61.32,Group 1 (Common),60.24,0.0,0.0,0.0,0.0,85.89,1.91,1.74,8.59,1.74,61.35,60.1,58.24,-94,11.8
2026-09-07 13:18:17,Pasillo Salones Eléctrica,60.7,Mixed,53.91,62.61,Group 5 (Vehicle),60.73,0.0,0.0,0.0,61.68,45.01,0.69,0.0,0.39,53.91,63.32,59.94,57.18,-99,13.0
2026-09-07 13:18:20,Laboratorios Eléctrica Centro,62.05,Group 1 (Common),73.52,62.82,Group 1 (Common),62.06,0.0,0.0,0.0,61.08,73.52,0.0,0.0,0.0,26.3,63.07,62.1,60.63,-107,10.2
2026-09-07 13:18:22,Pasillo Salones Civil,48.44,Group 1 (Common),83.64,51.34,Group 1 (Common),47.93,0.0,0.0,0.0,0.0,83.64,1.61,1.17,0.74,12.76,51.75,48.28,46.31,-99,13.5
2026-09-07 13:18:24,Pasillo Decanato Eléctrica,55.95,Group 1 (Common),99.39,56.86,Group 1 (Common),56.08,0.0,0.0,0.0,0.0,99.39,0.04,0.0,0.09,0.3,56.72,55.9,55.29,-119,-3.5
2026-09-07 13:18:27,Laboratorios Civil Superior,64.49,Group 1 (Common),99.61,66.62,Group 1 (Common),64.28,0.0,0.0,0.0,0.0,99.61,0.0,0.0,0.04,0.04,66.96,63.57,62.23,-109,5.2
2026-09-07 13:18:31,Salón - Uma Civil,55.43,Group 2 (Impact),74.8,61.48,Group 4 (Person),0.0,53.26,0.0,60.74,0.0,0.0,74.8,0.29,14.84,10.16,62.93,43.82,42.56,-113,2.2
2026-09-07 13:18:39,Salón - Extremo Civil,56.69,Mixed,38.67,65.49,Group 1 (Common),61.64,46.39,0.0,64.13,0.0,38.67,35.25,0.88,18.02,7.23,64.88,39.91,35.78,-87,12.2
2026-09-07 13:18:48,Salón - Extremo Eléctrica,68.49,Group 1 (Common),99.52,72.05,Group 1 (Common),67.65,0.0,0.0,0.0,0.0,99.52,0.0,0.0,0.17,0.0,72.9,68.05,61.43,-91,10.0
2026-09-07 13:18:53,Salón - Uma Eléctrica,70.63,Mixed,62.15,73.86,Group 4 (Person),68.72,0.0,0.0,70.31,0.0,29.69,7.9,0.0,62.15,0.0,74.12,70.04,55.64,-109,8.8
2026-09-07 13:19:04,Laboratorios Eléctrica Inferior,60.84,Group 1 (Common),99.61,62.77,Group 1 (Common),61.15,0.0,0.0,0.0,0.0,99.61,0.0,0.04,0.0,0.0,62.9,60.46,58.09,-119,-6.0
2026-09-07 13:20:57,Laboratorios Civil Inferior,56.31,Mixed,64.71,57.58,Group 1 (Common),56.66,0.0,0.0,0.0,56.06,64.71,0.0,0.0,0.0,35.16,58.05,56.54,53.96,-107,-7.2
2026-09-07 13:23:04,Laboratorios Civil Central,66.0,Group 1 (Common),97.87,67.07,Group 1 (Common),65.95,0.0,0.0,0.0,0.0,97.87,0.0,0.0,0.04,2.04,67.55,65.8,65.28,-109,-3.2
2026-09-07 13:23:05,Lobby Eléctrica,62.86,Group 1 (Common),99.61,67.85,Group 1 (Common),64.47,0.0,0.0,0.0,0.0,99.61,0.0,0.0,0.04,0.0,65.1,62.83,59.0,-111,8.0
2026-09-07 13:23:11,Laboratorios Eléctrica Superior,59.62,Group 1 (Common),99.35,63.44,Group 1 (Common),58.93,0.0,0.0,0.0,0.0,99.35,0.09,0.04,0.26,0.0,63.95,55.68,53.17,-99,12.2
2026-09-07 13:23:13,Pasillo Decanato Civil,42.51,Silence,0.0,47.76,Silence,0.0,0.0,0.0,0.0,0.0,0.0,0.0,0.0,0.0,0.0,45.32,41.86,39.07,-107,10.8
2026-09-07 13:23:17,Lobby Civil,63.44,Group 1 (Common),99.61,65.46,Group 1 (Common),63.0,0.0,0.0,0.0,0.0,99.61,0.0,0.0,0.0,0.0,66.42,62.56,61.53,-101,12.2
2026-09-07 13:23:17,Pasillo Salones Eléctrica,50.58,Group 1 (Common),78.52,53.01,Group 1 (Common),51.36,0.0,50.41,0.0,0.0,78.52,1.91,18.84,0.17,0.52,51.89,50.11,49.64,-105,12.2
2026-09-07 13:23:20,Laboratorios Eléctrica Centro,61.7,Mixed,66.84,63.67,Group 1 (Common),62.72,0.0,0.0,0.0,60.44,66.84,0.0,0.0,0.13,32.9,63.89,61.0,60.19,-108,7.5
2026-09-07 13:23:22,Pasillo Salones Civil,65.92,Group 1 (Common),75.74,70.18,Group 4 (Person),64.8,0.0,0.0,67.48,0.0,75.74,0.0,0.0,24.22,0.0,70.11,64.44,60.16,-97,12.2
2026-09-07 13:23:24,Pasillo Decanato Eléctrica,58.21,Group 1 (Common),99.39,61.63,Group 1 (Common),59.45,0.0,0.0,0.0,0.0,99.39,0.13,0.0,0.22,0.22,60.28,57.1,56.6,-117,-0.2
2026-09-07 13:23:27,Laboratorios Civil Superior,61.74,Group 1 (Common),99.44,64.34,Group 1 (Common),62.09,0.0,0.0,0.0,0.0,99.44,0.0,0.0,0.22,0.0,65.28,60.95,59.36,-111,6.5
2026-09-07 13:23:31,Salón - Uma Civil,67.12,Mixed,45.9,73.37,Group 4 (Person),67.61,55.97,0.0,72.81,0.0,45.9,11.91,0.0,42.04,0.0,72.73,57.77,54.02,-117,-4.8
2026-09-07 13:23:39,Salón - Extremo Civil,53.74,Group 1 (Common),76.76,63.18,Group 1 (Common),57.81,0.0,0.0,0.0,0.0,76.76,4.64,0.34,18.26,0.0,57.24,52.35,47.17,-87,12.2
2026-09-07 13:23:49,Salón - Extremo Eléctrica,67.53,Mixed,55.25,69.67,Group 4 (Person),66.43,0.0,0.0,68.48,0.0,55.25,0.0,0.0,44.75,0.0,70.35,67.44,63.52,-93,10.5
2026-09-07 13:23:53,Salón - Uma Eléctrica,67.63,Group 1 (Common),72.7,71.18,Group 1 (Common),68.78,0.0,0.0,65.05,0.0,72.7,0.0,0.0,27.26,0.0,71.46,66.52,62.46,-113,6.5
2026-09-07 13:24:04,Laboratorios Eléctrica Inferior,55.48,Mixed,43.49,60.45,Group 1 (Common),57.58,0.0,0.0,59.57,54.46,40.63,0.61,1.17,14.11,43.49,59.23,54.9,53.27,-113,6.8
2026-09-07 13:25:57,Laboratorios Civil Inferior,55.36,Group 1 (Common),96.05,58.57,Group 1 (Common),56.2,0.0,0.0,0.0,0.0,96.05,0.04,1.56,0.0,2.21,58.06,54.38,53.22,-114,-2.5
2026-09-07 13:28:04,Laboratorios Civil Central,72.7,Group 1 (Common),94.49,75.19,Group 1 (Common),73.14,0.0,0.0,0.0,0.0,94.49,0.0,0.22,4.99,0.22,74.55,72.93,67.46,-101,13.2
2026-09-07 13:28:05,Lobby Eléctrica,66.5,Group 1 (Common),79.17,67.87,Group 1 (Common),66.57,0.0,0.0,66.17,0.0,79.17,0.04,0.0,20.66,0.0,67.58,66.2,64.91,-108,5.8
2026-09-07 13:28:11,Laboratorios Eléctrica Superior,62.33,Mixed,62.84,65.58,Group 4 (Person),61.86,0.0,0.0,64.23,0.0,62.84,0.0,0.1,36.87,0.0,65.93,61.14,60.64,-101,12.2
2026-09-07 13:28:13,Pasillo Decanato Civil,43.31,Silence,0.0,48.09,Silence,0.0,0.0,0.0,0.0,0.0,0.0,0.0,0.0,0.0,0.0,49.87,39.76,38.11,-111,8.5
2026-09-07 13:28:17,Lobby Civil,62.96,Group 1 (Common),99.31,67.3,Group 1 (Common),64.1,0.0,0.0,0.0,0.0,99.31,0.0,0.22,0.09,0.09,64.42,62.84,61.17,-97,8.5
2026-09-07 13:28:17,Pasillo Salones Eléctrica,62.86,Mixed,51.39,66.28,Group 1 (Common),61.39,0.0,0.0,60.94,0.0,51.39,0.26,0.0,48.22,0.0,66.73,61.13,57.02,-96,12.5
2026-09-07 13:28:20,Laboratorios Eléctrica Centro,64.7,Group 1 (Common),99.61,66.58,Group 1 (Common),65.19,0.0,0.0,0.0,0.0,99.61,0.0,0.0,0.04,0.04,66.54,63.4,62.77,-107,10.0
2026-09-07 13:28:22,Pasillo Salones Civil,60.16,Group 1 (Common),85.55,62.67,Group 1 (Common),59.99,0.0,0.0,0.0,0.0,85.55,2.99,0.0,11.37,0.0,63.43,58.68,55.53,-103,12.0
2026-09-07 13:28:24,Pasillo Decanato Eléctrica,57.02,Group 1 (Common),96.68,57.77,Group 1 (Common),56.86,0.0,0.0,0.0,0.0,96.68,0.1,0.0,0.05,2.98,58.06,56.66,55.84,-109,8.8
2026-09-07 13:28:27,Laboratorios Civil Superior,52.36,Mixed,36.55,53.97,Group 1 (Common),52.25,50.61,0.0,0.0,52.07,34.03,26.78,0.13,2.56,36.55,54.39,52.68,50.12,-108,8.8
2026-09-07 13:28:31,Salón - Uma Civil,60.21,Group 4 (Person),70.96,64.83,Group 4 (Person),49.74,42.81,0.0,61.74,0.0,7.42,20.57,0.26,70.96,0.56,65.36,58.01,41.11,-107,10.8
2026-09-07 13:28:39,Salón - Extremo Civil,44.57,Silence,0.0,49.22,Silence,0.0,0.0,0.0,0.0,0.0,0.0,0.0,0.0,0.0,0.0,50.82,39.51,37.25,-90,12.0
2026-09-07 13:28:49,Salón - Extremo Eléctrica,67.77,Group 4 (Person),99.61,71.3,Group 4 (Person),0.0,0.0,0.0,69.21,0.0,0.0,0.0,0.0,99.61,0.0,70.33,66.0,63.76,-87,9.5
2026-09-07 13:28:53,Salón - Uma Eléctrica,77.91,Mixed,64.4,80.62,Group 1 (Common),79.23,0.0,0.0,77.87,0.0,64.4,0.0,0.0,35.5,0.0,78.71,77.92,77.29,-111,5.5
2026-09-07 13:29:04,Laboratorios Eléctrica Inferior,55.51,Mixed,68.21,56.7,Group 1 (Common),56.26,0.0,0.0,0.0,55.37,29.79,0.39,0.29,1.27,68.21,56.92,55.71,54.15,-109,10.0
2026-09-07 13:30:57,Laboratorios Civil Inferior,55.24,Mixed,64.58,57.91,Group 1 (Common),54.29,0.0,0.0,0.0,54.65,64.58,0.0,0.0,0.0,35.29,58.23,54.54,53.36,-120,-6.5
2026-09-07 13:33:09,Laboratorios Civil Central,64.33,Group 1 (Common),70.23,65.54,Group 1 (Common),64.32,0.0,0.0,0.0,64.11,70.23,3.17,0.04,2.17,24.52,65.81,64.06,63.71,-114,1.0
2026-09-07 13:33:09,Lobby Eléctrica,63.03,Group 1 (Common),98.91,64.77,Group 1 (Common),62.93,0.0,0.0,0.0,0.0,98.91,0.0,0.78,0.09,0.0,65.31,62.63,60.64,-99,12.8
2026-09-07 13:33:11,Laboratorios Eléctrica Superior,53.85,Mixed,58.01,55.16,Group 1 (Common),53.99,0.0,54.21,0.0,51.59,58.01,0.0,21.14,0.0,20.65,55.24,53.5,52.34,-94,12.8
2026-09-07 13:33:13,Pasillo Decanato Civil,39.17,Silence,0.0,41.29,Silence,0.0,0.0,0.0,0.0,0.0,0.0,0.0,0.0,0.0,0.0,41.01,39.15,36.4,-104,9.8
2026-09-07 13:33:17,Lobby Civil,61.33,Group 1 (Common),84.9,62.34,Group 1 (Common),61.1,0.0,0.0,0.0,0.0,84.9,2.3,0.17,7.81,4.73,62.58,61.02,59.98,-96,12.5
2026-09-07 13:33:17,Pasillo Salones Eléctrica,57.02,Group 1 (Common),75.82,64.2,Group 1 (Common),60.32,0.0,0.0,57.15,0.0,75.82,0.61,0.17,23.18,0.0,59.43,57.76,52.41,-99,8.2
2026-09-07 13:33:20,Laboratorios Eléctrica Centro,63.08,Mixed,58.74,64.77,Group 1 (Common),63.61,0.0,0.0,0.0,61.33,58.74,0.0,0.1,0.0,41.02,65.86,61.82,61.32,-101,12.0
2026-09-07 13:33:22,Pasillo Salones Civil,68.87,Group 1 (Common),73.52,71.16,Group 1 (Common),69.3,0.0,0.0,69.21,0.0,73.52,0.0,0.0,26.43,0.0,70.96,68.4,66.85,-103,11.2
2026-09-07 13:33:24,Pasillo Decanato Eléctrica,56.9,Group 1 (Common),99.46,57.88,Group 1 (Common),56.77,0.0,0.0,0.0,0.0,99.46,0.0,0.0,0.05,0.24,57.56,56.82,56.07,-108,7.5
2026-09-07 13:33:27,Laboratorios Civil Superior,62.71,Group 1 (Common),95.88,64.84,Group 1 (Common),62.48,0.0,0.0,0.0,0.0,95.88,0.13,0.0,0.61,3.08,65.06,62.18,60.39,-106,8.2
2026-09-07 13:33:31,Salón - Uma Civil,44.88,Silence,0.0,47.29,Silence,0.0,0.0,0.0,0.0,0.0,0.0,0.0,0.0,0.0,0.0,48.4,44.18,42.07,-107,7.5
2026-09-07 13:33:39,Salón - Extremo Civil,62.13,Group 1 (Common),75.26,66.44,Group 4 (Person),61.91,64.54,0.0,66.65,0.0,75.26,7.42,0.0,17.23,0.0,66.82,60.91,57.33,-90,12.5
2026-09-07 13:33:49,Salón - Extremo Eléctrica,73.66,Group 1 (Common),71.48,75.49,Group 1 (Common),73.93,0.0,0.0,74.23,72.68,71.48,0.0,0.0,16.41,12.11,75.83,72.89,71.07,-93,9.0
2026-09-07 13:33:53,Salón - Uma Eléctrica,58.34,Mixed,47.95,65.32,Group 1 (Common),63.74,57.94,56.77,61.73,58.21,9.52,6.93,19.82,15.77,47.95,60.47,58.12,56.24,-109,8.5
2026-09-07 13:34:04,Laboratorios Eléctrica Inferior,53.77,Mixed,65.33,54.45,Group 5 (Vehicle),53.85,0.0,0.0,0.0,53.96,31.1,1.12,0.0,2.39,65.33,54.13,53.68,53.32,-111,3.8
2026-09-07 13:35:57,Laboratorios Civil Inferior,48.92,Mixed,53.39,51.84,Group 1 (Common),49.56,48.76,0.0,0.0,0.0,53.39,24.57,0.13,3.52,18.36,50.74,48.52,47.79,-118,-6.8
2026-09-07 13:38:04,Laboratorios Civil Central,67.11,Group 1 (Common),99.61,68.92,Group 1 (Common),66.72,0.0,0.0,0.0,0.0,99.61,0.0,0.0,0.05,0.0,69.05,66.14,65.02,-113,4.5
2026-09-07 13:38:05,Lobby Eléctrica,66.81,Group 1 (Common),97.71,69.18,Group 1 (Common),65.89,0.0,0.0,0.0,0.0,97.71,0.24,0.0,1.9,0.0,69.33,65.89,63.69,-115,
2026-09-07 13:38:11,Laboratorios Eléctrica Superior,62.62,Group 1 (Common),91.71,65.64,Group 1 (Common),62.92,0.0,0.0,0.0,0.0,91.71,0.13,0.0,8.07,0.0,66.12,62.47,58.43,-99,10.0
2026-09-07 13:38:18,Pasillo Decanato Civil,38.6,Silence,0.0,39.95,Silence,0.0,0.0,0.0,0.0,0.0,0.0,0.0,0.0,0.0,0.0,40.14,38.76,36.71,-107,1.0
2026-09-07 13:38:18,Lobby Civil,66.13,Group 1 (Common),99.61,68.56,Group 1 (Common),66.15,0.0,0.0,0.0,0.0,99.61,0.0,0.0,0.05,0.0,68.8,64.7,62.94,-111,3.2
2026-09-07 13:38:18,Pasillo Salones Eléctrica,66.42,Group 1 (Common),99.07,69.91,Group 1 (Common),66.95,0.0,0.0,0.0,0.0,99.07,0.0,0.0,0.63,0.0,70.57,64.56,61.1,-105,10.8
2026-09-07 13:38:20,Laboratorios Eléctrica Centro,63.15,Mixed,65.63,63.77,Group 5 (Vehicle),63.17,0.0,0.0,0.0,63.12,65.63,0.0,0.0,0.0,34.2,63.92,63.13,62.78,-105,6.5
2026-09-07 13:38:22,Pasillo Salones Civil,50.89,Group 1 (Common),82.52,53.88,Group 1 (Common),50.17,0.0,49.39,0.0,0.0,82.52,2.29,14.75,0.05,0.24,54.13,49.89,49.25,-95,9.5
2026-09-07 13:38:24,Pasillo Decanato Eléctrica,56.7,Group 1 (Common),99.61,57.17,Group 1 (Common),56.61,0.0,0.0,0.0,0.0,99.61,0.0,0.0,0.04,0.04,57.09,56.92,55.48,-119,-6.0
2026-09-07 13:38:27,Laboratorios Civil Superior,60.26,Group 1 (Common),99.61,64.42,Group 1 (Common),61.46,0.0,0.0,0.0,0.0,99.61,0.0,0.0,0.0,0.0,64.88,58.12,55.27,-102,9.5
2026-09-07 13:38:31,Salón - Uma Civil,62.99,Group 4 (Person),80.56,66.78,Group 4 (Person),50.95,53.4,0.0,63.24,0.0,5.43,13.76,0.0,80.56,0.0,66.49,61.18,53.03,-111,8.5
2026-09-07 13:38:39,Salón - Extremo Civil,55.31,Group 1 (Common),96.96,58.74,Group 1 (Common),55.84,0.0,0.0,0.0,0.0,96.96,0.0,0.0,2.95,0.0,59.06,53.95,52.16,-101,12.2
2026-09-07 13:38:49,Salón - Extremo Eléctrica,55.09,Mixed,36.24,59.72,Group 1 (Common),52.16,51.96,0.0,56.34,47.87,36.24,28.21,4.34,19.62,11.59,60.03,50.1,42.19,-101,6.5
2026-09-07 13:38:53,Salón - Uma Eléctrica,69.22,Group 1 (Common),99.57,71.9,Group 1 (Common),68.74,0.0,0.0,0.0,0.0,99.57,0.0,0.0,0.09,0.0,71.81,68.41,66.1,-105,1.2
2026-09-07 13:39:04,Laboratorios Eléctrica Inferior,75.85,Mixed,68.84,79.32,Group 3 (Rotary Tool),0.0,66.82,77.19,0.0,0.0,0.0,14.41,68.84,4.43,12.28,80.09,74.15,62.76,-98,4.0
2026-09-07 13:40:57,Laboratorios Civil Inferior,57.79,Mixed,64.45,62.25,Group 1 (Common),57.71,0.0,0.0,0.0,58.55,35.55,0.0,0.0,0.0,64.45,62.08,56.94,53.02,-121,-4.2
2026-09-07 13:43:04,Laboratorios Civil Central,66.05,Group 1 (Common),96.35,69.48,Group 1 (Common),66.96,0.0,0.0,0.0,0.0,96.35,0.17,0.0,2.43,1.04,68.97,65.67,64.24,-101,12.2
2026-09-07 13:43:05,Lobby Eléctrica,68.98,Group 1 (Common),98.05,72.23,Group 1 (Common),68.13,0.0,0.0,0.0,0.0,98.05,0.0,0.0,1.82,0.0,72.43,67.61,64.0,-107,7.2
2026-09-07 13:43:11,Laboratorios Eléctrica Superior,60.44,Group 1 (Common),99.61,63.17,Group 1 (Common),60.06,0.0,0.0,0.0,0.0,99.61,0.0,0.0,0.0,0.0,64.07,59.7,57.54,-105,10.0
2026-09-07 13:43:13,Pasillo Decanato Civil,39.03,Silence,0.0,40.1,Silence,0.0,0.0,0.0,0.0,0.0,0.0,0.0,0.0,0.0,0.0,39.9,39.14,36.91,-111,6.8
2026-09-07 13:43:17,Lobby Civil,63.72,Group 1 (Common),86.24,64.77,Group 1 (Common),63.84,0.0,0.0,0.0,0.0,86.24,2.26,0.0,2.69,8.85,65.07,64.13,60.56,-107,12.8
2026-09-07 13:43:17,Pasillo Salones Eléctrica,48.92,Mixed,37.46,51.12,Group 4 (Person),49.48,0.0,45.89,49.98,0.0,34.03,5.99,37.46,22.48,0.0,51.58,49.06,44.71,-102,10.5
2026-09-07 13:43:20,Laboratorios Eléctrica Centro,62.12,Group 1 (Common),96.61,63.42,Group 1 (Common),62.12,0.0,0.0,0.0,0.0,96.61,0.0,0.0,0.0,3.26,63.55,61.98,61.23,-100,11.8
2026-09-07 13:43:27,Pasillo Salones Civil,56.97,Group 1 (Common),89.58,61.16,Group 1 (Common),58.1,0.0,0.0,0.0,0.0,89.58,0.48,3.08,0.13,6.6,59.82,56.9,54.76,-93,12.0
2026-09-07 13:43:27,Pasillo Decanato Eléctrica,57.12,Group 1 (Common),99.18,57.81,Group 1 (Common),56.92,0.0,0.0,0.0,0.0,99.18,0.22,0.0,0.04,0.3,58.22,56.87,56.16,-113,8.0
2026-09-07 13:43:27,Laboratorios Civil Superior,52.03,Mixed,65.1,52.87,Group 1 (Common),52.0,0.0,0.0,0.0,51.5,65.1,0.09,0.04,0.09,34.68,52.98,51.8,51.12,-102,11.0
2026-09-07 13:43:31,Salón - Uma Civil,58.98,Group 4 (Person),95.27,64.56,Group 4 (Person),0.0,0.0,0.0,59.55,0.0,4.56,0.04,0.0,95.27,0.0,64.81,53.6,44.95,-109,9.0
2026-09-07 13:43:39,Salón - Extremo Civil,47.44,Mixed,59.33,51.69,Group 5 (Vehicle),47.54,50.04,0.0,0.0,52.55,59.33,28.39,0.22,4.08,7.94,50.53,46.47,44.17,-99,12.2
2026-09-07 13:43:49,Salón - Extremo Eléctrica,66.51,Group 4 (Person),80.34,70.14,Group 1 (Common),67.04,0.0,0.0,67.46,0.0,19.4,0.0,0.0,80.34,0.0,70.06,66.06,47.85,-89,12.0
2026-09-07 13:43:53,Salón - Uma Eléctrica,58.54,Mixed,34.03,63.15,Group 4 (Person),59.2,54.67,0.0,60.98,59.8,32.99,9.59,0.39,34.03,23.0,61.47,58.51,51.55,-107,12.5
2026-09-07 13:44:04,Laboratorios Eléctrica Inferior,54.48,Group 5 (Vehicle),87.54,55.98,Group 5 (Vehicle),55.47,0.0,0.0,0.0,54.69,11.72,0.26,0.0,0.39,87.54,56.25,54.31,52.66,-120,-8.8
2026-09-07 13:45:57,Laboratorios Civil Inferior,49.47,Mixed,63.57,50.24,Group 1 (Common),49.33,49.18,0.0,0.0,0.0,63.57,18.16,0.05,1.66,16.7,50.39,49.37,48.25,-120,-10.8
2026-09-07 13:48:04,Laboratorios Civil Central,63.44,Group 1 (Common),75.95,64.03,Group 1 (Common),63.51,0.0,0.0,0.0,0.0,75.95,13.24,0.0,2.34,8.51,63.86,63.43,62.94,-105,11.8
2026-09-07 13:48:05,Lobby Eléctrica,66.24,Group 1 (Common),95.53,68.08,Group 1 (Common),65.99,0.0,0.0,0.0,0.0,95.53,0.13,0.0,4.21,0.0,68.33,66.16,63.51,-101,12.5
2026-09-07 13:48:11,Laboratorios Eléctrica Superior,61.37,Group 1 (Common),94.66,64.58,Group 1 (Common),60.4,0.0,0.0,0.0,0.0,94.66,0.13,0.0,4.95,0.09,64.17,60.93,52.34,-99,11.8
2026-09-07 13:48:13,Pasillo Decanato Civil,38.8,Silence,0.0,40.22,Silence,0.0,0.0,0.0,0.0,0.0,0.0,0.0,0.0,0.0,0.0,40.1,38.45,36.85,-106,10.0
2026-09-07 13:48:17,Lobby Civil,57.93,Group 1 (Common),99.35,59.89,Group 1 (Common),58.42,0.0,0.0,0.0,0.0,99.35,0.04,0.0,0.35,0.04,59.77,57.29,56.15,-103,11.5
2026-09-07 13:48:17,Pasillo Salones Eléctrica,47.11,Mixed,61.07,49.39,Group 1 (Common),47.61,0.0,0.0,0.0,45.98,61.07,7.6,13.63,0.69,17.1,50.05,46.81,44.13,-102,6.8
2026-09-07 13:48:20,Laboratorios Eléctrica Centro,68.97,Group 1 (Common),99.61,71.71,Group 1 (Common),69.58,0.0,0.0,0.0,0.0,99.61,0.0,0.0,0.04,0.0,71.14,68.85,64.98,-103,11.5
2026-09-07 13:48:22,Pasillo Salones Civil,51.74,Group 1 (Common),73.26,55.21,Group 1 (Common),51.16,50.35,0.0,0.0,0.0,73.26,21.48,3.82,0.95,0.43,56.38,50.99,49.3,-103,11.8
2026-09-07 13:48:24,Pasillo Decanato Eléctrica,61.88,Group 1 (Common),93.19,63.45,Group 1 (Common),61.33,0.0,0.0,0.0,0.0,93.19,0.43,0.0,2.43,3.73,64.34,60.73,56.72,-105,7.0
2026-09-07 13:48:27,Laboratorios Civil Superior,62.64,Mixed,54.3,66.79,Group 4 (Person),60.99,0.0,0.0,65.41,61.74,54.3,0.09,0.0,27.04,18.62,66.48,62.05,54.33,-97,7.2
2026-09-07 13:48:35,Salón - Uma Civil,40.83,Silence,0.0,41.99,Silence,0.0,0.0,0.0,0.0,0.0,0.0,0.0,0.0,0.0,0.0,42.32,40.48,38.76,-115,-0.5
2026-09-07 13:48:39,Salón - Extremo Civil,53.44,Mixed,66.28,56.25,Group 1 (Common),54.3,53.41,0.0,54.26,0.0,66.28,7.6,0.22,25.82,0.0,56.25,52.75,48.84,-89,8.8
2026-09-07 13:48:49,Salón - Extremo Eléctrica,51.85,Mixed,68.71,55.22,Group 2 (Impact),0.0,52.74,0.0,0.0,0.0,0.0,68.71,18.36,2.17,10.76,53.94,52.03,47.45,-94,11.0
2026-09-07 13:48:53,Salón - Uma Eléctrica,62.76,Mixed,40.67,67.25,Group 1 (Common),66.58,48.24,0.0,64.65,0.0,22.57,40.67,0.09,31.94,4.47,67.74,58.01,44.35,-109,10.0
2026-09-07 13:49:04,Laboratorios Eléctrica Inferior,57.11,Mixed,69.66,58.06,Group 1 (Common),57.17,0.0,0.0,0.0,56.64,69.66,0.17,0.0,0.39,29.69,57.97,56.9,56.44,-120,-8.8
2026-09-07 13:50:58,Laboratorios Civil Inferior,58.56,Mixed,68.16,62.3,Group 1 (Common),59.62,55.34,0.0,0.0,0.0,68.16,26.71,0.24,3.27,1.51,61.6,56.03,53.27,-118,-12.0
2026-09-07 13:53:04,Laboratorios Civil Central,63.76,Group 1 (Common),70.66,64.55,Group 1 (Common),63.56,0.0,0.0,0.0,63.84,70.66,4.82,0.0,1.95,22.57,64.67,63.59,63.09,-111,-3.0
2026-09-07 13:53:05,Lobby Eléctrica,69.25,Group 1 (Common),99.61,72.02,Group 1 (Common),69.76,0.0,0.0,0.0,0.0,99.61,0.0,0.0,0.13,0.0,71.04,68.63,66.57,-95,9.2
2026-09-07 13:53:11,Laboratorios Eléctrica Superior,64.61,Group 1 (Common),99.09,66.15,Group 1 (Common),64.81,0.0,0.0,0.0,0.0,99.09,0.0,0.0,0.0,0.52,66.44,64.1,62.23,-97,12.5
2026-09-07 13:53:13,Pasillo Decanato Civil,39.23,Silence,0.0,40.53,Silence,0.0,0.0,0.0,0.0,0.0,0.0,0.0,0.0,0.0,0.0,40.31,39.31,37.78,-106,8.2
2026-09-07 13:53:17,Lobby Civil,66.01,Mixed,57.94,66.74,Group 1 (Common),66.23,0.0,0.0,0.0,66.0,32.12,6.16,0.04,3.86,57.94,66.41,66.04,65.63,-101,13.0
2026-09-07 13:53:17,Pasillo Salones Eléctrica,50.42,Mixed,39.76,55.3,Group 2 (Impact),43.85,48.43,0.0,48.83,0.0,8.25,39.76,9.81,34.29,7.9,55.81,48.72,40.15,-101,12.0
2026-09-07 13:53:20,Laboratorios Eléctrica Centro,62.08,Mixed,54.6,62.82,Group 1 (Common),62.1,0.0,0.0,0.0,61.69,54.6,0.0,0.0,0.04,45.31,63.32,62.25,60.93,-108,6.0
2026-09-07 13:53:22,Pasillo Salones Civil,48.39,Group 1 (Common),76.3,50.08,Group 2 (Impact),48.58,49.56,0.0,0.0,0.0,76.3,22.35,0.0,1.22,0.0,50.25,48.06,46.37,-103,9.8
2026-09-07 13:53:24,Pasillo Decanato Eléctrica,57.33,Group 1 (Common),99.61,57.85,Group 1 (Common),57.31,0.0,0.0,0.0,0.0,99.61,0.0,0.0,0.0,0.0,58.2,57.16,56.71,-109,8.2
2026-09-07 13:53:27,Laboratorios Civil Superior,58.69,Group 1 (Common),99.39,63.93,Group 1 (Common),59.92,0.0,0.0,0.0,0.0,99.39,0.0,0.0,0.26,0.09,64.26,56.45,53.51,-108,6.2
2026-09-07 13:53:31,Salón - Uma Civil,67.11,Mixed,40.36,73.06,Group 1 (Common),67.61,41.93,0.0,70.94,70.88,40.36,20.92,0.0,23.83,14.84,73.07,50.3,39.76,-109,8.8
2026-09-07 13:53:39,Salón - Extremo Civil,59.76,Mixed,38.19,66.22,Group 1 (Common),57.0,52.45,0.0,55.72,0.0,38.19,32.55,0.0,12.8,16.54,67.07,51.12,44.88,-89,12.8
2026-09-07 13:53:49,Salón - Extremo Eléctrica,43.99,Silence,0.0,49.29,Silence,0.0,0.0,0.0,0.0,0.0,0.0,0.0,0.0,0.0,0.0,50.01,41.87,36.2,-101,9.0
2026-09-07 13:53:53,Salón - Uma Eléctrica,56.5,Group 4 (Person),83.16,62.65,Group 4 (Person),49.04,0.0,0.0,58.19,51.66,5.73,0.35,0.0,83.16,10.55,63.13,53.69,47.71,-111,10.8
2026-09-07 13:54:04,Laboratorios Eléctrica Inferior,58.6,Group 1 (Common),87.28,61.28,Group 1 (Common),59.74,0.0,0.0,0.0,56.09,87.28,0.0,0.0,0.43,12.11,60.92,58.69,53.4,-119,-3.2
2026-09-07 13:55:58,Laboratorios Civil Inferior,54.96,Group 1 (Common),98.87,56.6,Group 1 (Common),54.92,0.0,0.0,0.0,0.0,98.87,0.13,0.0,0.13,0.69,57.48,54.84,52.92,-119,-12.0
2026-09-07 13:58:04,Laboratorios Civil Central,64.61,Mixed,68.23,66.5,Group 1 (Common),64.28,65.26,0.0,0.0,0.0,68.23,6.94,0.04,6.34,18.4,66.6,63.86,63.5,-108,9.0
2026-09-07 13:58:05,Lobby Eléctrica,61.9,Group 1 (Common),93.92,65.28,Group 1 (Common),61.32,0.0,0.0,0.0,0.0,93.92,0.13,0.69,5.12,0.04,66.57,60.73,56.44,-96,4.0
2026-09-07 13:58:11,Laboratorios Eléctrica Superior,64.63,Group 1 (Common),93.1,67.52,Group 1 (Common),64.27,0.0,0.0,0.0,0.0,93.1,0.78,0.09,5.86,0.0,66.89,64.83,60.24,-99,7.8
2026-09-07 13:58:13,Pasillo Decanato Civil,40.34,Silence,0.0,41.62,Silence,0.0,0.0,0.0,0.0,0.0,0.0,0.0,0.0,0.0,0.0,41.27,40.25,38.72,-117,5.8
2026-09-07 13:58:17,Lobby Civil,67.53,Mixed,46.96,68.43,Group 5 (Vehicle),67.57,67.78,0.0,0.0,67.51,38.72,11.33,0.17,2.82,46.96,68.21,67.54,66.68,-94,11.2
2026-09-07 13:58:17,Pasillo Salones Eléctrica,42.65,Silence,0.0,45.05,Silence,0.0,0.0,0.0,0.0,0.0,0.0,0.0,0.0,0.0,0.0,45.74,42.05,40.27,-107,10.8
2026-09-07 13:58:20,Laboratorios Eléctrica Centro,61.65,Mixed,67.27,62.58,Group 1 (Common),61.77,0.0,0.0,0.0,61.65,32.64,0.0,0.0,0.0,67.27,62.48,61.53,61.08,-105,10.0
2026-09-07 13:58:22,Pasillo Salones Civil,63.41,Mixed,49.35,65.06,Group 1 (Common),64.04,61.33,0.0,62.11,0.0,49.35,22.87,0.0,27.82,0.0,65.0,63.92,59.17,-105,1.0
2026-09-07 13:58:24,Pasillo Decanato Eléctrica,60.75,Group 1 (Common),99.13,64.43,Group 1 (Common),60.82,0.0,0.0,0.0,0.0,99.13,0.0,0.0,0.56,0.0,65.47,58.89,56.68,-113,4.0
2026-09-07 13:58:27,Laboratorios Civil Superior,56.46,Mixed,39.19,58.88,Group 1 (Common),57.26,55.29,0.0,0.0,55.76,32.9,20.53,5.43,1.91,39.19,59.07,55.94,51.16,-108,8.8
2026-09-07 13:58:31,Salón - Uma Civil,74.15,Group 4 (Person),95.46,78.15,Group 4 (Person),0.0,0.0,0.0,74.3,0.0,3.17,1.12,0.0,95.46,0.0,78.18,69.66,52.64,-109,0.2
2026-09-07 13:58:39,Salón - Extremo Civil,60.26,Mixed,67.53,65.64,Group 1 (Common),62.37,53.29,0.0,0.0,0.0,67.53,25.87,0.69,5.64,0.17,65.85,57.21,45.67,-89,12.8
2026-09-07 13:58:49,Salón - Extremo Eléctrica,49.82,Mixed,68.23,53.05,Group 2 (Impact),0.0,50.6,0.0,0.0,51.54,0.26,68.23,1.61,4.77,25.17,52.61,49.76,46.52,-91,10.8
2026-09-07 13:58:58,Salón - Uma Eléctrica,41.64,Silence,0.0,43.15,Silence,0.0,0.0,0.0,0.0,0.0,0.0,0.0,0.0,0.0,0.0,43.47,40.87,39.16,-109,10.2
2026-09-07 13:59:04,Laboratorios Eléctrica Inferior,56.81,Mixed,68.53,58.0,Group 1 (Common),57.0,0.0,0.0,0.0,56.46,68.53,1.78,1.69,6.21,21.83,58.72,56.85,54.83,-113,1.2
2026-09-07 14:00:58,Laboratorios Civil Inferior,65.81,Mixed,52.04,71.52,Group 5 (Vehicle),51.34,0.0,0.0,0.0,67.09,52.04,0.04,0.13,0.22,47.57,72.85,51.58,50.38,-121,-7.5
2026-09-07 14:03:04,Laboratorios Civil Central,64.3,Group 1 (Common),82.03,65.13,Group 1 (Common),64.12,0.0,0.0,0.0,0.0,82.03,3.56,0.0,1.95,12.54,65.26,64.27,63.29,-115,-2.0
2026-09-07 14:03:05,Lobby Eléctrica,61.51,Group 1 (Common),99.48,63.65,Group 1 (Common),60.9,0.0,0.0,0.0,0.0,99.48,0.04,0.0,0.04,0.17,64.21,60.31,58.91,-114,2.5
2026-09-07 14:03:11,Laboratorios Eléctrica Superior,62.55,Group 1 (Common),99.44,66.35,Group 1 (Common),62.18,0.0,0.0,0.0,0.0,99.44,0.0,0.0,0.04,0.22,66.88,60.85,53.74,-99,12.2
2026-09-07 14:03:13,Pasillo Decanato Civil,60.09,Mixed,52.1,66.38,Group 4 (Person),54.07,58.49,43.58,65.25,0.0,52.1,15.33,8.5,23.58,0.49,68.13,45.87,41.02,-103,11.0
2026-09-07 14:03:17,Lobby Civil,70.24,Group 1 (Common),99.44,73.44,Group 1 (Common),70.41,0.0,0.0,0.0,0.0,99.44,0.0,0.0,0.26,0.09,73.27,69.43,67.21,-101,8.2
2026-09-07 14:03:18,Pasillo Salones Eléctrica,65.56,Group 1 (Common),99.61,68.07,Group 1 (Common),66.32,0.0,0.0,0.0,0.0,99.61,0.0,0.0,0.0,0.04,66.94,65.21,62.78,-103,9.5
2026-09-07 14:03:20,Laboratorios Eléctrica Centro,66.31,Group 1 (Common),99.18,70.02,Group 1 (Common),66.11,0.0,0.0,0.0,0.0,99.18,0.0,0.13,0.3,0.3,71.1,64.46,63.33,-107,5.2
2026-09-07 14:03:22,Pasillo Salones Civil,64.48,Group 1 (Common),79.43,67.33,Group 4 (Person),63.65,0.0,0.0,66.17,0.0,79.43,1.56,0.0,18.92,0.0,67.77,64.85,56.83,-93,12.2
2026-09-07 14:03:24,Pasillo Decanato Eléctrica,56.84,Group 1 (Common),99.57,57.76,Group 1 (Common),56.84,0.0,0.0,0.0,0.0,99.57,0.0,0.0,0.04,0.09,58.02,56.58,55.92,-114,-2.0
2026-09-07 14:03:28,Laboratorios Civil Superior,60.4,Group 1 (Common),87.37,63.52,Group 1 (Common),60.91,0.0,0.0,0.0,0.0,87.37,1.74,0.74,5.47,4.69,64.78,59.45,55.48,-103,6.5
2026-09-07 14:03:31,Salón - Uma Civil,63.99,Mixed,63.13,70.8,Group 4 (Person),0.0,48.1,0.0,67.57,0.0,0.0,36.57,0.0,63.13,0.0,70.99,47.78,46.33,-103,11.2
2026-09-07 14:03:39,Salón - Extremo Civil,59.84,Group 1 (Common),90.58,61.46,Group 1 (Common),60.15,0.0,0.0,58.24,0.0,90.58,0.0,0.0,9.16,0.0,61.71,60.37,54.84,-99,13.2
2026-09-07 14:03:49,Salón - Extremo Eléctrica,62.14,Group 4 (Person),88.54,64.46,Group 4 (Person),60.2,0.0,0.0,62.44,0.0,11.2,0.0,0.0,88.54,0.0,64.79,61.75,56.14,-95,11.0
2026-09-07 14:03:53,Salón - Uma Eléctrica,69.35,Group 4 (Person),76.69,72.23,Group 4 (Person),65.0,62.3,0.0,70.1,0.0,15.54,7.38,0.17,76.69,0.0,72.71,68.3,62.76,-117,-7.0
2026-09-07 14:04:04,Laboratorios Eléctrica Inferior,56.4,Mixed,63.06,58.07,Group 1 (Common),56.85,0.0,0.0,0.0,55.98,63.06,0.3,0.0,0.69,35.85,58.0,56.16,55.07,-109,8.2
2026-09-07 14:05:58,Laboratorios Civil Inferior,51.48,Mixed,49.44,52.84,Group 1 (Common),51.47,0.0,0.0,0.0,50.25,49.44,16.23,0.0,1.22,33.03,53.73,51.04,49.19,-115,4.2
2026-09-07 14:08:04,Laboratorios Civil Central,63.99,Group 1 (Common),86.72,64.91,Group 1 (Common),64.03,0.0,0.0,0.0,0.0,86.72,1.17,0.0,1.26,10.85,64.75,63.92,63.07,-105,12.2
2026-09-07 14:08:05,Lobby Eléctrica,64.31,Mixed,66.41,68.77,Group 4 (Person),63.5,0.0,0.0,67.37,0.0,66.41,0.0,0.0,33.12,0.22,66.26,64.18,61.69,-108,5.5
2026-09-07 14:08:11,Laboratorios Eléctrica Superior,62.26,Group 1 (Common),99.61,69.39,Group 1 (Common),64.43,0.0,0.0,0.0,0.0,99.61,0.0,0.0,0.04,0.0,65.42,58.84,56.94,-99,11.2
2026-09-07 14:08:13,Pasillo Decanato Civil,64.31,Group 4 (Person),90.23,67.9,Group 4 (Person),0.0,66.6,0.0,64.06,0.0,1.35,8.12,0.0,90.23,0.0,68.02,63.7,58.35,-115,7.0
2026-09-07 14:08:17,Lobby Civil,67.35,Mixed,63.15,70.89,Group 4 (Person),62.73,68.67,0.0,70.71,0.0,63.15,8.46,0.0,28.08,0.04,72.08,65.86,60.91,-97,11.8
2026-09-07 14:08:18,Pasillo Salones Eléctrica,68.08,Group 1 (Common),95.49,70.39,Group 1 (Common),68.58,0.0,0.0,0.0,0.0,95.49,0.0,0.0,4.47,0.0,70.08,67.67,66.47,-96,12.8
2026-09-07 14:08:20,Laboratorios Eléctrica Centro,63.4,Mixed,46.92,65.87,Group 2 (Impact),63.3,64.96,0.0,0.0,63.93,46.92,5.99,2.78,1.82,42.36,65.57,62.42,61.26,-107,10.5
2026-09-07 14:08:22,Pasillo Salones Civil,65.15,Mixed,67.27,68.23,Group 1 (Common),64.23,0.0,0.0,63.41,0.0,67.27,0.0,0.0,32.51,0.0,68.71,64.13,61.45,-103,11.5
2026-09-07 14:08:24,Pasillo Decanato Eléctrica,57.05,Group 1 (Common),91.94,57.75,Group 1 (Common),57.01,0.0,0.0,0.0,0.0,91.94,0.34,0.0,0.2,7.47,57.91,56.87,56.44,-109,9.0
2026-09-07 14:08:28,Laboratorios Civil Superior,51.04,Group 1 (Common),80.51,53.66,Group 1 (Common),50.58,0.0,0.0,0.0,51.03,80.51,0.17,0.0,0.0,19.18,53.89,50.23,49.19,-108,10.2
2026-09-07 14:08:31,Salón - Uma Civil,68.18,Mixed,51.56,73.43,Group 1 (Common),68.36,0.0,0.0,68.05,0.0,51.56,0.43,0.0,47.7,0.22,74.43,64.91,54.85,-109,9.5
2026-09-07 14:08:39,Salón - Extremo Civil,57.89,Group 1 (Common),87.67,61.01,Group 1 (Common),56.26,0.0,0.0,0.0,0.0,87.67,5.51,0.04,1.39,5.25,62.33,56.97,47.3,-90,9.2
2026-09-07 14:08:49,Salón - Extremo Eléctrica,62.29,Group 4 (Person),81.45,67.72,Group 1 (Common),67.37,0.0,0.0,62.45,0.0,18.36,0.0,0.0,81.45,0.0,66.24,57.41,53.22,-97,10.8
2026-09-07 14:08:53,Salón - Uma Eléctrica,48.63,Mixed,46.09,52.33,Group 4 (Person),49.59,49.92,0.0,51.91,0.0,46.09,30.81,1.56,16.16,5.47,52.14,47.61,44.62,-117,1.2
2026-09-07 14:09:04,Laboratorios Eléctrica Inferior,54.0,Mixed,67.38,55.04,Group 5 (Vehicle),54.16,0.0,0.0,0.0,54.53,31.74,0.05,0.0,0.73,67.38,55.1,53.86,52.82,-115,-1.0
2026-09-07 14:10:58,Laboratorios Civil Inferior,51.78,Group 1 (Common),70.14,53.29,Group 1 (Common),51.92,0.0,0.0,0.0,50.72,70.14,0.0,0.0,0.0,29.73,53.73,51.49,50.49,-117,-4.2
2026-09-07 14:13:04,Laboratorios Civil Central,70.58,Group 5 (Vehicle),72.7,74.31,Group 5 (Vehicle),69.31,0.0,0.0,0.0,72.41,24.61,1.52,0.0,1.22,72.7,74.24,69.88,63.28,-103,12.2
2026-09-07 14:13:05,Lobby Eléctrica,67.47,Group 1 (Common),80.34,72.04,Group 1 (Common),68.51,0.0,0.0,0.0,69.65,80.34,0.0,0.0,0.26,19.18,70.73,66.72,61.79,-97,13.2
2026-09-07 14:13:11,Laboratorios Eléctrica Superior,58.75,Group 1 (Common),99.05,61.56,Group 1 (Common),58.44,0.0,0.0,0.0,0.0,99.05,0.26,0.22,0.35,0.09,62.42,58.87,53.92,-105,9.5
2026-09-07 14:13:14,Pasillo Decanato Civil,54.74,Mixed,55.34,58.45,Group 5 (Vehicle),53.16,0.0,0.0,0.0,55.99,42.14,1.91,0.0,0.48,55.34,58.29,53.61,49.5,-109,5.8
2026-09-07 14:13:17,Lobby Civil,63.52,Mixed,36.07,64.77,Group 2 (Impact),62.82,63.97,0.0,0.0,63.21,23.13,36.07,1.17,5.77,33.9,64.74,63.3,62.28,-105,11.0
2026-09-07 14:13:18,Pasillo Salones Eléctrica,64.47,Group 1 (Common),90.71,65.92,Group 1 (Common),64.46,0.0,0.0,64.96,0.0,90.71,0.04,0.0,8.9,0.22,65.86,65.01,58.93,-94,11.5
2026-09-07 14:13:20,Laboratorios Eléctrica Centro,62.15,Mixed,51.95,63.82,Group 1 (Common),62.52,0.0,0.0,0.0,61.39,47.74,0.0,0.09,0.04,51.95,64.35,61.52,60.77,-108,8.5
2026-09-07 14:13:22,Pasillo Salones Civil,62.88,Group 1 (Common),93.62,64.92,Group 1 (Common),62.86,0.0,0.0,0.0,0.0,93.62,0.0,0.0,6.12,0.0,64.55,63.3,58.53,-101,12.8
2026-09-07 14:13:25,Pasillo Decanato Eléctrica,57.02,Group 1 (Common),99.61,57.73,Group 1 (Common),57.08,0.0,0.0,0.0,0.0,99.61,0.0,0.0,0.24,0.1,57.38,57.09,56.42,-111,9.8
2026-09-07 14:13:28,Laboratorios Civil Superior,63.43,Group 1 (Common),99.57,67.33,Group 1 (Common),64.01,0.0,0.0,0.0,0.0,99.57,0.04,0.0,0.3,0.0,67.67,59.42,53.99,-112,-7.8
2026-09-07 14:13:31,Salón - Uma Civil,66.84,Group 4 (Person),89.54,71.77,Group 4 (Person),0.0,0.0,0.0,67.81,54.12,2.73,0.0,0.0,89.54,7.42,72.41,64.55,51.01,-113,5.5
2026-09-07 14:13:39,Salón - Extremo Civil,51.15,Group 1 (Common),85.94,53.43,Group 1 (Common),50.96,0.0,0.0,0.0,0.0,85.94,6.51,0.0,1.43,6.08,53.33,50.85,48.26,-87,12.8
2026-09-07 14:13:49,Salón - Extremo Eléctrica,65.4,Mixed,51.86,69.91,Group 4 (Person),41.04,60.1,0.0,67.97,0.0,14.55,27.69,0.0,51.86,5.96,70.66,61.36,42.97,-91,10.5
2026-09-07 14:13:53,Salón - Uma Eléctrica,67.42,Mixed,56.25,72.71,Group 4 (Person),53.92,0.0,0.0,69.16,0.0,56.25,1.61,0.0,37.84,4.1,73.71,51.95,46.99,-111,4.5
2026-09-07 14:14:04,Laboratorios Eléctrica Inferior,55.45,Mixed,58.79,57.32,Group 5 (Vehicle),55.12,0.0,0.0,0.0,55.91,39.94,0.29,0.0,0.63,58.79,57.92,54.93,54.11,-107,10.2
2026-09-07 14:15:58,Laboratorios Civil Inferior,49.94,Mixed,67.36,51.55,Group 1 (Common),50.33,0.0,0.0,0.0,50.15,67.36,0.17,0.0,0.13,32.07,51.0,49.86,48.62,-106,-8.8
2026-09-07 14:18:04,Laboratorios Civil Central,64.11,Group 1 (Common),83.59,64.46,Group 1 (Common),64.09,0.0,0.0,0.0,0.0,83.59,4.0,0.0,0.98,11.47,64.4,64.11,63.66,-103,12.8
2026-09-07 14:18:05,Lobby Eléctrica,60.18,Group 1 (Common),92.19,62.06,Group 1 (Common),60.4,0.0,0.0,0.0,0.0,92.19,3.6,0.0,4.17,0.0,62.54,59.66,58.47,-101,13.0
2026-09-07 14:18:11,Laboratorios Eléctrica Superior,58.79,Group 1 (Common),99.61,60.78,Group 1 (Common),59.41,0.0,0.0,0.0,0.0,99.61,0.0,0.0,0.1,0.0,60.45,58.24,56.62,-99,13.5
2026-09-07 14:18:14,Pasillo Decanato Civil,39.52,Silence,0.0,41.25,Silence,0.0,0.0,0.0,0.0,0.0,0.0,0.0,0.0,0.0,0.0,40.93,39.16,37.96,-107,10.5
2026-09-07 14:18:17,Lobby Civil,66.49,Group 1 (Common),95.85,69.69,Group 1 (Common),65.86,0.0,0.0,0.0,0.0,95.85,0.0,0.0,4.15,0.0,70.61,64.72,59.54,-96,11.2
2026-09-07 14:18:18,Pasillo Salones Eléctrica,63.03,Group 1 (Common),98.26,65.76,Group 1 (Common),62.11,0.0,0.0,0.0,0.0,98.26,0.0,0.0,1.52,0.0,65.74,61.48,59.29,-101,8.0
2026-09-07 14:18:20,Laboratorios Eléctrica Centro,65.23,Group 1 (Common),96.92,68.55,Group 1 (Common),65.38,0.0,0.0,0.0,0.0,96.92,0.0,0.0,1.42,1.51,69.46,63.6,61.5,-106,6.0
2026-09-07 14:18:22,Pasillo Salones Civil,66.86,Group 1 (Common),99.61,69.7,Group 1 (Common),67.62,0.0,0.0,0.0,0.0,99.61,0.0,0.0,0.1,0.0,69.62,65.89,64.69,-103,12.8
2026-09-07 14:18:25,Pasillo Decanato Eléctrica,56.82,Group 1 (Common),99.57,57.86,Group 1 (Common),56.98,0.0,0.0,0.0,0.0,99.57,0.04,0.0,0.04,0.09,58.13,56.52,55.67,-115,-11.0
2026-09-07 14:18:28,Laboratorios Civil Superior,59.42,Group 1 (Common),94.01,62.33,Group 1 (Common),58.93,0.0,0.0,0.0,0.0,94.01,0.04,0.0,5.77,0.0,62.33,58.71,55.65,-106,8.8
2026-09-07 14:18:31,Salón - Uma Civil,66.86,Mixed,47.14,72.31,Group 4 (Person),52.92,54.49,0.0,70.95,0.0,8.9,47.14,1.17,38.45,4.08,72.55,53.96,51.77,-114,0.2
2026-09-07 14:18:39,Salón - Extremo Civil,55.97,Group 1 (Common),99.0,57.93,Group 1 (Common),55.84,0.0,0.0,0.0,0.0,99.0,0.52,0.0,0.3,0.0,58.37,55.69,53.24,-97,13.0
2026-09-07 14:18:49,Salón - Extremo Eléctrica,60.33,Group 4 (Person),71.83,69.97,Group 1 (Common),69.69,53.08,0.0,62.52,0.0,11.33,16.67,0.0,71.83,0.0,66.47,54.62,47.43,-89,8.8
2026-09-07 14:18:53,Salón - Uma Eléctrica,66.91,Group 4 (Person),91.54,69.79,Group 4 (Person),66.43,0.0,0.0,66.9,0.0,8.12,0.0,0.0,91.54,0.0,69.27,67.3,55.83,-109,10.0
2026-09-07 14:19:04,Laboratorios Eléctrica Inferior,59.94,Group 1 (Common),73.18,61.75,Group 1 (Common),60.01,0.0,0.0,0.0,57.26,73.18,0.04,0.09,0.82,25.78,62.25,60.36,57.02,-117,0.8
2026-09-07 14:20:58,Laboratorios Civil Inferior,57.23,Group 1 (Common),81.86,60.47,Group 5 (Vehicle),56.79,0.0,0.0,0.0,60.21,81.86,0.82,0.43,0.26,16.58,60.55,55.26,53.24,-120,-5.8
2026-09-07 14:23:04,Laboratorios Civil Central,64.65,Mixed,66.19,65.84,Group 1 (Common),64.41,64.72,0.0,0.0,0.0,66.19,18.92,0.0,4.43,10.59,65.87,64.37,63.69,-109,9.0
2026-09-07 14:23:05,Lobby Eléctrica,61.3,Group 1 (Common),70.31,62.74,Group 1 (Common),60.97,0.0,60.69,0.0,0.0,70.31,6.08,8.33,10.24,4.99,62.61,61.25,59.61,-99,13.2
2026-09-07 14:23:11,Laboratorios Eléctrica Superior,65.25,Group 1 (Common),99.61,71.8,Group 1 (Common),67.45,0.0,0.0,0.0,0.0,99.61,0.0,0.0,0.0,0.0,70.14,64.17,57.99,-103,11.5
2026-09-07 14:23:14,Pasillo Decanato Civil,38.29,Silence,0.0,39.97,Silence,0.0,0.0,0.0,0.0,0.0,0.0,0.0,0.0,0.0,0.0,39.49,38.5,36.58,-101,12.5
2026-09-07 14:23:17,Lobby Civil,58.78,Group 1 (Common),98.91,61.6,Group 1 (Common),58.51,0.0,0.0,0.0,0.0,98.91,0.09,0.0,0.82,0.0,62.18,58.18,56.18,-99,11.5
2026-09-07 14:23:18,Pasillo Salones Eléctrica,69.73,Group 1 (Common),74.22,72.2,Group 1 (Common),69.8,0.0,0.0,69.97,0.0,74.22,1.3,0.0,24.26,0.0,71.95,69.28,67.96,-95,12.2
2026-09-07 14:23:20,Laboratorios Eléctrica Centro,64.41,Group 1 (Common),96.53,66.71,Group 1 (Common),63.58,0.0,0.0,0.0,0.0,96.53,0.0,0.0,0.0,3.21,66.91,63.67,61.62,-105,5.0
2026-09-07 14:23:22,Pasillo Salones Civil,61.98,Group 1 (Common),99.57,66.1,Group 1 (Common),63.55,0.0,0.0,0.0,0.0,99.57,0.0,0.0,0.13,0.0,65.17,61.63,58.17,-106,6.8
2026-09-07 14:23:25,Pasillo Decanato Eléctrica,56.74,Group 1 (Common),99.44,57.27,Group 1 (Common),56.82,0.0,0.0,0.0,0.0,99.44,0.22,0.0,0.04,0.04,57.04,56.82,56.3,-113,-9.0
2026-09-07 14:23:28,Laboratorios Civil Superior,56.11,Group 1 (Common),89.31,58.49,Group 1 (Common),56.53,0.0,0.0,0.0,0.0,89.31,0.0,8.25,0.0,2.29,57.08,55.7,54.99,-104,9.5
2026-09-07 14:23:31,Salón - Uma Civil,62.94,Group 4 (Person),74.44,67.84,Group 4 (Person),63.37,0.0,0.0,63.35,0.0,25.43,0.0,0.0,74.44,0.0,68.08,60.21,54.33,-108,0.8
2026-09-07 14:23:39,Salón - Extremo Civil,58.23,Mixed,46.96,63.39,Group 4 (Person),55.47,54.91,0.0,61.95,0.0,33.72,19.18,0.04,46.96,0.0,63.27,57.17,52.15,-101,10.0
2026-09-07 14:23:49,Salón - Extremo Eléctrica,61.38,Group 1 (Common),89.93,67.1,Group 1 (Common),61.46,0.0,0.0,0.0,0.0,89.93,0.22,0.56,3.34,5.95,68.46,57.73,54.69,-89,11.5
2026-09-07 14:23:53,Salón - Uma Eléctrica,70.69,Mixed,67.53,73.93,Group 4 (Person),68.85,0.0,0.0,70.79,0.0,32.2,0.0,0.0,67.53,0.0,74.57,68.19,66.0,-111,10.0
2026-09-07 14:24:04,Laboratorios Eléctrica Inferior,58.81,Group 1 (Common),86.59,59.6,Group 1 (Common),58.68,0.0,0.0,0.0,0.0,86.59,0.04,0.56,0.82,11.98,59.79,58.95,56.49,-117,1.0
2026-09-07 14:25:58,Laboratorios Civil Inferior,54.63,Group 1 (Common),96.04,57.84,Group 1 (Common),55.8,0.0,0.0,0.0,0.0,96.04,0.15,3.47,0.0,0.15,57.36,54.12,50.23,-120,-5.8
2026-09-07 14:28:04,Laboratorios Civil Central,65.1,Group 1 (Common),82.94,65.78,Group 1 (Common),65.13,0.0,0.0,0.0,0.0,82.94,0.17,0.0,0.52,16.36,65.7,65.07,64.47,-111,6.2
2026-09-07 14:28:05,Lobby Eléctrica,67.76,Group 1 (Common),77.3,70.8,Group 1 (Common),68.27,0.0,0.0,0.0,66.89,77.3,0.0,0.0,0.35,22.18,71.27,66.51,63.58,-96,12.5
2026-09-07 14:28:11,Laboratorios Eléctrica Superior,67.51,Group 1 (Common),99.39,70.36,Group 1 (Common),68.1,0.0,0.0,0.0,0.0,99.39,0.0,0.0,0.3,0.0,70.85,67.26,62.32,-101,12.2
2026-09-07 14:28:14,Pasillo Decanato Civil,39.65,Silence,0.0,40.77,Silence,0.0,0.0,0.0,0.0,0.0,0.0,0.0,0.0,0.0,0.0,41.21,39.59,38.25,-97,12.0
2026-09-07 14:28:17,Lobby Civil,65.3,Group 1 (Common),99.52,68.92,Group 1 (Common),65.51,0.0,0.0,0.0,0.0,99.52,0.0,0.04,0.22,0.0,69.04,64.47,61.87,-99,11.8
2026-09-07 14:28:18,Pasillo Salones Eléctrica,70.2,Group 1 (Common),99.57,71.17,Group 1 (Common),69.99,0.0,0.0,0.0,0.0,99.57,0.0,0.0,0.13,0.0,71.47,70.18,69.2,-97,12.8
2026-09-07 14:28:20,Laboratorios Eléctrica Centro,67.42,Mixed,58.59,69.1,Group 1 (Common),67.13,0.0,0.0,0.0,67.67,58.59,0.0,0.0,0.26,41.1,68.88,68.02,64.99,-108,5.5
2026-09-07 14:28:22,Pasillo Salones Civil,67.19,Group 1 (Common),94.57,71.5,Group 1 (Common),67.31,0.0,0.0,0.0,0.0,94.57,0.0,0.09,5.21,0.09,72.94,65.69,60.37,-107,9.2
2026-09-07 14:28:25,Pasillo Decanato Eléctrica,57.28,Group 1 (Common),98.91,59.4,Group 1 (Common),57.31,0.0,0.0,0.0,0.0,98.91,0.39,0.09,0.48,0.3,59.9,56.64,55.72,-117,-5.5
2026-09-07 14:28:28,Laboratorios Civil Superior,61.72,Group 1 (Common),90.02,64.55,Group 5 (Vehicle),61.0,0.0,0.0,0.0,64.44,90.02,0.0,0.0,0.74,9.16,64.74,60.27,55.18,-111,-2.2
2026-09-07 14:28:31,Salón - Uma Civil,58.65,Group 1 (Common),71.7,62.57,Group 1 (Common),56.02,0.0,0.0,58.72,0.0,71.7,6.16,0.09,22.01,0.0,63.16,57.74,51.24,-102,4.2
2026-09-07 14:28:39,Salón - Extremo Civil,68.38,Group 1 (Common),98.91,70.62,Group 1 (Common),68.97,0.0,0.0,0.0,0.0,98.91,0.0,0.0,0.87,0.0,70.89,68.52,61.91,-95,12.5
2026-09-07 14:28:49,Salón - Extremo Eléctrica,62.6,Mixed,52.43,63.49,Group 4 (Person),62.29,0.0,0.0,62.95,0.0,52.43,0.04,0.0,47.4,0.0,64.03,62.64,60.89,-91,11.0
2026-09-07 14:28:53,Salón - Uma Eléctrica,69.0,Mixed,66.36,72.62,Group 4 (Person),68.34,0.0,0.0,71.3,0.0,66.36,0.0,0.0,33.59,0.0,73.14,67.15,63.58,-114,4.2
2026-09-07 14:29:04,Laboratorios Eléctrica Inferior,57.56,Group 1 (Common),85.59,59.17,Group 1 (Common),57.76,0.0,0.0,0.0,0.0,85.59,0.43,0.26,0.61,13.11,58.33,57.52,56.42,-111,8.2
2026-09-07 14:30:58,Laboratorios Civil Inferior,54.5,Mixed,51.46,56.81,Group 5 (Vehicle),55.09,0.0,0.0,0.0,54.48,41.16,4.59,1.56,1.22,51.46,57.98,54.18,49.56,-113,4.8
2026-09-07 14:33:04,Laboratorios Civil Central,67.4,Group 1 (Common),99.61,70.12,Group 1 (Common),67.16,0.0,0.0,0.0,0.0,99.61,0.0,0.0,0.0,0.0,70.1,66.01,64.64,-103,9.8
2026-09-07 14:33:05,Lobby Eléctrica,69.86,Group 1 (Common),99.61,71.96,Group 1 (Common),69.36,0.0,0.0,0.0,0.0,99.61,0.0,0.0,0.0,0.0,72.36,70.12,64.96,-103,12.5
2026-09-07 14:33:11,Laboratorios Eléctrica Superior,64.34,Mixed,64.45,67.3,Group 1 (Common),64.6,0.0,0.0,64.0,0.0,64.45,0.09,0.0,35.33,0.0,67.64,63.14,61.37,-97,13.2
2026-09-07 14:33:14,Pasillo Decanato Civil,42.7,Silence,0.0,45.06,Silence,0.0,0.0,0.0,0.0,0.0,0.0,0.0,0.0,0.0,0.0,45.05,42.04,39.95,-103,4.8
2026-09-07 14:33:17,Lobby Civil,68.19,Group 1 (Common),99.61,69.85,Group 1 (Common),68.22,0.0,0.0,0.0,0.0,99.61,0.0,0.0,0.0,0.0,71.27,67.91,63.76,-106,0.5
2026-09-07 14:33:18,Pasillo Salones Eléctrica,69.26,Group 1 (Common),99.52,72.45,Group 1 (Common),70.13,0.0,0.0,0.0,0.0,99.52,0.0,0.0,0.26,0.0,70.57,69.84,64.9,-103,11.2
2026-09-07 14:33:20,Laboratorios Eléctrica Centro,62.52,Group 1 (Common),98.7,63.62,Group 1 (Common),62.24,0.0,0.0,0.0,0.0,98.7,0.0,0.0,0.09,1.09,64.12,62.38,61.63,-107,9.5
2026-09-07 14:33:22,Pasillo Salones Civil,72.03,Group 1 (Common),99.61,74.73,Group 1 (Common),72.37,0.0,0.0,0.0,0.0,99.61,0.0,0.0,0.0,0.0,75.29,70.93,68.82,-101,8.5
2026-09-07 14:33:25,Pasillo Decanato Eléctrica,63.88,Group 1 (Common),99.52,67.02,Group 1 (Common),64.01,0.0,0.0,0.0,0.0,99.52,0.0,0.0,0.22,0.0,67.81,62.85,60.49,-117,-2.8
2026-09-07 14:33:28,Laboratorios Civil Superior,64.3,Group 1 (Common),77.3,66.38,Group 1 (Common),64.43,0.0,0.0,62.74,0.0,77.3,4.34,0.0,18.14,0.0,66.14,65.32,60.31,-103,10.8
2026-09-07 14:33:31,Salón - Uma Civil,61.67,Group 1 (Common),85.07,70.14,Group 4 (Person),63.65,0.0,0.0,69.98,0.0,85.07,2.47,0.0,12.24,0.0,68.3,57.01,53.05,-115,6.5
2026-09-07 14:33:39,Salón - Extremo Civil,60.48,Mixed,62.63,62.64,Group 4 (Person),60.27,0.0,0.0,60.63,0.0,37.28,0.04,0.0,62.63,0.0,63.5,59.79,56.88,-93,13.0
2026-09-07 14:33:49,Salón - Extremo Eléctrica,51.28,Mixed,41.67,56.45,Group 2 (Impact),48.66,54.09,0.0,55.63,0.0,41.67,41.1,0.0,17.19,0.0,56.69,49.18,43.9,-86,11.0
2026-09-07 14:33:53,Salón - Uma Eléctrica,70.63,Group 1 (Common),79.95,76.74,Group 1 (Common),72.95,0.0,0.0,70.92,0.0,79.95,0.0,0.0,19.97,0.0,73.48,69.14,65.03,-112,2.0
2026-09-07 14:34:04,Laboratorios Eléctrica Inferior,61.58,Mixed,58.9,64.19,Group 1 (Common),62.31,0.0,0.0,0.0,60.38,37.46,0.39,0.56,2.78,58.9,64.38,61.57,55.71,-105,10.2
2026-09-07 14:35:58,Laboratorios Civil Inferior,56.52,Mixed,65.76,60.45,Group 5 (Vehicle),53.01,0.0,0.0,0.0,57.0,24.7,5.51,1.95,2.13,65.76,61.65,53.45,52.21,-119,
2026-09-07 14:38:04,Laboratorios Civil Central,63.28,Group 1 (Common),81.12,63.84,Group 1 (Common),63.23,0.0,0.0,0.0,0.0,81.12,6.86,0.0,2.08,9.98,63.81,63.4,62.53,-107,11.8
2026-09-07 14:38:18,Lobby Eléctrica,68.63,Group 1 (Common),99.44,73.61,Group 1 (Common),65.79,0.0,0.0,0.0,0.0,99.44,0.0,0.0,0.0,0.22,74.7,64.89,61.82,-96,12.8
2026-09-07 14:38:18,Laboratorios Eléctrica Superior,62.0,Group 1 (Common),99.0,68.79,Group 1 (Common),64.0,0.0,0.0,0.0,0.0,99.0,0.09,0.0,0.04,0.56,64.83,61.49,60.07,-99,5.8
2026-09-07 14:38:18,Pasillo Decanato Civil,48.18,Mixed,66.36,56.24,Group 1 (Common),51.66,0.0,44.45,0.0,0.0,66.36,0.59,12.5,0.24,20.31,52.34,45.69,41.06,-103,12.8
2026-09-07 14:38:18,Lobby Civil,65.61,Group 1 (Common),80.34,68.18,Group 1 (Common),66.5,0.0,0.0,0.0,64.72,80.34,0.3,0.48,1.13,17.8,68.74,65.12,63.65,-101,11.5
2026-09-07 14:38:18,Pasillo Salones Eléctrica,63.19,Group 1 (Common),98.78,72.38,Group 1 (Common),66.66,0.0,0.0,0.0,0.0,98.78,0.0,0.13,0.65,0.22,69.53,58.56,56.16,-101,12.0
2026-09-07 14:38:20,Laboratorios Eléctrica Centro,66.6,Group 1 (Common),99.57,67.81,Group 1 (Common),66.48,0.0,0.0,0.0,0.0,99.57,0.0,0.13,0.0,0.04,68.11,66.74,64.75,-109,7.0
2026-09-07 14:38:22,Pasillo Salones Civil,60.33,Group 1 (Common),91.28,63.21,Group 1 (Common),59.85,0.0,56.63,0.0,0.0,91.28,0.22,8.07,0.09,0.09,63.99,59.5,55.97,-105,10.5
2026-09-07 14:38:25,Pasillo Decanato Eléctrica,60.7,Group 1 (Common),98.96,70.17,Group 1 (Common),65.22,0.0,0.0,0.0,0.0,98.96,0.09,0.04,0.91,0.04,64.93,58.51,56.74,-117,2.0
2026-09-07 14:38:28,Laboratorios Civil Superior,56.04,Group 1 (Common),94.66,58.95,Group 1 (Common),56.54,0.0,0.0,0.0,0.0,94.66,0.26,0.43,0.04,4.51,59.43,55.1,51.42,-108,8.8
2026-09-07 14:38:31,Salón - Uma Civil,46.52,Mixed,52.6,50.64,Group 1 (Common),46.99,44.42,0.0,46.76,0.0,52.6,22.92,0.17,24.22,0.04,51.78,44.95,41.77,-109,6.8
2026-09-07 14:38:39,Salón - Extremo Civil,61.84,Mixed,58.38,69.18,Group 4 (Person),56.66,51.58,0.0,67.36,0.0,23.26,18.23,0.0,58.38,0.09,68.6,55.21,45.8,-84,12.0
2026-09-07 14:38:49,Salón - Extremo Eléctrica,60.49,Group 1 (Common),77.52,65.42,Group 4 (Person),62.08,0.0,0.0,63.29,0.0,77.52,0.0,0.0,22.22,0.0,63.94,60.43,52.31,-91,11.0
2026-09-07 14:38:53,Salón - Uma Eléctrica,56.63,Mixed,36.07,61.37,Group 1 (Common),58.68,56.6,0.0,60.97,0.0,36.07,26.22,2.69,30.77,4.25,60.02,54.24,50.33,-120,-3.2
2026-09-07 14:39:04,Laboratorios Eléctrica Inferior,58.89,Group 1 (Common),85.16,64.17,Group 1 (Common),59.65,0.0,0.0,0.0,0.0,85.16,2.95,0.22,3.04,8.72,60.26,58.96,57.55,-113,6.5
2026-09-07 14:40:58,Laboratorios Civil Inferior,49.28,Mixed,57.51,49.94,Group 1 (Common),49.56,49.11,0.0,0.0,0.0,57.51,28.3,0.0,2.08,11.98,49.83,49.34,48.55,-117,-5.2
2026-09-07 14:43:04,Laboratorios Civil Central,66.95,Group 1 (Common),99.48,69.28,Group 1 (Common),67.43,0.0,0.0,0.0,0.0,99.48,0.0,0.0,0.35,0.0,68.38,66.8,65.26,-112,1.2
2026-09-07 14:43:05,Lobby Eléctrica,67.78,Group 1 (Common),99.57,71.75,Group 1 (Common),68.15,0.0,0.0,0.0,0.0,99.57,0.0,0.0,0.22,0.0,69.85,68.18,63.98,-101,12.8
2026-09-07 14:43:11,Laboratorios Eléctrica Superior,66.35,Group 1 (Common),99.61,69.02,Group 1 (Common),64.86,0.0,0.0,0.0,0.0,99.61,0.0,0.0,0.09,0.0,69.63,65.79,62.99,-99,12.0
2026-09-07 14:43:14,Pasillo Decanato Civil,55.58,Group 1 (Common),97.9,59.42,Group 1 (Common),55.48,0.0,0.0,0.0,0.0,97.9,0.05,0.0,0.15,1.71,58.57,53.75,52.71,-115,5.5
2026-09-07 14:43:17,Lobby Civil,71.61,Group 1 (Common),99.52,72.77,Group 1 (Common),71.81,0.0,0.0,0.0,0.0,99.52,0.0,0.0,0.22,0.0,72.57,71.51,70.3,-99,13.0
2026-09-07 14:43:18,Pasillo Salones Eléctrica,63.18,Group 1 (Common),97.14,67.79,Group 1 (Common),63.82,0.0,0.0,0.0,0.0,97.14,0.0,0.0,2.78,0.0,65.19,63.15,59.38,-102,10.8
2026-09-07 14:43:20,Laboratorios Eléctrica Centro,67.86,Group 1 (Common),99.39,70.22,Group 1 (Common),67.97,0.0,0.0,0.0,0.0,99.39,0.0,0.09,0.26,0.04,70.41,67.15,64.51,-109,8.5
2026-09-07 14:43:32,Pasillo Salones Civil,56.34,Group 1 (Common),93.4,58.64,Group 1 (Common),55.71,0.0,0.0,0.0,0.0,93.4,0.0,0.0,0.17,6.38,59.61,56.3,51.29,-96,12.2
2026-09-07 14:43:32,Pasillo Decanato Eléctrica,61.7,Group 1 (Common),84.94,62.94,Group 1 (Common),61.5,60.53,0.0,0.0,0.0,84.94,8.94,0.0,6.03,0.0,63.18,61.46,60.1,-108,9.2
2026-09-07 14:43:32,Laboratorios Civil Superior,57.37,Mixed,52.39,60.43,Group 1 (Common),57.83,56.03,0.0,0.0,0.0,52.39,45.05,0.0,2.39,0.17,61.36,56.23,52.52,-111,10.0
2026-09-07 14:43:32,Salón - Uma Civil,46.89,Mixed,41.49,54.23,Group 2 (Impact),46.98,54.71,0.0,49.42,0.0,41.49,28.21,0.0,30.16,0.13,50.31,45.44,42.14,-117,-0.2
2026-09-07 14:43:39,Salón - Extremo Civil,62.31,Mixed,50.17,69.97,Group 1 (Common),59.04,47.85,0.0,0.0,0.0,31.99,50.17,2.47,5.16,10.11,71.15,45.43,39.46,-87,12.8
2026-09-07 14:43:49,Salón - Extremo Eléctrica,66.47,Mixed,45.79,69.66,Group 4 (Person),62.27,0.0,0.0,67.95,0.0,42.71,10.98,0.26,45.79,0.09,70.23,66.05,43.48,-89,12.0
2026-09-07 14:43:53,Salón - Uma Eléctrica,65.36,Mixed,60.29,71.63,Group 1 (Common),62.32,48.89,0.0,0.0,0.0,60.29,18.71,2.82,16.06,2.26,71.68,51.84,47.86,-114,5.0
2026-09-07 14:44:04,Laboratorios Eléctrica Inferior,56.57,Group 1 (Common),72.79,57.76,Group 1 (Common),56.41,0.0,0.0,0.0,0.0,72.79,1.48,0.56,2.43,22.79,57.72,56.52,54.79,-115,0.5
2026-09-07 14:45:58,Laboratorios Civil Inferior,52.88,Group 1 (Common),75.13,54.97,Group 1 (Common),53.28,0.0,0.0,0.0,0.0,75.13,0.09,0.0,0.04,24.65,55.46,52.72,50.59,-115,-4.8
2026-09-07 14:48:04,Laboratorios Civil Central,64.0,Mixed,52.52,66.77,Group 4 (Person),63.25,64.19,0.0,66.67,64.72,21.44,10.11,3.04,12.93,52.52,66.37,63.54,62.36,-115,2.0
2026-09-07 14:48:05,Lobby Eléctrica,69.58,Group 1 (Common),99.57,71.46,Group 1 (Common),69.63,0.0,0.0,0.0,0.0,99.57,0.0,0.0,0.17,0.0,71.87,70.08,65.98,-91,12.5
2026-09-07 14:48:11,Laboratorios Eléctrica Superior,57.26,Mixed,66.06,58.62,Group 1 (Common),57.38,57.48,0.0,0.0,56.93,66.06,22.18,0.0,3.82,7.81,58.65,57.18,55.9,-101,10.2
2026-09-07 14:48:14,Pasillo Decanato Civil,42.38,Silence,0.0,44.7,Silence,0.0,0.0,0.0,0.0,0.0,0.0,0.0,0.0,0.0,0.0,44.9,42.09,40.58,-108,11.2
2026-09-07 14:48:17,Lobby Civil,64.88,Group 1 (Common),94.57,67.62,Group 1 (Common),65.25,0.0,0.0,0.0,0.0,94.57,4.51,0.0,0.91,0.0,68.17,64.65,60.39,-106,10.2
2026-09-07 14:48:20,Laboratorios Eléctrica Centro,69.6,Group 1 (Common),98.26,71.25,Group 1 (Common),69.66,0.0,0.0,0.0,0.0,98.26,0.0,0.0,1.43,0.0,71.84,69.22,67.79,-108,11.0
2026-09-07 14:48:22,Pasillo Salones Civil,50.7,Group 1 (Common),98.0,53.49,Group 1 (Common),50.96,0.0,0.0,0.0,0.0,98.0,1.69,0.0,0.17,0.09,54.64,49.75,47.97,-105,11.5
2026-09-07 14:48:25,Pasillo Decanato Eléctrica,57.0,Group 1 (Common),99.07,57.69,Group 1 (Common),56.98,0.0,0.0,0.0,0.0,99.07,0.24,0.0,0.15,0.49,57.84,56.86,56.0,-113,5.5
2026-09-07 14:48:28,Laboratorios Civil Superior,59.5,Mixed,54.82,63.49,Group 1 (Common),59.45,0.0,0.0,0.0,52.74,54.82,1.56,0.48,0.52,42.58,63.47,54.39,51.26,-111,5.5
2026-09-07 14:48:32,Salón - Uma Civil,41.39,Silence,0.0,43.6,Silence,0.0,0.0,0.0,0.0,0.0,0.0,0.0,0.0,0.0,0.0,45.33,40.34,37.18,-115,3.8
2026-09-07 14:48:39,Salón - Extremo Civil,64.35,Group 4 (Person),74.46,67.61,Group 1 (Common),66.59,0.0,0.0,63.91,0.0,25.49,0.0,0.0,74.46,0.0,67.99,63.29,55.83,-87,12.8
2026-09-07 14:48:49,Salón - Extremo Eléctrica,73.8,Mixed,69.53,76.38,Group 1 (Common),74.67,0.0,0.0,71.18,0.0,69.53,0.0,0.0,30.47,0.0,76.52,71.64,67.06,-87,11.2
2026-09-07 14:48:53,Salón - Uma Eléctrica,61.7,Mixed,65.48,68.31,Group 4 (Person),62.54,0.0,0.0,66.7,0.0,65.48,0.0,0.0,34.47,0.0,66.11,59.64,52.88,-108,10.5
2026-09-07 14:49:04,Laboratorios Eléctrica Inferior,59.71,Group 1 (Common),98.91,63.19,Group 1 (Common),60.02,0.0,0.0,0.0,0.0,98.91,0.22,0.0,0.22,0.65,63.44,58.62,56.52,-108,3.8
2026-09-07 14:50:58,Laboratorios Civil Inferior,52.83,Mixed,65.1,55.1,Group 1 (Common),54.04,0.0,0.0,0.0,52.17,34.81,0.0,0.0,0.09,65.1,54.8,52.42,50.34,-120,-6.2
2026-09-07 14:53:04,Laboratorios Civil Central,64.04,Group 1 (Common),83.33,64.49,Group 1 (Common),64.04,0.0,0.0,0.0,0.0,83.33,1.17,0.0,0.48,15.06,64.52,64.02,63.6,-100,11.5
2026-09-07 14:53:05,Lobby Eléctrica,71.19,Group 1 (Common),99.44,77.84,Group 1 (Common),73.41,0.0,0.0,0.0,0.0,99.44,0.0,0.0,0.22,0.0,76.13,69.33,66.04,-103,3.2
2026-09-07 14:53:11,Laboratorios Eléctrica Superior,68.25,Group 1 (Common),91.06,71.79,Group 1 (Common),67.05,0.0,0.0,0.0,0.0,91.06,0.0,0.0,8.81,0.0,72.61,66.4,64.16,-99,13.0
2026-09-07 14:53:14,Pasillo Decanato Civil,38.71,Silence,0.0,39.98,Silence,0.0,0.0,0.0,0.0,0.0,0.0,0.0,0.0,0.0,0.0,40.14,38.89,37.46,-111,0.8
2026-09-07 14:53:17,Lobby Civil,61.81,Group 1 (Common),80.43,65.86,Group 4 (Person),61.65,0.0,0.0,64.7,0.0,80.43,0.04,0.0,19.44,0.0,66.06,60.65,59.15,-101,12.5
2026-09-07 14:53:18,Pasillo Salones Eléctrica,68.31,Group 1 (Common),98.87,71.84,Group 1 (Common),68.06,0.0,0.0,0.0,0.0,98.87,0.0,0.0,0.39,0.56,72.48,66.43,63.07,-103,9.0
2026-09-07 14:53:20,Laboratorios Eléctrica Centro,69.21,Group 1 (Common),99.61,71.03,Group 1 (Common),69.53,0.0,0.0,0.0,0.0,99.61,0.0,0.0,0.04,0.0,70.36,69.23,67.68,-106,10.8
2026-09-07 14:53:22,Pasillo Salones Civil,62.73,Group 1 (Common),98.83,66.32,Group 1 (Common),62.89,0.0,0.0,0.0,0.0,98.83,0.0,0.09,0.61,0.17,66.6,62.22,55.38,-101,9.5
2026-09-07 14:53:25,Pasillo Decanato Eléctrica,56.57,Group 1 (Common),98.68,57.02,Group 1 (Common),56.71,0.0,0.0,0.0,0.0,98.68,0.2,0.0,0.15,0.93,56.93,56.55,56.17,-109,7.8
2026-09-07 14:53:28,Laboratorios Civil Superior,55.0,Group 1 (Common),98.05,56.8,Group 1 (Common),54.39,0.0,0.0,0.0,0.0,98.05,0.04,0.0,0.04,1.65,57.32,55.02,51.14,-107,3.2
2026-09-07 14:53:32,Salón - Uma Civil,48.06,Mixed,60.35,52.93,Group 2 (Impact),41.78,48.45,0.0,0.0,45.69,6.35,60.35,0.54,11.13,21.68,53.79,45.53,42.01,-108,8.5
2026-09-07 14:53:39,Salón - Extremo Civil,47.52,Mixed,49.95,49.68,Group 2 (Impact),46.28,48.79,0.0,0.0,0.0,49.95,41.7,0.0,8.4,0.0,49.6,47.88,42.65,-89,12.2
2026-09-07 14:53:49,Salón - Extremo Eléctrica,60.02,Mixed,44.29,64.22,Group 4 (Person),60.44,55.4,0.0,63.51,61.06,44.29,11.87,0.0,20.7,23.14,64.05,57.33,54.59,-88,10.2
2026-09-07 14:53:56,Salón - Uma Eléctrica,41.83,Silence,0.0,45.05,Silence,0.0,0.0,0.0,0.0,0.0,0.0,0.0,0.0,0.0,0.0,45.13,40.29,39.39,-113,6.8
2026-09-07 14:54:04,Laboratorios Eléctrica Inferior,62.2,Group 1 (Common),93.27,64.74,Group 1 (Common),61.63,0.0,0.0,0.0,0.0,93.27,0.04,0.0,0.13,6.29,65.36,61.34,58.76,-120,-0.8
2026-09-07 14:55:58,Laboratorios Civil Inferior,48.71,Mixed,59.42,51.61,Group 5 (Vehicle),48.68,0.0,0.0,0.0,49.29,35.81,3.86,0.09,0.91,59.42,52.44,48.3,46.7,-114,4.0
2026-09-07 14:58:04,Laboratorios Civil Central,64.37,Group 1 (Common),81.25,65.94,Group 1 (Common),64.63,0.0,0.0,0.0,0.0,81.25,7.23,0.0,0.73,10.69,65.61,63.49,63.32,-102,9.2
2026-09-07 14:58:05,Lobby Eléctrica,69.43,Mixed,47.87,72.64,Group 1 (Common),70.96,65.55,0.0,65.97,0.0,46.57,5.16,0.13,47.87,0.22,72.94,67.23,64.65,-96,12.0
2026-09-07 14:58:11,Laboratorios Eléctrica Superior,63.16,Group 1 (Common),99.41,64.41,Group 1 (Common),62.77,0.0,0.0,0.0,0.0,99.41,0.0,0.24,0.05,0.0,64.31,63.31,57.62,-94,12.2
2026-09-07 14:58:14,Pasillo Decanato Civil,44.64,Silence,0.0,62.39,Silence,0.0,0.0,0.0,0.0,0.0,0.0,0.0,0.0,0.0,0.0,50.45,42.23,40.77,-113,8.2
2026-09-07 14:58:17,Lobby Civil,69.08,Group 1 (Common),98.91,70.77,Group 1 (Common),68.22,0.0,0.0,0.0,0.0,98.91,0.0,0.0,0.87,0.0,70.87,69.69,64.26,-105,7.8
2026-09-07 14:58:18,Pasillo Salones Eléctrica,59.06,Group 1 (Common),83.12,62.62,Group 1 (Common),57.75,0.0,0.0,57.24,0.0,83.12,1.87,0.22,14.71,0.0,62.5,55.71,52.6,-107,8.2
2026-09-07 14:58:21,Laboratorios Eléctrica Centro,67.94,Group 1 (Common),99.61,70.55,Group 1 (Common),68.17,0.0,0.0,0.0,0.0,99.61,0.0,0.05,0.1,0.0,70.96,67.39,64.19,-109,8.0
2026-09-07 14:58:22,Pasillo Salones Civil,51.07,Group 1 (Common),73.0,54.01,Group 1 (Common),50.78,0.0,0.0,0.0,0.0,73.0,24.66,1.46,0.93,0.0,55.16,49.93,47.59,-100,11.2
2026-09-07 14:58:25,Pasillo Decanato Eléctrica,56.56,Group 1 (Common),97.35,57.32,Group 1 (Common),56.63,0.0,0.0,0.0,0.0,97.35,2.0,0.0,0.56,0.22,57.3,56.7,55.06,-117,-0.2
2026-09-07 14:58:28,Laboratorios Civil Superior,58.55,Mixed,43.1,61.61,Group 2 (Impact),57.0,59.0,60.89,0.0,59.37,43.1,19.79,15.28,5.64,16.1,62.95,57.61,55.34,-105,9.5
2026-09-07 14:58:32,Salón - Uma Civil,71.31,Mixed,54.21,75.41,Group 4 (Person),0.0,38.87,61.66,74.05,0.0,5.03,28.08,9.77,54.21,2.73,76.52,69.42,37.39,-111,8.2
2026-09-07 14:58:39,Salón - Extremo Civil,58.91,Mixed,65.63,66.28,Group 1 (Common),61.43,45.39,0.0,0.0,0.0,7.73,65.63,9.81,7.94,8.9,67.46,48.36,35.63,-89,13.5
2026-09-07 14:58:49,Salón - Extremo Eléctrica,64.96,Mixed,59.03,67.38,Group 4 (Person),58.56,0.0,0.0,65.57,0.0,35.68,5.16,0.0,59.03,0.0,67.86,65.1,59.24,-96,11.2
2026-09-07 14:58:53,Salón - Uma Eléctrica,62.48,Group 1 (Common),81.55,67.9,Group 1 (Common),61.83,0.0,50.01,0.0,0.0,81.55,2.65,8.98,3.47,3.13,68.17,60.94,50.01,-113,4.5
2026-09-07 14:59:04,Laboratorios Eléctrica Inferior,63.98,Group 1 (Common),99.51,66.53,Group 1 (Common),64.46,0.0,0.0,0.0,0.0,99.51,0.0,0.0,0.24,0.0,66.56,62.51,60.13,-114,1.0
2026-09-07 15:00:58,Laboratorios Civil Inferior,48.55,Mixed,41.88,49.8,Group 5 (Vehicle),48.55,0.0,0.0,0.0,48.99,41.88,13.85,0.39,3.3,40.32,49.8,48.53,46.97,-115,-1.0
2026-09-07 15:03:04,Laboratorios Civil Central,63.25,Mixed,69.84,64.29,Group 5 (Vehicle),63.25,0.0,0.0,0.0,63.39,26.09,2.17,0.0,1.56,69.84,63.9,63.18,62.96,-113,-5.5
2026-09-07 15:03:05,Lobby Eléctrica,65.57,Group 1 (Common),79.93,68.98,Group 1 (Common),66.63,0.0,0.0,62.7,0.0,79.93,0.05,0.0,19.82,0.24,68.94,64.36,60.1,-113,5.8
2026-09-07 15:03:11,Laboratorios Eléctrica Superior,64.02,Group 1 (Common),99.44,67.71,Group 1 (Common),63.9,0.0,0.0,0.0,0.0,99.44,0.0,0.0,0.3,0.0,67.96,63.71,51.97,-96,12.8
2026-09-07 15:03:17,Lobby Civil,58.49,Mixed,44.97,60.27,Group 1 (Common),59.26,58.27,0.0,0.0,0.0,33.89,44.97,0.93,12.06,8.25,59.38,58.39,57.29,-105,8.0
2026-09-07 15:03:18,Pasillo Salones Eléctrica,62.51,Group 1 (Common),99.51,71.64,Group 1 (Common),66.98,0.0,0.0,0.0,0.0,99.51,0.0,0.15,0.0,0.05,67.37,61.09,56.73,-99,12.8
2026-09-07 15:03:21,Laboratorios Eléctrica Centro,61.72,Mixed,51.48,63.41,Group 1 (Common),62.63,0.0,0.0,0.0,61.07,48.35,0.0,0.09,0.09,51.48,63.82,60.89,60.34,-103,11.2
2026-09-07 15:03:22,Pasillo Salones Civil,52.45,Group 1 (Common),78.43,56.91,Group 1 (Common),51.81,50.62,0.0,0.0,0.0,78.43,18.14,0.3,2.73,0.65,56.63,50.09,48.18,-93,11.8
2026-09-07 15:03:25,Pasillo Decanato Eléctrica,56.62,Group 1 (Common),99.61,58.17,Group 1 (Common),56.95,0.0,0.0,0.0,0.0,99.61,0.0,0.0,0.04,0.04,57.48,56.79,55.82,-115,6.5
2026-09-07 15:03:28,Laboratorios Civil Superior,61.45,Group 1 (Common),99.56,63.96,Group 1 (Common),62.2,0.0,0.0,0.0,0.0,99.56,0.0,0.0,0.1,0.0,64.4,59.97,55.3,-106,8.8
2026-09-07 15:03:32,Salón - Uma Civil,43.06,Silence,0.0,62.57,Silence,0.0,0.0,0.0,0.0,0.0,0.0,0.0,0.0,0.0,0.0,48.36,41.69,40.14,-111,10.5
2026-09-07 15:03:39,Salón - Extremo Civil,41.46,Silence,0.0,45.94,Silence,0.0,0.0,0.0,0.0,0.0,0.0,0.0,0.0,0.0,0.0,47.73,39.43,36.12,-120,-13.8
2026-09-07 15:03:49,Salón - Extremo Eléctrica,78.19,Mixed,55.25,82.33,Group 4 (Person),80.52,0.0,0.0,81.49,76.13,27.04,0.04,1.74,15.8,55.25,82.19,77.81,69.57,-93,11.2
2026-09-07 15:03:53,Salón - Uma Eléctrica,51.02,Mixed,53.86,67.16,Group 1 (Common),60.26,59.77,0.0,56.91,0.0,53.86,28.47,0.52,15.97,1.13,60.97,43.9,39.88,-111,8.2
2026-09-07 15:04:04,Laboratorios Eléctrica Inferior,63.33,Group 1 (Common),93.84,65.22,Group 1 (Common),63.59,0.0,0.0,0.0,0.0,93.84,5.43,0.0,0.65,0.0,65.0,63.39,60.6,-113,7.2
2026-09-07 15:05:58,Laboratorios Civil Inferior,48.77,Mixed,43.32,51.41,Group 5 (Vehicle),49.06,48.07,0.0,0.0,49.59,43.32,11.85,0.0,1.48,43.19,50.61,48.27,47.65,-112,-3.8
2026-09-07 15:08:04,Laboratorios Civil Central,63.82,Mixed,62.15,64.28,Group 1 (Common),63.77,0.0,0.0,0.0,63.84,62.15,2.6,0.0,1.22,33.9,64.18,63.97,62.98,-101,11.8
2026-09-07 15:08:05,Lobby Eléctrica,61.43,Group 1 (Common),98.0,62.63,Group 1 (Common),60.54,0.0,0.0,0.0,0.0,98.0,0.1,0.05,1.61,0.05,62.9,62.0,54.59,-101,13.5
2026-09-07 15:08:11,Laboratorios Eléctrica Superior,62.22,Group 1 (Common),99.35,63.24,Group 1 (Common),61.99,0.0,0.0,0.0,0.0,99.35,0.04,0.04,0.39,0.0,63.74,61.93,60.37,-93,11.8
2026-09-07 15:08:14,Pasillo Decanato Civil,54.38,Mixed,34.16,67.15,Group 3 (Rotary Tool),48.49,61.31,63.29,0.0,0.0,34.16,21.88,31.08,5.56,7.29,60.86,45.25,38.48,-107,11.8
2026-09-07 15:08:17,Lobby Civil,59.04,Group 1 (Common),97.75,61.48,Group 1 (Common),58.83,0.0,0.0,0.0,0.0,97.75,0.15,0.24,0.29,1.42,62.35,58.66,56.38,-95,8.0
2026-09-07 15:08:18,Pasillo Salones Eléctrica,72.68,Group 1 (Common),99.51,75.68,Group 1 (Common),72.15,0.0,0.0,0.0,0.0,99.51,0.0,0.0,0.24,0.0,76.01,70.67,65.99,-111,5.2
2026-09-07 15:08:21,Laboratorios Eléctrica Centro,70.07,Group 1 (Common),99.13,72.13,Group 1 (Common),70.32,0.0,0.0,0.0,0.0,99.13,0.0,0.0,0.52,0.0,72.67,69.88,67.58,-115,9.5
2026-09-07 15:08:22,Pasillo Salones Civil,57.55,Mixed,64.24,62.47,Group 4 (Person),56.02,0.0,0.0,59.82,56.47,64.24,1.04,0.17,8.85,25.65,64.31,54.91,52.03,-99,10.8
2026-09-07 15:08:25,Pasillo Decanato Eléctrica,56.41,Group 1 (Common),97.44,57.15,Group 1 (Common),56.24,0.0,0.0,0.0,0.0,97.44,2.13,0.0,0.43,0.09,57.06,56.49,55.59,-105,11.2
2026-09-07 15:08:28,Laboratorios Civil Superior,61.6,Group 1 (Common),99.61,65.44,Group 1 (Common),62.15,0.0,0.0,0.0,0.0,99.61,0.0,0.0,0.0,0.0,65.02,58.82,57.3,-103,11.8
2026-09-07 15:08:32,Salón - Uma Civil,71.34,Group 4 (Person),94.1,72.95,Group 4 (Person),0.0,0.0,0.0,70.66,0.0,3.95,1.74,0.0,94.1,0.0,74.72,70.25,62.85,-108,8.0
2026-09-07 15:08:39,Salón - Extremo Civil,62.58,Group 4 (Person),77.13,68.7,Group 4 (Person),58.73,0.0,0.0,63.94,0.0,15.71,2.3,0.04,77.13,4.64,69.38,56.25,32.02,-89,12.5
2026-09-07 15:08:49,Salón - Extremo Eléctrica,57.75,Group 1 (Common),94.66,63.13,Group 1 (Common),54.53,0.0,0.0,0.0,0.0,94.66,0.17,4.38,0.61,0.0,64.15,53.64,51.09,-91,11.2
2026-09-07 15:08:53,Salón - Uma Eléctrica,66.74,Group 1 (Common),70.62,71.34,Group 1 (Common),66.26,0.0,0.0,64.78,0.0,70.62,0.0,0.0,22.48,6.86,72.42,66.18,47.15,-114,5.5
2026-09-07 15:09:04,Laboratorios Eléctrica Inferior,56.22,Group 1 (Common),79.56,57.9,Group 1 (Common),55.92,0.0,0.0,0.0,0.0,79.56,0.43,0.22,0.87,18.97,58.28,55.91,55.16,-111,6.0
2026-09-07 15:10:58,Laboratorios Civil Inferior,50.55,Mixed,47.35,52.69,Group 1 (Common),50.1,49.46,0.0,0.0,0.0,47.35,26.09,0.17,2.08,24.26,53.19,50.17,48.74,-120,-7.2
2026-09-07 15:13:04,Laboratorios Civil Central,64.04,Group 1 (Common),81.29,64.42,Group 1 (Common),64.1,0.0,0.0,0.0,63.76,81.29,1.52,0.0,1.22,15.93,64.28,64.06,63.67,-107,11.8
2026-09-07 15:13:05,Lobby Eléctrica,64.97,Group 1 (Common),95.36,68.11,Group 1 (Common),63.77,0.0,0.0,0.0,0.0,95.36,0.0,0.0,4.6,0.0,68.56,63.36,60.11,-101,9.0
2026-09-07 15:13:11,Laboratorios Eléctrica Superior,65.65,Group 1 (Common),90.93,68.08,Group 1 (Common),65.69,0.0,0.0,0.0,0.0,90.93,1.26,0.0,7.07,0.52,68.77,64.84,61.55,-99,12.5
2026-09-07 15:13:14,Pasillo Decanato Civil,41.36,Silence,0.0,44.44,Silence,0.0,0.0,0.0,0.0,0.0,0.0,0.0,0.0,0.0,0.0,45.47,39.52,38.05,-105,7.2
2026-09-07 15:13:17,Lobby Civil,66.98,Group 1 (Common),99.61,69.36,Group 1 (Common),67.52,0.0,0.0,0.0,0.0,99.61,0.0,0.0,0.0,0.0,69.58,65.39,63.21,-96,11.5
2026-09-07 15:13:18,Pasillo Salones Eléctrica,56.08,Group 1 (Common),99.26,61.05,Group 1 (Common),57.71,0.0,0.0,0.0,0.0,99.26,0.0,0.22,0.35,0.0,59.31,56.86,52.43,-105,0.5
2026-09-07 15:13:21,Laboratorios Eléctrica Centro,66.55,Group 1 (Common),99.61,68.66,Group 1 (Common),66.86,0.0,0.0,0.0,0.0,99.61,0.0,0.0,0.0,0.0,68.41,66.04,64.38,-107,10.2
2026-09-07 15:13:22,Pasillo Salones Civil,61.15,Group 1 (Common),99.61,62.6,Group 1 (Common),60.92,0.0,0.0,0.0,0.0,99.61,0.0,0.0,0.0,0.04,64.22,60.91,59.0,-107,6.5
2026-09-07 15:13:25,Pasillo Decanato Eléctrica,57.61,Group 1 (Common),93.58,58.6,Group 1 (Common),57.28,0.0,0.0,0.0,0.0,93.58,0.13,0.09,0.0,6.08,58.96,57.4,55.82,-117,-8.0
2026-09-07 15:13:28,Laboratorios Civil Superior,59.19,Group 1 (Common),75.82,61.68,Group 4 (Person),58.82,0.0,0.0,61.24,0.0,75.82,1.82,0.0,20.83,1.56,62.27,58.01,53.08,-108,5.2
2026-09-07 15:13:32,Salón - Uma Civil,76.36,Mixed,68.19,81.96,Group 4 (Person),79.93,69.03,64.51,78.25,0.0,8.59,12.46,10.63,68.19,0.0,81.43,75.91,62.11,-117,5.5
2026-09-07 15:13:39,Salón - Extremo Civil,39.71,Silence,0.0,44.47,Silence,0.0,0.0,0.0,0.0,0.0,0.0,0.0,0.0,0.0,0.0,46.76,37.61,35.09,-87,10.0
2026-09-07 15:13:49,Salón - Extremo Eléctrica,66.63,Group 1 (Common),94.05,69.38,Group 1 (Common),66.19,0.0,0.0,0.0,0.0,94.05,0.0,0.0,5.69,0.0,69.68,65.25,63.91,-89,11.5
2026-09-07 15:13:53,Salón - Uma Eléctrica,59.78,Group 1 (Common),84.94,65.88,Group 1 (Common),57.91,48.22,0.0,0.0,0.0,84.94,10.24,0.0,2.17,2.73,66.15,49.74,46.25,-113,7.5
2026-09-07 15:14:04,Laboratorios Eléctrica Inferior,58.97,Group 1 (Common),95.31,61.09,Group 1 (Common),59.04,0.0,0.0,0.0,0.0,95.31,0.78,0.0,0.69,3.21,61.67,58.85,55.22,-107,1.0
2026-09-07 15:15:58,Laboratorios Civil Inferior,53.75,Mixed,60.06,56.49,Group 1 (Common),53.26,0.0,0.0,0.0,54.68,60.06,0.1,0.2,0.39,39.21,56.79,51.55,49.88,-111,7.0
2026-09-07 15:18:04,Laboratorios Civil Central,64.59,Group 1 (Common),73.57,65.2,Group 1 (Common),64.5,0.0,0.0,0.0,0.0,73.57,0.13,0.0,0.22,26.0,65.12,64.72,63.65,-103,11.2
2026-09-07 15:18:05,Lobby Eléctrica,69.06,Group 1 (Common),96.61,71.39,Group 1 (Common),69.18,0.0,0.0,0.0,0.0,96.61,0.0,0.0,3.13,0.0,71.33,69.51,65.24,-103,11.0
2026-09-07 15:18:11,Laboratorios Eléctrica Superior,69.0,Mixed,66.1,71.53,Group 4 (Person),67.25,0.0,0.0,68.89,0.0,66.1,0.3,0.0,33.46,0.0,71.57,68.63,63.54,-96,12.8
2026-09-07 15:18:14,Pasillo Decanato Civil,38.01,Silence,0.0,39.29,Silence,0.0,0.0,0.0,0.0,0.0,0.0,0.0,0.0,0.0,0.0,39.02,38.08,36.77,-113,10.8
2026-09-07 15:18:17,Lobby Civil,67.08,Group 1 (Common),74.48,69.7,Group 1 (Common),66.68,0.0,0.0,66.07,0.0,74.48,3.21,0.0,22.22,0.09,69.72,66.74,65.08,-97,12.2
2026-09-07 15:18:18,Pasillo Salones Eléctrica,68.64,Mixed,55.25,72.26,Group 4 (Person),65.56,0.0,0.0,70.31,63.72,55.25,0.0,0.17,36.33,8.07,72.2,67.6,62.41,-99,12.2
2026-09-07 15:18:21,Laboratorios Eléctrica Centro,68.66,Group 1 (Common),99.61,71.19,Group 1 (Common),68.54,0.0,0.0,0.0,0.0,99.61,0.0,0.0,0.0,0.0,71.66,67.88,66.81,-113,9.2
2026-09-07 15:18:22,Pasillo Salones Civil,57.99,Group 1 (Common),91.36,61.1,Group 1 (Common),58.7,0.0,58.65,0.0,0.0,91.36,0.22,8.07,0.0,0.04,61.35,58.15,53.5,-103,11.5
2026-09-07 15:18:25,Pasillo Decanato Eléctrica,57.52,Group 1 (Common),99.22,58.51,Group 1 (Common),57.65,0.0,0.0,0.0,0.0,99.22,0.0,0.0,0.0,0.52,58.11,57.55,56.59,-113,7.5
2026-09-07 15:18:28,Laboratorios Civil Superior,58.39,Group 1 (Common),94.49,61.44,Group 1 (Common),58.93,0.0,0.0,0.0,0.0,94.49,0.0,0.0,5.34,0.0,61.66,58.0,54.23,-111,10.5
2026-09-07 15:18:32,Salón - Uma Civil,59.19,Mixed,44.44,75.7,Group 4 (Person),0.0,51.86,0.0,73.29,0.0,0.43,42.53,8.03,44.44,4.56,68.42,47.45,44.35,-114,4.5
2026-09-07 15:18:39,Salón - Extremo Civil,71.26,Mixed,55.56,77.05,Group 4 (Person),58.29,0.0,48.62,70.04,0.0,34.72,0.22,7.9,55.56,1.43,78.27,63.6,49.45,-85,12.5
2026-09-07 15:18:49,Salón - Extremo Eléctrica,80.79,Group 1 (Common),78.21,88.96,Group 1 (Common),84.41,0.0,0.0,0.0,78.97,78.21,0.0,0.26,0.65,20.79,86.99,78.42,74.34,-89,10.5
2026-09-07 15:18:53,Salón - Uma Eléctrica,65.53,Group 1 (Common),99.13,68.0,Group 1 (Common),65.84,0.0,0.0,0.0,0.0,99.13,0.0,0.0,0.82,0.0,68.26,65.04,62.46,-111,9.5
2026-09-07 15:19:04,Laboratorios Eléctrica Inferior,61.45,Group 1 (Common),78.78,62.44,Group 1 (Common),61.48,60.12,0.0,0.0,59.57,78.78,3.95,0.22,3.69,13.32,62.55,61.48,59.98,-120,-10.5
2026-09-07 15:20:58,Laboratorios Civil Inferior,49.35,Mixed,48.61,50.32,Group 1 (Common),49.54,0.0,0.0,0.0,49.3,48.61,4.47,0.17,1.69,45.14,50.41,49.26,48.39,-120,-10.5
2026-09-07 15:23:04,Laboratorios Civil Central,64.13,Group 1 (Common),84.03,64.84,Group 1 (Common),64.09,0.0,0.0,0.0,0.0,84.03,0.74,0.0,0.82,14.5,64.76,64.15,63.3,-101,12.8
2026-09-07 15:23:05,Lobby Eléctrica,68.26,Group 1 (Common),99.61,71.72,Group 1 (Common),69.07,0.0,0.0,0.0,0.0,99.61,0.0,0.0,0.04,0.0,69.76,68.73,65.59,-115,-0.2
2026-09-07 15:23:11,Laboratorios Eléctrica Superior,59.89,Group 1 (Common),95.75,62.12,Group 1 (Common),60.23,0.0,0.0,0.0,0.0,95.75,0.0,3.78,0.17,0.22,62.69,59.37,55.44,-100,7.8
2026-09-07 15:23:14,Pasillo Decanato Civil,38.86,Silence,0.0,39.88,Silence,0.0,0.0,0.0,0.0,0.0,0.0,0.0,0.0,0.0,0.0,39.75,38.85,37.37,-109,6.0
2026-09-07 15:23:17,Lobby Civil,57.68,Group 1 (Common),92.23,59.79,Group 1 (Common),58.08,0.0,0.0,0.0,0.0,92.23,1.39,0.0,0.35,6.12,59.41,57.21,56.16,-97,12.2
2026-09-07 15:23:18,Pasillo Salones Eléctrica,74.23,Group 1 (Common),99.61,79.08,Group 1 (Common),71.05,0.0,0.0,0.0,0.0,99.61,0.0,0.0,0.09,0.0,79.91,69.89,67.2,-107,12.2
2026-09-07 15:23:21,Laboratorios Eléctrica Centro,64.77,Group 1 (Common),88.8,66.36,Group 5 (Vehicle),64.43,0.0,0.0,0.0,65.43,88.8,0.0,0.09,0.0,10.98,66.41,64.45,63.5,-101,12.5
2026-09-07 15:23:22,Pasillo Salones Civil,60.64,Group 1 (Common),98.96,64.54,Group 1 (Common),61.45,0.0,0.0,0.0,0.0,98.96,0.0,0.0,0.74,0.0,64.9,59.18,57.56,-101,12.2
2026-09-07 15:23:25,Pasillo Decanato Eléctrica,56.91,Group 1 (Common),99.57,57.86,Group 1 (Common),56.99,0.0,0.0,0.0,0.0,99.57,0.0,0.0,0.13,0.17,58.38,56.89,55.58,-102,10.8
2026-09-07 15:23:28,Laboratorios Civil Superior,61.85,Group 1 (Common),75.56,65.53,Group 4 (Person),61.54,0.0,0.0,63.77,0.0,75.56,0.09,0.0,24.09,0.0,66.33,59.55,56.26,-107,4.8
2026-09-07 15:23:32,Salón - Uma Civil,60.02,Group 2 (Impact),71.27,61.92,Group 2 (Impact),61.37,59.15,0.0,0.0,57.32,14.11,71.27,0.0,6.64,8.03,62.6,59.92,56.97,-115,-1.2
2026-09-07 15:23:39,Salón - Extremo Civil,65.15,Group 1 (Common),86.68,67.88,Group 1 (Common),64.0,0.0,0.0,0.0,0.0,86.68,3.34,4.38,3.08,2.47,67.97,65.45,53.11,-91,12.2
2026-09-07 15:23:49,Salón - Extremo Eléctrica,73.17,Mixed,54.08,75.77,Group 4 (Person),68.93,0.0,0.0,73.99,0.0,45.79,0.0,0.0,54.08,0.0,75.97,73.67,64.57,-87,10.8
2026-09-07 15:23:53,Salón - Uma Eléctrica,72.41,Group 1 (Common),70.1,74.64,Group 1 (Common),73.23,0.0,0.0,71.44,0.0,70.1,0.0,0.0,29.73,0.0,74.39,71.86,68.79,-109,10.5
2026-09-07 15:24:04,Laboratorios Eléctrica Inferior,59.97,Group 1 (Common),83.72,62.67,Group 1 (Common),59.97,0.0,0.0,0.0,56.8,83.72,0.13,0.26,0.82,15.02,63.36,58.85,56.8,-109,9.5
2026-09-07 15:25:58,Laboratorios Civil Inferior,59.22,Group 1 (Common),97.18,61.34,Group 1 (Common),58.42,0.0,0.0,0.0,0.0,97.18,0.09,0.22,0.0,2.52,61.36,59.08,55.19,-111,-0.2
2026-09-07 15:28:04,Laboratorios Civil Central,67.94,Group 1 (Common),99.05,69.34,Group 1 (Common),68.02,0.0,0.0,0.0,0.0,99.05,0.0,0.0,0.13,0.61,69.85,68.0,65.91,-119,-1.2
2026-09-07 15:28:05,Lobby Eléctrica,76.21,Group 1 (Common),99.57,77.47,Group 1 (Common),76.65,0.0,0.0,0.0,0.0,99.57,0.0,0.0,0.13,0.0,77.28,76.32,73.81,-105,5.5
2026-09-07 15:28:11,Laboratorios Eléctrica Superior,72.07,Group 1 (Common),72.18,75.39,Group 1 (Common),73.05,0.0,0.0,69.54,0.0,72.18,0.0,0.0,27.69,0.0,76.3,70.93,64.75,-97,12.2
2026-09-07 15:28:14,Pasillo Decanato Civil,53.43,Mixed,53.86,62.33,Group 1 (Common),62.82,43.45,0.0,56.19,0.0,14.06,23.61,0.09,53.86,8.16,62.38,47.15,40.05,-103,8.8
2026-09-07 15:28:17,Lobby Civil,66.97,Mixed,54.47,68.52,Group 5 (Vehicle),0.0,67.27,65.95,0.0,67.74,0.0,15.41,54.47,3.3,26.78,69.11,66.99,64.63,-101,12.5
2026-09-07 15:28:18,Pasillo Salones Eléctrica,53.03,Group 1 (Common),94.49,58.61,Group 1 (Common),50.32,0.0,0.0,0.0,0.0,94.49,3.52,1.13,0.43,0.35,60.3,49.61,45.92,-115,5.0
2026-09-07 15:28:21,Laboratorios Eléctrica Centro,68.62,Group 1 (Common),88.15,70.96,Group 4 (Person),67.79,0.0,0.0,70.56,0.0,88.15,1.35,0.0,10.24,0.0,71.0,68.16,66.57,-114,0.2
2026-09-07 15:28:22,Pasillo Salones Civil,61.27,Mixed,58.29,64.74,Group 1 (Common),64.3,0.0,0.0,60.78,59.91,22.83,9.11,2.99,6.73,58.29,65.45,59.51,57.13,-107,11.2
2026-09-07 15:28:25,Pasillo Decanato Eléctrica,65.74,Group 1 (Common),98.96,68.12,Group 1 (Common),64.93,0.0,0.0,0.0,0.0,98.96,0.0,0.0,0.78,0.0,68.04,65.98,58.31,-109,10.0
2026-09-07 15:28:28,Laboratorios Civil Superior,66.53,Mixed,54.86,69.48,Group 4 (Person),65.12,0.0,0.0,66.93,0.0,54.86,0.0,0.0,44.92,0.0,70.13,66.15,58.88,-111,8.8
2026-09-07 15:28:32,Salón - Uma Civil,55.22,Mixed,57.91,57.05,Group 4 (Person),54.56,0.0,52.14,55.44,0.0,21.58,4.44,9.08,57.91,7.13,57.07,54.29,52.95,-111,6.8
2026-09-07 15:28:39,Salón - Extremo Civil,73.57,Group 1 (Common),72.51,76.6,Group 4 (Person),71.74,0.0,0.0,76.01,0.0,72.51,2.69,0.0,24.76,0.0,76.84,71.61,66.86,-88,12.0
2026-09-07 15:28:49,Salón - Extremo Eléctrica,63.8,Group 1 (Common),93.88,68.98,Group 1 (Common),64.77,0.0,0.0,0.0,0.0,93.88,0.35,1.39,2.26,2.08,69.97,60.49,53.16,-88,10.2
2026-09-07 15:28:53,Salón - Uma Eléctrica,52.91,Mixed,40.8,56.49,Group 4 (Person),53.54,51.86,0.0,53.89,0.0,10.94,40.8,0.17,37.28,10.72,57.57,51.26,47.83,-113,-5.0
2026-09-07 15:29:04,Laboratorios Eléctrica Inferior,61.68,Group 1 (Common),97.57,66.15,Group 1 (Common),63.0,0.0,0.0,0.0,0.0,97.57,0.52,0.0,0.3,1.35,64.88,61.13,58.6,-119,-2.5
2026-09-07 15:33:04,Laboratorios Civil Central,64.45,Group 1 (Common),75.78,64.94,Group 1 (Common),64.37,0.0,0.0,0.0,64.79,75.78,0.04,0.0,0.22,23.91,64.92,64.5,63.69,-114,4.5
2026-09-07 15:33:05,Lobby Eléctrica,59.83,Mixed,55.34,64.99,Group 1 (Common),60.44,55.27,0.0,0.0,56.49,55.34,23.52,0.56,2.52,18.1,65.87,57.18,55.07,-109,9.2
2026-09-07 15:33:11,Laboratorios Eléctrica Superior,57.98,Group 1 (Common),98.83,63.67,Group 1 (Common),59.92,0.0,0.0,0.0,0.0,98.83,0.04,0.0,0.22,0.74,61.96,55.68,51.52,-100,10.5
2026-09-07 15:33:14,Pasillo Decanato Civil,41.05,Silence,0.0,42.61,Silence,0.0,0.0,0.0,0.0,0.0,0.0,0.0,0.0,0.0,0.0,43.31,40.57,40.07,-103,11.8
2026-09-07 15:33:18,Pasillo Salones Eléctrica,55.1,Group 1 (Common),99.57,56.99,Group 1 (Common),55.17,0.0,0.0,0.0,0.0,99.57,0.0,0.0,0.17,0.0,57.83,54.46,52.89,-105,12.0
2026-09-07 15:33:21,Laboratorios Eléctrica Centro,65.38,Group 1 (Common),93.23,67.96,Group 1 (Common),66.21,0.0,0.0,0.0,0.0,93.23,0.0,0.0,5.73,0.74,67.43,65.37,63.53,-105,5.8
2026-09-07 15:33:22,Pasillo Salones Civil,54.3,Group 1 (Common),86.98,56.76,Group 1 (Common),55.09,0.0,0.0,0.0,0.0,86.98,8.38,0.0,4.47,0.13,56.65,54.3,48.83,-103,11.8
2026-09-07 15:33:25,Pasillo Decanato Eléctrica,56.49,Group 1 (Common),99.61,56.99,Group 1 (Common),56.42,0.0,0.0,0.0,0.0,99.61,0.0,0.0,0.09,0.04,57.38,56.34,55.84,-105,9.8
2026-09-07 15:33:28,Laboratorios Civil Superior,65.01,Group 1 (Common),75.65,67.83,Group 4 (Person),64.82,0.0,0.0,67.33,0.0,75.65,2.95,0.0,21.18,0.0,66.42,64.79,62.82,-105,3.5
2026-09-07 15:33:32,Salón - Uma Civil,75.09,Mixed,54.59,76.88,Group 1 (Common),74.53,0.0,0.0,75.13,0.0,54.59,0.68,0.1,44.58,0.0,76.85,74.76,69.34,-114,1.5
2026-09-07 15:33:39,Salón - Extremo Civil,62.48,Group 2 (Impact),73.49,68.58,Group 2 (Impact),51.94,62.84,0.0,0.0,0.0,12.55,73.49,3.66,3.22,7.08,69.28,49.78,48.15,-87,12.8
2026-09-07 15:33:49,Salón - Extremo Eléctrica,53.85,Mixed,63.37,55.96,Group 1 (Common),54.94,51.32,0.0,54.2,0.0,27.17,9.38,0.0,63.37,0.0,56.03,54.3,50.31,-93,10.8
2026-09-07 15:33:53,Salón - Uma Eléctrica,48.25,Mixed,54.34,52.04,Group 4 (Person),47.27,48.67,0.0,52.55,0.0,27.78,54.34,0.04,16.02,1.78,51.28,47.71,44.78,-115,-2.8
2026-09-07 15:34:04,Laboratorios Eléctrica Inferior,57.32,Group 1 (Common),73.61,58.49,Group 1 (Common),57.16,0.0,0.0,0.0,56.39,73.61,0.13,0.04,0.48,25.65,58.69,57.2,55.65,-109,7.2
2026-09-07 15:35:58,Laboratorios Civil Inferior,53.52,Group 1 (Common),80.16,55.06,Group 1 (Common),53.55,0.0,0.0,0.0,52.57,80.16,1.69,0.0,0.52,17.71,55.77,53.15,51.76,-118,-3.5
2026-09-07 15:38:09,Laboratorios Civil Central,65.07,Group 1 (Common),77.6,66.31,Group 1 (Common),64.92,0.0,0.0,0.0,64.13,77.6,0.56,0.0,0.78,20.88,66.78,65.12,63.87,-108,10.5
2026-09-07 15:38:09,Lobby Eléctrica,66.97,Mixed,56.81,68.62,Group 4 (Person),66.66,0.0,0.0,68.25,0.0,56.81,0.0,0.0,43.01,0.0,69.14,66.44,64.01,-111,6.5
2026-09-07 15:38:11,Laboratorios Eléctrica Superior,55.38,Group 1 (Common),98.05,57.86,Group 1 (Common),56.39,0.0,0.0,0.0,0.0,98.05,1.03,0.24,0.15,0.63,56.67,54.76,53.01,-99,12.0
2026-09-07 15:38:14,Pasillo Decanato Civil,42.03,Silence,0.0,45.57,Silence,0.0,0.0,0.0,0.0,0.0,0.0,0.0,0.0,0.0,0.0,46.47,41.1,39.39,-106,8.0
2026-09-07 15:38:17,Lobby Civil,70.16,Group 1 (Common),99.35,73.69,Group 1 (Common),70.63,0.0,0.0,0.0,0.0,99.35,0.0,0.0,0.39,0.0,73.58,69.08,65.03,-99,10.2
2026-09-07 15:38:18,Pasillo Salones Eléctrica,47.94,Mixed,47.53,50.59,Group 3 (Rotary Tool),45.51,0.0,49.66,0.0,47.93,35.89,2.91,47.53,0.09,13.76,51.33,47.95,44.27,-105,11.0
2026-09-07 15:38:21,Laboratorios Eléctrica Centro,61.49,Group 5 (Vehicle),80.76,62.57,Group 1 (Common),62.07,0.0,0.0,0.0,61.33,19.19,0.0,0.0,0.0,80.76,62.59,61.12,60.33,-115,2.2
2026-09-07 15:38:22,Pasillo Salones Civil,48.79,Mixed,55.73,53.67,Group 5 (Vehicle),47.68,47.09,0.0,0.0,49.85,7.6,55.73,0.3,2.6,33.85,54.33,46.77,45.53,-95,12.2
2026-09-07 15:38:25,Pasillo Decanato Eléctrica,56.86,Group 1 (Common),99.31,57.42,Group 1 (Common),56.75,0.0,0.0,0.0,0.0,99.31,0.09,0.0,0.13,0.35,57.31,56.81,56.45,-117,-8.2
2026-09-07 15:38:28,Laboratorios Civil Superior,59.08,Group 1 (Common),86.24,61.63,Group 1 (Common),60.03,0.0,0.0,0.0,0.0,86.24,0.26,0.04,0.48,12.72,61.61,59.86,54.33,-109,9.0
2026-09-07 15:38:32,Salón - Uma Civil,74.62,Mixed,52.34,79.71,Group 1 (Common),74.11,0.0,0.0,76.21,0.0,45.14,2.34,0.0,52.34,0.09,80.92,71.08,44.25,-119,0.8
2026-09-07 15:38:39,Salón - Extremo Civil,40.27,Silence,0.0,50.88,Silence,0.0,0.0,0.0,0.0,0.0,0.0,0.0,0.0,0.0,0.0,46.19,37.92,32.21,-91,11.5
2026-09-07 15:38:49,Salón - Extremo Eléctrica,49.29,Mixed,43.21,62.55,Group 4 (Person),54.13,38.88,0.0,60.78,40.82,19.82,12.35,5.18,43.21,19.34,56.37,42.01,31.04,-87,9.0
2026-09-07 15:38:53,Salón - Uma Eléctrica,41.21,Silence,0.0,60.54,Silence,0.0,0.0,0.0,0.0,0.0,0.0,0.0,0.0,0.0,0.0,45.86,40.7,38.46,-113,-5.5
2026-09-07 15:40:58,Laboratorios Civil Inferior,50.62,Mixed,47.61,51.72,Group 1 (Common),50.59,49.02,0.0,0.0,0.0,47.61,17.4,0.04,1.13,33.64,51.6,51.03,48.2,-121,-12.2
2026-09-07 15:43:04,Laboratorios Civil Central,64.84,Group 1 (Common),79.88,66.15,Group 1 (Common),64.83,65.09,0.0,0.0,0.0,79.88,4.44,0.0,4.49,11.43,66.92,64.56,63.9,-108,7.8
2026-09-07 15:43:05,Lobby Eléctrica,69.82,Group 1 (Common),86.62,73.26,Group 1 (Common),71.2,0.0,0.0,68.88,0.0,86.62,0.0,0.05,10.11,3.32,71.19,70.27,67.08,-95,12.5
2026-09-07 15:43:11,Laboratorios Eléctrica Superior,65.57,Group 1 (Common),99.22,69.02,Group 1 (Common),65.63,0.0,0.0,0.0,0.0,99.22,0.0,0.26,0.3,0.09,69.49,63.6,60.31,-99,12.5
2026-09-07 15:43:23,Pasillo Decanato Civil,49.81,Mixed,38.06,55.77,Group 2 (Impact),45.72,54.27,0.0,0.0,47.04,38.06,26.82,7.42,3.26,24.44,55.93,45.06,39.87,-109,3.2
2026-09-07 15:43:23,Lobby Civil,58.94,Mixed,48.19,62.41,Group 1 (Common),60.48,59.01,0.0,0.0,0.0,48.19,40.58,0.0,10.5,0.73,59.87,59.1,57.77,-103,11.5
2026-09-07 15:43:23,Pasillo Salones Eléctrica,58.13,Group 1 (Common),97.46,61.06,Group 1 (Common),58.64,0.0,0.0,0.0,0.0,97.46,0.24,0.59,1.76,0.0,62.03,57.38,52.42,-105,11.8
2026-09-07 15:43:23,Laboratorios Eléctrica Centro,65.07,Mixed,53.04,67.39,Group 1 (Common),66.43,0.0,0.0,0.0,63.69,45.31,0.0,0.0,1.43,53.04,67.59,64.35,61.36,-101,12.2
2026-09-07 15:43:23,Pasillo Salones Civil,61.77,Group 1 (Common),87.21,63.81,Group 4 (Person),60.54,0.0,0.0,62.98,0.0,87.21,0.0,0.0,12.5,0.0,63.87,60.65,58.28,-101,6.5
2026-09-07 15:43:25,Pasillo Decanato Eléctrica,57.54,Group 1 (Common),92.71,59.98,Group 1 (Common),57.57,0.0,0.0,0.0,0.0,92.71,3.43,0.0,0.69,2.99,60.8,56.79,56.0,-105,8.5
2026-09-07 15:43:28,Laboratorios Civil Superior,64.91,Group 1 (Common),99.61,68.43,Group 1 (Common),64.89,0.0,0.0,0.0,0.0,99.61,0.0,0.0,0.05,0.0,69.63,62.0,59.99,-107,11.0
2026-09-07 15:43:32,Salón - Uma Civil,69.46,Group 4 (Person),72.31,71.13,Group 1 (Common),70.15,0.0,0.0,67.83,0.0,23.74,3.69,0.0,72.31,0.0,71.57,69.59,65.11,-114,-0.5
2026-09-07 15:43:40,Salón - Extremo Civil,49.51,Mixed,36.81,56.12,Group 4 (Person),45.51,0.0,0.0,54.16,43.0,23.18,9.33,0.09,36.81,30.51,57.24,43.59,39.95,-96,11.5
2026-09-07 15:43:49,Salón - Extremo Eléctrica,54.5,Mixed,33.9,59.18,Group 4 (Person),52.99,55.31,0.0,56.25,0.0,29.38,31.34,0.09,33.9,5.21,59.92,51.31,37.32,-87,11.8
2026-09-07 15:43:53,Salón - Uma Eléctrica,76.82,Group 1 (Common),81.08,79.2,Group 1 (Common),76.69,0.0,0.0,69.95,0.0,81.08,0.0,0.0,18.84,0.0,79.53,76.44,67.93,-115,-6.2
2026-09-07 15:44:04,Laboratorios Eléctrica Inferior,61.13,Group 1 (Common),97.57,63.85,Group 1 (Common),62.05,0.0,0.0,0.0,0.0,97.57,1.87,0.04,0.35,0.0,63.08,61.04,59.01,-117,1.8
2026-09-07 15:45:58,Laboratorios Civil Inferior,52.61,Mixed,65.49,53.9,Group 1 (Common),53.5,53.08,0.0,0.0,52.25,16.02,16.58,0.26,1.87,65.49,54.34,52.22,50.86,-120,-4.0
2026-09-07 15:48:05,Laboratorios Civil Central,68.02,Group 1 (Common),72.66,69.57,Group 1 (Common),68.24,0.0,0.0,0.0,68.04,72.66,0.93,0.93,4.88,20.46,69.61,67.12,66.1,-117,-3.5
2026-09-07 15:48:05,Lobby Eléctrica,69.14,Group 1 (Common),99.41,70.03,Group 1 (Common),68.8,0.0,0.0,0.0,0.0,99.41,0.0,0.0,0.29,0.0,70.75,68.63,66.7,-97,11.5
2026-09-07 15:48:11,Laboratorios Eléctrica Superior,57.6,Mixed,58.94,63.81,Group 1 (Common),60.36,0.0,0.0,0.0,51.62,58.94,0.09,0.09,0.3,40.54,64.37,54.62,49.38,-99,12.8
2026-09-07 15:48:14,Pasillo Decanato Civil,49.19,Mixed,55.73,54.82,Group 4 (Person),45.31,0.0,0.0,51.51,0.0,26.56,15.84,0.0,55.73,1.69,55.19,47.26,44.12,-113,11.2
2026-09-07 15:48:17,Lobby Civil,56.06,Group 1 (Common),98.58,59.93,Group 1 (Common),57.41,0.0,0.0,0.0,0.0,98.58,0.15,0.0,0.1,1.07,59.33,54.08,51.73,-105,7.2
2026-09-07 15:48:18,Pasillo Salones Eléctrica,52.66,Group 1 (Common),85.01,57.94,Group 1 (Common),51.26,0.0,0.0,0.0,0.0,85.01,4.74,3.08,5.86,1.37,59.11,49.86,46.68,-101,10.8
2026-09-07 15:48:21,Laboratorios Eléctrica Centro,63.05,Mixed,60.42,64.04,Group 1 (Common),63.07,0.0,0.0,0.0,62.82,39.5,0.0,0.0,0.04,60.42,64.38,62.75,61.67,-97,13.0
2026-09-07 15:48:23,Pasillo Salones Civil,54.35,Mixed,35.37,56.56,Group 5 (Vehicle),53.47,54.23,53.45,0.0,55.19,30.6,22.61,10.5,0.74,35.37,56.87,53.92,50.86,-89,12.8
2026-09-07 15:48:25,Pasillo Decanato Eléctrica,57.8,Group 1 (Common),99.13,63.0,Group 1 (Common),59.02,0.0,0.0,0.0,0.0,99.13,0.48,0.0,0.09,0.13,61.03,57.4,56.19,-107,8.5
2026-09-07 15:48:32,Laboratorios Civil Superior,61.87,Group 1 (Common),99.61,64.5,Group 1 (Common),62.78,0.0,0.0,0.0,0.0,99.61,0.0,0.05,0.0,0.0,64.08,61.05,57.36,-106,6.2
2026-09-07 15:48:32,Salón - Uma Civil,73.34,Group 4 (Person),89.24,80.32,Group 4 (Person),0.0,0.0,48.11,75.39,0.0,0.04,1.04,4.99,89.24,4.47,80.88,54.5,41.88,-114,3.0
2026-09-07 15:48:40,Salón - Extremo Civil,40.71,Silence,0.0,48.52,Silence,0.0,0.0,0.0,0.0,0.0,0.0,0.0,0.0,0.0,0.0,50.73,35.96,33.34,-109,8.2
2026-09-07 15:48:49,Salón - Extremo Eléctrica,55.96,Group 4 (Person),77.39,62.72,Group 4 (Person),48.52,46.55,0.0,57.39,0.0,11.11,11.37,0.0,77.39,0.0,62.47,50.26,42.76,-91,9.0
2026-09-07 15:48:53,Salón - Uma Eléctrica,57.7,Group 4 (Person),92.66,62.07,Group 4 (Person),55.57,0.0,0.0,59.3,0.0,6.77,0.26,0.0,92.66,0.0,61.97,54.89,51.3,-114,5.8
2026-09-07 15:49:04,Laboratorios Eléctrica Inferior,56.17,Group 5 (Vehicle),70.4,57.86,Group 1 (Common),56.93,0.0,0.0,0.0,55.73,28.56,0.09,0.0,0.82,70.4,58.18,55.65,54.08,-107,10.2
2026-09-07 15:50:58,Laboratorios Civil Inferior,51.56,Group 1 (Common),77.3,54.89,Group 1 (Common),52.12,0.0,0.0,0.0,50.69,77.3,0.82,0.0,0.35,21.61,55.17,50.48,49.29,-114,3.0
2026-09-07 15:53:05,Laboratorios Civil Central,63.64,Group 1 (Common),95.75,64.14,Group 1 (Common),63.66,0.0,0.0,0.0,0.0,95.75,0.74,0.0,0.48,3.13,64.15,63.61,62.99,-114,-1.2
2026-09-07 15:53:05,Lobby Eléctrica,69.95,Mixed,69.92,72.66,Group 1 (Common),71.3,0.0,0.0,69.13,0.0,69.92,0.0,0.0,29.99,0.0,71.92,68.8,66.4,-113,8.2
2026-09-07 15:53:11,Laboratorios Eléctrica Superior,53.45,Mixed,59.33,55.21,Group 1 (Common),53.21,53.13,0.0,0.0,51.2,59.33,26.26,0.43,1.69,12.37,55.71,53.65,50.06,-99,9.2
2026-09-07 15:53:14,Pasillo Decanato Civil,49.11,Mixed,41.88,53.03,Group 4 (Person),47.91,46.34,0.0,51.26,46.36,28.6,13.28,0.0,41.88,16.02,53.58,48.75,44.16,-97,11.8
2026-09-07 15:53:17,Lobby Civil,55.85,Group 1 (Common),97.66,58.63,Group 1 (Common),56.14,0.0,0.0,0.0,0.0,97.66,0.22,0.04,0.22,2.0,59.15,55.19,54.2,-101,9.2
2026-09-07 15:53:18,Pasillo Salones Eléctrica,50.97,Mixed,62.59,54.48,Group 1 (Common),49.86,0.0,49.81,0.0,51.94,62.59,9.11,19.7,2.26,6.29,54.9,49.99,46.38,-105,3.5
2026-09-07 15:53:21,Laboratorios Eléctrica Centro,61.69,Mixed,62.89,62.05,Group 1 (Common),61.75,0.0,0.0,0.0,61.61,37.07,0.0,0.0,0.0,62.89,62.12,61.65,61.07,-94,12.2
2026-09-07 15:53:23,Pasillo Salones Civil,55.53,Mixed,67.62,57.93,Group 3 (Rotary Tool),55.45,0.0,55.94,0.0,0.0,67.62,0.82,24.35,0.78,6.29,58.8,55.24,50.39,-107,12.0
2026-09-07 15:53:25,Pasillo Decanato Eléctrica,56.9,Group 1 (Common),99.44,57.51,Group 1 (Common),56.94,0.0,0.0,0.0,0.0,99.44,0.0,0.0,0.04,0.22,57.4,56.98,56.26,-105,10.8
2026-09-07 15:53:28,Laboratorios Civil Superior,57.95,Group 1 (Common),99.31,63.84,Group 1 (Common),55.14,0.0,0.0,0.0,0.0,99.31,0.17,0.09,0.09,0.26,64.77,53.92,53.15,-103,11.8
2026-09-07 15:53:32,Salón - Uma Civil,67.39,Group 4 (Person),81.99,71.73,Group 4 (Person),0.0,63.35,0.0,66.48,0.0,1.56,12.07,0.04,81.99,4.08,71.53,65.07,45.84,-114,-0.8
2026-09-07 15:53:40,Salón - Extremo Civil,35.55,Silence,0.0,39.41,Silence,0.0,0.0,0.0,0.0,0.0,0.0,0.0,0.0,0.0,0.0,38.94,35.14,32.28,-97,12.2
2026-09-07 15:53:49,Salón - Extremo Eléctrica,55.69,Mixed,64.06,61.03,Group 1 (Common),54.82,45.96,0.0,59.14,0.0,64.06,14.5,0.04,17.88,3.56,61.72,54.27,49.69,-95,11.5
2026-09-07 15:53:54,Salón - Uma Eléctrica,45.33,Mixed,69.84,50.96,Group 1 (Common),49.38,45.86,0.0,0.0,0.0,17.66,69.84,0.09,7.42,5.03,47.25,45.22,43.31,-114,1.5
2026-09-07 15:54:04,Laboratorios Eléctrica Inferior,56.73,Group 5 (Vehicle),72.14,58.17,Group 5 (Vehicle),56.54,0.0,0.0,0.0,56.56,23.83,1.82,0.3,1.74,72.14,58.43,56.23,55.67,-118,1.0
2026-09-07 15:55:58,Laboratorios Civil Inferior,54.03,Group 5 (Vehicle),93.55,56.24,Group 5 (Vehicle),0.0,0.0,0.0,0.0,54.35,6.35,0.0,0.0,0.05,93.55,55.92,53.4,52.83,-109,5.0
2026-09-07 15:58:05,Laboratorios Civil Central,65.11,Group 1 (Common),77.86,67.24,Group 5 (Vehicle),64.69,0.0,0.0,0.0,66.76,77.86,1.56,0.0,0.95,19.7,67.95,64.58,62.72,-114,-0.8
2026-09-07 15:58:05,Lobby Eléctrica,58.54,Group 1 (Common),99.0,59.33,Group 1 (Common),58.63,0.0,0.0,0.0,0.0,99.0,0.09,0.56,0.17,0.04,59.31,58.51,57.65,-101,12.8
2026-09-07 15:58:11,Laboratorios Eléctrica Superior,56.61,Group 1 (Common),98.65,61.2,Group 1 (Common),55.6,0.0,0.0,0.0,0.0,98.65,0.0,0.56,0.09,0.61,61.58,53.61,50.77,-99,13.5
2026-09-07 15:58:14,Pasillo Decanato Civil,41.97,Silence,0.0,46.47,Silence,0.0,0.0,0.0,0.0,0.0,0.0,0.0,0.0,0.0,0.0,46.73,39.94,35.96,-101,5.0
2026-09-07 15:58:17,Lobby Civil,52.4,Group 1 (Common),80.25,53.12,Group 1 (Common),52.13,0.0,0.0,0.0,0.0,80.25,5.03,0.0,1.43,13.24,53.2,52.62,51.16,-108,11.5
2026-09-07 15:58:18,Pasillo Salones Eléctrica,57.92,Mixed,65.45,64.27,Group 2 (Impact),59.63,65.05,53.9,0.0,0.0,65.45,12.11,9.38,7.77,5.25,61.74,57.56,51.43,-103,10.8
2026-09-07 15:58:21,Laboratorios Eléctrica Centro,65.25,Group 1 (Common),99.61,67.6,Group 1 (Common),65.23,0.0,0.0,0.0,0.0,99.61,0.0,0.04,0.0,0.0,68.06,64.34,62.92,-99,10.5
2026-09-07 15:58:23,Pasillo Salones Civil,54.96,Mixed,68.23,57.12,Group 1 (Common),54.35,56.68,0.0,0.0,0.0,68.23,27.17,0.0,4.43,0.13,57.47,53.87,52.0,-99,11.8
2026-09-07 15:58:25,Pasillo Decanato Eléctrica,57.13,Group 1 (Common),99.48,57.96,Group 1 (Common),57.05,0.0,0.0,0.0,0.0,99.48,0.09,0.0,0.0,0.13,58.08,57.03,56.25,-118,-3.2
2026-09-07 15:58:28,Laboratorios Civil Superior,60.53,Group 1 (Common),99.61,66.04,Group 1 (Common),59.83,0.0,0.0,0.0,0.0,99.61,0.0,0.09,0.09,0.09,66.78,56.84,53.22,-103,11.8
2026-09-07 15:58:32,Salón - Uma Civil,71.73,Group 4 (Person),99.13,74.33,Group 4 (Person),0.0,0.0,0.0,72.02,0.0,0.52,0.0,0.0,99.13,0.0,75.32,71.32,54.28,-111,6.8
2026-09-07 15:58:40,Salón - Extremo Civil,64.77,Mixed,68.79,68.34,Group 4 (Person),64.24,42.66,0.0,65.97,0.0,9.9,20.4,0.0,68.79,0.74,68.71,65.56,37.92,-91,13.8
2026-09-07 15:58:49,Salón - Extremo Eléctrica,59.16,Mixed,34.94,66.44,Group 4 (Person),46.77,42.34,0.0,64.38,0.0,28.82,30.21,0.04,34.94,5.9,66.87,44.13,37.14,-89,10.8
2026-09-07 15:58:57,Salón - Uma Eléctrica,56.49,Mixed,65.84,62.17,Group 4 (Person),55.89,54.45,0.0,60.82,0.0,6.94,65.84,0.13,21.92,5.12,62.53,53.76,41.98,-115,2.5
2026-09-07 15:59:04,Laboratorios Eléctrica Inferior,61.73,Group 1 (Common),98.48,69.79,Group 1 (Common),62.94,0.0,0.0,0.0,0.0,98.48,0.04,0.13,0.26,0.95,63.73,61.08,58.09,-116,-1.5
2026-09-07 16:00:58,Laboratorios Civil Inferior,50.51,Mixed,51.35,51.7,Group 5 (Vehicle),50.49,50.83,0.0,0.0,51.53,51.35,12.37,1.04,1.3,33.85,51.7,50.52,49.12,-109,5.8
2026-09-07 16:03:05,Laboratorios Civil Central,69.31,Group 1 (Common),99.61,70.73,Group 1 (Common),68.98,0.0,0.0,0.0,0.0,99.61,0.0,0.0,0.0,0.0,70.7,69.22,66.77,-103,11.5
2026-09-07 16:03:05,Lobby Eléctrica,66.28,Group 1 (Common),99.05,67.84,Group 1 (Common),65.95,0.0,0.0,0.0,0.0,99.05,0.0,0.04,0.78,0.0,68.09,66.63,63.44,-107,10.0
2026-09-07 16:03:11,Laboratorios Eléctrica Superior,59.13,Group 1 (Common),97.87,62.54,Group 1 (Common),60.17,0.0,0.0,0.0,0.0,97.87,0.09,0.13,0.22,1.56,61.43,59.56,54.37,-95,13.0
2026-09-07 16:03:14,Pasillo Decanato Civil,43.39,Silence,0.0,47.84,Silence,0.0,0.0,0.0,0.0,0.0,0.0,0.0,0.0,0.0,0.0,48.99,40.99,39.38,-109,8.2
2026-09-07 16:03:17,Lobby Civil,72.06,Group 1 (Common),99.57,74.09,Group 1 (Common),72.0,0.0,0.0,0.0,0.0,99.57,0.0,0.0,0.13,0.0,73.8,71.78,70.84,-96,11.5
2026-09-07 16:03:18,Pasillo Salones Eléctrica,56.82,Mixed,45.88,62.22,Group 1 (Common),59.89,0.0,0.0,52.95,52.11,45.88,2.56,3.47,19.18,28.99,62.8,53.47,49.05,-101,12.2
2026-09-07 16:03:21,Laboratorios Eléctrica Centro,68.08,Group 1 (Common),99.61,70.85,Group 1 (Common),68.8,0.0,0.0,0.0,0.0,99.61,0.0,0.04,0.0,0.04,70.09,68.07,66.36,-101,8.5
2026-09-07 16:03:23,Pasillo Salones Civil,57.95,Mixed,54.95,60.24,Group 3 (Rotary Tool),57.97,58.49,60.41,0.0,59.53,54.95,10.29,12.41,2.73,19.53,60.44,57.77,55.46,-107,9.5
2026-09-07 16:03:25,Pasillo Decanato Eléctrica,56.35,Group 1 (Common),99.52,57.0,Group 1 (Common),56.3,0.0,0.0,0.0,0.0,99.52,0.09,0.0,0.13,0.0,56.88,56.34,55.75,-107,11.0
2026-09-07 16:03:28,Laboratorios Civil Superior,65.28,Group 1 (Common),75.3,71.12,Group 5 (Vehicle),65.14,0.0,0.0,0.0,70.74,75.3,0.0,0.35,0.0,24.13,68.89,64.7,61.07,-111,7.5
2026-09-07 16:03:32,Salón - Uma Civil,61.2,Mixed,66.71,64.27,Group 1 (Common),62.44,60.41,0.0,60.87,0.0,66.71,17.58,0.04,14.28,1.39,64.53,60.93,54.07,-115,1.2
2026-09-07 16:03:40,Salón - Extremo Civil,57.04,Mixed,57.12,62.11,Group 4 (Person),0.0,43.07,0.0,59.82,0.0,0.78,41.19,0.0,57.12,0.65,63.4,48.44,37.86,-95,12.0
2026-09-07 16:03:49,Salón - Extremo Eléctrica,64.2,Mixed,63.63,66.71,Group 5 (Vehicle),61.44,0.0,0.0,63.71,66.42,12.5,0.0,0.0,63.63,23.65,67.59,61.78,57.93,-90,9.8
2026-09-07 16:03:54,Salón - Uma Eléctrica,65.13,Mixed,49.13,69.39,Group 1 (Common),65.48,65.13,0.0,65.27,0.0,42.36,5.86,2.39,49.13,0.3,69.42,63.9,53.97,-109,4.8
2026-09-07 16:04:04,Laboratorios Eléctrica Inferior,69.51,Group 1 (Common),99.22,73.85,Group 1 (Common),66.84,0.0,0.0,0.0,0.0,99.22,0.09,0.0,0.39,0.09,74.49,67.44,57.91,-105,8.8
2026-09-07 16:05:58,Laboratorios Civil Inferior,48.27,Mixed,47.7,49.71,Group 2 (Impact),48.34,48.73,0.0,0.0,0.0,47.7,35.72,0.17,3.08,13.28,49.17,48.35,47.72,-117,1.0
2026-09-07 16:08:05,Laboratorios Civil Central,66.86,Group 1 (Common),94.49,68.31,Group 1 (Common),67.14,0.0,0.0,0.0,0.0,94.49,0.0,0.0,0.13,5.16,68.74,66.79,64.88,-117,-6.5
2026-09-07 16:08:05,Lobby Eléctrica,65.53,Group 1 (Common),99.26,69.13,Group 1 (Common),65.94,0.0,0.0,0.0,0.0,99.26,0.0,0.43,0.0,0.0,69.02,64.93,61.83,-107,8.0
2026-09-07 16:08:11,Laboratorios Eléctrica Superior,63.62,Group 1 (Common),98.65,65.91,Group 1 (Common),63.12,0.0,0.0,0.0,0.0,98.65,0.0,0.0,1.09,0.0,66.71,63.01,61.52,-101,11.2
2026-09-07 16:08:14,Pasillo Decanato Civil,43.13,Silence,0.0,45.33,Silence,0.0,0.0,0.0,0.0,0.0,0.0,0.0,0.0,0.0,0.0,44.78,42.98,40.94,-103,12.2
2026-09-07 16:08:17,Lobby Civil,71.97,Group 1 (Common),99.61,74.28,Group 1 (Common),71.85,0.0,0.0,0.0,0.0,99.61,0.0,0.0,0.13,0.0,74.63,71.51,68.01,-99,12.2
2026-09-07 16:08:18,Pasillo Salones Eléctrica,65.73,Group 1 (Common),98.05,68.06,Group 1 (Common),66.35,0.0,0.0,0.0,0.0,98.05,0.0,0.0,1.74,0.0,68.34,64.89,63.54,-107,11.8
2026-09-07 16:08:21,Laboratorios Eléctrica Centro,64.94,Group 1 (Common),99.61,66.07,Group 1 (Common),65.29,0.0,0.0,0.0,0.0,99.61,0.0,0.04,0.0,0.09,65.75,65.25,63.23,-99,12.0
2026-09-07 16:08:23,Pasillo Salones Civil,54.82,Group 1 (Common),83.85,57.12,Group 1 (Common),54.99,56.17,0.0,0.0,0.0,83.85,10.16,0.09,5.51,0.13,57.01,55.1,51.05,-90,12.2
2026-09-07 16:08:25,Pasillo Decanato Eléctrica,57.17,Group 1 (Common),97.35,58.13,Group 1 (Common),57.29,0.0,0.0,0.0,0.0,97.35,0.56,0.0,0.26,2.04,57.93,57.2,56.42,-115,-1.8
2026-09-07 16:08:28,Laboratorios Civil Superior,55.44,Group 1 (Common),97.92,57.78,Group 1 (Common),55.75,0.0,0.0,0.0,0.0,97.92,0.13,0.0,0.09,1.74,57.59,55.49,52.69,-109,9.0
2026-09-07 16:08:32,Salón - Uma Civil,64.71,Mixed,49.61,70.32,Group 4 (Person),54.23,45.24,0.0,68.48,0.0,49.61,19.38,1.71,24.85,4.49,70.68,50.89,38.99,-110,9.0
2026-09-07 16:08:40,Salón - Extremo Civil,68.35,Mixed,62.74,70.55,Group 4 (Person),66.05,0.0,0.0,68.89,0.0,37.01,0.0,0.0,62.74,0.0,70.97,67.39,59.95,-103,11.2
2026-09-07 16:08:49,Salón - Extremo Eléctrica,63.23,Group 4 (Person),75.39,68.21,Group 4 (Person),59.96,0.0,0.0,65.06,0.0,22.96,1.56,0.0,75.39,0.09,67.82,60.37,34.68,-93,11.2
2026-09-07 16:08:54,Salón - Uma Eléctrica,68.44,Mixed,52.73,71.43,Group 4 (Person),67.48,0.0,0.0,69.74,0.0,52.73,0.0,0.0,46.96,0.0,72.15,67.24,62.02,-113,4.0
2026-09-07 16:09:04,Laboratorios Eléctrica Inferior,61.31,Group 1 (Common),95.44,64.35,Group 1 (Common),61.94,0.0,0.0,0.0,0.0,95.44,0.04,0.39,0.69,3.34,62.63,61.01,59.5,-109,6.0
2026-09-07 16:11:01,Laboratorios Civil Inferior,52.78,Mixed,68.23,54.06,Group 1 (Common),52.69,0.0,0.0,0.0,52.38,68.23,0.69,0.0,0.09,31.08,54.44,52.58,51.36,-117,-4.8
2026-09-07 16:13:05,Laboratorios Civil Central,64.62,Group 1 (Common),83.25,65.97,Group 1 (Common),64.69,0.0,0.0,0.0,64.61,83.25,0.0,0.0,0.17,16.41,65.95,64.25,63.81,-115,1.8
2026-09-07 16:13:05,Lobby Eléctrica,65.8,Group 1 (Common),92.19,69.13,Group 1 (Common),64.84,0.0,0.0,0.0,0.0,92.19,4.95,0.04,2.73,0.0,69.81,64.62,61.57,-99,9.5
2026-09-07 16:13:11,Laboratorios Eléctrica Superior,60.79,Group 1 (Common),99.22,62.58,Group 1 (Common),60.28,0.0,0.0,0.0,0.0,99.22,0.0,0.3,0.22,0.09,63.13,60.84,57.3,-99,12.0
2026-09-07 16:13:14,Pasillo Decanato Civil,43.76,Silence,0.0,45.72,Silence,0.0,0.0,0.0,0.0,0.0,0.0,0.0,0.0,0.0,0.0,45.96,43.48,41.37,-111,9.0
2026-09-07 16:13:17,Lobby Civil,65.04,Group 1 (Common),92.49,66.5,Group 1 (Common),65.23,0.0,0.0,0.0,0.0,92.49,0.26,0.22,1.3,5.82,66.73,64.61,63.11,-107,12.0
2026-09-07 16:13:18,Pasillo Salones Eléctrica,65.18,Group 1 (Common),97.57,68.49,Group 1 (Common),66.02,0.0,0.0,0.0,0.0,97.57,0.3,0.09,1.61,0.3,68.32,65.11,59.12,-101,13.2
2026-09-07 16:13:21,Laboratorios Eléctrica Centro,66.63,Group 1 (Common),95.1,69.31,Group 1 (Common),66.17,0.0,0.0,0.0,0.0,95.1,0.04,0.09,0.26,4.34,69.78,65.91,64.35,-101,13.5
2026-09-07 16:13:23,Pasillo Salones Civil,55.94,Group 1 (Common),92.8,59.08,Group 1 (Common),55.32,0.0,0.0,0.0,0.0,92.8,0.69,0.0,0.48,6.21,59.82,54.71,51.25,-105,10.8
2026-09-07 16:13:25,Pasillo Decanato Eléctrica,56.41,Group 1 (Common),99.52,57.24,Group 1 (Common),56.42,0.0,0.0,0.0,0.0,99.52,0.04,0.0,0.13,0.22,57.17,56.08,55.82,-111,6.8
2026-09-07 16:13:28,Laboratorios Civil Superior,58.51,Group 1 (Common),94.23,60.59,Group 1 (Common),58.16,0.0,0.0,0.0,0.0,94.23,1.61,0.22,0.56,3.26,61.42,57.36,53.19,-111,3.5
2026-09-07 16:13:32,Salón - Uma Civil,57.82,Group 4 (Person),87.89,62.26,Group 4 (Person),0.0,51.86,0.0,59.3,0.0,0.93,10.99,0.0,87.89,0.0,63.81,55.74,48.5,-109,8.0
2026-09-07 16:13:40,Salón - Extremo Civil,64.06,Mixed,39.99,68.45,Group 4 (Person),59.45,0.0,0.0,66.38,0.0,38.53,15.72,1.17,39.99,4.39,68.83,63.07,44.91,-97,12.5
2026-09-07 16:13:49,Salón - Extremo Eléctrica,52.62,Mixed,38.24,59.18,Group 2 (Impact),48.28,52.19,47.05,0.0,0.0,37.85,38.24,15.45,1.17,7.29,60.83,49.04,45.34,-93,10.8
2026-09-07 16:13:54,Salón - Uma Eléctrica,74.91,Group 1 (Common),92.93,77.47,Group 1 (Common),75.52,0.0,0.0,0.0,0.0,92.93,0.22,0.0,6.73,0.0,76.55,75.25,70.88,-117,-0.5
2026-09-07 16:14:04,Laboratorios Eléctrica Inferior,68.73,Group 1 (Common),99.44,70.56,Group 1 (Common),69.03,0.0,0.0,0.0,0.0,99.44,0.0,0.0,0.26,0.0,70.61,69.07,64.67,-108,8.2
2026-09-07 16:15:58,Laboratorios Civil Inferior,49.43,Mixed,59.94,51.34,Group 1 (Common),49.34,0.0,0.0,0.0,47.98,59.94,6.6,0.04,2.0,31.34,51.73,49.14,47.93,-119,-7.8
2026-09-07 16:18:05,Laboratorios Civil Central,63.79,Mixed,62.67,64.5,Group 5 (Vehicle),63.96,63.63,0.0,0.0,63.97,62.67,7.6,0.0,3.52,26.22,64.65,63.95,63.01,-117,0.8
2026-09-07 16:18:05,Lobby Eléctrica,62.03,Group 1 (Common),99.57,63.6,Group 1 (Common),62.37,0.0,0.0,0.0,0.0,99.57,0.0,0.09,0.04,0.0,63.66,61.48,60.19,-96,11.8
2026-09-07 16:18:11,Laboratorios Eléctrica Superior,60.55,Group 1 (Common),96.68,61.73,Group 1 (Common),60.66,0.0,0.0,0.0,0.0,96.68,0.15,2.98,0.15,0.15,61.81,61.08,57.36,-103,10.5
2026-09-07 16:18:14,Pasillo Decanato Civil,40.24,Silence,0.0,41.6,Silence,0.0,0.0,0.0,0.0,0.0,0.0,0.0,0.0,0.0,0.0,42.24,39.92,38.72,-101,10.8
2026-09-07 16:18:17,Lobby Civil,67.29,Group 1 (Common),79.86,68.87,Group 1 (Common),67.37,67.79,0.0,66.43,0.0,79.86,3.39,0.04,13.02,3.78,69.08,67.44,64.96,-109,11.2
2026-09-07 16:18:18,Pasillo Salones Eléctrica,56.17,Mixed,37.54,63.19,Group 5 (Vehicle),44.84,43.79,0.0,0.0,56.69,35.2,37.54,0.17,3.65,23.48,63.77,44.79,41.06,-107,9.5
2026-09-07 16:18:21,Laboratorios Eléctrica Centro,63.63,Mixed,66.15,66.08,Group 1 (Common),63.32,0.0,0.0,0.0,62.58,33.72,0.0,0.0,0.0,66.15,66.58,62.9,61.63,-101,11.8
2026-09-07 16:18:23,Pasillo Salones Civil,60.9,Group 1 (Common),99.05,62.33,Group 1 (Common),61.18,0.0,0.0,0.0,0.0,99.05,0.0,0.52,0.09,0.0,62.27,61.04,58.8,-93,14.0
2026-09-07 16:18:25,Pasillo Decanato Eléctrica,56.33,Group 1 (Common),99.51,57.05,Group 1 (Common),56.31,0.0,0.0,0.0,0.0,99.51,0.05,0.0,0.15,0.2,57.06,56.35,55.36,-107,9.8
2026-09-07 16:18:28,Laboratorios Civil Superior,50.87,Group 1 (Common),83.42,51.42,Group 1 (Common),50.86,0.0,0.0,0.0,0.0,83.42,0.13,0.0,0.13,16.32,51.56,50.82,50.42,-108,8.2
2026-09-07 16:18:32,Salón - Uma Civil,79.1,Mixed,54.34,82.18,Group 4 (Person),78.1,0.0,0.0,79.82,0.0,54.34,2.91,0.0,39.8,2.86,82.82,79.14,65.03,-114,4.5
2026-09-07 16:18:40,Salón - Extremo Civil,58.62,Mixed,44.97,65.14,Group 4 (Person),45.69,49.13,0.0,60.17,42.3,17.53,44.97,0.35,24.61,12.63,66.22,43.05,36.57,-115,6.8
2026-09-07 16:18:49,Salón - Extremo Eléctrica,37.47,Silence,0.0,43.24,Silence,0.0,0.0,0.0,0.0,0.0,0.0,0.0,0.0,0.0,0.0,44.08,33.7,30.16,-89,12.5
2026-09-07 16:18:54,Salón - Uma Eléctrica,41.48,Silence,0.0,53.82,Silence,0.0,0.0,0.0,0.0,0.0,0.0,0.0,0.0,0.0,0.0,44.41,40.73,38.18,-114,
2026-09-07 16:19:04,Laboratorios Eléctrica Inferior,70.9,Group 1 (Common),99.56,74.92,Group 1 (Common),70.15,0.0,0.0,0.0,0.0,99.56,0.0,0.1,0.15,0.0,75.77,68.47,66.63,-105,9.8
2026-09-07 16:20:58,Laboratorios Civil Inferior,49.42,Mixed,43.4,51.26,Group 1 (Common),50.0,49.26,0.0,0.0,48.84,43.4,17.01,0.13,1.82,37.5,49.99,49.41,48.66,-119,-2.2
2026-09-07 16:23:05,Laboratorios Civil Central,64.69,Group 1 (Common),89.11,65.17,Group 1 (Common),64.69,0.0,0.0,0.0,0.0,89.11,3.13,0.0,0.73,7.13,65.11,64.8,64.06,-107,7.0
2026-09-07 16:23:05,Lobby Eléctrica,64.42,Group 1 (Common),88.23,68.85,Group 4 (Person),64.48,0.0,0.0,68.44,0.0,88.23,1.27,0.44,9.13,0.68,67.64,63.75,58.15,-95,12.5
2026-09-07 16:23:11,Laboratorios Eléctrica Superior,66.06,Group 1 (Common),89.41,71.55,Group 1 (Common),63.13,0.0,0.0,62.29,0.0,89.41,0.0,0.0,7.99,2.47,73.13,62.32,60.04,-99,12.5
2026-09-07 16:23:14,Pasillo Decanato Civil,40.5,Silence,0.0,50.56,Silence,0.0,0.0,0.0,0.0,0.0,0.0,0.0,0.0,0.0,0.0,42.92,40.6,37.34,-109,10.0
2026-09-07 16:23:17,Lobby Civil,67.17,Group 1 (Common),99.61,68.15,Group 1 (Common),67.49,0.0,0.0,0.0,0.0,99.61,0.0,0.0,0.05,0.0,68.03,67.13,64.78,-106,11.8
2026-09-07 16:23:18,Pasillo Salones Eléctrica,51.24,Group 1 (Common),83.5,53.0,Group 1 (Common),51.08,0.0,0.0,0.0,0.0,83.5,6.01,6.49,3.27,0.68,53.22,50.52,48.43,-107,10.0
2026-09-07 16:23:21,Laboratorios Eléctrica Centro,64.46,Group 1 (Common),96.34,65.46,Group 1 (Common),64.37,0.0,0.0,0.0,0.0,96.34,0.0,0.29,0.2,3.17,65.6,64.34,63.07,-99,11.8
2026-09-07 16:23:23,Pasillo Salones Civil,58.03,Group 1 (Common),95.46,60.12,Group 1 (Common),57.77,0.0,0.0,0.0,0.0,95.46,1.86,0.34,0.83,1.71,61.79,56.89,55.1,-95,13.5
2026-09-07 16:23:25,Pasillo Decanato Eléctrica,61.64,Mixed,55.16,65.01,Group 5 (Vehicle),60.35,0.0,0.0,0.0,63.46,55.16,5.82,0.04,2.34,36.46,66.14,60.47,58.17,-113,8.5
2026-09-07 16:23:28,Laboratorios Civil Superior,55.39,Group 1 (Common),98.58,57.45,Group 1 (Common),55.37,0.0,0.0,0.0,0.0,98.58,0.63,0.34,0.05,0.39,57.94,54.46,52.54,-107,4.5
2026-09-07 16:23:32,Salón - Uma Civil,58.35,Mixed,61.24,62.41,Group 1 (Common),59.2,0.0,0.0,59.06,0.0,37.41,1.3,0.0,61.24,0.0,63.41,59.02,45.08,-114,5.2
2026-09-07 16:23:40,Salón - Extremo Civil,67.67,Mixed,65.32,73.0,Group 4 (Person),57.65,0.0,0.0,68.99,0.0,34.38,0.04,0.0,65.32,0.0,74.36,61.73,42.64,-102,7.8
2026-09-07 16:23:49,Salón - Extremo Eléctrica,60.51,Mixed,44.1,66.33,Group 1 (Common),62.49,41.8,0.0,61.59,0.0,43.53,7.81,0.0,44.1,4.43,66.96,56.43,39.49,-91,13.8
2026-09-07 16:23:54,Salón - Uma Eléctrica,66.39,Group 4 (Person),91.54,70.12,Group 4 (Person),63.33,0.0,0.0,66.41,0.0,8.12,0.0,0.0,91.54,0.0,71.11,64.7,63.27,-108,8.2
2026-09-07 16:24:04,Laboratorios Eléctrica Inferior,68.07,Mixed,45.27,69.88,Group 4 (Person),66.98,0.0,0.0,69.31,69.19,44.1,0.09,0.0,45.27,10.37,70.27,67.86,65.54,-106,3.2
2026-09-07 16:25:58,Laboratorios Civil Inferior,51.48,Mixed,53.69,52.7,Group 1 (Common),51.97,0.0,0.0,0.0,50.99,53.69,0.65,0.56,0.26,44.66,52.67,51.32,49.72,-119,-3.0
2026-09-07 16:28:05,Laboratorios Civil Central,63.66,Mixed,59.62,64.12,Group 1 (Common),63.75,0.0,0.0,0.0,63.54,59.62,1.03,0.0,1.86,37.4,64.39,63.52,62.9,-103,9.5
2026-09-07 16:28:05,Lobby Eléctrica,67.49,Group 1 (Common),94.87,68.88,Group 1 (Common),67.82,0.0,0.0,0.0,0.0,94.87,0.0,0.49,4.49,0.05,69.18,67.17,65.3,-117,-6.8
2026-09-07 16:28:11,Laboratorios Eléctrica Superior,59.99,Group 1 (Common),99.61,62.83,Group 1 (Common),60.27,0.0,0.0,0.0,0.0,99.61,0.0,0.0,0.0,0.0,63.81,59.08,55.76,-97,11.2
2026-09-07 16:28:14,Pasillo Decanato Civil,44.89,Silence,0.0,46.99,Silence,0.0,0.0,0.0,0.0,0.0,0.0,0.0,0.0,0.0,0.0,47.85,45.49,40.05,-109,8.5
2026-09-07 16:28:17,Lobby Civil,59.9,Group 1 (Common),92.24,63.25,Group 1 (Common),61.04,0.0,0.0,0.0,0.0,92.24,2.88,0.05,4.39,0.59,61.59,59.23,56.79,-99,12.2
2026-09-07 16:28:18,Pasillo Salones Eléctrica,60.28,Mixed,49.17,64.45,Group 4 (Person),53.27,54.83,0.0,63.91,0.0,49.17,23.1,1.71,25.98,0.0,64.74,53.9,51.93,-105,9.2
2026-09-07 16:28:21,Laboratorios Eléctrica Centro,67.29,Group 1 (Common),94.05,69.48,Group 1 (Common),67.03,0.0,0.0,0.0,0.0,94.05,0.0,0.04,0.09,5.56,69.65,66.95,62.66,-99,9.5
2026-09-07 16:28:23,Pasillo Salones Civil,52.41,Group 1 (Common),99.22,56.39,Group 1 (Common),53.75,0.0,0.0,0.0,0.0,99.22,0.39,0.0,0.24,0.05,54.66,51.64,50.92,-90,11.5
2026-09-07 16:28:25,Pasillo Decanato Eléctrica,57.08,Group 1 (Common),92.36,57.5,Group 1 (Common),56.99,0.0,0.0,0.0,0.0,92.36,0.22,0.0,0.04,7.16,57.48,57.08,56.62,-118,-5.2
2026-09-07 16:28:28,Laboratorios Civil Superior,54.48,Mixed,43.65,59.28,Group 1 (Common),57.68,52.28,0.0,0.0,55.15,30.71,23.73,0.2,1.66,43.65,58.17,52.9,51.82,-111,7.8
2026-09-07 16:28:32,Salón - Uma Civil,43.05,Silence,0.0,47.03,Silence,0.0,0.0,0.0,0.0,0.0,0.0,0.0,0.0,0.0,0.0,46.57,43.35,37.44,-117,2.5
2026-09-07 16:28:40,Salón - Extremo Civil,36.78,Silence,0.0,38.16,Silence,0.0,0.0,0.0,0.0,0.0,0.0,0.0,0.0,0.0,0.0,37.89,36.47,34.92,-101,12.8
2026-09-07 16:28:49,Salón - Extremo Eléctrica,62.4,Mixed,46.05,66.6,Group 1 (Common),63.87,61.38,0.0,61.84,57.27,12.5,19.44,1.95,46.05,19.97,67.98,59.99,52.43,-93,13.0
2026-09-07 16:28:54,Salón - Uma Eléctrica,70.6,Group 4 (Person),75.43,74.78,Group 4 (Person),72.42,59.47,0.0,69.61,0.0,14.54,4.77,0.26,75.43,4.77,75.43,66.59,52.22,-111,-1.5
2026-09-07 16:29:04,Laboratorios Eléctrica Inferior,63.66,Mixed,66.23,67.0,Group 4 (Person),63.23,0.0,0.0,65.88,0.0,66.23,1.3,0.0,31.03,1.39,66.82,62.56,59.8,-119,-7.0
2026-09-07 16:30:58,Laboratorios Civil Inferior,58.17,Mixed,59.2,61.74,Group 3 (Rotary Tool),52.09,55.26,61.03,0.0,57.52,12.54,19.05,5.3,3.86,59.2,62.53,57.4,49.19,-120,-7.5
2026-09-07 16:33:05,Laboratorios Civil Central,64.17,Group 1 (Common),70.31,64.81,Group 2 (Impact),64.22,64.51,0.0,0.0,0.0,70.31,11.2,0.0,3.26,15.19,64.93,64.28,63.39,-105,11.5
2026-09-07 16:33:06,Lobby Eléctrica,56.78,Group 1 (Common),80.77,59.07,Group 1 (Common),57.41,0.0,56.72,0.0,0.0,80.77,0.09,18.79,0.04,0.09,58.31,56.7,55.31,-97,13.0
2026-09-07 16:33:11,Laboratorios Eléctrica Superior,55.69,Group 1 (Common),84.11,60.4,Group 1 (Common),57.33,0.0,0.0,0.0,48.59,84.11,0.0,0.09,0.13,15.54,60.63,50.85,47.47,-99,12.5
2026-09-07 16:33:14,Pasillo Decanato Civil,48.97,Mixed,42.93,58.53,Group 4 (Person),48.53,49.59,0.0,54.94,0.0,42.93,14.11,0.0,42.93,0.0,50.96,48.74,45.84,-107,10.8
2026-09-07 16:33:17,Lobby Civil,63.96,Group 1 (Common),84.33,65.45,Group 1 (Common),63.92,0.0,0.0,0.0,62.65,84.33,3.39,0.0,2.04,10.16,66.16,63.79,62.0,-103,9.5
2026-09-07 16:33:18,Pasillo Salones Eléctrica,52.42,Group 1 (Common),81.25,56.31,Group 1 (Common),52.07,0.0,0.0,0.0,0.0,81.25,5.12,6.94,0.52,6.08,56.79,53.14,44.08,-99,11.5
2026-09-07 16:33:21,Laboratorios Eléctrica Centro,61.72,Group 5 (Vehicle),85.03,62.22,Group 5 (Vehicle),61.97,0.0,0.0,0.0,61.72,14.89,0.0,0.0,0.0,85.03,62.63,61.84,60.92,-101,12.8
2026-09-07 16:33:23,Pasillo Salones Civil,56.12,Group 1 (Common),76.87,58.47,Group 1 (Common),54.59,0.0,0.0,0.0,57.41,76.87,1.3,0.0,1.74,20.18,59.22,56.28,50.32,-105,9.5
2026-09-07 16:33:25,Pasillo Decanato Eléctrica,56.99,Group 1 (Common),99.61,58.17,Group 1 (Common),57.09,0.0,0.0,0.0,0.0,99.61,0.0,0.0,0.09,0.13,58.74,56.64,55.93,-105,10.0
2026-09-07 16:33:28,Laboratorios Civil Superior,66.67,Group 4 (Person),87.37,70.83,Group 4 (Person),62.3,0.0,0.0,67.3,0.0,11.94,0.43,0.0,87.37,0.0,71.71,65.82,61.36,-113,6.5
2026-09-07 16:33:32,Salón - Uma Civil,44.24,Silence,0.0,47.61,Silence,0.0,0.0,0.0,0.0,0.0,0.0,0.0,0.0,0.0,0.0,46.15,43.76,40.54,-108,9.2
2026-09-07 16:33:40,Salón - Extremo Civil,36.34,Silence,0.0,37.82,Silence,0.0,0.0,0.0,0.0,0.0,0.0,0.0,0.0,0.0,0.0,37.62,36.52,33.53,-89,12.8
2026-09-07 16:33:49,Salón - Extremo Eléctrica,65.02,Mixed,62.15,70.55,Group 4 (Person),45.63,41.31,0.0,65.96,68.51,15.54,12.89,0.0,62.15,9.33,71.77,57.81,40.16,-93,12.5
2026-09-07 16:33:54,Salón - Uma Eléctrica,47.76,Mixed,61.76,50.2,Group 1 (Common),47.97,47.1,0.0,0.0,0.0,32.9,61.76,1.0,4.08,0.3,49.92,47.8,45.05,-111,6.2
2026-09-07 16:34:05,Laboratorios Eléctrica Inferior,66.3,Group 1 (Common),84.72,71.73,Group 1 (Common),63.61,61.66,0.0,0.0,0.0,84.72,7.81,0.0,4.64,2.73,72.83,60.37,55.89,-120,-5.0
2026-09-07 16:35:58,Laboratorios Civil Inferior,52.65,Mixed,57.13,54.17,Group 1 (Common),52.26,0.0,0.0,0.0,52.09,57.13,4.0,0.05,0.49,38.23,54.19,52.23,51.7,-113,-2.0
2026-09-07 16:38:05,Laboratorios Civil Central,63.99,Group 1 (Common),76.13,64.58,Group 1 (Common),64.05,0.0,0.0,0.0,0.0,76.13,2.3,0.0,1.78,19.79,64.5,63.82,63.5,-99,11.0
2026-09-07 16:38:06,Lobby Eléctrica,67.63,Group 1 (Common),88.63,71.76,Group 1 (Common),67.4,0.0,0.0,0.0,0.0,88.63,0.13,3.26,4.86,2.99,71.84,64.83,58.62,-109,9.2
2026-09-07 16:38:11,Laboratorios Eléctrica Superior,55.15,Group 1 (Common),75.0,59.13,Group 1 (Common),56.66,0.0,0.0,0.0,50.12,75.0,0.3,0.0,3.3,21.4,59.75,55.25,47.61,-107,9.5
2026-09-07 16:38:14,Pasillo Decanato Civil,56.21,Group 4 (Person),77.65,61.22,Group 4 (Person),48.21,0.0,0.0,56.41,0.0,16.54,4.08,1.0,77.65,0.48,62.61,54.99,46.51,-107,10.2
2026-09-07 16:38:17,Lobby Civil,58.91,Group 1 (Common),97.61,60.95,Group 1 (Common),58.89,0.0,0.0,0.0,0.0,97.61,0.04,0.0,0.35,1.95,61.19,58.11,57.28,-95,11.2
2026-09-07 16:38:18,Pasillo Salones Eléctrica,58.69,Group 1 (Common),89.06,62.14,Group 1 (Common),57.98,0.0,0.0,0.0,0.0,89.06,3.17,0.04,7.77,0.0,63.27,57.85,54.08,-103,5.5
2026-09-07 16:38:21,Laboratorios Eléctrica Centro,61.56,Group 5 (Vehicle),97.18,62.57,Group 5 (Vehicle),0.0,0.0,0.0,0.0,61.59,2.73,0.0,0.0,0.0,97.18,62.32,61.55,61.05,-111,4.0
2026-09-07 16:38:23,Pasillo Salones Civil,54.13,Group 1 (Common),87.72,56.85,Group 1 (Common),54.25,0.0,0.0,0.0,0.0,87.72,0.56,2.95,0.82,7.86,58.13,53.27,51.0,-102,10.5
2026-09-07 16:38:25,Pasillo Decanato Eléctrica,56.54,Group 1 (Common),98.91,57.05,Group 1 (Common),56.47,0.0,0.0,0.0,0.0,98.91,0.3,0.0,0.13,0.65,57.1,56.41,55.86,-119,-7.5
2026-09-07 16:38:28,Laboratorios Civil Superior,51.73,Group 1 (Common),85.98,53.06,Group 1 (Common),51.54,0.0,0.0,0.0,0.0,85.98,0.26,0.0,0.04,13.72,53.02,51.65,50.61,-101,10.5
2026-09-07 16:38:32,Salón - Uma Civil,61.14,Group 4 (Person),98.57,65.22,Group 4 (Person),0.0,0.0,0.0,61.63,0.0,0.61,0.0,0.0,98.57,0.52,65.25,59.2,50.75,-116,-11.5
2026-09-07 16:38:40,Salón - Extremo Civil,69.17,Mixed,35.68,71.53,Group 2 (Impact),68.08,70.55,0.0,68.59,69.63,35.68,19.92,1.22,31.81,11.37,71.94,69.57,64.21,-90,12.2
2026-09-07 16:38:49,Salón - Extremo Eléctrica,61.1,Group 4 (Person),89.06,63.45,Group 4 (Person),61.27,0.0,0.0,60.52,0.0,10.55,0.0,0.0,89.06,0.0,64.44,61.41,53.47,-93,13.2
2026-09-07 16:38:54,Salón - Uma Eléctrica,62.01,Mixed,55.51,66.63,Group 4 (Person),48.06,43.6,49.51,62.01,0.0,20.18,15.15,7.99,55.51,0.95,67.15,62.56,48.56,-115,-1.5
2026-09-07 16:39:04,Laboratorios Eléctrica Inferior,60.62,Mixed,56.73,62.63,Group 1 (Common),61.48,60.32,0.0,0.0,59.77,23.31,12.63,0.56,6.9,56.73,62.75,60.86,57.57,-117,1.5
2026-09-07 16:40:58,Laboratorios Civil Inferior,49.1,Mixed,50.26,50.23,Group 1 (Common),49.11,0.0,0.0,0.0,48.9,50.26,13.93,0.09,2.65,32.94,50.9,48.74,48.28,-115,
2026-09-07 16:43:05,Laboratorios Civil Central,64.01,Mixed,55.95,64.73,Group 1 (Common),64.23,63.9,0.0,0.0,63.98,55.95,18.19,0.13,3.99,21.74,64.34,64.08,63.6,-99,11.0
2026-09-07 16:43:12,Lobby Eléctrica,58.34,Group 1 (Common),83.12,61.9,Group 1 (Common),59.24,0.0,57.64,0.0,0.0,83.12,2.56,11.15,2.52,0.56,59.75,58.33,56.93,-95,9.5
2026-09-07 16:43:12,Laboratorios Eléctrica Superior,52.19,Group 1 (Common),97.7,54.82,Group 1 (Common),51.36,0.0,0.0,0.0,0.0,97.7,1.69,0.0,0.22,0.43,55.58,51.77,49.89,-101,6.2
2026-09-07 16:43:14,Pasillo Decanato Civil,55.34,Mixed,40.02,62.17,Group 4 (Person),49.13,40.93,0.0,60.82,0.0,40.02,30.99,3.3,10.33,15.36,63.22,51.84,38.85,-100,11.2
2026-09-07 16:43:17,Lobby Civil,54.85,Group 1 (Common),95.31,55.85,Group 1 (Common),54.93,0.0,0.0,0.0,0.0,95.31,0.26,0.0,0.13,4.25,55.91,54.8,53.29,-105,9.8
2026-09-07 16:43:18,Pasillo Salones Eléctrica,62.06,Group 1 (Common),99.61,64.87,Group 1 (Common),62.35,0.0,0.0,0.0,0.0,99.61,0.0,0.0,0.0,0.0,65.22,62.06,56.13,-107,10.8
2026-09-07 16:43:21,Laboratorios Eléctrica Centro,61.65,Group 5 (Vehicle),71.05,62.55,Group 1 (Common),62.24,0.0,0.0,0.0,61.59,28.86,0.0,0.0,0.0,71.05,62.05,61.44,61.25,-109,10.2
2026-09-07 16:43:23,Pasillo Salones Civil,54.21,Group 1 (Common),99.0,55.58,Group 1 (Common),54.07,0.0,0.0,0.0,0.0,99.0,0.04,0.09,0.0,0.52,55.54,53.93,52.03,-105,10.2
2026-09-07 16:43:25,Pasillo Decanato Eléctrica,56.09,Group 1 (Common),98.74,57.04,Group 1 (Common),56.14,0.0,0.0,0.0,0.0,98.74,0.13,0.0,0.13,0.87,56.98,55.95,55.3,-117,1.2
2026-09-07 16:43:28,Laboratorios Civil Superior,52.01,Group 1 (Common),95.44,53.86,Group 1 (Common),51.46,0.0,0.0,0.0,0.0,95.44,0.3,0.0,0.04,4.21,53.84,51.04,49.94,-109,6.5
2026-09-07 16:43:32,Salón - Uma Civil,62.59,Mixed,69.4,66.75,Group 4 (Person),0.0,55.84,0.0,63.86,47.08,3.17,16.45,0.0,69.4,10.81,67.7,58.43,41.15,-109,9.2
2026-09-07 16:43:40,Salón - Extremo Civil,63.9,Group 1 (Common),88.15,69.35,Group 1 (Common),64.39,0.0,0.0,0.0,0.0,88.15,0.04,0.0,11.81,0.0,70.9,57.74,51.62,-90,12.8
2026-09-07 16:43:50,Salón - Extremo Eléctrica,68.33,Group 4 (Person),86.98,70.87,Group 4 (Person),66.09,0.0,0.0,68.63,0.0,12.8,0.0,0.0,86.98,0.0,71.3,68.58,56.78,-97,12.8
2026-09-07 16:43:54,Salón - Uma Eléctrica,41.34,Silence,0.0,45.87,Silence,0.0,0.0,0.0,0.0,0.0,0.0,0.0,0.0,0.0,0.0,47.03,40.1,37.14,-115,1.0
2026-09-07 16:44:05,Laboratorios Eléctrica Inferior,56.43,Group 5 (Vehicle),97.83,60.3,Group 5 (Vehicle),0.0,0.0,0.0,0.0,57.07,0.09,0.48,0.04,1.43,97.83,60.94,55.15,53.2,-115,7.2
2026-09-07 16:45:58,Laboratorios Civil Inferior,51.94,Mixed,45.27,54.12,Group 2 (Impact),0.0,52.62,0.0,0.0,52.23,7.42,42.1,2.34,2.78,45.27,55.09,51.49,49.17,-120,-5.2
2026-09-07 16:48:05,Laboratorios Civil Central,63.7,Mixed,62.11,64.35,Group 1 (Common),63.85,0.0,0.0,0.0,63.62,62.11,5.82,0.0,1.39,30.77,64.32,63.72,63.34,-103,11.8
2026-09-07 16:48:06,Lobby Eléctrica,63.93,Group 1 (Common),97.79,66.59,Group 1 (Common),64.1,0.0,0.0,0.0,0.0,97.79,0.0,0.0,2.04,0.0,66.75,63.05,59.06,-107,8.0
2026-09-07 16:48:12,Laboratorios Eléctrica Superior,58.14,Group 1 (Common),84.29,61.21,Group 1 (Common),58.44,0.0,0.0,59.75,0.0,84.29,1.35,0.04,14.24,0.0,61.13,57.31,52.94,-101,12.8
2026-09-07 16:48:14,Pasillo Decanato Civil,49.59,Mixed,67.24,60.91,Group 4 (Person),50.15,0.0,0.0,61.35,0.0,67.24,5.42,2.39,19.92,5.03,52.89,49.28,45.79,-105,4.2
2026-09-07 16:48:25,Lobby Civil,59.14,Group 1 (Common),81.55,62.44,Group 1 (Common),60.38,0.0,0.0,0.0,58.33,81.55,2.26,0.04,3.17,13.02,61.61,58.86,56.85,-101,10.8
2026-09-07 16:48:25,Pasillo Salones Eléctrica,64.43,Group 1 (Common),77.65,66.49,Group 1 (Common),64.66,0.0,0.0,63.4,0.0,77.65,0.0,0.0,22.22,0.0,67.3,63.98,62.86,-105,-0.2
2026-09-07 16:48:25,Laboratorios Eléctrica Centro,61.34,Group 5 (Vehicle),99.26,63.43,Group 5 (Vehicle),0.0,0.0,0.0,0.0,61.68,0.52,0.0,0.0,0.0,99.26,61.92,61.29,60.85,-102,12.2
2026-09-07 16:48:25,Pasillo Salones Civil,67.24,Group 4 (Person),80.56,69.35,Group 1 (Common),67.19,0.0,0.0,66.13,0.0,15.8,0.0,0.0,80.56,3.47,69.83,67.98,62.8,-91,10.2
2026-09-07 16:48:25,Pasillo Decanato Eléctrica,56.63,Group 1 (Common),99.39,57.39,Group 1 (Common),56.6,0.0,0.0,0.0,0.0,99.39,0.22,0.0,0.17,0.22,57.5,56.58,55.75,-107,10.0
2026-09-07 16:48:28,Laboratorios Civil Superior,56.98,Group 1 (Common),92.66,61.8,Group 1 (Common),56.02,0.0,0.0,0.0,0.0,92.66,0.22,0.3,0.22,6.6,62.8,55.3,51.48,-120,-1.2
2026-09-07 16:48:32,Salón - Uma Civil,60.27,Mixed,67.97,65.45,Group 4 (Person),0.0,50.39,0.0,62.54,52.26,2.99,7.25,0.17,67.97,21.53,65.31,58.45,47.09,-115,2.2
2026-09-07 16:48:40,Salón - Extremo Civil,68.78,Mixed,50.48,70.9,Group 4 (Person),67.49,0.0,0.0,69.27,0.0,48.13,1.3,0.0,50.48,0.0,71.93,67.71,65.34,-91,12.8
2026-09-07 16:48:49,Salón - Extremo Eléctrica,64.37,Mixed,48.22,69.67,Group 1 (Common),65.69,0.0,68.31,60.98,0.0,48.22,4.6,9.2,36.5,1.43,69.46,64.06,45.85,-85,10.0
2026-09-07 16:48:54,Salón - Uma Eléctrica,65.62,Mixed,38.24,70.22,Group 4 (Person),64.53,51.9,0.0,68.07,0.0,28.95,29.43,0.17,38.24,3.17,71.05,65.23,39.76,-114,2.0
2026-09-07 16:49:05,Laboratorios Eléctrica Inferior,55.59,Mixed,47.48,56.41,Group 1 (Common),55.93,55.27,0.0,0.0,55.44,40.06,8.42,0.48,3.39,47.48,56.7,55.64,54.48,-119,-2.8
2026-09-07 16:50:58,Laboratorios Civil Inferior,49.23,Mixed,48.18,49.91,Group 1 (Common),49.14,49.35,0.0,0.0,0.0,48.18,30.03,0.04,2.6,19.1,49.79,49.48,48.19,-114,-2.0
2026-09-07 16:53:05,Laboratorios Civil Central,64.17,Mixed,59.03,64.62,Group 1 (Common),64.14,0.0,0.0,0.0,64.13,59.03,3.17,0.0,2.04,35.72,64.62,64.1,63.88,-102,11.8
2026-09-07 16:53:06,Lobby Eléctrica,63.57,Group 1 (Common),99.57,67.27,Group 1 (Common),64.04,0.0,0.0,0.0,0.0,99.57,0.0,0.0,0.09,0.0,66.5,62.31,59.17,-99,9.5
2026-09-07 16:53:12,Laboratorios Eléctrica Superior,67.21,Mixed,69.05,69.53,Group 1 (Common),66.27,0.0,0.0,67.3,0.0,69.05,0.0,0.0,30.9,0.0,70.51,66.34,63.32,-101,11.5
2026-09-07 16:53:14,Pasillo Decanato Civil,50.45,Mixed,38.48,54.39,Group 4 (Person),39.91,43.55,0.0,52.75,44.99,14.11,23.39,5.08,38.48,18.8,56.33,43.56,38.76,-105,11.0
2026-09-07 16:53:17,Lobby Civil,58.94,Group 1 (Common),95.01,60.06,Group 1 (Common),58.96,0.0,0.0,0.0,0.0,95.01,0.04,0.13,0.35,4.47,60.76,58.65,57.36,-103,11.0
2026-09-07 16:53:18,Pasillo Salones Eléctrica,66.01,Group 1 (Common),99.57,67.66,Group 1 (Common),66.09,0.0,0.0,0.0,0.0,99.57,0.0,0.0,0.13,0.0,67.65,65.63,63.55,-107,9.2
2026-09-07 16:53:21,Laboratorios Eléctrica Centro,62.04,Group 5 (Vehicle),78.34,62.5,Group 1 (Common),62.29,0.0,0.0,0.0,61.97,21.66,0.0,0.0,0.0,78.34,62.43,62.08,61.72,-99,11.5
2026-09-07 16:53:23,Pasillo Salones Civil,59.68,Mixed,66.1,62.27,Group 4 (Person),58.36,0.0,0.0,60.42,0.0,66.1,4.3,0.0,29.51,0.0,61.74,59.54,56.73,-111,9.8
2026-09-07 16:53:25,Pasillo Decanato Eléctrica,56.17,Group 1 (Common),99.44,56.94,Group 1 (Common),56.26,0.0,0.0,0.0,0.0,99.44,0.26,0.0,0.04,0.17,56.88,56.08,55.55,-108,9.0
2026-09-07 16:53:34,Laboratorios Civil Superior,52.0,Mixed,67.88,52.87,Group 5 (Vehicle),51.99,0.0,0.0,0.0,52.19,67.88,0.13,0.0,0.43,31.55,52.92,51.79,51.16,-107,8.2
2026-09-07 16:53:34,Salón - Uma Civil,56.94,Mixed,48.24,64.76,Group 4 (Person),56.53,0.0,0.0,61.98,0.0,38.82,2.05,0.0,48.24,10.79,64.76,51.7,45.22,-120,-2.5
2026-09-07 16:53:40,Salón - Extremo Civil,63.09,Mixed,46.96,69.97,Group 4 (Person),60.46,65.18,0.0,66.72,0.0,43.58,9.29,0.0,46.96,0.0,67.4,61.5,49.35,-90,9.5
2026-09-07 16:53:50,Salón - Extremo Eléctrica,70.02,Group 1 (Common),79.73,71.81,Group 1 (Common),69.97,0.0,0.0,69.83,0.0,79.73,5.99,0.0,14.19,0.0,72.53,69.97,66.08,-96,11.5
2026-09-07 16:53:54,Salón - Uma Eléctrica,48.39,Mixed,52.73,50.85,Group 3 (Rotary Tool),47.99,0.0,49.18,0.0,0.0,52.73,13.32,32.03,1.65,0.09,52.25,48.12,45.95,-109,8.8
2026-09-07 16:54:05,Laboratorios Eléctrica Inferior,60.38,Group 1 (Common),74.18,63.59,Group 5 (Vehicle),59.42,0.0,0.0,0.0,63.01,74.18,0.82,0.0,1.61,23.39,64.04,58.8,55.83,-120,-5.0
2026-09-07 16:55:58,Laboratorios Civil Inferior,47.85,Mixed,69.92,49.13,Group 2 (Impact),48.11,48.98,0.0,0.0,0.0,69.92,17.8,0.0,1.74,10.63,48.72,47.87,46.85,-117,-3.2
2026-09-07 16:58:05,Laboratorios Civil Central,64.16,Mixed,66.58,64.63,Group 1 (Common),64.05,0.0,0.0,0.0,0.0,66.58,3.3,0.0,2.13,27.86,64.95,64.03,63.68,-115,2.2
2026-09-07 16:58:06,Lobby Eléctrica,71.81,Group 1 (Common),99.61,73.39,Group 1 (Common),71.79,0.0,0.0,0.0,0.0,99.61,0.0,0.0,0.0,0.0,74.03,71.47,69.81,-99,12.5
2026-09-07 16:58:12,Laboratorios Eléctrica Superior,55.76,Mixed,51.35,59.0,Group 1 (Common),56.82,53.37,0.0,0.0,56.26,51.35,5.38,0.0,7.6,35.55,60.08,54.95,51.9,-102,11.0
2026-09-07 16:58:14,Pasillo Decanato Civil,50.32,Mixed,40.1,58.13,Group 3 (Rotary Tool),47.04,0.0,48.85,0.0,47.31,40.1,1.87,37.54,0.39,20.01,59.3,47.31,37.9,-105,10.5
2026-09-07 16:58:18,Lobby Civil,63.24,Group 1 (Common),99.61,66.17,Group 1 (Common),63.68,0.0,0.0,0.0,0.0,99.61,0.0,0.0,0.09,0.0,65.52,63.77,57.48,-111,4.0
2026-09-07 16:58:18,Pasillo Salones Eléctrica,67.18,Group 1 (Common),99.52,69.44,Group 1 (Common),67.62,0.0,0.0,0.0,0.0,99.52,0.17,0.0,0.13,0.04,69.6,66.88,61.81,-103,8.8
2026-09-07 16:58:21,Laboratorios Eléctrica Centro,62.69,Mixed,68.62,64.49,Group 1 (Common),62.83,0.0,0.0,0.0,62.22,31.34,0.0,0.0,0.0,68.62,65.73,61.87,61.36,-105,11.2
2026-09-07 16:58:23,Pasillo Salones Civil,55.35,Group 1 (Common),99.61,58.65,Group 1 (Common),56.5,0.0,0.0,0.0,0.0,99.61,0.0,0.0,0.04,0.0,58.77,55.05,50.53,-95,9.5
2026-09-07 16:58:25,Pasillo Decanato Eléctrica,56.85,Group 1 (Common),98.88,57.34,Group 1 (Common),56.8,0.0,0.0,0.0,0.0,98.88,0.1,0.0,0.1,0.68,57.22,56.87,56.37,-118,-8.5
2026-09-07 16:58:28,Laboratorios Civil Superior,56.34,Group 1 (Common),86.02,58.51,Group 3 (Rotary Tool),55.92,0.0,58.28,0.0,0.0,86.02,0.13,11.81,0.0,1.82,58.9,56.48,53.55,-103,10.8
2026-09-07 16:58:32,Salón - Uma Civil,38.62,Silence,0.0,39.78,Silence,0.0,0.0,0.0,0.0,0.0,0.0,0.0,0.0,0.0,0.0,39.81,38.7,37.16,-105,11.0
2026-09-07 16:58:40,Salón - Extremo Civil,54.17,Mixed,41.36,58.5,Group 1 (Common),54.13,0.0,0.0,56.41,50.7,41.02,4.1,4.39,9.18,41.36,59.01,50.58,47.48,-111,12.5
2026-09-07 16:58:50,Salón - Extremo Eléctrica,56.02,Mixed,40.23,61.41,Group 4 (Person),55.24,0.0,0.0,60.12,52.55,40.23,0.0,0.0,37.55,22.12,61.42,52.91,49.86,-85,13.2
2026-09-07 16:58:54,Salón - Uma Eléctrica,66.47,Group 4 (Person),74.37,70.06,Group 1 (Common),69.97,0.0,0.0,64.13,0.0,20.36,4.98,0.15,74.37,0.0,70.93,65.31,44.39,-119,-4.0
2026-09-07 16:59:05,Laboratorios Eléctrica Inferior,56.84,Mixed,63.72,59.64,Group 1 (Common),57.68,0.0,0.0,0.0,56.44,63.72,0.48,0.04,0.48,35.29,59.72,56.62,53.32,-109,9.5
2026-09-07 17:00:58,Laboratorios Civil Inferior,49.53,Group 1 (Common),72.14,52.24,Group 1 (Common),50.21,0.0,0.0,0.0,0.0,72.14,6.16,0.0,1.26,20.31,51.84,49.14,47.87,-119,-7.2
2026-09-07 17:03:05,Laboratorios Civil Central,68.78,Group 1 (Common),88.04,70.75,Group 1 (Common),67.94,0.0,0.0,0.0,0.0,88.04,4.0,0.0,5.52,2.59,71.28,68.22,64.27,-101,11.2
2026-09-07 17:03:06,Lobby Eléctrica,74.31,Group 1 (Common),99.61,76.51,Group 1 (Common),73.63,0.0,0.0,0.0,0.0,99.61,0.0,0.0,0.09,0.0,76.91,73.92,70.28,-91,12.8
2026-09-07 17:03:12,Laboratorios Eléctrica Superior,59.88,Group 1 (Common),98.78,61.17,Group 1 (Common),59.75,0.0,0.0,0.0,0.0,98.78,0.0,0.0,0.98,0.0,61.57,59.73,58.4,-99,12.8
2026-09-07 17:03:14,Pasillo Decanato Civil,55.66,Mixed,53.95,59.44,Group 2 (Impact),55.75,54.91,0.0,56.0,0.0,53.95,27.91,0.0,17.97,0.04,60.25,56.47,46.4,-115,1.8
2026-09-07 17:03:18,Lobby Civil,69.52,Group 1 (Common),86.63,73.59,Group 1 (Common),68.34,0.0,0.0,0.0,67.56,86.63,0.0,0.0,0.87,12.41,74.58,68.21,61.8,-95,11.8
2026-09-07 17:03:18,Pasillo Salones Eléctrica,46.42,Mixed,65.71,52.9,Group 2 (Impact),0.0,44.81,0.0,0.0,42.78,4.56,27.21,1.95,0.56,65.71,53.48,42.24,41.35,-96,12.0
2026-09-07 17:03:21,Laboratorios Eléctrica Centro,62.92,Group 1 (Common),79.15,63.51,Group 1 (Common),62.85,0.0,0.0,0.0,62.89,79.15,0.0,0.1,0.05,20.7,63.78,62.71,62.08,-99,5.5
2026-09-07 17:03:23,Pasillo Salones Civil,57.12,Group 1 (Common),99.32,60.8,Group 1 (Common),57.74,0.0,0.0,0.0,0.0,99.32,0.1,0.34,0.0,0.1,61.26,53.9,51.75,-101,12.2
2026-09-07 17:03:25,Pasillo Decanato Eléctrica,57.37,Group 1 (Common),99.09,58.97,Group 1 (Common),57.56,0.0,0.0,0.0,0.0,99.09,0.09,0.0,0.04,0.52,58.66,57.4,55.49,-107,7.2
2026-09-07 17:03:28,Laboratorios Civil Superior,52.72,Group 1 (Common),83.72,53.63,Group 1 (Common),52.62,0.0,0.0,0.0,0.0,83.72,3.47,0.0,0.39,12.15,53.56,52.74,51.88,-113,8.2
2026-09-07 17:03:32,Salón - Uma Civil,66.56,Group 4 (Person),89.84,69.07,Group 4 (Person),0.0,49.03,0.0,67.41,0.0,0.48,9.33,0.0,89.84,0.0,69.74,67.54,47.07,-114,-9.0
2026-09-07 17:03:40,Salón - Extremo Civil,58.4,Mixed,63.8,60.83,Group 4 (Person),58.16,0.0,0.0,59.13,0.0,35.89,0.22,0.0,63.8,0.0,61.63,58.77,52.95,-95,12.0
2026-09-07 17:03:56,Salón - Extremo Eléctrica,48.15,Mixed,54.82,53.49,Group 5 (Vehicle),0.0,46.02,0.0,0.0,50.16,0.04,54.82,1.78,0.04,43.19,55.04,44.53,39.52,-85,13.8
2026-09-07 17:03:56,Salón - Uma Eléctrica,58.31,Mixed,47.66,69.26,Group 4 (Person),61.17,49.49,0.0,68.01,50.82,47.66,6.51,0.0,35.37,10.5,64.22,51.94,38.49,-113,1.5
2026-09-07 17:04:05,Laboratorios Eléctrica Inferior,59.91,Mixed,63.5,63.17,Group 1 (Common),59.23,0.0,0.0,0.0,58.89,63.5,0.0,0.0,0.43,35.94,64.32,58.85,58.1,-107,-3.8
2026-09-07 17:05:58,Laboratorios Civil Inferior,55.19,Group 1 (Common),92.58,61.35,Group 1 (Common),52.43,0.0,0.0,0.0,0.0,92.58,2.52,0.09,0.56,4.3,61.87,50.96,48.18,-120,-5.8
2026-09-07 17:08:05,Laboratorios Civil Central,64.1,Group 1 (Common),76.51,64.5,Group 1 (Common),64.01,0.0,0.0,0.0,0.0,76.51,1.12,0.0,0.44,21.83,64.59,63.99,63.92,-102,12.2
2026-09-07 17:08:06,Lobby Eléctrica,65.0,Group 1 (Common),86.46,69.25,Group 4 (Person),63.2,0.0,0.0,68.14,0.0,86.46,0.0,0.09,13.37,0.0,69.85,63.73,57.41,-95,12.5
2026-09-07 17:08:12,Laboratorios Eléctrica Superior,61.47,Group 1 (Common),99.51,64.5,Group 1 (Common),62.06,0.0,0.0,0.0,0.0,99.51,0.0,0.0,0.24,0.0,64.62,60.69,58.68,-103,12.5
2026-09-07 17:08:14,Pasillo Decanato Civil,56.47,Mixed,44.14,59.83,Group 4 (Person),56.21,0.0,56.65,57.29,0.0,37.07,0.09,18.66,44.14,0.04,59.63,55.65,46.08,-102,10.8
2026-09-07 17:08:18,Lobby Civil,56.88,Group 1 (Common),95.66,58.19,Group 1 (Common),56.99,0.0,0.0,0.0,0.0,95.66,0.17,0.0,0.3,3.78,57.97,57.18,55.37,-111,11.2
2026-09-07 17:08:18,Pasillo Salones Eléctrica,54.45,Mixed,52.6,58.14,Group 1 (Common),55.45,0.0,50.35,0.0,0.0,52.6,1.0,45.79,0.0,0.48,58.11,53.35,50.44,-108,9.8
2026-09-07 17:08:21,Laboratorios Eléctrica Centro,64.48,Group 1 (Common),99.56,65.86,Group 1 (Common),64.87,0.0,0.0,0.0,0.0,99.56,0.0,0.1,0.0,0.0,65.57,64.25,63.46,-99,11.2
2026-09-07 17:08:23,Pasillo Salones Civil,54.42,Group 1 (Common),98.49,56.88,Group 1 (Common),55.0,0.0,0.0,0.0,0.0,98.49,0.1,0.44,0.59,0.44,55.4,54.68,52.37,-91,12.8
2026-09-07 17:08:25,Pasillo Decanato Eléctrica,56.52,Group 1 (Common),99.52,57.36,Group 1 (Common),56.66,0.0,0.0,0.0,0.0,99.52,0.0,0.0,0.0,0.22,57.34,56.39,55.47,-107,10.5
2026-09-07 17:08:28,Laboratorios Civil Superior,53.7,Mixed,61.76,56.66,Group 1 (Common),53.24,0.0,0.0,0.0,51.06,61.76,0.04,7.42,0.0,30.69,57.11,54.01,50.59,-107,7.0
2026-09-07 17:08:32,Salón - Uma Civil,56.78,Mixed,44.57,63.33,Group 1 (Common),58.05,51.33,0.0,58.26,0.0,35.33,20.01,0.0,44.57,0.0,63.45,53.16,46.7,-115,-3.2
2026-09-07 17:08:40,Salón - Extremo Civil,47.38,Mixed,67.36,51.47,Group 2 (Impact),42.62,46.99,0.0,0.0,0.0,29.3,67.36,0.09,3.08,0.09,51.92,45.04,36.99,-88,10.5
2026-09-07 17:08:50,Salón - Extremo Eléctrica,52.71,Mixed,49.31,54.15,Group 4 (Person),50.81,0.0,52.21,53.28,0.0,39.02,1.69,9.33,49.31,0.52,54.59,52.92,50.68,-83,11.8
2026-09-07 17:08:54,Salón - Uma Eléctrica,59.03,Mixed,45.7,65.86,Group 4 (Person),0.0,40.16,0.0,61.18,47.79,2.56,40.19,0.0,45.7,11.5,66.63,42.21,38.07,-113,1.0
2026-09-07 17:09:05,Laboratorios Eléctrica Inferior,60.93,Group 1 (Common),86.63,63.07,Group 1 (Common),61.53,0.0,0.0,0.0,0.0,86.63,0.09,0.09,0.22,12.76,62.8,61.38,57.83,-118,-12.2
2026-09-07 17:10:58,Laboratorios Civil Inferior,54.78,Group 1 (Common),90.76,57.59,Group 1 (Common),54.84,0.0,0.0,0.0,0.0,90.76,0.3,0.13,0.09,8.59,57.9,54.21,49.34,-117,-3.0
2026-09-07 17:13:05,Laboratorios Civil Central,64.21,Group 1 (Common),93.1,65.14,Group 1 (Common),64.07,0.0,0.0,0.0,0.0,93.1,0.65,0.0,1.0,5.34,65.4,64.27,63.36,-119,-3.5
2026-09-07 17:13:06,Lobby Eléctrica,66.54,Group 1 (Common),99.56,68.24,Group 1 (Common),65.64,0.0,0.0,0.0,0.0,99.56,0.0,0.0,0.15,0.0,68.8,65.91,63.02,-108,8.8
2026-09-07 17:13:12,Laboratorios Eléctrica Superior,63.01,Group 1 (Common),97.96,64.93,Group 1 (Common),62.87,0.0,0.0,0.0,0.0,97.96,0.04,0.13,1.69,0.09,65.62,61.97,60.74,-101,9.0
2026-09-07 17:13:14,Pasillo Decanato Civil,57.54,Mixed,46.53,62.82,Group 1 (Common),59.63,46.8,44.41,57.83,0.0,32.38,10.16,10.81,46.53,0.0,63.0,53.34,41.9,-113,7.5
2026-09-07 17:13:18,Lobby Civil,60.89,Group 1 (Common),98.87,62.82,Group 1 (Common),60.9,0.0,0.0,0.0,0.0,98.87,0.04,0.04,0.17,0.74,63.81,60.44,58.68,-102,6.2
2026-09-07 17:13:18,Pasillo Salones Eléctrica,59.8,Group 4 (Person),74.32,63.01,Group 4 (Person),59.75,0.0,0.0,59.09,0.0,24.61,0.34,0.0,74.32,0.63,63.53,58.24,50.26,-109,7.5
2026-09-07 17:13:21,Laboratorios Eléctrica Centro,65.91,Mixed,69.44,67.07,Group 1 (Common),66.02,0.0,0.0,0.0,64.37,69.44,0.0,0.0,0.0,30.43,67.38,65.88,62.84,-108,9.2
2026-09-07 17:13:23,Pasillo Salones Civil,57.17,Group 1 (Common),73.44,58.7,Group 5 (Vehicle),56.97,0.0,0.0,0.0,57.68,73.44,3.47,1.3,1.26,20.36,59.09,57.65,52.79,-95,13.0
2026-09-07 17:13:25,Pasillo Decanato Eléctrica,56.51,Group 1 (Common),99.39,57.42,Group 1 (Common),56.63,0.0,0.0,0.0,0.0,99.39,0.0,0.0,0.04,0.3,57.42,56.51,55.43,-105,10.0
2026-09-07 17:13:28,Laboratorios Civil Superior,53.36,Group 1 (Common),86.72,57.37,Group 1 (Common),51.99,0.0,0.0,0.0,0.0,86.72,0.0,0.0,0.0,13.13,58.32,52.02,51.15,-103,10.0
2026-09-07 17:13:32,Salón - Uma Civil,53.89,Mixed,46.01,60.52,Group 1 (Common),56.33,52.79,0.0,56.77,0.0,26.87,46.01,0.22,26.65,0.22,59.63,53.34,46.67,-107,7.8
2026-09-07 17:13:40,Salón - Extremo Civil,49.63,Mixed,51.82,51.78,Group 1 (Common),49.51,48.27,0.0,0.0,0.0,51.82,37.46,0.69,2.91,6.99,52.73,48.77,45.53,-90,12.2
2026-09-07 17:13:50,Salón - Extremo Eléctrica,41.0,Silence,0.0,48.46,Silence,0.0,0.0,0.0,0.0,0.0,0.0,0.0,0.0,0.0,0.0,45.43,40.88,34.1,-87,12.8
2026-09-07 17:13:54,Salón - Uma Eléctrica,58.02,Mixed,57.55,62.66,Group 4 (Person),52.8,0.0,0.0,60.03,52.26,32.9,1.95,2.17,57.55,5.25,63.93,55.33,42.77,-113,9.2
2026-09-07 17:14:05,Laboratorios Eléctrica Inferior,57.7,Group 1 (Common),91.67,58.95,Group 1 (Common),57.72,0.0,0.0,0.0,0.0,91.67,0.04,0.0,0.0,8.03,59.23,57.45,55.51,-120,-5.8
2026-09-07 17:15:58,Laboratorios Civil Inferior,48.11,Mixed,56.3,49.06,Group 2 (Impact),0.0,48.29,0.0,0.0,47.56,9.96,56.3,3.91,3.27,26.61,49.2,47.95,47.4,-117,-2.5
2026-09-07 17:18:05,Laboratorios Civil Central,63.85,Group 1 (Common),90.97,64.58,Group 1 (Common),63.92,0.0,0.0,0.0,0.0,90.97,0.65,0.0,0.39,8.07,64.75,63.74,63.28,-103,11.2
2026-09-07 17:18:06,Lobby Eléctrica,62.61,Group 1 (Common),99.61,65.17,Group 1 (Common),62.54,0.0,0.0,0.0,0.0,99.61,0.0,0.04,0.0,0.0,65.68,61.73,59.01,-112,4.5
2026-09-07 17:18:12,Laboratorios Eléctrica Superior,60.77,Group 1 (Common),99.57,63.34,Group 1 (Common),61.8,0.0,0.0,0.0,0.0,99.57,0.0,0.0,0.13,0.0,63.59,60.65,56.59,-94,11.5
2026-09-07 17:18:14,Pasillo Decanato Civil,39.25,Silence,0.0,40.42,Silence,0.0,0.0,0.0,0.0,0.0,0.0,0.0,0.0,0.0,0.0,40.31,39.13,38.26,-102,2.0
2026-09-07 17:18:18,Lobby Civil,62.18,Group 1 (Common),80.6,65.06,Group 1 (Common),62.1,0.0,0.0,0.0,59.01,80.6,0.13,0.13,0.65,18.36,65.44,61.34,59.05,-99,10.8
2026-09-07 17:18:18,Pasillo Salones Eléctrica,49.66,Mixed,40.43,53.42,Group 4 (Person),47.77,47.19,0.0,52.32,0.0,28.03,23.68,1.86,40.43,5.86,54.8,47.86,45.21,-97,11.5
2026-09-07 17:18:21,Laboratorios Eléctrica Centro,72.84,Group 1 (Common),99.52,77.54,Group 1 (Common),71.13,0.0,0.0,0.0,0.0,99.52,0.0,0.0,0.22,0.0,77.81,66.57,63.88,-109,6.5
2026-09-07 17:18:23,Pasillo Salones Civil,62.42,Group 1 (Common),99.52,65.08,Group 1 (Common),62.92,0.0,0.0,0.0,0.0,99.52,0.0,0.09,0.22,0.0,64.78,63.21,53.51,-108,6.2
2026-09-07 17:18:25,Pasillo Decanato Eléctrica,56.42,Group 1 (Common),99.35,57.32,Group 1 (Common),56.46,0.0,0.0,0.0,0.0,99.35,0.0,0.0,0.04,0.39,57.25,56.43,55.72,-118,-11.2
2026-09-07 17:18:28,Laboratorios Civil Superior,53.87,Group 1 (Common),88.48,56.35,Group 1 (Common),52.94,0.0,0.0,0.0,0.0,88.48,3.27,0.0,2.15,6.1,56.81,52.76,50.57,-113,9.0
2026-09-07 17:18:32,Salón - Uma Civil,65.72,Mixed,60.46,68.42,Group 4 (Person),65.14,57.48,0.0,65.06,0.0,30.38,9.11,0.0,60.46,0.0,68.71,64.75,63.86,-103,10.8
2026-09-07 17:18:40,Salón - Extremo Civil,55.35,Mixed,46.53,60.07,Group 4 (Person),53.01,54.41,0.0,58.88,0.0,46.53,20.62,0.0,32.86,0.0,60.97,54.96,50.17,-117,9.2
2026-09-07 17:18:50,Salón - Extremo Eléctrica,33.65,Silence,0.0,44.39,Silence,0.0,0.0,0.0,0.0,0.0,0.0,0.0,0.0,0.0,0.0,38.82,32.42,27.94,-87,13.5
2026-09-07 17:18:54,Salón - Uma Eléctrica,67.3,Group 4 (Person),77.13,69.21,Group 1 (Common),68.41,0.0,0.0,67.14,0.0,22.61,0.0,0.0,77.13,0.0,69.51,66.83,65.36,-111,9.2
2026-09-07 17:19:05,Laboratorios Eléctrica Inferior,58.36,Group 1 (Common),88.19,60.05,Group 1 (Common),58.48,0.0,0.0,0.0,57.91,88.19,0.0,0.13,0.3,11.5,60.83,57.8,57.27,-119,-0.5
2026-09-07 17:20:58,Laboratorios Civil Inferior,50.04,Mixed,36.89,51.75,Group 1 (Common),50.53,48.91,0.0,0.0,50.39,29.3,30.12,0.22,3.43,36.89,51.98,50.04,48.26,-117,-2.8
2026-09-07 17:23:05,Laboratorios Civil Central,64.53,Group 1 (Common),71.09,65.53,Group 1 (Common),64.49,64.52,0.0,0.0,0.0,71.09,11.89,0.0,2.78,14.24,65.72,64.4,63.87,-112,1.8
2026-09-07 17:23:06,Lobby Eléctrica,61.21,Mixed,59.42,67.24,Group 2 (Impact),60.66,66.93,0.0,0.0,63.44,59.42,13.11,8.72,5.82,12.89,63.62,61.12,58.21,-109,2.2
2026-09-07 17:23:12,Laboratorios Eléctrica Superior,65.9,Group 1 (Common),75.91,66.84,Group 1 (Common),65.61,0.0,0.0,65.55,0.0,75.91,2.52,0.0,21.44,0.0,66.96,66.04,64.4,-103,11.0
2026-09-07 17:23:14,Pasillo Decanato Civil,40.06,Silence,0.0,43.18,Silence,0.0,0.0,0.0,0.0,0.0,0.0,0.0,0.0,0.0,0.0,44.74,38.77,37.03,-101,12.8
2026-09-07 17:23:18,Lobby Civil,58.59,Group 1 (Common),97.4,62.71,Group 1 (Common),59.69,0.0,0.0,0.0,0.0,97.4,0.17,0.0,0.26,1.91,61.74,56.27,54.33,-102,10.0
2026-09-07 17:23:18,Pasillo Salones Eléctrica,47.7,Mixed,38.06,52.9,Group 1 (Common),50.21,44.15,45.59,0.0,42.79,15.76,30.08,14.8,1.26,38.06,53.44,43.34,41.79,-105,9.8
2026-09-07 17:23:21,Laboratorios Eléctrica Centro,69.33,Group 1 (Common),99.61,71.65,Group 1 (Common),69.02,0.0,0.0,0.0,0.0,99.61,0.0,0.0,0.04,0.04,72.21,69.35,65.06,-109,9.8
2026-09-07 17:23:23,Pasillo Salones Civil,67.32,Group 1 (Common),99.35,70.47,Group 1 (Common),67.43,0.0,0.0,0.0,0.0,99.35,0.26,0.0,0.22,0.0,71.03,66.52,61.77,-97,13.8
2026-09-07 17:23:25,Pasillo Decanato Eléctrica,56.26,Group 1 (Common),99.61,57.12,Group 1 (Common),56.31,0.0,0.0,0.0,0.0,99.61,0.04,0.0,0.09,0.04,56.98,56.18,55.59,-112,7.2
2026-09-07 17:23:28,Laboratorios Civil Superior,51.73,Group 1 (Common),80.51,53.96,Group 1 (Common),52.44,0.0,52.58,0.0,0.0,80.51,0.52,17.14,0.04,1.69,53.11,51.79,50.01,-102,10.5
2026-09-07 17:23:32,Salón - Uma Civil,75.43,Mixed,56.68,77.96,Group 4 (Person),72.13,0.0,0.0,76.67,0.0,56.68,0.0,0.0,42.97,0.0,77.91,75.23,66.36,-111,8.8
2026-09-07 17:23:40,Salón - Extremo Civil,57.98,Mixed,56.34,59.75,Group 1 (Common),58.38,55.42,0.0,0.0,0.0,56.34,31.77,0.0,11.89,0.0,60.46,57.67,55.73,-90,12.2
2026-09-07 17:23:50,Salón - Extremo Eléctrica,55.22,Mixed,48.57,59.82,Group 4 (Person),51.76,0.0,0.0,58.62,0.0,34.2,3.99,12.46,48.57,0.74,60.03,52.06,40.46,-85,13.0
2026-09-07 17:23:54,Salón - Uma Eléctrica,45.51,Mixed,49.18,65.65,Group 4 (Person),49.1,0.0,43.96,61.09,0.0,15.63,8.29,49.18,24.96,1.87,51.98,43.95,42.06,-111,6.8
2026-09-07 17:24:05,Laboratorios Eléctrica Inferior,61.41,Group 1 (Common),93.01,64.04,Group 1 (Common),61.88,0.0,0.0,0.0,0.0,93.01,0.0,0.0,5.56,1.13,64.11,60.05,56.08,-111,6.0
2026-09-07 17:25:58,Laboratorios Civil Inferior,56.36,Group 1 (Common),81.94,59.13,Group 1 (Common),55.78,0.0,0.0,0.0,0.0,81.94,7.42,0.48,0.52,9.33,59.51,55.95,48.62,-119,-2.8
2026-09-07 17:28:05,Laboratorios Civil Central,64.12,Group 1 (Common),90.8,65.18,Group 1 (Common),63.91,0.0,0.0,0.0,0.0,90.8,0.69,0.0,1.35,7.25,65.11,64.09,63.32,-114,2.0
2026-09-07 17:28:06,Lobby Eléctrica,60.84,Mixed,65.89,62.7,Group 2 (Impact),61.33,62.62,0.0,60.8,0.0,65.89,20.36,0.09,11.81,1.91,62.96,60.12,57.69,-95,12.8
2026-09-07 17:28:12,Laboratorios Eléctrica Superior,69.41,Group 1 (Common),99.61,71.55,Group 1 (Common),68.58,0.0,0.0,0.0,0.0,99.61,0.0,0.0,0.09,0.0,72.27,69.14,63.49,-101,8.8
2026-09-07 17:28:14,Pasillo Decanato Civil,43.97,Silence,0.0,46.07,Silence,0.0,0.0,0.0,0.0,0.0,0.0,0.0,0.0,0.0,0.0,46.24,43.59,41.34,-105,9.2
2026-09-07 17:28:18,Pasillo Salones Eléctrica,53.58,Group 1 (Common),73.22,55.58,Group 1 (Common),53.65,0.0,0.0,52.87,0.0,73.22,1.22,5.16,12.41,7.9,56.32,52.86,51.95,-100,11.0
2026-09-07 17:28:21,Laboratorios Eléctrica Centro,66.83,Group 1 (Common),99.61,68.57,Group 1 (Common),66.82,0.0,0.0,0.0,0.0,99.61,0.0,0.09,0.0,0.0,68.71,66.35,64.69,-103,0.8
2026-09-07 17:28:23,Pasillo Salones Civil,58.41,Mixed,64.45,60.63,Group 1 (Common),57.89,59.12,0.0,59.46,0.0,64.45,16.67,0.0,18.71,0.3,60.51,58.36,55.39,-91,11.2
2026-09-07 17:28:25,Pasillo Decanato Eléctrica,56.67,Group 1 (Common),99.35,57.44,Group 1 (Common),56.68,0.0,0.0,0.0,0.0,99.35,0.22,0.0,0.13,0.22,57.31,56.5,56.08,-103,10.5
2026-09-07 17:28:28,Laboratorios Civil Superior,59.38,Group 1 (Common),93.01,61.51,Group 1 (Common),58.65,0.0,0.0,0.0,0.0,93.01,0.61,0.0,6.08,0.09,61.11,59.48,55.11,-110,3.2
2026-09-07 17:28:32,Salón - Uma Civil,45.95,Mixed,61.72,48.66,Group 1 (Common),48.47,46.1,0.0,0.0,46.55,10.46,61.72,0.82,7.94,19.05,47.58,45.82,44.5,-109,-4.0
2026-09-07 17:28:40,Salón - Extremo Civil,57.54,Mixed,54.99,60.09,Group 4 (Person),58.21,0.0,0.0,58.15,0.0,44.31,0.56,0.0,54.99,0.0,60.82,56.61,52.73,-89,12.5
2026-09-07 17:28:49,Salón - Extremo Eléctrica,44.45,Silence,0.0,50.52,Silence,0.0,0.0,0.0,0.0,0.0,0.0,0.0,0.0,0.0,0.0,49.92,44.17,36.14,-87,9.5
2026-09-07 17:28:54,Salón - Uma Eléctrica,42.84,Silence,0.0,46.96,Silence,0.0,0.0,0.0,0.0,0.0,0.0,0.0,0.0,0.0,0.0,47.44,41.1,38.12,-109,-4.0
2026-09-07 17:29:05,Laboratorios Eléctrica Inferior,65.91,Group 1 (Common),79.38,69.77,Group 1 (Common),64.01,0.0,0.0,0.0,64.46,79.38,0.0,0.0,0.26,20.27,70.27,63.49,61.31,-113,2.0
2026-09-07 17:30:58,Laboratorios Civil Inferior,51.97,Mixed,61.41,52.78,Group 1 (Common),52.1,0.0,0.0,0.0,51.81,61.41,0.0,0.0,0.0,38.5,53.06,51.85,50.99,-111,3.8
2026-09-07 17:33:05,Laboratorios Civil Central,65.77,Group 1 (Common),86.02,66.87,Group 1 (Common),65.96,0.0,0.0,0.0,0.0,86.02,6.77,0.04,3.99,3.17,67.08,65.42,64.73,-105,8.8
2026-09-07 17:33:06,Lobby Eléctrica,65.5,Group 1 (Common),97.61,70.37,Group 1 (Common),67.11,0.0,0.0,0.0,0.0,97.61,0.0,0.0,2.21,0.0,68.84,64.1,58.95,-99,12.8
2026-09-07 17:33:12,Laboratorios Eléctrica Superior,63.82,Group 1 (Common),99.61,65.43,Group 1 (Common),64.25,0.0,0.0,0.0,0.0,99.61,0.0,0.0,0.09,0.0,65.52,63.82,61.96,-101,11.2
2026-09-07 17:33:14,Pasillo Decanato Civil,39.38,Silence,0.0,41.45,Silence,0.0,0.0,0.0,0.0,0.0,0.0,0.0,0.0,0.0,0.0,40.66,38.94,37.72,-103,11.0
2026-09-07 17:33:18,Lobby Civil,62.33,Group 1 (Common),97.4,64.63,Group 1 (Common),62.19,0.0,0.0,0.0,0.0,97.4,0.0,0.22,2.34,0.0,65.47,61.66,57.69,-97,11.2
2026-09-07 17:33:18,Pasillo Salones Eléctrica,60.65,Mixed,63.5,62.99,Group 1 (Common),59.67,0.0,0.0,60.77,0.0,63.5,1.43,0.09,34.94,0.0,62.95,60.75,56.21,-97,9.5
2026-09-07 17:33:21,Laboratorios Eléctrica Centro,75.66,Group 1 (Common),99.57,79.27,Group 1 (Common),73.84,0.0,0.0,0.0,0.0,99.57,0.0,0.04,0.09,0.0,79.36,73.64,69.52,-99,9.0
2026-09-07 17:33:23,Pasillo Salones Civil,57.76,Group 1 (Common),99.52,62.58,Group 1 (Common),58.19,0.0,0.0,0.0,0.0,99.52,0.0,0.0,0.13,0.09,64.53,54.02,50.48,-94,11.2
2026-09-07 17:33:25,Pasillo Decanato Eléctrica,56.42,Group 1 (Common),99.26,57.3,Group 1 (Common),56.32,0.0,0.0,0.0,0.0,99.26,0.17,0.0,0.09,0.43,57.05,56.57,55.62,-103,8.2
2026-09-07 17:33:28,Laboratorios Civil Superior,58.59,Group 1 (Common),99.57,60.54,Group 1 (Common),58.65,0.0,0.0,0.0,0.0,99.57,0.0,0.0,0.09,0.0,60.94,58.71,56.3,-107,9.0
2026-09-07 17:33:32,Salón - Uma Civil,48.04,Group 1 (Common),76.13,50.14,Group 1 (Common),48.29,0.0,0.0,0.0,49.53,76.13,3.04,0.0,0.56,20.31,51.01,47.66,45.58,-117,3.5
2026-09-07 17:33:40,Salón - Extremo Civil,62.03,Mixed,66.36,65.87,Group 1 (Common),62.29,0.0,0.0,64.33,0.0,66.36,0.0,0.0,33.51,0.0,66.07,60.49,51.94,-93,12.5
2026-09-07 17:33:49,Salón - Extremo Eléctrica,55.55,Group 1 (Common),71.96,58.64,Group 1 (Common),56.14,0.0,0.0,57.12,0.0,71.96,0.17,0.0,27.65,0.13,59.31,54.96,52.48,-84,8.0
2026-09-07 17:33:54,Salón - Uma Eléctrica,65.06,Mixed,56.51,69.12,Group 4 (Person),64.03,0.0,0.0,67.74,0.0,41.36,0.56,0.17,56.51,1.3,68.26,66.31,48.29,-117,1.0
2026-09-07 17:34:05,Laboratorios Eléctrica Inferior,64.07,Group 1 (Common),85.24,68.08,Group 1 (Common),62.62,0.0,0.0,62.45,0.0,85.24,0.22,0.17,13.45,0.82,69.11,62.8,60.89,-118,-1.8
2026-09-07 17:35:58,Laboratorios Civil Inferior,51.28,Group 1 (Common),76.48,53.17,Group 1 (Common),51.11,0.0,0.0,0.0,52.08,76.48,4.9,0.0,0.82,17.88,54.27,50.55,49.52,-117,-7.2
2026-09-07 17:38:05,Laboratorios Civil Central,66.71,Group 1 (Common),97.61,69.74,Group 1 (Common),67.19,0.0,0.0,0.0,0.0,97.61,0.0,0.09,0.09,2.13,68.3,66.46,65.07,-111,7.2
2026-09-07 17:38:06,Lobby Eléctrica,61.38,Group 1 (Common),99.57,64.54,Group 1 (Common),60.4,0.0,0.0,0.0,0.0,99.57,0.0,0.09,0.04,0.0,65.5,59.39,58.08,-96,11.2
2026-09-07 17:38:12,Laboratorios Eléctrica Superior,60.83,Mixed,68.14,62.48,Group 5 (Vehicle),60.6,0.0,0.0,0.0,61.54,68.14,5.03,1.17,2.26,23.31,63.13,60.74,59.19,-101,11.2
2026-09-07 17:38:14,Pasillo Decanato Civil,41.18,Silence,0.0,43.93,Silence,0.0,0.0,0.0,0.0,0.0,0.0,0.0,0.0,0.0,0.0,44.85,39.12,38.42,-105,10.8
2026-09-07 17:38:18,Lobby Civil,60.85,Group 1 (Common),98.52,62.36,Group 1 (Common),61.31,0.0,0.0,0.0,0.0,98.52,0.26,0.0,0.91,0.17,62.17,60.82,58.73,-107,10.5
2026-09-07 17:38:18,Pasillo Salones Eléctrica,67.38,Group 1 (Common),71.96,69.85,Group 1 (Common),68.16,0.0,0.0,68.61,65.42,71.96,0.0,0.0,11.28,16.67,70.84,66.97,59.55,-97,11.2
2026-09-07 17:38:21,Laboratorios Eléctrica Centro,71.6,Group 1 (Common),99.35,73.66,Group 1 (Common),71.63,0.0,0.0,0.0,0.0,99.35,0.04,0.09,0.04,0.22,74.09,70.78,66.58,-108,6.0
2026-09-07 17:38:23,Pasillo Salones Civil,61.92,Group 1 (Common),99.61,66.24,Group 1 (Common),62.77,0.0,0.0,0.0,0.0,99.61,0.0,0.04,0.09,0.0,64.62,61.51,57.83,-97,12.5
2026-09-07 17:38:25,Pasillo Decanato Eléctrica,56.26,Group 1 (Common),99.61,56.89,Group 1 (Common),56.19,0.0,0.0,0.0,0.0,99.61,0.0,0.0,0.05,0.05,56.66,56.16,55.55,-103,10.8
2026-09-07 17:38:28,Laboratorios Civil Superior,60.76,Group 1 (Common),87.02,64.51,Group 1 (Common),60.02,0.0,0.0,0.0,0.0,87.02,2.26,0.0,10.29,0.52,65.99,59.93,54.33,-114,-0.5
2026-09-07 17:38:40,Salón - Extremo Civil,58.39,Group 1 (Common),72.12,63.69,Group 1 (Common),56.02,0.0,0.0,56.92,0.0,72.12,2.05,3.22,22.61,0.0,64.31,51.67,49.14,-91,13.0
2026-09-07 17:38:50,Salón - Extremo Eléctrica,53.21,Mixed,66.16,57.53,Group 5 (Vehicle),0.0,0.0,53.13,46.83,53.64,6.84,2.1,11.91,13.09,66.16,58.18,50.92,44.28,-85,9.8
2026-09-07 17:38:54,Salón - Uma Eléctrica,70.41,Mixed,44.58,73.07,Group 4 (Person),68.45,48.25,0.0,71.6,60.98,44.58,9.23,4.83,29.98,11.33,73.96,68.34,45.21,-111,8.5
2026-09-07 17:39:05,Laboratorios Eléctrica Inferior,70.6,Group 1 (Common),98.74,73.55,Group 1 (Common),71.32,0.0,0.0,0.0,0.0,98.74,0.0,0.0,0.56,0.52,73.42,69.25,63.98,-119,-0.5
2026-09-07 17:40:58,Laboratorios Civil Inferior,50.33,Mixed,64.84,52.47,Group 1 (Common),50.93,50.8,0.0,0.0,0.0,64.84,24.65,0.04,1.56,8.77,51.6,50.21,49.02,-117,-4.0
2026-09-07 17:43:05,Laboratorios Civil Central,65.24,Group 1 (Common),95.83,66.97,Group 1 (Common),65.61,0.0,0.0,0.0,0.0,95.83,0.09,0.0,0.35,3.65,67.05,64.58,63.69,-102,8.5
2026-09-07 17:43:06,Lobby Eléctrica,65.43,Group 1 (Common),99.61,67.71,Group 1 (Common),65.82,0.0,0.0,0.0,0.0,99.61,0.0,0.0,0.04,0.04,68.06,65.84,61.46,-96,11.8
2026-09-07 17:43:12,Laboratorios Eléctrica Superior,58.45,Group 1 (Common),98.93,59.74,Group 1 (Common),58.33,0.0,0.0,0.0,0.0,98.93,0.0,0.05,1.03,0.0,60.44,58.31,56.33,-97,13.5
2026-09-07 17:43:14,Pasillo Decanato Civil,39.09,Silence,0.0,40.76,Silence,0.0,0.0,0.0,0.0,0.0,0.0,0.0,0.0,0.0,0.0,40.95,39.02,36.57,-107,8.0
2026-09-07 17:43:18,Lobby Civil,63.29,Group 1 (Common),99.57,65.23,Group 1 (Common),63.74,0.0,0.0,0.0,0.0,99.57,0.0,0.0,0.0,0.09,65.54,63.69,59.11,-102,7.2
2026-09-07 17:43:18,Pasillo Salones Eléctrica,67.23,Group 1 (Common),99.61,69.64,Group 1 (Common),67.78,0.0,0.0,0.0,0.0,99.61,0.0,0.0,0.17,0.0,70.02,66.12,63.16,-99,12.5
2026-09-07 17:43:21,Laboratorios Eléctrica Centro,67.71,Group 1 (Common),88.62,69.27,Group 1 (Common),67.8,0.0,0.0,0.0,65.96,88.62,0.0,0.05,0.0,11.08,69.14,66.84,66.06,-108,6.0
2026-09-07 17:43:23,Pasillo Salones Civil,71.64,Group 1 (Common),85.84,74.99,Group 1 (Common),70.43,0.0,0.0,67.45,0.0,85.84,0.1,0.05,14.06,0.0,75.84,68.62,66.15,-107,11.8
2026-09-07 17:43:25,Pasillo Decanato Eléctrica,56.76,Group 1 (Common),99.61,57.29,Group 1 (Common),56.61,0.0,0.0,0.0,0.0,99.61,0.0,0.0,0.04,0.0,57.39,56.94,55.53,-117,7.2
2026-09-07 17:43:28,Laboratorios Civil Superior,54.94,Group 1 (Common),96.79,58.86,Group 1 (Common),53.72,0.0,0.0,0.0,0.0,96.79,0.56,0.0,0.48,2.26,58.16,52.38,51.18,-111,3.0
2026-09-07 17:43:32,Salón - Uma Civil,56.06,Group 1 (Common),88.41,59.52,Group 1 (Common),55.67,0.0,0.0,0.0,54.1,88.41,0.52,0.56,1.82,8.64,59.95,54.33,52.84,-108,8.5
2026-09-07 17:43:40,Salón - Extremo Civil,58.19,Group 1 (Common),77.21,61.6,Group 1 (Common),58.81,0.0,59.95,0.0,0.0,77.21,6.9,11.76,1.17,2.82,61.52,57.71,51.92,-97,9.5
2026-09-07 17:43:50,Salón - Extremo Eléctrica,65.09,Group 4 (Person),72.05,67.36,Group 4 (Person),62.87,0.0,0.0,64.97,0.0,22.53,5.38,0.0,72.05,0.0,67.57,65.57,58.54,-85,8.8
2026-09-07 17:43:54,Salón - Uma Eléctrica,74.55,Group 4 (Person),73.65,79.27,Group 1 (Common),78.44,0.0,0.0,74.16,0.0,26.26,0.0,0.0,73.65,0.0,79.79,72.28,61.0,-117,
2026-09-07 17:44:05,Laboratorios Eléctrica Inferior,65.33,Group 1 (Common),83.01,67.66,Group 5 (Vehicle),64.3,0.0,0.0,0.0,67.15,83.01,0.0,0.15,0.24,16.65,67.57,64.89,62.16,-117,2.0
2026-09-07 17:45:58,Laboratorios Civil Inferior,56.96,Group 1 (Common),77.43,58.63,Group 1 (Common),56.61,0.0,0.0,0.0,57.7,77.43,0.56,0.09,0.0,21.79,58.87,56.28,54.74,-114,1.0
2026-09-07 17:48:05,Laboratorios Civil Central,69.01,Group 1 (Common),99.57,70.62,Group 1 (Common),69.23,0.0,0.0,0.0,0.0,99.57,0.0,0.0,0.04,0.13,71.16,68.69,64.92,-105,12.5
2026-09-07 17:48:13,Lobby Eléctrica,64.69,Group 1 (Common),99.09,66.36,Group 1 (Common),65.02,0.0,0.0,0.0,0.0,99.09,0.0,0.0,0.65,0.0,65.62,64.76,63.6,-107,8.8
2026-09-07 17:48:13,Laboratorios Eléctrica Superior,61.18,Mixed,26.9,66.26,Group 3 (Rotary Tool),53.92,60.84,65.68,64.72,0.0,26.17,22.46,16.02,26.9,8.45,67.45,55.54,50.09,-107,4.0
2026-09-07 17:48:14,Pasillo Decanato Civil,55.66,Group 1 (Common),93.88,57.58,Group 1 (Common),55.99,0.0,0.0,0.0,0.0,93.88,0.0,5.95,0.0,0.0,57.89,55.67,53.35,-95,13.5
2026-09-07 17:48:18,Lobby Civil,73.61,Group 1 (Common),99.44,75.77,Group 1 (Common),73.5,0.0,0.0,0.0,0.0,99.44,0.0,0.0,0.22,0.0,76.84,73.01,71.24,-109,8.0
2026-09-07 17:48:18,Pasillo Salones Eléctrica,68.94,Group 1 (Common),99.61,71.85,Group 1 (Common),69.38,0.0,0.0,0.0,0.0,99.61,0.0,0.0,0.04,0.0,72.17,67.05,65.6,-99,9.0
2026-09-07 17:48:21,Laboratorios Eléctrica Centro,66.71,Group 1 (Common),99.61,68.11,Group 1 (Common),67.02,0.0,0.0,0.0,0.0,99.61,0.0,0.05,0.0,0.0,68.63,66.32,64.53,-108,4.8
2026-09-07 17:48:23,Pasillo Salones Civil,70.03,Group 1 (Common),98.49,72.19,Group 1 (Common),70.53,0.0,0.0,0.0,0.0,98.49,0.0,0.0,1.32,0.0,72.54,69.62,64.33,-113,10.2
2026-09-07 17:48:25,Pasillo Decanato Eléctrica,64.59,Mixed,69.97,68.51,Group 2 (Impact),64.76,69.21,67.59,0.0,0.0,69.97,6.9,10.81,5.12,6.9,68.02,63.04,59.72,-105,11.2
2026-09-07 17:48:28,Laboratorios Civil Superior,61.33,Group 1 (Common),97.92,67.99,Group 1 (Common),63.29,0.0,0.0,0.0,0.0,97.92,0.0,0.04,0.0,1.87,66.37,59.28,56.82,-111,7.8
2026-09-07 17:48:32,Salón - Uma Civil,53.81,Group 1 (Common),70.88,59.87,Group 1 (Common),52.11,45.36,0.0,0.0,0.0,70.88,26.35,0.0,2.6,0.26,60.87,51.26,43.47,-115,4.2
2026-09-07 17:48:40,Salón - Extremo Civil,72.16,Mixed,49.74,75.92,Group 3 (Rotary Tool),70.78,0.0,75.77,74.86,68.86,21.05,0.0,11.02,18.1,49.74,76.03,70.14,63.6,-85,12.5
2026-09-07 17:48:50,Salón - Extremo Eléctrica,65.5,Mixed,65.97,68.7,Group 4 (Person),53.91,0.0,0.0,67.04,0.0,28.26,0.04,5.56,65.97,0.0,69.3,66.22,53.01,-87,10.0
2026-09-07 17:48:54,Salón - Uma Eléctrica,68.27,Mixed,69.4,72.07,Group 1 (Common),67.89,0.0,0.0,70.41,65.88,69.4,0.22,2.73,16.8,10.81,72.31,66.72,56.39,-109,10.2
2026-09-07 17:49:05,Laboratorios Eléctrica Inferior,64.01,Group 1 (Common),95.85,66.98,Group 1 (Common),64.29,0.0,0.0,0.0,0.0,95.85,1.51,0.0,0.83,1.76,66.99,63.13,58.63,-106,-1.0
2026-09-07 17:50:58,Laboratorios Civil Inferior,67.19,Group 1 (Common),99.52,69.99,Group 1 (Common),66.96,0.0,0.0,0.0,0.0,99.52,0.0,0.09,0.13,0.0,70.29,66.07,60.97,-115,-4.2
2026-09-07 17:53:05,Laboratorios Civil Central,63.5,Group 1 (Common),72.31,64.22,Group 1 (Common),63.52,63.42,0.0,0.0,0.0,72.31,10.63,0.04,2.73,14.37,63.83,63.49,62.83,-102,10.8
2026-09-07 17:53:06,Lobby Eléctrica,69.66,Group 1 (Common),99.02,71.7,Group 1 (Common),69.95,0.0,0.0,0.0,0.0,99.02,0.0,0.0,0.88,0.0,71.37,68.73,67.6,-95,12.2
2026-09-07 17:53:12,Laboratorios Eléctrica Superior,59.06,Group 1 (Common),99.39,61.57,Group 1 (Common),58.88,0.0,0.0,0.0,0.0,99.39,0.04,0.0,0.3,0.04,61.63,59.28,51.66,-99,9.0
2026-09-07 17:53:14,Pasillo Decanato Civil,45.99,Group 1 (Common),88.02,51.04,Group 1 (Common),46.36,0.0,0.0,0.0,0.0,88.02,3.82,7.34,0.35,0.61,51.46,42.44,40.7,-107,10.2
2026-09-07 17:53:21,Lobby Civil,65.8,Group 1 (Common),94.29,66.88,Group 1 (Common),65.49,0.0,0.0,0.0,0.0,94.29,0.2,0.63,4.15,0.54,66.98,65.57,63.39,-100,11.2
2026-09-07 17:53:21,Pasillo Salones Eléctrica,54.19,Group 1 (Common),96.39,55.26,Group 1 (Common),53.45,0.0,0.0,0.0,0.0,96.39,1.46,0.1,1.46,0.44,55.46,54.14,46.5,-101,10.0
2026-09-07 17:53:21,Laboratorios Eléctrica Centro,65.75,Group 1 (Common),98.09,67.86,Group 1 (Common),65.43,0.0,0.0,0.0,0.0,98.09,0.0,0.0,1.04,0.52,67.36,66.07,63.16,-109,5.2
2026-09-07 17:53:23,Pasillo Salones Civil,77.1,Mixed,66.62,79.67,Group 4 (Person),76.8,0.0,0.0,78.85,0.0,66.62,0.0,0.0,33.16,0.0,79.74,76.37,74.5,-93,12.5
2026-09-07 17:53:25,Pasillo Decanato Eléctrica,58.08,Group 1 (Common),99.61,61.66,Group 1 (Common),58.1,0.0,0.0,0.0,0.0,99.61,0.09,0.0,0.09,0.0,62.52,56.7,55.77,-115,-3.2
2026-09-07 17:53:28,Laboratorios Civil Superior,63.72,Mixed,48.1,67.67,Group 4 (Person),60.7,65.66,0.0,66.63,60.91,48.1,7.91,4.54,25.88,13.43,68.55,61.67,57.39,-103,6.5
2026-09-07 17:53:32,Salón - Uma Civil,58.82,Group 1 (Common),81.51,62.01,Group 1 (Common),59.81,56.73,0.0,0.0,0.0,81.51,16.45,0.0,2.0,0.0,61.57,58.66,55.05,-115,2.8
2026-09-07 17:53:40,Salón - Extremo Civil,70.2,Group 1 (Common),98.26,72.4,Group 1 (Common),69.65,0.0,0.0,0.0,0.0,98.26,0.0,0.0,1.61,0.0,71.85,70.75,64.3,-97,13.2
2026-09-07 17:53:50,Salón - Extremo Eléctrica,49.8,Mixed,30.51,65.48,Group 4 (Person),60.47,44.47,49.38,64.6,54.56,11.94,30.51,28.26,11.07,18.06,56.67,45.81,42.8,-87,10.2
2026-09-07 17:54:05,Laboratorios Eléctrica Inferior,66.01,Group 1 (Common),74.52,68.43,Group 1 (Common),65.46,65.53,0.0,0.0,0.0,74.52,16.19,0.0,8.98,0.17,68.77,65.69,61.76,-106,7.0
2026-09-07 17:55:58,Laboratorios Civil Inferior,56.53,Group 1 (Common),92.32,58.14,Group 1 (Common),55.89,0.0,0.0,0.0,0.0,92.32,3.17,0.13,0.74,3.73,59.27,56.26,51.4,-114,2.5
2026-09-07 17:58:05,Laboratorios Civil Central,64.69,Group 1 (Common),89.5,65.61,Group 1 (Common),64.69,0.0,0.0,0.0,0.0,89.5,1.09,0.0,1.04,8.46,65.95,64.61,64.05,-106,1.8
2026-09-07 17:58:06,Lobby Eléctrica,70.91,Group 1 (Common),97.22,73.24,Group 1 (Common),71.22,0.0,0.0,0.0,0.0,97.22,0.0,0.0,2.59,0.0,72.23,70.75,69.63,-99,9.8
2026-09-07 17:58:12,Laboratorios Eléctrica Superior,58.89,Group 1 (Common),93.75,63.84,Group 1 (Common),60.02,0.0,0.0,0.0,0.0,93.75,5.21,0.09,0.69,0.0,64.08,57.36,54.13,-96,11.8
2026-09-07 17:58:14,Pasillo Decanato Civil,40.87,Silence,0.0,43.47,Silence,0.0,0.0,0.0,0.0,0.0,0.0,0.0,0.0,0.0,0.0,44.44,40.14,37.9,-107,7.5
2026-09-07 17:58:18,Lobby Civil,58.89,Group 1 (Common),99.51,60.33,Group 1 (Common),58.86,0.0,0.0,0.0,0.0,99.51,0.0,0.0,0.15,0.15,60.55,58.62,57.64,-102,11.0
2026-09-07 17:58:18,Pasillo Salones Eléctrica,73.18,Mixed,65.43,74.25,Group 4 (Person),72.9,0.0,0.0,73.19,0.0,65.43,0.0,0.0,34.28,0.0,74.57,73.32,71.55,-105,9.8
2026-09-07 17:58:21,Laboratorios Eléctrica Centro,67.84,Group 1 (Common),70.36,69.87,Group 1 (Common),67.78,0.0,0.0,0.0,65.81,70.36,0.0,0.09,0.0,29.43,70.36,67.11,65.81,-96,7.8
2026-09-07 17:58:23,Pasillo Salones Civil,74.25,Group 1 (Common),76.17,78.14,Group 1 (Common),74.15,0.0,0.0,72.06,0.0,76.17,0.0,0.0,23.83,0.0,78.27,73.86,67.04,-111,5.2
2026-09-07 17:58:31,Pasillo Decanato Eléctrica,56.72,Group 1 (Common),99.44,57.55,Group 1 (Common),56.64,0.0,0.0,0.0,0.0,99.44,0.09,0.0,0.13,0.26,57.39,56.84,56.08,-111,8.8
2026-09-07 17:58:31,Laboratorios Civil Superior,61.18,Group 1 (Common),99.56,63.07,Group 1 (Common),60.51,0.0,0.0,0.0,0.0,99.56,0.0,0.0,0.1,0.0,63.43,60.46,55.91,-111,9.0
2026-09-07 17:58:32,Salón - Uma Civil,64.19,Mixed,53.78,66.7,Group 4 (Person),64.41,0.0,0.0,65.19,0.0,53.78,4.82,0.0,41.28,0.0,67.18,64.14,60.11,-120,4.0
2026-09-07 17:58:40,Salón - Extremo Civil,62.3,Mixed,48.87,67.22,Group 2 (Impact),59.48,64.35,0.0,0.0,0.0,48.87,32.68,2.21,5.73,10.42,67.21,60.33,56.6,-99,13.8
2026-09-07 17:58:50,Salón - Extremo Eléctrica,54.81,Group 1 (Common),99.39,58.0,Group 1 (Common),55.72,0.0,0.0,0.0,0.0,99.39,0.04,0.04,0.0,0.22,57.11,54.73,52.13,-88,9.5
2026-09-07 17:58:54,Salón - Uma Eléctrica,68.75,Group 1 (Common),99.61,72.94,Group 1 (Common),70.13,0.0,0.0,0.0,0.0,99.61,0.0,0.0,0.0,0.0,72.6,65.18,60.53,-111,6.0
2026-09-07 17:59:05,Laboratorios Eléctrica Inferior,68.79,Mixed,51.09,71.47,Group 4 (Person),68.2,0.0,0.0,69.5,0.0,51.09,0.43,0.0,48.48,0.0,72.12,67.84,65.64,-120,-3.8
2026-09-07 18:00:58,Laboratorios Civil Inferior,53.25,Mixed,65.19,57.63,Group 1 (Common),54.16,0.0,0.0,0.0,51.42,65.19,7.47,0.24,1.71,25.2,58.62,50.9,48.82,-107,-3.5
2026-09-07 18:03:05,Laboratorios Civil Central,63.41,Group 1 (Common),75.61,64.08,Group 1 (Common),63.49,0.0,0.0,0.0,63.18,75.61,0.56,0.0,0.56,23.31,63.98,63.58,62.22,-117,-4.2
2026-09-07 18:03:06,Lobby Eléctrica,61.99,Group 1 (Common),74.0,66.36,Group 5 (Vehicle),61.85,0.0,0.0,0.0,64.46,74.0,0.04,0.17,0.13,25.52,66.06,61.58,59.08,-99,13.5
2026-09-07 18:03:12,Laboratorios Eléctrica Superior,68.41,Group 1 (Common),99.57,71.9,Group 1 (Common),67.18,0.0,0.0,0.0,0.0,99.57,0.0,0.04,0.09,0.09,72.71,69.11,61.91,-99,12.8
2026-09-07 18:03:14,Pasillo Decanato Civil,41.59,Silence,0.0,44.14,Silence,0.0,0.0,0.0,0.0,0.0,0.0,0.0,0.0,0.0,0.0,43.78,40.89,39.51,-107,11.2
2026-09-07 18:03:18,Lobby Civil,66.89,Group 1 (Common),99.61,71.87,Group 1 (Common),68.56,0.0,0.0,0.0,0.0,99.61,0.0,0.0,0.09,0.04,70.81,64.15,59.04,-102,6.8
2026-09-07 18:03:18,Pasillo Salones Eléctrica,60.42,Mixed,51.13,63.63,Group 3 (Rotary Tool),59.41,0.0,63.13,0.0,60.87,51.13,0.09,12.11,3.26,33.33,65.06,59.83,51.0,-103,11.5
2026-09-07 18:03:21,Laboratorios Eléctrica Centro,67.42,Group 1 (Common),99.61,71.6,Group 1 (Common),66.39,0.0,0.0,0.0,0.0,99.61,0.0,0.0,0.0,0.0,72.18,65.55,63.71,-107,5.0
2026-09-07 18:03:23,Pasillo Salones Civil,64.36,Group 1 (Common),99.57,68.67,Group 1 (Common),65.15,0.0,0.0,0.0,0.0,99.57,0.0,0.0,0.13,0.0,68.95,62.81,59.23,-108,9.8
2026-09-07 18:03:25,Pasillo Decanato Eléctrica,56.27,Group 1 (Common),99.09,56.98,Group 1 (Common),56.28,0.0,0.0,0.0,0.0,99.09,0.04,0.0,0.09,0.56,56.85,56.11,55.78,-101,-1.2
2026-09-07 18:03:28,Laboratorios Civil Superior,50.42,Group 1 (Common),87.02,50.99,Group 1 (Common),50.43,0.0,0.0,0.0,0.0,87.02,1.3,0.0,0.26,11.59,50.94,50.54,49.82,-111,7.8
2026-09-07 18:03:32,Salón - Uma Civil,63.27,Mixed,68.06,65.23,Group 5 (Vehicle),63.1,0.0,0.0,63.71,65.23,68.06,0.0,0.91,24.96,5.9,66.32,62.82,59.25,-111,6.2
2026-09-07 18:03:42,Salón - Extremo Civil,67.68,Group 1 (Common),93.58,72.52,Group 1 (Common),67.3,0.0,0.0,0.0,0.0,93.58,0.22,0.04,6.16,0.09,73.74,65.6,56.02,-99,13.0
2026-09-07 18:03:50,Salón - Extremo Eléctrica,42.07,Silence,0.0,49.15,Silence,0.0,0.0,0.0,0.0,0.0,0.0,0.0,0.0,0.0,0.0,48.32,39.39,35.39,-94,7.0
2026-09-07 18:03:54,Salón - Uma Eléctrica,50.58,Group 1 (Common),82.38,53.41,Group 1 (Common),50.38,0.0,48.14,0.0,0.0,82.38,3.43,11.63,2.39,0.04,54.32,49.8,47.78,-115,2.8
2026-09-07 18:04:05,Laboratorios Eléctrica Inferior,62.89,Group 1 (Common),98.91,63.94,Group 1 (Common),62.63,0.0,0.0,0.0,0.0,98.91,0.0,0.0,0.65,0.3,64.37,62.71,61.21,-119,-7.5
2026-09-07 18:05:58,Laboratorios Civil Inferior,53.18,Group 1 (Common),83.01,56.86,Group 1 (Common),53.65,0.0,0.0,0.0,0.0,83.01,2.54,0.05,0.54,14.01,57.83,51.28,50.49,-120,-3.0
2026-09-07 18:08:05,Laboratorios Civil Central,63.47,Mixed,45.05,63.98,Group 5 (Vehicle),63.31,63.52,0.0,0.0,63.69,45.05,16.88,0.04,6.08,32.03,63.92,63.5,62.94,-113,6.5
2026-09-07 18:08:06,Lobby Eléctrica,68.71,Group 1 (Common),99.44,73.64,Group 1 (Common),68.33,0.0,0.0,0.0,0.0,99.44,0.0,0.0,0.3,0.0,74.51,66.26,65.23,-114,5.8
2026-09-07 18:08:12,Laboratorios Eléctrica Superior,58.88,Group 1 (Common),89.11,61.96,Group 1 (Common),59.19,0.0,0.0,0.0,0.0,89.11,0.0,0.0,4.56,6.16,62.48,57.66,51.69,-97,13.2
2026-09-07 18:08:14,Pasillo Decanato Civil,42.48,Silence,0.0,45.65,Silence,0.0,0.0,0.0,0.0,0.0,0.0,0.0,0.0,0.0,0.0,45.58,41.39,39.82,-108,6.2
2026-09-07 18:08:18,Lobby Civil,70.39,Group 1 (Common),99.61,72.54,Group 1 (Common),70.46,0.0,0.0,0.0,0.0,99.61,0.0,0.0,0.0,0.0,72.42,70.09,66.35,-107,11.5
2026-09-07 18:08:18,Pasillo Salones Eléctrica,60.82,Group 1 (Common),84.33,63.31,Group 1 (Common),60.74,0.0,0.0,0.0,0.0,84.33,0.22,8.98,6.34,0.0,63.48,60.61,58.18,-105,10.0
2026-09-07 18:08:21,Laboratorios Eléctrica Centro,64.92,Group 1 (Common),99.0,66.38,Group 1 (Common),64.94,0.0,0.0,0.0,0.0,99.0,0.0,0.0,0.0,0.74,67.2,64.68,62.82,-105,7.0
2026-09-07 18:08:23,Pasillo Salones Civil,72.67,Group 1 (Common),98.48,75.02,Group 1 (Common),73.27,0.0,0.0,0.0,0.0,98.48,0.0,0.0,1.26,0.0,74.82,72.47,70.35,-95,13.2
2026-09-07 18:08:25,Pasillo Decanato Eléctrica,56.07,Group 1 (Common),98.48,56.6,Group 1 (Common),56.11,0.0,0.0,0.0,0.0,98.48,0.0,0.0,0.04,1.22,56.77,56.18,55.32,-117,3.0
2026-09-07 18:08:28,Laboratorios Civil Superior,50.47,Group 1 (Common),77.91,50.93,Group 1 (Common),50.46,0.0,0.0,0.0,50.42,77.91,0.0,0.0,0.0,22.01,50.88,50.44,50.17,-114,7.8
2026-09-07 18:08:32,Salón - Uma Civil,62.32,Mixed,49.31,68.28,Group 2 (Impact),59.07,64.88,0.0,66.13,0.0,49.31,10.81,5.25,33.59,0.95,69.02,58.98,53.81,-111,2.5
2026-09-07 18:08:40,Salón - Extremo Civil,66.4,Mixed,47.09,69.73,Group 4 (Person),64.64,60.21,0.0,68.15,0.0,47.09,7.94,0.0,44.84,0.0,71.24,63.85,58.64,-101,13.5
2026-09-07 18:08:54,Salón - Uma Eléctrica,45.32,Mixed,51.39,49.97,Group 1 (Common),45.69,42.13,0.0,0.0,0.0,40.02,51.39,0.13,1.87,6.6,50.3,43.32,40.87,-115,-8.5
2026-09-07 18:09:05,Laboratorios Eléctrica Inferior,55.74,Mixed,53.73,60.26,Group 5 (Vehicle),56.11,0.0,0.0,0.0,58.23,53.73,0.56,0.0,0.56,44.97,57.94,55.36,53.84,-111,5.0
2026-09-07 18:10:58,Laboratorios Civil Inferior,49.68,Group 1 (Common),79.25,53.12,Group 1 (Common),50.38,0.0,0.0,0.0,0.0,79.25,2.08,0.09,0.61,18.1,51.5,49.93,47.21,-119,-3.5
2026-09-07 18:13:05,Laboratorios Civil Central,63.71,Group 1 (Common),75.43,64.45,Group 1 (Common),63.85,0.0,0.0,0.0,63.27,75.43,4.64,0.0,2.34,17.62,64.56,63.68,62.99,-113,7.0
2026-09-07 18:13:12,Laboratorios Eléctrica Superior,60.1,Group 1 (Common),74.05,62.85,Group 5 (Vehicle),60.6,0.0,0.0,0.0,61.34,74.05,0.0,0.13,6.34,19.44,62.4,59.14,57.29,-102,12.2
2026-09-07 18:13:14,Pasillo Decanato Civil,40.33,Silence,0.0,43.12,Silence,0.0,0.0,0.0,0.0,0.0,0.0,0.0,0.0,0.0,0.0,44.4,38.3,37.76,-105,7.2
2026-09-07 18:13:18,Lobby Civil,58.94,Group 1 (Common),97.48,59.98,Group 1 (Common),58.85,0.0,0.0,0.0,0.0,97.48,0.3,0.04,1.09,1.13,60.19,58.76,57.87,-103,11.8
2026-09-07 18:13:18,Pasillo Salones Eléctrica,60.26,Mixed,42.49,63.86,Group 2 (Impact),0.0,59.64,0.0,49.27,0.0,7.12,42.49,14.37,21.88,14.28,64.13,59.9,48.29,-107,11.2
2026-09-07 18:13:21,Laboratorios Eléctrica Centro,67.66,Group 1 (Common),99.44,71.21,Group 1 (Common),68.46,0.0,0.0,0.0,0.0,99.44,0.0,0.0,0.09,0.3,71.29,66.64,64.34,-103,7.5
2026-09-07 18:13:23,Pasillo Salones Civil,70.54,Group 1 (Common),96.14,73.92,Group 1 (Common),69.52,0.0,0.0,0.0,0.0,96.14,0.13,0.0,0.74,2.91,74.18,67.03,60.54,-94,12.5
2026-09-07 18:13:25,Pasillo Decanato Eléctrica,57.1,Group 1 (Common),98.61,58.13,Group 1 (Common),56.88,0.0,0.0,0.0,0.0,98.61,0.35,0.0,0.17,0.78,58.33,57.07,56.06,-109,-12.8
2026-09-07 18:13:28,Laboratorios Civil Superior,56.07,Group 1 (Common),71.31,59.66,Group 1 (Common),56.12,0.0,0.0,0.0,55.22,71.31,0.0,0.0,0.0,28.56,61.25,54.07,52.25,-87,7.5
2026-09-07 18:13:32,Salón - Uma Civil,46.71,Mixed,54.95,49.16,Group 4 (Person),45.76,0.0,0.0,47.98,0.0,39.28,5.82,0.0,54.95,0.0,49.13,46.86,44.06,-115,
2026-09-07 18:13:40,Salón - Extremo Civil,71.54,Mixed,52.65,77.03,Group 1 (Common),71.57,62.89,0.0,72.49,62.11,52.65,7.86,0.04,24.18,15.23,78.28,65.76,61.51,-96,12.2
2026-09-07 18:13:50,Salón - Extremo Eléctrica,37.42,Silence,0.0,43.64,Silence,0.0,0.0,0.0,0.0,0.0,0.0,0.0,0.0,0.0,0.0,44.27,33.82,30.59,-97,10.0
2026-09-07 18:13:54,Salón - Uma Eléctrica,67.35,Mixed,33.59,71.76,Group 4 (Person),68.77,38.73,0.0,68.7,0.0,33.51,32.68,0.0,33.59,0.17,72.12,65.7,36.5,-106,9.0
2026-09-07 18:14:11,Laboratorios Eléctrica Inferior,57.02,Mixed,69.31,59.24,Group 1 (Common),57.59,0.0,0.0,0.0,56.0,30.21,0.04,0.0,0.22,69.31,59.26,56.5,54.32,-109,8.0
2026-09-07 18:15:58,Laboratorios Civil Inferior,53.34,Group 1 (Common),70.1,55.27,Group 1 (Common),53.47,0.0,0.0,0.0,51.69,70.1,0.52,0.17,0.35,28.82,55.34,53.19,51.21,-120,-10.0
2026-09-07 18:18:05,Laboratorios Civil Central,65.38,Group 1 (Common),86.15,67.14,Group 1 (Common),65.62,0.0,0.0,0.0,0.0,86.15,0.13,0.0,0.13,13.63,66.64,65.17,64.5,-108,7.0
2026-09-07 18:18:06,Lobby Eléctrica,53.52,Mixed,69.27,56.29,Group 1 (Common),53.29,0.0,51.27,0.0,0.0,69.27,1.17,28.3,0.17,1.0,56.18,53.0,49.83,-109,7.5
2026-09-07 18:18:12,Laboratorios Eléctrica Superior,61.79,Group 1 (Common),99.35,66.64,Group 1 (Common),63.06,0.0,0.0,0.0,0.0,99.35,0.0,0.0,0.09,0.3,65.56,61.54,57.27,-96,12.8
2026-09-07 18:18:14,Pasillo Decanato Civil,36.69,Silence,0.0,38.05,Silence,0.0,0.0,0.0,0.0,0.0,0.0,0.0,0.0,0.0,0.0,38.38,36.63,35.09,-109,11.2
2026-09-07 18:18:18,Lobby Civil,57.85,Group 1 (Common),90.19,59.62,Group 1 (Common),58.17,0.0,0.0,0.0,0.0,90.19,1.43,0.0,0.78,7.73,59.48,57.65,56.59,-103,7.2
2026-09-07 18:18:18,Pasillo Salones Eléctrica,42.21,Silence,0.0,45.16,Silence,0.0,0.0,0.0,0.0,0.0,0.0,0.0,0.0,0.0,0.0,45.59,42.45,38.23,-103,7.0
2026-09-07 18:18:21,Laboratorios Eléctrica Centro,61.36,Group 5 (Vehicle),76.04,62.48,Group 5 (Vehicle),60.78,0.0,0.0,0.0,61.15,23.78,0.0,0.0,0.09,76.04,62.48,61.05,60.63,-97,8.5
2026-09-07 18:18:23,Pasillo Salones Civil,69.49,Group 1 (Common),99.35,70.58,Group 1 (Common),69.7,0.0,0.0,0.0,0.0,99.35,0.0,0.0,0.48,0.0,70.82,69.47,66.54,-107,11.0
2026-09-07 18:18:25,Pasillo Decanato Eléctrica,56.41,Group 1 (Common),99.57,57.06,Group 1 (Common),56.35,0.0,0.0,0.0,0.0,99.57,0.09,0.0,0.13,0.04,57.01,56.53,55.67,-109,9.8
2026-09-07 18:18:28,Laboratorios Civil Superior,51.77,Mixed,54.17,52.91,Group 1 (Common),51.73,0.0,0.0,0.0,51.87,54.17,0.0,0.0,0.04,45.7,53.15,51.64,50.58,-111,7.2
2026-09-07 18:18:32,Salón - Uma Civil,49.08,Mixed,55.08,56.02,Group 2 (Impact),51.03,51.31,0.0,0.0,0.0,33.5,55.08,0.15,4.0,7.28,52.11,48.45,45.95,-113,7.0
2026-09-07 18:18:40,Salón - Extremo Civil,70.48,Mixed,61.43,74.85,Group 1 (Common),70.41,0.0,0.0,64.9,0.0,61.43,0.1,0.0,38.23,0.0,75.9,68.08,57.74,-109,8.2
2026-09-07 18:18:50,Salón - Extremo Eléctrica,33.63,Silence,0.0,35.97,Silence,0.0,0.0,0.0,0.0,0.0,0.0,0.0,0.0,0.0,0.0,35.99,33.31,28.05,-89,10.2
2026-09-07 18:18:54,Salón - Uma Eléctrica,62.12,Mixed,51.69,67.33,Group 1 (Common),64.34,0.0,0.0,59.56,0.0,51.69,0.04,0.0,48.13,0.0,68.62,58.72,49.76,-107,10.8
2026-09-07 18:19:05,Laboratorios Eléctrica Inferior,60.04,Mixed,53.56,61.35,Group 5 (Vehicle),58.97,0.0,0.0,0.0,60.7,46.18,0.0,0.0,0.13,53.56,61.63,60.16,56.9,-113,6.0
2026-09-07 18:20:58,Laboratorios Civil Inferior,50.58,Group 1 (Common),83.07,51.31,Group 1 (Common),50.56,0.0,0.0,0.0,0.0,83.07,5.69,0.04,0.39,10.81,51.39,50.55,49.69,-121,-3.8
2026-09-07 18:23:05,Laboratorios Civil Central,64.09,Group 1 (Common),89.15,64.62,Group 1 (Common),64.01,0.0,0.0,0.0,0.0,89.15,3.21,0.0,0.87,6.9,64.77,64.1,63.4,-102,9.2
2026-09-07 18:23:06,Lobby Eléctrica,57.15,Group 1 (Common),92.53,57.95,Group 1 (Common),57.04,0.0,0.0,0.0,0.0,92.53,0.04,7.07,0.13,0.0,58.01,57.29,55.23,-89,11.5
2026-09-07 18:23:12,Laboratorios Eléctrica Superior,62.83,Group 1 (Common),98.34,65.26,Group 1 (Common),62.33,0.0,0.0,0.0,0.0,98.34,0.0,0.15,1.46,0.0,65.61,61.19,58.74,-97,10.5
2026-09-07 18:23:14,Pasillo Decanato Civil,37.65,Silence,0.0,38.69,Silence,0.0,0.0,0.0,0.0,0.0,0.0,0.0,0.0,0.0,0.0,38.92,37.95,35.18,-109,9.0
2026-09-07 18:23:18,Lobby Civil,58.13,Group 1 (Common),90.06,59.85,Group 1 (Common),58.3,0.0,0.0,0.0,0.0,90.06,2.17,0.0,0.95,6.68,60.46,57.99,56.74,-96,7.2
2026-09-07 18:23:19,Pasillo Salones Eléctrica,44.41,Silence,0.0,47.58,Silence,0.0,0.0,0.0,0.0,0.0,0.0,0.0,0.0,0.0,0.0,47.34,44.75,40.47,-96,11.5
2026-09-07 18:23:21,Laboratorios Eléctrica Centro,64.35,Mixed,58.06,67.32,Group 1 (Common),63.86,0.0,0.0,0.0,63.01,58.06,0.0,0.0,0.0,41.75,67.54,62.08,60.84,-97,9.5
2026-09-07 18:23:23,Pasillo Salones Civil,67.77,Group 1 (Common),88.54,69.2,Group 1 (Common),67.83,0.0,0.0,67.42,0.0,88.54,0.0,0.0,11.15,0.0,69.59,67.42,65.22,-111,8.5
2026-09-07 18:23:25,Pasillo Decanato Eléctrica,56.63,Group 1 (Common),99.56,57.27,Group 1 (Common),56.72,0.0,0.0,0.0,0.0,99.56,0.0,0.0,0.05,0.15,57.1,56.87,55.47,-99,11.5
2026-09-07 18:23:28,Laboratorios Civil Superior,61.67,Group 1 (Common),99.57,65.62,Group 1 (Common),62.55,0.0,0.0,0.0,0.0,99.57,0.0,0.09,0.0,0.0,65.99,60.84,54.54,-117,0.2
2026-09-07 18:23:32,Salón - Uma Civil,53.7,Mixed,54.86,55.95,Group 4 (Person),53.05,53.4,0.0,54.22,0.0,28.69,16.41,0.0,54.86,0.09,55.78,53.62,48.82,-111,8.2
2026-09-07 18:23:40,Salón - Extremo Civil,72.82,Mixed,54.43,76.66,Group 4 (Person),69.43,49.56,0.0,73.85,0.0,54.43,12.2,0.0,33.29,0.0,77.59,71.86,46.17,-87,13.8
2026-09-07 18:23:50,Salón - Extremo Eléctrica,36.73,Silence,0.0,38.12,Silence,0.0,0.0,0.0,0.0,0.0,0.0,0.0,0.0,0.0,0.0,38.2,35.64,35.08,-85,9.8
2026-09-07 18:23:54,Salón - Uma Eléctrica,63.7,Group 1 (Common),73.05,68.85,Group 1 (Common),65.62,40.71,0.0,0.0,0.0,73.05,8.79,3.27,14.36,0.44,69.66,56.23,39.02,-114,4.8
2026-09-07 18:24:05,Laboratorios Eléctrica Inferior,55.96,Group 1 (Common),87.74,60.83,Group 1 (Common),57.5,0.0,0.0,0.0,0.0,87.74,0.2,0.39,3.42,8.3,57.23,55.87,54.37,-105,11.2
2026-09-07 18:25:58,Laboratorios Civil Inferior,58.61,Mixed,51.48,62.32,Group 5 (Vehicle),57.08,0.0,0.0,0.0,60.46,51.48,0.17,0.0,0.13,48.18,63.37,57.9,51.88,-118,-5.8
2026-09-07 18:28:05,Laboratorios Civil Central,63.84,Mixed,69.44,64.72,Group 2 (Impact),63.7,64.39,0.0,0.0,0.0,69.44,10.24,0.0,2.13,18.1,64.48,63.91,62.88,-102,11.0
2026-09-07 18:28:06,Lobby Eléctrica,52.49,Group 1 (Common),85.24,55.52,Group 1 (Common),52.95,52.52,0.0,0.0,0.0,85.24,9.77,0.09,0.22,4.64,53.62,52.4,50.89,-108,8.2
2026-09-07 18:28:12,Laboratorios Eléctrica Superior,62.09,Group 1 (Common),97.8,63.78,Group 1 (Common),61.44,0.0,0.0,0.0,0.0,97.8,0.0,0.2,0.15,1.76,63.87,61.93,57.67,-96,11.5
2026-09-07 18:28:14,Pasillo Decanato Civil,37.56,Silence,0.0,38.6,Silence,0.0,0.0,0.0,0.0,0.0,0.0,0.0,0.0,0.0,0.0,38.99,37.44,36.06,-101,9.2
2026-09-07 18:28:18,Lobby Civil,61.35,Group 1 (Common),75.82,63.12,Group 1 (Common),61.82,0.0,0.0,0.0,60.88,75.82,0.0,0.0,0.0,23.91,63.91,60.94,58.35,-99,12.0
2026-09-07 18:28:19,Pasillo Salones Eléctrica,74.13,Mixed,50.69,78.15,Group 4 (Person),67.03,0.0,0.0,75.04,0.0,50.69,0.0,0.0,46.7,2.39,78.42,68.62,62.82,-101,13.0
2026-09-07 18:28:21,Laboratorios Eléctrica Centro,65.33,Group 1 (Common),93.16,68.52,Group 1 (Common),65.68,0.0,0.0,0.0,0.0,93.16,0.1,0.0,0.24,6.4,68.94,64.2,61.99,-97,9.2
2026-09-07 18:28:23,Pasillo Salones Civil,69.13,Group 1 (Common),75.69,70.91,Group 1 (Common),69.07,0.0,0.0,69.51,0.0,75.69,0.04,0.0,24.0,0.0,71.1,69.34,66.76,-95,12.5
2026-09-07 18:28:25,Pasillo Decanato Eléctrica,57.09,Group 1 (Common),84.67,57.89,Group 1 (Common),57.11,0.0,0.0,0.0,0.0,84.67,7.42,0.0,7.13,0.88,57.65,56.9,56.28,-114,8.0
2026-09-07 18:28:28,Laboratorios Civil Superior,51.03,Mixed,62.15,51.66,Group 1 (Common),51.21,0.0,0.0,0.0,51.17,62.15,0.0,0.0,0.04,37.8,51.55,50.94,50.5,-111,4.8
2026-09-07 18:28:32,Salón - Uma Civil,55.37,Group 1 (Common),77.56,59.18,Group 1 (Common),55.04,52.41,0.0,0.0,0.0,77.56,9.03,0.52,7.2,5.77,59.65,54.6,47.76,-108,0.2
2026-09-07 18:28:40,Salón - Extremo Civil,71.7,Mixed,52.82,76.49,Group 1 (Common),73.58,0.0,0.0,69.82,0.0,52.82,0.09,0.0,47.01,0.0,76.98,67.19,62.77,-89,12.8
2026-09-07 18:28:50,Salón - Extremo Eléctrica,48.93,Group 1 (Common),71.73,58.43,Group 1 (Common),39.55,39.09,0.0,0.0,0.0,71.73,20.07,1.32,0.34,6.4,59.78,37.68,33.03,-85,9.8
2026-09-07 18:28:54,Salón - Uma Eléctrica,52.09,Group 2 (Impact),72.12,58.13,Group 2 (Impact),51.97,48.72,0.0,0.0,0.0,10.84,72.12,3.42,5.91,7.71,58.66,45.04,43.99,-105,10.8
2026-09-07 18:29:05,Laboratorios Eléctrica Inferior,56.81,Group 1 (Common),84.81,58.6,Group 1 (Common),56.82,0.0,0.0,0.0,55.75,84.81,0.0,0.0,0.05,15.04,58.9,56.41,55.19,-119,-9.0
2026-09-07 18:30:58,Laboratorios Civil Inferior,51.34,Mixed,54.47,52.51,Group 5 (Vehicle),0.0,50.45,0.0,0.0,51.62,1.0,54.47,5.73,4.3,34.51,52.75,50.63,49.64,-119,-5.2
2026-09-07 18:33:05,Laboratorios Civil Central,65.2,Group 1 (Common),70.7,66.1,Group 1 (Common),64.95,0.0,0.0,0.0,0.0,70.7,7.67,0.0,2.78,18.85,66.13,64.9,64.57,-119,-3.5
2026-09-07 18:33:06,Lobby Eléctrica,59.95,Group 1 (Common),99.41,63.37,Group 1 (Common),58.57,0.0,0.0,0.0,0.0,99.41,0.1,0.29,0.05,0.1,64.1,57.42,55.8,-115,2.2
2026-09-07 18:33:12,Laboratorios Eléctrica Superior,60.74,Group 1 (Common),99.61,64.47,Group 1 (Common),60.71,0.0,0.0,0.0,0.0,99.61,0.0,0.0,0.09,0.0,64.8,59.66,56.79,-102,11.0
2026-09-07 18:33:14,Pasillo Decanato Civil,40.63,Silence,0.0,42.28,Silence,0.0,0.0,0.0,0.0,0.0,0.0,0.0,0.0,0.0,0.0,41.93,40.63,39.52,-103,10.0
2026-09-07 18:33:18,Lobby Civil,63.29,Group 1 (Common),98.83,64.65,Group 1 (Common),62.67,0.0,0.0,0.0,0.0,98.83,0.1,0.05,0.73,0.1,64.9,63.04,61.18,-101,10.5
2026-09-07 18:33:19,Pasillo Salones Eléctrica,57.81,Mixed,38.33,61.22,Group 5 (Vehicle),56.18,60.08,58.98,0.0,58.38,6.25,18.31,35.16,1.9,38.33,61.27,56.87,54.81,-100,11.8
2026-09-07 18:33:21,Laboratorios Eléctrica Centro,68.21,Group 1 (Common),99.57,72.73,Group 1 (Common),69.69,0.0,0.0,0.0,0.0,99.57,0.0,0.0,0.0,0.13,72.04,64.55,62.27,-108,5.8
2026-09-07 18:33:23,Pasillo Salones Civil,70.28,Group 1 (Common),99.61,74.32,Group 1 (Common),71.73,0.0,0.0,0.0,0.0,99.61,0.0,0.0,0.1,0.0,73.33,68.67,66.27,-108,3.2
2026-09-07 18:33:25,Pasillo Decanato Eléctrica,57.65,Group 1 (Common),98.65,59.0,Group 1 (Common),57.92,0.0,0.0,0.0,0.0,98.65,1.0,0.0,0.22,0.09,59.27,57.33,56.3,-105,9.8
2026-09-07 18:33:28,Laboratorios Civil Superior,53.03,Group 1 (Common),89.6,55.27,Group 1 (Common),53.34,0.0,0.0,0.0,51.86,89.6,0.0,0.0,0.0,10.3,55.54,51.63,51.01,-99,11.2
2026-09-07 18:33:32,Salón - Uma Civil,61.68,Group 4 (Person),77.86,65.08,Group 4 (Person),61.57,0.0,0.0,61.87,0.0,21.96,0.0,0.0,77.86,0.0,65.49,59.06,55.79,-118,0.2
2026-09-07 18:33:40,Salón - Extremo Civil,71.91,Group 1 (Common),87.59,77.5,Group 4 (Person),70.24,0.0,0.0,76.0,0.0,87.59,0.26,0.04,12.02,0.0,78.5,67.38,58.37,-87,9.2
2026-09-07 18:33:50,Salón - Extremo Eléctrica,27.42,Silence,0.0,32.19,Silence,0.0,0.0,0.0,0.0,0.0,0.0,0.0,0.0,0.0,0.0,33.73,25.8,23.7,-84,10.8
2026-09-07 18:33:54,Salón - Uma Eléctrica,56.65,Mixed,53.17,63.36,Group 4 (Person),57.16,54.37,0.0,59.55,0.0,28.91,14.58,0.43,53.17,2.73,64.19,50.1,39.75,-115,0.8
2026-09-07 18:34:05,Laboratorios Eléctrica Inferior,65.84,Group 1 (Common),99.22,67.16,Group 1 (Common),66.19,0.0,0.0,0.0,0.0,99.22,0.0,0.0,0.52,0.0,67.92,65.3,62.14,-119,-5.2
2026-09-07 18:35:58,Laboratorios Civil Inferior,48.79,Mixed,45.05,49.65,Group 1 (Common),49.0,48.76,0.0,0.0,48.84,45.05,19.57,1.26,2.43,31.6,49.58,48.8,47.94,-119,-3.8
2026-09-07 18:38:05,Laboratorios Civil Central,63.87,Mixed,45.46,64.34,Group 1 (Common),64.0,63.94,0.0,0.0,63.89,29.44,21.0,0.05,4.0,45.46,64.1,63.89,63.34,-109,4.8
2026-09-07 18:38:06,Lobby Eléctrica,69.4,Group 1 (Common),99.56,71.84,Group 1 (Common),69.53,0.0,0.0,0.0,0.0,99.56,0.0,0.0,0.1,0.0,72.67,68.68,64.89,-101,13.2
2026-09-07 18:38:12,Laboratorios Eléctrica Superior,59.25,Group 1 (Common),80.6,64.11,Group 1 (Common),60.58,0.0,54.29,0.0,0.0,80.6,0.52,17.97,0.09,0.52,63.32,55.89,51.46,-99,12.5
2026-09-07 18:38:14,Pasillo Decanato Civil,37.46,Silence,0.0,38.5,Silence,0.0,0.0,0.0,0.0,0.0,0.0,0.0,0.0,0.0,0.0,38.27,37.21,36.49,-102,12.2
2026-09-07 18:38:18,Lobby Civil,59.67,Group 1 (Common),99.41,62.19,Group 1 (Common),60.16,0.0,0.0,0.0,0.0,99.41,0.05,0.0,0.29,0.0,63.34,58.55,56.78,-108,7.8
2026-09-07 18:38:19,Pasillo Salones Eléctrica,50.45,Mixed,54.49,53.68,Group 1 (Common),50.74,48.8,0.0,0.0,46.78,54.49,20.56,1.9,0.93,22.12,54.85,47.84,45.7,-101,12.0
2026-09-07 18:38:21,Laboratorios Eléctrica Centro,65.25,Group 1 (Common),99.35,66.99,Group 1 (Common),64.97,0.0,0.0,0.0,0.0,99.35,0.0,0.09,0.04,0.43,67.4,64.95,62.98,-109,3.8
2026-09-07 18:38:23,Pasillo Salones Civil,63.65,Group 1 (Common),72.75,66.11,Group 1 (Common),64.41,0.0,0.0,62.43,0.0,72.75,0.0,0.0,27.25,0.0,65.83,63.48,60.65,-103,11.0
2026-09-07 18:38:26,Pasillo Decanato Eléctrica,56.79,Group 1 (Common),99.26,57.5,Group 1 (Common),56.87,0.0,0.0,0.0,0.0,99.26,0.0,0.0,0.04,0.43,57.47,56.7,56.21,-108,9.2
2026-09-07 18:38:28,Laboratorios Civil Superior,50.58,Group 1 (Common),89.26,51.49,Group 1 (Common),50.77,0.0,0.0,0.0,0.0,89.26,0.63,0.0,0.1,10.06,51.18,50.39,50.18,-111,-1.2
2026-09-07 18:38:32,Salón - Uma Civil,62.02,Mixed,51.69,68.34,Group 4 (Person),52.23,0.0,48.01,65.45,50.84,51.69,17.8,7.51,16.93,5.95,68.96,47.38,42.92,-113,0.2
2026-09-07 18:38:40,Salón - Extremo Civil,72.8,Group 1 (Common),76.22,78.88,Group 1 (Common),75.6,0.0,0.0,65.54,0.0,76.22,0.26,0.0,23.52,0.0,78.24,70.13,54.12,-89,13.5
2026-09-07 18:38:50,Salón - Extremo Eléctrica,37.07,Silence,0.0,39.81,Silence,0.0,0.0,0.0,0.0,0.0,0.0,0.0,0.0,0.0,0.0,41.21,36.4,34.27,-85,7.5
2026-09-07 18:38:54,Salón - Uma Eléctrica,54.95,Mixed,59.72,59.97,Group 4 (Person),55.78,45.86,0.0,58.69,0.0,13.45,59.72,0.0,23.96,2.82,60.13,54.58,35.72,-115,
2026-09-07 18:39:05,Laboratorios Eléctrica Inferior,56.77,Mixed,58.16,60.87,Group 1 (Common),58.03,0.0,0.0,0.0,55.74,39.15,0.61,0.13,1.91,58.16,61.78,55.18,54.51,-111,7.5
2026-09-07 18:40:58,Laboratorios Civil Inferior,48.89,Mixed,55.47,51.05,Group 2 (Impact),48.22,48.44,0.0,0.0,47.93,18.21,55.47,0.83,3.47,22.02,51.68,48.24,47.64,-119,-0.5
2026-09-07 18:43:05,Laboratorios Civil Central,63.66,Mixed,67.53,64.11,Group 1 (Common),63.61,0.0,0.0,0.0,63.59,67.53,8.59,0.0,3.82,20.18,64.28,63.67,62.96,-113,-2.8
2026-09-07 18:43:06,Lobby Eléctrica,65.49,Group 1 (Common),82.34,68.15,Group 1 (Common),65.41,0.0,0.0,65.22,0.0,82.34,0.22,0.0,17.45,0.0,69.09,66.12,60.27,-97,9.5
2026-09-07 18:43:12,Laboratorios Eléctrica Superior,60.03,Mixed,53.6,63.17,Group 5 (Vehicle),58.76,0.0,0.0,0.0,60.16,53.6,0.13,0.09,0.13,45.96,63.45,59.19,52.98,-97,10.0
2026-09-07 18:43:14,Pasillo Decanato Civil,37.91,Silence,0.0,39.28,Silence,0.0,0.0,0.0,0.0,0.0,0.0,0.0,0.0,0.0,0.0,39.33,37.69,36.96,-106,10.8
2026-09-07 18:43:18,Lobby Civil,66.32,Group 1 (Common),88.63,69.34,Group 1 (Common),67.64,0.0,0.0,65.79,0.0,88.63,0.0,5.25,5.82,0.04,68.84,65.36,60.5,-99,12.0
2026-09-07 18:43:19,Pasillo Salones Eléctrica,46.79,Mixed,55.6,48.49,Group 1 (Common),46.98,0.0,47.3,0.0,0.0,39.32,4.64,55.6,0.09,0.48,48.38,47.13,44.3,-105,6.8
2026-09-07 18:43:21,Laboratorios Eléctrica Centro,64.56,Group 1 (Common),83.55,68.93,Group 1 (Common),66.08,0.0,0.0,0.0,63.58,83.55,1.04,0.0,0.74,14.54,66.86,63.19,62.4,-97,7.2
2026-09-07 18:43:23,Pasillo Salones Civil,59.62,Group 1 (Common),99.52,61.38,Group 1 (Common),59.75,0.0,0.0,0.0,0.0,99.52,0.0,0.09,0.3,0.0,61.39,59.41,55.85,-107,9.0
2026-09-07 18:43:25,Pasillo Decanato Eléctrica,56.85,Group 1 (Common),99.44,57.36,Group 1 (Common),56.81,0.0,0.0,0.0,0.0,99.44,0.0,0.0,0.09,0.26,57.59,57.01,56.1,-119,-3.0
2026-09-07 18:43:28,Laboratorios Civil Superior,50.66,Group 1 (Common),95.1,51.29,Group 1 (Common),50.71,0.0,0.0,0.0,0.0,95.1,0.04,0.0,0.0,4.82,51.45,50.66,50.17,-103,10.8
2026-09-07 18:43:32,Salón - Uma Civil,65.2,Group 4 (Person),91.28,68.29,Group 4 (Person),0.0,50.91,0.0,65.02,0.0,1.04,7.38,0.0,91.28,0.0,69.18,61.6,59.23,-111,9.5
2026-09-07 18:43:40,Salón - Extremo Civil,48.35,Group 1 (Common),74.48,52.47,Group 1 (Common),48.7,49.84,0.0,0.0,0.0,74.48,17.32,0.0,8.42,0.0,50.37,47.87,46.57,-105,11.5
2026-09-07 18:43:50,Salón - Extremo Eléctrica,31.93,Silence,0.0,33.62,Silence,0.0,0.0,0.0,0.0,0.0,0.0,0.0,0.0,0.0,0.0,33.16,31.91,30.54,-95,10.2
2026-09-07 18:43:54,Salón - Uma Eléctrica,41.63,Silence,0.0,47.73,Silence,0.0,0.0,0.0,0.0,0.0,0.0,0.0,0.0,0.0,0.0,48.33,39.36,37.34,-115,4.5
2026-09-07 18:44:05,Laboratorios Eléctrica Inferior,65.68,Group 1 (Common),98.31,68.94,Group 1 (Common),66.0,0.0,0.0,0.0,0.0,98.31,0.0,0.0,0.0,1.35,69.37,65.74,58.94,-120,-8.0
2026-09-07 18:45:58,Laboratorios Civil Inferior,47.41,Mixed,65.58,48.56,Group 1 (Common),47.76,47.26,0.0,0.0,0.0,16.8,65.58,1.37,4.54,11.82,48.6,47.24,46.37,-115,3.2
2026-09-07 18:48:05,Laboratorios Civil Central,63.81,Mixed,64.45,64.69,Group 1 (Common),63.7,0.0,0.0,0.0,63.48,64.45,9.42,0.04,2.82,23.26,64.52,63.76,63.29,-111,6.2
2026-09-07 18:48:06,Lobby Eléctrica,59.29,Mixed,41.23,63.31,Group 4 (Person),55.82,0.0,57.49,62.14,0.0,41.23,3.47,20.92,34.07,0.17,64.16,58.04,51.43,-111,-0.8
2026-09-07 18:48:12,Laboratorios Eléctrica Superior,53.45,Group 1 (Common),86.89,55.49,Group 1 (Common),53.6,0.0,0.0,0.0,0.0,86.89,0.04,1.65,0.0,11.24,55.85,53.23,50.53,-97,13.8
2026-09-07 18:48:14,Pasillo Decanato Civil,37.43,Silence,0.0,39.03,Silence,0.0,0.0,0.0,0.0,0.0,0.0,0.0,0.0,0.0,0.0,38.91,37.36,36.07,-99,10.8
2026-09-07 18:48:18,Lobby Civil,61.98,Mixed,52.04,63.28,Group 5 (Vehicle),62.13,62.86,0.0,62.8,63.39,52.04,13.15,5.77,15.41,13.76,63.24,62.43,58.67,-101,12.2
2026-09-07 18:48:19,Pasillo Salones Eléctrica,49.95,Group 1 (Common),71.57,56.18,Group 1 (Common),52.43,47.69,0.0,0.0,47.92,71.57,12.8,6.34,0.69,8.51,55.53,47.97,43.73,-99,13.0
2026-09-07 18:48:21,Laboratorios Eléctrica Centro,61.39,Group 5 (Vehicle),94.84,61.78,Group 5 (Vehicle),0.0,0.0,0.0,0.0,61.3,4.99,0.0,0.0,0.0,94.84,61.8,61.36,61.18,-103,9.0
2026-09-07 18:48:23,Pasillo Salones Civil,69.91,Group 1 (Common),97.79,71.31,Group 1 (Common),69.49,0.0,0.0,0.0,0.0,97.79,0.0,0.0,2.04,0.0,71.78,70.27,66.8,-108,8.0
2026-09-07 18:48:26,Pasillo Decanato Eléctrica,56.43,Group 1 (Common),99.0,57.13,Group 1 (Common),56.6,0.0,0.0,0.0,0.0,99.0,0.52,0.0,0.17,0.0,57.15,56.33,55.68,-103,10.8
2026-09-07 18:48:28,Laboratorios Civil Superior,51.74,Mixed,58.33,53.67,Group 1 (Common),52.24,0.0,0.0,0.0,51.07,41.41,0.0,0.0,0.04,58.33,54.61,50.77,50.26,-109,8.2
2026-09-07 18:48:32,Salón - Uma Civil,69.49,Mixed,53.65,73.81,Group 4 (Person),52.76,0.0,0.0,69.32,0.0,32.47,13.8,0.0,53.65,0.0,74.34,65.48,48.6,-114,2.2
2026-09-07 18:48:40,Salón - Extremo Civil,71.78,Group 4 (Person),75.91,75.11,Group 4 (Person),71.41,0.0,0.0,72.14,0.0,21.48,1.35,0.0,75.91,1.04,75.17,67.89,52.06,-95,12.0
2026-09-07 18:48:50,Salón - Extremo Eléctrica,45.02,Group 2 (Impact),77.34,60.82,Group 2 (Impact),38.29,53.29,0.0,0.0,0.0,12.76,77.34,5.16,0.52,4.3,54.52,38.18,34.65,-94,9.5
2026-09-07 18:48:54,Salón - Uma Eléctrica,63.46,Mixed,56.12,68.98,Group 4 (Person),46.57,42.48,0.0,66.34,0.0,16.02,27.69,0.0,56.12,0.09,69.39,52.06,40.64,-109,6.0
2026-09-07 18:49:05,Laboratorios Eléctrica Inferior,59.63,Group 5 (Vehicle),87.02,64.54,Group 5 (Vehicle),0.0,55.73,0.0,0.0,57.66,3.34,8.33,0.04,1.26,87.02,64.42,55.08,51.87,-119,-6.5
2026-09-07 18:50:58,Laboratorios Civil Inferior,56.85,Group 1 (Common),93.19,60.01,Group 1 (Common),56.75,0.0,0.0,0.0,0.0,93.19,3.82,0.04,0.52,2.26,60.32,55.86,50.5,-120,-2.8
2026-09-07 18:53:05,Laboratorios Civil Central,63.69,Mixed,59.42,64.1,Group 1 (Common),63.65,63.33,0.0,0.0,63.94,59.42,17.32,0.0,2.3,21.01,64.32,63.78,62.69,-115,0.5
2026-09-07 18:53:12,Lobby Eléctrica,63.86,Group 1 (Common),99.61,66.69,Group 1 (Common),64.06,0.0,0.0,0.0,0.0,99.61,0.0,0.0,0.0,0.0,66.89,64.45,56.55,-101,12.8
2026-09-07 18:53:12,Laboratorios Eléctrica Superior,48.65,Mixed,56.86,51.29,Group 5 (Vehicle),47.84,0.0,0.0,0.0,48.66,42.19,0.3,0.61,0.04,56.86,52.0,48.03,46.94,-95,12.8
2026-09-07 18:53:14,Pasillo Decanato Civil,28.47,Silence,0.0,30.61,Silence,0.0,0.0,0.0,0.0,0.0,0.0,0.0,0.0,0.0,0.0,31.73,27.15,25.89,-109,8.2
2026-09-07 18:53:18,Lobby Civil,60.32,Group 1 (Common),98.05,61.85,Group 1 (Common),59.97,0.0,0.0,0.0,0.0,98.05,1.35,0.0,0.26,0.09,62.29,60.23,57.69,-103,10.8
2026-09-07 18:53:19,Pasillo Salones Eléctrica,45.24,Mixed,40.28,54.54,Group 1 (Common),51.85,40.0,44.24,0.0,53.95,29.99,40.28,13.54,1.0,15.28,52.86,39.58,37.7,-101,10.8
2026-09-07 18:53:21,Laboratorios Eléctrica Centro,60.96,Group 5 (Vehicle),94.44,61.39,Group 5 (Vehicle),0.0,0.0,0.0,0.0,60.9,5.51,0.0,0.0,0.0,94.44,61.65,61.02,60.23,-107,5.8
2026-09-07 18:53:23,Pasillo Salones Civil,59.7,Group 1 (Common),74.74,63.11,Group 2 (Impact),57.81,62.42,56.83,0.0,0.0,74.74,9.85,8.16,7.16,0.0,63.65,58.73,55.15,-103,11.8
2026-09-07 18:53:26,Pasillo Decanato Eléctrica,56.91,Group 1 (Common),99.26,57.57,Group 1 (Common),56.88,0.0,0.0,0.0,0.0,99.26,0.13,0.0,0.04,0.35,57.76,56.91,56.2,-107,10.5
2026-09-07 18:53:29,Laboratorios Civil Superior,50.05,Group 1 (Common),76.26,50.49,Group 1 (Common),50.04,0.0,0.0,0.0,50.12,76.26,0.74,0.0,0.3,22.66,50.46,50.05,49.37,-109,7.8
2026-09-07 18:53:32,Salón - Uma Civil,73.74,Mixed,62.59,77.98,Group 1 (Common),74.06,0.0,0.0,74.84,0.0,62.59,3.56,0.0,33.59,0.0,77.41,66.76,43.0,-111,3.2
2026-09-07 18:53:40,Salón - Extremo Civil,66.65,Mixed,45.44,72.98,Group 1 (Common),68.75,42.41,0.0,0.0,40.08,34.38,45.44,0.61,4.08,15.54,73.99,47.1,39.4,-85,12.5
2026-09-07 18:53:50,Salón - Extremo Eléctrica,24.72,Silence,0.0,27.35,Silence,0.0,0.0,0.0,0.0,0.0,0.0,0.0,0.0,0.0,0.0,27.18,24.58,22.55,-86,9.8
2026-09-07 18:53:54,Salón - Uma Eléctrica,47.27,Group 2 (Impact),75.3,53.98,Group 2 (Impact),0.0,43.4,0.0,0.0,0.0,1.35,75.3,0.43,2.04,20.83,55.59,43.49,37.61,-115,5.0
2026-09-07 18:54:05,Laboratorios Eléctrica Inferior,54.1,Mixed,64.02,55.38,Group 1 (Common),54.76,0.0,0.0,0.0,53.91,35.03,0.56,0.0,0.26,64.02,55.85,53.69,52.82,-108,7.8
2026-09-07 18:55:59,Laboratorios Civil Inferior,49.35,Mixed,47.53,51.72,Group 1 (Common),50.23,48.33,0.0,0.0,49.82,47.53,16.58,1.04,1.39,33.38,51.83,49.28,47.33,-120,-4.0
2026-09-07 18:58:05,Laboratorios Civil Central,63.01,Group 1 (Common),73.13,63.82,Group 1 (Common),62.92,0.0,0.0,0.0,0.0,73.13,5.95,0.0,1.52,19.44,63.77,62.86,62.58,-101,12.8
2026-09-07 18:58:06,Lobby Eléctrica,65.51,Group 1 (Common),97.44,66.97,Group 1 (Common),65.46,0.0,0.0,0.0,0.0,97.44,0.0,0.0,2.43,0.0,67.45,65.24,60.67,-107,8.5
2026-09-07 18:58:12,Laboratorios Eléctrica Superior,47.97,Group 5 (Vehicle),88.98,50.68,Group 5 (Vehicle),0.0,0.0,0.0,0.0,48.71,10.72,0.0,0.0,0.26,88.98,49.17,47.95,45.9,-101,13.0
2026-09-07 18:58:14,Pasillo Decanato Civil,32.48,Silence,0.0,33.61,Silence,0.0,0.0,0.0,0.0,0.0,0.0,0.0,0.0,0.0,0.0,33.67,32.49,31.15,-97,11.8
2026-09-07 18:58:24,Lobby Civil,68.76,Group 1 (Common),72.27,71.18,Group 2 (Impact),67.7,70.42,0.0,0.0,0.0,72.27,12.8,0.04,14.76,0.09,71.68,67.66,66.5,-101,8.5
2026-09-07 18:58:24,Pasillo Salones Eléctrica,61.02,Group 1 (Common),99.31,64.15,Group 1 (Common),59.45,0.0,0.0,0.0,0.0,99.31,0.09,0.35,0.0,0.0,64.39,60.24,57.11,-99,13.5
2026-09-07 18:58:24,Laboratorios Eléctrica Centro,61.8,Mixed,64.8,63.26,Group 1 (Common),62.73,0.0,0.0,0.0,61.45,35.07,0.0,0.0,0.0,64.8,63.53,61.5,60.74,-108,-1.2
2026-09-07 18:58:24,Pasillo Salones Civil,51.34,Group 1 (Common),93.49,52.55,Group 1 (Common),51.38,0.0,0.0,0.0,0.0,93.49,0.3,5.16,0.17,0.69,52.72,51.78,48.08,-101,10.5
2026-09-07 18:58:26,Pasillo Decanato Eléctrica,56.99,Group 1 (Common),99.22,57.66,Group 1 (Common),56.93,0.0,0.0,0.0,0.0,99.22,0.09,0.04,0.04,0.35,57.51,56.88,56.1,-117,-10.5
2026-09-07 18:58:29,Laboratorios Civil Superior,49.87,Group 1 (Common),73.61,50.82,Group 1 (Common),50.03,0.0,0.0,0.0,0.0,73.61,0.0,0.0,0.0,26.39,50.69,49.93,49.15,-111,9.0
2026-09-07 18:58:32,Salón - Uma Civil,61.07,Mixed,59.62,66.29,Group 4 (Person),0.0,47.72,0.0,62.83,61.09,0.0,24.32,0.0,59.62,15.87,67.36,51.54,44.27,-109,9.2
2026-09-07 18:58:40,Salón - Extremo Civil,51.99,Group 2 (Impact),77.93,54.9,Group 2 (Impact),0.0,51.75,0.0,0.0,0.0,5.32,77.93,1.56,8.3,6.84,55.93,51.19,48.31,-93,13.2
2026-09-07 18:58:50,Salón - Extremo Eléctrica,41.56,Silence,0.0,48.31,Silence,0.0,0.0,0.0,0.0,0.0,0.0,0.0,0.0,0.0,0.0,45.54,40.25,36.8,-85,10.8
2026-09-07 18:58:54,Salón - Uma Eléctrica,57.65,Mixed,69.36,62.6,Group 1 (Common),59.32,54.46,0.0,0.0,61.32,69.36,19.01,1.35,0.69,9.51,59.68,57.81,52.15,-117,0.2
2026-09-07 18:59:05,Laboratorios Eléctrica Inferior,59.61,Mixed,64.41,62.42,Group 1 (Common),60.51,0.0,0.0,0.0,59.86,64.41,0.22,0.0,0.61,34.77,62.67,58.69,56.08,-120,0.2
2026-09-07 19:00:59,Laboratorios Civil Inferior,47.18,Mixed,53.08,47.66,Group 2 (Impact),0.0,47.22,0.0,0.0,47.12,6.77,53.08,8.25,4.12,27.78,47.52,47.14,46.83,-113,-2.2
2026-09-07 19:03:05,Laboratorios Civil Central,63.8,Group 1 (Common),82.55,64.42,Group 1 (Common),63.73,0.0,0.0,0.0,0.0,82.55,10.68,0.0,1.26,5.56,64.52,63.63,63.46,-111,10.0
2026-09-07 19:03:06,Lobby Eléctrica,67.61,Group 1 (Common),99.61,71.16,Group 1 (Common),68.23,0.0,0.0,0.0,0.0,99.61,0.0,0.0,0.04,0.04,71.46,65.66,61.86,-115,-4.2
2026-09-07 19:03:12,Laboratorios Eléctrica Superior,54.96,Group 1 (Common),99.57,58.93,Group 1 (Common),55.66,0.0,0.0,0.0,0.0,99.57,0.0,0.04,0.0,0.09,58.33,54.8,49.73,-95,11.2
2026-09-07 19:03:15,Pasillo Decanato Civil,26.86,Silence,0.0,28.04,Silence,0.0,0.0,0.0,0.0,0.0,0.0,0.0,0.0,0.0,0.0,28.09,26.79,25.87,-99,12.2
2026-09-07 19:03:18,Lobby Civil,57.93,Group 1 (Common),95.88,59.63,Group 1 (Common),57.7,0.0,0.0,0.0,0.0,95.88,0.82,0.0,0.69,2.56,59.69,57.76,55.93,-105,10.5
2026-09-07 19:03:19,Pasillo Salones Eléctrica,50.27,Mixed,61.07,52.5,Group 4 (Person),50.31,0.0,0.0,50.87,0.0,34.51,0.0,0.0,61.07,4.43,52.15,50.97,47.23,-103,10.8
2026-09-07 19:03:21,Laboratorios Eléctrica Centro,62.38,Group 5 (Vehicle),95.96,63.59,Group 5 (Vehicle),0.0,0.0,0.0,0.0,62.35,3.78,0.0,0.0,0.0,95.96,63.75,62.02,61.29,-95,9.8
2026-09-07 19:03:23,Pasillo Salones Civil,56.88,Group 1 (Common),77.82,59.34,Group 2 (Impact),57.1,59.3,0.0,58.42,0.0,77.82,6.94,1.52,9.64,3.99,58.17,57.02,55.03,-97,12.5
2026-09-07 19:03:26,Pasillo Decanato Eléctrica,55.24,Group 1 (Common),99.56,56.28,Group 1 (Common),55.27,0.0,0.0,0.0,0.0,99.56,0.05,0.0,0.05,0.15,56.62,54.85,54.4,-117,-5.5
2026-09-07 19:03:33,Laboratorios Civil Superior,56.59,Group 1 (Common),86.24,58.46,Group 5 (Vehicle),55.5,0.0,0.0,0.0,57.71,86.24,0.17,0.0,1.48,11.98,59.44,56.11,52.68,-114,5.5
2026-09-07 19:03:33,Salón - Uma Civil,61.27,Group 4 (Person),72.27,64.92,Group 4 (Person),59.9,0.0,0.0,60.35,0.0,21.35,6.42,0.0,72.27,0.0,65.36,58.77,53.4,-115,-3.2
2026-09-07 19:03:40,Salón - Extremo Civil,65.78,Group 4 (Person),86.5,71.8,Group 1 (Common),71.65,0.0,0.0,66.52,0.0,12.93,0.39,0.0,86.5,0.0,71.24,55.56,39.52,-89,9.0
2026-09-07 19:03:50,Salón - Extremo Eléctrica,34.9,Silence,0.0,36.94,Silence,0.0,0.0,0.0,0.0,0.0,0.0,0.0,0.0,0.0,0.0,36.42,34.24,33.2,-96,9.8
2026-09-07 19:03:54,Salón - Uma Eléctrica,61.7,Group 1 (Common),83.89,64.12,Group 1 (Common),61.46,0.0,0.0,62.35,0.0,83.89,0.1,0.2,15.58,0.1,64.24,60.11,57.51,-105,11.2
2026-09-07 19:04:05,Laboratorios Eléctrica Inferior,56.86,Group 1 (Common),70.12,57.92,Group 1 (Common),57.11,0.0,0.0,0.0,57.27,70.12,1.12,0.24,5.81,22.8,58.46,56.52,55.35,-119,-5.5
2026-09-07 19:05:59,Laboratorios Civil Inferior,50.09,Mixed,64.45,50.59,Group 5 (Vehicle),50.2,0.0,0.0,0.0,50.2,34.42,0.35,0.17,0.43,64.45,50.87,50.09,49.34,-117,-3.0
2026-09-07 19:08:05,Laboratorios Civil Central,71.41,Group 1 (Common),97.66,75.94,Group 1 (Common),72.54,0.0,0.0,0.0,0.0,97.66,0.0,0.0,0.65,1.56,75.76,69.56,66.44,-109,-4.8
2026-09-07 19:08:06,Lobby Eléctrica,68.79,Group 1 (Common),99.61,72.8,Group 1 (Common),69.19,0.0,0.0,0.0,0.0,99.61,0.0,0.0,0.0,0.0,72.93,66.13,59.28,-97,12.5
2026-09-07 19:08:12,Laboratorios Eléctrica Superior,55.38,Mixed,67.84,57.94,Group 1 (Common),56.41,0.0,55.5,0.0,0.0,67.84,0.69,30.25,0.09,1.13,57.9,55.85,49.78,-103,12.2
2026-09-07 19:08:14,Pasillo Decanato Civil,31.67,Silence,0.0,33.47,Silence,0.0,0.0,0.0,0.0,0.0,0.0,0.0,0.0,0.0,0.0,33.35,31.8,28.39,-108,-5.8
2026-09-07 19:08:18,Lobby Civil,69.17,Group 1 (Common),99.61,77.85,Group 1 (Common),73.37,0.0,0.0,0.0,0.0,99.61,0.0,0.0,0.04,0.0,73.21,68.14,66.27,-101,12.5
2026-09-07 19:08:19,Pasillo Salones Eléctrica,57.88,Mixed,53.21,60.79,Group 2 (Impact),55.6,60.12,0.0,0.0,54.05,53.21,18.88,1.09,5.12,21.7,60.54,56.44,52.42,-105,11.8
2026-09-07 19:08:21,Laboratorios Eléctrica Centro,66.66,Group 1 (Common),99.44,68.35,Group 1 (Common),66.79,0.0,0.0,0.0,0.0,99.44,0.0,0.04,0.13,0.26,68.7,66.61,64.7,-112,2.2
2026-09-07 19:08:23,Pasillo Salones Civil,59.6,Group 1 (Common),97.92,62.0,Group 1 (Common),59.55,0.0,0.0,0.0,0.0,97.92,1.3,0.0,0.74,0.0,62.7,59.72,55.09,-91,12.0
2026-09-07 19:08:26,Pasillo Decanato Eléctrica,55.66,Group 1 (Common),99.46,56.58,Group 1 (Common),55.58,0.0,0.0,0.0,0.0,99.46,0.2,0.05,0.2,0.0,56.67,55.37,54.79,-111,9.2
2026-09-07 19:08:29,Laboratorios Civil Superior,52.07,Mixed,50.69,54.19,Group 1 (Common),52.73,0.0,0.0,0.0,52.18,48.48,0.56,0.04,0.3,50.69,52.91,52.09,51.15,-109,9.2
2026-09-07 19:08:32,Salón - Uma Civil,51.79,Mixed,55.56,57.58,Group 4 (Person),0.0,52.14,0.0,55.82,44.44,0.0,55.56,0.39,35.89,7.99,57.73,47.81,42.81,-112,4.8
2026-09-07 19:08:40,Salón - Extremo Civil,69.62,Group 4 (Person),78.04,74.78,Group 4 (Person),65.76,0.0,0.0,66.37,0.0,21.79,0.0,0.0,78.04,0.04,75.65,66.34,59.79,-87,13.0
2026-09-07 19:08:50,Salón - Extremo Eléctrica,41.63,Silence,0.0,45.36,Silence,0.0,0.0,0.0,0.0,0.0,0.0,0.0,0.0,0.0,0.0,43.67,41.13,37.71,-93,8.8
2026-09-07 19:08:54,Salón - Uma Eléctrica,63.75,Group 1 (Common),90.28,67.21,Group 1 (Common),64.21,0.0,0.0,65.93,0.0,90.28,0.0,0.0,9.57,0.0,67.75,61.6,55.92,-117,-5.5
2026-09-07 19:09:05,Laboratorios Eléctrica Inferior,58.55,Mixed,48.24,61.3,Group 4 (Person),0.0,59.77,0.0,61.63,58.64,3.03,30.18,0.34,18.12,48.24,61.46,57.26,54.74,-114,1.2
2026-09-07 19:10:59,Laboratorios Civil Inferior,47.9,Mixed,48.96,48.87,Group 1 (Common),47.74,47.77,0.0,0.0,47.87,48.96,25.61,0.17,2.56,22.66,49.15,47.71,46.91,-120,-0.5
2026-09-07 19:13:05,Laboratorios Civil Central,63.79,Mixed,66.89,64.43,Group 1 (Common),63.84,0.0,0.0,0.0,63.36,66.89,0.29,0.0,0.98,31.74,64.54,63.85,63.21,-115,3.5
2026-09-07 19:13:06,Lobby Eléctrica,66.05,Group 1 (Common),98.96,68.0,Group 1 (Common),65.43,0.0,0.0,0.0,0.0,98.96,0.0,0.0,0.78,0.0,69.27,65.29,62.49,-102,1.2
2026-09-07 19:13:12,Laboratorios Eléctrica Superior,64.02,Group 1 (Common),99.56,67.44,Group 1 (Common),65.08,0.0,0.0,0.0,0.0,99.56,0.0,0.1,0.0,0.0,65.94,63.43,62.72,-99,13.5
2026-09-07 19:13:14,Pasillo Decanato Civil,26.62,Silence,0.0,28.62,Silence,0.0,0.0,0.0,0.0,0.0,0.0,0.0,0.0,0.0,0.0,28.57,26.1,24.34,-97,12.5
2026-09-07 19:13:18,Lobby Civil,56.26,Group 1 (Common),87.4,58.61,Group 1 (Common),55.3,0.0,0.0,0.0,0.0,87.4,2.88,0.05,1.95,7.62,59.41,55.38,52.19,-103,11.0
2026-09-07 19:13:19,Pasillo Salones Eléctrica,50.51,Mixed,54.25,53.07,Group 1 (Common),51.1,49.23,0.0,0.0,0.0,54.25,27.6,0.04,18.23,0.0,53.72,49.98,48.45,-96,12.8
2026-09-07 19:13:21,Laboratorios Eléctrica Centro,70.79,Group 1 (Common),98.14,72.82,Group 1 (Common),70.33,0.0,0.0,0.0,0.0,98.14,0.0,0.0,0.0,1.51,73.05,70.14,67.59,-105,9.0
2026-09-07 19:13:23,Pasillo Salones Civil,61.11,Group 1 (Common),98.78,62.19,Group 1 (Common),60.82,0.0,0.0,0.0,0.0,98.78,0.63,0.1,0.29,0.0,62.35,61.1,59.42,-101,12.0
2026-09-07 19:13:26,Pasillo Decanato Eléctrica,55.68,Group 1 (Common),99.39,56.85,Group 1 (Common),55.68,0.0,0.0,0.0,0.0,99.39,0.13,0.0,0.17,0.17,57.2,55.57,54.21,-103,10.8
2026-09-07 19:13:29,Laboratorios Civil Superior,51.7,Group 1 (Common),85.81,52.36,Group 1 (Common),51.77,0.0,0.0,0.0,0.0,85.81,0.04,0.0,0.09,14.06,52.21,51.67,51.15,-99,8.5
2026-09-07 19:13:32,Salón - Uma Civil,61.17,Mixed,60.81,67.03,Group 4 (Person),53.89,42.53,0.0,61.66,0.0,25.61,13.28,0.0,60.81,0.17,67.54,52.84,39.64,-119,-4.0
2026-09-07 19:13:40,Salón - Extremo Civil,50.35,Group 2 (Impact),75.04,55.64,Group 1 (Common),55.08,45.12,0.0,54.01,0.0,11.72,75.04,0.04,9.2,3.86,56.66,45.99,42.76,-117,-13.0
2026-09-07 19:13:57,Salón - Extremo Eléctrica,30.04,Silence,0.0,34.2,Silence,0.0,0.0,0.0,0.0,0.0,0.0,0.0,0.0,0.0,0.0,33.59,29.44,27.57,-95,9.2
2026-09-07 19:13:57,Salón - Uma Eléctrica,67.89,Group 1 (Common),76.13,70.92,Group 1 (Common),68.18,0.0,0.0,70.18,0.0,76.13,0.04,0.0,23.74,0.0,70.71,67.74,60.82,-113,7.8
2026-09-07 19:14:05,Laboratorios Eléctrica Inferior,67.95,Group 1 (Common),82.94,69.6,Group 1 (Common),67.95,0.0,0.0,0.0,67.78,82.94,0.0,0.0,0.22,16.58,69.85,67.65,66.74,-111,2.0
2026-09-07 19:15:59,Laboratorios Civil Inferior,50.79,Group 1 (Common),88.54,52.2,Group 1 (Common),50.75,0.0,0.0,0.0,0.0,88.54,6.42,0.0,0.78,4.38,52.61,50.73,49.34,-120,-2.0
2026-09-07 19:18:05,Laboratorios Civil Central,63.9,Mixed,56.98,64.49,Group 5 (Vehicle),63.86,0.0,0.0,0.0,64.02,56.98,4.98,0.0,2.2,35.69,64.53,63.67,63.41,-107,1.8
2026-09-07 19:18:06,Lobby Eléctrica,62.82,Mixed,50.05,69.17,Group 3 (Rotary Tool),62.25,61.97,69.02,60.03,0.0,50.05,17.19,19.73,12.35,0.49,66.04,61.41,59.67,-99,12.5
2026-09-07 19:18:12,Laboratorios Eléctrica Superior,66.55,Group 1 (Common),99.61,69.78,Group 1 (Common),65.46,0.0,0.0,0.0,0.0,99.61,0.09,0.0,0.09,0.0,70.63,64.09,62.64,-96,11.5
2026-09-07 19:18:15,Pasillo Decanato Civil,31.1,Silence,0.0,35.56,Silence,0.0,0.0,0.0,0.0,0.0,0.0,0.0,0.0,0.0,0.0,36.58,29.43,27.51,-105,10.8
2026-09-07 19:18:18,Lobby Civil,67.9,Group 1 (Common),99.51,70.42,Group 1 (Common),66.67,0.0,0.0,0.0,0.0,99.51,0.0,0.0,0.29,0.0,71.36,66.32,65.38,-95,11.5
2026-09-07 19:18:19,Pasillo Salones Eléctrica,51.32,Group 1 (Common),73.83,53.61,Group 1 (Common),52.16,0.0,49.97,0.0,0.0,73.83,1.42,19.87,0.15,4.69,53.52,50.72,48.82,-105,11.0
2026-09-07 19:18:21,Laboratorios Eléctrica Centro,68.64,Group 1 (Common),99.41,70.65,Group 1 (Common),69.15,0.0,0.0,0.0,0.0,99.41,0.0,0.0,0.0,0.24,70.99,68.77,63.3,-105,8.5
2026-09-07 19:18:23,Pasillo Salones Civil,61.69,Group 1 (Common),98.44,63.11,Group 1 (Common),62.01,0.0,0.0,0.0,0.0,98.44,0.05,0.29,1.07,0.0,62.69,61.52,59.91,-93,13.0
2026-09-07 19:18:26,Pasillo Decanato Eléctrica,58.77,Group 1 (Common),97.57,60.89,Group 1 (Common),58.97,0.0,0.0,0.0,0.0,97.57,0.69,1.13,0.13,0.26,61.23,58.36,57.48,-117,2.2
2026-09-07 19:18:29,Laboratorios Civil Superior,53.47,Group 1 (Common),76.43,55.28,Group 2 (Impact),52.55,54.23,0.0,0.0,0.0,76.43,16.45,0.0,1.95,5.34,55.39,53.25,51.34,-102,10.2
2026-09-07 19:18:32,Salón - Uma Civil,72.45,Group 4 (Person),99.61,77.43,Group 4 (Person),0.0,0.0,0.0,70.58,0.0,0.04,0.0,0.0,99.61,0.0,78.56,69.7,65.85,-113,-9.5
2026-09-07 19:18:40,Salón - Extremo Civil,68.56,Mixed,50.69,70.53,Group 1 (Common),69.63,67.99,0.0,67.59,0.0,39.28,9.98,0.0,50.69,0.0,70.6,68.61,64.66,-89,13.0
2026-09-07 19:18:50,Salón - Extremo Eléctrica,34.49,Silence,0.0,38.48,Silence,0.0,0.0,0.0,0.0,0.0,0.0,0.0,0.0,0.0,0.0,38.35,32.91,31.72,-96,10.5
2026-09-07 19:18:54,Salón - Uma Eléctrica,68.98,Group 1 (Common),86.41,71.66,Group 1 (Common),69.16,0.0,0.0,66.92,0.0,86.41,0.0,0.0,13.37,0.0,72.19,68.23,61.12,-111,6.0
2026-09-07 19:19:05,Laboratorios Eléctrica Inferior,68.62,Group 1 (Common),99.57,69.8,Group 1 (Common),68.64,0.0,0.0,0.0,0.0,99.57,0.0,0.0,0.09,0.0,69.63,69.07,65.64,-113,6.0
2026-09-07 19:20:59,Laboratorios Civil Inferior,50.51,Mixed,61.23,51.72,Group 5 (Vehicle),50.04,0.0,0.0,0.0,51.25,61.23,1.03,0.0,0.44,37.26,51.92,50.51,49.0,-120,-5.2
2026-09-07 19:23:05,Laboratorios Civil Central,68.21,Group 1 (Common),99.44,70.51,Group 1 (Common),68.34,0.0,0.0,0.0,0.0,99.44,0.0,0.0,0.26,0.04,71.23,66.78,65.25,-114,-9.8
2026-09-07 19:23:06,Lobby Eléctrica,64.51,Mixed,69.31,67.21,Group 1 (Common),64.26,0.0,65.39,63.17,0.0,69.31,2.0,13.02,10.33,5.25,67.31,63.2,61.19,-109,4.2
2026-09-07 19:23:12,Laboratorios Eléctrica Superior,65.65,Group 1 (Common),77.13,67.77,Group 1 (Common),65.48,0.0,0.0,66.74,0.0,77.13,0.13,0.0,22.57,0.0,67.88,65.59,60.94,-102,11.2
2026-09-07 19:23:15,Pasillo Decanato Civil,38.31,Silence,0.0,39.74,Silence,0.0,0.0,0.0,0.0,0.0,0.0,0.0,0.0,0.0,0.0,39.8,38.47,35.6,-103,12.5
2026-09-07 19:23:18,Lobby Civil,61.47,Group 1 (Common),99.61,64.42,Group 1 (Common),62.04,0.0,0.0,0.0,0.0,99.61,0.0,0.0,0.09,0.0,62.88,61.18,59.59,-100,8.0
2026-09-07 19:23:19,Pasillo Salones Eléctrica,63.64,Mixed,37.41,66.05,Group 1 (Common),65.25,59.6,59.83,0.0,64.05,31.08,21.05,8.9,1.69,37.41,66.05,63.77,59.24,-107,10.0
2026-09-07 19:23:21,Laboratorios Eléctrica Centro,70.95,Group 1 (Common),99.61,72.77,Group 1 (Common),70.49,0.0,0.0,0.0,0.0,99.61,0.0,0.0,0.04,0.0,73.06,70.27,69.33,-109,-0.2
2026-09-07 19:23:23,Pasillo Salones Civil,71.23,Group 1 (Common),98.74,72.34,Group 1 (Common),70.97,0.0,0.0,0.0,0.0,98.74,0.0,0.0,1.09,0.0,72.72,71.67,68.63,-91,9.2
2026-09-07 19:23:26,Pasillo Decanato Eléctrica,54.87,Group 1 (Common),99.39,55.72,Group 1 (Common),54.98,0.0,0.0,0.0,0.0,99.39,0.0,0.0,0.17,0.35,55.81,55.13,53.21,-111,7.5
2026-09-07 19:23:29,Laboratorios Civil Superior,55.73,Group 1 (Common),83.33,57.28,Group 1 (Common),54.98,0.0,0.0,0.0,0.0,83.33,3.17,0.0,0.52,12.98,57.73,55.84,52.52,-101,8.0
2026-09-07 19:23:32,Salón - Uma Civil,62.3,Group 1 (Common),95.27,65.95,Group 1 (Common),63.08,0.0,0.0,0.0,0.0,95.27,0.52,0.0,4.21,0.0,65.69,62.04,57.56,-117,-0.8
2026-09-07 19:23:40,Salón - Extremo Civil,66.85,Mixed,65.32,72.25,Group 1 (Common),64.9,58.79,0.0,0.0,0.0,65.32,15.58,0.0,19.05,0.0,73.53,60.35,53.42,-93,10.0
2026-09-07 19:23:50,Salón - Extremo Eléctrica,27.91,Silence,0.0,28.75,Silence,0.0,0.0,0.0,0.0,0.0,0.0,0.0,0.0,0.0,0.0,29.01,28.14,26.84,-85,9.0
2026-09-07 19:23:54,Salón - Uma Eléctrica,56.07,Mixed,66.32,61.43,Group 1 (Common),58.87,53.23,0.0,55.96,0.0,66.32,5.77,0.0,27.91,0.0,58.33,55.81,52.99,-119,-6.0
2026-09-07 19:24:05,Laboratorios Eléctrica Inferior,62.46,Group 1 (Common),79.9,65.4,Group 1 (Common),61.69,0.0,0.0,0.0,0.0,79.9,1.65,1.3,2.6,14.54,66.16,61.6,60.59,-113,4.8
2026-09-07 19:25:59,Laboratorios Civil Inferior,47.93,Group 1 (Common),83.98,48.8,Group 1 (Common),48.11,0.0,0.0,0.0,0.0,83.98,13.13,0.0,1.27,1.71,48.78,47.86,46.48,-120,-3.8
2026-09-07 19:28:05,Laboratorios Civil Central,69.56,Mixed,58.42,72.66,Group 2 (Impact),69.13,71.82,72.36,0.0,0.0,58.42,22.83,9.03,4.51,5.12,72.64,69.04,65.42,-107,12.2
2026-09-07 19:28:06,Lobby Eléctrica,70.39,Mixed,66.84,74.47,Group 4 (Person),63.95,0.0,0.0,72.29,0.0,31.68,0.0,0.0,66.84,1.35,74.77,66.9,62.16,-113,7.0
2026-09-07 19:28:12,Laboratorios Eléctrica Superior,66.5,Group 1 (Common),88.24,68.09,Group 1 (Common),66.14,62.2,0.0,0.0,0.0,88.24,4.69,0.0,6.99,0.0,67.92,66.41,62.04,-99,11.0
2026-09-07 19:28:15,Pasillo Decanato Civil,27.32,Silence,0.0,30.12,Silence,0.0,0.0,0.0,0.0,0.0,0.0,0.0,0.0,0.0,0.0,28.66,27.36,26.13,-115,0.2
2026-09-07 19:28:18,Lobby Civil,63.55,Group 1 (Common),97.4,65.61,Group 1 (Common),63.86,0.0,0.0,0.0,0.0,97.4,0.04,0.09,0.69,1.61,65.43,63.72,59.61,-105,12.5
2026-09-07 19:28:19,Pasillo Salones Eléctrica,69.08,Group 1 (Common),99.09,70.81,Group 1 (Common),68.73,0.0,0.0,0.0,0.0,99.09,0.0,0.0,0.65,0.0,72.07,68.04,65.24,-99,9.5
2026-09-07 19:28:21,Laboratorios Eléctrica Centro,64.76,Group 1 (Common),80.03,66.18,Group 1 (Common),64.88,0.0,0.0,0.0,64.51,80.03,0.0,0.0,0.0,19.84,66.7,64.31,62.96,-97,11.0
2026-09-07 19:28:23,Pasillo Salones Civil,67.64,Group 1 (Common),99.57,70.83,Group 1 (Common),68.65,0.0,0.0,0.0,0.0,99.57,0.0,0.0,0.22,0.0,70.43,67.0,65.57,-109,8.5
2026-09-07 19:28:26,Pasillo Decanato Eléctrica,55.14,Group 1 (Common),98.31,56.42,Group 1 (Common),55.02,0.0,0.0,0.0,0.0,98.31,0.61,0.0,0.3,0.87,56.48,54.97,54.07,-114,-1.8
2026-09-07 19:28:29,Laboratorios Civil Superior,51.2,Group 1 (Common),75.22,53.22,Group 1 (Common),51.4,0.0,0.0,0.0,50.51,75.22,0.13,0.0,0.0,24.52,53.51,51.09,49.88,-103,6.8
2026-09-07 19:28:32,Salón - Uma Civil,65.31,Group 1 (Common),78.39,68.56,Group 1 (Common),65.95,0.0,0.0,64.43,0.0,78.39,5.6,0.0,15.89,0.09,68.77,64.66,60.86,-109,6.5
2026-09-07 19:28:40,Salón - Extremo Civil,54.63,Mixed,67.4,57.68,Group 1 (Common),54.76,52.12,0.0,54.56,0.0,67.4,10.85,0.0,18.45,3.26,58.31,54.02,49.21,-91,13.2
2026-09-07 19:28:50,Salón - Extremo Eléctrica,45.55,Mixed,60.85,48.83,Group 2 (Impact),0.0,44.29,44.9,0.0,0.0,0.04,60.85,26.52,1.52,10.98,49.89,44.88,40.96,-84,7.5
2026-09-07 19:28:54,Salón - Uma Eléctrica,65.55,Group 1 (Common),99.44,67.43,Group 1 (Common),65.54,0.0,0.0,0.0,0.0,99.44,0.0,0.0,0.43,0.0,67.66,64.71,62.43,-107,8.2
2026-09-07 19:29:05,Laboratorios Eléctrica Inferior,63.29,Group 1 (Common),93.97,64.67,Group 1 (Common),62.92,0.0,0.0,0.0,0.0,93.97,0.0,0.04,0.17,5.69,65.17,63.15,61.9,-111,7.5
2026-09-07 19:30:59,Laboratorios Civil Inferior,52.19,Mixed,69.75,54.9,Group 2 (Impact),52.24,53.25,0.0,0.0,0.0,9.55,69.75,6.81,2.21,11.76,54.5,51.94,50.14,-115,-0.2
2026-09-07 19:33:05,Laboratorios Civil Central,64.26,Mixed,46.44,64.84,Group 1 (Common),64.23,64.36,0.0,0.0,64.07,46.44,11.81,0.0,2.65,39.06,64.92,64.26,63.36,-105,6.0
2026-09-07 19:33:06,Lobby Eléctrica,69.17,Group 1 (Common),99.61,72.11,Group 1 (Common),69.07,0.0,0.0,0.0,0.0,99.61,0.0,0.0,0.0,0.0,72.28,68.57,68.01,-111,9.5
2026-09-07 19:33:12,Laboratorios Eléctrica Superior,63.32,Group 1 (Common),75.17,66.63,Group 5 (Vehicle),62.46,0.0,0.0,0.0,64.45,75.17,0.48,0.0,1.43,22.66,66.59,61.11,57.5,-95,11.8
2026-09-07 19:33:15,Pasillo Decanato Civil,34.28,Silence,0.0,38.22,Silence,0.0,0.0,0.0,0.0,0.0,0.0,0.0,0.0,0.0,0.0,38.26,33.08,31.18,-96,12.0
2026-09-07 19:33:18,Lobby Civil,66.4,Group 1 (Common),78.08,68.14,Group 4 (Person),66.48,0.0,0.0,66.84,0.0,78.08,0.0,0.0,21.83,0.0,68.77,65.71,65.01,-102,10.5
2026-09-07 19:33:19,Pasillo Salones Eléctrica,49.04,Group 1 (Common),70.96,51.3,Group 1 (Common),48.37,0.0,47.87,0.0,0.0,70.96,4.12,19.84,0.39,4.51,51.24,48.28,44.97,-101,11.5
2026-09-07 19:33:21,Laboratorios Eléctrica Centro,66.4,Group 1 (Common),81.03,68.0,Group 1 (Common),66.56,0.0,0.0,66.84,65.49,81.03,0.0,0.0,8.59,10.11,68.21,66.87,62.61,-103,8.0
2026-09-07 19:33:23,Pasillo Salones Civil,66.26,Group 1 (Common),92.8,68.29,Group 1 (Common),65.75,0.0,0.0,0.0,0.0,92.8,0.61,0.0,6.47,0.0,69.23,66.25,59.2,-106,10.5
2026-09-07 19:33:26,Pasillo Decanato Eléctrica,55.45,Group 1 (Common),99.09,56.38,Group 1 (Common),55.43,0.0,0.0,0.0,0.0,99.09,0.13,0.0,0.09,0.65,56.46,55.16,54.59,-119,-9.8
2026-09-07 19:33:29,Laboratorios Civil Superior,52.13,Group 1 (Common),82.2,52.79,Group 1 (Common),52.1,0.0,0.0,0.0,0.0,82.2,0.04,2.39,0.04,15.28,52.74,52.0,51.58,-108,1.5
2026-09-07 19:33:33,Salón - Uma Civil,62.7,Mixed,48.7,65.52,Group 4 (Person),62.81,0.0,0.0,62.34,61.46,48.7,2.82,0.0,37.28,11.24,66.32,63.18,56.58,-119,2.2
2026-09-07 19:33:40,Salón - Extremo Civil,70.42,Mixed,50.95,73.73,Group 1 (Common),71.0,0.0,0.0,64.36,0.0,50.95,9.64,0.0,39.37,0.0,74.54,68.81,51.87,-93,11.5
2026-09-07 19:33:50,Salón - Extremo Eléctrica,39.12,Silence,0.0,43.07,Silence,0.0,0.0,0.0,0.0,0.0,0.0,0.0,0.0,0.0,0.0,44.03,38.42,35.83,-81,9.5
2026-09-07 19:33:54,Salón - Uma Eléctrica,67.72,Group 1 (Common),77.3,70.17,Group 1 (Common),68.31,0.0,0.0,67.8,0.0,77.3,0.0,0.0,22.66,0.0,70.51,67.09,62.58,-114,-1.5
2026-09-07 19:34:05,Laboratorios Eléctrica Inferior,64.35,Group 1 (Common),98.0,69.54,Group 1 (Common),65.42,0.0,0.0,0.0,0.0,98.0,0.52,0.0,0.61,0.82,66.0,64.23,62.38,-117,-2.5
2026-09-07 19:35:59,Laboratorios Civil Inferior,52.58,Group 1 (Common),81.42,53.41,Group 1 (Common),52.28,0.0,0.0,0.0,0.0,81.42,3.91,0.0,0.52,14.06,53.6,52.55,51.37,-119,-4.2
2026-09-07 19:38:05,Laboratorios Civil Central,68.4,Mixed,46.61,71.96,Group 2 (Impact),64.51,69.76,0.0,0.0,70.43,46.61,17.01,0.09,5.73,30.6,72.4,64.92,63.97,-105,12.2
2026-09-07 19:38:06,Lobby Eléctrica,69.78,Group 1 (Common),99.61,73.14,Group 1 (Common),70.32,0.0,0.0,0.0,0.0,99.61,0.0,0.0,0.0,0.0,73.15,68.42,66.63,-97,12.2
2026-09-07 19:38:12,Laboratorios Eléctrica Superior,61.8,Group 1 (Common),99.61,63.92,Group 1 (Common),61.35,0.0,0.0,0.0,0.0,99.61,0.0,0.0,0.0,0.0,64.78,61.64,57.22,-103,8.5
2026-09-07 19:38:15,Pasillo Decanato Civil,31.4,Silence,0.0,34.58,Silence,0.0,0.0,0.0,0.0,0.0,0.0,0.0,0.0,0.0,0.0,35.9,30.16,28.45,-99,13.0
2026-09-07 19:38:18,Lobby Civil,64.48,Group 1 (Common),89.84,65.93,Group 1 (Common),64.52,0.0,0.0,63.56,0.0,89.84,0.0,0.0,9.85,0.0,66.18,64.08,62.05,-97,11.8
2026-09-07 19:38:19,Pasillo Salones Eléctrica,55.63,Mixed,56.68,57.54,Group 3 (Rotary Tool),56.41,0.0,55.79,0.0,0.0,43.01,0.04,56.68,0.09,0.13,57.66,56.2,50.91,-97,13.0
2026-09-07 19:38:21,Laboratorios Eléctrica Centro,69.22,Group 1 (Common),89.84,70.61,Group 1 (Common),69.36,0.0,0.0,68.77,0.0,89.84,0.0,0.0,9.94,0.0,71.03,68.89,67.2,-111,1.0
2026-09-07 19:38:23,Pasillo Salones Civil,71.62,Group 1 (Common),76.78,74.02,Group 1 (Common),70.06,0.0,0.0,73.11,0.0,76.78,0.0,0.0,23.0,0.0,74.32,71.88,63.92,-101,12.0
2026-09-07 19:38:29,Laboratorios Civil Superior,54.15,Group 1 (Common),92.14,58.19,Group 1 (Common),54.76,0.0,0.0,0.0,0.0,92.14,0.0,0.04,0.0,7.73,57.5,53.41,51.85,-107,7.5
2026-09-07 19:38:33,Salón - Uma Civil,59.7,Mixed,62.37,63.81,Group 1 (Common),59.03,60.61,0.0,55.36,0.0,62.37,13.24,1.22,22.79,0.35,64.23,56.06,53.89,-115,5.2
2026-09-07 19:38:40,Salón - Extremo Civil,71.86,Mixed,57.94,74.57,Group 4 (Person),69.12,0.0,0.0,72.5,0.0,40.93,1.09,0.0,57.94,0.0,74.72,71.23,67.47,-87,13.0
2026-09-07 19:38:50,Salón - Extremo Eléctrica,37.42,Silence,0.0,41.9,Silence,0.0,0.0,0.0,0.0,0.0,0.0,0.0,0.0,0.0,0.0,42.5,35.18,33.47,-101,9.0
2026-09-07 19:38:54,Salón - Uma Eléctrica,61.16,Group 1 (Common),86.07,64.5,Group 1 (Common),60.16,0.0,0.0,0.0,0.0,86.07,2.17,0.0,11.63,0.0,65.05,58.82,56.47,-108,-0.5
2026-09-07 19:39:05,Laboratorios Eléctrica Inferior,54.69,Group 5 (Vehicle),94.1,57.44,Group 5 (Vehicle),56.24,0.0,0.0,0.0,54.95,5.73,0.0,0.0,0.13,94.1,56.49,54.34,53.95,-109,7.2
2026-09-07 19:40:59,Laboratorios Civil Inferior,50.51,Mixed,68.88,51.37,Group 5 (Vehicle),0.0,50.68,0.0,0.0,50.32,11.89,15.19,0.82,3.13,68.88,51.64,50.41,49.29,-119,-5.2
2026-09-07 19:43:05,Laboratorios Civil Central,65.8,Mixed,64.67,67.29,Group 1 (Common),65.62,0.0,0.0,0.0,65.04,64.67,3.65,0.0,2.95,28.73,67.86,65.2,64.82,-105,11.5
2026-09-07 19:43:06,Lobby Eléctrica,69.3,Group 1 (Common),99.39,72.59,Group 1 (Common),69.0,0.0,0.0,0.0,0.0,99.39,0.04,0.0,0.43,0.0,73.56,68.11,65.42,-115,4.5
2026-09-07 19:43:12,Laboratorios Eléctrica Superior,67.68,Group 1 (Common),99.61,70.69,Group 1 (Common),68.48,0.0,0.0,0.0,0.0,99.61,0.0,0.0,0.04,0.0,71.45,66.76,62.82,-100,7.8
2026-09-07 19:43:15,Pasillo Decanato Civil,35.34,Silence,0.0,38.22,Silence,0.0,0.0,0.0,0.0,0.0,0.0,0.0,0.0,0.0,0.0,37.64,35.19,32.17,-108,8.8
2026-09-07 19:43:18,Lobby Civil,63.42,Group 1 (Common),99.52,66.3,Group 1 (Common),63.93,0.0,0.0,0.0,0.0,99.52,0.0,0.0,0.22,0.0,64.72,63.02,62.05,-105,11.5
2026-09-07 19:43:19,Pasillo Salones Eléctrica,52.38,Mixed,47.14,58.47,Group 1 (Common),50.0,0.0,47.35,0.0,0.0,47.14,5.77,45.01,0.52,1.39,59.54,46.88,45.59,-105,12.2
2026-09-07 19:43:21,Laboratorios Eléctrica Centro,68.64,Group 1 (Common),93.45,69.39,Group 1 (Common),68.44,0.0,0.0,0.0,0.0,93.45,0.04,0.0,6.08,0.22,69.68,68.63,65.69,-95,9.2
2026-09-07 19:43:23,Pasillo Salones Civil,60.6,Group 1 (Common),99.22,66.43,Group 1 (Common),62.38,0.0,0.0,0.0,0.0,99.22,0.04,0.0,0.56,0.0,64.93,60.22,55.33,-95,12.5
2026-09-07 19:43:26,Pasillo Decanato Eléctrica,55.28,Group 1 (Common),99.32,55.92,Group 1 (Common),55.33,0.0,0.0,0.0,0.0,99.32,0.05,0.05,0.2,0.34,55.76,55.59,53.64,-114,-4.0
2026-09-07 19:43:29,Laboratorios Civil Superior,53.4,Group 1 (Common),75.65,54.82,Group 1 (Common),53.27,0.0,0.0,0.0,53.88,75.65,0.17,0.0,0.04,24.09,55.2,53.59,51.4,-103,10.0
2026-09-07 19:43:33,Salón - Uma Civil,48.09,Group 1 (Common),81.84,49.33,Group 1 (Common),47.6,48.67,0.0,0.0,0.0,81.84,14.45,0.0,3.56,0.24,49.46,48.0,46.21,-117,-4.5
2026-09-07 19:43:40,Salón - Extremo Civil,58.52,Mixed,60.94,61.3,Group 4 (Person),57.18,0.0,0.0,60.28,0.0,60.94,8.94,0.0,29.98,0.0,62.04,57.22,54.06,-97,12.2
2026-09-07 19:43:50,Salón - Extremo Eléctrica,37.78,Silence,0.0,40.02,Silence,0.0,0.0,0.0,0.0,0.0,0.0,0.0,0.0,0.0,0.0,40.1,37.38,34.27,-83,10.0
2026-09-07 19:43:54,Salón - Uma Eléctrica,70.3,Mixed,62.74,71.73,Group 1 (Common),70.89,0.0,0.0,70.71,0.0,62.74,0.1,0.0,37.01,0.0,71.75,69.85,66.1,-114,7.5
2026-09-07 19:44:05,Laboratorios Eléctrica Inferior,63.35,Group 1 (Common),98.22,67.85,Group 1 (Common),64.65,0.0,0.0,0.0,0.0,98.22,0.0,0.0,0.04,1.48,65.51,63.44,59.51,-117,-7.0
2026-09-07 19:45:59,Laboratorios Civil Inferior,52.67,Mixed,33.81,55.3,Group 5 (Vehicle),49.44,51.34,0.0,0.0,54.56,27.86,33.81,3.91,2.95,31.42,56.24,51.96,48.48,-115,2.0
2026-09-07 19:48:05,Laboratorios Civil Central,63.89,Mixed,64.37,64.42,Group 1 (Common),63.91,0.0,0.0,0.0,63.83,64.37,7.12,0.0,2.26,26.26,64.32,63.9,63.16,-117,-10.8
2026-09-07 19:48:06,Lobby Eléctrica,55.94,Group 1 (Common),99.61,58.79,Group 1 (Common),56.66,0.0,0.0,0.0,0.0,99.61,0.0,0.0,0.0,0.0,57.59,56.1,53.3,-114,5.8
2026-09-07 19:48:12,Laboratorios Eléctrica Superior,63.19,Group 1 (Common),99.44,66.82,Group 1 (Common),64.24,0.0,0.0,0.0,0.0,99.44,0.0,0.22,0.0,0.0,65.7,62.77,59.03,-100,11.0
2026-09-07 19:48:15,Pasillo Decanato Civil,37.13,Silence,0.0,41.14,Silence,0.0,0.0,0.0,0.0,0.0,0.0,0.0,0.0,0.0,0.0,41.44,34.75,32.27,-101,12.8
2026-09-07 19:48:18,Lobby Civil,63.31,Group 1 (Common),99.61,67.99,Group 1 (Common),63.3,0.0,0.0,0.0,0.0,99.61,0.0,0.0,0.04,0.0,69.58,59.62,59.09,-101,9.5
2026-09-07 19:48:19,Pasillo Salones Eléctrica,49.26,Group 1 (Common),72.48,52.69,Group 5 (Vehicle),48.61,0.0,0.0,0.0,52.21,72.48,5.69,8.42,0.82,12.63,54.08,48.37,45.82,-99,11.8
2026-09-07 19:48:21,Laboratorios Eléctrica Centro,74.08,Group 1 (Common),99.61,75.08,Group 1 (Common),73.96,0.0,0.0,0.0,0.0,99.61,0.0,0.0,0.0,0.0,75.57,73.57,72.24,-96,9.5
2026-09-07 19:48:23,Pasillo Salones Civil,67.78,Mixed,63.8,73.94,Group 4 (Person),62.36,0.0,0.0,64.73,0.0,63.8,1.09,0.09,34.9,0.0,74.91,63.2,59.08,-109,6.0
2026-09-07 19:48:26,Pasillo Decanato Eléctrica,55.53,Group 1 (Common),99.46,56.26,Group 1 (Common),55.55,0.0,0.0,0.0,0.0,99.46,0.05,0.0,0.24,0.24,56.39,55.5,54.65,-115,3.2
2026-09-07 19:48:29,Laboratorios Civil Superior,51.1,Group 1 (Common),84.72,51.93,Group 1 (Common),51.15,0.0,0.0,0.0,0.0,84.72,0.26,0.13,0.0,14.84,52.2,51.08,49.71,-107,9.8
2026-09-07 19:48:33,Salón - Uma Civil,56.09,Mixed,36.28,65.49,Group 4 (Person),56.02,53.25,0.0,64.94,45.34,36.28,22.48,0.56,24.31,16.1,63.82,49.68,44.56,-115,6.5
2026-09-07 19:48:40,Salón - Extremo Civil,56.53,Group 4 (Person),87.06,59.01,Group 4 (Person),56.96,0.0,0.0,56.68,0.0,9.08,3.66,0.0,87.06,0.0,59.17,56.88,50.59,-97,12.0
2026-09-07 19:48:50,Salón - Extremo Eléctrica,55.15,Mixed,60.21,60.37,Group 4 (Person),40.29,33.33,0.0,59.77,0.0,10.35,60.21,0.68,27.25,1.51,61.11,33.63,29.93,-84,9.0
2026-09-07 19:48:54,Salón - Uma Eléctrica,54.66,Mixed,56.1,57.43,Group 1 (Common),55.17,0.0,0.0,54.63,0.0,35.79,7.91,0.0,56.1,0.0,58.0,54.01,48.38,-117,-4.8
2026-09-07 19:49:05,Laboratorios Eléctrica Inferior,64.15,Mixed,66.41,66.49,Group 1 (Common),64.93,0.0,0.0,0.0,56.98,66.41,0.04,0.0,0.04,33.2,66.63,65.37,56.48,-108,6.8
2026-09-07 19:50:59,Laboratorios Civil Inferior,50.39,Mixed,41.84,52.93,Group 1 (Common),50.01,49.87,0.0,0.0,49.92,41.84,19.31,0.56,3.52,34.72,53.76,49.99,48.61,-111,-9.2
2026-09-07 19:53:05,Laboratorios Civil Central,66.64,Group 1 (Common),99.56,68.2,Group 1 (Common),66.99,0.0,0.0,0.0,0.0,99.56,0.0,0.1,0.0,0.0,67.93,66.32,65.53,-118,-3.8
2026-09-07 19:53:17,Lobby Eléctrica,60.05,Group 1 (Common),88.54,63.03,Group 1 (Common),59.05,0.0,54.04,0.0,0.0,88.54,0.0,11.11,0.0,0.0,63.3,59.81,54.83,-117,-5.0
2026-09-07 19:53:17,Laboratorios Eléctrica Superior,65.37,Group 1 (Common),87.16,67.68,Group 1 (Common),64.53,0.0,0.0,0.0,0.0,87.16,0.0,0.0,0.15,12.45,68.3,64.52,60.86,-103,11.2
2026-09-07 19:53:17,Pasillo Decanato Civil,33.54,Silence,0.0,35.77,Silence,0.0,0.0,0.0,0.0,0.0,0.0,0.0,0.0,0.0,0.0,34.84,33.33,31.96,-103,1.8
2026-09-07 19:53:18,Lobby Civil,66.98,Group 1 (Common),87.33,69.3,Group 1 (Common),67.13,0.0,0.0,62.54,0.0,87.33,0.69,0.0,11.76,0.04,69.41,66.85,61.8,-97,11.8
2026-09-07 19:53:19,Pasillo Salones Eléctrica,53.2,Mixed,62.07,56.14,Group 1 (Common),52.92,49.39,54.2,0.0,0.0,62.07,19.57,15.84,1.52,0.95,56.45,53.13,44.92,-101,12.2
2026-09-07 19:53:21,Laboratorios Eléctrica Centro,70.62,Group 1 (Common),99.37,73.87,Group 1 (Common),71.68,0.0,0.0,0.0,0.0,99.37,0.0,0.24,0.1,0.0,72.53,70.71,67.58,-96,8.8
2026-09-07 19:53:23,Pasillo Salones Civil,57.28,Group 1 (Common),79.59,60.27,Group 1 (Common),57.87,58.05,0.0,0.0,0.0,79.59,11.91,0.0,8.54,0.0,60.18,55.05,53.04,-99,9.0
2026-09-07 19:53:26,Pasillo Decanato Eléctrica,55.26,Group 1 (Common),99.57,56.49,Group 1 (Common),55.37,0.0,0.0,0.0,0.0,99.57,0.0,0.0,0.04,0.17,56.81,54.91,54.5,-105,10.8
2026-09-07 19:53:29,Laboratorios Civil Superior,53.61,Group 1 (Common),78.43,56.3,Group 5 (Vehicle),53.68,0.0,0.0,0.0,55.43,78.43,0.0,0.3,0.0,21.22,56.55,52.8,51.81,-103,12.0
2026-09-07 19:53:33,Salón - Uma Civil,53.57,Mixed,49.39,59.55,Group 4 (Person),53.92,0.0,0.0,56.35,0.0,49.39,6.94,0.0,43.66,0.0,55.84,53.59,48.74,-115,1.8
2026-09-07 19:53:40,Salón - Extremo Civil,65.63,Mixed,58.72,67.56,Group 4 (Person),64.7,65.27,0.0,66.11,0.0,18.49,22.74,0.0,58.72,0.0,67.6,64.75,60.95,-99,13.0
2026-09-07 19:53:50,Salón - Extremo Eléctrica,55.27,Mixed,64.89,58.45,Group 1 (Common),55.5,49.42,0.0,53.34,0.0,64.89,23.48,0.39,11.33,0.0,58.33,55.3,47.79,-84,9.8
2026-09-07 19:53:55,Salón - Uma Eléctrica,70.53,Group 4 (Person),78.52,72.88,Group 1 (Common),72.38,0.0,0.0,69.42,0.0,21.31,0.0,0.0,78.52,0.0,74.02,70.31,67.36,-121,-2.8
2026-09-07 19:54:05,Laboratorios Eléctrica Inferior,65.17,Group 1 (Common),99.17,67.72,Group 1 (Common),63.65,0.0,0.0,0.0,0.0,99.17,0.0,0.0,0.2,0.54,68.03,63.37,60.56,-119,-4.2
2026-09-07 19:55:59,Laboratorios Civil Inferior,49.42,Mixed,53.39,49.98,Group 1 (Common),49.24,0.0,0.0,0.0,49.35,44.23,1.69,0.04,0.43,53.39,49.77,49.57,48.69,-119,-7.2
2026-09-07 19:58:05,Laboratorios Civil Central,64.09,Group 1 (Common),71.44,64.51,Group 1 (Common),64.16,0.0,0.0,0.0,64.14,71.44,2.44,0.0,1.27,24.85,64.45,64.15,63.72,-100,9.0
2026-09-07 19:58:06,Lobby Eléctrica,64.7,Group 1 (Common),99.61,67.14,Group 1 (Common),64.28,0.0,0.0,0.0,0.0,99.61,0.0,0.0,0.04,0.0,67.6,64.44,61.37,-101,12.5
2026-09-07 19:58:12,Laboratorios Eléctrica Superior,68.82,Group 1 (Common),99.61,72.22,Group 1 (Common),69.93,0.0,0.0,0.0,0.0,99.61,0.0,0.0,0.0,0.0,71.93,68.32,64.49,-95,12.2
2026-09-07 19:58:15,Pasillo Decanato Civil,30.84,Silence,0.0,31.93,Silence,0.0,0.0,0.0,0.0,0.0,0.0,0.0,0.0,0.0,0.0,32.26,30.52,30.01,-111,-2.2
2026-09-07 19:58:18,Lobby Civil,66.69,Group 1 (Common),99.61,70.2,Group 1 (Common),67.3,0.0,0.0,0.0,0.0,99.61,0.0,0.04,0.04,0.04,70.5,65.47,58.82,-101,8.5
2026-09-07 19:58:25,Pasillo Salones Eléctrica,48.99,Mixed,64.84,49.93,Group 3 (Rotary Tool),47.78,0.0,49.41,0.0,0.0,35.07,0.09,64.84,0.0,0.0,50.69,49.32,46.52,-96,12.5
2026-09-07 19:58:25,Laboratorios Eléctrica Centro,65.16,Group 1 (Common),94.53,66.73,Group 1 (Common),65.34,0.0,0.0,0.0,0.0,94.53,0.0,0.2,0.63,4.59,67.48,64.64,62.61,-107,4.2
2026-09-07 19:58:25,Pasillo Salones Civil,72.38,Group 1 (Common),97.66,73.23,Group 1 (Common),72.14,0.0,0.0,0.0,0.0,97.66,0.0,0.0,0.54,1.51,73.54,72.36,70.77,-108,8.2
2026-09-07 19:58:26,Pasillo Decanato Eléctrica,54.96,Group 1 (Common),99.57,55.75,Group 1 (Common),54.91,0.0,0.0,0.0,0.0,99.57,0.0,0.0,0.0,0.09,55.91,54.97,53.99,-118,-8.0
2026-09-07 19:58:29,Laboratorios Civil Superior,53.22,Group 1 (Common),97.35,54.97,Group 1 (Common),53.26,0.0,0.0,0.0,0.0,97.35,0.09,0.0,0.0,2.52,55.31,52.43,51.69,-107,10.8
2026-09-07 19:58:33,Salón - Uma Civil,62.7,Group 4 (Person),70.44,66.69,Group 1 (Common),62.99,55.02,0.0,63.26,0.0,13.89,10.72,1.48,70.44,3.3,66.67,62.6,54.32,-105,9.5
2026-09-07 19:58:40,Salón - Extremo Civil,66.47,Group 4 (Person),99.44,69.31,Group 4 (Person),0.0,0.0,0.0,66.63,0.0,0.0,0.22,0.0,99.44,0.0,69.76,66.44,59.26,-89,13.2
2026-09-07 19:58:50,Salón - Extremo Eléctrica,34.31,Silence,0.0,36.15,Silence,0.0,0.0,0.0,0.0,0.0,0.0,0.0,0.0,0.0,0.0,36.34,34.03,32.23,-82,10.0
2026-09-07 19:58:54,Salón - Uma Eléctrica,67.78,Mixed,58.55,70.84,Group 4 (Person),65.74,0.0,0.0,68.11,0.0,41.19,0.0,0.0,58.55,0.0,72.29,66.39,60.8,-108,8.8
2026-09-07 19:59:05,Laboratorios Eléctrica Inferior,70.41,Group 1 (Common),99.22,72.16,Group 1 (Common),69.95,0.0,0.0,0.0,0.0,99.22,0.0,0.09,0.48,0.09,72.76,69.56,68.37,-120,-9.8
2026-09-07 20:00:59,Laboratorios Civil Inferior,49.91,Group 5 (Vehicle),72.79,51.56,Group 5 (Vehicle),49.6,0.0,0.0,0.0,50.25,19.92,4.47,1.17,1.61,72.79,50.76,50.07,48.3,-121,
2026-09-07 20:03:05,Laboratorios Civil Central,65.19,Group 1 (Common),70.96,66.59,Group 2 (Impact),64.82,66.41,0.0,0.0,0.0,70.96,9.68,0.0,2.99,16.41,66.69,64.88,64.25,-101,11.5
2026-09-07 20:03:06,Lobby Eléctrica,61.84,Group 1 (Common),86.18,63.17,Group 1 (Common),61.5,0.0,0.0,0.0,0.0,86.18,3.22,0.1,6.69,3.71,63.72,61.63,60.0,-105,2.8
2026-09-07 20:03:12,Laboratorios Eléctrica Superior,64.46,Group 1 (Common),99.61,66.39,Group 1 (Common),63.54,0.0,0.0,0.0,0.0,99.61,0.0,0.0,0.04,0.0,66.89,64.39,60.31,-103,12.0
2026-09-07 20:03:15,Pasillo Decanato Civil,30.47,Silence,0.0,33.29,Silence,0.0,0.0,0.0,0.0,0.0,0.0,0.0,0.0,0.0,0.0,34.15,30.0,28.0,-111,0.5
2026-09-07 20:03:18,Lobby Civil,60.35,Group 1 (Common),96.34,62.85,Group 1 (Common),59.73,0.0,0.0,0.0,0.0,96.34,0.05,0.0,0.24,3.32,63.58,59.74,58.45,-101,12.8
2026-09-07 20:03:19,Pasillo Salones Eléctrica,43.41,Silence,0.0,47.18,Silence,0.0,0.0,0.0,0.0,0.0,0.0,0.0,0.0,0.0,0.0,46.43,42.29,41.74,-105,9.5
2026-09-07 20:03:22,Laboratorios Eléctrica Centro,67.19,Mixed,60.76,69.25,Group 1 (Common),67.03,0.0,0.0,0.0,66.1,39.02,0.0,0.0,0.0,60.76,69.02,66.63,64.92,-96,7.5
2026-09-07 20:03:23,Pasillo Salones Civil,63.88,Mixed,49.78,66.9,Group 1 (Common),64.5,0.0,0.0,64.73,0.0,49.78,1.48,0.0,48.7,0.0,66.42,63.52,60.5,-109,4.2
2026-09-07 20:03:26,Pasillo Decanato Eléctrica,55.25,Group 1 (Common),99.31,56.19,Group 1 (Common),55.5,0.0,0.0,0.0,0.0,99.31,0.22,0.0,0.17,0.17,56.49,55.12,54.39,-113,9.8
2026-09-07 20:03:33,Laboratorios Civil Superior,53.17,Mixed,52.73,55.61,Group 1 (Common),52.57,52.11,0.0,0.0,0.0,52.73,43.41,0.0,1.37,2.49,56.06,52.04,51.31,-111,10.2
2026-09-07 20:03:33,Salón - Uma Civil,67.09,Group 4 (Person),99.61,70.31,Group 4 (Person),0.0,0.0,0.0,67.52,0.0,0.0,0.0,0.0,99.61,0.0,70.86,65.5,61.23,-117,-5.8
2026-09-07 20:03:40,Salón - Extremo Civil,54.74,Mixed,47.96,59.38,Group 1 (Common),56.19,54.39,0.0,54.75,0.0,47.96,31.12,0.0,20.88,0.0,57.05,54.34,53.23,-89,13.5
2026-09-07 20:03:50,Salón - Extremo Eléctrica,39.78,Silence,0.0,44.97,Silence,0.0,0.0,0.0,0.0,0.0,0.0,0.0,0.0,0.0,0.0,46.41,38.31,33.06,-82,10.0
2026-09-07 20:03:54,Salón - Uma Eléctrica,67.98,Group 1 (Common),83.9,68.79,Group 1 (Common),67.86,0.0,0.0,0.0,0.0,83.9,0.0,0.0,16.1,0.0,68.59,68.03,66.69,-109,8.2
2026-09-07 20:04:05,Laboratorios Eléctrica Inferior,61.84,Group 1 (Common),71.92,64.52,Group 1 (Common),62.59,0.0,0.0,0.0,59.92,71.92,4.99,0.04,6.38,16.8,65.32,60.77,57.07,-118,-7.8
2026-09-07 20:05:59,Laboratorios Civil Inferior,51.54,Group 1 (Common),77.21,53.13,Group 1 (Common),51.27,50.53,0.0,0.0,0.0,77.21,20.27,0.0,0.65,1.82,53.31,51.06,49.59,-119,-5.5
2026-09-07 20:08:05,Laboratorios Civil Central,64.01,Group 1 (Common),78.52,65.24,Group 1 (Common),64.25,0.0,0.0,0.0,0.0,78.52,1.0,0.0,0.78,19.62,64.79,64.01,63.41,-107,8.0
2026-09-07 20:08:06,Lobby Eléctrica,60.28,Group 1 (Common),77.17,64.35,Group 4 (Person),57.07,0.0,0.0,64.03,0.0,77.17,5.43,0.0,15.89,1.39,64.77,57.87,54.36,-93,12.0
2026-09-07 20:08:12,Laboratorios Eléctrica Superior,59.37,Group 1 (Common),96.18,63.36,Group 1 (Common),58.59,0.0,0.0,0.0,0.0,96.18,0.39,0.04,0.35,2.91,64.66,54.31,51.77,-96,12.2
2026-09-07 20:08:15,Pasillo Decanato Civil,31.83,Silence,0.0,36.7,Silence,0.0,0.0,0.0,0.0,0.0,0.0,0.0,0.0,0.0,0.0,37.31,29.63,26.94,-99,12.8
2026-09-07 20:08:18,Lobby Civil,56.58,Group 1 (Common),92.75,57.94,Group 1 (Common),56.42,0.0,0.0,0.0,0.0,92.75,2.99,0.04,4.08,0.09,57.87,57.23,54.17,-101,12.0
2026-09-07 20:08:19,Pasillo Salones Eléctrica,50.26,Group 1 (Common),70.18,51.38,Group 1 (Common),50.28,0.0,48.55,0.0,0.0,70.18,0.82,22.44,1.0,5.47,51.84,50.54,46.64,-103,10.0
2026-09-07 20:08:22,Laboratorios Eléctrica Centro,65.97,Group 1 (Common),98.13,71.17,Group 1 (Common),67.6,0.0,0.0,0.0,0.0,98.13,0.0,0.26,0.0,1.35,69.63,65.54,62.26,-104,7.0
2026-09-07 20:08:23,Pasillo Salones Civil,65.24,Mixed,60.94,71.3,Group 1 (Common),67.25,68.75,0.0,66.57,0.0,60.94,8.51,0.0,30.38,0.0,68.17,65.87,59.75,-95,12.5
2026-09-07 20:08:26,Pasillo Decanato Eléctrica,55.67,Group 1 (Common),81.08,56.57,Group 2 (Impact),55.62,56.62,0.0,0.0,0.0,81.08,11.89,0.09,2.86,4.21,56.51,55.62,55.23,-109,8.8
2026-09-07 20:08:29,Laboratorios Civil Superior,52.42,Group 1 (Common),76.74,54.46,Group 1 (Common),52.07,0.0,0.0,0.0,50.68,76.74,0.0,0.0,0.0,23.18,55.0,52.24,50.34,-114,6.5
2026-09-07 20:08:33,Salón - Uma Civil,54.31,Mixed,59.72,60.45,Group 4 (Person),52.19,58.15,0.0,58.41,0.0,59.72,14.15,0.09,25.39,0.56,61.01,52.47,49.25,-109,1.2
2026-09-07 20:08:40,Salón - Extremo Civil,64.61,Group 4 (Person),99.61,68.38,Group 4 (Person),0.0,0.0,0.0,64.97,0.0,0.0,0.0,0.0,99.61,0.0,69.22,62.8,58.01,-87,13.0
2026-09-07 20:08:50,Salón - Extremo Eléctrica,31.83,Silence,0.0,37.87,Silence,0.0,0.0,0.0,0.0,0.0,0.0,0.0,0.0,0.0,0.0,38.33,27.74,23.82,-98,8.5
2026-09-07 20:08:55,Salón - Uma Eléctrica,72.12,Group 1 (Common),78.69,73.87,Group 1 (Common),72.42,0.0,0.0,71.84,0.0,78.69,0.0,0.0,21.22,0.0,74.84,71.92,66.93,-115,1.0
2026-09-07 20:09:05,Laboratorios Eléctrica Inferior,53.01,Group 5 (Vehicle),82.29,54.77,Group 1 (Common),54.0,0.0,0.0,0.0,53.33,15.15,0.26,0.04,2.26,82.29,54.07,52.82,52.13,-111,7.0
2026-09-07 20:10:59,Laboratorios Civil Inferior,56.4,Mixed,65.1,62.05,Group 1 (Common),54.8,0.0,0.0,0.0,54.17,65.1,0.65,0.52,0.39,33.25,62.62,53.69,48.78,-115,1.2
2026-09-07 20:13:05,Laboratorios Civil Central,64.2,Mixed,67.23,64.84,Group 1 (Common),64.29,0.0,0.0,0.0,64.15,67.23,0.65,0.0,0.39,31.64,64.9,64.18,63.65,-113,3.0
2026-09-07 20:13:06,Lobby Eléctrica,59.5,Group 1 (Common),97.48,61.57,Group 1 (Common),59.47,0.0,0.0,0.0,0.0,97.48,0.0,2.08,0.22,0.0,62.34,58.53,56.88,-95,12.2
2026-09-07 20:13:12,Laboratorios Eléctrica Superior,56.52,Mixed,69.53,58.51,Group 4 (Person),55.8,0.0,55.01,57.28,0.0,69.53,0.09,10.63,19.53,0.09,58.91,55.77,53.44,-99,8.5
2026-09-07 20:13:15,Pasillo Decanato Civil,34.33,Silence,0.0,36.73,Silence,0.0,0.0,0.0,0.0,0.0,0.0,0.0,0.0,0.0,0.0,35.66,34.5,32.52,-99,12.2
2026-09-07 20:13:18,Lobby Civil,58.01,Group 1 (Common),73.09,59.82,Group 1 (Common),58.21,0.0,0.0,0.0,56.37,73.09,3.78,0.39,4.04,18.49,59.79,58.03,56.26,-101,12.5
2026-09-07 20:13:19,Pasillo Salones Eléctrica,49.55,Mixed,65.23,53.99,Group 1 (Common),48.03,0.0,0.0,49.71,0.0,65.23,15.45,5.82,13.5,0.0,55.59,47.68,44.75,-107,5.8
2026-09-07 20:13:22,Laboratorios Eléctrica Centro,65.66,Group 1 (Common),99.61,67.68,Group 1 (Common),64.96,0.0,0.0,0.0,0.0,99.61,0.0,0.0,0.04,0.09,68.0,65.5,64.04,-96,7.8
2026-09-07 20:13:23,Pasillo Salones Civil,64.67,Group 1 (Common),81.55,67.76,Group 1 (Common),65.26,0.0,0.0,64.55,0.0,81.55,0.09,0.52,17.75,0.04,68.4,64.44,59.95,-107,9.2
2026-09-07 20:13:26,Pasillo Decanato Eléctrica,55.43,Group 1 (Common),98.91,56.12,Group 1 (Common),55.3,0.0,0.0,0.0,0.0,98.91,0.48,0.0,0.26,0.39,55.92,55.51,54.6,-113,-3.5
2026-09-07 20:13:29,Laboratorios Civil Superior,51.85,Group 1 (Common),96.83,52.69,Group 1 (Common),51.98,0.0,0.0,0.0,0.0,96.83,0.0,0.0,0.0,3.04,52.79,51.82,50.82,-106,6.5
2026-09-07 20:13:33,Salón - Uma Civil,60.99,Mixed,45.53,63.68,Group 5 (Vehicle),58.05,60.36,0.0,0.0,61.51,30.82,9.9,5.6,7.99,45.53,63.9,59.98,56.69,-117,3.8
2026-09-07 20:13:40,Salón - Extremo Civil,54.77,Group 1 (Common),73.18,58.92,Group 4 (Person),53.6,0.0,0.0,57.61,0.0,73.18,0.26,3.52,22.96,0.0,59.55,53.34,49.49,-112,7.5
2026-09-07 20:13:50,Salón - Extremo Eléctrica,43.35,Silence,0.0,54.18,Silence,0.0,0.0,0.0,0.0,0.0,0.0,0.0,0.0,0.0,0.0,47.85,41.54,39.01,-85,8.2
2026-09-07 20:13:59,Salón - Uma Eléctrica,72.81,Group 1 (Common),99.39,78.23,Group 1 (Common),74.14,0.0,0.0,0.0,0.0,99.39,0.0,0.0,0.48,0.0,75.76,72.44,70.01,-105,9.0
2026-09-07 20:14:05,Laboratorios Eléctrica Inferior,54.15,Mixed,64.89,55.61,Group 5 (Vehicle),54.54,0.0,0.0,0.0,54.41,32.07,1.61,0.04,1.39,64.89,54.79,54.34,53.18,-118,-1.0
2026-09-07 20:15:59,Laboratorios Civil Inferior,59.37,Mixed,45.79,65.54,Group 5 (Vehicle),59.69,61.65,0.0,0.0,59.98,24.44,23.87,3.13,2.78,45.79,67.3,53.25,50.25,-115,0.5
2026-09-07 20:18:05,Laboratorios Civil Central,67.93,Group 1 (Common),79.73,69.69,Group 4 (Person),68.01,0.0,0.0,69.68,65.63,79.73,0.04,0.0,8.2,11.81,69.46,68.34,65.31,-103,11.8
2026-09-07 20:18:06,Lobby Eléctrica,63.07,Group 1 (Common),87.07,65.42,Group 1 (Common),63.26,0.0,0.0,0.0,63.75,87.07,0.0,0.0,0.39,12.41,65.18,62.57,60.09,-97,12.8
2026-09-07 20:18:12,Laboratorios Eléctrica Superior,65.51,Group 1 (Common),99.52,68.37,Group 1 (Common),65.82,0.0,0.0,0.0,0.0,99.52,0.0,0.17,0.04,0.0,68.52,64.55,55.74,-101,10.8
2026-09-07 20:18:15,Pasillo Decanato Civil,30.82,Silence,0.0,31.5,Silence,0.0,0.0,0.0,0.0,0.0,0.0,0.0,0.0,0.0,0.0,31.77,30.44,29.89,-103,11.5
2026-09-07 20:18:18,Lobby Civil,58.58,Group 1 (Common),99.18,59.74,Group 1 (Common),58.67,0.0,0.0,0.0,0.0,99.18,0.0,0.0,0.13,0.52,60.36,58.1,56.66,-101,12.5
2026-09-07 20:18:19,Pasillo Salones Eléctrica,69.41,Group 1 (Common),98.31,71.22,Group 1 (Common),70.12,0.0,0.0,0.0,0.0,98.31,0.0,0.0,1.39,0.0,71.08,69.31,67.84,-108,9.5
2026-09-07 20:18:22,Laboratorios Eléctrica Centro,69.44,Group 1 (Common),99.61,72.69,Group 1 (Common),69.66,0.0,0.0,0.0,0.0,99.61,0.0,0.0,0.0,0.0,72.13,69.12,67.37,-111,3.0
2026-09-07 20:18:23,Pasillo Salones Civil,78.52,Group 1 (Common),94.01,80.85,Group 1 (Common),79.17,0.0,0.0,0.0,0.0,94.01,0.0,0.0,5.86,0.0,80.5,78.03,75.16,-90,12.0
2026-09-07 20:18:26,Pasillo Decanato Eléctrica,55.53,Group 1 (Common),99.52,56.18,Group 1 (Common),55.51,0.0,0.0,0.0,0.0,99.52,0.04,0.04,0.0,0.13,56.36,55.54,54.42,-107,11.0
2026-09-07 20:18:29,Laboratorios Civil Superior,58.52,Group 1 (Common),96.14,60.29,Group 1 (Common),58.11,0.0,0.0,0.0,0.0,96.14,0.04,0.0,0.04,3.52,60.8,58.05,56.84,-101,10.0
2026-09-07 20:18:33,Salón - Uma Civil,58.09,Group 1 (Common),96.48,64.3,Group 1 (Common),60.17,0.0,0.0,0.0,0.0,96.48,0.04,0.0,0.13,2.95,62.95,56.67,52.07,-108,7.2
2026-09-07 20:18:40,Salón - Extremo Civil,61.43,Group 1 (Common),97.87,64.26,Group 1 (Common),61.53,0.0,0.0,0.0,0.0,97.87,0.13,1.56,0.39,0.0,64.14,60.29,57.26,-89,12.8
2026-09-07 20:18:50,Salón - Extremo Eléctrica,62.34,Group 1 (Common),83.46,66.02,Group 1 (Common),63.27,0.0,57.69,0.0,0.0,83.46,0.0,11.76,4.73,0.0,67.06,58.5,54.39,-96,9.0
2026-09-07 20:18:55,Salón - Uma Eléctrica,73.06,Group 1 (Common),99.57,76.48,Group 1 (Common),73.17,0.0,0.0,0.0,0.0,99.57,0.0,0.0,0.17,0.04,77.02,71.62,66.19,-117,-0.8
2026-09-07 20:19:10,Laboratorios Eléctrica Inferior,65.74,Group 1 (Common),99.61,68.02,Group 1 (Common),65.92,0.0,0.0,0.0,0.0,99.61,0.0,0.0,0.04,0.0,68.64,65.88,62.89,-108,9.0
2026-09-07 20:20:59,Laboratorios Civil Inferior,58.96,Group 1 (Common),98.39,62.02,Group 1 (Common),58.77,0.0,0.0,0.0,0.0,98.39,0.87,0.0,0.69,0.0,62.11,57.7,55.03,-115,-1.0
2026-09-07 20:23:05,Laboratorios Civil Central,65.61,Group 1 (Common),90.93,68.07,Group 1 (Common),66.32,0.0,0.0,0.0,63.2,90.93,0.61,0.0,0.48,7.81,67.47,65.59,62.6,-96,9.8
2026-09-07 20:23:06,Lobby Eléctrica,76.4,Group 1 (Common),99.35,80.25,Group 1 (Common),75.0,0.0,0.0,0.0,0.0,99.35,0.0,0.0,0.39,0.0,81.07,71.75,65.53,-95,13.2
2026-09-07 20:23:12,Laboratorios Eléctrica Superior,60.85,Group 1 (Common),96.44,66.02,Group 1 (Common),61.91,0.0,0.0,0.0,0.0,96.44,0.13,0.74,1.87,0.82,64.32,60.36,56.08,-96,11.8
2026-09-07 20:23:15,Pasillo Decanato Civil,30.43,Silence,0.0,31.27,Silence,0.0,0.0,0.0,0.0,0.0,0.0,0.0,0.0,0.0,0.0,31.21,30.27,29.38,-105,11.5
2026-09-07 20:23:18,Lobby Civil,64.79,Group 1 (Common),99.18,66.06,Group 1 (Common),64.92,0.0,0.0,0.0,0.0,99.18,0.0,0.04,0.52,0.13,66.8,64.35,62.72,-101,6.5
2026-09-07 20:23:19,Pasillo Salones Eléctrica,59.71,Group 1 (Common),96.18,63.37,Group 1 (Common),58.18,0.0,0.0,0.0,0.0,96.18,0.56,0.0,3.04,0.09,63.76,57.28,52.49,-107,8.5
2026-09-07 20:23:22,Laboratorios Eléctrica Centro,71.98,Group 1 (Common),99.39,75.47,Group 1 (Common),70.44,0.0,0.0,0.0,0.0,99.39,0.0,0.22,0.0,0.09,75.72,69.36,66.49,-105,9.2
2026-09-07 20:23:23,Pasillo Salones Civil,76.11,Group 1 (Common),98.44,78.28,Group 1 (Common),76.22,0.0,0.0,0.0,0.0,98.44,0.0,0.0,1.3,0.0,78.76,75.26,72.95,-113,9.0
2026-09-07 20:23:26,Pasillo Decanato Eléctrica,55.79,Group 1 (Common),97.53,56.54,Group 1 (Common),55.87,0.0,0.0,0.0,0.0,97.53,0.78,0.0,0.17,1.39,56.39,55.72,55.36,-113,8.8
2026-09-07 20:23:29,Laboratorios Civil Superior,58.97,Group 1 (Common),99.57,64.17,Group 1 (Common),60.79,0.0,0.0,0.0,0.0,99.57,0.0,0.09,0.09,0.0,61.53,59.21,54.94,-113,8.8
2026-09-07 20:23:33,Salón - Uma Civil,61.33,Mixed,69.82,65.01,Group 1 (Common),62.53,0.0,0.0,0.0,62.19,69.82,0.0,0.1,0.0,29.98,63.83,60.52,58.75,-114,3.0
2026-09-07 20:23:41,Salón - Extremo Civil,67.94,Group 1 (Common),75.68,73.63,Group 4 (Person),57.8,0.0,0.0,68.85,0.0,75.68,0.24,0.0,24.07,0.05,74.28,59.16,55.78,-102,9.2
2026-09-07 20:23:50,Salón - Extremo Eléctrica,45.12,Group 1 (Common),96.14,47.81,Group 1 (Common),45.48,0.0,0.0,0.0,0.0,96.14,2.52,0.69,0.56,0.0,46.84,44.94,44.02,-95,9.8
2026-09-07 20:23:55,Salón - Uma Eléctrica,49.08,Mixed,54.34,50.97,Group 2 (Impact),48.93,49.19,0.0,0.0,0.0,21.7,54.34,1.26,8.07,14.67,51.18,48.86,47.83,-117,-4.8
2026-09-07 20:24:05,Laboratorios Eléctrica Inferior,65.18,Group 1 (Common),98.65,70.08,Group 1 (Common),62.68,0.0,0.0,0.0,0.0,98.65,0.04,0.04,0.52,0.74,70.94,63.64,58.4,-120,-1.8
2026-09-07 20:25:59,Laboratorios Civil Inferior,54.16,Group 1 (Common),75.3,60.99,Group 1 (Common),51.71,0.0,0.0,0.0,0.0,75.3,17.27,0.0,2.82,4.56,61.22,47.57,45.09,-120,-5.0
2026-09-07 20:28:05,Laboratorios Civil Central,63.29,Mixed,48.09,63.74,Group 1 (Common),63.42,0.0,0.0,0.0,63.19,48.09,3.21,0.04,2.26,46.31,63.82,63.19,62.78,-102,10.2
2026-09-07 20:28:06,Lobby Eléctrica,59.87,Group 1 (Common),93.14,60.52,Group 1 (Common),59.71,0.0,0.0,0.0,0.0,93.14,0.09,5.99,0.09,0.61,60.71,59.77,59.06,-100,12.0
2026-09-07 20:28:12,Laboratorios Eléctrica Superior,56.89,Group 1 (Common),91.1,59.06,Group 1 (Common),56.7,0.0,0.0,0.0,0.0,91.1,0.0,0.65,0.74,7.25,59.65,56.79,52.64,-99,10.2
2026-09-07 20:28:15,Pasillo Decanato Civil,43.02,Silence,0.0,54.53,Silence,0.0,0.0,0.0,0.0,0.0,0.0,0.0,0.0,0.0,0.0,55.97,27.33,26.24,-97,12.5
2026-09-07 20:28:18,Lobby Civil,62.44,Group 1 (Common),99.57,64.71,Group 1 (Common),62.66,0.0,0.0,0.0,0.0,99.57,0.04,0.0,0.0,0.04,64.85,61.63,59.65,-103,12.5
2026-09-07 20:28:19,Pasillo Salones Eléctrica,48.11,Mixed,40.76,51.19,Group 5 (Vehicle),48.27,48.09,0.0,0.0,50.33,34.77,40.76,1.95,4.86,17.66,50.45,48.57,44.1,-101,8.8
2026-09-07 20:28:22,Laboratorios Eléctrica Centro,62.6,Group 5 (Vehicle),71.74,64.1,Group 5 (Vehicle),62.23,0.0,0.0,0.0,62.75,28.17,0.0,0.0,0.09,71.74,64.17,62.39,61.5,-97,6.5
2026-09-07 20:28:24,Pasillo Salones Civil,70.89,Mixed,61.11,76.01,Group 4 (Person),70.67,0.0,0.0,72.83,0.0,38.59,0.0,0.0,61.11,0.0,73.97,70.26,62.1,-95,14.8
2026-09-07 20:28:26,Pasillo Decanato Eléctrica,55.93,Group 1 (Common),98.93,56.75,Group 1 (Common),55.77,0.0,0.0,0.0,0.0,98.93,0.0,0.78,0.1,0.0,56.85,55.79,55.02,-105,12.0
2026-09-07 20:28:29,Laboratorios Civil Superior,53.19,Group 1 (Common),96.4,54.05,Group 1 (Common),53.09,0.0,0.0,0.0,0.0,96.4,0.0,0.3,0.09,2.99,54.23,52.87,52.28,-107,5.5
2026-09-07 20:28:33,Salón - Uma Civil,53.84,Mixed,54.83,57.41,Group 4 (Person),49.93,0.0,0.0,55.72,0.0,54.83,3.52,0.0,34.57,7.03,57.62,48.88,45.02,-115,6.5
2026-09-07 20:28:41,Salón - Extremo Civil,61.99,Mixed,67.63,63.43,Group 1 (Common),61.66,61.89,0.0,61.49,0.0,67.63,15.53,0.0,16.7,0.0,63.72,61.49,60.64,-95,12.5
2026-09-07 20:28:50,Salón - Extremo Eléctrica,26.39,Silence,0.0,27.66,Silence,0.0,0.0,0.0,0.0,0.0,0.0,0.0,0.0,0.0,0.0,27.37,26.22,25.22,-83,10.8
2026-09-07 20:28:55,Salón - Uma Eléctrica,61.52,Group 1 (Common),91.55,70.31,Group 1 (Common),65.23,0.0,0.0,0.0,0.0,91.55,0.29,0.1,7.67,0.15,69.03,53.7,45.61,-107,6.0
2026-09-07 20:29:05,Laboratorios Eléctrica Inferior,55.69,Mixed,61.98,56.73,Group 1 (Common),56.35,0.0,0.0,0.0,55.47,37.67,0.0,0.0,0.3,61.98,56.99,55.81,54.18,-119,-3.5
2026-09-07 20:30:59,Laboratorios Civil Inferior,50.78,Mixed,48.18,62.55,Group 4 (Person),53.72,47.67,0.0,63.16,0.0,48.18,29.99,0.26,16.15,5.56,57.1,48.64,47.3,-119,-0.2
2026-09-07 20:33:05,Laboratorios Civil Central,64.87,Group 1 (Common),79.51,65.58,Group 1 (Common),64.91,0.0,0.0,0.0,0.0,79.51,6.42,0.0,1.22,12.93,65.62,64.89,64.15,-113,2.2
2026-09-07 20:33:06,Lobby Eléctrica,66.71,Mixed,50.39,70.79,Group 4 (Person),62.81,62.67,0.0,68.57,0.0,50.39,6.86,0.0,42.58,0.04,71.85,63.92,59.67,-101,12.0
2026-09-07 20:33:12,Laboratorios Eléctrica Superior,55.44,Group 1 (Common),86.91,58.19,Group 1 (Common),54.99,0.0,57.49,0.0,0.0,86.91,0.15,10.84,0.1,2.1,59.56,54.11,53.25,-109,6.8
2026-09-07 20:33:15,Pasillo Decanato Civil,25.15,Silence,0.0,25.99,Silence,0.0,0.0,0.0,0.0,0.0,0.0,0.0,0.0,0.0,0.0,25.99,25.14,24.4,-113,8.0
2026-09-07 20:33:18,Lobby Civil,52.89,Mixed,45.57,54.26,Group 5 (Vehicle),53.4,53.76,0.0,0.0,53.07,45.57,8.55,0.43,0.87,44.57,54.37,53.44,50.51,-95,11.5
2026-09-07 20:33:19,Pasillo Salones Eléctrica,36.83,Silence,0.0,40.73,Silence,0.0,0.0,0.0,0.0,0.0,0.0,0.0,0.0,0.0,0.0,41.57,35.96,30.07,-97,11.5
2026-09-07 20:33:22,Laboratorios Eléctrica Centro,61.24,Group 5 (Vehicle),95.85,62.15,Group 5 (Vehicle),0.0,0.0,0.0,0.0,61.42,4.15,0.0,0.0,0.0,95.85,61.62,61.25,60.69,-102,9.2
2026-09-07 20:33:24,Pasillo Salones Civil,62.43,Group 1 (Common),70.57,65.48,Group 1 (Common),61.99,0.0,0.0,60.52,0.0,70.57,0.3,0.0,28.99,0.0,66.53,62.0,57.85,-97,11.8
2026-09-07 20:33:26,Pasillo Decanato Eléctrica,55.71,Group 1 (Common),98.39,56.45,Group 1 (Common),55.72,0.0,0.0,0.0,0.0,98.39,0.13,0.0,0.04,1.3,56.64,55.91,54.67,-101,11.5
2026-09-07 20:33:29,Laboratorios Civil Superior,55.63,Mixed,60.5,58.95,Group 1 (Common),56.8,0.0,0.0,0.0,54.44,60.5,2.17,0.0,2.3,34.94,57.16,55.85,53.32,-105,9.5
2026-09-07 20:33:33,Salón - Uma Civil,61.13,Mixed,51.69,65.25,Group 4 (Person),56.31,0.0,0.0,62.97,64.23,51.69,2.13,7.94,20.75,17.32,66.18,58.19,52.67,-111,9.8
2026-09-07 20:33:41,Salón - Extremo Civil,62.66,Mixed,55.12,66.72,Group 1 (Common),64.1,0.0,0.0,62.22,0.0,55.12,0.26,0.0,44.53,0.0,68.25,61.59,55.91,-101,14.8
2026-09-07 20:33:50,Salón - Extremo Eléctrica,24.02,Silence,0.0,26.16,Silence,0.0,0.0,0.0,0.0,0.0,0.0,0.0,0.0,0.0,0.0,26.5,23.18,21.37,-83,9.2
2026-09-07 20:33:55,Salón - Uma Eléctrica,58.98,Mixed,55.51,67.09,Group 4 (Person),0.0,43.93,0.0,64.81,0.0,0.69,42.1,0.09,55.51,1.39,66.69,46.51,38.25,-115,6.0
2026-09-07 20:34:05,Laboratorios Eléctrica Inferior,56.54,Mixed,49.32,58.91,Group 1 (Common),56.88,0.0,0.0,0.0,54.6,45.12,2.54,0.49,2.39,49.32,59.53,55.19,53.2,-119,-4.8
2026-09-07 20:35:59,Laboratorios Civil Inferior,48.5,Mixed,59.68,49.02,Group 1 (Common),48.54,0.0,0.0,0.0,48.61,59.68,7.12,0.0,0.74,32.38,48.89,48.58,47.84,-119,-4.5
2026-09-07 20:38:05,Laboratorios Civil Central,64.18,Mixed,66.8,64.58,Group 1 (Common),64.1,0.0,0.0,0.0,64.03,66.8,1.52,0.0,1.17,30.51,64.57,64.33,63.64,-111,5.0
2026-09-07 20:38:06,Lobby Eléctrica,52.04,Mixed,53.3,56.97,Group 1 (Common),55.45,0.0,49.33,0.0,0.0,53.3,0.95,44.01,0.13,1.61,56.68,49.05,47.23,-99,12.2
2026-09-07 20:38:12,Laboratorios Eléctrica Superior,58.62,Group 1 (Common),99.07,62.85,Group 1 (Common),60.21,0.0,0.0,0.0,0.0,99.07,0.0,0.05,0.63,0.0,60.88,58.29,54.89,-99,12.2
2026-09-07 20:38:15,Pasillo Decanato Civil,25.89,Silence,0.0,27.17,Silence,0.0,0.0,0.0,0.0,0.0,0.0,0.0,0.0,0.0,0.0,27.58,25.58,24.83,-117,7.5
2026-09-07 20:38:18,Lobby Civil,51.24,Mixed,60.5,52.86,Group 1 (Common),51.55,51.81,0.0,0.0,0.0,60.5,29.43,0.0,3.3,6.9,52.35,51.32,50.0,-101,13.0
2026-09-07 20:38:19,Pasillo Salones Eléctrica,46.84,Mixed,36.2,49.55,Group 4 (Person),44.95,46.9,0.0,48.08,0.0,22.7,36.2,1.09,35.72,4.08,49.89,47.23,39.03,-103,3.8
2026-09-07 20:38:22,Laboratorios Eléctrica Centro,63.07,Mixed,64.06,64.47,Group 1 (Common),63.83,0.0,0.0,0.0,62.44,35.3,0.15,0.0,0.49,64.06,64.94,62.74,61.56,-99,11.5
2026-09-07 20:38:24,Pasillo Salones Civil,56.39,Group 1 (Common),98.96,58.34,Group 1 (Common),56.46,0.0,0.0,0.0,0.0,98.96,0.0,0.3,0.61,0.0,58.43,56.65,52.75,-106,0.5
2026-09-07 20:38:26,Pasillo Decanato Eléctrica,55.52,Group 1 (Common),98.87,56.75,Group 1 (Common),55.73,0.0,0.0,0.0,0.0,98.87,0.09,0.0,0.13,0.78,56.65,55.32,55.09,-102,8.5
2026-09-07 20:38:29,Laboratorios Civil Superior,51.9,Group 1 (Common),70.88,53.29,Group 1 (Common),52.21,0.0,0.0,0.0,52.1,70.88,0.26,0.0,0.09,28.69,53.26,52.18,50.46,-113,-3.2
2026-09-07 20:38:33,Salón - Uma Civil,49.2,Mixed,63.85,50.66,Group 2 (Impact),0.0,48.7,0.0,49.43,0.0,0.39,63.85,2.91,31.47,1.35,50.84,49.8,46.18,-107,0.2
2026-09-07 20:38:40,Salón - Extremo Civil,65.94,Group 4 (Person),83.51,69.58,Group 1 (Common),68.21,0.0,0.0,64.61,0.0,16.23,0.04,0.0,83.51,0.0,70.26,64.95,60.02,-87,12.2
2026-09-07 20:38:50,Salón - Extremo Eléctrica,29.72,Silence,0.0,32.02,Silence,0.0,0.0,0.0,0.0,0.0,0.0,0.0,0.0,0.0,0.0,32.37,29.63,26.57,-84,7.2
2026-09-07 20:38:55,Salón - Uma Eléctrica,64.76,Mixed,43.01,69.46,Group 4 (Person),58.9,0.0,58.89,67.1,47.2,33.55,0.78,6.6,43.01,16.02,70.88,62.17,44.96,-115,-1.8
2026-09-07 20:39:05,Laboratorios Eléctrica Inferior,67.23,Group 1 (Common),87.55,71.58,Group 1 (Common),68.58,0.0,0.0,0.0,62.88,87.55,0.0,0.0,3.37,8.98,70.7,65.43,62.61,-106,4.2
2026-09-07 20:40:59,Laboratorios Civil Inferior,49.56,Group 5 (Vehicle),70.83,50.64,Group 5 (Vehicle),49.25,0.0,0.0,0.0,49.98,25.39,2.13,0.09,1.52,70.83,50.42,49.41,48.23,-114,-1.0
2026-09-07 20:43:05,Laboratorios Civil Central,64.53,Mixed,66.65,66.05,Group 5 (Vehicle),64.4,0.0,0.0,0.0,64.56,66.65,2.59,0.0,1.42,29.3,66.67,63.99,63.57,-103,11.5
2026-09-07 20:43:06,Lobby Eléctrica,47.14,Mixed,43.31,50.65,Group 1 (Common),48.23,0.0,46.46,0.0,48.36,43.31,3.52,20.51,0.15,32.52,48.84,46.46,45.15,-99,11.0
2026-09-07 20:43:12,Laboratorios Eléctrica Superior,54.91,Group 1 (Common),81.51,56.41,Group 1 (Common),55.07,0.0,54.99,0.0,0.0,81.51,0.3,15.8,0.04,2.13,56.78,54.35,51.06,-99,12.2
2026-09-07 20:43:15,Pasillo Decanato Civil,26.63,Silence,0.0,30.97,Silence,0.0,0.0,0.0,0.0,0.0,0.0,0.0,0.0,0.0,0.0,32.45,24.11,23.27,-105,9.0
2026-09-07 20:43:18,Lobby Civil,46.44,Mixed,58.11,47.72,Group 2 (Impact),46.29,46.59,0.0,0.0,0.0,58.11,27.73,2.1,1.32,10.64,47.35,46.15,45.35,-102,8.2
2026-09-07 20:43:19,Pasillo Salones Eléctrica,44.84,Silence,0.0,49.97,Silence,0.0,0.0,0.0,0.0,0.0,0.0,0.0,0.0,0.0,0.0,51.57,41.51,39.58,-100,11.2
2026-09-07 20:43:22,Laboratorios Eléctrica Centro,61.77,Group 5 (Vehicle),86.24,62.31,Group 5 (Vehicle),0.0,0.0,0.0,0.0,61.81,13.67,0.0,0.0,0.0,86.24,62.24,61.78,61.21,-99,9.2
2026-09-07 20:43:24,Pasillo Salones Civil,66.74,Group 1 (Common),99.57,69.96,Group 1 (Common),67.35,0.0,0.0,0.0,0.0,99.57,0.0,0.0,0.04,0.13,70.15,66.13,62.12,-105,7.2
2026-09-07 20:43:26,Pasillo Decanato Eléctrica,55.86,Group 1 (Common),99.22,56.53,Group 1 (Common),55.75,0.0,0.0,0.0,0.0,99.22,0.17,0.0,0.13,0.35,56.67,55.76,55.24,-117,-3.2
2026-09-07 20:43:29,Laboratorios Civil Superior,51.62,Group 5 (Vehicle),71.09,52.24,Group 5 (Vehicle),51.37,0.0,0.0,0.0,51.7,28.86,0.0,0.0,0.0,71.09,52.35,51.49,51.03,-107,10.2
2026-09-07 20:43:33,Salón - Uma Civil,44.15,Silence,0.0,45.72,Silence,0.0,0.0,0.0,0.0,0.0,0.0,0.0,0.0,0.0,0.0,45.82,44.59,41.83,-113,4.5
2026-09-07 20:43:41,Salón - Extremo Civil,71.97,Mixed,67.36,75.02,Group 1 (Common),73.29,0.0,0.0,69.66,0.0,29.95,1.13,0.0,67.36,1.35,75.26,72.39,65.09,-119,-12.0
2026-09-07 20:43:50,Salón - Extremo Eléctrica,33.18,Silence,0.0,38.97,Silence,0.0,0.0,0.0,0.0,0.0,0.0,0.0,0.0,0.0,0.0,40.43,31.76,30.01,-93,8.8
2026-09-07 20:43:55,Salón - Uma Eléctrica,59.84,Group 4 (Person),80.03,63.99,Group 4 (Person),56.55,58.18,0.0,62.03,0.0,11.98,7.68,0.0,80.03,0.0,64.08,58.78,46.26,-113,1.8
2026-09-07 20:44:05,Laboratorios Eléctrica Inferior,64.0,Group 1 (Common),96.44,67.75,Group 1 (Common),63.05,0.0,0.0,0.0,0.0,96.44,0.22,0.0,0.17,2.99,68.88,63.43,58.47,-108,2.2
2026-09-07 20:45:59,Laboratorios Civil Inferior,52.14,Mixed,53.78,53.44,Group 1 (Common),52.58,0.0,0.0,0.0,51.4,53.78,0.0,0.0,0.3,45.92,53.44,51.7,50.24,-119,-6.0
2026-09-07 20:48:05,Laboratorios Civil Central,72.71,Group 1 (Common),94.62,76.02,Group 1 (Common),72.25,0.0,0.0,0.0,0.0,94.62,0.09,0.0,0.17,4.86,76.71,71.33,69.61,-100,11.8
2026-09-07 20:48:06,Lobby Eléctrica,50.17,Mixed,47.7,52.96,Group 3 (Rotary Tool),51.25,0.0,50.11,0.0,49.58,47.7,4.9,27.95,0.26,19.05,52.61,49.68,47.36,-101,13.0
2026-09-07 20:48:12,Laboratorios Eléctrica Superior,57.02,Mixed,54.73,60.61,Group 5 (Vehicle),56.9,0.0,0.0,0.0,55.82,54.73,0.0,0.0,0.04,45.14,60.82,55.29,52.05,-94,12.5
2026-09-07 20:48:15,Pasillo Decanato Civil,26.34,Silence,0.0,27.83,Silence,0.0,0.0,0.0,0.0,0.0,0.0,0.0,0.0,0.0,0.0,28.85,26.42,24.55,-117,2.5
2026-09-07 20:48:18,Lobby Civil,59.96,Group 1 (Common),96.01,67.44,Group 1 (Common),61.61,0.0,0.0,0.0,0.0,96.01,1.26,0.0,2.17,0.69,65.88,54.34,49.82,-107,8.2
2026-09-07 20:48:19,Pasillo Salones Eléctrica,39.86,Silence,0.0,45.13,Silence,0.0,0.0,0.0,0.0,0.0,0.0,0.0,0.0,0.0,0.0,43.67,40.2,36.99,-105,10.5
2026-09-07 20:48:22,Laboratorios Eléctrica Centro,61.62,Group 5 (Vehicle),82.03,62.57,Group 5 (Vehicle),61.51,0.0,0.0,0.0,61.79,17.58,0.09,0.0,0.3,82.03,62.36,61.68,61.0,-97,9.2
2026-09-07 20:48:24,Pasillo Salones Civil,62.78,Group 1 (Common),97.96,65.38,Group 1 (Common),62.99,0.0,0.0,0.0,0.0,97.96,1.0,0.0,0.95,0.0,65.36,62.9,59.83,-103,7.5
2026-09-07 20:48:26,Pasillo Decanato Eléctrica,55.25,Group 1 (Common),99.48,56.87,Group 1 (Common),55.44,0.0,0.0,0.0,0.0,99.48,0.09,0.0,0.04,0.26,56.99,55.31,54.23,-105,11.0
2026-09-07 20:48:29,Laboratorios Civil Superior,51.85,Mixed,64.45,52.55,Group 1 (Common),51.94,0.0,0.0,0.0,51.94,64.45,0.04,0.0,0.04,35.42,52.66,51.75,51.31,-116,-3.8
2026-09-07 20:48:33,Salón - Uma Civil,44.47,Silence,0.0,46.74,Silence,0.0,0.0,0.0,0.0,0.0,0.0,0.0,0.0,0.0,0.0,46.14,44.2,43.11,-114,4.5
2026-09-07 20:48:41,Salón - Extremo Civil,64.66,Group 4 (Person),99.22,68.06,Group 4 (Person),0.0,0.0,0.0,63.73,0.0,0.22,0.3,0.0,99.22,0.0,68.03,63.29,58.45,-115,-11.5
2026-09-07 20:48:50,Salón - Extremo Eléctrica,32.53,Silence,0.0,40.45,Silence,0.0,0.0,0.0,0.0,0.0,0.0,0.0,0.0,0.0,0.0,42.37,26.39,23.2,-85,9.2
2026-09-07 20:48:55,Salón - Uma Eléctrica,64.94,Mixed,66.58,69.03,Group 4 (Person),64.77,39.11,0.0,65.15,0.0,22.7,10.42,0.0,66.58,0.09,69.96,63.7,58.87,-113,7.0
2026-09-07 20:49:05,Laboratorios Eléctrica Inferior,55.97,Mixed,61.28,57.48,Group 1 (Common),56.5,0.0,0.0,0.0,55.78,36.2,0.95,0.26,1.35,61.28,57.79,55.56,54.85,-114,0.8
2026-09-07 20:50:59,Laboratorios Civil Inferior,51.07,Group 1 (Common),75.39,52.58,Group 1 (Common),50.8,0.0,0.0,0.0,0.0,75.39,0.88,0.0,0.49,23.29,52.55,50.7,49.64,-111,-4.0
2026-09-07 20:53:05,Laboratorios Civil Central,66.59,Group 1 (Common),86.41,68.82,Group 1 (Common),66.15,0.0,0.0,0.0,0.0,86.41,0.0,0.0,0.39,13.06,69.2,65.9,64.79,-103,11.8
2026-09-07 20:53:06,Lobby Eléctrica,61.84,Group 1 (Common),72.87,66.17,Group 2 (Impact),62.75,66.51,61.41,0.0,0.0,72.87,9.42,11.2,3.52,2.82,64.76,61.83,58.96,-111,-1.0
2026-09-07 20:53:12,Laboratorios Eléctrica Superior,52.21,Group 1 (Common),71.57,54.43,Group 1 (Common),52.57,0.0,0.0,0.0,50.8,71.57,0.0,1.09,0.0,27.21,54.97,52.21,49.52,-97,8.5
2026-09-07 20:53:15,Pasillo Decanato Civil,26.46,Silence,0.0,27.87,Silence,0.0,0.0,0.0,0.0,0.0,0.0,0.0,0.0,0.0,0.0,28.11,26.44,25.16,-105,4.8
2026-09-07 20:53:18,Lobby Civil,54.03,Group 1 (Common),81.25,55.94,Group 1 (Common),53.57,53.81,0.0,0.0,0.0,81.25,14.93,0.0,2.17,1.82,56.17,54.29,51.45,-103,11.5
2026-09-07 20:53:19,Pasillo Salones Eléctrica,41.03,Silence,0.0,42.86,Silence,0.0,0.0,0.0,0.0,0.0,0.0,0.0,0.0,0.0,0.0,43.4,40.77,39.42,-102,10.0
2026-09-07 20:53:22,Laboratorios Eléctrica Centro,61.72,Group 5 (Vehicle),83.77,62.35,Group 5 (Vehicle),61.68,0.0,0.0,0.0,61.78,16.15,0.0,0.0,0.0,83.77,62.12,61.74,61.07,-97,8.8
2026-09-07 20:53:24,Pasillo Salones Civil,61.71,Group 1 (Common),74.35,64.52,Group 2 (Impact),60.13,65.19,0.0,64.06,0.0,74.35,5.08,0.35,14.93,5.08,66.73,59.07,54.76,-101,12.8
2026-09-07 20:53:26,Pasillo Decanato Eléctrica,55.23,Group 1 (Common),99.57,56.08,Group 1 (Common),55.13,0.0,0.0,0.0,0.0,99.57,0.04,0.0,0.04,0.0,55.94,55.62,54.21,-105,11.8
2026-09-07 20:53:29,Laboratorios Civil Superior,60.16,Group 1 (Common),99.05,64.24,Group 1 (Common),58.72,0.0,0.0,0.0,0.0,99.05,0.0,0.0,0.0,0.61,64.67,56.58,56.26,-107,8.8
2026-09-07 20:53:33,Salón - Uma Civil,45.71,Mixed,66.28,47.62,Group 1 (Common),46.01,44.99,0.0,0.0,0.0,18.71,66.28,0.09,13.41,1.43,47.69,45.35,43.52,-109,9.5
2026-09-07 20:53:41,Salón - Extremo Civil,59.15,Mixed,67.32,64.89,Group 4 (Person),58.12,51.32,0.0,60.37,0.0,16.32,15.63,0.04,67.32,0.52,66.65,55.12,49.24,-83,9.5
2026-09-07 20:53:50,Salón - Extremo Eléctrica,34.94,Silence,0.0,38.53,Silence,0.0,0.0,0.0,0.0,0.0,0.0,0.0,0.0,0.0,0.0,38.19,34.13,32.7,-96,6.5
2026-09-07 20:53:55,Salón - Uma Eléctrica,57.78,Mixed,61.41,65.92,Group 4 (Person),57.03,0.0,0.0,63.02,0.0,38.24,0.13,0.0,61.41,0.0,61.98,55.16,38.81,-108,9.0
2026-09-07 20:54:05,Laboratorios Eléctrica Inferior,56.57,Group 5 (Vehicle),71.48,57.95,Group 1 (Common),57.22,0.0,0.0,0.0,56.43,25.48,1.35,0.22,1.26,71.48,58.17,56.32,55.7,-120,-6.8
2026-09-07 20:55:59,Laboratorios Civil Inferior,61.64,Group 1 (Common),77.25,63.39,Group 5 (Vehicle),59.76,0.0,0.0,0.0,62.73,77.25,0.0,0.68,0.05,21.92,63.72,62.28,56.76,-105,-13.5
2026-09-07 20:58:06,Laboratorios Civil Central,67.52,Group 1 (Common),94.31,71.32,Group 1 (Common),67.39,0.0,0.0,0.0,0.0,94.31,1.61,0.0,0.95,3.04,71.68,64.64,63.71,-101,11.2
2026-09-07 20:58:13,Lobby Eléctrica,57.22,Group 1 (Common),89.89,60.38,Group 1 (Common),57.39,0.0,0.0,0.0,0.0,89.89,0.69,8.9,0.22,0.04,60.38,56.43,53.21,-106,6.8
2026-09-07 20:58:13,Laboratorios Eléctrica Superior,63.9,Group 1 (Common),88.19,68.24,Group 1 (Common),63.52,0.0,57.94,0.0,0.0,88.19,0.09,11.28,0.35,0.0,68.1,62.06,57.33,-95,12.8
2026-09-07 20:58:15,Pasillo Decanato Civil,27.99,Silence,0.0,29.59,Silence,0.0,0.0,0.0,0.0,0.0,0.0,0.0,0.0,0.0,0.0,29.8,27.97,26.31,-107,7.5
2026-09-07 20:58:18,Lobby Civil,65.92,Group 1 (Common),80.9,69.77,Group 1 (Common),65.1,0.0,0.0,0.0,57.44,80.9,0.3,0.04,2.56,16.1,70.33,62.83,56.74,-103,10.8
2026-09-07 20:58:19,Pasillo Salones Eléctrica,39.65,Silence,0.0,44.08,Silence,0.0,0.0,0.0,0.0,0.0,0.0,0.0,0.0,0.0,0.0,44.24,36.15,32.19,-103,9.8
2026-09-07 20:58:22,Laboratorios Eléctrica Centro,65.69,Group 1 (Common),89.02,67.6,Group 1 (Common),65.43,0.0,0.0,0.0,62.06,89.02,0.0,0.17,0.22,10.42,67.72,65.64,63.56,-96,9.8
2026-09-07 20:58:24,Pasillo Salones Civil,58.36,Group 1 (Common),98.96,60.57,Group 1 (Common),58.49,0.0,0.0,0.0,0.0,98.96,0.0,0.0,0.78,0.0,60.63,57.62,53.42,-103,8.0
2026-09-07 20:58:26,Pasillo Decanato Eléctrica,55.57,Group 1 (Common),99.13,56.45,Group 1 (Common),55.64,0.0,0.0,0.0,0.0,99.13,0.04,0.0,0.0,0.65,56.48,55.59,54.19,-107,11.2
2026-09-07 20:58:29,Laboratorios Civil Superior,51.85,Mixed,68.84,53.6,Group 1 (Common),52.41,0.0,0.0,0.0,51.58,68.84,0.13,0.0,0.0,30.86,53.12,51.66,51.1,-108,4.2
2026-09-07 20:58:33,Salón - Uma Civil,43.03,Silence,0.0,44.78,Silence,0.0,0.0,0.0,0.0,0.0,0.0,0.0,0.0,0.0,0.0,44.06,43.12,41.76,-105,10.2
2026-09-07 20:58:41,Salón - Extremo Civil,68.13,Mixed,32.68,73.1,Group 2 (Impact),68.17,69.87,0.0,64.12,0.0,26.35,32.68,7.47,30.08,3.43,73.82,66.21,43.11,-89,14.0
2026-09-07 20:58:50,Salón - Extremo Eléctrica,29.65,Silence,0.0,30.87,Silence,0.0,0.0,0.0,0.0,0.0,0.0,0.0,0.0,0.0,0.0,30.94,29.57,28.31,-93,7.5
2026-09-07 20:58:55,Salón - Uma Eléctrica,62.81,Mixed,47.96,69.52,Group 4 (Person),49.87,44.92,0.0,65.71,0.0,32.9,47.96,0.26,17.01,1.78,70.02,46.83,39.17,-113,8.5
2026-09-07 20:59:05,Laboratorios Eléctrica Inferior,55.57,Mixed,63.45,56.6,Group 1 (Common),56.21,0.0,0.0,0.0,55.59,36.15,0.0,0.0,0.26,63.45,56.72,55.82,53.93,-109,9.2
2026-09-07 21:00:59,Laboratorios Civil Inferior,47.98,Mixed,37.2,48.74,Group 1 (Common),48.09,47.9,0.0,0.0,48.1,37.2,28.3,0.43,2.43,31.51,48.5,47.89,47.56,-119,-9.8
2026-09-07 21:03:06,Laboratorios Civil Central,63.8,Mixed,53.08,64.66,Group 1 (Common),63.93,0.0,0.0,0.0,63.77,53.08,7.99,0.0,1.95,37.07,64.61,63.71,63.39,-99,11.8
2026-09-07 21:03:06,Lobby Eléctrica,55.11,Group 1 (Common),82.99,56.19,Group 1 (Common),55.37,0.0,55.36,0.0,0.0,82.99,0.78,14.89,0.09,1.3,55.58,55.36,54.24,-101,13.0
2026-09-07 21:03:12,Laboratorios Eléctrica Superior,51.67,Group 1 (Common),87.59,57.49,Group 1 (Common),53.06,0.0,0.0,0.0,0.0,87.59,1.3,6.38,0.09,4.69,54.01,51.03,50.04,-96,13.0
2026-09-07 21:03:15,Pasillo Decanato Civil,28.13,Silence,0.0,29.53,Silence,0.0,0.0,0.0,0.0,0.0,0.0,0.0,0.0,0.0,0.0,29.47,27.83,27.21,-105,11.2
2026-09-07 21:03:24,Lobby Civil,54.9,Mixed,62.41,56.7,Group 1 (Common),54.51,54.42,0.0,0.0,55.52,62.41,12.15,0.04,3.13,22.22,56.62,55.49,53.09,-101,12.0
2026-09-07 21:03:24,Pasillo Salones Eléctrica,38.84,Silence,0.0,40.76,Silence,0.0,0.0,0.0,0.0,0.0,0.0,0.0,0.0,0.0,0.0,41.08,38.22,36.91,-103,12.0
2026-09-07 21:03:24,Laboratorios Eléctrica Centro,65.27,Group 1 (Common),78.65,67.27,Group 1 (Common),65.02,0.0,0.0,0.0,63.55,78.65,0.0,0.0,0.0,21.09,67.87,64.43,63.21,-99,10.8
2026-09-07 21:03:24,Pasillo Salones Civil,57.7,Group 1 (Common),88.37,61.99,Group 1 (Common),57.8,0.0,0.0,0.0,0.0,88.37,7.9,0.0,2.82,1.04,62.45,55.17,48.39,-95,12.2
2026-09-07 21:03:26,Pasillo Decanato Eléctrica,55.39,Group 1 (Common),99.35,56.01,Group 1 (Common),55.42,0.0,0.0,0.0,0.0,99.35,0.04,0.0,0.3,0.22,55.97,55.47,54.47,-101,11.5
2026-09-07 21:03:29,Laboratorios Civil Superior,51.2,Group 1 (Common),75.43,51.81,Group 1 (Common),51.15,0.0,0.0,0.0,51.07,75.43,0.0,0.0,0.0,24.48,51.87,51.12,50.78,-107,10.8
2026-09-07 21:03:33,Salón - Uma Civil,52.21,Group 1 (Common),86.04,54.97,Group 1 (Common),51.6,0.0,0.0,0.0,0.0,86.04,7.28,0.0,3.03,3.56,55.21,50.09,48.34,-113,6.0
2026-09-07 21:03:41,Salón - Extremo Civil,62.41,Mixed,67.19,67.25,Group 4 (Person),62.41,0.0,0.0,65.08,0.0,32.67,0.0,0.0,67.19,0.0,66.22,61.57,55.74,-91,12.0
2026-09-07 21:03:50,Salón - Extremo Eléctrica,45.95,Group 2 (Impact),89.19,49.75,Group 2 (Impact),48.06,47.14,0.0,0.0,0.0,5.25,89.19,0.17,2.91,2.43,49.92,45.91,33.22,-95,10.5
2026-09-07 21:03:55,Salón - Uma Eléctrica,60.08,Mixed,45.92,64.97,Group 4 (Person),0.0,45.98,0.0,61.84,54.65,3.08,31.47,0.0,45.92,19.44,66.16,58.44,41.84,-117,3.2
2026-09-07 21:04:05,Laboratorios Eléctrica Inferior,60.0,Group 1 (Common),78.21,62.12,Group 1 (Common),60.18,0.0,0.0,0.0,59.47,78.21,0.04,0.09,0.17,21.27,62.19,59.57,56.73,-109,8.2
2026-09-07 21:05:59,Laboratorios Civil Inferior,54.52,Group 5 (Vehicle),71.83,58.75,Group 5 (Vehicle),49.63,0.0,0.0,0.0,54.75,23.96,2.78,0.39,0.87,71.83,60.17,51.13,48.85,-120,-10.8
2026-09-07 21:08:06,Laboratorios Civil Central,63.65,Group 1 (Common),83.9,64.43,Group 1 (Common),63.61,0.0,0.0,0.0,0.0,83.9,2.99,0.0,1.09,11.98,64.27,63.8,62.45,-97,10.2
2026-09-07 21:08:06,Lobby Eléctrica,55.48,Mixed,68.62,57.35,Group 1 (Common),55.67,0.0,56.55,0.0,0.0,68.62,0.3,30.25,0.04,0.65,57.01,55.01,54.11,-107,2.2
2026-09-07 21:08:12,Laboratorios Eléctrica Superior,62.76,Group 1 (Common),99.31,64.42,Group 1 (Common),62.24,0.0,0.0,0.0,0.0,99.31,0.3,0.0,0.09,0.09,64.62,62.96,57.28,-95,12.0
2026-09-07 21:08:15,Pasillo Decanato Civil,30.46,Silence,0.0,32.07,Silence,0.0,0.0,0.0,0.0,0.0,0.0,0.0,0.0,0.0,0.0,31.55,30.31,29.55,-111,7.5
2026-09-07 21:08:18,Lobby Civil,59.16,Group 1 (Common),91.93,61.39,Group 1 (Common),59.29,0.0,0.0,0.0,0.0,91.93,0.69,1.26,5.82,0.04,61.6,59.07,55.26,-97,10.0
2026-09-07 21:08:19,Pasillo Salones Eléctrica,49.92,Mixed,67.14,53.22,Group 1 (Common),50.87,44.16,0.0,0.0,0.0,67.14,31.64,0.17,1.09,0.0,53.16,49.28,46.0,-99,12.5
2026-09-07 21:08:22,Laboratorios Eléctrica Centro,63.3,Mixed,56.42,64.66,Group 1 (Common),63.65,0.0,0.0,0.0,62.19,56.42,0.0,0.09,0.26,43.32,65.24,63.3,61.83,-111,5.2
2026-09-07 21:08:24,Pasillo Salones Civil,69.34,Group 1 (Common),73.35,70.98,Group 1 (Common),69.72,0.0,0.0,68.39,0.0,73.35,0.0,0.0,26.48,0.0,71.08,69.46,67.02,-95,13.0
2026-09-07 21:08:26,Pasillo Decanato Eléctrica,55.97,Group 1 (Common),98.09,56.94,Group 1 (Common),55.93,0.0,0.0,0.0,0.0,98.09,0.09,0.0,0.3,1.43,56.79,55.97,55.04,-107,11.5
2026-09-07 21:08:33,Laboratorios Civil Superior,62.01,Group 1 (Common),96.66,65.5,Group 1 (Common),62.21,0.0,0.0,0.0,0.0,96.66,0.0,3.04,0.0,0.0,66.28,60.03,54.87,-108,5.0
2026-09-07 21:08:33,Salón - Uma Civil,49.71,Group 1 (Common),83.69,52.38,Group 1 (Common),50.71,0.0,0.0,0.0,0.0,83.69,13.28,0.1,3.08,0.1,51.81,48.17,46.34,-108,-2.5
2026-09-07 21:08:41,Salón - Extremo Civil,63.35,Mixed,63.77,68.5,Group 1 (Common),64.88,0.0,0.0,64.73,0.0,63.77,0.0,0.05,35.99,0.0,68.49,57.07,52.37,-87,12.8
2026-09-07 21:08:50,Salón - Extremo Eléctrica,52.16,Mixed,39.37,57.64,Group 4 (Person),48.75,44.22,0.0,56.16,0.0,13.37,39.37,0.04,38.54,8.81,59.21,51.83,37.72,-93,9.0
2026-09-07 21:08:55,Salón - Uma Eléctrica,59.09,Mixed,53.69,66.19,Group 4 (Person),58.33,40.32,0.0,64.06,0.0,53.69,9.55,0.43,34.9,1.22,67.28,53.5,37.33,-113,-4.5
2026-09-07 21:09:05,Laboratorios Eléctrica Inferior,67.48,Group 1 (Common),84.85,70.07,Group 1 (Common),68.17,0.0,0.0,0.0,0.0,84.85,11.68,0.0,3.21,0.22,69.85,66.95,63.79,-111,8.5
2026-09-07 21:10:59,Laboratorios Civil Inferior,49.07,Mixed,51.52,50.32,Group 5 (Vehicle),48.99,47.69,0.0,0.0,49.7,26.3,19.4,0.26,2.56,51.52,50.4,49.14,47.7,-120,-5.5
2026-09-07 21:13:06,Laboratorios Civil Central,65.68,Mixed,65.67,67.64,Group 1 (Common),66.5,0.0,0.0,0.0,64.89,32.38,0.61,0.09,1.17,65.67,68.27,65.0,64.27,-117,-11.2
2026-09-07 21:13:06,Lobby Eléctrica,54.73,Mixed,61.28,56.52,Group 3 (Rotary Tool),54.83,0.0,56.09,0.0,0.0,61.28,1.09,35.29,2.04,0.22,56.65,54.33,51.13,-109,7.0
2026-09-07 21:13:12,Laboratorios Eléctrica Superior,65.71,Group 1 (Common),99.61,67.68,Group 1 (Common),66.41,0.0,0.0,0.0,0.0,99.61,0.0,0.0,0.0,0.0,67.19,65.35,63.71,-99,13.2
2026-09-07 21:13:15,Pasillo Decanato Civil,31.86,Silence,0.0,33.73,Silence,0.0,0.0,0.0,0.0,0.0,0.0,0.0,0.0,0.0,0.0,33.48,31.76,29.68,-105,11.2
2026-09-07 21:13:18,Lobby Civil,60.13,Group 1 (Common),99.57,63.59,Group 1 (Common),60.18,0.0,0.0,0.0,0.0,99.57,0.0,0.0,0.17,0.0,63.82,58.26,56.87,-101,11.0
2026-09-07 21:13:19,Pasillo Salones Eléctrica,43.66,Silence,0.0,49.55,Silence,0.0,0.0,0.0,0.0,0.0,0.0,0.0,0.0,0.0,0.0,50.25,42.52,38.72,-105,8.0
2026-09-07 21:13:22,Laboratorios Eléctrica Centro,63.61,Mixed,69.44,65.8,Group 1 (Common),63.91,0.0,0.0,0.0,62.42,30.34,0.0,0.0,0.13,69.44,66.33,62.53,61.83,-96,9.8
2026-09-07 21:13:24,Pasillo Salones Civil,64.99,Mixed,53.86,68.87,Group 4 (Person),64.09,0.0,0.0,65.99,0.0,53.86,1.52,0.0,44.66,0.0,69.08,63.65,61.36,-88,12.0
2026-09-07 21:13:26,Pasillo Decanato Eléctrica,55.19,Group 1 (Common),97.9,56.21,Group 1 (Common),55.25,0.0,0.0,0.0,0.0,97.9,0.88,0.05,0.1,1.03,55.93,54.91,54.6,-117,-5.2
2026-09-07 21:13:29,Laboratorios Civil Superior,54.3,Group 1 (Common),93.88,56.8,Group 1 (Common),54.54,0.0,0.0,0.0,0.0,93.88,0.0,0.0,0.0,5.9,56.73,54.65,51.22,-108,7.8
2026-09-07 21:13:33,Salón - Uma Civil,49.59,Mixed,57.68,53.13,Group 2 (Impact),46.71,51.82,0.0,0.0,0.0,57.68,36.63,0.0,5.03,0.65,53.75,46.22,44.54,-113,6.0
2026-09-07 21:13:41,Salón - Extremo Civil,64.2,Mixed,62.41,69.26,Group 1 (Common),64.62,62.55,0.0,66.45,0.0,62.41,11.5,0.0,26.04,0.0,69.87,62.45,60.72,-97,13.5
2026-09-07 21:13:53,Salón - Extremo Eléctrica,41.2,Silence,0.0,43.11,Silence,0.0,0.0,0.0,0.0,0.0,0.0,0.0,0.0,0.0,0.0,43.25,40.61,39.3,-93,6.8
2026-09-07 21:13:55,Salón - Uma Eléctrica,62.06,Mixed,66.6,63.96,Group 1 (Common),62.99,0.0,0.0,62.1,0.0,33.11,0.29,0.0,66.6,0.0,64.06,61.82,58.5,-114,1.8
2026-09-07 21:14:05,Laboratorios Eléctrica Inferior,60.87,Group 1 (Common),72.66,64.15,Group 5 (Vehicle),60.08,0.0,0.0,0.0,61.35,72.66,0.1,0.05,0.83,26.32,65.14,60.34,57.01,-107,7.8
2026-09-07 21:15:59,Laboratorios Civil Inferior,49.44,Mixed,51.65,50.14,Group 1 (Common),49.46,49.61,0.0,0.0,49.51,51.65,11.72,0.0,1.09,35.46,50.02,49.34,48.3,-120,-9.8
2026-09-07 21:18:06,Laboratorios Civil Central,65.76,Mixed,59.55,67.93,Group 5 (Vehicle),65.07,0.0,0.0,0.0,67.13,59.55,4.12,2.95,3.52,29.77,68.79,64.94,63.62,-101,12.0
2026-09-07 21:18:07,Lobby Eléctrica,53.84,Mixed,54.25,56.46,Group 1 (Common),54.12,0.0,53.45,0.0,0.0,54.25,6.25,25.95,0.78,12.67,57.07,53.2,49.92,-101,13.0
2026-09-07 21:18:13,Laboratorios Eléctrica Superior,62.34,Group 1 (Common),97.31,65.11,Group 1 (Common),62.74,0.0,0.0,0.0,0.0,97.31,0.0,0.0,0.98,1.56,65.94,60.54,57.22,-94,12.2
2026-09-07 21:18:15,Pasillo Decanato Civil,26.32,Silence,0.0,27.31,Silence,0.0,0.0,0.0,0.0,0.0,0.0,0.0,0.0,0.0,0.0,27.49,26.14,24.81,-101,12.2
2026-09-07 21:18:18,Lobby Civil,58.2,Group 1 (Common),93.27,60.61,Group 1 (Common),58.37,0.0,0.0,0.0,0.0,93.27,0.48,0.0,6.16,0.0,61.0,57.65,54.89,-100,10.0
2026-09-07 21:18:19,Pasillo Salones Eléctrica,38.99,Silence,0.0,44.26,Silence,0.0,0.0,0.0,0.0,0.0,0.0,0.0,0.0,0.0,0.0,41.76,38.31,34.91,-105,10.5
2026-09-07 21:18:22,Laboratorios Eléctrica Centro,62.85,Group 5 (Vehicle),75.69,64.16,Group 5 (Vehicle),63.09,0.0,0.0,0.0,63.03,24.26,0.0,0.0,0.0,75.69,63.97,62.31,62.06,-99,9.0
2026-09-07 21:18:24,Pasillo Salones Civil,67.95,Mixed,55.9,70.2,Group 1 (Common),68.72,0.0,0.0,67.28,0.0,43.79,0.0,0.0,55.9,0.0,71.42,67.53,62.99,-90,12.5
2026-09-07 21:18:26,Pasillo Decanato Eléctrica,55.06,Group 1 (Common),93.16,55.76,Group 1 (Common),55.22,0.0,0.0,0.0,0.0,93.16,0.29,0.0,0.05,6.2,55.71,55.07,54.2,-103,8.8
2026-09-07 21:18:29,Laboratorios Civil Superior,51.29,Group 1 (Common),86.02,52.45,Group 1 (Common),51.39,0.0,0.0,0.0,0.0,86.02,0.0,0.0,0.0,13.93,52.77,51.29,50.09,-105,11.5
2026-09-07 21:18:33,Salón - Uma Civil,45.83,Mixed,67.71,46.89,Group 2 (Impact),46.65,46.29,0.0,0.0,0.0,28.69,67.71,0.0,2.34,1.26,46.83,46.02,43.93,-111,7.0
2026-09-07 21:18:41,Salón - Extremo Civil,68.15,Mixed,62.67,75.81,Group 4 (Person),71.85,0.0,0.0,69.87,0.0,37.2,0.0,0.0,62.67,0.0,71.76,64.28,57.45,-97,12.2
2026-09-07 21:18:50,Salón - Extremo Eléctrica,26.78,Silence,0.0,27.88,Silence,0.0,0.0,0.0,0.0,0.0,0.0,0.0,0.0,0.0,0.0,28.11,27.03,24.82,-84,9.8
2026-09-07 21:18:55,Salón - Uma Eléctrica,60.52,Mixed,55.71,64.08,Group 1 (Common),61.84,0.0,0.0,60.98,0.0,55.71,2.69,0.1,41.46,0.0,65.73,59.24,53.12,-112,-0.2
2026-09-07 21:19:05,Laboratorios Eléctrica Inferior,58.9,Group 1 (Common),72.22,60.67,Group 5 (Vehicle),57.95,0.0,0.0,0.0,60.23,72.22,0.0,0.0,0.1,27.64,61.38,58.16,57.8,-117,-4.8
2026-09-07 21:20:59,Laboratorios Civil Inferior,49.81,Group 1 (Common),74.87,50.69,Group 1 (Common),49.98,49.58,0.0,0.0,0.0,74.87,16.54,0.0,0.91,7.68,50.55,49.81,48.51,-119,-4.5
2026-09-07 21:23:06,Laboratorios Civil Central,64.58,Group 1 (Common),85.69,66.09,Group 1 (Common),64.58,0.0,0.0,0.0,63.7,85.69,0.59,0.0,1.32,12.4,66.25,63.62,63.32,-99,12.5
2026-09-07 21:23:07,Lobby Eléctrica,55.69,Mixed,68.21,57.65,Group 5 (Vehicle),0.0,0.0,0.0,54.66,54.3,0.1,0.0,0.0,68.21,31.49,58.5,54.79,51.07,-101,11.2
2026-09-07 21:23:13,Laboratorios Eléctrica Superior,58.56,Group 1 (Common),99.39,60.18,Group 1 (Common),58.59,0.0,0.0,0.0,0.0,99.39,0.0,0.04,0.35,0.0,60.26,58.47,56.4,-99,5.8
2026-09-07 21:23:15,Pasillo Decanato Civil,27.71,Silence,0.0,29.84,Silence,0.0,0.0,0.0,0.0,0.0,0.0,0.0,0.0,0.0,0.0,30.14,27.46,26.25,-109,8.8
2026-09-07 21:23:18,Lobby Civil,50.99,Mixed,58.64,52.21,Group 2 (Impact),51.11,51.26,0.0,0.0,0.0,33.98,58.64,0.05,4.59,2.73,52.65,50.65,49.29,-97,8.5
2026-09-07 21:23:19,Pasillo Salones Eléctrica,46.6,Mixed,43.85,49.84,Group 1 (Common),48.0,0.0,0.0,46.96,46.7,43.85,3.81,5.27,15.82,31.2,49.74,46.98,42.07,-100,10.0
2026-09-07 21:23:22,Laboratorios Eléctrica Centro,63.63,Mixed,64.89,65.06,Group 1 (Common),63.87,0.0,0.0,0.0,63.8,64.89,0.17,0.0,0.17,34.55,64.87,64.16,61.15,-97,10.0
2026-09-07 21:23:24,Pasillo Salones Civil,60.5,Group 1 (Common),80.62,65.31,Group 1 (Common),57.53,0.0,0.0,0.0,56.68,80.62,1.17,0.73,1.86,15.58,66.52,55.49,52.49,-115,0.2
2026-09-07 21:23:26,Pasillo Decanato Eléctrica,55.59,Group 1 (Common),99.09,56.21,Group 1 (Common),55.48,0.0,0.0,0.0,0.0,99.09,0.17,0.0,0.22,0.52,56.36,55.77,54.5,-101,11.0
2026-09-07 21:23:29,Laboratorios Civil Superior,51.72,Group 5 (Vehicle),86.82,52.45,Group 5 (Vehicle),0.0,0.0,0.0,0.0,51.73,12.5,0.1,0.54,0.05,86.82,52.66,51.58,51.21,-111,9.2
2026-09-07 21:23:33,Salón - Uma Civil,45.64,Group 2 (Impact),78.73,46.74,Group 2 (Impact),46.3,46.0,0.0,0.0,0.0,10.03,78.73,0.04,9.33,1.87,46.79,45.29,44.29,-117,1.8
2026-09-07 21:23:41,Salón - Extremo Civil,69.06,Mixed,64.06,74.37,Group 4 (Person),63.47,0.0,0.0,68.67,0.0,31.9,1.0,2.73,64.06,0.0,74.79,62.44,46.66,-84,12.2
2026-09-07 21:23:50,Salón - Extremo Eléctrica,27.25,Silence,0.0,29.3,Silence,0.0,0.0,0.0,0.0,0.0,0.0,0.0,0.0,0.0,0.0,29.75,27.55,24.48,-94,9.0
2026-09-07 21:23:55,Salón - Uma Eléctrica,69.49,Group 4 (Person),99.61,71.69,Group 4 (Person),0.0,0.0,0.0,69.64,0.0,0.0,0.0,0.0,99.61,0.0,72.21,69.61,64.04,-108,8.5
2026-09-07 21:24:05,Laboratorios Eléctrica Inferior,60.16,Mixed,63.37,62.64,Group 1 (Common),61.16,0.0,0.0,0.0,56.3,63.37,1.35,0.22,1.35,33.9,62.89,59.8,54.73,-107,5.2
2026-09-07 21:25:59,Laboratorios Civil Inferior,55.95,Group 5 (Vehicle),72.18,59.29,Group 5 (Vehicle),53.3,0.0,0.0,0.0,56.43,19.53,7.07,0.04,1.09,72.18,59.64,54.7,51.86,-117,-4.0
2026-09-07 21:28:06,Laboratorios Civil Central,64.01,Mixed,46.18,64.54,Group 5 (Vehicle),63.91,0.0,0.0,0.0,64.08,40.97,10.03,0.04,2.6,46.18,64.52,63.99,63.46,-103,12.5
2026-09-07 21:28:07,Lobby Eléctrica,58.28,Mixed,66.41,61.18,Group 1 (Common),57.25,0.0,0.0,0.0,57.14,66.41,6.42,4.25,3.08,19.88,61.7,57.72,52.27,-96,12.2
2026-09-07 21:28:13,Laboratorios Eléctrica Superior,59.36,Group 1 (Common),72.31,60.06,Group 1 (Common),59.29,0.0,0.0,59.25,59.28,72.31,0.0,0.0,13.59,13.93,60.07,59.44,58.28,-93,12.5
2026-09-07 21:28:15,Pasillo Decanato Civil,26.18,Silence,0.0,30.22,Silence,0.0,0.0,0.0,0.0,0.0,0.0,0.0,0.0,0.0,0.0,31.63,25.09,23.71,-111,8.8
2026-09-07 21:28:19,Lobby Civil,57.48,Group 1 (Common),90.19,64.82,Group 1 (Common),60.05,0.0,0.0,0.0,0.0,90.19,4.21,0.17,1.22,4.17,59.45,57.5,55.36,-108,8.2
2026-09-07 21:28:19,Pasillo Salones Eléctrica,47.95,Mixed,59.59,52.09,Group 1 (Common),49.41,0.0,48.73,0.0,47.53,59.59,7.64,17.84,3.47,11.41,49.31,48.71,43.56,-107,6.2
2026-09-07 21:28:22,Laboratorios Eléctrica Centro,62.58,Group 1 (Common),76.82,64.39,Group 1 (Common),63.4,0.0,0.0,0.0,61.67,76.82,0.0,0.0,0.0,23.05,63.44,62.22,61.5,-105,4.0
2026-09-07 21:28:24,Pasillo Salones Civil,45.16,Group 1 (Common),71.01,46.39,Group 1 (Common),46.17,46.33,0.0,0.0,0.0,71.01,28.08,0.0,0.87,0.04,46.37,44.9,43.96,-89,12.0
2026-09-07 21:28:26,Pasillo Decanato Eléctrica,55.56,Group 1 (Common),97.27,56.19,Group 1 (Common),55.48,0.0,0.0,0.0,0.0,97.27,0.39,0.0,0.22,2.08,56.7,55.41,54.78,-103,10.8
2026-09-07 21:28:29,Laboratorios Civil Superior,53.53,Group 1 (Common),78.3,55.86,Group 1 (Common),54.09,0.0,0.0,0.0,52.39,78.3,0.26,0.09,0.04,21.18,55.64,53.1,51.75,-109,7.8
2026-09-07 21:28:33,Salón - Uma Civil,46.03,Mixed,37.89,47.68,Group 5 (Vehicle),0.0,46.53,0.0,44.83,47.55,0.48,37.89,4.38,27.78,29.38,47.82,45.63,43.39,-109,4.2
2026-09-07 21:28:41,Salón - Extremo Civil,69.61,Group 4 (Person),91.15,73.41,Group 4 (Person),63.53,0.0,0.0,69.94,0.0,8.59,0.0,0.0,91.15,0.0,73.95,68.23,57.48,-118,-13.2
2026-09-07 21:28:50,Salón - Extremo Eléctrica,44.52,Silence,0.0,47.91,Silence,0.0,0.0,0.0,0.0,0.0,0.0,0.0,0.0,0.0,0.0,48.77,45.09,30.04,-84,10.5
2026-09-07 21:28:55,Salón - Uma Eléctrica,59.44,Mixed,66.71,63.72,Group 4 (Person),59.39,0.0,0.0,61.56,0.0,32.86,0.17,0.0,66.71,0.0,65.07,58.33,43.01,-107,9.8
2026-09-07 21:29:05,Laboratorios Eléctrica Inferior,55.59,Mixed,57.9,58.0,Group 1 (Common),56.97,0.0,0.0,0.0,54.24,57.9,0.13,0.09,0.39,41.36,57.53,54.94,53.36,-109,5.8
2026-09-07 21:30:59,Laboratorios Civil Inferior,51.04,Mixed,40.23,53.34,Group 2 (Impact),50.02,52.45,0.0,0.0,50.45,26.9,40.23,0.24,3.13,29.39,53.93,49.53,49.35,-119,-5.2
2026-09-07 21:33:06,Laboratorios Civil Central,64.37,Mixed,69.44,64.76,Group 1 (Common),64.28,0.0,0.0,0.0,64.3,69.44,1.48,0.0,0.78,28.17,65.08,64.25,63.81,-102,9.0
2026-09-07 21:33:07,Lobby Eléctrica,41.42,Silence,0.0,42.82,Silence,0.0,0.0,0.0,0.0,0.0,0.0,0.0,0.0,0.0,0.0,42.73,41.41,39.8,-99,13.5
2026-09-07 21:33:13,Laboratorios Eléctrica Superior,56.3,Group 1 (Common),80.12,59.68,Group 1 (Common),56.48,0.0,0.0,0.0,56.47,80.12,0.0,0.17,0.0,19.49,59.99,55.75,50.83,-105,10.0
2026-09-07 21:33:15,Pasillo Decanato Civil,25.6,Silence,0.0,26.68,Silence,0.0,0.0,0.0,0.0,0.0,0.0,0.0,0.0,0.0,0.0,26.4,25.68,24.56,-108,6.8
2026-09-07 21:33:19,Lobby Civil,47.16,Group 1 (Common),80.99,48.02,Group 1 (Common),47.41,46.55,0.0,0.0,45.98,80.99,7.12,0.0,1.78,10.24,47.82,47.21,45.22,-107,8.2
2026-09-07 21:33:19,Pasillo Salones Eléctrica,50.07,Mixed,31.68,54.4,Group 1 (Common),53.76,37.33,46.77,51.86,0.0,12.76,28.56,31.68,23.48,3.39,54.63,51.44,34.65,-99,12.0
2026-09-07 21:33:22,Laboratorios Eléctrica Centro,63.26,Group 1 (Common),79.04,64.39,Group 1 (Common),63.34,0.0,0.0,0.0,62.67,79.04,0.0,0.04,0.0,20.79,64.66,63.08,61.42,-103,7.8
2026-09-07 21:33:24,Pasillo Salones Civil,52.92,Group 1 (Common),83.81,55.47,Group 1 (Common),53.15,50.41,0.0,0.0,0.0,83.81,14.54,0.0,1.17,0.35,55.63,51.65,49.3,-91,13.2
2026-09-07 21:33:26,Pasillo Decanato Eléctrica,55.07,Group 1 (Common),98.91,55.76,Group 1 (Common),55.15,0.0,0.0,0.0,0.0,98.91,0.56,0.0,0.26,0.26,55.96,55.1,53.35,-105,8.5
2026-09-07 21:33:29,Laboratorios Civil Superior,51.24,Group 1 (Common),86.59,52.33,Group 1 (Common),51.34,0.0,0.0,0.0,0.0,86.59,0.0,0.0,0.0,13.41,51.89,51.18,50.6,-105,10.8
2026-09-07 21:33:33,Salón - Uma Civil,40.72,Silence,0.0,42.08,Silence,0.0,0.0,0.0,0.0,0.0,0.0,0.0,0.0,0.0,0.0,41.71,40.88,39.13,-113,3.8
2026-09-07 21:33:41,Salón - Extremo Civil,61.02,Mixed,65.41,65.4,Group 4 (Person),53.86,38.71,0.0,61.56,0.0,20.96,13.15,0.0,65.41,0.39,65.83,59.23,36.1,-89,12.8
2026-09-07 21:33:50,Salón - Extremo Eléctrica,26.64,Silence,0.0,29.23,Silence,0.0,0.0,0.0,0.0,0.0,0.0,0.0,0.0,0.0,0.0,28.76,26.14,24.33,-83,8.5
2026-09-07 21:33:55,Salón - Uma Eléctrica,61.86,Mixed,56.99,66.83,Group 1 (Common),63.61,43.56,0.0,62.82,0.0,56.99,12.07,0.0,30.82,0.22,67.1,55.49,42.29,-117,-8.0
2026-09-07 21:34:05,Laboratorios Eléctrica Inferior,67.17,Group 5 (Vehicle),85.37,69.11,Group 5 (Vehicle),57.23,0.0,0.0,0.0,67.19,14.19,0.04,0.0,0.17,85.37,69.46,66.62,64.21,-109,8.8
2026-09-07 21:36:05,Laboratorios Civil Inferior,49.33,Mixed,59.38,50.35,Group 1 (Common),49.33,0.0,0.0,0.0,50.12,59.38,2.73,0.0,0.83,36.96,50.35,48.64,47.89,-120,-5.2
2026-09-07 21:38:06,Laboratorios Civil Central,65.99,Group 1 (Common),88.24,67.25,Group 1 (Common),66.11,0.0,0.0,0.0,0.0,88.24,0.09,0.0,0.43,11.02,67.39,65.56,64.96,-98,12.5
2026-09-07 21:38:07,Lobby Eléctrica,64.2,Group 1 (Common),99.61,65.93,Group 1 (Common),63.91,0.0,0.0,0.0,0.0,99.61,0.0,0.0,0.04,0.0,66.14,64.43,61.66,-99,12.2
2026-09-07 21:38:13,Laboratorios Eléctrica Superior,58.08,Group 1 (Common),96.35,60.31,Group 1 (Common),58.62,0.0,0.0,0.0,0.0,96.35,0.0,3.08,0.04,0.43,60.23,58.01,54.09,-96,13.0
2026-09-07 21:38:15,Pasillo Decanato Civil,26.12,Silence,0.0,26.82,Silence,0.0,0.0,0.0,0.0,0.0,0.0,0.0,0.0,0.0,0.0,26.63,26.27,24.93,-105,9.5
2026-09-07 21:38:19,Lobby Civil,51.17,Group 1 (Common),96.48,53.96,Group 1 (Common),50.55,0.0,0.0,0.0,0.0,96.48,0.39,0.04,0.35,2.82,54.22,50.31,48.0,-97,11.0
2026-09-07 21:38:19,Pasillo Salones Eléctrica,46.21,Mixed,50.74,48.56,Group 1 (Common),46.72,0.0,46.01,0.0,0.0,50.74,7.47,19.97,7.07,14.8,48.51,45.74,43.19,-99,13.2
2026-09-07 21:38:22,Laboratorios Eléctrica Centro,62.2,Group 5 (Vehicle),91.45,63.67,Group 5 (Vehicle),0.0,0.0,0.0,0.0,61.86,8.2,0.13,0.0,0.13,91.45,64.36,61.66,60.76,-99,10.2
2026-09-07 21:38:24,Pasillo Salones Civil,46.37,Mixed,58.46,48.92,Group 1 (Common),46.39,45.11,0.0,0.0,0.0,58.46,31.86,0.52,1.22,7.86,49.09,45.49,44.25,-89,12.5
2026-09-07 21:38:26,Pasillo Decanato Eléctrica,55.63,Group 1 (Common),99.05,56.27,Group 1 (Common),55.77,0.0,0.0,0.0,0.0,99.05,0.0,0.0,0.17,0.65,56.13,55.83,54.56,-107,12.5
2026-09-07 21:38:29,Laboratorios Civil Superior,55.05,Group 1 (Common),71.22,57.86,Group 1 (Common),55.04,0.0,0.0,0.0,55.75,71.22,0.13,0.0,0.04,28.52,58.26,54.11,51.97,-107,8.5
2026-09-07 21:38:33,Salón - Uma Civil,52.82,Mixed,68.45,61.98,Group 2 (Impact),0.0,55.86,0.0,0.0,53.64,0.65,68.45,2.0,3.65,25.3,58.9,50.87,42.11,-111,9.2
2026-09-07 21:38:41,Salón - Extremo Civil,65.69,Group 4 (Person),73.48,69.52,Group 4 (Person),63.95,0.0,0.0,65.53,0.0,24.96,1.39,0.0,73.48,0.0,69.65,63.9,59.5,-103,11.0
2026-09-07 21:38:50,Salón - Extremo Eléctrica,22.53,Silence,0.0,24.03,Silence,0.0,0.0,0.0,0.0,0.0,0.0,0.0,0.0,0.0,0.0,23.93,22.21,21.17,-82,9.8
2026-09-07 21:38:55,Salón - Uma Eléctrica,53.21,Group 2 (Impact),87.8,62.59,Group 1 (Common),49.58,41.29,0.0,0.0,0.0,6.34,87.8,0.22,0.87,4.86,64.2,38.74,38.3,-111,6.5
2026-09-07 21:39:05,Laboratorios Eléctrica Inferior,57.42,Group 1 (Common),78.99,59.7,Group 1 (Common),57.68,0.0,0.0,0.0,55.58,78.99,0.13,0.0,0.35,20.49,59.93,56.37,55.68,-119,-2.2
2026-09-07 21:43:06,Laboratorios Civil Central,68.01,Group 1 (Common),99.44,71.94,Group 1 (Common),68.63,0.0,0.0,0.0,0.0,99.44,0.0,0.0,0.0,0.22,70.15,67.76,66.2,-99,9.2
2026-09-07 21:43:07,Lobby Eléctrica,52.98,Mixed,58.94,53.74,Group 1 (Common),53.17,0.0,52.66,0.0,0.0,58.94,1.39,38.15,0.0,1.61,53.95,52.86,52.34,-103,13.2
2026-09-07 21:43:13,Laboratorios Eléctrica Superior,52.71,Group 5 (Vehicle),85.98,54.97,Group 5 (Vehicle),52.86,0.0,0.0,0.0,52.95,13.98,0.0,0.0,0.04,85.98,55.24,52.14,49.57,-101,11.5
2026-09-07 21:43:15,Pasillo Decanato Civil,31.05,Silence,0.0,33.61,Silence,0.0,0.0,0.0,0.0,0.0,0.0,0.0,0.0,0.0,0.0,33.85,31.14,27.08,-109,2.8
2026-09-07 21:43:19,Lobby Civil,64.96,Group 1 (Common),99.61,66.61,Group 1 (Common),63.96,0.0,0.0,0.0,0.0,99.61,0.0,0.0,0.04,0.0,67.3,64.09,63.09,-105,8.8
2026-09-07 21:43:19,Pasillo Salones Eléctrica,47.49,Group 1 (Common),71.66,48.86,Group 1 (Common),47.75,0.0,0.0,0.0,0.0,71.66,15.23,6.29,5.82,1.0,48.69,47.41,45.86,-105,11.2
2026-09-07 21:43:22,Laboratorios Eléctrica Centro,65.97,Group 1 (Common),92.75,69.66,Group 1 (Common),66.76,0.0,0.0,0.0,0.0,92.75,0.0,0.09,1.35,5.64,70.53,65.31,61.25,-101,7.5
2026-09-07 21:43:24,Pasillo Salones Civil,52.37,Group 1 (Common),98.87,57.52,Group 1 (Common),54.0,0.0,0.0,0.0,0.0,98.87,0.39,0.0,0.17,0.56,55.49,51.5,48.87,-115,9.2
2026-09-07 21:43:26,Pasillo Decanato Eléctrica,55.61,Group 1 (Common),99.44,56.18,Group 1 (Common),55.52,0.0,0.0,0.0,0.0,99.44,0.04,0.0,0.0,0.26,56.34,55.61,54.77,-119,-4.2
2026-09-07 21:43:29,Laboratorios Civil Superior,59.69,Group 1 (Common),86.72,61.43,Group 1 (Common),59.52,0.0,0.0,0.0,0.0,86.72,0.0,0.0,0.0,13.11,61.7,59.03,58.29,-109,5.0
2026-09-07 21:43:33,Salón - Uma Civil,41.61,Silence,0.0,44.71,Silence,0.0,0.0,0.0,0.0,0.0,0.0,0.0,0.0,0.0,0.0,43.34,41.14,40.34,-113,4.2
2026-09-07 21:43:41,Salón - Extremo Civil,63.46,Group 4 (Person),75.91,66.3,Group 4 (Person),59.24,0.0,0.0,62.59,56.09,11.28,2.91,0.0,75.91,9.72,67.04,63.28,53.8,-87,9.2
2026-09-07 21:43:50,Salón - Extremo Eléctrica,29.31,Silence,0.0,30.35,Silence,0.0,0.0,0.0,0.0,0.0,0.0,0.0,0.0,0.0,0.0,30.24,29.73,27.22,-95,9.5
2026-09-07 21:43:55,Salón - Uma Eléctrica,63.49,Mixed,54.73,68.58,Group 4 (Person),0.0,43.86,0.0,66.47,0.0,0.56,54.73,1.56,33.25,9.77,68.95,50.83,37.38,-119,-3.2
2026-09-07 21:44:05,Laboratorios Eléctrica Inferior,58.64,Group 1 (Common),93.75,61.54,Group 1 (Common),59.27,0.0,0.0,0.0,0.0,93.75,0.13,0.0,0.82,5.16,61.83,57.59,56.6,-109,5.0
2026-09-07 21:45:59,Laboratorios Civil Inferior,49.3,Mixed,54.99,51.77,Group 5 (Vehicle),49.45,0.0,0.0,0.0,49.43,41.28,2.47,0.13,0.95,54.99,51.82,49.36,47.65,-120,-6.2
2026-09-07 21:48:06,Laboratorios Civil Central,64.19,Group 1 (Common),86.98,65.44,Group 1 (Common),64.15,0.0,0.0,0.0,0.0,86.98,0.35,0.0,0.35,12.2,65.61,63.69,63.1,-111,-1.8
2026-09-07 21:48:07,Lobby Eléctrica,55.43,Group 1 (Common),76.3,56.72,Group 1 (Common),55.44,0.0,0.0,0.0,53.55,76.3,0.69,5.38,0.17,17.32,57.32,54.48,53.66,-105,10.2
2026-09-07 21:48:13,Laboratorios Eléctrica Superior,53.49,Group 1 (Common),97.79,55.16,Group 1 (Common),53.42,0.0,0.0,0.0,0.0,97.79,0.17,0.13,0.09,1.74,55.81,53.33,50.97,-107,9.0
2026-09-07 21:48:15,Pasillo Decanato Civil,32.66,Silence,0.0,38.2,Silence,0.0,0.0,0.0,0.0,0.0,0.0,0.0,0.0,0.0,0.0,36.61,30.91,29.53,-105,6.2
2026-09-07 21:48:19,Lobby Civil,63.17,Group 1 (Common),94.75,67.97,Group 1 (Common),64.8,0.0,0.0,0.0,0.0,94.75,1.56,0.0,3.52,0.0,66.7,62.63,58.3,-103,10.2
2026-09-07 21:48:19,Pasillo Salones Eléctrica,37.98,Silence,0.0,41.82,Silence,0.0,0.0,0.0,0.0,0.0,0.0,0.0,0.0,0.0,0.0,39.5,37.6,36.64,-97,11.5
2026-09-07 21:48:22,Laboratorios Eléctrica Centro,65.82,Group 1 (Common),78.69,67.87,Group 1 (Common),65.89,0.0,0.0,0.0,61.13,78.69,0.0,0.0,0.04,21.09,68.12,65.53,61.36,-97,10.2
2026-09-07 21:48:24,Pasillo Salones Civil,77.46,Group 1 (Common),85.89,80.02,Group 1 (Common),76.86,0.0,0.0,0.0,70.45,85.89,0.0,0.0,3.34,10.55,80.0,77.84,67.3,-91,13.8
2026-09-07 21:48:26,Pasillo Decanato Eléctrica,55.26,Group 1 (Common),98.87,56.24,Group 1 (Common),55.37,0.0,0.0,0.0,0.0,98.87,0.0,0.0,0.09,0.82,55.98,55.32,54.34,-117,-2.2
2026-09-07 21:48:29,Laboratorios Civil Superior,54.26,Group 1 (Common),76.52,55.9,Group 1 (Common),53.71,53.8,0.0,0.0,0.0,76.52,4.25,0.48,2.82,15.8,56.3,54.41,52.07,-113,6.2
2026-09-07 21:48:33,Salón - Uma Civil,54.0,Mixed,60.55,55.81,Group 2 (Impact),52.32,55.31,0.0,0.0,0.0,60.55,29.2,0.0,5.37,4.98,55.6,54.28,49.67,-111,5.8
2026-09-07 21:48:41,Salón - Extremo Civil,61.1,Group 1 (Common),82.2,67.4,Group 4 (Person),61.78,0.0,0.0,68.5,0.0,82.2,3.21,0.0,14.5,0.0,63.77,60.48,58.06,-89,13.5
2026-09-07 21:48:51,Salón - Extremo Eléctrica,27.44,Silence,0.0,33.38,Silence,0.0,0.0,0.0,0.0,0.0,0.0,0.0,0.0,0.0,0.0,33.34,23.56,20.87,-94,9.5
2026-09-07 21:48:55,Salón - Uma Eléctrica,54.91,Mixed,45.23,70.76,Group 1 (Common),69.56,53.55,0.0,57.0,0.0,25.3,45.23,3.86,19.14,6.51,62.18,48.7,40.38,-107,9.8
2026-09-07 21:49:05,Laboratorios Eléctrica Inferior,53.96,Group 5 (Vehicle),92.62,54.68,Group 5 (Vehicle),0.0,0.0,0.0,0.0,53.96,6.86,0.0,0.0,0.65,92.62,54.91,53.9,52.85,-109,5.8
2026-09-07 21:50:59,Laboratorios Civil Inferior,51.18,Group 1 (Common),74.13,52.36,Group 1 (Common),50.96,0.0,0.0,0.0,0.0,74.13,1.22,0.0,0.26,24.31,52.42,51.09,49.28,-120,-7.0
2026-09-07 21:53:06,Laboratorios Civil Central,64.08,Mixed,53.21,64.61,Group 2 (Impact),64.01,64.42,0.0,0.0,0.0,53.21,13.8,0.0,6.34,26.56,64.42,64.13,63.4,-109,2.8
2026-09-07 21:53:07,Lobby Eléctrica,59.78,Group 1 (Common),79.08,62.59,Group 1 (Common),60.37,0.0,59.92,0.0,0.0,79.08,0.61,19.62,0.56,0.0,61.72,59.98,55.96,-111,6.5
2026-09-07 21:53:13,Laboratorios Eléctrica Superior,67.4,Group 1 (Common),91.41,68.35,Group 1 (Common),67.25,0.0,0.0,67.08,0.0,91.41,0.09,0.0,8.25,0.0,68.66,67.44,66.13,-103,12.8
2026-09-07 21:53:15,Pasillo Decanato Civil,26.95,Silence,0.0,28.41,Silence,0.0,0.0,0.0,0.0,0.0,0.0,0.0,0.0,0.0,0.0,28.71,26.92,25.45,-109,7.0
2026-09-07 21:53:19,Lobby Civil,58.65,Group 1 (Common),98.78,60.13,Group 1 (Common),58.61,0.0,0.0,0.0,0.0,98.78,0.0,0.74,0.09,0.13,60.63,58.79,55.9,-97,10.2
2026-09-07 21:53:19,Pasillo Salones Eléctrica,42.68,Silence,0.0,45.68,Silence,0.0,0.0,0.0,0.0,0.0,0.0,0.0,0.0,0.0,0.0,45.99,44.2,37.41,-102,9.5
2026-09-07 21:53:22,Laboratorios Eléctrica Centro,64.5,Mixed,55.47,65.43,Group 1 (Common),64.52,0.0,0.0,0.0,63.97,55.47,0.0,0.0,0.0,44.23,65.91,64.49,62.04,-102,7.0
2026-09-07 21:53:24,Pasillo Salones Civil,51.09,Group 2 (Impact),83.81,56.12,Group 2 (Impact),0.0,47.81,0.0,0.0,53.73,1.04,83.81,1.26,0.74,13.24,57.17,46.72,42.88,-90,9.2
2026-09-07 21:53:26,Pasillo Decanato Eléctrica,55.18,Group 1 (Common),98.68,56.11,Group 1 (Common),55.14,0.0,0.0,0.0,0.0,98.68,0.29,0.0,0.15,0.68,56.05,55.12,54.07,-105,12.0
2026-09-07 21:53:29,Laboratorios Civil Superior,56.54,Mixed,52.6,57.94,Group 1 (Common),56.83,0.0,0.0,0.0,56.6,52.6,0.0,0.09,0.0,47.27,57.77,56.45,54.24,-113,2.0
2026-09-07 21:53:33,Salón - Uma Civil,38.7,Silence,0.0,40.32,Silence,0.0,0.0,0.0,0.0,0.0,0.0,0.0,0.0,0.0,0.0,40.52,38.8,36.98,-114,4.0
2026-09-07 21:53:41,Salón - Extremo Civil,33.96,Silence,0.0,37.24,Silence,0.0,0.0,0.0,0.0,0.0,0.0,0.0,0.0,0.0,0.0,38.5,33.33,30.89,-85,13.0
2026-09-07 21:53:50,Salón - Extremo Eléctrica,34.45,Silence,0.0,36.04,Silence,0.0,0.0,0.0,0.0,0.0,0.0,0.0,0.0,0.0,0.0,35.69,34.53,32.11,-82,10.2
2026-09-07 21:53:55,Salón - Uma Eléctrica,61.23,Group 4 (Person),99.02,63.51,Group 4 (Person),0.0,0.0,0.0,60.42,0.0,0.0,0.59,0.0,99.02,0.0,64.38,59.78,57.37,-115,6.0
2026-09-07 21:54:05,Laboratorios Eléctrica Inferior,56.46,Mixed,50.29,58.15,Group 1 (Common),56.1,0.0,0.0,0.0,55.99,50.29,0.44,0.29,1.95,46.92,58.56,55.93,55.08,-120,-7.2
2026-09-07 21:55:59,Laboratorios Civil Inferior,55.78,Mixed,63.93,57.6,Group 1 (Common),55.96,0.0,0.0,0.0,53.58,34.94,0.48,0.39,0.17,63.93,57.98,55.73,51.8,-120,-2.8
2026-09-07 21:58:06,Laboratorios Civil Central,72.66,Group 1 (Common),99.05,76.09,Group 1 (Common),72.31,0.0,0.0,0.0,0.0,99.05,0.52,0.04,0.22,0.0,76.82,71.19,66.41,-101,11.2
2026-09-07 21:58:14,Lobby Eléctrica,58.39,Mixed,58.03,60.82,Group 1 (Common),59.44,57.3,0.0,0.0,0.0,58.03,35.46,0.0,2.86,3.52,60.43,57.81,56.91,-103,5.8
2026-09-07 21:58:14,Laboratorios Eléctrica Superior,51.25,Mixed,66.58,52.5,Group 1 (Common),51.38,50.61,50.48,0.0,0.0,66.58,16.28,8.16,2.3,6.81,52.78,51.15,49.75,-102,7.2
2026-09-07 21:58:15,Pasillo Decanato Civil,25.8,Silence,0.0,27.28,Silence,0.0,0.0,0.0,0.0,0.0,0.0,0.0,0.0,0.0,0.0,27.26,25.68,25.0,-113,-2.0
2026-09-07 21:58:19,Lobby Civil,53.13,Mixed,49.57,56.03,Group 1 (Common),54.66,52.21,0.0,0.0,52.38,49.57,11.76,0.04,5.25,33.33,55.4,52.82,51.97,-99,13.2
2026-09-07 21:58:19,Pasillo Salones Eléctrica,44.69,Silence,0.0,48.78,Silence,0.0,0.0,0.0,0.0,0.0,0.0,0.0,0.0,0.0,0.0,49.42,43.13,37.34,-100,9.8
2026-09-07 21:58:22,Laboratorios Eléctrica Centro,62.3,Mixed,50.78,63.19,Group 5 (Vehicle),62.47,0.0,0.0,0.0,62.26,46.7,1.74,0.0,0.69,50.78,63.47,62.38,61.12,-102,9.5
2026-09-07 21:58:24,Pasillo Salones Civil,46.93,Mixed,52.86,50.65,Group 5 (Vehicle),46.26,46.86,0.0,0.0,48.16,16.88,52.86,0.09,3.69,26.43,49.59,45.64,44.25,-101,12.8
2026-09-07 21:58:26,Pasillo Decanato Eléctrica,55.69,Group 1 (Common),99.22,56.41,Group 1 (Common),55.42,0.0,0.0,0.0,0.0,99.22,0.24,0.0,0.44,0.1,56.29,55.72,54.89,-117,-4.5
2026-09-07 21:58:29,Laboratorios Civil Superior,53.04,Mixed,65.8,55.42,Group 3 (Rotary Tool),52.38,0.0,54.78,0.0,0.0,65.8,0.35,19.88,0.0,13.93,55.5,52.97,50.43,-101,11.2
2026-09-07 21:58:33,Salón - Uma Civil,42.69,Silence,0.0,44.23,Silence,0.0,0.0,0.0,0.0,0.0,0.0,0.0,0.0,0.0,0.0,44.19,43.04,40.14,-107,-5.5
2026-09-07 21:58:41,Salón - Extremo Civil,35.91,Silence,0.0,40.12,Silence,0.0,0.0,0.0,0.0,0.0,0.0,0.0,0.0,0.0,0.0,41.3,34.92,33.23,-99,12.8
2026-09-07 21:58:51,Salón - Extremo Eléctrica,24.42,Silence,0.0,26.52,Silence,0.0,0.0,0.0,0.0,0.0,0.0,0.0,0.0,0.0,0.0,26.95,23.69,22.91,-82,7.8
2026-09-07 21:58:55,Salón - Uma Eléctrica,61.31,Mixed,48.05,66.16,Group 4 (Person),63.45,52.71,0.0,63.42,0.0,32.18,13.13,0.29,48.05,6.15,66.03,59.48,41.85,-109,7.0
2026-09-07 21:59:06,Laboratorios Eléctrica Inferior,54.24,Group 5 (Vehicle),99.27,55.15,Group 5 (Vehicle),0.0,0.0,0.0,0.0,54.08,0.39,0.0,0.05,0.2,99.27,55.39,54.27,53.14,-118,-11.2
2026-09-07 22:00:59,Laboratorios Civil Inferior,49.77,Mixed,53.26,50.73,Group 5 (Vehicle),49.76,0.0,0.0,0.0,50.2,53.26,1.82,0.0,0.35,44.49,50.71,49.78,49.12,-117,-2.8
2026-09-07 22:03:06,Laboratorios Civil Central,63.49,Group 1 (Common),88.33,64.13,Group 1 (Common),63.63,0.0,0.0,0.0,0.0,88.33,5.76,0.0,0.93,4.93,64.19,63.28,63.06,-113,4.5
2026-09-07 22:03:07,Lobby Eléctrica,66.11,Mixed,32.55,71.24,Group 2 (Impact),47.41,68.97,46.99,0.0,46.55,23.39,32.55,13.19,4.43,26.26,71.87,48.45,44.67,-107,12.2
2026-09-07 22:03:13,Laboratorios Eléctrica Superior,55.28,Mixed,49.56,59.18,Group 5 (Vehicle),52.44,0.0,0.0,0.0,58.08,49.56,3.27,1.9,1.32,43.99,60.48,52.1,49.43,-95,12.5
2026-09-07 22:03:15,Pasillo Decanato Civil,24.37,Silence,0.0,25.24,Silence,0.0,0.0,0.0,0.0,0.0,0.0,0.0,0.0,0.0,0.0,25.09,24.56,22.95,-107,9.8
2026-09-07 22:03:23,Lobby Civil,55.41,Group 1 (Common),99.61,56.97,Group 1 (Common),55.32,0.0,0.0,0.0,0.0,99.61,0.0,0.0,0.09,0.0,57.43,55.58,53.2,-95,12.2
2026-09-07 22:03:23,Pasillo Salones Eléctrica,47.59,Group 2 (Impact),97.7,49.69,Group 2 (Impact),0.0,47.2,0.0,0.0,0.0,0.0,97.7,0.0,1.74,0.56,51.31,47.43,38.81,-103,10.5
2026-09-07 22:03:23,Laboratorios Eléctrica Centro,63.07,Group 1 (Common),72.12,65.04,Group 1 (Common),64.45,0.0,0.0,0.0,61.32,72.12,0.0,0.1,0.05,27.49,65.02,61.62,60.81,-97,8.8
2026-09-07 22:03:24,Pasillo Salones Civil,71.43,Group 1 (Common),99.61,74.48,Group 1 (Common),71.53,0.0,0.0,0.0,0.0,99.61,0.0,0.0,0.05,0.1,74.69,70.39,66.3,-103,6.5
2026-09-07 22:03:26,Pasillo Decanato Eléctrica,55.44,Group 1 (Common),99.13,56.3,Group 1 (Common),55.33,0.0,0.0,0.0,0.0,99.13,0.22,0.0,0.17,0.35,56.06,55.65,54.63,-107,12.0
2026-09-07 22:03:29,Laboratorios Civil Superior,54.23,Group 5 (Vehicle),73.57,56.78,Group 5 (Vehicle),54.35,0.0,0.0,0.0,53.93,25.0,0.0,1.35,0.0,73.57,57.71,52.71,51.21,-105,8.2
2026-09-07 22:03:33,Salón - Uma Civil,50.56,Group 1 (Common),74.65,52.4,Group 5 (Vehicle),49.92,0.0,0.0,0.0,51.77,74.65,0.0,0.09,0.74,24.26,52.6,50.75,47.37,-113,9.0
2026-09-07 22:03:41,Salón - Extremo Civil,45.12,Mixed,58.2,47.33,Group 1 (Common),45.27,45.12,0.0,0.0,0.0,58.2,39.37,0.0,2.3,0.0,47.65,44.43,41.66,-103,12.0
2026-09-07 22:03:51,Salón - Extremo Eléctrica,24.52,Silence,0.0,27.09,Silence,0.0,0.0,0.0,0.0,0.0,0.0,0.0,0.0,0.0,0.0,27.5,23.81,22.77,-81,9.0
2026-09-07 22:03:55,Salón - Uma Eléctrica,60.31,Group 1 (Common),71.44,66.81,Group 1 (Common),57.71,45.74,0.0,0.0,0.0,71.44,15.93,2.6,6.08,3.86,67.25,53.9,40.35,-113,2.8
2026-09-07 22:04:06,Laboratorios Eléctrica Inferior,54.31,Group 5 (Vehicle),80.64,55.69,Group 5 (Vehicle),54.47,0.0,0.0,0.0,54.74,17.19,1.0,0.0,1.26,80.64,55.22,54.26,53.09,-109,7.2
2026-09-07 22:05:59,Laboratorios Civil Inferior,49.9,Mixed,61.41,51.3,Group 1 (Common),49.82,0.0,0.0,0.0,49.8,37.89,0.26,0.09,0.17,61.41,51.55,50.16,48.42,-120,-4.0
2026-09-07 22:08:06,Laboratorios Civil Central,64.01,Group 1 (Common),70.31,64.43,Group 1 (Common),64.05,0.0,0.0,0.0,0.0,70.31,6.9,0.04,2.56,20.18,64.3,64.01,63.64,-114,-1.2
2026-09-07 22:08:07,Lobby Eléctrica,43.72,Silence,0.0,47.65,Silence,0.0,0.0,0.0,0.0,0.0,0.0,0.0,0.0,0.0,0.0,45.12,43.66,42.01,-97,13.2
2026-09-07 22:08:13,Laboratorios Eléctrica Superior,49.91,Mixed,66.97,51.41,Group 1 (Common),50.31,0.0,0.0,0.0,50.38,66.97,0.09,0.09,0.09,32.77,51.16,49.69,47.84,-96,13.2
2026-09-07 22:08:15,Pasillo Decanato Civil,23.27,Silence,0.0,23.96,Silence,0.0,0.0,0.0,0.0,0.0,0.0,0.0,0.0,0.0,0.0,24.0,23.29,22.55,-109,9.5
2026-09-07 22:08:19,Lobby Civil,56.62,Mixed,38.59,67.26,Group 3 (Rotary Tool),49.88,63.01,66.79,0.0,52.54,23.78,38.59,13.02,3.26,21.35,63.05,53.35,46.3,-93,12.2
2026-09-07 22:08:19,Pasillo Salones Eléctrica,49.41,Mixed,38.18,53.35,Group 4 (Person),46.93,43.93,0.0,50.46,0.0,27.25,38.18,8.89,19.38,6.25,54.07,47.84,44.84,-101,9.0
2026-09-07 22:08:22,Laboratorios Eléctrica Centro,63.19,Group 1 (Common),85.42,65.19,Group 1 (Common),64.07,0.0,0.0,0.0,61.13,85.42,0.0,0.17,0.0,14.15,64.75,63.13,60.64,-108,5.8
2026-09-07 22:08:24,Pasillo Salones Civil,57.05,Mixed,64.28,60.79,Group 4 (Person),55.12,0.0,0.0,58.11,0.0,33.55,0.0,0.0,64.28,1.95,61.32,56.48,52.5,-95,13.5
2026-09-07 22:08:32,Pasillo Decanato Eléctrica,55.36,Group 1 (Common),99.44,56.2,Group 1 (Common),55.38,0.0,0.0,0.0,0.0,99.44,0.0,0.0,0.09,0.35,56.09,55.26,54.31,-101,11.0
2026-09-07 22:08:32,Laboratorios Civil Superior,63.22,Group 1 (Common),89.99,65.05,Group 1 (Common),62.84,0.0,0.0,0.0,0.0,89.99,3.17,0.0,6.05,0.68,65.56,63.23,58.18,-108,7.8
2026-09-07 22:08:33,Salón - Uma Civil,40.8,Silence,0.0,42.69,Silence,0.0,0.0,0.0,0.0,0.0,0.0,0.0,0.0,0.0,0.0,42.57,40.9,39.21,-113,7.0
2026-09-07 22:08:41,Salón - Extremo Civil,39.81,Silence,0.0,40.95,Silence,0.0,0.0,0.0,0.0,0.0,0.0,0.0,0.0,0.0,0.0,41.14,40.08,37.2,-85,13.2
2026-09-07 22:08:51,Salón - Extremo Eléctrica,22.94,Silence,0.0,25.42,Silence,0.0,0.0,0.0,0.0,0.0,0.0,0.0,0.0,0.0,0.0,25.79,22.41,20.69,-93,9.2
2026-09-07 22:08:55,Salón - Uma Eléctrica,38.24,Silence,0.0,39.9,Silence,0.0,0.0,0.0,0.0,0.0,0.0,0.0,0.0,0.0,0.0,40.07,37.64,37.34,-107,6.5
2026-09-07 22:09:06,Laboratorios Eléctrica Inferior,56.46,Mixed,55.47,60.3,Group 1 (Common),57.9,0.0,0.0,0.0,54.34,55.47,0.0,0.04,0.3,43.92,59.22,55.09,52.9,-105,3.5
2026-09-07 22:10:59,Laboratorios Civil Inferior,51.33,Mixed,58.89,53.74,Group 5 (Vehicle),49.91,0.0,0.0,0.0,52.26,36.38,2.34,0.78,1.46,58.89,55.1,50.25,49.05,-120,-5.2
2026-09-07 22:13:06,Laboratorios Civil Central,64.04,Group 1 (Common),71.66,64.55,Group 1 (Common),64.03,0.0,0.0,0.0,63.76,71.66,5.64,0.0,1.43,21.22,64.52,64.1,63.52,-111,2.5
2026-09-07 22:13:07,Lobby Eléctrica,46.34,Mixed,36.2,48.11,Group 1 (Common),47.33,44.41,46.14,0.0,46.32,18.53,26.0,18.49,0.61,36.2,48.67,46.06,43.88,-97,12.0
2026-09-07 22:13:13,Laboratorios Eléctrica Superior,50.33,Mixed,61.37,53.0,Group 1 (Common),49.98,0.0,0.0,0.0,48.52,61.37,0.52,3.43,0.3,34.2,53.18,50.09,47.16,-95,13.0
2026-09-07 22:13:15,Pasillo Decanato Civil,24.83,Silence,0.0,25.78,Silence,0.0,0.0,0.0,0.0,0.0,0.0,0.0,0.0,0.0,0.0,25.75,24.74,23.93,-97,12.8
2026-09-07 22:13:19,Lobby Civil,48.03,Mixed,68.49,50.65,Group 5 (Vehicle),47.67,48.83,0.0,0.0,48.48,13.06,14.45,1.3,2.82,68.49,48.54,48.1,47.43,-101,12.2
2026-09-07 22:13:19,Pasillo Salones Eléctrica,39.98,Silence,0.0,41.47,Silence,0.0,0.0,0.0,0.0,0.0,0.0,0.0,0.0,0.0,0.0,41.84,39.71,37.78,-105,12.0
2026-09-07 22:13:22,Laboratorios Eléctrica Centro,63.64,Group 1 (Common),88.85,65.81,Group 1 (Common),64.37,0.0,0.0,0.0,61.41,88.85,0.0,0.17,0.0,10.81,66.89,62.93,60.7,-106,6.5
2026-09-07 22:13:24,Pasillo Salones Civil,47.33,Group 1 (Common),76.39,52.04,Group 1 (Common),47.68,46.42,0.0,0.0,0.0,76.39,23.26,0.0,0.3,0.09,53.56,45.3,43.12,-114,6.5
2026-09-07 22:13:26,Pasillo Decanato Eléctrica,55.41,Group 1 (Common),98.83,56.47,Group 1 (Common),55.5,0.0,0.0,0.0,0.0,98.83,0.09,0.0,0.09,0.82,56.78,55.16,54.57,-102,8.8
2026-09-07 22:13:29,Laboratorios Civil Superior,62.99,Group 1 (Common),83.54,67.35,Group 4 (Person),63.9,0.0,0.0,66.15,0.0,83.54,0.05,2.1,7.91,6.25,67.28,62.34,56.02,-112,6.2
2026-09-07 22:13:33,Salón - Uma Civil,45.46,Group 1 (Common),71.48,46.7,Group 1 (Common),45.64,44.48,0.0,0.0,0.0,71.48,25.74,0.0,2.69,0.09,46.57,45.22,43.98,-117,2.5
2026-09-07 22:13:41,Salón - Extremo Civil,43.44,Silence,0.0,46.91,Silence,0.0,0.0,0.0,0.0,0.0,0.0,0.0,0.0,0.0,0.0,47.43,42.91,38.21,-91,12.2
2026-09-07 22:13:51,Salón - Extremo Eléctrica,21.71,Silence,0.0,23.93,Silence,0.0,0.0,0.0,0.0,0.0,0.0,0.0,0.0,0.0,0.0,23.4,21.15,20.91,-85,10.8
2026-09-07 22:13:55,Salón - Uma Eléctrica,55.33,Mixed,39.02,61.28,Group 1 (Common),58.48,42.33,0.0,46.69,46.41,37.07,39.02,0.0,12.59,11.28,61.31,41.85,40.52,-117,-3.5
2026-09-07 22:14:06,Laboratorios Eléctrica Inferior,53.52,Group 5 (Vehicle),87.5,54.49,Group 5 (Vehicle),52.8,0.0,0.0,0.0,53.46,9.77,1.09,0.0,1.74,87.5,54.51,53.08,52.35,-111,9.0
2026-09-07 22:15:59,Laboratorios Civil Inferior,49.18,Mixed,52.39,50.16,Group 2 (Impact),49.02,49.76,0.0,0.0,49.1,38.77,6.69,0.24,1.81,52.39,50.22,49.34,47.56,-117,-2.8
2026-09-07 22:18:06,Laboratorios Civil Central,64.65,Group 1 (Common),89.93,66.43,Group 1 (Common),64.3,0.0,0.0,0.0,0.0,89.93,0.48,0.0,1.0,8.72,66.92,64.21,63.09,-117,1.0
2026-09-07 22:18:07,Lobby Eléctrica,52.56,Mixed,29.34,55.19,Group 2 (Impact),51.36,54.53,52.05,0.0,51.18,29.34,21.7,23.78,1.09,24.0,56.52,52.09,48.4,-102,10.2
2026-09-07 22:18:13,Laboratorios Eléctrica Superior,55.88,Group 1 (Common),96.66,58.42,Group 1 (Common),56.07,0.0,0.0,0.0,0.0,96.66,2.04,0.26,0.87,0.04,58.03,54.96,51.83,-101,11.8
2026-09-07 22:18:15,Pasillo Decanato Civil,27.49,Silence,0.0,28.31,Silence,0.0,0.0,0.0,0.0,0.0,0.0,0.0,0.0,0.0,0.0,28.35,27.41,26.71,-105,10.5
2026-09-07 22:18:19,Lobby Civil,54.77,Mixed,69.7,55.83,Group 1 (Common),54.49,0.0,55.16,0.0,0.0,69.7,5.64,15.49,0.82,8.29,56.6,54.48,52.97,-107,11.2
2026-09-07 22:18:19,Pasillo Salones Eléctrica,43.27,Silence,0.0,45.66,Silence,0.0,0.0,0.0,0.0,0.0,0.0,0.0,0.0,0.0,0.0,45.66,42.71,41.03,-103,11.2
2026-09-07 22:18:22,Laboratorios Eléctrica Centro,62.79,Group 1 (Common),73.26,64.4,Group 1 (Common),62.87,0.0,0.0,0.0,62.4,73.26,1.17,0.0,0.48,25.0,64.87,62.37,61.49,-111,3.5
2026-09-07 22:18:24,Pasillo Salones Civil,57.22,Group 1 (Common),83.55,61.01,Group 1 (Common),56.54,55.3,0.0,0.0,0.0,83.55,11.07,0.13,4.21,1.13,61.67,55.01,50.97,-91,12.2
2026-09-07 22:18:26,Pasillo Decanato Eléctrica,55.54,Group 1 (Common),96.22,56.42,Group 1 (Common),55.56,0.0,0.0,0.0,0.0,96.22,0.52,0.0,0.17,2.95,56.19,55.53,54.32,-117,-8.2
2026-09-07 22:18:29,Laboratorios Civil Superior,64.92,Mixed,51.48,69.37,Group 4 (Person),60.98,62.93,0.0,66.08,0.0,51.48,4.82,0.3,39.45,3.95,70.15,62.34,57.64,-102,10.2
2026-09-07 22:18:33,Salón - Uma Civil,46.18,Group 1 (Common),76.91,50.28,Group 1 (Common),47.95,43.34,0.0,0.0,0.0,76.91,21.4,0.0,1.78,0.0,48.65,46.78,40.08,-113,6.2
2026-09-07 22:18:41,Salón - Extremo Civil,46.27,Group 1 (Common),89.02,48.86,Group 1 (Common),46.62,0.0,0.0,0.0,0.0,89.02,1.74,0.13,0.82,8.46,49.42,46.04,40.35,-117,-13.5
2026-09-07 22:18:51,Salón - Extremo Eléctrica,24.0,Silence,0.0,25.5,Silence,0.0,0.0,0.0,0.0,0.0,0.0,0.0,0.0,0.0,0.0,25.2,24.22,21.72,-84,10.2
2026-09-07 22:18:55,Salón - Uma Eléctrica,59.34,Group 4 (Person),71.14,65.58,Group 1 (Common),64.42,0.0,0.0,58.41,0.0,22.66,0.0,0.0,71.14,6.08,66.23,56.98,51.85,-113,0.5
2026-09-07 22:19:06,Laboratorios Eléctrica Inferior,55.77,Group 5 (Vehicle),83.38,56.76,Group 5 (Vehicle),56.36,0.0,0.0,0.0,55.43,15.45,0.48,0.04,0.74,83.38,57.51,55.54,54.73,-107,8.5
2026-09-07 22:20:59,Laboratorios Civil Inferior,49.39,Mixed,57.29,50.4,Group 1 (Common),49.33,0.0,0.0,0.0,49.23,57.29,5.86,0.04,1.26,35.42,50.17,49.42,48.71,-115,-6.5
2026-09-07 22:23:06,Laboratorios Civil Central,64.12,Mixed,51.17,64.65,Group 5 (Vehicle),64.1,63.85,0.0,0.0,64.09,51.17,9.9,0.04,5.51,33.38,64.51,64.12,63.71,-103,12.5
2026-09-07 22:23:07,Lobby Eléctrica,56.95,Group 1 (Common),98.52,58.78,Group 1 (Common),57.29,0.0,0.0,0.0,0.0,98.52,0.82,0.04,0.48,0.04,58.54,56.88,55.39,-97,12.2
2026-09-07 22:23:13,Laboratorios Eléctrica Superior,50.56,Mixed,52.47,52.55,Group 5 (Vehicle),50.99,0.0,0.0,0.0,50.95,52.47,1.39,0.09,1.65,44.27,52.78,50.69,48.15,-101,10.8
2026-09-07 22:23:15,Pasillo Decanato Civil,27.35,Silence,0.0,28.57,Silence,0.0,0.0,0.0,0.0,0.0,0.0,0.0,0.0,0.0,0.0,28.77,26.9,26.46,-109,11.0
2026-09-07 22:23:19,Lobby Civil,52.68,Mixed,63.02,53.87,Group 1 (Common),52.7,52.79,0.0,0.0,0.0,63.02,24.61,0.04,4.77,7.55,54.27,52.67,50.08,-111,10.8
2026-09-07 22:23:19,Pasillo Salones Eléctrica,69.53,Group 1 (Common),98.74,71.41,Group 1 (Common),68.89,0.0,0.0,0.0,0.0,98.74,0.22,0.0,0.87,0.0,71.84,69.51,64.27,-103,11.0
2026-09-07 22:23:22,Laboratorios Eléctrica Centro,61.28,Group 5 (Vehicle),86.28,61.68,Group 5 (Vehicle),0.0,0.0,0.0,0.0,61.28,13.45,0.0,0.0,0.0,86.28,61.72,61.2,61.09,-103,9.8
2026-09-07 22:23:24,Pasillo Salones Civil,72.11,Group 1 (Common),91.45,73.93,Group 1 (Common),71.13,0.0,0.0,0.0,0.0,91.45,0.0,0.0,5.43,3.08,74.89,72.12,67.06,-89,11.8
2026-09-07 22:23:26,Pasillo Decanato Eléctrica,55.5,Group 1 (Common),96.4,56.31,Group 1 (Common),55.55,0.0,0.0,0.0,0.0,96.4,0.82,0.0,0.13,2.65,56.13,55.47,54.76,-102,11.2
2026-09-07 22:23:29,Laboratorios Civil Superior,56.62,Mixed,66.88,59.67,Group 1 (Common),57.09,0.0,0.0,58.23,0.0,66.88,6.25,1.13,24.39,1.22,60.51,55.5,53.31,-102,9.2
2026-09-07 22:23:33,Salón - Uma Civil,60.68,Group 1 (Common),81.64,64.03,Group 1 (Common),61.46,0.0,55.1,0.0,0.0,81.64,6.34,4.04,3.78,4.3,64.29,59.64,52.19,-109,-3.0
2026-09-07 22:23:41,Salón - Extremo Civil,44.4,Silence,0.0,47.02,Silence,0.0,0.0,0.0,0.0,0.0,0.0,0.0,0.0,0.0,0.0,46.83,44.77,41.54,-96,12.5
2026-09-07 22:23:51,Salón - Extremo Eléctrica,49.73,Group 1 (Common),99.57,52.17,Group 1 (Common),49.94,0.0,0.0,0.0,0.0,99.57,0.0,0.0,0.04,0.09,52.04,49.71,46.46,-82,9.0
