time,deviceName,laeq_global_dB,dominant_class,dominant_pct,lafmax_dB,lafmax_class,LAeq_common,LAeq_impact,LAeq_rotarytool,LAeq_person,LAeq_vehicle,pct_common,pct_impact,pct_rotarytool,pct_person,pct_vehicle,L10_dB,L50_dB,L90_dB,rssi,snr
2026-07-25 00:00:09,Salón - Extremo Civil,13.482,Silence,0.0,14.041,Silence,0.0,0.0,0.0,0.0,0.0,0.0,0.0,0.0,0.0,0.0,14.076,13.549,12.903,-119,-5.8
2026-07-25 00:00:10,Laboratorios Eléctrica Superior,12.162,Silence,0.0,13.139,Silence,0.0,0.0,0.0,0.0,0.0,0.0,0.0,0.0,0.0,0.0,12.413,12.076,11.911,-99,4.8
2026-07-25 00:00:12,Pasillo Decanato Eléctrica,19.535,Silence,0.0,20.336,Silence,0.0,0.0,0.0,0.0,0.0,0.0,0.0,0.0,0.0,0.0,20.357,19.516,18.658,-115,-2.2
2026-07-25 00:00:23,Salón - Uma Eléctrica,43.724,Silence,0.0,44.781,Silence,0.0,0.0,0.0,0.0,0.0,0.0,0.0,0.0,0.0,0.0,45.04,43.456,42.594,-111,1.2
2026-07-25 00:01:14,Laboratorios Eléctrica Centro,22.806,Silence,0.0,23.458,Silence,0.0,0.0,0.0,0.0,0.0,0.0,0.0,0.0,0.0,0.0,23.397,22.909,21.864,-97,9.8
2026-07-25 00:01:27,Pasillo Salones Civil,13.65,Silence,0.0,14.262,Silence,0.0,0.0,0.0,0.0,0.0,0.0,0.0,0.0,0.0,0.0,14.303,13.721,13.165,-105,9.5
2026-07-25 00:01:49,Pasillo Decanato Civil,18.843,Silence,0.0,19.669,Silence,0.0,0.0,0.0,0.0,0.0,0.0,0.0,0.0,0.0,0.0,19.841,18.563,17.87,-89,11.8
2026-07-25 00:01:50,Salón - Extremo Eléctrica,15.158,Silence,0.0,15.913,Silence,0.0,0.0,0.0,0.0,0.0,0.0,0.0,0.0,0.0,0.0,15.758,15.109,14.411,-89,13.8
2026-07-25 00:01:58,Lobby Eléctrica,26.321,Silence,0.0,26.958,Silence,0.0,0.0,0.0,0.0,0.0,0.0,0.0,0.0,0.0,0.0,27.041,26.311,25.637,-89,9.5
2026-07-25 00:02:19,Laboratorios Civil Superior,32.302,Silence,0.0,34.306,Silence,0.0,0.0,0.0,0.0,0.0,0.0,0.0,0.0,0.0,0.0,33.991,32.059,31.299,-108,9.5
2026-07-25 00:02:19,Pasillo Salones Eléctrica,28.699,Silence,0.0,29.643,Silence,0.0,0.0,0.0,0.0,0.0,0.0,0.0,0.0,0.0,0.0,29.742,28.448,28.094,-101,9.2
2026-07-25 00:04:22,Lobby Civil,37.168,Silence,0.0,38.152,Silence,0.0,0.0,0.0,0.0,0.0,0.0,0.0,0.0,0.0,0.0,38.324,37.137,35.649,-87,14.0
2026-07-25 00:05:09,Salón - Extremo Civil,13.635,Silence,0.0,14.331,Silence,0.0,0.0,0.0,0.0,0.0,0.0,0.0,0.0,0.0,0.0,14.451,13.847,12.604,-79,13.0
2026-07-25 00:05:10,Laboratorios Eléctrica Superior,11.826,Silence,0.0,12.728,Silence,0.0,0.0,0.0,0.0,0.0,0.0,0.0,0.0,0.0,0.0,12.208,11.86,11.369,-101,5.0
2026-07-25 00:05:12,Pasillo Decanato Eléctrica,19.889,Silence,0.0,21.116,Silence,0.0,0.0,0.0,0.0,0.0,0.0,0.0,0.0,0.0,0.0,21.531,19.629,19.029,-91,13.2
2026-07-25 00:05:23,Salón - Uma Eléctrica,43.949,Silence,0.0,44.983,Silence,0.0,0.0,0.0,0.0,0.0,0.0,0.0,0.0,0.0,0.0,44.88,43.671,43.243,-91,12.8
2026-07-25 00:06:14,Laboratorios Eléctrica Centro,13.578,Silence,0.0,14.253,Silence,0.0,0.0,0.0,0.0,0.0,0.0,0.0,0.0,0.0,0.0,14.315,13.523,13.061,-88,9.5
2026-07-25 00:06:27,Pasillo Salones Civil,13.348,Silence,0.0,13.946,Silence,0.0,0.0,0.0,0.0,0.0,0.0,0.0,0.0,0.0,0.0,14.047,13.371,12.375,-98,8.8
2026-07-25 00:06:50,Pasillo Decanato Civil,19.083,Silence,0.0,19.867,Silence,0.0,0.0,0.0,0.0,0.0,0.0,0.0,0.0,0.0,0.0,19.925,18.981,18.561,-107,9.8
2026-07-25 00:06:50,Salón - Extremo Eléctrica,14.471,Silence,0.0,15.151,Silence,0.0,0.0,0.0,0.0,0.0,0.0,0.0,0.0,0.0,0.0,14.971,14.51,13.623,-102,9.0
2026-07-25 00:06:58,Lobby Eléctrica,26.945,Silence,0.0,27.846,Silence,0.0,0.0,0.0,0.0,0.0,0.0,0.0,0.0,0.0,0.0,27.514,27.153,25.515,-87,10.0
2026-07-25 00:07:19,Laboratorios Civil Superior,30.62,Silence,0.0,31.831,Silence,0.0,0.0,0.0,0.0,0.0,0.0,0.0,0.0,0.0,0.0,31.482,31.079,28.795,-96,8.2
2026-07-25 00:07:19,Pasillo Salones Eléctrica,28.955,Silence,0.0,30.244,Silence,0.0,0.0,0.0,0.0,0.0,0.0,0.0,0.0,0.0,0.0,30.643,28.998,27.493,-105,10.8
2026-07-25 00:09:22,Lobby Civil,44.846,Silence,0.0,58.504,Silence,0.0,0.0,0.0,0.0,0.0,0.0,0.0,0.0,0.0,0.0,52.969,40.331,39.552,-84,12.0
2026-07-25 00:10:09,Salón - Extremo Civil,13.357,Silence,0.0,14.089,Silence,0.0,0.0,0.0,0.0,0.0,0.0,0.0,0.0,0.0,0.0,13.849,13.364,12.894,-119,-6.0
2026-07-25 00:10:10,Laboratorios Eléctrica Superior,19.232,Silence,0.0,20.074,Silence,0.0,0.0,0.0,0.0,0.0,0.0,0.0,0.0,0.0,0.0,19.852,19.41,17.852,-99,9.0
2026-07-25 00:10:12,Pasillo Decanato Eléctrica,19.754,Silence,0.0,20.664,Silence,0.0,0.0,0.0,0.0,0.0,0.0,0.0,0.0,0.0,0.0,20.468,19.584,19.056,-114,-1.8
2026-07-25 00:10:23,Salón - Uma Eléctrica,44.367,Silence,0.0,45.111,Silence,0.0,0.0,0.0,0.0,0.0,0.0,0.0,0.0,0.0,0.0,45.145,44.203,43.703,-90,11.8
2026-07-25 00:11:14,Laboratorios Eléctrica Centro,21.016,Silence,0.0,21.698,Silence,0.0,0.0,0.0,0.0,0.0,0.0,0.0,0.0,0.0,0.0,21.728,21.002,20.314,-99,9.5
2026-07-25 00:11:50,Pasillo Decanato Civil,18.722,Silence,0.0,19.631,Silence,0.0,0.0,0.0,0.0,0.0,0.0,0.0,0.0,0.0,0.0,19.6,18.658,18.225,-96,12.5
2026-07-25 00:11:50,Salón - Extremo Eléctrica,15.116,Silence,0.0,15.72,Silence,0.0,0.0,0.0,0.0,0.0,0.0,0.0,0.0,0.0,0.0,15.721,15.141,14.531,-100,7.0
2026-07-25 00:11:58,Lobby Eléctrica,28.437,Silence,0.0,29.391,Silence,0.0,0.0,0.0,0.0,0.0,0.0,0.0,0.0,0.0,0.0,29.578,28.227,27.171,-87,10.5
2026-07-25 00:12:19,Laboratorios Civil Superior,29.284,Silence,0.0,30.439,Silence,0.0,0.0,0.0,0.0,0.0,0.0,0.0,0.0,0.0,0.0,30.755,29.173,28.081,-101,11.2
2026-07-25 00:12:19,Pasillo Salones Eléctrica,29.373,Silence,0.0,30.134,Silence,0.0,0.0,0.0,0.0,0.0,0.0,0.0,0.0,0.0,0.0,30.189,29.259,28.763,-109,5.0
2026-07-25 00:14:22,Lobby Civil,40.547,Silence,0.0,41.546,Silence,0.0,0.0,0.0,0.0,0.0,0.0,0.0,0.0,0.0,0.0,41.669,40.527,39.259,-97,11.0
2026-07-25 00:15:09,Salón - Extremo Civil,13.253,Silence,0.0,14.261,Silence,0.0,0.0,0.0,0.0,0.0,0.0,0.0,0.0,0.0,0.0,13.802,13.121,12.8,-89,13.2
2026-07-25 00:15:10,Laboratorios Eléctrica Superior,12.596,Silence,0.0,13.397,Silence,0.0,0.0,0.0,0.0,0.0,0.0,0.0,0.0,0.0,0.0,13.139,12.639,12.075,-97,9.0
2026-07-25 00:15:12,Pasillo Decanato Eléctrica,19.178,Silence,0.0,20.043,Silence,0.0,0.0,0.0,0.0,0.0,0.0,0.0,0.0,0.0,0.0,19.88,19.309,17.979,-117,
2026-07-25 00:15:23,Salón - Uma Eléctrica,44.194,Silence,0.0,44.842,Silence,0.0,0.0,0.0,0.0,0.0,0.0,0.0,0.0,0.0,0.0,44.684,44.303,43.386,-113,2.0
2026-07-25 00:16:14,Laboratorios Eléctrica Centro,28.748,Silence,0.0,34.099,Silence,0.0,0.0,0.0,0.0,0.0,0.0,0.0,0.0,0.0,0.0,34.303,28.364,14.333,-109,6.8
2026-07-25 00:16:27,Pasillo Salones Civil,13.513,Silence,0.0,14.17,Silence,0.0,0.0,0.0,0.0,0.0,0.0,0.0,0.0,0.0,0.0,14.18,13.256,13.138,-96,12.8
2026-07-25 00:16:49,Pasillo Decanato Civil,18.465,Silence,0.0,19.283,Silence,0.0,0.0,0.0,0.0,0.0,0.0,0.0,0.0,0.0,0.0,19.217,18.456,17.546,-96,12.2
2026-07-25 00:16:55,Salón - Extremo Eléctrica,14.935,Silence,0.0,15.753,Silence,0.0,0.0,0.0,0.0,0.0,0.0,0.0,0.0,0.0,0.0,15.669,14.855,14.208,-103,11.2
2026-07-25 00:16:58,Lobby Eléctrica,26.864,Silence,0.0,27.659,Silence,0.0,0.0,0.0,0.0,0.0,0.0,0.0,0.0,0.0,0.0,27.911,26.874,25.528,-85,10.8
2026-07-25 00:17:19,Laboratorios Civil Superior,31.754,Silence,0.0,34.127,Silence,0.0,0.0,0.0,0.0,0.0,0.0,0.0,0.0,0.0,0.0,34.19,31.696,28.351,-99,11.8
2026-07-25 00:17:19,Pasillo Salones Eléctrica,29.386,Silence,0.0,30.608,Silence,0.0,0.0,0.0,0.0,0.0,0.0,0.0,0.0,0.0,0.0,30.455,29.347,28.6,-91,11.2
2026-07-25 00:19:22,Lobby Civil,39.012,Silence,0.0,39.72,Silence,0.0,0.0,0.0,0.0,0.0,0.0,0.0,0.0,0.0,0.0,39.861,38.926,38.407,-99,11.0
2026-07-25 00:20:09,Salón - Extremo Civil,13.743,Silence,0.0,14.118,Silence,0.0,0.0,0.0,0.0,0.0,0.0,0.0,0.0,0.0,0.0,14.238,13.701,13.243,-117,-5.8
2026-07-25 00:20:10,Laboratorios Eléctrica Superior,16.576,Silence,0.0,17.244,Silence,0.0,0.0,0.0,0.0,0.0,0.0,0.0,0.0,0.0,0.0,17.089,16.641,15.888,-101,11.2
2026-07-25 00:20:12,Pasillo Decanato Eléctrica,19.538,Silence,0.0,20.126,Silence,0.0,0.0,0.0,0.0,0.0,0.0,0.0,0.0,0.0,0.0,19.923,19.524,18.758,-113,6.5
2026-07-25 00:20:23,Salón - Uma Eléctrica,44.451,Silence,0.0,45.233,Silence,0.0,0.0,0.0,0.0,0.0,0.0,0.0,0.0,0.0,0.0,45.438,44.146,43.87,-103,11.5
2026-07-25 00:21:14,Laboratorios Eléctrica Centro,14.71,Silence,0.0,15.585,Silence,0.0,0.0,0.0,0.0,0.0,0.0,0.0,0.0,0.0,0.0,15.402,14.722,13.64,-93,9.8
2026-07-25 00:21:27,Pasillo Salones Civil,13.649,Silence,0.0,14.271,Silence,0.0,0.0,0.0,0.0,0.0,0.0,0.0,0.0,0.0,0.0,14.163,13.585,12.936,-96,11.0
2026-07-25 00:21:50,Pasillo Decanato Civil,18.902,Silence,0.0,19.604,Silence,0.0,0.0,0.0,0.0,0.0,0.0,0.0,0.0,0.0,0.0,19.771,18.85,18.25,-103,9.8
2026-07-25 00:21:50,Salón - Extremo Eléctrica,15.213,Silence,0.0,15.905,Silence,0.0,0.0,0.0,0.0,0.0,0.0,0.0,0.0,0.0,0.0,15.962,15.273,14.202,-99,12.2
2026-07-25 00:21:58,Lobby Eléctrica,27.059,Silence,0.0,28.15,Silence,0.0,0.0,0.0,0.0,0.0,0.0,0.0,0.0,0.0,0.0,28.262,27.148,25.945,-85,9.2
2026-07-25 00:22:19,Laboratorios Civil Superior,30.936,Silence,0.0,32.259,Silence,0.0,0.0,0.0,0.0,0.0,0.0,0.0,0.0,0.0,0.0,31.97,30.911,29.403,-95,9.0
2026-07-25 00:22:19,Pasillo Salones Eléctrica,29.048,Silence,0.0,30.836,Silence,0.0,0.0,0.0,0.0,0.0,0.0,0.0,0.0,0.0,0.0,30.178,29.055,28.06,-105,8.5
2026-07-25 00:24:22,Lobby Civil,58.248,Mixed,69.965,64.961,Group 5 (Vehicle),0.0,55.925,0.0,0.0,63.571,0.304,69.965,2.474,3.299,24.002,65.929,49.155,39.321,-97,13.2
2026-07-25 00:25:09,Salón - Extremo Civil,12.978,Silence,0.0,13.916,Silence,0.0,0.0,0.0,0.0,0.0,0.0,0.0,0.0,0.0,0.0,14.226,12.903,12.089,-81,13.0
2026-07-25 00:25:10,Laboratorios Eléctrica Superior,11.498,Silence,0.0,12.209,Silence,0.0,0.0,0.0,0.0,0.0,0.0,0.0,0.0,0.0,0.0,12.014,11.71,10.125,-118,-9.0
2026-07-25 00:25:12,Pasillo Decanato Eléctrica,19.492,Silence,0.0,20.024,Silence,0.0,0.0,0.0,0.0,0.0,0.0,0.0,0.0,0.0,0.0,19.954,19.492,18.658,-91,9.8
2026-07-25 00:25:23,Salón - Uma Eléctrica,44.345,Silence,0.0,45.159,Silence,0.0,0.0,0.0,0.0,0.0,0.0,0.0,0.0,0.0,0.0,45.461,44.223,42.665,-101,11.2
2026-07-25 00:26:14,Laboratorios Eléctrica Centro,13.174,Silence,0.0,13.762,Silence,0.0,0.0,0.0,0.0,0.0,0.0,0.0,0.0,0.0,0.0,13.617,13.299,12.639,-97,8.8
2026-07-25 00:26:27,Pasillo Salones Civil,14.113,Silence,0.0,14.911,Silence,0.0,0.0,0.0,0.0,0.0,0.0,0.0,0.0,0.0,0.0,14.832,13.88,13.616,-93,12.5
2026-07-25 00:26:49,Pasillo Decanato Civil,20.558,Silence,0.0,21.683,Silence,0.0,0.0,0.0,0.0,0.0,0.0,0.0,0.0,0.0,0.0,22.163,20.249,19.018,-107,7.8
2026-07-25 00:26:58,Lobby Eléctrica,31.862,Silence,0.0,34.223,Silence,0.0,0.0,0.0,0.0,0.0,0.0,0.0,0.0,0.0,0.0,33.582,31.648,30.78,-87,10.2
2026-07-25 00:27:19,Laboratorios Civil Superior,29.229,Silence,0.0,31.964,Silence,0.0,0.0,0.0,0.0,0.0,0.0,0.0,0.0,0.0,0.0,31.858,28.501,27.449,-106,9.5
2026-07-25 00:27:19,Pasillo Salones Eléctrica,29.075,Silence,0.0,29.956,Silence,0.0,0.0,0.0,0.0,0.0,0.0,0.0,0.0,0.0,0.0,29.912,29.116,28.268,-91,12.5
2026-07-25 00:29:22,Lobby Civil,38.892,Silence,0.0,39.712,Silence,0.0,0.0,0.0,0.0,0.0,0.0,0.0,0.0,0.0,0.0,39.858,38.772,38.144,-83,12.0
2026-07-25 00:30:09,Salón - Extremo Civil,13.305,Silence,0.0,13.924,Silence,0.0,0.0,0.0,0.0,0.0,0.0,0.0,0.0,0.0,0.0,13.982,13.215,12.829,-90,12.2
2026-07-25 00:30:10,Laboratorios Eléctrica Superior,11.999,Silence,0.0,12.784,Silence,0.0,0.0,0.0,0.0,0.0,0.0,0.0,0.0,0.0,0.0,12.72,11.87,11.318,-119,-9.8
2026-07-25 00:30:13,Pasillo Decanato Eléctrica,19.676,Silence,0.0,21.517,Silence,0.0,0.0,0.0,0.0,0.0,0.0,0.0,0.0,0.0,0.0,20.474,19.621,18.687,-113,5.0
2026-07-25 00:30:23,Salón - Uma Eléctrica,43.97,Silence,0.0,44.687,Silence,0.0,0.0,0.0,0.0,0.0,0.0,0.0,0.0,0.0,0.0,44.804,43.922,43.151,-89,12.5
2026-07-25 00:31:14,Laboratorios Eléctrica Centro,14.324,Silence,0.0,15.232,Silence,0.0,0.0,0.0,0.0,0.0,0.0,0.0,0.0,0.0,0.0,14.912,14.324,13.583,-108,4.0
2026-07-25 00:31:27,Pasillo Salones Civil,13.871,Silence,0.0,14.567,Silence,0.0,0.0,0.0,0.0,0.0,0.0,0.0,0.0,0.0,0.0,14.31,13.778,13.496,-99,7.5
2026-07-25 00:31:50,Pasillo Decanato Civil,19.009,Silence,0.0,20.043,Silence,0.0,0.0,0.0,0.0,0.0,0.0,0.0,0.0,0.0,0.0,19.775,19.199,17.882,-107,10.5
2026-07-25 00:31:50,Salón - Extremo Eléctrica,14.791,Silence,0.0,15.797,Silence,0.0,0.0,0.0,0.0,0.0,0.0,0.0,0.0,0.0,0.0,15.407,14.809,14.129,-85,12.8
2026-07-25 00:31:58,Lobby Eléctrica,27.504,Silence,0.0,28.17,Silence,0.0,0.0,0.0,0.0,0.0,0.0,0.0,0.0,0.0,0.0,27.999,27.524,27.052,-85,8.0
2026-07-25 00:32:19,Laboratorios Civil Superior,33.433,Silence,0.0,34.907,Silence,0.0,0.0,0.0,0.0,0.0,0.0,0.0,0.0,0.0,0.0,34.971,32.919,32.486,-101,12.2
2026-07-25 00:32:26,Pasillo Salones Eléctrica,29.178,Silence,0.0,30.226,Silence,0.0,0.0,0.0,0.0,0.0,0.0,0.0,0.0,0.0,0.0,30.52,28.651,28.58,-105,10.0
2026-07-25 00:34:22,Lobby Civil,38.652,Silence,0.0,46.18,Silence,0.0,0.0,0.0,0.0,0.0,0.0,0.0,0.0,0.0,0.0,40.611,38.454,37.389,-99,9.0
2026-07-25 00:35:09,Salón - Extremo Civil,12.763,Silence,0.0,13.225,Silence,0.0,0.0,0.0,0.0,0.0,0.0,0.0,0.0,0.0,0.0,13.583,12.676,11.893,-120,-5.0
2026-07-25 00:35:10,Laboratorios Eléctrica Superior,11.326,Silence,0.0,12.097,Silence,0.0,0.0,0.0,0.0,0.0,0.0,0.0,0.0,0.0,0.0,12.053,11.455,10.637,-101,11.2
2026-07-25 00:35:12,Pasillo Decanato Eléctrica,19.717,Silence,0.0,20.54,Silence,0.0,0.0,0.0,0.0,0.0,0.0,0.0,0.0,0.0,0.0,21.078,19.468,19.081,-93,13.0
2026-07-25 00:35:23,Salón - Uma Eléctrica,43.591,Silence,0.0,44.405,Silence,0.0,0.0,0.0,0.0,0.0,0.0,0.0,0.0,0.0,0.0,44.348,43.496,42.845,-88,11.8
2026-07-25 00:36:14,Laboratorios Eléctrica Centro,14.107,Silence,0.0,14.927,Silence,0.0,0.0,0.0,0.0,0.0,0.0,0.0,0.0,0.0,0.0,14.856,14.161,12.95,-97,10.8
2026-07-25 00:36:27,Pasillo Salones Civil,19.027,Silence,0.0,22.075,Silence,0.0,0.0,0.0,0.0,0.0,0.0,0.0,0.0,0.0,0.0,22.266,18.847,15.076,-101,10.8
2026-07-25 00:36:49,Pasillo Decanato Civil,19.511,Silence,0.0,20.41,Silence,0.0,0.0,0.0,0.0,0.0,0.0,0.0,0.0,0.0,0.0,20.282,19.461,18.502,-93,13.2
2026-07-25 00:36:50,Salón - Extremo Eléctrica,14.713,Silence,0.0,15.073,Silence,0.0,0.0,0.0,0.0,0.0,0.0,0.0,0.0,0.0,0.0,15.061,14.717,14.388,-78,12.8
2026-07-25 00:36:58,Lobby Eléctrica,33.728,Silence,0.0,36.553,Silence,0.0,0.0,0.0,0.0,0.0,0.0,0.0,0.0,0.0,0.0,37.028,33.658,28.872,-90,6.2
2026-07-25 00:37:19,Laboratorios Civil Superior,39.519,Silence,0.0,40.759,Silence,0.0,0.0,0.0,0.0,0.0,0.0,0.0,0.0,0.0,0.0,40.34,39.445,38.998,-99,9.8
2026-07-25 00:37:19,Pasillo Salones Eléctrica,29.274,Silence,0.0,30.304,Silence,0.0,0.0,0.0,0.0,0.0,0.0,0.0,0.0,0.0,0.0,30.96,29.149,28.572,-95,13.5
2026-07-25 00:39:22,Lobby Civil,63.748,Group 1 (Common),75.998,66.761,Group 1 (Common),64.292,60.61,0.0,0.0,0.0,75.998,14.323,0.0,1.042,8.507,66.834,63.613,51.908,-95,12.5
2026-07-25 00:40:09,Salón - Extremo Civil,13.207,Silence,0.0,13.8,Silence,0.0,0.0,0.0,0.0,0.0,0.0,0.0,0.0,0.0,0.0,13.809,13.124,12.679,-118,-6.2
2026-07-25 00:40:11,Laboratorios Eléctrica Superior,11.467,Silence,0.0,12.107,Silence,0.0,0.0,0.0,0.0,0.0,0.0,0.0,0.0,0.0,0.0,11.969,11.426,11.072,-120,-8.5
2026-07-25 00:40:13,Pasillo Decanato Eléctrica,19.866,Silence,0.0,20.727,Silence,0.0,0.0,0.0,0.0,0.0,0.0,0.0,0.0,0.0,0.0,21.283,19.737,19.052,-88,12.5
2026-07-25 00:40:23,Salón - Uma Eléctrica,43.613,Silence,0.0,44.753,Silence,0.0,0.0,0.0,0.0,0.0,0.0,0.0,0.0,0.0,0.0,44.505,43.52,42.501,-113,2.2
2026-07-25 00:41:14,Laboratorios Eléctrica Centro,14.523,Silence,0.0,15.764,Silence,0.0,0.0,0.0,0.0,0.0,0.0,0.0,0.0,0.0,0.0,15.677,14.609,13.694,-111,3.5
2026-07-25 00:41:27,Pasillo Salones Civil,13.403,Silence,0.0,14.126,Silence,0.0,0.0,0.0,0.0,0.0,0.0,0.0,0.0,0.0,0.0,14.087,13.246,13.055,-99,12.8
2026-07-25 00:41:50,Pasillo Decanato Civil,24.415,Silence,0.0,29.609,Silence,0.0,0.0,0.0,0.0,0.0,0.0,0.0,0.0,0.0,0.0,31.492,22.976,18.86,-101,12.2
2026-07-25 00:41:50,Salón - Extremo Eléctrica,14.747,Silence,0.0,15.518,Silence,0.0,0.0,0.0,0.0,0.0,0.0,0.0,0.0,0.0,0.0,15.441,14.573,14.346,-97,11.0
2026-07-25 00:41:58,Lobby Eléctrica,28.797,Silence,0.0,30.184,Silence,0.0,0.0,0.0,0.0,0.0,0.0,0.0,0.0,0.0,0.0,30.525,28.343,27.827,-85,9.0
2026-07-25 00:42:19,Laboratorios Civil Superior,39.186,Silence,0.0,39.867,Silence,0.0,0.0,0.0,0.0,0.0,0.0,0.0,0.0,0.0,0.0,39.661,39.253,38.528,-107,9.0
2026-07-25 00:42:19,Pasillo Salones Eléctrica,29.233,Silence,0.0,30.088,Silence,0.0,0.0,0.0,0.0,0.0,0.0,0.0,0.0,0.0,0.0,30.159,29.037,28.451,-89,10.2
2026-07-25 00:45:09,Salón - Extremo Civil,12.83,Silence,0.0,13.331,Silence,0.0,0.0,0.0,0.0,0.0,0.0,0.0,0.0,0.0,0.0,13.194,12.883,12.037,-119,-10.8
2026-07-25 00:45:11,Laboratorios Eléctrica Superior,11.886,Silence,0.0,12.416,Silence,0.0,0.0,0.0,0.0,0.0,0.0,0.0,0.0,0.0,0.0,12.358,11.802,11.682,-103,6.5
2026-07-25 00:45:13,Pasillo Decanato Eléctrica,19.531,Silence,0.0,20.354,Silence,0.0,0.0,0.0,0.0,0.0,0.0,0.0,0.0,0.0,0.0,20.611,19.348,18.877,-112,4.5
2026-07-25 00:45:23,Salón - Uma Eléctrica,43.966,Silence,0.0,45.001,Silence,0.0,0.0,0.0,0.0,0.0,0.0,0.0,0.0,0.0,0.0,45.414,44.078,42.695,-87,10.0
2026-07-25 00:46:14,Laboratorios Eléctrica Centro,22.657,Silence,0.0,23.396,Silence,0.0,0.0,0.0,0.0,0.0,0.0,0.0,0.0,0.0,0.0,23.339,22.463,22.228,-102,8.5
2026-07-25 00:46:27,Pasillo Salones Civil,23.813,Silence,0.0,31.864,Silence,0.0,0.0,0.0,0.0,0.0,0.0,0.0,0.0,0.0,0.0,31.904,20.741,14.76,-99,11.0
2026-07-25 00:46:50,Pasillo Decanato Civil,30.929,Silence,0.0,34.076,Silence,0.0,0.0,0.0,0.0,0.0,0.0,0.0,0.0,0.0,0.0,34.226,31.081,24.278,-97,12.0
2026-07-25 00:46:50,Salón - Extremo Eléctrica,15.882,Silence,0.0,16.804,Silence,0.0,0.0,0.0,0.0,0.0,0.0,0.0,0.0,0.0,0.0,17.115,15.804,15.036,-97,11.5
2026-07-25 00:46:58,Lobby Eléctrica,37.964,Silence,0.0,42.994,Silence,0.0,0.0,0.0,0.0,0.0,0.0,0.0,0.0,0.0,0.0,44.411,37.034,32.35,-84,9.8
2026-07-25 00:47:19,Laboratorios Civil Superior,32.965,Silence,0.0,34.199,Silence,0.0,0.0,0.0,0.0,0.0,0.0,0.0,0.0,0.0,0.0,33.716,33.056,31.629,-96,11.5
2026-07-25 00:47:19,Pasillo Salones Eléctrica,29.283,Silence,0.0,29.976,Silence,0.0,0.0,0.0,0.0,0.0,0.0,0.0,0.0,0.0,0.0,30.088,29.372,27.79,-93,12.8
2026-07-25 00:49:22,Lobby Civil,58.769,Group 5 (Vehicle),73.958,64.978,Group 5 (Vehicle),52.693,0.0,0.0,0.0,60.732,19.227,3.342,1.389,2.083,73.958,66.627,52.872,50.969,-82,12.0
2026-07-25 00:50:09,Salón - Extremo Civil,13.426,Silence,0.0,14.467,Silence,0.0,0.0,0.0,0.0,0.0,0.0,0.0,0.0,0.0,0.0,14.096,13.377,12.913,-117,-7.8
2026-07-25 00:50:11,Laboratorios Eléctrica Superior,11.422,Silence,0.0,11.815,Silence,0.0,0.0,0.0,0.0,0.0,0.0,0.0,0.0,0.0,0.0,11.793,11.604,10.738,-78,8.8
2026-07-25 00:50:13,Pasillo Decanato Eléctrica,19.605,Silence,0.0,20.285,Silence,0.0,0.0,0.0,0.0,0.0,0.0,0.0,0.0,0.0,0.0,20.287,19.639,18.953,-111,8.5
2026-07-25 00:50:23,Salón - Uma Eléctrica,44.201,Silence,0.0,45.324,Silence,0.0,0.0,0.0,0.0,0.0,0.0,0.0,0.0,0.0,0.0,45.398,43.989,43.298,-112,-2.2
2026-07-25 00:51:14,Laboratorios Eléctrica Centro,13.046,Silence,0.0,14.214,Silence,0.0,0.0,0.0,0.0,0.0,0.0,0.0,0.0,0.0,0.0,13.667,13.133,12.324,-99,9.0
2026-07-25 00:51:27,Pasillo Salones Civil,15.588,Silence,0.0,17.972,Silence,0.0,0.0,0.0,0.0,0.0,0.0,0.0,0.0,0.0,0.0,18.31,15.1,14.129,-103,11.0
2026-07-25 00:51:50,Pasillo Decanato Civil,21.768,Silence,0.0,24.167,Silence,0.0,0.0,0.0,0.0,0.0,0.0,0.0,0.0,0.0,0.0,24.861,21.571,18.504,-88,12.0
2026-07-25 00:51:50,Salón - Extremo Eléctrica,14.472,Silence,0.0,15.11,Silence,0.0,0.0,0.0,0.0,0.0,0.0,0.0,0.0,0.0,0.0,14.854,14.587,13.851,-76,12.0
2026-07-25 00:51:58,Lobby Eléctrica,29.012,Silence,0.0,35.151,Silence,0.0,0.0,0.0,0.0,0.0,0.0,0.0,0.0,0.0,0.0,33.088,27.377,25.838,-87,9.8
2026-07-25 00:52:19,Laboratorios Civil Superior,31.777,Silence,0.0,33.653,Silence,0.0,0.0,0.0,0.0,0.0,0.0,0.0,0.0,0.0,0.0,33.637,31.172,29.857,-101,11.2
2026-07-25 00:52:19,Pasillo Salones Eléctrica,29.695,Silence,0.0,30.466,Silence,0.0,0.0,0.0,0.0,0.0,0.0,0.0,0.0,0.0,0.0,30.407,29.688,29.098,-105,11.0
2026-07-25 00:54:22,Lobby Civil,54.358,Mixed,53.857,60.708,Group 4 (Person),53.277,0.0,0.0,59.504,0.0,53.857,6.152,0.098,37.891,2.051,61.936,45.359,41.156,-84,11.2
2026-07-25 00:55:09,Salón - Extremo Civil,17.228,Silence,0.0,19.306,Silence,0.0,0.0,0.0,0.0,0.0,0.0,0.0,0.0,0.0,0.0,19.597,17.411,14.284,-117,-6.8
2026-07-25 00:55:17,Laboratorios Eléctrica Superior,18.703,Silence,0.0,19.849,Silence,0.0,0.0,0.0,0.0,0.0,0.0,0.0,0.0,0.0,0.0,19.935,18.65,17.782,-119,-8.0
2026-07-25 00:55:17,Pasillo Decanato Eléctrica,19.227,Silence,0.0,20.619,Silence,0.0,0.0,0.0,0.0,0.0,0.0,0.0,0.0,0.0,0.0,19.98,19.221,18.33,-108,8.2
2026-07-25 00:55:23,Salón - Uma Eléctrica,43.913,Silence,0.0,44.479,Silence,0.0,0.0,0.0,0.0,0.0,0.0,0.0,0.0,0.0,0.0,44.594,44.007,43.218,-89,13.5
2026-07-25 00:56:14,Laboratorios Eléctrica Centro,22.361,Silence,0.0,22.814,Silence,0.0,0.0,0.0,0.0,0.0,0.0,0.0,0.0,0.0,0.0,22.85,22.348,21.732,-93,8.5
2026-07-25 00:56:27,Pasillo Salones Civil,15.875,Silence,0.0,17.738,Silence,0.0,0.0,0.0,0.0,0.0,0.0,0.0,0.0,0.0,0.0,16.867,16.209,14.645,-89,13.5
2026-07-25 00:56:50,Pasillo Decanato Civil,27.648,Silence,0.0,32.028,Silence,0.0,0.0,0.0,0.0,0.0,0.0,0.0,0.0,0.0,0.0,31.921,25.397,19.56,-109,5.5
2026-07-25 00:56:50,Salón - Extremo Eléctrica,15.36,Silence,0.0,16.391,Silence,0.0,0.0,0.0,0.0,0.0,0.0,0.0,0.0,0.0,0.0,16.468,15.391,14.327,-75,11.8
2026-07-25 00:56:58,Lobby Eléctrica,43.975,Silence,0.0,47.43,Silence,0.0,0.0,0.0,0.0,0.0,0.0,0.0,0.0,0.0,0.0,47.843,43.087,38.839,-109,4.5
2026-07-25 00:57:19,Laboratorios Civil Superior,32.991,Silence,0.0,34.832,Silence,0.0,0.0,0.0,0.0,0.0,0.0,0.0,0.0,0.0,0.0,34.545,33.177,31.386,-109,9.0
2026-07-25 00:57:19,Pasillo Salones Eléctrica,29.06,Silence,0.0,29.778,Silence,0.0,0.0,0.0,0.0,0.0,0.0,0.0,0.0,0.0,0.0,29.724,29.19,28.368,-105,10.8
2026-07-25 00:59:22,Lobby Civil,42.192,Silence,0.0,47.723,Silence,0.0,0.0,0.0,0.0,0.0,0.0,0.0,0.0,0.0,0.0,48.403,39.912,38.599,-87,13.8
2026-07-25 01:00:09,Salón - Extremo Civil,13.129,Silence,0.0,13.779,Silence,0.0,0.0,0.0,0.0,0.0,0.0,0.0,0.0,0.0,0.0,13.91,13.103,12.464,-95,13.2
2026-07-25 01:00:11,Laboratorios Eléctrica Superior,11.127,Silence,0.0,11.878,Silence,0.0,0.0,0.0,0.0,0.0,0.0,0.0,0.0,0.0,0.0,11.796,10.941,10.668,-120,-9.0
2026-07-25 01:00:13,Pasillo Decanato Eléctrica,20.401,Silence,0.0,21.171,Silence,0.0,0.0,0.0,0.0,0.0,0.0,0.0,0.0,0.0,0.0,20.78,20.335,20.094,-93,13.2
2026-07-25 01:00:23,Salón - Uma Eléctrica,43.863,Silence,0.0,44.604,Silence,0.0,0.0,0.0,0.0,0.0,0.0,0.0,0.0,0.0,0.0,44.524,43.82,42.553,-89,11.8
2026-07-25 01:01:14,Laboratorios Eléctrica Centro,13.772,Silence,0.0,14.629,Silence,0.0,0.0,0.0,0.0,0.0,0.0,0.0,0.0,0.0,0.0,14.374,13.838,12.568,-99,10.5
2026-07-25 01:01:27,Pasillo Salones Civil,14.755,Silence,0.0,15.799,Silence,0.0,0.0,0.0,0.0,0.0,0.0,0.0,0.0,0.0,0.0,16.109,14.548,12.862,-99,11.0
2026-07-25 01:01:50,Pasillo Decanato Civil,26.204,Silence,0.0,28.207,Silence,0.0,0.0,0.0,0.0,0.0,0.0,0.0,0.0,0.0,0.0,29.137,26.335,21.995,-113,4.0
2026-07-25 01:01:50,Salón - Extremo Eléctrica,15.059,Silence,0.0,15.72,Silence,0.0,0.0,0.0,0.0,0.0,0.0,0.0,0.0,0.0,0.0,15.878,14.876,14.701,-91,12.8
2026-07-25 01:01:58,Lobby Eléctrica,32.777,Silence,0.0,39.625,Silence,0.0,0.0,0.0,0.0,0.0,0.0,0.0,0.0,0.0,0.0,41.24,30.524,28.548,-109,-6.8
2026-07-25 01:02:19,Laboratorios Civil Superior,32.003,Silence,0.0,34.174,Silence,0.0,0.0,0.0,0.0,0.0,0.0,0.0,0.0,0.0,0.0,34.359,31.691,29.264,-97,12.8
2026-07-25 01:02:19,Pasillo Salones Eléctrica,29.414,Silence,0.0,30.415,Silence,0.0,0.0,0.0,0.0,0.0,0.0,0.0,0.0,0.0,0.0,30.569,29.281,28.748,-99,12.8
2026-07-25 01:04:22,Lobby Civil,64.396,Group 4 (Person),82.986,69.638,Group 4 (Person),60.61,57.664,0.0,65.534,0.0,7.378,9.592,0.0,82.986,0.0,71.498,60.036,53.43,-87,13.0
2026-07-25 01:05:09,Salón - Extremo Civil,14.193,Silence,0.0,15.254,Silence,0.0,0.0,0.0,0.0,0.0,0.0,0.0,0.0,0.0,0.0,15.517,14.078,13.041,-117,-5.0
2026-07-25 01:05:11,Laboratorios Eléctrica Superior,15.722,Silence,0.0,16.447,Silence,0.0,0.0,0.0,0.0,0.0,0.0,0.0,0.0,0.0,0.0,16.37,15.799,14.47,-120,-9.0
2026-07-25 01:05:13,Pasillo Decanato Eléctrica,19.958,Silence,0.0,20.876,Silence,0.0,0.0,0.0,0.0,0.0,0.0,0.0,0.0,0.0,0.0,20.818,20.15,18.997,-113,6.0
2026-07-25 01:05:23,Salón - Uma Eléctrica,44.079,Silence,0.0,45.118,Silence,0.0,0.0,0.0,0.0,0.0,0.0,0.0,0.0,0.0,0.0,44.871,43.569,43.181,-105,11.8
2026-07-25 01:06:15,Laboratorios Eléctrica Centro,20.859,Silence,0.0,21.818,Silence,0.0,0.0,0.0,0.0,0.0,0.0,0.0,0.0,0.0,0.0,21.619,20.789,19.991,-103,8.5
2026-07-25 01:06:27,Pasillo Salones Civil,16.985,Silence,0.0,18.196,Silence,0.0,0.0,0.0,0.0,0.0,0.0,0.0,0.0,0.0,0.0,18.29,16.795,15.512,-93,7.5
2026-07-25 01:06:50,Pasillo Decanato Civil,20.17,Silence,0.0,21.529,Silence,0.0,0.0,0.0,0.0,0.0,0.0,0.0,0.0,0.0,0.0,21.325,19.941,18.964,-107,11.8
2026-07-25 01:06:50,Salón - Extremo Eléctrica,15.961,Silence,0.0,16.557,Silence,0.0,0.0,0.0,0.0,0.0,0.0,0.0,0.0,0.0,0.0,16.792,15.881,15.215,-89,13.0
2026-07-25 01:06:58,Lobby Eléctrica,27.494,Silence,0.0,28.651,Silence,0.0,0.0,0.0,0.0,0.0,0.0,0.0,0.0,0.0,0.0,29.047,27.298,26.581,-87,10.2
2026-07-25 01:07:19,Laboratorios Civil Superior,31.185,Silence,0.0,32.555,Silence,0.0,0.0,0.0,0.0,0.0,0.0,0.0,0.0,0.0,0.0,32.351,31.281,29.478,-101,10.5
2026-07-25 01:07:19,Pasillo Salones Eléctrica,29.053,Silence,0.0,29.524,Silence,0.0,0.0,0.0,0.0,0.0,0.0,0.0,0.0,0.0,0.0,29.547,28.813,28.567,-102,10.5
2026-07-25 01:09:22,Lobby Civil,63.051,Mixed,47.092,68.663,Group 4 (Person),0.0,49.849,0.0,65.463,0.0,0.694,47.092,7.422,27.344,17.361,68.741,55.346,39.568,-89,14.0
2026-07-25 01:10:09,Salón - Extremo Civil,13.029,Silence,0.0,13.659,Silence,0.0,0.0,0.0,0.0,0.0,0.0,0.0,0.0,0.0,0.0,13.581,13.054,12.266,-119,-7.5
2026-07-25 01:10:11,Laboratorios Eléctrica Superior,11.648,Silence,0.0,12.482,Silence,0.0,0.0,0.0,0.0,0.0,0.0,0.0,0.0,0.0,0.0,12.402,11.59,10.99,-77,11.2
2026-07-25 01:10:13,Pasillo Decanato Eléctrica,19.895,Silence,0.0,20.535,Silence,0.0,0.0,0.0,0.0,0.0,0.0,0.0,0.0,0.0,0.0,20.71,19.957,19.47,-113,6.2
2026-07-25 01:10:23,Salón - Uma Eléctrica,43.618,Silence,0.0,44.185,Silence,0.0,0.0,0.0,0.0,0.0,0.0,0.0,0.0,0.0,0.0,44.094,43.712,42.31,-87,12.8
2026-07-25 01:11:14,Laboratorios Eléctrica Centro,13.749,Silence,0.0,14.327,Silence,0.0,0.0,0.0,0.0,0.0,0.0,0.0,0.0,0.0,0.0,14.352,13.826,13.143,-106,-5.0
2026-07-25 01:11:27,Pasillo Salones Civil,14.105,Silence,0.0,14.611,Silence,0.0,0.0,0.0,0.0,0.0,0.0,0.0,0.0,0.0,0.0,14.548,13.997,13.803,-102,11.2
2026-07-25 01:11:50,Pasillo Decanato Civil,24.888,Silence,0.0,26.751,Silence,0.0,0.0,0.0,0.0,0.0,0.0,0.0,0.0,0.0,0.0,27.262,23.643,22.713,-107,10.5
2026-07-25 01:11:50,Salón - Extremo Eléctrica,15.009,Silence,0.0,15.679,Silence,0.0,0.0,0.0,0.0,0.0,0.0,0.0,0.0,0.0,0.0,15.71,14.923,14.348,-102,-0.8
2026-07-25 01:11:58,Lobby Eléctrica,40.243,Silence,0.0,42.519,Silence,0.0,0.0,0.0,0.0,0.0,0.0,0.0,0.0,0.0,0.0,41.923,40.745,37.225,-91,9.2
2026-07-25 01:12:19,Laboratorios Civil Superior,29.539,Silence,0.0,30.581,Silence,0.0,0.0,0.0,0.0,0.0,0.0,0.0,0.0,0.0,0.0,30.435,29.591,27.671,-109,8.5
2026-07-25 01:12:19,Pasillo Salones Eléctrica,29.393,Silence,0.0,30.198,Silence,0.0,0.0,0.0,0.0,0.0,0.0,0.0,0.0,0.0,0.0,30.129,29.23,28.683,-91,10.8
2026-07-25 01:14:22,Lobby Civil,66.81,Group 1 (Common),99.609,67.788,Group 1 (Common),66.951,0.0,0.0,0.0,0.0,99.609,0.0,0.087,0.0,0.0,68.047,66.951,63.642,-101,11.2
2026-07-25 01:15:09,Salón - Extremo Civil,14.937,Silence,0.0,15.506,Silence,0.0,0.0,0.0,0.0,0.0,0.0,0.0,0.0,0.0,0.0,15.433,14.976,14.415,-119,-7.5
2026-07-25 01:15:11,Laboratorios Eléctrica Superior,18.172,Silence,0.0,18.846,Silence,0.0,0.0,0.0,0.0,0.0,0.0,0.0,0.0,0.0,0.0,18.716,18.372,17.159,-97,10.5
2026-07-25 01:15:13,Pasillo Decanato Eléctrica,19.76,Silence,0.0,20.444,Silence,0.0,0.0,0.0,0.0,0.0,0.0,0.0,0.0,0.0,0.0,20.275,19.747,19.267,-109,-1.5
2026-07-25 01:15:23,Salón - Uma Eléctrica,43.293,Silence,0.0,43.757,Silence,0.0,0.0,0.0,0.0,0.0,0.0,0.0,0.0,0.0,0.0,43.688,43.288,42.685,-89,11.5
2026-07-25 01:16:14,Laboratorios Eléctrica Centro,13.348,Silence,0.0,13.956,Silence,0.0,0.0,0.0,0.0,0.0,0.0,0.0,0.0,0.0,0.0,13.751,13.341,12.812,-97,9.5
2026-07-25 01:16:27,Pasillo Salones Civil,13.592,Silence,0.0,15.216,Silence,0.0,0.0,0.0,0.0,0.0,0.0,0.0,0.0,0.0,0.0,14.172,13.738,12.714,-97,12.0
2026-07-25 01:16:50,Pasillo Decanato Civil,18.425,Silence,0.0,19.364,Silence,0.0,0.0,0.0,0.0,0.0,0.0,0.0,0.0,0.0,0.0,19.131,18.526,17.547,-105,9.8
2026-07-25 01:16:57,Salón - Extremo Eléctrica,14.768,Silence,0.0,15.51,Silence,0.0,0.0,0.0,0.0,0.0,0.0,0.0,0.0,0.0,0.0,15.49,14.731,13.873,-77,13.0
2026-07-25 01:16:58,Lobby Eléctrica,27.773,Silence,0.0,28.551,Silence,0.0,0.0,0.0,0.0,0.0,0.0,0.0,0.0,0.0,0.0,28.782,27.751,26.527,-89,9.5
2026-07-25 01:17:19,Laboratorios Civil Superior,31.488,Silence,0.0,34.24,Silence,0.0,0.0,0.0,0.0,0.0,0.0,0.0,0.0,0.0,0.0,33.651,31.085,29.902,-97,11.8
2026-07-25 01:17:19,Pasillo Salones Eléctrica,28.946,Silence,0.0,30.313,Silence,0.0,0.0,0.0,0.0,0.0,0.0,0.0,0.0,0.0,0.0,30.468,28.783,27.951,-91,13.5
2026-07-25 01:19:22,Lobby Civil,48.785,Group 2 (Impact),84.375,52.217,Group 5 (Vehicle),0.0,45.97,0.0,0.0,51.717,1.519,84.375,0.0,0.825,13.325,52.672,49.867,40.526,-102,11.2
2026-07-25 01:20:09,Salón - Extremo Civil,13.812,Silence,0.0,14.568,Silence,0.0,0.0,0.0,0.0,0.0,0.0,0.0,0.0,0.0,0.0,14.275,14.068,12.698,-105,-5.2
2026-07-25 01:20:11,Laboratorios Eléctrica Superior,12.029,Silence,0.0,12.81,Silence,0.0,0.0,0.0,0.0,0.0,0.0,0.0,0.0,0.0,0.0,12.64,12.107,11.26,-119,-9.0
2026-07-25 01:20:13,Pasillo Decanato Eléctrica,19.592,Silence,0.0,20.493,Silence,0.0,0.0,0.0,0.0,0.0,0.0,0.0,0.0,0.0,0.0,20.881,19.619,18.514,-115,2.8
2026-07-25 01:21:14,Laboratorios Eléctrica Centro,14.418,Silence,0.0,15.038,Silence,0.0,0.0,0.0,0.0,0.0,0.0,0.0,0.0,0.0,0.0,15.035,14.38,13.61,-109,4.0
2026-07-25 01:21:27,Pasillo Salones Civil,13.572,Silence,0.0,14.154,Silence,0.0,0.0,0.0,0.0,0.0,0.0,0.0,0.0,0.0,0.0,13.981,13.614,12.86,-91,13.2
2026-07-25 01:21:50,Pasillo Decanato Civil,18.721,Silence,0.0,19.489,Silence,0.0,0.0,0.0,0.0,0.0,0.0,0.0,0.0,0.0,0.0,19.543,18.629,18.167,-109,6.2
2026-07-25 01:21:50,Salón - Extremo Eléctrica,14.705,Silence,0.0,15.362,Silence,0.0,0.0,0.0,0.0,0.0,0.0,0.0,0.0,0.0,0.0,15.147,14.628,14.355,-79,11.8
2026-07-25 01:21:58,Lobby Eléctrica,25.63,Silence,0.0,26.388,Silence,0.0,0.0,0.0,0.0,0.0,0.0,0.0,0.0,0.0,0.0,26.311,25.627,24.858,-83,8.5
2026-07-25 01:22:19,Laboratorios Civil Superior,31.665,Silence,0.0,33.247,Silence,0.0,0.0,0.0,0.0,0.0,0.0,0.0,0.0,0.0,0.0,32.802,31.526,30.561,-93,12.0
2026-07-25 01:22:19,Pasillo Salones Eléctrica,29.026,Silence,0.0,30.129,Silence,0.0,0.0,0.0,0.0,0.0,0.0,0.0,0.0,0.0,0.0,29.698,28.891,28.319,-91,12.0
2026-07-25 01:24:22,Lobby Civil,42.312,Silence,0.0,43.098,Silence,0.0,0.0,0.0,0.0,0.0,0.0,0.0,0.0,0.0,0.0,44.513,42.367,39.134,-84,12.5
2026-07-25 01:25:09,Salón - Extremo Civil,13.048,Silence,0.0,13.758,Silence,0.0,0.0,0.0,0.0,0.0,0.0,0.0,0.0,0.0,0.0,13.709,13.177,12.119,-118,-3.2
2026-07-25 01:25:11,Laboratorios Eléctrica Superior,11.192,Silence,0.0,11.969,Silence,0.0,0.0,0.0,0.0,0.0,0.0,0.0,0.0,0.0,0.0,11.949,11.111,10.59,-118,-9.0
2026-07-25 01:25:13,Pasillo Decanato Eléctrica,20.087,Silence,0.0,20.823,Silence,0.0,0.0,0.0,0.0,0.0,0.0,0.0,0.0,0.0,0.0,20.463,20.22,19.353,-91,12.5
2026-07-25 01:25:23,Salón - Uma Eléctrica,44.213,Silence,0.0,44.79,Silence,0.0,0.0,0.0,0.0,0.0,0.0,0.0,0.0,0.0,0.0,44.784,44.318,43.578,-103,10.8
2026-07-25 01:26:14,Laboratorios Eléctrica Centro,13.804,Silence,0.0,14.397,Silence,0.0,0.0,0.0,0.0,0.0,0.0,0.0,0.0,0.0,0.0,14.431,13.894,12.969,-113,3.2
2026-07-25 01:26:27,Pasillo Salones Civil,13.446,Silence,0.0,13.936,Silence,0.0,0.0,0.0,0.0,0.0,0.0,0.0,0.0,0.0,0.0,13.687,13.53,13.033,-102,9.0
2026-07-25 01:26:50,Pasillo Decanato Civil,21.056,Silence,0.0,21.688,Silence,0.0,0.0,0.0,0.0,0.0,0.0,0.0,0.0,0.0,0.0,21.842,21.06,20.428,-106,8.5
2026-07-25 01:26:50,Salón - Extremo Eléctrica,15.035,Silence,0.0,15.773,Silence,0.0,0.0,0.0,0.0,0.0,0.0,0.0,0.0,0.0,0.0,15.657,15.11,13.781,-87,9.0
2026-07-25 01:26:58,Lobby Eléctrica,29.99,Silence,0.0,31.422,Silence,0.0,0.0,0.0,0.0,0.0,0.0,0.0,0.0,0.0,0.0,30.984,30.043,28.818,-90,9.2
2026-07-25 01:27:19,Laboratorios Civil Superior,30.467,Silence,0.0,31.75,Silence,0.0,0.0,0.0,0.0,0.0,0.0,0.0,0.0,0.0,0.0,31.892,30.096,28.608,-101,11.8
2026-07-25 01:27:27,Pasillo Salones Eléctrica,29.064,Silence,0.0,30.269,Silence,0.0,0.0,0.0,0.0,0.0,0.0,0.0,0.0,0.0,0.0,30.46,28.945,27.897,-97,12.8
2026-07-25 01:29:22,Lobby Civil,55.16,Mixed,40.365,58.32,Group 2 (Impact),0.0,55.826,56.603,0.0,54.918,0.0,40.365,33.16,0.26,26.042,56.914,55.247,52.359,-93,13.0
2026-07-25 01:30:09,Salón - Extremo Civil,13.505,Silence,0.0,14.597,Silence,0.0,0.0,0.0,0.0,0.0,0.0,0.0,0.0,0.0,0.0,14.241,13.493,12.761,-89,13.0
2026-07-25 01:30:11,Laboratorios Eléctrica Superior,12.498,Silence,0.0,15.623,Silence,0.0,0.0,0.0,0.0,0.0,0.0,0.0,0.0,0.0,0.0,16.609,11.596,10.69,-102,10.5
2026-07-25 01:30:13,Pasillo Decanato Eléctrica,20.143,Silence,0.0,21.217,Silence,0.0,0.0,0.0,0.0,0.0,0.0,0.0,0.0,0.0,0.0,21.101,20.265,19.031,-90,12.0
2026-07-25 01:30:23,Salón - Uma Eléctrica,44.135,Silence,0.0,45.29,Silence,0.0,0.0,0.0,0.0,0.0,0.0,0.0,0.0,0.0,0.0,45.213,44.156,42.962,-105,9.8
2026-07-25 01:31:14,Laboratorios Eléctrica Centro,13.733,Silence,0.0,14.604,Silence,0.0,0.0,0.0,0.0,0.0,0.0,0.0,0.0,0.0,0.0,14.377,13.741,13.094,-90,9.0
2026-07-25 01:31:27,Pasillo Salones Civil,13.94,Silence,0.0,14.535,Silence,0.0,0.0,0.0,0.0,0.0,0.0,0.0,0.0,0.0,0.0,14.403,13.976,13.595,-87,9.2
2026-07-25 01:31:50,Pasillo Decanato Civil,18.034,Silence,0.0,19.026,Silence,0.0,0.0,0.0,0.0,0.0,0.0,0.0,0.0,0.0,0.0,19.144,17.848,16.901,-105,9.0
2026-07-25 01:31:50,Salón - Extremo Eléctrica,14.777,Silence,0.0,15.6,Silence,0.0,0.0,0.0,0.0,0.0,0.0,0.0,0.0,0.0,0.0,15.794,14.9,14.119,-121,-12.5
2026-07-25 01:31:58,Lobby Eléctrica,27.993,Silence,0.0,31.287,Silence,0.0,0.0,0.0,0.0,0.0,0.0,0.0,0.0,0.0,0.0,30.063,27.106,26.589,-108,1.5
2026-07-25 01:32:19,Laboratorios Civil Superior,33.429,Silence,0.0,34.441,Silence,0.0,0.0,0.0,0.0,0.0,0.0,0.0,0.0,0.0,0.0,34.557,33.384,30.515,-99,12.5
2026-07-25 01:32:19,Pasillo Salones Eléctrica,29.039,Silence,0.0,29.69,Silence,0.0,0.0,0.0,0.0,0.0,0.0,0.0,0.0,0.0,0.0,29.833,28.96,28.6,-95,13.5
2026-07-25 01:34:22,Lobby Civil,53.148,Group 2 (Impact),94.336,62.734,Group 2 (Impact),0.0,57.614,0.0,0.0,0.0,1.416,94.336,0.0,0.342,3.76,60.21,43.431,39.567,-102,4.2
2026-07-25 01:35:09,Salón - Extremo Civil,13.538,Silence,0.0,14.231,Silence,0.0,0.0,0.0,0.0,0.0,0.0,0.0,0.0,0.0,0.0,14.456,13.224,13.042,-89,13.8
2026-07-25 01:35:11,Laboratorios Eléctrica Superior,12.08,Silence,0.0,12.692,Silence,0.0,0.0,0.0,0.0,0.0,0.0,0.0,0.0,0.0,0.0,12.608,11.881,11.514,-119,-7.8
2026-07-25 01:35:13,Pasillo Decanato Eléctrica,19.458,Silence,0.0,20.463,Silence,0.0,0.0,0.0,0.0,0.0,0.0,0.0,0.0,0.0,0.0,20.424,19.374,18.455,-113,6.8
2026-07-25 01:35:23,Salón - Uma Eléctrica,44.444,Silence,0.0,45.285,Silence,0.0,0.0,0.0,0.0,0.0,0.0,0.0,0.0,0.0,0.0,45.224,44.432,43.267,-87,12.8
2026-07-25 01:36:14,Laboratorios Eléctrica Centro,14.612,Silence,0.0,15.424,Silence,0.0,0.0,0.0,0.0,0.0,0.0,0.0,0.0,0.0,0.0,15.364,14.62,13.88,-113,1.5
2026-07-25 01:36:27,Pasillo Salones Civil,14.614,Silence,0.0,15.289,Silence,0.0,0.0,0.0,0.0,0.0,0.0,0.0,0.0,0.0,0.0,14.913,14.585,14.136,-85,10.0
2026-07-25 01:36:50,Pasillo Decanato Civil,19.978,Silence,0.0,20.937,Silence,0.0,0.0,0.0,0.0,0.0,0.0,0.0,0.0,0.0,0.0,20.889,20.074,18.818,-102,11.2
2026-07-25 01:36:50,Salón - Extremo Eléctrica,15.06,Silence,0.0,15.827,Silence,0.0,0.0,0.0,0.0,0.0,0.0,0.0,0.0,0.0,0.0,15.394,15.111,14.561,-103,11.8
2026-07-25 01:36:58,Lobby Eléctrica,31.371,Silence,0.0,32.568,Silence,0.0,0.0,0.0,0.0,0.0,0.0,0.0,0.0,0.0,0.0,32.708,31.507,29.348,-90,6.8
2026-07-25 01:37:19,Laboratorios Civil Superior,31.441,Silence,0.0,33.269,Silence,0.0,0.0,0.0,0.0,0.0,0.0,0.0,0.0,0.0,0.0,33.654,31.138,29.854,-107,8.8
2026-07-25 01:37:19,Pasillo Salones Eléctrica,29.531,Silence,0.0,30.467,Silence,0.0,0.0,0.0,0.0,0.0,0.0,0.0,0.0,0.0,0.0,30.34,29.522,28.501,-95,13.2
2026-07-25 01:39:22,Lobby Civil,60.422,Group 2 (Impact),91.504,66.072,Group 2 (Impact),0.0,60.89,0.0,0.0,0.0,0.0,91.504,7.813,0.049,0.635,67.449,57.865,45.147,-119,-12.2
2026-07-25 01:40:09,Salón - Extremo Civil,13.798,Silence,0.0,14.402,Silence,0.0,0.0,0.0,0.0,0.0,0.0,0.0,0.0,0.0,0.0,14.485,13.725,12.958,-119,-3.5
2026-07-25 01:40:11,Laboratorios Eléctrica Superior,11.874,Silence,0.0,13.009,Silence,0.0,0.0,0.0,0.0,0.0,0.0,0.0,0.0,0.0,0.0,12.884,11.646,11.138,-76,10.5
2026-07-25 01:40:13,Pasillo Decanato Eléctrica,19.497,Silence,0.0,20.229,Silence,0.0,0.0,0.0,0.0,0.0,0.0,0.0,0.0,0.0,0.0,20.241,19.436,18.982,-88,12.8
2026-07-25 01:40:23,Salón - Uma Eléctrica,43.927,Silence,0.0,44.585,Silence,0.0,0.0,0.0,0.0,0.0,0.0,0.0,0.0,0.0,0.0,44.492,43.796,43.268,-101,12.8
2026-07-25 01:41:14,Laboratorios Eléctrica Centro,13.03,Silence,0.0,14.281,Silence,0.0,0.0,0.0,0.0,0.0,0.0,0.0,0.0,0.0,0.0,14.102,13.063,12.121,-106,7.0
2026-07-25 01:41:27,Pasillo Salones Civil,13.587,Silence,0.0,14.077,Silence,0.0,0.0,0.0,0.0,0.0,0.0,0.0,0.0,0.0,0.0,14.047,13.542,13.309,-98,8.0
2026-07-25 01:41:50,Pasillo Decanato Civil,19.313,Silence,0.0,20.419,Silence,0.0,0.0,0.0,0.0,0.0,0.0,0.0,0.0,0.0,0.0,20.254,19.198,17.988,-99,9.0
2026-07-25 01:41:51,Salón - Extremo Eléctrica,14.479,Silence,0.0,14.913,Silence,0.0,0.0,0.0,0.0,0.0,0.0,0.0,0.0,0.0,0.0,14.968,14.371,14.319,-91,13.5
2026-07-25 01:41:58,Lobby Eléctrica,27.708,Silence,0.0,28.627,Silence,0.0,0.0,0.0,0.0,0.0,0.0,0.0,0.0,0.0,0.0,28.739,27.692,26.466,-109,4.8
2026-07-25 01:42:19,Laboratorios Civil Superior,33.18,Silence,0.0,34.373,Silence,0.0,0.0,0.0,0.0,0.0,0.0,0.0,0.0,0.0,0.0,34.307,33.017,31.396,-105,5.2
2026-07-25 01:42:19,Pasillo Salones Eléctrica,28.706,Silence,0.0,29.855,Silence,0.0,0.0,0.0,0.0,0.0,0.0,0.0,0.0,0.0,0.0,30.058,28.348,27.951,-95,12.2
2026-07-25 01:44:22,Lobby Civil,58.242,Mixed,66.927,61.301,Group 5 (Vehicle),57.975,0.0,0.0,0.0,57.919,30.208,1.953,0.0,0.825,66.927,62.02,56.877,52.805,-84,12.2
2026-07-25 01:45:09,Salón - Extremo Civil,13.169,Silence,0.0,13.6,Silence,0.0,0.0,0.0,0.0,0.0,0.0,0.0,0.0,0.0,0.0,13.664,13.06,12.548,-119,-7.8
2026-07-25 01:45:11,Laboratorios Eléctrica Superior,11.252,Silence,0.0,12.367,Silence,0.0,0.0,0.0,0.0,0.0,0.0,0.0,0.0,0.0,0.0,12.421,11.278,10.509,-95,11.0
2026-07-25 01:45:13,Pasillo Decanato Eléctrica,19.549,Silence,0.0,20.553,Silence,0.0,0.0,0.0,0.0,0.0,0.0,0.0,0.0,0.0,0.0,20.347,19.502,18.745,-115,4.8
2026-07-25 01:45:23,Salón - Uma Eléctrica,43.686,Silence,0.0,44.221,Silence,0.0,0.0,0.0,0.0,0.0,0.0,0.0,0.0,0.0,0.0,44.21,43.765,42.646,-103,11.5
2026-07-25 01:46:14,Laboratorios Eléctrica Centro,12.477,Silence,0.0,13.076,Silence,0.0,0.0,0.0,0.0,0.0,0.0,0.0,0.0,0.0,0.0,13.173,12.498,11.902,-112,-1.5
2026-07-25 01:46:27,Pasillo Salones Civil,15.249,Silence,0.0,15.977,Silence,0.0,0.0,0.0,0.0,0.0,0.0,0.0,0.0,0.0,0.0,16.091,15.117,14.211,-97,7.8
2026-07-25 01:46:50,Pasillo Decanato Civil,21.694,Silence,0.0,22.744,Silence,0.0,0.0,0.0,0.0,0.0,0.0,0.0,0.0,0.0,0.0,22.937,21.665,20.801,-103,9.2
2026-07-25 01:46:51,Salón - Extremo Eléctrica,14.635,Silence,0.0,15.116,Silence,0.0,0.0,0.0,0.0,0.0,0.0,0.0,0.0,0.0,0.0,15.134,14.566,14.265,-83,9.0
2026-07-25 01:46:58,Lobby Eléctrica,28.28,Silence,0.0,29.407,Silence,0.0,0.0,0.0,0.0,0.0,0.0,0.0,0.0,0.0,0.0,29.51,27.955,27.38,-91,9.5
2026-07-25 01:47:19,Laboratorios Civil Superior,31.85,Silence,0.0,33.581,Silence,0.0,0.0,0.0,0.0,0.0,0.0,0.0,0.0,0.0,0.0,33.324,31.174,30.621,-96,12.5
2026-07-25 01:47:19,Pasillo Salones Eléctrica,29.535,Silence,0.0,30.586,Silence,0.0,0.0,0.0,0.0,0.0,0.0,0.0,0.0,0.0,0.0,30.596,29.535,28.2,-90,9.0
2026-07-25 01:49:22,Lobby Civil,45.347,Mixed,54.08,52.659,Group 5 (Vehicle),46.396,0.0,0.0,0.0,48.98,39.323,3.038,3.082,0.304,54.08,50.103,44.225,40.263,-85,13.2
2026-07-25 01:50:09,Salón - Extremo Civil,13.362,Silence,0.0,14.21,Silence,0.0,0.0,0.0,0.0,0.0,0.0,0.0,0.0,0.0,0.0,14.149,13.308,12.407,-91,12.5
2026-07-25 01:50:11,Laboratorios Eléctrica Superior,11.048,Silence,0.0,11.874,Silence,0.0,0.0,0.0,0.0,0.0,0.0,0.0,0.0,0.0,0.0,11.973,11.023,9.786,-119,-9.0
2026-07-25 01:50:13,Pasillo Decanato Eléctrica,19.856,Silence,0.0,20.769,Silence,0.0,0.0,0.0,0.0,0.0,0.0,0.0,0.0,0.0,0.0,20.892,19.422,18.886,-108,-9.0
2026-07-25 01:50:23,Salón - Uma Eléctrica,44.127,Silence,0.0,45.252,Silence,0.0,0.0,0.0,0.0,0.0,0.0,0.0,0.0,0.0,0.0,45.285,44.085,43.325,-89,13.2
2026-07-25 01:51:15,Laboratorios Eléctrica Centro,28.354,Silence,0.0,32.582,Silence,0.0,0.0,0.0,0.0,0.0,0.0,0.0,0.0,0.0,0.0,33.294,28.866,13.301,-111,-1.5
2026-07-25 01:51:27,Pasillo Salones Civil,15.661,Silence,0.0,16.521,Silence,0.0,0.0,0.0,0.0,0.0,0.0,0.0,0.0,0.0,0.0,16.692,15.574,14.137,-99,8.8
2026-07-25 01:51:50,Pasillo Decanato Civil,21.61,Silence,0.0,22.94,Silence,0.0,0.0,0.0,0.0,0.0,0.0,0.0,0.0,0.0,0.0,23.229,21.583,19.672,-97,12.2
2026-07-25 01:51:51,Salón - Extremo Eléctrica,15.109,Silence,0.0,15.951,Silence,0.0,0.0,0.0,0.0,0.0,0.0,0.0,0.0,0.0,0.0,15.784,15.123,14.343,-101,11.2
2026-07-25 01:51:58,Lobby Eléctrica,29.178,Silence,0.0,30.682,Silence,0.0,0.0,0.0,0.0,0.0,0.0,0.0,0.0,0.0,0.0,30.709,28.687,28.16,-85,9.5
2026-07-25 01:52:19,Laboratorios Civil Superior,30.394,Silence,0.0,31.489,Silence,0.0,0.0,0.0,0.0,0.0,0.0,0.0,0.0,0.0,0.0,31.478,30.192,28.468,-96,12.8
2026-07-25 01:52:19,Pasillo Salones Eléctrica,29.487,Silence,0.0,30.414,Silence,0.0,0.0,0.0,0.0,0.0,0.0,0.0,0.0,0.0,0.0,30.284,29.579,28.112,-91,12.0
2026-07-25 01:54:22,Lobby Civil,53.304,Mixed,49.002,57.178,Group 5 (Vehicle),50.305,47.568,0.0,0.0,52.68,17.622,27.995,2.517,2.691,49.002,58.683,51.806,46.564,-101,8.2
2026-07-25 01:55:09,Salón - Extremo Civil,13.523,Silence,0.0,14.112,Silence,0.0,0.0,0.0,0.0,0.0,0.0,0.0,0.0,0.0,0.0,14.036,13.616,12.809,-93,10.0
2026-07-25 01:55:11,Laboratorios Eléctrica Superior,11.078,Silence,0.0,11.683,Silence,0.0,0.0,0.0,0.0,0.0,0.0,0.0,0.0,0.0,0.0,11.888,11.018,10.311,-109,8.5
2026-07-25 01:55:13,Pasillo Decanato Eléctrica,19.253,Silence,0.0,20.506,Silence,0.0,0.0,0.0,0.0,0.0,0.0,0.0,0.0,0.0,0.0,20.444,19.354,18.171,-115,5.5
2026-07-25 01:55:23,Salón - Uma Eléctrica,43.717,Silence,0.0,44.729,Silence,0.0,0.0,0.0,0.0,0.0,0.0,0.0,0.0,0.0,0.0,44.568,43.741,42.922,-113,6.2
2026-07-25 01:56:14,Laboratorios Eléctrica Centro,13.528,Silence,0.0,14.48,Silence,0.0,0.0,0.0,0.0,0.0,0.0,0.0,0.0,0.0,0.0,14.494,13.531,12.515,-97,6.5
2026-07-25 01:56:27,Pasillo Salones Civil,16.025,Silence,0.0,18.259,Silence,0.0,0.0,0.0,0.0,0.0,0.0,0.0,0.0,0.0,0.0,18.15,15.634,13.806,-99,9.0
2026-07-25 01:56:50,Pasillo Decanato Civil,20.136,Silence,0.0,21.223,Silence,0.0,0.0,0.0,0.0,0.0,0.0,0.0,0.0,0.0,0.0,21.551,19.858,19.153,-107,12.2
2026-07-25 01:56:51,Salón - Extremo Eléctrica,16.598,Silence,0.0,17.917,Silence,0.0,0.0,0.0,0.0,0.0,0.0,0.0,0.0,0.0,0.0,18.238,16.558,14.797,-97,13.0
2026-07-25 01:56:58,Lobby Eléctrica,29.536,Silence,0.0,30.396,Silence,0.0,0.0,0.0,0.0,0.0,0.0,0.0,0.0,0.0,0.0,30.164,29.524,28.666,-85,10.0
2026-07-25 01:57:19,Laboratorios Civil Superior,30.965,Silence,0.0,32.548,Silence,0.0,0.0,0.0,0.0,0.0,0.0,0.0,0.0,0.0,0.0,32.601,31.152,28.802,-109,5.8
2026-07-25 01:57:19,Pasillo Salones Eléctrica,29.588,Silence,0.0,30.687,Silence,0.0,0.0,0.0,0.0,0.0,0.0,0.0,0.0,0.0,0.0,30.777,29.439,29.14,-103,8.0
2026-07-25 01:59:22,Lobby Civil,54.921,Mixed,64.714,58.017,Group 2 (Impact),55.295,57.528,0.0,0.0,54.799,19.705,10.547,2.474,2.387,64.714,56.172,55.277,51.211,-83,11.5
2026-07-25 02:00:09,Salón - Extremo Civil,13.238,Silence,0.0,14.746,Silence,0.0,0.0,0.0,0.0,0.0,0.0,0.0,0.0,0.0,0.0,13.885,13.129,12.225,-120,-2.2
2026-07-25 02:00:18,Laboratorios Eléctrica Superior,11.43,Silence,0.0,12.368,Silence,0.0,0.0,0.0,0.0,0.0,0.0,0.0,0.0,0.0,0.0,12.486,11.54,10.508,-105,6.2
2026-07-25 02:00:23,Salón - Uma Eléctrica,44.149,Silence,0.0,45.099,Silence,0.0,0.0,0.0,0.0,0.0,0.0,0.0,0.0,0.0,0.0,44.943,43.92,43.452,-100,7.2
2026-07-25 02:01:14,Laboratorios Eléctrica Centro,14.025,Silence,0.0,14.967,Silence,0.0,0.0,0.0,0.0,0.0,0.0,0.0,0.0,0.0,0.0,14.946,13.813,12.981,-89,10.5
2026-07-25 02:01:27,Pasillo Salones Civil,15.847,Silence,0.0,17.005,Silence,0.0,0.0,0.0,0.0,0.0,0.0,0.0,0.0,0.0,0.0,17.177,15.735,14.702,-96,9.2
2026-07-25 02:01:50,Pasillo Decanato Civil,20.18,Silence,0.0,21.984,Silence,0.0,0.0,0.0,0.0,0.0,0.0,0.0,0.0,0.0,0.0,20.947,20.022,19.591,-93,13.5
2026-07-25 02:01:51,Salón - Extremo Eléctrica,15.195,Silence,0.0,16.773,Silence,0.0,0.0,0.0,0.0,0.0,0.0,0.0,0.0,0.0,0.0,16.353,15.048,14.554,-99,11.2
2026-07-25 02:01:58,Lobby Eléctrica,31.098,Silence,0.0,32.585,Silence,0.0,0.0,0.0,0.0,0.0,0.0,0.0,0.0,0.0,0.0,33.15,31.471,28.752,-89,10.0
2026-07-25 02:02:19,Laboratorios Civil Superior,30.813,Silence,0.0,32.953,Silence,0.0,0.0,0.0,0.0,0.0,0.0,0.0,0.0,0.0,0.0,32.553,31.102,28.142,-95,12.8
2026-07-25 02:02:19,Pasillo Salones Eléctrica,29.517,Silence,0.0,30.163,Silence,0.0,0.0,0.0,0.0,0.0,0.0,0.0,0.0,0.0,0.0,30.3,29.694,28.587,-87,13.5
2026-07-25 02:04:22,Lobby Civil,57.614,Mixed,37.847,61.17,Group 2 (Impact),59.26,59.855,0.0,0.0,56.014,20.616,37.37,0.391,3.646,37.847,60.739,56.712,54.907,-103,10.0
2026-07-25 02:05:09,Salón - Extremo Civil,15.033,Silence,0.0,16.221,Silence,0.0,0.0,0.0,0.0,0.0,0.0,0.0,0.0,0.0,0.0,16.485,15.081,14.252,-89,12.5
2026-07-25 02:05:11,Laboratorios Eléctrica Superior,11.652,Silence,0.0,12.419,Silence,0.0,0.0,0.0,0.0,0.0,0.0,0.0,0.0,0.0,0.0,12.611,11.625,10.806,-118,-8.8
2026-07-25 02:05:13,Pasillo Decanato Eléctrica,19.924,Silence,0.0,21.121,Silence,0.0,0.0,0.0,0.0,0.0,0.0,0.0,0.0,0.0,0.0,21.173,19.967,19.3,-90,12.2
2026-07-25 02:05:23,Salón - Uma Eléctrica,44.804,Silence,0.0,45.949,Silence,0.0,0.0,0.0,0.0,0.0,0.0,0.0,0.0,0.0,0.0,45.913,44.454,43.545,-102,10.2
2026-07-25 02:06:15,Laboratorios Eléctrica Centro,13.447,Silence,0.0,14.201,Silence,0.0,0.0,0.0,0.0,0.0,0.0,0.0,0.0,0.0,0.0,14.067,13.415,12.893,-95,9.2
2026-07-25 02:06:27,Pasillo Salones Civil,14.744,Silence,0.0,15.241,Silence,0.0,0.0,0.0,0.0,0.0,0.0,0.0,0.0,0.0,0.0,15.205,14.859,14.187,-106,8.2
2026-07-25 02:06:50,Pasillo Decanato Civil,22.13,Silence,0.0,24.362,Silence,0.0,0.0,0.0,0.0,0.0,0.0,0.0,0.0,0.0,0.0,23.023,22.274,20.602,-97,12.8
2026-07-25 02:06:51,Salón - Extremo Eléctrica,15.049,Silence,0.0,15.58,Silence,0.0,0.0,0.0,0.0,0.0,0.0,0.0,0.0,0.0,0.0,15.641,15.005,14.495,-121,-13.0
2026-07-25 02:06:58,Lobby Eléctrica,31.683,Silence,0.0,33.247,Silence,0.0,0.0,0.0,0.0,0.0,0.0,0.0,0.0,0.0,0.0,33.445,31.737,28.553,-91,9.2
2026-07-25 02:07:19,Laboratorios Civil Superior,31.516,Silence,0.0,33.823,Silence,0.0,0.0,0.0,0.0,0.0,0.0,0.0,0.0,0.0,0.0,33.505,31.136,29.389,-93,12.5
2026-07-25 02:07:19,Pasillo Salones Eléctrica,29.202,Silence,0.0,30.074,Silence,0.0,0.0,0.0,0.0,0.0,0.0,0.0,0.0,0.0,0.0,29.987,29.075,28.367,-97,12.2
2026-07-25 02:09:22,Lobby Civil,57.641,Mixed,37.934,60.789,Group 1 (Common),57.51,59.212,0.0,0.0,55.55,25.304,30.903,0.347,5.469,37.934,61.126,57.127,54.004,-120,-13.0
2026-07-25 02:10:09,Salón - Extremo Civil,13.563,Silence,0.0,14.176,Silence,0.0,0.0,0.0,0.0,0.0,0.0,0.0,0.0,0.0,0.0,14.073,13.533,12.903,-93,13.2
2026-07-25 02:10:11,Laboratorios Eléctrica Superior,12.659,Silence,0.0,14.07,Silence,0.0,0.0,0.0,0.0,0.0,0.0,0.0,0.0,0.0,0.0,14.012,12.165,11.424,-97,8.2
2026-07-25 02:10:13,Pasillo Decanato Eléctrica,19.934,Silence,0.0,21.092,Silence,0.0,0.0,0.0,0.0,0.0,0.0,0.0,0.0,0.0,0.0,20.912,19.669,19.322,-115,-12.5
2026-07-25 02:10:23,Salón - Uma Eléctrica,43.902,Silence,0.0,44.356,Silence,0.0,0.0,0.0,0.0,0.0,0.0,0.0,0.0,0.0,0.0,44.569,43.907,43.001,-107,11.8
2026-07-25 02:11:14,Laboratorios Eléctrica Centro,14.158,Silence,0.0,15.077,Silence,0.0,0.0,0.0,0.0,0.0,0.0,0.0,0.0,0.0,0.0,15.212,14.268,13.202,-97,10.0
2026-07-25 02:11:27,Pasillo Salones Civil,14.163,Silence,0.0,14.774,Silence,0.0,0.0,0.0,0.0,0.0,0.0,0.0,0.0,0.0,0.0,14.728,14.187,13.567,-100,8.8
2026-07-25 02:11:50,Pasillo Decanato Civil,17.974,Silence,0.0,18.974,Silence,0.0,0.0,0.0,0.0,0.0,0.0,0.0,0.0,0.0,0.0,18.636,18.044,17.015,-107,9.5
2026-07-25 02:11:51,Salón - Extremo Eléctrica,15.145,Silence,0.0,15.706,Silence,0.0,0.0,0.0,0.0,0.0,0.0,0.0,0.0,0.0,0.0,15.809,15.085,14.767,-119,-12.2
2026-07-25 02:11:58,Lobby Eléctrica,37.77,Silence,0.0,38.674,Silence,0.0,0.0,0.0,0.0,0.0,0.0,0.0,0.0,0.0,0.0,38.686,37.639,36.986,-83,9.8
2026-07-25 02:12:19,Laboratorios Civil Superior,30.716,Silence,0.0,32.495,Silence,0.0,0.0,0.0,0.0,0.0,0.0,0.0,0.0,0.0,0.0,32.66,30.869,27.988,-95,12.2
2026-07-25 02:12:19,Pasillo Salones Eléctrica,29.433,Silence,0.0,30.399,Silence,0.0,0.0,0.0,0.0,0.0,0.0,0.0,0.0,0.0,0.0,30.473,29.282,28.785,-101,7.2
2026-07-25 02:14:22,Lobby Civil,54.558,Group 5 (Vehicle),87.158,57.139,Group 5 (Vehicle),0.0,0.0,0.0,0.0,54.028,12.451,0.146,0.195,0.0,87.158,57.028,53.359,51.494,-101,12.5
2026-07-25 02:15:09,Salón - Extremo Civil,13.252,Silence,0.0,13.946,Silence,0.0,0.0,0.0,0.0,0.0,0.0,0.0,0.0,0.0,0.0,13.962,13.222,12.566,-119,-5.2
2026-07-25 02:15:11,Laboratorios Eléctrica Superior,12.043,Silence,0.0,12.527,Silence,0.0,0.0,0.0,0.0,0.0,0.0,0.0,0.0,0.0,0.0,12.936,12.016,11.41,-81,11.8
2026-07-25 02:15:13,Pasillo Decanato Eléctrica,19.47,Silence,0.0,19.953,Silence,0.0,0.0,0.0,0.0,0.0,0.0,0.0,0.0,0.0,0.0,20.117,19.542,19.04,-95,14.0
2026-07-25 02:15:23,Salón - Uma Eléctrica,44.111,Silence,0.0,44.812,Silence,0.0,0.0,0.0,0.0,0.0,0.0,0.0,0.0,0.0,0.0,45.044,44.106,43.238,-114,1.2
2026-07-25 02:16:14,Laboratorios Eléctrica Centro,14.681,Silence,0.0,15.687,Silence,0.0,0.0,0.0,0.0,0.0,0.0,0.0,0.0,0.0,0.0,15.332,14.944,13.851,-108,1.0
2026-07-25 02:16:27,Pasillo Salones Civil,14.003,Silence,0.0,14.75,Silence,0.0,0.0,0.0,0.0,0.0,0.0,0.0,0.0,0.0,0.0,14.707,13.85,13.68,-89,9.2
2026-07-25 02:16:50,Pasillo Decanato Civil,21.692,Silence,0.0,23.985,Silence,0.0,0.0,0.0,0.0,0.0,0.0,0.0,0.0,0.0,0.0,23.831,21.645,18.353,-105,8.8
2026-07-25 02:16:51,Salón - Extremo Eléctrica,14.449,Silence,0.0,15.205,Silence,0.0,0.0,0.0,0.0,0.0,0.0,0.0,0.0,0.0,0.0,14.983,14.382,13.714,-97,12.0
2026-07-25 02:16:58,Lobby Eléctrica,37.932,Silence,0.0,38.585,Silence,0.0,0.0,0.0,0.0,0.0,0.0,0.0,0.0,0.0,0.0,38.727,37.767,37.338,-87,11.2
2026-07-25 02:17:19,Laboratorios Civil Superior,34.012,Silence,0.0,35.927,Silence,0.0,0.0,0.0,0.0,0.0,0.0,0.0,0.0,0.0,0.0,35.621,33.883,31.882,-105,11.2
2026-07-25 02:19:22,Lobby Civil,50.909,Mixed,39.307,51.951,Group 5 (Vehicle),0.0,50.351,0.0,0.0,50.717,10.107,39.307,6.738,5.518,38.232,52.208,50.739,49.921,-87,13.5
2026-07-25 02:20:09,Salón - Extremo Civil,13.608,Silence,0.0,14.399,Silence,0.0,0.0,0.0,0.0,0.0,0.0,0.0,0.0,0.0,0.0,14.391,13.347,13.002,-114,-12.2
2026-07-25 02:20:11,Laboratorios Eléctrica Superior,15.983,Silence,0.0,16.699,Silence,0.0,0.0,0.0,0.0,0.0,0.0,0.0,0.0,0.0,0.0,16.82,16.135,15.31,-101,10.5
2026-07-25 02:20:13,Pasillo Decanato Eléctrica,20.319,Silence,0.0,21.909,Silence,0.0,0.0,0.0,0.0,0.0,0.0,0.0,0.0,0.0,0.0,21.688,20.01,19.508,-114,-7.0
2026-07-25 02:20:23,Salón - Uma Eléctrica,44.103,Silence,0.0,45.612,Silence,0.0,0.0,0.0,0.0,0.0,0.0,0.0,0.0,0.0,0.0,45.658,43.69,42.811,-103,12.0
2026-07-25 02:21:14,Laboratorios Eléctrica Centro,19.497,Silence,0.0,20.423,Silence,0.0,0.0,0.0,0.0,0.0,0.0,0.0,0.0,0.0,0.0,20.449,19.186,18.512,-117,-4.0
2026-07-25 02:21:33,Pasillo Salones Civil,13.945,Silence,0.0,14.529,Silence,0.0,0.0,0.0,0.0,0.0,0.0,0.0,0.0,0.0,0.0,14.369,13.786,13.673,-99,8.5
2026-07-25 02:21:50,Pasillo Decanato Civil,20.269,Silence,0.0,20.97,Silence,0.0,0.0,0.0,0.0,0.0,0.0,0.0,0.0,0.0,0.0,21.11,20.157,19.7,-93,9.2
2026-07-25 02:21:51,Salón - Extremo Eléctrica,15.016,Silence,0.0,15.483,Silence,0.0,0.0,0.0,0.0,0.0,0.0,0.0,0.0,0.0,0.0,15.5,14.893,14.386,-81,12.8
2026-07-25 02:21:58,Lobby Eléctrica,28.12,Silence,0.0,28.69,Silence,0.0,0.0,0.0,0.0,0.0,0.0,0.0,0.0,0.0,0.0,28.622,28.167,27.046,-84,7.8
2026-07-25 02:22:19,Laboratorios Civil Superior,32.031,Silence,0.0,34.162,Silence,0.0,0.0,0.0,0.0,0.0,0.0,0.0,0.0,0.0,0.0,34.618,31.467,29.6,-99,13.2
2026-07-25 02:22:19,Pasillo Salones Eléctrica,29.549,Silence,0.0,30.431,Silence,0.0,0.0,0.0,0.0,0.0,0.0,0.0,0.0,0.0,0.0,30.275,29.292,28.782,-82,12.8
2026-07-25 02:24:22,Lobby Civil,50.49,Group 5 (Vehicle),83.594,51.656,Group 5 (Vehicle),50.888,0.0,0.0,0.0,50.786,15.668,0.391,0.217,0.043,83.594,51.798,50.665,49.064,-105,12.0
2026-07-25 02:25:09,Salón - Extremo Civil,13.07,Silence,0.0,13.538,Silence,0.0,0.0,0.0,0.0,0.0,0.0,0.0,0.0,0.0,0.0,13.238,13.057,12.826,-119,-4.8
2026-07-25 02:25:11,Laboratorios Eléctrica Superior,17.116,Silence,0.0,17.982,Silence,0.0,0.0,0.0,0.0,0.0,0.0,0.0,0.0,0.0,0.0,18.146,17.046,16.499,-119,-7.5
2026-07-25 02:25:13,Pasillo Decanato Eléctrica,19.771,Silence,0.0,20.713,Silence,0.0,0.0,0.0,0.0,0.0,0.0,0.0,0.0,0.0,0.0,20.547,19.626,18.888,-95,12.2
2026-07-25 02:25:23,Salón - Uma Eléctrica,43.648,Silence,0.0,44.614,Silence,0.0,0.0,0.0,0.0,0.0,0.0,0.0,0.0,0.0,0.0,44.325,43.394,42.335,-109,4.5
2026-07-25 02:26:14,Laboratorios Eléctrica Centro,23.713,Silence,0.0,24.376,Silence,0.0,0.0,0.0,0.0,0.0,0.0,0.0,0.0,0.0,0.0,24.367,23.538,23.281,-91,9.2
2026-07-25 02:26:27,Pasillo Salones Civil,14.469,Silence,0.0,15.276,Silence,0.0,0.0,0.0,0.0,0.0,0.0,0.0,0.0,0.0,0.0,15.175,14.485,13.949,-97,7.8
2026-07-25 02:26:50,Pasillo Decanato Civil,19.639,Silence,0.0,20.507,Silence,0.0,0.0,0.0,0.0,0.0,0.0,0.0,0.0,0.0,0.0,20.53,19.64,19.045,-89,13.0
2026-07-25 02:26:51,Salón - Extremo Eléctrica,19.562,Silence,0.0,20.953,Silence,0.0,0.0,0.0,0.0,0.0,0.0,0.0,0.0,0.0,0.0,21.078,19.368,18.203,-79,12.8
2026-07-25 02:26:58,Lobby Eléctrica,31.155,Silence,0.0,32.525,Silence,0.0,0.0,0.0,0.0,0.0,0.0,0.0,0.0,0.0,0.0,32.685,31.599,28.571,-111,2.8
2026-07-25 02:27:19,Laboratorios Civil Superior,32.967,Silence,0.0,34.082,Silence,0.0,0.0,0.0,0.0,0.0,0.0,0.0,0.0,0.0,0.0,33.941,32.81,31.694,-95,11.2
2026-07-25 02:27:19,Pasillo Salones Eléctrica,29.656,Silence,0.0,30.451,Silence,0.0,0.0,0.0,0.0,0.0,0.0,0.0,0.0,0.0,0.0,30.277,29.549,28.885,-93,12.2
2026-07-25 02:29:22,Lobby Civil,56.442,Mixed,57.639,58.334,Group 5 (Vehicle),0.0,55.721,0.0,0.0,56.401,3.342,57.639,3.559,0.564,34.766,58.429,55.84,55.081,-103,11.5
2026-07-25 02:30:09,Salón - Extremo Civil,14.327,Silence,0.0,15.332,Silence,0.0,0.0,0.0,0.0,0.0,0.0,0.0,0.0,0.0,0.0,15.417,14.419,13.503,-81,14.0
2026-07-25 02:30:11,Laboratorios Eléctrica Superior,17.239,Silence,0.0,17.778,Silence,0.0,0.0,0.0,0.0,0.0,0.0,0.0,0.0,0.0,0.0,17.917,17.127,16.892,-119,-8.5
2026-07-25 02:30:13,Pasillo Decanato Eléctrica,19.295,Silence,0.0,19.927,Silence,0.0,0.0,0.0,0.0,0.0,0.0,0.0,0.0,0.0,0.0,20.082,19.323,18.419,-114,-3.0
2026-07-25 02:30:23,Salón - Uma Eléctrica,44.125,Silence,0.0,44.62,Silence,0.0,0.0,0.0,0.0,0.0,0.0,0.0,0.0,0.0,0.0,44.621,44.193,43.405,-91,13.0
2026-07-25 02:31:15,Laboratorios Eléctrica Centro,22.387,Silence,0.0,23.274,Silence,0.0,0.0,0.0,0.0,0.0,0.0,0.0,0.0,0.0,0.0,23.445,22.124,21.539,-99,10.5
2026-07-25 02:31:27,Pasillo Salones Civil,13.913,Silence,0.0,14.632,Silence,0.0,0.0,0.0,0.0,0.0,0.0,0.0,0.0,0.0,0.0,14.457,13.822,13.389,-101,7.2
2026-07-25 02:31:50,Pasillo Decanato Civil,20.127,Silence,0.0,20.958,Silence,0.0,0.0,0.0,0.0,0.0,0.0,0.0,0.0,0.0,0.0,21.14,19.949,19.469,-93,13.0
2026-07-25 02:31:57,Salón - Extremo Eléctrica,14.804,Silence,0.0,15.802,Silence,0.0,0.0,0.0,0.0,0.0,0.0,0.0,0.0,0.0,0.0,16.007,14.64,14.112,-81,12.2
2026-07-25 02:31:58,Lobby Eléctrica,30.07,Silence,0.0,33.905,Silence,0.0,0.0,0.0,0.0,0.0,0.0,0.0,0.0,0.0,0.0,33.031,29.511,28.418,-91,9.8
2026-07-25 02:32:19,Laboratorios Civil Superior,32.125,Silence,0.0,34.266,Silence,0.0,0.0,0.0,0.0,0.0,0.0,0.0,0.0,0.0,0.0,34.088,31.022,30.68,-113,4.2
2026-07-25 02:32:19,Pasillo Salones Eléctrica,29.254,Silence,0.0,30.122,Silence,0.0,0.0,0.0,0.0,0.0,0.0,0.0,0.0,0.0,0.0,30.125,29.177,28.408,-87,12.5
2026-07-25 02:34:22,Lobby Civil,47.406,Mixed,39.41,48.722,Group 1 (Common),47.499,47.338,0.0,0.0,47.474,39.41,19.618,0.825,1.476,38.672,48.826,47.253,45.726,-101,11.2
2026-07-25 02:35:09,Salón - Extremo Civil,13.231,Silence,0.0,13.759,Silence,0.0,0.0,0.0,0.0,0.0,0.0,0.0,0.0,0.0,0.0,13.644,13.339,12.624,-120,-2.2
2026-07-25 02:35:11,Laboratorios Eléctrica Superior,16.511,Silence,0.0,17.595,Silence,0.0,0.0,0.0,0.0,0.0,0.0,0.0,0.0,0.0,0.0,17.528,16.433,15.605,-77,10.8
2026-07-25 02:35:13,Pasillo Decanato Eléctrica,19.967,Silence,0.0,20.885,Silence,0.0,0.0,0.0,0.0,0.0,0.0,0.0,0.0,0.0,0.0,21.063,19.796,19.239,-90,13.0
2026-07-25 02:35:23,Salón - Uma Eléctrica,44.062,Silence,0.0,44.753,Silence,0.0,0.0,0.0,0.0,0.0,0.0,0.0,0.0,0.0,0.0,44.713,44.005,43.078,-96,10.5
2026-07-25 02:36:15,Laboratorios Eléctrica Centro,21.566,Silence,0.0,22.061,Silence,0.0,0.0,0.0,0.0,0.0,0.0,0.0,0.0,0.0,0.0,22.028,21.772,21.057,-109,5.2
2026-07-25 02:36:27,Pasillo Salones Civil,13.905,Silence,0.0,14.581,Silence,0.0,0.0,0.0,0.0,0.0,0.0,0.0,0.0,0.0,0.0,14.525,13.899,13.156,-102,8.2
2026-07-25 02:36:50,Pasillo Decanato Civil,19.502,Silence,0.0,20.367,Silence,0.0,0.0,0.0,0.0,0.0,0.0,0.0,0.0,0.0,0.0,20.696,19.643,18.184,-102,4.8
2026-07-25 02:36:51,Salón - Extremo Eléctrica,15.102,Silence,0.0,15.769,Silence,0.0,0.0,0.0,0.0,0.0,0.0,0.0,0.0,0.0,0.0,15.805,15.212,14.068,-87,13.5
2026-07-25 02:36:58,Lobby Eléctrica,29.5,Silence,0.0,30.57,Silence,0.0,0.0,0.0,0.0,0.0,0.0,0.0,0.0,0.0,0.0,30.539,29.538,28.271,-87,10.2
2026-07-25 02:37:19,Laboratorios Civil Superior,32.75,Silence,0.0,34.295,Silence,0.0,0.0,0.0,0.0,0.0,0.0,0.0,0.0,0.0,0.0,34.965,32.609,30.942,-99,12.8
2026-07-25 02:37:19,Pasillo Salones Eléctrica,29.455,Silence,0.0,30.305,Silence,0.0,0.0,0.0,0.0,0.0,0.0,0.0,0.0,0.0,0.0,30.154,29.381,28.898,-101,10.0
2026-07-25 02:39:22,Lobby Civil,54.565,Group 5 (Vehicle),84.635,56.286,Group 1 (Common),56.109,0.0,0.0,0.0,54.277,15.061,0.087,0.043,0.087,84.635,56.607,55.0,51.87,-101,11.2
2026-07-25 02:40:09,Salón - Extremo Civil,13.084,Silence,0.0,13.793,Silence,0.0,0.0,0.0,0.0,0.0,0.0,0.0,0.0,0.0,0.0,13.825,13.01,12.422,-118,-4.0
2026-07-25 02:40:11,Laboratorios Eléctrica Superior,11.44,Silence,0.0,12.342,Silence,0.0,0.0,0.0,0.0,0.0,0.0,0.0,0.0,0.0,0.0,12.646,11.289,10.971,-95,9.5
2026-07-25 02:40:13,Pasillo Decanato Eléctrica,19.633,Silence,0.0,20.572,Silence,0.0,0.0,0.0,0.0,0.0,0.0,0.0,0.0,0.0,0.0,20.305,19.597,18.487,-113,-2.5
2026-07-25 02:40:23,Salón - Uma Eléctrica,43.833,Silence,0.0,44.444,Silence,0.0,0.0,0.0,0.0,0.0,0.0,0.0,0.0,0.0,0.0,44.472,43.571,43.213,-111,4.0
2026-07-25 02:41:15,Laboratorios Eléctrica Centro,12.882,Silence,0.0,13.523,Silence,0.0,0.0,0.0,0.0,0.0,0.0,0.0,0.0,0.0,0.0,13.559,12.983,12.137,-107,6.5
2026-07-25 02:41:27,Pasillo Salones Civil,14.38,Silence,0.0,15.655,Silence,0.0,0.0,0.0,0.0,0.0,0.0,0.0,0.0,0.0,0.0,15.873,14.437,12.992,-102,6.2
2026-07-25 02:41:50,Pasillo Decanato Civil,20.712,Silence,0.0,21.489,Silence,0.0,0.0,0.0,0.0,0.0,0.0,0.0,0.0,0.0,0.0,21.405,20.638,20.144,-103,3.8
2026-07-25 02:41:51,Salón - Extremo Eléctrica,14.769,Silence,0.0,15.577,Silence,0.0,0.0,0.0,0.0,0.0,0.0,0.0,0.0,0.0,0.0,15.361,14.696,14.118,-81,13.2
2026-07-25 02:41:58,Lobby Eléctrica,31.349,Silence,0.0,33.048,Silence,0.0,0.0,0.0,0.0,0.0,0.0,0.0,0.0,0.0,0.0,33.234,31.239,29.983,-90,10.2
2026-07-25 02:42:24,Laboratorios Civil Superior,33.482,Silence,0.0,34.891,Silence,0.0,0.0,0.0,0.0,0.0,0.0,0.0,0.0,0.0,0.0,34.968,33.155,32.419,-97,10.2
2026-07-25 02:42:24,Pasillo Salones Eléctrica,29.722,Silence,0.0,30.397,Silence,0.0,0.0,0.0,0.0,0.0,0.0,0.0,0.0,0.0,0.0,30.538,29.522,29.267,-91,12.2
2026-07-25 02:44:22,Lobby Civil,56.693,Mixed,65.929,59.356,Group 5 (Vehicle),56.03,0.0,0.0,0.0,57.403,25.304,5.729,1.302,1.519,65.929,59.401,55.931,54.657,-97,5.2
2026-07-25 02:45:09,Salón - Extremo Civil,14.091,Silence,0.0,14.754,Silence,0.0,0.0,0.0,0.0,0.0,0.0,0.0,0.0,0.0,0.0,15.036,13.934,13.492,-78,14.0
2026-07-25 02:45:11,Laboratorios Eléctrica Superior,16.552,Silence,0.0,17.144,Silence,0.0,0.0,0.0,0.0,0.0,0.0,0.0,0.0,0.0,0.0,17.23,16.523,16.071,-119,-7.8
2026-07-25 02:45:13,Pasillo Decanato Eléctrica,20.1,Silence,0.0,20.83,Silence,0.0,0.0,0.0,0.0,0.0,0.0,0.0,0.0,0.0,0.0,20.972,20.515,18.809,-114,-1.0
2026-07-25 02:45:23,Salón - Uma Eléctrica,45.083,Group 2 (Impact),92.231,45.997,Group 1 (Common),45.913,45.209,0.0,0.0,0.0,5.469,92.231,0.0,0.781,1.519,46.481,45.026,44.311,-89,13.0
2026-07-25 02:46:14,Laboratorios Eléctrica Centro,30.487,Silence,0.0,33.388,Silence,0.0,0.0,0.0,0.0,0.0,0.0,0.0,0.0,0.0,0.0,33.29,31.166,21.976,-95,8.0
2026-07-25 02:46:27,Pasillo Salones Civil,14.203,Silence,0.0,14.823,Silence,0.0,0.0,0.0,0.0,0.0,0.0,0.0,0.0,0.0,0.0,14.864,14.217,13.452,-102,8.2
2026-07-25 02:46:50,Pasillo Decanato Civil,18.359,Silence,0.0,19.916,Silence,0.0,0.0,0.0,0.0,0.0,0.0,0.0,0.0,0.0,0.0,20.592,18.205,17.049,-99,12.2
2026-07-25 02:46:51,Salón - Extremo Eléctrica,14.594,Silence,0.0,15.205,Silence,0.0,0.0,0.0,0.0,0.0,0.0,0.0,0.0,0.0,0.0,15.44,14.723,13.908,-120,-11.8
2026-07-25 02:46:58,Lobby Eléctrica,29.749,Silence,0.0,31.605,Silence,0.0,0.0,0.0,0.0,0.0,0.0,0.0,0.0,0.0,0.0,31.974,29.672,27.964,-83,8.8
2026-07-25 02:47:19,Laboratorios Civil Superior,30.953,Silence,0.0,32.775,Silence,0.0,0.0,0.0,0.0,0.0,0.0,0.0,0.0,0.0,0.0,33.728,30.962,28.514,-114,5.8
2026-07-25 02:47:19,Pasillo Salones Eléctrica,29.57,Silence,0.0,30.295,Silence,0.0,0.0,0.0,0.0,0.0,0.0,0.0,0.0,0.0,0.0,30.332,29.497,28.864,-89,13.8
2026-07-25 02:49:22,Lobby Civil,47.397,Group 5 (Vehicle),82.292,52.219,Group 5 (Vehicle),0.0,0.0,0.0,0.0,47.387,7.769,6.12,1.823,2.04,82.292,53.676,45.483,42.855,-85,13.2
2026-07-25 02:50:09,Salón - Extremo Civil,13.764,Silence,0.0,14.368,Silence,0.0,0.0,0.0,0.0,0.0,0.0,0.0,0.0,0.0,0.0,14.53,13.871,13.063,-117,-6.0
2026-07-25 02:50:11,Laboratorios Eléctrica Superior,15.688,Silence,0.0,16.484,Silence,0.0,0.0,0.0,0.0,0.0,0.0,0.0,0.0,0.0,0.0,16.176,15.65,15.113,-77,9.8
2026-07-25 02:50:13,Pasillo Decanato Eléctrica,20.044,Silence,0.0,21.207,Silence,0.0,0.0,0.0,0.0,0.0,0.0,0.0,0.0,0.0,0.0,21.574,19.868,19.09,-90,12.5
2026-07-25 02:50:23,Salón - Uma Eléctrica,44.394,Silence,0.0,45.588,Silence,0.0,0.0,0.0,0.0,0.0,0.0,0.0,0.0,0.0,0.0,45.444,44.138,42.797,-89,12.8
2026-07-25 02:51:15,Laboratorios Eléctrica Centro,20.596,Silence,0.0,21.542,Silence,0.0,0.0,0.0,0.0,0.0,0.0,0.0,0.0,0.0,0.0,21.224,20.814,19.754,-97,10.2
2026-07-25 02:51:50,Pasillo Decanato Civil,18.678,Silence,0.0,19.965,Silence,0.0,0.0,0.0,0.0,0.0,0.0,0.0,0.0,0.0,0.0,19.382,19.079,17.188,-90,12.5
2026-07-25 02:51:51,Salón - Extremo Eléctrica,14.795,Silence,0.0,15.608,Silence,0.0,0.0,0.0,0.0,0.0,0.0,0.0,0.0,0.0,0.0,15.603,14.867,13.956,-96,10.5
2026-07-25 02:51:58,Lobby Eléctrica,34.301,Silence,0.0,37.207,Silence,0.0,0.0,0.0,0.0,0.0,0.0,0.0,0.0,0.0,0.0,37.266,34.198,30.245,-85,11.2
2026-07-25 02:52:19,Laboratorios Civil Superior,31.684,Silence,0.0,32.894,Silence,0.0,0.0,0.0,0.0,0.0,0.0,0.0,0.0,0.0,0.0,32.979,31.938,30.139,-94,10.5
2026-07-25 02:52:19,Pasillo Salones Eléctrica,28.928,Silence,0.0,29.751,Silence,0.0,0.0,0.0,0.0,0.0,0.0,0.0,0.0,0.0,0.0,29.606,29.041,28.102,-95,12.5
2026-07-25 02:54:22,Lobby Civil,49.216,Group 2 (Impact),83.545,54.462,Group 2 (Impact),0.0,47.206,0.0,0.0,0.0,4.736,83.545,1.563,2.1,8.154,55.614,46.854,43.902,-103,11.5
2026-07-25 02:55:09,Salón - Extremo Civil,13.116,Silence,0.0,13.669,Silence,0.0,0.0,0.0,0.0,0.0,0.0,0.0,0.0,0.0,0.0,13.599,13.218,12.166,-116,-6.8
2026-07-25 02:55:11,Laboratorios Eléctrica Superior,11.504,Silence,0.0,12.166,Silence,0.0,0.0,0.0,0.0,0.0,0.0,0.0,0.0,0.0,0.0,12.072,11.487,10.906,-103,8.2
2026-07-25 02:55:13,Pasillo Decanato Eléctrica,19.425,Silence,0.0,20.185,Silence,0.0,0.0,0.0,0.0,0.0,0.0,0.0,0.0,0.0,0.0,20.183,19.714,17.959,-119,-6.0
2026-07-25 02:55:23,Salón - Uma Eléctrica,43.765,Silence,0.0,44.665,Silence,0.0,0.0,0.0,0.0,0.0,0.0,0.0,0.0,0.0,0.0,44.267,43.865,42.971,-103,11.2
2026-07-25 02:56:15,Laboratorios Eléctrica Centro,13.47,Silence,0.0,14.488,Silence,0.0,0.0,0.0,0.0,0.0,0.0,0.0,0.0,0.0,0.0,14.471,13.409,12.522,-107,6.8
2026-07-25 02:56:27,Pasillo Salones Civil,14.554,Silence,0.0,15.479,Silence,0.0,0.0,0.0,0.0,0.0,0.0,0.0,0.0,0.0,0.0,15.353,14.459,13.914,-97,8.0
2026-07-25 02:56:50,Pasillo Decanato Civil,19.294,Silence,0.0,20.256,Silence,0.0,0.0,0.0,0.0,0.0,0.0,0.0,0.0,0.0,0.0,20.566,19.025,18.753,-99,12.8
2026-07-25 02:56:51,Salón - Extremo Eléctrica,14.79,Silence,0.0,15.429,Silence,0.0,0.0,0.0,0.0,0.0,0.0,0.0,0.0,0.0,0.0,15.571,14.661,14.525,-87,13.5
2026-07-25 02:56:58,Lobby Eléctrica,29.699,Silence,0.0,30.728,Silence,0.0,0.0,0.0,0.0,0.0,0.0,0.0,0.0,0.0,0.0,31.068,29.248,28.993,-109,1.8
2026-07-25 02:57:19,Laboratorios Civil Superior,31.298,Silence,0.0,32.644,Silence,0.0,0.0,0.0,0.0,0.0,0.0,0.0,0.0,0.0,0.0,32.874,31.644,28.657,-101,12.8
2026-07-25 02:57:19,Pasillo Salones Eléctrica,29.393,Silence,0.0,30.755,Silence,0.0,0.0,0.0,0.0,0.0,0.0,0.0,0.0,0.0,0.0,30.245,29.535,28.535,-91,9.5
2026-07-25 02:59:22,Lobby Civil,52.939,Group 1 (Common),79.199,56.186,Group 1 (Common),51.843,0.0,0.0,0.0,0.0,79.199,0.439,0.244,0.098,19.775,56.866,50.187,47.129,-85,12.2
2026-07-25 03:00:09,Salón - Extremo Civil,13.3,Silence,0.0,13.816,Silence,0.0,0.0,0.0,0.0,0.0,0.0,0.0,0.0,0.0,0.0,13.685,13.36,12.805,-114,-6.2
2026-07-25 03:00:11,Laboratorios Eléctrica Superior,22.633,Silence,0.0,23.619,Silence,0.0,0.0,0.0,0.0,0.0,0.0,0.0,0.0,0.0,0.0,23.494,22.536,21.871,-103,7.8
2026-07-25 03:00:13,Pasillo Decanato Eléctrica,19.765,Silence,0.0,20.446,Silence,0.0,0.0,0.0,0.0,0.0,0.0,0.0,0.0,0.0,0.0,20.594,19.755,19.086,-115,-0.5
2026-07-25 03:00:23,Salón - Uma Eléctrica,44.247,Silence,0.0,45.491,Silence,0.0,0.0,0.0,0.0,0.0,0.0,0.0,0.0,0.0,0.0,45.812,44.239,43.146,-106,2.0
2026-07-25 03:01:15,Laboratorios Eléctrica Centro,16.706,Silence,0.0,19.606,Silence,0.0,0.0,0.0,0.0,0.0,0.0,0.0,0.0,0.0,0.0,20.041,15.873,13.643,-113,3.2
2026-07-25 03:01:27,Pasillo Salones Civil,13.772,Silence,0.0,14.179,Silence,0.0,0.0,0.0,0.0,0.0,0.0,0.0,0.0,0.0,0.0,14.401,13.797,13.182,-97,9.8
2026-07-25 03:01:50,Pasillo Decanato Civil,19.189,Silence,0.0,19.817,Silence,0.0,0.0,0.0,0.0,0.0,0.0,0.0,0.0,0.0,0.0,20.157,18.987,18.277,-99,12.5
2026-07-25 03:01:51,Salón - Extremo Eléctrica,14.57,Silence,0.0,15.191,Silence,0.0,0.0,0.0,0.0,0.0,0.0,0.0,0.0,0.0,0.0,15.122,14.743,13.741,-84,11.8
2026-07-25 03:01:58,Lobby Eléctrica,35.887,Silence,0.0,43.389,Silence,0.0,0.0,0.0,0.0,0.0,0.0,0.0,0.0,0.0,0.0,40.685,33.02,31.634,-113,-1.8
2026-07-25 03:02:19,Laboratorios Civil Superior,30.636,Silence,0.0,32.913,Silence,0.0,0.0,0.0,0.0,0.0,0.0,0.0,0.0,0.0,0.0,33.178,30.312,28.945,-107,10.0
2026-07-25 03:02:19,Pasillo Salones Eléctrica,28.863,Silence,0.0,30.136,Silence,0.0,0.0,0.0,0.0,0.0,0.0,0.0,0.0,0.0,0.0,29.732,28.602,28.199,-85,12.5
2026-07-25 03:04:22,Lobby Civil,38.973,Silence,0.0,39.447,Silence,0.0,0.0,0.0,0.0,0.0,0.0,0.0,0.0,0.0,0.0,39.683,38.885,38.44,-100,10.8
2026-07-25 03:05:09,Salón - Extremo Civil,12.705,Silence,0.0,13.388,Silence,0.0,0.0,0.0,0.0,0.0,0.0,0.0,0.0,0.0,0.0,13.416,12.717,11.872,-118,-8.2
2026-07-25 03:05:11,Laboratorios Eléctrica Superior,11.267,Silence,0.0,12.226,Silence,0.0,0.0,0.0,0.0,0.0,0.0,0.0,0.0,0.0,0.0,12.262,11.152,10.663,-101,8.2
2026-07-25 03:05:13,Pasillo Decanato Eléctrica,20.039,Silence,0.0,20.772,Silence,0.0,0.0,0.0,0.0,0.0,0.0,0.0,0.0,0.0,0.0,20.783,19.982,19.277,-89,12.5
2026-07-25 03:05:23,Salón - Uma Eléctrica,43.937,Silence,0.0,44.583,Silence,0.0,0.0,0.0,0.0,0.0,0.0,0.0,0.0,0.0,0.0,44.521,43.811,43.523,-101,9.2
2026-07-25 03:06:15,Laboratorios Eléctrica Centro,20.04,Silence,0.0,21.078,Silence,0.0,0.0,0.0,0.0,0.0,0.0,0.0,0.0,0.0,0.0,21.26,19.971,19.187,-90,9.5
2026-07-25 03:06:27,Pasillo Salones Civil,13.875,Silence,0.0,14.458,Silence,0.0,0.0,0.0,0.0,0.0,0.0,0.0,0.0,0.0,0.0,14.46,14.007,13.245,-99,7.5
2026-07-25 03:06:50,Pasillo Decanato Civil,18.659,Silence,0.0,19.688,Silence,0.0,0.0,0.0,0.0,0.0,0.0,0.0,0.0,0.0,0.0,19.892,18.487,17.433,-105,10.5
2026-07-25 03:06:51,Salón - Extremo Eléctrica,15.433,Silence,0.0,15.831,Silence,0.0,0.0,0.0,0.0,0.0,0.0,0.0,0.0,0.0,0.0,15.748,15.571,14.634,-81,9.5
2026-07-25 03:06:58,Lobby Eléctrica,30.522,Silence,0.0,31.968,Silence,0.0,0.0,0.0,0.0,0.0,0.0,0.0,0.0,0.0,0.0,31.525,30.126,29.83,-90,5.8
2026-07-25 03:07:19,Laboratorios Civil Superior,33.082,Silence,0.0,34.549,Silence,0.0,0.0,0.0,0.0,0.0,0.0,0.0,0.0,0.0,0.0,34.831,32.975,31.051,-99,9.8
2026-07-25 03:07:19,Pasillo Salones Eléctrica,29.47,Silence,0.0,30.556,Silence,0.0,0.0,0.0,0.0,0.0,0.0,0.0,0.0,0.0,0.0,30.469,29.439,28.846,-87,13.8
2026-07-25 03:09:22,Lobby Civil,38.182,Silence,0.0,39.009,Silence,0.0,0.0,0.0,0.0,0.0,0.0,0.0,0.0,0.0,0.0,38.857,38.118,37.148,-89,9.5
2026-07-25 03:10:09,Salón - Extremo Civil,13.198,Silence,0.0,14.093,Silence,0.0,0.0,0.0,0.0,0.0,0.0,0.0,0.0,0.0,0.0,14.227,13.096,12.537,-89,12.5
2026-07-25 03:10:11,Laboratorios Eléctrica Superior,11.238,Silence,0.0,11.779,Silence,0.0,0.0,0.0,0.0,0.0,0.0,0.0,0.0,0.0,0.0,11.761,11.228,10.278,-75,7.0
2026-07-25 03:10:13,Pasillo Decanato Eléctrica,19.8,Silence,0.0,21.319,Silence,0.0,0.0,0.0,0.0,0.0,0.0,0.0,0.0,0.0,0.0,21.452,19.628,18.757,-114,-3.2
2026-07-25 03:10:23,Salón - Uma Eléctrica,43.14,Silence,0.0,44.114,Silence,0.0,0.0,0.0,0.0,0.0,0.0,0.0,0.0,0.0,0.0,44.066,43.11,42.186,-111,5.0
2026-07-25 03:11:15,Laboratorios Eléctrica Centro,12.995,Silence,0.0,13.511,Silence,0.0,0.0,0.0,0.0,0.0,0.0,0.0,0.0,0.0,0.0,13.394,12.958,12.602,-108,7.8
2026-07-25 03:11:27,Pasillo Salones Civil,13.445,Silence,0.0,14.194,Silence,0.0,0.0,0.0,0.0,0.0,0.0,0.0,0.0,0.0,0.0,14.188,13.273,12.987,-109,6.0
2026-07-25 03:11:50,Pasillo Decanato Civil,18.212,Silence,0.0,18.973,Silence,0.0,0.0,0.0,0.0,0.0,0.0,0.0,0.0,0.0,0.0,19.247,18.328,16.849,-90,12.0
2026-07-25 03:11:51,Salón - Extremo Eléctrica,14.604,Silence,0.0,15.249,Silence,0.0,0.0,0.0,0.0,0.0,0.0,0.0,0.0,0.0,0.0,15.01,14.659,13.958,-97,11.2
2026-07-25 03:11:58,Lobby Eléctrica,26.869,Silence,0.0,27.588,Silence,0.0,0.0,0.0,0.0,0.0,0.0,0.0,0.0,0.0,0.0,27.689,26.857,26.233,-85,10.5
2026-07-25 03:12:19,Laboratorios Civil Superior,30.921,Silence,0.0,32.561,Silence,0.0,0.0,0.0,0.0,0.0,0.0,0.0,0.0,0.0,0.0,32.452,30.561,30.226,-99,12.0
2026-07-25 03:12:19,Pasillo Salones Eléctrica,28.85,Silence,0.0,29.543,Silence,0.0,0.0,0.0,0.0,0.0,0.0,0.0,0.0,0.0,0.0,29.451,28.941,27.885,-95,11.5
2026-07-25 03:14:29,Lobby Civil,39.186,Silence,0.0,40.0,Silence,0.0,0.0,0.0,0.0,0.0,0.0,0.0,0.0,0.0,0.0,40.033,39.339,38.067,-85,14.5
2026-07-25 03:15:09,Salón - Extremo Civil,13.219,Silence,0.0,13.688,Silence,0.0,0.0,0.0,0.0,0.0,0.0,0.0,0.0,0.0,0.0,13.493,13.243,12.767,-93,9.5
2026-07-25 03:15:11,Laboratorios Eléctrica Superior,16.042,Silence,0.0,16.515,Silence,0.0,0.0,0.0,0.0,0.0,0.0,0.0,0.0,0.0,0.0,16.541,16.061,15.716,-103,9.2
2026-07-25 03:15:13,Pasillo Decanato Eléctrica,20.173,Silence,0.0,21.307,Silence,0.0,0.0,0.0,0.0,0.0,0.0,0.0,0.0,0.0,0.0,21.005,20.24,19.149,-111,-6.8
2026-07-25 03:15:23,Salón - Uma Eléctrica,43.829,Silence,0.0,44.54,Silence,0.0,0.0,0.0,0.0,0.0,0.0,0.0,0.0,0.0,0.0,44.585,43.696,43.271,-103,3.5
2026-07-25 03:16:15,Laboratorios Eléctrica Centro,14.161,Silence,0.0,15.596,Silence,0.0,0.0,0.0,0.0,0.0,0.0,0.0,0.0,0.0,0.0,15.758,13.88,13.326,-109,5.2
2026-07-25 03:16:27,Pasillo Salones Civil,13.144,Silence,0.0,13.737,Silence,0.0,0.0,0.0,0.0,0.0,0.0,0.0,0.0,0.0,0.0,13.932,13.217,12.069,-91,9.0
2026-07-25 03:16:50,Pasillo Decanato Civil,18.234,Silence,0.0,19.321,Silence,0.0,0.0,0.0,0.0,0.0,0.0,0.0,0.0,0.0,0.0,19.304,18.153,17.039,-101,12.5
2026-07-25 03:16:51,Salón - Extremo Eléctrica,14.575,Silence,0.0,15.338,Silence,0.0,0.0,0.0,0.0,0.0,0.0,0.0,0.0,0.0,0.0,15.246,14.414,14.039,-97,11.2
2026-07-25 03:16:58,Lobby Eléctrica,27.797,Silence,0.0,28.762,Silence,0.0,0.0,0.0,0.0,0.0,0.0,0.0,0.0,0.0,0.0,28.645,27.559,26.889,-108,0.2
2026-07-25 03:17:19,Laboratorios Civil Superior,31.997,Silence,0.0,33.518,Silence,0.0,0.0,0.0,0.0,0.0,0.0,0.0,0.0,0.0,0.0,33.749,31.853,30.385,-109,4.8
2026-07-25 03:17:19,Pasillo Salones Eléctrica,29.091,Silence,0.0,30.055,Silence,0.0,0.0,0.0,0.0,0.0,0.0,0.0,0.0,0.0,0.0,30.162,28.895,27.956,-102,8.5
2026-07-25 03:19:22,Lobby Civil,37.901,Silence,0.0,38.844,Silence,0.0,0.0,0.0,0.0,0.0,0.0,0.0,0.0,0.0,0.0,38.476,38.091,36.916,-99,10.5
2026-07-25 03:20:09,Salón - Extremo Civil,12.986,Silence,0.0,13.869,Silence,0.0,0.0,0.0,0.0,0.0,0.0,0.0,0.0,0.0,0.0,14.121,12.945,12.344,-119,-10.8
2026-07-25 03:20:11,Laboratorios Eléctrica Superior,18.575,Silence,0.0,19.744,Silence,0.0,0.0,0.0,0.0,0.0,0.0,0.0,0.0,0.0,0.0,19.942,19.088,14.848,-120,-8.2
2026-07-25 03:20:13,Pasillo Decanato Eléctrica,19.52,Silence,0.0,20.835,Silence,0.0,0.0,0.0,0.0,0.0,0.0,0.0,0.0,0.0,0.0,20.542,19.414,18.577,-90,12.5
2026-07-25 03:20:23,Salón - Uma Eléctrica,43.952,Silence,0.0,45.076,Silence,0.0,0.0,0.0,0.0,0.0,0.0,0.0,0.0,0.0,0.0,44.747,44.021,43.104,-111,6.0
2026-07-25 03:21:15,Laboratorios Eléctrica Centro,14.429,Silence,0.0,20.51,Silence,0.0,0.0,0.0,0.0,0.0,0.0,0.0,0.0,0.0,0.0,15.022,14.292,13.97,-115,-5.5
2026-07-25 03:21:27,Pasillo Salones Civil,13.955,Silence,0.0,14.733,Silence,0.0,0.0,0.0,0.0,0.0,0.0,0.0,0.0,0.0,0.0,14.647,13.859,13.501,-101,9.0
2026-07-25 03:21:50,Pasillo Decanato Civil,29.557,Silence,0.0,36.133,Silence,0.0,0.0,0.0,0.0,0.0,0.0,0.0,0.0,0.0,0.0,36.007,23.466,20.11,-107,12.0
2026-07-25 03:21:51,Salón - Extremo Eléctrica,16.239,Silence,0.0,16.939,Silence,0.0,0.0,0.0,0.0,0.0,0.0,0.0,0.0,0.0,0.0,17.064,16.286,15.136,-90,12.2
2026-07-25 03:21:58,Lobby Eléctrica,32.158,Silence,0.0,32.784,Silence,0.0,0.0,0.0,0.0,0.0,0.0,0.0,0.0,0.0,0.0,32.874,32.259,30.538,-83,9.5
2026-07-25 03:22:19,Laboratorios Civil Superior,32.369,Silence,0.0,33.933,Silence,0.0,0.0,0.0,0.0,0.0,0.0,0.0,0.0,0.0,0.0,33.758,32.129,31.024,-108,2.0
2026-07-25 03:22:19,Pasillo Salones Eléctrica,29.18,Silence,0.0,29.633,Silence,0.0,0.0,0.0,0.0,0.0,0.0,0.0,0.0,0.0,0.0,29.666,29.138,28.57,-93,14.2
2026-07-25 03:24:22,Lobby Civil,38.307,Silence,0.0,38.943,Silence,0.0,0.0,0.0,0.0,0.0,0.0,0.0,0.0,0.0,0.0,38.924,38.396,37.634,-87,9.2
2026-07-25 03:25:09,Salón - Extremo Civil,13.341,Silence,0.0,14.057,Silence,0.0,0.0,0.0,0.0,0.0,0.0,0.0,0.0,0.0,0.0,13.754,13.307,12.853,-114,-12.8
2026-07-25 03:25:17,Laboratorios Eléctrica Superior,11.163,Silence,0.0,11.847,Silence,0.0,0.0,0.0,0.0,0.0,0.0,0.0,0.0,0.0,0.0,11.952,11.027,10.599,-105,6.2
2026-07-25 03:25:17,Pasillo Decanato Eléctrica,19.944,Silence,0.0,20.823,Silence,0.0,0.0,0.0,0.0,0.0,0.0,0.0,0.0,0.0,0.0,20.647,19.945,19.182,-89,12.0
2026-07-25 03:25:23,Salón - Uma Eléctrica,43.583,Silence,0.0,44.361,Silence,0.0,0.0,0.0,0.0,0.0,0.0,0.0,0.0,0.0,0.0,44.526,43.417,42.873,-109,8.8
2026-07-25 03:26:15,Laboratorios Eléctrica Centro,13.166,Silence,0.0,13.804,Silence,0.0,0.0,0.0,0.0,0.0,0.0,0.0,0.0,0.0,0.0,13.745,13.164,12.521,-97,6.5
2026-07-25 03:26:27,Pasillo Salones Civil,13.618,Silence,0.0,14.157,Silence,0.0,0.0,0.0,0.0,0.0,0.0,0.0,0.0,0.0,0.0,14.315,13.716,12.902,-101,8.0
2026-07-25 03:26:50,Pasillo Decanato Civil,18.583,Silence,0.0,19.721,Silence,0.0,0.0,0.0,0.0,0.0,0.0,0.0,0.0,0.0,0.0,19.679,18.781,17.152,-97,9.2
2026-07-25 03:26:51,Salón - Extremo Eléctrica,14.579,Silence,0.0,15.192,Silence,0.0,0.0,0.0,0.0,0.0,0.0,0.0,0.0,0.0,0.0,15.066,14.614,14.028,-73,12.5
2026-07-25 03:26:58,Lobby Eléctrica,26.013,Silence,0.0,26.829,Silence,0.0,0.0,0.0,0.0,0.0,0.0,0.0,0.0,0.0,0.0,26.897,25.974,25.382,-93,8.5
2026-07-25 03:27:19,Laboratorios Civil Superior,30.981,Silence,0.0,32.793,Silence,0.0,0.0,0.0,0.0,0.0,0.0,0.0,0.0,0.0,0.0,32.177,31.015,29.482,-101,12.8
2026-07-25 03:27:19,Pasillo Salones Eléctrica,29.272,Silence,0.0,29.874,Silence,0.0,0.0,0.0,0.0,0.0,0.0,0.0,0.0,0.0,0.0,29.795,29.256,28.513,-97,12.0
2026-07-25 03:29:22,Lobby Civil,39.73,Silence,0.0,40.872,Silence,0.0,0.0,0.0,0.0,0.0,0.0,0.0,0.0,0.0,0.0,40.025,39.76,38.946,-85,13.5
2026-07-25 03:30:09,Salón - Extremo Civil,13.532,Silence,0.0,14.44,Silence,0.0,0.0,0.0,0.0,0.0,0.0,0.0,0.0,0.0,0.0,14.189,13.49,12.765,-88,12.2
2026-07-25 03:30:11,Laboratorios Eléctrica Superior,17.113,Silence,0.0,17.896,Silence,0.0,0.0,0.0,0.0,0.0,0.0,0.0,0.0,0.0,0.0,17.607,17.166,16.273,-105,8.0
2026-07-25 03:30:13,Pasillo Decanato Eléctrica,19.954,Silence,0.0,21.032,Silence,0.0,0.0,0.0,0.0,0.0,0.0,0.0,0.0,0.0,0.0,21.257,19.924,18.721,-88,12.8
2026-07-25 03:30:23,Salón - Uma Eléctrica,43.642,Silence,0.0,44.546,Silence,0.0,0.0,0.0,0.0,0.0,0.0,0.0,0.0,0.0,0.0,44.278,43.593,42.352,-111,-0.8
2026-07-25 03:31:15,Laboratorios Eléctrica Centro,21.433,Silence,0.0,22.526,Silence,0.0,0.0,0.0,0.0,0.0,0.0,0.0,0.0,0.0,0.0,22.314,21.405,20.807,-113,-0.8
2026-07-25 03:31:27,Pasillo Salones Civil,13.672,Silence,0.0,14.237,Silence,0.0,0.0,0.0,0.0,0.0,0.0,0.0,0.0,0.0,0.0,14.298,13.571,13.249,-84,9.5
2026-07-25 03:31:50,Pasillo Decanato Civil,17.443,Silence,0.0,18.183,Silence,0.0,0.0,0.0,0.0,0.0,0.0,0.0,0.0,0.0,0.0,18.003,17.475,16.868,-95,11.2
2026-07-25 03:31:51,Salón - Extremo Eléctrica,14.657,Silence,0.0,15.606,Silence,0.0,0.0,0.0,0.0,0.0,0.0,0.0,0.0,0.0,0.0,15.867,14.656,13.178,-91,12.0
2026-07-25 03:31:58,Lobby Eléctrica,28.735,Silence,0.0,29.486,Silence,0.0,0.0,0.0,0.0,0.0,0.0,0.0,0.0,0.0,0.0,29.266,28.721,28.073,-91,9.2
2026-07-25 03:32:19,Laboratorios Civil Superior,32.456,Silence,0.0,33.561,Silence,0.0,0.0,0.0,0.0,0.0,0.0,0.0,0.0,0.0,0.0,33.482,32.332,31.867,-99,12.2
2026-07-25 03:32:19,Pasillo Salones Eléctrica,29.225,Silence,0.0,30.213,Silence,0.0,0.0,0.0,0.0,0.0,0.0,0.0,0.0,0.0,0.0,29.914,29.382,28.107,-95,9.5
2026-07-25 03:34:22,Lobby Civil,37.972,Silence,0.0,38.663,Silence,0.0,0.0,0.0,0.0,0.0,0.0,0.0,0.0,0.0,0.0,38.814,38.08,37.103,-83,12.5
2026-07-25 03:35:09,Salón - Extremo Civil,13.347,Silence,0.0,14.048,Silence,0.0,0.0,0.0,0.0,0.0,0.0,0.0,0.0,0.0,0.0,14.245,13.401,12.848,-120,-4.5
2026-07-25 03:35:11,Laboratorios Eléctrica Superior,11.964,Silence,0.0,12.846,Silence,0.0,0.0,0.0,0.0,0.0,0.0,0.0,0.0,0.0,0.0,12.737,11.917,11.02,-96,8.2
2026-07-25 03:35:13,Pasillo Decanato Eléctrica,19.378,Silence,0.0,20.538,Silence,0.0,0.0,0.0,0.0,0.0,0.0,0.0,0.0,0.0,0.0,20.875,18.987,18.793,-95,13.5
2026-07-25 03:35:23,Salón - Uma Eléctrica,43.4,Silence,0.0,44.101,Silence,0.0,0.0,0.0,0.0,0.0,0.0,0.0,0.0,0.0,0.0,43.924,43.457,42.459,-101,12.2
2026-07-25 03:36:15,Laboratorios Eléctrica Centro,13.545,Silence,0.0,14.116,Silence,0.0,0.0,0.0,0.0,0.0,0.0,0.0,0.0,0.0,0.0,14.043,13.572,12.748,-105,7.0
2026-07-25 03:36:27,Pasillo Salones Civil,13.566,Silence,0.0,14.344,Silence,0.0,0.0,0.0,0.0,0.0,0.0,0.0,0.0,0.0,0.0,14.337,13.505,13.024,-95,9.2
2026-07-25 03:36:50,Pasillo Decanato Civil,17.483,Silence,0.0,19.027,Silence,0.0,0.0,0.0,0.0,0.0,0.0,0.0,0.0,0.0,0.0,18.938,17.047,16.728,-95,11.5
2026-07-25 03:36:51,Salón - Extremo Eléctrica,15.312,Silence,0.0,16.019,Silence,0.0,0.0,0.0,0.0,0.0,0.0,0.0,0.0,0.0,0.0,15.878,15.336,14.475,-101,12.0
2026-07-25 03:36:58,Lobby Eléctrica,34.344,Silence,0.0,35.666,Silence,0.0,0.0,0.0,0.0,0.0,0.0,0.0,0.0,0.0,0.0,35.537,33.776,33.475,-114,1.2
2026-07-25 03:37:19,Laboratorios Civil Superior,30.466,Silence,0.0,33.699,Silence,0.0,0.0,0.0,0.0,0.0,0.0,0.0,0.0,0.0,0.0,33.64,29.794,28.297,-107,11.2
2026-07-25 03:37:19,Pasillo Salones Eléctrica,28.937,Silence,0.0,29.736,Silence,0.0,0.0,0.0,0.0,0.0,0.0,0.0,0.0,0.0,0.0,29.642,29.107,27.844,-101,12.8
2026-07-25 03:39:22,Lobby Civil,48.735,Group 2 (Impact),86.979,55.53,Group 5 (Vehicle),0.0,42.513,0.0,0.0,54.55,0.0,86.979,0.0,0.391,12.587,56.168,40.891,39.118,-87,13.8
2026-07-25 03:40:09,Salón - Extremo Civil,13.167,Silence,0.0,13.695,Silence,0.0,0.0,0.0,0.0,0.0,0.0,0.0,0.0,0.0,0.0,13.71,13.073,12.668,-120,-7.2
2026-07-25 03:40:11,Laboratorios Eléctrica Superior,17.774,Silence,0.0,18.769,Silence,0.0,0.0,0.0,0.0,0.0,0.0,0.0,0.0,0.0,0.0,18.661,17.719,16.601,-99,9.2
2026-07-25 03:40:13,Pasillo Decanato Eléctrica,19.024,Silence,0.0,20.089,Silence,0.0,0.0,0.0,0.0,0.0,0.0,0.0,0.0,0.0,0.0,19.937,19.167,18.283,-90,12.5
2026-07-25 03:40:23,Salón - Uma Eléctrica,43.615,Silence,0.0,44.477,Silence,0.0,0.0,0.0,0.0,0.0,0.0,0.0,0.0,0.0,0.0,44.811,43.418,42.712,-96,11.8
2026-07-25 03:41:15,Laboratorios Eléctrica Centro,13.895,Silence,0.0,14.674,Silence,0.0,0.0,0.0,0.0,0.0,0.0,0.0,0.0,0.0,0.0,15.023,13.896,13.352,-97,9.8
2026-07-25 03:41:33,Pasillo Salones Civil,13.533,Silence,0.0,14.22,Silence,0.0,0.0,0.0,0.0,0.0,0.0,0.0,0.0,0.0,0.0,13.836,13.5,13.001,-99,9.2
2026-07-25 03:41:50,Pasillo Decanato Civil,18.704,Silence,0.0,19.744,Silence,0.0,0.0,0.0,0.0,0.0,0.0,0.0,0.0,0.0,0.0,19.692,18.882,17.459,-97,8.8
2026-07-25 03:41:51,Salón - Extremo Eléctrica,14.602,Silence,0.0,15.172,Silence,0.0,0.0,0.0,0.0,0.0,0.0,0.0,0.0,0.0,0.0,15.271,14.647,13.611,-81,12.8
2026-07-25 03:41:58,Lobby Eléctrica,25.794,Silence,0.0,26.552,Silence,0.0,0.0,0.0,0.0,0.0,0.0,0.0,0.0,0.0,0.0,26.692,25.823,24.308,-113,-0.8
2026-07-25 03:42:19,Laboratorios Civil Superior,31.942,Silence,0.0,33.641,Silence,0.0,0.0,0.0,0.0,0.0,0.0,0.0,0.0,0.0,0.0,33.626,31.97,30.79,-96,10.0
2026-07-25 03:42:19,Pasillo Salones Eléctrica,29.173,Silence,0.0,30.212,Silence,0.0,0.0,0.0,0.0,0.0,0.0,0.0,0.0,0.0,0.0,30.136,28.942,28.418,-85,12.8
2026-07-25 03:44:22,Lobby Civil,38.42,Silence,0.0,39.132,Silence,0.0,0.0,0.0,0.0,0.0,0.0,0.0,0.0,0.0,0.0,39.139,38.211,37.796,-95,11.8
2026-07-25 03:45:09,Salón - Extremo Civil,13.389,Silence,0.0,14.124,Silence,0.0,0.0,0.0,0.0,0.0,0.0,0.0,0.0,0.0,0.0,14.068,13.187,12.824,-118,-7.0
2026-07-25 03:45:11,Laboratorios Eléctrica Superior,11.318,Silence,0.0,12.038,Silence,0.0,0.0,0.0,0.0,0.0,0.0,0.0,0.0,0.0,0.0,11.903,11.381,10.657,-96,6.2
2026-07-25 03:45:13,Pasillo Decanato Eléctrica,19.668,Silence,0.0,20.484,Silence,0.0,0.0,0.0,0.0,0.0,0.0,0.0,0.0,0.0,0.0,20.459,19.546,18.849,-115,3.5
2026-07-25 03:45:23,Salón - Uma Eléctrica,43.768,Silence,0.0,44.812,Silence,0.0,0.0,0.0,0.0,0.0,0.0,0.0,0.0,0.0,0.0,44.766,43.444,43.084,-85,12.0
2026-07-25 03:46:15,Laboratorios Eléctrica Centro,23.773,Silence,0.0,24.46,Silence,0.0,0.0,0.0,0.0,0.0,0.0,0.0,0.0,0.0,0.0,24.51,23.733,23.123,-107,7.5
2026-07-25 03:46:27,Pasillo Salones Civil,14.115,Silence,0.0,14.795,Silence,0.0,0.0,0.0,0.0,0.0,0.0,0.0,0.0,0.0,0.0,14.567,14.127,13.599,-101,8.5
2026-07-25 03:46:50,Pasillo Decanato Civil,17.664,Silence,0.0,19.035,Silence,0.0,0.0,0.0,0.0,0.0,0.0,0.0,0.0,0.0,0.0,18.368,17.728,16.871,-107,10.5
2026-07-25 03:46:58,Salón - Extremo Eléctrica,15.004,Silence,0.0,15.846,Silence,0.0,0.0,0.0,0.0,0.0,0.0,0.0,0.0,0.0,0.0,15.842,14.888,14.479,-105,2.5
2026-07-25 03:46:58,Lobby Eléctrica,27.644,Silence,0.0,28.615,Silence,0.0,0.0,0.0,0.0,0.0,0.0,0.0,0.0,0.0,0.0,28.426,27.628,27.001,-85,9.5
2026-07-25 03:47:19,Laboratorios Civil Superior,33.908,Silence,0.0,35.091,Silence,0.0,0.0,0.0,0.0,0.0,0.0,0.0,0.0,0.0,0.0,35.518,33.73,32.013,-117,-0.8
2026-07-25 03:47:19,Pasillo Salones Eléctrica,29.958,Silence,0.0,31.128,Silence,0.0,0.0,0.0,0.0,0.0,0.0,0.0,0.0,0.0,0.0,31.391,30.148,28.094,-103,5.2
2026-07-25 03:49:22,Lobby Civil,41.324,Silence,0.0,42.31,Silence,0.0,0.0,0.0,0.0,0.0,0.0,0.0,0.0,0.0,0.0,42.467,41.252,40.303,-101,11.2
2026-07-25 03:50:09,Salón - Extremo Civil,12.849,Silence,0.0,13.686,Silence,0.0,0.0,0.0,0.0,0.0,0.0,0.0,0.0,0.0,0.0,13.456,12.647,12.249,-77,12.2
2026-07-25 03:50:11,Laboratorios Eléctrica Superior,11.384,Silence,0.0,12.108,Silence,0.0,0.0,0.0,0.0,0.0,0.0,0.0,0.0,0.0,0.0,12.072,11.251,10.802,-75,9.2
2026-07-25 03:50:13,Pasillo Decanato Eléctrica,20.46,Silence,0.0,21.477,Silence,0.0,0.0,0.0,0.0,0.0,0.0,0.0,0.0,0.0,0.0,21.264,20.172,19.411,-91,12.8
2026-07-25 03:50:23,Salón - Uma Eléctrica,43.666,Silence,0.0,44.302,Silence,0.0,0.0,0.0,0.0,0.0,0.0,0.0,0.0,0.0,0.0,44.174,43.65,43.054,-87,12.5
2026-07-25 03:51:15,Laboratorios Eléctrica Centro,12.852,Silence,0.0,13.529,Silence,0.0,0.0,0.0,0.0,0.0,0.0,0.0,0.0,0.0,0.0,13.66,12.678,12.263,-102,7.8
2026-07-25 03:51:27,Pasillo Salones Civil,13.473,Silence,0.0,14.111,Silence,0.0,0.0,0.0,0.0,0.0,0.0,0.0,0.0,0.0,0.0,14.095,13.402,12.931,-96,8.8
2026-07-25 03:51:50,Pasillo Decanato Civil,17.984,Silence,0.0,18.628,Silence,0.0,0.0,0.0,0.0,0.0,0.0,0.0,0.0,0.0,0.0,18.464,18.195,16.801,-107,9.2
2026-07-25 03:51:51,Salón - Extremo Eléctrica,14.438,Silence,0.0,15.08,Silence,0.0,0.0,0.0,0.0,0.0,0.0,0.0,0.0,0.0,0.0,14.975,14.29,13.805,-87,10.0
2026-07-25 03:51:58,Lobby Eléctrica,25.809,Silence,0.0,26.569,Silence,0.0,0.0,0.0,0.0,0.0,0.0,0.0,0.0,0.0,0.0,26.381,25.952,25.139,-115,-4.8
2026-07-25 03:52:19,Laboratorios Civil Superior,30.504,Silence,0.0,32.277,Silence,0.0,0.0,0.0,0.0,0.0,0.0,0.0,0.0,0.0,0.0,32.083,30.18,29.037,-96,12.0
2026-07-25 03:52:19,Pasillo Salones Eléctrica,29.391,Silence,0.0,30.115,Silence,0.0,0.0,0.0,0.0,0.0,0.0,0.0,0.0,0.0,0.0,30.257,29.419,28.643,-85,12.8
2026-07-25 03:54:22,Lobby Civil,39.332,Silence,0.0,40.265,Silence,0.0,0.0,0.0,0.0,0.0,0.0,0.0,0.0,0.0,0.0,40.15,39.025,38.702,-85,8.2
2026-07-25 03:55:09,Salón - Extremo Civil,13.473,Silence,0.0,13.87,Silence,0.0,0.0,0.0,0.0,0.0,0.0,0.0,0.0,0.0,0.0,13.961,13.481,12.916,-97,13.5
2026-07-25 03:55:11,Laboratorios Eléctrica Superior,17.275,Silence,0.0,18.008,Silence,0.0,0.0,0.0,0.0,0.0,0.0,0.0,0.0,0.0,0.0,18.14,17.22,16.593,-107,7.2
2026-07-25 03:55:13,Pasillo Decanato Eléctrica,19.44,Silence,0.0,20.311,Silence,0.0,0.0,0.0,0.0,0.0,0.0,0.0,0.0,0.0,0.0,20.213,19.592,18.556,-111,-1.8
2026-07-25 03:55:23,Salón - Uma Eléctrica,43.941,Silence,0.0,44.478,Silence,0.0,0.0,0.0,0.0,0.0,0.0,0.0,0.0,0.0,0.0,44.416,43.922,43.375,-101,10.5
2026-07-25 03:56:15,Laboratorios Eléctrica Centro,22.206,Silence,0.0,22.914,Silence,0.0,0.0,0.0,0.0,0.0,0.0,0.0,0.0,0.0,0.0,22.972,22.362,21.127,-95,8.2
2026-07-25 03:56:27,Pasillo Salones Civil,13.763,Silence,0.0,14.642,Silence,0.0,0.0,0.0,0.0,0.0,0.0,0.0,0.0,0.0,0.0,14.812,13.758,13.104,-96,9.0
2026-07-25 03:56:50,Pasillo Decanato Civil,17.563,Silence,0.0,18.457,Silence,0.0,0.0,0.0,0.0,0.0,0.0,0.0,0.0,0.0,0.0,18.171,17.516,16.586,-93,12.8
2026-07-25 03:56:51,Salón - Extremo Eléctrica,14.895,Silence,0.0,15.75,Silence,0.0,0.0,0.0,0.0,0.0,0.0,0.0,0.0,0.0,0.0,15.753,14.992,14.013,-101,12.0
2026-07-25 03:56:58,Lobby Eléctrica,27.271,Silence,0.0,28.18,Silence,0.0,0.0,0.0,0.0,0.0,0.0,0.0,0.0,0.0,0.0,28.026,27.179,26.694,-107,
2026-07-25 03:57:19,Laboratorios Civil Superior,31.026,Silence,0.0,32.247,Silence,0.0,0.0,0.0,0.0,0.0,0.0,0.0,0.0,0.0,0.0,31.976,30.961,28.955,-99,13.0
2026-07-25 03:57:27,Pasillo Salones Eléctrica,29.484,Silence,0.0,30.139,Silence,0.0,0.0,0.0,0.0,0.0,0.0,0.0,0.0,0.0,0.0,30.165,29.45,28.997,-95,13.8
2026-07-25 03:59:22,Lobby Civil,38.352,Silence,0.0,39.137,Silence,0.0,0.0,0.0,0.0,0.0,0.0,0.0,0.0,0.0,0.0,38.761,38.418,37.698,-91,11.5
2026-07-25 04:00:09,Salón - Extremo Civil,13.294,Silence,0.0,13.818,Silence,0.0,0.0,0.0,0.0,0.0,0.0,0.0,0.0,0.0,0.0,13.817,13.384,12.544,-120,-4.0
2026-07-25 04:00:11,Laboratorios Eléctrica Superior,12.312,Silence,0.0,12.929,Silence,0.0,0.0,0.0,0.0,0.0,0.0,0.0,0.0,0.0,0.0,12.731,12.336,11.884,-76,9.2
2026-07-25 04:00:13,Pasillo Decanato Eléctrica,19.545,Silence,0.0,20.455,Silence,0.0,0.0,0.0,0.0,0.0,0.0,0.0,0.0,0.0,0.0,20.622,19.356,18.509,-115,-2.5
2026-07-25 04:00:23,Salón - Uma Eléctrica,43.784,Silence,0.0,44.456,Silence,0.0,0.0,0.0,0.0,0.0,0.0,0.0,0.0,0.0,0.0,44.729,43.623,43.18,-93,12.8
2026-07-25 04:01:15,Laboratorios Eléctrica Centro,13.726,Silence,0.0,14.324,Silence,0.0,0.0,0.0,0.0,0.0,0.0,0.0,0.0,0.0,0.0,14.173,13.594,13.302,-97,9.2
2026-07-25 04:01:27,Pasillo Salones Civil,13.397,Silence,0.0,13.828,Silence,0.0,0.0,0.0,0.0,0.0,0.0,0.0,0.0,0.0,0.0,13.801,13.438,12.905,-84,9.2
2026-07-25 04:01:50,Pasillo Decanato Civil,17.798,Silence,0.0,19.345,Silence,0.0,0.0,0.0,0.0,0.0,0.0,0.0,0.0,0.0,0.0,19.106,17.579,16.862,-91,11.8
2026-07-25 04:01:51,Salón - Extremo Eléctrica,14.929,Silence,0.0,15.511,Silence,0.0,0.0,0.0,0.0,0.0,0.0,0.0,0.0,0.0,0.0,15.333,14.99,14.354,-79,12.5
2026-07-25 04:01:58,Lobby Eléctrica,25.728,Silence,0.0,26.495,Silence,0.0,0.0,0.0,0.0,0.0,0.0,0.0,0.0,0.0,0.0,26.721,25.978,24.556,-84,9.8
2026-07-25 04:02:19,Laboratorios Civil Superior,31.794,Silence,0.0,33.746,Silence,0.0,0.0,0.0,0.0,0.0,0.0,0.0,0.0,0.0,0.0,33.901,31.847,28.968,-99,11.0
2026-07-25 04:02:19,Pasillo Salones Eléctrica,29.637,Silence,0.0,30.38,Silence,0.0,0.0,0.0,0.0,0.0,0.0,0.0,0.0,0.0,0.0,30.205,29.596,28.846,-89,12.8
2026-07-25 04:04:22,Lobby Civil,38.435,Silence,0.0,39.136,Silence,0.0,0.0,0.0,0.0,0.0,0.0,0.0,0.0,0.0,0.0,39.128,38.302,37.692,-89,13.8
2026-07-25 04:05:09,Salón - Extremo Civil,13.319,Silence,0.0,13.791,Silence,0.0,0.0,0.0,0.0,0.0,0.0,0.0,0.0,0.0,0.0,13.887,13.227,12.63,-120,-6.8
2026-07-25 04:05:11,Laboratorios Eléctrica Superior,17.428,Silence,0.0,18.241,Silence,0.0,0.0,0.0,0.0,0.0,0.0,0.0,0.0,0.0,0.0,18.109,17.492,16.445,-97,9.0
2026-07-25 04:05:13,Pasillo Decanato Eléctrica,19.676,Silence,0.0,20.46,Silence,0.0,0.0,0.0,0.0,0.0,0.0,0.0,0.0,0.0,0.0,20.655,19.482,19.031,-113,-4.8
2026-07-25 04:05:23,Salón - Uma Eléctrica,43.72,Silence,0.0,45.515,Silence,0.0,0.0,0.0,0.0,0.0,0.0,0.0,0.0,0.0,0.0,44.128,43.852,42.933,-109,2.2
2026-07-25 04:06:15,Laboratorios Eléctrica Centro,21.523,Silence,0.0,22.316,Silence,0.0,0.0,0.0,0.0,0.0,0.0,0.0,0.0,0.0,0.0,22.455,21.314,20.462,-87,9.8
2026-07-25 04:06:27,Pasillo Salones Civil,13.557,Silence,0.0,14.167,Silence,0.0,0.0,0.0,0.0,0.0,0.0,0.0,0.0,0.0,0.0,14.384,13.432,13.105,-85,10.2
2026-07-25 04:06:50,Pasillo Decanato Civil,18.067,Silence,0.0,18.937,Silence,0.0,0.0,0.0,0.0,0.0,0.0,0.0,0.0,0.0,0.0,18.809,18.254,17.09,-89,12.0
2026-07-25 04:06:51,Salón - Extremo Eléctrica,14.797,Silence,0.0,15.511,Silence,0.0,0.0,0.0,0.0,0.0,0.0,0.0,0.0,0.0,0.0,15.723,14.869,13.401,-89,12.8
2026-07-25 04:06:58,Lobby Eléctrica,27.101,Silence,0.0,28.166,Silence,0.0,0.0,0.0,0.0,0.0,0.0,0.0,0.0,0.0,0.0,27.765,27.202,25.783,-82,9.0
2026-07-25 04:07:19,Laboratorios Civil Superior,32.027,Silence,0.0,33.332,Silence,0.0,0.0,0.0,0.0,0.0,0.0,0.0,0.0,0.0,0.0,33.13,32.144,30.027,-111,8.2
2026-07-25 04:07:19,Pasillo Salones Eléctrica,28.846,Silence,0.0,29.564,Silence,0.0,0.0,0.0,0.0,0.0,0.0,0.0,0.0,0.0,0.0,29.877,28.747,28.391,-107,5.8
2026-07-25 04:09:22,Lobby Civil,37.714,Silence,0.0,38.42,Silence,0.0,0.0,0.0,0.0,0.0,0.0,0.0,0.0,0.0,0.0,38.673,37.705,36.993,-101,12.5
2026-07-25 04:10:09,Salón - Extremo Civil,12.937,Silence,0.0,13.397,Silence,0.0,0.0,0.0,0.0,0.0,0.0,0.0,0.0,0.0,0.0,13.435,12.843,12.427,-119,-8.5
2026-07-25 04:10:11,Laboratorios Eléctrica Superior,11.188,Silence,0.0,11.918,Silence,0.0,0.0,0.0,0.0,0.0,0.0,0.0,0.0,0.0,0.0,12.046,11.154,10.796,-75,8.8
2026-07-25 04:10:13,Pasillo Decanato Eléctrica,19.492,Silence,0.0,20.773,Silence,0.0,0.0,0.0,0.0,0.0,0.0,0.0,0.0,0.0,0.0,20.758,19.433,18.469,-114,-1.5
2026-07-25 04:10:23,Salón - Uma Eléctrica,44.246,Silence,0.0,44.798,Silence,0.0,0.0,0.0,0.0,0.0,0.0,0.0,0.0,0.0,0.0,44.787,44.289,43.087,-103,11.2
2026-07-25 04:11:15,Laboratorios Eléctrica Centro,13.465,Silence,0.0,14.275,Silence,0.0,0.0,0.0,0.0,0.0,0.0,0.0,0.0,0.0,0.0,14.072,13.426,12.792,-114,1.5
2026-07-25 04:11:27,Pasillo Salones Civil,13.381,Silence,0.0,14.068,Silence,0.0,0.0,0.0,0.0,0.0,0.0,0.0,0.0,0.0,0.0,14.167,13.424,12.728,-95,7.0
2026-07-25 04:11:50,Pasillo Decanato Civil,17.93,Silence,0.0,18.92,Silence,0.0,0.0,0.0,0.0,0.0,0.0,0.0,0.0,0.0,0.0,18.932,17.908,16.997,-88,12.5
2026-07-25 04:11:51,Salón - Extremo Eléctrica,14.598,Silence,0.0,15.391,Silence,0.0,0.0,0.0,0.0,0.0,0.0,0.0,0.0,0.0,0.0,15.296,14.578,13.887,-89,13.0
2026-07-25 04:11:58,Lobby Eléctrica,27.18,Silence,0.0,28.076,Silence,0.0,0.0,0.0,0.0,0.0,0.0,0.0,0.0,0.0,0.0,27.956,27.119,26.1,-83,9.0
2026-07-25 04:12:19,Laboratorios Civil Superior,34.431,Silence,0.0,35.882,Silence,0.0,0.0,0.0,0.0,0.0,0.0,0.0,0.0,0.0,0.0,36.319,33.947,32.469,-91,12.0
2026-07-25 04:12:20,Pasillo Salones Eléctrica,29.211,Silence,0.0,30.101,Silence,0.0,0.0,0.0,0.0,0.0,0.0,0.0,0.0,0.0,0.0,29.918,29.124,28.33,-107,9.8
2026-07-25 04:14:22,Lobby Civil,38.681,Silence,0.0,39.246,Silence,0.0,0.0,0.0,0.0,0.0,0.0,0.0,0.0,0.0,0.0,39.184,38.8,37.834,-101,10.0
2026-07-25 04:15:09,Salón - Extremo Civil,13.231,Silence,0.0,13.948,Silence,0.0,0.0,0.0,0.0,0.0,0.0,0.0,0.0,0.0,0.0,14.021,13.045,12.616,-90,11.5
2026-07-25 04:15:11,Laboratorios Eléctrica Superior,11.196,Silence,0.0,12.251,Silence,0.0,0.0,0.0,0.0,0.0,0.0,0.0,0.0,0.0,0.0,12.283,10.957,10.331,-91,9.0
2026-07-25 04:15:13,Pasillo Decanato Eléctrica,19.596,Silence,0.0,20.682,Silence,0.0,0.0,0.0,0.0,0.0,0.0,0.0,0.0,0.0,0.0,20.74,19.421,18.753,-89,12.5
2026-07-25 04:15:23,Salón - Uma Eléctrica,43.905,Silence,0.0,45.022,Silence,0.0,0.0,0.0,0.0,0.0,0.0,0.0,0.0,0.0,0.0,44.956,43.778,43.292,-87,13.0
2026-07-25 04:16:15,Laboratorios Eléctrica Centro,13.471,Silence,0.0,14.254,Silence,0.0,0.0,0.0,0.0,0.0,0.0,0.0,0.0,0.0,0.0,14.095,13.489,12.613,-97,11.0
2026-07-25 04:16:27,Pasillo Salones Civil,13.684,Silence,0.0,14.379,Silence,0.0,0.0,0.0,0.0,0.0,0.0,0.0,0.0,0.0,0.0,14.525,13.795,13.001,-113,4.0
2026-07-25 04:16:50,Pasillo Decanato Civil,19.251,Silence,0.0,20.062,Silence,0.0,0.0,0.0,0.0,0.0,0.0,0.0,0.0,0.0,0.0,20.051,19.247,18.289,-97,11.5
2026-07-25 04:16:51,Salón - Extremo Eléctrica,14.902,Silence,0.0,15.744,Silence,0.0,0.0,0.0,0.0,0.0,0.0,0.0,0.0,0.0,0.0,15.881,14.664,14.285,-77,13.2
2026-07-25 04:16:58,Lobby Eléctrica,28.36,Silence,0.0,29.076,Silence,0.0,0.0,0.0,0.0,0.0,0.0,0.0,0.0,0.0,0.0,28.771,28.36,27.731,-90,9.2
2026-07-25 04:17:19,Laboratorios Civil Superior,31.042,Silence,0.0,33.348,Silence,0.0,0.0,0.0,0.0,0.0,0.0,0.0,0.0,0.0,0.0,33.43,30.124,28.762,-94,11.2
2026-07-25 04:17:20,Pasillo Salones Eléctrica,28.906,Silence,0.0,29.712,Silence,0.0,0.0,0.0,0.0,0.0,0.0,0.0,0.0,0.0,0.0,29.715,28.931,28.086,-89,9.2
2026-07-25 04:19:30,Lobby Civil,39.608,Silence,0.0,40.292,Silence,0.0,0.0,0.0,0.0,0.0,0.0,0.0,0.0,0.0,0.0,40.527,39.496,38.837,-99,8.5
2026-07-25 04:20:09,Salón - Extremo Civil,13.275,Silence,0.0,13.91,Silence,0.0,0.0,0.0,0.0,0.0,0.0,0.0,0.0,0.0,0.0,13.778,13.278,12.403,-91,12.8
2026-07-25 04:20:11,Laboratorios Eléctrica Superior,11.829,Silence,0.0,12.631,Silence,0.0,0.0,0.0,0.0,0.0,0.0,0.0,0.0,0.0,0.0,12.756,11.666,11.091,-98,6.5
2026-07-25 04:20:13,Pasillo Decanato Eléctrica,19.81,Silence,0.0,20.564,Silence,0.0,0.0,0.0,0.0,0.0,0.0,0.0,0.0,0.0,0.0,20.538,19.633,19.263,-117,-6.0
2026-07-25 04:20:23,Salón - Uma Eléctrica,43.51,Silence,0.0,44.662,Silence,0.0,0.0,0.0,0.0,0.0,0.0,0.0,0.0,0.0,0.0,44.859,43.288,42.555,-109,5.8
2026-07-25 04:21:15,Laboratorios Eléctrica Centro,23.04,Silence,0.0,23.602,Silence,0.0,0.0,0.0,0.0,0.0,0.0,0.0,0.0,0.0,0.0,23.429,23.003,22.764,-105,7.5
2026-07-25 04:21:27,Pasillo Salones Civil,13.529,Silence,0.0,14.131,Silence,0.0,0.0,0.0,0.0,0.0,0.0,0.0,0.0,0.0,0.0,14.422,13.355,12.988,-88,9.5
2026-07-25 04:21:50,Pasillo Decanato Civil,18.236,Silence,0.0,19.046,Silence,0.0,0.0,0.0,0.0,0.0,0.0,0.0,0.0,0.0,0.0,19.024,18.125,17.394,-108,5.8
2026-07-25 04:21:51,Salón - Extremo Eléctrica,14.215,Silence,0.0,14.86,Silence,0.0,0.0,0.0,0.0,0.0,0.0,0.0,0.0,0.0,0.0,14.929,14.199,12.991,-91,13.2
2026-07-25 04:21:58,Lobby Eléctrica,27.074,Silence,0.0,27.87,Silence,0.0,0.0,0.0,0.0,0.0,0.0,0.0,0.0,0.0,0.0,28.275,26.829,26.152,-91,10.2
2026-07-25 04:22:19,Laboratorios Civil Superior,33.798,Silence,0.0,36.029,Silence,0.0,0.0,0.0,0.0,0.0,0.0,0.0,0.0,0.0,0.0,35.606,33.744,30.666,-99,11.8
2026-07-25 04:22:20,Pasillo Salones Eléctrica,28.92,Silence,0.0,29.864,Silence,0.0,0.0,0.0,0.0,0.0,0.0,0.0,0.0,0.0,0.0,30.039,28.855,27.541,-95,13.0
2026-07-25 04:24:22,Lobby Civil,37.312,Silence,0.0,38.059,Silence,0.0,0.0,0.0,0.0,0.0,0.0,0.0,0.0,0.0,0.0,37.644,37.194,36.882,-99,12.5
2026-07-25 04:25:09,Salón - Extremo Civil,12.668,Silence,0.0,13.327,Silence,0.0,0.0,0.0,0.0,0.0,0.0,0.0,0.0,0.0,0.0,13.399,12.499,12.273,-118,-9.2
2026-07-25 04:25:18,Laboratorios Eléctrica Superior,11.328,Silence,0.0,12.174,Silence,0.0,0.0,0.0,0.0,0.0,0.0,0.0,0.0,0.0,0.0,12.359,11.249,10.383,-119,-7.5
2026-07-25 04:25:18,Pasillo Decanato Eléctrica,19.778,Silence,0.0,20.28,Silence,0.0,0.0,0.0,0.0,0.0,0.0,0.0,0.0,0.0,0.0,20.244,19.764,19.323,-114,-4.8
2026-07-25 04:25:23,Salón - Uma Eléctrica,43.138,Silence,0.0,43.855,Silence,0.0,0.0,0.0,0.0,0.0,0.0,0.0,0.0,0.0,0.0,43.705,43.065,42.581,-89,13.2
2026-07-25 04:26:15,Laboratorios Eléctrica Centro,14.201,Silence,0.0,14.907,Silence,0.0,0.0,0.0,0.0,0.0,0.0,0.0,0.0,0.0,0.0,15.317,14.122,13.53,-114,0.8
2026-07-25 04:26:27,Pasillo Salones Civil,15.575,Silence,0.0,16.928,Silence,0.0,0.0,0.0,0.0,0.0,0.0,0.0,0.0,0.0,0.0,16.634,15.619,14.635,-97,7.0
2026-07-25 04:26:50,Pasillo Decanato Civil,18.024,Silence,0.0,19.466,Silence,0.0,0.0,0.0,0.0,0.0,0.0,0.0,0.0,0.0,0.0,19.548,17.725,17.428,-91,13.2
2026-07-25 04:26:51,Salón - Extremo Eléctrica,15.064,Silence,0.0,15.611,Silence,0.0,0.0,0.0,0.0,0.0,0.0,0.0,0.0,0.0,0.0,15.529,15.091,14.313,-79,12.8
2026-07-25 04:26:58,Lobby Eléctrica,27.472,Silence,0.0,28.141,Silence,0.0,0.0,0.0,0.0,0.0,0.0,0.0,0.0,0.0,0.0,28.35,27.151,26.669,-93,11.0
2026-07-25 04:27:19,Laboratorios Civil Superior,29.745,Silence,0.0,31.59,Silence,0.0,0.0,0.0,0.0,0.0,0.0,0.0,0.0,0.0,0.0,32.025,29.244,27.594,-99,13.0
2026-07-25 04:27:19,Pasillo Salones Eléctrica,29.856,Silence,0.0,30.745,Silence,0.0,0.0,0.0,0.0,0.0,0.0,0.0,0.0,0.0,0.0,30.62,30.008,29.095,-107,9.2
2026-07-25 04:29:22,Lobby Civil,38.248,Silence,0.0,38.823,Silence,0.0,0.0,0.0,0.0,0.0,0.0,0.0,0.0,0.0,0.0,38.984,38.212,37.65,-87,13.0
2026-07-25 04:30:09,Salón - Extremo Civil,13.496,Silence,0.0,13.978,Silence,0.0,0.0,0.0,0.0,0.0,0.0,0.0,0.0,0.0,0.0,13.913,13.36,12.985,-93,12.5
2026-07-25 04:30:11,Laboratorios Eléctrica Superior,18.443,Silence,0.0,19.515,Silence,0.0,0.0,0.0,0.0,0.0,0.0,0.0,0.0,0.0,0.0,19.23,18.279,17.914,-99,8.5
2026-07-25 04:30:13,Pasillo Decanato Eléctrica,19.955,Silence,0.0,20.775,Silence,0.0,0.0,0.0,0.0,0.0,0.0,0.0,0.0,0.0,0.0,20.553,19.693,18.745,-90,12.5
2026-07-25 04:30:23,Salón - Uma Eléctrica,43.935,Silence,0.0,45.098,Silence,0.0,0.0,0.0,0.0,0.0,0.0,0.0,0.0,0.0,0.0,45.015,43.612,43.055,-105,11.2
2026-07-25 04:31:15,Laboratorios Eléctrica Centro,23.676,Silence,0.0,24.266,Silence,0.0,0.0,0.0,0.0,0.0,0.0,0.0,0.0,0.0,0.0,24.175,23.637,23.064,-114,-7.8
2026-07-25 04:31:27,Pasillo Salones Civil,13.242,Silence,0.0,13.896,Silence,0.0,0.0,0.0,0.0,0.0,0.0,0.0,0.0,0.0,0.0,14.251,13.07,12.306,-103,8.5
2026-07-25 04:31:50,Pasillo Decanato Civil,17.731,Silence,0.0,18.625,Silence,0.0,0.0,0.0,0.0,0.0,0.0,0.0,0.0,0.0,0.0,18.527,17.467,16.866,-102,10.0
2026-07-25 04:31:51,Salón - Extremo Eléctrica,14.898,Silence,0.0,15.466,Silence,0.0,0.0,0.0,0.0,0.0,0.0,0.0,0.0,0.0,0.0,15.491,14.837,14.287,-93,12.5
2026-07-25 04:31:58,Lobby Eléctrica,26.933,Silence,0.0,28.074,Silence,0.0,0.0,0.0,0.0,0.0,0.0,0.0,0.0,0.0,0.0,28.205,27.004,25.902,-91,7.5
2026-07-25 04:32:19,Laboratorios Civil Superior,32.696,Silence,0.0,34.513,Silence,0.0,0.0,0.0,0.0,0.0,0.0,0.0,0.0,0.0,0.0,34.172,32.568,30.85,-109,8.0
2026-07-25 04:32:20,Pasillo Salones Eléctrica,29.143,Silence,0.0,29.906,Silence,0.0,0.0,0.0,0.0,0.0,0.0,0.0,0.0,0.0,0.0,29.578,29.07,28.746,-95,11.8
2026-07-25 04:34:22,Lobby Civil,37.579,Silence,0.0,38.157,Silence,0.0,0.0,0.0,0.0,0.0,0.0,0.0,0.0,0.0,0.0,38.182,37.905,36.464,-89,9.0
2026-07-25 04:35:09,Salón - Extremo Civil,13.343,Silence,0.0,13.976,Silence,0.0,0.0,0.0,0.0,0.0,0.0,0.0,0.0,0.0,0.0,13.736,13.415,12.88,-115,-9.0
2026-07-25 04:35:11,Laboratorios Eléctrica Superior,11.339,Silence,0.0,12.031,Silence,0.0,0.0,0.0,0.0,0.0,0.0,0.0,0.0,0.0,0.0,11.995,11.437,10.872,-116,-8.8
2026-07-25 04:35:13,Pasillo Decanato Eléctrica,19.457,Silence,0.0,20.597,Silence,0.0,0.0,0.0,0.0,0.0,0.0,0.0,0.0,0.0,0.0,20.893,19.262,18.639,-90,13.2
2026-07-25 04:35:23,Salón - Uma Eléctrica,43.94,Silence,0.0,44.309,Silence,0.0,0.0,0.0,0.0,0.0,0.0,0.0,0.0,0.0,0.0,44.286,43.913,43.667,-103,11.0
2026-07-25 04:36:19,Laboratorios Eléctrica Centro,14.479,Silence,0.0,15.336,Silence,0.0,0.0,0.0,0.0,0.0,0.0,0.0,0.0,0.0,0.0,15.498,14.445,13.729,-94,8.0
2026-07-25 04:36:27,Pasillo Salones Civil,13.689,Silence,0.0,14.459,Silence,0.0,0.0,0.0,0.0,0.0,0.0,0.0,0.0,0.0,0.0,14.348,13.658,12.967,-105,7.8
2026-07-25 04:36:50,Pasillo Decanato Civil,17.543,Silence,0.0,18.574,Silence,0.0,0.0,0.0,0.0,0.0,0.0,0.0,0.0,0.0,0.0,18.618,17.503,16.38,-94,10.8
2026-07-25 04:36:51,Salón - Extremo Eléctrica,14.916,Silence,0.0,15.508,Silence,0.0,0.0,0.0,0.0,0.0,0.0,0.0,0.0,0.0,0.0,15.438,14.982,14.013,-79,10.2
2026-07-25 04:36:58,Lobby Eléctrica,27.956,Silence,0.0,29.09,Silence,0.0,0.0,0.0,0.0,0.0,0.0,0.0,0.0,0.0,0.0,28.833,28.066,27.03,-114,-2.2
2026-07-25 04:37:19,Laboratorios Civil Superior,31.943,Silence,0.0,32.907,Silence,0.0,0.0,0.0,0.0,0.0,0.0,0.0,0.0,0.0,0.0,33.579,31.433,30.041,-97,11.5
2026-07-25 04:37:20,Pasillo Salones Eléctrica,29.35,Silence,0.0,30.177,Silence,0.0,0.0,0.0,0.0,0.0,0.0,0.0,0.0,0.0,0.0,30.628,29.012,28.702,-89,11.2
2026-07-25 04:39:22,Lobby Civil,40.295,Silence,0.0,40.963,Silence,0.0,0.0,0.0,0.0,0.0,0.0,0.0,0.0,0.0,0.0,40.894,40.353,39.806,-85,11.5
2026-07-25 04:40:09,Salón - Extremo Civil,13.492,Silence,0.0,13.966,Silence,0.0,0.0,0.0,0.0,0.0,0.0,0.0,0.0,0.0,0.0,13.997,13.448,12.832,-121,-3.2
2026-07-25 04:40:11,Laboratorios Eléctrica Superior,17.688,Silence,0.0,18.323,Silence,0.0,0.0,0.0,0.0,0.0,0.0,0.0,0.0,0.0,0.0,18.496,17.947,16.485,-77,8.5
2026-07-25 04:40:13,Pasillo Decanato Eléctrica,19.687,Silence,0.0,20.604,Silence,0.0,0.0,0.0,0.0,0.0,0.0,0.0,0.0,0.0,0.0,20.302,19.7,18.922,-113,3.5
2026-07-25 04:40:23,Salón - Uma Eléctrica,43.424,Silence,0.0,44.464,Silence,0.0,0.0,0.0,0.0,0.0,0.0,0.0,0.0,0.0,0.0,44.413,43.397,42.777,-108,4.0
2026-07-25 04:41:15,Laboratorios Eléctrica Centro,14.918,Silence,0.0,15.506,Silence,0.0,0.0,0.0,0.0,0.0,0.0,0.0,0.0,0.0,0.0,15.424,15.044,14.338,-95,9.2
2026-07-25 04:41:31,Pasillo Salones Civil,13.593,Silence,0.0,14.088,Silence,0.0,0.0,0.0,0.0,0.0,0.0,0.0,0.0,0.0,0.0,13.971,13.569,13.202,-84,10.2
2026-07-25 04:41:50,Pasillo Decanato Civil,18.589,Silence,0.0,19.49,Silence,0.0,0.0,0.0,0.0,0.0,0.0,0.0,0.0,0.0,0.0,19.761,18.705,17.389,-91,13.5
2026-07-25 04:41:51,Salón - Extremo Eléctrica,14.637,Silence,0.0,15.145,Silence,0.0,0.0,0.0,0.0,0.0,0.0,0.0,0.0,0.0,0.0,15.012,14.772,14.197,-78,13.2
2026-07-25 04:41:58,Lobby Eléctrica,37.652,Silence,0.0,38.422,Silence,0.0,0.0,0.0,0.0,0.0,0.0,0.0,0.0,0.0,0.0,38.534,37.581,37.121,-85,9.5
2026-07-25 04:42:19,Laboratorios Civil Superior,31.322,Silence,0.0,32.453,Silence,0.0,0.0,0.0,0.0,0.0,0.0,0.0,0.0,0.0,0.0,32.52,31.227,30.395,-99,11.8
2026-07-25 04:42:20,Pasillo Salones Eléctrica,29.233,Silence,0.0,29.951,Silence,0.0,0.0,0.0,0.0,0.0,0.0,0.0,0.0,0.0,0.0,30.164,29.073,28.805,-87,12.5
2026-07-25 04:44:22,Lobby Civil,38.975,Silence,0.0,39.797,Silence,0.0,0.0,0.0,0.0,0.0,0.0,0.0,0.0,0.0,0.0,40.358,38.718,37.611,-93,13.2
2026-07-25 04:45:09,Salón - Extremo Civil,12.851,Silence,0.0,13.356,Silence,0.0,0.0,0.0,0.0,0.0,0.0,0.0,0.0,0.0,0.0,13.446,12.922,12.527,-114,-12.8
2026-07-25 04:45:11,Laboratorios Eléctrica Superior,11.384,Silence,0.0,12.001,Silence,0.0,0.0,0.0,0.0,0.0,0.0,0.0,0.0,0.0,0.0,11.861,11.199,10.927,-96,9.8
2026-07-25 04:45:13,Pasillo Decanato Eléctrica,19.491,Silence,0.0,20.555,Silence,0.0,0.0,0.0,0.0,0.0,0.0,0.0,0.0,0.0,0.0,20.235,19.497,18.447,-93,13.8
2026-07-25 04:45:23,Salón - Uma Eléctrica,43.057,Silence,0.0,43.961,Silence,0.0,0.0,0.0,0.0,0.0,0.0,0.0,0.0,0.0,0.0,44.197,43.24,41.775,-100,11.5
2026-07-25 04:46:15,Laboratorios Eléctrica Centro,20.413,Silence,0.0,38.989,Silence,0.0,0.0,0.0,0.0,0.0,0.0,0.0,0.0,0.0,0.0,33.155,13.572,11.584,-113,3.8
2026-07-25 04:46:27,Pasillo Salones Civil,13.74,Silence,0.0,14.199,Silence,0.0,0.0,0.0,0.0,0.0,0.0,0.0,0.0,0.0,0.0,14.382,13.767,12.884,-99,7.5
2026-07-25 04:46:50,Pasillo Decanato Civil,18.842,Silence,0.0,20.041,Silence,0.0,0.0,0.0,0.0,0.0,0.0,0.0,0.0,0.0,0.0,20.155,18.673,17.637,-105,11.0
2026-07-25 04:46:51,Salón - Extremo Eléctrica,14.789,Silence,0.0,15.545,Silence,0.0,0.0,0.0,0.0,0.0,0.0,0.0,0.0,0.0,0.0,15.406,14.763,14.061,-96,11.0
2026-07-25 04:46:58,Lobby Eléctrica,27.36,Silence,0.0,28.834,Silence,0.0,0.0,0.0,0.0,0.0,0.0,0.0,0.0,0.0,0.0,28.629,27.312,26.338,-89,8.5
2026-07-25 04:47:19,Laboratorios Civil Superior,32.005,Silence,0.0,33.775,Silence,0.0,0.0,0.0,0.0,0.0,0.0,0.0,0.0,0.0,0.0,34.145,32.104,29.834,-101,6.0
2026-07-25 04:47:20,Pasillo Salones Eléctrica,29.512,Silence,0.0,30.597,Silence,0.0,0.0,0.0,0.0,0.0,0.0,0.0,0.0,0.0,0.0,30.589,29.724,27.996,-107,7.8
2026-07-25 04:49:22,Lobby Civil,39.987,Silence,0.0,40.752,Silence,0.0,0.0,0.0,0.0,0.0,0.0,0.0,0.0,0.0,0.0,40.73,39.884,39.444,-85,13.0
2026-07-25 04:50:09,Salón - Extremo Civil,13.895,Silence,0.0,14.368,Silence,0.0,0.0,0.0,0.0,0.0,0.0,0.0,0.0,0.0,0.0,14.338,13.896,13.48,-95,13.2
2026-07-25 04:50:11,Laboratorios Eléctrica Superior,14.09,Silence,0.0,17.487,Silence,0.0,0.0,0.0,0.0,0.0,0.0,0.0,0.0,0.0,0.0,16.123,13.598,12.562,-107,7.2
2026-07-25 04:50:13,Pasillo Decanato Eléctrica,19.69,Silence,0.0,20.611,Silence,0.0,0.0,0.0,0.0,0.0,0.0,0.0,0.0,0.0,0.0,20.374,19.858,18.884,-111,-4.8
2026-07-25 04:50:23,Salón - Uma Eléctrica,43.674,Silence,0.0,44.744,Silence,0.0,0.0,0.0,0.0,0.0,0.0,0.0,0.0,0.0,0.0,44.703,43.787,42.96,-105,11.8
2026-07-25 04:51:15,Laboratorios Eléctrica Centro,12.59,Silence,0.0,13.471,Silence,0.0,0.0,0.0,0.0,0.0,0.0,0.0,0.0,0.0,0.0,13.375,12.76,11.557,-111,-0.8
2026-07-25 04:51:27,Pasillo Salones Civil,13.599,Silence,0.0,14.279,Silence,0.0,0.0,0.0,0.0,0.0,0.0,0.0,0.0,0.0,0.0,14.241,13.581,12.905,-93,8.8
2026-07-25 04:51:50,Pasillo Decanato Civil,18.236,Silence,0.0,19.043,Silence,0.0,0.0,0.0,0.0,0.0,0.0,0.0,0.0,0.0,0.0,18.997,18.074,17.879,-93,12.2
2026-07-25 04:51:58,Salón - Extremo Eléctrica,14.717,Silence,0.0,15.607,Silence,0.0,0.0,0.0,0.0,0.0,0.0,0.0,0.0,0.0,0.0,15.854,14.606,14.024,-89,13.2
2026-07-25 04:51:58,Lobby Eléctrica,26.492,Silence,0.0,27.569,Silence,0.0,0.0,0.0,0.0,0.0,0.0,0.0,0.0,0.0,0.0,27.137,26.636,25.78,-113,1.5
2026-07-25 04:52:19,Laboratorios Civil Superior,32.075,Silence,0.0,35.294,Silence,0.0,0.0,0.0,0.0,0.0,0.0,0.0,0.0,0.0,0.0,33.353,32.047,30.685,-101,10.8
2026-07-25 04:52:20,Pasillo Salones Eléctrica,28.826,Silence,0.0,29.645,Silence,0.0,0.0,0.0,0.0,0.0,0.0,0.0,0.0,0.0,0.0,29.657,28.638,28.05,-97,12.2
2026-07-25 04:54:22,Lobby Civil,39.211,Silence,0.0,40.279,Silence,0.0,0.0,0.0,0.0,0.0,0.0,0.0,0.0,0.0,0.0,40.464,39.243,37.905,-101,11.2
2026-07-25 04:55:09,Salón - Extremo Civil,13.033,Silence,0.0,13.503,Silence,0.0,0.0,0.0,0.0,0.0,0.0,0.0,0.0,0.0,0.0,13.724,13.136,12.484,-119,-4.8
2026-07-25 04:55:11,Laboratorios Eléctrica Superior,10.797,Silence,0.0,11.348,Silence,0.0,0.0,0.0,0.0,0.0,0.0,0.0,0.0,0.0,0.0,11.204,10.877,10.118,-77,9.5
2026-07-25 04:55:13,Pasillo Decanato Eléctrica,20.188,Silence,0.0,21.226,Silence,0.0,0.0,0.0,0.0,0.0,0.0,0.0,0.0,0.0,0.0,21.533,20.206,18.842,-95,12.5
2026-07-25 04:55:23,Salón - Uma Eléctrica,43.834,Silence,0.0,44.986,Silence,0.0,0.0,0.0,0.0,0.0,0.0,0.0,0.0,0.0,0.0,45.157,43.507,43.194,-97,12.0
2026-07-25 04:56:15,Laboratorios Eléctrica Centro,13.106,Silence,0.0,13.864,Silence,0.0,0.0,0.0,0.0,0.0,0.0,0.0,0.0,0.0,0.0,14.146,13.174,12.056,-105,4.2
2026-07-25 04:56:27,Pasillo Salones Civil,13.567,Silence,0.0,14.436,Silence,0.0,0.0,0.0,0.0,0.0,0.0,0.0,0.0,0.0,0.0,14.496,13.851,12.507,-101,8.0
2026-07-25 04:56:50,Pasillo Decanato Civil,18.684,Silence,0.0,19.627,Silence,0.0,0.0,0.0,0.0,0.0,0.0,0.0,0.0,0.0,0.0,19.836,18.568,17.882,-99,13.8
2026-07-25 04:56:51,Salón - Extremo Eléctrica,14.795,Silence,0.0,15.188,Silence,0.0,0.0,0.0,0.0,0.0,0.0,0.0,0.0,0.0,0.0,15.202,14.881,14.17,-99,10.2
2026-07-25 04:56:58,Lobby Eléctrica,26.074,Silence,0.0,27.039,Silence,0.0,0.0,0.0,0.0,0.0,0.0,0.0,0.0,0.0,0.0,27.143,26.052,25.015,-88,8.8
2026-07-25 04:57:19,Laboratorios Civil Superior,32.806,Silence,0.0,34.64,Silence,0.0,0.0,0.0,0.0,0.0,0.0,0.0,0.0,0.0,0.0,34.318,32.644,31.251,-97,12.2
2026-07-25 04:59:22,Lobby Civil,39.239,Silence,0.0,40.278,Silence,0.0,0.0,0.0,0.0,0.0,0.0,0.0,0.0,0.0,0.0,40.586,39.169,37.904,-99,13.2
2026-07-25 05:00:09,Salón - Extremo Civil,13.506,Silence,0.0,14.184,Silence,0.0,0.0,0.0,0.0,0.0,0.0,0.0,0.0,0.0,0.0,14.265,13.377,12.953,-79,14.5
2026-07-25 05:00:11,Laboratorios Eléctrica Superior,12.267,Silence,0.0,13.538,Silence,0.0,0.0,0.0,0.0,0.0,0.0,0.0,0.0,0.0,0.0,13.484,12.084,11.129,-75,9.5
2026-07-25 05:00:13,Pasillo Decanato Eléctrica,19.783,Silence,0.0,20.347,Silence,0.0,0.0,0.0,0.0,0.0,0.0,0.0,0.0,0.0,0.0,19.971,19.886,19.411,-104,-3.5
2026-07-25 05:00:23,Salón - Uma Eléctrica,43.777,Silence,0.0,44.848,Silence,0.0,0.0,0.0,0.0,0.0,0.0,0.0,0.0,0.0,0.0,44.825,43.478,42.607,-111,5.5
2026-07-25 05:01:15,Laboratorios Eléctrica Centro,13.703,Silence,0.0,14.528,Silence,0.0,0.0,0.0,0.0,0.0,0.0,0.0,0.0,0.0,0.0,14.562,13.701,12.748,-103,8.0
2026-07-25 05:01:27,Pasillo Salones Civil,13.813,Silence,0.0,14.48,Silence,0.0,0.0,0.0,0.0,0.0,0.0,0.0,0.0,0.0,0.0,14.44,13.703,13.207,-105,7.5
2026-07-25 05:01:50,Pasillo Decanato Civil,18.291,Silence,0.0,19.427,Silence,0.0,0.0,0.0,0.0,0.0,0.0,0.0,0.0,0.0,0.0,19.448,18.399,17.465,-89,9.5
2026-07-25 05:01:51,Salón - Extremo Eléctrica,14.762,Silence,0.0,15.402,Silence,0.0,0.0,0.0,0.0,0.0,0.0,0.0,0.0,0.0,0.0,15.196,14.837,14.187,-101,13.2
2026-07-25 05:01:58,Lobby Eléctrica,27.048,Silence,0.0,28.362,Silence,0.0,0.0,0.0,0.0,0.0,0.0,0.0,0.0,0.0,0.0,28.518,26.953,25.863,-85,10.5
2026-07-25 05:02:19,Laboratorios Civil Superior,31.193,Silence,0.0,33.327,Silence,0.0,0.0,0.0,0.0,0.0,0.0,0.0,0.0,0.0,0.0,33.456,30.462,27.729,-95,12.2
2026-07-25 05:02:20,Pasillo Salones Eléctrica,29.298,Silence,0.0,30.143,Silence,0.0,0.0,0.0,0.0,0.0,0.0,0.0,0.0,0.0,0.0,29.806,29.555,28.079,-97,13.0
2026-07-25 05:04:22,Lobby Civil,38.624,Silence,0.0,39.315,Silence,0.0,0.0,0.0,0.0,0.0,0.0,0.0,0.0,0.0,0.0,39.49,38.315,37.593,-87,14.0
2026-07-25 05:05:09,Salón - Extremo Civil,13.073,Silence,0.0,13.722,Silence,0.0,0.0,0.0,0.0,0.0,0.0,0.0,0.0,0.0,0.0,13.83,12.892,11.885,-89,11.5
2026-07-25 05:05:11,Laboratorios Eléctrica Superior,11.478,Silence,0.0,12.159,Silence,0.0,0.0,0.0,0.0,0.0,0.0,0.0,0.0,0.0,0.0,12.376,11.444,10.537,-107,6.2
2026-07-25 05:05:13,Pasillo Decanato Eléctrica,19.675,Silence,0.0,20.884,Silence,0.0,0.0,0.0,0.0,0.0,0.0,0.0,0.0,0.0,0.0,20.58,19.537,18.79,-109,7.8
2026-07-25 05:05:23,Salón - Uma Eléctrica,43.875,Silence,0.0,44.757,Silence,0.0,0.0,0.0,0.0,0.0,0.0,0.0,0.0,0.0,0.0,44.713,43.899,43.043,-89,11.2
2026-07-25 05:06:15,Laboratorios Eléctrica Centro,16.698,Silence,0.0,18.896,Silence,0.0,0.0,0.0,0.0,0.0,0.0,0.0,0.0,0.0,0.0,18.987,16.546,14.744,-111,3.2
2026-07-25 05:06:27,Pasillo Salones Civil,13.756,Silence,0.0,14.662,Silence,0.0,0.0,0.0,0.0,0.0,0.0,0.0,0.0,0.0,0.0,14.21,13.743,13.395,-95,9.5
2026-07-25 05:06:50,Pasillo Decanato Civil,18.42,Silence,0.0,19.356,Silence,0.0,0.0,0.0,0.0,0.0,0.0,0.0,0.0,0.0,0.0,19.464,18.514,17.459,-99,12.5
2026-07-25 05:06:51,Salón - Extremo Eléctrica,14.858,Silence,0.0,15.529,Silence,0.0,0.0,0.0,0.0,0.0,0.0,0.0,0.0,0.0,0.0,15.372,14.853,14.077,-121,-11.5
2026-07-25 05:06:58,Lobby Eléctrica,27.44,Silence,0.0,28.292,Silence,0.0,0.0,0.0,0.0,0.0,0.0,0.0,0.0,0.0,0.0,28.063,27.504,26.771,-85,10.0
2026-07-25 05:07:19,Laboratorios Civil Superior,34.157,Silence,0.0,36.373,Silence,0.0,0.0,0.0,0.0,0.0,0.0,0.0,0.0,0.0,0.0,36.671,33.76,30.431,-95,13.2
2026-07-25 05:07:20,Pasillo Salones Eléctrica,28.663,Silence,0.0,29.411,Silence,0.0,0.0,0.0,0.0,0.0,0.0,0.0,0.0,0.0,0.0,29.468,28.665,27.823,-85,12.5
2026-07-25 05:09:22,Lobby Civil,38.985,Silence,0.0,39.857,Silence,0.0,0.0,0.0,0.0,0.0,0.0,0.0,0.0,0.0,0.0,39.934,39.013,37.587,-81,12.2
2026-07-25 05:10:09,Salón - Extremo Civil,13.22,Silence,0.0,13.815,Silence,0.0,0.0,0.0,0.0,0.0,0.0,0.0,0.0,0.0,0.0,13.757,13.047,12.58,-89,8.5
2026-07-25 05:10:11,Laboratorios Eléctrica Superior,12.916,Silence,0.0,14.466,Silence,0.0,0.0,0.0,0.0,0.0,0.0,0.0,0.0,0.0,0.0,14.864,13.051,10.98,-117,-8.0
2026-07-25 05:10:13,Pasillo Decanato Eléctrica,20.31,Silence,0.0,21.117,Silence,0.0,0.0,0.0,0.0,0.0,0.0,0.0,0.0,0.0,0.0,21.257,20.054,19.357,-115,4.8
2026-07-25 05:10:23,Salón - Uma Eléctrica,43.991,Silence,0.0,44.525,Silence,0.0,0.0,0.0,0.0,0.0,0.0,0.0,0.0,0.0,0.0,44.382,44.053,43.184,-87,12.5
2026-07-25 05:11:15,Laboratorios Eléctrica Centro,13.228,Silence,0.0,13.907,Silence,0.0,0.0,0.0,0.0,0.0,0.0,0.0,0.0,0.0,0.0,13.885,13.093,12.402,-115,-2.5
2026-07-25 05:11:27,Pasillo Salones Civil,13.84,Silence,0.0,14.734,Silence,0.0,0.0,0.0,0.0,0.0,0.0,0.0,0.0,0.0,0.0,14.556,13.606,13.05,-85,10.2
2026-07-25 05:11:50,Pasillo Decanato Civil,17.504,Silence,0.0,18.822,Silence,0.0,0.0,0.0,0.0,0.0,0.0,0.0,0.0,0.0,0.0,18.751,17.113,16.201,-105,11.2
2026-07-25 05:11:51,Salón - Extremo Eléctrica,14.953,Silence,0.0,15.862,Silence,0.0,0.0,0.0,0.0,0.0,0.0,0.0,0.0,0.0,0.0,15.732,14.692,14.236,-101,10.5
2026-07-25 05:11:58,Lobby Eléctrica,27.166,Silence,0.0,28.415,Silence,0.0,0.0,0.0,0.0,0.0,0.0,0.0,0.0,0.0,0.0,28.287,26.989,26.321,-83,6.8
2026-07-25 05:12:19,Laboratorios Civil Superior,30.994,Silence,0.0,33.63,Silence,0.0,0.0,0.0,0.0,0.0,0.0,0.0,0.0,0.0,0.0,33.382,31.304,28.419,-113,-8.0
2026-07-25 05:12:20,Pasillo Salones Eléctrica,29.458,Silence,0.0,30.111,Silence,0.0,0.0,0.0,0.0,0.0,0.0,0.0,0.0,0.0,0.0,30.446,29.427,28.868,-84,12.0
2026-07-25 05:14:22,Lobby Civil,39.444,Silence,0.0,40.183,Silence,0.0,0.0,0.0,0.0,0.0,0.0,0.0,0.0,0.0,0.0,40.359,39.511,38.16,-87,9.5
2026-07-25 05:15:09,Salón - Extremo Civil,13.162,Silence,0.0,14.209,Silence,0.0,0.0,0.0,0.0,0.0,0.0,0.0,0.0,0.0,0.0,14.063,12.967,12.536,-79,13.8
2026-07-25 05:15:11,Laboratorios Eléctrica Superior,11.585,Silence,0.0,12.274,Silence,0.0,0.0,0.0,0.0,0.0,0.0,0.0,0.0,0.0,0.0,12.393,11.625,10.941,-80,7.8
2026-07-25 05:15:13,Pasillo Decanato Eléctrica,19.435,Silence,0.0,20.216,Silence,0.0,0.0,0.0,0.0,0.0,0.0,0.0,0.0,0.0,0.0,19.821,19.512,18.896,-91,12.0
2026-07-25 05:15:23,Salón - Uma Eléctrica,43.483,Silence,0.0,44.302,Silence,0.0,0.0,0.0,0.0,0.0,0.0,0.0,0.0,0.0,0.0,44.665,43.409,42.092,-89,13.0
2026-07-25 05:16:15,Laboratorios Eléctrica Centro,24.123,Silence,0.0,25.149,Silence,0.0,0.0,0.0,0.0,0.0,0.0,0.0,0.0,0.0,0.0,24.926,24.141,23.515,-115,-5.0
2026-07-25 05:16:27,Pasillo Salones Civil,13.87,Silence,0.0,14.593,Silence,0.0,0.0,0.0,0.0,0.0,0.0,0.0,0.0,0.0,0.0,14.728,13.661,13.23,-99,8.0
2026-07-25 05:16:50,Pasillo Decanato Civil,18.146,Silence,0.0,18.626,Silence,0.0,0.0,0.0,0.0,0.0,0.0,0.0,0.0,0.0,0.0,18.74,18.212,17.477,-93,11.5
2026-07-25 05:16:51,Salón - Extremo Eléctrica,14.826,Silence,0.0,15.744,Silence,0.0,0.0,0.0,0.0,0.0,0.0,0.0,0.0,0.0,0.0,15.848,14.724,13.645,-85,13.0
2026-07-25 05:16:58,Lobby Eléctrica,29.456,Silence,0.0,29.944,Silence,0.0,0.0,0.0,0.0,0.0,0.0,0.0,0.0,0.0,0.0,30.37,29.312,28.962,-113,1.5
2026-07-25 05:17:19,Laboratorios Civil Superior,34.605,Silence,0.0,36.277,Silence,0.0,0.0,0.0,0.0,0.0,0.0,0.0,0.0,0.0,0.0,36.362,34.22,32.659,-97,9.0
2026-07-25 05:17:20,Pasillo Salones Eléctrica,29.126,Silence,0.0,30.177,Silence,0.0,0.0,0.0,0.0,0.0,0.0,0.0,0.0,0.0,0.0,29.842,29.159,27.687,-105,9.8
2026-07-25 05:19:22,Lobby Civil,56.209,Mixed,39.106,61.677,Group 4 (Person),54.976,47.385,0.0,60.496,50.671,21.701,25.434,1.172,39.106,12.37,62.033,51.845,40.864,-87,12.5
2026-07-25 05:20:09,Salón - Extremo Civil,13.314,Silence,0.0,14.019,Silence,0.0,0.0,0.0,0.0,0.0,0.0,0.0,0.0,0.0,0.0,13.557,13.356,13.009,-118,-11.5
2026-07-25 05:20:11,Laboratorios Eléctrica Superior,11.159,Silence,0.0,11.79,Silence,0.0,0.0,0.0,0.0,0.0,0.0,0.0,0.0,0.0,0.0,11.751,11.243,10.324,-81,9.0
2026-07-25 05:20:13,Pasillo Decanato Eléctrica,20.334,Silence,0.0,21.56,Silence,0.0,0.0,0.0,0.0,0.0,0.0,0.0,0.0,0.0,0.0,21.346,20.418,19.26,-89,12.5
2026-07-25 05:20:23,Salón - Uma Eléctrica,44.314,Silence,0.0,44.88,Silence,0.0,0.0,0.0,0.0,0.0,0.0,0.0,0.0,0.0,0.0,44.849,44.433,43.585,-108,-4.2
2026-07-25 05:21:15,Laboratorios Eléctrica Centro,13.23,Silence,0.0,14.14,Silence,0.0,0.0,0.0,0.0,0.0,0.0,0.0,0.0,0.0,0.0,14.082,13.231,12.798,-91,9.5
2026-07-25 05:21:27,Pasillo Salones Civil,13.966,Silence,0.0,14.543,Silence,0.0,0.0,0.0,0.0,0.0,0.0,0.0,0.0,0.0,0.0,14.733,14.066,12.846,-105,7.0
2026-07-25 05:21:50,Pasillo Decanato Civil,18.331,Silence,0.0,19.839,Silence,0.0,0.0,0.0,0.0,0.0,0.0,0.0,0.0,0.0,0.0,20.101,18.122,17.562,-105,8.8
2026-07-25 05:21:51,Salón - Extremo Eléctrica,14.92,Silence,0.0,15.862,Silence,0.0,0.0,0.0,0.0,0.0,0.0,0.0,0.0,0.0,0.0,15.954,14.903,13.834,-81,10.2
2026-07-25 05:21:58,Lobby Eléctrica,26.93,Silence,0.0,27.761,Silence,0.0,0.0,0.0,0.0,0.0,0.0,0.0,0.0,0.0,0.0,27.415,26.992,26.378,-89,7.8
2026-07-25 05:22:19,Laboratorios Civil Superior,31.492,Silence,0.0,33.215,Silence,0.0,0.0,0.0,0.0,0.0,0.0,0.0,0.0,0.0,0.0,33.794,31.439,28.583,-95,11.8
2026-07-25 05:22:20,Pasillo Salones Eléctrica,29.657,Silence,0.0,30.691,Silence,0.0,0.0,0.0,0.0,0.0,0.0,0.0,0.0,0.0,0.0,31.163,29.579,28.622,-97,10.2
2026-07-25 05:24:22,Lobby Civil,41.219,Silence,0.0,43.674,Silence,0.0,0.0,0.0,0.0,0.0,0.0,0.0,0.0,0.0,0.0,44.881,40.57,39.576,-101,8.5
2026-07-25 05:25:11,Salón - Extremo Civil,14.359,Silence,0.0,15.442,Silence,0.0,0.0,0.0,0.0,0.0,0.0,0.0,0.0,0.0,0.0,15.476,14.394,13.575,-90,11.8
2026-07-25 05:25:11,Laboratorios Eléctrica Superior,20.604,Silence,0.0,21.385,Silence,0.0,0.0,0.0,0.0,0.0,0.0,0.0,0.0,0.0,0.0,21.487,20.26,19.825,-109,5.5
2026-07-25 05:25:13,Pasillo Decanato Eléctrica,20.222,Silence,0.0,21.334,Silence,0.0,0.0,0.0,0.0,0.0,0.0,0.0,0.0,0.0,0.0,21.268,19.956,19.432,-89,12.2
2026-07-25 05:25:23,Salón - Uma Eléctrica,43.665,Silence,0.0,44.726,Silence,0.0,0.0,0.0,0.0,0.0,0.0,0.0,0.0,0.0,0.0,44.732,43.387,42.847,-103,11.5
2026-07-25 05:26:15,Laboratorios Eléctrica Centro,24.48,Silence,0.0,25.138,Silence,0.0,0.0,0.0,0.0,0.0,0.0,0.0,0.0,0.0,0.0,25.286,24.567,23.568,-95,9.2
2026-07-25 05:26:27,Pasillo Salones Civil,13.629,Silence,0.0,14.302,Silence,0.0,0.0,0.0,0.0,0.0,0.0,0.0,0.0,0.0,0.0,14.195,13.566,13.059,-85,9.0
2026-07-25 05:26:50,Pasillo Decanato Civil,18.092,Silence,0.0,19.269,Silence,0.0,0.0,0.0,0.0,0.0,0.0,0.0,0.0,0.0,0.0,19.403,17.977,17.056,-107,8.5
2026-07-25 05:26:51,Salón - Extremo Eléctrica,14.645,Silence,0.0,15.214,Silence,0.0,0.0,0.0,0.0,0.0,0.0,0.0,0.0,0.0,0.0,15.09,14.599,14.346,-96,10.2
2026-07-25 05:26:58,Lobby Eléctrica,26.786,Silence,0.0,28.061,Silence,0.0,0.0,0.0,0.0,0.0,0.0,0.0,0.0,0.0,0.0,28.455,26.447,25.823,-87,10.5
2026-07-25 05:27:19,Laboratorios Civil Superior,33.493,Silence,0.0,35.272,Silence,0.0,0.0,0.0,0.0,0.0,0.0,0.0,0.0,0.0,0.0,35.498,33.185,30.892,-96,12.0
2026-07-25 05:27:20,Pasillo Salones Eléctrica,29.416,Silence,0.0,30.009,Silence,0.0,0.0,0.0,0.0,0.0,0.0,0.0,0.0,0.0,0.0,30.033,29.455,28.736,-105,9.0
2026-07-25 05:29:22,Lobby Civil,66.133,Group 4 (Person),77.604,70.444,Group 4 (Person),55.806,0.0,0.0,67.398,0.0,17.578,0.217,0.0,77.604,4.297,70.307,64.22,51.216,-87,13.0
2026-07-25 05:30:09,Salón - Extremo Civil,13.372,Silence,0.0,14.038,Silence,0.0,0.0,0.0,0.0,0.0,0.0,0.0,0.0,0.0,0.0,14.266,13.258,12.717,-89,13.2
2026-07-25 05:30:11,Laboratorios Eléctrica Superior,11.719,Silence,0.0,12.813,Silence,0.0,0.0,0.0,0.0,0.0,0.0,0.0,0.0,0.0,0.0,12.655,11.706,10.667,-112,3.5
2026-07-25 05:30:13,Pasillo Decanato Eléctrica,19.823,Silence,0.0,20.723,Silence,0.0,0.0,0.0,0.0,0.0,0.0,0.0,0.0,0.0,0.0,20.68,19.509,19.144,-93,13.0
2026-07-25 05:30:23,Salón - Uma Eléctrica,43.188,Silence,0.0,44.404,Silence,0.0,0.0,0.0,0.0,0.0,0.0,0.0,0.0,0.0,0.0,44.884,42.703,42.158,-87,13.0
2026-07-25 05:31:15,Laboratorios Eléctrica Centro,35.887,Silence,0.0,39.215,Silence,0.0,0.0,0.0,0.0,0.0,0.0,0.0,0.0,0.0,0.0,39.203,38.361,16.457,-117,-4.2
2026-07-25 05:31:50,Pasillo Decanato Civil,18.435,Silence,0.0,19.062,Silence,0.0,0.0,0.0,0.0,0.0,0.0,0.0,0.0,0.0,0.0,18.921,18.637,17.216,-95,13.2
2026-07-25 05:31:51,Salón - Extremo Eléctrica,14.547,Silence,0.0,15.149,Silence,0.0,0.0,0.0,0.0,0.0,0.0,0.0,0.0,0.0,0.0,15.207,14.701,13.85,-99,9.8
2026-07-25 05:31:58,Lobby Eléctrica,32.666,Silence,0.0,35.31,Silence,0.0,0.0,0.0,0.0,0.0,0.0,0.0,0.0,0.0,0.0,35.119,34.179,25.965,-113,3.0
2026-07-25 05:32:19,Laboratorios Civil Superior,29.719,Silence,0.0,31.49,Silence,0.0,0.0,0.0,0.0,0.0,0.0,0.0,0.0,0.0,0.0,31.087,29.559,26.802,-97,13.8
2026-07-25 05:32:20,Pasillo Salones Eléctrica,29.667,Silence,0.0,30.223,Silence,0.0,0.0,0.0,0.0,0.0,0.0,0.0,0.0,0.0,0.0,30.364,29.576,29.157,-103,8.0
2026-07-25 05:34:22,Lobby Civil,41.696,Silence,0.0,42.821,Silence,0.0,0.0,0.0,0.0,0.0,0.0,0.0,0.0,0.0,0.0,43.517,41.731,40.097,-99,12.0
2026-07-25 05:35:09,Salón - Extremo Civil,13.512,Silence,0.0,14.006,Silence,0.0,0.0,0.0,0.0,0.0,0.0,0.0,0.0,0.0,0.0,13.932,13.584,13.185,-90,11.5
2026-07-25 05:35:11,Laboratorios Eléctrica Superior,18.206,Silence,0.0,18.754,Silence,0.0,0.0,0.0,0.0,0.0,0.0,0.0,0.0,0.0,0.0,18.752,18.276,17.654,-99,9.5
2026-07-25 05:35:13,Pasillo Decanato Eléctrica,20.098,Silence,0.0,20.723,Silence,0.0,0.0,0.0,0.0,0.0,0.0,0.0,0.0,0.0,0.0,20.951,20.149,19.18,-95,12.8
2026-07-25 05:35:23,Salón - Uma Eléctrica,43.567,Silence,0.0,44.975,Silence,0.0,0.0,0.0,0.0,0.0,0.0,0.0,0.0,0.0,0.0,45.09,43.775,42.508,-115,-1.8
2026-07-25 05:36:15,Laboratorios Eléctrica Centro,13.7,Silence,0.0,14.581,Silence,0.0,0.0,0.0,0.0,0.0,0.0,0.0,0.0,0.0,0.0,14.454,13.687,13.084,-108,6.0
2026-07-25 05:36:27,Pasillo Salones Civil,13.713,Silence,0.0,14.486,Silence,0.0,0.0,0.0,0.0,0.0,0.0,0.0,0.0,0.0,0.0,14.45,13.601,12.898,-94,9.2
2026-07-25 05:36:50,Pasillo Decanato Civil,18.453,Silence,0.0,19.312,Silence,0.0,0.0,0.0,0.0,0.0,0.0,0.0,0.0,0.0,0.0,19.081,18.335,17.899,-101,10.8
2026-07-25 05:36:51,Salón - Extremo Eléctrica,14.691,Silence,0.0,15.248,Silence,0.0,0.0,0.0,0.0,0.0,0.0,0.0,0.0,0.0,0.0,15.118,14.754,13.538,-78,12.2
2026-07-25 05:36:58,Lobby Eléctrica,28.246,Silence,0.0,28.967,Silence,0.0,0.0,0.0,0.0,0.0,0.0,0.0,0.0,0.0,0.0,28.926,28.218,27.37,-115,-4.5
2026-07-25 05:37:19,Laboratorios Civil Superior,32.1,Silence,0.0,33.885,Silence,0.0,0.0,0.0,0.0,0.0,0.0,0.0,0.0,0.0,0.0,33.934,32.063,30.462,-99,12.8
2026-07-25 05:37:20,Pasillo Salones Eléctrica,30.156,Silence,0.0,30.911,Silence,0.0,0.0,0.0,0.0,0.0,0.0,0.0,0.0,0.0,0.0,31.038,29.86,29.645,-89,13.0
2026-07-25 05:39:22,Lobby Civil,38.954,Silence,0.0,39.888,Silence,0.0,0.0,0.0,0.0,0.0,0.0,0.0,0.0,0.0,0.0,40.316,38.661,37.936,-103,10.2
2026-07-25 05:40:10,Salón - Extremo Civil,13.15,Silence,0.0,13.664,Silence,0.0,0.0,0.0,0.0,0.0,0.0,0.0,0.0,0.0,0.0,13.817,13.264,12.396,-119,-11.2
2026-07-25 05:40:11,Laboratorios Eléctrica Superior,11.333,Silence,0.0,11.988,Silence,0.0,0.0,0.0,0.0,0.0,0.0,0.0,0.0,0.0,0.0,11.897,11.397,10.871,-80,10.0
2026-07-25 05:40:13,Pasillo Decanato Eléctrica,19.865,Silence,0.0,20.867,Silence,0.0,0.0,0.0,0.0,0.0,0.0,0.0,0.0,0.0,0.0,20.673,19.82,19.359,-90,12.0
2026-07-25 05:40:23,Salón - Uma Eléctrica,43.625,Silence,0.0,44.397,Silence,0.0,0.0,0.0,0.0,0.0,0.0,0.0,0.0,0.0,0.0,44.297,43.517,42.939,-89,13.0
2026-07-25 05:41:15,Laboratorios Eléctrica Centro,34.396,Silence,0.0,38.886,Silence,0.0,0.0,0.0,0.0,0.0,0.0,0.0,0.0,0.0,0.0,39.151,37.235,13.331,-105,8.5
2026-07-25 05:41:27,Pasillo Salones Civil,13.975,Silence,0.0,14.495,Silence,0.0,0.0,0.0,0.0,0.0,0.0,0.0,0.0,0.0,0.0,14.546,13.899,12.991,-92,8.8
2026-07-25 05:41:50,Pasillo Decanato Civil,18.198,Silence,0.0,18.893,Silence,0.0,0.0,0.0,0.0,0.0,0.0,0.0,0.0,0.0,0.0,19.096,18.111,17.697,-95,9.2
2026-07-25 05:41:51,Salón - Extremo Eléctrica,14.805,Silence,0.0,15.409,Silence,0.0,0.0,0.0,0.0,0.0,0.0,0.0,0.0,0.0,0.0,15.252,14.826,14.456,-83,13.8
2026-07-25 05:41:58,Lobby Eléctrica,27.481,Silence,0.0,28.072,Silence,0.0,0.0,0.0,0.0,0.0,0.0,0.0,0.0,0.0,0.0,28.301,27.33,26.952,-111,-1.2
2026-07-25 05:42:19,Laboratorios Civil Superior,30.487,Silence,0.0,31.976,Silence,0.0,0.0,0.0,0.0,0.0,0.0,0.0,0.0,0.0,0.0,32.1,30.49,29.194,-114,7.2
2026-07-25 05:42:20,Pasillo Salones Eléctrica,29.487,Silence,0.0,30.447,Silence,0.0,0.0,0.0,0.0,0.0,0.0,0.0,0.0,0.0,0.0,30.643,29.3,28.633,-95,12.0
2026-07-25 05:44:22,Lobby Civil,48.618,Mixed,63.867,50.236,Group 2 (Impact),48.63,48.735,0.0,0.0,0.0,16.895,63.867,3.32,4.346,11.67,49.937,48.224,46.468,-89,13.5
2026-07-25 05:45:10,Salón - Extremo Civil,13.481,Silence,0.0,14.138,Silence,0.0,0.0,0.0,0.0,0.0,0.0,0.0,0.0,0.0,0.0,14.039,13.42,12.803,-119,-6.8
2026-07-25 05:45:11,Laboratorios Eléctrica Superior,18.064,Silence,0.0,18.665,Silence,0.0,0.0,0.0,0.0,0.0,0.0,0.0,0.0,0.0,0.0,18.909,18.147,17.063,-82,9.5
2026-07-25 05:45:13,Pasillo Decanato Eléctrica,19.935,Silence,0.0,21.084,Silence,0.0,0.0,0.0,0.0,0.0,0.0,0.0,0.0,0.0,0.0,20.776,20.047,18.736,-89,12.5
2026-07-25 05:45:23,Salón - Uma Eléctrica,43.95,Silence,0.0,44.387,Silence,0.0,0.0,0.0,0.0,0.0,0.0,0.0,0.0,0.0,0.0,44.485,43.863,43.593,-103,7.0
2026-07-25 05:46:15,Laboratorios Eléctrica Centro,14.633,Silence,0.0,15.789,Silence,0.0,0.0,0.0,0.0,0.0,0.0,0.0,0.0,0.0,0.0,15.334,14.658,13.961,-90,8.8
2026-07-25 05:46:27,Pasillo Salones Civil,13.447,Silence,0.0,14.265,Silence,0.0,0.0,0.0,0.0,0.0,0.0,0.0,0.0,0.0,0.0,14.537,13.328,13.14,-93,8.8
2026-07-25 05:46:50,Pasillo Decanato Civil,18.368,Silence,0.0,19.42,Silence,0.0,0.0,0.0,0.0,0.0,0.0,0.0,0.0,0.0,0.0,19.586,18.308,16.493,-103,11.2
2026-07-25 05:46:51,Salón - Extremo Eléctrica,15.296,Silence,0.0,15.909,Silence,0.0,0.0,0.0,0.0,0.0,0.0,0.0,0.0,0.0,0.0,15.805,15.306,14.758,-121,-12.5
2026-07-25 05:46:58,Lobby Eléctrica,25.695,Silence,0.0,26.495,Silence,0.0,0.0,0.0,0.0,0.0,0.0,0.0,0.0,0.0,0.0,26.334,25.661,24.809,-113,
2026-07-25 05:47:19,Laboratorios Civil Superior,40.215,Silence,0.0,41.664,Silence,0.0,0.0,0.0,0.0,0.0,0.0,0.0,0.0,0.0,0.0,41.373,40.436,38.712,-91,11.8
2026-07-25 05:47:20,Pasillo Salones Eléctrica,29.696,Silence,0.0,30.717,Silence,0.0,0.0,0.0,0.0,0.0,0.0,0.0,0.0,0.0,0.0,30.918,29.476,29.098,-107,10.2
2026-07-25 05:49:22,Lobby Civil,37.981,Silence,0.0,38.684,Silence,0.0,0.0,0.0,0.0,0.0,0.0,0.0,0.0,0.0,0.0,38.683,37.928,37.392,-83,12.5
2026-07-25 05:50:10,Salón - Extremo Civil,14.417,Silence,0.0,15.092,Silence,0.0,0.0,0.0,0.0,0.0,0.0,0.0,0.0,0.0,0.0,14.963,14.387,13.687,-119,-9.2
2026-07-25 05:50:11,Laboratorios Eléctrica Superior,11.761,Silence,0.0,13.065,Silence,0.0,0.0,0.0,0.0,0.0,0.0,0.0,0.0,0.0,0.0,13.149,11.709,10.834,-105,3.8
2026-07-25 05:50:13,Pasillo Decanato Eléctrica,19.795,Silence,0.0,20.432,Silence,0.0,0.0,0.0,0.0,0.0,0.0,0.0,0.0,0.0,0.0,20.403,19.669,19.233,-115,-2.0
2026-07-25 05:50:23,Salón - Uma Eléctrica,43.628,Silence,0.0,44.273,Silence,0.0,0.0,0.0,0.0,0.0,0.0,0.0,0.0,0.0,0.0,44.002,43.585,43.253,-115,5.0
2026-07-25 05:51:15,Laboratorios Eléctrica Centro,14.013,Silence,0.0,14.984,Silence,0.0,0.0,0.0,0.0,0.0,0.0,0.0,0.0,0.0,0.0,14.786,13.879,13.25,-96,9.8
2026-07-25 05:51:27,Pasillo Salones Civil,19.125,Silence,0.0,20.549,Silence,0.0,0.0,0.0,0.0,0.0,0.0,0.0,0.0,0.0,0.0,21.284,18.627,16.561,-95,7.2
2026-07-25 05:51:50,Pasillo Decanato Civil,18.644,Silence,0.0,19.524,Silence,0.0,0.0,0.0,0.0,0.0,0.0,0.0,0.0,0.0,0.0,19.406,18.51,17.554,-91,12.2
2026-07-25 05:51:51,Salón - Extremo Eléctrica,15.218,Silence,0.0,16.038,Silence,0.0,0.0,0.0,0.0,0.0,0.0,0.0,0.0,0.0,0.0,15.916,14.983,14.499,-89,13.0
2026-07-25 05:51:58,Lobby Eléctrica,26.532,Silence,0.0,27.422,Silence,0.0,0.0,0.0,0.0,0.0,0.0,0.0,0.0,0.0,0.0,27.246,26.953,25.03,-89,9.5
2026-07-25 05:52:19,Laboratorios Civil Superior,38.056,Silence,0.0,39.266,Silence,0.0,0.0,0.0,0.0,0.0,0.0,0.0,0.0,0.0,0.0,39.162,37.949,36.946,-108,8.5
2026-07-25 05:52:20,Pasillo Salones Eléctrica,29.11,Silence,0.0,29.797,Silence,0.0,0.0,0.0,0.0,0.0,0.0,0.0,0.0,0.0,0.0,29.912,29.391,27.898,-95,12.5
2026-07-25 05:54:22,Lobby Civil,57.06,Group 1 (Common),88.498,60.13,Group 4 (Person),56.192,0.0,0.0,59.441,0.0,88.498,0.26,0.0,10.503,0.738,60.457,55.026,51.442,-87,10.0
2026-07-25 05:55:09,Salón - Extremo Civil,13.499,Silence,0.0,14.478,Silence,0.0,0.0,0.0,0.0,0.0,0.0,0.0,0.0,0.0,0.0,14.707,13.393,12.756,-91,13.0
2026-07-25 05:55:11,Laboratorios Eléctrica Superior,11.876,Silence,0.0,12.875,Silence,0.0,0.0,0.0,0.0,0.0,0.0,0.0,0.0,0.0,0.0,12.758,11.921,10.784,-105,8.2
2026-07-25 05:55:13,Pasillo Decanato Eléctrica,19.71,Silence,0.0,20.767,Silence,0.0,0.0,0.0,0.0,0.0,0.0,0.0,0.0,0.0,0.0,20.523,19.73,18.852,-114,-7.0
2026-07-25 05:55:23,Salón - Uma Eléctrica,43.189,Silence,0.0,43.919,Silence,0.0,0.0,0.0,0.0,0.0,0.0,0.0,0.0,0.0,0.0,43.96,42.985,42.523,-89,13.5
2026-07-25 05:56:15,Laboratorios Eléctrica Centro,13.809,Silence,0.0,14.392,Silence,0.0,0.0,0.0,0.0,0.0,0.0,0.0,0.0,0.0,0.0,14.653,13.663,13.439,-115,-6.8
2026-07-25 05:56:27,Pasillo Salones Civil,13.497,Silence,0.0,13.909,Silence,0.0,0.0,0.0,0.0,0.0,0.0,0.0,0.0,0.0,0.0,13.902,13.528,13.099,-97,9.0
2026-07-25 05:56:50,Pasillo Decanato Civil,18.158,Silence,0.0,18.967,Silence,0.0,0.0,0.0,0.0,0.0,0.0,0.0,0.0,0.0,0.0,18.473,18.317,17.63,-107,11.2
2026-07-25 05:56:51,Salón - Extremo Eléctrica,14.793,Silence,0.0,15.544,Silence,0.0,0.0,0.0,0.0,0.0,0.0,0.0,0.0,0.0,0.0,15.568,14.954,13.996,-81,13.0
2026-07-25 05:56:58,Lobby Eléctrica,27.717,Silence,0.0,28.334,Silence,0.0,0.0,0.0,0.0,0.0,0.0,0.0,0.0,0.0,0.0,28.51,27.702,26.712,-91,11.0
2026-07-25 05:57:19,Laboratorios Civil Superior,30.334,Silence,0.0,31.647,Silence,0.0,0.0,0.0,0.0,0.0,0.0,0.0,0.0,0.0,0.0,31.6,30.51,29.008,-99,12.8
2026-07-25 05:57:20,Pasillo Salones Eléctrica,29.805,Silence,0.0,30.78,Silence,0.0,0.0,0.0,0.0,0.0,0.0,0.0,0.0,0.0,0.0,30.323,29.592,29.293,-109,8.2
2026-07-25 05:59:22,Lobby Civil,38.637,Silence,0.0,39.099,Silence,0.0,0.0,0.0,0.0,0.0,0.0,0.0,0.0,0.0,0.0,39.423,38.665,38.244,-97,12.2
2026-07-25 06:00:10,Salón - Extremo Civil,13.089,Silence,0.0,13.949,Silence,0.0,0.0,0.0,0.0,0.0,0.0,0.0,0.0,0.0,0.0,13.743,13.048,12.114,-120,-3.2
2026-07-25 06:00:11,Laboratorios Eléctrica Superior,11.025,Silence,0.0,11.857,Silence,0.0,0.0,0.0,0.0,0.0,0.0,0.0,0.0,0.0,0.0,11.941,10.897,10.515,-102,7.2
2026-07-25 06:00:13,Pasillo Decanato Eléctrica,20.052,Silence,0.0,21.111,Silence,0.0,0.0,0.0,0.0,0.0,0.0,0.0,0.0,0.0,0.0,21.255,19.852,19.379,-112,5.5
2026-07-25 06:00:23,Salón - Uma Eléctrica,44.114,Silence,0.0,45.213,Silence,0.0,0.0,0.0,0.0,0.0,0.0,0.0,0.0,0.0,0.0,45.468,43.993,43.134,-100,11.5
2026-07-25 06:01:15,Laboratorios Eléctrica Centro,14.532,Silence,0.0,15.299,Silence,0.0,0.0,0.0,0.0,0.0,0.0,0.0,0.0,0.0,0.0,15.234,14.639,13.392,-105,4.5
2026-07-25 06:01:27,Pasillo Salones Civil,13.512,Silence,0.0,14.112,Silence,0.0,0.0,0.0,0.0,0.0,0.0,0.0,0.0,0.0,0.0,13.932,13.549,13.049,-85,10.2
2026-07-25 06:01:50,Pasillo Decanato Civil,18.229,Silence,0.0,18.934,Silence,0.0,0.0,0.0,0.0,0.0,0.0,0.0,0.0,0.0,0.0,18.984,18.388,17.039,-113,1.5
2026-07-25 06:01:51,Salón - Extremo Eléctrica,15.006,Silence,0.0,15.978,Silence,0.0,0.0,0.0,0.0,0.0,0.0,0.0,0.0,0.0,0.0,15.839,15.031,14.049,-87,9.8
2026-07-25 06:01:58,Lobby Eléctrica,27.307,Silence,0.0,28.773,Silence,0.0,0.0,0.0,0.0,0.0,0.0,0.0,0.0,0.0,0.0,28.958,27.076,26.372,-88,6.8
2026-07-25 06:02:19,Laboratorios Civil Superior,31.856,Silence,0.0,33.704,Silence,0.0,0.0,0.0,0.0,0.0,0.0,0.0,0.0,0.0,0.0,33.389,31.78,29.641,-96,10.2
2026-07-25 06:02:20,Pasillo Salones Eléctrica,28.421,Silence,0.0,29.185,Silence,0.0,0.0,0.0,0.0,0.0,0.0,0.0,0.0,0.0,0.0,29.365,28.376,27.888,-95,12.2
2026-07-25 06:04:22,Lobby Civil,56.031,Mixed,51.128,59.345,Group 5 (Vehicle),0.0,0.0,54.679,0.0,58.062,0.0,14.714,51.128,0.738,33.203,58.869,56.091,44.835,-97,10.5
2026-07-25 06:05:10,Salón - Extremo Civil,13.3,Silence,0.0,14.111,Silence,0.0,0.0,0.0,0.0,0.0,0.0,0.0,0.0,0.0,0.0,14.436,13.396,11.986,-75,12.5
2026-07-25 06:05:11,Laboratorios Eléctrica Superior,11.536,Silence,0.0,12.566,Silence,0.0,0.0,0.0,0.0,0.0,0.0,0.0,0.0,0.0,0.0,13.051,11.28,10.779,-108,4.2
2026-07-25 06:05:13,Pasillo Decanato Eléctrica,19.609,Silence,0.0,20.76,Silence,0.0,0.0,0.0,0.0,0.0,0.0,0.0,0.0,0.0,0.0,20.777,19.418,18.735,-111,9.8
2026-07-25 06:05:23,Salón - Uma Eléctrica,43.745,Silence,0.0,44.625,Silence,0.0,0.0,0.0,0.0,0.0,0.0,0.0,0.0,0.0,0.0,44.739,43.763,43.053,-85,13.0
2026-07-25 06:06:15,Laboratorios Eléctrica Centro,13.94,Silence,0.0,14.567,Silence,0.0,0.0,0.0,0.0,0.0,0.0,0.0,0.0,0.0,0.0,14.367,13.94,13.436,-93,9.8
2026-07-25 06:06:27,Pasillo Salones Civil,14.706,Silence,0.0,16.332,Silence,0.0,0.0,0.0,0.0,0.0,0.0,0.0,0.0,0.0,0.0,16.744,14.431,13.882,-85,9.8
2026-07-25 06:06:50,Pasillo Decanato Civil,21.072,Silence,0.0,23.356,Silence,0.0,0.0,0.0,0.0,0.0,0.0,0.0,0.0,0.0,0.0,23.499,20.826,19.148,-105,10.8
2026-07-25 06:06:59,Salón - Extremo Eléctrica,15.164,Silence,0.0,16.016,Silence,0.0,0.0,0.0,0.0,0.0,0.0,0.0,0.0,0.0,0.0,15.911,15.142,14.752,-101,5.8
2026-07-25 06:06:59,Lobby Eléctrica,36.492,Silence,0.0,37.179,Silence,0.0,0.0,0.0,0.0,0.0,0.0,0.0,0.0,0.0,0.0,37.379,36.445,35.548,-85,10.2
2026-07-25 06:07:19,Laboratorios Civil Superior,32.108,Silence,0.0,33.577,Silence,0.0,0.0,0.0,0.0,0.0,0.0,0.0,0.0,0.0,0.0,33.726,32.401,28.678,-101,10.8
2026-07-25 06:07:20,Pasillo Salones Eléctrica,29.007,Silence,0.0,29.746,Silence,0.0,0.0,0.0,0.0,0.0,0.0,0.0,0.0,0.0,0.0,29.567,28.985,28.328,-109,10.2
2026-07-25 06:09:22,Lobby Civil,47.16,Mixed,66.884,51.008,Group 3 (Rotary Tool),0.0,44.76,48.207,47.264,0.0,0.911,66.884,12.804,11.458,8.16,52.297,46.021,42.363,-95,11.8
2026-07-25 06:10:10,Salón - Extremo Civil,17.036,Silence,0.0,22.768,Silence,0.0,0.0,0.0,0.0,0.0,0.0,0.0,0.0,0.0,0.0,23.544,13.372,12.169,-90,12.2
2026-07-25 06:10:11,Laboratorios Eléctrica Superior,11.068,Silence,0.0,11.695,Silence,0.0,0.0,0.0,0.0,0.0,0.0,0.0,0.0,0.0,0.0,11.706,10.751,10.543,-99,9.5
2026-07-25 06:10:13,Pasillo Decanato Eléctrica,19.988,Silence,0.0,20.802,Silence,0.0,0.0,0.0,0.0,0.0,0.0,0.0,0.0,0.0,0.0,20.753,20.208,19.111,-95,12.8
2026-07-25 06:10:23,Salón - Uma Eléctrica,43.596,Silence,0.0,44.16,Silence,0.0,0.0,0.0,0.0,0.0,0.0,0.0,0.0,0.0,0.0,44.615,43.549,42.312,-84,12.2
2026-07-25 06:11:15,Laboratorios Eléctrica Centro,14.056,Silence,0.0,15.098,Silence,0.0,0.0,0.0,0.0,0.0,0.0,0.0,0.0,0.0,0.0,15.196,13.92,12.818,-109,4.8
2026-07-25 06:11:27,Pasillo Salones Civil,14.106,Silence,0.0,14.624,Silence,0.0,0.0,0.0,0.0,0.0,0.0,0.0,0.0,0.0,0.0,14.565,14.143,13.544,-85,9.2
2026-07-25 06:11:50,Pasillo Decanato Civil,19.012,Silence,0.0,19.825,Silence,0.0,0.0,0.0,0.0,0.0,0.0,0.0,0.0,0.0,0.0,20.064,18.801,18.382,-105,10.0
2026-07-25 06:11:51,Salón - Extremo Eléctrica,14.909,Silence,0.0,15.641,Silence,0.0,0.0,0.0,0.0,0.0,0.0,0.0,0.0,0.0,0.0,15.624,14.845,14.452,-77,12.5
2026-07-25 06:11:58,Lobby Eléctrica,27.565,Silence,0.0,29.234,Silence,0.0,0.0,0.0,0.0,0.0,0.0,0.0,0.0,0.0,0.0,29.627,27.344,25.71,-90,10.0
2026-07-25 06:12:19,Laboratorios Civil Superior,30.94,Silence,0.0,32.035,Silence,0.0,0.0,0.0,0.0,0.0,0.0,0.0,0.0,0.0,0.0,32.114,30.977,28.49,-99,12.8
2026-07-25 06:12:28,Pasillo Salones Eléctrica,28.748,Silence,0.0,29.469,Silence,0.0,0.0,0.0,0.0,0.0,0.0,0.0,0.0,0.0,0.0,29.441,28.734,28.157,-83,12.2
2026-07-25 06:14:22,Lobby Civil,58.366,Group 3 (Rotary Tool),84.505,60.448,Group 3 (Rotary Tool),0.0,0.0,58.797,0.0,0.0,0.0,14.41,84.505,0.174,0.694,60.665,58.632,53.869,-85,10.2
2026-07-25 06:15:10,Salón - Extremo Civil,13.649,Silence,0.0,14.179,Silence,0.0,0.0,0.0,0.0,0.0,0.0,0.0,0.0,0.0,0.0,14.443,13.488,12.941,-118,-6.5
2026-07-25 06:15:11,Laboratorios Eléctrica Superior,12.97,Silence,0.0,13.532,Silence,0.0,0.0,0.0,0.0,0.0,0.0,0.0,0.0,0.0,0.0,13.373,12.815,12.565,-81,9.5
2026-07-25 06:15:13,Pasillo Decanato Eléctrica,20.059,Silence,0.0,20.923,Silence,0.0,0.0,0.0,0.0,0.0,0.0,0.0,0.0,0.0,0.0,21.366,19.935,18.925,-95,13.8
2026-07-25 06:15:23,Salón - Uma Eléctrica,44.328,Silence,0.0,45.073,Silence,0.0,0.0,0.0,0.0,0.0,0.0,0.0,0.0,0.0,0.0,45.096,44.304,43.708,-101,12.5
2026-07-25 06:16:15,Laboratorios Eléctrica Centro,28.546,Silence,0.0,38.96,Silence,0.0,0.0,0.0,0.0,0.0,0.0,0.0,0.0,0.0,0.0,38.667,17.536,13.527,-90,10.2
2026-07-25 06:16:27,Pasillo Salones Civil,17.145,Silence,0.0,24.595,Silence,0.0,0.0,0.0,0.0,0.0,0.0,0.0,0.0,0.0,0.0,23.486,14.183,13.247,-85,9.5
2026-07-25 06:16:50,Pasillo Decanato Civil,18.985,Silence,0.0,20.093,Silence,0.0,0.0,0.0,0.0,0.0,0.0,0.0,0.0,0.0,0.0,20.099,18.702,18.089,-103,9.5
2026-07-25 06:16:51,Salón - Extremo Eléctrica,15.26,Silence,0.0,15.769,Silence,0.0,0.0,0.0,0.0,0.0,0.0,0.0,0.0,0.0,0.0,15.622,15.278,14.575,-89,13.8
2026-07-25 06:16:58,Lobby Eléctrica,28.661,Silence,0.0,29.301,Silence,0.0,0.0,0.0,0.0,0.0,0.0,0.0,0.0,0.0,0.0,29.38,28.597,27.512,-85,10.0
2026-07-25 06:17:19,Laboratorios Civil Superior,34.027,Silence,0.0,36.142,Silence,0.0,0.0,0.0,0.0,0.0,0.0,0.0,0.0,0.0,0.0,36.464,34.274,31.888,-102,10.2
2026-07-25 06:17:20,Pasillo Salones Eléctrica,29.239,Silence,0.0,30.036,Silence,0.0,0.0,0.0,0.0,0.0,0.0,0.0,0.0,0.0,0.0,30.269,29.125,27.806,-91,9.2
2026-07-25 06:19:22,Lobby Civil,59.323,Mixed,57.075,59.885,Group 5 (Vehicle),0.0,59.159,0.0,0.0,59.57,1.519,57.075,7.639,7.205,26.606,59.869,59.406,58.661,-98,4.5
2026-07-25 06:20:10,Salón - Extremo Civil,15.188,Silence,0.0,16.171,Silence,0.0,0.0,0.0,0.0,0.0,0.0,0.0,0.0,0.0,0.0,16.093,15.405,13.929,-117,-8.0
2026-07-25 06:20:11,Laboratorios Eléctrica Superior,17.02,Silence,0.0,18.318,Silence,0.0,0.0,0.0,0.0,0.0,0.0,0.0,0.0,0.0,0.0,18.032,17.137,16.368,-103,7.2
2026-07-25 06:20:13,Pasillo Decanato Eléctrica,19.694,Silence,0.0,20.377,Silence,0.0,0.0,0.0,0.0,0.0,0.0,0.0,0.0,0.0,0.0,20.425,19.733,18.79,-115,2.5
2026-07-25 06:20:23,Salón - Uma Eléctrica,43.583,Silence,0.0,44.46,Silence,0.0,0.0,0.0,0.0,0.0,0.0,0.0,0.0,0.0,0.0,44.593,43.296,42.651,-111,4.8
2026-07-25 06:21:15,Laboratorios Eléctrica Centro,20.245,Silence,0.0,20.912,Silence,0.0,0.0,0.0,0.0,0.0,0.0,0.0,0.0,0.0,0.0,20.732,20.266,19.758,-108,8.5
2026-07-25 06:21:27,Pasillo Salones Civil,13.627,Silence,0.0,14.067,Silence,0.0,0.0,0.0,0.0,0.0,0.0,0.0,0.0,0.0,0.0,14.166,13.415,13.196,-99,8.5
2026-07-25 06:21:50,Pasillo Decanato Civil,18.245,Silence,0.0,19.563,Silence,0.0,0.0,0.0,0.0,0.0,0.0,0.0,0.0,0.0,0.0,19.51,18.486,16.672,-99,12.0
2026-07-25 06:21:51,Salón - Extremo Eléctrica,14.932,Silence,0.0,15.419,Silence,0.0,0.0,0.0,0.0,0.0,0.0,0.0,0.0,0.0,0.0,15.335,14.996,14.011,-97,11.8
2026-07-25 06:21:58,Lobby Eléctrica,28.333,Silence,0.0,29.082,Silence,0.0,0.0,0.0,0.0,0.0,0.0,0.0,0.0,0.0,0.0,29.091,28.457,27.604,-85,9.2
2026-07-25 06:22:19,Laboratorios Civil Superior,34.219,Silence,0.0,34.967,Silence,0.0,0.0,0.0,0.0,0.0,0.0,0.0,0.0,0.0,0.0,34.998,34.301,32.927,-97,11.5
2026-07-25 06:22:20,Pasillo Salones Eléctrica,29.082,Silence,0.0,29.997,Silence,0.0,0.0,0.0,0.0,0.0,0.0,0.0,0.0,0.0,0.0,29.869,29.217,28.361,-95,12.8
2026-07-25 06:24:22,Lobby Civil,48.784,Group 2 (Impact),85.645,54.491,Group 2 (Impact),0.0,50.762,0.0,0.0,0.0,0.0,85.645,4.15,1.318,9.033,53.365,47.688,42.45,-99,11.0
2026-07-25 06:25:10,Salón - Extremo Civil,13.65,Silence,0.0,14.09,Silence,0.0,0.0,0.0,0.0,0.0,0.0,0.0,0.0,0.0,0.0,13.931,13.655,13.338,-97,12.0
2026-07-25 06:25:11,Laboratorios Eléctrica Superior,18.207,Silence,0.0,19.062,Silence,0.0,0.0,0.0,0.0,0.0,0.0,0.0,0.0,0.0,0.0,18.716,18.2,17.494,-99,9.2
2026-07-25 06:25:13,Pasillo Decanato Eléctrica,19.862,Silence,0.0,20.916,Silence,0.0,0.0,0.0,0.0,0.0,0.0,0.0,0.0,0.0,0.0,21.199,19.947,18.671,-101,5.0
2026-07-25 06:25:23,Salón - Uma Eléctrica,43.676,Silence,0.0,44.556,Silence,0.0,0.0,0.0,0.0,0.0,0.0,0.0,0.0,0.0,0.0,44.847,43.579,42.805,-91,13.0
2026-07-25 06:26:15,Laboratorios Eléctrica Centro,23.763,Silence,0.0,24.633,Silence,0.0,0.0,0.0,0.0,0.0,0.0,0.0,0.0,0.0,0.0,24.778,23.658,23.181,-103,8.0
2026-07-25 06:26:27,Pasillo Salones Civil,13.895,Silence,0.0,14.691,Silence,0.0,0.0,0.0,0.0,0.0,0.0,0.0,0.0,0.0,0.0,14.397,14.033,13.269,-97,7.8
2026-07-25 06:26:50,Pasillo Decanato Civil,18.466,Silence,0.0,19.351,Silence,0.0,0.0,0.0,0.0,0.0,0.0,0.0,0.0,0.0,0.0,19.424,18.619,16.873,-97,13.0
2026-07-25 06:26:51,Salón - Extremo Eléctrica,15.353,Silence,0.0,15.893,Silence,0.0,0.0,0.0,0.0,0.0,0.0,0.0,0.0,0.0,0.0,15.728,15.454,14.651,-87,9.2
2026-07-25 06:26:58,Lobby Eléctrica,28.706,Silence,0.0,29.457,Silence,0.0,0.0,0.0,0.0,0.0,0.0,0.0,0.0,0.0,0.0,29.281,28.924,27.602,-84,10.2
2026-07-25 06:27:19,Laboratorios Civil Superior,33.256,Silence,0.0,34.387,Silence,0.0,0.0,0.0,0.0,0.0,0.0,0.0,0.0,0.0,0.0,34.262,33.222,31.153,-103,10.5
2026-07-25 06:27:20,Pasillo Salones Eléctrica,29.059,Silence,0.0,30.65,Silence,0.0,0.0,0.0,0.0,0.0,0.0,0.0,0.0,0.0,0.0,29.97,28.982,28.53,-107,9.8
2026-07-25 06:29:22,Lobby Civil,39.089,Silence,0.0,39.466,Silence,0.0,0.0,0.0,0.0,0.0,0.0,0.0,0.0,0.0,0.0,39.606,39.092,38.622,-87,12.0
2026-07-25 06:30:10,Salón - Extremo Civil,14.176,Silence,0.0,14.744,Silence,0.0,0.0,0.0,0.0,0.0,0.0,0.0,0.0,0.0,0.0,14.979,14.101,13.722,-120,-3.2
2026-07-25 06:30:11,Laboratorios Eléctrica Superior,16.809,Silence,0.0,17.514,Silence,0.0,0.0,0.0,0.0,0.0,0.0,0.0,0.0,0.0,0.0,17.419,16.802,15.928,-96,9.5
2026-07-25 06:30:13,Pasillo Decanato Eléctrica,19.642,Silence,0.0,20.515,Silence,0.0,0.0,0.0,0.0,0.0,0.0,0.0,0.0,0.0,0.0,20.6,19.916,18.454,-90,12.8
2026-07-25 06:30:23,Salón - Uma Eléctrica,43.701,Silence,0.0,44.74,Silence,0.0,0.0,0.0,0.0,0.0,0.0,0.0,0.0,0.0,0.0,44.121,43.719,43.157,-96,4.2
2026-07-25 06:31:15,Laboratorios Eléctrica Centro,22.263,Silence,0.0,23.034,Silence,0.0,0.0,0.0,0.0,0.0,0.0,0.0,0.0,0.0,0.0,23.242,22.274,21.507,-115,-2.8
2026-07-25 06:31:27,Pasillo Salones Civil,13.606,Silence,0.0,13.94,Silence,0.0,0.0,0.0,0.0,0.0,0.0,0.0,0.0,0.0,0.0,13.895,13.596,13.204,-93,9.2
2026-07-25 06:31:50,Pasillo Decanato Civil,18.247,Silence,0.0,18.865,Silence,0.0,0.0,0.0,0.0,0.0,0.0,0.0,0.0,0.0,0.0,18.84,18.176,17.639,-96,9.2
2026-07-25 06:31:51,Salón - Extremo Eléctrica,14.82,Silence,0.0,15.828,Silence,0.0,0.0,0.0,0.0,0.0,0.0,0.0,0.0,0.0,0.0,15.835,14.608,14.024,-77,12.5
2026-07-25 06:31:58,Lobby Eléctrica,34.824,Silence,0.0,42.499,Silence,0.0,0.0,0.0,0.0,0.0,0.0,0.0,0.0,0.0,0.0,40.869,31.262,28.767,-91,7.5
2026-07-25 06:32:19,Laboratorios Civil Superior,32.601,Silence,0.0,33.675,Silence,0.0,0.0,0.0,0.0,0.0,0.0,0.0,0.0,0.0,0.0,33.948,32.703,31.103,-99,11.2
2026-07-25 06:32:20,Pasillo Salones Eléctrica,29.856,Silence,0.0,30.49,Silence,0.0,0.0,0.0,0.0,0.0,0.0,0.0,0.0,0.0,0.0,30.388,29.897,29.372,-84,12.5
2026-07-25 06:34:22,Lobby Civil,55.941,Group 5 (Vehicle),73.828,59.142,Group 5 (Vehicle),0.0,52.645,0.0,0.0,56.125,0.0,25.477,0.608,0.087,73.828,60.177,55.311,49.737,-82,11.8
2026-07-25 06:35:10,Salón - Extremo Civil,13.715,Silence,0.0,14.3,Silence,0.0,0.0,0.0,0.0,0.0,0.0,0.0,0.0,0.0,0.0,14.007,13.723,13.126,-93,14.0
2026-07-25 06:35:11,Laboratorios Eléctrica Superior,17.971,Silence,0.0,18.702,Silence,0.0,0.0,0.0,0.0,0.0,0.0,0.0,0.0,0.0,0.0,18.603,18.157,17.206,-107,6.8
2026-07-25 06:35:13,Pasillo Decanato Eléctrica,19.66,Silence,0.0,20.355,Silence,0.0,0.0,0.0,0.0,0.0,0.0,0.0,0.0,0.0,0.0,20.249,19.571,18.79,-117,-1.5
2026-07-25 06:35:23,Salón - Uma Eléctrica,43.593,Silence,0.0,44.124,Silence,0.0,0.0,0.0,0.0,0.0,0.0,0.0,0.0,0.0,0.0,44.132,43.631,43.071,-113,6.2
2026-07-25 06:36:15,Laboratorios Eléctrica Centro,25.713,Silence,0.0,26.36,Silence,0.0,0.0,0.0,0.0,0.0,0.0,0.0,0.0,0.0,0.0,26.247,25.536,25.311,-108,-3.2
2026-07-25 06:36:27,Pasillo Salones Civil,19.549,Silence,0.0,20.287,Silence,0.0,0.0,0.0,0.0,0.0,0.0,0.0,0.0,0.0,0.0,20.163,19.508,18.571,-102,8.0
2026-07-25 06:36:50,Pasillo Decanato Civil,24.064,Silence,0.0,25.247,Silence,0.0,0.0,0.0,0.0,0.0,0.0,0.0,0.0,0.0,0.0,25.15,23.64,23.04,-105,10.0
2026-07-25 06:36:51,Salón - Extremo Eléctrica,15.486,Silence,0.0,16.405,Silence,0.0,0.0,0.0,0.0,0.0,0.0,0.0,0.0,0.0,0.0,16.524,15.348,14.453,-103,11.8
2026-07-25 06:36:58,Lobby Eléctrica,37.501,Silence,0.0,39.802,Silence,0.0,0.0,0.0,0.0,0.0,0.0,0.0,0.0,0.0,0.0,40.75,36.282,34.681,-83,9.0
2026-07-25 06:37:19,Laboratorios Civil Superior,32.507,Silence,0.0,34.343,Silence,0.0,0.0,0.0,0.0,0.0,0.0,0.0,0.0,0.0,0.0,34.328,32.114,30.588,-99,12.0
2026-07-25 06:37:20,Pasillo Salones Eléctrica,29.399,Silence,0.0,29.972,Silence,0.0,0.0,0.0,0.0,0.0,0.0,0.0,0.0,0.0,0.0,29.936,29.557,28.524,-102,9.5
2026-07-25 06:39:22,Lobby Civil,56.305,Group 5 (Vehicle),97.352,60.915,Group 5 (Vehicle),0.0,0.0,0.0,0.0,56.337,0.911,0.694,0.651,0.217,97.352,60.343,55.364,50.195,-101,11.5
2026-07-25 06:40:10,Salón - Extremo Civil,16.03,Silence,0.0,17.05,Silence,0.0,0.0,0.0,0.0,0.0,0.0,0.0,0.0,0.0,0.0,17.347,15.884,14.831,-117,-4.5
2026-07-25 06:40:11,Laboratorios Eléctrica Superior,11.511,Silence,0.0,12.158,Silence,0.0,0.0,0.0,0.0,0.0,0.0,0.0,0.0,0.0,0.0,11.881,11.647,10.99,-81,9.0
2026-07-25 06:40:13,Pasillo Decanato Eléctrica,19.653,Silence,0.0,20.244,Silence,0.0,0.0,0.0,0.0,0.0,0.0,0.0,0.0,0.0,0.0,20.205,19.606,18.874,-111,8.8
2026-07-25 06:40:23,Salón - Uma Eléctrica,43.969,Silence,0.0,44.492,Silence,0.0,0.0,0.0,0.0,0.0,0.0,0.0,0.0,0.0,0.0,44.375,43.952,43.492,-89,13.0
2026-07-25 06:41:15,Laboratorios Eléctrica Centro,24.441,Silence,0.0,25.144,Silence,0.0,0.0,0.0,0.0,0.0,0.0,0.0,0.0,0.0,0.0,25.022,24.572,23.701,-97,8.8
2026-07-25 06:41:27,Pasillo Salones Civil,17.485,Silence,0.0,18.474,Silence,0.0,0.0,0.0,0.0,0.0,0.0,0.0,0.0,0.0,0.0,18.604,17.477,16.25,-87,9.2
2026-07-25 06:41:50,Pasillo Decanato Civil,23.371,Silence,0.0,25.573,Silence,0.0,0.0,0.0,0.0,0.0,0.0,0.0,0.0,0.0,0.0,26.649,22.703,21.061,-111,3.2
2026-07-25 06:41:58,Lobby Eléctrica,35.218,Silence,0.0,37.042,Silence,0.0,0.0,0.0,0.0,0.0,0.0,0.0,0.0,0.0,0.0,37.43,34.825,32.616,-87,9.8
2026-07-25 06:42:19,Laboratorios Civil Superior,32.845,Silence,0.0,34.472,Silence,0.0,0.0,0.0,0.0,0.0,0.0,0.0,0.0,0.0,0.0,34.336,31.768,30.915,-101,11.5
2026-07-25 06:42:20,Pasillo Salones Eléctrica,29.14,Silence,0.0,29.916,Silence,0.0,0.0,0.0,0.0,0.0,0.0,0.0,0.0,0.0,0.0,29.866,28.939,28.499,-83,12.0
2026-07-25 06:44:22,Lobby Civil,59.475,Group 5 (Vehicle),88.151,62.311,Group 5 (Vehicle),0.0,0.0,0.0,60.387,59.484,0.0,0.304,0.0,11.285,88.151,62.546,59.459,51.332,-96,9.0
2026-07-25 06:45:10,Salón - Extremo Civil,13.833,Silence,0.0,14.799,Silence,0.0,0.0,0.0,0.0,0.0,0.0,0.0,0.0,0.0,0.0,14.295,13.815,13.502,-115,-12.8
2026-07-25 06:45:18,Laboratorios Eléctrica Superior,18.36,Silence,0.0,19.071,Silence,0.0,0.0,0.0,0.0,0.0,0.0,0.0,0.0,0.0,0.0,18.951,18.51,17.246,-97,6.5
2026-07-25 06:45:18,Pasillo Decanato Eléctrica,19.852,Silence,0.0,20.481,Silence,0.0,0.0,0.0,0.0,0.0,0.0,0.0,0.0,0.0,0.0,20.425,19.78,19.402,-103,-7.5
2026-07-25 06:45:23,Salón - Uma Eléctrica,44.397,Silence,0.0,45.013,Silence,0.0,0.0,0.0,0.0,0.0,0.0,0.0,0.0,0.0,0.0,44.892,44.424,43.628,-117,-8.5
2026-07-25 06:46:15,Laboratorios Eléctrica Centro,15.37,Silence,0.0,15.957,Silence,0.0,0.0,0.0,0.0,0.0,0.0,0.0,0.0,0.0,0.0,16.174,15.193,14.754,-108,5.5
2026-07-25 06:46:27,Pasillo Salones Civil,14.463,Silence,0.0,14.923,Silence,0.0,0.0,0.0,0.0,0.0,0.0,0.0,0.0,0.0,0.0,15.079,14.457,13.843,-85,10.0
2026-07-25 06:46:50,Pasillo Decanato Civil,23.939,Silence,0.0,25.824,Silence,0.0,0.0,0.0,0.0,0.0,0.0,0.0,0.0,0.0,0.0,26.284,24.025,20.524,-103,11.0
2026-07-25 06:46:51,Salón - Extremo Eléctrica,15.029,Silence,0.0,15.956,Silence,0.0,0.0,0.0,0.0,0.0,0.0,0.0,0.0,0.0,0.0,16.041,14.773,14.287,-78,12.2
2026-07-25 06:46:58,Lobby Eléctrica,35.307,Silence,0.0,38.372,Silence,0.0,0.0,0.0,0.0,0.0,0.0,0.0,0.0,0.0,0.0,38.609,35.654,29.583,-85,9.8
2026-07-25 06:47:19,Laboratorios Civil Superior,33.561,Silence,0.0,35.938,Silence,0.0,0.0,0.0,0.0,0.0,0.0,0.0,0.0,0.0,0.0,36.749,32.92,30.018,-99,11.5
2026-07-25 06:47:20,Pasillo Salones Eléctrica,29.457,Silence,0.0,30.596,Silence,0.0,0.0,0.0,0.0,0.0,0.0,0.0,0.0,0.0,0.0,30.676,29.307,28.523,-103,9.8
2026-07-25 06:49:22,Lobby Civil,62.943,Group 5 (Vehicle),92.101,65.59,Group 5 (Vehicle),0.0,0.0,0.0,0.0,63.583,7.161,0.217,0.217,0.174,92.101,65.993,62.515,60.643,-89,13.2
2026-07-25 06:50:10,Salón - Extremo Civil,14.12,Silence,0.0,14.653,Silence,0.0,0.0,0.0,0.0,0.0,0.0,0.0,0.0,0.0,0.0,14.607,14.126,13.409,-118,-6.5
2026-07-25 06:50:11,Laboratorios Eléctrica Superior,18.242,Silence,0.0,18.835,Silence,0.0,0.0,0.0,0.0,0.0,0.0,0.0,0.0,0.0,0.0,19.005,18.147,17.435,-84,10.2
2026-07-25 06:50:13,Pasillo Decanato Eléctrica,19.842,Silence,0.0,20.705,Silence,0.0,0.0,0.0,0.0,0.0,0.0,0.0,0.0,0.0,0.0,20.713,19.978,18.784,-93,13.2
2026-07-25 06:51:15,Laboratorios Eléctrica Centro,25.442,Silence,0.0,26.389,Silence,0.0,0.0,0.0,0.0,0.0,0.0,0.0,0.0,0.0,0.0,26.322,25.503,24.86,-97,8.5
2026-07-25 06:51:27,Pasillo Salones Civil,18.834,Silence,0.0,19.932,Silence,0.0,0.0,0.0,0.0,0.0,0.0,0.0,0.0,0.0,0.0,20.13,18.709,17.424,-100,7.5
2026-07-25 06:51:50,Pasillo Decanato Civil,20.953,Silence,0.0,22.292,Silence,0.0,0.0,0.0,0.0,0.0,0.0,0.0,0.0,0.0,0.0,22.165,20.532,19.785,-103,10.5
2026-07-25 06:51:51,Salón - Extremo Eléctrica,15.337,Silence,0.0,15.805,Silence,0.0,0.0,0.0,0.0,0.0,0.0,0.0,0.0,0.0,0.0,15.72,15.448,14.88,-83,12.5
2026-07-25 06:51:58,Lobby Eléctrica,32.55,Silence,0.0,35.399,Silence,0.0,0.0,0.0,0.0,0.0,0.0,0.0,0.0,0.0,0.0,35.338,32.943,28.683,-89,8.8
2026-07-25 06:52:19,Laboratorios Civil Superior,33.908,Silence,0.0,36.084,Silence,0.0,0.0,0.0,0.0,0.0,0.0,0.0,0.0,0.0,0.0,35.936,33.599,31.535,-101,11.8
2026-07-25 06:52:20,Pasillo Salones Eléctrica,29.112,Silence,0.0,29.887,Silence,0.0,0.0,0.0,0.0,0.0,0.0,0.0,0.0,0.0,0.0,29.552,29.221,28.111,-93,13.2
2026-07-25 06:54:22,Lobby Civil,38.226,Silence,0.0,39.401,Silence,0.0,0.0,0.0,0.0,0.0,0.0,0.0,0.0,0.0,0.0,40.341,38.128,36.899,-101,8.8
2026-07-25 06:55:10,Salón - Extremo Civil,13.476,Silence,0.0,14.146,Silence,0.0,0.0,0.0,0.0,0.0,0.0,0.0,0.0,0.0,0.0,14.016,13.413,13.085,-95,9.0
2026-07-25 06:55:11,Laboratorios Eléctrica Superior,12.13,Silence,0.0,13.018,Silence,0.0,0.0,0.0,0.0,0.0,0.0,0.0,0.0,0.0,0.0,12.911,11.881,11.418,-81,9.8
2026-07-25 06:55:13,Pasillo Decanato Eléctrica,19.626,Silence,0.0,20.855,Silence,0.0,0.0,0.0,0.0,0.0,0.0,0.0,0.0,0.0,0.0,20.515,19.825,18.269,-91,12.8
2026-07-25 06:55:23,Salón - Uma Eléctrica,43.344,Silence,0.0,44.086,Silence,0.0,0.0,0.0,0.0,0.0,0.0,0.0,0.0,0.0,0.0,43.735,43.335,42.92,-89,13.0
2026-07-25 06:56:15,Laboratorios Eléctrica Centro,13.365,Silence,0.0,14.554,Silence,0.0,0.0,0.0,0.0,0.0,0.0,0.0,0.0,0.0,0.0,14.508,13.639,12.41,-95,8.2
2026-07-25 06:56:27,Pasillo Salones Civil,14.249,Silence,0.0,14.841,Silence,0.0,0.0,0.0,0.0,0.0,0.0,0.0,0.0,0.0,0.0,14.706,14.311,13.44,-100,6.8
2026-07-25 06:56:50,Pasillo Decanato Civil,18.524,Silence,0.0,19.357,Silence,0.0,0.0,0.0,0.0,0.0,0.0,0.0,0.0,0.0,0.0,19.253,18.421,17.449,-88,13.0
2026-07-25 06:56:51,Salón - Extremo Eléctrica,16.203,Silence,0.0,17.279,Silence,0.0,0.0,0.0,0.0,0.0,0.0,0.0,0.0,0.0,0.0,17.518,15.87,15.377,-79,12.5
2026-07-25 06:56:58,Lobby Eléctrica,29.503,Silence,0.0,30.777,Silence,0.0,0.0,0.0,0.0,0.0,0.0,0.0,0.0,0.0,0.0,31.001,29.705,28.298,-83,9.0
2026-07-25 06:57:19,Laboratorios Civil Superior,32.828,Silence,0.0,34.211,Silence,0.0,0.0,0.0,0.0,0.0,0.0,0.0,0.0,0.0,0.0,34.251,32.274,31.846,-99,13.0
2026-07-25 06:57:20,Pasillo Salones Eléctrica,29.229,Silence,0.0,29.928,Silence,0.0,0.0,0.0,0.0,0.0,0.0,0.0,0.0,0.0,0.0,29.907,29.31,28.183,-103,10.5
2026-07-25 06:59:22,Lobby Civil,57.704,Mixed,67.578,61.007,Group 5 (Vehicle),0.0,53.462,0.0,0.0,58.751,0.738,30.642,0.868,0.0,67.578,61.334,57.201,43.425,-87,12.5
2026-07-25 07:00:10,Salón - Extremo Civil,14.07,Silence,0.0,14.842,Silence,0.0,0.0,0.0,0.0,0.0,0.0,0.0,0.0,0.0,0.0,14.929,13.996,13.542,-93,13.2
2026-07-25 07:00:11,Laboratorios Eléctrica Superior,13.772,Silence,0.0,14.765,Silence,0.0,0.0,0.0,0.0,0.0,0.0,0.0,0.0,0.0,0.0,14.826,13.511,12.714,-107,5.8
2026-07-25 07:00:13,Pasillo Decanato Eléctrica,19.789,Silence,0.0,20.779,Silence,0.0,0.0,0.0,0.0,0.0,0.0,0.0,0.0,0.0,0.0,20.445,19.704,19.062,-117,-3.5
2026-07-25 07:00:23,Salón - Uma Eléctrica,43.291,Silence,0.0,44.106,Silence,0.0,0.0,0.0,0.0,0.0,0.0,0.0,0.0,0.0,0.0,44.003,43.412,42.549,-101,10.0
2026-07-25 07:01:15,Laboratorios Eléctrica Centro,13.995,Silence,0.0,15.052,Silence,0.0,0.0,0.0,0.0,0.0,0.0,0.0,0.0,0.0,0.0,14.647,14.218,13.252,-115,-4.2
2026-07-25 07:01:27,Pasillo Salones Civil,20.837,Silence,0.0,24.37,Silence,0.0,0.0,0.0,0.0,0.0,0.0,0.0,0.0,0.0,0.0,24.993,19.772,16.607,-96,9.0
2026-07-25 07:01:50,Pasillo Decanato Civil,18.184,Silence,0.0,19.462,Silence,0.0,0.0,0.0,0.0,0.0,0.0,0.0,0.0,0.0,0.0,18.991,17.98,17.398,-96,12.0
2026-07-25 07:01:51,Salón - Extremo Eléctrica,15.451,Silence,0.0,16.353,Silence,0.0,0.0,0.0,0.0,0.0,0.0,0.0,0.0,0.0,0.0,16.113,15.434,14.143,-120,-12.2
2026-07-25 07:01:58,Lobby Eléctrica,26.847,Silence,0.0,27.877,Silence,0.0,0.0,0.0,0.0,0.0,0.0,0.0,0.0,0.0,0.0,27.746,26.847,25.728,-87,9.8
2026-07-25 07:02:19,Laboratorios Civil Superior,31.679,Silence,0.0,33.496,Silence,0.0,0.0,0.0,0.0,0.0,0.0,0.0,0.0,0.0,0.0,33.707,31.166,29.867,-97,12.2
2026-07-25 07:02:20,Pasillo Salones Eléctrica,28.978,Silence,0.0,29.866,Silence,0.0,0.0,0.0,0.0,0.0,0.0,0.0,0.0,0.0,0.0,29.626,29.019,28.229,-96,12.8
2026-07-25 07:04:22,Lobby Civil,63.638,Group 5 (Vehicle),97.786,66.067,Group 5 (Vehicle),0.0,0.0,0.0,0.0,63.216,0.434,0.0,1.519,0.0,97.786,66.164,62.66,58.755,-84,11.8
2026-07-25 07:05:10,Salón - Extremo Civil,15.238,Silence,0.0,20.525,Silence,0.0,0.0,0.0,0.0,0.0,0.0,0.0,0.0,0.0,0.0,17.364,14.994,13.703,-120,-9.8
2026-07-25 07:05:11,Laboratorios Eléctrica Superior,17.967,Silence,0.0,18.837,Silence,0.0,0.0,0.0,0.0,0.0,0.0,0.0,0.0,0.0,0.0,18.907,17.905,17.231,-82,8.8
2026-07-25 07:05:13,Pasillo Decanato Eléctrica,19.815,Silence,0.0,21.133,Silence,0.0,0.0,0.0,0.0,0.0,0.0,0.0,0.0,0.0,0.0,21.436,19.584,18.325,-112,-6.0
2026-07-25 07:05:23,Salón - Uma Eléctrica,43.596,Silence,0.0,44.088,Silence,0.0,0.0,0.0,0.0,0.0,0.0,0.0,0.0,0.0,0.0,44.157,43.529,42.93,-91,13.0
2026-07-25 07:06:15,Laboratorios Eléctrica Centro,25.169,Silence,0.0,26.062,Silence,0.0,0.0,0.0,0.0,0.0,0.0,0.0,0.0,0.0,0.0,25.957,24.985,24.447,-105,7.5
2026-07-25 07:06:27,Pasillo Salones Civil,18.866,Silence,0.0,20.229,Silence,0.0,0.0,0.0,0.0,0.0,0.0,0.0,0.0,0.0,0.0,20.484,18.472,17.614,-101,8.2
2026-07-25 07:06:50,Pasillo Decanato Civil,25.052,Silence,0.0,29.431,Silence,0.0,0.0,0.0,0.0,0.0,0.0,0.0,0.0,0.0,0.0,30.415,25.191,20.353,-101,12.2
2026-07-25 07:06:51,Salón - Extremo Eléctrica,15.06,Silence,0.0,15.74,Silence,0.0,0.0,0.0,0.0,0.0,0.0,0.0,0.0,0.0,0.0,15.572,14.992,14.458,-91,12.5
2026-07-25 07:06:58,Lobby Eléctrica,42.304,Silence,0.0,44.012,Silence,0.0,0.0,0.0,0.0,0.0,0.0,0.0,0.0,0.0,0.0,43.859,42.077,40.598,-90,9.5
2026-07-25 07:07:19,Laboratorios Civil Superior,34.344,Silence,0.0,36.373,Silence,0.0,0.0,0.0,0.0,0.0,0.0,0.0,0.0,0.0,0.0,36.103,34.446,29.814,-107,8.0
2026-07-25 07:07:20,Pasillo Salones Eléctrica,29.65,Silence,0.0,30.725,Silence,0.0,0.0,0.0,0.0,0.0,0.0,0.0,0.0,0.0,0.0,31.211,29.376,28.769,-102,4.2
2026-07-25 07:09:22,Lobby Civil,64.48,Group 5 (Vehicle),78.076,68.09,Group 5 (Vehicle),0.0,63.916,0.0,0.0,63.006,0.0,21.631,0.098,0.0,78.076,69.016,61.209,59.478,-83,11.8
2026-07-25 07:10:10,Salón - Extremo Civil,14.78,Silence,0.0,15.456,Silence,0.0,0.0,0.0,0.0,0.0,0.0,0.0,0.0,0.0,0.0,15.546,14.791,14.064,-121,-5.2
2026-07-25 07:10:11,Laboratorios Eléctrica Superior,12.472,Silence,0.0,13.673,Silence,0.0,0.0,0.0,0.0,0.0,0.0,0.0,0.0,0.0,0.0,13.73,12.169,11.433,-112,2.8
2026-07-25 07:10:13,Pasillo Decanato Eléctrica,19.851,Silence,0.0,20.908,Silence,0.0,0.0,0.0,0.0,0.0,0.0,0.0,0.0,0.0,0.0,21.187,19.86,19.213,-117,-8.0
2026-07-25 07:10:23,Salón - Uma Eléctrica,43.335,Silence,0.0,43.973,Silence,0.0,0.0,0.0,0.0,0.0,0.0,0.0,0.0,0.0,0.0,44.285,43.082,42.859,-106,5.5
2026-07-25 07:11:15,Laboratorios Eléctrica Centro,24.346,Silence,0.0,25.272,Silence,0.0,0.0,0.0,0.0,0.0,0.0,0.0,0.0,0.0,0.0,25.145,24.19,22.986,-110,4.0
2026-07-25 07:11:28,Pasillo Salones Civil,24.131,Silence,0.0,27.13,Silence,0.0,0.0,0.0,0.0,0.0,0.0,0.0,0.0,0.0,0.0,28.184,23.807,21.31,-101,8.8
2026-07-25 07:11:50,Pasillo Decanato Civil,19.159,Silence,0.0,20.791,Silence,0.0,0.0,0.0,0.0,0.0,0.0,0.0,0.0,0.0,0.0,20.68,18.775,17.603,-105,10.5
2026-07-25 07:11:59,Salón - Extremo Eléctrica,15.103,Silence,0.0,15.693,Silence,0.0,0.0,0.0,0.0,0.0,0.0,0.0,0.0,0.0,0.0,15.631,15.314,13.926,-101,9.8
2026-07-25 07:11:59,Lobby Eléctrica,39.786,Silence,0.0,40.849,Silence,0.0,0.0,0.0,0.0,0.0,0.0,0.0,0.0,0.0,0.0,40.941,39.673,38.336,-90,9.5
2026-07-25 07:12:19,Laboratorios Civil Superior,32.816,Silence,0.0,33.579,Silence,0.0,0.0,0.0,0.0,0.0,0.0,0.0,0.0,0.0,0.0,33.433,33.044,30.937,-103,6.2
2026-07-25 07:12:20,Pasillo Salones Eléctrica,30.132,Silence,0.0,30.927,Silence,0.0,0.0,0.0,0.0,0.0,0.0,0.0,0.0,0.0,0.0,30.75,30.05,29.672,-97,13.0
2026-07-25 07:14:22,Lobby Civil,51.361,Mixed,55.599,54.961,Group 5 (Vehicle),49.219,49.042,46.289,0.0,55.095,55.599,18.533,6.944,1.302,17.535,55.542,48.288,46.785,-101,11.8
2026-07-25 07:15:10,Salón - Extremo Civil,13.668,Silence,0.0,14.36,Silence,0.0,0.0,0.0,0.0,0.0,0.0,0.0,0.0,0.0,0.0,14.334,13.591,12.84,-115,-7.8
2026-07-25 07:15:11,Laboratorios Eléctrica Superior,13.281,Silence,0.0,14.465,Silence,0.0,0.0,0.0,0.0,0.0,0.0,0.0,0.0,0.0,0.0,14.234,13.12,11.919,-101,7.5
2026-07-25 07:15:13,Pasillo Decanato Eléctrica,20.347,Silence,0.0,20.769,Silence,0.0,0.0,0.0,0.0,0.0,0.0,0.0,0.0,0.0,0.0,20.664,20.304,19.997,-90,12.5
2026-07-25 07:15:23,Salón - Uma Eléctrica,43.846,Silence,0.0,44.352,Silence,0.0,0.0,0.0,0.0,0.0,0.0,0.0,0.0,0.0,0.0,44.523,43.721,43.151,-99,12.0
2026-07-25 07:16:15,Laboratorios Eléctrica Centro,14.729,Silence,0.0,15.437,Silence,0.0,0.0,0.0,0.0,0.0,0.0,0.0,0.0,0.0,0.0,15.294,14.63,13.762,-118,-3.0
2026-07-25 07:16:27,Pasillo Salones Civil,13.503,Silence,0.0,13.955,Silence,0.0,0.0,0.0,0.0,0.0,0.0,0.0,0.0,0.0,0.0,14.198,13.366,12.657,-89,8.0
2026-07-25 07:16:50,Pasillo Decanato Civil,20.003,Silence,0.0,21.35,Silence,0.0,0.0,0.0,0.0,0.0,0.0,0.0,0.0,0.0,0.0,21.135,19.834,18.638,-103,4.0
2026-07-25 07:16:51,Salón - Extremo Eléctrica,14.84,Silence,0.0,15.435,Silence,0.0,0.0,0.0,0.0,0.0,0.0,0.0,0.0,0.0,0.0,15.338,14.767,14.428,-81,10.2
2026-07-25 07:16:58,Lobby Eléctrica,33.326,Silence,0.0,35.897,Silence,0.0,0.0,0.0,0.0,0.0,0.0,0.0,0.0,0.0,0.0,36.21,33.329,30.926,-91,9.8
2026-07-25 07:17:19,Laboratorios Civil Superior,30.388,Silence,0.0,32.061,Silence,0.0,0.0,0.0,0.0,0.0,0.0,0.0,0.0,0.0,0.0,32.426,30.445,28.785,-99,12.2
2026-07-25 07:17:28,Pasillo Salones Eléctrica,29.645,Silence,0.0,30.744,Silence,0.0,0.0,0.0,0.0,0.0,0.0,0.0,0.0,0.0,0.0,30.411,29.464,29.093,-96,12.2
2026-07-25 07:19:22,Lobby Civil,47.756,Group 2 (Impact),84.158,49.176,Group 2 (Impact),48.055,47.705,0.0,0.0,0.0,14.019,84.158,0.0,1.519,0.564,49.556,48.105,45.062,-89,13.8
2026-07-25 07:20:10,Salón - Extremo Civil,13.889,Silence,0.0,14.536,Silence,0.0,0.0,0.0,0.0,0.0,0.0,0.0,0.0,0.0,0.0,14.491,13.941,12.941,-119,-10.0
2026-07-25 07:20:11,Laboratorios Eléctrica Superior,16.968,Silence,0.0,17.605,Silence,0.0,0.0,0.0,0.0,0.0,0.0,0.0,0.0,0.0,0.0,17.451,16.886,16.549,-105,8.5
2026-07-25 07:20:13,Pasillo Decanato Eléctrica,19.548,Silence,0.0,20.334,Silence,0.0,0.0,0.0,0.0,0.0,0.0,0.0,0.0,0.0,0.0,20.193,19.45,18.577,-113,7.8
2026-07-25 07:20:23,Salón - Uma Eléctrica,42.802,Silence,0.0,43.775,Silence,0.0,0.0,0.0,0.0,0.0,0.0,0.0,0.0,0.0,0.0,43.27,42.602,42.172,-89,9.2
2026-07-25 07:21:15,Laboratorios Eléctrica Centro,25.444,Silence,0.0,26.104,Silence,0.0,0.0,0.0,0.0,0.0,0.0,0.0,0.0,0.0,0.0,25.872,25.348,24.776,-114,-1.5
2026-07-25 07:21:28,Pasillo Salones Civil,17.427,Silence,0.0,18.989,Silence,0.0,0.0,0.0,0.0,0.0,0.0,0.0,0.0,0.0,0.0,18.997,17.57,15.579,-101,9.0
2026-07-25 07:21:50,Pasillo Decanato Civil,20.457,Silence,0.0,22.251,Silence,0.0,0.0,0.0,0.0,0.0,0.0,0.0,0.0,0.0,0.0,22.389,19.806,19.695,-107,6.5
2026-07-25 07:21:51,Salón - Extremo Eléctrica,15.461,Silence,0.0,16.354,Silence,0.0,0.0,0.0,0.0,0.0,0.0,0.0,0.0,0.0,0.0,16.637,15.227,14.303,-87,12.8
2026-07-25 07:21:58,Lobby Eléctrica,30.3,Silence,0.0,31.762,Silence,0.0,0.0,0.0,0.0,0.0,0.0,0.0,0.0,0.0,0.0,32.149,30.247,28.552,-85,10.2
2026-07-25 07:22:19,Laboratorios Civil Superior,30.78,Silence,0.0,33.059,Silence,0.0,0.0,0.0,0.0,0.0,0.0,0.0,0.0,0.0,0.0,32.511,30.591,28.66,-96,11.8
2026-07-25 07:22:20,Pasillo Salones Eléctrica,29.833,Silence,0.0,30.649,Silence,0.0,0.0,0.0,0.0,0.0,0.0,0.0,0.0,0.0,0.0,30.625,29.667,28.53,-93,12.0
2026-07-25 07:24:22,Lobby Civil,48.412,Group 5 (Vehicle),72.526,55.409,Group 5 (Vehicle),41.864,52.245,0.0,0.0,51.129,9.939,16.58,0.434,0.434,72.526,51.887,47.35,40.486,-84,12.5
2026-07-25 07:25:10,Salón - Extremo Civil,14.315,Silence,0.0,14.824,Silence,0.0,0.0,0.0,0.0,0.0,0.0,0.0,0.0,0.0,0.0,14.851,14.425,13.657,-120,-7.8
2026-07-25 07:25:11,Laboratorios Eléctrica Superior,11.822,Silence,0.0,12.79,Silence,0.0,0.0,0.0,0.0,0.0,0.0,0.0,0.0,0.0,0.0,12.706,11.731,11.184,-103,8.0
2026-07-25 07:25:13,Pasillo Decanato Eléctrica,20.632,Silence,0.0,21.463,Silence,0.0,0.0,0.0,0.0,0.0,0.0,0.0,0.0,0.0,0.0,21.545,20.842,19.597,-109,8.0
2026-07-25 07:25:23,Salón - Uma Eléctrica,43.905,Silence,0.0,44.626,Silence,0.0,0.0,0.0,0.0,0.0,0.0,0.0,0.0,0.0,0.0,44.498,43.894,43.603,-101,11.5
2026-07-25 07:26:15,Laboratorios Eléctrica Centro,14.552,Silence,0.0,15.871,Silence,0.0,0.0,0.0,0.0,0.0,0.0,0.0,0.0,0.0,0.0,15.433,15.083,12.978,-90,9.2
2026-07-25 07:26:28,Pasillo Salones Civil,14.428,Silence,0.0,15.39,Silence,0.0,0.0,0.0,0.0,0.0,0.0,0.0,0.0,0.0,0.0,15.468,14.176,13.905,-84,8.5
2026-07-25 07:26:50,Pasillo Decanato Civil,18.737,Silence,0.0,19.628,Silence,0.0,0.0,0.0,0.0,0.0,0.0,0.0,0.0,0.0,0.0,19.683,18.658,18.147,-107,10.2
2026-07-25 07:26:51,Salón - Extremo Eléctrica,15.438,Silence,0.0,16.474,Silence,0.0,0.0,0.0,0.0,0.0,0.0,0.0,0.0,0.0,0.0,16.44,15.178,14.535,-79,13.0
2026-07-25 07:26:58,Lobby Eléctrica,29.219,Silence,0.0,30.052,Silence,0.0,0.0,0.0,0.0,0.0,0.0,0.0,0.0,0.0,0.0,30.047,29.167,28.521,-115,-5.0
2026-07-25 07:27:19,Laboratorios Civil Superior,34.297,Silence,0.0,35.683,Silence,0.0,0.0,0.0,0.0,0.0,0.0,0.0,0.0,0.0,0.0,35.335,34.3,32.92,-101,13.0
2026-07-25 07:27:20,Pasillo Salones Eléctrica,30.233,Silence,0.0,31.941,Silence,0.0,0.0,0.0,0.0,0.0,0.0,0.0,0.0,0.0,0.0,32.268,29.496,28.923,-99,12.0
2026-07-25 07:29:22,Lobby Civil,52.675,Mixed,37.891,55.222,Group 5 (Vehicle),54.04,51.708,0.0,52.356,54.026,36.458,37.891,0.043,11.632,14.106,55.478,53.248,47.178,-101,12.0
2026-07-25 07:30:10,Salón - Extremo Civil,14.52,Silence,0.0,15.102,Silence,0.0,0.0,0.0,0.0,0.0,0.0,0.0,0.0,0.0,0.0,14.975,14.438,13.761,-89,11.8
2026-07-25 07:30:11,Laboratorios Eléctrica Superior,12.913,Silence,0.0,13.543,Silence,0.0,0.0,0.0,0.0,0.0,0.0,0.0,0.0,0.0,0.0,13.451,12.803,12.454,-112,3.8
2026-07-25 07:30:13,Pasillo Decanato Eléctrica,20.158,Silence,0.0,20.898,Silence,0.0,0.0,0.0,0.0,0.0,0.0,0.0,0.0,0.0,0.0,20.976,20.2,19.333,-90,9.0
2026-07-25 07:30:23,Salón - Uma Eléctrica,43.142,Silence,0.0,44.282,Silence,0.0,0.0,0.0,0.0,0.0,0.0,0.0,0.0,0.0,0.0,44.491,43.07,42.095,-107,12.2
2026-07-25 07:31:15,Laboratorios Eléctrica Centro,14.396,Silence,0.0,15.049,Silence,0.0,0.0,0.0,0.0,0.0,0.0,0.0,0.0,0.0,0.0,15.31,14.239,13.722,-111,4.8
2026-07-25 07:31:27,Pasillo Salones Civil,17.174,Silence,0.0,18.486,Silence,0.0,0.0,0.0,0.0,0.0,0.0,0.0,0.0,0.0,0.0,18.559,17.057,15.681,-85,9.0
2026-07-25 07:31:50,Pasillo Decanato Civil,22.431,Silence,0.0,25.152,Silence,0.0,0.0,0.0,0.0,0.0,0.0,0.0,0.0,0.0,0.0,25.294,21.371,20.63,-103,11.0
2026-07-25 07:31:51,Salón - Extremo Eléctrica,18.008,Silence,0.0,19.613,Silence,0.0,0.0,0.0,0.0,0.0,0.0,0.0,0.0,0.0,0.0,20.031,18.214,15.524,-81,13.0
2026-07-25 07:31:58,Lobby Eléctrica,27.964,Silence,0.0,29.552,Silence,0.0,0.0,0.0,0.0,0.0,0.0,0.0,0.0,0.0,0.0,28.65,28.066,26.139,-85,10.5
2026-07-25 07:32:19,Laboratorios Civil Superior,32.387,Silence,0.0,33.601,Silence,0.0,0.0,0.0,0.0,0.0,0.0,0.0,0.0,0.0,0.0,34.023,32.473,30.3,-93,6.2
2026-07-25 07:32:20,Pasillo Salones Eléctrica,31.236,Silence,0.0,32.738,Silence,0.0,0.0,0.0,0.0,0.0,0.0,0.0,0.0,0.0,0.0,33.082,30.871,29.001,-93,12.2
2026-07-25 07:34:22,Lobby Civil,62.711,Mixed,48.177,66.725,Group 4 (Person),54.341,61.949,0.0,64.585,0.0,12.457,48.177,0.564,38.715,0.043,67.917,61.403,53.405,-109,10.2
2026-07-25 07:35:10,Salón - Extremo Civil,14.51,Silence,0.0,15.272,Silence,0.0,0.0,0.0,0.0,0.0,0.0,0.0,0.0,0.0,0.0,15.303,14.492,13.792,-78,12.2
2026-07-25 07:35:11,Laboratorios Eléctrica Superior,18.306,Silence,0.0,19.097,Silence,0.0,0.0,0.0,0.0,0.0,0.0,0.0,0.0,0.0,0.0,18.98,18.113,17.696,-103,6.5
2026-07-25 07:35:13,Pasillo Decanato Eléctrica,20.214,Silence,0.0,20.83,Silence,0.0,0.0,0.0,0.0,0.0,0.0,0.0,0.0,0.0,0.0,20.717,20.31,19.511,-113,7.5
2026-07-25 07:35:23,Salón - Uma Eléctrica,43.462,Silence,0.0,44.646,Silence,0.0,0.0,0.0,0.0,0.0,0.0,0.0,0.0,0.0,0.0,44.265,43.488,42.717,-89,12.5
2026-07-25 07:36:15,Laboratorios Eléctrica Centro,23.232,Silence,0.0,24.196,Silence,0.0,0.0,0.0,0.0,0.0,0.0,0.0,0.0,0.0,0.0,23.999,23.427,21.658,-106,1.2
2026-07-25 07:36:28,Pasillo Salones Civil,13.755,Silence,0.0,14.268,Silence,0.0,0.0,0.0,0.0,0.0,0.0,0.0,0.0,0.0,0.0,14.33,13.783,13.102,-95,9.2
2026-07-25 07:36:50,Pasillo Decanato Civil,17.531,Silence,0.0,19.799,Silence,0.0,0.0,0.0,0.0,0.0,0.0,0.0,0.0,0.0,0.0,19.986,17.101,16.01,-100,11.2
2026-07-25 07:36:51,Salón - Extremo Eléctrica,15.372,Silence,0.0,16.275,Silence,0.0,0.0,0.0,0.0,0.0,0.0,0.0,0.0,0.0,0.0,16.323,15.475,14.32,-95,13.2
2026-07-25 07:36:58,Lobby Eléctrica,27.82,Silence,0.0,28.196,Silence,0.0,0.0,0.0,0.0,0.0,0.0,0.0,0.0,0.0,0.0,28.197,27.894,27.116,-91,9.8
2026-07-25 07:37:19,Laboratorios Civil Superior,33.617,Silence,0.0,35.353,Silence,0.0,0.0,0.0,0.0,0.0,0.0,0.0,0.0,0.0,0.0,34.706,33.964,32.37,-107,8.5
2026-07-25 07:39:22,Lobby Civil,53.156,Mixed,59.852,58.891,Group 1 (Common),54.376,49.812,0.0,0.0,0.0,59.852,33.377,1.476,3.559,1.823,57.695,52.708,43.835,-85,13.2
2026-07-25 07:40:10,Salón - Extremo Civil,14.13,Silence,0.0,15.143,Silence,0.0,0.0,0.0,0.0,0.0,0.0,0.0,0.0,0.0,0.0,15.103,14.101,12.861,-119,-8.0
2026-07-25 07:40:11,Laboratorios Eléctrica Superior,29.394,Silence,0.0,38.78,Silence,0.0,0.0,0.0,0.0,0.0,0.0,0.0,0.0,0.0,0.0,40.161,18.078,14.564,-101,7.8
2026-07-25 07:40:13,Pasillo Decanato Eléctrica,20.221,Silence,0.0,21.081,Silence,0.0,0.0,0.0,0.0,0.0,0.0,0.0,0.0,0.0,0.0,20.966,20.201,19.345,-115,-5.2
2026-07-25 07:40:23,Salón - Uma Eléctrica,43.813,Silence,0.0,44.96,Silence,0.0,0.0,0.0,0.0,0.0,0.0,0.0,0.0,0.0,0.0,45.171,43.799,42.246,-85,9.0
2026-07-25 07:41:15,Laboratorios Eléctrica Centro,14.136,Silence,0.0,15.256,Silence,0.0,0.0,0.0,0.0,0.0,0.0,0.0,0.0,0.0,0.0,15.234,13.928,12.98,-114,-4.2
2026-07-25 07:41:28,Pasillo Salones Civil,18.592,Silence,0.0,25.03,Silence,0.0,0.0,0.0,0.0,0.0,0.0,0.0,0.0,0.0,0.0,25.457,15.35,14.691,-87,9.2
2026-07-25 07:41:50,Pasillo Decanato Civil,19.596,Silence,0.0,21.36,Silence,0.0,0.0,0.0,0.0,0.0,0.0,0.0,0.0,0.0,0.0,21.215,19.742,17.09,-105,8.2
2026-07-25 07:41:51,Salón - Extremo Eléctrica,15.899,Silence,0.0,17.209,Silence,0.0,0.0,0.0,0.0,0.0,0.0,0.0,0.0,0.0,0.0,16.89,15.952,14.801,-88,12.8
2026-07-25 07:41:58,Lobby Eléctrica,30.291,Silence,0.0,32.863,Silence,0.0,0.0,0.0,0.0,0.0,0.0,0.0,0.0,0.0,0.0,32.728,30.095,28.038,-85,9.0
2026-07-25 07:42:19,Laboratorios Civil Superior,32.218,Silence,0.0,34.382,Silence,0.0,0.0,0.0,0.0,0.0,0.0,0.0,0.0,0.0,0.0,35.118,31.91,29.333,-96,10.8
2026-07-25 07:42:20,Pasillo Salones Eléctrica,31.64,Silence,0.0,33.462,Silence,0.0,0.0,0.0,0.0,0.0,0.0,0.0,0.0,0.0,0.0,33.645,30.938,29.513,-87,13.0
2026-07-25 07:44:22,Lobby Civil,49.218,Mixed,46.267,56.384,Group 3 (Rotary Tool),0.0,47.037,55.301,52.622,0.0,4.644,39.323,5.556,46.267,4.297,53.809,45.713,41.59,-96,10.5
2026-07-25 07:45:10,Salón - Extremo Civil,14.852,Silence,0.0,15.41,Silence,0.0,0.0,0.0,0.0,0.0,0.0,0.0,0.0,0.0,0.0,15.394,14.869,14.332,-93,12.2
2026-07-25 07:45:20,Laboratorios Eléctrica Superior,19.228,Silence,0.0,20.118,Silence,0.0,0.0,0.0,0.0,0.0,0.0,0.0,0.0,0.0,0.0,20.255,19.082,18.236,-82,9.5
2026-07-25 07:45:20,Pasillo Decanato Eléctrica,20.404,Silence,0.0,21.564,Silence,0.0,0.0,0.0,0.0,0.0,0.0,0.0,0.0,0.0,0.0,21.574,20.319,19.799,-108,6.0
2026-07-25 07:45:23,Salón - Uma Eléctrica,43.526,Silence,0.0,44.172,Silence,0.0,0.0,0.0,0.0,0.0,0.0,0.0,0.0,0.0,0.0,44.069,43.412,43.041,-87,11.2
2026-07-25 07:46:15,Laboratorios Eléctrica Centro,15.874,Silence,0.0,17.548,Silence,0.0,0.0,0.0,0.0,0.0,0.0,0.0,0.0,0.0,0.0,17.353,15.672,14.384,-107,7.2
2026-07-25 07:46:27,Pasillo Salones Civil,17.624,Silence,0.0,19.303,Silence,0.0,0.0,0.0,0.0,0.0,0.0,0.0,0.0,0.0,0.0,19.267,18.183,15.552,-89,9.8
2026-07-25 07:46:50,Pasillo Decanato Civil,19.274,Silence,0.0,21.725,Silence,0.0,0.0,0.0,0.0,0.0,0.0,0.0,0.0,0.0,0.0,20.805,19.308,17.605,-108,7.5
2026-07-25 07:46:51,Salón - Extremo Eléctrica,15.917,Silence,0.0,17.01,Silence,0.0,0.0,0.0,0.0,0.0,0.0,0.0,0.0,0.0,0.0,17.641,15.789,14.874,-101,12.8
2026-07-25 07:46:58,Lobby Eléctrica,48.096,Mixed,51.758,52.313,Group 5 (Vehicle),47.429,46.674,0.0,0.0,50.503,17.578,19.873,10.449,0.439,51.758,52.815,47.495,41.842,-91,7.2
2026-07-25 07:47:19,Laboratorios Civil Superior,31.228,Silence,0.0,32.936,Silence,0.0,0.0,0.0,0.0,0.0,0.0,0.0,0.0,0.0,0.0,33.191,30.806,29.985,-107,9.8
2026-07-25 07:47:20,Pasillo Salones Eléctrica,32.488,Silence,0.0,34.297,Silence,0.0,0.0,0.0,0.0,0.0,0.0,0.0,0.0,0.0,0.0,34.887,31.512,31.194,-91,12.8
2026-07-25 07:49:22,Lobby Civil,42.58,Silence,0.0,43.583,Silence,0.0,0.0,0.0,0.0,0.0,0.0,0.0,0.0,0.0,0.0,42.888,42.503,42.104,-87,9.8
2026-07-25 07:50:10,Salón - Extremo Civil,15.006,Silence,0.0,16.278,Silence,0.0,0.0,0.0,0.0,0.0,0.0,0.0,0.0,0.0,0.0,16.589,14.809,13.489,-119,-10.2
2026-07-25 07:50:11,Laboratorios Eléctrica Superior,12.406,Silence,0.0,13.558,Silence,0.0,0.0,0.0,0.0,0.0,0.0,0.0,0.0,0.0,0.0,13.314,12.239,11.704,-82,9.5
2026-07-25 07:50:13,Pasillo Decanato Eléctrica,19.865,Silence,0.0,20.458,Silence,0.0,0.0,0.0,0.0,0.0,0.0,0.0,0.0,0.0,0.0,20.693,19.803,19.238,-115,-5.8
2026-07-25 07:50:33,Salón - Uma Eléctrica,43.77,Silence,0.0,44.307,Silence,0.0,0.0,0.0,0.0,0.0,0.0,0.0,0.0,0.0,0.0,44.38,43.938,42.969,-111,3.0
2026-07-25 07:51:15,Laboratorios Eléctrica Centro,13.953,Silence,0.0,14.917,Silence,0.0,0.0,0.0,0.0,0.0,0.0,0.0,0.0,0.0,0.0,14.698,14.139,12.982,-102,7.2
2026-07-25 07:51:28,Pasillo Salones Civil,14.459,Silence,0.0,15.01,Silence,0.0,0.0,0.0,0.0,0.0,0.0,0.0,0.0,0.0,0.0,15.105,14.412,13.804,-100,8.2
2026-07-25 07:51:50,Pasillo Decanato Civil,21.095,Silence,0.0,23.292,Silence,0.0,0.0,0.0,0.0,0.0,0.0,0.0,0.0,0.0,0.0,22.647,20.69,19.508,-100,11.0
2026-07-25 07:51:51,Salón - Extremo Eléctrica,16.637,Silence,0.0,17.119,Silence,0.0,0.0,0.0,0.0,0.0,0.0,0.0,0.0,0.0,0.0,17.131,16.741,16.063,-97,11.5
2026-07-25 07:51:58,Lobby Eléctrica,42.576,Silence,0.0,43.859,Silence,0.0,0.0,0.0,0.0,0.0,0.0,0.0,0.0,0.0,0.0,44.333,42.043,41.435,-87,10.2
2026-07-25 07:52:19,Laboratorios Civil Superior,32.043,Silence,0.0,33.11,Silence,0.0,0.0,0.0,0.0,0.0,0.0,0.0,0.0,0.0,0.0,32.814,32.044,31.045,-101,12.2
2026-07-25 07:52:20,Pasillo Salones Eléctrica,33.385,Silence,0.0,34.815,Silence,0.0,0.0,0.0,0.0,0.0,0.0,0.0,0.0,0.0,0.0,34.78,33.579,31.011,-105,9.0
2026-07-25 07:54:22,Lobby Civil,59.75,Mixed,45.166,64.55,Group 2 (Impact),0.0,60.096,0.0,60.79,54.699,4.59,45.166,16.113,15.283,18.945,65.965,56.433,53.885,-87,11.8
2026-07-25 07:55:10,Salón - Extremo Civil,25.392,Silence,0.0,32.591,Silence,0.0,0.0,0.0,0.0,0.0,0.0,0.0,0.0,0.0,0.0,33.475,17.761,15.058,-77,11.8
2026-07-25 07:55:11,Laboratorios Eléctrica Superior,14.631,Silence,0.0,15.956,Silence,0.0,0.0,0.0,0.0,0.0,0.0,0.0,0.0,0.0,0.0,16.227,14.107,13.682,-105,2.8
2026-07-25 07:55:13,Pasillo Decanato Eléctrica,20.375,Silence,0.0,21.313,Silence,0.0,0.0,0.0,0.0,0.0,0.0,0.0,0.0,0.0,0.0,21.914,20.1,19.645,-93,13.8
2026-07-25 07:55:23,Salón - Uma Eléctrica,43.531,Silence,0.0,44.261,Silence,0.0,0.0,0.0,0.0,0.0,0.0,0.0,0.0,0.0,0.0,44.35,43.418,42.739,-87,8.8
2026-07-25 07:56:15,Laboratorios Eléctrica Centro,16.596,Silence,0.0,18.008,Silence,0.0,0.0,0.0,0.0,0.0,0.0,0.0,0.0,0.0,0.0,17.896,16.408,15.759,-114,-0.8
2026-07-25 07:56:28,Pasillo Salones Civil,24.316,Silence,0.0,25.551,Silence,0.0,0.0,0.0,0.0,0.0,0.0,0.0,0.0,0.0,0.0,25.498,24.479,23.056,-96,9.8
2026-07-25 07:56:50,Pasillo Decanato Civil,33.15,Silence,0.0,36.022,Silence,0.0,0.0,0.0,0.0,0.0,0.0,0.0,0.0,0.0,0.0,35.455,32.66,30.076,-99,12.2
2026-07-25 07:56:51,Salón - Extremo Eléctrica,18.673,Silence,0.0,19.776,Silence,0.0,0.0,0.0,0.0,0.0,0.0,0.0,0.0,0.0,0.0,19.602,18.037,17.978,-75,9.8
2026-07-25 07:56:58,Lobby Eléctrica,47.262,Group 2 (Impact),99.609,50.872,Group 2 (Impact),0.0,48.49,0.0,0.0,0.0,0.0,99.609,0.0,0.0,0.0,50.778,46.663,40.5,-85,10.0
2026-07-25 07:57:19,Laboratorios Civil Superior,37.679,Silence,0.0,41.362,Silence,0.0,0.0,0.0,0.0,0.0,0.0,0.0,0.0,0.0,0.0,41.419,37.434,29.98,-103,10.8
2026-07-25 07:57:20,Pasillo Salones Eléctrica,33.189,Silence,0.0,34.689,Silence,0.0,0.0,0.0,0.0,0.0,0.0,0.0,0.0,0.0,0.0,35.794,33.108,30.286,-102,9.5
2026-07-25 07:59:22,Lobby Civil,68.278,Mixed,62.283,69.413,Group 5 (Vehicle),0.0,68.417,68.455,0.0,68.487,0.0,18.186,17.752,1.78,62.283,69.232,68.343,66.584,-83,12.8
2026-07-25 08:00:10,Salón - Extremo Civil,14.821,Silence,0.0,15.652,Silence,0.0,0.0,0.0,0.0,0.0,0.0,0.0,0.0,0.0,0.0,15.429,14.699,14.125,-89,11.2
2026-07-25 08:00:11,Laboratorios Eléctrica Superior,18.381,Silence,0.0,19.991,Silence,0.0,0.0,0.0,0.0,0.0,0.0,0.0,0.0,0.0,0.0,20.56,18.147,17.4,-101,8.0
2026-07-25 08:00:13,Pasillo Decanato Eléctrica,19.809,Silence,0.0,20.712,Silence,0.0,0.0,0.0,0.0,0.0,0.0,0.0,0.0,0.0,0.0,20.571,19.632,18.54,-109,4.5
2026-07-25 08:00:23,Salón - Uma Eléctrica,44.084,Silence,0.0,45.1,Silence,0.0,0.0,0.0,0.0,0.0,0.0,0.0,0.0,0.0,0.0,44.99,43.893,42.836,-103,8.2
2026-07-25 08:01:15,Laboratorios Eléctrica Centro,21.887,Silence,0.0,22.519,Silence,0.0,0.0,0.0,0.0,0.0,0.0,0.0,0.0,0.0,0.0,22.523,21.844,21.309,-109,1.5
2026-07-25 08:01:28,Pasillo Salones Civil,17.275,Silence,0.0,18.175,Silence,0.0,0.0,0.0,0.0,0.0,0.0,0.0,0.0,0.0,0.0,18.625,17.18,16.659,-102,8.0
2026-07-25 08:01:50,Pasillo Decanato Civil,30.781,Silence,0.0,35.038,Silence,0.0,0.0,0.0,0.0,0.0,0.0,0.0,0.0,0.0,0.0,35.549,28.857,27.475,-95,13.5
2026-07-25 08:01:51,Salón - Extremo Eléctrica,17.842,Silence,0.0,18.256,Silence,0.0,0.0,0.0,0.0,0.0,0.0,0.0,0.0,0.0,0.0,18.368,17.692,17.418,-102,9.0
2026-07-25 08:01:58,Lobby Eléctrica,46.269,Mixed,50.738,49.016,Group 1 (Common),46.964,43.385,0.0,0.0,45.33,50.738,18.49,2.778,0.13,27.821,49.7,45.916,42.255,-89,9.8
2026-07-25 08:02:19,Laboratorios Civil Superior,42.018,Silence,0.0,45.211,Silence,0.0,0.0,0.0,0.0,0.0,0.0,0.0,0.0,0.0,0.0,45.048,40.557,38.684,-96,12.5
2026-07-25 08:02:20,Pasillo Salones Eléctrica,32.731,Silence,0.0,34.93,Silence,0.0,0.0,0.0,0.0,0.0,0.0,0.0,0.0,0.0,0.0,33.956,32.755,31.011,-99,12.0
2026-07-25 08:04:22,Lobby Civil,70.963,Group 5 (Vehicle),71.007,73.762,Group 1 (Common),71.19,0.0,0.0,0.0,69.955,26.736,1.215,0.174,0.868,71.007,74.118,69.992,62.713,-85,9.2
2026-07-25 08:05:10,Salón - Extremo Civil,17.611,Silence,0.0,18.754,Silence,0.0,0.0,0.0,0.0,0.0,0.0,0.0,0.0,0.0,0.0,18.686,17.333,16.587,-119,-9.2
2026-07-25 08:05:11,Laboratorios Eléctrica Superior,12.662,Silence,0.0,13.612,Silence,0.0,0.0,0.0,0.0,0.0,0.0,0.0,0.0,0.0,0.0,13.849,12.764,11.747,-102,8.2
2026-07-25 08:05:13,Pasillo Decanato Eléctrica,20.356,Silence,0.0,21.048,Silence,0.0,0.0,0.0,0.0,0.0,0.0,0.0,0.0,0.0,0.0,21.223,20.549,19.359,-115,-5.2
2026-07-25 08:05:23,Salón - Uma Eléctrica,43.984,Silence,0.0,44.719,Silence,0.0,0.0,0.0,0.0,0.0,0.0,0.0,0.0,0.0,0.0,45.081,43.909,43.226,-99,9.5
2026-07-25 08:06:15,Laboratorios Eléctrica Centro,15.208,Silence,0.0,16.313,Silence,0.0,0.0,0.0,0.0,0.0,0.0,0.0,0.0,0.0,0.0,16.563,15.243,14.334,-105,8.2
2026-07-25 08:06:28,Pasillo Salones Civil,17.16,Silence,0.0,18.28,Silence,0.0,0.0,0.0,0.0,0.0,0.0,0.0,0.0,0.0,0.0,18.274,16.979,16.445,-96,10.5
2026-07-25 08:06:50,Pasillo Decanato Civil,32.607,Silence,0.0,36.076,Silence,0.0,0.0,0.0,0.0,0.0,0.0,0.0,0.0,0.0,0.0,36.295,31.855,24.76,-90,12.0
2026-07-25 08:06:51,Salón - Extremo Eléctrica,16.662,Silence,0.0,17.576,Silence,0.0,0.0,0.0,0.0,0.0,0.0,0.0,0.0,0.0,0.0,17.407,16.718,16.004,-74,12.0
2026-07-25 08:06:58,Lobby Eléctrica,28.503,Silence,0.0,29.288,Silence,0.0,0.0,0.0,0.0,0.0,0.0,0.0,0.0,0.0,0.0,29.378,28.452,27.802,-113,
2026-07-25 08:07:19,Laboratorios Civil Superior,30.792,Silence,0.0,34.379,Silence,0.0,0.0,0.0,0.0,0.0,0.0,0.0,0.0,0.0,0.0,32.691,30.631,29.308,-105,12.2
2026-07-25 08:07:20,Pasillo Salones Eléctrica,33.215,Silence,0.0,34.923,Silence,0.0,0.0,0.0,0.0,0.0,0.0,0.0,0.0,0.0,0.0,36.134,32.435,30.487,-84,12.5
2026-07-25 08:09:22,Lobby Civil,40.567,Silence,0.0,41.371,Silence,0.0,0.0,0.0,0.0,0.0,0.0,0.0,0.0,0.0,0.0,41.222,40.722,40.016,-87,13.5
2026-07-25 08:10:10,Salón - Extremo Civil,15.753,Silence,0.0,16.42,Silence,0.0,0.0,0.0,0.0,0.0,0.0,0.0,0.0,0.0,0.0,16.7,15.726,14.825,-120,-6.2
2026-07-25 08:10:11,Laboratorios Eléctrica Superior,16.661,Silence,0.0,17.646,Silence,0.0,0.0,0.0,0.0,0.0,0.0,0.0,0.0,0.0,0.0,17.359,16.776,15.699,-96,9.5
2026-07-25 08:10:13,Pasillo Decanato Eléctrica,20.315,Silence,0.0,21.029,Silence,0.0,0.0,0.0,0.0,0.0,0.0,0.0,0.0,0.0,0.0,21.105,20.368,19.545,-107,-1.0
2026-07-25 08:10:23,Salón - Uma Eléctrica,43.314,Silence,0.0,44.185,Silence,0.0,0.0,0.0,0.0,0.0,0.0,0.0,0.0,0.0,0.0,44.07,43.073,42.797,-102,9.5
2026-07-25 08:11:15,Laboratorios Eléctrica Centro,15.121,Silence,0.0,16.0,Silence,0.0,0.0,0.0,0.0,0.0,0.0,0.0,0.0,0.0,0.0,15.948,14.982,14.427,-97,10.0
2026-07-25 08:11:50,Pasillo Decanato Civil,29.933,Silence,0.0,34.045,Silence,0.0,0.0,0.0,0.0,0.0,0.0,0.0,0.0,0.0,0.0,33.322,29.433,24.187,-97,13.2
2026-07-25 08:11:58,Salón - Extremo Eléctrica,17.613,Silence,0.0,18.194,Silence,0.0,0.0,0.0,0.0,0.0,0.0,0.0,0.0,0.0,0.0,18.196,17.525,17.215,-91,13.2
2026-07-25 08:11:58,Lobby Eléctrica,28.446,Silence,0.0,29.484,Silence,0.0,0.0,0.0,0.0,0.0,0.0,0.0,0.0,0.0,0.0,29.463,28.508,27.279,-89,10.0
2026-07-25 08:12:19,Laboratorios Civil Superior,30.292,Silence,0.0,31.238,Silence,0.0,0.0,0.0,0.0,0.0,0.0,0.0,0.0,0.0,0.0,31.064,30.615,28.984,-101,5.8
2026-07-25 08:12:20,Pasillo Salones Eléctrica,32.191,Silence,0.0,34.749,Silence,0.0,0.0,0.0,0.0,0.0,0.0,0.0,0.0,0.0,0.0,35.32,31.415,29.85,-96,12.0
2026-07-25 08:14:22,Lobby Civil,65.718,Group 5 (Vehicle),99.523,67.173,Group 5 (Vehicle),0.0,0.0,0.0,0.0,65.508,0.174,0.0,0.0,0.0,99.523,67.541,66.192,61.916,-101,11.0
2026-07-25 08:15:10,Salón - Extremo Civil,14.453,Silence,0.0,15.167,Silence,0.0,0.0,0.0,0.0,0.0,0.0,0.0,0.0,0.0,0.0,15.302,14.522,13.632,-89,12.0
2026-07-25 08:15:11,Laboratorios Eléctrica Superior,13.253,Silence,0.0,14.083,Silence,0.0,0.0,0.0,0.0,0.0,0.0,0.0,0.0,0.0,0.0,13.933,13.198,12.342,-84,10.2
2026-07-25 08:15:13,Pasillo Decanato Eléctrica,20.374,Silence,0.0,21.095,Silence,0.0,0.0,0.0,0.0,0.0,0.0,0.0,0.0,0.0,0.0,21.006,20.546,19.601,-114,0.8
2026-07-25 08:15:23,Salón - Uma Eléctrica,43.639,Silence,0.0,44.656,Silence,0.0,0.0,0.0,0.0,0.0,0.0,0.0,0.0,0.0,0.0,44.454,43.837,42.405,-87,10.0
2026-07-25 08:16:15,Laboratorios Eléctrica Centro,14.555,Silence,0.0,15.687,Silence,0.0,0.0,0.0,0.0,0.0,0.0,0.0,0.0,0.0,0.0,15.71,14.484,13.251,-96,10.5
2026-07-25 08:16:28,Pasillo Salones Civil,17.629,Silence,0.0,18.612,Silence,0.0,0.0,0.0,0.0,0.0,0.0,0.0,0.0,0.0,0.0,18.704,17.72,16.59,-93,7.5
2026-07-25 08:16:50,Pasillo Decanato Civil,45.917,Group 3 (Rotary Tool),94.184,46.825,Group 3 (Rotary Tool),0.0,0.0,46.223,0.0,0.0,4.601,1.389,94.184,0.0,0.0,46.743,46.301,42.916,-97,14.0
2026-07-25 08:16:51,Salón - Extremo Eléctrica,16.567,Silence,0.0,17.486,Silence,0.0,0.0,0.0,0.0,0.0,0.0,0.0,0.0,0.0,0.0,17.596,16.584,15.979,-90,12.5
2026-07-25 08:16:58,Lobby Eléctrica,33.279,Silence,0.0,34.007,Silence,0.0,0.0,0.0,0.0,0.0,0.0,0.0,0.0,0.0,0.0,34.054,33.223,32.603,-87,9.0
2026-07-25 08:17:19,Laboratorios Civil Superior,37.932,Silence,0.0,38.617,Silence,0.0,0.0,0.0,0.0,0.0,0.0,0.0,0.0,0.0,0.0,38.726,37.794,37.262,-108,9.0
2026-07-25 08:17:28,Pasillo Salones Eléctrica,32.609,Silence,0.0,33.927,Silence,0.0,0.0,0.0,0.0,0.0,0.0,0.0,0.0,0.0,0.0,35.103,32.676,30.091,-96,12.0
2026-07-25 08:19:22,Lobby Civil,66.449,Group 2 (Impact),78.516,69.064,Group 2 (Impact),0.0,66.899,0.0,0.0,66.525,0.0,78.516,0.0,0.955,20.399,69.145,65.571,63.659,-94,12.5
2026-07-25 08:20:10,Salón - Extremo Civil,14.301,Silence,0.0,14.799,Silence,0.0,0.0,0.0,0.0,0.0,0.0,0.0,0.0,0.0,0.0,14.692,14.396,13.849,-120,-5.8
2026-07-25 08:20:11,Laboratorios Eléctrica Superior,13.624,Silence,0.0,14.497,Silence,0.0,0.0,0.0,0.0,0.0,0.0,0.0,0.0,0.0,0.0,14.712,13.256,12.882,-83,9.5
2026-07-25 08:20:13,Pasillo Decanato Eléctrica,20.315,Silence,0.0,21.244,Silence,0.0,0.0,0.0,0.0,0.0,0.0,0.0,0.0,0.0,0.0,20.974,20.37,19.428,-102,9.2
2026-07-25 08:20:23,Salón - Uma Eléctrica,43.934,Silence,0.0,45.017,Silence,0.0,0.0,0.0,0.0,0.0,0.0,0.0,0.0,0.0,0.0,44.749,43.779,43.423,-99,9.8
2026-07-25 08:21:15,Laboratorios Eléctrica Centro,15.47,Silence,0.0,16.655,Silence,0.0,0.0,0.0,0.0,0.0,0.0,0.0,0.0,0.0,0.0,16.29,15.546,14.877,-108,5.2
2026-07-25 08:21:28,Pasillo Salones Civil,21.06,Silence,0.0,22.074,Silence,0.0,0.0,0.0,0.0,0.0,0.0,0.0,0.0,0.0,0.0,21.912,21.169,19.985,-95,10.0
2026-07-25 08:21:50,Pasillo Decanato Civil,49.705,Group 1 (Common),72.656,50.545,Group 1 (Common),49.587,0.0,48.054,0.0,0.0,72.656,1.736,25.26,0.391,0.0,50.606,49.979,48.057,-95,13.0
2026-07-25 08:21:51,Salón - Extremo Eléctrica,18.591,Silence,0.0,19.32,Silence,0.0,0.0,0.0,0.0,0.0,0.0,0.0,0.0,0.0,0.0,19.406,18.453,18.049,-105,7.5
2026-07-25 08:21:58,Lobby Eléctrica,36.457,Silence,0.0,39.6,Silence,0.0,0.0,0.0,0.0,0.0,0.0,0.0,0.0,0.0,0.0,39.478,35.69,33.416,-84,8.0
2026-07-25 08:22:19,Laboratorios Civil Superior,31.952,Silence,0.0,33.167,Silence,0.0,0.0,0.0,0.0,0.0,0.0,0.0,0.0,0.0,0.0,33.112,32.175,30.552,-107,6.2
2026-07-25 08:22:20,Pasillo Salones Eléctrica,32.917,Silence,0.0,35.164,Silence,0.0,0.0,0.0,0.0,0.0,0.0,0.0,0.0,0.0,0.0,36.445,32.103,29.554,-95,12.0
2026-07-25 08:24:22,Lobby Civil,65.777,Group 5 (Vehicle),92.578,67.997,Group 5 (Vehicle),0.0,0.0,0.0,0.0,64.75,0.391,0.781,0.391,5.599,92.578,68.686,65.835,55.076,-84,12.0
2026-07-25 08:25:10,Salón - Extremo Civil,14.872,Silence,0.0,15.64,Silence,0.0,0.0,0.0,0.0,0.0,0.0,0.0,0.0,0.0,0.0,15.352,14.907,14.197,-83,12.5
2026-07-25 08:25:11,Laboratorios Eléctrica Superior,14.018,Silence,0.0,14.699,Silence,0.0,0.0,0.0,0.0,0.0,0.0,0.0,0.0,0.0,0.0,14.646,13.989,13.289,-99,9.8
2026-07-25 08:25:13,Pasillo Decanato Eléctrica,20.499,Silence,0.0,21.272,Silence,0.0,0.0,0.0,0.0,0.0,0.0,0.0,0.0,0.0,0.0,21.516,20.695,19.636,-115,-8.0
2026-07-25 08:25:23,Salón - Uma Eléctrica,43.77,Silence,0.0,44.364,Silence,0.0,0.0,0.0,0.0,0.0,0.0,0.0,0.0,0.0,0.0,44.29,43.797,42.917,-112,2.8
2026-07-25 08:26:15,Laboratorios Eléctrica Centro,23.715,Silence,0.0,25.519,Silence,0.0,0.0,0.0,0.0,0.0,0.0,0.0,0.0,0.0,0.0,26.132,23.514,22.632,-115,-4.8
2026-07-25 08:26:28,Pasillo Salones Civil,25.17,Silence,0.0,27.695,Silence,0.0,0.0,0.0,0.0,0.0,0.0,0.0,0.0,0.0,0.0,28.427,25.268,21.788,-87,8.0
2026-07-25 08:26:50,Pasillo Decanato Civil,32.975,Silence,0.0,35.79,Silence,0.0,0.0,0.0,0.0,0.0,0.0,0.0,0.0,0.0,0.0,35.879,31.993,29.007,-103,10.8
2026-07-25 08:26:51,Salón - Extremo Eléctrica,16.188,Silence,0.0,16.925,Silence,0.0,0.0,0.0,0.0,0.0,0.0,0.0,0.0,0.0,0.0,16.774,16.009,15.805,-81,13.5
2026-07-25 08:26:58,Lobby Eléctrica,36.896,Silence,0.0,38.528,Silence,0.0,0.0,0.0,0.0,0.0,0.0,0.0,0.0,0.0,0.0,38.584,36.556,35.131,-107,-2.5
2026-07-25 08:27:19,Laboratorios Civil Superior,36.288,Silence,0.0,37.378,Silence,0.0,0.0,0.0,0.0,0.0,0.0,0.0,0.0,0.0,0.0,37.462,36.174,34.85,-107,11.2
2026-07-25 08:27:20,Pasillo Salones Eléctrica,32.131,Silence,0.0,34.642,Silence,0.0,0.0,0.0,0.0,0.0,0.0,0.0,0.0,0.0,0.0,36.05,31.225,30.247,-84,11.8
2026-07-25 08:29:22,Lobby Civil,41.769,Silence,0.0,44.574,Silence,0.0,0.0,0.0,0.0,0.0,0.0,0.0,0.0,0.0,0.0,45.09,40.739,39.994,-101,12.0
2026-07-25 08:30:10,Salón - Extremo Civil,15.893,Silence,0.0,16.893,Silence,0.0,0.0,0.0,0.0,0.0,0.0,0.0,0.0,0.0,0.0,17.011,15.593,14.77,-79,12.8
2026-07-25 08:30:11,Laboratorios Eléctrica Superior,18.898,Silence,0.0,20.951,Silence,0.0,0.0,0.0,0.0,0.0,0.0,0.0,0.0,0.0,0.0,20.92,18.549,17.302,-79,10.0
2026-07-25 08:30:13,Pasillo Decanato Eléctrica,20.554,Silence,0.0,21.726,Silence,0.0,0.0,0.0,0.0,0.0,0.0,0.0,0.0,0.0,0.0,21.99,20.765,19.223,-106,7.5
2026-07-25 08:30:23,Salón - Uma Eléctrica,43.848,Silence,0.0,44.831,Silence,0.0,0.0,0.0,0.0,0.0,0.0,0.0,0.0,0.0,0.0,44.877,43.81,42.961,-109,3.5
2026-07-25 08:31:15,Laboratorios Eléctrica Centro,14.135,Silence,0.0,15.049,Silence,0.0,0.0,0.0,0.0,0.0,0.0,0.0,0.0,0.0,0.0,14.795,14.031,13.552,-114,-7.0
2026-07-25 08:31:28,Pasillo Salones Civil,18.622,Silence,0.0,19.258,Silence,0.0,0.0,0.0,0.0,0.0,0.0,0.0,0.0,0.0,0.0,19.114,18.858,17.765,-97,9.2
2026-07-25 08:31:50,Pasillo Decanato Civil,39.182,Silence,0.0,42.99,Silence,0.0,0.0,0.0,0.0,0.0,0.0,0.0,0.0,0.0,0.0,43.834,37.76,37.058,-105,9.2
2026-07-25 08:31:51,Salón - Extremo Eléctrica,25.89,Silence,0.0,28.807,Silence,0.0,0.0,0.0,0.0,0.0,0.0,0.0,0.0,0.0,0.0,28.988,25.802,21.896,-120,-12.8
2026-07-25 08:31:58,Lobby Eléctrica,28.982,Silence,0.0,29.72,Silence,0.0,0.0,0.0,0.0,0.0,0.0,0.0,0.0,0.0,0.0,29.381,28.894,28.583,-91,8.0
2026-07-25 08:32:19,Laboratorios Civil Superior,32.84,Silence,0.0,34.643,Silence,0.0,0.0,0.0,0.0,0.0,0.0,0.0,0.0,0.0,0.0,34.246,32.919,30.654,-101,12.8
2026-07-25 08:32:20,Pasillo Salones Eléctrica,32.894,Silence,0.0,34.106,Silence,0.0,0.0,0.0,0.0,0.0,0.0,0.0,0.0,0.0,0.0,35.288,33.115,30.439,-87,10.0
2026-07-25 08:34:24,Lobby Civil,48.014,Mixed,65.967,48.631,Group 1 (Common),48.039,47.991,0.0,0.0,0.0,28.467,65.967,0.0,2.637,2.881,48.695,47.877,47.431,-101,10.2
2026-07-25 08:35:10,Salón - Extremo Civil,14.245,Silence,0.0,14.746,Silence,0.0,0.0,0.0,0.0,0.0,0.0,0.0,0.0,0.0,0.0,14.785,14.135,13.885,-119,-9.5
2026-07-25 08:35:11,Laboratorios Eléctrica Superior,12.872,Silence,0.0,14.006,Silence,0.0,0.0,0.0,0.0,0.0,0.0,0.0,0.0,0.0,0.0,13.362,12.785,12.388,-83,9.0
2026-07-25 08:35:13,Pasillo Decanato Eléctrica,20.235,Silence,0.0,21.197,Silence,0.0,0.0,0.0,0.0,0.0,0.0,0.0,0.0,0.0,0.0,21.462,20.018,19.633,-111,8.0
2026-07-25 08:35:23,Salón - Uma Eléctrica,43.208,Silence,0.0,44.082,Silence,0.0,0.0,0.0,0.0,0.0,0.0,0.0,0.0,0.0,0.0,43.871,43.291,42.311,-109,3.2
2026-07-25 08:36:15,Laboratorios Eléctrica Centro,22.101,Silence,0.0,22.875,Silence,0.0,0.0,0.0,0.0,0.0,0.0,0.0,0.0,0.0,0.0,23.094,21.964,21.056,-108,3.2
2026-07-25 08:36:28,Pasillo Salones Civil,15.886,Silence,0.0,16.646,Silence,0.0,0.0,0.0,0.0,0.0,0.0,0.0,0.0,0.0,0.0,16.542,15.877,15.247,-85,10.2
2026-07-25 08:36:50,Pasillo Decanato Civil,29.876,Silence,0.0,30.735,Silence,0.0,0.0,0.0,0.0,0.0,0.0,0.0,0.0,0.0,0.0,31.187,29.938,28.191,-109,3.8
2026-07-25 08:36:51,Salón - Extremo Eléctrica,16.218,Silence,0.0,16.539,Silence,0.0,0.0,0.0,0.0,0.0,0.0,0.0,0.0,0.0,0.0,16.76,16.089,15.888,-95,11.8
2026-07-25 08:36:58,Lobby Eléctrica,38.072,Silence,0.0,46.06,Silence,0.0,0.0,0.0,0.0,0.0,0.0,0.0,0.0,0.0,0.0,44.829,35.809,32.084,-85,10.0
2026-07-25 08:37:19,Laboratorios Civil Superior,36.564,Silence,0.0,37.109,Silence,0.0,0.0,0.0,0.0,0.0,0.0,0.0,0.0,0.0,0.0,37.292,36.516,35.757,-101,12.5
2026-07-25 08:37:20,Pasillo Salones Eléctrica,32.919,Silence,0.0,35.101,Silence,0.0,0.0,0.0,0.0,0.0,0.0,0.0,0.0,0.0,0.0,35.93,32.074,30.033,-107,9.8
2026-07-25 08:39:22,Lobby Civil,55.155,Group 5 (Vehicle),76.953,60.382,Group 5 (Vehicle),0.0,51.176,0.0,0.0,57.186,0.0,22.222,0.347,0.347,76.953,59.687,54.964,50.448,-99,8.5
2026-07-25 08:40:10,Salón - Extremo Civil,14.791,Silence,0.0,15.482,Silence,0.0,0.0,0.0,0.0,0.0,0.0,0.0,0.0,0.0,0.0,15.612,14.749,14.308,-119,-6.5
2026-07-25 08:40:11,Laboratorios Eléctrica Superior,18.722,Silence,0.0,22.222,Silence,0.0,0.0,0.0,0.0,0.0,0.0,0.0,0.0,0.0,0.0,22.829,18.775,14.476,-108,7.8
2026-07-25 08:40:13,Pasillo Decanato Eléctrica,21.491,Silence,0.0,22.816,Silence,0.0,0.0,0.0,0.0,0.0,0.0,0.0,0.0,0.0,0.0,23.055,21.227,19.924,-89,8.5
2026-07-25 08:40:23,Salón - Uma Eléctrica,44.459,Silence,0.0,44.795,Silence,0.0,0.0,0.0,0.0,0.0,0.0,0.0,0.0,0.0,0.0,44.735,44.459,44.16,-84,7.5
2026-07-25 08:41:15,Laboratorios Eléctrica Centro,14.235,Silence,0.0,15.169,Silence,0.0,0.0,0.0,0.0,0.0,0.0,0.0,0.0,0.0,0.0,15.717,13.789,13.568,-97,9.8
2026-07-25 08:41:28,Pasillo Salones Civil,15.992,Silence,0.0,17.342,Silence,0.0,0.0,0.0,0.0,0.0,0.0,0.0,0.0,0.0,0.0,16.249,15.919,15.639,-87,10.5
2026-07-25 08:41:50,Pasillo Decanato Civil,33.59,Silence,0.0,40.265,Silence,0.0,0.0,0.0,0.0,0.0,0.0,0.0,0.0,0.0,0.0,39.241,29.538,27.52,-90,13.5
2026-07-25 08:41:51,Salón - Extremo Eléctrica,20.465,Silence,0.0,22.869,Silence,0.0,0.0,0.0,0.0,0.0,0.0,0.0,0.0,0.0,0.0,23.308,19.648,18.158,-93,13.5
2026-07-25 08:41:58,Lobby Eléctrica,38.281,Silence,0.0,39.779,Silence,0.0,0.0,0.0,0.0,0.0,0.0,0.0,0.0,0.0,0.0,39.862,38.195,36.572,-93,8.5
2026-07-25 08:42:19,Laboratorios Civil Superior,31.89,Silence,0.0,32.979,Silence,0.0,0.0,0.0,0.0,0.0,0.0,0.0,0.0,0.0,0.0,32.801,32.104,30.319,-94,11.8
2026-07-25 08:42:20,Pasillo Salones Eléctrica,33.183,Silence,0.0,36.099,Silence,0.0,0.0,0.0,0.0,0.0,0.0,0.0,0.0,0.0,0.0,37.292,31.328,30.145,-102,11.0
2026-07-25 08:44:22,Lobby Civil,47.818,Mixed,68.707,54.928,Group 1 (Common),45.647,42.488,0.0,0.0,0.0,68.707,13.759,0.868,0.347,16.233,56.471,44.235,42.44,-91,12.8
2026-07-25 08:45:10,Salón - Extremo Civil,14.823,Silence,0.0,15.688,Silence,0.0,0.0,0.0,0.0,0.0,0.0,0.0,0.0,0.0,0.0,15.32,14.796,14.255,-120,-9.0
2026-07-25 08:45:20,Laboratorios Eléctrica Superior,17.476,Silence,0.0,19.096,Silence,0.0,0.0,0.0,0.0,0.0,0.0,0.0,0.0,0.0,0.0,19.135,17.222,16.335,-103,6.8
2026-07-25 08:45:20,Pasillo Decanato Eléctrica,20.481,Silence,0.0,21.587,Silence,0.0,0.0,0.0,0.0,0.0,0.0,0.0,0.0,0.0,0.0,21.588,20.448,19.56,-93,10.2
2026-07-25 08:45:23,Salón - Uma Eléctrica,44.378,Silence,0.0,45.331,Silence,0.0,0.0,0.0,0.0,0.0,0.0,0.0,0.0,0.0,0.0,45.314,44.243,43.348,-97,9.2
2026-07-25 08:46:15,Laboratorios Eléctrica Centro,22.444,Silence,0.0,23.287,Silence,0.0,0.0,0.0,0.0,0.0,0.0,0.0,0.0,0.0,0.0,23.18,22.736,21.189,-113,3.0
2026-07-25 08:46:28,Pasillo Salones Civil,14.42,Silence,0.0,15.134,Silence,0.0,0.0,0.0,0.0,0.0,0.0,0.0,0.0,0.0,0.0,15.39,14.602,13.627,-88,10.5
2026-07-25 08:46:50,Pasillo Decanato Civil,45.673,Group 3 (Rotary Tool),79.731,48.931,Group 1 (Common),48.909,0.0,45.71,0.0,0.0,18.967,1.128,79.731,0.0,0.087,49.079,46.118,35.577,-109,6.8
2026-07-25 08:46:51,Salón - Extremo Eléctrica,15.968,Silence,0.0,17.062,Silence,0.0,0.0,0.0,0.0,0.0,0.0,0.0,0.0,0.0,0.0,17.006,15.89,15.229,-100,5.2
2026-07-25 08:46:58,Lobby Eléctrica,28.515,Silence,0.0,29.089,Silence,0.0,0.0,0.0,0.0,0.0,0.0,0.0,0.0,0.0,0.0,29.366,28.49,27.136,-87,9.8
2026-07-25 08:47:19,Laboratorios Civil Superior,33.405,Silence,0.0,35.48,Silence,0.0,0.0,0.0,0.0,0.0,0.0,0.0,0.0,0.0,0.0,34.946,33.184,30.479,-111,6.8
2026-07-25 08:47:20,Pasillo Salones Eléctrica,32.522,Silence,0.0,34.183,Silence,0.0,0.0,0.0,0.0,0.0,0.0,0.0,0.0,0.0,0.0,34.976,31.201,30.37,-99,12.5
2026-07-25 08:49:22,Lobby Civil,49.418,Mixed,58.898,52.301,Group 5 (Vehicle),49.136,49.473,0.0,0.0,50.982,16.927,58.898,0.0,2.474,21.701,52.409,49.753,44.696,-85,13.0
2026-07-25 08:50:10,Salón - Extremo Civil,13.327,Silence,0.0,14.466,Silence,0.0,0.0,0.0,0.0,0.0,0.0,0.0,0.0,0.0,0.0,14.457,13.13,12.771,-91,12.8
2026-07-25 08:50:11,Laboratorios Eléctrica Superior,12.331,Silence,0.0,13.209,Silence,0.0,0.0,0.0,0.0,0.0,0.0,0.0,0.0,0.0,0.0,13.149,12.339,11.612,-103,-0.8
2026-07-25 08:50:13,Pasillo Decanato Eléctrica,20.72,Silence,0.0,21.353,Silence,0.0,0.0,0.0,0.0,0.0,0.0,0.0,0.0,0.0,0.0,21.534,20.562,20.097,-93,12.8
2026-07-25 08:50:30,Salón - Uma Eléctrica,43.761,Silence,0.0,44.473,Silence,0.0,0.0,0.0,0.0,0.0,0.0,0.0,0.0,0.0,0.0,44.788,43.594,43.292,-114,-5.0
2026-07-25 08:51:15,Laboratorios Eléctrica Centro,17.837,Silence,0.0,19.866,Silence,0.0,0.0,0.0,0.0,0.0,0.0,0.0,0.0,0.0,0.0,19.83,17.668,16.098,-97,10.0
2026-07-25 08:51:28,Pasillo Salones Civil,13.908,Silence,0.0,14.766,Silence,0.0,0.0,0.0,0.0,0.0,0.0,0.0,0.0,0.0,0.0,14.455,14.027,12.997,-97,9.5
2026-07-25 08:51:50,Pasillo Decanato Civil,25.783,Silence,0.0,30.647,Silence,0.0,0.0,0.0,0.0,0.0,0.0,0.0,0.0,0.0,0.0,30.356,24.051,19.298,-99,11.8
2026-07-25 08:51:51,Salón - Extremo Eléctrica,16.693,Silence,0.0,17.275,Silence,0.0,0.0,0.0,0.0,0.0,0.0,0.0,0.0,0.0,0.0,17.48,16.699,15.994,-105,10.2
2026-07-25 08:51:58,Lobby Eléctrica,27.624,Silence,0.0,28.417,Silence,0.0,0.0,0.0,0.0,0.0,0.0,0.0,0.0,0.0,0.0,28.3,27.492,26.937,-89,9.2
2026-07-25 08:52:19,Laboratorios Civil Superior,31.075,Silence,0.0,32.332,Silence,0.0,0.0,0.0,0.0,0.0,0.0,0.0,0.0,0.0,0.0,32.207,31.151,28.899,-97,12.8
2026-07-25 08:52:20,Pasillo Salones Eléctrica,33.142,Silence,0.0,35.039,Silence,0.0,0.0,0.0,0.0,0.0,0.0,0.0,0.0,0.0,0.0,36.356,33.528,29.687,-105,7.2
2026-07-25 08:54:22,Lobby Civil,46.671,Group 2 (Impact),71.181,52.259,Group 2 (Impact),0.0,48.101,0.0,0.0,43.008,6.554,71.181,0.26,1.78,20.269,53.101,43.372,42.593,-87,13.8
2026-07-25 08:55:10,Salón - Extremo Civil,20.203,Silence,0.0,21.402,Silence,0.0,0.0,0.0,0.0,0.0,0.0,0.0,0.0,0.0,0.0,21.539,19.993,18.965,-96,13.0
2026-07-25 08:55:11,Laboratorios Eléctrica Superior,24.557,Silence,0.0,35.489,Silence,0.0,0.0,0.0,0.0,0.0,0.0,0.0,0.0,0.0,0.0,35.009,19.693,17.419,-101,8.5
2026-07-25 08:55:13,Pasillo Decanato Eléctrica,20.357,Silence,0.0,21.133,Silence,0.0,0.0,0.0,0.0,0.0,0.0,0.0,0.0,0.0,0.0,20.814,20.348,19.508,-113,8.2
2026-07-25 08:55:23,Salón - Uma Eléctrica,43.813,Silence,0.0,45.13,Silence,0.0,0.0,0.0,0.0,0.0,0.0,0.0,0.0,0.0,0.0,44.37,43.854,43.223,-87,9.2
2026-07-25 08:56:15,Laboratorios Eléctrica Centro,15.076,Silence,0.0,16.132,Silence,0.0,0.0,0.0,0.0,0.0,0.0,0.0,0.0,0.0,0.0,16.028,15.028,14.33,-102,9.5
2026-07-25 08:56:28,Pasillo Salones Civil,16.715,Silence,0.0,17.646,Silence,0.0,0.0,0.0,0.0,0.0,0.0,0.0,0.0,0.0,0.0,17.643,16.658,15.707,-99,10.2
2026-07-25 08:56:50,Pasillo Decanato Civil,23.103,Silence,0.0,24.639,Silence,0.0,0.0,0.0,0.0,0.0,0.0,0.0,0.0,0.0,0.0,24.539,22.78,21.569,-105,11.2
2026-07-25 08:56:51,Salón - Extremo Eléctrica,17.074,Silence,0.0,17.791,Silence,0.0,0.0,0.0,0.0,0.0,0.0,0.0,0.0,0.0,0.0,17.801,17.136,16.489,-99,12.2
2026-07-25 08:56:58,Lobby Eléctrica,29.285,Silence,0.0,30.95,Silence,0.0,0.0,0.0,0.0,0.0,0.0,0.0,0.0,0.0,0.0,31.282,29.202,27.487,-93,9.8
2026-07-25 08:57:19,Laboratorios Civil Superior,31.582,Silence,0.0,32.576,Silence,0.0,0.0,0.0,0.0,0.0,0.0,0.0,0.0,0.0,0.0,32.47,31.701,30.473,-97,12.5
2026-07-25 08:57:20,Pasillo Salones Eléctrica,33.897,Silence,0.0,35.667,Silence,0.0,0.0,0.0,0.0,0.0,0.0,0.0,0.0,0.0,0.0,35.985,33.388,31.778,-108,8.0
2026-07-25 08:59:22,Lobby Civil,39.686,Silence,0.0,40.669,Silence,0.0,0.0,0.0,0.0,0.0,0.0,0.0,0.0,0.0,0.0,40.692,39.291,38.911,-85,12.8
2026-07-25 09:00:10,Salón - Extremo Civil,16.332,Silence,0.0,19.341,Silence,0.0,0.0,0.0,0.0,0.0,0.0,0.0,0.0,0.0,0.0,18.923,15.458,14.481,-120,-6.0
2026-07-25 09:00:11,Laboratorios Eléctrica Superior,19.463,Silence,0.0,21.055,Silence,0.0,0.0,0.0,0.0,0.0,0.0,0.0,0.0,0.0,0.0,20.906,19.222,17.963,-82,6.2
2026-07-25 09:00:13,Pasillo Decanato Eléctrica,20.343,Silence,0.0,21.705,Silence,0.0,0.0,0.0,0.0,0.0,0.0,0.0,0.0,0.0,0.0,21.791,20.152,19.185,-115,-1.5
2026-07-25 09:00:23,Salón - Uma Eléctrica,43.696,Silence,0.0,44.351,Silence,0.0,0.0,0.0,0.0,0.0,0.0,0.0,0.0,0.0,0.0,44.253,43.704,42.623,-89,9.5
2026-07-25 09:01:15,Laboratorios Eléctrica Centro,15.181,Silence,0.0,15.958,Silence,0.0,0.0,0.0,0.0,0.0,0.0,0.0,0.0,0.0,0.0,15.791,15.166,14.757,-108,-1.0
2026-07-25 09:01:28,Pasillo Salones Civil,16.759,Silence,0.0,17.311,Silence,0.0,0.0,0.0,0.0,0.0,0.0,0.0,0.0,0.0,0.0,17.268,16.699,16.363,-106,8.0
2026-07-25 09:01:50,Pasillo Decanato Civil,20.574,Silence,0.0,22.425,Silence,0.0,0.0,0.0,0.0,0.0,0.0,0.0,0.0,0.0,0.0,22.581,19.853,19.003,-101,8.2
2026-07-25 09:01:51,Salón - Extremo Eléctrica,16.197,Silence,0.0,16.929,Silence,0.0,0.0,0.0,0.0,0.0,0.0,0.0,0.0,0.0,0.0,16.764,16.271,15.484,-89,11.5
2026-07-25 09:01:58,Lobby Eléctrica,32.836,Silence,0.0,34.575,Silence,0.0,0.0,0.0,0.0,0.0,0.0,0.0,0.0,0.0,0.0,34.832,32.373,30.473,-91,9.2
2026-07-25 09:02:19,Laboratorios Civil Superior,42.21,Silence,0.0,46.239,Silence,0.0,0.0,0.0,0.0,0.0,0.0,0.0,0.0,0.0,0.0,44.595,41.222,40.059,-95,12.2
2026-07-25 09:02:20,Pasillo Salones Eléctrica,32.791,Silence,0.0,35.027,Silence,0.0,0.0,0.0,0.0,0.0,0.0,0.0,0.0,0.0,0.0,36.137,31.799,30.727,-83,12.8
2026-07-25 09:04:22,Lobby Civil,59.384,Group 2 (Impact),91.146,62.78,Group 2 (Impact),0.0,59.577,0.0,0.0,0.0,0.0,91.146,0.0,0.0,8.55,63.557,58.737,50.721,-87,14.2
2026-07-25 09:05:10,Salón - Extremo Civil,15.578,Silence,0.0,16.225,Silence,0.0,0.0,0.0,0.0,0.0,0.0,0.0,0.0,0.0,0.0,16.015,15.729,14.843,-119,-4.8
2026-07-25 09:05:11,Laboratorios Eléctrica Superior,15.853,Silence,0.0,16.726,Silence,0.0,0.0,0.0,0.0,0.0,0.0,0.0,0.0,0.0,0.0,16.776,15.532,15.234,-85,10.5
2026-07-25 09:05:13,Pasillo Decanato Eléctrica,20.276,Silence,0.0,21.42,Silence,0.0,0.0,0.0,0.0,0.0,0.0,0.0,0.0,0.0,0.0,21.242,20.131,19.364,-91,11.2
2026-07-25 09:05:23,Salón - Uma Eléctrica,43.826,Silence,0.0,44.558,Silence,0.0,0.0,0.0,0.0,0.0,0.0,0.0,0.0,0.0,0.0,44.495,43.622,43.069,-84,9.2
2026-07-25 09:06:15,Laboratorios Eléctrica Centro,17.478,Silence,0.0,20.399,Silence,0.0,0.0,0.0,0.0,0.0,0.0,0.0,0.0,0.0,0.0,19.023,17.655,15.744,-115,-7.2
2026-07-25 09:06:36,Pasillo Salones Civil,18.767,Silence,0.0,20.299,Silence,0.0,0.0,0.0,0.0,0.0,0.0,0.0,0.0,0.0,0.0,20.012,18.729,17.77,-104,7.2
2026-07-25 09:06:50,Pasillo Decanato Civil,25.987,Silence,0.0,27.444,Silence,0.0,0.0,0.0,0.0,0.0,0.0,0.0,0.0,0.0,0.0,27.738,25.787,24.875,-95,13.2
2026-07-25 09:06:51,Salón - Extremo Eléctrica,19.83,Silence,0.0,20.677,Silence,0.0,0.0,0.0,0.0,0.0,0.0,0.0,0.0,0.0,0.0,20.63,19.801,19.121,-97,12.0
2026-07-25 09:06:58,Lobby Eléctrica,38.817,Silence,0.0,39.606,Silence,0.0,0.0,0.0,0.0,0.0,0.0,0.0,0.0,0.0,0.0,39.673,38.862,37.824,-108,6.0
2026-07-25 09:07:19,Laboratorios Civil Superior,30.394,Silence,0.0,32.133,Silence,0.0,0.0,0.0,0.0,0.0,0.0,0.0,0.0,0.0,0.0,31.641,30.579,29.17,-106,4.8
2026-07-25 09:07:20,Pasillo Salones Eléctrica,32.863,Silence,0.0,36.33,Silence,0.0,0.0,0.0,0.0,0.0,0.0,0.0,0.0,0.0,0.0,36.009,32.278,30.379,-89,12.5
2026-07-25 09:09:22,Lobby Civil,59.618,Group 5 (Vehicle),86.768,61.134,Group 5 (Vehicle),0.0,0.0,0.0,0.0,60.126,10.742,0.439,0.488,1.514,86.768,60.194,59.707,58.705,-90,12.5
2026-07-25 09:10:10,Salón - Extremo Civil,15.021,Silence,0.0,15.575,Silence,0.0,0.0,0.0,0.0,0.0,0.0,0.0,0.0,0.0,0.0,15.497,14.976,14.709,-121,-3.0
2026-07-25 09:10:11,Laboratorios Eléctrica Superior,12.811,Silence,0.0,13.292,Silence,0.0,0.0,0.0,0.0,0.0,0.0,0.0,0.0,0.0,0.0,13.268,12.922,12.024,-101,8.5
2026-07-25 09:10:13,Pasillo Decanato Eléctrica,20.355,Silence,0.0,20.961,Silence,0.0,0.0,0.0,0.0,0.0,0.0,0.0,0.0,0.0,0.0,21.033,20.315,19.883,-113,7.0
2026-07-25 09:10:23,Salón - Uma Eléctrica,43.476,Silence,0.0,44.356,Silence,0.0,0.0,0.0,0.0,0.0,0.0,0.0,0.0,0.0,0.0,44.044,43.579,42.691,-113,-4.2
2026-07-25 09:11:15,Laboratorios Eléctrica Centro,16.208,Silence,0.0,17.232,Silence,0.0,0.0,0.0,0.0,0.0,0.0,0.0,0.0,0.0,0.0,17.194,16.454,15.154,-118,-7.0
2026-07-25 09:11:28,Pasillo Salones Civil,20.051,Silence,0.0,21.715,Silence,0.0,0.0,0.0,0.0,0.0,0.0,0.0,0.0,0.0,0.0,21.957,20.135,18.837,-103,8.0
2026-07-25 09:11:50,Pasillo Decanato Civil,51.641,Group 1 (Common),99.566,52.647,Group 1 (Common),51.776,0.0,0.0,0.0,0.0,99.566,0.0,0.0,0.0,0.13,52.316,51.655,50.591,-101,12.0
2026-07-25 09:11:59,Salón - Extremo Eléctrica,16.629,Silence,0.0,17.571,Silence,0.0,0.0,0.0,0.0,0.0,0.0,0.0,0.0,0.0,0.0,17.384,16.834,15.363,-101,8.2
2026-07-25 09:11:59,Lobby Eléctrica,33.01,Silence,0.0,34.504,Silence,0.0,0.0,0.0,0.0,0.0,0.0,0.0,0.0,0.0,0.0,34.408,33.009,32.075,-90,9.8
2026-07-25 09:12:19,Laboratorios Civil Superior,38.297,Silence,0.0,39.113,Silence,0.0,0.0,0.0,0.0,0.0,0.0,0.0,0.0,0.0,0.0,39.09,38.168,37.778,-97,11.0
2026-07-25 09:12:20,Pasillo Salones Eléctrica,33.279,Silence,0.0,35.953,Silence,0.0,0.0,0.0,0.0,0.0,0.0,0.0,0.0,0.0,0.0,37.347,32.018,29.863,-107,9.8
2026-07-25 09:14:22,Lobby Civil,42.774,Silence,0.0,45.316,Silence,0.0,0.0,0.0,0.0,0.0,0.0,0.0,0.0,0.0,0.0,44.153,42.217,41.564,-93,9.2
2026-07-25 09:15:10,Salón - Extremo Civil,13.452,Silence,0.0,14.332,Silence,0.0,0.0,0.0,0.0,0.0,0.0,0.0,0.0,0.0,0.0,14.246,13.482,12.347,-119,-8.0
2026-07-25 09:15:11,Laboratorios Eléctrica Superior,16.413,Silence,0.0,18.585,Silence,0.0,0.0,0.0,0.0,0.0,0.0,0.0,0.0,0.0,0.0,18.754,16.213,14.613,-99,10.5
2026-07-25 09:15:13,Pasillo Decanato Eléctrica,20.143,Silence,0.0,21.22,Silence,0.0,0.0,0.0,0.0,0.0,0.0,0.0,0.0,0.0,0.0,21.36,20.112,18.862,-114,-1.2
2026-07-25 09:15:23,Salón - Uma Eléctrica,43.616,Silence,0.0,44.014,Silence,0.0,0.0,0.0,0.0,0.0,0.0,0.0,0.0,0.0,0.0,43.974,43.651,42.701,-106,5.2
2026-07-25 09:16:15,Laboratorios Eléctrica Centro,27.34,Silence,0.0,28.05,Silence,0.0,0.0,0.0,0.0,0.0,0.0,0.0,0.0,0.0,0.0,28.165,27.437,26.566,-99,7.0
2026-07-25 09:16:28,Pasillo Salones Civil,14.644,Silence,0.0,15.411,Silence,0.0,0.0,0.0,0.0,0.0,0.0,0.0,0.0,0.0,0.0,15.75,14.48,13.813,-89,7.5
2026-07-25 09:16:50,Pasillo Decanato Civil,52.074,Group 1 (Common),99.463,52.56,Group 1 (Common),51.942,0.0,0.0,0.0,0.0,99.463,0.0,0.0,0.0,0.342,52.321,52.1,51.665,-91,12.2
2026-07-25 09:16:51,Salón - Extremo Eléctrica,15.643,Silence,0.0,16.436,Silence,0.0,0.0,0.0,0.0,0.0,0.0,0.0,0.0,0.0,0.0,16.526,15.717,14.741,-89,12.2
2026-07-25 09:16:58,Lobby Eléctrica,28.46,Silence,0.0,29.518,Silence,0.0,0.0,0.0,0.0,0.0,0.0,0.0,0.0,0.0,0.0,29.345,28.569,27.442,-113,2.2
2026-07-25 09:17:19,Laboratorios Civil Superior,33.325,Silence,0.0,36.87,Silence,0.0,0.0,0.0,0.0,0.0,0.0,0.0,0.0,0.0,0.0,37.255,32.083,30.231,-99,12.2
2026-07-25 09:17:31,Pasillo Salones Eléctrica,32.856,Silence,0.0,34.455,Silence,0.0,0.0,0.0,0.0,0.0,0.0,0.0,0.0,0.0,0.0,34.788,32.511,29.718,-95,13.0
2026-07-25 09:19:22,Lobby Civil,58.27,Mixed,58.203,61.149,Group 5 (Vehicle),0.0,0.0,0.0,58.704,59.286,3.038,0.217,0.0,38.411,58.203,62.489,56.495,52.234,-100,10.0
2026-07-25 09:20:10,Salón - Extremo Civil,14.437,Silence,0.0,15.107,Silence,0.0,0.0,0.0,0.0,0.0,0.0,0.0,0.0,0.0,0.0,15.02,14.278,13.763,-118,-10.0
2026-07-25 09:20:11,Laboratorios Eléctrica Superior,13.05,Silence,0.0,15.116,Silence,0.0,0.0,0.0,0.0,0.0,0.0,0.0,0.0,0.0,0.0,15.19,12.537,11.796,-108,4.5
2026-07-25 09:20:13,Pasillo Decanato Eléctrica,20.334,Silence,0.0,21.022,Silence,0.0,0.0,0.0,0.0,0.0,0.0,0.0,0.0,0.0,0.0,21.146,20.211,19.612,-111,7.0
2026-07-25 09:20:23,Salón - Uma Eléctrica,43.259,Silence,0.0,44.0,Silence,0.0,0.0,0.0,0.0,0.0,0.0,0.0,0.0,0.0,0.0,43.776,43.123,43.023,-114,1.2
2026-07-25 09:21:15,Laboratorios Eléctrica Centro,16.756,Silence,0.0,18.352,Silence,0.0,0.0,0.0,0.0,0.0,0.0,0.0,0.0,0.0,0.0,18.272,16.595,14.554,-113,3.2
2026-07-25 09:21:28,Pasillo Salones Civil,14.31,Silence,0.0,15.671,Silence,0.0,0.0,0.0,0.0,0.0,0.0,0.0,0.0,0.0,0.0,15.625,13.917,13.389,-95,9.5
2026-07-25 09:21:50,Pasillo Decanato Civil,51.813,Group 1 (Common),99.512,52.347,Group 1 (Common),51.707,0.0,0.0,0.0,0.0,99.512,0.049,0.0,0.0,0.293,52.287,51.654,50.991,-89,12.2
2026-07-25 09:21:58,Lobby Eléctrica,42.895,Silence,0.0,44.318,Silence,0.0,0.0,0.0,0.0,0.0,0.0,0.0,0.0,0.0,0.0,44.789,42.744,40.983,-112,-4.5
2026-07-25 09:22:19,Laboratorios Civil Superior,37.986,Silence,0.0,40.285,Silence,0.0,0.0,0.0,0.0,0.0,0.0,0.0,0.0,0.0,0.0,40.187,37.198,36.208,-99,11.5
2026-07-25 09:22:20,Pasillo Salones Eléctrica,32.841,Silence,0.0,34.317,Silence,0.0,0.0,0.0,0.0,0.0,0.0,0.0,0.0,0.0,0.0,35.081,32.026,30.191,-108,5.0
2026-07-25 09:24:22,Lobby Civil,50.294,Mixed,69.358,54.999,Group 2 (Impact),47.859,51.531,0.0,0.0,0.0,29.731,69.358,0.0,0.13,0.651,56.552,47.651,43.766,-85,13.0
2026-07-25 09:25:10,Salón - Extremo Civil,13.986,Silence,0.0,14.909,Silence,0.0,0.0,0.0,0.0,0.0,0.0,0.0,0.0,0.0,0.0,14.923,13.844,12.864,-120,-4.0
2026-07-25 09:25:11,Laboratorios Eléctrica Superior,31.32,Silence,0.0,42.746,Silence,0.0,0.0,0.0,0.0,0.0,0.0,0.0,0.0,0.0,0.0,35.112,30.896,22.973,-97,8.5
2026-07-25 09:25:13,Pasillo Decanato Eléctrica,20.208,Silence,0.0,21.153,Silence,0.0,0.0,0.0,0.0,0.0,0.0,0.0,0.0,0.0,0.0,21.655,19.947,19.019,-89,13.2
2026-07-25 09:25:23,Salón - Uma Eléctrica,44.466,Silence,0.0,45.47,Silence,0.0,0.0,0.0,0.0,0.0,0.0,0.0,0.0,0.0,0.0,45.665,44.46,43.358,-87,10.2
2026-07-25 09:26:15,Laboratorios Eléctrica Centro,18.896,Silence,0.0,20.528,Silence,0.0,0.0,0.0,0.0,0.0,0.0,0.0,0.0,0.0,0.0,20.236,18.954,17.27,-109,3.5
2026-07-25 09:26:28,Pasillo Salones Civil,14.711,Silence,0.0,15.341,Silence,0.0,0.0,0.0,0.0,0.0,0.0,0.0,0.0,0.0,0.0,15.218,14.797,13.821,-106,5.0
2026-07-25 09:26:50,Pasillo Decanato Civil,51.387,Group 1 (Common),99.566,52.36,Group 1 (Common),51.521,0.0,0.0,0.0,0.0,99.566,0.0,0.0,0.043,0.13,51.831,51.361,50.372,-108,8.8
2026-07-25 09:26:51,Salón - Extremo Eléctrica,16.071,Silence,0.0,16.888,Silence,0.0,0.0,0.0,0.0,0.0,0.0,0.0,0.0,0.0,0.0,16.784,16.233,15.334,-95,10.0
2026-07-25 09:26:58,Lobby Eléctrica,31.025,Silence,0.0,32.022,Silence,0.0,0.0,0.0,0.0,0.0,0.0,0.0,0.0,0.0,0.0,31.95,31.232,28.722,-112,
2026-07-25 09:27:19,Laboratorios Civil Superior,30.666,Silence,0.0,33.178,Silence,0.0,0.0,0.0,0.0,0.0,0.0,0.0,0.0,0.0,0.0,32.759,30.619,28.8,-99,9.2
2026-07-25 09:27:20,Pasillo Salones Eléctrica,32.998,Silence,0.0,34.907,Silence,0.0,0.0,0.0,0.0,0.0,0.0,0.0,0.0,0.0,0.0,35.461,32.18,30.549,-101,8.5
2026-07-25 09:29:22,Lobby Civil,40.948,Silence,0.0,44.214,Silence,0.0,0.0,0.0,0.0,0.0,0.0,0.0,0.0,0.0,0.0,44.602,40.407,38.576,-84,11.8
2026-07-25 09:30:10,Salón - Extremo Civil,13.577,Silence,0.0,14.059,Silence,0.0,0.0,0.0,0.0,0.0,0.0,0.0,0.0,0.0,0.0,13.776,13.665,12.961,-117,-8.0
2026-07-25 09:30:11,Laboratorios Eléctrica Superior,12.1,Silence,0.0,12.851,Silence,0.0,0.0,0.0,0.0,0.0,0.0,0.0,0.0,0.0,0.0,12.819,12.045,11.519,-105,5.5
2026-07-25 09:30:13,Pasillo Decanato Eléctrica,19.416,Silence,0.0,20.374,Silence,0.0,0.0,0.0,0.0,0.0,0.0,0.0,0.0,0.0,0.0,20.451,19.484,18.269,-114,-1.2
2026-07-25 09:31:15,Laboratorios Eléctrica Centro,27.619,Silence,0.0,32.53,Silence,0.0,0.0,0.0,0.0,0.0,0.0,0.0,0.0,0.0,0.0,29.853,27.24,25.099,-114,0.5
2026-07-25 09:31:28,Pasillo Salones Civil,15.747,Silence,0.0,16.549,Silence,0.0,0.0,0.0,0.0,0.0,0.0,0.0,0.0,0.0,0.0,16.558,15.718,15.047,-100,9.8
2026-07-25 09:31:50,Pasillo Decanato Civil,51.806,Group 1 (Common),99.566,52.696,Group 1 (Common),51.764,0.0,0.0,0.0,0.0,99.566,0.0,0.0,0.0,0.13,52.519,51.794,50.931,-101,11.2
2026-07-25 09:31:51,Salón - Extremo Eléctrica,17.251,Silence,0.0,19.797,Silence,0.0,0.0,0.0,0.0,0.0,0.0,0.0,0.0,0.0,0.0,18.401,17.147,16.114,-101,11.2
2026-07-25 09:31:58,Lobby Eléctrica,28.495,Silence,0.0,29.459,Silence,0.0,0.0,0.0,0.0,0.0,0.0,0.0,0.0,0.0,0.0,29.202,28.541,27.634,-112,-0.2
2026-07-25 09:32:19,Laboratorios Civil Superior,37.781,Silence,0.0,38.771,Silence,0.0,0.0,0.0,0.0,0.0,0.0,0.0,0.0,0.0,0.0,38.993,37.53,37.334,-105,8.0
2026-07-25 09:32:20,Pasillo Salones Eléctrica,33.638,Silence,0.0,35.305,Silence,0.0,0.0,0.0,0.0,0.0,0.0,0.0,0.0,0.0,0.0,36.154,33.769,30.585,-97,12.2
2026-07-25 09:34:22,Lobby Civil,61.17,Mixed,67.274,64.63,Group 1 (Common),60.887,52.006,0.0,61.18,0.0,67.274,11.589,0.043,21.094,0.0,64.321,61.883,53.636,-87,14.0
2026-07-25 09:35:10,Salón - Extremo Civil,16.024,Silence,0.0,17.796,Silence,0.0,0.0,0.0,0.0,0.0,0.0,0.0,0.0,0.0,0.0,17.636,16.119,14.386,-78,11.8
2026-07-25 09:35:11,Laboratorios Eléctrica Superior,12.502,Silence,0.0,13.185,Silence,0.0,0.0,0.0,0.0,0.0,0.0,0.0,0.0,0.0,0.0,13.338,12.361,11.747,-98,9.0
2026-07-25 09:35:13,Pasillo Decanato Eléctrica,20.084,Silence,0.0,21.051,Silence,0.0,0.0,0.0,0.0,0.0,0.0,0.0,0.0,0.0,0.0,20.653,20.263,19.159,-109,5.2
2026-07-25 09:35:23,Salón - Uma Eléctrica,43.631,Silence,0.0,44.26,Silence,0.0,0.0,0.0,0.0,0.0,0.0,0.0,0.0,0.0,0.0,44.093,43.659,42.871,-111,-0.2
2026-07-25 09:36:15,Laboratorios Eléctrica Centro,14.319,Silence,0.0,15.295,Silence,0.0,0.0,0.0,0.0,0.0,0.0,0.0,0.0,0.0,0.0,15.332,14.256,13.652,-111,4.2
2026-07-25 09:36:28,Pasillo Salones Civil,14.008,Silence,0.0,14.384,Silence,0.0,0.0,0.0,0.0,0.0,0.0,0.0,0.0,0.0,0.0,14.51,13.943,13.676,-95,8.8
2026-07-25 09:36:50,Pasillo Decanato Civil,51.905,Group 1 (Common),99.609,53.11,Group 1 (Common),52.031,0.0,0.0,0.0,0.0,99.609,0.0,0.0,0.0,0.043,53.115,51.916,50.75,-97,12.0
2026-07-25 09:36:51,Salón - Extremo Eléctrica,15.86,Silence,0.0,17.203,Silence,0.0,0.0,0.0,0.0,0.0,0.0,0.0,0.0,0.0,0.0,17.313,15.849,14.803,-87,12.5
2026-07-25 09:36:58,Lobby Eléctrica,27.531,Silence,0.0,28.301,Silence,0.0,0.0,0.0,0.0,0.0,0.0,0.0,0.0,0.0,0.0,28.655,27.371,26.607,-91,9.5
2026-07-25 09:37:19,Laboratorios Civil Superior,32.168,Silence,0.0,33.421,Silence,0.0,0.0,0.0,0.0,0.0,0.0,0.0,0.0,0.0,0.0,33.992,31.729,30.791,-103,12.0
2026-07-25 09:37:20,Pasillo Salones Eléctrica,33.332,Silence,0.0,35.416,Silence,0.0,0.0,0.0,0.0,0.0,0.0,0.0,0.0,0.0,0.0,36.306,32.157,29.964,-105,11.0
2026-07-25 09:39:22,Lobby Civil,42.766,Silence,0.0,43.538,Silence,0.0,0.0,0.0,0.0,0.0,0.0,0.0,0.0,0.0,0.0,43.428,42.55,42.393,-89,13.0
2026-07-25 09:40:10,Salón - Extremo Civil,13.823,Silence,0.0,14.419,Silence,0.0,0.0,0.0,0.0,0.0,0.0,0.0,0.0,0.0,0.0,14.34,13.755,13.457,-88,12.2
2026-07-25 09:40:11,Laboratorios Eléctrica Superior,16.999,Silence,0.0,17.716,Silence,0.0,0.0,0.0,0.0,0.0,0.0,0.0,0.0,0.0,0.0,17.487,16.952,16.295,-102,0.2
2026-07-25 09:40:13,Pasillo Decanato Eléctrica,19.895,Silence,0.0,20.76,Silence,0.0,0.0,0.0,0.0,0.0,0.0,0.0,0.0,0.0,0.0,20.895,20.195,18.672,-111,2.2
2026-07-25 09:40:23,Salón - Uma Eléctrica,43.83,Silence,0.0,44.388,Silence,0.0,0.0,0.0,0.0,0.0,0.0,0.0,0.0,0.0,0.0,44.395,43.741,43.456,-96,8.8
2026-07-25 09:41:15,Laboratorios Eléctrica Centro,22.68,Silence,0.0,23.554,Silence,0.0,0.0,0.0,0.0,0.0,0.0,0.0,0.0,0.0,0.0,23.266,22.844,21.902,-97,10.8
2026-07-25 09:41:28,Pasillo Salones Civil,14.826,Silence,0.0,15.52,Silence,0.0,0.0,0.0,0.0,0.0,0.0,0.0,0.0,0.0,0.0,15.286,14.962,13.751,-100,10.2
2026-07-25 09:41:50,Pasillo Decanato Civil,52.213,Group 1 (Common),99.566,52.794,Group 1 (Common),52.215,0.0,0.0,0.0,0.0,99.566,0.043,0.0,0.087,0.087,53.255,51.993,51.569,-108,7.8
2026-07-25 09:41:51,Salón - Extremo Eléctrica,17.504,Silence,0.0,18.843,Silence,0.0,0.0,0.0,0.0,0.0,0.0,0.0,0.0,0.0,0.0,18.31,17.508,16.36,-102,9.0
2026-07-25 09:41:58,Lobby Eléctrica,38.039,Silence,0.0,39.191,Silence,0.0,0.0,0.0,0.0,0.0,0.0,0.0,0.0,0.0,0.0,39.279,37.964,36.638,-105,-3.5
2026-07-25 09:42:19,Laboratorios Civil Superior,32.263,Silence,0.0,33.863,Silence,0.0,0.0,0.0,0.0,0.0,0.0,0.0,0.0,0.0,0.0,33.711,32.318,30.846,-99,12.2
2026-07-25 09:42:20,Pasillo Salones Eléctrica,33.288,Silence,0.0,35.989,Silence,0.0,0.0,0.0,0.0,0.0,0.0,0.0,0.0,0.0,0.0,36.238,32.117,30.498,-89,12.8
2026-07-25 09:44:22,Lobby Civil,57.203,Mixed,65.191,61.774,Group 4 (Person),0.0,57.134,0.0,60.064,0.0,1.172,65.191,0.0,31.814,1.866,59.876,56.876,53.269,-91,12.2
