time,deviceName,laeq_global_dB,dominant_class,dominant_pct,lafmax_dB,lafmax_class,LAeq_common,LAeq_impact,LAeq_rotarytool,LAeq_person,LAeq_vehicle,pct_common,pct_impact,pct_rotarytool,pct_person,pct_vehicle,L10_dB,L50_dB,L90_dB,rssi,snr
2026-08-19 00:00:44,Salón - Extremo Eléctrica,15.2,Silence,0.0,15.82,Silence,0.0,0.0,0.0,0.0,0.0,0.0,0.0,0.0,0.0,0.0,15.83,15.23,14.55,-91,13.0
2026-08-19 00:00:54,Salón - Uma Civil,11.65,Silence,0.0,15.71,Silence,0.0,0.0,0.0,0.0,0.0,0.0,0.0,0.0,0.0,0.0,16.97,10.72,9.7,-117,1.2
2026-08-19 00:01:09,Pasillo Decanato Eléctrica,19.68,Silence,0.0,20.34,Silence,0.0,0.0,0.0,0.0,0.0,0.0,0.0,0.0,0.0,0.0,20.16,19.81,18.66,-114,2.5
2026-08-19 00:01:20,Laboratorios Civil Central,63.51,Group 1 (Common),96.96,64.06,Group 1 (Common),63.5,0.0,0.0,0.0,0.0,96.96,0.22,0.0,0.3,2.47,64.09,63.41,63.2,-105,11.2
2026-08-19 00:01:24,Laboratorios Eléctrica Inferior,23.26,Silence,0.0,24.0,Silence,0.0,0.0,0.0,0.0,0.0,0.0,0.0,0.0,0.0,0.0,24.07,23.31,22.04,-113,-1.8
2026-08-19 00:01:39,Laboratorios Civil Inferior,51.55,Mixed,47.09,52.12,Group 5 (Vehicle),51.63,51.35,51.36,0.0,51.53,31.81,10.85,10.11,0.0,47.09,51.91,51.51,51.2,-117,0.2
2026-08-19 00:01:40,Lobby Eléctrica,25.11,Silence,0.0,25.68,Silence,0.0,0.0,0.0,0.0,0.0,0.0,0.0,0.0,0.0,0.0,26.04,25.11,24.29,-103,12.8
2026-08-19 00:01:58,Pasillo Salones Eléctrica,31.73,Silence,0.0,32.5,Silence,0.0,0.0,0.0,0.0,0.0,0.0,0.0,0.0,0.0,0.0,32.52,31.82,30.87,-100,11.8
2026-08-19 00:02:08,Salón - Uma Eléctrica,43.03,Silence,0.0,43.54,Silence,0.0,0.0,0.0,0.0,0.0,0.0,0.0,0.0,0.0,0.0,43.61,43.07,42.3,-105,10.0
2026-08-19 00:02:23,Salón - Extremo Civil,12.95,Silence,0.0,13.58,Silence,0.0,0.0,0.0,0.0,0.0,0.0,0.0,0.0,0.0,0.0,13.62,13.09,12.17,-101,11.2
2026-08-19 00:02:34,Pasillo Salones Civil,28.01,Silence,0.0,39.45,Silence,0.0,0.0,0.0,0.0,0.0,0.0,0.0,0.0,0.0,0.0,37.15,19.0,15.89,-109,8.2
2026-08-19 00:02:42,Laboratorios Civil Superior,53.0,Mixed,52.6,53.75,Group 1 (Common),53.46,52.88,53.08,0.0,53.07,10.37,4.9,32.03,0.0,52.6,53.73,53.05,52.42,-101,11.2
2026-08-19 00:03:03,Laboratorios Eléctrica Centro,14.51,Silence,0.0,15.13,Silence,0.0,0.0,0.0,0.0,0.0,0.0,0.0,0.0,0.0,0.0,15.16,14.6,13.15,-103,10.5
2026-08-19 00:03:55,Laboratorios Eléctrica Superior,13.65,Silence,0.0,14.34,Silence,0.0,0.0,0.0,0.0,0.0,0.0,0.0,0.0,0.0,0.0,14.38,13.45,13.14,-119,-2.8
2026-08-19 00:04:13,Pasillo Decanato Civil,20.76,Silence,0.0,21.5,Silence,0.0,0.0,0.0,0.0,0.0,0.0,0.0,0.0,0.0,0.0,21.51,20.96,19.62,-117,2.2
2026-08-19 00:04:14,Lobby Civil,35.41,Silence,0.0,38.67,Silence,0.0,0.0,0.0,0.0,0.0,0.0,0.0,0.0,0.0,0.0,39.59,34.79,33.69,-114,3.2
2026-08-19 00:05:44,Salón - Extremo Eléctrica,14.88,Silence,0.0,15.85,Silence,0.0,0.0,0.0,0.0,0.0,0.0,0.0,0.0,0.0,0.0,15.7,14.84,14.38,-93,13.8
2026-08-19 00:05:54,Salón - Uma Civil,9.64,Silence,0.0,10.35,Silence,0.0,0.0,0.0,0.0,0.0,0.0,0.0,0.0,0.0,0.0,10.17,9.68,8.6,-99,11.2
2026-08-19 00:06:09,Pasillo Decanato Eléctrica,20.26,Silence,0.0,21.38,Silence,0.0,0.0,0.0,0.0,0.0,0.0,0.0,0.0,0.0,0.0,21.26,20.21,19.33,-115,0.8
2026-08-19 00:06:20,Laboratorios Civil Central,63.4,Group 1 (Common),88.37,63.99,Group 1 (Common),63.41,0.0,0.0,0.0,0.0,88.37,0.09,0.0,0.17,11.24,64.17,63.27,62.8,-103,5.8
2026-08-19 00:06:24,Laboratorios Eléctrica Inferior,27.45,Silence,0.0,38.26,Silence,0.0,0.0,0.0,0.0,0.0,0.0,0.0,0.0,0.0,0.0,31.11,26.61,25.43,-117,-1.5
2026-08-19 00:06:39,Laboratorios Civil Inferior,51.66,Mixed,68.23,52.47,Group 1 (Common),51.77,0.0,0.0,0.0,52.01,68.23,3.65,0.09,0.09,27.91,52.15,51.83,50.82,-115,
2026-08-19 00:06:40,Lobby Eléctrica,43.1,Silence,0.0,44.26,Silence,0.0,0.0,0.0,0.0,0.0,0.0,0.0,0.0,0.0,0.0,44.54,42.94,41.7,-103,11.8
2026-08-19 00:06:58,Pasillo Salones Eléctrica,30.97,Silence,0.0,31.66,Silence,0.0,0.0,0.0,0.0,0.0,0.0,0.0,0.0,0.0,0.0,31.71,30.74,30.51,-117,1.0
2026-08-19 00:07:08,Salón - Uma Eléctrica,43.32,Silence,0.0,43.85,Silence,0.0,0.0,0.0,0.0,0.0,0.0,0.0,0.0,0.0,0.0,43.7,43.51,42.6,-111,6.0
2026-08-19 00:07:23,Salón - Extremo Civil,13.99,Silence,0.0,14.52,Silence,0.0,0.0,0.0,0.0,0.0,0.0,0.0,0.0,0.0,0.0,14.54,13.98,13.11,-85,13.5
2026-08-19 00:07:34,Pasillo Salones Civil,43.1,Silence,0.0,60.77,Silence,0.0,0.0,0.0,0.0,0.0,0.0,0.0,0.0,0.0,0.0,53.54,33.02,21.95,-107,11.2
2026-08-19 00:07:42,Laboratorios Civil Superior,46.66,Mixed,62.5,47.5,Group 2 (Impact),46.74,46.83,0.0,0.0,0.0,10.33,62.5,11.46,0.0,15.71,47.67,46.68,45.51,-113,4.5
2026-08-19 00:08:03,Laboratorios Eléctrica Centro,11.83,Silence,0.0,12.55,Silence,0.0,0.0,0.0,0.0,0.0,0.0,0.0,0.0,0.0,0.0,12.55,11.9,10.9,-118,-7.8
2026-08-19 00:08:55,Laboratorios Eléctrica Superior,12.92,Silence,0.0,13.83,Silence,0.0,0.0,0.0,0.0,0.0,0.0,0.0,0.0,0.0,0.0,13.86,12.74,12.34,-118,-4.5
2026-08-19 00:09:13,Pasillo Decanato Civil,28.89,Silence,0.0,29.57,Silence,0.0,0.0,0.0,0.0,0.0,0.0,0.0,0.0,0.0,0.0,29.33,28.93,28.4,-118,-3.8
2026-08-19 00:09:14,Lobby Civil,36.69,Silence,0.0,39.73,Silence,0.0,0.0,0.0,0.0,0.0,0.0,0.0,0.0,0.0,0.0,39.63,35.95,34.32,-113,7.5
2026-08-19 00:10:44,Salón - Extremo Eléctrica,40.52,Silence,0.0,46.08,Silence,0.0,0.0,0.0,0.0,0.0,0.0,0.0,0.0,0.0,0.0,47.91,37.42,32.8,-90,11.8
2026-08-19 00:10:54,Salón - Uma Civil,9.97,Silence,0.0,10.77,Silence,0.0,0.0,0.0,0.0,0.0,0.0,0.0,0.0,0.0,0.0,10.83,9.51,9.35,-117,-4.2
2026-08-19 00:11:09,Pasillo Decanato Eléctrica,19.66,Silence,0.0,20.5,Silence,0.0,0.0,0.0,0.0,0.0,0.0,0.0,0.0,0.0,0.0,20.36,19.73,19.01,-109,0.8
2026-08-19 00:11:20,Laboratorios Civil Central,49.28,Mixed,51.65,50.88,Group 5 (Vehicle),49.28,0.0,0.0,0.0,50.16,51.65,1.04,0.09,0.17,46.96,50.89,49.66,47.59,-102,8.5
2026-08-19 00:11:24,Laboratorios Eléctrica Inferior,23.82,Silence,0.0,24.49,Silence,0.0,0.0,0.0,0.0,0.0,0.0,0.0,0.0,0.0,0.0,24.23,23.95,23.32,-117,-3.2
2026-08-19 00:11:39,Laboratorios Civil Inferior,30.68,Silence,0.0,31.75,Silence,0.0,0.0,0.0,0.0,0.0,0.0,0.0,0.0,0.0,0.0,31.72,30.75,29.26,-119,-3.8
2026-08-19 00:11:40,Lobby Eléctrica,40.44,Silence,0.0,45.11,Silence,0.0,0.0,0.0,0.0,0.0,0.0,0.0,0.0,0.0,0.0,45.28,41.16,27.7,-93,8.8
2026-08-19 00:11:58,Pasillo Salones Eléctrica,31.01,Silence,0.0,31.74,Silence,0.0,0.0,0.0,0.0,0.0,0.0,0.0,0.0,0.0,0.0,31.62,31.18,29.78,-100,12.2
2026-08-19 00:12:08,Salón - Uma Eléctrica,43.57,Silence,0.0,44.79,Silence,0.0,0.0,0.0,0.0,0.0,0.0,0.0,0.0,0.0,0.0,44.75,43.41,42.85,-115,5.5
2026-08-19 00:12:23,Salón - Extremo Civil,13.94,Silence,0.0,15.72,Silence,0.0,0.0,0.0,0.0,0.0,0.0,0.0,0.0,0.0,0.0,15.41,13.47,13.19,-99,8.8
2026-08-19 00:12:34,Pasillo Salones Civil,14.45,Silence,0.0,15.15,Silence,0.0,0.0,0.0,0.0,0.0,0.0,0.0,0.0,0.0,0.0,15.14,14.54,13.74,-107,10.8
2026-08-19 00:12:42,Laboratorios Civil Superior,32.5,Silence,0.0,34.16,Silence,0.0,0.0,0.0,0.0,0.0,0.0,0.0,0.0,0.0,0.0,35.2,31.98,30.7,-111,7.2
2026-08-19 00:13:03,Laboratorios Eléctrica Centro,17.75,Silence,0.0,18.85,Silence,0.0,0.0,0.0,0.0,0.0,0.0,0.0,0.0,0.0,0.0,18.37,17.81,16.38,-103,11.2
2026-08-19 00:13:55,Laboratorios Eléctrica Superior,12.95,Silence,0.0,13.76,Silence,0.0,0.0,0.0,0.0,0.0,0.0,0.0,0.0,0.0,0.0,13.37,13.03,12.4,-107,11.2
2026-08-19 00:14:13,Pasillo Decanato Civil,21.45,Silence,0.0,24.1,Silence,0.0,0.0,0.0,0.0,0.0,0.0,0.0,0.0,0.0,0.0,22.8,20.96,19.95,-103,3.8
2026-08-19 00:14:14,Lobby Civil,36.88,Silence,0.0,40.79,Silence,0.0,0.0,0.0,0.0,0.0,0.0,0.0,0.0,0.0,0.0,41.89,34.38,33.59,-107,11.5
2026-08-19 00:15:54,Salón - Uma Civil,9.28,Silence,0.0,10.1,Silence,0.0,0.0,0.0,0.0,0.0,0.0,0.0,0.0,0.0,0.0,10.16,9.41,8.33,-119,-4.0
2026-08-19 00:16:09,Pasillo Decanato Eléctrica,20.31,Silence,0.0,21.3,Silence,0.0,0.0,0.0,0.0,0.0,0.0,0.0,0.0,0.0,0.0,21.08,20.14,19.42,-113,4.5
2026-08-19 00:16:20,Laboratorios Civil Central,49.24,Mixed,51.91,50.82,Group 1 (Common),49.45,0.0,49.48,0.0,49.19,51.91,2.3,12.41,0.13,33.38,51.08,48.96,47.21,-113,5.5
2026-08-19 00:16:24,Laboratorios Eléctrica Inferior,23.17,Silence,0.0,23.7,Silence,0.0,0.0,0.0,0.0,0.0,0.0,0.0,0.0,0.0,0.0,23.95,23.04,22.74,-120,-11.0
2026-08-19 00:16:39,Laboratorios Civil Inferior,23.17,Silence,0.0,25.42,Silence,0.0,0.0,0.0,0.0,0.0,0.0,0.0,0.0,0.0,0.0,24.61,22.82,21.96,-120,-3.8
2026-08-19 00:16:40,Lobby Eléctrica,24.81,Silence,0.0,25.55,Silence,0.0,0.0,0.0,0.0,0.0,0.0,0.0,0.0,0.0,0.0,25.93,24.64,24.27,-96,11.8
2026-08-19 00:16:58,Pasillo Salones Eléctrica,30.55,Silence,0.0,31.53,Silence,0.0,0.0,0.0,0.0,0.0,0.0,0.0,0.0,0.0,0.0,31.32,30.38,29.83,-95,11.8
2026-08-19 00:17:08,Salón - Uma Eléctrica,44.77,Silence,0.0,46.46,Silence,0.0,0.0,0.0,0.0,0.0,0.0,0.0,0.0,0.0,0.0,46.58,44.29,43.67,-113,5.5
2026-08-19 00:17:23,Salón - Extremo Civil,14.97,Silence,0.0,15.75,Silence,0.0,0.0,0.0,0.0,0.0,0.0,0.0,0.0,0.0,0.0,15.74,15.2,14.02,-99,12.2
2026-08-19 00:17:34,Pasillo Salones Civil,14.24,Silence,0.0,15.17,Silence,0.0,0.0,0.0,0.0,0.0,0.0,0.0,0.0,0.0,0.0,15.37,14.21,13.28,-113,6.8
2026-08-19 00:17:42,Laboratorios Civil Superior,30.36,Silence,0.0,31.62,Silence,0.0,0.0,0.0,0.0,0.0,0.0,0.0,0.0,0.0,0.0,31.92,30.16,28.8,-105,11.5
2026-08-19 00:18:04,Laboratorios Eléctrica Centro,11.84,Silence,0.0,12.59,Silence,0.0,0.0,0.0,0.0,0.0,0.0,0.0,0.0,0.0,0.0,12.71,11.77,11.04,-118,-7.2
2026-08-19 00:18:55,Laboratorios Eléctrica Superior,11.7,Silence,0.0,12.38,Silence,0.0,0.0,0.0,0.0,0.0,0.0,0.0,0.0,0.0,0.0,12.21,11.72,11.18,-105,8.5
2026-08-19 00:19:13,Pasillo Decanato Civil,20.99,Silence,0.0,22.17,Silence,0.0,0.0,0.0,0.0,0.0,0.0,0.0,0.0,0.0,0.0,22.15,20.92,19.9,-115,2.5
2026-08-19 00:19:14,Lobby Civil,37.61,Silence,0.0,41.97,Silence,0.0,0.0,0.0,0.0,0.0,0.0,0.0,0.0,0.0,0.0,42.08,36.47,31.92,-95,9.5
2026-08-19 00:20:44,Salón - Extremo Eléctrica,30.95,Silence,0.0,34.74,Silence,0.0,0.0,0.0,0.0,0.0,0.0,0.0,0.0,0.0,0.0,36.6,29.63,23.49,-90,12.8
2026-08-19 00:20:54,Salón - Uma Civil,10.83,Silence,0.0,12.2,Silence,0.0,0.0,0.0,0.0,0.0,0.0,0.0,0.0,0.0,0.0,11.64,10.99,9.55,-117,-7.5
2026-08-19 00:21:09,Pasillo Decanato Eléctrica,19.93,Silence,0.0,20.66,Silence,0.0,0.0,0.0,0.0,0.0,0.0,0.0,0.0,0.0,0.0,20.42,19.66,19.38,-105,10.5
2026-08-19 00:21:20,Laboratorios Civil Central,50.15,Mixed,59.29,51.89,Group 1 (Common),50.48,0.0,0.0,0.0,0.0,59.29,0.0,0.0,0.0,40.67,51.89,50.14,48.65,-103,11.8
2026-08-19 00:21:24,Laboratorios Eléctrica Inferior,23.31,Silence,0.0,24.2,Silence,0.0,0.0,0.0,0.0,0.0,0.0,0.0,0.0,0.0,0.0,24.26,23.39,22.47,-120,-9.0
2026-08-19 00:21:39,Laboratorios Civil Inferior,31.09,Silence,0.0,31.97,Silence,0.0,0.0,0.0,0.0,0.0,0.0,0.0,0.0,0.0,0.0,32.49,30.89,30.4,-119,-10.5
2026-08-19 00:21:40,Lobby Eléctrica,28.73,Silence,0.0,29.51,Silence,0.0,0.0,0.0,0.0,0.0,0.0,0.0,0.0,0.0,0.0,29.66,28.68,27.81,-119,0.5
2026-08-19 00:21:58,Pasillo Salones Eléctrica,30.88,Silence,0.0,31.62,Silence,0.0,0.0,0.0,0.0,0.0,0.0,0.0,0.0,0.0,0.0,31.87,30.88,29.79,-93,13.5
2026-08-19 00:22:23,Salón - Extremo Civil,13.66,Silence,0.0,14.22,Silence,0.0,0.0,0.0,0.0,0.0,0.0,0.0,0.0,0.0,0.0,14.0,13.6,13.2,-95,12.0
2026-08-19 00:22:34,Pasillo Salones Civil,14.72,Silence,0.0,15.81,Silence,0.0,0.0,0.0,0.0,0.0,0.0,0.0,0.0,0.0,0.0,15.69,14.41,13.85,-115,1.2
2026-08-19 00:22:42,Laboratorios Civil Superior,29.73,Silence,0.0,31.47,Silence,0.0,0.0,0.0,0.0,0.0,0.0,0.0,0.0,0.0,0.0,31.3,30.25,26.06,-113,5.2
2026-08-19 00:23:04,Laboratorios Eléctrica Centro,12.91,Silence,0.0,14.95,Silence,0.0,0.0,0.0,0.0,0.0,0.0,0.0,0.0,0.0,0.0,15.2,12.42,11.62,-107,11.0
2026-08-19 00:23:55,Laboratorios Eléctrica Superior,11.65,Silence,0.0,12.21,Silence,0.0,0.0,0.0,0.0,0.0,0.0,0.0,0.0,0.0,0.0,12.0,11.73,11.16,-97,5.2
2026-08-19 00:24:13,Pasillo Decanato Civil,21.24,Silence,0.0,22.23,Silence,0.0,0.0,0.0,0.0,0.0,0.0,0.0,0.0,0.0,0.0,22.07,21.51,19.4,-115,0.5
2026-08-19 00:24:14,Lobby Civil,33.11,Silence,0.0,36.66,Silence,0.0,0.0,0.0,0.0,0.0,0.0,0.0,0.0,0.0,0.0,37.83,31.91,31.2,-99,12.0
2026-08-19 00:25:44,Salón - Extremo Eléctrica,25.39,Silence,0.0,32.33,Silence,0.0,0.0,0.0,0.0,0.0,0.0,0.0,0.0,0.0,0.0,32.64,19.52,16.25,-93,12.8
2026-08-19 00:25:54,Salón - Uma Civil,12.23,Silence,0.0,13.15,Silence,0.0,0.0,0.0,0.0,0.0,0.0,0.0,0.0,0.0,0.0,12.88,12.29,11.51,-113,5.2
2026-08-19 00:26:09,Pasillo Decanato Eléctrica,20.03,Silence,0.0,21.19,Silence,0.0,0.0,0.0,0.0,0.0,0.0,0.0,0.0,0.0,0.0,21.23,19.98,19.2,-114,2.2
2026-08-19 00:26:20,Laboratorios Civil Central,49.95,Mixed,61.5,51.04,Group 1 (Common),49.69,0.0,49.47,0.0,0.0,61.5,3.99,16.97,0.04,17.4,51.41,49.97,48.59,-102,10.5
2026-08-19 00:26:25,Laboratorios Eléctrica Inferior,23.32,Silence,0.0,24.1,Silence,0.0,0.0,0.0,0.0,0.0,0.0,0.0,0.0,0.0,0.0,24.07,23.48,21.94,-115,-1.0
2026-08-19 00:26:39,Laboratorios Civil Inferior,23.73,Silence,0.0,24.82,Silence,0.0,0.0,0.0,0.0,0.0,0.0,0.0,0.0,0.0,0.0,24.56,23.77,23.13,-119,-4.2
2026-08-19 00:26:40,Lobby Eléctrica,24.15,Silence,0.0,24.97,Silence,0.0,0.0,0.0,0.0,0.0,0.0,0.0,0.0,0.0,0.0,24.79,24.03,23.76,-97,11.8
2026-08-19 00:26:58,Pasillo Salones Eléctrica,29.95,Silence,0.0,30.84,Silence,0.0,0.0,0.0,0.0,0.0,0.0,0.0,0.0,0.0,0.0,31.22,29.81,29.03,-117,-2.2
2026-08-19 00:27:08,Salón - Uma Eléctrica,43.19,Silence,0.0,44.16,Silence,0.0,0.0,0.0,0.0,0.0,0.0,0.0,0.0,0.0,0.0,43.65,43.13,42.48,-113,4.0
2026-08-19 00:27:23,Salón - Extremo Civil,13.49,Silence,0.0,13.99,Silence,0.0,0.0,0.0,0.0,0.0,0.0,0.0,0.0,0.0,0.0,13.93,13.46,13.02,-119,-11.5
2026-08-19 00:27:34,Pasillo Salones Civil,15.36,Silence,0.0,16.31,Silence,0.0,0.0,0.0,0.0,0.0,0.0,0.0,0.0,0.0,0.0,16.46,15.41,14.34,-115,-3.5
2026-08-19 00:27:42,Laboratorios Civil Superior,30.12,Silence,0.0,32.84,Silence,0.0,0.0,0.0,0.0,0.0,0.0,0.0,0.0,0.0,0.0,32.44,30.05,27.14,-113,6.5
2026-08-19 00:28:04,Laboratorios Eléctrica Centro,13.74,Silence,0.0,14.68,Silence,0.0,0.0,0.0,0.0,0.0,0.0,0.0,0.0,0.0,0.0,14.64,13.81,12.18,-119,-8.0
2026-08-19 00:28:55,Laboratorios Eléctrica Superior,14.51,Silence,0.0,17.49,Silence,0.0,0.0,0.0,0.0,0.0,0.0,0.0,0.0,0.0,0.0,17.5,13.36,12.38,-115,6.0
2026-08-19 00:29:13,Pasillo Decanato Civil,19.52,Silence,0.0,20.07,Silence,0.0,0.0,0.0,0.0,0.0,0.0,0.0,0.0,0.0,0.0,20.21,19.36,18.76,-95,10.0
2026-08-19 00:29:14,Lobby Civil,44.65,Silence,0.0,45.89,Silence,0.0,0.0,0.0,0.0,0.0,0.0,0.0,0.0,0.0,0.0,46.38,44.33,43.6,-93,13.8
2026-08-19 00:30:44,Salón - Extremo Eléctrica,14.68,Silence,0.0,15.62,Silence,0.0,0.0,0.0,0.0,0.0,0.0,0.0,0.0,0.0,0.0,14.96,14.74,14.13,-91,9.0
2026-08-19 00:30:54,Salón - Uma Civil,36.29,Silence,0.0,44.14,Silence,0.0,0.0,0.0,0.0,0.0,0.0,0.0,0.0,0.0,0.0,44.24,31.63,15.48,-103,11.2
2026-08-19 00:31:09,Pasillo Decanato Eléctrica,20.24,Silence,0.0,21.23,Silence,0.0,0.0,0.0,0.0,0.0,0.0,0.0,0.0,0.0,0.0,20.96,20.24,19.73,-118,-12.5
2026-08-19 00:31:20,Laboratorios Civil Central,49.82,Mixed,63.32,51.04,Group 3 (Rotary Tool),49.67,0.0,50.05,0.0,0.0,63.32,2.26,13.98,0.04,20.1,50.99,49.61,48.37,-118,-11.0
2026-08-19 00:31:24,Laboratorios Eléctrica Inferior,23.74,Silence,0.0,25.53,Silence,0.0,0.0,0.0,0.0,0.0,0.0,0.0,0.0,0.0,0.0,26.03,23.26,22.32,-117,-1.2
2026-08-19 00:31:39,Laboratorios Civil Inferior,23.41,Silence,0.0,25.27,Silence,0.0,0.0,0.0,0.0,0.0,0.0,0.0,0.0,0.0,0.0,25.38,22.98,22.26,-120,-4.0
2026-08-19 00:31:44,Lobby Eléctrica,24.41,Silence,0.0,25.06,Silence,0.0,0.0,0.0,0.0,0.0,0.0,0.0,0.0,0.0,0.0,24.87,24.53,23.52,-115,2.0
2026-08-19 00:31:58,Pasillo Salones Eléctrica,30.59,Silence,0.0,31.33,Silence,0.0,0.0,0.0,0.0,0.0,0.0,0.0,0.0,0.0,0.0,31.16,30.58,29.54,-103,12.2
2026-08-19 00:32:08,Salón - Uma Eléctrica,43.33,Silence,0.0,43.86,Silence,0.0,0.0,0.0,0.0,0.0,0.0,0.0,0.0,0.0,0.0,44.11,43.35,42.15,-115,5.0
2026-08-19 00:32:23,Salón - Extremo Civil,13.24,Silence,0.0,13.71,Silence,0.0,0.0,0.0,0.0,0.0,0.0,0.0,0.0,0.0,0.0,14.13,13.14,12.78,-103,12.0
2026-08-19 00:32:34,Pasillo Salones Civil,17.72,Silence,0.0,24.21,Silence,0.0,0.0,0.0,0.0,0.0,0.0,0.0,0.0,0.0,0.0,25.89,15.01,14.09,-107,10.8
2026-08-19 00:32:42,Laboratorios Civil Superior,29.68,Silence,0.0,31.0,Silence,0.0,0.0,0.0,0.0,0.0,0.0,0.0,0.0,0.0,0.0,30.84,29.77,28.36,-113,8.0
2026-08-19 00:33:04,Laboratorios Eléctrica Centro,11.57,Silence,0.0,12.29,Silence,0.0,0.0,0.0,0.0,0.0,0.0,0.0,0.0,0.0,0.0,12.52,11.49,10.72,-102,7.2
2026-08-19 00:33:55,Laboratorios Eléctrica Superior,11.52,Silence,0.0,12.27,Silence,0.0,0.0,0.0,0.0,0.0,0.0,0.0,0.0,0.0,0.0,12.51,11.36,10.25,-115,2.2
2026-08-19 00:34:13,Pasillo Decanato Civil,19.32,Silence,0.0,19.75,Silence,0.0,0.0,0.0,0.0,0.0,0.0,0.0,0.0,0.0,0.0,19.79,19.37,18.63,-117,3.0
2026-08-19 00:34:14,Lobby Civil,36.89,Silence,0.0,39.72,Silence,0.0,0.0,0.0,0.0,0.0,0.0,0.0,0.0,0.0,0.0,40.25,36.43,34.98,-107,10.0
2026-08-19 00:35:44,Salón - Extremo Eléctrica,15.3,Silence,0.0,16.23,Silence,0.0,0.0,0.0,0.0,0.0,0.0,0.0,0.0,0.0,0.0,16.62,15.11,14.48,-88,13.0
2026-08-19 00:35:54,Salón - Uma Civil,9.59,Silence,0.0,10.19,Silence,0.0,0.0,0.0,0.0,0.0,0.0,0.0,0.0,0.0,0.0,10.26,9.52,8.77,-96,12.2
2026-08-19 00:36:09,Pasillo Decanato Eléctrica,19.72,Silence,0.0,20.34,Silence,0.0,0.0,0.0,0.0,0.0,0.0,0.0,0.0,0.0,0.0,20.41,19.74,18.99,-114,0.8
2026-08-19 00:36:20,Laboratorios Civil Central,49.46,Mixed,52.73,50.72,Group 1 (Common),49.52,0.0,0.0,0.0,48.7,52.73,1.82,7.16,0.22,37.93,50.61,49.58,47.94,-120,-10.8
2026-08-19 00:36:24,Laboratorios Eléctrica Inferior,25.61,Silence,0.0,27.07,Silence,0.0,0.0,0.0,0.0,0.0,0.0,0.0,0.0,0.0,0.0,27.6,25.21,24.36,-121,-11.2
2026-08-19 00:36:39,Laboratorios Civil Inferior,23.07,Silence,0.0,24.95,Silence,0.0,0.0,0.0,0.0,0.0,0.0,0.0,0.0,0.0,0.0,24.98,22.74,21.75,-115,0.8
2026-08-19 00:36:40,Lobby Eléctrica,24.32,Silence,0.0,25.28,Silence,0.0,0.0,0.0,0.0,0.0,0.0,0.0,0.0,0.0,0.0,25.13,24.36,23.67,-95,12.0
2026-08-19 00:36:58,Pasillo Salones Eléctrica,30.67,Silence,0.0,31.58,Silence,0.0,0.0,0.0,0.0,0.0,0.0,0.0,0.0,0.0,0.0,31.35,30.69,29.95,-117,0.5
2026-08-19 00:37:08,Salón - Uma Eléctrica,44.32,Silence,0.0,44.82,Silence,0.0,0.0,0.0,0.0,0.0,0.0,0.0,0.0,0.0,0.0,44.77,44.37,43.62,-113,7.0
2026-08-19 00:37:23,Salón - Extremo Civil,14.2,Silence,0.0,15.98,Silence,0.0,0.0,0.0,0.0,0.0,0.0,0.0,0.0,0.0,0.0,16.49,13.9,13.34,-91,12.5
2026-08-19 00:37:34,Pasillo Salones Civil,16.02,Silence,0.0,17.47,Silence,0.0,0.0,0.0,0.0,0.0,0.0,0.0,0.0,0.0,0.0,18.09,15.26,14.64,-109,9.8
2026-08-19 00:37:42,Laboratorios Civil Superior,32.14,Silence,0.0,34.31,Silence,0.0,0.0,0.0,0.0,0.0,0.0,0.0,0.0,0.0,0.0,34.09,32.25,30.22,-110,4.8
2026-08-19 00:38:04,Laboratorios Eléctrica Centro,14.53,Silence,0.0,15.32,Silence,0.0,0.0,0.0,0.0,0.0,0.0,0.0,0.0,0.0,0.0,15.26,14.35,13.91,-105,10.5
2026-08-19 00:38:55,Laboratorios Eléctrica Superior,13.89,Silence,0.0,14.79,Silence,0.0,0.0,0.0,0.0,0.0,0.0,0.0,0.0,0.0,0.0,14.78,13.85,13.1,-100,11.8
2026-08-19 00:39:13,Pasillo Decanato Civil,20.68,Silence,0.0,21.55,Silence,0.0,0.0,0.0,0.0,0.0,0.0,0.0,0.0,0.0,0.0,21.43,20.56,20.06,-117,-1.8
2026-08-19 00:39:14,Lobby Civil,38.19,Silence,0.0,40.96,Silence,0.0,0.0,0.0,0.0,0.0,0.0,0.0,0.0,0.0,0.0,41.49,37.48,35.14,-108,10.0
2026-08-19 00:40:44,Salón - Extremo Eléctrica,14.87,Silence,0.0,15.76,Silence,0.0,0.0,0.0,0.0,0.0,0.0,0.0,0.0,0.0,0.0,15.68,14.93,13.07,-111,7.0
2026-08-19 00:40:54,Salón - Uma Civil,68.65,Group 1 (Common),75.3,73.47,Group 1 (Common),69.59,55.09,0.0,0.0,54.95,75.3,13.59,0.56,2.3,8.03,74.26,62.11,46.42,-102,11.5
2026-08-19 00:41:09,Pasillo Decanato Eléctrica,20.33,Silence,0.0,21.25,Silence,0.0,0.0,0.0,0.0,0.0,0.0,0.0,0.0,0.0,0.0,21.21,20.23,19.51,-105,11.5
2026-08-19 00:41:24,Laboratorios Eléctrica Inferior,23.05,Silence,0.0,23.72,Silence,0.0,0.0,0.0,0.0,0.0,0.0,0.0,0.0,0.0,0.0,24.0,22.93,22.11,-114,6.8
2026-08-19 00:41:39,Laboratorios Civil Inferior,23.55,Silence,0.0,25.23,Silence,0.0,0.0,0.0,0.0,0.0,0.0,0.0,0.0,0.0,0.0,25.05,23.09,21.94,-119,-2.0
2026-08-19 00:41:40,Lobby Eléctrica,24.1,Silence,0.0,24.91,Silence,0.0,0.0,0.0,0.0,0.0,0.0,0.0,0.0,0.0,0.0,24.83,24.09,23.11,-103,11.5
2026-08-19 00:41:58,Pasillo Salones Eléctrica,32.4,Silence,0.0,33.65,Silence,0.0,0.0,0.0,0.0,0.0,0.0,0.0,0.0,0.0,0.0,34.21,32.13,31.3,-105,8.5
2026-08-19 00:42:12,Salón - Uma Eléctrica,43.45,Silence,0.0,44.04,Silence,0.0,0.0,0.0,0.0,0.0,0.0,0.0,0.0,0.0,0.0,43.9,43.46,42.56,-113,-2.5
2026-08-19 00:42:23,Salón - Extremo Civil,17.86,Silence,0.0,18.73,Silence,0.0,0.0,0.0,0.0,0.0,0.0,0.0,0.0,0.0,0.0,18.61,18.13,15.82,-120,-10.2
2026-08-19 00:42:34,Pasillo Salones Civil,36.08,Silence,0.0,42.44,Silence,0.0,0.0,0.0,0.0,0.0,0.0,0.0,0.0,0.0,0.0,42.75,31.87,19.56,-113,7.8
2026-08-19 00:42:42,Laboratorios Civil Superior,31.33,Silence,0.0,33.01,Silence,0.0,0.0,0.0,0.0,0.0,0.0,0.0,0.0,0.0,0.0,32.41,31.84,27.93,-102,10.5
2026-08-19 00:43:04,Laboratorios Eléctrica Centro,11.23,Silence,0.0,12.02,Silence,0.0,0.0,0.0,0.0,0.0,0.0,0.0,0.0,0.0,0.0,12.17,11.2,10.07,-102,11.0
2026-08-19 00:43:55,Laboratorios Eléctrica Superior,11.96,Silence,0.0,12.35,Silence,0.0,0.0,0.0,0.0,0.0,0.0,0.0,0.0,0.0,0.0,12.27,11.94,11.27,-101,10.8
2026-08-19 00:44:13,Pasillo Decanato Civil,20.42,Silence,0.0,21.72,Silence,0.0,0.0,0.0,0.0,0.0,0.0,0.0,0.0,0.0,0.0,21.23,20.44,19.74,-91,11.5
2026-08-19 00:44:14,Lobby Civil,35.07,Silence,0.0,38.93,Silence,0.0,0.0,0.0,0.0,0.0,0.0,0.0,0.0,0.0,0.0,39.8,34.12,33.74,-107,7.0
2026-08-19 00:45:44,Salón - Extremo Eléctrica,15.64,Silence,0.0,16.83,Silence,0.0,0.0,0.0,0.0,0.0,0.0,0.0,0.0,0.0,0.0,16.28,15.74,14.26,-90,11.8
2026-08-19 00:45:54,Salón - Uma Civil,20.49,Silence,0.0,23.81,Silence,0.0,0.0,0.0,0.0,0.0,0.0,0.0,0.0,0.0,0.0,23.28,19.55,16.5,-118,-0.2
2026-08-19 00:46:09,Pasillo Decanato Eléctrica,19.89,Silence,0.0,20.57,Silence,0.0,0.0,0.0,0.0,0.0,0.0,0.0,0.0,0.0,0.0,20.29,19.99,19.09,-113,1.8
2026-08-19 00:46:20,Laboratorios Civil Central,49.48,Group 1 (Common),85.76,51.06,Group 1 (Common),49.21,0.0,0.0,0.0,0.0,85.76,0.13,0.04,0.04,13.93,50.98,49.15,47.18,-108,5.8
2026-08-19 00:46:24,Laboratorios Eléctrica Inferior,24.17,Silence,0.0,24.97,Silence,0.0,0.0,0.0,0.0,0.0,0.0,0.0,0.0,0.0,0.0,25.18,24.3,23.05,-117,-0.2
2026-08-19 00:46:39,Laboratorios Civil Inferior,30.69,Silence,0.0,31.34,Silence,0.0,0.0,0.0,0.0,0.0,0.0,0.0,0.0,0.0,0.0,31.73,30.64,30.06,-117,-12.8
2026-08-19 00:46:40,Lobby Eléctrica,25.03,Silence,0.0,28.05,Silence,0.0,0.0,0.0,0.0,0.0,0.0,0.0,0.0,0.0,0.0,25.5,24.85,24.58,-117,2.2
2026-08-19 00:46:58,Pasillo Salones Eléctrica,30.41,Silence,0.0,31.49,Silence,0.0,0.0,0.0,0.0,0.0,0.0,0.0,0.0,0.0,0.0,31.14,30.71,29.08,-117,0.5
2026-08-19 00:47:08,Salón - Uma Eléctrica,43.36,Silence,0.0,44.68,Silence,0.0,0.0,0.0,0.0,0.0,0.0,0.0,0.0,0.0,0.0,44.27,42.96,42.84,-113,4.5
2026-08-19 00:47:23,Salón - Extremo Civil,13.19,Silence,0.0,13.95,Silence,0.0,0.0,0.0,0.0,0.0,0.0,0.0,0.0,0.0,0.0,13.84,13.18,12.26,-85,9.0
2026-08-19 00:47:34,Pasillo Salones Civil,15.79,Silence,0.0,16.37,Silence,0.0,0.0,0.0,0.0,0.0,0.0,0.0,0.0,0.0,0.0,16.41,15.66,15.11,-107,6.0
2026-08-19 00:47:42,Laboratorios Civil Superior,33.39,Silence,0.0,35.38,Silence,0.0,0.0,0.0,0.0,0.0,0.0,0.0,0.0,0.0,0.0,36.22,33.77,30.92,-109,2.2
2026-08-19 00:48:04,Laboratorios Eléctrica Centro,10.99,Silence,0.0,11.68,Silence,0.0,0.0,0.0,0.0,0.0,0.0,0.0,0.0,0.0,0.0,11.37,11.01,10.43,-118,-9.5
2026-08-19 00:48:55,Laboratorios Eléctrica Superior,13.13,Silence,0.0,14.11,Silence,0.0,0.0,0.0,0.0,0.0,0.0,0.0,0.0,0.0,0.0,13.75,13.15,11.82,-109,7.8
2026-08-19 00:49:13,Pasillo Decanato Civil,20.01,Silence,0.0,21.44,Silence,0.0,0.0,0.0,0.0,0.0,0.0,0.0,0.0,0.0,0.0,20.85,19.91,19.62,-115,-1.5
2026-08-19 00:49:14,Lobby Civil,32.69,Silence,0.0,36.66,Silence,0.0,0.0,0.0,0.0,0.0,0.0,0.0,0.0,0.0,0.0,37.6,31.7,30.69,-109,9.0
2026-08-19 00:50:44,Salón - Extremo Eléctrica,15.12,Silence,0.0,15.88,Silence,0.0,0.0,0.0,0.0,0.0,0.0,0.0,0.0,0.0,0.0,16.37,15.12,13.94,-88,12.8
2026-08-19 00:50:54,Salón - Uma Civil,9.36,Silence,0.0,10.39,Silence,0.0,0.0,0.0,0.0,0.0,0.0,0.0,0.0,0.0,0.0,10.09,9.31,8.35,-119,-7.5
2026-08-19 00:51:09,Pasillo Decanato Eléctrica,20.0,Silence,0.0,21.05,Silence,0.0,0.0,0.0,0.0,0.0,0.0,0.0,0.0,0.0,0.0,21.15,19.78,19.18,-115,5.5
2026-08-19 00:51:20,Laboratorios Civil Central,49.55,Mixed,68.46,51.07,Group 1 (Common),49.15,0.0,0.0,0.0,0.0,68.46,8.25,10.45,0.15,12.65,51.45,49.07,47.88,-112,3.2
2026-08-19 00:51:24,Laboratorios Eléctrica Inferior,36.86,Silence,0.0,38.68,Silence,0.0,0.0,0.0,0.0,0.0,0.0,0.0,0.0,0.0,0.0,38.64,36.2,35.19,-115,0.5
2026-08-19 00:51:39,Laboratorios Civil Inferior,23.61,Silence,0.0,24.64,Silence,0.0,0.0,0.0,0.0,0.0,0.0,0.0,0.0,0.0,0.0,24.83,23.8,21.75,-105,1.2
2026-08-19 00:51:40,Lobby Eléctrica,24.28,Silence,0.0,25.01,Silence,0.0,0.0,0.0,0.0,0.0,0.0,0.0,0.0,0.0,0.0,25.14,24.22,23.19,-99,11.8
2026-08-19 00:51:58,Pasillo Salones Eléctrica,33.45,Silence,0.0,48.76,Silence,0.0,0.0,0.0,0.0,0.0,0.0,0.0,0.0,0.0,0.0,38.41,31.41,30.84,-97,11.5
2026-08-19 00:52:08,Salón - Uma Eléctrica,43.81,Silence,0.0,44.26,Silence,0.0,0.0,0.0,0.0,0.0,0.0,0.0,0.0,0.0,0.0,44.45,43.67,43.35,-107,8.0
2026-08-19 00:52:23,Salón - Extremo Civil,14.27,Silence,0.0,16.33,Silence,0.0,0.0,0.0,0.0,0.0,0.0,0.0,0.0,0.0,0.0,16.58,13.66,12.4,-97,12.0
2026-08-19 00:52:34,Pasillo Salones Civil,14.23,Silence,0.0,14.72,Silence,0.0,0.0,0.0,0.0,0.0,0.0,0.0,0.0,0.0,0.0,14.45,14.2,13.94,-111,8.2
2026-08-19 00:52:42,Laboratorios Civil Superior,31.52,Silence,0.0,33.34,Silence,0.0,0.0,0.0,0.0,0.0,0.0,0.0,0.0,0.0,0.0,33.13,31.44,27.99,-107,10.8
2026-08-19 00:53:04,Laboratorios Eléctrica Centro,38.25,Silence,0.0,39.61,Silence,0.0,0.0,0.0,0.0,0.0,0.0,0.0,0.0,0.0,0.0,40.14,37.82,37.24,-119,-6.2
2026-08-19 00:53:55,Laboratorios Eléctrica Superior,38.14,Silence,0.0,39.8,Silence,0.0,0.0,0.0,0.0,0.0,0.0,0.0,0.0,0.0,0.0,40.1,37.93,36.08,-102,8.2
2026-08-19 00:54:13,Pasillo Decanato Civil,20.72,Silence,0.0,22.12,Silence,0.0,0.0,0.0,0.0,0.0,0.0,0.0,0.0,0.0,0.0,22.02,20.24,19.31,-115,3.2
2026-08-19 00:54:14,Lobby Civil,33.93,Silence,0.0,37.0,Silence,0.0,0.0,0.0,0.0,0.0,0.0,0.0,0.0,0.0,0.0,37.68,32.89,31.77,-108,8.0
2026-08-19 00:55:44,Salón - Extremo Eléctrica,21.39,Silence,0.0,27.82,Silence,0.0,0.0,0.0,0.0,0.0,0.0,0.0,0.0,0.0,0.0,29.03,15.88,14.17,-93,13.8
2026-08-19 00:55:54,Salón - Uma Civil,10.38,Silence,0.0,11.12,Silence,0.0,0.0,0.0,0.0,0.0,0.0,0.0,0.0,0.0,0.0,10.66,10.44,9.95,-119,-10.2
2026-08-19 00:56:09,Pasillo Decanato Eléctrica,19.49,Silence,0.0,20.21,Silence,0.0,0.0,0.0,0.0,0.0,0.0,0.0,0.0,0.0,0.0,20.05,19.64,18.43,-115,-2.8
2026-08-19 00:56:20,Laboratorios Civil Central,51.13,Group 1 (Common),93.16,52.62,Group 1 (Common),51.72,0.0,0.0,0.0,0.0,93.16,0.1,0.0,0.05,6.59,52.87,51.16,48.83,-113,7.0
2026-08-19 00:56:24,Laboratorios Eléctrica Inferior,29.05,Silence,0.0,33.54,Silence,0.0,0.0,0.0,0.0,0.0,0.0,0.0,0.0,0.0,0.0,32.25,27.38,25.01,-114,0.8
2026-08-19 00:56:39,Laboratorios Civil Inferior,23.86,Silence,0.0,25.32,Silence,0.0,0.0,0.0,0.0,0.0,0.0,0.0,0.0,0.0,0.0,25.33,24.13,22.35,-119,-3.8
2026-08-19 00:56:40,Lobby Eléctrica,22.82,Silence,0.0,23.7,Silence,0.0,0.0,0.0,0.0,0.0,0.0,0.0,0.0,0.0,0.0,23.67,22.81,22.15,-95,12.0
2026-08-19 00:56:58,Pasillo Salones Eléctrica,30.69,Silence,0.0,31.43,Silence,0.0,0.0,0.0,0.0,0.0,0.0,0.0,0.0,0.0,0.0,31.53,30.61,29.43,-91,12.0
2026-08-19 00:57:08,Salón - Uma Eléctrica,43.92,Silence,0.0,44.6,Silence,0.0,0.0,0.0,0.0,0.0,0.0,0.0,0.0,0.0,0.0,44.59,44.17,42.68,-118,-12.0
2026-08-19 00:57:23,Salón - Extremo Civil,13.17,Silence,0.0,13.64,Silence,0.0,0.0,0.0,0.0,0.0,0.0,0.0,0.0,0.0,0.0,13.66,13.4,12.24,-99,13.2
2026-08-19 00:57:34,Pasillo Salones Civil,28.17,Silence,0.0,35.01,Silence,0.0,0.0,0.0,0.0,0.0,0.0,0.0,0.0,0.0,0.0,35.59,24.28,14.98,-107,11.0
2026-08-19 00:57:47,Laboratorios Civil Superior,31.1,Silence,0.0,31.99,Silence,0.0,0.0,0.0,0.0,0.0,0.0,0.0,0.0,0.0,0.0,31.85,31.39,29.02,-102,9.5
2026-08-19 00:58:04,Laboratorios Eléctrica Centro,11.14,Silence,0.0,11.93,Silence,0.0,0.0,0.0,0.0,0.0,0.0,0.0,0.0,0.0,0.0,11.9,11.07,10.71,-99,7.8
2026-08-19 00:58:55,Laboratorios Eléctrica Superior,11.67,Silence,0.0,12.23,Silence,0.0,0.0,0.0,0.0,0.0,0.0,0.0,0.0,0.0,0.0,12.04,11.67,11.36,-107,12.2
2026-08-19 00:59:13,Pasillo Decanato Civil,22.94,Silence,0.0,23.6,Silence,0.0,0.0,0.0,0.0,0.0,0.0,0.0,0.0,0.0,0.0,23.6,23.15,22.05,-117,2.2
2026-08-19 00:59:14,Lobby Civil,34.27,Silence,0.0,38.31,Silence,0.0,0.0,0.0,0.0,0.0,0.0,0.0,0.0,0.0,0.0,38.91,32.09,31.36,-111,5.5
2026-08-19 01:00:44,Salón - Extremo Eléctrica,15.12,Silence,0.0,15.8,Silence,0.0,0.0,0.0,0.0,0.0,0.0,0.0,0.0,0.0,0.0,15.86,14.99,14.35,-90,11.5
2026-08-19 01:00:54,Salón - Uma Civil,9.64,Silence,0.0,10.29,Silence,0.0,0.0,0.0,0.0,0.0,0.0,0.0,0.0,0.0,0.0,10.46,9.87,8.74,-119,-13.2
2026-08-19 01:01:09,Pasillo Decanato Eléctrica,19.93,Silence,0.0,20.79,Silence,0.0,0.0,0.0,0.0,0.0,0.0,0.0,0.0,0.0,0.0,20.42,20.02,18.94,-105,10.8
2026-08-19 01:01:20,Laboratorios Civil Central,49.71,Mixed,55.16,51.95,Group 1 (Common),49.63,0.0,48.5,0.0,0.0,55.16,2.82,20.7,0.04,21.09,51.79,49.99,47.72,-105,10.2
2026-08-19 01:01:24,Laboratorios Eléctrica Inferior,26.04,Silence,0.0,27.14,Silence,0.0,0.0,0.0,0.0,0.0,0.0,0.0,0.0,0.0,0.0,27.07,26.02,24.36,-120,-13.2
2026-08-19 01:01:39,Laboratorios Civil Inferior,22.44,Silence,0.0,23.28,Silence,0.0,0.0,0.0,0.0,0.0,0.0,0.0,0.0,0.0,0.0,23.58,22.47,21.26,-119,-3.2
2026-08-19 01:01:40,Lobby Eléctrica,27.9,Silence,0.0,28.54,Silence,0.0,0.0,0.0,0.0,0.0,0.0,0.0,0.0,0.0,0.0,28.6,27.86,27.23,-95,13.5
2026-08-19 01:01:58,Pasillo Salones Eléctrica,30.64,Silence,0.0,31.27,Silence,0.0,0.0,0.0,0.0,0.0,0.0,0.0,0.0,0.0,0.0,31.26,30.64,30.24,-117,0.5
2026-08-19 01:02:08,Salón - Uma Eléctrica,43.21,Silence,0.0,44.4,Silence,0.0,0.0,0.0,0.0,0.0,0.0,0.0,0.0,0.0,0.0,44.4,43.21,42.47,-107,11.0
2026-08-19 01:02:23,Salón - Extremo Civil,14.56,Silence,0.0,15.45,Silence,0.0,0.0,0.0,0.0,0.0,0.0,0.0,0.0,0.0,0.0,15.08,14.5,14.08,-97,11.8
2026-08-19 01:02:34,Pasillo Salones Civil,20.39,Silence,0.0,26.85,Silence,0.0,0.0,0.0,0.0,0.0,0.0,0.0,0.0,0.0,0.0,27.78,18.94,17.77,-109,9.5
2026-08-19 01:02:42,Laboratorios Civil Superior,32.51,Silence,0.0,35.32,Silence,0.0,0.0,0.0,0.0,0.0,0.0,0.0,0.0,0.0,0.0,35.0,32.78,28.31,-98,11.5
2026-08-19 01:03:04,Laboratorios Eléctrica Centro,14.19,Silence,0.0,14.86,Silence,0.0,0.0,0.0,0.0,0.0,0.0,0.0,0.0,0.0,0.0,14.77,14.33,13.21,-99,7.8
2026-08-19 01:03:55,Laboratorios Eléctrica Superior,12.95,Silence,0.0,13.94,Silence,0.0,0.0,0.0,0.0,0.0,0.0,0.0,0.0,0.0,0.0,13.9,12.85,12.08,-115,4.2
2026-08-19 01:04:13,Pasillo Decanato Civil,52.06,Group 2 (Impact),74.96,60.09,Group 5 (Vehicle),0.0,33.93,0.0,0.0,56.73,6.94,74.96,0.04,0.13,17.93,61.11,23.95,23.26,-102,8.2
2026-08-19 01:04:14,Lobby Civil,55.93,Group 5 (Vehicle),89.63,56.76,Group 5 (Vehicle),0.0,0.0,0.0,0.0,55.86,7.47,0.52,1.74,0.78,89.63,56.63,56.03,55.07,-93,9.8
2026-08-19 01:05:44,Salón - Extremo Eléctrica,28.4,Silence,0.0,33.97,Silence,0.0,0.0,0.0,0.0,0.0,0.0,0.0,0.0,0.0,0.0,34.01,25.96,18.03,-89,9.5
2026-08-19 01:05:54,Salón - Uma Civil,10.2,Silence,0.0,10.92,Silence,0.0,0.0,0.0,0.0,0.0,0.0,0.0,0.0,0.0,0.0,10.67,10.21,9.67,-105,8.2
2026-08-19 01:06:09,Pasillo Decanato Eléctrica,20.53,Silence,0.0,21.59,Silence,0.0,0.0,0.0,0.0,0.0,0.0,0.0,0.0,0.0,0.0,21.55,20.59,19.42,-105,9.8
2026-08-19 01:06:20,Laboratorios Civil Central,50.22,Group 1 (Common),77.34,53.09,Group 1 (Common),50.07,0.0,51.47,0.0,0.0,77.34,0.22,17.23,0.0,5.12,53.07,50.25,46.97,-117,-9.8
2026-08-19 01:06:24,Laboratorios Eléctrica Inferior,26.4,Silence,0.0,27.56,Silence,0.0,0.0,0.0,0.0,0.0,0.0,0.0,0.0,0.0,0.0,27.46,26.15,25.14,-113,4.0
2026-08-19 01:06:39,Laboratorios Civil Inferior,21.31,Silence,0.0,22.42,Silence,0.0,0.0,0.0,0.0,0.0,0.0,0.0,0.0,0.0,0.0,22.65,21.44,19.42,-120,-3.8
2026-08-19 01:06:40,Lobby Eléctrica,40.71,Silence,0.0,42.99,Silence,0.0,0.0,0.0,0.0,0.0,0.0,0.0,0.0,0.0,0.0,43.31,40.47,39.49,-97,9.5
2026-08-19 01:06:58,Pasillo Salones Eléctrica,30.89,Silence,0.0,31.99,Silence,0.0,0.0,0.0,0.0,0.0,0.0,0.0,0.0,0.0,0.0,32.36,30.44,30.32,-91,11.8
2026-08-19 01:07:08,Salón - Uma Eléctrica,46.47,Group 2 (Impact),77.21,50.61,Group 3 (Rotary Tool),0.0,46.42,50.53,0.0,0.0,0.39,77.21,18.62,0.0,3.52,50.37,44.87,44.06,-105,9.5
2026-08-19 01:07:23,Salón - Extremo Civil,14.55,Silence,0.0,15.45,Silence,0.0,0.0,0.0,0.0,0.0,0.0,0.0,0.0,0.0,0.0,15.97,14.36,13.6,-99,12.8
2026-08-19 01:07:34,Pasillo Salones Civil,19.7,Silence,0.0,23.45,Silence,0.0,0.0,0.0,0.0,0.0,0.0,0.0,0.0,0.0,0.0,23.56,18.52,17.34,-117,-2.8
2026-08-19 01:07:42,Laboratorios Civil Superior,30.41,Silence,0.0,32.59,Silence,0.0,0.0,0.0,0.0,0.0,0.0,0.0,0.0,0.0,0.0,32.1,30.06,28.57,-103,11.8
2026-08-19 01:08:04,Laboratorios Eléctrica Centro,11.99,Silence,0.0,12.77,Silence,0.0,0.0,0.0,0.0,0.0,0.0,0.0,0.0,0.0,0.0,12.64,12.02,11.33,-101,10.5
2026-08-19 01:08:55,Laboratorios Eléctrica Superior,11.84,Silence,0.0,12.58,Silence,0.0,0.0,0.0,0.0,0.0,0.0,0.0,0.0,0.0,0.0,12.42,11.87,11.18,-102,11.5
2026-08-19 01:09:13,Pasillo Decanato Civil,19.25,Silence,0.0,20.18,Silence,0.0,0.0,0.0,0.0,0.0,0.0,0.0,0.0,0.0,0.0,20.36,19.1,18.54,-113,7.8
2026-08-19 01:09:14,Lobby Civil,32.48,Silence,0.0,35.84,Silence,0.0,0.0,0.0,0.0,0.0,0.0,0.0,0.0,0.0,0.0,35.66,31.38,31.06,-108,8.8
2026-08-19 01:10:44,Salón - Extremo Eléctrica,15.03,Silence,0.0,15.86,Silence,0.0,0.0,0.0,0.0,0.0,0.0,0.0,0.0,0.0,0.0,15.84,14.99,14.38,-90,12.5
2026-08-19 01:10:54,Salón - Uma Civil,17.04,Silence,0.0,21.15,Silence,0.0,0.0,0.0,0.0,0.0,0.0,0.0,0.0,0.0,0.0,22.31,16.43,13.43,-120,-7.0
2026-08-19 01:11:09,Pasillo Decanato Eléctrica,19.79,Silence,0.0,20.47,Silence,0.0,0.0,0.0,0.0,0.0,0.0,0.0,0.0,0.0,0.0,20.39,19.88,19.18,-114,5.5
2026-08-19 01:11:20,Laboratorios Civil Central,49.35,Mixed,46.31,50.71,Group 1 (Common),49.63,0.0,48.23,0.0,49.39,46.31,4.08,18.19,0.22,31.12,51.3,49.01,46.67,-102,10.5
2026-08-19 01:11:24,Laboratorios Eléctrica Inferior,23.67,Silence,0.0,24.34,Silence,0.0,0.0,0.0,0.0,0.0,0.0,0.0,0.0,0.0,0.0,24.43,23.62,22.84,-121,-8.2
2026-08-19 01:11:39,Laboratorios Civil Inferior,21.4,Silence,0.0,22.58,Silence,0.0,0.0,0.0,0.0,0.0,0.0,0.0,0.0,0.0,0.0,22.13,21.23,20.5,-119,-3.5
2026-08-19 01:11:40,Lobby Eléctrica,23.55,Silence,0.0,24.46,Silence,0.0,0.0,0.0,0.0,0.0,0.0,0.0,0.0,0.0,0.0,24.36,23.57,22.41,-97,12.2
2026-08-19 01:11:58,Pasillo Salones Eléctrica,30.88,Silence,0.0,31.72,Silence,0.0,0.0,0.0,0.0,0.0,0.0,0.0,0.0,0.0,0.0,31.6,30.77,30.45,-101,11.2
2026-08-19 01:12:08,Salón - Uma Eléctrica,43.88,Silence,0.0,44.58,Silence,0.0,0.0,0.0,0.0,0.0,0.0,0.0,0.0,0.0,0.0,44.63,43.89,42.76,-113,5.5
2026-08-19 01:12:23,Salón - Extremo Civil,13.27,Silence,0.0,13.84,Silence,0.0,0.0,0.0,0.0,0.0,0.0,0.0,0.0,0.0,0.0,13.84,13.07,12.84,-103,12.2
2026-08-19 01:12:34,Pasillo Salones Civil,14.34,Silence,0.0,14.89,Silence,0.0,0.0,0.0,0.0,0.0,0.0,0.0,0.0,0.0,0.0,14.88,14.3,13.88,-117,-5.8
2026-08-19 01:12:42,Laboratorios Civil Superior,41.83,Silence,0.0,43.04,Silence,0.0,0.0,0.0,0.0,0.0,0.0,0.0,0.0,0.0,0.0,42.83,41.52,39.89,-115,6.5
2026-08-19 01:13:04,Laboratorios Eléctrica Centro,14.07,Silence,0.0,14.89,Silence,0.0,0.0,0.0,0.0,0.0,0.0,0.0,0.0,0.0,0.0,14.7,14.1,13.32,-120,-10.2
2026-08-19 01:14:00,Laboratorios Eléctrica Superior,14.17,Silence,0.0,17.64,Silence,0.0,0.0,0.0,0.0,0.0,0.0,0.0,0.0,0.0,0.0,17.53,13.27,12.24,-114,0.8
2026-08-19 01:14:13,Pasillo Decanato Civil,20.39,Silence,0.0,21.36,Silence,0.0,0.0,0.0,0.0,0.0,0.0,0.0,0.0,0.0,0.0,21.33,20.42,19.05,-113,6.0
2026-08-19 01:14:14,Lobby Civil,40.73,Silence,0.0,44.93,Silence,0.0,0.0,0.0,0.0,0.0,0.0,0.0,0.0,0.0,0.0,46.09,39.77,35.42,-89,12.0
2026-08-19 01:15:44,Salón - Extremo Eléctrica,14.57,Silence,0.0,15.4,Silence,0.0,0.0,0.0,0.0,0.0,0.0,0.0,0.0,0.0,0.0,15.43,14.45,13.76,-107,7.5
2026-08-19 01:15:54,Salón - Uma Civil,9.12,Silence,0.0,10.09,Silence,0.0,0.0,0.0,0.0,0.0,0.0,0.0,0.0,0.0,0.0,9.41,9.18,8.55,-120,-8.5
2026-08-19 01:16:09,Pasillo Decanato Eléctrica,20.15,Silence,0.0,21.04,Silence,0.0,0.0,0.0,0.0,0.0,0.0,0.0,0.0,0.0,0.0,21.67,19.94,19.01,-105,10.2
2026-08-19 01:16:20,Laboratorios Civil Central,49.63,Mixed,64.93,52.06,Group 1 (Common),49.9,0.0,48.23,0.0,0.0,64.93,2.73,11.07,0.13,21.09,52.48,48.91,46.69,-119,-12.5
2026-08-19 01:16:24,Laboratorios Eléctrica Inferior,25.16,Silence,0.0,25.93,Silence,0.0,0.0,0.0,0.0,0.0,0.0,0.0,0.0,0.0,0.0,25.64,25.14,24.19,-91,4.0
2026-08-19 01:16:39,Laboratorios Civil Inferior,23.3,Silence,0.0,25.0,Silence,0.0,0.0,0.0,0.0,0.0,0.0,0.0,0.0,0.0,0.0,24.19,23.15,21.89,-115,-7.8
2026-08-19 01:16:40,Lobby Eléctrica,25.84,Silence,0.0,26.66,Silence,0.0,0.0,0.0,0.0,0.0,0.0,0.0,0.0,0.0,0.0,26.73,25.72,25.16,-117,1.5
2026-08-19 01:16:58,Pasillo Salones Eléctrica,30.79,Silence,0.0,31.47,Silence,0.0,0.0,0.0,0.0,0.0,0.0,0.0,0.0,0.0,0.0,31.6,30.88,29.6,-91,11.2
2026-08-19 01:17:08,Salón - Uma Eléctrica,44.02,Silence,0.0,44.7,Silence,0.0,0.0,0.0,0.0,0.0,0.0,0.0,0.0,0.0,0.0,44.59,44.32,43.02,-109,10.0
2026-08-19 01:17:23,Salón - Extremo Civil,13.69,Silence,0.0,14.17,Silence,0.0,0.0,0.0,0.0,0.0,0.0,0.0,0.0,0.0,0.0,14.07,13.76,13.03,-101,12.5
2026-08-19 01:17:34,Pasillo Salones Civil,14.15,Silence,0.0,14.84,Silence,0.0,0.0,0.0,0.0,0.0,0.0,0.0,0.0,0.0,0.0,14.84,14.08,13.32,-105,11.8
2026-08-19 01:17:42,Laboratorios Civil Superior,32.34,Silence,0.0,35.2,Silence,0.0,0.0,0.0,0.0,0.0,0.0,0.0,0.0,0.0,0.0,35.24,31.49,29.36,-113,3.2
2026-08-19 01:18:04,Laboratorios Eléctrica Centro,11.95,Silence,0.0,12.87,Silence,0.0,0.0,0.0,0.0,0.0,0.0,0.0,0.0,0.0,0.0,12.8,11.83,11.35,-107,10.2
2026-08-19 01:18:55,Laboratorios Eléctrica Superior,11.77,Silence,0.0,12.33,Silence,0.0,0.0,0.0,0.0,0.0,0.0,0.0,0.0,0.0,0.0,12.4,11.8,11.0,-105,12.2
2026-08-19 01:19:13,Pasillo Decanato Civil,19.35,Silence,0.0,20.1,Silence,0.0,0.0,0.0,0.0,0.0,0.0,0.0,0.0,0.0,0.0,20.08,19.11,18.69,-115,2.0
2026-08-19 01:19:18,Lobby Civil,44.2,Silence,0.0,50.92,Silence,0.0,0.0,0.0,0.0,0.0,0.0,0.0,0.0,0.0,0.0,52.3,37.4,35.64,-107,8.5
2026-08-19 01:20:44,Salón - Extremo Eléctrica,14.85,Silence,0.0,15.45,Silence,0.0,0.0,0.0,0.0,0.0,0.0,0.0,0.0,0.0,0.0,15.28,14.81,14.15,-89,13.2
2026-08-19 01:20:54,Salón - Uma Civil,11.16,Silence,0.0,13.45,Silence,0.0,0.0,0.0,0.0,0.0,0.0,0.0,0.0,0.0,0.0,13.32,10.74,8.85,-105,8.8
2026-08-19 01:21:09,Pasillo Decanato Eléctrica,20.17,Silence,0.0,21.15,Silence,0.0,0.0,0.0,0.0,0.0,0.0,0.0,0.0,0.0,0.0,20.89,20.32,19.12,-111,1.8
2026-08-19 01:21:20,Laboratorios Civil Central,50.75,Mixed,61.02,52.04,Group 1 (Common),50.82,0.0,50.82,0.0,0.0,61.02,2.13,23.35,0.26,13.24,52.01,50.73,49.63,-117,-12.2
2026-08-19 01:21:24,Laboratorios Eléctrica Inferior,26.27,Silence,0.0,27.17,Silence,0.0,0.0,0.0,0.0,0.0,0.0,0.0,0.0,0.0,0.0,27.16,26.15,25.28,-120,-5.2
2026-08-19 01:21:39,Laboratorios Civil Inferior,30.92,Silence,0.0,31.66,Silence,0.0,0.0,0.0,0.0,0.0,0.0,0.0,0.0,0.0,0.0,31.93,30.71,30.17,-118,-10.5
2026-08-19 01:21:40,Lobby Eléctrica,52.43,Mixed,50.69,53.37,Group 1 (Common),52.07,52.04,52.48,0.0,0.0,50.69,23.61,21.57,0.09,4.04,53.32,52.39,51.34,-103,11.8
2026-08-19 01:21:58,Pasillo Salones Eléctrica,34.54,Silence,0.0,38.27,Silence,0.0,0.0,0.0,0.0,0.0,0.0,0.0,0.0,0.0,0.0,37.47,33.36,31.63,-93,13.8
2026-08-19 01:22:08,Salón - Uma Eléctrica,44.02,Silence,0.0,44.63,Silence,0.0,0.0,0.0,0.0,0.0,0.0,0.0,0.0,0.0,0.0,44.7,44.05,43.13,-109,7.0
2026-08-19 01:22:23,Salón - Extremo Civil,13.93,Silence,0.0,14.63,Silence,0.0,0.0,0.0,0.0,0.0,0.0,0.0,0.0,0.0,0.0,14.93,13.79,13.36,-101,9.0
2026-08-19 01:22:34,Pasillo Salones Civil,14.63,Silence,0.0,15.48,Silence,0.0,0.0,0.0,0.0,0.0,0.0,0.0,0.0,0.0,0.0,15.66,14.53,13.83,-115,-1.8
2026-08-19 01:22:42,Laboratorios Civil Superior,33.42,Silence,0.0,35.07,Silence,0.0,0.0,0.0,0.0,0.0,0.0,0.0,0.0,0.0,0.0,34.78,33.51,31.58,-105,11.8
2026-08-19 01:23:04,Laboratorios Eléctrica Centro,14.13,Silence,0.0,14.85,Silence,0.0,0.0,0.0,0.0,0.0,0.0,0.0,0.0,0.0,0.0,14.86,13.85,13.57,-100,11.8
2026-08-19 01:23:55,Laboratorios Eléctrica Superior,41.01,Silence,0.0,49.61,Silence,0.0,0.0,0.0,0.0,0.0,0.0,0.0,0.0,0.0,0.0,52.95,12.17,11.81,-101,11.5
2026-08-19 01:24:13,Pasillo Decanato Civil,19.48,Silence,0.0,19.97,Silence,0.0,0.0,0.0,0.0,0.0,0.0,0.0,0.0,0.0,0.0,20.27,19.51,18.16,-118,-7.8
2026-08-19 01:24:14,Lobby Civil,35.58,Silence,0.0,37.82,Silence,0.0,0.0,0.0,0.0,0.0,0.0,0.0,0.0,0.0,0.0,38.39,35.2,33.64,-96,12.5
2026-08-19 01:25:44,Salón - Extremo Eléctrica,14.92,Silence,0.0,15.75,Silence,0.0,0.0,0.0,0.0,0.0,0.0,0.0,0.0,0.0,0.0,15.57,15.04,13.92,-111,6.8
2026-08-19 01:25:54,Salón - Uma Civil,9.84,Silence,0.0,10.58,Silence,0.0,0.0,0.0,0.0,0.0,0.0,0.0,0.0,0.0,0.0,10.39,9.76,9.15,-118,-1.2
2026-08-19 01:26:09,Pasillo Decanato Eléctrica,19.73,Silence,0.0,20.52,Silence,0.0,0.0,0.0,0.0,0.0,0.0,0.0,0.0,0.0,0.0,20.52,19.86,18.5,-111,0.5
2026-08-19 01:26:20,Laboratorios Civil Central,49.96,Group 1 (Common),78.3,51.37,Group 1 (Common),49.95,0.0,0.0,0.0,0.0,78.3,7.42,0.69,0.22,13.11,51.13,49.64,49.06,-109,7.2
2026-08-19 01:26:24,Laboratorios Eléctrica Inferior,24.11,Silence,0.0,24.77,Silence,0.0,0.0,0.0,0.0,0.0,0.0,0.0,0.0,0.0,0.0,24.71,24.18,23.61,-111,-0.8
2026-08-19 01:26:40,Laboratorios Civil Inferior,23.36,Silence,0.0,24.28,Silence,0.0,0.0,0.0,0.0,0.0,0.0,0.0,0.0,0.0,0.0,24.39,23.68,21.55,-95,-1.2
2026-08-19 01:26:40,Lobby Eléctrica,23.52,Silence,0.0,24.4,Silence,0.0,0.0,0.0,0.0,0.0,0.0,0.0,0.0,0.0,0.0,24.52,23.62,21.85,-115,3.2
2026-08-19 01:26:58,Pasillo Salones Eléctrica,31.22,Silence,0.0,32.6,Silence,0.0,0.0,0.0,0.0,0.0,0.0,0.0,0.0,0.0,0.0,33.17,31.08,30.46,-115,-1.2
2026-08-19 01:27:08,Salón - Uma Eléctrica,44.88,Silence,0.0,46.73,Silence,0.0,0.0,0.0,0.0,0.0,0.0,0.0,0.0,0.0,0.0,46.58,44.4,43.58,-119,-12.8
2026-08-19 01:27:23,Salón - Extremo Civil,13.17,Silence,0.0,13.62,Silence,0.0,0.0,0.0,0.0,0.0,0.0,0.0,0.0,0.0,0.0,13.56,13.16,12.8,-99,13.0
2026-08-19 01:27:34,Pasillo Salones Civil,13.78,Silence,0.0,14.39,Silence,0.0,0.0,0.0,0.0,0.0,0.0,0.0,0.0,0.0,0.0,14.27,13.84,13.09,-119,0.8
2026-08-19 01:27:42,Laboratorios Civil Superior,33.94,Silence,0.0,37.65,Silence,0.0,0.0,0.0,0.0,0.0,0.0,0.0,0.0,0.0,0.0,37.71,33.02,27.42,-111,7.2
2026-08-19 01:28:04,Laboratorios Eléctrica Centro,11.96,Silence,0.0,12.72,Silence,0.0,0.0,0.0,0.0,0.0,0.0,0.0,0.0,0.0,0.0,12.65,11.83,11.02,-120,-12.2
2026-08-19 01:28:55,Laboratorios Eléctrica Superior,11.78,Silence,0.0,12.49,Silence,0.0,0.0,0.0,0.0,0.0,0.0,0.0,0.0,0.0,0.0,12.21,11.74,11.26,-103,11.8
2026-08-19 01:29:13,Pasillo Decanato Civil,20.56,Silence,0.0,25.11,Silence,0.0,0.0,0.0,0.0,0.0,0.0,0.0,0.0,0.0,0.0,23.39,20.35,19.08,-117,-2.0
2026-08-19 01:29:14,Lobby Civil,35.64,Silence,0.0,39.37,Silence,0.0,0.0,0.0,0.0,0.0,0.0,0.0,0.0,0.0,0.0,39.71,34.46,32.12,-111,7.5
2026-08-19 01:30:44,Salón - Extremo Eléctrica,15.01,Silence,0.0,15.51,Silence,0.0,0.0,0.0,0.0,0.0,0.0,0.0,0.0,0.0,0.0,15.64,14.92,14.45,-111,6.0
2026-08-19 01:30:54,Salón - Uma Civil,9.32,Silence,0.0,9.83,Silence,0.0,0.0,0.0,0.0,0.0,0.0,0.0,0.0,0.0,0.0,9.88,9.39,8.72,-100,11.2
2026-08-19 01:31:09,Pasillo Decanato Eléctrica,20.0,Silence,0.0,20.79,Silence,0.0,0.0,0.0,0.0,0.0,0.0,0.0,0.0,0.0,0.0,20.56,20.27,18.95,-108,10.5
2026-08-19 01:31:20,Laboratorios Civil Central,50.16,Group 1 (Common),92.14,51.54,Group 1 (Common),50.2,0.0,0.0,0.0,0.0,92.14,0.05,0.0,0.0,7.71,51.49,49.71,48.88,-103,11.2
2026-08-19 01:31:24,Laboratorios Eléctrica Inferior,23.36,Silence,0.0,23.94,Silence,0.0,0.0,0.0,0.0,0.0,0.0,0.0,0.0,0.0,0.0,23.8,23.17,22.93,-120,-12.8
2026-08-19 01:31:40,Laboratorios Civil Inferior,30.93,Silence,0.0,31.8,Silence,0.0,0.0,0.0,0.0,0.0,0.0,0.0,0.0,0.0,0.0,31.61,31.0,29.93,-119,-2.5
2026-08-19 01:31:40,Lobby Eléctrica,33.49,Silence,0.0,34.2,Silence,0.0,0.0,0.0,0.0,0.0,0.0,0.0,0.0,0.0,0.0,34.03,33.46,32.89,-115,1.0
2026-08-19 01:31:58,Pasillo Salones Eléctrica,31.09,Silence,0.0,31.83,Silence,0.0,0.0,0.0,0.0,0.0,0.0,0.0,0.0,0.0,0.0,31.63,31.12,30.37,-100,11.0
2026-08-19 01:32:08,Salón - Uma Eléctrica,43.83,Silence,0.0,44.53,Silence,0.0,0.0,0.0,0.0,0.0,0.0,0.0,0.0,0.0,0.0,44.5,43.71,43.03,-120,-11.5
2026-08-19 01:32:23,Salón - Extremo Civil,13.28,Silence,0.0,13.94,Silence,0.0,0.0,0.0,0.0,0.0,0.0,0.0,0.0,0.0,0.0,13.67,13.27,12.82,-118,-12.2
2026-08-19 01:32:34,Pasillo Salones Civil,14.06,Silence,0.0,15.02,Silence,0.0,0.0,0.0,0.0,0.0,0.0,0.0,0.0,0.0,0.0,14.72,13.96,12.88,-107,11.5
2026-08-19 01:32:42,Laboratorios Civil Superior,34.14,Silence,0.0,37.49,Silence,0.0,0.0,0.0,0.0,0.0,0.0,0.0,0.0,0.0,0.0,37.64,32.97,31.78,-98,11.0
2026-08-19 01:33:04,Laboratorios Eléctrica Centro,15.96,Silence,0.0,16.47,Silence,0.0,0.0,0.0,0.0,0.0,0.0,0.0,0.0,0.0,0.0,16.89,16.05,15.07,-105,11.0
2026-08-19 01:33:55,Laboratorios Eléctrica Superior,12.05,Silence,0.0,12.57,Silence,0.0,0.0,0.0,0.0,0.0,0.0,0.0,0.0,0.0,0.0,12.69,11.97,11.63,-100,11.8
2026-08-19 01:34:13,Pasillo Decanato Civil,19.37,Silence,0.0,20.11,Silence,0.0,0.0,0.0,0.0,0.0,0.0,0.0,0.0,0.0,0.0,20.03,19.5,18.1,-114,6.5
2026-08-19 01:34:14,Lobby Civil,33.83,Silence,0.0,36.55,Silence,0.0,0.0,0.0,0.0,0.0,0.0,0.0,0.0,0.0,0.0,37.63,32.57,31.48,-90,12.2
2026-08-19 01:35:44,Salón - Extremo Eléctrica,14.7,Silence,0.0,15.57,Silence,0.0,0.0,0.0,0.0,0.0,0.0,0.0,0.0,0.0,0.0,15.17,14.66,14.04,-87,12.5
2026-08-19 01:35:54,Salón - Uma Civil,9.31,Silence,0.0,10.92,Silence,0.0,0.0,0.0,0.0,0.0,0.0,0.0,0.0,0.0,0.0,9.94,9.42,8.47,-119,-10.2
2026-08-19 01:36:09,Pasillo Decanato Eléctrica,20.38,Silence,0.0,21.05,Silence,0.0,0.0,0.0,0.0,0.0,0.0,0.0,0.0,0.0,0.0,21.09,20.23,19.39,-115,3.5
2026-08-19 01:36:20,Laboratorios Civil Central,49.13,Mixed,68.6,50.49,Group 1 (Common),49.12,0.0,0.0,0.0,0.0,68.6,4.2,3.32,0.15,23.63,50.09,49.15,48.23,-120,-13.2
2026-08-19 01:36:24,Laboratorios Eléctrica Inferior,21.78,Silence,0.0,22.37,Silence,0.0,0.0,0.0,0.0,0.0,0.0,0.0,0.0,0.0,0.0,22.55,21.63,21.17,-120,-5.5
2026-08-19 01:36:40,Laboratorios Civil Inferior,23.17,Silence,0.0,24.26,Silence,0.0,0.0,0.0,0.0,0.0,0.0,0.0,0.0,0.0,0.0,24.02,23.1,22.4,-121,-10.2
2026-08-19 01:36:40,Lobby Eléctrica,26.01,Silence,0.0,26.72,Silence,0.0,0.0,0.0,0.0,0.0,0.0,0.0,0.0,0.0,0.0,26.79,25.98,25.25,-99,12.8
2026-08-19 01:36:58,Pasillo Salones Eléctrica,30.99,Silence,0.0,31.57,Silence,0.0,0.0,0.0,0.0,0.0,0.0,0.0,0.0,0.0,0.0,31.66,30.83,30.57,-101,11.2
2026-08-19 01:37:08,Salón - Uma Eléctrica,43.91,Silence,0.0,45.53,Silence,0.0,0.0,0.0,0.0,0.0,0.0,0.0,0.0,0.0,0.0,45.26,43.64,42.93,-113,6.8
2026-08-19 01:37:23,Salón - Extremo Civil,13.48,Silence,0.0,13.94,Silence,0.0,0.0,0.0,0.0,0.0,0.0,0.0,0.0,0.0,0.0,13.84,13.56,12.58,-87,14.0
2026-08-19 01:37:34,Pasillo Salones Civil,15.33,Silence,0.0,15.94,Silence,0.0,0.0,0.0,0.0,0.0,0.0,0.0,0.0,0.0,0.0,16.19,15.21,14.58,-102,11.0
2026-08-19 01:37:42,Laboratorios Civil Superior,30.5,Silence,0.0,32.7,Silence,0.0,0.0,0.0,0.0,0.0,0.0,0.0,0.0,0.0,0.0,32.82,30.9,27.63,-107,-1.0
2026-08-19 01:38:04,Laboratorios Eléctrica Centro,12.02,Silence,0.0,12.65,Silence,0.0,0.0,0.0,0.0,0.0,0.0,0.0,0.0,0.0,0.0,12.63,11.94,11.43,-101,11.5
2026-08-19 01:38:55,Laboratorios Eléctrica Superior,15.43,Silence,0.0,16.97,Silence,0.0,0.0,0.0,0.0,0.0,0.0,0.0,0.0,0.0,0.0,16.79,15.29,13.85,-103,8.0
2026-08-19 01:39:13,Pasillo Decanato Civil,18.77,Silence,0.0,19.62,Silence,0.0,0.0,0.0,0.0,0.0,0.0,0.0,0.0,0.0,0.0,19.68,18.99,17.7,-105,12.2
2026-08-19 01:39:14,Lobby Civil,43.66,Silence,0.0,44.99,Silence,0.0,0.0,0.0,0.0,0.0,0.0,0.0,0.0,0.0,0.0,45.43,43.53,42.39,-109,7.8
2026-08-19 01:40:44,Salón - Extremo Eléctrica,17.4,Silence,0.0,22.16,Silence,0.0,0.0,0.0,0.0,0.0,0.0,0.0,0.0,0.0,0.0,22.54,15.31,14.02,-109,8.2
2026-08-19 01:40:54,Salón - Uma Civil,10.03,Silence,0.0,11.26,Silence,0.0,0.0,0.0,0.0,0.0,0.0,0.0,0.0,0.0,0.0,11.03,9.99,8.96,-119,-8.2
2026-08-19 01:41:09,Pasillo Decanato Eléctrica,19.98,Silence,0.0,20.91,Silence,0.0,0.0,0.0,0.0,0.0,0.0,0.0,0.0,0.0,0.0,21.01,19.82,19.32,-102,11.0
2026-08-19 01:41:20,Laboratorios Civil Central,49.32,Mixed,66.88,50.49,Group 1 (Common),49.62,0.0,49.25,0.0,0.0,66.88,1.87,15.58,0.09,15.67,50.07,49.3,48.46,-105,11.0
2026-08-19 01:41:24,Laboratorios Eléctrica Inferior,22.48,Silence,0.0,22.99,Silence,0.0,0.0,0.0,0.0,0.0,0.0,0.0,0.0,0.0,0.0,23.23,22.67,21.57,-117,1.5
2026-08-19 01:41:40,Laboratorios Civil Inferior,23.74,Silence,0.0,24.82,Silence,0.0,0.0,0.0,0.0,0.0,0.0,0.0,0.0,0.0,0.0,24.59,24.07,21.39,-119,-3.5
2026-08-19 01:41:40,Lobby Eléctrica,23.94,Silence,0.0,24.49,Silence,0.0,0.0,0.0,0.0,0.0,0.0,0.0,0.0,0.0,0.0,24.4,23.93,23.44,-99,11.8
2026-08-19 01:41:58,Pasillo Salones Eléctrica,62.9,Group 2 (Impact),89.32,69.25,Group 5 (Vehicle),0.0,45.72,0.0,0.0,67.86,2.69,89.32,0.0,0.13,7.64,71.09,37.95,33.68,-107,11.5
2026-08-19 01:42:08,Salón - Uma Eléctrica,44.56,Silence,0.0,45.51,Silence,0.0,0.0,0.0,0.0,0.0,0.0,0.0,0.0,0.0,0.0,46.01,44.03,43.7,-113,5.8
2026-08-19 01:42:23,Salón - Extremo Civil,14.02,Silence,0.0,14.75,Silence,0.0,0.0,0.0,0.0,0.0,0.0,0.0,0.0,0.0,0.0,15.01,14.12,13.13,-99,12.0
2026-08-19 01:42:34,Pasillo Salones Civil,33.75,Silence,0.0,40.9,Silence,0.0,0.0,0.0,0.0,0.0,0.0,0.0,0.0,0.0,0.0,41.63,25.67,16.49,-105,11.0
2026-08-19 01:42:42,Laboratorios Civil Superior,30.65,Silence,0.0,32.54,Silence,0.0,0.0,0.0,0.0,0.0,0.0,0.0,0.0,0.0,0.0,32.01,30.99,29.1,-101,6.2
2026-08-19 01:43:04,Laboratorios Eléctrica Centro,12.03,Silence,0.0,12.82,Silence,0.0,0.0,0.0,0.0,0.0,0.0,0.0,0.0,0.0,0.0,12.5,12.01,11.31,-99,5.2
2026-08-19 01:43:55,Laboratorios Eléctrica Superior,11.49,Silence,0.0,14.73,Silence,0.0,0.0,0.0,0.0,0.0,0.0,0.0,0.0,0.0,0.0,11.93,11.57,11.03,-109,9.0
2026-08-19 01:44:13,Pasillo Decanato Civil,19.11,Silence,0.0,20.28,Silence,0.0,0.0,0.0,0.0,0.0,0.0,0.0,0.0,0.0,0.0,19.61,19.3,18.29,-111,6.2
2026-08-19 01:44:15,Lobby Civil,32.61,Silence,0.0,36.74,Silence,0.0,0.0,0.0,0.0,0.0,0.0,0.0,0.0,0.0,0.0,36.12,31.87,30.59,-103,11.2
2026-08-19 01:45:44,Salón - Extremo Eléctrica,32.47,Silence,0.0,36.51,Silence,0.0,0.0,0.0,0.0,0.0,0.0,0.0,0.0,0.0,0.0,36.56,32.91,25.36,-108,7.5
2026-08-19 01:45:54,Salón - Uma Civil,9.89,Silence,0.0,11.38,Silence,0.0,0.0,0.0,0.0,0.0,0.0,0.0,0.0,0.0,0.0,10.72,9.68,9.05,-100,7.0
2026-08-19 01:46:14,Pasillo Decanato Eléctrica,20.37,Silence,0.0,21.76,Silence,0.0,0.0,0.0,0.0,0.0,0.0,0.0,0.0,0.0,0.0,22.12,20.45,19.38,-102,10.2
2026-08-19 01:46:20,Laboratorios Civil Central,49.85,Mixed,54.69,51.64,Group 1 (Common),49.83,0.0,0.0,0.0,50.64,54.69,2.91,10.11,0.17,31.99,51.47,49.93,48.62,-102,11.5
2026-08-19 01:46:24,Laboratorios Eléctrica Inferior,21.84,Silence,0.0,22.71,Silence,0.0,0.0,0.0,0.0,0.0,0.0,0.0,0.0,0.0,0.0,23.0,22.03,20.96,-119,-1.8
2026-08-19 01:46:40,Laboratorios Civil Inferior,24.36,Silence,0.0,25.43,Silence,0.0,0.0,0.0,0.0,0.0,0.0,0.0,0.0,0.0,0.0,26.14,24.21,22.82,-118,-3.8
2026-08-19 01:46:40,Lobby Eléctrica,45.88,Mixed,49.35,46.96,Group 1 (Common),46.19,45.58,0.0,0.0,0.0,30.99,49.35,14.76,1.09,3.82,46.76,46.07,44.16,-115,1.2
2026-08-19 01:46:58,Pasillo Salones Eléctrica,61.69,Mixed,61.89,65.04,Group 4 (Person),62.13,0.0,0.0,61.76,0.0,37.67,0.3,0.04,61.89,0.0,66.25,61.19,55.8,-93,11.2
2026-08-19 01:47:08,Salón - Uma Eléctrica,44.52,Silence,0.0,45.62,Silence,0.0,0.0,0.0,0.0,0.0,0.0,0.0,0.0,0.0,0.0,45.89,44.35,43.63,-119,-11.2
2026-08-19 01:47:23,Salón - Extremo Civil,13.37,Silence,0.0,14.19,Silence,0.0,0.0,0.0,0.0,0.0,0.0,0.0,0.0,0.0,0.0,14.23,13.19,12.69,-101,12.8
2026-08-19 01:47:34,Pasillo Salones Civil,14.28,Silence,0.0,15.21,Silence,0.0,0.0,0.0,0.0,0.0,0.0,0.0,0.0,0.0,0.0,15.39,14.22,13.43,-117,-0.2
2026-08-19 01:47:42,Laboratorios Civil Superior,28.42,Silence,0.0,29.93,Silence,0.0,0.0,0.0,0.0,0.0,0.0,0.0,0.0,0.0,0.0,29.57,27.73,26.21,-103,12.0
2026-08-19 01:48:04,Laboratorios Eléctrica Centro,14.2,Silence,0.0,14.97,Silence,0.0,0.0,0.0,0.0,0.0,0.0,0.0,0.0,0.0,0.0,15.06,14.11,13.14,-99,9.8
2026-08-19 01:48:55,Laboratorios Eléctrica Superior,12.68,Silence,0.0,13.27,Silence,0.0,0.0,0.0,0.0,0.0,0.0,0.0,0.0,0.0,0.0,13.08,12.69,11.9,-105,12.0
2026-08-19 01:49:13,Pasillo Decanato Civil,19.3,Silence,0.0,20.49,Silence,0.0,0.0,0.0,0.0,0.0,0.0,0.0,0.0,0.0,0.0,20.73,19.19,17.77,-102,6.2
2026-08-19 01:49:15,Lobby Civil,33.37,Silence,0.0,36.9,Silence,0.0,0.0,0.0,0.0,0.0,0.0,0.0,0.0,0.0,0.0,37.4,32.5,31.36,-113,5.0
2026-08-19 01:50:44,Salón - Extremo Eléctrica,27.65,Silence,0.0,32.8,Silence,0.0,0.0,0.0,0.0,0.0,0.0,0.0,0.0,0.0,0.0,32.7,27.51,21.27,-93,12.5
2026-08-19 01:50:54,Salón - Uma Civil,9.67,Silence,0.0,12.21,Silence,0.0,0.0,0.0,0.0,0.0,0.0,0.0,0.0,0.0,0.0,12.15,9.38,8.2,-120,-11.5
2026-08-19 01:51:09,Pasillo Decanato Eléctrica,20.12,Silence,0.0,20.92,Silence,0.0,0.0,0.0,0.0,0.0,0.0,0.0,0.0,0.0,0.0,20.78,20.09,19.57,-107,11.2
2026-08-19 01:51:20,Laboratorios Civil Central,49.95,Group 1 (Common),84.07,51.26,Group 1 (Common),49.8,0.0,0.0,0.0,0.0,84.07,2.56,1.69,0.13,11.55,50.5,49.96,49.08,-103,5.5
2026-08-19 01:51:26,Laboratorios Eléctrica Inferior,22.72,Silence,0.0,23.74,Silence,0.0,0.0,0.0,0.0,0.0,0.0,0.0,0.0,0.0,0.0,23.32,22.83,21.9,-117,-3.8
2026-08-19 01:51:40,Laboratorios Civil Inferior,23.46,Silence,0.0,24.55,Silence,0.0,0.0,0.0,0.0,0.0,0.0,0.0,0.0,0.0,0.0,25.05,23.07,22.39,-111,1.5
2026-08-19 01:51:40,Lobby Eléctrica,25.2,Silence,0.0,26.09,Silence,0.0,0.0,0.0,0.0,0.0,0.0,0.0,0.0,0.0,0.0,25.95,25.37,23.5,-99,11.5
2026-08-19 01:51:58,Pasillo Salones Eléctrica,60.51,Mixed,65.71,62.02,Group 1 (Common),60.56,46.14,0.0,59.97,0.0,23.0,11.07,0.0,65.71,0.0,62.49,60.53,56.66,-102,11.2
2026-08-19 01:52:08,Salón - Uma Eléctrica,45.9,Group 2 (Impact),91.45,46.61,Group 2 (Impact),0.0,46.02,0.0,0.0,0.0,0.3,91.45,0.78,0.0,7.47,46.81,45.94,44.82,-105,6.8
2026-08-19 01:52:23,Salón - Extremo Civil,13.17,Silence,0.0,13.59,Silence,0.0,0.0,0.0,0.0,0.0,0.0,0.0,0.0,0.0,0.0,13.61,13.01,12.72,-96,9.2
2026-08-19 01:52:34,Pasillo Salones Civil,14.5,Silence,0.0,15.01,Silence,0.0,0.0,0.0,0.0,0.0,0.0,0.0,0.0,0.0,0.0,15.28,14.49,13.57,-108,9.0
2026-08-19 01:52:42,Laboratorios Civil Superior,30.21,Silence,0.0,31.43,Silence,0.0,0.0,0.0,0.0,0.0,0.0,0.0,0.0,0.0,0.0,31.3,30.47,28.49,-101,11.8
2026-08-19 01:53:04,Laboratorios Eléctrica Centro,18.32,Silence,0.0,33.19,Silence,0.0,0.0,0.0,0.0,0.0,0.0,0.0,0.0,0.0,0.0,29.12,12.74,11.76,-119,-9.8
2026-08-19 01:53:55,Laboratorios Eléctrica Superior,12.13,Silence,0.0,12.86,Silence,0.0,0.0,0.0,0.0,0.0,0.0,0.0,0.0,0.0,0.0,12.94,12.15,11.44,-101,12.0
2026-08-19 01:54:13,Pasillo Decanato Civil,19.01,Silence,0.0,19.84,Silence,0.0,0.0,0.0,0.0,0.0,0.0,0.0,0.0,0.0,0.0,19.66,18.93,18.35,-113,8.5
2026-08-19 01:54:15,Lobby Civil,39.51,Silence,0.0,44.07,Silence,0.0,0.0,0.0,0.0,0.0,0.0,0.0,0.0,0.0,0.0,43.13,38.78,35.82,-107,10.8
2026-08-19 01:55:44,Salón - Extremo Eléctrica,28.82,Silence,0.0,33.71,Silence,0.0,0.0,0.0,0.0,0.0,0.0,0.0,0.0,0.0,0.0,34.85,25.85,18.54,-90,9.0
2026-08-19 01:55:54,Salón - Uma Civil,10.29,Silence,0.0,10.77,Silence,0.0,0.0,0.0,0.0,0.0,0.0,0.0,0.0,0.0,0.0,10.93,10.4,9.34,-115,4.5
2026-08-19 01:56:09,Pasillo Decanato Eléctrica,20.24,Silence,0.0,21.11,Silence,0.0,0.0,0.0,0.0,0.0,0.0,0.0,0.0,0.0,0.0,21.06,20.51,18.76,-105,11.0
2026-08-19 01:56:20,Laboratorios Civil Central,50.18,Mixed,52.65,51.31,Group 1 (Common),50.32,0.0,0.0,0.0,49.95,52.65,2.39,11.76,0.22,32.81,51.08,50.06,48.47,-103,10.5
2026-08-19 01:56:24,Laboratorios Eléctrica Inferior,23.56,Silence,0.0,24.38,Silence,0.0,0.0,0.0,0.0,0.0,0.0,0.0,0.0,0.0,0.0,24.3,23.57,22.79,-115,-0.8
2026-08-19 01:56:40,Laboratorios Civil Inferior,22.96,Silence,0.0,24.47,Silence,0.0,0.0,0.0,0.0,0.0,0.0,0.0,0.0,0.0,0.0,24.71,22.86,21.56,-120,-3.2
2026-08-19 01:56:45,Lobby Eléctrica,25.42,Silence,0.0,26.15,Silence,0.0,0.0,0.0,0.0,0.0,0.0,0.0,0.0,0.0,0.0,26.37,25.33,24.63,-119,-0.2
2026-08-19 01:56:58,Pasillo Salones Eléctrica,55.01,Mixed,52.6,60.35,Group 1 (Common),57.07,50.1,0.0,0.0,0.0,26.48,52.6,6.9,1.35,12.54,62.05,47.62,32.25,-101,10.2
2026-08-19 01:57:08,Salón - Uma Eléctrica,43.73,Silence,0.0,44.56,Silence,0.0,0.0,0.0,0.0,0.0,0.0,0.0,0.0,0.0,0.0,44.35,43.61,43.2,-113,6.8
2026-08-19 01:57:24,Salón - Extremo Civil,13.5,Silence,0.0,14.2,Silence,0.0,0.0,0.0,0.0,0.0,0.0,0.0,0.0,0.0,0.0,14.14,13.31,13.16,-83,12.5
2026-08-19 01:57:34,Pasillo Salones Civil,14.38,Silence,0.0,15.26,Silence,0.0,0.0,0.0,0.0,0.0,0.0,0.0,0.0,0.0,0.0,15.29,14.29,13.7,-107,11.2
2026-08-19 01:57:42,Laboratorios Civil Superior,32.63,Silence,0.0,33.96,Silence,0.0,0.0,0.0,0.0,0.0,0.0,0.0,0.0,0.0,0.0,33.41,32.69,31.18,-114,7.0
2026-08-19 01:58:04,Laboratorios Eléctrica Centro,14.74,Silence,0.0,15.43,Silence,0.0,0.0,0.0,0.0,0.0,0.0,0.0,0.0,0.0,0.0,15.35,14.85,14.2,-118,-6.5
2026-08-19 01:58:55,Laboratorios Eléctrica Superior,12.99,Silence,0.0,13.52,Silence,0.0,0.0,0.0,0.0,0.0,0.0,0.0,0.0,0.0,0.0,13.75,13.02,12.44,-102,11.2
2026-08-19 01:59:13,Pasillo Decanato Civil,21.96,Silence,0.0,22.71,Silence,0.0,0.0,0.0,0.0,0.0,0.0,0.0,0.0,0.0,0.0,22.62,22.02,21.32,-117,-6.0
2026-08-19 01:59:15,Lobby Civil,37.85,Silence,0.0,39.81,Silence,0.0,0.0,0.0,0.0,0.0,0.0,0.0,0.0,0.0,0.0,40.3,37.5,36.72,-109,8.5
2026-08-19 02:00:44,Salón - Extremo Eléctrica,14.86,Silence,0.0,16.67,Silence,0.0,0.0,0.0,0.0,0.0,0.0,0.0,0.0,0.0,0.0,16.21,14.75,13.94,-90,11.5
2026-08-19 02:00:54,Salón - Uma Civil,11.89,Silence,0.0,16.12,Silence,0.0,0.0,0.0,0.0,0.0,0.0,0.0,0.0,0.0,0.0,14.76,11.92,9.35,-118,-3.5
2026-08-19 02:01:09,Pasillo Decanato Eléctrica,20.16,Silence,0.0,20.86,Silence,0.0,0.0,0.0,0.0,0.0,0.0,0.0,0.0,0.0,0.0,20.7,20.24,19.35,-114,6.0
2026-08-19 02:01:20,Laboratorios Civil Central,49.42,Mixed,60.2,51.15,Group 1 (Common),49.76,0.0,48.44,0.0,0.0,60.2,6.64,13.67,0.22,19.14,50.78,49.25,47.96,-103,10.0
2026-08-19 02:01:24,Laboratorios Eléctrica Inferior,22.42,Silence,0.0,23.31,Silence,0.0,0.0,0.0,0.0,0.0,0.0,0.0,0.0,0.0,0.0,23.05,22.19,21.77,-120,-10.0
2026-08-19 02:01:40,Laboratorios Civil Inferior,22.7,Silence,0.0,24.6,Silence,0.0,0.0,0.0,0.0,0.0,0.0,0.0,0.0,0.0,0.0,24.96,22.28,21.44,-120,-3.0
2026-08-19 02:01:40,Lobby Eléctrica,25.79,Silence,0.0,27.51,Silence,0.0,0.0,0.0,0.0,0.0,0.0,0.0,0.0,0.0,0.0,27.74,25.22,24.09,-103,12.5
2026-08-19 02:01:58,Pasillo Salones Eléctrica,31.03,Silence,0.0,32.0,Silence,0.0,0.0,0.0,0.0,0.0,0.0,0.0,0.0,0.0,0.0,32.55,31.1,29.68,-115,-3.0
2026-08-19 02:02:08,Salón - Uma Eléctrica,43.45,Silence,0.0,44.94,Silence,0.0,0.0,0.0,0.0,0.0,0.0,0.0,0.0,0.0,0.0,44.13,43.57,42.52,-112,5.8
2026-08-19 02:02:24,Salón - Extremo Civil,13.31,Silence,0.0,13.84,Silence,0.0,0.0,0.0,0.0,0.0,0.0,0.0,0.0,0.0,0.0,14.18,13.19,12.61,-96,11.2
2026-08-19 02:02:35,Pasillo Salones Civil,15.28,Silence,0.0,16.31,Silence,0.0,0.0,0.0,0.0,0.0,0.0,0.0,0.0,0.0,0.0,16.33,15.58,14.08,-108,9.0
2026-08-19 02:02:42,Laboratorios Civil Superior,33.17,Silence,0.0,35.17,Silence,0.0,0.0,0.0,0.0,0.0,0.0,0.0,0.0,0.0,0.0,35.16,33.65,28.39,-103,10.5
2026-08-19 02:03:04,Laboratorios Eléctrica Centro,10.86,Silence,0.0,11.5,Silence,0.0,0.0,0.0,0.0,0.0,0.0,0.0,0.0,0.0,0.0,11.66,10.58,10.36,-101,11.2
2026-08-19 02:03:55,Laboratorios Eléctrica Superior,11.71,Silence,0.0,12.47,Silence,0.0,0.0,0.0,0.0,0.0,0.0,0.0,0.0,0.0,0.0,12.34,11.72,11.29,-117,4.2
2026-08-19 02:04:13,Pasillo Decanato Civil,19.41,Silence,0.0,20.09,Silence,0.0,0.0,0.0,0.0,0.0,0.0,0.0,0.0,0.0,0.0,19.96,19.27,18.85,-117,
2026-08-19 02:04:15,Lobby Civil,35.66,Silence,0.0,38.77,Silence,0.0,0.0,0.0,0.0,0.0,0.0,0.0,0.0,0.0,0.0,39.01,34.47,33.37,-109,7.8
2026-08-19 02:05:44,Salón - Extremo Eléctrica,15.25,Silence,0.0,15.86,Silence,0.0,0.0,0.0,0.0,0.0,0.0,0.0,0.0,0.0,0.0,15.88,15.05,14.51,-111,6.8
2026-08-19 02:05:54,Salón - Uma Civil,9.82,Silence,0.0,12.19,Silence,0.0,0.0,0.0,0.0,0.0,0.0,0.0,0.0,0.0,0.0,11.82,9.59,8.88,-121,-7.5
2026-08-19 02:06:09,Pasillo Decanato Eléctrica,20.2,Silence,0.0,20.86,Silence,0.0,0.0,0.0,0.0,0.0,0.0,0.0,0.0,0.0,0.0,20.97,20.27,19.33,-113,-5.8
2026-08-19 02:06:20,Laboratorios Civil Central,48.82,Mixed,47.14,51.44,Group 1 (Common),49.13,47.09,46.73,0.0,0.0,47.14,12.89,18.58,0.13,21.18,51.36,48.26,45.65,-117,-10.5
2026-08-19 02:06:24,Laboratorios Eléctrica Inferior,26.37,Silence,0.0,27.63,Silence,0.0,0.0,0.0,0.0,0.0,0.0,0.0,0.0,0.0,0.0,27.75,26.7,24.6,-117,-0.5
2026-08-19 02:06:40,Laboratorios Civil Inferior,30.06,Silence,0.0,30.99,Silence,0.0,0.0,0.0,0.0,0.0,0.0,0.0,0.0,0.0,0.0,31.04,30.11,29.27,-119,-8.2
2026-08-19 02:06:58,Pasillo Salones Eléctrica,30.97,Silence,0.0,31.86,Silence,0.0,0.0,0.0,0.0,0.0,0.0,0.0,0.0,0.0,0.0,32.27,30.9,29.84,-117,-2.8
2026-08-19 02:07:08,Salón - Uma Eléctrica,43.82,Silence,0.0,44.41,Silence,0.0,0.0,0.0,0.0,0.0,0.0,0.0,0.0,0.0,0.0,44.36,43.78,43.17,-118,-13.0
2026-08-19 02:07:24,Salón - Extremo Civil,13.16,Silence,0.0,13.87,Silence,0.0,0.0,0.0,0.0,0.0,0.0,0.0,0.0,0.0,0.0,13.82,13.03,12.56,-89,12.8
2026-08-19 02:07:35,Pasillo Salones Civil,14.41,Silence,0.0,15.07,Silence,0.0,0.0,0.0,0.0,0.0,0.0,0.0,0.0,0.0,0.0,14.92,14.33,13.74,-107,10.2
2026-08-19 02:07:42,Laboratorios Civil Superior,42.16,Silence,0.0,43.21,Silence,0.0,0.0,0.0,0.0,0.0,0.0,0.0,0.0,0.0,0.0,43.46,42.08,40.8,-108,10.0
2026-08-19 02:08:04,Laboratorios Eléctrica Centro,15.72,Silence,0.0,16.83,Silence,0.0,0.0,0.0,0.0,0.0,0.0,0.0,0.0,0.0,0.0,16.53,15.54,15.21,-120,-7.0
2026-08-19 02:08:55,Laboratorios Eléctrica Superior,12.37,Silence,0.0,13.23,Silence,0.0,0.0,0.0,0.0,0.0,0.0,0.0,0.0,0.0,0.0,13.12,12.27,11.57,-103,9.0
2026-08-19 02:09:13,Pasillo Decanato Civil,19.37,Silence,0.0,20.36,Silence,0.0,0.0,0.0,0.0,0.0,0.0,0.0,0.0,0.0,0.0,19.94,19.14,18.77,-113,8.2
2026-08-19 02:09:15,Lobby Civil,36.9,Silence,0.0,39.42,Silence,0.0,0.0,0.0,0.0,0.0,0.0,0.0,0.0,0.0,0.0,39.83,35.99,35.53,-109,9.5
2026-08-19 02:10:44,Salón - Extremo Eléctrica,14.89,Silence,0.0,15.84,Silence,0.0,0.0,0.0,0.0,0.0,0.0,0.0,0.0,0.0,0.0,15.7,14.98,14.21,-109,8.0
2026-08-19 02:10:54,Salón - Uma Civil,9.88,Silence,0.0,10.55,Silence,0.0,0.0,0.0,0.0,0.0,0.0,0.0,0.0,0.0,0.0,10.29,9.91,9.35,-117,-0.2
2026-08-19 02:11:09,Pasillo Decanato Eléctrica,19.76,Silence,0.0,20.84,Silence,0.0,0.0,0.0,0.0,0.0,0.0,0.0,0.0,0.0,0.0,20.82,19.54,18.97,-113,4.2
2026-08-19 02:11:20,Laboratorios Civil Central,50.19,Mixed,42.04,51.53,Group 1 (Common),49.85,50.56,50.29,0.0,0.0,42.04,12.21,19.73,0.24,25.83,51.28,50.07,48.49,-113,4.2
2026-08-19 02:11:24,Laboratorios Eléctrica Inferior,24.47,Silence,0.0,25.01,Silence,0.0,0.0,0.0,0.0,0.0,0.0,0.0,0.0,0.0,0.0,25.2,24.29,23.96,-108,3.0
2026-08-19 02:11:40,Laboratorios Civil Inferior,22.26,Silence,0.0,22.89,Silence,0.0,0.0,0.0,0.0,0.0,0.0,0.0,0.0,0.0,0.0,22.91,22.32,21.09,-118,-3.2
2026-08-19 02:11:40,Lobby Eléctrica,26.17,Silence,0.0,27.29,Silence,0.0,0.0,0.0,0.0,0.0,0.0,0.0,0.0,0.0,0.0,27.38,26.01,25.19,-115,0.2
2026-08-19 02:11:59,Pasillo Salones Eléctrica,30.53,Silence,0.0,31.07,Silence,0.0,0.0,0.0,0.0,0.0,0.0,0.0,0.0,0.0,0.0,31.18,30.42,29.74,-95,12.2
2026-08-19 02:12:08,Salón - Uma Eléctrica,44.65,Silence,0.0,45.03,Silence,0.0,0.0,0.0,0.0,0.0,0.0,0.0,0.0,0.0,0.0,45.11,44.65,44.11,-113,6.2
2026-08-19 02:12:24,Salón - Extremo Civil,13.54,Silence,0.0,14.04,Silence,0.0,0.0,0.0,0.0,0.0,0.0,0.0,0.0,0.0,0.0,13.92,13.73,12.8,-120,-12.2
2026-08-19 02:12:35,Pasillo Salones Civil,14.75,Silence,0.0,15.81,Silence,0.0,0.0,0.0,0.0,0.0,0.0,0.0,0.0,0.0,0.0,15.54,14.51,13.92,-120,-3.5
2026-08-19 02:12:42,Laboratorios Civil Superior,31.03,Silence,0.0,32.37,Silence,0.0,0.0,0.0,0.0,0.0,0.0,0.0,0.0,0.0,0.0,31.98,31.36,29.2,-103,12.0
2026-08-19 02:13:56,Laboratorios Eléctrica Superior,12.07,Silence,0.0,12.81,Silence,0.0,0.0,0.0,0.0,0.0,0.0,0.0,0.0,0.0,0.0,12.59,12.02,11.32,-98,11.5
2026-08-19 02:14:13,Pasillo Decanato Civil,19.58,Silence,0.0,20.59,Silence,0.0,0.0,0.0,0.0,0.0,0.0,0.0,0.0,0.0,0.0,20.56,19.65,18.84,-115,-0.5
2026-08-19 02:14:15,Lobby Civil,35.86,Silence,0.0,38.52,Silence,0.0,0.0,0.0,0.0,0.0,0.0,0.0,0.0,0.0,0.0,38.98,35.15,34.26,-95,9.2
2026-08-19 02:15:44,Salón - Extremo Eléctrica,15.08,Silence,0.0,15.92,Silence,0.0,0.0,0.0,0.0,0.0,0.0,0.0,0.0,0.0,0.0,15.87,15.18,14.17,-109,7.8
2026-08-19 02:15:54,Salón - Uma Civil,9.53,Silence,0.0,10.05,Silence,0.0,0.0,0.0,0.0,0.0,0.0,0.0,0.0,0.0,0.0,9.97,9.57,8.75,-119,-11.8
2026-08-19 02:16:09,Pasillo Decanato Eléctrica,19.69,Silence,0.0,20.74,Silence,0.0,0.0,0.0,0.0,0.0,0.0,0.0,0.0,0.0,0.0,21.2,19.73,18.66,-105,10.8
2026-08-19 02:16:20,Laboratorios Civil Central,49.74,Group 1 (Common),71.88,51.6,Group 1 (Common),49.55,0.0,0.0,0.0,48.38,71.88,0.05,0.0,0.05,27.88,52.23,48.19,47.08,-109,8.0
2026-08-19 02:16:24,Laboratorios Eléctrica Inferior,22.93,Silence,0.0,23.51,Silence,0.0,0.0,0.0,0.0,0.0,0.0,0.0,0.0,0.0,0.0,23.6,22.94,22.23,-117,
2026-08-19 02:16:40,Laboratorios Civil Inferior,31.67,Silence,0.0,32.52,Silence,0.0,0.0,0.0,0.0,0.0,0.0,0.0,0.0,0.0,0.0,32.38,31.71,30.93,-120,-3.2
2026-08-19 02:16:40,Lobby Eléctrica,26.89,Silence,0.0,27.78,Silence,0.0,0.0,0.0,0.0,0.0,0.0,0.0,0.0,0.0,0.0,27.3,26.89,26.46,-119,0.5
2026-08-19 02:16:59,Pasillo Salones Eléctrica,30.97,Silence,0.0,31.92,Silence,0.0,0.0,0.0,0.0,0.0,0.0,0.0,0.0,0.0,0.0,31.63,30.83,30.31,-103,11.2
2026-08-19 02:17:08,Salón - Uma Eléctrica,44.19,Silence,0.0,44.86,Silence,0.0,0.0,0.0,0.0,0.0,0.0,0.0,0.0,0.0,0.0,45.08,43.86,43.53,-111,8.0
2026-08-19 02:17:24,Salón - Extremo Civil,13.85,Silence,0.0,14.69,Silence,0.0,0.0,0.0,0.0,0.0,0.0,0.0,0.0,0.0,0.0,14.56,13.79,13.12,-84,12.5
2026-08-19 02:17:35,Pasillo Salones Civil,14.61,Silence,0.0,15.3,Silence,0.0,0.0,0.0,0.0,0.0,0.0,0.0,0.0,0.0,0.0,15.43,14.58,13.93,-115,-2.0
2026-08-19 02:17:42,Laboratorios Civil Superior,32.78,Silence,0.0,34.91,Silence,0.0,0.0,0.0,0.0,0.0,0.0,0.0,0.0,0.0,0.0,35.14,32.01,30.61,-113,4.0
2026-08-19 02:18:04,Laboratorios Eléctrica Centro,11.53,Silence,0.0,12.22,Silence,0.0,0.0,0.0,0.0,0.0,0.0,0.0,0.0,0.0,0.0,12.26,11.43,11.16,-103,10.8
2026-08-19 02:18:55,Laboratorios Eléctrica Superior,13.14,Silence,0.0,16.38,Silence,0.0,0.0,0.0,0.0,0.0,0.0,0.0,0.0,0.0,0.0,17.65,11.76,11.49,-114,3.0
2026-08-19 02:19:13,Pasillo Decanato Civil,20.01,Silence,0.0,21.09,Silence,0.0,0.0,0.0,0.0,0.0,0.0,0.0,0.0,0.0,0.0,20.87,20.03,18.94,-113,4.2
2026-08-19 02:19:15,Lobby Civil,36.2,Silence,0.0,38.54,Silence,0.0,0.0,0.0,0.0,0.0,0.0,0.0,0.0,0.0,0.0,38.51,35.48,33.62,-120,-3.8
2026-08-19 02:20:44,Salón - Extremo Eléctrica,14.97,Silence,0.0,15.74,Silence,0.0,0.0,0.0,0.0,0.0,0.0,0.0,0.0,0.0,0.0,15.92,14.84,14.12,-111,5.8
2026-08-19 02:20:54,Salón - Uma Civil,9.51,Silence,0.0,10.37,Silence,0.0,0.0,0.0,0.0,0.0,0.0,0.0,0.0,0.0,0.0,10.52,9.23,9.21,-118,-3.5
2026-08-19 02:21:09,Pasillo Decanato Eléctrica,19.87,Silence,0.0,20.4,Silence,0.0,0.0,0.0,0.0,0.0,0.0,0.0,0.0,0.0,0.0,20.51,19.81,19.23,-105,11.8
2026-08-19 02:21:20,Laboratorios Civil Central,49.72,Group 1 (Common),84.72,52.27,Group 1 (Common),50.26,0.0,0.0,0.0,0.0,84.72,0.69,3.04,0.09,11.37,52.41,49.07,46.81,-103,8.2
2026-08-19 02:21:24,Laboratorios Eléctrica Inferior,22.7,Silence,0.0,23.36,Silence,0.0,0.0,0.0,0.0,0.0,0.0,0.0,0.0,0.0,0.0,23.35,22.67,22.06,-120,-11.8
2026-08-19 02:21:40,Laboratorios Civil Inferior,21.67,Silence,0.0,22.89,Silence,0.0,0.0,0.0,0.0,0.0,0.0,0.0,0.0,0.0,0.0,22.6,21.65,20.66,-118,-8.8
2026-08-19 02:21:40,Lobby Eléctrica,24.13,Silence,0.0,24.7,Silence,0.0,0.0,0.0,0.0,0.0,0.0,0.0,0.0,0.0,0.0,25.06,24.03,22.94,-99,13.5
2026-08-19 02:21:59,Pasillo Salones Eléctrica,30.94,Silence,0.0,31.57,Silence,0.0,0.0,0.0,0.0,0.0,0.0,0.0,0.0,0.0,0.0,31.6,30.82,30.03,-91,13.0
2026-08-19 02:22:08,Salón - Uma Eléctrica,44.26,Silence,0.0,45.23,Silence,0.0,0.0,0.0,0.0,0.0,0.0,0.0,0.0,0.0,0.0,45.59,44.2,43.07,-113,5.5
2026-08-19 02:22:24,Salón - Extremo Civil,12.92,Silence,0.0,13.6,Silence,0.0,0.0,0.0,0.0,0.0,0.0,0.0,0.0,0.0,0.0,13.55,12.9,12.11,-91,12.8
2026-08-19 02:22:35,Pasillo Salones Civil,15.47,Silence,0.0,16.17,Silence,0.0,0.0,0.0,0.0,0.0,0.0,0.0,0.0,0.0,0.0,16.26,15.27,14.62,-111,9.8
2026-08-19 02:22:45,Laboratorios Civil Superior,30.48,Silence,0.0,32.28,Silence,0.0,0.0,0.0,0.0,0.0,0.0,0.0,0.0,0.0,0.0,32.67,30.91,27.92,-103,11.2
2026-08-19 02:23:04,Laboratorios Eléctrica Centro,10.55,Silence,0.0,11.48,Silence,0.0,0.0,0.0,0.0,0.0,0.0,0.0,0.0,0.0,0.0,11.61,10.44,9.72,-96,7.5
2026-08-19 02:23:56,Laboratorios Eléctrica Superior,11.82,Silence,0.0,12.56,Silence,0.0,0.0,0.0,0.0,0.0,0.0,0.0,0.0,0.0,0.0,12.39,11.8,11.35,-99,11.8
2026-08-19 02:24:13,Pasillo Decanato Civil,19.51,Silence,0.0,20.1,Silence,0.0,0.0,0.0,0.0,0.0,0.0,0.0,0.0,0.0,0.0,20.09,19.42,18.96,-113,7.0
2026-08-19 02:24:15,Lobby Civil,32.99,Silence,0.0,36.12,Silence,0.0,0.0,0.0,0.0,0.0,0.0,0.0,0.0,0.0,0.0,37.15,31.38,30.71,-119,-9.2
2026-08-19 02:25:44,Salón - Extremo Eléctrica,14.69,Silence,0.0,15.1,Silence,0.0,0.0,0.0,0.0,0.0,0.0,0.0,0.0,0.0,0.0,14.94,14.69,14.48,-91,13.2
2026-08-19 02:25:54,Salón - Uma Civil,9.26,Silence,0.0,9.96,Silence,0.0,0.0,0.0,0.0,0.0,0.0,0.0,0.0,0.0,0.0,9.84,9.43,8.56,-119,-11.0
2026-08-19 02:26:09,Pasillo Decanato Eléctrica,20.19,Silence,0.0,21.16,Silence,0.0,0.0,0.0,0.0,0.0,0.0,0.0,0.0,0.0,0.0,21.03,19.9,19.62,-117,3.5
2026-08-19 02:26:20,Laboratorios Civil Central,49.89,Mixed,54.25,51.35,Group 1 (Common),50.2,0.0,49.0,0.0,0.0,54.25,5.69,18.19,0.09,21.66,51.22,49.54,48.47,-105,5.2
2026-08-19 02:26:24,Laboratorios Eléctrica Inferior,22.84,Silence,0.0,23.63,Silence,0.0,0.0,0.0,0.0,0.0,0.0,0.0,0.0,0.0,0.0,23.32,22.97,22.2,-121,-13.2
2026-08-19 02:26:40,Laboratorios Civil Inferior,39.32,Silence,0.0,40.02,Silence,0.0,0.0,0.0,0.0,0.0,0.0,0.0,0.0,0.0,0.0,39.82,39.41,38.16,-120,-3.2
2026-08-19 02:26:40,Lobby Eléctrica,52.12,Group 1 (Common),71.05,52.79,Group 1 (Common),52.22,0.0,52.24,0.0,0.0,71.05,16.36,11.2,0.56,0.91,52.65,52.25,51.44,-101,12.0
2026-08-19 02:26:59,Pasillo Salones Eléctrica,30.62,Silence,0.0,31.51,Silence,0.0,0.0,0.0,0.0,0.0,0.0,0.0,0.0,0.0,0.0,31.84,30.55,29.56,-101,11.2
2026-08-19 02:27:08,Salón - Uma Eléctrica,44.23,Silence,0.0,44.77,Silence,0.0,0.0,0.0,0.0,0.0,0.0,0.0,0.0,0.0,0.0,44.76,44.3,43.65,-115,6.5
2026-08-19 02:27:24,Salón - Extremo Civil,13.54,Silence,0.0,14.16,Silence,0.0,0.0,0.0,0.0,0.0,0.0,0.0,0.0,0.0,0.0,14.23,13.33,12.98,-81,12.0
2026-08-19 02:27:35,Pasillo Salones Civil,17.0,Silence,0.0,17.98,Silence,0.0,0.0,0.0,0.0,0.0,0.0,0.0,0.0,0.0,0.0,18.0,16.88,16.14,-119,-4.2
2026-08-19 02:27:43,Laboratorios Civil Superior,32.22,Silence,0.0,33.36,Silence,0.0,0.0,0.0,0.0,0.0,0.0,0.0,0.0,0.0,0.0,32.75,32.15,30.98,-108,10.2
2026-08-19 02:28:04,Laboratorios Eléctrica Centro,10.94,Silence,0.0,11.76,Silence,0.0,0.0,0.0,0.0,0.0,0.0,0.0,0.0,0.0,0.0,11.9,10.93,9.65,-118,-7.5
2026-08-19 02:28:56,Laboratorios Eléctrica Superior,11.77,Silence,0.0,12.5,Silence,0.0,0.0,0.0,0.0,0.0,0.0,0.0,0.0,0.0,0.0,12.29,11.6,11.25,-101,11.2
2026-08-19 02:29:13,Pasillo Decanato Civil,21.96,Silence,0.0,23.36,Silence,0.0,0.0,0.0,0.0,0.0,0.0,0.0,0.0,0.0,0.0,23.49,21.72,21.4,-113,6.2
2026-08-19 02:29:15,Lobby Civil,57.1,Mixed,48.65,59.9,Group 3 (Rotary Tool),0.0,56.28,57.67,0.0,0.0,0.0,48.65,43.58,0.65,7.07,60.73,56.38,53.42,-87,11.5
2026-08-19 02:30:44,Salón - Extremo Eléctrica,14.61,Silence,0.0,15.23,Silence,0.0,0.0,0.0,0.0,0.0,0.0,0.0,0.0,0.0,0.0,15.3,14.7,13.73,-91,13.0
2026-08-19 02:30:54,Salón - Uma Civil,14.04,Silence,0.0,16.28,Silence,0.0,0.0,0.0,0.0,0.0,0.0,0.0,0.0,0.0,0.0,16.66,13.94,10.96,-118,-11.0
2026-08-19 02:31:09,Pasillo Decanato Eléctrica,20.29,Silence,0.0,21.05,Silence,0.0,0.0,0.0,0.0,0.0,0.0,0.0,0.0,0.0,0.0,20.67,20.29,19.82,-117,-0.8
2026-08-19 02:31:20,Laboratorios Civil Central,50.84,Mixed,68.71,51.9,Group 1 (Common),50.84,0.0,50.28,0.0,0.0,68.71,1.39,13.89,0.04,15.89,51.46,50.77,49.8,-118,-11.2
2026-08-19 02:31:24,Laboratorios Eléctrica Inferior,23.3,Silence,0.0,23.92,Silence,0.0,0.0,0.0,0.0,0.0,0.0,0.0,0.0,0.0,0.0,23.77,23.31,22.7,-120,-9.8
2026-08-19 02:31:40,Laboratorios Civil Inferior,22.79,Silence,0.0,23.48,Silence,0.0,0.0,0.0,0.0,0.0,0.0,0.0,0.0,0.0,0.0,23.59,22.76,22.05,-119,-3.8
2026-08-19 02:31:40,Lobby Eléctrica,37.34,Silence,0.0,42.79,Silence,0.0,0.0,0.0,0.0,0.0,0.0,0.0,0.0,0.0,0.0,43.14,35.12,31.22,-97,13.2
2026-08-19 02:31:59,Pasillo Salones Eléctrica,30.7,Silence,0.0,31.65,Silence,0.0,0.0,0.0,0.0,0.0,0.0,0.0,0.0,0.0,0.0,31.54,30.64,29.19,-89,12.2
2026-08-19 02:32:08,Salón - Uma Eléctrica,44.57,Silence,0.0,45.34,Silence,0.0,0.0,0.0,0.0,0.0,0.0,0.0,0.0,0.0,0.0,45.63,44.35,44.09,-109,8.0
2026-08-19 02:32:24,Salón - Extremo Civil,14.79,Silence,0.0,16.15,Silence,0.0,0.0,0.0,0.0,0.0,0.0,0.0,0.0,0.0,0.0,16.31,14.37,13.27,-99,13.2
2026-08-19 02:32:35,Pasillo Salones Civil,16.44,Silence,0.0,17.18,Silence,0.0,0.0,0.0,0.0,0.0,0.0,0.0,0.0,0.0,0.0,17.3,16.41,15.57,-107,11.0
2026-08-19 02:32:43,Laboratorios Civil Superior,30.04,Silence,0.0,31.7,Silence,0.0,0.0,0.0,0.0,0.0,0.0,0.0,0.0,0.0,0.0,31.26,29.87,28.42,-105,12.5
2026-08-19 02:33:06,Laboratorios Eléctrica Centro,11.62,Silence,0.0,13.09,Silence,0.0,0.0,0.0,0.0,0.0,0.0,0.0,0.0,0.0,0.0,12.65,11.1,10.72,-119,-8.8
2026-08-19 02:33:56,Laboratorios Eléctrica Superior,11.9,Silence,0.0,12.64,Silence,0.0,0.0,0.0,0.0,0.0,0.0,0.0,0.0,0.0,0.0,12.5,11.88,11.32,-103,12.2
2026-08-19 02:34:13,Pasillo Decanato Civil,20.75,Silence,0.0,21.48,Silence,0.0,0.0,0.0,0.0,0.0,0.0,0.0,0.0,0.0,0.0,21.16,20.83,19.6,-119,0.2
2026-08-19 02:34:15,Lobby Civil,51.63,Group 2 (Impact),93.02,53.65,Group 2 (Impact),0.0,51.94,0.0,0.0,0.0,1.51,93.02,0.98,1.12,3.37,53.64,51.26,47.82,-90,12.0
2026-08-19 02:35:44,Salón - Extremo Eléctrica,15.01,Silence,0.0,15.75,Silence,0.0,0.0,0.0,0.0,0.0,0.0,0.0,0.0,0.0,0.0,15.62,15.05,14.23,-87,12.8
2026-08-19 02:35:54,Salón - Uma Civil,10.08,Silence,0.0,10.86,Silence,0.0,0.0,0.0,0.0,0.0,0.0,0.0,0.0,0.0,0.0,10.47,10.22,9.25,-102,10.8
2026-08-19 02:36:09,Pasillo Decanato Eléctrica,20.04,Silence,0.0,21.07,Silence,0.0,0.0,0.0,0.0,0.0,0.0,0.0,0.0,0.0,0.0,21.16,19.82,19.5,-111,3.0
2026-08-19 02:36:20,Laboratorios Civil Central,50.25,Mixed,52.82,51.85,Group 1 (Common),50.19,0.0,50.33,0.0,49.69,52.82,3.78,17.01,0.13,26.17,51.77,50.61,48.26,-105,11.2
2026-08-19 02:36:24,Laboratorios Eléctrica Inferior,22.84,Silence,0.0,23.75,Silence,0.0,0.0,0.0,0.0,0.0,0.0,0.0,0.0,0.0,0.0,24.0,22.81,21.53,-117,1.8
2026-08-19 02:36:40,Laboratorios Civil Inferior,22.54,Silence,0.0,24.65,Silence,0.0,0.0,0.0,0.0,0.0,0.0,0.0,0.0,0.0,0.0,23.69,22.13,21.29,-119,-0.8
2026-08-19 02:36:40,Lobby Eléctrica,31.48,Silence,0.0,32.28,Silence,0.0,0.0,0.0,0.0,0.0,0.0,0.0,0.0,0.0,0.0,32.55,31.52,30.28,-99,12.8
2026-08-19 02:36:59,Pasillo Salones Eléctrica,31.27,Silence,0.0,32.1,Silence,0.0,0.0,0.0,0.0,0.0,0.0,0.0,0.0,0.0,0.0,31.95,31.33,30.54,-93,12.0
2026-08-19 02:37:08,Salón - Uma Eléctrica,44.22,Silence,0.0,44.74,Silence,0.0,0.0,0.0,0.0,0.0,0.0,0.0,0.0,0.0,0.0,44.93,44.21,43.6,-111,6.5
2026-08-19 02:37:24,Salón - Extremo Civil,13.79,Silence,0.0,14.4,Silence,0.0,0.0,0.0,0.0,0.0,0.0,0.0,0.0,0.0,0.0,14.67,13.76,13.09,-83,10.0
2026-08-19 02:37:35,Pasillo Salones Civil,15.5,Silence,0.0,16.25,Silence,0.0,0.0,0.0,0.0,0.0,0.0,0.0,0.0,0.0,0.0,16.45,15.59,13.93,-109,4.2
2026-08-19 02:37:43,Laboratorios Civil Superior,30.91,Silence,0.0,33.51,Silence,0.0,0.0,0.0,0.0,0.0,0.0,0.0,0.0,0.0,0.0,34.79,30.03,27.59,-112,3.5
2026-08-19 02:38:04,Laboratorios Eléctrica Centro,12.3,Silence,0.0,13.13,Silence,0.0,0.0,0.0,0.0,0.0,0.0,0.0,0.0,0.0,0.0,13.14,12.47,11.47,-117,-8.2
2026-08-19 02:38:56,Laboratorios Eléctrica Superior,15.18,Silence,0.0,17.78,Silence,0.0,0.0,0.0,0.0,0.0,0.0,0.0,0.0,0.0,0.0,18.0,15.67,11.15,-117,1.0
2026-08-19 02:39:13,Pasillo Decanato Civil,21.24,Silence,0.0,22.15,Silence,0.0,0.0,0.0,0.0,0.0,0.0,0.0,0.0,0.0,0.0,22.76,20.94,20.41,-115,-0.8
2026-08-19 02:39:15,Lobby Civil,54.12,Group 2 (Impact),82.38,55.43,Group 2 (Impact),0.0,53.51,0.0,0.0,0.0,2.04,82.38,4.3,6.29,4.9,55.7,53.93,52.74,-89,11.8
2026-08-19 02:40:44,Salón - Extremo Eléctrica,14.62,Silence,0.0,15.71,Silence,0.0,0.0,0.0,0.0,0.0,0.0,0.0,0.0,0.0,0.0,15.56,14.38,13.95,-108,6.8
2026-08-19 02:40:54,Salón - Uma Civil,10.73,Silence,0.0,12.91,Silence,0.0,0.0,0.0,0.0,0.0,0.0,0.0,0.0,0.0,0.0,11.95,10.49,9.98,-117,-12.2
2026-08-19 02:41:10,Pasillo Decanato Eléctrica,20.41,Silence,0.0,21.31,Silence,0.0,0.0,0.0,0.0,0.0,0.0,0.0,0.0,0.0,0.0,20.97,20.6,19.46,-113,2.8
2026-08-19 02:41:20,Laboratorios Civil Central,49.74,Group 1 (Common),83.98,51.77,Group 1 (Common),49.53,0.0,0.0,0.0,0.0,83.98,1.39,0.0,0.13,14.37,52.08,49.62,45.39,-105,11.5
2026-08-19 02:41:24,Laboratorios Eléctrica Inferior,21.65,Silence,0.0,22.54,Silence,0.0,0.0,0.0,0.0,0.0,0.0,0.0,0.0,0.0,0.0,22.47,21.6,20.81,-107,-0.5
2026-08-19 02:41:40,Laboratorios Civil Inferior,21.12,Silence,0.0,22.37,Silence,0.0,0.0,0.0,0.0,0.0,0.0,0.0,0.0,0.0,0.0,22.0,21.06,20.29,-120,-5.5
2026-08-19 02:41:40,Lobby Eléctrica,27.52,Silence,0.0,28.72,Silence,0.0,0.0,0.0,0.0,0.0,0.0,0.0,0.0,0.0,0.0,29.31,27.46,25.71,-101,9.8
2026-08-19 02:41:59,Pasillo Salones Eléctrica,30.75,Silence,0.0,31.62,Silence,0.0,0.0,0.0,0.0,0.0,0.0,0.0,0.0,0.0,0.0,31.72,30.53,30.26,-90,8.0
2026-08-19 02:42:08,Salón - Uma Eléctrica,43.96,Silence,0.0,45.02,Silence,0.0,0.0,0.0,0.0,0.0,0.0,0.0,0.0,0.0,0.0,44.7,43.99,43.43,-119,-10.2
2026-08-19 02:42:24,Salón - Extremo Civil,13.17,Silence,0.0,13.66,Silence,0.0,0.0,0.0,0.0,0.0,0.0,0.0,0.0,0.0,0.0,13.47,13.11,12.77,-83,12.5
2026-08-19 02:42:35,Pasillo Salones Civil,18.45,Silence,0.0,19.63,Silence,0.0,0.0,0.0,0.0,0.0,0.0,0.0,0.0,0.0,0.0,19.87,18.66,16.69,-115,-4.0
2026-08-19 02:42:43,Laboratorios Civil Superior,31.03,Silence,0.0,33.65,Silence,0.0,0.0,0.0,0.0,0.0,0.0,0.0,0.0,0.0,0.0,34.5,30.66,28.17,-102,11.5
2026-08-19 02:43:04,Laboratorios Eléctrica Centro,11.16,Silence,0.0,11.93,Silence,0.0,0.0,0.0,0.0,0.0,0.0,0.0,0.0,0.0,0.0,12.06,11.09,10.37,-105,11.5
2026-08-19 02:43:59,Laboratorios Eléctrica Superior,12.06,Silence,0.0,12.58,Silence,0.0,0.0,0.0,0.0,0.0,0.0,0.0,0.0,0.0,0.0,12.63,11.97,11.56,-115,2.0
2026-08-19 02:44:13,Pasillo Decanato Civil,22.49,Silence,0.0,24.08,Silence,0.0,0.0,0.0,0.0,0.0,0.0,0.0,0.0,0.0,0.0,24.39,22.17,21.07,-117,1.0
2026-08-19 02:44:15,Lobby Civil,57.44,Mixed,54.77,59.5,Group 2 (Impact),0.0,57.54,0.0,0.0,58.15,0.0,54.77,16.23,0.43,28.56,59.07,57.78,52.64,-108,8.5
2026-08-19 02:45:44,Salón - Extremo Eléctrica,14.98,Silence,0.0,15.79,Silence,0.0,0.0,0.0,0.0,0.0,0.0,0.0,0.0,0.0,0.0,15.49,14.91,14.33,-90,12.0
2026-08-19 02:45:54,Salón - Uma Civil,9.75,Silence,0.0,10.28,Silence,0.0,0.0,0.0,0.0,0.0,0.0,0.0,0.0,0.0,0.0,10.2,9.82,9.13,-117,-0.2
2026-08-19 02:46:10,Pasillo Decanato Eléctrica,20.0,Silence,0.0,20.88,Silence,0.0,0.0,0.0,0.0,0.0,0.0,0.0,0.0,0.0,0.0,20.85,19.98,19.37,-106,-9.0
2026-08-19 02:46:20,Laboratorios Civil Central,50.94,Group 1 (Common),81.6,52.49,Group 1 (Common),50.67,0.0,0.0,0.0,0.0,81.6,0.91,3.21,0.09,13.89,52.17,51.55,47.77,-105,12.2
2026-08-19 02:46:24,Laboratorios Eléctrica Inferior,22.65,Silence,0.0,23.53,Silence,0.0,0.0,0.0,0.0,0.0,0.0,0.0,0.0,0.0,0.0,23.52,22.63,21.86,-120,-0.5
2026-08-19 02:46:40,Laboratorios Civil Inferior,25.77,Silence,0.0,26.36,Silence,0.0,0.0,0.0,0.0,0.0,0.0,0.0,0.0,0.0,0.0,26.65,25.71,25.13,-117,0.8
2026-08-19 02:46:40,Lobby Eléctrica,28.57,Silence,0.0,29.81,Silence,0.0,0.0,0.0,0.0,0.0,0.0,0.0,0.0,0.0,0.0,29.58,28.62,27.56,-99,12.0
2026-08-19 02:46:59,Pasillo Salones Eléctrica,29.83,Silence,0.0,30.55,Silence,0.0,0.0,0.0,0.0,0.0,0.0,0.0,0.0,0.0,0.0,30.62,29.94,28.22,-93,12.8
2026-08-19 02:47:08,Salón - Uma Eléctrica,43.72,Silence,0.0,44.28,Silence,0.0,0.0,0.0,0.0,0.0,0.0,0.0,0.0,0.0,0.0,44.59,43.85,42.87,-111,5.8
2026-08-19 02:47:24,Salón - Extremo Civil,13.17,Silence,0.0,13.93,Silence,0.0,0.0,0.0,0.0,0.0,0.0,0.0,0.0,0.0,0.0,13.9,12.91,12.54,-95,11.8
2026-08-19 02:47:35,Pasillo Salones Civil,14.79,Silence,0.0,15.43,Silence,0.0,0.0,0.0,0.0,0.0,0.0,0.0,0.0,0.0,0.0,15.5,14.86,13.72,-107,10.8
2026-08-19 02:47:43,Laboratorios Civil Superior,30.43,Silence,0.0,32.14,Silence,0.0,0.0,0.0,0.0,0.0,0.0,0.0,0.0,0.0,0.0,32.01,30.28,28.75,-112,6.5
2026-08-19 02:48:04,Laboratorios Eléctrica Centro,12.3,Silence,0.0,13.31,Silence,0.0,0.0,0.0,0.0,0.0,0.0,0.0,0.0,0.0,0.0,13.75,11.9,10.01,-105,12.0
2026-08-19 02:48:56,Laboratorios Eléctrica Superior,11.65,Silence,0.0,12.44,Silence,0.0,0.0,0.0,0.0,0.0,0.0,0.0,0.0,0.0,0.0,12.36,11.7,10.94,-102,12.2
2026-08-19 02:49:13,Pasillo Decanato Civil,22.2,Silence,0.0,24.1,Silence,0.0,0.0,0.0,0.0,0.0,0.0,0.0,0.0,0.0,0.0,23.95,21.36,20.6,-105,11.0
2026-08-19 02:49:18,Lobby Civil,51.78,Mixed,49.09,54.48,Group 5 (Vehicle),0.0,51.21,0.0,0.0,54.06,2.0,34.29,10.81,3.78,49.09,54.4,51.9,49.08,-93,13.2
2026-08-19 02:50:44,Salón - Extremo Eléctrica,14.66,Silence,0.0,15.43,Silence,0.0,0.0,0.0,0.0,0.0,0.0,0.0,0.0,0.0,0.0,15.24,14.75,13.57,-90,12.0
2026-08-19 02:50:54,Salón - Uma Civil,11.95,Silence,0.0,14.05,Silence,0.0,0.0,0.0,0.0,0.0,0.0,0.0,0.0,0.0,0.0,14.22,11.76,9.6,-119,-8.0
2026-08-19 02:51:10,Pasillo Decanato Eléctrica,19.87,Silence,0.0,21.15,Silence,0.0,0.0,0.0,0.0,0.0,0.0,0.0,0.0,0.0,0.0,21.27,19.85,18.86,-105,11.2
2026-08-19 02:51:20,Laboratorios Civil Central,65.29,Mixed,50.0,70.04,Group 5 (Vehicle),49.87,0.0,0.0,0.0,67.91,50.0,1.09,2.91,0.35,45.75,71.25,60.44,48.77,-119,-9.0
2026-08-19 02:51:24,Laboratorios Eléctrica Inferior,21.74,Silence,0.0,22.74,Silence,0.0,0.0,0.0,0.0,0.0,0.0,0.0,0.0,0.0,0.0,22.9,21.7,20.54,-115,0.5
2026-08-19 02:51:40,Laboratorios Civil Inferior,31.84,Silence,0.0,36.83,Silence,0.0,0.0,0.0,0.0,0.0,0.0,0.0,0.0,0.0,0.0,37.92,27.75,23.18,-118,-2.0
2026-08-19 02:51:40,Lobby Eléctrica,34.63,Silence,0.0,39.55,Silence,0.0,0.0,0.0,0.0,0.0,0.0,0.0,0.0,0.0,0.0,39.87,28.96,27.98,-117,1.5
2026-08-19 02:51:59,Pasillo Salones Eléctrica,30.42,Silence,0.0,31.43,Silence,0.0,0.0,0.0,0.0,0.0,0.0,0.0,0.0,0.0,0.0,31.79,30.52,28.52,-94,12.0
2026-08-19 02:52:08,Salón - Uma Eléctrica,44.25,Silence,0.0,45.11,Silence,0.0,0.0,0.0,0.0,0.0,0.0,0.0,0.0,0.0,0.0,45.51,44.03,43.18,-109,9.2
2026-08-19 02:52:24,Salón - Extremo Civil,15.25,Silence,0.0,16.3,Silence,0.0,0.0,0.0,0.0,0.0,0.0,0.0,0.0,0.0,0.0,16.73,15.52,13.05,-90,12.5
2026-08-19 02:52:35,Pasillo Salones Civil,15.79,Silence,0.0,16.36,Silence,0.0,0.0,0.0,0.0,0.0,0.0,0.0,0.0,0.0,0.0,16.51,15.87,14.63,-115,-2.5
2026-08-19 02:52:43,Laboratorios Civil Superior,31.06,Silence,0.0,32.89,Silence,0.0,0.0,0.0,0.0,0.0,0.0,0.0,0.0,0.0,0.0,32.81,31.05,29.22,-111,4.5
2026-08-19 02:53:04,Laboratorios Eléctrica Centro,15.39,Silence,0.0,16.37,Silence,0.0,0.0,0.0,0.0,0.0,0.0,0.0,0.0,0.0,0.0,16.31,15.21,14.55,-103,11.5
2026-08-19 02:53:56,Laboratorios Eléctrica Superior,13.24,Silence,0.0,14.06,Silence,0.0,0.0,0.0,0.0,0.0,0.0,0.0,0.0,0.0,0.0,13.77,13.22,12.81,-103,8.5
2026-08-19 02:54:13,Pasillo Decanato Civil,22.28,Silence,0.0,23.55,Silence,0.0,0.0,0.0,0.0,0.0,0.0,0.0,0.0,0.0,0.0,24.36,21.84,21.04,-113,7.8
2026-08-19 02:54:15,Lobby Civil,54.04,Group 5 (Vehicle),84.51,57.29,Group 5 (Vehicle),55.05,0.0,0.0,0.0,53.82,5.25,5.9,3.3,1.22,84.51,58.14,52.91,49.84,-91,9.8
2026-08-19 02:55:45,Salón - Extremo Eléctrica,14.53,Silence,0.0,15.11,Silence,0.0,0.0,0.0,0.0,0.0,0.0,0.0,0.0,0.0,0.0,15.0,14.52,13.46,-86,12.2
2026-08-19 02:55:54,Salón - Uma Civil,10.67,Silence,0.0,11.75,Silence,0.0,0.0,0.0,0.0,0.0,0.0,0.0,0.0,0.0,0.0,11.6,10.17,9.61,-120,-9.2
2026-08-19 02:56:10,Pasillo Decanato Eléctrica,19.89,Silence,0.0,20.68,Silence,0.0,0.0,0.0,0.0,0.0,0.0,0.0,0.0,0.0,0.0,20.78,19.85,19.33,-105,11.0
2026-08-19 02:56:20,Laboratorios Civil Central,49.23,Group 1 (Common),84.85,50.86,Group 1 (Common),49.24,0.0,0.0,0.0,0.0,84.85,0.17,2.91,0.09,11.94,50.44,49.01,47.91,-111,6.5
2026-08-19 02:56:24,Laboratorios Eléctrica Inferior,23.86,Silence,0.0,24.78,Silence,0.0,0.0,0.0,0.0,0.0,0.0,0.0,0.0,0.0,0.0,24.68,23.77,23.21,-111,-5.0
2026-08-19 02:56:40,Laboratorios Civil Inferior,35.24,Silence,0.0,36.01,Silence,0.0,0.0,0.0,0.0,0.0,0.0,0.0,0.0,0.0,0.0,35.75,35.25,34.69,-119,-8.5
2026-08-19 02:56:40,Lobby Eléctrica,28.77,Silence,0.0,29.64,Silence,0.0,0.0,0.0,0.0,0.0,0.0,0.0,0.0,0.0,0.0,29.66,28.74,28.07,-99,12.5
2026-08-19 02:56:59,Pasillo Salones Eléctrica,30.4,Silence,0.0,31.24,Silence,0.0,0.0,0.0,0.0,0.0,0.0,0.0,0.0,0.0,0.0,31.45,30.27,29.51,-119,0.8
2026-08-19 02:57:08,Salón - Uma Eléctrica,44.3,Silence,0.0,44.89,Silence,0.0,0.0,0.0,0.0,0.0,0.0,0.0,0.0,0.0,0.0,45.18,44.11,43.8,-118,-10.8
2026-08-19 02:57:24,Salón - Extremo Civil,13.96,Silence,0.0,14.6,Silence,0.0,0.0,0.0,0.0,0.0,0.0,0.0,0.0,0.0,0.0,14.44,13.95,13.63,-99,12.0
2026-08-19 02:57:35,Pasillo Salones Civil,17.52,Silence,0.0,19.33,Silence,0.0,0.0,0.0,0.0,0.0,0.0,0.0,0.0,0.0,0.0,18.35,17.36,17.13,-117,-3.2
2026-08-19 02:57:43,Laboratorios Civil Superior,33.7,Silence,0.0,35.41,Silence,0.0,0.0,0.0,0.0,0.0,0.0,0.0,0.0,0.0,0.0,35.08,33.16,32.13,-109,-3.2
2026-08-19 02:58:04,Laboratorios Eléctrica Centro,16.58,Silence,0.0,17.25,Silence,0.0,0.0,0.0,0.0,0.0,0.0,0.0,0.0,0.0,0.0,17.5,16.53,15.99,-105,10.8
2026-08-19 02:58:56,Laboratorios Eléctrica Superior,13.73,Silence,0.0,14.82,Silence,0.0,0.0,0.0,0.0,0.0,0.0,0.0,0.0,0.0,0.0,14.3,13.91,12.67,-102,11.5
2026-08-19 02:59:13,Pasillo Decanato Civil,18.93,Silence,0.0,20.0,Silence,0.0,0.0,0.0,0.0,0.0,0.0,0.0,0.0,0.0,0.0,19.64,18.93,18.1,-96,12.5
2026-08-19 02:59:15,Lobby Civil,34.86,Silence,0.0,37.84,Silence,0.0,0.0,0.0,0.0,0.0,0.0,0.0,0.0,0.0,0.0,38.59,34.41,33.28,-93,13.0
2026-08-19 03:00:45,Salón - Extremo Eléctrica,14.68,Silence,0.0,15.09,Silence,0.0,0.0,0.0,0.0,0.0,0.0,0.0,0.0,0.0,0.0,15.28,14.71,14.0,-111,7.2
2026-08-19 03:00:54,Salón - Uma Civil,11.05,Silence,0.0,11.68,Silence,0.0,0.0,0.0,0.0,0.0,0.0,0.0,0.0,0.0,0.0,11.47,11.18,9.77,-111,9.5
2026-08-19 03:01:10,Pasillo Decanato Eléctrica,19.73,Silence,0.0,20.72,Silence,0.0,0.0,0.0,0.0,0.0,0.0,0.0,0.0,0.0,0.0,20.62,19.94,18.82,-115,4.5
2026-08-19 03:01:20,Laboratorios Civil Central,51.19,Group 1 (Common),96.97,51.9,Group 1 (Common),51.19,0.0,0.0,0.0,0.0,96.97,0.0,0.05,0.0,2.83,51.81,51.1,50.47,-119,-11.0
2026-08-19 03:01:24,Laboratorios Eléctrica Inferior,22.61,Silence,0.0,23.35,Silence,0.0,0.0,0.0,0.0,0.0,0.0,0.0,0.0,0.0,0.0,23.22,22.55,21.51,-118,-7.8
2026-08-19 03:01:40,Laboratorios Civil Inferior,30.38,Silence,0.0,31.01,Silence,0.0,0.0,0.0,0.0,0.0,0.0,0.0,0.0,0.0,0.0,31.1,30.57,29.49,-117,-12.2
2026-08-19 03:01:40,Lobby Eléctrica,25.28,Silence,0.0,25.92,Silence,0.0,0.0,0.0,0.0,0.0,0.0,0.0,0.0,0.0,0.0,25.76,25.36,24.7,-117,0.2
2026-08-19 03:01:59,Pasillo Salones Eléctrica,31.27,Silence,0.0,32.66,Silence,0.0,0.0,0.0,0.0,0.0,0.0,0.0,0.0,0.0,0.0,32.97,31.16,30.48,-105,11.0
2026-08-19 03:02:24,Salón - Extremo Civil,20.55,Silence,0.0,26.73,Silence,0.0,0.0,0.0,0.0,0.0,0.0,0.0,0.0,0.0,0.0,28.33,13.73,12.59,-119,-11.8
2026-08-19 03:02:35,Pasillo Salones Civil,18.57,Silence,0.0,21.46,Silence,0.0,0.0,0.0,0.0,0.0,0.0,0.0,0.0,0.0,0.0,21.77,18.5,14.57,-118,-1.5
2026-08-19 03:02:43,Laboratorios Civil Superior,32.1,Silence,0.0,33.88,Silence,0.0,0.0,0.0,0.0,0.0,0.0,0.0,0.0,0.0,0.0,33.38,32.1,30.62,-107,6.5
2026-08-19 03:03:04,Laboratorios Eléctrica Centro,14.08,Silence,0.0,14.81,Silence,0.0,0.0,0.0,0.0,0.0,0.0,0.0,0.0,0.0,0.0,14.71,14.32,13.13,-107,11.5
2026-08-19 03:03:56,Laboratorios Eléctrica Superior,12.91,Silence,0.0,13.48,Silence,0.0,0.0,0.0,0.0,0.0,0.0,0.0,0.0,0.0,0.0,13.41,13.05,12.44,-115,4.8
2026-08-19 03:04:13,Pasillo Decanato Civil,18.71,Silence,0.0,19.42,Silence,0.0,0.0,0.0,0.0,0.0,0.0,0.0,0.0,0.0,0.0,19.55,18.61,17.84,-105,5.2
2026-08-19 03:04:15,Lobby Civil,33.37,Silence,0.0,36.63,Silence,0.0,0.0,0.0,0.0,0.0,0.0,0.0,0.0,0.0,0.0,37.45,32.77,31.14,-95,12.8
2026-08-19 03:05:44,Salón - Extremo Eléctrica,15.08,Silence,0.0,16.01,Silence,0.0,0.0,0.0,0.0,0.0,0.0,0.0,0.0,0.0,0.0,15.77,15.06,14.2,-87,12.8
2026-08-19 03:05:54,Salón - Uma Civil,25.18,Silence,0.0,31.12,Silence,0.0,0.0,0.0,0.0,0.0,0.0,0.0,0.0,0.0,0.0,30.68,24.46,18.43,-117,-10.2
2026-08-19 03:06:10,Pasillo Decanato Eléctrica,20.33,Silence,0.0,21.56,Silence,0.0,0.0,0.0,0.0,0.0,0.0,0.0,0.0,0.0,0.0,21.81,19.72,19.59,-99,3.2
2026-08-19 03:06:20,Laboratorios Civil Central,50.43,Mixed,67.49,52.17,Group 1 (Common),50.21,0.0,0.0,0.0,50.63,67.49,0.13,0.0,0.04,32.25,51.98,49.91,48.94,-119,-6.8
2026-08-19 03:06:40,Laboratorios Civil Inferior,31.64,Silence,0.0,32.36,Silence,0.0,0.0,0.0,0.0,0.0,0.0,0.0,0.0,0.0,0.0,32.14,31.67,31.07,-120,-10.5
2026-08-19 03:06:40,Lobby Eléctrica,32.01,Silence,0.0,32.7,Silence,0.0,0.0,0.0,0.0,0.0,0.0,0.0,0.0,0.0,0.0,32.91,32.06,31.29,-99,12.5
2026-08-19 03:06:59,Pasillo Salones Eléctrica,31.1,Silence,0.0,31.94,Silence,0.0,0.0,0.0,0.0,0.0,0.0,0.0,0.0,0.0,0.0,32.48,31.15,29.87,-97,10.5
2026-08-19 03:07:08,Salón - Uma Eléctrica,44.13,Silence,0.0,44.81,Silence,0.0,0.0,0.0,0.0,0.0,0.0,0.0,0.0,0.0,0.0,44.63,44.32,42.74,-108,7.2
2026-08-19 03:07:24,Salón - Extremo Civil,38.21,Silence,0.0,43.3,Silence,0.0,0.0,0.0,0.0,0.0,0.0,0.0,0.0,0.0,0.0,44.61,32.31,21.01,-81,9.2
2026-08-19 03:07:35,Pasillo Salones Civil,44.8,Silence,0.0,50.61,Silence,0.0,0.0,0.0,0.0,0.0,0.0,0.0,0.0,0.0,0.0,51.59,45.23,18.02,-105,8.2
2026-08-19 03:07:43,Laboratorios Civil Superior,33.38,Silence,0.0,35.22,Silence,0.0,0.0,0.0,0.0,0.0,0.0,0.0,0.0,0.0,0.0,35.95,32.93,32.14,-102,10.5
2026-08-19 03:08:04,Laboratorios Eléctrica Centro,13.27,Silence,0.0,14.09,Silence,0.0,0.0,0.0,0.0,0.0,0.0,0.0,0.0,0.0,0.0,14.08,13.23,12.6,-102,8.8
2026-08-19 03:08:56,Laboratorios Eléctrica Superior,12.56,Silence,0.0,13.14,Silence,0.0,0.0,0.0,0.0,0.0,0.0,0.0,0.0,0.0,0.0,13.28,12.62,11.66,-107,11.5
2026-08-19 03:09:13,Pasillo Decanato Civil,19.3,Silence,0.0,20.36,Silence,0.0,0.0,0.0,0.0,0.0,0.0,0.0,0.0,0.0,0.0,20.09,19.28,18.13,-108,8.8
2026-08-19 03:09:15,Lobby Civil,37.09,Silence,0.0,39.15,Silence,0.0,0.0,0.0,0.0,0.0,0.0,0.0,0.0,0.0,0.0,38.99,36.39,35.07,-115,4.8
2026-08-19 03:10:45,Salón - Extremo Eléctrica,14.82,Silence,0.0,15.51,Silence,0.0,0.0,0.0,0.0,0.0,0.0,0.0,0.0,0.0,0.0,15.54,14.9,14.05,-90,9.2
2026-08-19 03:10:54,Salón - Uma Civil,12.14,Silence,0.0,13.31,Silence,0.0,0.0,0.0,0.0,0.0,0.0,0.0,0.0,0.0,0.0,13.08,12.02,11.63,-101,6.2
2026-08-19 03:11:10,Pasillo Decanato Eléctrica,19.83,Silence,0.0,20.94,Silence,0.0,0.0,0.0,0.0,0.0,0.0,0.0,0.0,0.0,0.0,21.19,19.71,18.94,-114,4.8
2026-08-19 03:11:20,Laboratorios Civil Central,50.51,Group 1 (Common),88.41,51.79,Group 1 (Common),50.49,0.0,0.0,0.0,0.0,88.41,0.09,0.0,0.04,11.28,51.87,51.24,47.64,-117,-6.5
2026-08-19 03:11:24,Laboratorios Eléctrica Inferior,22.74,Silence,0.0,23.48,Silence,0.0,0.0,0.0,0.0,0.0,0.0,0.0,0.0,0.0,0.0,23.71,22.66,22.06,-117,0.2
2026-08-19 03:11:40,Laboratorios Civil Inferior,30.45,Silence,0.0,31.64,Silence,0.0,0.0,0.0,0.0,0.0,0.0,0.0,0.0,0.0,0.0,31.75,30.46,29.44,-119,-8.5
2026-08-19 03:11:40,Lobby Eléctrica,29.31,Silence,0.0,30.4,Silence,0.0,0.0,0.0,0.0,0.0,0.0,0.0,0.0,0.0,0.0,31.29,29.16,27.49,-99,12.0
2026-08-19 03:11:59,Pasillo Salones Eléctrica,30.51,Silence,0.0,31.56,Silence,0.0,0.0,0.0,0.0,0.0,0.0,0.0,0.0,0.0,0.0,31.57,30.44,29.87,-118,-2.2
2026-08-19 03:12:09,Salón - Uma Eléctrica,44.26,Silence,0.0,45.09,Silence,0.0,0.0,0.0,0.0,0.0,0.0,0.0,0.0,0.0,0.0,44.86,44.28,43.05,-105,9.0
2026-08-19 03:12:24,Salón - Extremo Civil,18.6,Silence,0.0,20.15,Silence,0.0,0.0,0.0,0.0,0.0,0.0,0.0,0.0,0.0,0.0,19.82,18.26,17.49,-89,11.0
2026-08-19 03:12:35,Pasillo Salones Civil,25.01,Silence,0.0,27.98,Silence,0.0,0.0,0.0,0.0,0.0,0.0,0.0,0.0,0.0,0.0,28.7,24.26,20.63,-107,9.8
2026-08-19 03:12:43,Laboratorios Civil Superior,32.33,Silence,0.0,33.64,Silence,0.0,0.0,0.0,0.0,0.0,0.0,0.0,0.0,0.0,0.0,33.72,32.54,30.23,-120,-8.0
2026-08-19 03:13:04,Laboratorios Eléctrica Centro,13.8,Silence,0.0,14.64,Silence,0.0,0.0,0.0,0.0,0.0,0.0,0.0,0.0,0.0,0.0,14.61,13.83,13.28,-109,11.2
2026-08-19 03:13:56,Laboratorios Eléctrica Superior,12.61,Silence,0.0,13.39,Silence,0.0,0.0,0.0,0.0,0.0,0.0,0.0,0.0,0.0,0.0,13.68,12.49,11.53,-113,
2026-08-19 03:14:13,Pasillo Decanato Civil,19.22,Silence,0.0,19.87,Silence,0.0,0.0,0.0,0.0,0.0,0.0,0.0,0.0,0.0,0.0,19.9,19.14,18.37,-101,13.2
2026-08-19 03:14:15,Lobby Civil,33.41,Silence,0.0,36.5,Silence,0.0,0.0,0.0,0.0,0.0,0.0,0.0,0.0,0.0,0.0,36.76,32.77,31.62,-111,9.0
2026-08-19 03:15:45,Salón - Extremo Eléctrica,14.51,Silence,0.0,15.45,Silence,0.0,0.0,0.0,0.0,0.0,0.0,0.0,0.0,0.0,0.0,15.62,14.48,13.73,-90,11.5
2026-08-19 03:15:54,Salón - Uma Civil,27.98,Silence,0.0,33.07,Silence,0.0,0.0,0.0,0.0,0.0,0.0,0.0,0.0,0.0,0.0,32.86,26.25,18.31,-121,-10.2
2026-08-19 03:16:10,Pasillo Decanato Eléctrica,19.98,Silence,0.0,20.98,Silence,0.0,0.0,0.0,0.0,0.0,0.0,0.0,0.0,0.0,0.0,20.66,20.13,19.01,-113,3.5
2026-08-19 03:16:20,Laboratorios Civil Central,49.78,Group 1 (Common),81.08,51.06,Group 1 (Common),49.8,0.0,0.0,0.0,0.0,81.08,2.08,3.13,0.22,13.59,50.49,49.81,47.98,-103,11.2
2026-08-19 03:16:24,Laboratorios Eléctrica Inferior,21.5,Silence,0.0,22.12,Silence,0.0,0.0,0.0,0.0,0.0,0.0,0.0,0.0,0.0,0.0,21.8,21.48,21.0,-109,8.8
2026-08-19 03:16:40,Laboratorios Civil Inferior,22.76,Silence,0.0,23.98,Silence,0.0,0.0,0.0,0.0,0.0,0.0,0.0,0.0,0.0,0.0,24.42,22.13,21.65,-120,-9.8
2026-08-19 03:16:40,Lobby Eléctrica,25.69,Silence,0.0,27.3,Silence,0.0,0.0,0.0,0.0,0.0,0.0,0.0,0.0,0.0,0.0,27.15,25.44,24.99,-99,12.0
2026-08-19 03:16:59,Pasillo Salones Eléctrica,30.3,Silence,0.0,31.05,Silence,0.0,0.0,0.0,0.0,0.0,0.0,0.0,0.0,0.0,0.0,30.72,30.32,29.83,-119,-2.8
2026-08-19 03:17:08,Salón - Uma Eléctrica,44.07,Silence,0.0,44.66,Silence,0.0,0.0,0.0,0.0,0.0,0.0,0.0,0.0,0.0,0.0,44.78,44.21,43.5,-114,2.0
2026-08-19 03:17:24,Salón - Extremo Civil,13.24,Silence,0.0,13.68,Silence,0.0,0.0,0.0,0.0,0.0,0.0,0.0,0.0,0.0,0.0,13.84,13.16,12.73,-101,12.8
2026-08-19 03:17:35,Pasillo Salones Civil,14.33,Silence,0.0,14.83,Silence,0.0,0.0,0.0,0.0,0.0,0.0,0.0,0.0,0.0,0.0,14.96,14.34,13.82,-117,-4.5
2026-08-19 03:17:43,Laboratorios Civil Superior,34.0,Silence,0.0,35.69,Silence,0.0,0.0,0.0,0.0,0.0,0.0,0.0,0.0,0.0,0.0,35.65,34.32,31.73,-113,4.2
2026-08-19 03:18:04,Laboratorios Eléctrica Centro,14.06,Silence,0.0,14.93,Silence,0.0,0.0,0.0,0.0,0.0,0.0,0.0,0.0,0.0,0.0,15.01,13.93,12.97,-98,11.5
2026-08-19 03:18:56,Laboratorios Eléctrica Superior,12.76,Silence,0.0,13.57,Silence,0.0,0.0,0.0,0.0,0.0,0.0,0.0,0.0,0.0,0.0,13.28,12.75,12.3,-109,9.5
2026-08-19 03:19:13,Pasillo Decanato Civil,18.93,Silence,0.0,19.43,Silence,0.0,0.0,0.0,0.0,0.0,0.0,0.0,0.0,0.0,0.0,19.3,18.99,18.52,-117,
2026-08-19 03:19:15,Lobby Civil,35.6,Silence,0.0,37.63,Silence,0.0,0.0,0.0,0.0,0.0,0.0,0.0,0.0,0.0,0.0,38.27,35.24,34.76,-108,8.2
2026-08-19 03:20:45,Salón - Extremo Eléctrica,15.09,Silence,0.0,15.63,Silence,0.0,0.0,0.0,0.0,0.0,0.0,0.0,0.0,0.0,0.0,15.65,15.14,14.2,-90,12.2
2026-08-19 03:20:54,Salón - Uma Civil,9.32,Silence,0.0,10.0,Silence,0.0,0.0,0.0,0.0,0.0,0.0,0.0,0.0,0.0,0.0,10.29,9.21,8.66,-103,10.5
2026-08-19 03:21:10,Pasillo Decanato Eléctrica,19.86,Silence,0.0,20.69,Silence,0.0,0.0,0.0,0.0,0.0,0.0,0.0,0.0,0.0,0.0,20.47,19.93,19.22,-105,11.0
2026-08-19 03:21:24,Laboratorios Eléctrica Inferior,22.35,Silence,0.0,22.99,Silence,0.0,0.0,0.0,0.0,0.0,0.0,0.0,0.0,0.0,0.0,22.92,22.49,21.57,-115,-1.2
2026-08-19 03:21:40,Laboratorios Civil Inferior,33.66,Silence,0.0,34.11,Silence,0.0,0.0,0.0,0.0,0.0,0.0,0.0,0.0,0.0,0.0,34.07,33.68,32.82,-117,2.0
2026-08-19 03:21:40,Lobby Eléctrica,26.34,Silence,0.0,27.35,Silence,0.0,0.0,0.0,0.0,0.0,0.0,0.0,0.0,0.0,0.0,27.76,26.08,25.39,-117,0.2
2026-08-19 03:21:59,Pasillo Salones Eléctrica,31.38,Silence,0.0,32.46,Silence,0.0,0.0,0.0,0.0,0.0,0.0,0.0,0.0,0.0,0.0,32.74,31.22,30.27,-103,8.0
2026-08-19 03:22:09,Salón - Uma Eléctrica,44.44,Silence,0.0,45.09,Silence,0.0,0.0,0.0,0.0,0.0,0.0,0.0,0.0,0.0,0.0,45.0,44.45,43.71,-113,6.8
2026-08-19 03:22:24,Salón - Extremo Civil,13.04,Silence,0.0,13.95,Silence,0.0,0.0,0.0,0.0,0.0,0.0,0.0,0.0,0.0,0.0,14.16,13.02,12.29,-96,13.2
2026-08-19 03:22:35,Pasillo Salones Civil,14.22,Silence,0.0,14.72,Silence,0.0,0.0,0.0,0.0,0.0,0.0,0.0,0.0,0.0,0.0,14.54,14.29,13.97,-117,-6.0
2026-08-19 03:22:43,Laboratorios Civil Superior,33.36,Silence,0.0,35.32,Silence,0.0,0.0,0.0,0.0,0.0,0.0,0.0,0.0,0.0,0.0,34.72,33.61,30.38,-98,11.8
2026-08-19 03:23:04,Laboratorios Eléctrica Centro,10.53,Silence,0.0,10.99,Silence,0.0,0.0,0.0,0.0,0.0,0.0,0.0,0.0,0.0,0.0,10.9,10.46,10.12,-118,-11.2
2026-08-19 03:23:56,Laboratorios Eléctrica Superior,10.8,Silence,0.0,11.37,Silence,0.0,0.0,0.0,0.0,0.0,0.0,0.0,0.0,0.0,0.0,11.39,10.8,10.13,-114,3.2
2026-08-19 03:24:13,Pasillo Decanato Civil,19.06,Silence,0.0,19.79,Silence,0.0,0.0,0.0,0.0,0.0,0.0,0.0,0.0,0.0,0.0,19.59,19.22,18.33,-117,1.2
2026-08-19 03:24:15,Lobby Civil,32.12,Silence,0.0,35.3,Silence,0.0,0.0,0.0,0.0,0.0,0.0,0.0,0.0,0.0,0.0,36.18,31.52,30.33,-90,12.0
2026-08-19 03:25:45,Salón - Extremo Eléctrica,14.98,Silence,0.0,15.82,Silence,0.0,0.0,0.0,0.0,0.0,0.0,0.0,0.0,0.0,0.0,16.04,14.96,14.24,-91,13.5
2026-08-19 03:25:54,Salón - Uma Civil,9.05,Silence,0.0,9.77,Silence,0.0,0.0,0.0,0.0,0.0,0.0,0.0,0.0,0.0,0.0,9.91,8.98,8.4,-119,-6.5
2026-08-19 03:26:10,Pasillo Decanato Eléctrica,20.17,Silence,0.0,20.95,Silence,0.0,0.0,0.0,0.0,0.0,0.0,0.0,0.0,0.0,0.0,20.93,20.04,19.38,-103,10.5
2026-08-19 03:26:20,Laboratorios Civil Central,50.62,Group 1 (Common),81.73,52.31,Group 1 (Common),50.7,0.0,0.0,0.0,0.0,81.73,0.17,0.0,0.04,17.97,52.25,50.03,48.82,-103,11.2
2026-08-19 03:26:24,Laboratorios Eléctrica Inferior,22.82,Silence,0.0,23.53,Silence,0.0,0.0,0.0,0.0,0.0,0.0,0.0,0.0,0.0,0.0,23.46,22.96,22.07,-119,-9.8
2026-08-19 03:26:40,Laboratorios Civil Inferior,32.74,Silence,0.0,33.33,Silence,0.0,0.0,0.0,0.0,0.0,0.0,0.0,0.0,0.0,0.0,33.21,32.69,32.24,-119,-7.8
2026-08-19 03:26:46,Lobby Eléctrica,26.32,Silence,0.0,27.19,Silence,0.0,0.0,0.0,0.0,0.0,0.0,0.0,0.0,0.0,0.0,27.15,26.22,25.69,-99,12.8
2026-08-19 03:26:59,Pasillo Salones Eléctrica,30.56,Silence,0.0,31.81,Silence,0.0,0.0,0.0,0.0,0.0,0.0,0.0,0.0,0.0,0.0,31.34,30.42,29.99,-101,12.5
2026-08-19 03:27:09,Salón - Uma Eléctrica,44.33,Silence,0.0,45.16,Silence,0.0,0.0,0.0,0.0,0.0,0.0,0.0,0.0,0.0,0.0,45.02,44.34,43.46,-111,8.5
2026-08-19 03:27:24,Salón - Extremo Civil,14.39,Silence,0.0,17.6,Silence,0.0,0.0,0.0,0.0,0.0,0.0,0.0,0.0,0.0,0.0,17.09,13.94,12.91,-95,12.0
2026-08-19 03:27:35,Pasillo Salones Civil,17.78,Silence,0.0,20.21,Silence,0.0,0.0,0.0,0.0,0.0,0.0,0.0,0.0,0.0,0.0,20.59,17.07,15.86,-119,-1.0
2026-08-19 03:27:43,Laboratorios Civil Superior,34.97,Silence,0.0,36.96,Silence,0.0,0.0,0.0,0.0,0.0,0.0,0.0,0.0,0.0,0.0,36.6,35.06,32.98,-111,9.8
2026-08-19 03:28:04,Laboratorios Eléctrica Centro,18.99,Silence,0.0,23.39,Silence,0.0,0.0,0.0,0.0,0.0,0.0,0.0,0.0,0.0,0.0,23.91,14.97,14.64,-117,-9.0
2026-08-19 03:28:56,Laboratorios Eléctrica Superior,13.04,Silence,0.0,13.88,Silence,0.0,0.0,0.0,0.0,0.0,0.0,0.0,0.0,0.0,0.0,13.92,13.06,11.75,-103,11.0
2026-08-19 03:29:13,Pasillo Decanato Civil,20.49,Silence,0.0,21.3,Silence,0.0,0.0,0.0,0.0,0.0,0.0,0.0,0.0,0.0,0.0,21.1,20.55,19.39,-115,-0.5
2026-08-19 03:29:15,Lobby Civil,47.29,Group 2 (Impact),89.97,50.59,Group 2 (Impact),0.0,47.72,0.0,0.0,0.0,0.22,89.97,0.26,1.3,8.25,51.27,46.35,43.65,-111,7.8
2026-08-19 03:30:45,Salón - Extremo Eléctrica,15.03,Silence,0.0,15.95,Silence,0.0,0.0,0.0,0.0,0.0,0.0,0.0,0.0,0.0,0.0,15.53,14.97,14.48,-91,13.0
2026-08-19 03:30:54,Salón - Uma Civil,10.65,Silence,0.0,13.22,Silence,0.0,0.0,0.0,0.0,0.0,0.0,0.0,0.0,0.0,0.0,12.93,10.22,9.63,-101,9.2
2026-08-19 03:31:10,Pasillo Decanato Eléctrica,20.56,Silence,0.0,21.86,Silence,0.0,0.0,0.0,0.0,0.0,0.0,0.0,0.0,0.0,0.0,22.13,20.25,18.81,-113,5.0
2026-08-19 03:31:20,Laboratorios Civil Central,49.45,Mixed,64.37,50.7,Group 1 (Common),49.54,0.0,0.0,0.0,48.89,64.37,0.3,0.82,0.04,34.38,51.23,49.2,48.17,-107,11.8
2026-08-19 03:31:24,Laboratorios Eléctrica Inferior,22.7,Silence,0.0,23.57,Silence,0.0,0.0,0.0,0.0,0.0,0.0,0.0,0.0,0.0,0.0,23.33,22.9,21.74,-118,-8.5
2026-08-19 03:31:40,Laboratorios Civil Inferior,23.86,Silence,0.0,25.2,Silence,0.0,0.0,0.0,0.0,0.0,0.0,0.0,0.0,0.0,0.0,25.25,23.73,20.87,-120,-9.2
2026-08-19 03:31:40,Lobby Eléctrica,34.64,Silence,0.0,35.75,Silence,0.0,0.0,0.0,0.0,0.0,0.0,0.0,0.0,0.0,0.0,36.06,34.37,33.2,-117,0.5
2026-08-19 03:32:01,Pasillo Salones Eléctrica,30.48,Silence,0.0,31.36,Silence,0.0,0.0,0.0,0.0,0.0,0.0,0.0,0.0,0.0,0.0,31.13,30.56,30.0,-115,0.2
2026-08-19 03:32:09,Salón - Uma Eléctrica,44.3,Silence,0.0,45.04,Silence,0.0,0.0,0.0,0.0,0.0,0.0,0.0,0.0,0.0,0.0,45.26,44.4,42.72,-114,4.8
2026-08-19 03:32:24,Salón - Extremo Civil,13.84,Silence,0.0,14.93,Silence,0.0,0.0,0.0,0.0,0.0,0.0,0.0,0.0,0.0,0.0,15.18,13.69,13.03,-119,-11.2
2026-08-19 03:32:35,Pasillo Salones Civil,20.08,Silence,0.0,24.88,Silence,0.0,0.0,0.0,0.0,0.0,0.0,0.0,0.0,0.0,0.0,27.07,18.29,15.87,-119,-3.8
2026-08-19 03:32:43,Laboratorios Civil Superior,32.94,Silence,0.0,35.18,Silence,0.0,0.0,0.0,0.0,0.0,0.0,0.0,0.0,0.0,0.0,34.93,33.54,28.75,-105,10.5
2026-08-19 03:33:04,Laboratorios Eléctrica Centro,15.93,Silence,0.0,17.2,Silence,0.0,0.0,0.0,0.0,0.0,0.0,0.0,0.0,0.0,0.0,17.85,15.63,14.56,-102,10.5
2026-08-19 03:33:56,Laboratorios Eléctrica Superior,41.5,Silence,0.0,47.02,Silence,0.0,0.0,0.0,0.0,0.0,0.0,0.0,0.0,0.0,0.0,47.79,37.23,33.04,-103,11.2
2026-08-19 03:34:13,Pasillo Decanato Civil,20.78,Silence,0.0,21.44,Silence,0.0,0.0,0.0,0.0,0.0,0.0,0.0,0.0,0.0,0.0,21.38,20.8,20.35,-105,11.5
2026-08-19 03:34:15,Lobby Civil,46.98,Group 2 (Impact),83.77,50.05,Group 2 (Impact),0.0,47.58,0.0,0.0,0.0,0.0,83.77,0.69,0.61,14.8,49.24,47.11,39.84,-109,6.8
2026-08-19 03:35:45,Salón - Extremo Eléctrica,14.74,Silence,0.0,15.44,Silence,0.0,0.0,0.0,0.0,0.0,0.0,0.0,0.0,0.0,0.0,15.58,14.51,14.1,-91,12.5
2026-08-19 03:35:54,Salón - Uma Civil,9.49,Silence,0.0,9.95,Silence,0.0,0.0,0.0,0.0,0.0,0.0,0.0,0.0,0.0,0.0,9.83,9.4,8.99,-103,11.2
2026-08-19 03:36:10,Pasillo Decanato Eléctrica,20.51,Silence,0.0,21.28,Silence,0.0,0.0,0.0,0.0,0.0,0.0,0.0,0.0,0.0,0.0,21.35,20.52,19.85,-108,11.2
2026-08-19 03:36:21,Laboratorios Civil Central,49.63,Group 1 (Common),78.26,51.04,Group 1 (Common),49.41,0.0,0.0,0.0,0.0,78.26,0.35,0.0,0.09,21.27,51.02,49.78,47.81,-117,-6.5
2026-08-19 03:36:24,Laboratorios Eléctrica Inferior,28.41,Silence,0.0,30.98,Silence,0.0,0.0,0.0,0.0,0.0,0.0,0.0,0.0,0.0,0.0,31.26,27.25,25.62,-113,7.2
2026-08-19 03:36:40,Laboratorios Civil Inferior,26.48,Silence,0.0,32.06,Silence,0.0,0.0,0.0,0.0,0.0,0.0,0.0,0.0,0.0,0.0,33.95,23.43,22.46,-118,-1.2
2026-08-19 03:36:40,Lobby Eléctrica,32.83,Silence,0.0,33.59,Silence,0.0,0.0,0.0,0.0,0.0,0.0,0.0,0.0,0.0,0.0,33.4,32.74,32.03,-119,1.5
2026-08-19 03:36:59,Pasillo Salones Eléctrica,30.17,Silence,0.0,31.38,Silence,0.0,0.0,0.0,0.0,0.0,0.0,0.0,0.0,0.0,0.0,30.91,29.96,29.53,-101,12.8
2026-08-19 03:37:09,Salón - Uma Eléctrica,44.54,Silence,0.0,45.14,Silence,0.0,0.0,0.0,0.0,0.0,0.0,0.0,0.0,0.0,0.0,44.94,44.52,43.79,-109,4.5
2026-08-19 03:37:24,Salón - Extremo Civil,13.33,Silence,0.0,14.23,Silence,0.0,0.0,0.0,0.0,0.0,0.0,0.0,0.0,0.0,0.0,14.21,13.25,12.62,-99,12.0
2026-08-19 03:37:35,Pasillo Salones Civil,16.51,Silence,0.0,17.38,Silence,0.0,0.0,0.0,0.0,0.0,0.0,0.0,0.0,0.0,0.0,17.32,16.58,15.9,-113,-1.0
2026-08-19 03:37:43,Laboratorios Civil Superior,30.98,Silence,0.0,33.11,Silence,0.0,0.0,0.0,0.0,0.0,0.0,0.0,0.0,0.0,0.0,33.47,30.85,28.62,-109,10.5
2026-08-19 03:38:04,Laboratorios Eléctrica Centro,16.92,Silence,0.0,29.62,Silence,0.0,0.0,0.0,0.0,0.0,0.0,0.0,0.0,0.0,0.0,23.82,14.67,11.46,-120,-10.2
2026-08-19 03:38:56,Laboratorios Eléctrica Superior,12.79,Silence,0.0,16.99,Silence,0.0,0.0,0.0,0.0,0.0,0.0,0.0,0.0,0.0,0.0,15.81,12.32,11.44,-100,10.5
2026-08-19 03:39:13,Pasillo Decanato Civil,21.64,Silence,0.0,23.14,Silence,0.0,0.0,0.0,0.0,0.0,0.0,0.0,0.0,0.0,0.0,23.12,21.82,20.04,-111,8.2
2026-08-19 03:39:15,Lobby Civil,53.74,Mixed,41.84,58.14,Group 5 (Vehicle),0.0,54.26,0.0,0.0,56.33,3.99,41.84,13.02,1.39,39.89,58.9,52.28,46.05,-91,13.0
2026-08-19 03:40:45,Salón - Extremo Eléctrica,14.88,Silence,0.0,15.55,Silence,0.0,0.0,0.0,0.0,0.0,0.0,0.0,0.0,0.0,0.0,15.48,14.77,14.16,-86,9.2
2026-08-19 03:40:54,Salón - Uma Civil,13.25,Silence,0.0,16.31,Silence,0.0,0.0,0.0,0.0,0.0,0.0,0.0,0.0,0.0,0.0,17.42,12.09,9.95,-118,-7.0
2026-08-19 03:41:10,Pasillo Decanato Eléctrica,20.64,Silence,0.0,21.22,Silence,0.0,0.0,0.0,0.0,0.0,0.0,0.0,0.0,0.0,0.0,21.19,20.61,19.99,-113,1.2
2026-08-19 03:41:21,Laboratorios Civil Central,51.7,Mixed,48.63,52.92,Group 2 (Impact),51.16,51.59,0.0,0.0,0.0,31.93,48.63,0.68,4.93,13.62,53.44,51.1,50.31,-119,-9.0
2026-08-19 03:41:24,Laboratorios Eléctrica Inferior,24.51,Silence,0.0,25.25,Silence,0.0,0.0,0.0,0.0,0.0,0.0,0.0,0.0,0.0,0.0,25.29,24.42,23.67,-113,4.5
2026-08-19 03:41:40,Laboratorios Civil Inferior,28.45,Silence,0.0,29.42,Silence,0.0,0.0,0.0,0.0,0.0,0.0,0.0,0.0,0.0,0.0,29.06,28.54,27.18,-120,-3.5
2026-08-19 03:41:41,Lobby Eléctrica,26.28,Silence,0.0,27.26,Silence,0.0,0.0,0.0,0.0,0.0,0.0,0.0,0.0,0.0,0.0,27.31,26.1,25.59,-103,12.0
2026-08-19 03:41:59,Pasillo Salones Eléctrica,30.85,Silence,0.0,31.46,Silence,0.0,0.0,0.0,0.0,0.0,0.0,0.0,0.0,0.0,0.0,31.52,31.04,29.8,-89,12.0
2026-08-19 03:42:09,Salón - Uma Eléctrica,44.54,Silence,0.0,45.16,Silence,0.0,0.0,0.0,0.0,0.0,0.0,0.0,0.0,0.0,0.0,45.08,44.51,43.85,-108,8.8
2026-08-19 03:42:24,Salón - Extremo Civil,13.37,Silence,0.0,14.04,Silence,0.0,0.0,0.0,0.0,0.0,0.0,0.0,0.0,0.0,0.0,13.99,13.48,12.08,-97,12.0
2026-08-19 03:42:35,Pasillo Salones Civil,14.97,Silence,0.0,16.3,Silence,0.0,0.0,0.0,0.0,0.0,0.0,0.0,0.0,0.0,0.0,15.77,14.86,14.32,-102,10.2
2026-08-19 03:42:43,Laboratorios Civil Superior,34.39,Silence,0.0,36.88,Silence,0.0,0.0,0.0,0.0,0.0,0.0,0.0,0.0,0.0,0.0,37.13,34.41,31.82,-108,10.2
2026-08-19 03:43:04,Laboratorios Eléctrica Centro,24.12,Silence,0.0,25.11,Silence,0.0,0.0,0.0,0.0,0.0,0.0,0.0,0.0,0.0,0.0,24.55,24.07,23.66,-117,-10.0
2026-08-19 03:43:56,Laboratorios Eléctrica Superior,12.15,Silence,0.0,12.9,Silence,0.0,0.0,0.0,0.0,0.0,0.0,0.0,0.0,0.0,0.0,13.01,11.92,11.41,-117,-0.2
2026-08-19 03:44:13,Pasillo Decanato Civil,20.62,Silence,0.0,22.88,Silence,0.0,0.0,0.0,0.0,0.0,0.0,0.0,0.0,0.0,0.0,22.77,20.11,18.63,-117,-3.2
2026-08-19 03:44:15,Lobby Civil,40.86,Silence,0.0,44.83,Silence,0.0,0.0,0.0,0.0,0.0,0.0,0.0,0.0,0.0,0.0,45.3,40.48,36.56,-109,10.2
2026-08-19 03:45:45,Salón - Extremo Eléctrica,14.88,Silence,0.0,15.43,Silence,0.0,0.0,0.0,0.0,0.0,0.0,0.0,0.0,0.0,0.0,15.73,14.68,14.04,-89,13.5
2026-08-19 03:45:54,Salón - Uma Civil,10.02,Silence,0.0,10.96,Silence,0.0,0.0,0.0,0.0,0.0,0.0,0.0,0.0,0.0,0.0,11.38,9.78,9.13,-119,-9.0
2026-08-19 03:46:10,Pasillo Decanato Eléctrica,19.85,Silence,0.0,20.58,Silence,0.0,0.0,0.0,0.0,0.0,0.0,0.0,0.0,0.0,0.0,20.52,19.77,19.08,-105,11.0
2026-08-19 03:46:20,Laboratorios Civil Central,49.67,Group 1 (Common),83.77,50.85,Group 1 (Common),49.87,0.0,0.0,0.0,0.0,83.77,0.48,0.13,0.0,15.63,50.99,49.1,48.82,-119,-2.5
2026-08-19 03:46:24,Laboratorios Eléctrica Inferior,23.94,Silence,0.0,24.96,Silence,0.0,0.0,0.0,0.0,0.0,0.0,0.0,0.0,0.0,0.0,24.47,23.98,22.39,-112,1.2
2026-08-19 03:46:40,Laboratorios Civil Inferior,22.93,Silence,0.0,24.67,Silence,0.0,0.0,0.0,0.0,0.0,0.0,0.0,0.0,0.0,0.0,24.6,22.61,21.84,-119,-2.8
2026-08-19 03:46:41,Lobby Eléctrica,26.59,Silence,0.0,27.78,Silence,0.0,0.0,0.0,0.0,0.0,0.0,0.0,0.0,0.0,0.0,27.48,26.7,24.63,-114,2.8
2026-08-19 03:46:59,Pasillo Salones Eléctrica,30.4,Silence,0.0,31.43,Silence,0.0,0.0,0.0,0.0,0.0,0.0,0.0,0.0,0.0,0.0,31.4,30.31,29.51,-100,12.0
2026-08-19 03:47:09,Salón - Uma Eléctrica,43.86,Silence,0.0,44.82,Silence,0.0,0.0,0.0,0.0,0.0,0.0,0.0,0.0,0.0,0.0,44.9,43.7,42.74,-108,8.2
2026-08-19 03:47:24,Salón - Extremo Civil,13.28,Silence,0.0,13.95,Silence,0.0,0.0,0.0,0.0,0.0,0.0,0.0,0.0,0.0,0.0,14.09,13.25,12.44,-97,12.5
2026-08-19 03:47:39,Pasillo Salones Civil,14.98,Silence,0.0,15.46,Silence,0.0,0.0,0.0,0.0,0.0,0.0,0.0,0.0,0.0,0.0,15.49,15.12,14.21,-111,9.2
2026-08-19 03:47:43,Laboratorios Civil Superior,29.84,Silence,0.0,31.75,Silence,0.0,0.0,0.0,0.0,0.0,0.0,0.0,0.0,0.0,0.0,31.53,29.8,28.16,-102,11.8
2026-08-19 03:48:04,Laboratorios Eléctrica Centro,12.07,Silence,0.0,12.66,Silence,0.0,0.0,0.0,0.0,0.0,0.0,0.0,0.0,0.0,0.0,12.73,12.02,11.1,-95,12.0
2026-08-19 03:48:56,Laboratorios Eléctrica Superior,18.47,Silence,0.0,19.49,Silence,0.0,0.0,0.0,0.0,0.0,0.0,0.0,0.0,0.0,0.0,19.67,18.38,17.89,-99,11.2
2026-08-19 03:49:13,Pasillo Decanato Civil,19.26,Silence,0.0,20.16,Silence,0.0,0.0,0.0,0.0,0.0,0.0,0.0,0.0,0.0,0.0,19.74,19.25,18.29,-112,4.0
2026-08-19 03:49:15,Lobby Civil,37.79,Silence,0.0,39.38,Silence,0.0,0.0,0.0,0.0,0.0,0.0,0.0,0.0,0.0,0.0,39.78,37.44,36.82,-108,8.0
2026-08-19 03:50:45,Salón - Extremo Eléctrica,14.4,Silence,0.0,15.18,Silence,0.0,0.0,0.0,0.0,0.0,0.0,0.0,0.0,0.0,0.0,14.82,14.52,13.82,-111,7.2
2026-08-19 03:50:54,Salón - Uma Civil,9.64,Silence,0.0,10.2,Silence,0.0,0.0,0.0,0.0,0.0,0.0,0.0,0.0,0.0,0.0,9.99,9.65,9.28,-119,-9.2
2026-08-19 03:51:10,Pasillo Decanato Eléctrica,19.88,Silence,0.0,20.76,Silence,0.0,0.0,0.0,0.0,0.0,0.0,0.0,0.0,0.0,0.0,20.91,19.7,19.32,-113,-1.2
2026-08-19 03:51:21,Laboratorios Civil Central,50.03,Group 1 (Common),80.99,51.21,Group 1 (Common),50.01,0.0,0.0,0.0,0.0,80.99,0.56,0.91,0.17,17.27,51.29,50.19,48.34,-114,-5.5
2026-08-19 03:51:24,Laboratorios Eléctrica Inferior,22.66,Silence,0.0,23.56,Silence,0.0,0.0,0.0,0.0,0.0,0.0,0.0,0.0,0.0,0.0,23.53,22.82,21.24,-111,7.2
2026-08-19 03:51:40,Laboratorios Civil Inferior,23.62,Silence,0.0,25.0,Silence,0.0,0.0,0.0,0.0,0.0,0.0,0.0,0.0,0.0,0.0,24.57,23.93,21.56,-118,-1.8
2026-08-19 03:51:41,Lobby Eléctrica,31.99,Silence,0.0,32.99,Silence,0.0,0.0,0.0,0.0,0.0,0.0,0.0,0.0,0.0,0.0,33.27,31.76,30.76,-117,0.2
2026-08-19 03:51:59,Pasillo Salones Eléctrica,30.93,Silence,0.0,31.65,Silence,0.0,0.0,0.0,0.0,0.0,0.0,0.0,0.0,0.0,0.0,32.08,30.77,30.17,-118,-2.5
2026-08-19 03:52:09,Salón - Uma Eléctrica,43.88,Silence,0.0,44.84,Silence,0.0,0.0,0.0,0.0,0.0,0.0,0.0,0.0,0.0,0.0,44.75,44.11,42.46,-105,9.5
2026-08-19 03:52:24,Salón - Extremo Civil,13.23,Silence,0.0,13.81,Silence,0.0,0.0,0.0,0.0,0.0,0.0,0.0,0.0,0.0,0.0,13.99,13.09,12.62,-101,13.8
2026-08-19 03:52:35,Pasillo Salones Civil,15.24,Silence,0.0,15.79,Silence,0.0,0.0,0.0,0.0,0.0,0.0,0.0,0.0,0.0,0.0,15.62,15.25,14.8,-107,10.8
2026-08-19 03:52:43,Laboratorios Civil Superior,32.48,Silence,0.0,33.92,Silence,0.0,0.0,0.0,0.0,0.0,0.0,0.0,0.0,0.0,0.0,34.12,32.02,31.14,-107,10.8
2026-08-19 03:53:04,Laboratorios Eléctrica Centro,12.73,Silence,0.0,13.54,Silence,0.0,0.0,0.0,0.0,0.0,0.0,0.0,0.0,0.0,0.0,13.29,12.76,11.77,-102,10.8
2026-08-19 03:53:56,Laboratorios Eléctrica Superior,18.6,Silence,0.0,21.19,Silence,0.0,0.0,0.0,0.0,0.0,0.0,0.0,0.0,0.0,0.0,21.21,19.86,11.75,-103,12.2
2026-08-19 03:54:13,Pasillo Decanato Civil,19.32,Silence,0.0,21.86,Silence,0.0,0.0,0.0,0.0,0.0,0.0,0.0,0.0,0.0,0.0,20.73,19.02,18.22,-113,6.5
2026-08-19 03:54:15,Lobby Civil,36.28,Silence,0.0,39.31,Silence,0.0,0.0,0.0,0.0,0.0,0.0,0.0,0.0,0.0,0.0,39.88,35.71,34.26,-109,9.0
2026-08-19 03:55:45,Salón - Extremo Eléctrica,14.89,Silence,0.0,15.56,Silence,0.0,0.0,0.0,0.0,0.0,0.0,0.0,0.0,0.0,0.0,15.74,14.88,14.08,-113,6.8
2026-08-19 03:55:54,Salón - Uma Civil,12.93,Silence,0.0,15.73,Silence,0.0,0.0,0.0,0.0,0.0,0.0,0.0,0.0,0.0,0.0,16.46,12.37,10.34,-105,9.5
2026-08-19 03:56:10,Pasillo Decanato Eléctrica,20.39,Silence,0.0,21.08,Silence,0.0,0.0,0.0,0.0,0.0,0.0,0.0,0.0,0.0,0.0,21.03,20.28,19.67,-117,1.8
2026-08-19 03:56:21,Laboratorios Civil Central,49.71,Mixed,68.19,50.47,Group 1 (Common),49.73,0.0,0.0,0.0,0.0,68.19,1.56,1.52,0.0,28.52,50.29,49.74,48.89,-117,-7.8
2026-08-19 03:56:24,Laboratorios Eléctrica Inferior,26.79,Silence,0.0,27.79,Silence,0.0,0.0,0.0,0.0,0.0,0.0,0.0,0.0,0.0,0.0,27.85,26.51,26.06,-113,9.0
2026-08-19 03:56:40,Laboratorios Civil Inferior,29.67,Silence,0.0,30.4,Silence,0.0,0.0,0.0,0.0,0.0,0.0,0.0,0.0,0.0,0.0,30.35,29.66,28.98,-119,-10.2
2026-08-19 03:56:41,Lobby Eléctrica,26.24,Silence,0.0,26.87,Silence,0.0,0.0,0.0,0.0,0.0,0.0,0.0,0.0,0.0,0.0,26.59,26.26,25.63,-117,-0.2
2026-08-19 03:56:59,Pasillo Salones Eléctrica,29.99,Silence,0.0,30.55,Silence,0.0,0.0,0.0,0.0,0.0,0.0,0.0,0.0,0.0,0.0,30.7,30.04,28.72,-103,8.8
2026-08-19 03:57:09,Salón - Uma Eléctrica,43.72,Silence,0.0,44.57,Silence,0.0,0.0,0.0,0.0,0.0,0.0,0.0,0.0,0.0,0.0,44.57,43.91,42.99,-114,6.5
2026-08-19 03:57:24,Salón - Extremo Civil,13.99,Silence,0.0,16.24,Silence,0.0,0.0,0.0,0.0,0.0,0.0,0.0,0.0,0.0,0.0,15.37,13.8,13.16,-97,11.5
2026-08-19 03:57:35,Pasillo Salones Civil,16.83,Silence,0.0,20.44,Silence,0.0,0.0,0.0,0.0,0.0,0.0,0.0,0.0,0.0,0.0,20.81,15.88,13.75,-103,11.5
2026-08-19 03:57:43,Laboratorios Civil Superior,32.11,Silence,0.0,32.98,Silence,0.0,0.0,0.0,0.0,0.0,0.0,0.0,0.0,0.0,0.0,33.04,32.01,30.82,-107,9.8
2026-08-19 03:58:04,Laboratorios Eléctrica Centro,23.78,Silence,0.0,24.39,Silence,0.0,0.0,0.0,0.0,0.0,0.0,0.0,0.0,0.0,0.0,24.59,23.78,23.04,-101,11.5
2026-08-19 03:58:56,Laboratorios Eléctrica Superior,11.4,Silence,0.0,12.0,Silence,0.0,0.0,0.0,0.0,0.0,0.0,0.0,0.0,0.0,0.0,11.95,11.35,10.95,-105,11.0
2026-08-19 03:59:13,Pasillo Decanato Civil,19.0,Silence,0.0,19.72,Silence,0.0,0.0,0.0,0.0,0.0,0.0,0.0,0.0,0.0,0.0,19.45,19.15,18.44,-96,12.5
2026-08-19 03:59:15,Lobby Civil,35.13,Silence,0.0,38.13,Silence,0.0,0.0,0.0,0.0,0.0,0.0,0.0,0.0,0.0,0.0,39.17,34.37,33.56,-111,7.0
2026-08-19 04:00:45,Salón - Extremo Eléctrica,14.69,Silence,0.0,15.27,Silence,0.0,0.0,0.0,0.0,0.0,0.0,0.0,0.0,0.0,0.0,15.18,14.75,14.0,-87,12.8
2026-08-19 04:00:54,Salón - Uma Civil,10.96,Silence,0.0,12.02,Silence,0.0,0.0,0.0,0.0,0.0,0.0,0.0,0.0,0.0,0.0,12.03,10.82,10.08,-115,0.2
2026-08-19 04:01:10,Pasillo Decanato Eléctrica,20.04,Silence,0.0,21.16,Silence,0.0,0.0,0.0,0.0,0.0,0.0,0.0,0.0,0.0,0.0,20.98,19.85,19.24,-114,3.0
2026-08-19 04:01:21,Laboratorios Civil Central,50.05,Group 1 (Common),87.33,51.03,Group 1 (Common),49.88,0.0,0.0,0.0,0.0,87.33,0.35,0.09,0.04,12.07,50.83,50.19,48.59,-117,-12.0
2026-08-19 04:01:24,Laboratorios Eléctrica Inferior,21.94,Silence,0.0,22.85,Silence,0.0,0.0,0.0,0.0,0.0,0.0,0.0,0.0,0.0,0.0,23.15,22.14,20.53,-117,-0.5
2026-08-19 04:01:40,Laboratorios Civil Inferior,32.99,Silence,0.0,41.1,Silence,0.0,0.0,0.0,0.0,0.0,0.0,0.0,0.0,0.0,0.0,43.28,27.85,24.18,-93,3.0
2026-08-19 04:01:41,Lobby Eléctrica,24.29,Silence,0.0,25.15,Silence,0.0,0.0,0.0,0.0,0.0,0.0,0.0,0.0,0.0,0.0,25.02,24.36,23.34,-99,11.8
2026-08-19 04:01:59,Pasillo Salones Eléctrica,31.19,Silence,0.0,32.5,Silence,0.0,0.0,0.0,0.0,0.0,0.0,0.0,0.0,0.0,0.0,32.8,30.63,30.36,-91,12.2
2026-08-19 04:02:09,Salón - Uma Eléctrica,43.93,Silence,0.0,44.88,Silence,0.0,0.0,0.0,0.0,0.0,0.0,0.0,0.0,0.0,0.0,45.27,43.91,43.2,-112,6.5
2026-08-19 04:02:24,Salón - Extremo Civil,16.65,Silence,0.0,18.35,Silence,0.0,0.0,0.0,0.0,0.0,0.0,0.0,0.0,0.0,0.0,18.49,16.24,15.5,-87,12.5
2026-08-19 04:02:35,Pasillo Salones Civil,15.16,Silence,0.0,15.85,Silence,0.0,0.0,0.0,0.0,0.0,0.0,0.0,0.0,0.0,0.0,15.89,15.31,14.1,-119,-2.5
2026-08-19 04:02:43,Laboratorios Civil Superior,32.81,Silence,0.0,34.34,Silence,0.0,0.0,0.0,0.0,0.0,0.0,0.0,0.0,0.0,0.0,34.67,32.14,31.11,-107,-2.5
2026-08-19 04:03:04,Laboratorios Eléctrica Centro,13.33,Silence,0.0,14.97,Silence,0.0,0.0,0.0,0.0,0.0,0.0,0.0,0.0,0.0,0.0,15.07,12.8,12.25,-117,-6.0
2026-08-19 04:03:56,Laboratorios Eléctrica Superior,18.94,Silence,0.0,19.91,Silence,0.0,0.0,0.0,0.0,0.0,0.0,0.0,0.0,0.0,0.0,19.9,18.93,17.98,-115,4.8
2026-08-19 04:04:13,Pasillo Decanato Civil,19.1,Silence,0.0,20.01,Silence,0.0,0.0,0.0,0.0,0.0,0.0,0.0,0.0,0.0,0.0,19.91,19.14,17.83,-103,12.2
2026-08-19 04:04:15,Lobby Civil,36.67,Silence,0.0,38.62,Silence,0.0,0.0,0.0,0.0,0.0,0.0,0.0,0.0,0.0,0.0,39.49,36.15,34.81,-107,7.5
2026-08-19 04:05:45,Salón - Extremo Eléctrica,14.92,Silence,0.0,15.63,Silence,0.0,0.0,0.0,0.0,0.0,0.0,0.0,0.0,0.0,0.0,15.75,15.06,13.93,-91,13.0
2026-08-19 04:05:54,Salón - Uma Civil,11.96,Silence,0.0,12.92,Silence,0.0,0.0,0.0,0.0,0.0,0.0,0.0,0.0,0.0,0.0,13.26,11.91,10.91,-119,-13.0
2026-08-19 04:06:10,Pasillo Decanato Eléctrica,19.73,Silence,0.0,20.53,Silence,0.0,0.0,0.0,0.0,0.0,0.0,0.0,0.0,0.0,0.0,20.26,19.69,19.33,-105,-4.5
2026-08-19 04:06:21,Laboratorios Civil Central,50.44,Group 1 (Common),94.62,51.32,Group 1 (Common),50.43,0.0,0.0,0.0,0.0,94.62,0.43,0.0,0.22,4.86,51.69,50.46,48.51,-119,-9.5
2026-08-19 04:06:24,Laboratorios Eléctrica Inferior,25.7,Silence,0.0,26.24,Silence,0.0,0.0,0.0,0.0,0.0,0.0,0.0,0.0,0.0,0.0,26.42,25.6,25.0,-115,3.0
2026-08-19 04:06:40,Laboratorios Civil Inferior,32.68,Silence,0.0,33.24,Silence,0.0,0.0,0.0,0.0,0.0,0.0,0.0,0.0,0.0,0.0,33.36,32.79,31.88,-119,-6.8
2026-08-19 04:06:41,Lobby Eléctrica,30.28,Silence,0.0,31.4,Silence,0.0,0.0,0.0,0.0,0.0,0.0,0.0,0.0,0.0,0.0,31.83,30.21,29.4,-115,1.5
2026-08-19 04:06:59,Pasillo Salones Eléctrica,30.58,Silence,0.0,31.55,Silence,0.0,0.0,0.0,0.0,0.0,0.0,0.0,0.0,0.0,0.0,31.42,30.5,29.64,-93,11.5
2026-08-19 04:07:09,Salón - Uma Eléctrica,44.45,Silence,0.0,45.15,Silence,0.0,0.0,0.0,0.0,0.0,0.0,0.0,0.0,0.0,0.0,44.93,44.52,43.73,-109,7.8
2026-08-19 04:07:24,Salón - Extremo Civil,13.17,Silence,0.0,13.66,Silence,0.0,0.0,0.0,0.0,0.0,0.0,0.0,0.0,0.0,0.0,13.59,13.25,12.75,-95,11.0
2026-08-19 04:07:35,Pasillo Salones Civil,16.13,Silence,0.0,17.25,Silence,0.0,0.0,0.0,0.0,0.0,0.0,0.0,0.0,0.0,0.0,16.76,16.16,15.34,-107,10.8
2026-08-19 04:07:43,Laboratorios Civil Superior,32.72,Silence,0.0,34.09,Silence,0.0,0.0,0.0,0.0,0.0,0.0,0.0,0.0,0.0,0.0,33.99,32.57,31.82,-113,5.0
2026-08-19 04:08:04,Laboratorios Eléctrica Centro,25.63,Silence,0.0,26.46,Silence,0.0,0.0,0.0,0.0,0.0,0.0,0.0,0.0,0.0,0.0,26.41,25.67,24.87,-107,11.8
2026-08-19 04:08:56,Laboratorios Eléctrica Superior,11.39,Silence,0.0,12.16,Silence,0.0,0.0,0.0,0.0,0.0,0.0,0.0,0.0,0.0,0.0,11.85,11.25,11.02,-115,2.2
2026-08-19 04:09:13,Pasillo Decanato Civil,18.85,Silence,0.0,19.63,Silence,0.0,0.0,0.0,0.0,0.0,0.0,0.0,0.0,0.0,0.0,19.76,18.9,17.74,-105,3.0
2026-08-19 04:09:15,Lobby Civil,46.3,Group 2 (Impact),73.39,49.95,Group 2 (Impact),0.0,44.87,0.0,0.0,44.36,0.52,73.39,7.34,3.08,15.63,50.85,46.13,38.27,-108,8.5
2026-08-19 04:10:45,Salón - Extremo Eléctrica,15.23,Silence,0.0,16.23,Silence,0.0,0.0,0.0,0.0,0.0,0.0,0.0,0.0,0.0,0.0,16.6,15.18,14.44,-111,6.5
2026-08-19 04:10:54,Salón - Uma Civil,12.35,Silence,0.0,13.33,Silence,0.0,0.0,0.0,0.0,0.0,0.0,0.0,0.0,0.0,0.0,13.6,12.2,11.61,-103,11.8
2026-08-19 04:11:10,Pasillo Decanato Eléctrica,20.87,Silence,0.0,22.87,Silence,0.0,0.0,0.0,0.0,0.0,0.0,0.0,0.0,0.0,0.0,23.06,20.47,20.08,-105,11.0
2026-08-19 04:11:21,Laboratorios Civil Central,50.31,Group 1 (Common),85.42,51.5,Group 1 (Common),50.25,0.0,0.0,0.0,0.0,85.42,0.13,0.13,0.04,14.11,51.65,50.02,48.65,-103,11.0
2026-08-19 04:11:24,Laboratorios Eléctrica Inferior,22.82,Silence,0.0,23.51,Silence,0.0,0.0,0.0,0.0,0.0,0.0,0.0,0.0,0.0,0.0,23.25,22.88,22.44,-115,-0.2
2026-08-19 04:11:40,Laboratorios Civil Inferior,22.75,Silence,0.0,24.03,Silence,0.0,0.0,0.0,0.0,0.0,0.0,0.0,0.0,0.0,0.0,24.02,22.73,20.19,-120,-6.8
2026-08-19 04:11:41,Lobby Eléctrica,23.34,Silence,0.0,24.14,Silence,0.0,0.0,0.0,0.0,0.0,0.0,0.0,0.0,0.0,0.0,23.9,23.32,22.26,-103,11.2
2026-08-19 04:11:59,Pasillo Salones Eléctrica,30.43,Silence,0.0,31.55,Silence,0.0,0.0,0.0,0.0,0.0,0.0,0.0,0.0,0.0,0.0,31.17,30.46,29.64,-95,12.2
2026-08-19 04:12:09,Salón - Uma Eléctrica,44.79,Silence,0.0,45.45,Silence,0.0,0.0,0.0,0.0,0.0,0.0,0.0,0.0,0.0,0.0,45.34,45.05,43.81,-111,6.2
2026-08-19 04:12:24,Salón - Extremo Civil,13.19,Silence,0.0,13.95,Silence,0.0,0.0,0.0,0.0,0.0,0.0,0.0,0.0,0.0,0.0,14.13,13.22,12.17,-96,8.8
2026-08-19 04:12:35,Pasillo Salones Civil,14.58,Silence,0.0,15.18,Silence,0.0,0.0,0.0,0.0,0.0,0.0,0.0,0.0,0.0,0.0,15.17,14.52,14.24,-117,-3.0
2026-08-19 04:12:43,Laboratorios Civil Superior,34.0,Silence,0.0,35.67,Silence,0.0,0.0,0.0,0.0,0.0,0.0,0.0,0.0,0.0,0.0,35.53,34.11,32.19,-113,6.5
2026-08-19 04:13:04,Laboratorios Eléctrica Centro,24.64,Silence,0.0,25.59,Silence,0.0,0.0,0.0,0.0,0.0,0.0,0.0,0.0,0.0,0.0,25.52,24.5,23.72,-99,11.8
2026-08-19 04:13:56,Laboratorios Eléctrica Superior,19.5,Silence,0.0,20.42,Silence,0.0,0.0,0.0,0.0,0.0,0.0,0.0,0.0,0.0,0.0,21.07,19.3,18.57,-105,11.5
2026-08-19 04:14:13,Pasillo Decanato Civil,18.71,Silence,0.0,19.47,Silence,0.0,0.0,0.0,0.0,0.0,0.0,0.0,0.0,0.0,0.0,19.38,18.74,17.96,-112,5.2
2026-08-19 04:14:15,Lobby Civil,38.98,Silence,0.0,40.5,Silence,0.0,0.0,0.0,0.0,0.0,0.0,0.0,0.0,0.0,0.0,41.13,39.13,36.19,-95,12.5
2026-08-19 04:15:45,Salón - Extremo Eléctrica,14.77,Silence,0.0,15.68,Silence,0.0,0.0,0.0,0.0,0.0,0.0,0.0,0.0,0.0,0.0,15.26,14.75,14.01,-85,12.5
2026-08-19 04:15:54,Salón - Uma Civil,20.06,Silence,0.0,32.09,Silence,0.0,0.0,0.0,0.0,0.0,0.0,0.0,0.0,0.0,0.0,29.16,16.14,13.02,-117,5.2
2026-08-19 04:16:10,Pasillo Decanato Eléctrica,20.08,Silence,0.0,21.16,Silence,0.0,0.0,0.0,0.0,0.0,0.0,0.0,0.0,0.0,0.0,21.19,20.08,18.79,-114,3.5
2026-08-19 04:16:21,Laboratorios Civil Central,50.0,Group 1 (Common),86.59,51.4,Group 1 (Common),49.86,0.0,0.0,0.0,0.0,86.59,0.35,0.13,0.04,12.89,51.77,49.92,48.79,-105,12.0
2026-08-19 04:16:24,Laboratorios Eléctrica Inferior,24.15,Silence,0.0,24.87,Silence,0.0,0.0,0.0,0.0,0.0,0.0,0.0,0.0,0.0,0.0,24.93,23.86,23.6,-115,1.2
2026-08-19 04:16:40,Laboratorios Civil Inferior,22.54,Silence,0.0,24.64,Silence,0.0,0.0,0.0,0.0,0.0,0.0,0.0,0.0,0.0,0.0,23.67,22.6,21.09,-118,-2.8
2026-08-19 04:16:41,Lobby Eléctrica,22.98,Silence,0.0,23.98,Silence,0.0,0.0,0.0,0.0,0.0,0.0,0.0,0.0,0.0,0.0,24.09,22.99,21.98,-94,11.8
2026-08-19 04:16:59,Pasillo Salones Eléctrica,30.99,Silence,0.0,32.24,Silence,0.0,0.0,0.0,0.0,0.0,0.0,0.0,0.0,0.0,0.0,32.02,30.87,30.48,-99,11.8
2026-08-19 04:17:09,Salón - Uma Eléctrica,44.27,Silence,0.0,44.88,Silence,0.0,0.0,0.0,0.0,0.0,0.0,0.0,0.0,0.0,0.0,44.65,44.2,43.83,-114,2.5
2026-08-19 04:17:24,Salón - Extremo Civil,13.33,Silence,0.0,13.9,Silence,0.0,0.0,0.0,0.0,0.0,0.0,0.0,0.0,0.0,0.0,14.07,13.2,12.91,-85,12.2
2026-08-19 04:17:35,Pasillo Salones Civil,14.15,Silence,0.0,14.82,Silence,0.0,0.0,0.0,0.0,0.0,0.0,0.0,0.0,0.0,0.0,14.74,14.14,13.3,-117,-1.8
2026-08-19 04:17:43,Laboratorios Civil Superior,32.29,Silence,0.0,33.67,Silence,0.0,0.0,0.0,0.0,0.0,0.0,0.0,0.0,0.0,0.0,33.58,32.2,29.96,-109,9.8
2026-08-19 04:18:04,Laboratorios Eléctrica Centro,12.5,Silence,0.0,13.34,Silence,0.0,0.0,0.0,0.0,0.0,0.0,0.0,0.0,0.0,0.0,13.28,12.29,11.82,-117,-7.5
2026-08-19 04:19:13,Pasillo Decanato Civil,21.11,Silence,0.0,22.12,Silence,0.0,0.0,0.0,0.0,0.0,0.0,0.0,0.0,0.0,0.0,21.91,21.22,20.18,-115,1.0
2026-08-19 04:19:19,Lobby Civil,51.56,Mixed,46.74,54.58,Group 2 (Impact),52.32,52.75,0.0,0.0,51.75,11.46,46.74,3.21,5.64,32.81,55.63,50.62,47.47,-91,11.8
2026-08-19 04:20:45,Salón - Extremo Eléctrica,14.98,Silence,0.0,15.49,Silence,0.0,0.0,0.0,0.0,0.0,0.0,0.0,0.0,0.0,0.0,15.36,14.9,14.63,-111,7.2
2026-08-19 04:20:54,Salón - Uma Civil,10.6,Silence,0.0,11.21,Silence,0.0,0.0,0.0,0.0,0.0,0.0,0.0,0.0,0.0,0.0,11.26,10.61,9.69,-101,12.0
2026-08-19 04:21:10,Pasillo Decanato Eléctrica,19.77,Silence,0.0,20.89,Silence,0.0,0.0,0.0,0.0,0.0,0.0,0.0,0.0,0.0,0.0,20.39,19.88,18.55,-108,11.0
2026-08-19 04:21:21,Laboratorios Civil Central,50.48,Group 1 (Common),89.26,52.53,Group 1 (Common),50.36,0.0,0.0,0.0,0.0,89.26,0.1,0.0,0.0,10.55,52.26,49.98,48.35,-102,10.8
2026-08-19 04:21:24,Laboratorios Eléctrica Inferior,25.35,Silence,0.0,26.41,Silence,0.0,0.0,0.0,0.0,0.0,0.0,0.0,0.0,0.0,0.0,26.46,25.32,24.27,-117,1.5
2026-08-19 04:21:40,Laboratorios Civil Inferior,30.76,Silence,0.0,31.63,Silence,0.0,0.0,0.0,0.0,0.0,0.0,0.0,0.0,0.0,0.0,31.58,30.88,30.11,-119,-7.5
2026-08-19 04:21:41,Lobby Eléctrica,29.64,Silence,0.0,30.78,Silence,0.0,0.0,0.0,0.0,0.0,0.0,0.0,0.0,0.0,0.0,30.42,29.64,28.72,-117,-0.2
2026-08-19 04:21:59,Pasillo Salones Eléctrica,30.59,Silence,0.0,31.41,Silence,0.0,0.0,0.0,0.0,0.0,0.0,0.0,0.0,0.0,0.0,31.14,30.57,29.88,-89,11.8
2026-08-19 04:22:09,Salón - Uma Eléctrica,69.2,Mixed,45.27,72.97,Group 1 (Common),71.65,53.36,0.0,0.0,64.14,45.27,40.71,0.87,1.22,11.98,73.58,68.65,46.95,-107,7.2
2026-08-19 04:22:24,Salón - Extremo Civil,13.81,Silence,0.0,14.21,Silence,0.0,0.0,0.0,0.0,0.0,0.0,0.0,0.0,0.0,0.0,14.29,13.76,13.26,-101,12.2
2026-08-19 04:22:35,Pasillo Salones Civil,15.02,Silence,0.0,15.6,Silence,0.0,0.0,0.0,0.0,0.0,0.0,0.0,0.0,0.0,0.0,15.73,15.01,13.94,-103,10.2
2026-08-19 04:22:43,Laboratorios Civil Superior,31.87,Silence,0.0,33.17,Silence,0.0,0.0,0.0,0.0,0.0,0.0,0.0,0.0,0.0,0.0,33.33,31.57,31.17,-106,9.2
2026-08-19 04:23:04,Laboratorios Eléctrica Centro,17.18,Silence,0.0,23.9,Silence,0.0,0.0,0.0,0.0,0.0,0.0,0.0,0.0,0.0,0.0,22.17,15.28,13.6,-105,9.0
2026-08-19 04:23:56,Laboratorios Eléctrica Superior,12.1,Silence,0.0,13.12,Silence,0.0,0.0,0.0,0.0,0.0,0.0,0.0,0.0,0.0,0.0,12.86,12.22,11.29,-103,11.2
2026-08-19 04:24:13,Pasillo Decanato Civil,19.47,Silence,0.0,20.18,Silence,0.0,0.0,0.0,0.0,0.0,0.0,0.0,0.0,0.0,0.0,20.39,19.34,18.9,-117,0.8
2026-08-19 04:24:15,Lobby Civil,38.29,Silence,0.0,40.44,Silence,0.0,0.0,0.0,0.0,0.0,0.0,0.0,0.0,0.0,0.0,41.14,38.14,36.48,-90,11.8
2026-08-19 04:25:45,Salón - Extremo Eléctrica,15.62,Silence,0.0,21.65,Silence,0.0,0.0,0.0,0.0,0.0,0.0,0.0,0.0,0.0,0.0,17.86,15.2,14.42,-109,6.5
2026-08-19 04:25:55,Salón - Uma Civil,17.77,Silence,0.0,21.72,Silence,0.0,0.0,0.0,0.0,0.0,0.0,0.0,0.0,0.0,0.0,22.35,17.45,11.03,-118,-8.5
2026-08-19 04:26:10,Pasillo Decanato Eléctrica,20.01,Silence,0.0,20.99,Silence,0.0,0.0,0.0,0.0,0.0,0.0,0.0,0.0,0.0,0.0,21.13,20.07,18.96,-105,11.0
2026-08-19 04:26:21,Laboratorios Civil Central,49.61,Group 1 (Common),84.24,50.76,Group 1 (Common),49.78,0.0,0.0,0.0,0.0,84.24,2.13,0.0,0.39,13.15,50.8,49.66,48.11,-107,12.0
2026-08-19 04:26:24,Laboratorios Eléctrica Inferior,22.21,Silence,0.0,22.79,Silence,0.0,0.0,0.0,0.0,0.0,0.0,0.0,0.0,0.0,0.0,22.59,22.38,20.99,-117,-1.8
2026-08-19 04:26:40,Laboratorios Civil Inferior,22.95,Silence,0.0,24.55,Silence,0.0,0.0,0.0,0.0,0.0,0.0,0.0,0.0,0.0,0.0,24.88,22.77,21.07,-120,-10.2
2026-08-19 04:26:41,Lobby Eléctrica,48.06,Mixed,59.81,51.65,Group 1 (Common),47.64,42.8,0.0,0.0,0.0,59.81,34.2,0.0,2.13,3.82,51.86,47.09,41.96,-97,12.8
2026-08-19 04:26:59,Pasillo Salones Eléctrica,31.74,Silence,0.0,33.58,Silence,0.0,0.0,0.0,0.0,0.0,0.0,0.0,0.0,0.0,0.0,33.9,31.42,30.38,-119,-3.5
2026-08-19 04:27:09,Salón - Uma Eléctrica,50.23,Group 2 (Impact),94.44,59.34,Group 2 (Impact),0.0,45.08,0.0,0.0,0.0,4.95,94.44,0.0,0.48,0.17,59.84,44.89,44.25,-110,6.0
2026-08-19 04:27:24,Salón - Extremo Civil,13.07,Silence,0.0,13.74,Silence,0.0,0.0,0.0,0.0,0.0,0.0,0.0,0.0,0.0,0.0,13.75,13.05,12.39,-99,13.0
2026-08-19 04:27:35,Pasillo Salones Civil,14.67,Silence,0.0,15.15,Silence,0.0,0.0,0.0,0.0,0.0,0.0,0.0,0.0,0.0,0.0,15.2,14.75,13.87,-119,-5.0
2026-08-19 04:27:43,Laboratorios Civil Superior,31.47,Silence,0.0,33.42,Silence,0.0,0.0,0.0,0.0,0.0,0.0,0.0,0.0,0.0,0.0,33.13,31.15,29.75,-107,7.8
2026-08-19 04:28:04,Laboratorios Eléctrica Centro,11.45,Silence,0.0,12.59,Silence,0.0,0.0,0.0,0.0,0.0,0.0,0.0,0.0,0.0,0.0,11.92,11.44,11.02,-102,11.5
2026-08-19 04:28:56,Laboratorios Eléctrica Superior,12.48,Silence,0.0,13.35,Silence,0.0,0.0,0.0,0.0,0.0,0.0,0.0,0.0,0.0,0.0,13.02,12.53,11.67,-115,2.5
2026-08-19 04:29:13,Pasillo Decanato Civil,20.17,Silence,0.0,21.32,Silence,0.0,0.0,0.0,0.0,0.0,0.0,0.0,0.0,0.0,0.0,20.87,19.97,18.95,-113,8.5
2026-08-19 04:29:15,Lobby Civil,45.2,Mixed,37.02,47.46,Group 5 (Vehicle),45.37,44.32,0.0,0.0,46.16,26.87,37.02,0.09,1.43,34.42,47.32,44.66,42.72,-111,8.5
2026-08-19 04:30:45,Salón - Extremo Eléctrica,14.85,Silence,0.0,15.44,Silence,0.0,0.0,0.0,0.0,0.0,0.0,0.0,0.0,0.0,0.0,15.68,14.85,14.21,-89,12.5
2026-08-19 04:30:55,Salón - Uma Civil,12.12,Silence,0.0,13.5,Silence,0.0,0.0,0.0,0.0,0.0,0.0,0.0,0.0,0.0,0.0,13.41,12.14,10.72,-120,-5.5
2026-08-19 04:31:10,Pasillo Decanato Eléctrica,19.89,Silence,0.0,20.81,Silence,0.0,0.0,0.0,0.0,0.0,0.0,0.0,0.0,0.0,0.0,20.66,19.79,18.77,-117,-5.8
2026-08-19 04:31:21,Laboratorios Civil Central,50.7,Group 1 (Common),76.74,51.81,Group 1 (Common),50.74,0.0,0.0,0.0,50.8,76.74,0.13,0.0,0.0,23.09,51.53,50.69,49.94,-101,9.2
2026-08-19 04:31:24,Laboratorios Eléctrica Inferior,23.92,Silence,0.0,24.62,Silence,0.0,0.0,0.0,0.0,0.0,0.0,0.0,0.0,0.0,0.0,24.67,23.96,23.15,-115,-1.2
2026-08-19 04:31:40,Laboratorios Civil Inferior,32.05,Silence,0.0,32.82,Silence,0.0,0.0,0.0,0.0,0.0,0.0,0.0,0.0,0.0,0.0,32.53,31.94,31.58,-119,-8.2
2026-08-19 04:31:41,Lobby Eléctrica,25.45,Silence,0.0,26.09,Silence,0.0,0.0,0.0,0.0,0.0,0.0,0.0,0.0,0.0,0.0,26.22,25.39,24.34,-105,12.2
2026-08-19 04:31:59,Pasillo Salones Eléctrica,30.43,Silence,0.0,31.14,Silence,0.0,0.0,0.0,0.0,0.0,0.0,0.0,0.0,0.0,0.0,31.51,29.87,29.45,-107,11.5
2026-08-19 04:32:09,Salón - Uma Eléctrica,44.28,Silence,0.0,44.87,Silence,0.0,0.0,0.0,0.0,0.0,0.0,0.0,0.0,0.0,0.0,44.85,44.27,43.44,-115,6.5
2026-08-19 04:32:24,Salón - Extremo Civil,13.25,Silence,0.0,13.79,Silence,0.0,0.0,0.0,0.0,0.0,0.0,0.0,0.0,0.0,0.0,14.01,13.23,12.8,-89,12.2
2026-08-19 04:32:35,Pasillo Salones Civil,14.08,Silence,0.0,14.93,Silence,0.0,0.0,0.0,0.0,0.0,0.0,0.0,0.0,0.0,0.0,14.9,14.2,13.44,-111,4.5
2026-08-19 04:32:43,Laboratorios Civil Superior,31.84,Silence,0.0,33.26,Silence,0.0,0.0,0.0,0.0,0.0,0.0,0.0,0.0,0.0,0.0,33.79,31.79,29.67,-117,2.0
2026-08-19 04:33:05,Laboratorios Eléctrica Centro,11.33,Silence,0.0,12.19,Silence,0.0,0.0,0.0,0.0,0.0,0.0,0.0,0.0,0.0,0.0,12.23,11.21,10.78,-97,9.5
2026-08-19 04:33:56,Laboratorios Eléctrica Superior,11.46,Silence,0.0,12.39,Silence,0.0,0.0,0.0,0.0,0.0,0.0,0.0,0.0,0.0,0.0,12.32,11.36,11.01,-114,-2.5
2026-08-19 04:34:13,Pasillo Decanato Civil,19.54,Silence,0.0,20.66,Silence,0.0,0.0,0.0,0.0,0.0,0.0,0.0,0.0,0.0,0.0,20.9,19.11,18.73,-119,0.2
2026-08-19 04:34:15,Lobby Civil,36.78,Silence,0.0,39.07,Silence,0.0,0.0,0.0,0.0,0.0,0.0,0.0,0.0,0.0,0.0,38.87,35.68,34.39,-101,11.0
2026-08-19 04:35:45,Salón - Extremo Eléctrica,15.19,Silence,0.0,15.92,Silence,0.0,0.0,0.0,0.0,0.0,0.0,0.0,0.0,0.0,0.0,15.82,15.25,14.59,-109,2.2
2026-08-19 04:35:55,Salón - Uma Civil,11.27,Silence,0.0,12.01,Silence,0.0,0.0,0.0,0.0,0.0,0.0,0.0,0.0,0.0,0.0,11.99,11.23,10.47,-119,-11.8
2026-08-19 04:36:10,Pasillo Decanato Eléctrica,19.9,Silence,0.0,20.89,Silence,0.0,0.0,0.0,0.0,0.0,0.0,0.0,0.0,0.0,0.0,20.87,19.71,18.94,-115,4.0
2026-08-19 04:36:21,Laboratorios Civil Central,49.39,Group 1 (Common),82.29,52.32,Group 1 (Common),49.58,0.0,0.0,0.0,0.0,82.29,0.52,0.48,0.0,16.58,52.48,49.28,46.8,-119,-11.8
2026-08-19 04:36:24,Laboratorios Eléctrica Inferior,22.14,Silence,0.0,22.81,Silence,0.0,0.0,0.0,0.0,0.0,0.0,0.0,0.0,0.0,0.0,22.87,22.1,21.2,-115,-1.0
2026-08-19 04:36:40,Laboratorios Civil Inferior,23.57,Silence,0.0,24.34,Silence,0.0,0.0,0.0,0.0,0.0,0.0,0.0,0.0,0.0,0.0,24.39,23.71,22.03,-119,-2.2
2026-08-19 04:36:41,Lobby Eléctrica,30.06,Silence,0.0,30.87,Silence,0.0,0.0,0.0,0.0,0.0,0.0,0.0,0.0,0.0,0.0,30.46,30.13,29.5,-114,3.2
2026-08-19 04:36:59,Pasillo Salones Eléctrica,30.35,Silence,0.0,31.16,Silence,0.0,0.0,0.0,0.0,0.0,0.0,0.0,0.0,0.0,0.0,31.38,30.46,29.42,-117,-2.8
2026-08-19 04:37:09,Salón - Uma Eléctrica,44.48,Silence,0.0,45.04,Silence,0.0,0.0,0.0,0.0,0.0,0.0,0.0,0.0,0.0,0.0,45.11,44.43,43.81,-111,8.8
2026-08-19 04:37:24,Salón - Extremo Civil,13.39,Silence,0.0,13.98,Silence,0.0,0.0,0.0,0.0,0.0,0.0,0.0,0.0,0.0,0.0,14.07,13.26,12.95,-83,9.8
2026-08-19 04:37:35,Pasillo Salones Civil,21.72,Silence,0.0,22.36,Silence,0.0,0.0,0.0,0.0,0.0,0.0,0.0,0.0,0.0,0.0,22.4,21.71,21.01,-118,-3.2
2026-08-19 04:37:43,Laboratorios Civil Superior,35.99,Silence,0.0,36.51,Silence,0.0,0.0,0.0,0.0,0.0,0.0,0.0,0.0,0.0,0.0,36.27,35.92,35.63,-107,4.0
2026-08-19 04:38:05,Laboratorios Eléctrica Centro,24.55,Silence,0.0,25.32,Silence,0.0,0.0,0.0,0.0,0.0,0.0,0.0,0.0,0.0,0.0,25.36,24.64,23.73,-105,11.0
2026-08-19 04:38:56,Laboratorios Eléctrica Superior,18.48,Silence,0.0,19.41,Silence,0.0,0.0,0.0,0.0,0.0,0.0,0.0,0.0,0.0,0.0,19.6,18.31,17.77,-107,10.0
2026-08-19 04:39:13,Pasillo Decanato Civil,19.82,Silence,0.0,20.76,Silence,0.0,0.0,0.0,0.0,0.0,0.0,0.0,0.0,0.0,0.0,20.68,19.79,19.24,-117,1.2
2026-08-19 04:39:15,Lobby Civil,47.29,Mixed,52.05,48.5,Group 1 (Common),47.03,46.76,0.0,0.0,0.0,41.26,52.05,1.32,1.32,4.3,48.61,46.87,46.05,-111,10.0
2026-08-19 04:40:45,Salón - Extremo Eléctrica,15.1,Silence,0.0,15.75,Silence,0.0,0.0,0.0,0.0,0.0,0.0,0.0,0.0,0.0,0.0,15.78,15.16,13.98,-93,13.5
2026-08-19 04:40:55,Salón - Uma Civil,10.89,Silence,0.0,11.38,Silence,0.0,0.0,0.0,0.0,0.0,0.0,0.0,0.0,0.0,0.0,11.43,10.97,10.16,-99,11.5
2026-08-19 04:41:10,Pasillo Decanato Eléctrica,19.98,Silence,0.0,20.75,Silence,0.0,0.0,0.0,0.0,0.0,0.0,0.0,0.0,0.0,0.0,20.79,19.9,18.96,-115,2.8
2026-08-19 04:41:21,Laboratorios Civil Central,49.88,Group 1 (Common),79.6,50.68,Group 1 (Common),49.9,0.0,0.0,0.0,0.0,79.6,5.9,0.0,0.48,14.02,50.72,49.96,48.98,-100,11.0
2026-08-19 04:41:25,Laboratorios Eléctrica Inferior,22.46,Silence,0.0,23.14,Silence,0.0,0.0,0.0,0.0,0.0,0.0,0.0,0.0,0.0,0.0,23.32,22.38,21.62,-120,-4.8
2026-08-19 04:41:40,Laboratorios Civil Inferior,28.91,Silence,0.0,38.16,Silence,0.0,0.0,0.0,0.0,0.0,0.0,0.0,0.0,0.0,0.0,34.46,24.91,24.21,-121,-8.8
2026-08-19 04:41:41,Lobby Eléctrica,55.24,Group 2 (Impact),98.09,60.68,Group 2 (Impact),0.0,55.12,0.0,0.0,0.0,0.0,98.09,0.17,0.0,1.39,62.43,46.61,39.43,-103,11.2
2026-08-19 04:41:59,Pasillo Salones Eléctrica,31.41,Silence,0.0,32.65,Silence,0.0,0.0,0.0,0.0,0.0,0.0,0.0,0.0,0.0,0.0,32.46,31.22,30.49,-101,9.5
2026-08-19 04:42:09,Salón - Uma Eléctrica,43.95,Silence,0.0,45.46,Silence,0.0,0.0,0.0,0.0,0.0,0.0,0.0,0.0,0.0,0.0,44.99,43.96,43.21,-108,7.5
2026-08-19 04:42:35,Pasillo Salones Civil,15.01,Silence,0.0,15.57,Silence,0.0,0.0,0.0,0.0,0.0,0.0,0.0,0.0,0.0,0.0,15.44,15.15,14.01,-115,5.2
2026-08-19 04:42:43,Laboratorios Civil Superior,29.8,Silence,0.0,33.42,Silence,0.0,0.0,0.0,0.0,0.0,0.0,0.0,0.0,0.0,0.0,31.04,29.65,28.03,-113,5.5
2026-08-19 04:43:05,Laboratorios Eléctrica Centro,22.51,Silence,0.0,28.96,Silence,0.0,0.0,0.0,0.0,0.0,0.0,0.0,0.0,0.0,0.0,29.8,13.34,12.54,-101,13.5
2026-08-19 04:43:56,Laboratorios Eléctrica Superior,12.78,Silence,0.0,13.38,Silence,0.0,0.0,0.0,0.0,0.0,0.0,0.0,0.0,0.0,0.0,13.05,12.75,12.46,-105,11.5
2026-08-19 04:44:13,Pasillo Decanato Civil,20.16,Silence,0.0,21.88,Silence,0.0,0.0,0.0,0.0,0.0,0.0,0.0,0.0,0.0,0.0,21.06,20.08,19.75,-113,-2.0
2026-08-19 04:44:15,Lobby Civil,52.2,Group 1 (Common),93.31,55.23,Group 1 (Common),52.26,0.0,0.0,0.0,0.0,93.31,3.61,0.0,0.49,2.78,56.33,50.63,47.88,-108,6.5
2026-08-19 04:45:45,Salón - Extremo Eléctrica,14.99,Silence,0.0,15.65,Silence,0.0,0.0,0.0,0.0,0.0,0.0,0.0,0.0,0.0,0.0,15.77,14.83,14.28,-114,7.0
2026-08-19 04:45:55,Salón - Uma Civil,10.58,Silence,0.0,11.53,Silence,0.0,0.0,0.0,0.0,0.0,0.0,0.0,0.0,0.0,0.0,11.35,10.48,9.66,-119,-4.8
2026-08-19 04:46:10,Pasillo Decanato Eléctrica,19.56,Silence,0.0,20.46,Silence,0.0,0.0,0.0,0.0,0.0,0.0,0.0,0.0,0.0,0.0,20.22,19.56,18.62,-105,-3.8
2026-08-19 04:46:21,Laboratorios Civil Central,54.09,Group 1 (Common),96.31,56.45,Group 1 (Common),53.89,0.0,0.0,0.0,0.0,96.31,0.65,0.65,0.17,2.04,56.75,52.96,51.26,-103,11.2
2026-08-19 04:46:26,Laboratorios Eléctrica Inferior,23.36,Silence,0.0,24.05,Silence,0.0,0.0,0.0,0.0,0.0,0.0,0.0,0.0,0.0,0.0,24.09,23.2,22.55,-119,-4.8
2026-08-19 04:46:41,Lobby Eléctrica,40.96,Silence,0.0,43.64,Silence,0.0,0.0,0.0,0.0,0.0,0.0,0.0,0.0,0.0,0.0,44.47,40.19,39.51,-115,1.2
2026-08-19 04:46:59,Pasillo Salones Eléctrica,32.87,Silence,0.0,33.9,Silence,0.0,0.0,0.0,0.0,0.0,0.0,0.0,0.0,0.0,0.0,33.92,32.84,32.22,-119,-2.5
2026-08-19 04:47:09,Salón - Uma Eléctrica,44.81,Silence,0.0,45.49,Silence,0.0,0.0,0.0,0.0,0.0,0.0,0.0,0.0,0.0,0.0,45.46,44.8,43.79,-119,2.2
2026-08-19 04:47:24,Salón - Extremo Civil,13.55,Silence,0.0,14.37,Silence,0.0,0.0,0.0,0.0,0.0,0.0,0.0,0.0,0.0,0.0,14.44,13.64,12.74,-97,11.0
2026-08-19 04:47:35,Pasillo Salones Civil,14.88,Silence,0.0,15.53,Silence,0.0,0.0,0.0,0.0,0.0,0.0,0.0,0.0,0.0,0.0,15.73,14.72,14.36,-113,10.5
2026-08-19 04:47:43,Laboratorios Civil Superior,35.94,Silence,0.0,37.58,Silence,0.0,0.0,0.0,0.0,0.0,0.0,0.0,0.0,0.0,0.0,37.94,35.7,33.07,-105,-2.8
2026-08-19 04:48:05,Laboratorios Eléctrica Centro,26.13,Silence,0.0,32.49,Silence,0.0,0.0,0.0,0.0,0.0,0.0,0.0,0.0,0.0,0.0,33.33,23.74,22.41,-103,11.0
2026-08-19 04:48:56,Laboratorios Eléctrica Superior,18.22,Silence,0.0,19.27,Silence,0.0,0.0,0.0,0.0,0.0,0.0,0.0,0.0,0.0,0.0,18.81,18.1,17.67,-103,8.5
2026-08-19 04:49:14,Pasillo Decanato Civil,19.16,Silence,0.0,19.93,Silence,0.0,0.0,0.0,0.0,0.0,0.0,0.0,0.0,0.0,0.0,20.07,19.1,18.2,-113,6.5
2026-08-19 04:49:15,Lobby Civil,45.01,Group 2 (Impact),99.61,50.06,Group 2 (Impact),0.0,45.17,0.0,0.0,0.0,0.0,99.61,0.0,0.0,0.0,51.6,43.14,40.58,-93,9.0
2026-08-19 04:50:45,Salón - Extremo Eléctrica,16.3,Silence,0.0,16.98,Silence,0.0,0.0,0.0,0.0,0.0,0.0,0.0,0.0,0.0,0.0,16.87,16.23,15.45,-111,7.5
2026-08-19 04:50:55,Salón - Uma Civil,10.01,Silence,0.0,10.57,Silence,0.0,0.0,0.0,0.0,0.0,0.0,0.0,0.0,0.0,0.0,10.7,10.02,9.33,-118,-6.2
2026-08-19 04:51:10,Pasillo Decanato Eléctrica,20.13,Silence,0.0,20.93,Silence,0.0,0.0,0.0,0.0,0.0,0.0,0.0,0.0,0.0,0.0,20.82,19.96,19.71,-107,11.2
2026-08-19 04:51:21,Laboratorios Civil Central,49.17,Group 1 (Common),77.82,50.15,Group 1 (Common),49.19,0.0,0.0,0.0,0.0,77.82,1.43,1.04,0.13,19.49,50.35,49.22,47.95,-120,-7.8
2026-08-19 04:51:25,Laboratorios Eléctrica Inferior,24.18,Silence,0.0,26.22,Silence,0.0,0.0,0.0,0.0,0.0,0.0,0.0,0.0,0.0,0.0,26.43,24.78,21.63,-117,-2.5
2026-08-19 04:51:40,Laboratorios Civil Inferior,25.09,Silence,0.0,26.9,Silence,0.0,0.0,0.0,0.0,0.0,0.0,0.0,0.0,0.0,0.0,26.8,24.88,23.68,-117,-1.5
2026-08-19 04:51:41,Lobby Eléctrica,31.64,Silence,0.0,32.43,Silence,0.0,0.0,0.0,0.0,0.0,0.0,0.0,0.0,0.0,0.0,32.37,31.59,31.17,-98,9.5
2026-08-19 04:51:59,Pasillo Salones Eléctrica,30.95,Silence,0.0,32.4,Silence,0.0,0.0,0.0,0.0,0.0,0.0,0.0,0.0,0.0,0.0,32.5,30.39,29.35,-96,12.2
2026-08-19 04:52:09,Salón - Uma Eléctrica,44.12,Silence,0.0,44.77,Silence,0.0,0.0,0.0,0.0,0.0,0.0,0.0,0.0,0.0,0.0,44.64,44.16,43.64,-109,-0.5
2026-08-19 04:52:24,Salón - Extremo Civil,13.14,Silence,0.0,13.65,Silence,0.0,0.0,0.0,0.0,0.0,0.0,0.0,0.0,0.0,0.0,13.64,13.08,12.79,-120,-11.2
2026-08-19 04:52:35,Pasillo Salones Civil,14.44,Silence,0.0,15.34,Silence,0.0,0.0,0.0,0.0,0.0,0.0,0.0,0.0,0.0,0.0,15.41,14.46,13.77,-118,-3.2
2026-08-19 04:52:43,Laboratorios Civil Superior,30.51,Silence,0.0,32.94,Silence,0.0,0.0,0.0,0.0,0.0,0.0,0.0,0.0,0.0,0.0,31.39,30.33,29.22,-108,10.5
2026-08-19 04:53:05,Laboratorios Eléctrica Centro,23.09,Silence,0.0,25.06,Silence,0.0,0.0,0.0,0.0,0.0,0.0,0.0,0.0,0.0,0.0,25.02,22.23,19.44,-118,-8.8
2026-08-19 04:53:56,Laboratorios Eléctrica Superior,17.37,Silence,0.0,18.28,Silence,0.0,0.0,0.0,0.0,0.0,0.0,0.0,0.0,0.0,0.0,18.45,17.3,16.52,-102,11.2
2026-08-19 04:54:14,Pasillo Decanato Civil,19.52,Silence,0.0,20.58,Silence,0.0,0.0,0.0,0.0,0.0,0.0,0.0,0.0,0.0,0.0,20.37,19.47,18.76,-107,8.0
2026-08-19 04:54:15,Lobby Civil,48.93,Mixed,45.4,54.74,Group 1 (Common),48.08,44.22,0.0,0.0,0.0,39.02,45.4,0.78,2.08,12.8,56.75,45.09,43.94,-109,8.8
2026-08-19 04:55:45,Salón - Extremo Eléctrica,24.17,Silence,0.0,33.31,Silence,0.0,0.0,0.0,0.0,0.0,0.0,0.0,0.0,0.0,0.0,27.23,23.61,21.47,-87,13.0
2026-08-19 04:55:55,Salón - Uma Civil,10.73,Silence,0.0,11.43,Silence,0.0,0.0,0.0,0.0,0.0,0.0,0.0,0.0,0.0,0.0,11.29,10.6,10.12,-101,10.8
2026-08-19 04:56:10,Pasillo Decanato Eléctrica,20.36,Silence,0.0,21.23,Silence,0.0,0.0,0.0,0.0,0.0,0.0,0.0,0.0,0.0,0.0,21.32,20.26,19.64,-115,-1.2
2026-08-19 04:56:21,Laboratorios Civil Central,49.34,Group 1 (Common),90.97,50.81,Group 1 (Common),49.56,0.0,0.0,0.0,0.0,90.97,2.04,0.0,0.13,6.99,50.19,49.54,48.39,-119,-11.0
2026-08-19 04:56:25,Laboratorios Eléctrica Inferior,23.73,Silence,0.0,24.57,Silence,0.0,0.0,0.0,0.0,0.0,0.0,0.0,0.0,0.0,0.0,24.53,23.92,23.08,-118,-6.8
2026-08-19 04:56:40,Laboratorios Civil Inferior,31.48,Silence,0.0,32.37,Silence,0.0,0.0,0.0,0.0,0.0,0.0,0.0,0.0,0.0,0.0,32.27,31.35,30.78,-119,-2.5
2026-08-19 04:56:46,Lobby Eléctrica,37.3,Silence,0.0,37.95,Silence,0.0,0.0,0.0,0.0,0.0,0.0,0.0,0.0,0.0,0.0,37.95,37.23,36.55,-105,11.8
2026-08-19 04:56:59,Pasillo Salones Eléctrica,30.56,Silence,0.0,31.44,Silence,0.0,0.0,0.0,0.0,0.0,0.0,0.0,0.0,0.0,0.0,31.52,30.58,29.75,-99,12.0
2026-08-19 04:57:09,Salón - Uma Eléctrica,44.56,Silence,0.0,45.23,Silence,0.0,0.0,0.0,0.0,0.0,0.0,0.0,0.0,0.0,0.0,45.01,44.57,43.84,-111,5.8
2026-08-19 04:57:24,Salón - Extremo Civil,13.34,Silence,0.0,13.95,Silence,0.0,0.0,0.0,0.0,0.0,0.0,0.0,0.0,0.0,0.0,13.84,13.12,12.89,-96,12.5
2026-08-19 04:57:35,Pasillo Salones Civil,14.53,Silence,0.0,15.09,Silence,0.0,0.0,0.0,0.0,0.0,0.0,0.0,0.0,0.0,0.0,15.09,14.47,13.74,-105,12.2
2026-08-19 04:57:43,Laboratorios Civil Superior,31.24,Silence,0.0,34.06,Silence,0.0,0.0,0.0,0.0,0.0,0.0,0.0,0.0,0.0,0.0,33.04,31.1,29.85,-102,11.0
2026-08-19 04:58:05,Laboratorios Eléctrica Centro,12.29,Silence,0.0,13.06,Silence,0.0,0.0,0.0,0.0,0.0,0.0,0.0,0.0,0.0,0.0,12.89,12.2,11.22,-105,12.2
2026-08-19 04:58:56,Laboratorios Eléctrica Superior,12.54,Silence,0.0,13.43,Silence,0.0,0.0,0.0,0.0,0.0,0.0,0.0,0.0,0.0,0.0,13.13,12.74,11.61,-113,5.5
2026-08-19 04:59:14,Pasillo Decanato Civil,19.26,Silence,0.0,20.13,Silence,0.0,0.0,0.0,0.0,0.0,0.0,0.0,0.0,0.0,0.0,19.95,19.12,18.87,-114,5.0
2026-08-19 04:59:15,Lobby Civil,37.02,Silence,0.0,39.72,Silence,0.0,0.0,0.0,0.0,0.0,0.0,0.0,0.0,0.0,0.0,39.14,37.07,35.95,-108,7.5
2026-08-19 05:00:45,Salón - Extremo Eléctrica,17.06,Silence,0.0,21.45,Silence,0.0,0.0,0.0,0.0,0.0,0.0,0.0,0.0,0.0,0.0,20.08,16.36,15.2,-111,6.2
2026-08-19 05:00:55,Salón - Uma Civil,10.27,Silence,0.0,10.77,Silence,0.0,0.0,0.0,0.0,0.0,0.0,0.0,0.0,0.0,0.0,10.6,10.21,9.93,-117,-2.0
2026-08-19 05:01:10,Pasillo Decanato Eléctrica,19.97,Silence,0.0,21.24,Silence,0.0,0.0,0.0,0.0,0.0,0.0,0.0,0.0,0.0,0.0,21.55,19.82,18.83,-117,2.5
2026-08-19 05:01:21,Laboratorios Civil Central,55.9,Mixed,40.67,58.13,Group 2 (Impact),54.2,57.53,0.0,0.0,55.33,28.52,24.48,4.47,1.69,40.67,58.13,55.12,51.49,-107,11.5
2026-08-19 05:01:25,Laboratorios Eléctrica Inferior,21.43,Silence,0.0,22.71,Silence,0.0,0.0,0.0,0.0,0.0,0.0,0.0,0.0,0.0,0.0,22.62,21.21,20.65,-115,2.8
2026-08-19 05:01:40,Laboratorios Civil Inferior,25.08,Silence,0.0,26.7,Silence,0.0,0.0,0.0,0.0,0.0,0.0,0.0,0.0,0.0,0.0,26.94,24.9,23.07,-117,-4.0
2026-08-19 05:01:41,Lobby Eléctrica,41.44,Silence,0.0,43.02,Silence,0.0,0.0,0.0,0.0,0.0,0.0,0.0,0.0,0.0,0.0,42.26,41.26,40.93,-97,12.5
2026-08-19 05:01:59,Pasillo Salones Eléctrica,30.6,Silence,0.0,31.56,Silence,0.0,0.0,0.0,0.0,0.0,0.0,0.0,0.0,0.0,0.0,31.76,30.47,29.18,-93,13.5
2026-08-19 05:02:09,Salón - Uma Eléctrica,44.68,Silence,0.0,45.33,Silence,0.0,0.0,0.0,0.0,0.0,0.0,0.0,0.0,0.0,0.0,45.34,44.54,43.93,-109,8.8
2026-08-19 05:02:24,Salón - Extremo Civil,13.89,Silence,0.0,14.38,Silence,0.0,0.0,0.0,0.0,0.0,0.0,0.0,0.0,0.0,0.0,14.47,13.87,13.25,-91,12.8
2026-08-19 05:02:35,Pasillo Salones Civil,17.06,Silence,0.0,21.33,Silence,0.0,0.0,0.0,0.0,0.0,0.0,0.0,0.0,0.0,0.0,20.2,16.32,15.39,-114,2.0
2026-08-19 05:02:43,Laboratorios Civil Superior,33.54,Silence,0.0,35.22,Silence,0.0,0.0,0.0,0.0,0.0,0.0,0.0,0.0,0.0,0.0,35.33,33.66,31.77,-107,10.2
2026-08-19 05:03:05,Laboratorios Eléctrica Centro,17.47,Silence,0.0,21.92,Silence,0.0,0.0,0.0,0.0,0.0,0.0,0.0,0.0,0.0,0.0,23.1,15.4,14.38,-103,11.0
2026-08-19 05:03:56,Laboratorios Eléctrica Superior,12.97,Silence,0.0,13.63,Silence,0.0,0.0,0.0,0.0,0.0,0.0,0.0,0.0,0.0,0.0,13.68,13.0,12.21,-114,3.0
2026-08-19 05:04:14,Pasillo Decanato Civil,20.14,Silence,0.0,20.86,Silence,0.0,0.0,0.0,0.0,0.0,0.0,0.0,0.0,0.0,0.0,20.76,20.05,19.45,-108,10.0
2026-08-19 05:04:15,Lobby Civil,50.57,Group 1 (Common),98.22,50.99,Group 1 (Common),50.47,0.0,0.0,0.0,0.0,98.22,1.22,0.0,0.35,0.26,51.0,50.56,49.77,-109,8.8
2026-08-19 05:05:45,Salón - Extremo Eléctrica,16.11,Silence,0.0,17.09,Silence,0.0,0.0,0.0,0.0,0.0,0.0,0.0,0.0,0.0,0.0,17.04,16.15,15.14,-87,12.0
2026-08-19 05:05:55,Salón - Uma Civil,11.06,Silence,0.0,11.88,Silence,0.0,0.0,0.0,0.0,0.0,0.0,0.0,0.0,0.0,0.0,11.71,10.77,10.66,-102,11.8
2026-08-19 05:06:10,Pasillo Decanato Eléctrica,20.35,Silence,0.0,20.99,Silence,0.0,0.0,0.0,0.0,0.0,0.0,0.0,0.0,0.0,0.0,21.16,20.29,19.24,-103,11.2
2026-08-19 05:06:21,Laboratorios Civil Central,50.62,Group 1 (Common),82.6,51.52,Group 1 (Common),50.56,0.0,0.0,0.0,0.0,82.6,0.09,0.0,0.0,17.06,51.79,50.42,49.33,-105,12.2
2026-08-19 05:06:25,Laboratorios Eléctrica Inferior,24.29,Silence,0.0,25.03,Silence,0.0,0.0,0.0,0.0,0.0,0.0,0.0,0.0,0.0,0.0,24.95,24.29,23.19,-116,-1.0
2026-08-19 05:06:40,Laboratorios Civil Inferior,32.54,Silence,0.0,33.4,Silence,0.0,0.0,0.0,0.0,0.0,0.0,0.0,0.0,0.0,0.0,33.76,32.24,31.32,-119,-9.2
2026-08-19 05:06:41,Lobby Eléctrica,58.21,Mixed,31.64,63.02,Group 4 (Person),58.31,48.63,0.0,58.89,49.37,31.64,17.32,8.72,29.77,12.63,64.39,52.32,48.58,-99,12.5
2026-08-19 05:06:59,Pasillo Salones Eléctrica,31.85,Silence,0.0,35.85,Silence,0.0,0.0,0.0,0.0,0.0,0.0,0.0,0.0,0.0,0.0,37.27,30.87,30.35,-100,9.0
2026-08-19 05:07:09,Salón - Uma Eléctrica,43.95,Silence,0.0,44.37,Silence,0.0,0.0,0.0,0.0,0.0,0.0,0.0,0.0,0.0,0.0,44.44,43.96,43.39,-117,-12.0
2026-08-19 05:07:24,Salón - Extremo Civil,13.73,Silence,0.0,14.19,Silence,0.0,0.0,0.0,0.0,0.0,0.0,0.0,0.0,0.0,0.0,14.1,13.71,13.39,-101,12.2
2026-08-19 05:07:35,Pasillo Salones Civil,15.14,Silence,0.0,15.73,Silence,0.0,0.0,0.0,0.0,0.0,0.0,0.0,0.0,0.0,0.0,15.67,15.27,14.4,-109,10.0
2026-08-19 05:07:43,Laboratorios Civil Superior,32.32,Silence,0.0,34.17,Silence,0.0,0.0,0.0,0.0,0.0,0.0,0.0,0.0,0.0,0.0,34.63,32.32,30.65,-108,9.2
2026-08-19 05:08:05,Laboratorios Eléctrica Centro,18.73,Silence,0.0,21.36,Silence,0.0,0.0,0.0,0.0,0.0,0.0,0.0,0.0,0.0,0.0,21.09,18.52,16.05,-105,8.2
2026-08-19 05:08:56,Laboratorios Eléctrica Superior,14.45,Silence,0.0,15.09,Silence,0.0,0.0,0.0,0.0,0.0,0.0,0.0,0.0,0.0,0.0,15.33,14.21,14.0,-117,0.2
2026-08-19 05:09:14,Pasillo Decanato Civil,25.85,Silence,0.0,27.63,Silence,0.0,0.0,0.0,0.0,0.0,0.0,0.0,0.0,0.0,0.0,27.16,25.95,24.11,-120,-6.2
2026-08-19 05:09:15,Lobby Civil,57.77,Group 1 (Common),90.06,58.37,Group 1 (Common),57.72,0.0,0.0,0.0,0.0,90.06,0.09,0.0,0.22,9.72,58.42,57.77,57.11,-108,7.8
2026-08-19 05:10:45,Salón - Extremo Eléctrica,15.03,Silence,0.0,15.62,Silence,0.0,0.0,0.0,0.0,0.0,0.0,0.0,0.0,0.0,0.0,15.54,15.2,14.26,-91,12.2
2026-08-19 05:10:55,Salón - Uma Civil,11.27,Silence,0.0,12.18,Silence,0.0,0.0,0.0,0.0,0.0,0.0,0.0,0.0,0.0,0.0,11.8,11.29,10.7,-101,7.0
2026-08-19 05:11:10,Pasillo Decanato Eléctrica,20.44,Silence,0.0,21.15,Silence,0.0,0.0,0.0,0.0,0.0,0.0,0.0,0.0,0.0,0.0,20.78,20.42,20.21,-105,11.2
2026-08-19 05:11:21,Laboratorios Civil Central,52.24,Mixed,63.72,53.43,Group 1 (Common),52.32,51.92,0.0,0.0,0.0,63.72,17.06,0.0,2.26,16.97,53.56,52.61,50.14,-117,-2.0
2026-08-19 05:11:25,Laboratorios Eléctrica Inferior,38.24,Silence,0.0,42.12,Silence,0.0,0.0,0.0,0.0,0.0,0.0,0.0,0.0,0.0,0.0,43.45,36.45,34.78,-121,-6.0
2026-08-19 05:11:40,Laboratorios Civil Inferior,26.96,Silence,0.0,29.92,Silence,0.0,0.0,0.0,0.0,0.0,0.0,0.0,0.0,0.0,0.0,30.09,26.36,24.32,-120,-9.5
2026-08-19 05:11:41,Lobby Eléctrica,57.21,Mixed,67.19,60.37,Group 1 (Common),57.11,52.34,49.54,0.0,0.0,67.19,11.59,13.37,7.68,0.13,60.83,57.47,50.35,-101,8.8
2026-08-19 05:11:59,Pasillo Salones Eléctrica,31.1,Silence,0.0,31.85,Silence,0.0,0.0,0.0,0.0,0.0,0.0,0.0,0.0,0.0,0.0,31.84,31.15,29.69,-116,-5.0
2026-08-19 05:12:09,Salón - Uma Eléctrica,44.48,Silence,0.0,45.37,Silence,0.0,0.0,0.0,0.0,0.0,0.0,0.0,0.0,0.0,0.0,45.18,44.39,43.3,-108,9.0
2026-08-19 05:12:24,Salón - Extremo Civil,13.49,Silence,0.0,14.44,Silence,0.0,0.0,0.0,0.0,0.0,0.0,0.0,0.0,0.0,0.0,14.28,13.28,12.74,-101,12.8
2026-08-19 05:12:35,Pasillo Salones Civil,15.09,Silence,0.0,15.56,Silence,0.0,0.0,0.0,0.0,0.0,0.0,0.0,0.0,0.0,0.0,15.41,15.09,14.74,-107,10.5
2026-08-19 05:12:43,Laboratorios Civil Superior,33.0,Silence,0.0,34.77,Silence,0.0,0.0,0.0,0.0,0.0,0.0,0.0,0.0,0.0,0.0,34.81,32.63,30.61,-101,-4.8
2026-08-19 05:13:05,Laboratorios Eléctrica Centro,57.99,Mixed,45.62,62.87,Group 3 (Rotary Tool),0.0,53.61,60.26,0.0,0.0,0.0,45.62,44.44,0.43,9.55,63.67,52.66,40.41,-105,10.8
2026-08-19 05:13:56,Laboratorios Eléctrica Superior,20.25,Silence,0.0,20.81,Silence,0.0,0.0,0.0,0.0,0.0,0.0,0.0,0.0,0.0,0.0,20.87,20.38,19.13,-115,-1.8
2026-08-19 05:14:14,Pasillo Decanato Civil,19.9,Silence,0.0,20.65,Silence,0.0,0.0,0.0,0.0,0.0,0.0,0.0,0.0,0.0,0.0,20.67,19.89,18.75,-112,5.5
2026-08-19 05:14:15,Lobby Civil,50.87,Group 1 (Common),87.37,51.42,Group 1 (Common),50.88,0.0,0.0,0.0,0.0,87.37,0.43,0.04,0.09,12.02,51.39,50.83,50.61,-111,9.8
2026-08-19 05:15:45,Salón - Extremo Eléctrica,16.36,Silence,0.0,17.01,Silence,0.0,0.0,0.0,0.0,0.0,0.0,0.0,0.0,0.0,0.0,17.01,16.49,15.76,-111,4.8
2026-08-19 05:15:55,Salón - Uma Civil,10.74,Silence,0.0,11.38,Silence,0.0,0.0,0.0,0.0,0.0,0.0,0.0,0.0,0.0,0.0,11.22,10.81,10.06,-102,11.8
2026-08-19 05:16:10,Pasillo Decanato Eléctrica,20.66,Silence,0.0,21.98,Silence,0.0,0.0,0.0,0.0,0.0,0.0,0.0,0.0,0.0,0.0,21.72,20.62,19.46,-115,
2026-08-19 05:16:21,Laboratorios Civil Central,52.27,Group 1 (Common),72.92,53.37,Group 1 (Common),52.22,0.0,0.0,0.0,52.25,72.92,1.0,0.0,0.35,25.65,53.73,52.19,51.4,-101,10.8
2026-08-19 05:16:25,Laboratorios Eléctrica Inferior,50.58,Group 5 (Vehicle),70.62,51.33,Group 5 (Vehicle),50.31,0.0,0.0,0.0,51.04,27.86,0.0,0.04,1.43,70.62,51.58,50.29,50.04,-118,-6.2
2026-08-19 05:16:40,Laboratorios Civil Inferior,40.91,Silence,0.0,42.06,Silence,0.0,0.0,0.0,0.0,0.0,0.0,0.0,0.0,0.0,0.0,42.8,41.05,38.77,-119,-2.8
2026-08-19 05:16:41,Lobby Eléctrica,54.66,Mixed,59.9,58.89,Group 4 (Person),55.33,0.0,0.0,55.27,0.0,32.86,4.38,2.69,59.9,0.04,57.95,54.46,46.47,-95,12.5
2026-08-19 05:16:59,Pasillo Salones Eléctrica,38.58,Silence,0.0,39.51,Silence,0.0,0.0,0.0,0.0,0.0,0.0,0.0,0.0,0.0,0.0,39.39,38.64,37.2,-117,0.2
2026-08-19 05:17:09,Salón - Uma Eléctrica,44.33,Silence,0.0,45.54,Silence,0.0,0.0,0.0,0.0,0.0,0.0,0.0,0.0,0.0,0.0,45.51,44.34,43.47,-103,10.2
2026-08-19 05:17:24,Salón - Extremo Civil,29.49,Silence,0.0,36.64,Silence,0.0,0.0,0.0,0.0,0.0,0.0,0.0,0.0,0.0,0.0,34.99,25.44,24.92,-99,12.2
2026-08-19 05:17:35,Pasillo Salones Civil,38.72,Silence,0.0,39.43,Silence,0.0,0.0,0.0,0.0,0.0,0.0,0.0,0.0,0.0,0.0,39.34,38.94,37.74,-103,12.8
2026-08-19 05:17:43,Laboratorios Civil Superior,44.12,Silence,0.0,44.88,Silence,0.0,0.0,0.0,0.0,0.0,0.0,0.0,0.0,0.0,0.0,44.7,43.96,43.76,-108,9.0
2026-08-19 05:18:05,Laboratorios Eléctrica Centro,44.75,Silence,0.0,45.58,Silence,0.0,0.0,0.0,0.0,0.0,0.0,0.0,0.0,0.0,0.0,45.59,44.72,43.87,-118,-6.0
2026-08-19 05:18:56,Laboratorios Eléctrica Superior,39.26,Silence,0.0,40.42,Silence,0.0,0.0,0.0,0.0,0.0,0.0,0.0,0.0,0.0,0.0,40.12,39.23,38.5,-115,6.0
2026-08-19 05:19:14,Pasillo Decanato Civil,20.97,Silence,0.0,21.54,Silence,0.0,0.0,0.0,0.0,0.0,0.0,0.0,0.0,0.0,0.0,21.61,20.89,20.23,-114,1.0
2026-08-19 05:19:15,Lobby Civil,51.47,Group 1 (Common),94.78,52.37,Group 1 (Common),51.15,0.0,0.0,0.0,0.0,94.78,2.2,0.0,0.44,2.83,52.68,51.2,50.34,-109,9.0
2026-08-19 05:20:45,Salón - Extremo Eléctrica,18.86,Silence,0.0,19.8,Silence,0.0,0.0,0.0,0.0,0.0,0.0,0.0,0.0,0.0,0.0,19.75,18.91,17.69,-90,11.8
2026-08-19 05:20:55,Salón - Uma Civil,40.44,Silence,0.0,41.93,Silence,0.0,0.0,0.0,0.0,0.0,0.0,0.0,0.0,0.0,0.0,41.96,39.92,39.36,-117,-6.8
2026-08-19 05:21:10,Pasillo Decanato Eléctrica,23.41,Silence,0.0,25.37,Silence,0.0,0.0,0.0,0.0,0.0,0.0,0.0,0.0,0.0,0.0,25.86,23.1,20.77,-114,5.2
2026-08-19 05:21:21,Laboratorios Civil Central,52.22,Group 1 (Common),82.16,53.34,Group 1 (Common),52.32,0.0,0.0,0.0,0.0,82.16,1.48,0.0,0.56,15.8,53.87,52.17,51.11,-118,-10.5
2026-08-19 05:21:25,Laboratorios Eléctrica Inferior,50.26,Mixed,54.73,51.13,Group 1 (Common),50.62,0.0,0.0,0.0,49.93,43.66,0.35,0.0,1.17,54.73,51.06,50.25,49.65,-117,-2.8
2026-08-19 05:21:40,Laboratorios Civil Inferior,43.79,Silence,0.0,47.57,Silence,0.0,0.0,0.0,0.0,0.0,0.0,0.0,0.0,0.0,0.0,46.14,43.37,41.56,-119,-2.0
2026-08-19 05:21:41,Lobby Eléctrica,44.08,Silence,0.0,47.27,Silence,0.0,0.0,0.0,0.0,0.0,0.0,0.0,0.0,0.0,0.0,46.81,43.95,42.66,-97,12.8
2026-08-19 05:21:59,Pasillo Salones Eléctrica,35.4,Silence,0.0,35.9,Silence,0.0,0.0,0.0,0.0,0.0,0.0,0.0,0.0,0.0,0.0,36.29,35.18,34.51,-119,-3.8
2026-08-19 05:22:09,Salón - Uma Eléctrica,44.28,Silence,0.0,44.96,Silence,0.0,0.0,0.0,0.0,0.0,0.0,0.0,0.0,0.0,0.0,45.18,44.16,43.65,-109,-0.2
2026-08-19 05:22:24,Salón - Extremo Civil,31.52,Silence,0.0,38.29,Silence,0.0,0.0,0.0,0.0,0.0,0.0,0.0,0.0,0.0,0.0,38.34,31.57,24.87,-97,12.8
2026-08-19 05:22:35,Pasillo Salones Civil,38.58,Silence,0.0,39.37,Silence,0.0,0.0,0.0,0.0,0.0,0.0,0.0,0.0,0.0,0.0,39.42,38.52,38.11,-109,4.8
2026-08-19 05:22:43,Laboratorios Civil Superior,44.59,Silence,0.0,45.13,Silence,0.0,0.0,0.0,0.0,0.0,0.0,0.0,0.0,0.0,0.0,45.23,44.44,43.92,-105,4.2
2026-08-19 05:23:05,Laboratorios Eléctrica Centro,45.11,Group 5 (Vehicle),82.47,47.17,Group 5 (Vehicle),0.0,0.0,45.17,0.0,45.73,5.43,1.04,10.81,0.04,82.47,46.55,45.14,43.91,-101,10.8
2026-08-19 05:23:56,Laboratorios Eléctrica Superior,40.27,Silence,0.0,41.03,Silence,0.0,0.0,0.0,0.0,0.0,0.0,0.0,0.0,0.0,0.0,40.9,40.24,39.4,-103,12.0
2026-08-19 05:24:14,Pasillo Decanato Civil,20.89,Silence,0.0,21.74,Silence,0.0,0.0,0.0,0.0,0.0,0.0,0.0,0.0,0.0,0.0,21.89,20.92,20.08,-119,0.5
2026-08-19 05:24:15,Lobby Civil,51.28,Group 1 (Common),78.13,51.83,Group 1 (Common),51.23,0.0,0.0,0.0,0.0,78.13,4.98,0.05,0.44,16.65,51.84,51.1,50.89,-114,5.2
2026-08-19 05:25:45,Salón - Extremo Eléctrica,18.85,Silence,0.0,19.48,Silence,0.0,0.0,0.0,0.0,0.0,0.0,0.0,0.0,0.0,0.0,19.73,18.92,18.02,-89,13.8
2026-08-19 05:25:55,Salón - Uma Civil,40.05,Silence,0.0,41.25,Silence,0.0,0.0,0.0,0.0,0.0,0.0,0.0,0.0,0.0,0.0,41.9,39.99,38.15,-120,-8.5
2026-08-19 05:26:10,Pasillo Decanato Eléctrica,20.06,Silence,0.0,20.7,Silence,0.0,0.0,0.0,0.0,0.0,0.0,0.0,0.0,0.0,0.0,20.78,20.17,19.41,-102,8.8
2026-08-19 05:26:21,Laboratorios Civil Central,52.19,Mixed,56.51,53.93,Group 1 (Common),52.33,0.0,0.0,0.0,51.75,56.51,0.09,0.0,0.09,43.32,54.42,52.16,50.86,-101,9.0
2026-08-19 05:26:25,Laboratorios Eléctrica Inferior,50.7,Group 5 (Vehicle),73.26,51.23,Group 5 (Vehicle),50.92,0.0,0.0,0.0,50.77,26.17,0.04,0.04,0.39,73.26,51.15,50.79,50.2,-121,-7.0
2026-08-19 05:26:40,Laboratorios Civil Inferior,42.91,Silence,0.0,43.96,Silence,0.0,0.0,0.0,0.0,0.0,0.0,0.0,0.0,0.0,0.0,43.88,42.54,42.1,-115,3.2
2026-08-19 05:26:41,Lobby Eléctrica,44.2,Silence,0.0,45.11,Silence,0.0,0.0,0.0,0.0,0.0,0.0,0.0,0.0,0.0,0.0,45.06,44.14,43.35,-113,1.0
2026-08-19 05:26:59,Pasillo Salones Eléctrica,35.05,Silence,0.0,35.57,Silence,0.0,0.0,0.0,0.0,0.0,0.0,0.0,0.0,0.0,0.0,35.54,35.2,33.95,-101,11.8
2026-08-19 05:27:09,Salón - Uma Eléctrica,44.33,Silence,0.0,44.95,Silence,0.0,0.0,0.0,0.0,0.0,0.0,0.0,0.0,0.0,0.0,44.92,44.33,43.41,-119,-9.8
2026-08-19 05:27:24,Salón - Extremo Civil,32.07,Silence,0.0,36.09,Silence,0.0,0.0,0.0,0.0,0.0,0.0,0.0,0.0,0.0,0.0,36.62,31.55,27.75,-87,13.2
2026-08-19 05:27:35,Pasillo Salones Civil,39.01,Silence,0.0,39.85,Silence,0.0,0.0,0.0,0.0,0.0,0.0,0.0,0.0,0.0,0.0,39.48,39.03,37.75,-119,-4.2
2026-08-19 05:27:43,Laboratorios Civil Superior,43.73,Silence,0.0,44.48,Silence,0.0,0.0,0.0,0.0,0.0,0.0,0.0,0.0,0.0,0.0,44.52,43.7,42.7,-113,8.5
2026-08-19 05:28:09,Laboratorios Eléctrica Centro,50.79,Group 5 (Vehicle),91.45,54.53,Group 5 (Vehicle),0.0,0.0,0.0,0.0,50.53,8.12,0.0,0.39,0.04,91.45,54.89,50.03,45.32,-119,-4.5
2026-08-19 05:28:56,Laboratorios Eléctrica Superior,39.62,Silence,0.0,41.3,Silence,0.0,0.0,0.0,0.0,0.0,0.0,0.0,0.0,0.0,0.0,40.42,39.61,38.44,-103,8.5
2026-08-19 05:29:14,Pasillo Decanato Civil,21.12,Silence,0.0,22.21,Silence,0.0,0.0,0.0,0.0,0.0,0.0,0.0,0.0,0.0,0.0,22.44,21.03,20.46,-119,-2.2
2026-08-19 05:29:15,Lobby Civil,51.22,Group 1 (Common),91.41,52.3,Group 1 (Common),51.09,0.0,0.0,0.0,0.0,91.41,3.6,0.0,0.56,4.51,52.22,51.24,50.32,-91,12.2
2026-08-19 05:30:45,Salón - Extremo Eléctrica,17.57,Silence,0.0,18.09,Silence,0.0,0.0,0.0,0.0,0.0,0.0,0.0,0.0,0.0,0.0,18.03,17.57,16.92,-89,9.2
2026-08-19 05:30:55,Salón - Uma Civil,40.08,Silence,0.0,41.27,Silence,0.0,0.0,0.0,0.0,0.0,0.0,0.0,0.0,0.0,0.0,41.59,39.82,38.74,-100,11.0
2026-08-19 05:31:10,Pasillo Decanato Eléctrica,32.42,Silence,0.0,35.33,Silence,0.0,0.0,0.0,0.0,0.0,0.0,0.0,0.0,0.0,0.0,35.98,31.9,29.84,-103,12.2
2026-08-19 05:31:21,Laboratorios Civil Central,52.19,Group 1 (Common),79.77,53.19,Group 1 (Common),52.34,0.0,0.0,0.0,52.42,79.77,0.69,0.0,0.17,19.4,53.1,51.92,51.29,-111,9.2
2026-08-19 05:31:25,Laboratorios Eléctrica Inferior,50.42,Group 5 (Vehicle),86.24,50.78,Group 5 (Vehicle),50.67,0.0,0.0,0.0,50.41,12.59,0.26,0.13,0.95,86.24,50.9,50.53,49.8,-114,
2026-08-19 05:31:40,Laboratorios Civil Inferior,44.73,Silence,0.0,45.3,Silence,0.0,0.0,0.0,0.0,0.0,0.0,0.0,0.0,0.0,0.0,45.46,44.78,43.94,-115,-11.8
2026-08-19 05:31:41,Lobby Eléctrica,44.48,Silence,0.0,45.22,Silence,0.0,0.0,0.0,0.0,0.0,0.0,0.0,0.0,0.0,0.0,44.79,44.47,43.86,-114,1.2
2026-08-19 05:31:59,Pasillo Salones Eléctrica,34.59,Silence,0.0,35.79,Silence,0.0,0.0,0.0,0.0,0.0,0.0,0.0,0.0,0.0,0.0,35.61,34.55,33.63,-100,11.2
2026-08-19 05:32:09,Salón - Uma Eléctrica,44.58,Silence,0.0,45.57,Silence,0.0,0.0,0.0,0.0,0.0,0.0,0.0,0.0,0.0,0.0,45.46,44.42,43.96,-107,8.0
2026-08-19 05:32:24,Salón - Extremo Civil,29.52,Silence,0.0,38.52,Silence,0.0,0.0,0.0,0.0,0.0,0.0,0.0,0.0,0.0,0.0,38.64,26.49,24.44,-96,9.5
2026-08-19 05:32:35,Pasillo Salones Civil,39.01,Silence,0.0,39.8,Silence,0.0,0.0,0.0,0.0,0.0,0.0,0.0,0.0,0.0,0.0,39.44,39.16,38.4,-102,11.0
2026-08-19 05:32:43,Laboratorios Civil Superior,44.04,Silence,0.0,44.42,Silence,0.0,0.0,0.0,0.0,0.0,0.0,0.0,0.0,0.0,0.0,44.47,43.99,43.63,-106,8.5
2026-08-19 05:33:05,Laboratorios Eléctrica Centro,45.44,Group 5 (Vehicle),85.45,46.35,Group 5 (Vehicle),0.0,0.0,0.0,0.0,45.36,14.55,0.0,0.0,0.0,85.45,46.23,45.38,44.5,-103,11.5
2026-08-19 05:33:56,Laboratorios Eléctrica Superior,46.87,Group 1 (Common),85.5,49.6,Group 1 (Common),47.57,0.0,47.52,0.0,0.0,85.5,2.47,10.68,0.52,0.69,49.74,46.37,42.07,-105,11.5
2026-08-19 05:34:14,Pasillo Decanato Civil,26.49,Silence,0.0,29.1,Silence,0.0,0.0,0.0,0.0,0.0,0.0,0.0,0.0,0.0,0.0,29.62,25.77,23.31,-107,5.2
2026-08-19 05:34:15,Lobby Civil,59.92,Group 1 (Common),99.26,63.05,Group 1 (Common),60.22,0.0,0.0,0.0,0.0,99.26,0.0,0.43,0.0,0.0,63.8,58.9,55.22,-108,7.2
2026-08-19 05:35:45,Salón - Extremo Eléctrica,22.16,Silence,0.0,25.21,Silence,0.0,0.0,0.0,0.0,0.0,0.0,0.0,0.0,0.0,0.0,26.24,20.75,17.51,-111,7.2
2026-08-19 05:35:55,Salón - Uma Civil,40.1,Silence,0.0,41.84,Silence,0.0,0.0,0.0,0.0,0.0,0.0,0.0,0.0,0.0,0.0,41.38,40.39,38.46,-119,-6.8
2026-08-19 05:36:10,Pasillo Decanato Eléctrica,56.61,Group 1 (Common),99.61,57.42,Group 1 (Common),56.7,0.0,0.0,0.0,0.0,99.61,0.0,0.0,0.0,0.09,57.16,56.67,55.94,-103,11.8
2026-08-19 05:36:21,Laboratorios Civil Central,59.66,Mixed,36.11,61.38,Group 3 (Rotary Tool),0.0,59.25,60.84,0.0,57.85,0.61,36.11,23.65,4.51,35.07,62.53,58.6,57.01,-101,10.5
2026-08-19 05:36:25,Laboratorios Eléctrica Inferior,50.15,Mixed,58.38,50.85,Group 1 (Common),50.05,0.0,0.0,0.0,50.12,39.58,1.26,0.0,0.78,58.38,50.76,50.39,49.41,-114,5.0
2026-08-19 05:36:40,Laboratorios Civil Inferior,45.86,Mixed,45.79,46.26,Group 2 (Impact),0.0,45.89,45.98,0.0,45.89,0.95,45.79,25.65,3.3,24.26,46.17,45.85,45.52,-119,-1.8
2026-08-19 05:36:41,Lobby Eléctrica,45.53,Mixed,41.06,47.29,Group 1 (Common),46.33,44.95,44.57,0.0,0.0,21.57,41.06,20.92,0.35,16.1,47.39,45.03,43.53,-119,1.5
2026-08-19 05:36:59,Pasillo Salones Eléctrica,34.53,Silence,0.0,35.2,Silence,0.0,0.0,0.0,0.0,0.0,0.0,0.0,0.0,0.0,0.0,35.19,34.65,33.5,-96,11.8
2026-08-19 05:37:09,Salón - Uma Eléctrica,43.84,Silence,0.0,45.18,Silence,0.0,0.0,0.0,0.0,0.0,0.0,0.0,0.0,0.0,0.0,44.93,43.57,42.88,-105,2.2
2026-08-19 05:37:24,Salón - Extremo Civil,29.5,Silence,0.0,35.93,Silence,0.0,0.0,0.0,0.0,0.0,0.0,0.0,0.0,0.0,0.0,36.79,29.65,23.06,-85,13.2
2026-08-19 05:37:35,Pasillo Salones Civil,38.94,Silence,0.0,39.69,Silence,0.0,0.0,0.0,0.0,0.0,0.0,0.0,0.0,0.0,0.0,39.82,38.76,37.92,-101,12.0
2026-08-19 05:37:43,Laboratorios Civil Superior,43.96,Silence,0.0,44.77,Silence,0.0,0.0,0.0,0.0,0.0,0.0,0.0,0.0,0.0,0.0,44.67,43.86,43.46,-102,11.0
2026-08-19 05:38:05,Laboratorios Eléctrica Centro,44.65,Silence,0.0,45.43,Silence,0.0,0.0,0.0,0.0,0.0,0.0,0.0,0.0,0.0,0.0,45.22,44.63,43.57,-105,11.2
2026-08-19 05:38:56,Laboratorios Eléctrica Superior,52.74,Group 1 (Common),87.76,56.83,Group 1 (Common),52.66,0.0,0.0,0.0,0.0,87.76,0.91,1.91,0.65,8.77,57.44,50.5,43.41,-107,11.2
2026-08-19 05:39:14,Pasillo Decanato Civil,29.11,Silence,0.0,31.96,Silence,0.0,0.0,0.0,0.0,0.0,0.0,0.0,0.0,0.0,0.0,32.73,29.86,21.62,-101,11.5
2026-08-19 05:39:15,Lobby Civil,61.11,Group 1 (Common),91.15,65.67,Group 1 (Common),61.24,0.0,0.0,0.0,0.0,91.15,0.17,2.99,0.52,4.99,65.55,60.66,52.11,-111,8.0
2026-08-19 05:40:45,Salón - Extremo Eléctrica,18.12,Silence,0.0,19.2,Silence,0.0,0.0,0.0,0.0,0.0,0.0,0.0,0.0,0.0,0.0,19.36,18.08,16.94,-91,12.0
2026-08-19 05:40:55,Salón - Uma Civil,41.49,Silence,0.0,43.13,Silence,0.0,0.0,0.0,0.0,0.0,0.0,0.0,0.0,0.0,0.0,42.7,41.36,39.78,-117,-0.2
2026-08-19 05:41:10,Pasillo Decanato Eléctrica,56.91,Group 1 (Common),99.44,57.51,Group 1 (Common),56.91,0.0,0.0,0.0,0.0,99.44,0.0,0.0,0.04,0.26,57.37,56.68,56.56,-105,11.8
2026-08-19 05:41:21,Laboratorios Civil Central,52.52,Group 1 (Common),82.6,53.54,Group 1 (Common),52.65,0.0,0.0,0.0,0.0,82.6,0.17,0.0,0.04,17.06,53.26,52.43,51.69,-119,-13.0
2026-08-19 05:41:25,Laboratorios Eléctrica Inferior,51.66,Mixed,53.13,52.95,Group 1 (Common),51.86,0.0,0.0,0.0,51.52,53.13,0.13,0.0,0.3,46.4,53.28,51.54,50.99,-117,3.2
2026-08-19 05:41:40,Laboratorios Civil Inferior,40.98,Silence,0.0,41.69,Silence,0.0,0.0,0.0,0.0,0.0,0.0,0.0,0.0,0.0,0.0,41.94,40.86,39.97,-118,-8.5
2026-08-19 05:41:41,Lobby Eléctrica,47.15,Mixed,34.03,48.18,Group 2 (Impact),46.53,46.98,47.14,0.0,0.0,19.48,34.03,23.19,0.73,22.75,48.59,47.15,45.49,-119,-1.2
2026-08-19 05:41:59,Pasillo Salones Eléctrica,34.82,Silence,0.0,35.59,Silence,0.0,0.0,0.0,0.0,0.0,0.0,0.0,0.0,0.0,0.0,35.63,34.8,34.26,-119,-0.5
2026-08-19 05:42:09,Salón - Uma Eléctrica,44.01,Silence,0.0,44.59,Silence,0.0,0.0,0.0,0.0,0.0,0.0,0.0,0.0,0.0,0.0,44.63,44.0,43.08,-117,-7.0
2026-08-19 05:42:24,Salón - Extremo Civil,29.96,Silence,0.0,34.3,Silence,0.0,0.0,0.0,0.0,0.0,0.0,0.0,0.0,0.0,0.0,35.31,28.25,26.07,-120,-11.5
2026-08-19 05:42:35,Pasillo Salones Civil,39.48,Silence,0.0,40.26,Silence,0.0,0.0,0.0,0.0,0.0,0.0,0.0,0.0,0.0,0.0,40.55,39.4,38.6,-108,0.5
2026-08-19 05:42:43,Laboratorios Civil Superior,44.07,Silence,0.0,44.87,Silence,0.0,0.0,0.0,0.0,0.0,0.0,0.0,0.0,0.0,0.0,44.93,43.8,43.2,-105,12.2
2026-08-19 05:43:05,Laboratorios Eléctrica Centro,48.22,Mixed,47.4,50.51,Group 1 (Common),49.81,0.0,47.98,0.0,0.0,26.61,12.8,47.4,0.69,12.33,50.45,48.58,45.08,-103,11.5
2026-08-19 05:43:56,Laboratorios Eléctrica Superior,43.06,Silence,0.0,44.6,Silence,0.0,0.0,0.0,0.0,0.0,0.0,0.0,0.0,0.0,0.0,45.12,42.24,41.49,-103,11.8
2026-08-19 05:44:14,Pasillo Decanato Civil,21.91,Silence,0.0,25.14,Silence,0.0,0.0,0.0,0.0,0.0,0.0,0.0,0.0,0.0,0.0,23.21,21.83,20.88,-101,11.8
2026-08-19 05:44:21,Lobby Civil,52.09,Group 1 (Common),92.97,53.26,Group 1 (Common),52.2,0.0,0.0,0.0,0.0,92.97,4.86,0.0,0.78,1.39,53.34,52.02,51.35,-109,7.2
2026-08-19 05:45:45,Salón - Extremo Eléctrica,16.96,Silence,0.0,17.58,Silence,0.0,0.0,0.0,0.0,0.0,0.0,0.0,0.0,0.0,0.0,17.28,17.05,16.53,-87,13.2
2026-08-19 05:45:55,Salón - Uma Civil,40.66,Silence,0.0,41.48,Silence,0.0,0.0,0.0,0.0,0.0,0.0,0.0,0.0,0.0,0.0,41.92,40.92,38.74,-120,-11.8
2026-08-19 05:46:10,Pasillo Decanato Eléctrica,56.66,Group 1 (Common),99.44,57.38,Group 1 (Common),56.62,0.0,0.0,0.0,0.0,99.44,0.0,0.0,0.0,0.22,57.45,56.59,55.72,-105,12.0
2026-08-19 05:46:21,Laboratorios Civil Central,51.91,Mixed,67.53,52.71,Group 1 (Common),52.0,0.0,0.0,0.0,51.62,67.53,0.78,0.0,0.44,31.25,52.27,51.85,51.46,-119,-7.5
2026-08-19 05:46:25,Laboratorios Eléctrica Inferior,50.68,Group 5 (Vehicle),83.2,51.37,Group 5 (Vehicle),0.0,0.0,0.0,0.0,50.58,15.63,0.2,0.49,0.39,83.2,51.73,50.63,49.25,-117,-0.8
2026-08-19 05:46:40,Laboratorios Civil Inferior,39.45,Silence,0.0,40.13,Silence,0.0,0.0,0.0,0.0,0.0,0.0,0.0,0.0,0.0,0.0,40.2,39.25,38.88,-117,-2.8
2026-08-19 05:46:41,Lobby Eléctrica,56.3,Group 1 (Common),97.8,57.79,Group 1 (Common),56.18,0.0,0.0,0.0,0.0,97.8,1.76,0.0,0.2,0.05,58.47,55.9,54.15,-103,9.8
2026-08-19 05:46:59,Pasillo Salones Eléctrica,35.15,Silence,0.0,35.78,Silence,0.0,0.0,0.0,0.0,0.0,0.0,0.0,0.0,0.0,0.0,35.93,35.19,34.25,-100,11.2
2026-08-19 05:47:09,Salón - Uma Eléctrica,44.26,Silence,0.0,45.85,Silence,0.0,0.0,0.0,0.0,0.0,0.0,0.0,0.0,0.0,0.0,45.66,44.03,43.26,-121,-13.5
2026-08-19 05:47:24,Salón - Extremo Civil,27.82,Silence,0.0,30.74,Silence,0.0,0.0,0.0,0.0,0.0,0.0,0.0,0.0,0.0,0.0,31.53,26.71,23.92,-119,-13.8
2026-08-19 05:47:35,Pasillo Salones Civil,39.89,Silence,0.0,40.74,Silence,0.0,0.0,0.0,0.0,0.0,0.0,0.0,0.0,0.0,0.0,40.53,39.71,39.17,-105,10.8
2026-08-19 05:47:43,Laboratorios Civil Superior,43.61,Silence,0.0,44.3,Silence,0.0,0.0,0.0,0.0,0.0,0.0,0.0,0.0,0.0,0.0,44.11,43.49,43.04,-109,7.2
2026-08-19 05:48:05,Laboratorios Eléctrica Centro,64.25,Mixed,58.25,69.44,Group 3 (Rotary Tool),0.0,0.0,66.58,0.0,57.92,0.0,8.98,32.12,0.56,58.25,69.44,60.86,46.92,-103,11.2
2026-08-19 05:48:56,Laboratorios Eléctrica Superior,39.85,Silence,0.0,40.71,Silence,0.0,0.0,0.0,0.0,0.0,0.0,0.0,0.0,0.0,0.0,41.0,39.81,38.82,-103,11.2
2026-08-19 05:49:14,Pasillo Decanato Civil,22.4,Silence,0.0,23.49,Silence,0.0,0.0,0.0,0.0,0.0,0.0,0.0,0.0,0.0,0.0,23.96,22.21,21.43,-119,
2026-08-19 05:49:15,Lobby Civil,52.64,Group 1 (Common),86.55,53.14,Group 1 (Common),52.62,0.0,0.0,0.0,0.0,86.55,4.17,0.0,1.91,7.51,53.38,52.71,51.53,-103,11.5
2026-08-19 05:50:45,Salón - Extremo Eléctrica,18.15,Silence,0.0,20.41,Silence,0.0,0.0,0.0,0.0,0.0,0.0,0.0,0.0,0.0,0.0,20.15,17.98,15.78,-90,12.2
2026-08-19 05:50:55,Salón - Uma Civil,39.8,Silence,0.0,41.14,Silence,0.0,0.0,0.0,0.0,0.0,0.0,0.0,0.0,0.0,0.0,41.17,39.96,37.3,-109,10.0
2026-08-19 05:51:10,Pasillo Decanato Eléctrica,56.82,Group 1 (Common),99.17,57.5,Group 1 (Common),56.88,0.0,0.0,0.0,0.0,99.17,0.0,0.0,0.1,0.54,57.53,56.71,55.75,-109,8.8
2026-08-19 05:51:21,Laboratorios Civil Central,52.24,Mixed,52.54,53.04,Group 5 (Vehicle),52.06,0.0,0.0,0.0,52.62,52.54,2.0,0.0,1.17,44.19,53.29,51.82,51.23,-101,11.8
2026-08-19 05:51:25,Laboratorios Eléctrica Inferior,50.72,Group 5 (Vehicle),87.7,51.42,Group 5 (Vehicle),0.0,0.0,0.0,0.0,50.89,11.72,0.0,0.0,0.59,87.7,51.23,50.58,50.24,-117,-1.8
2026-08-19 05:51:40,Laboratorios Civil Inferior,42.37,Silence,0.0,43.56,Silence,0.0,0.0,0.0,0.0,0.0,0.0,0.0,0.0,0.0,0.0,44.17,41.9,40.25,-119,-11.5
2026-08-19 05:51:41,Lobby Eléctrica,60.42,Group 5 (Vehicle),92.1,62.81,Group 5 (Vehicle),0.0,0.0,0.0,0.0,59.73,7.77,0.04,0.0,0.13,92.1,63.46,60.8,56.82,-115,0.5
2026-08-19 05:51:59,Pasillo Salones Eléctrica,34.79,Silence,0.0,35.55,Silence,0.0,0.0,0.0,0.0,0.0,0.0,0.0,0.0,0.0,0.0,35.41,34.78,34.24,-101,11.8
2026-08-19 05:52:09,Salón - Uma Eléctrica,44.1,Silence,0.0,45.53,Silence,0.0,0.0,0.0,0.0,0.0,0.0,0.0,0.0,0.0,0.0,46.07,43.66,42.88,-117,-12.8
2026-08-19 05:52:24,Salón - Extremo Civil,29.25,Silence,0.0,35.85,Silence,0.0,0.0,0.0,0.0,0.0,0.0,0.0,0.0,0.0,0.0,33.99,27.03,24.58,-101,12.8
2026-08-19 05:52:35,Pasillo Salones Civil,39.79,Silence,0.0,41.19,Silence,0.0,0.0,0.0,0.0,0.0,0.0,0.0,0.0,0.0,0.0,40.85,39.4,39.02,-105,12.0
2026-08-19 05:52:43,Laboratorios Civil Superior,44.31,Silence,0.0,45.0,Silence,0.0,0.0,0.0,0.0,0.0,0.0,0.0,0.0,0.0,0.0,45.0,44.36,43.01,-108,8.8
2026-08-19 05:53:05,Laboratorios Eléctrica Centro,50.93,Group 5 (Vehicle),78.65,54.01,Group 5 (Vehicle),0.0,0.0,51.71,0.0,49.95,3.65,0.17,17.53,0.0,78.65,56.02,49.16,45.48,-105,11.5
2026-08-19 05:53:56,Laboratorios Eléctrica Superior,39.92,Silence,0.0,40.5,Silence,0.0,0.0,0.0,0.0,0.0,0.0,0.0,0.0,0.0,0.0,40.44,40.06,39.25,-116,-3.2
2026-08-19 05:54:14,Pasillo Decanato Civil,23.66,Silence,0.0,24.73,Silence,0.0,0.0,0.0,0.0,0.0,0.0,0.0,0.0,0.0,0.0,24.63,23.55,22.45,-105,11.0
2026-08-19 05:54:15,Lobby Civil,53.75,Group 1 (Common),82.25,54.6,Group 1 (Common),53.87,0.0,0.0,0.0,0.0,82.25,8.51,0.04,1.78,7.64,54.69,53.69,53.01,-95,13.2
2026-08-19 05:55:45,Salón - Extremo Eléctrica,18.53,Silence,0.0,20.44,Silence,0.0,0.0,0.0,0.0,0.0,0.0,0.0,0.0,0.0,0.0,19.48,18.31,17.7,-95,14.0
2026-08-19 05:55:55,Salón - Uma Civil,39.21,Silence,0.0,40.97,Silence,0.0,0.0,0.0,0.0,0.0,0.0,0.0,0.0,0.0,0.0,40.8,39.39,37.25,-107,5.5
2026-08-19 05:56:10,Pasillo Decanato Eléctrica,56.9,Group 1 (Common),99.51,58.1,Group 1 (Common),56.91,0.0,0.0,0.0,0.0,99.51,0.0,0.0,0.0,0.2,58.39,56.69,56.12,-107,9.5
2026-08-19 05:56:21,Laboratorios Civil Central,52.83,Group 1 (Common),87.63,53.77,Group 1 (Common),52.86,0.0,0.0,0.0,0.0,87.63,1.95,0.0,0.35,9.98,53.81,52.59,51.61,-102,8.8
2026-08-19 05:56:25,Laboratorios Eléctrica Inferior,50.43,Mixed,52.47,51.41,Group 1 (Common),50.3,0.0,0.0,0.0,50.8,41.45,4.51,0.0,1.43,52.47,51.33,50.31,49.47,-114,-1.0
2026-08-19 05:56:40,Laboratorios Civil Inferior,40.03,Silence,0.0,40.52,Silence,0.0,0.0,0.0,0.0,0.0,0.0,0.0,0.0,0.0,0.0,40.47,39.99,39.62,-120,-3.0
2026-08-19 05:56:41,Lobby Eléctrica,47.11,Mixed,53.99,48.41,Group 2 (Impact),46.69,47.72,0.0,0.0,47.1,53.99,26.91,0.13,0.26,18.71,48.37,46.93,43.97,-100,9.2
2026-08-19 05:56:59,Pasillo Salones Eléctrica,36.25,Silence,0.0,36.76,Silence,0.0,0.0,0.0,0.0,0.0,0.0,0.0,0.0,0.0,0.0,36.57,36.16,35.71,-117,-1.0
2026-08-19 05:57:09,Salón - Uma Eléctrica,43.38,Silence,0.0,44.1,Silence,0.0,0.0,0.0,0.0,0.0,0.0,0.0,0.0,0.0,0.0,44.05,43.48,41.77,-113,7.2
2026-08-19 05:57:24,Salón - Extremo Civil,34.75,Silence,0.0,39.58,Silence,0.0,0.0,0.0,0.0,0.0,0.0,0.0,0.0,0.0,0.0,40.97,31.82,27.06,-99,8.8
2026-08-19 05:57:35,Pasillo Salones Civil,40.06,Silence,0.0,40.99,Silence,0.0,0.0,0.0,0.0,0.0,0.0,0.0,0.0,0.0,0.0,41.0,39.79,39.42,-117,-11.0
2026-08-19 05:57:43,Laboratorios Civil Superior,44.07,Silence,0.0,44.88,Silence,0.0,0.0,0.0,0.0,0.0,0.0,0.0,0.0,0.0,0.0,44.79,44.0,43.35,-109,4.0
2026-08-19 05:58:05,Laboratorios Eléctrica Centro,45.74,Mixed,56.03,46.67,Group 5 (Vehicle),0.0,0.0,45.78,0.0,45.86,3.91,2.86,37.2,0.04,56.03,46.94,45.68,44.67,-99,12.0
2026-08-19 05:58:56,Laboratorios Eléctrica Superior,39.8,Silence,0.0,40.68,Silence,0.0,0.0,0.0,0.0,0.0,0.0,0.0,0.0,0.0,0.0,40.63,39.89,38.73,-107,11.8
2026-08-19 05:59:14,Pasillo Decanato Civil,23.5,Silence,0.0,24.21,Silence,0.0,0.0,0.0,0.0,0.0,0.0,0.0,0.0,0.0,0.0,24.07,23.62,22.49,-115,5.0
2026-08-19 05:59:15,Lobby Civil,52.88,Group 1 (Common),70.36,53.59,Group 1 (Common),52.86,0.0,0.0,0.0,53.09,70.36,2.0,0.0,2.0,25.52,53.54,52.95,51.95,-91,12.0
2026-08-19 06:00:45,Salón - Extremo Eléctrica,35.82,Silence,0.0,42.52,Silence,0.0,0.0,0.0,0.0,0.0,0.0,0.0,0.0,0.0,0.0,41.47,31.37,29.56,-111,7.8
2026-08-19 06:00:55,Salón - Uma Civil,39.32,Silence,0.0,40.51,Silence,0.0,0.0,0.0,0.0,0.0,0.0,0.0,0.0,0.0,0.0,40.82,39.32,37.46,-117,-9.2
2026-08-19 06:01:10,Pasillo Decanato Eléctrica,56.81,Group 1 (Common),99.26,57.33,Group 1 (Common),56.64,0.0,0.0,0.0,0.0,99.26,0.0,0.0,0.13,0.48,57.37,56.97,55.93,-105,7.8
2026-08-19 06:01:21,Laboratorios Civil Central,52.73,Group 1 (Common),81.21,54.67,Group 1 (Common),52.65,0.0,0.0,0.0,0.0,81.21,0.95,0.0,0.82,17.01,54.84,52.41,50.8,-103,11.0
2026-08-19 06:01:25,Laboratorios Eléctrica Inferior,51.18,Group 5 (Vehicle),81.34,51.76,Group 5 (Vehicle),51.18,0.0,0.0,0.0,51.28,18.45,0.04,0.0,0.09,81.34,51.87,51.12,50.67,-119,-8.0
2026-08-19 06:01:40,Laboratorios Civil Inferior,40.72,Silence,0.0,41.54,Silence,0.0,0.0,0.0,0.0,0.0,0.0,0.0,0.0,0.0,0.0,41.36,40.6,40.1,-115,1.5
2026-08-19 06:01:41,Lobby Eléctrica,52.61,Group 1 (Common),74.13,54.67,Group 1 (Common),52.96,0.0,0.0,0.0,50.18,74.13,0.52,0.17,0.26,24.61,54.88,52.0,48.62,-97,11.5
2026-08-19 06:01:59,Pasillo Salones Eléctrica,39.92,Silence,0.0,42.7,Silence,0.0,0.0,0.0,0.0,0.0,0.0,0.0,0.0,0.0,0.0,43.2,38.88,35.71,-118,0.8
2026-08-19 06:02:09,Salón - Uma Eléctrica,43.25,Silence,0.0,44.06,Silence,0.0,0.0,0.0,0.0,0.0,0.0,0.0,0.0,0.0,0.0,44.06,43.29,41.86,-111,6.5
2026-08-19 06:02:24,Salón - Extremo Civil,33.21,Silence,0.0,38.35,Silence,0.0,0.0,0.0,0.0,0.0,0.0,0.0,0.0,0.0,0.0,38.9,32.39,28.0,-99,12.0
2026-08-19 06:02:35,Pasillo Salones Civil,39.48,Silence,0.0,40.16,Silence,0.0,0.0,0.0,0.0,0.0,0.0,0.0,0.0,0.0,0.0,40.21,39.43,38.84,-117,-2.2
2026-08-19 06:02:43,Laboratorios Civil Superior,47.6,Group 1 (Common),98.0,50.68,Group 1 (Common),47.96,0.0,0.0,0.0,0.0,98.0,0.73,0.0,0.2,1.12,51.4,45.79,44.25,-114,3.0
2026-08-19 06:03:05,Laboratorios Eléctrica Centro,46.98,Mixed,40.93,47.87,Group 3 (Rotary Tool),47.53,0.0,47.12,0.0,46.6,17.88,0.61,40.93,0.09,40.41,47.74,47.08,46.07,-99,11.8
2026-08-19 06:03:56,Laboratorios Eléctrica Superior,44.31,Silence,0.0,45.12,Silence,0.0,0.0,0.0,0.0,0.0,0.0,0.0,0.0,0.0,0.0,45.17,44.38,43.14,-103,12.8
2026-08-19 06:04:14,Pasillo Decanato Civil,23.9,Silence,0.0,24.79,Silence,0.0,0.0,0.0,0.0,0.0,0.0,0.0,0.0,0.0,0.0,25.08,23.75,23.18,-120,0.2
2026-08-19 06:04:15,Lobby Civil,53.95,Mixed,53.56,54.7,Group 1 (Common),53.96,0.0,0.0,0.0,53.98,53.56,4.83,0.0,2.73,38.92,54.44,54.0,53.27,-111,8.0
2026-08-19 06:05:45,Salón - Extremo Eléctrica,21.6,Silence,0.0,25.32,Silence,0.0,0.0,0.0,0.0,0.0,0.0,0.0,0.0,0.0,0.0,26.39,20.3,18.36,-88,12.2
2026-08-19 06:05:55,Salón - Uma Civil,38.94,Silence,0.0,40.86,Silence,0.0,0.0,0.0,0.0,0.0,0.0,0.0,0.0,0.0,0.0,41.17,39.07,35.04,-103,12.0
2026-08-19 06:06:15,Pasillo Decanato Eléctrica,57.02,Group 1 (Common),99.31,57.59,Group 1 (Common),56.97,0.0,0.0,0.0,0.0,99.31,0.3,0.0,0.04,0.26,57.48,57.08,56.5,-105,12.2
2026-08-19 06:06:21,Laboratorios Civil Central,56.03,Group 1 (Common),99.44,57.37,Group 1 (Common),55.85,0.0,0.0,0.0,0.0,99.44,0.0,0.0,0.0,0.22,57.33,55.74,54.37,-102,12.0
2026-08-19 06:06:25,Laboratorios Eléctrica Inferior,51.31,Mixed,55.73,51.99,Group 5 (Vehicle),51.38,0.0,0.0,0.0,51.39,43.75,0.09,0.0,0.22,55.73,51.87,51.42,50.13,-117,0.5
2026-08-19 06:06:40,Laboratorios Civil Inferior,40.63,Silence,0.0,41.62,Silence,0.0,0.0,0.0,0.0,0.0,0.0,0.0,0.0,0.0,0.0,41.65,40.55,39.27,-119,-2.5
2026-08-19 06:06:41,Lobby Eléctrica,55.67,Mixed,53.99,58.95,Group 3 (Rotary Tool),53.62,0.0,58.99,55.32,0.0,53.99,1.09,11.94,30.43,2.6,59.26,55.51,48.47,-101,11.2
2026-08-19 06:06:59,Pasillo Salones Eléctrica,37.34,Silence,0.0,38.39,Silence,0.0,0.0,0.0,0.0,0.0,0.0,0.0,0.0,0.0,0.0,38.44,37.26,35.95,-91,12.0
2026-08-19 06:07:09,Salón - Uma Eléctrica,42.63,Silence,0.0,43.2,Silence,0.0,0.0,0.0,0.0,0.0,0.0,0.0,0.0,0.0,0.0,43.34,42.81,41.69,-108,5.2
2026-08-19 06:07:24,Salón - Extremo Civil,31.85,Silence,0.0,38.75,Silence,0.0,0.0,0.0,0.0,0.0,0.0,0.0,0.0,0.0,0.0,36.48,30.7,25.94,-101,12.5
2026-08-19 06:07:35,Pasillo Salones Civil,39.98,Silence,0.0,41.26,Silence,0.0,0.0,0.0,0.0,0.0,0.0,0.0,0.0,0.0,0.0,41.48,39.71,39.2,-103,10.2
2026-08-19 06:07:43,Laboratorios Civil Superior,46.48,Group 1 (Common),87.16,52.33,Group 1 (Common),44.39,0.0,0.0,0.0,0.0,87.16,0.54,0.05,0.29,11.96,53.34,44.44,43.2,-105,11.0
2026-08-19 06:08:05,Laboratorios Eléctrica Centro,47.33,Mixed,42.49,48.24,Group 3 (Rotary Tool),47.4,0.0,47.53,0.0,47.11,21.88,3.39,31.77,0.17,42.49,48.17,47.39,46.62,-103,8.8
2026-08-19 06:08:56,Laboratorios Eléctrica Superior,39.72,Silence,0.0,40.68,Silence,0.0,0.0,0.0,0.0,0.0,0.0,0.0,0.0,0.0,0.0,40.42,39.76,39.05,-105,6.8
2026-08-19 06:09:14,Pasillo Decanato Civil,24.74,Silence,0.0,26.48,Silence,0.0,0.0,0.0,0.0,0.0,0.0,0.0,0.0,0.0,0.0,26.47,24.51,23.39,-115,2.5
2026-08-19 06:09:15,Lobby Civil,57.36,Group 1 (Common),99.57,58.99,Group 1 (Common),57.13,0.0,0.0,0.0,0.0,99.57,0.0,0.04,0.09,0.0,59.41,57.34,54.48,-87,11.8
2026-08-19 06:10:45,Salón - Extremo Eléctrica,18.6,Silence,0.0,19.74,Silence,0.0,0.0,0.0,0.0,0.0,0.0,0.0,0.0,0.0,0.0,19.46,18.61,17.62,-108,8.0
2026-08-19 06:10:55,Salón - Uma Civil,38.71,Silence,0.0,39.81,Silence,0.0,0.0,0.0,0.0,0.0,0.0,0.0,0.0,0.0,0.0,39.61,38.63,37.65,-119,-4.5
2026-08-19 06:11:10,Pasillo Decanato Eléctrica,57.23,Group 1 (Common),99.52,57.95,Group 1 (Common),57.27,0.0,0.0,0.0,0.0,99.52,0.0,0.0,0.04,0.13,57.9,57.06,56.53,-98,11.0
2026-08-19 06:11:21,Laboratorios Civil Central,50.7,Mixed,66.15,51.63,Group 1 (Common),50.86,0.0,0.0,0.0,50.61,66.15,2.47,0.0,0.87,30.47,51.62,50.72,49.88,-120,-6.2
2026-08-19 06:11:27,Laboratorios Eléctrica Inferior,50.39,Group 5 (Vehicle),76.48,53.73,Group 1 (Common),51.36,0.0,0.0,0.0,50.63,22.87,0.09,0.0,0.52,76.48,50.99,50.36,49.76,-118,-4.8
2026-08-19 06:11:41,Laboratorios Civil Inferior,42.38,Silence,0.0,44.63,Silence,0.0,0.0,0.0,0.0,0.0,0.0,0.0,0.0,0.0,0.0,44.62,41.57,40.37,-103,-1.0
2026-08-19 06:11:41,Lobby Eléctrica,68.81,Group 1 (Common),99.09,71.17,Group 1 (Common),68.43,0.0,0.0,0.0,0.0,99.09,0.0,0.0,0.61,0.0,70.89,68.86,61.78,-105,12.2
2026-08-19 06:11:59,Pasillo Salones Eléctrica,34.71,Silence,0.0,35.85,Silence,0.0,0.0,0.0,0.0,0.0,0.0,0.0,0.0,0.0,0.0,35.88,34.32,33.74,-95,13.2
2026-08-19 06:12:09,Salón - Uma Eléctrica,42.02,Silence,0.0,42.64,Silence,0.0,0.0,0.0,0.0,0.0,0.0,0.0,0.0,0.0,0.0,42.76,41.94,41.43,-107,4.0
2026-08-19 06:12:24,Salón - Extremo Civil,35.9,Silence,0.0,39.45,Silence,0.0,0.0,0.0,0.0,0.0,0.0,0.0,0.0,0.0,0.0,39.63,35.25,33.21,-89,13.8
2026-08-19 06:12:35,Pasillo Salones Civil,41.61,Silence,0.0,43.37,Silence,0.0,0.0,0.0,0.0,0.0,0.0,0.0,0.0,0.0,0.0,44.19,41.32,39.95,-117,-2.0
2026-08-19 06:12:43,Laboratorios Civil Superior,43.45,Silence,0.0,45.35,Silence,0.0,0.0,0.0,0.0,0.0,0.0,0.0,0.0,0.0,0.0,46.12,43.1,41.68,-109,6.0
2026-08-19 06:13:05,Laboratorios Eléctrica Centro,52.02,Mixed,41.88,56.84,Group 5 (Vehicle),0.0,48.69,0.0,0.0,51.72,10.72,37.59,7.34,2.39,41.88,58.77,47.49,46.13,-119,-4.8
2026-08-19 06:13:56,Laboratorios Eléctrica Superior,40.61,Silence,0.0,41.2,Silence,0.0,0.0,0.0,0.0,0.0,0.0,0.0,0.0,0.0,0.0,41.31,40.68,39.68,-99,11.8
2026-08-19 06:14:14,Pasillo Decanato Civil,27.18,Silence,0.0,28.32,Silence,0.0,0.0,0.0,0.0,0.0,0.0,0.0,0.0,0.0,0.0,28.37,27.14,25.83,-109,11.5
2026-08-19 06:14:15,Lobby Civil,57.63,Mixed,39.19,59.29,Group 5 (Vehicle),56.81,57.5,0.0,0.0,57.28,18.4,25.65,3.73,13.11,39.19,59.23,57.01,55.98,-107,8.2
2026-08-19 06:15:45,Salón - Extremo Eléctrica,21.58,Silence,0.0,22.56,Silence,0.0,0.0,0.0,0.0,0.0,0.0,0.0,0.0,0.0,0.0,22.4,21.68,20.65,-109,7.0
2026-08-19 06:15:55,Salón - Uma Civil,38.2,Silence,0.0,39.47,Silence,0.0,0.0,0.0,0.0,0.0,0.0,0.0,0.0,0.0,0.0,39.33,38.39,36.31,-107,7.5
2026-08-19 06:16:10,Pasillo Decanato Eléctrica,57.56,Group 1 (Common),99.61,58.16,Group 1 (Common),57.44,0.0,0.0,0.0,0.0,99.61,0.0,0.0,0.0,0.22,58.21,57.73,56.52,-107,9.8
2026-08-19 06:16:21,Laboratorios Civil Central,68.97,Mixed,61.68,72.57,Group 5 (Vehicle),67.72,0.0,0.0,0.0,68.78,61.68,0.0,0.04,3.86,34.46,73.97,66.98,55.8,-120,-5.5
2026-08-19 06:16:25,Laboratorios Eléctrica Inferior,53.09,Group 5 (Vehicle),79.43,55.95,Group 3 (Rotary Tool),50.74,0.0,55.91,0.0,52.13,11.41,1.56,6.42,1.09,79.43,56.52,51.17,50.49,-119,-2.0
2026-08-19 06:16:40,Laboratorios Civil Inferior,44.95,Silence,0.0,46.4,Silence,0.0,0.0,0.0,0.0,0.0,0.0,0.0,0.0,0.0,0.0,46.25,44.68,44.05,-120,-8.8
2026-08-19 06:16:46,Lobby Eléctrica,47.55,Mixed,61.94,50.63,Group 3 (Rotary Tool),0.0,47.59,48.14,0.0,46.15,7.68,8.72,61.94,1.78,19.79,49.46,47.66,45.44,-97,11.0
2026-08-19 06:16:59,Pasillo Salones Eléctrica,34.01,Silence,0.0,35.15,Silence,0.0,0.0,0.0,0.0,0.0,0.0,0.0,0.0,0.0,0.0,35.32,34.11,32.8,-91,9.5
2026-08-19 06:17:09,Salón - Uma Eléctrica,42.44,Silence,0.0,43.45,Silence,0.0,0.0,0.0,0.0,0.0,0.0,0.0,0.0,0.0,0.0,43.83,42.4,41.52,-111,8.2
2026-08-19 06:17:24,Salón - Extremo Civil,28.69,Silence,0.0,32.2,Silence,0.0,0.0,0.0,0.0,0.0,0.0,0.0,0.0,0.0,0.0,32.16,30.3,22.39,-84,13.2
2026-08-19 06:17:35,Pasillo Salones Civil,41.27,Silence,0.0,42.98,Silence,0.0,0.0,0.0,0.0,0.0,0.0,0.0,0.0,0.0,0.0,42.89,41.41,39.55,-101,11.5
2026-08-19 06:17:43,Laboratorios Civil Superior,43.12,Silence,0.0,44.44,Silence,0.0,0.0,0.0,0.0,0.0,0.0,0.0,0.0,0.0,0.0,44.84,43.1,41.55,-101,11.2
2026-08-19 06:18:05,Laboratorios Eléctrica Centro,54.28,Group 5 (Vehicle),83.16,61.93,Group 5 (Vehicle),0.0,0.0,46.2,0.0,57.76,0.95,1.74,14.15,0.0,83.16,61.77,48.5,45.06,-105,13.0
2026-08-19 06:18:56,Laboratorios Eléctrica Superior,51.95,Mixed,53.3,58.59,Group 4 (Person),45.59,53.64,0.0,57.93,0.0,53.3,10.85,1.09,27.26,7.47,60.81,44.2,39.72,-105,11.5
2026-08-19 06:19:14,Pasillo Decanato Civil,24.98,Silence,0.0,26.48,Silence,0.0,0.0,0.0,0.0,0.0,0.0,0.0,0.0,0.0,0.0,27.0,24.9,23.19,-97,9.0
2026-08-19 06:19:16,Lobby Civil,59.5,Group 1 (Common),92.84,62.31,Group 1 (Common),60.04,0.0,0.0,0.0,0.0,92.84,4.08,0.0,3.08,0.0,62.88,58.85,56.16,-97,13.8
2026-08-19 06:20:45,Salón - Extremo Eléctrica,20.82,Silence,0.0,23.41,Silence,0.0,0.0,0.0,0.0,0.0,0.0,0.0,0.0,0.0,0.0,23.19,20.2,19.45,-86,9.2
2026-08-19 06:20:55,Salón - Uma Civil,38.59,Silence,0.0,40.16,Silence,0.0,0.0,0.0,0.0,0.0,0.0,0.0,0.0,0.0,0.0,40.57,38.41,36.71,-120,-3.2
2026-08-19 06:21:10,Pasillo Decanato Eléctrica,56.97,Group 1 (Common),99.0,57.91,Group 1 (Common),56.79,0.0,0.0,0.0,0.0,99.0,0.0,0.0,0.0,0.69,58.48,56.94,55.9,-109,8.2
2026-08-19 06:21:21,Laboratorios Civil Central,58.42,Group 1 (Common),90.93,62.51,Group 1 (Common),58.77,0.0,0.0,0.0,0.0,90.93,4.77,0.0,3.73,0.56,63.9,57.26,53.83,-105,10.8
2026-08-19 06:21:25,Laboratorios Eléctrica Inferior,49.95,Group 5 (Vehicle),73.74,50.85,Group 5 (Vehicle),49.87,0.0,0.0,0.0,50.23,24.96,0.48,0.09,0.56,73.74,50.81,50.02,49.17,-120,-4.8
2026-08-19 06:21:40,Laboratorios Civil Inferior,43.59,Silence,0.0,45.03,Silence,0.0,0.0,0.0,0.0,0.0,0.0,0.0,0.0,0.0,0.0,45.11,43.86,40.76,-116,-12.2
2026-08-19 06:21:41,Lobby Eléctrica,55.58,Mixed,43.21,59.24,Group 1 (Common),56.73,0.0,48.9,0.0,0.0,43.21,4.35,41.99,0.1,10.11,59.47,49.54,48.82,-99,13.0
2026-08-19 06:21:59,Pasillo Salones Eléctrica,35.28,Silence,0.0,36.46,Silence,0.0,0.0,0.0,0.0,0.0,0.0,0.0,0.0,0.0,0.0,36.57,35.09,34.43,-93,13.0
2026-08-19 06:22:09,Salón - Uma Eléctrica,41.34,Silence,0.0,42.16,Silence,0.0,0.0,0.0,0.0,0.0,0.0,0.0,0.0,0.0,0.0,42.27,41.27,40.32,-108,7.0
2026-08-19 06:22:24,Salón - Extremo Civil,33.69,Silence,0.0,38.48,Silence,0.0,0.0,0.0,0.0,0.0,0.0,0.0,0.0,0.0,0.0,39.22,33.25,28.95,-101,11.8
2026-08-19 06:22:35,Pasillo Salones Civil,39.42,Silence,0.0,40.31,Silence,0.0,0.0,0.0,0.0,0.0,0.0,0.0,0.0,0.0,0.0,40.48,38.89,38.14,-117,0.5
2026-08-19 06:22:43,Laboratorios Civil Superior,54.17,Mixed,37.63,60.26,Group 3 (Rotary Tool),48.02,55.36,60.04,0.0,0.0,33.12,37.63,18.53,1.87,8.9,62.52,49.53,43.7,-103,11.8
2026-08-19 06:23:05,Laboratorios Eléctrica Centro,46.49,Group 5 (Vehicle),85.16,49.31,Group 5 (Vehicle),0.0,0.0,0.0,0.0,45.89,7.81,0.1,6.79,0.15,85.16,49.98,45.78,45.44,-99,11.8
2026-08-19 06:23:56,Laboratorios Eléctrica Superior,40.35,Silence,0.0,41.2,Silence,0.0,0.0,0.0,0.0,0.0,0.0,0.0,0.0,0.0,0.0,41.36,40.16,39.63,-115,6.8
2026-08-19 06:24:14,Pasillo Decanato Civil,25.55,Silence,0.0,26.35,Silence,0.0,0.0,0.0,0.0,0.0,0.0,0.0,0.0,0.0,0.0,26.29,25.59,24.09,-95,12.0
2026-08-19 06:24:16,Lobby Civil,57.75,Group 1 (Common),98.18,60.02,Group 1 (Common),58.09,0.0,0.0,0.0,0.0,98.18,0.3,0.0,1.26,0.0,59.3,57.68,55.18,-91,11.5
2026-08-19 06:25:45,Salón - Extremo Eléctrica,18.6,Silence,0.0,19.31,Silence,0.0,0.0,0.0,0.0,0.0,0.0,0.0,0.0,0.0,0.0,19.1,18.62,17.83,-91,13.0
2026-08-19 06:25:55,Salón - Uma Civil,39.24,Silence,0.0,40.76,Silence,0.0,0.0,0.0,0.0,0.0,0.0,0.0,0.0,0.0,0.0,41.0,39.65,37.16,-121,-10.5
2026-08-19 06:26:10,Pasillo Decanato Eléctrica,57.04,Group 1 (Common),99.26,57.57,Group 1 (Common),57.13,0.0,0.0,0.0,0.0,99.26,0.09,0.0,0.09,0.35,57.57,57.09,56.12,-103,10.8
2026-08-19 06:26:21,Laboratorios Civil Central,63.15,Group 1 (Common),95.61,66.07,Group 1 (Common),61.86,0.0,0.0,0.0,0.0,95.61,0.0,0.0,3.56,0.73,66.49,61.32,56.9,-103,11.8
2026-08-19 06:26:25,Laboratorios Eléctrica Inferior,50.26,Mixed,50.63,50.99,Group 5 (Vehicle),50.04,0.0,0.0,0.0,50.37,50.63,0.15,0.0,0.34,48.73,51.14,50.33,49.28,-120,-3.0
2026-08-19 06:26:41,Laboratorios Civil Inferior,52.61,Group 1 (Common),89.97,56.12,Group 1 (Common),51.92,0.0,0.0,0.0,0.0,89.97,2.43,0.0,0.56,6.94,56.49,52.68,44.37,-120,-8.5
2026-08-19 06:26:41,Lobby Eléctrica,58.8,Group 1 (Common),99.61,59.37,Group 1 (Common),58.84,0.0,0.0,0.0,0.0,99.61,0.0,0.05,0.0,0.0,59.43,58.76,58.22,-103,11.0
2026-08-19 06:26:59,Pasillo Salones Eléctrica,35.49,Silence,0.0,36.21,Silence,0.0,0.0,0.0,0.0,0.0,0.0,0.0,0.0,0.0,0.0,36.19,35.5,34.0,-101,12.8
2026-08-19 06:27:09,Salón - Uma Eléctrica,41.66,Silence,0.0,42.81,Silence,0.0,0.0,0.0,0.0,0.0,0.0,0.0,0.0,0.0,0.0,43.05,41.52,40.84,-109,8.0
2026-08-19 06:27:24,Salón - Extremo Civil,28.45,Silence,0.0,33.43,Silence,0.0,0.0,0.0,0.0,0.0,0.0,0.0,0.0,0.0,0.0,32.32,27.49,24.35,-94,11.8
2026-08-19 06:27:35,Pasillo Salones Civil,56.97,Group 2 (Impact),94.43,61.83,Group 2 (Impact),0.0,54.2,0.0,0.0,0.0,0.88,94.43,3.03,0.63,1.12,62.69,40.7,39.26,-118,-4.0
2026-08-19 06:27:43,Laboratorios Civil Superior,44.34,Silence,0.0,46.46,Silence,0.0,0.0,0.0,0.0,0.0,0.0,0.0,0.0,0.0,0.0,46.41,43.89,43.05,-106,8.8
2026-08-19 06:28:05,Laboratorios Eléctrica Centro,45.34,Mixed,57.68,46.68,Group 3 (Rotary Tool),44.91,0.0,45.46,0.0,45.3,12.37,0.74,28.95,0.26,57.68,46.53,44.92,44.69,-116,-0.8
2026-08-19 06:28:56,Laboratorios Eléctrica Superior,40.11,Silence,0.0,40.81,Silence,0.0,0.0,0.0,0.0,0.0,0.0,0.0,0.0,0.0,0.0,41.0,40.09,39.31,-115,3.5
2026-08-19 06:29:14,Pasillo Decanato Civil,26.2,Silence,0.0,28.6,Silence,0.0,0.0,0.0,0.0,0.0,0.0,0.0,0.0,0.0,0.0,29.81,25.85,23.98,-113,7.2
2026-08-19 06:29:16,Lobby Civil,53.26,Group 1 (Common),89.19,56.32,Group 1 (Common),54.11,0.0,0.0,0.0,0.0,89.19,0.3,0.0,0.22,9.98,55.56,52.8,50.31,-100,8.5
2026-08-19 06:30:45,Salón - Extremo Eléctrica,21.03,Silence,0.0,22.23,Silence,0.0,0.0,0.0,0.0,0.0,0.0,0.0,0.0,0.0,0.0,22.26,21.01,20.03,-91,12.2
2026-08-19 06:30:55,Salón - Uma Civil,39.06,Silence,0.0,40.49,Silence,0.0,0.0,0.0,0.0,0.0,0.0,0.0,0.0,0.0,0.0,40.84,38.7,37.68,-107,10.5
2026-08-19 06:31:10,Pasillo Decanato Eléctrica,56.94,Group 1 (Common),99.39,58.11,Group 1 (Common),57.17,0.0,0.0,0.0,0.0,99.39,0.04,0.0,0.09,0.35,57.87,56.86,55.92,-105,8.5
2026-08-19 06:31:21,Laboratorios Civil Central,52.4,Group 1 (Common),90.38,54.12,Group 1 (Common),52.94,0.0,0.0,0.0,0.0,90.38,0.1,0.05,0.15,9.38,53.78,51.9,50.92,-117,-9.8
2026-08-19 06:31:25,Laboratorios Eléctrica Inferior,49.98,Mixed,62.16,50.83,Group 1 (Common),50.23,0.0,0.0,0.0,50.27,33.5,2.93,0.0,1.22,62.16,50.48,49.9,49.29,-119,-2.5
2026-08-19 06:31:41,Laboratorios Civil Inferior,43.95,Silence,0.0,45.87,Silence,0.0,0.0,0.0,0.0,0.0,0.0,0.0,0.0,0.0,0.0,45.16,43.9,42.62,-120,-5.2
2026-08-19 06:31:41,Lobby Eléctrica,55.05,Group 1 (Common),81.77,56.69,Group 1 (Common),55.28,0.0,55.2,0.0,0.0,81.77,0.26,17.19,0.04,0.78,55.72,55.1,53.79,-103,11.2
2026-08-19 06:32:00,Pasillo Salones Eléctrica,34.48,Silence,0.0,35.08,Silence,0.0,0.0,0.0,0.0,0.0,0.0,0.0,0.0,0.0,0.0,35.18,34.54,33.23,-93,9.2
2026-08-19 06:32:09,Salón - Uma Eléctrica,40.96,Silence,0.0,41.74,Silence,0.0,0.0,0.0,0.0,0.0,0.0,0.0,0.0,0.0,0.0,41.69,40.97,40.61,-114,5.2
2026-08-19 06:32:24,Salón - Extremo Civil,26.33,Silence,0.0,28.7,Silence,0.0,0.0,0.0,0.0,0.0,0.0,0.0,0.0,0.0,0.0,27.64,26.16,23.33,-99,13.0
2026-08-19 06:32:36,Pasillo Salones Civil,43.94,Silence,0.0,58.58,Silence,0.0,0.0,0.0,0.0,0.0,0.0,0.0,0.0,0.0,0.0,49.92,41.16,39.45,-103,9.5
2026-08-19 06:32:43,Laboratorios Civil Superior,52.39,Mixed,67.62,57.26,Group 4 (Person),0.0,0.0,0.0,55.55,51.69,2.91,0.65,0.39,28.39,67.62,56.95,50.64,46.95,-103,5.2
2026-08-19 06:33:05,Laboratorios Eléctrica Centro,46.23,Group 5 (Vehicle),82.07,46.89,Group 5 (Vehicle),0.0,0.0,46.12,0.0,46.38,4.12,0.48,13.24,0.04,82.07,46.73,46.32,45.07,-103,12.2
2026-08-19 06:33:56,Laboratorios Eléctrica Superior,46.25,Group 1 (Common),84.9,50.85,Group 1 (Common),45.49,0.0,0.0,0.0,0.0,84.9,1.0,0.0,0.17,13.89,51.91,43.9,39.81,-117,-1.5
2026-08-19 06:34:14,Pasillo Decanato Civil,27.28,Silence,0.0,31.14,Silence,0.0,0.0,0.0,0.0,0.0,0.0,0.0,0.0,0.0,0.0,31.76,25.26,24.51,-112,5.5
2026-08-19 06:34:16,Lobby Civil,57.99,Group 1 (Common),99.18,60.12,Group 1 (Common),58.08,0.0,0.0,0.0,0.0,99.18,0.0,0.09,0.48,0.0,59.5,58.29,55.48,-109,9.5
2026-08-19 06:35:45,Salón - Extremo Eléctrica,19.65,Silence,0.0,20.53,Silence,0.0,0.0,0.0,0.0,0.0,0.0,0.0,0.0,0.0,0.0,20.79,19.66,18.41,-111,8.8
2026-08-19 06:35:55,Salón - Uma Civil,39.46,Silence,0.0,40.91,Silence,0.0,0.0,0.0,0.0,0.0,0.0,0.0,0.0,0.0,0.0,40.81,39.44,38.25,-117,3.0
2026-08-19 06:36:10,Pasillo Decanato Eléctrica,56.74,Group 1 (Common),99.41,57.47,Group 1 (Common),56.73,0.0,0.0,0.0,0.0,99.41,0.0,0.0,0.0,0.34,57.76,56.75,55.79,-108,9.8
2026-08-19 06:36:21,Laboratorios Civil Central,60.26,Group 1 (Common),95.14,62.28,Group 1 (Common),59.87,0.0,0.0,0.0,0.0,95.14,0.0,0.0,4.34,0.35,62.67,60.72,53.84,-103,9.2
2026-08-19 06:36:25,Laboratorios Eléctrica Inferior,51.52,Group 5 (Vehicle),76.65,52.45,Group 5 (Vehicle),51.05,0.0,0.0,0.0,51.2,19.23,2.08,0.04,1.82,76.65,52.49,51.72,50.48,-119,6.0
2026-08-19 06:36:41,Laboratorios Civil Inferior,43.59,Silence,0.0,46.96,Silence,0.0,0.0,0.0,0.0,0.0,0.0,0.0,0.0,0.0,0.0,47.95,42.25,40.93,-119,-2.5
2026-08-19 06:36:41,Lobby Eléctrica,48.18,Mixed,55.3,50.04,Group 3 (Rotary Tool),47.38,0.0,49.11,0.0,0.0,27.52,7.34,55.3,0.09,9.72,50.83,47.43,45.02,-101,11.2
2026-08-19 06:37:00,Pasillo Salones Eléctrica,34.67,Silence,0.0,35.51,Silence,0.0,0.0,0.0,0.0,0.0,0.0,0.0,0.0,0.0,0.0,35.63,34.66,33.35,-105,12.0
2026-08-19 06:37:09,Salón - Uma Eléctrica,41.23,Silence,0.0,42.11,Silence,0.0,0.0,0.0,0.0,0.0,0.0,0.0,0.0,0.0,0.0,42.32,41.41,39.37,-108,8.5
2026-08-19 06:37:24,Salón - Extremo Civil,33.31,Silence,0.0,38.24,Silence,0.0,0.0,0.0,0.0,0.0,0.0,0.0,0.0,0.0,0.0,38.92,31.97,26.59,-117,-12.0
2026-08-19 06:37:36,Pasillo Salones Civil,53.2,Mixed,64.5,57.49,Group 1 (Common),54.69,0.0,0.0,0.0,51.8,64.5,2.86,0.56,0.78,31.12,58.36,51.0,47.65,-102,11.0
2026-08-19 06:37:43,Laboratorios Civil Superior,58.68,Group 1 (Common),74.48,65.25,Group 1 (Common),54.53,0.0,0.0,0.0,44.86,74.48,3.78,0.04,1.87,19.92,65.61,45.13,43.24,-113,2.5
2026-08-19 06:38:05,Laboratorios Eléctrica Centro,45.9,Group 5 (Vehicle),82.25,46.53,Group 5 (Vehicle),0.0,0.0,45.67,0.0,45.9,1.3,0.04,16.32,0.0,82.25,46.76,45.9,45.06,-107,9.5
2026-08-19 06:38:56,Laboratorios Eléctrica Superior,40.32,Silence,0.0,41.27,Silence,0.0,0.0,0.0,0.0,0.0,0.0,0.0,0.0,0.0,0.0,41.21,40.24,39.48,-102,11.8
2026-08-19 06:39:14,Pasillo Decanato Civil,26.42,Silence,0.0,27.4,Silence,0.0,0.0,0.0,0.0,0.0,0.0,0.0,0.0,0.0,0.0,27.37,26.49,25.2,-113,5.2
2026-08-19 06:39:16,Lobby Civil,59.99,Group 1 (Common),78.99,66.24,Group 1 (Common),56.54,0.0,0.0,0.0,55.45,78.99,1.17,0.0,1.09,18.75,67.67,55.76,54.41,-108,7.5
2026-08-19 06:40:45,Salón - Extremo Eléctrica,52.28,Mixed,63.37,57.67,Group 4 (Person),0.0,43.98,0.0,57.4,0.0,3.99,63.37,0.04,27.91,4.6,59.3,47.78,31.05,-91,12.2
2026-08-19 06:40:55,Salón - Uma Civil,38.69,Silence,0.0,39.81,Silence,0.0,0.0,0.0,0.0,0.0,0.0,0.0,0.0,0.0,0.0,39.93,38.25,36.77,-108,9.5
2026-08-19 06:41:10,Pasillo Decanato Eléctrica,57.65,Group 1 (Common),99.52,58.21,Group 1 (Common),57.61,0.0,0.0,0.0,0.0,99.52,0.04,0.0,0.04,0.17,58.33,57.51,57.07,-107,9.8
2026-08-19 06:41:21,Laboratorios Civil Central,54.67,Group 1 (Common),97.14,55.45,Group 1 (Common),54.65,0.0,0.0,0.0,0.0,97.14,0.09,0.74,0.09,1.95,55.52,54.66,52.99,-102,10.8
2026-08-19 06:41:25,Laboratorios Eléctrica Inferior,52.26,Mixed,50.78,53.84,Group 1 (Common),52.62,0.0,0.0,0.0,51.75,47.09,1.39,0.0,0.69,50.78,54.19,51.6,50.88,-113,-1.0
2026-08-19 06:41:41,Laboratorios Civil Inferior,45.2,Mixed,54.12,47.44,Group 1 (Common),45.91,44.33,0.0,0.0,0.0,33.64,54.12,0.13,2.78,9.29,48.33,44.54,43.72,-120,-9.8
2026-08-19 06:41:41,Lobby Eléctrica,68.96,Group 1 (Common),88.85,72.46,Group 1 (Common),67.93,0.0,0.0,0.0,67.9,88.85,0.22,0.0,1.04,9.72,72.3,67.2,61.75,-115,-1.8
2026-08-19 06:42:00,Pasillo Salones Eléctrica,40.08,Silence,0.0,42.15,Silence,0.0,0.0,0.0,0.0,0.0,0.0,0.0,0.0,0.0,0.0,42.32,40.16,36.75,-119,-2.2
2026-08-19 06:42:09,Salón - Uma Eléctrica,40.86,Silence,0.0,41.76,Silence,0.0,0.0,0.0,0.0,0.0,0.0,0.0,0.0,0.0,0.0,42.16,40.65,39.8,-111,7.8
2026-08-19 06:42:24,Salón - Extremo Civil,31.23,Silence,0.0,34.77,Silence,0.0,0.0,0.0,0.0,0.0,0.0,0.0,0.0,0.0,0.0,35.65,29.66,29.0,-97,8.8
2026-08-19 06:42:36,Pasillo Salones Civil,46.1,Group 2 (Impact),93.79,48.04,Group 2 (Impact),0.0,45.97,0.0,0.0,0.0,0.61,93.79,0.09,2.6,2.95,48.39,46.0,43.3,-114,-2.5
2026-08-19 06:42:43,Laboratorios Civil Superior,51.61,Group 1 (Common),93.46,55.07,Group 1 (Common),52.0,0.0,0.0,0.0,0.0,93.46,2.88,0.05,1.95,1.9,55.71,49.3,47.85,-111,3.2
2026-08-19 06:43:05,Laboratorios Eléctrica Centro,47.62,Mixed,65.89,49.16,Group 5 (Vehicle),47.52,0.0,0.0,0.0,47.52,30.6,2.73,0.13,0.65,65.89,49.26,47.73,46.11,-101,8.5
2026-08-19 06:43:56,Laboratorios Eléctrica Superior,41.02,Silence,0.0,41.85,Silence,0.0,0.0,0.0,0.0,0.0,0.0,0.0,0.0,0.0,0.0,41.86,40.78,40.27,-113,6.2
2026-08-19 06:44:14,Pasillo Decanato Civil,27.06,Silence,0.0,31.95,Silence,0.0,0.0,0.0,0.0,0.0,0.0,0.0,0.0,0.0,0.0,30.03,27.1,24.45,-104,8.0
2026-08-19 06:44:16,Lobby Civil,60.53,Group 1 (Common),98.83,61.49,Group 1 (Common),60.21,0.0,0.0,0.0,0.0,98.83,0.65,0.0,0.35,0.0,61.94,60.99,57.68,-106,8.5
2026-08-19 06:45:45,Salón - Extremo Eléctrica,34.05,Silence,0.0,41.94,Silence,0.0,0.0,0.0,0.0,0.0,0.0,0.0,0.0,0.0,0.0,42.86,26.86,20.58,-90,11.5
2026-08-19 06:45:55,Salón - Uma Civil,41.57,Silence,0.0,43.13,Silence,0.0,0.0,0.0,0.0,0.0,0.0,0.0,0.0,0.0,0.0,43.31,41.56,39.45,-111,7.0
2026-08-19 06:46:10,Pasillo Decanato Eléctrica,57.58,Group 1 (Common),99.57,58.72,Group 1 (Common),57.77,0.0,0.0,0.0,0.0,99.57,0.09,0.0,0.0,0.0,58.48,57.68,56.77,-107,8.5
2026-08-19 06:46:21,Laboratorios Civil Central,52.61,Group 1 (Common),75.91,54.49,Group 1 (Common),52.33,0.0,0.0,0.0,52.61,75.91,0.52,0.0,0.09,23.31,55.15,52.82,50.55,-119,-4.5
2026-08-19 06:46:25,Laboratorios Eléctrica Inferior,50.4,Mixed,61.33,51.51,Group 1 (Common),50.87,0.0,0.0,0.0,50.63,36.15,0.69,0.0,1.87,61.33,51.29,50.4,49.74,-114,1.8
2026-08-19 06:46:41,Laboratorios Civil Inferior,42.03,Silence,0.0,44.13,Silence,0.0,0.0,0.0,0.0,0.0,0.0,0.0,0.0,0.0,0.0,45.4,41.29,39.61,-117,-6.8
2026-08-19 06:46:41,Lobby Eléctrica,60.42,Group 1 (Common),99.44,62.37,Group 1 (Common),60.63,0.0,0.0,0.0,0.0,99.44,0.0,0.0,0.22,0.0,62.04,59.78,57.74,-117,-1.2
2026-08-19 06:47:00,Pasillo Salones Eléctrica,38.46,Silence,0.0,42.46,Silence,0.0,0.0,0.0,0.0,0.0,0.0,0.0,0.0,0.0,0.0,42.13,37.02,36.16,-102,12.0
2026-08-19 06:47:09,Salón - Uma Eléctrica,47.5,Mixed,49.65,52.91,Group 1 (Common),50.61,44.02,0.0,0.0,0.0,49.65,41.19,0.04,1.04,8.12,52.96,46.15,41.54,-113,10.0
2026-08-19 06:47:24,Salón - Extremo Civil,36.32,Silence,0.0,39.43,Silence,0.0,0.0,0.0,0.0,0.0,0.0,0.0,0.0,0.0,0.0,40.26,35.7,33.73,-97,12.5
2026-08-19 06:47:36,Pasillo Salones Civil,47.54,Mixed,49.48,53.61,Group 2 (Impact),0.0,50.64,51.63,0.0,46.86,1.91,32.73,7.16,8.64,49.48,51.49,47.32,45.49,-105,11.2
2026-08-19 06:47:43,Laboratorios Civil Superior,53.23,Mixed,68.8,56.71,Group 4 (Person),52.77,0.0,0.0,55.58,0.0,68.8,0.05,2.64,25.73,2.64,57.61,52.12,46.63,-109,9.5
2026-08-19 06:48:05,Laboratorios Eléctrica Centro,47.39,Mixed,44.7,48.51,Group 1 (Common),48.0,0.0,47.0,0.0,47.37,25.95,1.78,27.43,0.09,44.7,48.81,47.21,46.1,-97,7.2
2026-08-19 06:48:57,Laboratorios Eléctrica Superior,40.21,Silence,0.0,40.75,Silence,0.0,0.0,0.0,0.0,0.0,0.0,0.0,0.0,0.0,0.0,40.64,40.14,39.78,-103,11.2
2026-08-19 06:49:14,Pasillo Decanato Civil,25.66,Silence,0.0,26.38,Silence,0.0,0.0,0.0,0.0,0.0,0.0,0.0,0.0,0.0,0.0,26.3,25.64,24.54,-113,7.8
2026-08-19 06:49:16,Lobby Civil,57.08,Mixed,58.89,61.39,Group 5 (Vehicle),55.12,54.56,0.0,0.0,56.17,58.89,26.61,0.15,4.39,9.96,62.56,55.86,53.88,-102,11.5
2026-08-19 06:50:45,Salón - Extremo Eléctrica,62.28,Mixed,53.13,66.26,Group 5 (Vehicle),61.91,59.8,0.0,62.2,65.14,23.0,10.68,0.0,53.13,13.11,67.27,61.74,56.07,-91,12.0
2026-08-19 06:50:55,Salón - Uma Civil,39.73,Silence,0.0,41.03,Silence,0.0,0.0,0.0,0.0,0.0,0.0,0.0,0.0,0.0,0.0,40.56,39.67,38.5,-119,-5.8
2026-08-19 06:51:10,Pasillo Decanato Eléctrica,57.12,Group 1 (Common),99.57,57.95,Group 1 (Common),57.08,0.0,0.0,0.0,0.0,99.57,0.13,0.0,0.04,0.13,58.01,57.07,56.38,-107,10.5
2026-08-19 06:51:21,Laboratorios Civil Central,60.27,Group 1 (Common),99.61,63.19,Group 1 (Common),59.83,0.0,0.0,0.0,0.0,99.61,0.0,0.0,0.0,0.0,63.18,59.52,56.0,-120,-8.5
2026-08-19 06:51:25,Laboratorios Eléctrica Inferior,51.67,Group 5 (Vehicle),85.94,52.91,Group 5 (Vehicle),0.0,0.0,0.0,0.0,51.45,12.85,0.26,0.17,0.91,85.94,53.29,51.67,50.55,-115,1.0
2026-08-19 06:51:41,Laboratorios Civil Inferior,48.52,Mixed,68.12,50.91,Group 1 (Common),49.04,46.94,0.0,0.0,0.0,68.12,19.68,0.0,0.73,11.47,51.21,47.12,46.85,-120,-4.5
2026-08-19 06:51:41,Lobby Eléctrica,57.71,Mixed,61.5,63.13,Group 5 (Vehicle),54.26,0.0,0.0,59.53,62.49,61.5,2.99,6.99,8.07,20.49,64.65,52.05,47.04,-102,8.5
2026-08-19 06:52:00,Pasillo Salones Eléctrica,45.99,Mixed,47.31,48.9,Group 1 (Common),47.55,43.24,0.0,0.0,0.0,47.31,46.88,4.64,0.69,0.35,49.35,45.2,38.67,-101,11.5
2026-08-19 06:52:09,Salón - Uma Eléctrica,43.59,Silence,0.0,46.55,Silence,0.0,0.0,0.0,0.0,0.0,0.0,0.0,0.0,0.0,0.0,46.81,42.15,41.1,-115,-8.2
2026-08-19 06:52:24,Salón - Extremo Civil,32.54,Silence,0.0,36.84,Silence,0.0,0.0,0.0,0.0,0.0,0.0,0.0,0.0,0.0,0.0,36.14,31.96,29.61,-117,-12.2
2026-08-19 06:52:36,Pasillo Salones Civil,44.14,Silence,0.0,48.98,Silence,0.0,0.0,0.0,0.0,0.0,0.0,0.0,0.0,0.0,0.0,45.7,43.95,41.1,-114,2.2
2026-08-19 06:52:43,Laboratorios Civil Superior,51.01,Mixed,46.88,55.57,Group 4 (Person),49.71,49.25,0.0,55.23,0.0,46.88,12.72,0.0,31.16,9.2,55.61,48.76,46.93,-117,1.2
2026-08-19 06:53:05,Laboratorios Eléctrica Centro,45.08,Group 5 (Vehicle),73.44,45.6,Group 5 (Vehicle),0.0,0.0,45.04,0.0,45.11,0.35,1.95,24.18,0.0,73.44,45.61,45.02,43.94,-119,-3.8
2026-08-19 06:53:57,Laboratorios Eléctrica Superior,47.69,Group 1 (Common),81.16,49.61,Group 1 (Common),48.1,0.0,0.0,0.0,0.0,81.16,0.95,10.5,0.13,7.34,49.43,47.4,44.77,-115,0.2
2026-08-19 06:54:14,Pasillo Decanato Civil,28.43,Silence,0.0,29.96,Silence,0.0,0.0,0.0,0.0,0.0,0.0,0.0,0.0,0.0,0.0,29.1,28.39,27.35,-103,11.8
2026-08-19 06:54:16,Lobby Civil,59.9,Mixed,38.09,61.81,Group 4 (Person),57.23,59.72,0.0,60.94,0.0,29.2,31.79,0.15,38.09,0.73,62.68,58.83,55.9,-111,8.2
2026-08-19 06:55:45,Salón - Extremo Eléctrica,54.41,Mixed,33.25,59.15,Group 4 (Person),49.01,54.79,0.0,56.35,43.97,22.74,19.88,0.22,33.25,23.83,58.7,50.84,35.12,-89,12.2
2026-08-19 06:55:55,Salón - Uma Civil,43.71,Silence,0.0,45.06,Silence,0.0,0.0,0.0,0.0,0.0,0.0,0.0,0.0,0.0,0.0,45.14,43.56,42.32,-117,3.2
2026-08-19 06:56:11,Pasillo Decanato Eléctrica,57.56,Group 1 (Common),99.13,58.11,Group 1 (Common),57.65,0.0,0.0,0.0,0.0,99.13,0.09,0.0,0.13,0.56,58.11,57.68,56.67,-103,9.8
2026-08-19 06:56:21,Laboratorios Civil Central,56.61,Group 1 (Common),81.42,58.93,Group 1 (Common),56.56,0.0,0.0,0.0,0.0,81.42,0.39,0.0,0.26,17.66,59.69,56.44,52.65,-105,11.2
2026-08-19 06:56:25,Laboratorios Eléctrica Inferior,53.92,Mixed,51.82,57.53,Group 1 (Common),54.39,0.0,0.0,0.0,54.4,40.45,3.26,1.48,2.86,51.82,57.93,52.53,50.83,-115,3.8
2026-08-19 06:56:41,Laboratorios Civil Inferior,50.6,Mixed,57.86,53.77,Group 5 (Vehicle),49.21,0.0,0.0,0.0,50.38,57.86,0.3,0.26,0.48,41.19,54.45,50.12,47.91,-120,-7.8
2026-08-19 06:56:41,Lobby Eléctrica,58.35,Group 1 (Common),72.09,69.45,Group 1 (Common),64.32,0.0,52.43,0.0,0.0,72.09,0.13,21.92,5.69,0.0,65.22,54.0,50.19,-119,-0.8
2026-08-19 06:57:00,Pasillo Salones Eléctrica,41.18,Silence,0.0,44.97,Silence,0.0,0.0,0.0,0.0,0.0,0.0,0.0,0.0,0.0,0.0,42.77,41.19,38.75,-91,12.8
2026-08-19 06:57:09,Salón - Uma Eléctrica,42.53,Silence,0.0,44.16,Silence,0.0,0.0,0.0,0.0,0.0,0.0,0.0,0.0,0.0,0.0,43.92,42.28,41.35,-117,-6.8
2026-08-19 06:57:25,Salón - Extremo Civil,33.06,Silence,0.0,41.43,Silence,0.0,0.0,0.0,0.0,0.0,0.0,0.0,0.0,0.0,0.0,37.6,32.08,30.21,-97,11.8
2026-08-19 06:57:36,Pasillo Salones Civil,43.92,Silence,0.0,45.36,Silence,0.0,0.0,0.0,0.0,0.0,0.0,0.0,0.0,0.0,0.0,45.31,43.89,42.09,-103,11.2
2026-08-19 06:57:43,Laboratorios Civil Superior,57.4,Group 1 (Common),87.15,59.28,Group 1 (Common),57.62,0.0,0.0,0.0,0.0,87.15,0.0,0.0,12.72,0.0,58.96,58.29,50.6,-102,10.2
2026-08-19 06:58:05,Laboratorios Eléctrica Centro,53.05,Group 5 (Vehicle),82.68,54.55,Group 5 (Vehicle),53.95,0.0,0.0,0.0,52.13,12.41,0.04,0.0,4.9,82.68,54.96,52.94,48.39,-100,11.8
2026-08-19 06:59:14,Pasillo Decanato Civil,30.89,Silence,0.0,32.98,Silence,0.0,0.0,0.0,0.0,0.0,0.0,0.0,0.0,0.0,0.0,33.36,30.86,27.98,-114,5.2
2026-08-19 06:59:16,Lobby Civil,54.23,Group 1 (Common),88.28,55.23,Group 1 (Common),54.33,0.0,0.0,0.0,0.0,88.28,6.16,0.0,1.39,4.17,55.21,54.18,53.3,-91,8.8
2026-08-19 07:00:45,Salón - Extremo Eléctrica,63.57,Mixed,50.39,67.2,Group 1 (Common),65.06,0.0,0.0,64.53,0.0,50.39,0.0,0.0,49.46,0.0,65.5,62.9,58.21,-91,12.2
2026-08-19 07:00:55,Salón - Uma Civil,45.92,Mixed,52.43,47.81,Group 2 (Impact),46.19,46.73,0.0,0.0,45.04,20.23,52.43,2.0,13.5,11.72,47.98,45.74,43.94,-119,0.8
2026-08-19 07:01:11,Pasillo Decanato Eléctrica,57.29,Group 1 (Common),99.57,58.07,Group 1 (Common),57.29,0.0,0.0,0.0,0.0,99.57,0.09,0.0,0.0,0.04,57.91,57.28,56.5,-113,9.2
2026-08-19 07:01:21,Laboratorios Civil Central,57.45,Group 1 (Common),99.26,59.93,Group 1 (Common),57.74,0.0,0.0,0.0,0.0,99.26,0.22,0.04,0.26,0.0,60.44,57.3,54.39,-107,11.2
2026-08-19 07:01:25,Laboratorios Eléctrica Inferior,51.18,Mixed,52.69,52.04,Group 5 (Vehicle),51.35,0.0,0.0,0.0,51.3,46.74,0.09,0.0,0.39,52.69,51.89,51.07,50.56,-117,2.2
2026-08-19 07:01:41,Laboratorios Civil Inferior,47.74,Mixed,66.54,49.22,Group 1 (Common),47.59,0.0,0.0,0.0,0.0,66.54,18.75,0.04,1.43,13.28,49.18,47.56,45.34,-117,-4.0
2026-08-19 07:01:41,Lobby Eléctrica,57.94,Group 1 (Common),99.41,62.41,Group 1 (Common),59.02,0.0,0.0,0.0,0.0,99.41,0.0,0.0,0.24,0.0,61.16,56.48,52.21,-102,10.2
2026-08-19 07:02:00,Pasillo Salones Eléctrica,52.71,Mixed,63.19,56.04,Group 1 (Common),52.95,48.42,0.0,0.0,0.0,63.19,25.43,0.09,1.95,9.24,56.75,52.59,43.33,-103,11.5
2026-08-19 07:02:09,Salón - Uma Eléctrica,54.86,Mixed,54.99,59.2,Group 2 (Impact),54.31,56.38,0.0,0.0,55.18,54.99,20.36,5.56,8.33,10.94,60.01,53.72,48.23,-105,10.0
2026-08-19 07:02:25,Salón - Extremo Civil,35.55,Silence,0.0,40.3,Silence,0.0,0.0,0.0,0.0,0.0,0.0,0.0,0.0,0.0,0.0,41.27,33.66,31.86,-85,12.0
2026-08-19 07:02:36,Pasillo Salones Civil,48.82,Mixed,63.77,49.83,Group 1 (Common),48.87,48.79,0.0,0.0,0.0,63.77,33.2,0.05,1.61,1.51,49.87,48.63,47.86,-102,11.0
2026-08-19 07:02:43,Laboratorios Civil Superior,49.34,Group 1 (Common),74.05,50.77,Group 2 (Impact),48.84,50.54,0.0,0.0,0.0,74.05,19.44,0.0,1.22,5.25,50.88,49.7,46.92,-107,9.8
2026-08-19 07:03:05,Laboratorios Eléctrica Centro,48.84,Mixed,47.12,50.86,Group 1 (Common),50.95,0.0,47.76,0.0,49.49,10.99,4.83,47.12,0.78,36.13,51.76,48.12,46.78,-101,12.0
2026-08-19 07:03:57,Laboratorios Eléctrica Superior,40.53,Silence,0.0,41.99,Silence,0.0,0.0,0.0,0.0,0.0,0.0,0.0,0.0,0.0,0.0,41.56,40.41,39.32,-105,8.5
2026-08-19 07:04:14,Pasillo Decanato Civil,30.13,Silence,0.0,31.44,Silence,0.0,0.0,0.0,0.0,0.0,0.0,0.0,0.0,0.0,0.0,31.3,30.48,28.59,-113,6.0
2026-08-19 07:04:16,Lobby Civil,53.26,Group 1 (Common),96.7,54.16,Group 1 (Common),53.27,0.0,0.0,0.0,0.0,96.7,0.39,0.0,0.3,2.69,54.07,53.12,52.36,-103,10.8
2026-08-19 07:05:45,Salón - Extremo Eléctrica,47.22,Mixed,46.96,56.63,Group 1 (Common),54.53,45.01,0.0,0.0,41.63,23.78,46.96,0.52,2.69,25.95,55.53,42.32,36.42,-108,9.0
2026-08-19 07:05:55,Salón - Uma Civil,41.94,Silence,0.0,45.02,Silence,0.0,0.0,0.0,0.0,0.0,0.0,0.0,0.0,0.0,0.0,45.73,40.35,39.09,-119,-5.2
2026-08-19 07:06:11,Pasillo Decanato Eléctrica,56.97,Group 1 (Common),98.18,58.32,Group 1 (Common),57.28,0.0,0.0,0.0,0.0,98.18,0.13,0.0,0.0,1.56,58.0,56.65,56.28,-105,11.2
2026-08-19 07:06:21,Laboratorios Civil Central,54.49,Group 1 (Common),89.65,56.16,Group 1 (Common),54.14,0.0,0.0,0.0,0.0,89.65,0.05,0.05,0.29,10.11,56.34,53.66,52.64,-101,9.5
2026-08-19 07:06:25,Laboratorios Eléctrica Inferior,57.22,Mixed,54.83,62.52,Group 1 (Common),59.22,0.0,0.0,0.0,50.71,54.83,0.68,0.34,0.83,43.31,64.12,51.48,50.22,-119,-4.5
2026-08-19 07:06:41,Laboratorios Civil Inferior,45.41,Mixed,67.27,49.73,Group 1 (Common),49.19,45.44,0.0,0.0,0.0,19.84,67.27,1.26,4.77,6.86,47.24,44.82,43.5,-120,-4.5
2026-08-19 07:06:41,Lobby Eléctrica,61.45,Mixed,62.4,68.08,Group 5 (Vehicle),60.65,0.0,0.0,66.25,67.97,62.4,7.96,1.07,19.19,9.18,65.73,58.87,55.71,-105,11.8
2026-08-19 07:07:00,Pasillo Salones Eléctrica,46.28,Mixed,60.33,49.72,Group 1 (Common),46.0,45.17,46.68,0.0,0.0,60.33,14.5,22.14,0.82,2.21,49.77,45.83,42.57,-91,13.8
2026-08-19 07:07:09,Salón - Uma Eléctrica,59.12,Mixed,34.85,63.83,Group 1 (Common),62.57,0.0,0.0,56.8,51.28,34.85,6.77,0.26,28.91,29.04,64.2,57.35,50.9,-109,4.8
2026-08-19 07:07:25,Salón - Extremo Civil,33.99,Silence,0.0,38.64,Silence,0.0,0.0,0.0,0.0,0.0,0.0,0.0,0.0,0.0,0.0,38.76,32.49,28.43,-109,9.2
2026-08-19 07:07:36,Pasillo Salones Civil,46.55,Group 2 (Impact),84.77,52.75,Group 2 (Impact),45.76,44.02,0.0,0.0,0.0,12.4,84.77,0.0,1.46,1.42,54.19,42.83,41.82,-95,8.8
2026-08-19 07:07:43,Laboratorios Civil Superior,50.23,Group 1 (Common),91.32,53.55,Group 1 (Common),51.2,0.0,0.0,0.0,0.0,91.32,0.35,0.26,0.26,7.9,52.09,49.98,47.87,-107,11.0
2026-08-19 07:08:05,Laboratorios Eléctrica Centro,50.31,Mixed,65.84,53.26,Group 5 (Vehicle),49.26,50.39,0.0,0.0,50.36,21.27,8.98,3.47,0.48,65.84,54.81,48.73,46.98,-117,-2.5
2026-08-19 07:08:57,Laboratorios Eléctrica Superior,60.37,Group 1 (Common),98.31,63.46,Group 1 (Common),60.83,0.0,0.0,0.0,0.0,98.31,0.0,0.0,1.43,0.0,63.65,59.58,53.73,-102,11.0
2026-08-19 07:09:14,Pasillo Decanato Civil,25.9,Silence,0.0,27.94,Silence,0.0,0.0,0.0,0.0,0.0,0.0,0.0,0.0,0.0,0.0,28.55,25.6,24.43,-108,10.5
2026-08-19 07:09:16,Lobby Civil,54.45,Group 1 (Common),92.8,56.04,Group 1 (Common),54.31,0.0,0.0,0.0,0.0,92.8,0.35,0.35,0.56,5.86,56.23,53.89,53.31,-93,12.8
2026-08-19 07:10:45,Salón - Extremo Eléctrica,65.16,Mixed,49.78,69.63,Group 4 (Person),61.3,52.66,0.0,67.51,63.54,49.78,20.79,0.0,22.66,6.9,69.88,59.69,34.5,-91,13.2
2026-08-19 07:10:55,Salón - Uma Civil,39.51,Silence,0.0,40.97,Silence,0.0,0.0,0.0,0.0,0.0,0.0,0.0,0.0,0.0,0.0,40.46,39.12,38.28,-119,-3.5
2026-08-19 07:11:11,Pasillo Decanato Eléctrica,57.56,Group 1 (Common),98.13,58.23,Group 1 (Common),57.51,0.0,0.0,0.0,0.0,98.13,0.3,0.0,0.26,1.35,58.24,57.38,56.69,-108,9.8
2026-08-19 07:11:21,Laboratorios Civil Central,58.92,Mixed,65.97,62.88,Group 5 (Vehicle),58.79,0.0,0.0,0.0,61.96,65.97,0.0,0.0,0.49,33.54,61.77,58.53,54.22,-102,11.2
2026-08-19 07:11:25,Laboratorios Eléctrica Inferior,50.84,Mixed,64.6,51.5,Group 1 (Common),51.27,0.0,0.0,51.09,51.1,9.03,1.07,0.2,25.29,64.6,51.33,50.92,49.81,-119,-10.5
2026-08-19 07:11:41,Laboratorios Civil Inferior,52.86,Mixed,37.11,56.06,Group 1 (Common),53.44,50.16,0.0,0.0,49.82,28.21,28.82,3.95,1.87,37.11,58.03,50.07,45.06,-119,-11.2
2026-08-19 07:11:41,Lobby Eléctrica,58.19,Group 1 (Common),94.66,60.7,Group 1 (Common),57.2,0.0,0.0,0.0,0.0,94.66,3.17,1.52,0.35,0.13,61.37,58.51,52.18,-120,-0.8
2026-08-19 07:12:00,Pasillo Salones Eléctrica,54.34,Mixed,41.02,58.02,Group 5 (Vehicle),53.72,0.0,48.57,0.0,55.33,37.98,3.65,16.06,1.17,41.02,59.34,53.17,46.83,-102,12.5
2026-08-19 07:12:09,Salón - Uma Eléctrica,68.2,Mixed,69.4,71.13,Group 4 (Person),0.0,49.21,0.0,68.65,0.0,0.0,30.25,0.0,69.4,0.0,72.3,66.99,39.86,-109,9.0
2026-08-19 07:12:25,Salón - Extremo Civil,39.76,Silence,0.0,43.73,Silence,0.0,0.0,0.0,0.0,0.0,0.0,0.0,0.0,0.0,0.0,42.03,40.01,36.38,-111,7.2
2026-08-19 07:12:36,Pasillo Salones Civil,60.9,Group 1 (Common),77.6,64.2,Group 2 (Impact),60.74,64.01,0.0,0.0,0.0,77.6,13.5,0.0,8.68,0.0,65.43,59.4,56.39,-109,11.2
2026-08-19 07:12:43,Laboratorios Civil Superior,54.32,Mixed,64.5,58.98,Group 1 (Common),52.42,57.92,0.0,0.0,0.0,64.5,24.18,0.17,4.21,7.07,59.29,51.81,44.31,-114,6.5
2026-08-19 07:13:05,Laboratorios Eléctrica Centro,45.39,Mixed,69.92,47.23,Group 5 (Vehicle),44.93,0.0,44.99,0.0,45.88,7.94,0.87,21.22,0.0,69.92,47.21,44.97,43.4,-101,7.8
2026-08-19 07:13:57,Laboratorios Eléctrica Superior,40.31,Silence,0.0,41.99,Silence,0.0,0.0,0.0,0.0,0.0,0.0,0.0,0.0,0.0,0.0,41.43,40.14,39.67,-117,1.8
2026-08-19 07:14:16,Pasillo Decanato Civil,27.94,Silence,0.0,28.66,Silence,0.0,0.0,0.0,0.0,0.0,0.0,0.0,0.0,0.0,0.0,28.65,28.1,27.31,-115,-3.8
2026-08-19 07:14:16,Lobby Civil,49.63,Mixed,61.5,53.77,Group 1 (Common),51.08,50.59,0.0,0.0,0.0,61.5,32.47,0.0,3.56,2.52,52.54,49.84,46.61,-93,13.5
2026-08-19 07:15:46,Salón - Extremo Eléctrica,64.76,Group 1 (Common),83.2,68.83,Group 1 (Common),65.78,0.0,0.0,66.17,0.0,83.2,0.0,0.04,16.75,0.0,69.92,62.32,37.27,-109,6.2
2026-08-19 07:15:55,Salón - Uma Civil,39.45,Silence,0.0,40.69,Silence,0.0,0.0,0.0,0.0,0.0,0.0,0.0,0.0,0.0,0.0,40.86,39.17,38.53,-118,-3.8
2026-08-19 07:16:11,Pasillo Decanato Eléctrica,57.06,Group 1 (Common),98.61,57.9,Group 1 (Common),57.13,0.0,0.0,0.0,0.0,98.61,0.04,0.0,0.09,1.22,57.88,57.32,55.93,-105,10.5
2026-08-19 07:16:21,Laboratorios Civil Central,64.31,Group 1 (Common),85.37,66.29,Group 1 (Common),62.88,0.0,0.0,65.37,0.0,85.37,1.0,0.0,13.45,0.0,66.96,64.66,58.79,-102,12.0
2026-08-19 07:16:25,Laboratorios Eléctrica Inferior,50.79,Mixed,59.59,51.39,Group 1 (Common),50.94,0.0,0.0,0.0,50.51,59.59,1.82,0.0,1.04,37.37,51.53,50.89,49.54,-115,1.0
2026-08-19 07:16:41,Laboratorios Civil Inferior,62.44,Mixed,44.44,65.76,Group 3 (Rotary Tool),61.57,0.0,65.28,0.0,60.56,19.1,9.64,16.58,10.2,44.44,66.44,61.25,54.35,-117,-9.0
2026-08-19 07:16:41,Lobby Eléctrica,60.94,Group 1 (Common),95.49,63.89,Group 1 (Common),61.8,0.0,0.0,0.0,0.0,95.49,0.0,0.3,0.43,3.52,62.96,60.59,57.59,-97,13.2
2026-08-19 07:17:00,Pasillo Salones Eléctrica,38.12,Silence,0.0,50.01,Silence,0.0,0.0,0.0,0.0,0.0,0.0,0.0,0.0,0.0,0.0,43.03,36.86,35.46,-91,12.0
2026-08-19 07:17:09,Salón - Uma Eléctrica,42.53,Silence,0.0,46.0,Silence,0.0,0.0,0.0,0.0,0.0,0.0,0.0,0.0,0.0,0.0,44.49,41.83,40.2,-119,-13.2
2026-08-19 07:17:25,Salón - Extremo Civil,47.89,Mixed,68.32,58.45,Group 1 (Common),51.99,0.0,0.0,0.0,0.0,68.32,13.85,6.29,9.55,2.08,52.72,46.71,44.78,-119,-9.5
2026-08-19 07:17:36,Pasillo Salones Civil,50.33,Group 1 (Common),87.76,53.13,Group 1 (Common),51.14,0.0,0.0,0.0,0.0,87.76,11.63,0.26,0.22,0.0,52.69,49.95,48.82,-107,11.8
2026-08-19 07:17:43,Laboratorios Civil Superior,56.59,Group 1 (Common),85.94,58.67,Group 1 (Common),56.59,0.0,0.0,0.0,0.0,85.94,10.98,0.0,1.78,1.35,58.65,56.8,52.31,-111,2.5
2026-08-19 07:18:05,Laboratorios Eléctrica Centro,46.99,Mixed,50.69,48.19,Group 3 (Rotary Tool),0.0,0.0,47.19,0.0,47.06,2.34,0.13,46.88,0.0,50.69,48.14,47.08,46.26,-101,11.2
2026-08-19 07:18:57,Laboratorios Eléctrica Superior,41.84,Silence,0.0,45.13,Silence,0.0,0.0,0.0,0.0,0.0,0.0,0.0,0.0,0.0,0.0,45.66,40.8,39.2,-117,1.8
2026-08-19 07:19:14,Pasillo Decanato Civil,28.75,Silence,0.0,30.18,Silence,0.0,0.0,0.0,0.0,0.0,0.0,0.0,0.0,0.0,0.0,29.41,28.99,27.96,-115,2.5
2026-08-19 07:19:16,Lobby Civil,59.65,Group 1 (Common),78.95,61.51,Group 1 (Common),59.15,0.0,0.0,0.0,60.03,78.95,0.04,0.35,0.95,19.66,61.67,60.02,58.09,-99,12.2
2026-08-19 07:20:46,Salón - Extremo Eléctrica,59.83,Mixed,58.46,64.57,Group 1 (Common),59.66,51.48,0.0,61.56,0.0,58.46,8.51,0.0,19.14,13.8,66.2,57.44,24.28,-89,12.5
2026-08-19 07:20:55,Salón - Uma Civil,44.86,Silence,0.0,48.13,Silence,0.0,0.0,0.0,0.0,0.0,0.0,0.0,0.0,0.0,0.0,47.79,43.95,41.93,-119,-4.0
2026-08-19 07:21:11,Pasillo Decanato Eléctrica,63.19,Group 1 (Common),99.41,66.38,Group 1 (Common),63.9,0.0,0.0,0.0,0.0,99.41,0.0,0.0,0.29,0.0,66.5,61.03,59.34,-108,9.8
2026-08-19 07:21:21,Laboratorios Civil Central,61.65,Group 1 (Common),87.37,65.35,Group 1 (Common),60.61,0.0,0.0,0.0,0.0,87.37,0.26,0.13,1.0,11.24,65.13,59.79,54.39,-105,11.5
2026-08-19 07:21:25,Laboratorios Eléctrica Inferior,51.09,Mixed,57.64,52.06,Group 1 (Common),51.3,0.0,0.0,0.0,51.06,57.64,1.61,0.0,0.95,39.63,51.43,51.17,50.67,-121,-6.8
2026-08-19 07:21:41,Laboratorios Civil Inferior,41.42,Silence,0.0,42.81,Silence,0.0,0.0,0.0,0.0,0.0,0.0,0.0,0.0,0.0,0.0,42.72,41.42,39.81,-119,-5.2
2026-08-19 07:21:41,Lobby Eléctrica,57.0,Group 1 (Common),99.48,59.27,Group 1 (Common),57.25,0.0,0.0,0.0,0.0,99.48,0.0,0.09,0.22,0.0,59.59,56.7,53.11,-97,12.0
2026-08-19 07:22:00,Pasillo Salones Eléctrica,42.19,Silence,0.0,46.22,Silence,0.0,0.0,0.0,0.0,0.0,0.0,0.0,0.0,0.0,0.0,46.05,40.77,38.14,-117,-9.2
2026-08-19 07:22:10,Salón - Uma Eléctrica,40.54,Silence,0.0,41.42,Silence,0.0,0.0,0.0,0.0,0.0,0.0,0.0,0.0,0.0,0.0,41.43,40.57,39.7,-104,4.5
2026-08-19 07:22:25,Salón - Extremo Civil,57.14,Mixed,43.16,59.72,Group 5 (Vehicle),58.84,52.23,0.0,0.0,57.12,5.96,40.38,4.39,6.1,43.16,59.72,58.01,43.37,-99,9.2
2026-08-19 07:22:36,Pasillo Salones Civil,57.33,Group 1 (Common),80.16,61.06,Group 4 (Person),55.15,0.0,0.0,59.45,0.0,80.16,0.52,0.0,19.18,0.0,62.46,57.59,49.88,-103,12.5
2026-08-19 07:22:44,Laboratorios Civil Superior,50.53,Group 1 (Common),97.22,52.18,Group 1 (Common),51.11,0.0,0.0,0.0,0.0,97.22,0.1,0.0,0.2,2.39,51.8,50.51,47.91,-115,3.0
2026-08-19 07:23:05,Laboratorios Eléctrica Centro,48.89,Group 1 (Common),79.17,50.12,Group 1 (Common),49.36,0.0,47.99,0.0,0.0,79.17,1.65,12.54,0.26,6.29,50.67,48.75,46.51,-101,11.5
2026-08-19 07:23:57,Laboratorios Eléctrica Superior,50.13,Group 1 (Common),75.74,61.29,Group 1 (Common),53.07,0.0,0.0,53.77,0.0,75.74,3.04,0.0,20.88,0.3,55.55,49.04,41.33,-99,11.5
2026-08-19 07:24:14,Pasillo Decanato Civil,31.45,Silence,0.0,32.88,Silence,0.0,0.0,0.0,0.0,0.0,0.0,0.0,0.0,0.0,0.0,32.67,31.36,29.64,-99,12.2
2026-08-19 07:24:16,Lobby Civil,59.82,Group 1 (Common),81.16,63.76,Group 1 (Common),59.36,0.0,0.0,60.2,0.0,81.16,0.04,0.0,18.71,0.0,64.88,58.69,53.49,-108,8.0
2026-08-19 07:25:46,Salón - Extremo Eléctrica,64.77,Mixed,47.83,67.45,Group 1 (Common),64.52,30.77,0.0,64.36,0.0,43.14,4.43,0.04,47.83,4.43,67.5,64.86,59.03,-111,8.5
2026-08-19 07:25:55,Salón - Uma Civil,50.56,Mixed,57.73,54.1,Group 4 (Person),51.14,46.86,46.46,51.66,0.0,21.27,12.76,8.2,57.73,0.0,54.97,48.41,43.68,-107,6.2
2026-08-19 07:26:11,Pasillo Decanato Eléctrica,57.65,Group 1 (Common),98.93,59.01,Group 1 (Common),58.0,0.0,0.0,0.0,0.0,98.93,0.05,0.0,0.15,0.73,58.65,57.46,56.83,-103,12.8
2026-08-19 07:26:21,Laboratorios Civil Central,57.14,Group 1 (Common),95.53,58.53,Group 1 (Common),57.05,0.0,0.0,0.0,0.0,95.53,0.0,1.43,2.73,0.04,59.24,56.47,55.23,-103,12.5
2026-08-19 07:26:25,Laboratorios Eléctrica Inferior,50.98,Group 5 (Vehicle),79.56,52.6,Group 5 (Vehicle),50.89,0.0,0.0,0.0,51.44,16.32,2.82,0.13,1.26,79.56,51.84,50.85,50.09,-115,0.5
2026-08-19 07:26:41,Laboratorios Civil Inferior,50.21,Mixed,61.77,52.09,Group 1 (Common),50.57,46.27,0.0,0.0,0.0,61.77,32.18,0.1,3.42,2.49,52.58,48.42,44.87,-114,5.0
2026-08-19 07:26:41,Lobby Eléctrica,49.5,Mixed,55.12,50.83,Group 5 (Vehicle),49.35,49.16,0.0,0.0,50.13,22.61,14.15,7.81,0.26,55.12,50.57,49.58,48.23,-99,9.5
2026-08-19 07:27:00,Pasillo Salones Eléctrica,38.55,Silence,0.0,40.6,Silence,0.0,0.0,0.0,0.0,0.0,0.0,0.0,0.0,0.0,0.0,40.27,38.58,36.22,-119,-3.5
2026-08-19 07:27:09,Salón - Uma Eléctrica,67.02,Mixed,58.16,73.0,Group 4 (Person),54.76,61.02,0.0,72.14,0.0,24.7,58.16,0.52,15.36,1.26,73.76,42.99,39.79,-115,-1.0
2026-08-19 07:27:25,Salón - Extremo Civil,65.24,Mixed,62.79,69.05,Group 4 (Person),63.21,64.01,0.0,66.05,0.0,21.04,15.92,0.0,62.79,0.0,70.32,63.68,61.51,-101,12.5
2026-08-19 07:27:36,Pasillo Salones Civil,52.14,Group 1 (Common),79.25,55.13,Group 1 (Common),52.07,50.08,0.0,0.0,0.0,79.25,18.19,0.0,2.0,0.69,55.17,52.06,48.27,-101,8.8
2026-08-19 07:27:44,Laboratorios Civil Superior,50.47,Mixed,58.94,62.92,Group 2 (Impact),46.34,58.24,0.0,0.0,46.04,24.71,58.94,0.15,2.25,14.01,56.61,47.69,44.79,-111,8.2
2026-08-19 07:28:05,Laboratorios Eléctrica Centro,49.32,Mixed,53.6,50.71,Group 2 (Impact),49.8,50.17,49.51,0.0,0.0,21.79,14.5,53.6,0.17,10.03,50.57,49.76,46.37,-119,-5.0
2026-08-19 07:28:57,Laboratorios Eléctrica Superior,46.32,Group 1 (Common),78.73,48.2,Group 1 (Common),47.12,0.0,0.0,0.0,45.71,78.73,1.04,0.74,0.61,18.88,47.76,46.33,43.96,-102,11.2
2026-08-19 07:29:14,Pasillo Decanato Civil,31.42,Silence,0.0,33.88,Silence,0.0,0.0,0.0,0.0,0.0,0.0,0.0,0.0,0.0,0.0,34.42,30.99,29.77,-117,
2026-08-19 07:29:16,Lobby Civil,61.15,Group 1 (Common),99.51,62.68,Group 1 (Common),60.77,0.0,0.0,0.0,0.0,99.51,0.0,0.0,0.24,0.0,63.06,60.75,56.02,-109,6.2
2026-08-19 07:30:46,Salón - Extremo Eléctrica,58.89,Mixed,40.28,66.99,Group 1 (Common),64.65,56.7,0.0,60.04,0.0,40.28,36.07,4.9,17.49,1.17,63.03,55.9,50.39,-89,12.5
2026-08-19 07:30:55,Salón - Uma Civil,55.69,Mixed,49.65,59.1,Group 1 (Common),56.95,55.3,0.0,55.65,0.0,49.65,18.23,0.13,32.07,0.0,57.7,55.77,53.14,-119,-5.5
2026-08-19 07:31:11,Pasillo Decanato Eléctrica,61.74,Group 1 (Common),78.73,65.63,Group 1 (Common),61.58,0.0,0.0,0.0,0.0,78.73,1.43,0.13,1.43,18.27,65.62,60.68,57.9,-97,5.8
2026-08-19 07:31:21,Laboratorios Civil Central,60.13,Group 1 (Common),99.48,62.68,Group 1 (Common),60.01,0.0,0.0,0.0,0.0,99.48,0.13,0.0,0.22,0.0,62.78,59.69,56.85,-101,11.0
2026-08-19 07:31:25,Laboratorios Eléctrica Inferior,57.07,Mixed,43.19,62.68,Group 1 (Common),57.61,0.0,0.0,60.62,51.1,43.19,9.64,0.39,19.92,26.95,64.51,52.34,50.63,-118,-12.8
2026-08-19 07:31:41,Laboratorios Civil Inferior,60.55,Mixed,46.53,62.26,Group 5 (Vehicle),59.41,0.0,58.68,0.0,61.8,44.09,0.0,9.28,0.0,46.53,62.76,59.44,58.24,-120,-6.0
2026-08-19 07:31:41,Lobby Eléctrica,53.86,Mixed,37.2,58.71,Group 1 (Common),56.29,53.23,51.96,0.0,0.0,37.2,26.56,30.3,1.69,4.34,56.35,53.11,50.12,-105,11.8
2026-08-19 07:32:00,Pasillo Salones Eléctrica,36.06,Silence,0.0,37.12,Silence,0.0,0.0,0.0,0.0,0.0,0.0,0.0,0.0,0.0,0.0,36.95,36.42,33.81,-95,13.2
2026-08-19 07:32:09,Salón - Uma Eléctrica,64.38,Group 1 (Common),94.92,66.39,Group 1 (Common),64.09,0.0,0.0,0.0,0.0,94.92,0.48,0.0,4.43,0.0,66.7,63.58,61.13,-107,7.2
2026-08-19 07:32:25,Salón - Extremo Civil,45.62,Mixed,68.19,50.13,Group 2 (Impact),0.0,45.36,0.0,0.0,43.41,0.0,68.19,0.95,3.13,27.82,51.25,43.92,36.89,-117,-12.2
2026-08-19 07:32:36,Pasillo Salones Civil,54.29,Group 1 (Common),98.57,59.26,Group 1 (Common),53.65,0.0,0.0,0.0,0.0,98.57,0.87,0.0,0.43,0.13,60.49,51.79,49.22,-117,-0.5
2026-08-19 07:32:44,Laboratorios Civil Superior,44.75,Silence,0.0,47.76,Silence,0.0,0.0,0.0,0.0,0.0,0.0,0.0,0.0,0.0,0.0,46.67,44.68,43.72,-107,10.2
2026-08-19 07:33:05,Laboratorios Eléctrica Centro,49.15,Mixed,53.39,51.62,Group 1 (Common),49.02,48.52,0.0,0.0,0.0,53.39,26.82,10.03,0.61,9.03,52.33,48.48,47.34,-117,-2.8
2026-08-19 07:33:57,Laboratorios Eléctrica Superior,47.61,Group 1 (Common),73.7,49.75,Group 1 (Common),47.35,0.0,0.0,0.0,46.35,73.7,10.76,0.0,3.56,11.98,50.13,47.71,43.73,-115,2.5
2026-08-19 07:34:14,Pasillo Decanato Civil,39.06,Silence,0.0,43.58,Silence,0.0,0.0,0.0,0.0,0.0,0.0,0.0,0.0,0.0,0.0,44.1,37.13,35.53,-117,-2.2
2026-08-19 07:34:16,Lobby Civil,63.98,Group 1 (Common),98.78,65.33,Group 1 (Common),63.73,0.0,0.0,0.0,0.0,98.78,0.59,0.1,0.29,0.0,65.21,63.75,61.95,-103,10.0
2026-08-19 07:35:46,Salón - Extremo Eléctrica,67.45,Mixed,67.8,70.96,Group 1 (Common),67.15,0.0,0.0,66.62,0.0,67.8,0.0,5.08,26.87,0.26,71.35,67.03,52.81,-91,12.2
2026-08-19 07:35:55,Salón - Uma Civil,48.62,Mixed,42.71,55.11,Group 5 (Vehicle),42.76,44.44,0.0,0.0,52.65,16.28,34.07,0.0,6.94,42.71,56.29,43.14,40.78,-102,6.5
2026-08-19 07:36:11,Pasillo Decanato Eléctrica,56.87,Group 1 (Common),99.39,57.74,Group 1 (Common),56.89,0.0,0.0,0.0,0.0,99.39,0.0,0.0,0.04,0.35,57.96,56.61,56.11,-114,2.8
2026-08-19 07:36:21,Laboratorios Civil Central,58.3,Group 1 (Common),96.35,59.71,Group 1 (Common),57.53,0.0,0.0,0.0,0.0,96.35,0.09,0.04,0.13,3.26,59.75,58.25,55.93,-119,-4.8
2026-08-19 07:36:25,Laboratorios Eléctrica Inferior,59.87,Group 1 (Common),97.66,61.59,Group 1 (Common),60.01,0.0,0.0,0.0,0.0,97.66,1.61,0.0,0.69,0.0,61.91,60.06,55.48,-117,-4.5
2026-08-19 07:36:41,Laboratorios Civil Inferior,52.87,Mixed,47.53,57.44,Group 2 (Impact),50.17,52.05,0.0,54.59,0.0,31.81,47.53,2.17,15.8,2.82,59.03,50.65,48.29,-120,-8.2
2026-08-19 07:36:41,Lobby Eléctrica,70.33,Mixed,66.23,71.7,Group 4 (Person),69.29,0.0,0.0,69.99,0.0,32.2,0.0,0.0,66.23,1.35,71.65,70.71,67.85,-117,-0.5
2026-08-19 07:37:00,Pasillo Salones Eléctrica,41.15,Silence,0.0,43.1,Silence,0.0,0.0,0.0,0.0,0.0,0.0,0.0,0.0,0.0,0.0,43.59,40.42,39.63,-97,13.0
2026-08-19 07:37:09,Salón - Uma Eléctrica,40.27,Silence,0.0,40.96,Silence,0.0,0.0,0.0,0.0,0.0,0.0,0.0,0.0,0.0,0.0,40.81,40.25,39.42,-119,-9.8
2026-08-19 07:37:25,Salón - Extremo Civil,41.34,Silence,0.0,50.97,Silence,0.0,0.0,0.0,0.0,0.0,0.0,0.0,0.0,0.0,0.0,47.05,38.18,33.44,-99,12.8
2026-08-19 07:37:36,Pasillo Salones Civil,47.44,Mixed,59.24,48.67,Group 1 (Common),48.05,47.42,0.0,0.0,46.33,59.24,21.79,0.52,3.52,14.84,48.22,47.58,45.99,-118,-8.5
2026-08-19 07:37:44,Laboratorios Civil Superior,58.42,Group 1 (Common),76.22,60.23,Group 1 (Common),57.79,0.0,0.0,0.0,0.0,76.22,3.99,4.38,12.24,3.08,59.88,58.71,56.41,-111,6.2
2026-08-19 07:38:05,Laboratorios Eléctrica Centro,47.43,Mixed,60.24,50.23,Group 3 (Rotary Tool),46.62,0.0,46.98,0.0,0.0,21.14,2.91,60.24,0.17,15.71,50.77,46.82,46.25,-105,8.0
2026-08-19 07:38:57,Laboratorios Eléctrica Superior,45.26,Mixed,65.76,48.09,Group 3 (Rotary Tool),44.51,0.0,46.31,0.0,0.0,65.76,4.25,24.87,0.13,4.82,48.6,45.26,42.01,-109,10.8
2026-08-19 07:39:14,Pasillo Decanato Civil,34.29,Silence,0.0,37.28,Silence,0.0,0.0,0.0,0.0,0.0,0.0,0.0,0.0,0.0,0.0,37.6,34.14,27.5,-97,12.5
2026-08-19 07:39:16,Lobby Civil,66.86,Mixed,54.73,69.82,Group 2 (Impact),65.4,66.29,0.0,0.0,0.0,54.73,41.1,0.0,3.99,0.0,70.79,66.6,60.41,-111,8.8
2026-08-19 07:40:46,Salón - Extremo Eléctrica,25.96,Silence,0.0,33.16,Silence,0.0,0.0,0.0,0.0,0.0,0.0,0.0,0.0,0.0,0.0,32.73,23.17,20.62,-105,9.2
2026-08-19 07:40:55,Salón - Uma Civil,70.94,Mixed,57.25,76.56,Group 1 (Common),72.63,61.41,0.0,62.19,0.0,57.25,16.36,0.0,20.53,5.69,76.61,62.31,57.92,-118,-5.8
2026-08-19 07:41:11,Pasillo Decanato Eléctrica,57.23,Group 1 (Common),98.18,57.7,Group 1 (Common),57.23,0.0,0.0,0.0,0.0,98.18,0.65,0.0,0.09,1.04,57.5,57.27,56.67,-105,10.2
2026-08-19 07:41:21,Laboratorios Civil Central,70.26,Group 1 (Common),98.31,75.17,Group 1 (Common),71.9,0.0,0.0,0.0,0.0,98.31,0.0,0.0,1.48,0.0,72.19,70.25,67.24,-115,-2.8
2026-08-19 07:41:28,Laboratorios Eléctrica Inferior,52.45,Mixed,53.34,53.23,Group 1 (Common),52.54,0.0,0.0,0.0,52.42,53.34,1.0,0.13,0.91,44.53,53.29,52.42,51.51,-120,-6.2
2026-08-19 07:41:41,Laboratorios Civil Inferior,49.55,Mixed,49.78,55.44,Group 1 (Common),52.84,47.62,0.0,0.0,49.36,49.78,25.65,2.6,8.9,13.11,52.95,49.23,46.77,-121,-3.8
2026-08-19 07:41:41,Lobby Eléctrica,66.88,Group 1 (Common),88.54,69.34,Group 1 (Common),65.74,0.0,0.0,0.0,0.0,88.54,0.0,0.0,11.24,0.0,69.44,65.75,63.9,-100,9.8
2026-08-19 07:42:00,Pasillo Salones Eléctrica,59.88,Group 1 (Common),81.94,64.25,Group 1 (Common),60.81,0.0,0.0,0.0,0.0,81.94,2.17,0.26,3.26,12.46,65.93,56.86,45.76,-95,12.8
2026-08-19 07:42:10,Salón - Uma Eléctrica,57.73,Mixed,56.73,59.91,Group 4 (Person),56.88,0.0,0.0,58.49,0.0,56.73,0.0,0.3,42.97,0.0,59.92,57.97,53.43,-103,9.0
2026-08-19 07:42:25,Salón - Extremo Civil,60.19,Mixed,31.25,65.81,Group 4 (Person),47.61,47.43,0.0,63.27,0.0,22.44,31.25,11.76,27.56,6.94,67.17,49.26,41.5,-101,11.8
2026-08-19 07:42:36,Pasillo Salones Civil,62.98,Group 1 (Common),74.07,66.39,Group 1 (Common),62.24,63.85,0.0,0.0,0.0,74.07,7.13,0.83,1.46,16.26,66.6,60.9,56.71,-102,11.8
2026-08-19 07:42:44,Laboratorios Civil Superior,56.24,Group 1 (Common),81.64,59.0,Group 1 (Common),55.48,0.0,55.35,0.0,0.0,81.64,0.0,18.27,0.0,0.0,59.44,54.93,51.77,-107,10.2
2026-08-19 07:43:05,Laboratorios Eléctrica Centro,47.59,Mixed,44.34,49.39,Group 5 (Vehicle),47.86,0.0,0.0,0.0,48.97,44.34,3.47,17.09,0.83,34.13,48.73,46.97,46.54,-107,8.2
2026-08-19 07:43:57,Laboratorios Eléctrica Superior,49.25,Group 1 (Common),83.72,51.24,Group 1 (Common),48.98,0.0,0.0,0.0,0.0,83.72,4.25,0.43,0.22,11.33,52.15,49.25,46.3,-103,11.2
2026-08-19 07:44:14,Pasillo Decanato Civil,24.22,Silence,0.0,25.55,Silence,0.0,0.0,0.0,0.0,0.0,0.0,0.0,0.0,0.0,0.0,25.39,24.32,23.38,-108,7.2
2026-08-19 07:44:16,Lobby Civil,56.42,Group 1 (Common),90.58,62.57,Group 5 (Vehicle),56.89,0.0,0.0,0.0,62.22,90.58,0.35,0.04,0.39,8.55,58.77,55.29,53.61,-103,11.5
2026-08-19 07:45:46,Salón - Extremo Eléctrica,51.73,Mixed,54.95,60.94,Group 5 (Vehicle),0.0,34.07,0.0,0.0,55.82,2.26,37.54,0.17,5.12,54.95,62.82,34.51,29.89,-111,9.8
2026-08-19 07:45:55,Salón - Uma Civil,55.14,Group 1 (Common),76.0,58.72,Group 1 (Common),53.9,0.0,0.0,0.0,54.43,76.0,8.98,1.17,0.74,13.19,59.58,54.34,52.2,-118,-8.8
2026-08-19 07:46:11,Pasillo Decanato Eléctrica,57.56,Group 1 (Common),99.52,58.17,Group 1 (Common),57.54,0.0,0.0,0.0,0.0,99.52,0.22,0.0,0.0,0.04,58.37,57.54,56.83,-109,9.8
2026-08-19 07:46:21,Laboratorios Civil Central,62.73,Group 1 (Common),99.44,64.34,Group 1 (Common),62.89,0.0,0.0,0.0,0.0,99.44,0.04,0.0,0.35,0.0,64.54,62.87,59.23,-111,7.5
2026-08-19 07:46:25,Laboratorios Eléctrica Inferior,56.5,Group 1 (Common),70.53,58.67,Group 1 (Common),56.49,0.0,0.0,0.0,56.96,70.53,0.13,0.04,0.91,28.43,59.42,56.08,53.41,-117,0.5
2026-08-19 07:46:41,Laboratorios Civil Inferior,44.85,Silence,0.0,46.57,Silence,0.0,0.0,0.0,0.0,0.0,0.0,0.0,0.0,0.0,0.0,46.29,45.15,42.82,-120,-11.0
2026-08-19 07:46:41,Lobby Eléctrica,70.63,Group 1 (Common),89.5,73.5,Group 1 (Common),70.99,0.0,0.0,0.0,0.0,89.5,0.0,0.0,10.3,0.0,73.31,69.03,67.95,-103,12.5
2026-08-19 07:47:00,Pasillo Salones Eléctrica,54.39,Mixed,67.19,56.53,Group 1 (Common),56.06,53.05,0.0,0.0,0.0,22.79,67.19,0.65,3.17,6.21,56.87,54.43,51.77,-103,11.5
2026-08-19 07:47:10,Salón - Uma Eléctrica,62.77,Mixed,50.17,66.06,Group 1 (Common),63.85,0.0,0.0,61.12,0.0,50.17,5.43,0.22,44.05,0.09,66.6,62.17,55.83,-111,7.5
2026-08-19 07:47:25,Salón - Extremo Civil,39.71,Silence,0.0,49.46,Silence,0.0,0.0,0.0,0.0,0.0,0.0,0.0,0.0,0.0,0.0,44.5,37.18,35.68,-84,11.8
2026-08-19 07:47:36,Pasillo Salones Civil,60.82,Mixed,37.01,65.91,Group 1 (Common),64.12,53.45,0.0,0.0,52.63,18.95,35.5,0.2,8.35,37.01,66.12,53.74,52.01,-117,-1.8
2026-08-19 07:47:44,Laboratorios Civil Superior,63.71,Mixed,68.84,66.67,Group 4 (Person),62.11,0.0,0.0,66.2,0.0,68.84,0.0,0.0,30.95,0.0,66.49,63.58,57.07,-111,-4.5
2026-08-19 07:48:05,Laboratorios Eléctrica Centro,56.18,Group 1 (Common),88.63,58.5,Group 1 (Common),56.24,0.0,0.0,0.0,54.48,88.63,0.56,0.82,0.09,9.81,59.4,54.93,53.61,-101,11.5
2026-08-19 07:48:57,Laboratorios Eléctrica Superior,44.99,Silence,0.0,49.29,Silence,0.0,0.0,0.0,0.0,0.0,0.0,0.0,0.0,0.0,0.0,49.63,42.22,40.15,-103,10.5
2026-08-19 07:49:14,Pasillo Decanato Civil,36.74,Silence,0.0,38.09,Silence,0.0,0.0,0.0,0.0,0.0,0.0,0.0,0.0,0.0,0.0,38.66,37.19,33.21,-109,12.8
2026-08-19 07:49:16,Lobby Civil,64.42,Group 1 (Common),99.26,68.23,Group 1 (Common),63.51,0.0,0.0,0.0,0.0,99.26,0.0,0.0,0.52,0.0,68.47,62.1,60.54,-111,5.0
2026-08-19 07:50:46,Salón - Extremo Eléctrica,62.16,Group 4 (Person),82.25,67.06,Group 4 (Person),37.55,42.23,0.0,64.58,0.0,7.81,7.51,0.0,82.25,2.13,67.88,56.67,32.89,-91,8.8
2026-08-19 07:50:55,Salón - Uma Civil,64.48,Mixed,51.27,66.99,Group 4 (Person),64.09,0.0,0.0,65.85,60.43,51.27,0.1,0.0,36.38,12.16,68.06,63.35,56.48,-119,-5.2
2026-08-19 07:51:11,Pasillo Decanato Eléctrica,57.97,Group 1 (Common),98.96,58.56,Group 1 (Common),57.87,0.0,0.0,0.0,0.0,98.96,0.22,0.0,0.09,0.74,58.47,57.96,57.39,-108,9.8
2026-08-19 07:51:21,Laboratorios Civil Central,69.62,Group 1 (Common),99.61,72.21,Group 1 (Common),69.77,0.0,0.0,0.0,0.0,99.61,0.0,0.0,0.04,0.0,72.87,68.14,64.38,-105,11.0
2026-08-19 07:51:25,Laboratorios Eléctrica Inferior,54.36,Group 1 (Common),92.14,57.0,Group 1 (Common),55.2,0.0,0.0,0.0,0.0,92.14,1.48,0.0,0.39,5.95,56.33,54.52,51.25,-120,-0.2
2026-08-19 07:51:41,Laboratorios Civil Inferior,55.03,Mixed,69.57,58.15,Group 1 (Common),55.34,50.04,0.0,0.0,0.0,69.57,26.09,0.0,4.04,0.35,59.86,52.46,47.49,-114,1.5
2026-08-19 07:51:48,Lobby Eléctrica,66.55,Group 1 (Common),85.59,68.76,Group 1 (Common),67.2,0.0,0.0,0.0,0.0,85.59,0.0,0.0,14.15,0.04,68.96,67.08,62.37,-103,10.8
2026-08-19 07:52:00,Pasillo Salones Eléctrica,64.82,Mixed,69.49,67.5,Group 1 (Common),65.51,0.0,0.0,64.78,0.0,69.49,0.09,0.04,30.21,0.0,67.49,64.64,62.24,-96,9.0
2026-08-19 07:52:10,Salón - Uma Eléctrica,57.38,Group 1 (Common),86.87,60.52,Group 1 (Common),55.63,0.0,0.0,0.0,0.0,86.87,4.59,0.05,8.3,0.0,61.16,55.78,45.18,-115,5.5
2026-08-19 07:52:25,Salón - Extremo Civil,49.78,Mixed,41.71,54.41,Group 4 (Person),47.98,49.99,0.0,51.32,0.0,41.71,13.59,0.35,41.19,3.08,56.11,47.02,42.65,-119,-12.8
2026-08-19 07:52:36,Pasillo Salones Civil,60.65,Group 1 (Common),99.61,63.34,Group 1 (Common),61.26,0.0,0.0,0.0,0.0,99.61,0.0,0.0,0.0,0.0,61.69,60.45,58.98,-115,3.2
2026-08-19 07:52:44,Laboratorios Civil Superior,56.16,Group 1 (Common),97.35,58.67,Group 1 (Common),56.09,0.0,0.0,0.0,0.0,97.35,0.0,2.13,0.0,0.39,59.4,55.11,51.55,-111,7.5
2026-08-19 07:53:05,Laboratorios Eléctrica Centro,54.44,Group 1 (Common),71.83,58.19,Group 1 (Common),55.7,0.0,0.0,0.0,54.77,71.83,1.3,9.72,0.35,16.84,57.71,53.77,50.66,-100,10.5
2026-08-19 07:53:57,Laboratorios Eléctrica Superior,50.24,Mixed,41.75,58.0,Group 1 (Common),55.38,0.0,47.64,0.0,44.93,41.75,0.49,36.47,0.1,21.19,57.06,46.39,44.54,-105,12.5
2026-08-19 07:54:14,Pasillo Decanato Civil,42.43,Silence,0.0,47.36,Silence,0.0,0.0,0.0,0.0,0.0,0.0,0.0,0.0,0.0,0.0,47.69,40.52,34.35,-105,11.0
2026-08-19 07:54:16,Lobby Civil,57.48,Group 1 (Common),84.16,59.49,Group 1 (Common),57.45,0.0,0.0,0.0,0.0,84.16,6.9,0.0,1.69,7.29,60.33,57.06,56.15,-105,4.0
2026-08-19 07:55:46,Salón - Extremo Eléctrica,39.57,Silence,0.0,45.51,Silence,0.0,0.0,0.0,0.0,0.0,0.0,0.0,0.0,0.0,0.0,46.59,37.4,31.06,-107,10.2
2026-08-19 07:55:55,Salón - Uma Civil,61.34,Mixed,65.19,67.71,Group 4 (Person),53.52,0.0,0.0,63.95,55.73,11.04,2.59,0.39,65.19,20.56,69.02,54.31,50.93,-114,2.2
2026-08-19 07:56:11,Pasillo Decanato Eléctrica,58.54,Group 1 (Common),99.39,60.4,Group 1 (Common),58.42,0.0,0.0,0.0,0.0,99.39,0.04,0.0,0.04,0.3,60.83,58.34,57.34,-105,12.0
2026-08-19 07:56:21,Laboratorios Civil Central,61.16,Group 1 (Common),98.93,64.44,Group 1 (Common),60.94,0.0,0.0,0.0,0.0,98.93,0.0,0.0,0.2,0.73,65.2,59.02,55.5,-99,11.8
2026-08-19 07:56:25,Laboratorios Eléctrica Inferior,59.55,Group 1 (Common),95.12,62.48,Group 1 (Common),59.83,0.0,0.0,0.0,0.0,95.12,0.05,0.0,0.1,4.59,63.12,58.34,57.51,-120,-10.0
2026-08-19 07:56:41,Laboratorios Civil Inferior,55.08,Group 1 (Common),98.0,57.69,Group 1 (Common),55.2,0.0,0.0,0.0,0.0,98.0,0.0,0.17,0.17,1.3,57.78,55.53,49.33,-117,-9.2
2026-08-19 07:56:41,Lobby Eléctrica,68.7,Group 1 (Common),81.55,70.51,Group 1 (Common),67.37,0.0,0.0,69.67,0.0,81.55,0.0,0.0,18.23,0.0,70.63,68.45,61.56,-99,12.2
2026-08-19 07:57:00,Pasillo Salones Eléctrica,57.71,Group 1 (Common),98.78,63.79,Group 1 (Common),59.39,0.0,0.0,0.0,0.0,98.78,0.56,0.09,0.13,0.22,60.12,58.54,51.94,-93,10.5
2026-08-19 07:57:10,Salón - Uma Eléctrica,54.59,Group 1 (Common),89.06,60.41,Group 1 (Common),56.18,0.0,57.43,0.0,0.0,89.06,0.39,9.77,0.05,0.59,57.71,54.01,48.37,-117,3.2
2026-08-19 07:57:25,Salón - Extremo Civil,42.46,Silence,0.0,44.6,Silence,0.0,0.0,0.0,0.0,0.0,0.0,0.0,0.0,0.0,0.0,44.39,42.77,37.72,-121,-10.2
2026-08-19 07:57:36,Pasillo Salones Civil,51.86,Group 1 (Common),73.78,54.48,Group 1 (Common),51.34,0.0,0.0,0.0,0.0,73.78,10.37,1.78,2.78,11.37,55.63,51.72,48.2,-115,1.8
2026-08-19 07:57:44,Laboratorios Civil Superior,52.78,Group 1 (Common),83.03,56.28,Group 1 (Common),53.56,0.0,53.6,0.0,0.0,83.03,0.0,16.67,0.0,0.13,56.48,52.07,49.9,-115,0.8
2026-08-19 07:58:05,Laboratorios Eléctrica Centro,49.39,Mixed,50.91,51.06,Group 1 (Common),49.88,0.0,49.52,0.0,0.0,43.79,1.69,50.91,0.04,3.56,51.15,48.84,48.29,-103,11.5
2026-08-19 07:58:57,Laboratorios Eléctrica Superior,56.97,Mixed,51.17,59.28,Group 4 (Person),57.39,55.29,54.88,58.81,0.0,51.17,10.85,9.29,27.86,0.74,59.37,57.31,52.07,-109,7.2
2026-08-19 07:59:14,Pasillo Decanato Civil,34.82,Silence,0.0,49.4,Silence,0.0,0.0,0.0,0.0,0.0,0.0,0.0,0.0,0.0,0.0,42.6,29.65,26.29,-111,6.5
2026-08-19 07:59:16,Lobby Civil,54.46,Group 1 (Common),97.66,56.23,Group 1 (Common),53.77,0.0,0.0,0.0,0.0,97.66,1.04,0.0,0.48,0.56,56.22,54.0,52.03,-103,11.5
2026-08-19 08:00:46,Salón - Extremo Eléctrica,56.88,Mixed,47.92,64.53,Group 4 (Person),57.99,0.0,0.0,61.82,55.75,40.89,0.0,0.04,47.92,11.07,60.15,57.8,41.47,-108,9.5
2026-08-19 08:00:55,Salón - Uma Civil,70.01,Mixed,62.41,74.01,Group 4 (Person),67.56,0.0,0.0,70.81,0.0,36.15,0.74,0.0,62.41,0.56,74.64,70.08,49.16,-117,2.0
2026-08-19 08:01:11,Pasillo Decanato Eléctrica,57.18,Group 1 (Common),99.56,57.66,Group 1 (Common),57.08,0.0,0.0,0.0,0.0,99.56,0.0,0.0,0.05,0.15,57.91,57.05,56.81,-99,5.5
2026-08-19 08:01:21,Laboratorios Civil Central,59.91,Group 1 (Common),99.61,63.07,Group 1 (Common),60.54,0.0,0.0,0.0,0.0,99.61,0.0,0.0,0.09,0.0,62.27,59.52,57.25,-107,11.5
2026-08-19 08:01:25,Laboratorios Eléctrica Inferior,54.74,Mixed,62.76,56.94,Group 1 (Common),54.85,0.0,0.0,0.0,54.25,62.76,1.48,0.61,2.3,32.9,57.46,53.99,52.75,-119,-2.5
2026-08-19 08:01:41,Laboratorios Civil Inferior,47.49,Group 1 (Common),71.92,50.15,Group 1 (Common),48.04,0.0,0.0,0.0,48.54,71.92,5.12,0.43,2.43,20.05,50.56,47.41,43.35,-117,-6.8
2026-08-19 08:01:41,Lobby Eléctrica,53.77,Mixed,58.9,55.11,Group 1 (Common),53.55,0.0,51.41,0.0,0.0,58.9,9.16,30.34,0.82,0.65,55.43,54.17,51.33,-101,9.2
2026-08-19 08:02:00,Pasillo Salones Eléctrica,55.92,Mixed,59.85,58.44,Group 4 (Person),55.67,0.0,0.0,56.98,0.0,59.85,0.22,0.22,39.54,0.0,58.05,56.36,51.56,-116,-5.2
2026-08-19 08:02:10,Salón - Uma Eléctrica,46.95,Group 2 (Impact),72.01,51.27,Group 2 (Impact),46.93,48.3,0.0,0.0,0.0,18.71,72.01,0.35,2.78,6.08,49.76,46.9,42.86,-117,-11.0
2026-08-19 08:02:25,Salón - Extremo Civil,65.97,Mixed,69.78,69.1,Group 1 (Common),67.16,0.0,0.0,67.2,0.0,69.78,9.57,0.0,20.8,0.0,68.73,65.38,59.23,-90,10.0
2026-08-19 08:02:36,Pasillo Salones Civil,54.2,Group 1 (Common),85.63,56.61,Group 1 (Common),54.44,0.0,0.0,0.0,0.0,85.63,6.55,5.56,1.39,0.82,56.88,54.17,51.38,-101,12.2
2026-08-19 08:02:44,Laboratorios Civil Superior,65.19,Mixed,28.56,70.96,Group 3 (Rotary Tool),56.37,0.0,68.63,68.63,62.07,28.56,8.38,20.92,24.05,18.1,72.86,57.27,54.92,-112,4.0
2026-08-19 08:03:05,Laboratorios Eléctrica Centro,54.22,Mixed,47.31,58.51,Group 4 (Person),53.6,0.0,52.79,58.01,51.51,47.31,0.09,14.76,11.07,26.65,59.28,52.32,49.9,-98,11.2
2026-08-19 08:03:57,Laboratorios Eléctrica Superior,48.92,Mixed,58.9,54.12,Group 1 (Common),46.68,0.0,0.0,0.0,50.03,58.9,15.32,0.04,1.35,24.22,54.97,44.73,42.78,-103,12.2
2026-08-19 08:04:14,Pasillo Decanato Civil,54.69,Mixed,63.28,58.86,Group 4 (Person),49.04,51.66,0.0,56.53,0.0,17.14,19.53,0.04,63.28,0.0,60.77,52.85,38.36,-119,6.0
2026-08-19 08:04:16,Lobby Civil,55.62,Group 1 (Common),70.1,57.51,Group 1 (Common),55.31,55.35,0.0,0.0,57.1,70.1,15.32,7.81,1.17,5.43,58.38,54.27,52.65,-101,11.8
2026-08-19 08:05:46,Salón - Extremo Eléctrica,63.82,Mixed,40.67,70.13,Group 4 (Person),62.63,0.0,0.0,64.44,42.37,36.07,0.65,0.69,40.67,21.79,70.74,60.52,40.14,-90,11.8
2026-08-19 08:05:55,Salón - Uma Civil,62.02,Group 4 (Person),95.83,66.92,Group 4 (Person),0.0,0.0,0.0,63.6,0.0,0.0,2.69,0.13,95.83,1.0,66.03,60.59,42.15,-103,10.5
2026-08-19 08:06:11,Pasillo Decanato Eléctrica,57.85,Group 1 (Common),98.78,58.31,Group 1 (Common),57.83,0.0,0.0,0.0,0.0,98.78,0.1,0.0,0.15,0.83,58.27,57.94,57.19,-118,-13.5
2026-08-19 08:06:21,Laboratorios Civil Central,60.11,Group 1 (Common),98.57,61.81,Group 1 (Common),60.06,0.0,0.0,0.0,0.0,98.57,0.09,0.04,0.82,0.26,61.79,59.64,57.63,-102,11.2
2026-08-19 08:06:25,Laboratorios Eléctrica Inferior,51.52,Mixed,68.92,52.55,Group 1 (Common),51.89,0.0,0.0,0.0,51.42,29.08,0.65,0.3,1.0,68.92,52.29,51.5,50.56,-119,-6.2
2026-08-19 08:06:41,Laboratorios Civil Inferior,46.92,Mixed,63.89,47.69,Group 5 (Vehicle),46.64,45.68,0.0,0.0,47.32,63.89,16.88,0.22,2.47,16.54,47.99,46.69,46.0,-119,-8.2
2026-08-19 08:06:41,Lobby Eléctrica,57.89,Group 1 (Common),99.05,61.74,Group 1 (Common),58.99,0.0,0.0,0.0,0.0,99.05,0.0,0.48,0.0,0.26,59.52,57.93,56.25,-99,12.8
2026-08-19 08:07:00,Pasillo Salones Eléctrica,52.89,Mixed,55.99,55.43,Group 1 (Common),52.14,0.0,0.0,50.67,50.96,55.99,6.64,6.9,19.53,10.98,55.85,52.95,49.65,-99,13.5
2026-08-19 08:07:10,Salón - Uma Eléctrica,59.15,Mixed,46.7,63.97,Group 4 (Person),0.0,47.33,0.0,62.23,0.0,4.82,43.62,0.0,46.7,4.82,64.03,56.03,39.93,-114,6.2
2026-08-19 08:07:25,Salón - Extremo Civil,58.89,Mixed,68.31,62.8,Group 1 (Common),58.46,56.38,0.0,0.0,0.0,68.31,31.01,0.0,0.59,0.0,63.35,57.27,43.27,-85,12.2
2026-08-19 08:07:36,Pasillo Salones Civil,54.21,Mixed,54.69,59.35,Group 2 (Impact),52.17,57.7,0.0,0.0,48.56,54.69,18.79,0.13,8.12,18.1,60.32,50.19,47.02,-108,8.0
2026-08-19 08:07:44,Laboratorios Civil Superior,52.86,Group 1 (Common),99.61,57.4,Group 1 (Common),54.19,0.0,0.0,0.0,0.0,99.61,0.0,0.0,0.0,0.05,54.45,51.75,51.12,-103,10.8
2026-08-19 08:08:05,Laboratorios Eléctrica Centro,50.1,Group 1 (Common),95.49,56.41,Group 1 (Common),51.99,0.0,0.0,0.0,0.0,95.49,0.52,1.3,0.35,2.47,51.9,49.83,49.12,-116,-3.0
2026-08-19 08:08:57,Laboratorios Eléctrica Superior,51.62,Mixed,60.72,55.84,Group 1 (Common),53.1,0.0,50.49,0.0,0.0,60.72,1.35,35.89,0.09,1.78,55.16,51.19,44.8,-117,2.2
2026-08-19 08:09:14,Pasillo Decanato Civil,37.78,Silence,0.0,43.09,Silence,0.0,0.0,0.0,0.0,0.0,0.0,0.0,0.0,0.0,0.0,44.72,35.46,31.42,-105,11.5
2026-08-19 08:09:16,Lobby Civil,55.38,Group 1 (Common),99.56,59.18,Group 1 (Common),55.7,0.0,0.0,0.0,0.0,99.56,0.0,0.0,0.05,0.15,59.26,53.47,50.9,-95,12.8
2026-08-19 08:10:46,Salón - Extremo Eléctrica,43.0,Silence,0.0,50.16,Silence,0.0,0.0,0.0,0.0,0.0,0.0,0.0,0.0,0.0,0.0,49.82,39.81,35.55,-90,12.8
2026-08-19 08:10:55,Salón - Uma Civil,48.08,Mixed,46.31,66.66,Group 4 (Person),0.0,45.77,0.0,64.34,41.59,0.0,15.97,4.43,33.38,46.31,57.85,41.65,38.9,-115,2.8
2026-08-19 08:11:11,Pasillo Decanato Eléctrica,57.31,Group 1 (Common),99.52,58.12,Group 1 (Common),57.43,0.0,0.0,0.0,0.0,99.52,0.04,0.0,0.09,0.13,58.27,57.17,56.55,-115,3.5
2026-08-19 08:11:21,Laboratorios Civil Central,64.02,Group 1 (Common),93.92,65.98,Group 1 (Common),64.39,0.0,0.0,0.0,0.0,93.92,0.0,0.04,0.17,5.6,66.17,63.01,61.68,-100,12.2
2026-08-19 08:11:25,Laboratorios Eléctrica Inferior,53.03,Group 1 (Common),72.05,53.88,Group 1 (Common),53.31,0.0,0.0,0.0,52.69,72.05,0.35,0.0,0.17,27.52,54.05,52.97,52.17,-118,-10.0
2026-08-19 08:11:41,Laboratorios Civil Inferior,58.44,Group 1 (Common),80.43,62.11,Group 1 (Common),58.6,53.57,0.0,0.0,0.0,80.43,4.77,1.65,6.08,7.12,62.09,57.75,52.82,-120,-5.2
2026-08-19 08:11:41,Lobby Eléctrica,69.08,Group 1 (Common),93.71,70.77,Group 1 (Common),69.2,0.0,0.0,0.0,0.0,93.71,0.0,0.0,6.16,0.0,71.33,68.83,66.13,-101,12.0
2026-08-19 08:12:00,Pasillo Salones Eléctrica,62.88,Mixed,59.13,66.33,Group 1 (Common),64.38,58.95,0.0,0.0,56.97,59.13,13.09,0.29,6.54,20.85,67.69,58.83,56.73,-105,11.2
2026-08-19 08:12:10,Salón - Uma Eléctrica,69.89,Group 4 (Person),99.44,72.43,Group 4 (Person),0.0,0.0,0.0,69.91,0.0,0.22,0.0,0.0,99.44,0.0,73.12,69.74,63.11,-112,6.2
2026-08-19 08:12:25,Salón - Extremo Civil,58.61,Group 4 (Person),72.66,62.9,Group 4 (Person),0.0,54.39,53.4,60.02,0.0,0.0,18.92,7.81,72.66,0.43,63.76,58.62,45.21,-118,-10.5
2026-08-19 08:12:43,Pasillo Salones Civil,56.46,Group 1 (Common),92.58,59.61,Group 1 (Common),55.98,0.0,0.0,0.0,0.0,92.58,0.3,0.0,0.13,6.86,59.65,55.69,52.33,-105,8.2
2026-08-19 08:12:44,Laboratorios Civil Superior,54.45,Group 1 (Common),99.61,56.47,Group 1 (Common),54.95,0.0,0.0,0.0,0.0,99.61,0.0,0.0,0.0,0.0,56.74,53.81,52.62,-114,2.2
2026-08-19 08:13:05,Laboratorios Eléctrica Centro,49.69,Mixed,46.14,55.01,Group 5 (Vehicle),51.91,0.0,48.18,0.0,50.71,43.14,0.69,9.64,0.39,46.14,52.35,49.45,46.92,-103,10.2
2026-08-19 08:13:57,Laboratorios Eléctrica Superior,42.74,Silence,0.0,46.91,Silence,0.0,0.0,0.0,0.0,0.0,0.0,0.0,0.0,0.0,0.0,43.62,42.74,41.56,-101,10.8
2026-08-19 08:14:14,Pasillo Decanato Civil,48.29,Mixed,47.83,55.17,Group 5 (Vehicle),44.09,50.62,47.73,0.0,54.24,22.66,47.83,7.86,2.34,19.36,55.2,47.05,40.03,-109,3.2
2026-08-19 08:14:16,Lobby Civil,56.49,Group 1 (Common),99.61,58.4,Group 1 (Common),56.02,0.0,0.0,0.0,0.0,99.61,0.0,0.05,0.05,0.0,59.47,55.37,53.22,-103,8.2
2026-08-19 08:15:46,Salón - Extremo Eléctrica,31.37,Silence,0.0,35.87,Silence,0.0,0.0,0.0,0.0,0.0,0.0,0.0,0.0,0.0,0.0,35.36,29.4,27.71,-103,10.2
2026-08-19 08:15:55,Salón - Uma Civil,57.33,Mixed,48.83,62.11,Group 4 (Person),0.0,55.0,0.0,59.26,0.0,0.48,46.74,0.43,48.83,3.39,63.45,54.03,52.29,-99,11.5
2026-08-19 08:16:11,Pasillo Decanato Eléctrica,57.13,Group 1 (Common),99.52,57.61,Group 1 (Common),57.09,0.0,0.0,0.0,0.0,99.52,0.04,0.0,0.04,0.3,57.92,57.1,56.43,-121,-11.5
2026-08-19 08:16:21,Laboratorios Civil Central,66.03,Group 1 (Common),99.61,72.21,Group 1 (Common),68.13,0.0,0.0,0.0,0.0,99.61,0.0,0.0,0.0,0.0,70.97,63.42,62.37,-119,-9.0
2026-08-19 08:16:25,Laboratorios Eléctrica Inferior,51.31,Mixed,63.54,52.5,Group 1 (Common),51.59,0.0,0.0,0.0,51.59,63.54,1.52,0.0,0.48,34.42,52.28,51.45,49.91,-117,-4.8
2026-08-19 08:16:41,Laboratorios Civil Inferior,57.08,Group 1 (Common),92.43,59.52,Group 1 (Common),57.69,0.0,0.0,0.0,0.0,92.43,0.2,0.05,7.37,0.0,60.23,56.47,53.69,-119,-12.0
2026-08-19 08:16:41,Lobby Eléctrica,67.88,Group 1 (Common),98.13,70.3,Group 1 (Common),66.96,0.0,0.0,0.0,0.0,98.13,0.0,0.0,1.65,0.0,70.61,66.62,65.15,-102,13.2
2026-08-19 08:17:00,Pasillo Salones Eléctrica,58.12,Mixed,50.05,62.21,Group 2 (Impact),57.72,59.01,61.39,0.0,57.64,11.13,50.05,18.26,2.73,17.68,60.52,57.75,56.62,-118,-2.8
2026-08-19 08:17:10,Salón - Uma Eléctrica,65.16,Mixed,55.77,72.63,Group 4 (Person),50.69,0.0,49.75,69.34,0.0,29.6,3.52,10.94,55.77,0.0,73.02,49.96,49.49,-105,2.8
2026-08-19 08:17:25,Salón - Extremo Civil,60.16,Mixed,61.55,64.8,Group 4 (Person),52.04,43.17,0.0,62.09,0.0,6.81,27.91,0.22,61.55,3.3,64.36,60.13,42.04,-101,12.0
2026-08-19 08:17:36,Pasillo Salones Civil,53.55,Mixed,53.73,55.36,Group 3 (Rotary Tool),52.96,53.9,53.98,0.0,0.0,53.73,20.62,18.66,6.9,0.17,56.32,53.02,50.63,-97,12.0
2026-08-19 08:17:44,Laboratorios Civil Superior,49.25,Mixed,59.72,52.21,Group 5 (Vehicle),48.12,0.0,0.0,0.0,49.25,37.24,1.43,0.82,0.69,59.72,53.12,48.54,46.97,-105,10.0
2026-08-19 08:18:05,Laboratorios Eléctrica Centro,54.3,Mixed,67.49,63.33,Group 1 (Common),58.37,0.0,0.0,0.0,54.29,67.49,0.56,19.05,0.22,12.63,57.2,54.76,48.07,-101,11.2
2026-08-19 08:18:57,Laboratorios Eléctrica Superior,49.86,Mixed,33.59,55.17,Group 2 (Impact),43.49,52.36,0.0,0.0,50.33,33.59,32.77,1.78,3.47,28.21,55.65,45.0,42.78,-103,11.5
2026-08-19 08:19:14,Pasillo Decanato Civil,54.57,Mixed,52.44,60.33,Group 1 (Common),55.37,39.3,56.63,0.0,0.0,52.44,23.19,16.02,6.88,1.37,60.91,47.63,42.07,-113,0.5
2026-08-19 08:19:16,Lobby Civil,52.68,Group 1 (Common),72.74,53.58,Group 1 (Common),52.41,0.0,0.0,0.0,52.27,72.74,1.48,0.0,0.39,25.35,53.78,52.55,51.58,-110,6.2
2026-08-19 08:20:46,Salón - Extremo Eléctrica,65.04,Mixed,66.28,69.99,Group 4 (Person),64.35,64.11,0.0,68.52,0.0,66.28,5.47,0.0,28.17,0.0,71.12,63.51,49.35,-89,12.8
2026-08-19 08:20:55,Salón - Uma Civil,55.67,Mixed,42.88,61.26,Group 1 (Common),59.18,53.42,0.0,0.0,54.39,27.86,42.88,2.26,9.42,17.58,61.7,51.14,45.96,-113,7.0
2026-08-19 08:21:11,Pasillo Decanato Eléctrica,57.6,Group 1 (Common),99.44,58.31,Group 1 (Common),57.39,0.0,0.0,0.0,0.0,99.44,0.09,0.0,0.17,0.09,58.35,57.57,56.78,-107,10.0
2026-08-19 08:21:21,Laboratorios Civil Central,67.27,Group 1 (Common),74.22,70.82,Group 1 (Common),67.53,0.0,0.0,67.93,0.0,74.22,0.17,0.17,24.05,1.22,72.17,66.09,59.48,-107,11.0
2026-08-19 08:21:25,Laboratorios Eléctrica Inferior,52.43,Mixed,63.37,53.77,Group 1 (Common),52.95,0.0,0.0,0.0,52.25,32.9,2.34,0.0,1.3,63.37,54.09,52.15,51.53,-120,-3.0
2026-08-19 08:21:41,Laboratorios Civil Inferior,49.76,Mixed,63.02,52.65,Group 1 (Common),50.58,48.08,0.0,0.0,0.0,63.02,29.51,0.0,3.26,3.99,53.74,48.39,46.68,-120,-9.0
2026-08-19 08:21:41,Lobby Eléctrica,67.41,Group 1 (Common),99.09,70.6,Group 1 (Common),66.29,0.0,0.0,0.0,0.0,99.09,0.0,0.0,0.61,0.0,71.06,66.72,63.55,-99,11.2
2026-08-19 08:22:00,Pasillo Salones Eléctrica,52.87,Mixed,50.87,56.51,Group 4 (Person),45.62,0.0,43.78,54.39,52.86,26.04,4.6,8.81,50.87,9.51,56.95,52.68,44.79,-102,10.5
2026-08-19 08:22:10,Salón - Uma Eléctrica,53.5,Mixed,59.85,61.94,Group 4 (Person),49.13,43.1,0.0,53.89,0.0,15.76,59.85,2.47,15.54,6.42,62.88,42.33,38.44,-108,9.5
2026-08-19 08:22:25,Salón - Extremo Civil,57.0,Mixed,39.06,64.38,Group 4 (Person),42.32,47.61,43.32,61.36,0.0,23.31,39.06,24.18,12.02,1.26,64.42,43.58,37.66,-96,12.5
2026-08-19 08:22:36,Pasillo Salones Civil,65.83,Group 1 (Common),74.65,68.79,Group 1 (Common),65.84,64.72,0.0,65.82,0.0,74.65,9.9,0.0,15.41,0.0,69.24,64.87,63.76,-96,12.0
2026-08-19 08:22:44,Laboratorios Civil Superior,50.33,Group 1 (Common),83.33,52.71,Group 1 (Common),50.87,51.35,0.0,0.0,0.0,83.33,12.8,0.0,1.17,2.56,51.97,49.45,48.41,-114,5.5
2026-08-19 08:23:05,Laboratorios Eléctrica Centro,54.45,Mixed,67.04,56.55,Group 3 (Rotary Tool),53.9,0.0,54.4,0.0,0.0,67.04,0.88,31.1,0.05,0.78,56.17,54.38,51.38,-102,11.5
2026-08-19 08:23:57,Laboratorios Eléctrica Superior,49.38,Group 1 (Common),75.78,51.43,Group 1 (Common),48.81,0.0,0.0,0.0,50.02,75.78,1.61,0.13,0.13,22.4,51.94,49.19,45.39,-103,9.0
2026-08-19 08:24:14,Pasillo Decanato Civil,51.92,Group 1 (Common),82.51,57.49,Group 1 (Common),51.76,48.61,0.0,0.0,0.0,82.51,14.06,0.22,2.13,1.17,58.99,49.82,44.09,-113,-0.8
2026-08-19 08:24:16,Lobby Civil,58.54,Group 1 (Common),99.39,62.45,Group 1 (Common),56.83,0.0,0.0,0.0,0.0,99.39,0.0,0.26,0.04,0.0,62.83,58.65,50.28,-97,12.2
2026-08-19 08:25:46,Salón - Extremo Eléctrica,66.06,Group 1 (Common),97.12,69.87,Group 1 (Common),66.7,0.0,0.0,0.0,0.0,97.12,0.24,0.0,2.49,0.0,70.67,57.33,28.76,-93,13.8
2026-08-19 08:25:55,Salón - Uma Civil,63.98,Mixed,53.13,68.88,Group 4 (Person),59.7,0.0,0.0,67.7,0.0,53.13,0.91,0.0,45.18,0.69,69.77,60.68,53.6,-119,-9.5
2026-08-19 08:26:11,Pasillo Decanato Eléctrica,57.22,Group 1 (Common),98.78,58.06,Group 1 (Common),57.33,0.0,0.0,0.0,0.0,98.78,0.52,0.0,0.3,0.22,58.17,56.98,56.5,-115,4.5
2026-08-19 08:26:21,Laboratorios Civil Central,58.82,Group 1 (Common),92.49,60.18,Group 1 (Common),58.6,0.0,0.0,0.0,0.0,92.49,6.42,0.0,0.91,0.0,60.4,58.71,57.23,-100,10.8
2026-08-19 08:26:25,Laboratorios Eléctrica Inferior,53.85,Mixed,51.78,58.3,Group 1 (Common),55.83,0.0,0.0,0.0,53.36,51.78,0.87,0.39,1.82,44.97,57.36,53.26,50.73,-117,-2.0
2026-08-19 08:26:41,Laboratorios Civil Inferior,43.62,Silence,0.0,45.57,Silence,0.0,0.0,0.0,0.0,0.0,0.0,0.0,0.0,0.0,0.0,45.76,43.45,42.05,-118,-8.8
2026-08-19 08:26:42,Lobby Eléctrica,66.26,Group 1 (Common),99.61,67.78,Group 1 (Common),65.97,0.0,0.0,0.0,0.0,99.61,0.0,0.0,0.13,0.0,68.17,66.39,63.61,-101,7.2
2026-08-19 08:27:00,Pasillo Salones Eléctrica,46.51,Mixed,48.65,47.51,Group 1 (Common),46.58,0.0,46.12,0.0,0.0,48.65,8.98,29.64,3.52,9.2,47.43,47.0,43.92,-102,10.8
2026-08-19 08:27:10,Salón - Uma Eléctrica,57.66,Mixed,35.55,64.72,Group 1 (Common),61.66,51.68,0.0,61.67,48.43,35.55,27.78,0.0,25.78,10.94,63.67,56.04,40.82,-113,0.8
2026-08-19 08:27:25,Salón - Extremo Civil,60.05,Group 2 (Impact),72.14,61.09,Group 2 (Impact),0.0,59.71,0.0,0.0,0.0,1.82,72.14,1.87,4.6,19.57,61.23,59.84,58.89,-119,-11.0
2026-08-19 08:27:36,Pasillo Salones Civil,73.67,Group 5 (Vehicle),85.89,74.18,Group 5 (Vehicle),0.0,0.0,0.0,0.0,73.46,0.0,1.61,7.77,4.73,85.89,74.1,73.66,73.2,-101,12.5
2026-08-19 08:27:44,Laboratorios Civil Superior,56.33,Group 1 (Common),97.79,58.2,Group 1 (Common),56.22,0.0,0.0,0.0,0.0,97.79,0.0,1.87,0.0,0.04,58.47,55.87,54.24,-114,4.8
2026-08-19 08:28:05,Laboratorios Eléctrica Centro,57.42,Group 1 (Common),93.01,61.84,Group 1 (Common),57.46,0.0,0.0,0.0,0.0,93.01,1.0,4.43,0.04,1.3,62.95,55.86,52.67,-107,12.2
2026-08-19 08:28:57,Laboratorios Eléctrica Superior,44.92,Silence,0.0,49.1,Silence,0.0,0.0,0.0,0.0,0.0,0.0,0.0,0.0,0.0,0.0,45.94,45.08,43.41,-101,11.5
2026-08-19 08:29:14,Pasillo Decanato Civil,63.65,Group 1 (Common),95.75,68.57,Group 1 (Common),63.86,0.0,0.0,0.0,0.0,95.75,0.17,0.3,2.17,1.69,68.83,60.52,50.47,-109,10.0
2026-08-19 08:29:16,Lobby Civil,67.59,Mixed,38.37,69.52,Group 1 (Common),68.41,0.0,0.0,0.0,66.15,38.37,6.55,7.2,22.83,25.09,70.05,67.31,65.85,-91,11.0
2026-08-19 08:30:46,Salón - Extremo Eléctrica,64.68,Mixed,65.48,67.07,Group 4 (Person),62.84,0.0,0.0,65.34,0.0,34.33,0.0,0.0,65.48,0.0,67.1,63.46,61.23,-109,7.8
2026-08-19 08:30:55,Salón - Uma Civil,58.75,Mixed,68.36,68.11,Group 4 (Person),59.8,0.0,0.0,67.72,0.0,68.36,4.05,0.0,27.73,0.0,63.3,57.65,42.56,-115,6.2
2026-08-19 08:31:11,Pasillo Decanato Eléctrica,62.81,Group 1 (Common),82.68,68.32,Group 2 (Impact),58.09,64.23,0.0,0.0,0.0,82.68,11.72,0.0,5.3,0.04,69.79,57.72,56.69,-112,3.5
2026-08-19 08:31:21,Laboratorios Civil Central,66.81,Group 1 (Common),99.61,69.32,Group 1 (Common),66.52,0.0,0.0,0.0,0.0,99.61,0.0,0.0,0.09,0.0,69.71,67.12,61.8,-119,-8.2
2026-08-19 08:31:25,Laboratorios Eléctrica Inferior,55.58,Group 1 (Common),75.69,59.07,Group 1 (Common),55.68,0.0,0.0,0.0,54.01,75.69,0.61,0.0,0.61,23.22,59.13,54.26,52.26,-120,-4.8
2026-08-19 08:31:41,Laboratorios Civil Inferior,53.85,Mixed,40.19,56.39,Group 5 (Vehicle),52.93,0.0,56.02,50.53,55.1,40.19,0.78,12.72,11.85,34.33,56.99,53.1,47.98,-119,-12.0
2026-08-19 08:31:42,Lobby Eléctrica,61.16,Group 1 (Common),95.7,67.2,Group 1 (Common),63.29,0.0,0.0,0.0,0.0,95.7,0.0,3.96,0.0,0.0,64.22,59.93,56.3,-120,-3.2
2026-08-19 08:32:00,Pasillo Salones Eléctrica,47.28,Group 1 (Common),95.79,49.15,Group 1 (Common),47.35,0.0,0.0,0.0,0.0,95.79,0.65,0.26,0.22,3.04,49.6,47.01,44.03,-114,-0.5
2026-08-19 08:32:10,Salón - Uma Eléctrica,66.37,Group 4 (Person),99.61,69.47,Group 4 (Person),0.0,0.0,0.0,67.19,0.0,0.0,0.0,0.0,99.61,0.0,69.73,65.78,58.64,-106,7.5
2026-08-19 08:32:25,Salón - Extremo Civil,56.91,Mixed,66.41,59.6,Group 4 (Person),53.11,0.0,50.01,57.79,0.0,22.14,1.35,9.81,66.41,0.0,59.76,57.71,41.14,-96,12.5
2026-08-19 08:32:36,Pasillo Salones Civil,57.72,Group 1 (Common),88.19,62.31,Group 4 (Person),58.84,0.0,0.0,62.62,0.0,88.19,0.26,0.13,11.41,0.0,61.33,56.57,51.32,-117,0.5
2026-08-19 08:32:44,Laboratorios Civil Superior,54.23,Group 1 (Common),93.53,58.19,Group 1 (Common),55.18,0.0,0.0,0.0,0.0,93.53,3.69,1.52,0.95,0.22,58.21,52.7,50.1,-107,11.0
2026-08-19 08:33:05,Laboratorios Eléctrica Centro,58.07,Group 1 (Common),81.25,61.73,Group 1 (Common),58.0,0.0,54.35,0.0,0.0,81.25,2.0,13.63,0.09,2.99,63.6,55.39,49.15,-111,9.8
2026-08-19 08:33:57,Laboratorios Eléctrica Superior,44.48,Silence,0.0,45.78,Silence,0.0,0.0,0.0,0.0,0.0,0.0,0.0,0.0,0.0,0.0,46.12,43.86,43.09,-103,9.8
2026-08-19 08:34:14,Pasillo Decanato Civil,65.47,Mixed,56.12,68.68,Group 1 (Common),65.88,0.0,0.0,60.56,0.0,56.12,0.0,3.65,37.89,2.34,69.31,63.23,58.96,-95,12.8
2026-08-19 08:34:16,Lobby Civil,71.71,Mixed,52.04,72.5,Group 4 (Person),0.0,0.0,0.0,71.7,71.56,0.26,0.39,2.78,52.04,44.49,72.41,71.72,70.72,-96,12.0
2026-08-19 08:35:46,Salón - Extremo Eléctrica,53.63,Mixed,37.98,61.47,Group 4 (Person),0.0,55.58,51.28,59.9,55.95,0.0,29.38,37.98,20.79,11.89,57.81,53.68,49.26,-94,4.2
2026-08-19 08:35:55,Salón - Uma Civil,52.8,Mixed,38.48,58.0,Group 4 (Person),55.16,51.74,0.0,56.66,0.0,25.68,38.48,0.0,35.84,0.0,56.64,49.81,39.92,-117,3.5
2026-08-19 08:36:11,Pasillo Decanato Eléctrica,58.56,Group 1 (Common),99.35,61.6,Group 1 (Common),57.57,0.0,0.0,0.0,0.0,99.35,0.0,0.0,0.04,0.43,62.43,57.74,56.33,-112,4.5
2026-08-19 08:36:21,Laboratorios Civil Central,67.89,Group 1 (Common),99.02,70.84,Group 1 (Common),68.47,0.0,0.0,0.0,0.0,99.02,0.0,0.0,0.68,0.0,69.82,67.33,64.99,-101,12.2
2026-08-19 08:36:25,Laboratorios Eléctrica Inferior,53.32,Mixed,65.43,57.1,Group 1 (Common),55.36,0.0,0.0,0.0,51.07,65.43,1.71,0.0,0.24,32.52,57.21,51.17,50.5,-119,-10.2
2026-08-19 08:36:41,Laboratorios Civil Inferior,61.6,Group 1 (Common),77.95,64.12,Group 5 (Vehicle),60.29,0.0,0.0,63.26,64.22,77.95,0.09,0.74,10.2,10.81,65.69,60.8,57.93,-118,-6.5
2026-08-19 08:36:42,Lobby Eléctrica,69.58,Group 1 (Common),99.56,70.96,Group 1 (Common),69.78,0.0,0.0,0.0,0.0,99.56,0.0,0.0,0.29,0.0,70.86,69.57,66.24,-101,12.5
2026-08-19 08:37:00,Pasillo Salones Eléctrica,63.44,Group 1 (Common),97.53,69.08,Group 1 (Common),65.05,0.0,0.0,0.0,0.0,97.53,0.09,0.0,1.74,0.61,68.69,59.56,50.62,-117,-6.0
2026-08-19 08:37:10,Salón - Uma Eléctrica,45.22,Mixed,34.03,59.59,Group 4 (Person),44.06,46.59,0.0,59.35,0.0,34.03,30.66,2.49,26.56,6.15,50.32,43.53,42.44,-113,6.5
2026-08-19 08:37:25,Salón - Extremo Civil,67.34,Mixed,60.63,71.56,Group 4 (Person),66.52,0.0,0.0,69.36,0.0,60.63,0.13,0.0,39.06,0.04,72.0,65.34,46.84,-105,12.2
2026-08-19 08:37:36,Pasillo Salones Civil,54.74,Group 1 (Common),94.23,59.08,Group 1 (Common),54.43,0.0,0.0,0.0,0.0,94.23,1.43,1.13,0.35,2.78,60.59,52.74,48.49,-101,7.0
2026-08-19 08:37:44,Laboratorios Civil Superior,71.18,Mixed,66.88,72.44,Group 4 (Person),72.19,70.84,0.0,72.35,70.36,8.98,6.03,10.72,7.55,66.88,72.67,70.82,70.1,-109,4.8
2026-08-19 08:38:05,Laboratorios Eléctrica Centro,60.64,Group 1 (Common),89.71,63.48,Group 1 (Common),59.45,0.0,0.0,0.0,0.0,89.71,0.17,6.68,1.0,2.43,63.88,61.79,52.04,-102,12.2
2026-08-19 08:38:57,Laboratorios Eléctrica Superior,50.55,Group 1 (Common),76.04,53.37,Group 1 (Common),50.2,52.29,0.0,0.0,51.86,76.04,10.72,0.09,0.65,12.41,53.1,50.45,48.01,-105,11.0
2026-08-19 08:39:14,Pasillo Decanato Civil,53.36,Mixed,46.48,58.71,Group 1 (Common),58.77,48.38,0.0,55.9,42.36,12.59,46.48,0.82,23.52,16.49,59.8,51.54,41.62,-99,11.2
2026-08-19 08:39:16,Lobby Civil,56.6,Group 1 (Common),99.31,58.04,Group 1 (Common),56.74,0.0,0.0,0.0,0.0,99.31,0.13,0.0,0.26,0.13,58.15,56.86,54.32,-113,5.8
2026-08-19 08:40:46,Salón - Extremo Eléctrica,75.24,Group 1 (Common),99.57,76.97,Group 1 (Common),75.39,0.0,0.0,0.0,0.0,99.57,0.0,0.0,0.09,0.0,76.77,75.23,70.95,-97,12.2
2026-08-19 08:40:55,Salón - Uma Civil,51.14,Mixed,48.48,57.21,Group 4 (Person),51.48,49.08,0.0,55.96,42.8,7.07,48.48,0.52,34.46,9.59,58.57,45.51,41.05,-103,10.0
2026-08-19 08:41:11,Pasillo Decanato Eléctrica,66.63,Group 1 (Common),96.68,68.32,Group 1 (Common),67.01,0.0,0.0,0.0,0.0,96.68,0.29,0.0,0.78,2.0,67.99,66.99,63.16,-117,1.0
2026-08-19 08:41:21,Laboratorios Civil Central,74.89,Group 1 (Common),95.36,79.76,Group 1 (Common),76.54,0.0,0.0,0.0,0.0,95.36,0.0,0.15,4.35,0.05,76.97,73.78,71.88,-102,11.2
2026-08-19 08:41:25,Laboratorios Eléctrica Inferior,61.87,Group 1 (Common),83.68,65.1,Group 1 (Common),61.26,0.0,0.0,64.04,0.0,83.68,0.82,0.0,15.32,0.0,66.04,60.82,58.71,-117,-2.5
2026-08-19 08:41:41,Laboratorios Civil Inferior,68.85,Mixed,47.31,69.18,Group 2 (Impact),0.0,68.95,68.85,0.0,68.76,0.0,26.78,47.31,2.13,23.78,69.16,68.92,68.49,-115,-8.0
2026-08-19 08:41:42,Lobby Eléctrica,62.23,Group 1 (Common),91.88,64.11,Group 1 (Common),61.43,0.0,0.0,0.0,0.0,91.88,0.74,0.43,6.73,0.17,64.4,62.29,57.38,-115,-0.5
2026-08-19 08:42:00,Pasillo Salones Eléctrica,53.94,Group 1 (Common),83.77,55.98,Group 1 (Common),54.02,0.0,0.0,0.0,0.0,83.77,9.11,5.73,1.04,0.17,55.97,53.77,52.1,-97,9.0
2026-08-19 08:42:10,Salón - Uma Eléctrica,49.42,Group 1 (Common),84.98,53.82,Group 1 (Common),49.77,0.0,0.0,0.0,0.0,84.98,1.48,1.35,0.3,11.89,54.43,47.81,41.72,-115,0.8
2026-08-19 08:42:25,Salón - Extremo Civil,71.35,Mixed,68.06,73.99,Group 4 (Person),71.43,0.0,0.0,71.92,0.0,31.77,0.0,0.0,68.06,0.0,74.51,70.37,66.47,-97,12.0
2026-08-19 08:42:36,Pasillo Salones Civil,59.63,Group 1 (Common),97.44,62.41,Group 1 (Common),60.17,0.0,0.0,0.0,0.0,97.44,0.17,1.56,0.04,0.56,61.51,60.37,52.89,-117,2.8
2026-08-19 08:42:44,Laboratorios Civil Superior,61.02,Group 1 (Common),82.9,62.46,Group 1 (Common),60.51,0.0,0.0,0.0,58.8,82.9,0.13,0.74,0.95,15.23,62.55,60.93,59.54,-119,-5.8
2026-08-19 08:43:06,Laboratorios Eléctrica Centro,60.88,Group 1 (Common),99.44,63.66,Group 1 (Common),61.23,0.0,0.0,0.0,0.0,99.44,0.0,0.0,0.26,0.0,63.77,60.56,54.07,-119,-3.8
2026-08-19 08:43:57,Laboratorios Eléctrica Superior,49.81,Group 1 (Common),99.61,52.28,Group 1 (Common),50.09,0.0,0.0,0.0,0.0,99.61,0.13,0.0,0.04,0.0,53.06,48.94,47.67,-109,7.8
2026-08-19 08:44:14,Pasillo Decanato Civil,57.46,Mixed,60.42,60.71,Group 1 (Common),58.67,0.0,0.0,55.81,0.0,60.42,5.16,0.04,34.29,0.0,61.41,56.57,51.8,-114,9.2
2026-08-19 08:44:22,Lobby Civil,68.24,Group 1 (Common),93.36,69.24,Group 1 (Common),68.11,0.0,0.0,0.0,0.0,93.36,0.0,0.09,6.51,0.0,69.29,68.8,65.47,-100,11.8
2026-08-19 08:45:46,Salón - Extremo Eléctrica,74.55,Group 1 (Common),88.59,78.41,Group 1 (Common),74.85,0.0,0.0,0.0,0.0,88.59,3.91,0.0,7.42,0.0,79.54,73.24,68.77,-107,8.2
2026-08-19 08:45:55,Salón - Uma Civil,72.75,Mixed,50.78,75.69,Group 1 (Common),74.55,61.45,0.0,70.73,0.0,36.63,7.38,5.12,50.78,0.13,76.4,73.5,54.69,-108,8.5
2026-08-19 08:46:11,Pasillo Decanato Eléctrica,66.72,Group 1 (Common),99.61,68.54,Group 1 (Common),66.58,0.0,0.0,0.0,0.0,99.61,0.0,0.0,0.0,0.0,68.92,66.82,61.99,-114,5.2
2026-08-19 08:46:21,Laboratorios Civil Central,60.98,Mixed,55.43,66.79,Group 4 (Person),59.69,63.21,0.0,65.35,59.97,55.43,11.98,9.16,12.89,10.42,63.57,60.63,55.73,-108,8.2
2026-08-19 08:46:25,Laboratorios Eléctrica Inferior,58.15,Mixed,62.93,62.36,Group 5 (Vehicle),57.07,0.0,0.0,0.0,58.48,34.16,0.69,0.43,1.74,62.93,63.24,54.99,52.36,-125,-1.0
2026-08-19 08:46:41,Laboratorios Civil Inferior,63.8,Group 1 (Common),99.31,66.66,Group 1 (Common),63.07,0.0,0.0,0.0,0.0,99.31,0.0,0.35,0.0,0.22,67.01,63.01,59.55,-115,3.0
2026-08-19 08:46:42,Lobby Eléctrica,58.49,Group 1 (Common),78.34,60.09,Group 3 (Rotary Tool),57.68,0.0,59.39,0.0,0.0,78.34,0.26,21.09,0.04,0.22,60.21,57.72,57.03,-115,2.0
2026-08-19 08:47:00,Pasillo Salones Eléctrica,60.2,Mixed,52.73,62.77,Group 4 (Person),59.05,0.0,52.44,61.79,0.0,52.73,0.95,10.03,33.77,2.56,62.75,59.77,52.84,-119,-2.5
2026-08-19 08:47:10,Salón - Uma Eléctrica,67.9,Mixed,60.55,73.93,Group 1 (Common),72.21,44.58,0.0,71.72,0.0,9.29,60.55,0.09,25.56,4.34,73.48,45.38,40.57,-114,2.8
2026-08-19 08:47:25,Salón - Extremo Civil,49.26,Mixed,55.64,56.79,Group 4 (Person),49.48,42.26,0.0,54.78,0.0,55.64,15.45,0.61,21.74,6.51,56.43,42.81,36.71,-99,9.5
2026-08-19 08:47:36,Pasillo Salones Civil,50.68,Mixed,61.89,53.31,Group 2 (Impact),51.31,49.87,0.0,0.0,0.0,30.64,61.89,0.0,6.25,1.3,53.74,49.95,46.83,-119,3.5
2026-08-19 08:47:44,Laboratorios Civil Superior,57.92,Group 1 (Common),99.44,59.64,Group 1 (Common),58.43,0.0,0.0,0.0,0.0,99.44,0.26,0.0,0.09,0.0,59.38,58.45,53.33,-111,7.5
2026-08-19 08:48:06,Laboratorios Eléctrica Centro,58.71,Group 1 (Common),99.39,63.19,Group 1 (Common),60.07,0.0,0.0,0.0,0.0,99.39,0.09,0.13,0.17,0.0,62.48,58.35,55.29,-99,6.8
2026-08-19 08:48:57,Laboratorios Eléctrica Superior,47.75,Mixed,55.99,49.39,Group 3 (Rotary Tool),48.16,46.45,48.91,0.0,46.92,55.99,11.94,13.59,1.56,16.93,49.32,47.6,45.94,-109,9.5
2026-08-19 08:49:14,Pasillo Decanato Civil,52.31,Mixed,42.84,59.77,Group 4 (Person),50.46,50.81,0.0,59.27,0.0,42.84,17.84,0.26,35.85,3.04,59.78,49.87,42.43,-114,-4.8
2026-08-19 08:49:16,Lobby Civil,70.37,Group 1 (Common),77.6,72.86,Group 1 (Common),70.3,0.0,0.0,70.06,0.0,77.6,0.22,0.0,22.01,0.0,73.1,69.99,66.77,-105,8.8
2026-08-19 08:50:46,Salón - Extremo Eléctrica,69.42,Mixed,51.09,72.51,Group 4 (Person),68.04,0.0,0.0,69.99,0.0,48.61,0.0,0.0,51.09,0.0,72.54,68.84,63.57,-91,12.8
2026-08-19 08:50:55,Salón - Uma Civil,61.11,Mixed,45.53,75.36,Group 5 (Vehicle),65.09,42.44,0.0,0.0,75.11,23.7,45.53,0.0,1.17,29.73,70.58,43.55,39.82,-114,1.2
2026-08-19 08:51:11,Pasillo Decanato Eléctrica,57.08,Group 1 (Common),99.52,57.73,Group 1 (Common),57.13,0.0,0.0,0.0,0.0,99.52,0.0,0.0,0.13,0.13,57.52,57.05,56.52,-106,8.5
2026-08-19 08:51:21,Laboratorios Civil Central,64.53,Group 1 (Common),98.48,66.44,Group 1 (Common),63.78,0.0,0.0,0.0,0.0,98.48,0.0,0.65,0.69,0.04,66.55,63.81,61.34,-107,7.5
2026-08-19 08:51:25,Laboratorios Eléctrica Inferior,61.49,Mixed,42.58,65.58,Group 5 (Vehicle),63.38,0.0,60.01,60.87,63.6,38.76,3.21,8.72,6.6,42.58,64.33,62.0,56.45,-117,-1.8
2026-08-19 08:51:41,Laboratorios Civil Inferior,45.25,Mixed,62.93,47.02,Group 1 (Common),46.06,45.18,0.0,0.0,0.0,19.36,62.93,0.0,3.86,13.89,47.34,45.32,42.72,-118,-10.5
2026-08-19 08:51:42,Lobby Eléctrica,68.71,Group 1 (Common),77.47,72.92,Group 1 (Common),67.93,0.0,0.0,0.0,72.55,77.47,0.13,8.12,2.99,11.11,73.07,66.82,59.78,-111,9.8
2026-08-19 08:52:10,Salón - Uma Eléctrica,49.84,Mixed,61.76,56.79,Group 1 (Common),50.91,42.53,0.0,0.0,0.0,61.76,35.16,0.13,1.61,1.26,57.39,45.28,41.92,-119,-6.2
2026-08-19 08:52:25,Salón - Extremo Civil,62.99,Mixed,44.14,67.49,Group 1 (Common),63.5,54.36,0.0,63.12,0.0,44.14,19.75,0.52,35.29,0.17,68.4,60.15,55.91,-99,11.5
2026-08-19 08:52:36,Pasillo Salones Civil,51.63,Mixed,69.57,55.35,Group 1 (Common),52.66,0.0,0.0,0.0,49.97,69.57,7.55,4.3,1.35,17.1,54.01,51.7,48.57,-99,13.0
2026-08-19 08:52:44,Laboratorios Civil Superior,51.4,Group 1 (Common),91.5,53.37,Group 1 (Common),50.9,0.0,0.0,0.0,0.0,91.5,0.1,6.69,0.1,1.61,53.57,51.31,48.19,-105,11.5
2026-08-19 08:53:06,Laboratorios Eléctrica Centro,57.53,Group 1 (Common),98.74,60.49,Group 1 (Common),56.82,0.0,0.0,0.0,0.0,98.74,0.0,0.26,0.82,0.0,60.99,55.87,54.37,-119,-6.2
2026-08-19 08:53:57,Laboratorios Eléctrica Superior,53.46,Group 1 (Common),91.06,57.51,Group 1 (Common),54.11,0.0,0.0,0.0,0.0,91.06,0.22,8.12,0.3,0.22,57.51,51.48,46.49,-105,11.2
2026-08-19 08:54:14,Pasillo Decanato Civil,51.2,Mixed,54.04,54.87,Group 4 (Person),50.41,45.68,0.0,53.93,0.0,54.04,20.4,2.56,15.36,7.64,56.5,48.61,45.69,-88,12.0
2026-08-19 08:54:16,Lobby Civil,61.06,Group 1 (Common),80.9,63.98,Group 1 (Common),61.23,0.0,0.0,0.0,63.35,80.9,0.82,0.17,1.09,17.01,62.91,61.09,59.46,-114,5.0
2026-08-19 08:55:46,Salón - Extremo Eléctrica,77.69,Group 1 (Common),99.26,79.16,Group 1 (Common),78.07,0.0,0.0,0.0,0.0,99.26,0.0,0.0,0.61,0.0,79.23,77.79,72.25,-106,7.5
2026-08-19 08:55:55,Salón - Uma Civil,69.86,Group 4 (Person),81.47,74.11,Group 4 (Person),72.5,0.0,0.0,70.47,0.0,11.72,0.0,0.0,81.47,6.6,74.61,68.85,60.58,-115,-2.2
2026-08-19 08:56:11,Pasillo Decanato Eléctrica,65.26,Group 1 (Common),99.61,67.09,Group 1 (Common),64.77,0.0,0.0,0.0,0.0,99.61,0.0,0.0,0.04,0.0,68.12,65.06,62.65,-107,10.8
2026-08-19 08:56:21,Laboratorios Civil Central,67.89,Group 1 (Common),78.95,69.97,Group 1 (Common),67.9,66.2,0.0,66.17,0.0,78.95,5.38,0.0,15.36,0.0,69.95,67.42,64.77,-103,8.8
2026-08-19 08:56:25,Laboratorios Eléctrica Inferior,61.07,Group 1 (Common),95.57,62.85,Group 1 (Common),61.01,0.0,0.0,0.0,0.0,95.57,0.0,0.04,0.0,4.12,63.06,60.86,58.26,-118,-5.2
2026-08-19 08:56:41,Laboratorios Civil Inferior,51.64,Mixed,54.3,58.0,Group 2 (Impact),52.29,54.33,52.14,0.0,0.0,20.51,54.3,13.28,4.79,7.18,52.9,51.34,49.35,-119,-6.8
2026-08-19 08:56:42,Lobby Eléctrica,63.24,Group 1 (Common),93.53,65.97,Group 1 (Common),63.91,0.0,0.0,0.0,0.0,93.53,5.21,0.0,1.09,0.0,66.05,63.11,59.9,-115,-0.2
2026-08-19 08:57:00,Pasillo Salones Eléctrica,50.9,Group 1 (Common),72.02,58.09,Group 1 (Common),53.32,0.0,0.0,0.0,0.0,72.02,5.27,0.2,18.6,3.91,54.56,48.51,43.68,-118,-2.8
2026-08-19 08:57:10,Salón - Uma Eléctrica,44.63,Silence,0.0,47.45,Silence,0.0,0.0,0.0,0.0,0.0,0.0,0.0,0.0,0.0,0.0,47.97,42.81,39.69,-119,-10.2
2026-08-19 08:57:25,Salón - Extremo Civil,56.88,Mixed,42.1,61.73,Group 2 (Impact),55.82,52.84,58.64,58.02,0.0,32.2,42.1,10.5,12.24,2.82,63.06,53.88,38.68,-107,12.2
2026-08-19 08:57:36,Pasillo Salones Civil,52.39,Group 1 (Common),78.21,56.43,Group 1 (Common),53.32,0.0,49.97,0.0,0.0,78.21,4.82,9.94,0.26,6.77,56.42,51.13,48.5,-115,0.2
2026-08-19 08:57:44,Laboratorios Civil Superior,54.22,Group 1 (Common),99.39,56.74,Group 1 (Common),53.39,0.0,0.0,0.0,0.0,99.39,0.0,0.09,0.0,0.35,57.83,53.63,52.67,-107,10.0
2026-08-19 08:58:06,Laboratorios Eléctrica Centro,50.13,Mixed,38.15,52.6,Group 5 (Vehicle),49.34,0.0,50.51,0.0,50.78,32.12,0.91,38.15,0.09,28.73,52.68,50.25,48.28,-103,11.0
2026-08-19 08:58:57,Laboratorios Eléctrica Superior,51.7,Mixed,68.71,55.59,Group 1 (Common),53.09,0.0,49.94,0.0,0.0,68.71,0.3,16.19,6.9,7.77,55.34,51.73,46.9,-117,0.5
2026-08-19 08:59:14,Pasillo Decanato Civil,36.68,Silence,0.0,43.06,Silence,0.0,0.0,0.0,0.0,0.0,0.0,0.0,0.0,0.0,0.0,40.07,35.54,34.39,-102,11.0
2026-08-19 08:59:16,Lobby Civil,60.25,Group 1 (Common),99.35,63.1,Group 1 (Common),60.54,0.0,0.0,0.0,0.0,99.35,0.0,0.13,0.3,0.13,63.44,60.32,55.85,-101,12.2
2026-08-19 09:00:46,Salón - Extremo Eléctrica,57.24,Group 4 (Person),70.31,60.66,Group 4 (Person),59.16,0.0,0.0,57.63,0.0,27.65,1.91,0.0,70.31,0.04,60.84,56.52,52.76,-89,13.5
2026-08-19 09:00:55,Salón - Uma Civil,66.02,Group 4 (Person),74.44,70.21,Group 4 (Person),65.57,62.15,0.0,67.11,0.0,9.85,15.54,0.0,74.44,0.0,70.92,64.99,47.16,-119,-2.2
2026-08-19 09:01:11,Pasillo Decanato Eléctrica,58.83,Group 1 (Common),99.61,59.99,Group 1 (Common),58.83,0.0,0.0,0.0,0.0,99.61,0.0,0.0,0.09,0.09,60.03,58.96,57.09,-111,9.8
2026-08-19 09:01:22,Laboratorios Civil Central,59.51,Group 1 (Common),99.61,62.25,Group 1 (Common),59.93,0.0,0.0,0.0,0.0,99.61,0.0,0.0,0.0,0.0,62.48,58.61,57.5,-105,11.2
2026-08-19 09:01:25,Laboratorios Eléctrica Inferior,58.07,Group 1 (Common),89.67,60.16,Group 1 (Common),57.3,0.0,0.0,0.0,0.0,89.67,3.56,0.3,3.17,3.39,60.6,57.55,54.86,-119,-3.0
2026-08-19 09:01:41,Laboratorios Civil Inferior,59.99,Group 1 (Common),89.5,65.27,Group 1 (Common),60.43,0.0,0.0,61.72,0.0,89.5,0.0,0.04,10.33,0.09,66.61,55.35,53.35,-121,-11.2
2026-08-19 09:01:42,Lobby Eléctrica,63.88,Group 1 (Common),99.61,65.75,Group 1 (Common),64.0,0.0,0.0,0.0,0.0,99.61,0.0,0.0,0.04,0.0,65.98,64.0,61.45,-117,-2.2
2026-08-19 09:02:00,Pasillo Salones Eléctrica,56.04,Group 1 (Common),86.98,58.5,Group 3 (Rotary Tool),54.97,0.0,58.55,0.0,0.0,86.98,0.04,7.03,4.51,1.26,58.79,54.3,53.04,-101,12.5
2026-08-19 09:02:10,Salón - Uma Eléctrica,66.02,Mixed,55.6,70.72,Group 4 (Person),50.44,0.0,0.0,66.03,0.0,40.63,0.04,3.56,55.6,0.0,71.52,52.31,46.52,-107,10.0
2026-08-19 09:02:25,Salón - Extremo Civil,64.16,Mixed,69.57,68.28,Group 1 (Common),65.09,38.34,0.0,0.0,0.0,69.57,11.55,7.34,0.61,10.89,69.98,59.97,36.06,-85,12.5
2026-08-19 09:02:36,Pasillo Salones Civil,53.99,Mixed,60.42,56.17,Group 1 (Common),54.1,53.86,0.0,0.0,0.0,60.42,29.99,5.69,3.82,0.04,56.75,53.59,51.59,-105,10.2
2026-08-19 09:02:44,Laboratorios Civil Superior,55.73,Group 1 (Common),99.52,61.57,Group 1 (Common),57.72,0.0,0.0,0.0,0.0,99.52,0.0,0.04,0.22,0.0,58.76,55.45,51.97,-113,5.2
2026-08-19 09:03:06,Laboratorios Eléctrica Centro,62.3,Group 1 (Common),99.13,65.16,Group 1 (Common),61.77,0.0,0.0,0.0,0.0,99.13,0.0,0.52,0.0,0.0,65.38,62.1,59.11,-100,11.8
2026-08-19 09:03:57,Laboratorios Eléctrica Superior,48.73,Group 1 (Common),82.47,50.87,Group 1 (Common),47.96,49.3,0.0,0.0,0.0,82.47,11.07,0.0,1.3,5.03,51.23,48.33,44.35,-107,11.8
2026-08-19 09:04:14,Pasillo Decanato Civil,51.34,Mixed,52.39,54.07,Group 3 (Rotary Tool),50.88,0.0,53.04,52.33,0.0,52.39,1.82,23.31,22.05,0.43,54.27,50.9,46.27,-117,0.5
2026-08-19 09:04:16,Lobby Civil,57.28,Group 1 (Common),90.02,60.7,Group 1 (Common),57.69,0.0,0.0,0.0,0.0,90.02,0.3,0.22,0.69,8.59,60.98,56.09,55.4,-109,5.2
2026-08-19 09:05:46,Salón - Extremo Eléctrica,62.42,Mixed,63.77,68.4,Group 1 (Common),64.9,0.0,0.0,59.28,0.0,63.77,0.88,0.0,35.3,0.0,67.67,61.99,46.8,-91,11.8
2026-08-19 09:05:55,Salón - Uma Civil,65.24,Group 4 (Person),88.54,70.67,Group 4 (Person),58.78,0.0,0.0,62.54,0.0,11.07,0.09,0.0,88.54,0.0,72.09,60.24,57.19,-101,-0.5
2026-08-19 09:06:11,Pasillo Decanato Eléctrica,57.21,Group 1 (Common),99.61,57.88,Group 1 (Common),57.2,0.0,0.0,0.0,0.0,99.61,0.0,0.0,0.04,0.0,58.03,57.16,56.66,-115,-1.0
2026-08-19 09:06:22,Laboratorios Civil Central,57.61,Group 1 (Common),96.88,60.33,Group 1 (Common),57.52,0.0,0.0,0.0,0.0,96.88,0.56,0.04,0.82,1.52,60.41,58.51,53.06,-111,6.5
2026-08-19 09:06:28,Laboratorios Eléctrica Inferior,58.74,Group 1 (Common),92.49,61.8,Group 1 (Common),59.5,0.0,0.0,0.0,0.0,92.49,0.22,0.0,0.22,7.03,61.62,59.28,54.09,-117,-4.0
2026-08-19 09:06:41,Laboratorios Civil Inferior,50.94,Mixed,39.32,53.34,Group 3 (Rotary Tool),50.99,50.74,52.26,0.0,0.0,39.32,28.73,14.76,0.78,16.54,53.84,51.58,47.79,-120,-7.0
2026-08-19 09:06:42,Lobby Eléctrica,64.08,Group 1 (Common),74.57,66.35,Group 1 (Common),64.13,0.0,0.0,60.42,0.0,74.57,0.0,0.0,25.17,0.0,67.17,63.7,58.11,-117,0.2
2026-08-19 09:07:00,Pasillo Salones Eléctrica,64.98,Group 1 (Common),99.57,66.6,Group 1 (Common),64.93,0.0,0.0,0.0,0.0,99.57,0.0,0.13,0.17,0.04,67.35,64.68,61.41,-114,-5.0
2026-08-19 09:07:10,Salón - Uma Eléctrica,68.76,Mixed,66.54,73.91,Group 4 (Person),53.24,0.0,0.0,70.65,0.0,32.94,0.17,0.0,66.54,0.26,74.66,61.0,40.65,-109,8.0
2026-08-19 09:07:25,Salón - Extremo Civil,67.21,Mixed,64.89,69.82,Group 4 (Person),66.97,0.0,0.0,66.99,0.0,64.89,0.0,0.0,34.98,0.0,70.74,66.42,63.72,-97,13.2
2026-08-19 09:07:36,Pasillo Salones Civil,58.91,Group 1 (Common),99.57,60.38,Group 1 (Common),58.98,0.0,0.0,0.0,0.0,99.57,0.0,0.04,0.09,0.0,60.91,58.43,57.98,-111,11.5
2026-08-19 09:07:44,Laboratorios Civil Superior,50.88,Group 1 (Common),88.85,53.04,Group 1 (Common),50.86,0.0,0.0,0.0,49.37,88.85,0.04,0.0,0.09,10.94,53.69,50.43,48.37,-114,4.5
2026-08-19 09:08:06,Laboratorios Eléctrica Centro,62.77,Mixed,51.42,65.3,Group 1 (Common),61.61,0.0,0.0,61.22,61.0,39.79,0.0,0.0,51.42,8.54,65.66,61.46,60.27,-99,11.5
2026-08-19 09:08:57,Laboratorios Eléctrica Superior,51.39,Mixed,61.07,53.92,Group 2 (Impact),51.98,52.1,48.12,0.0,0.0,61.07,12.67,16.8,7.42,2.0,53.97,51.16,46.76,-103,12.2
2026-08-19 09:09:14,Pasillo Decanato Civil,54.26,Mixed,40.67,59.01,Group 1 (Common),54.85,45.93,0.0,0.0,54.18,40.67,22.35,4.12,1.82,30.99,59.81,52.78,40.36,-96,11.2
2026-08-19 09:09:16,Lobby Civil,61.49,Group 1 (Common),99.61,65.1,Group 1 (Common),61.47,0.0,0.0,0.0,0.0,99.61,0.0,0.0,0.0,0.0,64.53,61.09,58.92,-99,10.5
2026-08-19 09:10:46,Salón - Extremo Eléctrica,69.31,Mixed,66.65,75.9,Group 4 (Person),38.27,37.98,0.0,62.53,0.0,11.72,66.65,0.15,21.19,0.44,77.59,38.89,37.85,-91,12.0
2026-08-19 09:10:55,Salón - Uma Civil,44.02,Silence,0.0,45.87,Silence,0.0,0.0,0.0,0.0,0.0,0.0,0.0,0.0,0.0,0.0,46.6,43.86,41.65,-115,0.5
2026-08-19 09:11:11,Pasillo Decanato Eléctrica,61.14,Group 1 (Common),98.48,63.93,Group 1 (Common),60.4,0.0,0.0,0.0,0.0,98.48,1.22,0.0,0.26,0.0,64.76,58.23,56.68,-106,8.8
2026-08-19 09:11:22,Laboratorios Civil Central,67.95,Group 1 (Common),81.6,70.95,Group 1 (Common),66.4,0.0,0.0,70.25,0.0,81.6,0.04,0.0,15.32,2.86,71.76,64.53,61.37,-105,6.8
2026-08-19 09:11:25,Laboratorios Eléctrica Inferior,54.1,Group 1 (Common),93.32,54.66,Group 1 (Common),53.86,0.0,0.0,0.0,0.0,93.32,0.13,0.04,0.26,6.25,54.86,54.04,52.99,-118,-0.2
2026-08-19 09:11:41,Laboratorios Civil Inferior,52.38,Mixed,41.8,54.79,Group 2 (Impact),53.73,51.74,0.0,0.0,52.48,20.14,41.8,7.9,5.38,24.83,54.98,53.12,46.74,-119,-8.2
2026-08-19 09:11:50,Lobby Eléctrica,67.56,Mixed,55.86,69.64,Group 1 (Common),68.33,0.0,0.0,67.43,0.0,55.86,0.0,0.0,43.9,0.0,69.7,66.92,64.91,-105,12.5
2026-08-19 09:12:00,Pasillo Salones Eléctrica,55.57,Mixed,31.21,56.98,Group 1 (Common),55.58,55.98,54.5,54.92,0.0,31.21,17.14,16.02,18.23,17.49,56.78,55.84,54.08,-105,11.0
2026-08-19 09:12:10,Salón - Uma Eléctrica,52.11,Mixed,63.92,54.66,Group 2 (Impact),53.23,52.45,0.0,0.0,53.55,14.65,63.92,5.27,6.1,10.06,53.78,51.35,49.7,-102,10.0
2026-08-19 09:12:25,Salón - Extremo Civil,64.41,Group 4 (Person),77.52,66.72,Group 4 (Person),64.23,0.0,0.0,65.3,0.0,22.22,0.0,0.04,77.52,0.0,66.92,63.41,56.81,-115,-10.5
2026-08-19 09:12:36,Pasillo Salones Civil,59.59,Group 1 (Common),98.83,61.53,Group 1 (Common),58.93,0.0,0.0,0.0,0.0,98.83,0.0,0.24,0.0,0.59,62.3,59.35,55.68,-117,7.0
2026-08-19 09:12:44,Laboratorios Civil Superior,47.25,Group 1 (Common),77.39,50.44,Group 1 (Common),48.14,0.0,0.0,0.0,0.0,77.39,0.22,0.09,0.04,22.18,48.62,47.2,45.62,-107,7.5
2026-08-19 09:13:06,Laboratorios Eléctrica Centro,66.73,Group 1 (Common),78.32,69.32,Group 1 (Common),67.08,0.0,0.0,64.04,0.0,78.32,0.0,0.0,21.44,0.0,70.12,66.4,62.09,-99,12.0
2026-08-19 09:13:57,Laboratorios Eléctrica Superior,71.2,Group 1 (Common),99.18,72.98,Group 1 (Common),71.11,0.0,0.0,0.0,0.0,99.18,0.0,0.09,0.43,0.26,73.43,70.98,67.41,-101,12.8
2026-08-19 09:14:14,Pasillo Decanato Civil,43.35,Silence,0.0,47.32,Silence,0.0,0.0,0.0,0.0,0.0,0.0,0.0,0.0,0.0,0.0,47.03,42.94,38.14,-119,-6.0
2026-08-19 09:14:16,Lobby Civil,61.63,Group 1 (Common),88.5,66.06,Group 1 (Common),63.27,58.72,0.0,0.0,0.0,88.5,10.46,0.0,0.82,0.0,65.89,60.52,56.65,-101,9.8
2026-08-19 09:15:46,Salón - Extremo Eléctrica,60.4,Mixed,48.65,63.85,Group 1 (Common),62.66,50.47,0.0,59.74,0.0,40.71,5.43,0.0,48.65,5.21,64.27,60.53,41.23,-108,10.0
2026-08-19 09:15:55,Salón - Uma Civil,41.52,Silence,0.0,44.93,Silence,0.0,0.0,0.0,0.0,0.0,0.0,0.0,0.0,0.0,0.0,42.71,41.31,40.45,-117,3.5
2026-08-19 09:16:11,Pasillo Decanato Eléctrica,60.91,Group 1 (Common),99.61,63.93,Group 1 (Common),61.44,0.0,0.0,0.0,0.0,99.61,0.0,0.0,0.0,0.09,64.86,59.62,57.85,-100,11.0
2026-08-19 09:16:22,Laboratorios Civil Central,65.7,Group 1 (Common),72.8,68.13,Group 4 (Person),64.9,0.0,0.0,66.89,0.0,72.8,0.0,0.0,27.05,0.0,67.24,66.32,62.58,-111,10.5
2026-08-19 09:16:25,Laboratorios Eléctrica Inferior,53.11,Mixed,52.29,54.15,Group 1 (Common),53.18,0.0,0.0,0.0,52.93,46.39,0.83,0.0,0.44,52.29,53.92,52.87,52.26,-111,6.5
2026-08-19 09:16:41,Laboratorios Civil Inferior,44.98,Silence,0.0,47.1,Silence,0.0,0.0,0.0,0.0,0.0,0.0,0.0,0.0,0.0,0.0,47.34,44.21,43.8,-117,3.8
2026-08-19 09:16:42,Lobby Eléctrica,63.52,Mixed,62.16,66.58,Group 4 (Person),63.76,0.0,0.0,64.94,0.0,62.16,0.0,0.0,37.65,0.0,65.2,63.1,62.46,-120,-4.2
2026-08-19 09:17:00,Pasillo Salones Eléctrica,56.82,Group 1 (Common),84.55,59.13,Group 1 (Common),57.62,0.0,0.0,0.0,58.68,84.55,1.35,0.04,0.48,13.5,59.51,56.5,51.22,-93,12.2
2026-08-19 09:17:10,Salón - Uma Eléctrica,53.7,Mixed,55.71,56.85,Group 5 (Vehicle),0.0,51.73,0.0,0.0,53.45,0.05,55.71,5.81,3.47,35.01,57.36,52.13,47.66,-114,3.5
2026-08-19 09:17:25,Salón - Extremo Civil,62.51,Mixed,52.65,66.63,Group 4 (Person),56.48,50.96,0.0,63.79,0.0,37.28,9.9,0.0,52.65,0.0,67.69,61.31,44.61,-87,11.5
2026-08-19 09:17:44,Laboratorios Civil Superior,45.45,Mixed,51.61,46.4,Group 5 (Vehicle),45.57,0.0,0.0,0.0,45.58,51.61,0.69,0.87,0.48,46.31,47.1,45.55,42.55,-111,8.0
2026-08-19 09:18:06,Laboratorios Eléctrica Centro,59.29,Group 1 (Common),91.45,63.18,Group 1 (Common),57.97,0.0,0.0,0.0,0.0,91.45,3.43,1.39,3.3,0.43,64.03,58.62,53.64,-99,11.8
2026-08-19 09:18:57,Laboratorios Eléctrica Superior,55.2,Group 1 (Common),98.58,57.96,Group 1 (Common),54.46,0.0,0.0,0.0,0.0,98.58,0.0,1.07,0.05,0.2,59.13,53.75,52.88,-97,12.0
2026-08-19 09:19:14,Pasillo Decanato Civil,51.77,Mixed,42.36,55.49,Group 4 (Person),51.46,47.9,0.0,53.95,0.0,37.85,15.76,3.08,42.36,0.78,55.74,49.56,45.38,-114,-3.5
2026-08-19 09:19:16,Lobby Civil,69.1,Group 1 (Common),99.39,71.46,Group 1 (Common),67.87,0.0,0.0,0.0,0.0,99.39,0.0,0.0,0.35,0.0,71.98,68.93,65.11,-103,10.8
2026-08-19 09:20:46,Salón - Extremo Eléctrica,64.94,Group 1 (Common),99.61,68.51,Group 1 (Common),64.97,0.0,0.0,0.0,0.0,99.61,0.0,0.0,0.09,0.0,68.56,63.27,60.56,-95,13.2
2026-08-19 09:20:56,Salón - Uma Civil,51.97,Group 1 (Common),78.52,59.71,Group 1 (Common),55.54,0.0,0.0,50.02,0.0,78.52,0.73,0.0,20.75,0.0,56.62,50.33,44.59,-119,
2026-08-19 09:21:11,Pasillo Decanato Eléctrica,58.11,Group 1 (Common),99.52,59.12,Group 1 (Common),58.3,0.0,0.0,0.0,0.0,99.52,0.0,0.0,0.04,0.13,58.96,57.94,57.09,-107,5.2
2026-08-19 09:21:22,Laboratorios Civil Central,66.21,Group 1 (Common),96.92,68.25,Group 1 (Common),65.68,0.0,0.0,0.0,0.0,96.92,0.24,0.0,2.78,0.0,68.76,66.09,63.2,-108,8.0
2026-08-19 09:21:25,Laboratorios Eléctrica Inferior,57.06,Group 1 (Common),76.0,59.08,Group 1 (Common),56.57,0.0,0.0,0.0,55.81,76.0,3.34,0.0,1.0,19.62,59.02,56.39,54.17,-120,-8.0
2026-08-19 09:21:41,Laboratorios Civil Inferior,59.92,Group 1 (Common),99.48,63.49,Group 1 (Common),60.69,0.0,0.0,0.0,0.0,99.48,0.0,0.0,0.09,0.17,63.81,58.66,52.18,-121,-9.0
2026-08-19 09:21:42,Lobby Eléctrica,71.18,Group 1 (Common),88.85,73.11,Group 1 (Common),70.68,0.0,0.0,71.34,0.0,88.85,0.0,0.0,10.98,0.0,73.87,70.55,65.16,-112,-1.8
2026-08-19 09:22:00,Pasillo Salones Eléctrica,54.09,Group 1 (Common),99.26,56.51,Group 1 (Common),54.05,0.0,0.0,0.0,0.0,99.26,0.04,0.04,0.56,0.0,56.34,53.78,51.17,-103,8.2
2026-08-19 09:22:10,Salón - Uma Eléctrica,66.22,Mixed,47.79,71.68,Group 1 (Common),64.26,0.0,43.25,65.77,0.0,27.52,7.12,16.19,47.79,1.13,72.57,58.12,41.54,-108,8.5
2026-08-19 09:22:25,Salón - Extremo Civil,68.02,Group 1 (Common),78.13,70.94,Group 1 (Common),67.53,0.0,0.0,64.28,0.0,78.13,1.3,0.0,20.36,0.0,71.1,66.19,61.66,-95,9.2
2026-08-19 09:22:36,Pasillo Salones Civil,70.82,Group 1 (Common),77.47,73.25,Group 1 (Common),71.26,0.0,0.0,71.02,0.0,77.47,0.0,0.0,22.27,0.0,73.44,70.27,66.81,-107,11.5
2026-08-19 09:22:44,Laboratorios Civil Superior,61.01,Mixed,56.25,64.07,Group 5 (Vehicle),58.69,0.0,63.31,0.0,62.3,56.25,1.13,8.55,3.82,30.08,64.77,59.83,57.06,-107,10.2
2026-08-19 09:23:06,Laboratorios Eléctrica Centro,61.97,Mixed,52.56,64.54,Group 1 (Common),63.64,62.98,0.0,61.43,0.0,36.41,9.77,0.0,52.56,1.26,64.98,62.0,56.43,-107,12.0
2026-08-19 09:23:57,Laboratorios Eléctrica Superior,55.21,Mixed,51.03,58.12,Group 4 (Person),54.46,0.0,52.96,55.59,0.0,51.03,0.24,23.54,25.1,0.0,58.52,53.83,50.17,-103,11.5
2026-08-19 09:24:14,Pasillo Decanato Civil,52.71,Group 1 (Common),98.83,54.28,Group 1 (Common),52.48,0.0,0.0,0.0,0.0,98.83,0.04,0.0,0.0,0.87,54.48,53.0,50.87,-111,1.2
2026-08-19 09:24:16,Lobby Civil,67.22,Group 1 (Common),99.61,70.64,Group 1 (Common),67.89,0.0,0.0,0.0,0.0,99.61,0.0,0.0,0.04,0.0,68.56,66.77,65.24,-114,5.2
2026-08-19 09:25:46,Salón - Extremo Eléctrica,63.35,Mixed,60.07,67.49,Group 1 (Common),63.79,0.0,0.0,56.77,51.34,60.07,2.34,0.0,31.6,5.99,68.21,63.35,50.1,-91,12.5
2026-08-19 09:25:55,Salón - Uma Civil,59.15,Mixed,45.88,74.71,Group 4 (Person),50.17,60.64,67.51,74.65,0.0,45.88,6.77,11.46,30.12,5.86,67.72,50.89,48.52,-116,-6.5
2026-08-19 09:26:11,Pasillo Decanato Eléctrica,66.15,Group 1 (Common),99.61,71.13,Group 1 (Common),66.19,0.0,0.0,0.0,0.0,99.61,0.0,0.0,0.04,0.0,71.27,63.25,62.77,-113,2.2
2026-08-19 09:26:22,Laboratorios Civil Central,74.56,Group 1 (Common),99.61,77.54,Group 1 (Common),74.09,0.0,0.0,0.0,0.0,99.61,0.0,0.0,0.04,0.0,77.94,73.94,68.23,-115,4.0
2026-08-19 09:26:25,Laboratorios Eléctrica Inferior,52.96,Group 1 (Common),70.44,55.53,Group 1 (Common),53.47,0.0,0.0,0.0,53.61,70.44,0.95,0.56,1.48,26.69,54.05,53.07,51.84,-120,-9.2
2026-08-19 09:26:41,Laboratorios Civil Inferior,55.9,Group 1 (Common),87.11,57.67,Group 1 (Common),55.82,0.0,0.0,0.0,53.47,87.11,1.22,0.04,0.69,10.76,57.54,55.53,54.46,-119,-11.8
2026-08-19 09:26:42,Lobby Eléctrica,73.34,Group 1 (Common),99.57,74.96,Group 1 (Common),72.71,0.0,0.0,0.0,0.0,99.57,0.0,0.0,0.13,0.0,76.04,73.35,69.79,-117,
2026-08-19 09:27:00,Pasillo Salones Eléctrica,68.96,Group 1 (Common),98.78,72.84,Group 1 (Common),70.31,0.0,0.0,0.0,0.0,98.78,0.0,0.0,1.04,0.0,72.02,68.34,65.72,-103,12.2
2026-08-19 09:27:10,Salón - Uma Eléctrica,65.38,Group 1 (Common),92.53,68.1,Group 1 (Common),65.08,0.0,0.0,0.0,0.0,92.53,0.48,1.26,2.47,3.21,68.37,65.14,60.42,-119,2.8
2026-08-19 09:27:25,Salón - Extremo Civil,67.6,Mixed,67.53,69.96,Group 4 (Person),67.08,0.0,0.0,68.15,0.0,67.53,0.0,0.0,32.47,0.0,70.12,67.54,62.7,-85,13.0
2026-08-19 09:27:36,Pasillo Salones Civil,66.79,Group 1 (Common),99.52,70.41,Group 1 (Common),65.36,0.0,0.0,0.0,0.0,99.52,0.0,0.0,0.22,0.0,70.47,63.04,60.34,-111,5.5
2026-08-19 09:27:44,Laboratorios Civil Superior,63.28,Group 1 (Common),99.61,66.41,Group 1 (Common),64.18,0.0,0.0,0.0,0.0,99.61,0.0,0.13,0.0,0.0,65.59,62.98,60.0,-107,9.5
2026-08-19 09:28:06,Laboratorios Eléctrica Centro,53.26,Mixed,63.59,55.17,Group 1 (Common),53.0,0.0,52.62,0.0,0.0,32.42,0.52,63.59,0.0,3.34,54.87,53.19,51.45,-107,1.0
2026-08-19 09:28:57,Laboratorios Eléctrica Superior,60.36,Mixed,60.76,66.57,Group 1 (Common),62.24,0.0,0.0,61.48,0.0,60.76,0.0,0.0,39.06,0.0,62.45,60.56,54.29,-103,11.8
2026-08-19 09:29:14,Pasillo Decanato Civil,56.13,Group 1 (Common),97.61,57.78,Group 1 (Common),55.82,0.0,0.0,0.0,0.0,97.61,1.13,0.0,1.13,0.13,58.41,56.16,53.43,-105,10.5
2026-08-19 09:29:16,Lobby Civil,66.51,Group 1 (Common),99.61,71.91,Group 1 (Common),64.47,0.0,0.0,0.0,0.0,99.61,0.0,0.0,0.04,0.0,72.71,64.19,62.77,-99,11.5
2026-08-19 09:30:46,Salón - Extremo Eléctrica,68.1,Mixed,55.16,70.89,Group 4 (Person),67.71,0.0,0.0,68.74,0.0,55.16,0.0,0.0,44.53,0.0,71.5,67.11,59.24,-84,12.2
2026-08-19 09:30:56,Salón - Uma Civil,68.46,Mixed,59.85,70.4,Group 1 (Common),68.86,0.0,0.0,66.53,0.0,59.85,4.34,0.39,34.94,0.39,71.02,67.24,65.64,-108,8.0
2026-08-19 09:31:11,Pasillo Decanato Eléctrica,61.65,Mixed,43.97,63.99,Group 1 (Common),62.52,61.37,0.0,61.79,61.04,43.97,16.88,1.09,18.53,19.31,62.88,61.72,60.09,-108,9.0
2026-08-19 09:31:22,Laboratorios Civil Central,74.14,Mixed,51.74,76.3,Group 5 (Vehicle),74.13,0.0,0.0,70.35,76.11,51.74,1.0,0.0,24.91,22.14,76.43,73.59,67.85,-113,6.2
2026-08-19 09:31:25,Laboratorios Eléctrica Inferior,63.29,Group 1 (Common),97.7,65.76,Group 1 (Common),62.02,0.0,0.0,0.0,0.0,97.7,0.0,0.0,0.13,1.87,65.93,64.28,54.22,-119,-4.8
2026-08-19 09:31:41,Laboratorios Civil Inferior,55.67,Group 1 (Common),94.31,59.11,Group 1 (Common),56.64,0.0,0.0,0.0,0.0,94.31,0.3,1.09,0.82,3.47,58.51,54.73,51.32,-118,-9.5
2026-08-19 09:31:42,Lobby Eléctrica,80.03,Mixed,55.25,82.22,Group 5 (Vehicle),79.34,0.0,0.0,0.0,81.65,55.25,0.17,0.0,12.2,32.34,82.2,79.73,77.59,-119,-1.0
2026-08-19 09:32:00,Pasillo Salones Eléctrica,72.97,Group 1 (Common),96.35,74.82,Group 1 (Common),72.19,0.0,0.0,0.0,0.0,96.35,0.0,0.0,3.47,0.0,74.81,73.09,67.56,-97,13.0
2026-08-19 09:32:10,Salón - Uma Eléctrica,54.48,Group 1 (Common),94.49,55.97,Group 1 (Common),54.77,0.0,0.0,0.0,0.0,94.49,2.82,0.13,2.69,0.0,56.42,53.97,52.35,-113,6.0
2026-08-19 09:32:28,Salón - Extremo Civil,57.68,Group 1 (Common),78.27,62.35,Group 1 (Common),58.14,0.0,0.0,54.85,0.0,78.27,0.15,2.05,19.53,0.05,61.95,55.33,53.8,-109,-8.5
2026-08-19 09:32:36,Pasillo Salones Civil,71.01,Mixed,54.69,74.81,Group 3 (Rotary Tool),66.93,73.83,74.2,69.17,71.54,54.69,9.51,9.94,18.53,7.16,76.04,68.88,60.72,-119,-0.8
2026-08-19 09:32:44,Laboratorios Civil Superior,53.44,Group 1 (Common),88.72,57.32,Group 1 (Common),51.5,0.0,0.0,0.0,0.0,88.72,0.88,2.29,2.29,5.62,57.87,50.67,49.38,-113,7.2
2026-08-19 09:33:06,Laboratorios Eléctrica Centro,63.32,Group 1 (Common),96.88,66.33,Group 1 (Common),62.7,0.0,0.0,0.0,0.0,96.88,0.0,0.04,0.82,2.13,66.38,63.93,58.43,-96,9.5
2026-08-19 09:33:57,Laboratorios Eléctrica Superior,68.63,Group 1 (Common),76.39,70.32,Group 1 (Common),67.91,0.0,0.0,67.85,0.0,76.39,0.0,0.0,23.35,0.0,70.74,67.95,66.98,-103,11.8
2026-08-19 09:34:14,Pasillo Decanato Civil,59.12,Group 1 (Common),99.61,61.87,Group 1 (Common),58.77,0.0,0.0,0.0,0.0,99.61,0.0,0.0,0.0,0.0,62.24,58.49,56.45,-109,10.8
2026-08-19 09:34:16,Lobby Civil,72.64,Group 1 (Common),77.6,74.02,Group 1 (Common),72.95,0.0,0.0,72.96,0.0,77.6,0.0,0.0,22.14,0.0,73.97,72.89,70.57,-101,8.5
2026-08-19 09:35:46,Salón - Extremo Eléctrica,49.3,Group 1 (Common),72.31,59.01,Group 1 (Common),53.86,40.52,0.0,0.0,0.0,72.31,17.19,0.0,9.42,1.0,53.42,48.75,35.2,-109,9.0
2026-08-19 09:35:56,Salón - Uma Civil,64.07,Mixed,69.62,68.67,Group 4 (Person),60.74,61.84,0.0,67.92,0.0,69.62,10.16,0.0,20.27,0.0,69.8,61.13,56.27,-119,-0.2
2026-08-19 09:36:11,Pasillo Decanato Eléctrica,67.96,Group 1 (Common),97.92,70.49,Group 1 (Common),67.82,0.0,0.0,0.0,0.0,97.92,0.26,0.0,1.74,0.04,71.14,67.52,62.13,-111,8.2
2026-08-19 09:36:22,Laboratorios Civil Central,77.79,Group 1 (Common),90.06,80.94,Group 1 (Common),77.45,0.0,0.0,77.17,0.0,90.06,0.0,0.0,9.77,0.0,81.78,77.1,73.67,-118,-9.5
2026-08-19 09:36:25,Laboratorios Eléctrica Inferior,55.07,Group 1 (Common),78.56,56.99,Group 1 (Common),54.97,0.0,0.0,0.0,53.24,78.56,0.04,0.09,0.22,21.01,57.22,54.76,53.06,-111,2.5
2026-08-19 09:36:41,Laboratorios Civil Inferior,53.52,Mixed,50.24,54.72,Group 2 (Impact),54.37,53.96,0.0,53.45,53.59,6.05,26.51,8.74,8.25,50.24,54.65,53.5,51.91,-117,-6.5
2026-08-19 09:36:42,Lobby Eléctrica,70.37,Group 1 (Common),97.61,72.62,Group 1 (Common),70.78,0.0,0.0,0.0,0.0,97.61,0.0,0.0,2.21,0.0,73.4,69.59,67.68,-107,11.2
2026-08-19 09:37:00,Pasillo Salones Eléctrica,65.73,Group 1 (Common),99.57,67.57,Group 1 (Common),65.65,0.0,0.0,0.0,0.0,99.57,0.0,0.0,0.13,0.0,67.82,65.16,61.63,-97,11.5
2026-08-19 09:37:10,Salón - Uma Eléctrica,56.29,Mixed,53.47,61.93,Group 4 (Person),52.83,0.0,0.0,59.37,0.0,38.02,7.73,0.69,53.47,0.0,63.56,52.44,49.25,-105,10.8
2026-08-19 09:37:25,Salón - Extremo Civil,59.02,Group 1 (Common),91.21,61.48,Group 1 (Common),58.68,0.0,0.0,0.0,0.0,91.21,5.96,0.0,2.73,0.0,62.1,57.02,55.47,-111,-12.5
2026-08-19 09:37:36,Pasillo Salones Civil,64.41,Group 1 (Common),78.78,67.74,Group 4 (Person),64.52,0.0,0.0,67.55,0.0,78.78,0.0,0.0,20.96,0.0,66.25,63.96,60.09,-100,10.8
2026-08-19 09:37:44,Laboratorios Civil Superior,60.3,Group 1 (Common),99.61,62.33,Group 1 (Common),60.75,0.0,0.0,0.0,0.0,99.61,0.0,0.0,0.0,0.0,62.51,60.04,56.64,-107,9.8
2026-08-19 09:38:06,Laboratorios Eléctrica Centro,52.36,Group 1 (Common),80.86,55.04,Group 1 (Common),52.65,0.0,0.0,0.0,0.0,80.86,0.09,4.17,0.09,14.76,54.26,51.63,50.8,-119,-12.8
2026-08-19 09:38:57,Laboratorios Eléctrica Superior,42.0,Silence,0.0,44.2,Silence,0.0,0.0,0.0,0.0,0.0,0.0,0.0,0.0,0.0,0.0,43.03,41.72,41.08,-120,-10.0
2026-08-19 09:39:14,Pasillo Decanato Civil,51.01,Group 1 (Common),99.31,52.75,Group 1 (Common),50.79,0.0,0.0,0.0,0.0,99.31,0.04,0.0,0.0,0.43,52.8,50.91,49.08,-114,-1.5
2026-08-19 09:39:16,Lobby Civil,61.0,Group 1 (Common),99.61,63.15,Group 1 (Common),61.21,0.0,0.0,0.0,0.0,99.61,0.0,0.0,0.0,0.0,62.57,60.77,59.11,-101,11.5
2026-08-19 09:40:46,Salón - Extremo Eléctrica,64.46,Mixed,65.76,68.52,Group 4 (Person),63.82,0.0,0.0,65.26,0.0,32.73,1.39,0.0,65.76,0.0,69.98,62.66,55.71,-107,9.5
2026-08-19 09:40:56,Salón - Uma Civil,47.97,Mixed,50.52,60.13,Group 1 (Common),58.91,49.66,0.0,47.6,0.0,18.14,50.52,0.0,28.6,2.65,50.72,47.66,45.06,-114,4.8
2026-08-19 09:41:11,Pasillo Decanato Eléctrica,63.27,Group 1 (Common),99.44,64.44,Group 1 (Common),63.03,0.0,0.0,0.0,0.0,99.44,0.0,0.0,0.35,0.0,64.24,63.31,61.52,-110,5.5
2026-08-19 09:41:22,Laboratorios Civil Central,61.43,Group 1 (Common),75.78,65.39,Group 1 (Common),63.03,59.2,0.0,0.0,0.0,75.78,16.1,0.43,6.34,1.3,65.46,59.81,58.36,-101,11.0
2026-08-19 09:41:25,Laboratorios Eléctrica Inferior,54.09,Mixed,53.6,55.58,Group 1 (Common),54.51,53.08,0.0,0.0,53.27,28.13,13.93,0.61,3.73,53.6,55.76,53.83,52.3,-120,-5.5
2026-08-19 09:41:41,Laboratorios Civil Inferior,47.77,Mixed,40.54,49.58,Group 1 (Common),48.37,47.65,0.0,0.0,47.54,40.54,25.39,1.17,4.56,28.26,50.11,47.96,42.81,-119,-3.8
2026-08-19 09:41:42,Lobby Eléctrica,70.23,Group 1 (Common),99.61,71.35,Group 1 (Common),69.38,0.0,0.0,0.0,0.0,99.61,0.0,0.0,0.0,0.0,71.56,70.39,68.94,-100,9.2
2026-08-19 09:42:00,Pasillo Salones Eléctrica,70.64,Group 1 (Common),90.48,73.53,Group 1 (Common),70.21,0.0,0.0,71.44,0.0,90.48,0.0,0.0,9.42,0.0,74.05,68.43,65.32,-103,10.8
2026-08-19 09:42:10,Salón - Uma Eléctrica,52.99,Group 1 (Common),95.01,57.15,Group 1 (Common),53.82,0.0,0.0,0.0,0.0,95.01,0.13,0.0,4.56,0.09,54.9,52.58,49.34,-105,5.5
2026-08-19 09:42:25,Salón - Extremo Civil,55.46,Group 1 (Common),94.27,59.85,Group 1 (Common),56.1,0.0,0.0,0.0,0.0,94.27,1.04,0.0,1.74,2.99,60.35,52.94,48.02,-105,12.2
2026-08-19 09:42:36,Pasillo Salones Civil,63.27,Group 1 (Common),98.91,66.22,Group 1 (Common),63.07,0.0,0.0,0.0,0.0,98.91,0.0,0.04,0.82,0.0,66.7,63.24,57.45,-103,12.0
2026-08-19 09:42:44,Laboratorios Civil Superior,58.14,Mixed,59.72,59.69,Group 5 (Vehicle),57.62,0.0,0.0,0.0,58.51,59.72,0.26,0.09,0.09,39.8,59.87,57.3,55.29,-113,6.2
2026-08-19 09:43:06,Laboratorios Eléctrica Centro,53.16,Mixed,51.17,55.42,Group 1 (Common),53.51,0.0,51.69,0.0,52.15,51.17,5.47,11.15,4.73,27.34,56.16,52.46,50.02,-102,10.8
2026-08-19 09:43:57,Laboratorios Eléctrica Superior,51.43,Mixed,69.92,54.4,Group 1 (Common),51.35,0.0,0.0,0.0,51.28,69.92,1.87,1.87,0.39,25.82,54.84,50.52,46.56,-105,5.5
2026-08-19 09:44:15,Pasillo Decanato Civil,60.52,Group 1 (Common),81.9,62.02,Group 1 (Common),60.32,0.0,0.0,59.63,0.0,81.9,0.0,0.65,16.93,0.39,62.12,60.15,58.3,-93,12.0
2026-08-19 09:44:16,Lobby Civil,64.18,Group 1 (Common),95.96,66.92,Group 1 (Common),64.5,0.0,0.0,0.0,0.0,95.96,1.17,0.0,2.69,0.0,67.44,64.05,59.94,-95,12.8
2026-08-19 09:45:46,Salón - Extremo Eléctrica,70.93,Mixed,58.15,72.31,Group 4 (Person),70.8,0.0,0.0,71.43,0.0,58.15,0.0,0.0,41.65,0.0,72.65,70.85,68.44,-107,9.8
2026-08-19 09:45:56,Salón - Uma Civil,59.21,Mixed,47.57,62.76,Group 1 (Common),60.2,53.38,0.0,56.69,0.0,25.95,24.48,0.91,47.57,1.04,63.6,58.76,52.66,-119,-7.2
2026-08-19 09:46:11,Pasillo Decanato Eléctrica,71.37,Group 1 (Common),77.69,75.09,Group 1 (Common),71.05,0.0,0.0,69.13,0.0,77.69,0.0,0.0,22.01,0.0,76.06,70.42,65.2,-101,10.8
2026-08-19 09:46:22,Laboratorios Civil Central,65.04,Group 1 (Common),99.57,68.18,Group 1 (Common),64.14,0.0,0.0,0.0,0.0,99.57,0.04,0.0,0.04,0.04,68.28,63.26,61.11,-99,11.5
2026-08-19 09:46:26,Laboratorios Eléctrica Inferior,58.81,Group 1 (Common),99.39,63.74,Group 1 (Common),60.36,0.0,0.0,0.0,0.0,99.39,0.0,0.0,0.04,0.26,62.09,57.93,56.75,-114,1.0
2026-08-19 09:46:41,Laboratorios Civil Inferior,51.81,Mixed,50.09,53.55,Group 1 (Common),51.31,0.0,0.0,0.0,50.92,33.94,7.12,3.78,5.08,50.09,53.64,52.15,49.78,-111,2.5
2026-08-19 09:46:42,Lobby Eléctrica,67.34,Group 1 (Common),70.44,71.37,Group 1 (Common),67.0,64.98,0.0,62.54,0.0,70.44,4.9,4.04,14.63,5.9,71.97,65.5,60.85,-103,12.0
2026-08-19 09:47:00,Pasillo Salones Eléctrica,65.99,Group 1 (Common),87.2,69.75,Group 1 (Common),64.33,0.0,0.0,0.0,65.57,87.2,0.0,0.0,0.17,12.41,70.51,65.1,60.31,-95,11.2
2026-08-19 09:47:10,Salón - Uma Eléctrica,61.89,Mixed,65.36,68.55,Group 4 (Person),61.37,0.0,0.0,64.72,0.0,34.46,0.0,0.0,65.36,0.0,64.76,60.83,59.08,-105,11.0
2026-08-19 09:47:25,Salón - Extremo Civil,65.62,Group 4 (Person),99.44,68.63,Group 4 (Person),0.0,0.0,0.0,64.67,0.0,0.22,0.0,0.0,99.44,0.0,69.66,64.15,61.39,-97,12.5
2026-08-19 09:47:36,Pasillo Salones Civil,63.99,Group 1 (Common),99.61,65.6,Group 1 (Common),64.22,0.0,0.0,0.0,0.0,99.61,0.0,0.0,0.0,0.0,65.27,63.9,62.31,-115,-1.5
2026-08-19 09:47:44,Laboratorios Civil Superior,60.43,Group 1 (Common),98.74,65.32,Group 1 (Common),61.74,0.0,0.0,0.0,0.0,98.74,0.0,0.52,0.52,0.0,64.59,59.64,49.84,-108,8.8
2026-08-19 09:48:06,Laboratorios Eléctrica Centro,51.39,Mixed,57.32,53.45,Group 1 (Common),52.39,0.0,50.77,0.0,0.0,38.72,1.37,57.32,1.71,0.98,53.22,51.46,49.93,-115,-3.2
2026-08-19 09:48:57,Laboratorios Eléctrica Superior,58.47,Group 1 (Common),94.14,59.7,Group 1 (Common),57.96,0.0,0.0,0.0,0.0,94.14,0.52,0.04,2.56,2.86,59.53,59.07,53.22,-114,-11.5
2026-08-19 09:49:15,Pasillo Decanato Civil,66.07,Group 4 (Person),79.95,69.48,Group 1 (Common),68.34,0.0,0.0,64.8,0.0,16.58,3.3,0.0,79.95,0.0,70.15,65.59,56.46,-118,-5.2
2026-08-19 09:49:16,Lobby Civil,65.96,Group 1 (Common),97.31,67.77,Group 1 (Common),66.35,0.0,0.0,0.0,0.0,97.31,0.17,0.0,1.87,0.52,68.32,65.55,63.78,-109,4.8
2026-08-19 09:50:46,Salón - Extremo Eléctrica,62.28,Mixed,55.96,64.5,Group 4 (Person),59.51,0.0,0.0,63.01,0.0,55.96,0.0,0.0,43.95,0.0,65.4,61.61,55.57,-108,8.2
2026-08-19 09:50:56,Salón - Uma Civil,58.31,Group 1 (Common),93.92,59.97,Group 1 (Common),58.55,0.0,0.0,0.0,0.0,93.92,0.09,0.0,5.43,0.56,59.82,58.78,55.47,-101,12.5
2026-08-19 09:51:11,Pasillo Decanato Eléctrica,68.74,Group 1 (Common),94.79,72.21,Group 1 (Common),68.35,0.0,0.0,0.0,0.0,94.79,0.04,0.17,4.86,0.0,72.93,67.51,61.11,-120,-12.0
2026-08-19 09:51:22,Laboratorios Civil Central,75.21,Group 1 (Common),99.52,77.4,Group 1 (Common),74.28,0.0,0.0,0.0,0.0,99.52,0.0,0.0,0.26,0.0,78.52,75.01,67.92,-115,-4.8
2026-08-19 09:51:25,Laboratorios Eléctrica Inferior,56.93,Group 1 (Common),96.18,58.59,Group 1 (Common),57.14,0.0,0.0,0.0,0.0,96.18,1.69,0.0,0.3,1.65,58.84,57.0,54.97,-115,0.2
2026-08-19 09:51:41,Laboratorios Civil Inferior,54.21,Group 1 (Common),92.23,57.66,Group 1 (Common),54.87,0.0,0.0,0.0,0.0,92.23,5.03,0.39,1.65,0.65,57.56,52.24,49.39,-119,-11.5
2026-08-19 09:51:42,Lobby Eléctrica,64.13,Group 1 (Common),99.56,65.19,Group 1 (Common),64.03,0.0,0.0,0.0,0.0,99.56,0.0,0.0,0.15,0.0,65.81,63.53,62.99,-97,11.2
2026-08-19 09:52:00,Pasillo Salones Eléctrica,69.46,Group 1 (Common),76.74,73.56,Group 1 (Common),69.51,0.0,0.0,68.31,0.0,76.74,0.0,0.0,23.13,0.0,74.65,67.42,64.58,-96,8.5
2026-08-19 09:52:10,Salón - Uma Eléctrica,64.49,Group 1 (Common),88.54,71.18,Group 1 (Common),59.43,0.0,0.0,63.76,0.0,88.54,0.0,0.0,11.11,0.0,72.69,57.24,54.77,-116,-8.0
2026-08-19 09:52:25,Salón - Extremo Civil,62.47,Mixed,63.41,70.4,Group 4 (Person),63.45,0.0,0.0,68.89,45.72,63.41,3.13,1.04,25.48,6.9,67.72,51.63,43.39,-105,10.8
2026-08-19 09:52:36,Pasillo Salones Civil,69.13,Group 1 (Common),97.51,70.34,Group 1 (Common),68.92,0.0,0.0,0.0,0.0,97.51,0.0,0.0,2.29,0.0,70.29,69.14,66.12,-107,11.2
2026-08-19 09:52:44,Laboratorios Civil Superior,56.03,Group 1 (Common),98.78,59.87,Group 1 (Common),54.07,0.0,0.0,0.0,0.0,98.78,0.04,0.09,0.0,0.82,59.86,54.53,47.75,-106,10.2
2026-08-19 09:53:06,Laboratorios Eléctrica Centro,55.32,Group 1 (Common),70.12,57.49,Group 1 (Common),55.33,0.0,0.0,0.0,54.27,70.12,0.44,1.17,0.2,28.08,58.09,55.19,51.72,-102,11.0
2026-08-19 09:53:57,Laboratorios Eléctrica Superior,57.45,Group 1 (Common),99.48,59.73,Group 1 (Common),57.97,0.0,0.0,0.0,0.0,99.48,0.17,0.04,0.22,0.04,58.79,58.19,54.12,-115,-9.2
2026-08-19 09:54:14,Pasillo Decanato Civil,55.22,Group 1 (Common),98.78,57.1,Group 1 (Common),55.53,0.0,0.0,0.0,0.0,98.78,0.13,0.0,0.82,0.0,56.74,55.41,53.05,-120,-10.0
2026-08-19 09:54:16,Lobby Civil,63.69,Group 1 (Common),99.39,66.29,Group 1 (Common),64.43,0.0,0.0,0.0,0.0,99.39,0.0,0.0,0.39,0.0,66.26,64.23,56.54,-100,11.0
2026-08-19 09:55:46,Salón - Extremo Eléctrica,63.11,Mixed,48.83,67.6,Group 1 (Common),62.85,61.88,0.0,60.64,0.0,48.83,8.9,0.0,39.84,2.56,68.53,61.57,55.24,-89,12.0
2026-08-19 09:55:56,Salón - Uma Civil,57.83,Group 4 (Person),70.79,61.95,Group 4 (Person),51.58,0.0,0.0,58.67,0.0,21.88,6.12,1.17,70.79,0.0,62.38,54.14,46.28,-103,7.8
2026-08-19 09:56:11,Pasillo Decanato Eléctrica,65.84,Group 1 (Common),99.61,69.27,Group 1 (Common),66.2,0.0,0.0,0.0,0.0,99.61,0.0,0.04,0.04,0.0,69.59,65.13,60.84,-113,7.0
2026-08-19 09:56:22,Laboratorios Civil Central,74.47,Group 1 (Common),99.57,76.52,Group 1 (Common),73.96,0.0,0.0,0.0,0.0,99.57,0.0,0.0,0.13,0.0,76.73,74.29,71.42,-109,7.0
2026-08-19 09:56:25,Laboratorios Eléctrica Inferior,62.02,Group 1 (Common),99.61,63.99,Group 1 (Common),62.16,0.0,0.0,0.0,0.0,99.61,0.0,0.0,0.0,0.0,63.91,61.42,59.13,-117,-6.2
2026-08-19 09:56:41,Laboratorios Civil Inferior,64.24,Group 1 (Common),98.91,66.85,Group 1 (Common),64.03,0.0,0.0,0.0,0.0,98.91,0.0,0.78,0.04,0.0,67.8,63.71,58.77,-120,-8.2
2026-08-19 09:56:42,Lobby Eléctrica,68.32,Group 1 (Common),99.02,69.52,Group 1 (Common),68.28,0.0,0.0,0.0,0.0,99.02,0.0,0.63,0.05,0.0,69.63,68.14,67.09,-116,-1.0
2026-08-19 09:57:00,Pasillo Salones Eléctrica,61.85,Group 1 (Common),99.48,65.28,Group 1 (Common),62.42,0.0,0.0,0.0,0.0,99.48,0.0,0.0,0.35,0.0,65.3,60.88,57.32,-97,11.2
2026-08-19 09:57:10,Salón - Uma Eléctrica,56.06,Mixed,57.42,62.64,Group 4 (Person),48.01,44.92,0.0,60.08,0.0,22.79,15.15,0.0,57.42,4.43,63.7,51.47,42.98,-119,2.0
2026-08-19 09:57:25,Salón - Extremo Civil,54.4,Mixed,43.84,69.02,Group 2 (Impact),46.7,65.63,53.22,0.0,0.0,43.84,37.76,13.8,2.39,2.17,61.43,48.01,38.7,-120,-9.0
2026-08-19 09:57:36,Pasillo Salones Civil,66.4,Group 1 (Common),99.61,67.7,Group 1 (Common),66.28,0.0,0.0,0.0,0.0,99.61,0.0,0.0,0.05,0.0,67.95,65.95,63.67,-117,0.5
2026-08-19 09:57:44,Laboratorios Civil Superior,65.31,Group 1 (Common),99.61,67.66,Group 1 (Common),64.55,0.0,0.0,0.0,0.0,99.61,0.0,0.13,0.0,0.0,67.96,64.89,61.67,-108,9.5
2026-08-19 09:58:06,Laboratorios Eléctrica Centro,62.88,Group 1 (Common),89.71,65.24,Group 1 (Common),63.11,0.0,0.0,0.0,0.0,89.71,0.65,3.26,6.12,0.09,65.87,61.65,57.81,-118,-8.2
2026-08-19 09:58:57,Laboratorios Eléctrica Superior,51.68,Group 1 (Common),71.44,54.23,Group 1 (Common),52.38,0.0,49.55,0.0,47.63,71.44,1.56,8.59,0.29,17.97,54.9,51.15,47.31,-117,1.8
2026-08-19 09:59:15,Pasillo Decanato Civil,57.44,Group 1 (Common),87.54,61.26,Group 2 (Impact),55.23,59.33,0.0,0.0,0.0,87.54,9.72,0.26,2.0,0.39,62.35,55.38,51.72,-107,8.5
2026-08-19 09:59:25,Lobby Civil,69.43,Group 1 (Common),99.09,71.78,Group 1 (Common),69.09,0.0,0.0,0.0,0.0,99.09,0.0,0.0,0.61,0.0,72.44,69.39,65.05,-101,9.0
2026-08-19 10:00:46,Salón - Extremo Eléctrica,65.6,Mixed,53.26,69.21,Group 4 (Person),64.1,0.0,0.0,67.18,0.0,53.26,0.04,0.0,46.57,0.0,69.49,63.72,61.68,-88,9.0
2026-08-19 10:00:56,Salón - Uma Civil,69.98,Group 1 (Common),98.97,72.72,Group 1 (Common),70.53,0.0,0.0,0.0,0.0,98.97,0.1,0.0,0.73,0.0,73.0,69.24,62.28,-119,-9.5
2026-08-19 10:01:11,Pasillo Decanato Eléctrica,58.76,Group 1 (Common),77.39,60.67,Group 2 (Impact),58.19,59.71,0.0,0.0,0.0,77.39,20.66,0.17,1.22,0.52,60.86,58.16,57.66,-105,10.2
2026-08-19 10:01:22,Laboratorios Civil Central,70.69,Group 1 (Common),99.61,74.3,Group 1 (Common),71.99,0.0,0.0,0.0,0.0,99.61,0.0,0.0,0.05,0.0,72.6,69.82,65.21,-103,12.2
2026-08-19 10:01:26,Laboratorios Eléctrica Inferior,57.81,Group 1 (Common),99.48,58.97,Group 1 (Common),57.57,0.0,0.0,0.0,0.0,99.48,0.04,0.0,0.13,0.09,58.69,57.8,56.44,-121,-10.2
2026-08-19 10:01:41,Laboratorios Civil Inferior,53.51,Group 1 (Common),83.64,56.33,Group 1 (Common),52.99,0.0,0.0,0.0,50.05,83.64,0.04,0.3,0.22,15.71,56.48,51.99,49.49,-123,-9.8
2026-08-19 10:01:42,Lobby Eléctrica,68.58,Group 1 (Common),88.41,70.04,Group 1 (Common),68.27,0.0,0.0,69.17,0.0,88.41,0.0,0.0,11.41,0.0,70.48,68.43,66.43,-102,7.8
2026-08-19 10:02:00,Pasillo Salones Eléctrica,72.75,Group 1 (Common),99.57,74.12,Group 1 (Common),72.57,0.0,0.0,0.0,0.0,99.57,0.0,0.0,0.09,0.0,74.43,72.21,70.16,-95,13.2
2026-08-19 10:02:10,Salón - Uma Eléctrica,65.54,Mixed,58.35,69.45,Group 4 (Person),66.07,0.0,0.0,67.34,65.33,17.33,1.46,0.0,58.35,22.66,68.42,63.27,60.22,-117,4.5
2026-08-19 10:02:25,Salón - Extremo Civil,56.95,Mixed,35.68,67.3,Group 1 (Common),63.8,55.31,0.0,59.7,0.0,35.68,34.42,0.0,29.9,0.0,62.48,54.56,45.79,-102,10.8
2026-08-19 10:02:36,Pasillo Salones Civil,60.09,Group 1 (Common),96.61,63.02,Group 1 (Common),60.66,0.0,0.0,0.0,0.0,96.61,2.91,0.0,0.52,0.0,62.61,60.64,56.73,-109,8.5
2026-08-19 10:02:44,Laboratorios Civil Superior,69.4,Group 1 (Common),99.61,73.17,Group 1 (Common),68.23,0.0,0.0,0.0,0.0,99.61,0.0,0.0,0.0,0.0,73.75,68.15,64.83,-109,9.0
2026-08-19 10:03:06,Laboratorios Eléctrica Centro,56.12,Group 1 (Common),88.45,58.79,Group 1 (Common),56.39,0.0,0.0,0.0,0.0,88.45,5.86,0.0,5.51,0.04,59.45,55.45,53.83,-103,11.0
2026-08-19 10:03:57,Laboratorios Eléctrica Superior,55.49,Mixed,51.61,57.42,Group 4 (Person),55.8,54.74,0.0,55.39,0.0,51.61,20.41,2.59,24.71,0.54,57.68,55.39,52.83,-102,8.8
2026-08-19 10:04:15,Pasillo Decanato Civil,55.53,Group 1 (Common),87.59,57.35,Group 1 (Common),55.53,0.0,0.0,56.94,0.0,87.59,1.87,0.43,10.03,0.0,58.22,55.48,53.61,-100,11.0
2026-08-19 10:04:16,Lobby Civil,69.14,Mixed,61.46,71.74,Group 4 (Person),67.46,0.0,0.0,70.97,0.0,61.46,3.6,0.0,34.85,0.0,72.17,67.5,65.74,-95,13.8
2026-08-19 10:05:46,Salón - Extremo Eléctrica,65.08,Group 4 (Person),88.59,69.56,Group 4 (Person),60.13,0.0,0.0,65.52,0.0,11.11,0.0,0.0,88.59,0.0,71.35,63.34,59.63,-91,12.5
2026-08-19 10:05:56,Salón - Uma Civil,55.14,Mixed,57.76,58.87,Group 4 (Person),52.36,56.71,0.0,58.6,0.0,57.76,23.58,0.0,18.55,0.0,60.03,53.31,50.32,-99,9.8
2026-08-19 10:06:11,Pasillo Decanato Eléctrica,62.14,Group 1 (Common),98.83,63.33,Group 1 (Common),62.01,0.0,0.0,0.0,0.0,98.83,0.26,0.0,0.91,0.0,63.22,62.31,60.37,-103,6.8
2026-08-19 10:06:22,Laboratorios Civil Central,75.21,Group 1 (Common),99.31,77.95,Group 1 (Common),74.35,0.0,0.0,0.0,0.0,99.31,0.0,0.0,0.52,0.0,78.81,74.42,73.03,-120,-12.5
2026-08-19 10:06:26,Laboratorios Eléctrica Inferior,54.93,Group 1 (Common),93.19,57.81,Group 1 (Common),55.28,0.0,0.0,0.0,0.0,93.19,0.0,0.0,0.17,6.42,58.37,54.61,51.08,-119,-1.5
2026-08-19 10:06:41,Laboratorios Civil Inferior,58.92,Group 1 (Common),98.31,60.6,Group 1 (Common),59.27,0.0,0.0,0.0,0.0,98.31,0.0,1.35,0.0,0.0,60.4,58.57,58.22,-118,-6.8
2026-08-19 10:06:42,Lobby Eléctrica,69.75,Group 1 (Common),92.97,74.17,Group 1 (Common),70.92,0.0,0.0,0.0,0.0,92.97,0.0,0.09,6.73,0.0,73.05,68.62,66.37,-117,-2.2
2026-08-19 10:07:00,Pasillo Salones Eléctrica,64.38,Group 1 (Common),96.48,71.92,Group 1 (Common),67.52,0.0,0.0,0.0,0.0,96.48,0.0,3.08,0.13,0.09,70.1,58.79,51.86,-105,11.5
2026-08-19 10:07:10,Salón - Uma Eléctrica,52.47,Mixed,63.76,56.31,Group 4 (Person),52.85,0.0,0.0,55.4,0.0,63.76,6.03,1.78,20.66,7.64,56.28,52.47,45.22,-99,10.8
2026-08-19 10:07:25,Salón - Extremo Civil,66.67,Mixed,49.74,70.57,Group 1 (Common),62.39,0.0,0.0,65.95,0.0,47.35,2.82,0.0,49.74,0.04,71.59,66.38,47.09,-103,11.8
2026-08-19 10:07:36,Pasillo Salones Civil,60.45,Group 1 (Common),90.76,63.18,Group 1 (Common),60.15,0.0,0.0,0.0,60.2,90.76,0.0,0.0,0.82,8.2,63.12,59.93,56.86,-97,11.8
2026-08-19 10:07:44,Laboratorios Civil Superior,57.74,Group 1 (Common),95.92,61.34,Group 1 (Common),57.96,0.0,0.0,0.0,0.0,95.92,0.26,0.0,0.17,3.47,61.5,55.49,53.71,-111,5.8
2026-08-19 10:08:06,Laboratorios Eléctrica Centro,62.54,Group 1 (Common),85.46,67.74,Group 1 (Common),64.11,0.0,55.74,0.0,0.0,85.46,0.0,13.93,0.39,0.13,68.57,57.86,53.61,-101,10.2
2026-08-19 10:08:57,Laboratorios Eléctrica Superior,57.37,Group 1 (Common),99.13,59.26,Group 1 (Common),56.68,0.0,0.0,0.0,0.0,99.13,0.04,0.39,0.3,0.04,59.04,57.13,54.45,-114,7.0
2026-08-19 10:09:15,Pasillo Decanato Civil,56.99,Group 1 (Common),98.87,59.67,Group 1 (Common),57.16,0.0,0.0,0.0,0.0,98.87,0.13,0.26,0.04,0.52,60.29,56.47,54.51,-117,
2026-08-19 10:09:16,Lobby Civil,70.49,Group 1 (Common),80.73,73.51,Group 1 (Common),69.42,0.0,0.0,69.62,0.0,80.73,0.04,0.0,19.14,0.0,73.69,68.67,66.58,-95,12.0
2026-08-19 10:10:46,Salón - Extremo Eléctrica,52.87,Group 4 (Person),70.53,59.25,Group 4 (Person),57.78,47.8,0.0,54.45,0.0,9.38,19.97,0.0,70.53,0.0,58.94,52.13,45.65,-85,12.5
2026-08-19 10:10:56,Salón - Uma Civil,59.57,Mixed,53.34,63.34,Group 1 (Common),58.54,58.6,0.0,57.88,0.0,53.34,19.1,0.0,27.6,0.0,64.55,58.17,54.72,-117,-9.5
2026-08-19 10:11:11,Pasillo Decanato Eléctrica,59.42,Group 1 (Common),99.56,61.04,Group 1 (Common),59.47,0.0,0.0,0.0,0.0,99.56,0.1,0.0,0.2,0.0,61.1,58.97,57.91,-109,0.8
2026-08-19 10:11:22,Laboratorios Civil Central,68.11,Group 1 (Common),99.09,71.64,Group 1 (Common),68.99,0.0,0.0,0.0,0.0,99.09,0.0,0.0,0.69,0.0,71.7,66.52,62.99,-113,8.8
2026-08-19 10:11:26,Laboratorios Eléctrica Inferior,60.48,Group 1 (Common),99.61,61.85,Group 1 (Common),60.46,0.0,0.0,0.0,0.0,99.61,0.0,0.0,0.0,0.0,61.79,60.27,58.04,-118,-2.0
2026-08-19 10:11:41,Laboratorios Civil Inferior,57.57,Group 1 (Common),77.99,60.77,Group 1 (Common),57.91,0.0,0.0,0.0,56.61,77.99,1.91,2.47,3.52,13.93,61.02,56.54,53.04,-120,-4.0
2026-08-19 10:11:42,Lobby Eléctrica,73.49,Group 1 (Common),98.78,75.07,Group 1 (Common),73.21,0.0,0.0,0.0,0.0,98.78,0.0,0.0,1.0,0.0,75.71,73.76,69.54,-115,1.8
2026-08-19 10:12:00,Pasillo Salones Eléctrica,66.15,Group 1 (Common),99.61,68.55,Group 1 (Common),66.51,0.0,0.0,0.0,0.0,99.61,0.0,0.0,0.04,0.0,68.16,65.91,62.86,-115,-2.8
2026-08-19 10:12:10,Salón - Uma Eléctrica,64.15,Mixed,59.64,68.04,Group 4 (Person),62.65,0.0,0.0,66.79,0.0,59.64,2.69,2.91,34.42,0.22,69.85,63.44,46.29,-119,-12.8
2026-08-19 10:12:25,Salón - Extremo Civil,45.38,Mixed,64.06,47.87,Group 2 (Impact),44.4,47.12,0.0,0.0,0.0,64.06,27.1,5.42,1.71,1.66,47.93,45.68,41.39,-85,9.0
2026-08-19 10:12:36,Pasillo Salones Civil,65.11,Mixed,69.36,68.04,Group 4 (Person),64.37,0.0,0.0,65.58,0.0,30.38,0.0,0.0,69.36,0.0,68.49,64.77,61.81,-99,12.2
2026-08-19 10:12:44,Laboratorios Civil Superior,62.36,Group 1 (Common),99.07,65.31,Group 1 (Common),60.85,0.0,0.0,0.0,0.0,99.07,0.0,0.0,0.63,0.0,65.78,60.61,54.77,-108,9.8
2026-08-19 10:13:06,Laboratorios Eléctrica Centro,61.08,Group 1 (Common),99.61,63.15,Group 1 (Common),60.63,0.0,0.0,0.0,0.0,99.61,0.0,0.0,0.04,0.0,63.77,60.77,58.36,-108,11.2
2026-08-19 10:13:57,Laboratorios Eléctrica Superior,58.57,Group 1 (Common),71.22,60.62,Group 1 (Common),58.54,0.0,0.0,0.0,58.94,71.22,3.73,0.0,0.87,24.0,60.49,57.74,56.58,-102,10.8
2026-08-19 10:14:15,Pasillo Decanato Civil,51.57,Group 1 (Common),99.39,53.33,Group 1 (Common),51.77,0.0,0.0,0.0,0.0,99.39,0.0,0.0,0.09,0.26,53.6,51.15,50.66,-111,4.2
2026-08-19 10:14:16,Lobby Civil,63.85,Group 1 (Common),99.57,66.51,Group 1 (Common),64.64,0.0,0.0,0.0,0.0,99.57,0.0,0.0,0.04,0.09,67.45,63.35,61.2,-113,10.2
2026-08-19 10:15:46,Salón - Extremo Eléctrica,60.86,Mixed,68.49,62.72,Group 1 (Common),61.39,0.0,0.0,60.66,0.0,29.9,1.48,0.0,68.49,0.0,62.79,61.2,57.35,-104,9.5
2026-08-19 10:15:56,Salón - Uma Civil,57.86,Mixed,51.13,62.64,Group 4 (Person),55.47,0.0,0.0,61.43,0.0,51.13,9.2,5.43,34.11,0.0,62.7,54.74,49.75,-100,11.0
2026-08-19 10:16:11,Pasillo Decanato Eléctrica,57.45,Group 1 (Common),98.87,58.07,Group 1 (Common),57.45,0.0,0.0,0.0,0.0,98.87,0.61,0.0,0.17,0.39,57.91,57.33,56.93,-117,4.5
2026-08-19 10:16:22,Laboratorios Civil Central,73.65,Group 1 (Common),98.44,75.04,Group 1 (Common),73.71,0.0,0.0,0.0,0.0,98.44,0.0,0.0,1.35,0.0,74.8,73.95,68.26,-111,12.5
2026-08-19 10:16:26,Laboratorios Eléctrica Inferior,59.37,Group 1 (Common),96.4,62.41,Group 1 (Common),59.54,0.0,0.0,0.0,0.0,96.4,0.09,0.0,0.3,3.08,62.42,58.25,57.32,-114,6.0
2026-08-19 10:16:41,Laboratorios Civil Inferior,64.88,Group 1 (Common),99.61,66.47,Group 1 (Common),65.13,0.0,0.0,0.0,0.0,99.61,0.0,0.0,0.0,0.0,66.6,64.58,62.6,-120,-7.0
2026-08-19 10:16:42,Lobby Eléctrica,69.47,Group 1 (Common),99.39,71.61,Group 1 (Common),68.68,0.0,0.0,0.0,0.0,99.39,0.0,0.0,0.35,0.0,72.25,69.16,67.38,-111,10.2
2026-08-19 10:17:00,Pasillo Salones Eléctrica,62.5,Group 1 (Common),99.61,63.49,Group 1 (Common),62.45,0.0,0.0,0.0,0.0,99.61,0.0,0.0,0.0,0.0,63.29,62.52,60.98,-97,11.2
2026-08-19 10:17:10,Salón - Uma Eléctrica,48.73,Mixed,45.75,50.15,Group 1 (Common),49.12,0.0,48.93,0.0,0.0,45.75,11.94,41.71,0.43,0.17,50.55,48.57,47.8,-114,6.5
2026-08-19 10:17:25,Salón - Extremo Civil,66.3,Group 4 (Person),86.91,70.06,Group 4 (Person),54.72,0.0,0.0,65.94,0.0,12.74,0.15,0.0,86.91,0.0,71.16,64.77,58.19,-87,12.8
2026-08-19 10:17:36,Pasillo Salones Civil,62.56,Group 1 (Common),77.26,65.43,Group 1 (Common),63.12,0.0,0.0,64.55,0.0,77.26,0.0,0.0,22.48,0.0,64.78,63.54,57.34,-119,-2.2
2026-08-19 10:17:44,Laboratorios Civil Superior,70.22,Mixed,56.51,74.57,Group 1 (Common),72.2,0.0,0.0,69.71,0.0,56.51,0.0,0.0,43.4,0.0,73.96,69.13,67.41,-107,10.8
2026-08-19 10:18:06,Laboratorios Eléctrica Centro,66.96,Mixed,62.63,69.49,Group 4 (Person),66.38,0.0,0.0,68.74,0.0,62.63,0.0,0.0,37.02,0.17,69.47,66.61,64.75,-107,11.8
2026-08-19 10:18:57,Laboratorios Eléctrica Superior,60.52,Group 1 (Common),86.41,63.55,Group 1 (Common),60.03,0.0,0.0,0.0,0.0,86.41,5.25,0.0,8.33,0.0,64.02,58.56,57.16,-109,7.0
2026-08-19 10:19:15,Pasillo Decanato Civil,51.92,Group 1 (Common),99.13,53.18,Group 1 (Common),51.8,0.0,0.0,0.0,0.0,99.13,0.3,0.0,0.13,0.26,53.24,51.89,50.6,-117,-3.5
2026-08-19 10:19:16,Lobby Civil,63.52,Group 1 (Common),99.32,64.75,Group 1 (Common),63.46,0.0,0.0,0.0,0.0,99.32,0.0,0.29,0.1,0.05,64.72,63.28,62.82,-111,6.5
2026-08-19 10:20:46,Salón - Extremo Eléctrica,52.28,Group 1 (Common),72.53,58.25,Group 1 (Common),53.52,0.0,51.15,0.0,0.0,72.53,9.38,16.23,0.78,0.87,54.69,52.26,47.5,-109,8.8
2026-08-19 10:20:56,Salón - Uma Civil,58.39,Mixed,68.84,61.83,Group 4 (Person),59.3,53.5,0.0,59.16,0.0,15.32,15.76,0.0,68.84,0.0,63.24,56.35,49.48,-105,11.2
2026-08-19 10:21:11,Pasillo Decanato Eléctrica,59.42,Group 1 (Common),99.61,60.4,Group 1 (Common),59.56,0.0,0.0,0.0,0.0,99.61,0.0,0.0,0.0,0.0,60.14,59.31,58.71,-105,11.8
2026-08-19 10:21:22,Laboratorios Civil Central,75.73,Group 1 (Common),98.61,77.86,Group 1 (Common),75.19,0.0,0.0,0.0,0.0,98.61,0.0,0.0,1.13,0.0,78.21,75.76,73.09,-107,11.0
2026-08-19 10:21:26,Laboratorios Eléctrica Inferior,76.23,Group 1 (Common),80.47,78.11,Group 1 (Common),76.02,0.0,0.0,74.15,0.0,80.47,0.0,0.0,19.4,0.0,78.63,76.4,71.6,-121,-11.2
2026-08-19 10:21:41,Laboratorios Civil Inferior,61.62,Group 1 (Common),99.61,64.49,Group 1 (Common),62.36,0.0,0.0,0.0,0.0,99.61,0.0,0.0,0.04,0.0,63.16,61.29,60.1,-114,5.0
2026-08-19 10:21:42,Lobby Eléctrica,74.01,Group 1 (Common),86.85,75.58,Group 1 (Common),74.43,0.0,0.0,73.29,0.0,86.85,0.0,0.0,12.98,0.0,75.56,74.45,69.72,-105,12.0
2026-08-19 10:22:00,Pasillo Salones Eléctrica,71.48,Group 1 (Common),99.41,75.42,Group 1 (Common),70.68,0.0,0.0,0.0,0.0,99.41,0.0,0.0,0.39,0.0,76.35,68.91,67.05,-97,12.5
2026-08-19 10:22:10,Salón - Uma Eléctrica,57.97,Group 1 (Common),93.92,59.66,Group 1 (Common),58.15,0.0,0.0,0.0,0.0,93.92,0.09,0.09,5.77,0.0,59.77,57.92,55.53,-116,6.2
2026-08-19 10:22:25,Salón - Extremo Civil,64.23,Mixed,55.47,69.49,Group 4 (Person),58.89,0.0,0.0,65.64,0.0,39.19,5.25,0.0,55.47,0.0,69.87,59.85,58.17,-99,13.2
2026-08-19 10:22:36,Pasillo Salones Civil,67.06,Group 1 (Common),99.39,69.8,Group 1 (Common),67.03,0.0,0.0,0.0,0.0,99.39,0.0,0.0,0.3,0.0,69.62,66.59,63.08,-97,12.2
2026-08-19 10:22:44,Laboratorios Civil Superior,73.75,Mixed,53.86,81.97,Group 4 (Person),70.98,0.0,0.0,79.6,0.0,53.86,0.0,0.0,45.83,0.0,78.93,71.64,68.85,-102,11.0
2026-08-19 10:23:06,Laboratorios Eléctrica Centro,64.65,Group 1 (Common),98.91,67.26,Group 1 (Common),65.45,0.0,0.0,0.0,0.0,98.91,0.0,0.0,0.91,0.0,66.9,64.7,59.49,-105,11.5
2026-08-19 10:23:57,Laboratorios Eléctrica Superior,57.07,Group 1 (Common),88.76,65.04,Group 1 (Common),59.82,0.0,0.0,0.0,55.04,88.76,0.0,0.13,0.35,10.63,59.79,55.92,53.51,-105,11.2
2026-08-19 10:24:15,Pasillo Decanato Civil,56.26,Group 1 (Common),98.05,57.86,Group 1 (Common),55.99,0.0,0.0,0.0,0.0,98.05,0.1,0.0,0.15,1.51,57.85,56.03,53.01,-111,7.8
2026-08-19 10:24:16,Lobby Civil,59.24,Group 1 (Common),97.61,61.63,Group 1 (Common),59.51,0.0,0.0,0.0,0.0,97.61,0.22,0.0,0.04,2.13,59.8,59.15,58.58,-95,13.5
2026-08-19 10:25:46,Salón - Extremo Eléctrica,70.14,Mixed,67.19,75.05,Group 5 (Vehicle),63.39,0.0,0.0,70.55,73.95,16.23,5.25,0.0,67.19,11.07,76.7,67.16,59.49,-107,8.2
2026-08-19 10:25:56,Salón - Uma Civil,63.3,Group 1 (Common),97.87,71.34,Group 1 (Common),66.22,0.0,0.0,0.0,0.0,97.87,1.35,0.0,0.65,0.0,69.48,59.37,54.51,-105,11.5
2026-08-19 10:26:11,Pasillo Decanato Eléctrica,59.85,Group 1 (Common),99.48,61.56,Group 1 (Common),59.38,0.0,0.0,0.0,0.0,99.48,0.0,0.0,0.26,0.0,61.54,59.88,58.21,-108,9.2
2026-08-19 10:26:22,Laboratorios Civil Central,72.68,Group 1 (Common),91.54,77.2,Group 1 (Common),73.72,0.0,0.0,75.79,0.0,91.54,0.0,0.0,8.2,0.0,74.83,72.58,67.97,-109,5.2
2026-08-19 10:26:26,Laboratorios Eléctrica Inferior,72.02,Group 4 (Person),83.38,78.52,Group 1 (Common),77.77,0.0,0.0,71.46,0.0,16.45,0.0,0.0,83.38,0.0,78.1,69.0,65.05,-118,-3.5
2026-08-19 10:26:41,Laboratorios Civil Inferior,62.85,Group 1 (Common),99.61,65.91,Group 1 (Common),63.67,0.0,0.0,0.0,0.0,99.61,0.0,0.0,0.0,0.0,65.25,62.79,58.56,-117,-8.2
2026-08-19 10:26:42,Lobby Eléctrica,67.31,Group 1 (Common),96.61,69.52,Group 1 (Common),67.6,0.0,0.0,0.0,0.0,96.61,0.0,0.04,3.17,0.0,69.63,67.74,64.53,-103,12.0
2026-08-19 10:27:00,Pasillo Salones Eléctrica,63.54,Mixed,57.55,65.08,Group 4 (Person),63.05,0.0,0.0,64.76,0.0,57.55,0.0,0.0,42.23,0.0,65.44,63.16,59.19,-97,12.8
2026-08-19 10:27:10,Salón - Uma Eléctrica,54.82,Mixed,41.1,57.35,Group 4 (Person),54.04,56.27,51.2,57.23,0.0,41.1,18.66,18.36,21.74,0.13,57.67,54.17,48.08,-115,5.0
2026-08-19 10:27:25,Salón - Extremo Civil,65.1,Mixed,56.86,68.89,Group 4 (Person),46.74,54.89,0.0,66.22,0.0,16.8,22.92,1.56,56.86,1.82,69.89,64.99,48.12,-99,12.0
2026-08-19 10:27:36,Pasillo Salones Civil,66.0,Group 1 (Common),73.48,68.51,Group 1 (Common),64.21,0.0,0.0,65.4,0.0,73.48,2.91,0.0,23.44,0.0,68.64,64.8,61.13,-105,9.5
2026-08-19 10:27:44,Laboratorios Civil Superior,62.73,Group 1 (Common),99.61,64.56,Group 1 (Common),62.32,0.0,0.0,0.0,0.0,99.61,0.0,0.0,0.09,0.0,65.38,63.29,58.28,-109,8.8
2026-08-19 10:28:06,Laboratorios Eléctrica Centro,65.88,Group 1 (Common),99.61,69.22,Group 1 (Common),66.83,0.0,0.0,0.0,0.0,99.61,0.0,0.0,0.0,0.0,69.0,64.47,63.19,-103,8.8
2026-08-19 10:28:57,Laboratorios Eléctrica Superior,72.55,Group 1 (Common),99.61,74.09,Group 1 (Common),72.27,0.0,0.0,0.0,0.0,99.61,0.0,0.0,0.0,0.0,74.26,72.17,70.08,-102,11.8
2026-08-19 10:29:15,Pasillo Decanato Civil,64.95,Group 1 (Common),92.82,67.35,Group 1 (Common),64.98,0.0,0.0,0.0,0.0,92.82,0.15,0.0,6.93,0.0,68.15,63.82,61.55,-94,11.2
2026-08-19 10:29:16,Lobby Civil,71.65,Group 1 (Common),99.44,75.24,Group 1 (Common),71.98,0.0,0.0,0.0,0.0,99.44,0.09,0.0,0.17,0.0,76.26,69.49,68.71,-93,11.8
2026-08-19 10:30:46,Salón - Extremo Eléctrica,66.42,Mixed,61.07,67.95,Group 4 (Person),66.31,0.0,0.0,65.71,0.0,61.07,0.0,0.0,38.85,0.0,68.64,66.03,61.41,-89,12.0
2026-08-19 10:30:56,Salón - Uma Civil,51.57,Group 4 (Person),76.35,54.6,Group 4 (Person),0.0,49.13,0.0,53.06,0.0,1.35,20.79,1.35,76.35,0.0,54.58,51.73,43.48,-120,-7.8
2026-08-19 10:31:11,Pasillo Decanato Eléctrica,57.14,Group 1 (Common),99.39,57.92,Group 1 (Common),57.05,0.0,0.0,0.0,0.0,99.39,0.13,0.0,0.17,0.13,58.2,57.15,56.08,-111,7.5
2026-08-19 10:31:22,Laboratorios Civil Central,72.73,Group 4 (Person),81.16,75.38,Group 4 (Person),68.68,0.0,0.0,72.8,0.0,14.71,3.86,0.0,81.16,0.0,76.46,71.68,69.29,-108,5.5
2026-08-19 10:31:26,Laboratorios Eléctrica Inferior,65.54,Group 1 (Common),98.39,68.18,Group 1 (Common),65.99,0.0,0.0,0.0,0.0,98.39,0.74,0.0,0.78,0.0,68.18,64.91,63.02,-119,-3.2
2026-08-19 10:31:41,Laboratorios Civil Inferior,52.16,Group 1 (Common),93.1,53.96,Group 1 (Common),52.22,0.0,0.0,0.0,0.0,93.1,0.3,0.0,0.39,6.03,53.64,52.51,49.64,-121,-12.2
2026-08-19 10:31:42,Lobby Eléctrica,64.23,Group 1 (Common),99.61,65.55,Group 1 (Common),63.72,0.0,0.0,0.0,0.0,99.61,0.0,0.0,0.0,0.0,66.3,63.98,62.96,-117,
2026-08-19 10:32:00,Pasillo Salones Eléctrica,71.24,Group 1 (Common),99.61,72.07,Group 1 (Common),71.2,0.0,0.0,0.0,0.0,99.61,0.0,0.0,0.0,0.0,71.98,71.5,69.78,-96,8.2
2026-08-19 10:32:10,Salón - Uma Eléctrica,50.3,Group 1 (Common),72.96,53.61,Group 1 (Common),51.08,0.0,50.02,0.0,0.0,72.96,1.39,23.61,0.17,1.91,51.63,50.3,48.2,-109,9.2
2026-08-19 10:32:25,Salón - Extremo Civil,50.1,Mixed,55.86,54.01,Group 1 (Common),51.41,0.0,0.0,0.0,49.7,55.86,7.68,1.35,6.64,28.52,54.36,49.17,44.72,-103,11.2
2026-08-19 10:32:36,Pasillo Salones Civil,68.08,Mixed,51.71,69.51,Group 4 (Person),67.38,0.0,0.0,68.4,0.0,48.05,0.0,0.0,51.71,0.0,69.05,68.2,64.9,-114,3.8
2026-08-19 10:32:44,Laboratorios Civil Superior,68.31,Group 4 (Person),73.83,71.54,Group 4 (Person),67.02,0.0,0.0,69.25,0.0,25.65,0.13,0.0,73.83,0.09,71.43,67.38,66.28,-107,8.2
2026-08-19 10:33:06,Laboratorios Eléctrica Centro,53.95,Mixed,36.96,56.98,Group 4 (Person),53.33,0.0,53.45,56.27,0.0,36.96,5.22,28.32,25.98,3.27,55.96,53.38,51.74,-97,10.8
2026-08-19 10:33:57,Laboratorios Eléctrica Superior,56.32,Group 1 (Common),98.22,59.31,Group 1 (Common),56.03,0.0,0.0,0.0,0.0,98.22,0.91,0.13,0.52,0.26,59.96,55.92,53.33,-105,10.8
2026-08-19 10:34:15,Pasillo Decanato Civil,55.15,Group 1 (Common),94.18,56.61,Group 1 (Common),55.04,0.0,0.0,0.0,0.0,94.18,1.52,0.0,4.08,0.0,57.12,55.12,52.21,-101,11.2
2026-08-19 10:34:16,Lobby Civil,68.18,Group 1 (Common),97.66,70.53,Group 1 (Common),68.52,0.0,0.0,0.0,0.0,97.66,0.0,0.0,2.13,0.0,69.95,67.84,66.83,-109,7.0
2026-08-19 10:35:46,Salón - Extremo Eléctrica,53.81,Group 4 (Person),77.21,59.13,Group 4 (Person),52.32,51.94,0.0,54.7,0.0,11.94,10.59,0.0,77.21,0.0,59.62,52.53,47.56,-105,7.8
2026-08-19 10:35:56,Salón - Uma Civil,59.91,Group 4 (Person),71.48,63.05,Group 4 (Person),53.97,0.0,0.0,59.65,0.0,19.1,9.2,0.0,71.48,0.0,64.27,57.81,49.54,-103,12.0
2026-08-19 10:36:11,Pasillo Decanato Eléctrica,62.3,Group 1 (Common),77.21,66.32,Group 1 (Common),62.41,0.0,0.0,65.39,0.0,77.21,0.0,0.0,22.66,0.0,66.12,60.67,57.2,-107,10.0
2026-08-19 10:36:22,Laboratorios Civil Central,71.93,Group 1 (Common),88.11,74.95,Group 1 (Common),71.86,0.0,0.0,74.42,0.0,88.11,0.0,0.0,11.63,0.0,74.8,70.81,65.7,-107,9.8
2026-08-19 10:36:26,Laboratorios Eléctrica Inferior,57.63,Group 1 (Common),96.92,59.9,Group 1 (Common),57.88,0.0,0.0,0.0,0.0,96.92,0.0,0.0,0.13,2.73,60.53,57.46,54.69,-108,0.8
2026-08-19 10:36:41,Laboratorios Civil Inferior,54.25,Mixed,43.32,56.78,Group 1 (Common),55.1,0.0,0.0,0.0,53.7,43.32,9.94,2.04,4.47,40.41,57.23,52.8,49.57,-98,-0.5
2026-08-19 10:36:42,Lobby Eléctrica,68.19,Group 1 (Common),90.45,70.31,Group 1 (Common),68.7,0.0,0.0,68.84,0.0,90.45,0.48,0.56,8.33,0.0,70.91,67.63,65.07,-109,8.0
2026-08-19 10:37:00,Pasillo Salones Eléctrica,65.54,Group 1 (Common),99.35,67.45,Group 1 (Common),66.01,0.0,0.0,0.0,0.0,99.35,0.04,0.0,0.48,0.0,67.95,64.52,62.33,-119,-5.2
2026-08-19 10:37:10,Salón - Uma Eléctrica,43.88,Silence,0.0,45.28,Silence,0.0,0.0,0.0,0.0,0.0,0.0,0.0,0.0,0.0,0.0,44.92,43.82,42.65,-109,10.0
2026-08-19 10:37:25,Salón - Extremo Civil,52.67,Group 1 (Common),73.91,64.09,Group 4 (Person),56.2,44.24,0.0,63.46,0.0,73.91,10.03,0.56,14.97,0.52,60.38,50.76,43.16,-118,-12.2
2026-08-19 10:37:36,Pasillo Salones Civil,68.07,Group 1 (Common),71.63,72.08,Group 1 (Common),69.39,0.0,0.0,66.74,0.0,71.63,0.0,0.0,28.17,0.0,71.83,66.68,63.93,-99,12.8
2026-08-19 10:37:44,Laboratorios Civil Superior,60.36,Group 1 (Common),99.61,64.07,Group 1 (Common),60.81,0.0,0.0,0.0,0.0,99.61,0.0,0.09,0.0,0.0,64.95,59.52,54.09,-113,7.8
2026-08-19 10:38:06,Laboratorios Eléctrica Centro,54.77,Group 1 (Common),98.87,57.58,Group 1 (Common),55.28,0.0,0.0,0.0,0.0,98.87,0.04,0.0,0.0,0.82,57.6,54.41,52.91,-117,-4.5
2026-08-19 10:38:57,Laboratorios Eléctrica Superior,59.13,Group 1 (Common),93.16,60.5,Group 1 (Common),59.06,0.0,0.0,0.0,0.0,93.16,0.63,0.0,0.29,5.81,60.74,58.68,57.77,-111,9.2
2026-08-19 10:39:15,Pasillo Decanato Civil,56.18,Group 1 (Common),98.48,58.06,Group 1 (Common),55.7,0.0,0.0,0.0,0.0,98.48,0.52,0.0,0.69,0.0,58.6,56.24,52.6,-107,10.0
2026-08-19 10:39:16,Lobby Civil,64.06,Group 1 (Common),99.61,66.91,Group 1 (Common),63.94,0.0,0.0,0.0,0.0,99.61,0.0,0.0,0.0,0.04,67.03,63.98,59.38,-114,1.8
2026-08-19 10:40:46,Salón - Extremo Eléctrica,63.19,Mixed,57.42,67.45,Group 4 (Person),56.99,0.0,0.0,62.48,0.0,39.67,2.82,0.0,57.42,0.0,67.45,58.64,56.51,-99,13.5
2026-08-19 10:40:56,Salón - Uma Civil,55.85,Group 1 (Common),89.11,57.86,Group 1 (Common),55.61,0.0,0.0,0.0,0.0,89.11,1.17,0.0,9.67,0.0,58.4,54.0,53.37,-105,7.8
2026-08-19 10:41:11,Pasillo Decanato Eléctrica,64.29,Group 1 (Common),99.61,65.6,Group 1 (Common),64.19,0.0,0.0,0.0,0.0,99.61,0.0,0.0,0.0,0.0,66.47,63.88,61.0,-113,5.5
2026-08-19 10:41:22,Laboratorios Civil Central,72.55,Group 1 (Common),70.7,75.68,Group 4 (Person),69.52,0.0,0.0,73.53,0.0,70.7,0.0,0.0,29.17,0.0,75.79,70.07,67.28,-109,10.0
2026-08-19 10:41:30,Laboratorios Eléctrica Inferior,62.3,Group 1 (Common),75.88,65.68,Group 1 (Common),63.18,0.0,0.0,0.0,55.23,75.88,0.0,0.0,0.39,23.63,66.35,60.44,55.02,-109,10.0
2026-08-19 10:41:41,Laboratorios Civil Inferior,57.81,Group 1 (Common),97.4,60.68,Group 1 (Common),58.36,0.0,0.0,0.0,0.0,97.4,1.61,0.09,0.78,0.0,61.29,57.41,51.87,-118,-11.5
2026-08-19 10:41:42,Lobby Eléctrica,69.15,Group 1 (Common),94.92,70.86,Group 1 (Common),69.61,0.0,0.0,0.0,0.0,94.92,0.0,2.95,1.56,0.52,71.69,68.85,65.4,-103,8.2
2026-08-19 10:42:00,Pasillo Salones Eléctrica,62.85,Group 1 (Common),91.1,68.44,Group 1 (Common),64.46,0.0,0.0,0.0,0.0,91.1,0.0,0.0,8.64,0.0,66.55,61.7,58.94,-119,-0.5
2026-08-19 10:42:10,Salón - Uma Eléctrica,52.08,Group 1 (Common),79.1,53.91,Group 1 (Common),51.65,0.0,50.67,0.0,0.0,79.1,0.29,19.92,0.05,0.54,54.03,51.33,50.12,-109,8.8
2026-08-19 10:42:25,Salón - Extremo Civil,62.34,Mixed,50.69,66.42,Group 4 (Person),49.66,54.3,0.0,65.09,0.0,13.41,35.89,0.0,50.69,0.0,67.3,60.56,49.76,-102,8.5
2026-08-19 10:42:36,Pasillo Salones Civil,57.7,Mixed,65.32,60.31,Group 2 (Impact),57.1,59.47,0.0,0.0,0.0,65.32,32.16,0.0,2.52,0.0,60.52,57.77,53.63,-117,4.5
2026-08-19 10:42:44,Laboratorios Civil Superior,62.95,Group 1 (Common),99.61,64.71,Group 1 (Common),62.02,0.0,0.0,0.0,0.0,99.61,0.0,0.04,0.0,0.04,65.13,62.82,59.27,-111,6.8
2026-08-19 10:43:06,Laboratorios Eléctrica Centro,59.32,Group 1 (Common),99.39,62.64,Group 1 (Common),59.07,0.0,0.0,0.0,0.0,99.39,0.0,0.0,0.0,0.3,63.56,58.1,56.54,-119,-6.0
2026-08-19 10:43:57,Laboratorios Eléctrica Superior,60.21,Group 1 (Common),98.44,61.25,Group 1 (Common),60.2,0.0,0.0,0.0,0.0,98.44,0.1,0.0,1.17,0.29,61.67,59.84,58.59,-113,6.5
2026-08-19 10:44:15,Pasillo Decanato Civil,58.26,Group 1 (Common),96.44,63.93,Group 1 (Common),58.33,0.0,0.0,0.0,0.0,96.44,2.17,0.0,0.95,0.3,64.23,55.61,51.75,-105,8.5
2026-08-19 10:44:17,Lobby Civil,67.98,Group 1 (Common),74.74,69.83,Group 5 (Vehicle),68.03,0.0,0.0,0.0,69.14,74.74,0.39,3.86,6.12,14.89,70.0,67.4,66.4,-101,13.2
2026-08-19 10:45:46,Salón - Extremo Eléctrica,60.31,Mixed,53.52,65.01,Group 4 (Person),59.17,0.0,0.0,63.42,0.0,53.52,1.3,0.0,45.14,0.0,65.22,57.43,51.59,-105,10.8
2026-08-19 10:45:56,Salón - Uma Civil,43.91,Silence,0.0,46.5,Silence,0.0,0.0,0.0,0.0,0.0,0.0,0.0,0.0,0.0,0.0,46.71,42.74,41.91,-105,5.8
2026-08-19 10:46:11,Pasillo Decanato Eléctrica,58.2,Group 1 (Common),94.57,60.13,Group 1 (Common),58.44,0.0,0.0,0.0,0.0,94.57,3.6,0.0,1.69,0.0,59.96,57.54,56.8,-116,4.0
2026-08-19 10:46:22,Laboratorios Civil Central,69.52,Group 1 (Common),99.56,71.29,Group 1 (Common),69.08,0.0,0.0,0.0,0.0,99.56,0.0,0.0,0.1,0.0,72.24,68.57,66.97,-109,10.2
2026-08-19 10:46:26,Laboratorios Eléctrica Inferior,61.43,Group 1 (Common),80.91,64.41,Group 1 (Common),60.57,0.0,0.0,61.2,0.0,80.91,2.39,0.0,16.36,0.34,65.85,60.99,56.23,-115,-4.2
2026-08-19 10:46:41,Laboratorios Civil Inferior,58.42,Group 1 (Common),83.03,60.9,Group 1 (Common),59.16,0.0,0.0,56.73,0.0,83.03,3.21,1.22,9.38,2.91,61.04,57.86,55.86,-113,5.2
2026-08-19 10:46:42,Lobby Eléctrica,63.78,Group 1 (Common),99.61,65.59,Group 1 (Common),63.94,0.0,0.0,0.0,0.0,99.61,0.0,0.04,0.04,0.0,65.48,63.66,62.01,-119,-3.2
2026-08-19 10:47:00,Pasillo Salones Eléctrica,74.01,Group 1 (Common),82.47,77.44,Group 4 (Person),72.33,0.0,0.0,77.2,0.0,82.47,0.0,0.0,17.27,0.0,78.55,71.77,66.32,-102,10.0
2026-08-19 10:47:10,Salón - Uma Eléctrica,49.89,Mixed,53.39,56.23,Group 1 (Common),52.69,0.0,49.12,0.0,0.0,53.39,3.39,42.97,0.04,0.26,54.08,49.04,47.92,-113,3.2
2026-08-19 10:47:25,Salón - Extremo Civil,46.77,Mixed,41.75,54.51,Group 4 (Person),45.07,44.43,0.0,53.45,0.0,23.7,41.75,0.09,33.29,1.26,52.33,44.92,40.66,-105,10.8
2026-08-19 10:47:36,Pasillo Salones Civil,68.99,Group 1 (Common),74.39,71.81,Group 4 (Person),69.38,0.0,0.0,70.42,0.0,74.39,0.0,0.0,25.52,0.04,72.44,68.26,59.35,-107,9.2
2026-08-19 10:47:44,Laboratorios Civil Superior,59.52,Group 1 (Common),99.61,60.95,Group 1 (Common),59.6,0.0,0.0,0.0,0.0,99.61,0.0,0.0,0.0,0.0,61.7,58.78,57.86,-111,7.2
2026-08-19 10:48:06,Laboratorios Eléctrica Centro,55.54,Mixed,64.37,60.86,Group 4 (Person),55.71,0.0,0.0,61.24,0.0,64.37,0.13,5.99,29.34,0.0,59.84,54.08,52.03,-119,-2.0
2026-08-19 10:48:57,Laboratorios Eléctrica Superior,51.04,Group 1 (Common),70.14,53.03,Group 1 (Common),51.1,52.07,0.0,0.0,0.0,70.14,20.44,0.65,7.99,0.69,52.64,50.6,48.92,-109,10.0
2026-08-19 10:49:15,Pasillo Decanato Civil,51.7,Group 1 (Common),99.44,52.43,Group 1 (Common),51.71,0.0,0.0,0.0,0.0,99.44,0.0,0.04,0.17,0.22,52.31,51.57,51.29,-95,9.2
2026-08-19 10:49:16,Lobby Civil,68.5,Group 1 (Common),97.96,71.87,Group 1 (Common),69.17,0.0,0.0,0.0,0.0,97.96,0.0,1.43,0.17,0.22,71.9,67.44,62.15,-101,11.2
2026-08-19 10:50:46,Salón - Extremo Eléctrica,58.16,Group 1 (Common),91.54,66.0,Group 1 (Common),61.1,0.0,0.0,0.0,0.0,91.54,0.09,0.39,4.21,3.69,63.39,57.78,51.99,-97,11.5
2026-08-19 10:50:56,Salón - Uma Civil,59.48,Group 1 (Common),77.17,61.77,Group 1 (Common),59.89,0.0,0.0,0.0,0.0,77.17,3.6,0.78,12.07,6.38,61.62,58.94,55.16,-115,9.8
2026-08-19 10:51:11,Pasillo Decanato Eléctrica,57.81,Group 1 (Common),99.46,58.23,Group 1 (Common),57.8,0.0,0.0,0.0,0.0,99.46,0.0,0.0,0.2,0.2,58.24,57.87,56.98,-108,9.2
2026-08-19 10:51:22,Laboratorios Civil Central,67.25,Group 1 (Common),98.31,69.09,Group 1 (Common),67.64,0.0,0.0,0.0,0.0,98.31,0.0,0.04,1.52,0.0,69.47,66.76,64.53,-107,10.8
2026-08-19 10:51:26,Laboratorios Eléctrica Inferior,66.84,Group 1 (Common),76.04,69.76,Group 1 (Common),65.74,0.0,0.0,64.6,0.0,76.04,0.39,0.09,23.48,0.0,70.58,66.46,63.91,-117,1.2
2026-08-19 10:51:41,Laboratorios Civil Inferior,60.44,Group 1 (Common),86.33,64.3,Group 1 (Common),60.36,0.0,0.0,0.0,0.0,86.33,0.0,0.0,13.54,0.0,64.65,57.64,52.78,-113,3.8
2026-08-19 10:51:50,Lobby Eléctrica,69.13,Group 1 (Common),76.87,71.1,Group 1 (Common),68.3,0.0,0.0,69.72,0.0,76.87,0.04,0.0,21.61,1.43,71.4,68.96,64.81,-103,12.0
2026-08-19 10:52:00,Pasillo Salones Eléctrica,64.32,Group 1 (Common),87.07,67.47,Group 1 (Common),63.33,0.0,0.0,61.13,0.0,87.07,0.0,0.0,12.76,0.0,67.58,62.73,59.8,-100,11.8
2026-08-19 10:52:10,Salón - Uma Eléctrica,75.29,Mixed,60.81,77.35,Group 1 (Common),76.0,0.0,0.0,75.88,0.0,39.11,0.0,0.0,60.81,0.0,77.73,75.34,72.06,-115,4.2
2026-08-19 10:52:25,Salón - Extremo Civil,54.04,Mixed,69.43,56.76,Group 1 (Common),53.14,54.88,0.0,0.0,0.0,69.43,21.63,0.0,8.89,0.05,57.51,53.16,48.26,-87,13.5
2026-08-19 10:52:36,Pasillo Salones Civil,59.81,Group 1 (Common),97.48,61.47,Group 1 (Common),59.88,0.0,0.0,0.0,0.0,97.48,0.3,0.0,2.13,0.0,62.8,58.9,56.84,-115,-3.2
2026-08-19 10:52:44,Laboratorios Civil Superior,47.83,Group 1 (Common),86.46,49.36,Group 1 (Common),48.14,0.0,0.0,0.0,0.0,86.46,0.78,0.0,0.09,12.63,49.39,47.51,45.97,-112,5.8
2026-08-19 10:53:06,Laboratorios Eléctrica Centro,55.82,Group 1 (Common),91.97,58.23,Group 1 (Common),56.09,0.0,0.0,0.0,0.0,91.97,0.0,1.56,6.34,0.0,57.88,55.4,53.91,-119,-1.5
2026-08-19 10:53:57,Laboratorios Eléctrica Superior,49.9,Group 1 (Common),94.05,53.09,Group 1 (Common),50.57,0.0,0.0,0.0,0.0,94.05,0.95,4.73,0.04,0.17,51.86,50.32,45.97,-118,-2.2
2026-08-19 10:54:15,Pasillo Decanato Civil,58.95,Mixed,51.3,63.67,Group 4 (Person),59.08,0.0,0.0,62.77,0.0,51.3,4.12,0.0,44.44,0.0,61.84,59.51,50.74,-111,6.2
2026-08-19 10:54:17,Lobby Civil,63.67,Mixed,58.46,65.89,Group 4 (Person),62.81,0.0,0.0,65.27,62.62,58.46,0.39,0.0,28.3,12.76,67.09,62.32,61.38,-105,6.2
2026-08-19 10:55:46,Salón - Extremo Eléctrica,72.48,Group 4 (Person),74.31,77.13,Group 1 (Common),75.7,0.0,0.0,67.14,0.0,22.05,2.91,0.0,74.31,0.61,77.92,69.37,53.27,-95,12.5
2026-08-19 10:55:56,Salón - Uma Civil,41.75,Silence,0.0,42.58,Silence,0.0,0.0,0.0,0.0,0.0,0.0,0.0,0.0,0.0,0.0,42.52,41.58,41.0,-115,2.5
2026-08-19 10:56:11,Pasillo Decanato Eléctrica,57.79,Group 1 (Common),98.52,61.97,Group 1 (Common),58.92,0.0,0.0,0.0,0.0,98.52,0.56,0.0,0.3,0.61,59.16,57.69,57.0,-115,8.2
2026-08-19 10:56:22,Laboratorios Civil Central,69.77,Group 1 (Common),82.68,72.19,Group 4 (Person),69.63,0.0,0.0,71.56,0.0,82.68,0.0,0.0,17.23,0.0,72.77,69.76,64.99,-117,9.2
2026-08-19 10:56:26,Laboratorios Eléctrica Inferior,66.5,Group 1 (Common),98.91,69.3,Group 1 (Common),66.7,0.0,0.0,0.0,0.0,98.91,0.09,0.0,0.56,0.26,70.06,65.7,61.06,-118,-9.8
2026-08-19 10:56:41,Laboratorios Civil Inferior,59.77,Group 1 (Common),98.48,64.16,Group 1 (Common),60.45,0.0,0.0,0.0,0.0,98.48,0.35,0.09,0.26,0.78,64.02,59.43,50.22,-118,-5.8
2026-08-19 10:56:42,Lobby Eléctrica,68.73,Group 1 (Common),91.28,71.79,Group 1 (Common),69.74,0.0,0.0,67.98,0.0,91.28,0.0,0.0,8.55,0.0,71.29,68.37,66.15,-107,11.8
2026-08-19 10:57:01,Pasillo Salones Eléctrica,63.83,Group 1 (Common),99.61,65.23,Group 1 (Common),63.55,0.0,0.0,0.0,0.0,99.61,0.0,0.04,0.0,0.0,66.17,63.25,61.97,-103,12.2
2026-08-19 10:57:10,Salón - Uma Eléctrica,75.9,Mixed,54.86,77.42,Group 4 (Person),75.22,0.0,0.0,75.95,0.0,54.86,0.0,0.0,45.01,0.0,78.31,75.34,72.34,-120,-8.8
2026-08-19 10:57:25,Salón - Extremo Civil,50.55,Group 1 (Common),92.72,54.55,Group 1 (Common),51.62,0.0,0.0,0.0,0.0,92.72,0.0,0.0,6.49,0.59,53.61,50.33,43.24,-102,11.0
2026-08-19 10:57:36,Pasillo Salones Civil,64.1,Group 1 (Common),95.79,67.44,Group 1 (Common),65.16,0.0,0.0,0.0,0.0,95.79,0.22,0.0,3.73,0.0,66.49,63.61,58.18,-101,13.2
2026-08-19 10:57:44,Laboratorios Civil Superior,53.84,Group 1 (Common),75.83,55.13,Group 5 (Vehicle),52.65,0.0,0.0,0.0,54.59,75.83,0.0,0.1,0.0,24.02,55.24,53.53,51.76,-114,6.2
2026-08-19 10:58:06,Laboratorios Eléctrica Centro,56.97,Group 1 (Common),85.46,60.15,Group 1 (Common),57.59,0.0,56.88,0.0,0.0,85.46,0.22,13.06,0.0,1.17,57.94,57.31,54.16,-101,11.5
2026-08-19 10:58:57,Laboratorios Eléctrica Superior,62.69,Group 1 (Common),99.39,64.78,Group 1 (Common),62.56,0.0,0.0,0.0,0.0,99.39,0.0,0.0,0.35,0.0,64.8,62.51,60.41,-108,7.0
2026-08-19 10:59:15,Pasillo Decanato Civil,67.29,Mixed,63.85,69.73,Group 4 (Person),67.44,0.0,0.0,67.43,0.0,63.85,0.0,0.0,36.11,0.0,70.37,67.59,64.07,-97,12.5
2026-08-19 10:59:16,Lobby Civil,69.73,Group 1 (Common),77.54,72.67,Group 4 (Person),66.11,0.0,0.0,72.42,0.0,77.54,3.52,0.0,18.75,0.0,73.56,65.83,62.67,-111,5.2
2026-08-19 11:00:46,Salón - Extremo Eléctrica,73.99,Group 4 (Person),80.51,78.13,Group 4 (Person),75.08,0.0,0.0,74.54,0.0,19.27,0.0,0.0,80.51,0.0,78.73,72.18,62.2,-97,11.8
2026-08-19 11:00:56,Salón - Uma Civil,48.71,Group 1 (Common),83.72,50.76,Group 1 (Common),49.38,0.0,0.0,0.0,0.0,83.72,13.85,0.0,2.47,0.0,50.98,48.21,46.76,-119,-12.0
2026-08-19 11:01:11,Pasillo Decanato Eléctrica,59.15,Group 1 (Common),99.35,59.75,Group 1 (Common),59.02,0.0,0.0,0.0,0.0,99.35,0.13,0.0,0.3,0.04,60.15,58.9,58.56,-113,5.2
2026-08-19 11:01:22,Laboratorios Civil Central,66.13,Group 1 (Common),74.39,70.22,Group 4 (Person),66.07,0.0,0.0,69.52,0.0,74.39,0.0,0.0,25.43,0.0,68.36,65.52,62.85,-107,8.8
2026-08-19 11:01:26,Laboratorios Eléctrica Inferior,69.81,Mixed,58.55,72.03,Group 4 (Person),69.45,0.0,0.0,70.0,0.0,58.55,1.22,0.0,40.15,0.0,72.41,69.12,65.62,-117,1.2
2026-08-19 11:01:41,Laboratorios Civil Inferior,60.12,Group 1 (Common),97.17,63.86,Group 1 (Common),58.09,0.0,0.0,0.0,0.0,97.17,0.29,0.0,0.29,2.0,64.35,59.65,51.45,-121,-7.8
2026-08-19 11:01:42,Lobby Eléctrica,64.87,Group 1 (Common),99.61,65.96,Group 1 (Common),64.88,0.0,0.0,0.0,0.0,99.61,0.0,0.0,0.0,0.0,65.97,64.46,63.84,-99,12.0
2026-08-19 11:02:01,Pasillo Salones Eléctrica,68.38,Group 1 (Common),90.92,71.12,Group 1 (Common),68.56,0.0,0.0,0.0,0.0,90.92,0.05,1.56,1.9,5.47,71.26,66.92,64.38,-99,12.2
2026-08-19 11:02:17,Salón - Uma Eléctrica,68.39,Group 4 (Person),70.88,72.29,Group 4 (Person),68.58,66.93,0.0,68.15,0.0,20.4,8.64,0.0,70.88,0.0,73.09,67.42,62.54,-108,5.8
2026-08-19 11:02:25,Salón - Extremo Civil,54.34,Mixed,43.53,59.52,Group 1 (Common),57.65,55.48,0.0,0.0,55.69,16.23,43.53,0.39,22.57,17.1,56.49,54.78,50.58,-102,8.2
2026-08-19 11:02:36,Pasillo Salones Civil,64.83,Group 1 (Common),95.27,67.31,Group 1 (Common),65.13,0.0,0.0,0.0,0.0,95.27,0.0,0.0,4.56,0.0,67.22,64.85,60.06,-97,13.0
2026-08-19 11:02:44,Laboratorios Civil Superior,60.73,Group 1 (Common),99.48,62.03,Group 1 (Common),60.44,0.0,0.0,0.0,0.0,99.48,0.13,0.0,0.04,0.13,62.46,60.71,57.73,-109,-0.5
2026-08-19 11:03:06,Laboratorios Eléctrica Centro,66.59,Group 1 (Common),99.39,68.63,Group 1 (Common),66.24,0.0,0.0,0.0,0.0,99.39,0.0,0.0,0.3,0.0,68.69,65.18,63.59,-101,9.0
2026-08-19 11:03:57,Laboratorios Eléctrica Superior,57.44,Mixed,68.49,60.69,Group 2 (Impact),56.95,60.11,0.0,58.66,0.0,68.49,10.59,0.0,19.27,1.65,61.26,56.38,54.17,-101,7.2
2026-08-19 11:04:15,Pasillo Decanato Civil,63.02,Group 1 (Common),83.15,66.24,Group 1 (Common),62.49,0.0,0.0,63.38,0.0,83.15,0.0,0.0,16.6,0.24,66.28,61.83,60.12,-111,12.0
2026-08-19 11:05:46,Salón - Extremo Eléctrica,78.36,Mixed,61.46,82.56,Group 4 (Person),72.83,0.0,0.0,78.19,0.0,32.73,0.0,0.0,61.46,5.56,83.3,75.37,69.94,-89,13.2
2026-08-19 11:05:56,Salón - Uma Civil,69.91,Group 4 (Person),95.31,73.35,Group 4 (Person),0.0,0.0,0.0,70.21,0.0,4.43,0.0,0.0,95.31,0.0,74.78,68.41,62.0,-103,11.5
2026-08-19 11:06:11,Pasillo Decanato Eléctrica,58.62,Group 1 (Common),99.44,59.84,Group 1 (Common),58.74,0.0,0.0,0.0,0.0,99.44,0.09,0.0,0.04,0.26,60.12,58.41,57.49,-108,9.8
2026-08-19 11:06:22,Laboratorios Civil Central,69.28,Group 1 (Common),99.61,70.42,Group 1 (Common),69.31,0.0,0.0,0.0,0.0,99.61,0.0,0.0,0.0,0.0,70.41,69.36,66.95,-119,-7.8
2026-08-19 11:06:26,Laboratorios Eléctrica Inferior,63.69,Group 1 (Common),99.52,65.25,Group 1 (Common),63.93,0.0,0.0,0.0,0.0,99.52,0.0,0.0,0.17,0.0,65.36,63.79,60.94,-120,-3.0
2026-08-19 11:06:41,Laboratorios Civil Inferior,58.87,Group 1 (Common),96.09,63.65,Group 1 (Common),60.09,0.0,0.0,0.0,0.0,96.09,0.0,0.0,0.29,3.32,63.41,54.8,52.33,-115,-0.2
2026-08-19 11:06:42,Lobby Eléctrica,64.48,Group 1 (Common),99.61,65.85,Group 1 (Common),64.64,0.0,0.0,0.0,0.0,99.61,0.0,0.04,0.04,0.0,65.68,64.25,63.86,-115,-4.8
2026-08-19 11:07:01,Pasillo Salones Eléctrica,59.07,Group 1 (Common),99.09,62.69,Group 1 (Common),57.86,0.0,0.0,0.0,0.0,99.09,0.0,0.22,0.17,0.3,63.69,57.4,54.86,-97,12.5
2026-08-19 11:07:10,Salón - Uma Eléctrica,59.82,Group 1 (Common),98.57,62.53,Group 1 (Common),60.28,0.0,0.0,0.0,0.0,98.57,0.09,0.87,0.35,0.0,63.09,58.28,57.05,-111,5.5
2026-08-19 11:07:25,Salón - Extremo Civil,51.58,Group 1 (Common),98.87,54.95,Group 1 (Common),51.08,0.0,0.0,0.0,0.0,98.87,0.52,0.0,0.22,0.48,55.28,50.9,45.26,-95,12.5
2026-08-19 11:07:36,Pasillo Salones Civil,63.5,Group 1 (Common),98.91,66.22,Group 1 (Common),62.75,0.0,0.0,0.0,0.0,98.91,0.09,0.0,0.3,0.52,66.19,63.1,59.58,-108,9.0
2026-08-19 11:07:44,Laboratorios Civil Superior,63.65,Group 1 (Common),83.77,64.94,Group 1 (Common),63.46,0.0,0.0,0.0,0.0,83.77,0.87,0.04,15.15,0.0,64.59,63.74,62.64,-103,11.0
2026-08-19 11:08:06,Laboratorios Eléctrica Centro,59.69,Group 1 (Common),99.26,61.05,Group 1 (Common),59.55,0.0,0.0,0.0,0.0,99.26,0.0,0.09,0.43,0.09,61.74,59.37,56.15,-119,-12.0
2026-08-19 11:08:57,Laboratorios Eléctrica Superior,56.75,Group 1 (Common),99.61,58.69,Group 1 (Common),56.11,0.0,0.0,0.0,0.0,99.61,0.04,0.04,0.04,0.0,59.48,56.81,53.7,-103,11.2
2026-08-19 11:09:15,Pasillo Decanato Civil,60.02,Group 1 (Common),85.64,62.24,Group 1 (Common),59.03,0.0,0.0,60.22,0.0,85.64,0.0,0.49,13.77,0.0,63.56,58.4,55.12,-97,10.2
2026-08-19 11:09:17,Lobby Civil,67.16,Group 1 (Common),99.57,69.28,Group 1 (Common),67.71,0.0,0.0,0.0,0.0,99.57,0.0,0.0,0.04,0.09,69.19,66.98,60.86,-109,7.2
2026-08-19 11:10:46,Salón - Extremo Eléctrica,70.69,Group 1 (Common),79.6,72.33,Group 1 (Common),71.37,0.0,0.0,69.44,0.0,79.6,0.0,0.0,20.18,0.0,72.1,71.15,65.91,-93,13.2
2026-08-19 11:10:56,Salón - Uma Civil,63.25,Group 1 (Common),94.18,64.63,Group 1 (Common),62.68,0.0,0.0,0.0,0.0,94.18,0.17,0.0,5.25,0.22,65.23,62.73,60.56,-105,10.0
2026-08-19 11:11:11,Pasillo Decanato Eléctrica,57.25,Group 1 (Common),99.52,58.25,Group 1 (Common),57.46,0.0,0.0,0.0,0.0,99.52,0.0,0.0,0.09,0.26,57.71,57.29,56.38,-120,-2.5
2026-08-19 11:11:22,Laboratorios Civil Central,73.29,Group 1 (Common),99.13,74.44,Group 1 (Common),72.92,0.0,0.0,0.0,0.0,99.13,0.0,0.0,0.61,0.0,74.6,73.56,71.26,-109,10.2
2026-08-19 11:11:26,Laboratorios Eléctrica Inferior,63.71,Group 1 (Common),95.49,67.25,Group 1 (Common),63.94,0.0,0.0,0.0,0.0,95.49,3.3,0.0,1.17,0.0,67.55,61.8,56.43,-119,-9.0
2026-08-19 11:11:41,Laboratorios Civil Inferior,56.29,Group 1 (Common),98.05,59.54,Group 1 (Common),55.71,0.0,0.0,0.0,0.0,98.05,0.0,1.65,0.09,0.0,60.9,53.62,51.33,-121,-5.5
2026-08-19 11:11:42,Lobby Eléctrica,66.73,Group 1 (Common),99.61,67.7,Group 1 (Common),66.31,0.0,0.0,0.0,0.0,99.61,0.0,0.0,0.0,0.0,67.93,66.72,63.68,-95,11.8
2026-08-19 11:12:01,Pasillo Salones Eléctrica,63.57,Mixed,39.41,66.59,Group 2 (Impact),61.56,64.6,0.0,0.0,0.0,39.41,30.34,8.55,6.12,15.58,67.14,62.98,59.15,-97,12.8
2026-08-19 11:12:10,Salón - Uma Eléctrica,57.22,Group 4 (Person),76.48,62.56,Group 4 (Person),49.12,41.16,0.0,60.21,0.0,11.55,8.55,0.0,76.48,3.17,61.17,57.62,37.99,-115,3.0
2026-08-19 11:12:25,Salón - Extremo Civil,60.59,Group 1 (Common),73.7,62.31,Group 1 (Common),60.5,60.48,0.0,60.59,0.0,73.7,11.28,0.09,14.63,0.22,62.84,60.15,59.08,-102,11.5
2026-08-19 11:12:37,Pasillo Salones Civil,71.56,Group 1 (Common),99.13,74.16,Group 1 (Common),72.08,0.0,0.0,0.0,0.0,99.13,0.0,0.0,0.61,0.0,74.51,71.12,67.49,-99,13.2
2026-08-19 11:12:44,Laboratorios Civil Superior,69.58,Group 1 (Common),93.23,74.41,Group 1 (Common),70.66,0.0,0.0,0.0,0.0,93.23,0.0,0.0,6.51,0.0,74.09,67.48,66.52,-108,5.0
2026-08-19 11:13:06,Laboratorios Eléctrica Centro,56.26,Mixed,53.43,58.45,Group 1 (Common),57.15,0.0,55.62,0.0,0.0,53.43,0.74,45.23,0.52,0.04,58.76,56.2,53.98,-101,10.5
2026-08-19 11:13:57,Laboratorios Eléctrica Superior,55.19,Group 1 (Common),99.52,59.05,Group 1 (Common),56.04,0.0,0.0,0.0,0.0,99.52,0.0,0.26,0.0,0.0,57.7,55.9,48.66,-102,11.0
2026-08-19 11:14:15,Pasillo Decanato Civil,58.36,Group 1 (Common),99.18,60.85,Group 1 (Common),58.17,0.0,0.0,0.0,0.0,99.18,0.0,0.3,0.3,0.0,61.1,57.91,54.88,-102,8.5
2026-08-19 11:14:17,Lobby Civil,65.01,Group 1 (Common),97.96,68.18,Group 1 (Common),65.14,0.0,0.0,0.0,0.0,97.96,0.0,0.0,1.78,0.0,68.95,64.72,61.01,-105,11.2
2026-08-19 11:15:46,Salón - Extremo Eléctrica,55.74,Group 1 (Common),84.47,58.24,Group 1 (Common),55.19,0.0,0.0,0.0,0.0,84.47,6.4,7.52,0.63,0.78,58.48,53.83,52.31,-93,13.0
2026-08-19 11:15:56,Salón - Uma Civil,63.71,Group 1 (Common),97.79,66.58,Group 1 (Common),64.63,0.0,0.0,0.0,0.0,97.79,1.35,0.0,0.74,0.0,66.96,63.62,59.18,-107,7.2
2026-08-19 11:16:11,Pasillo Decanato Eléctrica,61.04,Group 1 (Common),99.61,62.23,Group 1 (Common),60.77,0.0,0.0,0.0,0.0,99.61,0.0,0.0,0.04,0.0,62.24,61.58,58.15,-107,8.0
2026-08-19 11:16:22,Laboratorios Civil Central,69.96,Group 1 (Common),81.81,73.0,Group 4 (Person),70.35,0.0,0.0,73.51,0.0,81.81,0.0,0.0,18.01,0.0,71.81,70.09,67.99,-105,8.8
2026-08-19 11:16:26,Laboratorios Eléctrica Inferior,64.13,Group 1 (Common),88.54,66.1,Group 1 (Common),64.39,0.0,0.0,64.61,0.0,88.54,0.0,0.0,11.07,0.0,66.58,64.18,60.24,-117,-3.2
2026-08-19 11:16:41,Laboratorios Civil Inferior,54.65,Mixed,62.98,60.05,Group 1 (Common),54.39,0.0,0.0,0.0,52.36,62.98,3.69,0.09,0.91,32.29,60.69,53.25,45.39,-119,-8.0
2026-08-19 11:16:42,Lobby Eléctrica,63.99,Group 1 (Common),99.05,65.68,Group 1 (Common),64.3,0.0,0.0,0.0,0.0,99.05,0.09,0.0,0.56,0.0,65.42,63.46,62.08,-111,7.0
2026-08-19 11:17:01,Pasillo Salones Eléctrica,62.62,Group 1 (Common),81.81,64.94,Group 1 (Common),62.83,0.0,0.0,0.0,0.0,81.81,4.73,0.56,12.15,0.74,65.19,62.53,57.55,-100,11.2
2026-08-19 11:17:10,Salón - Uma Eléctrica,62.46,Group 1 (Common),76.56,66.71,Group 1 (Common),63.64,58.72,61.41,0.0,0.0,76.56,8.9,9.55,3.86,1.09,66.64,57.88,50.48,-115,3.5
2026-08-19 11:17:25,Salón - Extremo Civil,62.36,Group 1 (Common),99.44,64.13,Group 1 (Common),61.72,0.0,0.0,0.0,0.0,99.44,0.0,0.22,0.13,0.0,64.28,62.93,55.56,-105,11.5
2026-08-19 11:17:37,Pasillo Salones Civil,67.13,Group 1 (Common),99.61,68.76,Group 1 (Common),66.71,0.0,0.0,0.0,0.0,99.61,0.0,0.0,0.0,0.0,69.44,65.91,65.17,-117,2.2
2026-08-19 11:17:44,Laboratorios Civil Superior,61.94,Group 1 (Common),99.61,63.67,Group 1 (Common),61.36,0.0,0.0,0.0,0.0,99.61,0.0,0.04,0.0,0.0,64.17,61.81,59.26,-108,10.0
2026-08-19 11:18:06,Laboratorios Eléctrica Centro,61.21,Group 1 (Common),73.96,62.84,Group 1 (Common),61.5,0.0,0.0,0.0,53.24,73.96,0.04,0.78,1.69,23.48,63.72,62.2,55.23,-99,11.0
2026-08-19 11:18:57,Laboratorios Eléctrica Superior,52.79,Group 1 (Common),94.79,58.12,Group 1 (Common),53.13,0.0,0.0,0.0,0.0,94.79,3.69,0.0,1.0,0.39,58.89,47.67,43.38,-101,11.5
2026-08-19 11:19:15,Pasillo Decanato Civil,71.06,Mixed,69.14,74.9,Group 1 (Common),69.99,0.0,0.0,72.22,0.0,69.14,0.0,0.0,30.82,0.0,75.82,69.52,66.33,-114,7.5
2026-08-19 11:19:17,Lobby Civil,68.37,Group 1 (Common),98.31,72.48,Group 1 (Common),68.68,0.0,0.0,0.0,0.0,98.31,0.0,0.0,1.35,0.0,73.29,66.87,63.15,-114,6.5
2026-08-19 11:20:46,Salón - Extremo Eléctrica,50.23,Mixed,49.32,52.84,Group 2 (Impact),49.4,51.04,47.62,0.0,0.0,49.32,29.74,12.94,7.52,0.49,53.05,48.82,46.84,-95,9.5
2026-08-19 11:20:56,Salón - Uma Civil,46.96,Mixed,50.49,52.1,Group 2 (Impact),0.0,47.02,0.0,47.84,0.0,3.71,50.49,0.0,45.75,0.0,53.26,44.12,42.5,-107,8.5
2026-08-19 11:21:11,Pasillo Decanato Eléctrica,57.4,Group 1 (Common),99.48,58.27,Group 1 (Common),57.54,0.0,0.0,0.0,0.0,99.48,0.04,0.0,0.04,0.17,58.4,57.6,55.78,-107,11.0
2026-08-19 11:21:22,Laboratorios Civil Central,66.82,Group 1 (Common),90.97,71.2,Group 1 (Common),67.46,0.0,0.0,0.0,0.0,90.97,1.87,0.04,7.07,0.09,71.15,65.66,64.09,-120,-4.2
2026-08-19 11:21:26,Laboratorios Eléctrica Inferior,55.09,Mixed,58.01,56.4,Group 1 (Common),56.18,0.0,0.0,0.0,54.2,41.06,0.05,0.05,0.83,58.01,56.51,54.98,52.47,-115,0.5
2026-08-19 11:21:42,Laboratorios Civil Inferior,54.98,Group 1 (Common),98.48,59.11,Group 1 (Common),56.11,0.0,0.0,0.0,0.0,98.48,0.56,0.0,0.35,0.52,57.84,54.71,51.62,-118,-7.5
2026-08-19 11:21:42,Lobby Eléctrica,68.72,Group 1 (Common),99.61,71.44,Group 1 (Common),69.36,0.0,0.0,0.0,0.0,99.61,0.0,0.05,0.0,0.0,71.87,68.04,63.33,-115,-0.8
2026-08-19 11:22:01,Pasillo Salones Eléctrica,62.22,Group 1 (Common),93.58,66.33,Group 1 (Common),60.64,0.0,0.0,0.0,0.0,93.58,2.69,0.13,2.47,1.04,66.39,60.49,57.82,-101,12.8
2026-08-19 11:22:10,Salón - Uma Eléctrica,60.2,Group 4 (Person),99.41,62.21,Group 4 (Person),0.0,0.0,0.0,60.31,0.0,0.0,0.24,0.0,99.41,0.0,62.4,59.71,55.7,-99,7.2
2026-08-19 11:22:25,Salón - Extremo Civil,46.48,Group 1 (Common),79.12,48.45,Group 1 (Common),46.66,0.0,0.0,0.0,0.0,79.12,17.19,0.0,0.78,2.91,48.46,46.52,43.31,-99,13.2
2026-08-19 11:22:37,Pasillo Salones Civil,60.96,Group 1 (Common),99.41,67.2,Group 1 (Common),63.09,0.0,0.0,0.0,0.0,99.41,0.24,0.0,0.15,0.0,65.35,59.26,55.76,-105,8.8
2026-08-19 11:22:44,Laboratorios Civil Superior,60.75,Group 1 (Common),95.18,63.19,Group 1 (Common),60.39,0.0,0.0,0.0,0.0,95.18,2.69,0.0,2.0,0.22,63.18,60.04,58.48,-108,9.8
2026-08-19 11:23:06,Laboratorios Eléctrica Centro,62.41,Group 1 (Common),88.93,65.28,Group 1 (Common),62.39,0.0,0.0,58.66,0.0,88.93,0.04,0.0,10.98,0.0,65.48,61.86,57.56,-103,12.0
2026-08-19 11:23:58,Laboratorios Eléctrica Superior,51.2,Mixed,57.62,58.73,Group 5 (Vehicle),50.28,0.0,48.53,0.0,58.22,57.62,0.1,15.53,0.0,26.66,55.87,48.48,46.16,-105,8.2
2026-08-19 11:24:15,Pasillo Decanato Civil,51.83,Group 1 (Common),99.44,53.13,Group 1 (Common),52.06,0.0,0.0,0.0,0.0,99.44,0.0,0.22,0.0,0.0,53.12,51.7,50.85,-99,12.5
2026-08-19 11:24:17,Lobby Civil,65.7,Group 1 (Common),99.44,67.33,Group 1 (Common),65.54,0.0,0.0,0.0,0.0,99.44,0.0,0.0,0.26,0.0,67.57,65.67,61.31,-101,13.5
2026-08-19 11:25:47,Salón - Extremo Eléctrica,66.6,Group 4 (Person),96.66,68.68,Group 4 (Person),0.0,0.0,0.0,66.23,0.0,3.04,0.0,0.0,96.66,0.0,69.33,65.76,61.95,-96,12.2
2026-08-19 11:25:56,Salón - Uma Civil,60.36,Mixed,68.8,64.02,Group 4 (Person),60.48,0.0,0.0,60.07,0.0,31.01,0.1,0.0,68.8,0.0,64.45,58.81,56.64,-117,7.0
2026-08-19 11:26:12,Pasillo Decanato Eléctrica,57.96,Group 1 (Common),99.48,58.49,Group 1 (Common),57.99,0.0,0.0,0.0,0.0,99.48,0.13,0.0,0.13,0.04,58.55,57.92,57.61,-109,7.0
2026-08-19 11:26:22,Laboratorios Civil Central,68.76,Group 1 (Common),99.61,70.17,Group 1 (Common),68.41,0.0,0.0,0.0,0.0,99.61,0.0,0.0,0.0,0.0,70.77,68.3,67.06,-120,-10.2
2026-08-19 11:26:26,Laboratorios Eléctrica Inferior,52.4,Mixed,54.93,53.95,Group 1 (Common),51.8,0.0,0.0,0.0,51.87,43.21,1.07,0.0,0.68,54.93,53.87,52.21,50.67,-109,10.5
2026-08-19 11:26:41,Laboratorios Civil Inferior,62.34,Group 1 (Common),85.24,67.4,Group 1 (Common),63.04,0.0,0.0,66.38,0.0,85.24,2.39,0.04,12.2,0.0,66.98,60.24,58.85,-116,-7.2
2026-08-19 11:26:42,Lobby Eléctrica,65.59,Group 1 (Common),99.39,67.51,Group 1 (Common),65.61,0.0,0.0,0.0,0.0,99.39,0.0,0.0,0.35,0.0,67.55,65.47,62.09,-115,2.0
2026-08-19 11:27:01,Pasillo Salones Eléctrica,69.48,Group 1 (Common),99.61,72.69,Group 1 (Common),68.89,0.0,0.0,0.0,0.0,99.61,0.0,0.0,0.13,0.04,73.31,67.69,65.69,-119,-7.0
2026-08-19 11:27:10,Salón - Uma Eléctrica,61.24,Group 4 (Person),85.29,63.84,Group 4 (Person),61.48,0.0,0.0,61.59,0.0,13.45,1.0,0.0,85.29,0.0,64.14,60.38,57.0,-109,10.5
2026-08-19 11:27:25,Salón - Extremo Civil,38.37,Silence,0.0,42.07,Silence,0.0,0.0,0.0,0.0,0.0,0.0,0.0,0.0,0.0,0.0,40.24,38.13,37.05,-93,12.8
2026-08-19 11:27:37,Pasillo Salones Civil,59.56,Mixed,54.04,63.53,Group 4 (Person),59.59,0.0,0.0,61.94,0.0,54.04,11.46,0.0,34.51,0.0,63.99,59.06,52.39,-113,4.0
2026-08-19 11:28:06,Laboratorios Eléctrica Centro,65.71,Group 1 (Common),96.01,69.08,Group 1 (Common),64.76,0.0,0.0,0.0,0.0,96.01,0.0,0.04,0.09,3.56,70.35,63.99,60.34,-119,-3.2
2026-08-19 11:28:57,Laboratorios Eléctrica Superior,57.62,Group 1 (Common),97.57,60.39,Group 1 (Common),56.46,0.0,0.0,0.0,0.0,97.57,0.0,1.39,0.04,0.82,60.66,57.42,51.45,-113,6.8
2026-08-19 11:29:15,Pasillo Decanato Civil,62.4,Group 1 (Common),99.61,63.35,Group 1 (Common),61.87,0.0,0.0,0.0,0.0,99.61,0.0,0.0,0.0,0.0,63.72,62.05,60.59,-108,7.8
2026-08-19 11:29:17,Lobby Civil,69.06,Group 1 (Common),99.61,71.86,Group 1 (Common),69.46,0.0,0.0,0.0,0.0,99.61,0.0,0.0,0.04,0.0,72.04,68.37,66.37,-111,1.8
2026-08-19 11:30:47,Salón - Extremo Eléctrica,38.67,Silence,0.0,42.27,Silence,0.0,0.0,0.0,0.0,0.0,0.0,0.0,0.0,0.0,0.0,43.35,37.66,33.22,-90,9.8
2026-08-19 11:30:56,Salón - Uma Civil,68.44,Group 4 (Person),98.52,74.14,Group 4 (Person),0.0,0.0,0.0,69.57,0.0,0.09,1.13,0.0,98.52,0.0,74.32,64.85,52.22,-113,5.8
2026-08-19 11:31:12,Pasillo Decanato Eléctrica,57.53,Group 1 (Common),99.51,57.94,Group 1 (Common),57.4,0.0,0.0,0.0,0.0,99.51,0.0,0.0,0.15,0.2,58.16,57.5,56.79,-117,3.2
2026-08-19 11:31:22,Laboratorios Civil Central,72.4,Group 1 (Common),98.96,75.37,Group 1 (Common),71.66,0.0,0.0,0.0,0.0,98.96,0.0,0.0,0.87,0.0,75.35,71.65,69.79,-108,10.0
2026-08-19 11:31:26,Laboratorios Eléctrica Inferior,58.18,Group 1 (Common),98.18,61.35,Group 1 (Common),59.1,0.0,0.0,0.0,0.0,98.18,0.0,0.04,0.61,1.0,61.41,57.57,52.91,-119,
2026-08-19 11:31:42,Laboratorios Civil Inferior,50.09,Mixed,67.23,52.56,Group 5 (Vehicle),50.26,0.0,0.0,0.0,51.6,67.23,0.48,0.09,0.35,31.77,53.43,49.8,46.92,-120,-12.0
2026-08-19 11:31:42,Lobby Eléctrica,67.41,Group 1 (Common),98.05,69.7,Group 1 (Common),67.38,0.0,0.0,0.0,0.0,98.05,0.0,1.65,0.09,0.0,69.95,66.3,64.49,-99,12.8
2026-08-19 11:32:10,Salón - Uma Eléctrica,66.29,Mixed,42.88,71.57,Group 2 (Impact),0.0,68.14,58.65,65.81,69.35,0.0,12.2,25.09,42.88,19.88,72.51,60.87,45.85,-115,5.2
2026-08-19 11:32:25,Salón - Extremo Civil,36.3,Silence,0.0,43.11,Silence,0.0,0.0,0.0,0.0,0.0,0.0,0.0,0.0,0.0,0.0,43.43,34.81,33.14,-103,11.8
2026-08-19 11:32:37,Pasillo Salones Civil,51.83,Group 1 (Common),97.83,54.23,Group 1 (Common),52.35,0.0,0.0,0.0,0.0,97.83,0.13,0.78,1.17,0.17,52.52,51.66,51.22,-103,10.8
2026-08-19 11:32:44,Laboratorios Civil Superior,61.55,Group 1 (Common),88.28,62.89,Group 1 (Common),60.96,0.0,0.0,61.88,0.0,88.28,0.09,0.04,11.37,0.0,62.98,61.46,59.76,-117,2.8
2026-08-19 11:33:06,Laboratorios Eléctrica Centro,59.34,Mixed,42.58,61.52,Group 4 (Person),56.64,0.0,0.0,60.69,58.12,40.02,0.13,0.0,42.58,17.23,61.4,59.53,53.59,-100,11.5
2026-08-19 11:33:58,Laboratorios Eléctrica Superior,57.04,Group 1 (Common),98.22,59.48,Group 1 (Common),57.47,0.0,0.0,0.0,0.0,98.22,0.0,1.48,0.0,0.09,58.87,56.76,54.36,-107,9.8
2026-08-19 11:34:15,Pasillo Decanato Civil,55.3,Group 1 (Common),77.65,57.99,Group 1 (Common),55.12,0.0,0.0,56.38,0.0,77.65,0.04,0.52,21.53,0.09,58.09,54.68,52.32,-117,-9.5
2026-08-19 11:34:22,Lobby Civil,67.87,Group 1 (Common),99.61,69.37,Group 1 (Common),68.15,0.0,0.0,0.0,0.0,99.61,0.0,0.0,0.0,0.0,69.59,67.62,65.85,-120,6.0
2026-08-19 11:35:47,Salón - Extremo Eléctrica,66.61,Mixed,66.02,69.69,Group 4 (Person),0.0,0.0,0.0,66.72,32.74,7.81,0.69,0.0,66.02,25.3,70.52,65.97,29.81,-105,10.8
2026-08-19 11:35:56,Salón - Uma Civil,61.28,Mixed,52.91,67.5,Group 4 (Person),60.93,61.42,0.0,64.01,0.0,31.25,15.71,0.0,52.91,0.04,64.44,61.42,56.89,-114,3.5
2026-08-19 11:36:11,Pasillo Decanato Eléctrica,57.54,Group 1 (Common),97.83,58.17,Group 1 (Common),57.65,0.0,0.0,0.0,0.0,97.83,0.26,0.0,0.13,1.69,58.23,57.56,57.01,-95,9.2
2026-08-19 11:36:22,Laboratorios Civil Central,77.77,Group 1 (Common),99.44,79.21,Group 1 (Common),77.46,0.0,0.0,0.0,0.0,99.44,0.0,0.0,0.22,0.0,79.05,77.25,75.72,-114,9.0
2026-08-19 11:36:26,Laboratorios Eléctrica Inferior,53.81,Mixed,59.11,57.81,Group 5 (Vehicle),53.92,0.0,0.0,0.0,57.25,59.11,0.0,0.0,0.22,40.67,55.89,53.09,51.83,-120,-5.0
2026-08-19 11:36:42,Laboratorios Civil Inferior,64.15,Group 1 (Common),99.57,66.35,Group 1 (Common),64.46,0.0,0.0,0.0,0.0,99.57,0.0,0.22,0.0,0.0,66.56,63.96,59.86,-112,6.5
2026-08-19 11:36:42,Lobby Eléctrica,64.76,Mixed,57.38,68.29,Group 2 (Impact),62.68,66.49,0.0,66.62,0.0,57.38,15.58,0.09,26.39,0.26,69.39,63.66,61.78,-107,12.0
2026-08-19 11:37:01,Pasillo Salones Eléctrica,64.27,Group 1 (Common),77.65,66.28,Group 1 (Common),63.97,0.0,0.0,62.31,0.0,77.65,0.0,0.0,22.05,0.0,66.24,64.3,61.34,-101,11.8
2026-08-19 11:37:10,Salón - Uma Eléctrica,63.0,Group 4 (Person),96.48,66.82,Group 4 (Person),0.0,0.0,0.0,63.73,0.0,3.21,0.0,0.0,96.48,0.0,65.81,63.43,58.97,-117,-7.2
2026-08-19 11:37:25,Salón - Extremo Civil,75.25,Mixed,53.21,79.18,Group 4 (Person),74.69,0.0,0.0,77.41,0.0,53.21,0.04,0.0,46.7,0.04,77.16,75.28,69.72,-100,10.5
2026-08-19 11:37:37,Pasillo Salones Civil,63.71,Group 1 (Common),99.61,66.34,Group 1 (Common),64.1,0.0,0.0,0.0,0.0,99.61,0.0,0.0,0.04,0.0,66.92,62.45,60.29,-99,13.2
2026-08-19 11:37:44,Laboratorios Civil Superior,62.89,Group 1 (Common),99.61,64.67,Group 1 (Common),62.39,0.0,0.0,0.0,0.0,99.61,0.0,0.0,0.0,0.0,65.13,62.62,61.51,-107,10.0
2026-08-19 11:38:06,Laboratorios Eléctrica Centro,56.44,Group 1 (Common),83.29,58.36,Group 1 (Common),55.9,0.0,0.0,0.0,56.8,83.29,0.0,0.22,0.04,16.28,58.98,56.29,53.0,-119,-2.0
2026-08-19 11:38:58,Laboratorios Eléctrica Superior,54.61,Group 1 (Common),92.19,57.35,Group 1 (Common),54.43,0.0,0.0,0.0,0.0,92.19,5.47,0.17,1.87,0.22,57.75,53.11,50.94,-117,2.2
2026-08-19 11:39:15,Pasillo Decanato Civil,52.96,Group 1 (Common),98.05,56.19,Group 1 (Common),53.78,0.0,0.0,0.0,0.0,98.05,1.56,0.0,0.35,0.0,54.54,53.14,50.58,-101,10.2
2026-08-19 11:39:17,Lobby Civil,65.14,Group 1 (Common),96.53,68.92,Group 1 (Common),64.97,0.0,0.0,0.0,0.0,96.53,0.04,0.0,3.17,0.0,70.11,64.01,61.22,-108,8.8
2026-08-19 11:40:47,Salón - Extremo Eléctrica,60.61,Mixed,59.16,64.13,Group 1 (Common),60.71,57.79,0.0,61.6,0.0,32.25,7.77,0.0,59.16,0.69,65.1,59.71,51.04,-107,9.0
2026-08-19 11:40:56,Salón - Uma Civil,44.9,Silence,0.0,49.92,Silence,0.0,0.0,0.0,0.0,0.0,0.0,0.0,0.0,0.0,0.0,49.82,44.49,41.95,-117,-5.8
2026-08-19 11:41:12,Pasillo Decanato Eléctrica,57.13,Group 1 (Common),98.09,58.21,Group 1 (Common),57.33,0.0,0.0,0.0,0.0,98.09,0.17,0.0,0.13,1.56,57.6,57.0,56.78,-107,10.2
2026-08-19 11:41:22,Laboratorios Civil Central,69.95,Group 1 (Common),73.18,72.94,Group 4 (Person),69.47,0.0,0.0,71.15,0.0,73.18,0.0,0.0,26.69,0.0,74.34,69.04,66.2,-107,11.2
2026-08-19 11:41:26,Laboratorios Eléctrica Inferior,64.91,Group 1 (Common),88.85,67.55,Group 1 (Common),63.99,0.0,0.0,64.59,0.0,88.85,0.0,0.0,10.89,0.0,68.53,64.02,61.34,-120,-4.0
2026-08-19 11:41:42,Laboratorios Civil Inferior,62.73,Group 1 (Common),97.46,65.18,Group 1 (Common),62.82,0.0,0.0,0.0,0.0,97.46,0.2,0.54,0.05,1.61,65.84,61.97,58.14,-119,-4.5
2026-08-19 11:41:42,Lobby Eléctrica,66.2,Group 1 (Common),98.31,68.33,Group 1 (Common),65.26,0.0,0.0,0.0,0.0,98.31,0.0,1.35,0.04,0.0,68.96,64.86,63.17,-113,11.5
2026-08-19 11:42:01,Pasillo Salones Eléctrica,59.19,Group 1 (Common),84.77,63.77,Group 1 (Common),59.83,0.0,0.0,0.0,61.94,84.77,0.0,0.0,2.99,11.98,64.21,57.52,51.92,-94,13.0
2026-08-19 11:42:10,Salón - Uma Eléctrica,64.93,Mixed,54.86,67.13,Group 4 (Person),61.45,0.0,0.0,66.14,0.0,54.86,0.0,0.0,44.84,0.0,66.67,65.89,57.29,-103,10.5
2026-08-19 11:42:25,Salón - Extremo Civil,68.27,Mixed,68.7,70.97,Group 4 (Person),65.69,0.0,0.0,68.8,64.35,22.02,0.0,0.0,68.7,8.98,70.92,66.31,63.46,-89,13.2
2026-08-19 11:42:37,Pasillo Salones Civil,56.0,Mixed,68.27,59.81,Group 4 (Person),56.23,0.0,0.0,59.1,0.0,68.27,0.61,0.04,31.12,0.0,57.19,56.24,53.59,-101,11.5
2026-08-19 11:42:44,Laboratorios Civil Superior,63.65,Group 1 (Common),99.07,64.71,Group 1 (Common),63.4,0.0,0.0,0.0,0.0,99.07,0.0,0.59,0.0,0.0,64.37,63.78,62.25,-113,6.0
2026-08-19 11:43:06,Laboratorios Eléctrica Centro,53.84,Mixed,50.82,57.17,Group 1 (Common),53.83,0.0,53.31,0.0,51.17,50.82,0.04,13.06,0.0,36.11,57.79,52.63,50.28,-103,8.0
2026-08-19 11:43:58,Laboratorios Eléctrica Superior,56.57,Group 1 (Common),92.19,60.62,Group 1 (Common),57.19,0.0,0.0,0.0,0.0,92.19,0.04,7.64,0.0,0.09,61.0,55.95,52.8,-105,12.0
2026-08-19 11:44:15,Pasillo Decanato Civil,51.42,Group 1 (Common),99.46,52.42,Group 1 (Common),51.64,0.0,0.0,0.0,0.0,99.46,0.05,0.15,0.0,0.15,52.15,51.34,50.53,-99,10.0
2026-08-19 11:44:17,Lobby Civil,66.49,Group 1 (Common),98.44,68.4,Group 1 (Common),66.41,0.0,0.0,0.0,0.0,98.44,0.05,0.0,1.46,0.0,68.95,65.99,62.22,-103,9.0
2026-08-19 11:45:47,Salón - Extremo Eléctrica,59.6,Group 4 (Person),89.5,65.03,Group 4 (Person),0.0,43.71,0.0,62.11,0.0,0.69,9.55,0.0,89.5,0.0,65.27,58.8,39.02,-89,10.8
2026-08-19 11:45:56,Salón - Uma Civil,61.66,Group 4 (Person),97.35,63.71,Group 4 (Person),0.0,0.0,0.0,61.75,0.0,0.78,1.74,0.0,97.35,0.0,64.23,61.46,59.13,-117,2.2
2026-08-19 11:46:12,Pasillo Decanato Eléctrica,60.58,Group 1 (Common),80.82,64.44,Group 2 (Impact),61.08,65.02,0.0,0.0,0.0,80.82,17.53,0.0,1.39,0.0,63.58,59.98,57.15,-113,7.0
2026-08-19 11:46:22,Laboratorios Civil Central,73.67,Group 1 (Common),70.01,75.14,Group 1 (Common),73.18,0.0,0.0,73.56,0.0,70.01,0.0,0.0,29.86,0.0,75.3,73.38,71.04,-105,10.5
2026-08-19 11:46:26,Laboratorios Eléctrica Inferior,64.39,Group 1 (Common),78.65,68.62,Group 1 (Common),63.52,0.0,0.0,0.0,0.0,78.65,1.82,0.04,2.13,17.23,70.16,60.72,55.01,-120,0.2
2026-08-19 11:46:42,Laboratorios Civil Inferior,57.32,Group 1 (Common),92.53,59.76,Group 1 (Common),56.22,0.0,0.0,0.0,0.0,92.53,0.0,0.05,0.0,7.32,59.9,56.26,54.0,-119,-6.5
2026-08-19 11:46:42,Lobby Eléctrica,64.04,Group 1 (Common),99.13,65.45,Group 1 (Common),64.38,0.0,0.0,0.0,0.0,99.13,0.0,0.0,0.56,0.0,65.24,64.18,62.25,-99,12.2
2026-08-19 11:47:01,Pasillo Salones Eléctrica,61.46,Mixed,56.51,63.13,Group 4 (Person),58.22,0.0,0.0,62.09,0.0,36.55,3.26,3.3,56.51,0.13,63.75,61.33,54.97,-101,11.5
2026-08-19 11:47:10,Salón - Uma Eléctrica,62.83,Mixed,35.24,66.89,Group 1 (Common),65.21,57.07,0.0,64.52,0.0,33.68,30.9,0.0,35.24,0.0,67.44,62.16,49.61,-108,9.0
2026-08-19 11:47:25,Salón - Extremo Civil,54.43,Mixed,48.96,56.43,Group 4 (Person),0.0,51.98,0.0,56.31,54.71,1.78,35.72,3.73,9.77,48.96,56.72,53.95,49.74,-88,8.8
2026-08-19 11:47:37,Pasillo Salones Civil,57.02,Group 1 (Common),90.76,60.36,Group 1 (Common),57.81,0.0,59.02,0.0,0.0,90.76,0.74,8.2,0.09,0.0,59.19,56.88,55.3,-103,12.8
2026-08-19 11:47:44,Laboratorios Civil Superior,65.78,Group 1 (Common),99.61,67.39,Group 1 (Common),66.28,0.0,0.0,0.0,0.0,99.61,0.0,0.0,0.0,0.0,67.53,65.43,64.04,-111,7.0
2026-08-19 11:48:06,Laboratorios Eléctrica Centro,62.01,Mixed,65.63,65.28,Group 1 (Common),61.77,0.0,0.0,0.0,57.18,65.63,2.13,2.13,2.47,27.56,65.47,60.24,54.42,-102,10.5
2026-08-19 11:48:58,Laboratorios Eléctrica Superior,55.1,Group 1 (Common),74.91,59.69,Group 1 (Common),56.78,51.74,0.0,0.0,0.0,74.91,15.15,0.74,5.82,3.21,59.61,53.46,50.05,-115,3.0
2026-08-19 11:49:15,Pasillo Decanato Civil,56.4,Group 1 (Common),83.01,59.34,Group 1 (Common),56.6,56.89,0.0,0.0,0.0,83.01,7.62,0.0,9.38,0.0,59.43,55.88,53.38,-109,10.2
2026-08-19 11:49:17,Lobby Civil,61.01,Group 1 (Common),99.56,64.21,Group 1 (Common),60.77,0.0,0.0,0.0,0.0,99.56,0.0,0.05,0.1,0.05,65.03,59.17,58.07,-101,11.2
2026-08-19 11:50:47,Salón - Extremo Eléctrica,61.72,Group 4 (Person),80.3,66.67,Group 4 (Person),59.95,0.0,0.0,63.73,0.0,18.97,0.35,0.0,80.3,0.04,65.48,60.96,56.32,-90,11.8
2026-08-19 11:50:56,Salón - Uma Civil,71.41,Group 4 (Person),83.25,74.66,Group 4 (Person),73.3,0.0,0.0,72.06,0.0,16.45,0.04,0.0,83.25,0.0,75.26,70.52,64.82,-103,7.0
2026-08-19 11:51:12,Pasillo Decanato Eléctrica,57.65,Group 1 (Common),95.83,58.28,Group 1 (Common),57.73,0.0,0.0,0.0,0.0,95.83,0.22,0.0,0.48,3.47,58.28,57.68,56.98,-117,2.0
2026-08-19 11:51:22,Laboratorios Civil Central,69.08,Mixed,65.28,72.54,Group 5 (Vehicle),68.98,0.0,0.0,67.74,72.42,65.28,0.04,0.43,16.58,17.62,71.83,68.2,67.08,-109,7.0
2026-08-19 11:51:26,Laboratorios Eléctrica Inferior,69.87,Group 1 (Common),99.61,72.14,Group 1 (Common),70.53,0.0,0.0,0.0,0.0,99.61,0.0,0.0,0.0,0.0,71.98,69.93,64.42,-117,
2026-08-19 11:51:42,Laboratorios Civil Inferior,59.65,Group 1 (Common),99.44,62.36,Group 1 (Common),60.17,0.0,0.0,0.0,0.0,99.44,0.0,0.0,0.0,0.26,62.17,60.28,56.65,-119,-10.0
2026-08-19 11:51:42,Lobby Eléctrica,65.89,Group 1 (Common),80.47,68.51,Group 4 (Person),64.67,0.0,0.0,67.86,0.0,80.47,0.0,1.35,17.97,0.0,69.03,64.84,63.44,-101,13.0
2026-08-19 11:52:01,Pasillo Salones Eléctrica,70.91,Group 1 (Common),99.44,74.75,Group 1 (Common),68.72,0.0,0.0,0.0,0.0,99.44,0.0,0.0,0.3,0.0,74.97,69.68,60.21,-105,11.5
2026-08-19 11:52:10,Salón - Uma Eléctrica,62.53,Group 1 (Common),74.31,66.53,Group 1 (Common),61.14,0.0,0.0,62.13,0.0,74.31,0.04,0.0,25.65,0.0,66.99,59.39,51.23,-105,10.0
2026-08-19 11:52:26,Salón - Extremo Civil,55.43,Mixed,67.8,58.31,Group 4 (Person),54.02,45.95,0.0,56.14,0.0,15.54,15.06,0.0,67.8,1.52,58.69,55.32,44.69,-83,12.2
2026-08-19 11:52:37,Pasillo Salones Civil,56.87,Group 1 (Common),82.12,61.98,Group 1 (Common),58.5,0.0,0.0,57.27,0.0,82.12,0.04,0.22,17.66,0.0,60.56,55.36,53.62,-114,4.5
2026-08-19 11:52:44,Laboratorios Civil Superior,64.82,Group 1 (Common),95.79,66.38,Group 1 (Common),64.96,0.0,0.0,0.0,0.0,95.79,0.22,0.0,3.86,0.0,66.84,65.15,62.37,-105,9.8
2026-08-19 11:53:06,Laboratorios Eléctrica Centro,57.71,Group 1 (Common),90.28,65.47,Group 1 (Common),60.88,0.0,56.69,0.0,0.0,90.28,0.3,8.38,0.87,0.09,60.98,57.09,54.56,-97,11.8
2026-08-19 11:53:58,Laboratorios Eléctrica Superior,53.6,Group 1 (Common),72.31,57.1,Group 5 (Vehicle),53.15,0.0,0.0,0.0,57.15,72.31,5.6,3.69,1.04,17.53,58.2,52.62,47.49,-105,12.0
2026-08-19 11:54:15,Pasillo Decanato Civil,55.14,Group 1 (Common),83.2,57.62,Group 1 (Common),55.43,0.0,0.0,0.0,0.0,83.2,14.8,0.0,1.87,0.0,58.32,54.79,53.54,-109,4.5
2026-08-19 11:54:17,Lobby Civil,63.48,Mixed,57.99,65.88,Group 4 (Person),62.4,0.0,0.0,64.84,0.0,41.93,0.0,0.0,57.99,0.0,65.67,63.16,60.58,-115,7.0
2026-08-19 11:55:52,Salón - Extremo Eléctrica,51.47,Group 1 (Common),96.97,53.18,Group 1 (Common),51.96,0.0,0.0,0.0,0.0,96.97,2.1,0.29,0.49,0.0,52.78,51.58,47.43,-96,11.8
2026-08-19 11:55:56,Salón - Uma Civil,70.31,Mixed,55.99,72.78,Group 4 (Person),67.53,0.0,0.0,71.03,0.0,55.99,0.09,0.0,43.97,0.0,73.94,70.38,51.37,-113,4.0
2026-08-19 11:56:12,Pasillo Decanato Eléctrica,62.74,Group 1 (Common),88.24,64.49,Group 1 (Common),62.2,0.0,0.0,0.0,0.0,88.24,0.95,0.0,0.87,9.9,64.78,61.94,59.84,-109,10.5
2026-08-19 11:56:22,Laboratorios Civil Central,72.19,Group 1 (Common),76.82,73.96,Group 4 (Person),71.92,0.0,0.0,73.41,0.0,76.82,0.0,0.0,22.92,0.0,74.03,72.19,69.97,-119,5.5
2026-08-19 11:56:26,Laboratorios Eléctrica Inferior,72.2,Mixed,38.76,76.47,Group 1 (Common),74.07,0.0,0.0,71.11,59.61,38.76,0.04,0.04,37.67,23.35,75.84,71.73,57.77,-115,-4.0
2026-08-19 11:56:42,Laboratorios Civil Inferior,61.87,Group 1 (Common),99.39,64.64,Group 1 (Common),61.53,0.0,0.0,0.0,0.0,99.39,0.0,0.04,0.09,0.3,64.37,60.99,57.2,-121,-14.2
2026-08-19 11:56:42,Lobby Eléctrica,64.54,Group 1 (Common),99.61,66.43,Group 1 (Common),64.57,0.0,0.0,0.0,0.0,99.61,0.0,0.04,0.0,0.0,66.25,64.5,61.17,-103,6.5
2026-08-19 11:57:01,Pasillo Salones Eléctrica,63.52,Group 1 (Common),78.69,65.69,Group 1 (Common),63.1,0.0,0.0,0.0,65.24,78.69,0.09,0.0,0.13,20.96,66.05,63.16,59.54,-115,-7.8
2026-08-19 11:57:11,Salón - Uma Eléctrica,56.93,Group 1 (Common),74.96,60.43,Group 4 (Person),57.27,0.0,0.0,59.64,0.0,74.96,0.04,0.0,24.91,0.0,60.85,56.18,49.91,-117,6.2
2026-08-19 11:57:25,Salón - Extremo Civil,40.26,Silence,0.0,42.72,Silence,0.0,0.0,0.0,0.0,0.0,0.0,0.0,0.0,0.0,0.0,41.98,40.21,36.99,-82,12.0
2026-08-19 11:57:44,Laboratorios Civil Superior,62.77,Group 1 (Common),76.95,65.15,Group 1 (Common),62.99,0.0,0.0,61.58,0.0,76.95,0.09,0.0,22.74,0.0,64.93,62.48,59.7,-107,6.0
2026-08-19 11:58:06,Laboratorios Eléctrica Centro,66.42,Group 1 (Common),79.74,68.64,Group 1 (Common),66.81,0.0,0.0,0.0,68.12,79.74,0.0,0.0,5.96,14.36,69.86,65.29,64.18,-120,-1.2
2026-08-19 11:58:58,Laboratorios Eléctrica Superior,66.08,Group 1 (Common),99.52,69.82,Group 1 (Common),66.86,0.0,0.0,0.0,0.0,99.52,0.0,0.0,0.17,0.0,68.56,66.17,62.74,-102,7.5
2026-08-19 11:59:15,Pasillo Decanato Civil,51.79,Group 1 (Common),93.88,52.3,Group 1 (Common),51.69,0.0,0.0,0.0,0.0,93.88,0.04,5.73,0.0,0.09,52.24,51.7,51.37,-117,1.5
2026-08-19 11:59:17,Lobby Civil,67.64,Group 1 (Common),99.31,69.93,Group 1 (Common),68.42,0.0,0.0,0.0,0.0,99.31,0.09,0.0,0.13,0.22,69.8,68.22,62.11,-85,12.5
2026-08-19 12:00:47,Salón - Extremo Eléctrica,65.04,Group 4 (Person),99.61,69.29,Group 4 (Person),0.0,0.0,0.0,65.22,0.0,0.0,0.0,0.0,99.61,0.0,69.7,63.35,54.74,-93,13.0
2026-08-19 12:00:56,Salón - Uma Civil,75.51,Mixed,50.95,78.12,Group 4 (Person),73.97,67.19,0.0,76.35,0.0,43.62,5.21,0.0,50.95,0.0,78.69,75.73,66.59,-119,-5.8
2026-08-19 12:01:12,Pasillo Decanato Eléctrica,61.02,Group 1 (Common),90.97,67.38,Group 1 (Common),63.06,0.0,0.0,0.0,0.0,90.97,0.09,0.0,8.64,0.22,64.1,59.93,57.81,-114,3.2
2026-08-19 12:01:22,Laboratorios Civil Central,75.02,Group 1 (Common),99.35,75.97,Group 1 (Common),74.71,0.0,0.0,0.0,0.0,99.35,0.0,0.0,0.48,0.0,76.67,74.57,73.43,-105,10.5
2026-08-19 12:01:26,Laboratorios Eléctrica Inferior,60.64,Group 1 (Common),99.56,62.29,Group 1 (Common),60.78,0.0,0.0,0.0,0.0,99.56,0.0,0.05,0.0,0.1,61.62,61.05,58.25,-111,2.2
2026-08-19 12:01:42,Laboratorios Civil Inferior,80.46,Group 3 (Rotary Tool),78.13,85.48,Group 3 (Rotary Tool),0.0,64.28,82.42,0.0,59.79,2.95,5.3,78.13,0.52,13.02,85.59,73.63,57.93,-119,-11.0
2026-08-19 12:01:42,Lobby Eléctrica,68.77,Group 1 (Common),99.51,70.97,Group 1 (Common),68.62,0.0,0.0,0.0,0.0,99.51,0.0,0.0,0.29,0.0,71.82,67.89,66.87,-115,-6.0
2026-08-19 12:02:01,Pasillo Salones Eléctrica,53.62,Mixed,47.74,57.4,Group 2 (Impact),53.4,56.64,0.0,0.0,0.0,47.74,37.63,5.21,9.55,0.0,56.71,53.49,48.0,-96,6.5
2026-08-19 12:02:10,Salón - Uma Eléctrica,58.22,Group 4 (Person),79.69,62.17,Group 4 (Person),57.77,55.87,0.0,58.28,0.0,14.21,5.81,0.24,79.69,0.1,63.27,56.12,51.03,-119,-10.8
2026-08-19 12:02:26,Salón - Extremo Civil,72.1,Group 1 (Common),89.02,76.05,Group 4 (Person),72.57,0.0,0.0,76.56,0.0,89.02,0.0,0.0,10.68,0.0,74.59,72.08,63.65,-103,10.8
2026-08-19 12:02:37,Pasillo Salones Civil,76.25,Group 1 (Common),72.85,77.95,Group 1 (Common),76.53,0.0,0.0,74.88,0.0,72.85,0.0,0.0,27.0,0.0,77.69,75.18,73.46,-111,2.2
2026-08-19 12:02:45,Laboratorios Civil Superior,64.39,Group 1 (Common),99.44,67.15,Group 1 (Common),64.88,0.0,0.0,0.0,0.0,99.44,0.0,0.0,0.0,0.22,65.94,64.6,62.14,-107,9.5
2026-08-19 12:03:06,Laboratorios Eléctrica Centro,67.15,Group 1 (Common),87.26,70.66,Group 4 (Person),63.76,0.0,0.0,68.76,0.0,87.26,0.0,0.0,12.6,0.0,71.23,65.34,60.01,-97,12.0
2026-08-19 12:03:58,Laboratorios Eléctrica Superior,61.91,Group 1 (Common),91.23,65.78,Group 4 (Person),61.66,0.0,0.0,64.19,0.0,91.23,0.09,0.0,8.55,0.0,66.4,61.19,59.2,-107,10.8
2026-08-19 12:04:15,Pasillo Decanato Civil,55.25,Group 1 (Common),85.16,60.06,Group 2 (Impact),55.27,60.18,0.0,0.0,0.0,85.16,4.99,0.65,1.56,7.51,56.36,55.27,53.64,-97,11.5
2026-08-19 12:04:17,Lobby Civil,70.8,Group 1 (Common),99.09,72.73,Group 1 (Common),70.95,0.0,0.0,0.0,0.0,99.09,0.0,0.0,0.65,0.0,73.1,69.7,67.79,-113,3.8
2026-08-19 12:05:47,Salón - Extremo Eléctrica,46.54,Group 1 (Common),82.42,50.31,Group 1 (Common),45.77,45.01,0.0,0.0,0.0,82.42,12.63,0.87,1.43,2.65,51.93,45.6,42.38,-95,13.0
2026-08-19 12:05:56,Salón - Uma Civil,49.57,Group 1 (Common),82.73,51.6,Group 1 (Common),49.99,0.0,0.0,0.0,0.0,82.73,1.69,4.21,4.38,6.99,51.64,49.25,46.92,-111,4.2
