time,deviceName,Lmax_dB,Lmax_class,LAeq1min_dB,LAeq_Background Noise,LAeq_People,LAeq_Vehicle,pct_Background Noise,pct_People,pct_Vehicle,P10_dB,P50_dB,P90_dB,rssi,snr
2026-03-16 00:01:51,Main Lobby (E),59.6,Background Noise,43.3,43.3,46.2,0.0,98.9,1.1,0.0,40.1,40.3,41.0,-95,13.5
2026-03-16 00:02:08,Pasillo de Salones (E),56.4,Background Noise,50.0,50.0,49.5,0.0,99.6,0.4,0.0,40.3,50.6,52.4,-88,13.8
2026-03-16 00:02:11,Pasillo Administrativo (E),34.8,Background Noise,30.8,30.8,0.0,0.0,100.0,0.0,0.0,28.4,30.4,32.6,-105,8.8
2026-03-16 00:02:17,Salón - Uma (E),64.6,Background Noise,56.0,56.0,56.3,0.0,97.3,2.7,0.0,53.0,55.6,58.1,-91,10.0
2026-03-16 00:02:19,Pasillo de Laboratorio (E),59.8,Background Noise,54.8,54.8,54.9,0.0,72.2,27.8,0.0,52.3,54.6,56.5,-100,10.3
2026-03-16 00:02:47,Salón - Extremo (E),52.1,Background Noise,46.8,46.8,0.0,0.0,100.0,0.0,0.0,40.1,40.7,50.8,-84,10.3
2026-03-16 00:06:51,Main Lobby (E),50.8,Background Noise,45.0,45.0,40.3,0.0,99.8,0.2,0.0,40.0,40.4,50.4,-95,13.0
2026-03-16 00:07:08,Pasillo de Salones (E),55.0,Background Noise,50.0,50.0,50.9,0.0,99.7,0.3,0.0,40.3,50.6,52.5,-86,14.0
2026-03-16 00:07:12,Pasillo Administrativo (E),35.7,Background Noise,30.7,30.7,0.0,0.0,100.0,0.0,0.0,28.4,30.3,32.5,-107,7.8
2026-03-16 00:07:17,Salón - Uma (E),60.8,Background Noise,56.0,56.0,55.8,0.0,96.9,3.1,0.0,53.2,55.6,58.1,-95,13.3
2026-03-16 00:07:19,Pasillo de Laboratorio (E),59.2,People,54.8,54.7,54.8,0.0,71.4,28.6,0.0,52.4,54.5,56.4,-100,12.3
2026-03-16 00:07:47,Salón - Extremo (E),52.6,Background Noise,45.8,45.8,0.0,0.0,100.0,0.0,0.0,40.1,40.4,50.4,-86,13.8
2026-03-16 00:11:51,Main Lobby (E),50.6,Background Noise,42.8,42.8,0.0,0.0,100.0,0.0,0.0,40.1,40.5,41.0,-94,13.8
2026-03-16 00:12:08,Pasillo de Salones (E),55.0,Background Noise,49.9,49.9,48.7,0.0,99.7,0.3,0.0,40.3,50.6,52.3,-86,14.0
2026-03-16 00:12:12,Pasillo Administrativo (E),34.6,Background Noise,30.8,30.8,0.0,0.0,100.0,0.0,0.0,28.4,30.5,32.6,-108,8.0
2026-03-16 00:12:17,Salón - Uma (E),64.0,Background Noise,56.0,56.0,55.8,0.0,97.0,3.0,0.0,53.2,55.5,58.0,-93,13.3
2026-03-16 00:12:19,Pasillo de Laboratorio (E),58.2,Background Noise,54.8,54.8,54.7,0.0,72.9,27.1,0.0,52.4,54.6,56.6,-100,12.0
2026-03-16 00:12:48,Salón - Extremo (E),51.7,Background Noise,43.1,43.1,0.0,0.0,100.0,0.0,0.0,40.0,40.3,41.0,-84,13.8
2026-03-16 00:16:51,Main Lobby (E),58.5,People,44.7,43.1,48.9,0.0,84.9,15.1,0.0,40.1,40.4,50.1,-96,12.0
2026-03-16 00:17:08,Pasillo de Salones (E),54.9,Background Noise,49.9,49.9,47.2,0.0,99.6,0.4,0.0,40.3,50.5,52.2,-88,11.0
2026-03-16 00:17:12,Pasillo Administrativo (E),35.2,Background Noise,30.6,30.6,0.0,0.0,100.0,0.0,0.0,28.3,30.3,32.3,-105,8.5
2026-03-16 00:17:17,Salón - Uma (E),61.5,Background Noise,55.9,55.9,55.7,0.0,96.2,3.7,0.0,53.2,55.5,57.9,-92,13.8
2026-03-16 00:17:19,Pasillo de Laboratorio (E),59.0,Background Noise,54.8,54.8,54.7,0.0,70.5,29.5,0.0,52.3,54.6,56.6,-100,9.5
2026-03-16 00:17:48,Salón - Extremo (E),51.5,Background Noise,43.7,43.7,0.0,0.0,100.0,0.0,0.0,40.1,40.5,50.1,-86,14.0
2026-03-16 00:21:51,Main Lobby (E),64.6,People,50.2,46.2,53.3,51.9,62.8,37.0,0.2,40.1,40.8,53.7,-96,12.5
2026-03-16 00:22:08,Pasillo de Salones (E),64.5,Background Noise,50.3,50.3,53.1,0.0,97.8,2.2,0.0,40.3,50.6,52.6,-87,13.5
2026-03-16 00:22:12,Pasillo Administrativo (E),52.6,Background Noise,31.3,31.3,0.0,0.0,100.0,0.0,0.0,28.4,30.5,32.6,-107,8.3
2026-03-16 00:22:17,Salón - Uma (E),63.8,Background Noise,56.0,56.0,56.4,0.0,96.7,3.2,0.0,53.4,55.6,58.0,-95,11.5
2026-03-16 00:22:19,Pasillo de Laboratorio (E),58.9,Background Noise,54.8,54.8,54.7,0.0,72.3,27.7,0.0,52.5,54.5,56.6,-99,12.0
2026-03-16 00:22:48,Salón - Extremo (E),70.8,Background Noise,48.7,48.2,52.4,60.5,93.7,6.2,0.1,40.1,40.6,50.7,-85,9.8
2026-03-16 00:26:51,Main Lobby (E),58.0,People,45.4,45.2,47.4,0.0,90.8,9.2,0.0,40.1,40.6,50.4,-95,11.0
2026-03-16 00:27:09,Pasillo de Salones (E),69.8,People,51.5,49.9,58.6,0.0,93.0,7.0,0.0,40.3,50.6,52.9,-87,13.5
2026-03-16 00:27:12,Pasillo Administrativo (E),34.5,Background Noise,30.7,30.7,0.0,0.0,100.0,0.0,0.0,28.4,30.5,32.5,-106,9.0
2026-03-16 00:27:17,Salón - Uma (E),63.3,Background Noise,56.0,56.0,56.0,0.0,93.8,6.2,0.0,53.2,55.6,57.9,-95,13.0
2026-03-16 00:27:19,Pasillo de Laboratorio (E),58.7,Background Noise,54.8,54.8,54.8,0.0,67.6,32.4,0.0,52.4,54.6,56.6,-100,11.8
2026-03-16 00:27:48,Salón - Extremo (E),67.0,Background Noise,45.7,45.8,40.5,41.0,99.5,0.4,0.1,40.1,40.3,50.3,-84,13.3
2026-03-16 00:31:51,Main Lobby (E),51.4,Background Noise,43.7,43.7,46.0,40.9,99.0,0.9,0.1,40.1,40.4,50.1,-95,13.0
2026-03-16 00:32:09,Pasillo de Salones (E),55.5,Background Noise,49.7,49.7,47.4,0.0,99.4,0.6,0.0,40.3,50.4,52.2,-88,13.8
2026-03-16 00:32:12,Pasillo Administrativo (E),35.5,Background Noise,30.8,30.8,0.0,0.0,100.0,0.0,0.0,28.6,30.5,32.4,-105,9.5
2026-03-16 00:32:17,Salón - Uma (E),63.8,Background Noise,55.9,55.9,55.8,0.0,97.3,2.7,0.0,53.3,55.5,58.0,-95,13.3
2026-03-16 00:32:20,Pasillo de Laboratorio (E),58.7,People,54.8,54.8,54.8,0.0,72.2,27.8,0.0,52.3,54.6,56.6,-99,11.3
2026-03-16 00:32:48,Salón - Extremo (E),52.0,Background Noise,45.3,45.3,0.0,0.0,100.0,0.0,0.0,40.1,40.6,50.3,-84,13.5
2026-03-16 00:36:52,Main Lobby (E),51.3,Background Noise,43.2,43.2,0.0,0.0,100.0,0.0,0.0,40.0,40.4,50.0,-96,12.8
2026-03-16 00:37:09,Pasillo de Salones (E),56.1,Background Noise,49.8,49.8,50.1,0.0,99.2,0.8,0.0,40.3,50.4,52.2,-88,14.3
2026-03-16 00:37:12,Pasillo Administrativo (E),35.3,Background Noise,30.7,30.7,0.0,0.0,100.0,0.0,0.0,28.3,30.4,32.4,-105,9.3
2026-03-16 00:37:17,Salón - Uma (E),63.2,Background Noise,56.0,56.0,55.1,0.0,97.9,2.1,0.0,53.3,55.6,57.9,-93,13.3
2026-03-16 00:37:20,Pasillo de Laboratorio (E),58.7,People,54.9,54.8,54.9,0.0,74.1,25.9,0.0,52.3,54.6,56.7,-99,11.8
2026-03-16 00:37:48,Salón - Extremo (E),68.6,People,44.8,43.1,60.7,59.9,99.2,0.7,0.1,40.1,40.3,50.0,-85,13.5
2026-03-16 00:41:52,Main Lobby (E),51.7,People,41.8,41.6,48.0,0.0,98.2,1.8,0.0,40.0,40.2,40.7,-94,13.8
2026-03-16 00:42:09,Pasillo de Salones (E),54.9,Background Noise,49.9,49.9,49.4,0.0,99.6,0.4,0.0,40.3,50.6,52.3,-86,13.8
2026-03-16 00:42:12,Pasillo Administrativo (E),34.9,Background Noise,30.6,30.6,0.0,0.0,100.0,0.0,0.0,28.2,30.3,32.3,-106,8.8
2026-03-16 00:42:18,Salón - Uma (E),61.5,Background Noise,56.0,56.0,56.1,0.0,97.3,2.7,0.0,53.3,55.6,57.8,-97,12.8
2026-03-16 00:42:20,Pasillo de Laboratorio (E),58.9,Background Noise,54.8,54.7,54.8,0.0,71.2,28.8,0.0,52.3,54.5,56.5,-100,11.8
2026-03-16 00:42:48,Salón - Extremo (E),52.4,Background Noise,43.9,43.9,48.5,0.0,99.7,0.3,0.0,40.0,40.5,50.1,-84,13.0
2026-03-16 00:46:52,Main Lobby (E),53.1,Background Noise,51.2,51.2,51.4,0.0,87.3,12.7,0.0,50.2,51.2,52.3,-85,13.0
2026-03-16 00:47:09,Pasillo de Salones (E),55.2,Background Noise,49.8,49.8,49.5,0.0,99.5,0.5,0.0,40.3,50.4,52.2,-77,9.0
2026-03-16 00:47:13,Pasillo Administrativo (E),35.4,Background Noise,30.5,30.5,0.0,0.0,100.0,0.0,0.0,28.1,30.2,32.3,-105,9.3
2026-03-16 00:47:18,Salón - Uma (E),63.4,Background Noise,55.9,55.9,55.5,0.0,97.0,3.0,0.0,53.2,55.5,57.9,-95,13.3
2026-03-16 00:47:20,Pasillo de Laboratorio (E),58.4,Background Noise,54.7,54.8,54.7,0.0,74.8,25.2,0.0,52.4,54.6,56.4,-89,13.3
2026-03-16 00:47:48,Salón - Extremo (E),65.9,People,47.1,46.7,58.8,0.0,99.4,0.6,0.0,40.2,40.7,51.0,-74,13.8
2026-03-16 00:51:52,Main Lobby (E),54.1,Background Noise,48.4,48.4,50.7,0.0,98.7,1.3,0.0,40.1,41.0,51.8,-85,14.0
2026-03-16 00:52:09,Pasillo de Salones (E),54.4,Background Noise,49.8,49.8,52.3,0.0,99.8,0.2,0.0,40.3,50.5,52.2,-76,14.0
2026-03-16 00:52:13,Pasillo Administrativo (E),36.0,Background Noise,30.7,30.7,0.0,0.0,100.0,0.0,0.0,28.3,30.4,32.4,-107,8.0
2026-03-16 00:52:18,Salón - Uma (E),61.3,Background Noise,56.0,56.0,55.9,0.0,97.6,2.4,0.0,53.1,55.6,58.0,-99,11.8
2026-03-16 00:52:20,Pasillo de Laboratorio (E),59.1,Background Noise,54.7,54.8,54.6,0.0,75.7,24.3,0.0,52.2,54.5,56.5,-89,14.0
2026-03-16 00:52:49,Salón - Extremo (E),64.1,People,45.8,45.5,59.9,0.0,99.8,0.3,0.0,40.2,40.6,51.2,-73,14.0
2026-03-16 00:56:52,Main Lobby (E),57.7,Background Noise,44.1,44.1,40.1,0.0,99.9,0.1,0.0,40.0,40.3,50.2,-85,14.3
2026-03-16 00:57:09,Pasillo de Salones (E),54.5,Background Noise,49.6,49.6,50.4,0.0,99.5,0.5,0.0,40.3,50.4,52.2,-76,14.3
2026-03-16 00:57:13,Pasillo Administrativo (E),53.2,Background Noise,31.2,31.2,0.0,0.0,100.0,0.0,0.0,28.2,30.3,32.4,-108,7.3
2026-03-16 00:57:18,Salón - Uma (E),62.8,Background Noise,56.0,56.0,55.5,0.0,97.5,2.5,0.0,53.3,55.5,57.9,-95,11.8
2026-03-16 00:57:20,Pasillo de Laboratorio (E),59.6,Background Noise,54.8,54.8,54.8,0.0,74.6,25.4,0.0,52.3,54.5,56.6,-89,12.8
2026-03-16 00:57:49,Salón - Extremo (E),59.8,Background Noise,46.8,46.8,0.0,0.0,100.0,0.0,0.0,40.0,40.5,50.4,-75,13.3
2026-03-16 01:01:52,Main Lobby (E),51.0,Background Noise,46.6,46.6,45.3,0.0,99.7,0.3,0.0,40.0,40.4,50.7,-85,14.3
2026-03-16 01:02:09,Pasillo de Salones (E),55.9,Background Noise,49.8,49.8,49.4,0.0,99.5,0.5,0.0,40.3,50.5,52.2,-76,14.3
2026-03-16 01:02:13,Pasillo Administrativo (E),34.8,Background Noise,30.7,30.7,0.0,0.0,100.0,0.0,0.0,28.2,30.4,32.5,-108,6.3
2026-03-16 01:02:18,Salón - Uma (E),61.2,Background Noise,56.0,56.0,56.0,0.0,98.3,1.7,0.0,53.2,55.6,58.0,-96,13.5
2026-03-16 01:02:20,Pasillo de Laboratorio (E),58.3,Background Noise,54.7,54.7,54.5,0.0,72.3,27.7,0.0,52.1,54.5,56.4,-89,13.5
2026-03-16 01:02:49,Salón - Extremo (E),62.1,People,47.1,46.9,57.0,51.2,99.2,0.6,0.2,40.1,40.6,50.8,-74,11.8
2026-03-16 01:06:52,Main Lobby (E),53.7,Background Noise,44.4,44.4,0.0,0.0,100.0,0.0,0.0,40.1,40.4,50.3,-85,13.5
2026-03-16 01:07:10,Pasillo de Salones (E),55.0,Background Noise,49.6,49.6,48.4,0.0,99.5,0.5,0.0,40.3,50.4,52.1,-77,14.0
2026-03-16 01:07:13,Pasillo Administrativo (E),35.9,Background Noise,30.7,30.7,0.0,0.0,100.0,0.0,0.0,28.4,30.4,32.4,-94,13.8
2026-03-16 01:07:18,Salón - Uma (E),62.6,Background Noise,56.0,56.0,55.9,51.5,98.0,1.9,0.1,53.3,55.5,58.0,-94,13.0
2026-03-16 01:07:20,Pasillo de Laboratorio (E),60.0,Background Noise,54.8,54.8,54.7,0.0,77.6,22.4,0.0,52.3,54.5,56.5,-89,13.8
2026-03-16 01:07:49,Salón - Extremo (E),57.2,Background Noise,46.1,46.1,51.3,0.0,99.5,0.5,0.0,40.0,40.3,51.1,-76,14.0
2026-03-16 01:11:52,Main Lobby (E),56.9,Background Noise,42.4,42.4,40.3,0.0,98.5,1.5,0.0,40.1,40.4,41.0,-95,11.8
2026-03-16 01:12:10,Pasillo de Salones (E),56.3,Background Noise,49.8,49.8,49.4,0.0,99.6,0.4,0.0,40.3,50.5,52.3,-86,13.8
2026-03-16 01:12:13,Pasillo Administrativo (E),53.1,Background Noise,31.2,31.2,0.0,0.0,100.0,0.0,0.0,28.4,30.4,32.4,-95,13.3
2026-03-16 01:12:18,Salón - Uma (E),64.4,Background Noise,56.0,56.0,55.7,0.0,97.9,2.1,0.0,53.3,55.6,57.8,-97,13.0
2026-03-16 01:12:21,Pasillo de Laboratorio (E),59.4,People,54.7,54.7,54.8,0.0,71.6,28.4,0.0,52.1,54.5,56.4,-100,9.8
2026-03-16 01:12:49,Salón - Extremo (E),62.7,People,46.7,46.5,54.9,40.8,99.2,0.7,0.1,40.0,40.7,50.7,-85,14.0
2026-03-16 01:16:53,Main Lobby (E),51.0,People,43.8,43.7,48.0,0.0,99.7,0.3,0.0,40.0,40.5,50.2,-94,12.8
2026-03-16 01:17:10,Pasillo de Salones (E),55.3,Background Noise,49.7,49.7,47.2,0.0,99.5,0.5,0.0,40.3,50.5,52.2,-87,13.3
2026-03-16 01:17:13,Pasillo Administrativo (E),36.4,Background Noise,30.6,30.6,0.0,0.0,100.0,0.0,0.0,28.2,30.3,32.4,-98,13.3
2026-03-16 01:17:18,Salón - Uma (E),61.0,Background Noise,56.0,56.0,55.4,0.0,97.4,2.6,0.0,53.3,55.6,58.0,-93,13.3
2026-03-16 01:17:21,Pasillo de Laboratorio (E),58.8,People,54.8,54.8,54.7,0.0,70.8,29.2,0.0,52.2,54.5,56.6,-100,11.5
2026-03-16 01:17:49,Salón - Extremo (E),51.2,Background Noise,45.5,45.5,0.0,0.0,100.0,0.0,0.0,40.1,40.4,50.8,-84,13.3
2026-03-16 01:21:53,Main Lobby (E),50.3,Background Noise,40.5,40.5,40.2,0.0,97.6,2.4,0.0,40.1,40.2,40.6,-95,13.3
2026-03-16 01:22:10,Pasillo de Salones (E),54.7,Background Noise,49.7,49.7,49.3,0.0,99.4,0.6,0.0,40.3,50.5,52.2,-88,14.3
2026-03-16 01:22:13,Pasillo Administrativo (E),52.1,Background Noise,31.1,31.1,0.0,0.0,100.0,0.0,0.0,28.2,30.3,32.4,-97,12.8
2026-03-16 01:22:19,Salón - Uma (E),65.2,Background Noise,55.9,55.9,55.4,0.0,96.6,3.4,0.0,53.2,55.5,57.9,-94,13.0
2026-03-16 01:22:21,Pasillo de Laboratorio (E),59.2,People,54.9,54.8,55.0,0.0,71.0,29.0,0.0,52.4,54.6,56.7,-100,12.3
2026-03-16 01:22:49,Salón - Extremo (E),52.9,Background Noise,43.4,43.3,48.6,0.0,99.8,0.2,0.0,40.1,40.5,50.0,-85,13.5
2026-03-16 01:26:53,Main Lobby (E),50.5,Background Noise,41.2,41.2,40.4,0.0,99.0,1.0,0.0,40.1,40.4,40.9,-97,12.5
2026-03-16 01:27:10,Pasillo de Salones (E),55.3,Background Noise,49.7,49.7,48.4,0.0,99.1,0.9,0.0,40.3,50.5,52.3,-87,13.8
2026-03-16 01:27:14,Pasillo Administrativo (E),34.8,Background Noise,30.8,30.8,0.0,0.0,100.0,0.0,0.0,28.3,30.5,32.6,-95,13.8
2026-03-16 01:27:19,Salón - Uma (E),62.0,Background Noise,56.0,56.0,56.3,0.0,98.1,1.9,0.0,53.2,55.6,58.0,-95,13.3
2026-03-16 01:27:21,Pasillo de Laboratorio (E),59.1,People,54.8,54.8,54.8,0.0,73.5,26.5,0.0,52.4,54.5,56.6,-99,12.0
2026-03-16 01:27:50,Salón - Extremo (E),60.2,People,44.5,44.4,54.7,0.0,99.6,0.4,0.0,40.1,40.4,50.6,-85,12.8
2026-03-16 01:31:53,Main Lobby (E),72.3,People,46.1,41.6,61.1,40.8,97.8,2.1,0.1,40.0,40.5,40.7,-96,12.8
2026-03-16 01:32:10,Pasillo de Salones (E),67.2,People,50.3,49.9,56.4,54.7,97.6,2.3,0.1,40.3,50.5,52.4,-88,12.0
2026-03-16 01:32:14,Pasillo Administrativo (E),53.4,Background Noise,31.3,31.3,0.0,0.0,100.0,0.0,0.0,28.2,30.3,32.5,-106,8.3
2026-03-16 01:32:19,Salón - Uma (E),64.9,Background Noise,56.2,56.2,56.9,0.0,97.3,2.7,0.0,53.5,55.7,58.1,-94,13.3
2026-03-16 01:32:21,Pasillo de Laboratorio (E),58.4,Background Noise,54.7,54.7,54.8,0.0,76.9,23.1,0.0,52.5,54.5,56.4,-100,12.0
2026-03-16 01:32:50,Salón - Extremo (E),67.0,Background Noise,45.1,45.1,51.8,0.0,99.9,0.1,0.0,40.1,40.5,50.6,-84,14.0
2026-03-16 01:36:53,Main Lobby (E),60.3,People,43.6,42.6,49.9,0.0,94.3,5.7,0.0,40.2,40.3,40.8,-96,12.8
2026-03-16 01:37:10,Pasillo de Salones (E),54.8,Background Noise,49.9,49.9,49.4,0.0,99.2,0.8,0.0,40.4,50.5,52.4,-86,13.8
2026-03-16 01:37:14,Pasillo Administrativo (E),35.0,Background Noise,30.7,30.7,0.0,0.0,100.0,0.0,0.0,28.3,30.3,32.5,-105,9.5
2026-03-16 01:37:19,Salón - Uma (E),61.1,Background Noise,55.9,55.9,56.5,0.0,98.0,2.0,0.0,53.3,55.5,57.8,-94,11.3
2026-03-16 01:37:21,Pasillo de Laboratorio (E),59.1,Background Noise,54.8,54.8,54.7,0.0,74.5,25.5,0.0,52.3,54.6,56.5,-99,12.0
2026-03-16 01:37:50,Salón - Extremo (E),51.5,Background Noise,45.9,45.9,0.0,0.0,100.0,0.0,0.0,40.1,40.6,50.5,-87,13.8
2026-03-16 01:41:53,Main Lobby (E),59.7,People,48.2,44.3,50.1,0.0,48.7,51.3,0.0,40.1,40.7,52.3,-94,11.8
2026-03-16 01:42:10,Pasillo de Salones (E),54.8,Background Noise,49.7,49.7,49.5,0.0,99.8,0.3,0.0,40.3,50.5,52.3,-87,13.8
2026-03-16 01:42:14,Pasillo Administrativo (E),34.8,Background Noise,30.7,30.7,0.0,0.0,100.0,0.0,0.0,28.3,30.4,32.5,-108,6.0
2026-03-16 01:42:19,Salón - Uma (E),61.1,Background Noise,56.0,56.0,55.2,0.0,96.9,3.1,0.0,53.1,55.6,58.2,-95,13.5
2026-03-16 01:42:23,Pasillo de Laboratorio (E),58.7,People,54.8,54.9,54.6,0.0,71.0,29.0,0.0,52.2,54.6,56.6,-100,11.8
2026-03-16 01:42:50,Salón - Extremo (E),51.5,Background Noise,44.6,44.6,0.0,0.0,100.0,0.0,0.0,40.0,40.4,50.1,-84,13.3
2026-03-16 01:46:53,Main Lobby (E),62.3,People,48.1,45.2,49.8,0.0,49.7,50.3,0.0,40.1,40.7,51.6,-94,13.5
2026-03-16 01:47:11,Pasillo de Salones (E),54.6,Background Noise,49.8,49.8,49.3,0.0,99.5,0.5,0.0,40.4,50.5,52.3,-88,14.3
2026-03-16 01:47:14,Pasillo Administrativo (E),36.8,Background Noise,30.8,30.8,0.0,0.0,100.0,0.0,0.0,28.3,30.5,32.7,-105,9.0
2026-03-16 01:47:19,Salón - Uma (E),61.2,Background Noise,56.1,56.1,56.3,0.0,96.3,3.7,0.0,53.3,55.8,58.0,-92,13.5
2026-03-16 01:47:21,Pasillo de Laboratorio (E),58.6,Background Noise,54.7,54.7,54.8,0.0,69.7,30.3,0.0,52.3,54.5,56.6,-100,12.0
2026-03-16 01:47:50,Salón - Extremo (E),53.6,Background Noise,44.9,44.9,0.0,0.0,100.0,0.0,0.0,40.1,40.5,50.7,-85,13.0
2026-03-16 01:51:53,Main Lobby (E),58.3,Background Noise,44.7,44.2,46.7,40.2,85.3,14.6,0.1,40.1,40.3,50.3,-96,12.8
2026-03-16 01:52:11,Pasillo de Salones (E),55.1,Background Noise,49.8,49.8,51.5,0.0,99.6,0.4,0.0,40.3,50.5,52.3,-86,13.3
2026-03-16 01:52:14,Pasillo Administrativo (E),35.2,Background Noise,30.6,30.6,0.0,0.0,100.0,0.0,0.0,28.3,30.3,32.4,-105,9.3
2026-03-16 01:52:19,Salón - Uma (E),62.8,Background Noise,56.0,56.0,55.2,0.0,97.6,2.4,0.0,53.2,55.5,57.9,-93,13.5
2026-03-16 01:52:22,Pasillo de Laboratorio (E),58.9,People,54.8,54.8,54.8,0.0,70.3,29.7,0.0,52.2,54.6,56.5,-100,12.0
2026-03-16 01:52:50,Salón - Extremo (E),51.2,Background Noise,44.6,44.6,0.0,0.0,100.0,0.0,0.0,40.1,40.4,50.0,-84,13.5
2026-03-16 01:56:54,Main Lobby (E),56.4,People,44.5,44.1,50.6,0.0,97.1,2.9,0.0,40.2,40.3,50.6,-96,12.8
2026-03-16 01:57:11,Pasillo de Salones (E),55.2,Background Noise,49.9,49.9,51.0,0.0,99.5,0.5,0.0,40.3,50.5,52.5,-87,13.8
2026-03-16 01:57:14,Pasillo Administrativo (E),35.7,Background Noise,30.6,30.6,0.0,0.0,100.0,0.0,0.0,28.3,30.3,32.3,-104,10.0
2026-03-16 01:57:19,Salón - Uma (E),62.2,Background Noise,56.1,56.1,55.5,0.0,97.8,2.2,0.0,53.3,55.6,58.0,-93,13.3
2026-03-16 01:57:22,Pasillo de Laboratorio (E),59.2,People,54.7,54.7,54.7,0.0,69.8,30.2,0.0,52.3,54.5,56.6,-100,10.3
2026-03-16 01:57:50,Salón - Extremo (E),51.9,Background Noise,45.6,45.6,0.0,0.0,100.0,0.0,0.0,40.1,40.6,51.0,-84,14.0
2026-03-16 02:01:54,Main Lobby (E),54.3,Background Noise,43.8,43.6,46.6,0.0,95.5,4.5,0.0,40.1,40.4,50.1,-96,9.3
2026-03-16 02:02:11,Pasillo de Salones (E),55.9,Background Noise,49.8,49.9,48.8,0.0,99.2,0.8,0.0,40.3,50.5,52.3,-86,13.5
2026-03-16 02:02:14,Pasillo Administrativo (E),34.9,Background Noise,30.8,30.8,0.0,0.0,100.0,0.0,0.0,28.4,30.5,32.6,-106,8.8
2026-03-16 02:02:20,Salón - Uma (E),61.3,Background Noise,56.1,56.1,55.7,0.0,97.1,2.9,0.0,53.3,55.8,58.1,-95,12.0
2026-03-16 02:02:22,Pasillo de Laboratorio (E),58.4,Background Noise,54.8,54.8,54.8,0.0,73.1,26.9,0.0,52.3,54.5,56.6,-100,12.0
2026-03-16 02:02:50,Salón - Extremo (E),51.0,Background Noise,44.1,44.1,0.0,0.0,100.0,0.0,0.0,40.0,40.3,50.3,-84,10.3
2026-03-16 02:06:54,Main Lobby (E),56.4,People,42.7,42.3,48.4,0.0,97.4,2.6,0.0,40.1,40.3,40.9,-94,13.5
2026-03-16 02:07:11,Pasillo de Salones (E),56.3,Background Noise,49.9,49.9,48.1,0.0,99.8,0.2,0.0,40.3,50.6,52.3,-88,14.3
2026-03-16 02:07:15,Pasillo Administrativo (E),35.0,Background Noise,30.9,30.9,0.0,0.0,100.0,0.0,0.0,28.6,30.5,32.6,-107,8.8
2026-03-16 02:07:20,Salón - Uma (E),63.1,Background Noise,56.1,56.1,55.8,0.0,96.8,3.2,0.0,53.4,55.7,58.1,-94,13.5
2026-03-16 02:07:22,Pasillo de Laboratorio (E),59.0,Background Noise,54.8,54.8,54.9,0.0,75.2,24.8,0.0,52.5,54.6,56.6,-100,11.8
2026-03-16 02:07:50,Salón - Extremo (E),51.0,Background Noise,44.3,44.3,0.0,0.0,100.0,0.0,0.0,40.1,40.5,50.2,-85,13.8
2026-03-16 02:11:54,Main Lobby (E),58.8,People,44.9,44.6,51.8,50.1,98.3,1.6,0.2,40.1,40.5,50.2,-95,13.3
2026-03-16 02:12:11,Pasillo de Salones (E),54.7,Background Noise,49.8,49.8,49.7,0.0,99.4,0.6,0.0,40.3,50.5,52.1,-87,13.8
2026-03-16 02:12:16,Pasillo Administrativo (E),35.4,Background Noise,30.7,30.7,0.0,0.0,100.0,0.0,0.0,28.3,30.3,32.4,-107,8.5
2026-03-16 02:12:20,Salón - Uma (E),61.4,Background Noise,56.0,56.0,55.7,0.0,97.4,2.6,0.0,53.5,55.6,57.9,-94,10.8
2026-03-16 02:12:22,Pasillo de Laboratorio (E),59.2,Background Noise,54.8,54.8,54.9,0.0,78.7,21.2,0.0,52.4,54.5,56.6,-100,12.3
2026-03-16 02:12:51,Salón - Extremo (E),51.4,Background Noise,45.6,45.6,0.0,0.0,100.0,0.0,0.0,40.0,40.4,50.6,-84,14.0
2026-03-16 02:16:54,Main Lobby (E),50.0,Background Noise,40.9,40.9,0.0,0.0,100.0,0.0,0.0,40.1,40.1,40.3,-94,11.0
2026-03-16 02:17:11,Pasillo de Salones (E),55.2,Background Noise,49.9,49.9,49.1,0.0,99.4,0.6,0.0,40.3,50.6,52.3,-88,11.5
2026-03-16 02:17:15,Pasillo Administrativo (E),35.4,Background Noise,30.7,30.7,0.0,0.0,100.0,0.0,0.0,28.4,30.5,32.5,-108,6.5
2026-03-16 02:17:20,Salón - Uma (E),62.2,Background Noise,56.1,56.1,55.8,0.0,97.9,2.1,0.0,53.2,55.7,58.1,-93,13.3
2026-03-16 02:17:22,Pasillo de Laboratorio (E),59.0,People,54.8,54.8,54.8,0.0,76.4,23.6,0.0,52.4,54.5,56.5,-100,10.0
2026-03-16 02:17:51,Salón - Extremo (E),51.3,Background Noise,45.2,45.2,0.0,0.0,100.0,0.0,0.0,40.1,40.7,50.4,-85,13.0
2026-03-16 02:21:54,Main Lobby (E),51.0,Background Noise,43.6,43.6,43.8,0.0,98.8,1.2,0.0,40.1,40.4,50.0,-96,12.5
2026-03-16 02:22:11,Pasillo de Salones (E),54.9,Background Noise,49.7,49.7,48.8,0.0,99.7,0.3,0.0,40.3,50.5,52.2,-87,13.8
2026-03-16 02:22:15,Pasillo Administrativo (E),35.2,Background Noise,30.6,30.6,0.0,0.0,100.0,0.0,0.0,28.3,30.3,32.4,-108,7.5
2026-03-16 02:22:20,Salón - Uma (E),60.8,Background Noise,56.0,56.0,55.8,0.0,98.0,2.0,0.0,53.2,55.6,58.1,-95,13.0
2026-03-16 02:22:22,Pasillo de Laboratorio (E),58.9,People,54.8,54.8,54.9,0.0,78.5,21.5,0.0,52.4,54.6,56.5,-100,11.8
2026-03-16 02:22:51,Salón - Extremo (E),51.1,Background Noise,45.2,45.2,0.0,0.0,100.0,0.0,0.0,40.1,40.5,50.5,-84,13.8
2026-03-16 02:26:54,Main Lobby (E),41.0,Background Noise,40.4,40.4,0.0,0.0,100.0,0.0,0.0,40.0,40.4,40.9,-95,14.0
2026-03-16 02:27:12,Pasillo de Salones (E),54.8,Background Noise,50.0,50.0,50.8,0.0,99.9,0.1,0.0,40.3,50.6,52.3,-88,13.8
2026-03-16 02:27:15,Pasillo Administrativo (E),35.0,Background Noise,30.7,30.7,0.0,0.0,100.0,0.0,0.0,28.3,30.4,32.4,-104,9.8
2026-03-16 02:27:20,Salón - Uma (E),61.1,Background Noise,56.0,56.1,55.3,0.0,98.8,1.2,0.0,53.3,55.7,58.0,-93,13.0
2026-03-16 02:27:22,Pasillo de Laboratorio (E),58.9,Background Noise,54.8,54.8,54.9,0.0,78.3,21.7,0.0,52.4,54.6,56.5,-99,11.8
2026-03-16 02:27:51,Salón - Extremo (E),51.3,Background Noise,44.7,44.7,0.0,0.0,100.0,0.0,0.0,40.0,40.4,50.2,-87,14.0
2026-03-16 02:31:54,Main Lobby (E),50.9,Background Noise,42.1,42.1,40.5,0.0,99.8,0.2,0.0,40.1,40.3,41.0,-96,12.8
2026-03-16 02:32:12,Pasillo de Salones (E),54.7,Background Noise,49.7,49.7,47.9,0.0,99.2,0.8,0.0,40.3,50.5,52.2,-86,13.3
2026-03-16 02:32:15,Pasillo Administrativo (E),35.1,Background Noise,30.7,30.7,0.0,0.0,100.0,0.0,0.0,28.3,30.4,32.5,-105,8.8
2026-03-16 02:32:20,Salón - Uma (E),61.3,Background Noise,56.0,56.0,55.2,0.0,97.7,2.2,0.0,53.3,55.6,57.9,-95,13.5
2026-03-16 02:32:23,Pasillo de Laboratorio (E),58.9,Background Noise,54.8,54.8,54.8,0.0,72.6,27.4,0.0,52.3,54.6,56.5,-100,12.0
2026-03-16 02:32:51,Salón - Extremo (E),51.7,Background Noise,46.1,46.1,0.0,0.0,100.0,0.0,0.0,40.1,40.7,50.4,-84,10.3
2026-03-16 02:36:55,Main Lobby (E),51.0,Background Noise,43.5,43.5,0.0,0.0,100.0,0.0,0.0,40.1,40.4,50.1,-96,12.8
2026-03-16 02:37:12,Pasillo de Salones (E),55.2,Background Noise,49.8,49.8,48.5,0.0,99.7,0.3,0.0,40.3,50.5,52.3,-86,13.8
2026-03-16 02:37:15,Pasillo Administrativo (E),35.2,Background Noise,30.7,30.7,0.0,0.0,100.0,0.0,0.0,28.4,30.4,32.5,-107,6.8
2026-03-16 02:37:20,Salón - Uma (E),61.3,Background Noise,56.0,56.0,56.2,0.0,96.7,3.3,0.0,53.2,55.6,57.9,-97,12.8
2026-03-16 02:37:23,Pasillo de Laboratorio (E),58.8,Background Noise,54.8,54.8,54.8,0.0,72.5,27.5,0.0,52.4,54.6,56.5,-100,11.8
2026-03-16 02:37:51,Salón - Extremo (E),51.8,Background Noise,43.8,43.8,0.0,0.0,100.0,0.0,0.0,40.1,40.5,50.2,-85,14.3
2026-03-16 02:41:55,Main Lobby (E),51.3,Background Noise,44.4,44.4,0.0,0.0,100.0,0.0,0.0,40.1,40.5,50.3,-94,13.3
2026-03-16 02:42:12,Pasillo de Salones (E),55.1,Background Noise,49.9,49.9,49.3,0.0,99.4,0.6,0.0,40.3,50.5,52.3,-89,14.5
2026-03-16 02:42:15,Pasillo Administrativo (E),36.1,Background Noise,30.7,30.7,0.0,0.0,100.0,0.0,0.0,28.4,30.4,32.4,-106,8.8
2026-03-16 02:42:21,Salón - Uma (E),62.0,Background Noise,56.1,56.1,55.9,0.0,97.8,2.2,0.0,53.3,55.6,58.1,-95,12.0
2026-03-16 02:42:23,Pasillo de Laboratorio (E),58.8,Background Noise,54.8,54.7,54.8,0.0,72.6,27.4,0.0,52.3,54.5,56.5,-100,10.5
2026-03-16 02:42:51,Salón - Extremo (E),51.2,Background Noise,45.7,45.7,0.0,0.0,100.0,0.0,0.0,40.1,40.5,50.4,-84,13.8
2026-03-16 02:46:55,Main Lobby (E),50.9,Background Noise,42.0,42.0,0.0,0.0,100.0,0.0,0.0,40.1,40.2,40.8,-95,13.5
2026-03-16 02:47:12,Pasillo de Salones (E),56.3,Background Noise,49.7,49.7,49.1,0.0,99.2,0.8,0.0,40.3,50.5,52.2,-87,11.3
2026-03-16 02:47:16,Pasillo Administrativo (E),35.0,Background Noise,30.6,30.6,0.0,0.0,100.0,0.0,0.0,28.3,30.3,32.3,-107,8.0
2026-03-16 02:47:21,Salón - Uma (E),61.0,Background Noise,56.0,56.0,56.1,0.0,98.2,1.8,0.0,53.3,55.6,58.1,-96,12.3
2026-03-16 02:47:23,Pasillo de Laboratorio (E),58.8,Background Noise,54.7,54.7,54.7,0.0,75.8,24.3,0.0,52.1,54.5,56.4,-100,12.0
2026-03-16 02:47:51,Salón - Extremo (E),51.8,Background Noise,46.1,46.1,0.0,0.0,100.0,0.0,0.0,40.1,40.8,50.3,-84,14.0
2026-03-16 02:51:55,Main Lobby (E),51.2,Background Noise,43.2,43.2,0.0,0.0,100.0,0.0,0.0,40.1,40.4,41.0,-95,12.8
2026-03-16 02:52:12,Pasillo de Salones (E),55.2,Background Noise,49.8,49.8,48.2,0.0,99.5,0.5,0.0,40.4,50.5,52.2,-88,14.5
2026-03-16 02:52:16,Pasillo Administrativo (E),35.8,Background Noise,30.9,30.9,0.0,0.0,100.0,0.0,0.0,28.5,30.6,32.7,-106,9.0
2026-03-16 02:52:21,Salón - Uma (E),61.3,Background Noise,56.0,56.0,55.7,0.0,97.4,2.6,0.0,53.3,55.6,58.1,-96,13.0
2026-03-16 02:52:23,Pasillo de Laboratorio (E),58.7,People,54.8,54.7,54.8,0.0,70.2,29.8,0.0,52.3,54.5,56.4,-100,11.8
2026-03-16 02:52:52,Salón - Extremo (E),52.6,Background Noise,45.3,45.3,0.0,0.0,100.0,0.0,0.0,40.1,40.6,50.6,-84,14.3
2026-03-16 02:56:55,Main Lobby (E),50.5,Background Noise,41.9,41.9,0.0,0.0,100.0,0.0,0.0,40.1,40.2,40.8,-95,13.0
2026-03-16 02:57:12,Pasillo de Salones (E),54.9,Background Noise,49.9,49.9,49.5,0.0,99.6,0.4,0.0,40.3,50.6,52.4,-86,13.0
2026-03-16 02:57:16,Pasillo Administrativo (E),35.6,Background Noise,30.8,30.8,0.0,0.0,100.0,0.0,0.0,28.3,30.5,32.7,-106,0.8
2026-03-16 02:57:21,Salón - Uma (E),62.6,Background Noise,56.1,56.1,56.0,0.0,98.1,1.9,0.0,53.4,55.6,58.1,-93,13.3
2026-03-16 02:57:23,Pasillo de Laboratorio (E),59.2,Background Noise,54.8,54.8,54.8,0.0,69.9,30.1,0.0,52.4,54.5,56.5,-99,12.0
2026-03-16 02:57:52,Salón - Extremo (E),51.1,Background Noise,44.0,44.0,0.0,0.0,100.0,0.0,0.0,40.1,40.4,50.2,-87,13.8
2026-03-16 03:01:55,Main Lobby (E),50.7,Background Noise,41.4,41.4,0.0,0.0,100.0,0.0,0.0,40.1,40.4,40.7,-94,13.3
2026-03-16 03:02:12,Pasillo de Salones (E),55.3,Background Noise,49.8,49.8,45.8,0.0,99.7,0.3,0.0,40.3,50.6,52.3,-87,13.5
2026-03-16 03:02:16,Pasillo Administrativo (E),36.1,Background Noise,30.8,30.8,0.0,0.0,100.0,0.0,0.0,28.3,30.5,32.6,-105,9.5
2026-03-16 03:02:21,Salón - Uma (E),62.6,Background Noise,56.0,56.0,56.2,0.0,98.1,1.9,0.0,53.3,55.6,57.9,-94,13.8
2026-03-16 03:02:23,Pasillo de Laboratorio (E),59.1,Background Noise,54.8,54.8,54.8,0.0,71.2,28.7,0.0,52.2,54.6,56.5,-99,12.3
2026-03-16 03:02:52,Salón - Extremo (E),52.0,Background Noise,45.8,45.8,0.0,0.0,100.0,0.0,0.0,40.1,40.5,50.5,-85,10.3
2026-03-16 03:06:55,Main Lobby (E),54.2,Background Noise,49.0,48.8,51.4,0.0,94.3,5.7,0.0,40.2,50.1,52.1,-96,12.8
2026-03-16 03:07:13,Pasillo de Salones (E),55.7,Background Noise,49.8,49.8,50.1,0.0,99.7,0.3,0.0,40.3,50.5,52.4,-88,13.5
2026-03-16 03:07:16,Pasillo Administrativo (E),37.0,Background Noise,30.9,30.9,0.0,0.0,100.0,0.0,0.0,28.4,30.6,32.7,-104,10.3
2026-03-16 03:07:21,Salón - Uma (E),61.8,Background Noise,56.0,56.0,55.9,0.0,97.8,2.2,0.0,53.3,55.6,58.0,-94,13.5
2026-03-16 03:07:23,Pasillo de Laboratorio (E),59.2,Background Noise,54.8,54.9,54.6,0.0,73.8,26.2,0.0,52.4,54.5,56.5,-100,12.3
2026-03-16 03:07:52,Salón - Extremo (E),51.9,Background Noise,46.2,46.2,0.0,0.0,100.0,0.0,0.0,40.1,40.6,50.3,-85,14.0
2026-03-16 03:11:55,Main Lobby (E),53.4,Background Noise,49.6,49.6,49.1,0.0,98.4,1.6,0.0,40.3,50.5,51.7,-95,13.8
2026-03-16 03:12:13,Pasillo de Salones (E),55.0,Background Noise,49.7,49.7,51.5,0.0,99.8,0.3,0.0,40.3,50.5,52.2,-86,13.3
2026-03-16 03:12:16,Pasillo Administrativo (E),35.1,Background Noise,30.9,30.9,0.0,0.0,100.0,0.0,0.0,28.7,30.6,32.7,-106,9.5
2026-03-16 03:12:21,Salón - Uma (E),61.5,Background Noise,56.0,56.0,56.4,0.0,97.8,2.2,0.0,53.3,55.6,58.0,-95,11.3
2026-03-16 03:12:24,Pasillo de Laboratorio (E),59.0,Background Noise,54.8,54.8,54.9,0.0,76.9,23.1,0.0,52.4,54.6,56.6,-100,12.3
2026-03-16 03:12:52,Salón - Extremo (E),50.9,Background Noise,44.4,44.4,0.0,0.0,100.0,0.0,0.0,40.1,40.3,50.2,-84,13.5
2026-03-16 03:16:56,Main Lobby (E),52.3,Background Noise,44.6,44.6,44.8,0.0,99.1,0.9,0.0,40.1,40.5,50.3,-94,11.3
2026-03-16 03:17:13,Pasillo de Salones (E),55.3,Background Noise,49.7,49.7,49.0,0.0,99.2,0.8,0.0,40.4,50.5,52.2,-86,13.8
2026-03-16 03:17:16,Pasillo Administrativo (E),35.5,Background Noise,30.9,30.9,0.0,0.0,100.0,0.0,0.0,28.5,30.6,32.6,-107,7.5
2026-03-16 03:17:21,Salón - Uma (E),62.0,Background Noise,56.0,56.0,55.7,0.0,96.9,3.1,0.0,53.1,55.6,57.9,-95,13.3
2026-03-16 03:17:24,Pasillo de Laboratorio (E),59.3,Background Noise,54.8,54.8,54.8,0.0,75.1,24.9,0.0,52.4,54.6,56.5,-100,10.3
2026-03-16 03:17:52,Salón - Extremo (E),53.2,Background Noise,44.4,44.4,40.2,0.0,99.8,0.2,0.0,40.1,40.5,50.4,-84,14.0
2026-03-16 03:21:56,Main Lobby (E),54.3,People,43.4,43.4,44.0,0.0,95.7,4.3,0.0,40.1,40.3,50.2,-95,12.8
2026-03-16 03:22:13,Pasillo de Salones (E),54.7,Background Noise,49.8,49.9,48.1,0.0,99.0,1.0,0.0,40.3,50.5,52.2,-87,13.5
2026-03-16 03:22:16,Pasillo Administrativo (E),35.9,Background Noise,30.8,30.8,0.0,0.0,100.0,0.0,0.0,28.4,30.5,32.7,-104,9.3
2026-03-16 03:22:22,Salón - Uma (E),62.0,Background Noise,55.9,55.9,55.7,0.0,97.3,2.7,0.0,53.2,55.6,58.0,-98,12.5
2026-03-16 03:22:24,Pasillo de Laboratorio (E),58.7,Background Noise,54.8,54.8,54.9,0.0,72.5,27.5,0.0,52.4,54.6,56.6,-99,12.0
2026-03-16 03:22:52,Salón - Extremo (E),51.7,Background Noise,45.2,45.2,0.0,40.6,99.9,0.0,0.1,40.0,40.3,50.3,-84,14.3
2026-03-16 03:26:56,Main Lobby (E),50.8,Background Noise,43.1,43.1,0.0,0.0,100.0,0.0,0.0,40.1,40.3,41.0,-94,13.5
2026-03-16 03:27:13,Pasillo de Salones (E),55.2,Background Noise,49.8,49.9,47.3,0.0,99.3,0.7,0.0,40.3,50.5,52.4,-88,14.0
2026-03-16 03:27:17,Pasillo Administrativo (E),35.6,Background Noise,30.9,30.9,0.0,0.0,100.0,0.0,0.0,28.4,30.7,32.8,-107,7.3
2026-03-16 03:27:22,Salón - Uma (E),62.2,Background Noise,56.2,56.2,56.3,0.0,97.3,2.7,0.0,53.3,55.8,58.2,-95,11.8
2026-03-16 03:27:24,Pasillo de Laboratorio (E),58.4,People,54.8,54.8,54.7,0.0,71.8,28.2,0.0,52.4,54.6,56.6,-99,12.3
2026-03-16 03:27:52,Salón - Extremo (E),52.7,Background Noise,44.5,44.5,0.0,0.0,100.0,0.0,0.0,40.1,40.4,50.2,-84,14.0
2026-03-16 03:31:56,Main Lobby (E),50.7,Background Noise,45.1,45.0,50.1,0.0,99.9,0.1,0.0,40.1,40.3,50.2,-94,13.3
2026-03-16 03:32:13,Pasillo de Salones (E),56.8,Background Noise,49.9,49.9,45.7,0.0,99.3,0.7,0.0,40.3,50.5,52.2,-87,11.3
2026-03-16 03:32:17,Pasillo Administrativo (E),36.0,Background Noise,30.9,30.9,0.0,0.0,100.0,0.0,0.0,28.3,30.6,32.8,-106,8.5
2026-03-16 03:32:22,Salón - Uma (E),61.9,Background Noise,56.0,56.1,55.6,0.0,96.4,3.6,0.0,53.4,55.7,58.0,-95,13.0
2026-03-16 03:32:24,Pasillo de Laboratorio (E),59.2,People,54.8,54.8,54.7,0.0,70.9,29.1,0.0,52.3,54.6,56.6,-100,12.3
2026-03-16 03:32:53,Salón - Extremo (E),51.5,Background Noise,46.4,46.4,0.0,0.0,100.0,0.0,0.0,40.2,40.5,50.6,-84,14.0
2026-03-16 03:36:56,Main Lobby (E),50.6,Background Noise,44.1,44.1,40.4,0.0,99.9,0.1,0.0,40.1,40.2,50.1,-95,11.5
2026-03-16 03:37:13,Pasillo de Salones (E),55.7,Background Noise,49.8,49.8,50.6,0.0,99.8,0.2,0.0,40.3,50.5,52.3,-87,13.5
2026-03-16 03:37:17,Pasillo Administrativo (E),36.6,Background Noise,30.9,30.9,0.0,0.0,100.0,0.0,0.0,28.4,30.6,32.8,-105,9.3
2026-03-16 03:37:22,Salón - Uma (E),64.8,Background Noise,56.0,56.0,55.6,0.0,97.8,2.2,0.0,53.2,55.7,57.9,-93,13.3
2026-03-16 03:37:26,Pasillo de Laboratorio (E),59.8,People,54.8,54.8,54.8,0.0,69.7,30.3,0.0,52.3,54.6,56.5,-100,12.0
2026-03-16 03:37:53,Salón - Extremo (E),51.5,Background Noise,45.5,45.5,0.0,0.0,100.0,0.0,0.0,40.1,40.5,50.2,-85,10.0
2026-03-16 03:41:56,Main Lobby (E),51.1,Background Noise,41.5,41.5,40.5,0.0,99.1,0.9,0.0,40.1,40.4,40.8,-94,13.5
2026-03-16 03:42:13,Pasillo de Salones (E),55.0,Background Noise,49.8,49.8,47.6,0.0,99.6,0.4,0.0,40.3,50.5,52.1,-87,13.5
2026-03-16 03:42:17,Pasillo Administrativo (E),35.4,Background Noise,30.6,30.6,0.0,0.0,100.0,0.0,0.0,28.3,30.3,32.4,-105,9.0
2026-03-16 03:42:22,Salón - Uma (E),60.8,Background Noise,56.1,56.1,56.2,0.0,97.5,2.5,0.0,53.4,55.7,58.0,-95,11.3
2026-03-16 03:42:24,Pasillo de Laboratorio (E),58.5,Background Noise,54.7,54.7,54.7,0.0,69.8,30.2,0.0,52.2,54.5,56.6,-100,11.8
2026-03-16 03:42:53,Salón - Extremo (E),51.6,Background Noise,45.1,45.1,0.0,0.0,100.0,0.0,0.0,40.1,40.6,50.3,-84,13.5
2026-03-16 03:46:56,Main Lobby (E),51.3,Background Noise,42.8,42.8,0.0,0.0,100.0,0.0,0.0,40.0,40.2,40.9,-95,13.8
2026-03-16 03:47:14,Pasillo de Salones (E),55.8,Background Noise,49.8,49.8,47.7,0.0,99.6,0.4,0.0,40.3,50.5,52.2,-88,14.0
2026-03-16 03:47:17,Pasillo Administrativo (E),35.6,Background Noise,30.7,30.7,0.0,0.0,100.0,0.0,0.0,28.4,30.5,32.5,-107,8.0
2026-03-16 03:47:22,Salón - Uma (E),65.5,Background Noise,56.1,56.1,55.9,0.0,96.4,3.6,0.0,53.2,55.8,58.0,-96,12.8
2026-03-16 03:47:24,Pasillo de Laboratorio (E),59.4,Background Noise,54.8,54.8,54.8,0.0,70.7,29.3,0.0,52.3,54.6,56.6,-100,12.0
2026-03-16 03:47:53,Salón - Extremo (E),51.3,Background Noise,46.1,46.1,0.0,0.0,100.0,0.0,0.0,40.1,40.6,50.4,-87,13.5
2026-03-16 03:51:56,Main Lobby (E),56.4,People,46.1,46.1,54.9,0.0,99.8,0.2,0.0,40.1,40.6,50.7,-95,13.8
2026-03-16 03:52:14,Pasillo de Salones (E),63.8,People,51.8,51.8,60.8,0.0,99.8,0.2,0.0,40.7,51.7,54.1,-86,13.3
2026-03-16 03:52:17,Pasillo Administrativo (E),37.6,Background Noise,31.9,31.9,0.0,0.0,100.0,0.0,0.0,29.1,31.4,34.1,-106,9.0
2026-03-16 03:52:22,Salón - Uma (E),64.1,Background Noise,56.5,56.5,56.7,0.0,98.2,1.8,0.0,53.8,56.1,58.5,-95,13.0
2026-03-16 03:52:25,Pasillo de Laboratorio (E),67.4,Background Noise,56.2,56.1,56.3,0.0,55.0,45.0,0.0,53.0,55.8,58.2,-100,12.0
2026-03-16 03:52:53,Salón - Extremo (E),56.1,People,45.4,45.4,56.1,0.0,99.9,0.1,0.0,40.1,40.5,50.5,-84,13.5
2026-03-16 03:56:58,Main Lobby (E),53.9,Background Noise,49.2,49.2,50.7,0.0,99.9,0.1,0.0,40.3,50.3,51.7,-97,12.3
2026-03-16 03:57:14,Pasillo de Salones (E),57.5,Background Noise,53.2,53.2,0.0,0.0,100.0,0.0,0.0,51.0,53.1,54.9,-87,13.8
2026-03-16 03:57:17,Pasillo Administrativo (E),38.1,Background Noise,33.0,33.0,0.0,0.0,100.0,0.0,0.0,30.3,32.8,34.9,-105,9.3
2026-03-16 03:57:22,Salón - Uma (E),61.9,Background Noise,57.1,57.1,56.6,0.0,97.7,2.2,0.0,54.3,56.8,59.0,-94,13.3
2026-03-16 03:57:25,Pasillo de Laboratorio (E),61.7,People,56.8,56.8,56.9,0.0,40.5,59.5,0.0,54.4,56.6,58.6,-99,10.3
2026-03-16 03:57:53,Salón - Extremo (E),52.0,Background Noise,45.5,45.5,0.0,0.0,100.0,0.0,0.0,40.1,40.4,50.6,-85,11.3
2026-03-16 04:01:57,Main Lobby (E),53.3,Background Noise,47.8,47.8,49.9,0.0,99.8,0.2,0.0,40.2,40.9,51.2,-96,12.8
2026-03-16 04:02:14,Pasillo de Salones (E),57.2,Background Noise,52.9,52.9,0.0,0.0,100.0,0.0,0.0,50.8,52.6,54.6,-86,14.0
2026-03-16 04:02:17,Pasillo Administrativo (E),37.4,Background Noise,33.0,33.0,0.0,0.0,100.0,0.0,0.0,30.3,32.6,35.0,-107,8.3
2026-03-16 04:02:23,Salón - Uma (E),63.1,Background Noise,57.0,57.0,57.1,0.0,98.0,2.0,0.0,54.1,56.6,59.0,-97,13.0
2026-03-16 04:02:25,Pasillo de Laboratorio (E),61.1,People,56.7,56.7,56.7,0.0,43.2,56.8,0.0,54.4,56.5,58.4,-99,12.0
2026-03-16 04:02:53,Salón - Extremo (E),52.1,Background Noise,46.1,46.1,0.0,0.0,100.0,0.0,0.0,40.1,40.5,50.5,-84,13.5
2026-03-16 04:06:57,Main Lobby (E),60.1,People,47.1,46.7,52.9,40.3,96.9,3.0,0.1,40.1,40.7,50.9,-95,13.0
2026-03-16 04:07:14,Pasillo de Salones (E),57.2,Background Noise,52.6,52.6,53.5,0.0,99.8,0.2,0.0,50.5,52.5,54.3,-88,13.8
2026-03-16 04:07:18,Pasillo Administrativo (E),38.7,Background Noise,32.9,32.9,0.0,0.0,100.0,0.0,0.0,30.2,32.6,34.8,-105,9.0
2026-03-16 04:07:23,Salón - Uma (E),61.7,Background Noise,56.8,56.8,56.2,0.0,97.4,2.6,0.0,53.9,56.4,58.7,-95,13.0
2026-03-16 04:07:25,Pasillo de Laboratorio (E),60.8,Background Noise,56.7,56.7,56.8,0.0,43.9,56.1,0.0,54.4,56.5,58.5,-99,11.8
2026-03-16 04:07:54,Salón - Extremo (E),67.8,Background Noise,47.4,46.6,59.3,50.4,98.6,1.3,0.2,40.1,40.5,50.7,-84,13.5
2026-03-16 04:11:57,Main Lobby (E),52.7,Background Noise,46.8,46.8,0.0,0.0,100.0,0.0,0.0,40.1,40.7,50.9,-95,13.5
2026-03-16 04:12:14,Pasillo de Salones (E),57.2,Background Noise,52.4,52.4,52.5,0.0,99.8,0.2,0.0,50.3,52.3,54.3,-87,11.3
2026-03-16 04:12:18,Pasillo Administrativo (E),39.1,Background Noise,32.9,32.9,0.0,0.0,100.0,0.0,0.0,30.1,32.5,34.9,-107,8.3
2026-03-16 04:12:23,Salón - Uma (E),63.9,Background Noise,56.7,56.7,56.5,0.0,98.2,1.8,0.0,54.0,56.3,58.8,-95,13.8
2026-03-16 04:12:25,Pasillo de Laboratorio (E),61.5,People,56.8,56.7,56.9,0.0,44.0,56.0,0.0,54.4,56.6,58.6,-99,11.5
2026-03-16 04:12:54,Salón - Extremo (E),57.3,Background Noise,45.8,45.8,49.1,50.3,99.7,0.2,0.1,40.0,40.5,50.5,-84,14.0
2026-03-16 04:16:57,Main Lobby (E),60.8,Background Noise,46.5,46.2,49.0,0.0,91.9,8.1,0.0,40.1,40.6,50.6,-96,13.0
2026-03-16 04:17:14,Pasillo de Salones (E),56.9,Background Noise,52.4,52.4,0.0,0.0,100.0,0.0,0.0,50.4,52.3,54.1,-86,13.8
2026-03-16 04:17:18,Pasillo Administrativo (E),37.9,Background Noise,32.8,32.8,0.0,0.0,100.0,0.0,0.0,30.2,32.4,34.6,-105,9.0
2026-03-16 04:17:23,Salón - Uma (E),63.3,Background Noise,56.7,56.7,56.6,0.0,98.5,1.5,0.0,54.0,56.3,58.6,-95,11.5
2026-03-16 04:17:25,Pasillo de Laboratorio (E),61.7,People,57.0,57.0,56.9,0.0,47.6,52.4,0.0,54.5,56.6,58.8,-100,10.5
2026-03-16 04:17:54,Salón - Extremo (E),67.2,Background Noise,47.3,47.2,56.1,0.0,99.8,0.3,0.0,40.1,40.6,50.8,-84,14.3
2026-03-16 04:21:57,Main Lobby (E),53.1,Background Noise,47.5,47.5,48.3,0.0,99.5,0.5,0.0,40.2,40.8,51.1,-96,13.0
2026-03-16 04:22:14,Pasillo de Salones (E),56.9,Background Noise,52.4,52.4,52.0,0.0,99.8,0.2,0.0,50.4,52.2,54.2,-87,13.8
2026-03-16 04:22:18,Pasillo Administrativo (E),37.9,Background Noise,33.0,33.0,0.0,0.0,100.0,0.0,0.0,30.3,32.6,34.9,-106,8.8
2026-03-16 04:22:23,Salón - Uma (E),63.6,Background Noise,56.8,56.8,56.4,0.0,98.1,1.9,0.0,54.0,56.4,58.8,-95,13.5
2026-03-16 04:22:25,Pasillo de Laboratorio (E),60.7,People,56.8,56.8,56.8,0.0,48.2,51.8,0.0,54.3,56.6,58.7,-100,12.0
2026-03-16 04:22:54,Salón - Extremo (E),59.9,Background Noise,45.5,45.2,54.7,54.4,99.2,0.7,0.2,40.1,40.5,50.3,-84,13.8
2026-03-16 04:26:57,Main Lobby (E),54.0,Background Noise,47.9,47.9,47.8,0.0,86.7,13.3,0.0,40.2,40.9,51.2,-94,11.8
2026-03-16 04:27:15,Pasillo de Salones (E),56.2,Background Noise,52.4,52.4,50.6,0.0,99.8,0.3,0.0,50.4,52.2,54.2,-87,13.8
2026-03-16 04:27:18,Pasillo Administrativo (E),37.9,Background Noise,32.9,32.9,0.0,0.0,100.0,0.0,0.0,30.2,32.6,34.7,-108,6.0
2026-03-16 04:27:23,Salón - Uma (E),63.2,Background Noise,56.7,56.7,55.9,0.0,97.3,2.7,0.0,54.0,56.3,58.7,-97,12.5
2026-03-16 04:27:25,Pasillo de Laboratorio (E),61.6,Background Noise,56.8,56.8,56.8,0.0,50.1,49.9,0.0,54.5,56.6,58.5,-100,11.5
2026-03-16 04:27:54,Salón - Extremo (E),58.9,Background Noise,45.8,45.8,49.0,0.0,99.8,0.2,0.0,40.1,40.4,50.4,-86,13.8
2026-03-16 04:31:57,Main Lobby (E),56.1,People,47.1,47.0,49.9,0.0,97.0,3.0,0.0,40.1,40.7,50.8,-94,13.3
2026-03-16 04:32:15,Pasillo de Salones (E),57.5,Background Noise,52.4,52.4,48.7,0.0,99.8,0.2,0.0,50.4,52.3,54.2,-86,13.8
2026-03-16 04:32:18,Pasillo Administrativo (E),37.5,Background Noise,32.7,32.7,0.0,0.0,100.0,0.0,0.0,30.1,32.4,34.6,-104,9.3
2026-03-16 04:32:23,Salón - Uma (E),62.4,Background Noise,56.6,56.6,56.1,0.0,97.8,2.2,0.0,53.8,56.1,58.7,-95,13.3
2026-03-16 04:32:26,Pasillo de Laboratorio (E),61.2,Background Noise,56.8,56.8,56.8,0.0,49.5,50.5,0.0,54.4,56.5,58.6,-99,11.8
2026-03-16 04:32:54,Salón - Extremo (E),63.8,People,46.4,46.1,57.7,0.0,99.6,0.4,0.0,40.1,40.6,50.6,-85,10.3
2026-03-16 04:36:57,Main Lobby (E),54.8,People,45.9,45.8,53.2,0.0,99.8,0.2,0.0,40.1,40.6,50.5,-95,13.3
2026-03-16 04:37:15,Pasillo de Salones (E),57.7,People,52.4,52.4,54.0,0.0,99.5,0.5,0.0,50.4,52.2,54.1,-88,11.5
2026-03-16 04:37:18,Pasillo Administrativo (E),37.7,Background Noise,32.8,32.8,0.0,0.0,100.0,0.0,0.0,30.1,32.4,34.8,-108,8.0
2026-03-16 04:37:23,Salón - Uma (E),62.7,Background Noise,56.7,56.8,55.7,0.0,98.0,2.0,0.0,54.0,56.3,58.7,-94,13.5
2026-03-16 04:37:26,Pasillo de Laboratorio (E),61.3,People,56.8,56.9,56.7,0.0,49.0,51.0,0.0,54.5,56.5,58.6,-100,12.0
2026-03-16 04:37:54,Salón - Extremo (E),52.9,Background Noise,45.9,45.9,0.0,0.0,100.0,0.0,0.0,40.1,40.6,50.5,-85,13.8
2026-03-16 04:41:58,Main Lobby (E),52.7,Background Noise,45.9,45.9,48.0,0.0,99.0,1.0,0.0,40.1,40.6,50.6,-95,12.8
2026-03-16 04:42:15,Pasillo de Salones (E),59.7,Background Noise,52.5,52.5,53.3,52.8,97.9,2.0,0.1,50.4,52.4,54.3,-88,13.8
2026-03-16 04:42:18,Pasillo Administrativo (E),37.9,Background Noise,32.9,32.9,0.0,0.0,100.0,0.0,0.0,30.1,32.4,34.9,-107,5.3
2026-03-16 04:42:24,Salón - Uma (E),64.5,Background Noise,56.7,56.7,57.6,0.0,98.0,2.0,0.0,53.9,56.3,58.6,-96,12.8
2026-03-16 04:42:26,Pasillo de Laboratorio (E),60.6,Background Noise,56.8,56.8,56.8,0.0,42.6,57.4,0.0,54.3,56.6,58.5,-100,12.3
2026-03-16 04:42:54,Salón - Extremo (E),64.5,Background Noise,46.9,46.9,51.3,51.2,99.3,0.6,0.1,40.1,40.6,50.9,-85,12.5
2026-03-16 04:46:58,Main Lobby (E),72.3,People,49.4,47.0,56.1,40.3,89.4,10.3,0.3,40.1,40.8,51.1,-96,13.0
2026-03-16 04:47:15,Pasillo de Salones (E),68.8,People,52.7,52.5,59.1,52.4,98.3,1.6,0.2,50.3,52.2,54.3,-86,13.8
2026-03-16 04:47:19,Pasillo Administrativo (E),38.5,Background Noise,33.0,33.0,0.0,0.0,100.0,0.0,0.0,30.2,32.6,34.9,-106,8.8
2026-03-16 04:47:24,Salón - Uma (E),70.9,People,56.9,56.8,59.0,0.0,94.9,5.1,0.0,53.9,56.3,58.8,-95,8.0
2026-03-16 04:47:26,Pasillo de Laboratorio (E),60.9,People,56.7,56.7,56.7,0.0,47.8,52.2,0.0,54.3,56.4,58.5,-99,12.0
2026-03-16 04:47:55,Salón - Extremo (E),53.1,Background Noise,45.5,45.5,0.0,0.0,100.0,0.0,0.0,40.1,40.4,50.4,-83,13.8
2026-03-16 04:51:58,Main Lobby (E),81.3,Background Noise,56.6,54.2,61.5,51.0,82.8,17.0,0.2,40.2,40.9,53.0,-94,13.0
2026-03-16 04:52:15,Pasillo de Salones (E),56.3,Background Noise,52.3,52.3,53.5,0.0,99.5,0.5,0.0,50.3,52.2,54.1,-86,13.3
2026-03-16 04:52:19,Pasillo Administrativo (E),52.2,Background Noise,33.3,33.3,38.7,0.0,99.9,0.1,0.0,30.2,32.6,34.9,-107,8.3
2026-03-16 04:52:24,Salón - Uma (E),63.1,Background Noise,56.6,56.6,56.4,0.0,97.7,2.3,0.0,54.0,56.2,58.6,-95,13.8
2026-03-16 04:52:55,Salón - Extremo (E),53.7,Background Noise,45.3,45.3,40.6,0.0,99.9,0.1,0.0,40.1,40.5,50.5,-84,13.8
2026-03-16 04:56:58,Main Lobby (E),67.4,People,49.3,48.2,52.8,51.2,83.7,15.8,0.5,40.2,41.0,51.6,-95,13.3
2026-03-16 04:57:15,Pasillo de Salones (E),57.5,Background Noise,52.4,52.4,50.8,0.0,99.8,0.2,0.0,50.3,52.2,54.3,-88,13.8
2026-03-16 04:57:19,Pasillo Administrativo (E),38.4,Background Noise,32.9,32.9,0.0,0.0,100.0,0.0,0.0,30.1,32.5,34.8,-106,9.0
2026-03-16 04:57:24,Salón - Uma (E),65.0,Background Noise,56.7,56.7,56.7,0.0,96.8,3.2,0.0,54.0,56.3,58.6,-95,13.5
2026-03-16 04:57:26,Pasillo de Laboratorio (E),60.7,People,56.6,56.6,56.6,0.0,48.2,51.8,0.0,54.3,56.4,58.3,-99,12.0
2026-03-16 04:57:55,Salón - Extremo (E),52.2,Background Noise,46.9,46.9,0.0,0.0,100.0,0.0,0.0,40.2,40.7,50.5,-85,13.5
2026-03-16 05:01:58,Main Lobby (E),69.4,People,51.4,49.5,58.4,53.1,91.6,8.2,0.2,40.3,50.4,52.6,-95,12.5
2026-03-16 05:02:15,Pasillo de Salones (E),63.3,People,52.6,52.5,56.2,0.0,98.4,1.6,0.0,50.5,52.3,54.2,-87,13.5
2026-03-16 05:02:19,Pasillo Administrativo (E),51.0,Background Noise,33.5,33.5,0.0,0.0,100.0,0.0,0.0,30.5,32.8,35.4,-105,9.3
2026-03-16 05:02:24,Salón - Uma (E),64.2,People,56.8,56.8,57.8,0.0,96.3,3.7,0.0,54.0,56.3,58.8,-95,13.3
2026-03-16 05:02:26,Pasillo de Laboratorio (E),68.9,People,57.0,56.9,57.1,61.2,60.1,39.4,0.5,54.4,56.5,58.8,-100,11.5
2026-03-16 05:02:55,Salón - Extremo (E),55.2,Background Noise,46.0,46.0,40.2,0.0,99.9,0.1,0.0,40.1,40.7,50.7,-84,13.5
2026-03-16 05:06:58,Main Lobby (E),74.4,People,51.4,48.6,59.0,0.0,90.8,9.2,0.0,40.2,50.1,51.7,-95,12.8
2026-03-16 05:07:16,Pasillo de Salones (E),68.7,People,52.9,52.5,59.2,0.0,97.7,2.3,0.0,50.3,52.3,54.5,-87,14.0
2026-03-16 05:07:19,Pasillo Administrativo (E),38.5,Background Noise,33.0,33.0,0.0,0.0,100.0,0.0,0.0,30.1,32.6,34.9,-105,8.8
2026-03-16 05:07:24,Salón - Uma (E),68.2,Background Noise,56.9,56.8,58.8,57.8,96.2,3.6,0.3,54.0,56.4,58.9,-99,10.3
2026-03-16 05:07:26,Pasillo de Laboratorio (E),60.7,People,56.7,56.6,56.7,0.0,51.6,48.4,0.0,54.3,56.4,58.3,-100,11.8
2026-03-16 05:07:55,Salón - Extremo (E),54.5,Background Noise,46.2,46.1,50.8,0.0,99.8,0.2,0.0,40.1,40.6,50.9,-84,13.5
2026-03-16 05:11:58,Main Lobby (E),68.8,People,49.1,46.9,56.0,52.1,90.5,9.4,0.1,40.1,40.8,51.2,-95,13.0
2026-03-16 05:12:16,Pasillo de Salones (E),64.3,People,52.8,52.6,57.0,0.0,97.1,2.9,0.0,50.5,52.4,54.6,-88,14.3
2026-03-16 05:12:19,Pasillo Administrativo (E),51.9,Background Noise,33.2,33.2,0.0,0.0,100.0,0.0,0.0,30.1,32.6,34.8,-106,9.0
2026-03-16 05:12:24,Salón - Uma (E),67.7,People,57.1,57.0,59.5,59.4,95.8,4.1,0.2,54.2,56.5,59.1,-94,13.3
2026-03-16 05:12:27,Pasillo de Laboratorio (E),61.4,People,56.7,56.7,56.7,0.0,48.0,52.0,0.0,54.2,56.5,58.4,-99,12.0
2026-03-16 05:12:55,Salón - Extremo (E),56.2,Background Noise,46.7,46.7,50.3,50.9,99.5,0.4,0.1,40.1,40.5,50.9,-83,11.3
2026-03-16 05:16:58,Main Lobby (E),58.5,People,47.6,47.4,50.7,52.4,96.6,3.2,0.2,40.1,40.8,51.0,-94,13.0
2026-03-16 05:17:16,Pasillo de Salones (E),59.3,Background Noise,52.4,52.4,54.7,52.8,99.4,0.5,0.1,50.3,52.2,54.2,-87,11.5
2026-03-16 05:17:19,Pasillo Administrativo (E),38.5,Background Noise,32.9,32.9,0.0,0.0,100.0,0.0,0.0,30.2,32.5,34.9,-107,7.3
2026-03-16 05:17:24,Salón - Uma (E),63.4,Background Noise,56.7,56.7,56.2,0.0,97.7,2.2,0.0,53.9,56.3,58.7,-96,12.8
2026-03-16 05:17:27,Pasillo de Laboratorio (E),65.2,People,56.9,56.9,56.9,59.7,63.2,36.7,0.1,54.4,56.5,58.7,-99,12.3
2026-03-16 05:17:55,Salón - Extremo (E),67.0,Background Noise,46.5,46.3,53.6,0.0,99.3,0.7,0.0,40.1,40.6,50.5,-84,14.5
2026-03-16 05:21:59,Main Lobby (E),61.4,Background Noise,48.3,47.7,51.3,53.4,90.1,9.7,0.2,40.1,40.8,51.3,-94,13.3
2026-03-16 05:22:16,Pasillo de Salones (E),57.1,Background Noise,52.4,52.4,54.6,0.0,99.9,0.1,0.0,50.3,52.2,54.2,-86,13.8
2026-03-16 05:22:19,Pasillo Administrativo (E),39.3,Background Noise,33.0,33.0,0.0,0.0,100.0,0.0,0.0,30.3,32.7,34.9,-105,9.0
2026-03-16 05:22:25,Salón - Uma (E),61.8,Background Noise,56.7,56.7,56.8,0.0,97.7,2.3,0.0,53.9,56.4,58.8,-95,14.8
2026-03-16 05:22:27,Pasillo de Laboratorio (E),72.8,People,57.6,57.3,57.9,0.0,52.9,47.1,0.0,54.6,56.6,58.8,-99,12.0
2026-03-16 05:22:55,Salón - Extremo (E),55.0,Background Noise,46.6,46.6,0.0,0.0,100.0,0.0,0.0,40.1,40.8,50.7,-84,13.8
2026-03-16 05:26:59,Main Lobby (E),71.7,People,51.5,49.9,54.7,50.7,77.2,22.4,0.3,40.4,50.7,52.9,-94,11.5
2026-03-16 05:27:16,Pasillo de Salones (E),64.1,People,52.7,52.6,59.5,0.0,99.5,0.5,0.0,50.5,52.4,54.3,-88,13.8
2026-03-16 05:27:20,Pasillo Administrativo (E),37.7,Background Noise,33.2,33.2,0.0,0.0,100.0,0.0,0.0,30.9,33.0,35.0,-107,8.5
2026-03-16 05:27:25,Salón - Uma (E),63.0,Background Noise,56.8,56.8,56.6,0.0,98.0,2.0,0.0,54.1,56.3,58.7,-95,6.3
2026-03-16 05:27:27,Pasillo de Laboratorio (E),64.3,Background Noise,56.9,56.8,56.9,0.0,48.2,51.8,0.0,54.5,56.6,58.6,-99,12.0
2026-03-16 05:27:55,Salón - Extremo (E),63.8,Background Noise,46.8,46.6,60.8,0.0,99.8,0.2,0.0,40.1,40.7,50.7,-86,13.8
2026-03-16 05:31:59,Main Lobby (E),63.2,People,51.4,50.8,52.3,57.1,65.2,34.6,0.2,40.8,51.2,53.1,-93,13.3
2026-03-16 05:32:16,Pasillo de Salones (E),57.1,Background Noise,52.5,52.5,51.5,0.0,99.8,0.2,0.0,50.5,52.3,54.1,-86,13.3
2026-03-16 05:32:20,Pasillo Administrativo (E),38.5,Background Noise,33.5,33.5,0.0,0.0,100.0,0.0,0.0,30.9,33.1,35.4,-106,8.8
2026-03-16 05:32:25,Salón - Uma (E),62.2,Background Noise,56.7,56.7,56.4,0.0,98.0,2.0,0.0,54.1,56.3,58.6,-97,13.5
2026-03-16 05:32:27,Pasillo de Laboratorio (E),68.0,People,57.1,57.1,57.2,0.0,50.3,49.7,0.0,54.5,56.8,58.9,-99,12.3
2026-03-16 05:32:56,Salón - Extremo (E),53.2,Background Noise,46.6,46.6,0.0,0.0,100.0,0.0,0.0,40.1,40.6,50.9,-84,13.8
2026-03-16 05:36:59,Main Lobby (E),67.7,People,53.6,51.9,55.4,0.0,60.5,39.5,0.0,50.2,51.8,55.3,-94,13.5
2026-03-16 05:37:16,Pasillo de Salones (E),56.3,Background Noise,52.3,52.3,53.1,0.0,99.8,0.2,0.0,50.3,52.2,54.1,-87,13.8
2026-03-16 05:37:20,Pasillo Administrativo (E),54.9,Background Noise,34.3,34.3,0.0,0.0,100.0,0.0,0.0,31.3,33.4,35.6,-108,7.5
2026-03-16 05:37:25,Salón - Uma (E),63.3,Background Noise,56.6,56.6,56.2,0.0,96.2,3.7,0.0,53.8,56.2,58.5,-95,15.3
2026-03-16 05:37:27,Pasillo de Laboratorio (E),61.6,People,57.5,57.3,57.5,53.4,17.2,82.7,0.1,55.0,57.3,59.3,-100,10.3
2026-03-16 05:37:56,Salón - Extremo (E),67.6,People,46.9,46.3,60.7,0.0,99.5,0.5,0.0,40.1,40.6,50.9,-86,13.8
2026-03-16 05:41:59,Main Lobby (E),64.3,People,52.7,52.0,53.4,0.0,52.9,47.1,0.0,50.4,52.0,54.3,-95,13.3
2026-03-16 05:42:16,Pasillo de Salones (E),57.5,Background Noise,52.4,52.4,53.8,52.6,99.0,0.9,0.1,50.3,52.3,54.3,-87,13.5
2026-03-16 05:42:20,Pasillo Administrativo (E),39.5,Background Noise,33.9,33.9,0.0,0.0,100.0,0.0,0.0,31.4,33.7,35.7,-106,8.8
2026-03-16 05:42:25,Salón - Uma (E),61.3,Background Noise,56.4,56.5,56.3,0.0,96.5,3.5,0.0,53.6,56.1,58.4,-95,14.3
2026-03-16 05:42:27,Pasillo de Laboratorio (E),67.5,People,57.6,57.3,57.7,0.0,26.9,73.1,0.0,55.0,57.2,59.4,-100,11.8
2026-03-16 05:42:56,Salón - Extremo (E),61.5,Background Noise,47.0,47.0,51.9,46.5,99.2,0.6,0.2,40.1,40.7,50.9,-84,13.5
2026-03-16 05:46:59,Main Lobby (E),78.3,People,59.8,53.7,60.8,56.9,26.7,73.2,0.2,51.2,55.0,62.6,-94,10.5
2026-03-16 05:47:17,Pasillo de Salones (E),56.9,Background Noise,52.3,52.3,52.2,0.0,99.8,0.2,0.0,50.3,52.2,54.1,-86,13.8
2026-03-16 05:47:20,Pasillo Administrativo (E),65.3,People,56.3,53.3,57.8,40.0,45.8,54.1,0.1,33.3,57.2,59.0,-104,10.0
2026-03-16 05:47:25,Salón - Uma (E),65.4,Background Noise,56.4,56.4,56.0,0.0,95.1,4.9,0.0,53.6,56.1,58.2,-95,12.3
2026-03-16 05:47:27,Pasillo de Laboratorio (E),64.7,Vehicle,57.8,57.6,57.9,64.7,27.4,72.5,0.1,55.3,57.5,59.6,-98,12.0
2026-03-16 05:47:56,Salón - Extremo (E),54.2,Background Noise,46.2,46.2,0.0,0.0,100.0,0.0,0.0,40.1,40.5,50.8,-84,10.3
2026-03-16 05:51:59,Main Lobby (E),69.5,People,54.1,51.7,57.4,55.1,72.4,27.4,0.2,40.5,51.2,56.9,-94,11.3
2026-03-16 05:52:17,Pasillo de Salones (E),56.9,Background Noise,52.2,52.2,53.7,0.0,99.8,0.2,0.0,50.2,52.1,54.0,-86,13.5
2026-03-16 05:52:20,Pasillo Administrativo (E),72.4,People,59.2,58.7,59.3,59.6,22.9,76.9,0.2,57.3,58.7,60.3,-104,10.0
2026-03-16 05:52:25,Salón - Uma (E),61.0,Background Noise,56.2,56.2,55.8,0.0,96.5,3.5,0.0,53.5,55.8,58.1,-96,13.0
2026-03-16 05:52:28,Pasillo de Laboratorio (E),65.8,Background Noise,57.6,57.5,57.6,61.7,38.7,61.1,0.2,55.1,57.2,59.5,-100,12.0
2026-03-16 05:52:56,Salón - Extremo (E),53.7,Background Noise,46.1,46.1,40.3,40.3,99.8,0.1,0.2,40.1,40.5,50.6,-84,13.3
2026-03-16 05:56:59,Main Lobby (E),59.4,People,50.4,49.7,50.6,48.5,27.9,71.3,0.8,40.4,50.6,52.6,-92,13.5
2026-03-16 05:57:17,Pasillo de Salones (E),56.8,Background Noise,52.2,52.2,0.0,0.0,100.0,0.0,0.0,50.1,52.1,54.0,-88,14.0
2026-03-16 05:57:20,Pasillo Administrativo (E),61.7,People,58.7,58.6,58.8,0.0,20.4,79.6,0.0,57.2,58.6,60.0,-105,9.5
2026-03-16 05:57:26,Salón - Uma (E),65.7,Background Noise,56.0,56.0,56.0,0.0,97.3,2.7,0.0,53.4,55.6,58.0,-93,13.8
2026-03-16 05:57:28,Pasillo de Laboratorio (E),67.9,People,57.4,57.4,57.5,61.7,61.3,38.6,0.1,54.8,57.2,59.2,-100,12.0
2026-03-16 05:57:56,Salón - Extremo (E),53.8,Background Noise,46.2,46.2,0.0,0.0,100.0,0.0,0.0,40.1,40.6,50.6,-86,14.3
2026-03-16 06:02:00,Main Lobby (E),64.7,People,52.3,52.4,52.3,0.0,18.2,81.8,0.0,50.6,51.8,53.6,-91,11.5
2026-03-16 06:02:17,Pasillo de Salones (E),57.1,Background Noise,52.1,52.1,51.5,0.0,99.9,0.1,0.0,50.1,52.1,54.0,-86,13.8
2026-03-16 06:02:20,Pasillo Administrativo (E),74.1,Background Noise,60.0,60.4,59.8,59.2,24.6,75.2,0.2,57.8,59.6,61.5,-104,10.3
2026-03-16 06:02:26,Salón - Uma (E),60.9,Background Noise,56.1,56.1,56.0,0.0,98.8,1.2,0.0,53.4,55.8,57.9,-95,14.5
2026-03-16 06:02:28,Pasillo de Laboratorio (E),63.1,People,57.4,57.4,57.4,56.3,76.4,23.5,0.1,55.0,57.1,59.2,-100,12.0
2026-03-16 06:02:56,Salón - Extremo (E),53.6,Background Noise,45.7,45.7,0.0,0.0,100.0,0.0,0.0,40.1,40.6,50.7,-84,13.5
2026-03-16 06:07:00,Main Lobby (E),64.0,People,52.2,52.1,52.2,0.0,14.1,85.9,0.0,50.3,51.6,53.5,-93,13.8
2026-03-16 06:07:17,Pasillo de Salones (E),57.0,Background Noise,52.3,52.3,0.0,0.0,100.0,0.0,0.0,50.2,52.2,54.0,-87,13.0
2026-03-16 06:07:21,Pasillo Administrativo (E),64.2,People,60.2,60.4,60.2,0.0,20.8,79.2,0.0,58.2,60.1,61.7,-107,8.8
2026-03-16 06:07:26,Salón - Uma (E),65.4,Background Noise,56.2,56.2,55.8,0.0,99.1,0.9,0.0,53.5,55.8,58.1,-95,15.0
2026-03-16 06:07:28,Pasillo de Laboratorio (E),66.3,Background Noise,57.4,57.4,57.3,0.0,61.0,39.0,0.0,54.8,57.1,59.1,-100,11.5
2026-03-16 06:07:57,Salón - Extremo (E),55.7,Background Noise,47.3,47.3,40.1,40.6,99.8,0.2,0.1,40.1,40.7,50.9,-84,14.3
2026-03-16 06:12:00,Main Lobby (E),68.9,People,53.3,52.7,53.5,52.0,16.1,83.8,0.1,51.0,52.5,54.7,-92,13.0
2026-03-16 06:12:17,Pasillo de Salones (E),56.9,Background Noise,52.5,52.5,0.0,0.0,100.0,0.0,0.0,50.3,52.4,54.2,-88,11.5
2026-03-16 06:12:21,Pasillo Administrativo (E),68.3,People,60.3,60.3,60.3,58.7,15.1,84.8,0.2,58.4,60.1,61.7,-107,7.3
2026-03-16 06:12:26,Salón - Uma (E),61.4,Background Noise,56.3,56.3,56.4,0.0,99.1,0.9,0.0,53.6,55.9,58.2,-94,13.5
2026-03-16 06:12:28,Pasillo de Laboratorio (E),69.4,People,58.1,57.9,58.3,57.6,48.5,47.2,4.2,55.5,57.6,59.9,-99,12.0
2026-03-16 06:12:57,Salón - Extremo (E),52.8,Background Noise,46.2,46.2,0.0,0.0,100.0,0.0,0.0,40.1,40.6,50.8,-84,13.3
2026-03-16 06:17:00,Main Lobby (E),68.9,People,53.5,52.7,53.7,0.0,19.5,80.5,0.0,51.0,52.5,54.6,-93,12.3
2026-03-16 06:17:17,Pasillo de Salones (E),57.4,Background Noise,52.5,52.5,0.0,0.0,100.0,0.0,0.0,50.4,52.4,54.3,-88,14.0
2026-03-16 06:17:21,Pasillo Administrativo (E),66.1,Background Noise,60.2,60.2,60.2,0.0,11.1,88.9,0.0,58.5,60.0,61.6,-106,9.0
2026-03-16 06:17:26,Salón - Uma (E),63.3,Background Noise,56.2,56.2,56.0,0.0,99.5,0.5,0.0,53.4,55.9,58.1,-94,14.3
2026-03-16 06:17:28,Pasillo de Laboratorio (E),76.4,People,58.7,57.7,59.4,61.2,46.6,51.2,2.2,55.1,57.4,60.0,-99,12.3
2026-03-16 06:17:57,Salón - Extremo (E),53.9,Background Noise,45.8,45.8,0.0,0.0,100.0,0.0,0.0,40.1,40.5,50.5,-86,14.0
2026-03-16 06:22:00,Main Lobby (E),66.7,People,54.0,53.3,54.4,58.4,43.7,56.0,0.3,51.3,52.8,55.6,-96,13.0
2026-03-16 06:22:17,Pasillo de Salones (E),57.6,Background Noise,52.5,52.5,52.0,0.0,99.8,0.2,0.0,50.3,52.5,54.4,-87,13.5
2026-03-16 06:22:21,Pasillo Administrativo (E),64.4,Background Noise,60.2,60.2,60.2,0.0,11.2,88.8,0.0,58.4,60.1,61.6,-104,9.5
2026-03-16 06:22:26,Salón - Uma (E),62.4,Background Noise,56.5,56.5,56.4,0.0,99.5,0.5,0.0,53.6,56.0,58.5,-94,14.8
2026-03-16 06:22:28,Pasillo de Laboratorio (E),62.9,People,57.5,57.5,57.4,0.0,66.9,33.1,0.0,54.9,57.2,59.3,-100,10.5
2026-03-16 06:23:00,Salón - Extremo (E),51.1,Background Noise,45.6,45.6,0.0,0.0,100.0,0.0,0.0,40.1,40.6,50.5,-83,13.5
2026-03-16 06:27:00,Main Lobby (E),65.9,People,53.6,53.5,53.6,0.0,18.5,81.5,0.0,51.2,52.8,55.5,-95,11.5
2026-03-16 06:27:18,Pasillo de Salones (E),57.5,Background Noise,52.6,52.6,51.5,0.0,99.7,0.3,0.0,50.3,52.4,54.4,-87,13.3
2026-03-16 06:27:21,Pasillo Administrativo (E),69.0,People,60.9,60.2,61.0,0.0,15.8,84.2,0.0,58.5,60.4,62.3,-106,9.0
2026-03-16 06:27:26,Salón - Uma (E),61.5,Background Noise,56.3,56.3,55.8,0.0,98.7,1.3,0.0,53.5,56.0,58.5,-94,13.8
2026-03-16 06:27:30,Pasillo de Laboratorio (E),61.7,Background Noise,57.4,57.4,57.4,0.0,61.4,38.6,0.0,55.0,57.1,59.2,-100,10.3
2026-03-16 06:27:57,Salón - Extremo (E),53.5,Background Noise,46.1,46.1,47.3,0.0,99.6,0.4,0.0,40.1,40.6,50.6,-84,13.8
2026-03-16 06:32:00,Main Lobby (E),58.8,People,52.5,52.0,52.6,0.0,23.9,76.1,0.0,50.8,52.2,53.8,-86,13.5
2026-03-16 06:32:18,Pasillo de Salones (E),57.9,Background Noise,52.6,52.6,49.4,55.7,99.4,0.4,0.2,50.3,52.4,54.5,-77,9.0
2026-03-16 06:32:21,Pasillo Administrativo (E),72.0,People,61.4,60.5,61.6,61.8,24.7,75.2,0.1,58.6,60.3,63.2,-105,9.5
2026-03-16 06:32:26,Salón - Uma (E),61.7,Background Noise,56.2,56.2,56.0,0.0,99.4,0.6,0.0,53.5,55.9,58.1,-92,12.3
2026-03-16 06:32:30,Pasillo de Laboratorio (E),67.0,People,57.7,57.4,57.9,63.3,54.4,45.4,0.2,55.0,57.3,59.5,-89,14.0
2026-03-16 06:32:57,Salón - Extremo (E),52.8,Background Noise,46.9,46.9,50.7,0.0,99.9,0.1,0.0,40.1,40.6,51.0,-74,14.3
2026-03-16 06:37:00,Main Lobby (E),68.4,People,54.4,52.1,55.2,0.0,34.4,65.6,0.0,50.8,52.4,56.4,-85,12.8
2026-03-16 06:37:18,Pasillo de Salones (E),58.3,Background Noise,52.5,52.5,52.3,0.0,99.9,0.1,0.0,50.3,52.3,54.5,-75,13.8
2026-03-16 06:37:21,Pasillo Administrativo (E),72.7,People,60.4,60.2,60.5,59.3,32.7,67.2,0.1,58.3,60.0,61.7,-105,9.5
2026-03-16 06:37:27,Salón - Uma (E),61.3,Background Noise,56.3,56.3,56.2,0.0,99.2,0.8,0.0,53.5,55.9,58.2,-93,13.5
2026-03-16 06:37:29,Pasillo de Laboratorio (E),64.4,Background Noise,57.4,57.4,57.3,56.6,72.7,27.2,0.1,54.9,57.1,59.2,-88,14.3
2026-03-16 06:37:57,Salón - Extremo (E),59.3,Background Noise,47.0,47.0,0.0,0.0,100.0,0.0,0.0,40.1,40.7,50.9,-74,13.5
2026-03-16 06:42:01,Main Lobby (E),71.8,People,54.1,51.7,54.7,0.0,27.9,72.1,0.0,50.5,52.2,55.4,-89,14.0
2026-03-16 06:42:18,Pasillo de Salones (E),57.7,Background Noise,52.7,52.7,0.0,0.0,100.0,0.0,0.0,50.3,52.5,54.6,-76,13.5
2026-03-16 06:42:21,Pasillo Administrativo (E),70.5,Background Noise,60.1,60.2,60.0,0.0,31.1,68.9,0.0,58.4,59.9,61.4,-104,9.8
2026-03-16 06:42:27,Salón - Uma (E),63.5,Background Noise,56.4,56.4,57.0,0.0,99.8,0.2,0.0,53.6,55.9,58.4,-92,15.3
2026-03-16 06:42:30,Pasillo de Laboratorio (E),62.1,Background Noise,57.5,57.5,57.6,58.4,71.9,28.0,0.2,55.0,57.3,59.3,-90,13.3
2026-03-16 06:42:57,Salón - Extremo (E),52.9,Background Noise,46.7,46.7,0.0,0.0,100.0,0.0,0.0,40.1,40.7,50.7,-74,11.3
2026-03-16 06:47:01,Main Lobby (E),69.9,People,52.0,50.0,52.7,0.0,33.0,67.0,0.0,40.6,51.0,53.3,-86,13.3
2026-03-16 06:47:18,Pasillo de Salones (E),57.3,Background Noise,52.7,52.7,50.4,0.0,99.9,0.1,0.0,50.4,52.5,54.6,-77,13.8
2026-03-16 06:47:22,Pasillo Administrativo (E),80.6,People,60.9,60.5,61.1,60.2,36.5,63.3,0.2,58.6,60.2,61.8,-107,8.8
2026-03-16 06:47:27,Salón - Uma (E),61.5,Background Noise,56.5,56.5,55.2,0.0,99.5,0.5,0.0,53.6,56.0,58.5,-94,13.8
2026-03-16 06:47:29,Pasillo de Laboratorio (E),67.1,People,57.6,57.5,57.7,62.5,63.4,36.4,0.2,54.9,57.2,59.4,-89,13.5
2026-03-16 06:47:58,Salón - Extremo (E),52.7,Background Noise,47.1,47.1,48.5,40.0,94.8,5.1,0.1,40.1,40.7,50.9,-74,14.0
2026-03-16 06:52:01,Main Lobby (E),67.5,People,53.9,52.7,54.4,58.8,36.6,62.9,0.5,40.9,51.8,56.4,-84,13.0
2026-03-16 06:52:18,Pasillo de Salones (E),57.3,Background Noise,52.8,52.8,48.3,0.0,99.8,0.2,0.0,50.4,52.6,54.7,-78,13.5
2026-03-16 06:52:22,Pasillo Administrativo (E),64.7,People,60.3,60.1,60.3,0.0,23.8,76.2,0.0,58.5,60.1,61.7,-96,13.0
2026-03-16 06:52:27,Salón - Uma (E),62.1,Background Noise,56.4,56.4,57.3,0.0,99.7,0.3,0.0,53.6,56.0,58.5,-92,15.0
2026-03-16 06:52:29,Pasillo de Laboratorio (E),69.6,Background Noise,57.8,57.7,57.8,60.2,50.3,49.4,0.3,55.1,57.4,59.4,-89,11.5
2026-03-16 06:52:58,Salón - Extremo (E),59.0,Background Noise,47.7,47.7,48.1,0.0,99.7,0.3,0.0,40.1,40.8,51.1,-73,14.0
2026-03-16 06:57:01,Main Lobby (E),61.8,People,50.7,49.9,51.0,52.4,30.3,69.5,0.2,40.4,50.7,52.8,-86,13.5
2026-03-16 06:57:18,Pasillo de Salones (E),57.0,Background Noise,52.8,52.8,52.5,0.0,99.8,0.2,0.0,50.4,52.6,54.7,-76,14.0
2026-03-16 06:57:22,Pasillo Administrativo (E),63.2,Background Noise,60.1,60.1,60.1,0.0,30.9,69.1,0.0,58.4,60.0,61.4,-95,11.5
2026-03-16 06:57:27,Salón - Uma (E),62.5,Background Noise,56.4,56.4,55.1,0.0,99.4,0.6,0.0,53.4,56.0,58.4,-93,11.0
2026-03-16 06:57:29,Pasillo de Laboratorio (E),67.0,People,57.9,57.8,57.9,0.0,46.5,53.5,0.0,55.2,57.4,59.8,-89,13.8
2026-03-16 06:57:58,Salón - Extremo (E),53.1,Background Noise,45.4,45.3,49.8,0.0,99.6,0.4,0.0,40.1,40.5,50.5,-73,11.5
2026-03-16 07:02:01,Main Lobby (E),63.6,Background Noise,52.1,52.1,52.1,54.2,19.9,80.0,0.1,41.0,51.4,53.8,-86,14.0
2026-03-16 07:02:18,Pasillo de Salones (E),57.5,Background Noise,52.8,52.8,0.0,0.0,100.0,0.0,0.0,50.4,52.5,54.8,-76,14.3
2026-03-16 07:02:22,Pasillo Administrativo (E),76.0,People,60.1,60.1,60.2,0.0,24.3,75.7,0.0,58.2,59.9,61.4,-95,13.0
2026-03-16 07:02:27,Salón - Uma (E),62.6,Background Noise,56.5,56.5,55.7,0.0,99.8,0.2,0.0,53.7,56.1,58.5,-93,13.8
2026-03-16 07:02:29,Pasillo de Laboratorio (E),69.3,Background Noise,57.7,57.7,57.5,63.4,57.8,41.9,0.3,54.9,57.3,59.4,-90,13.8
2026-03-16 07:02:58,Salón - Extremo (E),59.5,Background Noise,46.3,46.3,50.9,0.0,99.8,0.2,0.0,40.1,40.6,50.7,-73,13.5
2026-03-16 07:07:01,Main Lobby (E),67.6,Background Noise,52.7,52.8,52.5,58.4,39.7,59.8,0.4,50.3,51.7,54.0,-85,13.5
2026-03-16 07:07:19,Pasillo de Salones (E),57.5,Background Noise,52.7,52.7,0.0,0.0,100.0,0.0,0.0,50.3,52.5,54.6,-77,9.3
2026-03-16 07:07:22,Pasillo Administrativo (E),63.6,People,60.1,60.0,60.1,0.0,35.2,64.7,0.0,58.4,59.9,61.4,-95,13.3
2026-03-16 07:07:27,Salón - Uma (E),62.1,Background Noise,56.5,56.5,55.8,0.0,99.3,0.7,0.0,53.6,56.0,58.5,-93,14.0
2026-03-16 07:07:29,Pasillo de Laboratorio (E),63.3,Background Noise,57.6,57.6,57.8,0.0,72.4,27.6,0.0,55.1,57.4,59.5,-90,13.5
2026-03-16 07:07:58,Salón - Extremo (E),59.2,Background Noise,46.3,46.3,0.0,0.0,100.0,0.0,0.0,40.1,40.6,50.8,-74,14.3
2026-03-16 07:12:01,Main Lobby (E),65.9,Background Noise,51.8,51.6,51.6,59.4,48.5,50.8,0.7,40.5,51.1,53.6,-85,9.8
2026-03-16 07:12:19,Pasillo de Salones (E),57.3,Background Noise,52.6,52.6,0.0,0.0,100.0,0.0,0.0,50.3,52.4,54.5,-78,13.8
2026-03-16 07:12:23,Pasillo Administrativo (E),63.1,Background Noise,60.0,60.0,60.0,0.0,28.8,71.2,0.0,58.3,59.9,61.4,-93,13.3
2026-03-16 07:12:27,Salón - Uma (E),62.4,Background Noise,56.6,56.6,56.6,0.0,99.2,0.8,0.0,53.8,56.2,58.6,-92,15.5
2026-03-16 07:12:30,Pasillo de Laboratorio (E),62.3,People,57.5,57.6,57.5,0.0,45.9,54.1,0.0,54.9,57.3,59.4,-90,13.5
2026-03-16 07:12:58,Salón - Extremo (E),60.0,Background Noise,47.2,47.1,51.2,0.0,99.8,0.2,0.0,40.1,40.6,51.0,-76,14.5
2026-03-16 07:17:01,Main Lobby (E),62.2,People,51.6,51.0,51.7,53.1,18.9,81.0,0.1,40.9,51.4,53.2,-84,13.8
2026-03-16 07:17:19,Pasillo de Salones (E),62.3,Background Noise,52.8,52.8,0.0,0.0,100.0,0.0,0.0,50.3,52.5,54.8,-77,14.5
2026-03-16 07:17:22,Pasillo Administrativo (E),63.4,Background Noise,60.0,60.1,60.0,0.0,39.9,60.1,0.0,58.3,60.0,61.3,-99,12.0
2026-03-16 07:17:28,Salón - Uma (E),62.3,Background Noise,56.7,56.7,56.6,0.0,99.6,0.4,0.0,53.8,56.3,58.8,-93,14.0
2026-03-16 07:17:30,Pasillo de Laboratorio (E),61.7,People,57.5,57.4,57.6,54.9,51.6,48.3,0.1,55.0,57.3,59.3,-90,13.8
2026-03-16 07:17:58,Salón - Extremo (E),59.1,Background Noise,47.5,47.5,0.0,0.0,100.0,0.0,0.0,40.1,40.7,51.2,-74,13.3
2026-03-16 07:22:02,Main Lobby (E),64.7,People,51.1,50.8,51.2,54.2,19.1,80.8,0.1,40.6,51.0,52.8,-85,13.0
2026-03-16 07:22:19,Pasillo de Salones (E),57.6,Background Noise,52.7,52.7,40.8,0.0,99.9,0.1,0.0,50.4,52.4,54.6,-78,13.8
2026-03-16 07:22:22,Pasillo Administrativo (E),63.3,People,60.0,60.1,60.0,0.0,33.7,66.3,0.0,58.4,59.8,61.3,-96,12.8
2026-03-16 07:22:28,Salón - Uma (E),61.8,Background Noise,56.7,56.7,55.4,0.0,99.5,0.5,0.0,53.9,56.4,58.7,-92,15.5
2026-03-16 07:22:31,Pasillo de Laboratorio (E),61.7,Background Noise,57.5,57.6,57.4,0.0,48.6,51.4,0.0,54.9,57.2,59.4,-89,14.0
2026-03-16 07:22:58,Salón - Extremo (E),54.0,Background Noise,46.6,46.6,47.9,40.4,97.9,1.8,0.3,40.1,40.6,50.9,-73,13.0
2026-03-16 07:27:02,Main Lobby (E),65.4,People,54.7,53.5,55.3,55.5,39.5,59.6,0.9,50.9,53.4,56.8,-87,13.3
2026-03-16 07:27:19,Pasillo de Salones (E),61.4,Background Noise,52.9,52.9,53.7,54.8,96.7,2.9,0.4,50.4,52.7,54.9,-76,14.0
2026-03-16 07:27:23,Pasillo Administrativo (E),63.2,People,60.0,60.0,60.0,0.0,39.8,60.2,0.0,58.4,59.9,61.3,-95,13.8
2026-03-16 07:27:28,Salón - Uma (E),61.8,Background Noise,56.8,56.8,56.2,0.0,98.8,1.2,0.0,54.0,56.4,58.8,-92,14.0
2026-03-16 07:27:30,Pasillo de Laboratorio (E),66.9,People,57.9,57.6,58.3,59.4,56.8,42.5,0.7,55.3,57.5,59.9,-90,13.3
2026-03-16 07:27:59,Salón - Extremo (E),59.1,Background Noise,47.8,47.9,48.0,40.6,98.3,1.5,0.2,40.1,40.8,51.3,-74,13.5
2026-03-16 07:32:02,Main Lobby (E),70.5,People,55.5,55.3,55.7,56.7,29.9,70.0,0.1,52.0,53.7,57.7,-85,13.5
2026-03-16 07:32:19,Pasillo de Salones (E),63.2,Background Noise,52.9,52.9,53.7,52.6,96.8,2.7,0.5,50.5,52.5,54.9,-76,13.5
2026-03-16 07:32:23,Pasillo Administrativo (E),67.8,People,60.0,60.0,60.0,63.5,37.3,62.6,0.1,58.3,59.8,61.3,-99,12.5
2026-03-16 07:32:28,Salón - Uma (E),61.8,Background Noise,56.7,56.7,55.9,0.0,98.8,1.2,0.0,53.9,56.3,58.7,-93,11.8
2026-03-16 07:32:30,Pasillo de Laboratorio (E),65.9,People,57.5,57.4,57.7,0.0,56.2,43.8,0.0,55.0,57.1,59.2,-90,13.0
2026-03-16 07:32:59,Salón - Extremo (E),56.4,Background Noise,47.7,47.6,49.4,49.8,97.4,2.1,0.5,40.1,40.8,51.2,-74,13.5
2026-03-16 07:37:02,Main Lobby (E),72.9,People,57.4,56.4,57.7,58.1,23.5,76.2,0.3,51.2,54.1,60.2,-91,13.5
2026-03-16 07:37:19,Pasillo de Salones (E),68.6,Background Noise,54.0,53.5,58.2,57.0,93.7,4.9,1.3,50.6,52.8,55.7,-77,14.3
2026-03-16 07:37:23,Pasillo Administrativo (E),66.9,People,59.8,59.8,59.8,0.0,28.2,71.8,0.0,58.1,59.7,61.1,-97,11.0
2026-03-16 07:37:28,Salón - Uma (E),62.1,Background Noise,56.7,56.7,57.0,0.0,97.8,2.2,0.0,53.9,56.2,58.7,-92,13.8
2026-03-16 07:37:30,Pasillo de Laboratorio (E),64.4,People,57.6,57.5,57.6,58.3,50.7,49.1,0.3,55.1,57.4,59.2,-90,13.5
2026-03-16 07:37:59,Salón - Extremo (E),60.0,Background Noise,48.0,48.0,47.5,0.0,99.8,0.2,0.0,40.1,40.8,51.4,-76,13.5
2026-03-16 07:42:02,Main Lobby (E),68.7,People,53.0,52.6,53.1,56.2,22.2,77.4,0.4,41.0,51.6,54.8,-86,13.8
2026-03-16 07:42:19,Pasillo de Salones (E),62.3,Background Noise,52.7,52.7,53.6,0.0,97.9,2.1,0.0,50.3,52.5,54.6,-77,14.3
2026-03-16 07:42:23,Pasillo Administrativo (E),70.2,Background Noise,59.8,59.8,59.8,0.0,33.8,66.2,0.0,58.0,59.6,61.1,-95,13.3
2026-03-16 07:42:28,Salón - Uma (E),64.0,Background Noise,56.7,56.7,58.8,0.0,99.0,1.0,0.0,53.8,56.2,58.8,-97,14.0
2026-03-16 07:42:30,Pasillo de Laboratorio (E),66.6,Background Noise,57.7,57.5,57.9,58.9,48.0,51.8,0.2,55.2,57.5,59.5,-89,13.5
2026-03-16 07:42:59,Salón - Extremo (E),58.7,Background Noise,47.5,47.5,40.4,0.0,99.8,0.2,0.0,40.1,40.7,51.1,-75,14.0
2026-03-16 07:47:02,Main Lobby (E),80.8,People,56.4,54.1,56.9,56.8,23.5,75.6,0.9,50.5,52.6,56.6,-86,13.8
2026-03-16 07:47:20,Pasillo de Salones (E),67.4,People,53.0,52.7,58.4,0.0,97.6,2.4,0.0,50.3,52.5,54.8,-77,9.0
2026-03-16 07:47:23,Pasillo Administrativo (E),69.7,People,60.0,59.8,60.1,0.0,34.4,65.6,0.0,58.1,59.7,61.4,-96,13.3
2026-03-16 07:47:28,Salón - Uma (E),62.5,Background Noise,56.7,56.7,56.7,0.0,99.2,0.8,0.0,54.0,56.4,58.7,-93,14.5
2026-03-16 07:47:30,Pasillo de Laboratorio (E),64.6,People,58.2,57.7,58.3,60.1,17.3,82.6,0.1,55.7,57.9,60.0,-90,12.8
2026-03-16 07:47:59,Salón - Extremo (E),59.5,Background Noise,47.0,47.0,40.3,0.0,99.9,0.1,0.0,40.1,40.7,51.0,-75,13.8
2026-03-16 07:52:02,Main Lobby (E),71.0,People,57.4,56.9,57.5,57.2,15.5,83.7,0.8,52.5,55.4,59.9,-90,13.3
2026-03-16 07:52:20,Pasillo de Salones (E),58.4,Background Noise,52.6,52.6,54.7,0.0,99.4,0.6,0.0,50.2,52.4,54.4,-78,13.5
2026-03-16 07:52:23,Pasillo Administrativo (E),71.2,People,60.2,59.7,60.3,61.9,29.6,70.4,0.1,58.0,59.7,61.5,-95,13.8
2026-03-16 07:52:28,Salón - Uma (E),64.5,Background Noise,56.7,56.8,56.3,0.0,99.4,0.6,0.0,54.1,56.4,58.7,-93,14.0
2026-03-16 07:52:31,Pasillo de Laboratorio (E),72.0,Vehicle,58.2,57.9,58.1,68.2,13.1,86.6,0.3,55.6,57.7,59.7,-89,11.8
2026-03-16 07:52:59,Salón - Extremo (E),59.8,Background Noise,47.4,47.4,0.0,0.0,100.0,0.0,0.0,40.1,40.7,51.1,-77,14.5
2026-03-16 07:57:02,Main Lobby (E),70.0,People,58.7,57.2,58.9,55.3,10.4,89.5,0.1,53.2,55.2,62.6,-91,13.8
2026-03-16 07:57:20,Pasillo de Salones (E),58.4,Background Noise,52.6,52.6,52.6,0.0,98.6,1.4,0.0,50.4,52.4,54.5,-76,14.3
2026-03-16 07:57:23,Pasillo Administrativo (E),69.8,People,60.0,60.1,59.9,0.0,28.6,71.4,0.0,58.0,59.6,61.2,-95,13.0
2026-03-16 07:57:29,Salón - Uma (E),62.8,Background Noise,56.8,56.8,57.8,0.0,98.0,2.0,0.0,53.9,56.4,58.9,-96,13.8
2026-03-16 07:57:31,Pasillo de Laboratorio (E),69.2,People,58.0,57.5,58.2,57.5,16.7,83.2,0.2,55.3,57.6,59.7,-89,14.3
2026-03-16 07:57:59,Salón - Extremo (E),57.3,Background Noise,47.8,47.8,51.5,0.0,99.8,0.3,0.0,40.1,40.8,51.2,-75,11.5
2026-03-16 08:02:03,Main Lobby (E),71.4,People,57.3,55.4,57.7,58.4,20.1,79.8,0.2,52.2,54.9,59.8,-82,11.3
2026-03-16 08:02:23,Pasillo de Salones (E),65.1,People,52.8,52.6,57.7,52.3,97.7,2.1,0.2,50.3,52.5,54.6,-76,13.5
2026-03-16 08:02:23,Pasillo Administrativo (E),68.1,People,59.5,59.6,59.5,0.0,20.0,80.0,0.0,57.8,59.3,60.9,-93,13.5
2026-03-16 08:02:29,Salón - Uma (E),64.7,Background Noise,56.7,56.7,56.8,0.0,99.3,0.7,0.0,53.9,56.4,58.6,-94,14.0
2026-03-16 08:02:31,Pasillo de Laboratorio (E),63.3,People,58.0,57.8,58.0,0.0,15.8,84.2,0.0,55.2,57.7,59.8,-89,11.8
2026-03-16 08:02:59,Salón - Extremo (E),60.9,Background Noise,48.1,48.1,0.0,41.0,99.9,0.0,0.1,40.1,40.8,51.5,-75,13.5
2026-03-16 08:07:03,Main Lobby (E),74.8,People,56.9,55.6,57.1,56.5,9.4,90.3,0.3,53.2,54.9,58.7,-82,14.8
2026-03-16 08:07:20,Pasillo de Salones (E),68.4,People,53.0,52.7,60.3,53.3,98.3,1.7,0.1,50.4,52.5,54.7,-77,14.0
2026-03-16 08:07:24,Pasillo Administrativo (E),66.5,People,59.4,59.3,59.4,0.0,29.0,71.0,0.0,57.7,59.2,60.7,-95,13.0
2026-03-16 08:07:29,Salón - Uma (E),62.9,Background Noise,56.8,56.8,57.1,0.0,98.7,1.3,0.0,54.0,56.4,58.7,-93,11.8
2026-03-16 08:07:31,Pasillo de Laboratorio (E),67.0,People,58.7,57.7,58.7,0.0,6.6,93.4,0.0,55.8,58.2,60.6,-90,13.8
2026-03-16 08:08:00,Salón - Extremo (E),54.3,Background Noise,47.9,47.9,50.3,0.0,99.9,0.1,0.0,40.1,40.9,51.3,-74,13.8
2026-03-16 08:12:03,Main Lobby (E),69.4,People,56.2,56.3,56.2,59.8,10.6,88.7,0.7,51.5,54.4,59.1,-84,13.5
2026-03-16 08:12:20,Pasillo de Salones (E),57.4,Background Noise,52.6,52.6,53.6,0.0,99.9,0.1,0.0,50.2,52.4,54.5,-76,14.0
2026-03-16 08:12:24,Pasillo Administrativo (E),62.7,Background Noise,59.4,59.4,59.3,0.0,28.1,71.9,0.0,57.7,59.2,60.7,-96,12.8
2026-03-16 08:12:29,Salón - Uma (E),63.9,Background Noise,56.8,56.8,57.5,0.0,99.8,0.2,0.0,53.9,56.4,58.9,-94,14.3
2026-03-16 08:12:31,Pasillo de Laboratorio (E),64.3,People,58.1,57.2,58.1,0.0,9.4,90.6,0.0,55.5,57.8,59.9,-90,13.5
2026-03-16 08:13:00,Salón - Extremo (E),59.4,Background Noise,48.3,48.3,48.8,0.0,99.6,0.4,0.0,40.1,41.0,51.5,-75,13.5
2026-03-16 08:17:03,Main Lobby (E),65.3,People,56.4,56.8,56.3,56.5,13.6,86.1,0.3,53.8,56.0,58.2,-84,14.0
2026-03-16 08:17:20,Pasillo de Salones (E),57.6,Background Noise,52.5,52.5,52.0,0.0,99.8,0.2,0.0,50.3,52.4,54.3,-78,13.8
2026-03-16 08:17:24,Pasillo Administrativo (E),64.1,People,59.7,59.6,59.7,0.0,30.9,69.1,0.0,58.0,59.5,61.1,-94,13.5
2026-03-16 08:17:29,Salón - Uma (E),62.4,Background Noise,56.8,56.8,56.2,0.0,99.3,0.7,0.0,54.1,56.6,58.7,-93,12.0
2026-03-16 08:17:33,Pasillo de Laboratorio (E),63.4,People,58.3,57.3,58.4,0.0,9.7,90.3,0.0,55.7,57.9,60.1,-89,13.5
2026-03-16 08:18:00,Salón - Extremo (E),66.5,People,49.6,49.3,56.3,52.5,97.3,1.9,0.8,40.2,50.2,52.0,-76,10.0
2026-03-16 08:22:03,Main Lobby (E),72.8,People,57.8,57.0,57.8,54.5,7.6,92.3,0.1,53.8,56.2,60.1,-86,12.5
2026-03-16 08:22:20,Pasillo de Salones (E),66.6,People,52.9,52.7,59.2,0.0,98.6,1.4,0.0,50.4,52.5,54.7,-77,14.5
2026-03-16 08:22:25,Pasillo Administrativo (E),70.0,Background Noise,59.9,59.9,59.8,60.7,19.2,80.7,0.2,57.9,59.5,61.1,-95,10.8
2026-03-16 08:22:29,Salón - Uma (E),62.9,Background Noise,56.7,56.7,56.7,0.0,99.0,1.0,0.0,53.9,56.3,58.8,-94,12.5
2026-03-16 08:22:31,Pasillo de Laboratorio (E),65.6,People,58.2,57.8,58.3,59.1,16.1,83.8,0.1,55.7,57.9,59.9,-90,13.5
2026-03-16 08:23:00,Salón - Extremo (E),57.8,Background Noise,49.1,48.7,51.4,40.1,88.2,11.8,0.1,40.2,50.1,52.2,-77,13.3
2026-03-16 08:27:03,Main Lobby (E),67.9,People,57.6,56.1,57.7,54.4,7.1,92.8,0.1,53.0,56.1,60.1,-84,14.3
2026-03-16 08:27:21,Pasillo de Salones (E),57.6,Background Noise,52.7,52.6,53.8,52.5,98.0,1.9,0.1,50.3,52.5,54.6,-79,13.3
2026-03-16 08:27:24,Pasillo Administrativo (E),79.1,People,60.3,60.0,60.5,0.0,33.0,67.0,0.0,58.1,59.6,61.4,-93,12.8
2026-03-16 08:27:30,Salón - Uma (E),63.4,Background Noise,56.9,56.9,57.4,0.0,99.1,0.9,0.0,54.0,56.4,58.9,-94,12.5
2026-03-16 08:27:31,Pasillo de Laboratorio (E),63.1,People,58.0,57.8,58.1,0.0,6.7,93.3,0.0,55.4,57.8,59.8,-89,13.8
2026-03-16 08:28:00,Salón - Extremo (E),59.4,Background Noise,48.9,48.5,50.9,51.3,87.1,11.3,1.6,40.2,50.1,52.0,-75,13.5
2026-03-16 08:32:03,Main Lobby (E),74.9,People,59.4,58.6,59.5,61.7,13.7,85.9,0.4,55.5,57.6,62.0,-86,13.3
2026-03-16 08:32:21,Pasillo de Salones (E),64.5,People,52.8,52.6,56.7,0.0,96.7,3.3,0.0,50.3,52.5,54.6,-77,14.0
2026-03-16 08:32:24,Pasillo Administrativo (E),65.5,People,60.0,59.9,60.1,0.0,34.8,65.2,0.0,58.2,59.7,61.4,-93,13.3
2026-03-16 08:32:30,Salón - Uma (E),62.6,Background Noise,57.0,57.0,57.4,0.0,98.6,1.4,0.0,54.2,56.5,59.1,-93,10.3
2026-03-16 08:32:32,Pasillo de Laboratorio (E),64.9,People,58.3,58.1,58.4,61.1,30.8,68.6,0.6,55.8,57.8,60.1,-88,11.8
2026-03-16 08:33:00,Salón - Extremo (E),56.8,Background Noise,47.5,47.5,48.9,40.7,98.5,1.4,0.1,40.1,40.7,51.3,-74,13.5
2026-03-16 08:37:03,Main Lobby (E),70.4,People,58.9,57.6,59.1,58.5,11.2,88.6,0.2,55.9,57.8,60.6,-84,13.0
2026-03-16 08:37:21,Pasillo de Salones (E),67.8,People,53.1,52.7,57.3,55.3,95.8,4.1,0.2,50.4,52.6,54.7,-79,13.8
2026-03-16 08:37:24,Pasillo Administrativo (E),66.4,Background Noise,60.0,60.0,60.0,0.0,18.1,81.9,0.0,58.2,59.8,61.4,-94,13.5
2026-03-16 08:37:30,Salón - Uma (E),63.7,Background Noise,57.0,57.0,56.2,0.0,98.8,1.2,0.0,53.9,56.5,59.0,-96,12.5
2026-03-16 08:37:32,Pasillo de Laboratorio (E),67.0,People,58.5,57.8,58.6,59.0,13.2,86.6,0.2,55.6,58.0,60.3,-89,13.8
2026-03-16 08:38:00,Salón - Extremo (E),58.1,Background Noise,47.5,47.5,49.2,0.0,99.8,0.2,0.0,40.1,40.7,51.2,-79,13.0
2026-03-16 08:42:04,Main Lobby (E),69.9,Background Noise,58.8,60.5,58.2,59.5,22.8,76.9,0.3,55.4,57.5,60.6,-84,10.3
2026-03-16 08:42:21,Pasillo de Salones (E),58.8,People,52.6,52.5,53.9,0.0,95.7,4.3,0.0,50.3,52.3,54.5,-78,9.0
2026-03-16 08:42:24,Pasillo Administrativo (E),70.3,Background Noise,59.7,59.9,59.7,60.2,24.9,75.0,0.1,57.9,59.5,61.1,-94,13.3
2026-03-16 08:42:30,Salón - Uma (E),64.6,Background Noise,56.9,57.0,55.9,0.0,99.4,0.6,0.0,54.2,56.5,58.9,-93,11.3
2026-03-16 08:42:32,Pasillo de Laboratorio (E),66.5,Background Noise,58.1,58.3,57.9,0.0,35.6,64.4,0.0,55.4,57.7,59.9,-89,13.8
2026-03-16 08:43:00,Salón - Extremo (E),59.0,Background Noise,47.3,47.3,50.5,0.0,99.8,0.3,0.0,40.1,40.7,51.0,-74,13.5
2026-03-16 08:47:04,Main Lobby (E),62.8,People,55.9,55.4,56.0,0.0,12.6,87.4,0.0,54.1,55.7,57.5,-85,10.5
2026-03-16 08:47:21,Pasillo de Salones (E),57.3,People,52.6,52.5,53.8,0.0,98.3,1.7,0.0,50.3,52.3,54.5,-77,14.8
2026-03-16 08:47:25,Pasillo Administrativo (E),62.8,People,59.5,59.5,59.5,0.0,42.4,57.6,0.0,57.8,59.3,60.9,-94,13.3
2026-03-16 08:47:33,Salón - Uma (E),61.9,Background Noise,56.9,56.9,55.9,0.0,99.4,0.6,0.0,54.1,56.5,58.9,-94,14.0
2026-03-16 08:47:33,Pasillo de Laboratorio (E),63.0,People,57.8,57.7,57.8,0.0,37.5,62.5,0.0,55.3,57.5,59.5,-89,13.0
2026-03-16 08:48:01,Salón - Extremo (E),60.3,Background Noise,48.6,48.6,40.7,0.0,99.8,0.2,0.0,40.1,40.9,51.7,-75,13.8
2026-03-16 08:52:04,Main Lobby (E),74.1,People,58.3,56.4,58.6,58.0,16.1,83.7,0.3,54.4,56.6,60.3,-84,13.5
2026-03-16 08:52:21,Pasillo de Salones (E),58.9,Background Noise,52.7,52.6,54.4,0.0,99.2,0.8,0.0,50.3,52.4,54.6,-87,13.8
2026-03-16 08:52:25,Pasillo Administrativo (E),71.4,People,60.0,59.9,60.1,60.8,37.5,62.4,0.1,57.9,59.6,61.3,-94,13.5
2026-03-16 08:52:30,Salón - Uma (E),62.7,Background Noise,56.9,56.9,56.5,0.0,99.1,0.9,0.0,54.0,56.4,58.9,-91,12.3
2026-03-16 08:52:32,Pasillo de Laboratorio (E),64.0,People,57.6,57.5,57.7,60.7,38.1,61.7,0.2,55.3,57.3,59.4,-101,9.8
2026-03-16 08:53:01,Salón - Extremo (E),61.4,Background Noise,49.7,49.6,52.0,50.5,96.4,2.7,0.8,40.2,50.2,52.5,-85,13.8
2026-03-16 08:57:04,Main Lobby (E),70.9,People,59.1,58.3,59.2,61.3,14.4,85.3,0.3,56.2,58.0,60.6,-84,9.3
2026-03-16 08:57:21,Pasillo de Salones (E),66.0,People,52.8,52.7,55.4,52.6,94.9,4.9,0.2,50.4,52.5,54.6,-87,13.5
2026-03-16 08:57:25,Pasillo Administrativo (E),65.7,Background Noise,59.7,59.7,59.8,0.0,38.0,62.0,0.0,57.9,59.5,61.3,-94,13.3
2026-03-16 08:57:30,Salón - Uma (E),62.5,Background Noise,56.9,56.9,57.3,0.0,98.4,1.6,0.0,54.0,56.5,59.0,-93,11.5
2026-03-16 08:57:35,Pasillo de Laboratorio (E),66.1,People,57.6,57.6,57.7,0.0,48.0,52.0,0.0,55.3,57.3,59.4,-100,12.0
2026-03-16 08:58:01,Salón - Extremo (E),58.2,Vehicle,49.6,49.4,51.4,54.3,96.9,2.1,1.0,40.2,50.2,52.4,-85,13.3
2026-03-16 09:02:04,Main Lobby (E),72.5,People,59.9,58.7,60.0,60.7,8.2,91.7,0.1,56.3,58.5,62.3,-100,12.3
2026-03-16 09:02:21,Pasillo de Salones (E),60.2,Background Noise,52.9,52.9,53.2,0.0,97.0,3.0,0.0,50.5,52.7,54.8,-88,14.3
2026-03-16 09:02:25,Pasillo Administrativo (E),64.2,People,59.7,59.7,59.6,0.0,25.0,75.0,0.0,57.8,59.4,61.2,-94,13.5
2026-03-16 09:02:30,Salón - Uma (E),63.8,Background Noise,57.0,57.0,56.8,0.0,90.8,9.2,0.0,54.3,56.7,58.9,-94,14.3
2026-03-16 09:02:32,Pasillo de Laboratorio (E),63.7,People,57.8,57.6,57.9,0.0,52.2,47.7,0.0,55.3,57.5,59.5,-100,12.0
2026-03-16 09:03:01,Salón - Extremo (E),60.9,Background Noise,48.7,48.4,51.4,50.0,92.1,6.4,1.5,40.2,41.0,51.8,-86,13.5
2026-03-16 09:07:04,Main Lobby (E),70.2,People,59.1,58.6,59.1,59.6,10.6,89.0,0.4,56.0,58.1,61.3,-98,12.5
2026-03-16 09:07:22,Pasillo de Salones (E),58.4,Background Noise,52.8,52.8,52.7,0.0,98.9,1.1,0.0,50.5,52.5,54.8,-89,13.8
2026-03-16 09:07:25,Pasillo Administrativo (E),70.3,People,59.7,59.6,59.8,0.0,38.9,61.1,0.0,57.7,59.4,61.2,-94,11.3
2026-03-16 09:07:30,Salón - Uma (E),62.6,Background Noise,56.9,56.9,57.0,0.0,79.2,20.8,0.0,54.2,56.5,58.9,-93,13.8
2026-03-16 09:07:32,Pasillo de Laboratorio (E),62.6,Background Noise,57.8,57.8,57.8,0.0,50.5,49.5,0.0,55.5,57.6,59.4,-100,12.0
2026-03-16 09:08:01,Salón - Extremo (E),58.4,People,48.8,48.5,50.8,49.8,89.8,8.5,1.7,40.2,50.0,51.9,-86,13.0
2026-03-16 09:12:04,Main Lobby (E),71.6,People,60.4,59.7,60.5,59.6,12.5,87.1,0.4,56.2,59.3,62.6,-99,12.0
2026-03-16 09:12:22,Pasillo de Salones (E),57.7,Background Noise,52.7,52.7,53.4,0.0,98.4,1.6,0.0,50.5,52.5,54.6,-87,13.3
2026-03-16 09:12:25,Pasillo Administrativo (E),70.2,Background Noise,60.0,60.0,60.0,65.4,27.2,72.6,0.2,57.9,59.6,61.5,-94,13.0
2026-03-16 09:12:30,Salón - Uma (E),64.1,Background Noise,57.1,57.1,57.3,0.0,85.8,14.3,0.0,54.2,56.7,59.1,-94,14.0
2026-03-16 09:12:33,Pasillo de Laboratorio (E),62.6,People,57.8,57.9,57.8,0.0,55.4,44.6,0.0,55.3,57.6,59.6,-100,12.3
2026-03-16 09:13:04,Salón - Extremo (E),56.6,Background Noise,47.4,47.4,40.7,0.0,99.9,0.1,0.0,40.1,40.7,51.1,-88,13.5
2026-03-16 09:17:04,Main Lobby (E),68.2,People,58.7,57.6,58.8,58.8,11.6,88.3,0.2,55.5,57.8,61.0,-97,12.5
2026-03-16 09:17:22,Pasillo de Salones (E),57.8,Background Noise,52.6,52.6,52.5,0.0,99.7,0.3,0.0,50.4,52.4,54.7,-89,11.5
2026-03-16 09:17:27,Pasillo Administrativo (E),65.6,People,59.8,59.8,59.8,0.0,28.4,71.6,0.0,57.9,59.5,61.4,-95,13.5
2026-03-16 09:17:31,Salón - Uma (E),62.5,Background Noise,57.0,57.1,57.0,55.2,92.3,7.6,0.1,54.3,56.7,59.0,-97,13.0
2026-03-16 09:17:33,Pasillo de Laboratorio (E),62.1,Background Noise,57.5,57.4,57.6,59.7,56.0,43.9,0.1,55.0,57.3,59.3,-101,11.5
2026-03-16 09:18:01,Salón - Extremo (E),53.7,Background Noise,47.3,47.3,50.1,0.0,99.8,0.2,0.0,40.1,40.8,51.1,-86,13.5
2026-03-16 09:22:05,Main Lobby (E),64.8,People,57.7,57.9,57.7,59.2,13.9,85.8,0.3,55.0,57.0,59.7,-98,13.0
2026-03-16 09:22:22,Pasillo de Salones (E),57.9,Background Noise,52.7,52.7,55.0,0.0,99.2,0.8,0.0,50.3,52.5,54.6,-86,13.8
2026-03-16 09:22:26,Pasillo Administrativo (E),65.7,People,59.6,59.7,59.6,0.0,23.3,76.7,0.0,57.6,59.3,61.2,-105,9.3
2026-03-16 09:22:31,Salón - Uma (E),65.4,Background Noise,57.0,57.0,57.1,0.0,98.3,1.8,0.0,54.3,56.6,58.9,-94,12.3
2026-03-16 09:22:33,Pasillo de Laboratorio (E),61.9,Background Noise,57.7,57.7,57.7,0.0,64.2,35.8,0.0,55.2,57.4,59.5,-101,11.8
2026-03-16 09:23:01,Salón - Extremo (E),56.8,Background Noise,48.2,48.2,0.0,0.0,100.0,0.0,0.0,40.2,41.0,51.4,-86,10.5
2026-03-16 09:27:05,Main Lobby (E),73.6,People,59.7,58.3,59.8,60.1,8.2,91.4,0.3,55.2,58.4,62.3,-99,11.8
2026-03-16 09:27:22,Pasillo de Salones (E),67.1,People,53.2,52.9,55.3,0.0,91.1,8.9,0.0,50.6,52.8,55.0,-89,13.5
2026-03-16 09:27:26,Pasillo Administrativo (E),71.2,People,59.8,59.9,59.8,64.3,26.8,73.0,0.2,57.8,59.4,61.1,-106,8.8
2026-03-16 09:27:31,Salón - Uma (E),62.4,Background Noise,57.1,57.1,56.2,0.0,98.1,1.9,0.0,54.2,56.8,59.2,-93,13.8
2026-03-16 09:27:33,Pasillo de Laboratorio (E),62.4,Background Noise,57.8,57.7,57.9,61.0,47.4,52.5,0.1,55.3,57.6,59.6,-99,12.0
2026-03-16 09:28:02,Salón - Extremo (E),60.9,Background Noise,49.7,49.6,51.5,50.0,96.1,2.9,1.0,40.2,50.2,52.5,-90,13.3
2026-03-16 09:32:05,Main Lobby (E),79.2,People,62.5,60.2,63.6,61.0,40.2,59.5,0.3,58.2,60.1,63.9,-96,13.3
2026-03-16 09:32:22,Pasillo de Salones (E),57.6,People,52.8,52.8,54.3,0.0,97.4,2.6,0.0,50.4,52.7,54.7,-89,13.8
2026-03-16 09:32:26,Pasillo Administrativo (E),71.6,Background Noise,60.1,60.0,60.2,61.3,34.3,65.6,0.1,58.0,59.7,61.6,-111,4.3
2026-03-16 09:32:31,Salón - Uma (E),65.6,Background Noise,57.1,57.1,56.7,0.0,99.0,1.0,0.0,54.2,56.6,59.0,-94,14.8
2026-03-16 09:32:33,Pasillo de Laboratorio (E),70.0,People,58.7,58.3,59.1,58.5,46.7,53.2,0.1,56.0,58.3,60.5,-101,11.8
2026-03-16 09:33:02,Salón - Extremo (E),56.7,Background Noise,48.4,48.4,48.2,0.0,99.5,0.5,0.0,40.2,41.0,51.5,-86,13.5
2026-03-16 09:37:05,Main Lobby (E),77.5,People,61.8,60.2,62.3,66.5,27.5,72.4,0.2,57.8,59.8,62.9,-97,12.8
2026-03-16 09:37:22,Pasillo de Salones (E),65.8,People,53.0,52.9,58.1,0.0,98.5,1.5,0.0,50.5,52.7,54.8,-87,13.5
2026-03-16 09:37:26,Pasillo Administrativo (E),74.3,People,61.3,60.3,61.5,0.0,20.3,79.7,0.0,58.2,60.1,63.0,-104,9.5
2026-03-16 09:37:31,Salón - Uma (E),63.6,Background Noise,57.2,57.2,56.5,0.0,97.8,2.2,0.0,54.4,56.8,59.2,-95,15.0
2026-03-16 09:37:33,Pasillo de Laboratorio (E),70.5,People,58.6,58.5,58.8,0.0,43.7,56.3,0.0,56.0,58.3,60.4,-101,11.3
2026-03-16 09:38:02,Salón - Extremo (E),56.6,Background Noise,48.4,48.4,51.2,0.0,99.8,0.2,0.0,40.2,41.0,51.6,-85,13.3
2026-03-16 09:42:05,Main Lobby (E),69.6,Background Noise,60.5,60.0,60.5,59.6,11.0,88.5,0.5,56.8,59.3,62.9,-94,13.3
2026-03-16 09:42:22,Pasillo de Salones (E),57.8,Background Noise,53.0,53.0,52.6,0.0,99.4,0.6,0.0,50.6,52.8,54.8,-88,14.0
2026-03-16 09:42:26,Pasillo Administrativo (E),67.5,People,59.9,60.2,59.9,60.1,16.5,83.3,0.2,57.9,59.6,61.5,-108,7.5
2026-03-16 09:42:31,Salón - Uma (E),63.2,Background Noise,57.2,57.3,56.1,0.0,98.4,1.6,0.0,54.4,56.8,59.3,-94,15.0
2026-03-16 09:42:33,Pasillo de Laboratorio (E),63.0,Background Noise,58.2,58.2,58.2,55.5,47.9,52.0,0.1,55.9,58.1,59.9,-100,10.3
2026-03-16 09:43:02,Salón - Extremo (E),61.4,Background Noise,50.7,50.7,52.6,52.0,96.3,3.2,0.5,40.3,50.8,53.5,-88,13.8
2026-03-16 09:47:05,Main Lobby (E),72.2,People,59.6,58.2,60.0,59.6,24.1,75.1,0.7,55.0,57.9,62.3,-98,1.5
2026-03-16 09:47:23,Pasillo de Salones (E),58.4,Background Noise,52.8,52.8,40.9,0.0,99.9,0.1,0.0,50.4,52.6,54.7,-89,13.8
2026-03-16 09:47:27,Pasillo Administrativo (E),69.7,People,59.7,59.8,59.7,63.1,23.6,76.2,0.2,57.7,59.4,61.3,-107,7.8
2026-03-16 09:47:31,Salón - Uma (E),63.5,Background Noise,57.2,57.2,56.4,0.0,98.2,1.8,0.0,54.4,56.8,59.2,-94,11.8
2026-03-16 09:47:34,Pasillo de Laboratorio (E),61.9,People,58.2,58.0,58.3,0.0,34.2,65.8,0.0,55.7,58.1,59.8,-100,11.8
2026-03-16 09:48:02,Salón - Extremo (E),55.8,Background Noise,47.3,47.3,48.0,40.2,99.8,0.2,0.1,40.1,40.8,51.1,-85,13.5
2026-03-16 09:52:05,Main Lobby (E),71.0,People,57.6,57.6,57.7,58.9,22.5,76.8,0.7,54.2,56.6,59.7,-95,13.5
2026-03-16 09:52:23,Pasillo de Salones (E),57.7,Background Noise,52.8,52.8,52.6,0.0,99.9,0.1,0.0,50.4,52.5,54.6,-89,13.5
2026-03-16 09:52:26,Pasillo Administrativo (E),70.0,Background Noise,59.8,60.0,59.7,0.0,30.1,69.9,0.0,57.7,59.5,61.4,-105,9.5
2026-03-16 09:52:31,Salón - Uma (E),63.6,Background Noise,57.2,57.2,56.3,0.0,98.7,1.3,0.0,54.2,56.8,59.1,-92,13.8
2026-03-16 09:52:34,Pasillo de Laboratorio (E),62.7,People,57.9,57.9,57.9,0.0,39.5,60.5,0.0,55.6,57.6,59.6,-101,11.5
2026-03-16 09:53:02,Salón - Extremo (E),52.8,Background Noise,47.7,47.7,40.4,0.0,99.9,0.1,0.0,40.1,40.8,51.0,-86,14.0
2026-03-16 09:57:05,Main Lobby (E),72.8,People,61.1,59.1,61.3,57.5,9.3,90.5,0.2,57.0,59.6,63.3,-93,10.8
2026-03-16 09:57:23,Pasillo de Salones (E),58.0,Background Noise,52.7,52.7,54.3,0.0,99.8,0.2,0.0,50.6,52.6,54.4,-87,13.5
2026-03-16 09:57:26,Pasillo Administrativo (E),64.9,Background Noise,59.7,59.8,59.6,0.0,27.1,72.9,0.0,57.8,59.4,61.3,-103,10.5
2026-03-16 09:57:32,Salón - Uma (E),63.1,Background Noise,57.1,57.1,57.1,0.0,98.0,2.0,0.0,54.3,56.8,59.1,-92,15.0
2026-03-16 09:57:34,Pasillo de Laboratorio (E),71.3,People,59.3,58.2,59.6,0.0,24.1,75.9,0.0,56.2,58.6,61.5,-101,12.0
2026-03-16 09:58:02,Salón - Extremo (E),55.1,Background Noise,48.1,48.1,51.3,51.4,99.5,0.4,0.1,40.2,40.9,51.4,-86,10.5
2026-03-16 10:02:06,Main Lobby (E),73.1,People,62.1,60.0,62.3,63.8,6.7,93.1,0.3,57.3,59.6,65.2,-96,9.5
2026-03-16 10:02:23,Pasillo de Salones (E),59.8,People,53.1,52.9,54.7,0.0,88.2,11.8,0.0,50.7,52.8,55.0,-88,11.8
2026-03-16 10:02:28,Pasillo Administrativo (E),71.4,Background Noise,59.9,59.9,59.8,0.0,26.1,73.9,0.0,57.9,59.5,61.3,-104,8.0
2026-03-16 10:02:32,Salón - Uma (E),63.6,Background Noise,57.2,57.2,57.3,0.0,96.4,3.6,0.0,54.4,56.9,59.2,-92,14.3
2026-03-16 10:02:34,Pasillo de Laboratorio (E),66.2,People,58.6,58.4,58.9,0.0,52.1,47.9,0.0,56.1,58.3,60.3,-99,6.8
2026-03-16 10:03:02,Salón - Extremo (E),60.2,Background Noise,48.2,48.2,48.3,49.6,94.9,4.6,0.5,40.1,40.9,51.5,-86,13.8
2026-03-16 10:07:06,Main Lobby (E),79.3,People,69.8,64.6,69.8,0.0,0.9,99.1,0.0,62.5,68.3,73.2,-98,12.0
2026-03-16 10:07:23,Pasillo de Salones (E),58.2,Background Noise,53.2,53.0,53.4,0.0,47.7,52.3,0.0,50.9,53.0,55.1,-86,12.8
2026-03-16 10:07:27,Pasillo Administrativo (E),70.7,People,60.4,59.9,60.5,62.4,21.1,78.9,0.1,57.9,59.6,62.0,-109,6.8
2026-03-16 10:07:32,Salón - Uma (E),62.7,Background Noise,57.4,57.4,57.2,0.0,95.2,4.8,0.0,54.6,57.0,59.3,-94,15.0
2026-03-16 10:07:34,Pasillo de Laboratorio (E),66.0,People,58.4,58.4,58.5,60.2,25.5,74.4,0.2,56.1,58.1,60.2,-100,12.3
2026-03-16 10:08:03,Salón - Extremo (E),55.6,People,48.2,48.2,48.2,47.4,90.6,8.9,0.5,40.2,40.9,51.7,-86,11.5
2026-03-16 10:12:06,Main Lobby (E),78.7,People,70.2,0.0,70.2,0.0,0.0,100.0,0.0,63.3,68.2,73.8,-95,13.5
2026-03-16 10:12:23,Pasillo de Salones (E),57.7,Background Noise,53.3,53.0,53.4,52.3,34.8,65.0,0.2,50.9,53.1,55.0,-86,11.5
2026-03-16 10:12:27,Pasillo Administrativo (E),69.9,Background Noise,60.3,60.3,60.3,0.0,14.5,85.5,0.0,58.2,59.9,61.9,-108,7.0
2026-03-16 10:12:32,Salón - Uma (E),67.3,Background Noise,57.4,57.4,57.3,0.0,95.8,4.2,0.0,54.5,57.0,59.3,-94,13.8
2026-03-16 10:12:34,Pasillo de Laboratorio (E),72.9,People,58.4,58.2,58.5,0.0,23.4,76.6,0.0,55.7,57.9,59.9,-100,12.0
2026-03-16 10:13:03,Salón - Extremo (E),57.0,Background Noise,48.0,47.9,48.2,47.6,87.7,11.8,0.4,40.1,40.9,51.3,-85,12.0
2026-03-16 10:17:06,Main Lobby (E),77.5,People,68.6,62.5,68.6,61.2,2.0,97.8,0.2,60.1,66.7,72.2,-95,13.8
2026-03-16 10:17:23,Pasillo de Salones (E),68.5,People,53.9,53.1,54.6,53.5,47.0,52.8,0.2,50.9,53.3,55.7,-88,14.0
2026-03-16 10:17:27,Pasillo Administrativo (E),64.6,Background Noise,59.8,59.7,59.8,59.8,19.8,80.1,0.1,57.9,59.5,61.3,-103,2.8
2026-03-16 10:17:32,Salón - Uma (E),72.0,People,59.7,58.1,61.9,59.3,69.0,30.7,0.2,55.1,58.2,62.2,-94,15.0
2026-03-16 10:17:34,Pasillo de Laboratorio (E),63.7,People,57.9,58.0,57.9,0.0,17.7,82.3,0.0,55.6,57.6,59.6,-99,8.5
2026-03-16 10:18:03,Salón - Extremo (E),58.1,Background Noise,47.9,47.8,48.8,47.5,93.8,6.0,0.2,40.1,40.8,51.3,-85,10.0
2026-03-16 10:22:06,Main Lobby (E),77.9,People,67.3,61.3,67.3,0.0,1.6,98.4,0.0,58.8,63.3,71.6,-93,12.8
2026-03-16 10:22:23,Pasillo de Salones (E),64.4,People,53.3,52.9,54.2,52.0,72.3,27.6,0.1,50.7,52.8,55.0,-88,13.5
2026-03-16 10:22:27,Pasillo Administrativo (E),70.0,People,59.9,59.9,59.9,0.0,26.4,73.6,0.0,58.1,59.7,61.3,-108,6.8
2026-03-16 10:22:32,Salón - Uma (E),64.2,Background Noise,57.4,57.3,57.8,56.3,95.5,4.2,0.3,54.4,57.0,59.3,-90,14.0
2026-03-16 10:22:34,Pasillo de Laboratorio (E),66.3,People,58.2,57.9,58.3,59.0,28.2,71.7,0.1,55.4,57.8,60.0,-102,11.0
2026-03-16 10:23:03,Salón - Extremo (E),58.0,Background Noise,47.9,47.8,48.6,49.5,94.8,5.0,0.2,40.1,40.8,51.4,-85,13.8
2026-03-16 10:27:06,Main Lobby (E),75.8,People,64.0,61.2,64.1,62.0,5.3,94.3,0.4,57.6,62.0,67.1,-95,13.0
2026-03-16 10:27:24,Pasillo de Salones (E),68.0,People,54.0,53.4,57.4,53.5,89.5,10.2,0.3,51.1,53.1,55.4,-89,13.3
2026-03-16 10:27:27,Pasillo Administrativo (E),71.7,People,60.7,60.1,60.8,0.0,21.9,78.1,0.0,58.1,59.8,62.1,-107,9.3
2026-03-16 10:27:32,Salón - Uma (E),65.2,Background Noise,57.7,57.5,59.2,58.0,88.4,11.5,0.1,54.6,57.2,59.6,-92,15.5
2026-03-16 10:27:34,Pasillo de Laboratorio (E),68.3,People,58.0,57.7,58.3,58.8,52.5,47.0,0.5,55.3,57.6,59.7,-100,11.8
2026-03-16 10:28:03,Salón - Extremo (E),58.4,People,47.7,47.5,49.8,47.2,91.5,6.5,2.0,40.2,40.8,51.3,-84,14.0
2026-03-16 10:32:06,Main Lobby (E),74.1,People,57.4,56.6,57.5,55.4,10.8,88.8,0.4,53.8,56.1,59.3,-97,12.3
2026-03-16 10:32:24,Pasillo de Salones (E),66.0,People,53.1,52.9,56.0,0.0,95.8,4.2,0.0,50.6,52.8,54.8,-89,13.8
2026-03-16 10:32:27,Pasillo Administrativo (E),72.5,People,60.8,60.3,60.8,0.0,10.4,89.6,0.0,58.4,60.2,62.4,-106,8.5
2026-03-16 10:32:32,Salón - Uma (E),65.0,Background Noise,57.3,57.4,56.9,58.1,95.8,3.9,0.3,54.5,57.0,59.3,-94,13.3
2026-03-16 10:32:35,Pasillo de Laboratorio (E),63.9,Background Noise,57.6,57.6,57.7,0.0,51.1,48.9,0.0,55.2,57.4,59.4,-100,12.3
2026-03-16 10:33:03,Salón - Extremo (E),56.0,People,47.3,47.1,49.0,47.7,92.5,6.7,0.8,40.1,40.8,51.0,-88,13.8
2026-03-16 10:37:06,Main Lobby (E),72.4,People,60.3,58.7,60.4,59.4,6.7,93.2,0.2,55.9,58.6,62.8,-96,12.5
2026-03-16 10:37:24,Pasillo de Salones (E),66.5,People,53.7,53.2,55.9,55.6,85.8,14.1,0.2,50.9,53.1,55.3,-87,13.8
2026-03-16 10:37:27,Pasillo Administrativo (E),75.9,People,61.0,61.2,60.9,61.2,19.8,80.1,0.1,58.3,60.1,62.3,-106,9.0
2026-03-16 10:37:33,Salón - Uma (E),62.2,Background Noise,57.4,57.4,57.7,0.0,95.6,4.4,0.0,54.7,57.1,59.3,-92,15.5
2026-03-16 10:37:35,Pasillo de Laboratorio (E),69.2,People,57.6,57.4,57.8,59.6,52.2,47.5,0.3,55.0,57.2,59.3,-101,11.8
2026-03-16 10:38:03,Salón - Extremo (E),55.2,Background Noise,47.6,47.6,51.1,40.7,99.3,0.6,0.1,40.1,40.8,51.4,-86,13.0
2026-03-16 10:42:07,Main Lobby (E),70.6,People,58.6,57.4,59.0,57.3,26.2,73.4,0.3,54.4,56.8,61.3,-93,11.0
2026-03-16 10:42:24,Pasillo de Salones (E),66.7,People,53.2,53.0,56.1,56.4,95.6,4.1,0.3,50.5,52.9,55.0,-88,11.8
2026-03-16 10:42:27,Pasillo Administrativo (E),80.6,People,60.8,60.5,60.9,0.0,14.1,85.9,0.0,58.3,60.1,62.0,-110,5.5
2026-03-16 10:42:33,Salón - Uma (E),73.6,Background Noise,57.8,57.8,59.2,0.0,94.8,5.2,0.0,54.6,57.1,59.7,-92,10.5
2026-03-16 10:42:35,Pasillo de Laboratorio (E),62.9,People,57.6,57.5,57.7,60.1,57.5,42.2,0.3,55.0,57.4,59.4,-101,10.0
2026-03-16 10:43:03,Salón - Extremo (E),58.3,People,47.4,47.3,50.3,40.9,98.4,1.4,0.2,40.1,40.8,51.2,-85,13.5
2026-03-16 10:47:07,Main Lobby (E),76.7,People,60.9,58.4,61.2,59.9,11.2,88.4,0.4,55.2,57.9,63.3,-95,13.3
2026-03-16 10:47:24,Pasillo de Salones (E),57.3,Background Noise,53.1,53.1,53.8,55.4,98.8,1.0,0.2,50.7,52.9,54.8,-87,13.8
2026-03-16 10:47:28,Pasillo Administrativo (E),72.0,People,60.4,60.1,60.4,0.0,19.1,80.9,0.0,58.2,59.9,61.8,-106,8.5
2026-03-16 10:47:33,Salón - Uma (E),64.4,People,57.4,57.4,58.0,59.3,97.4,2.1,0.5,54.5,57.0,59.4,-90,13.8
2026-03-16 10:47:35,Pasillo de Laboratorio (E),63.9,Background Noise,57.7,57.8,57.5,57.9,68.6,31.1,0.2,55.2,57.4,59.4,-100,11.8
2026-03-16 10:48:04,Salón - Extremo (E),56.8,Background Noise,48.9,48.7,51.4,51.3,94.8,4.6,0.6,40.2,50.0,52.2,-85,13.3
2026-03-16 10:52:07,Main Lobby (E),75.3,People,60.1,59.0,60.2,60.2,5.7,94.1,0.3,54.3,58.2,63.0,-95,13.5
2026-03-16 10:52:24,Pasillo de Salones (E),57.5,Background Noise,53.1,53.1,53.5,0.0,99.4,0.6,0.0,50.6,52.9,55.0,-87,13.3
2026-03-16 10:52:28,Pasillo Administrativo (E),70.3,Background Noise,60.5,60.5,60.5,0.0,23.7,76.3,0.0,58.2,60.0,62.2,-105,8.0
2026-03-16 10:52:33,Salón - Uma (E),63.9,People,57.4,57.4,58.5,0.0,98.0,2.0,0.0,54.3,57.0,59.4,-91,16.0
2026-03-16 10:52:35,Pasillo de Laboratorio (E),65.8,People,57.5,57.4,57.6,0.0,77.1,22.9,0.0,55.1,57.1,59.3,-100,10.0
2026-03-16 10:53:04,Salón - Extremo (E),58.8,People,48.7,48.5,51.6,52.4,95.8,3.2,1.0,40.2,50.0,51.8,-85,13.8
2026-03-16 10:57:07,Main Lobby (E),72.5,People,57.8,57.6,57.9,59.5,20.7,79.1,0.2,54.2,56.2,59.3,-94,13.3
2026-03-16 10:57:26,Pasillo de Salones (E),58.3,Background Noise,53.0,53.0,51.9,0.0,99.9,0.1,0.0,50.7,52.8,54.9,-87,13.8
2026-03-16 10:57:28,Pasillo Administrativo (E),72.2,People,60.4,60.4,60.4,63.8,24.1,75.6,0.2,58.3,59.9,62.0,-103,10.3
2026-03-16 10:57:33,Salón - Uma (E),63.7,Background Noise,57.5,57.5,57.2,57.3,97.9,2.0,0.1,54.7,57.1,59.4,-90,13.8
2026-03-16 10:57:35,Pasillo de Laboratorio (E),67.3,People,57.7,57.4,58.0,0.0,50.5,49.5,0.0,55.1,57.3,59.5,-100,12.0
2026-03-16 10:58:04,Salón - Extremo (E),54.8,Background Noise,47.7,47.7,48.6,0.0,99.8,0.2,0.0,40.1,40.8,51.3,-88,13.5
2026-03-16 11:02:07,Main Lobby (E),74.1,People,61.9,58.3,62.4,58.3,15.7,83.5,0.8,55.9,59.1,65.1,-100,11.8
2026-03-16 11:02:24,Pasillo de Salones (E),59.1,Background Noise,53.1,53.1,53.0,0.0,97.5,2.5,0.0,50.6,52.8,55.0,-88,13.5
2026-03-16 11:02:28,Pasillo Administrativo (E),76.4,Background Noise,60.7,61.2,60.5,0.0,23.6,76.4,0.0,58.1,59.9,62.1,-105,8.8
2026-03-16 11:02:33,Salón - Uma (E),71.1,Background Noise,57.5,57.5,57.9,0.0,95.1,4.9,0.0,54.6,57.0,59.5,-95,14.8
2026-03-16 11:02:35,Pasillo de Laboratorio (E),67.4,People,57.5,57.4,57.7,0.0,61.2,38.7,0.0,55.0,57.2,59.3,-101,11.8
2026-03-16 11:03:04,Salón - Extremo (E),57.6,Background Noise,47.9,47.9,51.5,0.0,99.9,0.1,0.0,40.1,40.8,51.3,-86,13.8
2026-03-16 11:07:07,Main Lobby (E),74.3,People,64.1,62.0,64.1,59.6,5.1,94.8,0.2,57.9,61.6,67.7,-93,13.0
2026-03-16 11:07:25,Pasillo de Salones (E),56.7,Background Noise,52.8,52.8,52.9,0.0,99.7,0.3,0.0,50.6,52.6,54.7,-89,13.5
2026-03-16 11:07:28,Pasillo Administrativo (E),74.7,People,62.4,60.8,62.6,62.5,12.9,86.9,0.2,58.5,60.8,64.9,-108,7.3
2026-03-16 11:07:33,Salón - Uma (E),71.3,Background Noise,57.6,57.5,59.9,0.0,98.1,1.9,0.0,54.5,57.0,59.6,-93,13.5
2026-03-16 11:07:36,Pasillo de Laboratorio (E),71.2,People,58.3,57.9,58.4,61.1,38.5,58.8,2.7,55.2,57.6,60.2,-101,12.5
2026-03-16 11:08:04,Salón - Extremo (E),58.6,Background Noise,47.0,47.0,53.2,40.1,99.8,0.2,0.1,40.1,40.7,50.9,-85,13.5
2026-03-16 11:12:07,Main Lobby (E),76.6,People,61.8,58.6,62.0,58.7,9.0,90.9,0.1,55.9,59.0,64.8,-94,13.3
2026-03-16 11:12:25,Pasillo de Salones (E),58.4,Background Noise,52.9,52.9,0.0,0.0,100.0,0.0,0.0,50.6,52.7,54.9,-87,13.8
2026-03-16 11:12:28,Pasillo Administrativo (E),75.8,People,61.3,61.1,61.4,60.0,9.2,90.8,0.1,58.7,60.7,62.9,-106,8.8
2026-03-16 11:12:33,Salón - Uma (E),63.1,Background Noise,57.4,57.4,57.1,0.0,99.3,0.7,0.0,54.4,56.9,59.4,-91,15.8
2026-03-16 11:12:36,Pasillo de Laboratorio (E),66.6,Vehicle,57.6,57.5,57.8,61.7,61.6,37.9,0.5,55.1,57.2,59.2,-101,11.3
2026-03-16 11:13:04,Salón - Extremo (E),52.7,Background Noise,46.7,46.7,0.0,0.0,100.0,0.0,0.0,40.1,40.7,50.8,-87,11.3
2026-03-16 11:17:07,Main Lobby (E),73.1,People,62.0,59.0,62.2,60.7,11.1,88.8,0.2,56.5,59.1,65.3,-94,11.5
2026-03-16 11:17:25,Pasillo de Salones (E),67.9,People,53.5,52.9,58.2,0.0,94.1,5.9,0.0,50.7,52.8,54.9,-88,14.3
2026-03-16 11:17:28,Pasillo Administrativo (E),72.0,People,61.4,60.1,61.7,61.9,18.7,81.1,0.2,58.2,60.3,63.6,-106,8.8
2026-03-16 11:17:34,Salón - Uma (E),62.6,People,57.3,57.2,57.7,0.0,96.8,3.2,0.0,54.4,56.8,59.3,-95,14.5
2026-03-16 11:17:36,Pasillo de Laboratorio (E),69.6,Background Noise,57.8,57.6,58.0,62.1,50.9,48.9,0.2,55.0,57.2,59.5,-101,11.3
2026-03-16 11:18:04,Salón - Extremo (E),56.8,Background Noise,47.3,47.3,48.8,0.0,99.3,0.7,0.0,40.1,40.7,51.1,-84,14.0
2026-03-16 11:22:08,Main Lobby (E),79.1,People,61.2,58.3,61.5,59.9,13.5,85.8,0.8,56.0,58.3,63.3,-95,13.0
2026-03-16 11:22:25,Pasillo de Salones (E),66.0,People,53.5,53.3,56.4,0.0,95.1,4.9,0.0,50.9,53.0,55.1,-86,13.8
2026-03-16 11:22:29,Pasillo Administrativo (E),72.9,Background Noise,60.5,60.3,60.6,59.6,31.2,68.7,0.1,57.9,59.6,61.9,-107,7.5
2026-03-16 11:22:34,Salón - Uma (E),69.1,People,57.8,57.6,59.4,0.0,91.3,8.7,0.0,54.6,57.3,59.8,-94,11.5
2026-03-16 11:22:36,Pasillo de Laboratorio (E),64.7,Vehicle,57.2,57.1,57.4,64.7,63.6,36.3,0.1,54.7,57.0,59.0,-101,12.0
2026-03-16 11:23:04,Salón - Extremo (E),54.2,Background Noise,47.2,47.2,52.0,0.0,99.9,0.1,0.0,40.1,40.7,51.2,-86,13.5
2026-03-16 11:27:08,Main Lobby (E),78.9,People,61.2,59.0,61.7,60.7,22.3,77.5,0.2,57.0,58.9,63.1,-93,13.0
2026-03-16 11:27:25,Pasillo de Salones (E),65.5,People,53.2,53.1,56.2,0.0,97.3,2.7,0.0,50.8,52.9,55.2,-88,11.5
2026-03-16 11:27:29,Pasillo Administrativo (E),84.5,People,61.7,60.3,62.1,62.9,22.7,77.1,0.2,58.1,59.9,62.3,-107,8.3
2026-03-16 11:27:34,Salón - Uma (E),62.6,Background Noise,57.4,57.5,56.5,0.0,98.7,1.3,0.0,54.7,57.0,59.4,-93,14.0
2026-03-16 11:27:36,Pasillo de Laboratorio (E),71.1,People,58.2,57.4,59.2,63.3,63.4,35.6,1.1,54.8,57.2,59.9,-100,12.3
2026-03-16 11:28:05,Salón - Extremo (E),54.5,Background Noise,47.6,47.6,52.1,0.0,99.8,0.2,0.0,40.1,40.8,51.2,-88,13.8
2026-03-16 11:32:08,Main Lobby (E),79.5,People,62.5,58.7,62.7,60.1,9.1,90.7,0.3,57.0,59.1,64.3,-95,13.3
2026-03-16 11:32:25,Pasillo de Salones (E),63.5,People,53.1,53.0,55.1,53.2,94.1,5.8,0.1,50.6,52.9,54.8,-89,14.0
2026-03-16 11:32:29,Pasillo Administrativo (E),70.3,People,56.9,55.3,57.5,56.0,34.7,64.1,1.3,39.5,52.9,60.5,-108,8.3
2026-03-16 11:32:34,Salón - Uma (E),65.4,People,57.6,57.5,58.3,0.0,98.0,2.0,0.0,54.5,57.1,59.5,-93,13.5
2026-03-16 11:32:39,Pasillo de Laboratorio (E),69.7,People,58.1,57.4,58.6,58.8,50.1,49.6,0.3,55.0,57.2,59.6,-100,12.3
2026-03-16 11:33:05,Salón - Extremo (E),53.7,Background Noise,47.3,47.3,0.0,0.0,100.0,0.0,0.0,40.1,40.7,51.1,-87,13.8
2026-03-16 11:37:08,Main Lobby (E),73.8,People,62.1,59.9,62.2,59.9,7.3,92.5,0.2,56.7,59.2,65.6,-97,12.8
2026-03-16 11:37:25,Pasillo de Salones (E),66.9,People,54.0,53.3,55.7,51.9,76.6,23.2,0.2,51.0,53.3,55.7,-87,13.8
2026-03-16 11:37:29,Pasillo Administrativo (E),75.7,People,51.7,50.1,54.4,50.6,71.9,27.5,0.6,38.2,40.4,52.6,-104,10.0
2026-03-16 11:37:34,Salón - Uma (E),64.4,Background Noise,57.5,57.5,57.5,0.0,95.4,4.6,0.0,54.5,57.1,59.5,-94,12.3
2026-03-16 11:37:36,Pasillo de Laboratorio (E),70.1,People,58.2,57.5,58.4,57.8,31.5,68.1,0.4,55.2,57.5,59.7,-100,12.3
2026-03-16 11:38:05,Salón - Extremo (E),55.3,Background Noise,47.4,47.4,50.7,40.6,98.7,1.2,0.2,40.1,40.8,51.1,-86,13.3
2026-03-16 11:42:08,Main Lobby (E),75.1,People,63.0,60.5,63.1,0.0,5.2,94.8,0.0,56.9,60.3,66.0,-91,13.5
2026-03-16 11:42:25,Pasillo de Salones (E),67.4,People,54.3,53.7,54.7,51.9,45.0,54.9,0.1,51.7,53.8,55.9,-88,14.0
2026-03-16 11:42:29,Pasillo Administrativo (E),69.8,Background Noise,49.7,49.3,50.9,49.1,78.0,21.6,0.4,38.0,40.4,51.9,-105,8.0
2026-03-16 11:42:34,Salón - Uma (E),62.2,Background Noise,57.3,57.3,57.5,54.9,97.0,2.9,0.1,54.6,57.0,59.4,-94,14.0
2026-03-16 11:42:36,Pasillo de Laboratorio (E),62.5,People,57.6,57.5,57.6,58.4,55.8,44.0,0.3,55.2,57.3,59.4,-100,12.0
2026-03-16 11:43:05,Salón - Extremo (E),53.6,Background Noise,46.8,46.8,48.5,40.2,99.2,0.7,0.1,40.1,40.6,50.9,-85,13.5
2026-03-16 11:47:08,Main Lobby (E),74.7,People,62.7,61.5,62.8,60.9,6.4,93.3,0.3,56.1,60.4,65.6,-99,10.3
2026-03-16 11:47:26,Pasillo de Salones (E),69.7,People,54.9,53.5,56.2,0.0,57.6,42.4,0.0,51.5,53.7,56.5,-87,13.3
2026-03-16 11:47:29,Pasillo Administrativo (E),71.4,People,49.3,47.6,52.5,52.9,76.6,23.3,0.2,36.9,40.1,52.1,-104,10.5
2026-03-16 11:47:34,Salón - Uma (E),71.8,People,57.7,57.5,58.9,0.0,88.7,11.3,0.0,54.8,57.1,59.6,-93,12.0
2026-03-16 11:47:36,Pasillo de Laboratorio (E),71.9,People,59.7,58.8,60.1,62.3,34.7,64.9,0.4,55.5,58.0,62.1,-100,11.8
2026-03-16 11:48:05,Salón - Extremo (E),56.4,People,47.2,47.1,49.6,0.0,96.2,3.7,0.0,40.1,40.8,51.1,-84,14.3
2026-03-16 11:52:08,Main Lobby (E),71.8,People,58.3,57.5,58.4,0.0,9.5,90.5,0.0,54.0,56.5,61.0,-98,12.3
2026-03-16 11:52:26,Pasillo de Salones (E),63.0,Background Noise,53.5,53.4,55.3,0.0,94.3,5.7,0.0,50.9,53.1,55.4,-88,12.0
2026-03-16 11:52:29,Pasillo Administrativo (E),63.7,Background Noise,44.2,43.9,50.2,40.7,97.7,2.2,0.2,35.9,38.3,40.9,-108,7.5
2026-03-16 11:52:34,Salón - Uma (E),67.2,People,58.7,57.8,59.2,57.6,44.3,55.5,0.2,55.3,58.1,60.8,-92,14.0
2026-03-16 11:52:37,Pasillo de Laboratorio (E),75.1,People,59.7,58.4,60.0,60.4,21.6,78.4,0.1,55.9,58.4,61.9,-101,9.0
2026-03-16 11:53:05,Salón - Extremo (E),55.0,Background Noise,47.1,47.1,0.0,0.0,100.0,0.0,0.0,40.1,40.7,51.1,-88,14.0
2026-03-16 11:57:08,Main Lobby (E),73.7,People,60.2,58.0,60.5,60.0,11.4,87.9,0.7,53.4,57.6,63.5,-94,13.8
2026-03-16 11:57:26,Pasillo de Salones (E),65.8,People,53.6,53.3,56.7,0.0,94.4,5.6,0.0,51.0,53.1,55.4,-88,13.5
2026-03-16 11:57:29,Pasillo Administrativo (E),62.6,People,53.1,51.9,54.1,56.2,52.9,47.0,0.1,38.2,52.3,56.6,-106,9.3
2026-03-16 11:57:35,Salón - Uma (E),69.4,Background Noise,59.0,58.0,59.6,60.1,43.4,56.5,0.1,55.6,58.2,61.1,-96,15.0
2026-03-16 11:57:37,Pasillo de Laboratorio (E),68.8,People,59.0,57.5,59.5,0.0,28.9,71.1,0.0,55.5,58.0,61.4,-101,12.0
2026-03-16 11:58:05,Salón - Extremo (E),54.7,Background Noise,48.1,48.1,0.0,0.0,100.0,0.0,0.0,40.2,41.0,51.2,-87,11.8
2026-03-16 12:02:08,Main Lobby (E),71.6,Background Noise,59.7,60.7,59.7,0.0,3.2,96.8,0.0,55.7,57.9,62.7,-97,12.8
2026-03-16 12:02:26,Pasillo de Salones (E),57.9,Background Noise,53.1,53.1,53.7,0.0,98.3,1.7,0.0,50.7,52.9,55.0,-89,14.0
2026-03-16 12:02:31,Pasillo Administrativo (E),66.7,Background Noise,54.7,54.8,54.7,56.7,34.2,65.5,0.2,40.7,53.8,57.1,-104,10.0
2026-03-16 12:02:35,Salón - Uma (E),63.9,People,57.8,57.6,58.4,57.3,85.0,14.9,0.1,54.8,57.3,59.8,-92,15.0
2026-03-16 12:02:37,Pasillo de Laboratorio (E),73.2,People,59.6,57.9,60.3,58.3,34.1,65.6,0.2,55.6,58.0,61.9,-99,10.3
2026-03-16 12:03:05,Salón - Extremo (E),53.8,Background Noise,47.9,47.9,0.0,0.0,100.0,0.0,0.0,40.1,40.9,51.3,-85,13.5
2026-03-16 12:07:09,Main Lobby (E),74.3,People,61.3,58.5,61.4,58.4,6.0,93.6,0.4,54.5,57.7,64.2,-93,13.0
2026-03-16 12:07:26,Pasillo de Salones (E),58.1,Background Noise,53.1,53.1,53.4,0.0,97.3,2.7,0.0,50.8,52.9,54.9,-86,13.5
2026-03-16 12:07:30,Pasillo Administrativo (E),75.6,People,55.1,54.7,55.2,50.6,26.6,73.4,0.1,50.0,53.5,57.1,-104,10.0
2026-03-16 12:07:35,Salón - Uma (E),69.2,Background Noise,58.4,58.0,58.9,0.0,64.8,35.2,0.0,55.3,57.9,60.3,-90,14.0
2026-03-16 12:07:37,Pasillo de Laboratorio (E),74.2,People,63.3,61.4,63.1,68.1,29.0,64.6,6.4,56.2,59.5,67.2,-99,12.3
2026-03-16 12:08:06,Salón - Extremo (E),54.5,Background Noise,47.4,47.4,47.1,0.0,99.6,0.4,0.0,40.1,40.7,51.2,-85,13.8
2026-03-16 12:12:09,Main Lobby (E),73.8,People,62.2,59.8,62.4,60.2,10.2,89.5,0.3,55.0,60.1,65.4,-94,13.0
2026-03-16 12:12:26,Pasillo de Salones (E),67.3,People,53.9,53.4,57.7,0.0,93.7,6.3,0.0,51.0,53.3,55.5,-87,13.5
2026-03-16 12:12:30,Pasillo Administrativo (E),65.5,Background Noise,53.9,54.4,53.5,40.1,40.8,59.2,0.1,40.5,53.3,56.5,-106,8.0
2026-03-16 12:12:35,Salón - Uma (E),66.9,People,57.7,57.6,58.7,56.8,91.6,8.2,0.3,54.8,57.2,59.8,-92,14.5
2026-03-16 12:12:37,Pasillo de Laboratorio (E),68.4,People,58.1,57.6,58.3,56.8,40.4,58.7,0.9,55.5,57.7,59.8,-100,12.3
2026-03-16 12:13:06,Salón - Extremo (E),53.6,Background Noise,48.2,48.2,0.0,0.0,100.0,0.0,0.0,40.2,40.9,51.5,-86,13.5
2026-03-16 12:17:09,Main Lobby (E),77.7,People,61.1,57.8,61.4,57.3,11.3,88.6,0.1,54.3,57.0,63.9,-95,13.5
2026-03-16 12:17:26,Pasillo de Salones (E),68.6,People,53.9,53.4,57.9,54.0,93.3,6.5,0.2,51.1,53.3,55.4,-88,14.0
2026-03-16 12:17:30,Pasillo Administrativo (E),77.5,People,54.5,54.3,54.7,39.5,34.8,65.0,0.2,40.6,53.0,56.3,-106,8.8
2026-03-16 12:17:35,Salón - Uma (E),68.2,Background Noise,58.5,58.0,59.2,0.0,61.6,38.4,0.0,55.5,57.9,60.5,-95,14.8
2026-03-16 12:17:37,Pasillo de Laboratorio (E),74.3,People,58.8,57.7,59.3,57.1,33.2,66.7,0.1,55.5,57.9,60.6,-100,12.3
2026-03-16 12:18:06,Salón - Extremo (E),55.0,People,48.1,48.1,52.5,0.0,99.5,0.5,0.0,40.2,40.9,51.4,-85,14.0
2026-03-16 12:22:09,Main Lobby (E),79.1,People,62.9,61.5,63.0,62.6,9.2,90.5,0.3,56.0,59.5,65.7,-94,11.0
2026-03-16 12:22:26,Pasillo de Salones (E),67.8,People,54.3,53.8,56.4,59.8,87.6,12.2,0.2,51.3,53.6,55.8,-88,13.5
2026-03-16 12:22:30,Pasillo Administrativo (E),71.2,People,54.7,54.8,54.6,50.0,39.0,60.7,0.3,40.9,53.5,56.9,-104,10.3
2026-03-16 12:22:35,Salón - Uma (E),71.1,Background Noise,59.3,58.5,60.2,54.1,59.4,40.5,0.1,55.4,58.3,61.4,-92,15.8
2026-03-16 12:22:37,Pasillo de Laboratorio (E),67.8,People,57.8,57.3,58.3,53.9,46.3,53.6,0.1,55.0,57.2,59.6,-100,11.8
2026-03-16 12:23:06,Salón - Extremo (E),61.1,People,49.2,49.1,51.5,48.9,82.3,5.9,11.8,40.2,50.2,52.1,-87,14.3
2026-03-16 12:27:09,Main Lobby (E),72.8,People,58.7,57.5,58.9,59.0,15.6,83.9,0.5,52.9,55.7,61.2,-96,13.0
2026-03-16 12:27:27,Pasillo de Salones (E),57.9,People,53.4,53.4,53.5,0.0,95.7,4.3,0.0,50.9,53.2,55.1,-87,14.0
2026-03-16 12:27:30,Pasillo Administrativo (E),72.1,Background Noise,55.7,56.5,55.2,54.9,37.0,62.7,0.3,50.3,54.0,57.6,-106,7.8
2026-03-16 12:27:35,Salón - Uma (E),70.0,People,59.5,58.0,61.1,0.0,59.0,41.0,0.0,55.5,58.1,61.7,-90,13.8
2026-03-16 12:27:38,Pasillo de Laboratorio (E),67.7,People,58.5,57.5,59.4,61.6,56.9,42.6,0.5,55.0,57.4,60.5,-100,12.3
2026-03-16 12:28:06,Salón - Extremo (E),54.4,Background Noise,47.8,47.7,48.6,47.9,85.3,5.6,9.1,40.2,40.8,51.4,-85,13.8
2026-03-16 12:32:09,Main Lobby (E),73.9,People,61.5,59.7,61.6,60.6,8.0,91.7,0.3,54.1,58.9,64.8,-95,13.3
2026-03-16 12:32:27,Pasillo de Salones (E),65.8,People,53.5,53.2,55.8,0.0,92.7,7.3,0.0,51.0,53.0,55.1,-87,13.0
2026-03-16 12:32:31,Pasillo Administrativo (E),76.6,People,57.9,56.0,58.6,53.9,32.3,67.4,0.3,50.4,54.9,60.8,-103,10.5
2026-03-16 12:32:36,Salón - Uma (E),69.2,Background Noise,57.9,57.8,59.0,59.0,88.7,11.3,0.1,54.9,57.4,59.8,-95,12.5
2026-03-16 12:32:38,Pasillo de Laboratorio (E),76.6,People,61.4,59.7,61.9,59.7,26.4,73.0,0.6,56.2,59.0,64.0,-100,9.3
2026-03-16 12:33:06,Salón - Extremo (E),56.1,People,47.9,47.9,50.0,44.8,94.2,4.4,1.4,40.1,40.8,51.3,-88,13.8
2026-03-16 12:37:09,Main Lobby (E),71.0,People,59.3,58.4,59.3,60.1,7.7,91.9,0.3,53.6,57.2,62.2,-93,13.3
2026-03-16 12:37:27,Pasillo de Salones (E),67.2,People,53.6,53.4,56.0,51.9,92.7,7.2,0.1,51.0,53.1,55.3,-89,13.0
2026-03-16 12:37:30,Pasillo Administrativo (E),70.4,Background Noise,54.1,55.0,53.4,50.1,39.2,60.4,0.4,40.5,53.2,56.8,-104,9.8
2026-03-16 12:37:36,Salón - Uma (E),68.7,Background Noise,58.0,57.7,59.0,54.0,78.5,21.4,0.1,54.9,57.5,60.1,-99,11.8
2026-03-16 12:37:38,Pasillo de Laboratorio (E),74.2,People,60.9,59.4,61.4,58.7,27.9,71.9,0.2,56.0,58.7,63.4,-99,12.0
2026-03-16 12:38:06,Salón - Extremo (E),55.4,Background Noise,47.5,47.5,49.8,46.5,97.7,1.3,1.0,40.2,40.8,51.2,-85,12.8
2026-03-16 12:42:09,Main Lobby (E),75.2,People,59.8,59.3,59.8,65.2,3.7,96.1,0.2,53.7,57.2,62.5,-98,12.8
2026-03-16 12:42:27,Pasillo de Salones (E),64.7,People,53.6,53.5,55.9,0.0,95.8,4.2,0.0,51.1,53.3,55.4,-86,13.5
2026-03-16 12:42:31,Pasillo Administrativo (E),61.9,Background Noise,53.4,53.9,53.0,52.9,40.0,59.8,0.2,40.2,52.8,56.3,-102,10.8
2026-03-16 12:42:36,Salón - Uma (E),70.6,Background Noise,58.1,57.9,58.6,56.7,72.2,27.8,0.1,55.0,57.6,60.0,-93,13.5
2026-03-16 12:42:38,Pasillo de Laboratorio (E),71.8,People,59.3,58.1,59.6,56.8,28.3,71.7,0.1,55.7,58.1,61.3,-99,12.0
2026-03-16 12:43:06,Salón - Extremo (E),57.4,Background Noise,48.5,48.1,52.5,48.6,92.6,5.6,1.8,40.1,41.0,51.6,-84,14.0
2026-03-16 12:47:10,Main Lobby (E),72.3,People,56.9,56.2,57.0,0.0,15.1,84.9,0.0,52.0,54.7,59.1,-94,12.8
2026-03-16 12:47:27,Pasillo de Salones (E),57.8,Background Noise,53.4,53.4,54.2,0.0,99.8,0.2,0.0,50.9,53.2,55.2,-89,14.0
2026-03-16 12:47:31,Pasillo Administrativo (E),67.7,People,53.7,54.2,53.3,54.7,37.6,62.2,0.3,40.5,52.9,56.4,-105,9.0
2026-03-16 12:47:36,Salón - Uma (E),65.8,People,58.1,57.7,59.9,0.0,88.1,11.9,0.0,54.9,57.5,60.2,-91,15.0
2026-03-16 12:47:38,Pasillo de Laboratorio (E),72.8,People,60.8,59.6,61.2,62.0,24.4,74.8,0.8,55.7,58.3,63.8,-100,11.8
2026-03-16 12:48:07,Salón - Extremo (E),54.4,Background Noise,47.4,47.4,0.0,0.0,100.0,0.0,0.0,40.2,40.8,51.1,-86,9.8
2026-03-16 12:52:10,Main Lobby (E),72.2,Vehicle,59.5,58.4,59.7,66.0,18.8,80.8,0.4,54.6,57.2,62.7,-96,13.0
2026-03-16 12:52:27,Pasillo de Salones (E),58.7,Background Noise,53.4,53.4,52.4,0.0,99.2,0.8,0.0,51.1,53.2,55.2,-88,11.8
2026-03-16 12:52:31,Pasillo Administrativo (E),69.5,Background Noise,54.5,54.9,54.3,48.9,41.0,58.2,0.7,40.8,53.4,57.0,-106,9.0
2026-03-16 12:52:36,Salón - Uma (E),64.8,People,58.0,57.8,59.0,58.9,88.3,11.4,0.3,54.9,57.5,59.9,-96,13.5
2026-03-16 12:52:38,Pasillo de Laboratorio (E),72.2,People,59.4,58.1,60.1,58.4,38.9,60.8,0.3,55.5,58.0,61.2,-100,12.0
2026-03-16 12:53:07,Salón - Extremo (E),55.4,Background Noise,48.3,48.3,0.0,0.0,100.0,0.0,0.0,40.1,40.9,51.7,-87,13.3
2026-03-16 12:57:10,Main Lobby (E),73.0,People,60.0,57.1,60.6,58.4,20.7,79.2,0.1,54.3,56.9,63.4,-95,13.0
2026-03-16 12:57:27,Pasillo de Salones (E),70.3,People,54.1,53.5,56.2,54.6,83.3,16.5,0.2,51.2,53.4,55.7,-88,13.3
2026-03-16 12:57:31,Pasillo Administrativo (E),71.3,People,55.1,55.0,55.4,51.7,54.7,44.6,0.7,40.6,53.8,57.3,-104,9.0
2026-03-16 12:57:36,Salón - Uma (E),67.9,People,58.8,58.3,59.8,59.8,67.7,32.0,0.3,55.4,58.0,61.0,-94,14.3
2026-03-16 12:57:38,Pasillo de Laboratorio (E),66.6,People,58.0,57.6,58.1,58.4,24.7,75.1,0.3,55.1,57.4,59.9,-100,11.5
2026-03-16 12:58:07,Salón - Extremo (E),55.7,People,47.9,47.8,48.9,47.1,92.6,6.2,1.3,40.2,40.9,51.3,-85,10.3
2026-03-16 13:02:10,Main Lobby (E),77.9,People,61.0,59.0,61.5,60.6,22.4,76.9,0.7,55.7,58.7,63.4,-96,12.8
2026-03-16 13:02:27,Pasillo de Salones (E),68.5,People,53.8,53.4,59.3,55.4,96.6,3.3,0.1,51.1,53.2,55.3,-88,13.5
2026-03-16 13:02:31,Pasillo Administrativo (E),73.1,People,53.7,50.4,55.8,63.2,59.9,39.3,0.8,37.1,50.1,57.2,-104,8.5
2026-03-16 13:02:36,Salón - Uma (E),63.4,Background Noise,57.6,57.6,57.4,0.0,83.7,16.3,0.0,54.7,57.1,59.6,-95,14.8
2026-03-16 13:02:38,Pasillo de Laboratorio (E),66.7,People,57.7,57.4,57.8,56.1,36.4,63.2,0.4,55.0,57.2,59.5,-101,11.5
2026-03-16 13:03:07,Salón - Extremo (E),59.8,Background Noise,47.7,47.7,47.2,46.6,94.7,4.5,0.8,40.2,40.8,51.1,-85,13.3
2026-03-16 13:07:10,Main Lobby (E),76.9,People,59.9,57.6,60.1,63.2,14.0,85.2,0.8,54.0,56.9,61.8,-97,12.5
2026-03-16 13:07:28,Pasillo de Salones (E),68.8,People,53.7,53.3,57.8,0.0,94.4,5.6,0.0,50.8,53.1,55.3,-86,13.5
2026-03-16 13:07:33,Pasillo Administrativo (E),71.6,Background Noise,53.8,51.2,55.2,62.7,49.6,49.9,0.5,36.9,40.4,57.0,-108,8.0
2026-03-16 13:07:36,Salón - Uma (E),64.1,Background Noise,57.6,57.6,57.6,0.0,94.8,5.2,0.0,54.8,57.2,59.6,-94,14.8
2026-03-16 13:07:39,Pasillo de Laboratorio (E),74.9,Background Noise,57.9,57.7,58.3,57.0,61.4,38.3,0.3,55.0,57.2,59.5,-102,11.3
2026-03-16 13:08:07,Salón - Extremo (E),57.3,Background Noise,48.2,48.1,52.5,48.7,98.2,1.3,0.5,40.2,40.9,51.5,-86,14.3
2026-03-16 13:12:10,Main Lobby (E),77.6,People,63.7,60.0,63.8,60.8,6.8,92.9,0.2,55.8,60.6,67.1,-94,13.3
2026-03-16 13:12:28,Pasillo de Salones (E),65.1,People,53.7,53.6,56.3,54.0,95.0,4.9,0.1,51.2,53.3,55.5,-87,13.8
2026-03-16 13:12:32,Pasillo Administrativo (E),77.0,People,58.2,54.2,59.6,54.0,38.2,61.0,0.7,37.9,53.5,61.8,-108,7.5
2026-03-16 13:12:37,Salón - Uma (E),62.5,Background Noise,57.7,57.7,57.1,0.0,95.8,4.2,0.0,54.9,57.4,59.7,-91,12.3
2026-03-16 13:12:39,Pasillo de Laboratorio (E),69.4,People,58.6,57.8,58.8,58.5,20.3,79.2,0.5,55.4,57.7,60.5,-100,12.3
2026-03-16 13:13:07,Salón - Extremo (E),59.4,Background Noise,48.3,48.2,51.8,51.7,98.4,1.1,0.5,40.1,40.9,51.5,-85,14.0
2026-03-16 13:17:10,Main Lobby (E),76.2,People,65.4,62.0,65.5,0.0,7.1,92.9,0.0,58.9,63.2,68.5,-97,13.0
2026-03-16 13:17:28,Pasillo de Salones (E),68.6,People,55.8,54.6,57.5,57.4,67.7,32.2,0.2,52.2,54.5,57.6,-89,14.0
2026-03-16 13:17:31,Pasillo Administrativo (E),72.3,Background Noise,56.5,55.5,57.1,56.0,38.1,61.1,0.8,39.8,53.3,59.4,-108,6.8
2026-03-16 13:17:37,Salón - Uma (E),64.3,Background Noise,58.0,58.0,58.2,0.0,85.2,14.8,0.0,55.1,57.6,60.1,-97,12.8
2026-03-16 13:17:39,Pasillo de Laboratorio (E),66.5,People,57.8,57.4,57.9,59.4,22.1,77.7,0.3,55.0,57.3,59.7,-101,10.3
2026-03-16 13:18:07,Salón - Extremo (E),58.6,Background Noise,48.2,48.1,51.3,0.0,96.9,3.1,0.0,40.2,40.9,51.6,-84,14.0
2026-03-16 13:22:10,Main Lobby (E),77.0,People,62.4,60.6,62.8,61.5,21.1,78.3,0.6,57.0,59.8,65.1,-102,11.0
2026-03-16 13:22:28,Pasillo de Salones (E),68.7,People,55.6,54.6,56.5,0.0,53.2,46.8,0.0,52.3,54.6,56.9,-84,14.3
2026-03-16 13:22:32,Pasillo Administrativo (E),77.7,People,58.3,55.4,58.9,58.2,23.6,75.7,0.7,50.6,54.4,60.2,-108,8.3
2026-03-16 13:22:37,Salón - Uma (E),63.4,Background Noise,57.8,57.8,57.9,0.0,90.6,9.4,0.0,54.9,57.5,59.7,-118,-14.5
2026-03-16 13:22:39,Pasillo de Laboratorio (E),74.1,People,58.5,57.2,59.8,58.4,58.4,41.2,0.4,54.8,57.1,59.3,-101,11.5
2026-03-16 13:23:07,Salón - Extremo (E),56.0,People,47.9,47.8,51.7,46.2,97.7,2.1,0.2,40.1,40.8,51.3,-85,13.5
2026-03-16 13:27:11,Main Lobby (E),74.1,People,62.6,60.2,62.8,62.7,9.8,89.8,0.3,57.6,60.2,65.4,-98,11.0
2026-03-16 13:27:28,Pasillo de Salones (E),66.2,People,54.6,53.8,55.3,55.2,53.7,45.8,0.4,51.7,54.0,56.3,-90,13.5
2026-03-16 13:27:32,Pasillo Administrativo (E),84.6,People,60.5,59.4,60.6,52.2,7.2,92.7,0.1,50.4,53.7,63.5,-103,10.3
2026-03-16 13:27:37,Salón - Uma (E),63.9,Background Noise,57.7,57.6,58.0,0.0,91.2,8.8,0.0,54.9,57.2,59.7,-106,7.3
2026-03-16 13:27:39,Pasillo de Laboratorio (E),69.7,Background Noise,57.4,57.5,57.4,0.0,39.3,60.7,0.0,54.9,57.1,59.1,-100,12.3
2026-03-16 13:28:08,Salón - Extremo (E),53.6,Background Noise,47.6,47.5,49.5,48.4,95.2,2.8,1.9,40.1,40.8,51.3,-88,14.0
2026-03-16 13:32:11,Main Lobby (E),73.7,People,61.8,60.2,61.9,62.9,8.8,91.1,0.1,57.4,59.6,64.6,-94,13.5
2026-03-16 13:32:28,Pasillo de Salones (E),70.7,People,55.6,54.2,56.4,0.0,41.5,58.5,0.0,52.0,54.5,57.4,-89,11.5
2026-03-16 13:32:34,Pasillo Administrativo (E),66.2,Background Noise,52.6,55.2,52.2,0.0,9.3,90.7,0.0,41.0,51.9,54.8,-106,9.3
2026-03-16 13:32:37,Salón - Uma (E),63.0,Background Noise,57.6,57.6,57.6,0.0,89.6,10.4,0.0,54.8,57.3,59.5,-97,14.5
2026-03-16 13:32:39,Pasillo de Laboratorio (E),61.3,People,57.2,57.1,57.2,0.0,47.5,52.5,0.0,54.8,57.0,58.8,-100,12.0
2026-03-16 13:33:08,Salón - Extremo (E),56.7,Background Noise,47.3,47.3,48.7,48.5,95.5,3.8,0.7,40.1,40.8,51.2,-85,13.5
2026-03-16 13:37:11,Main Lobby (E),76.0,People,59.9,57.7,60.2,57.3,16.3,83.7,0.1,55.8,57.5,62.4,-99,12.0
2026-03-16 13:37:28,Pasillo de Salones (E),67.8,People,56.6,54.0,57.5,53.6,34.2,65.7,0.1,52.4,55.1,58.5,-90,13.3
2026-03-16 13:37:32,Pasillo Administrativo (E),65.9,People,53.6,54.2,53.5,0.0,10.0,90.0,0.0,50.3,53.1,55.8,-105,7.8
2026-03-16 13:37:37,Salón - Uma (E),67.6,People,57.9,57.8,58.2,0.0,81.5,18.5,0.0,54.8,57.3,59.8,-98,13.5
2026-03-16 13:37:42,Pasillo de Laboratorio (E),71.4,People,58.4,57.3,59.0,58.2,42.7,57.0,0.3,54.9,57.2,59.7,-101,12.0
2026-03-16 13:38:08,Salón - Extremo (E),58.1,People,47.5,47.2,50.5,47.4,91.8,7.7,0.5,40.1,40.8,51.3,-84,13.5
2026-03-16 13:42:11,Main Lobby (E),74.6,People,57.4,55.8,57.8,59.3,22.8,76.9,0.3,52.1,56.2,59.5,-94,13.3
2026-03-16 13:42:28,Pasillo de Salones (E),64.0,People,55.1,53.9,55.5,0.0,32.8,67.2,0.0,52.1,54.4,56.9,-90,13.3
2026-03-16 13:42:32,Pasillo Administrativo (E),60.1,People,52.8,53.4,52.5,0.0,25.0,75.0,0.0,40.4,52.6,55.4,-107,8.3
2026-03-16 13:42:37,Salón - Uma (E),63.3,Background Noise,57.8,57.8,57.9,0.0,89.6,10.4,0.0,54.8,57.4,59.9,-104,9.5
2026-03-16 13:42:39,Pasillo de Laboratorio (E),63.7,Vehicle,57.4,57.2,57.3,61.2,46.7,51.9,1.4,54.8,57.0,59.2,-101,11.5
2026-03-16 13:43:08,Salón - Extremo (E),54.6,Background Noise,47.5,47.4,48.4,46.9,97.8,1.8,0.4,40.2,40.8,51.1,-86,12.5
2026-03-16 13:47:11,Main Lobby (E),73.2,Background Noise,58.3,57.8,58.4,57.4,14.4,85.2,0.4,52.2,55.8,61.0,-96,13.0
2026-03-16 13:47:29,Pasillo de Salones (E),66.6,People,54.4,53.9,54.8,0.0,41.9,58.1,0.0,51.7,54.0,56.2,-90,11.8
2026-03-16 13:47:32,Pasillo Administrativo (E),64.9,Background Noise,52.6,53.2,52.2,51.2,31.0,68.8,0.2,39.8,52.3,55.3,-104,10.3
2026-03-16 13:47:37,Salón - Uma (E),64.7,Background Noise,57.8,57.9,57.6,0.0,93.3,6.7,0.0,54.9,57.4,59.8,-104,9.3
2026-03-16 13:47:40,Pasillo de Laboratorio (E),68.7,People,57.5,57.2,57.6,60.2,41.8,54.9,3.2,54.8,57.0,59.5,-100,11.8
2026-03-16 13:48:08,Salón - Extremo (E),54.8,Background Noise,47.7,47.6,49.2,49.8,98.2,1.3,0.5,40.1,40.9,51.3,-84,14.3
2026-03-16 13:52:11,Main Lobby (E),73.1,People,58.0,57.6,58.1,59.4,20.7,78.9,0.4,54.8,56.6,59.5,-95,13.5
2026-03-16 13:52:29,Pasillo de Salones (E),67.1,People,54.8,54.1,55.6,61.4,55.0,44.9,0.1,52.0,54.2,56.4,-90,13.3
2026-03-16 13:52:33,Pasillo Administrativo (E),70.1,People,54.3,54.1,54.4,52.1,26.8,72.8,0.4,40.9,52.9,55.9,-106,9.5
2026-03-16 13:52:38,Salón - Uma (E),63.1,Background Noise,57.8,57.8,57.4,0.0,96.0,4.0,0.0,55.0,57.5,59.9,-109,6.3
2026-03-16 13:52:40,Pasillo de Laboratorio (E),68.3,Background Noise,57.2,57.2,57.2,57.0,48.5,51.4,0.1,54.7,56.8,59.0,-99,12.3
2026-03-16 13:53:08,Salón - Extremo (E),58.9,Background Noise,48.7,48.7,49.0,0.0,99.6,0.4,0.0,40.2,50.0,51.7,-88,13.8
2026-03-16 13:57:11,Main Lobby (E),71.9,People,58.0,57.4,58.0,59.9,12.9,86.8,0.3,55.2,57.1,59.6,-94,13.3
2026-03-16 13:57:29,Pasillo de Salones (E),64.0,People,54.3,54.0,54.7,53.3,59.2,40.4,0.3,51.8,53.9,56.0,-88,13.0
2026-03-16 13:57:32,Pasillo Administrativo (E),66.4,Background Noise,53.5,54.2,53.2,56.3,25.5,74.2,0.3,50.1,53.0,55.7,-103,10.5
2026-03-16 13:57:38,Salón - Uma (E),65.9,Background Noise,57.7,57.7,57.7,0.0,95.6,4.4,0.0,54.7,57.2,59.7,-106,7.3
2026-03-16 13:57:40,Pasillo de Laboratorio (E),62.3,Background Noise,57.3,57.3,57.4,0.0,47.1,52.9,0.0,54.6,57.1,59.1,-98,10.8
2026-03-16 13:58:08,Salón - Extremo (E),61.8,Background Noise,49.3,49.2,53.4,50.0,98.3,1.2,0.5,40.2,50.1,51.9,-86,10.5
2026-03-16 14:02:11,Main Lobby (E),65.1,People,56.6,56.7,56.6,55.5,13.2,86.6,0.2,54.6,56.1,58.2,-96,11.5
2026-03-16 14:02:29,Pasillo de Salones (E),65.9,People,55.0,54.0,55.7,0.0,45.7,54.3,0.0,51.9,54.4,56.9,-87,13.5
2026-03-16 14:02:33,Pasillo Administrativo (E),60.5,People,53.5,53.9,53.4,0.0,13.1,86.9,0.0,50.4,53.1,55.6,-103,10.0
2026-03-16 14:02:38,Salón - Uma (E),64.2,People,57.7,57.7,57.9,0.0,91.7,8.3,0.0,54.9,57.3,59.7,-99,12.5
2026-03-16 14:02:40,Pasillo de Laboratorio (E),69.3,People,57.4,57.3,57.7,0.0,72.1,27.9,0.0,54.7,57.0,59.1,-100,11.8
2026-03-16 14:03:08,Salón - Extremo (E),59.1,People,48.3,48.2,55.0,0.0,99.5,0.5,0.0,40.1,40.9,51.5,-84,14.0
2026-03-16 14:07:12,Main Lobby (E),74.6,People,58.4,56.8,58.7,58.3,18.6,81.2,0.3,55.0,57.0,59.8,-92,13.5
2026-03-16 14:07:29,Pasillo de Salones (E),69.5,People,56.0,54.4,57.0,58.9,48.2,51.7,0.1,52.2,54.7,58.0,-91,13.5
2026-03-16 14:07:33,Pasillo Administrativo (E),60.3,Background Noise,53.4,54.4,53.1,52.6,24.4,75.5,0.1,50.1,53.1,55.9,-104,9.8
2026-03-16 14:07:38,Salón - Uma (E),62.4,Background Noise,57.7,57.7,58.0,0.0,84.8,15.3,0.0,54.9,57.4,59.7,-99,11.5
2026-03-16 14:07:40,Pasillo de Laboratorio (E),62.4,People,57.3,57.2,57.4,0.0,52.7,47.2,0.0,54.8,57.0,59.2,-98,12.5
2026-03-16 14:08:09,Salón - Extremo (E),61.3,People,48.7,48.5,51.7,0.0,96.7,3.3,0.0,40.2,50.0,51.8,-84,13.8
2026-03-16 14:12:12,Main Lobby (E),72.6,People,57.9,56.4,58.2,56.8,15.5,84.3,0.2,54.2,56.6,60.0,-92,13.8
2026-03-16 14:12:29,Pasillo de Salones (E),60.4,People,54.2,53.9,54.6,0.0,59.0,41.0,0.0,51.9,53.9,56.0,-77,14.3
2026-03-16 14:12:33,Pasillo Administrativo (E),59.0,Background Noise,53.7,54.6,53.5,0.0,18.1,81.9,0.0,50.3,53.4,56.1,-106,8.5
2026-03-16 14:12:38,Salón - Uma (E),64.3,Background Noise,57.8,57.8,57.9,0.0,94.7,5.3,0.0,55.0,57.3,59.9,-99,12.5
2026-03-16 14:12:40,Pasillo de Laboratorio (E),62.1,People,57.4,57.3,57.4,61.2,52.5,47.4,0.1,54.9,57.1,59.2,-89,14.0
2026-03-16 14:13:09,Salón - Extremo (E),67.9,Background Noise,48.4,48.3,51.5,59.9,98.8,1.1,0.1,40.1,40.8,51.2,-74,13.8
2026-03-16 14:17:12,Main Lobby (E),65.6,People,56.7,56.6,56.7,0.0,20.8,79.2,0.0,54.7,56.3,58.3,-95,12.8
2026-03-16 14:17:29,Pasillo de Salones (E),67.2,People,55.5,54.1,56.0,57.5,28.3,71.6,0.1,52.6,54.8,57.5,-78,13.3
2026-03-16 14:17:33,Pasillo Administrativo (E),65.9,People,54.1,54.0,54.2,51.5,40.0,59.8,0.2,51.1,53.3,56.2,-105,9.3
2026-03-16 14:17:38,Salón - Uma (E),63.1,Background Noise,57.8,57.8,57.8,0.0,89.9,10.1,0.0,55.0,57.3,59.8,-98,13.5
2026-03-16 14:17:40,Pasillo de Laboratorio (E),61.5,Background Noise,57.3,57.3,57.2,0.0,63.5,36.5,0.0,54.8,57.0,59.1,-88,13.3
2026-03-16 14:18:09,Salón - Extremo (E),54.6,Background Noise,47.2,47.1,50.0,0.0,99.7,0.3,0.0,40.1,40.8,51.0,-73,14.3
2026-03-16 14:22:12,Main Lobby (E),71.9,People,57.6,57.1,57.7,60.5,16.2,83.1,0.7,54.1,56.2,59.1,-86,13.8
2026-03-16 14:22:29,Pasillo de Salones (E),70.5,People,60.2,55.3,60.5,0.0,10.6,89.4,0.0,54.4,58.6,63.5,-80,13.5
2026-03-16 14:22:34,Pasillo Administrativo (E),71.9,People,52.2,51.8,53.5,52.8,78.9,20.8,0.2,40.5,51.2,53.0,-107,8.3
2026-03-16 14:22:38,Salón - Uma (E),63.2,People,57.8,57.7,57.9,0.0,44.2,55.8,0.0,55.1,57.4,59.8,-105,9.5
2026-03-16 14:22:40,Pasillo de Laboratorio (E),61.7,Background Noise,57.2,57.1,57.3,0.0,58.0,42.0,0.0,54.7,57.0,59.0,-88,14.3
2026-03-16 14:23:09,Salón - Extremo (E),58.4,Background Noise,48.7,48.1,49.7,0.0,68.4,31.6,0.0,40.2,50.1,51.7,-77,13.8
2026-03-16 14:27:12,Main Lobby (E),69.7,People,58.9,56.9,59.2,59.3,14.7,85.0,0.3,54.6,57.1,61.7,-84,14.0
2026-03-16 14:27:30,Pasillo de Salones (E),62.7,People,55.0,54.0,55.5,0.0,41.5,58.5,0.0,52.2,54.6,56.7,-78,13.8
2026-03-16 14:27:34,Pasillo Administrativo (E),70.4,People,55.4,52.4,57.2,52.0,50.9,48.8,0.3,50.1,51.9,57.8,-110,5.0
2026-03-16 14:27:38,Salón - Uma (E),67.1,People,58.0,57.7,59.9,0.0,90.1,9.9,0.0,54.8,57.5,59.9,-109,6.5
2026-03-16 14:27:41,Pasillo de Laboratorio (E),61.9,People,57.3,57.2,57.3,57.6,43.9,55.9,0.2,54.9,57.0,59.0,-88,14.0
2026-03-16 14:28:09,Salón - Extremo (E),75.4,People,51.2,48.7,65.2,0.0,98.3,1.8,0.0,40.1,40.9,51.3,-75,13.3
2026-03-16 14:32:12,Main Lobby (E),74.3,People,59.6,56.5,60.2,61.4,23.0,76.7,0.3,54.0,56.8,62.3,-86,14.0
2026-03-16 14:32:30,Pasillo de Salones (E),67.5,People,55.6,54.3,57.2,57.1,64.5,35.1,0.3,52.2,54.3,56.7,-78,13.8
2026-03-16 14:32:33,Pasillo Administrativo (E),66.3,Background Noise,50.8,48.5,53.0,50.9,59.6,40.2,0.2,37.2,40.8,53.8,-104,10.3
2026-03-16 14:32:39,Salón - Uma (E),74.8,People,61.0,59.0,62.7,0.0,56.8,43.2,0.0,55.5,58.6,63.7,-94,14.5
2026-03-16 14:32:41,Pasillo de Laboratorio (E),61.7,Background Noise,57.3,57.3,57.3,0.0,52.3,47.7,0.0,54.7,57.0,59.1,-88,13.5
2026-03-16 14:33:09,Salón - Extremo (E),66.3,People,49.1,48.6,53.6,53.2,94.3,5.5,0.2,40.2,40.9,51.7,-75,13.8
2026-03-16 14:37:12,Main Lobby (E),75.8,People,56.6,55.2,58.1,59.0,57.9,41.6,0.5,51.6,54.0,57.6,-83,14.3
2026-03-16 14:37:30,Pasillo de Salones (E),67.4,People,54.9,54.3,55.2,58.2,39.7,60.2,0.1,52.4,54.4,56.5,-79,13.8
2026-03-16 14:37:33,Pasillo Administrativo (E),69.8,Background Noise,42.5,42.2,53.1,52.2,99.2,0.7,0.1,34.2,36.3,38.7,-108,8.0
2026-03-16 14:37:39,Salón - Uma (E),77.0,People,65.5,59.4,66.0,64.6,13.7,86.2,0.2,58.2,63.4,69.0,-96,11.3
2026-03-16 14:37:41,Pasillo de Laboratorio (E),61.9,People,57.2,57.2,57.2,55.2,47.0,52.8,0.2,54.7,57.0,59.0,-87,11.0
2026-03-16 14:38:11,Salón - Extremo (E),59.8,Background Noise,48.8,48.0,54.1,0.0,93.3,6.7,0.0,40.2,40.9,51.7,-73,14.0
2026-03-16 14:42:12,Main Lobby (E),79.3,People,66.4,60.2,66.7,58.4,8.2,91.7,0.2,55.2,61.8,71.0,-82,11.0
2026-03-16 14:42:30,Pasillo de Salones (E),78.2,People,59.8,55.9,60.4,61.3,17.3,82.6,0.1,53.6,57.0,62.4,-79,13.3
2026-03-16 14:42:34,Pasillo Administrativo (E),75.6,People,57.9,50.5,61.9,55.6,64.4,35.2,0.4,36.3,40.8,60.9,-94,13.0
2026-03-16 14:42:39,Salón - Uma (E),75.5,People,64.2,58.5,64.7,64.5,13.9,86.0,0.1,57.5,62.0,67.7,-91,15.3
2026-03-16 14:42:41,Pasillo de Laboratorio (E),72.7,People,57.8,57.3,58.1,60.9,47.7,51.7,0.6,55.0,57.1,59.4,-89,13.3
2026-03-16 14:43:10,Salón - Extremo (E),55.4,People,48.5,47.7,50.7,51.6,81.3,18.6,0.1,40.2,41.0,51.7,-74,10.8
2026-03-16 14:47:13,Main Lobby (E),76.3,People,63.9,59.2,64.1,0.0,7.4,92.6,0.0,55.9,60.8,67.2,-94,13.8
2026-03-16 14:47:30,Pasillo de Salones (E),65.8,People,54.0,53.7,54.7,54.7,76.2,23.7,0.1,51.5,53.5,55.6,-90,13.5
2026-03-16 14:47:34,Pasillo Administrativo (E),71.7,People,55.9,51.1,58.1,62.1,51.7,47.1,1.2,37.0,50.2,59.9,-95,13.5
2026-03-16 14:47:39,Salón - Uma (E),76.5,People,62.6,58.0,63.4,0.0,23.7,76.2,0.0,56.4,60.0,65.3,-92,14.0
2026-03-16 14:47:41,Pasillo de Laboratorio (E),62.6,Background Noise,57.3,57.2,57.4,56.2,39.7,60.2,0.1,54.7,57.0,59.2,-100,11.3
2026-03-16 14:48:10,Salón - Extremo (E),59.5,Background Noise,47.9,47.9,0.0,0.0,100.0,0.0,0.0,40.1,40.8,51.3,-84,13.8
2026-03-16 14:52:13,Main Lobby (E),72.7,People,61.0,58.7,61.1,56.2,6.6,93.3,0.1,53.3,58.8,64.5,-96,12.5
2026-03-16 14:52:30,Pasillo de Salones (E),58.5,Background Noise,53.6,53.6,53.8,57.1,89.3,10.6,0.1,51.3,53.3,55.4,-90,11.5
2026-03-16 14:52:34,Pasillo Administrativo (E),77.1,People,52.6,45.0,59.2,52.3,81.1,18.6,0.3,35.8,38.5,52.5,-94,11.3
2026-03-16 14:52:39,Salón - Uma (E),73.8,People,61.7,58.0,62.5,55.8,25.6,74.4,0.1,56.2,60.0,64.7,-94,14.3
2026-03-16 14:52:41,Pasillo de Laboratorio (E),62.2,People,57.4,57.3,57.5,0.0,40.2,59.8,0.0,54.9,57.1,59.3,-100,12.3
2026-03-16 14:53:10,Salón - Extremo (E),54.2,Background Noise,47.8,47.8,0.0,0.0,100.0,0.0,0.0,40.2,40.9,51.2,-83,13.8
2026-03-16 14:57:13,Main Lobby (E),73.6,People,59.3,55.4,59.6,60.7,11.4,88.3,0.3,51.4,55.6,63.4,-95,13.0
2026-03-16 14:57:30,Pasillo de Salones (E),63.9,People,54.5,53.7,55.7,0.0,66.2,33.7,0.0,51.5,53.8,56.6,-90,13.3
2026-03-16 14:57:34,Pasillo Administrativo (E),72.3,Background Noise,51.5,49.1,55.9,52.7,79.5,20.1,0.4,35.8,38.9,54.1,-93,13.3
2026-03-16 14:57:39,Salón - Uma (E),71.5,People,61.3,58.3,61.7,55.9,17.0,82.9,0.1,56.6,60.1,64.1,-90,13.8
2026-03-16 14:57:41,Pasillo de Laboratorio (E),61.7,Background Noise,57.3,57.3,57.3,59.2,37.0,62.9,0.1,54.8,57.0,59.1,-101,11.8
2026-03-16 14:58:10,Salón - Extremo (E),54.6,Background Noise,47.3,47.3,48.8,0.0,98.9,1.1,0.0,40.2,40.8,51.2,-83,13.5
2026-03-16 15:02:13,Main Lobby (E),71.6,People,58.2,55.2,58.9,55.5,25.7,74.0,0.2,51.3,54.7,61.6,-96,13.0
2026-03-16 15:02:30,Pasillo de Salones (E),66.7,People,54.5,53.8,56.0,53.7,73.5,26.3,0.2,51.4,53.7,56.1,-89,13.5
2026-03-16 15:02:34,Pasillo Administrativo (E),70.9,People,53.2,50.5,56.4,39.8,69.3,30.2,0.5,36.1,39.6,56.0,-98,11.0
2026-03-16 15:02:39,Salón - Uma (E),75.7,People,63.4,58.3,63.6,56.3,7.2,92.7,0.1,57.7,61.5,66.3,-94,13.5
2026-03-16 15:02:41,Pasillo de Laboratorio (E),66.1,Background Noise,57.9,57.7,58.3,59.0,69.0,30.6,0.3,55.0,57.4,59.9,-100,12.0
2026-03-16 15:03:10,Salón - Extremo (E),54.4,Background Noise,47.2,47.2,47.1,0.0,99.5,0.5,0.0,40.1,40.7,51.0,-84,13.5
2026-03-16 15:07:13,Main Lobby (E),69.2,People,58.5,56.5,58.6,59.8,9.2,90.8,0.1,52.1,55.7,62.0,-96,12.8
2026-03-16 15:07:31,Pasillo de Salones (E),58.5,People,53.8,53.7,54.2,0.0,75.8,24.3,0.0,51.4,53.5,55.6,-88,14.3
2026-03-16 15:07:36,Pasillo Administrativo (E),70.2,Background Noise,47.6,46.4,51.2,47.9,83.9,15.7,0.4,36.0,38.2,50.6,-104,10.3
2026-03-16 15:07:39,Salón - Uma (E),75.3,People,63.4,58.6,63.8,0.0,11.6,88.4,0.0,57.4,61.4,66.5,-91,15.5
2026-03-16 15:07:42,Pasillo de Laboratorio (E),65.6,People,57.7,57.3,58.2,0.0,53.3,46.7,0.0,54.9,57.1,59.7,-100,9.8
2026-03-16 15:08:10,Salón - Extremo (E),53.9,Background Noise,47.5,47.5,47.9,0.0,99.8,0.2,0.0,40.1,40.8,51.1,-86,13.8
2026-03-16 15:12:13,Main Lobby (E),75.3,People,62.3,59.7,62.5,63.7,9.1,90.8,0.2,54.9,59.7,65.5,-95,13.5
2026-03-16 15:12:31,Pasillo de Salones (E),67.0,People,53.9,53.7,54.5,0.0,78.8,21.2,0.0,51.3,53.5,55.6,-91,13.8
2026-03-16 15:12:34,Pasillo Administrativo (E),71.9,People,51.5,47.2,57.0,49.6,79.4,19.7,0.9,36.1,38.7,54.4,-105,9.3
2026-03-16 15:12:40,Salón - Uma (E),74.5,People,62.6,58.0,62.9,58.7,10.5,89.3,0.2,57.0,60.8,65.5,-92,12.3
2026-03-16 15:12:42,Pasillo de Laboratorio (E),62.7,Background Noise,57.4,57.4,57.4,59.0,44.1,55.6,0.2,54.5,57.1,59.3,-100,12.0
2026-03-16 15:13:10,Salón - Extremo (E),54.0,Background Noise,46.9,46.9,0.0,0.0,100.0,0.0,0.0,40.1,40.7,50.9,-88,13.8
2026-03-16 15:17:13,Main Lobby (E),69.5,People,58.1,58.0,58.1,61.7,22.6,76.8,0.6,53.4,55.9,61.1,-98,12.8
2026-03-16 15:17:31,Pasillo de Salones (E),58.2,Background Noise,53.8,53.7,54.1,56.1,79.2,20.7,0.1,51.4,53.5,55.5,-89,13.5
2026-03-16 15:17:34,Pasillo Administrativo (E),71.6,People,54.3,48.6,58.0,50.6,64.7,34.7,0.7,36.7,39.8,57.1,-106,9.0
2026-03-16 15:17:40,Salón - Uma (E),74.5,Background Noise,63.4,60.0,63.8,65.9,12.5,87.4,0.1,57.2,61.3,66.7,-93,14.3
2026-03-16 15:17:42,Pasillo de Laboratorio (E),62.3,People,57.3,57.3,57.3,58.2,55.9,43.9,0.2,54.7,56.9,59.3,-100,11.8
2026-03-16 15:18:10,Salón - Extremo (E),54.1,Background Noise,47.4,47.4,40.7,0.0,99.8,0.2,0.0,40.2,40.8,51.1,-84,14.0
2026-03-16 15:22:13,Main Lobby (E),74.5,People,61.2,58.4,61.8,59.8,22.3,74.9,2.7,54.0,57.1,64.1,-95,10.3
2026-03-16 15:22:31,Pasillo de Salones (E),57.9,Background Noise,53.6,53.5,53.9,0.0,86.3,13.7,0.0,51.2,53.3,55.4,-89,14.0
2026-03-16 15:22:35,Pasillo Administrativo (E),81.3,Background Noise,55.9,54.1,58.3,57.7,68.3,30.9,0.8,36.7,39.6,55.9,-107,8.5
2026-03-16 15:22:40,Salón - Uma (E),74.0,People,62.4,58.0,62.7,0.0,10.2,89.8,0.0,57.1,60.9,65.2,-91,15.8
2026-03-16 15:22:42,Pasillo de Laboratorio (E),63.3,People,57.4,57.4,57.3,54.4,55.2,44.7,0.1,54.8,57.0,59.4,-100,11.5
2026-03-16 15:23:10,Salón - Extremo (E),55.2,Background Noise,47.9,47.9,0.0,0.0,100.0,0.0,0.0,40.1,40.8,51.4,-85,9.8
2026-03-16 15:27:14,Main Lobby (E),75.8,Background Noise,61.3,59.9,61.8,62.4,28.3,69.2,2.5,52.6,59.1,64.7,-94,13.5
2026-03-16 15:27:31,Pasillo de Salones (E),57.8,People,53.6,53.6,53.8,0.0,88.2,11.8,0.0,51.2,53.3,55.5,-90,13.3
2026-03-16 15:27:35,Pasillo Administrativo (E),68.9,Background Noise,51.8,48.8,54.3,38.9,61.2,38.4,0.3,36.8,40.4,55.1,-107,8.8
2026-03-16 15:27:40,Salón - Uma (E),73.1,Background Noise,62.0,59.3,62.3,0.0,11.1,88.9,0.0,57.4,60.7,64.9,-92,15.5
2026-03-16 15:27:42,Pasillo de Laboratorio (E),66.4,People,57.3,57.3,57.4,60.9,54.7,45.2,0.2,54.6,57.0,59.2,-100,12.0
2026-03-16 15:28:11,Salón - Extremo (E),56.0,Background Noise,47.1,47.1,0.0,0.0,100.0,0.0,0.0,40.1,40.7,51.1,-84,14.3
2026-03-16 15:32:14,Main Lobby (E),73.3,People,57.7,56.2,58.6,61.2,45.9,53.0,1.2,51.0,54.3,60.8,-95,13.3
2026-03-16 15:32:31,Pasillo de Salones (E),67.5,People,54.7,53.9,56.4,0.0,73.3,26.7,0.0,51.5,53.8,56.4,-90,11.5
2026-03-16 15:32:35,Pasillo Administrativo (E),70.2,People,52.2,46.9,57.1,53.3,74.4,25.3,0.2,35.6,39.0,55.1,-102,11.0
2026-03-16 15:32:40,Salón - Uma (E),74.5,People,63.2,58.6,63.5,0.0,8.3,91.7,0.0,57.7,61.7,65.9,-92,15.3
2026-03-16 15:32:42,Pasillo de Laboratorio (E),64.9,People,57.4,57.3,57.6,57.2,51.0,49.0,0.1,55.0,57.1,59.2,-100,12.0
2026-03-16 15:33:11,Salón - Extremo (E),72.7,Background Noise,49.8,49.4,57.3,0.0,97.8,2.2,0.0,40.1,40.9,51.7,-83,13.5
2026-03-16 15:37:14,Main Lobby (E),72.1,People,58.7,55.3,59.5,53.8,27.4,72.4,0.2,51.2,54.8,62.1,-95,12.3
2026-03-16 15:37:31,Pasillo de Salones (E),66.1,People,54.6,53.8,55.5,0.0,56.0,44.0,0.0,51.5,53.8,56.4,-89,11.5
2026-03-16 15:37:36,Pasillo Administrativo (E),66.2,Background Noise,50.4,47.4,54.6,51.6,76.6,23.2,0.3,36.0,38.9,55.1,-103,10.5
2026-03-16 15:37:40,Salón - Uma (E),77.8,People,65.6,59.1,65.8,65.1,6.4,93.3,0.3,57.7,62.8,68.8,-95,14.5
2026-03-16 15:37:42,Pasillo de Laboratorio (E),61.4,People,57.2,57.3,57.2,0.0,40.4,59.6,0.0,54.7,56.9,59.1,-101,12.3
2026-03-16 15:38:11,Salón - Extremo (E),56.0,Background Noise,47.5,47.5,49.3,49.5,96.5,2.8,0.7,40.1,40.8,51.2,-87,12.8
2026-03-16 15:42:14,Main Lobby (E),74.3,People,62.0,58.1,62.6,60.9,19.2,80.5,0.3,54.6,59.2,65.2,-93,11.3
2026-03-16 15:42:31,Pasillo de Salones (E),68.9,People,54.4,53.6,55.4,0.0,61.3,38.7,0.0,51.4,53.6,55.9,-90,13.3
2026-03-16 15:42:35,Pasillo Administrativo (E),71.6,People,53.3,49.0,57.3,51.9,70.2,29.1,0.7,36.1,39.1,56.5,-105,7.8
2026-03-16 15:42:40,Salón - Uma (E),78.8,People,64.4,58.3,65.4,64.2,25.4,74.4,0.2,56.5,61.4,67.8,-94,12.3
2026-03-16 15:42:45,Pasillo de Laboratorio (E),66.9,People,57.4,57.4,57.5,54.3,46.6,53.3,0.1,54.8,57.0,59.2,-100,10.3
2026-03-16 15:43:11,Salón - Extremo (E),57.4,People,48.2,47.8,53.4,0.0,96.4,3.6,0.0,40.1,40.9,51.4,-85,14.0
2026-03-16 15:47:14,Main Lobby (E),70.8,People,59.4,57.1,59.7,60.5,15.6,84.2,0.2,53.8,57.0,62.7,-93,13.0
2026-03-16 15:47:32,Pasillo de Salones (E),58.5,Background Noise,53.4,53.4,53.5,0.0,99.8,0.3,0.0,50.9,53.0,55.3,-89,13.5
2026-03-16 15:47:35,Pasillo Administrativo (E),71.5,People,54.0,48.7,57.7,50.9,65.8,33.7,0.5,36.7,40.3,57.3,-103,10.3
2026-03-16 15:47:40,Salón - Uma (E),62.6,Background Noise,57.5,57.5,57.2,0.0,97.0,3.0,0.0,54.6,57.1,59.6,-94,13.8
2026-03-16 15:47:43,Pasillo de Laboratorio (E),73.6,People,59.1,57.3,59.8,58.7,33.9,65.5,0.6,54.8,57.3,60.4,-102,10.8
2026-03-16 15:48:11,Salón - Extremo (E),54.6,Background Noise,47.6,47.6,0.0,0.0,100.0,0.0,0.0,40.1,40.8,51.3,-84,13.5
2026-03-16 15:52:14,Main Lobby (E),77.6,People,64.2,59.8,64.5,65.7,9.1,90.8,0.2,57.2,61.8,67.3,-95,13.8
2026-03-16 15:52:32,Pasillo de Salones (E),66.6,People,54.2,53.7,57.7,55.3,91.9,8.0,0.1,51.1,53.4,55.7,-90,14.0
2026-03-16 15:52:35,Pasillo Administrativo (E),71.2,Background Noise,52.1,50.3,54.6,53.5,70.2,29.4,0.4,36.8,39.6,53.8,-105,9.8
2026-03-16 15:52:41,Salón - Uma (E),63.1,Background Noise,57.5,57.5,57.4,0.0,95.8,4.2,0.0,54.8,57.0,59.5,-95,15.0
2026-03-16 15:52:43,Pasillo de Laboratorio (E),65.7,People,57.3,57.2,57.3,59.6,53.0,46.8,0.2,54.8,56.9,59.0,-101,11.5
2026-03-16 15:53:11,Salón - Extremo (E),56.9,Background Noise,47.8,47.7,51.9,0.0,98.9,1.1,0.0,40.1,40.8,51.3,-86,13.8
2026-03-16 15:57:14,Main Lobby (E),71.7,People,60.5,56.9,60.9,54.9,14.2,85.8,0.1,52.7,58.6,64.0,-94,13.5
2026-03-16 15:57:32,Pasillo de Salones (E),58.7,Background Noise,53.5,53.5,53.3,0.0,99.8,0.2,0.0,51.0,53.3,55.5,-89,13.3
2026-03-16 15:57:35,Pasillo Administrativo (E),73.5,People,54.6,49.2,57.9,38.6,61.6,38.3,0.1,37.6,40.9,57.1,-105,9.8
2026-03-16 15:57:41,Salón - Uma (E),62.8,Background Noise,57.6,57.6,57.5,0.0,95.2,4.8,0.0,54.8,57.2,59.5,-94,13.5
2026-03-16 15:57:43,Pasillo de Laboratorio (E),70.9,People,57.7,57.2,58.3,0.0,62.4,37.6,0.0,54.6,57.0,59.3,-101,11.8
2026-03-16 15:58:11,Salón - Extremo (E),54.0,Background Noise,48.3,48.2,50.0,0.0,99.6,0.4,0.0,40.1,41.0,51.5,-85,14.0
2026-03-16 16:02:14,Main Lobby (E),73.6,People,57.9,54.0,59.1,59.5,35.9,63.8,0.3,50.7,54.1,60.6,-94,13.5
2026-03-16 16:02:32,Pasillo de Salones (E),58.0,Background Noise,53.4,53.4,0.0,0.0,100.0,0.0,0.0,51.0,53.2,55.4,-89,13.0
2026-03-16 16:02:36,Pasillo Administrativo (E),71.5,Background Noise,54.3,51.7,56.8,39.1,64.4,35.5,0.2,36.7,40.1,58.1,-108,7.3
2026-03-16 16:02:41,Salón - Uma (E),63.9,Background Noise,57.8,57.8,58.0,0.0,96.7,3.3,0.0,54.9,57.3,59.8,-95,11.8
2026-03-16 16:02:43,Pasillo de Laboratorio (E),62.0,People,57.2,57.1,57.3,60.3,62.2,37.7,0.1,54.6,57.0,59.0,-100,12.0
2026-03-16 16:03:12,Salón - Extremo (E),54.9,Background Noise,48.0,48.0,51.4,0.0,99.9,0.1,0.0,40.1,40.9,51.6,-84,10.0
2026-03-16 16:07:15,Main Lobby (E),77.7,People,59.3,55.4,59.9,59.1,18.8,81.0,0.2,54.0,56.3,62.0,-96,13.3
2026-03-16 16:07:32,Pasillo de Salones (E),58.9,Background Noise,53.5,53.5,53.3,0.0,99.8,0.3,0.0,50.9,53.2,55.4,-90,13.5
2026-03-16 16:07:37,Pasillo Administrativo (E),68.9,Background Noise,45.1,43.7,49.9,56.2,89.1,10.7,0.3,34.7,37.1,40.1,-104,9.3
2026-03-16 16:07:41,Salón - Uma (E),63.8,Background Noise,57.7,57.7,57.4,0.0,96.7,3.2,0.0,54.8,57.3,59.8,-96,11.8
2026-03-16 16:07:43,Pasillo de Laboratorio (E),62.8,People,57.2,57.2,57.2,59.2,51.6,48.3,0.1,54.6,56.9,59.0,-98,12.5
2026-03-16 16:08:12,Salón - Extremo (E),58.4,Background Noise,47.7,47.7,40.9,0.0,99.9,0.1,0.0,40.1,40.8,51.4,-84,13.5
2026-03-16 16:12:15,Main Lobby (E),67.2,People,56.2,51.2,57.0,0.0,21.8,78.3,0.0,50.2,53.3,59.9,-97,12.5
2026-03-16 16:12:32,Pasillo de Salones (E),58.0,Background Noise,53.5,53.5,53.1,0.0,99.2,0.8,0.0,51.1,53.2,55.3,-90,11.8
2026-03-16 16:12:36,Pasillo Administrativo (E),63.0,People,44.7,43.6,49.6,40.6,90.3,9.6,0.1,34.9,37.3,40.4,-105,3.5
2026-03-16 16:12:41,Salón - Uma (E),62.2,Background Noise,57.4,57.4,56.9,0.0,95.6,4.4,0.0,54.7,57.1,59.3,-95,12.0
2026-03-16 16:12:47,Pasillo de Laboratorio (E),67.5,People,57.2,57.2,57.3,59.6,51.2,48.7,0.2,54.6,57.0,59.0,-99,12.0
2026-03-16 16:13:12,Salón - Extremo (E),54.9,Background Noise,47.8,47.8,0.0,0.0,100.0,0.0,0.0,40.2,40.9,51.2,-84,14.0
2026-03-16 16:17:15,Main Lobby (E),69.8,People,56.8,52.6,57.8,0.0,30.2,69.8,0.0,50.5,52.9,60.7,-95,13.3
2026-03-16 16:17:32,Pasillo de Salones (E),58.4,Background Noise,53.5,53.5,53.8,0.0,99.8,0.2,0.0,51.1,53.3,55.4,-89,13.5
2026-03-16 16:17:36,Pasillo Administrativo (E),73.7,People,52.6,48.1,55.9,45.4,61.9,37.1,1.0,35.4,39.2,56.4,-104,10.3
2026-03-16 16:17:41,Salón - Uma (E),63.8,Background Noise,57.5,57.5,57.5,0.0,96.4,3.6,0.0,54.5,57.2,59.5,-97,12.3
2026-03-16 16:17:43,Pasillo de Laboratorio (E),62.3,Background Noise,57.1,57.2,57.1,0.0,40.8,59.2,0.0,54.7,56.8,58.9,-99,12.0
2026-03-16 16:18:12,Salón - Extremo (E),53.8,Background Noise,47.2,47.2,49.5,49.9,99.2,0.7,0.2,40.1,40.7,51.0,-85,13.0
2026-03-16 16:22:15,Main Lobby (E),65.1,People,53.2,51.6,53.4,0.0,14.2,85.8,0.0,50.3,52.2,55.0,-94,10.5
2026-03-16 16:22:32,Pasillo de Salones (E),58.8,Background Noise,53.5,53.5,51.2,0.0,99.9,0.1,0.0,51.0,53.2,55.4,-90,13.5
2026-03-16 16:22:36,Pasillo Administrativo (E),70.2,People,45.9,41.6,54.7,46.4,91.0,8.7,0.3,35.0,37.1,40.6,-105,9.5
2026-03-16 16:22:41,Salón - Uma (E),62.8,Background Noise,57.6,57.6,57.5,0.0,95.7,4.3,0.0,54.7,57.2,59.6,-94,10.8
2026-03-16 16:22:43,Pasillo de Laboratorio (E),61.2,People,57.1,57.0,57.1,0.0,44.2,55.8,0.0,54.6,56.8,58.9,-100,12.3
2026-03-16 16:23:12,Salón - Extremo (E),58.7,Background Noise,47.2,47.2,0.0,0.0,100.0,0.0,0.0,40.1,40.7,51.0,-85,9.8
2026-03-16 16:27:15,Main Lobby (E),71.8,People,50.7,48.7,52.5,0.0,59.7,40.3,0.0,40.3,50.4,52.9,-96,12.0
2026-03-16 16:27:33,Pasillo de Salones (E),57.9,Background Noise,53.5,53.5,0.0,0.0,100.0,0.0,0.0,51.0,53.3,55.4,-89,13.8
2026-03-16 16:27:36,Pasillo Administrativo (E),56.3,People,37.7,37.1,44.7,0.0,96.8,3.2,0.0,33.9,36.2,38.6,-104,10.0
2026-03-16 16:27:42,Salón - Uma (E),63.2,Background Noise,57.7,57.8,57.6,0.0,94.0,6.0,0.0,54.9,57.3,59.8,-96,10.8
2026-03-16 16:27:44,Pasillo de Laboratorio (E),62.7,People,57.2,57.2,57.3,61.7,47.3,52.5,0.2,54.8,56.9,58.9,-98,12.8
2026-03-16 16:28:12,Salón - Extremo (E),53.5,Background Noise,47.3,47.3,0.0,0.0,100.0,0.0,0.0,40.1,40.7,51.2,-84,13.3
2026-03-16 16:32:15,Main Lobby (E),69.8,People,53.5,50.8,54.9,0.0,44.4,55.6,0.0,40.5,51.3,55.6,-96,12.3
2026-03-16 16:32:33,Pasillo de Salones (E),57.6,Background Noise,53.5,53.5,52.7,0.0,99.9,0.1,0.0,51.0,53.2,55.5,-89,14.0
2026-03-16 16:32:36,Pasillo Administrativo (E),67.5,Background Noise,41.0,40.8,43.3,54.9,99.3,0.6,0.2,33.4,35.6,37.9,-105,9.3
2026-03-16 16:32:42,Salón - Uma (E),63.6,Background Noise,57.9,57.9,57.7,0.0,94.8,5.2,0.0,54.9,57.3,60.1,-96,12.0
2026-03-16 16:32:44,Pasillo de Laboratorio (E),61.7,People,57.1,57.2,57.1,0.0,42.4,57.6,0.0,54.6,56.9,58.9,-101,11.8
2026-03-16 16:33:12,Salón - Extremo (E),53.7,Background Noise,47.1,47.1,0.0,0.0,100.0,0.0,0.0,40.1,40.7,51.1,-85,13.8
2026-03-16 16:37:15,Main Lobby (E),75.7,People,54.7,52.5,55.6,56.2,37.7,62.2,0.2,40.7,52.5,56.0,-95,13.5
2026-03-16 16:37:33,Pasillo de Salones (E),59.7,Background Noise,53.5,53.5,54.5,0.0,99.6,0.4,0.0,51.0,53.2,55.4,-91,13.8
2026-03-16 16:37:36,Pasillo Administrativo (E),70.2,Background Noise,48.3,47.2,56.2,50.5,95.5,4.0,0.5,33.9,36.1,39.5,-105,9.8
2026-03-16 16:37:42,Salón - Uma (E),63.6,Background Noise,57.7,57.7,57.8,0.0,95.7,4.3,0.0,54.8,57.3,59.6,-93,11.8
2026-03-16 16:37:44,Pasillo de Laboratorio (E),65.7,People,57.4,57.4,57.4,57.6,44.9,55.0,0.1,55.0,57.1,59.3,-99,10.3
2026-03-16 16:38:12,Salón - Extremo (E),55.1,Background Noise,47.3,47.3,0.0,0.0,100.0,0.0,0.0,40.1,40.7,51.1,-86,13.8
2026-03-16 16:42:15,Main Lobby (E),81.3,People,61.6,56.0,63.5,0.0,42.4,57.6,0.0,52.8,54.7,63.1,-94,13.8
2026-03-16 16:42:37,Pasillo de Salones (E),58.2,Background Noise,53.5,53.5,52.8,0.0,99.3,0.7,0.0,51.0,53.2,55.2,-90,13.5
2026-03-16 16:42:37,Pasillo Administrativo (E),72.2,Background Noise,49.2,48.4,55.3,56.5,94.8,4.8,0.3,34.0,36.4,41.0,-104,10.3
2026-03-16 16:42:42,Salón - Uma (E),64.2,Background Noise,57.5,57.5,57.5,0.0,96.5,3.5,0.0,54.6,57.2,59.5,-95,14.3
2026-03-16 16:42:44,Pasillo de Laboratorio (E),74.4,People,57.6,57.3,58.0,0.0,52.1,47.9,0.0,54.8,57.0,59.3,-100,11.5
2026-03-16 16:43:13,Salón - Extremo (E),53.0,Background Noise,47.2,47.2,0.0,0.0,100.0,0.0,0.0,40.2,40.7,51.0,-85,14.0
2026-03-16 16:47:16,Main Lobby (E),58.7,Background Noise,52.7,52.6,53.0,0.0,57.8,42.2,0.0,50.9,52.7,54.1,-94,13.3
2026-03-16 16:47:33,Pasillo de Salones (E),58.7,Background Noise,53.4,53.4,53.9,0.0,99.4,0.6,0.0,51.0,53.1,55.1,-90,13.0
2026-03-16 16:47:37,Pasillo Administrativo (E),69.3,Background Noise,43.7,42.8,51.4,0.0,96.2,3.7,0.0,33.5,35.6,38.4,-103,10.5
2026-03-16 16:47:42,Salón - Uma (E),63.4,Background Noise,57.7,57.7,57.7,0.0,96.0,4.0,0.0,54.8,57.3,59.6,-93,13.8
2026-03-16 16:47:44,Pasillo de Laboratorio (E),63.5,People,57.2,57.2,57.2,0.0,45.5,54.5,0.0,54.7,56.9,59.0,-101,12.0
2026-03-16 16:48:13,Salón - Extremo (E),53.2,Background Noise,47.1,47.1,0.0,0.0,100.0,0.0,0.0,40.1,40.7,51.1,-86,14.0
2026-03-16 16:52:16,Main Lobby (E),75.5,People,58.5,50.9,59.9,0.0,32.2,67.8,0.0,40.8,51.7,60.3,-95,13.5
2026-03-16 16:52:33,Pasillo de Salones (E),58.4,Background Noise,53.5,53.5,52.7,0.0,99.9,0.1,0.0,51.1,53.3,55.4,-90,13.5
2026-03-16 16:52:37,Pasillo Administrativo (E),70.3,People,48.8,43.6,57.5,60.1,90.6,9.0,0.4,33.7,36.1,40.9,-107,8.0
2026-03-16 16:52:42,Salón - Uma (E),65.6,Background Noise,57.6,57.6,57.6,0.0,94.3,5.7,0.0,54.6,57.2,59.7,-96,11.3
2026-03-16 16:52:44,Pasillo de Laboratorio (E),61.4,People,57.2,57.2,57.2,0.0,40.5,59.5,0.0,54.7,57.0,58.9,-101,11.3
2026-03-16 16:53:13,Salón - Extremo (E),53.7,Background Noise,47.0,47.0,0.0,0.0,100.0,0.0,0.0,40.1,40.7,51.0,-85,12.5
2026-03-16 16:57:16,Main Lobby (E),71.8,People,54.4,53.4,55.3,56.9,56.0,43.8,0.2,50.2,53.7,55.7,-95,12.8
2026-03-16 16:57:33,Pasillo de Salones (E),58.5,Background Noise,53.5,53.5,0.0,0.0,100.0,0.0,0.0,51.1,53.2,55.4,-90,11.5
2026-03-16 16:57:37,Pasillo Administrativo (E),73.4,Background Noise,46.5,46.0,53.5,52.4,96.8,2.8,0.3,33.1,35.7,39.5,-103,10.5
2026-03-16 16:57:42,Salón - Uma (E),64.4,Background Noise,57.8,57.8,57.9,0.0,94.8,5.2,0.0,54.9,57.3,59.8,-94,12.8
2026-03-16 16:57:44,Pasillo de Laboratorio (E),61.1,Background Noise,57.2,57.3,57.1,0.0,44.0,56.0,0.0,54.6,56.9,58.9,-103,10.5
2026-03-16 16:58:13,Salón - Extremo (E),57.4,Background Noise,48.5,48.5,0.0,0.0,100.0,0.0,0.0,40.2,41.0,51.7,-85,14.0
2026-03-16 17:02:16,Main Lobby (E),70.7,People,55.4,54.0,55.6,0.0,15.5,84.5,0.0,53.0,54.5,57.0,-94,11.0
2026-03-16 17:02:33,Pasillo de Salones (E),59.7,Background Noise,53.5,53.5,0.0,0.0,100.0,0.0,0.0,50.9,53.2,55.4,-90,13.5
2026-03-16 17:02:37,Pasillo Administrativo (E),62.9,Background Noise,40.9,40.9,38.3,38.7,99.4,0.5,0.1,33.0,35.3,37.6,-103,10.3
2026-03-16 17:02:42,Salón - Uma (E),65.8,Background Noise,57.9,57.9,57.5,0.0,95.0,5.0,0.0,54.9,57.5,59.9,-96,11.5
2026-03-16 17:02:44,Pasillo de Laboratorio (E),61.7,Background Noise,57.2,57.2,57.2,0.0,31.6,68.4,0.0,54.7,56.9,59.0,-100,11.8
2026-03-16 17:03:13,Salón - Extremo (E),53.2,Background Noise,47.2,47.2,0.0,0.0,100.0,0.0,0.0,40.1,40.8,51.0,-85,10.0
2026-03-16 17:07:16,Main Lobby (E),67.5,People,52.1,50.5,53.0,61.1,43.4,56.5,0.1,40.8,51.4,54.2,-96,13.0
2026-03-16 17:07:34,Pasillo de Salones (E),57.8,Background Noise,53.4,53.4,0.0,0.0,100.0,0.0,0.0,50.8,53.1,55.2,-89,14.0
2026-03-16 17:07:37,Pasillo Administrativo (E),63.0,Background Noise,38.8,38.6,41.5,50.4,98.5,1.3,0.2,33.0,35.3,37.7,-103,7.0
2026-03-16 17:07:43,Salón - Uma (E),63.1,Background Noise,57.6,57.6,57.4,0.0,95.9,4.1,0.0,54.5,57.2,59.7,-94,11.5
2026-03-16 17:07:45,Pasillo de Laboratorio (E),61.9,People,57.3,57.2,57.3,0.0,33.7,66.3,0.0,54.9,56.9,59.0,-101,10.3
2026-03-16 17:08:13,Salón - Extremo (E),53.3,Background Noise,47.0,47.0,0.0,0.0,100.0,0.0,0.0,40.1,40.7,51.0,-85,13.3
2026-03-16 17:12:16,Main Lobby (E),61.9,People,52.3,51.0,53.2,0.0,45.8,54.2,0.0,50.0,51.7,54.4,-95,13.5
2026-03-16 17:12:34,Pasillo de Salones (E),57.9,Background Noise,53.3,53.3,0.0,0.0,100.0,0.0,0.0,50.9,53.1,55.3,-89,13.8
2026-03-16 17:12:37,Pasillo Administrativo (E),55.9,Background Noise,37.5,36.9,49.3,51.0,99.2,0.6,0.3,32.9,35.4,37.7,-103,10.3
2026-03-16 17:12:43,Salón - Uma (E),65.6,Background Noise,57.5,57.5,57.3,0.0,95.9,4.1,0.0,54.6,57.0,59.5,-94,12.3
2026-03-16 17:12:45,Pasillo de Laboratorio (E),63.1,Background Noise,57.2,57.2,57.2,0.0,35.4,64.6,0.0,54.7,56.9,59.0,-101,11.8
2026-03-16 17:13:13,Salón - Extremo (E),58.0,Background Noise,47.8,47.8,51.1,0.0,99.9,0.1,0.0,40.2,40.8,51.2,-86,13.8
2026-03-16 17:17:16,Main Lobby (E),68.4,People,55.2,53.0,56.6,53.6,49.4,50.5,0.1,51.2,52.9,55.7,-94,13.5
2026-03-16 17:17:34,Pasillo de Salones (E),57.9,Background Noise,53.5,53.5,0.0,0.0,100.0,0.0,0.0,51.0,53.2,55.4,-89,11.5
2026-03-16 17:17:37,Pasillo Administrativo (E),67.2,Background Noise,42.9,41.9,49.2,0.0,94.2,5.8,0.0,33.1,35.6,39.4,-104,10.0
2026-03-16 17:17:43,Salón - Uma (E),62.4,Background Noise,57.7,57.7,57.5,0.0,95.6,4.4,0.0,54.9,57.3,59.7,-95,11.5
2026-03-16 17:17:45,Pasillo de Laboratorio (E),61.5,People,57.2,57.0,57.2,0.0,34.8,65.2,0.0,54.6,56.9,59.0,-101,10.8
2026-03-16 17:18:13,Salón - Extremo (E),53.0,Background Noise,46.9,46.9,50.4,0.0,99.8,0.2,0.0,40.1,40.7,50.9,-85,13.0
2026-03-16 17:22:16,Main Lobby (E),71.4,Background Noise,53.4,52.6,54.7,58.3,70.1,29.7,0.3,50.4,52.1,54.0,-94,11.8
2026-03-16 17:22:34,Pasillo de Salones (E),58.4,Background Noise,53.5,53.5,51.5,0.0,99.8,0.2,0.0,51.0,53.1,55.4,-90,13.5
2026-03-16 17:22:38,Pasillo Administrativo (E),59.1,Background Noise,39.2,38.7,43.3,51.9,95.5,4.3,0.2,33.2,35.6,38.2,-105,8.3
2026-03-16 17:22:43,Salón - Uma (E),66.0,Background Noise,57.6,57.6,57.5,0.0,92.3,7.7,0.0,54.8,57.2,59.6,-94,11.0
2026-03-16 17:22:45,Pasillo de Laboratorio (E),61.7,People,57.2,57.1,57.2,0.0,38.9,61.1,0.0,54.6,56.9,59.0,-102,11.0
2026-03-16 17:23:14,Salón - Extremo (E),53.1,Background Noise,47.0,47.0,0.0,0.0,100.0,0.0,0.0,40.1,40.7,51.1,-84,14.0
2026-03-16 17:27:17,Main Lobby (E),66.9,People,52.4,52.1,52.9,54.7,71.5,28.4,0.1,50.4,52.1,53.7,-96,12.8
2026-03-16 17:27:34,Pasillo de Salones (E),58.1,Background Noise,53.5,53.5,0.0,0.0,100.0,0.0,0.0,51.0,53.2,55.4,-90,13.8
2026-03-16 17:27:38,Pasillo Administrativo (E),72.3,People,47.2,45.2,58.9,0.0,97.5,2.5,0.0,32.9,35.3,38.2,-105,4.5
2026-03-16 17:27:43,Salón - Uma (E),64.0,Background Noise,57.7,57.8,57.1,0.0,94.0,6.0,0.0,54.8,57.3,59.8,-95,12.0
2026-03-16 17:27:45,Pasillo de Laboratorio (E),62.3,People,57.2,57.2,57.3,0.0,43.9,56.1,0.0,54.7,57.0,59.1,-100,12.0
2026-03-16 17:28:14,Salón - Extremo (E),61.5,Background Noise,47.9,47.8,51.6,51.9,99.0,0.7,0.3,40.1,40.8,51.3,-85,11.8
2026-03-16 17:32:17,Main Lobby (E),70.1,People,51.0,49.6,52.9,51.9,66.2,33.7,0.1,40.4,50.6,52.9,-94,12.8
2026-03-16 17:32:34,Pasillo de Salones (E),63.5,People,53.7,53.5,56.7,0.0,96.4,3.6,0.0,51.0,53.3,55.6,-89,13.5
2026-03-16 17:32:38,Pasillo Administrativo (E),59.2,Background Noise,38.3,38.2,44.0,52.4,99.5,0.4,0.1,31.9,34.3,37.0,-108,7.5
2026-03-16 17:32:43,Salón - Uma (E),64.0,Background Noise,57.8,57.8,57.7,0.0,94.2,5.8,0.0,54.9,57.4,59.7,-95,10.3
2026-03-16 17:32:45,Pasillo de Laboratorio (E),62.0,People,57.1,57.1,57.2,0.0,53.6,46.4,0.0,54.7,56.8,58.9,-102,11.0
2026-03-16 17:33:14,Salón - Extremo (E),54.3,Background Noise,47.5,47.5,51.1,0.0,99.8,0.2,0.0,40.2,40.8,51.1,-85,13.3
2026-03-16 17:37:17,Main Lobby (E),69.7,People,52.0,50.5,55.0,53.5,77.5,22.3,0.2,40.6,51.0,53.3,-94,11.0
2026-03-16 17:37:34,Pasillo de Salones (E),64.3,People,53.6,53.5,56.5,0.0,95.8,4.2,0.0,51.1,53.3,55.5,-89,13.8
2026-03-16 17:37:38,Pasillo Administrativo (E),61.7,Background Noise,40.6,39.7,51.4,0.0,98.3,1.7,0.0,31.7,34.3,36.9,-103,10.5
2026-03-16 17:37:43,Salón - Uma (E),62.2,Background Noise,57.6,57.6,57.6,0.0,94.3,5.7,0.0,54.6,57.2,59.7,-94,12.3
2026-03-16 17:37:45,Pasillo de Laboratorio (E),63.6,Vehicle,57.1,57.1,57.2,59.8,51.5,48.1,0.3,54.6,56.9,59.0,-101,10.3
2026-03-16 17:38:14,Salón - Extremo (E),53.5,Background Noise,46.5,46.4,51.2,0.0,99.8,0.2,0.0,40.1,40.6,50.9,-85,14.0
2026-03-16 17:42:17,Main Lobby (E),63.8,Background Noise,49.9,49.1,52.7,50.5,84.1,15.8,0.2,40.3,50.3,52.2,-94,13.0
2026-03-16 17:42:34,Pasillo de Salones (E),57.6,Background Noise,53.3,53.3,52.3,0.0,99.9,0.1,0.0,51.0,53.0,55.2,-89,13.8
2026-03-16 17:42:38,Pasillo Administrativo (E),39.7,Background Noise,34.1,34.1,0.0,0.0,100.0,0.0,0.0,31.4,33.8,36.1,-104,9.8
2026-03-16 17:42:43,Salón - Uma (E),64.1,Background Noise,57.7,57.7,57.4,0.0,95.8,4.2,0.0,54.8,57.2,59.7,-93,11.3
2026-03-16 17:42:45,Pasillo de Laboratorio (E),63.4,People,57.3,57.3,57.3,60.8,55.8,44.1,0.2,54.7,57.1,59.0,-102,10.8
2026-03-16 17:43:14,Salón - Extremo (E),52.2,Background Noise,46.1,46.1,0.0,0.0,100.0,0.0,0.0,40.1,40.6,50.9,-85,10.0
2026-03-16 17:47:17,Main Lobby (E),69.4,People,51.6,49.5,55.3,51.1,77.0,22.4,0.6,40.2,50.3,52.8,-94,13.5
2026-03-16 17:47:35,Pasillo de Salones (E),58.0,Background Noise,53.5,53.5,54.3,0.0,99.5,0.5,0.0,51.1,53.3,55.3,-90,13.5
2026-03-16 17:47:38,Pasillo Administrativo (E),70.9,Background Noise,44.8,44.5,52.3,34.9,98.3,1.7,0.1,31.8,34.5,37.6,-104,9.8
2026-03-16 17:47:44,Salón - Uma (E),63.2,Background Noise,57.5,57.5,57.5,0.0,95.5,4.5,0.0,54.6,57.0,59.5,-94,12.3
2026-03-16 17:47:46,Pasillo de Laboratorio (E),61.2,Background Noise,57.2,57.2,57.2,0.0,42.5,57.5,0.0,54.9,57.0,59.0,-100,12.0
2026-03-16 17:48:14,Salón - Extremo (E),54.4,Background Noise,46.7,46.7,50.4,0.0,99.9,0.1,0.0,40.1,40.6,50.9,-86,13.8
2026-03-16 17:52:17,Main Lobby (E),80.7,People,61.0,51.6,63.2,53.8,42.1,57.8,0.1,40.8,52.2,62.5,-94,13.8
2026-03-16 17:52:35,Pasillo de Salones (E),69.1,People,53.8,53.6,59.1,40.8,97.4,2.5,0.1,51.1,53.2,55.5,-89,13.8
2026-03-16 17:52:38,Pasillo Administrativo (E),52.2,Background Noise,34.9,34.9,34.5,0.0,99.8,0.2,0.0,31.9,34.2,36.5,-103,11.0
2026-03-16 17:52:43,Salón - Uma (E),62.7,Background Noise,57.7,57.7,57.6,0.0,93.7,6.3,0.0,54.6,57.3,59.7,-95,13.3
2026-03-16 17:52:46,Pasillo de Laboratorio (E),62.3,People,57.2,57.0,57.3,57.7,37.7,62.1,0.3,54.9,56.9,59.0,-101,11.5
2026-03-16 17:53:14,Salón - Extremo (E),54.2,Background Noise,47.3,47.3,40.5,0.0,99.9,0.1,0.0,40.1,40.8,51.2,-84,14.0
2026-03-16 17:57:17,Main Lobby (E),68.0,Background Noise,50.4,50.2,50.9,40.9,71.4,28.6,0.1,40.3,50.4,52.3,-94,13.5
2026-03-16 17:57:35,Pasillo de Salones (E),57.7,Background Noise,53.5,53.5,53.0,0.0,99.3,0.7,0.0,51.0,53.3,55.3,-90,11.5
2026-03-16 17:57:38,Pasillo Administrativo (E),40.0,Background Noise,34.6,34.6,0.0,0.0,100.0,0.0,0.0,31.8,34.2,36.5,-107,8.5
2026-03-16 17:57:44,Salón - Uma (E),64.1,Background Noise,57.7,57.7,57.1,0.0,95.0,5.0,0.0,54.7,57.3,59.7,-94,13.8
2026-03-16 17:57:46,Pasillo de Laboratorio (E),64.9,People,57.3,57.2,57.4,56.5,38.8,60.9,0.3,54.8,57.0,59.1,-103,10.5
2026-03-16 17:58:14,Salón - Extremo (E),52.8,Background Noise,47.1,47.1,0.0,0.0,100.0,0.0,0.0,40.1,40.7,51.0,-85,13.5
2026-03-16 18:02:17,Main Lobby (E),60.1,People,50.8,50.2,52.5,55.2,79.7,20.1,0.3,40.5,50.9,52.7,-94,13.0
2026-03-16 18:02:35,Pasillo de Salones (E),58.6,Background Noise,53.5,53.5,0.0,0.0,100.0,0.0,0.0,50.9,53.2,55.4,-90,14.3
2026-03-16 18:02:39,Pasillo Administrativo (E),39.8,Background Noise,34.5,34.5,0.0,0.0,100.0,0.0,0.0,31.8,34.1,36.6,-106,8.0
2026-03-16 18:02:44,Salón - Uma (E),65.6,Background Noise,57.8,57.8,57.3,0.0,95.8,4.2,0.0,54.8,57.4,59.9,-97,13.0
2026-03-16 18:02:46,Pasillo de Laboratorio (E),62.4,People,57.4,57.2,57.4,58.0,20.3,79.5,0.3,55.0,57.1,59.1,-103,10.8
2026-03-16 18:03:14,Salón - Extremo (E),53.6,Background Noise,46.6,46.6,0.0,0.0,100.0,0.0,0.0,40.1,40.7,50.9,-84,14.3
2026-03-16 18:07:18,Main Lobby (E),58.6,People,49.5,49.5,50.4,52.0,95.1,4.8,0.1,40.3,50.4,51.8,-95,13.0
2026-03-16 18:07:35,Pasillo de Salones (E),58.8,Background Noise,53.5,53.5,52.8,0.0,99.8,0.2,0.0,50.9,53.2,55.5,-89,13.5
2026-03-16 18:07:39,Pasillo Administrativo (E),39.7,Background Noise,34.3,34.3,0.0,0.0,100.0,0.0,0.0,31.6,34.0,36.1,-104,10.3
2026-03-16 18:07:44,Salón - Uma (E),63.7,Background Noise,57.6,57.6,57.2,0.0,94.8,5.2,0.0,54.7,57.2,59.8,-96,12.8
2026-03-16 18:07:46,Pasillo de Laboratorio (E),62.0,Background Noise,57.3,57.2,57.3,60.2,31.1,68.9,0.1,54.8,57.0,59.1,-102,11.3
2026-03-16 18:08:15,Salón - Extremo (E),53.2,Background Noise,46.7,46.7,0.0,0.0,100.0,0.0,0.0,40.1,40.6,51.2,-86,13.5
2026-03-16 18:12:18,Main Lobby (E),61.3,People,49.5,49.3,49.9,50.3,63.8,35.0,1.2,40.3,50.3,52.0,-94,12.8
2026-03-16 18:12:35,Pasillo de Salones (E),57.8,Background Noise,53.4,53.4,53.3,0.0,99.6,0.4,0.0,51.0,53.2,55.2,-90,13.5
2026-03-16 18:12:39,Pasillo Administrativo (E),39.9,Background Noise,34.4,34.4,0.0,0.0,100.0,0.0,0.0,31.6,34.0,36.3,-104,10.8
2026-03-16 18:12:44,Salón - Uma (E),62.8,Background Noise,57.6,57.6,57.6,0.0,90.3,9.7,0.0,54.7,57.1,59.6,-97,10.8
2026-03-16 18:12:46,Pasillo de Laboratorio (E),64.3,Background Noise,57.3,57.3,57.3,60.4,21.9,78.0,0.1,54.9,57.0,59.0,-100,9.0
2026-03-16 18:13:15,Salón - Extremo (E),52.1,Background Noise,46.3,46.3,40.5,40.3,99.3,0.6,0.1,40.1,40.5,50.8,-84,14.3
2026-03-16 18:17:18,Main Lobby (E),65.3,People,49.6,48.9,50.7,52.3,70.9,27.4,1.7,40.2,50.2,51.7,-94,13.3
2026-03-16 18:17:35,Pasillo de Salones (E),57.8,Background Noise,53.5,53.5,53.3,0.0,99.7,0.3,0.0,51.0,53.3,55.3,-89,13.3
2026-03-16 18:17:39,Pasillo Administrativo (E),39.7,Background Noise,34.4,34.4,34.7,34.6,97.3,2.5,0.2,31.7,34.0,36.3,-104,10.3
2026-03-16 18:17:44,Salón - Uma (E),62.3,Background Noise,57.6,57.6,57.5,0.0,79.8,20.2,0.0,54.7,57.2,59.5,-98,13.0
2026-03-16 18:17:46,Pasillo de Laboratorio (E),66.0,Vehicle,57.3,57.0,57.4,61.6,20.2,79.4,0.3,54.9,57.1,59.1,-102,11.0
2026-03-16 18:18:15,Salón - Extremo (E),53.9,Background Noise,46.8,46.8,47.7,47.1,98.4,1.0,0.6,40.1,40.7,50.9,-87,13.5
2026-03-16 18:22:18,Main Lobby (E),65.8,Background Noise,48.6,48.6,48.7,47.9,66.7,30.8,2.5,40.1,41.0,51.4,-94,13.5
2026-03-16 18:22:35,Pasillo de Salones (E),59.5,Background Noise,53.5,53.5,52.8,0.0,99.8,0.3,0.0,51.0,53.2,55.4,-90,13.5
2026-03-16 18:22:39,Pasillo Administrativo (E),66.9,Background Noise,40.6,40.4,49.9,34.8,99.4,0.5,0.1,31.8,34.3,36.6,-107,7.5
2026-03-16 18:22:44,Salón - Uma (E),63.0,Background Noise,57.8,57.8,57.8,0.0,77.8,22.2,0.0,54.9,57.4,59.8,-97,13.0
2026-03-16 18:22:46,Pasillo de Laboratorio (E),61.4,People,57.4,57.2,57.4,57.2,13.5,86.3,0.2,55.1,57.2,59.2,-100,12.0
2026-03-16 18:23:15,Salón - Extremo (E),52.6,Background Noise,46.5,46.5,0.0,0.0,100.0,0.0,0.0,40.1,40.7,50.8,-85,11.5
2026-03-16 18:27:18,Main Lobby (E),62.2,Background Noise,49.2,48.9,49.4,50.7,45.3,53.5,1.2,40.3,50.2,51.7,-94,13.0
2026-03-16 18:27:36,Pasillo de Salones (E),57.9,Background Noise,53.5,53.5,52.5,0.0,99.7,0.3,0.0,51.1,53.2,55.4,-90,13.5
2026-03-16 18:27:39,Pasillo Administrativo (E),38.9,Background Noise,34.7,34.7,34.8,34.2,98.3,1.1,0.7,32.2,34.4,36.5,-103,10.3
2026-03-16 18:27:44,Salón - Uma (E),64.2,People,57.7,57.7,57.9,0.0,69.8,30.2,0.0,54.8,57.3,59.8,-96,12.5
2026-03-16 18:27:47,Pasillo de Laboratorio (E),66.8,People,57.5,57.5,57.5,0.0,44.7,55.3,0.0,55.1,57.2,59.2,-100,12.3
2026-03-16 18:28:15,Salón - Extremo (E),53.8,Background Noise,46.7,46.8,46.8,43.8,97.6,1.8,0.6,40.1,40.6,50.8,-86,13.5
2026-03-16 18:32:18,Main Lobby (E),72.0,People,53.3,50.5,54.3,48.7,35.4,63.2,1.4,40.6,51.4,53.5,-95,13.0
2026-03-16 18:32:36,Pasillo de Salones (E),66.7,People,53.7,53.5,58.1,53.0,97.5,2.3,0.2,51.0,53.3,55.4,-90,13.5
2026-03-16 18:32:39,Pasillo Administrativo (E),39.8,Background Noise,34.6,34.6,33.5,34.8,99.7,0.3,0.1,32.0,34.2,36.6,-104,10.8
2026-03-16 18:32:44,Salón - Uma (E),64.0,People,57.9,58.0,57.9,0.0,79.9,20.1,0.0,54.9,57.6,60.0,-96,12.8
2026-03-16 18:32:47,Pasillo de Laboratorio (E),67.9,People,57.3,57.1,57.4,60.9,33.4,66.2,0.4,54.6,57.0,59.1,-102,11.0
2026-03-16 18:33:15,Salón - Extremo (E),53.0,Background Noise,46.5,46.5,45.9,46.6,97.7,1.7,0.7,40.1,40.7,50.9,-85,13.8
2026-03-16 18:37:18,Main Lobby (E),68.8,People,48.8,48.0,51.9,48.3,85.8,13.7,0.5,40.2,40.9,51.4,-94,13.8
2026-03-16 18:37:36,Pasillo de Salones (E),58.2,Background Noise,53.6,53.6,50.2,0.0,99.9,0.1,0.0,51.0,53.3,55.5,-88,14.0
2026-03-16 18:37:39,Pasillo Administrativo (E),56.4,People,36.7,35.3,51.0,0.0,99.0,1.0,0.0,31.9,34.3,36.8,-104,9.8
2026-03-16 18:37:45,Salón - Uma (E),63.3,Background Noise,57.7,57.8,57.7,0.0,93.8,6.2,0.0,54.9,57.3,59.7,-98,13.5
2026-03-16 18:37:47,Pasillo de Laboratorio (E),65.8,People,57.5,57.6,57.4,57.3,63.7,35.6,0.7,54.8,57.1,59.5,-102,10.5
2026-03-16 18:38:15,Salón - Extremo (E),52.6,Background Noise,47.1,47.0,47.7,49.3,97.8,1.9,0.3,40.1,40.7,50.9,-85,10.0
2026-03-16 18:42:18,Main Lobby (E),75.8,Background Noise,52.5,51.9,54.4,55.7,81.2,18.0,0.8,40.2,50.4,53.7,-94,13.0
2026-03-16 18:42:36,Pasillo de Salones (E),58.6,Background Noise,53.4,53.4,54.3,53.6,99.2,0.7,0.1,51.0,53.2,55.3,-90,13.3
2026-03-16 18:42:40,Pasillo Administrativo (E),60.6,Background Noise,41.4,39.3,52.3,0.0,96.8,3.2,0.0,32.3,34.8,37.7,-104,10.8
2026-03-16 18:42:45,Salón - Uma (E),62.9,Background Noise,57.5,57.6,57.2,0.0,95.0,5.0,0.0,54.7,57.2,59.5,-95,13.0
2026-03-16 18:42:47,Pasillo de Laboratorio (E),62.0,People,57.2,57.2,57.3,58.7,59.9,39.7,0.4,54.8,56.9,59.0,-98,13.0
2026-03-16 18:43:16,Salón - Extremo (E),52.8,Background Noise,46.6,46.6,0.0,0.0,100.0,0.0,0.0,40.2,40.7,50.9,-84,13.5
2026-03-16 18:47:19,Main Lobby (E),69.0,People,49.2,47.5,53.1,52.7,82.0,17.7,0.2,40.1,40.8,51.8,-94,11.3
2026-03-16 18:47:36,Pasillo de Salones (E),57.6,Background Noise,53.4,53.4,50.8,0.0,99.9,0.1,0.0,50.9,53.1,55.4,-89,11.8
2026-03-16 18:47:40,Pasillo Administrativo (E),68.9,People,48.9,40.2,60.0,0.0,93.2,6.8,0.0,32.0,34.6,38.6,-102,10.5
2026-03-16 18:47:45,Salón - Uma (E),63.1,Background Noise,57.6,57.6,57.5,0.0,96.0,4.0,0.0,54.7,57.2,59.6,-97,12.8
2026-03-16 18:47:47,Pasillo de Laboratorio (E),62.6,People,57.2,57.1,57.4,57.8,45.6,54.2,0.2,54.8,57.0,59.0,-102,10.8
2026-03-16 18:48:16,Salón - Extremo (E),52.5,Background Noise,46.9,46.9,0.0,0.0,100.0,0.0,0.0,40.1,40.7,50.9,-84,14.0
2026-03-16 18:52:19,Main Lobby (E),70.0,People,51.2,49.0,53.7,51.1,66.2,33.7,0.2,40.2,50.3,53.2,-93,13.3
2026-03-16 18:52:36,Pasillo de Salones (E),57.8,Background Noise,53.5,53.5,52.2,0.0,99.8,0.2,0.0,51.1,53.3,55.5,-89,14.0
2026-03-16 18:52:40,Pasillo Administrativo (E),40.1,Background Noise,34.8,34.8,0.0,0.0,100.0,0.0,0.0,32.1,34.5,36.7,-105,8.3
2026-03-16 18:52:45,Salón - Uma (E),63.1,Background Noise,57.6,57.6,57.6,0.0,94.9,5.1,0.0,54.6,57.2,59.7,-97,13.0
2026-03-16 18:52:47,Pasillo de Laboratorio (E),73.6,People,58.6,57.6,59.0,60.0,38.7,60.6,0.7,55.0,57.6,60.3,-101,11.5
2026-03-16 18:53:16,Salón - Extremo (E),52.5,Background Noise,46.6,46.6,0.0,0.0,100.0,0.0,0.0,40.1,40.8,50.8,-84,13.8
2026-03-16 18:57:19,Main Lobby (E),70.4,People,51.9,49.2,56.3,54.5,79.4,19.9,0.7,40.2,50.2,52.5,-94,13.5
2026-03-16 18:57:36,Pasillo de Salones (E),58.8,Background Noise,53.6,53.6,54.6,0.0,99.9,0.1,0.0,51.1,53.2,55.4,-90,11.3
2026-03-16 18:57:40,Pasillo Administrativo (E),39.9,Background Noise,34.9,34.9,0.0,0.0,100.0,0.0,0.0,32.2,34.5,36.9,-105,7.8
2026-03-16 18:57:45,Salón - Uma (E),63.0,Background Noise,57.7,57.7,57.2,0.0,93.3,6.7,0.0,54.8,57.2,59.8,-98,12.8
2026-03-16 18:57:47,Pasillo de Laboratorio (E),62.3,People,57.1,57.2,57.1,0.0,39.6,60.4,0.0,54.7,56.9,58.9,-101,7.0
2026-03-16 18:58:16,Salón - Extremo (E),53.2,Background Noise,46.6,46.6,0.0,0.0,100.0,0.0,0.0,40.1,40.6,50.9,-84,13.8
2026-03-16 19:02:23,Main Lobby (E),74.6,People,51.7,49.8,59.3,65.2,93.7,6.2,0.2,40.3,50.2,52.4,-95,13.3
2026-03-16 19:02:36,Pasillo de Salones (E),58.5,Background Noise,53.6,53.6,53.1,0.0,99.3,0.7,0.0,51.1,53.3,55.4,-90,13.8
2026-03-16 19:02:40,Pasillo Administrativo (E),51.3,Background Noise,34.8,34.8,0.0,0.0,100.0,0.0,0.0,31.9,34.4,36.5,-107,9.0
2026-03-16 19:02:45,Salón - Uma (E),64.0,Background Noise,57.9,57.9,58.0,0.0,94.7,5.3,0.0,55.0,57.5,59.9,-95,11.3
2026-03-16 19:02:47,Pasillo de Laboratorio (E),61.3,Background Noise,57.1,57.1,57.2,57.6,76.3,23.3,0.3,54.7,56.9,59.0,-105,9.8
2026-03-16 19:03:16,Salón - Extremo (E),52.4,Background Noise,46.4,46.4,0.0,0.0,100.0,0.0,0.0,40.1,40.7,50.7,-86,13.5
2026-03-16 19:07:19,Main Lobby (E),65.4,People,48.8,48.2,52.7,46.2,92.4,7.3,0.2,40.2,50.0,51.5,-95,13.5
2026-03-16 19:07:37,Pasillo de Salones (E),58.1,Background Noise,53.5,53.5,54.4,0.0,99.8,0.2,0.0,51.0,53.2,55.3,-90,13.5
2026-03-16 19:07:40,Pasillo Administrativo (E),40.0,Background Noise,35.0,35.0,0.0,0.0,100.0,0.0,0.0,32.1,34.6,37.0,-103,10.0
2026-03-16 19:07:45,Salón - Uma (E),62.8,Background Noise,57.7,57.7,57.5,0.0,95.3,4.7,0.0,54.7,57.3,59.8,-97,12.8
2026-03-16 19:07:48,Pasillo de Laboratorio (E),61.8,People,57.3,57.2,57.4,0.0,67.3,32.7,0.0,54.9,57.0,59.0,-100,12.0
2026-03-16 19:08:16,Salón - Extremo (E),53.4,Background Noise,46.6,46.6,0.0,0.0,100.0,0.0,0.0,40.1,40.6,50.9,-86,14.0
2026-03-16 19:12:19,Main Lobby (E),61.2,Background Noise,48.8,48.8,50.8,51.6,96.7,3.2,0.1,40.2,50.1,51.7,-93,11.0
2026-03-16 19:12:37,Pasillo de Salones (E),59.1,Background Noise,53.5,53.5,40.2,0.0,99.9,0.1,0.0,51.1,53.2,55.4,-89,14.0
2026-03-16 19:12:40,Pasillo Administrativo (E),40.4,Background Noise,34.9,34.9,0.0,0.0,100.0,0.0,0.0,32.1,34.5,37.0,-103,10.8
2026-03-16 19:12:45,Salón - Uma (E),63.7,People,57.6,57.6,57.9,0.0,95.1,4.9,0.0,54.8,57.2,59.7,-97,12.8
2026-03-16 19:12:48,Pasillo de Laboratorio (E),61.7,Background Noise,57.2,57.1,57.4,0.0,54.1,45.9,0.0,54.8,57.0,59.0,-102,8.8
2026-03-16 19:13:16,Salón - Extremo (E),55.5,Background Noise,47.4,47.4,0.0,0.0,100.0,0.0,0.0,40.1,40.8,51.1,-84,13.8
2026-03-16 19:17:19,Main Lobby (E),69.9,People,54.0,53.4,55.0,53.5,68.9,31.0,0.1,52.1,53.3,55.0,-94,13.0
2026-03-16 19:17:37,Pasillo de Salones (E),58.1,Background Noise,53.6,53.6,53.3,0.0,99.9,0.1,0.0,51.0,53.2,55.5,-89,13.5
2026-03-16 19:17:40,Pasillo Administrativo (E),53.4,Background Noise,35.2,35.2,0.0,0.0,100.0,0.0,0.0,32.1,34.5,36.8,-103,10.0
2026-03-16 19:17:46,Salón - Uma (E),62.6,Background Noise,57.6,57.6,57.1,0.0,95.3,4.7,0.0,54.8,57.2,59.5,-97,7.3
2026-03-16 19:17:48,Pasillo de Laboratorio (E),62.4,People,57.2,57.1,58.0,58.1,84.5,15.0,0.5,54.6,57.0,59.1,-104,10.3
2026-03-16 19:18:16,Salón - Extremo (E),54.5,Background Noise,46.9,46.9,0.0,0.0,100.0,0.0,0.0,40.1,40.6,50.9,-85,11.3
2026-03-16 19:22:19,Main Lobby (E),65.4,People,51.3,50.5,54.9,0.0,87.9,12.1,0.0,40.3,50.9,53.6,-96,12.3
2026-03-16 19:22:37,Pasillo de Salones (E),58.5,Background Noise,53.7,53.7,55.7,0.0,99.9,0.1,0.0,51.2,53.5,55.5,-89,13.3
2026-03-16 19:22:41,Pasillo Administrativo (E),74.9,Background Noise,46.7,46.5,52.3,51.3,98.5,1.3,0.2,32.4,34.9,37.9,-103,10.8
2026-03-16 19:22:46,Salón - Uma (E),63.4,Background Noise,57.6,57.6,57.4,0.0,94.2,5.8,0.0,54.7,57.3,59.6,-99,11.8
2026-03-16 19:22:48,Pasillo de Laboratorio (E),61.7,Background Noise,57.2,57.2,57.2,0.0,79.3,20.7,0.0,54.7,56.9,59.0,-101,11.3
2026-03-16 19:23:17,Salón - Extremo (E),59.7,Background Noise,48.6,48.6,40.2,0.0,99.9,0.1,0.0,40.1,40.9,51.7,-85,10.3
2026-03-16 19:27:19,Main Lobby (E),58.3,Background Noise,49.2,49.3,48.7,0.0,98.3,1.7,0.0,40.2,50.2,52.2,-95,13.0
2026-03-16 19:27:37,Pasillo de Salones (E),58.2,Background Noise,53.7,53.7,52.3,0.0,99.8,0.2,0.0,51.1,53.4,55.8,-90,13.8
2026-03-16 19:27:41,Pasillo Administrativo (E),50.6,Background Noise,35.1,35.1,0.0,0.0,100.0,0.0,0.0,32.0,34.5,36.9,-104,8.8
2026-03-16 19:27:46,Salón - Uma (E),64.6,Background Noise,57.6,57.6,57.8,0.0,92.5,7.5,0.0,54.7,57.2,59.7,-95,13.5
2026-03-16 19:27:48,Pasillo de Laboratorio (E),61.5,People,57.2,57.3,57.2,0.0,55.4,44.6,0.0,54.7,56.9,59.1,-102,10.8
2026-03-16 19:28:17,Salón - Extremo (E),59.0,Background Noise,48.5,48.5,0.0,0.0,100.0,0.0,0.0,40.1,41.0,51.6,-85,14.0
2026-03-16 19:32:20,Main Lobby (E),55.0,People,48.8,48.6,51.2,0.0,93.8,6.2,0.0,40.2,50.2,51.5,-95,13.3
2026-03-16 19:32:37,Pasillo de Salones (E),59.1,Background Noise,53.6,53.6,0.0,0.0,100.0,0.0,0.0,51.1,53.3,55.5,-90,11.8
2026-03-16 19:32:41,Pasillo Administrativo (E),50.9,Background Noise,34.9,34.9,0.0,0.0,100.0,0.0,0.0,32.0,34.3,36.6,-105,9.5
2026-03-16 19:32:46,Salón - Uma (E),63.3,Background Noise,58.0,58.0,57.8,0.0,92.6,7.4,0.0,55.2,57.6,60.0,-104,10.8
2026-03-16 19:32:48,Pasillo de Laboratorio (E),62.5,Background Noise,57.2,57.3,57.0,58.1,83.7,16.2,0.2,54.8,57.0,59.0,-102,9.5
2026-03-16 19:33:17,Salón - Extremo (E),53.0,People,46.9,46.9,49.8,0.0,98.4,1.6,0.0,40.1,40.7,50.8,-84,14.0
2026-03-16 19:37:20,Main Lobby (E),53.8,People,48.3,48.3,48.8,0.0,98.8,1.2,0.0,40.2,50.0,51.4,-94,11.3
2026-03-16 19:37:37,Pasillo de Salones (E),59.3,Background Noise,53.5,53.5,53.1,0.0,99.8,0.2,0.0,50.9,53.2,55.4,-90,13.8
2026-03-16 19:37:41,Pasillo Administrativo (E),40.0,Background Noise,34.8,34.8,0.0,0.0,100.0,0.0,0.0,32.1,34.4,36.8,-103,10.3
2026-03-16 19:37:47,Salón - Uma (E),63.1,Background Noise,57.8,57.9,57.6,0.0,95.8,4.2,0.0,54.9,57.4,60.0,-102,11.3
2026-03-16 19:37:48,Pasillo de Laboratorio (E),61.8,Background Noise,57.3,57.2,57.4,54.6,58.1,41.8,0.1,54.7,57.0,59.1,-104,9.3
2026-03-16 19:38:17,Salón - Extremo (E),53.2,Background Noise,47.2,47.2,0.0,0.0,100.0,0.0,0.0,40.1,40.8,50.8,-84,13.3
2026-03-16 19:42:20,Main Lobby (E),62.0,People,48.6,47.3,52.8,56.5,86.0,13.9,0.1,40.2,40.9,51.4,-96,13.0
2026-03-16 19:42:37,Pasillo de Salones (E),57.9,Background Noise,53.4,53.4,52.7,0.0,99.9,0.1,0.0,50.9,53.2,55.2,-90,13.3
2026-03-16 19:42:41,Pasillo Administrativo (E),39.7,Background Noise,34.5,34.5,0.0,0.0,100.0,0.0,0.0,31.7,34.1,36.5,-103,10.3
2026-03-16 19:42:46,Salón - Uma (E),62.8,Background Noise,57.7,57.7,57.2,0.0,95.2,4.7,0.0,54.8,57.3,59.7,-102,10.8
2026-03-16 19:42:48,Pasillo de Laboratorio (E),63.7,People,57.3,57.4,57.3,56.2,30.6,69.2,0.2,54.9,57.1,59.0,-103,10.8
2026-03-16 19:43:17,Salón - Extremo (E),52.7,Background Noise,47.0,47.0,0.0,0.0,100.0,0.0,0.0,40.1,40.7,50.7,-86,13.5
2026-03-16 19:47:20,Main Lobby (E),53.4,Background Noise,47.7,47.6,50.4,0.0,98.0,2.0,0.0,40.1,40.8,51.1,-94,13.3
2026-03-16 19:47:38,Pasillo de Salones (E),58.2,Background Noise,53.4,53.4,51.7,0.0,99.9,0.1,0.0,51.0,53.1,55.2,-88,13.8
2026-03-16 19:47:41,Pasillo Administrativo (E),39.4,Background Noise,34.7,34.7,0.0,0.0,100.0,0.0,0.0,31.9,34.4,36.6,-107,9.0
2026-03-16 19:47:46,Salón - Uma (E),63.8,Background Noise,57.7,57.7,57.2,0.0,95.8,4.2,0.0,54.8,57.3,59.8,-102,9.3
2026-03-16 19:47:49,Pasillo de Laboratorio (E),61.0,People,57.3,57.2,57.3,0.0,17.2,82.8,0.0,54.9,57.0,59.1,-103,10.5
2026-03-16 19:48:17,Salón - Extremo (E),52.7,Background Noise,46.7,46.7,0.0,0.0,100.0,0.0,0.0,40.1,40.7,50.8,-84,13.5
2026-03-16 19:52:20,Main Lobby (E),53.6,Background Noise,47.4,47.4,48.4,0.0,95.4,4.6,0.0,40.1,40.9,51.0,-95,13.0
2026-03-16 19:52:38,Pasillo de Salones (E),58.2,Background Noise,53.5,53.5,0.0,0.0,100.0,0.0,0.0,51.0,53.2,55.4,-89,13.8
2026-03-16 19:52:41,Pasillo Administrativo (E),39.7,Background Noise,34.8,34.8,0.0,0.0,100.0,0.0,0.0,32.0,34.4,36.7,-103,10.8
2026-03-16 19:52:46,Salón - Uma (E),63.3,Background Noise,57.6,57.6,57.7,0.0,94.2,5.7,0.0,54.8,57.3,59.7,-102,6.5
2026-03-16 19:52:49,Pasillo de Laboratorio (E),62.2,People,57.2,57.2,57.2,0.0,17.8,82.3,0.0,54.7,57.0,59.0,-101,12.0
2026-03-16 19:53:17,Salón - Extremo (E),55.5,Background Noise,46.7,46.7,50.9,0.0,99.9,0.1,0.0,40.1,40.6,50.8,-85,14.0
2026-03-16 19:57:20,Main Lobby (E),53.8,Background Noise,47.5,47.5,45.1,0.0,97.4,2.6,0.0,40.2,40.8,51.1,-94,13.3
2026-03-16 19:57:38,Pasillo de Salones (E),58.3,Background Noise,53.5,53.5,0.0,0.0,100.0,0.0,0.0,51.0,53.3,55.5,-89,14.0
2026-03-16 19:57:41,Pasillo Administrativo (E),39.5,Background Noise,34.7,34.7,0.0,0.0,100.0,0.0,0.0,31.6,34.3,36.7,-103,10.5
2026-03-16 19:57:47,Salón - Uma (E),63.0,Background Noise,57.6,57.6,57.4,0.0,93.5,6.5,0.0,54.7,57.2,59.6,-103,11.0
2026-03-16 19:57:49,Pasillo de Laboratorio (E),61.3,People,57.3,57.1,57.3,0.0,16.8,83.2,0.0,54.8,57.0,59.0,-102,11.3
2026-03-16 19:58:17,Salón - Extremo (E),52.8,Background Noise,46.6,46.6,0.0,0.0,100.0,0.0,0.0,40.1,40.6,50.9,-84,13.8
2026-03-16 20:02:20,Main Lobby (E),54.8,Background Noise,47.4,47.4,49.0,0.0,99.1,0.9,0.0,40.1,40.8,51.0,-94,13.3
2026-03-16 20:02:38,Pasillo de Salones (E),58.5,Background Noise,53.6,53.6,50.8,0.0,99.8,0.2,0.0,51.0,53.3,55.5,-88,14.3
2026-03-16 20:02:42,Pasillo Administrativo (E),39.1,Background Noise,34.6,34.6,0.0,0.0,100.0,0.0,0.0,32.0,34.3,36.5,-104,10.3
2026-03-16 20:02:47,Salón - Uma (E),65.6,People,57.7,57.7,58.1,0.0,93.2,6.8,0.0,54.8,57.2,59.7,-102,11.8
2026-03-16 20:02:49,Pasillo de Laboratorio (E),61.0,People,57.1,57.1,57.1,0.0,22.1,77.9,0.0,54.6,56.9,58.9,-102,10.3
2026-03-16 20:03:18,Salón - Extremo (E),52.9,Background Noise,46.9,46.9,40.3,0.0,99.8,0.3,0.0,40.1,40.7,50.8,-86,13.8
2026-03-16 20:07:20,Main Lobby (E),53.1,Background Noise,48.4,48.3,49.1,0.0,95.7,4.3,0.0,40.2,50.1,51.3,-84,13.8
2026-03-16 20:07:38,Pasillo de Salones (E),58.4,Background Noise,53.7,53.7,52.5,0.0,99.9,0.1,0.0,51.0,53.4,55.6,-79,9.8
2026-03-16 20:07:43,Pasillo Administrativo (E),40.0,Background Noise,34.7,34.7,0.0,0.0,100.0,0.0,0.0,32.1,34.3,36.7,-106,8.0
2026-03-16 20:07:47,Salón - Uma (E),63.0,Background Noise,57.9,57.9,58.0,0.0,94.8,5.2,0.0,55.0,57.5,59.9,-102,11.0
2026-03-16 20:07:49,Pasillo de Laboratorio (E),62.6,People,57.3,56.9,57.3,0.0,17.5,82.5,0.0,54.8,57.0,59.0,-90,13.3
2026-03-16 20:08:18,Salón - Extremo (E),53.3,Background Noise,47.2,47.2,0.0,0.0,100.0,0.0,0.0,40.1,40.7,50.9,-75,11.5
2026-03-16 20:12:21,Main Lobby (E),60.0,Background Noise,48.9,48.7,50.5,0.0,89.8,10.2,0.0,40.2,50.2,51.6,-83,14.3
2026-03-16 20:12:38,Pasillo de Salones (E),59.0,Background Noise,53.5,53.5,52.4,52.3,99.8,0.2,0.1,51.0,53.2,55.4,-78,13.3
2026-03-16 20:12:42,Pasillo Administrativo (E),50.6,Background Noise,34.8,34.8,0.0,0.0,100.0,0.0,0.0,32.1,34.3,36.6,-106,8.3
2026-03-16 20:12:47,Salón - Uma (E),64.1,Background Noise,57.7,57.7,57.3,0.0,95.7,4.3,0.0,54.9,57.3,59.7,-102,10.8
2026-03-16 20:12:49,Pasillo de Laboratorio (E),61.6,People,57.2,57.1,57.2,0.0,21.3,78.7,0.0,54.7,56.9,59.0,-92,12.8
2026-03-16 20:13:18,Salón - Extremo (E),58.7,Background Noise,47.4,47.4,0.0,49.2,99.8,0.0,0.3,40.1,40.8,51.1,-74,13.8
2026-03-16 20:17:22,Main Lobby (E),55.7,Background Noise,49.8,49.5,53.3,0.0,94.8,5.2,0.0,40.2,50.2,53.4,-84,13.0
2026-03-16 20:17:38,Pasillo de Salones (E),58.9,Background Noise,53.5,53.5,51.6,0.0,99.9,0.1,0.0,50.9,53.2,55.4,-79,14.3
2026-03-16 20:17:42,Pasillo Administrativo (E),40.6,Background Noise,34.8,34.8,0.0,0.0,100.0,0.0,0.0,31.9,34.3,36.9,-103,10.8
2026-03-16 20:17:47,Salón - Uma (E),63.1,Background Noise,57.7,57.7,57.8,0.0,95.2,4.8,0.0,54.9,57.3,59.7,-102,9.8
2026-03-16 20:17:49,Pasillo de Laboratorio (E),61.3,People,57.3,57.3,57.3,0.0,12.2,87.8,0.0,55.0,57.0,59.1,-91,13.5
2026-03-16 20:18:18,Salón - Extremo (E),58.8,Background Noise,46.5,46.5,0.0,0.0,100.0,0.0,0.0,40.1,40.6,50.7,-74,12.0
2026-03-16 20:22:21,Main Lobby (E),68.4,People,53.3,53.2,55.4,57.5,95.5,4.4,0.1,52.1,53.1,54.2,-85,13.5
2026-03-16 20:22:38,Pasillo de Salones (E),57.8,Background Noise,53.4,53.4,0.0,0.0,100.0,0.0,0.0,50.9,53.2,55.3,-79,13.8
2026-03-16 20:22:42,Pasillo Administrativo (E),40.7,Background Noise,34.6,34.6,0.0,0.0,100.0,0.0,0.0,31.8,34.2,36.6,-103,10.8
2026-03-16 20:22:47,Salón - Uma (E),62.6,Background Noise,57.7,57.7,57.7,0.0,93.9,6.1,0.0,54.8,57.4,59.6,-101,12.0
2026-03-16 20:22:49,Pasillo de Laboratorio (E),62.2,Background Noise,57.3,57.1,57.3,0.0,12.5,87.5,0.0,55.0,57.1,59.0,-92,11.3
2026-03-16 20:23:18,Salón - Extremo (E),53.3,Background Noise,46.3,46.3,0.0,0.0,100.0,0.0,0.0,40.1,40.6,50.7,-76,14.0
2026-03-16 20:27:21,Main Lobby (E),55.7,People,50.2,49.2,53.6,0.0,85.6,14.4,0.0,40.3,50.3,53.7,-84,13.5
2026-03-16 20:27:39,Pasillo de Salones (E),59.0,Background Noise,53.6,53.6,55.4,52.6,99.8,0.2,0.1,51.0,53.3,55.5,-79,13.3
2026-03-16 20:27:42,Pasillo Administrativo (E),39.3,Background Noise,34.6,34.6,0.0,0.0,100.0,0.0,0.0,31.8,34.2,36.6,-96,13.3
2026-03-16 20:27:47,Salón - Uma (E),63.2,Background Noise,57.6,57.6,57.3,0.0,95.2,4.8,0.0,54.6,57.1,59.6,-102,10.8
2026-03-16 20:27:50,Pasillo de Laboratorio (E),61.5,People,57.2,57.2,57.2,0.0,10.1,89.9,0.0,54.7,56.9,59.0,-89,13.0
2026-03-16 20:28:18,Salón - Extremo (E),52.9,Background Noise,46.3,46.3,0.0,0.0,100.0,0.0,0.0,40.1,40.6,50.7,-74,13.8
2026-03-16 20:32:21,Main Lobby (E),53.5,Background Noise,47.3,47.3,47.2,0.0,99.6,0.4,0.0,40.1,40.8,51.0,-85,10.5
2026-03-16 20:32:39,Pasillo de Salones (E),59.1,Background Noise,53.5,53.5,0.0,0.0,100.0,0.0,0.0,50.9,53.3,55.5,-78,13.5
2026-03-16 20:32:42,Pasillo Administrativo (E),39.9,Background Noise,34.7,34.7,0.0,0.0,100.0,0.0,0.0,31.9,34.3,36.7,-92,13.5
2026-03-16 20:32:47,Salón - Uma (E),63.6,Background Noise,57.7,57.7,57.4,0.0,94.0,6.0,0.0,54.5,57.3,59.8,-101,12.0
2026-03-16 20:32:50,Pasillo de Laboratorio (E),61.3,People,57.3,57.1,57.3,0.0,9.2,90.8,0.0,54.8,57.0,59.0,-93,11.3
2026-03-16 20:33:18,Salón - Extremo (E),58.0,Background Noise,47.5,47.5,0.0,0.0,100.0,0.0,0.0,40.1,40.7,51.1,-73,14.3
2026-03-16 20:37:21,Main Lobby (E),53.6,Background Noise,47.5,47.5,49.9,0.0,99.6,0.4,0.0,40.2,40.8,51.1,-83,12.8
2026-03-16 20:37:39,Pasillo de Salones (E),58.9,Background Noise,53.6,53.6,0.0,0.0,100.0,0.0,0.0,50.9,53.3,55.6,-78,13.3
2026-03-16 20:37:42,Pasillo Administrativo (E),39.9,Background Noise,34.5,34.5,0.0,0.0,100.0,0.0,0.0,31.9,34.1,36.4,-92,13.8
2026-03-16 20:37:48,Salón - Uma (E),63.5,Background Noise,57.8,57.8,57.4,0.0,94.3,5.7,0.0,54.9,57.4,59.9,-102,9.5
2026-03-16 20:37:50,Pasillo de Laboratorio (E),61.3,People,57.3,57.2,57.3,0.0,14.4,85.6,0.0,54.8,57.0,59.2,-92,13.0
2026-03-16 20:38:18,Salón - Extremo (E),58.8,Background Noise,47.2,47.2,0.0,0.0,100.0,0.0,0.0,40.2,40.7,50.9,-74,13.5
2026-03-16 20:42:21,Main Lobby (E),57.9,Background Noise,47.6,47.6,48.2,0.0,99.8,0.2,0.0,40.1,40.9,51.1,-83,9.0
2026-03-16 20:42:39,Pasillo de Salones (E),58.9,Background Noise,53.6,53.6,0.0,0.0,100.0,0.0,0.0,51.1,53.4,55.5,-78,13.8
2026-03-16 20:42:43,Pasillo Administrativo (E),51.0,Background Noise,34.6,34.6,0.0,0.0,100.0,0.0,0.0,31.6,34.1,36.5,-95,13.3
2026-03-16 20:42:48,Salón - Uma (E),63.0,Background Noise,57.9,57.9,57.7,0.0,93.9,6.1,0.0,55.0,57.6,59.8,-103,10.5
2026-03-16 20:42:50,Pasillo de Laboratorio (E),62.5,People,57.3,56.9,57.3,0.0,9.2,90.8,0.0,54.9,57.0,59.1,-91,13.3
2026-03-16 20:43:19,Salón - Extremo (E),58.5,Background Noise,46.9,46.9,0.0,0.0,100.0,0.0,0.0,40.1,40.7,50.9,-74,13.5
2026-03-16 20:47:21,Main Lobby (E),53.8,Background Noise,48.8,48.7,49.8,0.0,98.4,1.6,0.0,40.2,50.1,51.5,-83,14.0
2026-03-16 20:47:39,Pasillo de Salones (E),59.1,Background Noise,53.6,53.6,51.3,0.0,99.9,0.1,0.0,51.0,53.3,55.5,-78,13.8
2026-03-16 20:47:43,Pasillo Administrativo (E),40.1,Background Noise,34.7,34.7,0.0,0.0,100.0,0.0,0.0,31.7,34.3,36.7,-95,11.8
2026-03-16 20:47:48,Salón - Uma (E),63.2,Background Noise,57.6,57.6,57.3,0.0,94.8,5.2,0.0,54.7,57.2,59.6,-102,11.0
2026-03-16 20:47:50,Pasillo de Laboratorio (E),61.8,People,57.2,57.2,57.2,0.0,12.0,88.0,0.0,54.8,57.0,58.9,-90,13.5
2026-03-16 20:48:19,Salón - Extremo (E),58.4,Background Noise,46.5,46.5,0.0,0.0,100.0,0.0,0.0,40.1,40.7,50.7,-74,14.0
2026-03-16 20:52:22,Main Lobby (E),58.0,Background Noise,47.1,47.1,40.2,0.0,99.9,0.1,0.0,40.1,40.8,50.9,-84,13.5
2026-03-16 20:52:39,Pasillo de Salones (E),57.9,Background Noise,53.5,53.5,0.0,0.0,100.0,0.0,0.0,50.8,53.2,55.4,-78,13.5
2026-03-16 20:52:43,Pasillo Administrativo (E),53.7,Background Noise,34.8,34.8,0.0,0.0,100.0,0.0,0.0,31.9,34.2,36.3,-93,13.3
2026-03-16 20:52:48,Salón - Uma (E),62.3,Background Noise,57.5,57.5,57.1,0.0,95.0,5.0,0.0,54.4,57.1,59.5,-101,11.8
2026-03-16 20:52:50,Pasillo de Laboratorio (E),61.7,People,57.2,57.1,57.2,0.0,17.0,83.0,0.0,54.8,56.9,59.0,-92,12.8
2026-03-16 20:53:19,Salón - Extremo (E),59.2,Background Noise,46.1,46.1,0.0,0.0,100.0,0.0,0.0,40.1,40.6,50.7,-73,13.8
2026-03-16 20:57:22,Main Lobby (E),54.1,Background Noise,47.2,47.2,48.1,0.0,94.4,5.6,0.0,40.1,40.8,51.0,-85,13.3
2026-03-16 20:57:39,Pasillo de Salones (E),58.1,Background Noise,53.5,53.5,50.5,0.0,99.9,0.1,0.0,51.1,53.2,55.2,-79,10.0
2026-03-16 20:57:43,Pasillo Administrativo (E),40.3,Background Noise,34.4,34.4,0.0,0.0,100.0,0.0,0.0,31.8,34.0,36.3,-92,13.5
2026-03-16 20:57:48,Salón - Uma (E),63.5,Background Noise,57.5,57.5,57.4,0.0,93.4,6.6,0.0,54.5,57.1,59.5,-103,10.8
2026-03-16 20:57:50,Pasillo de Laboratorio (E),61.9,People,57.3,57.1,57.3,0.0,16.3,83.7,0.0,54.9,57.0,59.1,-91,13.5
2026-03-16 20:58:19,Salón - Extremo (E),57.0,Background Noise,46.7,46.7,41.0,0.0,99.8,0.2,0.0,40.2,40.7,50.7,-73,13.8
2026-03-16 21:02:22,Main Lobby (E),53.2,Background Noise,47.2,47.1,47.9,0.0,96.7,3.3,0.0,40.1,40.7,51.0,-83,8.8
2026-03-16 21:02:39,Pasillo de Salones (E),58.0,Background Noise,53.5,53.5,0.0,0.0,100.0,0.0,0.0,51.0,53.1,55.4,-79,14.0
2026-03-16 21:02:43,Pasillo Administrativo (E),39.3,Background Noise,34.6,34.6,0.0,0.0,100.0,0.0,0.0,32.0,34.3,36.5,-97,12.8
2026-03-16 21:02:48,Salón - Uma (E),62.6,Background Noise,57.7,57.7,57.7,0.0,94.5,5.5,0.0,54.9,57.3,59.7,-102,9.8
2026-03-16 21:02:50,Pasillo de Laboratorio (E),61.2,People,57.1,57.1,57.1,0.0,30.7,69.3,0.0,54.6,56.9,59.0,-91,13.3
2026-03-16 21:03:19,Salón - Extremo (E),53.9,Background Noise,46.4,46.4,0.0,0.0,100.0,0.0,0.0,40.1,40.7,50.7,-73,11.3
2026-03-16 21:07:22,Main Lobby (E),55.4,Background Noise,46.2,46.3,42.7,0.0,99.0,1.0,0.0,40.1,40.6,50.6,-85,13.5
2026-03-16 21:07:40,Pasillo de Salones (E),58.0,Background Noise,51.9,51.9,40.6,0.0,99.9,0.1,0.0,40.6,51.7,54.6,-78,13.8
2026-03-16 21:07:44,Pasillo Administrativo (E),52.5,Background Noise,33.9,33.9,0.0,0.0,100.0,0.0,0.0,31.0,33.2,35.6,-92,13.5
2026-03-16 21:07:48,Salón - Uma (E),62.4,Background Noise,57.0,57.0,56.5,0.0,93.7,6.3,0.0,53.9,56.5,59.2,-101,11.3
2026-03-16 21:07:51,Pasillo de Laboratorio (E),62.0,Background Noise,56.9,56.7,57.0,59.1,46.0,54.0,0.1,54.2,56.6,58.8,-89,14.0
2026-03-16 21:08:19,Salón - Extremo (E),58.2,Background Noise,46.4,46.4,0.0,0.0,100.0,0.0,0.0,40.1,40.5,50.6,-74,13.3
2026-03-16 21:12:22,Main Lobby (E),61.7,People,45.9,43.8,53.3,0.0,92.4,7.6,0.0,40.1,40.4,50.6,-84,13.8
2026-03-16 21:12:40,Pasillo de Salones (E),55.0,Background Noise,50.5,50.5,0.0,0.0,100.0,0.0,0.0,40.4,50.8,52.7,-79,10.3
2026-03-16 21:12:45,Pasillo Administrativo (E),38.4,Background Noise,33.0,33.0,0.0,0.0,100.0,0.0,0.0,30.6,32.7,34.7,-93,13.5
2026-03-16 21:12:49,Salón - Uma (E),61.6,Background Noise,56.6,56.6,56.6,0.0,91.4,8.6,0.0,53.7,56.3,58.7,-103,10.5
2026-03-16 21:12:51,Pasillo de Laboratorio (E),60.7,People,56.5,56.6,56.4,0.0,60.8,39.2,0.0,53.7,56.2,58.5,-91,13.5
2026-03-16 21:13:19,Salón - Extremo (E),58.3,Background Noise,45.8,45.8,0.0,0.0,100.0,0.0,0.0,40.1,40.4,50.9,-76,13.8
2026-03-16 21:17:22,Main Lobby (E),55.7,Background Noise,44.6,44.6,40.1,0.0,99.8,0.2,0.0,40.1,40.3,50.3,-83,13.8
2026-03-16 21:17:40,Pasillo de Salones (E),67.0,Background Noise,51.1,51.0,53.9,57.8,97.5,1.9,0.6,40.6,51.1,52.9,-78,12.8
2026-03-16 21:17:43,Pasillo Administrativo (E),53.2,Background Noise,33.4,33.4,0.0,0.0,100.0,0.0,0.0,30.5,32.7,35.0,-92,13.8
2026-03-16 21:17:49,Salón - Uma (E),62.1,Background Noise,56.8,56.8,56.7,0.0,92.8,7.2,0.0,53.9,56.3,58.8,-101,11.3
2026-03-16 21:17:51,Pasillo de Laboratorio (E),61.4,People,56.6,56.6,56.5,0.0,59.2,40.8,0.0,53.6,56.3,58.5,-91,13.8
2026-03-16 21:18:19,Salón - Extremo (E),58.3,Background Noise,46.5,46.4,52.5,52.1,99.1,0.3,0.6,40.1,40.6,50.6,-74,13.8
2026-03-16 21:22:22,Main Lobby (E),52.2,Background Noise,43.9,43.9,40.6,0.0,99.9,0.1,0.0,40.1,40.4,50.2,-83,14.5
2026-03-16 21:22:40,Pasillo de Salones (E),55.0,Background Noise,50.5,50.5,50.6,0.0,99.8,0.2,0.0,40.5,50.8,52.7,-78,13.8
2026-03-16 21:22:44,Pasillo Administrativo (E),38.2,Background Noise,32.8,32.8,0.0,0.0,100.0,0.0,0.0,30.4,32.5,34.6,-95,11.5
2026-03-16 21:22:49,Salón - Uma (E),61.7,Background Noise,56.5,56.5,56.2,0.0,93.7,6.2,0.0,53.7,56.1,58.4,-101,11.8
2026-03-16 21:22:51,Pasillo de Laboratorio (E),60.9,Background Noise,56.5,56.6,56.4,0.0,62.0,38.0,0.0,53.8,56.3,58.6,-90,11.5
2026-03-16 21:23:20,Salón - Extremo (E),58.1,Background Noise,46.5,46.5,0.0,0.0,100.0,0.0,0.0,40.1,40.4,50.3,-75,13.5
2026-03-16 21:27:22,Main Lobby (E),56.9,Background Noise,45.7,45.6,48.2,0.0,97.8,2.2,0.0,40.1,40.5,50.5,-83,14.3
2026-03-16 21:27:40,Pasillo de Salones (E),55.5,Background Noise,50.4,50.4,0.0,0.0,100.0,0.0,0.0,40.5,50.8,52.7,-79,14.0
2026-03-16 21:27:44,Pasillo Administrativo (E),52.9,Background Noise,33.8,33.8,0.0,0.0,100.0,0.0,0.0,30.5,32.5,34.8,-95,13.0
2026-03-16 21:27:49,Salón - Uma (E),61.4,Background Noise,56.4,56.4,56.5,0.0,93.4,6.6,0.0,53.6,56.1,58.4,-101,11.8
2026-03-16 21:27:51,Pasillo de Laboratorio (E),61.1,Background Noise,56.6,56.6,56.6,0.0,66.1,33.9,0.0,53.6,56.3,58.6,-90,13.3
2026-03-16 21:28:20,Salón - Extremo (E),58.5,Background Noise,45.7,45.7,0.0,0.0,100.0,0.0,0.0,40.0,40.4,50.2,-73,13.8
2026-03-16 21:32:23,Main Lobby (E),69.5,Background Noise,48.2,47.0,54.9,63.4,96.1,3.6,0.3,40.1,40.4,50.9,-83,14.0
2026-03-16 21:32:40,Pasillo de Salones (E),57.2,Background Noise,50.5,50.5,51.1,0.0,99.8,0.2,0.0,40.4,50.9,52.9,-78,13.5
2026-03-16 21:32:44,Pasillo Administrativo (E),62.9,Background Noise,37.8,36.9,58.0,0.0,99.8,0.2,0.0,30.3,32.5,34.8,-93,13.3
2026-03-16 21:32:49,Salón - Uma (E),62.2,Background Noise,56.5,56.5,56.6,0.0,94.8,5.2,0.0,53.6,56.1,58.6,-101,10.3
2026-03-16 21:32:54,Pasillo de Laboratorio (E),66.3,People,56.8,56.8,56.9,58.0,70.1,29.8,0.2,53.8,56.4,58.8,-89,13.8
2026-03-16 21:33:20,Salón - Extremo (E),57.2,Background Noise,47.2,47.2,0.0,0.0,100.0,0.0,0.0,40.1,40.4,50.3,-73,13.8
2026-03-16 21:37:23,Main Lobby (E),55.1,Background Noise,45.1,45.1,0.0,0.0,100.0,0.0,0.0,40.1,40.5,50.1,-83,13.8
2026-03-16 21:37:40,Pasillo de Salones (E),55.5,Background Noise,50.6,50.6,52.1,0.0,99.9,0.1,0.0,40.5,50.9,52.8,-79,14.0
2026-03-16 21:37:44,Pasillo Administrativo (E),53.7,Background Noise,33.1,33.1,0.0,0.0,100.0,0.0,0.0,30.3,32.4,34.5,-97,12.8
2026-03-16 21:37:49,Salón - Uma (E),62.4,Background Noise,56.6,56.6,56.7,0.0,93.6,6.4,0.0,53.8,56.2,58.5,-101,11.8
2026-03-16 21:37:51,Pasillo de Laboratorio (E),62.0,Background Noise,56.4,56.5,56.4,0.0,63.8,36.2,0.0,53.7,56.2,58.2,-88,14.0
2026-03-16 21:38:20,Salón - Extremo (E),58.7,Background Noise,45.2,45.2,0.0,0.0,100.0,0.0,0.0,40.1,40.5,50.1,-74,14.0
2026-03-16 21:42:23,Main Lobby (E),56.3,People,43.9,43.7,50.1,0.0,98.7,1.3,0.0,40.1,40.4,50.2,-84,13.3
2026-03-16 21:42:40,Pasillo de Salones (E),55.1,Background Noise,50.6,50.6,51.2,0.0,99.8,0.2,0.0,40.5,51.0,52.7,-79,14.3
2026-03-16 21:42:45,Pasillo Administrativo (E),51.4,Background Noise,32.9,32.9,0.0,0.0,100.0,0.0,0.0,30.2,32.3,34.4,-93,13.0
2026-03-16 21:42:49,Salón - Uma (E),61.9,Background Noise,56.6,56.7,56.6,0.0,94.3,5.7,0.0,54.0,56.3,58.6,-101,11.3
2026-03-16 21:42:51,Pasillo de Laboratorio (E),61.6,Background Noise,56.5,56.5,56.5,0.0,65.0,35.0,0.0,53.8,56.2,58.4,-88,13.5
2026-03-16 21:43:20,Salón - Extremo (E),57.6,Background Noise,44.1,44.1,0.0,0.0,100.0,0.0,0.0,40.1,40.4,50.1,-74,12.0
2026-03-16 21:47:23,Main Lobby (E),55.8,Background Noise,43.8,43.8,44.8,0.0,98.4,1.6,0.0,40.1,40.4,50.1,-83,8.8
2026-03-16 21:47:41,Pasillo de Salones (E),55.8,Background Noise,50.5,50.5,0.0,0.0,100.0,0.0,0.0,40.4,50.9,52.6,-78,14.0
2026-03-16 21:47:44,Pasillo Administrativo (E),51.4,Background Noise,32.8,32.8,0.0,0.0,100.0,0.0,0.0,30.3,32.3,34.3,-92,13.0
2026-03-16 21:47:49,Salón - Uma (E),62.0,Background Noise,56.8,56.8,56.5,0.0,95.5,4.5,0.0,54.0,56.4,58.8,-100,12.0
2026-03-16 21:47:52,Pasillo de Laboratorio (E),60.9,Background Noise,56.4,56.3,56.4,0.0,66.8,33.2,0.0,53.8,56.1,58.0,-90,13.3
2026-03-16 21:48:20,Salón - Extremo (E),59.1,Background Noise,44.0,44.0,0.0,0.0,100.0,0.0,0.0,40.1,40.5,50.2,-76,13.8
2026-03-16 21:52:23,Main Lobby (E),57.8,Background Noise,44.6,44.6,44.4,0.0,93.8,6.2,0.0,40.1,40.4,50.3,-84,13.8
2026-03-16 21:52:41,Pasillo de Salones (E),55.9,Background Noise,50.7,50.7,0.0,0.0,100.0,0.0,0.0,40.5,51.0,52.7,-78,13.8
2026-03-16 21:52:44,Pasillo Administrativo (E),51.7,Background Noise,32.8,32.8,0.0,0.0,100.0,0.0,0.0,30.1,32.1,34.3,-92,13.5
2026-03-16 21:52:49,Salón - Uma (E),61.1,Background Noise,56.7,56.7,56.6,0.0,96.8,3.2,0.0,53.8,56.3,58.6,-102,10.5
2026-03-16 21:52:52,Pasillo de Laboratorio (E),60.5,Background Noise,56.4,56.4,56.3,0.0,67.4,32.6,0.0,53.7,56.1,58.3,-91,14.0
2026-03-16 21:53:20,Salón - Extremo (E),58.2,Background Noise,47.8,47.8,0.0,0.0,100.0,0.0,0.0,40.1,40.6,50.4,-73,13.5
2026-03-16 21:57:24,Main Lobby (E),53.5,Background Noise,44.4,44.4,44.2,0.0,90.8,9.2,0.0,40.1,40.5,50.2,-82,14.3
2026-03-16 21:57:41,Pasillo de Salones (E),54.9,Background Noise,50.3,50.3,51.2,0.0,99.9,0.1,0.0,40.4,50.8,52.4,-79,14.3
2026-03-16 21:57:45,Pasillo Administrativo (E),38.0,Background Noise,32.5,32.5,0.0,0.0,100.0,0.0,0.0,30.2,32.2,34.2,-93,13.3
2026-03-16 21:57:50,Salón - Uma (E),62.7,Background Noise,56.5,56.5,56.1,0.0,95.4,4.6,0.0,53.7,56.1,58.5,-103,10.3
2026-03-16 21:57:52,Pasillo de Laboratorio (E),60.7,Background Noise,56.4,56.4,56.3,0.0,67.3,32.7,0.0,53.9,56.1,58.2,-89,13.8
2026-03-16 21:58:20,Salón - Extremo (E),57.3,Background Noise,47.5,47.5,0.0,0.0,100.0,0.0,0.0,40.1,40.7,50.4,-74,13.8
2026-03-16 22:02:23,Main Lobby (E),57.8,Background Noise,43.5,43.5,40.0,0.0,99.5,0.5,0.0,40.0,40.4,50.0,-85,13.8
2026-03-16 22:02:41,Pasillo de Salones (E),54.7,Background Noise,50.3,50.3,0.0,0.0,100.0,0.0,0.0,40.4,50.7,52.4,-78,13.8
2026-03-16 22:02:46,Pasillo Administrativo (E),51.6,Background Noise,32.7,32.7,0.0,0.0,100.0,0.0,0.0,30.3,32.2,34.2,-93,13.3
2026-03-16 22:02:50,Salón - Uma (E),61.6,Background Noise,56.3,56.3,56.2,0.0,96.9,3.1,0.0,53.7,55.9,58.3,-101,11.5
2026-03-16 22:02:52,Pasillo de Laboratorio (E),60.7,Background Noise,56.3,56.3,56.2,0.0,68.9,31.1,0.0,53.6,56.0,58.2,-88,12.0
2026-03-16 22:03:21,Salón - Extremo (E),58.9,Background Noise,48.1,48.1,0.0,0.0,100.0,0.0,0.0,40.1,40.3,50.2,-74,13.8
2026-03-16 22:07:23,Main Lobby (E),55.8,Background Noise,45.9,45.9,40.8,0.0,99.9,0.1,0.0,40.0,40.4,50.2,-83,14.3
2026-03-16 22:07:41,Pasillo de Salones (E),55.0,Background Noise,50.1,50.1,40.3,0.0,99.9,0.1,0.0,40.4,50.7,52.4,-79,14.0
2026-03-16 22:07:45,Pasillo Administrativo (E),52.3,Background Noise,32.8,32.8,0.0,0.0,100.0,0.0,0.0,30.1,32.1,34.3,-92,13.3
2026-03-16 22:07:50,Salón - Uma (E),62.4,Background Noise,56.3,56.3,56.3,0.0,96.4,3.6,0.0,53.6,55.9,58.2,-102,11.0
2026-03-16 22:07:52,Pasillo de Laboratorio (E),60.5,People,56.3,56.3,56.2,0.0,69.6,30.4,0.0,53.6,56.1,58.1,-91,12.0
2026-03-16 22:08:21,Salón - Extremo (E),58.3,Background Noise,44.1,44.1,0.0,0.0,100.0,0.0,0.0,40.2,40.4,50.1,-73,14.0
2026-03-16 22:12:24,Main Lobby (E),56.6,Background Noise,43.0,43.0,43.0,0.0,98.3,1.7,0.0,40.1,40.3,40.9,-82,14.3
2026-03-16 22:12:41,Pasillo de Salones (E),55.0,Background Noise,50.3,50.3,0.0,0.0,100.0,0.0,0.0,40.4,50.8,52.5,-79,10.0
2026-03-16 22:12:45,Pasillo Administrativo (E),52.0,Background Noise,33.0,33.0,0.0,0.0,100.0,0.0,0.0,30.2,32.5,34.5,-96,7.5
2026-03-16 22:12:50,Salón - Uma (E),61.9,Background Noise,56.3,56.3,56.1,0.0,97.2,2.8,0.0,53.6,55.9,58.2,-104,8.5
2026-03-16 22:12:52,Pasillo de Laboratorio (E),60.6,People,56.3,56.3,56.3,0.0,67.6,32.4,0.0,53.6,56.0,58.2,-88,13.5
2026-03-16 22:13:21,Salón - Extremo (E),58.8,Background Noise,46.5,46.5,0.0,0.0,100.0,0.0,0.0,40.1,40.5,50.3,-74,13.8
2026-03-16 22:17:24,Main Lobby (E),55.4,Background Noise,42.7,42.7,40.2,0.0,99.6,0.4,0.0,40.0,40.3,40.9,-94,12.8
2026-03-16 22:17:41,Pasillo de Salones (E),55.5,Background Noise,50.2,50.2,0.0,0.0,100.0,0.0,0.0,40.4,50.7,52.4,-88,14.3
2026-03-16 22:17:45,Pasillo Administrativo (E),53.1,Background Noise,32.9,32.9,0.0,0.0,100.0,0.0,0.0,30.2,32.1,34.4,-95,13.5
2026-03-16 22:17:50,Salón - Uma (E),63.0,Background Noise,56.3,56.3,56.7,0.0,97.7,2.3,0.0,53.6,55.8,58.2,-101,11.5
2026-03-16 22:17:52,Pasillo de Laboratorio (E),59.9,People,56.2,56.2,56.3,0.0,72.6,27.4,0.0,53.6,56.0,58.0,-99,12.3
2026-03-16 22:18:21,Salón - Extremo (E),58.8,Background Noise,43.6,43.6,0.0,0.0,100.0,0.0,0.0,40.0,40.4,50.3,-85,14.0
2026-03-16 22:22:24,Main Lobby (E),50.9,Background Noise,43.1,43.1,41.7,0.0,97.8,2.2,0.0,40.0,40.3,41.0,-94,13.8
2026-03-16 22:22:41,Pasillo de Salones (E),56.2,Background Noise,50.3,50.3,0.0,0.0,100.0,0.0,0.0,40.5,50.7,52.5,-89,13.5
2026-03-16 22:22:45,Pasillo Administrativo (E),52.3,Background Noise,32.9,32.9,0.0,0.0,100.0,0.0,0.0,30.2,32.2,34.3,-95,11.5
2026-03-16 22:22:50,Salón - Uma (E),61.2,Background Noise,56.4,56.4,56.3,0.0,98.3,1.7,0.0,53.6,56.0,58.3,-103,10.5
2026-03-16 22:22:53,Pasillo de Laboratorio (E),61.3,People,56.3,56.2,56.3,0.0,69.8,30.2,0.0,53.6,56.0,58.0,-99,8.3
2026-03-16 22:23:21,Salón - Extremo (E),51.2,Background Noise,46.0,46.0,0.0,0.0,100.0,0.0,0.0,40.0,40.6,50.8,-84,14.0
2026-03-16 22:27:24,Main Lobby (E),50.7,Background Noise,42.2,42.2,40.3,0.0,99.8,0.2,0.0,40.0,40.3,41.0,-94,12.8
2026-03-16 22:27:42,Pasillo de Salones (E),54.9,Background Noise,50.2,50.2,0.0,0.0,100.0,0.0,0.0,40.4,50.7,52.5,-89,13.5
2026-03-16 22:27:45,Pasillo Administrativo (E),52.1,Background Noise,32.8,32.8,0.0,0.0,100.0,0.0,0.0,30.2,32.2,34.3,-93,13.3
2026-03-16 22:27:50,Salón - Uma (E),61.4,Background Noise,56.3,56.3,55.8,0.0,98.0,2.0,0.0,53.6,55.9,58.2,-101,12.0
2026-03-16 22:27:53,Pasillo de Laboratorio (E),61.2,Background Noise,56.2,56.3,56.2,0.0,72.7,27.3,0.0,53.7,56.0,58.1,-101,11.8
2026-03-16 22:28:21,Salón - Extremo (E),50.6,Background Noise,43.2,43.2,0.0,0.0,100.0,0.0,0.0,40.1,40.5,50.0,-86,14.0
2026-03-16 22:32:24,Main Lobby (E),50.9,Background Noise,43.4,43.4,0.0,0.0,100.0,0.0,0.0,40.1,40.3,50.1,-95,12.8
2026-03-16 22:32:42,Pasillo de Salones (E),55.7,Background Noise,50.2,50.2,0.0,0.0,100.0,0.0,0.0,40.4,50.7,52.5,-90,13.3
2026-03-16 22:32:47,Pasillo Administrativo (E),40.4,Background Noise,32.6,32.6,0.0,0.0,100.0,0.0,0.0,30.3,32.3,34.4,-93,13.3
2026-03-16 22:32:51,Salón - Uma (E),62.8,Background Noise,56.3,56.3,56.6,0.0,97.5,2.5,0.0,53.6,55.9,58.2,-102,11.0
2026-03-16 22:32:53,Pasillo de Laboratorio (E),60.4,People,56.3,56.3,56.3,0.0,73.4,26.6,0.0,53.6,56.1,58.2,-101,11.8
2026-03-16 22:33:21,Salón - Extremo (E),52.6,Background Noise,44.0,44.0,0.0,0.0,100.0,0.0,0.0,40.1,40.4,50.2,-84,14.5
2026-03-16 22:37:24,Main Lobby (E),53.4,Background Noise,44.6,44.5,49.1,0.0,98.0,2.0,0.0,40.1,40.5,50.6,-95,13.8
2026-03-16 22:37:42,Pasillo de Salones (E),54.9,Background Noise,50.2,50.2,0.0,0.0,100.0,0.0,0.0,40.4,50.8,52.5,-88,13.5
2026-03-16 22:37:46,Pasillo Administrativo (E),52.6,Background Noise,32.8,32.8,0.0,0.0,100.0,0.0,0.0,29.9,32.1,34.4,-102,7.5
2026-03-16 22:37:51,Salón - Uma (E),61.6,Background Noise,56.2,56.2,55.3,0.0,97.2,2.8,0.0,53.6,55.8,58.3,-101,11.0
2026-03-16 22:37:53,Pasillo de Laboratorio (E),59.9,Background Noise,55.9,55.9,55.9,0.0,75.6,24.4,0.0,53.2,55.7,57.7,-101,11.5
2026-03-16 22:38:21,Salón - Extremo (E),51.2,Background Noise,44.2,44.2,50.3,50.3,99.8,0.1,0.1,40.2,40.5,50.1,-84,13.8
2026-03-16 22:42:24,Main Lobby (E),54.3,Background Noise,51.5,51.5,51.5,0.0,71.6,28.4,0.0,50.5,51.5,52.5,-94,12.8
2026-03-16 22:42:42,Pasillo de Salones (E),54.9,Background Noise,50.2,50.2,0.0,0.0,100.0,0.0,0.0,40.4,50.7,52.5,-88,14.3
2026-03-16 22:42:46,Pasillo Administrativo (E),37.0,Background Noise,32.1,32.1,0.0,0.0,100.0,0.0,0.0,29.5,31.7,34.0,-103,10.8
2026-03-16 22:42:51,Salón - Uma (E),61.3,Background Noise,56.2,56.2,56.1,0.0,95.7,4.3,0.0,53.5,55.9,58.2,-103,11.0
2026-03-16 22:42:53,Pasillo de Laboratorio (E),60.8,Background Noise,56.0,55.9,56.1,0.0,81.9,18.1,0.0,53.5,55.8,57.7,-102,10.8
2026-03-16 22:43:22,Salón - Extremo (E),50.6,Background Noise,41.5,41.5,0.0,0.0,100.0,0.0,0.0,40.0,40.2,40.6,-84,13.8
2026-03-16 22:47:24,Main Lobby (E),52.7,People,47.5,47.4,48.7,49.9,94.2,5.6,0.2,40.1,40.8,51.3,-93,11.3
2026-03-16 22:47:42,Pasillo de Salones (E),55.2,Background Noise,50.1,50.1,46.9,0.0,99.6,0.4,0.0,40.4,50.6,52.4,-88,14.3
2026-03-16 22:47:48,Pasillo Administrativo (E),37.3,Background Noise,32.0,32.0,0.0,0.0,100.0,0.0,0.0,29.3,31.7,33.9,-104,10.5
2026-03-16 22:47:51,Salón - Uma (E),61.4,Background Noise,56.3,56.3,56.5,0.0,96.6,3.4,0.0,53.5,56.0,58.2,-102,9.5
2026-03-16 22:47:53,Pasillo de Laboratorio (E),60.0,Background Noise,55.9,55.9,55.9,0.0,80.8,19.2,0.0,53.2,55.7,57.8,-102,11.0
2026-03-16 22:48:22,Salón - Extremo (E),51.0,Background Noise,43.1,43.1,0.0,0.0,100.0,0.0,0.0,40.1,40.4,40.9,-85,10.0
2026-03-16 22:52:25,Main Lobby (E),61.6,People,43.6,43.2,52.1,53.0,98.8,1.1,0.2,40.0,40.5,50.0,-92,13.0
2026-03-16 22:52:42,Pasillo de Salones (E),55.2,Background Noise,50.4,50.4,48.7,0.0,99.8,0.2,0.0,40.4,50.8,52.6,-89,14.0
2026-03-16 22:52:46,Pasillo Administrativo (E),37.3,Background Noise,32.1,32.1,0.0,0.0,100.0,0.0,0.0,29.4,31.8,33.9,-106,9.0
2026-03-16 22:52:51,Salón - Uma (E),60.5,Background Noise,56.2,56.2,56.2,0.0,96.4,3.6,0.0,53.6,55.9,58.2,-101,11.8
2026-03-16 22:52:53,Pasillo de Laboratorio (E),59.8,Background Noise,55.8,55.8,55.5,0.0,86.3,13.7,0.0,53.3,55.6,57.5,-99,12.0
2026-03-16 22:53:22,Salón - Extremo (E),50.9,Background Noise,45.9,45.9,0.0,0.0,100.0,0.0,0.0,40.1,40.3,50.4,-84,13.3
2026-03-16 22:57:25,Main Lobby (E),51.4,Background Noise,41.0,40.9,42.8,50.1,97.7,2.2,0.1,40.2,40.5,40.7,-94,12.8
2026-03-16 22:57:42,Pasillo de Salones (E),64.0,People,50.8,50.3,56.1,55.6,95.4,4.5,0.1,40.5,50.8,52.9,-89,11.8
2026-03-16 22:57:46,Pasillo Administrativo (E),37.6,Background Noise,32.0,32.0,0.0,0.0,100.0,0.0,0.0,29.3,31.6,33.9,-105,8.0
2026-03-16 22:57:51,Salón - Uma (E),77.3,People,58.2,56.4,64.3,57.3,90.0,9.9,0.1,53.7,56.0,58.7,-104,10.3
2026-03-16 22:57:53,Pasillo de Laboratorio (E),59.6,Background Noise,55.5,55.5,55.4,0.0,86.2,13.8,0.0,53.0,55.3,57.3,-99,9.5
2026-03-16 22:58:22,Salón - Extremo (E),51.2,Background Noise,42.8,42.7,44.9,40.8,97.8,2.1,0.1,40.1,40.4,40.7,-84,13.3
2026-03-16 23:02:25,Main Lobby (E),60.2,People,45.4,44.5,50.2,50.8,92.1,7.7,0.2,40.0,40.4,50.3,-94,13.8
2026-03-16 23:02:42,Pasillo de Salones (E),64.2,People,51.1,50.9,53.7,53.5,93.5,6.2,0.3,40.5,51.0,52.9,-89,14.3
2026-03-16 23:02:46,Pasillo Administrativo (E),37.8,Background Noise,31.9,31.9,0.0,0.0,100.0,0.0,0.0,29.2,31.6,33.9,-106,9.3
2026-03-16 23:02:51,Salón - Uma (E),82.6,People,63.1,61.7,67.2,69.1,85.3,13.8,0.8,53.8,56.4,59.4,-102,9.8
2026-03-16 23:02:54,Pasillo de Laboratorio (E),59.8,Background Noise,55.4,55.3,55.4,0.0,93.3,6.7,0.0,52.7,55.1,57.1,-101,11.5
2026-03-16 23:03:22,Salón - Extremo (E),51.9,Background Noise,45.3,45.3,0.0,0.0,100.0,0.0,0.0,40.1,40.4,50.4,-85,13.8
2026-03-16 23:07:25,Main Lobby (E),56.4,People,43.1,42.8,46.8,0.0,95.7,4.3,0.0,40.1,40.5,41.0,-95,13.3
2026-03-16 23:07:43,Pasillo de Salones (E),61.8,People,51.1,50.9,53.4,49.9,92.8,6.8,0.3,40.5,51.0,53.1,-89,13.3
2026-03-16 23:07:46,Pasillo Administrativo (E),37.1,Background Noise,32.0,32.0,0.0,0.0,100.0,0.0,0.0,29.4,31.6,33.9,-104,10.5
2026-03-16 23:07:51,Salón - Uma (E),76.9,People,58.8,57.0,65.9,70.9,92.4,7.5,0.1,53.6,56.1,58.7,-104,10.3
2026-03-16 23:07:54,Pasillo de Laboratorio (E),59.2,Background Noise,55.4,55.4,55.4,0.0,93.9,6.1,0.0,52.9,55.1,57.1,-99,12.5
2026-03-16 23:08:22,Salón - Extremo (E),55.6,Background Noise,44.0,44.0,47.5,0.0,99.2,0.8,0.0,40.0,40.4,50.2,-84,13.5
2026-03-16 23:12:25,Main Lobby (E),54.8,People,43.5,43.3,50.8,0.0,98.9,1.1,0.0,40.1,40.3,50.1,-95,13.0
2026-03-16 23:12:43,Pasillo de Salones (E),56.3,People,50.7,50.7,52.0,0.0,97.8,2.2,0.0,40.5,50.9,52.9,-88,13.8
2026-03-16 23:12:46,Pasillo Administrativo (E),37.3,Background Noise,32.1,32.1,0.0,0.0,100.0,0.0,0.0,29.3,31.7,33.9,-103,9.8
2026-03-16 23:12:52,Salón - Uma (E),62.5,Background Noise,56.5,56.5,56.5,0.0,96.2,3.8,0.0,53.7,56.1,58.4,-104,10.0
2026-03-16 23:12:54,Pasillo de Laboratorio (E),60.5,Background Noise,55.3,55.3,55.3,0.0,96.2,3.8,0.0,52.5,55.0,57.2,-101,11.5
2026-03-16 23:13:22,Salón - Extremo (E),53.3,People,44.4,44.4,52.2,0.0,99.8,0.2,0.0,40.1,40.3,50.4,-84,14.0
2026-03-16 23:17:25,Main Lobby (E),60.5,Background Noise,46.1,43.5,50.0,0.0,76.0,24.0,0.0,40.1,40.4,50.7,-94,12.8
2026-03-16 23:17:43,Pasillo de Salones (E),59.5,People,50.8,50.6,52.5,0.0,90.2,9.8,0.0,40.5,51.1,53.0,-89,11.3
2026-03-16 23:17:48,Pasillo Administrativo (E),37.0,Background Noise,32.0,32.0,0.0,0.0,100.0,0.0,0.0,29.3,31.6,33.8,-104,10.3
2026-03-16 23:17:52,Salón - Uma (E),73.6,People,60.0,57.0,64.5,60.7,78.9,20.9,0.2,53.9,56.6,62.7,-105,9.0
2026-03-16 23:17:54,Pasillo de Laboratorio (E),59.3,Background Noise,55.3,55.3,55.0,0.0,95.0,5.0,0.0,52.6,55.0,57.0,-101,11.5
2026-03-16 23:18:22,Salón - Extremo (E),55.0,Background Noise,46.1,46.1,40.8,0.0,99.5,0.5,0.0,40.1,40.4,51.2,-84,10.5
2026-03-16 23:22:25,Main Lobby (E),73.2,People,48.7,43.5,58.0,51.1,91.4,8.5,0.1,40.1,40.5,50.2,-94,13.3
2026-03-16 23:22:43,Pasillo de Salones (E),63.3,People,51.2,50.5,56.4,0.0,94.5,5.5,0.0,40.5,51.1,53.0,-90,13.5
2026-03-16 23:22:47,Pasillo Administrativo (E),37.2,Background Noise,32.0,32.0,0.0,0.0,100.0,0.0,0.0,29.3,31.6,33.8,-104,10.8
2026-03-16 23:22:52,Salón - Uma (E),61.7,Background Noise,56.6,56.6,56.6,0.0,94.8,5.2,0.0,53.8,56.2,58.5,-103,11.0
2026-03-16 23:22:54,Pasillo de Laboratorio (E),59.6,Background Noise,55.1,55.1,55.0,0.0,96.6,3.4,0.0,52.4,54.9,56.9,-100,12.0
2026-03-16 23:23:23,Salón - Extremo (E),51.6,Background Noise,44.9,44.9,0.0,0.0,100.0,0.0,0.0,40.1,40.5,50.6,-84,13.8
2026-03-16 23:27:25,Main Lobby (E),60.9,People,44.3,43.5,50.5,0.0,95.3,4.7,0.0,40.1,40.5,50.2,-93,11.0
2026-03-16 23:27:43,Pasillo de Salones (E),62.1,Background Noise,51.1,50.9,53.2,51.7,92.7,7.1,0.2,40.5,51.1,53.2,-89,14.0
2026-03-16 23:27:47,Pasillo Administrativo (E),36.6,Background Noise,32.0,32.0,0.0,0.0,100.0,0.0,0.0,29.3,31.6,34.0,-106,6.3
2026-03-16 23:27:52,Salón - Uma (E),77.8,People,58.3,57.2,61.8,56.6,84.2,15.5,0.3,53.8,56.5,59.4,-106,8.5
2026-03-16 23:27:54,Pasillo de Laboratorio (E),59.5,Background Noise,55.1,55.1,55.2,0.0,96.6,3.4,0.0,52.6,54.9,56.9,-100,12.3
2026-03-16 23:28:23,Salón - Extremo (E),56.0,Background Noise,44.2,44.2,0.0,0.0,100.0,0.0,0.0,40.1,40.6,50.3,-86,14.0
2026-03-16 23:32:26,Main Lobby (E),65.4,People,45.5,45.1,52.6,40.2,97.5,2.4,0.1,40.1,40.3,50.4,-94,13.3
2026-03-16 23:32:43,Pasillo de Salones (E),57.3,Background Noise,50.7,50.7,51.8,0.0,98.8,1.2,0.0,40.5,51.0,52.8,-89,14.0
2026-03-16 23:32:47,Pasillo Administrativo (E),36.8,Background Noise,31.7,31.7,0.0,0.0,100.0,0.0,0.0,29.1,31.3,33.6,-106,9.3
2026-03-16 23:32:52,Salón - Uma (E),66.5,Background Noise,56.5,56.5,56.8,55.7,95.5,4.4,0.1,53.7,56.1,58.5,-106,8.0
2026-03-16 23:32:54,Pasillo de Laboratorio (E),59.4,Background Noise,55.0,55.0,54.6,0.0,96.4,3.6,0.0,52.4,54.8,56.8,-100,12.0
2026-03-16 23:33:23,Salón - Extremo (E),56.3,Background Noise,45.5,45.5,0.0,0.0,100.0,0.0,0.0,40.2,40.4,50.7,-84,13.5
2026-03-16 23:37:26,Main Lobby (E),51.2,Background Noise,43.7,43.8,41.8,0.0,96.1,3.9,0.0,40.0,40.3,50.3,-94,13.0
2026-03-16 23:37:43,Pasillo de Salones (E),58.5,People,50.7,50.7,52.1,47.6,94.6,5.2,0.2,40.6,51.0,52.8,-88,13.8
2026-03-16 23:37:47,Pasillo Administrativo (E),37.1,Background Noise,31.7,31.7,0.0,0.0,100.0,0.0,0.0,29.1,31.3,33.6,-106,9.0
2026-03-16 23:37:52,Salón - Uma (E),78.8,People,58.9,57.9,59.5,57.3,39.5,59.7,0.8,54.2,56.6,59.2,-105,9.8
2026-03-16 23:37:54,Pasillo de Laboratorio (E),59.5,Background Noise,55.0,55.0,54.9,0.0,94.8,5.2,0.0,52.4,54.7,56.8,-102,10.8
2026-03-16 23:38:23,Salón - Extremo (E),51.7,Background Noise,45.4,45.4,0.0,40.0,99.9,0.0,0.1,40.1,40.4,50.4,-84,14.0
2026-03-16 23:42:26,Main Lobby (E),62.8,People,44.7,43.6,50.0,0.0,91.3,8.7,0.0,40.0,40.4,50.0,-96,12.5
2026-03-16 23:42:43,Pasillo de Salones (E),56.1,People,50.7,50.6,51.7,47.9,94.1,5.7,0.2,40.5,50.9,52.9,-89,13.5
2026-03-16 23:42:47,Pasillo Administrativo (E),51.8,Background Noise,32.1,32.1,0.0,0.0,100.0,0.0,0.0,29.0,31.4,33.7,-104,10.8
2026-03-16 23:42:52,Salón - Uma (E),67.8,Background Noise,56.9,56.8,57.1,57.4,55.8,44.0,0.2,54.2,56.5,58.8,-104,10.3
2026-03-16 23:42:55,Pasillo de Laboratorio (E),60.3,Background Noise,54.9,54.9,54.9,0.0,94.1,5.9,0.0,52.3,54.7,56.8,-99,12.0
2026-03-16 23:43:23,Salón - Extremo (E),53.4,Background Noise,45.8,45.8,0.0,0.0,100.0,0.0,0.0,40.1,40.6,50.1,-85,13.8
2026-03-16 23:47:26,Main Lobby (E),51.2,Background Noise,42.5,42.5,40.3,0.0,99.9,0.1,0.0,40.0,40.1,40.8,-93,13.5
2026-03-16 23:47:44,Pasillo de Salones (E),64.3,People,50.6,50.6,54.4,0.0,98.6,1.4,0.0,40.5,50.9,52.7,-89,11.8
2026-03-16 23:47:47,Pasillo Administrativo (E),36.4,Background Noise,31.6,31.6,0.0,0.0,100.0,0.0,0.0,29.0,31.3,33.5,-103,10.8
2026-03-16 23:47:52,Salón - Uma (E),73.4,People,57.2,57.0,57.2,57.4,25.2,72.3,2.5,54.2,56.5,59.0,-104,10.3
2026-03-16 23:47:55,Pasillo de Laboratorio (E),58.9,Background Noise,54.9,54.9,54.6,0.0,94.7,5.3,0.0,52.4,54.6,56.7,-100,10.3
2026-03-16 23:48:23,Salón - Extremo (E),51.7,People,43.7,43.7,51.0,0.0,99.8,0.2,0.0,40.1,40.4,50.2,-84,13.8
2026-03-16 23:52:26,Main Lobby (E),62.4,People,43.5,42.6,49.9,0.0,94.7,5.3,0.0,40.0,40.3,40.8,-95,13.3
2026-03-16 23:52:44,Pasillo de Salones (E),57.0,People,50.8,50.7,51.2,51.1,87.1,12.8,0.1,40.5,51.0,52.9,-90,13.8
2026-03-16 23:52:47,Pasillo Administrativo (E),36.7,Background Noise,31.9,31.9,0.0,0.0,100.0,0.0,0.0,29.2,31.6,33.9,-103,9.5
2026-03-16 23:52:53,Salón - Uma (E),69.6,People,57.1,56.9,57.2,57.5,42.1,57.2,0.7,54.2,56.5,58.9,-103,11.3
2026-03-16 23:52:55,Pasillo de Laboratorio (E),59.5,Background Noise,54.9,54.9,54.7,0.0,92.3,7.7,0.0,52.3,54.7,56.6,-100,11.8
2026-03-16 23:53:23,Salón - Extremo (E),52.3,Background Noise,44.3,44.3,0.0,0.0,100.0,0.0,0.0,40.1,40.3,50.3,-84,10.5
2026-03-16 23:57:26,Main Lobby (E),50.2,Background Noise,41.0,41.0,0.0,0.0,100.0,0.0,0.0,40.0,40.3,40.8,-93,11.5
2026-03-16 23:57:44,Pasillo de Salones (E),55.2,Background Noise,50.7,50.7,51.2,0.0,99.2,0.8,0.0,40.5,51.0,52.8,-89,13.5
2026-03-16 23:57:48,Pasillo Administrativo (E),37.5,Background Noise,31.7,31.7,0.0,0.0,100.0,0.0,0.0,29.2,31.4,33.6,-103,10.8
