time,deviceName,laeq_global_dB,dominant_class,dominant_pct,lafmax_dB,lafmax_class,LAeq_common,LAeq_impact,LAeq_rotarytool,LAeq_person,LAeq_vehicle,pct_common,pct_impact,pct_rotarytool,pct_person,pct_vehicle,L10_dB,L50_dB,L90_dB,rssi,snr
2026-09-24 00:00:15,Salón - Extremo Eléctrica,15.24,Silence,0.0,17.39,Silence,0.0,0.0,0.0,0.0,0.0,0.0,0.0,0.0,0.0,0.0,17.73,14.82,13.97,-97,9.8
2026-09-24 00:00:15,Laboratorios Eléctrica Inferior,21.38,Silence,0.0,22.27,Silence,0.0,0.0,0.0,0.0,0.0,0.0,0.0,0.0,0.0,0.0,22.22,21.28,20.43,-111,5.0
2026-09-24 00:00:20,Salón - Uma Eléctrica,42.21,Silence,0.0,43.76,Silence,0.0,0.0,0.0,0.0,0.0,0.0,0.0,0.0,0.0,0.0,43.77,41.99,40.61,-105,10.5
2026-09-24 00:01:52,Laboratorios Eléctrica Superior,17.88,Silence,0.0,20.4,Silence,0.0,0.0,0.0,0.0,0.0,0.0,0.0,0.0,0.0,0.0,21.45,18.81,11.64,-117,-0.2
2026-09-24 00:02:12,Laboratorios Civil Inferior,39.74,Silence,0.0,40.28,Silence,0.0,0.0,0.0,0.0,0.0,0.0,0.0,0.0,0.0,0.0,40.45,39.59,39.15,-118,-9.0
2026-09-24 00:04:17,Laboratorios Civil Central,52.08,Group 1 (Common),82.86,53.81,Group 1 (Common),51.81,0.0,0.0,0.0,52.05,82.86,0.26,2.21,0.04,14.71,53.42,52.71,49.39,-115,6.2
2026-09-24 00:04:23,Lobby Eléctrica,25.07,Silence,0.0,25.84,Silence,0.0,0.0,0.0,0.0,0.0,0.0,0.0,0.0,0.0,0.0,25.67,25.11,23.76,-121,-6.0
2026-09-24 00:04:26,Pasillo Decanato Civil,21.06,Silence,0.0,21.68,Silence,0.0,0.0,0.0,0.0,0.0,0.0,0.0,0.0,0.0,0.0,21.86,21.05,20.16,-115,2.0
2026-09-24 00:04:38,Lobby Civil,37.55,Silence,0.0,38.3,Silence,0.0,0.0,0.0,0.0,0.0,0.0,0.0,0.0,0.0,0.0,38.48,37.34,36.49,-99,12.2
2026-09-24 00:04:44,Pasillo Salones Civil,25.74,Silence,0.0,32.53,Silence,0.0,0.0,0.0,0.0,0.0,0.0,0.0,0.0,0.0,0.0,33.35,20.31,16.77,-95,6.8
2026-09-24 00:04:44,Pasillo Salones Eléctrica,27.33,Silence,0.0,28.78,Silence,0.0,0.0,0.0,0.0,0.0,0.0,0.0,0.0,0.0,0.0,29.08,26.98,25.68,-109,8.8
2026-09-24 00:04:45,Laboratorios Civil Superior,30.64,Silence,0.0,33.17,Silence,0.0,0.0,0.0,0.0,0.0,0.0,0.0,0.0,0.0,0.0,33.66,29.84,28.24,-115,-1.8
2026-09-24 00:04:47,Salón - Uma Civil,22.76,Silence,0.0,27.14,Silence,0.0,0.0,0.0,0.0,0.0,0.0,0.0,0.0,0.0,0.0,28.99,20.9,16.0,-111,7.0
2026-09-24 00:04:49,Laboratorios Eléctrica Centro,28.99,Silence,0.0,42.11,Silence,0.0,0.0,0.0,0.0,0.0,0.0,0.0,0.0,0.0,0.0,41.17,12.57,10.92,-103,11.2
2026-09-24 00:04:51,Pasillo Decanato Eléctrica,19.59,Silence,0.0,20.49,Silence,0.0,0.0,0.0,0.0,0.0,0.0,0.0,0.0,0.0,0.0,20.67,19.45,18.53,-120,-4.8
2026-09-24 00:04:55,Salón - Extremo Civil,12.99,Silence,0.0,13.52,Silence,0.0,0.0,0.0,0.0,0.0,0.0,0.0,0.0,0.0,0.0,13.57,12.96,12.24,-99,13.2
2026-09-24 00:05:15,Salón - Extremo Eléctrica,14.4,Silence,0.0,15.74,Silence,0.0,0.0,0.0,0.0,0.0,0.0,0.0,0.0,0.0,0.0,14.85,14.38,13.86,-97,9.5
2026-09-24 00:05:15,Laboratorios Eléctrica Inferior,24.27,Silence,0.0,24.97,Silence,0.0,0.0,0.0,0.0,0.0,0.0,0.0,0.0,0.0,0.0,24.97,24.23,23.46,-115,3.8
2026-09-24 00:05:20,Salón - Uma Eléctrica,42.29,Silence,0.0,43.03,Silence,0.0,0.0,0.0,0.0,0.0,0.0,0.0,0.0,0.0,0.0,42.72,42.33,41.69,-119,-0.2
2026-09-24 00:06:52,Laboratorios Eléctrica Superior,19.95,Silence,0.0,21.26,Silence,0.0,0.0,0.0,0.0,0.0,0.0,0.0,0.0,0.0,0.0,21.41,20.78,16.26,-97,12.8
2026-09-24 00:07:12,Laboratorios Civil Inferior,40.67,Silence,0.0,41.23,Silence,0.0,0.0,0.0,0.0,0.0,0.0,0.0,0.0,0.0,0.0,40.99,40.65,40.33,-113,-12.0
2026-09-24 00:09:17,Laboratorios Civil Central,52.54,Group 1 (Common),90.36,54.12,Group 1 (Common),52.03,0.0,0.0,0.0,0.0,90.36,0.0,0.0,0.04,9.42,54.22,53.3,48.49,-120,-3.2
2026-09-24 00:09:23,Lobby Eléctrica,28.62,Silence,0.0,30.16,Silence,0.0,0.0,0.0,0.0,0.0,0.0,0.0,0.0,0.0,0.0,30.47,28.63,26.47,-113,7.5
2026-09-24 00:09:26,Pasillo Decanato Civil,20.4,Silence,0.0,21.54,Silence,0.0,0.0,0.0,0.0,0.0,0.0,0.0,0.0,0.0,0.0,20.85,20.31,19.97,-114,6.5
2026-09-24 00:09:38,Lobby Civil,39.69,Silence,0.0,40.07,Silence,0.0,0.0,0.0,0.0,0.0,0.0,0.0,0.0,0.0,0.0,40.38,39.49,39.22,-107,11.0
2026-09-24 00:09:44,Pasillo Salones Civil,15.17,Silence,0.0,16.07,Silence,0.0,0.0,0.0,0.0,0.0,0.0,0.0,0.0,0.0,0.0,16.12,15.21,14.25,-107,-0.8
2026-09-24 00:09:44,Pasillo Salones Eléctrica,25.94,Silence,0.0,27.44,Silence,0.0,0.0,0.0,0.0,0.0,0.0,0.0,0.0,0.0,0.0,27.22,25.82,24.75,-97,12.2
2026-09-24 00:09:45,Laboratorios Civil Superior,31.92,Silence,0.0,35.14,Silence,0.0,0.0,0.0,0.0,0.0,0.0,0.0,0.0,0.0,0.0,34.1,31.79,30.18,-105,10.8
2026-09-24 00:09:47,Salón - Uma Civil,29.48,Silence,0.0,42.19,Silence,0.0,0.0,0.0,0.0,0.0,0.0,0.0,0.0,0.0,0.0,37.37,25.2,20.49,-117,0.8
2026-09-24 00:09:49,Laboratorios Eléctrica Centro,23.23,Silence,0.0,23.83,Silence,0.0,0.0,0.0,0.0,0.0,0.0,0.0,0.0,0.0,0.0,23.68,23.26,22.65,-111,5.2
2026-09-24 00:09:51,Pasillo Decanato Eléctrica,20.03,Silence,0.0,20.62,Silence,0.0,0.0,0.0,0.0,0.0,0.0,0.0,0.0,0.0,0.0,20.7,19.88,19.72,-119,-7.2
2026-09-24 00:09:55,Salón - Extremo Civil,15.63,Silence,0.0,18.06,Silence,0.0,0.0,0.0,0.0,0.0,0.0,0.0,0.0,0.0,0.0,18.18,15.47,12.91,-93,9.8
2026-09-24 00:10:15,Salón - Extremo Eléctrica,14.66,Silence,0.0,15.52,Silence,0.0,0.0,0.0,0.0,0.0,0.0,0.0,0.0,0.0,0.0,15.68,14.63,13.83,-100,8.8
2026-09-24 00:10:15,Laboratorios Eléctrica Inferior,27.0,Silence,0.0,31.8,Silence,0.0,0.0,0.0,0.0,0.0,0.0,0.0,0.0,0.0,0.0,32.13,25.06,24.41,-109,2.0
2026-09-24 00:10:20,Salón - Uma Eléctrica,41.75,Silence,0.0,42.88,Silence,0.0,0.0,0.0,0.0,0.0,0.0,0.0,0.0,0.0,0.0,42.56,41.79,40.93,-119,-5.5
2026-09-24 00:11:52,Laboratorios Eléctrica Superior,19.57,Silence,0.0,21.42,Silence,0.0,0.0,0.0,0.0,0.0,0.0,0.0,0.0,0.0,0.0,21.49,19.63,16.4,-97,9.0
2026-09-24 00:12:12,Laboratorios Civil Inferior,41.0,Silence,0.0,42.02,Silence,0.0,0.0,0.0,0.0,0.0,0.0,0.0,0.0,0.0,0.0,42.47,40.71,40.12,-119,-11.0
2026-09-24 00:14:17,Laboratorios Civil Central,51.74,Group 1 (Common),93.71,53.86,Group 1 (Common),51.73,0.0,0.0,0.0,0.0,93.71,0.0,0.0,0.09,6.16,54.56,51.07,48.26,-107,11.0
2026-09-24 00:14:23,Lobby Eléctrica,32.06,Silence,0.0,32.57,Silence,0.0,0.0,0.0,0.0,0.0,0.0,0.0,0.0,0.0,0.0,32.53,32.18,31.43,-99,13.0
2026-09-24 00:14:26,Pasillo Decanato Civil,21.77,Silence,0.0,22.49,Silence,0.0,0.0,0.0,0.0,0.0,0.0,0.0,0.0,0.0,0.0,22.65,21.6,21.17,-109,10.5
2026-09-24 00:14:38,Lobby Civil,43.59,Silence,0.0,47.85,Silence,0.0,0.0,0.0,0.0,0.0,0.0,0.0,0.0,0.0,0.0,47.7,42.05,38.63,-101,12.0
2026-09-24 00:14:44,Pasillo Salones Civil,38.64,Silence,0.0,45.84,Silence,0.0,0.0,0.0,0.0,0.0,0.0,0.0,0.0,0.0,0.0,47.56,14.8,13.94,-102,9.5
2026-09-24 00:14:44,Pasillo Salones Eléctrica,29.21,Silence,0.0,30.38,Silence,0.0,0.0,0.0,0.0,0.0,0.0,0.0,0.0,0.0,0.0,30.47,29.15,26.94,-111,5.2
2026-09-24 00:14:45,Laboratorios Civil Superior,31.75,Silence,0.0,34.02,Silence,0.0,0.0,0.0,0.0,0.0,0.0,0.0,0.0,0.0,0.0,34.3,32.16,28.96,-102,11.0
2026-09-24 00:14:47,Salón - Uma Civil,47.52,Mixed,38.37,63.25,Group 1 (Common),63.73,43.11,0.0,0.0,47.93,28.65,38.37,0.78,0.48,31.81,57.41,33.72,19.35,-119,-1.5
2026-09-24 00:14:49,Laboratorios Eléctrica Centro,12.39,Silence,0.0,12.92,Silence,0.0,0.0,0.0,0.0,0.0,0.0,0.0,0.0,0.0,0.0,13.02,12.4,11.66,-115,4.8
2026-09-24 00:14:51,Pasillo Decanato Eléctrica,18.93,Silence,0.0,20.06,Silence,0.0,0.0,0.0,0.0,0.0,0.0,0.0,0.0,0.0,0.0,19.7,18.82,18.48,-114,-11.5
2026-09-24 00:14:55,Salón - Extremo Civil,13.07,Silence,0.0,13.91,Silence,0.0,0.0,0.0,0.0,0.0,0.0,0.0,0.0,0.0,0.0,13.66,13.04,12.42,-95,12.5
2026-09-24 00:15:15,Salón - Extremo Eléctrica,15.19,Silence,0.0,16.62,Silence,0.0,0.0,0.0,0.0,0.0,0.0,0.0,0.0,0.0,0.0,16.97,15.03,13.92,-100,8.5
2026-09-24 00:15:15,Laboratorios Eléctrica Inferior,22.02,Silence,0.0,22.77,Silence,0.0,0.0,0.0,0.0,0.0,0.0,0.0,0.0,0.0,0.0,22.97,22.24,21.08,-115,3.0
2026-09-24 00:15:20,Salón - Uma Eléctrica,43.73,Silence,0.0,44.65,Silence,0.0,0.0,0.0,0.0,0.0,0.0,0.0,0.0,0.0,0.0,45.0,43.86,41.86,-115,-5.2
2026-09-24 00:16:52,Laboratorios Eléctrica Superior,12.04,Silence,0.0,12.57,Silence,0.0,0.0,0.0,0.0,0.0,0.0,0.0,0.0,0.0,0.0,12.69,11.92,11.64,-94,13.0
2026-09-24 00:17:12,Laboratorios Civil Inferior,40.24,Silence,0.0,41.12,Silence,0.0,0.0,0.0,0.0,0.0,0.0,0.0,0.0,0.0,0.0,41.69,39.97,39.03,-118,-4.0
2026-09-24 00:19:17,Laboratorios Civil Central,53.98,Group 1 (Common),90.93,55.7,Group 1 (Common),54.02,0.0,52.77,0.0,0.0,90.93,0.0,8.85,0.0,0.0,55.75,53.71,52.62,-115,2.0
2026-09-24 00:19:23,Lobby Eléctrica,24.79,Silence,0.0,25.59,Silence,0.0,0.0,0.0,0.0,0.0,0.0,0.0,0.0,0.0,0.0,25.42,24.77,23.96,-108,5.5
2026-09-24 00:19:26,Pasillo Decanato Civil,20.57,Silence,0.0,22.27,Silence,0.0,0.0,0.0,0.0,0.0,0.0,0.0,0.0,0.0,0.0,22.36,20.1,19.5,-106,8.5
2026-09-24 00:19:38,Lobby Civil,40.38,Silence,0.0,42.56,Silence,0.0,0.0,0.0,0.0,0.0,0.0,0.0,0.0,0.0,0.0,42.88,39.81,38.23,-111,7.0
2026-09-24 00:19:44,Pasillo Salones Civil,16.52,Silence,0.0,17.94,Silence,0.0,0.0,0.0,0.0,0.0,0.0,0.0,0.0,0.0,0.0,18.18,16.41,15.6,-107,0.2
2026-09-24 00:19:44,Pasillo Salones Eléctrica,28.78,Silence,0.0,32.86,Silence,0.0,0.0,0.0,0.0,0.0,0.0,0.0,0.0,0.0,0.0,31.34,28.28,26.48,-108,3.5
2026-09-24 00:19:45,Laboratorios Civil Superior,30.67,Silence,0.0,31.83,Silence,0.0,0.0,0.0,0.0,0.0,0.0,0.0,0.0,0.0,0.0,31.58,30.79,29.67,-115,3.8
2026-09-24 00:19:47,Salón - Uma Civil,9.76,Silence,0.0,10.39,Silence,0.0,0.0,0.0,0.0,0.0,0.0,0.0,0.0,0.0,0.0,10.27,9.78,9.15,-115,-0.2
2026-09-24 00:19:49,Laboratorios Eléctrica Centro,12.49,Silence,0.0,13.56,Silence,0.0,0.0,0.0,0.0,0.0,0.0,0.0,0.0,0.0,0.0,13.24,12.38,11.96,-112,5.2
2026-09-24 00:19:51,Pasillo Decanato Eléctrica,19.46,Silence,0.0,20.66,Silence,0.0,0.0,0.0,0.0,0.0,0.0,0.0,0.0,0.0,0.0,20.82,19.2,18.69,-101,12.0
2026-09-24 00:19:55,Salón - Extremo Civil,22.03,Silence,0.0,30.31,Silence,0.0,0.0,0.0,0.0,0.0,0.0,0.0,0.0,0.0,0.0,30.54,14.5,13.42,-93,12.8
2026-09-24 00:20:15,Salón - Extremo Eléctrica,49.25,Mixed,44.38,52.86,Group 3 (Rotary Tool),0.0,47.81,52.28,0.0,0.0,0.0,44.38,39.5,0.88,15.19,54.14,47.84,34.22,-84,10.8
2026-09-24 00:20:15,Laboratorios Eléctrica Inferior,27.66,Silence,0.0,28.81,Silence,0.0,0.0,0.0,0.0,0.0,0.0,0.0,0.0,0.0,0.0,29.02,27.58,26.62,-107,8.5
2026-09-24 00:20:20,Salón - Uma Eléctrica,42.26,Silence,0.0,43.35,Silence,0.0,0.0,0.0,0.0,0.0,0.0,0.0,0.0,0.0,0.0,43.25,42.21,41.1,-107,10.5
2026-09-24 00:21:52,Laboratorios Eléctrica Superior,15.61,Silence,0.0,19.27,Silence,0.0,0.0,0.0,0.0,0.0,0.0,0.0,0.0,0.0,0.0,19.37,14.5,11.94,-115,4.5
2026-09-24 00:22:12,Laboratorios Civil Inferior,40.1,Silence,0.0,40.73,Silence,0.0,0.0,0.0,0.0,0.0,0.0,0.0,0.0,0.0,0.0,41.13,39.99,39.26,-120,-11.8
2026-09-24 00:24:17,Laboratorios Civil Central,52.9,Group 1 (Common),85.37,55.07,Group 1 (Common),52.13,0.0,0.0,0.0,0.0,85.37,0.0,0.0,0.0,14.45,54.88,52.15,50.59,-105,8.2
2026-09-24 00:24:23,Lobby Eléctrica,24.74,Silence,0.0,25.58,Silence,0.0,0.0,0.0,0.0,0.0,0.0,0.0,0.0,0.0,0.0,25.88,24.8,23.71,-117,-3.5
2026-09-24 00:24:26,Pasillo Decanato Civil,20.91,Silence,0.0,22.31,Silence,0.0,0.0,0.0,0.0,0.0,0.0,0.0,0.0,0.0,0.0,22.38,21.11,19.49,-115,-0.2
2026-09-24 00:24:38,Lobby Civil,42.22,Silence,0.0,43.69,Silence,0.0,0.0,0.0,0.0,0.0,0.0,0.0,0.0,0.0,0.0,43.82,41.96,41.09,-99,12.5
2026-09-24 00:24:44,Pasillo Salones Civil,15.25,Silence,0.0,16.24,Silence,0.0,0.0,0.0,0.0,0.0,0.0,0.0,0.0,0.0,0.0,15.98,15.22,14.34,-108,5.2
2026-09-24 00:24:44,Pasillo Salones Eléctrica,26.67,Silence,0.0,27.6,Silence,0.0,0.0,0.0,0.0,0.0,0.0,0.0,0.0,0.0,0.0,27.66,26.53,25.43,-108,7.2
2026-09-24 00:24:45,Laboratorios Civil Superior,34.06,Silence,0.0,36.63,Silence,0.0,0.0,0.0,0.0,0.0,0.0,0.0,0.0,0.0,0.0,36.83,32.91,31.52,-115,1.8
2026-09-24 00:24:47,Salón - Uma Civil,9.56,Silence,0.0,10.26,Silence,0.0,0.0,0.0,0.0,0.0,0.0,0.0,0.0,0.0,0.0,10.33,9.72,8.54,-111,10.2
2026-09-24 00:24:49,Laboratorios Eléctrica Centro,35.44,Silence,0.0,40.91,Silence,0.0,0.0,0.0,0.0,0.0,0.0,0.0,0.0,0.0,0.0,41.39,33.43,22.45,-115,4.5
2026-09-24 00:24:51,Pasillo Decanato Eléctrica,19.3,Silence,0.0,19.84,Silence,0.0,0.0,0.0,0.0,0.0,0.0,0.0,0.0,0.0,0.0,20.04,19.19,18.47,-107,12.2
2026-09-24 00:24:55,Salón - Extremo Civil,13.79,Silence,0.0,14.17,Silence,0.0,0.0,0.0,0.0,0.0,0.0,0.0,0.0,0.0,0.0,14.32,13.84,13.33,-93,13.0
2026-09-24 00:25:15,Salón - Extremo Eléctrica,41.69,Silence,0.0,46.97,Silence,0.0,0.0,0.0,0.0,0.0,0.0,0.0,0.0,0.0,0.0,47.57,37.97,28.23,-87,9.5
2026-09-24 00:25:15,Laboratorios Eléctrica Inferior,24.81,Silence,0.0,25.59,Silence,0.0,0.0,0.0,0.0,0.0,0.0,0.0,0.0,0.0,0.0,25.49,24.85,23.8,-119,-12.0
2026-09-24 00:25:20,Salón - Uma Eléctrica,42.11,Silence,0.0,42.71,Silence,0.0,0.0,0.0,0.0,0.0,0.0,0.0,0.0,0.0,0.0,42.43,42.06,41.5,-117,-4.5
2026-09-24 00:26:52,Laboratorios Eléctrica Superior,16.57,Silence,0.0,17.61,Silence,0.0,0.0,0.0,0.0,0.0,0.0,0.0,0.0,0.0,0.0,17.69,16.32,15.47,-115,3.5
2026-09-24 00:27:12,Laboratorios Civil Inferior,40.56,Silence,0.0,40.96,Silence,0.0,0.0,0.0,0.0,0.0,0.0,0.0,0.0,0.0,0.0,40.83,40.57,40.14,-117,-2.5
2026-09-24 00:29:17,Laboratorios Civil Central,52.53,Group 1 (Common),89.93,54.3,Group 1 (Common),52.26,0.0,0.0,0.0,0.0,89.93,0.04,0.0,0.09,9.85,54.45,52.48,50.69,-117,-2.2
2026-09-24 00:29:23,Lobby Eléctrica,26.71,Silence,0.0,27.6,Silence,0.0,0.0,0.0,0.0,0.0,0.0,0.0,0.0,0.0,0.0,27.22,26.92,25.96,-97,12.0
2026-09-24 00:29:26,Pasillo Decanato Civil,19.52,Silence,0.0,20.43,Silence,0.0,0.0,0.0,0.0,0.0,0.0,0.0,0.0,0.0,0.0,20.61,19.18,18.99,-109,1.2
2026-09-24 00:29:38,Lobby Civil,39.33,Silence,0.0,40.07,Silence,0.0,0.0,0.0,0.0,0.0,0.0,0.0,0.0,0.0,0.0,39.94,39.27,38.78,-103,11.8
2026-09-24 00:29:44,Pasillo Salones Civil,14.32,Silence,0.0,15.38,Silence,0.0,0.0,0.0,0.0,0.0,0.0,0.0,0.0,0.0,0.0,14.77,14.26,14.05,-109,6.5
2026-09-24 00:29:44,Pasillo Salones Eléctrica,31.49,Silence,0.0,41.34,Silence,0.0,0.0,0.0,0.0,0.0,0.0,0.0,0.0,0.0,0.0,36.27,29.79,28.15,-113,5.0
2026-09-24 00:29:45,Laboratorios Civil Superior,32.45,Silence,0.0,33.28,Silence,0.0,0.0,0.0,0.0,0.0,0.0,0.0,0.0,0.0,0.0,33.56,32.4,30.74,-105,11.5
2026-09-24 00:29:47,Salón - Uma Civil,10.76,Silence,0.0,14.44,Silence,0.0,0.0,0.0,0.0,0.0,0.0,0.0,0.0,0.0,0.0,16.52,8.9,8.21,-116,-3.5
2026-09-24 00:29:49,Laboratorios Eléctrica Centro,22.28,Silence,0.0,22.8,Silence,0.0,0.0,0.0,0.0,0.0,0.0,0.0,0.0,0.0,0.0,22.47,22.37,21.77,-105,8.2
2026-09-24 00:29:51,Pasillo Decanato Eléctrica,19.28,Silence,0.0,20.21,Silence,0.0,0.0,0.0,0.0,0.0,0.0,0.0,0.0,0.0,0.0,20.06,19.42,18.01,-117,-6.2
2026-09-24 00:29:55,Salón - Extremo Civil,13.83,Silence,0.0,17.39,Silence,0.0,0.0,0.0,0.0,0.0,0.0,0.0,0.0,0.0,0.0,14.83,13.92,12.99,-95,12.2
2026-09-24 00:30:15,Salón - Extremo Eléctrica,61.42,Mixed,49.74,63.06,Group 4 (Person),61.55,62.32,0.0,62.59,55.74,49.74,4.69,10.76,17.19,17.53,64.35,62.25,54.81,-96,9.8
2026-09-24 00:30:15,Laboratorios Eléctrica Inferior,24.97,Silence,0.0,26.15,Silence,0.0,0.0,0.0,0.0,0.0,0.0,0.0,0.0,0.0,0.0,26.09,25.0,23.87,-109,6.5
2026-09-24 00:30:20,Salón - Uma Eléctrica,41.75,Silence,0.0,42.44,Silence,0.0,0.0,0.0,0.0,0.0,0.0,0.0,0.0,0.0,0.0,42.23,41.64,41.26,-107,10.5
2026-09-24 00:31:52,Laboratorios Eléctrica Superior,13.86,Silence,0.0,15.61,Silence,0.0,0.0,0.0,0.0,0.0,0.0,0.0,0.0,0.0,0.0,15.28,13.55,12.84,-111,7.8
2026-09-24 00:32:12,Laboratorios Civil Inferior,40.5,Silence,0.0,41.48,Silence,0.0,0.0,0.0,0.0,0.0,0.0,0.0,0.0,0.0,0.0,41.77,40.3,39.74,-120,-10.2
2026-09-24 00:34:17,Laboratorios Civil Central,52.04,Group 1 (Common),90.23,53.9,Group 1 (Common),52.11,0.0,0.0,0.0,0.0,90.23,0.3,7.34,0.13,1.95,54.07,52.17,48.34,-103,10.8
2026-09-24 00:34:23,Lobby Eléctrica,24.13,Silence,0.0,25.18,Silence,0.0,0.0,0.0,0.0,0.0,0.0,0.0,0.0,0.0,0.0,25.34,24.08,23.22,-96,12.0
2026-09-24 00:34:26,Pasillo Decanato Civil,19.44,Silence,0.0,20.21,Silence,0.0,0.0,0.0,0.0,0.0,0.0,0.0,0.0,0.0,0.0,20.16,19.41,18.53,-119,-8.2
2026-09-24 00:34:38,Lobby Civil,39.87,Silence,0.0,51.73,Silence,0.0,0.0,0.0,0.0,0.0,0.0,0.0,0.0,0.0,0.0,46.16,38.14,35.56,-111,5.0
2026-09-24 00:34:44,Pasillo Salones Civil,14.34,Silence,0.0,14.95,Silence,0.0,0.0,0.0,0.0,0.0,0.0,0.0,0.0,0.0,0.0,14.82,14.38,14.06,-101,10.2
2026-09-24 00:34:44,Pasillo Salones Eléctrica,27.81,Silence,0.0,29.31,Silence,0.0,0.0,0.0,0.0,0.0,0.0,0.0,0.0,0.0,0.0,29.5,27.69,26.55,-111,6.2
2026-09-24 00:34:45,Laboratorios Civil Superior,32.45,Silence,0.0,33.91,Silence,0.0,0.0,0.0,0.0,0.0,0.0,0.0,0.0,0.0,0.0,34.14,32.57,31.05,-115,-1.2
2026-09-24 00:34:47,Salón - Uma Civil,8.67,Silence,0.0,9.43,Silence,0.0,0.0,0.0,0.0,0.0,0.0,0.0,0.0,0.0,0.0,9.5,8.57,8.19,-117,-3.5
2026-09-24 00:34:49,Laboratorios Eléctrica Centro,12.37,Silence,0.0,13.0,Silence,0.0,0.0,0.0,0.0,0.0,0.0,0.0,0.0,0.0,0.0,13.08,12.33,11.63,-115,2.5
2026-09-24 00:34:51,Pasillo Decanato Eléctrica,19.16,Silence,0.0,20.15,Silence,0.0,0.0,0.0,0.0,0.0,0.0,0.0,0.0,0.0,0.0,20.37,19.16,18.17,-119,-4.5
2026-09-24 00:34:55,Salón - Extremo Civil,13.17,Silence,0.0,13.9,Silence,0.0,0.0,0.0,0.0,0.0,0.0,0.0,0.0,0.0,0.0,13.93,12.95,12.77,-93,12.8
2026-09-24 00:35:15,Salón - Extremo Eléctrica,54.03,Mixed,67.58,57.78,Group 5 (Vehicle),49.5,54.44,0.0,0.0,55.2,11.24,13.93,5.99,1.26,67.58,57.2,53.16,47.48,-84,10.5
2026-09-24 00:35:15,Laboratorios Eléctrica Inferior,23.06,Silence,0.0,24.13,Silence,0.0,0.0,0.0,0.0,0.0,0.0,0.0,0.0,0.0,0.0,24.31,22.8,22.09,-113,-2.0
2026-09-24 00:35:20,Salón - Uma Eléctrica,42.96,Silence,0.0,43.67,Silence,0.0,0.0,0.0,0.0,0.0,0.0,0.0,0.0,0.0,0.0,43.59,43.09,41.79,-107,10.0
2026-09-24 00:36:52,Laboratorios Eléctrica Superior,12.25,Silence,0.0,13.02,Silence,0.0,0.0,0.0,0.0,0.0,0.0,0.0,0.0,0.0,0.0,13.2,12.18,11.41,-112,4.0
2026-09-24 00:37:12,Laboratorios Civil Inferior,40.44,Silence,0.0,41.44,Silence,0.0,0.0,0.0,0.0,0.0,0.0,0.0,0.0,0.0,0.0,41.49,40.58,39.59,-119,-13.2
2026-09-24 00:39:17,Laboratorios Civil Central,51.73,Group 1 (Common),74.83,53.46,Group 3 (Rotary Tool),51.6,0.0,52.59,0.0,0.0,74.83,0.35,10.94,0.13,13.63,53.95,51.82,49.21,-119,-3.5
2026-09-24 00:39:23,Lobby Eléctrica,26.28,Silence,0.0,29.48,Silence,0.0,0.0,0.0,0.0,0.0,0.0,0.0,0.0,0.0,0.0,30.12,25.17,24.12,-97,9.2
2026-09-24 00:39:28,Pasillo Decanato Civil,19.45,Silence,0.0,20.09,Silence,0.0,0.0,0.0,0.0,0.0,0.0,0.0,0.0,0.0,0.0,19.85,19.33,18.76,-117,-2.8
2026-09-24 00:39:38,Lobby Civil,37.05,Silence,0.0,43.1,Silence,0.0,0.0,0.0,0.0,0.0,0.0,0.0,0.0,0.0,0.0,39.08,36.72,36.24,-105,10.8
2026-09-24 00:39:44,Pasillo Salones Civil,16.76,Silence,0.0,17.74,Silence,0.0,0.0,0.0,0.0,0.0,0.0,0.0,0.0,0.0,0.0,18.6,16.33,15.58,-111,4.5
2026-09-24 00:39:44,Pasillo Salones Eléctrica,50.91,Group 1 (Common),73.18,53.23,Group 5 (Vehicle),48.53,0.0,0.0,0.0,52.02,73.18,0.0,0.48,0.09,26.22,52.86,51.71,48.02,-111,8.8
2026-09-24 00:39:46,Laboratorios Civil Superior,31.75,Silence,0.0,33.07,Silence,0.0,0.0,0.0,0.0,0.0,0.0,0.0,0.0,0.0,0.0,32.62,31.42,30.64,-112,3.8
2026-09-24 00:39:47,Salón - Uma Civil,38.47,Silence,0.0,46.18,Silence,0.0,0.0,0.0,0.0,0.0,0.0,0.0,0.0,0.0,0.0,47.62,33.73,9.53,-105,10.8
2026-09-24 00:39:49,Laboratorios Eléctrica Centro,12.53,Silence,0.0,13.38,Silence,0.0,0.0,0.0,0.0,0.0,0.0,0.0,0.0,0.0,0.0,13.16,12.44,11.89,-108,8.0
2026-09-24 00:39:51,Pasillo Decanato Eléctrica,19.01,Silence,0.0,19.65,Silence,0.0,0.0,0.0,0.0,0.0,0.0,0.0,0.0,0.0,0.0,19.67,19.04,18.3,-101,11.8
2026-09-24 00:39:55,Salón - Extremo Civil,36.24,Silence,0.0,40.35,Silence,0.0,0.0,0.0,0.0,0.0,0.0,0.0,0.0,0.0,0.0,41.14,36.31,25.68,-96,13.0
2026-09-24 00:40:15,Salón - Extremo Eléctrica,28.45,Silence,0.0,29.64,Silence,0.0,0.0,0.0,0.0,0.0,0.0,0.0,0.0,0.0,0.0,29.51,28.2,27.37,-87,8.8
2026-09-24 00:40:15,Laboratorios Eléctrica Inferior,24.31,Silence,0.0,24.81,Silence,0.0,0.0,0.0,0.0,0.0,0.0,0.0,0.0,0.0,0.0,25.14,24.16,23.84,-115,2.8
2026-09-24 00:40:20,Salón - Uma Eléctrica,42.66,Silence,0.0,43.28,Silence,0.0,0.0,0.0,0.0,0.0,0.0,0.0,0.0,0.0,0.0,43.03,42.65,41.88,-115,2.0
2026-09-24 00:41:52,Laboratorios Eléctrica Superior,16.26,Silence,0.0,16.85,Silence,0.0,0.0,0.0,0.0,0.0,0.0,0.0,0.0,0.0,0.0,16.9,16.45,15.34,-113,3.0
2026-09-24 00:42:12,Laboratorios Civil Inferior,41.02,Silence,0.0,41.77,Silence,0.0,0.0,0.0,0.0,0.0,0.0,0.0,0.0,0.0,0.0,41.89,41.07,40.03,-117,-0.5
2026-09-24 00:44:17,Laboratorios Civil Central,51.11,Mixed,62.3,52.62,Group 1 (Common),51.11,0.0,0.0,0.0,50.93,62.3,0.0,0.0,0.0,37.65,53.5,50.86,48.89,-114,5.8
2026-09-24 00:44:23,Lobby Eléctrica,24.62,Silence,0.0,25.51,Silence,0.0,0.0,0.0,0.0,0.0,0.0,0.0,0.0,0.0,0.0,25.31,24.56,23.95,-99,12.8
2026-09-24 00:44:26,Pasillo Decanato Civil,18.81,Silence,0.0,19.33,Silence,0.0,0.0,0.0,0.0,0.0,0.0,0.0,0.0,0.0,0.0,19.22,18.81,18.25,-103,11.2
2026-09-24 00:44:38,Lobby Civil,36.86,Silence,0.0,37.82,Silence,0.0,0.0,0.0,0.0,0.0,0.0,0.0,0.0,0.0,0.0,37.71,36.71,35.78,-101,13.2
2026-09-24 00:44:44,Pasillo Salones Civil,14.86,Silence,0.0,15.65,Silence,0.0,0.0,0.0,0.0,0.0,0.0,0.0,0.0,0.0,0.0,15.72,14.61,14.06,-111,6.5
2026-09-24 00:44:44,Pasillo Salones Eléctrica,32.15,Silence,0.0,36.44,Silence,0.0,0.0,0.0,0.0,0.0,0.0,0.0,0.0,0.0,0.0,36.64,30.54,27.05,-106,8.0
2026-09-24 00:44:46,Laboratorios Civil Superior,31.5,Silence,0.0,32.58,Silence,0.0,0.0,0.0,0.0,0.0,0.0,0.0,0.0,0.0,0.0,32.8,31.34,30.66,-117,-9.8
2026-09-24 00:44:47,Salón - Uma Civil,8.98,Silence,0.0,9.48,Silence,0.0,0.0,0.0,0.0,0.0,0.0,0.0,0.0,0.0,0.0,9.36,9.05,8.37,-119,-0.8
2026-09-24 00:44:49,Laboratorios Eléctrica Centro,24.49,Silence,0.0,28.08,Silence,0.0,0.0,0.0,0.0,0.0,0.0,0.0,0.0,0.0,0.0,25.67,24.51,23.86,-114,3.5
2026-09-24 00:44:51,Pasillo Decanato Eléctrica,19.43,Silence,0.0,20.53,Silence,0.0,0.0,0.0,0.0,0.0,0.0,0.0,0.0,0.0,0.0,20.34,19.25,17.91,-121,-13.5
2026-09-24 00:44:55,Salón - Extremo Civil,13.51,Silence,0.0,14.04,Silence,0.0,0.0,0.0,0.0,0.0,0.0,0.0,0.0,0.0,0.0,13.96,13.54,12.8,-97,13.0
2026-09-24 00:45:15,Salón - Extremo Eléctrica,15.86,Silence,0.0,16.68,Silence,0.0,0.0,0.0,0.0,0.0,0.0,0.0,0.0,0.0,0.0,16.76,15.8,14.92,-99,9.0
2026-09-24 00:45:15,Laboratorios Eléctrica Inferior,24.83,Silence,0.0,25.74,Silence,0.0,0.0,0.0,0.0,0.0,0.0,0.0,0.0,0.0,0.0,25.59,24.88,23.48,-120,-8.5
2026-09-24 00:45:20,Salón - Uma Eléctrica,42.91,Silence,0.0,43.74,Silence,0.0,0.0,0.0,0.0,0.0,0.0,0.0,0.0,0.0,0.0,43.85,42.86,41.75,-117,-3.8
2026-09-24 00:46:52,Laboratorios Eléctrica Superior,16.36,Silence,0.0,17.17,Silence,0.0,0.0,0.0,0.0,0.0,0.0,0.0,0.0,0.0,0.0,17.31,16.06,15.39,-97,13.2
2026-09-24 00:47:12,Laboratorios Civil Inferior,41.12,Silence,0.0,41.8,Silence,0.0,0.0,0.0,0.0,0.0,0.0,0.0,0.0,0.0,0.0,41.86,41.17,40.15,-120,-10.2
2026-09-24 00:49:17,Laboratorios Civil Central,49.83,Group 1 (Common),78.95,53.09,Group 1 (Common),50.2,0.0,0.0,0.0,0.0,78.95,2.43,3.6,0.26,14.76,51.55,49.64,47.25,-111,5.5
2026-09-24 00:49:23,Lobby Eléctrica,25.95,Silence,0.0,26.64,Silence,0.0,0.0,0.0,0.0,0.0,0.0,0.0,0.0,0.0,0.0,26.54,26.02,24.92,-97,13.0
2026-09-24 00:49:26,Pasillo Decanato Civil,19.74,Silence,0.0,20.34,Silence,0.0,0.0,0.0,0.0,0.0,0.0,0.0,0.0,0.0,0.0,20.3,19.78,19.03,-115,7.2
2026-09-24 00:49:38,Lobby Civil,38.87,Silence,0.0,39.63,Silence,0.0,0.0,0.0,0.0,0.0,0.0,0.0,0.0,0.0,0.0,39.45,38.83,38.45,-105,6.0
2026-09-24 00:49:44,Pasillo Salones Civil,14.29,Silence,0.0,14.91,Silence,0.0,0.0,0.0,0.0,0.0,0.0,0.0,0.0,0.0,0.0,14.92,14.15,13.53,-107,8.5
2026-09-24 00:49:49,Pasillo Salones Eléctrica,29.74,Silence,0.0,32.87,Silence,0.0,0.0,0.0,0.0,0.0,0.0,0.0,0.0,0.0,0.0,33.2,29.31,28.13,-109,7.5
2026-09-24 00:49:49,Laboratorios Civil Superior,31.18,Silence,0.0,33.85,Silence,0.0,0.0,0.0,0.0,0.0,0.0,0.0,0.0,0.0,0.0,32.91,31.49,28.42,-117,2.0
2026-09-24 00:49:49,Salón - Uma Civil,8.97,Silence,0.0,9.49,Silence,0.0,0.0,0.0,0.0,0.0,0.0,0.0,0.0,0.0,0.0,9.56,9.04,8.54,-115,
2026-09-24 00:49:49,Laboratorios Eléctrica Centro,13.08,Silence,0.0,13.98,Silence,0.0,0.0,0.0,0.0,0.0,0.0,0.0,0.0,0.0,0.0,14.03,12.91,11.87,-117,-1.0
2026-09-24 00:49:51,Pasillo Decanato Eléctrica,19.72,Silence,0.0,20.95,Silence,0.0,0.0,0.0,0.0,0.0,0.0,0.0,0.0,0.0,0.0,21.14,19.41,18.66,-101,11.5
2026-09-24 00:49:56,Salón - Extremo Civil,13.05,Silence,0.0,13.89,Silence,0.0,0.0,0.0,0.0,0.0,0.0,0.0,0.0,0.0,0.0,13.97,13.13,12.36,-94,9.8
2026-09-24 00:50:15,Salón - Extremo Eléctrica,22.69,Silence,0.0,29.76,Silence,0.0,0.0,0.0,0.0,0.0,0.0,0.0,0.0,0.0,0.0,32.52,17.2,15.08,-100,7.5
2026-09-24 00:50:16,Laboratorios Eléctrica Inferior,22.63,Silence,0.0,23.49,Silence,0.0,0.0,0.0,0.0,0.0,0.0,0.0,0.0,0.0,0.0,23.16,22.74,22.1,-108,5.8
2026-09-24 00:50:20,Salón - Uma Eléctrica,42.97,Silence,0.0,43.97,Silence,0.0,0.0,0.0,0.0,0.0,0.0,0.0,0.0,0.0,0.0,43.71,42.84,42.27,-105,11.5
2026-09-24 00:51:52,Laboratorios Eléctrica Superior,16.08,Silence,0.0,18.54,Silence,0.0,0.0,0.0,0.0,0.0,0.0,0.0,0.0,0.0,0.0,18.59,16.98,12.09,-115,2.5
2026-09-24 00:52:12,Laboratorios Civil Inferior,40.37,Silence,0.0,41.13,Silence,0.0,0.0,0.0,0.0,0.0,0.0,0.0,0.0,0.0,0.0,41.21,40.15,39.63,-117,-4.2
2026-09-24 00:54:17,Laboratorios Civil Central,51.4,Group 1 (Common),73.35,53.66,Group 1 (Common),50.87,0.0,50.47,0.0,0.0,73.35,1.87,14.45,0.09,10.2,53.8,50.75,49.34,-111,10.5
2026-09-24 00:54:23,Lobby Eléctrica,23.88,Silence,0.0,24.7,Silence,0.0,0.0,0.0,0.0,0.0,0.0,0.0,0.0,0.0,0.0,24.63,24.12,22.75,-109,8.0
2026-09-24 00:54:26,Pasillo Decanato Civil,19.5,Silence,0.0,20.04,Silence,0.0,0.0,0.0,0.0,0.0,0.0,0.0,0.0,0.0,0.0,20.18,19.41,18.91,-113,-10.2
2026-09-24 00:54:38,Lobby Civil,43.04,Silence,0.0,45.93,Silence,0.0,0.0,0.0,0.0,0.0,0.0,0.0,0.0,0.0,0.0,45.98,43.28,38.6,-103,12.5
2026-09-24 00:54:44,Pasillo Salones Civil,14.26,Silence,0.0,14.91,Silence,0.0,0.0,0.0,0.0,0.0,0.0,0.0,0.0,0.0,0.0,14.92,14.14,13.79,-105,5.5
2026-09-24 00:54:44,Pasillo Salones Eléctrica,32.99,Silence,0.0,36.79,Silence,0.0,0.0,0.0,0.0,0.0,0.0,0.0,0.0,0.0,0.0,37.54,29.49,27.86,-107,8.5
2026-09-24 00:54:46,Laboratorios Civil Superior,31.29,Silence,0.0,32.26,Silence,0.0,0.0,0.0,0.0,0.0,0.0,0.0,0.0,0.0,0.0,32.21,31.15,30.44,-115,2.5
2026-09-24 00:54:47,Salón - Uma Civil,9.03,Silence,0.0,9.71,Silence,0.0,0.0,0.0,0.0,0.0,0.0,0.0,0.0,0.0,0.0,9.6,9.04,8.55,-107,10.8
2026-09-24 00:54:49,Laboratorios Eléctrica Centro,12.5,Silence,0.0,13.41,Silence,0.0,0.0,0.0,0.0,0.0,0.0,0.0,0.0,0.0,0.0,13.54,12.54,11.78,-115,4.5
2026-09-24 00:54:54,Pasillo Decanato Eléctrica,18.94,Silence,0.0,19.9,Silence,0.0,0.0,0.0,0.0,0.0,0.0,0.0,0.0,0.0,0.0,19.99,18.92,17.75,-119,-10.5
2026-09-24 00:54:56,Salón - Extremo Civil,13.37,Silence,0.0,14.07,Silence,0.0,0.0,0.0,0.0,0.0,0.0,0.0,0.0,0.0,0.0,14.12,13.29,12.72,-93,11.8
2026-09-24 00:55:15,Salón - Extremo Eléctrica,16.02,Silence,0.0,17.41,Silence,0.0,0.0,0.0,0.0,0.0,0.0,0.0,0.0,0.0,0.0,17.45,15.69,14.65,-99,10.2
2026-09-24 00:55:15,Laboratorios Eléctrica Inferior,22.75,Silence,0.0,23.79,Silence,0.0,0.0,0.0,0.0,0.0,0.0,0.0,0.0,0.0,0.0,23.51,22.65,21.69,-120,-2.0
2026-09-24 00:55:20,Salón - Uma Eléctrica,42.93,Silence,0.0,43.44,Silence,0.0,0.0,0.0,0.0,0.0,0.0,0.0,0.0,0.0,0.0,43.22,42.98,42.48,-107,8.2
2026-09-24 00:56:52,Laboratorios Eléctrica Superior,12.1,Silence,0.0,12.73,Silence,0.0,0.0,0.0,0.0,0.0,0.0,0.0,0.0,0.0,0.0,12.76,12.07,11.09,-112,4.8
2026-09-24 00:57:12,Laboratorios Civil Inferior,40.48,Silence,0.0,41.33,Silence,0.0,0.0,0.0,0.0,0.0,0.0,0.0,0.0,0.0,0.0,41.26,40.35,39.92,-121,-13.8
2026-09-24 00:59:17,Laboratorios Civil Central,52.49,Group 1 (Common),98.61,54.27,Group 1 (Common),52.57,0.0,0.0,0.0,0.0,98.61,0.0,0.0,0.0,1.22,54.22,52.93,48.62,-119,-6.0
2026-09-24 00:59:23,Lobby Eléctrica,25.49,Silence,0.0,26.44,Silence,0.0,0.0,0.0,0.0,0.0,0.0,0.0,0.0,0.0,0.0,26.13,25.55,24.22,-120,-7.2
2026-09-24 00:59:26,Pasillo Decanato Civil,19.07,Silence,0.0,20.14,Silence,0.0,0.0,0.0,0.0,0.0,0.0,0.0,0.0,0.0,0.0,20.23,18.82,18.37,-101,13.8
2026-09-24 00:59:38,Lobby Civil,40.12,Silence,0.0,42.54,Silence,0.0,0.0,0.0,0.0,0.0,0.0,0.0,0.0,0.0,0.0,43.01,39.51,38.52,-111,5.2
2026-09-24 00:59:44,Pasillo Salones Civil,14.21,Silence,0.0,14.85,Silence,0.0,0.0,0.0,0.0,0.0,0.0,0.0,0.0,0.0,0.0,14.83,14.17,13.67,-99,9.2
2026-09-24 00:59:44,Pasillo Salones Eléctrica,27.7,Silence,0.0,29.3,Silence,0.0,0.0,0.0,0.0,0.0,0.0,0.0,0.0,0.0,0.0,29.3,27.4,26.74,-113,3.5
2026-09-24 00:59:46,Laboratorios Civil Superior,33.94,Silence,0.0,35.09,Silence,0.0,0.0,0.0,0.0,0.0,0.0,0.0,0.0,0.0,0.0,34.75,33.79,33.28,-102,10.2
2026-09-24 00:59:47,Salón - Uma Civil,9.39,Silence,0.0,10.1,Silence,0.0,0.0,0.0,0.0,0.0,0.0,0.0,0.0,0.0,0.0,10.27,9.35,8.59,-113,8.0
2026-09-24 00:59:49,Laboratorios Eléctrica Centro,23.95,Silence,0.0,25.98,Silence,0.0,0.0,0.0,0.0,0.0,0.0,0.0,0.0,0.0,0.0,25.95,23.61,22.53,-114,5.5
2026-09-24 00:59:51,Pasillo Decanato Eléctrica,19.26,Silence,0.0,20.05,Silence,0.0,0.0,0.0,0.0,0.0,0.0,0.0,0.0,0.0,0.0,20.03,19.09,18.87,-119,-9.5
2026-09-24 00:59:56,Salón - Extremo Civil,22.33,Silence,0.0,28.04,Silence,0.0,0.0,0.0,0.0,0.0,0.0,0.0,0.0,0.0,0.0,29.09,19.9,15.42,-97,12.5
2026-09-24 01:00:16,Salón - Extremo Eléctrica,16.03,Silence,0.0,16.89,Silence,0.0,0.0,0.0,0.0,0.0,0.0,0.0,0.0,0.0,0.0,16.88,15.88,15.48,-102,8.8
2026-09-24 01:00:16,Laboratorios Eléctrica Inferior,24.0,Silence,0.0,25.1,Silence,0.0,0.0,0.0,0.0,0.0,0.0,0.0,0.0,0.0,0.0,24.55,24.05,23.0,-120,-9.0
2026-09-24 01:00:20,Salón - Uma Eléctrica,42.85,Silence,0.0,43.38,Silence,0.0,0.0,0.0,0.0,0.0,0.0,0.0,0.0,0.0,0.0,43.33,42.79,42.41,-115,2.5
2026-09-24 01:01:52,Laboratorios Eléctrica Superior,17.29,Silence,0.0,19.25,Silence,0.0,0.0,0.0,0.0,0.0,0.0,0.0,0.0,0.0,0.0,19.43,16.89,14.73,-108,8.5
2026-09-24 01:02:12,Laboratorios Civil Inferior,40.81,Silence,0.0,41.8,Silence,0.0,0.0,0.0,0.0,0.0,0.0,0.0,0.0,0.0,0.0,41.79,40.58,40.11,-119,-11.2
2026-09-24 01:04:17,Laboratorios Civil Central,52.61,Group 1 (Common),90.84,54.58,Group 1 (Common),52.04,0.0,0.0,0.0,0.0,90.84,0.0,0.0,0.0,8.98,54.62,53.25,48.72,-108,10.5
2026-09-24 01:04:23,Lobby Eléctrica,26.66,Silence,0.0,27.52,Silence,0.0,0.0,0.0,0.0,0.0,0.0,0.0,0.0,0.0,0.0,27.31,26.67,25.87,-111,9.8
2026-09-24 01:04:26,Pasillo Decanato Civil,19.29,Silence,0.0,20.17,Silence,0.0,0.0,0.0,0.0,0.0,0.0,0.0,0.0,0.0,0.0,20.65,19.34,18.16,-111,7.2
2026-09-24 01:04:38,Lobby Civil,36.72,Silence,0.0,39.82,Silence,0.0,0.0,0.0,0.0,0.0,0.0,0.0,0.0,0.0,0.0,40.66,36.03,32.57,-111,8.0
2026-09-24 01:04:44,Pasillo Salones Civil,14.34,Silence,0.0,14.99,Silence,0.0,0.0,0.0,0.0,0.0,0.0,0.0,0.0,0.0,0.0,14.81,14.31,13.74,-105,6.0
2026-09-24 01:04:44,Pasillo Salones Eléctrica,27.93,Silence,0.0,28.56,Silence,0.0,0.0,0.0,0.0,0.0,0.0,0.0,0.0,0.0,0.0,28.96,27.8,26.87,-113,5.5
2026-09-24 01:04:46,Laboratorios Civil Superior,30.85,Silence,0.0,32.2,Silence,0.0,0.0,0.0,0.0,0.0,0.0,0.0,0.0,0.0,0.0,32.17,30.66,29.37,-115,1.5
2026-09-24 01:04:47,Salón - Uma Civil,9.76,Silence,0.0,10.96,Silence,0.0,0.0,0.0,0.0,0.0,0.0,0.0,0.0,0.0,0.0,11.22,9.46,8.93,-101,10.2
2026-09-24 01:04:50,Laboratorios Eléctrica Centro,12.46,Silence,0.0,16.41,Silence,0.0,0.0,0.0,0.0,0.0,0.0,0.0,0.0,0.0,0.0,17.44,11.57,10.77,-117,0.5
2026-09-24 01:04:51,Pasillo Decanato Eléctrica,19.18,Silence,0.0,19.78,Silence,0.0,0.0,0.0,0.0,0.0,0.0,0.0,0.0,0.0,0.0,19.59,19.06,18.9,-120,-4.8
2026-09-24 01:05:16,Salón - Extremo Eléctrica,34.4,Silence,0.0,40.66,Silence,0.0,0.0,0.0,0.0,0.0,0.0,0.0,0.0,0.0,0.0,41.25,28.46,18.22,-96,10.5
2026-09-24 01:05:16,Laboratorios Eléctrica Inferior,23.3,Silence,0.0,24.91,Silence,0.0,0.0,0.0,0.0,0.0,0.0,0.0,0.0,0.0,0.0,25.09,23.03,22.11,-108,7.0
2026-09-24 01:05:20,Salón - Uma Eléctrica,42.55,Silence,0.0,43.4,Silence,0.0,0.0,0.0,0.0,0.0,0.0,0.0,0.0,0.0,0.0,43.17,42.41,41.85,-115,1.0
2026-09-24 01:06:52,Laboratorios Eléctrica Superior,16.53,Silence,0.0,18.84,Silence,0.0,0.0,0.0,0.0,0.0,0.0,0.0,0.0,0.0,0.0,18.78,17.11,12.91,-103,10.0
2026-09-24 01:07:12,Laboratorios Civil Inferior,40.07,Silence,0.0,40.68,Silence,0.0,0.0,0.0,0.0,0.0,0.0,0.0,0.0,0.0,0.0,40.6,40.13,39.42,-119,-13.0
2026-09-24 01:09:17,Laboratorios Civil Central,51.9,Group 1 (Common),84.64,53.64,Group 1 (Common),51.54,0.0,0.0,0.0,0.0,84.64,0.78,2.08,0.09,12.46,53.55,51.59,49.92,-117,4.8
2026-09-24 01:09:23,Lobby Eléctrica,26.06,Silence,0.0,26.99,Silence,0.0,0.0,0.0,0.0,0.0,0.0,0.0,0.0,0.0,0.0,26.52,26.16,25.3,-99,12.8
2026-09-24 01:09:26,Pasillo Decanato Civil,19.9,Silence,0.0,20.4,Silence,0.0,0.0,0.0,0.0,0.0,0.0,0.0,0.0,0.0,0.0,20.48,19.99,19.4,-101,12.5
2026-09-24 01:09:38,Lobby Civil,39.5,Silence,0.0,40.85,Silence,0.0,0.0,0.0,0.0,0.0,0.0,0.0,0.0,0.0,0.0,41.36,38.91,38.41,-103,11.5
2026-09-24 01:09:44,Pasillo Salones Civil,14.19,Silence,0.0,14.7,Silence,0.0,0.0,0.0,0.0,0.0,0.0,0.0,0.0,0.0,0.0,14.71,14.24,13.48,-93,9.2
2026-09-24 01:09:44,Pasillo Salones Eléctrica,27.63,Silence,0.0,29.31,Silence,0.0,0.0,0.0,0.0,0.0,0.0,0.0,0.0,0.0,0.0,28.67,27.45,27.06,-114,5.8
2026-09-24 01:09:46,Laboratorios Civil Superior,31.28,Silence,0.0,32.6,Silence,0.0,0.0,0.0,0.0,0.0,0.0,0.0,0.0,0.0,0.0,33.09,31.37,29.68,-108,10.2
2026-09-24 01:09:47,Salón - Uma Civil,8.64,Silence,0.0,9.63,Silence,0.0,0.0,0.0,0.0,0.0,0.0,0.0,0.0,0.0,0.0,9.13,8.38,8.25,-120,-1.5
2026-09-24 01:09:49,Laboratorios Eléctrica Centro,12.59,Silence,0.0,13.25,Silence,0.0,0.0,0.0,0.0,0.0,0.0,0.0,0.0,0.0,0.0,12.96,12.77,11.86,-114,6.0
2026-09-24 01:09:51,Pasillo Decanato Eléctrica,19.13,Silence,0.0,19.76,Silence,0.0,0.0,0.0,0.0,0.0,0.0,0.0,0.0,0.0,0.0,19.66,19.07,18.44,-117,-3.2
2026-09-24 01:09:56,Salón - Extremo Civil,13.25,Silence,0.0,14.01,Silence,0.0,0.0,0.0,0.0,0.0,0.0,0.0,0.0,0.0,0.0,13.65,13.38,12.47,-99,12.5
2026-09-24 01:10:16,Laboratorios Eléctrica Inferior,22.72,Silence,0.0,23.67,Silence,0.0,0.0,0.0,0.0,0.0,0.0,0.0,0.0,0.0,0.0,23.43,22.81,22.13,-117,-7.8
2026-09-24 01:10:16,Salón - Extremo Eléctrica,14.79,Silence,0.0,15.35,Silence,0.0,0.0,0.0,0.0,0.0,0.0,0.0,0.0,0.0,0.0,15.25,14.8,14.39,-88,10.5
2026-09-24 01:10:20,Salón - Uma Eléctrica,43.19,Silence,0.0,44.58,Silence,0.0,0.0,0.0,0.0,0.0,0.0,0.0,0.0,0.0,0.0,44.87,42.86,41.98,-119,-5.5
2026-09-24 01:11:52,Laboratorios Eléctrica Superior,14.9,Silence,0.0,17.13,Silence,0.0,0.0,0.0,0.0,0.0,0.0,0.0,0.0,0.0,0.0,17.8,14.19,11.66,-114,4.8
2026-09-24 01:12:12,Laboratorios Civil Inferior,40.18,Silence,0.0,40.84,Silence,0.0,0.0,0.0,0.0,0.0,0.0,0.0,0.0,0.0,0.0,41.15,40.07,39.34,-119,-9.8
2026-09-24 01:14:17,Laboratorios Civil Central,50.52,Group 1 (Common),72.96,52.84,Group 1 (Common),50.73,0.0,0.0,0.0,0.0,72.96,0.61,2.78,0.0,23.48,52.75,49.77,47.93,-103,11.0
2026-09-24 01:14:23,Lobby Eléctrica,26.73,Silence,0.0,27.57,Silence,0.0,0.0,0.0,0.0,0.0,0.0,0.0,0.0,0.0,0.0,27.0,26.7,26.43,-106,9.5
2026-09-24 01:14:26,Pasillo Decanato Civil,19.73,Silence,0.0,20.46,Silence,0.0,0.0,0.0,0.0,0.0,0.0,0.0,0.0,0.0,0.0,20.61,19.42,18.63,-101,13.2
2026-09-24 01:14:38,Lobby Civil,34.94,Silence,0.0,36.28,Silence,0.0,0.0,0.0,0.0,0.0,0.0,0.0,0.0,0.0,0.0,36.75,35.28,31.98,-108,8.5
2026-09-24 01:14:44,Pasillo Salones Civil,14.18,Silence,0.0,14.8,Silence,0.0,0.0,0.0,0.0,0.0,0.0,0.0,0.0,0.0,0.0,14.84,14.13,13.71,-106,7.0
2026-09-24 01:14:44,Pasillo Salones Eléctrica,30.05,Silence,0.0,31.59,Silence,0.0,0.0,0.0,0.0,0.0,0.0,0.0,0.0,0.0,0.0,31.29,29.77,28.15,-109,0.8
2026-09-24 01:14:46,Laboratorios Civil Superior,31.07,Silence,0.0,32.02,Silence,0.0,0.0,0.0,0.0,0.0,0.0,0.0,0.0,0.0,0.0,31.96,31.01,30.35,-119,-2.8
2026-09-24 01:14:47,Salón - Uma Civil,9.06,Silence,0.0,9.88,Silence,0.0,0.0,0.0,0.0,0.0,0.0,0.0,0.0,0.0,0.0,9.68,9.17,8.3,-114,6.0
2026-09-24 01:14:50,Laboratorios Eléctrica Centro,35.76,Silence,0.0,37.94,Silence,0.0,0.0,0.0,0.0,0.0,0.0,0.0,0.0,0.0,0.0,38.79,35.83,19.87,-115,1.5
2026-09-24 01:14:51,Pasillo Decanato Eléctrica,19.26,Silence,0.0,20.06,Silence,0.0,0.0,0.0,0.0,0.0,0.0,0.0,0.0,0.0,0.0,20.11,19.23,18.3,-101,11.5
2026-09-24 01:14:56,Salón - Extremo Civil,13.27,Silence,0.0,13.61,Silence,0.0,0.0,0.0,0.0,0.0,0.0,0.0,0.0,0.0,0.0,13.59,13.24,12.89,-95,11.2
2026-09-24 01:15:16,Laboratorios Eléctrica Inferior,22.32,Silence,0.0,23.82,Silence,0.0,0.0,0.0,0.0,0.0,0.0,0.0,0.0,0.0,0.0,23.24,22.23,21.25,-108,-7.8
2026-09-24 01:15:16,Salón - Extremo Eléctrica,17.32,Silence,0.0,18.18,Silence,0.0,0.0,0.0,0.0,0.0,0.0,0.0,0.0,0.0,0.0,18.34,17.36,15.93,-85,10.8
2026-09-24 01:15:20,Salón - Uma Eléctrica,43.07,Silence,0.0,43.68,Silence,0.0,0.0,0.0,0.0,0.0,0.0,0.0,0.0,0.0,0.0,43.7,43.2,42.04,-109,10.0
2026-09-24 01:16:52,Laboratorios Eléctrica Superior,17.35,Silence,0.0,19.85,Silence,0.0,0.0,0.0,0.0,0.0,0.0,0.0,0.0,0.0,0.0,19.89,16.59,14.87,-106,9.0
2026-09-24 01:17:12,Laboratorios Civil Inferior,40.61,Silence,0.0,41.21,Silence,0.0,0.0,0.0,0.0,0.0,0.0,0.0,0.0,0.0,0.0,41.25,40.56,39.96,-121,-12.5
2026-09-24 01:19:17,Laboratorios Civil Central,51.61,Mixed,69.4,53.08,Group 1 (Common),51.61,0.0,0.0,0.0,0.0,69.4,0.0,0.0,0.0,30.6,53.3,51.35,50.46,-115,-3.0
2026-09-24 01:19:23,Lobby Eléctrica,28.19,Silence,0.0,29.54,Silence,0.0,0.0,0.0,0.0,0.0,0.0,0.0,0.0,0.0,0.0,29.67,28.2,26.63,-95,12.0
2026-09-24 01:19:26,Pasillo Decanato Civil,19.64,Silence,0.0,20.41,Silence,0.0,0.0,0.0,0.0,0.0,0.0,0.0,0.0,0.0,0.0,20.15,19.53,19.1,-117,0.5
2026-09-24 01:19:38,Lobby Civil,35.15,Silence,0.0,36.78,Silence,0.0,0.0,0.0,0.0,0.0,0.0,0.0,0.0,0.0,0.0,37.18,34.55,33.97,-111,4.0
2026-09-24 01:19:44,Pasillo Salones Civil,14.69,Silence,0.0,15.47,Silence,0.0,0.0,0.0,0.0,0.0,0.0,0.0,0.0,0.0,0.0,15.42,14.73,14.07,-108,6.0
2026-09-24 01:19:44,Pasillo Salones Eléctrica,32.32,Silence,0.0,34.86,Silence,0.0,0.0,0.0,0.0,0.0,0.0,0.0,0.0,0.0,0.0,34.99,32.37,28.71,-113,8.8
2026-09-24 01:19:46,Laboratorios Civil Superior,32.57,Silence,0.0,33.75,Silence,0.0,0.0,0.0,0.0,0.0,0.0,0.0,0.0,0.0,0.0,33.94,32.28,31.1,-105,11.5
2026-09-24 01:19:47,Salón - Uma Civil,10.13,Silence,0.0,10.79,Silence,0.0,0.0,0.0,0.0,0.0,0.0,0.0,0.0,0.0,0.0,10.84,10.12,9.69,-111,6.5
2026-09-24 01:19:50,Laboratorios Eléctrica Centro,31.68,Silence,0.0,39.52,Silence,0.0,0.0,0.0,0.0,0.0,0.0,0.0,0.0,0.0,0.0,39.98,24.69,22.38,-106,8.2
2026-09-24 01:19:51,Pasillo Decanato Eléctrica,19.18,Silence,0.0,20.12,Silence,0.0,0.0,0.0,0.0,0.0,0.0,0.0,0.0,0.0,0.0,19.74,19.22,18.58,-118,-7.8
2026-09-24 01:19:56,Salón - Extremo Civil,14.31,Silence,0.0,15.57,Silence,0.0,0.0,0.0,0.0,0.0,0.0,0.0,0.0,0.0,0.0,15.67,14.15,13.09,-97,12.0
2026-09-24 01:20:16,Laboratorios Eléctrica Inferior,25.51,Silence,0.0,26.43,Silence,0.0,0.0,0.0,0.0,0.0,0.0,0.0,0.0,0.0,0.0,26.19,25.7,24.61,-119,0.5
2026-09-24 01:20:16,Salón - Extremo Eléctrica,17.86,Silence,0.0,18.59,Silence,0.0,0.0,0.0,0.0,0.0,0.0,0.0,0.0,0.0,0.0,18.5,17.91,17.1,-100,10.0
2026-09-24 01:20:20,Salón - Uma Eléctrica,43.23,Silence,0.0,43.93,Silence,0.0,0.0,0.0,0.0,0.0,0.0,0.0,0.0,0.0,0.0,43.89,43.32,42.28,-103,8.2
2026-09-24 01:21:52,Laboratorios Eléctrica Superior,18.46,Silence,0.0,19.17,Silence,0.0,0.0,0.0,0.0,0.0,0.0,0.0,0.0,0.0,0.0,19.34,18.48,17.03,-91,12.0
2026-09-24 01:22:12,Laboratorios Civil Inferior,39.92,Silence,0.0,40.54,Silence,0.0,0.0,0.0,0.0,0.0,0.0,0.0,0.0,0.0,0.0,40.51,40.02,39.31,-120,-14.0
2026-09-24 01:24:17,Laboratorios Civil Central,50.51,Group 1 (Common),80.57,53.15,Group 1 (Common),50.98,0.0,0.0,0.0,0.0,80.57,0.29,17.33,0.1,1.61,52.97,49.79,47.59,-115,-3.2
2026-09-24 01:24:23,Lobby Eléctrica,26.47,Silence,0.0,27.88,Silence,0.0,0.0,0.0,0.0,0.0,0.0,0.0,0.0,0.0,0.0,27.11,26.35,26.01,-115,-7.8
2026-09-24 01:24:26,Pasillo Decanato Civil,20.3,Silence,0.0,21.42,Silence,0.0,0.0,0.0,0.0,0.0,0.0,0.0,0.0,0.0,0.0,21.58,20.04,19.35,-114,-0.5
2026-09-24 01:24:38,Lobby Civil,48.24,Mixed,44.49,53.71,Group 1 (Common),51.79,46.54,0.0,0.0,42.92,44.49,22.05,0.56,1.09,31.64,54.49,42.76,35.13,-111,6.5
2026-09-24 01:24:44,Pasillo Salones Civil,14.43,Silence,0.0,15.38,Silence,0.0,0.0,0.0,0.0,0.0,0.0,0.0,0.0,0.0,0.0,15.09,14.57,12.96,-109,3.5
2026-09-24 01:24:44,Pasillo Salones Eléctrica,35.18,Silence,0.0,39.41,Silence,0.0,0.0,0.0,0.0,0.0,0.0,0.0,0.0,0.0,0.0,41.85,31.16,27.27,-113,5.0
2026-09-24 01:24:46,Laboratorios Civil Superior,31.99,Silence,0.0,33.17,Silence,0.0,0.0,0.0,0.0,0.0,0.0,0.0,0.0,0.0,0.0,32.85,31.9,31.23,-105,11.8
2026-09-24 01:24:47,Salón - Uma Civil,9.09,Silence,0.0,9.96,Silence,0.0,0.0,0.0,0.0,0.0,0.0,0.0,0.0,0.0,0.0,9.95,9.03,8.56,-111,7.0
2026-09-24 01:24:50,Laboratorios Eléctrica Centro,13.23,Silence,0.0,13.93,Silence,0.0,0.0,0.0,0.0,0.0,0.0,0.0,0.0,0.0,0.0,14.0,13.26,12.12,-109,1.2
2026-09-24 01:24:51,Pasillo Decanato Eléctrica,19.4,Silence,0.0,20.13,Silence,0.0,0.0,0.0,0.0,0.0,0.0,0.0,0.0,0.0,0.0,20.36,19.44,18.45,-117,-3.0
2026-09-24 01:24:56,Salón - Extremo Civil,13.25,Silence,0.0,14.06,Silence,0.0,0.0,0.0,0.0,0.0,0.0,0.0,0.0,0.0,0.0,14.08,13.27,12.5,-95,12.8
2026-09-24 01:25:16,Laboratorios Eléctrica Inferior,21.8,Silence,0.0,22.69,Silence,0.0,0.0,0.0,0.0,0.0,0.0,0.0,0.0,0.0,0.0,22.45,21.89,21.0,-119,-4.0
2026-09-24 01:25:16,Salón - Extremo Eléctrica,16.62,Silence,0.0,17.72,Silence,0.0,0.0,0.0,0.0,0.0,0.0,0.0,0.0,0.0,0.0,17.63,16.71,15.56,-97,9.2
2026-09-24 01:25:20,Salón - Uma Eléctrica,42.48,Silence,0.0,43.81,Silence,0.0,0.0,0.0,0.0,0.0,0.0,0.0,0.0,0.0,0.0,43.67,42.3,41.68,-103,10.5
2026-09-24 01:26:52,Laboratorios Eléctrica Superior,13.08,Silence,0.0,13.92,Silence,0.0,0.0,0.0,0.0,0.0,0.0,0.0,0.0,0.0,0.0,14.21,12.98,12.45,-117,3.5
2026-09-24 01:27:12,Laboratorios Civil Inferior,39.87,Silence,0.0,40.41,Silence,0.0,0.0,0.0,0.0,0.0,0.0,0.0,0.0,0.0,0.0,40.41,39.73,39.47,-121,-11.2
2026-09-24 01:29:17,Laboratorios Civil Central,52.57,Group 1 (Common),82.18,53.6,Group 1 (Common),52.78,0.0,52.57,0.0,0.0,82.18,0.29,15.28,0.24,2.15,53.61,52.43,51.38,-117,-6.0
2026-09-24 01:29:23,Lobby Eléctrica,25.83,Silence,0.0,26.38,Silence,0.0,0.0,0.0,0.0,0.0,0.0,0.0,0.0,0.0,0.0,26.18,25.89,25.41,-94,12.2
2026-09-24 01:29:26,Pasillo Decanato Civil,20.99,Silence,0.0,21.88,Silence,0.0,0.0,0.0,0.0,0.0,0.0,0.0,0.0,0.0,0.0,21.87,20.93,20.3,-107,12.0
2026-09-24 01:29:38,Lobby Civil,37.9,Silence,0.0,38.38,Silence,0.0,0.0,0.0,0.0,0.0,0.0,0.0,0.0,0.0,0.0,38.63,37.89,37.22,-108,6.8
2026-09-24 01:29:44,Pasillo Salones Civil,14.2,Silence,0.0,14.87,Silence,0.0,0.0,0.0,0.0,0.0,0.0,0.0,0.0,0.0,0.0,14.8,14.05,13.73,-96,10.2
2026-09-24 01:29:44,Pasillo Salones Eléctrica,32.02,Silence,0.0,35.0,Silence,0.0,0.0,0.0,0.0,0.0,0.0,0.0,0.0,0.0,0.0,34.29,31.5,29.42,-109,9.5
2026-09-24 01:29:46,Laboratorios Civil Superior,31.87,Silence,0.0,33.58,Silence,0.0,0.0,0.0,0.0,0.0,0.0,0.0,0.0,0.0,0.0,33.85,31.96,28.91,-108,8.5
2026-09-24 01:29:47,Salón - Uma Civil,8.71,Silence,0.0,9.65,Silence,0.0,0.0,0.0,0.0,0.0,0.0,0.0,0.0,0.0,0.0,9.59,8.69,7.99,-117,-4.2
2026-09-24 01:29:50,Laboratorios Eléctrica Centro,12.56,Silence,0.0,14.93,Silence,0.0,0.0,0.0,0.0,0.0,0.0,0.0,0.0,0.0,0.0,12.84,12.49,12.19,-113,6.2
2026-09-24 01:29:51,Pasillo Decanato Eléctrica,19.3,Silence,0.0,20.4,Silence,0.0,0.0,0.0,0.0,0.0,0.0,0.0,0.0,0.0,0.0,20.14,18.96,18.59,-103,12.2
2026-09-24 01:29:56,Salón - Extremo Civil,13.35,Silence,0.0,14.51,Silence,0.0,0.0,0.0,0.0,0.0,0.0,0.0,0.0,0.0,0.0,13.94,13.33,12.59,-91,12.8
2026-09-24 01:30:16,Laboratorios Eléctrica Inferior,21.73,Silence,0.0,22.41,Silence,0.0,0.0,0.0,0.0,0.0,0.0,0.0,0.0,0.0,0.0,22.32,21.91,20.84,-120,-5.2
2026-09-24 01:30:16,Salón - Extremo Eléctrica,44.7,Silence,0.0,50.09,Silence,0.0,0.0,0.0,0.0,0.0,0.0,0.0,0.0,0.0,0.0,50.5,41.18,31.1,-89,9.8
2026-09-24 01:30:20,Salón - Uma Eléctrica,42.41,Silence,0.0,42.96,Silence,0.0,0.0,0.0,0.0,0.0,0.0,0.0,0.0,0.0,0.0,42.88,42.46,41.79,-105,11.0
2026-09-24 01:31:52,Laboratorios Eléctrica Superior,13.49,Silence,0.0,14.1,Silence,0.0,0.0,0.0,0.0,0.0,0.0,0.0,0.0,0.0,0.0,14.03,13.45,12.89,-93,12.8
2026-09-24 01:32:12,Laboratorios Civil Inferior,39.31,Silence,0.0,39.93,Silence,0.0,0.0,0.0,0.0,0.0,0.0,0.0,0.0,0.0,0.0,40.02,39.18,38.94,-121,-12.0
2026-09-24 01:34:17,Laboratorios Civil Central,51.3,Group 1 (Common),92.27,53.34,Group 1 (Common),51.29,0.0,0.0,0.0,0.0,92.27,0.0,0.0,0.0,7.6,53.41,51.04,49.37,-113,3.2
2026-09-24 01:34:23,Lobby Eléctrica,31.06,Silence,0.0,31.75,Silence,0.0,0.0,0.0,0.0,0.0,0.0,0.0,0.0,0.0,0.0,31.67,30.99,30.22,-111,5.5
2026-09-24 01:34:26,Pasillo Decanato Civil,20.41,Silence,0.0,21.55,Silence,0.0,0.0,0.0,0.0,0.0,0.0,0.0,0.0,0.0,0.0,21.14,20.34,19.62,-101,13.0
2026-09-24 01:34:38,Lobby Civil,49.34,Group 1 (Common),95.02,50.21,Group 1 (Common),49.4,0.0,0.0,0.0,0.0,95.02,1.22,0.44,0.2,3.37,50.62,49.09,48.4,-97,12.5
2026-09-24 01:34:44,Pasillo Salones Civil,15.26,Silence,0.0,17.5,Silence,0.0,0.0,0.0,0.0,0.0,0.0,0.0,0.0,0.0,0.0,18.4,14.79,13.81,-108,7.5
2026-09-24 01:34:44,Pasillo Salones Eléctrica,32.38,Silence,0.0,36.14,Silence,0.0,0.0,0.0,0.0,0.0,0.0,0.0,0.0,0.0,0.0,34.37,31.7,31.31,-115,5.2
2026-09-24 01:34:46,Laboratorios Civil Superior,33.37,Silence,0.0,35.01,Silence,0.0,0.0,0.0,0.0,0.0,0.0,0.0,0.0,0.0,0.0,34.21,33.49,31.59,-114,4.2
2026-09-24 01:34:47,Salón - Uma Civil,9.34,Silence,0.0,9.77,Silence,0.0,0.0,0.0,0.0,0.0,0.0,0.0,0.0,0.0,0.0,9.6,9.28,8.89,-111,7.8
2026-09-24 01:34:50,Laboratorios Eléctrica Centro,36.82,Silence,0.0,38.58,Silence,0.0,0.0,0.0,0.0,0.0,0.0,0.0,0.0,0.0,0.0,39.3,37.51,25.56,-109,5.5
2026-09-24 01:34:51,Pasillo Decanato Eléctrica,19.25,Silence,0.0,20.21,Silence,0.0,0.0,0.0,0.0,0.0,0.0,0.0,0.0,0.0,0.0,20.12,19.29,18.6,-117,-3.8
2026-09-24 01:34:56,Salón - Extremo Civil,13.47,Silence,0.0,14.16,Silence,0.0,0.0,0.0,0.0,0.0,0.0,0.0,0.0,0.0,0.0,13.93,13.41,12.95,-95,13.5
2026-09-24 01:35:16,Laboratorios Eléctrica Inferior,24.36,Silence,0.0,25.25,Silence,0.0,0.0,0.0,0.0,0.0,0.0,0.0,0.0,0.0,0.0,25.5,24.3,23.6,-109,7.2
2026-09-24 01:35:16,Salón - Extremo Eléctrica,16.25,Silence,0.0,17.44,Silence,0.0,0.0,0.0,0.0,0.0,0.0,0.0,0.0,0.0,0.0,17.47,16.32,15.38,-98,9.5
2026-09-24 01:35:20,Salón - Uma Eléctrica,42.85,Silence,0.0,43.59,Silence,0.0,0.0,0.0,0.0,0.0,0.0,0.0,0.0,0.0,0.0,43.26,42.9,42.37,-109,10.5
2026-09-24 01:36:52,Laboratorios Eléctrica Superior,16.52,Silence,0.0,20.68,Silence,0.0,0.0,0.0,0.0,0.0,0.0,0.0,0.0,0.0,0.0,18.27,16.11,15.27,-109,6.8
2026-09-24 01:37:17,Laboratorios Civil Inferior,40.87,Silence,0.0,41.52,Silence,0.0,0.0,0.0,0.0,0.0,0.0,0.0,0.0,0.0,0.0,41.52,40.93,39.95,-119,-11.2
2026-09-24 01:39:17,Laboratorios Civil Central,51.42,Group 1 (Common),83.59,52.61,Group 1 (Common),51.23,0.0,0.0,0.0,0.0,83.59,0.13,0.0,0.04,16.06,52.67,51.23,49.42,-117,-1.8
2026-09-24 01:39:23,Lobby Eléctrica,24.37,Silence,0.0,25.01,Silence,0.0,0.0,0.0,0.0,0.0,0.0,0.0,0.0,0.0,0.0,24.98,24.38,23.8,-113,9.0
2026-09-24 01:39:26,Pasillo Decanato Civil,20.94,Silence,0.0,22.01,Silence,0.0,0.0,0.0,0.0,0.0,0.0,0.0,0.0,0.0,0.0,22.13,20.92,20.15,-119,-4.5
2026-09-24 01:39:38,Lobby Civil,38.66,Silence,0.0,40.1,Silence,0.0,0.0,0.0,0.0,0.0,0.0,0.0,0.0,0.0,0.0,40.69,38.91,36.23,-113,6.2
2026-09-24 01:39:44,Pasillo Salones Civil,15.16,Silence,0.0,16.14,Silence,0.0,0.0,0.0,0.0,0.0,0.0,0.0,0.0,0.0,0.0,15.87,14.87,14.74,-108,7.0
2026-09-24 01:39:44,Pasillo Salones Eléctrica,29.34,Silence,0.0,30.67,Silence,0.0,0.0,0.0,0.0,0.0,0.0,0.0,0.0,0.0,0.0,30.32,29.01,28.34,-101,12.8
2026-09-24 01:39:46,Laboratorios Civil Superior,31.48,Silence,0.0,32.68,Silence,0.0,0.0,0.0,0.0,0.0,0.0,0.0,0.0,0.0,0.0,33.03,31.46,30.15,-117,3.2
2026-09-24 01:39:47,Salón - Uma Civil,9.77,Silence,0.0,10.52,Silence,0.0,0.0,0.0,0.0,0.0,0.0,0.0,0.0,0.0,0.0,10.42,9.78,8.93,-117,6.0
2026-09-24 01:39:50,Laboratorios Eléctrica Centro,35.71,Silence,0.0,38.18,Silence,0.0,0.0,0.0,0.0,0.0,0.0,0.0,0.0,0.0,0.0,38.83,36.1,17.85,-115,4.8
2026-09-24 01:39:51,Pasillo Decanato Eléctrica,19.1,Silence,0.0,19.8,Silence,0.0,0.0,0.0,0.0,0.0,0.0,0.0,0.0,0.0,0.0,19.78,18.94,18.63,-107,12.2
2026-09-24 01:39:56,Salón - Extremo Civil,13.62,Silence,0.0,14.36,Silence,0.0,0.0,0.0,0.0,0.0,0.0,0.0,0.0,0.0,0.0,14.36,13.47,13.21,-93,13.2
2026-09-24 01:40:16,Laboratorios Eléctrica Inferior,22.76,Silence,0.0,23.81,Silence,0.0,0.0,0.0,0.0,0.0,0.0,0.0,0.0,0.0,0.0,24.08,22.54,21.88,-115,0.8
2026-09-24 01:40:16,Salón - Extremo Eléctrica,22.1,Silence,0.0,25.47,Silence,0.0,0.0,0.0,0.0,0.0,0.0,0.0,0.0,0.0,0.0,25.82,22.5,15.59,-97,10.2
2026-09-24 01:40:20,Salón - Uma Eléctrica,43.9,Silence,0.0,44.69,Silence,0.0,0.0,0.0,0.0,0.0,0.0,0.0,0.0,0.0,0.0,44.64,43.96,43.08,-107,11.2
2026-09-24 01:41:52,Laboratorios Eléctrica Superior,14.78,Silence,0.0,17.26,Silence,0.0,0.0,0.0,0.0,0.0,0.0,0.0,0.0,0.0,0.0,17.82,14.8,11.64,-108,9.8
2026-09-24 01:42:12,Laboratorios Civil Inferior,39.41,Silence,0.0,40.07,Silence,0.0,0.0,0.0,0.0,0.0,0.0,0.0,0.0,0.0,0.0,40.01,39.56,38.83,-120,-11.5
2026-09-24 01:44:17,Laboratorios Civil Central,52.22,Group 1 (Common),83.2,54.55,Group 1 (Common),52.72,0.0,0.0,0.0,0.0,83.2,0.17,14.32,0.04,2.04,54.36,51.91,49.43,-113,3.2
2026-09-24 01:44:23,Lobby Eléctrica,25.64,Silence,0.0,26.42,Silence,0.0,0.0,0.0,0.0,0.0,0.0,0.0,0.0,0.0,0.0,26.28,25.69,25.15,-114,1.5
2026-09-24 01:44:26,Pasillo Decanato Civil,20.91,Silence,0.0,21.94,Silence,0.0,0.0,0.0,0.0,0.0,0.0,0.0,0.0,0.0,0.0,21.68,20.7,20.54,-101,12.2
2026-09-24 01:44:38,Lobby Civil,36.32,Silence,0.0,36.84,Silence,0.0,0.0,0.0,0.0,0.0,0.0,0.0,0.0,0.0,0.0,36.79,36.44,35.4,-102,11.5
2026-09-24 01:44:44,Pasillo Salones Civil,21.19,Silence,0.0,26.31,Silence,0.0,0.0,0.0,0.0,0.0,0.0,0.0,0.0,0.0,0.0,27.0,17.95,13.93,-105,7.8
2026-09-24 01:44:45,Pasillo Salones Eléctrica,29.21,Silence,0.0,38.96,Silence,0.0,0.0,0.0,0.0,0.0,0.0,0.0,0.0,0.0,0.0,32.34,28.69,28.26,-113,5.2
2026-09-24 01:44:46,Laboratorios Civil Superior,31.19,Silence,0.0,33.21,Silence,0.0,0.0,0.0,0.0,0.0,0.0,0.0,0.0,0.0,0.0,33.52,31.13,29.34,-117,1.2
2026-09-24 01:44:47,Salón - Uma Civil,9.6,Silence,0.0,10.53,Silence,0.0,0.0,0.0,0.0,0.0,0.0,0.0,0.0,0.0,0.0,10.61,9.55,8.78,-108,7.0
2026-09-24 01:44:50,Laboratorios Eléctrica Centro,12.4,Silence,0.0,27.33,Silence,0.0,0.0,0.0,0.0,0.0,0.0,0.0,0.0,0.0,0.0,13.99,12.21,11.53,-117,2.2
2026-09-24 01:44:51,Pasillo Decanato Eléctrica,19.89,Silence,0.0,20.87,Silence,0.0,0.0,0.0,0.0,0.0,0.0,0.0,0.0,0.0,0.0,21.36,19.89,19.05,-119,-13.2
2026-09-24 01:44:56,Salón - Extremo Civil,13.55,Silence,0.0,14.12,Silence,0.0,0.0,0.0,0.0,0.0,0.0,0.0,0.0,0.0,0.0,14.18,13.56,12.82,-99,13.5
2026-09-24 01:45:16,Laboratorios Eléctrica Inferior,22.53,Silence,0.0,23.3,Silence,0.0,0.0,0.0,0.0,0.0,0.0,0.0,0.0,0.0,0.0,22.95,22.63,21.73,-111,7.2
2026-09-24 01:45:16,Salón - Extremo Eléctrica,15.73,Silence,0.0,16.51,Silence,0.0,0.0,0.0,0.0,0.0,0.0,0.0,0.0,0.0,0.0,16.61,15.89,14.28,-102,9.0
2026-09-24 01:45:20,Salón - Uma Eléctrica,42.98,Silence,0.0,43.67,Silence,0.0,0.0,0.0,0.0,0.0,0.0,0.0,0.0,0.0,0.0,43.76,42.82,42.11,-119,-0.2
2026-09-24 01:46:52,Laboratorios Eléctrica Superior,13.43,Silence,0.0,15.06,Silence,0.0,0.0,0.0,0.0,0.0,0.0,0.0,0.0,0.0,0.0,15.01,13.58,12.47,-94,12.8
2026-09-24 01:47:13,Laboratorios Civil Inferior,39.85,Silence,0.0,40.63,Silence,0.0,0.0,0.0,0.0,0.0,0.0,0.0,0.0,0.0,0.0,40.81,39.73,39.11,-119,-5.0
2026-09-24 01:49:17,Laboratorios Civil Central,50.2,Mixed,47.05,52.33,Group 1 (Common),50.09,0.0,50.36,0.0,0.0,47.05,1.43,34.85,0.09,16.49,52.95,49.99,48.47,-105,8.2
2026-09-24 01:49:23,Lobby Eléctrica,27.51,Silence,0.0,28.43,Silence,0.0,0.0,0.0,0.0,0.0,0.0,0.0,0.0,0.0,0.0,28.32,27.38,26.96,-96,12.2
2026-09-24 01:49:26,Pasillo Decanato Civil,21.58,Silence,0.0,22.66,Silence,0.0,0.0,0.0,0.0,0.0,0.0,0.0,0.0,0.0,0.0,22.85,21.33,20.99,-99,10.0
2026-09-24 01:49:38,Lobby Civil,39.81,Silence,0.0,40.83,Silence,0.0,0.0,0.0,0.0,0.0,0.0,0.0,0.0,0.0,0.0,41.1,39.63,39.0,-108,9.2
2026-09-24 01:49:44,Pasillo Salones Civil,14.13,Silence,0.0,14.92,Silence,0.0,0.0,0.0,0.0,0.0,0.0,0.0,0.0,0.0,0.0,14.91,14.12,13.73,-107,7.8
2026-09-24 01:49:45,Pasillo Salones Eléctrica,28.61,Silence,0.0,29.47,Silence,0.0,0.0,0.0,0.0,0.0,0.0,0.0,0.0,0.0,0.0,29.42,28.59,27.28,-114,5.2
2026-09-24 01:49:46,Laboratorios Civil Superior,31.45,Silence,0.0,32.49,Silence,0.0,0.0,0.0,0.0,0.0,0.0,0.0,0.0,0.0,0.0,32.48,31.5,30.04,-117,-0.8
2026-09-24 01:49:47,Salón - Uma Civil,9.38,Silence,0.0,10.04,Silence,0.0,0.0,0.0,0.0,0.0,0.0,0.0,0.0,0.0,0.0,9.83,9.41,8.82,-114,-2.2
2026-09-24 01:49:50,Laboratorios Eléctrica Centro,12.84,Silence,0.0,13.77,Silence,0.0,0.0,0.0,0.0,0.0,0.0,0.0,0.0,0.0,0.0,13.76,12.64,11.84,-114,4.2
2026-09-24 01:49:51,Pasillo Decanato Eléctrica,18.83,Silence,0.0,19.67,Silence,0.0,0.0,0.0,0.0,0.0,0.0,0.0,0.0,0.0,0.0,19.8,18.73,17.94,-102,11.2
2026-09-24 01:49:56,Salón - Extremo Civil,13.38,Silence,0.0,13.93,Silence,0.0,0.0,0.0,0.0,0.0,0.0,0.0,0.0,0.0,0.0,13.67,13.34,13.08,-91,10.0
2026-09-24 01:50:16,Laboratorios Eléctrica Inferior,22.31,Silence,0.0,23.44,Silence,0.0,0.0,0.0,0.0,0.0,0.0,0.0,0.0,0.0,0.0,23.19,22.28,21.38,-111,6.8
2026-09-24 01:50:16,Salón - Extremo Eléctrica,15.32,Silence,0.0,16.92,Silence,0.0,0.0,0.0,0.0,0.0,0.0,0.0,0.0,0.0,0.0,17.66,14.75,14.3,-101,6.8
2026-09-24 01:50:20,Salón - Uma Eléctrica,42.96,Silence,0.0,43.72,Silence,0.0,0.0,0.0,0.0,0.0,0.0,0.0,0.0,0.0,0.0,43.73,43.12,41.6,-117,-2.0
2026-09-24 01:51:52,Laboratorios Eléctrica Superior,19.62,Silence,0.0,20.87,Silence,0.0,0.0,0.0,0.0,0.0,0.0,0.0,0.0,0.0,0.0,21.69,20.08,16.28,-96,12.0
2026-09-24 01:52:12,Laboratorios Civil Inferior,40.56,Silence,0.0,41.24,Silence,0.0,0.0,0.0,0.0,0.0,0.0,0.0,0.0,0.0,0.0,40.99,40.69,39.86,-118,-14.0
2026-09-24 01:54:17,Laboratorios Civil Central,50.94,Group 1 (Common),90.19,52.28,Group 1 (Common),50.86,0.0,0.0,0.0,0.0,90.19,0.0,0.0,0.04,9.64,52.35,50.82,49.5,-119,-1.2
2026-09-24 01:54:23,Lobby Eléctrica,24.32,Silence,0.0,25.04,Silence,0.0,0.0,0.0,0.0,0.0,0.0,0.0,0.0,0.0,0.0,25.43,24.17,23.21,-99,12.5
2026-09-24 01:54:30,Pasillo Decanato Civil,20.67,Silence,0.0,21.54,Silence,0.0,0.0,0.0,0.0,0.0,0.0,0.0,0.0,0.0,0.0,21.2,20.63,19.91,-97,12.0
2026-09-24 01:54:38,Lobby Civil,36.0,Silence,0.0,38.34,Silence,0.0,0.0,0.0,0.0,0.0,0.0,0.0,0.0,0.0,0.0,38.76,35.65,32.76,-100,11.5
2026-09-24 01:54:44,Pasillo Salones Civil,14.49,Silence,0.0,15.49,Silence,0.0,0.0,0.0,0.0,0.0,0.0,0.0,0.0,0.0,0.0,15.47,14.36,13.65,-111,6.2
2026-09-24 01:54:45,Pasillo Salones Eléctrica,32.32,Silence,0.0,33.99,Silence,0.0,0.0,0.0,0.0,0.0,0.0,0.0,0.0,0.0,0.0,33.93,32.28,30.66,-111,7.2
2026-09-24 01:54:46,Laboratorios Civil Superior,32.34,Silence,0.0,33.53,Silence,0.0,0.0,0.0,0.0,0.0,0.0,0.0,0.0,0.0,0.0,33.42,32.31,31.34,-107,10.5
2026-09-24 01:54:47,Salón - Uma Civil,9.47,Silence,0.0,10.2,Silence,0.0,0.0,0.0,0.0,0.0,0.0,0.0,0.0,0.0,0.0,10.25,9.38,8.71,-114,6.2
2026-09-24 01:54:50,Laboratorios Eléctrica Centro,23.66,Silence,0.0,24.19,Silence,0.0,0.0,0.0,0.0,0.0,0.0,0.0,0.0,0.0,0.0,24.29,23.48,23.19,-106,8.5
2026-09-24 01:54:51,Pasillo Decanato Eléctrica,19.25,Silence,0.0,19.96,Silence,0.0,0.0,0.0,0.0,0.0,0.0,0.0,0.0,0.0,0.0,20.09,19.28,18.11,-119,-2.5
2026-09-24 01:54:56,Salón - Extremo Civil,13.57,Silence,0.0,14.18,Silence,0.0,0.0,0.0,0.0,0.0,0.0,0.0,0.0,0.0,0.0,14.2,13.65,12.59,-95,11.8
2026-09-24 01:55:16,Laboratorios Eléctrica Inferior,25.29,Silence,0.0,26.38,Silence,0.0,0.0,0.0,0.0,0.0,0.0,0.0,0.0,0.0,0.0,26.02,25.14,23.24,-108,-7.5
2026-09-24 01:55:16,Salón - Extremo Eléctrica,15.12,Silence,0.0,16.18,Silence,0.0,0.0,0.0,0.0,0.0,0.0,0.0,0.0,0.0,0.0,16.03,14.97,14.53,-95,9.8
2026-09-24 01:55:20,Salón - Uma Eléctrica,43.03,Silence,0.0,43.8,Silence,0.0,0.0,0.0,0.0,0.0,0.0,0.0,0.0,0.0,0.0,43.41,43.0,42.51,-111,10.2
2026-09-24 01:56:52,Laboratorios Eléctrica Superior,16.83,Silence,0.0,17.93,Silence,0.0,0.0,0.0,0.0,0.0,0.0,0.0,0.0,0.0,0.0,17.89,16.61,15.79,-114,3.2
2026-09-24 01:59:17,Laboratorios Civil Central,50.37,Group 1 (Common),85.68,51.55,Group 1 (Common),50.46,0.0,0.0,0.0,0.0,85.68,0.26,6.68,0.04,7.25,51.51,50.15,49.21,-113,3.8
2026-09-24 01:59:23,Lobby Eléctrica,25.04,Silence,0.0,25.67,Silence,0.0,0.0,0.0,0.0,0.0,0.0,0.0,0.0,0.0,0.0,25.48,25.18,24.59,-113,8.2
2026-09-24 01:59:26,Pasillo Decanato Civil,21.31,Silence,0.0,22.02,Silence,0.0,0.0,0.0,0.0,0.0,0.0,0.0,0.0,0.0,0.0,22.1,21.24,20.53,-101,12.8
2026-09-24 01:59:38,Lobby Civil,38.26,Silence,0.0,39.52,Silence,0.0,0.0,0.0,0.0,0.0,0.0,0.0,0.0,0.0,0.0,39.95,38.32,36.56,-103,11.2
2026-09-24 01:59:44,Pasillo Salones Civil,14.32,Silence,0.0,15.94,Silence,0.0,0.0,0.0,0.0,0.0,0.0,0.0,0.0,0.0,0.0,14.9,14.42,13.77,-97,10.0
2026-09-24 01:59:45,Pasillo Salones Eléctrica,28.67,Silence,0.0,30.08,Silence,0.0,0.0,0.0,0.0,0.0,0.0,0.0,0.0,0.0,0.0,30.0,28.57,27.1,-113,7.0
2026-09-24 01:59:46,Laboratorios Civil Superior,31.8,Silence,0.0,32.78,Silence,0.0,0.0,0.0,0.0,0.0,0.0,0.0,0.0,0.0,0.0,32.48,31.87,31.25,-114,4.0
2026-09-24 01:59:47,Salón - Uma Civil,9.43,Silence,0.0,10.15,Silence,0.0,0.0,0.0,0.0,0.0,0.0,0.0,0.0,0.0,0.0,10.56,9.22,8.84,-101,10.5
2026-09-24 01:59:50,Laboratorios Eléctrica Centro,27.25,Silence,0.0,36.4,Silence,0.0,0.0,0.0,0.0,0.0,0.0,0.0,0.0,0.0,0.0,37.92,11.64,10.92,-113,4.0
2026-09-24 01:59:51,Pasillo Decanato Eléctrica,19.45,Silence,0.0,20.42,Silence,0.0,0.0,0.0,0.0,0.0,0.0,0.0,0.0,0.0,0.0,20.72,19.71,18.32,-120,-8.5
2026-09-24 01:59:56,Salón - Extremo Civil,14.55,Silence,0.0,16.5,Silence,0.0,0.0,0.0,0.0,0.0,0.0,0.0,0.0,0.0,0.0,16.47,13.76,13.28,-89,12.0
2026-09-24 02:00:16,Laboratorios Eléctrica Inferior,21.6,Silence,0.0,22.42,Silence,0.0,0.0,0.0,0.0,0.0,0.0,0.0,0.0,0.0,0.0,22.23,21.54,21.19,-120,-1.0
2026-09-24 02:00:16,Salón - Extremo Eléctrica,16.02,Silence,0.0,18.67,Silence,0.0,0.0,0.0,0.0,0.0,0.0,0.0,0.0,0.0,0.0,19.18,15.75,14.11,-97,9.8
2026-09-24 02:00:20,Salón - Uma Eléctrica,43.78,Silence,0.0,44.26,Silence,0.0,0.0,0.0,0.0,0.0,0.0,0.0,0.0,0.0,0.0,44.36,44.09,42.7,-107,9.5
2026-09-24 02:01:52,Laboratorios Eléctrica Superior,14.63,Silence,0.0,17.76,Silence,0.0,0.0,0.0,0.0,0.0,0.0,0.0,0.0,0.0,0.0,18.58,12.76,11.89,-109,6.8
2026-09-24 02:02:13,Laboratorios Civil Inferior,39.69,Silence,0.0,40.25,Silence,0.0,0.0,0.0,0.0,0.0,0.0,0.0,0.0,0.0,0.0,40.23,39.77,39.02,-117,-10.0
2026-09-24 02:04:17,Laboratorios Civil Central,51.04,Group 1 (Common),91.65,52.46,Group 1 (Common),51.03,0.0,0.0,0.0,0.0,91.65,0.73,1.81,0.15,5.76,51.92,51.27,49.46,-106,8.8
2026-09-24 02:04:23,Lobby Eléctrica,22.09,Silence,0.0,23.04,Silence,0.0,0.0,0.0,0.0,0.0,0.0,0.0,0.0,0.0,0.0,22.98,21.99,21.13,-97,12.5
2026-09-24 02:04:26,Pasillo Decanato Civil,19.29,Silence,0.0,19.78,Silence,0.0,0.0,0.0,0.0,0.0,0.0,0.0,0.0,0.0,0.0,19.75,19.28,18.79,-103,11.2
2026-09-24 02:04:38,Lobby Civil,38.12,Silence,0.0,40.03,Silence,0.0,0.0,0.0,0.0,0.0,0.0,0.0,0.0,0.0,0.0,40.14,38.11,36.22,-98,11.2
2026-09-24 02:04:44,Pasillo Salones Civil,14.23,Silence,0.0,14.95,Silence,0.0,0.0,0.0,0.0,0.0,0.0,0.0,0.0,0.0,0.0,14.81,14.15,13.71,-107,6.8
2026-09-24 02:04:50,Pasillo Salones Eléctrica,28.51,Silence,0.0,29.32,Silence,0.0,0.0,0.0,0.0,0.0,0.0,0.0,0.0,0.0,0.0,29.81,28.44,27.18,-105,12.0
2026-09-24 02:04:50,Laboratorios Civil Superior,30.95,Silence,0.0,31.89,Silence,0.0,0.0,0.0,0.0,0.0,0.0,0.0,0.0,0.0,0.0,31.66,31.22,29.91,-109,9.2
2026-09-24 02:04:50,Salón - Uma Civil,9.47,Silence,0.0,10.05,Silence,0.0,0.0,0.0,0.0,0.0,0.0,0.0,0.0,0.0,0.0,9.97,9.56,8.76,-118,-6.5
2026-09-24 02:04:50,Laboratorios Eléctrica Centro,11.85,Silence,0.0,21.29,Silence,0.0,0.0,0.0,0.0,0.0,0.0,0.0,0.0,0.0,0.0,12.44,11.94,10.96,-110,3.5
2026-09-24 02:04:51,Pasillo Decanato Eléctrica,19.05,Silence,0.0,19.52,Silence,0.0,0.0,0.0,0.0,0.0,0.0,0.0,0.0,0.0,0.0,19.79,18.95,18.45,-118,-5.5
2026-09-24 02:04:56,Salón - Extremo Civil,13.41,Silence,0.0,14.23,Silence,0.0,0.0,0.0,0.0,0.0,0.0,0.0,0.0,0.0,0.0,13.88,13.4,12.84,-95,10.0
2026-09-24 02:05:16,Laboratorios Eléctrica Inferior,22.39,Silence,0.0,23.77,Silence,0.0,0.0,0.0,0.0,0.0,0.0,0.0,0.0,0.0,0.0,23.95,22.3,21.21,-119,-1.5
2026-09-24 02:05:16,Salón - Extremo Eléctrica,14.9,Silence,0.0,16.02,Silence,0.0,0.0,0.0,0.0,0.0,0.0,0.0,0.0,0.0,0.0,16.04,14.95,14.14,-87,8.0
2026-09-24 02:05:20,Salón - Uma Eléctrica,43.29,Silence,0.0,43.91,Silence,0.0,0.0,0.0,0.0,0.0,0.0,0.0,0.0,0.0,0.0,43.73,43.26,42.62,-107,11.0
2026-09-24 02:06:52,Laboratorios Eléctrica Superior,12.75,Silence,0.0,13.44,Silence,0.0,0.0,0.0,0.0,0.0,0.0,0.0,0.0,0.0,0.0,13.18,12.8,12.05,-91,11.0
2026-09-24 02:07:13,Laboratorios Civil Inferior,39.78,Silence,0.0,40.19,Silence,0.0,0.0,0.0,0.0,0.0,0.0,0.0,0.0,0.0,0.0,40.17,39.74,39.19,-120,-11.2
2026-09-24 02:09:17,Laboratorios Civil Central,51.53,Group 1 (Common),84.72,52.59,Group 1 (Common),51.48,0.0,0.0,0.0,0.0,84.72,0.63,5.27,0.15,9.18,52.86,50.87,50.06,-118,-9.2
2026-09-24 02:09:23,Lobby Eléctrica,32.01,Silence,0.0,33.25,Silence,0.0,0.0,0.0,0.0,0.0,0.0,0.0,0.0,0.0,0.0,33.07,31.76,31.14,-109,9.2
2026-09-24 02:09:26,Pasillo Decanato Civil,19.45,Silence,0.0,20.03,Silence,0.0,0.0,0.0,0.0,0.0,0.0,0.0,0.0,0.0,0.0,20.45,19.52,18.74,-117,4.2
2026-09-24 02:09:38,Lobby Civil,37.32,Silence,0.0,38.26,Silence,0.0,0.0,0.0,0.0,0.0,0.0,0.0,0.0,0.0,0.0,38.01,37.34,36.62,-101,12.2
2026-09-24 02:09:44,Pasillo Salones Civil,14.33,Silence,0.0,15.46,Silence,0.0,0.0,0.0,0.0,0.0,0.0,0.0,0.0,0.0,0.0,15.51,13.92,13.79,-96,10.2
2026-09-24 02:09:45,Pasillo Salones Eléctrica,33.25,Silence,0.0,37.21,Silence,0.0,0.0,0.0,0.0,0.0,0.0,0.0,0.0,0.0,0.0,38.99,29.7,29.11,-103,8.8
2026-09-24 02:09:46,Laboratorios Civil Superior,31.62,Silence,0.0,33.67,Silence,0.0,0.0,0.0,0.0,0.0,0.0,0.0,0.0,0.0,0.0,33.89,31.96,29.55,-107,11.2
2026-09-24 02:09:47,Salón - Uma Civil,9.7,Silence,0.0,10.36,Silence,0.0,0.0,0.0,0.0,0.0,0.0,0.0,0.0,0.0,0.0,10.28,9.67,9.19,-109,10.5
2026-09-24 02:09:50,Laboratorios Eléctrica Centro,12.63,Silence,0.0,13.19,Silence,0.0,0.0,0.0,0.0,0.0,0.0,0.0,0.0,0.0,0.0,13.24,12.69,12.0,-105,11.8
2026-09-24 02:09:51,Pasillo Decanato Eléctrica,19.51,Silence,0.0,20.43,Silence,0.0,0.0,0.0,0.0,0.0,0.0,0.0,0.0,0.0,0.0,20.51,19.48,18.75,-117,-3.0
2026-09-24 02:09:57,Salón - Extremo Civil,13.37,Silence,0.0,13.79,Silence,0.0,0.0,0.0,0.0,0.0,0.0,0.0,0.0,0.0,0.0,13.84,13.34,12.93,-93,12.2
2026-09-24 02:10:16,Laboratorios Eléctrica Inferior,22.43,Silence,0.0,23.25,Silence,0.0,0.0,0.0,0.0,0.0,0.0,0.0,0.0,0.0,0.0,23.28,22.52,21.19,-118,-7.0
2026-09-24 02:10:16,Salón - Extremo Eléctrica,14.7,Silence,0.0,15.28,Silence,0.0,0.0,0.0,0.0,0.0,0.0,0.0,0.0,0.0,0.0,15.09,14.6,14.3,-102,9.2
2026-09-24 02:10:20,Salón - Uma Eléctrica,42.9,Silence,0.0,43.87,Silence,0.0,0.0,0.0,0.0,0.0,0.0,0.0,0.0,0.0,0.0,43.91,43.27,41.73,-117,-4.5
2026-09-24 02:11:52,Laboratorios Eléctrica Superior,19.56,Silence,0.0,20.65,Silence,0.0,0.0,0.0,0.0,0.0,0.0,0.0,0.0,0.0,0.0,20.72,19.69,18.31,-106,8.5
2026-09-24 02:14:17,Laboratorios Civil Central,51.83,Group 1 (Common),87.72,53.63,Group 1 (Common),51.58,0.0,0.0,0.0,0.0,87.72,0.0,0.0,0.0,12.11,53.31,52.41,50.31,-119,-4.2
2026-09-24 02:14:23,Lobby Eléctrica,32.33,Silence,0.0,38.62,Silence,0.0,0.0,0.0,0.0,0.0,0.0,0.0,0.0,0.0,0.0,37.65,29.69,26.47,-107,9.5
2026-09-24 02:14:26,Pasillo Decanato Civil,18.98,Silence,0.0,19.77,Silence,0.0,0.0,0.0,0.0,0.0,0.0,0.0,0.0,0.0,0.0,19.68,18.95,18.1,-104,9.2
2026-09-24 02:14:38,Lobby Civil,35.99,Silence,0.0,36.7,Silence,0.0,0.0,0.0,0.0,0.0,0.0,0.0,0.0,0.0,0.0,36.58,36.16,34.69,-109,2.5
2026-09-24 02:14:44,Pasillo Salones Civil,14.45,Silence,0.0,15.13,Silence,0.0,0.0,0.0,0.0,0.0,0.0,0.0,0.0,0.0,0.0,15.17,14.41,13.54,-101,10.0
2026-09-24 02:14:45,Pasillo Salones Eléctrica,28.66,Silence,0.0,29.68,Silence,0.0,0.0,0.0,0.0,0.0,0.0,0.0,0.0,0.0,0.0,29.84,28.4,27.91,-109,9.2
2026-09-24 02:14:46,Laboratorios Civil Superior,32.5,Silence,0.0,34.37,Silence,0.0,0.0,0.0,0.0,0.0,0.0,0.0,0.0,0.0,0.0,33.73,32.34,29.97,-108,6.0
2026-09-24 02:14:47,Salón - Uma Civil,10.65,Silence,0.0,11.37,Silence,0.0,0.0,0.0,0.0,0.0,0.0,0.0,0.0,0.0,0.0,11.27,10.61,9.71,-117,3.8
2026-09-24 02:14:50,Laboratorios Eléctrica Centro,27.82,Silence,0.0,41.26,Silence,0.0,0.0,0.0,0.0,0.0,0.0,0.0,0.0,0.0,0.0,37.76,23.87,22.75,-114,3.0
2026-09-24 02:14:51,Pasillo Decanato Eléctrica,19.33,Silence,0.0,20.19,Silence,0.0,0.0,0.0,0.0,0.0,0.0,0.0,0.0,0.0,0.0,19.77,19.47,18.64,-98,9.0
2026-09-24 02:14:56,Salón - Extremo Civil,13.6,Silence,0.0,14.36,Silence,0.0,0.0,0.0,0.0,0.0,0.0,0.0,0.0,0.0,0.0,14.12,13.54,13.0,-95,12.8
2026-09-24 02:15:16,Laboratorios Eléctrica Inferior,25.8,Silence,0.0,26.53,Silence,0.0,0.0,0.0,0.0,0.0,0.0,0.0,0.0,0.0,0.0,26.44,25.94,24.91,-107,-6.5
2026-09-24 02:15:21,Salón - Extremo Eléctrica,14.87,Silence,0.0,15.81,Silence,0.0,0.0,0.0,0.0,0.0,0.0,0.0,0.0,0.0,0.0,16.25,14.66,14.4,-85,10.5
2026-09-24 02:15:21,Salón - Uma Eléctrica,43.04,Silence,0.0,43.63,Silence,0.0,0.0,0.0,0.0,0.0,0.0,0.0,0.0,0.0,0.0,43.68,43.04,42.38,-107,7.5
2026-09-24 02:16:52,Laboratorios Eléctrica Superior,15.48,Silence,0.0,17.24,Silence,0.0,0.0,0.0,0.0,0.0,0.0,0.0,0.0,0.0,0.0,17.47,16.0,12.39,-109,8.0
2026-09-24 02:17:13,Laboratorios Civil Inferior,40.37,Silence,0.0,40.97,Silence,0.0,0.0,0.0,0.0,0.0,0.0,0.0,0.0,0.0,0.0,41.08,40.36,39.62,-121,-12.0
2026-09-24 02:19:17,Laboratorios Civil Central,51.5,Mixed,69.88,53.33,Group 1 (Common),51.77,0.0,50.37,0.0,0.0,69.88,2.21,20.79,0.13,6.99,53.7,51.43,49.34,-114,5.2
2026-09-24 02:19:23,Lobby Eléctrica,23.5,Silence,0.0,24.3,Silence,0.0,0.0,0.0,0.0,0.0,0.0,0.0,0.0,0.0,0.0,24.29,23.46,22.54,-114,-10.5
2026-09-24 02:19:26,Pasillo Decanato Civil,19.6,Silence,0.0,20.27,Silence,0.0,0.0,0.0,0.0,0.0,0.0,0.0,0.0,0.0,0.0,20.19,19.58,19.12,-115,-3.5
2026-09-24 02:19:38,Lobby Civil,39.6,Silence,0.0,41.17,Silence,0.0,0.0,0.0,0.0,0.0,0.0,0.0,0.0,0.0,0.0,41.37,39.79,37.37,-113,5.0
2026-09-24 02:19:44,Pasillo Salones Civil,16.46,Silence,0.0,17.01,Silence,0.0,0.0,0.0,0.0,0.0,0.0,0.0,0.0,0.0,0.0,17.05,16.33,16.14,-106,6.8
2026-09-24 02:19:45,Pasillo Salones Eléctrica,28.77,Silence,0.0,29.54,Silence,0.0,0.0,0.0,0.0,0.0,0.0,0.0,0.0,0.0,0.0,29.72,28.56,28.21,-99,12.8
2026-09-24 02:19:46,Laboratorios Civil Superior,30.65,Silence,0.0,31.99,Silence,0.0,0.0,0.0,0.0,0.0,0.0,0.0,0.0,0.0,0.0,31.7,30.87,28.55,-109,6.2
2026-09-24 02:19:47,Salón - Uma Civil,10.88,Silence,0.0,11.46,Silence,0.0,0.0,0.0,0.0,0.0,0.0,0.0,0.0,0.0,0.0,11.47,10.83,10.39,-115,4.8
2026-09-24 02:19:50,Laboratorios Eléctrica Centro,11.81,Silence,0.0,12.82,Silence,0.0,0.0,0.0,0.0,0.0,0.0,0.0,0.0,0.0,0.0,13.02,11.9,10.53,-115,2.2
2026-09-24 02:19:51,Pasillo Decanato Eléctrica,19.94,Silence,0.0,20.96,Silence,0.0,0.0,0.0,0.0,0.0,0.0,0.0,0.0,0.0,0.0,20.8,20.44,18.36,-118,-4.8
2026-09-24 02:19:56,Salón - Extremo Civil,14.09,Silence,0.0,14.7,Silence,0.0,0.0,0.0,0.0,0.0,0.0,0.0,0.0,0.0,0.0,14.59,14.08,13.13,-91,12.2
2026-09-24 02:20:16,Laboratorios Eléctrica Inferior,22.2,Silence,0.0,23.12,Silence,0.0,0.0,0.0,0.0,0.0,0.0,0.0,0.0,0.0,0.0,22.91,22.24,21.41,-114,4.0
2026-09-24 02:20:16,Salón - Extremo Eléctrica,14.58,Silence,0.0,15.28,Silence,0.0,0.0,0.0,0.0,0.0,0.0,0.0,0.0,0.0,0.0,15.21,14.61,13.79,-96,8.0
2026-09-24 02:20:20,Salón - Uma Eléctrica,43.55,Silence,0.0,44.42,Silence,0.0,0.0,0.0,0.0,0.0,0.0,0.0,0.0,0.0,0.0,44.27,43.74,42.2,-105,10.8
2026-09-24 02:21:52,Laboratorios Eléctrica Superior,14.73,Silence,0.0,18.5,Silence,0.0,0.0,0.0,0.0,0.0,0.0,0.0,0.0,0.0,0.0,19.6,13.34,11.82,-99,12.8
2026-09-24 02:22:13,Laboratorios Civil Inferior,39.8,Silence,0.0,40.42,Silence,0.0,0.0,0.0,0.0,0.0,0.0,0.0,0.0,0.0,0.0,40.37,39.78,39.06,-120,-12.8
2026-09-24 02:24:17,Laboratorios Civil Central,52.05,Group 1 (Common),75.48,53.73,Group 1 (Common),51.88,0.0,51.19,0.0,0.0,75.48,0.61,15.06,0.22,8.64,53.56,52.19,50.66,-107,10.0
2026-09-24 02:24:23,Lobby Eléctrica,25.27,Silence,0.0,25.98,Silence,0.0,0.0,0.0,0.0,0.0,0.0,0.0,0.0,0.0,0.0,25.89,25.38,24.34,-111,9.0
2026-09-24 02:24:26,Pasillo Decanato Civil,19.39,Silence,0.0,20.63,Silence,0.0,0.0,0.0,0.0,0.0,0.0,0.0,0.0,0.0,0.0,20.0,19.62,18.74,-103,12.0
2026-09-24 02:24:38,Lobby Civil,38.9,Silence,0.0,40.9,Silence,0.0,0.0,0.0,0.0,0.0,0.0,0.0,0.0,0.0,0.0,40.91,38.39,37.06,-95,12.5
2026-09-24 02:24:44,Pasillo Salones Civil,14.56,Silence,0.0,15.23,Silence,0.0,0.0,0.0,0.0,0.0,0.0,0.0,0.0,0.0,0.0,15.26,14.48,14.14,-96,8.2
2026-09-24 02:24:45,Pasillo Salones Eléctrica,29.1,Silence,0.0,30.17,Silence,0.0,0.0,0.0,0.0,0.0,0.0,0.0,0.0,0.0,0.0,29.99,29.34,28.17,-114,5.8
2026-09-24 02:24:46,Laboratorios Civil Superior,30.03,Silence,0.0,31.54,Silence,0.0,0.0,0.0,0.0,0.0,0.0,0.0,0.0,0.0,0.0,31.18,30.1,28.58,-105,11.0
2026-09-24 02:24:47,Salón - Uma Civil,11.32,Silence,0.0,12.27,Silence,0.0,0.0,0.0,0.0,0.0,0.0,0.0,0.0,0.0,0.0,12.18,11.11,10.82,-120,-5.0
2026-09-24 02:24:50,Laboratorios Eléctrica Centro,14.13,Silence,0.0,15.06,Silence,0.0,0.0,0.0,0.0,0.0,0.0,0.0,0.0,0.0,0.0,14.89,14.11,13.16,-104,9.8
2026-09-24 02:24:51,Pasillo Decanato Eléctrica,19.29,Silence,0.0,20.17,Silence,0.0,0.0,0.0,0.0,0.0,0.0,0.0,0.0,0.0,0.0,19.98,19.27,18.37,-101,12.0
2026-09-24 02:24:56,Salón - Extremo Civil,13.54,Silence,0.0,14.18,Silence,0.0,0.0,0.0,0.0,0.0,0.0,0.0,0.0,0.0,0.0,14.01,13.77,12.88,-99,13.5
2026-09-24 02:25:16,Laboratorios Eléctrica Inferior,23.3,Silence,0.0,24.24,Silence,0.0,0.0,0.0,0.0,0.0,0.0,0.0,0.0,0.0,0.0,24.55,22.89,22.7,-120,-3.8
2026-09-24 02:25:16,Salón - Extremo Eléctrica,14.86,Silence,0.0,15.67,Silence,0.0,0.0,0.0,0.0,0.0,0.0,0.0,0.0,0.0,0.0,15.51,15.03,13.91,-99,9.0
2026-09-24 02:25:20,Salón - Uma Eléctrica,44.38,Silence,0.0,45.02,Silence,0.0,0.0,0.0,0.0,0.0,0.0,0.0,0.0,0.0,0.0,45.1,44.34,43.61,-119,1.5
2026-09-24 02:26:52,Laboratorios Eléctrica Superior,13.22,Silence,0.0,14.51,Silence,0.0,0.0,0.0,0.0,0.0,0.0,0.0,0.0,0.0,0.0,13.86,13.25,12.31,-104,8.2
2026-09-24 02:27:13,Laboratorios Civil Inferior,39.59,Silence,0.0,39.98,Silence,0.0,0.0,0.0,0.0,0.0,0.0,0.0,0.0,0.0,0.0,39.84,39.71,39.24,-119,-7.2
2026-09-24 02:29:17,Laboratorios Civil Central,49.61,Mixed,57.07,52.38,Group 1 (Common),50.03,0.0,47.67,0.0,47.68,57.07,3.39,14.58,0.0,25.04,53.42,48.8,47.23,-113,5.0
2026-09-24 02:29:23,Lobby Eléctrica,37.35,Silence,0.0,42.92,Silence,0.0,0.0,0.0,0.0,0.0,0.0,0.0,0.0,0.0,0.0,43.3,33.79,28.52,-109,7.0
2026-09-24 02:29:26,Pasillo Decanato Civil,19.27,Silence,0.0,20.38,Silence,0.0,0.0,0.0,0.0,0.0,0.0,0.0,0.0,0.0,0.0,19.85,19.22,18.82,-107,9.0
2026-09-24 02:29:38,Lobby Civil,38.84,Silence,0.0,39.72,Silence,0.0,0.0,0.0,0.0,0.0,0.0,0.0,0.0,0.0,0.0,39.39,38.8,37.95,-109,5.0
2026-09-24 02:29:45,Pasillo Salones Civil,14.35,Silence,0.0,15.04,Silence,0.0,0.0,0.0,0.0,0.0,0.0,0.0,0.0,0.0,0.0,15.21,14.32,13.59,-92,0.2
2026-09-24 02:29:45,Pasillo Salones Eléctrica,28.67,Silence,0.0,29.17,Silence,0.0,0.0,0.0,0.0,0.0,0.0,0.0,0.0,0.0,0.0,29.03,28.78,27.89,-97,12.2
2026-09-24 02:29:46,Laboratorios Civil Superior,34.34,Silence,0.0,35.43,Silence,0.0,0.0,0.0,0.0,0.0,0.0,0.0,0.0,0.0,0.0,35.51,34.11,32.58,-108,7.5
2026-09-24 02:29:47,Salón - Uma Civil,9.1,Silence,0.0,9.65,Silence,0.0,0.0,0.0,0.0,0.0,0.0,0.0,0.0,0.0,0.0,9.67,9.04,8.59,-119,-2.5
2026-09-24 02:29:50,Laboratorios Eléctrica Centro,24.92,Silence,0.0,30.59,Silence,0.0,0.0,0.0,0.0,0.0,0.0,0.0,0.0,0.0,0.0,31.83,23.43,22.87,-113,2.8
2026-09-24 02:29:51,Pasillo Decanato Eléctrica,18.92,Silence,0.0,19.73,Silence,0.0,0.0,0.0,0.0,0.0,0.0,0.0,0.0,0.0,0.0,19.76,18.89,18.36,-118,-10.5
2026-09-24 02:29:56,Salón - Extremo Civil,13.48,Silence,0.0,13.9,Silence,0.0,0.0,0.0,0.0,0.0,0.0,0.0,0.0,0.0,0.0,13.83,13.63,12.76,-99,13.2
2026-09-24 02:30:16,Laboratorios Eléctrica Inferior,26.47,Silence,0.0,29.72,Silence,0.0,0.0,0.0,0.0,0.0,0.0,0.0,0.0,0.0,0.0,27.35,26.66,25.48,-109,9.5
2026-09-24 02:30:16,Salón - Extremo Eléctrica,14.61,Silence,0.0,15.32,Silence,0.0,0.0,0.0,0.0,0.0,0.0,0.0,0.0,0.0,0.0,15.06,14.6,14.0,-96,10.2
2026-09-24 02:30:20,Salón - Uma Eléctrica,43.53,Silence,0.0,44.23,Silence,0.0,0.0,0.0,0.0,0.0,0.0,0.0,0.0,0.0,0.0,44.36,43.5,42.46,-117,-4.0
2026-09-24 02:31:52,Laboratorios Eléctrica Superior,19.0,Silence,0.0,21.12,Silence,0.0,0.0,0.0,0.0,0.0,0.0,0.0,0.0,0.0,0.0,21.06,19.11,16.42,-119,0.5
2026-09-24 02:32:13,Laboratorios Civil Inferior,40.96,Silence,0.0,41.7,Silence,0.0,0.0,0.0,0.0,0.0,0.0,0.0,0.0,0.0,0.0,41.64,41.03,40.05,-120,-14.2
2026-09-24 02:34:17,Laboratorios Civil Central,52.29,Group 1 (Common),96.22,54.3,Group 1 (Common),51.91,0.0,0.0,0.0,0.0,96.22,0.0,0.0,0.0,3.69,55.08,51.8,49.63,-108,9.8
2026-09-24 02:34:23,Lobby Eléctrica,47.1,Mixed,46.48,48.91,Group 3 (Rotary Tool),47.19,42.46,47.45,0.0,0.0,5.64,45.75,46.48,0.13,2.0,49.05,47.52,38.76,-94,11.8
2026-09-24 02:34:27,Pasillo Decanato Civil,19.98,Silence,0.0,21.24,Silence,0.0,0.0,0.0,0.0,0.0,0.0,0.0,0.0,0.0,0.0,20.95,19.86,19.33,-109,10.2
2026-09-24 02:34:38,Lobby Civil,47.09,Group 5 (Vehicle),85.42,48.25,Group 5 (Vehicle),0.0,47.27,0.0,0.0,47.36,3.47,7.51,1.3,2.34,85.42,47.74,47.23,46.27,-97,12.5
2026-09-24 02:34:45,Pasillo Salones Civil,15.98,Silence,0.0,16.68,Silence,0.0,0.0,0.0,0.0,0.0,0.0,0.0,0.0,0.0,0.0,16.84,16.11,15.0,-111,6.8
2026-09-24 02:34:45,Pasillo Salones Eléctrica,29.33,Silence,0.0,29.99,Silence,0.0,0.0,0.0,0.0,0.0,0.0,0.0,0.0,0.0,0.0,30.0,29.25,28.72,-103,11.5
2026-09-24 02:34:46,Laboratorios Civil Superior,31.14,Silence,0.0,32.46,Silence,0.0,0.0,0.0,0.0,0.0,0.0,0.0,0.0,0.0,0.0,32.21,31.05,29.95,-107,12.0
2026-09-24 02:34:47,Salón - Uma Civil,10.2,Silence,0.0,11.09,Silence,0.0,0.0,0.0,0.0,0.0,0.0,0.0,0.0,0.0,0.0,10.94,10.11,9.21,-108,4.8
2026-09-24 02:34:50,Laboratorios Eléctrica Centro,36.99,Silence,0.0,40.95,Silence,0.0,0.0,0.0,0.0,0.0,0.0,0.0,0.0,0.0,0.0,41.76,37.71,22.77,-115,0.8
2026-09-24 02:34:51,Pasillo Decanato Eléctrica,19.51,Silence,0.0,20.53,Silence,0.0,0.0,0.0,0.0,0.0,0.0,0.0,0.0,0.0,0.0,20.52,19.48,18.64,-119,-8.0
2026-09-24 02:34:56,Salón - Extremo Civil,13.24,Silence,0.0,13.89,Silence,0.0,0.0,0.0,0.0,0.0,0.0,0.0,0.0,0.0,0.0,13.86,13.16,12.97,-91,13.2
2026-09-24 02:35:16,Laboratorios Eléctrica Inferior,24.19,Silence,0.0,27.47,Silence,0.0,0.0,0.0,0.0,0.0,0.0,0.0,0.0,0.0,0.0,27.46,23.48,21.89,-111,7.5
2026-09-24 02:35:16,Salón - Extremo Eléctrica,14.79,Silence,0.0,15.46,Silence,0.0,0.0,0.0,0.0,0.0,0.0,0.0,0.0,0.0,0.0,15.49,14.65,14.08,-98,8.8
2026-09-24 02:35:20,Salón - Uma Eléctrica,43.05,Silence,0.0,44.2,Silence,0.0,0.0,0.0,0.0,0.0,0.0,0.0,0.0,0.0,0.0,44.12,42.88,42.4,-119,-6.2
2026-09-24 02:36:52,Laboratorios Eléctrica Superior,12.63,Silence,0.0,13.97,Silence,0.0,0.0,0.0,0.0,0.0,0.0,0.0,0.0,0.0,0.0,13.89,12.38,11.79,-97,11.5
2026-09-24 02:37:13,Laboratorios Civil Inferior,39.13,Silence,0.0,40.01,Silence,0.0,0.0,0.0,0.0,0.0,0.0,0.0,0.0,0.0,0.0,40.11,38.94,38.27,-121,-10.2
2026-09-24 02:39:17,Laboratorios Civil Central,51.93,Group 1 (Common),71.05,54.06,Group 1 (Common),51.64,0.0,0.0,0.0,0.0,71.05,1.56,2.13,0.0,25.09,53.97,51.97,49.53,-119,-3.8
2026-09-24 02:39:23,Lobby Eléctrica,29.5,Silence,0.0,30.74,Silence,0.0,0.0,0.0,0.0,0.0,0.0,0.0,0.0,0.0,0.0,30.83,29.55,28.58,-109,8.8
2026-09-24 02:39:26,Pasillo Decanato Civil,19.97,Silence,0.0,20.51,Silence,0.0,0.0,0.0,0.0,0.0,0.0,0.0,0.0,0.0,0.0,20.63,19.96,19.47,-120,-6.2
2026-09-24 02:39:38,Lobby Civil,36.99,Silence,0.0,40.2,Silence,0.0,0.0,0.0,0.0,0.0,0.0,0.0,0.0,0.0,0.0,41.75,36.13,33.98,-111,3.2
2026-09-24 02:39:45,Pasillo Salones Civil,14.02,Silence,0.0,14.64,Silence,0.0,0.0,0.0,0.0,0.0,0.0,0.0,0.0,0.0,0.0,14.36,14.06,13.72,-96,7.5
2026-09-24 02:39:45,Pasillo Salones Eléctrica,28.79,Silence,0.0,29.7,Silence,0.0,0.0,0.0,0.0,0.0,0.0,0.0,0.0,0.0,0.0,29.84,28.79,27.89,-109,8.0
2026-09-24 02:39:46,Laboratorios Civil Superior,31.47,Silence,0.0,33.0,Silence,0.0,0.0,0.0,0.0,0.0,0.0,0.0,0.0,0.0,0.0,32.73,31.93,29.5,-113,3.5
2026-09-24 02:39:47,Salón - Uma Civil,9.7,Silence,0.0,10.45,Silence,0.0,0.0,0.0,0.0,0.0,0.0,0.0,0.0,0.0,0.0,10.65,9.7,9.25,-115,-0.5
2026-09-24 02:39:50,Laboratorios Eléctrica Centro,12.36,Silence,0.0,13.0,Silence,0.0,0.0,0.0,0.0,0.0,0.0,0.0,0.0,0.0,0.0,13.07,12.46,11.3,-115,0.5
2026-09-24 02:39:51,Pasillo Decanato Eléctrica,18.56,Silence,0.0,19.77,Silence,0.0,0.0,0.0,0.0,0.0,0.0,0.0,0.0,0.0,0.0,19.06,18.68,17.69,-119,-2.5
2026-09-24 02:39:56,Salón - Extremo Civil,13.67,Silence,0.0,14.19,Silence,0.0,0.0,0.0,0.0,0.0,0.0,0.0,0.0,0.0,0.0,14.09,13.69,13.16,-95,13.8
2026-09-24 02:40:16,Laboratorios Eléctrica Inferior,21.71,Silence,0.0,22.36,Silence,0.0,0.0,0.0,0.0,0.0,0.0,0.0,0.0,0.0,0.0,22.1,21.64,21.12,-109,8.0
2026-09-24 02:40:16,Salón - Extremo Eléctrica,14.69,Silence,0.0,15.12,Silence,0.0,0.0,0.0,0.0,0.0,0.0,0.0,0.0,0.0,0.0,15.08,14.76,14.31,-95,8.8
2026-09-24 02:40:20,Salón - Uma Eléctrica,43.35,Silence,0.0,44.41,Silence,0.0,0.0,0.0,0.0,0.0,0.0,0.0,0.0,0.0,0.0,43.98,43.13,42.87,-103,10.8
2026-09-24 02:41:53,Laboratorios Eléctrica Superior,14.96,Silence,0.0,15.92,Silence,0.0,0.0,0.0,0.0,0.0,0.0,0.0,0.0,0.0,0.0,15.82,14.99,14.07,-95,10.8
2026-09-24 02:44:17,Laboratorios Civil Central,50.07,Group 1 (Common),79.3,51.86,Group 1 (Common),49.89,0.0,0.0,0.0,0.0,79.3,2.2,1.9,0.15,16.6,51.75,49.72,47.65,-111,5.5
2026-09-24 02:44:23,Lobby Eléctrica,25.37,Silence,0.0,26.21,Silence,0.0,0.0,0.0,0.0,0.0,0.0,0.0,0.0,0.0,0.0,26.3,25.46,24.74,-99,13.5
2026-09-24 02:44:27,Pasillo Decanato Civil,21.53,Silence,0.0,22.83,Silence,0.0,0.0,0.0,0.0,0.0,0.0,0.0,0.0,0.0,0.0,23.54,21.02,20.87,-115,-0.5
2026-09-24 02:44:38,Lobby Civil,37.83,Silence,0.0,38.39,Silence,0.0,0.0,0.0,0.0,0.0,0.0,0.0,0.0,0.0,0.0,38.51,37.87,36.97,-113,7.0
2026-09-24 02:44:45,Pasillo Salones Civil,14.36,Silence,0.0,14.98,Silence,0.0,0.0,0.0,0.0,0.0,0.0,0.0,0.0,0.0,0.0,15.02,14.19,13.76,-108,8.0
2026-09-24 02:44:45,Pasillo Salones Eléctrica,28.74,Silence,0.0,29.64,Silence,0.0,0.0,0.0,0.0,0.0,0.0,0.0,0.0,0.0,0.0,29.8,28.54,27.82,-103,12.2
2026-09-24 02:44:46,Laboratorios Civil Superior,31.31,Silence,0.0,32.68,Silence,0.0,0.0,0.0,0.0,0.0,0.0,0.0,0.0,0.0,0.0,32.9,31.09,30.06,-114,4.8
2026-09-24 02:44:47,Salón - Uma Civil,10.16,Silence,0.0,11.76,Silence,0.0,0.0,0.0,0.0,0.0,0.0,0.0,0.0,0.0,0.0,12.31,9.96,8.75,-119,-2.5
2026-09-24 02:44:50,Laboratorios Eléctrica Centro,12.29,Silence,0.0,12.99,Silence,0.0,0.0,0.0,0.0,0.0,0.0,0.0,0.0,0.0,0.0,12.95,12.1,11.32,-115,3.0
2026-09-24 02:44:51,Pasillo Decanato Eléctrica,19.08,Silence,0.0,19.94,Silence,0.0,0.0,0.0,0.0,0.0,0.0,0.0,0.0,0.0,0.0,20.19,18.92,18.03,-119,-4.8
2026-09-24 02:44:56,Salón - Extremo Civil,13.16,Silence,0.0,13.87,Silence,0.0,0.0,0.0,0.0,0.0,0.0,0.0,0.0,0.0,0.0,14.1,13.18,12.4,-101,13.2
2026-09-24 02:45:16,Laboratorios Eléctrica Inferior,22.1,Silence,0.0,22.86,Silence,0.0,0.0,0.0,0.0,0.0,0.0,0.0,0.0,0.0,0.0,22.82,21.99,21.23,-118,-0.5
2026-09-24 02:45:16,Salón - Extremo Eléctrica,14.31,Silence,0.0,14.84,Silence,0.0,0.0,0.0,0.0,0.0,0.0,0.0,0.0,0.0,0.0,14.71,14.28,13.93,-84,10.2
2026-09-24 02:45:20,Salón - Uma Eléctrica,43.16,Silence,0.0,43.88,Silence,0.0,0.0,0.0,0.0,0.0,0.0,0.0,0.0,0.0,0.0,43.89,43.11,42.37,-107,10.8
2026-09-24 02:46:52,Laboratorios Eléctrica Superior,17.17,Silence,0.0,19.16,Silence,0.0,0.0,0.0,0.0,0.0,0.0,0.0,0.0,0.0,0.0,19.78,17.56,14.07,-107,9.8
2026-09-24 02:47:13,Laboratorios Civil Inferior,39.48,Silence,0.0,40.2,Silence,0.0,0.0,0.0,0.0,0.0,0.0,0.0,0.0,0.0,0.0,40.2,39.3,38.75,-120,-7.5
2026-09-24 02:49:17,Laboratorios Civil Central,50.98,Group 1 (Common),73.58,53.51,Group 1 (Common),50.76,0.0,53.09,0.0,0.0,73.58,1.12,10.21,0.2,14.84,53.41,49.68,48.41,-109,10.8
2026-09-24 02:49:23,Lobby Eléctrica,24.89,Silence,0.0,25.67,Silence,0.0,0.0,0.0,0.0,0.0,0.0,0.0,0.0,0.0,0.0,25.5,24.96,23.84,-109,5.5
2026-09-24 02:49:27,Pasillo Decanato Civil,20.48,Silence,0.0,21.22,Silence,0.0,0.0,0.0,0.0,0.0,0.0,0.0,0.0,0.0,0.0,21.04,20.37,19.98,-101,13.2
2026-09-24 02:49:38,Lobby Civil,38.2,Silence,0.0,38.89,Silence,0.0,0.0,0.0,0.0,0.0,0.0,0.0,0.0,0.0,0.0,39.26,38.23,37.26,-101,12.5
2026-09-24 02:49:45,Pasillo Salones Civil,37.93,Silence,0.0,41.51,Silence,0.0,0.0,0.0,0.0,0.0,0.0,0.0,0.0,0.0,0.0,41.47,38.16,15.17,-107,7.2
2026-09-24 02:49:45,Pasillo Salones Eléctrica,28.6,Silence,0.0,29.74,Silence,0.0,0.0,0.0,0.0,0.0,0.0,0.0,0.0,0.0,0.0,29.63,28.51,28.01,-111,7.2
2026-09-24 02:49:46,Laboratorios Civil Superior,30.14,Silence,0.0,31.3,Silence,0.0,0.0,0.0,0.0,0.0,0.0,0.0,0.0,0.0,0.0,31.29,30.14,28.19,-115,2.8
2026-09-24 02:49:47,Salón - Uma Civil,9.19,Silence,0.0,9.87,Silence,0.0,0.0,0.0,0.0,0.0,0.0,0.0,0.0,0.0,0.0,9.9,9.24,8.41,-115,0.2
2026-09-24 02:49:50,Laboratorios Eléctrica Centro,27.14,Silence,0.0,34.8,Silence,0.0,0.0,0.0,0.0,0.0,0.0,0.0,0.0,0.0,0.0,35.53,15.97,13.12,-118,-2.2
2026-09-24 02:49:51,Pasillo Decanato Eléctrica,19.56,Silence,0.0,21.32,Silence,0.0,0.0,0.0,0.0,0.0,0.0,0.0,0.0,0.0,0.0,21.43,19.14,18.44,-119,-11.5
2026-09-24 02:49:56,Salón - Extremo Civil,13.7,Silence,0.0,15.41,Silence,0.0,0.0,0.0,0.0,0.0,0.0,0.0,0.0,0.0,0.0,15.4,13.37,12.78,-96,11.5
2026-09-24 02:50:16,Laboratorios Eléctrica Inferior,23.04,Silence,0.0,23.77,Silence,0.0,0.0,0.0,0.0,0.0,0.0,0.0,0.0,0.0,0.0,23.83,22.96,22.52,-117,-3.0
2026-09-24 02:50:16,Salón - Extremo Eléctrica,14.69,Silence,0.0,15.3,Silence,0.0,0.0,0.0,0.0,0.0,0.0,0.0,0.0,0.0,0.0,15.23,14.65,14.25,-97,9.5
2026-09-24 02:50:20,Salón - Uma Eléctrica,43.59,Silence,0.0,44.22,Silence,0.0,0.0,0.0,0.0,0.0,0.0,0.0,0.0,0.0,0.0,43.98,43.74,42.89,-107,10.8
2026-09-24 02:51:52,Laboratorios Eléctrica Superior,13.36,Silence,0.0,14.24,Silence,0.0,0.0,0.0,0.0,0.0,0.0,0.0,0.0,0.0,0.0,14.52,13.26,12.41,-101,13.5
2026-09-24 02:52:13,Laboratorios Civil Inferior,40.06,Silence,0.0,40.67,Silence,0.0,0.0,0.0,0.0,0.0,0.0,0.0,0.0,0.0,0.0,40.36,40.27,39.52,-117,-3.5
2026-09-24 02:54:17,Laboratorios Civil Central,49.86,Group 1 (Common),78.21,52.66,Group 1 (Common),50.37,0.0,50.8,0.0,0.0,78.21,0.78,11.28,0.09,9.59,52.64,49.48,46.31,-114,2.8
2026-09-24 02:54:23,Lobby Eléctrica,24.28,Silence,0.0,24.89,Silence,0.0,0.0,0.0,0.0,0.0,0.0,0.0,0.0,0.0,0.0,24.92,24.22,23.26,-108,9.2
2026-09-24 02:54:27,Pasillo Decanato Civil,19.91,Silence,0.0,20.67,Silence,0.0,0.0,0.0,0.0,0.0,0.0,0.0,0.0,0.0,0.0,20.87,19.75,19.39,-109,9.8
2026-09-24 02:54:38,Lobby Civil,35.1,Silence,0.0,37.51,Silence,0.0,0.0,0.0,0.0,0.0,0.0,0.0,0.0,0.0,0.0,36.12,34.65,33.57,-101,9.5
2026-09-24 02:54:45,Pasillo Salones Civil,17.68,Silence,0.0,26.61,Silence,0.0,0.0,0.0,0.0,0.0,0.0,0.0,0.0,0.0,0.0,22.88,16.73,14.17,-100,9.2
2026-09-24 02:54:45,Pasillo Salones Eléctrica,28.8,Silence,0.0,29.86,Silence,0.0,0.0,0.0,0.0,0.0,0.0,0.0,0.0,0.0,0.0,29.28,28.85,28.14,-96,11.2
2026-09-24 02:54:46,Laboratorios Civil Superior,30.39,Silence,0.0,32.59,Silence,0.0,0.0,0.0,0.0,0.0,0.0,0.0,0.0,0.0,0.0,33.0,29.99,29.13,-106,8.8
2026-09-24 02:54:47,Salón - Uma Civil,9.13,Silence,0.0,9.48,Silence,0.0,0.0,0.0,0.0,0.0,0.0,0.0,0.0,0.0,0.0,9.36,9.08,8.91,-108,7.0
2026-09-24 02:54:50,Laboratorios Eléctrica Centro,12.05,Silence,0.0,12.76,Silence,0.0,0.0,0.0,0.0,0.0,0.0,0.0,0.0,0.0,0.0,12.78,11.98,11.54,-117,2.8
2026-09-24 02:54:51,Pasillo Decanato Eléctrica,19.67,Silence,0.0,20.55,Silence,0.0,0.0,0.0,0.0,0.0,0.0,0.0,0.0,0.0,0.0,20.42,19.71,19.05,-97,8.8
2026-09-24 02:54:56,Salón - Extremo Civil,20.48,Silence,0.0,27.44,Silence,0.0,0.0,0.0,0.0,0.0,0.0,0.0,0.0,0.0,0.0,28.21,14.58,13.75,-93,12.2
2026-09-24 02:55:16,Laboratorios Eléctrica Inferior,21.83,Silence,0.0,22.81,Silence,0.0,0.0,0.0,0.0,0.0,0.0,0.0,0.0,0.0,0.0,22.7,21.75,20.69,-113,6.2
2026-09-24 02:55:16,Salón - Extremo Eléctrica,14.6,Silence,0.0,15.4,Silence,0.0,0.0,0.0,0.0,0.0,0.0,0.0,0.0,0.0,0.0,15.5,14.46,13.86,-99,9.8
2026-09-24 02:55:20,Salón - Uma Eléctrica,43.29,Silence,0.0,43.91,Silence,0.0,0.0,0.0,0.0,0.0,0.0,0.0,0.0,0.0,0.0,44.03,43.33,42.41,-120,-7.5
2026-09-24 02:56:53,Laboratorios Eléctrica Superior,14.1,Silence,0.0,15.12,Silence,0.0,0.0,0.0,0.0,0.0,0.0,0.0,0.0,0.0,0.0,15.34,14.16,13.05,-96,9.0
2026-09-24 02:57:13,Laboratorios Civil Inferior,39.65,Silence,0.0,40.34,Silence,0.0,0.0,0.0,0.0,0.0,0.0,0.0,0.0,0.0,0.0,40.27,39.77,38.48,-120,-8.8
2026-09-24 02:59:17,Laboratorios Civil Central,52.41,Group 1 (Common),74.31,54.67,Group 1 (Common),52.31,0.0,48.39,0.0,0.0,74.31,1.52,12.59,0.0,11.46,55.19,52.18,50.23,-119,-7.0
2026-09-24 02:59:23,Lobby Eléctrica,27.2,Silence,0.0,27.88,Silence,0.0,0.0,0.0,0.0,0.0,0.0,0.0,0.0,0.0,0.0,27.97,27.03,26.63,-113,8.5
2026-09-24 02:59:27,Pasillo Decanato Civil,19.37,Silence,0.0,20.08,Silence,0.0,0.0,0.0,0.0,0.0,0.0,0.0,0.0,0.0,0.0,19.92,19.45,18.87,-99,11.8
2026-09-24 02:59:39,Lobby Civil,32.51,Silence,0.0,33.83,Silence,0.0,0.0,0.0,0.0,0.0,0.0,0.0,0.0,0.0,0.0,33.98,32.21,31.71,-105,12.0
2026-09-24 02:59:45,Pasillo Salones Civil,27.25,Silence,0.0,29.26,Silence,0.0,0.0,0.0,0.0,0.0,0.0,0.0,0.0,0.0,0.0,29.83,27.46,22.99,-107,7.8
2026-09-24 02:59:45,Pasillo Salones Eléctrica,28.68,Silence,0.0,30.01,Silence,0.0,0.0,0.0,0.0,0.0,0.0,0.0,0.0,0.0,0.0,29.84,28.29,27.55,-113,7.8
2026-09-24 02:59:46,Laboratorios Civil Superior,31.1,Silence,0.0,32.92,Silence,0.0,0.0,0.0,0.0,0.0,0.0,0.0,0.0,0.0,0.0,32.81,30.91,29.38,-113,4.5
2026-09-24 02:59:47,Salón - Uma Civil,26.96,Silence,0.0,32.12,Silence,0.0,0.0,0.0,0.0,0.0,0.0,0.0,0.0,0.0,0.0,34.27,26.14,19.8,-109,8.8
2026-09-24 02:59:50,Laboratorios Eléctrica Centro,12.03,Silence,0.0,13.3,Silence,0.0,0.0,0.0,0.0,0.0,0.0,0.0,0.0,0.0,0.0,13.02,11.97,10.67,-105,9.8
2026-09-24 02:59:51,Pasillo Decanato Eléctrica,19.17,Silence,0.0,19.77,Silence,0.0,0.0,0.0,0.0,0.0,0.0,0.0,0.0,0.0,0.0,19.94,19.25,18.23,-102,12.2
2026-09-24 02:59:56,Salón - Extremo Civil,18.47,Silence,0.0,25.95,Silence,0.0,0.0,0.0,0.0,0.0,0.0,0.0,0.0,0.0,0.0,24.68,14.76,13.52,-99,12.8
2026-09-24 03:00:16,Laboratorios Eléctrica Inferior,21.98,Silence,0.0,22.69,Silence,0.0,0.0,0.0,0.0,0.0,0.0,0.0,0.0,0.0,0.0,22.53,21.95,21.31,-109,6.2
2026-09-24 03:00:16,Salón - Extremo Eléctrica,14.87,Silence,0.0,15.31,Silence,0.0,0.0,0.0,0.0,0.0,0.0,0.0,0.0,0.0,0.0,15.34,14.75,14.43,-99,10.5
2026-09-24 03:00:20,Salón - Uma Eléctrica,43.31,Silence,0.0,44.29,Silence,0.0,0.0,0.0,0.0,0.0,0.0,0.0,0.0,0.0,0.0,44.42,43.6,42.23,-117,-5.5
2026-09-24 03:01:53,Laboratorios Eléctrica Superior,18.38,Silence,0.0,19.99,Silence,0.0,0.0,0.0,0.0,0.0,0.0,0.0,0.0,0.0,0.0,19.91,18.44,15.07,-96,11.5
2026-09-24 03:02:13,Laboratorios Civil Inferior,39.19,Silence,0.0,39.67,Silence,0.0,0.0,0.0,0.0,0.0,0.0,0.0,0.0,0.0,0.0,39.58,39.25,38.67,-115,-2.8
2026-09-24 03:04:17,Laboratorios Civil Central,50.4,Group 1 (Common),74.78,51.81,Group 1 (Common),50.52,0.0,50.12,0.0,0.0,74.78,2.34,11.81,0.09,11.02,51.83,50.26,48.77,-113,3.8
2026-09-24 03:04:27,Pasillo Decanato Civil,19.37,Silence,0.0,20.14,Silence,0.0,0.0,0.0,0.0,0.0,0.0,0.0,0.0,0.0,0.0,20.0,19.54,18.83,-111,7.2
2026-09-24 03:04:39,Lobby Civil,47.38,Group 1 (Common),95.1,48.22,Group 1 (Common),47.41,0.0,0.0,0.0,0.0,95.1,2.13,0.0,0.26,2.6,48.01,47.44,46.17,-102,12.0
2026-09-24 03:04:45,Pasillo Salones Civil,14.32,Silence,0.0,14.82,Silence,0.0,0.0,0.0,0.0,0.0,0.0,0.0,0.0,0.0,0.0,14.8,14.47,13.52,-99,9.2
2026-09-24 03:04:45,Pasillo Salones Eléctrica,29.21,Silence,0.0,30.19,Silence,0.0,0.0,0.0,0.0,0.0,0.0,0.0,0.0,0.0,0.0,30.44,28.99,27.77,-115,3.8
2026-09-24 03:04:46,Laboratorios Civil Superior,31.26,Silence,0.0,32.71,Silence,0.0,0.0,0.0,0.0,0.0,0.0,0.0,0.0,0.0,0.0,32.56,31.41,29.67,-117,0.8
2026-09-24 03:04:47,Salón - Uma Civil,9.6,Silence,0.0,10.2,Silence,0.0,0.0,0.0,0.0,0.0,0.0,0.0,0.0,0.0,0.0,10.12,9.7,8.91,-118,-3.5
2026-09-24 03:04:50,Laboratorios Eléctrica Centro,11.98,Silence,0.0,12.85,Silence,0.0,0.0,0.0,0.0,0.0,0.0,0.0,0.0,0.0,0.0,12.58,11.93,11.43,-106,9.5
2026-09-24 03:04:51,Pasillo Decanato Eléctrica,19.12,Silence,0.0,19.85,Silence,0.0,0.0,0.0,0.0,0.0,0.0,0.0,0.0,0.0,0.0,19.34,19.32,18.38,-99,11.0
2026-09-24 03:04:56,Salón - Extremo Civil,13.59,Silence,0.0,14.11,Silence,0.0,0.0,0.0,0.0,0.0,0.0,0.0,0.0,0.0,0.0,14.03,13.51,13.31,-95,12.8
2026-09-24 03:05:16,Laboratorios Eléctrica Inferior,21.7,Silence,0.0,22.48,Silence,0.0,0.0,0.0,0.0,0.0,0.0,0.0,0.0,0.0,0.0,22.7,21.53,20.77,-117,1.2
2026-09-24 03:05:16,Salón - Extremo Eléctrica,14.82,Silence,0.0,15.39,Silence,0.0,0.0,0.0,0.0,0.0,0.0,0.0,0.0,0.0,0.0,15.13,14.76,14.46,-108,6.2
2026-09-24 03:05:20,Salón - Uma Eléctrica,43.99,Silence,0.0,44.71,Silence,0.0,0.0,0.0,0.0,0.0,0.0,0.0,0.0,0.0,0.0,44.64,44.1,43.26,-109,11.0
2026-09-24 03:06:53,Laboratorios Eléctrica Superior,12.73,Silence,0.0,13.78,Silence,0.0,0.0,0.0,0.0,0.0,0.0,0.0,0.0,0.0,0.0,13.85,12.7,11.73,-94,12.0
2026-09-24 03:07:13,Laboratorios Civil Inferior,39.6,Silence,0.0,40.22,Silence,0.0,0.0,0.0,0.0,0.0,0.0,0.0,0.0,0.0,0.0,40.03,39.57,39.12,-114,-1.8
2026-09-24 03:09:20,Laboratorios Civil Central,53.67,Group 1 (Common),99.35,54.73,Group 1 (Common),53.67,0.0,0.0,0.0,0.0,99.35,0.0,0.0,0.0,0.43,54.4,53.73,52.81,-113,2.5
2026-09-24 03:09:23,Lobby Eléctrica,32.98,Silence,0.0,43.82,Silence,0.0,0.0,0.0,0.0,0.0,0.0,0.0,0.0,0.0,0.0,38.59,30.81,29.9,-115,1.2
2026-09-24 03:09:27,Pasillo Decanato Civil,19.53,Silence,0.0,20.31,Silence,0.0,0.0,0.0,0.0,0.0,0.0,0.0,0.0,0.0,0.0,20.38,19.37,18.69,-103,10.8
2026-09-24 03:09:39,Lobby Civil,46.68,Group 1 (Common),91.67,47.48,Group 1 (Common),46.55,0.0,0.0,0.0,0.0,91.67,3.78,0.0,0.26,4.34,47.52,46.68,45.55,-115,5.5
2026-09-24 03:09:45,Pasillo Salones Civil,39.89,Silence,0.0,42.52,Silence,0.0,0.0,0.0,0.0,0.0,0.0,0.0,0.0,0.0,0.0,42.65,40.04,37.5,-107,8.2
2026-09-24 03:09:45,Pasillo Salones Eléctrica,29.23,Silence,0.0,30.14,Silence,0.0,0.0,0.0,0.0,0.0,0.0,0.0,0.0,0.0,0.0,29.82,29.39,28.38,-113,7.0
2026-09-24 03:09:46,Laboratorios Civil Superior,32.32,Silence,0.0,33.29,Silence,0.0,0.0,0.0,0.0,0.0,0.0,0.0,0.0,0.0,0.0,33.14,32.27,31.77,-117,1.0
2026-09-24 03:09:47,Salón - Uma Civil,15.71,Silence,0.0,17.86,Silence,0.0,0.0,0.0,0.0,0.0,0.0,0.0,0.0,0.0,0.0,18.25,15.34,14.8,-113,7.5
2026-09-24 03:09:50,Laboratorios Eléctrica Centro,37.2,Silence,0.0,40.54,Silence,0.0,0.0,0.0,0.0,0.0,0.0,0.0,0.0,0.0,0.0,41.44,37.37,31.76,-111,4.0
2026-09-24 03:09:51,Pasillo Decanato Eléctrica,19.13,Silence,0.0,20.06,Silence,0.0,0.0,0.0,0.0,0.0,0.0,0.0,0.0,0.0,0.0,20.01,19.11,18.45,-101,11.8
2026-09-24 03:09:56,Salón - Extremo Civil,20.47,Silence,0.0,27.03,Silence,0.0,0.0,0.0,0.0,0.0,0.0,0.0,0.0,0.0,0.0,29.64,17.96,14.09,-93,8.8
2026-09-24 03:10:16,Laboratorios Eléctrica Inferior,24.97,Silence,0.0,26.05,Silence,0.0,0.0,0.0,0.0,0.0,0.0,0.0,0.0,0.0,0.0,25.98,24.77,24.25,-118,-7.0
2026-09-24 03:10:16,Salón - Extremo Eléctrica,23.11,Silence,0.0,27.38,Silence,0.0,0.0,0.0,0.0,0.0,0.0,0.0,0.0,0.0,0.0,28.09,22.44,14.64,-107,7.5
2026-09-24 03:10:20,Salón - Uma Eléctrica,43.17,Silence,0.0,44.06,Silence,0.0,0.0,0.0,0.0,0.0,0.0,0.0,0.0,0.0,0.0,43.79,42.92,42.46,-120,
2026-09-24 03:11:53,Laboratorios Eléctrica Superior,26.17,Silence,0.0,26.64,Silence,0.0,0.0,0.0,0.0,0.0,0.0,0.0,0.0,0.0,0.0,26.66,26.07,25.7,-96,13.2
2026-09-24 03:12:13,Laboratorios Civil Inferior,40.16,Silence,0.0,40.86,Silence,0.0,0.0,0.0,0.0,0.0,0.0,0.0,0.0,0.0,0.0,40.66,40.38,38.71,-120,-12.2
2026-09-24 03:14:17,Laboratorios Civil Central,47.38,Mixed,54.9,49.49,Group 1 (Common),47.78,0.0,0.0,0.0,47.26,44.66,0.17,0.0,0.09,54.9,49.04,47.7,45.39,-117,0.8
2026-09-24 03:14:24,Lobby Eléctrica,26.08,Silence,0.0,27.81,Silence,0.0,0.0,0.0,0.0,0.0,0.0,0.0,0.0,0.0,0.0,28.13,25.78,25.23,-113,1.0
2026-09-24 03:14:30,Pasillo Decanato Civil,18.89,Silence,0.0,20.15,Silence,0.0,0.0,0.0,0.0,0.0,0.0,0.0,0.0,0.0,0.0,19.57,18.86,18.17,-96,11.8
2026-09-24 03:14:39,Lobby Civil,36.81,Silence,0.0,37.97,Silence,0.0,0.0,0.0,0.0,0.0,0.0,0.0,0.0,0.0,0.0,38.55,36.77,35.65,-108,8.8
2026-09-24 03:14:45,Pasillo Salones Civil,14.57,Silence,0.0,15.14,Silence,0.0,0.0,0.0,0.0,0.0,0.0,0.0,0.0,0.0,0.0,15.03,14.59,13.98,-111,5.8
2026-09-24 03:14:45,Pasillo Salones Eléctrica,28.93,Silence,0.0,29.98,Silence,0.0,0.0,0.0,0.0,0.0,0.0,0.0,0.0,0.0,0.0,29.6,28.9,28.08,-114,7.0
2026-09-24 03:14:46,Laboratorios Civil Superior,32.06,Silence,0.0,33.27,Silence,0.0,0.0,0.0,0.0,0.0,0.0,0.0,0.0,0.0,0.0,33.2,32.02,30.63,-105,11.0
2026-09-24 03:14:47,Salón - Uma Civil,9.33,Silence,0.0,9.96,Silence,0.0,0.0,0.0,0.0,0.0,0.0,0.0,0.0,0.0,0.0,10.15,9.06,8.84,-117,-0.8
2026-09-24 03:14:50,Laboratorios Eléctrica Centro,30.85,Silence,0.0,31.8,Silence,0.0,0.0,0.0,0.0,0.0,0.0,0.0,0.0,0.0,0.0,32.1,30.7,29.89,-108,1.8
2026-09-24 03:14:51,Pasillo Decanato Eléctrica,19.46,Silence,0.0,19.95,Silence,0.0,0.0,0.0,0.0,0.0,0.0,0.0,0.0,0.0,0.0,20.03,19.34,18.99,-103,12.0
2026-09-24 03:14:56,Salón - Extremo Civil,14.16,Silence,0.0,15.22,Silence,0.0,0.0,0.0,0.0,0.0,0.0,0.0,0.0,0.0,0.0,15.34,13.94,13.59,-93,11.8
2026-09-24 03:15:16,Laboratorios Eléctrica Inferior,29.22,Silence,0.0,29.99,Silence,0.0,0.0,0.0,0.0,0.0,0.0,0.0,0.0,0.0,0.0,29.74,28.99,28.91,-118,-1.0
2026-09-24 03:15:16,Salón - Extremo Eléctrica,14.89,Silence,0.0,15.59,Silence,0.0,0.0,0.0,0.0,0.0,0.0,0.0,0.0,0.0,0.0,15.63,14.95,13.63,-106,4.5
2026-09-24 03:15:20,Salón - Uma Eléctrica,43.62,Silence,0.0,44.5,Silence,0.0,0.0,0.0,0.0,0.0,0.0,0.0,0.0,0.0,0.0,44.08,43.63,42.85,-105,10.8
2026-09-24 03:16:53,Laboratorios Eléctrica Superior,24.54,Silence,0.0,25.34,Silence,0.0,0.0,0.0,0.0,0.0,0.0,0.0,0.0,0.0,0.0,24.86,24.56,24.08,-96,12.0
2026-09-24 03:17:13,Laboratorios Civil Inferior,40.13,Silence,0.0,40.74,Silence,0.0,0.0,0.0,0.0,0.0,0.0,0.0,0.0,0.0,0.0,40.91,39.93,39.33,-120,-7.2
2026-09-24 03:19:17,Laboratorios Civil Central,51.16,Group 1 (Common),84.42,52.69,Group 1 (Common),51.32,0.0,0.0,0.0,0.0,84.42,0.04,0.0,0.0,15.45,52.92,51.44,47.87,-115,5.8
2026-09-24 03:19:24,Lobby Eléctrica,42.39,Silence,0.0,44.82,Silence,0.0,0.0,0.0,0.0,0.0,0.0,0.0,0.0,0.0,0.0,44.89,42.07,39.76,-99,12.5
2026-09-24 03:19:27,Pasillo Decanato Civil,20.13,Silence,0.0,20.83,Silence,0.0,0.0,0.0,0.0,0.0,0.0,0.0,0.0,0.0,0.0,20.83,20.24,18.86,-115,-4.0
2026-09-24 03:19:39,Lobby Civil,40.14,Silence,0.0,42.95,Silence,0.0,0.0,0.0,0.0,0.0,0.0,0.0,0.0,0.0,0.0,43.05,39.57,36.94,-120,-8.0
2026-09-24 03:19:45,Pasillo Salones Civil,14.47,Silence,0.0,14.97,Silence,0.0,0.0,0.0,0.0,0.0,0.0,0.0,0.0,0.0,0.0,15.04,14.25,14.06,-99,9.2
2026-09-24 03:19:45,Pasillo Salones Eléctrica,28.85,Silence,0.0,30.57,Silence,0.0,0.0,0.0,0.0,0.0,0.0,0.0,0.0,0.0,0.0,30.04,28.87,27.48,-109,8.8
2026-09-24 03:19:46,Laboratorios Civil Superior,33.2,Silence,0.0,35.27,Silence,0.0,0.0,0.0,0.0,0.0,0.0,0.0,0.0,0.0,0.0,35.4,32.77,31.14,-102,10.2
2026-09-24 03:19:47,Salón - Uma Civil,9.57,Silence,0.0,10.33,Silence,0.0,0.0,0.0,0.0,0.0,0.0,0.0,0.0,0.0,0.0,10.17,9.56,8.74,-117,-1.8
2026-09-24 03:19:50,Laboratorios Eléctrica Centro,24.62,Silence,0.0,37.53,Silence,0.0,0.0,0.0,0.0,0.0,0.0,0.0,0.0,0.0,0.0,28.54,23.83,23.24,-114,-2.2
2026-09-24 03:19:51,Pasillo Decanato Eléctrica,19.86,Silence,0.0,20.53,Silence,0.0,0.0,0.0,0.0,0.0,0.0,0.0,0.0,0.0,0.0,20.36,19.78,19.57,-120,-8.0
2026-09-24 03:19:56,Salón - Extremo Civil,13.49,Silence,0.0,14.11,Silence,0.0,0.0,0.0,0.0,0.0,0.0,0.0,0.0,0.0,0.0,14.3,13.52,12.63,-95,13.8
2026-09-24 03:20:16,Laboratorios Eléctrica Inferior,27.26,Silence,0.0,28.66,Silence,0.0,0.0,0.0,0.0,0.0,0.0,0.0,0.0,0.0,0.0,28.66,27.54,24.75,-109,7.8
2026-09-24 03:20:16,Salón - Extremo Eléctrica,15.77,Silence,0.0,16.51,Silence,0.0,0.0,0.0,0.0,0.0,0.0,0.0,0.0,0.0,0.0,16.99,15.63,14.98,-103,8.5
2026-09-24 03:20:20,Salón - Uma Eléctrica,43.19,Silence,0.0,43.93,Silence,0.0,0.0,0.0,0.0,0.0,0.0,0.0,0.0,0.0,0.0,44.01,43.15,42.24,-120,0.2
2026-09-24 03:21:53,Laboratorios Eléctrica Superior,20.27,Silence,0.0,23.32,Silence,0.0,0.0,0.0,0.0,0.0,0.0,0.0,0.0,0.0,0.0,23.51,18.02,16.29,-108,8.2
2026-09-24 03:22:13,Laboratorios Civil Inferior,39.8,Silence,0.0,40.71,Silence,0.0,0.0,0.0,0.0,0.0,0.0,0.0,0.0,0.0,0.0,40.64,39.63,39.05,-120,-12.8
2026-09-24 03:24:17,Laboratorios Civil Central,52.92,Mixed,57.38,57.88,Group 1 (Common),53.32,0.0,0.0,0.0,55.87,57.38,0.17,0.0,0.04,42.4,55.41,52.19,50.57,-112,6.8
2026-09-24 03:24:24,Lobby Eléctrica,25.54,Silence,0.0,26.32,Silence,0.0,0.0,0.0,0.0,0.0,0.0,0.0,0.0,0.0,0.0,26.34,25.5,24.61,-113,5.5
2026-09-24 03:24:27,Pasillo Decanato Civil,19.96,Silence,0.0,20.5,Silence,0.0,0.0,0.0,0.0,0.0,0.0,0.0,0.0,0.0,0.0,20.54,20.07,19.33,-114,2.0
2026-09-24 03:24:39,Lobby Civil,34.51,Silence,0.0,35.21,Silence,0.0,0.0,0.0,0.0,0.0,0.0,0.0,0.0,0.0,0.0,35.23,34.45,33.76,-108,5.8
2026-09-24 03:24:45,Pasillo Salones Civil,18.06,Silence,0.0,21.38,Silence,0.0,0.0,0.0,0.0,0.0,0.0,0.0,0.0,0.0,0.0,22.84,18.15,14.51,-94,9.2
2026-09-24 03:24:51,Pasillo Salones Eléctrica,28.85,Silence,0.0,29.47,Silence,0.0,0.0,0.0,0.0,0.0,0.0,0.0,0.0,0.0,0.0,29.25,28.98,28.24,-103,12.0
2026-09-24 03:24:51,Laboratorios Civil Superior,31.87,Silence,0.0,33.64,Silence,0.0,0.0,0.0,0.0,0.0,0.0,0.0,0.0,0.0,0.0,33.85,31.59,30.05,-103,11.0
2026-09-24 03:24:51,Salón - Uma Civil,9.08,Silence,0.0,9.74,Silence,0.0,0.0,0.0,0.0,0.0,0.0,0.0,0.0,0.0,0.0,9.69,8.97,8.73,-109,10.0
2026-09-24 03:24:51,Laboratorios Eléctrica Centro,22.01,Silence,0.0,22.56,Silence,0.0,0.0,0.0,0.0,0.0,0.0,0.0,0.0,0.0,0.0,22.54,22.07,20.81,-114,6.2
2026-09-24 03:24:51,Pasillo Decanato Eléctrica,19.91,Silence,0.0,20.79,Silence,0.0,0.0,0.0,0.0,0.0,0.0,0.0,0.0,0.0,0.0,21.2,20.0,18.96,-119,-4.2
2026-09-24 03:24:56,Salón - Extremo Civil,13.37,Silence,0.0,14.03,Silence,0.0,0.0,0.0,0.0,0.0,0.0,0.0,0.0,0.0,0.0,14.02,13.28,12.45,-97,12.0
2026-09-24 03:25:16,Laboratorios Eléctrica Inferior,24.22,Silence,0.0,24.88,Silence,0.0,0.0,0.0,0.0,0.0,0.0,0.0,0.0,0.0,0.0,24.96,24.53,22.98,-113,1.8
2026-09-24 03:25:16,Salón - Extremo Eléctrica,14.85,Silence,0.0,15.4,Silence,0.0,0.0,0.0,0.0,0.0,0.0,0.0,0.0,0.0,0.0,15.37,14.95,14.18,-108,6.2
2026-09-24 03:25:20,Salón - Uma Eléctrica,43.97,Silence,0.0,44.47,Silence,0.0,0.0,0.0,0.0,0.0,0.0,0.0,0.0,0.0,0.0,44.41,44.07,43.26,-118,-5.0
2026-09-24 03:26:53,Laboratorios Eléctrica Superior,17.01,Silence,0.0,18.14,Silence,0.0,0.0,0.0,0.0,0.0,0.0,0.0,0.0,0.0,0.0,17.97,16.78,16.2,-107,9.2
2026-09-24 03:27:13,Laboratorios Civil Inferior,39.72,Silence,0.0,40.71,Silence,0.0,0.0,0.0,0.0,0.0,0.0,0.0,0.0,0.0,0.0,40.73,39.43,39.05,-118,-9.5
2026-09-24 03:29:18,Laboratorios Civil Central,50.34,Group 1 (Common),76.26,51.94,Group 1 (Common),50.22,0.0,0.0,0.0,0.0,76.26,0.0,0.0,0.0,23.61,52.02,49.81,48.77,-105,8.2
2026-09-24 03:29:24,Lobby Eléctrica,26.06,Silence,0.0,27.03,Silence,0.0,0.0,0.0,0.0,0.0,0.0,0.0,0.0,0.0,0.0,26.74,26.0,25.7,-97,12.8
2026-09-24 03:29:27,Pasillo Decanato Civil,18.82,Silence,0.0,19.83,Silence,0.0,0.0,0.0,0.0,0.0,0.0,0.0,0.0,0.0,0.0,19.25,18.96,17.89,-115,0.8
2026-09-24 03:29:39,Lobby Civil,43.28,Silence,0.0,44.19,Silence,0.0,0.0,0.0,0.0,0.0,0.0,0.0,0.0,0.0,0.0,43.94,43.5,41.34,-107,12.5
2026-09-24 03:29:45,Pasillo Salones Civil,38.3,Silence,0.0,43.03,Silence,0.0,0.0,0.0,0.0,0.0,0.0,0.0,0.0,0.0,0.0,43.34,37.82,25.79,-106,6.8
2026-09-24 03:29:45,Pasillo Salones Eléctrica,29.55,Silence,0.0,30.43,Silence,0.0,0.0,0.0,0.0,0.0,0.0,0.0,0.0,0.0,0.0,30.04,29.61,28.51,-111,8.0
2026-09-24 03:29:46,Laboratorios Civil Superior,32.32,Silence,0.0,33.66,Silence,0.0,0.0,0.0,0.0,0.0,0.0,0.0,0.0,0.0,0.0,33.6,32.12,30.88,-114,2.2
2026-09-24 03:29:47,Salón - Uma Civil,11.37,Silence,0.0,15.96,Silence,0.0,0.0,0.0,0.0,0.0,0.0,0.0,0.0,0.0,0.0,14.08,10.33,8.84,-118,-8.8
2026-09-24 03:29:50,Laboratorios Eléctrica Centro,25.18,Silence,0.0,30.34,Silence,0.0,0.0,0.0,0.0,0.0,0.0,0.0,0.0,0.0,0.0,31.97,22.62,22.3,-115,-0.5
2026-09-24 03:29:51,Pasillo Decanato Eléctrica,19.38,Silence,0.0,20.27,Silence,0.0,0.0,0.0,0.0,0.0,0.0,0.0,0.0,0.0,0.0,20.53,19.55,18.43,-119,-7.2
2026-09-24 03:29:57,Salón - Extremo Civil,17.84,Silence,0.0,20.12,Silence,0.0,0.0,0.0,0.0,0.0,0.0,0.0,0.0,0.0,0.0,20.44,16.97,16.17,-95,12.8
2026-09-24 03:30:16,Laboratorios Eléctrica Inferior,25.01,Silence,0.0,25.68,Silence,0.0,0.0,0.0,0.0,0.0,0.0,0.0,0.0,0.0,0.0,25.57,25.12,23.93,-115,-0.5
2026-09-24 03:30:16,Salón - Extremo Eléctrica,17.05,Silence,0.0,17.69,Silence,0.0,0.0,0.0,0.0,0.0,0.0,0.0,0.0,0.0,0.0,17.79,16.99,16.37,-90,9.5
2026-09-24 03:30:20,Salón - Uma Eléctrica,43.42,Silence,0.0,44.06,Silence,0.0,0.0,0.0,0.0,0.0,0.0,0.0,0.0,0.0,0.0,44.08,43.46,42.29,-117,-3.8
2026-09-24 03:31:53,Laboratorios Eléctrica Superior,20.0,Silence,0.0,25.47,Silence,0.0,0.0,0.0,0.0,0.0,0.0,0.0,0.0,0.0,0.0,23.54,19.63,16.82,-112,4.2
2026-09-24 03:32:13,Laboratorios Civil Inferior,40.39,Silence,0.0,41.09,Silence,0.0,0.0,0.0,0.0,0.0,0.0,0.0,0.0,0.0,0.0,40.86,40.46,39.73,-120,-12.5
2026-09-24 03:34:17,Laboratorios Civil Central,50.87,Mixed,64.55,52.27,Group 1 (Common),51.18,0.0,0.0,0.0,0.0,64.55,0.0,0.0,0.0,35.35,52.98,50.59,49.53,-106,9.0
2026-09-24 03:34:24,Lobby Eléctrica,34.75,Silence,0.0,35.23,Silence,0.0,0.0,0.0,0.0,0.0,0.0,0.0,0.0,0.0,0.0,35.09,34.74,33.98,-111,10.2
2026-09-24 03:34:27,Pasillo Decanato Civil,23.21,Silence,0.0,24.03,Silence,0.0,0.0,0.0,0.0,0.0,0.0,0.0,0.0,0.0,0.0,24.22,23.2,22.62,-119,-5.0
2026-09-24 03:34:39,Lobby Civil,61.01,Mixed,68.75,61.52,Group 1 (Common),61.09,60.73,0.0,0.0,60.93,68.75,11.38,0.49,6.05,13.33,61.72,60.94,60.5,-99,8.5
2026-09-24 03:34:45,Pasillo Salones Civil,49.92,Mixed,67.36,56.58,Group 3 (Rotary Tool),22.07,49.47,56.73,0.0,0.0,9.51,67.36,8.46,1.26,13.45,59.48,38.46,21.44,-108,6.5
2026-09-24 03:34:45,Pasillo Salones Eléctrica,29.1,Silence,0.0,29.94,Silence,0.0,0.0,0.0,0.0,0.0,0.0,0.0,0.0,0.0,0.0,29.76,29.18,27.73,-112,-1.8
2026-09-24 03:34:46,Laboratorios Civil Superior,32.64,Silence,0.0,35.09,Silence,0.0,0.0,0.0,0.0,0.0,0.0,0.0,0.0,0.0,0.0,35.17,31.84,30.7,-113,4.2
2026-09-24 03:34:47,Salón - Uma Civil,10.54,Silence,0.0,12.72,Silence,0.0,0.0,0.0,0.0,0.0,0.0,0.0,0.0,0.0,0.0,11.7,10.47,9.35,-105,11.2
2026-09-24 03:34:50,Laboratorios Eléctrica Centro,22.58,Silence,0.0,23.27,Silence,0.0,0.0,0.0,0.0,0.0,0.0,0.0,0.0,0.0,0.0,23.52,22.74,21.53,-102,10.2
2026-09-24 03:34:51,Pasillo Decanato Eléctrica,19.44,Silence,0.0,20.02,Silence,0.0,0.0,0.0,0.0,0.0,0.0,0.0,0.0,0.0,0.0,19.84,19.26,19.14,-102,12.0
2026-09-24 03:34:56,Salón - Extremo Civil,27.57,Silence,0.0,33.7,Silence,0.0,0.0,0.0,0.0,0.0,0.0,0.0,0.0,0.0,0.0,34.91,25.05,15.02,-95,12.5
2026-09-24 03:35:16,Laboratorios Eléctrica Inferior,29.31,Silence,0.0,30.05,Silence,0.0,0.0,0.0,0.0,0.0,0.0,0.0,0.0,0.0,0.0,30.71,29.47,27.42,-118,-9.2
2026-09-24 03:35:22,Salón - Extremo Eléctrica,16.08,Silence,0.0,16.82,Silence,0.0,0.0,0.0,0.0,0.0,0.0,0.0,0.0,0.0,0.0,16.76,16.35,14.93,-95,9.8
2026-09-24 03:35:22,Salón - Uma Eléctrica,43.31,Silence,0.0,44.13,Silence,0.0,0.0,0.0,0.0,0.0,0.0,0.0,0.0,0.0,0.0,43.84,43.44,42.32,-117,-4.5
2026-09-24 03:36:53,Laboratorios Eléctrica Superior,17.96,Silence,0.0,19.87,Silence,0.0,0.0,0.0,0.0,0.0,0.0,0.0,0.0,0.0,0.0,19.7,18.18,15.05,-117,2.2
2026-09-24 03:37:13,Laboratorios Civil Inferior,40.41,Silence,0.0,41.14,Silence,0.0,0.0,0.0,0.0,0.0,0.0,0.0,0.0,0.0,0.0,40.88,40.44,39.41,-119,-10.0
2026-09-24 03:39:18,Laboratorios Civil Central,50.48,Mixed,54.59,51.99,Group 1 (Common),50.57,0.0,0.0,0.0,50.88,54.59,0.05,0.0,0.0,45.21,51.28,50.45,48.91,-117,1.8
2026-09-24 03:39:24,Lobby Eléctrica,37.21,Silence,0.0,38.65,Silence,0.0,0.0,0.0,0.0,0.0,0.0,0.0,0.0,0.0,0.0,38.54,37.24,36.16,-111,9.5
2026-09-24 03:39:27,Pasillo Decanato Civil,24.2,Silence,0.0,25.51,Silence,0.0,0.0,0.0,0.0,0.0,0.0,0.0,0.0,0.0,0.0,25.99,24.21,22.82,-114,6.5
2026-09-24 03:39:39,Lobby Civil,60.56,Mixed,56.59,61.34,Group 1 (Common),60.8,0.0,0.0,0.0,60.56,30.71,9.33,0.0,3.37,56.59,60.86,60.66,60.13,-97,11.0
2026-09-24 03:39:45,Pasillo Salones Civil,17.7,Silence,0.0,18.25,Silence,0.0,0.0,0.0,0.0,0.0,0.0,0.0,0.0,0.0,0.0,18.29,17.73,16.59,-107,7.5
2026-09-24 03:39:45,Pasillo Salones Eléctrica,28.87,Silence,0.0,29.96,Silence,0.0,0.0,0.0,0.0,0.0,0.0,0.0,0.0,0.0,0.0,30.15,28.71,27.65,-101,13.2
2026-09-24 03:39:46,Laboratorios Civil Superior,32.06,Silence,0.0,33.11,Silence,0.0,0.0,0.0,0.0,0.0,0.0,0.0,0.0,0.0,0.0,33.09,32.12,30.58,-113,3.8
2026-09-24 03:39:47,Salón - Uma Civil,10.25,Silence,0.0,10.74,Silence,0.0,0.0,0.0,0.0,0.0,0.0,0.0,0.0,0.0,0.0,10.71,10.2,9.54,-120,-6.0
2026-09-24 03:39:50,Laboratorios Eléctrica Centro,21.97,Silence,0.0,22.51,Silence,0.0,0.0,0.0,0.0,0.0,0.0,0.0,0.0,0.0,0.0,22.31,22.0,21.43,-105,12.0
2026-09-24 03:39:51,Pasillo Decanato Eléctrica,19.49,Silence,0.0,20.87,Silence,0.0,0.0,0.0,0.0,0.0,0.0,0.0,0.0,0.0,0.0,20.81,19.47,18.33,-101,11.5
2026-09-24 03:39:56,Salón - Extremo Civil,14.43,Silence,0.0,15.17,Silence,0.0,0.0,0.0,0.0,0.0,0.0,0.0,0.0,0.0,0.0,15.24,14.31,13.79,-95,13.0
2026-09-24 03:40:16,Laboratorios Eléctrica Inferior,27.62,Silence,0.0,32.05,Silence,0.0,0.0,0.0,0.0,0.0,0.0,0.0,0.0,0.0,0.0,32.04,27.08,24.4,-111,9.8
2026-09-24 03:40:16,Salón - Extremo Eléctrica,16.4,Silence,0.0,17.09,Silence,0.0,0.0,0.0,0.0,0.0,0.0,0.0,0.0,0.0,0.0,17.31,16.4,15.81,-94,8.0
2026-09-24 03:40:21,Salón - Uma Eléctrica,43.18,Silence,0.0,43.68,Silence,0.0,0.0,0.0,0.0,0.0,0.0,0.0,0.0,0.0,0.0,43.75,43.09,42.58,-103,10.5
2026-09-24 03:41:53,Laboratorios Eléctrica Superior,18.0,Silence,0.0,19.39,Silence,0.0,0.0,0.0,0.0,0.0,0.0,0.0,0.0,0.0,0.0,18.76,17.95,16.9,-92,12.0
2026-09-24 03:42:13,Laboratorios Civil Inferior,40.2,Silence,0.0,40.8,Silence,0.0,0.0,0.0,0.0,0.0,0.0,0.0,0.0,0.0,0.0,40.71,40.35,39.44,-120,-10.5
2026-09-24 03:44:18,Laboratorios Civil Central,51.5,Group 1 (Common),84.94,54.29,Group 1 (Common),51.51,0.0,0.0,0.0,0.0,84.94,0.04,0.0,0.04,14.93,54.62,50.95,47.53,-107,8.2
2026-09-24 03:44:24,Lobby Eléctrica,36.53,Silence,0.0,38.34,Silence,0.0,0.0,0.0,0.0,0.0,0.0,0.0,0.0,0.0,0.0,38.14,36.39,34.99,-109,8.2
2026-09-24 03:44:27,Pasillo Decanato Civil,23.84,Silence,0.0,25.38,Silence,0.0,0.0,0.0,0.0,0.0,0.0,0.0,0.0,0.0,0.0,26.27,23.41,22.69,-120,-8.0
2026-09-24 03:44:39,Lobby Civil,62.3,Group 1 (Common),76.26,63.62,Group 1 (Common),62.3,0.0,0.0,0.0,0.0,76.26,2.95,1.0,2.08,17.71,63.72,61.97,60.88,-101,9.5
2026-09-24 03:44:45,Pasillo Salones Civil,17.92,Silence,0.0,18.51,Silence,0.0,0.0,0.0,0.0,0.0,0.0,0.0,0.0,0.0,0.0,18.55,17.86,17.06,-105,6.0
2026-09-24 03:44:45,Pasillo Salones Eléctrica,28.55,Silence,0.0,29.29,Silence,0.0,0.0,0.0,0.0,0.0,0.0,0.0,0.0,0.0,0.0,29.57,28.54,27.17,-113,6.8
2026-09-24 03:44:46,Laboratorios Civil Superior,54.49,Mixed,42.58,57.47,Group 5 (Vehicle),31.63,53.34,0.0,0.0,55.83,18.46,34.42,0.29,4.15,42.58,58.33,53.3,32.08,-108,8.8
2026-09-24 03:44:47,Salón - Uma Civil,10.64,Silence,0.0,11.53,Silence,0.0,0.0,0.0,0.0,0.0,0.0,0.0,0.0,0.0,0.0,11.19,10.8,9.99,-115,-2.8
2026-09-24 03:44:50,Laboratorios Eléctrica Centro,31.35,Silence,0.0,38.07,Silence,0.0,0.0,0.0,0.0,0.0,0.0,0.0,0.0,0.0,0.0,38.97,28.09,21.29,-103,9.5
2026-09-24 03:44:52,Pasillo Decanato Eléctrica,18.99,Silence,0.0,19.6,Silence,0.0,0.0,0.0,0.0,0.0,0.0,0.0,0.0,0.0,0.0,19.27,19.05,18.49,-120,-12.2
2026-09-24 03:44:56,Salón - Extremo Civil,14.91,Silence,0.0,15.25,Silence,0.0,0.0,0.0,0.0,0.0,0.0,0.0,0.0,0.0,0.0,15.42,14.74,14.34,-93,9.2
2026-09-24 03:45:16,Laboratorios Eléctrica Inferior,24.57,Silence,0.0,25.36,Silence,0.0,0.0,0.0,0.0,0.0,0.0,0.0,0.0,0.0,0.0,25.0,24.53,24.1,-108,7.0
2026-09-24 03:45:16,Salón - Extremo Eléctrica,16.06,Silence,0.0,16.71,Silence,0.0,0.0,0.0,0.0,0.0,0.0,0.0,0.0,0.0,0.0,16.7,16.03,15.56,-103,9.5
2026-09-24 03:45:21,Salón - Uma Eléctrica,43.33,Silence,0.0,44.12,Silence,0.0,0.0,0.0,0.0,0.0,0.0,0.0,0.0,0.0,0.0,44.38,43.19,42.3,-115,4.0
2026-09-24 03:46:53,Laboratorios Eléctrica Superior,16.56,Silence,0.0,17.07,Silence,0.0,0.0,0.0,0.0,0.0,0.0,0.0,0.0,0.0,0.0,17.13,16.49,15.9,-106,5.8
2026-09-24 03:47:13,Laboratorios Civil Inferior,39.75,Silence,0.0,40.36,Silence,0.0,0.0,0.0,0.0,0.0,0.0,0.0,0.0,0.0,0.0,40.33,39.77,38.93,-115,-3.5
2026-09-24 03:49:18,Laboratorios Civil Central,51.3,Group 1 (Common),96.48,52.56,Group 1 (Common),50.97,0.0,0.0,0.0,0.0,96.48,0.09,0.0,0.04,3.34,52.91,51.03,49.5,-109,9.2
2026-09-24 03:49:24,Lobby Eléctrica,40.09,Silence,0.0,41.51,Silence,0.0,0.0,0.0,0.0,0.0,0.0,0.0,0.0,0.0,0.0,41.92,39.99,38.42,-96,9.8
2026-09-24 03:49:27,Pasillo Decanato Civil,24.25,Silence,0.0,24.99,Silence,0.0,0.0,0.0,0.0,0.0,0.0,0.0,0.0,0.0,0.0,25.39,24.03,23.84,-108,8.2
2026-09-24 03:49:39,Lobby Civil,62.29,Group 1 (Common),92.01,63.75,Group 1 (Common),61.79,0.0,0.0,0.0,0.0,92.01,1.91,0.04,0.56,5.64,64.54,62.17,60.63,-115,4.0
2026-09-24 03:49:45,Pasillo Salones Civil,19.13,Silence,0.0,19.67,Silence,0.0,0.0,0.0,0.0,0.0,0.0,0.0,0.0,0.0,0.0,19.61,19.15,18.7,-107,9.0
2026-09-24 03:49:45,Pasillo Salones Eléctrica,29.19,Silence,0.0,29.95,Silence,0.0,0.0,0.0,0.0,0.0,0.0,0.0,0.0,0.0,0.0,30.1,29.14,28.41,-103,12.0
2026-09-24 03:49:46,Laboratorios Civil Superior,32.72,Silence,0.0,33.89,Silence,0.0,0.0,0.0,0.0,0.0,0.0,0.0,0.0,0.0,0.0,33.83,32.53,31.12,-108,3.5
2026-09-24 03:49:47,Salón - Uma Civil,11.16,Silence,0.0,12.13,Silence,0.0,0.0,0.0,0.0,0.0,0.0,0.0,0.0,0.0,0.0,12.27,11.09,10.48,-110,6.2
2026-09-24 03:49:50,Laboratorios Eléctrica Centro,23.11,Silence,0.0,23.49,Silence,0.0,0.0,0.0,0.0,0.0,0.0,0.0,0.0,0.0,0.0,23.36,23.07,22.73,-114,2.8
2026-09-24 03:49:52,Pasillo Decanato Eléctrica,19.46,Silence,0.0,20.4,Silence,0.0,0.0,0.0,0.0,0.0,0.0,0.0,0.0,0.0,0.0,20.71,19.39,18.49,-99,11.0
2026-09-24 03:49:56,Salón - Extremo Civil,14.78,Silence,0.0,15.28,Silence,0.0,0.0,0.0,0.0,0.0,0.0,0.0,0.0,0.0,0.0,15.17,14.93,14.13,-99,11.8
2026-09-24 03:50:16,Laboratorios Eléctrica Inferior,24.96,Silence,0.0,26.1,Silence,0.0,0.0,0.0,0.0,0.0,0.0,0.0,0.0,0.0,0.0,26.4,24.87,24.15,-120,-9.5
2026-09-24 03:50:16,Salón - Extremo Eléctrica,16.5,Silence,0.0,17.31,Silence,0.0,0.0,0.0,0.0,0.0,0.0,0.0,0.0,0.0,0.0,17.1,16.47,15.54,-106,8.0
2026-09-24 03:50:21,Salón - Uma Eléctrica,43.0,Silence,0.0,43.44,Silence,0.0,0.0,0.0,0.0,0.0,0.0,0.0,0.0,0.0,0.0,43.45,42.99,42.56,-115,-0.5
2026-09-24 03:51:53,Laboratorios Eléctrica Superior,17.28,Silence,0.0,18.19,Silence,0.0,0.0,0.0,0.0,0.0,0.0,0.0,0.0,0.0,0.0,18.64,17.08,16.53,-117,2.2
2026-09-24 03:54:18,Laboratorios Civil Central,51.55,Group 1 (Common),93.84,52.85,Group 1 (Common),51.79,0.0,0.0,0.0,0.0,93.84,0.0,0.0,0.0,5.95,52.6,51.33,50.11,-107,11.2
2026-09-24 03:54:24,Lobby Eléctrica,37.81,Silence,0.0,38.75,Silence,0.0,0.0,0.0,0.0,0.0,0.0,0.0,0.0,0.0,0.0,38.62,37.63,37.21,-117,1.8
2026-09-24 03:54:27,Pasillo Decanato Civil,24.34,Silence,0.0,24.93,Silence,0.0,0.0,0.0,0.0,0.0,0.0,0.0,0.0,0.0,0.0,24.99,24.44,23.21,-114,0.2
2026-09-24 03:54:39,Lobby Civil,60.88,Mixed,62.54,61.28,Group 5 (Vehicle),60.84,0.0,0.0,0.0,60.99,27.34,4.6,2.56,2.91,62.54,61.22,60.9,60.51,-99,11.5
2026-09-24 03:54:45,Pasillo Salones Civil,17.88,Silence,0.0,18.48,Silence,0.0,0.0,0.0,0.0,0.0,0.0,0.0,0.0,0.0,0.0,18.46,17.76,17.59,-99,9.8
2026-09-24 03:54:45,Pasillo Salones Eléctrica,28.62,Silence,0.0,29.77,Silence,0.0,0.0,0.0,0.0,0.0,0.0,0.0,0.0,0.0,0.0,29.48,28.68,27.4,-100,9.0
2026-09-24 03:54:46,Laboratorios Civil Superior,31.62,Silence,0.0,32.93,Silence,0.0,0.0,0.0,0.0,0.0,0.0,0.0,0.0,0.0,0.0,32.56,31.62,30.59,-105,11.2
2026-09-24 03:54:47,Salón - Uma Civil,10.3,Silence,0.0,10.74,Silence,0.0,0.0,0.0,0.0,0.0,0.0,0.0,0.0,0.0,0.0,10.68,10.28,9.75,-117,-8.0
2026-09-24 03:54:50,Laboratorios Eléctrica Centro,23.18,Silence,0.0,23.67,Silence,0.0,0.0,0.0,0.0,0.0,0.0,0.0,0.0,0.0,0.0,23.6,23.13,22.8,-112,1.8
2026-09-24 03:54:52,Pasillo Decanato Eléctrica,19.42,Silence,0.0,20.66,Silence,0.0,0.0,0.0,0.0,0.0,0.0,0.0,0.0,0.0,0.0,20.3,19.1,18.59,-117,-6.8
2026-09-24 03:54:56,Salón - Extremo Civil,14.63,Silence,0.0,15.25,Silence,0.0,0.0,0.0,0.0,0.0,0.0,0.0,0.0,0.0,0.0,15.36,14.72,13.95,-91,12.2
2026-09-24 03:55:16,Laboratorios Eléctrica Inferior,25.33,Silence,0.0,26.15,Silence,0.0,0.0,0.0,0.0,0.0,0.0,0.0,0.0,0.0,0.0,25.8,25.5,24.53,-111,9.0
2026-09-24 03:55:16,Salón - Extremo Eléctrica,16.12,Silence,0.0,16.85,Silence,0.0,0.0,0.0,0.0,0.0,0.0,0.0,0.0,0.0,0.0,16.98,16.15,15.42,-103,7.8
2026-09-24 03:55:21,Salón - Uma Eléctrica,43.32,Silence,0.0,44.29,Silence,0.0,0.0,0.0,0.0,0.0,0.0,0.0,0.0,0.0,0.0,44.25,43.19,42.3,-109,10.2
2026-09-24 03:56:53,Laboratorios Eléctrica Superior,18.8,Silence,0.0,20.65,Silence,0.0,0.0,0.0,0.0,0.0,0.0,0.0,0.0,0.0,0.0,20.77,18.4,17.21,-108,7.8
2026-09-24 03:57:13,Laboratorios Civil Inferior,44.9,Silence,0.0,45.49,Silence,0.0,0.0,0.0,0.0,0.0,0.0,0.0,0.0,0.0,0.0,45.63,45.01,43.93,-117,-3.8
2026-09-24 03:59:18,Laboratorios Civil Central,51.41,Group 1 (Common),87.28,52.75,Group 1 (Common),51.18,0.0,0.0,0.0,0.0,87.28,1.0,4.86,0.04,6.81,53.22,51.53,49.43,-107,10.5
2026-09-24 03:59:24,Lobby Eléctrica,24.09,Silence,0.0,25.01,Silence,0.0,0.0,0.0,0.0,0.0,0.0,0.0,0.0,0.0,0.0,25.01,23.86,23.18,-99,12.5
2026-09-24 03:59:27,Pasillo Decanato Civil,19.4,Silence,0.0,20.16,Silence,0.0,0.0,0.0,0.0,0.0,0.0,0.0,0.0,0.0,0.0,20.38,19.41,18.54,-117,-4.5
2026-09-24 03:59:39,Lobby Civil,39.32,Silence,0.0,41.34,Silence,0.0,0.0,0.0,0.0,0.0,0.0,0.0,0.0,0.0,0.0,42.22,38.86,37.88,-111,8.5
2026-09-24 03:59:45,Pasillo Salones Civil,14.23,Silence,0.0,14.77,Silence,0.0,0.0,0.0,0.0,0.0,0.0,0.0,0.0,0.0,0.0,14.87,14.21,13.5,-95,9.0
2026-09-24 03:59:45,Pasillo Salones Eléctrica,29.25,Silence,0.0,30.37,Silence,0.0,0.0,0.0,0.0,0.0,0.0,0.0,0.0,0.0,0.0,30.16,29.4,28.06,-107,8.5
2026-09-24 03:59:46,Laboratorios Civil Superior,29.48,Silence,0.0,30.85,Silence,0.0,0.0,0.0,0.0,0.0,0.0,0.0,0.0,0.0,0.0,30.9,29.63,27.39,-105,10.5
2026-09-24 03:59:47,Salón - Uma Civil,8.99,Silence,0.0,9.73,Silence,0.0,0.0,0.0,0.0,0.0,0.0,0.0,0.0,0.0,0.0,9.74,8.86,8.3,-114,-1.0
2026-09-24 03:59:50,Laboratorios Eléctrica Centro,25.67,Silence,0.0,34.74,Silence,0.0,0.0,0.0,0.0,0.0,0.0,0.0,0.0,0.0,0.0,35.93,12.85,11.45,-114,3.0
2026-09-24 03:59:56,Salón - Extremo Civil,13.14,Silence,0.0,13.72,Silence,0.0,0.0,0.0,0.0,0.0,0.0,0.0,0.0,0.0,0.0,13.63,12.98,12.41,-95,14.2
2026-09-24 04:00:16,Laboratorios Eléctrica Inferior,23.19,Silence,0.0,24.08,Silence,0.0,0.0,0.0,0.0,0.0,0.0,0.0,0.0,0.0,0.0,23.85,23.1,22.57,-120,-4.0
2026-09-24 04:00:16,Salón - Extremo Eléctrica,15.15,Silence,0.0,15.96,Silence,0.0,0.0,0.0,0.0,0.0,0.0,0.0,0.0,0.0,0.0,15.57,15.12,14.36,-93,10.0
2026-09-24 04:00:21,Salón - Uma Eléctrica,43.55,Silence,0.0,44.17,Silence,0.0,0.0,0.0,0.0,0.0,0.0,0.0,0.0,0.0,0.0,44.03,43.63,42.94,-117,-3.8
2026-09-24 04:01:53,Laboratorios Eléctrica Superior,18.09,Silence,0.0,19.26,Silence,0.0,0.0,0.0,0.0,0.0,0.0,0.0,0.0,0.0,0.0,19.31,18.24,14.27,-113,2.0
2026-09-24 04:02:13,Laboratorios Civil Inferior,39.86,Silence,0.0,40.45,Silence,0.0,0.0,0.0,0.0,0.0,0.0,0.0,0.0,0.0,0.0,40.55,39.97,38.68,-121,-11.2
2026-09-24 04:04:18,Laboratorios Civil Central,50.88,Group 1 (Common),87.24,52.56,Group 1 (Common),50.71,0.0,0.0,0.0,0.0,87.24,0.17,3.6,0.13,8.9,52.3,50.77,49.59,-109,8.2
2026-09-24 04:04:24,Lobby Eléctrica,25.78,Silence,0.0,26.48,Silence,0.0,0.0,0.0,0.0,0.0,0.0,0.0,0.0,0.0,0.0,26.43,25.98,24.57,-96,12.2
2026-09-24 04:04:27,Pasillo Decanato Civil,20.71,Silence,0.0,22.28,Silence,0.0,0.0,0.0,0.0,0.0,0.0,0.0,0.0,0.0,0.0,22.45,20.37,19.6,-111,7.2
2026-09-24 04:04:39,Lobby Civil,42.27,Silence,0.0,43.58,Silence,0.0,0.0,0.0,0.0,0.0,0.0,0.0,0.0,0.0,0.0,43.55,42.1,40.92,-109,9.2
2026-09-24 04:04:45,Pasillo Salones Civil,14.61,Silence,0.0,15.29,Silence,0.0,0.0,0.0,0.0,0.0,0.0,0.0,0.0,0.0,0.0,15.33,14.35,14.13,-97,7.8
2026-09-24 04:04:45,Pasillo Salones Eléctrica,28.98,Silence,0.0,29.55,Silence,0.0,0.0,0.0,0.0,0.0,0.0,0.0,0.0,0.0,0.0,29.83,29.06,27.38,-112,5.5
2026-09-24 04:04:46,Laboratorios Civil Superior,30.11,Silence,0.0,32.33,Silence,0.0,0.0,0.0,0.0,0.0,0.0,0.0,0.0,0.0,0.0,31.87,29.55,29.07,-108,9.5
2026-09-24 04:04:47,Salón - Uma Civil,10.2,Silence,0.0,10.73,Silence,0.0,0.0,0.0,0.0,0.0,0.0,0.0,0.0,0.0,0.0,10.71,10.37,9.51,-119,-2.2
2026-09-24 04:04:50,Laboratorios Eléctrica Centro,37.78,Silence,0.0,39.77,Silence,0.0,0.0,0.0,0.0,0.0,0.0,0.0,0.0,0.0,0.0,39.95,38.96,24.27,-115,1.8
2026-09-24 04:04:52,Pasillo Decanato Eléctrica,19.14,Silence,0.0,20.1,Silence,0.0,0.0,0.0,0.0,0.0,0.0,0.0,0.0,0.0,0.0,20.19,19.23,18.25,-102,8.5
2026-09-24 04:04:56,Salón - Extremo Civil,15.4,Silence,0.0,15.86,Silence,0.0,0.0,0.0,0.0,0.0,0.0,0.0,0.0,0.0,0.0,15.88,15.53,14.47,-91,12.5
2026-09-24 04:05:16,Laboratorios Eléctrica Inferior,24.97,Silence,0.0,25.74,Silence,0.0,0.0,0.0,0.0,0.0,0.0,0.0,0.0,0.0,0.0,25.56,24.96,24.21,-114,3.5
2026-09-24 04:05:16,Salón - Extremo Eléctrica,14.85,Silence,0.0,15.46,Silence,0.0,0.0,0.0,0.0,0.0,0.0,0.0,0.0,0.0,0.0,15.39,14.68,14.4,-105,8.5
2026-09-24 04:05:21,Salón - Uma Eléctrica,43.62,Silence,0.0,44.57,Silence,0.0,0.0,0.0,0.0,0.0,0.0,0.0,0.0,0.0,0.0,44.44,43.89,42.24,-119,0.2
2026-09-24 04:06:57,Laboratorios Eléctrica Superior,15.74,Silence,0.0,16.23,Silence,0.0,0.0,0.0,0.0,0.0,0.0,0.0,0.0,0.0,0.0,16.11,15.79,15.29,-97,12.5
2026-09-24 04:07:13,Laboratorios Civil Inferior,39.54,Silence,0.0,40.28,Silence,0.0,0.0,0.0,0.0,0.0,0.0,0.0,0.0,0.0,0.0,40.26,39.52,38.63,-121,-12.2
2026-09-24 04:09:18,Laboratorios Civil Central,52.13,Group 1 (Common),84.81,53.55,Group 1 (Common),51.9,0.0,0.0,0.0,0.0,84.81,0.04,0.0,0.0,14.97,54.14,51.9,50.6,-113,4.0
2026-09-24 04:09:24,Lobby Eléctrica,24.56,Silence,0.0,25.71,Silence,0.0,0.0,0.0,0.0,0.0,0.0,0.0,0.0,0.0,0.0,25.61,24.34,23.74,-109,9.2
2026-09-24 04:09:27,Pasillo Decanato Civil,19.38,Silence,0.0,20.09,Silence,0.0,0.0,0.0,0.0,0.0,0.0,0.0,0.0,0.0,0.0,19.97,19.4,18.58,-97,11.2
2026-09-24 04:09:39,Lobby Civil,40.01,Silence,0.0,42.16,Silence,0.0,0.0,0.0,0.0,0.0,0.0,0.0,0.0,0.0,0.0,42.69,39.62,38.23,-99,12.2
2026-09-24 04:09:45,Pasillo Salones Civil,14.25,Silence,0.0,14.93,Silence,0.0,0.0,0.0,0.0,0.0,0.0,0.0,0.0,0.0,0.0,15.05,14.4,13.04,-108,8.2
2026-09-24 04:09:45,Pasillo Salones Eléctrica,28.92,Silence,0.0,29.61,Silence,0.0,0.0,0.0,0.0,0.0,0.0,0.0,0.0,0.0,0.0,29.82,28.96,27.76,-115,3.8
2026-09-24 04:09:46,Laboratorios Civil Superior,32.34,Silence,0.0,33.85,Silence,0.0,0.0,0.0,0.0,0.0,0.0,0.0,0.0,0.0,0.0,33.83,32.13,30.77,-109,10.5
2026-09-24 04:09:47,Salón - Uma Civil,10.27,Silence,0.0,11.02,Silence,0.0,0.0,0.0,0.0,0.0,0.0,0.0,0.0,0.0,0.0,10.93,10.38,9.62,-111,7.5
2026-09-24 04:09:50,Laboratorios Eléctrica Centro,22.57,Silence,0.0,23.18,Silence,0.0,0.0,0.0,0.0,0.0,0.0,0.0,0.0,0.0,0.0,22.87,22.57,22.06,-107,11.0
2026-09-24 04:09:52,Pasillo Decanato Eléctrica,19.22,Silence,0.0,20.43,Silence,0.0,0.0,0.0,0.0,0.0,0.0,0.0,0.0,0.0,0.0,20.61,19.21,17.58,-107,12.2
2026-09-24 04:09:56,Salón - Extremo Civil,13.83,Silence,0.0,14.67,Silence,0.0,0.0,0.0,0.0,0.0,0.0,0.0,0.0,0.0,0.0,14.2,13.89,13.35,-97,12.5
2026-09-24 04:10:16,Laboratorios Eléctrica Inferior,23.82,Silence,0.0,24.69,Silence,0.0,0.0,0.0,0.0,0.0,0.0,0.0,0.0,0.0,0.0,24.64,24.09,22.35,-108,3.2
2026-09-24 04:10:16,Salón - Extremo Eléctrica,14.57,Silence,0.0,15.17,Silence,0.0,0.0,0.0,0.0,0.0,0.0,0.0,0.0,0.0,0.0,15.0,14.57,14.09,-106,8.0
2026-09-24 04:10:21,Salón - Uma Eléctrica,42.95,Silence,0.0,43.75,Silence,0.0,0.0,0.0,0.0,0.0,0.0,0.0,0.0,0.0,0.0,43.56,43.01,42.58,-107,10.8
2026-09-24 04:11:53,Laboratorios Eléctrica Superior,16.31,Silence,0.0,17.39,Silence,0.0,0.0,0.0,0.0,0.0,0.0,0.0,0.0,0.0,0.0,17.61,16.1,15.24,-113,4.5
2026-09-24 04:12:13,Laboratorios Civil Inferior,40.65,Silence,0.0,41.07,Silence,0.0,0.0,0.0,0.0,0.0,0.0,0.0,0.0,0.0,0.0,41.17,40.47,40.15,-120,-10.0
2026-09-24 04:14:18,Laboratorios Civil Central,51.42,Group 1 (Common),84.23,53.57,Group 1 (Common),51.42,0.0,0.0,0.0,0.0,84.23,0.1,0.0,0.15,15.58,53.21,51.44,48.07,-115,5.2
2026-09-24 04:14:24,Lobby Eléctrica,25.51,Silence,0.0,27.04,Silence,0.0,0.0,0.0,0.0,0.0,0.0,0.0,0.0,0.0,0.0,27.09,25.71,23.62,-113,8.5
2026-09-24 04:14:27,Pasillo Decanato Civil,19.05,Silence,0.0,20.27,Silence,0.0,0.0,0.0,0.0,0.0,0.0,0.0,0.0,0.0,0.0,20.37,18.89,17.68,-108,9.8
2026-09-24 04:14:39,Lobby Civil,38.9,Silence,0.0,39.81,Silence,0.0,0.0,0.0,0.0,0.0,0.0,0.0,0.0,0.0,0.0,39.72,38.98,37.57,-103,10.8
2026-09-24 04:14:45,Pasillo Salones Civil,14.45,Silence,0.0,15.35,Silence,0.0,0.0,0.0,0.0,0.0,0.0,0.0,0.0,0.0,0.0,15.69,14.31,13.57,-100,9.2
2026-09-24 04:14:45,Pasillo Salones Eléctrica,28.78,Silence,0.0,29.79,Silence,0.0,0.0,0.0,0.0,0.0,0.0,0.0,0.0,0.0,0.0,29.43,28.89,27.92,-96,11.8
2026-09-24 04:14:46,Laboratorios Civil Superior,32.21,Silence,0.0,34.37,Silence,0.0,0.0,0.0,0.0,0.0,0.0,0.0,0.0,0.0,0.0,34.0,32.27,29.4,-103,8.5
2026-09-24 04:14:50,Laboratorios Eléctrica Centro,23.17,Silence,0.0,28.64,Silence,0.0,0.0,0.0,0.0,0.0,0.0,0.0,0.0,0.0,0.0,23.64,23.32,22.54,-102,10.5
2026-09-24 04:14:52,Pasillo Decanato Eléctrica,19.26,Silence,0.0,20.13,Silence,0.0,0.0,0.0,0.0,0.0,0.0,0.0,0.0,0.0,0.0,20.03,19.34,18.45,-100,9.0
2026-09-24 04:14:56,Salón - Extremo Civil,13.69,Silence,0.0,14.18,Silence,0.0,0.0,0.0,0.0,0.0,0.0,0.0,0.0,0.0,0.0,14.04,13.66,13.49,-97,11.8
2026-09-24 04:15:16,Laboratorios Eléctrica Inferior,22.31,Silence,0.0,23.0,Silence,0.0,0.0,0.0,0.0,0.0,0.0,0.0,0.0,0.0,0.0,23.06,22.28,21.74,-108,7.2
2026-09-24 04:15:16,Salón - Extremo Eléctrica,14.82,Silence,0.0,15.41,Silence,0.0,0.0,0.0,0.0,0.0,0.0,0.0,0.0,0.0,0.0,15.38,14.74,13.77,-93,8.0
2026-09-24 04:15:21,Salón - Uma Eléctrica,43.28,Silence,0.0,44.05,Silence,0.0,0.0,0.0,0.0,0.0,0.0,0.0,0.0,0.0,0.0,43.96,43.37,42.47,-107,8.0
2026-09-24 04:16:53,Laboratorios Eléctrica Superior,15.95,Silence,0.0,17.99,Silence,0.0,0.0,0.0,0.0,0.0,0.0,0.0,0.0,0.0,0.0,18.04,15.37,13.86,-101,13.0
2026-09-24 04:17:13,Laboratorios Civil Inferior,39.1,Silence,0.0,39.78,Silence,0.0,0.0,0.0,0.0,0.0,0.0,0.0,0.0,0.0,0.0,39.71,38.92,38.53,-119,-7.5
2026-09-24 04:19:18,Laboratorios Civil Central,50.94,Group 1 (Common),86.91,53.04,Group 1 (Common),51.11,0.0,0.0,0.0,0.0,86.91,0.78,4.79,0.15,7.37,52.71,50.55,49.42,-114,6.2
2026-09-24 04:19:24,Lobby Eléctrica,22.57,Silence,0.0,23.22,Silence,0.0,0.0,0.0,0.0,0.0,0.0,0.0,0.0,0.0,0.0,23.32,22.58,21.79,-112,2.5
2026-09-24 04:19:27,Pasillo Decanato Civil,19.2,Silence,0.0,20.04,Silence,0.0,0.0,0.0,0.0,0.0,0.0,0.0,0.0,0.0,0.0,20.14,19.22,17.53,-109,9.5
2026-09-24 04:19:39,Lobby Civil,35.17,Silence,0.0,35.97,Silence,0.0,0.0,0.0,0.0,0.0,0.0,0.0,0.0,0.0,0.0,36.17,35.15,34.29,-101,12.5
2026-09-24 04:19:45,Pasillo Salones Civil,14.81,Silence,0.0,15.39,Silence,0.0,0.0,0.0,0.0,0.0,0.0,0.0,0.0,0.0,0.0,15.44,14.94,14.08,-107,4.0
2026-09-24 04:19:45,Pasillo Salones Eléctrica,29.55,Silence,0.0,30.2,Silence,0.0,0.0,0.0,0.0,0.0,0.0,0.0,0.0,0.0,0.0,30.21,29.67,28.99,-112,7.2
2026-09-24 04:19:46,Laboratorios Civil Superior,30.45,Silence,0.0,33.09,Silence,0.0,0.0,0.0,0.0,0.0,0.0,0.0,0.0,0.0,0.0,33.15,30.11,28.54,-117,1.2
2026-09-24 04:19:47,Salón - Uma Civil,10.26,Silence,0.0,10.73,Silence,0.0,0.0,0.0,0.0,0.0,0.0,0.0,0.0,0.0,0.0,10.83,10.13,9.78,-107,6.2
2026-09-24 04:19:50,Laboratorios Eléctrica Centro,23.41,Silence,0.0,32.91,Silence,0.0,0.0,0.0,0.0,0.0,0.0,0.0,0.0,0.0,0.0,34.41,13.4,11.46,-114,2.2
2026-09-24 04:19:52,Pasillo Decanato Eléctrica,19.25,Silence,0.0,20.31,Silence,0.0,0.0,0.0,0.0,0.0,0.0,0.0,0.0,0.0,0.0,20.69,19.4,17.98,-117,-8.0
2026-09-24 04:19:56,Salón - Extremo Civil,13.28,Silence,0.0,13.72,Silence,0.0,0.0,0.0,0.0,0.0,0.0,0.0,0.0,0.0,0.0,13.82,13.15,12.62,-95,12.8
2026-09-24 04:20:16,Laboratorios Eléctrica Inferior,22.75,Silence,0.0,23.41,Silence,0.0,0.0,0.0,0.0,0.0,0.0,0.0,0.0,0.0,0.0,23.62,22.54,22.13,-117,3.2
2026-09-24 04:20:16,Salón - Extremo Eléctrica,15.33,Silence,0.0,16.29,Silence,0.0,0.0,0.0,0.0,0.0,0.0,0.0,0.0,0.0,0.0,16.6,15.15,14.08,-94,9.0
2026-09-24 04:20:21,Salón - Uma Eléctrica,43.29,Silence,0.0,44.14,Silence,0.0,0.0,0.0,0.0,0.0,0.0,0.0,0.0,0.0,0.0,43.98,43.19,42.46,-107,10.2
2026-09-24 04:21:53,Laboratorios Eléctrica Superior,13.09,Silence,0.0,13.9,Silence,0.0,0.0,0.0,0.0,0.0,0.0,0.0,0.0,0.0,0.0,13.69,13.08,12.46,-95,11.8
2026-09-24 04:22:13,Laboratorios Civil Inferior,39.4,Silence,0.0,39.88,Silence,0.0,0.0,0.0,0.0,0.0,0.0,0.0,0.0,0.0,0.0,39.56,39.43,39.16,-121,-11.0
2026-09-24 04:24:18,Laboratorios Civil Central,51.44,Group 1 (Common),96.83,52.89,Group 1 (Common),51.3,0.0,0.0,0.0,0.0,96.83,0.0,0.0,0.0,3.13,53.37,51.57,49.3,-119,-2.8
2026-09-24 04:24:24,Lobby Eléctrica,31.05,Silence,0.0,31.82,Silence,0.0,0.0,0.0,0.0,0.0,0.0,0.0,0.0,0.0,0.0,31.65,31.19,29.62,-99,12.8
2026-09-24 04:24:33,Pasillo Decanato Civil,19.37,Silence,0.0,20.32,Silence,0.0,0.0,0.0,0.0,0.0,0.0,0.0,0.0,0.0,0.0,20.56,19.42,18.39,-119,0.8
2026-09-24 04:24:39,Lobby Civil,49.43,Group 1 (Common),96.97,50.33,Group 1 (Common),49.63,0.0,0.0,0.0,0.0,96.97,0.73,0.1,0.49,1.86,50.26,49.54,48.77,-103,12.0
2026-09-24 04:24:45,Pasillo Salones Civil,14.95,Silence,0.0,15.81,Silence,0.0,0.0,0.0,0.0,0.0,0.0,0.0,0.0,0.0,0.0,15.84,14.65,14.29,-96,8.5
2026-09-24 04:24:45,Pasillo Salones Eléctrica,28.97,Silence,0.0,30.36,Silence,0.0,0.0,0.0,0.0,0.0,0.0,0.0,0.0,0.0,0.0,29.46,28.91,28.37,-99,12.8
2026-09-24 04:24:46,Laboratorios Civil Superior,31.18,Silence,0.0,31.98,Silence,0.0,0.0,0.0,0.0,0.0,0.0,0.0,0.0,0.0,0.0,31.66,31.0,30.52,-115,2.8
2026-09-24 04:24:47,Salón - Uma Civil,10.22,Silence,0.0,11.03,Silence,0.0,0.0,0.0,0.0,0.0,0.0,0.0,0.0,0.0,0.0,10.96,10.22,9.43,-115,3.8
2026-09-24 04:24:50,Laboratorios Eléctrica Centro,36.54,Silence,0.0,39.13,Silence,0.0,0.0,0.0,0.0,0.0,0.0,0.0,0.0,0.0,0.0,39.32,38.55,23.19,-103,11.0
2026-09-24 04:24:52,Pasillo Decanato Eléctrica,19.11,Silence,0.0,20.06,Silence,0.0,0.0,0.0,0.0,0.0,0.0,0.0,0.0,0.0,0.0,20.01,18.93,18.27,-102,10.8
2026-09-24 04:24:56,Salón - Extremo Civil,16.22,Silence,0.0,17.52,Silence,0.0,0.0,0.0,0.0,0.0,0.0,0.0,0.0,0.0,0.0,17.85,16.02,14.79,-97,13.2
2026-09-24 04:25:16,Laboratorios Eléctrica Inferior,24.55,Silence,0.0,25.35,Silence,0.0,0.0,0.0,0.0,0.0,0.0,0.0,0.0,0.0,0.0,25.01,24.57,24.14,-120,-0.5
2026-09-24 04:25:16,Salón - Extremo Eléctrica,15.77,Silence,0.0,17.0,Silence,0.0,0.0,0.0,0.0,0.0,0.0,0.0,0.0,0.0,0.0,16.84,15.71,14.8,-105,7.8
2026-09-24 04:25:21,Salón - Uma Eléctrica,43.8,Silence,0.0,44.49,Silence,0.0,0.0,0.0,0.0,0.0,0.0,0.0,0.0,0.0,0.0,44.69,43.85,43.07,-117,-1.5
2026-09-24 04:26:53,Laboratorios Eléctrica Superior,20.86,Silence,0.0,22.12,Silence,0.0,0.0,0.0,0.0,0.0,0.0,0.0,0.0,0.0,0.0,22.55,20.62,19.65,-107,5.8
2026-09-24 04:27:13,Laboratorios Civil Inferior,39.64,Silence,0.0,40.3,Silence,0.0,0.0,0.0,0.0,0.0,0.0,0.0,0.0,0.0,0.0,40.09,39.55,39.45,-114,-3.0
2026-09-24 04:29:18,Laboratorios Civil Central,51.36,Group 1 (Common),91.71,52.76,Group 1 (Common),51.49,0.0,0.0,0.0,0.0,91.71,0.0,0.0,0.09,8.16,53.07,51.21,49.33,-120,-5.0
2026-09-24 04:29:24,Lobby Eléctrica,28.79,Silence,0.0,31.32,Silence,0.0,0.0,0.0,0.0,0.0,0.0,0.0,0.0,0.0,0.0,31.52,28.42,25.81,-97,12.5
2026-09-24 04:29:27,Pasillo Decanato Civil,18.8,Silence,0.0,19.58,Silence,0.0,0.0,0.0,0.0,0.0,0.0,0.0,0.0,0.0,0.0,19.61,18.64,18.16,-101,13.8
2026-09-24 04:29:39,Lobby Civil,36.2,Silence,0.0,36.7,Silence,0.0,0.0,0.0,0.0,0.0,0.0,0.0,0.0,0.0,0.0,36.66,36.17,35.63,-103,11.8
2026-09-24 04:29:45,Pasillo Salones Civil,18.23,Silence,0.0,23.31,Silence,0.0,0.0,0.0,0.0,0.0,0.0,0.0,0.0,0.0,0.0,24.12,15.82,14.42,-105,8.0
2026-09-24 04:29:45,Pasillo Salones Eléctrica,30.8,Silence,0.0,40.16,Silence,0.0,0.0,0.0,0.0,0.0,0.0,0.0,0.0,0.0,0.0,35.22,29.66,28.24,-111,6.8
2026-09-24 04:29:46,Laboratorios Civil Superior,32.02,Silence,0.0,33.08,Silence,0.0,0.0,0.0,0.0,0.0,0.0,0.0,0.0,0.0,0.0,32.85,32.11,31.14,-113,3.0
2026-09-24 04:29:47,Salón - Uma Civil,10.03,Silence,0.0,10.48,Silence,0.0,0.0,0.0,0.0,0.0,0.0,0.0,0.0,0.0,0.0,10.57,9.9,9.49,-101,11.2
2026-09-24 04:29:50,Laboratorios Eléctrica Centro,32.77,Silence,0.0,38.49,Silence,0.0,0.0,0.0,0.0,0.0,0.0,0.0,0.0,0.0,0.0,38.69,30.23,21.03,-115,-2.8
2026-09-24 04:29:52,Pasillo Decanato Eléctrica,18.96,Silence,0.0,19.72,Silence,0.0,0.0,0.0,0.0,0.0,0.0,0.0,0.0,0.0,0.0,19.25,19.05,18.44,-119,-3.8
2026-09-24 04:29:56,Salón - Extremo Civil,17.88,Silence,0.0,20.99,Silence,0.0,0.0,0.0,0.0,0.0,0.0,0.0,0.0,0.0,0.0,21.61,17.21,14.02,-90,9.5
2026-09-24 04:30:16,Laboratorios Eléctrica Inferior,25.17,Silence,0.0,25.96,Silence,0.0,0.0,0.0,0.0,0.0,0.0,0.0,0.0,0.0,0.0,25.71,25.17,24.76,-117,-1.5
2026-09-24 04:30:16,Salón - Extremo Eléctrica,20.44,Silence,0.0,23.53,Silence,0.0,0.0,0.0,0.0,0.0,0.0,0.0,0.0,0.0,0.0,23.92,19.98,15.16,-91,10.0
2026-09-24 04:30:21,Salón - Uma Eléctrica,43.68,Silence,0.0,44.97,Silence,0.0,0.0,0.0,0.0,0.0,0.0,0.0,0.0,0.0,0.0,45.21,43.34,42.35,-105,11.0
2026-09-24 04:31:53,Laboratorios Eléctrica Superior,17.33,Silence,0.0,18.04,Silence,0.0,0.0,0.0,0.0,0.0,0.0,0.0,0.0,0.0,0.0,17.77,17.46,16.82,-111,8.5
2026-09-24 04:32:13,Laboratorios Civil Inferior,38.96,Silence,0.0,39.94,Silence,0.0,0.0,0.0,0.0,0.0,0.0,0.0,0.0,0.0,0.0,40.23,38.84,38.24,-120,-12.0
2026-09-24 04:34:18,Laboratorios Civil Central,50.7,Group 1 (Common),90.1,52.28,Group 1 (Common),50.98,0.0,0.0,0.0,0.0,90.1,1.26,0.52,0.17,8.07,52.67,50.52,48.49,-109,9.8
2026-09-24 04:34:24,Lobby Eléctrica,26.29,Silence,0.0,27.7,Silence,0.0,0.0,0.0,0.0,0.0,0.0,0.0,0.0,0.0,0.0,27.33,26.39,25.41,-99,11.8
2026-09-24 04:34:27,Pasillo Decanato Civil,19.18,Silence,0.0,19.77,Silence,0.0,0.0,0.0,0.0,0.0,0.0,0.0,0.0,0.0,0.0,19.89,19.24,18.62,-111,9.2
2026-09-24 04:34:39,Lobby Civil,39.71,Silence,0.0,44.5,Silence,0.0,0.0,0.0,0.0,0.0,0.0,0.0,0.0,0.0,0.0,44.91,38.72,38.08,-111,7.8
2026-09-24 04:34:45,Pasillo Salones Civil,14.3,Silence,0.0,14.89,Silence,0.0,0.0,0.0,0.0,0.0,0.0,0.0,0.0,0.0,0.0,14.93,14.5,13.26,-105,8.0
2026-09-24 04:34:51,Pasillo Salones Eléctrica,28.95,Silence,0.0,29.66,Silence,0.0,0.0,0.0,0.0,0.0,0.0,0.0,0.0,0.0,0.0,30.25,28.99,27.98,-101,12.5
2026-09-24 04:34:51,Laboratorios Civil Superior,32.7,Silence,0.0,34.5,Silence,0.0,0.0,0.0,0.0,0.0,0.0,0.0,0.0,0.0,0.0,35.01,32.68,31.41,-115,3.8
2026-09-24 04:34:51,Salón - Uma Civil,9.84,Silence,0.0,10.42,Silence,0.0,0.0,0.0,0.0,0.0,0.0,0.0,0.0,0.0,0.0,10.34,10.02,9.15,-120,-6.5
2026-09-24 04:34:51,Laboratorios Eléctrica Centro,13.02,Silence,0.0,13.94,Silence,0.0,0.0,0.0,0.0,0.0,0.0,0.0,0.0,0.0,0.0,13.99,12.95,11.9,-115,2.2
2026-09-24 04:34:52,Pasillo Decanato Eléctrica,18.94,Silence,0.0,19.68,Silence,0.0,0.0,0.0,0.0,0.0,0.0,0.0,0.0,0.0,0.0,20.18,18.8,18.08,-103,12.8
2026-09-24 04:34:56,Salón - Extremo Civil,13.54,Silence,0.0,14.08,Silence,0.0,0.0,0.0,0.0,0.0,0.0,0.0,0.0,0.0,0.0,13.92,13.53,12.91,-93,13.8
2026-09-24 04:35:16,Laboratorios Eléctrica Inferior,28.55,Silence,0.0,30.49,Silence,0.0,0.0,0.0,0.0,0.0,0.0,0.0,0.0,0.0,0.0,30.52,28.59,23.75,-111,4.8
2026-09-24 04:35:16,Salón - Extremo Eléctrica,16.59,Silence,0.0,19.74,Silence,0.0,0.0,0.0,0.0,0.0,0.0,0.0,0.0,0.0,0.0,20.51,15.87,15.61,-108,6.5
2026-09-24 04:35:21,Salón - Uma Eléctrica,43.57,Silence,0.0,44.17,Silence,0.0,0.0,0.0,0.0,0.0,0.0,0.0,0.0,0.0,0.0,44.27,43.49,43.02,-120,-6.5
2026-09-24 04:36:53,Laboratorios Eléctrica Superior,17.34,Silence,0.0,20.52,Silence,0.0,0.0,0.0,0.0,0.0,0.0,0.0,0.0,0.0,0.0,20.57,16.07,14.58,-96,12.0
2026-09-24 04:37:13,Laboratorios Civil Inferior,39.38,Silence,0.0,40.3,Silence,0.0,0.0,0.0,0.0,0.0,0.0,0.0,0.0,0.0,0.0,40.12,39.38,38.22,-118,-9.8
2026-09-24 04:39:18,Laboratorios Civil Central,51.01,Group 1 (Common),84.16,52.56,Group 1 (Common),50.82,0.0,0.0,0.0,0.0,84.16,1.52,5.82,0.0,8.46,52.93,50.57,49.17,-105,9.0
2026-09-24 04:39:24,Lobby Eléctrica,25.95,Silence,0.0,27.39,Silence,0.0,0.0,0.0,0.0,0.0,0.0,0.0,0.0,0.0,0.0,27.54,25.8,23.95,-97,13.2
2026-09-24 04:39:27,Pasillo Decanato Civil,19.33,Silence,0.0,20.23,Silence,0.0,0.0,0.0,0.0,0.0,0.0,0.0,0.0,0.0,0.0,20.2,19.13,18.39,-115,-2.2
2026-09-24 04:39:39,Lobby Civil,40.02,Silence,0.0,44.61,Silence,0.0,0.0,0.0,0.0,0.0,0.0,0.0,0.0,0.0,0.0,44.04,39.24,38.12,-107,11.5
2026-09-24 04:39:45,Pasillo Salones Civil,15.62,Silence,0.0,16.08,Silence,0.0,0.0,0.0,0.0,0.0,0.0,0.0,0.0,0.0,0.0,15.97,15.57,15.44,-95,9.8
2026-09-24 04:39:45,Pasillo Salones Eléctrica,29.14,Silence,0.0,30.21,Silence,0.0,0.0,0.0,0.0,0.0,0.0,0.0,0.0,0.0,0.0,30.46,29.0,28.34,-114,4.8
2026-09-24 04:39:46,Laboratorios Civil Superior,31.81,Silence,0.0,33.01,Silence,0.0,0.0,0.0,0.0,0.0,0.0,0.0,0.0,0.0,0.0,33.02,31.85,30.06,-117,3.8
2026-09-24 04:39:47,Salón - Uma Civil,10.8,Silence,0.0,11.34,Silence,0.0,0.0,0.0,0.0,0.0,0.0,0.0,0.0,0.0,0.0,11.19,10.75,10.31,-107,12.2
2026-09-24 04:39:50,Laboratorios Eléctrica Centro,13.59,Silence,0.0,25.34,Silence,0.0,0.0,0.0,0.0,0.0,0.0,0.0,0.0,0.0,0.0,15.23,13.68,12.12,-102,11.2
2026-09-24 04:39:52,Pasillo Decanato Eléctrica,19.37,Silence,0.0,20.66,Silence,0.0,0.0,0.0,0.0,0.0,0.0,0.0,0.0,0.0,0.0,21.29,19.37,18.25,-116,-8.2
2026-09-24 04:39:58,Salón - Extremo Civil,13.66,Silence,0.0,14.64,Silence,0.0,0.0,0.0,0.0,0.0,0.0,0.0,0.0,0.0,0.0,14.89,13.4,12.7,-95,12.2
2026-09-24 04:40:16,Laboratorios Eléctrica Inferior,22.17,Silence,0.0,22.94,Silence,0.0,0.0,0.0,0.0,0.0,0.0,0.0,0.0,0.0,0.0,22.84,21.95,21.42,-111,7.2
2026-09-24 04:40:16,Salón - Extremo Eléctrica,14.71,Silence,0.0,15.29,Silence,0.0,0.0,0.0,0.0,0.0,0.0,0.0,0.0,0.0,0.0,15.45,14.54,14.29,-91,10.2
2026-09-24 04:40:21,Salón - Uma Eléctrica,43.24,Silence,0.0,44.16,Silence,0.0,0.0,0.0,0.0,0.0,0.0,0.0,0.0,0.0,0.0,43.71,43.39,42.42,-115,4.5
2026-09-24 04:41:53,Laboratorios Eléctrica Superior,15.13,Silence,0.0,16.16,Silence,0.0,0.0,0.0,0.0,0.0,0.0,0.0,0.0,0.0,0.0,16.21,15.02,14.38,-115,3.2
2026-09-24 04:42:13,Laboratorios Civil Inferior,41.07,Silence,0.0,41.58,Silence,0.0,0.0,0.0,0.0,0.0,0.0,0.0,0.0,0.0,0.0,41.44,41.11,40.65,-119,-10.8
2026-09-24 04:44:18,Laboratorios Civil Central,51.88,Group 1 (Common),80.82,53.47,Group 1 (Common),51.84,0.0,0.0,0.0,0.0,80.82,1.22,0.0,0.39,17.62,53.64,51.71,50.35,-115,-2.2
2026-09-24 04:44:24,Lobby Eléctrica,24.32,Silence,0.0,25.05,Silence,0.0,0.0,0.0,0.0,0.0,0.0,0.0,0.0,0.0,0.0,24.9,24.29,23.82,-121,-5.2
2026-09-24 04:44:27,Pasillo Decanato Civil,18.84,Silence,0.0,19.91,Silence,0.0,0.0,0.0,0.0,0.0,0.0,0.0,0.0,0.0,0.0,19.98,18.73,17.97,-105,12.5
2026-09-24 04:44:39,Lobby Civil,40.62,Silence,0.0,45.17,Silence,0.0,0.0,0.0,0.0,0.0,0.0,0.0,0.0,0.0,0.0,46.07,39.23,36.86,-105,9.8
2026-09-24 04:44:45,Pasillo Salones Civil,14.34,Silence,0.0,15.06,Silence,0.0,0.0,0.0,0.0,0.0,0.0,0.0,0.0,0.0,0.0,15.01,14.3,13.73,-105,7.0
2026-09-24 04:44:45,Pasillo Salones Eléctrica,38.68,Silence,0.0,47.14,Silence,0.0,0.0,0.0,0.0,0.0,0.0,0.0,0.0,0.0,0.0,42.61,37.34,32.63,-112,5.2
2026-09-24 04:44:46,Laboratorios Civil Superior,32.08,Silence,0.0,33.49,Silence,0.0,0.0,0.0,0.0,0.0,0.0,0.0,0.0,0.0,0.0,34.05,31.54,30.49,-101,10.2
2026-09-24 04:44:47,Salón - Uma Civil,9.52,Silence,0.0,10.5,Silence,0.0,0.0,0.0,0.0,0.0,0.0,0.0,0.0,0.0,0.0,10.32,9.39,8.85,-117,-0.2
2026-09-24 04:44:50,Laboratorios Eléctrica Centro,37.6,Silence,0.0,38.91,Silence,0.0,0.0,0.0,0.0,0.0,0.0,0.0,0.0,0.0,0.0,38.9,37.85,32.24,-111,6.0
2026-09-24 04:44:52,Pasillo Decanato Eléctrica,19.28,Silence,0.0,20.55,Silence,0.0,0.0,0.0,0.0,0.0,0.0,0.0,0.0,0.0,0.0,20.91,19.28,18.46,-101,12.8
2026-09-24 04:44:56,Salón - Extremo Civil,13.74,Silence,0.0,14.54,Silence,0.0,0.0,0.0,0.0,0.0,0.0,0.0,0.0,0.0,0.0,14.21,13.81,13.08,-93,12.5
2026-09-24 04:45:16,Laboratorios Eléctrica Inferior,25.11,Silence,0.0,25.85,Silence,0.0,0.0,0.0,0.0,0.0,0.0,0.0,0.0,0.0,0.0,25.92,24.86,24.13,-120,-3.5
2026-09-24 04:45:16,Salón - Extremo Eléctrica,14.76,Silence,0.0,15.66,Silence,0.0,0.0,0.0,0.0,0.0,0.0,0.0,0.0,0.0,0.0,15.78,14.97,13.75,-105,8.2
2026-09-24 04:45:21,Salón - Uma Eléctrica,43.4,Silence,0.0,44.17,Silence,0.0,0.0,0.0,0.0,0.0,0.0,0.0,0.0,0.0,0.0,44.42,43.62,42.18,-109,11.2
2026-09-24 04:46:53,Laboratorios Eléctrica Superior,17.59,Silence,0.0,18.94,Silence,0.0,0.0,0.0,0.0,0.0,0.0,0.0,0.0,0.0,0.0,18.93,17.56,16.01,-106,9.0
2026-09-24 04:47:13,Laboratorios Civil Inferior,51.71,Mixed,48.13,56.68,Group 5 (Vehicle),42.82,40.78,0.0,0.0,52.52,11.5,37.02,0.95,2.34,48.13,57.11,43.93,40.75,-120,-9.0
2026-09-24 04:49:18,Laboratorios Civil Central,51.62,Group 1 (Common),97.05,52.67,Group 1 (Common),51.34,0.0,0.0,0.0,0.0,97.05,0.17,1.52,0.04,1.13,52.82,51.62,50.21,-105,11.8
2026-09-24 04:49:24,Lobby Eléctrica,28.93,Silence,0.0,30.41,Silence,0.0,0.0,0.0,0.0,0.0,0.0,0.0,0.0,0.0,0.0,29.45,29.0,28.23,-115,1.5
2026-09-24 04:49:27,Pasillo Decanato Civil,20.26,Silence,0.0,21.27,Silence,0.0,0.0,0.0,0.0,0.0,0.0,0.0,0.0,0.0,0.0,21.02,20.25,19.59,-119,-4.0
2026-09-24 04:49:39,Lobby Civil,50.55,Mixed,53.86,54.21,Group 2 (Impact),48.54,53.25,0.0,0.0,47.57,53.86,31.81,0.91,4.77,8.9,54.89,48.35,47.23,-101,8.5
2026-09-24 04:49:45,Pasillo Salones Civil,14.23,Silence,0.0,14.8,Silence,0.0,0.0,0.0,0.0,0.0,0.0,0.0,0.0,0.0,0.0,15.14,14.24,13.75,-96,9.5
2026-09-24 04:49:45,Pasillo Salones Eléctrica,28.47,Silence,0.0,29.6,Silence,0.0,0.0,0.0,0.0,0.0,0.0,0.0,0.0,0.0,0.0,29.78,28.42,27.55,-109,9.0
2026-09-24 04:49:46,Laboratorios Civil Superior,50.06,Group 2 (Impact),71.7,58.36,Group 2 (Impact),0.0,53.14,0.0,0.0,54.04,10.2,71.7,0.09,0.87,17.19,57.72,42.25,33.96,-107,9.2
2026-09-24 04:49:48,Salón - Uma Civil,10.77,Silence,0.0,12.06,Silence,0.0,0.0,0.0,0.0,0.0,0.0,0.0,0.0,0.0,0.0,11.86,10.54,10.17,-103,10.5
2026-09-24 04:49:50,Laboratorios Eléctrica Centro,13.81,Silence,0.0,14.96,Silence,0.0,0.0,0.0,0.0,0.0,0.0,0.0,0.0,0.0,0.0,14.52,13.73,12.82,-114,4.2
2026-09-24 04:49:52,Pasillo Decanato Eléctrica,19.55,Silence,0.0,20.38,Silence,0.0,0.0,0.0,0.0,0.0,0.0,0.0,0.0,0.0,0.0,20.2,19.65,18.41,-120,-11.2
2026-09-24 04:49:56,Salón - Extremo Civil,13.45,Silence,0.0,14.05,Silence,0.0,0.0,0.0,0.0,0.0,0.0,0.0,0.0,0.0,0.0,14.12,13.56,12.85,-93,9.2
2026-09-24 04:50:19,Laboratorios Eléctrica Inferior,22.84,Silence,0.0,23.64,Silence,0.0,0.0,0.0,0.0,0.0,0.0,0.0,0.0,0.0,0.0,23.81,22.79,22.08,-119,-2.8
2026-09-24 04:50:19,Salón - Extremo Eléctrica,14.82,Silence,0.0,15.55,Silence,0.0,0.0,0.0,0.0,0.0,0.0,0.0,0.0,0.0,0.0,15.7,14.82,14.35,-107,6.2
2026-09-24 04:50:21,Salón - Uma Eléctrica,43.31,Silence,0.0,43.98,Silence,0.0,0.0,0.0,0.0,0.0,0.0,0.0,0.0,0.0,0.0,43.82,43.24,43.0,-117,3.0
2026-09-24 04:51:53,Laboratorios Eléctrica Superior,14.51,Silence,0.0,15.4,Silence,0.0,0.0,0.0,0.0,0.0,0.0,0.0,0.0,0.0,0.0,15.28,14.71,12.93,-96,9.0
2026-09-24 04:52:13,Laboratorios Civil Inferior,39.33,Silence,0.0,39.95,Silence,0.0,0.0,0.0,0.0,0.0,0.0,0.0,0.0,0.0,0.0,39.88,39.12,38.52,-119,-14.0
2026-09-24 04:54:18,Laboratorios Civil Central,50.28,Group 1 (Common),77.73,52.25,Group 1 (Common),50.26,0.0,0.0,0.0,0.0,77.73,0.88,3.13,0.0,18.02,52.66,50.02,47.99,-115,0.8
2026-09-24 04:54:24,Lobby Eléctrica,31.69,Silence,0.0,38.28,Silence,0.0,0.0,0.0,0.0,0.0,0.0,0.0,0.0,0.0,0.0,39.83,29.58,28.33,-111,7.8
2026-09-24 04:54:27,Pasillo Decanato Civil,19.26,Silence,0.0,20.19,Silence,0.0,0.0,0.0,0.0,0.0,0.0,0.0,0.0,0.0,0.0,20.15,19.16,18.56,-99,12.5
2026-09-24 04:54:39,Lobby Civil,38.89,Silence,0.0,39.81,Silence,0.0,0.0,0.0,0.0,0.0,0.0,0.0,0.0,0.0,0.0,39.68,38.61,38.16,-113,7.5
2026-09-24 04:54:45,Pasillo Salones Civil,14.37,Silence,0.0,14.97,Silence,0.0,0.0,0.0,0.0,0.0,0.0,0.0,0.0,0.0,0.0,15.37,14.21,13.93,-105,8.8
2026-09-24 04:54:45,Pasillo Salones Eléctrica,28.67,Silence,0.0,29.63,Silence,0.0,0.0,0.0,0.0,0.0,0.0,0.0,0.0,0.0,0.0,29.75,28.77,27.47,-111,2.2
2026-09-24 04:54:46,Laboratorios Civil Superior,34.98,Silence,0.0,37.28,Silence,0.0,0.0,0.0,0.0,0.0,0.0,0.0,0.0,0.0,0.0,37.27,35.07,30.62,-110,4.2
2026-09-24 04:54:48,Salón - Uma Civil,9.74,Silence,0.0,10.93,Silence,0.0,0.0,0.0,0.0,0.0,0.0,0.0,0.0,0.0,0.0,10.56,9.6,8.93,-113,-7.2
2026-09-24 04:54:50,Laboratorios Eléctrica Centro,15.1,Silence,0.0,19.85,Silence,0.0,0.0,0.0,0.0,0.0,0.0,0.0,0.0,0.0,0.0,15.79,15.25,14.02,-114,3.0
2026-09-24 04:54:52,Pasillo Decanato Eléctrica,20.04,Silence,0.0,20.63,Silence,0.0,0.0,0.0,0.0,0.0,0.0,0.0,0.0,0.0,0.0,20.94,20.16,18.82,-102,11.0
2026-09-24 04:54:56,Salón - Extremo Civil,13.06,Silence,0.0,13.76,Silence,0.0,0.0,0.0,0.0,0.0,0.0,0.0,0.0,0.0,0.0,13.69,13.04,12.34,-95,11.5
2026-09-24 04:55:16,Laboratorios Eléctrica Inferior,23.1,Silence,0.0,24.02,Silence,0.0,0.0,0.0,0.0,0.0,0.0,0.0,0.0,0.0,0.0,23.88,23.02,22.5,-121,-14.5
2026-09-24 04:55:16,Salón - Extremo Eléctrica,29.12,Silence,0.0,34.18,Silence,0.0,0.0,0.0,0.0,0.0,0.0,0.0,0.0,0.0,0.0,33.74,28.72,18.53,-106,4.8
2026-09-24 04:55:21,Salón - Uma Eléctrica,46.65,Mixed,63.06,49.23,Group 2 (Impact),48.99,46.15,0.0,0.0,46.27,11.37,63.06,1.39,4.17,19.88,49.94,46.5,43.46,-115,-4.5
2026-09-24 04:56:53,Laboratorios Eléctrica Superior,13.96,Silence,0.0,17.11,Silence,0.0,0.0,0.0,0.0,0.0,0.0,0.0,0.0,0.0,0.0,17.17,13.25,12.59,-113,5.8
2026-09-24 04:57:13,Laboratorios Civil Inferior,39.46,Silence,0.0,40.35,Silence,0.0,0.0,0.0,0.0,0.0,0.0,0.0,0.0,0.0,0.0,40.19,39.42,38.69,-119,-2.0
2026-09-24 04:59:18,Laboratorios Civil Central,50.99,Group 1 (Common),78.91,52.51,Group 1 (Common),50.52,0.0,50.93,0.0,0.0,78.91,1.66,10.35,0.1,8.98,53.06,50.24,48.99,-107,8.8
2026-09-24 04:59:24,Lobby Eléctrica,26.74,Silence,0.0,28.17,Silence,0.0,0.0,0.0,0.0,0.0,0.0,0.0,0.0,0.0,0.0,28.26,26.61,25.53,-111,5.8
2026-09-24 04:59:27,Pasillo Decanato Civil,19.79,Silence,0.0,20.47,Silence,0.0,0.0,0.0,0.0,0.0,0.0,0.0,0.0,0.0,0.0,20.3,19.96,18.78,-101,14.0
2026-09-24 04:59:39,Lobby Civil,40.68,Silence,0.0,45.87,Silence,0.0,0.0,0.0,0.0,0.0,0.0,0.0,0.0,0.0,0.0,46.76,38.25,35.66,-111,7.5
2026-09-24 04:59:45,Pasillo Salones Civil,15.1,Silence,0.0,16.01,Silence,0.0,0.0,0.0,0.0,0.0,0.0,0.0,0.0,0.0,0.0,16.13,14.64,14.31,-103,7.8
2026-09-24 04:59:45,Pasillo Salones Eléctrica,28.03,Silence,0.0,28.7,Silence,0.0,0.0,0.0,0.0,0.0,0.0,0.0,0.0,0.0,0.0,28.6,28.13,27.17,-111,7.2
2026-09-24 04:59:46,Laboratorios Civil Superior,32.39,Silence,0.0,33.42,Silence,0.0,0.0,0.0,0.0,0.0,0.0,0.0,0.0,0.0,0.0,33.5,32.65,30.8,-114,4.5
2026-09-24 04:59:48,Salón - Uma Civil,10.23,Silence,0.0,11.08,Silence,0.0,0.0,0.0,0.0,0.0,0.0,0.0,0.0,0.0,0.0,11.36,10.05,9.63,-116,-1.5
2026-09-24 04:59:50,Laboratorios Eléctrica Centro,33.41,Silence,0.0,37.63,Silence,0.0,0.0,0.0,0.0,0.0,0.0,0.0,0.0,0.0,0.0,37.72,33.53,12.5,-105,11.2
2026-09-24 04:59:52,Pasillo Decanato Eléctrica,19.33,Silence,0.0,20.39,Silence,0.0,0.0,0.0,0.0,0.0,0.0,0.0,0.0,0.0,0.0,20.26,19.33,18.31,-118,-8.2
2026-09-24 04:59:56,Salón - Extremo Civil,13.41,Silence,0.0,14.22,Silence,0.0,0.0,0.0,0.0,0.0,0.0,0.0,0.0,0.0,0.0,14.09,13.53,12.6,-99,13.2
2026-09-24 05:00:16,Laboratorios Eléctrica Inferior,26.04,Silence,0.0,26.82,Silence,0.0,0.0,0.0,0.0,0.0,0.0,0.0,0.0,0.0,0.0,27.0,26.15,24.99,-109,6.5
2026-09-24 05:00:16,Salón - Extremo Eléctrica,15.1,Silence,0.0,15.63,Silence,0.0,0.0,0.0,0.0,0.0,0.0,0.0,0.0,0.0,0.0,15.97,14.89,14.64,-105,8.0
2026-09-24 05:00:21,Salón - Uma Eléctrica,42.85,Silence,0.0,43.45,Silence,0.0,0.0,0.0,0.0,0.0,0.0,0.0,0.0,0.0,0.0,43.46,43.03,41.83,-108,10.0
2026-09-24 05:01:53,Laboratorios Eléctrica Superior,18.69,Silence,0.0,20.2,Silence,0.0,0.0,0.0,0.0,0.0,0.0,0.0,0.0,0.0,0.0,20.14,19.38,16.72,-111,8.8
2026-09-24 05:02:13,Laboratorios Civil Inferior,39.92,Silence,0.0,40.84,Silence,0.0,0.0,0.0,0.0,0.0,0.0,0.0,0.0,0.0,0.0,40.81,39.77,39.26,-120,-7.2
2026-09-24 05:04:18,Laboratorios Civil Central,53.3,Group 1 (Common),98.0,54.75,Group 1 (Common),52.94,0.0,0.0,0.0,0.0,98.0,0.0,0.0,0.0,1.95,54.28,53.62,50.91,-114,5.0
2026-09-24 05:04:24,Lobby Eléctrica,42.19,Silence,0.0,42.71,Silence,0.0,0.0,0.0,0.0,0.0,0.0,0.0,0.0,0.0,0.0,42.88,42.12,41.64,-114,1.0
2026-09-24 05:04:27,Pasillo Decanato Civil,21.5,Silence,0.0,22.78,Silence,0.0,0.0,0.0,0.0,0.0,0.0,0.0,0.0,0.0,0.0,23.12,21.19,20.72,-111,9.2
2026-09-24 05:04:39,Lobby Civil,54.54,Group 1 (Common),95.31,55.4,Group 1 (Common),54.51,0.0,0.0,0.0,0.0,95.31,0.15,0.0,0.0,4.49,55.27,54.51,53.72,-103,10.8
2026-09-24 05:04:45,Pasillo Salones Civil,15.48,Silence,0.0,16.02,Silence,0.0,0.0,0.0,0.0,0.0,0.0,0.0,0.0,0.0,0.0,15.9,15.57,14.92,-109,-1.0
2026-09-24 05:04:45,Pasillo Salones Eléctrica,28.32,Silence,0.0,29.02,Silence,0.0,0.0,0.0,0.0,0.0,0.0,0.0,0.0,0.0,0.0,28.99,28.4,27.52,-109,8.2
2026-09-24 05:04:46,Laboratorios Civil Superior,33.51,Silence,0.0,34.78,Silence,0.0,0.0,0.0,0.0,0.0,0.0,0.0,0.0,0.0,0.0,34.86,33.61,31.81,-103,11.2
2026-09-24 05:04:48,Salón - Uma Civil,10.19,Silence,0.0,10.74,Silence,0.0,0.0,0.0,0.0,0.0,0.0,0.0,0.0,0.0,0.0,10.97,9.96,9.7,-121,-7.8
2026-09-24 05:04:50,Laboratorios Eléctrica Centro,38.25,Silence,0.0,40.39,Silence,0.0,0.0,0.0,0.0,0.0,0.0,0.0,0.0,0.0,0.0,40.52,38.62,31.0,-102,11.2
2026-09-24 05:04:52,Pasillo Decanato Eléctrica,19.83,Silence,0.0,20.84,Silence,0.0,0.0,0.0,0.0,0.0,0.0,0.0,0.0,0.0,0.0,20.99,19.86,18.7,-99,9.0
2026-09-24 05:04:56,Salón - Extremo Civil,17.6,Silence,0.0,20.58,Silence,0.0,0.0,0.0,0.0,0.0,0.0,0.0,0.0,0.0,0.0,20.59,17.55,14.01,-93,12.0
2026-09-24 05:05:16,Laboratorios Eléctrica Inferior,26.19,Silence,0.0,27.11,Silence,0.0,0.0,0.0,0.0,0.0,0.0,0.0,0.0,0.0,0.0,26.74,26.31,25.37,-117,0.8
2026-09-24 05:05:16,Salón - Extremo Eléctrica,39.55,Silence,0.0,43.43,Silence,0.0,0.0,0.0,0.0,0.0,0.0,0.0,0.0,0.0,0.0,43.91,37.97,30.95,-108,4.8
2026-09-24 05:05:21,Salón - Uma Eléctrica,47.21,Mixed,48.26,47.98,Group 2 (Impact),0.0,47.45,47.12,0.0,0.0,0.0,48.26,31.34,1.0,19.49,48.01,47.11,46.2,-115,5.0
2026-09-24 05:06:53,Laboratorios Eléctrica Superior,18.3,Silence,0.0,19.7,Silence,0.0,0.0,0.0,0.0,0.0,0.0,0.0,0.0,0.0,0.0,19.35,18.25,17.0,-107,8.8
2026-09-24 05:07:13,Laboratorios Civil Inferior,39.7,Silence,0.0,40.32,Silence,0.0,0.0,0.0,0.0,0.0,0.0,0.0,0.0,0.0,0.0,40.38,39.66,38.69,-118,-2.8
2026-09-24 05:09:18,Laboratorios Civil Central,52.73,Group 1 (Common),98.96,54.82,Group 1 (Common),52.97,0.0,0.0,0.0,0.0,98.96,0.0,0.61,0.0,0.43,55.09,52.63,48.14,-111,8.2
2026-09-24 05:09:24,Lobby Eléctrica,42.91,Silence,0.0,43.43,Silence,0.0,0.0,0.0,0.0,0.0,0.0,0.0,0.0,0.0,0.0,43.59,42.97,42.4,-111,4.5
2026-09-24 05:09:27,Pasillo Decanato Civil,22.5,Silence,0.0,23.4,Silence,0.0,0.0,0.0,0.0,0.0,0.0,0.0,0.0,0.0,0.0,23.71,22.37,21.83,-108,9.5
2026-09-24 05:09:39,Lobby Civil,55.34,Group 1 (Common),80.6,59.68,Group 5 (Vehicle),55.56,0.0,0.0,0.0,58.91,80.6,1.43,0.52,0.35,17.01,55.83,55.47,54.6,-111,10.0
2026-09-24 05:09:45,Pasillo Salones Civil,15.69,Silence,0.0,16.21,Silence,0.0,0.0,0.0,0.0,0.0,0.0,0.0,0.0,0.0,0.0,16.12,15.68,15.05,-109,6.2
2026-09-24 05:09:45,Pasillo Salones Eléctrica,28.69,Silence,0.0,29.17,Silence,0.0,0.0,0.0,0.0,0.0,0.0,0.0,0.0,0.0,0.0,29.13,28.65,28.07,-115,5.2
2026-09-24 05:09:46,Laboratorios Civil Superior,32.2,Silence,0.0,33.89,Silence,0.0,0.0,0.0,0.0,0.0,0.0,0.0,0.0,0.0,0.0,33.37,31.81,30.94,-111,6.0
2026-09-24 05:09:48,Salón - Uma Civil,10.17,Silence,0.0,11.06,Silence,0.0,0.0,0.0,0.0,0.0,0.0,0.0,0.0,0.0,0.0,11.1,10.26,9.4,-108,8.2
2026-09-24 05:09:50,Laboratorios Eléctrica Centro,25.64,Silence,0.0,34.67,Silence,0.0,0.0,0.0,0.0,0.0,0.0,0.0,0.0,0.0,0.0,36.24,16.93,14.98,-117,3.0
2026-09-24 05:09:52,Pasillo Decanato Eléctrica,19.65,Silence,0.0,20.59,Silence,0.0,0.0,0.0,0.0,0.0,0.0,0.0,0.0,0.0,0.0,20.78,19.48,18.58,-103,11.0
2026-09-24 05:09:56,Salón - Extremo Civil,13.75,Silence,0.0,14.61,Silence,0.0,0.0,0.0,0.0,0.0,0.0,0.0,0.0,0.0,0.0,14.98,13.47,13.26,-97,12.2
2026-09-24 05:10:16,Laboratorios Eléctrica Inferior,23.49,Silence,0.0,24.29,Silence,0.0,0.0,0.0,0.0,0.0,0.0,0.0,0.0,0.0,0.0,24.13,23.46,22.97,-117,-6.5
2026-09-24 05:10:16,Salón - Extremo Eléctrica,30.47,Silence,0.0,32.97,Silence,0.0,0.0,0.0,0.0,0.0,0.0,0.0,0.0,0.0,0.0,33.87,30.78,25.21,-104,8.2
2026-09-24 05:10:21,Salón - Uma Eléctrica,43.84,Silence,0.0,44.53,Silence,0.0,0.0,0.0,0.0,0.0,0.0,0.0,0.0,0.0,0.0,44.42,43.8,43.11,-115,3.2
2026-09-24 05:11:53,Laboratorios Eléctrica Superior,12.77,Silence,0.0,13.22,Silence,0.0,0.0,0.0,0.0,0.0,0.0,0.0,0.0,0.0,0.0,13.01,12.76,12.54,-107,9.5
2026-09-24 05:12:13,Laboratorios Civil Inferior,39.38,Silence,0.0,39.97,Silence,0.0,0.0,0.0,0.0,0.0,0.0,0.0,0.0,0.0,0.0,40.2,39.34,38.52,-121,-9.5
2026-09-24 05:14:18,Laboratorios Civil Central,51.08,Group 1 (Common),86.11,53.12,Group 1 (Common),50.97,0.0,0.0,0.0,0.0,86.11,1.17,1.61,0.0,10.98,53.38,49.94,48.14,-117,-1.5
2026-09-24 05:14:24,Lobby Eléctrica,46.22,Mixed,58.64,50.68,Group 1 (Common),48.36,43.66,49.22,0.0,0.0,24.0,58.64,8.42,0.13,8.9,51.52,43.77,42.99,-112,5.0
2026-09-24 05:14:27,Pasillo Decanato Civil,22.98,Silence,0.0,24.11,Silence,0.0,0.0,0.0,0.0,0.0,0.0,0.0,0.0,0.0,0.0,24.28,22.87,21.52,-114,-2.2
2026-09-24 05:14:39,Lobby Civil,55.36,Group 1 (Common),95.57,56.04,Group 1 (Common),55.28,0.0,0.0,0.0,0.0,95.57,0.48,0.0,0.26,3.78,56.33,55.19,54.8,-113,4.2
2026-09-24 05:14:45,Pasillo Salones Civil,15.89,Silence,0.0,16.52,Silence,0.0,0.0,0.0,0.0,0.0,0.0,0.0,0.0,0.0,0.0,16.74,15.8,15.31,-101,9.8
2026-09-24 05:14:45,Pasillo Salones Eléctrica,28.91,Silence,0.0,29.68,Silence,0.0,0.0,0.0,0.0,0.0,0.0,0.0,0.0,0.0,0.0,29.55,29.09,27.55,-113,1.0
2026-09-24 05:14:46,Laboratorios Civil Superior,32.47,Silence,0.0,34.28,Silence,0.0,0.0,0.0,0.0,0.0,0.0,0.0,0.0,0.0,0.0,34.66,32.98,30.03,-104,9.2
2026-09-24 05:14:48,Salón - Uma Civil,13.99,Silence,0.0,16.15,Silence,0.0,0.0,0.0,0.0,0.0,0.0,0.0,0.0,0.0,0.0,16.13,14.45,11.63,-116,-10.0
2026-09-24 05:14:50,Laboratorios Eléctrica Centro,18.12,Silence,0.0,27.42,Silence,0.0,0.0,0.0,0.0,0.0,0.0,0.0,0.0,0.0,0.0,21.39,17.56,16.78,-107,10.5
2026-09-24 05:14:52,Pasillo Decanato Eléctrica,19.93,Silence,0.0,20.77,Silence,0.0,0.0,0.0,0.0,0.0,0.0,0.0,0.0,0.0,0.0,21.0,20.19,18.36,-101,12.0
2026-09-24 05:14:56,Salón - Extremo Civil,14.31,Silence,0.0,14.89,Silence,0.0,0.0,0.0,0.0,0.0,0.0,0.0,0.0,0.0,0.0,14.8,14.27,13.71,-96,11.5
2026-09-24 05:15:16,Laboratorios Eléctrica Inferior,36.61,Silence,0.0,37.58,Silence,0.0,0.0,0.0,0.0,0.0,0.0,0.0,0.0,0.0,0.0,37.31,36.56,35.29,-118,-1.2
2026-09-24 05:15:16,Salón - Extremo Eléctrica,15.78,Silence,0.0,16.5,Silence,0.0,0.0,0.0,0.0,0.0,0.0,0.0,0.0,0.0,0.0,16.47,15.86,15.07,-107,6.2
2026-09-24 05:15:21,Salón - Uma Eléctrica,45.5,Group 2 (Impact),94.97,47.78,Group 2 (Impact),0.0,45.58,0.0,0.0,0.0,0.0,94.97,0.0,0.17,4.56,47.82,44.84,43.99,-120,-4.0
2026-09-24 05:16:53,Laboratorios Eléctrica Superior,39.28,Silence,0.0,40.71,Silence,0.0,0.0,0.0,0.0,0.0,0.0,0.0,0.0,0.0,0.0,40.29,39.12,38.68,-117,2.8
2026-09-24 05:17:13,Laboratorios Civil Inferior,40.65,Silence,0.0,41.5,Silence,0.0,0.0,0.0,0.0,0.0,0.0,0.0,0.0,0.0,0.0,41.83,40.32,39.37,-119,-7.5
2026-09-24 05:19:18,Laboratorios Civil Central,62.45,Group 1 (Common),98.61,66.07,Group 1 (Common),60.69,0.0,0.0,0.0,0.0,98.61,0.22,0.0,0.22,1.0,66.71,59.22,56.36,-109,8.0
2026-09-24 05:19:24,Lobby Eléctrica,50.14,Mixed,66.45,55.41,Group 3 (Rotary Tool),0.0,48.7,49.25,0.0,0.0,0.0,28.82,66.45,0.95,3.65,55.34,48.78,46.71,-111,9.0
2026-09-24 05:19:27,Pasillo Decanato Civil,23.83,Silence,0.0,26.95,Silence,0.0,0.0,0.0,0.0,0.0,0.0,0.0,0.0,0.0,0.0,27.39,23.15,21.55,-119,-7.5
2026-09-24 05:19:39,Lobby Civil,56.05,Mixed,51.0,57.61,Group 2 (Impact),55.48,56.4,0.0,0.0,0.0,51.0,46.35,0.0,1.82,0.74,58.72,55.56,54.92,-113,5.5
2026-09-24 05:19:45,Pasillo Salones Civil,39.48,Silence,0.0,40.48,Silence,0.0,0.0,0.0,0.0,0.0,0.0,0.0,0.0,0.0,0.0,40.87,39.33,38.02,-107,8.2
2026-09-24 05:19:45,Pasillo Salones Eléctrica,34.26,Silence,0.0,35.11,Silence,0.0,0.0,0.0,0.0,0.0,0.0,0.0,0.0,0.0,0.0,34.97,34.5,33.33,-100,11.8
2026-09-24 05:19:46,Laboratorios Civil Superior,45.37,Group 1 (Common),70.62,49.62,Group 1 (Common),45.96,0.0,47.71,0.0,44.78,70.62,0.13,6.51,0.0,22.61,47.21,44.82,44.29,-105,12.0
2026-09-24 05:19:48,Salón - Uma Civil,37.07,Silence,0.0,38.51,Silence,0.0,0.0,0.0,0.0,0.0,0.0,0.0,0.0,0.0,0.0,38.18,37.0,35.38,-107,10.5
2026-09-24 05:19:50,Laboratorios Eléctrica Centro,45.96,Group 5 (Vehicle),80.12,46.74,Group 5 (Vehicle),0.0,0.0,45.46,0.0,45.96,3.34,0.0,16.54,0.0,80.12,46.77,46.1,44.83,-113,3.5
2026-09-24 05:19:52,Pasillo Decanato Eléctrica,19.8,Silence,0.0,20.87,Silence,0.0,0.0,0.0,0.0,0.0,0.0,0.0,0.0,0.0,0.0,20.9,19.74,17.87,-101,11.0
2026-09-24 05:19:56,Salón - Extremo Civil,30.9,Silence,0.0,36.25,Silence,0.0,0.0,0.0,0.0,0.0,0.0,0.0,0.0,0.0,0.0,36.75,30.7,24.78,-95,12.5
2026-09-24 05:20:16,Laboratorios Eléctrica Inferior,51.65,Group 5 (Vehicle),86.89,52.3,Group 5 (Vehicle),51.6,0.0,0.0,0.0,51.77,12.41,0.22,0.0,0.52,86.89,52.61,51.63,50.72,-111,7.0
2026-09-24 05:20:16,Salón - Extremo Eléctrica,16.66,Silence,0.0,17.2,Silence,0.0,0.0,0.0,0.0,0.0,0.0,0.0,0.0,0.0,0.0,17.66,16.51,15.89,-89,9.5
2026-09-24 05:20:21,Salón - Uma Eléctrica,44.08,Silence,0.0,44.99,Silence,0.0,0.0,0.0,0.0,0.0,0.0,0.0,0.0,0.0,0.0,44.79,44.21,43.03,-107,8.8
2026-09-24 05:21:53,Laboratorios Eléctrica Superior,39.57,Silence,0.0,40.44,Silence,0.0,0.0,0.0,0.0,0.0,0.0,0.0,0.0,0.0,0.0,40.34,39.57,38.64,-108,7.5
2026-09-24 05:22:13,Laboratorios Civil Inferior,40.35,Silence,0.0,41.05,Silence,0.0,0.0,0.0,0.0,0.0,0.0,0.0,0.0,0.0,0.0,41.17,40.38,39.64,-117,1.0
2026-09-24 05:24:18,Laboratorios Civil Central,59.74,Group 1 (Common),93.32,64.76,Group 1 (Common),59.82,0.0,0.0,0.0,0.0,93.32,0.26,0.04,0.3,6.25,65.84,55.93,51.67,-117,-2.5
2026-09-24 05:24:24,Lobby Eléctrica,44.88,Silence,0.0,48.24,Silence,0.0,0.0,0.0,0.0,0.0,0.0,0.0,0.0,0.0,0.0,48.7,43.75,40.68,-113,6.0
2026-09-24 05:24:27,Pasillo Decanato Civil,19.61,Silence,0.0,20.34,Silence,0.0,0.0,0.0,0.0,0.0,0.0,0.0,0.0,0.0,0.0,20.51,19.76,18.43,-105,11.5
2026-09-24 05:24:39,Lobby Civil,53.95,Group 1 (Common),85.94,56.71,Group 1 (Common),54.32,0.0,0.0,0.0,0.0,85.94,6.42,1.0,0.3,6.21,56.41,54.02,49.89,-103,10.8
2026-09-24 05:24:45,Pasillo Salones Civil,39.69,Silence,0.0,40.57,Silence,0.0,0.0,0.0,0.0,0.0,0.0,0.0,0.0,0.0,0.0,40.44,39.79,38.85,-107,7.5
2026-09-24 05:24:45,Pasillo Salones Eléctrica,33.76,Silence,0.0,34.53,Silence,0.0,0.0,0.0,0.0,0.0,0.0,0.0,0.0,0.0,0.0,34.65,33.83,32.96,-107,6.2
2026-09-24 05:24:47,Laboratorios Civil Superior,44.83,Silence,0.0,45.93,Silence,0.0,0.0,0.0,0.0,0.0,0.0,0.0,0.0,0.0,0.0,45.76,44.9,43.45,-117,1.5
2026-09-24 05:24:48,Salón - Uma Civil,37.39,Silence,0.0,39.27,Silence,0.0,0.0,0.0,0.0,0.0,0.0,0.0,0.0,0.0,0.0,39.32,37.2,35.08,-107,10.2
2026-09-24 05:24:51,Laboratorios Eléctrica Centro,44.21,Silence,0.0,45.14,Silence,0.0,0.0,0.0,0.0,0.0,0.0,0.0,0.0,0.0,0.0,45.32,44.27,42.98,-109,9.8
2026-09-24 05:24:52,Pasillo Decanato Eléctrica,19.67,Silence,0.0,20.41,Silence,0.0,0.0,0.0,0.0,0.0,0.0,0.0,0.0,0.0,0.0,20.19,19.76,19.03,-119,-4.2
2026-09-24 05:24:56,Salón - Extremo Civil,31.48,Silence,0.0,37.19,Silence,0.0,0.0,0.0,0.0,0.0,0.0,0.0,0.0,0.0,0.0,39.43,29.34,22.85,-97,12.5
2026-09-24 05:25:16,Laboratorios Eléctrica Inferior,51.33,Group 5 (Vehicle),94.68,52.38,Group 5 (Vehicle),0.0,0.0,0.0,0.0,51.68,4.83,0.05,0.0,0.49,94.68,52.27,51.09,50.82,-114,-0.2
2026-09-24 05:25:16,Salón - Extremo Eléctrica,16.71,Silence,0.0,17.91,Silence,0.0,0.0,0.0,0.0,0.0,0.0,0.0,0.0,0.0,0.0,17.5,16.71,15.32,-97,9.5
2026-09-24 05:25:21,Salón - Uma Eléctrica,43.93,Silence,0.0,44.59,Silence,0.0,0.0,0.0,0.0,0.0,0.0,0.0,0.0,0.0,0.0,44.57,43.87,43.52,-109,10.2
2026-09-24 05:26:53,Laboratorios Eléctrica Superior,39.07,Silence,0.0,39.9,Silence,0.0,0.0,0.0,0.0,0.0,0.0,0.0,0.0,0.0,0.0,40.46,38.69,37.61,-109,9.2
2026-09-24 05:27:13,Laboratorios Civil Inferior,40.85,Silence,0.0,41.8,Silence,0.0,0.0,0.0,0.0,0.0,0.0,0.0,0.0,0.0,0.0,41.75,41.05,39.86,-118,-8.8
2026-09-24 05:29:18,Laboratorios Civil Central,51.95,Group 1 (Common),87.85,53.13,Group 1 (Common),51.7,0.0,0.0,0.0,0.0,87.85,4.86,0.0,0.43,6.77,53.03,52.02,50.29,-119,-2.5
2026-09-24 05:29:24,Lobby Eléctrica,41.84,Silence,0.0,45.36,Silence,0.0,0.0,0.0,0.0,0.0,0.0,0.0,0.0,0.0,0.0,45.43,42.12,37.41,-99,12.8
2026-09-24 05:29:27,Pasillo Decanato Civil,20.27,Silence,0.0,21.65,Silence,0.0,0.0,0.0,0.0,0.0,0.0,0.0,0.0,0.0,0.0,21.47,20.53,18.72,-103,12.8
2026-09-24 05:29:39,Lobby Civil,44.33,Silence,0.0,54.81,Silence,0.0,0.0,0.0,0.0,0.0,0.0,0.0,0.0,0.0,0.0,49.42,42.55,41.41,-101,9.2
2026-09-24 05:29:45,Pasillo Salones Civil,38.68,Silence,0.0,39.35,Silence,0.0,0.0,0.0,0.0,0.0,0.0,0.0,0.0,0.0,0.0,39.2,38.67,38.2,-109,6.8
2026-09-24 05:29:45,Pasillo Salones Eléctrica,45.13,Group 2 (Impact),97.57,49.05,Group 2 (Impact),0.0,45.48,0.0,0.0,0.0,0.0,97.57,1.39,0.22,0.65,50.61,43.95,39.8,-113,5.5
2026-09-24 05:29:47,Laboratorios Civil Superior,44.05,Silence,0.0,44.78,Silence,0.0,0.0,0.0,0.0,0.0,0.0,0.0,0.0,0.0,0.0,44.76,44.31,42.65,-109,10.2
2026-09-24 05:29:48,Salón - Uma Civil,37.2,Silence,0.0,38.43,Silence,0.0,0.0,0.0,0.0,0.0,0.0,0.0,0.0,0.0,0.0,38.97,37.28,35.08,-115,7.0
2026-09-24 05:29:51,Laboratorios Eléctrica Centro,43.66,Silence,0.0,44.41,Silence,0.0,0.0,0.0,0.0,0.0,0.0,0.0,0.0,0.0,0.0,44.17,43.8,42.78,-105,11.5
2026-09-24 05:29:52,Pasillo Decanato Eléctrica,57.29,Group 1 (Common),98.09,58.29,Group 1 (Common),57.25,0.0,0.0,0.0,0.0,98.09,0.04,0.0,0.09,1.74,58.51,57.13,56.53,-117,-2.8
2026-09-24 05:29:56,Salón - Extremo Civil,36.68,Silence,0.0,41.88,Silence,0.0,0.0,0.0,0.0,0.0,0.0,0.0,0.0,0.0,0.0,41.97,35.61,30.11,-89,12.2
2026-09-24 05:30:16,Laboratorios Eléctrica Inferior,51.5,Group 5 (Vehicle),92.48,52.26,Group 5 (Vehicle),0.0,0.0,0.0,0.0,51.69,7.13,0.0,0.0,0.34,92.48,52.41,51.26,50.88,-111,8.2
2026-09-24 05:30:17,Salón - Extremo Eléctrica,17.3,Silence,0.0,18.3,Silence,0.0,0.0,0.0,0.0,0.0,0.0,0.0,0.0,0.0,0.0,18.41,17.29,16.17,-103,8.2
2026-09-24 05:30:21,Salón - Uma Eléctrica,44.59,Silence,0.0,45.39,Silence,0.0,0.0,0.0,0.0,0.0,0.0,0.0,0.0,0.0,0.0,45.32,44.57,43.2,-119,-1.8
2026-09-24 05:31:53,Laboratorios Eléctrica Superior,38.91,Silence,0.0,39.63,Silence,0.0,0.0,0.0,0.0,0.0,0.0,0.0,0.0,0.0,0.0,39.64,38.95,38.15,-108,8.0
2026-09-24 05:32:13,Laboratorios Civil Inferior,40.3,Silence,0.0,41.09,Silence,0.0,0.0,0.0,0.0,0.0,0.0,0.0,0.0,0.0,0.0,41.08,40.06,39.66,-120,-12.8
2026-09-24 05:34:18,Laboratorios Civil Central,52.38,Group 1 (Common),82.99,53.91,Group 1 (Common),52.68,0.0,0.0,0.0,0.0,82.99,1.09,0.0,0.52,15.41,54.17,51.99,50.36,-107,11.2
2026-09-24 05:34:24,Lobby Eléctrica,43.22,Silence,0.0,44.47,Silence,0.0,0.0,0.0,0.0,0.0,0.0,0.0,0.0,0.0,0.0,44.28,43.04,41.49,-101,12.5
2026-09-24 05:34:27,Pasillo Decanato Civil,20.43,Silence,0.0,21.29,Silence,0.0,0.0,0.0,0.0,0.0,0.0,0.0,0.0,0.0,0.0,21.2,20.38,19.65,-102,9.2
2026-09-24 05:34:39,Lobby Civil,42.47,Silence,0.0,43.45,Silence,0.0,0.0,0.0,0.0,0.0,0.0,0.0,0.0,0.0,0.0,43.35,42.25,41.53,-103,13.0
2026-09-24 05:34:45,Pasillo Salones Civil,40.17,Silence,0.0,41.29,Silence,0.0,0.0,0.0,0.0,0.0,0.0,0.0,0.0,0.0,0.0,40.85,40.04,39.55,-101,2.0
2026-09-24 05:34:45,Pasillo Salones Eléctrica,34.84,Silence,0.0,35.6,Silence,0.0,0.0,0.0,0.0,0.0,0.0,0.0,0.0,0.0,0.0,35.46,34.83,34.0,-102,8.5
2026-09-24 05:34:47,Laboratorios Civil Superior,44.6,Silence,0.0,45.13,Silence,0.0,0.0,0.0,0.0,0.0,0.0,0.0,0.0,0.0,0.0,45.04,44.63,44.08,-115,2.2
2026-09-24 05:34:48,Salón - Uma Civil,37.6,Silence,0.0,39.98,Silence,0.0,0.0,0.0,0.0,0.0,0.0,0.0,0.0,0.0,0.0,39.62,37.29,35.17,-105,11.5
2026-09-24 05:34:51,Laboratorios Eléctrica Centro,53.1,Mixed,38.57,54.61,Group 4 (Person),52.87,0.0,0.0,53.36,52.17,38.57,0.2,0.05,34.96,26.17,55.2,52.43,51.71,-103,8.0
2026-09-24 05:34:52,Pasillo Decanato Eléctrica,56.99,Group 1 (Common),99.13,57.45,Group 1 (Common),56.93,0.0,0.0,0.0,0.0,99.13,0.26,0.0,0.17,0.35,57.49,57.0,56.6,-101,8.5
2026-09-24 05:34:56,Salón - Extremo Civil,27.44,Silence,0.0,31.08,Silence,0.0,0.0,0.0,0.0,0.0,0.0,0.0,0.0,0.0,0.0,31.39,26.45,23.23,-101,12.5
2026-09-24 05:35:16,Laboratorios Eléctrica Inferior,55.36,Group 1 (Common),96.14,59.3,Group 1 (Common),56.31,0.0,0.0,0.0,0.0,96.14,0.13,0.0,0.35,3.34,58.85,55.09,52.72,-119,-0.2
2026-09-24 05:35:17,Salón - Extremo Eléctrica,16.8,Silence,0.0,18.13,Silence,0.0,0.0,0.0,0.0,0.0,0.0,0.0,0.0,0.0,0.0,17.51,16.9,15.97,-106,8.0
2026-09-24 05:35:21,Salón - Uma Eléctrica,43.78,Silence,0.0,44.84,Silence,0.0,0.0,0.0,0.0,0.0,0.0,0.0,0.0,0.0,0.0,44.69,43.82,43.34,-117,-1.2
2026-09-24 05:36:53,Laboratorios Eléctrica Superior,46.14,Mixed,47.74,47.32,Group 5 (Vehicle),46.05,0.0,0.0,0.0,46.13,47.74,2.39,0.43,1.78,47.57,47.27,46.32,43.87,-97,8.8
2026-09-24 05:37:13,Laboratorios Civil Inferior,40.23,Silence,0.0,41.16,Silence,0.0,0.0,0.0,0.0,0.0,0.0,0.0,0.0,0.0,0.0,41.17,40.01,39.52,-117,-10.8
2026-09-24 05:39:18,Laboratorios Civil Central,52.88,Mixed,68.01,54.24,Group 5 (Vehicle),52.77,0.0,0.0,0.0,53.77,68.01,0.48,0.0,0.3,31.16,53.92,52.67,51.73,-114,-3.5
2026-09-24 05:39:24,Lobby Eléctrica,44.36,Silence,0.0,51.7,Silence,0.0,0.0,0.0,0.0,0.0,0.0,0.0,0.0,0.0,0.0,49.82,43.65,37.18,-97,12.5
2026-09-24 05:39:27,Pasillo Decanato Civil,22.48,Silence,0.0,25.14,Silence,0.0,0.0,0.0,0.0,0.0,0.0,0.0,0.0,0.0,0.0,23.9,22.27,20.96,-114,-2.0
2026-09-24 05:39:39,Lobby Civil,56.76,Mixed,51.3,62.64,Group 4 (Person),52.18,53.21,0.0,60.1,0.0,51.3,9.94,0.0,38.72,0.0,63.84,52.29,47.99,-103,10.5
2026-09-24 05:39:45,Pasillo Salones Civil,39.0,Silence,0.0,39.72,Silence,0.0,0.0,0.0,0.0,0.0,0.0,0.0,0.0,0.0,0.0,39.5,38.94,38.46,-105,5.0
2026-09-24 05:39:45,Pasillo Salones Eléctrica,34.48,Silence,0.0,35.13,Silence,0.0,0.0,0.0,0.0,0.0,0.0,0.0,0.0,0.0,0.0,34.73,34.52,33.87,-115,2.8
2026-09-24 05:39:47,Laboratorios Civil Superior,44.84,Silence,0.0,46.22,Silence,0.0,0.0,0.0,0.0,0.0,0.0,0.0,0.0,0.0,0.0,45.86,44.8,43.98,-115,3.8
2026-09-24 05:39:48,Salón - Uma Civil,38.26,Silence,0.0,39.75,Silence,0.0,0.0,0.0,0.0,0.0,0.0,0.0,0.0,0.0,0.0,40.2,38.09,36.73,-111,6.5
2026-09-24 05:39:51,Laboratorios Eléctrica Centro,50.07,Group 2 (Impact),99.61,51.54,Group 2 (Impact),0.0,50.42,0.0,0.0,0.0,0.0,99.61,0.0,0.0,0.0,51.65,50.02,47.68,-107,9.8
2026-09-24 05:39:52,Pasillo Decanato Eléctrica,57.27,Group 1 (Common),98.13,58.03,Group 1 (Common),57.47,0.0,0.0,0.0,0.0,98.13,1.43,0.0,0.22,0.0,57.79,57.12,56.6,-103,11.2
2026-09-24 05:39:57,Salón - Extremo Civil,30.68,Silence,0.0,36.16,Silence,0.0,0.0,0.0,0.0,0.0,0.0,0.0,0.0,0.0,0.0,37.01,27.85,25.51,-90,11.5
2026-09-24 05:40:16,Laboratorios Eléctrica Inferior,56.28,Group 5 (Vehicle),99.61,57.66,Group 5 (Vehicle),0.0,0.0,0.0,0.0,56.5,0.0,0.0,0.0,0.04,99.61,57.69,55.93,54.37,-119,
2026-09-24 05:40:17,Salón - Extremo Eléctrica,17.14,Silence,0.0,19.18,Silence,0.0,0.0,0.0,0.0,0.0,0.0,0.0,0.0,0.0,0.0,17.65,17.16,16.61,-95,9.2
2026-09-24 05:40:21,Salón - Uma Eléctrica,43.4,Silence,0.0,43.88,Silence,0.0,0.0,0.0,0.0,0.0,0.0,0.0,0.0,0.0,0.0,44.05,43.31,42.44,-119,-4.2
2026-09-24 05:41:53,Laboratorios Eléctrica Superior,44.08,Silence,0.0,46.64,Silence,0.0,0.0,0.0,0.0,0.0,0.0,0.0,0.0,0.0,0.0,47.41,43.5,41.89,-107,9.0
2026-09-24 05:42:13,Laboratorios Civil Inferior,40.43,Silence,0.0,41.71,Silence,0.0,0.0,0.0,0.0,0.0,0.0,0.0,0.0,0.0,0.0,41.4,40.43,39.8,-120,-8.8
2026-09-24 05:44:18,Laboratorios Civil Central,51.44,Group 1 (Common),79.6,52.02,Group 1 (Common),51.6,0.0,0.0,0.0,0.0,79.6,2.91,0.0,0.69,16.88,52.04,51.67,50.35,-114,-2.5
2026-09-24 05:44:24,Lobby Eléctrica,45.24,Mixed,37.7,48.57,Group 4 (Person),46.44,43.75,0.0,46.42,42.56,8.69,23.83,5.86,23.97,37.7,48.98,44.73,39.5,-99,13.0
2026-09-24 05:44:27,Pasillo Decanato Civil,21.94,Silence,0.0,22.79,Silence,0.0,0.0,0.0,0.0,0.0,0.0,0.0,0.0,0.0,0.0,22.75,21.9,21.14,-101,13.2
2026-09-24 05:44:39,Lobby Civil,50.67,Mixed,49.61,55.05,Group 5 (Vehicle),51.06,49.74,0.0,50.97,52.82,13.18,49.61,0.0,6.54,30.66,55.54,47.94,44.01,-113,7.0
2026-09-24 05:44:45,Pasillo Salones Civil,40.21,Silence,0.0,41.88,Silence,0.0,0.0,0.0,0.0,0.0,0.0,0.0,0.0,0.0,0.0,41.74,39.93,38.97,-95,9.0
2026-09-24 05:44:45,Pasillo Salones Eléctrica,34.41,Silence,0.0,35.36,Silence,0.0,0.0,0.0,0.0,0.0,0.0,0.0,0.0,0.0,0.0,35.29,34.71,33.01,-103,11.5
2026-09-24 05:44:47,Laboratorios Civil Superior,44.01,Silence,0.0,44.76,Silence,0.0,0.0,0.0,0.0,0.0,0.0,0.0,0.0,0.0,0.0,44.93,43.9,43.46,-117,0.2
2026-09-24 05:44:48,Salón - Uma Civil,37.62,Silence,0.0,38.52,Silence,0.0,0.0,0.0,0.0,0.0,0.0,0.0,0.0,0.0,0.0,38.6,37.43,35.88,-115,
2026-09-24 05:44:51,Laboratorios Eléctrica Centro,43.97,Silence,0.0,44.73,Silence,0.0,0.0,0.0,0.0,0.0,0.0,0.0,0.0,0.0,0.0,44.57,43.97,42.72,-114,5.8
2026-09-24 05:44:52,Pasillo Decanato Eléctrica,57.37,Group 1 (Common),98.78,58.06,Group 1 (Common),57.45,0.0,0.0,0.0,0.0,98.78,0.0,0.0,0.04,1.0,57.87,57.5,56.9,-115,-10.2
2026-09-24 05:44:57,Salón - Extremo Civil,39.21,Silence,0.0,44.74,Silence,0.0,0.0,0.0,0.0,0.0,0.0,0.0,0.0,0.0,0.0,46.19,26.74,23.86,-101,9.2
2026-09-24 05:45:16,Laboratorios Eléctrica Inferior,51.5,Group 5 (Vehicle),81.77,52.22,Group 5 (Vehicle),0.0,0.0,0.0,0.0,51.78,12.72,3.39,0.09,2.04,81.77,52.21,51.49,50.79,-120,-10.5
2026-09-24 05:45:17,Salón - Extremo Eléctrica,32.1,Silence,0.0,38.07,Silence,0.0,0.0,0.0,0.0,0.0,0.0,0.0,0.0,0.0,0.0,37.37,28.78,21.63,-109,7.0
2026-09-24 05:45:21,Salón - Uma Eléctrica,43.98,Silence,0.0,44.73,Silence,0.0,0.0,0.0,0.0,0.0,0.0,0.0,0.0,0.0,0.0,44.82,43.95,43.3,-121,-6.8
2026-09-24 05:46:53,Laboratorios Eléctrica Superior,38.71,Silence,0.0,39.68,Silence,0.0,0.0,0.0,0.0,0.0,0.0,0.0,0.0,0.0,0.0,39.26,38.71,38.21,-113,6.8
2026-09-24 05:47:13,Laboratorios Civil Inferior,40.61,Silence,0.0,41.11,Silence,0.0,0.0,0.0,0.0,0.0,0.0,0.0,0.0,0.0,0.0,41.0,40.78,40.1,-117,-8.2
2026-09-24 05:49:18,Laboratorios Civil Central,55.97,Group 1 (Common),89.06,57.72,Group 1 (Common),56.0,0.0,0.0,0.0,0.0,89.06,1.87,0.0,0.48,8.59,58.11,55.71,52.77,-119,-9.5
2026-09-24 05:49:24,Lobby Eléctrica,58.4,Mixed,46.57,62.87,Group 4 (Person),61.98,50.5,54.71,61.06,0.0,14.37,27.21,8.64,46.57,3.26,63.31,56.12,46.53,-114,6.0
2026-09-24 05:49:27,Pasillo Decanato Civil,21.92,Silence,0.0,22.4,Silence,0.0,0.0,0.0,0.0,0.0,0.0,0.0,0.0,0.0,0.0,22.37,21.86,21.35,-111,9.2
2026-09-24 05:49:39,Lobby Civil,60.21,Mixed,54.82,63.65,Group 1 (Common),61.51,0.0,55.15,60.72,0.0,54.82,0.09,20.79,22.79,1.39,64.28,60.83,51.32,-111,8.5
2026-09-24 05:49:45,Pasillo Salones Civil,38.96,Silence,0.0,39.7,Silence,0.0,0.0,0.0,0.0,0.0,0.0,0.0,0.0,0.0,0.0,39.96,38.99,38.0,-109,5.2
2026-09-24 05:49:45,Pasillo Salones Eléctrica,33.86,Silence,0.0,36.75,Silence,0.0,0.0,0.0,0.0,0.0,0.0,0.0,0.0,0.0,0.0,37.8,33.17,31.41,-105,9.5
2026-09-24 05:49:47,Laboratorios Civil Superior,44.15,Silence,0.0,48.2,Silence,0.0,0.0,0.0,0.0,0.0,0.0,0.0,0.0,0.0,0.0,45.74,43.52,43.22,-109,5.8
2026-09-24 05:49:48,Salón - Uma Civil,37.92,Silence,0.0,39.41,Silence,0.0,0.0,0.0,0.0,0.0,0.0,0.0,0.0,0.0,0.0,39.29,37.75,36.72,-107,8.2
2026-09-24 05:49:51,Laboratorios Eléctrica Centro,45.35,Group 5 (Vehicle),86.28,46.51,Group 5 (Vehicle),43.89,0.0,0.0,0.0,45.15,7.68,0.65,5.21,0.0,86.28,46.78,45.03,44.18,-117,3.0
2026-09-24 05:49:52,Pasillo Decanato Eléctrica,57.25,Group 1 (Common),99.26,58.1,Group 1 (Common),57.42,0.0,0.0,0.0,0.0,99.26,0.09,0.0,0.17,0.48,58.51,57.14,56.19,-117,-5.0
2026-09-24 05:49:56,Salón - Extremo Civil,25.83,Silence,0.0,31.72,Silence,0.0,0.0,0.0,0.0,0.0,0.0,0.0,0.0,0.0,0.0,30.62,24.02,21.7,-97,13.2
2026-09-24 05:50:16,Laboratorios Eléctrica Inferior,51.49,Group 5 (Vehicle),79.56,52.12,Group 5 (Vehicle),51.52,0.0,0.0,0.0,51.61,18.97,0.78,0.0,0.74,79.56,51.86,51.46,50.94,-119,-4.0
2026-09-24 05:50:17,Salón - Extremo Eléctrica,17.49,Silence,0.0,19.1,Silence,0.0,0.0,0.0,0.0,0.0,0.0,0.0,0.0,0.0,0.0,19.62,17.63,15.14,-106,7.5
2026-09-24 05:50:21,Salón - Uma Eléctrica,43.93,Silence,0.0,44.95,Silence,0.0,0.0,0.0,0.0,0.0,0.0,0.0,0.0,0.0,0.0,45.18,43.99,42.46,-111,-5.8
2026-09-24 05:51:53,Laboratorios Eléctrica Superior,39.36,Silence,0.0,41.92,Silence,0.0,0.0,0.0,0.0,0.0,0.0,0.0,0.0,0.0,0.0,40.44,39.38,38.15,-115,2.5
2026-09-24 05:52:13,Laboratorios Civil Inferior,41.79,Silence,0.0,42.84,Silence,0.0,0.0,0.0,0.0,0.0,0.0,0.0,0.0,0.0,0.0,43.2,41.83,40.54,-119,-7.2
2026-09-24 05:54:18,Laboratorios Civil Central,54.47,Group 1 (Common),93.79,59.78,Group 1 (Common),56.02,0.0,0.0,0.0,0.0,93.79,0.52,0.0,0.09,5.43,58.7,53.49,52.22,-117,-2.5
2026-09-24 05:54:24,Lobby Eléctrica,50.77,Mixed,51.3,55.08,Group 4 (Person),0.0,38.69,0.0,53.06,0.0,2.95,51.3,0.04,44.66,0.91,55.26,52.3,36.15,-109,9.2
2026-09-24 05:54:27,Pasillo Decanato Civil,23.73,Silence,0.0,27.32,Silence,0.0,0.0,0.0,0.0,0.0,0.0,0.0,0.0,0.0,0.0,27.86,23.79,19.78,-111,7.2
2026-09-24 05:54:41,Lobby Civil,47.64,Group 1 (Common),90.8,49.86,Group 1 (Common),46.67,0.0,0.0,0.0,0.0,90.8,4.99,0.0,1.04,3.21,50.53,47.23,43.51,-114,4.8
2026-09-24 05:54:45,Pasillo Salones Civil,38.99,Silence,0.0,39.82,Silence,0.0,0.0,0.0,0.0,0.0,0.0,0.0,0.0,0.0,0.0,39.5,38.94,38.05,-96,3.5
2026-09-24 05:54:46,Pasillo Salones Eléctrica,33.36,Silence,0.0,34.33,Silence,0.0,0.0,0.0,0.0,0.0,0.0,0.0,0.0,0.0,0.0,34.18,33.45,32.19,-109,8.8
2026-09-24 05:54:47,Laboratorios Civil Superior,55.7,Mixed,57.81,60.34,Group 4 (Person),53.52,0.0,0.0,58.85,0.0,57.81,10.21,0.68,30.52,0.83,61.02,52.45,48.52,-106,9.5
2026-09-24 05:54:48,Salón - Uma Civil,38.63,Silence,0.0,39.7,Silence,0.0,0.0,0.0,0.0,0.0,0.0,0.0,0.0,0.0,0.0,39.73,38.38,37.42,-119,-3.2
2026-09-24 05:54:51,Laboratorios Eléctrica Centro,45.88,Mixed,50.48,47.05,Group 3 (Rotary Tool),45.23,0.0,46.48,0.0,45.57,12.11,0.22,37.02,0.04,50.48,47.62,45.68,44.69,-115,3.5
2026-09-24 05:54:52,Pasillo Decanato Eléctrica,57.26,Group 1 (Common),99.39,57.71,Group 1 (Common),57.22,0.0,0.0,0.0,0.0,99.39,0.04,0.0,0.0,0.3,57.71,57.35,56.68,-101,11.5
2026-09-24 05:54:57,Salón - Extremo Civil,33.72,Silence,0.0,38.31,Silence,0.0,0.0,0.0,0.0,0.0,0.0,0.0,0.0,0.0,0.0,37.96,33.58,22.61,-95,12.0
2026-09-24 05:55:16,Laboratorios Eléctrica Inferior,55.72,Mixed,52.99,58.9,Group 1 (Common),56.64,0.0,0.0,0.0,52.12,46.74,0.04,0.0,0.22,52.99,59.56,55.56,50.69,-119,-3.5
2026-09-24 05:55:17,Salón - Extremo Eléctrica,25.34,Silence,0.0,30.47,Silence,0.0,0.0,0.0,0.0,0.0,0.0,0.0,0.0,0.0,0.0,31.47,23.08,17.33,-106,7.5
2026-09-24 05:55:21,Salón - Uma Eléctrica,44.24,Silence,0.0,44.92,Silence,0.0,0.0,0.0,0.0,0.0,0.0,0.0,0.0,0.0,0.0,45.05,44.19,43.45,-118,-3.2
2026-09-24 05:56:53,Laboratorios Eléctrica Superior,40.23,Silence,0.0,41.65,Silence,0.0,0.0,0.0,0.0,0.0,0.0,0.0,0.0,0.0,0.0,42.08,40.08,38.4,-115,5.2
2026-09-24 05:57:13,Laboratorios Civil Inferior,45.33,Mixed,37.5,49.24,Group 5 (Vehicle),44.63,42.5,0.0,0.0,48.6,33.03,37.5,0.65,3.34,25.43,49.92,43.56,41.39,-118,-8.0
2026-09-24 05:59:18,Laboratorios Civil Central,58.43,Group 1 (Common),94.05,62.67,Group 1 (Common),58.64,0.0,0.0,0.0,0.0,94.05,0.69,0.0,0.65,4.64,63.16,55.72,51.89,-114,6.2
2026-09-24 05:59:24,Lobby Eléctrica,38.62,Silence,0.0,43.48,Silence,0.0,0.0,0.0,0.0,0.0,0.0,0.0,0.0,0.0,0.0,44.86,35.31,34.67,-111,8.2
2026-09-24 05:59:27,Pasillo Decanato Civil,21.19,Silence,0.0,22.41,Silence,0.0,0.0,0.0,0.0,0.0,0.0,0.0,0.0,0.0,0.0,23.03,21.02,19.82,-111,8.5
2026-09-24 05:59:39,Lobby Civil,60.08,Group 5 (Vehicle),73.65,64.31,Group 2 (Impact),60.67,64.07,0.0,0.0,58.42,7.9,10.98,3.21,4.3,73.65,65.84,58.12,53.15,-113,2.2
2026-09-24 05:59:45,Pasillo Salones Civil,40.22,Silence,0.0,41.25,Silence,0.0,0.0,0.0,0.0,0.0,0.0,0.0,0.0,0.0,0.0,40.77,40.39,39.35,-99,9.0
2026-09-24 05:59:51,Pasillo Salones Eléctrica,32.79,Silence,0.0,33.64,Silence,0.0,0.0,0.0,0.0,0.0,0.0,0.0,0.0,0.0,0.0,33.59,32.76,31.88,-113,7.8
2026-09-24 05:59:51,Laboratorios Civil Superior,58.92,Group 1 (Common),96.74,65.74,Group 1 (Common),59.43,0.0,0.0,0.0,0.0,96.74,0.13,0.0,1.56,1.35,64.96,53.6,45.97,-103,11.2
2026-09-24 05:59:51,Salón - Uma Civil,37.54,Silence,0.0,38.69,Silence,0.0,0.0,0.0,0.0,0.0,0.0,0.0,0.0,0.0,0.0,38.87,37.56,36.29,-117,0.8
2026-09-24 05:59:51,Laboratorios Eléctrica Centro,46.73,Group 5 (Vehicle),95.75,47.76,Group 5 (Vehicle),0.0,0.0,0.0,0.0,46.76,1.95,0.0,2.26,0.0,95.75,47.82,46.92,44.86,-113,3.2
2026-09-24 05:59:52,Pasillo Decanato Eléctrica,57.8,Group 1 (Common),99.22,58.82,Group 1 (Common),57.52,0.0,0.0,0.0,0.0,99.22,0.54,0.0,0.34,0.0,58.71,57.52,57.1,-121,-10.0
2026-09-24 05:59:57,Salón - Extremo Civil,26.46,Silence,0.0,28.82,Silence,0.0,0.0,0.0,0.0,0.0,0.0,0.0,0.0,0.0,0.0,29.27,26.22,23.05,-93,12.0
2026-09-24 06:00:16,Laboratorios Eléctrica Inferior,52.04,Group 5 (Vehicle),93.01,52.65,Group 5 (Vehicle),0.0,0.0,0.0,0.0,52.22,5.12,0.48,0.0,1.48,93.01,52.68,52.22,51.15,-120,-0.5
2026-09-24 06:00:17,Salón - Extremo Eléctrica,19.99,Silence,0.0,24.38,Silence,0.0,0.0,0.0,0.0,0.0,0.0,0.0,0.0,0.0,0.0,26.05,17.01,16.21,-103,8.0
2026-09-24 06:00:21,Salón - Uma Eléctrica,43.51,Silence,0.0,44.95,Silence,0.0,0.0,0.0,0.0,0.0,0.0,0.0,0.0,0.0,0.0,45.93,42.95,41.68,-117,-5.8
2026-09-24 06:01:53,Laboratorios Eléctrica Superior,45.61,Mixed,48.44,47.62,Group 1 (Common),45.75,0.0,46.92,0.0,41.49,48.44,5.69,7.51,0.69,37.59,47.69,46.42,39.51,-109,7.5
2026-09-24 06:02:13,Laboratorios Civil Inferior,51.64,Mixed,36.85,55.54,Group 5 (Vehicle),49.64,48.98,0.0,0.0,53.42,24.09,36.24,0.22,2.52,36.85,56.93,48.73,44.66,-119,-14.0
2026-09-24 06:04:18,Laboratorios Civil Central,52.58,Group 1 (Common),85.5,53.72,Group 1 (Common),52.58,0.0,0.0,0.0,0.0,85.5,2.39,0.0,0.52,11.55,53.59,52.5,51.21,-111,6.8
2026-09-24 06:04:24,Lobby Eléctrica,44.0,Silence,0.0,49.41,Silence,0.0,0.0,0.0,0.0,0.0,0.0,0.0,0.0,0.0,0.0,47.87,42.6,41.58,-97,12.5
2026-09-24 06:04:27,Pasillo Decanato Civil,27.09,Silence,0.0,29.54,Silence,0.0,0.0,0.0,0.0,0.0,0.0,0.0,0.0,0.0,0.0,30.09,26.13,24.98,-117,-9.8
2026-09-24 06:04:39,Lobby Civil,59.33,Mixed,60.16,60.72,Group 1 (Common),59.42,0.0,0.0,0.0,58.86,60.16,1.87,0.17,2.08,35.85,61.29,59.13,57.99,-111,7.8
2026-09-24 06:04:45,Pasillo Salones Civil,39.67,Silence,0.0,40.55,Silence,0.0,0.0,0.0,0.0,0.0,0.0,0.0,0.0,0.0,0.0,40.47,39.83,38.86,-106,7.8
2026-09-24 06:04:46,Pasillo Salones Eléctrica,33.33,Silence,0.0,34.28,Silence,0.0,0.0,0.0,0.0,0.0,0.0,0.0,0.0,0.0,0.0,34.5,33.16,32.29,-115,4.5
2026-09-24 06:04:47,Laboratorios Civil Superior,44.1,Silence,0.0,45.11,Silence,0.0,0.0,0.0,0.0,0.0,0.0,0.0,0.0,0.0,0.0,45.21,44.03,43.13,-105,9.8
2026-09-24 06:04:48,Salón - Uma Civil,38.36,Silence,0.0,39.65,Silence,0.0,0.0,0.0,0.0,0.0,0.0,0.0,0.0,0.0,0.0,39.62,37.99,37.22,-113,7.0
2026-09-24 06:04:51,Laboratorios Eléctrica Centro,50.21,Group 5 (Vehicle),70.96,52.67,Group 5 (Vehicle),49.16,49.55,0.0,0.0,49.65,8.07,15.89,1.95,3.34,70.96,53.85,49.52,48.63,-107,10.8
2026-09-24 06:04:52,Pasillo Decanato Eléctrica,57.5,Group 1 (Common),99.39,58.06,Group 1 (Common),57.5,0.0,0.0,0.0,0.0,99.39,0.3,0.0,0.13,0.09,57.85,57.6,56.9,-119,-8.8
2026-09-24 06:04:58,Salón - Extremo Civil,27.9,Silence,0.0,33.03,Silence,0.0,0.0,0.0,0.0,0.0,0.0,0.0,0.0,0.0,0.0,32.62,24.43,22.48,-96,11.5
2026-09-24 06:05:17,Laboratorios Eléctrica Inferior,52.09,Group 5 (Vehicle),86.18,52.57,Group 1 (Common),52.86,0.0,0.0,0.0,52.2,11.96,0.88,0.0,0.93,86.18,52.47,52.07,51.57,-109,6.2
2026-09-24 06:05:17,Salón - Extremo Eléctrica,18.44,Silence,0.0,21.21,Silence,0.0,0.0,0.0,0.0,0.0,0.0,0.0,0.0,0.0,0.0,21.01,17.84,16.95,-94,6.8
2026-09-24 06:05:21,Salón - Uma Eléctrica,41.82,Silence,0.0,42.6,Silence,0.0,0.0,0.0,0.0,0.0,0.0,0.0,0.0,0.0,0.0,42.82,41.73,41.02,-117,-1.2
2026-09-24 06:06:53,Laboratorios Eléctrica Superior,39.27,Silence,0.0,40.57,Silence,0.0,0.0,0.0,0.0,0.0,0.0,0.0,0.0,0.0,0.0,41.1,39.15,38.18,-109,7.2
2026-09-24 06:07:13,Laboratorios Civil Inferior,51.55,Mixed,57.07,55.08,Group 5 (Vehicle),50.1,41.98,0.0,0.0,52.87,15.32,25.69,0.04,1.69,57.07,55.19,51.31,40.7,-119,-10.0
2026-09-24 06:09:18,Laboratorios Civil Central,53.04,Group 1 (Common),87.46,54.37,Group 1 (Common),52.96,0.0,0.0,0.0,0.0,87.46,1.56,0.0,0.52,10.5,54.18,52.94,51.83,-115,0.5
2026-09-24 06:09:24,Lobby Eléctrica,56.83,Mixed,50.43,57.65,Group 1 (Common),57.02,0.0,0.0,0.0,56.65,47.96,1.09,0.04,0.35,50.43,58.13,56.68,56.23,-96,11.5
2026-09-24 06:09:27,Pasillo Decanato Civil,21.86,Silence,0.0,24.41,Silence,0.0,0.0,0.0,0.0,0.0,0.0,0.0,0.0,0.0,0.0,24.71,21.5,20.4,-112,2.8
2026-09-24 06:09:39,Lobby Civil,50.58,Group 1 (Common),76.82,57.08,Group 1 (Common),47.56,0.0,0.0,0.0,0.0,76.82,19.84,0.0,2.3,1.04,58.8,45.61,44.57,-101,9.2
2026-09-24 06:09:45,Pasillo Salones Civil,40.22,Silence,0.0,41.12,Silence,0.0,0.0,0.0,0.0,0.0,0.0,0.0,0.0,0.0,0.0,40.82,40.34,39.48,-94,9.8
2026-09-24 06:09:46,Pasillo Salones Eléctrica,71.7,Mixed,66.97,72.29,Group 5 (Vehicle),0.0,71.8,0.0,0.0,71.78,1.26,16.84,8.42,6.42,66.97,71.97,71.74,71.31,-113,9.0
2026-09-24 06:09:47,Laboratorios Civil Superior,45.36,Mixed,42.23,46.11,Group 1 (Common),45.56,45.38,0.0,0.0,45.34,31.86,20.62,0.09,5.21,42.23,45.9,45.27,44.77,-115,4.2
2026-09-24 06:09:48,Salón - Uma Civil,38.09,Silence,0.0,39.86,Silence,0.0,0.0,0.0,0.0,0.0,0.0,0.0,0.0,0.0,0.0,39.65,38.18,36.74,-111,7.5
2026-09-24 06:09:51,Laboratorios Eléctrica Centro,47.42,Group 5 (Vehicle),99.39,51.07,Group 5 (Vehicle),0.0,0.0,0.0,0.0,46.58,0.35,0.0,0.04,0.0,99.39,51.82,45.83,45.21,-113,0.8
2026-09-24 06:09:52,Pasillo Decanato Eléctrica,57.42,Group 1 (Common),99.18,57.9,Group 1 (Common),57.41,0.0,0.0,0.0,0.0,99.18,0.56,0.0,0.26,0.04,57.99,57.4,56.96,-101,11.2
2026-09-24 06:09:57,Salón - Extremo Civil,26.01,Silence,0.0,28.9,Silence,0.0,0.0,0.0,0.0,0.0,0.0,0.0,0.0,0.0,0.0,29.01,25.69,23.09,-101,12.0
2026-09-24 06:10:17,Laboratorios Eléctrica Inferior,52.13,Mixed,52.25,52.91,Group 1 (Common),52.01,0.0,0.0,0.0,52.32,52.25,0.83,0.0,0.49,46.44,52.78,52.0,50.93,-119,-0.2
2026-09-24 06:10:23,Salón - Extremo Eléctrica,57.41,Mixed,54.34,58.23,Group 1 (Common),57.47,0.0,0.0,0.0,57.55,54.34,5.64,0.09,1.61,38.06,58.06,57.33,56.84,-102,8.0
2026-09-24 06:10:23,Salón - Uma Eléctrica,56.57,Mixed,61.07,57.06,Group 2 (Impact),0.0,56.47,0.0,0.0,56.43,3.65,26.43,4.21,4.82,61.07,57.15,56.62,55.96,-106,8.5
2026-09-24 06:11:53,Laboratorios Eléctrica Superior,38.63,Silence,0.0,39.37,Silence,0.0,0.0,0.0,0.0,0.0,0.0,0.0,0.0,0.0,0.0,39.17,38.7,38.17,-93,12.5
2026-09-24 06:12:13,Laboratorios Civil Inferior,47.73,Mixed,33.64,53.3,Group 1 (Common),52.72,44.81,0.0,0.0,48.38,33.64,30.12,1.17,2.78,32.25,52.4,45.5,41.05,-120,-9.2
2026-09-24 06:14:18,Laboratorios Civil Central,53.0,Group 1 (Common),78.86,53.98,Group 1 (Common),53.03,0.0,0.0,0.0,0.0,78.86,7.25,0.0,1.26,12.63,54.63,53.04,51.26,-117,-1.5
2026-09-24 06:14:24,Lobby Eléctrica,45.09,Mixed,43.66,46.97,Group 1 (Common),46.21,44.54,0.0,0.0,0.0,38.89,43.66,1.13,0.78,15.58,46.42,44.91,43.89,-111,6.2
2026-09-24 06:14:27,Pasillo Decanato Civil,22.5,Silence,0.0,23.9,Silence,0.0,0.0,0.0,0.0,0.0,0.0,0.0,0.0,0.0,0.0,24.15,22.37,21.02,-108,8.2
2026-09-24 06:14:39,Lobby Civil,49.38,Group 5 (Vehicle),94.92,50.07,Group 5 (Vehicle),0.0,0.0,0.0,0.0,49.34,0.39,2.82,0.3,1.74,94.92,50.21,49.5,48.25,-102,11.0
2026-09-24 06:14:45,Pasillo Salones Civil,40.19,Silence,0.0,41.15,Silence,0.0,0.0,0.0,0.0,0.0,0.0,0.0,0.0,0.0,0.0,41.25,40.12,38.59,-107,9.0
2026-09-24 06:14:46,Pasillo Salones Eléctrica,47.1,Group 2 (Impact),85.81,56.57,Group 2 (Impact),0.0,50.75,0.0,0.0,0.0,7.99,85.81,0.04,0.0,6.08,53.65,43.14,34.94,-112,4.2
2026-09-24 06:14:47,Laboratorios Civil Superior,44.78,Silence,0.0,45.41,Silence,0.0,0.0,0.0,0.0,0.0,0.0,0.0,0.0,0.0,0.0,45.39,44.9,43.21,-107,10.0
2026-09-24 06:14:48,Salón - Uma Civil,39.37,Silence,0.0,40.3,Silence,0.0,0.0,0.0,0.0,0.0,0.0,0.0,0.0,0.0,0.0,40.27,39.39,38.35,-118,-6.8
2026-09-24 06:14:51,Laboratorios Eléctrica Centro,48.43,Group 5 (Vehicle),95.31,50.65,Group 5 (Vehicle),0.0,0.0,0.0,0.0,49.02,4.39,0.0,0.15,0.05,95.31,50.78,47.99,45.76,-103,9.8
2026-09-24 06:14:52,Pasillo Decanato Eléctrica,57.56,Group 1 (Common),95.49,58.34,Group 1 (Common),57.57,0.0,0.0,0.0,0.0,95.49,0.09,0.0,0.04,4.21,58.59,57.54,56.64,-117,-10.2
2026-09-24 06:14:57,Salón - Extremo Civil,53.97,Mixed,47.74,56.08,Group 1 (Common),54.2,53.3,0.0,0.0,0.0,22.79,47.74,4.34,11.68,13.59,56.07,52.04,51.27,-93,12.5
2026-09-24 06:15:17,Laboratorios Eléctrica Inferior,51.82,Group 5 (Vehicle),90.36,52.51,Group 5 (Vehicle),0.0,0.0,0.0,0.0,52.26,9.2,0.0,0.0,0.52,90.36,52.27,51.89,51.0,-119,-1.2
2026-09-24 06:15:17,Salón - Extremo Eléctrica,54.93,Mixed,65.63,56.63,Group 5 (Vehicle),0.0,53.95,0.0,0.0,56.6,0.3,65.63,13.45,5.12,15.49,56.9,53.85,52.99,-103,8.5
2026-09-24 06:15:21,Salón - Uma Eléctrica,44.09,Silence,0.0,44.79,Silence,0.0,0.0,0.0,0.0,0.0,0.0,0.0,0.0,0.0,0.0,44.51,44.02,43.63,-119,-6.2
2026-09-24 06:16:53,Laboratorios Eléctrica Superior,42.02,Silence,0.0,43.28,Silence,0.0,0.0,0.0,0.0,0.0,0.0,0.0,0.0,0.0,0.0,42.96,41.75,41.14,-108,8.5
2026-09-24 06:17:13,Laboratorios Civil Inferior,50.58,Mixed,42.4,55.71,Group 1 (Common),51.56,45.05,0.0,0.0,54.88,42.4,30.56,0.26,2.17,24.48,56.77,46.16,44.17,-121,-7.2
2026-09-24 06:19:18,Laboratorios Civil Central,52.31,Group 1 (Common),81.08,53.27,Group 1 (Common),52.53,0.0,0.0,0.0,52.34,81.08,1.0,0.0,0.35,17.62,53.39,52.26,50.98,-114,3.2
2026-09-24 06:19:24,Lobby Eléctrica,54.17,Mixed,56.03,56.66,Group 5 (Vehicle),0.0,53.71,0.0,0.0,55.27,2.91,29.04,5.56,6.64,56.03,56.58,53.27,52.56,-99,12.8
2026-09-24 06:19:27,Pasillo Decanato Civil,31.53,Silence,0.0,32.91,Silence,0.0,0.0,0.0,0.0,0.0,0.0,0.0,0.0,0.0,0.0,32.31,31.5,30.86,-112,1.2
2026-09-24 06:19:39,Lobby Civil,65.89,Mixed,47.48,67.31,Group 3 (Rotary Tool),0.0,66.29,67.24,65.66,66.04,0.0,22.27,24.78,5.51,47.48,67.06,65.69,64.94,-101,10.8
2026-09-24 06:19:45,Pasillo Salones Civil,74.68,Mixed,57.55,74.91,Group 5 (Vehicle),0.0,0.0,74.62,0.0,74.64,0.0,6.73,34.29,1.48,57.55,74.91,74.65,74.4,-93,10.5
2026-09-24 06:19:46,Pasillo Salones Eléctrica,41.93,Silence,0.0,42.65,Silence,0.0,0.0,0.0,0.0,0.0,0.0,0.0,0.0,0.0,0.0,42.64,42.09,41.03,-113,7.5
2026-09-24 06:19:47,Laboratorios Civil Superior,45.78,Group 1 (Common),88.06,46.72,Group 1 (Common),45.92,0.0,0.0,0.0,0.0,88.06,0.61,0.0,0.35,10.94,46.56,45.66,45.22,-111,5.8
2026-09-24 06:19:48,Salón - Uma Civil,62.29,Group 5 (Vehicle),98.65,62.78,Group 5 (Vehicle),0.0,0.0,0.0,0.0,62.29,0.0,0.22,0.74,0.52,98.65,62.87,62.15,61.56,-115,5.8
2026-09-24 06:19:51,Laboratorios Eléctrica Centro,70.63,Group 5 (Vehicle),71.0,71.4,Group 1 (Common),71.21,70.75,0.0,0.0,70.73,12.94,8.15,1.86,5.86,71.0,71.32,70.4,70.09,-117,-3.0
2026-09-24 06:19:52,Pasillo Decanato Eléctrica,58.07,Group 1 (Common),80.25,61.54,Group 1 (Common),59.02,57.72,0.0,0.0,0.0,80.25,14.06,0.0,1.17,4.6,60.41,57.7,56.6,-102,11.5
2026-09-24 06:19:57,Salón - Extremo Civil,66.45,Mixed,46.14,67.21,Group 5 (Vehicle),0.0,0.0,66.47,0.0,66.54,0.0,9.72,46.14,1.52,42.62,67.21,66.17,65.85,-101,11.5
2026-09-24 06:20:17,Laboratorios Eléctrica Inferior,63.05,Group 5 (Vehicle),93.58,63.59,Group 5 (Vehicle),0.0,0.0,0.0,0.0,63.06,4.95,0.26,0.22,1.09,93.58,63.5,63.02,62.53,-120,-0.5
2026-09-24 06:20:17,Salón - Extremo Eléctrica,60.48,Mixed,39.97,61.8,Group 3 (Rotary Tool),0.0,60.24,61.7,61.32,61.34,0.3,39.97,8.29,15.45,35.98,61.97,60.25,58.1,-108,7.0
2026-09-24 06:20:21,Salón - Uma Eléctrica,41.75,Silence,0.0,42.45,Silence,0.0,0.0,0.0,0.0,0.0,0.0,0.0,0.0,0.0,0.0,42.67,41.6,41.25,-119,-4.5
2026-09-24 06:21:56,Laboratorios Eléctrica Superior,69.52,Mixed,48.87,70.23,Group 2 (Impact),0.0,69.66,69.76,0.0,0.0,0.09,48.87,28.17,7.94,15.02,69.95,69.57,69.11,-95,12.5
2026-09-24 06:22:13,Laboratorios Civil Inferior,54.51,Group 2 (Impact),83.79,60.19,Group 2 (Impact),0.0,53.43,0.0,0.0,0.0,6.4,83.79,0.63,4.59,4.59,62.08,43.91,43.17,-120,-5.5
2026-09-24 06:24:18,Laboratorios Civil Central,54.75,Group 1 (Common),77.98,55.81,Group 1 (Common),55.28,0.0,0.0,0.0,0.0,77.98,4.05,0.0,2.29,15.67,55.58,54.86,52.45,-115,3.5
2026-09-24 06:24:24,Lobby Eléctrica,56.01,Mixed,53.52,56.92,Group 2 (Impact),0.0,56.03,0.0,0.0,56.31,0.0,53.52,18.01,2.26,26.26,56.96,55.81,55.21,-97,13.0
2026-09-24 06:24:27,Pasillo Decanato Civil,45.88,Mixed,54.6,47.3,Group 3 (Rotary Tool),0.0,45.88,45.85,0.0,0.0,0.0,35.29,54.6,0.3,9.81,48.15,45.64,42.85,-96,11.8
2026-09-24 06:24:39,Lobby Civil,74.32,Mixed,48.18,76.14,Group 3 (Rotary Tool),0.0,73.96,75.06,73.52,0.0,0.09,13.85,48.18,37.2,0.82,76.76,73.45,73.16,-97,9.2
2026-09-24 06:24:45,Pasillo Salones Civil,47.94,Mixed,46.14,48.55,Group 2 (Impact),0.0,48.59,0.0,0.0,0.0,0.0,46.14,15.72,0.49,37.7,48.44,47.74,47.32,-95,11.5
2026-09-24 06:24:46,Pasillo Salones Eléctrica,56.19,Mixed,41.62,56.96,Group 3 (Rotary Tool),0.0,54.68,56.72,0.0,51.2,0.0,35.89,41.62,0.13,22.31,56.99,56.7,53.9,-117,0.8
2026-09-24 06:24:47,Laboratorios Civil Superior,49.39,Mixed,51.61,57.19,Group 5 (Vehicle),48.04,0.0,0.0,0.0,56.37,51.61,0.48,3.91,0.09,43.79,55.2,47.33,44.69,-107,11.0
2026-09-24 06:24:48,Salón - Uma Civil,39.14,Silence,0.0,40.57,Silence,0.0,0.0,0.0,0.0,0.0,0.0,0.0,0.0,0.0,0.0,40.83,38.75,36.7,-111,-6.0
2026-09-24 06:24:51,Laboratorios Eléctrica Centro,70.29,Group 5 (Vehicle),72.09,71.02,Group 5 (Vehicle),70.2,70.07,0.0,0.0,70.36,12.85,8.98,2.43,3.86,72.09,70.87,70.25,69.84,-114,4.2
2026-09-24 06:24:52,Pasillo Decanato Eléctrica,57.79,Group 1 (Common),99.57,58.8,Group 1 (Common),57.92,0.0,0.0,0.0,0.0,99.57,0.09,0.0,0.13,0.17,58.57,57.85,56.83,-118,-7.2
2026-09-24 06:24:57,Salón - Extremo Civil,66.28,Group 4 (Person),73.39,66.69,Group 4 (Person),65.96,0.0,0.0,66.17,0.0,10.68,1.82,12.11,73.39,1.95,66.78,66.17,65.92,-94,9.2
2026-09-24 06:25:17,Laboratorios Eléctrica Inferior,55.18,Mixed,63.76,58.72,Group 1 (Common),55.72,0.0,0.0,0.0,53.89,63.76,0.0,0.0,0.74,35.33,59.54,53.32,52.4,-119,-2.8
2026-09-24 06:25:17,Salón - Extremo Eléctrica,55.33,Mixed,60.98,56.11,Group 3 (Rotary Tool),0.0,54.53,55.32,0.0,0.0,0.0,31.34,60.98,0.61,6.99,56.15,55.36,54.28,-106,8.2
2026-09-24 06:25:21,Salón - Uma Eléctrica,41.82,Silence,0.0,42.6,Silence,0.0,0.0,0.0,0.0,0.0,0.0,0.0,0.0,0.0,0.0,42.47,41.84,40.95,-109,9.0
2026-09-24 06:26:53,Laboratorios Eléctrica Superior,40.66,Silence,0.0,41.6,Silence,0.0,0.0,0.0,0.0,0.0,0.0,0.0,0.0,0.0,0.0,41.4,40.77,39.92,-96,12.2
2026-09-24 06:27:13,Laboratorios Civil Inferior,47.67,Mixed,35.45,52.64,Group 1 (Common),51.31,43.23,0.0,0.0,46.61,25.05,34.86,2.54,2.05,35.45,54.56,44.12,40.69,-119,-13.0
2026-09-24 06:29:18,Laboratorios Civil Central,51.94,Group 1 (Common),92.8,52.7,Group 1 (Common),51.96,0.0,0.0,0.0,0.0,92.8,4.38,0.0,0.61,2.3,52.36,52.13,50.95,-113,6.2
2026-09-24 06:29:24,Lobby Eléctrica,58.92,Mixed,53.76,64.05,Group 5 (Vehicle),0.0,57.97,0.0,0.0,62.67,1.22,53.76,0.93,2.15,41.89,65.62,54.26,50.42,-99,8.8
2026-09-24 06:29:27,Pasillo Decanato Civil,28.26,Silence,0.0,30.2,Silence,0.0,0.0,0.0,0.0,0.0,0.0,0.0,0.0,0.0,0.0,30.82,28.1,26.74,-103,12.0
2026-09-24 06:29:39,Lobby Civil,62.22,Mixed,43.75,64.19,Group 2 (Impact),0.0,62.69,0.0,0.0,62.85,0.0,43.75,17.19,8.54,30.57,63.74,61.77,61.36,-103,12.8
2026-09-24 06:29:45,Pasillo Salones Civil,43.06,Silence,0.0,43.75,Silence,0.0,0.0,0.0,0.0,0.0,0.0,0.0,0.0,0.0,0.0,43.89,42.91,42.43,-108,4.8
2026-09-24 06:29:46,Pasillo Salones Eléctrica,36.81,Silence,0.0,37.73,Silence,0.0,0.0,0.0,0.0,0.0,0.0,0.0,0.0,0.0,0.0,37.99,36.6,35.88,-115,5.0
2026-09-24 06:29:47,Laboratorios Civil Superior,45.06,Group 1 (Common),89.45,45.63,Group 1 (Common),45.11,0.0,0.0,0.0,0.0,89.45,0.54,0.0,0.15,9.81,45.8,44.95,44.46,-112,2.8
2026-09-24 06:29:48,Salón - Uma Civil,37.47,Silence,0.0,38.51,Silence,0.0,0.0,0.0,0.0,0.0,0.0,0.0,0.0,0.0,0.0,38.37,37.48,35.78,-115,3.0
2026-09-24 06:29:51,Laboratorios Eléctrica Centro,57.41,Mixed,55.03,61.71,Group 4 (Person),58.62,0.0,49.4,60.85,56.23,17.62,0.22,10.63,55.03,16.23,61.38,55.31,47.97,-114,4.5
2026-09-24 06:29:52,Pasillo Decanato Eléctrica,58.03,Group 1 (Common),94.31,58.65,Group 1 (Common),57.99,0.0,0.0,0.0,0.0,94.31,1.09,0.0,0.43,4.25,58.52,57.99,57.19,-120,-9.5
2026-09-24 06:29:57,Salón - Extremo Civil,58.35,Mixed,45.17,59.65,Group 5 (Vehicle),0.0,58.07,0.0,0.0,59.14,4.59,44.53,2.1,3.61,45.17,59.85,57.89,57.18,-90,12.0
2026-09-24 06:30:17,Laboratorios Eléctrica Inferior,54.16,Mixed,60.94,56.32,Group 1 (Common),54.7,0.0,0.0,0.0,53.27,60.94,2.65,0.04,2.26,34.11,56.91,54.17,52.45,-119,-1.5
2026-09-24 06:30:17,Salón - Extremo Eléctrica,41.08,Silence,0.0,42.16,Silence,0.0,0.0,0.0,0.0,0.0,0.0,0.0,0.0,0.0,0.0,41.76,40.87,40.52,-89,9.2
2026-09-24 06:30:21,Salón - Uma Eléctrica,42.17,Silence,0.0,42.77,Silence,0.0,0.0,0.0,0.0,0.0,0.0,0.0,0.0,0.0,0.0,42.77,42.35,41.12,-119,-6.8
2026-09-24 06:31:53,Laboratorios Eléctrica Superior,73.99,Mixed,44.18,74.56,Group 2 (Impact),0.0,74.18,74.02,0.0,0.0,0.0,39.71,44.18,7.2,8.9,74.48,73.78,73.62,-113,4.2
2026-09-24 06:32:13,Laboratorios Civil Inferior,46.03,Mixed,67.84,46.7,Group 1 (Common),45.98,46.14,0.0,0.0,0.0,67.84,28.39,0.0,1.82,1.82,46.69,45.97,45.33,-120,-9.5
2026-09-24 06:34:18,Laboratorios Civil Central,54.74,Group 1 (Common),93.1,56.44,Group 1 (Common),55.03,0.0,0.0,0.0,0.0,93.1,1.04,0.0,0.43,5.6,56.53,54.53,52.86,-114,2.5
2026-09-24 06:34:24,Lobby Eléctrica,47.81,Mixed,60.99,52.49,Group 2 (Impact),0.0,46.66,0.0,0.0,0.0,0.0,60.99,12.84,2.25,23.93,53.24,46.28,45.31,-117,-1.2
2026-09-24 06:34:27,Pasillo Decanato Civil,28.86,Silence,0.0,30.8,Silence,0.0,0.0,0.0,0.0,0.0,0.0,0.0,0.0,0.0,0.0,31.51,28.83,27.22,-113,4.0
2026-09-24 06:34:39,Lobby Civil,60.57,Mixed,42.19,61.74,Group 2 (Impact),0.0,60.58,61.19,0.0,60.53,0.26,32.73,22.01,2.82,42.19,62.01,60.63,59.8,-105,10.8
2026-09-24 06:34:45,Pasillo Salones Civil,43.42,Silence,0.0,44.6,Silence,0.0,0.0,0.0,0.0,0.0,0.0,0.0,0.0,0.0,0.0,44.74,43.17,42.58,-108,6.2
2026-09-24 06:34:46,Pasillo Salones Eléctrica,38.44,Silence,0.0,39.18,Silence,0.0,0.0,0.0,0.0,0.0,0.0,0.0,0.0,0.0,0.0,39.3,38.4,37.79,-113,4.5
2026-09-24 06:34:47,Laboratorios Civil Superior,46.15,Mixed,59.47,46.83,Group 1 (Common),46.21,0.0,0.0,0.0,46.0,59.47,0.0,0.0,0.0,40.53,46.72,46.27,44.78,-105,9.0
2026-09-24 06:34:48,Salón - Uma Civil,43.15,Silence,0.0,44.3,Silence,0.0,0.0,0.0,0.0,0.0,0.0,0.0,0.0,0.0,0.0,44.15,42.72,42.18,-119,-4.5
2026-09-24 06:34:51,Laboratorios Eléctrica Centro,47.58,Group 1 (Common),70.57,48.89,Group 1 (Common),47.49,0.0,0.0,0.0,47.53,70.57,4.69,0.26,0.39,23.91,49.73,47.14,45.92,-107,10.0
2026-09-24 06:34:52,Pasillo Decanato Eléctrica,57.81,Group 1 (Common),97.27,58.33,Group 1 (Common),57.88,0.0,0.0,0.0,0.0,97.27,1.39,0.0,0.61,1.0,58.26,57.86,57.03,-120,-10.2
2026-09-24 06:34:57,Salón - Extremo Civil,48.67,Group 2 (Impact),74.8,50.65,Group 2 (Impact),0.0,48.82,0.0,0.0,0.0,1.42,74.8,6.84,4.69,12.21,50.87,47.54,45.73,-99,13.0
2026-09-24 06:35:17,Laboratorios Eléctrica Inferior,52.18,Group 5 (Vehicle),80.16,53.47,Group 5 (Vehicle),53.13,0.0,0.0,0.0,52.79,16.23,1.3,0.09,2.08,80.16,53.09,52.21,51.2,-102,3.0
2026-09-24 06:35:17,Salón - Extremo Eléctrica,36.51,Silence,0.0,38.36,Silence,0.0,0.0,0.0,0.0,0.0,0.0,0.0,0.0,0.0,0.0,38.6,36.99,33.13,-103,8.8
2026-09-24 06:35:21,Salón - Uma Eléctrica,48.52,Group 2 (Impact),81.42,50.89,Group 2 (Impact),0.0,48.19,0.0,0.0,0.0,0.0,81.42,0.3,0.39,17.97,52.24,47.59,46.25,-109,9.2
2026-09-24 06:36:53,Laboratorios Eléctrica Superior,45.16,Group 1 (Common),83.29,48.31,Group 1 (Common),45.9,0.0,0.0,0.0,0.0,83.29,0.3,0.09,0.09,16.1,48.19,43.9,41.43,-101,12.5
2026-09-24 06:37:13,Laboratorios Civil Inferior,49.3,Group 2 (Impact),79.12,55.7,Group 2 (Impact),0.0,46.35,0.0,0.0,0.0,5.9,79.12,0.39,2.91,11.59,57.06,44.52,43.16,-118,-6.0
2026-09-24 06:39:18,Laboratorios Civil Central,57.01,Group 1 (Common),90.06,59.84,Group 1 (Common),56.81,0.0,0.0,0.0,0.0,90.06,0.04,0.0,0.26,9.64,61.1,55.88,55.22,-108,9.5
2026-09-24 06:39:24,Lobby Eléctrica,54.25,Group 5 (Vehicle),73.0,57.2,Group 5 (Vehicle),50.07,0.0,0.0,0.0,55.13,24.74,1.17,0.52,0.43,73.0,57.55,54.06,48.74,-94,12.5
2026-09-24 06:39:27,Pasillo Decanato Civil,28.23,Silence,0.0,30.58,Silence,0.0,0.0,0.0,0.0,0.0,0.0,0.0,0.0,0.0,0.0,29.75,28.19,27.14,-114,6.8
2026-09-24 06:39:39,Lobby Civil,74.56,Mixed,56.77,76.3,Group 5 (Vehicle),74.46,0.0,0.0,0.0,74.92,56.77,0.13,0.3,5.43,37.33,76.92,75.21,69.51,-114,3.8
2026-09-24 06:39:45,Pasillo Salones Civil,44.38,Silence,0.0,45.24,Silence,0.0,0.0,0.0,0.0,0.0,0.0,0.0,0.0,0.0,0.0,44.99,44.25,43.7,-115,-1.0
2026-09-24 06:39:46,Pasillo Salones Eléctrica,36.91,Silence,0.0,38.22,Silence,0.0,0.0,0.0,0.0,0.0,0.0,0.0,0.0,0.0,0.0,38.04,36.69,35.7,-100,11.2
2026-09-24 06:39:47,Laboratorios Civil Superior,44.82,Silence,0.0,45.75,Silence,0.0,0.0,0.0,0.0,0.0,0.0,0.0,0.0,0.0,0.0,45.33,44.77,43.87,-103,10.5
2026-09-24 06:39:48,Salón - Uma Civil,39.38,Silence,0.0,40.52,Silence,0.0,0.0,0.0,0.0,0.0,0.0,0.0,0.0,0.0,0.0,40.64,38.93,38.17,-119,-6.8
2026-09-24 06:39:51,Laboratorios Eléctrica Centro,61.28,Group 5 (Vehicle),93.19,61.79,Group 5 (Vehicle),0.0,0.0,0.0,0.0,61.15,4.77,0.48,0.09,1.48,93.19,61.83,61.34,60.11,-111,5.2
2026-09-24 06:39:52,Pasillo Decanato Eléctrica,57.13,Group 1 (Common),99.61,58.0,Group 1 (Common),57.15,0.0,0.0,0.0,0.0,99.61,0.0,0.0,0.0,0.0,57.99,57.01,56.0,-120,-8.0
2026-09-24 06:39:57,Salón - Extremo Civil,57.71,Group 2 (Impact),98.48,61.8,Group 2 (Impact),0.0,57.07,0.0,0.0,0.0,0.0,98.48,0.09,0.48,0.74,61.44,56.73,45.57,-90,11.5
2026-09-24 06:40:17,Laboratorios Eléctrica Inferior,74.91,Mixed,51.3,75.35,Group 3 (Rotary Tool),0.0,74.58,74.86,0.0,74.91,0.0,12.07,51.3,7.38,29.38,75.24,74.95,74.31,-118,-3.2
2026-09-24 06:40:17,Salón - Extremo Eléctrica,37.97,Silence,0.0,38.59,Silence,0.0,0.0,0.0,0.0,0.0,0.0,0.0,0.0,0.0,0.0,38.77,37.84,37.5,-94,9.0
2026-09-24 06:40:21,Salón - Uma Eléctrica,40.84,Silence,0.0,41.5,Silence,0.0,0.0,0.0,0.0,0.0,0.0,0.0,0.0,0.0,0.0,41.37,40.95,39.85,-115,-3.2
2026-09-24 06:41:53,Laboratorios Eléctrica Superior,62.51,Mixed,69.27,63.32,Group 5 (Vehicle),0.0,62.71,0.0,0.0,62.72,10.72,14.58,0.35,4.99,69.27,62.98,62.55,61.99,-109,7.0
2026-09-24 06:42:13,Laboratorios Civil Inferior,62.46,Mixed,40.84,63.21,Group 2 (Impact),0.0,62.66,61.86,0.0,62.35,0.0,23.05,35.29,0.91,40.84,63.12,62.26,61.91,-120,-7.8
2026-09-24 06:44:23,Laboratorios Civil Central,67.19,Mixed,67.71,67.67,Group 3 (Rotary Tool),0.0,0.0,67.25,0.0,67.19,0.0,8.03,67.71,1.04,23.26,67.65,67.23,66.52,-105,9.5
2026-09-24 06:44:24,Lobby Eléctrica,53.61,Mixed,55.73,56.26,Group 1 (Common),53.98,0.0,51.54,0.0,0.0,55.73,0.0,38.67,0.0,5.51,56.51,53.12,51.48,-117,2.8
2026-09-24 06:44:27,Pasillo Decanato Civil,30.01,Silence,0.0,31.34,Silence,0.0,0.0,0.0,0.0,0.0,0.0,0.0,0.0,0.0,0.0,31.23,29.71,29.37,-113,3.2
2026-09-24 06:44:39,Lobby Civil,67.35,Group 3 (Rotary Tool),71.27,67.92,Group 3 (Rotary Tool),0.0,67.48,67.13,0.0,0.0,0.0,16.32,71.27,1.74,10.68,68.08,67.23,66.46,-113,6.0
2026-09-24 06:44:45,Pasillo Salones Civil,52.68,Mixed,55.9,55.42,Group 2 (Impact),0.0,52.32,52.93,0.0,0.0,0.13,55.9,21.44,1.95,20.57,55.23,52.16,48.3,-108,8.5
2026-09-24 06:44:46,Pasillo Salones Eléctrica,38.2,Silence,0.0,39.61,Silence,0.0,0.0,0.0,0.0,0.0,0.0,0.0,0.0,0.0,0.0,39.9,38.05,36.57,-112,3.0
2026-09-24 06:44:47,Laboratorios Civil Superior,64.26,Mixed,47.53,64.81,Group 3 (Rotary Tool),0.0,64.19,64.32,0.0,64.24,0.0,23.61,47.53,1.17,27.65,64.68,64.24,63.9,-109,7.5
2026-09-24 06:44:48,Salón - Uma Civil,63.14,Mixed,44.01,64.17,Group 5 (Vehicle),0.0,62.62,63.37,0.0,63.76,0.0,22.4,44.01,2.08,31.47,63.89,62.97,62.25,-107,10.0
2026-09-24 06:44:51,Laboratorios Eléctrica Centro,65.39,Mixed,57.42,67.17,Group 1 (Common),66.2,0.0,0.0,0.0,63.81,57.42,0.0,0.0,0.04,42.36,67.36,65.58,62.48,-103,8.5
2026-09-24 06:44:52,Pasillo Decanato Eléctrica,57.77,Mixed,66.49,58.51,Group 1 (Common),57.6,57.86,0.0,0.0,0.0,66.49,20.44,0.04,4.38,8.68,58.66,57.74,57.13,-102,11.8
2026-09-24 06:44:57,Salón - Extremo Civil,37.76,Silence,0.0,39.56,Silence,0.0,0.0,0.0,0.0,0.0,0.0,0.0,0.0,0.0,0.0,40.38,37.32,35.92,-97,11.8
2026-09-24 06:45:17,Laboratorios Eléctrica Inferior,61.29,Mixed,54.88,63.95,Group 4 (Person),60.0,0.0,0.0,62.85,0.0,54.88,11.23,0.0,27.64,6.2,64.06,60.5,57.17,-119,-5.8
2026-09-24 06:45:17,Salón - Extremo Eléctrica,34.38,Silence,0.0,36.49,Silence,0.0,0.0,0.0,0.0,0.0,0.0,0.0,0.0,0.0,0.0,36.13,35.71,28.46,-103,7.0
2026-09-24 06:45:21,Salón - Uma Eléctrica,51.31,Mixed,63.5,52.9,Group 2 (Impact),0.0,51.09,0.0,0.0,51.35,0.0,63.5,3.56,0.82,32.03,53.47,51.09,48.17,-121,-9.0
2026-09-24 06:46:53,Laboratorios Eléctrica Superior,42.74,Silence,0.0,44.28,Silence,0.0,0.0,0.0,0.0,0.0,0.0,0.0,0.0,0.0,0.0,44.88,42.72,40.62,-108,8.2
2026-09-24 06:47:13,Laboratorios Civil Inferior,62.12,Mixed,56.94,62.58,Group 2 (Impact),0.0,62.02,0.0,0.0,61.97,0.0,56.94,3.43,1.65,37.93,62.47,62.04,61.75,-121,-11.0
2026-09-24 06:49:18,Laboratorios Civil Central,68.58,Mixed,48.74,69.35,Group 5 (Vehicle),0.0,68.61,68.71,0.0,68.77,0.0,15.71,31.99,3.56,48.74,68.89,68.6,68.05,-120,-8.0
2026-09-24 06:49:24,Lobby Eléctrica,49.33,Group 2 (Impact),78.43,50.43,Group 2 (Impact),49.52,49.29,0.0,0.0,0.0,7.73,78.43,0.74,4.64,8.46,50.46,49.07,48.03,-97,12.0
2026-09-24 06:49:30,Pasillo Decanato Civil,30.02,Silence,0.0,30.66,Silence,0.0,0.0,0.0,0.0,0.0,0.0,0.0,0.0,0.0,0.0,30.62,29.84,29.6,-112,6.5
2026-09-24 06:49:39,Lobby Civil,64.67,Mixed,31.9,65.66,Group 5 (Vehicle),63.76,63.88,0.0,0.0,65.03,17.19,30.21,5.38,15.45,31.9,65.94,64.36,63.66,-111,9.5
2026-09-24 06:49:46,Pasillo Salones Civil,46.76,Group 2 (Impact),86.07,47.86,Group 2 (Impact),0.0,47.01,0.0,0.0,0.0,0.0,86.07,3.13,1.3,9.55,47.76,47.37,44.99,-108,5.2
2026-09-24 06:49:46,Pasillo Salones Eléctrica,40.31,Silence,0.0,41.59,Silence,0.0,0.0,0.0,0.0,0.0,0.0,0.0,0.0,0.0,0.0,41.13,40.59,38.87,-113,7.5
2026-09-24 06:49:47,Laboratorios Civil Superior,73.87,Mixed,60.07,74.6,Group 3 (Rotary Tool),0.0,0.0,74.12,0.0,73.91,0.0,2.08,36.37,1.48,60.07,74.65,73.75,73.39,-111,7.2
2026-09-24 06:49:48,Salón - Uma Civil,51.4,Mixed,55.6,53.25,Group 2 (Impact),0.0,51.58,0.0,0.0,50.65,0.0,55.6,17.88,1.48,25.0,53.25,50.82,50.19,-119,-2.8
2026-09-24 06:49:51,Laboratorios Eléctrica Centro,46.6,Mixed,62.72,49.03,Group 5 (Vehicle),46.13,0.0,47.41,0.0,46.55,25.56,0.48,10.98,0.09,62.72,49.16,45.95,44.21,-107,12.0
2026-09-24 06:49:52,Pasillo Decanato Eléctrica,57.77,Group 1 (Common),97.48,58.58,Group 1 (Common),57.76,0.0,0.0,0.0,0.0,97.48,0.43,0.0,0.17,1.95,58.83,57.53,56.66,-99,11.5
2026-09-24 06:49:57,Salón - Extremo Civil,36.0,Silence,0.0,38.28,Silence,0.0,0.0,0.0,0.0,0.0,0.0,0.0,0.0,0.0,0.0,38.23,35.81,34.01,-91,12.0
2026-09-24 06:50:17,Laboratorios Eléctrica Inferior,52.6,Mixed,66.46,53.03,Group 5 (Vehicle),52.74,0.0,0.0,0.0,52.92,27.25,0.93,0.0,5.47,66.46,53.01,52.68,51.96,-120,-1.5
2026-09-24 06:50:17,Salón - Extremo Eléctrica,34.05,Silence,0.0,39.12,Silence,0.0,0.0,0.0,0.0,0.0,0.0,0.0,0.0,0.0,0.0,40.84,31.07,29.88,-91,9.8
2026-09-24 06:50:21,Salón - Uma Eléctrica,48.01,Group 2 (Impact),91.28,49.44,Group 2 (Impact),0.0,47.97,0.0,0.0,0.0,0.17,91.28,0.0,1.69,6.94,49.83,47.8,46.92,-119,-1.5
2026-09-24 06:51:53,Laboratorios Eléctrica Superior,44.86,Silence,0.0,45.81,Silence,0.0,0.0,0.0,0.0,0.0,0.0,0.0,0.0,0.0,0.0,45.66,44.78,43.58,-108,6.0
2026-09-24 06:52:14,Laboratorios Civil Inferior,58.28,Mixed,37.93,60.4,Group 3 (Rotary Tool),0.0,58.63,60.23,0.0,57.76,0.0,37.93,27.6,0.69,33.85,59.46,57.94,57.33,-118,-9.5
2026-09-24 06:54:18,Laboratorios Civil Central,55.22,Mixed,66.67,58.74,Group 1 (Common),55.1,53.04,0.0,0.0,0.0,66.67,11.63,0.13,1.74,19.79,59.18,52.19,51.33,-113,5.8
2026-09-24 06:54:24,Lobby Eléctrica,47.61,Group 2 (Impact),82.42,48.73,Group 2 (Impact),0.0,47.76,0.0,0.0,0.0,0.0,82.42,8.03,1.48,8.07,48.31,47.67,46.61,-119,-6.5
2026-09-24 06:54:27,Pasillo Decanato Civil,31.42,Silence,0.0,32.37,Silence,0.0,0.0,0.0,0.0,0.0,0.0,0.0,0.0,0.0,0.0,32.39,31.2,30.81,-113,9.2
2026-09-24 06:54:39,Lobby Civil,61.41,Group 1 (Common),74.57,64.34,Group 1 (Common),63.15,58.18,0.0,0.0,0.0,74.57,17.71,0.09,6.73,0.91,64.41,60.52,56.06,-99,11.5
2026-09-24 06:54:47,Pasillo Salones Civil,50.71,Mixed,65.23,53.25,Group 2 (Impact),50.63,51.53,0.0,0.0,0.0,65.23,25.43,0.04,2.6,6.64,52.2,50.85,49.02,-99,10.8
2026-09-24 06:54:47,Pasillo Salones Eléctrica,41.92,Silence,0.0,46.01,Silence,0.0,0.0,0.0,0.0,0.0,0.0,0.0,0.0,0.0,0.0,43.68,42.26,38.94,-109,7.2
2026-09-24 06:54:47,Laboratorios Civil Superior,48.79,Mixed,58.33,54.02,Group 5 (Vehicle),48.88,0.0,0.0,0.0,50.93,31.81,8.51,0.04,1.35,58.33,50.61,48.92,47.35,-105,10.8
2026-09-24 06:54:48,Salón - Uma Civil,50.51,Mixed,55.77,51.44,Group 2 (Impact),0.0,50.67,0.0,0.0,50.71,0.04,55.77,8.55,1.78,33.77,51.98,50.47,49.63,-119,-5.2
2026-09-24 06:54:51,Laboratorios Eléctrica Centro,49.82,Group 5 (Vehicle),75.88,52.4,Group 5 (Vehicle),47.49,0.0,0.0,0.0,50.05,20.26,0.34,3.37,0.15,75.88,52.5,48.46,47.58,-117,3.0
2026-09-24 06:54:52,Pasillo Decanato Eléctrica,58.03,Mixed,55.08,59.2,Group 1 (Common),58.35,0.0,0.0,0.0,57.89,55.08,11.07,0.22,1.39,32.25,58.41,57.89,57.56,-97,9.8
2026-09-24 06:54:57,Salón - Extremo Civil,36.04,Silence,0.0,41.12,Silence,0.0,0.0,0.0,0.0,0.0,0.0,0.0,0.0,0.0,0.0,41.61,35.26,32.53,-96,12.5
2026-09-24 06:55:17,Laboratorios Eléctrica Inferior,54.94,Mixed,49.7,57.04,Group 1 (Common),55.62,0.0,0.0,0.0,54.72,49.61,0.17,0.0,0.39,49.7,56.32,54.65,52.9,-119,-5.0
2026-09-24 06:55:17,Salón - Extremo Eléctrica,62.21,Mixed,53.21,67.12,Group 1 (Common),63.85,0.0,0.0,64.91,45.58,53.21,4.25,0.0,30.12,12.37,66.87,58.99,34.69,-106,8.0
2026-09-24 06:55:21,Salón - Uma Eléctrica,51.72,Group 2 (Impact),94.66,52.66,Group 2 (Impact),0.0,51.82,0.0,0.0,0.0,0.0,94.66,0.09,0.56,4.77,52.59,51.61,50.42,-105,8.5
2026-09-24 06:56:53,Laboratorios Eléctrica Superior,44.32,Silence,0.0,45.37,Silence,0.0,0.0,0.0,0.0,0.0,0.0,0.0,0.0,0.0,0.0,45.67,44.05,43.66,-95,9.2
2026-09-24 06:57:14,Laboratorios Civil Inferior,45.52,Mixed,68.23,51.07,Group 2 (Impact),46.39,47.14,0.0,0.0,0.0,15.28,68.23,1.22,4.43,10.81,48.09,45.39,43.37,-120,-4.2
2026-09-24 06:59:18,Laboratorios Civil Central,64.1,Group 1 (Common),99.57,65.98,Group 1 (Common),64.2,0.0,0.0,0.0,0.0,99.57,0.0,0.0,0.09,0.0,66.18,63.63,62.55,-117,-2.5
2026-09-24 06:59:24,Lobby Eléctrica,58.88,Mixed,52.78,61.42,Group 1 (Common),58.65,55.88,0.0,60.82,0.0,52.78,13.8,0.91,12.98,19.66,62.71,57.33,56.59,-101,12.8
2026-09-24 06:59:27,Pasillo Decanato Civil,33.83,Silence,0.0,34.5,Silence,0.0,0.0,0.0,0.0,0.0,0.0,0.0,0.0,0.0,0.0,34.44,33.87,32.79,-115,1.5
2026-09-24 06:59:39,Lobby Civil,58.36,Mixed,39.67,60.21,Group 1 (Common),58.89,58.06,0.0,0.0,58.54,23.0,39.67,1.87,15.45,19.88,60.27,58.27,56.9,-101,11.5
2026-09-24 06:59:46,Pasillo Salones Civil,53.23,Mixed,51.48,57.32,Group 2 (Impact),52.87,57.1,0.0,0.0,55.96,51.48,11.55,0.43,1.82,34.68,55.79,52.34,51.45,-110,5.5
2026-09-24 06:59:46,Pasillo Salones Eléctrica,44.23,Silence,0.0,45.75,Silence,0.0,0.0,0.0,0.0,0.0,0.0,0.0,0.0,0.0,0.0,45.21,44.5,42.7,-117,-3.2
2026-09-24 06:59:47,Laboratorios Civil Superior,48.82,Group 1 (Common),98.39,49.81,Group 1 (Common),48.92,0.0,0.0,0.0,0.0,98.39,0.39,0.0,0.09,1.09,49.39,48.92,47.98,-113,0.2
2026-09-24 06:59:48,Salón - Uma Civil,50.73,Mixed,68.4,52.26,Group 2 (Impact),0.0,50.48,0.0,0.0,0.0,5.34,68.4,0.26,5.25,20.62,52.77,50.41,49.67,-108,5.5
2026-09-24 06:59:55,Laboratorios Eléctrica Centro,60.53,Group 1 (Common),93.99,62.09,Group 1 (Common),59.64,0.0,0.0,0.0,0.0,93.99,0.1,5.57,0.2,0.0,61.86,60.24,57.32,-114,4.2
2026-09-24 06:59:55,Pasillo Decanato Eléctrica,57.96,Group 1 (Common),89.02,58.32,Group 1 (Common),57.93,0.0,0.0,0.0,0.0,89.02,9.33,0.0,0.95,0.78,58.3,58.03,57.55,-103,12.5
2026-09-24 06:59:57,Salón - Extremo Civil,40.38,Silence,0.0,41.71,Silence,0.0,0.0,0.0,0.0,0.0,0.0,0.0,0.0,0.0,0.0,41.94,40.6,37.64,-97,12.2
2026-09-24 07:00:17,Laboratorios Eléctrica Inferior,53.89,Mixed,50.17,55.1,Group 1 (Common),54.69,0.0,0.0,0.0,53.86,50.17,2.17,0.35,1.22,46.18,54.77,53.74,53.0,-118,-3.5
2026-09-24 07:00:17,Salón - Extremo Eléctrica,64.57,Mixed,50.13,69.72,Group 4 (Person),66.92,0.0,0.0,65.26,0.0,50.13,0.0,0.0,49.7,0.0,67.92,63.59,55.12,-91,10.5
2026-09-24 07:00:21,Salón - Uma Eléctrica,47.86,Group 2 (Impact),99.31,49.09,Group 2 (Impact),0.0,48.08,0.0,0.0,0.0,0.13,99.31,0.0,0.48,0.09,49.14,47.62,46.7,-111,8.5
2026-09-24 07:01:53,Laboratorios Eléctrica Superior,54.8,Mixed,45.51,56.2,Group 2 (Impact),0.0,55.35,55.59,0.0,0.0,0.0,25.34,45.51,1.95,27.2,56.38,55.0,49.95,-95,13.2
2026-09-24 07:02:14,Laboratorios Civil Inferior,43.81,Silence,0.0,44.4,Silence,0.0,0.0,0.0,0.0,0.0,0.0,0.0,0.0,0.0,0.0,44.35,43.74,43.27,-119,-4.0
2026-09-24 07:04:18,Laboratorios Civil Central,57.9,Group 1 (Common),87.65,58.44,Group 1 (Common),58.05,0.0,0.0,0.0,0.0,87.65,4.88,0.0,0.88,6.64,58.42,57.85,57.41,-119,-2.0
2026-09-24 07:04:24,Lobby Eléctrica,64.68,Mixed,69.7,65.61,Group 1 (Common),64.79,0.0,0.0,0.0,64.78,69.7,6.6,0.74,4.73,18.36,65.64,64.69,63.8,-112,3.8
2026-09-24 07:04:27,Pasillo Decanato Civil,50.19,Mixed,66.23,52.44,Group 2 (Impact),0.0,51.98,0.0,0.0,50.39,0.0,21.01,10.72,2.04,66.23,52.38,50.42,47.03,-109,7.2
2026-09-24 07:04:39,Lobby Civil,69.45,Group 1 (Common),93.32,69.97,Group 1 (Common),69.49,0.0,0.0,0.0,0.0,93.32,0.0,3.47,2.99,0.3,69.91,69.39,69.12,-113,6.5
2026-09-24 07:04:46,Pasillo Salones Civil,56.3,Mixed,67.19,59.15,Group 1 (Common),56.85,54.57,0.0,54.35,0.0,67.19,6.84,2.93,18.41,4.44,60.08,54.78,52.89,-108,7.8
2026-09-24 07:04:46,Pasillo Salones Eléctrica,37.64,Silence,0.0,38.48,Silence,0.0,0.0,0.0,0.0,0.0,0.0,0.0,0.0,0.0,0.0,38.44,37.71,36.29,-112,4.5
2026-09-24 07:04:47,Laboratorios Civil Superior,56.05,Mixed,62.28,58.03,Group 5 (Vehicle),0.0,56.16,0.0,0.0,58.47,0.04,62.28,8.98,3.21,25.48,57.53,55.65,54.72,-111,10.0
2026-09-24 07:04:48,Salón - Uma Civil,49.49,Mixed,53.34,53.16,Group 2 (Impact),0.0,48.67,49.76,0.0,48.89,0.0,53.34,11.28,2.56,32.68,54.14,47.84,46.11,-117,-3.0
2026-09-24 07:04:51,Laboratorios Eléctrica Centro,47.61,Group 5 (Vehicle),76.82,51.68,Group 5 (Vehicle),48.01,0.0,0.0,0.0,47.89,15.1,4.77,1.95,1.3,76.82,49.42,47.11,45.79,-119,0.8
2026-09-24 07:04:52,Pasillo Decanato Eléctrica,58.2,Group 1 (Common),94.66,58.92,Group 1 (Common),58.2,0.0,0.0,0.0,0.0,94.66,1.43,0.0,0.3,3.69,59.02,58.14,57.24,-101,11.8
2026-09-24 07:04:57,Salón - Extremo Civil,42.1,Silence,0.0,43.88,Silence,0.0,0.0,0.0,0.0,0.0,0.0,0.0,0.0,0.0,0.0,43.74,41.8,40.86,-90,9.0
2026-09-24 07:05:17,Laboratorios Eléctrica Inferior,57.9,Mixed,46.79,72.34,Group 3 (Rotary Tool),54.31,69.71,72.22,0.0,55.98,20.31,22.31,7.42,3.26,46.79,64.96,53.61,52.58,-120,-2.0
2026-09-24 07:05:17,Salón - Extremo Eléctrica,69.24,Group 4 (Person),88.59,73.9,Group 4 (Person),66.96,0.0,0.0,69.74,0.0,11.2,0.0,0.0,88.59,0.0,74.37,65.41,56.76,-103,9.8
2026-09-24 07:05:21,Salón - Uma Eléctrica,42.47,Silence,0.0,44.08,Silence,0.0,0.0,0.0,0.0,0.0,0.0,0.0,0.0,0.0,0.0,43.34,42.28,41.69,-106,10.5
2026-09-24 07:06:53,Laboratorios Eléctrica Superior,42.66,Silence,0.0,45.13,Silence,0.0,0.0,0.0,0.0,0.0,0.0,0.0,0.0,0.0,0.0,45.35,40.98,40.34,-95,13.2
2026-09-24 07:07:14,Laboratorios Civil Inferior,42.5,Silence,0.0,43.39,Silence,0.0,0.0,0.0,0.0,0.0,0.0,0.0,0.0,0.0,0.0,43.69,42.31,41.53,-117,-5.8
2026-09-24 07:09:18,Laboratorios Civil Central,57.68,Group 1 (Common),97.35,60.25,Group 1 (Common),57.19,0.0,0.0,0.0,0.0,97.35,0.39,0.0,0.09,2.0,61.04,56.48,55.42,-114,5.8
2026-09-24 07:09:24,Lobby Eléctrica,53.75,Mixed,69.97,56.09,Group 5 (Vehicle),52.2,0.0,0.0,0.0,55.95,69.97,17.63,0.0,1.12,11.23,56.84,52.54,50.15,-99,13.0
2026-09-24 07:09:27,Pasillo Decanato Civil,29.73,Silence,0.0,30.47,Silence,0.0,0.0,0.0,0.0,0.0,0.0,0.0,0.0,0.0,0.0,30.49,29.76,29.08,-97,12.0
2026-09-24 07:09:39,Lobby Civil,67.23,Mixed,55.03,67.54,Group 2 (Impact),0.0,67.25,0.0,0.0,0.0,0.29,55.03,5.03,12.5,27.25,67.52,67.31,66.88,-103,12.8
2026-09-24 07:09:46,Pasillo Salones Civil,46.6,Group 2 (Impact),77.26,49.81,Group 2 (Impact),0.0,47.62,0.0,0.0,45.74,0.17,77.26,0.26,2.08,20.23,49.68,46.13,44.18,-94,11.0
2026-09-24 07:09:46,Pasillo Salones Eléctrica,39.96,Silence,0.0,43.58,Silence,0.0,0.0,0.0,0.0,0.0,0.0,0.0,0.0,0.0,0.0,41.57,40.14,37.19,-103,12.2
2026-09-24 07:09:47,Laboratorios Civil Superior,53.16,Group 1 (Common),98.24,54.45,Group 1 (Common),52.97,0.0,0.0,0.0,0.0,98.24,0.1,0.0,0.1,1.32,54.56,52.65,51.6,-117,1.2
2026-09-24 07:09:48,Salón - Uma Civil,43.77,Silence,0.0,45.0,Silence,0.0,0.0,0.0,0.0,0.0,0.0,0.0,0.0,0.0,0.0,44.84,43.14,42.55,-115,4.5
2026-09-24 07:09:51,Laboratorios Eléctrica Centro,45.84,Group 5 (Vehicle),70.96,46.78,Group 1 (Common),46.34,0.0,0.0,0.0,45.7,28.39,0.04,0.52,0.09,70.96,47.01,45.61,45.14,-117,4.0
2026-09-24 07:09:52,Pasillo Decanato Eléctrica,58.54,Group 1 (Common),91.75,59.22,Group 1 (Common),58.52,0.0,0.0,0.0,0.0,91.75,5.16,0.0,1.61,1.56,59.19,58.69,57.18,-118,-8.5
2026-09-24 07:09:57,Salón - Extremo Civil,37.6,Silence,0.0,39.26,Silence,0.0,0.0,0.0,0.0,0.0,0.0,0.0,0.0,0.0,0.0,38.58,37.37,36.61,-91,13.0
2026-09-24 07:10:17,Laboratorios Eléctrica Inferior,52.97,Group 5 (Vehicle),87.76,53.58,Group 5 (Vehicle),52.85,0.0,0.0,0.0,53.07,9.9,0.61,0.04,1.61,87.76,53.52,52.99,52.4,-119,-5.5
2026-09-24 07:10:23,Salón - Extremo Eléctrica,65.42,Mixed,58.9,69.46,Group 4 (Person),66.11,0.0,0.0,67.81,0.0,58.9,0.0,0.0,41.02,0.0,68.37,64.91,58.84,-91,10.5
2026-09-24 07:10:23,Salón - Uma Eléctrica,44.92,Silence,0.0,46.75,Silence,0.0,0.0,0.0,0.0,0.0,0.0,0.0,0.0,0.0,0.0,47.49,44.38,43.56,-120,-5.8
2026-09-24 07:11:53,Laboratorios Eléctrica Superior,43.06,Silence,0.0,44.13,Silence,0.0,0.0,0.0,0.0,0.0,0.0,0.0,0.0,0.0,0.0,44.1,43.05,41.77,-95,12.8
2026-09-24 07:12:14,Laboratorios Civil Inferior,46.56,Group 1 (Common),72.87,48.64,Group 1 (Common),46.99,0.0,0.0,0.0,0.0,72.87,2.34,0.0,1.17,23.61,48.65,46.52,44.3,-119,-13.0
2026-09-24 07:14:18,Laboratorios Civil Central,57.64,Group 1 (Common),95.57,60.07,Group 1 (Common),56.85,0.0,0.0,0.0,0.0,95.57,0.61,0.0,0.26,3.43,61.07,55.15,53.66,-112,6.0
2026-09-24 07:14:24,Lobby Eléctrica,54.81,Mixed,56.3,55.71,Group 1 (Common),54.57,0.0,0.0,0.0,54.41,56.3,7.86,1.81,3.47,30.76,55.9,54.46,53.99,-114,2.0
2026-09-24 07:14:27,Pasillo Decanato Civil,41.21,Silence,0.0,42.7,Silence,0.0,0.0,0.0,0.0,0.0,0.0,0.0,0.0,0.0,0.0,42.38,41.36,39.6,-93,12.5
2026-09-24 07:14:39,Lobby Civil,67.92,Mixed,62.84,70.8,Group 5 (Vehicle),68.04,0.0,0.0,0.0,69.7,62.84,0.88,5.22,5.22,25.93,71.26,65.98,62.1,-109,7.0
2026-09-24 07:14:46,Pasillo Salones Civil,48.62,Mixed,64.37,51.23,Group 1 (Common),50.66,48.49,0.0,0.0,0.0,33.2,64.37,0.0,2.3,0.13,49.59,48.41,47.39,-111,5.5
2026-09-24 07:14:46,Pasillo Salones Eléctrica,52.18,Mixed,62.65,56.87,Group 2 (Impact),54.89,51.23,0.0,0.0,52.83,7.71,62.65,3.37,1.66,24.56,58.28,45.48,36.1,-111,6.8
2026-09-24 07:14:47,Laboratorios Civil Superior,46.2,Mixed,61.33,47.3,Group 1 (Common),46.62,0.0,0.0,0.0,46.4,61.33,0.68,0.05,0.39,37.55,46.58,46.19,45.75,-108,9.2
2026-09-24 07:14:48,Salón - Uma Civil,47.31,Mixed,53.91,48.89,Group 2 (Impact),0.0,47.26,0.0,0.0,46.88,0.0,53.91,2.73,1.27,41.94,50.03,46.33,43.93,-113,9.2
2026-09-24 07:14:51,Laboratorios Eléctrica Centro,47.95,Mixed,52.82,50.89,Group 5 (Vehicle),49.43,0.0,0.0,0.0,47.9,45.66,0.09,1.35,0.09,52.82,50.43,47.76,45.34,-105,10.2
2026-09-24 07:14:52,Pasillo Decanato Eléctrica,58.11,Group 1 (Common),97.74,59.03,Group 1 (Common),58.39,0.0,0.0,0.0,0.0,97.74,0.61,0.0,0.35,1.3,59.37,58.09,56.57,-120,-5.5
2026-09-24 07:14:57,Salón - Extremo Civil,46.33,Group 2 (Impact),97.02,48.55,Group 2 (Impact),0.0,46.92,0.0,0.0,0.0,1.17,97.02,0.0,1.03,0.83,47.69,45.9,45.35,-97,12.0
2026-09-24 07:15:17,Laboratorios Eléctrica Inferior,53.08,Group 5 (Vehicle),76.3,54.2,Group 5 (Vehicle),53.54,0.0,0.0,0.0,53.53,15.41,5.25,0.48,2.69,76.3,54.09,52.67,52.09,-113,6.5
2026-09-24 07:15:17,Salón - Extremo Eléctrica,67.97,Mixed,57.9,71.25,Group 2 (Impact),66.79,70.49,0.0,68.27,0.0,28.73,13.24,0.0,57.9,0.0,70.96,67.78,59.41,-106,3.5
2026-09-24 07:15:21,Salón - Uma Eléctrica,46.69,Group 2 (Impact),99.13,49.53,Group 2 (Impact),0.0,46.0,0.0,0.0,0.0,0.35,99.13,0.0,0.43,0.17,49.68,45.76,44.49,-118,-5.0
2026-09-24 07:16:54,Laboratorios Eléctrica Superior,45.18,Mixed,58.72,47.2,Group 1 (Common),45.28,0.0,0.0,0.0,44.95,58.72,2.13,2.69,0.48,35.85,48.29,44.38,43.38,-115,2.0
2026-09-24 07:17:14,Laboratorios Civil Inferior,41.57,Silence,0.0,42.06,Silence,0.0,0.0,0.0,0.0,0.0,0.0,0.0,0.0,0.0,0.0,42.12,41.44,41.2,-120,-5.8
2026-09-24 07:19:18,Laboratorios Civil Central,58.58,Group 1 (Common),86.81,62.08,Group 1 (Common),58.19,0.0,0.0,0.0,0.0,86.81,3.21,0.0,1.3,8.59,62.17,57.75,51.71,-120,-1.5
2026-09-24 07:19:24,Lobby Eléctrica,53.39,Group 2 (Impact),72.61,56.76,Group 1 (Common),55.17,51.95,0.0,0.0,0.0,9.55,72.61,4.12,1.69,11.98,57.4,53.56,48.01,-108,9.0
2026-09-24 07:19:27,Pasillo Decanato Civil,25.66,Silence,0.0,26.31,Silence,0.0,0.0,0.0,0.0,0.0,0.0,0.0,0.0,0.0,0.0,26.28,25.53,24.91,-115,
2026-09-24 07:19:39,Lobby Civil,55.2,Group 1 (Common),83.72,56.13,Group 1 (Common),55.26,0.0,0.0,0.0,0.0,83.72,12.72,0.0,1.09,2.6,56.59,54.96,54.6,-101,13.0
2026-09-24 07:19:46,Pasillo Salones Civil,51.96,Mixed,50.74,55.0,Group 2 (Impact),0.0,52.11,0.0,0.0,50.27,1.26,50.74,0.22,5.43,42.49,56.15,51.15,47.96,-90,10.8
2026-09-24 07:19:46,Pasillo Salones Eléctrica,40.97,Silence,0.0,43.15,Silence,0.0,0.0,0.0,0.0,0.0,0.0,0.0,0.0,0.0,0.0,43.74,40.68,39.38,-114,4.2
2026-09-24 07:19:47,Laboratorios Civil Superior,50.3,Mixed,46.22,51.23,Group 1 (Common),50.61,50.27,0.0,0.0,49.69,46.22,20.14,0.04,6.9,26.48,51.44,50.18,49.66,-105,7.8
2026-09-24 07:19:48,Salón - Uma Civil,44.8,Silence,0.0,46.04,Silence,0.0,0.0,0.0,0.0,0.0,0.0,0.0,0.0,0.0,0.0,46.37,44.67,44.26,-120,-9.5
2026-09-24 07:19:51,Laboratorios Eléctrica Centro,47.07,Group 5 (Vehicle),80.82,48.66,Group 5 (Vehicle),48.49,0.0,0.0,0.0,47.39,14.58,3.26,0.43,0.91,80.82,47.75,47.3,45.98,-113,3.0
2026-09-24 07:19:52,Pasillo Decanato Eléctrica,57.68,Group 1 (Common),98.1,58.34,Group 1 (Common),57.74,0.0,0.0,0.0,0.0,98.1,0.15,0.0,0.05,1.66,58.18,57.54,57.39,-119,-13.5
2026-09-24 07:19:57,Salón - Extremo Civil,47.07,Mixed,49.18,51.59,Group 1 (Common),49.85,46.04,0.0,0.0,0.0,40.63,49.18,0.3,9.85,0.09,50.94,47.09,40.9,-97,12.2
2026-09-24 07:20:17,Laboratorios Eléctrica Inferior,53.16,Group 5 (Vehicle),95.53,53.78,Group 5 (Vehicle),0.0,0.0,0.0,0.0,53.41,2.08,0.61,0.56,1.52,95.53,54.11,53.07,52.39,-120,-3.8
2026-09-24 07:20:17,Salón - Extremo Eléctrica,55.24,Mixed,51.82,59.77,Group 1 (Common),57.56,52.55,0.0,49.64,0.0,19.31,51.82,0.0,27.0,1.91,60.0,52.08,41.22,-103,9.0
2026-09-24 07:20:21,Salón - Uma Eléctrica,54.12,Group 1 (Common),74.12,62.55,Group 1 (Common),58.86,48.58,0.0,0.0,0.0,74.12,25.0,0.0,0.68,0.1,61.03,48.85,47.85,-120,-6.0
2026-09-24 07:21:54,Laboratorios Eléctrica Superior,40.35,Silence,0.0,41.09,Silence,0.0,0.0,0.0,0.0,0.0,0.0,0.0,0.0,0.0,0.0,41.08,40.27,39.71,-119,-1.5
2026-09-24 07:22:14,Laboratorios Civil Inferior,50.56,Group 1 (Common),96.92,55.61,Group 1 (Common),51.82,0.0,0.0,0.0,0.0,96.92,1.56,0.0,0.22,1.13,55.57,48.42,43.99,-121,-8.5
2026-09-24 07:24:18,Laboratorios Civil Central,67.01,Mixed,63.8,71.41,Group 5 (Vehicle),64.27,0.0,0.0,0.0,67.97,35.89,0.04,0.0,0.35,63.8,72.82,64.7,53.38,-108,8.8
2026-09-24 07:24:24,Lobby Eléctrica,68.59,Mixed,41.32,72.53,Group 1 (Common),68.25,54.05,0.0,0.0,51.16,41.32,21.18,0.26,8.51,28.86,72.55,60.39,50.46,-97,11.2
2026-09-24 07:24:27,Pasillo Decanato Civil,28.61,Silence,0.0,29.31,Silence,0.0,0.0,0.0,0.0,0.0,0.0,0.0,0.0,0.0,0.0,29.48,28.78,27.7,-117,1.5
2026-09-24 07:24:46,Pasillo Salones Civil,52.97,Mixed,64.19,55.52,Group 1 (Common),53.13,0.0,0.0,51.32,0.0,64.19,5.21,1.3,15.15,14.06,55.89,52.26,50.03,-106,9.2
2026-09-24 07:24:46,Pasillo Salones Eléctrica,43.64,Silence,0.0,44.73,Silence,0.0,0.0,0.0,0.0,0.0,0.0,0.0,0.0,0.0,0.0,44.77,43.87,41.57,-111,9.0
2026-09-24 07:24:47,Laboratorios Civil Superior,61.53,Group 1 (Common),74.09,64.3,Group 1 (Common),59.18,63.78,0.0,0.0,0.0,74.09,5.47,0.0,13.41,7.07,64.59,62.45,47.8,-109,9.2
2026-09-24 07:24:48,Salón - Uma Civil,47.18,Group 2 (Impact),75.04,48.49,Group 2 (Impact),0.0,47.46,0.0,0.0,0.0,0.0,75.04,1.65,1.95,21.4,48.78,46.95,45.86,-109,9.2
2026-09-24 07:24:51,Laboratorios Eléctrica Centro,45.81,Mixed,63.93,46.5,Group 5 (Vehicle),45.95,0.0,0.0,0.0,46.35,63.93,1.39,0.35,0.39,33.94,46.46,45.96,44.87,-117,-2.5
2026-09-24 07:24:52,Pasillo Decanato Eléctrica,58.08,Group 1 (Common),97.53,58.86,Group 1 (Common),57.87,0.0,0.0,0.0,0.0,97.53,1.87,0.0,0.3,0.35,58.61,58.21,57.17,-103,11.5
2026-09-24 07:24:57,Salón - Extremo Civil,62.55,Group 1 (Common),99.57,64.25,Group 1 (Common),62.9,0.0,0.0,0.0,0.0,99.57,0.0,0.0,0.3,0.0,63.81,62.71,61.25,-97,11.5
2026-09-24 07:25:17,Laboratorios Eléctrica Inferior,59.29,Mixed,52.91,64.88,Group 1 (Common),64.33,60.07,0.0,63.31,53.76,12.33,19.97,7.38,7.55,52.91,65.43,53.48,51.99,-118,-4.8
2026-09-24 07:25:17,Salón - Extremo Eléctrica,40.32,Silence,0.0,45.08,Silence,0.0,0.0,0.0,0.0,0.0,0.0,0.0,0.0,0.0,0.0,45.04,35.23,33.49,-108,7.0
2026-09-24 07:25:21,Salón - Uma Eléctrica,48.18,Mixed,54.38,50.28,Group 3 (Rotary Tool),48.39,47.23,49.8,0.0,0.0,33.94,54.38,5.9,0.56,5.08,50.64,47.83,46.62,-106,7.8
2026-09-24 07:26:54,Laboratorios Eléctrica Superior,51.79,Group 1 (Common),88.67,58.81,Group 1 (Common),47.19,0.0,0.0,0.0,0.0,88.67,3.47,0.0,0.26,7.51,60.25,43.89,40.65,-115,5.0
2026-09-24 07:27:14,Laboratorios Civil Inferior,47.96,Group 1 (Common),73.65,49.34,Group 1 (Common),48.07,44.27,0.0,0.0,0.0,73.65,24.13,0.0,1.87,0.17,50.91,47.88,43.73,-120,-6.5
2026-09-24 07:29:18,Laboratorios Civil Central,60.8,Group 1 (Common),85.68,63.5,Group 1 (Common),60.07,0.0,0.0,0.0,62.2,85.68,0.0,0.0,0.56,13.63,64.09,60.4,55.35,-107,10.8
2026-09-24 07:29:24,Lobby Eléctrica,58.82,Group 1 (Common),72.57,60.83,Group 1 (Common),59.36,59.01,0.0,0.0,0.0,72.57,10.98,0.87,8.59,7.07,59.95,58.78,57.88,-111,6.8
2026-09-24 07:29:27,Pasillo Decanato Civil,30.52,Silence,0.0,33.99,Silence,0.0,0.0,0.0,0.0,0.0,0.0,0.0,0.0,0.0,0.0,32.86,30.57,28.65,-119,-1.2
2026-09-24 07:29:39,Lobby Civil,60.32,Group 1 (Common),70.92,65.57,Group 1 (Common),60.89,0.0,0.0,63.3,0.0,70.92,1.87,0.0,15.23,11.98,64.16,57.98,52.87,-102,11.5
2026-09-24 07:29:46,Pasillo Salones Civil,53.22,Group 1 (Common),94.44,56.9,Group 1 (Common),53.25,0.0,0.0,0.0,0.0,94.44,4.38,0.04,0.95,0.0,59.01,51.29,49.54,-94,5.0
2026-09-24 07:29:46,Pasillo Salones Eléctrica,51.68,Mixed,60.37,55.29,Group 1 (Common),51.77,0.0,48.22,0.0,0.0,60.37,15.8,22.44,0.82,0.61,55.81,50.98,44.68,-105,8.2
2026-09-24 07:29:47,Laboratorios Civil Superior,56.84,Group 1 (Common),90.49,58.98,Group 1 (Common),57.14,0.0,0.0,0.0,0.0,90.49,0.13,2.43,0.26,6.55,59.25,57.59,52.77,-114,4.8
2026-09-24 07:29:48,Salón - Uma Civil,64.41,Mixed,45.05,68.47,Group 4 (Person),62.86,58.25,0.0,66.1,0.0,43.23,11.68,0.0,45.05,0.0,69.32,61.3,57.29,-119,2.0
2026-09-24 07:29:51,Laboratorios Eléctrica Centro,58.63,Mixed,44.23,62.72,Group 1 (Common),61.32,54.73,0.0,57.11,0.0,44.23,9.51,0.0,43.4,2.82,63.12,56.92,52.32,-117,2.5
2026-09-24 07:29:52,Pasillo Decanato Eléctrica,58.02,Group 1 (Common),95.88,58.96,Group 1 (Common),57.94,0.0,0.0,0.0,0.0,95.88,0.22,0.0,0.3,3.73,58.85,57.81,57.51,-103,11.0
2026-09-24 07:29:57,Salón - Extremo Civil,32.55,Silence,0.0,36.15,Silence,0.0,0.0,0.0,0.0,0.0,0.0,0.0,0.0,0.0,0.0,36.41,32.67,28.06,-91,10.0
2026-09-24 07:30:17,Laboratorios Eléctrica Inferior,54.75,Group 5 (Vehicle),84.85,55.97,Group 5 (Vehicle),0.0,0.0,0.0,0.0,54.74,10.76,1.56,0.3,2.47,84.85,57.14,54.11,53.24,-117,0.2
2026-09-24 07:30:17,Salón - Extremo Eléctrica,63.64,Group 4 (Person),99.61,69.17,Group 4 (Person),0.0,0.0,0.0,63.96,0.0,0.0,0.0,0.0,99.61,0.0,69.42,59.16,56.13,-96,9.0
2026-09-24 07:30:21,Salón - Uma Eléctrica,46.16,Group 2 (Impact),98.83,48.17,Group 2 (Impact),0.0,46.46,0.0,0.0,0.0,0.13,98.83,0.0,1.09,0.04,47.03,46.38,44.6,-108,10.0
2026-09-24 07:31:54,Laboratorios Eléctrica Superior,48.33,Mixed,60.98,50.99,Group 1 (Common),48.46,0.0,0.0,49.72,0.0,60.98,13.98,8.68,15.89,0.39,51.05,48.11,43.29,-107,9.5
2026-09-24 07:32:14,Laboratorios Civil Inferior,44.57,Silence,0.0,45.92,Silence,0.0,0.0,0.0,0.0,0.0,0.0,0.0,0.0,0.0,0.0,46.19,44.44,43.14,-120,-10.5
2026-09-24 07:34:18,Laboratorios Civil Central,67.2,Group 1 (Common),99.61,70.13,Group 1 (Common),67.12,0.0,0.0,0.0,0.0,99.61,0.0,0.0,0.17,0.0,70.9,65.67,62.02,-112,-3.0
2026-09-24 07:34:24,Lobby Eléctrica,61.23,Group 1 (Common),99.61,64.22,Group 1 (Common),61.14,0.0,0.0,0.0,0.0,99.61,0.0,0.0,0.0,0.0,64.25,60.47,57.47,-118,-4.2
2026-09-24 07:34:27,Pasillo Decanato Civil,24.5,Silence,0.0,26.41,Silence,0.0,0.0,0.0,0.0,0.0,0.0,0.0,0.0,0.0,0.0,25.98,24.58,22.83,-115,-3.8
2026-09-24 07:34:39,Lobby Civil,56.07,Mixed,54.9,57.37,Group 2 (Impact),55.87,56.54,0.0,0.0,56.15,22.96,54.9,0.56,5.56,15.97,56.79,55.95,55.52,-111,6.2
2026-09-24 07:34:46,Pasillo Salones Civil,50.04,Group 1 (Common),73.74,51.53,Group 1 (Common),50.62,50.07,0.0,0.0,0.0,73.74,22.87,1.39,1.17,0.87,51.77,49.79,48.65,-99,9.8
2026-09-24 07:34:46,Pasillo Salones Eléctrica,58.89,Mixed,58.38,61.94,Group 5 (Vehicle),0.0,59.66,57.48,0.0,59.81,0.65,23.7,13.93,3.26,58.38,61.93,58.32,55.91,-100,11.8
2026-09-24 07:34:47,Laboratorios Civil Superior,52.61,Group 1 (Common),90.32,55.89,Group 1 (Common),52.19,0.0,0.0,0.0,0.0,90.32,2.21,0.61,2.69,4.12,56.85,52.6,46.43,-108,8.5
2026-09-24 07:34:48,Salón - Uma Civil,58.24,Mixed,51.78,64.08,Group 4 (Person),51.84,0.0,0.0,62.19,0.0,36.94,10.98,0.0,51.78,0.0,63.69,53.59,38.3,-105,11.8
2026-09-24 07:34:51,Laboratorios Eléctrica Centro,55.77,Mixed,68.19,59.15,Group 4 (Person),53.68,0.0,0.0,56.92,0.0,68.19,3.04,1.26,27.0,0.52,60.07,55.21,50.96,-117,-0.8
2026-09-24 07:34:52,Pasillo Decanato Eléctrica,58.4,Group 1 (Common),79.9,60.83,Group 2 (Impact),57.95,60.71,0.0,0.0,60.11,79.9,5.16,0.04,1.95,12.67,60.71,57.79,57.36,-102,9.2
2026-09-24 07:34:57,Salón - Extremo Civil,40.69,Silence,0.0,43.31,Silence,0.0,0.0,0.0,0.0,0.0,0.0,0.0,0.0,0.0,0.0,44.05,39.6,38.71,-99,12.8
2026-09-24 07:35:17,Laboratorios Eléctrica Inferior,60.33,Group 1 (Common),89.84,64.53,Group 1 (Common),61.59,0.0,0.0,0.0,0.0,89.84,0.05,0.0,0.1,9.86,63.22,57.87,55.45,-119,-5.5
2026-09-24 07:35:17,Salón - Extremo Eléctrica,51.48,Mixed,55.64,56.89,Group 2 (Impact),0.0,52.83,45.85,0.0,53.5,0.17,55.64,27.21,2.95,14.06,55.97,50.24,44.3,-97,9.2
2026-09-24 07:35:21,Salón - Uma Eléctrica,40.19,Silence,0.0,40.87,Silence,0.0,0.0,0.0,0.0,0.0,0.0,0.0,0.0,0.0,0.0,40.88,39.97,39.45,-120,-8.0
2026-09-24 07:36:54,Laboratorios Eléctrica Superior,58.53,Group 1 (Common),75.34,60.8,Group 1 (Common),59.47,0.0,58.89,0.0,59.73,75.34,0.39,13.82,0.05,10.25,60.45,57.61,52.46,-114,5.0
2026-09-24 07:37:14,Laboratorios Civil Inferior,52.75,Group 1 (Common),94.23,54.51,Group 1 (Common),52.85,0.0,0.0,0.0,0.0,94.23,1.0,0.13,0.3,4.21,55.21,52.26,51.06,-120,-12.8
2026-09-24 07:39:18,Laboratorios Civil Central,56.33,Group 1 (Common),96.27,57.94,Group 1 (Common),56.16,0.0,0.0,0.0,0.0,96.27,0.26,0.0,0.09,3.21,58.32,56.06,52.71,-112,5.2
2026-09-24 07:39:24,Lobby Eléctrica,52.45,Group 1 (Common),93.71,54.04,Group 1 (Common),51.95,0.0,0.0,0.0,0.0,93.71,1.3,0.04,0.35,4.64,55.11,52.58,48.18,-94,12.8
2026-09-24 07:39:27,Pasillo Decanato Civil,28.06,Silence,0.0,29.11,Silence,0.0,0.0,0.0,0.0,0.0,0.0,0.0,0.0,0.0,0.0,29.27,27.98,27.15,-119,1.0
2026-09-24 07:39:39,Lobby Civil,55.35,Group 1 (Common),79.64,56.85,Group 1 (Common),55.57,54.85,0.0,0.0,0.0,79.64,14.02,0.3,4.08,1.95,57.14,55.28,53.97,-111,6.2
2026-09-24 07:39:46,Pasillo Salones Civil,50.87,Mixed,69.88,54.22,Group 2 (Impact),50.59,52.06,0.0,0.0,0.0,69.88,27.86,0.0,1.65,0.65,55.03,50.27,47.15,-93,12.0
2026-09-24 07:39:46,Pasillo Salones Eléctrica,56.63,Mixed,47.01,58.12,Group 3 (Rotary Tool),0.0,56.44,57.66,0.0,55.06,0.04,19.84,47.01,0.35,32.77,58.56,57.14,52.75,-101,12.0
2026-09-24 07:39:47,Laboratorios Civil Superior,50.69,Group 1 (Common),80.25,55.16,Group 1 (Common),50.93,0.0,52.62,0.0,0.0,80.25,0.74,15.02,0.43,3.43,53.86,49.01,46.32,-103,10.0
2026-09-24 07:39:48,Salón - Uma Civil,40.12,Silence,0.0,44.39,Silence,0.0,0.0,0.0,0.0,0.0,0.0,0.0,0.0,0.0,0.0,44.33,40.01,36.8,-105,10.5
2026-09-24 07:39:51,Laboratorios Eléctrica Centro,62.1,Group 1 (Common),78.27,65.04,Group 1 (Common),60.62,0.0,0.0,63.86,0.0,78.27,0.78,3.56,15.04,2.29,65.78,60.23,49.46,-102,11.5
2026-09-24 07:39:52,Pasillo Decanato Eléctrica,66.47,Group 1 (Common),92.75,72.88,Group 1 (Common),61.73,0.0,0.0,0.0,0.0,92.75,0.26,0.0,6.03,1.04,74.0,58.62,57.66,-102,11.0
2026-09-24 07:39:57,Salón - Extremo Civil,60.26,Mixed,55.95,63.26,Group 2 (Impact),0.0,59.99,0.0,58.17,0.0,0.04,55.95,0.0,43.92,0.0,63.9,59.7,47.17,-94,11.8
2026-09-24 07:40:17,Laboratorios Eléctrica Inferior,63.91,Mixed,60.99,67.98,Group 1 (Common),64.18,0.0,0.0,0.0,59.38,37.6,0.54,0.05,0.83,60.99,68.79,59.54,55.03,-120,-6.2
2026-09-24 07:40:17,Salón - Extremo Eléctrica,49.17,Group 2 (Impact),73.65,58.37,Group 4 (Person),0.0,39.09,0.0,49.24,0.0,0.3,73.65,1.48,12.46,12.28,60.51,37.38,30.97,-102,9.0
2026-09-24 07:40:21,Salón - Uma Eléctrica,46.02,Mixed,68.4,49.4,Group 5 (Vehicle),0.0,45.89,0.0,0.0,47.38,0.17,28.21,1.56,1.78,68.4,46.94,46.05,43.8,-115,1.0
2026-09-24 07:41:54,Laboratorios Eléctrica Superior,44.84,Silence,0.0,47.04,Silence,0.0,0.0,0.0,0.0,0.0,0.0,0.0,0.0,0.0,0.0,47.93,44.5,41.79,-95,9.0
2026-09-24 07:44:18,Laboratorios Civil Central,70.84,Mixed,41.46,76.04,Group 3 (Rotary Tool),0.0,56.89,74.64,0.0,56.22,1.37,18.31,41.46,2.83,36.08,75.95,58.55,54.79,-105,7.2
2026-09-24 07:44:24,Lobby Eléctrica,49.99,Mixed,36.2,51.3,Group 1 (Common),50.13,49.99,0.0,0.0,50.27,36.2,27.78,1.39,1.3,33.2,51.51,49.87,48.92,-111,7.8
2026-09-24 07:44:28,Pasillo Decanato Civil,29.83,Silence,0.0,31.94,Silence,0.0,0.0,0.0,0.0,0.0,0.0,0.0,0.0,0.0,0.0,32.33,29.41,26.67,-115,7.8
2026-09-24 07:44:39,Lobby Civil,53.92,Mixed,36.2,55.3,Group 2 (Impact),53.58,54.02,0.0,0.0,53.91,17.8,36.2,5.38,7.25,33.42,55.43,53.66,52.87,-96,11.5
2026-09-24 07:44:46,Pasillo Salones Civil,54.3,Mixed,58.64,64.4,Group 1 (Common),60.11,53.89,0.0,0.0,53.6,58.64,19.97,0.15,8.84,12.26,59.57,52.32,50.13,-93,7.8
2026-09-24 07:44:46,Pasillo Salones Eléctrica,58.11,Group 5 (Vehicle),70.79,59.41,Group 2 (Impact),58.16,58.39,57.95,0.0,57.67,7.03,7.73,12.59,1.95,70.79,59.72,57.93,57.29,-119,-4.0
2026-09-24 07:44:47,Laboratorios Civil Superior,50.86,Group 1 (Common),89.89,56.41,Group 1 (Common),50.04,0.0,0.0,0.0,0.0,89.89,1.61,1.74,0.61,6.08,57.55,47.5,45.73,-113,-1.8
2026-09-24 07:44:48,Salón - Uma Civil,56.09,Mixed,60.29,61.84,Group 5 (Vehicle),59.46,54.58,0.0,59.74,60.79,12.67,60.29,2.43,16.28,8.25,59.89,55.8,49.21,-102,11.5
2026-09-24 07:44:51,Laboratorios Eléctrica Centro,71.38,Group 1 (Common),99.61,76.39,Group 1 (Common),67.97,0.0,0.0,0.0,0.0,99.61,0.0,0.0,0.0,0.0,77.01,62.76,52.05,-96,9.2
2026-09-24 07:44:52,Pasillo Decanato Eléctrica,60.36,Mixed,57.34,67.45,Group 3 (Rotary Tool),58.58,64.82,68.42,0.0,62.2,57.34,11.46,10.29,1.3,19.57,64.6,58.53,57.55,-120,-5.0
2026-09-24 07:44:57,Salón - Extremo Civil,48.39,Group 1 (Common),86.63,52.57,Group 1 (Common),47.18,0.0,0.0,0.0,0.0,86.63,9.72,0.0,3.56,0.0,53.48,46.98,43.95,-96,12.8
2026-09-24 07:45:17,Laboratorios Eléctrica Inferior,60.36,Group 1 (Common),95.66,62.55,Group 1 (Common),60.25,0.0,0.0,0.0,0.0,95.66,0.61,0.09,1.26,2.47,63.5,59.94,56.23,-114,2.2
2026-09-24 07:45:17,Salón - Extremo Eléctrica,62.23,Group 4 (Person),83.2,66.52,Group 4 (Person),60.51,0.0,0.0,61.52,0.0,16.19,0.09,0.0,83.2,0.26,67.12,60.73,57.5,-103,4.8
2026-09-24 07:45:21,Salón - Uma Eléctrica,43.54,Silence,0.0,44.55,Silence,0.0,0.0,0.0,0.0,0.0,0.0,0.0,0.0,0.0,0.0,44.49,43.41,42.85,-115,0.2
2026-09-24 07:46:54,Laboratorios Eléctrica Superior,43.01,Silence,0.0,45.38,Silence,0.0,0.0,0.0,0.0,0.0,0.0,0.0,0.0,0.0,0.0,45.6,43.1,39.81,-117,1.8
2026-09-24 07:47:14,Laboratorios Civil Inferior,49.64,Mixed,47.51,54.02,Group 5 (Vehicle),47.75,46.71,0.0,0.0,49.06,19.78,23.54,3.03,6.2,47.51,54.56,46.92,45.61,-120,-12.2
2026-09-24 07:49:18,Laboratorios Civil Central,65.06,Group 1 (Common),97.96,66.95,Group 1 (Common),64.58,0.0,0.0,0.0,0.0,97.96,1.3,0.0,0.43,0.0,67.71,65.18,61.3,-103,11.5
2026-09-24 07:49:26,Lobby Eléctrica,55.69,Mixed,59.72,57.27,Group 1 (Common),55.09,0.0,0.0,0.0,56.61,59.72,5.66,15.19,4.0,15.28,58.66,54.64,53.0,-113,1.5
2026-09-24 07:49:27,Pasillo Decanato Civil,26.26,Silence,0.0,27.45,Silence,0.0,0.0,0.0,0.0,0.0,0.0,0.0,0.0,0.0,0.0,27.63,26.37,24.94,-103,8.8
2026-09-24 07:49:39,Lobby Civil,55.39,Group 1 (Common),80.42,57.65,Group 1 (Common),55.84,0.0,0.0,0.0,0.0,80.42,5.96,0.78,2.98,9.91,56.52,55.45,53.65,-111,5.0
2026-09-24 07:49:46,Pasillo Salones Civil,68.09,Group 1 (Common),96.57,69.75,Group 1 (Common),67.26,0.0,0.0,0.0,0.0,96.57,0.0,1.0,2.3,0.13,70.22,68.1,61.79,-93,11.8
2026-09-24 07:49:46,Pasillo Salones Eléctrica,55.42,Mixed,39.7,56.74,Group 2 (Impact),55.04,56.02,0.0,0.0,55.9,39.7,13.77,13.57,3.03,30.08,56.55,55.4,54.08,-113,7.2
2026-09-24 07:49:47,Laboratorios Civil Superior,46.84,Group 1 (Common),82.38,48.7,Group 1 (Common),46.51,0.0,0.0,0.0,0.0,82.38,0.56,0.56,0.17,16.19,49.07,46.9,44.67,-113,3.5
2026-09-24 07:49:48,Salón - Uma Civil,55.28,Group 1 (Common),92.87,56.74,Group 1 (Common),54.79,0.0,0.0,0.0,0.0,92.87,2.34,0.2,0.49,4.3,56.95,55.27,51.09,-109,10.8
2026-09-24 07:49:51,Laboratorios Eléctrica Centro,48.87,Group 5 (Vehicle),71.4,51.36,Group 2 (Impact),46.49,50.99,0.0,0.0,49.14,18.4,4.82,4.9,0.43,71.4,51.5,48.49,45.63,-119,0.8
2026-09-24 07:49:52,Pasillo Decanato Eléctrica,57.75,Group 1 (Common),98.83,58.54,Group 1 (Common),57.61,0.0,0.0,0.0,0.0,98.83,0.13,0.0,0.22,0.65,58.48,57.63,57.13,-115,1.8
2026-09-24 07:49:57,Salón - Extremo Civil,60.92,Mixed,65.23,62.71,Group 4 (Person),59.87,0.0,0.0,61.02,0.0,34.11,0.52,0.0,65.23,0.0,63.78,60.44,56.68,-93,13.5
2026-09-24 07:50:17,Laboratorios Eléctrica Inferior,53.13,Group 5 (Vehicle),73.35,53.72,Group 5 (Vehicle),53.04,0.0,0.0,0.0,53.52,23.26,2.04,0.04,1.35,73.35,53.75,53.15,52.33,-113,3.5
2026-09-24 07:50:17,Salón - Extremo Eléctrica,58.97,Mixed,54.3,64.19,Group 4 (Person),56.62,42.0,0.0,60.69,0.0,32.94,5.12,0.91,54.3,6.64,64.38,57.96,41.67,-92,9.2
2026-09-24 07:50:21,Salón - Uma Eléctrica,71.75,Mixed,41.54,78.41,Group 3 (Rotary Tool),68.85,0.0,78.21,65.04,0.0,41.54,7.03,21.74,22.74,6.99,78.1,66.16,58.04,-99,-5.0
2026-09-24 07:51:54,Laboratorios Eléctrica Superior,41.16,Silence,0.0,42.13,Silence,0.0,0.0,0.0,0.0,0.0,0.0,0.0,0.0,0.0,0.0,42.2,41.14,39.54,-117,-2.0
2026-09-24 07:52:14,Laboratorios Civil Inferior,57.93,Group 1 (Common),99.44,60.48,Group 1 (Common),57.56,0.0,0.0,0.0,0.0,99.44,0.0,0.0,0.09,0.35,60.92,57.06,53.67,-120,-5.2
2026-09-24 07:54:18,Laboratorios Civil Central,61.93,Group 1 (Common),99.61,66.85,Group 1 (Common),63.15,0.0,0.0,0.0,0.0,99.61,0.0,0.0,0.0,0.0,65.15,61.8,57.77,-114,4.8
2026-09-24 07:54:24,Lobby Eléctrica,66.65,Group 1 (Common),90.77,79.0,Group 1 (Common),72.15,0.0,0.0,0.0,0.0,90.77,1.9,5.27,0.24,1.81,72.17,62.87,58.42,-101,12.8
2026-09-24 07:54:28,Pasillo Decanato Civil,39.09,Silence,0.0,44.74,Silence,0.0,0.0,0.0,0.0,0.0,0.0,0.0,0.0,0.0,0.0,46.22,37.48,33.94,-101,12.5
2026-09-24 07:54:40,Lobby Civil,53.8,Mixed,49.71,54.41,Group 1 (Common),53.92,53.52,0.0,0.0,53.97,49.71,22.02,0.15,2.98,25.24,55.0,54.04,51.41,-105,9.8
2026-09-24 07:54:46,Pasillo Salones Civil,52.05,Mixed,36.24,53.94,Group 1 (Common),52.82,52.05,0.0,52.01,0.0,36.24,33.68,0.0,30.03,0.0,52.7,51.9,51.34,-97,11.5
2026-09-24 07:54:46,Pasillo Salones Eléctrica,54.25,Group 1 (Common),89.55,55.57,Group 1 (Common),53.69,0.0,0.0,0.0,0.0,89.55,0.34,9.52,0.05,0.29,55.93,53.68,50.85,-103,12.0
2026-09-24 07:54:47,Laboratorios Civil Superior,61.19,Group 1 (Common),99.32,63.03,Group 1 (Common),61.67,0.0,0.0,0.0,0.0,99.32,0.0,0.24,0.05,0.24,63.54,60.58,59.36,-101,11.0
2026-09-24 07:54:48,Salón - Uma Civil,52.89,Mixed,56.35,57.05,Group 2 (Impact),0.0,53.98,0.0,0.0,55.96,0.1,56.35,14.45,4.0,25.29,57.82,48.74,45.76,-113,-5.8
2026-09-24 07:54:51,Laboratorios Eléctrica Centro,49.1,Group 1 (Common),82.25,51.11,Group 1 (Common),49.13,0.0,0.0,0.0,0.0,82.25,1.04,1.09,0.39,15.32,52.3,49.1,46.04,-113,6.8
2026-09-24 07:54:52,Pasillo Decanato Eléctrica,58.46,Group 1 (Common),98.74,58.95,Group 1 (Common),58.34,0.0,0.0,0.0,0.0,98.74,0.56,0.0,0.26,0.52,58.96,58.62,57.54,-119,-10.0
2026-09-24 07:54:57,Salón - Extremo Civil,35.88,Silence,0.0,37.31,Silence,0.0,0.0,0.0,0.0,0.0,0.0,0.0,0.0,0.0,0.0,37.87,35.62,34.33,-89,11.8
2026-09-24 07:55:17,Laboratorios Eléctrica Inferior,62.24,Group 1 (Common),95.23,64.97,Group 1 (Common),61.64,0.0,0.0,0.0,0.0,95.23,2.95,0.04,0.61,1.04,65.37,61.88,56.33,-120,-6.8
2026-09-24 07:55:17,Salón - Extremo Eléctrica,57.89,Group 1 (Common),73.0,60.62,Group 1 (Common),57.98,0.0,0.0,57.89,0.0,73.0,2.52,0.61,23.83,0.13,60.91,57.57,54.85,-106,7.8
2026-09-24 07:55:21,Salón - Uma Eléctrica,54.09,Group 1 (Common),91.45,59.76,Group 1 (Common),51.43,0.0,0.0,0.0,0.0,91.45,1.13,0.0,7.38,0.09,60.62,51.19,48.07,-119,
2026-09-24 07:56:54,Laboratorios Eléctrica Superior,55.31,Mixed,62.63,58.12,Group 1 (Common),55.85,0.0,0.0,0.0,55.67,62.63,11.02,0.09,6.86,19.23,58.29,55.01,50.59,-109,8.2
2026-09-24 07:57:14,Laboratorios Civil Inferior,58.22,Group 1 (Common),99.22,60.43,Group 1 (Common),57.62,0.0,0.0,0.0,0.0,99.22,0.0,0.0,0.48,0.09,60.87,57.51,52.79,-116,-2.5
2026-09-24 07:59:18,Laboratorios Civil Central,65.89,Group 1 (Common),99.57,68.7,Group 1 (Common),65.69,0.0,0.0,0.0,0.0,99.57,0.04,0.0,0.13,0.0,69.24,65.64,62.52,-100,11.8
2026-09-24 07:59:24,Lobby Eléctrica,58.01,Group 1 (Common),99.13,58.88,Group 1 (Common),58.19,0.0,0.0,0.0,0.0,99.13,0.0,0.09,0.17,0.52,58.93,58.19,57.15,-117,-1.8
2026-09-24 07:59:28,Pasillo Decanato Civil,43.62,Silence,0.0,44.1,Silence,0.0,0.0,0.0,0.0,0.0,0.0,0.0,0.0,0.0,0.0,44.01,43.75,42.89,-107,10.5
2026-09-24 07:59:45,Lobby Civil,62.12,Group 1 (Common),99.52,65.66,Group 1 (Common),63.09,0.0,0.0,0.0,0.0,99.52,0.0,0.0,0.0,0.17,66.05,62.04,55.74,-105,11.0
2026-09-24 07:59:46,Pasillo Salones Civil,55.58,Group 1 (Common),99.57,58.64,Group 1 (Common),56.7,0.0,0.0,0.0,0.0,99.57,0.09,0.0,0.0,0.13,58.94,55.46,50.23,-109,4.0
2026-09-24 07:59:46,Pasillo Salones Eléctrica,47.5,Mixed,68.32,49.73,Group 1 (Common),46.65,0.0,47.89,0.0,0.0,68.32,2.04,23.48,0.43,5.69,49.88,47.32,43.17,-108,5.8
2026-09-24 07:59:47,Laboratorios Civil Superior,56.1,Group 1 (Common),85.29,58.07,Group 1 (Common),56.33,0.0,0.0,0.0,54.84,85.29,0.0,0.0,0.04,14.41,58.34,55.69,53.79,-119,1.8
2026-09-24 07:59:48,Salón - Uma Civil,60.32,Mixed,62.8,67.97,Group 1 (Common),64.45,54.2,0.0,0.0,0.0,62.8,26.22,0.0,4.95,5.95,66.07,56.41,53.67,-111,9.0
2026-09-24 07:59:51,Laboratorios Eléctrica Centro,51.75,Mixed,49.78,53.92,Group 1 (Common),52.56,47.45,0.0,0.0,50.21,49.78,23.26,5.99,1.35,19.44,53.71,51.94,46.35,-115,2.8
2026-09-24 07:59:53,Pasillo Decanato Eléctrica,58.35,Group 1 (Common),99.0,58.92,Group 1 (Common),58.23,0.0,0.0,0.0,0.0,99.0,0.04,0.0,0.04,0.74,58.92,58.35,57.66,-105,11.8
2026-09-24 07:59:57,Salón - Extremo Civil,50.43,Mixed,42.19,52.52,Group 4 (Person),50.16,47.88,0.0,51.65,41.73,26.51,12.11,0.15,42.19,18.9,53.3,49.5,45.54,-99,12.8
2026-09-24 08:00:17,Laboratorios Eléctrica Inferior,59.2,Group 1 (Common),99.61,60.49,Group 1 (Common),59.3,0.0,0.0,0.0,0.0,99.61,0.0,0.0,0.04,0.04,60.96,59.19,57.1,-119,-3.8
2026-09-24 08:00:17,Salón - Extremo Eléctrica,50.02,Mixed,35.46,64.73,Group 4 (Person),41.34,43.48,0.0,63.07,45.72,12.63,35.46,5.95,33.55,12.37,58.19,42.77,33.2,-103,7.2
2026-09-24 08:00:22,Salón - Uma Eléctrica,55.76,Mixed,39.37,56.36,Group 5 (Vehicle),55.95,55.71,0.0,0.0,55.79,21.96,39.37,1.48,0.87,36.15,56.17,55.86,55.25,-109,7.8
2026-09-24 08:01:54,Laboratorios Eléctrica Superior,49.21,Mixed,44.01,50.82,Group 1 (Common),48.75,0.0,0.0,0.0,48.84,44.01,15.97,1.22,6.6,32.07,51.02,49.79,45.07,-96,11.8
2026-09-24 08:02:14,Laboratorios Civil Inferior,48.8,Mixed,62.41,52.85,Group 1 (Common),50.61,47.75,0.0,0.0,0.0,62.41,26.82,0.13,2.17,8.59,51.37,48.37,46.2,-117,-3.5
2026-09-24 08:04:18,Laboratorios Civil Central,63.94,Group 1 (Common),99.39,65.14,Group 1 (Common),64.1,0.0,0.0,0.0,0.0,99.39,0.0,0.0,0.3,0.0,65.13,64.21,61.04,-115,2.5
2026-09-24 08:04:25,Lobby Eléctrica,56.48,Mixed,52.52,60.37,Group 2 (Impact),53.88,57.86,0.0,0.0,54.15,23.74,52.52,0.43,3.73,19.53,61.64,54.26,53.0,-113,-6.2
2026-09-24 08:04:28,Pasillo Decanato Civil,38.38,Silence,0.0,42.87,Silence,0.0,0.0,0.0,0.0,0.0,0.0,0.0,0.0,0.0,0.0,44.13,37.08,33.29,-109,10.2
2026-09-24 08:04:40,Lobby Civil,61.0,Mixed,53.73,61.42,Group 1 (Common),60.87,0.0,0.0,0.0,60.86,53.73,1.35,0.69,1.56,42.66,61.65,61.0,60.48,-99,12.0
2026-09-24 08:04:46,Pasillo Salones Civil,48.52,Group 1 (Common),86.81,49.91,Group 1 (Common),49.01,0.0,0.0,0.0,0.0,86.81,4.86,0.17,0.56,7.6,49.68,48.54,46.76,-109,7.0
