time,deviceName,laeq_global_dB,dominant_class,dominant_pct,lafmax_dB,lafmax_class,LAeq_common,LAeq_impact,LAeq_rotarytool,LAeq_person,LAeq_vehicle,pct_common,pct_impact,pct_rotarytool,pct_person,pct_vehicle,L10_dB,L50_dB,L90_dB,rssi,snr
2026-07-31 00:00:04,Laboratorios Civil Central,48.25,Group 1 (Common),94.79,49.84,Group 1 (Common),48.53,0.0,0.0,0.0,0.0,94.79,0.09,1.95,0.04,3.08,49.6,48.29,47.09,-117,-7.0
2026-07-31 00:00:09,Laboratorios Eléctrica Inferior,16.35,Silence,0.0,18.0,Silence,0.0,0.0,0.0,0.0,0.0,0.0,0.0,0.0,0.0,0.0,18.04,16.42,14.69,-109,4.2
2026-07-31 00:00:18,Lobby Eléctrica,30.08,Silence,0.0,33.6,Silence,0.0,0.0,0.0,0.0,0.0,0.0,0.0,0.0,0.0,0.0,32.11,30.15,28.58,-91,12.8
2026-07-31 00:00:21,Laboratorios Civil Inferior,40.49,Silence,0.0,41.02,Silence,0.0,0.0,0.0,0.0,0.0,0.0,0.0,0.0,0.0,0.0,41.03,40.37,40.09,-112,6.0
2026-07-31 00:00:26,Pasillo Salones Eléctrica,28.48,Silence,0.0,29.38,Silence,0.0,0.0,0.0,0.0,0.0,0.0,0.0,0.0,0.0,0.0,29.52,28.14,27.38,-101,12.0
2026-07-31 00:00:36,Salón - Uma Eléctrica,44.09,Silence,0.0,44.95,Silence,0.0,0.0,0.0,0.0,0.0,0.0,0.0,0.0,0.0,0.0,44.9,44.05,43.35,-101,7.8
2026-07-31 00:01:03,Salón - Extremo Civil,13.99,Silence,0.0,16.03,Silence,0.0,0.0,0.0,0.0,0.0,0.0,0.0,0.0,0.0,0.0,15.86,13.62,13.07,-96,11.2
2026-07-31 00:01:07,Pasillo Salones Civil,14.79,Silence,0.0,15.41,Silence,0.0,0.0,0.0,0.0,0.0,0.0,0.0,0.0,0.0,0.0,15.6,14.8,14.31,-100,11.5
2026-07-31 00:01:20,Laboratorios Civil Superior,31.53,Silence,0.0,34.22,Silence,0.0,0.0,0.0,0.0,0.0,0.0,0.0,0.0,0.0,0.0,33.77,31.24,30.05,-108,10.5
2026-07-31 00:01:29,Laboratorios Eléctrica Centro,14.86,Silence,0.0,15.51,Silence,0.0,0.0,0.0,0.0,0.0,0.0,0.0,0.0,0.0,0.0,15.34,14.73,14.48,-119,-4.0
2026-07-31 00:02:48,Lobby Civil,55.27,Mixed,50.61,58.88,Group 2 (Impact),53.58,54.44,0.0,0.0,0.0,31.68,50.61,0.26,4.17,13.37,59.79,53.85,52.63,-111,3.5
2026-07-31 00:02:56,Pasillo Decanato Civil,22.47,Silence,0.0,23.29,Silence,0.0,0.0,0.0,0.0,0.0,0.0,0.0,0.0,0.0,0.0,23.53,22.44,21.57,-112,2.0
2026-07-31 00:04:10,Salón - Extremo Eléctrica,18.03,Silence,0.0,19.16,Silence,0.0,0.0,0.0,0.0,0.0,0.0,0.0,0.0,0.0,0.0,19.06,18.03,16.78,-87,12.8
2026-07-31 00:04:17,Laboratorios Eléctrica Superior,13.57,Silence,0.0,14.64,Silence,0.0,0.0,0.0,0.0,0.0,0.0,0.0,0.0,0.0,0.0,14.53,13.41,13.12,-95,11.5
2026-07-31 00:04:40,Salón - Uma Civil,11.4,Silence,0.0,12.87,Silence,0.0,0.0,0.0,0.0,0.0,0.0,0.0,0.0,0.0,0.0,12.65,11.09,10.44,-115,-11.8
2026-07-31 00:04:40,Pasillo Decanato Eléctrica,19.58,Silence,0.0,20.31,Silence,0.0,0.0,0.0,0.0,0.0,0.0,0.0,0.0,0.0,0.0,20.17,19.31,19.02,-103,8.5
2026-07-31 00:05:04,Laboratorios Civil Central,49.3,Group 1 (Common),90.28,51.18,Group 1 (Common),49.39,0.0,0.0,0.0,0.0,90.28,0.22,0.0,0.04,9.29,51.22,48.88,46.98,-118,-6.8
2026-07-31 00:05:09,Laboratorios Eléctrica Inferior,17.58,Silence,0.0,18.46,Silence,0.0,0.0,0.0,0.0,0.0,0.0,0.0,0.0,0.0,0.0,18.39,17.73,16.58,-121,-12.8
2026-07-31 00:05:18,Lobby Eléctrica,37.07,Silence,0.0,46.08,Silence,0.0,0.0,0.0,0.0,0.0,0.0,0.0,0.0,0.0,0.0,44.11,35.65,33.01,-97,12.0
2026-07-31 00:05:21,Laboratorios Civil Inferior,39.91,Silence,0.0,40.56,Silence,0.0,0.0,0.0,0.0,0.0,0.0,0.0,0.0,0.0,0.0,40.79,40.06,39.02,-117,1.0
2026-07-31 00:05:26,Pasillo Salones Eléctrica,30.87,Silence,0.0,34.24,Silence,0.0,0.0,0.0,0.0,0.0,0.0,0.0,0.0,0.0,0.0,35.43,30.15,28.79,-96,12.0
2026-07-31 00:05:36,Salón - Uma Eléctrica,44.31,Silence,0.0,45.3,Silence,0.0,0.0,0.0,0.0,0.0,0.0,0.0,0.0,0.0,0.0,45.02,44.24,43.5,-113,6.0
2026-07-31 00:06:03,Salón - Extremo Civil,13.44,Silence,0.0,14.04,Silence,0.0,0.0,0.0,0.0,0.0,0.0,0.0,0.0,0.0,0.0,13.97,13.53,12.67,-105,12.5
2026-07-31 00:06:07,Pasillo Salones Civil,14.81,Silence,0.0,15.38,Silence,0.0,0.0,0.0,0.0,0.0,0.0,0.0,0.0,0.0,0.0,15.53,14.74,14.24,-107,11.5
2026-07-31 00:06:20,Laboratorios Civil Superior,41.68,Silence,0.0,42.25,Silence,0.0,0.0,0.0,0.0,0.0,0.0,0.0,0.0,0.0,0.0,42.47,41.73,40.62,-109,4.5
2026-07-31 00:06:29,Laboratorios Eléctrica Centro,12.39,Silence,0.0,13.11,Silence,0.0,0.0,0.0,0.0,0.0,0.0,0.0,0.0,0.0,0.0,12.97,12.24,11.47,-111,9.0
2026-07-31 00:07:48,Lobby Civil,44.12,Silence,0.0,45.0,Silence,0.0,0.0,0.0,0.0,0.0,0.0,0.0,0.0,0.0,0.0,45.23,43.99,43.12,-111,5.0
2026-07-31 00:07:56,Pasillo Decanato Civil,28.07,Silence,0.0,30.42,Silence,0.0,0.0,0.0,0.0,0.0,0.0,0.0,0.0,0.0,0.0,30.4,28.67,22.54,-93,12.8
2026-07-31 00:09:10,Salón - Extremo Eléctrica,16.69,Silence,0.0,22.06,Silence,0.0,0.0,0.0,0.0,0.0,0.0,0.0,0.0,0.0,0.0,19.16,16.37,15.7,-89,12.2
2026-07-31 00:09:17,Laboratorios Eléctrica Superior,11.32,Silence,0.0,11.84,Silence,0.0,0.0,0.0,0.0,0.0,0.0,0.0,0.0,0.0,0.0,11.82,11.46,10.69,-96,11.0
2026-07-31 00:09:35,Salón - Uma Civil,10.46,Silence,0.0,11.35,Silence,0.0,0.0,0.0,0.0,0.0,0.0,0.0,0.0,0.0,0.0,10.86,10.58,9.72,-107,3.8
2026-07-31 00:09:36,Pasillo Decanato Eléctrica,19.94,Silence,0.0,20.6,Silence,0.0,0.0,0.0,0.0,0.0,0.0,0.0,0.0,0.0,0.0,20.76,20.07,18.95,-107,10.0
2026-07-31 00:10:07,Laboratorios Civil Central,49.72,Group 1 (Common),81.68,51.6,Group 1 (Common),50.29,0.0,0.0,0.0,0.0,81.68,0.69,1.04,0.0,16.45,51.23,49.68,47.37,-107,9.5
2026-07-31 00:10:09,Laboratorios Eléctrica Inferior,14.38,Silence,0.0,14.91,Silence,0.0,0.0,0.0,0.0,0.0,0.0,0.0,0.0,0.0,0.0,15.03,14.27,13.78,-118,-11.5
2026-07-31 00:10:18,Lobby Eléctrica,37.27,Silence,0.0,45.6,Silence,0.0,0.0,0.0,0.0,0.0,0.0,0.0,0.0,0.0,0.0,42.41,35.03,33.41,-96,12.0
2026-07-31 00:10:21,Laboratorios Civil Inferior,40.28,Silence,0.0,41.0,Silence,0.0,0.0,0.0,0.0,0.0,0.0,0.0,0.0,0.0,0.0,41.56,40.48,39.09,-119,-4.5
2026-07-31 00:10:26,Pasillo Salones Eléctrica,32.79,Silence,0.0,34.4,Silence,0.0,0.0,0.0,0.0,0.0,0.0,0.0,0.0,0.0,0.0,34.5,33.11,29.73,-97,12.2
2026-07-31 00:10:36,Salón - Uma Eléctrica,43.57,Silence,0.0,44.61,Silence,0.0,0.0,0.0,0.0,0.0,0.0,0.0,0.0,0.0,0.0,44.65,43.41,42.26,-111,8.0
2026-07-31 00:11:03,Salón - Extremo Civil,16.54,Silence,0.0,20.9,Silence,0.0,0.0,0.0,0.0,0.0,0.0,0.0,0.0,0.0,0.0,21.33,15.07,13.9,-105,11.5
2026-07-31 00:11:07,Pasillo Salones Civil,40.69,Silence,0.0,45.39,Silence,0.0,0.0,0.0,0.0,0.0,0.0,0.0,0.0,0.0,0.0,46.82,38.72,14.94,-103,1.5
2026-07-31 00:11:20,Laboratorios Civil Superior,34.81,Silence,0.0,35.98,Silence,0.0,0.0,0.0,0.0,0.0,0.0,0.0,0.0,0.0,0.0,35.82,34.73,33.7,-111,10.0
2026-07-31 00:11:29,Laboratorios Eléctrica Centro,15.74,Silence,0.0,16.47,Silence,0.0,0.0,0.0,0.0,0.0,0.0,0.0,0.0,0.0,0.0,16.47,15.55,15.14,-107,10.2
2026-07-31 00:12:48,Lobby Civil,33.78,Silence,0.0,35.0,Silence,0.0,0.0,0.0,0.0,0.0,0.0,0.0,0.0,0.0,0.0,35.2,33.56,33.03,-90,12.2
2026-07-31 00:12:56,Pasillo Decanato Civil,31.72,Silence,0.0,40.31,Silence,0.0,0.0,0.0,0.0,0.0,0.0,0.0,0.0,0.0,0.0,41.92,26.9,25.16,-114,
2026-07-31 00:14:10,Salón - Extremo Eléctrica,15.87,Silence,0.0,17.06,Silence,0.0,0.0,0.0,0.0,0.0,0.0,0.0,0.0,0.0,0.0,17.87,15.5,14.87,-89,11.2
2026-07-31 00:14:17,Laboratorios Eléctrica Superior,11.41,Silence,0.0,12.04,Silence,0.0,0.0,0.0,0.0,0.0,0.0,0.0,0.0,0.0,0.0,12.15,11.28,10.47,-120,-1.2
2026-07-31 00:14:35,Salón - Uma Civil,36.89,Silence,0.0,42.94,Silence,0.0,0.0,0.0,0.0,0.0,0.0,0.0,0.0,0.0,0.0,43.37,34.05,24.34,-87,10.5
2026-07-31 00:14:36,Pasillo Decanato Eléctrica,19.82,Silence,0.0,21.49,Silence,0.0,0.0,0.0,0.0,0.0,0.0,0.0,0.0,0.0,0.0,21.09,19.86,18.63,-105,10.5
2026-07-31 00:15:04,Laboratorios Civil Central,49.28,Group 1 (Common),84.07,50.15,Group 1 (Common),49.19,0.0,0.0,0.0,0.0,84.07,0.56,0.26,0.0,14.97,50.09,49.41,48.18,-103,11.2
2026-07-31 00:15:09,Laboratorios Eléctrica Inferior,15.23,Silence,0.0,15.85,Silence,0.0,0.0,0.0,0.0,0.0,0.0,0.0,0.0,0.0,0.0,15.87,15.21,14.45,-114,1.0
2026-07-31 00:15:18,Lobby Eléctrica,28.0,Silence,0.0,32.43,Silence,0.0,0.0,0.0,0.0,0.0,0.0,0.0,0.0,0.0,0.0,32.08,26.93,24.02,-93,13.5
2026-07-31 00:15:21,Laboratorios Civil Inferior,39.63,Silence,0.0,40.35,Silence,0.0,0.0,0.0,0.0,0.0,0.0,0.0,0.0,0.0,0.0,40.16,39.81,39.08,-119,-14.0
2026-07-31 00:15:26,Pasillo Salones Eléctrica,39.53,Silence,0.0,41.24,Silence,0.0,0.0,0.0,0.0,0.0,0.0,0.0,0.0,0.0,0.0,41.67,39.53,38.36,-99,11.2
2026-07-31 00:15:36,Salón - Uma Eléctrica,44.77,Silence,0.0,45.59,Silence,0.0,0.0,0.0,0.0,0.0,0.0,0.0,0.0,0.0,0.0,45.54,44.79,43.8,-111,5.8
2026-07-31 00:16:03,Salón - Extremo Civil,13.29,Silence,0.0,15.19,Silence,0.0,0.0,0.0,0.0,0.0,0.0,0.0,0.0,0.0,0.0,13.78,13.52,11.98,-103,11.8
2026-07-31 00:16:07,Pasillo Salones Civil,14.83,Silence,0.0,15.99,Silence,0.0,0.0,0.0,0.0,0.0,0.0,0.0,0.0,0.0,0.0,16.53,14.71,13.66,-109,6.2
2026-07-31 00:16:20,Laboratorios Civil Superior,31.55,Silence,0.0,32.98,Silence,0.0,0.0,0.0,0.0,0.0,0.0,0.0,0.0,0.0,0.0,32.98,31.28,30.24,-100,11.0
2026-07-31 00:16:29,Laboratorios Eléctrica Centro,11.89,Silence,0.0,12.99,Silence,0.0,0.0,0.0,0.0,0.0,0.0,0.0,0.0,0.0,0.0,12.79,11.64,11.29,-107,10.0
2026-07-31 00:17:48,Lobby Civil,32.82,Silence,0.0,34.37,Silence,0.0,0.0,0.0,0.0,0.0,0.0,0.0,0.0,0.0,0.0,34.23,32.73,30.29,-108,6.2
2026-07-31 00:17:56,Pasillo Decanato Civil,24.0,Silence,0.0,26.01,Silence,0.0,0.0,0.0,0.0,0.0,0.0,0.0,0.0,0.0,0.0,26.06,23.71,22.16,-107,10.2
2026-07-31 00:19:10,Salón - Extremo Eléctrica,15.07,Silence,0.0,15.86,Silence,0.0,0.0,0.0,0.0,0.0,0.0,0.0,0.0,0.0,0.0,15.52,15.26,14.26,-95,13.2
2026-07-31 00:19:17,Laboratorios Eléctrica Superior,13.28,Silence,0.0,14.18,Silence,0.0,0.0,0.0,0.0,0.0,0.0,0.0,0.0,0.0,0.0,14.08,13.22,12.59,-120,-10.8
2026-07-31 00:19:35,Salón - Uma Civil,12.08,Silence,0.0,13.05,Silence,0.0,0.0,0.0,0.0,0.0,0.0,0.0,0.0,0.0,0.0,13.15,12.06,10.59,-108,10.2
2026-07-31 00:19:36,Pasillo Decanato Eléctrica,19.64,Silence,0.0,20.34,Silence,0.0,0.0,0.0,0.0,0.0,0.0,0.0,0.0,0.0,0.0,20.32,19.6,18.3,-107,10.0
2026-07-31 00:20:04,Laboratorios Civil Central,48.58,Group 1 (Common),91.41,50.26,Group 1 (Common),48.74,0.0,0.0,0.0,0.0,91.41,0.0,0.0,0.0,8.4,50.02,48.15,47.83,-103,9.0
2026-07-31 00:20:09,Laboratorios Eléctrica Inferior,20.07,Silence,0.0,21.84,Silence,0.0,0.0,0.0,0.0,0.0,0.0,0.0,0.0,0.0,0.0,21.84,19.91,18.35,-115,2.8
2026-07-31 00:20:23,Lobby Eléctrica,25.02,Silence,0.0,26.13,Silence,0.0,0.0,0.0,0.0,0.0,0.0,0.0,0.0,0.0,0.0,25.72,24.9,24.37,-115,2.5
2026-07-31 00:20:23,Laboratorios Civil Inferior,40.24,Silence,0.0,40.72,Silence,0.0,0.0,0.0,0.0,0.0,0.0,0.0,0.0,0.0,0.0,40.87,40.28,39.62,-121,-7.5
2026-07-31 00:20:26,Pasillo Salones Eléctrica,35.33,Silence,0.0,37.93,Silence,0.0,0.0,0.0,0.0,0.0,0.0,0.0,0.0,0.0,0.0,38.52,34.42,32.39,-96,13.2
2026-07-31 00:20:36,Salón - Uma Eléctrica,44.48,Silence,0.0,45.21,Silence,0.0,0.0,0.0,0.0,0.0,0.0,0.0,0.0,0.0,0.0,45.12,44.61,43.51,-106,8.5
2026-07-31 00:21:03,Salón - Extremo Civil,15.36,Silence,0.0,19.57,Silence,0.0,0.0,0.0,0.0,0.0,0.0,0.0,0.0,0.0,0.0,19.57,14.64,12.73,-119,-10.0
2026-07-31 00:21:07,Pasillo Salones Civil,14.16,Silence,0.0,14.69,Silence,0.0,0.0,0.0,0.0,0.0,0.0,0.0,0.0,0.0,0.0,14.61,14.09,13.23,-111,4.5
2026-07-31 00:21:20,Laboratorios Civil Superior,33.38,Silence,0.0,34.97,Silence,0.0,0.0,0.0,0.0,0.0,0.0,0.0,0.0,0.0,0.0,34.85,33.49,31.47,-96,11.0
2026-07-31 00:21:29,Laboratorios Eléctrica Centro,12.06,Silence,0.0,13.11,Silence,0.0,0.0,0.0,0.0,0.0,0.0,0.0,0.0,0.0,0.0,13.11,11.72,11.11,-107,6.2
2026-07-31 00:22:48,Lobby Civil,35.71,Silence,0.0,37.51,Silence,0.0,0.0,0.0,0.0,0.0,0.0,0.0,0.0,0.0,0.0,37.84,35.94,33.21,-111,8.2
2026-07-31 00:22:56,Pasillo Decanato Civil,22.75,Silence,0.0,24.5,Silence,0.0,0.0,0.0,0.0,0.0,0.0,0.0,0.0,0.0,0.0,24.63,22.31,21.13,-95,11.0
2026-07-31 00:24:10,Salón - Extremo Eléctrica,15.65,Silence,0.0,16.62,Silence,0.0,0.0,0.0,0.0,0.0,0.0,0.0,0.0,0.0,0.0,16.35,15.52,14.91,-113,4.8
2026-07-31 00:24:35,Salón - Uma Civil,10.3,Silence,0.0,10.83,Silence,0.0,0.0,0.0,0.0,0.0,0.0,0.0,0.0,0.0,0.0,10.73,10.36,9.44,-107,8.5
2026-07-31 00:24:36,Pasillo Decanato Eléctrica,19.58,Silence,0.0,20.21,Silence,0.0,0.0,0.0,0.0,0.0,0.0,0.0,0.0,0.0,0.0,20.39,19.77,18.81,-114,2.5
2026-07-31 00:25:04,Laboratorios Civil Central,48.57,Group 1 (Common),77.25,50.68,Group 1 (Common),48.99,0.0,0.0,0.0,0.0,77.25,0.83,0.98,0.05,21.0,50.91,48.07,46.78,-118,-8.8
2026-07-31 00:25:09,Laboratorios Eléctrica Inferior,14.71,Silence,0.0,15.31,Silence,0.0,0.0,0.0,0.0,0.0,0.0,0.0,0.0,0.0,0.0,15.35,14.75,14.03,-111,-0.8
2026-07-31 00:25:18,Lobby Eléctrica,25.7,Silence,0.0,26.5,Silence,0.0,0.0,0.0,0.0,0.0,0.0,0.0,0.0,0.0,0.0,26.33,25.68,25.14,-88,10.5
2026-07-31 00:25:21,Laboratorios Civil Inferior,39.52,Silence,0.0,39.97,Silence,0.0,0.0,0.0,0.0,0.0,0.0,0.0,0.0,0.0,0.0,40.02,39.56,39.06,-119,0.2
2026-07-31 00:25:26,Pasillo Salones Eléctrica,37.96,Silence,0.0,42.09,Silence,0.0,0.0,0.0,0.0,0.0,0.0,0.0,0.0,0.0,0.0,42.72,36.55,31.43,-96,11.8
2026-07-31 00:25:36,Salón - Uma Eléctrica,44.53,Silence,0.0,45.21,Silence,0.0,0.0,0.0,0.0,0.0,0.0,0.0,0.0,0.0,0.0,45.13,44.67,43.41,-106,7.2
2026-07-31 00:26:03,Salón - Extremo Civil,13.57,Silence,0.0,14.12,Silence,0.0,0.0,0.0,0.0,0.0,0.0,0.0,0.0,0.0,0.0,14.38,13.53,12.74,-83,11.8
2026-07-31 00:26:07,Pasillo Salones Civil,64.69,Group 1 (Common),72.92,69.19,Group 1 (Common),66.31,52.07,55.28,0.0,0.0,72.92,10.63,11.68,0.09,4.38,69.51,61.85,44.99,-105,6.2
2026-07-31 00:26:20,Laboratorios Civil Superior,33.42,Silence,0.0,35.55,Silence,0.0,0.0,0.0,0.0,0.0,0.0,0.0,0.0,0.0,0.0,35.38,32.89,32.07,-109,9.5
2026-07-31 00:26:29,Laboratorios Eléctrica Centro,15.39,Silence,0.0,16.03,Silence,0.0,0.0,0.0,0.0,0.0,0.0,0.0,0.0,0.0,0.0,15.72,15.38,14.91,-111,9.5
2026-07-31 00:27:48,Lobby Civil,34.99,Silence,0.0,36.57,Silence,0.0,0.0,0.0,0.0,0.0,0.0,0.0,0.0,0.0,0.0,37.27,34.11,32.65,-107,7.5
2026-07-31 00:27:56,Pasillo Decanato Civil,22.57,Silence,0.0,23.67,Silence,0.0,0.0,0.0,0.0,0.0,0.0,0.0,0.0,0.0,0.0,23.68,22.57,21.38,-103,8.8
2026-07-31 00:29:10,Salón - Extremo Eléctrica,15.32,Silence,0.0,16.49,Silence,0.0,0.0,0.0,0.0,0.0,0.0,0.0,0.0,0.0,0.0,16.55,15.22,14.53,-87,9.2
2026-07-31 00:29:17,Laboratorios Eléctrica Superior,11.26,Silence,0.0,11.75,Silence,0.0,0.0,0.0,0.0,0.0,0.0,0.0,0.0,0.0,0.0,11.74,11.19,10.85,-99,11.2
2026-07-31 00:29:35,Salón - Uma Civil,67.55,Mixed,53.69,70.82,Group 1 (Common),68.77,69.47,0.0,0.0,66.25,53.69,17.01,0.0,15.93,13.45,70.96,66.27,57.8,-105,11.2
2026-07-31 00:29:37,Pasillo Decanato Eléctrica,19.35,Silence,0.0,20.24,Silence,0.0,0.0,0.0,0.0,0.0,0.0,0.0,0.0,0.0,0.0,19.94,19.28,18.71,-107,9.8
2026-07-31 00:30:04,Laboratorios Civil Central,50.69,Group 1 (Common),84.68,52.18,Group 1 (Common),50.8,0.0,0.0,0.0,0.0,84.68,1.09,1.09,0.09,12.98,51.69,50.68,49.39,-103,6.0
2026-07-31 00:30:09,Laboratorios Eléctrica Inferior,14.95,Silence,0.0,15.57,Silence,0.0,0.0,0.0,0.0,0.0,0.0,0.0,0.0,0.0,0.0,15.46,14.92,14.37,-111,-1.5
2026-07-31 00:30:18,Lobby Eléctrica,30.24,Silence,0.0,30.83,Silence,0.0,0.0,0.0,0.0,0.0,0.0,0.0,0.0,0.0,0.0,30.78,30.48,28.77,-113,2.2
2026-07-31 00:30:21,Laboratorios Civil Inferior,39.12,Silence,0.0,39.8,Silence,0.0,0.0,0.0,0.0,0.0,0.0,0.0,0.0,0.0,0.0,39.98,39.38,38.16,-118,-7.5
2026-07-31 00:30:26,Pasillo Salones Eléctrica,35.0,Silence,0.0,37.74,Silence,0.0,0.0,0.0,0.0,0.0,0.0,0.0,0.0,0.0,0.0,38.06,33.35,32.44,-99,12.0
2026-07-31 00:30:36,Salón - Uma Eléctrica,46.84,Group 2 (Impact),83.9,51.75,Group 2 (Impact),45.08,45.49,0.0,0.0,0.0,7.16,83.9,0.04,1.74,7.2,53.06,45.04,44.28,-113,5.8
2026-07-31 00:31:03,Salón - Extremo Civil,41.72,Silence,0.0,47.0,Silence,0.0,0.0,0.0,0.0,0.0,0.0,0.0,0.0,0.0,0.0,47.37,39.57,18.45,-95,13.2
2026-07-31 00:31:07,Pasillo Salones Civil,55.01,Mixed,51.56,59.47,Group 2 (Impact),47.47,59.0,0.0,0.0,0.0,51.56,29.82,0.13,7.25,11.2,60.03,50.13,26.62,-114,5.0
2026-07-31 00:31:20,Laboratorios Civil Superior,30.31,Silence,0.0,32.14,Silence,0.0,0.0,0.0,0.0,0.0,0.0,0.0,0.0,0.0,0.0,31.82,30.15,28.43,-97,11.8
2026-07-31 00:31:29,Laboratorios Eléctrica Centro,19.03,Silence,0.0,29.78,Silence,0.0,0.0,0.0,0.0,0.0,0.0,0.0,0.0,0.0,0.0,29.8,13.7,10.46,-117,-3.8
2026-07-31 00:32:48,Lobby Civil,33.74,Silence,0.0,35.94,Silence,0.0,0.0,0.0,0.0,0.0,0.0,0.0,0.0,0.0,0.0,37.5,32.15,30.95,-91,12.2
2026-07-31 00:32:56,Pasillo Decanato Civil,25.25,Silence,0.0,27.57,Silence,0.0,0.0,0.0,0.0,0.0,0.0,0.0,0.0,0.0,0.0,28.12,24.4,23.4,-113,6.8
2026-07-31 00:34:10,Salón - Extremo Eléctrica,17.36,Silence,0.0,20.28,Silence,0.0,0.0,0.0,0.0,0.0,0.0,0.0,0.0,0.0,0.0,19.64,17.03,16.11,-113,6.0
2026-07-31 00:34:17,Laboratorios Eléctrica Superior,13.03,Silence,0.0,13.85,Silence,0.0,0.0,0.0,0.0,0.0,0.0,0.0,0.0,0.0,0.0,13.59,13.05,12.63,-103,12.0
2026-07-31 00:34:35,Salón - Uma Civil,25.32,Silence,0.0,30.6,Silence,0.0,0.0,0.0,0.0,0.0,0.0,0.0,0.0,0.0,0.0,30.86,24.41,20.23,-102,11.8
2026-07-31 00:34:37,Pasillo Decanato Eléctrica,19.78,Silence,0.0,20.84,Silence,0.0,0.0,0.0,0.0,0.0,0.0,0.0,0.0,0.0,0.0,20.37,19.82,18.67,-109,10.0
2026-07-31 00:35:04,Laboratorios Civil Central,50.08,Group 1 (Common),73.7,51.52,Group 1 (Common),50.07,0.0,0.0,0.0,48.34,73.7,0.0,0.0,0.0,26.17,51.4,49.76,47.91,-103,11.5
2026-07-31 00:35:09,Laboratorios Eléctrica Inferior,21.24,Silence,0.0,22.15,Silence,0.0,0.0,0.0,0.0,0.0,0.0,0.0,0.0,0.0,0.0,22.07,21.15,19.74,-120,-7.0
2026-07-31 00:35:18,Lobby Eléctrica,26.05,Silence,0.0,26.96,Silence,0.0,0.0,0.0,0.0,0.0,0.0,0.0,0.0,0.0,0.0,26.75,26.08,25.46,-99,13.2
2026-07-31 00:35:21,Laboratorios Civil Inferior,39.77,Silence,0.0,40.55,Silence,0.0,0.0,0.0,0.0,0.0,0.0,0.0,0.0,0.0,0.0,40.55,39.53,39.35,-114,
2026-07-31 00:35:26,Pasillo Salones Eléctrica,33.76,Silence,0.0,36.21,Silence,0.0,0.0,0.0,0.0,0.0,0.0,0.0,0.0,0.0,0.0,36.41,32.26,30.98,-102,11.5
2026-07-31 00:35:36,Salón - Uma Eléctrica,44.41,Silence,0.0,45.3,Silence,0.0,0.0,0.0,0.0,0.0,0.0,0.0,0.0,0.0,0.0,45.22,44.16,43.5,-107,8.2
2026-07-31 00:36:03,Salón - Extremo Civil,14.51,Silence,0.0,15.25,Silence,0.0,0.0,0.0,0.0,0.0,0.0,0.0,0.0,0.0,0.0,15.18,14.48,14.15,-95,13.2
2026-07-31 00:36:09,Pasillo Salones Civil,27.31,Silence,0.0,29.78,Silence,0.0,0.0,0.0,0.0,0.0,0.0,0.0,0.0,0.0,0.0,30.55,26.66,24.27,-113,6.0
2026-07-31 00:36:20,Laboratorios Civil Superior,32.07,Silence,0.0,33.43,Silence,0.0,0.0,0.0,0.0,0.0,0.0,0.0,0.0,0.0,0.0,33.47,32.0,29.64,-111,5.8
2026-07-31 00:36:29,Laboratorios Eléctrica Centro,11.72,Silence,0.0,12.52,Silence,0.0,0.0,0.0,0.0,0.0,0.0,0.0,0.0,0.0,0.0,12.36,11.61,10.21,-119,-6.2
2026-07-31 00:37:48,Lobby Civil,33.25,Silence,0.0,34.68,Silence,0.0,0.0,0.0,0.0,0.0,0.0,0.0,0.0,0.0,0.0,35.56,32.51,31.17,-101,12.8
2026-07-31 00:37:56,Pasillo Decanato Civil,22.17,Silence,0.0,24.15,Silence,0.0,0.0,0.0,0.0,0.0,0.0,0.0,0.0,0.0,0.0,23.49,21.69,20.69,-91,12.5
2026-07-31 00:39:10,Salón - Extremo Eléctrica,16.89,Silence,0.0,18.13,Silence,0.0,0.0,0.0,0.0,0.0,0.0,0.0,0.0,0.0,0.0,18.33,16.82,16.0,-85,12.5
2026-07-31 00:39:17,Laboratorios Eléctrica Superior,11.4,Silence,0.0,12.03,Silence,0.0,0.0,0.0,0.0,0.0,0.0,0.0,0.0,0.0,0.0,11.76,11.35,11.11,-102,12.2
2026-07-31 00:39:35,Salón - Uma Civil,44.01,Silence,0.0,51.19,Silence,0.0,0.0,0.0,0.0,0.0,0.0,0.0,0.0,0.0,0.0,53.15,40.18,26.35,-107,5.0
2026-07-31 00:39:37,Pasillo Decanato Eléctrica,19.87,Silence,0.0,20.85,Silence,0.0,0.0,0.0,0.0,0.0,0.0,0.0,0.0,0.0,0.0,20.89,19.67,19.06,-108,10.0
2026-07-31 00:40:04,Laboratorios Civil Central,50.66,Group 1 (Common),89.5,51.73,Group 1 (Common),50.23,0.0,0.0,0.0,0.0,89.5,0.35,0.91,0.0,9.11,51.77,50.33,49.73,-103,11.8
2026-07-31 00:40:09,Laboratorios Eléctrica Inferior,13.96,Silence,0.0,14.58,Silence,0.0,0.0,0.0,0.0,0.0,0.0,0.0,0.0,0.0,0.0,14.82,14.02,13.08,-111,0.2
2026-07-31 00:40:18,Lobby Eléctrica,25.22,Silence,0.0,25.85,Silence,0.0,0.0,0.0,0.0,0.0,0.0,0.0,0.0,0.0,0.0,25.55,25.27,24.69,-115,2.0
2026-07-31 00:40:21,Laboratorios Civil Inferior,39.14,Silence,0.0,40.02,Silence,0.0,0.0,0.0,0.0,0.0,0.0,0.0,0.0,0.0,0.0,40.09,38.74,38.51,-113,4.5
2026-07-31 00:40:26,Pasillo Salones Eléctrica,43.66,Silence,0.0,52.48,Silence,0.0,0.0,0.0,0.0,0.0,0.0,0.0,0.0,0.0,0.0,50.75,39.76,38.07,-97,9.2
2026-07-31 00:40:36,Salón - Uma Eléctrica,44.73,Silence,0.0,46.12,Silence,0.0,0.0,0.0,0.0,0.0,0.0,0.0,0.0,0.0,0.0,45.9,44.54,43.89,-113,8.8
2026-07-31 00:41:03,Salón - Extremo Civil,13.8,Silence,0.0,15.64,Silence,0.0,0.0,0.0,0.0,0.0,0.0,0.0,0.0,0.0,0.0,15.37,13.36,12.92,-103,9.0
2026-07-31 00:41:07,Pasillo Salones Civil,42.44,Silence,0.0,49.13,Silence,0.0,0.0,0.0,0.0,0.0,0.0,0.0,0.0,0.0,0.0,49.75,35.15,27.51,-114,3.5
2026-07-31 00:41:20,Laboratorios Civil Superior,32.48,Silence,0.0,34.7,Silence,0.0,0.0,0.0,0.0,0.0,0.0,0.0,0.0,0.0,0.0,33.82,32.37,30.88,-119,
2026-07-31 00:41:29,Laboratorios Eléctrica Centro,14.82,Silence,0.0,15.51,Silence,0.0,0.0,0.0,0.0,0.0,0.0,0.0,0.0,0.0,0.0,15.37,14.7,14.19,-105,9.5
2026-07-31 00:42:48,Lobby Civil,33.82,Silence,0.0,35.55,Silence,0.0,0.0,0.0,0.0,0.0,0.0,0.0,0.0,0.0,0.0,36.27,33.56,31.69,-111,5.0
2026-07-31 00:42:56,Pasillo Decanato Civil,20.93,Silence,0.0,24.92,Silence,0.0,0.0,0.0,0.0,0.0,0.0,0.0,0.0,0.0,0.0,21.81,20.83,19.79,-90,12.2
2026-07-31 00:44:10,Salón - Extremo Eléctrica,16.08,Silence,0.0,17.57,Silence,0.0,0.0,0.0,0.0,0.0,0.0,0.0,0.0,0.0,0.0,17.26,15.83,15.1,-99,9.0
2026-07-31 00:44:17,Laboratorios Eléctrica Superior,11.27,Silence,0.0,11.91,Silence,0.0,0.0,0.0,0.0,0.0,0.0,0.0,0.0,0.0,0.0,12.04,11.12,10.8,-116,-6.8
2026-07-31 00:44:35,Salón - Uma Civil,11.45,Silence,0.0,11.98,Silence,0.0,0.0,0.0,0.0,0.0,0.0,0.0,0.0,0.0,0.0,12.03,11.53,10.56,-103,11.0
2026-07-31 00:44:37,Pasillo Decanato Eléctrica,19.59,Silence,0.0,20.66,Silence,0.0,0.0,0.0,0.0,0.0,0.0,0.0,0.0,0.0,0.0,20.77,19.4,18.94,-113,5.0
2026-07-31 00:45:04,Laboratorios Civil Central,48.59,Mixed,66.49,50.39,Group 1 (Common),49.28,0.0,46.86,0.0,0.0,66.49,2.21,9.38,0.09,21.7,50.1,48.98,46.03,-105,11.0
2026-07-31 00:45:09,Laboratorios Eléctrica Inferior,13.94,Silence,0.0,14.47,Silence,0.0,0.0,0.0,0.0,0.0,0.0,0.0,0.0,0.0,0.0,14.37,13.94,13.47,-120,-12.2
2026-07-31 00:45:18,Lobby Eléctrica,22.94,Silence,0.0,24.19,Silence,0.0,0.0,0.0,0.0,0.0,0.0,0.0,0.0,0.0,0.0,24.21,23.2,21.19,-113,1.2
2026-07-31 00:45:21,Laboratorios Civil Inferior,39.24,Silence,0.0,39.88,Silence,0.0,0.0,0.0,0.0,0.0,0.0,0.0,0.0,0.0,0.0,39.84,39.3,38.0,-119,-9.8
2026-07-31 00:45:26,Pasillo Salones Eléctrica,30.87,Silence,0.0,33.21,Silence,0.0,0.0,0.0,0.0,0.0,0.0,0.0,0.0,0.0,0.0,33.08,29.9,28.65,-114,3.2
2026-07-31 00:45:36,Salón - Uma Eléctrica,43.91,Silence,0.0,44.89,Silence,0.0,0.0,0.0,0.0,0.0,0.0,0.0,0.0,0.0,0.0,44.92,44.1,43.23,-108,7.8
2026-07-31 00:46:03,Salón - Extremo Civil,18.13,Silence,0.0,26.35,Silence,0.0,0.0,0.0,0.0,0.0,0.0,0.0,0.0,0.0,0.0,29.21,14.91,13.72,-118,-12.2
2026-07-31 00:46:07,Pasillo Salones Civil,25.58,Silence,0.0,27.6,Silence,0.0,0.0,0.0,0.0,0.0,0.0,0.0,0.0,0.0,0.0,27.62,25.73,23.15,-114,5.5
2026-07-31 00:46:20,Laboratorios Civil Superior,31.37,Silence,0.0,32.96,Silence,0.0,0.0,0.0,0.0,0.0,0.0,0.0,0.0,0.0,0.0,32.49,31.53,29.97,-105,9.8
2026-07-31 00:46:34,Laboratorios Eléctrica Centro,11.69,Silence,0.0,12.53,Silence,0.0,0.0,0.0,0.0,0.0,0.0,0.0,0.0,0.0,0.0,12.79,11.84,10.66,-109,9.8
2026-07-31 00:47:48,Lobby Civil,30.26,Silence,0.0,35.67,Silence,0.0,0.0,0.0,0.0,0.0,0.0,0.0,0.0,0.0,0.0,36.69,28.29,26.49,-114,3.2
2026-07-31 00:47:56,Pasillo Decanato Civil,21.22,Silence,0.0,22.02,Silence,0.0,0.0,0.0,0.0,0.0,0.0,0.0,0.0,0.0,0.0,22.28,21.05,20.49,-91,12.5
2026-07-31 00:49:10,Salón - Extremo Eléctrica,33.71,Silence,0.0,38.69,Silence,0.0,0.0,0.0,0.0,0.0,0.0,0.0,0.0,0.0,0.0,38.99,31.39,21.27,-91,12.0
2026-07-31 00:49:17,Laboratorios Eléctrica Superior,11.12,Silence,0.0,11.86,Silence,0.0,0.0,0.0,0.0,0.0,0.0,0.0,0.0,0.0,0.0,11.66,11.06,10.37,-103,12.0
2026-07-31 00:49:35,Salón - Uma Civil,19.24,Silence,0.0,27.71,Silence,0.0,0.0,0.0,0.0,0.0,0.0,0.0,0.0,0.0,0.0,26.66,18.01,11.59,-100,11.8
2026-07-31 00:49:37,Pasillo Decanato Eléctrica,19.56,Silence,0.0,20.38,Silence,0.0,0.0,0.0,0.0,0.0,0.0,0.0,0.0,0.0,0.0,20.2,19.6,18.69,-108,10.5
2026-07-31 00:50:04,Laboratorios Civil Central,49.77,Mixed,58.42,51.86,Group 1 (Common),50.05,0.0,0.0,0.0,49.42,58.42,0.22,0.48,0.09,40.84,51.57,49.28,48.12,-103,11.2
2026-07-31 00:50:09,Laboratorios Eléctrica Inferior,17.07,Silence,0.0,18.51,Silence,0.0,0.0,0.0,0.0,0.0,0.0,0.0,0.0,0.0,0.0,18.38,16.98,16.05,-119,-5.2
2026-07-31 00:50:18,Lobby Eléctrica,24.58,Silence,0.0,25.29,Silence,0.0,0.0,0.0,0.0,0.0,0.0,0.0,0.0,0.0,0.0,25.44,24.56,23.81,-117,2.5
2026-07-31 00:50:21,Laboratorios Civil Inferior,39.52,Silence,0.0,40.2,Silence,0.0,0.0,0.0,0.0,0.0,0.0,0.0,0.0,0.0,0.0,39.96,39.55,39.16,-119,-5.0
2026-07-31 00:50:26,Pasillo Salones Eléctrica,36.26,Silence,0.0,37.29,Silence,0.0,0.0,0.0,0.0,0.0,0.0,0.0,0.0,0.0,0.0,37.44,36.13,35.21,-113,4.5
2026-07-31 00:50:36,Salón - Uma Eléctrica,44.12,Silence,0.0,44.81,Silence,0.0,0.0,0.0,0.0,0.0,0.0,0.0,0.0,0.0,0.0,44.73,44.14,43.53,-109,8.5
2026-07-31 00:51:03,Salón - Extremo Civil,15.94,Silence,0.0,17.89,Silence,0.0,0.0,0.0,0.0,0.0,0.0,0.0,0.0,0.0,0.0,17.95,15.54,14.42,-93,12.5
2026-07-31 00:51:07,Pasillo Salones Civil,28.46,Silence,0.0,33.8,Silence,0.0,0.0,0.0,0.0,0.0,0.0,0.0,0.0,0.0,0.0,34.13,26.77,23.12,-94,10.8
2026-07-31 00:51:20,Laboratorios Civil Superior,33.22,Silence,0.0,34.96,Silence,0.0,0.0,0.0,0.0,0.0,0.0,0.0,0.0,0.0,0.0,34.86,32.66,31.57,-102,11.5
2026-07-31 00:51:29,Laboratorios Eléctrica Centro,18.3,Silence,0.0,18.95,Silence,0.0,0.0,0.0,0.0,0.0,0.0,0.0,0.0,0.0,0.0,19.11,18.3,17.65,-111,8.8
2026-07-31 00:52:48,Lobby Civil,34.82,Silence,0.0,37.06,Silence,0.0,0.0,0.0,0.0,0.0,0.0,0.0,0.0,0.0,0.0,37.82,35.49,31.72,-113,4.8
2026-07-31 00:52:56,Pasillo Decanato Civil,20.41,Silence,0.0,21.27,Silence,0.0,0.0,0.0,0.0,0.0,0.0,0.0,0.0,0.0,0.0,21.65,20.39,19.81,-100,11.8
2026-07-31 00:54:10,Salón - Extremo Eléctrica,19.0,Silence,0.0,19.56,Silence,0.0,0.0,0.0,0.0,0.0,0.0,0.0,0.0,0.0,0.0,19.48,19.02,18.07,-90,13.0
2026-07-31 00:54:17,Laboratorios Eléctrica Superior,11.61,Silence,0.0,12.53,Silence,0.0,0.0,0.0,0.0,0.0,0.0,0.0,0.0,0.0,0.0,12.09,11.52,11.2,-102,8.2
2026-07-31 00:54:35,Salón - Uma Civil,9.22,Silence,0.0,9.77,Silence,0.0,0.0,0.0,0.0,0.0,0.0,0.0,0.0,0.0,0.0,9.86,9.27,8.4,-108,9.5
2026-07-31 00:54:37,Pasillo Decanato Eléctrica,19.79,Silence,0.0,20.64,Silence,0.0,0.0,0.0,0.0,0.0,0.0,0.0,0.0,0.0,0.0,20.06,19.91,19.26,-114,-0.2
2026-07-31 00:55:04,Laboratorios Civil Central,50.21,Group 1 (Common),75.52,51.98,Group 1 (Common),50.23,0.0,0.0,0.0,0.0,75.52,2.13,0.61,0.04,21.61,52.21,50.65,48.13,-105,8.5
2026-07-31 00:55:09,Laboratorios Eléctrica Inferior,14.13,Silence,0.0,14.82,Silence,0.0,0.0,0.0,0.0,0.0,0.0,0.0,0.0,0.0,0.0,14.94,14.12,13.57,-121,-13.2
2026-07-31 00:55:18,Lobby Eléctrica,24.71,Silence,0.0,25.79,Silence,0.0,0.0,0.0,0.0,0.0,0.0,0.0,0.0,0.0,0.0,25.22,24.8,23.59,-112,2.5
2026-07-31 00:55:21,Laboratorios Civil Inferior,39.03,Silence,0.0,39.83,Silence,0.0,0.0,0.0,0.0,0.0,0.0,0.0,0.0,0.0,0.0,39.59,39.19,38.09,-120,-5.2
2026-07-31 00:55:26,Pasillo Salones Eléctrica,35.68,Silence,0.0,38.07,Silence,0.0,0.0,0.0,0.0,0.0,0.0,0.0,0.0,0.0,0.0,38.24,35.36,32.64,-96,11.5
2026-07-31 00:55:36,Salón - Uma Eléctrica,43.61,Silence,0.0,44.48,Silence,0.0,0.0,0.0,0.0,0.0,0.0,0.0,0.0,0.0,0.0,44.26,43.77,42.46,-108,4.2
2026-07-31 00:56:03,Salón - Extremo Civil,13.17,Silence,0.0,13.77,Silence,0.0,0.0,0.0,0.0,0.0,0.0,0.0,0.0,0.0,0.0,14.01,13.03,12.81,-103,11.5
2026-07-31 00:56:07,Pasillo Salones Civil,15.03,Silence,0.0,16.12,Silence,0.0,0.0,0.0,0.0,0.0,0.0,0.0,0.0,0.0,0.0,16.58,14.54,13.88,-111,5.8
2026-07-31 00:56:20,Laboratorios Civil Superior,30.85,Silence,0.0,32.85,Silence,0.0,0.0,0.0,0.0,0.0,0.0,0.0,0.0,0.0,0.0,33.5,30.24,29.36,-111,6.2
2026-07-31 00:56:29,Laboratorios Eléctrica Centro,11.67,Silence,0.0,12.17,Silence,0.0,0.0,0.0,0.0,0.0,0.0,0.0,0.0,0.0,0.0,12.02,11.58,11.23,-106,10.5
2026-07-31 00:57:48,Lobby Civil,38.65,Silence,0.0,42.78,Silence,0.0,0.0,0.0,0.0,0.0,0.0,0.0,0.0,0.0,0.0,43.67,37.16,33.35,-97,13.2
2026-07-31 00:57:56,Pasillo Decanato Civil,20.85,Silence,0.0,21.41,Silence,0.0,0.0,0.0,0.0,0.0,0.0,0.0,0.0,0.0,0.0,21.55,20.94,19.94,-103,11.2
2026-07-31 00:59:10,Salón - Extremo Eléctrica,18.05,Silence,0.0,18.75,Silence,0.0,0.0,0.0,0.0,0.0,0.0,0.0,0.0,0.0,0.0,18.69,18.01,17.57,-93,12.0
2026-07-31 00:59:17,Laboratorios Eléctrica Superior,13.87,Silence,0.0,14.39,Silence,0.0,0.0,0.0,0.0,0.0,0.0,0.0,0.0,0.0,0.0,14.68,13.77,13.42,-103,12.8
2026-07-31 00:59:35,Salón - Uma Civil,9.35,Silence,0.0,10.11,Silence,0.0,0.0,0.0,0.0,0.0,0.0,0.0,0.0,0.0,0.0,10.17,9.33,8.84,-108,9.5
2026-07-31 00:59:37,Pasillo Decanato Eléctrica,19.63,Silence,0.0,20.25,Silence,0.0,0.0,0.0,0.0,0.0,0.0,0.0,0.0,0.0,0.0,20.24,19.62,19.11,-113,5.5
2026-07-31 01:00:04,Laboratorios Civil Central,49.83,Group 1 (Common),88.53,51.93,Group 1 (Common),49.98,0.0,0.0,0.0,0.0,88.53,1.17,0.54,0.05,9.77,51.67,49.53,46.41,-119,-5.2
2026-07-31 01:00:09,Laboratorios Eléctrica Inferior,13.9,Silence,0.0,14.29,Silence,0.0,0.0,0.0,0.0,0.0,0.0,0.0,0.0,0.0,0.0,14.23,13.89,13.55,-120,-11.0
2026-07-31 01:00:18,Lobby Eléctrica,26.42,Silence,0.0,27.41,Silence,0.0,0.0,0.0,0.0,0.0,0.0,0.0,0.0,0.0,0.0,27.27,26.48,25.26,-91,12.0
2026-07-31 01:00:21,Laboratorios Civil Inferior,38.6,Silence,0.0,39.64,Silence,0.0,0.0,0.0,0.0,0.0,0.0,0.0,0.0,0.0,0.0,39.77,38.63,37.62,-121,-10.5
2026-07-31 01:00:26,Pasillo Salones Eléctrica,34.4,Silence,0.0,36.11,Silence,0.0,0.0,0.0,0.0,0.0,0.0,0.0,0.0,0.0,0.0,37.03,34.18,31.45,-114,4.5
2026-07-31 01:00:36,Salón - Uma Eléctrica,43.84,Silence,0.0,44.46,Silence,0.0,0.0,0.0,0.0,0.0,0.0,0.0,0.0,0.0,0.0,44.24,44.06,43.39,-109,-4.0
2026-07-31 01:01:03,Salón - Extremo Civil,12.96,Silence,0.0,13.78,Silence,0.0,0.0,0.0,0.0,0.0,0.0,0.0,0.0,0.0,0.0,13.74,13.02,11.94,-89,13.2
2026-07-31 01:01:07,Pasillo Salones Civil,14.33,Silence,0.0,15.4,Silence,0.0,0.0,0.0,0.0,0.0,0.0,0.0,0.0,0.0,0.0,15.89,14.22,13.39,-115,5.0
2026-07-31 01:01:20,Laboratorios Civil Superior,32.79,Silence,0.0,34.6,Silence,0.0,0.0,0.0,0.0,0.0,0.0,0.0,0.0,0.0,0.0,34.73,32.67,31.24,-97,12.5
2026-07-31 01:01:29,Laboratorios Eléctrica Centro,10.98,Silence,0.0,11.53,Silence,0.0,0.0,0.0,0.0,0.0,0.0,0.0,0.0,0.0,0.0,11.59,10.79,10.61,-111,6.5
2026-07-31 01:02:48,Lobby Civil,30.93,Silence,0.0,33.87,Silence,0.0,0.0,0.0,0.0,0.0,0.0,0.0,0.0,0.0,0.0,35.78,28.99,28.11,-91,12.5
2026-07-31 01:02:56,Pasillo Decanato Civil,20.9,Silence,0.0,21.7,Silence,0.0,0.0,0.0,0.0,0.0,0.0,0.0,0.0,0.0,0.0,21.59,21.11,20.07,-103,9.0
2026-07-31 01:04:10,Salón - Extremo Eléctrica,18.77,Silence,0.0,19.61,Silence,0.0,0.0,0.0,0.0,0.0,0.0,0.0,0.0,0.0,0.0,19.24,18.8,18.09,-85,12.5
2026-07-31 01:04:18,Laboratorios Eléctrica Superior,15.27,Silence,0.0,18.24,Silence,0.0,0.0,0.0,0.0,0.0,0.0,0.0,0.0,0.0,0.0,17.74,13.12,11.72,-99,12.2
2026-07-31 01:04:35,Salón - Uma Civil,8.93,Silence,0.0,9.56,Silence,0.0,0.0,0.0,0.0,0.0,0.0,0.0,0.0,0.0,0.0,9.68,9.06,7.63,-115,2.8
2026-07-31 01:04:37,Pasillo Decanato Eléctrica,19.61,Silence,0.0,20.81,Silence,0.0,0.0,0.0,0.0,0.0,0.0,0.0,0.0,0.0,0.0,20.86,19.5,18.37,-106,9.8
2026-07-31 01:05:04,Laboratorios Civil Central,47.96,Mixed,57.67,50.6,Group 1 (Common),49.1,0.0,0.0,0.0,46.58,57.67,0.54,0.54,0.05,41.11,50.72,47.88,44.94,-120,-7.5
2026-07-31 01:05:09,Laboratorios Eléctrica Inferior,16.65,Silence,0.0,20.53,Silence,0.0,0.0,0.0,0.0,0.0,0.0,0.0,0.0,0.0,0.0,21.6,14.92,14.13,-117,1.8
2026-07-31 01:05:18,Lobby Eléctrica,50.96,Mixed,45.1,51.61,Group 1 (Common),50.96,0.0,50.72,0.0,0.0,45.1,5.47,39.41,0.39,9.51,51.54,51.0,50.13,-91,12.8
2026-07-31 01:05:21,Laboratorios Civil Inferior,39.37,Silence,0.0,40.13,Silence,0.0,0.0,0.0,0.0,0.0,0.0,0.0,0.0,0.0,0.0,40.03,39.46,38.3,-113,-6.2
2026-07-31 01:05:26,Pasillo Salones Eléctrica,35.39,Silence,0.0,36.55,Silence,0.0,0.0,0.0,0.0,0.0,0.0,0.0,0.0,0.0,0.0,36.94,35.11,34.31,-114,3.5
2026-07-31 01:05:36,Salón - Uma Eléctrica,43.49,Silence,0.0,44.23,Silence,0.0,0.0,0.0,0.0,0.0,0.0,0.0,0.0,0.0,0.0,44.44,43.44,41.77,-115,4.8
2026-07-31 01:06:03,Salón - Extremo Civil,13.54,Silence,0.0,14.29,Silence,0.0,0.0,0.0,0.0,0.0,0.0,0.0,0.0,0.0,0.0,14.46,13.52,12.56,-89,13.0
2026-07-31 01:06:07,Pasillo Salones Civil,14.31,Silence,0.0,14.85,Silence,0.0,0.0,0.0,0.0,0.0,0.0,0.0,0.0,0.0,0.0,14.59,14.38,13.85,-99,6.5
2026-07-31 01:06:20,Laboratorios Civil Superior,32.95,Silence,0.0,34.59,Silence,0.0,0.0,0.0,0.0,0.0,0.0,0.0,0.0,0.0,0.0,34.17,32.48,31.07,-114,5.5
2026-07-31 01:06:29,Laboratorios Eléctrica Centro,14.56,Silence,0.0,15.13,Silence,0.0,0.0,0.0,0.0,0.0,0.0,0.0,0.0,0.0,0.0,15.1,14.56,14.13,-111,9.2
2026-07-31 01:07:49,Lobby Civil,35.59,Silence,0.0,37.5,Silence,0.0,0.0,0.0,0.0,0.0,0.0,0.0,0.0,0.0,0.0,38.46,35.02,32.96,-101,12.2
2026-07-31 01:07:56,Pasillo Decanato Civil,20.82,Silence,0.0,21.64,Silence,0.0,0.0,0.0,0.0,0.0,0.0,0.0,0.0,0.0,0.0,21.73,20.72,19.79,-111,6.5
2026-07-31 01:09:10,Salón - Extremo Eléctrica,30.06,Silence,0.0,33.97,Silence,0.0,0.0,0.0,0.0,0.0,0.0,0.0,0.0,0.0,0.0,34.64,29.18,24.14,-91,12.0
2026-07-31 01:09:18,Laboratorios Eléctrica Superior,12.26,Silence,0.0,13.07,Silence,0.0,0.0,0.0,0.0,0.0,0.0,0.0,0.0,0.0,0.0,13.0,12.27,11.45,-101,12.5
2026-07-31 01:09:35,Salón - Uma Civil,17.98,Silence,0.0,18.85,Silence,0.0,0.0,0.0,0.0,0.0,0.0,0.0,0.0,0.0,0.0,18.71,17.96,17.09,-101,6.5
2026-07-31 01:09:37,Pasillo Decanato Eléctrica,19.4,Silence,0.0,20.4,Silence,0.0,0.0,0.0,0.0,0.0,0.0,0.0,0.0,0.0,0.0,20.44,19.52,18.11,-107,9.8
2026-07-31 01:10:04,Laboratorios Civil Central,48.6,Group 1 (Common),83.64,50.54,Group 1 (Common),49.18,0.0,0.0,0.0,0.0,83.64,0.13,0.04,0.0,15.97,50.84,48.64,46.48,-102,8.2
2026-07-31 01:10:09,Laboratorios Eléctrica Inferior,15.14,Silence,0.0,15.71,Silence,0.0,0.0,0.0,0.0,0.0,0.0,0.0,0.0,0.0,0.0,15.53,15.14,14.25,-106,6.5
2026-07-31 01:10:18,Lobby Eléctrica,26.78,Silence,0.0,28.64,Silence,0.0,0.0,0.0,0.0,0.0,0.0,0.0,0.0,0.0,0.0,28.99,26.4,24.88,-96,11.2
2026-07-31 01:10:21,Laboratorios Civil Inferior,39.61,Silence,0.0,40.19,Silence,0.0,0.0,0.0,0.0,0.0,0.0,0.0,0.0,0.0,0.0,40.53,39.56,38.6,-119,-11.0
2026-07-31 01:10:26,Pasillo Salones Eléctrica,37.28,Silence,0.0,39.38,Silence,0.0,0.0,0.0,0.0,0.0,0.0,0.0,0.0,0.0,0.0,39.32,37.03,32.62,-102,12.0
2026-07-31 01:10:36,Salón - Uma Eléctrica,44.03,Silence,0.0,44.59,Silence,0.0,0.0,0.0,0.0,0.0,0.0,0.0,0.0,0.0,0.0,44.61,43.95,43.4,-102,9.8
2026-07-31 01:11:03,Salón - Extremo Civil,13.61,Silence,0.0,14.17,Silence,0.0,0.0,0.0,0.0,0.0,0.0,0.0,0.0,0.0,0.0,14.27,13.79,12.67,-96,13.0
2026-07-31 01:11:07,Pasillo Salones Civil,13.95,Silence,0.0,14.94,Silence,0.0,0.0,0.0,0.0,0.0,0.0,0.0,0.0,0.0,0.0,14.81,13.9,13.31,-113,5.5
2026-07-31 01:11:20,Laboratorios Civil Superior,31.01,Silence,0.0,31.74,Silence,0.0,0.0,0.0,0.0,0.0,0.0,0.0,0.0,0.0,0.0,31.65,30.93,29.82,-109,9.0
2026-07-31 01:11:29,Laboratorios Eléctrica Centro,11.12,Silence,0.0,12.36,Silence,0.0,0.0,0.0,0.0,0.0,0.0,0.0,0.0,0.0,0.0,12.31,10.96,10.34,-105,10.0
2026-07-31 01:12:49,Lobby Civil,32.84,Silence,0.0,33.89,Silence,0.0,0.0,0.0,0.0,0.0,0.0,0.0,0.0,0.0,0.0,34.68,32.85,30.19,-95,11.2
2026-07-31 01:12:57,Pasillo Decanato Civil,21.08,Silence,0.0,21.68,Silence,0.0,0.0,0.0,0.0,0.0,0.0,0.0,0.0,0.0,0.0,21.86,21.07,20.44,-95,13.5
2026-07-31 01:14:10,Salón - Extremo Eléctrica,32.98,Silence,0.0,40.88,Silence,0.0,0.0,0.0,0.0,0.0,0.0,0.0,0.0,0.0,0.0,43.19,26.01,17.02,-93,14.0
2026-07-31 01:14:18,Laboratorios Eléctrica Superior,13.67,Silence,0.0,14.38,Silence,0.0,0.0,0.0,0.0,0.0,0.0,0.0,0.0,0.0,0.0,14.6,13.49,12.71,-100,10.0
2026-07-31 01:14:35,Salón - Uma Civil,13.71,Silence,0.0,14.79,Silence,0.0,0.0,0.0,0.0,0.0,0.0,0.0,0.0,0.0,0.0,15.11,13.55,12.29,-119,-4.0
2026-07-31 01:14:37,Pasillo Decanato Eléctrica,19.71,Silence,0.0,20.48,Silence,0.0,0.0,0.0,0.0,0.0,0.0,0.0,0.0,0.0,0.0,20.45,19.7,18.81,-107,8.0
2026-07-31 01:15:04,Laboratorios Civil Central,49.02,Group 1 (Common),75.43,50.21,Group 1 (Common),48.94,0.0,0.0,0.0,0.0,75.43,0.09,0.0,0.0,24.44,50.52,49.14,46.65,-109,-8.0
2026-07-31 01:15:09,Laboratorios Eléctrica Inferior,16.59,Silence,0.0,17.39,Silence,0.0,0.0,0.0,0.0,0.0,0.0,0.0,0.0,0.0,0.0,17.17,16.64,15.47,-113,7.5
2026-07-31 01:15:18,Lobby Eléctrica,29.64,Silence,0.0,30.71,Silence,0.0,0.0,0.0,0.0,0.0,0.0,0.0,0.0,0.0,0.0,30.81,29.55,28.84,-113,2.2
2026-07-31 01:15:21,Laboratorios Civil Inferior,44.89,Silence,0.0,53.71,Silence,0.0,0.0,0.0,0.0,0.0,0.0,0.0,0.0,0.0,0.0,51.09,41.92,40.85,-119,-5.2
2026-07-31 01:15:26,Pasillo Salones Eléctrica,36.84,Silence,0.0,38.06,Silence,0.0,0.0,0.0,0.0,0.0,0.0,0.0,0.0,0.0,0.0,38.14,36.51,35.87,-113,1.8
2026-07-31 01:15:36,Salón - Uma Eléctrica,44.33,Silence,0.0,45.12,Silence,0.0,0.0,0.0,0.0,0.0,0.0,0.0,0.0,0.0,0.0,45.15,44.17,43.23,-111,8.0
2026-07-31 01:16:03,Salón - Extremo Civil,13.36,Silence,0.0,13.87,Silence,0.0,0.0,0.0,0.0,0.0,0.0,0.0,0.0,0.0,0.0,13.77,13.41,12.96,-81,13.2
2026-07-31 01:16:08,Pasillo Salones Civil,28.17,Silence,0.0,31.4,Silence,0.0,0.0,0.0,0.0,0.0,0.0,0.0,0.0,0.0,0.0,31.44,30.61,15.45,-113,6.0
2026-07-31 01:16:20,Laboratorios Civil Superior,31.57,Silence,0.0,33.22,Silence,0.0,0.0,0.0,0.0,0.0,0.0,0.0,0.0,0.0,0.0,33.32,31.15,30.74,-113,5.0
2026-07-31 01:16:29,Laboratorios Eléctrica Centro,11.83,Silence,0.0,12.5,Silence,0.0,0.0,0.0,0.0,0.0,0.0,0.0,0.0,0.0,0.0,12.44,11.89,11.0,-107,7.2
2026-07-31 01:17:49,Lobby Civil,32.27,Silence,0.0,34.36,Silence,0.0,0.0,0.0,0.0,0.0,0.0,0.0,0.0,0.0,0.0,35.04,30.57,30.01,-109,8.0
2026-07-31 01:17:57,Pasillo Decanato Civil,20.41,Silence,0.0,21.02,Silence,0.0,0.0,0.0,0.0,0.0,0.0,0.0,0.0,0.0,0.0,21.16,20.26,19.95,-107,11.5
2026-07-31 01:19:10,Salón - Extremo Eléctrica,15.54,Silence,0.0,16.33,Silence,0.0,0.0,0.0,0.0,0.0,0.0,0.0,0.0,0.0,0.0,16.71,15.33,14.3,-89,7.2
2026-07-31 01:19:18,Laboratorios Eléctrica Superior,11.82,Silence,0.0,12.7,Silence,0.0,0.0,0.0,0.0,0.0,0.0,0.0,0.0,0.0,0.0,12.73,11.95,10.78,-120,-7.0
2026-07-31 01:19:35,Salón - Uma Civil,13.26,Silence,0.0,14.33,Silence,0.0,0.0,0.0,0.0,0.0,0.0,0.0,0.0,0.0,0.0,14.27,13.63,11.9,-108,8.2
2026-07-31 01:19:37,Pasillo Decanato Eléctrica,19.65,Silence,0.0,20.68,Silence,0.0,0.0,0.0,0.0,0.0,0.0,0.0,0.0,0.0,0.0,20.33,19.61,18.73,-111,6.5
2026-07-31 01:20:04,Laboratorios Civil Central,48.56,Mixed,58.16,51.96,Group 1 (Common),48.99,0.0,0.0,0.0,0.0,58.16,2.82,8.46,0.3,30.03,50.06,48.66,46.63,-117,-5.5
2026-07-31 01:20:09,Laboratorios Eléctrica Inferior,14.93,Silence,0.0,15.94,Silence,0.0,0.0,0.0,0.0,0.0,0.0,0.0,0.0,0.0,0.0,16.33,14.61,14.06,-121,-8.5
2026-07-31 01:20:18,Lobby Eléctrica,34.06,Silence,0.0,34.69,Silence,0.0,0.0,0.0,0.0,0.0,0.0,0.0,0.0,0.0,0.0,34.41,34.18,33.36,-115,1.8
2026-07-31 01:20:21,Laboratorios Civil Inferior,39.36,Silence,0.0,40.23,Silence,0.0,0.0,0.0,0.0,0.0,0.0,0.0,0.0,0.0,0.0,40.46,39.43,38.18,-121,-8.2
2026-07-31 01:20:26,Pasillo Salones Eléctrica,34.4,Silence,0.0,37.16,Silence,0.0,0.0,0.0,0.0,0.0,0.0,0.0,0.0,0.0,0.0,37.77,33.51,30.15,-110,3.0
2026-07-31 01:20:36,Salón - Uma Eléctrica,44.81,Silence,0.0,45.31,Silence,0.0,0.0,0.0,0.0,0.0,0.0,0.0,0.0,0.0,0.0,45.1,44.94,44.43,-111,6.8
2026-07-31 01:21:03,Salón - Extremo Civil,21.13,Silence,0.0,28.59,Silence,0.0,0.0,0.0,0.0,0.0,0.0,0.0,0.0,0.0,0.0,32.05,15.33,14.49,-89,13.8
2026-07-31 01:21:08,Pasillo Salones Civil,52.29,Group 2 (Impact),92.27,56.04,Group 2 (Impact),0.0,52.35,0.0,0.0,0.0,3.17,92.27,0.0,0.13,4.3,56.72,51.04,41.62,-111,5.5
2026-07-31 01:21:20,Laboratorios Civil Superior,31.69,Silence,0.0,33.17,Silence,0.0,0.0,0.0,0.0,0.0,0.0,0.0,0.0,0.0,0.0,34.0,31.73,29.33,-97,1.0
2026-07-31 01:21:29,Laboratorios Eléctrica Centro,11.06,Silence,0.0,12.17,Silence,0.0,0.0,0.0,0.0,0.0,0.0,0.0,0.0,0.0,0.0,11.82,10.93,10.37,-105,12.0
2026-07-31 01:22:49,Lobby Civil,32.47,Silence,0.0,34.79,Silence,0.0,0.0,0.0,0.0,0.0,0.0,0.0,0.0,0.0,0.0,35.88,31.59,30.28,-93,13.8
2026-07-31 01:22:57,Pasillo Decanato Civil,20.61,Silence,0.0,21.68,Silence,0.0,0.0,0.0,0.0,0.0,0.0,0.0,0.0,0.0,0.0,21.59,20.73,19.58,-102,8.0
2026-07-31 01:24:10,Salón - Extremo Eléctrica,26.33,Silence,0.0,27.4,Silence,0.0,0.0,0.0,0.0,0.0,0.0,0.0,0.0,0.0,0.0,28.11,26.53,22.98,-112,5.2
2026-07-31 01:24:18,Laboratorios Eléctrica Superior,13.62,Silence,0.0,14.32,Silence,0.0,0.0,0.0,0.0,0.0,0.0,0.0,0.0,0.0,0.0,14.61,13.58,12.81,-120,-9.0
2026-07-31 01:24:35,Salón - Uma Civil,9.45,Silence,0.0,10.25,Silence,0.0,0.0,0.0,0.0,0.0,0.0,0.0,0.0,0.0,0.0,10.17,9.35,8.89,-117,-5.8
2026-07-31 01:24:41,Pasillo Decanato Eléctrica,19.66,Silence,0.0,20.43,Silence,0.0,0.0,0.0,0.0,0.0,0.0,0.0,0.0,0.0,0.0,20.76,19.42,18.4,-113,0.5
2026-07-31 01:25:04,Laboratorios Civil Central,50.23,Group 1 (Common),81.81,52.14,Group 1 (Common),50.4,0.0,0.0,0.0,0.0,81.81,0.26,1.22,0.17,16.54,51.65,50.39,46.3,-103,12.0
2026-07-31 01:25:09,Laboratorios Eléctrica Inferior,14.61,Silence,0.0,15.25,Silence,0.0,0.0,0.0,0.0,0.0,0.0,0.0,0.0,0.0,0.0,15.17,14.59,13.79,-109,8.0
2026-07-31 01:25:18,Lobby Eléctrica,27.0,Silence,0.0,28.92,Silence,0.0,0.0,0.0,0.0,0.0,0.0,0.0,0.0,0.0,0.0,28.96,26.71,24.21,-91,9.2
2026-07-31 01:25:21,Laboratorios Civil Inferior,39.48,Silence,0.0,40.16,Silence,0.0,0.0,0.0,0.0,0.0,0.0,0.0,0.0,0.0,0.0,40.03,39.7,38.49,-117,-6.0
2026-07-31 01:25:26,Pasillo Salones Eléctrica,60.29,Mixed,47.27,65.37,Group 1 (Common),61.86,54.31,0.0,0.0,0.0,47.27,40.93,0.43,2.0,9.42,67.09,59.39,33.38,-115,3.2
2026-07-31 01:25:36,Salón - Uma Eléctrica,44.39,Silence,0.0,45.37,Silence,0.0,0.0,0.0,0.0,0.0,0.0,0.0,0.0,0.0,0.0,45.07,44.5,43.38,-115,4.2
2026-07-31 01:26:04,Salón - Extremo Civil,13.21,Silence,0.0,14.05,Silence,0.0,0.0,0.0,0.0,0.0,0.0,0.0,0.0,0.0,0.0,14.01,13.16,12.78,-81,12.8
2026-07-31 01:26:08,Pasillo Salones Civil,14.29,Silence,0.0,15.0,Silence,0.0,0.0,0.0,0.0,0.0,0.0,0.0,0.0,0.0,0.0,14.87,14.29,13.87,-105,12.2
2026-07-31 01:26:20,Laboratorios Civil Superior,32.28,Silence,0.0,33.8,Silence,0.0,0.0,0.0,0.0,0.0,0.0,0.0,0.0,0.0,0.0,33.5,32.63,29.82,-100,11.2
2026-07-31 01:26:29,Laboratorios Eléctrica Centro,11.0,Silence,0.0,11.99,Silence,0.0,0.0,0.0,0.0,0.0,0.0,0.0,0.0,0.0,0.0,11.96,10.95,9.89,-119,-5.8
2026-07-31 01:27:49,Lobby Civil,29.84,Silence,0.0,31.52,Silence,0.0,0.0,0.0,0.0,0.0,0.0,0.0,0.0,0.0,0.0,32.21,30.06,27.93,-99,12.0
2026-07-31 01:27:57,Pasillo Decanato Civil,20.87,Silence,0.0,21.52,Silence,0.0,0.0,0.0,0.0,0.0,0.0,0.0,0.0,0.0,0.0,21.44,20.81,20.39,-103,12.0
2026-07-31 01:29:10,Salón - Extremo Eléctrica,62.3,Group 3 (Rotary Tool),72.83,63.89,Group 3 (Rotary Tool),0.0,62.4,62.46,0.0,0.0,0.0,24.83,72.83,0.39,1.91,63.73,62.18,60.58,-87,10.5
2026-07-31 01:29:18,Laboratorios Eléctrica Superior,11.46,Silence,0.0,11.99,Silence,0.0,0.0,0.0,0.0,0.0,0.0,0.0,0.0,0.0,0.0,12.04,11.51,10.54,-103,12.5
2026-07-31 01:29:35,Salón - Uma Civil,9.32,Silence,0.0,9.98,Silence,0.0,0.0,0.0,0.0,0.0,0.0,0.0,0.0,0.0,0.0,9.84,9.45,8.81,-117,-7.8
2026-07-31 01:29:37,Pasillo Decanato Eléctrica,19.85,Silence,0.0,20.53,Silence,0.0,0.0,0.0,0.0,0.0,0.0,0.0,0.0,0.0,0.0,20.61,19.65,19.2,-117,0.2
2026-07-31 01:30:04,Laboratorios Civil Central,50.01,Mixed,58.38,52.09,Group 1 (Common),50.16,0.0,50.99,0.0,49.8,58.38,1.3,14.89,0.04,25.26,52.25,49.92,47.19,-105,12.8
2026-07-31 01:30:09,Laboratorios Eléctrica Inferior,14.46,Silence,0.0,15.14,Silence,0.0,0.0,0.0,0.0,0.0,0.0,0.0,0.0,0.0,0.0,15.22,14.35,13.71,-107,-1.0
2026-07-31 01:30:18,Lobby Eléctrica,25.61,Silence,0.0,26.55,Silence,0.0,0.0,0.0,0.0,0.0,0.0,0.0,0.0,0.0,0.0,26.8,25.39,25.12,-93,13.0
2026-07-31 01:30:21,Laboratorios Civil Inferior,45.63,Group 2 (Impact),79.64,47.05,Group 1 (Common),46.59,45.2,0.0,0.0,0.0,10.5,79.64,0.61,3.65,5.6,47.72,45.48,44.7,-120,-8.0
2026-07-31 01:30:26,Pasillo Salones Eléctrica,34.31,Silence,0.0,35.37,Silence,0.0,0.0,0.0,0.0,0.0,0.0,0.0,0.0,0.0,0.0,35.31,34.27,33.48,-114,4.0
2026-07-31 01:30:36,Salón - Uma Eléctrica,44.11,Silence,0.0,44.69,Silence,0.0,0.0,0.0,0.0,0.0,0.0,0.0,0.0,0.0,0.0,44.59,44.05,43.32,-114,4.8
2026-07-31 01:31:04,Salón - Extremo Civil,13.24,Silence,0.0,13.93,Silence,0.0,0.0,0.0,0.0,0.0,0.0,0.0,0.0,0.0,0.0,14.14,13.21,12.68,-99,9.0
2026-07-31 01:31:08,Pasillo Salones Civil,14.16,Silence,0.0,14.82,Silence,0.0,0.0,0.0,0.0,0.0,0.0,0.0,0.0,0.0,0.0,14.51,14.22,13.42,-105,11.2
2026-07-31 01:31:20,Laboratorios Civil Superior,35.28,Silence,0.0,37.04,Silence,0.0,0.0,0.0,0.0,0.0,0.0,0.0,0.0,0.0,0.0,37.56,35.21,33.57,-107,9.8
2026-07-31 01:31:29,Laboratorios Eléctrica Centro,15.76,Silence,0.0,16.7,Silence,0.0,0.0,0.0,0.0,0.0,0.0,0.0,0.0,0.0,0.0,16.5,15.79,14.62,-121,-12.0
2026-07-31 01:32:49,Lobby Civil,33.69,Silence,0.0,34.29,Silence,0.0,0.0,0.0,0.0,0.0,0.0,0.0,0.0,0.0,0.0,34.41,33.88,32.85,-101,9.0
2026-07-31 01:32:57,Pasillo Decanato Civil,20.3,Silence,0.0,21.08,Silence,0.0,0.0,0.0,0.0,0.0,0.0,0.0,0.0,0.0,0.0,21.09,20.31,19.48,-105,12.0
2026-07-31 01:34:10,Salón - Extremo Eléctrica,63.39,Group 3 (Rotary Tool),80.47,66.56,Group 3 (Rotary Tool),0.0,0.0,64.38,0.0,0.0,0.0,17.19,80.47,0.63,1.76,64.79,63.29,61.66,-111,3.5
2026-07-31 01:34:18,Laboratorios Eléctrica Superior,11.07,Silence,0.0,12.07,Silence,0.0,0.0,0.0,0.0,0.0,0.0,0.0,0.0,0.0,0.0,11.98,10.95,10.41,-101,12.0
2026-07-31 01:34:35,Salón - Uma Civil,9.48,Silence,0.0,10.22,Silence,0.0,0.0,0.0,0.0,0.0,0.0,0.0,0.0,0.0,0.0,10.35,9.47,8.57,-107,8.8
2026-07-31 01:34:37,Pasillo Decanato Eléctrica,19.61,Silence,0.0,20.39,Silence,0.0,0.0,0.0,0.0,0.0,0.0,0.0,0.0,0.0,0.0,20.48,19.48,18.81,-107,10.2
2026-07-31 01:35:04,Laboratorios Civil Central,51.17,Group 1 (Common),82.47,52.62,Group 1 (Common),51.5,0.0,0.0,0.0,0.0,82.47,0.39,1.22,0.04,15.71,52.43,51.32,48.56,-120,-5.0
2026-07-31 01:35:10,Laboratorios Eléctrica Inferior,14.45,Silence,0.0,14.93,Silence,0.0,0.0,0.0,0.0,0.0,0.0,0.0,0.0,0.0,0.0,14.82,14.46,13.96,-114,4.5
2026-07-31 01:35:18,Lobby Eléctrica,25.42,Silence,0.0,26.4,Silence,0.0,0.0,0.0,0.0,0.0,0.0,0.0,0.0,0.0,0.0,25.85,25.53,24.69,-95,12.8
2026-07-31 01:35:21,Laboratorios Civil Inferior,40.13,Silence,0.0,40.63,Silence,0.0,0.0,0.0,0.0,0.0,0.0,0.0,0.0,0.0,0.0,40.6,40.18,39.68,-119,-7.8
2026-07-31 01:35:26,Pasillo Salones Eléctrica,32.63,Silence,0.0,35.97,Silence,0.0,0.0,0.0,0.0,0.0,0.0,0.0,0.0,0.0,0.0,34.22,32.71,30.59,-96,11.8
2026-07-31 01:35:36,Salón - Uma Eléctrica,44.34,Silence,0.0,44.77,Silence,0.0,0.0,0.0,0.0,0.0,0.0,0.0,0.0,0.0,0.0,44.55,44.31,43.98,-114,6.5
2026-07-31 01:36:04,Salón - Extremo Civil,13.11,Silence,0.0,13.74,Silence,0.0,0.0,0.0,0.0,0.0,0.0,0.0,0.0,0.0,0.0,14.0,13.07,12.31,-101,11.0
2026-07-31 01:36:08,Pasillo Salones Civil,13.93,Silence,0.0,14.59,Silence,0.0,0.0,0.0,0.0,0.0,0.0,0.0,0.0,0.0,0.0,14.49,13.74,13.53,-107,5.8
2026-07-31 01:36:20,Laboratorios Civil Superior,32.7,Silence,0.0,35.07,Silence,0.0,0.0,0.0,0.0,0.0,0.0,0.0,0.0,0.0,0.0,34.06,33.34,29.98,-109,9.5
2026-07-31 01:36:29,Laboratorios Eléctrica Centro,12.23,Silence,0.0,13.27,Silence,0.0,0.0,0.0,0.0,0.0,0.0,0.0,0.0,0.0,0.0,13.54,12.24,10.3,-107,9.8
2026-07-31 01:37:49,Lobby Civil,35.45,Silence,0.0,46.1,Silence,0.0,0.0,0.0,0.0,0.0,0.0,0.0,0.0,0.0,0.0,40.7,33.98,33.24,-89,13.2
2026-07-31 01:37:57,Pasillo Decanato Civil,20.68,Silence,0.0,21.3,Silence,0.0,0.0,0.0,0.0,0.0,0.0,0.0,0.0,0.0,0.0,21.57,20.62,19.87,-115,2.2
2026-07-31 01:39:10,Salón - Extremo Eléctrica,46.39,Group 2 (Impact),92.27,53.28,Group 2 (Impact),0.0,48.57,0.0,0.0,0.0,1.09,92.27,0.09,1.87,4.64,52.76,43.61,33.86,-85,8.8
2026-07-31 01:39:18,Laboratorios Eléctrica Superior,13.25,Silence,0.0,13.75,Silence,0.0,0.0,0.0,0.0,0.0,0.0,0.0,0.0,0.0,0.0,13.59,13.3,12.9,-120,-4.8
2026-07-31 01:39:35,Salón - Uma Civil,9.48,Silence,0.0,10.14,Silence,0.0,0.0,0.0,0.0,0.0,0.0,0.0,0.0,0.0,0.0,9.88,9.64,8.77,-117,-3.5
2026-07-31 01:39:37,Pasillo Decanato Eléctrica,19.73,Silence,0.0,21.07,Silence,0.0,0.0,0.0,0.0,0.0,0.0,0.0,0.0,0.0,0.0,21.01,19.63,19.01,-103,10.2
2026-07-31 01:40:04,Laboratorios Civil Central,48.87,Mixed,52.78,51.45,Group 1 (Common),49.62,0.0,0.0,0.0,48.98,52.78,0.0,0.0,0.0,47.12,51.3,48.71,46.71,-118,-6.5
2026-07-31 01:40:09,Laboratorios Eléctrica Inferior,17.99,Silence,0.0,22.16,Silence,0.0,0.0,0.0,0.0,0.0,0.0,0.0,0.0,0.0,0.0,22.52,16.99,16.03,-119,-12.5
2026-07-31 01:40:18,Lobby Eléctrica,26.63,Silence,0.0,28.39,Silence,0.0,0.0,0.0,0.0,0.0,0.0,0.0,0.0,0.0,0.0,28.54,26.11,24.34,-99,12.5
2026-07-31 01:40:25,Laboratorios Civil Inferior,40.37,Silence,0.0,41.04,Silence,0.0,0.0,0.0,0.0,0.0,0.0,0.0,0.0,0.0,0.0,40.77,40.46,39.88,-119,-6.2
2026-07-31 01:40:26,Pasillo Salones Eléctrica,32.78,Silence,0.0,33.81,Silence,0.0,0.0,0.0,0.0,0.0,0.0,0.0,0.0,0.0,0.0,34.0,32.56,31.58,-95,12.0
2026-07-31 01:40:36,Salón - Uma Eléctrica,43.67,Silence,0.0,44.32,Silence,0.0,0.0,0.0,0.0,0.0,0.0,0.0,0.0,0.0,0.0,44.24,43.54,43.17,-114,6.2
2026-07-31 01:41:04,Salón - Extremo Civil,37.37,Silence,0.0,42.53,Silence,0.0,0.0,0.0,0.0,0.0,0.0,0.0,0.0,0.0,0.0,43.31,36.37,19.93,-97,13.0
2026-07-31 01:41:08,Pasillo Salones Civil,28.01,Silence,0.0,33.06,Silence,0.0,0.0,0.0,0.0,0.0,0.0,0.0,0.0,0.0,0.0,32.73,26.24,21.77,-109,6.0
2026-07-31 01:41:20,Laboratorios Civil Superior,32.16,Silence,0.0,34.98,Silence,0.0,0.0,0.0,0.0,0.0,0.0,0.0,0.0,0.0,0.0,34.16,32.04,31.16,-99,12.5
2026-07-31 01:41:29,Laboratorios Eléctrica Centro,11.76,Silence,0.0,12.57,Silence,0.0,0.0,0.0,0.0,0.0,0.0,0.0,0.0,0.0,0.0,13.03,11.14,10.89,-119,-4.5
2026-07-31 01:42:49,Lobby Civil,32.98,Silence,0.0,34.0,Silence,0.0,0.0,0.0,0.0,0.0,0.0,0.0,0.0,0.0,0.0,33.52,33.01,31.77,-91,13.0
2026-07-31 01:42:57,Pasillo Decanato Civil,20.75,Silence,0.0,21.58,Silence,0.0,0.0,0.0,0.0,0.0,0.0,0.0,0.0,0.0,0.0,21.41,20.87,19.74,-105,11.5
2026-07-31 01:44:10,Salón - Extremo Eléctrica,46.76,Mixed,55.3,54.35,Group 4 (Person),34.96,15.62,0.0,50.86,16.45,9.59,55.3,0.39,22.44,12.2,54.87,15.91,14.55,-87,9.2
2026-07-31 01:44:18,Laboratorios Eléctrica Superior,11.47,Silence,0.0,12.03,Silence,0.0,0.0,0.0,0.0,0.0,0.0,0.0,0.0,0.0,0.0,12.05,11.46,10.64,-99,9.2
2026-07-31 01:44:35,Salón - Uma Civil,11.62,Silence,0.0,12.47,Silence,0.0,0.0,0.0,0.0,0.0,0.0,0.0,0.0,0.0,0.0,12.63,11.5,10.57,-109,7.2
2026-07-31 01:44:37,Pasillo Decanato Eléctrica,20.23,Silence,0.0,21.27,Silence,0.0,0.0,0.0,0.0,0.0,0.0,0.0,0.0,0.0,0.0,21.66,20.13,18.84,-115,-1.2
2026-07-31 01:45:04,Laboratorios Civil Central,48.66,Mixed,68.8,50.23,Group 1 (Common),48.37,0.0,0.0,0.0,0.0,68.8,0.15,0.0,0.0,30.81,50.85,47.79,45.92,-101,11.5
2026-07-31 01:45:09,Laboratorios Eléctrica Inferior,14.37,Silence,0.0,15.18,Silence,0.0,0.0,0.0,0.0,0.0,0.0,0.0,0.0,0.0,0.0,15.21,14.4,13.21,-121,-6.8
2026-07-31 01:45:18,Lobby Eléctrica,38.83,Silence,0.0,44.43,Silence,0.0,0.0,0.0,0.0,0.0,0.0,0.0,0.0,0.0,0.0,45.05,35.62,30.52,-101,13.0
2026-07-31 01:45:26,Pasillo Salones Eléctrica,29.71,Silence,0.0,31.99,Silence,0.0,0.0,0.0,0.0,0.0,0.0,0.0,0.0,0.0,0.0,30.94,29.62,28.62,-114,4.5
2026-07-31 01:45:36,Salón - Uma Eléctrica,44.48,Silence,0.0,45.23,Silence,0.0,0.0,0.0,0.0,0.0,0.0,0.0,0.0,0.0,0.0,45.27,44.41,43.59,-111,5.8
2026-07-31 01:46:04,Salón - Extremo Civil,13.15,Silence,0.0,13.95,Silence,0.0,0.0,0.0,0.0,0.0,0.0,0.0,0.0,0.0,0.0,13.7,13.11,12.34,-89,13.5
2026-07-31 01:46:08,Pasillo Salones Civil,14.02,Silence,0.0,14.71,Silence,0.0,0.0,0.0,0.0,0.0,0.0,0.0,0.0,0.0,0.0,14.56,13.89,13.79,-102,12.0
2026-07-31 01:46:20,Laboratorios Civil Superior,29.73,Silence,0.0,31.34,Silence,0.0,0.0,0.0,0.0,0.0,0.0,0.0,0.0,0.0,0.0,30.45,30.08,28.5,-107,10.8
2026-07-31 01:46:29,Laboratorios Eléctrica Centro,11.45,Silence,0.0,12.48,Silence,0.0,0.0,0.0,0.0,0.0,0.0,0.0,0.0,0.0,0.0,12.31,11.55,10.74,-112,-6.8
2026-07-31 01:47:49,Lobby Civil,36.06,Silence,0.0,37.13,Silence,0.0,0.0,0.0,0.0,0.0,0.0,0.0,0.0,0.0,0.0,36.84,35.83,35.42,-109,6.0
2026-07-31 01:47:57,Pasillo Decanato Civil,20.61,Silence,0.0,21.33,Silence,0.0,0.0,0.0,0.0,0.0,0.0,0.0,0.0,0.0,0.0,21.25,20.58,19.99,-103,12.0
2026-07-31 01:49:10,Salón - Extremo Eléctrica,17.07,Silence,0.0,19.57,Silence,0.0,0.0,0.0,0.0,0.0,0.0,0.0,0.0,0.0,0.0,19.06,16.46,15.3,-87,11.0
2026-07-31 01:49:18,Laboratorios Eléctrica Superior,13.34,Silence,0.0,14.22,Silence,0.0,0.0,0.0,0.0,0.0,0.0,0.0,0.0,0.0,0.0,14.3,13.39,12.1,-101,13.0
2026-07-31 01:49:35,Salón - Uma Civil,9.77,Silence,0.0,10.33,Silence,0.0,0.0,0.0,0.0,0.0,0.0,0.0,0.0,0.0,0.0,10.5,9.71,9.22,-107,9.2
2026-07-31 01:49:37,Pasillo Decanato Eléctrica,19.81,Silence,0.0,20.76,Silence,0.0,0.0,0.0,0.0,0.0,0.0,0.0,0.0,0.0,0.0,21.03,19.67,19.16,-109,10.2
2026-07-31 01:50:04,Laboratorios Civil Central,50.71,Group 1 (Common),71.27,51.92,Group 1 (Common),50.97,0.0,0.0,0.0,0.0,71.27,0.61,0.56,0.04,27.39,51.89,51.0,47.7,-107,11.0
2026-07-31 01:50:09,Laboratorios Eléctrica Inferior,14.96,Silence,0.0,15.6,Silence,0.0,0.0,0.0,0.0,0.0,0.0,0.0,0.0,0.0,0.0,15.67,14.86,14.46,-119,-3.5
2026-07-31 01:50:18,Lobby Eléctrica,24.83,Silence,0.0,25.58,Silence,0.0,0.0,0.0,0.0,0.0,0.0,0.0,0.0,0.0,0.0,26.01,24.86,23.89,-101,11.8
2026-07-31 01:50:21,Laboratorios Civil Inferior,40.09,Silence,0.0,40.81,Silence,0.0,0.0,0.0,0.0,0.0,0.0,0.0,0.0,0.0,0.0,40.46,40.09,39.1,-115,-7.0
2026-07-31 01:50:26,Pasillo Salones Eléctrica,37.09,Silence,0.0,40.84,Silence,0.0,0.0,0.0,0.0,0.0,0.0,0.0,0.0,0.0,0.0,41.84,33.98,31.0,-101,12.8
2026-07-31 01:50:36,Salón - Uma Eléctrica,44.32,Silence,0.0,44.83,Silence,0.0,0.0,0.0,0.0,0.0,0.0,0.0,0.0,0.0,0.0,44.9,44.31,43.67,-107,10.2
2026-07-31 01:51:04,Salón - Extremo Civil,13.03,Silence,0.0,13.7,Silence,0.0,0.0,0.0,0.0,0.0,0.0,0.0,0.0,0.0,0.0,13.56,13.13,12.5,-83,9.8
2026-07-31 01:51:08,Pasillo Salones Civil,13.89,Silence,0.0,14.4,Silence,0.0,0.0,0.0,0.0,0.0,0.0,0.0,0.0,0.0,0.0,14.41,13.95,13.19,-107,11.8
2026-07-31 01:51:20,Laboratorios Civil Superior,29.73,Silence,0.0,32.19,Silence,0.0,0.0,0.0,0.0,0.0,0.0,0.0,0.0,0.0,0.0,32.15,29.76,27.46,-113,6.5
2026-07-31 01:51:29,Laboratorios Eléctrica Centro,11.44,Silence,0.0,12.51,Silence,0.0,0.0,0.0,0.0,0.0,0.0,0.0,0.0,0.0,0.0,12.48,11.27,10.41,-118,-5.8
2026-07-31 01:52:49,Lobby Civil,34.64,Silence,0.0,35.54,Silence,0.0,0.0,0.0,0.0,0.0,0.0,0.0,0.0,0.0,0.0,35.78,34.4,33.77,-96,11.8
2026-07-31 01:52:57,Pasillo Decanato Civil,20.44,Silence,0.0,21.39,Silence,0.0,0.0,0.0,0.0,0.0,0.0,0.0,0.0,0.0,0.0,21.63,20.25,19.51,-95,12.8
2026-07-31 01:54:10,Salón - Extremo Eléctrica,31.02,Silence,0.0,33.4,Silence,0.0,0.0,0.0,0.0,0.0,0.0,0.0,0.0,0.0,0.0,32.31,31.96,27.14,-87,9.8
2026-07-31 01:54:18,Laboratorios Eléctrica Superior,11.55,Silence,0.0,12.18,Silence,0.0,0.0,0.0,0.0,0.0,0.0,0.0,0.0,0.0,0.0,12.01,11.71,10.58,-116,-10.2
2026-07-31 01:54:35,Salón - Uma Civil,8.95,Silence,0.0,9.68,Silence,0.0,0.0,0.0,0.0,0.0,0.0,0.0,0.0,0.0,0.0,9.77,8.81,8.03,-105,11.8
2026-07-31 01:54:37,Pasillo Decanato Eléctrica,19.59,Silence,0.0,20.33,Silence,0.0,0.0,0.0,0.0,0.0,0.0,0.0,0.0,0.0,0.0,20.39,19.66,18.6,-119,-1.8
2026-07-31 01:55:04,Laboratorios Civil Central,47.54,Group 1 (Common),75.3,48.51,Group 1 (Common),47.42,0.0,0.0,0.0,0.0,75.3,2.04,0.09,0.04,22.35,48.1,47.69,46.63,-119,-7.2
2026-07-31 01:55:09,Laboratorios Eléctrica Inferior,14.58,Silence,0.0,15.49,Silence,0.0,0.0,0.0,0.0,0.0,0.0,0.0,0.0,0.0,0.0,15.22,14.54,13.95,-118,-5.2
2026-07-31 01:55:18,Lobby Eléctrica,23.46,Silence,0.0,24.59,Silence,0.0,0.0,0.0,0.0,0.0,0.0,0.0,0.0,0.0,0.0,24.12,23.54,22.49,-117,1.5
2026-07-31 01:55:21,Laboratorios Civil Inferior,39.9,Silence,0.0,40.96,Silence,0.0,0.0,0.0,0.0,0.0,0.0,0.0,0.0,0.0,0.0,40.78,40.22,38.52,-119,-5.0
2026-07-31 01:55:26,Pasillo Salones Eléctrica,40.13,Silence,0.0,43.79,Silence,0.0,0.0,0.0,0.0,0.0,0.0,0.0,0.0,0.0,0.0,43.72,40.01,28.04,-94,12.2
2026-07-31 01:55:36,Salón - Uma Eléctrica,44.22,Silence,0.0,45.07,Silence,0.0,0.0,0.0,0.0,0.0,0.0,0.0,0.0,0.0,0.0,45.09,44.28,43.03,-114,5.2
2026-07-31 01:56:04,Salón - Extremo Civil,12.83,Silence,0.0,13.36,Silence,0.0,0.0,0.0,0.0,0.0,0.0,0.0,0.0,0.0,0.0,13.44,12.89,12.28,-103,11.0
2026-07-31 01:56:10,Pasillo Salones Civil,13.81,Silence,0.0,14.42,Silence,0.0,0.0,0.0,0.0,0.0,0.0,0.0,0.0,0.0,0.0,14.51,13.71,13.06,-101,8.8
2026-07-31 01:56:20,Laboratorios Civil Superior,30.89,Silence,0.0,33.25,Silence,0.0,0.0,0.0,0.0,0.0,0.0,0.0,0.0,0.0,0.0,32.91,30.57,29.74,-109,5.5
2026-07-31 01:56:29,Laboratorios Eléctrica Centro,23.7,Silence,0.0,26.56,Silence,0.0,0.0,0.0,0.0,0.0,0.0,0.0,0.0,0.0,0.0,26.61,23.55,17.08,-103,12.5
2026-07-31 01:57:49,Lobby Civil,35.93,Silence,0.0,36.87,Silence,0.0,0.0,0.0,0.0,0.0,0.0,0.0,0.0,0.0,0.0,37.12,35.75,35.07,-113,6.8
2026-07-31 01:57:57,Pasillo Decanato Civil,21.05,Silence,0.0,21.91,Silence,0.0,0.0,0.0,0.0,0.0,0.0,0.0,0.0,0.0,0.0,21.63,21.46,19.98,-105,11.8
2026-07-31 01:59:10,Salón - Extremo Eléctrica,28.15,Silence,0.0,31.72,Silence,0.0,0.0,0.0,0.0,0.0,0.0,0.0,0.0,0.0,0.0,31.71,27.3,22.22,-115,-0.2
2026-07-31 01:59:18,Laboratorios Eléctrica Superior,11.83,Silence,0.0,12.48,Silence,0.0,0.0,0.0,0.0,0.0,0.0,0.0,0.0,0.0,0.0,12.3,11.78,11.04,-96,12.2
2026-07-31 01:59:35,Salón - Uma Civil,9.81,Silence,0.0,10.27,Silence,0.0,0.0,0.0,0.0,0.0,0.0,0.0,0.0,0.0,0.0,10.33,9.63,9.49,-108,8.2
2026-07-31 01:59:37,Pasillo Decanato Eléctrica,19.9,Silence,0.0,20.5,Silence,0.0,0.0,0.0,0.0,0.0,0.0,0.0,0.0,0.0,0.0,20.49,20.04,19.14,-117,-1.5
2026-07-31 02:00:04,Laboratorios Civil Central,49.88,Mixed,63.67,52.15,Group 5 (Vehicle),48.74,0.0,0.0,0.0,50.05,33.72,1.09,1.17,0.04,63.67,51.39,49.99,47.6,-120,-8.8
2026-07-31 02:00:09,Laboratorios Eléctrica Inferior,14.25,Silence,0.0,16.17,Silence,0.0,0.0,0.0,0.0,0.0,0.0,0.0,0.0,0.0,0.0,14.94,14.6,13.51,-118,-8.5
2026-07-31 02:00:18,Lobby Eléctrica,24.17,Silence,0.0,25.12,Silence,0.0,0.0,0.0,0.0,0.0,0.0,0.0,0.0,0.0,0.0,25.17,23.99,22.99,-93,12.5
2026-07-31 02:00:21,Laboratorios Civil Inferior,39.45,Silence,0.0,40.37,Silence,0.0,0.0,0.0,0.0,0.0,0.0,0.0,0.0,0.0,0.0,40.28,39.28,38.86,-119,-7.2
2026-07-31 02:00:26,Pasillo Salones Eléctrica,48.24,Mixed,46.0,49.78,Group 4 (Person),0.0,39.11,0.0,48.77,48.24,4.54,24.9,0.0,46.0,24.41,49.97,48.22,43.12,-96,8.2
2026-07-31 02:00:36,Salón - Uma Eléctrica,43.39,Silence,0.0,44.39,Silence,0.0,0.0,0.0,0.0,0.0,0.0,0.0,0.0,0.0,0.0,44.89,43.13,42.65,-107,9.8
2026-07-31 02:01:04,Salón - Extremo Civil,13.2,Silence,0.0,15.85,Silence,0.0,0.0,0.0,0.0,0.0,0.0,0.0,0.0,0.0,0.0,14.25,13.14,12.49,-103,11.0
2026-07-31 02:01:08,Pasillo Salones Civil,13.84,Silence,0.0,14.52,Silence,0.0,0.0,0.0,0.0,0.0,0.0,0.0,0.0,0.0,0.0,14.44,13.83,12.55,-113,7.2
2026-07-31 02:01:22,Laboratorios Civil Superior,32.48,Silence,0.0,33.74,Silence,0.0,0.0,0.0,0.0,0.0,0.0,0.0,0.0,0.0,0.0,33.77,32.24,31.92,-96,12.2
2026-07-31 02:01:29,Laboratorios Eléctrica Centro,10.37,Silence,0.0,11.32,Silence,0.0,0.0,0.0,0.0,0.0,0.0,0.0,0.0,0.0,0.0,11.1,10.32,9.25,-108,8.8
2026-07-31 02:02:49,Lobby Civil,35.41,Silence,0.0,36.85,Silence,0.0,0.0,0.0,0.0,0.0,0.0,0.0,0.0,0.0,0.0,37.0,35.24,34.36,-99,12.2
2026-07-31 02:02:57,Pasillo Decanato Civil,20.72,Silence,0.0,21.32,Silence,0.0,0.0,0.0,0.0,0.0,0.0,0.0,0.0,0.0,0.0,21.35,20.68,19.7,-114,1.5
2026-07-31 02:04:10,Salón - Extremo Eléctrica,23.63,Silence,0.0,25.18,Silence,0.0,0.0,0.0,0.0,0.0,0.0,0.0,0.0,0.0,0.0,25.03,23.77,21.12,-93,10.0
2026-07-31 02:04:18,Laboratorios Eléctrica Superior,11.39,Silence,0.0,12.16,Silence,0.0,0.0,0.0,0.0,0.0,0.0,0.0,0.0,0.0,0.0,12.14,11.49,9.88,-99,11.5
2026-07-31 02:04:35,Salón - Uma Civil,9.33,Silence,0.0,10.04,Silence,0.0,0.0,0.0,0.0,0.0,0.0,0.0,0.0,0.0,0.0,10.02,9.38,8.71,-107,8.5
2026-07-31 02:04:37,Pasillo Decanato Eléctrica,19.67,Silence,0.0,20.43,Silence,0.0,0.0,0.0,0.0,0.0,0.0,0.0,0.0,0.0,0.0,20.76,19.6,18.73,-107,9.2
2026-07-31 02:05:04,Laboratorios Civil Central,49.55,Group 1 (Common),75.48,50.57,Group 1 (Common),49.53,0.0,0.0,0.0,0.0,75.48,2.39,2.47,0.09,19.44,50.28,49.55,48.87,-119,-6.8
2026-07-31 02:05:09,Laboratorios Eléctrica Inferior,16.01,Silence,0.0,16.78,Silence,0.0,0.0,0.0,0.0,0.0,0.0,0.0,0.0,0.0,0.0,16.87,15.89,15.09,-113,3.8
2026-07-31 02:05:18,Lobby Eléctrica,27.13,Silence,0.0,27.8,Silence,0.0,0.0,0.0,0.0,0.0,0.0,0.0,0.0,0.0,0.0,27.67,27.18,26.44,-101,13.2
2026-07-31 02:05:21,Laboratorios Civil Inferior,39.93,Silence,0.0,40.79,Silence,0.0,0.0,0.0,0.0,0.0,0.0,0.0,0.0,0.0,0.0,41.04,39.93,39.14,-119,-8.2
2026-07-31 02:05:26,Pasillo Salones Eléctrica,34.52,Silence,0.0,37.66,Silence,0.0,0.0,0.0,0.0,0.0,0.0,0.0,0.0,0.0,0.0,38.27,34.65,29.53,-111,3.5
2026-07-31 02:05:36,Salón - Uma Eléctrica,44.39,Silence,0.0,45.31,Silence,0.0,0.0,0.0,0.0,0.0,0.0,0.0,0.0,0.0,0.0,45.31,44.49,43.04,-109,6.2
2026-07-31 02:06:04,Salón - Extremo Civil,13.63,Silence,0.0,14.29,Silence,0.0,0.0,0.0,0.0,0.0,0.0,0.0,0.0,0.0,0.0,14.35,13.85,12.54,-85,14.2
2026-07-31 02:06:08,Pasillo Salones Civil,15.69,Silence,0.0,16.42,Silence,0.0,0.0,0.0,0.0,0.0,0.0,0.0,0.0,0.0,0.0,16.2,15.56,15.36,-114,5.2
2026-07-31 02:06:20,Laboratorios Civil Superior,32.17,Silence,0.0,33.82,Silence,0.0,0.0,0.0,0.0,0.0,0.0,0.0,0.0,0.0,0.0,33.21,32.73,30.21,-113,5.5
2026-07-31 02:06:29,Laboratorios Eléctrica Centro,14.16,Silence,0.0,14.62,Silence,0.0,0.0,0.0,0.0,0.0,0.0,0.0,0.0,0.0,0.0,14.6,14.15,13.58,-119,-4.8
2026-07-31 02:07:49,Lobby Civil,34.77,Silence,0.0,36.36,Silence,0.0,0.0,0.0,0.0,0.0,0.0,0.0,0.0,0.0,0.0,36.38,34.58,33.59,-109,8.2
2026-07-31 02:07:57,Pasillo Decanato Civil,20.5,Silence,0.0,21.13,Silence,0.0,0.0,0.0,0.0,0.0,0.0,0.0,0.0,0.0,0.0,21.07,20.45,19.99,-107,10.8
2026-07-31 02:09:10,Salón - Extremo Eléctrica,19.77,Silence,0.0,22.52,Silence,0.0,0.0,0.0,0.0,0.0,0.0,0.0,0.0,0.0,0.0,20.8,19.9,18.17,-90,7.0
2026-07-31 02:09:18,Laboratorios Eléctrica Superior,12.55,Silence,0.0,13.27,Silence,0.0,0.0,0.0,0.0,0.0,0.0,0.0,0.0,0.0,0.0,13.5,12.52,11.46,-102,12.5
2026-07-31 02:09:35,Salón - Uma Civil,10.07,Silence,0.0,10.51,Silence,0.0,0.0,0.0,0.0,0.0,0.0,0.0,0.0,0.0,0.0,10.59,10.19,9.38,-100,11.5
2026-07-31 02:09:37,Pasillo Decanato Eléctrica,19.75,Silence,0.0,20.29,Silence,0.0,0.0,0.0,0.0,0.0,0.0,0.0,0.0,0.0,0.0,20.25,19.8,18.69,-117,1.8
2026-07-31 02:10:04,Laboratorios Civil Central,48.97,Mixed,64.67,50.26,Group 1 (Common),49.08,0.0,48.26,0.0,0.0,64.67,1.3,18.1,0.0,15.84,49.89,49.28,47.49,-105,5.2
2026-07-31 02:10:09,Laboratorios Eléctrica Inferior,17.49,Silence,0.0,18.3,Silence,0.0,0.0,0.0,0.0,0.0,0.0,0.0,0.0,0.0,0.0,18.58,17.51,15.97,-119,-5.5
2026-07-31 02:10:18,Lobby Eléctrica,24.38,Silence,0.0,25.34,Silence,0.0,0.0,0.0,0.0,0.0,0.0,0.0,0.0,0.0,0.0,25.0,24.43,23.83,-97,9.2
2026-07-31 02:10:21,Laboratorios Civil Inferior,40.07,Silence,0.0,40.68,Silence,0.0,0.0,0.0,0.0,0.0,0.0,0.0,0.0,0.0,0.0,40.6,39.94,39.53,-118,-5.2
2026-07-31 02:10:26,Pasillo Salones Eléctrica,36.1,Silence,0.0,38.78,Silence,0.0,0.0,0.0,0.0,0.0,0.0,0.0,0.0,0.0,0.0,38.74,36.34,30.89,-115,2.2
2026-07-31 02:10:36,Salón - Uma Eléctrica,44.1,Silence,0.0,45.2,Silence,0.0,0.0,0.0,0.0,0.0,0.0,0.0,0.0,0.0,0.0,44.66,44.11,43.28,-113,4.8
2026-07-31 02:11:04,Salón - Extremo Civil,13.74,Silence,0.0,14.89,Silence,0.0,0.0,0.0,0.0,0.0,0.0,0.0,0.0,0.0,0.0,14.49,13.77,13.01,-82,12.8
2026-07-31 02:11:08,Pasillo Salones Civil,14.86,Silence,0.0,15.84,Silence,0.0,0.0,0.0,0.0,0.0,0.0,0.0,0.0,0.0,0.0,15.93,14.53,14.1,-107,10.8
2026-07-31 02:11:20,Laboratorios Civil Superior,30.07,Silence,0.0,32.12,Silence,0.0,0.0,0.0,0.0,0.0,0.0,0.0,0.0,0.0,0.0,32.78,29.53,28.42,-102,7.5
2026-07-31 02:11:29,Laboratorios Eléctrica Centro,10.68,Silence,0.0,11.44,Silence,0.0,0.0,0.0,0.0,0.0,0.0,0.0,0.0,0.0,0.0,11.15,10.67,10.29,-102,10.5
2026-07-31 02:12:49,Lobby Civil,40.81,Silence,0.0,43.96,Silence,0.0,0.0,0.0,0.0,0.0,0.0,0.0,0.0,0.0,0.0,44.12,40.53,35.3,-114,4.5
2026-07-31 02:12:57,Pasillo Decanato Civil,20.9,Silence,0.0,22.12,Silence,0.0,0.0,0.0,0.0,0.0,0.0,0.0,0.0,0.0,0.0,22.22,20.63,20.14,-103,12.2
2026-07-31 02:14:10,Salón - Extremo Eléctrica,14.75,Silence,0.0,15.57,Silence,0.0,0.0,0.0,0.0,0.0,0.0,0.0,0.0,0.0,0.0,15.76,14.58,14.07,-87,10.0
2026-07-31 02:14:18,Laboratorios Eléctrica Superior,13.95,Silence,0.0,14.83,Silence,0.0,0.0,0.0,0.0,0.0,0.0,0.0,0.0,0.0,0.0,14.83,13.88,13.16,-117,-2.0
2026-07-31 02:14:35,Salón - Uma Civil,9.38,Silence,0.0,9.91,Silence,0.0,0.0,0.0,0.0,0.0,0.0,0.0,0.0,0.0,0.0,10.08,9.2,8.41,-109,9.5
2026-07-31 02:14:37,Pasillo Decanato Eléctrica,19.7,Silence,0.0,20.47,Silence,0.0,0.0,0.0,0.0,0.0,0.0,0.0,0.0,0.0,0.0,20.85,19.57,18.85,-106,9.5
2026-07-31 02:15:04,Laboratorios Civil Central,54.11,Group 1 (Common),99.18,55.92,Group 1 (Common),53.81,0.0,0.0,0.0,0.0,99.18,0.0,0.0,0.0,0.74,56.03,53.83,51.39,-102,10.8
2026-07-31 02:15:09,Laboratorios Eléctrica Inferior,17.89,Silence,0.0,18.36,Silence,0.0,0.0,0.0,0.0,0.0,0.0,0.0,0.0,0.0,0.0,18.19,17.97,17.47,-120,-7.5
2026-07-31 02:15:18,Lobby Eléctrica,27.39,Silence,0.0,28.26,Silence,0.0,0.0,0.0,0.0,0.0,0.0,0.0,0.0,0.0,0.0,28.28,27.26,26.51,-93,12.8
2026-07-31 02:15:21,Laboratorios Civil Inferior,40.34,Silence,0.0,40.95,Silence,0.0,0.0,0.0,0.0,0.0,0.0,0.0,0.0,0.0,0.0,41.02,40.23,39.44,-119,-5.5
2026-07-31 02:15:26,Pasillo Salones Eléctrica,29.2,Silence,0.0,30.39,Silence,0.0,0.0,0.0,0.0,0.0,0.0,0.0,0.0,0.0,0.0,30.37,29.14,28.19,-99,13.0
2026-07-31 02:15:36,Salón - Uma Eléctrica,43.87,Silence,0.0,45.04,Silence,0.0,0.0,0.0,0.0,0.0,0.0,0.0,0.0,0.0,0.0,44.45,43.92,43.28,-112,4.5
2026-07-31 02:16:04,Salón - Extremo Civil,12.98,Silence,0.0,13.48,Silence,0.0,0.0,0.0,0.0,0.0,0.0,0.0,0.0,0.0,0.0,13.39,13.03,12.15,-81,12.8
2026-07-31 02:16:08,Pasillo Salones Civil,14.29,Silence,0.0,15.37,Silence,0.0,0.0,0.0,0.0,0.0,0.0,0.0,0.0,0.0,0.0,14.97,14.24,13.61,-111,8.0
2026-07-31 02:16:20,Laboratorios Civil Superior,32.58,Silence,0.0,34.3,Silence,0.0,0.0,0.0,0.0,0.0,0.0,0.0,0.0,0.0,0.0,33.76,32.34,31.03,-111,8.0
2026-07-31 02:16:29,Laboratorios Eléctrica Centro,11.36,Silence,0.0,12.3,Silence,0.0,0.0,0.0,0.0,0.0,0.0,0.0,0.0,0.0,0.0,12.14,11.42,10.09,-111,9.2
2026-07-31 02:17:49,Lobby Civil,35.56,Silence,0.0,36.83,Silence,0.0,0.0,0.0,0.0,0.0,0.0,0.0,0.0,0.0,0.0,36.43,35.43,34.14,-99,9.5
2026-07-31 02:17:57,Pasillo Decanato Civil,20.41,Silence,0.0,21.31,Silence,0.0,0.0,0.0,0.0,0.0,0.0,0.0,0.0,0.0,0.0,21.01,20.17,19.94,-113,1.5
2026-07-31 02:19:10,Salón - Extremo Eléctrica,14.68,Silence,0.0,15.27,Silence,0.0,0.0,0.0,0.0,0.0,0.0,0.0,0.0,0.0,0.0,15.73,14.68,13.76,-87,3.2
2026-07-31 02:19:18,Laboratorios Eléctrica Superior,11.48,Silence,0.0,12.46,Silence,0.0,0.0,0.0,0.0,0.0,0.0,0.0,0.0,0.0,0.0,12.43,11.59,10.33,-118,-6.8
2026-07-31 02:19:35,Salón - Uma Civil,8.86,Silence,0.0,9.48,Silence,0.0,0.0,0.0,0.0,0.0,0.0,0.0,0.0,0.0,0.0,9.38,8.88,8.07,-116,-6.0
2026-07-31 02:19:37,Pasillo Decanato Eléctrica,19.41,Silence,0.0,20.03,Silence,0.0,0.0,0.0,0.0,0.0,0.0,0.0,0.0,0.0,0.0,20.09,19.46,18.56,-117,0.2
2026-07-31 02:20:04,Laboratorios Civil Central,49.15,Group 1 (Common),88.28,51.5,Group 1 (Common),49.35,0.0,0.0,0.0,0.0,88.28,0.04,0.13,0.0,11.41,50.36,49.09,47.36,-101,11.0
2026-07-31 02:20:09,Laboratorios Eléctrica Inferior,14.15,Silence,0.0,14.83,Silence,0.0,0.0,0.0,0.0,0.0,0.0,0.0,0.0,0.0,0.0,14.81,14.04,13.67,-111,7.5
2026-07-31 02:20:18,Lobby Eléctrica,28.31,Silence,0.0,29.1,Silence,0.0,0.0,0.0,0.0,0.0,0.0,0.0,0.0,0.0,0.0,28.6,28.34,27.82,-90,12.0
2026-07-31 02:20:21,Laboratorios Civil Inferior,39.94,Silence,0.0,40.69,Silence,0.0,0.0,0.0,0.0,0.0,0.0,0.0,0.0,0.0,0.0,40.79,39.81,39.35,-119,-15.0
2026-07-31 02:20:26,Pasillo Salones Eléctrica,29.0,Silence,0.0,30.84,Silence,0.0,0.0,0.0,0.0,0.0,0.0,0.0,0.0,0.0,0.0,30.75,29.13,27.82,-102,11.5
2026-07-31 02:20:36,Salón - Uma Eléctrica,44.35,Silence,0.0,44.9,Silence,0.0,0.0,0.0,0.0,0.0,0.0,0.0,0.0,0.0,0.0,45.03,44.48,43.7,-114,4.2
2026-07-31 02:21:04,Salón - Extremo Civil,13.25,Silence,0.0,13.89,Silence,0.0,0.0,0.0,0.0,0.0,0.0,0.0,0.0,0.0,0.0,13.78,13.25,12.39,-90,9.8
2026-07-31 02:21:08,Pasillo Salones Civil,15.18,Silence,0.0,16.01,Silence,0.0,0.0,0.0,0.0,0.0,0.0,0.0,0.0,0.0,0.0,15.82,15.52,13.77,-102,11.0
2026-07-31 02:21:20,Laboratorios Civil Superior,31.96,Silence,0.0,33.91,Silence,0.0,0.0,0.0,0.0,0.0,0.0,0.0,0.0,0.0,0.0,33.93,31.83,29.35,-97,11.2
2026-07-31 02:21:29,Laboratorios Eléctrica Centro,12.21,Silence,0.0,13.76,Silence,0.0,0.0,0.0,0.0,0.0,0.0,0.0,0.0,0.0,0.0,14.06,11.76,11.09,-118,-5.8
2026-07-31 02:22:49,Lobby Civil,35.88,Silence,0.0,41.85,Silence,0.0,0.0,0.0,0.0,0.0,0.0,0.0,0.0,0.0,0.0,39.84,34.93,32.43,-91,12.5
2026-07-31 02:22:57,Pasillo Decanato Civil,20.12,Silence,0.0,20.81,Silence,0.0,0.0,0.0,0.0,0.0,0.0,0.0,0.0,0.0,0.0,20.97,19.97,19.66,-93,12.8
2026-07-31 02:24:10,Salón - Extremo Eléctrica,24.12,Silence,0.0,30.63,Silence,0.0,0.0,0.0,0.0,0.0,0.0,0.0,0.0,0.0,0.0,32.67,19.19,18.71,-93,9.0
2026-07-31 02:24:18,Laboratorios Eléctrica Superior,12.06,Silence,0.0,12.74,Silence,0.0,0.0,0.0,0.0,0.0,0.0,0.0,0.0,0.0,0.0,12.62,12.03,11.52,-118,-2.8
2026-07-31 02:24:35,Salón - Uma Civil,35.25,Silence,0.0,43.47,Silence,0.0,0.0,0.0,0.0,0.0,0.0,0.0,0.0,0.0,0.0,46.33,25.36,8.49,-107,7.5
2026-07-31 02:24:37,Pasillo Decanato Eléctrica,19.05,Silence,0.0,19.85,Silence,0.0,0.0,0.0,0.0,0.0,0.0,0.0,0.0,0.0,0.0,19.69,19.12,17.96,-119,-13.8
2026-07-31 02:25:04,Laboratorios Civil Central,49.35,Group 1 (Common),75.26,51.87,Group 1 (Common),49.81,0.0,0.0,0.0,0.0,75.26,0.61,0.91,0.0,23.18,52.24,48.79,46.52,-107,11.0
2026-07-31 02:25:09,Laboratorios Eléctrica Inferior,17.87,Silence,0.0,20.94,Silence,0.0,0.0,0.0,0.0,0.0,0.0,0.0,0.0,0.0,0.0,21.36,15.81,14.68,-113,7.2
2026-07-31 02:25:18,Lobby Eléctrica,25.15,Silence,0.0,25.95,Silence,0.0,0.0,0.0,0.0,0.0,0.0,0.0,0.0,0.0,0.0,25.85,25.03,24.83,-115,2.0
2026-07-31 02:25:21,Laboratorios Civil Inferior,39.37,Silence,0.0,40.05,Silence,0.0,0.0,0.0,0.0,0.0,0.0,0.0,0.0,0.0,0.0,39.74,39.39,39.04,-119,-1.8
2026-07-31 02:25:27,Pasillo Salones Eléctrica,32.07,Silence,0.0,35.47,Silence,0.0,0.0,0.0,0.0,0.0,0.0,0.0,0.0,0.0,0.0,34.69,31.73,29.75,-115,3.8
2026-07-31 02:25:36,Salón - Uma Eléctrica,43.67,Silence,0.0,44.36,Silence,0.0,0.0,0.0,0.0,0.0,0.0,0.0,0.0,0.0,0.0,44.44,43.52,43.26,-110,4.8
2026-07-31 02:26:04,Salón - Extremo Civil,14.58,Silence,0.0,15.49,Silence,0.0,0.0,0.0,0.0,0.0,0.0,0.0,0.0,0.0,0.0,15.43,14.75,12.94,-118,-9.0
2026-07-31 02:26:08,Pasillo Salones Civil,14.28,Silence,0.0,15.12,Silence,0.0,0.0,0.0,0.0,0.0,0.0,0.0,0.0,0.0,0.0,14.87,14.32,13.6,-111,5.2
2026-07-31 02:26:20,Laboratorios Civil Superior,31.66,Silence,0.0,33.0,Silence,0.0,0.0,0.0,0.0,0.0,0.0,0.0,0.0,0.0,0.0,33.86,31.69,29.91,-107,9.5
2026-07-31 02:26:29,Laboratorios Eléctrica Centro,14.14,Silence,0.0,15.34,Silence,0.0,0.0,0.0,0.0,0.0,0.0,0.0,0.0,0.0,0.0,14.9,14.67,11.79,-119,-10.2
2026-07-31 02:27:49,Lobby Civil,57.78,Group 4 (Person),70.79,63.47,Group 4 (Person),0.0,47.81,0.0,59.7,0.0,6.86,22.05,0.17,70.79,0.0,63.15,53.4,36.3,-88,12.2
2026-07-31 02:27:57,Pasillo Decanato Civil,27.9,Silence,0.0,40.13,Silence,0.0,0.0,0.0,0.0,0.0,0.0,0.0,0.0,0.0,0.0,32.64,27.09,22.47,-105,8.5
2026-07-31 02:29:10,Salón - Extremo Eléctrica,21.82,Silence,0.0,26.43,Silence,0.0,0.0,0.0,0.0,0.0,0.0,0.0,0.0,0.0,0.0,24.84,21.75,19.47,-90,9.5
2026-07-31 02:29:18,Laboratorios Eléctrica Superior,11.02,Silence,0.0,11.58,Silence,0.0,0.0,0.0,0.0,0.0,0.0,0.0,0.0,0.0,0.0,11.56,11.0,10.62,-99,11.5
2026-07-31 02:29:35,Salón - Uma Civil,10.14,Silence,0.0,11.41,Silence,0.0,0.0,0.0,0.0,0.0,0.0,0.0,0.0,0.0,0.0,11.31,10.3,9.07,-107,7.8
2026-07-31 02:29:37,Pasillo Decanato Eléctrica,19.76,Silence,0.0,20.8,Silence,0.0,0.0,0.0,0.0,0.0,0.0,0.0,0.0,0.0,0.0,20.88,19.87,18.2,-113,-2.2
2026-07-31 02:30:04,Laboratorios Civil Central,50.97,Mixed,64.5,52.06,Group 1 (Common),50.92,0.0,51.41,0.0,0.0,64.5,2.05,8.74,0.05,24.46,51.84,51.07,49.94,-114,-4.8
2026-07-31 02:30:18,Lobby Eléctrica,31.18,Silence,0.0,32.69,Silence,0.0,0.0,0.0,0.0,0.0,0.0,0.0,0.0,0.0,0.0,33.19,31.14,29.86,-103,11.5
2026-07-31 02:30:21,Laboratorios Civil Inferior,40.34,Silence,0.0,40.77,Silence,0.0,0.0,0.0,0.0,0.0,0.0,0.0,0.0,0.0,0.0,40.94,40.15,39.76,-117,-6.0
2026-07-31 02:30:27,Pasillo Salones Eléctrica,54.44,Group 2 (Impact),89.93,57.51,Group 2 (Impact),0.0,54.71,0.0,0.0,0.0,3.69,89.93,0.48,2.65,3.39,58.92,53.48,48.08,-114,3.0
2026-07-31 02:30:36,Salón - Uma Eléctrica,46.62,Group 2 (Impact),95.05,47.61,Group 2 (Impact),0.0,46.72,0.0,0.0,0.0,0.69,95.05,0.56,0.04,3.65,47.77,46.65,45.04,-104,10.0
2026-07-31 02:31:04,Salón - Extremo Civil,12.96,Silence,0.0,13.28,Silence,0.0,0.0,0.0,0.0,0.0,0.0,0.0,0.0,0.0,0.0,13.11,13.01,12.64,-87,13.0
2026-07-31 02:31:08,Pasillo Salones Civil,16.15,Silence,0.0,17.2,Silence,0.0,0.0,0.0,0.0,0.0,0.0,0.0,0.0,0.0,0.0,16.98,16.32,14.97,-111,5.8
2026-07-31 02:31:20,Laboratorios Civil Superior,32.46,Silence,0.0,33.99,Silence,0.0,0.0,0.0,0.0,0.0,0.0,0.0,0.0,0.0,0.0,34.51,32.55,30.3,-111,5.2
2026-07-31 02:31:29,Laboratorios Eléctrica Centro,11.56,Silence,0.0,12.2,Silence,0.0,0.0,0.0,0.0,0.0,0.0,0.0,0.0,0.0,0.0,12.31,11.61,10.5,-101,11.2
2026-07-31 02:32:49,Lobby Civil,49.34,Mixed,43.49,54.12,Group 4 (Person),48.55,46.28,0.0,51.64,0.0,35.59,19.66,0.61,43.49,0.43,55.21,46.99,39.6,-93,13.8
2026-07-31 02:32:57,Pasillo Decanato Civil,20.55,Silence,0.0,21.65,Silence,0.0,0.0,0.0,0.0,0.0,0.0,0.0,0.0,0.0,0.0,21.35,20.43,19.73,-107,11.2
2026-07-31 02:34:10,Salón - Extremo Eléctrica,15.0,Silence,0.0,15.77,Silence,0.0,0.0,0.0,0.0,0.0,0.0,0.0,0.0,0.0,0.0,15.48,15.13,14.36,-89,10.2
2026-07-31 02:34:18,Laboratorios Eléctrica Superior,11.59,Silence,0.0,12.2,Silence,0.0,0.0,0.0,0.0,0.0,0.0,0.0,0.0,0.0,0.0,12.11,11.57,11.07,-103,11.8
2026-07-31 02:34:35,Salón - Uma Civil,10.75,Silence,0.0,12.31,Silence,0.0,0.0,0.0,0.0,0.0,0.0,0.0,0.0,0.0,0.0,11.65,10.78,9.84,-105,12.2
2026-07-31 02:34:37,Pasillo Decanato Eléctrica,19.39,Silence,0.0,20.32,Silence,0.0,0.0,0.0,0.0,0.0,0.0,0.0,0.0,0.0,0.0,20.41,19.45,18.7,-114,0.5
2026-07-31 02:35:04,Laboratorios Civil Central,49.2,Group 1 (Common),87.5,51.64,Group 1 (Common),49.52,0.0,0.0,0.0,0.0,87.5,0.87,1.17,0.09,10.2,50.81,49.31,47.29,-119,-8.2
2026-07-31 02:35:09,Laboratorios Eléctrica Inferior,13.92,Silence,0.0,14.45,Silence,0.0,0.0,0.0,0.0,0.0,0.0,0.0,0.0,0.0,0.0,14.35,13.88,13.48,-118,-13.0
2026-07-31 02:35:18,Lobby Eléctrica,40.67,Silence,0.0,42.46,Silence,0.0,0.0,0.0,0.0,0.0,0.0,0.0,0.0,0.0,0.0,42.34,40.2,38.9,-101,12.5
2026-07-31 02:35:21,Laboratorios Civil Inferior,39.32,Silence,0.0,40.03,Silence,0.0,0.0,0.0,0.0,0.0,0.0,0.0,0.0,0.0,0.0,40.54,39.2,38.1,-120,-12.8
2026-07-31 02:35:27,Pasillo Salones Eléctrica,29.36,Silence,0.0,30.46,Silence,0.0,0.0,0.0,0.0,0.0,0.0,0.0,0.0,0.0,0.0,30.37,29.22,28.61,-97,12.5
2026-07-31 02:35:36,Salón - Uma Eléctrica,43.53,Silence,0.0,44.25,Silence,0.0,0.0,0.0,0.0,0.0,0.0,0.0,0.0,0.0,0.0,44.28,43.61,42.78,-108,6.0
2026-07-31 02:36:04,Salón - Extremo Civil,13.41,Silence,0.0,14.65,Silence,0.0,0.0,0.0,0.0,0.0,0.0,0.0,0.0,0.0,0.0,14.3,13.32,12.59,-102,11.2
2026-07-31 02:36:08,Pasillo Salones Civil,16.05,Silence,0.0,17.35,Silence,0.0,0.0,0.0,0.0,0.0,0.0,0.0,0.0,0.0,0.0,17.34,15.9,14.39,-103,8.2
2026-07-31 02:36:20,Laboratorios Civil Superior,32.12,Silence,0.0,33.17,Silence,0.0,0.0,0.0,0.0,0.0,0.0,0.0,0.0,0.0,0.0,33.11,31.95,31.06,-109,6.0
2026-07-31 02:36:29,Laboratorios Eléctrica Centro,11.48,Silence,0.0,12.24,Silence,0.0,0.0,0.0,0.0,0.0,0.0,0.0,0.0,0.0,0.0,12.43,11.42,9.99,-105,10.0
2026-07-31 02:37:49,Lobby Civil,43.9,Silence,0.0,45.91,Silence,0.0,0.0,0.0,0.0,0.0,0.0,0.0,0.0,0.0,0.0,46.3,44.53,38.02,-109,7.0
2026-07-31 02:37:57,Pasillo Decanato Civil,22.36,Silence,0.0,24.41,Silence,0.0,0.0,0.0,0.0,0.0,0.0,0.0,0.0,0.0,0.0,24.38,21.91,20.27,-107,9.8
2026-07-31 02:39:10,Salón - Extremo Eléctrica,14.72,Silence,0.0,15.41,Silence,0.0,0.0,0.0,0.0,0.0,0.0,0.0,0.0,0.0,0.0,15.42,14.87,14.14,-90,10.5
2026-07-31 02:39:18,Laboratorios Eléctrica Superior,11.58,Silence,0.0,12.2,Silence,0.0,0.0,0.0,0.0,0.0,0.0,0.0,0.0,0.0,0.0,12.04,11.66,10.38,-119,-5.5
2026-07-31 02:39:35,Salón - Uma Civil,9.39,Silence,0.0,9.88,Silence,0.0,0.0,0.0,0.0,0.0,0.0,0.0,0.0,0.0,0.0,10.05,9.34,9.0,-105,9.8
2026-07-31 02:39:37,Pasillo Decanato Eléctrica,20.06,Silence,0.0,20.72,Silence,0.0,0.0,0.0,0.0,0.0,0.0,0.0,0.0,0.0,0.0,20.71,20.07,19.31,-106,8.2
2026-07-31 02:40:04,Laboratorios Civil Central,49.44,Mixed,68.06,51.19,Group 1 (Common),49.32,0.0,0.0,0.0,0.0,68.06,1.26,7.47,0.0,22.92,51.48,49.41,47.32,-117,-7.2
2026-07-31 02:40:09,Laboratorios Eléctrica Inferior,15.97,Silence,0.0,16.96,Silence,0.0,0.0,0.0,0.0,0.0,0.0,0.0,0.0,0.0,0.0,17.1,15.84,15.05,-108,2.2
2026-07-31 02:40:18,Lobby Eléctrica,39.11,Silence,0.0,41.34,Silence,0.0,0.0,0.0,0.0,0.0,0.0,0.0,0.0,0.0,0.0,41.45,38.49,36.58,-115,2.8
2026-07-31 02:40:21,Laboratorios Civil Inferior,39.59,Silence,0.0,40.41,Silence,0.0,0.0,0.0,0.0,0.0,0.0,0.0,0.0,0.0,0.0,40.77,39.62,38.4,-120,-9.2
2026-07-31 02:40:27,Pasillo Salones Eléctrica,29.54,Silence,0.0,30.53,Silence,0.0,0.0,0.0,0.0,0.0,0.0,0.0,0.0,0.0,0.0,30.57,29.51,28.58,-113,3.2
2026-07-31 02:40:36,Salón - Uma Eléctrica,44.6,Silence,0.0,45.12,Silence,0.0,0.0,0.0,0.0,0.0,0.0,0.0,0.0,0.0,0.0,45.29,44.69,43.86,-111,7.2
2026-07-31 02:41:04,Salón - Extremo Civil,13.44,Silence,0.0,14.04,Silence,0.0,0.0,0.0,0.0,0.0,0.0,0.0,0.0,0.0,0.0,14.15,13.42,13.03,-101,11.0
2026-07-31 02:41:08,Pasillo Salones Civil,14.45,Silence,0.0,14.92,Silence,0.0,0.0,0.0,0.0,0.0,0.0,0.0,0.0,0.0,0.0,14.89,14.37,13.92,-106,9.5
2026-07-31 02:41:20,Laboratorios Civil Superior,31.51,Silence,0.0,32.89,Silence,0.0,0.0,0.0,0.0,0.0,0.0,0.0,0.0,0.0,0.0,32.61,31.66,29.96,-101,12.2
2026-07-31 02:41:29,Laboratorios Eléctrica Centro,11.5,Silence,0.0,12.66,Silence,0.0,0.0,0.0,0.0,0.0,0.0,0.0,0.0,0.0,0.0,12.95,11.46,10.66,-119,-4.0
2026-07-31 02:42:49,Lobby Civil,34.04,Silence,0.0,35.42,Silence,0.0,0.0,0.0,0.0,0.0,0.0,0.0,0.0,0.0,0.0,34.55,34.07,33.22,-89,12.8
2026-07-31 02:42:57,Pasillo Decanato Civil,20.15,Silence,0.0,21.13,Silence,0.0,0.0,0.0,0.0,0.0,0.0,0.0,0.0,0.0,0.0,21.04,19.95,19.26,-91,9.5
2026-07-31 02:44:10,Salón - Extremo Eléctrica,15.69,Silence,0.0,16.71,Silence,0.0,0.0,0.0,0.0,0.0,0.0,0.0,0.0,0.0,0.0,17.03,15.7,14.52,-89,9.8
2026-07-31 02:44:18,Laboratorios Eléctrica Superior,11.66,Silence,0.0,12.32,Silence,0.0,0.0,0.0,0.0,0.0,0.0,0.0,0.0,0.0,0.0,12.43,11.41,10.82,-119,-5.8
2026-07-31 02:44:35,Salón - Uma Civil,9.55,Silence,0.0,10.07,Silence,0.0,0.0,0.0,0.0,0.0,0.0,0.0,0.0,0.0,0.0,10.05,9.57,9.08,-108,8.5
2026-07-31 02:44:37,Pasillo Decanato Eléctrica,19.95,Silence,0.0,21.04,Silence,0.0,0.0,0.0,0.0,0.0,0.0,0.0,0.0,0.0,0.0,20.99,19.93,18.92,-111,5.5
2026-07-31 02:45:04,Laboratorios Civil Central,49.58,Mixed,56.68,51.21,Group 1 (Common),49.52,0.0,49.3,0.0,0.0,56.68,1.0,8.72,0.09,33.55,51.01,49.9,47.11,-107,11.2
2026-07-31 02:45:09,Laboratorios Eléctrica Inferior,16.68,Silence,0.0,17.95,Silence,0.0,0.0,0.0,0.0,0.0,0.0,0.0,0.0,0.0,0.0,17.33,16.55,16.05,-120,-7.8
2026-07-31 02:45:18,Lobby Eléctrica,40.46,Silence,0.0,42.21,Silence,0.0,0.0,0.0,0.0,0.0,0.0,0.0,0.0,0.0,0.0,42.19,40.46,35.83,-95,13.5
2026-07-31 02:45:21,Laboratorios Civil Inferior,39.53,Silence,0.0,40.06,Silence,0.0,0.0,0.0,0.0,0.0,0.0,0.0,0.0,0.0,0.0,39.97,39.54,38.94,-117,-10.5
2026-07-31 02:45:27,Pasillo Salones Eléctrica,28.95,Silence,0.0,29.95,Silence,0.0,0.0,0.0,0.0,0.0,0.0,0.0,0.0,0.0,0.0,29.95,28.9,28.05,-97,9.8
2026-07-31 02:45:36,Salón - Uma Eléctrica,44.07,Silence,0.0,44.54,Silence,0.0,0.0,0.0,0.0,0.0,0.0,0.0,0.0,0.0,0.0,44.57,43.95,43.48,-115,4.5
2026-07-31 02:46:04,Salón - Extremo Civil,17.26,Silence,0.0,19.63,Silence,0.0,0.0,0.0,0.0,0.0,0.0,0.0,0.0,0.0,0.0,19.79,15.96,14.96,-105,11.8
2026-07-31 02:46:08,Pasillo Salones Civil,30.92,Silence,0.0,36.7,Silence,0.0,0.0,0.0,0.0,0.0,0.0,0.0,0.0,0.0,0.0,36.98,29.14,23.19,-99,11.5
2026-07-31 02:46:20,Laboratorios Civil Superior,32.99,Silence,0.0,34.17,Silence,0.0,0.0,0.0,0.0,0.0,0.0,0.0,0.0,0.0,0.0,34.05,33.46,31.31,-112,7.0
2026-07-31 02:46:29,Laboratorios Eléctrica Centro,11.12,Silence,0.0,11.86,Silence,0.0,0.0,0.0,0.0,0.0,0.0,0.0,0.0,0.0,0.0,11.77,11.24,10.06,-107,10.0
2026-07-31 02:47:49,Lobby Civil,35.2,Silence,0.0,37.22,Silence,0.0,0.0,0.0,0.0,0.0,0.0,0.0,0.0,0.0,0.0,36.41,35.27,34.1,-85,12.8
2026-07-31 02:47:57,Pasillo Decanato Civil,20.44,Silence,0.0,21.08,Silence,0.0,0.0,0.0,0.0,0.0,0.0,0.0,0.0,0.0,0.0,21.52,20.4,19.39,-113,4.0
2026-07-31 02:49:10,Salón - Extremo Eléctrica,15.31,Silence,0.0,16.04,Silence,0.0,0.0,0.0,0.0,0.0,0.0,0.0,0.0,0.0,0.0,15.97,15.43,14.4,-91,9.8
2026-07-31 02:49:18,Laboratorios Eléctrica Superior,11.64,Silence,0.0,12.31,Silence,0.0,0.0,0.0,0.0,0.0,0.0,0.0,0.0,0.0,0.0,12.61,11.53,10.61,-95,10.8
2026-07-31 02:49:35,Salón - Uma Civil,14.91,Silence,0.0,17.96,Silence,0.0,0.0,0.0,0.0,0.0,0.0,0.0,0.0,0.0,0.0,18.21,13.75,12.43,-109,9.0
2026-07-31 02:49:37,Pasillo Decanato Eléctrica,20.62,Silence,0.0,21.79,Silence,0.0,0.0,0.0,0.0,0.0,0.0,0.0,0.0,0.0,0.0,21.66,20.5,19.38,-114,3.0
2026-07-31 02:50:04,Laboratorios Civil Central,49.73,Group 1 (Common),73.91,51.65,Group 1 (Common),49.94,0.0,0.0,0.0,48.2,73.91,0.56,0.3,0.0,24.91,51.4,49.36,48.03,-103,6.2
2026-07-31 02:50:09,Laboratorios Eléctrica Inferior,18.53,Silence,0.0,19.65,Silence,0.0,0.0,0.0,0.0,0.0,0.0,0.0,0.0,0.0,0.0,19.96,18.53,17.59,-120,-11.2
2026-07-31 02:50:18,Lobby Eléctrica,47.62,Group 2 (Impact),84.55,48.83,Group 2 (Impact),0.0,47.66,0.0,0.0,0.0,3.43,84.55,1.78,1.82,8.42,49.11,47.85,45.96,-113,1.8
2026-07-31 02:50:21,Laboratorios Civil Inferior,39.55,Silence,0.0,40.33,Silence,0.0,0.0,0.0,0.0,0.0,0.0,0.0,0.0,0.0,0.0,40.1,39.57,38.64,-121,-8.0
2026-07-31 02:50:27,Pasillo Salones Eléctrica,28.9,Silence,0.0,29.59,Silence,0.0,0.0,0.0,0.0,0.0,0.0,0.0,0.0,0.0,0.0,29.53,28.88,28.07,-113,1.5
2026-07-31 02:50:36,Salón - Uma Eléctrica,44.6,Silence,0.0,45.19,Silence,0.0,0.0,0.0,0.0,0.0,0.0,0.0,0.0,0.0,0.0,45.38,44.57,43.48,-106,7.8
2026-07-31 02:51:04,Salón - Extremo Civil,13.58,Silence,0.0,15.01,Silence,0.0,0.0,0.0,0.0,0.0,0.0,0.0,0.0,0.0,0.0,14.99,13.53,12.37,-99,11.5
2026-07-31 02:51:08,Pasillo Salones Civil,16.31,Silence,0.0,22.06,Silence,0.0,0.0,0.0,0.0,0.0,0.0,0.0,0.0,0.0,0.0,23.96,14.83,14.04,-114,6.0
2026-07-31 02:51:20,Laboratorios Civil Superior,32.35,Silence,0.0,33.42,Silence,0.0,0.0,0.0,0.0,0.0,0.0,0.0,0.0,0.0,0.0,33.32,32.3,30.93,-109,6.5
2026-07-31 02:52:49,Lobby Civil,34.37,Silence,0.0,35.68,Silence,0.0,0.0,0.0,0.0,0.0,0.0,0.0,0.0,0.0,0.0,35.76,34.04,33.12,-93,9.2
2026-07-31 02:52:57,Pasillo Decanato Civil,20.23,Silence,0.0,20.96,Silence,0.0,0.0,0.0,0.0,0.0,0.0,0.0,0.0,0.0,0.0,21.13,20.13,19.87,-107,10.8
2026-07-31 02:54:10,Salón - Extremo Eléctrica,15.21,Silence,0.0,15.79,Silence,0.0,0.0,0.0,0.0,0.0,0.0,0.0,0.0,0.0,0.0,15.95,15.07,14.79,-87,10.2
2026-07-31 02:54:18,Laboratorios Eléctrica Superior,12.91,Silence,0.0,13.5,Silence,0.0,0.0,0.0,0.0,0.0,0.0,0.0,0.0,0.0,0.0,13.49,12.87,12.29,-119,-2.0
2026-07-31 02:54:35,Salón - Uma Civil,10.53,Silence,0.0,11.02,Silence,0.0,0.0,0.0,0.0,0.0,0.0,0.0,0.0,0.0,0.0,11.08,10.51,9.98,-111,8.8
2026-07-31 02:54:42,Pasillo Decanato Eléctrica,19.29,Silence,0.0,20.17,Silence,0.0,0.0,0.0,0.0,0.0,0.0,0.0,0.0,0.0,0.0,19.88,19.0,18.77,-108,9.8
2026-07-31 02:55:04,Laboratorios Civil Central,48.23,Group 1 (Common),82.12,49.73,Group 1 (Common),48.18,0.0,0.0,0.0,0.0,82.12,0.13,0.0,0.04,17.53,50.24,48.64,45.05,-119,-13.2
2026-07-31 02:55:09,Laboratorios Eléctrica Inferior,15.2,Silence,0.0,16.14,Silence,0.0,0.0,0.0,0.0,0.0,0.0,0.0,0.0,0.0,0.0,15.84,15.19,14.65,-120,-12.0
2026-07-31 02:55:18,Lobby Eléctrica,26.32,Silence,0.0,27.27,Silence,0.0,0.0,0.0,0.0,0.0,0.0,0.0,0.0,0.0,0.0,27.33,26.11,24.89,-119,2.2
2026-07-31 02:55:21,Laboratorios Civil Inferior,39.79,Silence,0.0,40.36,Silence,0.0,0.0,0.0,0.0,0.0,0.0,0.0,0.0,0.0,0.0,40.3,39.84,38.92,-117,-3.5
2026-07-31 02:55:27,Pasillo Salones Eléctrica,28.23,Silence,0.0,29.15,Silence,0.0,0.0,0.0,0.0,0.0,0.0,0.0,0.0,0.0,0.0,29.45,28.02,27.43,-99,12.2
2026-07-31 02:55:36,Salón - Uma Eléctrica,44.4,Silence,0.0,44.97,Silence,0.0,0.0,0.0,0.0,0.0,0.0,0.0,0.0,0.0,0.0,45.11,44.48,43.73,-112,4.2
2026-07-31 02:56:04,Salón - Extremo Civil,13.31,Silence,0.0,13.93,Silence,0.0,0.0,0.0,0.0,0.0,0.0,0.0,0.0,0.0,0.0,14.03,13.39,12.58,-83,12.8
2026-07-31 02:56:08,Pasillo Salones Civil,14.46,Silence,0.0,15.6,Silence,0.0,0.0,0.0,0.0,0.0,0.0,0.0,0.0,0.0,0.0,14.89,14.43,14.09,-109,7.0
2026-07-31 02:56:20,Laboratorios Civil Superior,32.46,Silence,0.0,33.57,Silence,0.0,0.0,0.0,0.0,0.0,0.0,0.0,0.0,0.0,0.0,33.39,32.47,31.48,-109,9.5
2026-07-31 02:56:29,Laboratorios Eléctrica Centro,15.87,Silence,0.0,17.03,Silence,0.0,0.0,0.0,0.0,0.0,0.0,0.0,0.0,0.0,0.0,16.87,15.85,15.01,-111,9.5
2026-07-31 02:57:49,Lobby Civil,32.51,Silence,0.0,33.11,Silence,0.0,0.0,0.0,0.0,0.0,0.0,0.0,0.0,0.0,0.0,33.01,32.42,31.94,-112,5.2
2026-07-31 02:57:57,Pasillo Decanato Civil,20.38,Silence,0.0,21.27,Silence,0.0,0.0,0.0,0.0,0.0,0.0,0.0,0.0,0.0,0.0,21.13,20.25,19.59,-89,12.0
2026-07-31 02:59:10,Salón - Extremo Eléctrica,14.35,Silence,0.0,15.32,Silence,0.0,0.0,0.0,0.0,0.0,0.0,0.0,0.0,0.0,0.0,15.24,14.01,13.8,-87,9.5
2026-07-31 02:59:18,Laboratorios Eléctrica Superior,13.06,Silence,0.0,13.8,Silence,0.0,0.0,0.0,0.0,0.0,0.0,0.0,0.0,0.0,0.0,13.68,13.03,12.25,-95,11.5
2026-07-31 02:59:35,Salón - Uma Civil,26.28,Silence,0.0,28.72,Silence,0.0,0.0,0.0,0.0,0.0,0.0,0.0,0.0,0.0,0.0,28.57,26.13,23.09,-109,9.5
2026-07-31 02:59:37,Pasillo Decanato Eléctrica,19.57,Silence,0.0,20.57,Silence,0.0,0.0,0.0,0.0,0.0,0.0,0.0,0.0,0.0,0.0,20.68,19.39,18.43,-113,-2.0
2026-07-31 03:00:04,Laboratorios Civil Central,49.3,Group 1 (Common),72.74,51.05,Group 1 (Common),49.05,0.0,0.0,0.0,0.0,72.74,0.0,0.0,0.0,27.21,51.1,48.85,47.59,-117,-6.8
2026-07-31 03:00:12,Laboratorios Eléctrica Inferior,15.95,Silence,0.0,16.62,Silence,0.0,0.0,0.0,0.0,0.0,0.0,0.0,0.0,0.0,0.0,16.39,15.91,15.33,-120,-9.2
2026-07-31 03:00:18,Lobby Eléctrica,25.32,Silence,0.0,25.9,Silence,0.0,0.0,0.0,0.0,0.0,0.0,0.0,0.0,0.0,0.0,25.77,25.25,24.77,-95,10.2
2026-07-31 03:00:21,Laboratorios Civil Inferior,39.66,Silence,0.0,40.11,Silence,0.0,0.0,0.0,0.0,0.0,0.0,0.0,0.0,0.0,0.0,40.02,39.67,39.09,-116,-7.2
2026-07-31 03:00:27,Pasillo Salones Eléctrica,29.19,Silence,0.0,29.91,Silence,0.0,0.0,0.0,0.0,0.0,0.0,0.0,0.0,0.0,0.0,29.78,29.28,28.4,-102,11.0
2026-07-31 03:00:36,Salón - Uma Eléctrica,44.22,Silence,0.0,44.85,Silence,0.0,0.0,0.0,0.0,0.0,0.0,0.0,0.0,0.0,0.0,45.09,44.09,43.37,-113,5.5
2026-07-31 03:01:04,Salón - Extremo Civil,18.84,Silence,0.0,20.6,Silence,0.0,0.0,0.0,0.0,0.0,0.0,0.0,0.0,0.0,0.0,20.83,18.24,17.34,-100,11.2
2026-07-31 03:01:08,Pasillo Salones Civil,30.29,Silence,0.0,34.66,Silence,0.0,0.0,0.0,0.0,0.0,0.0,0.0,0.0,0.0,0.0,34.09,28.77,26.9,-102,8.2
2026-07-31 03:01:20,Laboratorios Civil Superior,32.88,Silence,0.0,34.63,Silence,0.0,0.0,0.0,0.0,0.0,0.0,0.0,0.0,0.0,0.0,34.71,32.75,30.96,-113,4.5
2026-07-31 03:01:29,Laboratorios Eléctrica Centro,14.61,Silence,0.0,15.3,Silence,0.0,0.0,0.0,0.0,0.0,0.0,0.0,0.0,0.0,0.0,15.11,14.5,13.71,-108,7.2
2026-07-31 03:02:49,Lobby Civil,31.64,Silence,0.0,33.02,Silence,0.0,0.0,0.0,0.0,0.0,0.0,0.0,0.0,0.0,0.0,33.32,31.61,29.97,-114,5.5
2026-07-31 03:02:57,Pasillo Decanato Civil,20.23,Silence,0.0,20.87,Silence,0.0,0.0,0.0,0.0,0.0,0.0,0.0,0.0,0.0,0.0,21.03,20.29,19.75,-102,11.5
2026-07-31 03:04:10,Salón - Extremo Eléctrica,14.61,Silence,0.0,15.4,Silence,0.0,0.0,0.0,0.0,0.0,0.0,0.0,0.0,0.0,0.0,15.56,14.46,14.18,-114,4.0
2026-07-31 03:04:18,Laboratorios Eléctrica Superior,13.56,Silence,0.0,14.42,Silence,0.0,0.0,0.0,0.0,0.0,0.0,0.0,0.0,0.0,0.0,14.56,13.42,13.0,-99,11.2
2026-07-31 03:04:35,Salón - Uma Civil,11.84,Silence,0.0,12.48,Silence,0.0,0.0,0.0,0.0,0.0,0.0,0.0,0.0,0.0,0.0,12.4,11.75,10.88,-107,8.2
2026-07-31 03:04:37,Pasillo Decanato Eléctrica,19.26,Silence,0.0,19.86,Silence,0.0,0.0,0.0,0.0,0.0,0.0,0.0,0.0,0.0,0.0,20.19,19.23,18.77,-113,4.5
2026-07-31 03:05:04,Laboratorios Civil Central,49.83,Group 1 (Common),82.55,51.16,Group 1 (Common),49.99,0.0,0.0,0.0,0.0,82.55,0.04,0.0,0.0,17.32,51.14,49.77,48.98,-105,11.5
2026-07-31 03:05:09,Laboratorios Eléctrica Inferior,18.58,Silence,0.0,19.21,Silence,0.0,0.0,0.0,0.0,0.0,0.0,0.0,0.0,0.0,0.0,19.08,18.67,17.86,-120,-5.0
2026-07-31 03:05:18,Lobby Eléctrica,37.27,Silence,0.0,41.78,Silence,0.0,0.0,0.0,0.0,0.0,0.0,0.0,0.0,0.0,0.0,42.71,35.93,32.6,-117,2.5
2026-07-31 03:05:26,Laboratorios Civil Inferior,40.18,Silence,0.0,40.79,Silence,0.0,0.0,0.0,0.0,0.0,0.0,0.0,0.0,0.0,0.0,40.59,40.3,39.54,-119,-8.8
2026-07-31 03:05:27,Pasillo Salones Eléctrica,28.76,Silence,0.0,29.68,Silence,0.0,0.0,0.0,0.0,0.0,0.0,0.0,0.0,0.0,0.0,29.91,28.95,27.41,-97,12.5
2026-07-31 03:05:36,Salón - Uma Eléctrica,43.65,Silence,0.0,44.79,Silence,0.0,0.0,0.0,0.0,0.0,0.0,0.0,0.0,0.0,0.0,44.55,43.5,42.6,-111,6.2
2026-07-31 03:06:04,Salón - Extremo Civil,28.87,Silence,0.0,33.12,Silence,0.0,0.0,0.0,0.0,0.0,0.0,0.0,0.0,0.0,0.0,33.88,26.86,21.06,-85,13.0
2026-07-31 03:06:08,Pasillo Salones Civil,41.73,Silence,0.0,44.05,Silence,0.0,0.0,0.0,0.0,0.0,0.0,0.0,0.0,0.0,0.0,44.85,41.32,38.51,-113,5.5
2026-07-31 03:06:20,Laboratorios Civil Superior,34.03,Silence,0.0,35.4,Silence,0.0,0.0,0.0,0.0,0.0,0.0,0.0,0.0,0.0,0.0,35.49,33.84,33.03,-105,9.2
2026-07-31 03:06:29,Laboratorios Eléctrica Centro,15.61,Silence,0.0,16.31,Silence,0.0,0.0,0.0,0.0,0.0,0.0,0.0,0.0,0.0,0.0,16.32,15.67,14.78,-117,-6.8
2026-07-31 03:07:49,Lobby Civil,30.97,Silence,0.0,32.37,Silence,0.0,0.0,0.0,0.0,0.0,0.0,0.0,0.0,0.0,0.0,32.36,30.91,29.57,-90,12.2
2026-07-31 03:07:57,Pasillo Decanato Civil,20.11,Silence,0.0,20.74,Silence,0.0,0.0,0.0,0.0,0.0,0.0,0.0,0.0,0.0,0.0,20.88,19.91,19.47,-93,12.8
2026-07-31 03:09:10,Salón - Extremo Eléctrica,14.81,Silence,0.0,15.77,Silence,0.0,0.0,0.0,0.0,0.0,0.0,0.0,0.0,0.0,0.0,15.63,14.71,14.19,-87,10.0
2026-07-31 03:09:18,Laboratorios Eléctrica Superior,13.18,Silence,0.0,13.71,Silence,0.0,0.0,0.0,0.0,0.0,0.0,0.0,0.0,0.0,0.0,13.69,13.06,12.7,-101,12.0
2026-07-31 03:09:35,Salón - Uma Civil,9.45,Silence,0.0,10.08,Silence,0.0,0.0,0.0,0.0,0.0,0.0,0.0,0.0,0.0,0.0,9.99,9.34,8.63,-102,11.5
2026-07-31 03:09:37,Pasillo Decanato Eléctrica,19.48,Silence,0.0,20.53,Silence,0.0,0.0,0.0,0.0,0.0,0.0,0.0,0.0,0.0,0.0,20.84,19.39,18.23,-107,10.8
2026-07-31 03:10:04,Laboratorios Civil Central,49.91,Group 1 (Common),87.11,52.07,Group 1 (Common),49.09,0.0,0.0,0.0,0.0,87.11,0.93,0.0,0.05,11.77,52.01,49.29,47.37,-119,-3.8
2026-07-31 03:10:09,Laboratorios Eléctrica Inferior,18.57,Silence,0.0,19.53,Silence,0.0,0.0,0.0,0.0,0.0,0.0,0.0,0.0,0.0,0.0,19.71,18.44,17.35,-117,-11.2
2026-07-31 03:10:19,Lobby Eléctrica,26.3,Silence,0.0,26.93,Silence,0.0,0.0,0.0,0.0,0.0,0.0,0.0,0.0,0.0,0.0,27.08,26.31,25.17,-114,3.0
2026-07-31 03:10:21,Laboratorios Civil Inferior,40.64,Silence,0.0,41.18,Silence,0.0,0.0,0.0,0.0,0.0,0.0,0.0,0.0,0.0,0.0,41.18,40.45,40.23,-111,
2026-07-31 03:10:27,Pasillo Salones Eléctrica,28.96,Silence,0.0,29.69,Silence,0.0,0.0,0.0,0.0,0.0,0.0,0.0,0.0,0.0,0.0,29.62,29.16,27.99,-94,8.2
2026-07-31 03:10:36,Salón - Uma Eléctrica,44.34,Silence,0.0,44.96,Silence,0.0,0.0,0.0,0.0,0.0,0.0,0.0,0.0,0.0,0.0,45.05,44.27,43.61,-106,2.5
2026-07-31 03:11:04,Salón - Extremo Civil,42.82,Silence,0.0,50.84,Silence,0.0,0.0,0.0,0.0,0.0,0.0,0.0,0.0,0.0,0.0,52.65,33.52,27.56,-90,9.2
2026-07-31 03:11:08,Pasillo Salones Civil,16.94,Silence,0.0,18.16,Silence,0.0,0.0,0.0,0.0,0.0,0.0,0.0,0.0,0.0,0.0,18.5,16.43,15.67,-107,12.0
2026-07-31 03:11:20,Laboratorios Civil Superior,33.45,Silence,0.0,35.61,Silence,0.0,0.0,0.0,0.0,0.0,0.0,0.0,0.0,0.0,0.0,35.18,33.74,30.7,-103,7.0
2026-07-31 03:11:29,Laboratorios Eléctrica Centro,15.35,Silence,0.0,16.11,Silence,0.0,0.0,0.0,0.0,0.0,0.0,0.0,0.0,0.0,0.0,15.94,15.43,14.5,-109,9.2
2026-07-31 03:12:49,Lobby Civil,35.17,Silence,0.0,36.19,Silence,0.0,0.0,0.0,0.0,0.0,0.0,0.0,0.0,0.0,0.0,36.59,35.28,34.14,-95,11.8
2026-07-31 03:12:57,Pasillo Decanato Civil,20.24,Silence,0.0,21.04,Silence,0.0,0.0,0.0,0.0,0.0,0.0,0.0,0.0,0.0,0.0,21.41,20.27,19.32,-95,12.5
2026-07-31 03:14:10,Salón - Extremo Eléctrica,15.36,Silence,0.0,16.14,Silence,0.0,0.0,0.0,0.0,0.0,0.0,0.0,0.0,0.0,0.0,15.97,15.61,14.63,-89,8.0
2026-07-31 03:14:18,Laboratorios Eléctrica Superior,14.27,Silence,0.0,15.42,Silence,0.0,0.0,0.0,0.0,0.0,0.0,0.0,0.0,0.0,0.0,15.47,14.1,13.53,-101,12.8
2026-07-31 03:14:35,Salón - Uma Civil,17.83,Silence,0.0,24.67,Silence,0.0,0.0,0.0,0.0,0.0,0.0,0.0,0.0,0.0,0.0,26.7,14.21,12.73,-109,9.8
2026-07-31 03:14:37,Pasillo Decanato Eléctrica,19.94,Silence,0.0,20.5,Silence,0.0,0.0,0.0,0.0,0.0,0.0,0.0,0.0,0.0,0.0,20.68,19.98,19.21,-107,9.8
2026-07-31 03:15:04,Laboratorios Civil Central,48.82,Mixed,67.92,50.01,Group 1 (Common),48.87,0.0,0.0,0.0,0.0,67.92,1.03,2.54,0.05,28.27,49.68,48.55,47.29,-119,-9.2
2026-07-31 03:15:09,Laboratorios Eléctrica Inferior,16.06,Silence,0.0,16.76,Silence,0.0,0.0,0.0,0.0,0.0,0.0,0.0,0.0,0.0,0.0,16.68,16.04,15.25,-109,9.8
2026-07-31 03:15:19,Lobby Eléctrica,24.34,Silence,0.0,25.22,Silence,0.0,0.0,0.0,0.0,0.0,0.0,0.0,0.0,0.0,0.0,25.06,24.09,23.63,-101,9.0
2026-07-31 03:15:21,Laboratorios Civil Inferior,39.21,Silence,0.0,39.87,Silence,0.0,0.0,0.0,0.0,0.0,0.0,0.0,0.0,0.0,0.0,39.77,39.14,38.9,-119,-4.5
2026-07-31 03:15:27,Pasillo Salones Eléctrica,28.5,Silence,0.0,29.47,Silence,0.0,0.0,0.0,0.0,0.0,0.0,0.0,0.0,0.0,0.0,29.64,28.35,27.5,-114,3.5
2026-07-31 03:15:36,Salón - Uma Eléctrica,44.45,Silence,0.0,45.31,Silence,0.0,0.0,0.0,0.0,0.0,0.0,0.0,0.0,0.0,0.0,45.41,44.35,43.56,-111,7.8
2026-07-31 03:16:04,Salón - Extremo Civil,13.62,Silence,0.0,14.26,Silence,0.0,0.0,0.0,0.0,0.0,0.0,0.0,0.0,0.0,0.0,14.31,13.77,12.87,-91,13.0
2026-07-31 03:16:08,Pasillo Salones Civil,14.14,Silence,0.0,14.9,Silence,0.0,0.0,0.0,0.0,0.0,0.0,0.0,0.0,0.0,0.0,14.72,14.04,13.7,-99,11.2
2026-07-31 03:16:20,Laboratorios Civil Superior,32.33,Silence,0.0,34.31,Silence,0.0,0.0,0.0,0.0,0.0,0.0,0.0,0.0,0.0,0.0,33.77,32.06,31.31,-113,4.5
2026-07-31 03:16:29,Laboratorios Eléctrica Centro,10.34,Silence,0.0,11.51,Silence,0.0,0.0,0.0,0.0,0.0,0.0,0.0,0.0,0.0,0.0,10.8,10.26,9.91,-105,10.5
2026-07-31 03:17:49,Lobby Civil,32.01,Silence,0.0,33.01,Silence,0.0,0.0,0.0,0.0,0.0,0.0,0.0,0.0,0.0,0.0,32.77,32.18,30.9,-90,12.5
2026-07-31 03:17:57,Pasillo Decanato Civil,20.26,Silence,0.0,20.98,Silence,0.0,0.0,0.0,0.0,0.0,0.0,0.0,0.0,0.0,0.0,20.8,20.45,19.05,-114,1.2
2026-07-31 03:19:10,Salón - Extremo Eléctrica,14.44,Silence,0.0,14.99,Silence,0.0,0.0,0.0,0.0,0.0,0.0,0.0,0.0,0.0,0.0,15.12,14.33,14.02,-110,4.0
2026-07-31 03:19:18,Laboratorios Eléctrica Superior,13.24,Silence,0.0,13.79,Silence,0.0,0.0,0.0,0.0,0.0,0.0,0.0,0.0,0.0,0.0,13.65,13.26,12.71,-99,9.2
2026-07-31 03:19:35,Salón - Uma Civil,9.53,Silence,0.0,10.29,Silence,0.0,0.0,0.0,0.0,0.0,0.0,0.0,0.0,0.0,0.0,10.42,9.44,8.35,-111,3.5
2026-07-31 03:19:37,Pasillo Decanato Eléctrica,19.41,Silence,0.0,20.29,Silence,0.0,0.0,0.0,0.0,0.0,0.0,0.0,0.0,0.0,0.0,20.24,19.52,18.23,-111,-1.0
2026-07-31 03:20:04,Laboratorios Civil Central,50.73,Group 1 (Common),79.17,52.18,Group 1 (Common),50.6,0.0,0.0,0.0,51.24,79.17,0.69,0.0,0.13,19.97,52.04,51.13,47.92,-103,12.2
2026-07-31 03:20:09,Laboratorios Eléctrica Inferior,17.28,Silence,0.0,17.77,Silence,0.0,0.0,0.0,0.0,0.0,0.0,0.0,0.0,0.0,0.0,17.62,17.32,16.65,-120,-10.8
2026-07-31 03:20:18,Lobby Eléctrica,25.25,Silence,0.0,26.49,Silence,0.0,0.0,0.0,0.0,0.0,0.0,0.0,0.0,0.0,0.0,26.59,24.69,24.31,-90,11.5
2026-07-31 03:20:22,Laboratorios Civil Inferior,40.03,Silence,0.0,40.66,Silence,0.0,0.0,0.0,0.0,0.0,0.0,0.0,0.0,0.0,0.0,40.6,40.22,39.24,-119,-12.2
2026-07-31 03:20:27,Pasillo Salones Eléctrica,28.65,Silence,0.0,29.62,Silence,0.0,0.0,0.0,0.0,0.0,0.0,0.0,0.0,0.0,0.0,29.47,28.48,28.05,-103,12.2
2026-07-31 03:20:36,Salón - Uma Eléctrica,44.34,Silence,0.0,45.01,Silence,0.0,0.0,0.0,0.0,0.0,0.0,0.0,0.0,0.0,0.0,44.89,44.25,43.73,-111,2.5
2026-07-31 03:21:04,Salón - Extremo Civil,13.75,Silence,0.0,14.53,Silence,0.0,0.0,0.0,0.0,0.0,0.0,0.0,0.0,0.0,0.0,14.43,13.59,13.13,-102,11.5
2026-07-31 03:21:11,Pasillo Salones Civil,37.64,Silence,0.0,41.93,Silence,0.0,0.0,0.0,0.0,0.0,0.0,0.0,0.0,0.0,0.0,43.27,36.19,30.48,-113,3.5
2026-07-31 03:21:20,Laboratorios Civil Superior,33.86,Silence,0.0,34.78,Silence,0.0,0.0,0.0,0.0,0.0,0.0,0.0,0.0,0.0,0.0,34.94,33.72,33.1,-112,4.8
2026-07-31 03:21:29,Laboratorios Eléctrica Centro,14.76,Silence,0.0,15.44,Silence,0.0,0.0,0.0,0.0,0.0,0.0,0.0,0.0,0.0,0.0,15.36,14.82,13.72,-117,-8.2
2026-07-31 03:22:49,Lobby Civil,28.37,Silence,0.0,29.62,Silence,0.0,0.0,0.0,0.0,0.0,0.0,0.0,0.0,0.0,0.0,29.47,28.15,26.91,-90,8.8
2026-07-31 03:22:57,Pasillo Decanato Civil,20.28,Silence,0.0,21.11,Silence,0.0,0.0,0.0,0.0,0.0,0.0,0.0,0.0,0.0,0.0,20.93,20.44,19.38,-107,10.8
2026-07-31 03:24:10,Salón - Extremo Eléctrica,14.61,Silence,0.0,15.3,Silence,0.0,0.0,0.0,0.0,0.0,0.0,0.0,0.0,0.0,0.0,15.43,14.75,13.76,-93,9.0
2026-07-31 03:24:18,Laboratorios Eléctrica Superior,11.18,Silence,0.0,11.79,Silence,0.0,0.0,0.0,0.0,0.0,0.0,0.0,0.0,0.0,0.0,11.67,11.23,10.6,-101,11.5
2026-07-31 03:24:35,Salón - Uma Civil,9.55,Silence,0.0,10.23,Silence,0.0,0.0,0.0,0.0,0.0,0.0,0.0,0.0,0.0,0.0,10.36,9.42,9.09,-108,6.5
2026-07-31 03:24:37,Pasillo Decanato Eléctrica,19.71,Silence,0.0,20.76,Silence,0.0,0.0,0.0,0.0,0.0,0.0,0.0,0.0,0.0,0.0,21.1,19.66,19.01,-109,-7.2
2026-07-31 03:25:04,Laboratorios Civil Central,50.0,Mixed,61.24,52.02,Group 1 (Common),49.9,0.0,0.0,0.0,0.0,61.24,2.91,6.64,0.22,28.82,52.2,49.73,48.44,-116,-7.0
2026-07-31 03:25:09,Laboratorios Eléctrica Inferior,18.8,Silence,0.0,20.3,Silence,0.0,0.0,0.0,0.0,0.0,0.0,0.0,0.0,0.0,0.0,20.33,19.06,17.12,-109,2.0
2026-07-31 03:25:19,Lobby Eléctrica,25.07,Silence,0.0,26.16,Silence,0.0,0.0,0.0,0.0,0.0,0.0,0.0,0.0,0.0,0.0,26.68,24.75,24.04,-103,11.2
2026-07-31 03:25:21,Laboratorios Civil Inferior,40.24,Silence,0.0,40.63,Silence,0.0,0.0,0.0,0.0,0.0,0.0,0.0,0.0,0.0,0.0,40.84,40.22,39.77,-118,-5.8
2026-07-31 03:25:27,Pasillo Salones Eléctrica,29.48,Silence,0.0,30.47,Silence,0.0,0.0,0.0,0.0,0.0,0.0,0.0,0.0,0.0,0.0,30.64,29.22,28.44,-112,2.2
2026-07-31 03:25:36,Salón - Uma Eléctrica,43.47,Silence,0.0,44.04,Silence,0.0,0.0,0.0,0.0,0.0,0.0,0.0,0.0,0.0,0.0,44.11,43.29,43.12,-107,8.2
2026-07-31 03:26:04,Salón - Extremo Civil,13.1,Silence,0.0,13.96,Silence,0.0,0.0,0.0,0.0,0.0,0.0,0.0,0.0,0.0,0.0,14.28,13.12,12.36,-103,11.5
2026-07-31 03:26:08,Pasillo Salones Civil,14.05,Silence,0.0,14.75,Silence,0.0,0.0,0.0,0.0,0.0,0.0,0.0,0.0,0.0,0.0,14.64,13.99,13.43,-113,6.0
2026-07-31 03:26:20,Laboratorios Civil Superior,32.62,Silence,0.0,33.32,Silence,0.0,0.0,0.0,0.0,0.0,0.0,0.0,0.0,0.0,0.0,33.47,32.54,31.58,-111,7.2
2026-07-31 03:26:29,Laboratorios Eléctrica Centro,14.41,Silence,0.0,15.89,Silence,0.0,0.0,0.0,0.0,0.0,0.0,0.0,0.0,0.0,0.0,15.85,14.15,13.79,-107,9.5
2026-07-31 03:27:49,Lobby Civil,32.14,Silence,0.0,33.03,Silence,0.0,0.0,0.0,0.0,0.0,0.0,0.0,0.0,0.0,0.0,33.19,31.95,31.34,-97,12.5
2026-07-31 03:27:57,Pasillo Decanato Civil,20.4,Silence,0.0,21.52,Silence,0.0,0.0,0.0,0.0,0.0,0.0,0.0,0.0,0.0,0.0,21.27,20.28,19.53,-91,12.2
2026-07-31 03:29:10,Salón - Extremo Eléctrica,14.59,Silence,0.0,15.23,Silence,0.0,0.0,0.0,0.0,0.0,0.0,0.0,0.0,0.0,0.0,15.21,14.58,14.17,-89,6.5
2026-07-31 03:29:18,Laboratorios Eléctrica Superior,11.46,Silence,0.0,12.23,Silence,0.0,0.0,0.0,0.0,0.0,0.0,0.0,0.0,0.0,0.0,12.33,11.38,10.74,-103,11.8
2026-07-31 03:29:35,Salón - Uma Civil,9.74,Silence,0.0,11.02,Silence,0.0,0.0,0.0,0.0,0.0,0.0,0.0,0.0,0.0,0.0,10.2,9.72,9.26,-116,-7.0
2026-07-31 03:29:37,Pasillo Decanato Eléctrica,19.34,Silence,0.0,20.27,Silence,0.0,0.0,0.0,0.0,0.0,0.0,0.0,0.0,0.0,0.0,20.8,19.32,18.23,-107,10.5
2026-07-31 03:30:04,Laboratorios Civil Central,49.49,Group 1 (Common),74.52,52.25,Group 1 (Common),49.88,0.0,0.0,0.0,0.0,74.52,1.48,0.17,0.13,23.39,52.39,48.8,46.19,-119,-4.0
2026-07-31 03:30:09,Laboratorios Eléctrica Inferior,15.08,Silence,0.0,15.9,Silence,0.0,0.0,0.0,0.0,0.0,0.0,0.0,0.0,0.0,0.0,16.2,15.0,14.51,-113,7.0
2026-07-31 03:30:19,Lobby Eléctrica,26.35,Silence,0.0,26.95,Silence,0.0,0.0,0.0,0.0,0.0,0.0,0.0,0.0,0.0,0.0,27.04,26.21,25.89,-93,13.0
2026-07-31 03:30:22,Laboratorios Civil Inferior,39.83,Silence,0.0,40.34,Silence,0.0,0.0,0.0,0.0,0.0,0.0,0.0,0.0,0.0,0.0,40.29,39.85,39.1,-119,-9.8
2026-07-31 03:30:27,Pasillo Salones Eléctrica,28.93,Silence,0.0,29.98,Silence,0.0,0.0,0.0,0.0,0.0,0.0,0.0,0.0,0.0,0.0,29.74,28.79,28.01,-99,11.5
2026-07-31 03:30:36,Salón - Uma Eléctrica,44.51,Silence,0.0,45.31,Silence,0.0,0.0,0.0,0.0,0.0,0.0,0.0,0.0,0.0,0.0,45.73,44.31,43.75,-111,7.5
2026-07-31 03:31:04,Salón - Extremo Civil,12.91,Silence,0.0,13.6,Silence,0.0,0.0,0.0,0.0,0.0,0.0,0.0,0.0,0.0,0.0,13.51,12.91,12.36,-107,11.0
2026-07-31 03:31:08,Pasillo Salones Civil,13.99,Silence,0.0,14.79,Silence,0.0,0.0,0.0,0.0,0.0,0.0,0.0,0.0,0.0,0.0,14.62,13.9,13.5,-111,4.8
2026-07-31 03:31:20,Laboratorios Civil Superior,32.18,Silence,0.0,33.55,Silence,0.0,0.0,0.0,0.0,0.0,0.0,0.0,0.0,0.0,0.0,33.19,32.46,29.93,-106,9.8
2026-07-31 03:31:29,Laboratorios Eléctrica Centro,12.63,Silence,0.0,14.58,Silence,0.0,0.0,0.0,0.0,0.0,0.0,0.0,0.0,0.0,0.0,14.65,12.33,11.54,-105,10.5
2026-07-31 03:32:49,Lobby Civil,30.18,Silence,0.0,30.95,Silence,0.0,0.0,0.0,0.0,0.0,0.0,0.0,0.0,0.0,0.0,31.06,30.01,29.52,-113,5.8
2026-07-31 03:32:57,Pasillo Decanato Civil,20.15,Silence,0.0,20.88,Silence,0.0,0.0,0.0,0.0,0.0,0.0,0.0,0.0,0.0,0.0,21.2,19.95,19.33,-103,11.0
2026-07-31 03:34:10,Salón - Extremo Eléctrica,14.51,Silence,0.0,15.37,Silence,0.0,0.0,0.0,0.0,0.0,0.0,0.0,0.0,0.0,0.0,15.65,14.46,13.91,-87,10.0
2026-07-31 03:34:18,Laboratorios Eléctrica Superior,13.3,Silence,0.0,14.0,Silence,0.0,0.0,0.0,0.0,0.0,0.0,0.0,0.0,0.0,0.0,13.93,13.3,12.88,-101,11.5
2026-07-31 03:34:35,Salón - Uma Civil,10.1,Silence,0.0,10.8,Silence,0.0,0.0,0.0,0.0,0.0,0.0,0.0,0.0,0.0,0.0,11.02,10.03,9.68,-101,9.8
2026-07-31 03:34:37,Pasillo Decanato Eléctrica,19.24,Silence,0.0,20.27,Silence,0.0,0.0,0.0,0.0,0.0,0.0,0.0,0.0,0.0,0.0,20.18,19.05,17.93,-109,11.0
2026-07-31 03:35:04,Laboratorios Civil Central,50.02,Group 1 (Common),91.71,51.74,Group 1 (Common),49.45,0.0,0.0,0.0,0.0,91.71,0.13,0.0,0.0,7.99,51.42,50.55,46.47,-118,-7.8
2026-07-31 03:35:09,Laboratorios Eléctrica Inferior,17.6,Silence,0.0,20.13,Silence,0.0,0.0,0.0,0.0,0.0,0.0,0.0,0.0,0.0,0.0,21.3,16.96,16.51,-114,5.2
2026-07-31 03:35:19,Lobby Eléctrica,26.94,Silence,0.0,27.71,Silence,0.0,0.0,0.0,0.0,0.0,0.0,0.0,0.0,0.0,0.0,27.97,26.94,26.12,-89,11.2
2026-07-31 03:35:22,Laboratorios Civil Inferior,39.58,Silence,0.0,40.47,Silence,0.0,0.0,0.0,0.0,0.0,0.0,0.0,0.0,0.0,0.0,40.85,39.54,38.65,-117,-5.0
2026-07-31 03:35:27,Pasillo Salones Eléctrica,29.0,Silence,0.0,29.94,Silence,0.0,0.0,0.0,0.0,0.0,0.0,0.0,0.0,0.0,0.0,29.89,28.92,28.35,-113,3.2
2026-07-31 03:35:36,Salón - Uma Eléctrica,43.71,Silence,0.0,44.57,Silence,0.0,0.0,0.0,0.0,0.0,0.0,0.0,0.0,0.0,0.0,44.15,43.66,43.13,-114,5.8
2026-07-31 03:36:04,Salón - Extremo Civil,34.67,Silence,0.0,39.47,Silence,0.0,0.0,0.0,0.0,0.0,0.0,0.0,0.0,0.0,0.0,40.76,33.38,24.53,-102,11.0
2026-07-31 03:36:08,Pasillo Salones Civil,14.4,Silence,0.0,15.25,Silence,0.0,0.0,0.0,0.0,0.0,0.0,0.0,0.0,0.0,0.0,15.23,14.28,13.56,-113,6.0
2026-07-31 03:36:20,Laboratorios Civil Superior,31.18,Silence,0.0,32.13,Silence,0.0,0.0,0.0,0.0,0.0,0.0,0.0,0.0,0.0,0.0,31.81,31.34,30.3,-113,7.5
2026-07-31 03:36:29,Laboratorios Eléctrica Centro,10.54,Silence,0.0,11.44,Silence,0.0,0.0,0.0,0.0,0.0,0.0,0.0,0.0,0.0,0.0,11.83,10.41,9.37,-119,-5.5
2026-07-31 03:37:49,Lobby Civil,29.67,Silence,0.0,30.64,Silence,0.0,0.0,0.0,0.0,0.0,0.0,0.0,0.0,0.0,0.0,30.69,29.7,28.07,-101,12.8
2026-07-31 03:37:57,Pasillo Decanato Civil,19.87,Silence,0.0,20.59,Silence,0.0,0.0,0.0,0.0,0.0,0.0,0.0,0.0,0.0,0.0,20.87,19.91,18.78,-114,4.5
2026-07-31 03:39:10,Salón - Extremo Eléctrica,15.87,Silence,0.0,17.15,Silence,0.0,0.0,0.0,0.0,0.0,0.0,0.0,0.0,0.0,0.0,17.35,15.39,14.63,-89,10.0
2026-07-31 03:39:18,Laboratorios Eléctrica Superior,11.91,Silence,0.0,12.71,Silence,0.0,0.0,0.0,0.0,0.0,0.0,0.0,0.0,0.0,0.0,12.74,11.76,11.65,-97,12.0
2026-07-31 03:39:35,Salón - Uma Civil,11.58,Silence,0.0,12.25,Silence,0.0,0.0,0.0,0.0,0.0,0.0,0.0,0.0,0.0,0.0,12.42,11.51,10.81,-111,9.0
2026-07-31 03:39:37,Pasillo Decanato Eléctrica,19.91,Silence,0.0,21.68,Silence,0.0,0.0,0.0,0.0,0.0,0.0,0.0,0.0,0.0,0.0,21.71,20.16,18.18,-115,0.8
2026-07-31 03:40:04,Laboratorios Civil Central,49.46,Group 1 (Common),86.5,51.19,Group 1 (Common),49.89,0.0,0.0,0.0,0.0,86.5,0.26,0.0,0.0,13.11,50.79,49.41,47.02,-108,9.0
2026-07-31 03:40:09,Laboratorios Eléctrica Inferior,17.33,Silence,0.0,18.0,Silence,0.0,0.0,0.0,0.0,0.0,0.0,0.0,0.0,0.0,0.0,18.07,17.35,16.53,-120,-12.0
2026-07-31 03:40:19,Lobby Eléctrica,25.17,Silence,0.0,25.87,Silence,0.0,0.0,0.0,0.0,0.0,0.0,0.0,0.0,0.0,0.0,25.79,25.13,24.53,-93,11.2
2026-07-31 03:40:22,Laboratorios Civil Inferior,39.43,Silence,0.0,39.94,Silence,0.0,0.0,0.0,0.0,0.0,0.0,0.0,0.0,0.0,0.0,40.23,39.33,38.79,-115,1.5
2026-07-31 03:40:27,Pasillo Salones Eléctrica,28.6,Silence,0.0,29.87,Silence,0.0,0.0,0.0,0.0,0.0,0.0,0.0,0.0,0.0,0.0,30.16,28.33,27.46,-96,7.5
2026-07-31 03:40:36,Salón - Uma Eléctrica,44.36,Silence,0.0,44.98,Silence,0.0,0.0,0.0,0.0,0.0,0.0,0.0,0.0,0.0,0.0,45.16,44.25,43.53,-110,6.5
2026-07-31 03:41:04,Salón - Extremo Civil,34.1,Silence,0.0,37.71,Silence,0.0,0.0,0.0,0.0,0.0,0.0,0.0,0.0,0.0,0.0,38.14,32.85,26.87,-87,11.2
2026-07-31 03:41:08,Pasillo Salones Civil,14.93,Silence,0.0,15.95,Silence,0.0,0.0,0.0,0.0,0.0,0.0,0.0,0.0,0.0,0.0,15.55,14.88,14.28,-99,11.5
2026-07-31 03:41:20,Laboratorios Civil Superior,33.11,Silence,0.0,34.34,Silence,0.0,0.0,0.0,0.0,0.0,0.0,0.0,0.0,0.0,0.0,34.48,32.92,32.13,-99,12.5
2026-07-31 03:41:29,Laboratorios Eléctrica Centro,14.23,Silence,0.0,15.26,Silence,0.0,0.0,0.0,0.0,0.0,0.0,0.0,0.0,0.0,0.0,15.06,14.13,13.63,-119,-7.2
2026-07-31 03:42:49,Lobby Civil,30.14,Silence,0.0,31.56,Silence,0.0,0.0,0.0,0.0,0.0,0.0,0.0,0.0,0.0,0.0,31.62,29.92,28.94,-89,13.0
2026-07-31 03:42:57,Pasillo Decanato Civil,20.11,Silence,0.0,20.69,Silence,0.0,0.0,0.0,0.0,0.0,0.0,0.0,0.0,0.0,0.0,20.88,20.06,19.46,-111,6.2
2026-07-31 03:44:10,Salón - Extremo Eléctrica,14.66,Silence,0.0,15.33,Silence,0.0,0.0,0.0,0.0,0.0,0.0,0.0,0.0,0.0,0.0,15.31,14.56,14.2,-90,10.2
2026-07-31 03:44:18,Laboratorios Eléctrica Superior,11.5,Silence,0.0,12.27,Silence,0.0,0.0,0.0,0.0,0.0,0.0,0.0,0.0,0.0,0.0,12.17,11.52,10.6,-103,11.5
2026-07-31 03:44:35,Salón - Uma Civil,10.08,Silence,0.0,10.53,Silence,0.0,0.0,0.0,0.0,0.0,0.0,0.0,0.0,0.0,0.0,10.51,10.02,9.78,-103,11.0
2026-07-31 03:44:37,Pasillo Decanato Eléctrica,19.37,Silence,0.0,20.23,Silence,0.0,0.0,0.0,0.0,0.0,0.0,0.0,0.0,0.0,0.0,20.18,19.43,18.33,-105,10.0
2026-07-31 03:45:04,Laboratorios Civil Central,49.64,Group 1 (Common),75.17,50.86,Group 1 (Common),49.49,0.0,0.0,0.0,0.0,75.17,5.86,0.0,1.04,17.93,51.34,49.55,48.43,-103,11.8
2026-07-31 03:45:09,Laboratorios Eléctrica Inferior,14.9,Silence,0.0,15.67,Silence,0.0,0.0,0.0,0.0,0.0,0.0,0.0,0.0,0.0,0.0,15.58,14.94,14.15,-115,5.0
2026-07-31 03:45:19,Lobby Eléctrica,27.56,Silence,0.0,30.8,Silence,0.0,0.0,0.0,0.0,0.0,0.0,0.0,0.0,0.0,0.0,29.17,26.75,25.53,-97,12.5
2026-07-31 03:45:22,Laboratorios Civil Inferior,39.84,Silence,0.0,40.42,Silence,0.0,0.0,0.0,0.0,0.0,0.0,0.0,0.0,0.0,0.0,40.63,39.78,39.24,-117,-4.2
2026-07-31 03:45:27,Pasillo Salones Eléctrica,29.11,Silence,0.0,30.24,Silence,0.0,0.0,0.0,0.0,0.0,0.0,0.0,0.0,0.0,0.0,30.09,29.3,27.96,-115,3.0
2026-07-31 03:45:36,Salón - Uma Eléctrica,44.28,Silence,0.0,45.25,Silence,0.0,0.0,0.0,0.0,0.0,0.0,0.0,0.0,0.0,0.0,45.55,44.27,43.13,-111,5.2
2026-07-31 03:46:04,Salón - Extremo Civil,13.16,Silence,0.0,13.6,Silence,0.0,0.0,0.0,0.0,0.0,0.0,0.0,0.0,0.0,0.0,13.59,13.15,12.75,-103,10.8
2026-07-31 03:46:08,Pasillo Salones Civil,13.93,Silence,0.0,14.63,Silence,0.0,0.0,0.0,0.0,0.0,0.0,0.0,0.0,0.0,0.0,14.66,13.64,13.43,-109,8.0
2026-07-31 03:46:20,Laboratorios Civil Superior,33.22,Silence,0.0,34.33,Silence,0.0,0.0,0.0,0.0,0.0,0.0,0.0,0.0,0.0,0.0,34.23,33.06,31.79,-97,12.5
2026-07-31 03:46:29,Laboratorios Eléctrica Centro,10.94,Silence,0.0,11.41,Silence,0.0,0.0,0.0,0.0,0.0,0.0,0.0,0.0,0.0,0.0,11.48,10.91,10.33,-103,9.0
2026-07-31 03:47:50,Lobby Civil,33.59,Silence,0.0,35.23,Silence,0.0,0.0,0.0,0.0,0.0,0.0,0.0,0.0,0.0,0.0,35.6,33.55,31.79,-96,11.0
2026-07-31 03:47:57,Pasillo Decanato Civil,20.4,Silence,0.0,21.38,Silence,0.0,0.0,0.0,0.0,0.0,0.0,0.0,0.0,0.0,0.0,21.28,20.27,19.4,-103,8.0
2026-07-31 03:49:10,Salón - Extremo Eléctrica,15.57,Silence,0.0,16.16,Silence,0.0,0.0,0.0,0.0,0.0,0.0,0.0,0.0,0.0,0.0,16.37,15.44,14.79,-112,4.5
2026-07-31 03:49:18,Laboratorios Eléctrica Superior,13.68,Silence,0.0,14.57,Silence,0.0,0.0,0.0,0.0,0.0,0.0,0.0,0.0,0.0,0.0,14.18,13.64,13.05,-99,12.2
2026-07-31 03:49:35,Salón - Uma Civil,11.51,Silence,0.0,12.27,Silence,0.0,0.0,0.0,0.0,0.0,0.0,0.0,0.0,0.0,0.0,12.39,11.53,10.61,-117,6.0
2026-07-31 03:49:37,Pasillo Decanato Eléctrica,19.58,Silence,0.0,20.29,Silence,0.0,0.0,0.0,0.0,0.0,0.0,0.0,0.0,0.0,0.0,20.35,19.46,18.95,-117,1.0
2026-07-31 03:50:04,Laboratorios Civil Central,49.73,Mixed,69.53,51.17,Group 1 (Common),50.12,0.0,0.0,0.0,0.0,69.53,18.85,0.0,0.83,10.79,50.84,49.44,48.35,-120,-8.8
2026-07-31 03:50:10,Laboratorios Eléctrica Inferior,14.78,Silence,0.0,15.8,Silence,0.0,0.0,0.0,0.0,0.0,0.0,0.0,0.0,0.0,0.0,15.3,14.69,14.16,-120,-6.2
2026-07-31 03:50:19,Lobby Eléctrica,24.98,Silence,0.0,25.62,Silence,0.0,0.0,0.0,0.0,0.0,0.0,0.0,0.0,0.0,0.0,26.24,24.89,23.65,-93,9.0
2026-07-31 03:50:22,Laboratorios Civil Inferior,40.04,Silence,0.0,40.54,Silence,0.0,0.0,0.0,0.0,0.0,0.0,0.0,0.0,0.0,0.0,40.65,40.11,39.17,-119,-12.8
2026-07-31 03:50:27,Pasillo Salones Eléctrica,29.0,Silence,0.0,30.38,Silence,0.0,0.0,0.0,0.0,0.0,0.0,0.0,0.0,0.0,0.0,30.38,29.12,27.22,-96,8.8
2026-07-31 03:50:36,Salón - Uma Eléctrica,44.3,Silence,0.0,45.23,Silence,0.0,0.0,0.0,0.0,0.0,0.0,0.0,0.0,0.0,0.0,45.18,44.25,42.97,-115,5.0
2026-07-31 03:51:04,Salón - Extremo Civil,13.28,Silence,0.0,14.11,Silence,0.0,0.0,0.0,0.0,0.0,0.0,0.0,0.0,0.0,0.0,13.87,13.31,12.63,-105,11.8
2026-07-31 03:51:08,Pasillo Salones Civil,14.38,Silence,0.0,14.93,Silence,0.0,0.0,0.0,0.0,0.0,0.0,0.0,0.0,0.0,0.0,14.89,14.33,13.93,-115,3.0
2026-07-31 03:51:20,Laboratorios Civil Superior,33.28,Silence,0.0,34.28,Silence,0.0,0.0,0.0,0.0,0.0,0.0,0.0,0.0,0.0,0.0,34.25,33.71,31.04,-96,11.8
2026-07-31 03:51:29,Laboratorios Eléctrica Centro,18.23,Silence,0.0,25.05,Silence,0.0,0.0,0.0,0.0,0.0,0.0,0.0,0.0,0.0,0.0,25.87,11.98,10.16,-111,9.8
2026-07-31 03:52:49,Lobby Civil,29.9,Silence,0.0,30.68,Silence,0.0,0.0,0.0,0.0,0.0,0.0,0.0,0.0,0.0,0.0,30.82,29.74,29.35,-109,8.0
2026-07-31 03:52:57,Pasillo Decanato Civil,20.37,Silence,0.0,21.15,Silence,0.0,0.0,0.0,0.0,0.0,0.0,0.0,0.0,0.0,0.0,21.15,20.43,19.29,-112,3.5
2026-07-31 03:54:10,Salón - Extremo Eléctrica,14.57,Silence,0.0,15.24,Silence,0.0,0.0,0.0,0.0,0.0,0.0,0.0,0.0,0.0,0.0,15.18,14.61,13.77,-90,9.8
2026-07-31 03:54:18,Laboratorios Eléctrica Superior,13.18,Silence,0.0,13.68,Silence,0.0,0.0,0.0,0.0,0.0,0.0,0.0,0.0,0.0,0.0,13.71,13.13,12.25,-119,-3.2
2026-07-31 03:54:35,Salón - Uma Civil,10.5,Silence,0.0,11.35,Silence,0.0,0.0,0.0,0.0,0.0,0.0,0.0,0.0,0.0,0.0,11.57,10.68,9.43,-111,8.5
2026-07-31 03:54:37,Pasillo Decanato Eléctrica,19.65,Silence,0.0,21.08,Silence,0.0,0.0,0.0,0.0,0.0,0.0,0.0,0.0,0.0,0.0,20.45,19.67,18.86,-105,9.8
2026-07-31 03:55:04,Laboratorios Civil Central,49.87,Group 1 (Common),72.51,50.58,Group 1 (Common),49.73,0.0,0.0,0.0,48.59,72.51,8.11,0.0,0.68,18.55,50.41,49.97,48.5,-111,4.5
2026-07-31 03:55:10,Laboratorios Eléctrica Inferior,17.91,Silence,0.0,18.51,Silence,0.0,0.0,0.0,0.0,0.0,0.0,0.0,0.0,0.0,0.0,18.36,17.66,17.54,-118,-11.5
2026-07-31 03:55:19,Lobby Eléctrica,26.33,Silence,0.0,27.03,Silence,0.0,0.0,0.0,0.0,0.0,0.0,0.0,0.0,0.0,0.0,26.65,26.27,26.02,-101,12.5
2026-07-31 03:55:22,Laboratorios Civil Inferior,40.77,Silence,0.0,41.61,Silence,0.0,0.0,0.0,0.0,0.0,0.0,0.0,0.0,0.0,0.0,41.29,40.66,40.5,-117,
2026-07-31 03:55:27,Pasillo Salones Eléctrica,28.84,Silence,0.0,30.0,Silence,0.0,0.0,0.0,0.0,0.0,0.0,0.0,0.0,0.0,0.0,29.67,28.81,27.85,-97,12.0
2026-07-31 03:55:36,Salón - Uma Eléctrica,43.78,Silence,0.0,44.75,Silence,0.0,0.0,0.0,0.0,0.0,0.0,0.0,0.0,0.0,0.0,44.44,43.8,42.92,-117,5.2
2026-07-31 03:56:04,Salón - Extremo Civil,13.63,Silence,0.0,14.24,Silence,0.0,0.0,0.0,0.0,0.0,0.0,0.0,0.0,0.0,0.0,14.46,13.64,13.04,-101,9.2
2026-07-31 03:56:08,Pasillo Salones Civil,14.68,Silence,0.0,15.45,Silence,0.0,0.0,0.0,0.0,0.0,0.0,0.0,0.0,0.0,0.0,15.22,14.93,13.9,-113,5.5
2026-07-31 03:56:20,Laboratorios Civil Superior,33.9,Silence,0.0,35.12,Silence,0.0,0.0,0.0,0.0,0.0,0.0,0.0,0.0,0.0,0.0,35.45,33.55,32.61,-103,11.5
2026-07-31 03:56:30,Laboratorios Eléctrica Centro,15.43,Silence,0.0,16.15,Silence,0.0,0.0,0.0,0.0,0.0,0.0,0.0,0.0,0.0,0.0,16.13,15.44,14.62,-120,-7.8
2026-07-31 03:57:49,Lobby Civil,31.26,Silence,0.0,32.48,Silence,0.0,0.0,0.0,0.0,0.0,0.0,0.0,0.0,0.0,0.0,32.38,31.35,30.24,-91,9.0
2026-07-31 03:57:57,Pasillo Decanato Civil,20.69,Silence,0.0,21.33,Silence,0.0,0.0,0.0,0.0,0.0,0.0,0.0,0.0,0.0,0.0,21.5,20.74,20.11,-107,10.8
2026-07-31 03:59:10,Salón - Extremo Eléctrica,16.98,Silence,0.0,17.56,Silence,0.0,0.0,0.0,0.0,0.0,0.0,0.0,0.0,0.0,0.0,17.77,16.92,15.97,-89,10.5
2026-07-31 03:59:18,Laboratorios Eléctrica Superior,40.09,Silence,0.0,41.09,Silence,0.0,0.0,0.0,0.0,0.0,0.0,0.0,0.0,0.0,0.0,40.94,40.17,39.08,-97,11.8
2026-07-31 03:59:35,Salón - Uma Civil,34.78,Silence,0.0,36.41,Silence,0.0,0.0,0.0,0.0,0.0,0.0,0.0,0.0,0.0,0.0,36.18,34.61,33.11,-102,5.5
2026-07-31 03:59:37,Pasillo Decanato Eléctrica,20.16,Silence,0.0,20.98,Silence,0.0,0.0,0.0,0.0,0.0,0.0,0.0,0.0,0.0,0.0,21.08,20.08,19.19,-109,10.0
2026-07-31 04:00:04,Laboratorios Civil Central,50.85,Group 1 (Common),80.77,51.47,Group 1 (Common),50.91,0.0,0.0,0.0,51.14,80.77,2.17,0.0,0.39,16.8,51.57,50.86,49.87,-105,1.0
2026-07-31 04:00:10,Laboratorios Eléctrica Inferior,47.7,Group 5 (Vehicle),81.3,48.4,Group 5 (Vehicle),47.72,0.0,0.0,0.0,47.77,15.23,1.03,0.59,1.76,81.3,48.5,47.6,47.21,-115,5.8
2026-07-31 04:00:19,Lobby Eléctrica,32.21,Silence,0.0,32.88,Silence,0.0,0.0,0.0,0.0,0.0,0.0,0.0,0.0,0.0,0.0,33.04,31.96,31.75,-101,13.0
2026-07-31 04:00:22,Laboratorios Civil Inferior,41.2,Silence,0.0,41.79,Silence,0.0,0.0,0.0,0.0,0.0,0.0,0.0,0.0,0.0,0.0,41.77,40.94,40.88,-119,-5.8
2026-07-31 04:00:27,Pasillo Salones Eléctrica,35.55,Silence,0.0,36.57,Silence,0.0,0.0,0.0,0.0,0.0,0.0,0.0,0.0,0.0,0.0,36.86,35.65,34.15,-103,12.8
2026-07-31 04:00:36,Salón - Uma Eléctrica,44.13,Silence,0.0,44.93,Silence,0.0,0.0,0.0,0.0,0.0,0.0,0.0,0.0,0.0,0.0,45.04,44.13,43.36,-114,5.8
2026-07-31 04:01:04,Salón - Extremo Civil,19.98,Silence,0.0,21.89,Silence,0.0,0.0,0.0,0.0,0.0,0.0,0.0,0.0,0.0,0.0,22.39,19.21,18.3,-118,-11.0
2026-07-31 04:01:08,Pasillo Salones Civil,36.56,Silence,0.0,37.63,Silence,0.0,0.0,0.0,0.0,0.0,0.0,0.0,0.0,0.0,0.0,37.59,36.55,35.36,-105,6.5
2026-07-31 04:01:20,Laboratorios Civil Superior,44.3,Silence,0.0,44.99,Silence,0.0,0.0,0.0,0.0,0.0,0.0,0.0,0.0,0.0,0.0,44.96,43.91,43.59,-103,7.8
2026-07-31 04:01:30,Laboratorios Eléctrica Centro,45.3,Group 5 (Vehicle),84.59,45.9,Group 5 (Vehicle),0.0,0.0,0.0,0.0,45.41,7.38,0.04,7.94,0.0,84.59,45.9,45.33,44.57,-107,10.8
2026-07-31 04:02:49,Lobby Civil,35.79,Silence,0.0,38.78,Silence,0.0,0.0,0.0,0.0,0.0,0.0,0.0,0.0,0.0,0.0,39.23,34.36,32.49,-89,12.0
2026-07-31 04:02:57,Pasillo Decanato Civil,20.96,Silence,0.0,21.85,Silence,0.0,0.0,0.0,0.0,0.0,0.0,0.0,0.0,0.0,0.0,21.65,20.84,19.86,-107,11.2
2026-07-31 04:04:10,Salón - Extremo Eléctrica,18.67,Silence,0.0,19.15,Silence,0.0,0.0,0.0,0.0,0.0,0.0,0.0,0.0,0.0,0.0,19.25,18.41,18.26,-113,5.2
2026-07-31 04:04:18,Laboratorios Eléctrica Superior,40.54,Silence,0.0,41.19,Silence,0.0,0.0,0.0,0.0,0.0,0.0,0.0,0.0,0.0,0.0,41.35,40.41,39.39,-119,-9.5
2026-07-31 04:04:35,Salón - Uma Civil,35.08,Silence,0.0,37.04,Silence,0.0,0.0,0.0,0.0,0.0,0.0,0.0,0.0,0.0,0.0,37.12,34.64,32.86,-108,7.5
2026-07-31 04:04:37,Pasillo Decanato Eléctrica,20.63,Silence,0.0,21.73,Silence,0.0,0.0,0.0,0.0,0.0,0.0,0.0,0.0,0.0,0.0,21.9,20.34,19.15,-108,-1.8
2026-07-31 04:05:04,Laboratorios Civil Central,50.67,Group 1 (Common),84.16,52.07,Group 1 (Common),50.85,0.0,0.0,0.0,0.0,84.16,1.35,0.0,0.43,14.02,52.26,50.34,49.58,-105,9.8
2026-07-31 04:05:10,Laboratorios Eléctrica Inferior,47.67,Mixed,50.56,48.72,Group 1 (Common),47.94,0.0,0.0,0.0,47.98,47.22,0.87,0.39,0.91,50.56,48.48,47.57,46.53,-120,-6.2
2026-07-31 04:05:19,Lobby Eléctrica,32.53,Silence,0.0,33.66,Silence,0.0,0.0,0.0,0.0,0.0,0.0,0.0,0.0,0.0,0.0,33.25,32.66,31.35,-95,12.8
2026-07-31 04:05:22,Laboratorios Civil Inferior,41.22,Silence,0.0,41.98,Silence,0.0,0.0,0.0,0.0,0.0,0.0,0.0,0.0,0.0,0.0,41.85,41.19,40.5,-118,-12.0
2026-07-31 04:05:27,Pasillo Salones Eléctrica,56.89,Mixed,54.15,58.81,Group 3 (Rotary Tool),0.0,54.66,57.16,0.0,0.0,0.0,54.15,39.06,2.83,3.91,59.89,56.64,48.22,-114,2.8
2026-07-31 04:05:36,Salón - Uma Eléctrica,44.85,Silence,0.0,45.7,Silence,0.0,0.0,0.0,0.0,0.0,0.0,0.0,0.0,0.0,0.0,45.34,44.8,44.33,-113,7.2
2026-07-31 04:06:04,Salón - Extremo Civil,18.68,Silence,0.0,19.85,Silence,0.0,0.0,0.0,0.0,0.0,0.0,0.0,0.0,0.0,0.0,19.47,18.66,18.11,-118,-10.5
2026-07-31 04:06:08,Pasillo Salones Civil,35.74,Silence,0.0,36.54,Silence,0.0,0.0,0.0,0.0,0.0,0.0,0.0,0.0,0.0,0.0,36.76,35.49,34.78,-114,1.5
2026-07-31 04:06:21,Laboratorios Civil Superior,44.19,Silence,0.0,45.19,Silence,0.0,0.0,0.0,0.0,0.0,0.0,0.0,0.0,0.0,0.0,45.58,44.31,42.98,-108,9.2
2026-07-31 04:06:30,Laboratorios Eléctrica Centro,45.54,Mixed,65.89,46.24,Group 3 (Rotary Tool),0.0,0.0,45.68,0.0,45.63,2.56,0.52,30.86,0.0,65.89,46.29,45.62,44.75,-109,10.5
2026-07-31 04:07:49,Lobby Civil,47.02,Group 5 (Vehicle),73.05,48.12,Group 5 (Vehicle),46.41,0.0,0.0,0.0,46.56,21.29,4.0,0.1,1.66,73.05,48.19,46.39,46.2,-87,13.5
2026-07-31 04:07:57,Pasillo Decanato Civil,24.66,Silence,0.0,25.35,Silence,0.0,0.0,0.0,0.0,0.0,0.0,0.0,0.0,0.0,0.0,25.04,24.47,24.3,-114,2.8
2026-07-31 04:09:16,Salón - Extremo Eléctrica,18.22,Silence,0.0,20.46,Silence,0.0,0.0,0.0,0.0,0.0,0.0,0.0,0.0,0.0,0.0,19.92,18.35,16.72,-90,10.0
2026-07-31 04:09:18,Laboratorios Eléctrica Superior,40.21,Silence,0.0,41.29,Silence,0.0,0.0,0.0,0.0,0.0,0.0,0.0,0.0,0.0,0.0,41.21,40.16,39.29,-119,-7.5
2026-07-31 04:09:35,Salón - Uma Civil,36.5,Silence,0.0,38.49,Silence,0.0,0.0,0.0,0.0,0.0,0.0,0.0,0.0,0.0,0.0,38.66,36.13,34.3,-118,-4.2
2026-07-31 04:09:37,Pasillo Decanato Eléctrica,19.47,Silence,0.0,20.35,Silence,0.0,0.0,0.0,0.0,0.0,0.0,0.0,0.0,0.0,0.0,20.23,19.36,18.75,-109,10.5
2026-07-31 04:10:04,Laboratorios Civil Central,50.56,Group 1 (Common),74.13,51.32,Group 1 (Common),50.36,0.0,0.0,0.0,50.22,74.13,1.09,0.0,0.26,24.35,51.31,50.69,49.63,-107,7.5
2026-07-31 04:10:10,Laboratorios Eléctrica Inferior,47.57,Group 5 (Vehicle),80.86,48.52,Group 5 (Vehicle),47.79,0.0,0.0,0.0,47.7,14.89,3.08,0.26,0.91,80.86,48.28,47.58,46.74,-107,8.5
2026-07-31 04:10:19,Lobby Eléctrica,32.79,Silence,0.0,33.79,Silence,0.0,0.0,0.0,0.0,0.0,0.0,0.0,0.0,0.0,0.0,34.31,32.35,31.92,-90,11.8
2026-07-31 04:10:22,Laboratorios Civil Inferior,41.36,Silence,0.0,42.12,Silence,0.0,0.0,0.0,0.0,0.0,0.0,0.0,0.0,0.0,0.0,42.38,41.2,40.61,-120,-3.8
2026-07-31 04:10:27,Pasillo Salones Eléctrica,37.67,Silence,0.0,38.56,Silence,0.0,0.0,0.0,0.0,0.0,0.0,0.0,0.0,0.0,0.0,38.55,37.56,36.37,-113,3.8
2026-07-31 04:10:37,Salón - Uma Eléctrica,43.41,Silence,0.0,44.49,Silence,0.0,0.0,0.0,0.0,0.0,0.0,0.0,0.0,0.0,0.0,44.14,43.28,42.82,-113,5.0
2026-07-31 04:11:04,Salón - Extremo Civil,19.36,Silence,0.0,20.32,Silence,0.0,0.0,0.0,0.0,0.0,0.0,0.0,0.0,0.0,0.0,19.99,19.58,18.48,-103,11.8
2026-07-31 04:11:08,Pasillo Salones Civil,36.04,Silence,0.0,36.6,Silence,0.0,0.0,0.0,0.0,0.0,0.0,0.0,0.0,0.0,0.0,36.8,35.99,34.97,-111,6.2
2026-07-31 04:11:21,Laboratorios Civil Superior,43.78,Silence,0.0,44.71,Silence,0.0,0.0,0.0,0.0,0.0,0.0,0.0,0.0,0.0,0.0,44.49,43.89,42.99,-95,12.0
2026-07-31 04:11:30,Laboratorios Eléctrica Centro,44.99,Silence,0.0,46.55,Silence,0.0,0.0,0.0,0.0,0.0,0.0,0.0,0.0,0.0,0.0,46.42,44.92,43.85,-109,10.2
2026-07-31 04:12:49,Lobby Civil,38.42,Silence,0.0,42.87,Silence,0.0,0.0,0.0,0.0,0.0,0.0,0.0,0.0,0.0,0.0,43.48,36.74,35.72,-112,4.5
2026-07-31 04:12:57,Pasillo Decanato Civil,20.66,Silence,0.0,21.31,Silence,0.0,0.0,0.0,0.0,0.0,0.0,0.0,0.0,0.0,0.0,21.22,20.55,19.99,-113,4.5
2026-07-31 04:14:10,Salón - Extremo Eléctrica,19.53,Silence,0.0,20.13,Silence,0.0,0.0,0.0,0.0,0.0,0.0,0.0,0.0,0.0,0.0,20.03,19.7,18.44,-111,1.5
2026-07-31 04:14:18,Laboratorios Eléctrica Superior,40.49,Silence,0.0,41.01,Silence,0.0,0.0,0.0,0.0,0.0,0.0,0.0,0.0,0.0,0.0,41.44,40.5,39.53,-118,-7.0
2026-07-31 04:14:36,Salón - Uma Civil,35.91,Silence,0.0,37.96,Silence,0.0,0.0,0.0,0.0,0.0,0.0,0.0,0.0,0.0,0.0,38.13,35.62,33.99,-107,6.2
2026-07-31 04:14:37,Pasillo Decanato Eléctrica,19.87,Silence,0.0,21.2,Silence,0.0,0.0,0.0,0.0,0.0,0.0,0.0,0.0,0.0,0.0,21.84,19.48,18.59,-114,3.8
2026-07-31 04:15:04,Laboratorios Civil Central,50.23,Group 1 (Common),85.85,51.63,Group 1 (Common),50.36,0.0,0.0,0.0,0.0,85.85,3.91,0.0,0.65,9.68,51.21,49.99,49.59,-101,8.8
2026-07-31 04:15:10,Laboratorios Eléctrica Inferior,47.16,Group 5 (Vehicle),76.22,47.8,Group 5 (Vehicle),47.29,0.0,0.0,0.0,47.52,21.27,0.95,0.13,1.3,76.22,47.73,47.15,46.06,-115,-5.5
2026-07-31 04:15:19,Lobby Eléctrica,37.9,Silence,0.0,40.11,Silence,0.0,0.0,0.0,0.0,0.0,0.0,0.0,0.0,0.0,0.0,39.2,37.85,36.18,-95,12.8
2026-07-31 04:15:22,Laboratorios Civil Inferior,40.4,Silence,0.0,41.13,Silence,0.0,0.0,0.0,0.0,0.0,0.0,0.0,0.0,0.0,0.0,40.98,40.43,39.95,-120,-10.2
2026-07-31 04:15:27,Pasillo Salones Eléctrica,38.39,Silence,0.0,39.82,Silence,0.0,0.0,0.0,0.0,0.0,0.0,0.0,0.0,0.0,0.0,40.1,38.53,36.54,-114,3.8
2026-07-31 04:15:37,Salón - Uma Eléctrica,43.85,Silence,0.0,44.51,Silence,0.0,0.0,0.0,0.0,0.0,0.0,0.0,0.0,0.0,0.0,44.44,43.91,42.99,-103,4.0
2026-07-31 04:16:04,Salón - Extremo Civil,21.05,Silence,0.0,25.69,Silence,0.0,0.0,0.0,0.0,0.0,0.0,0.0,0.0,0.0,0.0,26.34,20.28,18.18,-79,12.8
2026-07-31 04:16:08,Pasillo Salones Civil,36.05,Silence,0.0,36.88,Silence,0.0,0.0,0.0,0.0,0.0,0.0,0.0,0.0,0.0,0.0,36.75,35.95,34.91,-109,1.0
2026-07-31 04:16:21,Laboratorios Civil Superior,43.61,Silence,0.0,44.49,Silence,0.0,0.0,0.0,0.0,0.0,0.0,0.0,0.0,0.0,0.0,44.38,43.5,42.87,-105,10.0
2026-07-31 04:16:30,Laboratorios Eléctrica Centro,45.82,Mixed,63.63,46.6,Group 5 (Vehicle),0.0,45.35,45.65,0.0,46.09,2.52,8.16,25.61,0.0,63.63,46.57,45.89,44.96,-101,11.2
2026-07-31 04:17:49,Lobby Civil,52.73,Group 2 (Impact),83.25,55.8,Group 2 (Impact),52.5,51.29,0.0,0.0,0.0,9.51,83.25,0.0,5.82,1.39,56.58,52.67,47.43,-89,12.8
2026-07-31 04:17:57,Pasillo Decanato Civil,22.1,Silence,0.0,23.78,Silence,0.0,0.0,0.0,0.0,0.0,0.0,0.0,0.0,0.0,0.0,23.35,21.43,20.8,-114,-0.5
2026-07-31 04:19:10,Salón - Extremo Eléctrica,18.68,Silence,0.0,21.04,Silence,0.0,0.0,0.0,0.0,0.0,0.0,0.0,0.0,0.0,0.0,20.17,17.95,17.16,-84,9.0
2026-07-31 04:19:18,Laboratorios Eléctrica Superior,40.93,Silence,0.0,41.75,Silence,0.0,0.0,0.0,0.0,0.0,0.0,0.0,0.0,0.0,0.0,42.0,41.01,39.32,-100,11.8
2026-07-31 04:19:36,Salón - Uma Civil,36.02,Silence,0.0,37.51,Silence,0.0,0.0,0.0,0.0,0.0,0.0,0.0,0.0,0.0,0.0,37.79,35.94,34.48,-118,-4.0
2026-07-31 04:19:43,Pasillo Decanato Eléctrica,19.5,Silence,0.0,20.48,Silence,0.0,0.0,0.0,0.0,0.0,0.0,0.0,0.0,0.0,0.0,20.82,19.68,18.04,-113,6.0
2026-07-31 04:20:04,Laboratorios Civil Central,54.0,Group 1 (Common),97.61,54.56,Group 1 (Common),53.97,0.0,0.0,0.0,0.0,97.61,0.04,0.0,0.0,2.21,54.49,53.85,53.68,-119,-6.2
2026-07-31 04:20:10,Laboratorios Eléctrica Inferior,47.42,Group 5 (Vehicle),77.39,48.19,Group 1 (Common),47.87,0.0,0.0,0.0,47.64,21.14,0.69,0.09,0.61,77.39,48.18,47.37,46.8,-119,-11.5
2026-07-31 04:20:19,Lobby Eléctrica,38.06,Silence,0.0,39.07,Silence,0.0,0.0,0.0,0.0,0.0,0.0,0.0,0.0,0.0,0.0,39.19,38.25,36.92,-115,1.5
2026-07-31 04:20:22,Laboratorios Civil Inferior,45.58,Mixed,50.48,46.31,Group 1 (Common),45.76,45.52,0.0,0.0,45.49,50.48,32.68,0.04,3.3,13.41,46.46,45.46,45.08,-121,-9.8
2026-07-31 04:20:27,Pasillo Salones Eléctrica,37.71,Silence,0.0,39.13,Silence,0.0,0.0,0.0,0.0,0.0,0.0,0.0,0.0,0.0,0.0,39.08,37.51,36.58,-102,11.8
2026-07-31 04:20:37,Salón - Uma Eléctrica,44.21,Silence,0.0,44.89,Silence,0.0,0.0,0.0,0.0,0.0,0.0,0.0,0.0,0.0,0.0,44.9,44.39,42.89,-114,0.8
2026-07-31 04:21:04,Salón - Extremo Civil,20.77,Silence,0.0,22.81,Silence,0.0,0.0,0.0,0.0,0.0,0.0,0.0,0.0,0.0,0.0,22.45,20.58,19.17,-103,11.8
2026-07-31 04:21:08,Pasillo Salones Civil,36.07,Silence,0.0,36.59,Silence,0.0,0.0,0.0,0.0,0.0,0.0,0.0,0.0,0.0,0.0,36.65,36.09,35.39,-102,10.8
2026-07-31 04:21:21,Laboratorios Civil Superior,44.18,Silence,0.0,44.74,Silence,0.0,0.0,0.0,0.0,0.0,0.0,0.0,0.0,0.0,0.0,45.17,44.15,43.24,-114,1.2
2026-07-31 04:21:30,Laboratorios Eléctrica Centro,45.48,Group 5 (Vehicle),71.96,46.1,Group 5 (Vehicle),0.0,0.0,45.26,0.0,45.61,1.69,1.35,25.0,0.0,71.96,45.82,45.53,45.07,-108,10.0
2026-07-31 04:22:49,Lobby Civil,40.73,Silence,0.0,46.53,Silence,0.0,0.0,0.0,0.0,0.0,0.0,0.0,0.0,0.0,0.0,47.72,36.5,35.57,-89,12.2
2026-07-31 04:22:57,Pasillo Decanato Civil,20.87,Silence,0.0,21.73,Silence,0.0,0.0,0.0,0.0,0.0,0.0,0.0,0.0,0.0,0.0,21.76,20.87,19.9,-115,4.8
2026-07-31 04:24:10,Salón - Extremo Eléctrica,28.44,Silence,0.0,32.38,Silence,0.0,0.0,0.0,0.0,0.0,0.0,0.0,0.0,0.0,0.0,29.93,28.6,25.78,-89,8.0
2026-07-31 04:24:18,Laboratorios Eléctrica Superior,40.56,Silence,0.0,41.18,Silence,0.0,0.0,0.0,0.0,0.0,0.0,0.0,0.0,0.0,0.0,41.07,40.49,40.12,-101,12.2
2026-07-31 04:24:36,Salón - Uma Civil,37.1,Silence,0.0,38.77,Silence,0.0,0.0,0.0,0.0,0.0,0.0,0.0,0.0,0.0,0.0,38.77,36.76,34.77,-113,5.5
2026-07-31 04:24:37,Pasillo Decanato Eléctrica,19.71,Silence,0.0,20.7,Silence,0.0,0.0,0.0,0.0,0.0,0.0,0.0,0.0,0.0,0.0,20.36,19.71,18.94,-107,10.2
2026-07-31 04:25:04,Laboratorios Civil Central,50.62,Group 1 (Common),91.32,51.4,Group 1 (Common),50.94,0.0,0.0,0.0,0.0,91.32,0.78,0.0,0.3,7.73,51.05,50.8,49.98,-119,-4.8
2026-07-31 04:25:12,Laboratorios Eléctrica Inferior,47.33,Group 5 (Vehicle),90.54,48.44,Group 5 (Vehicle),0.0,0.0,0.0,0.0,47.39,7.6,0.61,0.26,1.3,90.54,48.33,47.47,46.27,-120,-8.8
2026-07-31 04:25:19,Lobby Eléctrica,33.49,Silence,0.0,35.24,Silence,0.0,0.0,0.0,0.0,0.0,0.0,0.0,0.0,0.0,0.0,34.03,33.41,33.1,-97,12.0
2026-07-31 04:25:22,Laboratorios Civil Inferior,41.38,Silence,0.0,41.91,Silence,0.0,0.0,0.0,0.0,0.0,0.0,0.0,0.0,0.0,0.0,42.01,41.4,40.85,-117,-6.5
2026-07-31 04:25:27,Pasillo Salones Eléctrica,34.48,Silence,0.0,35.95,Silence,0.0,0.0,0.0,0.0,0.0,0.0,0.0,0.0,0.0,0.0,35.24,34.77,33.42,-101,13.5
2026-07-31 04:25:37,Salón - Uma Eléctrica,44.78,Silence,0.0,45.79,Silence,0.0,0.0,0.0,0.0,0.0,0.0,0.0,0.0,0.0,0.0,45.53,44.77,43.98,-111,6.5
2026-07-31 04:26:04,Salón - Extremo Civil,19.75,Silence,0.0,21.14,Silence,0.0,0.0,0.0,0.0,0.0,0.0,0.0,0.0,0.0,0.0,21.17,19.7,18.68,-97,12.5
2026-07-31 04:26:08,Pasillo Salones Civil,36.24,Silence,0.0,36.9,Silence,0.0,0.0,0.0,0.0,0.0,0.0,0.0,0.0,0.0,0.0,36.78,36.5,34.73,-103,9.0
2026-07-31 04:26:21,Laboratorios Civil Superior,44.22,Silence,0.0,44.98,Silence,0.0,0.0,0.0,0.0,0.0,0.0,0.0,0.0,0.0,0.0,44.75,44.21,42.99,-95,11.2
2026-07-31 04:26:30,Laboratorios Eléctrica Centro,45.42,Group 5 (Vehicle),81.21,46.23,Group 5 (Vehicle),0.0,0.0,45.77,0.0,45.38,3.69,1.09,14.11,0.0,81.21,46.34,45.61,44.31,-109,9.8
2026-07-31 04:27:49,Lobby Civil,47.16,Mixed,48.0,51.63,Group 1 (Common),45.75,47.23,0.0,0.0,0.0,48.0,47.01,0.0,0.65,4.08,51.27,46.27,38.34,-90,12.5
2026-07-31 04:27:57,Pasillo Decanato Civil,26.19,Silence,0.0,29.7,Silence,0.0,0.0,0.0,0.0,0.0,0.0,0.0,0.0,0.0,0.0,30.65,25.27,20.79,-97,11.8
2026-07-31 04:29:10,Salón - Extremo Eléctrica,20.06,Silence,0.0,21.26,Silence,0.0,0.0,0.0,0.0,0.0,0.0,0.0,0.0,0.0,0.0,21.43,19.9,19.0,-111,4.8
2026-07-31 04:29:18,Laboratorios Eléctrica Superior,40.8,Silence,0.0,41.6,Silence,0.0,0.0,0.0,0.0,0.0,0.0,0.0,0.0,0.0,0.0,41.7,40.68,39.96,-117,-1.5
2026-07-31 04:29:36,Salón - Uma Civil,50.21,Group 2 (Impact),81.6,53.16,Group 2 (Impact),0.0,49.71,0.0,0.0,49.21,0.0,81.6,0.48,0.39,17.49,53.96,49.73,43.86,-112,6.0
2026-07-31 04:30:04,Laboratorios Civil Central,50.51,Group 1 (Common),71.78,52.93,Group 1 (Common),50.66,0.0,0.0,0.0,0.0,71.78,0.24,0.0,0.05,27.83,53.19,49.58,48.99,-105,12.5
2026-07-31 04:30:10,Laboratorios Eléctrica Inferior,47.72,Group 5 (Vehicle),71.18,48.89,Group 5 (Vehicle),48.08,0.0,0.0,0.0,47.81,27.08,0.65,0.04,0.91,71.18,48.85,47.55,46.9,-120,-6.2
2026-07-31 04:30:19,Lobby Eléctrica,33.73,Silence,0.0,35.7,Silence,0.0,0.0,0.0,0.0,0.0,0.0,0.0,0.0,0.0,0.0,35.78,33.38,32.04,-97,12.5
2026-07-31 04:30:26,Laboratorios Civil Inferior,40.57,Silence,0.0,41.1,Silence,0.0,0.0,0.0,0.0,0.0,0.0,0.0,0.0,0.0,0.0,41.2,40.71,39.83,-119,-9.2
2026-07-31 04:30:27,Pasillo Salones Eléctrica,35.31,Silence,0.0,38.09,Silence,0.0,0.0,0.0,0.0,0.0,0.0,0.0,0.0,0.0,0.0,37.0,35.25,33.66,-96,12.0
2026-07-31 04:30:37,Salón - Uma Eléctrica,44.11,Silence,0.0,44.79,Silence,0.0,0.0,0.0,0.0,0.0,0.0,0.0,0.0,0.0,0.0,44.52,43.99,43.71,-113,6.0
2026-07-31 04:31:04,Salón - Extremo Civil,30.31,Silence,0.0,35.53,Silence,0.0,0.0,0.0,0.0,0.0,0.0,0.0,0.0,0.0,0.0,31.22,30.74,28.59,-79,12.2
2026-07-31 04:31:08,Pasillo Salones Civil,56.99,Mixed,56.59,59.71,Group 2 (Impact),0.0,56.68,0.0,0.0,55.15,0.0,56.59,0.2,0.73,42.43,59.95,56.49,53.51,-113,5.2
2026-07-31 04:31:21,Laboratorios Civil Superior,43.84,Silence,0.0,44.48,Silence,0.0,0.0,0.0,0.0,0.0,0.0,0.0,0.0,0.0,0.0,44.66,43.74,43.45,-109,7.0
2026-07-31 04:31:30,Laboratorios Eléctrica Centro,45.97,Group 5 (Vehicle),76.42,46.7,Group 5 (Vehicle),0.0,0.0,46.25,0.0,46.06,3.56,0.54,19.34,0.1,76.42,46.73,45.99,45.4,-101,10.5
2026-07-31 04:32:49,Lobby Civil,38.62,Silence,0.0,39.1,Silence,0.0,0.0,0.0,0.0,0.0,0.0,0.0,0.0,0.0,0.0,38.83,38.66,38.36,-111,6.5
2026-07-31 04:32:57,Pasillo Decanato Civil,20.61,Silence,0.0,21.22,Silence,0.0,0.0,0.0,0.0,0.0,0.0,0.0,0.0,0.0,0.0,21.27,20.7,19.81,-97,12.5
2026-07-31 04:34:10,Salón - Extremo Eléctrica,19.81,Silence,0.0,21.51,Silence,0.0,0.0,0.0,0.0,0.0,0.0,0.0,0.0,0.0,0.0,21.58,19.43,18.56,-87,9.2
2026-07-31 04:34:18,Laboratorios Eléctrica Superior,40.71,Silence,0.0,41.24,Silence,0.0,0.0,0.0,0.0,0.0,0.0,0.0,0.0,0.0,0.0,41.76,40.28,40.03,-117,-3.2
2026-07-31 04:34:36,Salón - Uma Civil,54.28,Mixed,55.77,56.61,Group 5 (Vehicle),0.0,51.19,55.36,0.0,53.48,0.0,5.73,32.42,6.16,55.77,56.58,55.13,49.15,-111,9.5
2026-07-31 04:34:37,Pasillo Decanato Eléctrica,19.6,Silence,0.0,20.51,Silence,0.0,0.0,0.0,0.0,0.0,0.0,0.0,0.0,0.0,0.0,20.24,19.87,18.95,-107,10.0
2026-07-31 04:35:04,Laboratorios Civil Central,50.71,Group 1 (Common),86.43,51.86,Group 1 (Common),50.46,0.0,0.0,0.0,0.0,86.43,7.62,0.0,0.54,5.42,51.76,50.83,48.53,-120,-4.0
2026-07-31 04:35:10,Laboratorios Eléctrica Inferior,47.67,Group 5 (Vehicle),81.64,48.28,Group 5 (Vehicle),0.0,0.0,0.0,0.0,47.94,15.23,1.61,0.04,1.52,81.64,48.28,47.65,46.84,-120,-9.0
2026-07-31 04:35:19,Lobby Eléctrica,33.6,Silence,0.0,34.6,Silence,0.0,0.0,0.0,0.0,0.0,0.0,0.0,0.0,0.0,0.0,34.62,33.66,32.59,-99,12.2
2026-07-31 04:35:22,Laboratorios Civil Inferior,40.63,Silence,0.0,41.17,Silence,0.0,0.0,0.0,0.0,0.0,0.0,0.0,0.0,0.0,0.0,41.22,40.5,40.07,-119,-7.8
2026-07-31 04:35:27,Pasillo Salones Eléctrica,51.98,Mixed,43.14,56.63,Group 2 (Impact),49.42,51.51,0.0,0.0,0.0,20.53,43.14,14.32,6.29,15.67,58.32,50.44,43.89,-99,13.2
2026-07-31 04:35:37,Salón - Uma Eléctrica,45.23,Group 2 (Impact),94.92,46.26,Group 2 (Impact),0.0,45.28,0.0,0.0,0.0,0.95,94.92,0.0,0.69,3.47,46.31,45.01,44.47,-115,6.0
2026-07-31 04:36:04,Salón - Extremo Civil,44.8,Silence,0.0,49.49,Silence,0.0,0.0,0.0,0.0,0.0,0.0,0.0,0.0,0.0,0.0,49.74,44.85,36.1,-81,13.0
2026-07-31 04:36:08,Pasillo Salones Civil,55.9,Group 2 (Impact),96.44,58.58,Group 2 (Impact),0.0,55.97,0.0,0.0,0.0,0.0,96.44,0.26,1.09,2.21,58.71,54.99,52.98,-99,11.2
2026-07-31 04:36:21,Laboratorios Civil Superior,43.53,Silence,0.0,44.07,Silence,0.0,0.0,0.0,0.0,0.0,0.0,0.0,0.0,0.0,0.0,44.1,43.64,42.84,-105,11.5
2026-07-31 04:36:30,Laboratorios Eléctrica Centro,45.55,Group 5 (Vehicle),88.04,46.28,Group 5 (Vehicle),0.0,0.0,0.0,0.0,45.48,2.73,0.1,9.08,0.0,88.04,46.35,45.41,44.91,-120,-6.8
2026-07-31 04:37:49,Lobby Civil,41.84,Silence,0.0,51.93,Silence,0.0,0.0,0.0,0.0,0.0,0.0,0.0,0.0,0.0,0.0,52.68,36.36,34.75,-99,9.0
2026-07-31 04:37:57,Pasillo Decanato Civil,21.44,Silence,0.0,21.98,Silence,0.0,0.0,0.0,0.0,0.0,0.0,0.0,0.0,0.0,0.0,21.95,21.37,20.87,-114,4.5
2026-07-31 04:39:10,Salón - Extremo Eléctrica,17.39,Silence,0.0,18.23,Silence,0.0,0.0,0.0,0.0,0.0,0.0,0.0,0.0,0.0,0.0,18.13,17.38,16.8,-90,10.0
2026-07-31 04:39:18,Laboratorios Eléctrica Superior,40.77,Silence,0.0,41.53,Silence,0.0,0.0,0.0,0.0,0.0,0.0,0.0,0.0,0.0,0.0,41.94,40.67,39.94,-103,8.8
2026-07-31 04:39:36,Salón - Uma Civil,60.87,Group 5 (Vehicle),72.83,65.28,Group 1 (Common),64.98,62.41,0.0,0.0,55.5,11.63,10.03,1.09,4.51,72.83,66.14,56.51,47.45,-120,-5.0
2026-07-31 04:39:37,Pasillo Decanato Eléctrica,19.89,Silence,0.0,21.27,Silence,0.0,0.0,0.0,0.0,0.0,0.0,0.0,0.0,0.0,0.0,21.8,19.52,18.87,-113,2.0
2026-07-31 04:40:04,Laboratorios Civil Central,50.75,Group 1 (Common),88.8,51.55,Group 1 (Common),50.65,0.0,0.0,0.0,0.0,88.8,1.52,0.0,0.3,9.33,51.92,50.87,49.54,-100,11.5
2026-07-31 04:40:10,Laboratorios Eléctrica Inferior,47.77,Mixed,68.32,48.9,Group 5 (Vehicle),47.82,0.0,0.0,0.0,47.97,28.13,0.95,0.26,2.17,68.32,49.11,47.49,46.91,-113,5.2
2026-07-31 04:40:19,Lobby Eléctrica,32.85,Silence,0.0,33.45,Silence,0.0,0.0,0.0,0.0,0.0,0.0,0.0,0.0,0.0,0.0,33.44,32.93,32.29,-91,9.5
2026-07-31 04:40:22,Laboratorios Civil Inferior,41.44,Silence,0.0,42.16,Silence,0.0,0.0,0.0,0.0,0.0,0.0,0.0,0.0,0.0,0.0,42.53,41.33,40.16,-119,-6.0
2026-07-31 04:40:27,Pasillo Salones Eléctrica,39.04,Silence,0.0,41.08,Silence,0.0,0.0,0.0,0.0,0.0,0.0,0.0,0.0,0.0,0.0,41.31,39.21,36.2,-111,3.0
2026-07-31 04:40:37,Salón - Uma Eléctrica,44.56,Silence,0.0,45.16,Silence,0.0,0.0,0.0,0.0,0.0,0.0,0.0,0.0,0.0,0.0,45.1,44.52,44.16,-114,-8.5
2026-07-31 04:41:04,Salón - Extremo Civil,32.23,Silence,0.0,34.01,Silence,0.0,0.0,0.0,0.0,0.0,0.0,0.0,0.0,0.0,0.0,34.02,31.92,30.83,-94,11.8
2026-07-31 04:41:08,Pasillo Salones Civil,56.63,Mixed,49.26,59.59,Group 3 (Rotary Tool),0.0,54.24,57.62,0.0,0.0,0.0,49.26,44.92,0.43,5.34,59.24,56.72,52.04,-114,4.5
2026-07-31 04:41:21,Laboratorios Civil Superior,43.6,Silence,0.0,44.39,Silence,0.0,0.0,0.0,0.0,0.0,0.0,0.0,0.0,0.0,0.0,44.45,43.74,42.22,-113,6.2
2026-07-31 04:41:30,Laboratorios Eléctrica Centro,46.05,Group 5 (Vehicle),91.62,46.72,Group 5 (Vehicle),0.0,0.0,0.0,0.0,46.05,3.21,0.35,4.77,0.04,91.62,46.74,45.98,45.59,-107,7.2
2026-07-31 04:42:49,Lobby Civil,37.8,Silence,0.0,39.39,Silence,0.0,0.0,0.0,0.0,0.0,0.0,0.0,0.0,0.0,0.0,39.6,37.26,36.2,-89,12.0
2026-07-31 04:42:57,Pasillo Decanato Civil,20.61,Silence,0.0,21.44,Silence,0.0,0.0,0.0,0.0,0.0,0.0,0.0,0.0,0.0,0.0,21.75,20.65,19.41,-103,8.8
2026-07-31 04:44:11,Salón - Extremo Eléctrica,23.38,Silence,0.0,25.66,Silence,0.0,0.0,0.0,0.0,0.0,0.0,0.0,0.0,0.0,0.0,26.04,22.01,20.92,-111,5.5
2026-07-31 04:44:18,Laboratorios Eléctrica Superior,40.63,Silence,0.0,41.59,Silence,0.0,0.0,0.0,0.0,0.0,0.0,0.0,0.0,0.0,0.0,41.59,40.56,39.6,-119,-2.5
2026-07-31 04:44:36,Salón - Uma Civil,56.75,Group 2 (Impact),97.96,59.51,Group 2 (Impact),0.0,56.87,0.0,0.0,0.0,0.0,97.96,0.09,1.48,0.39,60.46,55.93,53.2,-102,7.2
2026-07-31 04:44:37,Pasillo Decanato Eléctrica,19.97,Silence,0.0,20.94,Silence,0.0,0.0,0.0,0.0,0.0,0.0,0.0,0.0,0.0,0.0,20.77,19.81,19.18,-109,-7.8
2026-07-31 04:45:05,Laboratorios Civil Central,50.83,Group 1 (Common),93.14,52.12,Group 1 (Common),51.0,0.0,0.0,0.0,0.0,93.14,1.04,0.0,0.09,5.82,52.28,50.63,50.06,-117,-6.2
2026-07-31 04:45:10,Laboratorios Eléctrica Inferior,47.86,Group 5 (Vehicle),85.03,48.81,Group 5 (Vehicle),0.0,0.0,0.0,0.0,47.96,12.72,0.74,0.43,1.09,85.03,48.85,47.75,47.14,-120,-7.2
2026-07-31 04:45:19,Lobby Eléctrica,32.87,Silence,0.0,33.83,Silence,0.0,0.0,0.0,0.0,0.0,0.0,0.0,0.0,0.0,0.0,33.88,32.67,32.07,-93,13.5
2026-07-31 04:45:22,Laboratorios Civil Inferior,40.97,Silence,0.0,41.52,Silence,0.0,0.0,0.0,0.0,0.0,0.0,0.0,0.0,0.0,0.0,41.93,40.97,39.99,-115,4.0
2026-07-31 04:45:27,Pasillo Salones Eléctrica,52.17,Group 2 (Impact),71.92,56.85,Group 2 (Impact),0.0,50.32,0.0,0.0,0.0,0.1,71.92,12.35,6.35,9.28,57.29,50.98,45.73,-96,12.2
2026-07-31 04:45:37,Salón - Uma Eléctrica,44.82,Silence,0.0,45.6,Silence,0.0,0.0,0.0,0.0,0.0,0.0,0.0,0.0,0.0,0.0,45.49,44.71,43.8,-108,6.0
2026-07-31 04:46:04,Salón - Extremo Civil,56.2,Mixed,57.55,60.41,Group 1 (Common),56.18,45.86,0.0,0.0,0.0,57.55,37.93,0.0,0.82,3.65,60.7,53.73,42.85,-103,8.8
2026-07-31 04:46:08,Pasillo Salones Civil,63.29,Mixed,55.47,64.25,Group 5 (Vehicle),62.63,0.0,0.0,0.0,63.86,36.37,5.95,0.13,2.08,55.47,64.32,63.68,61.27,-109,6.2
2026-07-31 04:46:21,Laboratorios Civil Superior,43.75,Silence,0.0,44.76,Silence,0.0,0.0,0.0,0.0,0.0,0.0,0.0,0.0,0.0,0.0,44.91,43.68,42.59,-107,9.5
2026-07-31 04:46:30,Laboratorios Eléctrica Centro,46.17,Mixed,68.32,46.86,Group 5 (Vehicle),0.0,0.0,46.37,0.0,46.08,3.43,1.0,27.26,0.04,68.32,46.97,46.18,45.21,-119,-9.8
2026-07-31 04:47:49,Lobby Civil,34.65,Silence,0.0,36.42,Silence,0.0,0.0,0.0,0.0,0.0,0.0,0.0,0.0,0.0,0.0,37.23,34.39,33.5,-99,12.8
2026-07-31 04:47:57,Pasillo Decanato Civil,20.96,Silence,0.0,21.64,Silence,0.0,0.0,0.0,0.0,0.0,0.0,0.0,0.0,0.0,0.0,21.63,21.21,20.28,-107,2.2
2026-07-31 04:49:11,Salón - Extremo Eléctrica,33.41,Silence,0.0,34.53,Silence,0.0,0.0,0.0,0.0,0.0,0.0,0.0,0.0,0.0,0.0,34.78,33.56,29.94,-87,9.5
2026-07-31 04:49:18,Laboratorios Eléctrica Superior,40.34,Silence,0.0,41.26,Silence,0.0,0.0,0.0,0.0,0.0,0.0,0.0,0.0,0.0,0.0,41.39,40.3,38.94,-119,-2.0
2026-07-31 04:49:36,Salón - Uma Civil,52.38,Mixed,69.7,55.88,Group 5 (Vehicle),0.0,48.64,0.0,0.0,52.36,0.0,27.0,0.26,2.86,69.7,56.17,49.66,47.4,-119,-10.8
2026-07-31 04:49:38,Pasillo Decanato Eléctrica,20.29,Silence,0.0,21.68,Silence,0.0,0.0,0.0,0.0,0.0,0.0,0.0,0.0,0.0,0.0,21.55,20.17,19.32,-106,10.5
2026-07-31 04:50:05,Laboratorios Civil Central,51.13,Group 1 (Common),86.68,52.2,Group 1 (Common),51.32,0.0,0.0,0.0,0.0,86.68,3.04,0.0,0.48,9.85,52.28,51.19,49.93,-119,-11.5
2026-07-31 04:50:10,Laboratorios Eléctrica Inferior,47.5,Mixed,53.69,48.16,Group 5 (Vehicle),47.35,0.0,0.0,0.0,47.64,41.19,3.47,0.04,1.48,53.69,48.29,47.43,46.81,-112,3.8
2026-07-31 04:50:19,Lobby Eléctrica,38.87,Silence,0.0,40.56,Silence,0.0,0.0,0.0,0.0,0.0,0.0,0.0,0.0,0.0,0.0,40.73,38.91,35.56,-91,11.8
2026-07-31 04:50:22,Laboratorios Civil Inferior,40.58,Silence,0.0,41.38,Silence,0.0,0.0,0.0,0.0,0.0,0.0,0.0,0.0,0.0,0.0,41.49,40.53,39.78,-115,-11.5
2026-07-31 04:50:27,Pasillo Salones Eléctrica,37.54,Silence,0.0,38.9,Silence,0.0,0.0,0.0,0.0,0.0,0.0,0.0,0.0,0.0,0.0,38.92,37.08,36.25,-113,3.2
2026-07-31 04:50:37,Salón - Uma Eléctrica,44.44,Silence,0.0,45.14,Silence,0.0,0.0,0.0,0.0,0.0,0.0,0.0,0.0,0.0,0.0,45.15,44.51,43.55,-113,5.2
2026-07-31 04:51:04,Salón - Extremo Civil,47.19,Mixed,46.01,49.37,Group 1 (Common),49.37,45.88,0.0,0.0,48.14,9.68,46.01,2.73,3.78,37.76,50.13,47.41,42.47,-118,-10.0
2026-07-31 04:51:11,Pasillo Salones Civil,63.24,Group 2 (Impact),70.88,64.68,Group 2 (Impact),0.0,62.84,0.0,0.0,64.05,2.95,70.88,0.95,4.73,20.44,64.87,63.06,60.42,-102,11.5
2026-07-31 04:51:21,Laboratorios Civil Superior,43.56,Silence,0.0,44.05,Silence,0.0,0.0,0.0,0.0,0.0,0.0,0.0,0.0,0.0,0.0,44.09,43.73,42.63,-103,3.5
2026-07-31 04:51:30,Laboratorios Eléctrica Centro,45.16,Group 5 (Vehicle),80.64,45.8,Group 5 (Vehicle),0.0,0.0,0.0,0.0,45.25,3.17,0.22,15.89,0.0,80.64,45.63,45.24,44.59,-111,10.2
2026-07-31 04:52:49,Lobby Civil,41.36,Silence,0.0,45.67,Silence,0.0,0.0,0.0,0.0,0.0,0.0,0.0,0.0,0.0,0.0,46.24,38.4,35.15,-111,6.5
2026-07-31 04:52:57,Pasillo Decanato Civil,21.51,Silence,0.0,22.09,Silence,0.0,0.0,0.0,0.0,0.0,0.0,0.0,0.0,0.0,0.0,22.07,21.6,20.77,-105,11.5
2026-07-31 04:54:11,Salón - Extremo Eléctrica,17.38,Silence,0.0,18.32,Silence,0.0,0.0,0.0,0.0,0.0,0.0,0.0,0.0,0.0,0.0,18.16,17.51,16.32,-86,9.5
2026-07-31 04:54:18,Laboratorios Eléctrica Superior,40.99,Silence,0.0,42.06,Silence,0.0,0.0,0.0,0.0,0.0,0.0,0.0,0.0,0.0,0.0,42.02,40.9,40.32,-119,-0.2
2026-07-31 04:54:36,Salón - Uma Civil,49.63,Group 2 (Impact),72.31,51.44,Group 2 (Impact),0.0,50.23,0.0,0.0,50.02,0.0,72.31,0.48,1.56,25.56,51.68,49.55,46.26,-118,-7.8
2026-07-31 04:54:38,Pasillo Decanato Eléctrica,20.95,Silence,0.0,21.81,Silence,0.0,0.0,0.0,0.0,0.0,0.0,0.0,0.0,0.0,0.0,22.01,21.03,19.66,-114,
2026-07-31 04:55:05,Laboratorios Civil Central,50.55,Group 1 (Common),75.95,53.09,Group 1 (Common),51.24,0.0,0.0,0.0,49.86,75.95,3.95,0.0,0.39,19.66,51.12,50.56,49.23,-103,11.2
2026-07-31 04:55:10,Laboratorios Eléctrica Inferior,47.67,Group 5 (Vehicle),77.6,48.55,Group 5 (Vehicle),48.19,0.0,0.0,0.0,47.91,18.19,2.56,0.22,1.43,77.6,48.63,47.74,46.65,-113,7.2
2026-07-31 04:55:19,Lobby Eléctrica,44.95,Silence,0.0,59.69,Silence,0.0,0.0,0.0,0.0,0.0,0.0,0.0,0.0,0.0,0.0,51.28,42.51,38.28,-115,2.0
2026-07-31 04:55:22,Laboratorios Civil Inferior,44.23,Silence,0.0,55.24,Silence,0.0,0.0,0.0,0.0,0.0,0.0,0.0,0.0,0.0,0.0,51.21,41.75,40.73,-117,-8.2
2026-07-31 04:55:27,Pasillo Salones Eléctrica,33.7,Silence,0.0,35.03,Silence,0.0,0.0,0.0,0.0,0.0,0.0,0.0,0.0,0.0,0.0,35.38,33.41,33.01,-113,4.0
2026-07-31 04:55:37,Salón - Uma Eléctrica,43.62,Silence,0.0,44.57,Silence,0.0,0.0,0.0,0.0,0.0,0.0,0.0,0.0,0.0,0.0,44.63,43.43,42.81,-105,3.0
2026-07-31 04:56:04,Salón - Extremo Civil,48.13,Mixed,52.17,52.92,Group 1 (Common),49.97,47.78,0.0,0.0,0.0,52.17,36.98,0.04,2.43,8.33,50.04,48.73,45.58,-83,13.2
2026-07-31 04:56:08,Pasillo Salones Civil,65.22,Mixed,60.94,67.18,Group 5 (Vehicle),64.11,65.78,0.0,0.0,66.38,21.14,11.41,0.04,6.51,60.94,66.82,65.14,63.39,-113,5.0
2026-07-31 04:56:23,Laboratorios Civil Superior,43.92,Silence,0.0,44.97,Silence,0.0,0.0,0.0,0.0,0.0,0.0,0.0,0.0,0.0,0.0,44.75,43.73,43.26,-109,10.5
2026-07-31 04:56:30,Laboratorios Eléctrica Centro,50.16,Group 5 (Vehicle),97.61,52.8,Group 5 (Vehicle),0.0,0.0,0.0,0.0,50.13,1.78,0.0,0.65,0.0,97.61,53.64,49.02,47.81,-105,7.5
2026-07-31 04:57:49,Lobby Civil,37.46,Silence,0.0,39.17,Silence,0.0,0.0,0.0,0.0,0.0,0.0,0.0,0.0,0.0,0.0,39.32,37.21,35.6,-96,11.8
2026-07-31 04:57:57,Pasillo Decanato Civil,20.5,Silence,0.0,21.36,Silence,0.0,0.0,0.0,0.0,0.0,0.0,0.0,0.0,0.0,0.0,21.37,20.54,19.94,-115,1.2
2026-07-31 04:59:11,Salón - Extremo Eléctrica,17.26,Silence,0.0,18.03,Silence,0.0,0.0,0.0,0.0,0.0,0.0,0.0,0.0,0.0,0.0,18.26,17.3,16.06,-112,3.8
2026-07-31 04:59:18,Laboratorios Eléctrica Superior,40.82,Silence,0.0,41.43,Silence,0.0,0.0,0.0,0.0,0.0,0.0,0.0,0.0,0.0,0.0,41.29,40.82,40.24,-117,0.2
2026-07-31 04:59:36,Salón - Uma Civil,54.75,Mixed,46.24,56.92,Group 2 (Impact),0.0,56.06,55.07,0.0,55.07,0.0,33.89,46.24,3.42,16.41,56.66,54.41,51.55,-119,-8.2
2026-07-31 04:59:38,Pasillo Decanato Eléctrica,19.43,Silence,0.0,20.9,Silence,0.0,0.0,0.0,0.0,0.0,0.0,0.0,0.0,0.0,0.0,21.34,18.85,18.41,-117,3.0
2026-07-31 05:00:05,Laboratorios Civil Central,51.33,Group 1 (Common),94.01,53.27,Group 1 (Common),51.46,0.0,0.0,0.0,0.0,94.01,1.35,0.0,0.26,4.47,53.68,50.51,49.78,-101,11.5
2026-07-31 05:00:10,Laboratorios Eléctrica Inferior,47.32,Group 5 (Vehicle),76.35,47.92,Group 5 (Vehicle),47.71,0.0,0.0,0.0,47.54,22.7,0.48,0.04,0.39,76.35,47.78,47.44,45.92,-107,7.8
2026-07-31 05:00:19,Lobby Eléctrica,37.35,Silence,0.0,38.61,Silence,0.0,0.0,0.0,0.0,0.0,0.0,0.0,0.0,0.0,0.0,39.03,37.33,34.31,-114,2.0
2026-07-31 05:00:22,Laboratorios Civil Inferior,40.69,Silence,0.0,41.38,Silence,0.0,0.0,0.0,0.0,0.0,0.0,0.0,0.0,0.0,0.0,41.4,40.59,40.02,-120,-6.8
2026-07-31 05:00:27,Pasillo Salones Eléctrica,49.34,Mixed,55.16,52.85,Group 3 (Rotary Tool),0.0,47.54,49.87,0.0,0.0,0.78,55.16,29.73,1.22,13.02,54.32,48.84,40.44,-100,11.5
2026-07-31 05:00:37,Salón - Uma Eléctrica,44.32,Silence,0.0,45.19,Silence,0.0,0.0,0.0,0.0,0.0,0.0,0.0,0.0,0.0,0.0,45.31,43.98,43.47,-108,9.0
2026-07-31 05:01:04,Salón - Extremo Civil,50.5,Mixed,41.88,54.18,Group 1 (Common),51.61,48.3,0.0,0.0,0.0,40.97,41.88,0.22,1.17,15.89,53.8,48.57,45.51,-83,14.8
2026-07-31 05:01:08,Pasillo Salones Civil,72.21,Mixed,36.59,75.43,Group 4 (Person),68.55,68.22,0.0,72.04,0.0,30.47,32.55,0.0,36.59,0.35,75.81,70.83,63.93,-103,11.5
2026-07-31 05:01:21,Laboratorios Civil Superior,43.81,Silence,0.0,44.74,Silence,0.0,0.0,0.0,0.0,0.0,0.0,0.0,0.0,0.0,0.0,44.48,43.85,42.98,-97,12.8
2026-07-31 05:01:30,Laboratorios Eléctrica Centro,45.9,Group 5 (Vehicle),84.03,46.71,Group 5 (Vehicle),0.0,0.0,46.13,0.0,46.0,2.86,0.52,12.63,0.04,84.03,46.35,45.92,45.5,-107,10.0
2026-07-31 05:02:49,Lobby Civil,34.17,Silence,0.0,35.82,Silence,0.0,0.0,0.0,0.0,0.0,0.0,0.0,0.0,0.0,0.0,36.02,33.99,32.8,-91,13.0
2026-07-31 05:02:57,Pasillo Decanato Civil,20.58,Silence,0.0,21.32,Silence,0.0,0.0,0.0,0.0,0.0,0.0,0.0,0.0,0.0,0.0,21.11,20.61,20.15,-115,5.2
2026-07-31 05:04:11,Salón - Extremo Eléctrica,16.73,Silence,0.0,17.39,Silence,0.0,0.0,0.0,0.0,0.0,0.0,0.0,0.0,0.0,0.0,17.64,16.57,16.06,-85,9.8
2026-07-31 05:04:18,Laboratorios Eléctrica Superior,40.73,Silence,0.0,41.6,Silence,0.0,0.0,0.0,0.0,0.0,0.0,0.0,0.0,0.0,0.0,41.66,40.68,39.75,-115,-4.2
2026-07-31 05:04:36,Salón - Uma Civil,58.23,Mixed,50.59,63.4,Group 1 (Common),62.54,0.0,0.0,0.0,58.48,38.13,5.96,0.63,4.54,50.59,63.01,53.16,51.0,-118,-5.8
2026-07-31 05:04:38,Pasillo Decanato Eléctrica,19.64,Silence,0.0,20.92,Silence,0.0,0.0,0.0,0.0,0.0,0.0,0.0,0.0,0.0,0.0,20.56,19.54,18.67,-103,10.0
2026-07-31 05:05:05,Laboratorios Civil Central,50.83,Group 1 (Common),90.93,51.96,Group 1 (Common),51.21,0.0,0.0,0.0,0.0,90.93,1.13,0.0,0.35,7.68,51.71,50.97,48.91,-105,9.0
2026-07-31 05:05:10,Laboratorios Eléctrica Inferior,47.3,Group 5 (Vehicle),75.56,48.03,Group 5 (Vehicle),47.26,0.0,0.0,0.0,47.45,21.35,1.65,0.17,1.26,75.56,48.09,47.3,46.15,-111,8.2
2026-07-31 05:05:19,Lobby Eléctrica,30.16,Silence,0.0,30.9,Silence,0.0,0.0,0.0,0.0,0.0,0.0,0.0,0.0,0.0,0.0,30.73,30.14,29.69,-91,8.2
2026-07-31 05:05:22,Laboratorios Civil Inferior,45.02,Group 2 (Impact),73.39,53.02,Group 2 (Impact),0.0,46.66,0.0,0.0,0.0,6.34,73.39,1.3,3.69,15.36,50.71,42.61,41.46,-115,-0.2
2026-07-31 05:05:27,Pasillo Salones Eléctrica,33.4,Silence,0.0,34.2,Silence,0.0,0.0,0.0,0.0,0.0,0.0,0.0,0.0,0.0,0.0,34.23,33.36,32.27,-113,3.8
2026-07-31 05:05:37,Salón - Uma Eléctrica,56.69,Mixed,47.53,62.11,Group 2 (Impact),53.81,59.11,0.0,0.0,54.74,6.42,40.89,0.65,4.6,47.53,63.31,51.31,46.03,-107,11.0
2026-07-31 05:06:04,Salón - Extremo Civil,37.89,Silence,0.0,42.71,Silence,0.0,0.0,0.0,0.0,0.0,0.0,0.0,0.0,0.0,0.0,43.43,35.92,32.79,-79,13.0
2026-07-31 05:06:08,Pasillo Salones Civil,62.23,Group 2 (Impact),73.19,66.15,Group 2 (Impact),0.0,63.68,62.75,0.0,0.0,0.0,73.19,15.72,0.34,10.69,64.74,61.88,56.82,-114,4.0
2026-07-31 05:06:21,Laboratorios Civil Superior,44.66,Silence,0.0,45.65,Silence,0.0,0.0,0.0,0.0,0.0,0.0,0.0,0.0,0.0,0.0,45.13,44.58,44.01,-111,6.5
2026-07-31 05:06:30,Laboratorios Eléctrica Centro,57.64,Group 5 (Vehicle),95.1,62.65,Group 5 (Vehicle),0.0,0.0,0.0,0.0,55.75,2.0,0.56,2.13,0.35,95.1,63.95,54.03,45.97,-105,11.8
2026-07-31 05:07:49,Lobby Civil,43.73,Silence,0.0,50.86,Silence,0.0,0.0,0.0,0.0,0.0,0.0,0.0,0.0,0.0,0.0,52.47,38.76,36.07,-95,11.8
2026-07-31 05:07:57,Pasillo Decanato Civil,21.49,Silence,0.0,23.72,Silence,0.0,0.0,0.0,0.0,0.0,0.0,0.0,0.0,0.0,0.0,22.17,21.65,20.53,-113,5.0
2026-07-31 05:09:11,Salón - Extremo Eléctrica,30.52,Silence,0.0,36.34,Silence,0.0,0.0,0.0,0.0,0.0,0.0,0.0,0.0,0.0,0.0,36.67,26.45,19.13,-86,7.2
2026-07-31 05:09:18,Laboratorios Eléctrica Superior,45.28,Mixed,40.89,51.04,Group 2 (Impact),42.19,44.27,0.0,0.0,42.82,37.93,40.89,0.0,1.78,19.44,52.85,43.36,40.69,-95,11.5
2026-07-31 05:09:36,Salón - Uma Civil,59.01,Group 5 (Vehicle),96.22,60.62,Group 5 (Vehicle),0.0,0.0,0.0,0.0,58.89,0.0,0.13,3.08,0.35,96.22,60.75,58.09,57.37,-109,8.8
2026-07-31 05:09:38,Pasillo Decanato Eléctrica,21.1,Silence,0.0,23.36,Silence,0.0,0.0,0.0,0.0,0.0,0.0,0.0,0.0,0.0,0.0,23.49,20.77,19.63,-106,10.0
2026-07-31 05:10:05,Laboratorios Civil Central,50.03,Group 1 (Common),83.85,50.71,Group 1 (Common),50.28,0.0,0.0,0.0,0.0,83.85,3.52,0.0,0.26,12.37,51.02,50.0,49.47,-120,-5.2
2026-07-31 05:10:10,Laboratorios Eléctrica Inferior,47.32,Mixed,58.33,48.48,Group 1 (Common),48.01,46.81,0.0,0.0,47.6,28.21,11.41,0.39,1.65,58.33,48.57,47.31,46.28,-111,5.2
2026-07-31 05:10:19,Lobby Eléctrica,36.15,Silence,0.0,37.88,Silence,0.0,0.0,0.0,0.0,0.0,0.0,0.0,0.0,0.0,0.0,38.17,36.14,34.64,-88,12.0
2026-07-31 05:10:22,Laboratorios Civil Inferior,40.69,Silence,0.0,41.22,Silence,0.0,0.0,0.0,0.0,0.0,0.0,0.0,0.0,0.0,0.0,41.15,40.66,39.97,-119,-9.0
2026-07-31 05:10:27,Pasillo Salones Eléctrica,46.49,Mixed,26.74,49.73,Group 5 (Vehicle),45.11,0.0,47.0,47.51,49.46,26.74,10.81,18.53,26.52,17.58,50.18,46.41,39.95,-99,12.0
2026-07-31 05:10:37,Salón - Uma Eléctrica,49.74,Group 1 (Common),75.78,53.83,Group 1 (Common),50.56,46.41,0.0,0.0,0.0,75.78,17.8,0.04,5.21,1.13,54.65,47.87,45.0,-117,1.2
2026-07-31 05:11:04,Salón - Extremo Civil,62.63,Group 5 (Vehicle),76.86,63.9,Group 5 (Vehicle),61.89,0.0,0.0,0.0,62.23,8.59,5.03,1.66,7.81,76.86,63.95,62.47,61.21,-87,13.8
2026-07-31 05:11:08,Pasillo Salones Civil,74.35,Group 5 (Vehicle),93.36,75.27,Group 5 (Vehicle),0.0,0.0,0.0,0.0,74.29,0.49,3.76,0.05,2.2,93.36,75.51,74.14,73.07,-114,5.2
2026-07-31 05:11:21,Laboratorios Civil Superior,44.76,Silence,0.0,46.48,Silence,0.0,0.0,0.0,0.0,0.0,0.0,0.0,0.0,0.0,0.0,46.9,44.85,42.67,-113,7.0
2026-07-31 05:11:30,Laboratorios Eléctrica Centro,46.23,Mixed,66.02,46.7,Group 5 (Vehicle),0.0,0.0,46.06,0.0,46.24,0.98,1.66,31.25,0.0,66.02,46.77,46.15,45.45,-105,4.2
2026-07-31 05:12:49,Lobby Civil,42.36,Silence,0.0,44.49,Silence,0.0,0.0,0.0,0.0,0.0,0.0,0.0,0.0,0.0,0.0,45.0,42.85,37.03,-97,12.8
2026-07-31 05:12:57,Pasillo Decanato Civil,20.99,Silence,0.0,22.2,Silence,0.0,0.0,0.0,0.0,0.0,0.0,0.0,0.0,0.0,0.0,22.35,21.04,20.1,-88,12.5
2026-07-31 05:14:11,Salón - Extremo Eléctrica,18.63,Silence,0.0,24.24,Silence,0.0,0.0,0.0,0.0,0.0,0.0,0.0,0.0,0.0,0.0,20.81,18.43,17.39,-109,3.5
2026-07-31 05:14:18,Laboratorios Eléctrica Superior,41.08,Silence,0.0,41.75,Silence,0.0,0.0,0.0,0.0,0.0,0.0,0.0,0.0,0.0,0.0,41.85,41.24,39.75,-116,-1.5
2026-07-31 05:14:36,Salón - Uma Civil,56.02,Mixed,60.85,59.81,Group 2 (Impact),56.28,56.88,0.0,0.0,55.2,60.85,14.15,0.0,8.12,17.1,59.64,53.92,50.28,-113,6.5
2026-07-31 05:14:38,Pasillo Decanato Eléctrica,19.98,Silence,0.0,21.01,Silence,0.0,0.0,0.0,0.0,0.0,0.0,0.0,0.0,0.0,0.0,20.71,20.19,19.23,-107,10.2
2026-07-31 05:15:05,Laboratorios Civil Central,50.29,Group 1 (Common),77.99,51.05,Group 1 (Common),50.33,50.24,0.0,0.0,0.0,77.99,11.5,0.0,0.74,9.68,51.29,50.14,49.69,-103,11.2
2026-07-31 05:15:10,Laboratorios Eléctrica Inferior,47.67,Mixed,65.28,48.54,Group 5 (Vehicle),47.6,0.0,0.0,0.0,47.45,32.64,0.87,0.09,1.09,65.28,48.39,47.69,46.76,-119,-7.2
2026-07-31 05:15:19,Lobby Eléctrica,46.51,Mixed,52.26,47.04,Group 3 (Rotary Tool),0.0,46.38,46.52,0.0,0.0,0.0,32.51,52.26,0.39,14.8,47.06,46.49,45.85,-97,11.8
2026-07-31 05:15:22,Laboratorios Civil Inferior,40.45,Silence,0.0,41.02,Silence,0.0,0.0,0.0,0.0,0.0,0.0,0.0,0.0,0.0,0.0,41.13,40.42,39.63,-120,-10.5
2026-07-31 05:15:27,Pasillo Salones Eléctrica,33.4,Silence,0.0,34.13,Silence,0.0,0.0,0.0,0.0,0.0,0.0,0.0,0.0,0.0,0.0,33.81,33.23,32.95,-99,11.5
2026-07-31 05:15:37,Salón - Uma Eléctrica,44.2,Silence,0.0,44.87,Silence,0.0,0.0,0.0,0.0,0.0,0.0,0.0,0.0,0.0,0.0,44.74,44.22,43.47,-117,3.0
2026-07-31 05:16:04,Salón - Extremo Civil,44.38,Silence,0.0,51.32,Silence,0.0,0.0,0.0,0.0,0.0,0.0,0.0,0.0,0.0,0.0,46.81,42.66,41.49,-97,12.2
2026-07-31 05:16:08,Pasillo Salones Civil,58.04,Mixed,57.51,61.34,Group 5 (Vehicle),57.86,0.0,0.0,0.0,59.66,39.32,0.87,1.95,0.26,57.51,59.5,57.68,56.8,-100,10.5
2026-07-31 05:16:21,Laboratorios Civil Superior,43.4,Silence,0.0,44.19,Silence,0.0,0.0,0.0,0.0,0.0,0.0,0.0,0.0,0.0,0.0,44.2,43.28,42.69,-105,8.0
2026-07-31 05:16:30,Laboratorios Eléctrica Centro,46.36,Group 5 (Vehicle),93.36,47.23,Group 5 (Vehicle),0.0,0.0,0.0,0.0,46.53,1.32,0.05,5.32,0.0,93.36,47.59,46.08,45.78,-103,10.2
2026-07-31 05:17:49,Lobby Civil,36.85,Silence,0.0,37.62,Silence,0.0,0.0,0.0,0.0,0.0,0.0,0.0,0.0,0.0,0.0,37.74,36.74,36.27,-87,12.0
2026-07-31 05:17:57,Pasillo Decanato Civil,20.02,Silence,0.0,20.95,Silence,0.0,0.0,0.0,0.0,0.0,0.0,0.0,0.0,0.0,0.0,20.39,20.1,19.4,-107,11.2
2026-07-31 05:19:11,Salón - Extremo Eléctrica,17.45,Silence,0.0,18.61,Silence,0.0,0.0,0.0,0.0,0.0,0.0,0.0,0.0,0.0,0.0,18.83,17.09,16.4,-89,9.8
2026-07-31 05:19:18,Laboratorios Eléctrica Superior,40.61,Silence,0.0,41.45,Silence,0.0,0.0,0.0,0.0,0.0,0.0,0.0,0.0,0.0,0.0,41.25,40.67,40.04,-117,-0.2
2026-07-31 05:19:36,Salón - Uma Civil,50.45,Mixed,68.27,51.43,Group 5 (Vehicle),0.0,50.09,50.5,0.0,51.56,1.48,68.27,8.98,4.04,17.27,51.62,50.66,47.89,-119,-9.8
2026-07-31 05:19:38,Pasillo Decanato Eléctrica,19.7,Silence,0.0,20.92,Silence,0.0,0.0,0.0,0.0,0.0,0.0,0.0,0.0,0.0,0.0,21.22,19.52,18.57,-107,11.2
2026-07-31 05:20:05,Laboratorios Civil Central,50.35,Group 1 (Common),92.68,51.14,Group 1 (Common),50.41,0.0,0.0,0.0,0.0,92.68,4.35,0.0,0.63,2.49,50.95,50.61,49.23,-105,11.5
2026-07-31 05:20:10,Laboratorios Eléctrica Inferior,47.75,Mixed,57.86,48.77,Group 5 (Vehicle),47.72,0.0,0.0,0.0,48.24,31.34,8.94,0.04,1.69,57.86,48.98,47.67,46.78,-114,1.5
2026-07-31 05:20:19,Lobby Eléctrica,36.31,Silence,0.0,38.26,Silence,0.0,0.0,0.0,0.0,0.0,0.0,0.0,0.0,0.0,0.0,39.28,35.23,33.29,-93,13.5
2026-07-31 05:20:22,Laboratorios Civil Inferior,40.09,Silence,0.0,41.37,Silence,0.0,0.0,0.0,0.0,0.0,0.0,0.0,0.0,0.0,0.0,40.78,39.96,39.28,-120,-12.5
2026-07-31 05:20:27,Pasillo Salones Eléctrica,32.52,Silence,0.0,33.84,Silence,0.0,0.0,0.0,0.0,0.0,0.0,0.0,0.0,0.0,0.0,33.16,32.58,31.82,-114,5.0
2026-07-31 05:20:37,Salón - Uma Eléctrica,44.52,Silence,0.0,45.48,Silence,0.0,0.0,0.0,0.0,0.0,0.0,0.0,0.0,0.0,0.0,45.79,44.48,43.97,-119,0.2
2026-07-31 05:21:04,Salón - Extremo Civil,51.75,Mixed,53.3,55.89,Group 1 (Common),53.79,0.0,51.3,0.0,0.0,45.7,0.69,53.3,0.0,0.26,54.77,50.94,48.97,-100,9.2
2026-07-31 05:21:08,Pasillo Salones Civil,66.84,Group 1 (Common),90.49,68.42,Group 1 (Common),67.37,0.0,0.0,0.0,66.21,90.49,0.17,0.0,0.61,8.64,68.29,67.21,62.09,-102,8.5
2026-07-31 05:21:21,Laboratorios Civil Superior,43.58,Silence,0.0,44.46,Silence,0.0,0.0,0.0,0.0,0.0,0.0,0.0,0.0,0.0,0.0,44.11,43.53,42.77,-113,4.8
2026-07-31 05:21:30,Laboratorios Eléctrica Centro,45.86,Group 5 (Vehicle),77.82,46.87,Group 5 (Vehicle),45.34,0.0,0.0,0.0,46.1,11.24,0.35,10.55,0.04,77.82,46.77,45.86,44.8,-119,-7.0
2026-07-31 05:22:49,Lobby Civil,45.85,Mixed,59.2,48.88,Group 1 (Common),46.82,0.0,45.97,0.0,0.0,59.2,5.86,18.49,0.22,16.06,49.12,45.65,41.26,-109,8.0
2026-07-31 05:24:11,Salón - Extremo Eléctrica,17.05,Silence,0.0,17.92,Silence,0.0,0.0,0.0,0.0,0.0,0.0,0.0,0.0,0.0,0.0,17.92,17.15,15.98,-113,3.2
2026-07-31 05:24:18,Laboratorios Eléctrica Superior,40.58,Silence,0.0,41.87,Silence,0.0,0.0,0.0,0.0,0.0,0.0,0.0,0.0,0.0,0.0,41.33,40.39,40.02,-100,11.8
2026-07-31 05:24:36,Salón - Uma Civil,57.11,Group 1 (Common),84.55,59.22,Group 1 (Common),57.48,53.34,0.0,0.0,0.0,84.55,6.99,3.91,0.74,3.86,59.25,57.49,52.37,-120,-7.8
2026-07-31 05:24:38,Pasillo Decanato Eléctrica,19.87,Silence,0.0,21.26,Silence,0.0,0.0,0.0,0.0,0.0,0.0,0.0,0.0,0.0,0.0,21.08,19.79,19.2,-105,9.8
2026-07-31 05:25:05,Laboratorios Civil Central,52.51,Mixed,41.84,55.35,Group 1 (Common),53.55,53.02,0.0,0.0,0.0,36.85,41.84,0.0,3.21,18.01,54.31,52.74,50.16,-120,-6.2
2026-07-31 05:25:10,Laboratorios Eléctrica Inferior,47.66,Group 5 (Vehicle),77.25,48.46,Group 1 (Common),47.94,0.0,0.0,0.0,47.47,19.82,1.86,0.0,1.07,77.25,48.19,47.65,47.24,-120,-10.0
2026-07-31 05:25:19,Lobby Eléctrica,30.48,Silence,0.0,31.41,Silence,0.0,0.0,0.0,0.0,0.0,0.0,0.0,0.0,0.0,0.0,31.81,30.14,29.76,-101,13.0
2026-07-31 05:25:22,Laboratorios Civil Inferior,44.9,Silence,0.0,46.78,Silence,0.0,0.0,0.0,0.0,0.0,0.0,0.0,0.0,0.0,0.0,47.34,44.63,42.72,-118,-8.5
2026-07-31 05:25:27,Pasillo Salones Eléctrica,34.37,Silence,0.0,35.2,Silence,0.0,0.0,0.0,0.0,0.0,0.0,0.0,0.0,0.0,0.0,35.27,34.34,33.29,-114,2.5
2026-07-31 05:25:37,Salón - Uma Eléctrica,43.88,Silence,0.0,44.67,Silence,0.0,0.0,0.0,0.0,0.0,0.0,0.0,0.0,0.0,0.0,44.5,43.94,42.65,-106,10.2
2026-07-31 05:26:04,Salón - Extremo Civil,57.97,Group 2 (Impact),72.05,58.55,Group 2 (Impact),0.0,58.05,0.0,0.0,58.14,2.91,72.05,1.78,5.38,18.01,58.51,58.02,57.42,-102,11.0
2026-07-31 05:26:08,Pasillo Salones Civil,74.25,Group 5 (Vehicle),70.75,75.56,Group 5 (Vehicle),74.24,0.0,0.0,0.0,74.18,20.1,2.47,0.69,5.95,70.75,75.91,74.12,72.64,-107,12.5
2026-07-31 05:26:21,Laboratorios Civil Superior,43.24,Silence,0.0,44.21,Silence,0.0,0.0,0.0,0.0,0.0,0.0,0.0,0.0,0.0,0.0,43.82,43.24,42.53,-107,10.5
2026-07-31 05:26:30,Laboratorios Eléctrica Centro,45.62,Group 5 (Vehicle),87.07,46.37,Group 5 (Vehicle),0.0,0.0,0.0,0.0,45.6,2.52,0.35,10.11,0.0,87.07,46.45,45.54,44.57,-116,-3.5
2026-07-31 05:27:49,Lobby Civil,42.86,Silence,0.0,44.56,Silence,0.0,0.0,0.0,0.0,0.0,0.0,0.0,0.0,0.0,0.0,43.9,42.75,41.97,-90,12.0
2026-07-31 05:27:57,Pasillo Decanato Civil,21.18,Silence,0.0,22.33,Silence,0.0,0.0,0.0,0.0,0.0,0.0,0.0,0.0,0.0,0.0,22.45,20.93,20.64,-89,7.5
2026-07-31 05:29:11,Salón - Extremo Eléctrica,17.84,Silence,0.0,18.86,Silence,0.0,0.0,0.0,0.0,0.0,0.0,0.0,0.0,0.0,0.0,18.71,17.68,17.36,-118,-1.5
2026-07-31 05:29:18,Laboratorios Eléctrica Superior,40.85,Silence,0.0,41.63,Silence,0.0,0.0,0.0,0.0,0.0,0.0,0.0,0.0,0.0,0.0,41.64,40.77,40.05,-101,12.8
2026-07-31 05:29:36,Salón - Uma Civil,52.67,Mixed,51.35,53.66,Group 5 (Vehicle),52.9,52.59,0.0,0.0,52.58,17.66,51.35,0.26,8.85,21.92,53.72,52.56,51.39,-102,-1.0
2026-07-31 05:29:38,Pasillo Decanato Eléctrica,22.4,Silence,0.0,24.35,Silence,0.0,0.0,0.0,0.0,0.0,0.0,0.0,0.0,0.0,0.0,24.58,21.63,20.3,-115,1.2
2026-07-31 05:30:05,Laboratorios Civil Central,50.89,Group 1 (Common),85.2,51.89,Group 1 (Common),51.08,0.0,0.0,0.0,0.0,85.2,0.95,0.0,0.22,13.59,51.61,50.89,49.61,-103,10.2
2026-07-31 05:30:10,Laboratorios Eléctrica Inferior,48.69,Group 5 (Vehicle),74.9,51.42,Group 5 (Vehicle),49.98,0.0,0.0,0.0,48.41,23.58,0.73,0.05,0.59,74.9,51.91,48.29,47.04,-119,-7.2
2026-07-31 05:30:19,Lobby Eléctrica,32.14,Silence,0.0,32.99,Silence,0.0,0.0,0.0,0.0,0.0,0.0,0.0,0.0,0.0,0.0,33.06,32.13,31.23,-95,13.5
2026-07-31 05:30:22,Laboratorios Civil Inferior,54.69,Mixed,57.86,56.99,Group 1 (Common),55.54,55.43,0.0,0.0,0.0,37.89,57.86,0.0,4.34,0.0,56.76,54.49,47.86,-118,-6.5
2026-07-31 05:30:27,Pasillo Salones Eléctrica,32.84,Silence,0.0,33.93,Silence,0.0,0.0,0.0,0.0,0.0,0.0,0.0,0.0,0.0,0.0,34.35,32.57,32.12,-113,2.0
2026-07-31 05:30:37,Salón - Uma Eléctrica,44.21,Silence,0.0,44.99,Silence,0.0,0.0,0.0,0.0,0.0,0.0,0.0,0.0,0.0,0.0,44.77,44.16,43.82,-115,2.8
2026-07-31 05:31:04,Salón - Extremo Civil,43.21,Silence,0.0,44.87,Silence,0.0,0.0,0.0,0.0,0.0,0.0,0.0,0.0,0.0,0.0,44.87,43.69,40.89,-119,-10.2
2026-07-31 05:31:08,Pasillo Salones Civil,60.65,Group 1 (Common),71.05,63.62,Group 1 (Common),60.14,0.0,58.56,0.0,57.48,71.05,0.09,5.34,3.52,19.92,63.67,59.4,55.01,-111,8.5
2026-07-31 05:31:21,Laboratorios Civil Superior,43.76,Silence,0.0,44.22,Silence,0.0,0.0,0.0,0.0,0.0,0.0,0.0,0.0,0.0,0.0,44.46,43.79,42.5,-100,10.5
2026-07-31 05:31:30,Laboratorios Eléctrica Centro,46.53,Group 5 (Vehicle),81.55,47.21,Group 5 (Vehicle),0.0,46.12,0.0,0.0,46.46,0.17,11.72,6.51,0.0,81.55,47.46,46.4,46.22,-117,-2.5
2026-07-31 05:32:49,Lobby Civil,47.69,Mixed,35.64,50.39,Group 1 (Common),49.68,46.73,47.54,0.0,45.3,19.34,35.64,16.7,1.17,27.05,50.59,47.03,44.83,-103,12.8
2026-07-31 05:32:57,Pasillo Decanato Civil,21.39,Silence,0.0,22.27,Silence,0.0,0.0,0.0,0.0,0.0,0.0,0.0,0.0,0.0,0.0,22.25,21.28,20.56,-107,9.2
2026-07-31 05:34:14,Salón - Extremo Eléctrica,17.22,Silence,0.0,17.85,Silence,0.0,0.0,0.0,0.0,0.0,0.0,0.0,0.0,0.0,0.0,17.9,17.27,16.27,-90,9.5
2026-07-31 05:34:18,Laboratorios Eléctrica Superior,41.15,Silence,0.0,42.03,Silence,0.0,0.0,0.0,0.0,0.0,0.0,0.0,0.0,0.0,0.0,42.1,41.27,40.23,-99,11.2
2026-07-31 05:34:36,Salón - Uma Civil,57.72,Group 1 (Common),76.35,59.87,Group 1 (Common),57.35,0.0,0.0,0.0,58.03,76.35,4.69,0.0,7.9,11.07,59.75,58.04,54.15,-109,9.0
2026-07-31 05:34:38,Pasillo Decanato Eléctrica,19.6,Silence,0.0,20.81,Silence,0.0,0.0,0.0,0.0,0.0,0.0,0.0,0.0,0.0,0.0,20.49,19.57,18.91,-106,7.8
2026-07-31 05:35:05,Laboratorios Civil Central,51.2,Group 1 (Common),83.94,52.47,Group 1 (Common),51.5,0.0,0.0,0.0,51.02,83.94,1.3,0.0,0.09,14.63,52.62,51.19,48.96,-102,11.0
2026-07-31 05:35:10,Laboratorios Eléctrica Inferior,48.87,Mixed,62.98,51.99,Group 1 (Common),49.85,0.0,0.0,0.0,48.56,62.98,4.3,0.22,1.52,30.99,49.83,48.95,47.76,-113,-5.2
2026-07-31 05:35:19,Lobby Eléctrica,47.95,Mixed,50.09,53.95,Group 1 (Common),49.92,0.0,0.0,0.0,39.36,50.09,14.84,1.13,10.37,23.52,54.91,43.82,38.02,-115,3.5
2026-07-31 05:35:22,Laboratorios Civil Inferior,41.24,Silence,0.0,41.96,Silence,0.0,0.0,0.0,0.0,0.0,0.0,0.0,0.0,0.0,0.0,41.95,41.39,40.41,-118,-5.0
2026-07-31 05:35:27,Pasillo Salones Eléctrica,32.95,Silence,0.0,33.85,Silence,0.0,0.0,0.0,0.0,0.0,0.0,0.0,0.0,0.0,0.0,33.83,32.77,32.32,-101,9.0
2026-07-31 05:35:37,Salón - Uma Eléctrica,44.4,Silence,0.0,45.05,Silence,0.0,0.0,0.0,0.0,0.0,0.0,0.0,0.0,0.0,0.0,45.01,44.25,43.83,-102,1.8
2026-07-31 05:36:04,Salón - Extremo Civil,56.74,Mixed,53.78,61.34,Group 1 (Common),56.08,45.18,0.0,0.0,0.0,53.78,37.24,0.0,0.43,8.59,61.59,53.56,42.18,-83,13.2
2026-07-31 05:36:08,Pasillo Salones Civil,63.38,Mixed,47.7,65.6,Group 1 (Common),63.8,61.94,0.0,0.0,0.0,43.36,47.7,0.22,1.39,7.29,65.83,63.54,61.08,-113,6.0
2026-07-31 05:36:21,Laboratorios Civil Superior,46.95,Group 1 (Common),80.12,49.09,Group 1 (Common),46.87,0.0,0.0,0.0,0.0,80.12,0.69,2.39,0.0,16.75,50.08,46.76,44.16,-112,6.8
2026-07-31 05:36:30,Laboratorios Eléctrica Centro,56.91,Mixed,62.28,63.22,Group 3 (Rotary Tool),52.5,0.0,57.98,0.0,47.41,62.28,1.95,6.81,0.35,28.69,64.81,51.92,46.95,-101,9.0
2026-07-31 05:37:49,Lobby Civil,54.6,Group 1 (Common),91.84,57.12,Group 1 (Common),54.79,0.0,0.0,0.0,0.0,91.84,0.3,0.39,0.82,6.6,57.41,53.99,52.95,-102,12.0
2026-07-31 05:37:57,Pasillo Decanato Civil,22.7,Silence,0.0,23.36,Silence,0.0,0.0,0.0,0.0,0.0,0.0,0.0,0.0,0.0,0.0,23.21,22.6,22.16,-113,0.5
2026-07-31 05:39:11,Salón - Extremo Eléctrica,18.68,Silence,0.0,19.55,Silence,0.0,0.0,0.0,0.0,0.0,0.0,0.0,0.0,0.0,0.0,19.7,18.75,17.28,-91,10.0
2026-07-31 05:39:25,Laboratorios Eléctrica Superior,40.6,Silence,0.0,41.2,Silence,0.0,0.0,0.0,0.0,0.0,0.0,0.0,0.0,0.0,0.0,41.24,40.66,39.04,-95,9.0
2026-07-31 05:39:36,Salón - Uma Civil,49.32,Mixed,58.01,51.24,Group 1 (Common),49.68,48.33,0.0,48.42,0.0,26.66,58.01,0.29,13.48,1.51,51.96,48.68,47.67,-96,8.0
2026-07-31 05:39:38,Pasillo Decanato Eléctrica,22.79,Silence,0.0,23.55,Silence,0.0,0.0,0.0,0.0,0.0,0.0,0.0,0.0,0.0,0.0,23.22,22.91,21.4,-115,-2.0
2026-07-31 05:40:05,Laboratorios Civil Central,50.76,Group 1 (Common),90.06,51.62,Group 1 (Common),50.74,0.0,0.0,0.0,0.0,90.06,1.3,0.0,0.22,8.46,51.96,50.66,49.54,-105,6.8
2026-07-31 05:40:10,Laboratorios Eléctrica Inferior,48.17,Group 5 (Vehicle),78.95,49.42,Group 5 (Vehicle),47.87,0.0,0.0,0.0,48.08,16.15,2.6,0.95,1.35,78.95,49.53,47.9,46.64,-121,-13.5
2026-07-31 05:40:19,Lobby Eléctrica,51.87,Mixed,69.27,52.72,Group 1 (Common),51.73,0.0,51.74,0.0,0.0,69.27,4.34,26.04,0.0,0.39,52.56,51.79,51.23,-97,9.5
2026-07-31 05:40:22,Laboratorios Civil Inferior,40.62,Silence,0.0,41.05,Silence,0.0,0.0,0.0,0.0,0.0,0.0,0.0,0.0,0.0,0.0,40.98,40.75,40.1,-115,1.2
2026-07-31 05:40:27,Pasillo Salones Eléctrica,32.73,Silence,0.0,33.8,Silence,0.0,0.0,0.0,0.0,0.0,0.0,0.0,0.0,0.0,0.0,34.01,32.54,31.52,-95,12.0
2026-07-31 05:40:37,Salón - Uma Eléctrica,44.89,Silence,0.0,46.03,Silence,0.0,0.0,0.0,0.0,0.0,0.0,0.0,0.0,0.0,0.0,46.68,44.68,43.69,-119,-11.0
2026-07-31 05:41:04,Salón - Extremo Civil,32.98,Silence,0.0,36.06,Silence,0.0,0.0,0.0,0.0,0.0,0.0,0.0,0.0,0.0,0.0,36.72,31.95,28.78,-79,10.0
2026-07-31 05:41:08,Pasillo Salones Civil,63.74,Group 2 (Impact),96.18,68.83,Group 2 (Impact),0.0,63.53,0.0,0.0,0.0,0.0,96.18,0.61,0.3,2.82,68.76,61.19,58.68,-99,12.2
2026-07-31 05:41:21,Laboratorios Civil Superior,44.33,Silence,0.0,45.2,Silence,0.0,0.0,0.0,0.0,0.0,0.0,0.0,0.0,0.0,0.0,45.0,44.3,43.76,-113,5.8
2026-07-31 05:41:30,Laboratorios Eléctrica Centro,45.84,Mixed,69.49,46.38,Group 3 (Rotary Tool),0.0,0.0,46.05,0.0,45.66,1.74,0.3,28.3,0.0,69.49,46.41,45.78,45.34,-108,9.5
2026-07-31 05:42:50,Lobby Civil,54.35,Mixed,39.93,56.98,Group 5 (Vehicle),53.84,50.83,0.0,0.0,56.61,22.05,37.37,0.26,0.17,39.93,57.36,53.98,49.59,-100,9.5
2026-07-31 05:42:57,Pasillo Decanato Civil,27.79,Silence,0.0,29.51,Silence,0.0,0.0,0.0,0.0,0.0,0.0,0.0,0.0,0.0,0.0,29.49,27.96,25.82,-103,13.0
2026-07-31 05:44:11,Salón - Extremo Eléctrica,18.22,Silence,0.0,18.95,Silence,0.0,0.0,0.0,0.0,0.0,0.0,0.0,0.0,0.0,0.0,18.97,18.3,17.17,-112,3.8
2026-07-31 05:44:19,Laboratorios Eléctrica Superior,44.53,Silence,0.0,47.42,Silence,0.0,0.0,0.0,0.0,0.0,0.0,0.0,0.0,0.0,0.0,46.7,43.39,42.36,-97,13.0
2026-07-31 05:44:38,Salón - Uma Civil,52.6,Mixed,41.46,58.93,Group 5 (Vehicle),51.77,0.0,0.0,0.0,57.57,41.46,13.53,0.0,4.49,40.58,56.3,51.37,50.19,-113,6.5
2026-07-31 05:44:38,Pasillo Decanato Eléctrica,57.36,Group 1 (Common),99.27,58.34,Group 1 (Common),57.42,0.0,0.0,0.0,0.0,99.27,0.05,0.0,0.05,0.44,58.18,57.04,56.29,-107,10.5
2026-07-31 05:45:05,Laboratorios Civil Central,52.29,Group 1 (Common),84.16,54.46,Group 1 (Common),52.41,0.0,0.0,0.0,0.0,84.16,7.64,0.0,0.91,7.34,54.51,52.35,50.15,-105,7.8
2026-07-31 05:45:10,Laboratorios Eléctrica Inferior,51.72,Group 5 (Vehicle),72.35,54.56,Group 5 (Vehicle),50.29,0.0,0.0,0.0,51.71,17.53,5.64,3.86,0.56,72.35,54.71,50.73,48.52,-119,-7.8
2026-07-31 05:45:19,Lobby Eléctrica,37.61,Silence,0.0,44.8,Silence,0.0,0.0,0.0,0.0,0.0,0.0,0.0,0.0,0.0,0.0,39.98,37.31,36.42,-88,11.8
2026-07-31 05:45:22,Laboratorios Civil Inferior,45.3,Mixed,68.01,48.61,Group 1 (Common),47.66,42.1,0.0,0.0,0.0,68.01,30.69,0.0,0.82,0.56,48.98,43.14,39.97,-119,-5.2
2026-07-31 05:45:27,Pasillo Salones Eléctrica,32.34,Silence,0.0,33.68,Silence,0.0,0.0,0.0,0.0,0.0,0.0,0.0,0.0,0.0,0.0,33.78,32.0,31.42,-102,10.5
2026-07-31 05:45:37,Salón - Uma Eléctrica,43.68,Silence,0.0,44.31,Silence,0.0,0.0,0.0,0.0,0.0,0.0,0.0,0.0,0.0,0.0,44.14,43.73,43.04,-117,4.5
2026-07-31 05:46:04,Salón - Extremo Civil,45.65,Group 2 (Impact),72.05,48.39,Group 1 (Common),46.99,44.94,0.0,0.0,0.0,22.92,72.05,0.04,3.08,1.95,49.61,44.63,43.14,-118,-12.8
2026-07-31 05:46:08,Pasillo Salones Civil,58.71,Mixed,60.89,62.38,Group 5 (Vehicle),56.43,0.0,0.0,0.0,61.23,38.54,0.3,0.0,0.04,60.89,61.95,57.8,55.19,-113,5.2
2026-07-31 05:46:21,Laboratorios Civil Superior,45.26,Group 1 (Common),93.88,45.94,Group 1 (Common),45.45,0.0,0.0,0.0,0.0,93.88,1.3,0.0,0.0,4.77,46.06,45.32,44.47,-103,11.0
2026-07-31 05:46:30,Laboratorios Eléctrica Centro,48.76,Mixed,42.06,52.44,Group 1 (Common),51.73,0.0,48.75,0.0,48.08,32.12,1.0,24.65,0.09,42.06,51.41,48.43,46.87,-107,12.0
2026-07-31 05:47:50,Lobby Civil,66.43,Group 1 (Common),95.1,69.88,Group 1 (Common),66.6,0.0,0.0,0.0,0.0,95.1,2.86,0.0,0.26,1.56,70.36,65.87,58.26,-87,9.5
2026-07-31 05:47:57,Pasillo Decanato Civil,22.26,Silence,0.0,23.35,Silence,0.0,0.0,0.0,0.0,0.0,0.0,0.0,0.0,0.0,0.0,23.4,22.49,20.58,-103,11.5
2026-07-31 05:49:11,Salón - Extremo Eléctrica,18.02,Silence,0.0,18.64,Silence,0.0,0.0,0.0,0.0,0.0,0.0,0.0,0.0,0.0,0.0,19.03,17.79,17.16,-97,11.0
2026-07-31 05:49:19,Laboratorios Eléctrica Superior,54.01,Group 1 (Common),73.09,56.39,Group 1 (Common),53.64,0.0,0.0,0.0,50.83,73.09,0.0,0.09,0.65,26.04,56.9,54.47,40.05,-119,-9.0
2026-07-31 05:49:36,Salón - Uma Civil,64.4,Group 4 (Person),77.08,66.23,Group 4 (Person),52.57,0.0,0.0,64.89,0.0,15.49,6.77,0.0,77.08,0.56,66.61,65.11,52.35,-121,-4.8
2026-07-31 05:49:38,Pasillo Decanato Eléctrica,56.81,Group 1 (Common),99.39,57.39,Group 1 (Common),56.9,0.0,0.0,0.0,0.0,99.39,0.0,0.0,0.39,0.09,57.47,56.77,56.35,-107,10.2
2026-07-31 05:50:08,Laboratorios Civil Central,52.64,Group 1 (Common),93.01,53.92,Group 1 (Common),52.69,0.0,0.0,0.0,0.0,93.01,1.35,0.0,0.26,5.38,54.32,52.47,51.16,-119,-12.2
2026-07-31 05:50:10,Laboratorios Eléctrica Inferior,58.94,Mixed,57.55,63.12,Group 3 (Rotary Tool),59.76,0.0,62.76,0.0,57.77,57.55,0.22,16.8,0.3,25.09,63.65,57.42,53.89,-121,-12.2
2026-07-31 05:50:19,Lobby Eléctrica,39.7,Silence,0.0,41.93,Silence,0.0,0.0,0.0,0.0,0.0,0.0,0.0,0.0,0.0,0.0,40.94,39.37,38.78,-112,2.2
2026-07-31 05:50:22,Laboratorios Civil Inferior,54.75,Group 2 (Impact),79.95,59.2,Group 2 (Impact),0.0,55.25,0.0,0.0,0.0,6.16,79.95,1.09,4.43,8.33,60.33,52.97,43.86,-118,-7.5
2026-07-31 05:50:27,Pasillo Salones Eléctrica,31.82,Silence,0.0,32.55,Silence,0.0,0.0,0.0,0.0,0.0,0.0,0.0,0.0,0.0,0.0,32.55,31.82,31.19,-99,11.0
2026-07-31 05:50:37,Salón - Uma Eléctrica,42.81,Silence,0.0,43.73,Silence,0.0,0.0,0.0,0.0,0.0,0.0,0.0,0.0,0.0,0.0,43.95,42.89,41.47,-115,3.2
2026-07-31 05:51:04,Salón - Extremo Civil,41.41,Silence,0.0,42.56,Silence,0.0,0.0,0.0,0.0,0.0,0.0,0.0,0.0,0.0,0.0,42.39,41.47,39.58,-100,12.2
2026-07-31 05:51:08,Pasillo Salones Civil,57.98,Mixed,67.06,59.22,Group 5 (Vehicle),57.56,0.0,0.0,0.0,57.73,32.6,0.13,0.04,0.09,67.06,59.38,57.68,57.2,-108,9.2
2026-07-31 05:51:21,Laboratorios Civil Superior,45.51,Mixed,49.96,46.75,Group 1 (Common),45.7,0.0,0.0,0.0,45.53,49.83,0.17,0.0,0.0,49.96,46.87,45.43,44.06,-113,5.8
2026-07-31 05:51:30,Laboratorios Eléctrica Centro,50.14,Mixed,53.03,52.6,Group 1 (Common),51.24,0.0,47.22,0.0,0.0,27.39,5.22,53.03,0.29,13.96,53.0,50.17,45.02,-105,11.0
2026-07-31 05:52:57,Pasillo Decanato Civil,26.77,Silence,0.0,27.89,Silence,0.0,0.0,0.0,0.0,0.0,0.0,0.0,0.0,0.0,0.0,28.06,26.6,25.37,-115,5.0
2026-07-31 05:54:11,Salón - Extremo Eléctrica,19.33,Silence,0.0,20.46,Silence,0.0,0.0,0.0,0.0,0.0,0.0,0.0,0.0,0.0,0.0,20.61,19.19,18.18,-109,4.2
2026-07-31 05:54:19,Laboratorios Eléctrica Superior,40.79,Silence,0.0,41.39,Silence,0.0,0.0,0.0,0.0,0.0,0.0,0.0,0.0,0.0,0.0,41.37,40.97,39.84,-99,11.8
2026-07-31 05:54:36,Salón - Uma Civil,65.18,Group 5 (Vehicle),99.57,66.24,Group 5 (Vehicle),0.0,0.0,0.0,0.0,65.17,0.0,0.0,0.04,0.22,99.57,66.4,65.22,63.4,-119,6.2
2026-07-31 05:54:38,Pasillo Decanato Eléctrica,57.49,Group 1 (Common),99.44,58.41,Group 1 (Common),57.36,0.0,0.0,0.0,0.0,99.44,0.0,0.0,0.04,0.22,58.28,57.57,56.58,-109,10.2
2026-07-31 05:55:05,Laboratorios Civil Central,51.99,Group 1 (Common),92.93,52.7,Group 1 (Common),52.08,0.0,0.0,0.0,0.0,92.93,0.78,0.0,0.17,6.12,52.4,51.99,51.03,-102,11.8
2026-07-31 05:55:10,Laboratorios Eléctrica Inferior,48.59,Group 5 (Vehicle),74.0,49.41,Group 5 (Vehicle),48.39,0.0,0.0,0.0,49.0,23.78,0.61,0.13,1.61,74.0,49.34,48.49,47.52,-119,-11.0
2026-07-31 05:55:19,Lobby Eléctrica,49.7,Mixed,40.49,51.67,Group 2 (Impact),48.37,51.17,50.13,0.0,50.3,34.72,11.28,40.49,0.17,13.32,51.93,49.43,46.91,-97,12.0
2026-07-31 05:55:22,Laboratorios Civil Inferior,42.3,Silence,0.0,42.73,Silence,0.0,0.0,0.0,0.0,0.0,0.0,0.0,0.0,0.0,0.0,42.76,42.17,41.94,-119,-10.0
2026-07-31 05:55:27,Pasillo Salones Eléctrica,33.14,Silence,0.0,33.97,Silence,0.0,0.0,0.0,0.0,0.0,0.0,0.0,0.0,0.0,0.0,33.9,33.21,32.09,-101,11.5
2026-07-31 05:55:37,Salón - Uma Eléctrica,43.12,Silence,0.0,43.69,Silence,0.0,0.0,0.0,0.0,0.0,0.0,0.0,0.0,0.0,0.0,43.8,43.26,42.11,-120,-9.2
2026-07-31 05:56:04,Salón - Extremo Civil,34.76,Silence,0.0,38.58,Silence,0.0,0.0,0.0,0.0,0.0,0.0,0.0,0.0,0.0,0.0,38.77,34.0,31.28,-101,10.8
2026-07-31 05:56:09,Pasillo Salones Civil,56.95,Mixed,66.46,59.16,Group 2 (Impact),53.81,57.47,0.0,0.0,55.36,7.62,66.46,2.05,2.93,20.95,59.86,56.15,53.44,-101,11.8
2026-07-31 05:56:21,Laboratorios Civil Superior,49.99,Group 1 (Common),88.85,54.61,Group 1 (Common),48.58,0.0,0.0,0.0,0.0,88.85,3.52,0.0,0.48,7.16,55.58,49.02,46.08,-109,3.2
2026-07-31 05:56:30,Laboratorios Eléctrica Centro,46.86,Mixed,60.16,47.77,Group 5 (Vehicle),45.99,0.0,46.83,0.0,47.03,14.79,2.44,22.51,0.24,60.16,48.08,46.52,45.77,-97,10.8
2026-07-31 05:57:50,Lobby Civil,66.27,Mixed,45.57,68.83,Group 1 (Common),67.1,60.52,0.0,65.72,63.49,45.57,11.98,17.1,5.16,20.14,69.61,66.55,57.4,-101,11.8
2026-07-31 05:57:57,Pasillo Decanato Civil,24.77,Silence,0.0,33.49,Silence,0.0,0.0,0.0,0.0,0.0,0.0,0.0,0.0,0.0,0.0,28.34,22.69,22.23,-93,12.5
2026-07-31 05:59:11,Salón - Extremo Eléctrica,16.89,Silence,0.0,17.58,Silence,0.0,0.0,0.0,0.0,0.0,0.0,0.0,0.0,0.0,0.0,17.42,16.88,16.1,-88,9.5
2026-07-31 05:59:19,Laboratorios Eléctrica Superior,39.9,Silence,0.0,40.66,Silence,0.0,0.0,0.0,0.0,0.0,0.0,0.0,0.0,0.0,0.0,40.54,39.87,39.34,-99,12.8
2026-07-31 05:59:36,Salón - Uma Civil,64.21,Group 5 (Vehicle),87.28,64.9,Group 5 (Vehicle),63.92,0.0,0.0,0.0,64.39,4.9,2.99,1.95,2.86,87.28,64.93,64.43,62.51,-117,-4.8
2026-07-31 05:59:38,Pasillo Decanato Eléctrica,57.12,Group 1 (Common),99.48,57.75,Group 1 (Common),56.96,0.0,0.0,0.0,0.0,99.48,0.04,0.0,0.0,0.22,57.48,57.34,56.49,-107,8.0
2026-07-31 06:00:05,Laboratorios Civil Central,61.86,Group 1 (Common),98.63,66.46,Group 1 (Common),62.93,0.0,0.0,0.0,0.0,98.63,0.34,0.0,0.2,0.73,64.98,60.66,57.87,-117,-5.2
2026-07-31 06:00:10,Laboratorios Eléctrica Inferior,48.2,Mixed,51.56,48.91,Group 5 (Vehicle),48.25,0.0,0.0,0.0,48.37,51.56,6.81,0.0,2.56,39.02,48.9,48.37,47.23,-115,1.5
2026-07-31 06:00:19,Lobby Eléctrica,56.75,Mixed,50.48,61.47,Group 1 (Common),59.86,0.0,53.01,0.0,0.0,50.48,2.6,43.88,0.0,2.82,62.17,54.74,48.6,-93,13.0
2026-07-31 06:00:27,Laboratorios Civil Inferior,41.94,Silence,0.0,42.79,Silence,0.0,0.0,0.0,0.0,0.0,0.0,0.0,0.0,0.0,0.0,42.59,41.67,41.23,-119,-4.0
2026-07-31 06:00:27,Pasillo Salones Eléctrica,32.06,Silence,0.0,32.7,Silence,0.0,0.0,0.0,0.0,0.0,0.0,0.0,0.0,0.0,0.0,32.7,32.07,30.91,-99,8.8
2026-07-31 06:00:37,Salón - Uma Eléctrica,42.06,Silence,0.0,42.81,Silence,0.0,0.0,0.0,0.0,0.0,0.0,0.0,0.0,0.0,0.0,43.04,41.86,40.86,-119,-5.2
2026-07-31 06:01:04,Salón - Extremo Civil,60.87,Mixed,64.5,61.79,Group 5 (Vehicle),60.69,0.0,0.0,0.0,60.91,22.92,7.16,0.17,5.25,64.5,61.71,61.02,59.65,-101,10.0
2026-07-31 06:01:09,Pasillo Salones Civil,72.45,Group 5 (Vehicle),98.18,73.29,Group 5 (Vehicle),0.0,0.0,0.0,0.0,72.53,0.48,0.48,0.0,0.56,98.18,73.64,72.35,71.64,-100,9.0
2026-07-31 06:01:21,Laboratorios Civil Superior,44.66,Silence,0.0,45.75,Silence,0.0,0.0,0.0,0.0,0.0,0.0,0.0,0.0,0.0,0.0,45.96,44.59,43.8,-113,6.2
2026-07-31 06:01:30,Laboratorios Eléctrica Centro,46.47,Mixed,52.95,46.94,Group 3 (Rotary Tool),46.54,0.0,46.43,0.0,46.55,15.06,2.21,29.51,0.09,52.95,46.84,46.61,45.82,-107,9.2
2026-07-31 06:02:50,Lobby Civil,59.95,Group 1 (Common),82.12,66.13,Group 1 (Common),61.28,0.0,0.0,0.0,57.7,82.12,0.0,0.39,1.61,15.8,63.52,59.72,56.36,-111,6.5
2026-07-31 06:02:57,Pasillo Decanato Civil,30.14,Silence,0.0,31.29,Silence,0.0,0.0,0.0,0.0,0.0,0.0,0.0,0.0,0.0,0.0,31.35,30.65,27.0,-93,13.5
2026-07-31 06:04:11,Salón - Extremo Eléctrica,16.65,Silence,0.0,17.7,Silence,0.0,0.0,0.0,0.0,0.0,0.0,0.0,0.0,0.0,0.0,17.31,16.53,15.6,-87,11.2
2026-07-31 06:04:19,Laboratorios Eléctrica Superior,40.55,Silence,0.0,41.1,Silence,0.0,0.0,0.0,0.0,0.0,0.0,0.0,0.0,0.0,0.0,41.37,40.33,40.07,-97,11.8
2026-07-31 06:04:36,Salón - Uma Civil,65.09,Group 5 (Vehicle),98.05,65.6,Group 5 (Vehicle),0.0,0.0,0.0,0.0,64.82,0.56,0.26,0.13,0.91,98.05,65.64,65.03,64.2,-119,-5.8
2026-07-31 06:04:38,Pasillo Decanato Eléctrica,57.36,Group 1 (Common),99.18,57.94,Group 1 (Common),57.42,0.0,0.0,0.0,0.0,99.18,0.09,0.0,0.04,0.56,58.1,57.32,56.83,-105,8.5
2026-07-31 06:05:05,Laboratorios Civil Central,53.76,Group 1 (Common),80.08,54.32,Group 1 (Common),53.8,0.0,0.0,0.0,0.0,80.08,0.13,0.0,0.09,19.62,54.3,53.8,52.61,-111,9.0
2026-07-31 06:05:10,Laboratorios Eléctrica Inferior,47.38,Mixed,51.32,48.32,Group 1 (Common),47.84,0.0,0.0,0.0,47.49,47.51,0.44,0.0,0.63,51.32,48.12,47.23,46.68,-107,-9.0
2026-07-31 06:05:19,Lobby Eléctrica,52.74,Group 1 (Common),74.26,54.23,Group 1 (Common),52.52,51.54,0.0,0.0,0.0,74.26,18.4,0.56,2.3,4.43,54.18,52.88,50.78,-88,10.5
2026-07-31 06:05:22,Laboratorios Civil Inferior,45.24,Group 2 (Impact),94.66,45.98,Group 2 (Impact),0.0,44.97,0.0,0.0,0.0,2.65,94.66,0.0,1.52,1.26,46.3,45.61,44.09,-120,-12.2
2026-07-31 06:05:34,Pasillo Salones Eléctrica,32.72,Silence,0.0,33.42,Silence,0.0,0.0,0.0,0.0,0.0,0.0,0.0,0.0,0.0,0.0,33.4,32.71,31.86,-99,12.2
2026-07-31 06:05:37,Salón - Uma Eléctrica,42.34,Silence,0.0,43.02,Silence,0.0,0.0,0.0,0.0,0.0,0.0,0.0,0.0,0.0,0.0,43.11,42.3,40.93,-119,0.8
2026-07-31 06:06:04,Salón - Extremo Civil,53.79,Group 5 (Vehicle),75.26,56.51,Group 5 (Vehicle),0.0,52.97,0.0,0.0,53.06,4.04,12.67,4.08,3.82,75.26,57.2,52.88,52.08,-83,13.2
2026-07-31 06:06:09,Pasillo Salones Civil,60.62,Group 5 (Vehicle),92.97,65.78,Group 5 (Vehicle),0.0,0.0,0.0,0.0,62.42,6.9,0.04,0.04,0.13,92.97,64.46,60.17,53.97,-101,12.0
2026-07-31 06:06:21,Laboratorios Civil Superior,45.28,Group 1 (Common),78.61,45.87,Group 1 (Common),45.5,0.0,0.0,0.0,0.0,78.61,0.0,0.15,0.1,21.14,45.71,45.27,44.77,-105,7.0
2026-07-31 06:06:30,Laboratorios Eléctrica Centro,46.27,Group 5 (Vehicle),87.2,46.8,Group 5 (Vehicle),0.0,0.0,0.0,0.0,46.36,5.86,0.78,6.08,0.09,87.2,46.73,46.36,45.89,-107,5.5
2026-07-31 06:07:50,Lobby Civil,52.97,Mixed,37.54,54.64,Group 3 (Rotary Tool),0.0,52.91,53.3,0.0,53.15,0.3,23.31,34.72,4.12,37.54,55.11,52.21,51.75,-99,9.2
2026-07-31 06:07:57,Pasillo Decanato Civil,26.54,Silence,0.0,36.57,Silence,0.0,0.0,0.0,0.0,0.0,0.0,0.0,0.0,0.0,0.0,29.21,26.25,24.76,-114,4.5
2026-07-31 06:09:11,Salón - Extremo Eléctrica,18.58,Silence,0.0,24.07,Silence,0.0,0.0,0.0,0.0,0.0,0.0,0.0,0.0,0.0,0.0,22.98,17.87,17.08,-89,9.8
2026-07-31 06:09:19,Laboratorios Eléctrica Superior,39.91,Silence,0.0,40.95,Silence,0.0,0.0,0.0,0.0,0.0,0.0,0.0,0.0,0.0,0.0,40.7,40.02,38.8,-95,7.8
2026-07-31 06:09:36,Salón - Uma Civil,37.15,Silence,0.0,38.56,Silence,0.0,0.0,0.0,0.0,0.0,0.0,0.0,0.0,0.0,0.0,38.53,36.95,34.63,-119,-5.0
2026-07-31 06:09:38,Pasillo Decanato Eléctrica,57.32,Group 1 (Common),99.57,58.2,Group 1 (Common),57.3,0.0,0.0,0.0,0.0,99.57,0.0,0.0,0.13,0.13,58.07,57.29,56.62,-103,10.2
2026-07-31 06:10:05,Laboratorios Civil Central,54.18,Group 1 (Common),85.5,55.28,Group 1 (Common),53.85,0.0,0.0,0.0,0.0,85.5,0.43,0.0,0.04,14.02,55.51,54.26,52.11,-120,-6.2
2026-07-31 06:10:10,Laboratorios Eléctrica Inferior,48.13,Mixed,63.48,48.87,Group 5 (Vehicle),48.54,0.0,0.0,0.0,48.31,35.4,0.63,0.05,0.39,63.48,49.04,47.93,47.42,-108,8.0
2026-07-31 06:10:19,Lobby Eléctrica,45.11,Mixed,49.05,46.95,Group 3 (Rotary Tool),0.0,44.41,46.31,0.0,0.0,0.17,49.05,41.02,1.91,7.81,47.13,44.58,42.95,-114,0.8
2026-07-31 06:10:22,Laboratorios Civil Inferior,42.37,Silence,0.0,43.69,Silence,0.0,0.0,0.0,0.0,0.0,0.0,0.0,0.0,0.0,0.0,43.87,42.55,40.85,-119,-5.8
2026-07-31 06:10:27,Pasillo Salones Eléctrica,31.71,Silence,0.0,32.42,Silence,0.0,0.0,0.0,0.0,0.0,0.0,0.0,0.0,0.0,0.0,32.53,31.71,31.04,-97,11.5
2026-07-31 06:10:37,Salón - Uma Eléctrica,42.12,Silence,0.0,42.96,Silence,0.0,0.0,0.0,0.0,0.0,0.0,0.0,0.0,0.0,0.0,42.9,42.31,40.96,-105,8.2
2026-07-31 06:11:04,Salón - Extremo Civil,21.71,Silence,0.0,23.15,Silence,0.0,0.0,0.0,0.0,0.0,0.0,0.0,0.0,0.0,0.0,23.61,21.48,20.93,-103,11.8
2026-07-31 06:11:09,Pasillo Salones Civil,37.1,Silence,0.0,37.8,Silence,0.0,0.0,0.0,0.0,0.0,0.0,0.0,0.0,0.0,0.0,37.64,37.18,36.5,-107,10.8
2026-07-31 06:11:21,Laboratorios Civil Superior,45.15,Mixed,64.71,46.1,Group 5 (Vehicle),45.06,0.0,0.0,0.0,45.53,64.71,0.3,0.13,0.52,34.29,46.09,45.12,44.26,-109,5.2
2026-07-31 06:11:30,Laboratorios Eléctrica Centro,46.09,Mixed,62.2,46.68,Group 5 (Vehicle),0.0,0.0,46.11,0.0,45.99,6.42,1.17,30.03,0.09,62.2,46.69,46.12,45.37,-102,11.8
2026-07-31 06:12:50,Lobby Civil,59.69,Mixed,45.07,61.8,Group 5 (Vehicle),57.68,58.82,58.6,0.0,60.21,14.36,45.07,6.54,11.57,22.41,62.12,58.95,57.94,-101,12.8
2026-07-31 06:12:57,Pasillo Decanato Civil,26.01,Silence,0.0,26.75,Silence,0.0,0.0,0.0,0.0,0.0,0.0,0.0,0.0,0.0,0.0,26.61,25.8,25.03,-105,12.8
2026-07-31 06:14:11,Salón - Extremo Eléctrica,17.2,Silence,0.0,18.51,Silence,0.0,0.0,0.0,0.0,0.0,0.0,0.0,0.0,0.0,0.0,18.48,17.23,15.4,-106,5.0
2026-07-31 06:14:19,Laboratorios Eléctrica Superior,40.0,Silence,0.0,40.56,Silence,0.0,0.0,0.0,0.0,0.0,0.0,0.0,0.0,0.0,0.0,40.65,40.04,39.29,-101,13.2
2026-07-31 06:14:36,Salón - Uma Civil,38.64,Silence,0.0,40.48,Silence,0.0,0.0,0.0,0.0,0.0,0.0,0.0,0.0,0.0,0.0,40.08,38.62,37.84,-115,5.2
2026-07-31 06:14:38,Pasillo Decanato Eléctrica,68.01,Group 1 (Common),89.45,71.84,Group 1 (Common),69.02,0.0,0.0,0.0,60.87,89.45,0.48,0.04,0.26,9.51,71.99,64.79,60.63,-117,-0.8
2026-07-31 06:15:05,Laboratorios Civil Central,53.14,Group 1 (Common),77.91,54.79,Group 1 (Common),52.79,0.0,0.0,0.0,0.0,77.91,2.17,0.0,0.26,19.62,55.19,52.66,51.99,-119,-6.0
2026-07-31 06:15:10,Laboratorios Eléctrica Inferior,48.58,Mixed,52.82,50.07,Group 5 (Vehicle),48.92,0.0,0.0,0.0,48.65,45.62,1.04,0.0,0.48,52.82,50.56,48.55,46.69,-105,6.2
2026-07-31 06:15:19,Lobby Eléctrica,53.34,Mixed,63.63,57.25,Group 1 (Common),53.63,0.0,0.0,0.0,50.27,63.63,0.78,0.09,0.48,34.72,58.62,52.34,48.8,-112,3.0
2026-07-31 06:15:22,Laboratorios Civil Inferior,41.4,Silence,0.0,42.21,Silence,0.0,0.0,0.0,0.0,0.0,0.0,0.0,0.0,0.0,0.0,42.22,41.7,40.06,-118,-7.0
2026-07-31 06:15:27,Pasillo Salones Eléctrica,32.38,Silence,0.0,32.96,Silence,0.0,0.0,0.0,0.0,0.0,0.0,0.0,0.0,0.0,0.0,32.92,32.6,31.43,-99,13.2
2026-07-31 06:15:37,Salón - Uma Eléctrica,41.54,Silence,0.0,42.41,Silence,0.0,0.0,0.0,0.0,0.0,0.0,0.0,0.0,0.0,0.0,42.28,41.34,40.99,-119,-2.0
2026-07-31 06:16:04,Salón - Extremo Civil,26.47,Silence,0.0,27.24,Silence,0.0,0.0,0.0,0.0,0.0,0.0,0.0,0.0,0.0,0.0,26.89,26.6,25.62,-120,-12.0
2026-07-31 06:16:09,Pasillo Salones Civil,39.98,Silence,0.0,40.97,Silence,0.0,0.0,0.0,0.0,0.0,0.0,0.0,0.0,0.0,0.0,41.53,39.85,39.28,-102,11.2
2026-07-31 06:16:21,Laboratorios Civil Superior,46.89,Mixed,39.11,47.48,Group 1 (Common),47.38,0.0,47.34,0.0,46.6,31.34,6.68,22.05,0.78,39.11,47.25,47.08,45.99,-109,7.0
2026-07-31 06:16:30,Laboratorios Eléctrica Centro,45.53,Group 5 (Vehicle),79.69,46.25,Group 3 (Rotary Tool),0.0,0.0,45.98,0.0,45.54,3.86,1.0,15.49,0.0,79.69,45.93,45.61,45.06,-120,-4.5
2026-07-31 06:17:50,Lobby Civil,66.72,Group 5 (Vehicle),99.35,68.21,Group 5 (Vehicle),0.0,0.0,0.0,0.0,66.98,0.0,0.0,0.35,0.35,99.35,68.54,66.34,65.52,-89,12.5
2026-07-31 06:17:57,Pasillo Decanato Civil,37.78,Silence,0.0,38.96,Silence,0.0,0.0,0.0,0.0,0.0,0.0,0.0,0.0,0.0,0.0,38.66,37.67,36.63,-89,12.8
2026-07-31 06:19:11,Salón - Extremo Eléctrica,35.95,Silence,0.0,36.51,Silence,0.0,0.0,0.0,0.0,0.0,0.0,0.0,0.0,0.0,0.0,36.4,35.9,35.51,-111,4.5
2026-07-31 06:19:19,Laboratorios Eléctrica Superior,42.15,Silence,0.0,42.85,Silence,0.0,0.0,0.0,0.0,0.0,0.0,0.0,0.0,0.0,0.0,42.66,42.29,41.23,-119,-0.8
2026-07-31 06:19:36,Salón - Uma Civil,36.79,Silence,0.0,37.77,Silence,0.0,0.0,0.0,0.0,0.0,0.0,0.0,0.0,0.0,0.0,38.04,36.46,35.59,-117,-6.0
2026-07-31 06:19:38,Pasillo Decanato Eléctrica,61.94,Mixed,66.89,65.49,Group 2 (Impact),58.04,63.49,0.0,0.0,0.0,66.89,17.97,4.49,3.27,7.52,66.28,58.39,57.16,-107,11.0
2026-07-31 06:20:05,Laboratorios Civil Central,53.49,Mixed,49.48,54.25,Group 2 (Impact),53.35,53.85,0.0,0.0,0.0,49.48,26.43,0.13,3.56,20.4,54.21,53.4,52.88,-119,-6.8
2026-07-31 06:20:10,Laboratorios Eléctrica Inferior,47.8,Group 5 (Vehicle),73.0,48.26,Group 1 (Common),48.15,0.0,0.0,0.0,47.97,25.39,0.74,0.17,0.69,73.0,48.3,47.72,47.42,-121,-9.8
2026-07-31 06:20:19,Lobby Eléctrica,63.15,Mixed,25.39,64.95,Group 3 (Rotary Tool),63.92,63.7,63.95,62.75,61.84,20.83,13.76,25.39,15.45,24.57,64.95,62.85,61.16,-97,11.8
2026-07-31 06:20:22,Laboratorios Civil Inferior,48.41,Mixed,51.87,53.88,Group 5 (Vehicle),44.5,46.28,0.0,0.0,53.14,17.97,51.87,0.39,4.38,25.43,55.86,44.44,43.09,-119,-7.2
2026-07-31 06:20:27,Pasillo Salones Eléctrica,35.24,Silence,0.0,36.78,Silence,0.0,0.0,0.0,0.0,0.0,0.0,0.0,0.0,0.0,0.0,37.12,35.27,33.34,-101,11.2
2026-07-31 06:20:37,Salón - Uma Eléctrica,41.09,Silence,0.0,41.91,Silence,0.0,0.0,0.0,0.0,0.0,0.0,0.0,0.0,0.0,0.0,41.87,41.28,40.38,-115,2.5
2026-07-31 06:21:05,Salón - Extremo Civil,24.98,Silence,0.0,26.2,Silence,0.0,0.0,0.0,0.0,0.0,0.0,0.0,0.0,0.0,0.0,26.25,24.92,23.44,-97,13.2
2026-07-31 06:21:12,Pasillo Salones Civil,40.31,Silence,0.0,41.79,Silence,0.0,0.0,0.0,0.0,0.0,0.0,0.0,0.0,0.0,0.0,41.85,40.02,39.31,-99,13.2
2026-07-31 06:21:21,Laboratorios Civil Superior,53.0,Group 1 (Common),83.38,54.42,Group 1 (Common),52.61,0.0,0.0,0.0,0.0,83.38,2.17,0.0,0.95,13.5,54.63,52.95,49.69,-100,11.0
2026-07-31 06:21:30,Laboratorios Eléctrica Centro,46.71,Mixed,54.77,47.48,Group 3 (Rotary Tool),0.0,0.0,46.81,0.0,46.63,8.59,0.13,36.41,0.0,54.77,47.71,46.65,45.9,-116,-6.0
2026-07-31 06:22:50,Lobby Civil,64.83,Mixed,57.99,66.73,Group 3 (Rotary Tool),0.0,0.0,65.27,0.0,65.16,0.0,6.38,57.99,2.47,33.29,65.87,64.96,63.64,-109,6.8
2026-07-31 06:22:57,Pasillo Decanato Civil,33.01,Silence,0.0,33.72,Silence,0.0,0.0,0.0,0.0,0.0,0.0,0.0,0.0,0.0,0.0,33.5,32.76,32.4,-105,12.0
2026-07-31 06:24:11,Salón - Extremo Eléctrica,59.58,Mixed,55.03,60.99,Group 2 (Impact),0.0,59.29,0.0,0.0,60.74,0.04,55.03,16.54,4.21,24.18,60.93,59.67,57.59,-90,9.5
2026-07-31 06:24:19,Laboratorios Eléctrica Superior,42.24,Silence,0.0,43.25,Silence,0.0,0.0,0.0,0.0,0.0,0.0,0.0,0.0,0.0,0.0,43.1,42.31,41.58,-101,12.5
2026-07-31 06:24:36,Salón - Uma Civil,37.52,Silence,0.0,38.59,Silence,0.0,0.0,0.0,0.0,0.0,0.0,0.0,0.0,0.0,0.0,38.68,37.23,36.03,-119,-8.0
2026-07-31 06:24:38,Pasillo Decanato Eléctrica,57.77,Group 1 (Common),97.75,58.55,Group 1 (Common),57.55,0.0,0.0,0.0,0.0,97.75,0.2,0.0,0.24,1.81,58.48,57.68,57.01,-115,2.0
2026-07-31 06:25:05,Laboratorios Civil Central,52.49,Group 1 (Common),82.03,53.51,Group 1 (Common),52.53,0.0,0.0,0.0,0.0,82.03,4.12,0.0,0.65,13.32,53.36,52.6,51.1,-119,-8.0
2026-07-31 06:25:10,Laboratorios Eléctrica Inferior,47.94,Mixed,54.77,48.83,Group 1 (Common),48.02,0.0,0.0,0.0,48.18,54.77,2.73,0.22,0.87,41.41,48.4,47.82,47.4,-117,-14.2
2026-07-31 06:25:19,Lobby Eléctrica,62.33,Group 1 (Common),98.13,64.73,Group 1 (Common),62.13,0.0,0.0,0.0,0.0,98.13,0.0,0.39,0.04,1.35,65.38,61.63,59.79,-91,12.5
2026-07-31 06:25:22,Laboratorios Civil Inferior,58.78,Mixed,44.7,64.29,Group 1 (Common),62.15,47.33,0.0,62.34,0.0,34.77,44.7,3.86,8.55,8.12,65.14,53.43,43.07,-119,-14.2
2026-07-31 06:25:27,Pasillo Salones Eléctrica,40.81,Silence,0.0,41.74,Silence,0.0,0.0,0.0,0.0,0.0,0.0,0.0,0.0,0.0,0.0,41.77,40.97,39.51,-113,3.8
2026-07-31 06:25:37,Salón - Uma Eléctrica,41.24,Silence,0.0,42.43,Silence,0.0,0.0,0.0,0.0,0.0,0.0,0.0,0.0,0.0,0.0,42.19,41.2,40.5,-118,-0.5
2026-07-31 06:26:04,Salón - Extremo Civil,57.32,Group 2 (Impact),85.76,58.55,Group 2 (Impact),0.0,57.22,0.0,0.0,0.0,0.0,85.76,1.17,3.91,9.29,58.47,57.5,55.23,-83,12.2
2026-07-31 06:26:09,Pasillo Salones Civil,43.32,Silence,0.0,44.42,Silence,0.0,0.0,0.0,0.0,0.0,0.0,0.0,0.0,0.0,0.0,44.7,42.86,42.2,-99,12.5
2026-07-31 06:26:21,Laboratorios Civil Superior,48.76,Group 1 (Common),82.6,50.59,Group 1 (Common),48.44,0.0,0.0,0.0,0.0,82.6,0.3,1.69,0.0,15.36,51.13,48.18,47.72,-113,5.5
2026-07-31 06:26:30,Laboratorios Eléctrica Centro,46.28,Mixed,65.8,47.15,Group 3 (Rotary Tool),46.17,0.0,46.55,0.0,46.18,14.67,0.69,18.79,0.0,65.8,46.92,46.35,45.31,-120,-9.2
2026-07-31 06:27:50,Lobby Civil,69.89,Mixed,40.15,77.44,Group 1 (Common),75.48,67.33,63.87,0.0,63.72,40.15,21.53,8.46,8.64,21.22,74.75,66.27,63.36,-109,7.8
2026-07-31 06:27:58,Pasillo Decanato Civil,35.29,Silence,0.0,36.3,Silence,0.0,0.0,0.0,0.0,0.0,0.0,0.0,0.0,0.0,0.0,36.15,35.36,33.77,-95,13.0
2026-07-31 06:29:11,Salón - Extremo Eléctrica,47.86,Group 2 (Impact),90.14,49.06,Group 2 (Impact),0.0,47.74,0.0,0.0,0.0,0.44,90.14,0.29,3.52,5.86,49.17,47.72,46.31,-89,8.5
2026-07-31 06:29:19,Laboratorios Eléctrica Superior,44.18,Silence,0.0,48.68,Silence,0.0,0.0,0.0,0.0,0.0,0.0,0.0,0.0,0.0,0.0,49.31,42.96,42.56,-101,13.0
2026-07-31 06:29:36,Salón - Uma Civil,37.31,Silence,0.0,39.11,Silence,0.0,0.0,0.0,0.0,0.0,0.0,0.0,0.0,0.0,0.0,39.7,36.86,35.87,-120,-7.2
2026-07-31 06:29:38,Pasillo Decanato Eléctrica,57.78,Group 1 (Common),95.49,58.79,Group 1 (Common),58.02,0.0,0.0,0.0,0.0,95.49,2.69,0.0,1.39,0.43,58.41,57.99,56.47,-107,10.5
2026-07-31 06:30:05,Laboratorios Civil Central,63.18,Group 1 (Common),84.9,69.97,Group 1 (Common),65.43,0.0,0.0,0.0,0.0,84.9,4.64,0.0,4.25,6.12,68.73,58.72,56.38,-119,-4.8
2026-07-31 06:30:10,Laboratorios Eléctrica Inferior,48.3,Mixed,63.89,48.91,Group 1 (Common),48.41,0.0,0.0,0.0,48.4,34.55,0.65,0.0,0.74,63.89,48.66,48.31,47.94,-119,-7.0
2026-07-31 06:30:19,Lobby Eléctrica,56.92,Group 1 (Common),99.35,58.11,Group 1 (Common),56.81,0.0,0.0,0.0,0.0,99.35,0.0,0.04,0.13,0.26,59.05,56.4,55.27,-115,2.0
2026-07-31 06:30:22,Laboratorios Civil Inferior,44.09,Silence,0.0,45.23,Silence,0.0,0.0,0.0,0.0,0.0,0.0,0.0,0.0,0.0,0.0,45.08,44.12,42.63,-121,-11.5
2026-07-31 06:30:27,Pasillo Salones Eléctrica,41.78,Silence,0.0,43.75,Silence,0.0,0.0,0.0,0.0,0.0,0.0,0.0,0.0,0.0,0.0,44.14,41.42,39.92,-99,12.8
2026-07-31 06:30:37,Salón - Uma Eléctrica,41.63,Silence,0.0,42.3,Silence,0.0,0.0,0.0,0.0,0.0,0.0,0.0,0.0,0.0,0.0,42.52,41.7,40.4,-117,3.0
2026-07-31 06:31:05,Salón - Extremo Civil,43.74,Silence,0.0,44.49,Silence,0.0,0.0,0.0,0.0,0.0,0.0,0.0,0.0,0.0,0.0,44.55,43.92,42.4,-89,13.5
2026-07-31 06:31:09,Pasillo Salones Civil,43.04,Silence,0.0,43.71,Silence,0.0,0.0,0.0,0.0,0.0,0.0,0.0,0.0,0.0,0.0,43.74,43.19,41.8,-99,10.8
2026-07-31 06:31:21,Laboratorios Civil Superior,47.27,Mixed,59.2,47.87,Group 5 (Vehicle),47.4,0.0,0.0,0.0,47.85,59.2,0.26,0.87,0.35,39.37,47.84,47.24,46.64,-111,7.2
2026-07-31 06:31:30,Laboratorios Eléctrica Centro,45.65,Group 5 (Vehicle),78.08,46.34,Group 5 (Vehicle),0.0,0.0,45.72,0.0,45.71,5.51,1.52,14.89,0.0,78.08,46.22,45.71,44.7,-102,11.0
2026-07-31 06:32:50,Lobby Civil,72.61,Mixed,61.41,73.2,Group 3 (Rotary Tool),0.0,0.0,72.7,0.0,71.52,0.0,5.77,61.41,1.61,31.16,73.6,72.59,71.86,-109,5.5
2026-07-31 06:32:58,Pasillo Decanato Civil,41.32,Silence,0.0,44.05,Silence,0.0,0.0,0.0,0.0,0.0,0.0,0.0,0.0,0.0,0.0,42.88,41.2,39.27,-103,8.8
2026-07-31 06:34:11,Salón - Extremo Eléctrica,56.27,Group 2 (Impact),83.54,58.38,Group 2 (Impact),0.0,56.76,0.0,0.0,0.0,0.0,83.54,4.25,1.56,10.69,56.92,55.92,55.49,-108,2.8
2026-07-31 06:34:19,Laboratorios Eléctrica Superior,42.78,Silence,0.0,43.72,Silence,0.0,0.0,0.0,0.0,0.0,0.0,0.0,0.0,0.0,0.0,43.35,42.91,42.12,-117,-2.8
2026-07-31 06:34:36,Salón - Uma Civil,43.78,Silence,0.0,45.03,Silence,0.0,0.0,0.0,0.0,0.0,0.0,0.0,0.0,0.0,0.0,45.35,43.89,41.66,-117,-9.0
2026-07-31 06:34:38,Pasillo Decanato Eléctrica,57.72,Group 1 (Common),98.18,58.29,Group 1 (Common),57.6,0.0,0.0,0.0,0.0,98.18,0.65,0.0,0.61,0.65,58.44,57.57,57.27,-111,9.5
2026-07-31 06:35:05,Laboratorios Civil Central,52.47,Group 1 (Common),81.16,53.71,Group 1 (Common),52.3,0.0,0.0,0.0,0.0,81.16,12.33,0.0,0.74,5.82,53.73,52.18,51.7,-105,6.5
2026-07-31 06:35:10,Laboratorios Eléctrica Inferior,52.69,Group 1 (Common),82.34,54.22,Group 1 (Common),53.12,0.0,0.0,0.0,53.08,82.34,0.0,0.04,0.13,17.49,54.19,53.02,49.62,-107,7.2
2026-07-31 06:35:19,Lobby Eléctrica,59.92,Group 1 (Common),91.85,64.82,Group 1 (Common),60.1,0.0,0.0,0.0,0.0,91.85,0.0,0.0,8.06,0.0,66.06,58.15,54.47,-117,1.2
2026-07-31 06:35:22,Laboratorios Civil Inferior,43.9,Silence,0.0,44.71,Silence,0.0,0.0,0.0,0.0,0.0,0.0,0.0,0.0,0.0,0.0,44.75,43.77,43.09,-120,-9.0
2026-07-31 06:35:27,Pasillo Salones Eléctrica,40.97,Silence,0.0,42.49,Silence,0.0,0.0,0.0,0.0,0.0,0.0,0.0,0.0,0.0,0.0,42.88,40.74,39.39,-99,11.5
2026-07-31 06:35:37,Salón - Uma Eléctrica,43.66,Silence,0.0,44.24,Silence,0.0,0.0,0.0,0.0,0.0,0.0,0.0,0.0,0.0,0.0,44.06,43.82,43.07,-119,-1.5
2026-07-31 06:36:05,Salón - Extremo Civil,61.58,Group 2 (Impact),90.09,62.24,Group 2 (Impact),0.0,61.71,0.0,0.0,0.0,0.1,90.09,0.1,6.74,3.08,62.32,61.54,60.3,-83,12.5
2026-07-31 06:36:09,Pasillo Salones Civil,45.8,Mixed,58.5,46.66,Group 2 (Impact),0.0,46.26,0.0,0.0,45.66,0.0,58.5,11.38,1.07,29.0,46.51,45.5,45.23,-113,2.8
2026-07-31 06:36:21,Laboratorios Civil Superior,47.91,Mixed,57.51,48.5,Group 5 (Vehicle),47.9,0.0,0.0,0.0,48.14,57.51,0.0,0.0,0.04,42.23,48.57,47.87,46.74,-113,7.8
2026-07-31 06:36:30,Laboratorios Eléctrica Centro,46.52,Group 5 (Vehicle),80.64,47.29,Group 3 (Rotary Tool),0.0,0.0,47.01,0.0,46.59,7.86,0.13,11.24,0.0,80.64,47.71,46.48,45.7,-119,-4.0
2026-07-31 06:37:50,Lobby Civil,62.42,Mixed,44.84,64.59,Group 1 (Common),64.09,62.04,63.32,0.0,61.73,4.3,22.79,14.8,13.37,44.84,64.45,61.67,60.84,-97,12.5
2026-07-31 06:37:58,Pasillo Decanato Civil,35.27,Silence,0.0,36.01,Silence,0.0,0.0,0.0,0.0,0.0,0.0,0.0,0.0,0.0,0.0,35.93,35.19,34.13,-91,11.8
2026-07-31 06:39:11,Salón - Extremo Eléctrica,58.93,Group 2 (Impact),81.16,59.87,Group 2 (Impact),0.0,58.96,0.0,0.0,0.0,0.0,81.16,4.08,0.52,14.19,59.91,58.91,58.15,-87,9.2
2026-07-31 06:39:19,Laboratorios Eléctrica Superior,47.32,Mixed,54.35,49.47,Group 1 (Common),47.51,0.0,0.0,0.0,47.88,54.35,1.42,0.0,0.49,43.65,50.42,46.35,45.74,-119,-7.8
2026-07-31 06:39:36,Salón - Uma Civil,40.58,Silence,0.0,41.91,Silence,0.0,0.0,0.0,0.0,0.0,0.0,0.0,0.0,0.0,0.0,42.24,40.48,38.7,-114,6.5
2026-07-31 06:39:38,Pasillo Decanato Eléctrica,57.28,Group 1 (Common),99.05,58.26,Group 1 (Common),57.45,0.0,0.0,0.0,0.0,99.05,0.3,0.0,0.09,0.48,58.11,57.28,55.84,-108,9.5
2026-07-31 06:40:05,Laboratorios Civil Central,52.61,Group 1 (Common),89.6,54.01,Group 1 (Common),52.77,0.0,0.0,0.0,0.0,89.6,0.83,0.0,0.29,9.28,54.35,52.17,50.95,-107,11.0
2026-07-31 06:40:10,Laboratorios Eléctrica Inferior,48.27,Mixed,49.39,49.45,Group 1 (Common),48.52,0.0,0.0,0.0,48.74,47.22,2.08,0.0,1.09,49.39,49.07,48.2,47.39,-119,-11.8
2026-07-31 06:40:19,Lobby Eléctrica,50.82,Group 1 (Common),80.03,52.06,Group 1 (Common),50.76,0.0,0.0,0.0,0.0,80.03,3.47,0.04,0.69,15.93,52.13,51.15,49.19,-93,9.2
2026-07-31 06:40:22,Laboratorios Civil Inferior,52.67,Mixed,47.74,54.86,Group 3 (Rotary Tool),0.0,52.49,54.2,0.0,0.0,0.13,47.74,43.36,2.08,6.64,53.79,53.22,50.93,-120,-4.2
2026-07-31 06:40:27,Pasillo Salones Eléctrica,41.72,Silence,0.0,43.25,Silence,0.0,0.0,0.0,0.0,0.0,0.0,0.0,0.0,0.0,0.0,43.02,41.27,40.64,-95,8.5
2026-07-31 06:40:37,Salón - Uma Eléctrica,41.78,Silence,0.0,42.42,Silence,0.0,0.0,0.0,0.0,0.0,0.0,0.0,0.0,0.0,0.0,42.45,41.81,41.13,-107,5.5
2026-07-31 06:41:05,Salón - Extremo Civil,62.09,Mixed,47.14,63.32,Group 5 (Vehicle),0.0,61.86,62.07,0.0,63.04,0.0,35.81,47.14,1.52,15.54,63.51,61.98,60.59,-118,-10.5
2026-07-31 06:41:09,Pasillo Salones Civil,49.54,Group 2 (Impact),92.53,50.62,Group 2 (Impact),0.0,49.86,0.0,0.0,0.0,0.26,92.53,0.0,3.04,4.21,50.84,49.76,47.39,-117,2.8
2026-07-31 06:41:21,Laboratorios Civil Superior,50.07,Mixed,53.08,50.66,Group 1 (Common),50.19,50.02,0.0,0.0,50.13,19.62,53.08,0.69,5.69,20.92,50.92,49.95,49.34,-106,10.5
2026-07-31 06:41:30,Laboratorios Eléctrica Centro,48.38,Mixed,57.51,48.9,Group 5 (Vehicle),48.22,48.35,0.0,0.0,48.39,28.95,12.07,1.43,0.0,57.51,48.85,48.46,47.82,-102,11.8
2026-07-31 06:42:50,Lobby Civil,66.68,Mixed,60.29,68.2,Group 2 (Impact),0.0,67.94,67.37,0.0,67.01,0.69,16.75,11.33,10.98,60.29,67.64,66.64,64.02,-107,11.0
2026-07-31 06:42:58,Pasillo Decanato Civil,36.28,Silence,0.0,37.28,Silence,0.0,0.0,0.0,0.0,0.0,0.0,0.0,0.0,0.0,0.0,37.65,36.02,35.06,-115,
2026-07-31 06:44:11,Salón - Extremo Eléctrica,49.2,Group 2 (Impact),76.74,51.14,Group 2 (Impact),0.0,49.55,0.0,0.0,50.81,4.95,76.74,0.04,2.26,15.97,51.25,48.26,47.06,-109,5.8
2026-07-31 06:44:19,Laboratorios Eléctrica Superior,45.42,Group 2 (Impact),73.83,46.16,Group 2 (Impact),0.0,45.45,0.0,0.0,0.0,4.79,73.83,0.29,6.84,14.26,46.4,45.29,44.7,-101,12.0
2026-07-31 06:44:36,Salón - Uma Civil,37.64,Silence,0.0,38.48,Silence,0.0,0.0,0.0,0.0,0.0,0.0,0.0,0.0,0.0,0.0,38.49,37.5,36.66,-114,6.8
2026-07-31 06:44:38,Pasillo Decanato Eléctrica,68.57,Group 1 (Common),84.29,70.39,Group 1 (Common),68.79,0.0,0.0,69.39,0.0,84.29,0.13,0.0,15.45,0.0,70.19,68.53,63.64,-109,9.0
2026-07-31 06:45:05,Laboratorios Civil Central,53.75,Group 1 (Common),90.19,54.75,Group 1 (Common),53.88,0.0,0.0,0.0,0.0,90.19,2.56,0.0,0.87,6.38,54.47,53.8,52.97,-105,11.5
2026-07-31 06:45:10,Laboratorios Eléctrica Inferior,49.34,Mixed,69.78,50.5,Group 5 (Vehicle),48.95,0.0,0.0,0.0,49.26,26.9,2.34,0.1,0.78,69.78,50.57,48.89,48.41,-117,-11.8
2026-07-31 06:45:19,Lobby Eléctrica,54.79,Mixed,51.39,60.12,Group 1 (Common),57.61,54.42,0.0,0.0,0.0,51.39,42.1,0.22,3.73,2.6,56.35,54.66,53.15,-89,12.2
2026-07-31 06:45:22,Laboratorios Civil Inferior,45.68,Group 2 (Impact),78.08,47.12,Group 2 (Impact),45.82,46.24,0.0,0.0,0.0,16.21,78.08,0.0,2.39,3.32,47.19,45.34,44.33,-118,-8.0
2026-07-31 06:45:27,Pasillo Salones Eléctrica,38.31,Silence,0.0,39.69,Silence,0.0,0.0,0.0,0.0,0.0,0.0,0.0,0.0,0.0,0.0,39.52,38.26,36.47,-99,12.0
2026-07-31 06:45:37,Salón - Uma Eléctrica,41.01,Silence,0.0,41.85,Silence,0.0,0.0,0.0,0.0,0.0,0.0,0.0,0.0,0.0,0.0,41.67,41.29,39.94,-114,4.8
2026-07-31 06:46:05,Salón - Extremo Civil,36.4,Silence,0.0,36.92,Silence,0.0,0.0,0.0,0.0,0.0,0.0,0.0,0.0,0.0,0.0,37.34,36.29,35.84,-83,13.2
2026-07-31 06:46:09,Pasillo Salones Civil,45.2,Group 2 (Impact),72.31,45.87,Group 2 (Impact),0.0,46.06,0.0,0.0,0.0,0.04,72.31,2.0,2.0,23.65,45.67,45.26,44.49,-104,9.5
2026-07-31 06:46:21,Laboratorios Civil Superior,51.15,Mixed,45.36,52.74,Group 1 (Common),52.55,51.39,0.0,0.0,51.29,9.57,40.72,0.15,4.44,45.36,52.0,50.8,50.59,-108,5.8
2026-07-31 06:46:30,Laboratorios Eléctrica Centro,47.89,Mixed,47.57,48.72,Group 1 (Common),48.04,47.52,0.0,0.0,48.16,29.73,20.44,0.22,1.91,47.57,48.81,47.74,47.02,-107,10.8
2026-07-31 06:47:50,Lobby Civil,69.25,Mixed,45.57,72.02,Group 2 (Impact),0.0,70.72,69.2,0.0,70.07,0.0,17.93,45.57,8.77,27.73,71.19,68.5,67.3,-87,13.8
2026-07-31 06:47:58,Pasillo Decanato Civil,41.7,Silence,0.0,43.68,Silence,0.0,0.0,0.0,0.0,0.0,0.0,0.0,0.0,0.0,0.0,43.8,41.27,38.93,-110,1.5
2026-07-31 06:49:11,Salón - Extremo Eléctrica,45.65,Mixed,59.85,46.07,Group 2 (Impact),0.0,45.64,45.38,0.0,0.0,0.0,59.85,18.58,0.43,21.18,46.29,45.68,44.98,-84,9.2
2026-07-31 06:49:19,Laboratorios Eléctrica Superior,45.23,Group 2 (Impact),73.0,45.89,Group 2 (Impact),45.14,45.31,0.0,0.0,45.17,8.2,73.0,0.0,2.86,16.06,46.02,45.23,44.87,-101,12.2
2026-07-31 06:49:36,Salón - Uma Civil,38.86,Silence,0.0,39.48,Silence,0.0,0.0,0.0,0.0,0.0,0.0,0.0,0.0,0.0,0.0,39.69,38.78,38.1,-117,-10.5
2026-07-31 06:49:38,Pasillo Decanato Eléctrica,61.28,Group 1 (Common),93.14,62.31,Group 1 (Common),61.32,0.0,0.0,0.0,0.0,93.14,4.04,0.13,2.26,0.35,62.31,61.09,59.58,-108,9.8
2026-07-31 06:50:05,Laboratorios Civil Central,65.65,Group 1 (Common),98.91,70.67,Group 1 (Common),63.25,0.0,0.0,0.0,0.0,98.91,0.0,0.22,0.04,0.52,71.18,59.72,57.01,-106,10.5
2026-07-31 06:50:10,Laboratorios Eléctrica Inferior,47.89,Mixed,62.99,48.88,Group 1 (Common),48.35,0.0,0.0,0.0,48.02,34.57,1.07,0.15,1.22,62.99,48.38,47.98,46.89,-107,11.2
2026-07-31 06:50:19,Lobby Eléctrica,53.36,Mixed,39.19,54.23,Group 5 (Vehicle),52.33,53.43,0.0,0.0,53.53,24.78,31.6,0.82,3.65,39.19,54.43,53.48,52.17,-114,3.0
2026-07-31 06:50:22,Laboratorios Civil Inferior,52.18,Group 1 (Common),88.45,54.71,Group 1 (Common),52.24,0.0,0.0,0.0,53.08,88.45,1.78,0.0,0.35,9.24,55.23,52.11,48.31,-119,-9.8
2026-07-31 06:50:28,Pasillo Salones Eléctrica,34.96,Silence,0.0,35.76,Silence,0.0,0.0,0.0,0.0,0.0,0.0,0.0,0.0,0.0,0.0,35.73,35.07,33.94,-99,12.8
2026-07-31 06:50:37,Salón - Uma Eléctrica,41.91,Silence,0.0,42.58,Silence,0.0,0.0,0.0,0.0,0.0,0.0,0.0,0.0,0.0,0.0,42.65,41.86,41.15,-117,1.5
2026-07-31 06:51:05,Salón - Extremo Civil,37.63,Silence,0.0,40.53,Silence,0.0,0.0,0.0,0.0,0.0,0.0,0.0,0.0,0.0,0.0,40.84,37.7,33.75,-91,9.0
2026-07-31 06:51:09,Pasillo Salones Civil,47.74,Mixed,67.4,51.43,Group 1 (Common),50.89,47.89,0.0,0.0,0.0,15.49,67.4,0.69,3.6,12.76,50.95,47.73,43.88,-114,4.5
2026-07-31 06:51:21,Laboratorios Civil Superior,52.9,Mixed,60.2,54.18,Group 2 (Impact),0.0,53.61,0.0,0.0,52.5,1.95,21.18,13.63,3.17,60.2,54.59,52.71,51.67,-109,5.0
2026-07-31 06:51:30,Laboratorios Eléctrica Centro,48.34,Mixed,62.37,49.12,Group 2 (Impact),47.89,48.39,0.0,0.0,0.0,9.9,62.37,1.0,5.21,21.4,49.47,48.16,47.59,-104,9.8
2026-07-31 06:52:50,Lobby Civil,70.75,Mixed,47.12,72.41,Group 1 (Common),71.4,71.95,0.0,0.0,70.71,22.85,9.72,7.08,13.23,47.12,72.6,69.92,69.29,-111,5.8
2026-07-31 06:52:58,Pasillo Decanato Civil,43.11,Silence,0.0,44.68,Silence,0.0,0.0,0.0,0.0,0.0,0.0,0.0,0.0,0.0,0.0,45.26,42.3,41.33,-96,12.0
2026-07-31 06:54:11,Salón - Extremo Eléctrica,39.06,Silence,0.0,39.99,Silence,0.0,0.0,0.0,0.0,0.0,0.0,0.0,0.0,0.0,0.0,39.59,38.93,38.29,-89,8.0
2026-07-31 06:54:19,Laboratorios Eléctrica Superior,47.23,Mixed,61.63,48.62,Group 2 (Impact),0.0,47.05,0.0,0.0,47.36,1.3,61.63,0.74,3.26,32.99,48.99,47.21,45.92,-117,-3.5
2026-07-31 06:54:36,Salón - Uma Civil,38.06,Silence,0.0,39.79,Silence,0.0,0.0,0.0,0.0,0.0,0.0,0.0,0.0,0.0,0.0,39.43,38.34,35.4,-117,4.0
2026-07-31 06:54:38,Pasillo Decanato Eléctrica,76.93,Group 1 (Common),99.48,80.61,Group 1 (Common),77.45,0.0,0.0,0.0,0.0,99.48,0.0,0.09,0.17,0.0,81.53,75.88,68.9,-119,-12.8
2026-07-31 06:55:05,Laboratorios Civil Central,56.31,Group 1 (Common),71.14,57.61,Group 1 (Common),56.63,0.0,0.0,0.0,0.0,71.14,15.02,0.0,2.21,11.46,57.22,56.13,55.02,-105,8.5
2026-07-31 06:55:10,Laboratorios Eléctrica Inferior,48.38,Mixed,46.35,49.38,Group 5 (Vehicle),48.35,0.0,0.0,0.0,48.89,46.35,10.11,0.13,2.04,41.32,48.99,48.41,47.5,-107,6.0
2026-07-31 06:55:19,Lobby Eléctrica,62.24,Group 1 (Common),79.9,65.33,Group 1 (Common),61.59,55.98,0.0,0.0,0.0,79.9,17.19,0.0,2.0,0.82,65.35,62.64,55.47,-93,13.5
2026-07-31 06:55:22,Laboratorios Civil Inferior,46.26,Mixed,69.44,47.87,Group 2 (Impact),46.48,46.5,0.0,0.0,0.0,25.95,69.44,0.0,2.56,2.04,48.13,46.28,44.52,-114,5.2
2026-07-31 06:55:28,Pasillo Salones Eléctrica,34.2,Silence,0.0,35.2,Silence,0.0,0.0,0.0,0.0,0.0,0.0,0.0,0.0,0.0,0.0,34.86,34.04,33.32,-98,11.8
2026-07-31 06:55:37,Salón - Uma Eléctrica,42.49,Silence,0.0,42.99,Silence,0.0,0.0,0.0,0.0,0.0,0.0,0.0,0.0,0.0,0.0,43.13,42.34,42.03,-114,1.5
2026-07-31 06:56:05,Salón - Extremo Civil,34.84,Silence,0.0,35.58,Silence,0.0,0.0,0.0,0.0,0.0,0.0,0.0,0.0,0.0,0.0,35.48,34.85,34.18,-97,12.2
2026-07-31 06:56:09,Pasillo Salones Civil,43.8,Silence,0.0,45.75,Silence,0.0,0.0,0.0,0.0,0.0,0.0,0.0,0.0,0.0,0.0,45.28,43.88,42.58,-109,8.8
2026-07-31 06:56:21,Laboratorios Civil Superior,54.9,Mixed,60.11,55.46,Group 1 (Common),54.97,0.0,0.0,0.0,55.03,38.54,0.35,0.22,0.78,60.11,55.46,54.75,54.2,-100,11.2
2026-07-31 06:56:30,Laboratorios Eléctrica Centro,60.47,Group 1 (Common),89.5,63.36,Group 1 (Common),59.44,0.0,0.0,0.0,0.0,89.5,7.51,0.0,1.0,2.0,64.58,60.07,53.75,-102,12.0
2026-07-31 06:57:50,Lobby Civil,76.27,Mixed,61.28,77.75,Group 3 (Rotary Tool),0.0,75.74,75.65,0.0,76.43,0.0,11.46,61.28,2.86,24.48,77.97,75.75,75.04,-96,12.8
2026-07-31 06:57:58,Pasillo Decanato Civil,55.93,Mixed,47.36,58.1,Group 2 (Impact),0.0,56.23,0.0,0.0,56.81,0.39,47.36,9.62,6.49,36.08,57.27,55.57,54.99,-102,11.5
2026-07-31 06:59:11,Salón - Extremo Eléctrica,36.9,Silence,0.0,37.43,Silence,0.0,0.0,0.0,0.0,0.0,0.0,0.0,0.0,0.0,0.0,37.27,37.04,36.3,-89,10.5
2026-07-31 06:59:19,Laboratorios Eléctrica Superior,48.34,Mixed,55.51,49.56,Group 1 (Common),48.56,49.1,0.0,0.0,48.23,55.51,14.15,3.43,0.35,26.56,49.53,48.06,47.22,-119,-1.0
2026-07-31 06:59:36,Salón - Uma Civil,47.54,Mixed,42.8,51.73,Group 3 (Rotary Tool),0.0,47.78,52.08,0.0,48.34,0.0,41.67,14.84,0.39,42.8,52.11,46.74,43.02,-113,5.5
2026-07-31 06:59:38,Pasillo Decanato Eléctrica,58.21,Group 1 (Common),97.92,58.8,Group 1 (Common),58.27,0.0,0.0,0.0,0.0,97.92,0.22,0.0,0.22,1.56,59.0,58.18,57.33,-109,9.0
2026-07-31 07:00:05,Laboratorios Civil Central,60.74,Group 1 (Common),98.09,64.38,Group 1 (Common),59.34,0.0,0.0,0.0,0.0,98.09,0.35,0.0,0.52,1.0,66.3,59.3,57.27,-105,12.2
2026-07-31 07:00:10,Laboratorios Eléctrica Inferior,47.46,Group 5 (Vehicle),72.05,48.1,Group 1 (Common),49.29,0.0,0.0,0.0,47.59,18.84,5.43,0.39,3.3,72.05,47.87,47.49,46.45,-109,10.2
2026-07-31 07:00:19,Lobby Eléctrica,59.2,Mixed,69.1,61.18,Group 1 (Common),59.93,0.0,0.0,0.0,58.14,69.1,0.09,2.99,0.09,27.73,61.24,59.22,57.82,-89,12.2
2026-07-31 07:00:22,Laboratorios Civil Inferior,44.8,Silence,0.0,45.68,Silence,0.0,0.0,0.0,0.0,0.0,0.0,0.0,0.0,0.0,0.0,45.58,44.82,44.24,-115,3.2
2026-07-31 07:00:28,Pasillo Salones Eléctrica,42.07,Silence,0.0,43.44,Silence,0.0,0.0,0.0,0.0,0.0,0.0,0.0,0.0,0.0,0.0,44.08,42.26,39.08,-97,9.0
2026-07-31 07:00:37,Salón - Uma Eléctrica,51.8,Group 2 (Impact),70.44,54.45,Group 2 (Impact),0.0,51.55,0.0,0.0,0.0,0.0,70.44,3.04,0.39,26.09,54.86,51.34,46.82,-105,9.0
2026-07-31 07:01:05,Salón - Extremo Civil,35.26,Silence,0.0,36.66,Silence,0.0,0.0,0.0,0.0,0.0,0.0,0.0,0.0,0.0,0.0,36.81,34.71,34.18,-105,9.8
2026-07-31 07:01:09,Pasillo Salones Civil,48.26,Group 2 (Impact),81.6,49.23,Group 2 (Impact),0.0,48.44,0.0,0.0,0.0,0.0,81.6,0.69,2.65,14.93,49.9,48.47,46.19,-117,3.0
2026-07-31 07:01:21,Laboratorios Civil Superior,54.42,Mixed,66.93,55.35,Group 5 (Vehicle),0.0,54.74,55.05,0.0,54.5,12.8,8.77,10.55,1.09,66.93,55.37,54.53,53.34,-113,6.0
2026-07-31 07:01:30,Laboratorios Eléctrica Centro,55.87,Mixed,53.21,60.24,Group 1 (Common),59.7,0.0,53.34,0.0,54.41,16.36,0.13,30.16,0.0,53.21,61.84,54.2,48.22,-118,-8.8
2026-07-31 07:02:50,Lobby Civil,58.42,Group 1 (Common),85.59,62.34,Group 1 (Common),59.4,0.0,0.0,0.0,56.36,85.59,3.3,0.09,0.69,10.11,60.14,58.79,55.2,-91,12.5
2026-07-31 07:02:58,Pasillo Decanato Civil,53.57,Group 1 (Common),99.52,54.42,Group 1 (Common),53.57,0.0,0.0,0.0,0.0,99.52,0.0,0.0,0.04,0.13,54.28,53.52,52.7,-99,10.0
2026-07-31 07:04:11,Salón - Extremo Eléctrica,37.0,Silence,0.0,37.45,Silence,0.0,0.0,0.0,0.0,0.0,0.0,0.0,0.0,0.0,0.0,37.3,37.08,36.01,-109,6.0
2026-07-31 07:04:19,Laboratorios Eléctrica Superior,48.56,Mixed,56.68,49.4,Group 2 (Impact),48.35,49.09,0.0,0.0,48.28,56.68,22.57,3.21,0.04,17.36,49.42,48.34,47.78,-102,12.0
2026-07-31 07:04:36,Salón - Uma Civil,40.19,Silence,0.0,42.42,Silence,0.0,0.0,0.0,0.0,0.0,0.0,0.0,0.0,0.0,0.0,42.44,39.45,38.4,-101,12.5
2026-07-31 07:04:38,Pasillo Decanato Eléctrica,58.12,Group 1 (Common),98.39,58.93,Group 1 (Common),58.21,0.0,0.0,0.0,0.0,98.39,0.26,0.0,0.22,1.13,59.22,58.0,57.67,-106,9.2
2026-07-31 07:05:05,Laboratorios Civil Central,55.72,Group 1 (Common),98.0,56.58,Group 1 (Common),55.63,0.0,0.0,0.0,0.0,98.0,0.13,0.0,0.09,1.69,56.72,55.7,54.56,-99,4.0
2026-07-31 07:05:10,Laboratorios Eléctrica Inferior,48.69,Mixed,56.73,49.4,Group 1 (Common),49.02,48.71,0.0,0.0,48.6,56.73,13.76,0.0,1.39,28.04,49.36,48.71,47.85,-107,1.5
2026-07-31 07:05:19,Lobby Eléctrica,57.87,Group 1 (Common),99.61,60.41,Group 1 (Common),58.28,0.0,0.0,0.0,0.0,99.61,0.0,0.0,0.17,0.04,59.58,57.91,54.99,-115,3.5
2026-07-31 07:05:22,Laboratorios Civil Inferior,47.02,Mixed,61.33,47.57,Group 2 (Impact),46.92,47.13,0.0,0.0,0.0,33.2,61.33,0.0,3.6,1.95,47.65,47.09,46.03,-111,-6.5
2026-07-31 07:05:28,Pasillo Salones Eléctrica,37.8,Silence,0.0,38.3,Silence,0.0,0.0,0.0,0.0,0.0,0.0,0.0,0.0,0.0,0.0,38.31,37.75,36.97,-101,11.8
2026-07-31 07:05:37,Salón - Uma Eléctrica,42.02,Silence,0.0,42.67,Silence,0.0,0.0,0.0,0.0,0.0,0.0,0.0,0.0,0.0,0.0,42.67,42.08,41.38,-109,7.5
2026-07-31 07:06:05,Salón - Extremo Civil,31.55,Silence,0.0,32.32,Silence,0.0,0.0,0.0,0.0,0.0,0.0,0.0,0.0,0.0,0.0,32.17,31.44,30.84,-81,13.2
2026-07-31 07:06:09,Pasillo Salones Civil,44.28,Silence,0.0,45.64,Silence,0.0,0.0,0.0,0.0,0.0,0.0,0.0,0.0,0.0,0.0,45.56,44.63,42.02,-99,9.0
2026-07-31 07:06:21,Laboratorios Civil Superior,54.31,Mixed,55.73,54.95,Group 5 (Vehicle),54.29,0.0,53.99,0.0,54.6,55.73,9.46,11.85,1.39,21.57,55.08,54.29,53.84,-108,9.8
2026-07-31 07:06:30,Laboratorios Eléctrica Centro,56.1,Mixed,61.24,58.22,Group 2 (Impact),0.0,56.82,50.84,0.0,54.7,1.3,61.24,8.59,4.56,24.18,58.63,56.07,52.74,-116,-4.0
2026-07-31 07:07:50,Lobby Civil,59.16,Group 1 (Common),97.87,61.66,Group 1 (Common),59.53,0.0,0.0,0.0,0.0,97.87,0.04,0.78,0.56,0.74,61.53,58.66,56.6,-113,6.8
2026-07-31 07:07:58,Pasillo Decanato Civil,68.37,Group 1 (Common),96.61,71.49,Group 1 (Common),68.41,0.0,0.0,0.0,0.0,96.61,0.0,0.0,3.17,0.0,72.76,67.24,63.88,-114,4.5
2026-07-31 07:09:11,Salón - Extremo Eléctrica,35.92,Silence,0.0,36.98,Silence,0.0,0.0,0.0,0.0,0.0,0.0,0.0,0.0,0.0,0.0,37.11,35.72,35.16,-89,10.0
2026-07-31 07:09:19,Laboratorios Eléctrica Superior,47.5,Mixed,63.63,48.26,Group 3 (Rotary Tool),47.38,0.0,47.81,0.0,47.46,15.71,1.78,18.66,0.17,63.63,47.91,47.53,46.76,-119,-6.2
2026-07-31 07:09:36,Salón - Uma Civil,45.94,Mixed,49.37,47.89,Group 5 (Vehicle),0.0,46.19,0.0,0.0,47.5,0.0,49.37,6.49,0.24,43.85,47.17,45.88,44.2,-97,11.8
2026-07-31 07:09:38,Pasillo Decanato Eléctrica,57.87,Group 1 (Common),99.52,58.66,Group 1 (Common),57.68,0.0,0.0,0.0,0.0,99.52,0.0,0.0,0.0,0.22,58.45,58.12,56.08,-108,8.5
2026-07-31 07:10:05,Laboratorios Civil Central,60.04,Group 1 (Common),99.57,66.21,Group 1 (Common),61.81,0.0,0.0,0.0,0.0,99.57,0.0,0.0,0.04,0.09,62.9,58.69,56.94,-105,12.0
2026-07-31 07:10:10,Laboratorios Eléctrica Inferior,48.95,Mixed,64.84,49.68,Group 5 (Vehicle),48.85,0.0,0.0,0.0,48.84,33.03,0.82,0.22,1.0,64.84,49.64,49.04,48.24,-115,5.5
2026-07-31 07:10:19,Lobby Eléctrica,55.23,Group 1 (Common),90.8,58.18,Group 1 (Common),54.3,0.0,0.0,0.0,0.0,90.8,1.61,1.04,2.52,4.17,58.94,54.52,51.27,-115,1.2
2026-07-31 07:10:22,Laboratorios Civil Inferior,48.76,Group 2 (Impact),71.4,52.3,Group 5 (Vehicle),0.0,47.41,0.0,0.0,51.99,3.99,71.4,2.08,3.52,19.27,53.7,47.76,44.9,-115,0.2
2026-07-31 07:10:28,Pasillo Salones Eléctrica,35.72,Silence,0.0,36.47,Silence,0.0,0.0,0.0,0.0,0.0,0.0,0.0,0.0,0.0,0.0,36.5,35.86,34.69,-99,12.8
2026-07-31 07:10:37,Salón - Uma Eléctrica,46.96,Group 2 (Impact),97.66,47.98,Group 2 (Impact),0.0,46.71,0.0,0.0,0.0,1.35,97.66,0.0,0.87,0.0,47.81,47.13,45.68,-115,3.5
2026-07-31 07:11:05,Salón - Extremo Civil,51.36,Group 2 (Impact),95.79,53.62,Group 2 (Impact),0.0,52.0,0.0,0.0,0.0,3.47,95.79,0.0,0.13,0.43,54.22,51.45,48.64,-87,14.0
2026-07-31 07:11:09,Pasillo Salones Civil,59.59,Group 2 (Impact),88.72,64.81,Group 2 (Impact),0.0,60.74,0.0,0.0,0.0,0.04,88.72,0.13,3.6,7.6,64.98,54.98,44.94,-105,10.8
2026-07-31 07:11:21,Laboratorios Civil Superior,49.61,Group 1 (Common),72.05,50.22,Group 1 (Common),49.58,0.0,0.0,0.0,0.0,72.05,2.13,6.99,0.56,18.14,50.24,49.49,49.2,-107,7.5
2026-07-31 07:11:30,Laboratorios Eléctrica Centro,48.44,Group 5 (Vehicle),85.07,50.65,Group 5 (Vehicle),47.34,0.0,0.0,0.0,48.01,8.9,0.22,5.77,0.13,85.07,50.86,47.45,46.87,-101,11.0
2026-07-31 07:12:50,Lobby Civil,66.4,Group 1 (Common),74.7,70.18,Group 1 (Common),67.17,0.0,0.0,68.17,0.0,74.7,0.0,0.09,25.0,0.13,68.79,65.86,64.25,-97,13.5
2026-07-31 07:12:58,Pasillo Decanato Civil,60.35,Group 1 (Common),99.26,64.08,Group 1 (Common),58.91,0.0,0.0,0.0,0.0,99.26,0.09,0.0,0.43,0.09,64.26,59.68,56.31,-95,12.5
2026-07-31 07:14:13,Salón - Extremo Eléctrica,34.63,Silence,0.0,35.31,Silence,0.0,0.0,0.0,0.0,0.0,0.0,0.0,0.0,0.0,0.0,35.09,34.51,34.21,-89,10.5
2026-07-31 07:14:19,Laboratorios Eléctrica Superior,46.94,Mixed,60.46,49.11,Group 1 (Common),46.59,0.0,0.0,0.0,46.22,60.46,0.43,0.22,0.22,38.63,49.63,46.5,44.12,-101,12.5
2026-07-31 07:14:36,Salón - Uma Civil,48.65,Group 2 (Impact),79.64,50.12,Group 2 (Impact),0.0,48.53,0.0,0.0,0.0,0.0,79.64,0.91,0.22,19.1,50.36,48.45,47.15,-114,5.0
2026-07-31 07:14:38,Pasillo Decanato Eléctrica,57.44,Group 1 (Common),98.09,58.18,Group 1 (Common),57.46,0.0,0.0,0.0,0.0,98.09,0.74,0.0,0.39,0.91,58.29,57.52,56.33,-109,7.8
2026-07-31 07:15:05,Laboratorios Civil Central,61.07,Group 1 (Common),99.18,64.66,Group 1 (Common),61.39,0.0,0.0,0.0,0.0,99.18,0.04,0.0,0.65,0.0,65.91,60.21,56.58,-105,11.2
2026-07-31 07:15:10,Laboratorios Eléctrica Inferior,56.3,Mixed,43.14,59.24,Group 1 (Common),56.64,56.83,0.0,0.0,54.79,43.14,19.62,0.56,1.35,35.37,58.91,55.17,52.79,-119,1.5
2026-07-31 07:15:19,Lobby Eléctrica,60.8,Group 2 (Impact),73.0,63.07,Group 2 (Impact),62.15,61.33,0.0,0.0,0.0,20.7,73.0,0.0,3.52,2.69,62.76,59.58,57.81,-91,13.2
2026-07-31 07:15:22,Laboratorios Civil Inferior,43.08,Silence,0.0,44.3,Silence,0.0,0.0,0.0,0.0,0.0,0.0,0.0,0.0,0.0,0.0,44.51,43.07,41.53,-119,-4.2
2026-07-31 07:15:28,Pasillo Salones Eléctrica,41.62,Silence,0.0,43.09,Silence,0.0,0.0,0.0,0.0,0.0,0.0,0.0,0.0,0.0,0.0,43.58,41.76,39.67,-114,1.2
2026-07-31 07:15:37,Salón - Uma Eléctrica,47.25,Group 2 (Impact),92.66,48.15,Group 2 (Impact),0.0,47.4,0.0,0.0,0.0,0.0,92.66,0.04,0.69,6.64,48.23,47.12,46.68,-118,-9.8
2026-07-31 07:16:05,Salón - Extremo Civil,47.97,Group 2 (Impact),70.31,49.06,Group 2 (Impact),0.0,47.86,0.0,0.0,0.0,0.09,70.31,11.68,2.73,15.28,49.33,47.9,46.73,-118,-12.2
2026-07-31 07:16:09,Pasillo Salones Civil,60.51,Mixed,48.44,61.27,Group 2 (Impact),0.0,60.77,0.0,0.0,60.3,4.49,37.7,3.76,5.76,48.44,61.2,60.45,59.96,-114,4.2
2026-07-31 07:16:21,Laboratorios Civil Superior,49.27,Mixed,57.51,50.18,Group 5 (Vehicle),49.28,0.0,0.0,0.0,49.59,26.22,3.26,12.24,0.78,57.51,50.01,49.25,48.47,-103,11.5
2026-07-31 07:16:30,Laboratorios Eléctrica Centro,54.17,Mixed,43.4,57.26,Group 1 (Common),55.45,0.0,53.58,0.0,53.68,31.55,2.39,22.4,0.13,43.4,56.98,53.97,50.59,-109,7.8
2026-07-31 07:17:50,Lobby Civil,69.9,Group 1 (Common),96.96,71.46,Group 1 (Common),69.59,0.0,0.0,0.0,0.0,96.96,0.0,0.0,3.04,0.0,72.09,69.58,68.17,-90,12.2
2026-07-31 07:17:58,Pasillo Decanato Civil,68.31,Mixed,53.78,72.23,Group 4 (Person),66.39,0.0,0.0,70.01,0.0,46.05,0.0,0.09,53.78,0.0,73.34,66.56,61.79,-105,11.2
2026-07-31 07:19:11,Salón - Extremo Eléctrica,44.94,Silence,0.0,45.78,Silence,0.0,0.0,0.0,0.0,0.0,0.0,0.0,0.0,0.0,0.0,45.68,44.87,44.52,-85,9.8
2026-07-31 07:19:24,Laboratorios Eléctrica Superior,45.74,Mixed,56.86,46.2,Group 1 (Common),45.7,0.0,0.0,0.0,45.85,56.86,6.94,0.0,1.74,34.46,46.49,45.59,45.33,-115,0.8
2026-07-31 07:19:36,Salón - Uma Civil,49.15,Mixed,54.38,49.75,Group 2 (Impact),0.0,49.5,0.0,0.0,49.26,0.0,54.38,4.95,0.91,39.67,49.94,49.09,48.49,-117,-5.8
2026-07-31 07:19:38,Pasillo Decanato Eléctrica,57.92,Group 1 (Common),94.49,58.71,Group 1 (Common),57.81,0.0,0.0,0.0,0.0,94.49,1.39,0.0,0.74,3.47,58.81,57.71,57.31,-103,9.5
2026-07-31 07:20:05,Laboratorios Civil Central,55.22,Group 1 (Common),95.1,56.75,Group 1 (Common),55.49,0.0,0.0,0.0,0.0,95.1,0.0,0.0,0.0,4.82,56.18,55.32,53.99,-101,11.5
2026-07-31 07:20:10,Laboratorios Eléctrica Inferior,50.29,Group 5 (Vehicle),87.15,53.98,Group 5 (Vehicle),49.55,0.0,0.0,0.0,49.42,10.76,1.17,0.22,0.74,87.15,55.43,49.13,48.45,-113,5.8
2026-07-31 07:20:19,Lobby Eléctrica,58.07,Group 1 (Common),96.44,59.26,Group 1 (Common),58.04,0.0,0.0,0.0,0.0,96.44,1.43,0.0,0.48,1.78,60.01,57.76,56.52,-99,9.2
2026-07-31 07:20:22,Laboratorios Civil Inferior,43.46,Silence,0.0,44.22,Silence,0.0,0.0,0.0,0.0,0.0,0.0,0.0,0.0,0.0,0.0,44.68,43.25,42.62,-113,4.5
2026-07-31 07:20:28,Pasillo Salones Eléctrica,51.85,Group 5 (Vehicle),76.3,55.21,Group 5 (Vehicle),0.0,0.0,0.0,0.0,52.84,1.17,8.94,11.68,1.95,76.3,55.21,50.94,47.48,-102,11.8
2026-07-31 07:20:37,Salón - Uma Eléctrica,52.4,Group 2 (Impact),92.62,53.59,Group 2 (Impact),0.0,52.52,0.0,0.0,0.0,0.09,92.62,0.0,1.69,5.69,53.94,52.12,51.25,-109,7.2
2026-07-31 07:21:05,Salón - Extremo Civil,47.78,Group 2 (Impact),77.15,48.3,Group 2 (Impact),0.0,47.76,0.0,0.0,0.0,1.12,77.15,2.2,2.88,16.65,48.37,47.78,47.33,-81,11.8
2026-07-31 07:21:09,Pasillo Salones Civil,59.29,Mixed,68.19,59.89,Group 5 (Vehicle),0.0,0.0,59.45,0.0,59.41,0.0,8.9,21.88,1.13,68.19,60.05,59.17,58.94,-114,3.5
2026-07-31 07:21:21,Laboratorios Civil Superior,49.46,Mixed,64.76,50.26,Group 1 (Common),49.71,0.0,0.0,0.0,49.37,64.76,10.42,0.04,3.73,21.01,50.09,49.5,48.94,-113,5.0
2026-07-31 07:21:30,Laboratorios Eléctrica Centro,50.64,Group 5 (Vehicle),83.3,53.71,Group 5 (Vehicle),0.0,0.0,51.46,0.0,51.37,8.2,0.0,8.45,0.0,83.3,52.24,50.3,49.86,-117,-3.0
2026-07-31 07:22:50,Lobby Civil,71.63,Group 1 (Common),84.42,73.05,Group 1 (Common),71.46,0.0,0.0,0.0,0.0,84.42,0.0,0.0,15.58,0.0,73.17,71.89,68.34,-99,14.2
2026-07-31 07:22:58,Pasillo Decanato Civil,55.27,Group 1 (Common),99.61,56.38,Group 1 (Common),55.46,0.0,0.0,0.0,0.0,99.61,0.0,0.0,0.09,0.0,56.54,54.9,54.36,-114,3.8
2026-07-31 07:24:11,Salón - Extremo Eléctrica,45.91,Mixed,45.36,46.56,Group 5 (Vehicle),46.15,45.9,0.0,0.0,45.82,21.92,29.43,1.26,1.95,45.36,46.57,45.82,45.21,-87,10.5
2026-07-31 07:24:19,Laboratorios Eléctrica Superior,45.01,Mixed,58.64,45.69,Group 5 (Vehicle),45.02,45.15,0.0,0.0,45.09,32.6,7.9,0.0,0.65,58.64,45.65,45.03,44.4,-101,13.0
2026-07-31 07:24:36,Salón - Uma Civil,61.65,Mixed,56.42,62.66,Group 3 (Rotary Tool),0.0,61.08,62.07,0.0,60.64,0.0,23.61,56.42,1.09,18.79,62.59,61.43,60.04,-114,6.2
2026-07-31 07:24:44,Pasillo Decanato Eléctrica,58.17,Mixed,63.5,59.12,Group 1 (Common),58.37,0.0,0.0,0.0,57.88,63.5,15.23,0.0,2.91,18.32,59.0,58.3,57.23,-107,6.8
2026-07-31 07:25:05,Laboratorios Civil Central,56.01,Mixed,42.93,64.66,Group 4 (Person),56.09,55.25,0.0,63.35,55.01,42.93,19.18,1.0,24.44,12.33,59.61,55.32,53.7,-103,10.8
2026-07-31 07:25:10,Laboratorios Eléctrica Inferior,49.53,Mixed,53.78,50.91,Group 1 (Common),49.57,0.0,0.0,0.0,49.95,38.41,6.51,0.0,1.09,53.78,51.07,49.26,48.32,-111,9.2
2026-07-31 07:25:19,Lobby Eléctrica,58.5,Group 1 (Common),99.61,59.21,Group 1 (Common),58.29,0.0,0.0,0.0,0.0,99.61,0.0,0.0,0.13,0.0,59.28,58.4,57.65,-103,11.2
2026-07-31 07:25:22,Laboratorios Civil Inferior,52.94,Mixed,51.95,54.49,Group 1 (Common),53.22,49.27,0.0,0.0,0.0,51.95,38.62,0.29,2.49,6.74,55.7,53.47,47.94,-115,3.5
2026-07-31 07:25:28,Pasillo Salones Eléctrica,54.49,Mixed,47.92,55.08,Group 5 (Vehicle),0.0,54.4,54.37,0.0,54.66,0.0,16.49,33.51,2.08,47.92,54.98,54.62,53.46,-99,8.8
2026-07-31 07:25:37,Salón - Uma Eléctrica,52.78,Group 2 (Impact),87.33,54.04,Group 2 (Impact),0.0,52.91,0.0,0.0,0.0,3.26,87.33,0.0,5.99,3.39,54.37,52.94,51.32,-108,10.0
2026-07-31 07:26:05,Salón - Extremo Civil,48.79,Mixed,53.52,49.66,Group 5 (Vehicle),0.0,48.73,0.0,0.0,48.99,1.69,53.52,1.3,1.22,42.45,49.89,48.78,47.96,-102,10.8
2026-07-31 07:26:09,Pasillo Salones Civil,60.42,Group 5 (Vehicle),84.33,60.81,Group 5 (Vehicle),0.0,0.0,60.58,0.0,60.49,0.0,3.08,11.41,1.22,84.33,60.82,60.47,59.79,-107,11.8
2026-07-31 07:26:21,Laboratorios Civil Superior,51.99,Group 1 (Common),71.09,53.75,Group 1 (Common),52.31,0.0,52.8,0.0,0.0,71.09,1.13,27.04,0.13,0.65,54.56,51.46,50.03,-103,9.8
2026-07-31 07:26:30,Laboratorios Eléctrica Centro,52.96,Mixed,44.05,54.32,Group 5 (Vehicle),52.82,0.0,51.75,0.0,53.17,15.36,0.48,40.02,0.04,44.05,55.1,53.37,49.67,-101,12.5
2026-07-31 07:27:50,Lobby Civil,72.76,Group 1 (Common),74.61,75.0,Group 1 (Common),72.83,0.0,0.0,73.53,72.22,74.61,0.17,0.04,12.11,12.98,74.85,72.23,69.96,-109,7.0
2026-07-31 07:27:58,Pasillo Decanato Civil,55.61,Group 1 (Common),98.65,56.86,Group 1 (Common),55.9,0.0,0.0,0.0,0.0,98.65,0.22,0.0,0.26,0.95,56.71,56.03,54.03,-115,3.5
2026-07-31 07:29:11,Salón - Extremo Eléctrica,39.65,Silence,0.0,40.55,Silence,0.0,0.0,0.0,0.0,0.0,0.0,0.0,0.0,0.0,0.0,40.42,39.64,38.76,-89,9.8
2026-07-31 07:29:19,Laboratorios Eléctrica Superior,46.09,Mixed,62.98,47.48,Group 5 (Vehicle),45.95,0.0,0.0,0.0,46.74,35.94,0.56,0.0,0.3,62.98,46.9,46.1,45.4,-101,12.5
2026-07-31 07:29:36,Salón - Uma Civil,57.57,Mixed,46.57,61.32,Group 2 (Impact),0.0,56.43,0.0,0.0,55.98,0.0,42.23,9.98,1.13,46.57,62.23,56.2,55.12,-114,6.0
2026-07-31 07:29:38,Pasillo Decanato Eléctrica,58.46,Mixed,61.5,59.24,Group 1 (Common),58.32,0.0,0.0,0.0,0.0,61.5,20.14,0.13,3.95,14.28,59.17,58.43,57.24,-103,11.2
2026-07-31 07:30:08,Laboratorios Civil Central,64.38,Group 1 (Common),92.01,68.7,Group 1 (Common),62.72,0.0,0.0,0.0,0.0,92.01,0.0,0.0,7.81,0.09,68.79,61.74,57.03,-102,11.0
2026-07-31 07:30:10,Laboratorios Eléctrica Inferior,57.57,Group 4 (Person),71.96,60.11,Group 4 (Person),56.57,57.55,0.0,56.96,0.0,21.61,5.73,0.56,71.96,0.0,60.66,56.99,54.69,-117,-9.5
2026-07-31 07:30:19,Lobby Eléctrica,56.42,Group 1 (Common),88.63,57.63,Group 1 (Common),56.34,0.0,0.0,0.0,0.0,88.63,8.81,0.0,1.78,0.82,57.83,56.17,55.49,-93,12.0
2026-07-31 07:30:22,Laboratorios Civil Inferior,49.21,Mixed,63.67,50.85,Group 1 (Common),49.99,47.7,0.0,0.0,0.0,63.67,28.3,0.0,1.52,6.47,50.69,49.11,46.36,-120,-4.8
2026-07-31 07:30:28,Pasillo Salones Eléctrica,46.36,Group 2 (Impact),85.24,46.82,Group 2 (Impact),0.0,46.34,0.0,0.0,0.0,0.0,85.24,1.04,1.56,12.15,46.87,46.45,45.7,-115,1.5
2026-07-31 07:30:37,Salón - Uma Eléctrica,52.83,Group 2 (Impact),87.15,53.71,Group 2 (Impact),0.0,52.9,0.0,0.0,0.0,0.26,87.15,0.13,2.34,10.24,54.2,52.89,51.65,-117,-0.5
2026-07-31 07:31:05,Salón - Extremo Civil,39.7,Silence,0.0,40.82,Silence,0.0,0.0,0.0,0.0,0.0,0.0,0.0,0.0,0.0,0.0,40.7,39.62,38.74,-95,9.2
2026-07-31 07:31:09,Pasillo Salones Civil,47.92,Group 2 (Impact),89.37,50.82,Group 1 (Common),50.7,46.57,0.0,0.0,0.0,7.12,89.37,0.0,2.91,0.65,51.05,46.86,44.17,-114,3.0
2026-07-31 07:31:21,Laboratorios Civil Superior,52.21,Group 1 (Common),98.14,54.02,Group 1 (Common),51.15,0.0,0.0,0.0,0.0,98.14,0.2,0.63,0.0,1.07,54.04,51.55,50.05,-111,5.8
2026-07-31 07:31:30,Laboratorios Eléctrica Centro,49.95,Mixed,65.32,51.03,Group 5 (Vehicle),50.19,0.0,0.0,0.0,49.88,30.9,2.78,0.0,0.95,65.32,50.81,49.85,48.78,-119,-3.8
2026-07-31 07:32:50,Lobby Civil,65.22,Mixed,38.89,68.87,Group 1 (Common),66.03,0.0,0.0,63.5,66.3,38.89,13.72,0.3,19.75,27.3,67.47,65.25,61.52,-93,13.0
2026-07-31 07:32:58,Pasillo Decanato Civil,59.35,Mixed,54.25,61.39,Group 1 (Common),59.07,58.31,0.0,0.0,0.0,54.25,31.47,0.04,7.29,6.94,61.89,58.73,56.31,-102,11.8
2026-07-31 07:34:11,Salón - Extremo Eléctrica,24.59,Silence,0.0,25.41,Silence,0.0,0.0,0.0,0.0,0.0,0.0,0.0,0.0,0.0,0.0,25.46,24.67,23.4,-90,10.2
2026-07-31 07:34:19,Laboratorios Eléctrica Superior,44.64,Silence,0.0,46.09,Silence,0.0,0.0,0.0,0.0,0.0,0.0,0.0,0.0,0.0,0.0,45.93,44.81,41.59,-103,12.5
2026-07-31 07:34:36,Salón - Uma Civil,56.53,Mixed,56.08,58.88,Group 2 (Impact),0.0,57.09,0.0,0.0,55.27,3.39,56.08,2.99,5.08,32.42,59.5,55.82,53.78,-99,12.2
2026-07-31 07:34:38,Pasillo Decanato Eléctrica,58.34,Mixed,47.05,59.01,Group 2 (Impact),0.0,58.42,0.0,0.0,58.4,4.17,35.24,4.3,9.24,47.05,58.75,58.45,57.71,-100,10.2
2026-07-31 07:35:05,Laboratorios Civil Central,52.94,Group 1 (Common),91.97,54.14,Group 1 (Common),52.86,0.0,0.0,0.0,0.0,91.97,0.26,0.0,0.13,7.64,54.34,52.74,51.94,-111,7.8
2026-07-31 07:35:10,Laboratorios Eléctrica Inferior,48.92,Mixed,59.08,50.11,Group 2 (Impact),49.06,49.25,0.0,0.0,48.46,25.73,13.04,0.05,2.15,59.08,50.95,48.19,47.94,-119,-2.2
2026-07-31 07:35:19,Lobby Eléctrica,55.74,Group 1 (Common),76.26,57.22,Group 1 (Common),55.22,0.0,0.0,0.0,0.0,76.26,8.77,0.65,5.9,8.33,57.59,55.53,54.17,-107,12.2
2026-07-31 07:35:22,Laboratorios Civil Inferior,42.69,Silence,0.0,43.83,Silence,0.0,0.0,0.0,0.0,0.0,0.0,0.0,0.0,0.0,0.0,44.18,42.42,41.71,-119,-6.0
2026-07-31 07:35:28,Pasillo Salones Eléctrica,37.52,Silence,0.0,38.38,Silence,0.0,0.0,0.0,0.0,0.0,0.0,0.0,0.0,0.0,0.0,38.65,37.51,36.08,-99,13.2
2026-07-31 07:35:37,Salón - Uma Eléctrica,52.84,Group 2 (Impact),97.96,53.62,Group 2 (Impact),0.0,52.83,0.0,0.0,0.0,0.3,97.96,0.0,1.69,0.13,54.01,52.85,51.92,-119,-7.8
2026-07-31 07:36:05,Salón - Extremo Civil,23.77,Silence,0.0,24.72,Silence,0.0,0.0,0.0,0.0,0.0,0.0,0.0,0.0,0.0,0.0,25.13,23.58,22.54,-83,12.2
2026-07-31 07:36:09,Pasillo Salones Civil,40.51,Silence,0.0,41.7,Silence,0.0,0.0,0.0,0.0,0.0,0.0,0.0,0.0,0.0,0.0,41.67,40.36,39.59,-99,12.0
2026-07-31 07:36:21,Laboratorios Civil Superior,45.8,Group 1 (Common),74.85,46.44,Group 1 (Common),45.96,0.0,0.0,0.0,45.85,74.85,0.0,0.0,0.1,25.0,46.87,45.82,44.94,-102,9.8
2026-07-31 07:36:30,Laboratorios Eléctrica Centro,48.18,Group 5 (Vehicle),81.42,51.46,Group 5 (Vehicle),0.0,47.91,0.0,0.0,47.56,4.04,4.99,9.38,0.09,81.42,52.85,47.15,46.63,-102,12.0
2026-07-31 07:37:50,Lobby Civil,68.21,Mixed,52.54,70.73,Group 4 (Person),68.29,0.0,0.0,69.28,0.0,42.29,0.1,1.42,52.54,3.61,70.92,67.47,64.75,-101,11.2
2026-07-31 07:37:58,Pasillo Decanato Civil,65.75,Group 1 (Common),99.09,68.83,Group 1 (Common),66.49,0.0,0.0,0.0,0.0,99.09,0.0,0.0,0.65,0.0,69.19,64.42,59.57,-117,-4.8
2026-07-31 07:39:11,Salón - Extremo Eléctrica,43.43,Silence,0.0,44.47,Silence,0.0,0.0,0.0,0.0,0.0,0.0,0.0,0.0,0.0,0.0,44.41,43.29,42.35,-109,6.0
2026-07-31 07:39:19,Laboratorios Eléctrica Superior,45.47,Mixed,64.41,45.92,Group 1 (Common),45.54,0.0,0.0,0.0,45.38,64.41,0.35,0.22,0.43,34.51,46.11,45.65,44.54,-117,0.5
2026-07-31 07:39:36,Salón - Uma Civil,50.62,Mixed,65.76,51.54,Group 2 (Impact),0.0,50.26,0.0,0.0,50.86,0.0,65.76,11.37,0.61,22.27,51.89,50.48,49.7,-117,-6.8
2026-07-31 07:39:38,Pasillo Decanato Eléctrica,58.32,Group 1 (Common),95.23,59.29,Group 1 (Common),58.49,0.0,0.0,0.0,0.0,95.23,1.87,0.0,0.65,2.43,59.22,58.34,57.62,-107,9.5
2026-07-31 07:40:05,Laboratorios Civil Central,54.13,Group 1 (Common),95.88,55.39,Group 1 (Common),54.25,0.0,0.0,0.0,0.0,95.88,0.74,0.0,0.17,3.26,55.44,53.9,52.93,-101,8.5
2026-07-31 07:40:10,Laboratorios Eléctrica Inferior,49.29,Mixed,61.63,49.98,Group 5 (Vehicle),49.33,49.24,0.0,0.0,49.52,16.58,17.93,0.22,3.56,61.63,50.23,49.13,48.61,-109,9.8
2026-07-31 07:40:19,Lobby Eléctrica,64.27,Group 1 (Common),84.85,67.37,Group 1 (Common),63.52,0.0,0.0,0.0,0.0,84.85,0.48,0.04,0.39,13.89,67.64,63.79,58.2,-93,13.5
2026-07-31 07:40:27,Laboratorios Civil Inferior,46.69,Group 2 (Impact),85.63,47.35,Group 2 (Impact),0.0,46.47,0.0,0.0,0.0,1.13,85.63,5.86,3.39,3.99,47.44,46.76,45.56,-115,-0.5
2026-07-31 07:40:28,Pasillo Salones Eléctrica,35.96,Silence,0.0,36.76,Silence,0.0,0.0,0.0,0.0,0.0,0.0,0.0,0.0,0.0,0.0,36.86,36.09,34.78,-103,11.2
2026-07-31 07:40:37,Salón - Uma Eléctrica,47.21,Group 2 (Impact),95.36,48.13,Group 2 (Impact),0.0,47.27,0.0,0.0,0.0,0.2,95.36,0.0,1.81,2.83,48.02,46.93,46.35,-115,1.8
2026-07-31 07:41:05,Salón - Extremo Civil,39.62,Silence,0.0,41.35,Silence,0.0,0.0,0.0,0.0,0.0,0.0,0.0,0.0,0.0,0.0,41.92,39.2,37.93,-95,13.2
2026-07-31 07:41:09,Pasillo Salones Civil,48.6,Mixed,42.8,50.28,Group 1 (Common),49.5,49.1,0.0,0.0,48.24,24.0,42.8,1.22,3.56,28.39,49.47,48.55,47.65,-108,9.8
2026-07-31 07:41:21,Laboratorios Civil Superior,51.85,Group 5 (Vehicle),75.22,54.63,Group 5 (Vehicle),50.54,0.0,0.0,0.0,53.43,24.78,0.0,0.0,0.0,75.22,54.91,51.35,48.36,-103,10.8
2026-07-31 07:41:30,Laboratorios Eléctrica Centro,48.51,Group 5 (Vehicle),94.88,49.77,Group 5 (Vehicle),0.0,0.0,0.0,0.0,48.7,4.51,0.0,0.56,0.0,94.88,49.47,48.43,47.52,-104,9.0
2026-07-31 07:42:50,Lobby Civil,69.54,Group 1 (Common),85.6,70.75,Group 1 (Common),69.73,0.0,0.0,0.0,0.0,85.6,1.51,0.54,12.01,0.34,70.93,69.68,67.78,-95,10.0
2026-07-31 07:42:58,Pasillo Decanato Civil,63.7,Group 1 (Common),88.48,69.26,Group 1 (Common),60.6,0.0,0.0,64.51,0.0,88.48,1.37,0.0,9.91,0.0,70.26,58.35,54.23,-114,5.5
2026-07-31 07:44:11,Salón - Extremo Eléctrica,46.81,Group 2 (Impact),93.88,47.79,Group 2 (Impact),0.0,46.91,0.0,0.0,0.0,0.3,93.88,0.04,0.0,5.82,47.26,46.95,45.94,-85,8.5
2026-07-31 07:44:19,Laboratorios Eléctrica Superior,44.43,Silence,0.0,47.23,Silence,0.0,0.0,0.0,0.0,0.0,0.0,0.0,0.0,0.0,0.0,47.96,44.1,41.41,-102,8.8
2026-07-31 07:44:36,Salón - Uma Civil,46.32,Mixed,53.43,47.54,Group 5 (Vehicle),46.56,45.93,0.0,0.0,46.82,13.11,53.43,1.35,5.03,27.08,47.54,46.26,45.15,-119,-6.5
2026-07-31 07:44:38,Pasillo Decanato Eléctrica,58.66,Mixed,67.06,59.49,Group 1 (Common),58.86,0.0,0.0,0.0,58.48,67.06,11.5,0.0,9.68,11.85,59.55,58.59,57.59,-107,9.5
2026-07-31 07:45:05,Laboratorios Civil Central,58.94,Group 1 (Common),93.58,59.62,Group 1 (Common),58.8,0.0,0.0,0.0,0.0,93.58,0.13,0.0,0.48,5.77,59.47,59.07,58.41,-101,11.0
2026-07-31 07:45:10,Laboratorios Eléctrica Inferior,48.67,Mixed,51.91,49.64,Group 5 (Vehicle),48.3,0.0,0.0,0.0,49.26,43.79,3.6,0.04,0.69,51.91,49.84,48.66,47.86,-108,8.2
2026-07-31 07:45:19,Lobby Eléctrica,66.1,Group 1 (Common),99.61,66.93,Group 1 (Common),66.24,0.0,0.0,0.0,0.0,99.61,0.0,0.0,0.04,0.04,67.23,65.87,65.56,-99,11.8
2026-07-31 07:45:22,Laboratorios Civil Inferior,54.32,Group 5 (Vehicle),92.53,56.0,Group 5 (Vehicle),0.0,0.0,0.0,0.0,54.14,7.42,0.0,0.0,0.0,92.53,55.92,54.31,52.37,-119,-4.0
2026-07-31 07:45:28,Pasillo Salones Eléctrica,40.27,Silence,0.0,40.77,Silence,0.0,0.0,0.0,0.0,0.0,0.0,0.0,0.0,0.0,0.0,40.59,40.22,39.74,-113,3.2
2026-07-31 07:45:37,Salón - Uma Eléctrica,42.66,Silence,0.0,43.79,Silence,0.0,0.0,0.0,0.0,0.0,0.0,0.0,0.0,0.0,0.0,43.94,42.54,41.69,-115,2.0
2026-07-31 07:46:05,Salón - Extremo Civil,44.66,Silence,0.0,45.04,Silence,0.0,0.0,0.0,0.0,0.0,0.0,0.0,0.0,0.0,0.0,44.94,44.69,44.1,-95,12.0
2026-07-31 07:46:09,Pasillo Salones Civil,50.15,Mixed,62.24,51.55,Group 1 (Common),50.92,0.0,0.0,0.0,50.11,35.29,1.48,0.09,0.74,62.24,51.02,50.06,49.7,-108,8.2
2026-07-31 07:46:21,Laboratorios Civil Superior,47.37,Mixed,51.17,48.32,Group 1 (Common),47.59,0.0,0.0,0.0,47.35,51.17,0.0,0.04,0.0,48.74,48.61,47.25,45.85,-103,11.0
2026-07-31 07:46:30,Laboratorios Eléctrica Centro,47.86,Group 5 (Vehicle),92.1,48.64,Group 5 (Vehicle),0.0,0.0,0.0,0.0,47.86,1.82,0.61,5.6,0.0,92.1,48.31,47.99,47.17,-103,11.8
2026-07-31 07:47:50,Lobby Civil,76.69,Mixed,37.93,78.13,Group 1 (Common),78.33,76.63,0.0,77.11,76.31,12.85,5.86,20.23,37.93,23.05,77.48,76.67,75.97,-111,8.0
2026-07-31 07:47:58,Pasillo Decanato Civil,70.09,Group 1 (Common),77.08,72.8,Group 1 (Common),71.17,0.0,0.0,0.0,69.03,77.08,1.04,0.0,11.15,10.55,72.95,70.01,65.96,-99,12.5
2026-07-31 07:49:11,Salón - Extremo Eléctrica,47.81,Group 2 (Impact),97.96,49.64,Group 2 (Impact),0.0,48.24,0.0,0.0,0.0,0.82,97.96,0.0,0.0,1.17,49.46,48.04,45.88,-87,9.5
2026-07-31 07:49:19,Laboratorios Eléctrica Superior,41.13,Silence,0.0,42.19,Silence,0.0,0.0,0.0,0.0,0.0,0.0,0.0,0.0,0.0,0.0,42.18,41.1,40.39,-97,11.0
2026-07-31 07:49:36,Salón - Uma Civil,41.36,Silence,0.0,42.31,Silence,0.0,0.0,0.0,0.0,0.0,0.0,0.0,0.0,0.0,0.0,42.49,41.07,40.66,-102,8.8
2026-07-31 07:49:38,Pasillo Decanato Eléctrica,58.43,Group 1 (Common),85.45,58.9,Group 1 (Common),58.36,0.0,0.0,0.0,0.0,85.45,6.98,0.0,2.29,5.42,58.85,58.4,57.93,-113,7.0
2026-07-31 07:50:05,Laboratorios Civil Central,54.94,Group 1 (Common),82.34,56.46,Group 1 (Common),55.08,0.0,0.0,0.0,0.0,82.34,0.39,0.0,0.48,16.84,56.83,54.76,53.84,-119,-9.0
2026-07-31 07:50:10,Laboratorios Eléctrica Inferior,48.54,Mixed,41.1,49.39,Group 2 (Impact),48.96,50.42,0.0,0.0,48.53,41.1,18.01,0.0,4.86,36.02,49.52,48.5,47.6,-104,9.5
2026-07-31 07:50:19,Lobby Eléctrica,64.28,Group 1 (Common),99.61,67.84,Group 1 (Common),65.17,0.0,0.0,0.0,0.0,99.61,0.0,0.04,0.0,0.0,66.7,63.07,62.04,-91,12.8
2026-07-31 07:50:22,Laboratorios Civil Inferior,42.87,Silence,0.0,44.07,Silence,0.0,0.0,0.0,0.0,0.0,0.0,0.0,0.0,0.0,0.0,44.08,42.81,40.97,-117,4.5
2026-07-31 07:50:28,Pasillo Salones Eléctrica,37.51,Silence,0.0,38.45,Silence,0.0,0.0,0.0,0.0,0.0,0.0,0.0,0.0,0.0,0.0,38.27,37.45,36.75,-97,12.0
2026-07-31 07:50:37,Salón - Uma Eléctrica,41.96,Silence,0.0,42.73,Silence,0.0,0.0,0.0,0.0,0.0,0.0,0.0,0.0,0.0,0.0,42.83,41.94,41.34,-115,2.5
2026-07-31 07:51:05,Salón - Extremo Civil,42.13,Silence,0.0,43.06,Silence,0.0,0.0,0.0,0.0,0.0,0.0,0.0,0.0,0.0,0.0,42.91,42.08,41.35,-119,-9.2
2026-07-31 07:51:09,Pasillo Salones Civil,47.78,Group 2 (Impact),76.43,49.74,Group 2 (Impact),47.58,48.11,0.0,0.0,0.0,12.5,76.43,0.0,2.69,8.51,50.62,47.28,46.35,-113,2.5
2026-07-31 07:51:21,Laboratorios Civil Superior,47.9,Mixed,48.09,48.35,Group 5 (Vehicle),47.91,0.0,47.79,0.0,47.88,48.09,0.91,8.29,0.22,42.45,48.33,47.87,47.59,-113,5.8
2026-07-31 07:51:30,Laboratorios Eléctrica Centro,47.19,Group 5 (Vehicle),96.44,47.98,Group 5 (Vehicle),0.0,0.0,0.0,0.0,47.25,2.78,0.0,0.87,0.04,96.44,47.77,47.28,46.47,-105,10.5
2026-07-31 07:52:50,Lobby Civil,73.1,Mixed,67.8,73.9,Group 1 (Common),73.01,0.0,71.94,0.0,0.0,67.8,0.35,6.73,8.2,17.19,74.15,73.39,71.66,-95,12.8
2026-07-31 07:52:58,Pasillo Decanato Civil,64.32,Group 1 (Common),96.09,68.24,Group 1 (Common),64.7,0.0,0.0,0.0,0.0,96.09,0.0,0.04,3.69,0.0,69.22,62.53,58.91,-112,2.8
2026-07-31 07:54:11,Salón - Extremo Eléctrica,47.41,Group 2 (Impact),99.61,48.24,Group 2 (Impact),0.0,47.56,0.0,0.0,0.0,0.0,99.61,0.0,0.0,0.0,48.12,47.45,46.16,-106,5.0
2026-07-31 07:54:19,Laboratorios Eléctrica Superior,51.26,Mixed,34.85,55.91,Group 2 (Impact),43.6,55.02,0.0,0.0,50.88,31.42,21.7,10.5,1.43,34.85,57.66,49.25,42.86,-103,12.2
2026-07-31 07:54:36,Salón - Uma Civil,38.37,Silence,0.0,39.43,Silence,0.0,0.0,0.0,0.0,0.0,0.0,0.0,0.0,0.0,0.0,39.53,38.31,37.19,-99,9.8
2026-07-31 07:54:38,Pasillo Decanato Eléctrica,58.09,Group 1 (Common),89.06,58.6,Group 1 (Common),58.0,0.0,0.0,0.0,0.0,89.06,9.68,0.0,1.04,0.26,58.6,58.1,57.77,-111,9.2
2026-07-31 07:55:05,Laboratorios Civil Central,60.13,Mixed,49.91,60.53,Group 1 (Common),60.11,60.23,0.0,0.0,60.05,37.59,6.03,1.35,5.21,49.91,60.74,60.12,59.52,-102,11.8
2026-07-31 07:55:10,Laboratorios Eléctrica Inferior,49.05,Mixed,56.55,49.71,Group 5 (Vehicle),48.51,0.0,0.0,0.0,49.1,41.02,0.87,0.0,1.35,56.55,49.9,49.01,48.43,-119,-11.5
2026-07-31 07:55:19,Lobby Eléctrica,67.22,Mixed,60.79,67.89,Group 1 (Common),67.38,0.0,0.0,0.0,67.4,60.79,1.42,0.2,1.61,35.89,67.91,67.04,66.14,-99,13.2
2026-07-31 07:55:22,Laboratorios Civil Inferior,47.07,Mixed,52.69,48.38,Group 1 (Common),47.5,47.3,0.0,0.0,0.0,41.49,52.69,0.17,3.78,1.91,47.51,47.08,46.51,-111,0.8
2026-07-31 07:55:28,Pasillo Salones Eléctrica,34.12,Silence,0.0,35.05,Silence,0.0,0.0,0.0,0.0,0.0,0.0,0.0,0.0,0.0,0.0,34.95,34.24,32.89,-114,3.8
2026-07-31 07:55:37,Salón - Uma Eléctrica,41.67,Silence,0.0,42.2,Silence,0.0,0.0,0.0,0.0,0.0,0.0,0.0,0.0,0.0,0.0,42.04,41.73,41.2,-120,-9.8
2026-07-31 07:56:05,Salón - Extremo Civil,40.47,Silence,0.0,42.16,Silence,0.0,0.0,0.0,0.0,0.0,0.0,0.0,0.0,0.0,0.0,41.86,40.4,38.43,-120,-12.5
2026-07-31 07:56:09,Pasillo Salones Civil,48.04,Group 2 (Impact),93.92,55.69,Group 2 (Impact),0.0,44.22,0.0,0.0,0.0,0.65,93.92,0.09,1.87,3.52,57.61,43.04,42.36,-107,11.8
2026-07-31 07:56:21,Laboratorios Civil Superior,57.55,Group 1 (Common),78.08,58.75,Group 1 (Common),57.47,0.0,0.0,0.0,56.82,78.08,0.04,0.52,0.56,20.62,59.31,57.52,55.86,-101,12.0
2026-07-31 07:56:30,Laboratorios Eléctrica Centro,47.07,Group 5 (Vehicle),71.57,48.05,Group 5 (Vehicle),0.0,0.0,46.84,0.0,47.36,1.82,1.35,25.17,0.0,71.57,48.45,47.02,45.95,-107,10.5
2026-07-31 07:57:50,Lobby Civil,61.63,Group 1 (Common),94.1,63.36,Group 1 (Common),61.58,0.0,0.0,0.0,0.0,94.1,2.21,0.0,1.0,2.69,63.5,61.73,58.8,-114,4.2
2026-07-31 07:57:58,Pasillo Decanato Civil,66.63,Mixed,50.26,72.13,Group 4 (Person),61.98,60.38,0.0,69.98,0.0,50.26,9.03,0.0,40.71,0.0,73.38,59.56,57.68,-95,13.2
2026-07-31 07:59:11,Salón - Extremo Eléctrica,43.77,Silence,0.0,44.48,Silence,0.0,0.0,0.0,0.0,0.0,0.0,0.0,0.0,0.0,0.0,44.5,43.61,43.2,-105,7.5
2026-07-31 07:59:19,Laboratorios Eléctrica Superior,52.58,Group 1 (Common),77.04,57.3,Group 1 (Common),53.13,0.0,0.0,0.0,47.41,77.04,5.16,1.56,0.26,15.89,58.5,48.86,46.6,-101,12.2
2026-07-31 07:59:36,Salón - Uma Civil,41.6,Silence,0.0,42.57,Silence,0.0,0.0,0.0,0.0,0.0,0.0,0.0,0.0,0.0,0.0,42.71,41.81,40.46,-117,-6.8
2026-07-31 07:59:38,Pasillo Decanato Eléctrica,58.02,Group 1 (Common),79.9,58.77,Group 1 (Common),58.14,0.0,0.0,0.0,0.0,79.9,13.28,0.04,5.25,1.26,58.38,57.99,57.47,-113,8.8
2026-07-31 08:00:05,Laboratorios Civil Central,54.28,Group 1 (Common),93.32,56.3,Group 1 (Common),54.95,0.0,0.0,0.0,0.0,93.32,0.22,1.82,0.0,4.64,56.3,54.16,52.35,-103,10.8
2026-07-31 08:00:10,Laboratorios Eléctrica Inferior,57.44,Group 1 (Common),80.56,61.69,Group 1 (Common),58.02,0.0,0.0,0.0,0.0,80.56,0.22,0.0,0.65,18.45,62.29,54.01,50.64,-115,2.8
2026-07-31 08:00:20,Lobby Eléctrica,53.6,Mixed,63.8,54.71,Group 1 (Common),53.46,0.0,52.48,0.0,0.0,63.8,0.74,30.3,0.52,4.77,54.84,53.61,51.9,-117,-0.5
2026-07-31 08:00:23,Laboratorios Civil Inferior,42.8,Silence,0.0,43.67,Silence,0.0,0.0,0.0,0.0,0.0,0.0,0.0,0.0,0.0,0.0,43.26,42.89,42.27,-119,-1.8
2026-07-31 08:00:28,Pasillo Salones Eléctrica,53.59,Mixed,53.26,54.45,Group 5 (Vehicle),0.0,0.0,53.24,0.0,53.9,0.0,9.29,35.94,1.52,53.26,54.53,53.34,52.91,-101,9.0
2026-07-31 08:00:37,Salón - Uma Eléctrica,43.6,Silence,0.0,44.21,Silence,0.0,0.0,0.0,0.0,0.0,0.0,0.0,0.0,0.0,0.0,44.55,43.66,42.61,-113,7.5
2026-07-31 08:01:10,Salón - Extremo Civil,47.81,Group 2 (Impact),75.93,48.25,Group 2 (Impact),0.0,47.73,0.0,0.0,0.0,0.1,75.93,0.54,2.39,21.14,48.02,47.82,47.06,-79,9.8
2026-07-31 08:01:10,Pasillo Salones Civil,59.33,Mixed,47.57,59.71,Group 2 (Impact),0.0,59.4,59.33,0.0,59.26,0.0,20.27,31.38,0.82,47.57,59.94,59.29,58.68,-103,9.0
2026-07-31 08:01:21,Laboratorios Civil Superior,47.02,Mixed,63.24,48.33,Group 1 (Common),47.65,0.0,47.24,0.0,46.47,63.24,0.61,8.64,0.04,27.47,48.14,46.83,45.65,-101,10.5
2026-07-31 08:01:30,Laboratorios Eléctrica Centro,48.55,Mixed,47.85,49.61,Group 3 (Rotary Tool),0.0,0.0,48.93,0.0,48.31,8.01,1.46,47.85,0.05,42.58,49.98,48.2,47.75,-101,10.8
2026-07-31 08:02:50,Lobby Civil,72.12,Group 1 (Common),99.57,74.57,Group 1 (Common),71.91,0.0,0.0,0.0,0.0,99.57,0.0,0.0,0.09,0.0,75.09,71.93,69.27,-99,12.0
2026-07-31 08:02:58,Pasillo Decanato Civil,54.92,Group 1 (Common),99.57,55.84,Group 1 (Common),54.81,0.0,0.0,0.0,0.0,99.57,0.0,0.0,0.0,0.09,55.5,54.99,53.89,-89,12.0
2026-07-31 08:04:11,Salón - Extremo Eléctrica,53.43,Mixed,52.69,56.31,Group 2 (Impact),54.77,54.36,0.0,0.0,53.38,10.55,52.69,0.82,1.95,33.85,56.17,52.57,47.14,-90,10.2
2026-07-31 08:04:19,Laboratorios Eléctrica Superior,41.34,Silence,0.0,43.16,Silence,0.0,0.0,0.0,0.0,0.0,0.0,0.0,0.0,0.0,0.0,42.58,41.24,40.5,-97,11.2
2026-07-31 08:04:36,Salón - Uma Civil,40.21,Silence,0.0,41.0,Silence,0.0,0.0,0.0,0.0,0.0,0.0,0.0,0.0,0.0,0.0,40.94,40.3,38.96,-109,7.5
2026-07-31 08:04:38,Pasillo Decanato Eléctrica,72.66,Mixed,68.79,76.97,Group 2 (Impact),0.0,70.95,75.3,0.0,0.0,0.0,68.79,24.7,4.04,2.43,77.75,67.18,60.26,-109,7.5
2026-07-31 08:05:05,Laboratorios Civil Central,58.54,Group 1 (Common),78.61,60.51,Group 1 (Common),57.82,0.0,0.0,0.0,58.53,78.61,1.12,0.63,0.88,18.7,61.14,57.64,55.39,-99,8.2
2026-07-31 08:05:10,Laboratorios Eléctrica Inferior,49.88,Mixed,53.47,50.61,Group 1 (Common),49.86,0.0,0.0,0.0,50.17,53.47,2.99,0.0,2.04,41.41,50.77,49.73,49.08,-111,1.0
2026-07-31 08:05:20,Lobby Eléctrica,50.76,Mixed,60.59,52.06,Group 3 (Rotary Tool),49.67,0.0,51.04,0.0,0.0,33.94,3.3,60.59,0.04,2.08,52.07,50.79,48.63,-101,12.2
2026-07-31 08:05:22,Laboratorios Civil Inferior,48.62,Group 1 (Common),92.82,52.6,Group 1 (Common),50.0,0.0,0.0,0.0,0.0,92.82,3.42,0.0,0.93,2.83,51.2,46.72,45.38,-120,-14.0
2026-07-31 08:05:28,Pasillo Salones Eléctrica,45.78,Mixed,67.4,46.17,Group 2 (Impact),0.0,45.8,0.0,0.0,45.18,0.22,67.4,2.69,2.82,26.82,46.18,45.75,45.3,-99,12.5
2026-07-31 08:05:37,Salón - Uma Eléctrica,43.01,Silence,0.0,43.96,Silence,0.0,0.0,0.0,0.0,0.0,0.0,0.0,0.0,0.0,0.0,43.71,42.97,42.31,-117,0.5
2026-07-31 08:06:05,Salón - Extremo Civil,48.26,Group 2 (Impact),70.88,48.93,Group 2 (Impact),0.0,48.42,0.0,0.0,48.31,0.0,70.88,1.22,1.82,26.0,49.04,48.29,47.74,-83,11.5
2026-07-31 08:06:09,Pasillo Salones Civil,59.81,Mixed,64.58,60.07,Group 3 (Rotary Tool),0.0,0.0,59.85,0.0,59.82,0.0,11.02,23.52,0.82,64.58,60.09,59.86,59.33,-114,3.8
2026-07-31 08:06:21,Laboratorios Civil Superior,49.34,Mixed,46.05,52.3,Group 1 (Common),48.54,0.0,50.34,0.0,46.09,46.05,0.13,20.75,0.0,32.99,52.63,48.5,45.5,-108,9.0
2026-07-31 08:06:30,Laboratorios Eléctrica Centro,49.27,Mixed,52.43,51.25,Group 1 (Common),51.88,0.0,49.05,0.0,49.18,13.5,3.17,30.77,0.09,52.43,51.78,49.14,47.41,-120,-5.0
2026-07-31 08:07:50,Lobby Civil,69.0,Group 1 (Common),99.61,70.46,Group 1 (Common),68.65,0.0,0.0,0.0,0.0,99.61,0.0,0.0,0.09,0.0,71.37,68.28,66.1,-97,13.0
2026-07-31 08:07:58,Pasillo Decanato Civil,61.24,Group 1 (Common),89.37,66.72,Group 1 (Common),61.27,0.0,0.0,0.0,0.0,89.37,4.77,0.0,0.91,4.82,66.55,56.28,54.12,-95,12.5
2026-07-31 08:09:11,Salón - Extremo Eléctrica,42.48,Silence,0.0,42.88,Silence,0.0,0.0,0.0,0.0,0.0,0.0,0.0,0.0,0.0,0.0,42.98,42.49,42.07,-90,9.0
2026-07-31 08:09:19,Laboratorios Eléctrica Superior,43.61,Silence,0.0,46.24,Silence,0.0,0.0,0.0,0.0,0.0,0.0,0.0,0.0,0.0,0.0,45.03,43.25,41.06,-119,-9.5
2026-07-31 08:09:36,Salón - Uma Civil,41.09,Silence,0.0,43.85,Silence,0.0,0.0,0.0,0.0,0.0,0.0,0.0,0.0,0.0,0.0,43.13,40.23,38.95,-119,-4.2
2026-07-31 08:09:38,Pasillo Decanato Eléctrica,58.54,Group 1 (Common),97.48,60.04,Group 1 (Common),58.32,0.0,0.0,0.0,0.0,97.48,0.22,0.0,0.13,1.95,60.73,58.04,57.49,-117,-13.8
2026-07-31 08:10:05,Laboratorios Civil Central,62.49,Mixed,61.96,65.93,Group 5 (Vehicle),56.74,0.0,0.0,0.0,63.33,34.67,0.34,1.56,1.32,61.96,66.7,59.66,55.45,-119,-6.0
2026-07-31 08:10:10,Laboratorios Eléctrica Inferior,57.89,Group 1 (Common),99.39,60.97,Group 1 (Common),57.51,0.0,0.0,0.0,0.0,99.39,0.04,0.0,0.3,0.0,61.57,57.96,55.14,-118,-9.0
2026-07-31 08:10:19,Lobby Eléctrica,49.65,Mixed,36.98,50.96,Group 5 (Vehicle),50.28,0.0,48.21,0.0,50.45,29.17,0.3,33.46,0.0,36.98,51.03,50.28,47.87,-99,13.0
2026-07-31 08:10:23,Laboratorios Civil Inferior,48.7,Mixed,34.68,57.32,Group 2 (Impact),44.72,52.14,52.35,0.0,49.48,18.1,34.68,12.98,3.3,30.73,52.99,47.71,41.81,-121,-12.0
2026-07-31 08:10:28,Pasillo Salones Eléctrica,53.88,Mixed,50.65,54.34,Group 2 (Impact),0.0,54.02,53.79,0.0,53.81,0.0,30.34,50.65,1.04,17.8,54.36,53.85,52.78,-99,12.8
2026-07-31 08:10:37,Salón - Uma Eléctrica,44.07,Silence,0.0,45.08,Silence,0.0,0.0,0.0,0.0,0.0,0.0,0.0,0.0,0.0,0.0,45.2,43.94,43.18,-115,1.8
2026-07-31 08:11:05,Salón - Extremo Civil,46.95,Group 2 (Impact),95.44,47.9,Group 2 (Impact),0.0,47.12,0.0,0.0,0.0,0.3,95.44,0.04,2.13,2.26,47.34,46.99,46.62,-83,12.5
2026-07-31 08:11:09,Pasillo Salones Civil,59.75,Mixed,66.93,60.32,Group 3 (Rotary Tool),0.0,0.0,59.95,0.0,59.65,0.0,8.42,23.39,1.3,66.93,60.23,59.83,59.13,-101,12.8
2026-07-31 08:11:21,Laboratorios Civil Superior,47.4,Mixed,60.3,48.48,Group 1 (Common),47.9,0.0,0.0,0.0,47.4,60.3,0.0,0.0,0.1,39.6,48.46,47.45,46.24,-111,5.5
2026-07-31 08:11:31,Laboratorios Eléctrica Centro,51.31,Mixed,56.64,54.09,Group 4 (Person),0.0,0.0,50.21,53.91,51.22,7.38,3.86,15.23,16.75,56.64,55.06,50.78,47.03,-105,10.0
2026-07-31 08:12:50,Lobby Civil,59.58,Group 1 (Common),97.79,62.34,Group 1 (Common),60.22,0.0,0.0,0.0,0.0,97.79,0.35,0.0,0.82,1.0,60.72,60.08,55.47,-108,4.8
2026-07-31 08:12:58,Pasillo Decanato Civil,54.21,Group 1 (Common),98.35,54.85,Group 1 (Common),54.13,0.0,0.0,0.0,0.0,98.35,0.0,0.04,0.04,1.39,54.56,54.23,53.88,-97,11.0
2026-07-31 08:14:11,Salón - Extremo Eléctrica,34.37,Silence,0.0,35.03,Silence,0.0,0.0,0.0,0.0,0.0,0.0,0.0,0.0,0.0,0.0,35.04,34.28,33.46,-90,11.8
2026-07-31 08:14:19,Laboratorios Eléctrica Superior,45.6,Mixed,49.39,53.45,Group 1 (Common),48.83,0.0,0.0,0.0,46.97,48.78,0.3,1.09,0.22,49.39,51.12,44.34,41.92,-99,9.0
2026-07-31 08:14:36,Salón - Uma Civil,40.66,Silence,0.0,42.26,Silence,0.0,0.0,0.0,0.0,0.0,0.0,0.0,0.0,0.0,0.0,42.01,40.41,39.53,-111,7.8
2026-07-31 08:14:38,Pasillo Decanato Eléctrica,58.78,Group 1 (Common),86.28,59.29,Group 1 (Common),58.66,0.0,0.0,0.0,0.0,86.28,6.99,0.0,3.13,3.65,59.43,58.87,57.96,-108,9.0
2026-07-31 08:15:05,Laboratorios Civil Central,55.21,Group 1 (Common),89.37,56.67,Group 1 (Common),55.37,0.0,0.0,0.0,0.0,89.37,0.0,0.52,0.0,10.07,55.97,54.99,53.96,-111,7.5
2026-07-31 08:15:10,Laboratorios Eléctrica Inferior,51.06,Group 1 (Common),85.64,55.25,Group 1 (Common),52.17,0.0,0.0,0.0,0.0,85.64,0.15,0.0,0.24,13.92,52.93,50.43,49.59,-118,-8.5
2026-07-31 08:15:20,Lobby Eléctrica,51.83,Group 1 (Common),97.27,53.17,Group 1 (Common),52.04,0.0,0.0,0.0,0.0,97.27,0.13,0.04,0.0,2.43,52.46,52.06,51.06,-115,2.8
2026-07-31 08:15:22,Laboratorios Civil Inferior,49.74,Group 1 (Common),71.53,53.79,Group 1 (Common),49.72,0.0,0.0,0.0,0.0,71.53,15.54,0.04,2.86,10.16,54.4,48.77,43.44,-120,-11.2
2026-07-31 08:15:28,Pasillo Salones Eléctrica,53.95,Group 3 (Rotary Tool),73.18,54.69,Group 3 (Rotary Tool),0.0,0.0,53.91,0.0,0.0,0.0,16.32,73.18,0.95,9.46,54.65,54.05,53.02,-99,12.0
2026-07-31 08:15:37,Salón - Uma Eléctrica,43.57,Silence,0.0,44.03,Silence,0.0,0.0,0.0,0.0,0.0,0.0,0.0,0.0,0.0,0.0,43.9,43.62,42.75,-115,3.5
2026-07-31 08:16:05,Salón - Extremo Civil,47.19,Mixed,48.96,47.82,Group 2 (Impact),0.0,47.22,0.0,0.0,47.11,0.0,48.96,2.69,1.65,46.61,47.71,47.49,46.28,-117,-13.0
2026-07-31 08:16:09,Pasillo Salones Civil,59.42,Mixed,52.52,59.92,Group 5 (Vehicle),0.0,58.99,59.48,0.0,59.7,0.0,21.05,52.52,1.09,25.22,59.96,59.52,58.8,-113,8.8
2026-07-31 08:16:21,Laboratorios Civil Superior,50.41,Mixed,45.95,55.04,Group 5 (Vehicle),49.93,0.0,49.73,0.0,53.67,45.95,0.15,17.82,0.2,35.89,55.36,47.26,46.84,-111,9.2
2026-07-31 08:16:31,Laboratorios Eléctrica Centro,49.7,Group 5 (Vehicle),70.88,51.95,Group 5 (Vehicle),0.0,0.0,49.99,0.0,50.25,9.98,1.48,14.89,2.78,70.88,50.6,49.5,48.83,-119,-5.2
2026-07-31 08:17:50,Lobby Civil,60.91,Group 1 (Common),99.56,62.84,Group 1 (Common),60.88,0.0,0.0,0.0,0.0,99.56,0.0,0.0,0.24,0.0,63.34,60.03,57.8,-111,8.0
2026-07-31 08:17:58,Pasillo Decanato Civil,57.18,Group 1 (Common),98.87,59.6,Group 1 (Common),56.55,0.0,0.0,0.0,0.0,98.87,0.0,0.04,0.09,0.82,60.31,56.94,53.66,-114,-0.2
2026-07-31 08:19:11,Salón - Extremo Eléctrica,58.91,Group 2 (Impact),99.61,62.01,Group 2 (Impact),0.0,58.97,0.0,0.0,0.0,0.0,99.61,0.0,0.0,0.0,62.59,58.73,54.73,-88,9.0
2026-07-31 08:19:19,Laboratorios Eléctrica Superior,41.28,Silence,0.0,41.97,Silence,0.0,0.0,0.0,0.0,0.0,0.0,0.0,0.0,0.0,0.0,42.16,41.34,40.42,-119,-3.5
2026-07-31 08:19:36,Salón - Uma Civil,36.82,Silence,0.0,37.81,Silence,0.0,0.0,0.0,0.0,0.0,0.0,0.0,0.0,0.0,0.0,37.51,36.8,35.9,-119,-11.8
2026-07-31 08:19:38,Pasillo Decanato Eléctrica,58.24,Group 1 (Common),98.18,58.91,Group 1 (Common),58.16,0.0,0.0,0.0,0.0,98.18,0.09,0.0,0.22,1.48,58.72,58.23,57.75,-103,10.8
2026-07-31 08:20:05,Laboratorios Civil Central,63.33,Group 1 (Common),99.61,67.58,Group 1 (Common),64.51,0.0,0.0,0.0,0.0,99.61,0.0,0.04,0.04,0.0,67.49,63.05,56.54,-100,11.2
2026-07-31 08:20:10,Laboratorios Eléctrica Inferior,55.29,Group 1 (Common),84.81,58.66,Group 1 (Common),56.11,0.0,0.0,0.0,54.31,84.81,0.09,0.22,0.61,14.32,59.0,54.21,51.03,-118,-1.8
2026-07-31 08:20:20,Lobby Eléctrica,51.47,Mixed,41.88,55.54,Group 1 (Common),52.94,0.0,48.14,52.41,51.91,13.72,7.25,41.88,12.28,24.78,55.9,49.1,45.2,-91,13.0
2026-07-31 08:20:22,Laboratorios Civil Inferior,47.81,Group 1 (Common),79.12,50.09,Group 1 (Common),48.12,0.0,0.0,0.0,0.0,79.12,8.59,0.0,1.48,10.81,50.2,47.2,44.35,-115,-2.8
2026-07-31 08:20:28,Pasillo Salones Eléctrica,32.25,Silence,0.0,33.09,Silence,0.0,0.0,0.0,0.0,0.0,0.0,0.0,0.0,0.0,0.0,32.76,32.25,31.62,-102,11.8
2026-07-31 08:20:37,Salón - Uma Eléctrica,42.24,Silence,0.0,43.14,Silence,0.0,0.0,0.0,0.0,0.0,0.0,0.0,0.0,0.0,0.0,42.81,41.96,41.77,-114,4.0
2026-07-31 08:21:05,Salón - Extremo Civil,23.65,Silence,0.0,26.76,Silence,0.0,0.0,0.0,0.0,0.0,0.0,0.0,0.0,0.0,0.0,27.01,22.48,22.0,-83,12.5
2026-07-31 08:21:09,Pasillo Salones Civil,38.22,Silence,0.0,38.87,Silence,0.0,0.0,0.0,0.0,0.0,0.0,0.0,0.0,0.0,0.0,38.95,38.31,36.93,-115,1.2
2026-07-31 08:21:21,Laboratorios Civil Superior,55.46,Group 1 (Common),94.84,58.5,Group 1 (Common),56.34,0.0,0.0,0.0,0.0,94.84,0.04,0.43,0.09,4.6,57.76,55.43,51.64,-101,11.0
2026-07-31 08:21:31,Laboratorios Eléctrica Centro,47.41,Mixed,66.62,48.29,Group 3 (Rotary Tool),0.0,0.0,47.85,0.0,47.27,2.69,4.73,25.87,0.04,66.62,48.21,47.4,46.44,-105,10.8
2026-07-31 08:22:50,Lobby Civil,61.38,Group 1 (Common),75.78,63.31,Group 1 (Common),61.18,0.0,0.0,0.0,0.0,75.78,0.88,1.61,5.08,16.55,63.52,60.85,57.87,-111,6.2
2026-07-31 08:22:58,Pasillo Decanato Civil,56.04,Group 1 (Common),99.37,57.64,Group 1 (Common),55.84,0.0,0.0,0.0,0.0,99.37,0.29,0.0,0.1,0.05,57.9,55.55,54.83,-114,0.8
2026-07-31 08:24:11,Salón - Extremo Eléctrica,22.72,Silence,0.0,24.34,Silence,0.0,0.0,0.0,0.0,0.0,0.0,0.0,0.0,0.0,0.0,25.34,22.4,21.67,-88,7.5
2026-07-31 08:24:19,Laboratorios Eléctrica Superior,41.63,Silence,0.0,43.3,Silence,0.0,0.0,0.0,0.0,0.0,0.0,0.0,0.0,0.0,0.0,42.81,41.54,40.48,-102,12.0
2026-07-31 08:24:36,Salón - Uma Civil,38.64,Silence,0.0,40.42,Silence,0.0,0.0,0.0,0.0,0.0,0.0,0.0,0.0,0.0,0.0,39.77,38.37,36.97,-105,10.5
2026-07-31 08:24:38,Pasillo Decanato Eléctrica,60.0,Group 1 (Common),97.96,63.18,Group 1 (Common),58.82,0.0,0.0,0.0,0.0,97.96,0.04,0.04,0.22,1.56,63.59,58.04,57.16,-109,9.2
2026-07-31 08:25:05,Laboratorios Civil Central,53.69,Group 1 (Common),79.82,55.09,Group 1 (Common),53.92,0.0,0.0,0.0,0.0,79.82,3.34,0.0,0.78,16.02,55.43,53.59,52.44,-102,11.5
2026-07-31 08:25:10,Laboratorios Eléctrica Inferior,56.46,Group 1 (Common),90.97,58.85,Group 1 (Common),56.48,0.0,0.0,0.0,0.0,90.97,0.0,0.26,1.52,7.12,59.3,56.17,54.28,-109,-5.5
2026-07-31 08:25:20,Lobby Eléctrica,64.89,Group 1 (Common),99.09,71.75,Group 1 (Common),67.15,0.0,0.0,0.0,0.0,99.09,0.0,0.09,0.48,0.22,67.96,64.14,58.98,-95,12.2
2026-07-31 08:25:22,Laboratorios Civil Inferior,47.95,Group 2 (Impact),80.99,53.18,Group 2 (Impact),0.0,45.91,0.0,0.0,0.0,7.68,80.99,0.95,4.08,6.12,54.53,44.39,42.82,-117,-3.0
2026-07-31 08:25:28,Pasillo Salones Eléctrica,32.99,Silence,0.0,33.7,Silence,0.0,0.0,0.0,0.0,0.0,0.0,0.0,0.0,0.0,0.0,33.8,32.86,31.88,-114,1.2
2026-07-31 08:25:37,Salón - Uma Eléctrica,44.54,Silence,0.0,45.27,Silence,0.0,0.0,0.0,0.0,0.0,0.0,0.0,0.0,0.0,0.0,45.27,44.46,44.13,-108,7.8
2026-07-31 08:26:05,Salón - Extremo Civil,20.9,Silence,0.0,21.74,Silence,0.0,0.0,0.0,0.0,0.0,0.0,0.0,0.0,0.0,0.0,21.69,20.82,20.42,-98,11.2
2026-07-31 08:26:09,Pasillo Salones Civil,37.67,Silence,0.0,38.4,Silence,0.0,0.0,0.0,0.0,0.0,0.0,0.0,0.0,0.0,0.0,38.23,37.58,36.99,-105,12.0
2026-07-31 08:26:21,Laboratorios Civil Superior,52.82,Group 1 (Common),89.67,55.84,Group 1 (Common),53.11,0.0,0.0,0.0,0.0,89.67,0.43,7.34,0.04,2.39,56.77,50.58,49.59,-111,8.2
2026-07-31 08:26:31,Laboratorios Eléctrica Centro,56.29,Mixed,57.6,62.81,Group 1 (Common),60.46,46.35,48.9,0.0,47.45,15.76,3.82,22.7,0.04,57.6,63.29,47.59,46.07,-117,-6.2
2026-07-31 08:27:50,Lobby Civil,66.33,Group 1 (Common),99.61,70.39,Group 1 (Common),67.09,0.0,0.0,0.0,0.0,99.61,0.0,0.0,0.0,0.0,71.27,63.83,62.57,-113,6.0
2026-07-31 08:27:58,Pasillo Decanato Civil,54.58,Group 1 (Common),98.91,55.77,Group 1 (Common),54.55,0.0,0.0,0.0,0.0,98.91,0.09,0.0,0.17,0.56,56.02,54.44,53.08,-100,12.5
2026-07-31 08:29:11,Salón - Extremo Eléctrica,24.36,Silence,0.0,26.77,Silence,0.0,0.0,0.0,0.0,0.0,0.0,0.0,0.0,0.0,0.0,26.13,24.13,22.61,-84,10.0
2026-07-31 08:29:19,Laboratorios Eléctrica Superior,41.75,Silence,0.0,42.34,Silence,0.0,0.0,0.0,0.0,0.0,0.0,0.0,0.0,0.0,0.0,42.5,41.97,40.48,-97,11.5
2026-07-31 08:29:36,Salón - Uma Civil,53.22,Mixed,45.75,55.2,Group 2 (Impact),0.0,52.93,0.0,0.0,52.61,0.29,45.46,2.88,5.42,45.75,55.64,52.84,48.72,-111,6.2
2026-07-31 08:29:38,Pasillo Decanato Eléctrica,58.75,Mixed,65.48,59.44,Group 2 (Impact),0.0,58.89,0.0,0.0,59.07,1.03,65.48,2.2,7.32,23.93,59.35,58.69,57.87,-108,8.8
2026-07-31 08:30:05,Laboratorios Civil Central,55.63,Group 1 (Common),99.61,59.26,Group 1 (Common),56.42,0.0,0.0,0.0,0.0,99.61,0.0,0.0,0.0,0.0,56.82,55.81,53.24,-120,-8.8
2026-07-31 08:30:10,Laboratorios Eléctrica Inferior,48.7,Mixed,64.76,49.46,Group 2 (Impact),48.68,48.91,0.0,0.0,48.62,12.37,17.14,2.69,3.08,64.76,49.38,48.67,47.92,-109,6.0
2026-07-31 08:30:20,Lobby Eléctrica,71.69,Mixed,33.77,75.75,Group 2 (Impact),62.14,71.98,59.5,69.66,0.0,8.51,33.77,13.28,31.6,12.8,76.61,60.26,56.75,-105,12.2
2026-07-31 08:30:23,Laboratorios Civil Inferior,52.67,Mixed,40.58,59.84,Group 2 (Impact),45.23,50.0,0.0,0.0,0.0,40.58,28.82,6.73,4.82,19.05,60.78,44.55,43.03,-118,-3.2
2026-07-31 08:30:28,Pasillo Salones Eléctrica,38.01,Silence,0.0,39.08,Silence,0.0,0.0,0.0,0.0,0.0,0.0,0.0,0.0,0.0,0.0,39.25,37.87,36.81,-114,3.5
2026-07-31 08:30:38,Salón - Uma Eléctrica,54.94,Group 2 (Impact),78.6,56.87,Group 2 (Impact),0.0,54.49,0.0,0.0,0.0,0.09,78.6,5.08,4.6,11.55,57.48,54.76,52.49,-109,8.0
2026-07-31 08:31:05,Salón - Extremo Civil,36.88,Silence,0.0,38.1,Silence,0.0,0.0,0.0,0.0,0.0,0.0,0.0,0.0,0.0,0.0,38.24,36.72,34.85,-121,-11.0
2026-07-31 08:31:09,Pasillo Salones Civil,55.77,Mixed,44.57,57.87,Group 5 (Vehicle),0.0,55.31,54.54,0.0,55.45,0.0,25.0,28.86,1.65,44.57,58.61,55.0,52.76,-100,10.2
2026-07-31 08:31:21,Laboratorios Civil Superior,49.5,Mixed,61.85,53.02,Group 5 (Vehicle),49.92,0.0,0.0,0.0,51.81,61.85,0.0,0.0,0.04,38.11,51.58,48.81,47.31,-108,7.8
2026-07-31 08:31:31,Laboratorios Eléctrica Centro,45.73,Group 5 (Vehicle),75.13,46.78,Group 5 (Vehicle),0.0,0.0,46.31,0.0,45.95,7.2,0.17,17.49,0.0,75.13,46.5,45.66,45.18,-107,8.0
2026-07-31 08:32:50,Lobby Civil,64.92,Group 1 (Common),88.54,68.07,Group 1 (Common),65.07,62.38,0.0,0.0,0.0,88.54,9.77,0.0,1.52,0.0,68.38,63.7,57.57,-111,6.5
2026-07-31 08:32:58,Pasillo Decanato Civil,54.31,Group 1 (Common),92.62,55.11,Group 1 (Common),54.28,0.0,0.0,0.0,0.0,92.62,5.38,0.0,1.43,0.56,54.88,54.39,53.79,-102,9.2
2026-07-31 08:34:11,Salón - Extremo Eléctrica,21.04,Silence,0.0,22.14,Silence,0.0,0.0,0.0,0.0,0.0,0.0,0.0,0.0,0.0,0.0,21.81,21.14,20.12,-87,9.2
2026-07-31 08:34:19,Laboratorios Eléctrica Superior,42.24,Silence,0.0,44.78,Silence,0.0,0.0,0.0,0.0,0.0,0.0,0.0,0.0,0.0,0.0,44.54,41.95,41.08,-118,-2.2
2026-07-31 08:34:36,Salón - Uma Civil,50.57,Group 2 (Impact),73.61,51.65,Group 2 (Impact),0.0,50.52,0.0,0.0,50.6,0.04,73.61,0.48,2.04,23.87,52.37,50.81,48.77,-99,11.0
2026-07-31 08:34:38,Pasillo Decanato Eléctrica,59.05,Group 2 (Impact),72.27,59.63,Group 1 (Common),59.42,59.0,0.0,0.0,0.0,9.81,72.27,0.26,10.16,7.64,59.7,58.94,58.37,-119,-14.0
2026-07-31 08:35:05,Laboratorios Civil Central,57.81,Group 1 (Common),99.57,58.95,Group 1 (Common),57.65,0.0,0.0,0.0,0.0,99.57,0.0,0.0,0.0,0.09,58.81,57.9,56.24,-113,6.8
2026-07-31 08:35:10,Laboratorios Eléctrica Inferior,49.82,Group 5 (Vehicle),80.6,51.58,Group 5 (Vehicle),0.0,50.85,0.0,0.0,50.23,2.08,10.85,3.78,2.78,80.6,51.76,49.63,48.57,-119,-6.2
2026-07-31 08:35:20,Lobby Eléctrica,59.06,Group 1 (Common),81.51,60.84,Group 1 (Common),59.19,59.39,0.0,0.0,0.0,81.51,12.76,0.04,5.51,0.13,60.91,58.41,57.76,-103,12.0
2026-07-31 08:35:22,Laboratorios Civil Inferior,42.71,Silence,0.0,45.76,Silence,0.0,0.0,0.0,0.0,0.0,0.0,0.0,0.0,0.0,0.0,46.29,41.28,40.14,-117,-4.5
2026-07-31 08:35:28,Pasillo Salones Eléctrica,37.57,Silence,0.0,38.43,Silence,0.0,0.0,0.0,0.0,0.0,0.0,0.0,0.0,0.0,0.0,38.21,37.57,36.64,-97,12.0
2026-07-31 08:35:38,Salón - Uma Eléctrica,46.19,Group 2 (Impact),98.74,46.71,Group 2 (Impact),0.0,46.07,0.0,0.0,0.0,0.26,98.74,0.0,0.87,0.09,46.79,46.11,45.55,-114,3.5
2026-07-31 08:36:05,Salón - Extremo Civil,28.24,Silence,0.0,30.35,Silence,0.0,0.0,0.0,0.0,0.0,0.0,0.0,0.0,0.0,0.0,30.49,27.98,25.68,-103,9.0
2026-07-31 08:36:09,Pasillo Salones Civil,61.5,Mixed,41.88,62.66,Group 2 (Impact),0.0,61.63,0.0,0.0,60.52,0.0,33.68,23.0,1.52,41.88,62.65,61.19,60.05,-97,11.8
2026-07-31 08:36:21,Laboratorios Civil Superior,48.93,Group 1 (Common),80.08,51.58,Group 1 (Common),48.99,0.0,0.0,0.0,47.54,80.08,0.52,0.0,0.87,18.49,51.94,48.09,47.56,-113,7.5
2026-07-31 08:36:31,Laboratorios Eléctrica Centro,47.7,Mixed,39.5,48.86,Group 2 (Impact),47.33,48.26,46.63,0.0,47.16,15.49,37.28,5.43,2.3,39.5,49.39,47.48,46.52,-107,10.5
2026-07-31 08:37:50,Lobby Civil,58.61,Group 1 (Common),98.22,60.9,Group 1 (Common),58.65,0.0,0.0,0.0,0.0,98.22,1.04,0.0,0.52,0.0,60.33,58.98,54.31,-109,5.2
2026-07-31 08:37:58,Pasillo Decanato Civil,54.28,Group 1 (Common),99.61,55.41,Group 1 (Common),54.46,0.0,0.0,0.0,0.0,99.61,0.0,0.0,0.04,0.09,55.16,54.19,53.21,-108,5.5
2026-07-31 08:39:11,Salón - Extremo Eléctrica,33.58,Silence,0.0,34.42,Silence,0.0,0.0,0.0,0.0,0.0,0.0,0.0,0.0,0.0,0.0,34.1,33.46,32.78,-108,7.2
2026-07-31 08:39:19,Laboratorios Eléctrica Superior,41.5,Silence,0.0,42.12,Silence,0.0,0.0,0.0,0.0,0.0,0.0,0.0,0.0,0.0,0.0,42.25,41.46,40.55,-97,12.2
2026-07-31 08:39:36,Salón - Uma Civil,45.78,Group 5 (Vehicle),70.53,46.23,Group 5 (Vehicle),0.0,45.31,0.0,0.0,46.26,0.0,26.48,1.39,1.74,70.53,46.41,45.84,44.9,-117,-7.5
2026-07-31 08:39:38,Pasillo Decanato Eléctrica,58.99,Group 1 (Common),80.82,59.58,Group 1 (Common),59.03,0.0,0.0,0.0,0.0,80.82,13.37,0.0,2.56,3.39,59.61,58.98,58.09,-107,7.0
2026-07-31 08:40:05,Laboratorios Civil Central,55.04,Group 1 (Common),99.61,56.52,Group 1 (Common),55.22,0.0,0.0,0.0,0.0,99.61,0.0,0.0,0.04,0.13,56.8,54.9,52.73,-102,11.8
2026-07-31 08:40:10,Laboratorios Eléctrica Inferior,48.21,Mixed,58.42,49.28,Group 5 (Vehicle),47.9,0.0,0.0,0.0,48.61,28.17,9.03,0.52,3.95,58.42,49.13,47.99,47.55,-118,-5.0
2026-07-31 08:40:20,Lobby Eléctrica,58.59,Group 1 (Common),99.61,60.88,Group 1 (Common),58.9,0.0,0.0,0.0,0.0,99.61,0.0,0.0,0.15,0.0,61.94,57.89,56.67,-100,9.2
2026-07-31 08:40:23,Laboratorios Civil Inferior,44.37,Silence,0.0,45.35,Silence,0.0,0.0,0.0,0.0,0.0,0.0,0.0,0.0,0.0,0.0,45.69,44.38,43.06,-115,-4.0
2026-07-31 08:40:28,Pasillo Salones Eléctrica,43.2,Silence,0.0,43.83,Silence,0.0,0.0,0.0,0.0,0.0,0.0,0.0,0.0,0.0,0.0,43.73,43.21,42.49,-101,9.2
2026-07-31 08:40:38,Salón - Uma Eléctrica,44.3,Silence,0.0,45.44,Silence,0.0,0.0,0.0,0.0,0.0,0.0,0.0,0.0,0.0,0.0,45.8,44.0,43.58,-118,-7.2
2026-07-31 08:41:05,Salón - Extremo Civil,28.04,Silence,0.0,30.23,Silence,0.0,0.0,0.0,0.0,0.0,0.0,0.0,0.0,0.0,0.0,30.6,27.8,25.49,-87,13.5
2026-07-31 08:41:09,Pasillo Salones Civil,39.21,Silence,0.0,40.82,Silence,0.0,0.0,0.0,0.0,0.0,0.0,0.0,0.0,0.0,0.0,41.42,38.86,37.93,-109,3.8
2026-07-31 08:41:31,Laboratorios Eléctrica Centro,46.98,Mixed,57.47,47.84,Group 3 (Rotary Tool),0.0,0.0,47.1,0.0,46.69,1.22,1.56,39.7,0.0,57.47,47.79,46.88,45.99,-102,10.5
2026-07-31 08:42:50,Lobby Civil,67.31,Group 1 (Common),98.7,71.27,Group 1 (Common),67.0,0.0,0.0,0.0,0.0,98.7,0.22,0.04,0.69,0.17,71.37,65.29,60.72,-90,12.2
2026-07-31 08:42:58,Pasillo Decanato Civil,54.28,Group 1 (Common),99.61,54.99,Group 1 (Common),54.21,0.0,0.0,0.0,0.0,99.61,0.0,0.0,0.04,0.04,54.96,54.11,53.57,-109,6.8
2026-07-31 08:44:11,Salón - Extremo Eléctrica,22.13,Silence,0.0,22.92,Silence,0.0,0.0,0.0,0.0,0.0,0.0,0.0,0.0,0.0,0.0,23.04,22.08,21.36,-90,10.8
2026-07-31 08:44:19,Laboratorios Eléctrica Superior,43.41,Silence,0.0,45.84,Silence,0.0,0.0,0.0,0.0,0.0,0.0,0.0,0.0,0.0,0.0,46.08,42.71,41.34,-99,8.0
2026-07-31 08:44:36,Salón - Uma Civil,36.44,Silence,0.0,37.15,Silence,0.0,0.0,0.0,0.0,0.0,0.0,0.0,0.0,0.0,0.0,37.23,36.56,35.24,-103,11.5
2026-07-31 08:44:38,Pasillo Decanato Eléctrica,70.74,Group 1 (Common),79.47,72.23,Group 1 (Common),70.39,0.0,0.0,0.0,70.81,79.47,0.0,0.0,0.04,20.31,72.27,70.6,65.7,-113,8.0
2026-07-31 08:45:05,Laboratorios Civil Central,53.78,Group 1 (Common),79.0,55.75,Group 1 (Common),53.53,0.0,0.0,0.0,52.32,79.0,0.24,0.0,0.1,20.61,56.16,53.18,52.12,-105,12.2
2026-07-31 08:45:10,Laboratorios Eléctrica Inferior,65.56,Group 1 (Common),90.89,69.8,Group 1 (Common),67.59,0.0,0.0,0.0,57.47,90.89,0.13,0.04,1.61,7.29,70.07,63.93,50.33,-119,-4.5
2026-07-31 08:45:20,Lobby Eléctrica,58.59,Group 5 (Vehicle),92.62,59.75,Group 5 (Vehicle),59.23,0.0,0.0,0.0,58.82,6.9,0.0,0.17,0.04,92.62,59.92,58.43,56.43,-93,12.8
2026-07-31 08:45:23,Laboratorios Civil Inferior,41.08,Silence,0.0,42.1,Silence,0.0,0.0,0.0,0.0,0.0,0.0,0.0,0.0,0.0,0.0,42.15,40.91,40.35,-114,3.5
2026-07-31 08:45:28,Pasillo Salones Eléctrica,34.32,Silence,0.0,35.7,Silence,0.0,0.0,0.0,0.0,0.0,0.0,0.0,0.0,0.0,0.0,35.78,34.24,32.71,-115,2.8
2026-07-31 08:46:05,Salón - Extremo Civil,22.95,Silence,0.0,23.87,Silence,0.0,0.0,0.0,0.0,0.0,0.0,0.0,0.0,0.0,0.0,23.66,22.95,21.42,-103,10.8
2026-07-31 08:46:09,Pasillo Salones Civil,39.84,Silence,0.0,41.2,Silence,0.0,0.0,0.0,0.0,0.0,0.0,0.0,0.0,0.0,0.0,41.32,39.0,38.59,-114,3.5
2026-07-31 08:46:21,Laboratorios Civil Superior,50.63,Group 1 (Common),77.08,51.9,Group 1 (Common),50.44,0.0,0.0,0.0,48.68,77.08,0.52,2.17,0.09,20.1,52.07,50.76,48.56,-113,5.2
2026-07-31 08:46:31,Laboratorios Eléctrica Centro,46.65,Group 5 (Vehicle),72.96,47.41,Group 5 (Vehicle),46.85,0.0,0.0,0.0,46.7,11.85,1.22,13.76,0.09,72.96,47.35,46.5,46.11,-103,11.5
2026-07-31 08:47:50,Lobby Civil,60.36,Group 1 (Common),99.44,62.27,Group 1 (Common),60.42,0.0,0.0,0.0,0.0,99.44,0.0,0.0,0.26,0.0,62.23,59.78,56.4,-93,13.0
2026-07-31 08:47:58,Pasillo Decanato Civil,54.42,Group 1 (Common),99.61,55.47,Group 1 (Common),54.2,0.0,0.0,0.0,0.0,99.61,0.0,0.0,0.0,0.0,55.58,54.33,53.92,-93,13.2
2026-07-31 08:49:12,Salón - Extremo Eléctrica,20.61,Silence,0.0,21.36,Silence,0.0,0.0,0.0,0.0,0.0,0.0,0.0,0.0,0.0,0.0,21.55,20.45,20.02,-91,9.0
2026-07-31 08:49:19,Laboratorios Eléctrica Superior,42.05,Silence,0.0,43.42,Silence,0.0,0.0,0.0,0.0,0.0,0.0,0.0,0.0,0.0,0.0,42.69,41.98,41.41,-102,12.0
2026-07-31 08:49:36,Salón - Uma Civil,35.33,Silence,0.0,37.33,Silence,0.0,0.0,0.0,0.0,0.0,0.0,0.0,0.0,0.0,0.0,36.1,35.4,33.78,-120,-5.5
2026-07-31 08:49:38,Pasillo Decanato Eléctrica,77.6,Group 1 (Common),79.47,79.67,Group 1 (Common),78.08,0.0,0.0,77.93,0.0,79.47,0.0,0.0,20.49,0.0,80.34,77.76,71.88,-117,-13.5
2026-07-31 08:50:05,Laboratorios Civil Central,55.78,Group 1 (Common),99.46,57.04,Group 1 (Common),55.91,0.0,0.0,0.0,0.0,99.46,0.0,0.0,0.0,0.29,57.39,55.45,54.55,-105,10.0
2026-07-31 08:50:10,Laboratorios Eléctrica Inferior,50.06,Mixed,59.07,51.78,Group 5 (Vehicle),49.85,0.0,0.0,0.0,49.82,59.07,2.99,0.0,1.78,36.11,51.99,50.1,48.75,-113,-1.5
2026-07-31 08:50:20,Lobby Eléctrica,61.93,Group 1 (Common),91.49,63.43,Group 1 (Common),62.23,0.0,61.3,0.0,0.0,91.49,0.0,8.12,0.09,0.0,63.96,61.72,60.91,-115,-1.5
2026-07-31 08:50:23,Laboratorios Civil Inferior,56.4,Group 1 (Common),75.65,58.44,Group 1 (Common),55.82,56.37,0.0,57.33,0.0,75.65,6.94,0.0,16.8,0.52,59.48,55.98,53.73,-115,1.8
2026-07-31 08:50:28,Pasillo Salones Eléctrica,40.56,Silence,0.0,41.73,Silence,0.0,0.0,0.0,0.0,0.0,0.0,0.0,0.0,0.0,0.0,41.68,40.59,38.7,-114,2.2
2026-07-31 08:50:38,Salón - Uma Eléctrica,58.84,Mixed,61.63,59.43,Group 1 (Common),58.81,58.65,58.63,0.0,0.0,61.63,7.2,23.96,0.48,6.6,59.4,58.67,58.4,-117,1.5
2026-07-31 08:51:05,Salón - Extremo Civil,27.54,Silence,0.0,28.58,Silence,0.0,0.0,0.0,0.0,0.0,0.0,0.0,0.0,0.0,0.0,28.31,27.39,26.27,-78,12.8
2026-07-31 08:51:09,Pasillo Salones Civil,44.71,Silence,0.0,45.2,Silence,0.0,0.0,0.0,0.0,0.0,0.0,0.0,0.0,0.0,0.0,45.16,44.75,44.02,-115,3.5
2026-07-31 08:51:22,Laboratorios Civil Superior,50.36,Group 1 (Common),93.12,51.41,Group 1 (Common),50.51,0.0,0.0,0.0,0.0,93.12,0.1,1.61,0.2,4.93,51.2,50.16,49.46,-105,10.5
2026-07-31 08:51:31,Laboratorios Eléctrica Centro,51.16,Mixed,36.98,58.78,Group 1 (Common),56.64,47.91,48.72,0.0,48.8,30.21,12.59,12.8,7.38,36.98,56.61,48.78,45.97,-107,10.8
2026-07-31 08:52:50,Lobby Civil,67.55,Group 1 (Common),93.49,70.24,Group 1 (Common),68.32,0.0,0.0,0.0,0.0,93.49,0.0,0.09,0.04,6.12,69.23,68.0,63.14,-103,12.5
2026-07-31 08:52:58,Pasillo Decanato Civil,54.48,Group 1 (Common),99.39,55.4,Group 1 (Common),54.49,0.0,0.0,0.0,0.0,99.39,0.0,0.0,0.09,0.35,55.85,54.23,53.88,-95,12.5
2026-07-31 08:54:11,Salón - Extremo Eléctrica,24.04,Silence,0.0,25.08,Silence,0.0,0.0,0.0,0.0,0.0,0.0,0.0,0.0,0.0,0.0,24.79,23.8,23.34,-108,7.0
2026-07-31 08:54:19,Laboratorios Eléctrica Superior,44.2,Silence,0.0,45.87,Silence,0.0,0.0,0.0,0.0,0.0,0.0,0.0,0.0,0.0,0.0,46.09,43.92,42.62,-97,11.0
2026-07-31 08:54:36,Salón - Uma Civil,44.58,Silence,0.0,45.57,Silence,0.0,0.0,0.0,0.0,0.0,0.0,0.0,0.0,0.0,0.0,45.39,44.54,43.88,-103,11.5
2026-07-31 08:54:38,Pasillo Decanato Eléctrica,57.52,Group 1 (Common),98.78,58.32,Group 1 (Common),57.74,0.0,0.0,0.0,0.0,98.78,0.26,0.0,0.3,0.74,58.08,57.46,56.63,-105,5.2
2026-07-31 08:55:05,Laboratorios Civil Central,56.57,Mixed,55.47,57.45,Group 5 (Vehicle),56.73,56.94,56.74,0.0,57.27,5.12,18.32,55.47,3.73,17.32,57.52,56.65,54.35,-102,9.0
2026-07-31 08:55:10,Laboratorios Eléctrica Inferior,54.14,Group 1 (Common),81.69,59.47,Group 1 (Common),55.55,0.0,0.0,0.0,0.0,81.69,0.73,0.15,1.22,16.26,59.28,49.34,47.93,-111,4.0
2026-07-31 08:55:20,Lobby Eléctrica,58.26,Group 1 (Common),90.19,60.77,Group 1 (Common),59.04,0.0,0.0,0.0,56.66,90.19,0.0,0.0,0.0,9.64,60.36,58.01,56.66,-96,11.8
2026-07-31 08:55:23,Laboratorios Civil Inferior,59.81,Mixed,57.94,66.15,Group 3 (Rotary Tool),0.0,47.8,64.34,0.0,0.0,0.0,57.94,21.31,0.69,19.92,66.86,50.09,44.58,-117,-1.0
2026-07-31 08:55:28,Pasillo Salones Eléctrica,34.26,Silence,0.0,35.15,Silence,0.0,0.0,0.0,0.0,0.0,0.0,0.0,0.0,0.0,0.0,35.34,34.15,33.59,-115,1.5
2026-07-31 08:55:38,Salón - Uma Eléctrica,46.77,Group 2 (Impact),99.61,47.79,Group 2 (Impact),0.0,46.87,0.0,0.0,0.0,0.0,99.61,0.0,0.09,0.0,47.98,46.67,45.82,-117,-14.8
2026-07-31 08:56:05,Salón - Extremo Civil,54.7,Mixed,55.56,58.21,Group 1 (Common),55.51,50.28,0.0,53.61,0.0,38.54,5.64,0.0,55.56,0.0,59.44,54.65,40.94,-102,10.2
2026-07-31 08:56:09,Pasillo Salones Civil,39.14,Silence,0.0,40.4,Silence,0.0,0.0,0.0,0.0,0.0,0.0,0.0,0.0,0.0,0.0,40.8,38.82,37.99,-115,9.2
2026-07-31 08:56:22,Laboratorios Civil Superior,47.64,Group 1 (Common),97.41,48.67,Group 1 (Common),47.85,0.0,0.0,0.0,0.0,97.41,0.0,0.05,0.0,2.49,48.79,47.45,46.31,-111,6.5
2026-07-31 08:56:31,Laboratorios Eléctrica Centro,54.8,Group 5 (Vehicle),79.3,57.23,Group 5 (Vehicle),53.26,0.0,0.0,0.0,54.49,13.15,1.35,3.3,2.86,79.3,58.2,54.83,50.16,-117,-7.5
2026-07-31 08:57:50,Lobby Civil,60.46,Group 1 (Common),90.19,65.23,Group 4 (Person),60.53,0.0,0.0,66.69,0.0,90.19,0.0,0.0,9.28,0.34,63.3,59.71,57.93,-90,12.5
2026-07-31 08:57:58,Pasillo Decanato Civil,54.65,Group 1 (Common),99.57,55.1,Group 1 (Common),54.61,0.0,0.0,0.0,0.0,99.57,0.0,0.0,0.04,0.13,55.4,54.54,53.82,-93,13.0
2026-07-31 08:59:11,Salón - Extremo Eléctrica,18.48,Silence,0.0,19.22,Silence,0.0,0.0,0.0,0.0,0.0,0.0,0.0,0.0,0.0,0.0,19.22,18.43,17.65,-87,9.0
2026-07-31 08:59:19,Laboratorios Eléctrica Superior,42.07,Silence,0.0,45.88,Silence,0.0,0.0,0.0,0.0,0.0,0.0,0.0,0.0,0.0,0.0,47.01,40.6,39.97,-101,12.2
2026-07-31 08:59:36,Salón - Uma Civil,38.16,Silence,0.0,39.29,Silence,0.0,0.0,0.0,0.0,0.0,0.0,0.0,0.0,0.0,0.0,39.02,38.39,35.56,-111,9.2
2026-07-31 08:59:44,Pasillo Decanato Eléctrica,58.21,Group 1 (Common),95.75,59.06,Group 1 (Common),58.36,0.0,0.0,0.0,0.0,95.75,0.91,0.04,1.26,2.13,58.86,57.99,57.45,-113,8.0
2026-07-31 09:00:05,Laboratorios Civil Central,62.26,Mixed,45.4,65.49,Group 1 (Common),63.15,57.71,0.0,0.0,58.24,45.4,10.46,0.43,4.21,39.41,66.05,61.09,56.01,-111,5.5
2026-07-31 09:00:11,Laboratorios Eléctrica Inferior,52.59,Group 1 (Common),72.4,55.32,Group 5 (Vehicle),52.01,0.0,0.0,0.0,55.23,72.4,0.04,0.22,0.69,26.74,56.32,51.89,50.69,-120,-3.2
2026-07-31 09:00:20,Lobby Eléctrica,53.89,Mixed,54.3,59.35,Group 1 (Common),52.26,0.0,52.1,0.0,0.0,39.02,4.51,54.3,0.95,1.13,60.16,52.1,51.11,-100,12.5
2026-07-31 09:00:23,Laboratorios Civil Inferior,50.95,Group 1 (Common),87.15,53.02,Group 1 (Common),51.12,46.05,0.0,0.0,0.0,87.15,7.55,0.87,2.0,2.43,54.4,50.13,45.96,-119,-2.0
2026-07-31 09:00:28,Pasillo Salones Eléctrica,38.44,Silence,0.0,39.75,Silence,0.0,0.0,0.0,0.0,0.0,0.0,0.0,0.0,0.0,0.0,39.32,38.28,37.01,-99,13.0
2026-07-31 09:00:38,Salón - Uma Eléctrica,42.53,Silence,0.0,43.13,Silence,0.0,0.0,0.0,0.0,0.0,0.0,0.0,0.0,0.0,0.0,43.26,42.37,42.0,-115,2.2
2026-07-31 09:01:05,Salón - Extremo Civil,22.46,Silence,0.0,23.84,Silence,0.0,0.0,0.0,0.0,0.0,0.0,0.0,0.0,0.0,0.0,23.52,22.6,21.26,-84,11.8
2026-07-31 09:01:09,Pasillo Salones Civil,39.69,Silence,0.0,40.55,Silence,0.0,0.0,0.0,0.0,0.0,0.0,0.0,0.0,0.0,0.0,40.57,39.63,38.45,-101,11.8
2026-07-31 09:01:22,Laboratorios Civil Superior,51.14,Mixed,67.97,54.37,Group 5 (Vehicle),50.35,53.46,0.0,0.0,52.7,67.97,9.68,0.56,1.43,20.23,55.05,50.01,48.22,-111,7.5
2026-07-31 09:01:31,Laboratorios Eléctrica Centro,51.03,Mixed,35.2,53.64,Group 3 (Rotary Tool),50.55,51.31,52.27,0.0,0.0,31.64,19.49,35.2,3.86,9.98,54.07,51.03,47.24,-119,-6.5
2026-07-31 09:02:50,Lobby Civil,51.52,Mixed,46.0,53.84,Group 1 (Common),52.06,48.24,0.0,0.0,49.86,32.13,17.48,1.42,2.93,46.0,54.3,49.6,47.96,-97,12.0
2026-07-31 09:02:58,Pasillo Decanato Civil,54.66,Group 1 (Common),89.94,55.61,Group 1 (Common),54.78,0.0,0.0,0.0,0.0,89.94,0.05,3.42,0.0,6.3,55.36,54.65,53.63,-112,2.8
2026-07-31 09:04:12,Salón - Extremo Eléctrica,19.77,Silence,0.0,21.08,Silence,0.0,0.0,0.0,0.0,0.0,0.0,0.0,0.0,0.0,0.0,20.85,19.85,19.12,-88,10.2
2026-07-31 09:04:19,Laboratorios Eléctrica Superior,47.66,Mixed,61.72,51.79,Group 1 (Common),48.89,0.0,0.0,0.0,48.29,61.72,0.04,0.87,0.17,37.28,50.1,48.12,44.25,-105,12.8
2026-07-31 09:04:36,Salón - Uma Civil,35.99,Silence,0.0,37.48,Silence,0.0,0.0,0.0,0.0,0.0,0.0,0.0,0.0,0.0,0.0,37.09,36.15,34.97,-94,8.2
2026-07-31 09:04:38,Pasillo Decanato Eléctrica,59.25,Mixed,45.27,59.93,Group 2 (Impact),59.51,59.51,0.0,0.0,59.28,17.71,45.27,0.78,12.98,23.13,59.97,59.54,57.22,-109,8.8
2026-07-31 09:05:05,Laboratorios Civil Central,60.28,Group 1 (Common),83.64,62.31,Group 5 (Vehicle),60.04,0.0,0.0,0.0,62.19,83.64,0.43,0.48,0.95,14.32,62.62,60.77,55.42,-111,-4.5
2026-07-31 09:05:11,Laboratorios Eléctrica Inferior,65.76,Group 1 (Common),89.02,72.73,Group 1 (Common),67.76,0.0,0.0,0.0,0.0,89.02,5.38,0.0,3.69,1.82,68.27,64.6,60.99,-113,3.8
2026-07-31 09:05:20,Lobby Eléctrica,68.88,Group 4 (Person),83.9,71.36,Group 5 (Vehicle),70.64,0.0,0.0,67.88,70.87,4.69,0.0,0.0,83.9,11.07,71.92,67.79,64.15,-101,9.0
2026-07-31 09:05:23,Laboratorios Civil Inferior,45.3,Group 2 (Impact),95.79,46.88,Group 2 (Impact),0.0,45.64,0.0,0.0,0.0,0.3,95.79,0.0,1.56,2.52,46.83,45.19,43.58,-115,4.0
2026-07-31 09:05:28,Pasillo Salones Eléctrica,37.21,Silence,0.0,38.96,Silence,0.0,0.0,0.0,0.0,0.0,0.0,0.0,0.0,0.0,0.0,39.46,37.03,35.62,-101,11.8
2026-07-31 09:05:38,Salón - Uma Eléctrica,44.48,Silence,0.0,45.66,Silence,0.0,0.0,0.0,0.0,0.0,0.0,0.0,0.0,0.0,0.0,45.71,44.31,43.4,-115,1.5
2026-07-31 09:06:05,Salón - Extremo Civil,20.18,Silence,0.0,21.23,Silence,0.0,0.0,0.0,0.0,0.0,0.0,0.0,0.0,0.0,0.0,21.02,20.12,18.96,-93,12.0
2026-07-31 09:06:09,Pasillo Salones Civil,38.5,Silence,0.0,39.5,Silence,0.0,0.0,0.0,0.0,0.0,0.0,0.0,0.0,0.0,0.0,39.78,38.37,37.91,-117,1.8
2026-07-31 09:06:22,Laboratorios Civil Superior,47.54,Group 1 (Common),92.32,48.99,Group 1 (Common),47.56,0.0,0.0,0.0,0.0,92.32,0.04,0.22,0.0,7.29,48.97,47.04,46.6,-117,6.0
2026-07-31 09:06:31,Laboratorios Eléctrica Centro,49.95,Mixed,47.74,51.57,Group 1 (Common),50.09,0.0,49.38,0.0,48.45,47.74,1.91,16.36,0.26,33.72,51.83,49.32,48.65,-105,11.8
2026-07-31 09:07:50,Lobby Civil,64.16,Group 1 (Common),78.78,67.55,Group 1 (Common),64.09,0.0,0.0,0.0,0.0,78.78,3.56,0.04,2.17,15.41,67.08,62.85,60.63,-96,13.0
2026-07-31 09:07:58,Pasillo Decanato Civil,54.4,Group 1 (Common),99.61,54.98,Group 1 (Common),54.37,0.0,0.0,0.0,0.0,99.61,0.0,0.0,0.0,0.0,55.08,54.38,53.23,-99,11.2
2026-07-31 09:09:11,Salón - Extremo Eléctrica,32.78,Silence,0.0,36.19,Silence,0.0,0.0,0.0,0.0,0.0,0.0,0.0,0.0,0.0,0.0,35.13,32.78,29.65,-90,9.0
2026-07-31 09:09:19,Laboratorios Eléctrica Superior,42.52,Silence,0.0,44.87,Silence,0.0,0.0,0.0,0.0,0.0,0.0,0.0,0.0,0.0,0.0,45.59,42.04,41.38,-97,11.0
2026-07-31 09:09:37,Salón - Uma Civil,38.19,Silence,0.0,39.46,Silence,0.0,0.0,0.0,0.0,0.0,0.0,0.0,0.0,0.0,0.0,39.09,37.87,37.29,-119,-7.2
2026-07-31 09:09:38,Pasillo Decanato Eléctrica,60.16,Mixed,58.25,61.96,Group 1 (Common),60.6,0.0,0.0,0.0,60.34,58.25,3.37,0.34,3.81,34.42,61.68,59.87,59.32,-118,-13.0
2026-07-31 09:10:05,Laboratorios Civil Central,57.19,Group 1 (Common),99.61,58.47,Group 1 (Common),57.41,0.0,0.0,0.0,0.0,99.61,0.0,0.0,0.0,0.09,58.06,57.41,56.29,-103,11.0
2026-07-31 09:10:13,Laboratorios Eléctrica Inferior,50.71,Mixed,34.51,51.77,Group 1 (Common),50.96,50.29,0.0,0.0,49.95,32.6,34.51,0.39,5.43,27.0,52.0,50.42,49.37,-119,-1.2
2026-07-31 09:10:20,Lobby Eléctrica,60.97,Mixed,60.68,65.48,Group 2 (Impact),60.16,65.36,0.0,63.55,0.0,60.68,11.41,9.16,18.75,0.0,65.99,59.67,56.78,-100,11.2
2026-07-31 09:10:23,Laboratorios Civil Inferior,49.23,Mixed,50.09,57.49,Group 2 (Impact),46.49,53.05,0.0,0.0,0.0,40.15,50.09,5.86,1.09,2.78,56.46,46.71,44.24,-119,-3.5
2026-07-31 09:10:28,Pasillo Salones Eléctrica,41.53,Silence,0.0,43.48,Silence,0.0,0.0,0.0,0.0,0.0,0.0,0.0,0.0,0.0,0.0,43.68,41.5,39.92,-96,11.2
2026-07-31 09:10:38,Salón - Uma Eléctrica,42.92,Silence,0.0,43.53,Silence,0.0,0.0,0.0,0.0,0.0,0.0,0.0,0.0,0.0,0.0,43.97,42.93,42.08,-109,6.0
2026-07-31 09:11:05,Salón - Extremo Civil,26.07,Silence,0.0,30.23,Silence,0.0,0.0,0.0,0.0,0.0,0.0,0.0,0.0,0.0,0.0,28.88,25.69,24.45,-105,11.0
2026-07-31 09:11:09,Pasillo Salones Civil,40.14,Silence,0.0,41.93,Silence,0.0,0.0,0.0,0.0,0.0,0.0,0.0,0.0,0.0,0.0,41.77,39.76,38.74,-96,4.8
2026-07-31 09:11:22,Laboratorios Civil Superior,53.98,Mixed,56.6,55.36,Group 1 (Common),53.97,0.0,53.75,0.0,0.0,56.6,3.47,30.38,0.43,9.16,56.01,53.58,52.42,-112,3.8
2026-07-31 09:11:31,Laboratorios Eléctrica Centro,51.75,Mixed,57.73,54.06,Group 5 (Vehicle),51.7,0.0,51.29,0.0,52.22,57.73,6.12,8.07,0.26,27.82,54.55,50.79,49.14,-117,-5.8
2026-07-31 09:12:50,Lobby Civil,59.73,Group 1 (Common),99.18,62.15,Group 1 (Common),60.32,0.0,0.0,0.0,0.0,99.18,0.35,0.0,0.52,0.04,61.94,60.01,55.86,-107,8.5
2026-07-31 09:12:58,Pasillo Decanato Civil,54.84,Group 1 (Common),99.39,55.94,Group 1 (Common),54.66,0.0,0.0,0.0,0.0,99.39,0.0,0.0,0.13,0.35,56.42,54.6,54.27,-109,6.8
2026-07-31 09:14:12,Salón - Extremo Eléctrica,34.02,Silence,0.0,35.5,Silence,0.0,0.0,0.0,0.0,0.0,0.0,0.0,0.0,0.0,0.0,35.94,34.21,32.23,-87,9.8
2026-07-31 09:14:19,Laboratorios Eléctrica Superior,42.91,Silence,0.0,44.6,Silence,0.0,0.0,0.0,0.0,0.0,0.0,0.0,0.0,0.0,0.0,44.76,42.13,41.4,-101,12.0
2026-07-31 09:14:37,Salón - Uma Civil,36.02,Silence,0.0,37.19,Silence,0.0,0.0,0.0,0.0,0.0,0.0,0.0,0.0,0.0,0.0,36.73,35.88,35.24,-101,9.2
2026-07-31 09:14:39,Pasillo Decanato Eléctrica,59.31,Mixed,65.67,60.01,Group 2 (Impact),59.39,60.11,0.0,0.0,0.0,65.67,12.46,0.13,5.43,16.36,59.93,59.25,58.39,-107,8.5
2026-07-31 09:15:05,Laboratorios Civil Central,59.26,Mixed,68.36,62.72,Group 5 (Vehicle),56.25,0.0,0.0,0.0,60.16,31.51,0.0,0.0,0.13,68.36,63.6,58.03,54.45,-117,-5.0
2026-07-31 09:15:10,Laboratorios Eléctrica Inferior,50.41,Mixed,56.08,52.04,Group 5 (Vehicle),0.0,50.21,0.0,0.0,50.5,0.09,37.2,4.9,1.74,56.08,52.08,50.06,49.16,-120,-5.2
2026-07-31 09:15:20,Lobby Eléctrica,51.92,Mixed,62.98,54.55,Group 1 (Common),51.45,0.0,50.86,0.0,0.0,33.16,2.95,62.98,0.09,0.91,55.67,50.98,49.66,-91,12.8
2026-07-31 09:15:28,Laboratorios Civil Inferior,48.42,Mixed,33.42,51.93,Group 1 (Common),49.52,46.53,0.0,0.0,50.87,28.69,33.42,1.74,3.39,32.94,51.89,47.26,45.06,-121,-10.2
2026-07-31 09:15:28,Pasillo Salones Eléctrica,33.25,Silence,0.0,34.32,Silence,0.0,0.0,0.0,0.0,0.0,0.0,0.0,0.0,0.0,0.0,34.36,33.32,32.09,-96,11.8
2026-07-31 09:15:38,Salón - Uma Eléctrica,43.17,Silence,0.0,44.36,Silence,0.0,0.0,0.0,0.0,0.0,0.0,0.0,0.0,0.0,0.0,43.79,43.25,42.39,-117,3.0
2026-07-31 09:16:05,Salón - Extremo Civil,34.52,Silence,0.0,35.98,Silence,0.0,0.0,0.0,0.0,0.0,0.0,0.0,0.0,0.0,0.0,35.91,34.62,32.63,-95,9.2
2026-07-31 09:16:09,Pasillo Salones Civil,39.18,Silence,0.0,40.37,Silence,0.0,0.0,0.0,0.0,0.0,0.0,0.0,0.0,0.0,0.0,40.35,39.05,37.77,-96,11.0
2026-07-31 09:16:22,Laboratorios Civil Superior,49.97,Group 1 (Common),87.59,52.1,Group 1 (Common),49.54,0.0,0.0,0.0,0.0,87.59,4.64,2.43,0.43,5.08,53.02,49.43,48.89,-107,10.0
2026-07-31 09:16:31,Laboratorios Eléctrica Centro,46.99,Mixed,67.27,47.73,Group 5 (Vehicle),46.95,0.0,0.0,0.0,47.16,29.56,0.95,1.95,0.22,67.27,47.5,46.98,46.44,-101,10.8
2026-07-31 09:17:50,Lobby Civil,66.8,Group 1 (Common),98.78,69.6,Group 1 (Common),66.95,0.0,0.0,0.0,0.0,98.78,0.61,0.0,0.3,0.0,69.87,66.84,61.53,-94,12.0
2026-07-31 09:17:58,Pasillo Decanato Civil,54.7,Group 1 (Common),99.18,55.42,Group 1 (Common),54.82,0.0,0.0,0.0,0.0,99.18,0.22,0.22,0.04,0.09,55.08,54.72,54.19,-109,9.2
2026-07-31 09:19:12,Salón - Extremo Eléctrica,28.41,Silence,0.0,36.53,Silence,0.0,0.0,0.0,0.0,0.0,0.0,0.0,0.0,0.0,0.0,37.82,21.39,19.48,-89,7.8
2026-07-31 09:19:19,Laboratorios Eléctrica Superior,42.23,Silence,0.0,42.82,Silence,0.0,0.0,0.0,0.0,0.0,0.0,0.0,0.0,0.0,0.0,43.14,42.04,41.62,-102,12.2
2026-07-31 09:19:37,Salón - Uma Civil,38.43,Silence,0.0,42.77,Silence,0.0,0.0,0.0,0.0,0.0,0.0,0.0,0.0,0.0,0.0,39.91,38.69,37.21,-101,11.5
2026-07-31 09:19:39,Pasillo Decanato Eléctrica,57.96,Group 1 (Common),98.52,58.68,Group 1 (Common),57.87,0.0,0.0,0.0,0.0,98.52,0.17,0.0,0.17,1.09,58.95,57.78,57.47,-109,9.2
2026-07-31 09:20:05,Laboratorios Civil Central,57.89,Mixed,65.19,60.16,Group 5 (Vehicle),57.32,0.0,0.0,0.0,58.65,65.19,2.73,0.35,1.78,29.95,61.52,56.81,56.32,-105,6.2
2026-07-31 09:20:11,Laboratorios Eléctrica Inferior,62.7,Mixed,57.9,69.17,Group 1 (Common),63.97,51.44,0.0,0.0,0.0,57.9,25.13,0.0,4.47,12.5,71.25,54.1,51.96,-121,-8.5
2026-07-31 09:20:20,Lobby Eléctrica,56.9,Mixed,66.06,58.17,Group 1 (Common),56.98,0.0,57.72,0.0,0.0,66.06,0.34,33.3,0.0,0.24,57.62,56.67,55.67,-97,12.5
2026-07-31 09:20:23,Laboratorios Civil Inferior,42.09,Silence,0.0,42.98,Silence,0.0,0.0,0.0,0.0,0.0,0.0,0.0,0.0,0.0,0.0,43.13,41.98,40.82,-118,-12.5
2026-07-31 09:20:28,Pasillo Salones Eléctrica,32.84,Silence,0.0,34.19,Silence,0.0,0.0,0.0,0.0,0.0,0.0,0.0,0.0,0.0,0.0,34.87,32.7,31.91,-115,0.8
2026-07-31 09:20:38,Salón - Uma Eléctrica,42.88,Silence,0.0,44.36,Silence,0.0,0.0,0.0,0.0,0.0,0.0,0.0,0.0,0.0,0.0,43.7,43.01,41.83,-115,3.5
2026-07-31 09:21:05,Salón - Extremo Civil,27.19,Silence,0.0,28.2,Silence,0.0,0.0,0.0,0.0,0.0,0.0,0.0,0.0,0.0,0.0,28.01,27.48,25.94,-102,10.5
2026-07-31 09:21:09,Pasillo Salones Civil,37.98,Silence,0.0,39.09,Silence,0.0,0.0,0.0,0.0,0.0,0.0,0.0,0.0,0.0,0.0,39.19,37.71,37.57,-101,9.5
2026-07-31 09:21:22,Laboratorios Civil Superior,49.59,Mixed,59.72,51.28,Group 5 (Vehicle),0.0,49.47,0.0,0.0,50.19,0.74,35.16,2.86,1.56,59.72,51.71,48.81,48.33,-111,7.8
2026-07-31 09:21:31,Laboratorios Eléctrica Centro,46.35,Group 5 (Vehicle),76.17,47.28,Group 1 (Common),46.73,0.0,0.0,0.0,46.26,22.27,0.26,1.26,0.04,76.17,47.24,46.27,45.29,-105,5.2
2026-07-31 09:22:50,Lobby Civil,63.54,Group 1 (Common),93.27,67.45,Group 1 (Common),63.56,0.0,0.0,0.0,0.0,93.27,2.34,0.04,1.09,3.13,67.99,61.86,54.94,-99,13.8
2026-07-31 09:22:58,Pasillo Decanato Civil,54.62,Group 1 (Common),98.57,55.59,Group 1 (Common),54.82,0.0,0.0,0.0,0.0,98.57,0.09,0.22,0.17,0.74,55.32,54.58,53.5,-115,0.5
2026-07-31 09:24:12,Salón - Extremo Eléctrica,22.23,Silence,0.0,23.06,Silence,0.0,0.0,0.0,0.0,0.0,0.0,0.0,0.0,0.0,0.0,23.35,22.16,21.63,-89,10.8
2026-07-31 09:24:19,Laboratorios Eléctrica Superior,43.33,Silence,0.0,44.59,Silence,0.0,0.0,0.0,0.0,0.0,0.0,0.0,0.0,0.0,0.0,44.6,42.96,42.23,-103,12.0
2026-07-31 09:24:37,Salón - Uma Civil,37.92,Silence,0.0,39.13,Silence,0.0,0.0,0.0,0.0,0.0,0.0,0.0,0.0,0.0,0.0,39.25,37.95,36.5,-100,11.8
2026-07-31 09:24:39,Pasillo Decanato Eléctrica,57.62,Group 1 (Common),99.44,58.46,Group 1 (Common),57.5,0.0,0.0,0.0,0.0,99.44,0.04,0.0,0.13,0.26,58.47,57.53,56.87,-107,10.2
2026-07-31 09:25:05,Laboratorios Civil Central,56.05,Group 1 (Common),85.45,58.12,Group 1 (Common),55.33,0.0,0.0,0.0,0.0,85.45,0.15,0.0,0.1,14.11,58.42,55.33,53.59,-120,-7.2
2026-07-31 09:25:11,Laboratorios Eléctrica Inferior,62.7,Group 1 (Common),90.19,66.09,Group 1 (Common),61.7,0.0,0.0,0.0,0.0,90.19,2.26,0.0,0.87,6.81,66.38,61.5,57.76,-119,-4.5
2026-07-31 09:25:20,Lobby Eléctrica,57.3,Group 1 (Common),95.36,58.26,Group 1 (Common),57.19,0.0,0.0,0.0,0.0,95.36,0.49,0.0,0.34,3.76,58.45,57.16,55.93,-98,11.0
2026-07-31 09:25:23,Laboratorios Civil Inferior,45.3,Group 2 (Impact),78.78,47.08,Group 2 (Impact),0.0,44.84,0.0,0.0,0.0,5.47,78.78,4.47,3.43,7.73,47.31,45.02,43.8,-117,-2.2
2026-07-31 09:25:28,Pasillo Salones Eléctrica,46.41,Mixed,51.95,47.4,Group 1 (Common),46.61,46.93,0.0,0.0,0.0,51.95,38.32,0.0,0.56,9.03,46.94,46.31,45.45,-102,12.0
2026-07-31 09:25:38,Salón - Uma Eléctrica,43.12,Silence,0.0,43.83,Silence,0.0,0.0,0.0,0.0,0.0,0.0,0.0,0.0,0.0,0.0,43.63,43.06,42.55,-115,3.8
2026-07-31 09:26:05,Salón - Extremo Civil,52.79,Mixed,52.83,53.29,Group 2 (Impact),0.0,53.11,0.0,0.0,52.68,0.0,42.87,0.59,3.81,52.83,53.32,52.78,52.44,-87,11.0
2026-07-31 09:26:22,Laboratorios Civil Superior,48.42,Mixed,50.17,50.4,Group 1 (Common),48.98,0.0,0.0,0.0,48.3,49.0,0.09,0.61,0.17,50.17,50.55,48.17,46.98,-105,11.2
2026-07-31 09:26:31,Laboratorios Eléctrica Centro,47.37,Group 2 (Impact),82.71,48.05,Group 2 (Impact),0.0,47.28,0.0,0.0,0.0,9.33,82.71,0.0,4.25,3.81,48.09,47.27,46.53,-107,11.2
2026-07-31 09:27:50,Lobby Civil,73.35,Group 1 (Common),99.35,75.93,Group 1 (Common),73.18,0.0,0.0,0.0,0.0,99.35,0.0,0.0,0.61,0.0,76.75,72.45,70.47,-109,12.0
2026-07-31 09:27:58,Pasillo Decanato Civil,55.48,Group 1 (Common),99.26,56.99,Group 1 (Common),55.12,0.0,0.0,0.0,0.0,99.26,0.04,0.0,0.0,0.52,57.06,55.23,54.71,-93,13.0
2026-07-31 09:29:12,Salón - Extremo Eléctrica,66.06,Group 1 (Common),83.16,66.68,Group 1 (Common),66.12,0.0,0.0,0.0,66.18,83.16,0.48,0.0,0.43,15.89,66.96,65.81,65.08,-111,8.2
2026-07-31 09:29:19,Laboratorios Eléctrica Superior,44.21,Silence,0.0,48.52,Silence,0.0,0.0,0.0,0.0,0.0,0.0,0.0,0.0,0.0,0.0,46.42,43.93,42.47,-117,-7.8
2026-07-31 09:29:37,Salón - Uma Civil,39.27,Silence,0.0,40.11,Silence,0.0,0.0,0.0,0.0,0.0,0.0,0.0,0.0,0.0,0.0,40.37,39.41,37.87,-105,11.8
2026-07-31 09:29:39,Pasillo Decanato Eléctrica,58.97,Group 1 (Common),95.7,59.83,Group 1 (Common),58.67,0.0,0.0,0.0,0.0,95.7,1.39,0.04,2.3,0.65,60.01,58.88,58.31,-108,8.8
2026-07-31 09:30:05,Laboratorios Civil Central,60.58,Group 1 (Common),94.34,61.49,Group 1 (Common),60.32,0.0,0.0,0.0,0.0,94.34,0.0,0.0,0.0,5.37,61.58,60.65,57.5,-109,5.0
2026-07-31 09:30:11,Laboratorios Eléctrica Inferior,49.27,Mixed,62.46,51.71,Group 1 (Common),50.98,0.0,0.0,0.0,48.98,35.55,0.91,0.0,0.95,62.46,50.75,49.23,47.36,-118,-4.2
2026-07-31 09:30:20,Lobby Eléctrica,68.75,Mixed,63.85,72.27,Group 4 (Person),68.73,0.0,0.0,69.9,0.0,63.85,0.0,0.0,35.94,0.0,72.59,67.78,64.65,-116,-2.8
2026-07-31 09:30:23,Laboratorios Civil Inferior,44.41,Silence,0.0,45.22,Silence,0.0,0.0,0.0,0.0,0.0,0.0,0.0,0.0,0.0,0.0,45.33,44.16,43.03,-118,-11.5
2026-07-31 09:30:28,Pasillo Salones Eléctrica,47.76,Mixed,46.88,48.94,Group 2 (Impact),47.7,47.7,0.0,0.0,0.0,29.47,46.88,0.26,2.43,20.79,49.08,47.43,47.01,-113,1.8
2026-07-31 09:30:38,Salón - Uma Eléctrica,42.63,Silence,0.0,43.21,Silence,0.0,0.0,0.0,0.0,0.0,0.0,0.0,0.0,0.0,0.0,43.24,42.58,42.05,-111,6.0
2026-07-31 09:31:11,Salón - Extremo Civil,60.89,Group 2 (Impact),92.06,61.49,Group 2 (Impact),0.0,61.04,0.0,0.0,0.0,4.73,92.06,0.0,2.78,0.61,61.43,60.88,60.25,-99,13.2
2026-07-31 09:31:11,Pasillo Salones Civil,47.62,Group 2 (Impact),82.12,48.32,Group 2 (Impact),0.0,47.67,0.0,0.0,47.16,0.43,82.12,0.17,2.56,14.76,48.25,47.67,46.81,-115,-0.5
2026-07-31 09:31:22,Laboratorios Civil Superior,48.14,Group 1 (Common),70.05,49.64,Group 1 (Common),47.85,0.0,0.0,0.0,48.04,70.05,0.39,0.26,1.52,27.78,49.88,47.8,46.53,-108,1.0
2026-07-31 09:31:31,Laboratorios Eléctrica Centro,47.39,Group 1 (Common),70.7,48.19,Group 2 (Impact),47.34,48.29,0.0,0.0,47.91,70.7,12.11,0.15,1.42,15.67,48.05,47.1,46.78,-119,-11.0
2026-07-31 09:32:50,Lobby Civil,67.62,Group 1 (Common),71.7,69.23,Group 1 (Common),68.15,0.0,0.0,0.0,66.26,71.7,2.95,0.09,3.3,22.01,69.74,67.44,65.54,-91,13.0
2026-07-31 09:32:58,Pasillo Decanato Civil,49.79,Group 3 (Rotary Tool),77.56,50.9,Group 1 (Common),50.59,0.0,49.4,0.0,0.0,18.71,0.26,77.56,0.0,3.43,50.98,49.81,48.62,-113,5.8
2026-07-31 09:34:12,Salón - Extremo Eléctrica,64.2,Mixed,43.75,65.7,Group 5 (Vehicle),63.55,62.85,0.0,0.0,64.38,23.96,31.38,0.0,0.95,43.75,65.94,64.28,62.69,-89,11.5
2026-07-31 09:34:19,Laboratorios Eléctrica Superior,45.43,Mixed,69.31,47.49,Group 1 (Common),45.74,45.15,0.0,0.0,0.0,69.31,28.08,0.0,1.3,1.39,47.21,45.26,44.09,-107,11.2
2026-07-31 09:34:37,Salón - Uma Civil,38.2,Silence,0.0,39.15,Silence,0.0,0.0,0.0,0.0,0.0,0.0,0.0,0.0,0.0,0.0,39.07,38.14,37.06,-105,12.2
2026-07-31 09:34:39,Pasillo Decanato Eléctrica,63.42,Group 1 (Common),81.34,65.7,Group 1 (Common),63.11,60.78,0.0,0.0,0.0,81.34,6.16,0.74,11.02,0.69,66.45,62.83,59.62,-105,10.0
2026-07-31 09:35:05,Laboratorios Civil Central,60.85,Group 1 (Common),89.24,63.26,Group 1 (Common),60.86,0.0,0.0,0.0,0.0,89.24,0.0,0.0,0.22,10.37,63.93,60.39,58.03,-119,-6.0
2026-07-31 09:35:11,Laboratorios Eléctrica Inferior,51.47,Mixed,48.74,53.56,Group 2 (Impact),0.0,52.24,0.0,0.0,50.65,0.13,48.74,0.65,3.39,47.05,54.0,51.0,49.99,-117,-13.2
2026-07-31 09:35:20,Lobby Eléctrica,67.94,Group 1 (Common),99.61,70.41,Group 1 (Common),67.45,0.0,0.0,0.0,0.0,99.61,0.0,0.0,0.0,0.0,70.88,67.95,63.07,-115,
2026-07-31 09:35:23,Laboratorios Civil Inferior,53.17,Mixed,36.67,59.37,Group 1 (Common),54.28,50.82,0.0,0.0,55.04,36.67,35.45,0.05,14.31,13.62,60.24,50.36,48.5,-121,-8.0
2026-07-31 09:35:28,Pasillo Salones Eléctrica,47.47,Mixed,52.04,48.02,Group 2 (Impact),47.4,47.39,0.0,0.0,47.42,9.77,34.9,3.08,0.26,52.04,48.28,47.36,46.72,-101,12.0
2026-07-31 09:35:38,Salón - Uma Eléctrica,43.31,Silence,0.0,43.85,Silence,0.0,0.0,0.0,0.0,0.0,0.0,0.0,0.0,0.0,0.0,44.18,43.16,42.09,-109,8.0
2026-07-31 09:36:05,Salón - Extremo Civil,62.27,Mixed,68.23,63.2,Group 5 (Vehicle),0.0,62.28,0.0,0.0,62.79,3.26,68.23,0.17,7.12,21.31,62.69,62.34,61.67,-99,11.5
2026-07-31 09:36:09,Pasillo Salones Civil,49.65,Group 2 (Impact),74.7,50.91,Group 2 (Impact),51.1,49.6,0.0,0.0,50.87,9.98,74.7,0.0,4.08,11.15,51.0,49.86,46.86,-114,3.0
2026-07-31 09:36:22,Laboratorios Civil Superior,51.48,Group 1 (Common),85.2,52.89,Group 1 (Common),51.27,0.0,0.0,0.0,51.45,85.2,0.0,0.0,0.04,14.67,53.02,51.51,49.62,-113,7.5
2026-07-31 09:36:31,Laboratorios Eléctrica Centro,47.45,Group 1 (Common),72.66,48.12,Group 1 (Common),47.5,0.0,0.0,0.0,47.38,72.66,2.78,0.43,0.26,23.96,48.33,47.54,46.06,-120,-5.5
2026-07-31 09:37:50,Lobby Civil,67.43,Mixed,66.1,68.77,Group 5 (Vehicle),67.72,0.0,0.0,66.95,67.77,17.4,3.69,0.43,12.28,66.1,69.22,67.14,66.31,-103,11.5
2026-07-31 09:37:58,Pasillo Decanato Civil,49.2,Mixed,57.94,49.92,Group 1 (Common),48.56,0.0,49.12,0.0,0.0,32.12,2.26,57.94,0.04,7.64,50.1,49.15,48.07,-103,8.2
2026-07-31 09:39:12,Salón - Extremo Eléctrica,65.58,Group 5 (Vehicle),84.03,66.73,Group 1 (Common),66.61,0.0,0.0,0.0,65.68,15.8,0.04,0.0,0.0,84.03,66.7,65.41,64.35,-88,9.2
2026-07-31 09:39:19,Laboratorios Eléctrica Superior,44.98,Silence,0.0,46.11,Silence,0.0,0.0,0.0,0.0,0.0,0.0,0.0,0.0,0.0,0.0,46.48,44.63,43.88,-102,10.8
2026-07-31 09:39:37,Salón - Uma Civil,38.45,Silence,0.0,39.71,Silence,0.0,0.0,0.0,0.0,0.0,0.0,0.0,0.0,0.0,0.0,39.52,38.42,37.28,-119,-6.8
2026-07-31 09:39:39,Pasillo Decanato Eléctrica,58.11,Group 1 (Common),96.35,58.92,Group 1 (Common),57.81,0.0,0.0,0.0,0.0,96.35,0.09,0.0,0.22,3.21,58.99,58.12,57.03,-105,3.8
2026-07-31 09:40:05,Laboratorios Civil Central,65.29,Mixed,59.16,69.33,Group 1 (Common),65.4,57.99,0.0,0.0,55.79,59.16,23.35,0.09,1.26,16.1,69.44,64.51,55.07,-108,2.8
2026-07-31 09:40:11,Laboratorios Eléctrica Inferior,56.79,Group 5 (Vehicle),73.87,62.87,Group 5 (Vehicle),55.87,0.0,0.0,0.0,57.16,21.22,2.86,0.13,1.87,73.87,65.12,51.12,48.39,-105,9.2
2026-07-31 09:40:20,Lobby Eléctrica,62.54,Group 1 (Common),96.7,64.51,Group 1 (Common),61.84,0.0,0.0,0.0,0.0,96.7,0.0,1.35,1.82,0.0,64.49,62.96,59.8,-93,9.0
2026-07-31 09:40:23,Laboratorios Civil Inferior,60.15,Mixed,48.09,65.07,Group 2 (Impact),60.34,57.63,60.49,0.0,60.18,5.64,48.09,23.48,1.65,21.09,66.43,57.39,49.64,-115,5.0
2026-07-31 09:40:28,Pasillo Salones Eléctrica,47.3,Mixed,69.78,48.09,Group 2 (Impact),0.0,47.36,0.0,0.0,0.0,4.79,69.78,2.98,4.39,18.07,48.12,47.22,46.62,-117,2.0
2026-07-31 09:40:38,Salón - Uma Eléctrica,42.68,Silence,0.0,43.24,Silence,0.0,0.0,0.0,0.0,0.0,0.0,0.0,0.0,0.0,0.0,42.96,42.84,42.07,-115,1.5
2026-07-31 09:41:05,Salón - Extremo Civil,52.26,Group 2 (Impact),97.66,53.77,Group 2 (Impact),0.0,52.52,0.0,0.0,0.0,0.35,97.66,0.0,1.91,0.09,52.65,52.52,51.16,-107,11.0
2026-07-31 09:41:09,Pasillo Salones Civil,48.38,Group 2 (Impact),89.24,49.15,Group 2 (Impact),0.0,48.75,0.0,0.0,0.0,1.04,89.24,0.04,1.52,8.12,49.05,48.71,47.22,-117,-0.5
2026-07-31 09:41:22,Laboratorios Civil Superior,50.17,Group 1 (Common),96.79,51.91,Group 1 (Common),50.27,0.0,0.0,0.0,0.0,96.79,0.13,1.78,0.04,1.22,51.37,50.0,49.62,-111,6.2
2026-07-31 09:41:40,Laboratorios Eléctrica Centro,46.7,Mixed,67.97,47.58,Group 5 (Vehicle),46.55,0.0,0.0,0.0,46.82,30.86,0.61,0.22,0.22,67.97,47.67,46.79,45.33,-102,8.5
2026-07-31 09:42:50,Lobby Civil,64.16,Group 5 (Vehicle),82.81,66.32,Group 1 (Common),65.92,0.0,0.0,0.0,64.12,11.96,1.71,0.63,2.98,82.81,64.79,64.07,63.67,-105,11.2
2026-07-31 09:42:58,Pasillo Decanato Civil,50.38,Mixed,39.84,51.16,Group 2 (Impact),0.0,50.14,0.0,0.0,50.57,0.48,38.02,16.71,5.08,39.84,51.46,50.15,49.87,-97,12.5
2026-07-31 09:44:12,Salón - Extremo Eléctrica,64.74,Mixed,54.47,65.72,Group 5 (Vehicle),64.61,64.74,0.0,0.0,65.13,32.07,10.59,0.0,2.82,54.47,65.44,64.68,64.21,-109,5.8
2026-07-31 09:44:19,Laboratorios Eléctrica Superior,44.39,Silence,0.0,45.3,Silence,0.0,0.0,0.0,0.0,0.0,0.0,0.0,0.0,0.0,0.0,45.32,44.26,43.18,-101,6.8
2026-07-31 09:44:37,Salón - Uma Civil,37.85,Silence,0.0,39.27,Silence,0.0,0.0,0.0,0.0,0.0,0.0,0.0,0.0,0.0,0.0,39.29,37.82,36.12,-115,-7.8
2026-07-31 09:44:39,Pasillo Decanato Eléctrica,58.12,Group 1 (Common),86.46,59.52,Group 1 (Common),58.36,0.0,0.0,0.0,0.0,86.46,4.77,0.0,4.47,4.3,59.21,58.03,57.07,-109,8.8
2026-07-31 09:45:05,Laboratorios Civil Central,55.79,Group 1 (Common),84.94,57.23,Group 1 (Common),55.44,0.0,0.0,0.0,0.0,84.94,0.13,0.0,0.09,14.89,57.75,55.46,54.83,-101,11.8
2026-07-31 09:45:11,Laboratorios Eléctrica Inferior,48.38,Mixed,68.88,49.96,Group 5 (Vehicle),48.51,0.0,0.0,0.0,48.98,26.0,2.95,0.22,1.87,68.88,49.5,48.17,47.47,-119,-10.8
2026-07-31 09:45:20,Lobby Eléctrica,63.03,Group 1 (Common),73.78,68.73,Group 4 (Person),63.73,0.0,0.0,68.08,0.0,73.78,0.0,0.52,25.61,0.0,66.87,62.35,56.03,-105,11.0
2026-07-31 09:45:23,Laboratorios Civil Inferior,48.52,Mixed,46.14,54.44,Group 5 (Vehicle),49.35,45.85,0.0,0.0,53.36,46.14,32.25,0.39,2.91,18.36,51.43,47.99,44.77,-120,-9.5
2026-07-31 09:45:28,Pasillo Salones Eléctrica,47.47,Mixed,42.29,48.46,Group 2 (Impact),47.62,47.9,47.32,0.0,47.03,16.16,29.15,11.87,0.15,42.29,48.26,47.36,46.3,-101,11.8
2026-07-31 09:45:38,Salón - Uma Eléctrica,43.15,Silence,0.0,43.58,Silence,0.0,0.0,0.0,0.0,0.0,0.0,0.0,0.0,0.0,0.0,43.52,43.05,42.74,-109,9.2
2026-07-31 09:46:05,Salón - Extremo Civil,62.4,Mixed,50.35,63.27,Group 1 (Common),62.49,62.02,0.0,0.0,0.0,36.33,50.35,0.0,4.17,9.2,63.18,62.92,60.95,-105,10.0
2026-07-31 09:46:09,Pasillo Salones Civil,47.96,Group 2 (Impact),72.44,48.98,Group 2 (Impact),0.0,48.03,0.0,0.0,48.3,2.95,72.44,0.09,2.91,21.66,49.19,47.6,47.31,-103,10.5
2026-07-31 09:46:22,Laboratorios Civil Superior,54.84,Group 1 (Common),99.57,58.41,Group 1 (Common),54.56,0.0,0.0,0.0,0.0,99.57,0.0,0.0,0.0,0.13,59.36,54.27,52.27,-111,10.0
2026-07-31 09:46:31,Laboratorios Eléctrica Centro,47.91,Group 5 (Vehicle),77.13,49.4,Group 5 (Vehicle),0.0,0.0,47.09,0.0,48.32,3.21,1.82,17.84,0.09,77.13,49.39,47.72,46.6,-109,9.2
2026-07-31 09:47:50,Lobby Civil,65.78,Mixed,63.5,68.43,Group 1 (Common),67.14,0.0,0.0,0.0,64.45,63.5,0.3,0.3,2.6,33.33,67.89,65.22,64.06,-109,7.5
2026-07-31 09:47:58,Pasillo Decanato Civil,45.9,Mixed,60.68,48.42,Group 1 (Common),46.43,0.0,44.42,0.0,44.7,60.68,7.42,16.54,0.78,14.67,49.4,45.22,42.66,-95,13.2
2026-07-31 09:49:12,Salón - Extremo Eléctrica,66.02,Group 1 (Common),88.85,67.05,Group 1 (Common),66.15,0.0,0.0,0.0,0.0,88.85,2.26,0.0,0.61,8.33,66.96,66.16,64.57,-89,11.2
2026-07-31 09:49:19,Laboratorios Eléctrica Superior,45.54,Group 2 (Impact),77.3,47.28,Group 2 (Impact),0.0,45.26,0.0,0.0,0.0,2.21,77.3,1.26,3.99,15.19,47.72,45.38,43.75,-101,11.8
2026-07-31 09:49:37,Salón - Uma Civil,38.61,Silence,0.0,40.08,Silence,0.0,0.0,0.0,0.0,0.0,0.0,0.0,0.0,0.0,0.0,41.09,38.47,37.16,-109,6.8
2026-07-31 09:49:39,Pasillo Decanato Eléctrica,61.71,Group 1 (Common),98.87,64.75,Group 1 (Common),62.56,0.0,0.0,0.0,0.0,98.87,0.22,0.0,0.65,0.0,66.17,60.37,58.2,-103,10.5
2026-07-31 09:50:05,Laboratorios Civil Central,58.15,Group 1 (Common),98.31,59.18,Group 1 (Common),58.0,0.0,0.0,0.0,0.0,98.31,0.0,0.0,0.0,1.52,59.33,57.98,56.31,-109,10.0
2026-07-31 09:50:11,Laboratorios Eléctrica Inferior,58.26,Group 1 (Common),70.62,62.26,Group 1 (Common),61.03,53.96,0.0,0.0,51.77,70.62,20.36,0.13,1.82,6.9,63.03,56.0,50.65,-121,-11.2
2026-07-31 09:50:20,Lobby Eléctrica,59.72,Group 1 (Common),97.92,64.07,Group 1 (Common),59.98,0.0,0.0,0.0,0.0,97.92,0.0,1.56,0.39,0.0,63.67,58.67,53.5,-117,2.0
2026-07-31 09:50:23,Laboratorios Civil Inferior,48.29,Group 1 (Common),76.35,50.76,Group 1 (Common),49.13,47.05,0.0,0.0,0.0,76.35,20.53,0.0,1.43,1.82,50.1,48.25,44.86,-112,-7.5
2026-07-31 09:50:28,Pasillo Salones Eléctrica,47.87,Mixed,43.92,51.18,Group 5 (Vehicle),49.42,46.67,0.0,0.0,49.87,33.33,43.92,0.04,0.74,21.88,49.86,47.33,45.65,-101,12.2
2026-07-31 09:50:38,Salón - Uma Eléctrica,44.04,Silence,0.0,44.9,Silence,0.0,0.0,0.0,0.0,0.0,0.0,0.0,0.0,0.0,0.0,44.48,44.08,43.35,-118,-12.2
2026-07-31 09:51:05,Salón - Extremo Civil,62.74,Mixed,53.69,63.15,Group 2 (Impact),62.63,62.28,0.0,0.0,0.0,36.81,53.69,0.0,3.34,6.08,63.37,62.83,61.95,-87,13.5
2026-07-31 09:51:09,Pasillo Salones Civil,47.04,Group 2 (Impact),88.8,47.94,Group 2 (Impact),0.0,47.23,0.0,0.0,0.0,7.86,88.8,0.0,2.39,1.09,47.75,46.96,46.4,-117,3.5
2026-07-31 09:51:22,Laboratorios Civil Superior,49.63,Mixed,65.8,50.62,Group 2 (Impact),49.46,50.08,0.0,0.0,48.78,65.8,7.68,0.26,2.47,23.83,50.52,49.57,48.71,-113,3.2
2026-07-31 09:51:31,Laboratorios Eléctrica Centro,49.58,Mixed,67.19,51.88,Group 1 (Common),49.79,0.0,0.0,0.0,49.24,67.19,1.0,0.0,0.43,31.21,51.94,49.62,47.17,-117,-6.5
2026-07-31 09:52:50,Lobby Civil,66.96,Mixed,63.15,69.7,Group 3 (Rotary Tool),66.95,0.0,69.53,0.0,68.99,63.15,3.34,5.43,7.34,20.83,69.65,66.1,65.2,-111,9.0
2026-07-31 09:52:58,Pasillo Decanato Civil,51.93,Mixed,49.78,55.52,Group 2 (Impact),48.34,53.19,41.7,52.71,0.0,49.78,24.13,8.33,16.84,1.0,56.76,51.16,44.7,-115,1.2
2026-07-31 09:54:12,Salón - Extremo Eléctrica,65.63,Mixed,60.46,66.8,Group 1 (Common),65.52,0.0,0.0,0.0,64.77,60.46,3.17,0.0,2.43,33.81,66.85,65.69,64.37,-107,6.5
2026-07-31 09:54:19,Laboratorios Eléctrica Superior,43.61,Silence,0.0,44.71,Silence,0.0,0.0,0.0,0.0,0.0,0.0,0.0,0.0,0.0,0.0,44.97,43.53,42.23,-105,13.0
2026-07-31 09:54:37,Salón - Uma Civil,37.54,Silence,0.0,38.66,Silence,0.0,0.0,0.0,0.0,0.0,0.0,0.0,0.0,0.0,0.0,38.35,37.29,36.63,-119,-7.0
2026-07-31 09:54:39,Pasillo Decanato Eléctrica,57.84,Group 1 (Common),98.83,58.85,Group 1 (Common),57.51,0.0,0.0,0.0,0.0,98.83,0.15,0.0,0.24,0.68,58.92,57.63,56.75,-106,7.8
2026-07-31 09:55:05,Laboratorios Civil Central,54.01,Group 1 (Common),87.8,55.18,Group 1 (Common),54.22,0.0,0.0,0.0,53.92,87.8,0.13,0.0,0.04,12.02,54.49,54.2,53.26,-117,-6.5
2026-07-31 09:55:11,Laboratorios Eléctrica Inferior,51.47,Group 5 (Vehicle),73.96,56.48,Group 5 (Vehicle),50.58,0.0,0.0,0.0,50.03,24.91,0.26,0.04,0.69,73.96,57.87,49.85,48.27,-113,5.5
2026-07-31 09:55:20,Lobby Eléctrica,52.99,Mixed,51.65,53.89,Group 1 (Common),52.75,0.0,52.78,0.0,0.0,51.65,0.04,47.7,0.0,0.52,54.11,52.93,51.97,-105,9.8
2026-07-31 09:55:23,Laboratorios Civil Inferior,42.88,Silence,0.0,44.8,Silence,0.0,0.0,0.0,0.0,0.0,0.0,0.0,0.0,0.0,0.0,45.27,42.78,41.02,-119,-2.2
2026-07-31 09:55:28,Pasillo Salones Eléctrica,48.24,Mixed,40.71,50.95,Group 5 (Vehicle),47.85,46.84,0.0,0.0,48.15,19.4,40.71,0.22,0.3,39.37,51.82,47.42,45.64,-99,13.2
2026-07-31 09:55:38,Salón - Uma Eléctrica,43.43,Silence,0.0,44.39,Silence,0.0,0.0,0.0,0.0,0.0,0.0,0.0,0.0,0.0,0.0,44.32,43.36,42.79,-118,-5.8
2026-07-31 09:56:05,Salón - Extremo Civil,25.45,Silence,0.0,26.76,Silence,0.0,0.0,0.0,0.0,0.0,0.0,0.0,0.0,0.0,0.0,26.04,25.38,24.68,-83,9.5
2026-07-31 09:56:09,Pasillo Salones Civil,38.59,Silence,0.0,40.16,Silence,0.0,0.0,0.0,0.0,0.0,0.0,0.0,0.0,0.0,0.0,39.32,38.69,37.63,-115,3.0
2026-07-31 09:56:22,Laboratorios Civil Superior,55.27,Group 1 (Common),98.44,56.9,Group 1 (Common),55.62,0.0,0.0,0.0,0.0,98.44,0.0,0.74,0.0,0.52,56.6,55.49,53.4,-107,9.8
2026-07-31 09:56:31,Laboratorios Eléctrica Centro,57.8,Group 5 (Vehicle),70.83,65.45,Group 5 (Vehicle),50.51,0.0,0.0,0.0,51.88,27.65,0.0,1.39,0.04,70.83,66.81,49.79,48.27,-108,9.8
2026-07-31 09:57:50,Lobby Civil,62.32,Group 1 (Common),74.39,65.55,Group 2 (Impact),61.11,64.41,0.0,0.0,0.0,74.39,20.66,0.0,2.13,2.91,65.72,61.33,59.73,-95,11.5
2026-07-31 09:58:00,Pasillo Decanato Civil,57.82,Mixed,63.76,62.76,Group 4 (Person),56.01,0.0,0.0,60.02,0.0,32.99,3.13,0.0,63.76,0.0,63.55,55.88,51.14,-97,12.5
2026-07-31 09:59:12,Salón - Extremo Eléctrica,29.21,Silence,0.0,29.69,Silence,0.0,0.0,0.0,0.0,0.0,0.0,0.0,0.0,0.0,0.0,29.76,29.1,28.89,-107,8.0
2026-07-31 09:59:19,Laboratorios Eléctrica Superior,60.42,Mixed,67.8,63.73,Group 1 (Common),59.93,0.0,0.0,0.0,58.39,67.8,0.0,0.0,3.86,28.21,64.01,59.76,56.37,-103,11.0
2026-07-31 09:59:37,Salón - Uma Civil,36.95,Silence,0.0,38.7,Silence,0.0,0.0,0.0,0.0,0.0,0.0,0.0,0.0,0.0,0.0,38.92,36.79,35.76,-117,-2.2
2026-07-31 09:59:39,Pasillo Decanato Eléctrica,58.87,Mixed,41.99,59.58,Group 1 (Common),58.9,58.57,0.0,0.0,58.81,41.99,23.49,1.03,5.62,27.93,59.82,58.67,58.45,-111,8.8
2026-07-31 10:00:05,Laboratorios Civil Central,54.52,Group 1 (Common),98.48,55.34,Group 1 (Common),54.53,0.0,0.0,0.0,0.0,98.48,0.0,0.0,0.0,1.22,55.18,54.79,52.56,-101,11.8
2026-07-31 10:00:11,Laboratorios Eléctrica Inferior,49.85,Mixed,52.04,52.66,Group 5 (Vehicle),49.34,0.0,0.0,0.0,49.71,46.96,0.3,0.04,0.65,52.04,53.27,49.35,48.36,-120,-4.5
2026-07-31 10:00:20,Lobby Eléctrica,55.01,Mixed,68.16,57.03,Group 1 (Common),54.41,0.0,0.0,55.41,0.0,68.16,0.68,0.0,31.15,0.0,57.23,54.04,51.69,-119,
2026-07-31 10:00:23,Laboratorios Civil Inferior,45.14,Group 2 (Impact),79.34,46.36,Group 2 (Impact),0.0,45.43,0.0,0.0,0.0,11.02,79.34,0.3,4.9,4.3,46.16,45.09,44.47,-118,-11.5
2026-07-31 10:00:28,Pasillo Salones Eléctrica,33.06,Silence,0.0,33.73,Silence,0.0,0.0,0.0,0.0,0.0,0.0,0.0,0.0,0.0,0.0,33.77,32.93,32.57,-112,1.0
2026-07-31 10:00:38,Salón - Uma Eléctrica,42.15,Silence,0.0,43.02,Silence,0.0,0.0,0.0,0.0,0.0,0.0,0.0,0.0,0.0,0.0,43.05,42.03,41.43,-118,-1.2
2026-07-31 10:01:05,Salón - Extremo Civil,26.89,Silence,0.0,27.67,Silence,0.0,0.0,0.0,0.0,0.0,0.0,0.0,0.0,0.0,0.0,27.42,26.9,26.01,-91,11.5
2026-07-31 10:01:09,Pasillo Salones Civil,45.93,Mixed,67.48,48.11,Group 1 (Common),47.49,43.34,0.0,0.0,0.0,31.59,67.48,0.0,0.93,0.0,48.19,45.4,42.0,-97,10.8
2026-07-31 10:01:22,Laboratorios Civil Superior,57.68,Group 1 (Common),97.96,62.29,Group 1 (Common),57.96,0.0,0.0,0.0,0.0,97.96,0.0,0.04,0.0,1.78,63.96,56.7,50.72,-109,9.8
2026-07-31 10:01:31,Laboratorios Eléctrica Centro,53.58,Group 5 (Vehicle),82.51,56.71,Group 5 (Vehicle),52.1,0.0,0.0,0.0,54.43,16.45,0.22,0.35,0.48,82.51,57.27,51.78,48.5,-119,-7.5
2026-07-31 10:02:50,Lobby Civil,71.19,Mixed,45.18,74.11,Group 4 (Person),70.27,0.0,0.0,73.43,66.05,45.18,0.22,0.0,19.66,34.81,73.75,70.24,64.05,-97,10.8
2026-07-31 10:02:58,Pasillo Decanato Civil,39.99,Silence,0.0,41.22,Silence,0.0,0.0,0.0,0.0,0.0,0.0,0.0,0.0,0.0,0.0,41.01,39.96,37.74,-120,2.8
2026-07-31 10:04:12,Salón - Extremo Eléctrica,34.08,Silence,0.0,35.18,Silence,0.0,0.0,0.0,0.0,0.0,0.0,0.0,0.0,0.0,0.0,35.18,34.1,32.69,-91,11.2
2026-07-31 10:04:19,Laboratorios Eléctrica Superior,42.48,Silence,0.0,43.32,Silence,0.0,0.0,0.0,0.0,0.0,0.0,0.0,0.0,0.0,0.0,43.1,42.45,41.98,-120,-8.5
2026-07-31 10:04:37,Salón - Uma Civil,41.68,Silence,0.0,45.52,Silence,0.0,0.0,0.0,0.0,0.0,0.0,0.0,0.0,0.0,0.0,47.02,38.77,36.74,-103,8.5
2026-07-31 10:04:39,Pasillo Decanato Eléctrica,60.82,Mixed,45.36,63.63,Group 5 (Vehicle),58.66,61.28,0.0,0.0,63.2,45.36,28.65,4.08,6.08,15.89,64.85,58.83,57.47,-107,6.2
2026-07-31 10:05:06,Laboratorios Civil Central,62.32,Group 1 (Common),96.7,65.22,Group 1 (Common),61.87,0.0,0.0,0.0,0.0,96.7,0.0,0.0,3.08,0.04,65.68,61.95,55.16,-111,7.5
2026-07-31 10:05:11,Laboratorios Eléctrica Inferior,67.91,Group 1 (Common),77.13,72.0,Group 1 (Common),67.23,0.0,0.0,0.0,70.69,77.13,2.65,0.0,0.65,19.44,72.6,66.15,49.42,-120,-6.5
2026-07-31 10:05:20,Lobby Eléctrica,50.27,Group 1 (Common),98.93,52.54,Group 1 (Common),50.63,0.0,0.0,0.0,0.0,98.93,0.05,0.05,0.0,0.83,51.92,49.9,47.83,-120,-1.2
2026-07-31 10:05:23,Laboratorios Civil Inferior,48.7,Mixed,50.48,52.61,Group 1 (Common),50.62,46.9,0.0,0.0,0.0,45.05,50.48,0.09,2.78,1.61,53.76,47.64,43.9,-117,-3.0
2026-07-31 10:05:28,Pasillo Salones Eléctrica,35.21,Silence,0.0,36.58,Silence,0.0,0.0,0.0,0.0,0.0,0.0,0.0,0.0,0.0,0.0,36.47,35.05,33.86,-115,0.8
2026-07-31 10:05:38,Salón - Uma Eléctrica,42.3,Silence,0.0,42.88,Silence,0.0,0.0,0.0,0.0,0.0,0.0,0.0,0.0,0.0,0.0,43.31,42.25,41.85,-119,-10.8
2026-07-31 10:06:05,Salón - Extremo Civil,28.57,Silence,0.0,29.96,Silence,0.0,0.0,0.0,0.0,0.0,0.0,0.0,0.0,0.0,0.0,30.73,27.79,27.35,-83,12.8
2026-07-31 10:06:09,Pasillo Salones Civil,43.25,Silence,0.0,44.38,Silence,0.0,0.0,0.0,0.0,0.0,0.0,0.0,0.0,0.0,0.0,44.93,42.7,42.07,-96,9.2
2026-07-31 10:06:22,Laboratorios Civil Superior,47.19,Mixed,56.34,48.46,Group 1 (Common),47.25,0.0,0.0,0.0,47.13,56.34,0.13,0.26,0.04,43.19,48.38,47.37,45.79,-111,6.0
2026-07-31 10:06:31,Laboratorios Eléctrica Centro,58.52,Group 1 (Common),88.96,65.71,Group 1 (Common),61.55,0.0,0.0,0.0,0.0,88.96,4.44,0.29,0.59,5.91,63.8,54.94,48.14,-108,7.2
2026-07-31 10:07:50,Lobby Civil,62.49,Mixed,50.61,67.39,Group 1 (Common),65.31,0.0,0.0,0.0,57.46,50.61,2.34,0.13,3.69,43.27,68.39,58.13,56.46,-109,9.0
2026-07-31 10:07:58,Pasillo Decanato Civil,39.01,Silence,0.0,41.13,Silence,0.0,0.0,0.0,0.0,0.0,0.0,0.0,0.0,0.0,0.0,40.27,38.72,37.99,-99,11.2
2026-07-31 10:09:13,Salón - Extremo Eléctrica,30.54,Silence,0.0,31.71,Silence,0.0,0.0,0.0,0.0,0.0,0.0,0.0,0.0,0.0,0.0,32.02,30.16,29.38,-109,6.8
2026-07-31 10:09:19,Laboratorios Eléctrica Superior,47.27,Mixed,68.53,49.84,Group 1 (Common),46.79,48.68,0.0,0.0,0.0,68.53,23.35,0.95,2.6,4.73,50.07,46.35,44.74,-101,12.2
2026-07-31 10:09:37,Salón - Uma Civil,37.64,Silence,0.0,39.6,Silence,0.0,0.0,0.0,0.0,0.0,0.0,0.0,0.0,0.0,0.0,40.21,37.11,36.16,-100,10.2
2026-07-31 10:09:39,Pasillo Decanato Eléctrica,55.95,Group 1 (Common),99.0,56.76,Group 1 (Common),55.8,0.0,0.0,0.0,0.0,99.0,0.04,0.0,0.0,0.78,56.81,55.8,54.99,-108,10.0
2026-07-31 10:10:06,Laboratorios Civil Central,62.95,Mixed,55.99,67.58,Group 3 (Rotary Tool),57.68,66.15,67.5,0.0,59.76,55.99,16.93,11.07,6.81,9.29,68.86,58.54,55.5,-119,-3.5
2026-07-31 10:10:11,Laboratorios Eléctrica Inferior,48.54,Mixed,53.52,49.23,Group 5 (Vehicle),48.42,0.0,0.0,0.0,48.53,40.89,4.25,0.09,1.13,53.52,49.57,48.51,47.85,-107,8.8
2026-07-31 10:10:20,Lobby Eléctrica,61.61,Group 1 (Common),77.52,63.77,Group 4 (Person),60.76,0.0,0.0,62.71,0.0,77.52,0.0,0.04,22.31,0.0,63.72,61.25,58.23,-105,11.8
2026-07-31 10:10:23,Laboratorios Civil Inferior,44.76,Silence,0.0,46.08,Silence,0.0,0.0,0.0,0.0,0.0,0.0,0.0,0.0,0.0,0.0,46.44,44.99,42.34,-119,-4.0
2026-07-31 10:10:28,Pasillo Salones Eléctrica,45.02,Group 2 (Impact),72.66,45.81,Group 2 (Impact),0.0,45.04,0.0,0.0,45.24,1.13,72.66,4.21,0.0,22.01,45.79,44.97,44.25,-101,8.8
2026-07-31 10:10:38,Salón - Uma Eléctrica,43.37,Silence,0.0,44.13,Silence,0.0,0.0,0.0,0.0,0.0,0.0,0.0,0.0,0.0,0.0,44.33,43.37,42.42,-119,0.2
2026-07-31 10:11:05,Salón - Extremo Civil,59.18,Mixed,50.83,59.78,Group 1 (Common),59.41,58.84,0.0,0.0,59.28,12.99,50.83,0.24,6.84,29.0,59.84,58.88,58.45,-80,11.8
2026-07-31 10:11:09,Pasillo Salones Civil,43.96,Silence,0.0,44.66,Silence,0.0,0.0,0.0,0.0,0.0,0.0,0.0,0.0,0.0,0.0,44.4,44.18,43.04,-108,9.8
2026-07-31 10:11:22,Laboratorios Civil Superior,57.55,Mixed,61.37,58.73,Group 1 (Common),56.99,0.0,0.0,0.0,56.97,38.45,0.0,0.0,0.0,61.37,58.73,57.83,54.39,-100,5.2
2026-07-31 10:11:31,Laboratorios Eléctrica Centro,47.75,Mixed,57.76,48.81,Group 5 (Vehicle),0.0,0.0,47.84,0.0,47.85,0.98,1.07,40.14,0.0,57.76,48.98,47.47,46.75,-118,-2.2
2026-07-31 10:12:50,Lobby Civil,65.74,Mixed,64.63,66.94,Group 5 (Vehicle),65.77,0.0,0.0,0.0,65.55,28.86,0.56,0.82,5.21,64.63,67.09,65.74,64.81,-90,8.5
2026-07-31 10:12:58,Pasillo Decanato Civil,40.89,Silence,0.0,41.95,Silence,0.0,0.0,0.0,0.0,0.0,0.0,0.0,0.0,0.0,0.0,42.31,40.65,39.22,-115,3.8
2026-07-31 10:14:12,Salón - Extremo Eléctrica,64.65,Group 5 (Vehicle),77.3,65.22,Group 1 (Common),64.78,0.0,0.0,0.0,64.53,22.27,0.22,0.0,0.22,77.3,65.61,64.39,63.99,-89,9.2
2026-07-31 10:14:19,Laboratorios Eléctrica Superior,43.13,Silence,0.0,44.18,Silence,0.0,0.0,0.0,0.0,0.0,0.0,0.0,0.0,0.0,0.0,44.26,42.89,42.32,-99,12.0
2026-07-31 10:14:37,Salón - Uma Civil,37.41,Silence,0.0,38.36,Silence,0.0,0.0,0.0,0.0,0.0,0.0,0.0,0.0,0.0,0.0,38.3,38.0,35.69,-120,-5.5
2026-07-31 10:14:39,Pasillo Decanato Eléctrica,56.32,Group 1 (Common),98.91,58.44,Group 1 (Common),56.64,0.0,0.0,0.0,0.0,98.91,0.04,0.0,0.09,0.74,58.3,56.18,54.82,-103,11.8
2026-07-31 10:15:06,Laboratorios Civil Central,60.72,Group 1 (Common),88.23,62.24,Group 1 (Common),60.82,0.0,0.0,0.0,60.1,88.23,3.03,0.39,1.56,6.64,62.67,60.64,59.38,-107,12.5
2026-07-31 10:15:11,Laboratorios Eléctrica Inferior,50.97,Mixed,51.82,52.62,Group 5 (Vehicle),49.66,51.59,0.0,0.0,50.61,20.83,22.83,1.0,3.47,51.82,53.24,49.92,47.9,-120,-5.2
2026-07-31 10:15:20,Lobby Eléctrica,67.15,Mixed,52.52,70.43,Group 1 (Common),68.31,0.0,0.0,66.45,0.0,52.52,1.43,0.09,45.83,0.04,70.82,67.47,63.48,-105,11.5
2026-07-31 10:15:23,Laboratorios Civil Inferior,48.64,Mixed,66.85,51.28,Group 1 (Common),48.98,0.0,0.0,0.0,48.24,66.85,14.84,0.0,1.32,16.89,51.36,47.29,46.31,-119,-2.5
2026-07-31 10:15:28,Pasillo Salones Eléctrica,45.68,Mixed,56.68,46.54,Group 1 (Common),46.38,45.8,0.0,0.0,46.05,18.45,56.68,0.22,0.43,24.05,46.52,45.8,44.45,-101,12.2
2026-07-31 10:15:38,Salón - Uma Eléctrica,43.41,Silence,0.0,43.97,Silence,0.0,0.0,0.0,0.0,0.0,0.0,0.0,0.0,0.0,0.0,43.92,43.46,42.44,-109,6.5
2026-07-31 10:16:05,Salón - Extremo Civil,57.39,Group 2 (Impact),90.41,57.96,Group 2 (Impact),0.0,57.32,0.0,0.0,57.22,0.0,90.41,1.0,1.04,7.6,57.89,57.49,56.75,-108,8.0
2026-07-31 10:16:09,Pasillo Salones Civil,46.01,Group 2 (Impact),97.83,46.95,Group 2 (Impact),0.0,46.25,0.0,0.0,0.0,0.0,97.83,0.0,1.26,1.13,46.69,45.95,45.34,-111,3.2
2026-07-31 10:16:22,Laboratorios Civil Superior,49.25,Group 1 (Common),83.64,50.0,Group 1 (Common),49.14,0.0,0.0,0.0,0.0,83.64,0.22,0.39,0.09,15.71,50.29,49.35,47.62,-113,5.5
2026-07-31 10:16:31,Laboratorios Eléctrica Centro,69.38,Group 1 (Common),81.68,73.59,Group 1 (Common),67.28,0.0,0.0,67.94,0.0,81.68,0.65,0.0,17.66,0.0,74.2,66.77,61.48,-101,12.2
2026-07-31 10:17:50,Lobby Civil,63.17,Group 5 (Vehicle),80.03,64.78,Group 1 (Common),64.35,0.0,0.0,0.0,62.97,17.01,0.3,0.0,2.47,80.03,64.91,62.93,62.06,-99,11.5
2026-07-31 10:17:58,Pasillo Decanato Civil,39.36,Silence,0.0,40.05,Silence,0.0,0.0,0.0,0.0,0.0,0.0,0.0,0.0,0.0,0.0,40.26,39.4,38.45,-117,
2026-07-31 10:19:12,Salón - Extremo Eléctrica,56.46,Mixed,39.93,57.05,Group 2 (Impact),56.33,56.53,0.0,0.0,56.32,39.93,24.83,0.0,3.95,31.16,57.07,56.59,55.66,-93,11.2
2026-07-31 10:19:19,Laboratorios Eléctrica Superior,53.46,Mixed,63.67,55.24,Group 2 (Impact),53.4,54.31,0.0,0.0,0.0,63.67,21.58,9.52,1.22,3.96,55.92,52.73,49.04,-101,8.5
2026-07-31 10:19:43,Salón - Uma Civil,36.82,Silence,0.0,38.43,Silence,0.0,0.0,0.0,0.0,0.0,0.0,0.0,0.0,0.0,0.0,38.69,36.76,35.19,-101,8.8
2026-07-31 10:19:43,Pasillo Decanato Eléctrica,55.96,Group 1 (Common),99.61,56.71,Group 1 (Common),56.05,0.0,0.0,0.0,0.0,99.61,0.0,0.0,0.04,0.0,56.47,56.02,55.15,-107,10.8
2026-07-31 10:20:06,Laboratorios Civil Central,55.95,Group 1 (Common),89.21,59.43,Group 1 (Common),56.96,0.0,0.0,0.0,0.0,89.21,0.15,0.0,0.34,10.11,58.75,55.33,53.55,-111,5.8
2026-07-31 10:20:11,Laboratorios Eléctrica Inferior,51.77,Group 1 (Common),98.88,52.73,Group 1 (Common),52.0,0.0,0.0,0.0,0.0,98.88,0.0,0.05,0.05,0.98,52.81,51.31,50.63,-114,6.8
2026-07-31 10:20:20,Lobby Eléctrica,45.02,Mixed,59.38,52.94,Group 1 (Common),50.78,0.0,43.34,0.0,0.0,32.03,4.73,59.38,0.22,3.6,51.91,42.19,40.81,-115,2.5
2026-07-31 10:20:23,Laboratorios Civil Inferior,47.86,Group 2 (Impact),73.96,51.32,Group 2 (Impact),49.04,48.77,0.0,0.0,0.0,16.41,73.96,1.22,3.21,5.21,50.35,48.7,42.91,-107,3.0
2026-07-31 10:20:28,Pasillo Salones Eléctrica,33.44,Silence,0.0,34.22,Silence,0.0,0.0,0.0,0.0,0.0,0.0,0.0,0.0,0.0,0.0,33.98,33.33,32.55,-115,2.2
2026-07-31 10:20:38,Salón - Uma Eléctrica,42.87,Silence,0.0,43.24,Silence,0.0,0.0,0.0,0.0,0.0,0.0,0.0,0.0,0.0,0.0,43.74,42.86,42.33,-115,2.5
2026-07-31 10:21:05,Salón - Extremo Civil,42.41,Silence,0.0,45.48,Silence,0.0,0.0,0.0,0.0,0.0,0.0,0.0,0.0,0.0,0.0,46.44,42.24,33.19,-79,12.0
2026-07-31 10:21:09,Pasillo Salones Civil,38.55,Silence,0.0,39.72,Silence,0.0,0.0,0.0,0.0,0.0,0.0,0.0,0.0,0.0,0.0,39.28,38.69,37.71,-117,1.5
2026-07-31 10:21:22,Laboratorios Civil Superior,49.49,Group 1 (Common),89.55,50.53,Group 1 (Common),49.39,0.0,0.0,0.0,49.09,89.55,0.05,0.05,0.0,10.3,51.03,49.11,48.81,-111,5.0
2026-07-31 10:21:31,Laboratorios Eléctrica Centro,68.71,Group 4 (Person),88.76,72.24,Group 1 (Common),71.38,0.0,0.0,67.86,0.0,10.89,0.04,0.0,88.76,0.04,73.54,67.2,65.92,-105,8.2
2026-07-31 10:22:50,Lobby Civil,70.25,Group 5 (Vehicle),80.38,72.84,Group 4 (Person),0.0,0.0,0.0,71.49,69.3,0.0,2.26,4.38,12.76,80.38,73.46,68.43,65.84,-96,12.5
2026-07-31 10:22:58,Pasillo Decanato Civil,45.58,Mixed,37.28,48.64,Group 2 (Impact),43.69,48.24,47.36,0.0,0.0,37.28,36.85,12.76,5.08,8.12,50.41,43.95,40.23,-95,13.5
2026-07-31 10:24:12,Salón - Extremo Eléctrica,64.9,Group 1 (Common),75.35,65.7,Group 1 (Common),64.86,0.0,0.0,0.0,0.0,75.35,23.18,0.0,0.0,1.26,65.75,64.74,64.0,-89,12.5
2026-07-31 10:24:20,Laboratorios Eléctrica Superior,58.9,Group 1 (Common),87.24,65.41,Group 4 (Person),54.6,0.0,0.0,64.29,0.0,87.24,0.04,0.0,12.37,0.17,66.84,53.0,43.8,-101,11.5
2026-07-31 10:24:37,Salón - Uma Civil,37.86,Silence,0.0,39.11,Silence,0.0,0.0,0.0,0.0,0.0,0.0,0.0,0.0,0.0,0.0,39.25,37.76,36.59,-108,8.8
2026-07-31 10:24:39,Pasillo Decanato Eléctrica,55.62,Group 1 (Common),99.0,56.4,Group 1 (Common),55.61,0.0,0.0,0.0,0.0,99.0,0.09,0.0,0.09,0.65,56.61,55.87,54.13,-105,9.2
2026-07-31 10:25:06,Laboratorios Civil Central,56.42,Group 1 (Common),97.7,57.85,Group 1 (Common),56.71,0.0,0.0,0.0,0.0,97.7,0.0,0.0,0.0,2.21,57.06,56.55,55.3,-107,6.0
2026-07-31 10:25:11,Laboratorios Eléctrica Inferior,52.21,Group 1 (Common),81.35,55.12,Group 1 (Common),52.83,0.0,0.0,0.0,0.0,81.35,0.0,0.05,0.39,18.21,53.41,51.65,50.9,-111,7.2
2026-07-31 10:25:20,Lobby Eléctrica,53.76,Mixed,53.43,54.89,Group 1 (Common),53.63,0.0,53.24,0.0,0.0,53.43,0.13,46.35,0.04,0.0,54.53,53.82,52.17,-119,0.8
2026-07-31 10:25:23,Laboratorios Civil Inferior,45.67,Mixed,56.94,47.44,Group 1 (Common),46.02,44.27,0.0,0.0,46.28,56.94,28.78,0.3,3.08,10.89,48.23,44.86,43.43,-119,-2.2
2026-07-31 10:25:28,Pasillo Salones Eléctrica,48.15,Group 2 (Impact),70.05,50.31,Group 1 (Common),49.8,47.7,0.0,0.0,0.0,9.77,70.05,0.26,3.34,16.58,50.86,47.76,46.83,-111,1.2
2026-07-31 10:25:38,Salón - Uma Eléctrica,43.37,Silence,0.0,44.52,Silence,0.0,0.0,0.0,0.0,0.0,0.0,0.0,0.0,0.0,0.0,44.09,43.48,42.3,-118,-1.8
2026-07-31 10:26:05,Salón - Extremo Civil,58.79,Group 2 (Impact),99.61,59.69,Group 2 (Impact),0.0,58.83,0.0,0.0,0.0,0.0,99.61,0.0,0.0,0.0,59.72,58.71,57.89,-85,11.5
2026-07-31 10:26:09,Pasillo Salones Civil,46.88,Group 2 (Impact),93.45,48.01,Group 2 (Impact),0.0,47.17,0.0,0.0,0.0,0.0,93.45,0.17,0.39,6.16,47.47,46.92,46.13,-93,6.8
2026-07-31 10:26:22,Laboratorios Civil Superior,49.74,Group 1 (Common),80.37,51.86,Group 1 (Common),49.78,0.0,0.0,0.0,0.0,80.37,0.15,1.17,0.29,18.12,52.49,48.94,48.24,-105,11.8
2026-07-31 10:26:31,Laboratorios Eléctrica Centro,52.22,Mixed,48.87,55.68,Group 1 (Common),53.28,0.0,49.86,0.0,50.88,48.87,0.09,16.02,0.52,34.24,57.03,51.19,49.46,-109,9.8
2026-07-31 10:27:51,Lobby Civil,70.69,Mixed,38.57,74.52,Group 2 (Impact),68.74,73.84,0.0,0.0,70.55,30.03,23.39,0.05,8.01,38.57,75.3,68.01,65.68,-87,12.2
2026-07-31 10:27:58,Pasillo Decanato Civil,40.8,Silence,0.0,42.95,Silence,0.0,0.0,0.0,0.0,0.0,0.0,0.0,0.0,0.0,0.0,42.49,40.8,38.85,-115,3.2
2026-07-31 10:29:12,Salón - Extremo Eléctrica,64.93,Mixed,61.89,65.49,Group 1 (Common),64.94,64.64,0.0,0.0,0.0,61.89,36.94,0.0,0.95,0.0,65.68,64.74,64.36,-106,8.8
2026-07-31 10:29:19,Laboratorios Eléctrica Superior,43.02,Silence,0.0,44.57,Silence,0.0,0.0,0.0,0.0,0.0,0.0,0.0,0.0,0.0,0.0,44.78,42.53,41.76,-101,12.5
2026-07-31 10:29:37,Salón - Uma Civil,38.15,Silence,0.0,40.51,Silence,0.0,0.0,0.0,0.0,0.0,0.0,0.0,0.0,0.0,0.0,40.59,37.77,36.81,-109,9.5
2026-07-31 10:29:39,Pasillo Decanato Eléctrica,55.61,Group 1 (Common),99.61,56.3,Group 1 (Common),55.68,0.0,0.0,0.0,0.0,99.61,0.0,0.0,0.0,0.0,56.22,55.57,54.82,-109,10.5
2026-07-31 10:30:11,Laboratorios Civil Central,62.01,Group 1 (Common),99.52,64.52,Group 1 (Common),62.79,0.0,0.0,0.0,0.0,99.52,0.0,0.0,0.0,0.17,64.45,61.62,57.35,-118,-12.5
2026-07-31 10:30:11,Laboratorios Eléctrica Inferior,48.92,Group 1 (Common),79.73,50.58,Group 1 (Common),49.21,0.0,0.0,0.0,0.0,79.73,2.17,0.0,0.95,17.06,49.88,48.98,48.01,-111,8.0
2026-07-31 10:30:20,Lobby Eléctrica,56.51,Group 1 (Common),87.67,59.52,Group 1 (Common),57.59,0.0,55.01,0.0,0.0,87.67,0.0,12.07,0.04,0.04,58.4,55.36,54.68,-102,11.0
2026-07-31 10:30:23,Laboratorios Civil Inferior,49.41,Mixed,40.67,51.47,Group 2 (Impact),48.68,49.35,49.43,0.0,50.74,23.05,22.27,8.03,6.03,40.67,51.9,49.25,45.59,-120,-10.0
2026-07-31 10:30:28,Pasillo Salones Eléctrica,53.86,Mixed,33.94,64.9,Group 3 (Rotary Tool),57.44,53.68,62.07,0.0,53.77,33.94,29.56,21.79,0.91,13.89,59.95,50.9,47.53,-105,11.5
2026-07-31 10:30:38,Salón - Uma Eléctrica,43.25,Silence,0.0,43.89,Silence,0.0,0.0,0.0,0.0,0.0,0.0,0.0,0.0,0.0,0.0,43.99,43.03,42.47,-108,6.5
2026-07-31 10:31:05,Salón - Extremo Civil,57.89,Group 2 (Impact),99.61,58.48,Group 2 (Impact),0.0,57.83,0.0,0.0,0.0,0.0,99.61,0.0,0.09,0.0,58.51,57.94,57.38,-107,9.2
2026-07-31 10:31:09,Pasillo Salones Civil,46.82,Mixed,66.75,47.15,Group 2 (Impact),0.0,47.42,0.0,0.0,47.56,0.0,66.75,0.69,0.74,31.68,47.11,46.81,46.53,-117,1.2
2026-07-31 10:31:22,Laboratorios Civil Superior,54.77,Group 1 (Common),77.0,57.32,Group 1 (Common),55.28,0.0,55.95,0.0,0.0,77.0,0.13,21.18,0.04,1.52,57.67,53.86,52.06,-114,5.5
2026-07-31 10:31:31,Laboratorios Eléctrica Centro,53.74,Mixed,57.77,56.73,Group 1 (Common),53.85,0.0,48.9,0.0,55.03,57.77,5.16,11.59,5.95,19.57,57.45,53.28,48.42,-105,12.2
2026-07-31 10:32:51,Lobby Civil,74.59,Mixed,67.04,77.24,Group 1 (Common),73.73,0.0,0.0,74.58,0.0,67.04,4.74,0.78,21.19,6.2,78.22,72.88,71.48,-97,13.5
2026-07-31 10:32:58,Pasillo Decanato Civil,51.57,Mixed,51.37,54.29,Group 5 (Vehicle),51.25,52.85,0.0,0.0,53.97,51.37,23.88,0.39,0.88,23.54,55.34,49.99,48.92,-111,7.5
2026-07-31 10:34:12,Salón - Extremo Eléctrica,64.82,Mixed,62.98,65.55,Group 2 (Impact),64.59,64.83,0.0,0.0,0.0,28.04,62.98,0.0,4.04,4.95,65.71,64.64,64.21,-90,11.0
2026-07-31 10:34:20,Laboratorios Eléctrica Superior,56.3,Group 1 (Common),80.86,60.06,Group 1 (Common),55.95,49.11,0.0,0.0,0.0,80.86,11.89,1.87,2.13,3.26,60.44,54.79,45.13,-103,12.8
2026-07-31 10:34:37,Salón - Uma Civil,37.93,Silence,0.0,39.04,Silence,0.0,0.0,0.0,0.0,0.0,0.0,0.0,0.0,0.0,0.0,38.76,38.18,36.62,-120,-6.8
2026-07-31 10:34:39,Pasillo Decanato Eléctrica,56.05,Group 1 (Common),99.56,56.68,Group 1 (Common),56.04,0.0,0.0,0.0,0.0,99.56,0.0,0.0,0.0,0.1,56.76,55.85,55.63,-107,10.5
2026-07-31 10:35:06,Laboratorios Civil Central,59.01,Group 1 (Common),99.31,60.97,Group 1 (Common),58.41,0.0,0.0,0.0,0.0,99.31,0.09,0.0,0.0,0.48,61.59,58.54,55.15,-103,11.0
2026-07-31 10:35:11,Laboratorios Eléctrica Inferior,54.22,Mixed,65.8,56.1,Group 5 (Vehicle),52.78,0.0,0.0,0.0,55.19,65.8,0.0,0.0,0.13,33.98,56.55,54.28,51.28,-118,-7.5
2026-07-31 10:35:23,Lobby Eléctrica,63.72,Group 1 (Common),99.44,66.72,Group 1 (Common),64.05,0.0,0.0,0.0,0.0,99.44,0.0,0.0,0.3,0.0,67.69,61.96,60.42,-102,11.5
2026-07-31 10:35:23,Laboratorios Civil Inferior,53.8,Mixed,66.8,57.73,Group 1 (Common),53.5,0.0,0.0,0.0,53.44,66.8,6.08,1.61,1.09,24.57,59.54,51.51,49.45,-120,-10.0
2026-07-31 10:35:28,Pasillo Salones Eléctrica,47.08,Group 2 (Impact),71.27,47.58,Group 2 (Impact),47.31,47.08,0.0,0.0,0.0,21.44,71.27,0.0,1.78,5.64,47.64,47.21,46.01,-99,12.2
2026-07-31 10:35:38,Salón - Uma Eléctrica,42.93,Silence,0.0,43.67,Silence,0.0,0.0,0.0,0.0,0.0,0.0,0.0,0.0,0.0,0.0,43.48,42.86,42.21,-113,4.8
2026-07-31 10:36:05,Salón - Extremo Civil,57.82,Group 2 (Impact),97.05,58.14,Group 2 (Impact),0.0,57.79,0.0,0.0,0.0,0.04,97.05,0.0,2.21,0.56,58.18,57.84,57.57,-78,9.5
2026-07-31 10:36:10,Pasillo Salones Civil,47.1,Group 2 (Impact),75.61,47.75,Group 2 (Impact),0.0,47.43,0.0,0.0,47.55,0.0,75.61,0.74,2.6,20.96,47.3,47.22,46.67,-102,9.5
2026-07-31 10:36:22,Laboratorios Civil Superior,65.63,Group 1 (Common),94.53,67.48,Group 1 (Common),65.58,0.0,0.0,0.0,0.0,94.53,0.0,0.17,0.0,5.21,67.58,65.58,62.96,-109,10.2
2026-07-31 10:36:31,Laboratorios Eléctrica Centro,62.87,Mixed,49.96,66.76,Group 1 (Common),64.22,0.0,48.99,62.56,54.48,49.96,0.56,16.75,18.01,14.58,67.15,62.83,47.98,-105,11.2
2026-07-31 10:37:51,Lobby Civil,67.58,Group 1 (Common),82.51,69.46,Group 1 (Common),67.39,0.0,0.0,0.0,66.71,82.51,0.0,0.0,0.52,16.97,69.78,66.72,66.26,-109,9.0
2026-07-31 10:37:58,Pasillo Decanato Civil,42.09,Silence,0.0,43.11,Silence,0.0,0.0,0.0,0.0,0.0,0.0,0.0,0.0,0.0,0.0,43.21,42.29,40.42,-114,4.0
2026-07-31 10:39:12,Salón - Extremo Eléctrica,65.12,Group 1 (Common),76.39,65.7,Group 1 (Common),65.09,64.48,0.0,0.0,0.0,76.39,20.62,0.0,1.17,1.87,65.65,65.14,64.32,-93,11.8
2026-07-31 10:39:20,Laboratorios Eléctrica Superior,49.76,Group 1 (Common),77.52,53.04,Group 1 (Common),50.12,0.0,0.0,0.0,50.32,77.52,0.0,0.26,0.04,22.05,51.91,50.17,46.29,-118,-5.2
2026-07-31 10:39:37,Salón - Uma Civil,39.75,Silence,0.0,40.96,Silence,0.0,0.0,0.0,0.0,0.0,0.0,0.0,0.0,0.0,0.0,40.89,39.7,37.78,-119,-4.0
2026-07-31 10:39:39,Pasillo Decanato Eléctrica,55.64,Group 1 (Common),99.22,56.72,Group 1 (Common),55.47,0.0,0.0,0.0,0.0,99.22,0.24,0.0,0.29,0.1,56.72,55.38,54.62,-107,11.0
2026-07-31 10:40:06,Laboratorios Civil Central,63.33,Group 1 (Common),99.61,66.83,Group 1 (Common),61.93,0.0,0.0,0.0,0.0,99.61,0.0,0.0,0.0,0.0,67.38,61.89,60.23,-102,12.0
2026-07-31 10:40:11,Laboratorios Eléctrica Inferior,50.07,Group 1 (Common),82.55,51.78,Group 1 (Common),50.33,0.0,0.0,0.0,0.0,82.55,0.87,0.0,0.35,16.1,51.68,49.56,48.88,-108,8.5
2026-07-31 10:40:20,Lobby Eléctrica,64.66,Mixed,40.23,65.78,Group 3 (Rotary Tool),64.86,0.0,64.66,0.0,64.28,21.31,0.65,37.76,0.0,40.23,65.43,64.82,63.7,-117,0.2
2026-07-31 10:40:23,Laboratorios Civil Inferior,68.31,Mixed,47.53,72.28,Group 5 (Vehicle),70.93,62.53,0.0,0.0,69.49,31.42,11.98,7.73,1.39,47.53,72.66,64.69,59.29,-119,1.2
2026-07-31 10:40:36,Pasillo Salones Eléctrica,50.29,Mixed,53.91,51.21,Group 5 (Vehicle),0.0,49.92,0.0,0.0,50.55,0.3,37.8,4.99,2.99,53.91,51.49,50.27,49.4,-102,11.8
2026-07-31 10:40:38,Salón - Uma Eléctrica,43.61,Silence,0.0,44.24,Silence,0.0,0.0,0.0,0.0,0.0,0.0,0.0,0.0,0.0,0.0,44.21,43.55,42.79,-115,4.0
2026-07-31 10:41:05,Salón - Extremo Civil,52.98,Mixed,69.18,53.66,Group 5 (Vehicle),53.15,52.79,0.0,0.0,53.48,16.02,69.18,0.09,2.43,12.24,53.78,52.96,52.11,-119,-11.5
2026-07-31 10:41:10,Pasillo Salones Civil,56.2,Group 5 (Vehicle),88.98,56.78,Group 5 (Vehicle),0.0,0.0,0.0,0.0,56.24,1.13,6.12,2.69,1.13,88.98,56.69,56.15,55.64,-117,4.5
2026-07-31 10:41:22,Laboratorios Civil Superior,53.04,Group 1 (Common),94.97,55.61,Group 1 (Common),53.42,0.0,0.0,0.0,0.0,94.97,0.0,4.25,0.09,0.56,55.49,53.57,50.69,-107,11.0
2026-07-31 10:41:31,Laboratorios Eléctrica Centro,59.2,Group 1 (Common),89.8,61.63,Group 1 (Common),58.51,0.0,0.0,0.0,0.0,89.8,1.74,1.22,4.86,2.3,62.46,59.12,56.43,-105,11.8
2026-07-31 10:42:51,Lobby Civil,64.61,Mixed,37.02,68.16,Group 4 (Person),63.67,60.65,0.0,66.31,0.0,37.02,31.9,0.39,22.66,8.07,68.94,64.38,59.7,-94,11.5
2026-07-31 10:42:58,Pasillo Decanato Civil,66.66,Mixed,61.98,69.21,Group 4 (Person),65.46,0.0,0.0,67.94,0.0,61.98,0.69,0.74,30.38,6.21,68.66,66.7,59.17,-113,6.0
2026-07-31 10:44:12,Salón - Extremo Eléctrica,61.98,Group 5 (Vehicle),82.52,62.4,Group 5 (Vehicle),61.98,0.0,0.0,0.0,61.84,14.16,2.39,0.05,0.88,82.52,62.47,62.22,61.09,-109,8.8
2026-07-31 10:44:20,Laboratorios Eléctrica Superior,56.72,Group 1 (Common),91.84,58.98,Group 1 (Common),57.17,0.0,0.0,0.0,0.0,91.84,0.09,0.0,0.65,7.38,59.49,56.64,53.27,-97,11.5
2026-07-31 10:44:37,Salón - Uma Civil,41.07,Silence,0.0,41.88,Silence,0.0,0.0,0.0,0.0,0.0,0.0,0.0,0.0,0.0,0.0,41.81,41.18,40.43,-118,-4.2
2026-07-31 10:44:39,Pasillo Decanato Eléctrica,55.34,Group 1 (Common),99.57,56.08,Group 1 (Common),55.21,0.0,0.0,0.0,0.0,99.57,0.04,0.0,0.09,0.09,56.06,55.46,54.25,-103,5.0
2026-07-31 10:45:11,Laboratorios Eléctrica Inferior,50.27,Group 1 (Common),76.69,51.94,Group 1 (Common),50.76,0.0,0.0,0.0,0.0,76.69,1.13,0.09,1.04,21.05,51.53,50.17,49.35,-107,-10.5
2026-07-31 10:45:20,Lobby Eléctrica,61.62,Group 1 (Common),88.72,64.22,Group 1 (Common),61.25,0.0,0.0,0.0,0.0,88.72,1.37,1.86,1.46,6.54,64.48,60.84,57.73,-93,12.5
2026-07-31 10:45:23,Laboratorios Civil Inferior,58.46,Mixed,39.24,62.21,Group 3 (Rotary Tool),52.09,0.0,59.77,0.0,0.0,39.24,9.2,30.21,2.82,18.49,63.07,58.79,50.5,-114,3.5
2026-07-31 10:45:28,Pasillo Salones Eléctrica,50.71,Mixed,50.04,51.41,Group 5 (Vehicle),0.0,50.46,0.0,0.0,50.77,1.43,42.71,2.0,3.73,50.04,51.53,50.58,50.17,-97,12.5
2026-07-31 10:45:48,Salón - Uma Eléctrica,44.01,Silence,0.0,44.83,Silence,0.0,0.0,0.0,0.0,0.0,0.0,0.0,0.0,0.0,0.0,44.85,43.98,42.47,-117,3.0
2026-07-31 10:46:05,Salón - Extremo Civil,55.39,Group 5 (Vehicle),78.56,56.45,Group 5 (Vehicle),55.37,52.83,0.0,0.0,55.56,6.93,13.23,0.15,0.93,78.56,56.73,54.81,54.08,-83,12.8
2026-07-31 10:46:10,Pasillo Salones Civil,69.64,Mixed,65.19,72.63,Group 1 (Common),68.9,0.0,0.0,0.0,67.43,34.46,0.0,0.04,0.17,65.19,73.51,68.52,62.16,-113,0.5
2026-07-31 10:46:22,Laboratorios Civil Superior,65.97,Group 1 (Common),97.57,67.7,Group 1 (Common),66.09,0.0,0.0,0.0,0.0,97.57,0.04,0.0,0.22,2.08,67.77,66.4,61.08,-108,4.0
2026-07-31 10:46:31,Laboratorios Eléctrica Centro,56.33,Group 1 (Common),93.21,60.96,Group 1 (Common),56.96,0.0,0.0,0.0,0.0,93.21,0.0,0.0,6.59,0.15,59.39,55.66,52.77,-109,9.8
2026-07-31 10:47:51,Lobby Civil,67.96,Mixed,55.03,69.73,Group 1 (Common),69.44,0.0,67.05,0.0,67.68,10.33,8.12,23.13,3.26,55.03,69.43,68.31,64.53,-102,11.5
2026-07-31 10:47:58,Pasillo Decanato Civil,57.49,Mixed,41.71,64.85,Group 4 (Person),0.0,54.17,49.05,56.25,55.0,1.3,24.05,41.71,7.73,25.35,66.32,49.48,47.18,-97,11.8
2026-07-31 10:49:12,Salón - Extremo Eléctrica,61.72,Group 5 (Vehicle),79.79,62.32,Group 5 (Vehicle),61.68,0.0,0.0,0.0,61.72,19.53,0.39,0.0,0.24,79.79,62.57,61.69,60.76,-111,6.5
2026-07-31 10:49:20,Laboratorios Eléctrica Superior,54.93,Mixed,56.34,56.69,Group 2 (Impact),55.42,55.0,0.0,0.0,55.39,21.83,56.34,3.21,5.86,12.76,55.95,54.88,53.29,-102,12.0
2026-07-31 10:49:37,Salón - Uma Civil,41.98,Silence,0.0,43.04,Silence,0.0,0.0,0.0,0.0,0.0,0.0,0.0,0.0,0.0,0.0,43.07,41.93,41.22,-101,12.2
2026-07-31 10:49:39,Pasillo Decanato Eléctrica,55.76,Group 1 (Common),99.57,56.81,Group 1 (Common),55.95,0.0,0.0,0.0,0.0,99.57,0.0,0.04,0.04,0.09,56.76,55.75,53.77,-108,7.5
2026-07-31 10:50:06,Laboratorios Civil Central,62.01,Group 1 (Common),99.09,63.64,Group 1 (Common),61.9,0.0,0.0,0.0,0.0,99.09,0.0,0.17,0.13,0.43,63.95,62.06,59.61,-108,8.5
2026-07-31 10:50:11,Laboratorios Eléctrica Inferior,48.9,Mixed,47.79,50.18,Group 4 (Person),48.73,0.0,49.76,49.77,48.59,26.13,1.74,11.46,12.72,47.79,50.38,48.84,47.56,-120,-10.5
2026-07-31 10:50:20,Lobby Eléctrica,60.21,Group 1 (Common),79.95,61.72,Group 1 (Common),60.43,0.0,59.87,0.0,0.0,79.95,1.69,17.53,0.26,0.43,61.46,60.44,59.0,-88,9.2
2026-07-31 10:50:23,Laboratorios Civil Inferior,67.08,Mixed,32.57,72.58,Group 2 (Impact),54.54,66.81,62.97,0.0,57.58,22.36,18.99,24.66,1.42,32.57,72.68,58.59,53.79,-117,-0.2
2026-07-31 10:50:28,Pasillo Salones Eléctrica,50.33,Mixed,43.58,50.86,Group 2 (Impact),0.0,50.49,50.1,0.0,0.0,0.0,43.58,41.93,1.26,13.24,50.89,50.39,49.83,-115,1.8
2026-07-31 10:50:38,Salón - Uma Eléctrica,43.46,Silence,0.0,44.12,Silence,0.0,0.0,0.0,0.0,0.0,0.0,0.0,0.0,0.0,0.0,44.04,43.52,43.07,-117,3.5
2026-07-31 10:51:05,Salón - Extremo Civil,53.88,Mixed,52.39,55.22,Group 1 (Common),54.89,53.02,0.0,0.0,52.21,21.73,52.39,1.17,3.37,21.24,55.13,53.83,51.74,-117,-11.0
2026-07-31 10:51:15,Pasillo Salones Civil,55.23,Mixed,42.09,55.86,Group 5 (Vehicle),0.0,55.03,55.46,0.0,55.35,0.0,27.49,29.49,0.93,42.09,55.54,55.09,54.51,-99,11.0
2026-07-31 10:51:22,Laboratorios Civil Superior,52.74,Mixed,58.29,53.49,Group 2 (Impact),0.0,52.67,0.0,0.0,52.61,3.3,58.29,0.87,4.99,32.51,53.61,52.79,52.14,-111,6.2
2026-07-31 10:51:31,Laboratorios Eléctrica Centro,48.65,Mixed,66.02,49.49,Group 5 (Vehicle),48.42,0.0,48.41,0.0,48.82,22.36,0.1,11.33,0.1,66.02,49.51,48.55,47.98,-119,-4.2
2026-07-31 10:52:51,Lobby Civil,74.57,Mixed,40.49,76.59,Group 5 (Vehicle),0.0,73.38,73.45,73.13,74.61,1.87,22.05,13.37,22.18,40.49,76.86,74.06,71.94,-95,13.2
2026-07-31 10:52:58,Pasillo Decanato Civil,57.13,Group 1 (Common),78.04,60.36,Group 1 (Common),57.49,54.47,0.0,0.0,0.0,78.04,6.16,0.78,9.85,5.16,61.12,55.88,54.29,-97,11.2
2026-07-31 10:54:12,Salón - Extremo Eléctrica,61.52,Group 5 (Vehicle),81.81,62.23,Group 5 (Vehicle),61.54,0.0,0.0,0.0,61.34,17.58,0.35,0.0,0.26,81.81,62.19,61.43,60.89,-106,6.0
2026-07-31 10:54:20,Laboratorios Eléctrica Superior,46.65,Group 1 (Common),94.48,49.29,Group 1 (Common),46.89,0.0,0.0,0.0,0.0,94.48,0.54,0.83,1.03,3.32,49.12,46.02,44.45,-101,10.5
2026-07-31 10:54:37,Salón - Uma Civil,43.7,Silence,0.0,44.61,Silence,0.0,0.0,0.0,0.0,0.0,0.0,0.0,0.0,0.0,0.0,44.49,43.82,42.64,-117,-8.0
2026-07-31 10:54:39,Pasillo Decanato Eléctrica,55.93,Group 1 (Common),99.57,56.57,Group 1 (Common),56.02,0.0,0.0,0.0,0.0,99.57,0.0,0.09,0.09,0.13,56.48,55.94,55.46,-111,9.0
2026-07-31 10:55:06,Laboratorios Civil Central,66.54,Group 1 (Common),96.29,67.72,Group 1 (Common),66.66,0.0,0.0,0.0,0.0,96.29,0.2,0.05,1.27,2.25,67.77,66.47,64.74,-103,12.0
2026-07-31 10:55:11,Laboratorios Eléctrica Inferior,48.95,Mixed,63.11,54.16,Group 5 (Vehicle),48.77,0.0,0.0,0.0,51.39,31.12,3.13,1.35,1.22,63.11,50.78,48.96,47.29,-120,-11.8
2026-07-31 10:55:20,Lobby Eléctrica,72.45,Group 1 (Common),97.57,73.41,Group 1 (Common),72.41,0.0,0.0,0.0,0.0,97.57,0.0,0.0,2.34,0.0,73.64,72.27,71.33,-117,
2026-07-31 10:55:23,Laboratorios Civil Inferior,50.36,Mixed,49.76,51.91,Group 2 (Impact),49.89,50.02,0.0,0.0,0.0,49.76,43.26,0.39,3.47,3.22,51.69,50.75,47.54,-119,-3.2
2026-07-31 10:55:28,Pasillo Salones Eléctrica,51.2,Mixed,49.13,53.09,Group 2 (Impact),0.0,51.79,0.0,0.0,50.93,0.61,49.13,8.77,3.21,38.24,52.67,51.07,50.25,-112,1.5
2026-07-31 10:55:38,Salón - Uma Eléctrica,43.44,Silence,0.0,44.47,Silence,0.0,0.0,0.0,0.0,0.0,0.0,0.0,0.0,0.0,0.0,43.92,43.4,43.11,-113,4.8
2026-07-31 10:56:05,Salón - Extremo Civil,53.53,Group 2 (Impact),76.69,54.32,Group 1 (Common),54.12,53.55,0.0,0.0,0.0,12.98,76.69,0.0,2.86,7.47,53.89,53.54,52.97,-89,12.8
2026-07-31 10:56:10,Pasillo Salones Civil,59.5,Mixed,42.97,61.41,Group 3 (Rotary Tool),0.0,59.28,59.41,0.0,0.0,0.0,40.02,42.97,0.78,16.06,61.84,59.72,57.41,-99,12.8
2026-07-31 10:56:22,Laboratorios Civil Superior,61.48,Mixed,61.59,65.58,Group 1 (Common),61.71,0.0,0.0,0.0,61.03,61.59,0.74,0.0,0.22,37.46,66.29,60.42,56.91,-108,9.2
2026-07-31 10:56:31,Laboratorios Eléctrica Centro,52.1,Mixed,36.11,53.55,Group 3 (Rotary Tool),51.74,0.0,52.62,0.0,50.43,31.34,3.73,28.69,0.09,36.11,53.59,52.65,49.23,-119,-6.0
2026-07-31 10:57:51,Lobby Civil,76.65,Mixed,46.4,77.8,Group 4 (Person),0.0,77.05,75.78,76.95,76.69,0.13,5.95,24.7,46.4,22.92,78.3,76.29,73.81,-101,8.8
2026-07-31 10:57:58,Pasillo Decanato Civil,50.23,Group 3 (Rotary Tool),76.35,52.5,Group 3 (Rotary Tool),0.0,0.0,50.46,0.0,0.0,0.0,20.44,76.35,0.43,2.6,52.9,49.66,48.96,-118,-4.2
2026-07-31 10:59:12,Salón - Extremo Eléctrica,63.27,Group 5 (Vehicle),90.71,64.48,Group 5 (Vehicle),0.0,0.0,0.0,0.0,63.06,8.12,1.0,0.0,0.04,90.71,65.02,63.4,61.23,-108,8.0
2026-07-31 10:59:20,Laboratorios Eléctrica Superior,66.53,Group 1 (Common),99.51,70.64,Group 1 (Common),67.44,0.0,0.0,0.0,0.0,99.51,0.0,0.0,0.1,0.1,71.5,63.58,52.07,-101,11.2
2026-07-31 10:59:37,Salón - Uma Civil,42.86,Silence,0.0,43.59,Silence,0.0,0.0,0.0,0.0,0.0,0.0,0.0,0.0,0.0,0.0,43.55,43.0,41.95,-118,-4.0
2026-07-31 10:59:39,Pasillo Decanato Eléctrica,55.42,Group 1 (Common),99.35,56.16,Group 1 (Common),55.44,0.0,0.0,0.0,0.0,99.35,0.0,0.0,0.22,0.35,56.24,55.31,54.67,-105,9.8
2026-07-31 11:00:06,Laboratorios Civil Central,64.12,Mixed,38.87,64.86,Group 5 (Vehicle),0.0,64.19,0.0,0.0,64.45,2.39,35.11,6.84,16.8,38.87,64.84,63.96,63.56,-102,11.8
2026-07-31 11:00:11,Laboratorios Eléctrica Inferior,51.62,Group 1 (Common),72.17,54.66,Group 5 (Vehicle),51.94,0.0,0.0,0.0,54.23,72.17,0.34,0.0,0.49,26.86,52.97,51.48,49.99,-117,1.8
2026-07-31 11:00:20,Lobby Eléctrica,72.85,Group 1 (Common),74.57,75.82,Group 4 (Person),71.92,0.0,0.0,74.85,0.0,74.57,0.13,0.0,25.3,0.04,76.59,71.73,69.96,-97,12.2
2026-07-31 11:00:23,Laboratorios Civil Inferior,46.05,Group 2 (Impact),74.96,46.73,Group 2 (Impact),0.0,45.98,0.0,0.0,0.0,5.08,74.96,13.32,2.86,3.86,47.04,46.03,44.62,-121,-11.8
2026-07-31 11:00:28,Pasillo Salones Eléctrica,51.74,Group 5 (Vehicle),77.0,53.21,Group 5 (Vehicle),0.0,50.51,0.0,0.0,52.01,0.0,16.15,5.16,1.74,77.0,53.3,51.19,50.43,-95,11.8
2026-07-31 11:00:38,Salón - Uma Eléctrica,43.65,Silence,0.0,44.26,Silence,0.0,0.0,0.0,0.0,0.0,0.0,0.0,0.0,0.0,0.0,44.07,43.6,43.16,-114,0.5
2026-07-31 11:01:05,Salón - Extremo Civil,54.3,Mixed,60.37,55.03,Group 1 (Common),54.57,54.28,0.0,0.0,0.0,12.59,60.37,0.65,4.21,22.22,55.35,54.16,53.69,-102,8.8
2026-07-31 11:01:10,Pasillo Salones Civil,56.81,Mixed,39.45,57.23,Group 5 (Vehicle),0.0,56.81,56.61,0.0,56.97,0.0,39.45,29.25,1.43,29.86,57.33,56.81,56.08,-101,13.2
2026-07-31 11:01:22,Laboratorios Civil Superior,56.51,Group 1 (Common),87.99,58.26,Group 1 (Common),56.69,0.0,0.0,0.0,0.0,87.99,1.71,0.0,0.54,9.77,58.5,55.58,54.35,-114,1.2
2026-07-31 11:01:31,Laboratorios Eléctrica Centro,57.37,Group 1 (Common),78.3,59.18,Group 1 (Common),57.12,0.0,0.0,0.0,57.72,78.3,0.04,0.3,0.0,21.31,59.37,57.34,54.34,-107,8.5
2026-07-31 11:02:51,Lobby Civil,75.36,Mixed,51.56,76.82,Group 2 (Impact),0.0,76.75,75.16,76.1,0.0,0.0,7.64,51.56,34.59,6.16,76.7,75.13,73.05,-99,11.8
2026-07-31 11:02:58,Pasillo Decanato Civil,53.49,Mixed,59.07,54.89,Group 2 (Impact),0.0,53.84,54.21,0.0,53.83,0.0,17.8,20.18,3.04,59.07,55.14,53.32,51.53,-119,-4.2
2026-07-31 11:04:12,Salón - Extremo Eléctrica,62.16,Mixed,68.36,64.18,Group 1 (Common),62.82,0.0,0.0,0.0,62.24,25.48,5.3,0.04,0.69,68.36,64.88,61.28,60.99,-108,9.2
2026-07-31 11:04:20,Laboratorios Eléctrica Superior,45.22,Group 1 (Common),77.69,49.97,Group 1 (Common),43.57,0.0,0.0,0.0,0.0,77.69,3.08,0.22,0.78,18.27,50.42,42.21,40.4,-117,0.2
2026-07-31 11:04:37,Salón - Uma Civil,42.33,Silence,0.0,44.49,Silence,0.0,0.0,0.0,0.0,0.0,0.0,0.0,0.0,0.0,0.0,44.51,42.1,40.27,-103,11.2
2026-07-31 11:04:39,Pasillo Decanato Eléctrica,55.38,Group 1 (Common),99.57,56.23,Group 1 (Common),55.5,0.0,0.0,0.0,0.0,99.57,0.0,0.04,0.13,0.09,56.25,55.38,54.83,-114,7.5
2026-07-31 11:05:06,Laboratorios Civil Central,63.05,Mixed,39.84,64.08,Group 2 (Impact),62.94,63.09,0.0,0.0,62.19,31.55,39.84,1.82,11.76,15.06,64.15,63.25,61.61,-103,9.0
2026-07-31 11:05:11,Laboratorios Eléctrica Inferior,48.51,Mixed,42.97,49.52,Group 1 (Common),48.83,0.0,0.0,0.0,49.09,42.97,12.26,0.24,4.25,40.33,49.08,48.53,47.76,-121,-4.2
2026-07-31 11:05:20,Lobby Eléctrica,70.07,Group 1 (Common),99.39,71.97,Group 1 (Common),69.63,0.0,0.0,0.0,0.0,99.39,0.0,0.04,0.09,0.26,72.47,69.71,67.45,-95,13.0
2026-07-31 11:05:23,Laboratorios Civil Inferior,49.55,Mixed,42.53,50.95,Group 5 (Vehicle),49.96,48.99,0.0,0.0,50.63,42.53,33.03,0.48,3.21,20.7,50.94,49.55,48.3,-119,-8.2
2026-07-31 11:05:28,Pasillo Salones Eléctrica,52.49,Mixed,44.97,53.31,Group 5 (Vehicle),0.0,51.9,0.0,0.0,52.96,0.95,42.4,8.03,3.65,44.97,53.01,52.66,51.4,-99,11.5
2026-07-31 11:05:38,Salón - Uma Eléctrica,43.11,Silence,0.0,43.91,Silence,0.0,0.0,0.0,0.0,0.0,0.0,0.0,0.0,0.0,0.0,44.4,42.74,42.32,-108,1.8
2026-07-31 11:06:05,Salón - Extremo Civil,53.27,Mixed,63.19,55.22,Group 5 (Vehicle),53.3,0.0,0.0,0.0,52.81,30.21,5.43,0.04,1.09,63.19,55.62,53.05,50.66,-105,12.0
2026-07-31 11:06:10,Pasillo Salones Civil,57.86,Mixed,42.4,58.67,Group 2 (Impact),0.0,57.96,57.96,0.0,57.69,0.22,33.85,42.4,2.86,20.75,58.86,57.54,56.93,-114,0.8
2026-07-31 11:06:22,Laboratorios Civil Superior,55.39,Group 1 (Common),76.61,56.59,Group 1 (Common),55.31,0.0,0.0,0.0,53.33,76.61,0.0,0.0,0.0,23.14,56.48,54.95,53.16,-103,11.0
2026-07-31 11:06:31,Laboratorios Eléctrica Centro,48.9,Group 5 (Vehicle),97.35,61.44,Group 5 (Vehicle),0.0,0.0,0.0,0.0,52.76,2.39,0.0,0.22,0.0,97.35,53.45,47.13,45.81,-119,-8.0
2026-07-31 11:07:51,Lobby Civil,91.03,Group 4 (Person),86.77,94.57,Group 4 (Person),0.0,0.0,0.0,88.55,90.9,0.24,0.05,3.27,86.77,9.67,95.62,88.34,82.26,-120,-13.2
2026-07-31 11:07:58,Pasillo Decanato Civil,66.79,Mixed,48.34,69.5,Group 3 (Rotary Tool),0.0,0.0,66.95,0.0,66.93,0.0,11.72,38.62,1.32,48.34,69.33,66.44,60.06,-107,12.5
2026-07-31 11:09:12,Salón - Extremo Eléctrica,57.25,Group 5 (Vehicle),83.46,57.76,Group 5 (Vehicle),57.09,0.0,0.0,0.0,57.19,16.23,0.13,0.0,0.09,83.46,57.72,57.31,56.67,-108,8.5
2026-07-31 11:09:20,Laboratorios Eléctrica Superior,46.89,Group 1 (Common),89.41,57.4,Group 1 (Common),50.52,0.0,0.0,0.0,0.0,89.41,6.73,0.0,1.0,2.99,53.11,43.32,42.72,-103,12.2
2026-07-31 11:09:37,Salón - Uma Civil,51.48,Group 1 (Common),87.02,56.67,Group 1 (Common),53.49,0.0,0.0,0.0,0.0,87.02,11.63,0.0,0.61,0.61,55.63,51.59,43.1,-102,12.0
2026-07-31 11:09:39,Pasillo Decanato Eléctrica,55.33,Group 1 (Common),96.79,55.99,Group 1 (Common),55.18,0.0,0.0,0.0,0.0,96.79,0.65,0.39,0.09,1.91,56.15,55.06,54.73,-108,8.2
2026-07-31 11:10:06,Laboratorios Civil Central,63.25,Group 1 (Common),72.7,64.71,Group 1 (Common),63.33,0.0,0.0,0.0,0.0,72.7,5.6,0.09,3.04,18.53,64.61,63.38,61.56,-103,9.8
2026-07-31 11:10:11,Laboratorios Eléctrica Inferior,49.06,Mixed,49.22,50.46,Group 5 (Vehicle),48.59,0.0,0.0,0.0,49.31,46.61,2.08,0.48,1.69,49.22,50.34,48.79,48.13,-111,10.0
2026-07-31 11:10:20,Lobby Eléctrica,67.27,Group 1 (Common),92.23,68.73,Group 1 (Common),67.3,0.0,0.0,0.0,0.0,92.23,0.95,0.0,0.43,6.38,69.08,67.03,65.21,-119,-2.5
2026-07-31 11:10:23,Laboratorios Civil Inferior,54.4,Group 1 (Common),74.87,57.22,Group 5 (Vehicle),54.19,0.0,0.0,0.0,56.31,74.87,0.13,0.0,0.04,24.83,57.41,54.16,51.19,-115,3.5
2026-07-31 11:10:29,Pasillo Salones Eléctrica,50.83,Group 2 (Impact),79.49,51.62,Group 2 (Impact),0.0,50.91,0.0,0.0,0.0,1.46,79.49,0.88,2.73,15.14,51.8,50.67,50.07,-117,2.0
2026-07-31 11:10:38,Salón - Uma Eléctrica,43.95,Silence,0.0,44.64,Silence,0.0,0.0,0.0,0.0,0.0,0.0,0.0,0.0,0.0,0.0,44.64,43.86,43.35,-115,5.5
2026-07-31 11:11:05,Salón - Extremo Civil,53.17,Mixed,51.39,54.02,Group 1 (Common),52.91,52.66,0.0,0.0,0.0,51.39,29.51,3.65,0.35,15.06,54.31,52.79,51.72,-85,13.2
2026-07-31 11:11:10,Pasillo Salones Civil,56.16,Mixed,60.07,56.92,Group 5 (Vehicle),0.0,56.4,0.0,0.0,56.98,0.13,60.07,4.56,2.52,32.55,56.67,56.32,55.34,-115,4.2
2026-07-31 11:11:22,Laboratorios Civil Superior,55.18,Group 1 (Common),79.17,55.83,Group 1 (Common),55.31,0.0,0.0,0.0,53.6,79.17,0.91,0.48,0.3,18.88,55.92,55.28,54.17,-110,5.2
2026-07-31 11:11:31,Laboratorios Eléctrica Centro,47.38,Mixed,59.16,48.93,Group 3 (Rotary Tool),0.0,0.0,47.87,0.0,47.23,10.42,1.0,29.34,0.04,59.16,48.77,47.25,46.35,-118,-6.2
2026-07-31 11:12:51,Lobby Civil,76.53,Mixed,46.68,79.61,Group 4 (Person),0.0,0.0,0.0,77.27,75.89,6.88,4.93,2.64,38.72,46.68,79.83,75.19,71.89,-101,11.8
2026-07-31 11:12:58,Pasillo Decanato Civil,51.73,Group 3 (Rotary Tool),72.51,54.25,Group 3 (Rotary Tool),0.0,49.39,50.71,0.0,0.0,0.0,20.31,72.51,3.86,3.32,54.75,50.36,47.59,-99,9.5
2026-07-31 11:14:12,Salón - Extremo Eléctrica,32.32,Silence,0.0,34.21,Silence,0.0,0.0,0.0,0.0,0.0,0.0,0.0,0.0,0.0,0.0,34.05,32.81,28.53,-109,8.5
2026-07-31 11:14:20,Laboratorios Eléctrica Superior,56.65,Group 1 (Common),90.02,71.58,Group 1 (Common),63.62,0.0,0.0,0.0,0.0,90.02,1.09,4.64,0.09,4.12,64.61,49.34,44.37,-105,12.2
2026-07-31 11:14:37,Salón - Uma Civil,38.28,Silence,0.0,39.55,Silence,0.0,0.0,0.0,0.0,0.0,0.0,0.0,0.0,0.0,0.0,39.69,37.89,36.95,-115,-2.2
2026-07-31 11:14:39,Pasillo Decanato Eléctrica,56.28,Group 1 (Common),98.88,57.04,Group 1 (Common),56.45,0.0,0.0,0.0,0.0,98.88,0.73,0.0,0.2,0.1,57.1,56.21,55.02,-102,10.2
2026-07-31 11:15:06,Laboratorios Civil Central,66.08,Mixed,41.97,67.37,Group 5 (Vehicle),0.0,65.77,65.77,0.0,67.35,0.0,21.83,41.97,3.91,32.29,67.74,66.12,63.66,-115,5.0
2026-07-31 11:15:11,Laboratorios Eléctrica Inferior,49.69,Mixed,43.19,51.14,Group 5 (Vehicle),49.25,49.88,0.0,0.0,50.2,29.3,17.4,3.43,6.55,43.19,51.32,49.19,48.23,-117,0.8
2026-07-31 11:15:20,Lobby Eléctrica,69.95,Mixed,66.32,72.49,Group 1 (Common),70.0,65.49,68.66,0.0,0.0,66.32,7.29,17.97,1.69,6.68,73.42,68.71,66.51,-114,-3.5
2026-07-31 11:15:23,Laboratorios Civil Inferior,54.33,Group 2 (Impact),83.29,58.51,Group 2 (Impact),0.0,53.25,0.0,0.0,0.0,0.48,83.29,9.11,3.99,3.21,59.28,51.82,50.46,-117,-2.2
2026-07-31 11:15:29,Pasillo Salones Eléctrica,40.25,Silence,0.0,41.94,Silence,0.0,0.0,0.0,0.0,0.0,0.0,0.0,0.0,0.0,0.0,42.04,40.09,37.87,-114,3.5
2026-07-31 11:15:38,Salón - Uma Eléctrica,42.39,Silence,0.0,43.36,Silence,0.0,0.0,0.0,0.0,0.0,0.0,0.0,0.0,0.0,0.0,42.82,42.51,41.51,-117,4.2
2026-07-31 11:16:05,Salón - Extremo Civil,35.75,Silence,0.0,37.48,Silence,0.0,0.0,0.0,0.0,0.0,0.0,0.0,0.0,0.0,0.0,37.79,35.82,33.07,-95,13.0
2026-07-31 11:16:10,Pasillo Salones Civil,63.11,Mixed,39.28,64.96,Group 1 (Common),64.4,62.43,63.42,61.84,0.0,39.28,13.24,24.35,18.4,4.77,64.88,62.85,60.31,-99,12.2
2026-07-31 11:16:22,Laboratorios Civil Superior,58.05,Mixed,44.23,58.92,Group 1 (Common),58.24,56.72,0.0,0.0,58.42,39.89,14.37,0.09,1.39,44.23,59.19,58.29,56.51,-106,6.0
2026-07-31 11:16:31,Laboratorios Eléctrica Centro,53.74,Mixed,52.08,55.43,Group 3 (Rotary Tool),53.14,53.31,54.07,0.0,0.0,52.08,7.6,34.98,0.0,5.3,56.23,53.75,51.18,-120,-6.2
2026-07-31 11:18:00,Lobby Civil,83.16,Mixed,46.92,87.15,Group 4 (Person),0.0,0.0,78.8,83.33,80.75,0.52,2.21,46.92,29.82,20.57,88.25,79.33,77.18,-95,13.0
2026-07-31 11:18:00,Pasillo Decanato Civil,61.2,Mixed,42.62,63.27,Group 2 (Impact),0.0,60.46,60.73,0.0,0.0,0.0,42.62,38.98,5.56,12.85,63.64,61.61,57.3,-114,4.0
2026-07-31 11:19:12,Salón - Extremo Eléctrica,56.67,Mixed,67.8,57.27,Group 2 (Impact),56.42,56.65,0.0,0.0,0.0,21.05,67.8,0.0,0.13,10.89,57.33,56.71,55.81,-93,11.5
2026-07-31 11:19:20,Laboratorios Eléctrica Superior,45.24,Mixed,52.69,47.65,Group 5 (Vehicle),45.01,0.0,0.0,0.0,47.41,45.79,0.95,0.09,0.3,52.69,48.48,44.92,42.36,-107,11.0
2026-07-31 11:19:37,Salón - Uma Civil,52.08,Mixed,55.47,56.31,Group 1 (Common),52.57,48.69,0.0,0.0,48.5,20.21,21.09,0.34,2.83,55.47,56.71,48.97,47.06,-102,7.8
2026-07-31 11:19:39,Pasillo Decanato Eléctrica,57.38,Group 1 (Common),99.61,58.28,Group 1 (Common),57.43,0.0,0.0,0.0,0.0,99.61,0.0,0.0,0.0,0.0,58.46,57.29,56.64,-113,7.2
2026-07-31 11:20:06,Laboratorios Civil Central,68.72,Group 1 (Common),72.83,74.97,Group 1 (Common),71.69,63.79,0.0,0.0,0.0,72.83,11.24,0.09,7.6,8.2,73.72,65.99,63.62,-103,11.8
2026-07-31 11:20:11,Laboratorios Eléctrica Inferior,66.17,Mixed,47.74,67.51,Group 5 (Vehicle),65.97,0.0,65.5,63.33,65.55,20.23,3.6,20.05,8.33,47.74,67.98,66.35,64.59,-120,-5.8
2026-07-31 11:20:20,Lobby Eléctrica,67.21,Group 1 (Common),99.61,68.24,Group 1 (Common),66.71,0.0,0.0,0.0,0.0,99.61,0.0,0.09,0.0,0.0,68.51,67.34,64.76,-120,-2.8
2026-07-31 11:20:23,Laboratorios Civil Inferior,49.68,Mixed,62.2,52.61,Group 5 (Vehicle),50.62,48.94,0.0,0.0,52.86,18.79,62.2,3.95,4.9,10.33,52.92,49.46,47.45,-117,-4.0
2026-07-31 11:20:29,Pasillo Salones Eléctrica,50.28,Group 5 (Vehicle),95.53,50.69,Group 5 (Vehicle),0.0,0.0,0.0,0.0,50.27,0.0,1.82,2.21,0.69,95.53,50.78,50.34,49.83,-101,11.5
2026-07-31 11:20:38,Salón - Uma Eléctrica,43.15,Silence,0.0,43.71,Silence,0.0,0.0,0.0,0.0,0.0,0.0,0.0,0.0,0.0,0.0,43.77,43.25,42.7,-114,5.0
2026-07-31 11:21:06,Salón - Extremo Civil,53.52,Mixed,45.31,55.87,Group 1 (Common),53.55,52.74,0.0,0.0,52.38,13.37,45.31,0.65,5.69,35.03,56.63,52.82,52.05,-83,12.8
2026-07-31 11:21:10,Pasillo Salones Civil,56.59,Mixed,53.17,57.31,Group 2 (Impact),0.0,56.68,0.0,0.0,56.78,0.0,53.17,8.9,2.26,35.63,57.17,56.42,56.13,-99,8.8
2026-07-31 11:21:22,Laboratorios Civil Superior,53.78,Group 1 (Common),84.2,56.61,Group 1 (Common),53.68,0.0,53.26,0.0,0.0,84.2,0.35,13.5,0.04,1.78,56.94,53.41,51.27,-111,6.0
2026-07-31 11:21:31,Laboratorios Eléctrica Centro,56.27,Group 1 (Common),79.99,60.71,Group 1 (Common),57.53,0.0,59.1,0.0,0.0,79.99,1.82,17.32,0.56,0.3,60.01,55.55,52.62,-103,9.2
2026-07-31 11:22:51,Lobby Civil,68.44,Group 1 (Common),99.39,70.89,Group 1 (Common),67.22,0.0,0.0,0.0,0.0,99.39,0.0,0.0,0.35,0.04,70.82,68.71,62.99,-89,12.5
2026-07-31 11:22:58,Pasillo Decanato Civil,41.26,Silence,0.0,42.72,Silence,0.0,0.0,0.0,0.0,0.0,0.0,0.0,0.0,0.0,0.0,42.24,41.2,40.02,-112,1.8
2026-07-31 11:24:12,Salón - Extremo Eléctrica,55.06,Group 1 (Common),70.17,56.65,Group 1 (Common),55.59,0.0,0.0,0.0,54.86,70.17,1.56,0.24,0.05,27.93,56.53,55.01,53.49,-108,8.5
2026-07-31 11:24:20,Laboratorios Eléctrica Superior,53.1,Mixed,58.77,55.37,Group 1 (Common),53.26,0.0,52.07,0.0,0.0,58.77,5.21,21.53,0.17,14.37,54.89,53.74,49.68,-103,12.5
2026-07-31 11:24:37,Salón - Uma Civil,41.03,Silence,0.0,41.85,Silence,0.0,0.0,0.0,0.0,0.0,0.0,0.0,0.0,0.0,0.0,41.88,41.04,40.34,-109,9.5
2026-07-31 11:24:39,Pasillo Decanato Eléctrica,56.63,Group 1 (Common),99.35,58.68,Group 1 (Common),55.87,0.0,0.0,0.0,0.0,99.35,0.0,0.09,0.13,0.39,59.49,55.98,55.3,-111,7.8
2026-07-31 11:25:06,Laboratorios Civil Central,57.85,Group 1 (Common),99.39,59.76,Group 1 (Common),58.3,0.0,0.0,0.0,0.0,99.39,0.0,0.0,0.0,0.35,59.33,57.72,56.47,-120,-8.2
2026-07-31 11:25:11,Laboratorios Eléctrica Inferior,56.67,Group 1 (Common),99.0,60.85,Group 1 (Common),56.3,0.0,0.0,0.0,0.0,99.0,0.43,0.0,0.22,0.35,61.39,55.15,51.47,-119,-4.8
2026-07-31 11:25:20,Lobby Eléctrica,68.64,Group 1 (Common),90.45,70.67,Group 1 (Common),68.74,0.0,0.0,0.0,0.0,90.45,0.0,0.04,9.42,0.0,69.92,69.11,66.59,-91,12.5
2026-07-31 11:25:23,Laboratorios Civil Inferior,52.81,Mixed,32.9,57.5,Group 1 (Common),51.86,47.24,0.0,0.0,55.89,32.9,32.25,1.39,2.6,30.9,59.09,48.44,45.54,-117,1.8
2026-07-31 11:25:29,Pasillo Salones Eléctrica,52.92,Mixed,53.86,53.88,Group 5 (Vehicle),0.0,52.91,0.0,0.0,53.53,4.95,53.86,8.85,2.69,29.47,53.97,52.86,52.5,-102,8.5
2026-07-31 11:25:38,Salón - Uma Eléctrica,44.38,Silence,0.0,45.25,Silence,0.0,0.0,0.0,0.0,0.0,0.0,0.0,0.0,0.0,0.0,45.0,44.45,43.73,-119,-10.0
2026-07-31 11:26:05,Salón - Extremo Civil,61.34,Mixed,49.76,62.21,Group 1 (Common),60.99,60.36,0.0,0.0,0.0,37.89,49.76,0.0,5.66,6.74,62.34,61.5,59.19,-97,12.0
2026-07-31 11:26:10,Pasillo Salones Civil,61.6,Mixed,41.84,62.33,Group 2 (Impact),0.0,61.5,0.0,0.0,61.62,6.25,41.84,1.52,10.03,40.28,62.33,61.5,60.96,-101,13.5
2026-07-31 11:26:22,Laboratorios Civil Superior,50.33,Group 1 (Common),78.34,52.11,Group 1 (Common),49.72,0.0,50.65,0.0,0.0,78.34,0.13,4.82,0.0,16.62,52.02,49.8,47.8,-109,9.0
2026-07-31 11:26:31,Laboratorios Eléctrica Centro,50.07,Mixed,38.98,51.33,Group 1 (Common),50.17,0.0,48.19,0.0,48.02,36.81,1.52,22.53,0.09,38.98,51.75,50.28,47.43,-87,10.2
2026-07-31 11:27:51,Lobby Civil,62.28,Group 1 (Common),91.02,63.19,Group 1 (Common),61.92,0.0,0.0,0.0,0.0,91.02,7.07,0.0,1.35,0.43,63.3,62.42,60.07,-97,11.5
2026-07-31 11:27:58,Pasillo Decanato Civil,39.01,Silence,0.0,39.93,Silence,0.0,0.0,0.0,0.0,0.0,0.0,0.0,0.0,0.0,0.0,39.93,39.08,37.63,-113,6.5
2026-07-31 11:29:12,Salón - Extremo Eléctrica,50.3,Mixed,50.29,50.96,Group 5 (Vehicle),50.45,50.24,0.0,0.0,50.79,14.75,50.29,0.1,2.78,31.98,50.76,50.28,49.55,-107,5.2
2026-07-31 11:29:20,Laboratorios Eléctrica Superior,43.68,Silence,0.0,44.91,Silence,0.0,0.0,0.0,0.0,0.0,0.0,0.0,0.0,0.0,0.0,44.87,43.76,41.68,-97,11.5
2026-07-31 11:29:37,Salón - Uma Civil,45.99,Mixed,54.25,48.74,Group 5 (Vehicle),0.0,45.24,0.0,0.0,48.08,0.0,54.25,0.13,1.09,44.4,50.12,44.85,43.18,-108,10.0
2026-07-31 11:29:39,Pasillo Decanato Eléctrica,55.63,Group 1 (Common),99.57,56.66,Group 1 (Common),55.55,0.0,0.0,0.0,0.0,99.57,0.09,0.0,0.04,0.0,56.74,55.52,54.77,-109,7.8
2026-07-31 11:30:06,Laboratorios Civil Central,58.11,Group 1 (Common),99.0,59.2,Group 1 (Common),58.14,0.0,0.0,0.0,0.0,99.0,0.0,0.0,0.0,0.91,59.36,58.41,56.49,-105,9.5
2026-07-31 11:30:11,Laboratorios Eléctrica Inferior,52.34,Group 1 (Common),79.64,54.89,Group 1 (Common),51.92,0.0,0.0,0.0,49.4,79.64,0.17,0.48,2.0,17.62,54.47,51.48,48.9,-119,0.2
2026-07-31 11:30:20,Lobby Eléctrica,57.22,Group 1 (Common),82.71,58.16,Group 1 (Common),57.08,0.0,57.9,0.0,0.0,82.71,0.1,15.92,0.0,1.17,58.25,57.06,55.58,-115,-1.2
2026-07-31 11:30:23,Laboratorios Civil Inferior,46.98,Mixed,45.4,48.76,Group 1 (Common),47.39,45.97,0.0,0.0,46.61,34.98,45.4,0.04,2.52,17.06,49.07,46.56,45.86,-119,-5.0
2026-07-31 11:30:29,Pasillo Salones Eléctrica,53.48,Mixed,58.94,54.39,Group 2 (Impact),0.0,53.45,54.1,0.0,0.0,0.0,58.94,24.0,2.52,14.54,54.55,53.23,52.42,-101,11.5
2026-07-31 11:30:38,Salón - Uma Eléctrica,43.78,Silence,0.0,44.46,Silence,0.0,0.0,0.0,0.0,0.0,0.0,0.0,0.0,0.0,0.0,44.15,43.82,43.29,-113,5.8
2026-07-31 11:31:06,Salón - Extremo Civil,54.38,Group 2 (Impact),73.97,54.69,Group 1 (Common),54.54,54.39,0.0,0.0,0.0,17.92,73.97,0.05,3.03,5.08,54.59,54.44,53.99,-91,13.0
2026-07-31 11:31:10,Pasillo Salones Civil,59.95,Group 5 (Vehicle),85.6,60.39,Group 5 (Vehicle),0.0,0.0,0.0,0.0,59.89,0.0,7.28,5.76,1.56,85.6,60.47,59.93,59.52,-105,9.2
2026-07-31 11:31:22,Laboratorios Civil Superior,52.57,Group 1 (Common),89.41,55.81,Group 1 (Common),53.51,0.0,0.0,0.0,0.0,89.41,1.35,0.09,0.22,8.94,55.85,51.9,49.54,-114,5.0
2026-07-31 11:31:31,Laboratorios Eléctrica Centro,52.12,Mixed,41.88,56.19,Group 1 (Common),54.24,53.24,49.41,0.0,48.01,41.88,16.84,23.65,1.39,16.15,57.0,51.55,47.54,-121,-8.8
2026-07-31 11:32:51,Lobby Civil,64.98,Group 1 (Common),99.57,65.96,Group 1 (Common),65.12,0.0,0.0,0.0,0.0,99.57,0.0,0.0,0.17,0.0,65.66,65.13,63.44,-113,6.8
2026-07-31 11:32:58,Pasillo Decanato Civil,40.09,Silence,0.0,41.4,Silence,0.0,0.0,0.0,0.0,0.0,0.0,0.0,0.0,0.0,0.0,41.02,39.97,39.06,-105,11.2
2026-07-31 11:34:12,Salón - Extremo Eléctrica,50.52,Group 2 (Impact),70.31,51.08,Group 2 (Impact),50.61,50.43,0.0,0.0,0.0,9.9,70.31,0.39,0.39,18.84,51.1,50.32,50.07,-108,8.2
2026-07-31 11:34:20,Laboratorios Eléctrica Superior,46.07,Group 1 (Common),82.08,47.54,Group 1 (Common),45.66,0.0,0.0,0.0,0.0,82.08,0.78,2.29,0.2,14.7,48.13,46.3,41.44,-101,12.2
2026-07-31 11:34:37,Salón - Uma Civil,44.91,Silence,0.0,46.26,Silence,0.0,0.0,0.0,0.0,0.0,0.0,0.0,0.0,0.0,0.0,46.58,44.33,43.68,-105,10.0
2026-07-31 11:34:39,Pasillo Decanato Eléctrica,55.57,Group 1 (Common),99.31,56.42,Group 1 (Common),55.69,0.0,0.0,0.0,0.0,99.31,0.0,0.0,0.13,0.35,56.3,55.64,54.47,-119,-13.0
2026-07-31 11:35:06,Laboratorios Civil Central,57.3,Group 1 (Common),75.05,58.4,Group 1 (Common),57.73,56.86,0.0,0.0,0.0,75.05,19.97,0.0,2.83,2.05,58.85,57.02,55.99,-105,12.2
2026-07-31 11:35:11,Laboratorios Eléctrica Inferior,49.18,Mixed,45.75,50.42,Group 2 (Impact),49.95,50.07,0.0,0.0,49.35,24.39,24.78,0.22,4.99,45.75,49.97,49.35,47.32,-108,7.8
2026-07-31 11:35:20,Lobby Eléctrica,59.31,Group 1 (Common),99.56,61.37,Group 1 (Common),58.42,0.0,0.0,0.0,0.0,99.56,0.0,0.24,0.0,0.0,61.88,58.31,56.2,-107,12.2
2026-07-31 11:35:23,Laboratorios Civil Inferior,46.45,Mixed,53.91,48.69,Group 1 (Common),46.94,45.82,0.0,0.0,45.58,53.91,15.02,2.21,5.51,23.44,48.75,46.11,45.12,-119,-2.8
2026-07-31 11:35:29,Pasillo Salones Eléctrica,52.99,Group 2 (Impact),73.31,53.86,Group 2 (Impact),0.0,53.06,0.0,0.0,0.0,0.0,73.31,3.34,2.17,21.14,53.53,52.99,52.43,-97,12.0
2026-07-31 11:35:38,Salón - Uma Eléctrica,44.14,Silence,0.0,44.85,Silence,0.0,0.0,0.0,0.0,0.0,0.0,0.0,0.0,0.0,0.0,44.82,44.33,43.19,-114,5.0
2026-07-31 11:36:06,Salón - Extremo Civil,54.52,Mixed,43.19,55.25,Group 1 (Common),54.54,54.41,0.0,0.0,54.28,43.19,30.64,0.17,3.6,22.44,55.41,54.44,54.15,-93,13.2
2026-07-31 11:36:10,Pasillo Salones Civil,60.32,Group 5 (Vehicle),88.82,60.78,Group 5 (Vehicle),0.0,0.0,0.0,0.0,60.29,3.91,3.52,1.42,2.29,88.82,60.61,60.34,59.74,-114,1.2
2026-07-31 11:36:22,Laboratorios Civil Superior,49.79,Group 1 (Common),86.98,50.8,Group 5 (Vehicle),49.47,0.0,0.0,0.0,50.75,86.98,0.48,0.04,0.26,12.15,51.77,49.71,48.04,-113,6.5
2026-07-31 11:36:31,Laboratorios Eléctrica Centro,58.36,Mixed,45.01,60.57,Group 1 (Common),57.84,58.14,0.0,0.0,0.0,45.01,39.97,6.64,1.87,6.51,61.17,58.02,54.89,-103,8.0
2026-07-31 11:37:51,Lobby Civil,63.03,Group 1 (Common),97.74,64.61,Group 1 (Common),62.78,0.0,0.0,0.0,0.0,97.74,0.09,0.0,0.17,1.87,65.65,62.84,60.56,-101,9.2
2026-07-31 11:37:58,Pasillo Decanato Civil,39.85,Silence,0.0,40.48,Silence,0.0,0.0,0.0,0.0,0.0,0.0,0.0,0.0,0.0,0.0,40.82,40.06,38.43,-107,11.8
2026-07-31 11:39:12,Salón - Extremo Eléctrica,47.53,Group 2 (Impact),99.61,48.35,Group 2 (Impact),0.0,47.33,0.0,0.0,0.0,0.0,99.61,0.0,0.0,0.0,48.56,47.51,47.04,-89,12.0
2026-07-31 11:39:20,Laboratorios Eléctrica Superior,42.15,Silence,0.0,45.5,Silence,0.0,0.0,0.0,0.0,0.0,0.0,0.0,0.0,0.0,0.0,44.38,41.76,41.08,-117,-8.0
2026-07-31 11:39:37,Salón - Uma Civil,45.6,Mixed,51.91,47.46,Group 5 (Vehicle),0.0,45.33,0.0,0.0,46.2,1.48,41.19,0.22,5.43,51.91,47.67,44.74,43.83,-115,-5.2
2026-07-31 11:39:39,Pasillo Decanato Eléctrica,55.6,Group 1 (Common),99.61,56.58,Group 1 (Common),55.63,0.0,0.0,0.0,0.0,99.61,0.0,0.09,0.04,0.0,56.81,55.57,54.7,-109,8.0
2026-07-31 11:40:06,Laboratorios Civil Central,57.62,Group 1 (Common),92.14,58.35,Group 1 (Common),57.69,0.0,0.0,0.0,0.0,92.14,0.0,0.0,0.05,7.57,58.42,57.38,56.2,-102,11.2
2026-07-31 11:40:11,Laboratorios Eléctrica Inferior,59.15,Group 1 (Common),87.94,62.47,Group 1 (Common),59.27,0.0,0.0,0.0,58.87,87.94,0.59,0.1,0.49,10.89,62.85,58.2,52.6,-119,-5.2
2026-07-31 11:40:20,Lobby Eléctrica,58.29,Group 5 (Vehicle),91.93,58.96,Group 5 (Vehicle),0.0,0.0,0.0,0.0,58.24,8.07,0.0,0.0,0.0,91.93,58.9,58.31,57.17,-117,-3.2
2026-07-31 11:40:23,Laboratorios Civil Inferior,47.25,Mixed,64.67,47.9,Group 2 (Impact),47.4,47.21,0.0,0.0,0.0,21.66,64.67,0.61,3.69,9.2,48.06,47.22,46.39,-120,-12.0
2026-07-31 11:40:29,Pasillo Salones Eléctrica,40.35,Silence,0.0,40.71,Silence,0.0,0.0,0.0,0.0,0.0,0.0,0.0,0.0,0.0,0.0,40.65,40.35,39.96,-105,12.5
2026-07-31 11:40:38,Salón - Uma Eléctrica,43.17,Silence,0.0,43.58,Silence,0.0,0.0,0.0,0.0,0.0,0.0,0.0,0.0,0.0,0.0,43.62,43.06,42.41,-101,4.8
2026-07-31 11:41:06,Salón - Extremo Civil,55.04,Group 1 (Common),80.34,56.07,Group 1 (Common),55.17,0.0,0.0,0.0,0.0,80.34,2.17,0.0,0.39,17.06,56.23,54.86,54.53,-91,12.0
2026-07-31 11:41:10,Pasillo Salones Civil,53.42,Group 5 (Vehicle),91.62,54.01,Group 5 (Vehicle),0.0,0.0,0.0,0.0,53.35,5.51,1.35,0.74,0.82,91.62,54.07,53.37,52.88,-97,10.5
2026-07-31 11:41:22,Laboratorios Civil Superior,53.09,Group 1 (Common),85.4,54.51,Group 1 (Common),52.51,0.0,0.0,0.0,0.0,85.4,0.29,12.5,0.05,1.71,54.73,52.81,51.35,-99,12.0
2026-07-31 11:41:31,Laboratorios Eléctrica Centro,59.19,Mixed,38.54,63.76,Group 5 (Vehicle),62.83,62.43,52.25,55.37,60.56,17.66,21.57,12.89,9.33,38.54,64.52,58.27,51.14,-105,7.0
2026-07-31 11:42:51,Lobby Civil,67.86,Mixed,52.6,69.73,Group 1 (Common),68.2,0.0,0.0,0.0,68.01,52.6,0.65,0.0,0.3,46.4,70.78,67.37,65.31,-89,12.2
2026-07-31 11:42:59,Pasillo Decanato Civil,63.66,Group 1 (Common),94.01,68.64,Group 1 (Common),63.54,0.0,0.0,0.0,0.0,94.01,1.65,2.82,0.39,1.04,70.0,58.7,49.71,-99,13.0
2026-07-31 11:44:12,Salón - Extremo Eléctrica,37.09,Silence,0.0,39.61,Silence,0.0,0.0,0.0,0.0,0.0,0.0,0.0,0.0,0.0,0.0,39.55,36.74,34.7,-90,11.0
2026-07-31 11:44:22,Laboratorios Eléctrica Superior,59.56,Mixed,53.6,65.32,Group 1 (Common),62.65,0.0,0.0,0.0,60.11,53.6,0.48,3.26,0.04,42.53,62.81,59.86,47.28,-99,11.5
2026-07-31 11:44:37,Salón - Uma Civil,36.61,Silence,0.0,38.48,Silence,0.0,0.0,0.0,0.0,0.0,0.0,0.0,0.0,0.0,0.0,37.88,36.43,35.59,-119,-4.8
2026-07-31 11:44:39,Pasillo Decanato Eléctrica,55.99,Group 1 (Common),98.05,57.59,Group 1 (Common),55.64,0.0,0.0,0.0,0.0,98.05,0.22,0.04,0.13,1.39,58.19,55.33,55.11,-119,-13.0
2026-07-31 11:45:06,Laboratorios Civil Central,55.91,Group 1 (Common),97.83,58.5,Group 1 (Common),56.31,0.0,0.0,0.0,0.0,97.83,0.13,0.0,0.04,1.82,56.56,56.18,54.91,-107,9.5
2026-07-31 11:45:11,Laboratorios Eléctrica Inferior,51.32,Mixed,63.62,54.23,Group 5 (Vehicle),50.02,49.97,0.0,0.0,50.76,16.21,12.35,2.44,5.32,63.62,54.48,49.76,49.33,-125,-3.8
2026-07-31 11:45:20,Lobby Eléctrica,64.06,Group 4 (Person),82.9,67.37,Group 4 (Person),60.09,0.0,0.0,65.26,0.0,16.75,0.09,0.0,82.9,0.0,67.44,63.19,59.56,-109,11.0
2026-07-31 11:45:23,Laboratorios Civil Inferior,43.61,Silence,0.0,46.65,Silence,0.0,0.0,0.0,0.0,0.0,0.0,0.0,0.0,0.0,0.0,46.86,42.13,41.38,-116,-1.5
2026-07-31 11:45:29,Pasillo Salones Eléctrica,34.14,Silence,0.0,35.33,Silence,0.0,0.0,0.0,0.0,0.0,0.0,0.0,0.0,0.0,0.0,35.82,34.15,32.71,-96,9.8
2026-07-31 11:45:38,Salón - Uma Eléctrica,42.55,Silence,0.0,42.98,Silence,0.0,0.0,0.0,0.0,0.0,0.0,0.0,0.0,0.0,0.0,42.89,42.74,41.19,-118,-11.0
2026-07-31 11:46:06,Salón - Extremo Civil,24.77,Silence,0.0,27.1,Silence,0.0,0.0,0.0,0.0,0.0,0.0,0.0,0.0,0.0,0.0,27.0,25.49,21.74,-90,9.5
2026-07-31 11:46:10,Pasillo Salones Civil,38.54,Silence,0.0,39.26,Silence,0.0,0.0,0.0,0.0,0.0,0.0,0.0,0.0,0.0,0.0,39.34,38.7,37.0,-99,12.0
2026-07-31 11:46:22,Laboratorios Civil Superior,47.24,Group 1 (Common),77.88,48.04,Group 1 (Common),47.32,0.0,0.0,0.0,0.0,77.88,0.78,0.1,0.98,20.21,48.07,47.03,46.53,-103,11.5
2026-07-31 11:46:31,Laboratorios Eléctrica Centro,48.69,Mixed,51.61,50.9,Group 1 (Common),49.99,0.0,48.84,0.0,49.33,14.19,4.56,51.61,0.04,29.56,49.32,48.7,47.54,-105,12.0
2026-07-31 11:47:51,Lobby Civil,62.15,Group 1 (Common),96.39,63.95,Group 1 (Common),61.89,0.0,0.0,0.0,0.0,96.39,0.24,0.59,2.34,0.24,65.02,61.05,57.96,-99,12.8
2026-07-31 11:47:58,Pasillo Decanato Civil,37.93,Silence,0.0,39.47,Silence,0.0,0.0,0.0,0.0,0.0,0.0,0.0,0.0,0.0,0.0,39.65,37.77,36.77,-114,0.2
2026-07-31 11:49:12,Salón - Extremo Eléctrica,17.13,Silence,0.0,17.8,Silence,0.0,0.0,0.0,0.0,0.0,0.0,0.0,0.0,0.0,0.0,18.04,17.11,16.26,-87,12.2
2026-07-31 11:49:20,Laboratorios Eléctrica Superior,45.78,Group 1 (Common),85.37,47.63,Group 1 (Common),45.7,0.0,0.0,0.0,0.0,85.37,0.69,6.86,0.09,7.03,47.59,45.23,43.37,-103,11.8
2026-07-31 11:49:38,Salón - Uma Civil,36.23,Silence,0.0,37.65,Silence,0.0,0.0,0.0,0.0,0.0,0.0,0.0,0.0,0.0,0.0,38.2,36.25,34.41,-101,11.8
2026-07-31 11:49:39,Pasillo Decanato Eléctrica,56.88,Group 1 (Common),99.57,57.76,Group 1 (Common),56.62,0.0,0.0,0.0,0.0,99.57,0.09,0.0,0.04,0.0,57.93,56.78,55.72,-111,7.5
2026-07-31 11:50:06,Laboratorios Civil Central,59.62,Group 1 (Common),96.92,62.7,Group 1 (Common),60.49,0.0,0.0,0.0,0.0,96.92,2.17,0.0,0.52,0.52,62.12,59.75,57.38,-103,12.5
2026-07-31 11:50:11,Laboratorios Eléctrica Inferior,48.72,Mixed,47.57,59.68,Group 4 (Person),50.34,0.0,0.0,60.08,47.83,47.57,2.69,0.04,12.72,36.98,51.71,48.43,47.39,-120,-5.8
2026-07-31 11:50:20,Lobby Eléctrica,58.36,Group 1 (Common),70.49,60.46,Group 1 (Common),58.53,57.66,0.0,57.68,0.0,70.49,9.9,0.0,19.62,0.0,60.76,57.81,55.61,-93,12.2
2026-07-31 11:50:23,Laboratorios Civil Inferior,53.25,Group 1 (Common),75.82,55.93,Group 1 (Common),53.08,0.0,0.0,0.0,54.24,75.82,0.3,0.09,0.35,23.52,56.42,52.69,47.76,-120,-13.0
2026-07-31 11:50:29,Pasillo Salones Eléctrica,33.48,Silence,0.0,34.93,Silence,0.0,0.0,0.0,0.0,0.0,0.0,0.0,0.0,0.0,0.0,34.33,33.27,32.12,-99,12.2
2026-07-31 11:50:38,Salón - Uma Eléctrica,42.75,Silence,0.0,43.54,Silence,0.0,0.0,0.0,0.0,0.0,0.0,0.0,0.0,0.0,0.0,43.05,42.75,42.26,-118,-8.2
2026-07-31 11:51:06,Salón - Extremo Civil,31.16,Silence,0.0,34.03,Silence,0.0,0.0,0.0,0.0,0.0,0.0,0.0,0.0,0.0,0.0,33.69,30.54,29.4,-115,-1.2
2026-07-31 11:51:10,Pasillo Salones Civil,57.04,Group 1 (Common),94.14,61.46,Group 1 (Common),58.03,0.0,0.0,0.0,0.0,94.14,3.99,0.22,1.56,0.0,61.65,55.94,51.2,-103,12.5
2026-07-31 11:51:22,Laboratorios Civil Superior,50.45,Group 1 (Common),82.25,52.57,Group 1 (Common),50.83,0.0,0.0,0.0,47.87,82.25,0.26,0.3,0.17,16.97,52.63,50.49,47.24,-111,8.0
2026-07-31 11:51:31,Laboratorios Eléctrica Centro,56.31,Group 1 (Common),83.81,60.57,Group 1 (Common),57.74,0.0,56.48,0.0,0.0,83.81,1.56,7.99,3.17,3.52,59.37,56.33,52.69,-119,-7.0
2026-07-31 11:52:51,Lobby Civil,61.49,Group 1 (Common),98.78,63.73,Group 1 (Common),60.67,0.0,0.0,0.0,0.0,98.78,0.0,0.0,0.05,0.83,64.95,60.32,56.87,-120,-12.5
2026-07-31 11:52:59,Pasillo Decanato Civil,50.37,Mixed,54.35,54.36,Group 1 (Common),49.28,50.51,0.0,0.0,0.0,54.35,38.92,0.34,5.71,0.59,54.8,49.62,42.0,-103,11.8
2026-07-31 11:54:12,Salón - Extremo Eléctrica,38.62,Silence,0.0,42.8,Silence,0.0,0.0,0.0,0.0,0.0,0.0,0.0,0.0,0.0,0.0,42.21,38.41,33.99,-87,11.2
2026-07-31 11:54:20,Laboratorios Eléctrica Superior,40.96,Silence,0.0,42.46,Silence,0.0,0.0,0.0,0.0,0.0,0.0,0.0,0.0,0.0,0.0,42.52,40.73,39.78,-103,11.5
2026-07-31 11:54:37,Salón - Uma Civil,38.18,Silence,0.0,39.87,Silence,0.0,0.0,0.0,0.0,0.0,0.0,0.0,0.0,0.0,0.0,40.38,37.7,36.02,-119,-4.8
2026-07-31 11:54:39,Pasillo Decanato Eléctrica,56.06,Group 1 (Common),98.26,56.73,Group 1 (Common),56.1,0.0,0.0,0.0,0.0,98.26,0.78,0.0,0.26,0.56,56.76,56.16,54.96,-111,8.5
2026-07-31 11:55:06,Laboratorios Civil Central,56.27,Group 1 (Common),99.61,57.45,Group 1 (Common),56.14,0.0,0.0,0.0,0.0,99.61,0.0,0.04,0.0,0.0,57.36,56.52,54.54,-105,12.8
2026-07-31 11:55:11,Laboratorios Eléctrica Inferior,48.33,Group 1 (Common),74.18,49.51,Group 1 (Common),48.54,0.0,0.0,0.0,48.54,74.18,0.74,0.04,0.61,24.39,49.2,48.47,46.75,-109,5.5
2026-07-31 11:55:20,Lobby Eléctrica,62.73,Mixed,61.68,65.62,Group 1 (Common),62.28,0.0,0.0,61.17,0.0,61.68,0.0,0.0,38.24,0.0,66.19,62.54,58.24,-103,11.0
2026-07-31 11:55:23,Laboratorios Civil Inferior,42.74,Silence,0.0,45.09,Silence,0.0,0.0,0.0,0.0,0.0,0.0,0.0,0.0,0.0,0.0,44.68,42.42,41.3,-121,-11.2
2026-07-31 11:55:29,Pasillo Salones Eléctrica,34.01,Silence,0.0,35.01,Silence,0.0,0.0,0.0,0.0,0.0,0.0,0.0,0.0,0.0,0.0,34.84,33.74,33.02,-98,11.8
2026-07-31 11:55:38,Salón - Uma Eléctrica,43.22,Silence,0.0,44.1,Silence,0.0,0.0,0.0,0.0,0.0,0.0,0.0,0.0,0.0,0.0,43.82,43.11,42.85,-111,7.2
2026-07-31 11:56:06,Salón - Extremo Civil,26.87,Silence,0.0,29.17,Silence,0.0,0.0,0.0,0.0,0.0,0.0,0.0,0.0,0.0,0.0,29.53,26.6,24.24,-91,12.8
2026-07-31 11:56:10,Pasillo Salones Civil,41.35,Silence,0.0,45.22,Silence,0.0,0.0,0.0,0.0,0.0,0.0,0.0,0.0,0.0,0.0,45.75,40.12,38.89,-101,13.0
2026-07-31 11:56:22,Laboratorios Civil Superior,48.04,Mixed,50.13,50.32,Group 1 (Common),47.35,0.0,0.0,0.0,47.41,50.13,0.0,0.0,0.04,49.78,51.09,47.51,46.9,-100,11.0
2026-07-31 11:56:31,Laboratorios Eléctrica Centro,60.16,Group 1 (Common),88.06,65.38,Group 1 (Common),61.81,0.0,0.0,0.0,0.0,88.06,1.61,0.22,10.24,0.0,63.51,59.64,57.84,-105,11.5
2026-07-31 11:57:51,Lobby Civil,61.33,Group 1 (Common),99.39,64.42,Group 1 (Common),62.24,0.0,0.0,0.0,0.0,99.39,0.0,0.22,0.04,0.04,64.15,59.3,57.5,-87,11.8
2026-07-31 11:57:59,Pasillo Decanato Civil,47.17,Group 1 (Common),93.97,51.04,Group 1 (Common),48.41,0.0,0.0,0.0,0.0,93.97,1.35,2.82,0.78,1.17,49.82,46.52,43.88,-115,4.0
2026-07-31 11:59:12,Salón - Extremo Eléctrica,41.98,Silence,0.0,45.04,Silence,0.0,0.0,0.0,0.0,0.0,0.0,0.0,0.0,0.0,0.0,45.14,41.3,39.1,-109,8.2
2026-07-31 11:59:20,Laboratorios Eléctrica Superior,51.71,Mixed,69.05,56.97,Group 5 (Vehicle),51.15,0.0,50.09,0.0,52.75,18.36,0.3,12.11,0.04,69.05,57.84,49.22,42.89,-102,12.2
2026-07-31 11:59:37,Salón - Uma Civil,38.46,Silence,0.0,39.44,Silence,0.0,0.0,0.0,0.0,0.0,0.0,0.0,0.0,0.0,0.0,39.78,38.37,37.06,-97,11.0
2026-07-31 11:59:39,Pasillo Decanato Eléctrica,55.55,Group 1 (Common),99.07,56.08,Group 1 (Common),55.58,0.0,0.0,0.0,0.0,99.07,0.68,0.0,0.24,0.15,55.89,55.43,55.32,-111,5.5
2026-07-31 12:00:06,Laboratorios Civil Central,58.14,Group 1 (Common),92.62,60.56,Group 1 (Common),57.29,0.0,0.0,0.0,0.0,92.62,0.0,6.94,0.0,0.26,60.96,58.38,55.18,-103,11.2
2026-07-31 12:00:11,Laboratorios Eléctrica Inferior,47.81,Group 5 (Vehicle),81.21,48.62,Group 5 (Vehicle),0.0,0.0,0.0,0.0,48.09,15.97,1.61,0.17,1.04,81.21,48.43,47.78,46.87,-107,9.0
2026-07-31 12:00:20,Lobby Eléctrica,57.37,Mixed,56.47,61.04,Group 1 (Common),56.81,0.0,0.0,58.95,0.0,56.47,1.52,0.0,42.1,0.0,61.17,56.46,52.69,-95,11.5
2026-07-31 12:00:23,Laboratorios Civil Inferior,41.69,Silence,0.0,43.19,Silence,0.0,0.0,0.0,0.0,0.0,0.0,0.0,0.0,0.0,0.0,43.66,41.6,39.73,-119,-3.8
2026-07-31 12:00:29,Pasillo Salones Eléctrica,33.18,Silence,0.0,34.69,Silence,0.0,0.0,0.0,0.0,0.0,0.0,0.0,0.0,0.0,0.0,34.14,33.27,32.11,-102,9.0
2026-07-31 12:00:38,Salón - Uma Eléctrica,43.05,Silence,0.0,43.69,Silence,0.0,0.0,0.0,0.0,0.0,0.0,0.0,0.0,0.0,0.0,43.8,43.02,42.32,-107,7.0
2026-07-31 12:01:06,Salón - Extremo Civil,31.23,Silence,0.0,33.41,Silence,0.0,0.0,0.0,0.0,0.0,0.0,0.0,0.0,0.0,0.0,32.56,30.96,30.38,-105,11.0
2026-07-31 12:01:10,Pasillo Salones Civil,48.35,Mixed,34.81,50.9,Group 3 (Rotary Tool),47.35,46.44,49.57,0.0,46.65,20.53,34.81,33.59,0.0,10.98,51.34,47.11,45.66,-113,-1.0
2026-07-31 12:01:22,Laboratorios Civil Superior,49.89,Mixed,68.14,52.02,Group 1 (Common),50.01,0.0,50.18,0.0,0.0,68.14,0.09,18.1,0.0,13.5,52.57,49.36,47.77,-107,10.8
2026-07-31 12:01:31,Laboratorios Eléctrica Centro,49.63,Group 1 (Common),84.77,52.07,Group 1 (Common),49.34,0.0,0.0,0.0,0.0,84.77,10.2,0.04,0.82,4.3,52.48,49.19,48.03,-119,-10.5
2026-07-31 12:02:51,Lobby Civil,72.76,Group 1 (Common),99.61,74.1,Group 1 (Common),73.19,0.0,0.0,0.0,0.0,99.61,0.0,0.0,0.0,0.0,74.14,72.68,68.24,-89,13.0
2026-07-31 12:02:59,Pasillo Decanato Civil,44.28,Silence,0.0,46.61,Silence,0.0,0.0,0.0,0.0,0.0,0.0,0.0,0.0,0.0,0.0,46.95,43.49,42.72,-88,12.5
2026-07-31 12:04:12,Salón - Extremo Eléctrica,34.29,Silence,0.0,36.6,Silence,0.0,0.0,0.0,0.0,0.0,0.0,0.0,0.0,0.0,0.0,36.41,34.16,32.03,-85,12.5
2026-07-31 12:04:20,Laboratorios Eléctrica Superior,59.13,Group 1 (Common),80.95,64.87,Group 1 (Common),61.32,0.0,0.0,59.93,0.0,80.95,4.08,0.0,14.63,0.3,62.08,59.35,53.06,-102,8.5
2026-07-31 12:04:37,Salón - Uma Civil,40.12,Silence,0.0,42.19,Silence,0.0,0.0,0.0,0.0,0.0,0.0,0.0,0.0,0.0,0.0,42.53,40.31,37.63,-108,8.2
2026-07-31 12:04:39,Pasillo Decanato Eléctrica,55.98,Group 1 (Common),99.31,56.85,Group 1 (Common),55.87,0.0,0.0,0.0,0.0,99.31,0.13,0.22,0.17,0.0,57.23,55.91,54.9,-109,8.0
2026-07-31 12:05:14,Laboratorios Civil Central,54.68,Group 1 (Common),99.61,55.84,Group 1 (Common),54.82,0.0,0.0,0.0,0.0,99.61,0.0,0.0,0.0,0.04,55.77,54.85,52.83,-120,-8.5
2026-07-31 12:05:14,Laboratorios Eléctrica Inferior,48.67,Mixed,52.56,49.65,Group 1 (Common),48.54,0.0,0.0,0.0,48.6,42.49,1.0,1.26,2.73,52.56,49.9,48.69,47.5,-120,-10.5
2026-07-31 12:05:20,Lobby Eléctrica,62.05,Group 1 (Common),78.39,65.84,Group 1 (Common),60.74,0.0,52.61,0.0,0.0,78.39,1.0,13.06,1.78,5.64,66.08,62.09,51.99,-93,10.2
2026-07-31 12:05:23,Laboratorios Civil Inferior,44.31,Silence,0.0,46.1,Silence,0.0,0.0,0.0,0.0,0.0,0.0,0.0,0.0,0.0,0.0,47.14,44.38,42.29,-119,-3.8
2026-07-31 12:05:29,Pasillo Salones Eléctrica,33.36,Silence,0.0,33.96,Silence,0.0,0.0,0.0,0.0,0.0,0.0,0.0,0.0,0.0,0.0,34.11,33.47,32.24,-113,1.8
2026-07-31 12:05:38,Salón - Uma Eléctrica,42.97,Silence,0.0,43.64,Silence,0.0,0.0,0.0,0.0,0.0,0.0,0.0,0.0,0.0,0.0,43.74,43.06,41.51,-119,-11.2
2026-07-31 12:06:06,Salón - Extremo Civil,35.93,Silence,0.0,47.12,Silence,0.0,0.0,0.0,0.0,0.0,0.0,0.0,0.0,0.0,0.0,39.76,34.82,31.87,-117,-9.5
2026-07-31 12:06:22,Laboratorios Civil Superior,52.09,Group 1 (Common),73.78,53.22,Group 5 (Vehicle),51.9,0.0,0.0,0.0,53.16,73.78,0.22,2.04,0.04,23.74,53.41,51.71,50.67,-107,10.0
2026-07-31 12:06:31,Laboratorios Eléctrica Centro,51.1,Mixed,48.0,52.97,Group 3 (Rotary Tool),50.31,0.0,51.48,0.0,51.44,23.31,2.34,26.0,0.3,48.0,53.78,50.41,48.83,-118,-8.8
2026-07-31 12:07:51,Lobby Civil,81.74,Group 1 (Common),97.61,83.89,Group 1 (Common),81.78,0.0,0.0,0.0,0.0,97.61,0.0,0.09,1.78,0.52,84.59,81.03,79.04,-114,-2.8
2026-07-31 12:07:59,Pasillo Decanato Civil,56.63,Group 1 (Common),91.49,62.02,Group 1 (Common),54.23,0.0,0.0,0.0,0.0,91.49,0.0,3.99,4.25,0.17,63.13,54.05,51.72,-101,8.8
2026-07-31 12:09:12,Salón - Extremo Eléctrica,33.76,Silence,0.0,34.51,Silence,0.0,0.0,0.0,0.0,0.0,0.0,0.0,0.0,0.0,0.0,34.41,33.76,32.53,-88,12.2
2026-07-31 12:09:20,Laboratorios Eléctrica Superior,53.59,Mixed,52.65,56.87,Group 1 (Common),52.39,0.0,0.0,0.0,56.05,52.65,0.0,5.64,0.09,41.62,58.02,51.52,45.06,-107,11.5
2026-07-31 12:09:37,Salón - Uma Civil,45.04,Group 1 (Common),73.31,45.87,Group 2 (Impact),45.16,46.24,0.0,0.0,0.0,73.31,20.92,0.0,1.17,4.6,45.86,45.14,43.97,-120,-7.0
2026-07-31 12:09:39,Pasillo Decanato Eléctrica,55.37,Group 1 (Common),98.96,56.07,Group 1 (Common),55.4,0.0,0.0,0.0,0.0,98.96,0.04,0.04,0.0,0.87,55.95,55.35,54.63,-113,9.0
2026-07-31 12:10:06,Laboratorios Civil Central,74.69,Group 1 (Common),96.27,79.29,Group 1 (Common),72.84,0.0,0.0,0.0,0.0,96.27,0.0,0.22,3.21,0.04,80.09,71.34,69.38,-120,-7.2
2026-07-31 12:10:11,Laboratorios Eléctrica Inferior,48.75,Mixed,51.74,49.97,Group 1 (Common),49.06,0.0,0.0,0.0,48.74,51.74,4.12,0.04,1.0,42.97,49.86,48.53,47.65,-120,-0.8
2026-07-31 12:10:29,Lobby Eléctrica,70.34,Group 1 (Common),99.41,72.0,Group 1 (Common),70.57,0.0,0.0,0.0,0.0,99.41,0.0,0.0,0.24,0.0,72.5,69.91,68.57,-107,9.5
2026-07-31 12:10:29,Pasillo Salones Eléctrica,54.04,Mixed,61.81,58.52,Group 4 (Person),54.56,0.0,0.0,53.79,0.0,30.12,2.43,0.0,61.81,5.56,59.58,52.38,50.6,-97,12.5
2026-07-31 12:10:38,Salón - Uma Eléctrica,42.72,Silence,0.0,43.16,Silence,0.0,0.0,0.0,0.0,0.0,0.0,0.0,0.0,0.0,0.0,43.39,42.66,42.21,-109,5.8
2026-07-31 12:11:06,Salón - Extremo Civil,30.6,Silence,0.0,32.54,Silence,0.0,0.0,0.0,0.0,0.0,0.0,0.0,0.0,0.0,0.0,31.53,30.61,29.24,-101,10.8
2026-07-31 12:11:10,Pasillo Salones Civil,47.71,Group 2 (Impact),71.58,50.11,Group 1 (Common),49.75,46.95,0.0,0.0,0.0,11.91,71.58,4.64,4.39,7.47,50.33,46.31,45.47,-97,12.0
2026-07-31 12:11:22,Laboratorios Civil Superior,69.15,Group 1 (Common),99.61,71.79,Group 1 (Common),69.14,0.0,0.0,0.0,0.0,99.61,0.0,0.04,0.0,0.0,72.51,68.7,65.17,-109,7.0
2026-07-31 12:11:31,Laboratorios Eléctrica Centro,49.22,Mixed,50.09,52.58,Group 5 (Vehicle),48.0,0.0,0.0,0.0,50.22,50.09,0.17,0.95,0.04,48.61,54.13,47.39,46.91,-103,10.5
2026-07-31 12:12:51,Lobby Civil,76.18,Mixed,34.29,77.12,Group 4 (Person),76.22,0.0,76.18,75.5,75.97,8.33,2.52,25.39,34.29,29.38,77.65,76.23,73.67,-113,-0.2
2026-07-31 12:12:59,Pasillo Decanato Civil,50.99,Mixed,37.37,53.44,Group 1 (Common),53.47,51.22,51.79,0.0,50.4,7.12,27.47,26.52,1.48,37.37,53.55,50.41,49.0,-119,-3.5
2026-07-31 12:14:12,Salón - Extremo Eléctrica,37.87,Silence,0.0,38.64,Silence,0.0,0.0,0.0,0.0,0.0,0.0,0.0,0.0,0.0,0.0,38.93,37.91,37.0,-90,12.8
2026-07-31 12:14:20,Laboratorios Eléctrica Superior,42.27,Silence,0.0,44.41,Silence,0.0,0.0,0.0,0.0,0.0,0.0,0.0,0.0,0.0,0.0,44.88,42.3,40.06,-97,12.0
2026-07-31 12:14:37,Salón - Uma Civil,41.18,Silence,0.0,42.75,Silence,0.0,0.0,0.0,0.0,0.0,0.0,0.0,0.0,0.0,0.0,42.78,40.98,39.95,-101,11.5
2026-07-31 12:14:39,Pasillo Decanato Eléctrica,55.84,Group 1 (Common),99.39,56.59,Group 1 (Common),55.73,0.0,0.0,0.0,0.0,99.39,0.0,0.0,0.04,0.3,56.63,55.91,54.75,-107,11.2
2026-07-31 12:15:06,Laboratorios Civil Central,62.89,Mixed,38.98,65.68,Group 1 (Common),64.59,62.46,0.0,0.0,60.88,38.98,23.0,0.3,14.15,23.7,65.39,62.46,60.47,-119,-2.8
2026-07-31 12:15:11,Laboratorios Eléctrica Inferior,48.9,Mixed,55.77,50.32,Group 1 (Common),48.89,0.0,0.0,0.0,48.71,34.98,7.12,0.04,2.0,55.77,50.49,48.93,47.67,-118,-3.0
2026-07-31 12:15:20,Lobby Eléctrica,63.71,Group 1 (Common),82.52,66.87,Group 1 (Common),64.11,0.0,0.0,63.78,0.0,82.52,0.2,0.0,17.14,0.0,66.02,63.22,61.09,-107,9.5
2026-07-31 12:15:23,Laboratorios Civil Inferior,47.48,Group 2 (Impact),75.95,49.16,Group 2 (Impact),0.0,47.05,0.0,0.0,0.0,10.33,75.95,0.95,4.04,8.68,49.5,47.28,45.87,-119,-4.8
2026-07-31 12:15:29,Pasillo Salones Eléctrica,51.47,Mixed,36.07,55.95,Group 4 (Person),51.7,51.07,0.0,55.4,0.0,36.07,35.2,11.68,13.98,3.26,56.0,51.33,38.37,-99,11.8
2026-07-31 12:15:39,Salón - Uma Eléctrica,44.58,Silence,0.0,46.94,Silence,0.0,0.0,0.0,0.0,0.0,0.0,0.0,0.0,0.0,0.0,47.12,44.63,43.06,-111,7.0
2026-07-31 12:16:06,Salón - Extremo Civil,28.96,Silence,0.0,30.87,Silence,0.0,0.0,0.0,0.0,0.0,0.0,0.0,0.0,0.0,0.0,31.22,27.99,27.25,-85,12.8
2026-07-31 12:16:10,Pasillo Salones Civil,46.82,Mixed,45.41,47.75,Group 1 (Common),47.22,47.36,0.0,0.0,0.0,43.36,45.41,0.49,2.93,7.76,47.88,46.64,45.77,-117,-3.8
2026-07-31 12:16:22,Laboratorios Civil Superior,52.71,Mixed,48.35,56.34,Group 2 (Impact),51.87,55.07,0.0,0.0,0.0,48.35,26.48,1.74,3.21,20.05,57.96,51.43,49.35,-109,5.2
2026-07-31 12:16:31,Laboratorios Eléctrica Centro,51.95,Mixed,45.7,53.71,Group 5 (Vehicle),51.63,0.0,52.08,0.0,53.12,21.78,2.0,30.52,0.05,45.7,53.55,51.63,48.72,-107,11.2
2026-07-31 12:17:51,Lobby Civil,73.1,Mixed,59.59,75.35,Group 3 (Rotary Tool),0.0,72.52,73.7,72.38,0.0,0.0,8.2,59.59,13.59,18.62,75.03,72.44,71.71,-90,13.2
2026-07-31 12:17:59,Pasillo Decanato Civil,62.17,Group 1 (Common),80.51,63.56,Group 1 (Common),61.07,0.0,0.0,0.0,0.0,80.51,2.56,1.52,8.9,6.73,63.63,62.4,55.13,-114,5.5
2026-07-31 12:19:12,Salón - Extremo Eléctrica,28.37,Silence,0.0,30.31,Silence,0.0,0.0,0.0,0.0,0.0,0.0,0.0,0.0,0.0,0.0,30.75,29.0,25.8,-109,8.2
2026-07-31 12:19:20,Laboratorios Eléctrica Superior,44.13,Silence,0.0,47.54,Silence,0.0,0.0,0.0,0.0,0.0,0.0,0.0,0.0,0.0,0.0,47.45,43.85,40.94,-102,10.8
2026-07-31 12:19:37,Salón - Uma Civil,48.77,Mixed,49.35,50.85,Group 2 (Impact),47.73,48.9,0.0,0.0,0.0,49.35,42.32,0.0,8.46,0.0,51.07,47.09,46.09,-99,9.2
2026-07-31 12:19:39,Pasillo Decanato Eléctrica,55.78,Group 1 (Common),99.39,56.82,Group 1 (Common),55.63,0.0,0.0,0.0,0.0,99.39,0.0,0.0,0.09,0.3,56.77,55.56,55.11,-120,-12.0
2026-07-31 12:20:06,Laboratorios Civil Central,64.83,Group 1 (Common),77.69,67.37,Group 1 (Common),65.79,0.0,0.0,63.81,0.0,77.69,0.0,0.49,13.23,8.59,66.12,64.03,63.31,-105,10.5
2026-07-31 12:20:11,Laboratorios Eléctrica Inferior,49.88,Mixed,64.5,51.27,Group 1 (Common),49.98,0.0,0.0,0.0,49.26,64.5,1.26,0.0,0.91,33.16,51.48,49.67,48.59,-120,-6.0
2026-07-31 12:20:20,Lobby Eléctrica,60.25,Group 1 (Common),98.96,61.74,Group 1 (Common),60.27,0.0,0.0,0.0,0.0,98.96,0.26,0.0,0.48,0.22,61.76,59.84,59.47,-95,12.8
2026-07-31 12:20:23,Laboratorios Civil Inferior,48.66,Group 1 (Common),78.86,50.51,Group 1 (Common),48.75,0.0,0.0,0.0,0.0,78.86,15.19,0.0,1.71,4.35,49.93,48.2,47.31,-114,3.2
2026-07-31 12:20:29,Pasillo Salones Eléctrica,34.8,Silence,0.0,36.26,Silence,0.0,0.0,0.0,0.0,0.0,0.0,0.0,0.0,0.0,0.0,36.47,34.6,33.75,-115,3.2
2026-07-31 12:20:38,Salón - Uma Eléctrica,43.12,Silence,0.0,44.01,Silence,0.0,0.0,0.0,0.0,0.0,0.0,0.0,0.0,0.0,0.0,44.12,43.21,41.86,-105,10.2
2026-07-31 12:21:10,Pasillo Salones Civil,50.79,Group 1 (Common),77.13,51.87,Group 1 (Common),51.09,0.0,0.0,0.0,0.0,77.13,7.47,0.04,0.22,15.15,52.02,51.09,49.65,-102,11.5
2026-07-31 12:21:22,Laboratorios Civil Superior,62.68,Group 1 (Common),97.4,68.98,Group 1 (Common),62.58,0.0,0.0,0.0,0.0,97.4,0.13,0.0,0.35,2.13,69.88,58.39,56.18,-102,12.0
2026-07-31 12:21:31,Laboratorios Eléctrica Centro,51.38,Mixed,67.87,52.22,Group 1 (Common),51.47,0.0,50.45,0.0,0.0,67.87,1.42,17.29,0.1,13.28,52.12,51.29,50.26,-103,11.0
2026-07-31 12:22:51,Lobby Civil,79.78,Group 4 (Person),79.21,80.55,Group 1 (Common),79.74,0.0,0.0,79.7,0.0,20.62,0.0,0.0,79.21,0.0,80.48,79.99,78.28,-107,8.2
2026-07-31 12:22:59,Pasillo Decanato Civil,53.54,Group 1 (Common),98.96,55.16,Group 1 (Common),53.04,0.0,0.0,0.0,0.0,98.96,0.04,0.13,0.26,0.61,55.37,53.3,51.22,-92,11.8
2026-07-31 12:24:12,Salón - Extremo Eléctrica,28.74,Silence,0.0,31.95,Silence,0.0,0.0,0.0,0.0,0.0,0.0,0.0,0.0,0.0,0.0,33.14,28.1,25.84,-91,13.5
2026-07-31 12:24:20,Laboratorios Eléctrica Superior,42.35,Silence,0.0,43.77,Silence,0.0,0.0,0.0,0.0,0.0,0.0,0.0,0.0,0.0,0.0,43.74,42.21,40.3,-103,11.2
2026-07-31 12:24:37,Salón - Uma Civil,45.37,Mixed,48.96,48.8,Group 1 (Common),47.13,45.86,0.0,0.0,0.0,48.96,36.41,0.04,7.81,6.81,48.11,45.32,42.82,-118,-8.0
2026-07-31 12:24:39,Pasillo Decanato Eléctrica,56.0,Group 1 (Common),98.96,56.89,Group 1 (Common),56.07,0.0,0.0,0.0,0.0,98.96,0.61,0.04,0.17,0.0,56.82,55.99,55.03,-105,6.0
2026-07-31 12:25:06,Laboratorios Civil Central,62.76,Group 1 (Common),95.7,64.46,Group 1 (Common),62.98,0.0,0.0,0.0,0.0,95.7,0.0,0.09,0.43,3.56,63.67,62.55,61.05,-119,-3.0
2026-07-31 12:25:11,Laboratorios Eléctrica Inferior,53.15,Mixed,45.92,58.92,Group 1 (Common),56.29,0.0,0.0,0.0,51.81,45.92,7.12,0.17,3.3,43.53,56.88,51.66,50.09,-120,-10.0
2026-07-31 12:25:20,Lobby Eléctrica,69.05,Group 1 (Common),99.39,71.93,Group 1 (Common),68.62,0.0,0.0,0.0,0.0,99.39,0.0,0.04,0.35,0.0,72.41,67.75,63.88,-113,9.0
2026-07-31 12:25:23,Laboratorios Civil Inferior,51.82,Group 1 (Common),90.23,53.65,Group 1 (Common),52.2,0.0,0.0,0.0,0.0,90.23,0.2,0.34,0.29,8.98,53.43,51.24,50.0,-113,-7.2
2026-07-31 12:25:29,Pasillo Salones Eléctrica,39.15,Silence,0.0,41.92,Silence,0.0,0.0,0.0,0.0,0.0,0.0,0.0,0.0,0.0,0.0,42.65,38.1,36.17,-97,10.8
2026-07-31 12:25:38,Salón - Uma Eléctrica,43.36,Silence,0.0,43.83,Silence,0.0,0.0,0.0,0.0,0.0,0.0,0.0,0.0,0.0,0.0,43.67,43.44,42.98,-105,11.5
2026-07-31 12:26:12,Salón - Extremo Civil,29.38,Silence,0.0,33.4,Silence,0.0,0.0,0.0,0.0,0.0,0.0,0.0,0.0,0.0,0.0,31.16,29.14,27.47,-84,12.8
2026-07-31 12:26:12,Pasillo Salones Civil,48.94,Group 1 (Common),81.86,50.28,Group 2 (Impact),48.89,49.97,0.0,0.0,0.0,81.86,16.97,0.0,1.13,0.04,50.71,48.91,46.21,-103,10.8
2026-07-31 12:26:22,Laboratorios Civil Superior,51.64,Group 1 (Common),80.56,53.55,Group 5 (Vehicle),51.64,0.0,0.0,0.0,52.91,80.56,0.09,0.0,0.0,19.27,53.13,51.41,50.44,-107,12.0
2026-07-31 12:26:32,Laboratorios Eléctrica Centro,48.97,Group 5 (Vehicle),77.13,51.68,Group 5 (Vehicle),46.63,0.0,0.0,0.0,49.46,19.23,2.86,0.52,0.22,77.13,51.67,47.72,45.5,-116,-8.8
2026-07-31 12:27:51,Lobby Civil,75.13,Mixed,37.98,75.83,Group 5 (Vehicle),74.35,0.0,0.0,74.88,75.37,23.7,0.0,0.48,37.98,37.8,76.07,74.91,74.36,-113,5.0
2026-07-31 12:27:59,Pasillo Decanato Civil,52.6,Mixed,50.22,53.8,Group 1 (Common),52.75,0.0,0.0,0.0,52.72,50.22,1.17,1.91,4.77,41.8,54.49,52.64,51.06,-115,4.5
2026-07-31 12:29:12,Salón - Extremo Eléctrica,35.35,Silence,0.0,38.19,Silence,0.0,0.0,0.0,0.0,0.0,0.0,0.0,0.0,0.0,0.0,38.44,34.44,32.45,-111,7.2
2026-07-31 12:29:20,Laboratorios Eléctrica Superior,40.58,Silence,0.0,41.27,Silence,0.0,0.0,0.0,0.0,0.0,0.0,0.0,0.0,0.0,0.0,41.38,40.68,39.92,-101,10.8
2026-07-31 12:29:37,Salón - Uma Civil,50.53,Mixed,65.97,54.68,Group 5 (Vehicle),0.0,47.28,0.0,50.52,51.63,0.22,23.57,0.26,9.85,65.97,55.31,48.98,45.18,-111,8.8
2026-07-31 12:29:39,Pasillo Decanato Eléctrica,56.71,Group 1 (Common),99.39,57.46,Group 1 (Common),56.47,0.0,0.0,0.0,0.0,99.39,0.0,0.0,0.04,0.3,57.38,56.67,55.05,-107,7.0
2026-07-31 12:30:06,Laboratorios Civil Central,62.18,Group 1 (Common),99.48,63.67,Group 1 (Common),62.04,0.0,0.0,0.0,0.0,99.48,0.0,0.0,0.09,0.17,63.98,62.15,60.68,-105,12.2
2026-07-31 12:30:11,Laboratorios Eléctrica Inferior,49.51,Mixed,53.61,50.88,Group 1 (Common),49.25,0.0,0.0,0.0,49.24,53.61,0.05,0.0,0.34,45.95,51.47,49.07,48.24,-107,9.2
2026-07-31 12:30:20,Lobby Eléctrica,62.81,Group 1 (Common),99.52,65.0,Group 1 (Common),63.02,0.0,0.0,0.0,0.0,99.52,0.0,0.13,0.0,0.04,65.54,61.95,60.55,-93,13.2
2026-07-31 12:30:23,Laboratorios Civil Inferior,46.8,Mixed,50.82,48.84,Group 1 (Common),47.78,46.1,0.0,0.0,0.0,42.88,50.82,0.0,2.95,3.26,48.98,46.52,45.33,-120,-11.0
2026-07-31 12:30:29,Pasillo Salones Eléctrica,34.21,Silence,0.0,34.96,Silence,0.0,0.0,0.0,0.0,0.0,0.0,0.0,0.0,0.0,0.0,34.77,34.25,33.54,-113,3.8
2026-07-31 12:30:38,Salón - Uma Eléctrica,43.28,Silence,0.0,44.19,Silence,0.0,0.0,0.0,0.0,0.0,0.0,0.0,0.0,0.0,0.0,44.14,43.31,42.21,-105,10.5
2026-07-31 12:31:06,Salón - Extremo Civil,39.4,Silence,0.0,41.78,Silence,0.0,0.0,0.0,0.0,0.0,0.0,0.0,0.0,0.0,0.0,42.0,39.28,37.02,-96,12.5
2026-07-31 12:31:10,Pasillo Salones Civil,59.03,Group 1 (Common),99.61,60.8,Group 1 (Common),59.17,0.0,0.0,0.0,0.0,99.61,0.0,0.0,0.0,0.0,61.06,59.49,55.69,-105,8.5
2026-07-31 12:31:24,Laboratorios Civil Superior,52.33,Mixed,62.4,54.04,Group 1 (Common),53.09,0.0,52.5,0.0,50.6,62.4,0.0,14.6,0.0,22.8,53.88,51.28,49.9,-104,7.8
2026-07-31 12:31:32,Laboratorios Eléctrica Centro,50.39,Group 5 (Vehicle),72.18,52.69,Group 5 (Vehicle),0.0,50.62,0.0,0.0,51.02,3.43,20.18,1.09,3.26,72.18,52.17,50.15,49.22,-119,-6.8
2026-07-31 12:32:51,Lobby Civil,74.46,Group 1 (Common),99.61,75.92,Group 1 (Common),74.58,0.0,0.0,0.0,0.0,99.61,0.0,0.04,0.17,0.0,75.64,74.53,73.36,-101,11.8
2026-07-31 12:32:59,Pasillo Decanato Civil,41.38,Silence,0.0,43.1,Silence,0.0,0.0,0.0,0.0,0.0,0.0,0.0,0.0,0.0,0.0,42.72,41.36,40.48,-113,7.2
2026-07-31 12:34:12,Salón - Extremo Eléctrica,31.41,Silence,0.0,32.08,Silence,0.0,0.0,0.0,0.0,0.0,0.0,0.0,0.0,0.0,0.0,32.04,31.43,30.39,-109,7.0
2026-07-31 12:34:20,Laboratorios Eléctrica Superior,42.58,Silence,0.0,44.34,Silence,0.0,0.0,0.0,0.0,0.0,0.0,0.0,0.0,0.0,0.0,44.65,42.32,41.44,-101,12.0
2026-07-31 12:34:37,Salón - Uma Civil,40.25,Silence,0.0,43.48,Silence,0.0,0.0,0.0,0.0,0.0,0.0,0.0,0.0,0.0,0.0,42.57,40.13,38.46,-111,6.5
2026-07-31 12:34:39,Pasillo Decanato Eléctrica,55.97,Group 1 (Common),97.7,56.93,Group 1 (Common),55.97,0.0,0.0,0.0,0.0,97.7,0.74,0.0,1.09,0.43,57.02,55.85,55.21,-107,10.0
2026-07-31 12:35:06,Laboratorios Civil Central,56.09,Group 1 (Common),99.0,59.1,Group 1 (Common),56.62,0.0,0.0,0.0,0.0,99.0,0.04,0.0,0.04,0.74,57.71,55.87,54.69,-105,10.8
2026-07-31 12:35:11,Laboratorios Eléctrica Inferior,54.46,Group 1 (Common),91.49,58.51,Group 1 (Common),55.59,0.0,0.0,0.0,0.0,91.49,3.86,0.0,1.13,3.6,58.14,53.4,49.52,-119,-13.0
2026-07-31 12:35:20,Lobby Eléctrica,58.37,Group 1 (Common),79.73,60.33,Group 1 (Common),59.26,0.0,57.97,0.0,0.0,79.73,0.69,18.97,0.04,0.48,59.85,58.58,55.93,-111,8.5
2026-07-31 12:35:23,Laboratorios Civil Inferior,47.84,Mixed,42.53,49.64,Group 1 (Common),47.88,47.97,0.0,0.0,48.03,42.53,34.85,0.3,1.17,20.88,50.32,47.54,46.33,-119,-6.2
2026-07-31 12:35:29,Pasillo Salones Eléctrica,33.91,Silence,0.0,34.9,Silence,0.0,0.0,0.0,0.0,0.0,0.0,0.0,0.0,0.0,0.0,34.71,33.42,32.55,-101,11.5
2026-07-31 12:35:38,Salón - Uma Eléctrica,43.12,Silence,0.0,43.97,Silence,0.0,0.0,0.0,0.0,0.0,0.0,0.0,0.0,0.0,0.0,43.87,42.98,42.45,-112,6.2
2026-07-31 12:36:06,Salón - Extremo Civil,24.93,Silence,0.0,25.94,Silence,0.0,0.0,0.0,0.0,0.0,0.0,0.0,0.0,0.0,0.0,26.28,25.1,22.62,-105,11.0
2026-07-31 12:36:10,Pasillo Salones Civil,40.12,Silence,0.0,41.21,Silence,0.0,0.0,0.0,0.0,0.0,0.0,0.0,0.0,0.0,0.0,41.46,39.86,39.46,-95,11.2
2026-07-31 12:36:22,Laboratorios Civil Superior,61.37,Group 1 (Common),88.37,62.79,Group 1 (Common),60.92,0.0,57.28,0.0,0.0,88.37,0.04,11.24,0.17,0.13,63.2,61.5,58.11,-111,6.5
2026-07-31 12:36:36,Laboratorios Eléctrica Centro,47.79,Group 5 (Vehicle),71.27,49.15,Group 5 (Vehicle),0.0,0.0,48.4,0.0,47.35,9.98,0.61,18.1,0.0,71.27,49.27,47.88,45.89,-120,-9.2
2026-07-31 12:37:51,Lobby Civil,62.29,Mixed,46.19,65.18,Group 2 (Impact),60.47,63.89,63.42,0.0,0.0,46.19,28.13,5.66,3.71,16.26,66.24,61.59,59.47,-108,4.8
2026-07-31 12:37:59,Pasillo Decanato Civil,41.48,Silence,0.0,42.84,Silence,0.0,0.0,0.0,0.0,0.0,0.0,0.0,0.0,0.0,0.0,42.52,41.48,39.08,-113,4.8
2026-07-31 12:39:13,Salón - Extremo Eléctrica,45.09,Group 2 (Impact),99.61,46.06,Group 2 (Impact),0.0,45.02,0.0,0.0,0.0,0.0,99.61,0.0,0.0,0.0,46.45,45.18,43.95,-109,8.2
2026-07-31 12:39:20,Laboratorios Eléctrica Superior,54.3,Mixed,36.02,55.31,Group 3 (Rotary Tool),54.44,54.82,55.02,0.0,54.43,36.02,19.66,8.68,0.69,34.81,55.56,54.32,52.59,-117,-3.0
2026-07-31 12:39:37,Salón - Uma Civil,46.28,Group 2 (Impact),76.82,49.98,Group 2 (Impact),44.64,46.43,0.0,0.0,0.0,10.85,76.82,3.39,2.39,6.55,50.69,44.96,43.13,-105,9.0
2026-07-31 12:39:39,Pasillo Decanato Eléctrica,56.4,Group 1 (Common),99.57,57.25,Group 1 (Common),56.43,0.0,0.0,0.0,0.0,99.57,0.04,0.0,0.09,0.04,57.53,56.26,55.5,-103,10.8
2026-07-31 12:40:06,Laboratorios Civil Central,60.83,Group 1 (Common),78.52,64.49,Group 1 (Common),60.76,0.0,0.0,0.0,63.52,78.52,0.22,0.0,0.26,21.05,65.72,59.23,58.0,-108,6.0
2026-07-31 12:40:11,Laboratorios Eléctrica Inferior,52.2,Mixed,56.55,52.97,Group 1 (Common),52.45,0.0,0.0,0.0,51.53,41.49,0.61,0.13,1.09,56.55,53.15,52.26,50.77,-120,-5.0
2026-07-31 12:40:20,Lobby Eléctrica,59.07,Mixed,60.63,60.18,Group 3 (Rotary Tool),58.65,0.0,59.93,0.0,0.0,60.63,0.61,38.54,0.17,0.0,60.13,59.49,56.97,-119,-3.0
2026-07-31 12:40:23,Laboratorios Civil Inferior,55.71,Mixed,67.01,56.31,Group 1 (Common),55.77,55.2,55.31,0.0,0.0,67.01,18.23,10.37,0.26,4.12,56.26,55.81,55.01,-121,-7.8
2026-07-31 12:40:29,Pasillo Salones Eléctrica,35.02,Silence,0.0,35.68,Silence,0.0,0.0,0.0,0.0,0.0,0.0,0.0,0.0,0.0,0.0,35.69,35.0,34.14,-105,12.5
2026-07-31 12:40:38,Salón - Uma Eléctrica,43.48,Silence,0.0,44.43,Silence,0.0,0.0,0.0,0.0,0.0,0.0,0.0,0.0,0.0,0.0,44.4,43.27,42.58,-102,10.8
2026-07-31 12:41:06,Salón - Extremo Civil,37.03,Silence,0.0,48.41,Silence,0.0,0.0,0.0,0.0,0.0,0.0,0.0,0.0,0.0,0.0,45.17,32.19,29.18,-95,13.2
2026-07-31 12:41:10,Pasillo Salones Civil,62.43,Group 1 (Common),84.03,64.66,Group 1 (Common),62.93,0.0,0.0,0.0,0.0,84.03,0.0,9.46,6.12,0.43,64.78,61.29,59.54,-117,0.2
2026-07-31 12:41:22,Laboratorios Civil Superior,60.83,Mixed,54.64,62.46,Group 1 (Common),61.09,0.0,0.0,0.0,61.29,44.97,0.04,0.26,0.17,54.64,61.92,60.6,60.19,-100,11.5
2026-07-31 12:41:32,Laboratorios Eléctrica Centro,51.35,Mixed,50.22,52.95,Group 3 (Rotary Tool),51.61,50.28,51.51,0.0,0.0,23.61,24.31,50.22,0.09,1.82,53.18,51.17,49.32,-99,11.5
2026-07-31 12:42:51,Lobby Civil,71.28,Group 1 (Common),85.63,73.99,Group 1 (Common),72.1,0.0,0.0,0.0,0.0,85.63,1.09,0.0,6.73,6.51,73.95,70.64,67.61,-95,13.2
2026-07-31 12:42:59,Pasillo Decanato Civil,46.96,Mixed,55.56,49.07,Group 1 (Common),47.76,0.0,46.5,0.0,0.0,55.56,2.13,41.58,0.35,0.35,49.6,46.5,45.1,-95,12.2
2026-07-31 12:44:13,Salón - Extremo Eléctrica,25.67,Silence,0.0,26.54,Silence,0.0,0.0,0.0,0.0,0.0,0.0,0.0,0.0,0.0,0.0,26.38,25.63,25.05,-91,11.2
2026-07-31 12:44:20,Laboratorios Eléctrica Superior,50.82,Mixed,64.24,52.01,Group 5 (Vehicle),50.47,0.0,0.0,0.0,51.68,64.24,5.9,0.0,0.39,29.43,52.16,50.55,50.06,-103,11.5
2026-07-31 12:44:37,Salón - Uma Civil,60.18,Mixed,59.47,66.05,Group 4 (Person),59.67,0.0,0.0,63.11,0.0,39.55,0.59,0.0,59.47,0.29,64.7,56.77,51.59,-118,-5.5
2026-07-31 12:44:39,Pasillo Decanato Eléctrica,55.93,Group 1 (Common),99.61,56.62,Group 1 (Common),55.75,0.0,0.0,0.0,0.0,99.61,0.0,0.0,0.0,0.0,56.98,55.89,54.48,-111,3.8
2026-07-31 12:45:06,Laboratorios Civil Central,54.99,Group 1 (Common),99.61,56.48,Group 1 (Common),54.8,0.0,0.0,0.0,0.0,99.61,0.0,0.04,0.0,0.09,56.44,54.61,53.37,-102,11.0
2026-07-31 12:45:11,Laboratorios Eléctrica Inferior,50.83,Mixed,48.18,51.58,Group 5 (Vehicle),51.03,0.0,0.0,0.0,51.03,48.13,2.65,0.17,0.82,48.18,51.8,50.8,49.59,-120,-7.8
2026-07-31 12:45:20,Lobby Eléctrica,59.65,Group 1 (Common),91.58,61.48,Group 1 (Common),59.33,0.0,0.0,0.0,0.0,91.58,1.0,6.94,0.26,0.13,61.97,59.18,56.0,-93,13.0
2026-07-31 12:45:23,Laboratorios Civil Inferior,49.42,Mixed,43.58,54.85,Group 1 (Common),52.86,46.99,0.0,0.0,48.01,41.23,43.58,0.13,2.21,12.89,54.05,46.72,45.68,-118,-11.0
2026-07-31 12:45:29,Pasillo Salones Eléctrica,33.04,Silence,0.0,33.69,Silence,0.0,0.0,0.0,0.0,0.0,0.0,0.0,0.0,0.0,0.0,33.59,33.05,32.28,-99,12.8
2026-07-31 12:45:38,Salón - Uma Eléctrica,42.85,Silence,0.0,43.7,Silence,0.0,0.0,0.0,0.0,0.0,0.0,0.0,0.0,0.0,0.0,43.96,42.77,42.28,-114,5.0
2026-07-31 12:46:06,Salón - Extremo Civil,31.11,Silence,0.0,34.42,Silence,0.0,0.0,0.0,0.0,0.0,0.0,0.0,0.0,0.0,0.0,35.1,30.79,24.1,-105,9.8
2026-07-31 12:46:10,Pasillo Salones Civil,48.91,Group 2 (Impact),71.88,53.57,Group 1 (Common),52.89,46.06,0.0,0.0,0.0,24.35,71.88,0.0,0.78,2.99,54.42,46.62,40.59,-101,12.0
2026-07-31 12:46:22,Laboratorios Civil Superior,49.59,Mixed,60.63,50.71,Group 5 (Vehicle),49.69,0.0,0.0,0.0,50.41,60.63,0.17,0.0,0.04,39.19,50.83,49.63,48.05,-117,2.8
2026-07-31 12:46:32,Laboratorios Eléctrica Centro,48.86,Mixed,68.06,51.21,Group 1 (Common),51.11,0.0,48.81,0.0,0.0,11.72,5.6,68.06,0.09,14.5,49.87,48.63,48.27,-119,-7.0
2026-07-31 12:47:51,Lobby Civil,66.11,Group 1 (Common),99.18,67.74,Group 1 (Common),66.06,0.0,0.0,0.0,0.0,99.18,0.0,0.04,0.04,0.48,68.41,65.85,63.83,-119,-12.8
2026-07-31 12:47:59,Pasillo Decanato Civil,58.63,Mixed,54.34,63.36,Group 4 (Person),55.97,0.0,0.0,61.43,0.0,44.75,0.26,0.56,54.34,0.0,63.86,54.63,45.95,-103,12.0
2026-07-31 12:49:13,Salón - Extremo Eléctrica,23.78,Silence,0.0,28.05,Silence,0.0,0.0,0.0,0.0,0.0,0.0,0.0,0.0,0.0,0.0,29.77,21.14,20.91,-90,12.5
2026-07-31 12:49:20,Laboratorios Eléctrica Superior,46.02,Group 1 (Common),78.52,47.37,Group 5 (Vehicle),45.4,0.0,0.0,0.0,46.67,78.52,6.73,0.0,0.39,14.28,47.56,46.02,44.71,-119,-4.8
2026-07-31 12:49:37,Salón - Uma Civil,57.2,Mixed,47.27,62.28,Group 1 (Common),57.98,61.29,0.0,57.92,0.0,41.5,11.08,0.0,47.27,0.0,62.08,51.09,43.57,-105,11.8
2026-07-31 12:49:39,Pasillo Decanato Eléctrica,69.01,Group 1 (Common),98.49,72.2,Group 1 (Common),67.88,0.0,0.0,0.0,0.0,98.49,0.24,0.0,1.03,0.2,73.31,68.21,60.51,-111,10.0
2026-07-31 12:50:06,Laboratorios Civil Central,63.18,Group 1 (Common),96.01,67.47,Group 1 (Common),61.76,0.0,0.0,0.0,0.0,96.01,0.65,0.0,0.56,2.73,68.68,61.32,57.68,-117,-6.2
2026-07-31 12:50:11,Laboratorios Eléctrica Inferior,55.86,Group 1 (Common),89.41,56.95,Group 1 (Common),55.86,0.0,0.0,0.0,0.0,89.41,0.82,0.04,1.13,8.72,57.01,55.51,54.97,-120,-9.8
2026-07-31 12:50:20,Lobby Eléctrica,54.33,Mixed,52.98,55.85,Group 3 (Rotary Tool),54.32,0.0,54.69,0.0,0.0,52.98,1.56,43.65,0.15,1.56,55.62,53.97,52.66,-95,13.8
2026-07-31 12:50:23,Laboratorios Civil Inferior,64.64,Mixed,51.13,67.16,Group 4 (Person),63.16,0.0,0.0,65.01,0.0,51.13,0.04,0.0,48.7,0.0,67.05,64.02,60.13,-120,-4.0
2026-07-31 12:50:29,Pasillo Salones Eléctrica,32.89,Silence,0.0,33.5,Silence,0.0,0.0,0.0,0.0,0.0,0.0,0.0,0.0,0.0,0.0,33.34,33.07,31.72,-105,11.8
2026-07-31 12:50:38,Salón - Uma Eléctrica,42.93,Silence,0.0,43.64,Silence,0.0,0.0,0.0,0.0,0.0,0.0,0.0,0.0,0.0,0.0,44.02,42.91,42.47,-113,4.8
2026-07-31 12:51:06,Salón - Extremo Civil,23.9,Silence,0.0,24.94,Silence,0.0,0.0,0.0,0.0,0.0,0.0,0.0,0.0,0.0,0.0,24.76,24.16,22.87,-100,8.2
2026-07-31 12:51:10,Pasillo Salones Civil,43.97,Silence,0.0,45.37,Silence,0.0,0.0,0.0,0.0,0.0,0.0,0.0,0.0,0.0,0.0,45.98,43.33,42.47,-107,11.8
2026-07-31 12:51:22,Laboratorios Civil Superior,59.05,Group 1 (Common),99.61,61.52,Group 1 (Common),58.18,0.0,0.0,0.0,0.0,99.61,0.0,0.0,0.04,0.0,62.46,58.69,53.55,-114,6.2
2026-07-31 12:51:32,Laboratorios Eléctrica Centro,51.75,Mixed,35.16,55.29,Group 1 (Common),53.67,0.0,50.89,0.0,53.85,31.12,2.13,35.16,3.82,27.69,54.2,51.21,48.92,-119,-6.2
2026-07-31 12:52:51,Lobby Civil,63.39,Group 1 (Common),88.15,66.28,Group 1 (Common),63.01,0.0,0.0,0.0,0.0,88.15,0.48,9.72,1.22,0.39,66.87,62.97,60.26,-93,12.8
2026-07-31 12:52:59,Pasillo Decanato Civil,64.14,Mixed,50.43,69.75,Group 4 (Person),0.0,53.2,0.0,67.03,59.34,0.22,9.42,8.29,31.55,50.43,71.49,54.85,51.87,-96,12.8
2026-07-31 12:54:13,Salón - Extremo Eléctrica,20.18,Silence,0.0,21.21,Silence,0.0,0.0,0.0,0.0,0.0,0.0,0.0,0.0,0.0,0.0,21.45,20.02,18.93,-93,13.8
2026-07-31 12:54:20,Laboratorios Eléctrica Superior,46.15,Mixed,66.41,47.34,Group 1 (Common),46.55,0.0,0.0,0.0,47.05,66.41,3.08,2.56,0.26,27.69,47.16,46.25,45.13,-102,11.5
2026-07-31 12:54:37,Salón - Uma Civil,69.97,Group 4 (Person),86.28,74.19,Group 4 (Person),65.13,0.0,0.0,71.27,0.0,12.8,0.74,0.0,86.28,0.0,75.06,68.42,64.48,-109,10.0
2026-07-31 12:54:39,Pasillo Decanato Eléctrica,55.4,Group 1 (Common),99.61,56.1,Group 1 (Common),55.33,0.0,0.0,0.0,0.0,99.61,0.0,0.0,0.04,0.04,56.02,55.47,54.12,-120,-12.5
2026-07-31 12:55:06,Laboratorios Civil Central,57.75,Group 1 (Common),99.26,59.0,Group 1 (Common),57.43,0.0,0.0,0.0,0.0,99.26,0.22,0.0,0.13,0.17,59.35,57.54,56.23,-107,7.8
2026-07-31 12:55:11,Laboratorios Eléctrica Inferior,57.25,Mixed,62.41,57.77,Group 1 (Common),57.34,0.0,0.0,0.0,57.39,62.41,3.08,0.0,1.22,33.25,57.61,57.21,56.81,-119,-9.0
2026-07-31 12:55:20,Lobby Eléctrica,52.0,Mixed,54.49,54.88,Group 2 (Impact),52.35,54.51,0.0,0.0,51.96,54.49,7.08,2.49,0.15,35.69,55.78,51.11,49.7,-95,13.0
2026-07-31 12:55:23,Laboratorios Civil Inferior,67.91,Group 1 (Common),99.61,72.01,Group 1 (Common),66.12,0.0,0.0,0.0,0.0,99.61,0.0,0.0,0.0,0.0,72.96,65.22,63.32,-115,2.0
2026-07-31 12:55:29,Pasillo Salones Eléctrica,36.87,Silence,0.0,38.79,Silence,0.0,0.0,0.0,0.0,0.0,0.0,0.0,0.0,0.0,0.0,38.66,36.88,35.16,-99,8.8
2026-07-31 12:55:38,Salón - Uma Eléctrica,43.18,Silence,0.0,44.16,Silence,0.0,0.0,0.0,0.0,0.0,0.0,0.0,0.0,0.0,0.0,44.11,43.3,42.28,-110,4.8
2026-07-31 12:56:06,Salón - Extremo Civil,28.22,Silence,0.0,30.52,Silence,0.0,0.0,0.0,0.0,0.0,0.0,0.0,0.0,0.0,0.0,30.98,26.74,24.9,-102,11.2
2026-07-31 12:56:10,Pasillo Salones Civil,40.41,Silence,0.0,41.72,Silence,0.0,0.0,0.0,0.0,0.0,0.0,0.0,0.0,0.0,0.0,41.73,39.99,39.53,-103,11.5
2026-07-31 12:56:22,Laboratorios Civil Superior,53.05,Group 1 (Common),73.0,54.14,Group 1 (Common),53.35,0.0,52.16,0.0,53.64,73.0,0.13,17.62,0.91,8.29,54.44,52.88,51.52,-106,9.2
2026-07-31 12:56:32,Laboratorios Eléctrica Centro,55.3,Mixed,67.97,56.89,Group 1 (Common),55.35,0.0,0.0,0.0,54.46,67.97,0.44,24.27,0.15,7.23,57.27,54.71,54.13,-107,8.5
2026-07-31 12:57:51,Lobby Civil,63.14,Group 1 (Common),88.24,67.96,Group 1 (Common),64.86,0.0,0.0,0.0,59.82,88.24,0.0,0.04,3.34,8.29,67.08,61.33,55.43,-90,12.8
2026-07-31 12:57:59,Pasillo Decanato Civil,59.22,Mixed,65.1,63.75,Group 4 (Person),55.96,0.0,0.0,59.82,0.0,33.38,1.35,0.0,65.1,0.0,64.46,55.56,53.86,-109,8.5
2026-07-31 12:59:13,Salón - Extremo Eléctrica,22.1,Silence,0.0,22.96,Silence,0.0,0.0,0.0,0.0,0.0,0.0,0.0,0.0,0.0,0.0,23.11,21.86,21.06,-109,8.8
2026-07-31 12:59:20,Laboratorios Eléctrica Superior,48.32,Group 1 (Common),76.09,49.63,Group 1 (Common),48.75,0.0,48.18,0.0,0.0,76.09,0.43,19.84,0.17,3.56,49.93,48.58,45.02,-118,-2.2
2026-07-31 12:59:37,Salón - Uma Civil,73.28,Mixed,69.01,76.71,Group 4 (Person),73.4,0.0,0.0,72.74,0.0,30.86,0.0,0.0,69.01,0.0,76.72,71.66,62.67,-103,7.0
2026-07-31 12:59:39,Pasillo Decanato Eléctrica,60.01,Group 1 (Common),99.61,64.83,Group 1 (Common),58.08,0.0,0.0,0.0,0.0,99.61,0.0,0.0,0.04,0.0,66.1,58.05,57.08,-107,9.5
2026-07-31 13:00:06,Laboratorios Civil Central,57.49,Group 1 (Common),71.57,59.94,Group 1 (Common),57.34,0.0,0.0,0.0,0.0,71.57,0.13,0.0,0.09,28.13,60.97,56.89,54.35,-101,10.2
2026-07-31 13:00:11,Laboratorios Eléctrica Inferior,63.09,Mixed,65.1,65.67,Group 1 (Common),63.67,0.0,0.0,0.0,58.11,65.1,0.3,2.34,5.43,26.91,65.93,61.93,56.77,-120,-6.8
2026-07-31 13:00:21,Lobby Eléctrica,51.58,Mixed,59.59,53.02,Group 1 (Common),52.1,0.0,49.7,0.0,0.0,37.85,0.48,59.59,0.04,2.21,53.04,51.59,49.41,-93,12.5
2026-07-31 13:00:23,Laboratorios Civil Inferior,44.45,Silence,0.0,47.46,Silence,0.0,0.0,0.0,0.0,0.0,0.0,0.0,0.0,0.0,0.0,47.22,42.98,42.32,-119,-9.8
2026-07-31 13:00:29,Pasillo Salones Eléctrica,34.74,Silence,0.0,35.47,Silence,0.0,0.0,0.0,0.0,0.0,0.0,0.0,0.0,0.0,0.0,35.63,34.8,34.01,-99,11.8
2026-07-31 13:00:38,Salón - Uma Eléctrica,48.88,Group 2 (Impact),99.44,49.36,Group 2 (Impact),0.0,48.92,0.0,0.0,0.0,0.0,99.44,0.0,0.0,0.3,49.32,48.93,48.1,-112,5.2
2026-07-31 13:01:06,Salón - Extremo Civil,42.76,Silence,0.0,45.41,Silence,0.0,0.0,0.0,0.0,0.0,0.0,0.0,0.0,0.0,0.0,45.98,41.27,38.01,-95,12.2
2026-07-31 13:01:10,Pasillo Salones Civil,53.21,Group 1 (Common),94.31,55.25,Group 1 (Common),53.55,0.0,0.0,0.0,0.0,94.31,1.78,0.3,3.6,0.0,55.17,53.14,50.56,-115,4.8
2026-07-31 13:01:22,Laboratorios Civil Superior,47.69,Mixed,54.34,49.32,Group 5 (Vehicle),47.31,0.0,0.0,0.0,48.48,54.34,0.04,0.65,0.3,44.57,49.31,48.06,45.77,-106,9.5
2026-07-31 13:01:32,Laboratorios Eléctrica Centro,47.17,Mixed,46.63,48.52,Group 1 (Common),48.41,0.0,47.81,0.0,47.18,6.69,0.2,46.63,0.0,46.44,48.33,46.96,45.48,-105,7.0
2026-07-31 13:02:40,Pasillo Decanato Civil,50.46,Group 1 (Common),88.32,54.7,Group 1 (Common),50.76,46.28,0.0,0.0,0.0,88.32,10.07,0.09,0.78,0.48,55.96,48.16,40.35,-113,3.0
2026-07-31 13:04:11,Salón - Extremo Eléctrica,35.49,Silence,0.0,39.12,Silence,0.0,0.0,0.0,0.0,0.0,0.0,0.0,0.0,0.0,0.0,37.16,35.59,32.64,-89,12.0
2026-07-31 13:04:18,Laboratorios Eléctrica Superior,41.2,Silence,0.0,42.14,Silence,0.0,0.0,0.0,0.0,0.0,0.0,0.0,0.0,0.0,0.0,41.8,41.0,40.17,-119,-10.0
2026-07-31 13:04:35,Salón - Uma Civil,56.94,Mixed,61.46,58.84,Group 3 (Rotary Tool),0.0,56.82,58.51,0.0,56.39,0.0,21.35,16.15,1.09,61.46,59.15,57.17,54.69,-109,6.0
2026-07-31 13:04:37,Pasillo Decanato Eléctrica,56.96,Group 1 (Common),99.44,57.58,Group 1 (Common),56.98,0.0,0.0,0.0,0.0,99.44,0.0,0.0,0.04,0.22,57.6,57.1,56.21,-118,-10.8
2026-07-31 13:05:04,Laboratorios Civil Central,55.98,Group 1 (Common),78.96,56.81,Group 1 (Common),55.88,0.0,0.0,0.0,56.37,78.96,0.2,0.0,0.0,20.8,56.99,55.8,55.05,-111,7.5
2026-07-31 13:05:09,Laboratorios Eléctrica Inferior,50.44,Mixed,44.75,52.53,Group 1 (Common),50.62,51.24,0.0,0.0,50.63,44.75,9.68,0.17,3.78,41.45,52.31,49.89,48.36,-123,-6.2
2026-07-31 13:05:19,Lobby Eléctrica,62.94,Group 1 (Common),99.44,63.9,Group 1 (Common),62.92,0.0,0.0,0.0,0.0,99.44,0.04,0.0,0.13,0.17,63.94,62.91,61.82,-115,8.2
2026-07-31 13:05:21,Laboratorios Civil Inferior,42.47,Silence,0.0,43.82,Silence,0.0,0.0,0.0,0.0,0.0,0.0,0.0,0.0,0.0,0.0,43.4,42.08,41.61,-115,-1.8
2026-07-31 13:05:27,Pasillo Salones Eléctrica,45.32,Group 2 (Impact),77.26,45.96,Group 2 (Impact),0.0,45.4,0.0,0.0,45.16,0.39,77.26,1.0,0.0,21.18,46.13,45.4,44.49,-101,8.8
2026-07-31 13:05:36,Salón - Uma Eléctrica,69.8,Mixed,54.86,70.39,Group 1 (Common),70.03,0.0,0.0,0.0,69.16,44.49,0.04,0.09,0.65,54.86,70.45,69.73,69.07,-100,3.0
2026-07-31 13:06:04,Salón - Extremo Civil,37.52,Silence,0.0,39.9,Silence,0.0,0.0,0.0,0.0,0.0,0.0,0.0,0.0,0.0,0.0,39.88,37.03,35.28,-120,-9.5
2026-07-31 13:06:08,Pasillo Salones Civil,57.47,Mixed,47.09,58.75,Group 2 (Impact),57.58,58.63,0.0,0.0,57.77,39.63,11.41,0.0,1.91,47.09,58.08,57.47,56.87,-113,9.0
2026-07-31 13:06:20,Laboratorios Civil Superior,47.08,Group 1 (Common),89.63,48.22,Group 1 (Common),47.13,0.0,0.0,0.0,45.9,89.63,0.0,0.0,0.0,10.2,48.31,46.81,46.22,-115,4.2
2026-07-31 13:06:30,Laboratorios Eléctrica Centro,49.27,Mixed,61.55,51.48,Group 3 (Rotary Tool),0.0,0.0,49.71,0.0,48.14,11.85,3.69,61.55,0.04,22.83,51.82,48.72,46.81,-101,10.2
2026-07-31 13:07:50,Lobby Civil,59.74,Group 1 (Common),94.88,63.6,Group 1 (Common),59.76,0.0,0.0,0.0,0.0,94.88,0.61,0.0,2.56,1.87,63.66,58.95,53.87,-98,11.2
2026-07-31 13:07:57,Pasillo Decanato Civil,44.46,Silence,0.0,45.34,Silence,0.0,0.0,0.0,0.0,0.0,0.0,0.0,0.0,0.0,0.0,45.87,44.44,43.23,-101,8.8
2026-07-31 13:09:11,Salón - Extremo Eléctrica,33.64,Silence,0.0,34.76,Silence,0.0,0.0,0.0,0.0,0.0,0.0,0.0,0.0,0.0,0.0,34.37,33.62,33.05,-89,13.5
2026-07-31 13:09:18,Laboratorios Eléctrica Superior,42.2,Silence,0.0,43.3,Silence,0.0,0.0,0.0,0.0,0.0,0.0,0.0,0.0,0.0,0.0,43.8,41.82,41.16,-119,-2.5
2026-07-31 13:09:35,Salón - Uma Civil,65.04,Mixed,63.93,69.89,Group 1 (Common),62.91,59.98,0.0,0.0,0.0,63.93,7.42,3.08,22.01,3.6,70.65,60.54,59.68,-99,11.8
2026-07-31 13:09:37,Pasillo Decanato Eléctrica,56.74,Group 1 (Common),99.57,57.49,Group 1 (Common),56.64,0.0,0.0,0.0,0.0,99.57,0.0,0.0,0.04,0.13,57.47,56.57,56.2,-104,9.0
2026-07-31 13:10:04,Laboratorios Civil Central,60.42,Group 1 (Common),89.67,61.74,Group 1 (Common),60.54,0.0,0.0,0.0,0.0,89.67,1.69,1.43,6.25,0.87,61.88,60.94,58.22,-105,11.8
2026-07-31 13:10:09,Laboratorios Eléctrica Inferior,51.06,Mixed,69.19,53.03,Group 1 (Common),51.57,0.0,0.0,0.0,48.25,69.19,2.29,0.05,0.49,27.78,52.86,51.47,47.6,-117,3.0
2026-07-31 13:10:18,Lobby Eléctrica,58.3,Group 1 (Common),84.2,58.91,Group 1 (Common),58.19,0.0,0.0,0.0,0.0,84.2,0.17,0.04,0.22,15.23,59.5,58.07,57.24,-117,0.8
2026-07-31 13:10:21,Laboratorios Civil Inferior,45.06,Mixed,68.53,52.56,Group 2 (Impact),0.0,46.39,0.0,0.0,51.71,1.65,68.53,1.3,2.91,25.43,49.47,44.48,42.33,-114,4.5
2026-07-31 13:10:27,Pasillo Salones Eléctrica,45.37,Group 2 (Impact),74.05,46.17,Group 1 (Common),45.52,45.09,0.0,0.0,0.0,21.05,74.05,0.39,0.74,3.78,46.0,45.37,44.71,-101,11.0
2026-07-31 13:10:36,Salón - Uma Eléctrica,60.81,Group 1 (Common),87.2,61.16,Group 1 (Common),60.89,0.0,0.0,0.0,60.77,87.2,0.56,0.52,0.17,11.5,61.07,60.87,60.54,-114,7.0
2026-07-31 13:11:04,Salón - Extremo Civil,36.36,Silence,0.0,44.19,Silence,0.0,0.0,0.0,0.0,0.0,0.0,0.0,0.0,0.0,0.0,40.1,36.22,31.17,-95,13.2
2026-07-31 13:11:08,Pasillo Salones Civil,52.79,Group 1 (Common),90.02,54.31,Group 1 (Common),52.83,0.0,0.0,0.0,0.0,90.02,0.17,0.04,0.09,9.64,55.1,53.1,50.61,-103,8.2
2026-07-31 13:11:20,Laboratorios Civil Superior,53.85,Group 1 (Common),75.98,58.66,Group 4 (Person),53.31,0.0,0.0,58.06,0.0,75.98,0.54,0.63,21.14,1.46,57.78,53.45,49.16,-112,5.2
2026-07-31 13:11:30,Laboratorios Eléctrica Centro,48.1,Group 5 (Vehicle),76.56,49.55,Group 5 (Vehicle),48.47,0.0,0.0,0.0,47.37,17.49,0.39,5.51,0.04,76.56,49.62,47.94,46.72,-119,-8.8
2026-07-31 13:12:49,Lobby Civil,65.56,Group 1 (Common),84.85,69.34,Group 5 (Vehicle),64.93,0.0,0.0,0.0,69.01,84.85,0.09,0.0,0.09,14.89,69.82,65.02,55.42,-99,12.0
2026-07-31 13:12:57,Pasillo Decanato Civil,41.89,Silence,0.0,43.31,Silence,0.0,0.0,0.0,0.0,0.0,0.0,0.0,0.0,0.0,0.0,43.29,41.84,40.52,-119,2.8
2026-07-31 13:14:11,Salón - Extremo Eléctrica,19.63,Silence,0.0,20.22,Silence,0.0,0.0,0.0,0.0,0.0,0.0,0.0,0.0,0.0,0.0,20.1,19.76,18.76,-91,12.8
2026-07-31 13:14:18,Laboratorios Eléctrica Superior,44.06,Silence,0.0,46.7,Silence,0.0,0.0,0.0,0.0,0.0,0.0,0.0,0.0,0.0,0.0,46.62,43.83,40.49,-115,-0.5
2026-07-31 13:14:35,Salón - Uma Civil,54.27,Group 5 (Vehicle),92.32,57.14,Group 5 (Vehicle),0.0,0.0,0.0,0.0,54.33,0.0,5.51,1.69,0.74,92.32,57.31,54.2,48.44,-108,10.8
2026-07-31 13:14:37,Pasillo Decanato Eléctrica,56.42,Group 1 (Common),98.31,57.05,Group 1 (Common),56.23,0.0,0.0,0.0,0.0,98.31,0.56,0.0,0.78,0.35,57.8,56.34,55.18,-109,7.8
2026-07-31 13:15:04,Laboratorios Civil Central,60.56,Group 1 (Common),99.61,65.24,Group 1 (Common),59.11,0.0,0.0,0.0,0.0,99.61,0.0,0.0,0.04,0.0,65.65,59.65,56.51,-118,-11.5
2026-07-31 13:15:09,Laboratorios Eléctrica Inferior,48.13,Group 5 (Vehicle),73.54,49.13,Group 5 (Vehicle),48.11,0.0,0.0,0.0,48.61,23.1,1.71,0.15,1.42,73.54,48.77,47.95,47.16,-120,-5.2
2026-07-31 13:15:19,Lobby Eléctrica,57.15,Mixed,63.5,60.96,Group 4 (Person),53.79,0.0,0.0,59.05,0.0,63.5,0.91,0.0,35.55,0.0,62.14,56.41,50.04,-97,9.5
2026-07-31 13:15:21,Laboratorios Civil Inferior,53.15,Group 1 (Common),91.32,54.64,Group 1 (Common),53.08,0.0,0.0,0.0,0.0,91.32,0.78,6.9,0.48,0.48,54.72,53.55,50.48,-117,-4.0
2026-07-31 13:15:27,Pasillo Salones Eléctrica,33.59,Silence,0.0,34.44,Silence,0.0,0.0,0.0,0.0,0.0,0.0,0.0,0.0,0.0,0.0,34.79,33.55,32.13,-115,3.5
2026-07-31 13:15:37,Salón - Uma Eléctrica,43.28,Silence,0.0,44.07,Silence,0.0,0.0,0.0,0.0,0.0,0.0,0.0,0.0,0.0,0.0,44.08,43.32,41.82,-111,6.2
2026-07-31 13:16:04,Salón - Extremo Civil,28.27,Silence,0.0,31.35,Silence,0.0,0.0,0.0,0.0,0.0,0.0,0.0,0.0,0.0,0.0,31.45,28.09,23.47,-89,13.2
2026-07-31 13:16:08,Pasillo Salones Civil,41.64,Silence,0.0,42.64,Silence,0.0,0.0,0.0,0.0,0.0,0.0,0.0,0.0,0.0,0.0,43.04,41.65,40.51,-114,4.8
2026-07-31 13:16:20,Laboratorios Civil Superior,63.14,Mixed,60.76,66.8,Group 4 (Person),60.3,0.0,0.0,65.83,0.0,60.76,0.0,0.0,38.85,0.22,67.67,61.91,53.41,-107,11.2
2026-07-31 13:16:30,Laboratorios Eléctrica Centro,46.46,Mixed,51.69,47.74,Group 1 (Common),47.47,45.76,46.73,0.0,46.04,23.09,8.81,16.32,0.09,51.69,47.7,46.29,45.21,-105,12.5
2026-07-31 13:17:49,Lobby Civil,58.52,Group 1 (Common),85.84,63.29,Group 1 (Common),59.31,0.0,0.0,0.0,54.73,85.84,0.63,0.0,0.98,12.4,63.78,56.36,54.0,-114,5.0
2026-07-31 13:17:57,Pasillo Decanato Civil,38.98,Silence,0.0,40.59,Silence,0.0,0.0,0.0,0.0,0.0,0.0,0.0,0.0,0.0,0.0,40.87,39.07,36.98,-113,-1.8
2026-07-31 13:19:11,Salón - Extremo Eléctrica,19.09,Silence,0.0,19.73,Silence,0.0,0.0,0.0,0.0,0.0,0.0,0.0,0.0,0.0,0.0,19.44,19.04,18.7,-99,9.2
2026-07-31 13:19:18,Laboratorios Eléctrica Superior,42.51,Silence,0.0,44.14,Silence,0.0,0.0,0.0,0.0,0.0,0.0,0.0,0.0,0.0,0.0,44.13,41.73,40.7,-103,11.2
2026-07-31 13:19:35,Salón - Uma Civil,65.18,Mixed,53.21,69.99,Group 2 (Impact),0.0,64.05,0.0,62.41,0.0,0.52,45.1,0.82,53.21,0.3,72.01,62.1,49.2,-102,11.5
2026-07-31 13:19:37,Pasillo Decanato Eléctrica,56.72,Group 1 (Common),81.21,58.41,Group 2 (Impact),56.45,58.02,0.0,0.0,0.0,81.21,14.24,0.04,0.65,3.82,58.49,56.39,55.12,-109,10.5
2026-07-31 13:20:04,Laboratorios Civil Central,58.38,Group 1 (Common),91.49,59.64,Group 1 (Common),58.54,0.0,0.0,0.0,0.0,91.49,0.09,0.65,3.21,4.51,59.74,58.88,55.86,-107,10.8
2026-07-31 13:20:09,Laboratorios Eléctrica Inferior,50.38,Mixed,57.6,56.41,Group 1 (Common),52.85,51.17,0.0,0.0,49.47,57.6,8.03,0.04,3.13,31.25,55.14,48.99,47.55,-118,-3.5
2026-07-31 13:20:19,Lobby Eléctrica,41.32,Silence,0.0,44.58,Silence,0.0,0.0,0.0,0.0,0.0,0.0,0.0,0.0,0.0,0.0,45.96,40.72,37.98,-119,-2.5
2026-07-31 13:20:21,Laboratorios Civil Inferior,44.44,Silence,0.0,45.44,Silence,0.0,0.0,0.0,0.0,0.0,0.0,0.0,0.0,0.0,0.0,46.03,44.22,43.64,-116,-3.2
2026-07-31 13:20:27,Pasillo Salones Eléctrica,32.38,Silence,0.0,33.06,Silence,0.0,0.0,0.0,0.0,0.0,0.0,0.0,0.0,0.0,0.0,33.01,32.37,31.82,-103,10.8
2026-07-31 13:20:37,Salón - Uma Eléctrica,43.1,Silence,0.0,43.87,Silence,0.0,0.0,0.0,0.0,0.0,0.0,0.0,0.0,0.0,0.0,43.67,43.1,42.2,-107,10.0
2026-07-31 13:21:04,Salón - Extremo Civil,28.49,Silence,0.0,31.66,Silence,0.0,0.0,0.0,0.0,0.0,0.0,0.0,0.0,0.0,0.0,32.34,27.83,24.4,-93,9.8
2026-07-31 13:21:08,Pasillo Salones Civil,43.94,Silence,0.0,46.42,Silence,0.0,0.0,0.0,0.0,0.0,0.0,0.0,0.0,0.0,0.0,46.77,42.52,41.48,-101,12.2
2026-07-31 13:21:20,Laboratorios Civil Superior,55.6,Mixed,54.64,60.19,Group 2 (Impact),55.06,59.44,0.0,0.0,55.27,20.83,11.81,9.29,3.52,54.64,60.32,52.19,49.18,-101,12.2
2026-07-31 13:21:30,Laboratorios Eléctrica Centro,47.64,Group 5 (Vehicle),73.0,49.26,Group 5 (Vehicle),0.0,0.0,48.1,0.0,47.97,2.13,0.26,24.61,0.0,73.0,48.4,47.5,47.06,-99,10.0
2026-07-31 13:22:49,Lobby Civil,64.89,Group 1 (Common),90.28,70.99,Group 1 (Common),67.13,0.0,0.0,0.0,63.03,90.28,0.65,0.0,0.82,8.12,68.0,63.7,61.4,-103,11.5
2026-07-31 13:22:57,Pasillo Decanato Civil,38.61,Silence,0.0,40.17,Silence,0.0,0.0,0.0,0.0,0.0,0.0,0.0,0.0,0.0,0.0,39.6,38.44,37.51,-102,11.8
2026-07-31 13:24:16,Salón - Extremo Eléctrica,40.51,Silence,0.0,45.63,Silence,0.0,0.0,0.0,0.0,0.0,0.0,0.0,0.0,0.0,0.0,46.48,37.51,26.15,-94,12.2
2026-07-31 13:24:18,Laboratorios Eléctrica Superior,55.18,Mixed,46.57,60.8,Group 2 (Impact),47.29,60.02,58.75,0.0,52.52,46.57,9.11,9.68,0.95,33.68,61.87,50.45,44.21,-120,-11.8
2026-07-31 13:24:35,Salón - Uma Civil,38.43,Silence,0.0,48.42,Silence,0.0,0.0,0.0,0.0,0.0,0.0,0.0,0.0,0.0,0.0,41.45,37.82,35.98,-103,7.5
2026-07-31 13:24:37,Pasillo Decanato Eléctrica,55.88,Group 1 (Common),98.97,56.92,Group 1 (Common),55.85,0.0,0.0,0.0,0.0,98.97,0.68,0.0,0.34,0.0,57.19,55.88,53.48,-103,9.0
2026-07-31 13:25:04,Laboratorios Civil Central,57.33,Group 1 (Common),84.03,60.95,Group 1 (Common),57.22,0.0,0.0,0.0,54.97,84.03,0.3,0.04,0.48,15.32,61.51,55.74,53.75,-102,9.2
2026-07-31 13:25:09,Laboratorios Eléctrica Inferior,60.19,Group 5 (Vehicle),91.02,61.6,Group 5 (Vehicle),59.99,0.0,0.0,0.0,60.36,7.16,0.22,0.0,1.56,91.02,61.9,59.94,58.47,-109,10.2
2026-07-31 13:25:19,Lobby Eléctrica,50.69,Mixed,58.33,52.65,Group 1 (Common),50.79,0.0,49.9,0.0,50.72,58.33,0.22,12.72,0.0,28.65,53.63,49.82,48.09,-95,13.8
2026-07-31 13:25:21,Laboratorios Civil Inferior,43.81,Silence,0.0,44.91,Silence,0.0,0.0,0.0,0.0,0.0,0.0,0.0,0.0,0.0,0.0,44.87,43.82,42.9,-102,4.5
2026-07-31 13:25:27,Pasillo Salones Eléctrica,67.8,Mixed,42.27,71.94,Group 2 (Impact),0.0,66.64,0.0,69.89,52.32,0.48,42.27,12.24,25.91,19.01,72.78,65.15,49.44,-114,4.0
2026-07-31 13:25:37,Salón - Uma Eléctrica,51.4,Mixed,48.65,55.91,Group 2 (Impact),48.99,53.48,0.0,0.0,49.68,17.36,25.13,0.22,8.77,48.65,56.2,49.37,45.39,-103,6.0
2026-07-31 13:26:04,Salón - Extremo Civil,34.53,Silence,0.0,37.1,Silence,0.0,0.0,0.0,0.0,0.0,0.0,0.0,0.0,0.0,0.0,37.73,34.11,31.85,-87,13.2
2026-07-31 13:26:08,Pasillo Salones Civil,53.9,Group 1 (Common),98.52,55.98,Group 1 (Common),54.41,0.0,0.0,0.0,0.0,98.52,0.43,0.22,0.04,0.69,55.22,53.93,52.97,-102,10.0
2026-07-31 13:26:20,Laboratorios Civil Superior,48.78,Group 5 (Vehicle),83.07,51.55,Group 5 (Vehicle),47.99,0.0,0.0,0.0,49.07,8.64,5.56,1.69,1.04,83.07,52.0,47.37,45.93,-105,11.2
2026-07-31 13:26:30,Laboratorios Eléctrica Centro,50.36,Mixed,43.79,50.9,Group 5 (Vehicle),50.14,50.39,50.6,0.0,50.82,6.21,43.79,20.49,0.09,29.43,50.92,50.57,49.55,-105,10.2
2026-07-31 13:27:49,Lobby Civil,57.9,Group 1 (Common),98.91,60.67,Group 1 (Common),57.92,0.0,0.0,0.0,0.0,98.91,0.0,0.17,0.69,0.0,60.95,57.51,54.26,-105,9.0
2026-07-31 13:27:57,Pasillo Decanato Civil,39.79,Silence,0.0,42.48,Silence,0.0,0.0,0.0,0.0,0.0,0.0,0.0,0.0,0.0,0.0,42.75,38.76,36.81,-97,12.8
2026-07-31 13:29:11,Salón - Extremo Eléctrica,31.62,Silence,0.0,37.88,Silence,0.0,0.0,0.0,0.0,0.0,0.0,0.0,0.0,0.0,0.0,35.81,31.85,24.79,-90,12.2
2026-07-31 13:29:18,Laboratorios Eléctrica Superior,40.1,Silence,0.0,40.84,Silence,0.0,0.0,0.0,0.0,0.0,0.0,0.0,0.0,0.0,0.0,40.92,40.16,38.93,-103,12.0
2026-07-31 13:29:35,Salón - Uma Civil,44.88,Silence,0.0,53.27,Silence,0.0,0.0,0.0,0.0,0.0,0.0,0.0,0.0,0.0,0.0,55.27,38.28,35.12,-118,-10.5
2026-07-31 13:29:37,Pasillo Decanato Eléctrica,55.56,Group 1 (Common),99.61,56.55,Group 1 (Common),55.62,0.0,0.0,0.0,0.0,99.61,0.0,0.0,0.1,0.0,56.45,55.62,54.48,-120,-12.5
2026-07-31 13:30:04,Laboratorios Civil Central,62.29,Group 1 (Common),99.39,65.21,Group 1 (Common),62.48,0.0,0.0,0.0,0.0,99.39,0.0,0.0,0.43,0.0,65.65,61.67,58.22,-101,11.0
2026-07-31 13:30:09,Laboratorios Eléctrica Inferior,48.96,Mixed,51.0,49.72,Group 1 (Common),49.22,0.0,0.0,0.0,49.16,47.14,0.61,0.0,1.09,51.0,50.01,48.87,47.93,-118,-6.0
2026-07-31 13:30:19,Lobby Eléctrica,59.67,Mixed,59.55,61.58,Group 1 (Common),59.49,0.0,0.0,58.97,0.0,59.55,1.13,0.0,39.24,0.0,62.22,59.35,57.76,-111,10.2
2026-07-31 13:30:21,Laboratorios Civil Inferior,50.78,Mixed,45.49,53.64,Group 2 (Impact),50.51,51.58,0.0,0.0,52.69,45.49,28.47,0.13,3.13,22.79,54.28,50.05,47.79,-115,-3.8
2026-07-31 13:30:27,Pasillo Salones Eléctrica,57.17,Group 2 (Impact),98.7,59.88,Group 2 (Impact),0.0,57.13,0.0,0.0,0.0,0.0,98.7,0.04,0.0,1.04,60.15,57.01,51.83,-101,10.2
2026-07-31 13:30:37,Salón - Uma Eléctrica,44.49,Silence,0.0,45.77,Silence,0.0,0.0,0.0,0.0,0.0,0.0,0.0,0.0,0.0,0.0,45.8,44.39,43.25,-108,9.2
2026-07-31 13:31:04,Salón - Extremo Civil,24.9,Silence,0.0,27.29,Silence,0.0,0.0,0.0,0.0,0.0,0.0,0.0,0.0,0.0,0.0,27.2,24.85,22.71,-84,12.5
2026-07-31 13:31:08,Pasillo Salones Civil,41.9,Silence,0.0,43.73,Silence,0.0,0.0,0.0,0.0,0.0,0.0,0.0,0.0,0.0,0.0,44.6,41.96,39.9,-102,9.2
2026-07-31 13:31:20,Laboratorios Civil Superior,48.65,Group 1 (Common),84.51,49.61,Group 4 (Person),48.79,0.0,0.0,49.45,0.0,84.51,4.04,0.0,4.82,6.81,49.6,48.56,48.18,-97,11.5
2026-07-31 13:31:30,Laboratorios Eléctrica Centro,49.99,Mixed,68.79,52.01,Group 5 (Vehicle),50.05,0.0,0.0,0.0,50.03,30.95,0.0,0.17,0.04,68.79,52.72,49.29,47.2,-103,11.8
2026-07-31 13:32:49,Lobby Civil,61.48,Mixed,56.42,64.2,Group 5 (Vehicle),0.0,58.44,60.73,0.0,62.63,0.0,14.11,28.95,0.61,56.42,65.24,59.16,57.58,-85,12.5
2026-07-31 13:32:57,Pasillo Decanato Civil,36.24,Silence,0.0,37.11,Silence,0.0,0.0,0.0,0.0,0.0,0.0,0.0,0.0,0.0,0.0,37.16,36.18,34.72,-101,12.2
2026-07-31 13:34:11,Salón - Extremo Eléctrica,24.54,Silence,0.0,27.47,Silence,0.0,0.0,0.0,0.0,0.0,0.0,0.0,0.0,0.0,0.0,27.44,22.72,21.74,-93,13.8
2026-07-31 13:34:18,Laboratorios Eléctrica Superior,42.5,Silence,0.0,45.18,Silence,0.0,0.0,0.0,0.0,0.0,0.0,0.0,0.0,0.0,0.0,46.41,41.52,40.26,-102,10.5
2026-07-31 13:34:48,Salón - Uma Civil,37.92,Silence,0.0,39.37,Silence,0.0,0.0,0.0,0.0,0.0,0.0,0.0,0.0,0.0,0.0,39.94,37.77,35.93,-102,8.2
2026-07-31 13:34:48,Pasillo Decanato Eléctrica,55.6,Group 1 (Common),99.57,56.55,Group 1 (Common),55.61,0.0,0.0,0.0,0.0,99.57,0.0,0.0,0.09,0.13,56.27,55.42,55.11,-108,9.8
2026-07-31 13:35:04,Laboratorios Civil Central,59.29,Group 1 (Common),89.41,62.2,Group 1 (Common),58.69,0.0,0.0,0.0,0.0,89.41,1.39,0.0,0.26,8.85,62.65,58.02,56.67,-97,12.0
2026-07-31 13:35:09,Laboratorios Eléctrica Inferior,48.05,Group 5 (Vehicle),89.8,48.91,Group 5 (Vehicle),0.0,0.0,0.0,0.0,48.04,9.46,0.22,0.04,0.39,89.8,48.7,48.2,47.1,-115,-2.5
2026-07-31 13:35:19,Lobby Eléctrica,63.95,Group 1 (Common),99.57,65.93,Group 1 (Common),64.29,0.0,0.0,0.0,0.0,99.57,0.0,0.04,0.22,0.0,65.49,63.89,61.02,-109,10.0
2026-07-31 13:35:21,Laboratorios Civil Inferior,51.1,Mixed,53.43,54.17,Group 1 (Common),52.36,43.62,0.0,0.0,0.0,53.43,36.72,0.17,7.16,2.6,55.52,50.36,41.51,-115,3.2
2026-07-31 13:35:27,Pasillo Salones Eléctrica,33.19,Silence,0.0,33.87,Silence,0.0,0.0,0.0,0.0,0.0,0.0,0.0,0.0,0.0,0.0,34.02,33.31,32.44,-101,11.8
2026-07-31 13:35:37,Salón - Uma Eléctrica,42.61,Silence,0.0,43.68,Silence,0.0,0.0,0.0,0.0,0.0,0.0,0.0,0.0,0.0,0.0,43.48,42.58,41.68,-121,-10.2
2026-07-31 13:36:04,Salón - Extremo Civil,26.4,Silence,0.0,29.17,Silence,0.0,0.0,0.0,0.0,0.0,0.0,0.0,0.0,0.0,0.0,29.65,24.57,22.02,-99,13.5
2026-07-31 13:36:08,Pasillo Salones Civil,40.11,Silence,0.0,40.93,Silence,0.0,0.0,0.0,0.0,0.0,0.0,0.0,0.0,0.0,0.0,41.13,40.06,38.96,-115,2.2
2026-07-31 13:36:20,Laboratorios Civil Superior,51.37,Mixed,65.45,56.46,Group 1 (Common),53.81,0.0,0.0,0.0,49.77,65.45,0.0,4.38,0.17,29.99,56.13,49.59,47.16,-105,8.8
2026-07-31 13:36:30,Laboratorios Eléctrica Centro,53.01,Mixed,41.89,54.96,Group 1 (Common),53.39,52.51,0.0,0.0,53.13,41.89,7.42,19.78,0.29,30.57,55.21,52.44,49.96,-103,11.5
2026-07-31 13:37:49,Lobby Civil,59.59,Group 1 (Common),71.09,63.6,Group 1 (Common),60.93,58.53,0.0,0.0,0.0,71.09,21.22,0.0,2.17,5.47,63.25,58.85,57.75,-106,5.5
2026-07-31 13:37:57,Pasillo Decanato Civil,38.64,Silence,0.0,41.09,Silence,0.0,0.0,0.0,0.0,0.0,0.0,0.0,0.0,0.0,0.0,40.96,37.95,37.36,-97,12.5
2026-07-31 13:39:11,Salón - Extremo Eléctrica,31.12,Silence,0.0,39.2,Silence,0.0,0.0,0.0,0.0,0.0,0.0,0.0,0.0,0.0,0.0,34.99,29.0,26.53,-108,6.5
2026-07-31 13:39:18,Laboratorios Eléctrica Superior,41.14,Silence,0.0,41.96,Silence,0.0,0.0,0.0,0.0,0.0,0.0,0.0,0.0,0.0,0.0,41.7,41.23,40.25,-101,11.5
2026-07-31 13:39:35,Salón - Uma Civil,48.92,Mixed,50.13,52.48,Group 5 (Vehicle),0.0,45.53,0.0,0.0,51.12,0.0,50.13,9.85,1.43,38.41,53.68,48.06,40.39,-117,-13.5
2026-07-31 13:39:38,Pasillo Decanato Eléctrica,55.92,Group 1 (Common),99.61,56.55,Group 1 (Common),55.86,0.0,0.0,0.0,0.0,99.61,0.0,0.0,0.09,0.0,56.65,55.78,55.4,-105,11.5
2026-07-31 13:40:06,Laboratorios Civil Central,57.14,Group 1 (Common),98.05,58.52,Group 1 (Common),56.91,0.0,0.0,0.0,0.0,98.05,0.3,0.0,0.22,1.48,59.1,56.87,55.27,-102,12.0
2026-07-31 13:40:09,Laboratorios Eléctrica Inferior,49.2,Mixed,48.65,50.03,Group 5 (Vehicle),49.2,0.0,0.0,0.0,48.97,48.65,2.56,0.09,1.0,47.61,50.08,49.19,47.71,-120,-3.0
2026-07-31 13:40:19,Lobby Eléctrica,53.54,Group 1 (Common),81.94,58.14,Group 1 (Common),54.55,0.0,0.0,0.0,0.0,81.94,0.35,14.45,0.13,3.17,55.75,53.24,51.68,-109,9.8
2026-07-31 13:40:21,Laboratorios Civil Inferior,43.55,Silence,0.0,44.24,Silence,0.0,0.0,0.0,0.0,0.0,0.0,0.0,0.0,0.0,0.0,43.89,43.68,42.56,-119,-2.2
2026-07-31 13:40:27,Pasillo Salones Eléctrica,43.14,Silence,0.0,53.41,Silence,0.0,0.0,0.0,0.0,0.0,0.0,0.0,0.0,0.0,0.0,50.18,38.46,33.32,-102,12.2
2026-07-31 13:40:37,Salón - Uma Eléctrica,44.06,Silence,0.0,44.62,Silence,0.0,0.0,0.0,0.0,0.0,0.0,0.0,0.0,0.0,0.0,44.54,44.02,43.61,-107,6.5
2026-07-31 13:41:04,Salón - Extremo Civil,23.76,Silence,0.0,24.99,Silence,0.0,0.0,0.0,0.0,0.0,0.0,0.0,0.0,0.0,0.0,24.53,23.7,22.79,-119,-13.0
2026-07-31 13:41:08,Pasillo Salones Civil,42.28,Silence,0.0,47.38,Silence,0.0,0.0,0.0,0.0,0.0,0.0,0.0,0.0,0.0,0.0,42.73,42.19,41.84,-101,11.8
2026-07-31 13:41:20,Laboratorios Civil Superior,60.2,Group 1 (Common),88.54,63.44,Group 1 (Common),59.81,0.0,0.0,0.0,0.0,88.54,1.74,0.09,8.33,1.22,64.17,60.7,52.44,-114,4.5
2026-07-31 13:41:30,Laboratorios Eléctrica Centro,47.51,Group 5 (Vehicle),73.34,48.06,Group 5 (Vehicle),46.72,0.0,46.69,0.0,47.68,16.65,0.59,9.33,0.05,73.34,47.98,47.6,46.35,-117,-10.2
2026-07-31 13:42:49,Lobby Civil,62.63,Mixed,54.64,65.77,Group 5 (Vehicle),62.33,0.0,0.0,0.0,61.06,54.64,2.6,0.04,6.51,36.15,65.8,62.39,57.07,-89,12.0
2026-07-31 13:42:57,Pasillo Decanato Civil,53.45,Group 1 (Common),99.57,54.68,Group 1 (Common),52.97,0.0,0.0,0.0,0.0,99.57,0.0,0.04,0.13,0.0,54.99,53.54,50.9,-101,12.5
2026-07-31 13:44:11,Salón - Extremo Eléctrica,39.04,Silence,0.0,47.56,Silence,0.0,0.0,0.0,0.0,0.0,0.0,0.0,0.0,0.0,0.0,49.07,34.95,32.64,-111,6.2
2026-07-31 13:44:18,Laboratorios Eléctrica Superior,41.03,Silence,0.0,42.19,Silence,0.0,0.0,0.0,0.0,0.0,0.0,0.0,0.0,0.0,0.0,42.98,40.81,39.8,-99,9.5
2026-07-31 13:44:35,Salón - Uma Civil,39.93,Silence,0.0,42.05,Silence,0.0,0.0,0.0,0.0,0.0,0.0,0.0,0.0,0.0,0.0,42.7,39.82,38.26,-117,-9.5
2026-07-31 13:44:38,Pasillo Decanato Eléctrica,55.16,Group 1 (Common),99.61,56.01,Group 1 (Common),55.18,0.0,0.0,0.0,0.0,99.61,0.0,0.0,0.0,0.0,55.71,55.13,54.72,-105,11.2
2026-07-31 13:45:04,Laboratorios Civil Central,55.89,Mixed,46.14,57.05,Group 2 (Impact),56.08,56.39,0.0,0.0,0.0,46.14,39.7,0.2,4.54,9.38,57.02,55.68,54.82,-105,9.8
2026-07-31 13:45:09,Laboratorios Eléctrica Inferior,59.11,Group 1 (Common),99.57,61.13,Group 1 (Common),58.86,0.0,0.0,0.0,0.0,99.57,0.13,0.0,0.04,0.0,61.32,58.24,56.38,-119,-10.0
2026-07-31 13:45:23,Lobby Eléctrica,65.16,Group 1 (Common),93.27,68.78,Group 1 (Common),65.59,0.0,0.0,0.0,0.0,93.27,0.22,6.08,0.09,0.09,68.79,62.46,50.6,-119,-5.2
2026-07-31 13:45:23,Laboratorios Civil Inferior,42.31,Silence,0.0,43.57,Silence,0.0,0.0,0.0,0.0,0.0,0.0,0.0,0.0,0.0,0.0,43.73,41.99,40.07,-115,1.5
2026-07-31 13:45:27,Pasillo Salones Eléctrica,54.46,Mixed,47.7,62.2,Group 2 (Impact),52.08,59.4,0.0,0.0,0.0,35.29,47.7,2.0,5.43,9.72,60.8,51.05,44.76,-111,6.2
2026-07-31 13:45:37,Salón - Uma Eléctrica,59.77,Group 1 (Common),97.61,63.29,Group 1 (Common),61.14,0.0,0.0,0.0,0.0,97.61,1.69,0.04,0.04,0.61,61.72,60.13,54.34,-102,12.0
2026-07-31 13:46:04,Salón - Extremo Civil,28.28,Silence,0.0,29.91,Silence,0.0,0.0,0.0,0.0,0.0,0.0,0.0,0.0,0.0,0.0,29.95,28.07,26.56,-108,10.0
2026-07-31 13:46:08,Pasillo Salones Civil,45.4,Group 1 (Common),78.82,48.03,Group 1 (Common),45.88,0.0,0.0,0.0,0.0,78.82,20.05,0.0,1.09,0.04,48.96,44.66,43.16,-115,2.5
2026-07-31 13:46:20,Laboratorios Civil Superior,46.27,Mixed,58.55,47.22,Group 5 (Vehicle),46.33,0.0,0.0,0.0,46.64,41.28,0.0,0.09,0.09,58.55,47.04,46.24,45.33,-113,7.5
2026-07-31 13:46:30,Laboratorios Eléctrica Centro,46.33,Group 5 (Vehicle),83.98,46.87,Group 5 (Vehicle),0.0,0.0,0.0,0.0,46.49,5.08,3.21,7.73,0.04,83.98,46.75,46.4,45.75,-119,-11.0
2026-07-31 13:47:49,Lobby Civil,59.98,Mixed,67.58,60.74,Group 1 (Common),59.99,0.0,0.0,0.0,60.1,67.58,2.86,0.04,1.09,28.47,60.63,60.12,59.1,-102,11.5
2026-07-31 13:47:57,Pasillo Decanato Civil,48.65,Mixed,45.7,53.21,Group 2 (Impact),45.6,51.89,0.0,0.0,49.83,45.7,12.67,3.78,2.52,35.37,53.58,46.7,44.47,-101,10.2
2026-07-31 13:49:11,Salón - Extremo Eléctrica,20.42,Silence,0.0,21.95,Silence,0.0,0.0,0.0,0.0,0.0,0.0,0.0,0.0,0.0,0.0,22.19,20.38,19.01,-91,12.5
2026-07-31 13:49:18,Laboratorios Eléctrica Superior,41.46,Silence,0.0,42.3,Silence,0.0,0.0,0.0,0.0,0.0,0.0,0.0,0.0,0.0,0.0,42.41,41.38,40.08,-103,11.2
2026-07-31 13:49:35,Salón - Uma Civil,39.64,Silence,0.0,40.94,Silence,0.0,0.0,0.0,0.0,0.0,0.0,0.0,0.0,0.0,0.0,40.83,39.99,37.94,-103,12.0
2026-07-31 13:49:38,Pasillo Decanato Eléctrica,55.75,Group 1 (Common),99.61,56.88,Group 1 (Common),55.77,0.0,0.0,0.0,0.0,99.61,0.04,0.0,0.13,0.0,56.78,55.54,55.3,-102,10.5
2026-07-31 13:50:04,Laboratorios Civil Central,59.83,Group 1 (Common),77.3,61.53,Group 1 (Common),59.42,0.0,0.0,0.0,60.21,77.3,0.0,0.0,0.0,22.57,62.87,59.21,58.1,-118,-5.2
2026-07-31 13:50:09,Laboratorios Eléctrica Inferior,48.06,Mixed,48.54,48.57,Group 5 (Vehicle),48.16,0.0,0.0,0.0,48.15,42.24,6.01,0.34,2.88,48.54,48.33,47.99,47.8,-119,-2.5
2026-07-31 13:50:19,Lobby Eléctrica,55.2,Mixed,51.87,58.01,Group 3 (Rotary Tool),55.16,0.0,54.34,0.0,0.0,51.87,1.78,44.75,0.09,1.35,58.17,53.65,51.27,-103,11.0
2026-07-31 13:50:21,Laboratorios Civil Inferior,59.53,Group 1 (Common),99.57,63.42,Group 1 (Common),58.85,0.0,0.0,0.0,0.0,99.57,0.0,0.04,0.22,0.0,63.81,58.95,52.89,-117,-4.8
2026-07-31 13:50:27,Pasillo Salones Eléctrica,51.54,Mixed,54.99,55.67,Group 4 (Person),0.0,47.98,0.0,53.87,43.45,2.04,54.99,2.91,24.74,15.19,55.92,49.55,41.91,-102,7.8
2026-07-31 13:50:40,Salón - Uma Eléctrica,43.63,Silence,0.0,44.33,Silence,0.0,0.0,0.0,0.0,0.0,0.0,0.0,0.0,0.0,0.0,44.32,43.65,43.05,-112,5.8
2026-07-31 13:51:04,Salón - Extremo Civil,25.14,Silence,0.0,29.31,Silence,0.0,0.0,0.0,0.0,0.0,0.0,0.0,0.0,0.0,0.0,27.15,24.63,23.65,-95,12.2
2026-07-31 13:51:08,Pasillo Salones Civil,49.22,Mixed,58.12,51.6,Group 1 (Common),49.7,48.86,0.0,0.0,0.0,58.12,32.07,0.0,1.52,8.16,51.76,48.56,46.73,-119,-2.8
2026-07-31 13:51:20,Laboratorios Civil Superior,56.27,Mixed,60.55,59.0,Group 1 (Common),55.61,0.0,0.0,0.0,56.3,60.55,0.93,1.03,1.17,36.33,59.95,54.4,52.55,-105,11.5
2026-07-31 13:51:30,Laboratorios Eléctrica Centro,45.45,Group 5 (Vehicle),70.4,45.98,Group 5 (Vehicle),0.0,0.0,45.52,0.0,45.49,5.03,1.48,23.13,0.0,70.4,46.06,45.47,44.7,-105,11.0
2026-07-31 13:52:49,Lobby Civil,67.6,Group 1 (Common),99.61,71.31,Group 1 (Common),67.37,0.0,0.0,0.0,0.0,99.61,0.0,0.0,0.13,0.0,71.52,64.32,58.98,-91,12.5
2026-07-31 13:52:57,Pasillo Decanato Civil,49.88,Mixed,44.01,54.99,Group 3 (Rotary Tool),48.15,51.97,53.11,0.0,0.0,44.01,9.64,25.04,4.77,16.49,56.93,48.44,43.09,-111,5.0
2026-07-31 13:54:11,Salón - Extremo Eléctrica,39.04,Silence,0.0,46.11,Silence,0.0,0.0,0.0,0.0,0.0,0.0,0.0,0.0,0.0,0.0,46.37,34.7,26.83,-93,13.0
2026-07-31 13:54:18,Laboratorios Eléctrica Superior,43.54,Silence,0.0,44.68,Silence,0.0,0.0,0.0,0.0,0.0,0.0,0.0,0.0,0.0,0.0,45.34,43.42,42.19,-99,11.8
2026-07-31 13:54:35,Salón - Uma Civil,37.38,Silence,0.0,39.39,Silence,0.0,0.0,0.0,0.0,0.0,0.0,0.0,0.0,0.0,0.0,39.44,37.23,35.88,-101,12.0
2026-07-31 13:54:38,Pasillo Decanato Eléctrica,56.41,Group 1 (Common),99.52,56.94,Group 1 (Common),56.41,0.0,0.0,0.0,0.0,99.52,0.0,0.04,0.13,0.04,57.21,56.23,55.72,-107,8.8
2026-07-31 13:55:04,Laboratorios Civil Central,61.03,Group 1 (Common),91.84,64.95,Group 1 (Common),60.02,0.0,0.0,0.0,0.0,91.84,0.87,0.0,0.74,6.51,65.66,57.77,55.14,-105,11.0
2026-07-31 13:55:09,Laboratorios Eléctrica Inferior,48.25,Group 5 (Vehicle),75.2,49.03,Group 5 (Vehicle),47.54,0.0,0.0,0.0,48.17,16.46,6.79,0.1,1.46,75.2,48.94,48.14,47.13,-111,7.5
2026-07-31 13:55:19,Lobby Eléctrica,60.37,Mixed,56.64,64.14,Group 4 (Person),60.35,0.0,54.75,63.54,0.0,56.64,5.73,17.58,19.97,0.0,64.47,59.41,53.77,-93,13.5
2026-07-31 13:55:22,Laboratorios Civil Inferior,44.51,Silence,0.0,48.43,Silence,0.0,0.0,0.0,0.0,0.0,0.0,0.0,0.0,0.0,0.0,47.35,43.15,41.5,-119,-13.0
2026-07-31 13:55:27,Pasillo Salones Eléctrica,45.64,Mixed,43.4,49.86,Group 2 (Impact),44.16,46.88,0.0,0.0,47.82,10.5,43.4,1.95,2.52,41.75,49.75,45.0,40.19,-103,11.8
2026-07-31 13:55:37,Salón - Uma Eléctrica,43.04,Silence,0.0,44.69,Silence,0.0,0.0,0.0,0.0,0.0,0.0,0.0,0.0,0.0,0.0,44.45,42.82,42.41,-120,2.0
2026-07-31 13:56:04,Salón - Extremo Civil,22.79,Silence,0.0,24.4,Silence,0.0,0.0,0.0,0.0,0.0,0.0,0.0,0.0,0.0,0.0,24.81,21.99,21.15,-85,12.5
2026-07-31 13:56:08,Pasillo Salones Civil,37.99,Silence,0.0,39.26,Silence,0.0,0.0,0.0,0.0,0.0,0.0,0.0,0.0,0.0,0.0,39.38,37.83,36.76,-117,
2026-07-31 13:56:21,Laboratorios Civil Superior,49.47,Group 1 (Common),83.9,51.05,Group 1 (Common),49.44,0.0,0.0,0.0,49.34,83.9,0.09,0.0,0.04,15.97,50.64,49.22,48.4,-102,10.0
2026-07-31 13:56:30,Laboratorios Eléctrica Centro,54.85,Group 5 (Vehicle),75.04,57.58,Group 5 (Vehicle),54.95,0.0,0.0,0.0,54.76,22.27,0.0,0.09,2.43,75.04,57.82,55.52,48.85,-105,10.5
2026-07-31 13:57:49,Lobby Civil,54.93,Mixed,47.51,56.16,Group 1 (Common),55.45,0.0,0.0,0.0,54.45,47.51,6.84,0.05,1.56,43.9,56.64,54.56,54.05,-117,-11.2
2026-07-31 13:57:57,Pasillo Decanato Civil,38.81,Silence,0.0,41.11,Silence,0.0,0.0,0.0,0.0,0.0,0.0,0.0,0.0,0.0,0.0,40.92,38.31,36.61,-101,11.2
2026-07-31 13:59:11,Salón - Extremo Eléctrica,47.27,Mixed,53.34,53.86,Group 4 (Person),44.25,49.59,0.0,52.27,47.6,5.08,23.05,0.0,18.45,53.34,51.05,46.88,43.4,-108,8.5
2026-07-31 13:59:18,Laboratorios Eléctrica Superior,54.27,Group 1 (Common),79.08,57.24,Group 5 (Vehicle),51.92,0.0,0.0,0.0,57.45,79.08,1.04,0.87,0.69,18.32,58.17,51.76,48.45,-121,-9.2
2026-07-31 13:59:35,Salón - Uma Civil,46.38,Mixed,52.04,56.59,Group 1 (Common),52.99,45.39,0.0,0.0,0.0,52.04,42.36,0.0,0.95,4.69,51.6,45.06,39.5,-119,-11.5
2026-07-31 13:59:38,Pasillo Decanato Eléctrica,55.46,Group 1 (Common),99.52,56.34,Group 1 (Common),55.54,0.0,0.0,0.0,0.0,99.52,0.04,0.0,0.04,0.17,56.37,55.39,53.9,-120,-14.8
2026-07-31 14:00:04,Laboratorios Civil Central,54.05,Group 1 (Common),89.11,55.3,Group 1 (Common),54.17,0.0,0.0,0.0,0.0,89.11,0.0,0.0,0.09,10.63,55.26,54.17,52.15,-120,-5.2
2026-07-31 14:00:09,Laboratorios Eléctrica Inferior,50.09,Mixed,56.77,51.49,Group 1 (Common),50.05,0.0,0.0,0.0,49.31,56.77,1.39,0.0,0.87,40.8,51.24,50.01,48.31,-108,9.8
2026-07-31 14:00:19,Lobby Eléctrica,55.66,Group 1 (Common),82.86,60.72,Group 1 (Common),56.04,0.0,47.49,0.0,0.0,82.86,1.09,12.8,0.0,3.13,61.84,50.95,46.23,-118,-3.0
2026-07-31 14:00:22,Laboratorios Civil Inferior,44.34,Silence,0.0,46.5,Silence,0.0,0.0,0.0,0.0,0.0,0.0,0.0,0.0,0.0,0.0,47.1,44.07,42.13,-121,-6.8
2026-07-31 14:00:27,Pasillo Salones Eléctrica,33.46,Silence,0.0,34.79,Silence,0.0,0.0,0.0,0.0,0.0,0.0,0.0,0.0,0.0,0.0,34.2,33.32,32.85,-99,13.0
2026-07-31 14:00:37,Salón - Uma Eléctrica,42.48,Silence,0.0,43.65,Silence,0.0,0.0,0.0,0.0,0.0,0.0,0.0,0.0,0.0,0.0,42.81,42.48,42.17,-109,6.2
2026-07-31 14:01:13,Salón - Extremo Civil,29.22,Silence,0.0,32.96,Silence,0.0,0.0,0.0,0.0,0.0,0.0,0.0,0.0,0.0,0.0,33.81,27.77,24.17,-105,11.2
2026-07-31 14:01:13,Pasillo Salones Civil,37.95,Silence,0.0,38.69,Silence,0.0,0.0,0.0,0.0,0.0,0.0,0.0,0.0,0.0,0.0,38.95,38.12,36.85,-101,11.2
2026-07-31 14:01:21,Laboratorios Civil Superior,53.32,Group 1 (Common),74.13,56.62,Group 1 (Common),52.67,0.0,0.0,0.0,53.45,74.13,0.0,0.22,0.09,25.48,57.17,51.64,49.31,-115,3.8
2026-07-31 14:01:30,Laboratorios Eléctrica Centro,49.82,Mixed,60.55,51.85,Group 1 (Common),50.86,0.0,48.57,0.0,50.09,27.52,0.43,11.2,0.39,60.55,52.71,49.86,47.63,-105,11.0
2026-07-31 14:02:49,Lobby Civil,64.45,Mixed,44.05,65.82,Group 1 (Common),64.58,63.56,0.0,0.0,60.95,44.05,20.23,0.43,3.99,31.25,65.63,65.16,60.77,-88,11.8
2026-07-31 14:02:57,Pasillo Decanato Civil,39.28,Silence,0.0,41.01,Silence,0.0,0.0,0.0,0.0,0.0,0.0,0.0,0.0,0.0,0.0,41.04,39.03,37.54,-95,10.8
2026-07-31 14:04:11,Salón - Extremo Eléctrica,23.44,Silence,0.0,25.03,Silence,0.0,0.0,0.0,0.0,0.0,0.0,0.0,0.0,0.0,0.0,25.6,23.12,21.78,-109,9.8
2026-07-31 14:04:18,Laboratorios Eléctrica Superior,41.08,Silence,0.0,41.93,Silence,0.0,0.0,0.0,0.0,0.0,0.0,0.0,0.0,0.0,0.0,41.87,41.24,39.44,-99,12.8
2026-07-31 14:04:35,Salón - Uma Civil,36.5,Silence,0.0,38.74,Silence,0.0,0.0,0.0,0.0,0.0,0.0,0.0,0.0,0.0,0.0,38.08,35.91,35.32,-113,7.2
2026-07-31 14:04:38,Pasillo Decanato Eléctrica,56.1,Group 1 (Common),99.61,56.93,Group 1 (Common),56.09,0.0,0.0,0.0,0.0,99.61,0.0,0.0,0.05,0.0,56.79,56.15,54.44,-120,-14.0
2026-07-31 14:05:04,Laboratorios Civil Central,54.09,Group 1 (Common),97.44,55.41,Group 1 (Common),53.85,0.0,0.0,0.0,0.0,97.44,0.35,0.0,0.26,2.0,55.42,53.93,51.8,-107,6.8
2026-07-31 14:05:09,Laboratorios Eléctrica Inferior,48.01,Mixed,56.9,48.66,Group 1 (Common),48.25,0.0,0.0,0.0,48.07,40.89,0.87,0.09,1.35,56.9,48.79,47.99,46.82,-118,-1.0
2026-07-31 14:05:19,Lobby Eléctrica,51.46,Mixed,54.64,53.68,Group 3 (Rotary Tool),0.0,51.82,51.91,0.0,52.07,3.3,54.64,29.73,0.0,12.2,53.73,50.6,48.42,-117,-3.5
2026-07-31 14:05:22,Laboratorios Civil Inferior,41.95,Silence,0.0,43.6,Silence,0.0,0.0,0.0,0.0,0.0,0.0,0.0,0.0,0.0,0.0,43.55,41.46,40.99,-117,1.0
2026-07-31 14:05:27,Pasillo Salones Eléctrica,33.35,Silence,0.0,35.4,Silence,0.0,0.0,0.0,0.0,0.0,0.0,0.0,0.0,0.0,0.0,34.12,33.65,31.88,-101,11.8
2026-07-31 14:05:37,Salón - Uma Eléctrica,42.71,Silence,0.0,43.45,Silence,0.0,0.0,0.0,0.0,0.0,0.0,0.0,0.0,0.0,0.0,43.53,42.7,42.1,-113,7.2
2026-07-31 14:06:04,Salón - Extremo Civil,20.9,Silence,0.0,21.72,Silence,0.0,0.0,0.0,0.0,0.0,0.0,0.0,0.0,0.0,0.0,22.07,20.93,19.83,-91,9.5
2026-07-31 14:06:08,Pasillo Salones Civil,38.42,Silence,0.0,39.08,Silence,0.0,0.0,0.0,0.0,0.0,0.0,0.0,0.0,0.0,0.0,39.18,38.19,37.44,-103,11.8
2026-07-31 14:06:21,Laboratorios Civil Superior,49.07,Group 1 (Common),90.71,50.43,Group 1 (Common),49.38,0.0,0.0,0.0,0.0,90.71,0.26,3.3,0.0,5.47,49.68,49.1,48.56,-105,11.2
2026-07-31 14:06:34,Laboratorios Eléctrica Centro,46.87,Mixed,60.89,49.52,Group 1 (Common),48.53,0.0,46.91,0.0,47.43,13.45,2.86,22.57,0.04,60.89,48.14,46.45,46.17,-101,11.8
2026-07-31 14:07:49,Lobby Civil,65.49,Mixed,31.34,70.01,Group 3 (Rotary Tool),58.89,65.24,67.41,0.0,0.0,31.34,22.87,24.74,3.39,17.58,70.17,61.34,53.38,-110,6.2
2026-07-31 14:07:57,Pasillo Decanato Civil,37.66,Silence,0.0,41.12,Silence,0.0,0.0,0.0,0.0,0.0,0.0,0.0,0.0,0.0,0.0,41.12,36.85,35.26,-115,4.2
2026-07-31 14:09:11,Salón - Extremo Eléctrica,37.74,Silence,0.0,40.05,Silence,0.0,0.0,0.0,0.0,0.0,0.0,0.0,0.0,0.0,0.0,40.0,37.7,35.37,-93,12.8
2026-07-31 14:09:18,Laboratorios Eléctrica Superior,41.75,Silence,0.0,44.49,Silence,0.0,0.0,0.0,0.0,0.0,0.0,0.0,0.0,0.0,0.0,44.85,40.98,39.91,-103,12.5
2026-07-31 14:09:35,Salón - Uma Civil,36.13,Silence,0.0,37.38,Silence,0.0,0.0,0.0,0.0,0.0,0.0,0.0,0.0,0.0,0.0,37.31,36.62,34.11,-119,2.0
2026-07-31 14:09:38,Pasillo Decanato Eléctrica,55.69,Group 1 (Common),98.78,56.85,Group 1 (Common),55.6,0.0,0.0,0.0,0.0,98.78,0.2,0.49,0.15,0.44,56.97,55.52,55.01,-108,7.2
2026-07-31 14:10:04,Laboratorios Civil Central,63.39,Mixed,67.66,67.85,Group 1 (Common),61.3,0.0,0.0,66.61,0.0,67.66,0.48,0.0,25.26,6.47,67.6,60.21,52.73,-108,9.2
2026-07-31 14:10:09,Laboratorios Eléctrica Inferior,48.32,Mixed,67.8,48.98,Group 5 (Vehicle),48.46,0.0,0.0,0.0,48.49,28.34,2.21,0.09,1.35,67.8,48.77,48.42,47.75,-115,-1.8
2026-07-31 14:10:19,Lobby Eléctrica,62.23,Group 1 (Common),79.34,64.23,Group 1 (Common),62.23,0.0,60.6,0.0,0.0,79.34,0.17,16.32,0.35,3.78,64.8,62.33,58.82,-103,9.0
2026-07-31 14:10:22,Laboratorios Civil Inferior,45.0,Silence,0.0,46.6,Silence,0.0,0.0,0.0,0.0,0.0,0.0,0.0,0.0,0.0,0.0,47.65,44.13,43.48,-121,-14.0
2026-07-31 14:10:27,Pasillo Salones Eléctrica,36.64,Silence,0.0,37.59,Silence,0.0,0.0,0.0,0.0,0.0,0.0,0.0,0.0,0.0,0.0,38.01,36.48,35.2,-115,2.8
2026-07-31 14:10:37,Salón - Uma Eléctrica,42.98,Silence,0.0,43.57,Silence,0.0,0.0,0.0,0.0,0.0,0.0,0.0,0.0,0.0,0.0,43.73,43.06,42.32,-113,5.5
2026-07-31 14:11:04,Salón - Extremo Civil,20.82,Silence,0.0,22.67,Silence,0.0,0.0,0.0,0.0,0.0,0.0,0.0,0.0,0.0,0.0,21.16,20.68,20.27,-82,12.5
2026-07-31 14:11:08,Pasillo Salones Civil,38.97,Silence,0.0,39.98,Silence,0.0,0.0,0.0,0.0,0.0,0.0,0.0,0.0,0.0,0.0,40.24,38.95,37.71,-99,10.5
2026-07-31 14:11:21,Laboratorios Civil Superior,45.31,Group 1 (Common),90.36,46.3,Group 1 (Common),45.44,0.0,0.0,0.0,0.0,90.36,0.04,0.0,0.0,9.55,46.23,45.34,44.19,-97,6.5
2026-07-31 14:11:30,Laboratorios Eléctrica Centro,46.42,Mixed,50.87,46.83,Group 5 (Vehicle),46.51,0.0,0.0,0.0,46.38,42.62,5.86,0.22,0.22,50.87,46.79,46.46,45.81,-107,12.0
2026-07-31 14:12:49,Lobby Civil,51.8,Group 1 (Common),87.5,53.11,Group 1 (Common),51.41,0.0,0.0,0.0,0.0,87.5,2.21,0.61,1.26,8.33,53.04,51.54,50.74,-90,8.8
2026-07-31 14:12:57,Pasillo Decanato Civil,37.67,Silence,0.0,39.14,Silence,0.0,0.0,0.0,0.0,0.0,0.0,0.0,0.0,0.0,0.0,39.28,37.52,36.56,-114,4.8
2026-07-31 14:14:11,Salón - Extremo Eléctrica,21.34,Silence,0.0,23.02,Silence,0.0,0.0,0.0,0.0,0.0,0.0,0.0,0.0,0.0,0.0,23.23,21.16,19.89,-86,10.0
2026-07-31 14:14:18,Laboratorios Eléctrica Superior,53.32,Group 1 (Common),72.53,59.46,Group 1 (Common),50.78,0.0,0.0,0.0,39.79,72.53,12.5,0.61,1.56,12.72,60.5,50.08,39.88,-96,8.2
2026-07-31 14:14:35,Salón - Uma Civil,40.02,Silence,0.0,45.25,Silence,0.0,0.0,0.0,0.0,0.0,0.0,0.0,0.0,0.0,0.0,46.44,37.47,36.44,-114,6.0
2026-07-31 14:14:38,Pasillo Decanato Eléctrica,55.3,Group 1 (Common),99.61,56.3,Group 1 (Common),55.22,0.0,0.0,0.0,0.0,99.61,0.0,0.0,0.04,0.0,56.26,55.55,53.87,-107,8.5
2026-07-31 14:15:04,Laboratorios Civil Central,57.47,Group 1 (Common),96.48,60.26,Group 1 (Common),56.48,0.0,0.0,0.0,0.0,96.48,0.3,0.0,0.13,2.99,60.49,57.42,52.93,-102,10.5
2026-07-31 14:15:09,Laboratorios Eléctrica Inferior,48.8,Group 5 (Vehicle),80.25,49.58,Group 5 (Vehicle),48.26,0.0,0.0,0.0,48.92,16.62,1.82,0.13,1.26,80.25,49.66,48.79,48.02,-109,4.5
2026-07-31 14:15:19,Lobby Eléctrica,42.54,Silence,0.0,46.24,Silence,0.0,0.0,0.0,0.0,0.0,0.0,0.0,0.0,0.0,0.0,46.86,41.25,38.53,-114,-1.2
2026-07-31 14:15:22,Laboratorios Civil Inferior,40.07,Silence,0.0,40.83,Silence,0.0,0.0,0.0,0.0,0.0,0.0,0.0,0.0,0.0,0.0,40.96,40.03,38.89,-119,-8.0
2026-07-31 14:15:27,Pasillo Salones Eléctrica,33.83,Silence,0.0,36.47,Silence,0.0,0.0,0.0,0.0,0.0,0.0,0.0,0.0,0.0,0.0,36.18,33.85,31.65,-103,11.0
2026-07-31 14:15:37,Salón - Uma Eléctrica,42.2,Silence,0.0,42.82,Silence,0.0,0.0,0.0,0.0,0.0,0.0,0.0,0.0,0.0,0.0,42.79,42.14,41.38,-114,6.0
2026-07-31 14:16:04,Salón - Extremo Civil,20.59,Silence,0.0,21.99,Silence,0.0,0.0,0.0,0.0,0.0,0.0,0.0,0.0,0.0,0.0,22.66,20.42,19.6,-97,12.0
2026-07-31 14:16:08,Pasillo Salones Civil,38.19,Silence,0.0,38.9,Silence,0.0,0.0,0.0,0.0,0.0,0.0,0.0,0.0,0.0,0.0,38.64,38.3,37.67,-101,10.8
2026-07-31 14:16:21,Laboratorios Civil Superior,45.9,Group 1 (Common),78.08,46.44,Group 1 (Common),45.9,0.0,0.0,0.0,45.84,78.08,0.0,0.0,0.0,21.79,46.74,45.75,45.15,-112,5.2
2026-07-31 14:16:30,Laboratorios Eléctrica Centro,46.04,Group 5 (Vehicle),78.17,47.1,Group 5 (Vehicle),45.54,0.0,0.0,0.0,46.41,12.63,1.17,8.03,0.04,78.17,46.75,46.03,44.99,-97,12.5
2026-07-31 14:17:49,Lobby Civil,51.38,Mixed,69.05,55.41,Group 1 (Common),49.97,47.9,0.0,0.0,0.0,69.05,19.7,0.04,1.65,9.55,55.4,48.88,46.84,-120,-12.2
2026-07-31 14:17:57,Pasillo Decanato Civil,50.44,Mixed,54.51,55.08,Group 2 (Impact),41.02,50.61,0.0,0.0,49.52,10.68,28.3,4.9,1.65,54.51,55.19,47.26,39.57,-103,11.2
2026-07-31 14:19:11,Salón - Extremo Eléctrica,29.23,Silence,0.0,32.55,Silence,0.0,0.0,0.0,0.0,0.0,0.0,0.0,0.0,0.0,0.0,31.75,28.54,26.19,-91,13.8
2026-07-31 14:19:18,Laboratorios Eléctrica Superior,43.75,Silence,0.0,46.89,Silence,0.0,0.0,0.0,0.0,0.0,0.0,0.0,0.0,0.0,0.0,48.15,42.69,40.36,-105,12.2
2026-07-31 14:19:36,Salón - Uma Civil,39.35,Silence,0.0,43.47,Silence,0.0,0.0,0.0,0.0,0.0,0.0,0.0,0.0,0.0,0.0,45.54,37.75,35.41,-119,-6.2
2026-07-31 14:19:38,Pasillo Decanato Eléctrica,59.21,Group 1 (Common),76.26,61.18,Group 2 (Impact),58.36,60.96,0.0,0.0,0.0,76.26,20.7,0.0,2.99,0.0,60.81,59.49,55.28,-109,8.5
2026-07-31 14:20:04,Laboratorios Civil Central,57.31,Group 1 (Common),94.88,59.31,Group 1 (Common),57.02,0.0,0.0,0.0,0.0,94.88,0.0,0.0,0.09,4.95,60.21,57.17,53.65,-101,12.5
2026-07-31 14:20:09,Laboratorios Eléctrica Inferior,48.19,Mixed,62.2,48.86,Group 5 (Vehicle),48.44,0.0,0.0,0.0,48.67,35.11,1.48,0.0,1.22,62.2,48.82,48.13,47.33,-118,-7.2
2026-07-31 14:20:19,Lobby Eléctrica,52.32,Group 1 (Common),99.56,53.18,Group 1 (Common),52.07,0.0,0.0,0.0,0.0,99.56,0.15,0.0,0.0,0.15,53.02,52.17,51.37,-119,-3.2
2026-07-31 14:20:22,Laboratorios Civil Inferior,45.7,Mixed,53.04,49.05,Group 5 (Vehicle),0.0,45.6,0.0,0.0,47.52,10.76,53.04,0.52,6.29,29.17,50.01,45.08,41.7,-120,-9.2
2026-07-31 14:20:27,Pasillo Salones Eléctrica,31.64,Silence,0.0,32.41,Silence,0.0,0.0,0.0,0.0,0.0,0.0,0.0,0.0,0.0,0.0,32.35,31.49,30.74,-115,3.8
2026-07-31 14:20:37,Salón - Uma Eléctrica,42.64,Silence,0.0,43.24,Silence,0.0,0.0,0.0,0.0,0.0,0.0,0.0,0.0,0.0,0.0,43.11,42.55,42.25,-105,9.5
2026-07-31 14:21:04,Salón - Extremo Civil,23.14,Silence,0.0,23.98,Silence,0.0,0.0,0.0,0.0,0.0,0.0,0.0,0.0,0.0,0.0,23.92,23.02,22.32,-120,-11.2
2026-07-31 14:21:08,Pasillo Salones Civil,52.84,Group 2 (Impact),81.01,58.45,Group 2 (Impact),0.0,50.98,57.75,0.0,0.0,0.93,81.01,13.53,1.32,3.42,59.42,40.7,37.58,-114,2.2
2026-07-31 14:21:21,Laboratorios Civil Superior,46.4,Mixed,51.65,47.19,Group 5 (Vehicle),46.38,45.86,0.0,0.0,46.4,24.05,19.27,0.39,4.56,51.65,47.36,46.43,45.26,-111,4.8
2026-07-31 14:21:30,Laboratorios Eléctrica Centro,47.41,Mixed,69.49,48.4,Group 5 (Vehicle),0.0,0.0,47.06,0.0,47.49,10.63,0.48,19.18,0.09,69.49,48.63,47.4,46.49,-102,10.8
2026-07-31 14:22:49,Lobby Civil,44.63,Silence,0.0,47.05,Silence,0.0,0.0,0.0,0.0,0.0,0.0,0.0,0.0,0.0,0.0,47.77,44.58,42.59,-115,6.2
2026-07-31 14:23:02,Pasillo Decanato Civil,36.59,Silence,0.0,38.19,Silence,0.0,0.0,0.0,0.0,0.0,0.0,0.0,0.0,0.0,0.0,38.47,36.11,34.94,-103,6.5
2026-07-31 14:24:11,Salón - Extremo Eléctrica,37.9,Silence,0.0,43.15,Silence,0.0,0.0,0.0,0.0,0.0,0.0,0.0,0.0,0.0,0.0,44.24,35.88,27.4,-89,11.5
2026-07-31 14:24:18,Laboratorios Eléctrica Superior,41.72,Silence,0.0,42.61,Silence,0.0,0.0,0.0,0.0,0.0,0.0,0.0,0.0,0.0,0.0,42.33,41.7,41.01,-115,1.0
2026-07-31 14:24:36,Salón - Uma Civil,36.75,Silence,0.0,38.68,Silence,0.0,0.0,0.0,0.0,0.0,0.0,0.0,0.0,0.0,0.0,38.82,37.03,33.8,-119,-10.5
2026-07-31 14:24:38,Pasillo Decanato Eléctrica,55.91,Group 1 (Common),99.61,56.95,Group 1 (Common),55.81,0.0,0.0,0.0,0.0,99.61,0.04,0.0,0.09,0.04,56.87,55.97,54.53,-107,9.8
2026-07-31 14:25:04,Laboratorios Civil Central,52.88,Group 1 (Common),71.0,53.53,Group 1 (Common),52.75,0.0,0.0,0.0,52.66,71.0,0.73,0.0,0.68,27.59,53.4,52.68,52.31,-109,9.5
2026-07-31 14:25:09,Laboratorios Eléctrica Inferior,48.01,Mixed,51.91,48.84,Group 1 (Common),48.24,0.0,0.0,0.0,48.04,51.91,0.69,0.0,0.35,46.96,48.8,47.97,47.3,-119,-4.2
2026-07-31 14:25:19,Lobby Eléctrica,47.23,Group 2 (Impact),95.44,48.19,Group 2 (Impact),0.0,47.27,0.0,0.0,0.0,0.52,95.44,0.04,2.04,2.08,47.97,47.31,46.12,-95,14.0
2026-07-31 14:25:22,Laboratorios Civil Inferior,51.09,Mixed,51.65,54.96,Group 1 (Common),51.69,44.53,0.0,0.0,0.0,51.65,34.33,0.69,3.56,9.72,55.48,50.0,42.54,-115,-3.2
2026-07-31 14:25:27,Pasillo Salones Eléctrica,33.03,Silence,0.0,33.94,Silence,0.0,0.0,0.0,0.0,0.0,0.0,0.0,0.0,0.0,0.0,33.78,33.27,31.94,-99,12.5
2026-07-31 14:25:37,Salón - Uma Eléctrica,42.97,Silence,0.0,43.65,Silence,0.0,0.0,0.0,0.0,0.0,0.0,0.0,0.0,0.0,0.0,43.7,43.02,42.06,-113,7.8
2026-07-31 14:26:04,Salón - Extremo Civil,26.46,Silence,0.0,29.62,Silence,0.0,0.0,0.0,0.0,0.0,0.0,0.0,0.0,0.0,0.0,28.2,26.89,24.02,-97,12.5
2026-07-31 14:26:08,Pasillo Salones Civil,39.88,Silence,0.0,40.54,Silence,0.0,0.0,0.0,0.0,0.0,0.0,0.0,0.0,0.0,0.0,40.86,39.67,39.19,-99,11.5
2026-07-31 14:26:21,Laboratorios Civil Superior,46.86,Group 1 (Common),83.51,48.86,Group 1 (Common),47.09,0.0,0.0,0.0,0.0,83.51,0.91,0.87,0.3,14.32,49.28,46.37,45.04,-106,10.5
2026-07-31 14:26:30,Laboratorios Eléctrica Centro,46.03,Group 5 (Vehicle),88.28,46.7,Group 5 (Vehicle),0.0,0.0,0.0,0.0,46.01,8.15,0.63,2.98,0.15,88.28,46.55,46.09,45.32,-103,6.0
2026-07-31 14:27:49,Lobby Civil,60.76,Group 3 (Rotary Tool),96.66,61.38,Group 3 (Rotary Tool),0.0,0.0,60.84,0.0,0.0,0.0,3.17,96.66,0.0,0.0,61.26,60.66,60.3,-89,13.8
2026-07-31 14:27:57,Pasillo Decanato Civil,36.45,Silence,0.0,37.76,Silence,0.0,0.0,0.0,0.0,0.0,0.0,0.0,0.0,0.0,0.0,37.52,36.39,35.6,-107,10.2
2026-07-31 14:29:11,Salón - Extremo Eléctrica,27.33,Silence,0.0,28.25,Silence,0.0,0.0,0.0,0.0,0.0,0.0,0.0,0.0,0.0,0.0,28.25,27.19,26.75,-93,13.2
2026-07-31 14:29:18,Laboratorios Eléctrica Superior,39.89,Silence,0.0,40.71,Silence,0.0,0.0,0.0,0.0,0.0,0.0,0.0,0.0,0.0,0.0,41.34,39.48,39.23,-101,11.8
2026-07-31 14:29:36,Salón - Uma Civil,37.74,Silence,0.0,40.29,Silence,0.0,0.0,0.0,0.0,0.0,0.0,0.0,0.0,0.0,0.0,40.84,37.05,35.97,-117,3.0
2026-07-31 14:29:38,Pasillo Decanato Eléctrica,70.28,Mixed,61.46,72.32,Group 4 (Person),69.67,0.0,0.0,69.96,0.0,61.46,0.0,0.0,38.41,0.0,71.62,70.41,68.47,-105,11.0
2026-07-31 14:30:04,Laboratorios Civil Central,52.87,Group 1 (Common),95.62,54.05,Group 1 (Common),53.15,0.0,0.0,0.0,0.0,95.62,0.04,0.0,0.0,4.25,53.71,53.0,52.09,-103,11.0
2026-07-31 14:30:10,Laboratorios Eléctrica Inferior,48.46,Mixed,58.51,49.42,Group 5 (Vehicle),48.68,0.0,0.0,0.0,48.95,28.86,7.9,0.56,4.25,58.51,49.56,48.63,47.12,-111,-0.2
2026-07-31 14:30:19,Lobby Eléctrica,56.84,Group 5 (Vehicle),96.05,58.74,Group 5 (Vehicle),0.0,0.0,0.0,0.0,55.91,3.17,0.04,0.43,0.0,96.05,59.34,56.94,49.29,-117,
2026-07-31 14:30:22,Laboratorios Civil Inferior,42.5,Silence,0.0,47.29,Silence,0.0,0.0,0.0,0.0,0.0,0.0,0.0,0.0,0.0,0.0,46.49,41.14,40.03,-114,-4.2
2026-07-31 14:30:27,Pasillo Salones Eléctrica,32.67,Silence,0.0,33.31,Silence,0.0,0.0,0.0,0.0,0.0,0.0,0.0,0.0,0.0,0.0,33.45,32.57,32.22,-99,8.2
2026-07-31 14:30:37,Salón - Uma Eléctrica,42.73,Silence,0.0,43.37,Silence,0.0,0.0,0.0,0.0,0.0,0.0,0.0,0.0,0.0,0.0,43.32,42.84,41.83,-107,8.5
2026-07-31 14:31:04,Salón - Extremo Civil,22.59,Silence,0.0,23.7,Silence,0.0,0.0,0.0,0.0,0.0,0.0,0.0,0.0,0.0,0.0,23.74,22.25,21.36,-120,-11.2
2026-07-31 14:31:08,Pasillo Salones Civil,37.89,Silence,0.0,38.55,Silence,0.0,0.0,0.0,0.0,0.0,0.0,0.0,0.0,0.0,0.0,38.35,37.88,37.23,-96,8.2
2026-07-31 14:31:21,Laboratorios Civil Superior,46.69,Group 1 (Common),71.83,48.1,Group 5 (Vehicle),46.37,0.0,0.0,0.0,47.18,71.83,0.52,0.0,0.09,27.52,48.47,46.44,45.04,-114,5.8
2026-07-31 14:31:30,Laboratorios Eléctrica Centro,47.17,Group 5 (Vehicle),91.84,48.6,Group 5 (Vehicle),0.0,0.0,0.0,0.0,46.82,6.99,0.0,1.13,0.0,91.84,49.22,46.8,45.51,-105,11.0
2026-07-31 14:32:49,Lobby Civil,42.25,Silence,0.0,43.74,Silence,0.0,0.0,0.0,0.0,0.0,0.0,0.0,0.0,0.0,0.0,43.57,42.08,41.55,-102,12.5
2026-07-31 14:32:57,Pasillo Decanato Civil,35.4,Silence,0.0,36.92,Silence,0.0,0.0,0.0,0.0,0.0,0.0,0.0,0.0,0.0,0.0,36.94,35.45,34.16,-106,9.0
2026-07-31 14:34:11,Salón - Extremo Eléctrica,19.17,Silence,0.0,19.88,Silence,0.0,0.0,0.0,0.0,0.0,0.0,0.0,0.0,0.0,0.0,20.04,19.2,18.34,-89,12.8
2026-07-31 14:34:18,Laboratorios Eléctrica Superior,41.48,Silence,0.0,43.78,Silence,0.0,0.0,0.0,0.0,0.0,0.0,0.0,0.0,0.0,0.0,44.43,41.23,40.05,-101,8.2
2026-07-31 14:34:35,Salón - Uma Civil,36.5,Silence,0.0,37.87,Silence,0.0,0.0,0.0,0.0,0.0,0.0,0.0,0.0,0.0,0.0,38.22,36.22,35.11,-109,6.8
2026-07-31 14:34:38,Pasillo Decanato Eléctrica,57.0,Group 1 (Common),98.31,57.86,Group 1 (Common),56.79,0.0,0.0,0.0,0.0,98.31,0.09,0.0,0.04,1.3,58.03,56.94,55.62,-108,-4.5
2026-07-31 14:35:04,Laboratorios Civil Central,53.69,Group 1 (Common),93.92,54.43,Group 1 (Common),53.62,0.0,0.0,0.0,0.0,93.92,0.56,0.0,0.13,5.38,54.48,53.69,52.76,-105,11.8
2026-07-31 14:35:10,Laboratorios Eléctrica Inferior,47.83,Mixed,43.51,48.39,Group 2 (Impact),47.93,48.13,0.0,0.0,0.0,43.51,37.84,0.0,6.35,12.3,48.62,47.76,47.29,-112,5.5
2026-07-31 14:35:19,Lobby Eléctrica,51.5,Group 1 (Common),99.44,52.08,Group 1 (Common),51.68,0.0,0.0,0.0,0.0,99.44,0.26,0.04,0.0,0.04,51.97,51.54,50.86,-117,-3.0
2026-07-31 14:35:22,Laboratorios Civil Inferior,48.9,Mixed,54.56,53.05,Group 1 (Common),49.99,47.66,0.0,0.0,0.0,38.93,54.56,0.04,3.52,3.13,54.38,46.23,42.41,-119,-2.8
2026-07-31 14:35:27,Pasillo Salones Eléctrica,32.38,Silence,0.0,33.15,Silence,0.0,0.0,0.0,0.0,0.0,0.0,0.0,0.0,0.0,0.0,33.3,32.38,31.66,-115,2.0
2026-07-31 14:35:37,Salón - Uma Eléctrica,43.56,Silence,0.0,44.42,Silence,0.0,0.0,0.0,0.0,0.0,0.0,0.0,0.0,0.0,0.0,44.37,43.4,43.11,-120,-9.5
2026-07-31 14:36:04,Salón - Extremo Civil,19.74,Silence,0.0,20.98,Silence,0.0,0.0,0.0,0.0,0.0,0.0,0.0,0.0,0.0,0.0,21.6,19.51,18.86,-103,11.8
2026-07-31 14:36:08,Pasillo Salones Civil,37.78,Silence,0.0,38.69,Silence,0.0,0.0,0.0,0.0,0.0,0.0,0.0,0.0,0.0,0.0,38.71,37.76,36.83,-101,12.2
2026-07-31 14:36:21,Laboratorios Civil Superior,47.83,Group 1 (Common),96.7,50.6,Group 1 (Common),47.76,0.0,0.0,0.0,0.0,96.7,1.09,0.13,0.17,2.08,51.06,48.19,44.42,-105,10.8
2026-07-31 14:36:30,Laboratorios Eléctrica Centro,45.81,Group 5 (Vehicle),71.4,46.75,Group 3 (Rotary Tool),0.0,0.0,46.49,0.0,45.88,9.68,0.95,17.62,0.17,71.4,46.13,45.9,45.47,-103,12.8
2026-07-31 14:37:49,Lobby Civil,48.69,Group 1 (Common),83.25,49.2,Group 1 (Common),48.72,0.0,0.0,0.0,0.0,83.25,0.88,0.0,0.29,15.63,48.84,48.75,48.31,-102,12.0
2026-07-31 14:37:57,Pasillo Decanato Civil,38.25,Silence,0.0,39.77,Silence,0.0,0.0,0.0,0.0,0.0,0.0,0.0,0.0,0.0,0.0,40.6,37.66,36.19,-113,5.5
2026-07-31 14:39:11,Salón - Extremo Eléctrica,19.3,Silence,0.0,21.37,Silence,0.0,0.0,0.0,0.0,0.0,0.0,0.0,0.0,0.0,0.0,19.91,19.4,18.42,-93,11.8
2026-07-31 14:39:18,Laboratorios Eléctrica Superior,40.85,Silence,0.0,41.54,Silence,0.0,0.0,0.0,0.0,0.0,0.0,0.0,0.0,0.0,0.0,41.59,40.91,39.66,-101,12.0
2026-07-31 14:39:36,Salón - Uma Civil,37.68,Silence,0.0,45.95,Silence,0.0,0.0,0.0,0.0,0.0,0.0,0.0,0.0,0.0,0.0,42.6,37.17,35.65,-102,10.0
2026-07-31 14:39:38,Pasillo Decanato Eléctrica,55.3,Group 1 (Common),97.87,57.33,Group 1 (Common),55.5,0.0,0.0,0.0,0.0,97.87,0.0,0.09,0.17,1.74,56.09,55.46,54.3,-101,10.8
2026-07-31 14:40:04,Laboratorios Civil Central,52.46,Group 1 (Common),94.97,53.33,Group 1 (Common),52.64,0.0,0.0,0.0,0.0,94.97,0.09,0.0,0.0,4.77,53.05,52.6,51.76,-102,8.8
2026-07-31 14:40:10,Laboratorios Eléctrica Inferior,48.37,Mixed,57.86,48.94,Group 1 (Common),48.6,0.0,0.0,0.0,48.43,38.93,2.17,0.09,0.91,57.86,48.88,48.47,47.56,-119,-2.5
2026-07-31 14:40:19,Lobby Eléctrica,44.34,Silence,0.0,47.05,Silence,0.0,0.0,0.0,0.0,0.0,0.0,0.0,0.0,0.0,0.0,47.98,43.31,40.08,-119,0.8
2026-07-31 14:40:22,Laboratorios Civil Inferior,42.33,Silence,0.0,44.09,Silence,0.0,0.0,0.0,0.0,0.0,0.0,0.0,0.0,0.0,0.0,44.22,42.09,40.81,-117,3.2
2026-07-31 14:40:27,Pasillo Salones Eléctrica,33.05,Silence,0.0,34.09,Silence,0.0,0.0,0.0,0.0,0.0,0.0,0.0,0.0,0.0,0.0,33.99,32.84,32.11,-117,2.2
2026-07-31 14:40:37,Salón - Uma Eléctrica,43.15,Silence,0.0,44.48,Silence,0.0,0.0,0.0,0.0,0.0,0.0,0.0,0.0,0.0,0.0,43.95,43.06,42.6,-108,8.0
2026-07-31 14:41:04,Salón - Extremo Civil,28.99,Silence,0.0,37.51,Silence,0.0,0.0,0.0,0.0,0.0,0.0,0.0,0.0,0.0,0.0,35.29,26.85,25.64,-88,12.2
2026-07-31 14:41:08,Pasillo Salones Civil,51.22,Group 2 (Impact),79.77,52.5,Group 2 (Impact),50.96,50.91,0.0,0.0,0.0,19.36,79.77,0.0,0.78,0.09,53.01,51.13,47.61,-100,10.8
2026-07-31 14:41:21,Laboratorios Civil Superior,46.85,Mixed,68.32,47.64,Group 1 (Common),46.9,0.0,0.0,0.0,46.59,68.32,0.09,0.0,0.17,31.38,48.14,46.85,46.17,-119,0.5
2026-07-31 14:41:30,Laboratorios Eléctrica Centro,47.2,Group 5 (Vehicle),86.15,47.82,Group 5 (Vehicle),0.0,0.0,0.0,0.0,47.32,13.37,0.17,0.22,0.04,86.15,48.05,47.17,46.52,-103,11.2
2026-07-31 14:42:49,Lobby Civil,63.03,Group 3 (Rotary Tool),94.92,63.63,Group 3 (Rotary Tool),0.0,0.0,63.04,0.0,0.0,0.0,4.86,94.92,0.0,0.09,63.7,62.95,62.5,-103,12.5
2026-07-31 14:42:57,Pasillo Decanato Civil,53.04,Group 1 (Common),82.81,56.91,Group 1 (Common),54.4,0.0,0.0,0.0,0.0,82.81,9.18,0.05,7.91,0.0,57.31,49.7,41.73,-115,4.0
2026-07-31 14:44:11,Salón - Extremo Eléctrica,24.95,Silence,0.0,25.77,Silence,0.0,0.0,0.0,0.0,0.0,0.0,0.0,0.0,0.0,0.0,25.77,24.84,24.18,-113,7.0
2026-07-31 14:44:24,Laboratorios Eléctrica Superior,44.84,Silence,0.0,45.81,Silence,0.0,0.0,0.0,0.0,0.0,0.0,0.0,0.0,0.0,0.0,45.67,44.73,43.7,-103,10.8
2026-07-31 14:44:36,Salón - Uma Civil,44.14,Silence,0.0,48.1,Silence,0.0,0.0,0.0,0.0,0.0,0.0,0.0,0.0,0.0,0.0,48.3,41.97,40.7,-118,-5.5
2026-07-31 14:44:38,Pasillo Decanato Eléctrica,56.34,Group 1 (Common),98.48,57.42,Group 1 (Common),56.39,0.0,0.0,0.0,0.0,98.48,0.0,0.22,0.09,1.13,57.38,56.27,55.28,-101,10.5
2026-07-31 14:45:04,Laboratorios Civil Central,55.44,Mixed,35.03,58.66,Group 1 (Common),56.93,53.44,0.0,0.0,55.89,29.73,35.03,0.22,7.47,27.43,59.47,53.41,52.32,-105,11.0
2026-07-31 14:45:10,Laboratorios Eléctrica Inferior,51.21,Mixed,48.13,52.7,Group 5 (Vehicle),0.0,51.45,0.0,0.0,51.71,10.07,32.68,2.86,6.29,48.13,52.05,51.3,50.41,-119,-10.8
2026-07-31 14:45:19,Lobby Eléctrica,45.7,Mixed,62.59,47.01,Group 2 (Impact),0.0,45.49,0.0,0.0,0.0,0.09,62.59,22.4,2.26,12.67,47.03,45.26,45.0,-107,10.8
2026-07-31 14:45:22,Laboratorios Civil Inferior,46.72,Mixed,47.31,48.25,Group 1 (Common),47.26,46.2,0.0,0.0,45.71,47.31,21.74,0.39,3.08,27.52,48.23,46.4,45.25,-119,-6.0
2026-07-31 14:45:27,Pasillo Salones Eléctrica,33.15,Silence,0.0,33.94,Silence,0.0,0.0,0.0,0.0,0.0,0.0,0.0,0.0,0.0,0.0,34.17,32.95,31.84,-101,11.5
2026-07-31 14:45:37,Salón - Uma Eléctrica,43.92,Silence,0.0,44.74,Silence,0.0,0.0,0.0,0.0,0.0,0.0,0.0,0.0,0.0,0.0,44.79,43.87,42.76,-102,10.2
2026-07-31 14:46:04,Salón - Extremo Civil,31.21,Silence,0.0,33.2,Silence,0.0,0.0,0.0,0.0,0.0,0.0,0.0,0.0,0.0,0.0,32.88,31.32,27.61,-85,9.0
2026-07-31 14:46:08,Pasillo Salones Civil,48.91,Mixed,62.98,54.05,Group 1 (Common),50.42,43.01,0.0,0.0,0.0,35.59,62.98,0.0,1.39,0.04,54.97,46.51,39.79,-103,11.5
2026-07-31 14:46:21,Laboratorios Civil Superior,49.75,Group 1 (Common),73.65,51.8,Group 1 (Common),49.94,0.0,0.0,0.0,49.62,73.65,0.0,0.0,0.0,26.26,51.73,49.51,47.91,-114,1.5
2026-07-31 14:46:30,Laboratorios Eléctrica Centro,46.66,Group 5 (Vehicle),87.5,47.25,Group 5 (Vehicle),0.0,0.0,0.0,0.0,46.63,10.42,0.26,1.74,0.04,87.5,47.25,46.46,46.29,-103,12.0
2026-07-31 14:47:49,Lobby Civil,57.39,Group 5 (Vehicle),76.74,58.47,Group 5 (Vehicle),0.0,0.0,56.62,0.0,57.62,0.0,4.73,18.32,0.39,76.74,58.61,57.24,55.56,-97,9.0
2026-07-31 14:47:57,Pasillo Decanato Civil,39.79,Silence,0.0,40.81,Silence,0.0,0.0,0.0,0.0,0.0,0.0,0.0,0.0,0.0,0.0,40.89,39.63,38.45,-101,12.5
2026-07-31 14:49:11,Salón - Extremo Eléctrica,30.69,Silence,0.0,32.57,Silence,0.0,0.0,0.0,0.0,0.0,0.0,0.0,0.0,0.0,0.0,32.85,31.02,27.46,-99,11.2
2026-07-31 14:49:18,Laboratorios Eléctrica Superior,41.01,Silence,0.0,42.06,Silence,0.0,0.0,0.0,0.0,0.0,0.0,0.0,0.0,0.0,0.0,41.92,41.16,39.74,-103,11.5
2026-07-31 14:49:38,Salón - Uma Civil,39.79,Silence,0.0,41.79,Silence,0.0,0.0,0.0,0.0,0.0,0.0,0.0,0.0,0.0,0.0,40.96,39.67,37.39,-113,8.2
2026-07-31 14:49:38,Pasillo Decanato Eléctrica,55.75,Group 1 (Common),99.57,56.48,Group 1 (Common),55.6,0.0,0.0,0.0,0.0,99.57,0.0,0.04,0.0,0.09,56.43,55.6,55.2,-115,0.2
2026-07-31 14:50:04,Laboratorios Civil Central,53.25,Mixed,51.43,55.0,Group 1 (Common),53.53,53.82,0.0,0.0,52.95,51.43,13.98,0.0,2.47,31.99,54.78,52.89,51.32,-105,11.8
2026-07-31 14:50:10,Laboratorios Eléctrica Inferior,49.55,Mixed,54.04,52.16,Group 1 (Common),49.96,0.0,0.0,0.0,48.43,44.88,0.39,0.17,0.43,54.04,52.79,48.57,47.73,-107,5.2
2026-07-31 14:50:19,Lobby Eléctrica,40.17,Silence,0.0,46.44,Silence,0.0,0.0,0.0,0.0,0.0,0.0,0.0,0.0,0.0,0.0,48.16,37.58,35.92,-107,8.0
2026-07-31 14:50:22,Laboratorios Civil Inferior,40.13,Silence,0.0,41.54,Silence,0.0,0.0,0.0,0.0,0.0,0.0,0.0,0.0,0.0,0.0,41.6,39.98,38.5,-119,-5.0
2026-07-31 14:50:27,Pasillo Salones Eléctrica,32.91,Silence,0.0,33.61,Silence,0.0,0.0,0.0,0.0,0.0,0.0,0.0,0.0,0.0,0.0,33.59,32.89,32.38,-99,11.5
2026-07-31 14:50:37,Salón - Uma Eléctrica,43.26,Silence,0.0,43.91,Silence,0.0,0.0,0.0,0.0,0.0,0.0,0.0,0.0,0.0,0.0,44.05,43.28,42.37,-111,8.2
2026-07-31 14:51:04,Salón - Extremo Civil,26.54,Silence,0.0,29.15,Silence,0.0,0.0,0.0,0.0,0.0,0.0,0.0,0.0,0.0,0.0,28.48,26.52,25.27,-89,12.5
2026-07-31 14:51:08,Pasillo Salones Civil,47.79,Mixed,61.41,53.37,Group 4 (Person),0.0,46.04,0.0,51.93,0.0,2.73,61.41,3.3,28.6,3.82,52.08,47.04,41.66,-111,6.2
2026-07-31 14:51:21,Laboratorios Civil Superior,52.29,Group 1 (Common),88.28,53.85,Group 1 (Common),52.13,0.0,0.0,0.0,49.81,88.28,0.0,0.13,0.43,11.02,54.25,52.05,50.54,-115,2.8
2026-07-31 14:51:30,Laboratorios Eléctrica Centro,53.79,Mixed,48.61,57.26,Group 5 (Vehicle),51.88,0.0,0.0,0.0,54.18,47.83,0.13,3.04,0.43,48.61,57.36,51.67,48.65,-105,11.5
2026-07-31 14:52:49,Lobby Civil,52.23,Mixed,54.77,56.76,Group 5 (Vehicle),50.58,50.41,0.0,0.0,51.78,54.77,24.83,0.0,5.73,14.63,57.69,50.88,48.61,-111,6.0
2026-07-31 14:52:57,Pasillo Decanato Civil,40.7,Silence,0.0,43.16,Silence,0.0,0.0,0.0,0.0,0.0,0.0,0.0,0.0,0.0,0.0,43.14,40.44,37.58,-111,8.8
2026-07-31 14:54:11,Salón - Extremo Eléctrica,20.99,Silence,0.0,21.85,Silence,0.0,0.0,0.0,0.0,0.0,0.0,0.0,0.0,0.0,0.0,21.54,21.11,20.33,-113,6.0
2026-07-31 14:54:18,Laboratorios Eléctrica Superior,42.04,Silence,0.0,44.49,Silence,0.0,0.0,0.0,0.0,0.0,0.0,0.0,0.0,0.0,0.0,45.7,41.35,39.67,-105,12.2
2026-07-31 14:54:36,Salón - Uma Civil,46.28,Mixed,27.88,48.12,Group 5 (Vehicle),46.62,44.88,0.0,46.03,47.77,26.71,20.7,2.0,27.88,22.71,49.24,46.64,41.63,-115,4.0
2026-07-31 14:54:38,Pasillo Decanato Eléctrica,55.84,Group 1 (Common),99.22,57.03,Group 1 (Common),55.66,0.0,0.0,0.0,0.0,99.22,0.04,0.22,0.13,0.26,57.53,55.67,54.87,-115,-4.5
2026-07-31 14:55:04,Laboratorios Civil Central,59.32,Group 1 (Common),93.88,63.38,Group 1 (Common),57.6,0.0,0.0,0.0,0.0,93.88,2.52,0.0,0.74,2.82,64.09,58.0,51.16,-102,9.0
2026-07-31 14:55:18,Laboratorios Eléctrica Inferior,47.84,Mixed,63.89,50.2,Group 5 (Vehicle),48.11,0.0,0.0,0.0,48.36,30.12,3.86,0.17,1.87,63.89,48.93,47.74,46.86,-117,-3.2
2026-07-31 14:55:19,Lobby Eléctrica,52.08,Mixed,40.23,57.02,Group 1 (Common),54.59,44.48,49.0,0.0,0.0,40.23,32.86,25.52,0.39,1.0,59.02,46.83,37.95,-117,-1.5
2026-07-31 14:55:22,Laboratorios Civil Inferior,46.06,Mixed,58.42,50.21,Group 5 (Vehicle),0.0,43.46,0.0,0.0,49.11,5.3,58.42,0.91,3.69,31.55,52.3,45.38,41.34,-120,-4.0
2026-07-31 14:55:27,Pasillo Salones Eléctrica,32.43,Silence,0.0,32.94,Silence,0.0,0.0,0.0,0.0,0.0,0.0,0.0,0.0,0.0,0.0,32.99,32.49,31.88,-101,11.5
2026-07-31 14:55:37,Salón - Uma Eléctrica,42.86,Silence,0.0,43.47,Silence,0.0,0.0,0.0,0.0,0.0,0.0,0.0,0.0,0.0,0.0,43.52,42.98,41.92,-107,6.8
2026-07-31 14:56:04,Salón - Extremo Civil,20.27,Silence,0.0,21.68,Silence,0.0,0.0,0.0,0.0,0.0,0.0,0.0,0.0,0.0,0.0,21.49,19.91,19.75,-89,13.5
2026-07-31 14:56:08,Pasillo Salones Civil,42.53,Silence,0.0,44.98,Silence,0.0,0.0,0.0,0.0,0.0,0.0,0.0,0.0,0.0,0.0,44.98,41.41,38.15,-102,11.8
2026-07-31 14:56:21,Laboratorios Civil Superior,47.24,Group 1 (Common),86.55,48.92,Group 1 (Common),47.57,0.0,0.0,0.0,0.0,86.55,1.95,0.0,0.22,11.2,48.77,47.12,46.28,-111,6.5
2026-07-31 14:56:30,Laboratorios Eléctrica Centro,48.25,Mixed,62.07,50.46,Group 3 (Rotary Tool),45.6,0.0,48.53,0.0,47.66,19.49,0.13,18.1,0.09,62.07,51.35,48.34,45.14,-107,10.2
2026-07-31 14:57:49,Lobby Civil,55.75,Group 1 (Common),91.84,60.06,Group 1 (Common),54.4,0.0,0.0,0.0,0.0,91.84,6.29,0.0,1.74,0.0,60.84,54.83,47.97,-97,12.2
2026-07-31 14:57:57,Pasillo Decanato Civil,40.13,Silence,0.0,42.09,Silence,0.0,0.0,0.0,0.0,0.0,0.0,0.0,0.0,0.0,0.0,42.29,40.17,38.43,-114,4.2
2026-07-31 14:59:11,Salón - Extremo Eléctrica,18.06,Silence,0.0,18.87,Silence,0.0,0.0,0.0,0.0,0.0,0.0,0.0,0.0,0.0,0.0,18.7,17.87,17.53,-94,9.0
2026-07-31 14:59:18,Laboratorios Eléctrica Superior,41.15,Silence,0.0,45.56,Silence,0.0,0.0,0.0,0.0,0.0,0.0,0.0,0.0,0.0,0.0,42.2,41.08,40.24,-113,5.2
2026-07-31 14:59:36,Salón - Uma Civil,46.73,Mixed,30.51,53.56,Group 4 (Person),50.16,47.88,0.0,53.15,44.46,22.48,30.51,4.17,23.52,19.23,52.44,44.87,39.38,-120,-8.5
2026-07-31 14:59:38,Pasillo Decanato Eléctrica,55.45,Group 1 (Common),99.39,56.38,Group 1 (Common),55.54,0.0,0.0,0.0,0.0,99.39,0.09,0.09,0.26,0.17,55.99,55.44,54.77,-112,5.5
2026-07-31 15:00:04,Laboratorios Civil Central,52.38,Group 1 (Common),92.1,54.19,Group 1 (Common),52.62,0.0,0.0,0.0,0.0,92.1,0.52,0.0,0.22,7.2,53.4,52.45,50.87,-118,-7.0
2026-07-31 15:00:10,Laboratorios Eléctrica Inferior,61.18,Group 1 (Common),81.34,65.99,Group 1 (Common),61.13,0.0,0.0,0.0,0.0,81.34,3.21,0.0,1.43,14.02,66.67,54.05,47.82,-120,-12.8
2026-07-31 15:00:19,Lobby Eléctrica,42.01,Silence,0.0,43.43,Silence,0.0,0.0,0.0,0.0,0.0,0.0,0.0,0.0,0.0,0.0,42.51,42.09,41.46,-115,-4.2
2026-07-31 15:00:32,Laboratorios Civil Inferior,44.89,Silence,0.0,46.47,Silence,0.0,0.0,0.0,0.0,0.0,0.0,0.0,0.0,0.0,0.0,46.64,44.71,42.94,-120,-4.8
2026-07-31 15:00:32,Pasillo Salones Eléctrica,34.11,Silence,0.0,35.01,Silence,0.0,0.0,0.0,0.0,0.0,0.0,0.0,0.0,0.0,0.0,34.92,34.11,33.21,-115,2.2
2026-07-31 15:00:37,Salón - Uma Eléctrica,43.84,Silence,0.0,44.96,Silence,0.0,0.0,0.0,0.0,0.0,0.0,0.0,0.0,0.0,0.0,45.1,43.47,42.8,-107,9.2
2026-07-31 15:01:04,Salón - Extremo Civil,24.47,Silence,0.0,27.3,Silence,0.0,0.0,0.0,0.0,0.0,0.0,0.0,0.0,0.0,0.0,26.15,24.87,21.46,-87,11.8
2026-07-31 15:01:08,Pasillo Salones Civil,40.48,Silence,0.0,42.12,Silence,0.0,0.0,0.0,0.0,0.0,0.0,0.0,0.0,0.0,0.0,42.42,40.04,38.48,-102,11.0
2026-07-31 15:01:21,Laboratorios Civil Superior,48.34,Group 1 (Common),98.61,49.6,Group 1 (Common),48.19,0.0,0.0,0.0,0.0,98.61,0.09,0.0,0.04,1.13,49.47,48.07,45.62,-111,6.5
2026-07-31 15:01:30,Laboratorios Eléctrica Centro,51.37,Mixed,69.62,56.81,Group 5 (Vehicle),51.47,0.0,0.0,0.0,50.85,20.36,4.95,2.95,2.17,69.62,58.45,47.36,44.8,-105,12.2
2026-07-31 15:02:50,Lobby Civil,45.68,Mixed,35.89,47.5,Group 1 (Common),45.98,46.0,0.0,0.0,44.73,30.56,29.64,0.09,3.86,35.89,48.18,45.6,44.28,-91,13.0
2026-07-31 15:02:57,Pasillo Decanato Civil,37.0,Silence,0.0,38.89,Silence,0.0,0.0,0.0,0.0,0.0,0.0,0.0,0.0,0.0,0.0,39.12,36.92,34.93,-101,8.2
2026-07-31 15:04:11,Salón - Extremo Eléctrica,26.4,Silence,0.0,28.54,Silence,0.0,0.0,0.0,0.0,0.0,0.0,0.0,0.0,0.0,0.0,27.93,26.59,23.7,-111,7.0
2026-07-31 15:04:18,Laboratorios Eléctrica Superior,46.38,Group 1 (Common),72.31,48.58,Group 3 (Rotary Tool),45.9,0.0,47.88,0.0,47.26,72.31,0.74,19.01,0.22,7.6,48.81,46.16,43.72,-103,11.2
2026-07-31 15:04:36,Salón - Uma Civil,38.57,Silence,0.0,43.88,Silence,0.0,0.0,0.0,0.0,0.0,0.0,0.0,0.0,0.0,0.0,43.83,38.01,35.77,-120,-2.8
2026-07-31 15:04:38,Pasillo Decanato Eléctrica,56.3,Group 1 (Common),97.96,57.35,Group 1 (Common),56.14,0.0,0.0,0.0,0.0,97.96,1.48,0.0,0.35,0.3,57.44,56.62,54.62,-105,10.2
2026-07-31 15:05:04,Laboratorios Civil Central,54.71,Group 1 (Common),98.65,56.94,Group 1 (Common),54.87,0.0,0.0,0.0,0.0,98.65,0.09,0.0,0.04,1.3,56.41,53.96,53.16,-119,-5.5
2026-07-31 15:05:10,Laboratorios Eléctrica Inferior,48.11,Mixed,53.13,48.83,Group 5 (Vehicle),47.89,0.0,0.0,0.0,48.21,40.06,4.51,0.0,2.26,53.13,48.84,48.16,47.43,-117,4.2
2026-07-31 15:05:19,Lobby Eléctrica,47.06,Mixed,45.44,50.62,Group 4 (Person),49.07,45.43,47.52,50.24,0.0,45.44,28.82,13.24,12.07,0.48,49.81,47.37,43.57,-117,-5.5
2026-07-31 15:05:22,Laboratorios Civil Inferior,41.37,Silence,0.0,42.18,Silence,0.0,0.0,0.0,0.0,0.0,0.0,0.0,0.0,0.0,0.0,42.29,41.31,40.73,-115,-4.8
2026-07-31 15:05:27,Pasillo Salones Eléctrica,32.37,Silence,0.0,33.3,Silence,0.0,0.0,0.0,0.0,0.0,0.0,0.0,0.0,0.0,0.0,33.28,32.43,31.44,-99,12.2
2026-07-31 15:05:37,Salón - Uma Eléctrica,42.55,Silence,0.0,43.62,Silence,0.0,0.0,0.0,0.0,0.0,0.0,0.0,0.0,0.0,0.0,43.66,42.42,41.62,-111,7.0
2026-07-31 15:06:04,Salón - Extremo Civil,31.16,Silence,0.0,36.14,Silence,0.0,0.0,0.0,0.0,0.0,0.0,0.0,0.0,0.0,0.0,34.93,29.87,26.59,-95,12.5
2026-07-31 15:06:08,Pasillo Salones Civil,42.38,Silence,0.0,43.63,Silence,0.0,0.0,0.0,0.0,0.0,0.0,0.0,0.0,0.0,0.0,44.08,42.71,39.5,-117,-2.0
2026-07-31 15:06:21,Laboratorios Civil Superior,61.85,Mixed,59.2,65.89,Group 1 (Common),60.3,0.0,0.0,62.9,54.72,59.2,1.35,0.0,25.69,13.59,66.92,61.7,44.7,-115,0.5
2026-07-31 15:06:30,Laboratorios Eléctrica Centro,48.71,Mixed,44.24,51.73,Group 3 (Rotary Tool),47.69,0.0,50.29,0.0,50.43,23.24,1.56,30.91,0.05,44.24,50.84,48.04,46.77,-100,8.5
2026-07-31 15:07:49,Lobby Civil,46.96,Mixed,54.12,50.57,Group 1 (Common),47.55,46.11,0.0,0.0,48.8,54.12,13.19,0.0,1.13,31.6,50.3,46.86,44.37,-103,9.5
2026-07-31 15:07:57,Pasillo Decanato Civil,46.57,Mixed,34.2,53.52,Group 2 (Impact),40.12,46.25,38.65,0.0,39.59,15.84,34.2,24.7,0.78,24.57,53.93,39.85,36.41,-102,12.2
2026-07-31 15:09:11,Salón - Extremo Eléctrica,18.51,Silence,0.0,19.09,Silence,0.0,0.0,0.0,0.0,0.0,0.0,0.0,0.0,0.0,0.0,19.42,18.5,17.85,-113,7.2
2026-07-31 15:09:18,Laboratorios Eléctrica Superior,40.29,Silence,0.0,41.3,Silence,0.0,0.0,0.0,0.0,0.0,0.0,0.0,0.0,0.0,0.0,41.01,40.25,39.4,-99,11.2
2026-07-31 15:09:38,Pasillo Decanato Eléctrica,55.37,Group 1 (Common),99.52,56.13,Group 1 (Common),55.37,0.0,0.0,0.0,0.0,99.52,0.0,0.0,0.0,0.17,56.19,55.27,54.86,-105,8.2
2026-07-31 15:10:04,Laboratorios Civil Central,66.47,Mixed,44.68,68.75,Group 4 (Person),63.99,66.8,0.0,66.8,0.0,43.31,12.01,0.0,44.68,0.1,69.19,64.7,59.85,-105,12.2
2026-07-31 15:10:10,Laboratorios Eléctrica Inferior,53.95,Mixed,52.95,61.51,Group 4 (Person),53.94,0.0,0.0,58.82,51.65,31.25,3.6,0.0,52.95,12.11,57.69,53.17,51.48,-120,-6.2
2026-07-31 15:10:19,Lobby Eléctrica,47.04,Mixed,56.64,48.35,Group 1 (Common),47.62,46.98,0.0,0.0,0.0,29.12,56.64,4.12,1.17,8.81,48.36,46.82,45.72,-93,12.5
2026-07-31 15:10:22,Laboratorios Civil Inferior,42.19,Silence,0.0,42.8,Silence,0.0,0.0,0.0,0.0,0.0,0.0,0.0,0.0,0.0,0.0,43.05,42.08,41.7,-120,-1.5
2026-07-31 15:10:27,Pasillo Salones Eléctrica,33.84,Silence,0.0,35.0,Silence,0.0,0.0,0.0,0.0,0.0,0.0,0.0,0.0,0.0,0.0,34.7,34.19,31.9,-112,0.8
2026-07-31 15:10:37,Salón - Uma Eléctrica,43.21,Silence,0.0,43.83,Silence,0.0,0.0,0.0,0.0,0.0,0.0,0.0,0.0,0.0,0.0,44.25,43.2,42.36,-103,10.8
2026-07-31 15:11:14,Salón - Extremo Civil,28.16,Silence,0.0,30.31,Silence,0.0,0.0,0.0,0.0,0.0,0.0,0.0,0.0,0.0,0.0,30.49,27.88,26.46,-95,12.2
2026-07-31 15:11:14,Pasillo Salones Civil,48.82,Group 1 (Common),95.23,52.94,Group 1 (Common),50.36,0.0,0.0,0.0,0.0,95.23,0.13,0.0,1.17,3.39,53.13,46.93,43.55,-117,-2.0
2026-07-31 15:11:21,Laboratorios Civil Superior,50.99,Mixed,48.52,55.68,Group 5 (Vehicle),49.5,0.0,0.0,0.0,51.93,30.51,16.15,0.74,4.12,48.52,56.97,46.66,45.12,-105,7.2
2026-07-31 15:11:30,Laboratorios Eléctrica Centro,45.03,Mixed,61.24,45.71,Group 5 (Vehicle),45.23,0.0,0.0,0.0,45.27,35.11,1.39,2.04,0.13,61.24,45.73,45.13,44.37,-107,9.8
2026-07-31 15:12:50,Lobby Civil,48.3,Group 1 (Common),88.28,50.33,Group 1 (Common),48.54,0.0,0.0,0.0,0.0,88.28,0.09,0.3,0.04,11.24,49.82,48.03,46.53,-107,11.5
2026-07-31 15:12:57,Pasillo Decanato Civil,56.92,Mixed,51.04,62.39,Group 1 (Common),56.31,0.0,0.0,55.99,0.0,51.04,12.59,7.94,25.52,2.82,62.93,52.94,38.24,-107,10.8
2026-07-31 15:14:11,Salón - Extremo Eléctrica,24.02,Silence,0.0,27.98,Silence,0.0,0.0,0.0,0.0,0.0,0.0,0.0,0.0,0.0,0.0,25.9,24.13,19.93,-90,12.8
2026-07-31 15:14:19,Laboratorios Eléctrica Superior,39.92,Silence,0.0,40.45,Silence,0.0,0.0,0.0,0.0,0.0,0.0,0.0,0.0,0.0,0.0,40.48,39.85,39.31,-119,
2026-07-31 15:14:36,Salón - Uma Civil,36.08,Silence,0.0,37.65,Silence,0.0,0.0,0.0,0.0,0.0,0.0,0.0,0.0,0.0,0.0,37.25,35.92,35.44,-118,-3.0
2026-07-31 15:14:38,Pasillo Decanato Eléctrica,56.57,Group 1 (Common),99.31,63.87,Group 1 (Common),57.77,0.0,0.0,0.0,0.0,99.31,0.0,0.13,0.09,0.26,57.49,56.24,55.84,-105,10.2
2026-07-31 15:15:04,Laboratorios Civil Central,53.42,Group 1 (Common),88.77,54.36,Group 1 (Common),53.6,0.0,0.0,0.0,0.0,88.77,0.29,0.0,0.05,10.69,54.58,53.3,52.65,-103,8.8
2026-07-31 15:15:10,Laboratorios Eléctrica Inferior,47.72,Mixed,59.64,48.3,Group 1 (Common),47.72,0.0,0.0,0.0,47.67,59.64,2.39,0.04,1.48,36.55,48.38,47.79,46.72,-120,-4.8
2026-07-31 15:15:19,Lobby Eléctrica,53.1,Mixed,52.95,56.81,Group 1 (Common),54.15,0.0,48.91,0.0,0.0,52.95,9.03,19.01,15.28,3.86,58.1,52.69,49.08,-119,-10.0
2026-07-31 15:15:22,Laboratorios Civil Inferior,41.91,Silence,0.0,42.73,Silence,0.0,0.0,0.0,0.0,0.0,0.0,0.0,0.0,0.0,0.0,42.8,41.96,40.9,-119,-0.8
2026-07-31 15:15:27,Pasillo Salones Eléctrica,31.91,Silence,0.0,32.9,Silence,0.0,0.0,0.0,0.0,0.0,0.0,0.0,0.0,0.0,0.0,33.09,31.91,31.1,-114,3.0
2026-07-31 15:15:37,Salón - Uma Eléctrica,42.29,Silence,0.0,43.21,Silence,0.0,0.0,0.0,0.0,0.0,0.0,0.0,0.0,0.0,0.0,43.15,42.06,41.84,-111,7.8
2026-07-31 15:16:04,Salón - Extremo Civil,26.76,Silence,0.0,28.77,Silence,0.0,0.0,0.0,0.0,0.0,0.0,0.0,0.0,0.0,0.0,27.54,26.8,25.32,-95,13.2
2026-07-31 15:16:09,Pasillo Salones Civil,37.41,Silence,0.0,38.33,Silence,0.0,0.0,0.0,0.0,0.0,0.0,0.0,0.0,0.0,0.0,38.4,37.42,36.58,-100,9.0
2026-07-31 15:16:31,Laboratorios Civil Superior,47.83,Mixed,59.23,51.75,Group 5 (Vehicle),48.08,0.0,0.0,0.0,49.61,40.14,0.15,0.0,0.34,59.23,50.02,47.68,45.28,-102,10.0
2026-07-31 15:16:31,Laboratorios Eléctrica Centro,45.16,Group 5 (Vehicle),77.0,46.01,Group 5 (Vehicle),0.0,0.0,45.31,0.0,45.48,4.6,0.52,17.88,0.04,77.0,45.69,45.32,44.51,-102,11.0
2026-07-31 15:17:50,Lobby Civil,55.24,Group 1 (Common),99.48,57.38,Group 1 (Common),55.49,0.0,0.0,0.0,0.0,99.48,0.0,0.04,0.13,0.09,57.83,55.55,51.04,-99,9.2
2026-07-31 15:17:57,Pasillo Decanato Civil,35.76,Silence,0.0,39.52,Silence,0.0,0.0,0.0,0.0,0.0,0.0,0.0,0.0,0.0,0.0,38.84,35.5,34.05,-111,5.0
2026-07-31 15:19:11,Salón - Extremo Eléctrica,20.69,Silence,0.0,21.78,Silence,0.0,0.0,0.0,0.0,0.0,0.0,0.0,0.0,0.0,0.0,22.03,20.4,19.29,-95,13.0
2026-07-31 15:19:18,Laboratorios Eléctrica Superior,47.67,Mixed,33.72,51.16,Group 2 (Impact),43.36,50.37,0.0,0.0,47.42,33.72,30.3,2.21,2.47,31.21,51.62,46.24,41.71,-105,11.5
2026-07-31 15:19:36,Salón - Uma Civil,36.14,Silence,0.0,37.65,Silence,0.0,0.0,0.0,0.0,0.0,0.0,0.0,0.0,0.0,0.0,37.93,36.38,34.57,-119,-8.5
2026-07-31 15:19:38,Pasillo Decanato Eléctrica,57.66,Group 1 (Common),99.35,59.01,Group 1 (Common),57.55,0.0,0.0,0.0,0.0,99.35,0.0,0.39,0.09,0.04,59.17,57.21,56.61,-119,-9.2
2026-07-31 15:20:05,Laboratorios Civil Central,53.74,Mixed,65.89,54.95,Group 1 (Common),54.03,0.0,0.0,0.0,53.61,65.89,0.95,0.0,0.56,32.47,55.3,53.88,52.49,-117,-7.0
2026-07-31 15:20:10,Laboratorios Eléctrica Inferior,47.7,Mixed,56.01,48.6,Group 1 (Common),47.87,0.0,0.0,0.0,47.75,56.01,5.37,0.0,1.07,37.55,48.78,47.56,46.98,-120,-6.5
2026-07-31 15:20:19,Lobby Eléctrica,51.36,Mixed,46.05,54.63,Group 1 (Common),52.71,0.0,0.0,50.8,0.0,46.05,2.52,13.15,37.41,0.74,54.58,51.0,47.42,-119,-1.2
2026-07-31 15:20:22,Laboratorios Civil Inferior,42.65,Silence,0.0,44.29,Silence,0.0,0.0,0.0,0.0,0.0,0.0,0.0,0.0,0.0,0.0,44.14,42.1,40.95,-115,-4.5
2026-07-31 15:20:27,Pasillo Salones Eléctrica,32.82,Silence,0.0,33.52,Silence,0.0,0.0,0.0,0.0,0.0,0.0,0.0,0.0,0.0,0.0,33.4,32.76,31.92,-114,1.5
2026-07-31 15:20:37,Salón - Uma Eléctrica,42.88,Silence,0.0,43.33,Silence,0.0,0.0,0.0,0.0,0.0,0.0,0.0,0.0,0.0,0.0,43.22,42.9,42.45,-113,6.5
2026-07-31 15:21:04,Salón - Extremo Civil,21.96,Silence,0.0,22.85,Silence,0.0,0.0,0.0,0.0,0.0,0.0,0.0,0.0,0.0,0.0,22.59,21.94,21.28,-89,13.2
2026-07-31 15:21:09,Pasillo Salones Civil,47.63,Group 1 (Common),74.87,50.93,Group 1 (Common),47.47,40.88,0.0,0.0,0.0,74.87,21.92,2.13,0.35,0.87,50.5,45.92,42.52,-103,11.2
2026-07-31 15:21:21,Laboratorios Civil Superior,45.15,Group 1 (Common),79.79,45.86,Group 1 (Common),45.56,0.0,0.0,0.0,44.97,79.79,0.88,0.0,0.34,18.99,46.03,45.01,44.7,-107,7.5
2026-07-31 15:21:30,Laboratorios Eléctrica Centro,46.0,Group 5 (Vehicle),88.41,46.97,Group 5 (Vehicle),0.0,0.0,0.0,0.0,46.13,3.69,0.35,7.51,0.04,88.41,46.8,45.91,44.96,-105,12.5
2026-07-31 15:22:50,Lobby Civil,46.75,Group 1 (Common),94.04,48.03,Group 1 (Common),46.96,0.0,0.0,0.0,0.0,94.04,4.79,0.0,0.63,0.73,47.64,46.53,45.41,-108,6.8
2026-07-31 15:22:57,Pasillo Decanato Civil,36.41,Silence,0.0,37.82,Silence,0.0,0.0,0.0,0.0,0.0,0.0,0.0,0.0,0.0,0.0,37.98,36.36,34.5,-113,2.5
2026-07-31 15:24:11,Salón - Extremo Eléctrica,20.59,Silence,0.0,21.11,Silence,0.0,0.0,0.0,0.0,0.0,0.0,0.0,0.0,0.0,0.0,20.93,20.6,20.07,-102,9.8
2026-07-31 15:24:19,Laboratorios Eléctrica Superior,40.84,Silence,0.0,42.0,Silence,0.0,0.0,0.0,0.0,0.0,0.0,0.0,0.0,0.0,0.0,41.85,41.14,38.93,-103,11.0
2026-07-31 15:24:36,Salón - Uma Civil,51.06,Mixed,43.53,54.65,Group 2 (Impact),0.0,51.4,52.35,0.0,46.32,0.0,39.32,15.71,1.52,43.53,56.7,49.8,42.86,-111,9.8
2026-07-31 15:24:38,Pasillo Decanato Eléctrica,56.86,Group 1 (Common),99.48,59.0,Group 1 (Common),56.56,0.0,0.0,0.0,0.0,99.48,0.0,0.0,0.3,0.09,59.86,56.21,55.57,-117,-1.0
2026-07-31 15:25:05,Laboratorios Civil Central,54.39,Group 1 (Common),86.5,55.91,Group 1 (Common),54.05,0.0,0.0,0.0,0.0,86.5,1.13,0.0,0.17,12.24,56.01,54.15,52.91,-105,12.0
2026-07-31 15:25:10,Laboratorios Eléctrica Inferior,47.81,Mixed,53.91,48.23,Group 1 (Common),48.07,0.0,0.0,0.0,47.77,38.45,5.38,0.35,1.95,53.91,48.62,47.88,47.16,-109,1.2
2026-07-31 15:25:19,Lobby Eléctrica,42.85,Silence,0.0,46.02,Silence,0.0,0.0,0.0,0.0,0.0,0.0,0.0,0.0,0.0,0.0,46.01,41.71,40.49,-97,13.0
2026-07-31 15:25:22,Laboratorios Civil Inferior,45.74,Mixed,55.38,48.15,Group 1 (Common),47.24,45.2,0.0,0.0,0.0,32.47,55.38,0.22,2.6,9.24,48.21,44.45,42.46,-118,-5.2
2026-07-31 15:25:27,Pasillo Salones Eléctrica,32.57,Silence,0.0,33.43,Silence,0.0,0.0,0.0,0.0,0.0,0.0,0.0,0.0,0.0,0.0,33.68,32.49,31.95,-103,11.8
2026-07-31 15:25:37,Salón - Uma Eléctrica,42.73,Silence,0.0,43.51,Silence,0.0,0.0,0.0,0.0,0.0,0.0,0.0,0.0,0.0,0.0,43.4,42.51,41.9,-109,7.0
2026-07-31 15:26:04,Salón - Extremo Civil,26.71,Silence,0.0,27.55,Silence,0.0,0.0,0.0,0.0,0.0,0.0,0.0,0.0,0.0,0.0,27.68,26.75,25.32,-85,12.0
2026-07-31 15:26:09,Pasillo Salones Civil,45.0,Group 5 (Vehicle),77.13,46.13,Group 5 (Vehicle),0.0,45.56,0.0,0.0,46.38,3.56,17.49,0.61,1.43,77.13,46.59,45.06,41.85,-113,4.0
2026-07-31 15:26:21,Laboratorios Civil Superior,53.76,Group 5 (Vehicle),73.57,57.56,Group 3 (Rotary Tool),0.0,51.18,56.34,0.0,52.41,1.22,8.72,7.99,8.46,73.57,58.8,53.1,47.82,-103,11.2
2026-07-31 15:26:30,Laboratorios Eléctrica Centro,45.94,Mixed,66.1,46.55,Group 5 (Vehicle),0.0,0.0,45.79,0.0,46.05,1.26,1.95,30.64,0.0,66.1,46.59,45.89,45.47,-99,11.0
2026-07-31 15:27:50,Lobby Civil,60.68,Group 5 (Vehicle),70.65,66.21,Group 5 (Vehicle),50.21,0.0,55.59,0.0,60.48,19.24,3.37,5.32,1.46,70.65,67.62,50.7,48.35,-113,6.5
2026-07-31 15:27:57,Pasillo Decanato Civil,37.26,Silence,0.0,38.87,Silence,0.0,0.0,0.0,0.0,0.0,0.0,0.0,0.0,0.0,0.0,39.1,36.55,35.94,-112,3.5
2026-07-31 15:29:11,Salón - Extremo Eléctrica,23.76,Silence,0.0,24.6,Silence,0.0,0.0,0.0,0.0,0.0,0.0,0.0,0.0,0.0,0.0,24.74,23.67,22.82,-102,4.8
2026-07-31 15:29:19,Laboratorios Eléctrica Superior,40.14,Silence,0.0,41.28,Silence,0.0,0.0,0.0,0.0,0.0,0.0,0.0,0.0,0.0,0.0,41.18,39.91,39.02,-103,11.0
2026-07-31 15:29:36,Salón - Uma Civil,38.77,Silence,0.0,41.26,Silence,0.0,0.0,0.0,0.0,0.0,0.0,0.0,0.0,0.0,0.0,41.65,38.36,35.59,-119,-2.5
2026-07-31 15:29:38,Pasillo Decanato Eléctrica,56.01,Group 1 (Common),99.61,57.38,Group 1 (Common),56.2,0.0,0.0,0.0,0.0,99.61,0.0,0.09,0.0,0.09,57.22,56.02,55.31,-113,6.0
2026-07-31 15:30:05,Laboratorios Civil Central,53.84,Group 1 (Common),88.93,55.01,Group 1 (Common),54.11,0.0,0.0,0.0,0.0,88.93,0.0,0.0,0.0,10.89,54.94,53.84,52.41,-102,11.8
2026-07-31 15:30:10,Laboratorios Eléctrica Inferior,47.57,Mixed,46.35,48.44,Group 1 (Common),47.95,0.0,0.0,0.0,47.73,41.41,9.03,0.52,2.6,46.35,48.07,47.91,46.57,-111,9.0
2026-07-31 15:30:19,Lobby Eléctrica,46.83,Mixed,52.17,48.23,Group 5 (Vehicle),0.0,0.0,46.44,0.0,47.29,9.38,2.91,35.46,0.04,52.17,48.72,46.45,45.52,-114,-0.5
2026-07-31 15:30:22,Laboratorios Civil Inferior,42.81,Silence,0.0,44.8,Silence,0.0,0.0,0.0,0.0,0.0,0.0,0.0,0.0,0.0,0.0,43.4,43.06,41.9,-120,-10.2
2026-07-31 15:30:27,Pasillo Salones Eléctrica,32.52,Silence,0.0,33.72,Silence,0.0,0.0,0.0,0.0,0.0,0.0,0.0,0.0,0.0,0.0,33.09,32.46,31.73,-105,6.8
2026-07-31 15:30:37,Salón - Uma Eléctrica,42.84,Silence,0.0,43.61,Silence,0.0,0.0,0.0,0.0,0.0,0.0,0.0,0.0,0.0,0.0,43.33,42.97,41.95,-111,5.8
2026-07-31 15:31:04,Salón - Extremo Civil,23.07,Silence,0.0,24.17,Silence,0.0,0.0,0.0,0.0,0.0,0.0,0.0,0.0,0.0,0.0,24.45,23.08,21.89,-97,9.2
2026-07-31 15:31:09,Pasillo Salones Civil,40.3,Silence,0.0,41.73,Silence,0.0,0.0,0.0,0.0,0.0,0.0,0.0,0.0,0.0,0.0,42.23,40.24,38.27,-120,-2.2
2026-07-31 15:31:21,Laboratorios Civil Superior,45.29,Group 1 (Common),94.53,46.03,Group 1 (Common),45.24,0.0,0.0,0.0,0.0,94.53,0.95,0.04,0.17,4.3,45.95,45.27,44.82,-118,-4.0
2026-07-31 15:31:30,Laboratorios Eléctrica Centro,46.2,Mixed,68.84,46.81,Group 5 (Vehicle),45.91,0.0,0.0,0.0,46.22,27.73,0.69,2.65,0.04,68.84,46.86,46.34,45.21,-111,7.8
2026-07-31 15:32:50,Lobby Civil,44.75,Silence,0.0,46.82,Silence,0.0,0.0,0.0,0.0,0.0,0.0,0.0,0.0,0.0,0.0,47.2,44.5,43.93,-101,11.8
2026-07-31 15:32:57,Pasillo Decanato Civil,59.26,Mixed,42.49,64.87,Group 4 (Person),57.18,42.73,0.0,60.78,0.0,32.29,11.72,3.6,42.49,9.77,65.03,55.4,40.8,-107,8.0
2026-07-31 15:34:11,Salón - Extremo Eléctrica,19.93,Silence,0.0,20.57,Silence,0.0,0.0,0.0,0.0,0.0,0.0,0.0,0.0,0.0,0.0,20.98,19.93,19.13,-91,13.0
2026-07-31 15:34:19,Laboratorios Eléctrica Superior,50.61,Mixed,53.47,54.87,Group 5 (Vehicle),43.43,0.0,51.0,0.0,53.9,53.47,0.56,12.02,0.35,33.59,55.97,50.39,39.42,-99,11.2
2026-07-31 15:34:36,Salón - Uma Civil,38.78,Silence,0.0,40.77,Silence,0.0,0.0,0.0,0.0,0.0,0.0,0.0,0.0,0.0,0.0,40.86,38.91,36.35,-108,6.8
2026-07-31 15:34:38,Pasillo Decanato Eléctrica,55.59,Group 1 (Common),99.22,56.57,Group 1 (Common),55.58,0.0,0.0,0.0,0.0,99.22,0.2,0.0,0.15,0.34,56.73,55.26,54.4,-111,7.5
2026-07-31 15:35:05,Laboratorios Civil Central,53.5,Mixed,56.55,54.75,Group 2 (Impact),53.59,54.21,0.0,0.0,0.0,56.55,21.61,0.04,2.3,19.31,54.34,53.49,52.15,-118,-10.2
2026-07-31 15:35:10,Laboratorios Eléctrica Inferior,47.84,Mixed,61.55,49.18,Group 5 (Vehicle),47.76,0.0,0.0,0.0,48.05,36.24,0.82,0.04,1.13,61.55,49.35,47.54,47.03,-115,0.2
2026-07-31 15:35:19,Lobby Eléctrica,50.31,Mixed,38.54,55.73,Group 4 (Person),49.16,50.08,46.69,54.1,0.0,23.96,11.28,10.42,38.54,15.84,54.29,49.56,46.01,-103,11.5
2026-07-31 15:35:22,Laboratorios Civil Inferior,42.31,Silence,0.0,42.89,Silence,0.0,0.0,0.0,0.0,0.0,0.0,0.0,0.0,0.0,0.0,42.78,42.26,41.53,-117,0.8
2026-07-31 15:35:27,Pasillo Salones Eléctrica,32.85,Silence,0.0,33.59,Silence,0.0,0.0,0.0,0.0,0.0,0.0,0.0,0.0,0.0,0.0,33.77,32.88,31.88,-117,1.0
2026-07-31 15:35:37,Salón - Uma Eléctrica,42.73,Silence,0.0,43.41,Silence,0.0,0.0,0.0,0.0,0.0,0.0,0.0,0.0,0.0,0.0,43.45,42.65,42.16,-113,7.2
2026-07-31 15:36:04,Salón - Extremo Civil,40.14,Silence,0.0,41.82,Silence,0.0,0.0,0.0,0.0,0.0,0.0,0.0,0.0,0.0,0.0,41.95,40.08,38.2,-105,11.0
2026-07-31 15:36:09,Pasillo Salones Civil,39.67,Silence,0.0,41.57,Silence,0.0,0.0,0.0,0.0,0.0,0.0,0.0,0.0,0.0,0.0,42.34,39.27,38.39,-101,11.2
2026-07-31 15:36:21,Laboratorios Civil Superior,46.16,Group 1 (Common),87.33,46.9,Group 1 (Common),46.46,0.0,0.0,0.0,0.0,87.33,0.3,0.0,0.26,12.11,46.94,46.09,45.45,-107,10.2
2026-07-31 15:36:30,Laboratorios Eléctrica Centro,46.6,Group 5 (Vehicle),81.99,47.13,Group 5 (Vehicle),46.76,0.0,0.0,0.0,46.54,13.37,1.39,3.26,0.04,81.99,47.23,46.68,45.17,-111,9.0
2026-07-31 15:37:50,Lobby Civil,45.42,Mixed,60.46,47.41,Group 1 (Common),45.72,45.73,0.0,0.0,0.0,60.46,36.89,0.0,1.09,1.48,47.61,45.05,43.4,-111,7.8
2026-07-31 15:38:03,Pasillo Decanato Civil,41.49,Silence,0.0,46.14,Silence,0.0,0.0,0.0,0.0,0.0,0.0,0.0,0.0,0.0,0.0,45.87,39.63,37.94,-111,6.2
2026-07-31 15:39:11,Salón - Extremo Eléctrica,21.05,Silence,0.0,22.8,Silence,0.0,0.0,0.0,0.0,0.0,0.0,0.0,0.0,0.0,0.0,23.18,20.69,18.99,-109,9.2
2026-07-31 15:39:19,Laboratorios Eléctrica Superior,40.0,Silence,0.0,40.39,Silence,0.0,0.0,0.0,0.0,0.0,0.0,0.0,0.0,0.0,0.0,40.43,39.95,39.65,-103,11.0
2026-07-31 15:39:36,Salón - Uma Civil,51.69,Mixed,46.27,56.1,Group 2 (Impact),0.0,50.63,49.85,0.0,53.18,1.13,46.27,7.55,1.91,43.32,56.63,50.07,43.47,-113,7.8
2026-07-31 15:39:38,Pasillo Decanato Eléctrica,59.83,Group 1 (Common),99.48,60.95,Group 1 (Common),59.75,0.0,0.0,0.0,0.0,99.48,0.09,0.0,0.13,0.0,61.55,59.66,58.67,-106,8.5
2026-07-31 15:40:05,Laboratorios Civil Central,56.19,Group 1 (Common),92.66,58.42,Group 1 (Common),55.13,0.0,0.0,0.0,0.0,92.66,1.65,0.0,0.35,5.08,58.75,55.91,52.6,-101,12.2
2026-07-31 15:40:10,Laboratorios Eléctrica Inferior,48.07,Mixed,49.78,49.01,Group 1 (Common),47.92,0.0,0.0,0.0,48.42,49.78,0.91,0.04,0.65,48.39,48.88,47.87,47.34,-120,-8.2
2026-07-31 15:40:19,Lobby Eléctrica,47.83,Group 2 (Impact),90.63,55.85,Group 2 (Impact),0.0,41.92,0.0,0.0,0.0,1.17,90.63,0.73,2.93,4.49,57.65,40.7,39.62,-95,12.8
2026-07-31 15:40:22,Laboratorios Civil Inferior,55.33,Mixed,68.92,57.9,Group 2 (Impact),54.99,57.16,0.0,55.19,0.0,24.05,6.81,0.0,68.92,0.0,57.75,54.8,49.78,-120,-6.8
2026-07-31 15:40:27,Pasillo Salones Eléctrica,32.45,Silence,0.0,33.01,Silence,0.0,0.0,0.0,0.0,0.0,0.0,0.0,0.0,0.0,0.0,33.07,32.35,31.51,-117,-2.0
2026-07-31 15:40:37,Salón - Uma Eléctrica,42.77,Silence,0.0,43.92,Silence,0.0,0.0,0.0,0.0,0.0,0.0,0.0,0.0,0.0,0.0,43.96,42.65,41.9,-113,6.8
2026-07-31 15:41:04,Salón - Extremo Civil,24.02,Silence,0.0,27.83,Silence,0.0,0.0,0.0,0.0,0.0,0.0,0.0,0.0,0.0,0.0,27.62,22.67,21.76,-105,12.0
2026-07-31 15:41:09,Pasillo Salones Civil,38.93,Silence,0.0,39.85,Silence,0.0,0.0,0.0,0.0,0.0,0.0,0.0,0.0,0.0,0.0,39.97,38.71,38.45,-95,5.0
2026-07-31 15:41:21,Laboratorios Civil Superior,48.25,Group 1 (Common),94.92,50.25,Group 1 (Common),48.72,0.0,0.0,0.0,0.0,94.92,3.04,0.61,0.39,1.17,50.74,48.48,45.07,-109,6.5
2026-07-31 15:41:30,Laboratorios Eléctrica Centro,46.33,Group 5 (Vehicle),87.02,47.02,Group 5 (Vehicle),0.0,0.0,46.39,0.0,46.28,4.82,0.0,7.99,0.04,87.02,47.08,46.24,45.74,-101,8.2
2026-07-31 15:42:50,Lobby Civil,49.56,Group 1 (Common),97.14,52.88,Group 1 (Common),50.07,0.0,0.0,0.0,0.0,97.14,1.56,0.0,0.09,1.04,51.28,49.3,47.26,-101,12.2
2026-07-31 15:42:57,Pasillo Decanato Civil,41.18,Silence,0.0,42.86,Silence,0.0,0.0,0.0,0.0,0.0,0.0,0.0,0.0,0.0,0.0,43.3,40.97,39.85,-113,5.8
2026-07-31 15:44:11,Salón - Extremo Eléctrica,22.24,Silence,0.0,23.09,Silence,0.0,0.0,0.0,0.0,0.0,0.0,0.0,0.0,0.0,0.0,23.15,21.96,21.55,-108,8.8
2026-07-31 15:44:19,Laboratorios Eléctrica Superior,40.34,Silence,0.0,41.25,Silence,0.0,0.0,0.0,0.0,0.0,0.0,0.0,0.0,0.0,0.0,41.36,40.47,39.59,-98,9.8
2026-07-31 15:44:36,Salón - Uma Civil,43.25,Silence,0.0,49.5,Silence,0.0,0.0,0.0,0.0,0.0,0.0,0.0,0.0,0.0,0.0,51.26,38.47,34.86,-117,2.8
2026-07-31 15:44:38,Pasillo Decanato Eléctrica,55.73,Group 1 (Common),98.61,56.27,Group 1 (Common),55.61,0.0,0.0,0.0,0.0,98.61,0.17,0.0,0.13,1.13,56.24,55.8,54.7,-105,5.5
2026-07-31 15:45:05,Laboratorios Civil Central,56.44,Group 1 (Common),99.13,58.65,Group 1 (Common),56.68,0.0,0.0,0.0,0.0,99.13,0.22,0.0,0.04,0.39,59.44,55.13,53.15,-119,-10.8
2026-07-31 15:45:10,Laboratorios Eléctrica Inferior,47.69,Mixed,62.2,48.28,Group 1 (Common),48.21,0.0,0.0,0.0,47.76,32.42,3.99,0.43,0.82,62.2,48.28,47.73,46.57,-119,-4.8
2026-07-31 15:45:19,Lobby Eléctrica,59.79,Mixed,37.41,64.77,Group 3 (Rotary Tool),45.61,45.89,62.23,0.0,46.35,4.86,25.0,37.41,1.43,31.34,66.34,57.73,44.74,-103,6.0
2026-07-31 15:45:22,Laboratorios Civil Inferior,41.82,Silence,0.0,43.32,Silence,0.0,0.0,0.0,0.0,0.0,0.0,0.0,0.0,0.0,0.0,43.71,41.47,40.96,-119,-8.2
2026-07-31 15:45:28,Pasillo Salones Eléctrica,33.36,Silence,0.0,34.32,Silence,0.0,0.0,0.0,0.0,0.0,0.0,0.0,0.0,0.0,0.0,34.6,33.27,32.48,-117,1.2
2026-07-31 15:45:37,Salón - Uma Eléctrica,43.32,Silence,0.0,43.97,Silence,0.0,0.0,0.0,0.0,0.0,0.0,0.0,0.0,0.0,0.0,44.0,43.26,43.01,-111,6.5
2026-07-31 15:46:04,Salón - Extremo Civil,22.11,Silence,0.0,23.17,Silence,0.0,0.0,0.0,0.0,0.0,0.0,0.0,0.0,0.0,0.0,23.54,21.97,20.8,-100,10.8
2026-07-31 15:46:09,Pasillo Salones Civil,39.23,Silence,0.0,39.77,Silence,0.0,0.0,0.0,0.0,0.0,0.0,0.0,0.0,0.0,0.0,39.71,39.4,37.75,-103,11.8
2026-07-31 15:46:21,Laboratorios Civil Superior,46.18,Group 1 (Common),74.87,47.49,Group 1 (Common),46.35,0.0,0.0,0.0,0.0,74.87,7.12,0.26,1.91,15.76,47.87,46.0,45.31,-103,11.5
2026-07-31 15:46:30,Laboratorios Eléctrica Centro,46.09,Group 5 (Vehicle),82.67,46.75,Group 5 (Vehicle),0.0,0.0,46.23,0.0,46.12,1.42,0.05,15.77,0.0,82.67,46.64,45.97,45.67,-108,7.8
2026-07-31 15:47:50,Lobby Civil,51.5,Group 1 (Common),96.61,53.28,Group 1 (Common),51.9,0.0,0.0,0.0,0.0,96.61,2.0,0.0,0.65,0.69,52.94,51.27,49.77,-108,8.0
2026-07-31 15:47:57,Pasillo Decanato Civil,39.94,Silence,0.0,41.52,Silence,0.0,0.0,0.0,0.0,0.0,0.0,0.0,0.0,0.0,0.0,40.97,39.81,38.94,-107,11.0
2026-07-31 15:49:11,Salón - Extremo Eléctrica,21.76,Silence,0.0,25.04,Silence,0.0,0.0,0.0,0.0,0.0,0.0,0.0,0.0,0.0,0.0,25.25,21.52,19.78,-91,12.8
2026-07-31 15:49:19,Laboratorios Eléctrica Superior,51.12,Mixed,66.32,56.73,Group 1 (Common),51.21,0.0,0.0,0.0,48.38,26.39,2.52,2.99,1.82,66.32,57.31,48.35,41.37,-105,11.0
2026-07-31 15:49:36,Salón - Uma Civil,58.9,Mixed,47.53,65.45,Group 3 (Rotary Tool),0.0,58.1,64.75,0.0,49.05,0.0,39.41,11.33,1.52,47.53,66.14,51.75,41.8,-105,8.5
2026-07-31 15:49:38,Pasillo Decanato Eléctrica,55.48,Group 1 (Common),99.31,56.18,Group 1 (Common),55.45,0.0,0.0,0.0,0.0,99.31,0.0,0.04,0.09,0.35,56.31,55.47,54.51,-108,9.0
2026-07-31 15:50:05,Laboratorios Civil Central,53.52,Mixed,65.58,55.06,Group 2 (Impact),53.19,55.05,0.0,0.0,53.37,65.58,15.19,0.2,2.73,16.31,55.36,52.92,50.74,-103,10.0
2026-07-31 15:50:10,Laboratorios Eléctrica Inferior,48.64,Mixed,61.37,49.4,Group 1 (Common),48.99,0.0,0.0,0.0,48.82,34.46,3.17,0.0,0.95,61.37,49.45,48.67,47.82,-118,-9.5
2026-07-31 15:50:19,Lobby Eléctrica,59.92,Mixed,68.58,63.47,Group 1 (Common),59.46,0.0,54.06,0.0,53.28,68.58,0.56,18.62,1.17,11.02,63.48,57.44,53.95,-107,8.8
2026-07-31 15:50:22,Laboratorios Civil Inferior,43.18,Silence,0.0,44.04,Silence,0.0,0.0,0.0,0.0,0.0,0.0,0.0,0.0,0.0,0.0,44.54,42.68,42.15,-119,-2.2
2026-07-31 15:50:28,Pasillo Salones Eléctrica,32.96,Silence,0.0,33.63,Silence,0.0,0.0,0.0,0.0,0.0,0.0,0.0,0.0,0.0,0.0,33.74,32.94,32.17,-99,11.8
2026-07-31 15:50:37,Salón - Uma Eléctrica,42.64,Silence,0.0,43.57,Silence,0.0,0.0,0.0,0.0,0.0,0.0,0.0,0.0,0.0,0.0,43.45,42.55,41.88,-108,9.2
2026-07-31 15:51:04,Salón - Extremo Civil,26.09,Silence,0.0,29.3,Silence,0.0,0.0,0.0,0.0,0.0,0.0,0.0,0.0,0.0,0.0,29.77,24.7,22.35,-103,12.0
2026-07-31 15:51:09,Pasillo Salones Civil,41.83,Silence,0.0,45.68,Silence,0.0,0.0,0.0,0.0,0.0,0.0,0.0,0.0,0.0,0.0,45.61,41.2,35.8,-112,4.2
2026-07-31 15:51:21,Laboratorios Civil Superior,48.26,Group 1 (Common),93.62,49.68,Group 1 (Common),48.2,0.0,0.0,0.0,0.0,93.62,0.22,0.09,0.13,5.9,50.03,47.86,47.07,-111,7.0
2026-07-31 15:51:30,Laboratorios Eléctrica Centro,47.23,Mixed,64.02,48.02,Group 5 (Vehicle),46.96,0.0,47.37,0.0,47.27,12.24,0.39,23.22,0.09,64.02,48.04,47.31,46.09,-103,11.8
2026-07-31 15:52:50,Lobby Civil,67.03,Group 1 (Common),99.57,71.59,Group 1 (Common),66.99,0.0,0.0,0.0,0.0,99.57,0.0,0.0,0.26,0.0,72.51,64.81,62.7,-106,8.8
2026-07-31 15:52:57,Pasillo Decanato Civil,43.41,Silence,0.0,47.3,Silence,0.0,0.0,0.0,0.0,0.0,0.0,0.0,0.0,0.0,0.0,46.88,42.26,39.33,-105,12.0
2026-07-31 15:54:11,Salón - Extremo Eléctrica,20.06,Silence,0.0,21.19,Silence,0.0,0.0,0.0,0.0,0.0,0.0,0.0,0.0,0.0,0.0,21.67,19.88,18.7,-109,9.8
2026-07-31 15:54:19,Laboratorios Eléctrica Superior,40.73,Silence,0.0,41.82,Silence,0.0,0.0,0.0,0.0,0.0,0.0,0.0,0.0,0.0,0.0,41.71,40.51,39.79,-101,11.2
2026-07-31 15:54:36,Salón - Uma Civil,38.88,Silence,0.0,41.58,Silence,0.0,0.0,0.0,0.0,0.0,0.0,0.0,0.0,0.0,0.0,41.66,38.55,35.54,-113,2.8
2026-07-31 15:54:38,Pasillo Decanato Eléctrica,55.11,Group 1 (Common),99.35,56.15,Group 1 (Common),55.05,0.0,0.0,0.0,0.0,99.35,0.17,0.0,0.22,0.17,56.23,55.15,53.48,-112,3.8
2026-07-31 15:55:05,Laboratorios Civil Central,52.49,Group 1 (Common),93.41,53.38,Group 1 (Common),52.51,0.0,0.0,0.0,0.0,93.41,0.0,0.0,0.0,6.54,53.11,52.51,51.28,-120,-7.8
2026-07-31 15:55:10,Laboratorios Eléctrica Inferior,48.14,Mixed,55.03,48.94,Group 5 (Vehicle),48.25,0.0,0.0,0.0,48.39,55.03,1.69,0.0,0.87,42.23,48.91,48.2,46.79,-111,3.8
2026-07-31 15:55:19,Lobby Eléctrica,50.16,Mixed,69.14,55.01,Group 1 (Common),52.52,46.98,0.0,0.0,0.0,69.14,25.82,3.21,0.39,1.39,54.08,48.74,44.84,-120,-3.8
2026-07-31 15:55:22,Laboratorios Civil Inferior,42.42,Silence,0.0,43.61,Silence,0.0,0.0,0.0,0.0,0.0,0.0,0.0,0.0,0.0,0.0,43.77,42.3,40.38,-118,-10.5
2026-07-31 15:55:28,Pasillo Salones Eléctrica,32.6,Silence,0.0,33.54,Silence,0.0,0.0,0.0,0.0,0.0,0.0,0.0,0.0,0.0,0.0,33.23,32.43,32.12,-100,7.0
2026-07-31 15:55:37,Salón - Uma Eléctrica,42.52,Silence,0.0,43.55,Silence,0.0,0.0,0.0,0.0,0.0,0.0,0.0,0.0,0.0,0.0,43.27,42.53,41.69,-103,11.0
2026-07-31 15:56:04,Salón - Extremo Civil,24.72,Silence,0.0,26.11,Silence,0.0,0.0,0.0,0.0,0.0,0.0,0.0,0.0,0.0,0.0,26.75,24.33,22.0,-89,13.8
2026-07-31 15:56:09,Pasillo Salones Civil,43.8,Silence,0.0,47.44,Silence,0.0,0.0,0.0,0.0,0.0,0.0,0.0,0.0,0.0,0.0,48.04,42.93,39.96,-107,11.2
2026-07-31 15:56:21,Laboratorios Civil Superior,45.51,Group 1 (Common),76.46,46.28,Group 1 (Common),45.63,0.0,0.0,0.0,0.0,76.46,0.54,0.0,0.2,22.75,46.29,45.29,44.82,-115,2.5
2026-07-31 15:56:30,Laboratorios Eléctrica Centro,46.96,Group 5 (Vehicle),84.85,47.64,Group 5 (Vehicle),0.0,0.0,0.0,0.0,46.87,10.55,0.0,4.64,0.04,84.85,47.58,47.08,45.85,-105,10.0
2026-07-31 15:57:50,Lobby Civil,49.93,Mixed,48.18,55.6,Group 4 (Person),46.1,0.0,47.59,54.25,0.0,48.18,0.65,7.25,33.29,10.5,55.97,46.16,41.72,-100,11.2
2026-07-31 15:57:57,Pasillo Decanato Civil,40.66,Silence,0.0,44.06,Silence,0.0,0.0,0.0,0.0,0.0,0.0,0.0,0.0,0.0,0.0,44.68,40.82,36.21,-109,8.5
2026-07-31 15:59:11,Salón - Extremo Eléctrica,20.78,Silence,0.0,21.5,Silence,0.0,0.0,0.0,0.0,0.0,0.0,0.0,0.0,0.0,0.0,21.37,20.71,20.21,-91,12.8
2026-07-31 15:59:25,Laboratorios Eléctrica Superior,40.57,Silence,0.0,42.24,Silence,0.0,0.0,0.0,0.0,0.0,0.0,0.0,0.0,0.0,0.0,42.86,40.19,39.13,-113,3.2
2026-07-31 15:59:36,Salón - Uma Civil,37.62,Silence,0.0,39.32,Silence,0.0,0.0,0.0,0.0,0.0,0.0,0.0,0.0,0.0,0.0,39.82,37.34,35.77,-119,-9.5
2026-07-31 15:59:38,Pasillo Decanato Eléctrica,56.06,Group 1 (Common),80.9,63.12,Group 2 (Impact),56.36,60.8,0.0,0.0,0.0,80.9,13.76,0.22,0.78,4.12,56.52,56.25,55.18,-106,10.0
2026-07-31 16:00:05,Laboratorios Civil Central,56.81,Group 1 (Common),91.02,58.8,Group 1 (Common),56.55,0.0,0.0,0.0,0.0,91.02,0.13,0.0,0.17,8.46,59.22,56.45,54.36,-107,9.5
2026-07-31 16:00:10,Laboratorios Eléctrica Inferior,49.99,Mixed,60.99,50.93,Group 1 (Common),50.23,0.0,0.0,0.0,49.57,60.99,0.24,0.0,0.44,38.13,50.92,49.69,49.06,-114,4.5
2026-07-31 16:00:19,Lobby Eléctrica,57.01,Group 1 (Common),81.73,59.97,Group 1 (Common),57.01,0.0,54.71,0.0,0.0,81.73,0.69,14.15,3.08,0.17,59.54,56.13,54.42,-115,0.8
2026-07-31 16:00:22,Laboratorios Civil Inferior,49.3,Mixed,37.33,51.29,Group 5 (Vehicle),49.12,48.97,0.0,0.0,50.67,37.33,27.0,4.99,2.91,27.82,51.13,49.13,45.62,-115,-2.2
2026-07-31 16:00:28,Pasillo Salones Eléctrica,32.58,Silence,0.0,33.22,Silence,0.0,0.0,0.0,0.0,0.0,0.0,0.0,0.0,0.0,0.0,33.26,32.64,31.55,-103,11.0
2026-07-31 16:00:37,Salón - Uma Eléctrica,43.09,Silence,0.0,43.87,Silence,0.0,0.0,0.0,0.0,0.0,0.0,0.0,0.0,0.0,0.0,43.74,42.95,42.7,-105,2.8
2026-07-31 16:01:04,Salón - Extremo Civil,29.1,Silence,0.0,30.78,Silence,0.0,0.0,0.0,0.0,0.0,0.0,0.0,0.0,0.0,0.0,30.98,28.92,27.03,-105,12.2
2026-07-31 16:01:09,Pasillo Salones Civil,56.34,Mixed,68.4,60.79,Group 2 (Impact),55.14,56.39,0.0,0.0,0.0,12.41,68.4,6.47,3.69,8.94,61.82,54.78,44.19,-101,6.5
2026-07-31 16:01:21,Laboratorios Civil Superior,47.61,Group 1 (Common),81.35,49.77,Group 5 (Vehicle),47.94,0.0,0.0,0.0,49.5,81.35,0.29,0.0,0.05,18.31,49.07,46.93,46.13,-106,10.0
2026-07-31 16:01:30,Laboratorios Eléctrica Centro,46.86,Mixed,67.49,47.84,Group 3 (Rotary Tool),0.0,0.0,46.73,0.0,46.77,3.56,0.22,28.69,0.04,67.49,47.5,46.95,46.09,-103,11.0
2026-07-31 16:02:50,Lobby Civil,51.39,Mixed,55.42,52.66,Group 2 (Impact),50.08,51.18,0.0,0.0,51.14,13.53,55.42,0.05,4.1,27.05,52.55,50.95,49.92,-103,11.5
2026-07-31 16:02:57,Pasillo Decanato Civil,37.0,Silence,0.0,39.48,Silence,0.0,0.0,0.0,0.0,0.0,0.0,0.0,0.0,0.0,0.0,39.01,36.62,34.82,-105,11.0
2026-07-31 16:04:11,Salón - Extremo Eléctrica,28.2,Silence,0.0,31.06,Silence,0.0,0.0,0.0,0.0,0.0,0.0,0.0,0.0,0.0,0.0,31.81,27.77,24.62,-108,7.2
2026-07-31 16:04:19,Laboratorios Eléctrica Superior,42.21,Silence,0.0,44.23,Silence,0.0,0.0,0.0,0.0,0.0,0.0,0.0,0.0,0.0,0.0,44.79,41.64,40.61,-103,11.0
2026-07-31 16:04:41,Salón - Uma Civil,56.33,Mixed,44.14,60.67,Group 4 (Person),56.19,0.0,0.0,58.27,51.31,20.44,0.61,0.0,34.64,44.14,61.38,55.2,48.28,-119,-11.5
2026-07-31 16:04:41,Pasillo Decanato Eléctrica,56.3,Group 1 (Common),98.35,57.12,Group 1 (Common),56.12,0.0,0.0,0.0,0.0,98.35,0.35,0.0,0.65,0.52,56.96,56.29,55.68,-119,-4.2
2026-07-31 16:05:05,Laboratorios Civil Central,55.34,Group 1 (Common),93.19,56.62,Group 1 (Common),55.21,0.0,0.0,0.0,0.0,93.19,0.04,0.0,0.13,6.6,56.91,55.17,53.95,-119,-11.2
2026-07-31 16:05:10,Laboratorios Eléctrica Inferior,47.91,Group 5 (Vehicle),82.68,48.75,Group 1 (Common),48.91,0.0,0.0,0.0,48.07,16.49,0.22,0.0,0.61,82.68,48.59,47.8,47.26,-114,5.2
2026-07-31 16:05:19,Lobby Eléctrica,56.14,Group 1 (Common),81.21,62.55,Group 1 (Common),57.76,0.0,0.0,0.0,0.0,81.21,5.95,12.33,0.52,0.0,59.62,54.8,52.17,-119,-5.2
2026-07-31 16:05:22,Laboratorios Civil Inferior,43.02,Silence,0.0,43.67,Silence,0.0,0.0,0.0,0.0,0.0,0.0,0.0,0.0,0.0,0.0,43.69,43.06,41.64,-119,-7.2
2026-07-31 16:05:28,Pasillo Salones Eléctrica,33.65,Silence,0.0,34.69,Silence,0.0,0.0,0.0,0.0,0.0,0.0,0.0,0.0,0.0,0.0,34.81,33.39,32.95,-116,-3.8
2026-07-31 16:05:37,Salón - Uma Eléctrica,42.81,Silence,0.0,43.45,Silence,0.0,0.0,0.0,0.0,0.0,0.0,0.0,0.0,0.0,0.0,43.59,42.54,42.26,-113,8.2
2026-07-31 16:06:04,Salón - Extremo Civil,37.92,Silence,0.0,41.82,Silence,0.0,0.0,0.0,0.0,0.0,0.0,0.0,0.0,0.0,0.0,42.39,35.02,31.75,-105,11.2
2026-07-31 16:06:09,Pasillo Salones Civil,46.76,Group 2 (Impact),72.66,48.25,Group 2 (Impact),47.41,46.18,0.0,0.0,47.54,8.81,72.66,0.61,2.04,16.06,48.64,47.04,44.35,-109,1.2
2026-07-31 16:06:21,Laboratorios Civil Superior,51.91,Group 1 (Common),87.2,58.3,Group 1 (Common),54.01,0.0,0.0,0.0,0.0,87.2,0.13,7.64,0.17,4.86,54.87,50.91,49.55,-103,11.5
2026-07-31 16:06:30,Laboratorios Eléctrica Centro,52.93,Mixed,32.47,59.51,Group 4 (Person),55.6,0.0,52.29,59.76,48.96,26.35,2.04,32.47,11.2,27.82,56.18,51.47,47.94,-103,11.0
2026-07-31 16:07:50,Lobby Civil,44.58,Silence,0.0,49.26,Silence,0.0,0.0,0.0,0.0,0.0,0.0,0.0,0.0,0.0,0.0,47.5,43.46,42.9,-89,9.2
2026-07-31 16:07:57,Pasillo Decanato Civil,36.15,Silence,0.0,37.4,Silence,0.0,0.0,0.0,0.0,0.0,0.0,0.0,0.0,0.0,0.0,36.89,35.99,35.09,-114,4.8
2026-07-31 16:09:11,Salón - Extremo Eléctrica,22.15,Silence,0.0,23.34,Silence,0.0,0.0,0.0,0.0,0.0,0.0,0.0,0.0,0.0,0.0,23.4,22.3,20.53,-99,12.8
2026-07-31 16:09:19,Laboratorios Eléctrica Superior,41.16,Silence,0.0,42.17,Silence,0.0,0.0,0.0,0.0,0.0,0.0,0.0,0.0,0.0,0.0,42.32,41.32,39.31,-107,7.8
2026-07-31 16:09:36,Salón - Uma Civil,37.09,Silence,0.0,39.1,Silence,0.0,0.0,0.0,0.0,0.0,0.0,0.0,0.0,0.0,0.0,38.79,36.57,34.98,-114,5.0
2026-07-31 16:09:38,Pasillo Decanato Eléctrica,57.15,Group 1 (Common),98.96,58.04,Group 1 (Common),57.02,0.0,0.0,0.0,0.0,98.96,0.43,0.0,0.43,0.09,58.37,57.19,55.81,-107,8.2
2026-07-31 16:10:05,Laboratorios Civil Central,51.15,Group 1 (Common),88.37,52.31,Group 1 (Common),51.0,0.0,0.0,0.0,0.0,88.37,0.56,0.0,0.09,11.02,52.61,50.99,49.82,-100,11.2
2026-07-31 16:10:10,Laboratorios Eléctrica Inferior,48.37,Mixed,55.82,49.34,Group 5 (Vehicle),48.06,0.0,0.0,0.0,48.46,40.28,1.65,0.04,2.04,55.82,49.39,48.51,47.51,-111,-1.2
2026-07-31 16:10:19,Lobby Eléctrica,60.47,Mixed,50.48,64.24,Group 4 (Person),58.07,51.68,0.0,62.67,0.0,24.26,23.7,0.09,50.48,1.35,64.49,58.88,51.46,-119,-3.2
2026-07-31 16:10:22,Laboratorios Civil Inferior,41.95,Silence,0.0,43.31,Silence,0.0,0.0,0.0,0.0,0.0,0.0,0.0,0.0,0.0,0.0,44.2,41.48,40.51,-114,-4.0
2026-07-31 16:10:28,Pasillo Salones Eléctrica,32.64,Silence,0.0,33.27,Silence,0.0,0.0,0.0,0.0,0.0,0.0,0.0,0.0,0.0,0.0,33.48,32.51,31.63,-102,10.5
2026-07-31 16:10:37,Salón - Uma Eléctrica,43.3,Silence,0.0,44.33,Silence,0.0,0.0,0.0,0.0,0.0,0.0,0.0,0.0,0.0,0.0,44.33,43.41,41.77,-111,8.2
2026-07-31 16:11:04,Salón - Extremo Civil,21.27,Silence,0.0,22.26,Silence,0.0,0.0,0.0,0.0,0.0,0.0,0.0,0.0,0.0,0.0,22.97,21.25,20.45,-89,8.5
2026-07-31 16:11:09,Pasillo Salones Civil,37.67,Silence,0.0,38.3,Silence,0.0,0.0,0.0,0.0,0.0,0.0,0.0,0.0,0.0,0.0,38.21,37.88,36.82,-101,11.0
2026-07-31 16:11:21,Laboratorios Civil Superior,45.87,Group 1 (Common),93.19,47.14,Group 1 (Common),46.07,0.0,0.0,0.0,0.0,93.19,0.04,0.04,0.09,6.64,46.92,45.49,45.34,-105,11.5
2026-07-31 16:11:30,Laboratorios Eléctrica Centro,46.54,Group 5 (Vehicle),92.23,47.85,Group 5 (Vehicle),0.0,0.0,0.0,0.0,46.81,3.39,0.04,4.3,0.13,92.23,47.26,46.41,46.22,-106,2.0
2026-07-31 16:12:50,Lobby Civil,65.5,Group 1 (Common),77.0,69.59,Group 5 (Vehicle),61.79,0.0,0.0,0.0,68.69,77.0,1.26,0.09,0.61,21.05,70.0,62.11,42.96,-99,8.5
2026-07-31 16:12:57,Pasillo Decanato Civil,36.23,Silence,0.0,37.59,Silence,0.0,0.0,0.0,0.0,0.0,0.0,0.0,0.0,0.0,0.0,37.33,36.24,34.0,-119,0.8
2026-07-31 16:14:11,Salón - Extremo Eléctrica,22.46,Silence,0.0,23.46,Silence,0.0,0.0,0.0,0.0,0.0,0.0,0.0,0.0,0.0,0.0,23.97,22.1,21.73,-91,12.0
2026-07-31 16:14:19,Laboratorios Eléctrica Superior,44.8,Silence,0.0,47.7,Silence,0.0,0.0,0.0,0.0,0.0,0.0,0.0,0.0,0.0,0.0,46.97,43.73,41.79,-107,8.0
2026-07-31 16:14:36,Salón - Uma Civil,36.84,Silence,0.0,38.02,Silence,0.0,0.0,0.0,0.0,0.0,0.0,0.0,0.0,0.0,0.0,38.08,36.65,35.63,-105,7.5
2026-07-31 16:14:38,Pasillo Decanato Eléctrica,56.26,Group 1 (Common),94.58,57.11,Group 1 (Common),56.33,0.0,0.0,0.0,0.0,94.58,0.78,0.0,0.24,4.39,57.33,56.02,55.56,-116,-13.0
2026-07-31 16:15:05,Laboratorios Civil Central,58.98,Group 1 (Common),90.45,62.95,Group 1 (Common),57.75,0.0,0.0,0.0,0.0,90.45,0.0,0.0,0.04,9.2,62.56,56.85,53.32,-120,-7.8
2026-07-31 16:15:18,Laboratorios Eléctrica Inferior,48.24,Group 5 (Vehicle),77.39,49.04,Group 5 (Vehicle),48.49,0.0,0.0,0.0,48.27,21.01,0.56,0.0,0.87,77.39,49.14,48.39,47.27,-120,-3.0
2026-07-31 16:15:19,Lobby Eléctrica,48.42,Mixed,37.33,52.37,Group 3 (Rotary Tool),47.44,0.0,50.34,0.0,44.42,37.33,6.68,27.91,0.13,27.82,54.05,46.85,43.71,-105,12.0
2026-07-31 16:15:22,Laboratorios Civil Inferior,41.63,Silence,0.0,42.23,Silence,0.0,0.0,0.0,0.0,0.0,0.0,0.0,0.0,0.0,0.0,42.17,41.63,40.72,-113,3.8
2026-07-31 16:15:28,Pasillo Salones Eléctrica,41.15,Silence,0.0,46.77,Silence,0.0,0.0,0.0,0.0,0.0,0.0,0.0,0.0,0.0,0.0,45.94,40.48,35.23,-99,12.0
2026-07-31 16:15:37,Salón - Uma Eléctrica,44.33,Silence,0.0,45.64,Silence,0.0,0.0,0.0,0.0,0.0,0.0,0.0,0.0,0.0,0.0,45.96,44.23,42.97,-115,-1.0
2026-07-31 16:16:04,Salón - Extremo Civil,51.54,Mixed,59.59,57.49,Group 1 (Common),49.06,0.0,0.0,0.0,45.01,59.59,24.18,1.35,3.39,11.55,58.03,49.15,38.24,-87,13.0
2026-07-31 16:16:09,Pasillo Salones Civil,59.12,Group 1 (Common),88.45,61.41,Group 1 (Common),59.37,0.0,57.48,0.0,0.0,88.45,0.69,9.64,1.09,0.09,61.27,59.35,54.98,-107,10.2
2026-07-31 16:16:21,Laboratorios Civil Superior,49.27,Group 1 (Common),84.59,51.84,Group 1 (Common),49.77,0.0,0.0,0.0,0.0,84.59,0.39,0.0,0.26,14.76,52.25,48.59,46.21,-105,11.2
2026-07-31 16:16:30,Laboratorios Eléctrica Centro,47.12,Group 5 (Vehicle),86.76,49.19,Group 5 (Vehicle),0.0,0.0,46.57,0.0,47.47,2.26,0.04,10.94,0.04,86.76,49.38,46.52,44.97,-103,11.5
2026-07-31 16:17:50,Lobby Civil,47.11,Mixed,46.92,49.22,Group 1 (Common),47.94,47.31,48.37,0.0,0.0,46.92,34.07,6.9,1.52,10.59,50.19,47.04,42.86,-95,12.2
2026-07-31 16:17:57,Pasillo Decanato Civil,35.85,Silence,0.0,37.91,Silence,0.0,0.0,0.0,0.0,0.0,0.0,0.0,0.0,0.0,0.0,37.54,35.62,34.44,-105,11.0
2026-07-31 16:19:11,Salón - Extremo Eléctrica,25.12,Silence,0.0,26.67,Silence,0.0,0.0,0.0,0.0,0.0,0.0,0.0,0.0,0.0,0.0,27.25,25.34,23.63,-86,12.5
2026-07-31 16:19:19,Laboratorios Eléctrica Superior,40.27,Silence,0.0,41.01,Silence,0.0,0.0,0.0,0.0,0.0,0.0,0.0,0.0,0.0,0.0,41.2,40.13,39.33,-115,-1.8
2026-07-31 16:19:36,Salón - Uma Civil,37.13,Silence,0.0,38.68,Silence,0.0,0.0,0.0,0.0,0.0,0.0,0.0,0.0,0.0,0.0,38.96,36.92,35.59,-114,3.0
2026-07-31 16:19:38,Pasillo Decanato Eléctrica,28.62,Silence,0.0,30.12,Silence,0.0,0.0,0.0,0.0,0.0,0.0,0.0,0.0,0.0,0.0,31.78,28.31,26.46,-103,10.5
2026-07-31 16:20:05,Laboratorios Civil Central,53.47,Group 1 (Common),95.79,55.67,Group 1 (Common),53.61,0.0,0.0,0.0,0.0,95.79,0.0,0.0,0.0,4.08,55.84,52.96,51.19,-111,2.0
2026-07-31 16:20:10,Laboratorios Eléctrica Inferior,49.16,Mixed,52.47,50.99,Group 1 (Common),49.7,0.0,0.0,0.0,49.36,52.47,1.74,0.04,0.78,44.79,50.59,48.85,47.99,-117,3.0
2026-07-31 16:20:19,Lobby Eléctrica,41.42,Silence,0.0,44.6,Silence,0.0,0.0,0.0,0.0,0.0,0.0,0.0,0.0,0.0,0.0,44.96,40.1,37.68,-101,12.5
2026-07-31 16:20:34,Laboratorios Civil Inferior,43.98,Silence,0.0,48.02,Silence,0.0,0.0,0.0,0.0,0.0,0.0,0.0,0.0,0.0,0.0,46.71,43.92,41.22,-120,-12.0
2026-07-31 16:20:34,Pasillo Salones Eléctrica,33.11,Silence,0.0,34.26,Silence,0.0,0.0,0.0,0.0,0.0,0.0,0.0,0.0,0.0,0.0,34.38,32.96,32.09,-115,2.8
2026-07-31 16:20:37,Salón - Uma Eléctrica,43.21,Silence,0.0,44.18,Silence,0.0,0.0,0.0,0.0,0.0,0.0,0.0,0.0,0.0,0.0,43.96,43.28,42.23,-118,-13.2
2026-07-31 16:21:04,Salón - Extremo Civil,33.56,Silence,0.0,36.1,Silence,0.0,0.0,0.0,0.0,0.0,0.0,0.0,0.0,0.0,0.0,36.58,33.71,30.57,-97,12.0
2026-07-31 16:21:09,Pasillo Salones Civil,45.18,Group 1 (Common),79.64,53.77,Group 1 (Common),48.73,45.35,0.0,0.0,0.0,79.64,19.57,0.0,0.61,0.09,48.76,44.32,41.43,-117,8.8
2026-07-31 16:21:21,Laboratorios Civil Superior,45.4,Group 1 (Common),95.14,46.23,Group 1 (Common),45.65,0.0,0.0,0.0,0.0,95.14,2.52,0.0,0.35,2.04,45.8,45.49,44.76,-99,11.8
2026-07-31 16:21:30,Laboratorios Eléctrica Centro,46.28,Group 5 (Vehicle),80.69,47.35,Group 5 (Vehicle),0.0,0.0,0.0,0.0,46.32,6.16,0.52,12.63,0.0,80.69,47.68,46.21,45.04,-103,10.2
2026-07-31 16:22:50,Lobby Civil,42.86,Silence,0.0,44.19,Silence,0.0,0.0,0.0,0.0,0.0,0.0,0.0,0.0,0.0,0.0,43.74,42.53,41.88,-103,11.5
2026-07-31 16:22:57,Pasillo Decanato Civil,40.92,Silence,0.0,47.26,Silence,0.0,0.0,0.0,0.0,0.0,0.0,0.0,0.0,0.0,0.0,47.15,38.32,35.81,-114,3.8
2026-07-31 16:24:11,Salón - Extremo Eléctrica,21.83,Silence,0.0,22.84,Silence,0.0,0.0,0.0,0.0,0.0,0.0,0.0,0.0,0.0,0.0,23.31,21.03,20.63,-91,11.2
2026-07-31 16:24:19,Laboratorios Eléctrica Superior,52.27,Group 1 (Common),73.48,57.35,Group 1 (Common),53.07,0.0,0.0,0.0,49.83,73.48,0.0,0.0,0.04,26.26,58.06,51.11,45.7,-119,-3.5
2026-07-31 16:24:36,Salón - Uma Civil,39.18,Silence,0.0,42.8,Silence,0.0,0.0,0.0,0.0,0.0,0.0,0.0,0.0,0.0,0.0,42.97,38.22,36.43,-111,3.5
2026-07-31 16:24:38,Pasillo Decanato Eléctrica,24.66,Silence,0.0,25.46,Silence,0.0,0.0,0.0,0.0,0.0,0.0,0.0,0.0,0.0,0.0,25.25,24.63,24.15,-105,9.8
2026-07-31 16:25:05,Laboratorios Civil Central,52.97,Mixed,66.32,54.06,Group 1 (Common),53.03,0.0,0.0,0.0,53.18,66.32,0.82,0.0,0.39,32.51,54.25,52.9,52.31,-107,7.2
2026-07-31 16:25:10,Laboratorios Eléctrica Inferior,48.35,Mixed,58.64,49.12,Group 1 (Common),49.03,0.0,0.0,0.0,48.57,35.63,3.78,0.09,1.69,58.64,48.75,48.43,47.93,-119,-5.0
2026-07-31 16:25:19,Lobby Eléctrica,52.99,Group 1 (Common),93.75,54.44,Group 1 (Common),53.2,0.0,0.0,0.0,0.0,93.75,0.39,5.62,0.0,0.2,54.67,52.52,51.9,-97,13.5
2026-07-31 16:25:22,Laboratorios Civil Inferior,39.83,Silence,0.0,41.36,Silence,0.0,0.0,0.0,0.0,0.0,0.0,0.0,0.0,0.0,0.0,40.94,39.8,39.09,-120,-6.5
2026-07-31 16:25:28,Pasillo Salones Eléctrica,33.08,Silence,0.0,33.91,Silence,0.0,0.0,0.0,0.0,0.0,0.0,0.0,0.0,0.0,0.0,34.08,32.92,32.37,-115,2.2
2026-07-31 16:25:37,Salón - Uma Eléctrica,43.23,Silence,0.0,43.75,Silence,0.0,0.0,0.0,0.0,0.0,0.0,0.0,0.0,0.0,0.0,43.86,43.33,42.46,-113,7.0
2026-07-31 16:26:05,Salón - Extremo Civil,20.06,Silence,0.0,23.91,Silence,0.0,0.0,0.0,0.0,0.0,0.0,0.0,0.0,0.0,0.0,21.47,19.64,18.94,-99,12.8
2026-07-31 16:26:09,Pasillo Salones Civil,37.49,Silence,0.0,38.73,Silence,0.0,0.0,0.0,0.0,0.0,0.0,0.0,0.0,0.0,0.0,38.47,37.28,36.51,-115,2.5
2026-07-31 16:26:21,Laboratorios Civil Superior,45.05,Group 1 (Common),80.03,46.18,Group 1 (Common),45.0,0.0,0.0,0.0,0.0,80.03,5.16,0.04,0.39,14.37,46.52,44.81,44.52,-113,4.0
2026-07-31 16:26:30,Laboratorios Eléctrica Centro,48.61,Group 5 (Vehicle),75.88,50.65,Group 5 (Vehicle),0.0,0.0,49.88,0.0,48.98,5.13,0.39,18.6,0.0,75.88,50.72,47.77,46.71,-111,7.8
2026-07-31 16:27:50,Lobby Civil,42.8,Silence,0.0,45.49,Silence,0.0,0.0,0.0,0.0,0.0,0.0,0.0,0.0,0.0,0.0,46.68,42.74,38.01,-93,13.0
2026-07-31 16:27:57,Pasillo Decanato Civil,36.49,Silence,0.0,37.81,Silence,0.0,0.0,0.0,0.0,0.0,0.0,0.0,0.0,0.0,0.0,37.53,36.7,33.86,-114,3.0
2026-07-31 16:29:11,Salón - Extremo Eléctrica,21.28,Silence,0.0,22.31,Silence,0.0,0.0,0.0,0.0,0.0,0.0,0.0,0.0,0.0,0.0,22.4,21.55,20.1,-90,9.5
2026-07-31 16:29:19,Laboratorios Eléctrica Superior,40.04,Silence,0.0,41.1,Silence,0.0,0.0,0.0,0.0,0.0,0.0,0.0,0.0,0.0,0.0,41.53,39.7,38.71,-119,
2026-07-31 16:29:36,Salón - Uma Civil,36.92,Silence,0.0,38.59,Silence,0.0,0.0,0.0,0.0,0.0,0.0,0.0,0.0,0.0,0.0,38.22,37.14,35.17,-121,-11.2
2026-07-31 16:29:38,Pasillo Decanato Eléctrica,32.37,Silence,0.0,35.73,Silence,0.0,0.0,0.0,0.0,0.0,0.0,0.0,0.0,0.0,0.0,35.12,31.88,28.94,-106,10.0
2026-07-31 16:30:05,Laboratorios Civil Central,52.02,Group 1 (Common),89.65,54.96,Group 1 (Common),53.12,0.0,0.0,0.0,0.0,89.65,0.15,0.0,0.24,10.01,52.94,51.8,50.9,-103,11.8
2026-07-31 16:30:10,Laboratorios Eléctrica Inferior,47.85,Mixed,55.9,48.56,Group 1 (Common),48.08,0.0,0.0,0.0,47.99,42.75,0.39,0.09,0.65,55.9,48.38,47.95,47.23,-121,-12.0
2026-07-31 16:30:19,Lobby Eléctrica,46.39,Mixed,41.99,49.76,Group 1 (Common),46.34,43.81,0.0,0.0,48.22,41.99,26.76,7.23,1.56,22.51,48.33,47.1,42.1,-117,-2.5
2026-07-31 16:30:22,Laboratorios Civil Inferior,39.83,Silence,0.0,40.52,Silence,0.0,0.0,0.0,0.0,0.0,0.0,0.0,0.0,0.0,0.0,40.74,39.63,38.26,-121,-12.8
2026-07-31 16:30:28,Pasillo Salones Eléctrica,32.92,Silence,0.0,33.76,Silence,0.0,0.0,0.0,0.0,0.0,0.0,0.0,0.0,0.0,0.0,33.4,33.01,31.9,-115,3.0
2026-07-31 16:30:37,Salón - Uma Eléctrica,42.67,Silence,0.0,43.75,Silence,0.0,0.0,0.0,0.0,0.0,0.0,0.0,0.0,0.0,0.0,43.47,42.64,41.64,-107,11.8
2026-07-31 16:31:14,Salón - Extremo Civil,20.34,Silence,0.0,21.6,Silence,0.0,0.0,0.0,0.0,0.0,0.0,0.0,0.0,0.0,0.0,21.54,20.07,19.57,-100,8.2
2026-07-31 16:31:14,Pasillo Salones Civil,37.52,Silence,0.0,38.32,Silence,0.0,0.0,0.0,0.0,0.0,0.0,0.0,0.0,0.0,0.0,38.38,37.28,36.47,-113,4.8
2026-07-31 16:31:21,Laboratorios Civil Superior,49.56,Mixed,57.73,53.89,Group 5 (Vehicle),46.78,0.0,0.0,0.0,50.5,36.24,3.43,0.04,2.56,57.73,55.58,47.31,45.98,-108,9.8
2026-07-31 16:31:30,Laboratorios Eléctrica Centro,46.74,Group 5 (Vehicle),96.79,47.59,Group 5 (Vehicle),0.0,0.0,0.0,0.0,46.89,2.34,0.0,0.78,0.0,96.79,47.57,46.55,45.83,-101,11.8
2026-07-31 16:32:50,Lobby Civil,50.04,Group 2 (Impact),73.91,51.45,Group 2 (Impact),0.0,50.16,0.0,0.0,50.13,5.56,73.91,1.82,3.95,14.89,51.79,49.95,49.38,-108,8.5
2026-07-31 16:32:57,Pasillo Decanato Civil,36.28,Silence,0.0,39.51,Silence,0.0,0.0,0.0,0.0,0.0,0.0,0.0,0.0,0.0,0.0,37.6,35.99,35.21,-114,2.8
2026-07-31 16:34:11,Salón - Extremo Eléctrica,20.56,Silence,0.0,29.06,Silence,0.0,0.0,0.0,0.0,0.0,0.0,0.0,0.0,0.0,0.0,24.0,19.86,18.88,-95,13.2
2026-07-31 16:34:19,Laboratorios Eléctrica Superior,40.36,Silence,0.0,41.02,Silence,0.0,0.0,0.0,0.0,0.0,0.0,0.0,0.0,0.0,0.0,40.92,40.17,39.95,-101,10.8
2026-07-31 16:34:36,Salón - Uma Civil,36.66,Silence,0.0,38.43,Silence,0.0,0.0,0.0,0.0,0.0,0.0,0.0,0.0,0.0,0.0,38.52,36.61,34.63,-117,-8.5
2026-07-31 16:34:38,Pasillo Decanato Eléctrica,24.66,Silence,0.0,25.34,Silence,0.0,0.0,0.0,0.0,0.0,0.0,0.0,0.0,0.0,0.0,25.22,24.65,23.69,-120,-3.5
2026-07-31 16:35:05,Laboratorios Civil Central,51.66,Group 1 (Common),91.46,53.58,Group 1 (Common),52.08,0.0,0.0,0.0,0.0,91.46,5.86,0.0,0.49,2.2,52.64,51.52,50.34,-107,10.0
2026-07-31 16:35:10,Laboratorios Eléctrica Inferior,48.19,Mixed,58.85,49.03,Group 1 (Common),48.39,0.0,0.0,0.0,48.22,58.85,2.78,0.0,1.48,36.98,48.78,48.18,47.62,-117,-8.5
2026-07-31 16:35:19,Lobby Eléctrica,43.34,Silence,0.0,45.19,Silence,0.0,0.0,0.0,0.0,0.0,0.0,0.0,0.0,0.0,0.0,46.26,42.71,41.16,-119,-3.8
2026-07-31 16:35:22,Laboratorios Civil Inferior,48.05,Mixed,64.5,51.51,Group 1 (Common),49.85,42.66,0.0,0.0,0.0,64.5,22.09,0.22,1.78,11.41,52.37,47.83,39.89,-117,-2.5
2026-07-31 16:35:28,Pasillo Salones Eléctrica,32.5,Silence,0.0,33.43,Silence,0.0,0.0,0.0,0.0,0.0,0.0,0.0,0.0,0.0,0.0,33.09,32.48,32.11,-101,11.8
2026-07-31 16:35:37,Salón - Uma Eléctrica,42.56,Silence,0.0,43.09,Silence,0.0,0.0,0.0,0.0,0.0,0.0,0.0,0.0,0.0,0.0,42.76,42.68,41.92,-119,-11.5
2026-07-31 16:36:05,Salón - Extremo Civil,19.89,Silence,0.0,21.87,Silence,0.0,0.0,0.0,0.0,0.0,0.0,0.0,0.0,0.0,0.0,21.23,19.74,19.25,-89,13.2
2026-07-31 16:36:09,Pasillo Salones Civil,37.36,Silence,0.0,38.05,Silence,0.0,0.0,0.0,0.0,0.0,0.0,0.0,0.0,0.0,0.0,37.86,37.59,36.3,-97,11.8
2026-07-31 16:36:21,Laboratorios Civil Superior,47.95,Group 1 (Common),90.28,49.39,Group 1 (Common),48.42,0.0,0.0,0.0,0.0,90.28,0.49,0.05,0.05,9.18,49.0,47.63,46.99,-102,9.0
2026-07-31 16:36:35,Laboratorios Eléctrica Centro,46.42,Group 5 (Vehicle),87.2,47.19,Group 5 (Vehicle),0.0,0.0,46.97,0.0,46.71,0.82,0.09,11.81,0.0,87.2,47.15,46.31,45.52,-107,7.2
2026-07-31 16:37:50,Lobby Civil,40.69,Silence,0.0,44.29,Silence,0.0,0.0,0.0,0.0,0.0,0.0,0.0,0.0,0.0,0.0,44.94,38.86,36.23,-93,13.8
2026-07-31 16:37:57,Pasillo Decanato Civil,35.57,Silence,0.0,36.79,Silence,0.0,0.0,0.0,0.0,0.0,0.0,0.0,0.0,0.0,0.0,37.06,35.47,34.33,-101,12.2
2026-07-31 16:39:19,Laboratorios Eléctrica Superior,39.89,Silence,0.0,40.53,Silence,0.0,0.0,0.0,0.0,0.0,0.0,0.0,0.0,0.0,0.0,40.71,39.92,38.98,-99,11.8
2026-07-31 16:39:36,Salón - Uma Civil,35.9,Silence,0.0,37.98,Silence,0.0,0.0,0.0,0.0,0.0,0.0,0.0,0.0,0.0,0.0,38.03,35.47,33.79,-112,5.2
2026-07-31 16:39:38,Pasillo Decanato Eléctrica,24.36,Silence,0.0,25.28,Silence,0.0,0.0,0.0,0.0,0.0,0.0,0.0,0.0,0.0,0.0,25.27,24.35,23.81,-119,-1.5
2026-07-31 16:40:05,Laboratorios Civil Central,55.97,Group 1 (Common),98.48,59.48,Group 1 (Common),54.73,0.0,0.0,0.0,0.0,98.48,0.0,0.0,0.0,1.26,59.92,53.66,50.34,-102,11.8
2026-07-31 16:40:10,Laboratorios Eléctrica Inferior,47.83,Mixed,49.66,48.74,Group 5 (Vehicle),48.02,0.0,0.0,0.0,48.13,41.36,5.42,0.05,3.42,49.66,48.83,47.62,46.99,-119,
2026-07-31 16:40:19,Lobby Eléctrica,33.37,Silence,0.0,34.61,Silence,0.0,0.0,0.0,0.0,0.0,0.0,0.0,0.0,0.0,0.0,35.38,33.07,32.59,-102,11.2
2026-07-31 16:40:22,Laboratorios Civil Inferior,48.26,Mixed,50.26,51.65,Group 2 (Impact),49.32,45.32,0.0,0.0,0.0,37.85,50.26,0.22,3.04,8.55,52.13,47.88,41.99,-117,-0.8
2026-07-31 16:40:28,Pasillo Salones Eléctrica,32.48,Silence,0.0,33.51,Silence,0.0,0.0,0.0,0.0,0.0,0.0,0.0,0.0,0.0,0.0,33.29,32.69,31.31,-99,9.0
2026-07-31 16:40:37,Salón - Uma Eléctrica,43.07,Silence,0.0,43.89,Silence,0.0,0.0,0.0,0.0,0.0,0.0,0.0,0.0,0.0,0.0,43.77,42.88,42.42,-97,7.2
2026-07-31 16:41:05,Salón - Extremo Civil,20.13,Silence,0.0,21.05,Silence,0.0,0.0,0.0,0.0,0.0,0.0,0.0,0.0,0.0,0.0,20.92,19.96,19.26,-91,12.2
2026-07-31 16:41:09,Pasillo Salones Civil,37.81,Silence,0.0,38.71,Silence,0.0,0.0,0.0,0.0,0.0,0.0,0.0,0.0,0.0,0.0,38.48,37.66,37.16,-103,11.2
2026-07-31 16:41:21,Laboratorios Civil Superior,50.8,Group 1 (Common),91.26,53.35,Group 1 (Common),50.28,0.0,0.0,0.0,0.0,91.26,1.27,0.0,0.44,7.03,53.83,50.29,45.82,-115,2.2
2026-07-31 16:41:30,Laboratorios Eléctrica Centro,45.41,Group 5 (Vehicle),83.94,46.54,Group 5 (Vehicle),0.0,0.0,45.4,0.0,45.67,5.9,0.09,10.03,0.0,83.94,46.24,45.24,44.87,-120,-12.0
2026-07-31 16:42:50,Lobby Civil,58.0,Mixed,49.76,63.15,Group 1 (Common),56.25,55.55,0.0,55.29,0.0,49.76,15.77,1.66,16.99,15.82,64.36,54.37,48.01,-105,12.5
2026-07-31 16:42:57,Pasillo Decanato Civil,35.46,Silence,0.0,36.93,Silence,0.0,0.0,0.0,0.0,0.0,0.0,0.0,0.0,0.0,0.0,36.56,35.55,34.05,-113,5.5
2026-07-31 16:44:11,Salón - Extremo Eléctrica,23.8,Silence,0.0,25.33,Silence,0.0,0.0,0.0,0.0,0.0,0.0,0.0,0.0,0.0,0.0,25.6,23.64,22.61,-89,11.8
2026-07-31 16:44:19,Laboratorios Eléctrica Superior,40.09,Silence,0.0,41.16,Silence,0.0,0.0,0.0,0.0,0.0,0.0,0.0,0.0,0.0,0.0,41.22,39.95,39.06,-105,10.5
2026-07-31 16:44:36,Salón - Uma Civil,36.84,Silence,0.0,38.52,Silence,0.0,0.0,0.0,0.0,0.0,0.0,0.0,0.0,0.0,0.0,38.28,36.81,35.25,-113,5.2
2026-07-31 16:44:38,Pasillo Decanato Eléctrica,23.55,Silence,0.0,24.42,Silence,0.0,0.0,0.0,0.0,0.0,0.0,0.0,0.0,0.0,0.0,24.63,23.38,22.8,-117,0.2
2026-07-31 16:45:05,Laboratorios Civil Central,52.73,Group 1 (Common),83.29,54.01,Group 1 (Common),52.65,0.0,0.0,0.0,52.92,83.29,0.3,0.0,0.26,16.19,53.82,52.6,51.71,-120,-9.8
2026-07-31 16:45:10,Laboratorios Eléctrica Inferior,48.6,Mixed,62.72,49.49,Group 1 (Common),49.19,0.0,0.0,0.0,48.84,33.07,2.13,0.13,1.87,62.72,49.47,48.57,47.55,-119,-9.8
2026-07-31 16:45:19,Lobby Eléctrica,40.16,Silence,0.0,43.68,Silence,0.0,0.0,0.0,0.0,0.0,0.0,0.0,0.0,0.0,0.0,43.45,39.53,38.15,-93,9.2
2026-07-31 16:45:22,Laboratorios Civil Inferior,39.99,Silence,0.0,40.74,Silence,0.0,0.0,0.0,0.0,0.0,0.0,0.0,0.0,0.0,0.0,41.08,39.93,39.08,-115,-6.0
2026-07-31 16:45:28,Pasillo Salones Eléctrica,32.65,Silence,0.0,33.54,Silence,0.0,0.0,0.0,0.0,0.0,0.0,0.0,0.0,0.0,0.0,33.63,32.26,31.37,-105,10.5
2026-07-31 16:45:37,Salón - Uma Eléctrica,43.28,Silence,0.0,44.24,Silence,0.0,0.0,0.0,0.0,0.0,0.0,0.0,0.0,0.0,0.0,44.09,43.14,42.57,-112,4.8
2026-07-31 16:46:05,Salón - Extremo Civil,22.51,Silence,0.0,25.31,Silence,0.0,0.0,0.0,0.0,0.0,0.0,0.0,0.0,0.0,0.0,25.86,21.62,19.99,-87,13.2
2026-07-31 16:46:09,Pasillo Salones Civil,37.37,Silence,0.0,38.19,Silence,0.0,0.0,0.0,0.0,0.0,0.0,0.0,0.0,0.0,0.0,38.2,37.34,36.63,-100,11.8
2026-07-31 16:46:21,Laboratorios Civil Superior,45.32,Group 1 (Common),76.87,46.17,Group 1 (Common),45.54,45.38,0.0,0.0,0.0,76.87,12.67,0.26,0.13,10.11,46.19,45.21,44.7,-105,10.5
2026-07-31 16:46:30,Laboratorios Eléctrica Centro,46.23,Group 5 (Vehicle),75.95,47.09,Group 5 (Vehicle),0.0,0.0,46.29,0.0,46.26,1.91,0.26,21.88,0.0,75.95,47.41,46.12,45.49,-103,10.5
2026-07-31 16:47:50,Lobby Civil,54.6,Group 2 (Impact),71.58,57.72,Group 2 (Impact),55.48,52.04,0.0,0.0,0.0,17.72,71.58,1.27,7.67,1.81,57.78,53.49,47.58,-99,12.0
2026-07-31 16:47:57,Pasillo Decanato Civil,35.88,Silence,0.0,37.0,Silence,0.0,0.0,0.0,0.0,0.0,0.0,0.0,0.0,0.0,0.0,37.3,35.13,34.42,-100,11.8
2026-07-31 16:49:11,Salón - Extremo Eléctrica,20.46,Silence,0.0,21.73,Silence,0.0,0.0,0.0,0.0,0.0,0.0,0.0,0.0,0.0,0.0,22.06,20.4,19.36,-91,12.2
2026-07-31 16:49:19,Laboratorios Eléctrica Superior,40.05,Silence,0.0,41.16,Silence,0.0,0.0,0.0,0.0,0.0,0.0,0.0,0.0,0.0,0.0,40.85,40.17,38.93,-105,12.5
2026-07-31 16:49:36,Salón - Uma Civil,37.21,Silence,0.0,38.61,Silence,0.0,0.0,0.0,0.0,0.0,0.0,0.0,0.0,0.0,0.0,38.38,37.05,36.0,-111,5.2
2026-07-31 16:49:38,Pasillo Decanato Eléctrica,23.59,Silence,0.0,24.67,Silence,0.0,0.0,0.0,0.0,0.0,0.0,0.0,0.0,0.0,0.0,24.93,23.39,22.08,-108,9.8
2026-07-31 16:50:05,Laboratorios Civil Central,53.18,Group 1 (Common),85.16,54.05,Group 1 (Common),53.08,0.0,0.0,0.0,0.0,85.16,3.21,0.0,0.69,10.94,53.91,53.3,52.46,-119,-10.0
2026-07-31 16:50:10,Laboratorios Eléctrica Inferior,48.34,Mixed,69.18,48.99,Group 5 (Vehicle),48.58,0.0,0.0,0.0,48.75,28.21,1.17,0.17,1.17,69.18,48.79,48.26,47.92,-120,-5.8
2026-07-31 16:50:19,Lobby Eléctrica,43.44,Silence,0.0,45.46,Silence,0.0,0.0,0.0,0.0,0.0,0.0,0.0,0.0,0.0,0.0,45.84,43.2,40.82,-97,13.5
2026-07-31 16:50:22,Laboratorios Civil Inferior,41.26,Silence,0.0,50.32,Silence,0.0,0.0,0.0,0.0,0.0,0.0,0.0,0.0,0.0,0.0,43.87,40.77,39.96,-118,-6.2
2026-07-31 16:50:28,Pasillo Salones Eléctrica,32.25,Silence,0.0,33.09,Silence,0.0,0.0,0.0,0.0,0.0,0.0,0.0,0.0,0.0,0.0,32.97,31.97,31.84,-97,11.5
2026-07-31 16:50:37,Salón - Uma Eléctrica,42.68,Silence,0.0,43.33,Silence,0.0,0.0,0.0,0.0,0.0,0.0,0.0,0.0,0.0,0.0,43.62,42.53,42.0,-115,5.2
2026-07-31 16:51:05,Salón - Extremo Civil,20.43,Silence,0.0,21.05,Silence,0.0,0.0,0.0,0.0,0.0,0.0,0.0,0.0,0.0,0.0,21.39,20.37,19.41,-103,11.8
2026-07-31 16:51:09,Pasillo Salones Civil,37.79,Silence,0.0,38.49,Silence,0.0,0.0,0.0,0.0,0.0,0.0,0.0,0.0,0.0,0.0,38.18,37.93,36.98,-101,11.5
2026-07-31 16:51:21,Laboratorios Civil Superior,48.06,Mixed,60.29,50.02,Group 2 (Impact),46.87,48.12,0.0,0.0,48.2,8.9,60.29,1.22,6.68,22.92,50.77,47.14,46.38,-102,11.2
2026-07-31 16:51:31,Laboratorios Eléctrica Centro,45.97,Group 5 (Vehicle),71.35,46.76,Group 5 (Vehicle),0.0,0.0,46.16,0.0,45.84,9.33,2.6,16.54,0.0,71.35,47.01,46.11,44.64,-102,11.8
2026-07-31 16:52:50,Lobby Civil,41.99,Silence,0.0,45.23,Silence,0.0,0.0,0.0,0.0,0.0,0.0,0.0,0.0,0.0,0.0,44.98,41.12,38.49,-109,6.2
2026-07-31 16:53:03,Pasillo Decanato Civil,36.79,Silence,0.0,37.95,Silence,0.0,0.0,0.0,0.0,0.0,0.0,0.0,0.0,0.0,0.0,37.78,36.64,35.69,-101,11.5
2026-07-31 16:54:12,Salón - Extremo Eléctrica,17.99,Silence,0.0,18.6,Silence,0.0,0.0,0.0,0.0,0.0,0.0,0.0,0.0,0.0,0.0,18.71,18.06,17.08,-111,8.0
2026-07-31 16:54:19,Laboratorios Eléctrica Superior,39.87,Silence,0.0,41.02,Silence,0.0,0.0,0.0,0.0,0.0,0.0,0.0,0.0,0.0,0.0,41.29,39.86,38.83,-105,11.8
2026-07-31 16:54:36,Salón - Uma Civil,36.66,Silence,0.0,37.92,Silence,0.0,0.0,0.0,0.0,0.0,0.0,0.0,0.0,0.0,0.0,37.71,36.73,34.47,-117,-11.0
2026-07-31 16:54:38,Pasillo Decanato Eléctrica,23.9,Silence,0.0,24.58,Silence,0.0,0.0,0.0,0.0,0.0,0.0,0.0,0.0,0.0,0.0,24.6,23.84,23.43,-108,2.5
2026-07-31 16:55:05,Laboratorios Civil Central,52.81,Group 1 (Common),90.15,54.06,Group 1 (Common),52.81,0.0,0.0,0.0,0.0,90.15,1.39,0.0,0.26,8.25,54.06,51.9,51.59,-102,12.8
2026-07-31 16:55:10,Laboratorios Eléctrica Inferior,48.45,Mixed,62.93,49.07,Group 1 (Common),48.7,0.0,0.0,0.0,48.61,34.77,1.35,0.04,1.0,62.93,49.11,48.47,47.87,-117,-9.8
2026-07-31 16:55:19,Lobby Eléctrica,32.37,Silence,0.0,33.2,Silence,0.0,0.0,0.0,0.0,0.0,0.0,0.0,0.0,0.0,0.0,33.15,32.41,31.52,-117,0.5
2026-07-31 16:55:22,Laboratorios Civil Inferior,41.01,Silence,0.0,41.98,Silence,0.0,0.0,0.0,0.0,0.0,0.0,0.0,0.0,0.0,0.0,42.13,40.82,40.07,-115,-9.5
2026-07-31 16:55:28,Pasillo Salones Eléctrica,31.81,Silence,0.0,32.72,Silence,0.0,0.0,0.0,0.0,0.0,0.0,0.0,0.0,0.0,0.0,32.74,31.85,30.47,-101,11.2
2026-07-31 16:55:37,Salón - Uma Eléctrica,43.47,Silence,0.0,44.33,Silence,0.0,0.0,0.0,0.0,0.0,0.0,0.0,0.0,0.0,0.0,44.03,43.36,43.14,-111,8.2
2026-07-31 16:56:05,Salón - Extremo Civil,19.62,Silence,0.0,20.28,Silence,0.0,0.0,0.0,0.0,0.0,0.0,0.0,0.0,0.0,0.0,20.25,19.73,18.51,-84,11.8
2026-07-31 16:56:09,Pasillo Salones Civil,37.43,Silence,0.0,38.28,Silence,0.0,0.0,0.0,0.0,0.0,0.0,0.0,0.0,0.0,0.0,38.14,37.67,36.2,-113,6.2
2026-07-31 16:56:21,Laboratorios Civil Superior,45.1,Group 1 (Common),96.53,45.84,Group 1 (Common),45.14,0.0,0.0,0.0,0.0,96.53,1.09,0.0,0.17,2.26,45.67,45.39,44.07,-103,10.8
2026-07-31 16:56:31,Laboratorios Eléctrica Centro,46.19,Group 5 (Vehicle),87.67,47.13,Group 5 (Vehicle),0.0,0.0,46.12,0.0,46.21,2.78,0.0,9.51,0.0,87.67,47.1,46.0,45.26,-118,-7.2
2026-07-31 16:57:50,Lobby Civil,49.28,Group 1 (Common),91.06,53.31,Group 1 (Common),49.51,0.0,0.0,0.0,0.0,91.06,7.07,0.0,0.56,1.39,54.28,46.86,43.95,-103,11.2
2026-07-31 16:57:58,Pasillo Decanato Civil,35.92,Silence,0.0,37.32,Silence,0.0,0.0,0.0,0.0,0.0,0.0,0.0,0.0,0.0,0.0,36.79,36.36,33.65,-109,4.0
2026-07-31 16:59:12,Salón - Extremo Eléctrica,22.23,Silence,0.0,22.82,Silence,0.0,0.0,0.0,0.0,0.0,0.0,0.0,0.0,0.0,0.0,22.63,22.33,21.7,-91,12.0
2026-07-31 16:59:19,Laboratorios Eléctrica Superior,40.04,Silence,0.0,41.16,Silence,0.0,0.0,0.0,0.0,0.0,0.0,0.0,0.0,0.0,0.0,41.46,39.78,39.44,-103,8.2
2026-07-31 16:59:36,Salón - Uma Civil,35.88,Silence,0.0,36.57,Silence,0.0,0.0,0.0,0.0,0.0,0.0,0.0,0.0,0.0,0.0,36.51,35.85,34.89,-112,6.8
2026-07-31 16:59:38,Pasillo Decanato Eléctrica,23.75,Silence,0.0,25.19,Silence,0.0,0.0,0.0,0.0,0.0,0.0,0.0,0.0,0.0,0.0,24.82,23.92,22.44,-117,-11.8
2026-07-31 17:00:05,Laboratorios Civil Central,52.49,Group 1 (Common),85.85,53.69,Group 1 (Common),52.37,0.0,0.0,0.0,0.0,85.85,2.17,0.0,0.56,11.37,53.8,52.54,50.97,-108,8.8
2026-07-31 17:00:10,Laboratorios Eléctrica Inferior,47.73,Mixed,49.48,48.52,Group 1 (Common),47.96,0.0,0.0,0.0,47.91,49.48,6.51,0.22,2.91,40.84,48.62,47.7,47.06,-119,-5.2
2026-07-31 17:00:19,Lobby Eléctrica,46.2,Mixed,67.01,48.47,Group 5 (Vehicle),0.0,44.65,0.0,0.0,48.28,0.0,67.01,1.61,0.22,31.21,49.58,46.21,40.43,-119,0.8
2026-07-31 17:00:22,Laboratorios Civil Inferior,41.05,Silence,0.0,42.28,Silence,0.0,0.0,0.0,0.0,0.0,0.0,0.0,0.0,0.0,0.0,42.2,41.01,40.13,-118,-12.2
2026-07-31 17:00:28,Pasillo Salones Eléctrica,33.18,Silence,0.0,34.86,Silence,0.0,0.0,0.0,0.0,0.0,0.0,0.0,0.0,0.0,0.0,34.82,33.08,31.4,-99,11.8
2026-07-31 17:00:37,Salón - Uma Eléctrica,43.14,Silence,0.0,44.09,Silence,0.0,0.0,0.0,0.0,0.0,0.0,0.0,0.0,0.0,0.0,44.16,42.9,42.36,-113,7.8
2026-07-31 17:01:05,Salón - Extremo Civil,20.8,Silence,0.0,22.0,Silence,0.0,0.0,0.0,0.0,0.0,0.0,0.0,0.0,0.0,0.0,21.47,20.81,19.86,-106,9.0
2026-07-31 17:01:09,Pasillo Salones Civil,37.48,Silence,0.0,38.18,Silence,0.0,0.0,0.0,0.0,0.0,0.0,0.0,0.0,0.0,0.0,38.14,37.33,36.91,-99,11.5
2026-07-31 17:01:21,Laboratorios Civil Superior,44.94,Silence,0.0,45.68,Silence,0.0,0.0,0.0,0.0,0.0,0.0,0.0,0.0,0.0,0.0,45.94,44.72,44.02,-114,2.5
2026-07-31 17:01:31,Laboratorios Eléctrica Centro,45.1,Mixed,57.29,45.92,Group 5 (Vehicle),0.0,0.0,44.78,0.0,45.08,8.77,3.78,30.08,0.04,57.29,45.84,44.91,44.49,-107,10.0
2026-07-31 17:02:50,Lobby Civil,42.09,Silence,0.0,43.42,Silence,0.0,0.0,0.0,0.0,0.0,0.0,0.0,0.0,0.0,0.0,43.4,41.92,40.59,-95,14.0
2026-07-31 17:02:58,Pasillo Decanato Civil,36.55,Silence,0.0,37.65,Silence,0.0,0.0,0.0,0.0,0.0,0.0,0.0,0.0,0.0,0.0,37.49,36.49,35.47,-105,12.5
2026-07-31 17:04:12,Salón - Extremo Eléctrica,21.84,Silence,0.0,22.48,Silence,0.0,0.0,0.0,0.0,0.0,0.0,0.0,0.0,0.0,0.0,22.38,21.9,20.72,-93,9.5
2026-07-31 17:04:19,Laboratorios Eléctrica Superior,40.35,Silence,0.0,41.12,Silence,0.0,0.0,0.0,0.0,0.0,0.0,0.0,0.0,0.0,0.0,41.26,40.41,39.46,-105,12.8
2026-07-31 17:04:36,Salón - Uma Civil,37.17,Silence,0.0,38.38,Silence,0.0,0.0,0.0,0.0,0.0,0.0,0.0,0.0,0.0,0.0,38.74,36.9,35.14,-112,5.8
2026-07-31 17:04:38,Pasillo Decanato Eléctrica,23.9,Silence,0.0,25.24,Silence,0.0,0.0,0.0,0.0,0.0,0.0,0.0,0.0,0.0,0.0,25.16,23.99,22.74,-105,11.5
2026-07-31 17:05:05,Laboratorios Civil Central,52.01,Group 1 (Common),86.59,53.01,Group 1 (Common),51.94,0.0,0.0,0.0,0.0,86.59,0.91,0.0,0.3,12.11,53.01,51.83,50.94,-108,10.2
2026-07-31 17:05:10,Laboratorios Eléctrica Inferior,48.06,Mixed,67.01,48.7,Group 5 (Vehicle),48.03,0.0,0.0,0.0,48.16,29.25,2.34,0.0,1.26,67.01,48.72,48.25,47.1,-113,7.0
2026-07-31 17:05:19,Lobby Eléctrica,51.55,Mixed,46.88,54.31,Group 1 (Common),51.55,49.44,51.34,0.0,0.0,46.88,29.54,20.31,0.49,2.78,54.92,51.85,47.01,-117,2.8
2026-07-31 17:05:22,Laboratorios Civil Inferior,38.87,Silence,0.0,39.55,Silence,0.0,0.0,0.0,0.0,0.0,0.0,0.0,0.0,0.0,0.0,39.85,38.98,38.07,-119,-3.2
2026-07-31 17:05:28,Pasillo Salones Eléctrica,33.06,Silence,0.0,33.82,Silence,0.0,0.0,0.0,0.0,0.0,0.0,0.0,0.0,0.0,0.0,33.82,33.08,32.04,-100,10.8
2026-07-31 17:05:37,Salón - Uma Eléctrica,43.34,Silence,0.0,43.87,Silence,0.0,0.0,0.0,0.0,0.0,0.0,0.0,0.0,0.0,0.0,43.92,43.4,42.69,-111,7.8
2026-07-31 17:06:05,Salón - Extremo Civil,21.13,Silence,0.0,22.51,Silence,0.0,0.0,0.0,0.0,0.0,0.0,0.0,0.0,0.0,0.0,23.07,20.65,20.24,-87,10.0
2026-07-31 17:06:09,Pasillo Salones Civil,38.09,Silence,0.0,38.85,Silence,0.0,0.0,0.0,0.0,0.0,0.0,0.0,0.0,0.0,0.0,39.2,37.96,37.08,-105,12.2
2026-07-31 17:06:21,Laboratorios Civil Superior,45.62,Mixed,58.77,46.93,Group 1 (Common),45.67,0.0,0.0,0.0,46.44,58.77,0.0,0.0,0.04,41.06,46.68,45.79,44.47,-107,7.0
2026-07-31 17:06:31,Laboratorios Eléctrica Centro,47.48,Group 5 (Vehicle),86.89,49.48,Group 5 (Vehicle),0.0,0.0,46.79,0.0,47.33,1.87,2.95,8.42,0.0,86.89,50.24,46.91,46.43,-103,10.8
2026-07-31 17:07:50,Lobby Civil,45.32,Mixed,50.65,46.21,Group 2 (Impact),45.72,45.04,0.0,0.0,45.07,6.34,38.98,0.13,3.86,50.65,46.45,45.08,44.45,-108,11.5
2026-07-31 17:07:58,Pasillo Decanato Civil,35.67,Silence,0.0,37.44,Silence,0.0,0.0,0.0,0.0,0.0,0.0,0.0,0.0,0.0,0.0,36.74,35.53,34.61,-95,11.2
2026-07-31 17:09:21,Salón - Extremo Eléctrica,17.89,Silence,0.0,18.59,Silence,0.0,0.0,0.0,0.0,0.0,0.0,0.0,0.0,0.0,0.0,18.45,18.03,16.72,-114,5.0
2026-07-31 17:09:21,Laboratorios Eléctrica Superior,46.86,Mixed,52.43,48.9,Group 5 (Vehicle),45.13,47.55,0.0,0.0,47.6,35.42,9.64,1.35,1.3,52.43,49.13,47.77,42.45,-99,11.8
2026-07-31 17:09:36,Salón - Uma Civil,36.37,Silence,0.0,39.08,Silence,0.0,0.0,0.0,0.0,0.0,0.0,0.0,0.0,0.0,0.0,39.82,35.48,34.11,-108,10.5
2026-07-31 17:09:38,Pasillo Decanato Eléctrica,23.01,Silence,0.0,24.55,Silence,0.0,0.0,0.0,0.0,0.0,0.0,0.0,0.0,0.0,0.0,24.17,22.99,22.19,-103,8.2
2026-07-31 17:10:05,Laboratorios Civil Central,52.77,Group 1 (Common),89.32,53.88,Group 1 (Common),52.74,0.0,0.0,0.0,0.0,89.32,1.95,0.0,0.56,8.33,54.45,52.43,52.11,-119,-5.5
2026-07-31 17:10:10,Laboratorios Eléctrica Inferior,48.33,Mixed,51.91,49.15,Group 5 (Vehicle),48.41,0.0,0.0,0.0,48.5,41.1,5.9,0.0,0.91,51.91,49.04,48.13,47.6,-119,-10.8
2026-07-31 17:10:19,Lobby Eléctrica,44.4,Silence,0.0,49.61,Silence,0.0,0.0,0.0,0.0,0.0,0.0,0.0,0.0,0.0,0.0,50.22,40.28,36.9,-105,11.8
2026-07-31 17:10:22,Laboratorios Civil Inferior,41.23,Silence,0.0,42.87,Silence,0.0,0.0,0.0,0.0,0.0,0.0,0.0,0.0,0.0,0.0,43.08,40.86,39.85,-120,-9.0
2026-07-31 17:10:28,Pasillo Salones Eléctrica,32.83,Silence,0.0,34.09,Silence,0.0,0.0,0.0,0.0,0.0,0.0,0.0,0.0,0.0,0.0,33.75,32.6,31.63,-103,12.0
2026-07-31 17:10:37,Salón - Uma Eléctrica,42.91,Silence,0.0,43.71,Silence,0.0,0.0,0.0,0.0,0.0,0.0,0.0,0.0,0.0,0.0,43.45,42.95,42.37,-109,10.8
2026-07-31 17:11:05,Salón - Extremo Civil,23.53,Silence,0.0,24.81,Silence,0.0,0.0,0.0,0.0,0.0,0.0,0.0,0.0,0.0,0.0,25.19,23.39,21.77,-95,11.8
2026-07-31 17:11:09,Pasillo Salones Civil,38.22,Silence,0.0,38.87,Silence,0.0,0.0,0.0,0.0,0.0,0.0,0.0,0.0,0.0,0.0,38.91,38.15,37.64,-115,2.0
2026-07-31 17:11:21,Laboratorios Civil Superior,44.51,Silence,0.0,45.29,Silence,0.0,0.0,0.0,0.0,0.0,0.0,0.0,0.0,0.0,0.0,45.22,44.32,43.88,-102,9.5
2026-07-31 17:11:31,Laboratorios Eléctrica Centro,47.71,Mixed,67.82,48.27,Group 3 (Rotary Tool),0.0,0.0,47.93,0.0,47.64,3.76,3.03,25.29,0.05,67.82,48.33,47.68,47.06,-102,10.2
2026-07-31 17:12:50,Lobby Civil,64.64,Mixed,45.75,70.14,Group 1 (Common),64.95,0.0,0.0,0.0,64.48,44.88,6.29,0.13,2.99,45.75,70.41,61.09,41.39,-103,11.8
2026-07-31 17:12:58,Pasillo Decanato Civil,36.78,Silence,0.0,38.12,Silence,0.0,0.0,0.0,0.0,0.0,0.0,0.0,0.0,0.0,0.0,38.3,37.32,33.91,-101,10.2
2026-07-31 17:14:12,Salón - Extremo Eléctrica,18.77,Silence,0.0,19.81,Silence,0.0,0.0,0.0,0.0,0.0,0.0,0.0,0.0,0.0,0.0,19.42,18.83,17.67,-95,13.0
2026-07-31 17:14:19,Laboratorios Eléctrica Superior,40.64,Silence,0.0,41.36,Silence,0.0,0.0,0.0,0.0,0.0,0.0,0.0,0.0,0.0,0.0,41.45,40.61,39.83,-101,10.8
2026-07-31 17:14:41,Salón - Uma Civil,37.27,Silence,0.0,39.47,Silence,0.0,0.0,0.0,0.0,0.0,0.0,0.0,0.0,0.0,0.0,40.05,36.78,34.97,-107,9.0
2026-07-31 17:14:41,Pasillo Decanato Eléctrica,23.27,Silence,0.0,24.02,Silence,0.0,0.0,0.0,0.0,0.0,0.0,0.0,0.0,0.0,0.0,24.35,23.31,22.12,-103,10.2
2026-07-31 17:15:05,Laboratorios Civil Central,52.03,Group 1 (Common),95.46,52.85,Group 1 (Common),52.12,0.0,0.0,0.0,0.0,95.46,2.34,0.0,0.39,1.86,52.82,51.89,51.56,-119,-10.8
2026-07-31 17:15:10,Laboratorios Eléctrica Inferior,48.18,Mixed,63.8,48.97,Group 1 (Common),48.29,0.0,0.0,0.0,48.28,63.8,10.59,0.0,1.91,23.48,49.03,48.17,47.47,-119,-5.2
2026-07-31 17:15:19,Lobby Eléctrica,36.12,Silence,0.0,37.73,Silence,0.0,0.0,0.0,0.0,0.0,0.0,0.0,0.0,0.0,0.0,37.66,36.32,34.12,-117,0.8
2026-07-31 17:15:22,Laboratorios Civil Inferior,39.83,Silence,0.0,40.32,Silence,0.0,0.0,0.0,0.0,0.0,0.0,0.0,0.0,0.0,0.0,40.27,39.65,39.47,-118,-4.8
2026-07-31 17:15:37,Salón - Uma Eléctrica,42.55,Silence,0.0,43.43,Silence,0.0,0.0,0.0,0.0,0.0,0.0,0.0,0.0,0.0,0.0,43.68,42.46,41.9,-114,6.8
2026-07-31 17:16:05,Salón - Extremo Civil,19.99,Silence,0.0,22.26,Silence,0.0,0.0,0.0,0.0,0.0,0.0,0.0,0.0,0.0,0.0,20.92,20.0,19.1,-97,12.8
2026-07-31 17:16:09,Pasillo Salones Civil,37.4,Silence,0.0,38.08,Silence,0.0,0.0,0.0,0.0,0.0,0.0,0.0,0.0,0.0,0.0,38.2,37.47,36.12,-107,11.2
2026-07-31 17:16:21,Laboratorios Civil Superior,45.11,Group 1 (Common),80.82,46.44,Group 1 (Common),45.38,0.0,0.0,0.0,0.0,80.82,0.22,0.0,0.04,18.66,46.13,44.98,44.56,-95,11.2
2026-07-31 17:16:31,Laboratorios Eléctrica Centro,47.42,Group 5 (Vehicle),75.83,48.37,Group 5 (Vehicle),0.0,0.0,0.0,0.0,47.14,0.98,1.81,21.29,0.0,75.83,48.29,47.04,46.88,-119,-7.8
2026-07-31 17:17:50,Lobby Civil,46.74,Mixed,62.46,47.83,Group 1 (Common),46.7,0.0,0.0,0.0,46.65,62.46,1.04,0.0,0.43,36.11,47.95,46.59,45.85,-111,7.8
2026-07-31 17:17:58,Pasillo Decanato Civil,35.69,Silence,0.0,37.93,Silence,0.0,0.0,0.0,0.0,0.0,0.0,0.0,0.0,0.0,0.0,38.85,34.91,34.12,-97,12.5
2026-07-31 17:19:12,Salón - Extremo Eléctrica,23.03,Silence,0.0,27.92,Silence,0.0,0.0,0.0,0.0,0.0,0.0,0.0,0.0,0.0,0.0,25.89,22.15,20.74,-113,7.0
2026-07-31 17:19:19,Laboratorios Eléctrica Superior,40.48,Silence,0.0,41.45,Silence,0.0,0.0,0.0,0.0,0.0,0.0,0.0,0.0,0.0,0.0,41.36,40.54,39.23,-117,-0.8
2026-07-31 17:19:36,Salón - Uma Civil,35.82,Silence,0.0,37.63,Silence,0.0,0.0,0.0,0.0,0.0,0.0,0.0,0.0,0.0,0.0,36.92,35.61,34.95,-115,4.0
2026-07-31 17:19:38,Pasillo Decanato Eléctrica,23.47,Silence,0.0,24.99,Silence,0.0,0.0,0.0,0.0,0.0,0.0,0.0,0.0,0.0,0.0,24.7,23.35,22.7,-107,11.5
2026-07-31 17:20:05,Laboratorios Civil Central,52.74,Group 1 (Common),90.49,53.66,Group 1 (Common),52.64,0.0,0.0,0.0,0.0,90.49,0.61,0.0,0.17,8.68,53.64,52.98,51.24,-118,-5.8
2026-07-31 17:20:10,Laboratorios Eléctrica Inferior,48.15,Group 5 (Vehicle),71.18,49.74,Group 1 (Common),48.81,0.0,0.0,0.0,48.59,26.52,0.61,0.13,1.69,71.18,48.95,48.24,47.12,-113,6.0
2026-07-31 17:20:19,Lobby Eléctrica,32.13,Silence,0.0,33.32,Silence,0.0,0.0,0.0,0.0,0.0,0.0,0.0,0.0,0.0,0.0,33.24,31.97,31.13,-115,1.0
2026-07-31 17:20:22,Laboratorios Civil Inferior,39.91,Silence,0.0,41.06,Silence,0.0,0.0,0.0,0.0,0.0,0.0,0.0,0.0,0.0,0.0,40.71,39.65,39.25,-120,-11.5
2026-07-31 17:20:28,Pasillo Salones Eléctrica,32.52,Silence,0.0,33.97,Silence,0.0,0.0,0.0,0.0,0.0,0.0,0.0,0.0,0.0,0.0,34.0,32.28,31.45,-102,11.8
2026-07-31 17:20:37,Salón - Uma Eléctrica,43.0,Silence,0.0,43.69,Silence,0.0,0.0,0.0,0.0,0.0,0.0,0.0,0.0,0.0,0.0,43.59,42.88,42.6,-111,7.0
2026-07-31 17:21:05,Salón - Extremo Civil,19.79,Silence,0.0,20.89,Silence,0.0,0.0,0.0,0.0,0.0,0.0,0.0,0.0,0.0,0.0,21.07,19.56,18.91,-97,13.2
2026-07-31 17:21:09,Pasillo Salones Civil,37.38,Silence,0.0,38.33,Silence,0.0,0.0,0.0,0.0,0.0,0.0,0.0,0.0,0.0,0.0,38.66,37.25,36.47,-115,3.8
2026-07-31 17:21:21,Laboratorios Civil Superior,45.28,Group 1 (Common),84.81,45.96,Group 1 (Common),45.44,0.0,0.0,0.0,0.0,84.81,0.09,0.0,0.09,14.84,45.93,45.41,44.26,-114,3.0
2026-07-31 17:21:31,Laboratorios Eléctrica Centro,48.21,Mixed,69.18,49.7,Group 5 (Vehicle),0.0,48.82,47.25,0.0,48.13,1.91,10.94,17.84,0.0,69.18,50.04,48.14,46.81,-107,10.2
2026-07-31 17:22:50,Lobby Civil,47.29,Mixed,67.62,53.4,Group 1 (Common),47.48,0.0,0.0,51.95,0.0,67.62,13.45,5.64,13.15,0.04,53.6,43.55,36.17,-102,12.0
2026-07-31 17:22:58,Pasillo Decanato Civil,36.84,Silence,0.0,39.08,Silence,0.0,0.0,0.0,0.0,0.0,0.0,0.0,0.0,0.0,0.0,39.21,36.5,34.1,-105,11.8
2026-07-31 17:24:12,Salón - Extremo Eléctrica,20.1,Silence,0.0,21.84,Silence,0.0,0.0,0.0,0.0,0.0,0.0,0.0,0.0,0.0,0.0,21.86,19.76,18.75,-91,8.5
2026-07-31 17:24:19,Laboratorios Eléctrica Superior,41.01,Silence,0.0,41.91,Silence,0.0,0.0,0.0,0.0,0.0,0.0,0.0,0.0,0.0,0.0,42.19,40.97,40.12,-103,9.2
2026-07-31 17:24:36,Salón - Uma Civil,36.69,Silence,0.0,37.62,Silence,0.0,0.0,0.0,0.0,0.0,0.0,0.0,0.0,0.0,0.0,37.65,36.67,35.27,-113,6.8
2026-07-31 17:24:38,Pasillo Decanato Eléctrica,24.29,Silence,0.0,25.11,Silence,0.0,0.0,0.0,0.0,0.0,0.0,0.0,0.0,0.0,0.0,24.61,24.42,23.67,-105,8.8
2026-07-31 17:25:13,Laboratorios Civil Central,52.67,Group 1 (Common),89.67,53.61,Group 1 (Common),52.62,0.0,0.0,0.0,0.0,89.67,0.65,0.0,0.13,9.55,53.75,52.74,51.64,-111,9.0
2026-07-31 17:25:13,Laboratorios Eléctrica Inferior,48.19,Mixed,59.72,49.15,Group 5 (Vehicle),47.64,0.0,0.0,0.0,48.35,38.77,0.49,0.05,0.93,59.72,49.1,48.2,47.41,-120,-5.2
2026-07-31 17:25:19,Lobby Eléctrica,31.59,Silence,0.0,32.22,Silence,0.0,0.0,0.0,0.0,0.0,0.0,0.0,0.0,0.0,0.0,31.99,31.64,31.2,-115,0.8
2026-07-31 17:25:22,Laboratorios Civil Inferior,39.8,Silence,0.0,40.84,Silence,0.0,0.0,0.0,0.0,0.0,0.0,0.0,0.0,0.0,0.0,41.21,39.6,39.16,-117,-4.5
2026-07-31 17:25:28,Pasillo Salones Eléctrica,32.69,Silence,0.0,33.58,Silence,0.0,0.0,0.0,0.0,0.0,0.0,0.0,0.0,0.0,0.0,33.46,32.64,31.32,-102,12.2
2026-07-31 17:25:37,Salón - Uma Eléctrica,42.9,Silence,0.0,43.81,Silence,0.0,0.0,0.0,0.0,0.0,0.0,0.0,0.0,0.0,0.0,43.53,42.72,42.25,-108,3.8
2026-07-31 17:26:05,Salón - Extremo Civil,19.33,Silence,0.0,20.27,Silence,0.0,0.0,0.0,0.0,0.0,0.0,0.0,0.0,0.0,0.0,20.41,19.11,18.42,-111,8.5
2026-07-31 17:26:09,Pasillo Salones Civil,37.8,Silence,0.0,38.72,Silence,0.0,0.0,0.0,0.0,0.0,0.0,0.0,0.0,0.0,0.0,39.09,37.74,36.62,-103,12.0
2026-07-31 17:26:21,Laboratorios Civil Superior,44.85,Silence,0.0,45.36,Silence,0.0,0.0,0.0,0.0,0.0,0.0,0.0,0.0,0.0,0.0,45.36,44.85,44.07,-105,9.5
2026-07-31 17:26:31,Laboratorios Eléctrica Centro,46.99,Group 5 (Vehicle),72.18,47.75,Group 5 (Vehicle),0.0,46.82,0.0,0.0,47.07,6.68,10.81,10.16,0.0,72.18,47.9,46.96,46.25,-103,11.8
2026-07-31 17:27:50,Lobby Civil,37.45,Silence,0.0,38.15,Silence,0.0,0.0,0.0,0.0,0.0,0.0,0.0,0.0,0.0,0.0,38.27,37.46,36.5,-111,6.5
2026-07-31 17:27:58,Pasillo Decanato Civil,36.53,Silence,0.0,37.7,Silence,0.0,0.0,0.0,0.0,0.0,0.0,0.0,0.0,0.0,0.0,38.08,36.37,35.43,-114,4.5
2026-07-31 17:29:12,Salón - Extremo Eléctrica,16.51,Silence,0.0,17.77,Silence,0.0,0.0,0.0,0.0,0.0,0.0,0.0,0.0,0.0,0.0,17.68,16.59,15.68,-109,6.2
2026-07-31 17:29:19,Laboratorios Eléctrica Superior,39.74,Silence,0.0,40.36,Silence,0.0,0.0,0.0,0.0,0.0,0.0,0.0,0.0,0.0,0.0,40.35,39.74,39.24,-103,11.5
2026-07-31 17:29:36,Salón - Uma Civil,36.55,Silence,0.0,37.83,Silence,0.0,0.0,0.0,0.0,0.0,0.0,0.0,0.0,0.0,0.0,37.79,36.44,34.96,-111,6.8
2026-07-31 17:29:38,Pasillo Decanato Eléctrica,23.35,Silence,0.0,24.53,Silence,0.0,0.0,0.0,0.0,0.0,0.0,0.0,0.0,0.0,0.0,23.93,23.51,22.37,-114,5.2
2026-07-31 17:30:05,Laboratorios Civil Central,51.1,Group 1 (Common),87.02,52.72,Group 1 (Common),51.36,0.0,0.0,0.0,0.0,87.02,1.35,0.0,0.22,11.59,51.6,51.11,50.7,-102,-1.5
2026-07-31 17:30:10,Laboratorios Eléctrica Inferior,48.19,Mixed,54.47,48.89,Group 5 (Vehicle),48.18,0.0,0.0,0.0,48.45,42.71,1.87,0.17,0.69,54.47,49.34,48.03,47.79,-119,-2.8
2026-07-31 17:30:19,Lobby Eléctrica,32.21,Silence,0.0,33.03,Silence,0.0,0.0,0.0,0.0,0.0,0.0,0.0,0.0,0.0,0.0,33.05,32.07,31.05,-101,12.2
2026-07-31 17:30:33,Laboratorios Civil Inferior,39.78,Silence,0.0,40.34,Silence,0.0,0.0,0.0,0.0,0.0,0.0,0.0,0.0,0.0,0.0,40.79,39.9,37.68,-107,2.0
2026-07-31 17:30:33,Pasillo Salones Eléctrica,32.59,Silence,0.0,33.28,Silence,0.0,0.0,0.0,0.0,0.0,0.0,0.0,0.0,0.0,0.0,33.24,32.4,31.73,-103,7.8
2026-07-31 17:30:38,Salón - Uma Eléctrica,42.96,Silence,0.0,43.55,Silence,0.0,0.0,0.0,0.0,0.0,0.0,0.0,0.0,0.0,0.0,43.61,42.81,42.3,-113,6.5
2026-07-31 17:31:05,Salón - Extremo Civil,19.45,Silence,0.0,20.59,Silence,0.0,0.0,0.0,0.0,0.0,0.0,0.0,0.0,0.0,0.0,20.29,19.18,18.53,-99,11.8
2026-07-31 17:31:09,Pasillo Salones Civil,38.0,Silence,0.0,38.65,Silence,0.0,0.0,0.0,0.0,0.0,0.0,0.0,0.0,0.0,0.0,38.45,37.85,37.32,-101,10.2
2026-07-31 17:31:21,Laboratorios Civil Superior,45.11,Mixed,65.19,45.98,Group 1 (Common),45.24,0.0,0.0,0.0,44.54,65.19,0.0,0.0,0.04,34.68,45.99,45.02,43.97,-109,7.8
2026-07-31 17:31:31,Laboratorios Eléctrica Centro,45.88,Group 5 (Vehicle),92.53,46.52,Group 5 (Vehicle),0.0,0.0,0.0,0.0,45.76,5.38,0.26,1.82,0.04,92.53,46.39,45.77,45.03,-115,-6.8
2026-07-31 17:32:50,Lobby Civil,35.49,Silence,0.0,36.59,Silence,0.0,0.0,0.0,0.0,0.0,0.0,0.0,0.0,0.0,0.0,37.09,35.27,34.65,-108,8.8
2026-07-31 17:32:58,Pasillo Decanato Civil,36.94,Silence,0.0,37.45,Silence,0.0,0.0,0.0,0.0,0.0,0.0,0.0,0.0,0.0,0.0,37.41,36.95,36.24,-106,9.8
2026-07-31 17:34:12,Salón - Extremo Eléctrica,16.95,Silence,0.0,17.67,Silence,0.0,0.0,0.0,0.0,0.0,0.0,0.0,0.0,0.0,0.0,17.54,17.2,16.16,-95,12.8
2026-07-31 17:34:19,Laboratorios Eléctrica Superior,40.16,Silence,0.0,40.84,Silence,0.0,0.0,0.0,0.0,0.0,0.0,0.0,0.0,0.0,0.0,40.91,40.11,39.62,-102,11.5
2026-07-31 17:34:36,Salón - Uma Civil,36.7,Silence,0.0,38.32,Silence,0.0,0.0,0.0,0.0,0.0,0.0,0.0,0.0,0.0,0.0,38.16,36.57,35.82,-105,10.8
2026-07-31 17:34:38,Pasillo Decanato Eléctrica,23.49,Silence,0.0,24.24,Silence,0.0,0.0,0.0,0.0,0.0,0.0,0.0,0.0,0.0,0.0,24.01,23.49,22.81,-115,2.8
2026-07-31 17:35:05,Laboratorios Civil Central,52.44,Group 1 (Common),97.87,53.32,Group 1 (Common),52.47,0.0,0.0,0.0,0.0,97.87,1.48,0.0,0.09,0.43,53.36,52.31,51.18,-105,12.8
2026-07-31 17:35:10,Laboratorios Eléctrica Inferior,48.29,Mixed,58.59,49.19,Group 5 (Vehicle),48.46,0.0,0.0,0.0,48.63,35.42,4.3,0.22,1.3,58.59,49.17,48.18,47.57,-120,-3.2
2026-07-31 17:35:19,Lobby Eléctrica,33.07,Silence,0.0,34.02,Silence,0.0,0.0,0.0,0.0,0.0,0.0,0.0,0.0,0.0,0.0,34.36,32.92,32.36,-93,12.2
2026-07-31 17:35:22,Laboratorios Civil Inferior,39.9,Silence,0.0,41.04,Silence,0.0,0.0,0.0,0.0,0.0,0.0,0.0,0.0,0.0,0.0,41.38,39.79,38.62,-120,-12.8
2026-07-31 17:35:28,Pasillo Salones Eléctrica,32.52,Silence,0.0,33.31,Silence,0.0,0.0,0.0,0.0,0.0,0.0,0.0,0.0,0.0,0.0,33.69,32.19,31.74,-101,12.2
2026-07-31 17:35:38,Salón - Uma Eléctrica,43.55,Silence,0.0,44.46,Silence,0.0,0.0,0.0,0.0,0.0,0.0,0.0,0.0,0.0,0.0,44.32,43.24,42.62,-117,5.8
2026-07-31 17:36:05,Salón - Extremo Civil,20.06,Silence,0.0,21.25,Silence,0.0,0.0,0.0,0.0,0.0,0.0,0.0,0.0,0.0,0.0,21.4,19.97,19.04,-103,11.5
2026-07-31 17:36:09,Pasillo Salones Civil,37.78,Silence,0.0,38.46,Silence,0.0,0.0,0.0,0.0,0.0,0.0,0.0,0.0,0.0,0.0,38.38,37.85,36.95,-110,5.2
2026-07-31 17:36:21,Laboratorios Civil Superior,44.94,Silence,0.0,45.87,Silence,0.0,0.0,0.0,0.0,0.0,0.0,0.0,0.0,0.0,0.0,45.82,44.96,43.52,-114,
2026-07-31 17:36:31,Laboratorios Eléctrica Centro,46.47,Mixed,67.62,47.42,Group 5 (Vehicle),45.91,47.17,0.0,0.0,46.65,16.49,10.5,4.51,0.74,67.62,47.27,46.21,45.65,-104,4.8
2026-07-31 17:37:50,Lobby Civil,55.91,Group 5 (Vehicle),90.93,57.17,Group 5 (Vehicle),54.25,0.0,0.0,0.0,56.08,5.6,0.17,0.17,3.17,90.93,56.97,56.14,54.77,-95,12.8
2026-07-31 17:37:58,Pasillo Decanato Civil,37.0,Silence,0.0,39.0,Silence,0.0,0.0,0.0,0.0,0.0,0.0,0.0,0.0,0.0,0.0,38.42,36.79,34.83,-113,4.5
2026-07-31 17:39:12,Salón - Extremo Eléctrica,17.37,Silence,0.0,18.31,Silence,0.0,0.0,0.0,0.0,0.0,0.0,0.0,0.0,0.0,0.0,18.16,17.33,15.95,-93,13.8
2026-07-31 17:39:19,Laboratorios Eléctrica Superior,40.68,Silence,0.0,42.86,Silence,0.0,0.0,0.0,0.0,0.0,0.0,0.0,0.0,0.0,0.0,41.82,40.63,40.11,-102,11.0
2026-07-31 17:39:36,Salón - Uma Civil,36.59,Silence,0.0,38.69,Silence,0.0,0.0,0.0,0.0,0.0,0.0,0.0,0.0,0.0,0.0,38.45,36.19,34.4,-114,5.8
2026-07-31 17:39:38,Pasillo Decanato Eléctrica,23.75,Silence,0.0,24.71,Silence,0.0,0.0,0.0,0.0,0.0,0.0,0.0,0.0,0.0,0.0,25.04,23.08,22.68,-113,6.8
2026-07-31 17:40:05,Laboratorios Civil Central,51.45,Group 1 (Common),89.15,52.3,Group 1 (Common),51.47,0.0,0.0,0.0,0.0,89.15,1.3,0.0,0.35,9.29,52.09,51.56,49.79,-111,9.0
2026-07-31 17:40:10,Laboratorios Eléctrica Inferior,48.13,Mixed,54.6,48.99,Group 5 (Vehicle),48.32,0.0,0.0,0.0,48.5,44.27,0.35,0.04,0.56,54.6,48.82,48.12,47.51,-118,-4.0
2026-07-31 17:40:19,Lobby Eléctrica,41.82,Silence,0.0,46.17,Silence,0.0,0.0,0.0,0.0,0.0,0.0,0.0,0.0,0.0,0.0,47.26,40.05,34.72,-93,12.8
2026-07-31 17:40:28,Pasillo Salones Eléctrica,31.88,Silence,0.0,32.79,Silence,0.0,0.0,0.0,0.0,0.0,0.0,0.0,0.0,0.0,0.0,32.73,31.96,31.01,-103,12.0
2026-07-31 17:40:38,Salón - Uma Eléctrica,43.2,Silence,0.0,44.55,Silence,0.0,0.0,0.0,0.0,0.0,0.0,0.0,0.0,0.0,0.0,44.41,43.06,42.46,-108,9.0
2026-07-31 17:41:16,Salón - Extremo Civil,23.5,Silence,0.0,29.57,Silence,0.0,0.0,0.0,0.0,0.0,0.0,0.0,0.0,0.0,0.0,28.06,21.17,19.57,-97,12.0
2026-07-31 17:41:16,Pasillo Salones Civil,38.07,Silence,0.0,39.11,Silence,0.0,0.0,0.0,0.0,0.0,0.0,0.0,0.0,0.0,0.0,39.18,37.81,37.31,-99,11.2
2026-07-31 17:41:21,Laboratorios Civil Superior,45.34,Group 1 (Common),90.8,46.05,Group 1 (Common),45.45,0.0,0.0,0.0,0.0,90.8,0.04,0.0,0.0,9.07,46.12,45.18,44.4,-113,5.5
2026-07-31 17:41:31,Laboratorios Eléctrica Centro,46.29,Group 5 (Vehicle),73.39,46.82,Group 5 (Vehicle),46.41,0.0,46.24,0.0,46.32,8.85,0.43,17.23,0.09,73.39,46.98,46.4,45.26,-105,8.8
2026-07-31 17:42:50,Lobby Civil,35.29,Silence,0.0,37.11,Silence,0.0,0.0,0.0,0.0,0.0,0.0,0.0,0.0,0.0,0.0,37.13,35.54,33.09,-91,13.0
2026-07-31 17:42:58,Pasillo Decanato Civil,35.83,Silence,0.0,37.86,Silence,0.0,0.0,0.0,0.0,0.0,0.0,0.0,0.0,0.0,0.0,37.45,35.62,34.39,-115,5.8
2026-07-31 17:44:12,Salón - Extremo Eléctrica,16.64,Silence,0.0,17.31,Silence,0.0,0.0,0.0,0.0,0.0,0.0,0.0,0.0,0.0,0.0,17.2,16.78,15.45,-93,14.2
2026-07-31 17:44:19,Laboratorios Eléctrica Superior,40.06,Silence,0.0,40.85,Silence,0.0,0.0,0.0,0.0,0.0,0.0,0.0,0.0,0.0,0.0,40.98,40.02,38.9,-105,12.5
2026-07-31 17:44:36,Salón - Uma Civil,36.9,Silence,0.0,37.89,Silence,0.0,0.0,0.0,0.0,0.0,0.0,0.0,0.0,0.0,0.0,37.83,36.55,35.97,-114,2.5
2026-07-31 17:44:38,Pasillo Decanato Eléctrica,23.57,Silence,0.0,24.37,Silence,0.0,0.0,0.0,0.0,0.0,0.0,0.0,0.0,0.0,0.0,24.37,23.46,22.86,-120,-10.5
2026-07-31 17:45:05,Laboratorios Civil Central,51.42,Group 1 (Common),86.07,53.15,Group 1 (Common),51.75,0.0,0.0,0.0,0.0,86.07,0.65,0.0,0.22,13.06,52.4,51.28,50.92,-118,-7.8
2026-07-31 17:45:10,Laboratorios Eléctrica Inferior,48.1,Mixed,44.14,48.86,Group 1 (Common),48.32,0.0,0.0,0.0,48.4,43.1,9.33,0.0,3.56,44.14,48.84,47.94,47.2,-119,-4.8
2026-07-31 17:45:22,Laboratorios Civil Inferior,40.43,Silence,0.0,41.51,Silence,0.0,0.0,0.0,0.0,0.0,0.0,0.0,0.0,0.0,0.0,41.58,40.42,39.15,-121,-10.5
2026-07-31 17:45:28,Pasillo Salones Eléctrica,32.63,Silence,0.0,33.2,Silence,0.0,0.0,0.0,0.0,0.0,0.0,0.0,0.0,0.0,0.0,33.31,32.74,31.72,-96,8.2
2026-07-31 17:45:38,Salón - Uma Eléctrica,42.52,Silence,0.0,43.16,Silence,0.0,0.0,0.0,0.0,0.0,0.0,0.0,0.0,0.0,0.0,43.25,42.47,41.84,-115,1.5
2026-07-31 17:46:05,Salón - Extremo Civil,21.57,Silence,0.0,22.31,Silence,0.0,0.0,0.0,0.0,0.0,0.0,0.0,0.0,0.0,0.0,22.66,21.46,20.81,-87,13.2
2026-07-31 17:46:09,Pasillo Salones Civil,37.81,Silence,0.0,38.49,Silence,0.0,0.0,0.0,0.0,0.0,0.0,0.0,0.0,0.0,0.0,38.54,37.66,37.07,-113,7.5
2026-07-31 17:46:33,Laboratorios Civil Superior,45.54,Group 1 (Common),73.52,46.37,Group 1 (Common),45.72,0.0,0.0,0.0,45.62,73.52,1.13,0.0,0.52,24.78,46.63,45.39,44.88,-109,4.2
2026-07-31 17:46:33,Laboratorios Eléctrica Centro,46.27,Mixed,67.32,47.21,Group 5 (Vehicle),0.0,0.0,46.33,0.0,46.34,7.51,0.22,24.74,0.04,67.32,47.03,46.1,45.41,-120,-4.8
2026-07-31 17:47:50,Lobby Civil,48.68,Group 2 (Impact),83.85,50.9,Group 2 (Impact),50.03,49.06,0.0,0.0,0.0,5.08,83.85,0.0,8.77,2.26,51.14,48.36,46.47,-111,5.0
2026-07-31 17:47:58,Pasillo Decanato Civil,35.28,Silence,0.0,36.53,Silence,0.0,0.0,0.0,0.0,0.0,0.0,0.0,0.0,0.0,0.0,36.79,35.37,33.47,-99,13.0
2026-07-31 17:49:12,Salón - Extremo Eléctrica,16.71,Silence,0.0,17.54,Silence,0.0,0.0,0.0,0.0,0.0,0.0,0.0,0.0,0.0,0.0,17.56,16.59,15.64,-95,13.2
2026-07-31 17:49:19,Laboratorios Eléctrica Superior,40.01,Silence,0.0,41.03,Silence,0.0,0.0,0.0,0.0,0.0,0.0,0.0,0.0,0.0,0.0,41.06,39.82,39.21,-119,-10.0
2026-07-31 17:49:36,Salón - Uma Civil,36.99,Silence,0.0,38.17,Silence,0.0,0.0,0.0,0.0,0.0,0.0,0.0,0.0,0.0,0.0,37.97,37.4,35.66,-114,6.0
2026-07-31 17:49:38,Pasillo Decanato Eléctrica,23.31,Silence,0.0,24.27,Silence,0.0,0.0,0.0,0.0,0.0,0.0,0.0,0.0,0.0,0.0,24.35,23.29,22.16,-109,10.2
2026-07-31 17:50:05,Laboratorios Civil Central,52.36,Group 1 (Common),95.88,53.59,Group 1 (Common),52.24,0.0,0.0,0.0,0.0,95.88,2.34,0.0,0.17,1.69,53.9,52.19,50.27,-117,-10.8
2026-07-31 17:50:10,Laboratorios Eléctrica Inferior,48.57,Mixed,66.71,49.37,Group 5 (Vehicle),47.84,0.0,0.0,0.0,48.71,32.51,0.35,0.0,0.43,66.71,49.57,48.62,47.03,-120,-9.5
2026-07-31 17:50:20,Lobby Eléctrica,32.67,Silence,0.0,33.63,Silence,0.0,0.0,0.0,0.0,0.0,0.0,0.0,0.0,0.0,0.0,33.73,32.73,31.03,-91,12.2
2026-07-31 17:50:22,Laboratorios Civil Inferior,39.97,Silence,0.0,40.68,Silence,0.0,0.0,0.0,0.0,0.0,0.0,0.0,0.0,0.0,0.0,40.37,40.17,39.06,-119,-11.8
2026-07-31 17:50:28,Pasillo Salones Eléctrica,32.31,Silence,0.0,33.09,Silence,0.0,0.0,0.0,0.0,0.0,0.0,0.0,0.0,0.0,0.0,33.36,32.02,31.78,-102,12.2
2026-07-31 17:50:38,Salón - Uma Eléctrica,42.59,Silence,0.0,43.24,Silence,0.0,0.0,0.0,0.0,0.0,0.0,0.0,0.0,0.0,0.0,43.14,42.72,41.66,-111,7.5
2026-07-31 17:51:05,Salón - Extremo Civil,27.95,Silence,0.0,29.76,Silence,0.0,0.0,0.0,0.0,0.0,0.0,0.0,0.0,0.0,0.0,30.35,27.08,25.41,-101,9.5
2026-07-31 17:51:09,Pasillo Salones Civil,43.17,Silence,0.0,44.45,Silence,0.0,0.0,0.0,0.0,0.0,0.0,0.0,0.0,0.0,0.0,45.26,42.53,41.2,-103,11.0
2026-07-31 17:51:21,Laboratorios Civil Superior,44.0,Silence,0.0,44.99,Silence,0.0,0.0,0.0,0.0,0.0,0.0,0.0,0.0,0.0,0.0,44.88,43.89,43.2,-100,10.5
2026-07-31 17:51:31,Laboratorios Eléctrica Centro,67.8,Group 5 (Vehicle),96.44,72.02,Group 5 (Vehicle),0.0,0.0,0.0,0.0,67.39,0.2,0.39,2.39,0.73,96.44,72.9,61.49,50.8,-100,12.2
2026-07-31 17:52:50,Lobby Civil,47.32,Group 1 (Common),82.25,48.56,Group 1 (Common),47.14,0.0,0.0,0.0,0.0,82.25,15.32,1.3,0.61,0.52,48.56,47.09,46.36,-102,12.2
2026-07-31 17:52:58,Pasillo Decanato Civil,36.34,Silence,0.0,38.01,Silence,0.0,0.0,0.0,0.0,0.0,0.0,0.0,0.0,0.0,0.0,38.1,36.09,34.21,-113,4.2
2026-07-31 17:54:12,Salón - Extremo Eléctrica,22.32,Silence,0.0,23.36,Silence,0.0,0.0,0.0,0.0,0.0,0.0,0.0,0.0,0.0,0.0,23.33,21.95,21.03,-91,12.8
2026-07-31 17:54:19,Laboratorios Eléctrica Superior,39.73,Silence,0.0,40.62,Silence,0.0,0.0,0.0,0.0,0.0,0.0,0.0,0.0,0.0,0.0,40.29,39.76,39.06,-118,-7.8
2026-07-31 17:54:36,Salón - Uma Civil,38.29,Silence,0.0,39.53,Silence,0.0,0.0,0.0,0.0,0.0,0.0,0.0,0.0,0.0,0.0,39.32,37.98,37.2,-109,7.8
2026-07-31 17:54:38,Pasillo Decanato Eléctrica,23.95,Silence,0.0,25.12,Silence,0.0,0.0,0.0,0.0,0.0,0.0,0.0,0.0,0.0,0.0,25.15,23.72,22.08,-117,-11.8
2026-07-31 17:55:05,Laboratorios Civil Central,52.98,Group 1 (Common),94.92,54.26,Group 1 (Common),53.27,0.0,0.0,0.0,0.0,94.92,0.35,0.0,0.09,4.6,54.37,52.8,51.03,-118,-11.5
2026-07-31 17:55:10,Laboratorios Eléctrica Inferior,48.55,Mixed,50.56,49.74,Group 1 (Common),48.95,0.0,0.0,0.0,48.55,50.56,1.3,0.09,0.87,47.01,49.47,48.42,46.97,-117,-0.2
2026-07-31 17:55:19,Lobby Eléctrica,35.3,Silence,0.0,36.24,Silence,0.0,0.0,0.0,0.0,0.0,0.0,0.0,0.0,0.0,0.0,36.09,35.34,34.11,-99,11.5
2026-07-31 17:55:22,Laboratorios Civil Inferior,40.66,Silence,0.0,41.46,Silence,0.0,0.0,0.0,0.0,0.0,0.0,0.0,0.0,0.0,0.0,41.23,40.57,40.21,-117,-3.5
2026-07-31 17:55:28,Pasillo Salones Eléctrica,32.79,Silence,0.0,33.67,Silence,0.0,0.0,0.0,0.0,0.0,0.0,0.0,0.0,0.0,0.0,33.65,32.77,31.84,-103,12.0
2026-07-31 17:55:38,Salón - Uma Eléctrica,42.51,Silence,0.0,43.43,Silence,0.0,0.0,0.0,0.0,0.0,0.0,0.0,0.0,0.0,0.0,43.28,42.17,41.79,-108,9.5
2026-07-31 17:56:05,Salón - Extremo Civil,20.54,Silence,0.0,21.75,Silence,0.0,0.0,0.0,0.0,0.0,0.0,0.0,0.0,0.0,0.0,21.67,20.27,19.83,-101,8.0
2026-07-31 17:56:09,Pasillo Salones Civil,38.24,Silence,0.0,38.71,Silence,0.0,0.0,0.0,0.0,0.0,0.0,0.0,0.0,0.0,0.0,38.8,38.23,37.58,-113,3.2
2026-07-31 17:56:21,Laboratorios Civil Superior,47.9,Group 1 (Common),94.97,48.64,Group 1 (Common),47.83,0.0,0.0,0.0,0.0,94.97,1.04,0.0,0.04,3.95,48.51,47.86,47.2,-101,11.0
2026-07-31 17:56:31,Laboratorios Eléctrica Centro,46.63,Mixed,60.55,47.34,Group 5 (Vehicle),46.37,0.0,46.06,0.0,46.93,7.81,3.81,27.69,0.0,60.55,47.25,46.51,45.75,-118,-9.0
2026-07-31 17:57:50,Lobby Civil,36.17,Silence,0.0,39.17,Silence,0.0,0.0,0.0,0.0,0.0,0.0,0.0,0.0,0.0,0.0,36.81,36.2,35.47,-109,9.0
2026-07-31 17:57:58,Pasillo Decanato Civil,25.51,Silence,0.0,32.89,Silence,0.0,0.0,0.0,0.0,0.0,0.0,0.0,0.0,0.0,0.0,34.44,20.44,19.69,-114,4.5
2026-07-31 17:59:12,Salón - Extremo Eléctrica,16.58,Silence,0.0,17.62,Silence,0.0,0.0,0.0,0.0,0.0,0.0,0.0,0.0,0.0,0.0,17.76,16.31,15.88,-97,11.2
2026-07-31 17:59:19,Laboratorios Eléctrica Superior,41.63,Silence,0.0,43.17,Silence,0.0,0.0,0.0,0.0,0.0,0.0,0.0,0.0,0.0,0.0,43.25,41.0,39.7,-118,-6.0
2026-07-31 17:59:36,Salón - Uma Civil,37.17,Silence,0.0,38.19,Silence,0.0,0.0,0.0,0.0,0.0,0.0,0.0,0.0,0.0,0.0,38.47,37.22,35.94,-105,10.5
2026-07-31 17:59:38,Pasillo Decanato Eléctrica,23.05,Silence,0.0,24.23,Silence,0.0,0.0,0.0,0.0,0.0,0.0,0.0,0.0,0.0,0.0,24.04,23.14,21.06,-115,-3.2
2026-07-31 18:00:05,Laboratorios Civil Central,52.24,Group 1 (Common),95.17,53.31,Group 1 (Common),52.25,0.0,0.0,0.0,0.0,95.17,0.49,0.0,0.1,4.2,53.01,52.12,51.25,-102,12.0
2026-07-31 18:00:10,Laboratorios Eléctrica Inferior,47.85,Mixed,52.04,48.48,Group 5 (Vehicle),47.85,0.0,0.0,0.0,48.25,52.04,5.47,0.04,1.22,41.15,48.58,47.71,47.18,-120,-8.8
2026-07-31 18:00:20,Lobby Eléctrica,36.66,Silence,0.0,39.44,Silence,0.0,0.0,0.0,0.0,0.0,0.0,0.0,0.0,0.0,0.0,38.88,35.97,33.94,-117,1.0
2026-07-31 18:00:22,Laboratorios Civil Inferior,38.76,Silence,0.0,39.47,Silence,0.0,0.0,0.0,0.0,0.0,0.0,0.0,0.0,0.0,0.0,39.76,38.42,37.74,-117,
2026-07-31 18:00:28,Pasillo Salones Eléctrica,32.97,Silence,0.0,33.88,Silence,0.0,0.0,0.0,0.0,0.0,0.0,0.0,0.0,0.0,0.0,34.09,32.91,31.98,-115,
2026-07-31 18:00:38,Salón - Uma Eléctrica,42.48,Silence,0.0,43.08,Silence,0.0,0.0,0.0,0.0,0.0,0.0,0.0,0.0,0.0,0.0,42.76,42.55,41.76,-107,8.5
2026-07-31 18:01:05,Salón - Extremo Civil,23.95,Silence,0.0,30.6,Silence,0.0,0.0,0.0,0.0,0.0,0.0,0.0,0.0,0.0,0.0,32.21,20.71,19.21,-87,12.2
2026-07-31 18:01:09,Pasillo Salones Civil,51.01,Group 1 (Common),81.73,55.13,Group 1 (Common),51.66,0.0,0.0,0.0,0.0,81.73,6.73,0.13,2.17,9.2,56.51,48.76,44.73,-114,0.8
2026-07-31 18:01:21,Laboratorios Civil Superior,45.19,Group 1 (Common),86.24,45.83,Group 1 (Common),45.15,0.0,0.0,0.0,0.0,86.24,0.52,0.52,0.26,12.41,45.9,45.25,44.01,-113,6.2
2026-07-31 18:01:31,Laboratorios Eléctrica Centro,46.9,Group 5 (Vehicle),87.54,47.61,Group 5 (Vehicle),0.0,0.0,46.67,0.0,47.03,0.65,0.0,11.81,0.0,87.54,47.5,46.83,46.4,-102,12.0
2026-07-31 18:02:50,Lobby Civil,36.1,Silence,0.0,37.91,Silence,0.0,0.0,0.0,0.0,0.0,0.0,0.0,0.0,0.0,0.0,37.91,35.37,34.81,-88,11.5
2026-07-31 18:02:58,Pasillo Decanato Civil,21.38,Silence,0.0,24.12,Silence,0.0,0.0,0.0,0.0,0.0,0.0,0.0,0.0,0.0,0.0,25.48,20.94,19.09,-97,12.5
2026-07-31 18:04:12,Salón - Extremo Eléctrica,17.35,Silence,0.0,18.16,Silence,0.0,0.0,0.0,0.0,0.0,0.0,0.0,0.0,0.0,0.0,18.52,17.29,16.61,-111,6.5
2026-07-31 18:04:19,Laboratorios Eléctrica Superior,40.46,Silence,0.0,41.79,Silence,0.0,0.0,0.0,0.0,0.0,0.0,0.0,0.0,0.0,0.0,41.68,40.17,39.46,-101,10.8
2026-07-31 18:04:36,Salón - Uma Civil,36.39,Silence,0.0,37.63,Silence,0.0,0.0,0.0,0.0,0.0,0.0,0.0,0.0,0.0,0.0,37.34,36.06,35.49,-113,8.2
2026-07-31 18:04:39,Pasillo Decanato Eléctrica,23.31,Silence,0.0,24.35,Silence,0.0,0.0,0.0,0.0,0.0,0.0,0.0,0.0,0.0,0.0,24.28,23.21,22.11,-112,0.8
2026-07-31 18:05:05,Laboratorios Civil Central,52.26,Group 1 (Common),94.82,54.27,Group 1 (Common),52.68,0.0,0.0,0.0,0.0,94.82,0.44,0.0,0.39,4.44,53.55,52.18,51.46,-105,12.0
2026-07-31 18:05:10,Laboratorios Eléctrica Inferior,48.06,Mixed,43.85,48.9,Group 1 (Common),48.06,47.83,0.0,0.0,48.11,31.54,22.22,0.29,2.05,43.85,48.85,48.06,47.02,-118,-5.5
2026-07-31 18:05:20,Lobby Eléctrica,31.88,Silence,0.0,32.87,Silence,0.0,0.0,0.0,0.0,0.0,0.0,0.0,0.0,0.0,0.0,33.05,32.11,30.55,-91,12.0
2026-07-31 18:05:22,Laboratorios Civil Inferior,40.4,Silence,0.0,41.66,Silence,0.0,0.0,0.0,0.0,0.0,0.0,0.0,0.0,0.0,0.0,41.28,40.37,39.22,-117,-7.0
2026-07-31 18:05:28,Pasillo Salones Eléctrica,32.2,Silence,0.0,32.95,Silence,0.0,0.0,0.0,0.0,0.0,0.0,0.0,0.0,0.0,0.0,33.04,32.07,31.57,-100,11.0
2026-07-31 18:05:38,Salón - Uma Eléctrica,43.06,Silence,0.0,43.72,Silence,0.0,0.0,0.0,0.0,0.0,0.0,0.0,0.0,0.0,0.0,43.61,43.13,41.98,-106,8.8
2026-07-31 18:06:05,Salón - Extremo Civil,22.48,Silence,0.0,24.48,Silence,0.0,0.0,0.0,0.0,0.0,0.0,0.0,0.0,0.0,0.0,24.69,22.45,21.15,-107,11.8
2026-07-31 18:06:09,Pasillo Salones Civil,41.13,Silence,0.0,42.26,Silence,0.0,0.0,0.0,0.0,0.0,0.0,0.0,0.0,0.0,0.0,42.04,41.06,40.22,-103,12.0
2026-07-31 18:06:21,Laboratorios Civil Superior,44.78,Silence,0.0,45.6,Silence,0.0,0.0,0.0,0.0,0.0,0.0,0.0,0.0,0.0,0.0,45.5,44.67,44.2,-107,9.5
2026-07-31 18:06:31,Laboratorios Eléctrica Centro,46.19,Group 5 (Vehicle),81.38,47.02,Group 5 (Vehicle),0.0,0.0,46.45,0.0,46.32,2.56,0.04,16.02,0.0,81.38,46.99,46.22,45.03,-105,10.8
2026-07-31 18:08:02,Lobby Civil,35.92,Silence,0.0,36.61,Silence,0.0,0.0,0.0,0.0,0.0,0.0,0.0,0.0,0.0,0.0,36.65,36.09,35.03,-103,12.5
2026-07-31 18:08:02,Pasillo Decanato Civil,20.64,Silence,0.0,21.77,Silence,0.0,0.0,0.0,0.0,0.0,0.0,0.0,0.0,0.0,0.0,21.48,20.64,19.99,-112,4.8
2026-07-31 18:09:12,Salón - Extremo Eléctrica,17.16,Silence,0.0,17.83,Silence,0.0,0.0,0.0,0.0,0.0,0.0,0.0,0.0,0.0,0.0,17.99,17.16,16.62,-91,13.0
2026-07-31 18:09:19,Laboratorios Eléctrica Superior,40.07,Silence,0.0,40.89,Silence,0.0,0.0,0.0,0.0,0.0,0.0,0.0,0.0,0.0,0.0,40.99,40.04,38.97,-101,12.0
2026-07-31 18:09:36,Salón - Uma Civil,36.02,Silence,0.0,38.41,Silence,0.0,0.0,0.0,0.0,0.0,0.0,0.0,0.0,0.0,0.0,37.63,35.7,34.88,-111,8.0
2026-07-31 18:09:39,Pasillo Decanato Eléctrica,22.98,Silence,0.0,24.08,Silence,0.0,0.0,0.0,0.0,0.0,0.0,0.0,0.0,0.0,0.0,24.08,23.12,21.96,-111,4.5
2026-07-31 18:10:05,Laboratorios Civil Central,51.96,Group 1 (Common),96.18,53.91,Group 1 (Common),52.23,0.0,0.0,0.0,0.0,96.18,0.43,0.0,0.09,3.34,54.09,52.15,49.84,-117,-8.8
2026-07-31 18:10:10,Laboratorios Eléctrica Inferior,47.78,Mixed,66.5,48.92,Group 1 (Common),48.38,0.0,0.0,0.0,48.24,29.3,2.29,0.05,1.71,66.5,48.64,47.75,46.71,-119,-8.5
2026-07-31 18:10:20,Lobby Eléctrica,31.34,Silence,0.0,32.1,Silence,0.0,0.0,0.0,0.0,0.0,0.0,0.0,0.0,0.0,0.0,31.97,31.35,30.61,-115,0.5
2026-07-31 18:10:22,Laboratorios Civil Inferior,39.32,Silence,0.0,40.0,Silence,0.0,0.0,0.0,0.0,0.0,0.0,0.0,0.0,0.0,0.0,40.11,39.22,38.44,-116,-0.5
2026-07-31 18:10:28,Pasillo Salones Eléctrica,32.67,Silence,0.0,33.4,Silence,0.0,0.0,0.0,0.0,0.0,0.0,0.0,0.0,0.0,0.0,33.44,32.78,31.62,-109,10.8
2026-07-31 18:10:38,Salón - Uma Eléctrica,43.39,Silence,0.0,44.27,Silence,0.0,0.0,0.0,0.0,0.0,0.0,0.0,0.0,0.0,0.0,44.52,43.25,42.61,-112,5.2
2026-07-31 18:11:05,Salón - Extremo Civil,19.09,Silence,0.0,19.71,Silence,0.0,0.0,0.0,0.0,0.0,0.0,0.0,0.0,0.0,0.0,19.71,19.1,18.28,-85,13.2
2026-07-31 18:11:09,Pasillo Salones Civil,37.03,Silence,0.0,37.79,Silence,0.0,0.0,0.0,0.0,0.0,0.0,0.0,0.0,0.0,0.0,37.76,36.87,36.63,-103,8.8
2026-07-31 18:11:21,Laboratorios Civil Superior,44.97,Silence,0.0,45.98,Silence,0.0,0.0,0.0,0.0,0.0,0.0,0.0,0.0,0.0,0.0,45.96,44.81,43.68,-107,11.0
2026-07-31 18:11:31,Laboratorios Eléctrica Centro,46.26,Group 5 (Vehicle),82.81,47.15,Group 5 (Vehicle),0.0,0.0,46.16,0.0,46.36,1.78,1.09,14.32,0.04,82.81,46.88,46.28,45.7,-100,11.2
2026-07-31 18:12:50,Lobby Civil,42.66,Silence,0.0,43.49,Silence,0.0,0.0,0.0,0.0,0.0,0.0,0.0,0.0,0.0,0.0,43.22,42.66,41.32,-109,8.0
2026-07-31 18:12:58,Pasillo Decanato Civil,21.7,Silence,0.0,22.66,Silence,0.0,0.0,0.0,0.0,0.0,0.0,0.0,0.0,0.0,0.0,22.82,21.47,20.83,-114,3.0
2026-07-31 18:14:12,Salón - Extremo Eléctrica,16.76,Silence,0.0,17.63,Silence,0.0,0.0,0.0,0.0,0.0,0.0,0.0,0.0,0.0,0.0,17.86,16.47,15.66,-111,7.5
2026-07-31 18:14:19,Laboratorios Eléctrica Superior,39.91,Silence,0.0,40.58,Silence,0.0,0.0,0.0,0.0,0.0,0.0,0.0,0.0,0.0,0.0,40.71,39.82,39.13,-101,11.2
2026-07-31 18:14:36,Salón - Uma Civil,37.2,Silence,0.0,38.47,Silence,0.0,0.0,0.0,0.0,0.0,0.0,0.0,0.0,0.0,0.0,38.3,37.62,35.31,-113,5.8
2026-07-31 18:14:39,Pasillo Decanato Eléctrica,23.23,Silence,0.0,24.21,Silence,0.0,0.0,0.0,0.0,0.0,0.0,0.0,0.0,0.0,0.0,24.14,22.97,22.01,-108,10.0
2026-07-31 18:15:05,Laboratorios Civil Central,53.12,Group 1 (Common),95.1,54.46,Group 1 (Common),53.26,0.0,0.0,0.0,0.0,95.1,1.04,0.0,0.22,3.6,54.68,53.21,52.0,-111,8.0
2026-07-31 18:15:10,Laboratorios Eléctrica Inferior,48.19,Mixed,58.07,48.85,Group 1 (Common),48.27,0.0,0.0,0.0,48.27,58.07,1.04,0.0,0.52,40.15,48.63,48.43,47.38,-115,3.8
2026-07-31 18:15:20,Lobby Eléctrica,33.01,Silence,0.0,33.81,Silence,0.0,0.0,0.0,0.0,0.0,0.0,0.0,0.0,0.0,0.0,33.8,33.15,31.93,-115,
2026-07-31 18:15:22,Laboratorios Civil Inferior,39.31,Silence,0.0,40.38,Silence,0.0,0.0,0.0,0.0,0.0,0.0,0.0,0.0,0.0,0.0,40.43,39.19,38.4,-119,-11.2
2026-07-31 18:15:28,Pasillo Salones Eléctrica,31.99,Silence,0.0,33.08,Silence,0.0,0.0,0.0,0.0,0.0,0.0,0.0,0.0,0.0,0.0,32.45,31.94,31.37,-99,12.5
2026-07-31 18:15:38,Salón - Uma Eléctrica,43.83,Silence,0.0,44.4,Silence,0.0,0.0,0.0,0.0,0.0,0.0,0.0,0.0,0.0,0.0,44.27,43.79,42.9,-112,4.2
2026-07-31 18:16:05,Salón - Extremo Civil,19.05,Silence,0.0,19.82,Silence,0.0,0.0,0.0,0.0,0.0,0.0,0.0,0.0,0.0,0.0,20.21,18.84,18.27,-102,12.0
2026-07-31 18:16:09,Pasillo Salones Civil,36.95,Silence,0.0,37.61,Silence,0.0,0.0,0.0,0.0,0.0,0.0,0.0,0.0,0.0,0.0,37.85,36.93,36.25,-103,9.8
2026-07-31 18:16:21,Laboratorios Civil Superior,44.74,Silence,0.0,45.38,Silence,0.0,0.0,0.0,0.0,0.0,0.0,0.0,0.0,0.0,0.0,45.42,44.74,44.36,-105,11.5
2026-07-31 18:16:31,Laboratorios Eléctrica Centro,46.3,Mixed,68.62,47.19,Group 5 (Vehicle),0.0,0.0,45.96,0.0,46.45,3.13,0.04,27.91,0.13,68.62,46.92,46.47,45.38,-105,10.0
2026-07-31 18:17:50,Lobby Civil,36.38,Silence,0.0,37.45,Silence,0.0,0.0,0.0,0.0,0.0,0.0,0.0,0.0,0.0,0.0,37.56,36.2,35.36,-103,11.0
2026-07-31 18:17:58,Pasillo Decanato Civil,25.0,Silence,0.0,26.08,Silence,0.0,0.0,0.0,0.0,0.0,0.0,0.0,0.0,0.0,0.0,26.06,24.65,23.88,-113,0.2
2026-07-31 18:19:12,Salón - Extremo Eléctrica,18.4,Silence,0.0,19.13,Silence,0.0,0.0,0.0,0.0,0.0,0.0,0.0,0.0,0.0,0.0,19.1,18.53,17.48,-88,12.8
2026-07-31 18:19:19,Laboratorios Eléctrica Superior,40.23,Silence,0.0,41.03,Silence,0.0,0.0,0.0,0.0,0.0,0.0,0.0,0.0,0.0,0.0,41.19,40.22,39.37,-105,12.0
2026-07-31 18:19:36,Salón - Uma Civil,37.13,Silence,0.0,37.96,Silence,0.0,0.0,0.0,0.0,0.0,0.0,0.0,0.0,0.0,0.0,38.0,37.12,35.98,-103,11.2
2026-07-31 18:19:39,Pasillo Decanato Eléctrica,23.47,Silence,0.0,24.93,Silence,0.0,0.0,0.0,0.0,0.0,0.0,0.0,0.0,0.0,0.0,24.82,23.01,22.22,-103,10.8
2026-07-31 18:20:05,Laboratorios Civil Central,51.48,Group 1 (Common),84.51,52.42,Group 1 (Common),51.35,0.0,0.0,0.0,0.0,84.51,0.87,0.0,0.17,14.32,52.31,51.49,50.56,-103,9.8
2026-07-31 18:20:10,Laboratorios Eléctrica Inferior,48.04,Mixed,51.17,48.71,Group 1 (Common),48.05,0.0,0.0,0.0,48.23,51.17,0.43,0.04,0.26,47.87,48.97,48.03,47.23,-120,3.2
2026-07-31 18:20:20,Lobby Eléctrica,31.18,Silence,0.0,31.89,Silence,0.0,0.0,0.0,0.0,0.0,0.0,0.0,0.0,0.0,0.0,31.96,31.16,30.2,-117,2.2
2026-07-31 18:20:22,Laboratorios Civil Inferior,39.14,Silence,0.0,39.74,Silence,0.0,0.0,0.0,0.0,0.0,0.0,0.0,0.0,0.0,0.0,39.53,39.21,38.45,-119,-10.2
2026-07-31 18:20:28,Pasillo Salones Eléctrica,32.21,Silence,0.0,33.06,Silence,0.0,0.0,0.0,0.0,0.0,0.0,0.0,0.0,0.0,0.0,33.1,32.38,30.63,-101,11.8
2026-07-31 18:20:38,Salón - Uma Eléctrica,43.92,Silence,0.0,44.58,Silence,0.0,0.0,0.0,0.0,0.0,0.0,0.0,0.0,0.0,0.0,44.51,43.87,43.19,-111,7.0
2026-07-31 18:21:05,Salón - Extremo Civil,19.74,Silence,0.0,20.93,Silence,0.0,0.0,0.0,0.0,0.0,0.0,0.0,0.0,0.0,0.0,20.97,19.47,19.07,-84,9.2
2026-07-31 18:21:09,Pasillo Salones Civil,36.91,Silence,0.0,38.31,Silence,0.0,0.0,0.0,0.0,0.0,0.0,0.0,0.0,0.0,0.0,37.33,37.03,35.98,-115,3.8
2026-07-31 18:21:21,Laboratorios Civil Superior,44.34,Silence,0.0,45.12,Silence,0.0,0.0,0.0,0.0,0.0,0.0,0.0,0.0,0.0,0.0,44.97,44.33,43.5,-113,6.0
2026-07-31 18:21:31,Laboratorios Eléctrica Centro,46.09,Group 5 (Vehicle),76.65,47.52,Group 5 (Vehicle),0.0,0.0,46.26,0.0,46.34,1.65,1.13,20.49,0.0,76.65,47.71,45.82,45.38,-105,11.5
2026-07-31 18:22:50,Lobby Civil,42.75,Silence,0.0,43.44,Silence,0.0,0.0,0.0,0.0,0.0,0.0,0.0,0.0,0.0,0.0,43.56,42.75,41.7,-91,9.5
2026-07-31 18:22:58,Pasillo Decanato Civil,29.24,Silence,0.0,30.64,Silence,0.0,0.0,0.0,0.0,0.0,0.0,0.0,0.0,0.0,0.0,30.1,29.43,26.96,-114,4.8
2026-07-31 18:24:15,Salón - Extremo Eléctrica,17.34,Silence,0.0,19.41,Silence,0.0,0.0,0.0,0.0,0.0,0.0,0.0,0.0,0.0,0.0,18.2,17.2,16.58,-99,10.5
2026-07-31 18:24:19,Laboratorios Eléctrica Superior,39.86,Silence,0.0,40.63,Silence,0.0,0.0,0.0,0.0,0.0,0.0,0.0,0.0,0.0,0.0,40.68,39.68,39.3,-101,7.5
2026-07-31 18:24:36,Salón - Uma Civil,36.22,Silence,0.0,37.97,Silence,0.0,0.0,0.0,0.0,0.0,0.0,0.0,0.0,0.0,0.0,37.71,35.9,34.35,-113,8.0
2026-07-31 18:24:39,Pasillo Decanato Eléctrica,23.01,Silence,0.0,23.84,Silence,0.0,0.0,0.0,0.0,0.0,0.0,0.0,0.0,0.0,0.0,23.78,22.97,21.75,-103,10.8
2026-07-31 18:25:05,Laboratorios Civil Central,52.3,Group 1 (Common),80.77,53.66,Group 1 (Common),52.63,0.0,0.0,0.0,52.51,80.77,1.04,0.0,0.17,18.01,53.78,52.16,50.73,-105,12.0
2026-07-31 18:25:10,Laboratorios Eléctrica Inferior,48.21,Mixed,67.1,49.07,Group 1 (Common),48.62,0.0,0.0,0.0,48.08,67.1,6.81,0.0,1.39,24.7,49.17,48.24,47.22,-120,-12.0
2026-07-31 18:25:20,Lobby Eléctrica,33.28,Silence,0.0,34.29,Silence,0.0,0.0,0.0,0.0,0.0,0.0,0.0,0.0,0.0,0.0,34.1,33.36,32.69,-101,8.8
2026-07-31 18:25:22,Laboratorios Civil Inferior,39.9,Silence,0.0,41.71,Silence,0.0,0.0,0.0,0.0,0.0,0.0,0.0,0.0,0.0,0.0,42.15,39.88,38.5,-120,-10.2
2026-07-31 18:25:28,Pasillo Salones Eléctrica,32.44,Silence,0.0,33.47,Silence,0.0,0.0,0.0,0.0,0.0,0.0,0.0,0.0,0.0,0.0,33.53,32.3,31.84,-114,1.2
2026-07-31 18:25:38,Salón - Uma Eléctrica,43.52,Silence,0.0,44.29,Silence,0.0,0.0,0.0,0.0,0.0,0.0,0.0,0.0,0.0,0.0,44.28,43.37,42.61,-112,6.0
2026-07-31 18:26:05,Salón - Extremo Civil,31.55,Silence,0.0,33.87,Silence,0.0,0.0,0.0,0.0,0.0,0.0,0.0,0.0,0.0,0.0,34.83,31.81,27.13,-91,11.5
2026-07-31 18:26:09,Pasillo Salones Civil,38.46,Silence,0.0,39.11,Silence,0.0,0.0,0.0,0.0,0.0,0.0,0.0,0.0,0.0,0.0,39.31,38.53,37.43,-105,5.5
2026-07-31 18:26:21,Laboratorios Civil Superior,44.9,Silence,0.0,45.64,Silence,0.0,0.0,0.0,0.0,0.0,0.0,0.0,0.0,0.0,0.0,45.54,44.9,44.21,-103,11.0
2026-07-31 18:26:31,Laboratorios Eléctrica Centro,46.1,Group 5 (Vehicle),73.96,46.85,Group 5 (Vehicle),0.0,0.0,45.95,0.0,46.08,7.42,1.17,17.36,0.09,73.96,46.78,46.08,44.99,-101,8.2
2026-07-31 18:27:50,Lobby Civil,43.98,Silence,0.0,45.58,Silence,0.0,0.0,0.0,0.0,0.0,0.0,0.0,0.0,0.0,0.0,46.48,43.84,42.46,-101,11.5
2026-07-31 18:27:58,Pasillo Decanato Civil,28.41,Silence,0.0,29.1,Silence,0.0,0.0,0.0,0.0,0.0,0.0,0.0,0.0,0.0,0.0,29.13,28.65,27.69,-97,9.0
2026-07-31 18:29:12,Salón - Extremo Eléctrica,21.0,Silence,0.0,22.24,Silence,0.0,0.0,0.0,0.0,0.0,0.0,0.0,0.0,0.0,0.0,22.16,20.69,20.42,-114,6.2
2026-07-31 18:29:30,Laboratorios Eléctrica Superior,40.53,Silence,0.0,41.99,Silence,0.0,0.0,0.0,0.0,0.0,0.0,0.0,0.0,0.0,0.0,42.12,40.1,39.19,-103,12.2
2026-07-31 18:29:36,Salón - Uma Civil,36.91,Silence,0.0,38.04,Silence,0.0,0.0,0.0,0.0,0.0,0.0,0.0,0.0,0.0,0.0,38.65,36.75,35.97,-117,5.8
2026-07-31 18:29:39,Pasillo Decanato Eléctrica,25.31,Silence,0.0,29.76,Silence,0.0,0.0,0.0,0.0,0.0,0.0,0.0,0.0,0.0,0.0,26.91,25.07,23.93,-105,11.2
2026-07-31 18:30:05,Laboratorios Civil Central,52.77,Group 1 (Common),94.23,53.52,Group 1 (Common),52.55,0.0,0.0,0.0,0.0,94.23,1.48,0.0,0.13,4.17,53.83,52.71,52.25,-111,9.0
2026-07-31 18:30:10,Laboratorios Eléctrica Inferior,47.85,Mixed,52.21,48.86,Group 5 (Vehicle),47.9,0.0,0.0,0.0,48.24,44.1,2.21,0.13,1.22,52.21,49.08,47.82,46.82,-121,-12.2
2026-07-31 18:30:20,Lobby Eléctrica,41.13,Silence,0.0,44.94,Silence,0.0,0.0,0.0,0.0,0.0,0.0,0.0,0.0,0.0,0.0,45.47,41.14,31.92,-91,13.0
2026-07-31 18:30:22,Laboratorios Civil Inferior,39.21,Silence,0.0,40.14,Silence,0.0,0.0,0.0,0.0,0.0,0.0,0.0,0.0,0.0,0.0,40.13,39.27,38.09,-120,-12.8
2026-07-31 18:30:28,Pasillo Salones Eléctrica,32.87,Silence,0.0,33.52,Silence,0.0,0.0,0.0,0.0,0.0,0.0,0.0,0.0,0.0,0.0,33.69,32.88,31.55,-99,12.5
2026-07-31 18:30:38,Salón - Uma Eléctrica,42.46,Silence,0.0,43.04,Silence,0.0,0.0,0.0,0.0,0.0,0.0,0.0,0.0,0.0,0.0,42.98,42.56,41.64,-114,6.5
2026-07-31 18:31:05,Salón - Extremo Civil,19.02,Silence,0.0,20.24,Silence,0.0,0.0,0.0,0.0,0.0,0.0,0.0,0.0,0.0,0.0,20.35,18.68,18.27,-97,12.8
2026-07-31 18:31:09,Pasillo Salones Civil,37.68,Silence,0.0,38.29,Silence,0.0,0.0,0.0,0.0,0.0,0.0,0.0,0.0,0.0,0.0,38.22,37.68,36.94,-109,6.2
2026-07-31 18:31:21,Laboratorios Civil Superior,44.51,Silence,0.0,45.52,Silence,0.0,0.0,0.0,0.0,0.0,0.0,0.0,0.0,0.0,0.0,45.38,44.63,43.74,-113,4.2
2026-07-31 18:31:31,Laboratorios Eléctrica Centro,46.8,Mixed,67.48,47.56,Group 1 (Common),47.04,0.0,0.0,0.0,46.8,19.87,10.84,1.66,0.05,67.48,47.65,46.51,46.18,-103,8.0
2026-07-31 18:32:50,Lobby Civil,47.06,Mixed,69.36,49.71,Group 2 (Impact),0.0,46.58,0.0,0.0,46.92,0.78,69.36,7.38,2.99,19.62,50.2,46.63,45.14,-111,8.5
2026-07-31 18:32:58,Pasillo Decanato Civil,26.02,Silence,0.0,27.26,Silence,0.0,0.0,0.0,0.0,0.0,0.0,0.0,0.0,0.0,0.0,27.27,26.0,24.65,-115,3.8
2026-07-31 18:34:12,Salón - Extremo Eléctrica,29.33,Silence,0.0,33.83,Silence,0.0,0.0,0.0,0.0,0.0,0.0,0.0,0.0,0.0,0.0,34.22,26.54,22.33,-110,2.8
2026-07-31 18:34:19,Laboratorios Eléctrica Superior,39.97,Silence,0.0,40.58,Silence,0.0,0.0,0.0,0.0,0.0,0.0,0.0,0.0,0.0,0.0,40.55,40.09,38.94,-113,2.5
2026-07-31 18:34:36,Salón - Uma Civil,36.31,Silence,0.0,37.3,Silence,0.0,0.0,0.0,0.0,0.0,0.0,0.0,0.0,0.0,0.0,37.22,36.42,35.02,-103,12.0
2026-07-31 18:34:50,Pasillo Decanato Eléctrica,23.4,Silence,0.0,24.64,Silence,0.0,0.0,0.0,0.0,0.0,0.0,0.0,0.0,0.0,0.0,24.58,23.33,22.03,-105,8.5
2026-07-31 18:35:05,Laboratorios Civil Central,51.66,Group 1 (Common),81.51,53.08,Group 1 (Common),51.85,0.0,0.0,0.0,0.0,81.51,0.52,0.0,0.04,17.93,52.81,51.59,50.37,-119,-5.8
2026-07-31 18:35:10,Laboratorios Eléctrica Inferior,54.62,Group 5 (Vehicle),81.9,62.23,Group 5 (Vehicle),48.72,0.0,0.0,0.0,57.97,16.02,1.3,0.0,0.69,81.9,61.48,50.57,48.05,-119,-13.2
2026-07-31 18:35:20,Lobby Eléctrica,38.36,Silence,0.0,41.52,Silence,0.0,0.0,0.0,0.0,0.0,0.0,0.0,0.0,0.0,0.0,42.11,37.67,33.76,-100,11.0
2026-07-31 18:35:22,Laboratorios Civil Inferior,39.04,Silence,0.0,40.05,Silence,0.0,0.0,0.0,0.0,0.0,0.0,0.0,0.0,0.0,0.0,40.37,38.85,38.28,-120,-13.5
2026-07-31 18:35:28,Pasillo Salones Eléctrica,33.28,Silence,0.0,34.62,Silence,0.0,0.0,0.0,0.0,0.0,0.0,0.0,0.0,0.0,0.0,34.55,32.81,32.49,-115,0.8
2026-07-31 18:35:38,Salón - Uma Eléctrica,42.61,Silence,0.0,43.13,Silence,0.0,0.0,0.0,0.0,0.0,0.0,0.0,0.0,0.0,0.0,43.19,42.59,41.97,-114,5.5
2026-07-31 18:36:05,Salón - Extremo Civil,19.75,Silence,0.0,20.4,Silence,0.0,0.0,0.0,0.0,0.0,0.0,0.0,0.0,0.0,0.0,20.4,19.71,18.83,-83,12.8
2026-07-31 18:36:09,Pasillo Salones Civil,37.39,Silence,0.0,38.04,Silence,0.0,0.0,0.0,0.0,0.0,0.0,0.0,0.0,0.0,0.0,37.99,37.33,36.77,-105,1.2
2026-07-31 18:36:22,Laboratorios Civil Superior,44.73,Silence,0.0,45.68,Silence,0.0,0.0,0.0,0.0,0.0,0.0,0.0,0.0,0.0,0.0,45.63,44.83,44.05,-103,12.5
2026-07-31 18:36:31,Laboratorios Eléctrica Centro,61.51,Group 5 (Vehicle),87.16,65.48,Group 5 (Vehicle),0.0,0.0,46.33,0.0,62.18,0.54,0.29,11.52,0.29,87.16,67.28,57.83,46.03,-119,-11.0
2026-07-31 18:37:50,Lobby Civil,41.32,Silence,0.0,45.11,Silence,0.0,0.0,0.0,0.0,0.0,0.0,0.0,0.0,0.0,0.0,45.58,39.91,37.11,-103,11.5
2026-07-31 18:37:58,Pasillo Decanato Civil,28.82,Silence,0.0,29.74,Silence,0.0,0.0,0.0,0.0,0.0,0.0,0.0,0.0,0.0,0.0,29.82,28.94,27.9,-96,12.2
2026-07-31 18:39:12,Salón - Extremo Eléctrica,16.91,Silence,0.0,17.6,Silence,0.0,0.0,0.0,0.0,0.0,0.0,0.0,0.0,0.0,0.0,17.46,17.11,16.24,-95,11.5
2026-07-31 18:39:19,Laboratorios Eléctrica Superior,41.16,Silence,0.0,42.9,Silence,0.0,0.0,0.0,0.0,0.0,0.0,0.0,0.0,0.0,0.0,43.52,40.64,39.91,-119,-2.0
2026-07-31 18:39:36,Salón - Uma Civil,36.3,Silence,0.0,37.61,Silence,0.0,0.0,0.0,0.0,0.0,0.0,0.0,0.0,0.0,0.0,37.99,35.94,35.39,-121,-8.5
2026-07-31 18:39:39,Pasillo Decanato Eléctrica,23.73,Silence,0.0,24.62,Silence,0.0,0.0,0.0,0.0,0.0,0.0,0.0,0.0,0.0,0.0,24.77,23.62,23.15,-105,10.8
2026-07-31 18:40:08,Laboratorios Civil Central,55.14,Group 1 (Common),94.24,57.93,Group 1 (Common),55.08,0.0,0.0,0.0,0.0,94.24,2.0,0.0,0.49,3.42,57.76,54.69,52.78,-101,11.0
2026-07-31 18:40:10,Laboratorios Eléctrica Inferior,49.18,Mixed,47.05,50.32,Group 2 (Impact),48.57,49.81,0.0,0.0,48.92,31.03,18.49,0.87,2.47,47.05,50.29,49.56,47.55,-119,-3.5
2026-07-31 18:40:20,Lobby Eléctrica,38.17,Silence,0.0,39.67,Silence,0.0,0.0,0.0,0.0,0.0,0.0,0.0,0.0,0.0,0.0,39.55,38.22,36.24,-117,1.2
2026-07-31 18:40:22,Laboratorios Civil Inferior,39.91,Silence,0.0,41.14,Silence,0.0,0.0,0.0,0.0,0.0,0.0,0.0,0.0,0.0,0.0,41.12,39.46,38.61,-119,-5.5
2026-07-31 18:40:28,Pasillo Salones Eléctrica,32.26,Silence,0.0,32.95,Silence,0.0,0.0,0.0,0.0,0.0,0.0,0.0,0.0,0.0,0.0,33.18,32.09,31.48,-96,11.2
2026-07-31 18:40:38,Salón - Uma Eléctrica,43.41,Silence,0.0,44.15,Silence,0.0,0.0,0.0,0.0,0.0,0.0,0.0,0.0,0.0,0.0,43.88,43.54,42.45,-113,6.2
2026-07-31 18:41:05,Salón - Extremo Civil,19.18,Silence,0.0,20.05,Silence,0.0,0.0,0.0,0.0,0.0,0.0,0.0,0.0,0.0,0.0,20.12,19.04,18.42,-105,10.8
2026-07-31 18:41:09,Pasillo Salones Civil,36.92,Silence,0.0,37.86,Silence,0.0,0.0,0.0,0.0,0.0,0.0,0.0,0.0,0.0,0.0,37.63,36.65,36.29,-102,12.0
2026-07-31 18:41:21,Laboratorios Civil Superior,54.66,Group 1 (Common),86.28,61.01,Group 1 (Common),56.92,0.0,52.73,0.0,0.0,86.28,0.52,11.15,0.0,1.87,60.32,52.47,49.94,-107,10.2
2026-07-31 18:41:31,Laboratorios Eléctrica Centro,46.48,Group 5 (Vehicle),87.89,47.08,Group 5 (Vehicle),0.0,0.0,0.0,0.0,46.35,3.6,0.0,8.55,0.0,87.89,47.27,46.46,45.71,-101,11.5
2026-07-31 18:42:50,Lobby Civil,41.32,Silence,0.0,42.68,Silence,0.0,0.0,0.0,0.0,0.0,0.0,0.0,0.0,0.0,0.0,42.96,41.13,40.33,-101,8.2
2026-07-31 18:42:58,Pasillo Decanato Civil,23.71,Silence,0.0,27.19,Silence,0.0,0.0,0.0,0.0,0.0,0.0,0.0,0.0,0.0,0.0,25.72,23.46,22.66,-114,6.0
2026-07-31 18:44:12,Salón - Extremo Eléctrica,16.94,Silence,0.0,17.28,Silence,0.0,0.0,0.0,0.0,0.0,0.0,0.0,0.0,0.0,0.0,17.39,16.89,16.72,-114,3.2
2026-07-31 18:44:19,Laboratorios Eléctrica Superior,39.95,Silence,0.0,40.71,Silence,0.0,0.0,0.0,0.0,0.0,0.0,0.0,0.0,0.0,0.0,40.77,39.67,38.93,-101,11.2
2026-07-31 18:44:36,Salón - Uma Civil,36.77,Silence,0.0,38.5,Silence,0.0,0.0,0.0,0.0,0.0,0.0,0.0,0.0,0.0,0.0,38.52,36.73,35.22,-113,7.2
2026-07-31 18:44:39,Pasillo Decanato Eléctrica,23.58,Silence,0.0,24.66,Silence,0.0,0.0,0.0,0.0,0.0,0.0,0.0,0.0,0.0,0.0,25.19,23.4,22.56,-107,11.2
2026-07-31 18:45:05,Laboratorios Civil Central,52.74,Group 1 (Common),88.18,54.1,Group 1 (Common),52.93,0.0,0.0,0.0,0.0,88.18,0.63,0.0,0.15,11.04,54.01,52.6,51.22,-102,11.0
2026-07-31 18:45:10,Laboratorios Eléctrica Inferior,48.2,Mixed,54.35,48.88,Group 5 (Vehicle),48.18,0.0,0.0,0.0,48.27,54.35,0.54,0.0,0.49,44.53,49.1,48.26,46.86,-114,1.5
2026-07-31 18:45:24,Lobby Eléctrica,31.58,Silence,0.0,32.89,Silence,0.0,0.0,0.0,0.0,0.0,0.0,0.0,0.0,0.0,0.0,33.15,31.79,29.78,-93,12.5
2026-07-31 18:45:24,Laboratorios Civil Inferior,38.89,Silence,0.0,39.85,Silence,0.0,0.0,0.0,0.0,0.0,0.0,0.0,0.0,0.0,0.0,39.84,38.68,38.0,-120,-6.2
2026-07-31 18:45:28,Pasillo Salones Eléctrica,32.21,Silence,0.0,32.88,Silence,0.0,0.0,0.0,0.0,0.0,0.0,0.0,0.0,0.0,0.0,32.83,32.29,31.22,-102,11.5
2026-07-31 18:45:38,Salón - Uma Eléctrica,42.71,Silence,0.0,43.16,Silence,0.0,0.0,0.0,0.0,0.0,0.0,0.0,0.0,0.0,0.0,43.48,42.48,41.91,-112,5.5
2026-07-31 18:46:05,Salón - Extremo Civil,19.35,Silence,0.0,19.84,Silence,0.0,0.0,0.0,0.0,0.0,0.0,0.0,0.0,0.0,0.0,19.63,19.37,19.1,-119,-13.5
2026-07-31 18:46:09,Pasillo Salones Civil,38.29,Silence,0.0,39.04,Silence,0.0,0.0,0.0,0.0,0.0,0.0,0.0,0.0,0.0,0.0,39.01,38.12,37.65,-109,9.0
2026-07-31 18:46:22,Laboratorios Civil Superior,44.8,Silence,0.0,45.52,Silence,0.0,0.0,0.0,0.0,0.0,0.0,0.0,0.0,0.0,0.0,45.74,44.84,43.49,-103,11.5
2026-07-31 18:46:31,Laboratorios Eléctrica Centro,46.58,Group 5 (Vehicle),75.0,47.19,Group 5 (Vehicle),0.0,46.57,46.46,0.0,46.46,1.65,4.12,19.31,0.0,75.0,47.1,46.66,45.91,-107,10.8
2026-07-31 18:47:50,Lobby Civil,37.81,Silence,0.0,39.5,Silence,0.0,0.0,0.0,0.0,0.0,0.0,0.0,0.0,0.0,0.0,39.66,37.63,35.43,-101,12.2
2026-07-31 18:47:58,Pasillo Decanato Civil,35.24,Silence,0.0,38.66,Silence,0.0,0.0,0.0,0.0,0.0,0.0,0.0,0.0,0.0,0.0,41.19,33.67,29.09,-97,11.8
2026-07-31 18:49:12,Salón - Extremo Eléctrica,17.65,Silence,0.0,18.48,Silence,0.0,0.0,0.0,0.0,0.0,0.0,0.0,0.0,0.0,0.0,18.6,17.5,17.01,-95,13.2
2026-07-31 18:49:19,Laboratorios Eléctrica Superior,40.33,Silence,0.0,41.43,Silence,0.0,0.0,0.0,0.0,0.0,0.0,0.0,0.0,0.0,0.0,41.1,40.25,39.42,-115,-4.5
2026-07-31 18:49:36,Salón - Uma Civil,36.94,Silence,0.0,37.91,Silence,0.0,0.0,0.0,0.0,0.0,0.0,0.0,0.0,0.0,0.0,38.28,36.71,36.17,-108,8.5
2026-07-31 18:49:39,Pasillo Decanato Eléctrica,22.97,Silence,0.0,23.62,Silence,0.0,0.0,0.0,0.0,0.0,0.0,0.0,0.0,0.0,0.0,23.47,22.86,22.48,-103,10.8
2026-07-31 18:50:05,Laboratorios Civil Central,51.16,Group 1 (Common),78.47,52.15,Group 1 (Common),51.27,0.0,0.0,0.0,0.0,78.47,1.91,0.0,0.39,19.31,52.02,51.2,49.95,-119,-7.0
2026-07-31 18:50:10,Laboratorios Eléctrica Inferior,47.9,Mixed,65.92,48.53,Group 5 (Vehicle),47.76,0.0,0.0,0.0,47.94,27.29,3.71,0.05,2.88,65.92,48.81,47.67,47.27,-111,7.5
2026-07-31 18:50:20,Lobby Eléctrica,38.47,Silence,0.0,43.24,Silence,0.0,0.0,0.0,0.0,0.0,0.0,0.0,0.0,0.0,0.0,40.78,37.79,37.18,-103,11.8
2026-07-31 18:50:22,Laboratorios Civil Inferior,39.12,Silence,0.0,40.28,Silence,0.0,0.0,0.0,0.0,0.0,0.0,0.0,0.0,0.0,0.0,40.18,38.82,37.96,-120,-11.2
2026-07-31 18:50:28,Pasillo Salones Eléctrica,32.86,Silence,0.0,34.04,Silence,0.0,0.0,0.0,0.0,0.0,0.0,0.0,0.0,0.0,0.0,34.34,32.58,31.77,-113,0.8
2026-07-31 18:50:41,Salón - Uma Eléctrica,43.28,Silence,0.0,43.94,Silence,0.0,0.0,0.0,0.0,0.0,0.0,0.0,0.0,0.0,0.0,43.74,43.22,42.94,-113,5.0
2026-07-31 18:51:05,Salón - Extremo Civil,22.86,Silence,0.0,26.82,Silence,0.0,0.0,0.0,0.0,0.0,0.0,0.0,0.0,0.0,0.0,26.45,22.68,19.48,-99,10.8
2026-07-31 18:51:09,Pasillo Salones Civil,39.44,Silence,0.0,40.78,Silence,0.0,0.0,0.0,0.0,0.0,0.0,0.0,0.0,0.0,0.0,41.4,39.51,37.69,-115,4.8
2026-07-31 18:51:22,Laboratorios Civil Superior,44.86,Silence,0.0,45.34,Silence,0.0,0.0,0.0,0.0,0.0,0.0,0.0,0.0,0.0,0.0,45.35,44.71,44.45,-103,10.0
2026-07-31 18:51:31,Laboratorios Eléctrica Centro,46.49,Group 5 (Vehicle),84.94,47.23,Group 5 (Vehicle),0.0,0.0,0.0,0.0,46.53,1.74,0.13,13.11,0.0,84.94,47.26,46.36,45.74,-118,-10.5
2026-07-31 18:52:50,Lobby Civil,39.99,Silence,0.0,41.44,Silence,0.0,0.0,0.0,0.0,0.0,0.0,0.0,0.0,0.0,0.0,41.84,39.18,38.37,-108,7.5
2026-07-31 18:52:58,Pasillo Decanato Civil,27.89,Silence,0.0,29.17,Silence,0.0,0.0,0.0,0.0,0.0,0.0,0.0,0.0,0.0,0.0,29.18,27.79,26.21,-111,6.8
2026-07-31 18:54:12,Salón - Extremo Eléctrica,18.38,Silence,0.0,20.69,Silence,0.0,0.0,0.0,0.0,0.0,0.0,0.0,0.0,0.0,0.0,19.4,18.4,16.55,-115,2.5
2026-07-31 18:54:19,Laboratorios Eléctrica Superior,40.28,Silence,0.0,41.28,Silence,0.0,0.0,0.0,0.0,0.0,0.0,0.0,0.0,0.0,0.0,41.03,40.52,39.53,-103,11.5
2026-07-31 18:54:36,Salón - Uma Civil,37.12,Silence,0.0,39.04,Silence,0.0,0.0,0.0,0.0,0.0,0.0,0.0,0.0,0.0,0.0,39.41,36.51,36.08,-107,7.5
2026-07-31 18:54:39,Pasillo Decanato Eléctrica,49.53,Mixed,69.49,50.14,Group 2 (Impact),0.0,49.39,0.0,0.0,49.86,0.0,69.49,9.42,0.91,20.1,50.13,49.63,48.11,-107,10.2
2026-07-31 18:55:05,Laboratorios Civil Central,52.04,Group 1 (Common),83.59,52.96,Group 1 (Common),52.02,0.0,0.0,0.0,0.0,83.59,1.22,0.0,0.26,14.89,52.98,52.19,50.61,-109,10.2
2026-07-31 18:55:10,Laboratorios Eléctrica Inferior,47.7,Mixed,64.5,48.86,Group 1 (Common),48.12,0.0,0.0,0.0,47.9,64.5,5.82,0.0,2.0,27.6,48.76,47.59,46.57,-118,-7.2
2026-07-31 18:55:20,Lobby Eléctrica,35.46,Silence,0.0,37.37,Silence,0.0,0.0,0.0,0.0,0.0,0.0,0.0,0.0,0.0,0.0,38.36,35.3,33.7,-119,0.8
2026-07-31 18:55:22,Laboratorios Civil Inferior,39.76,Silence,0.0,40.3,Silence,0.0,0.0,0.0,0.0,0.0,0.0,0.0,0.0,0.0,0.0,40.19,39.99,39.05,-117,-2.5
2026-07-31 18:55:28,Pasillo Salones Eléctrica,33.39,Silence,0.0,33.93,Silence,0.0,0.0,0.0,0.0,0.0,0.0,0.0,0.0,0.0,0.0,33.83,33.37,32.54,-99,11.8
2026-07-31 18:55:38,Salón - Uma Eléctrica,43.38,Silence,0.0,43.87,Silence,0.0,0.0,0.0,0.0,0.0,0.0,0.0,0.0,0.0,0.0,43.91,43.39,42.43,-113,5.0
2026-07-31 18:56:05,Salón - Extremo Civil,19.8,Silence,0.0,21.06,Silence,0.0,0.0,0.0,0.0,0.0,0.0,0.0,0.0,0.0,0.0,21.48,19.9,18.41,-87,14.2
2026-07-31 18:56:18,Pasillo Salones Civil,49.0,Mixed,63.37,54.4,Group 5 (Vehicle),0.0,46.76,0.0,0.0,52.88,0.13,63.37,0.35,0.78,35.42,54.63,45.66,39.32,-103,11.5
2026-07-31 18:56:22,Laboratorios Civil Superior,44.45,Silence,0.0,45.48,Silence,0.0,0.0,0.0,0.0,0.0,0.0,0.0,0.0,0.0,0.0,45.56,44.3,43.36,-114,2.8
2026-07-31 18:56:31,Laboratorios Eléctrica Centro,46.41,Group 5 (Vehicle),81.08,47.2,Group 5 (Vehicle),0.0,45.25,0.0,0.0,46.52,3.17,4.77,10.94,0.04,81.08,47.18,46.52,45.75,-105,11.2
2026-07-31 18:57:50,Lobby Civil,40.65,Silence,0.0,41.66,Silence,0.0,0.0,0.0,0.0,0.0,0.0,0.0,0.0,0.0,0.0,41.93,40.69,39.37,-111,8.2
2026-07-31 18:57:58,Pasillo Decanato Civil,27.84,Silence,0.0,28.8,Silence,0.0,0.0,0.0,0.0,0.0,0.0,0.0,0.0,0.0,0.0,28.75,27.85,26.03,-92,12.0
2026-07-31 18:59:12,Salón - Extremo Eléctrica,19.18,Silence,0.0,20.13,Silence,0.0,0.0,0.0,0.0,0.0,0.0,0.0,0.0,0.0,0.0,20.04,18.97,18.07,-113,3.0
2026-07-31 18:59:19,Laboratorios Eléctrica Superior,40.08,Silence,0.0,40.79,Silence,0.0,0.0,0.0,0.0,0.0,0.0,0.0,0.0,0.0,0.0,40.83,39.99,39.2,-101,12.0
2026-07-31 18:59:36,Salón - Uma Civil,36.93,Silence,0.0,38.17,Silence,0.0,0.0,0.0,0.0,0.0,0.0,0.0,0.0,0.0,0.0,38.17,36.58,34.56,-102,6.2
2026-07-31 18:59:39,Pasillo Decanato Eléctrica,23.06,Silence,0.0,23.78,Silence,0.0,0.0,0.0,0.0,0.0,0.0,0.0,0.0,0.0,0.0,23.62,22.93,22.68,-111,7.0
2026-07-31 19:00:05,Laboratorios Civil Central,52.7,Group 1 (Common),92.27,53.76,Group 1 (Common),52.67,0.0,0.0,0.0,0.0,92.27,3.3,0.0,0.48,4.08,54.22,52.91,50.82,-109,9.0
2026-07-31 19:00:10,Laboratorios Eléctrica Inferior,48.63,Mixed,64.97,49.46,Group 5 (Vehicle),48.5,0.0,0.0,0.0,48.74,33.33,0.69,0.0,0.91,64.97,49.42,48.73,47.56,-117,0.5
2026-07-31 19:00:20,Lobby Eléctrica,32.83,Silence,0.0,33.62,Silence,0.0,0.0,0.0,0.0,0.0,0.0,0.0,0.0,0.0,0.0,33.67,32.89,32.08,-117,1.0
2026-07-31 19:00:23,Laboratorios Civil Inferior,41.18,Silence,0.0,41.88,Silence,0.0,0.0,0.0,0.0,0.0,0.0,0.0,0.0,0.0,0.0,42.12,40.97,39.98,-119,-5.2
2026-07-31 19:00:28,Pasillo Salones Eléctrica,32.88,Silence,0.0,33.47,Silence,0.0,0.0,0.0,0.0,0.0,0.0,0.0,0.0,0.0,0.0,33.49,32.91,32.16,-96,11.8
2026-07-31 19:00:38,Salón - Uma Eléctrica,43.7,Silence,0.0,44.38,Silence,0.0,0.0,0.0,0.0,0.0,0.0,0.0,0.0,0.0,0.0,44.38,43.81,42.52,-114,4.5
2026-07-31 19:01:05,Salón - Extremo Civil,19.34,Silence,0.0,22.01,Silence,0.0,0.0,0.0,0.0,0.0,0.0,0.0,0.0,0.0,0.0,20.44,19.17,18.57,-93,10.2
2026-07-31 19:01:09,Pasillo Salones Civil,37.63,Silence,0.0,38.31,Silence,0.0,0.0,0.0,0.0,0.0,0.0,0.0,0.0,0.0,0.0,38.3,37.62,37.02,-105,10.8
2026-07-31 19:01:22,Laboratorios Civil Superior,45.24,Group 1 (Common),91.84,45.98,Group 1 (Common),45.3,0.0,0.0,0.0,0.0,91.84,0.69,0.0,0.26,7.29,46.03,45.28,44.15,-111,5.5
2026-07-31 19:01:35,Laboratorios Eléctrica Centro,46.29,Group 5 (Vehicle),92.06,47.45,Group 5 (Vehicle),0.0,0.0,0.0,0.0,46.72,1.04,1.3,5.51,0.0,92.06,47.24,46.4,44.97,-105,6.8
2026-07-31 19:02:50,Lobby Civil,52.78,Group 2 (Impact),74.7,56.83,Group 1 (Common),55.87,53.25,0.0,0.0,0.0,22.44,74.7,0.0,2.95,0.0,55.78,52.73,50.01,-91,13.0
2026-07-31 19:02:58,Pasillo Decanato Civil,22.49,Silence,0.0,23.29,Silence,0.0,0.0,0.0,0.0,0.0,0.0,0.0,0.0,0.0,0.0,22.95,22.47,21.44,-94,11.8
2026-07-31 19:04:12,Salón - Extremo Eléctrica,18.16,Silence,0.0,18.89,Silence,0.0,0.0,0.0,0.0,0.0,0.0,0.0,0.0,0.0,0.0,18.69,18.21,17.44,-109,6.8
2026-07-31 19:04:19,Laboratorios Eléctrica Superior,39.96,Silence,0.0,40.77,Silence,0.0,0.0,0.0,0.0,0.0,0.0,0.0,0.0,0.0,0.0,40.8,39.85,39.61,-119,-10.2
2026-07-31 19:04:36,Salón - Uma Civil,37.18,Silence,0.0,38.61,Silence,0.0,0.0,0.0,0.0,0.0,0.0,0.0,0.0,0.0,0.0,39.13,36.95,35.87,-115,6.2
2026-07-31 19:04:39,Pasillo Decanato Eléctrica,24.06,Silence,0.0,24.71,Silence,0.0,0.0,0.0,0.0,0.0,0.0,0.0,0.0,0.0,0.0,24.4,24.19,23.4,-113,-1.8
2026-07-31 19:05:05,Laboratorios Civil Central,52.47,Group 1 (Common),95.18,54.02,Group 1 (Common),52.53,0.0,0.0,0.0,0.0,95.18,0.91,0.0,0.17,3.73,54.17,52.57,50.71,-103,12.8
2026-07-31 19:05:10,Laboratorios Eléctrica Inferior,48.72,Mixed,56.81,49.54,Group 1 (Common),48.83,0.0,0.0,0.0,48.52,40.76,0.91,0.04,1.48,56.81,49.86,48.4,47.92,-120,-6.2
2026-07-31 19:05:20,Lobby Eléctrica,33.56,Silence,0.0,36.01,Silence,0.0,0.0,0.0,0.0,0.0,0.0,0.0,0.0,0.0,0.0,36.69,33.1,31.83,-103,11.8
2026-07-31 19:05:22,Laboratorios Civil Inferior,39.93,Silence,0.0,41.01,Silence,0.0,0.0,0.0,0.0,0.0,0.0,0.0,0.0,0.0,0.0,40.43,40.01,39.08,-112,-6.2
2026-07-31 19:05:28,Pasillo Salones Eléctrica,32.98,Silence,0.0,33.63,Silence,0.0,0.0,0.0,0.0,0.0,0.0,0.0,0.0,0.0,0.0,33.75,32.9,32.14,-97,11.5
2026-07-31 19:05:38,Salón - Uma Eléctrica,43.44,Silence,0.0,44.81,Silence,0.0,0.0,0.0,0.0,0.0,0.0,0.0,0.0,0.0,0.0,44.7,43.04,42.45,-111,6.8
2026-07-31 19:06:05,Salón - Extremo Civil,27.5,Silence,0.0,31.16,Silence,0.0,0.0,0.0,0.0,0.0,0.0,0.0,0.0,0.0,0.0,32.09,26.73,22.99,-103,11.2
2026-07-31 19:06:09,Pasillo Salones Civil,37.8,Silence,0.0,38.61,Silence,0.0,0.0,0.0,0.0,0.0,0.0,0.0,0.0,0.0,0.0,38.67,37.76,36.34,-103,11.8
2026-07-31 19:06:22,Laboratorios Civil Superior,47.79,Group 1 (Common),83.12,48.45,Group 1 (Common),47.84,0.0,0.0,0.0,0.0,83.12,1.35,0.09,1.04,14.5,48.35,47.83,47.21,-107,10.5
2026-07-31 19:06:31,Laboratorios Eléctrica Centro,46.04,Group 5 (Vehicle),90.93,47.05,Group 5 (Vehicle),0.0,0.0,0.0,0.0,46.22,5.08,0.04,3.99,0.0,90.93,47.06,46.12,45.49,-103,11.2
2026-07-31 19:07:50,Lobby Civil,52.24,Mixed,34.77,53.16,Group 4 (Person),51.75,52.6,0.0,52.56,52.61,34.77,32.42,0.74,19.57,12.46,53.01,52.42,50.3,-109,8.8
2026-07-31 19:07:58,Pasillo Decanato Civil,22.8,Silence,0.0,23.63,Silence,0.0,0.0,0.0,0.0,0.0,0.0,0.0,0.0,0.0,0.0,23.87,22.58,21.92,-102,9.0
2026-07-31 19:09:12,Salón - Extremo Eléctrica,16.93,Silence,0.0,17.6,Silence,0.0,0.0,0.0,0.0,0.0,0.0,0.0,0.0,0.0,0.0,17.38,17.06,15.87,-89,12.0
2026-07-31 19:09:19,Laboratorios Eléctrica Superior,40.2,Silence,0.0,41.09,Silence,0.0,0.0,0.0,0.0,0.0,0.0,0.0,0.0,0.0,0.0,41.22,40.38,38.44,-112,3.2
2026-07-31 19:09:36,Salón - Uma Civil,37.12,Silence,0.0,38.42,Silence,0.0,0.0,0.0,0.0,0.0,0.0,0.0,0.0,0.0,0.0,38.54,36.78,35.59,-119,-8.5
2026-07-31 19:09:39,Pasillo Decanato Eléctrica,22.63,Silence,0.0,23.23,Silence,0.0,0.0,0.0,0.0,0.0,0.0,0.0,0.0,0.0,0.0,23.34,22.59,22.0,-114,4.5
2026-07-31 19:10:05,Laboratorios Civil Central,52.33,Group 1 (Common),93.71,53.44,Group 1 (Common),52.48,0.0,0.0,0.0,0.0,93.71,1.43,0.0,0.3,4.64,53.4,52.23,51.41,-120,-7.5
2026-07-31 19:10:10,Laboratorios Eléctrica Inferior,48.34,Group 5 (Vehicle),70.36,49.1,Group 5 (Vehicle),48.47,0.0,0.0,0.0,48.55,28.86,0.26,0.04,0.39,70.36,49.12,48.31,47.19,-115,0.8
2026-07-31 19:10:20,Lobby Eléctrica,31.45,Silence,0.0,32.51,Silence,0.0,0.0,0.0,0.0,0.0,0.0,0.0,0.0,0.0,0.0,32.19,31.2,30.81,-99,12.5
2026-07-31 19:10:23,Laboratorios Civil Inferior,40.46,Silence,0.0,41.46,Silence,0.0,0.0,0.0,0.0,0.0,0.0,0.0,0.0,0.0,0.0,41.97,40.13,39.87,-121,-8.5
2026-07-31 19:10:28,Pasillo Salones Eléctrica,32.92,Silence,0.0,33.79,Silence,0.0,0.0,0.0,0.0,0.0,0.0,0.0,0.0,0.0,0.0,33.79,32.63,32.09,-117,2.0
2026-07-31 19:10:38,Salón - Uma Eléctrica,43.34,Silence,0.0,43.95,Silence,0.0,0.0,0.0,0.0,0.0,0.0,0.0,0.0,0.0,0.0,43.81,43.25,42.76,-108,9.5
2026-07-31 19:11:05,Salón - Extremo Civil,20.94,Silence,0.0,21.85,Silence,0.0,0.0,0.0,0.0,0.0,0.0,0.0,0.0,0.0,0.0,22.02,20.86,20.18,-87,13.5
2026-07-31 19:11:09,Pasillo Salones Civil,36.83,Silence,0.0,37.62,Silence,0.0,0.0,0.0,0.0,0.0,0.0,0.0,0.0,0.0,0.0,37.48,36.82,36.14,-103,12.5
2026-07-31 19:11:22,Laboratorios Civil Superior,45.1,Group 1 (Common),93.66,45.79,Group 1 (Common),45.23,0.0,0.0,0.0,0.0,93.66,0.56,0.0,0.09,5.6,46.06,45.07,44.5,-112,4.5
2026-07-31 19:11:31,Laboratorios Eléctrica Centro,45.99,Group 5 (Vehicle),88.98,47.16,Group 5 (Vehicle),0.0,0.0,0.0,0.0,46.02,1.95,0.22,8.85,0.0,88.98,47.79,45.94,44.83,-101,11.5
2026-07-31 19:12:50,Lobby Civil,41.02,Silence,0.0,43.1,Silence,0.0,0.0,0.0,0.0,0.0,0.0,0.0,0.0,0.0,0.0,43.93,40.54,38.31,-93,13.0
2026-07-31 19:12:58,Pasillo Decanato Civil,22.08,Silence,0.0,22.64,Silence,0.0,0.0,0.0,0.0,0.0,0.0,0.0,0.0,0.0,0.0,22.99,22.22,21.01,-102,10.0
2026-07-31 19:14:12,Salón - Extremo Eléctrica,17.52,Silence,0.0,18.61,Silence,0.0,0.0,0.0,0.0,0.0,0.0,0.0,0.0,0.0,0.0,18.5,17.26,16.77,-88,9.5
2026-07-31 19:14:19,Laboratorios Eléctrica Superior,40.28,Silence,0.0,40.84,Silence,0.0,0.0,0.0,0.0,0.0,0.0,0.0,0.0,0.0,0.0,41.05,40.05,39.84,-102,11.8
2026-07-31 19:14:36,Salón - Uma Civil,36.61,Silence,0.0,38.38,Silence,0.0,0.0,0.0,0.0,0.0,0.0,0.0,0.0,0.0,0.0,37.93,36.41,35.2,-114,3.2
2026-07-31 19:14:39,Pasillo Decanato Eléctrica,23.38,Silence,0.0,24.48,Silence,0.0,0.0,0.0,0.0,0.0,0.0,0.0,0.0,0.0,0.0,24.42,23.05,22.24,-117,4.0
2026-07-31 19:15:05,Laboratorios Civil Central,63.19,Group 1 (Common),99.61,67.82,Group 1 (Common),63.83,0.0,0.0,0.0,0.0,99.61,0.0,0.0,0.0,0.0,68.04,59.19,56.78,-119,-7.0
2026-07-31 19:15:10,Laboratorios Eléctrica Inferior,47.49,Mixed,55.51,48.38,Group 5 (Vehicle),47.81,0.0,0.0,0.0,47.62,43.19,0.43,0.0,0.74,55.51,48.13,47.61,46.9,-120,-2.8
2026-07-31 19:15:20,Lobby Eléctrica,37.23,Silence,0.0,39.82,Silence,0.0,0.0,0.0,0.0,0.0,0.0,0.0,0.0,0.0,0.0,39.97,35.94,34.75,-102,11.0
2026-07-31 19:15:23,Laboratorios Civil Inferior,40.6,Silence,0.0,41.82,Silence,0.0,0.0,0.0,0.0,0.0,0.0,0.0,0.0,0.0,0.0,41.9,40.44,38.64,-115,0.8
2026-07-31 19:15:28,Pasillo Salones Eléctrica,33.0,Silence,0.0,34.1,Silence,0.0,0.0,0.0,0.0,0.0,0.0,0.0,0.0,0.0,0.0,34.93,33.18,31.22,-117,1.2
2026-07-31 19:15:38,Salón - Uma Eléctrica,43.49,Silence,0.0,44.18,Silence,0.0,0.0,0.0,0.0,0.0,0.0,0.0,0.0,0.0,0.0,44.37,43.43,42.63,-119,-11.5
2026-07-31 19:16:05,Salón - Extremo Civil,21.16,Silence,0.0,22.42,Silence,0.0,0.0,0.0,0.0,0.0,0.0,0.0,0.0,0.0,0.0,21.86,21.1,20.21,-105,11.5
2026-07-31 19:16:09,Pasillo Salones Civil,38.45,Silence,0.0,39.23,Silence,0.0,0.0,0.0,0.0,0.0,0.0,0.0,0.0,0.0,0.0,39.43,38.3,37.02,-97,12.2
2026-07-31 19:16:22,Laboratorios Civil Superior,50.57,Group 1 (Common),74.18,52.2,Group 2 (Impact),50.39,52.4,50.94,0.0,0.0,74.18,7.16,12.93,1.17,4.56,51.64,50.26,49.41,-115,2.0
2026-07-31 19:16:31,Laboratorios Eléctrica Centro,45.59,Mixed,64.63,46.27,Group 5 (Vehicle),0.0,0.0,45.51,0.0,45.6,5.64,0.43,29.21,0.0,64.63,45.92,45.73,44.68,-102,10.8
2026-07-31 19:17:50,Lobby Civil,52.0,Mixed,55.21,53.71,Group 2 (Impact),50.86,52.77,0.0,0.0,0.0,29.64,55.21,0.09,4.47,10.63,54.52,51.45,48.6,-93,13.5
2026-07-31 19:18:05,Pasillo Decanato Civil,23.69,Silence,0.0,25.01,Silence,0.0,0.0,0.0,0.0,0.0,0.0,0.0,0.0,0.0,0.0,24.72,23.69,22.34,-96,11.8
2026-07-31 19:19:12,Salón - Extremo Eléctrica,18.34,Silence,0.0,19.12,Silence,0.0,0.0,0.0,0.0,0.0,0.0,0.0,0.0,0.0,0.0,18.97,18.41,16.81,-115,3.8
2026-07-31 19:19:19,Laboratorios Eléctrica Superior,40.62,Silence,0.0,41.52,Silence,0.0,0.0,0.0,0.0,0.0,0.0,0.0,0.0,0.0,0.0,41.4,40.48,39.98,-101,8.8
2026-07-31 19:19:36,Salón - Uma Civil,36.37,Silence,0.0,37.85,Silence,0.0,0.0,0.0,0.0,0.0,0.0,0.0,0.0,0.0,0.0,37.79,36.06,35.24,-119,-7.0
2026-07-31 19:19:39,Pasillo Decanato Eléctrica,22.75,Silence,0.0,23.46,Silence,0.0,0.0,0.0,0.0,0.0,0.0,0.0,0.0,0.0,0.0,23.49,22.86,21.86,-108,10.8
2026-07-31 19:20:05,Laboratorios Civil Central,58.36,Group 1 (Common),98.93,60.73,Group 1 (Common),58.78,0.0,0.0,0.0,0.0,98.93,0.05,0.0,0.1,0.63,60.62,57.96,54.34,-102,12.0
2026-07-31 19:20:10,Laboratorios Eléctrica Inferior,48.02,Mixed,53.95,49.33,Group 5 (Vehicle),48.38,0.0,0.0,0.0,48.29,40.28,2.73,0.3,2.65,53.95,48.8,47.64,47.22,-115,3.0
2026-07-31 19:20:20,Lobby Eléctrica,36.01,Silence,0.0,37.32,Silence,0.0,0.0,0.0,0.0,0.0,0.0,0.0,0.0,0.0,0.0,37.53,36.22,34.06,-105,12.2
2026-07-31 19:20:23,Laboratorios Civil Inferior,46.81,Mixed,56.03,47.76,Group 1 (Common),46.93,45.93,0.0,0.0,0.0,39.8,56.03,0.0,2.47,1.52,47.67,47.34,45.43,-115,-7.8
2026-07-31 19:20:28,Pasillo Salones Eléctrica,32.82,Silence,0.0,33.92,Silence,0.0,0.0,0.0,0.0,0.0,0.0,0.0,0.0,0.0,0.0,33.76,32.8,31.9,-115,2.2
2026-07-31 19:20:38,Salón - Uma Eléctrica,43.46,Silence,0.0,44.06,Silence,0.0,0.0,0.0,0.0,0.0,0.0,0.0,0.0,0.0,0.0,44.23,43.32,42.86,-111,7.0
2026-07-31 19:21:05,Salón - Extremo Civil,24.11,Silence,0.0,24.77,Silence,0.0,0.0,0.0,0.0,0.0,0.0,0.0,0.0,0.0,0.0,24.5,24.11,23.68,-85,12.5
2026-07-31 19:21:09,Pasillo Salones Civil,37.41,Silence,0.0,38.16,Silence,0.0,0.0,0.0,0.0,0.0,0.0,0.0,0.0,0.0,0.0,38.1,37.22,36.62,-109,3.0
2026-07-31 19:21:22,Laboratorios Civil Superior,45.53,Group 1 (Common),80.95,46.42,Group 1 (Common),45.69,0.0,0.0,0.0,0.0,80.95,1.61,0.04,0.22,17.27,46.5,45.49,44.83,-101,11.2
2026-07-31 19:21:31,Laboratorios Eléctrica Centro,45.88,Group 5 (Vehicle),74.56,46.41,Group 5 (Vehicle),45.74,0.0,45.98,0.0,45.88,14.45,0.1,10.69,0.15,74.56,46.4,45.81,45.38,-120,-10.5
2026-07-31 19:22:50,Lobby Civil,59.93,Mixed,61.46,60.4,Group 1 (Common),60.1,59.75,0.0,0.0,0.0,15.93,61.46,3.04,8.85,10.72,60.65,59.98,58.27,-108,7.5
2026-07-31 19:22:58,Pasillo Decanato Civil,35.55,Silence,0.0,37.45,Silence,0.0,0.0,0.0,0.0,0.0,0.0,0.0,0.0,0.0,0.0,37.44,34.98,34.36,-103,11.5
2026-07-31 19:24:12,Salón - Extremo Eléctrica,28.76,Silence,0.0,35.63,Silence,0.0,0.0,0.0,0.0,0.0,0.0,0.0,0.0,0.0,0.0,37.37,24.21,20.04,-88,12.2
2026-07-31 19:24:19,Laboratorios Eléctrica Superior,40.39,Silence,0.0,40.98,Silence,0.0,0.0,0.0,0.0,0.0,0.0,0.0,0.0,0.0,0.0,41.0,40.23,39.29,-102,11.5
2026-07-31 19:24:36,Salón - Uma Civil,36.75,Silence,0.0,37.73,Silence,0.0,0.0,0.0,0.0,0.0,0.0,0.0,0.0,0.0,0.0,37.45,36.55,35.91,-105,12.0
2026-07-31 19:24:39,Pasillo Decanato Eléctrica,22.34,Silence,0.0,23.33,Silence,0.0,0.0,0.0,0.0,0.0,0.0,0.0,0.0,0.0,0.0,23.07,22.4,21.46,-113,4.8
2026-07-31 19:25:05,Laboratorios Civil Central,52.69,Group 1 (Common),92.14,53.82,Group 1 (Common),52.28,0.0,0.0,0.0,0.0,92.14,0.73,0.0,0.1,7.08,53.44,52.6,51.34,-119,-5.8
2026-07-31 19:25:10,Laboratorios Eléctrica Inferior,47.96,Mixed,55.81,48.92,Group 5 (Vehicle),47.66,0.0,0.0,0.0,48.58,35.5,6.98,0.0,1.56,55.81,48.95,47.7,47.05,-119,-7.5
2026-07-31 19:25:20,Lobby Eléctrica,33.85,Silence,0.0,35.15,Silence,0.0,0.0,0.0,0.0,0.0,0.0,0.0,0.0,0.0,0.0,35.65,33.78,32.15,-99,11.5
2026-07-31 19:25:23,Laboratorios Civil Inferior,57.88,Mixed,47.48,63.32,Group 1 (Common),59.16,47.82,0.0,0.0,0.0,42.1,47.48,0.3,2.6,7.55,64.43,49.34,44.3,-117,-5.2
2026-07-31 19:25:28,Pasillo Salones Eléctrica,32.58,Silence,0.0,33.41,Silence,0.0,0.0,0.0,0.0,0.0,0.0,0.0,0.0,0.0,0.0,33.61,32.67,31.88,-97,9.0
2026-07-31 19:25:38,Salón - Uma Eléctrica,42.89,Silence,0.0,43.61,Silence,0.0,0.0,0.0,0.0,0.0,0.0,0.0,0.0,0.0,0.0,43.55,42.75,42.21,-109,6.0
2026-07-31 19:26:05,Salón - Extremo Civil,19.63,Silence,0.0,20.29,Silence,0.0,0.0,0.0,0.0,0.0,0.0,0.0,0.0,0.0,0.0,20.18,19.78,18.12,-107,10.5
2026-07-31 19:26:09,Pasillo Salones Civil,37.54,Silence,0.0,38.44,Silence,0.0,0.0,0.0,0.0,0.0,0.0,0.0,0.0,0.0,0.0,38.44,37.43,36.46,-114,5.2
2026-07-31 19:26:22,Laboratorios Civil Superior,45.15,Group 1 (Common),88.37,45.9,Group 1 (Common),45.26,0.0,0.0,0.0,0.0,88.37,0.26,0.0,0.09,11.28,46.4,45.08,44.13,-103,10.8
2026-07-31 19:26:31,Laboratorios Eléctrica Centro,45.75,Group 5 (Vehicle),89.11,46.76,Group 5 (Vehicle),0.0,0.0,0.0,0.0,45.82,9.77,0.13,0.87,0.0,89.11,46.84,45.57,44.78,-111,10.8
2026-07-31 19:27:50,Lobby Civil,46.56,Mixed,66.02,47.7,Group 1 (Common),46.48,0.0,0.0,0.0,0.0,66.02,8.03,0.22,0.39,25.3,48.33,46.24,45.35,-93,13.0
2026-07-31 19:27:58,Pasillo Decanato Civil,27.73,Silence,0.0,28.71,Silence,0.0,0.0,0.0,0.0,0.0,0.0,0.0,0.0,0.0,0.0,28.72,27.53,27.01,-97,12.2
2026-07-31 19:29:12,Salón - Extremo Eléctrica,18.13,Silence,0.0,18.96,Silence,0.0,0.0,0.0,0.0,0.0,0.0,0.0,0.0,0.0,0.0,18.9,18.05,17.39,-113,4.2
2026-07-31 19:29:26,Laboratorios Eléctrica Superior,41.95,Silence,0.0,43.21,Silence,0.0,0.0,0.0,0.0,0.0,0.0,0.0,0.0,0.0,0.0,42.41,41.88,41.39,-105,11.5
2026-07-31 19:29:36,Salón - Uma Civil,37.58,Silence,0.0,39.06,Silence,0.0,0.0,0.0,0.0,0.0,0.0,0.0,0.0,0.0,0.0,39.07,37.12,35.24,-105,9.0
2026-07-31 19:29:39,Pasillo Decanato Eléctrica,23.14,Silence,0.0,24.15,Silence,0.0,0.0,0.0,0.0,0.0,0.0,0.0,0.0,0.0,0.0,24.43,23.45,21.72,-110,5.5
2026-07-31 19:30:05,Laboratorios Civil Central,52.5,Group 1 (Common),88.93,54.03,Group 1 (Common),52.56,0.0,0.0,0.0,0.0,88.93,0.39,0.0,0.04,10.59,53.35,52.94,50.77,-105,8.5
2026-07-31 19:30:11,Laboratorios Eléctrica Inferior,48.34,Mixed,50.44,49.03,Group 1 (Common),48.61,0.0,0.0,0.0,48.53,43.8,4.59,0.0,1.03,50.44,48.94,48.47,47.21,-120,-7.0
2026-07-31 19:30:20,Lobby Eléctrica,34.31,Silence,0.0,36.23,Silence,0.0,0.0,0.0,0.0,0.0,0.0,0.0,0.0,0.0,0.0,36.17,34.73,32.13,-91,9.2
2026-07-31 19:30:23,Laboratorios Civil Inferior,39.6,Silence,0.0,40.51,Silence,0.0,0.0,0.0,0.0,0.0,0.0,0.0,0.0,0.0,0.0,40.32,39.9,38.36,-118,-4.5
2026-07-31 19:30:28,Pasillo Salones Eléctrica,33.6,Silence,0.0,35.04,Silence,0.0,0.0,0.0,0.0,0.0,0.0,0.0,0.0,0.0,0.0,35.27,33.3,32.24,-113,0.8
2026-07-31 19:30:38,Salón - Uma Eléctrica,49.41,Group 2 (Impact),73.13,51.85,Group 2 (Impact),0.0,50.12,0.0,0.0,49.95,0.3,73.13,0.04,0.48,25.87,51.17,49.09,47.75,-111,8.0
2026-07-31 19:31:05,Salón - Extremo Civil,20.15,Silence,0.0,21.09,Silence,0.0,0.0,0.0,0.0,0.0,0.0,0.0,0.0,0.0,0.0,21.31,20.24,19.18,-99,13.8
2026-07-31 19:31:09,Pasillo Salones Civil,38.14,Silence,0.0,38.69,Silence,0.0,0.0,0.0,0.0,0.0,0.0,0.0,0.0,0.0,0.0,38.68,38.06,37.45,-111,5.0
2026-07-31 19:31:22,Laboratorios Civil Superior,46.03,Group 1 (Common),97.9,46.83,Group 1 (Common),46.15,0.0,0.0,0.0,0.0,97.9,0.49,0.0,0.05,1.56,46.57,46.07,45.16,-113,4.5
2026-07-31 19:31:31,Laboratorios Eléctrica Centro,46.07,Group 5 (Vehicle),81.64,46.73,Group 5 (Vehicle),0.0,0.0,45.65,0.0,45.96,3.73,0.35,14.24,0.0,81.64,47.15,45.79,45.02,-103,12.0
2026-07-31 19:32:50,Lobby Civil,39.6,Silence,0.0,40.8,Silence,0.0,0.0,0.0,0.0,0.0,0.0,0.0,0.0,0.0,0.0,40.72,39.9,37.27,-100,11.0
2026-07-31 19:32:58,Pasillo Decanato Civil,27.36,Silence,0.0,28.56,Silence,0.0,0.0,0.0,0.0,0.0,0.0,0.0,0.0,0.0,0.0,28.73,27.11,26.1,-102,8.5
2026-07-31 19:34:12,Salón - Extremo Eléctrica,18.47,Silence,0.0,19.2,Silence,0.0,0.0,0.0,0.0,0.0,0.0,0.0,0.0,0.0,0.0,19.2,18.43,17.81,-95,13.8
2026-07-31 19:34:19,Laboratorios Eléctrica Superior,40.4,Silence,0.0,41.46,Silence,0.0,0.0,0.0,0.0,0.0,0.0,0.0,0.0,0.0,0.0,41.35,40.46,39.19,-99,12.0
2026-07-31 19:34:37,Salón - Uma Civil,36.55,Silence,0.0,38.21,Silence,0.0,0.0,0.0,0.0,0.0,0.0,0.0,0.0,0.0,0.0,38.16,36.58,34.4,-113,4.2
2026-07-31 19:34:50,Pasillo Decanato Eléctrica,22.76,Silence,0.0,24.04,Silence,0.0,0.0,0.0,0.0,0.0,0.0,0.0,0.0,0.0,0.0,24.19,22.83,21.33,-113,1.5
2026-07-31 19:35:05,Laboratorios Civil Central,53.1,Group 1 (Common),92.53,54.02,Group 1 (Common),52.93,0.0,0.0,0.0,0.0,92.53,0.43,0.0,0.13,6.94,53.64,53.22,51.15,-117,-8.8
2026-07-31 19:35:10,Laboratorios Eléctrica Inferior,47.89,Mixed,62.2,48.78,Group 1 (Common),48.28,0.0,0.0,0.0,48.02,32.68,4.04,0.0,1.13,62.2,48.9,47.68,47.41,-120,-5.8
2026-07-31 19:35:20,Lobby Eléctrica,35.49,Silence,0.0,37.0,Silence,0.0,0.0,0.0,0.0,0.0,0.0,0.0,0.0,0.0,0.0,37.16,35.46,33.29,-105,12.2
2026-07-31 19:35:23,Laboratorios Civil Inferior,39.36,Silence,0.0,40.59,Silence,0.0,0.0,0.0,0.0,0.0,0.0,0.0,0.0,0.0,0.0,40.49,39.22,38.41,-117,
2026-07-31 19:35:28,Pasillo Salones Eléctrica,32.85,Silence,0.0,33.82,Silence,0.0,0.0,0.0,0.0,0.0,0.0,0.0,0.0,0.0,0.0,34.06,32.54,32.03,-114,1.8
2026-07-31 19:35:38,Salón - Uma Eléctrica,43.26,Silence,0.0,44.14,Silence,0.0,0.0,0.0,0.0,0.0,0.0,0.0,0.0,0.0,0.0,44.03,43.25,42.07,-109,7.2
2026-07-31 19:36:05,Salón - Extremo Civil,19.63,Silence,0.0,20.68,Silence,0.0,0.0,0.0,0.0,0.0,0.0,0.0,0.0,0.0,0.0,20.84,19.53,18.92,-87,12.0
2026-07-31 19:36:09,Pasillo Salones Civil,37.72,Silence,0.0,38.39,Silence,0.0,0.0,0.0,0.0,0.0,0.0,0.0,0.0,0.0,0.0,38.24,37.6,37.3,-113,5.8
2026-07-31 19:36:22,Laboratorios Civil Superior,44.5,Silence,0.0,45.24,Silence,0.0,0.0,0.0,0.0,0.0,0.0,0.0,0.0,0.0,0.0,45.1,44.62,43.2,-113,5.2
2026-07-31 19:36:31,Laboratorios Eléctrica Centro,46.41,Group 5 (Vehicle),81.12,46.93,Group 5 (Vehicle),0.0,0.0,46.28,0.0,46.36,3.56,0.69,14.58,0.0,81.12,46.91,46.55,45.45,-107,10.8
2026-07-31 19:37:51,Lobby Civil,46.15,Mixed,54.79,46.81,Group 1 (Common),46.26,0.0,0.0,0.0,46.31,54.79,4.0,0.2,0.44,40.53,46.72,46.07,45.53,-113,5.0
2026-07-31 19:37:58,Pasillo Decanato Civil,22.51,Silence,0.0,23.57,Silence,0.0,0.0,0.0,0.0,0.0,0.0,0.0,0.0,0.0,0.0,23.67,22.66,20.83,-96,12.2
2026-07-31 19:39:12,Salón - Extremo Eléctrica,27.58,Silence,0.0,31.65,Silence,0.0,0.0,0.0,0.0,0.0,0.0,0.0,0.0,0.0,0.0,31.91,28.09,21.14,-96,12.0
2026-07-31 19:39:19,Laboratorios Eléctrica Superior,39.97,Silence,0.0,41.2,Silence,0.0,0.0,0.0,0.0,0.0,0.0,0.0,0.0,0.0,0.0,41.22,39.99,38.61,-117,0.2
2026-07-31 19:39:37,Salón - Uma Civil,37.48,Silence,0.0,38.75,Silence,0.0,0.0,0.0,0.0,0.0,0.0,0.0,0.0,0.0,0.0,39.3,37.62,35.54,-103,10.5
2026-07-31 19:39:39,Pasillo Decanato Eléctrica,26.05,Silence,0.0,27.17,Silence,0.0,0.0,0.0,0.0,0.0,0.0,0.0,0.0,0.0,0.0,27.14,26.03,24.74,-119,-12.8
2026-07-31 19:40:14,Laboratorios Civil Central,51.86,Group 1 (Common),93.49,53.67,Group 1 (Common),52.19,0.0,0.0,0.0,0.0,93.49,0.3,0.0,0.04,6.25,52.68,51.77,50.63,-103,12.0
2026-07-31 19:40:14,Laboratorios Eléctrica Inferior,48.47,Mixed,60.85,49.09,Group 2 (Impact),48.55,49.49,0.0,0.0,48.15,60.85,13.15,0.0,2.43,23.7,49.29,48.39,48.05,-120,-9.5
2026-07-31 19:40:20,Lobby Eléctrica,35.03,Silence,0.0,36.66,Silence,0.0,0.0,0.0,0.0,0.0,0.0,0.0,0.0,0.0,0.0,36.75,34.57,34.04,-91,12.2
2026-07-31 19:40:23,Laboratorios Civil Inferior,44.65,Silence,0.0,47.48,Silence,0.0,0.0,0.0,0.0,0.0,0.0,0.0,0.0,0.0,0.0,47.73,44.06,41.72,-120,-11.2
2026-07-31 19:40:28,Pasillo Salones Eléctrica,32.52,Silence,0.0,33.23,Silence,0.0,0.0,0.0,0.0,0.0,0.0,0.0,0.0,0.0,0.0,33.16,32.53,32.11,-114,1.5
2026-07-31 19:40:38,Salón - Uma Eléctrica,43.8,Silence,0.0,44.41,Silence,0.0,0.0,0.0,0.0,0.0,0.0,0.0,0.0,0.0,0.0,44.28,43.76,43.31,-107,7.0
2026-07-31 19:41:05,Salón - Extremo Civil,21.65,Silence,0.0,24.24,Silence,0.0,0.0,0.0,0.0,0.0,0.0,0.0,0.0,0.0,0.0,24.84,21.1,20.32,-99,12.0
2026-07-31 19:41:09,Pasillo Salones Civil,37.36,Silence,0.0,37.93,Silence,0.0,0.0,0.0,0.0,0.0,0.0,0.0,0.0,0.0,0.0,38.06,37.35,36.39,-107,9.8
2026-07-31 19:41:22,Laboratorios Civil Superior,48.12,Group 1 (Common),97.74,49.31,Group 1 (Common),48.53,0.0,0.0,0.0,0.0,97.74,0.87,0.0,0.09,1.17,49.46,48.52,46.55,-101,11.8
2026-07-31 19:41:31,Laboratorios Eléctrica Centro,46.5,Group 5 (Vehicle),86.46,47.22,Group 5 (Vehicle),0.0,0.0,0.0,0.0,46.5,2.69,0.0,10.89,0.0,86.46,47.24,46.63,45.38,-107,10.5
2026-07-31 19:42:51,Lobby Civil,51.79,Mixed,39.11,52.91,Group 1 (Common),51.54,51.26,51.37,0.0,0.0,39.11,36.85,19.62,4.43,0.0,52.91,51.59,50.64,-105,11.5
2026-07-31 19:42:58,Pasillo Decanato Civil,23.89,Silence,0.0,25.22,Silence,0.0,0.0,0.0,0.0,0.0,0.0,0.0,0.0,0.0,0.0,25.01,23.63,23.12,-101,12.0
2026-07-31 19:44:12,Salón - Extremo Eléctrica,19.75,Silence,0.0,20.48,Silence,0.0,0.0,0.0,0.0,0.0,0.0,0.0,0.0,0.0,0.0,20.61,19.6,19.13,-113,4.2
2026-07-31 19:44:19,Laboratorios Eléctrica Superior,40.24,Silence,0.0,41.17,Silence,0.0,0.0,0.0,0.0,0.0,0.0,0.0,0.0,0.0,0.0,41.05,40.41,39.0,-107,10.5
2026-07-31 19:44:37,Salón - Uma Civil,35.82,Silence,0.0,36.68,Silence,0.0,0.0,0.0,0.0,0.0,0.0,0.0,0.0,0.0,0.0,36.41,36.07,34.52,-109,8.2
2026-07-31 19:44:39,Pasillo Decanato Eléctrica,23.45,Silence,0.0,24.21,Silence,0.0,0.0,0.0,0.0,0.0,0.0,0.0,0.0,0.0,0.0,24.74,23.31,22.33,-107,10.8
2026-07-31 19:45:05,Laboratorios Civil Central,52.39,Group 1 (Common),90.32,53.56,Group 1 (Common),52.37,0.0,0.0,0.0,0.0,90.32,1.74,0.0,0.17,7.81,53.39,52.6,50.73,-105,11.5
2026-07-31 19:45:11,Laboratorios Eléctrica Inferior,48.06,Group 5 (Vehicle),82.42,48.87,Group 5 (Vehicle),48.56,0.0,0.0,0.0,48.32,16.19,0.13,0.04,1.09,82.42,48.38,48.28,47.44,-116,-8.8
2026-07-31 19:45:20,Lobby Eléctrica,37.95,Silence,0.0,38.67,Silence,0.0,0.0,0.0,0.0,0.0,0.0,0.0,0.0,0.0,0.0,38.42,38.17,36.88,-113,2.0
2026-07-31 19:45:33,Laboratorios Civil Inferior,43.61,Silence,0.0,45.69,Silence,0.0,0.0,0.0,0.0,0.0,0.0,0.0,0.0,0.0,0.0,45.53,43.21,42.27,-117,-4.5
2026-07-31 19:45:33,Pasillo Salones Eléctrica,32.21,Silence,0.0,33.43,Silence,0.0,0.0,0.0,0.0,0.0,0.0,0.0,0.0,0.0,0.0,33.76,32.09,31.15,-115,0.8
2026-07-31 19:45:38,Salón - Uma Eléctrica,43.83,Silence,0.0,44.58,Silence,0.0,0.0,0.0,0.0,0.0,0.0,0.0,0.0,0.0,0.0,44.61,43.92,42.85,-111,7.5
2026-07-31 19:46:05,Salón - Extremo Civil,22.23,Silence,0.0,23.09,Silence,0.0,0.0,0.0,0.0,0.0,0.0,0.0,0.0,0.0,0.0,23.14,22.48,21.18,-97,12.8
2026-07-31 19:46:09,Pasillo Salones Civil,37.28,Silence,0.0,37.9,Silence,0.0,0.0,0.0,0.0,0.0,0.0,0.0,0.0,0.0,0.0,38.05,37.41,36.52,-98,9.2
2026-07-31 19:46:22,Laboratorios Civil Superior,45.15,Mixed,67.4,46.2,Group 1 (Common),45.23,0.0,0.0,0.0,45.79,67.4,0.26,0.0,0.13,32.16,46.33,44.95,44.6,-111,7.2
2026-07-31 19:46:31,Laboratorios Eléctrica Centro,46.61,Group 5 (Vehicle),93.62,47.25,Group 5 (Vehicle),0.0,0.0,0.0,0.0,46.75,2.95,0.0,3.39,0.0,93.62,47.31,46.74,45.86,-107,10.8
2026-07-31 19:47:51,Lobby Civil,52.12,Group 1 (Common),91.8,53.48,Group 1 (Common),52.43,0.0,0.0,0.0,0.0,91.8,0.09,0.0,0.09,7.81,53.6,52.33,49.91,-108,7.8
2026-07-31 19:47:58,Pasillo Decanato Civil,23.28,Silence,0.0,24.34,Silence,0.0,0.0,0.0,0.0,0.0,0.0,0.0,0.0,0.0,0.0,24.17,23.36,21.47,-99,13.5
2026-07-31 19:49:12,Salón - Extremo Eléctrica,18.56,Silence,0.0,19.85,Silence,0.0,0.0,0.0,0.0,0.0,0.0,0.0,0.0,0.0,0.0,19.81,18.5,17.02,-90,12.2
2026-07-31 19:49:19,Laboratorios Eléctrica Superior,40.24,Silence,0.0,41.02,Silence,0.0,0.0,0.0,0.0,0.0,0.0,0.0,0.0,0.0,0.0,41.03,40.31,39.09,-99,10.2
2026-07-31 19:49:37,Salón - Uma Civil,36.09,Silence,0.0,37.72,Silence,0.0,0.0,0.0,0.0,0.0,0.0,0.0,0.0,0.0,0.0,38.24,35.7,33.9,-120,-8.0
2026-07-31 19:49:39,Pasillo Decanato Eléctrica,22.71,Silence,0.0,23.7,Silence,0.0,0.0,0.0,0.0,0.0,0.0,0.0,0.0,0.0,0.0,23.4,22.75,21.99,-118,-2.2
2026-07-31 19:50:05,Laboratorios Civil Central,52.15,Group 1 (Common),94.66,53.45,Group 1 (Common),52.38,0.0,0.0,0.0,0.0,94.66,0.56,0.0,0.17,4.73,53.78,52.32,49.46,-117,-12.8
2026-07-31 19:50:11,Laboratorios Eléctrica Inferior,48.54,Mixed,60.76,49.13,Group 5 (Vehicle),48.48,0.0,0.0,0.0,48.62,37.2,0.26,0.09,1.56,60.76,49.09,48.72,47.69,-115,-0.8
2026-07-31 19:50:20,Lobby Eléctrica,32.45,Silence,0.0,33.71,Silence,0.0,0.0,0.0,0.0,0.0,0.0,0.0,0.0,0.0,0.0,33.44,32.15,31.76,-100,11.0
2026-07-31 19:50:23,Laboratorios Civil Inferior,38.74,Silence,0.0,39.57,Silence,0.0,0.0,0.0,0.0,0.0,0.0,0.0,0.0,0.0,0.0,39.4,38.75,37.73,-117,2.5
2026-07-31 19:50:28,Pasillo Salones Eléctrica,32.06,Silence,0.0,33.01,Silence,0.0,0.0,0.0,0.0,0.0,0.0,0.0,0.0,0.0,0.0,32.77,32.22,31.3,-95,12.0
2026-07-31 19:50:50,Salón - Uma Eléctrica,43.53,Silence,0.0,44.03,Silence,0.0,0.0,0.0,0.0,0.0,0.0,0.0,0.0,0.0,0.0,44.01,43.55,43.02,-111,6.0
2026-07-31 19:51:05,Salón - Extremo Civil,19.35,Silence,0.0,20.76,Silence,0.0,0.0,0.0,0.0,0.0,0.0,0.0,0.0,0.0,0.0,20.16,19.26,18.97,-120,-12.5
2026-07-31 19:51:09,Pasillo Salones Civil,37.48,Silence,0.0,38.96,Silence,0.0,0.0,0.0,0.0,0.0,0.0,0.0,0.0,0.0,0.0,37.93,37.45,36.86,-115,4.0
2026-07-31 19:51:22,Laboratorios Civil Superior,45.18,Mixed,60.59,45.86,Group 1 (Common),45.23,0.0,0.0,0.0,45.59,60.59,0.09,0.0,0.04,39.32,45.74,45.22,44.64,-105,8.5
2026-07-31 19:51:31,Laboratorios Eléctrica Centro,46.82,Group 5 (Vehicle),89.67,47.68,Group 5 (Vehicle),0.0,0.0,0.0,0.0,46.86,2.47,0.04,7.86,0.0,89.67,47.27,47.0,45.4,-118,-4.0
2026-07-31 19:52:50,Lobby Civil,45.24,Group 2 (Impact),86.41,45.94,Group 2 (Impact),0.0,45.16,45.22,0.0,0.0,0.35,86.41,9.51,0.0,3.82,45.77,45.19,44.87,-108,8.5
2026-07-31 19:52:58,Pasillo Decanato Civil,28.38,Silence,0.0,30.18,Silence,0.0,0.0,0.0,0.0,0.0,0.0,0.0,0.0,0.0,0.0,30.19,28.77,26.88,-107,11.0
2026-07-31 19:54:12,Salón - Extremo Eléctrica,26.61,Silence,0.0,29.83,Silence,0.0,0.0,0.0,0.0,0.0,0.0,0.0,0.0,0.0,0.0,28.15,26.6,25.55,-91,9.0
2026-07-31 19:54:19,Laboratorios Eléctrica Superior,40.21,Silence,0.0,41.26,Silence,0.0,0.0,0.0,0.0,0.0,0.0,0.0,0.0,0.0,0.0,41.24,40.0,39.54,-119,-1.2
2026-07-31 19:54:37,Salón - Uma Civil,36.56,Silence,0.0,37.84,Silence,0.0,0.0,0.0,0.0,0.0,0.0,0.0,0.0,0.0,0.0,38.05,36.59,34.58,-118,-10.5
2026-07-31 19:54:39,Pasillo Decanato Eléctrica,22.89,Silence,0.0,24.06,Silence,0.0,0.0,0.0,0.0,0.0,0.0,0.0,0.0,0.0,0.0,23.9,23.0,21.96,-118,-12.2
2026-07-31 19:55:05,Laboratorios Civil Central,52.88,Group 1 (Common),93.92,54.26,Group 1 (Common),52.71,0.0,0.0,0.0,0.0,93.92,1.0,0.0,0.13,4.86,54.02,52.57,51.76,-118,-9.5
2026-07-31 19:55:11,Laboratorios Eléctrica Inferior,48.07,Mixed,52.86,48.79,Group 5 (Vehicle),47.99,0.0,0.0,0.0,48.04,42.06,3.21,0.04,1.65,52.86,49.06,48.03,47.13,-111,9.2
2026-07-31 19:55:20,Lobby Eléctrica,37.59,Silence,0.0,46.38,Silence,0.0,0.0,0.0,0.0,0.0,0.0,0.0,0.0,0.0,0.0,43.05,36.46,32.62,-115,-1.5
2026-07-31 19:55:23,Laboratorios Civil Inferior,40.04,Silence,0.0,40.97,Silence,0.0,0.0,0.0,0.0,0.0,0.0,0.0,0.0,0.0,0.0,41.38,40.12,38.96,-120,-7.0
2026-07-31 19:55:28,Pasillo Salones Eléctrica,33.33,Silence,0.0,34.36,Silence,0.0,0.0,0.0,0.0,0.0,0.0,0.0,0.0,0.0,0.0,34.11,33.21,32.66,-114,2.8
2026-07-31 19:55:38,Salón - Uma Eléctrica,43.42,Silence,0.0,44.56,Silence,0.0,0.0,0.0,0.0,0.0,0.0,0.0,0.0,0.0,0.0,44.35,43.04,42.53,-120,-12.2
2026-07-31 19:56:16,Salón - Extremo Civil,18.59,Silence,0.0,19.44,Silence,0.0,0.0,0.0,0.0,0.0,0.0,0.0,0.0,0.0,0.0,19.53,18.42,17.73,-96,9.5
2026-07-31 19:56:16,Pasillo Salones Civil,36.86,Silence,0.0,38.06,Silence,0.0,0.0,0.0,0.0,0.0,0.0,0.0,0.0,0.0,0.0,37.4,36.86,36.35,-101,11.8
2026-07-31 19:56:22,Laboratorios Civil Superior,45.0,Group 1 (Common),94.05,45.77,Group 1 (Common),45.2,0.0,0.0,0.0,0.0,94.05,0.74,0.0,0.13,5.16,45.97,44.93,44.37,-105,11.2
2026-07-31 19:56:31,Laboratorios Eléctrica Centro,45.87,Group 5 (Vehicle),96.48,46.58,Group 5 (Vehicle),0.0,0.0,0.0,0.0,46.11,2.47,0.0,1.09,0.0,96.48,46.26,45.96,45.28,-105,12.2
2026-07-31 19:57:51,Lobby Civil,46.0,Mixed,62.37,46.62,Group 1 (Common),45.76,0.0,0.0,0.0,46.0,62.37,3.6,1.87,0.52,31.68,46.61,46.05,44.62,-102,11.5
2026-07-31 19:57:58,Pasillo Decanato Civil,22.68,Silence,0.0,23.72,Silence,0.0,0.0,0.0,0.0,0.0,0.0,0.0,0.0,0.0,0.0,24.09,22.47,21.83,-96,12.5
2026-07-31 19:59:12,Salón - Extremo Eléctrica,17.54,Silence,0.0,18.43,Silence,0.0,0.0,0.0,0.0,0.0,0.0,0.0,0.0,0.0,0.0,18.36,17.51,16.41,-93,12.8
2026-07-31 19:59:20,Laboratorios Eléctrica Superior,40.3,Silence,0.0,41.04,Silence,0.0,0.0,0.0,0.0,0.0,0.0,0.0,0.0,0.0,0.0,41.15,40.13,39.59,-101,13.8
2026-07-31 19:59:37,Salón - Uma Civil,37.4,Silence,0.0,39.74,Silence,0.0,0.0,0.0,0.0,0.0,0.0,0.0,0.0,0.0,0.0,39.55,37.38,35.33,-103,10.5
2026-07-31 19:59:39,Pasillo Decanato Eléctrica,23.16,Silence,0.0,24.41,Silence,0.0,0.0,0.0,0.0,0.0,0.0,0.0,0.0,0.0,0.0,24.29,23.18,21.98,-117,-2.2
2026-07-31 20:00:05,Laboratorios Civil Central,51.3,Group 1 (Common),88.41,51.98,Group 1 (Common),51.27,0.0,0.0,0.0,0.0,88.41,0.26,0.0,0.04,11.24,52.07,51.28,50.35,-107,10.8
2026-07-31 20:00:11,Laboratorios Eléctrica Inferior,48.18,Mixed,44.92,49.25,Group 1 (Common),48.6,0.0,0.0,0.0,48.17,42.14,10.42,0.09,2.43,44.92,48.79,48.22,47.58,-119,-7.8
2026-07-31 20:00:20,Lobby Eléctrica,31.22,Silence,0.0,32.34,Silence,0.0,0.0,0.0,0.0,0.0,0.0,0.0,0.0,0.0,0.0,32.38,31.05,30.68,-103,8.5
2026-07-31 20:00:23,Laboratorios Civil Inferior,39.08,Silence,0.0,39.77,Silence,0.0,0.0,0.0,0.0,0.0,0.0,0.0,0.0,0.0,0.0,40.2,39.16,37.49,-117,-5.8
2026-07-31 20:00:29,Pasillo Salones Eléctrica,32.41,Silence,0.0,33.53,Silence,0.0,0.0,0.0,0.0,0.0,0.0,0.0,0.0,0.0,0.0,33.64,32.66,31.09,-115,1.2
2026-07-31 20:00:38,Salón - Uma Eléctrica,43.3,Silence,0.0,44.09,Silence,0.0,0.0,0.0,0.0,0.0,0.0,0.0,0.0,0.0,0.0,44.12,43.2,42.87,-114,4.5
2026-07-31 20:01:05,Salón - Extremo Civil,19.5,Silence,0.0,21.13,Silence,0.0,0.0,0.0,0.0,0.0,0.0,0.0,0.0,0.0,0.0,20.52,19.31,18.87,-89,12.5
2026-07-31 20:01:10,Pasillo Salones Civil,37.39,Silence,0.0,38.49,Silence,0.0,0.0,0.0,0.0,0.0,0.0,0.0,0.0,0.0,0.0,38.92,37.27,36.18,-109,4.0
2026-07-31 20:01:22,Laboratorios Civil Superior,44.84,Silence,0.0,45.46,Silence,0.0,0.0,0.0,0.0,0.0,0.0,0.0,0.0,0.0,0.0,45.81,44.54,43.91,-105,11.5
2026-07-31 20:01:35,Laboratorios Eléctrica Centro,46.49,Mixed,69.58,47.23,Group 3 (Rotary Tool),0.0,0.0,46.75,0.0,46.46,9.33,0.2,20.9,0.1,69.58,47.02,46.25,46.16,-118,-6.0
2026-07-31 20:02:51,Lobby Civil,42.5,Silence,0.0,45.87,Silence,0.0,0.0,0.0,0.0,0.0,0.0,0.0,0.0,0.0,0.0,46.75,41.78,39.87,-97,12.0
2026-07-31 20:02:58,Pasillo Decanato Civil,22.02,Silence,0.0,22.91,Silence,0.0,0.0,0.0,0.0,0.0,0.0,0.0,0.0,0.0,0.0,23.09,21.92,20.86,-103,11.8
2026-07-31 20:04:12,Salón - Extremo Eléctrica,17.49,Silence,0.0,18.07,Silence,0.0,0.0,0.0,0.0,0.0,0.0,0.0,0.0,0.0,0.0,18.18,17.5,16.34,-114,7.0
2026-07-31 20:04:20,Laboratorios Eléctrica Superior,39.9,Silence,0.0,40.99,Silence,0.0,0.0,0.0,0.0,0.0,0.0,0.0,0.0,0.0,0.0,41.14,39.68,38.94,-103,12.0
2026-07-31 20:04:37,Salón - Uma Civil,36.7,Silence,0.0,38.86,Silence,0.0,0.0,0.0,0.0,0.0,0.0,0.0,0.0,0.0,0.0,39.26,36.46,35.43,-118,-6.8
2026-07-31 20:04:39,Pasillo Decanato Eléctrica,23.11,Silence,0.0,24.48,Silence,0.0,0.0,0.0,0.0,0.0,0.0,0.0,0.0,0.0,0.0,24.34,22.75,22.3,-107,11.2
2026-07-31 20:05:05,Laboratorios Civil Central,51.54,Group 1 (Common),81.47,52.96,Group 1 (Common),51.14,0.0,0.0,0.0,0.0,81.47,1.22,0.0,0.26,16.93,53.2,51.82,49.79,-108,9.0
2026-07-31 20:05:11,Laboratorios Eléctrica Inferior,47.86,Mixed,65.23,48.58,Group 5 (Vehicle),48.15,0.0,0.0,0.0,48.07,28.26,4.56,0.04,1.95,65.23,48.44,47.94,47.07,-117,-2.8
2026-07-31 20:05:20,Lobby Eléctrica,31.89,Silence,0.0,32.88,Silence,0.0,0.0,0.0,0.0,0.0,0.0,0.0,0.0,0.0,0.0,33.02,31.86,30.54,-103,11.8
2026-07-31 20:05:23,Laboratorios Civil Inferior,39.24,Silence,0.0,40.26,Silence,0.0,0.0,0.0,0.0,0.0,0.0,0.0,0.0,0.0,0.0,40.52,38.67,38.2,-102,-8.0
2026-07-31 20:05:28,Pasillo Salones Eléctrica,32.33,Silence,0.0,33.12,Silence,0.0,0.0,0.0,0.0,0.0,0.0,0.0,0.0,0.0,0.0,33.08,32.27,31.48,-97,11.8
2026-07-31 20:05:38,Salón - Uma Eléctrica,42.84,Silence,0.0,43.45,Silence,0.0,0.0,0.0,0.0,0.0,0.0,0.0,0.0,0.0,0.0,43.13,42.9,42.24,-119,-10.0
2026-07-31 20:06:05,Salón - Extremo Civil,19.81,Silence,0.0,20.4,Silence,0.0,0.0,0.0,0.0,0.0,0.0,0.0,0.0,0.0,0.0,20.49,19.71,19.3,-87,13.5
2026-07-31 20:06:10,Pasillo Salones Civil,37.61,Silence,0.0,38.44,Silence,0.0,0.0,0.0,0.0,0.0,0.0,0.0,0.0,0.0,0.0,38.52,37.64,36.89,-107,11.5
2026-07-31 20:06:22,Laboratorios Civil Superior,44.24,Silence,0.0,45.24,Silence,0.0,0.0,0.0,0.0,0.0,0.0,0.0,0.0,0.0,0.0,45.06,44.26,43.44,-103,10.8
2026-07-31 20:06:31,Laboratorios Eléctrica Centro,45.69,Group 5 (Vehicle),80.42,46.26,Group 5 (Vehicle),0.0,0.0,45.12,0.0,45.64,11.52,0.63,7.32,0.1,80.42,46.4,45.36,45.26,-102,10.0
2026-07-31 20:07:51,Lobby Civil,41.22,Silence,0.0,43.13,Silence,0.0,0.0,0.0,0.0,0.0,0.0,0.0,0.0,0.0,0.0,42.86,41.49,39.42,-92,9.2
2026-07-31 20:07:58,Pasillo Decanato Civil,22.25,Silence,0.0,22.89,Silence,0.0,0.0,0.0,0.0,0.0,0.0,0.0,0.0,0.0,0.0,22.96,22.16,21.36,-102,10.8
2026-07-31 20:09:12,Salón - Extremo Eléctrica,25.54,Silence,0.0,30.45,Silence,0.0,0.0,0.0,0.0,0.0,0.0,0.0,0.0,0.0,0.0,28.39,24.8,22.79,-90,13.0
2026-07-31 20:09:20,Laboratorios Eléctrica Superior,40.21,Silence,0.0,41.03,Silence,0.0,0.0,0.0,0.0,0.0,0.0,0.0,0.0,0.0,0.0,41.11,40.11,39.5,-117,2.8
2026-07-31 20:09:37,Salón - Uma Civil,37.91,Silence,0.0,40.05,Silence,0.0,0.0,0.0,0.0,0.0,0.0,0.0,0.0,0.0,0.0,40.02,37.33,36.34,-113,7.2
2026-07-31 20:09:39,Pasillo Decanato Eléctrica,23.61,Silence,0.0,24.78,Silence,0.0,0.0,0.0,0.0,0.0,0.0,0.0,0.0,0.0,0.0,24.77,23.59,22.69,-103,10.5
2026-07-31 20:10:05,Laboratorios Civil Central,52.58,Group 1 (Common),87.98,53.74,Group 1 (Common),52.4,0.0,0.0,0.0,51.73,87.98,0.87,0.0,0.17,10.94,53.8,52.81,50.81,-103,11.5
2026-07-31 20:10:11,Laboratorios Eléctrica Inferior,48.77,Mixed,51.74,49.25,Group 1 (Common),48.86,0.0,0.0,0.0,48.23,45.44,1.39,0.0,1.43,51.74,49.56,48.64,48.09,-111,6.5
2026-07-31 20:10:20,Lobby Eléctrica,35.49,Silence,0.0,36.22,Silence,0.0,0.0,0.0,0.0,0.0,0.0,0.0,0.0,0.0,0.0,36.16,35.59,33.94,-117,1.2
2026-07-31 20:10:23,Laboratorios Civil Inferior,43.36,Silence,0.0,49.06,Silence,0.0,0.0,0.0,0.0,0.0,0.0,0.0,0.0,0.0,0.0,50.4,40.05,39.29,-118,-7.8
2026-07-31 20:10:29,Pasillo Salones Eléctrica,32.35,Silence,0.0,33.64,Silence,0.0,0.0,0.0,0.0,0.0,0.0,0.0,0.0,0.0,0.0,33.37,32.31,31.54,-115,1.8
2026-07-31 20:10:38,Salón - Uma Eléctrica,43.77,Silence,0.0,44.48,Silence,0.0,0.0,0.0,0.0,0.0,0.0,0.0,0.0,0.0,0.0,44.53,43.69,42.88,-109,6.8
2026-07-31 20:11:05,Salón - Extremo Civil,20.51,Silence,0.0,21.33,Silence,0.0,0.0,0.0,0.0,0.0,0.0,0.0,0.0,0.0,0.0,21.23,20.29,20.03,-85,12.0
2026-07-31 20:11:10,Pasillo Salones Civil,37.59,Silence,0.0,38.39,Silence,0.0,0.0,0.0,0.0,0.0,0.0,0.0,0.0,0.0,0.0,38.38,37.58,36.7,-103,11.0
2026-07-31 20:11:22,Laboratorios Civil Superior,45.74,Group 1 (Common),94.49,46.49,Group 1 (Common),45.65,0.0,0.0,0.0,0.0,94.49,2.17,0.0,0.09,3.26,46.42,45.72,44.4,-101,11.5
2026-07-31 20:11:31,Laboratorios Eléctrica Centro,46.69,Group 5 (Vehicle),87.67,47.1,Group 5 (Vehicle),0.0,0.0,0.0,0.0,46.71,9.29,0.13,2.69,0.0,87.67,47.01,46.71,46.37,-105,11.5
2026-07-31 20:12:51,Lobby Civil,54.83,Group 2 (Impact),82.77,55.19,Group 2 (Impact),0.0,54.82,0.0,0.0,0.0,2.21,82.77,0.35,3.56,10.85,55.57,54.77,54.34,-91,13.0
2026-07-31 20:12:58,Pasillo Decanato Civil,25.64,Silence,0.0,26.7,Silence,0.0,0.0,0.0,0.0,0.0,0.0,0.0,0.0,0.0,0.0,26.66,25.61,24.43,-118,-0.2
2026-07-31 20:14:12,Salón - Extremo Eléctrica,18.78,Silence,0.0,19.76,Silence,0.0,0.0,0.0,0.0,0.0,0.0,0.0,0.0,0.0,0.0,20.02,18.57,18.03,-113,5.8
2026-07-31 20:14:20,Laboratorios Eléctrica Superior,40.11,Silence,0.0,40.63,Silence,0.0,0.0,0.0,0.0,0.0,0.0,0.0,0.0,0.0,0.0,40.94,40.22,39.33,-99,12.2
2026-07-31 20:14:37,Salón - Uma Civil,38.26,Silence,0.0,39.54,Silence,0.0,0.0,0.0,0.0,0.0,0.0,0.0,0.0,0.0,0.0,39.79,38.1,36.48,-120,3.0
2026-07-31 20:14:39,Pasillo Decanato Eléctrica,23.26,Silence,0.0,24.1,Silence,0.0,0.0,0.0,0.0,0.0,0.0,0.0,0.0,0.0,0.0,24.28,22.96,22.46,-117,-13.8
2026-07-31 20:15:06,Laboratorios Civil Central,51.08,Group 1 (Common),93.4,52.07,Group 1 (Common),51.25,0.0,0.0,0.0,0.0,93.4,0.65,0.0,0.17,5.9,52.14,51.11,49.94,-105,10.8
2026-07-31 20:15:11,Laboratorios Eléctrica Inferior,47.72,Mixed,68.95,48.36,Group 5 (Vehicle),47.61,0.0,0.0,0.0,47.81,27.69,1.37,0.1,1.81,68.95,48.52,47.62,47.09,-118,-4.0
2026-07-31 20:15:20,Lobby Eléctrica,37.7,Silence,0.0,40.37,Silence,0.0,0.0,0.0,0.0,0.0,0.0,0.0,0.0,0.0,0.0,40.79,36.48,35.01,-93,14.0
2026-07-31 20:15:23,Laboratorios Civil Inferior,39.36,Silence,0.0,39.89,Silence,0.0,0.0,0.0,0.0,0.0,0.0,0.0,0.0,0.0,0.0,39.79,39.46,38.72,-120,-1.5
2026-07-31 20:15:28,Pasillo Salones Eléctrica,34.03,Silence,0.0,35.11,Silence,0.0,0.0,0.0,0.0,0.0,0.0,0.0,0.0,0.0,0.0,34.71,33.88,33.4,-100,11.5
2026-07-31 20:15:38,Salón - Uma Eléctrica,43.4,Silence,0.0,44.5,Silence,0.0,0.0,0.0,0.0,0.0,0.0,0.0,0.0,0.0,0.0,44.67,43.3,42.69,-113,5.2
2026-07-31 20:16:05,Salón - Extremo Civil,19.8,Silence,0.0,20.69,Silence,0.0,0.0,0.0,0.0,0.0,0.0,0.0,0.0,0.0,0.0,20.73,19.75,18.78,-98,11.2
2026-07-31 20:16:10,Pasillo Salones Civil,38.02,Silence,0.0,38.69,Silence,0.0,0.0,0.0,0.0,0.0,0.0,0.0,0.0,0.0,0.0,38.92,37.84,37.42,-111,6.0
2026-07-31 20:16:22,Laboratorios Civil Superior,45.56,Group 1 (Common),85.74,46.43,Group 1 (Common),45.57,0.0,0.0,0.0,0.0,85.74,6.25,0.49,0.34,7.08,46.35,45.65,44.24,-101,11.2
2026-07-31 20:16:31,Laboratorios Eléctrica Centro,46.03,Group 5 (Vehicle),84.11,46.69,Group 5 (Vehicle),46.12,0.0,0.0,0.0,45.96,15.06,0.0,0.74,0.0,84.11,46.57,45.88,45.26,-103,9.0
2026-07-31 20:17:51,Lobby Civil,56.39,Mixed,41.28,58.74,Group 1 (Common),58.09,55.7,0.0,0.0,55.67,41.28,25.91,3.43,2.6,26.82,58.67,55.59,55.03,-87,12.0
2026-07-31 20:18:04,Pasillo Decanato Civil,29.24,Silence,0.0,31.41,Silence,0.0,0.0,0.0,0.0,0.0,0.0,0.0,0.0,0.0,0.0,31.28,29.42,26.29,-114,2.8
2026-07-31 20:19:12,Salón - Extremo Eléctrica,19.24,Silence,0.0,20.29,Silence,0.0,0.0,0.0,0.0,0.0,0.0,0.0,0.0,0.0,0.0,20.27,19.0,18.4,-90,13.5
2026-07-31 20:19:20,Laboratorios Eléctrica Superior,40.04,Silence,0.0,40.9,Silence,0.0,0.0,0.0,0.0,0.0,0.0,0.0,0.0,0.0,0.0,41.02,39.9,38.98,-120,-0.8
2026-07-31 20:19:37,Salón - Uma Civil,37.18,Silence,0.0,38.77,Silence,0.0,0.0,0.0,0.0,0.0,0.0,0.0,0.0,0.0,0.0,39.07,37.33,35.04,-103,10.8
2026-07-31 20:19:39,Pasillo Decanato Eléctrica,22.75,Silence,0.0,23.81,Silence,0.0,0.0,0.0,0.0,0.0,0.0,0.0,0.0,0.0,0.0,23.5,22.97,21.77,-102,11.0
2026-07-31 20:20:05,Laboratorios Civil Central,51.24,Group 1 (Common),85.89,52.01,Group 1 (Common),51.28,0.0,0.0,0.0,0.0,85.89,0.56,0.0,0.0,13.41,51.81,51.24,50.53,-101,11.5
2026-07-31 20:20:11,Laboratorios Eléctrica Inferior,48.09,Mixed,67.63,48.81,Group 5 (Vehicle),48.15,0.0,0.0,0.0,48.17,31.2,0.59,0.0,0.59,67.63,48.69,47.97,47.75,-97,5.0
2026-07-31 20:20:20,Lobby Eléctrica,36.23,Silence,0.0,39.28,Silence,0.0,0.0,0.0,0.0,0.0,0.0,0.0,0.0,0.0,0.0,38.5,36.13,34.49,-117,1.2
2026-07-31 20:20:23,Laboratorios Civil Inferior,39.71,Silence,0.0,40.71,Silence,0.0,0.0,0.0,0.0,0.0,0.0,0.0,0.0,0.0,0.0,40.61,39.77,38.86,-120,-5.8
2026-07-31 20:20:29,Pasillo Salones Eléctrica,32.43,Silence,0.0,33.3,Silence,0.0,0.0,0.0,0.0,0.0,0.0,0.0,0.0,0.0,0.0,33.37,32.17,31.43,-99,12.5
2026-07-31 20:20:38,Salón - Uma Eléctrica,43.64,Silence,0.0,44.18,Silence,0.0,0.0,0.0,0.0,0.0,0.0,0.0,0.0,0.0,0.0,44.27,43.62,42.36,-111,3.5
2026-07-31 20:21:05,Salón - Extremo Civil,19.78,Silence,0.0,22.01,Silence,0.0,0.0,0.0,0.0,0.0,0.0,0.0,0.0,0.0,0.0,20.99,19.68,19.08,-87,13.5
2026-07-31 20:21:10,Pasillo Salones Civil,37.57,Silence,0.0,38.24,Silence,0.0,0.0,0.0,0.0,0.0,0.0,0.0,0.0,0.0,0.0,38.44,37.46,37.1,-99,11.5
2026-07-31 20:21:22,Laboratorios Civil Superior,45.33,Group 1 (Common),76.17,46.83,Group 1 (Common),45.62,0.0,0.0,0.0,45.72,76.17,0.04,0.0,0.04,23.57,46.44,45.33,44.66,-108,8.8
2026-07-31 20:21:31,Laboratorios Eléctrica Centro,45.67,Group 5 (Vehicle),87.67,46.41,Group 5 (Vehicle),0.0,0.0,0.0,0.0,45.67,12.11,0.09,0.09,0.04,87.67,46.11,45.6,45.21,-101,11.0
2026-07-31 20:22:51,Lobby Civil,38.2,Silence,0.0,39.35,Silence,0.0,0.0,0.0,0.0,0.0,0.0,0.0,0.0,0.0,0.0,39.64,38.19,36.72,-111,6.8
2026-07-31 20:22:58,Pasillo Decanato Civil,22.73,Silence,0.0,24.42,Silence,0.0,0.0,0.0,0.0,0.0,0.0,0.0,0.0,0.0,0.0,24.19,22.68,21.8,-101,13.2
2026-07-31 20:24:12,Salón - Extremo Eléctrica,17.21,Silence,0.0,18.3,Silence,0.0,0.0,0.0,0.0,0.0,0.0,0.0,0.0,0.0,0.0,18.51,17.26,16.46,-91,12.2
2026-07-31 20:24:20,Laboratorios Eléctrica Superior,40.04,Silence,0.0,41.0,Silence,0.0,0.0,0.0,0.0,0.0,0.0,0.0,0.0,0.0,0.0,41.2,39.89,39.15,-101,11.0
2026-07-31 20:24:37,Salón - Uma Civil,37.31,Silence,0.0,38.63,Silence,0.0,0.0,0.0,0.0,0.0,0.0,0.0,0.0,0.0,0.0,39.07,37.36,35.49,-117,-3.8
2026-07-31 20:24:39,Pasillo Decanato Eléctrica,22.89,Silence,0.0,24.01,Silence,0.0,0.0,0.0,0.0,0.0,0.0,0.0,0.0,0.0,0.0,24.31,22.71,21.97,-113,3.8
2026-07-31 20:25:05,Laboratorios Civil Central,51.61,Group 1 (Common),93.23,53.19,Group 1 (Common),51.93,0.0,0.0,0.0,0.0,93.23,0.26,0.0,0.04,6.51,52.38,51.58,50.52,-111,9.2
2026-07-31 20:25:11,Laboratorios Eléctrica Inferior,47.8,Mixed,61.07,48.62,Group 5 (Vehicle),48.11,0.0,0.0,0.0,48.04,37.46,0.65,0.0,0.61,61.07,48.77,47.51,46.63,-105,8.5
2026-07-31 20:25:23,Laboratorios Civil Inferior,39.1,Silence,0.0,39.75,Silence,0.0,0.0,0.0,0.0,0.0,0.0,0.0,0.0,0.0,0.0,39.71,39.21,37.95,-120,-8.8
2026-07-31 20:25:29,Pasillo Salones Eléctrica,33.5,Silence,0.0,34.85,Silence,0.0,0.0,0.0,0.0,0.0,0.0,0.0,0.0,0.0,0.0,34.92,33.27,32.76,-98,12.2
2026-07-31 20:25:38,Salón - Uma Eléctrica,43.51,Silence,0.0,44.27,Silence,0.0,0.0,0.0,0.0,0.0,0.0,0.0,0.0,0.0,0.0,44.15,43.41,42.77,-113,6.8
2026-07-31 20:26:05,Salón - Extremo Civil,19.42,Silence,0.0,20.76,Silence,0.0,0.0,0.0,0.0,0.0,0.0,0.0,0.0,0.0,0.0,20.35,19.24,18.57,-87,13.2
2026-07-31 20:26:10,Pasillo Salones Civil,38.57,Silence,0.0,39.41,Silence,0.0,0.0,0.0,0.0,0.0,0.0,0.0,0.0,0.0,0.0,39.55,38.88,37.73,-107,7.8
2026-07-31 20:26:22,Laboratorios Civil Superior,45.53,Group 1 (Common),86.41,46.44,Group 1 (Common),45.78,0.0,0.0,0.0,45.69,86.41,0.74,0.0,0.22,12.76,46.18,45.62,44.74,-108,7.8
2026-07-31 20:26:31,Laboratorios Eléctrica Centro,45.2,Group 5 (Vehicle),88.41,45.67,Group 5 (Vehicle),45.31,0.0,0.0,0.0,45.13,11.55,0.0,0.04,0.0,88.41,45.74,45.11,44.8,-118,-6.0
2026-07-31 20:27:51,Lobby Civil,68.73,Mixed,44.53,73.24,Group 5 (Vehicle),62.72,52.44,0.0,0.0,69.73,35.07,9.64,8.25,2.39,44.53,73.7,66.69,49.27,-91,12.2
2026-07-31 20:27:58,Pasillo Decanato Civil,34.97,Silence,0.0,41.31,Silence,0.0,0.0,0.0,0.0,0.0,0.0,0.0,0.0,0.0,0.0,41.98,33.71,22.33,-99,9.0
2026-07-31 20:29:21,Salón - Extremo Eléctrica,17.28,Silence,0.0,18.17,Silence,0.0,0.0,0.0,0.0,0.0,0.0,0.0,0.0,0.0,0.0,18.2,17.41,16.47,-114,3.2
2026-07-31 20:29:21,Laboratorios Eléctrica Superior,40.05,Silence,0.0,40.8,Silence,0.0,0.0,0.0,0.0,0.0,0.0,0.0,0.0,0.0,0.0,40.54,40.14,39.41,-112,1.2
2026-07-31 20:29:37,Salón - Uma Civil,37.45,Silence,0.0,38.97,Silence,0.0,0.0,0.0,0.0,0.0,0.0,0.0,0.0,0.0,0.0,39.62,36.94,34.54,-103,6.2
2026-07-31 20:29:39,Pasillo Decanato Eléctrica,23.2,Silence,0.0,23.74,Silence,0.0,0.0,0.0,0.0,0.0,0.0,0.0,0.0,0.0,0.0,23.76,23.19,22.24,-114,3.0
2026-07-31 20:30:06,Laboratorios Civil Central,50.85,Group 1 (Common),96.14,51.67,Group 1 (Common),50.8,0.0,0.0,0.0,0.0,96.14,0.48,0.0,0.04,3.26,51.66,50.8,50.13,-101,10.8
2026-07-31 20:30:11,Laboratorios Eléctrica Inferior,47.98,Mixed,56.34,48.49,Group 5 (Vehicle),47.94,0.0,0.0,0.0,48.28,40.49,1.56,0.0,1.65,56.34,48.5,48.0,47.32,-114,0.8
2026-07-31 20:30:20,Lobby Eléctrica,32.76,Silence,0.0,33.55,Silence,0.0,0.0,0.0,0.0,0.0,0.0,0.0,0.0,0.0,0.0,33.49,32.73,31.88,-89,11.0
2026-07-31 20:30:23,Laboratorios Civil Inferior,38.63,Silence,0.0,39.26,Silence,0.0,0.0,0.0,0.0,0.0,0.0,0.0,0.0,0.0,0.0,39.35,38.69,37.36,-119,-13.0
2026-07-31 20:30:29,Pasillo Salones Eléctrica,32.75,Silence,0.0,33.66,Silence,0.0,0.0,0.0,0.0,0.0,0.0,0.0,0.0,0.0,0.0,33.45,32.76,31.6,-115,3.8
2026-07-31 20:30:38,Salón - Uma Eléctrica,43.65,Silence,0.0,44.55,Silence,0.0,0.0,0.0,0.0,0.0,0.0,0.0,0.0,0.0,0.0,44.49,43.76,42.58,-109,8.5
2026-07-31 20:31:05,Salón - Extremo Civil,18.79,Silence,0.0,20.59,Silence,0.0,0.0,0.0,0.0,0.0,0.0,0.0,0.0,0.0,0.0,19.34,18.97,17.75,-99,11.5
2026-07-31 20:31:10,Pasillo Salones Civil,36.95,Silence,0.0,37.77,Silence,0.0,0.0,0.0,0.0,0.0,0.0,0.0,0.0,0.0,0.0,37.62,36.93,35.98,-115,-2.0
2026-07-31 20:31:22,Laboratorios Civil Superior,47.64,Group 1 (Common),93.32,48.23,Group 1 (Common),47.78,0.0,0.0,0.0,0.0,93.32,1.43,0.0,0.13,5.16,48.25,47.64,46.83,-114,5.2
2026-07-31 20:31:31,Laboratorios Eléctrica Centro,45.45,Group 5 (Vehicle),92.71,45.92,Group 5 (Vehicle),0.0,0.0,44.9,0.0,45.52,1.74,0.0,5.56,0.04,92.71,45.93,45.35,44.76,-105,11.5
2026-07-31 20:32:51,Lobby Civil,45.29,Mixed,56.21,48.95,Group 2 (Impact),43.9,44.77,0.0,0.0,0.0,32.6,56.21,0.04,0.48,10.63,50.39,44.74,38.98,-95,12.8
2026-07-31 20:32:58,Pasillo Decanato Civil,21.67,Silence,0.0,22.53,Silence,0.0,0.0,0.0,0.0,0.0,0.0,0.0,0.0,0.0,0.0,22.37,21.6,20.69,-103,10.8
2026-07-31 20:34:12,Salón - Extremo Eléctrica,17.12,Silence,0.0,17.95,Silence,0.0,0.0,0.0,0.0,0.0,0.0,0.0,0.0,0.0,0.0,17.37,17.25,16.68,-93,8.8
2026-07-31 20:34:20,Laboratorios Eléctrica Superior,40.25,Silence,0.0,40.87,Silence,0.0,0.0,0.0,0.0,0.0,0.0,0.0,0.0,0.0,0.0,41.03,40.08,39.61,-113,0.8
2026-07-31 20:34:37,Salón - Uma Civil,36.98,Silence,0.0,38.54,Silence,0.0,0.0,0.0,0.0,0.0,0.0,0.0,0.0,0.0,0.0,37.92,36.71,35.88,-117,-10.0
2026-07-31 20:34:50,Pasillo Decanato Eléctrica,22.74,Silence,0.0,23.64,Silence,0.0,0.0,0.0,0.0,0.0,0.0,0.0,0.0,0.0,0.0,23.77,22.47,22.16,-113,2.0
2026-07-31 20:35:06,Laboratorios Civil Central,51.59,Group 1 (Common),92.66,52.96,Group 1 (Common),51.87,0.0,0.0,0.0,0.0,92.66,0.17,0.0,0.09,7.07,52.24,51.74,50.88,-107,8.0
2026-07-31 20:35:11,Laboratorios Eléctrica Inferior,48.07,Mixed,50.09,48.94,Group 1 (Common),48.16,0.0,0.0,0.0,48.72,50.09,10.85,0.0,1.52,37.54,49.11,48.13,47.17,-120,-9.0
2026-07-31 20:35:20,Lobby Eléctrica,32.69,Silence,0.0,34.17,Silence,0.0,0.0,0.0,0.0,0.0,0.0,0.0,0.0,0.0,0.0,34.47,32.13,30.34,-101,12.2
2026-07-31 20:35:23,Laboratorios Civil Inferior,40.17,Silence,0.0,40.79,Silence,0.0,0.0,0.0,0.0,0.0,0.0,0.0,0.0,0.0,0.0,40.67,40.12,39.75,-119,-7.0
2026-07-31 20:35:29,Pasillo Salones Eléctrica,32.36,Silence,0.0,33.04,Silence,0.0,0.0,0.0,0.0,0.0,0.0,0.0,0.0,0.0,0.0,32.78,32.5,31.22,-101,12.5
2026-07-31 20:35:38,Salón - Uma Eléctrica,43.63,Silence,0.0,44.48,Silence,0.0,0.0,0.0,0.0,0.0,0.0,0.0,0.0,0.0,0.0,44.49,43.64,43.1,-120,-13.0
2026-07-31 20:36:05,Salón - Extremo Civil,23.95,Silence,0.0,25.21,Silence,0.0,0.0,0.0,0.0,0.0,0.0,0.0,0.0,0.0,0.0,25.02,24.24,22.11,-101,10.8
2026-07-31 20:36:10,Pasillo Salones Civil,37.43,Silence,0.0,38.17,Silence,0.0,0.0,0.0,0.0,0.0,0.0,0.0,0.0,0.0,0.0,38.34,37.4,36.47,-105,11.8
2026-07-31 20:36:22,Laboratorios Civil Superior,45.19,Group 1 (Common),80.21,45.91,Group 5 (Vehicle),45.29,0.0,0.0,0.0,45.78,80.21,0.65,0.04,0.17,18.84,45.75,45.17,44.81,-114,4.8
2026-07-31 20:36:31,Laboratorios Eléctrica Centro,45.96,Mixed,66.36,46.9,Group 5 (Vehicle),46.01,0.0,46.38,0.0,46.11,22.61,0.22,10.76,0.09,66.36,46.92,45.97,45.23,-119,-14.8
2026-07-31 20:37:51,Lobby Civil,48.74,Mixed,39.32,53.32,Group 5 (Vehicle),46.87,48.62,0.0,0.0,51.21,39.32,20.01,0.0,3.43,37.28,54.95,44.95,36.56,-90,11.5
2026-07-31 20:37:58,Pasillo Decanato Civil,22.76,Silence,0.0,23.51,Silence,0.0,0.0,0.0,0.0,0.0,0.0,0.0,0.0,0.0,0.0,23.65,22.76,22.0,-114,4.5
2026-07-31 20:39:12,Salón - Extremo Eléctrica,17.08,Silence,0.0,18.27,Silence,0.0,0.0,0.0,0.0,0.0,0.0,0.0,0.0,0.0,0.0,18.33,16.87,15.76,-111,6.8
2026-07-31 20:39:20,Laboratorios Eléctrica Superior,40.46,Silence,0.0,41.17,Silence,0.0,0.0,0.0,0.0,0.0,0.0,0.0,0.0,0.0,0.0,41.64,40.27,39.93,-101,12.2
2026-07-31 20:39:37,Salón - Uma Civil,36.74,Silence,0.0,38.16,Silence,0.0,0.0,0.0,0.0,0.0,0.0,0.0,0.0,0.0,0.0,37.82,36.71,34.85,-120,-8.8
2026-07-31 20:39:39,Pasillo Decanato Eléctrica,23.32,Silence,0.0,24.21,Silence,0.0,0.0,0.0,0.0,0.0,0.0,0.0,0.0,0.0,0.0,24.58,23.11,22.72,-111,5.0
2026-07-31 20:40:13,Laboratorios Civil Central,51.94,Group 1 (Common),91.49,52.96,Group 1 (Common),51.69,0.0,0.0,0.0,0.0,91.49,4.04,0.0,0.26,4.3,53.65,51.79,51.19,-103,12.0
2026-07-31 20:40:13,Laboratorios Eléctrica Inferior,47.67,Mixed,64.06,48.73,Group 1 (Common),48.24,0.0,0.0,0.0,47.87,34.07,1.26,0.0,0.52,64.06,48.66,47.57,46.67,-113,8.5
2026-07-31 20:40:20,Lobby Eléctrica,47.03,Group 1 (Common),90.04,47.78,Group 1 (Common),46.99,0.0,0.0,0.0,0.0,90.04,4.2,1.03,0.2,4.44,47.69,47.23,45.89,-89,12.2
2026-07-31 20:40:23,Laboratorios Civil Inferior,39.76,Silence,0.0,41.0,Silence,0.0,0.0,0.0,0.0,0.0,0.0,0.0,0.0,0.0,0.0,41.5,39.43,38.13,-120,-12.8
2026-07-31 20:40:29,Pasillo Salones Eléctrica,32.52,Silence,0.0,33.18,Silence,0.0,0.0,0.0,0.0,0.0,0.0,0.0,0.0,0.0,0.0,33.28,32.62,31.18,-105,11.8
2026-07-31 20:40:38,Salón - Uma Eléctrica,43.36,Silence,0.0,44.33,Silence,0.0,0.0,0.0,0.0,0.0,0.0,0.0,0.0,0.0,0.0,44.53,43.29,42.25,-113,4.5
2026-07-31 20:41:05,Salón - Extremo Civil,21.73,Silence,0.0,22.39,Silence,0.0,0.0,0.0,0.0,0.0,0.0,0.0,0.0,0.0,0.0,22.58,21.65,20.95,-99,8.8
2026-07-31 20:41:10,Pasillo Salones Civil,36.79,Silence,0.0,38.17,Silence,0.0,0.0,0.0,0.0,0.0,0.0,0.0,0.0,0.0,0.0,37.58,36.74,36.19,-114,0.8
2026-07-31 20:41:22,Laboratorios Civil Superior,45.11,Group 1 (Common),77.0,46.02,Group 1 (Common),45.33,0.0,0.0,0.0,0.0,77.0,0.78,0.0,0.09,22.09,45.82,45.01,44.38,-99,11.8
2026-07-31 20:41:31,Laboratorios Eléctrica Centro,46.13,Group 5 (Vehicle),90.67,46.76,Group 5 (Vehicle),0.0,0.0,0.0,0.0,46.14,5.22,0.0,4.1,0.05,90.67,46.78,46.15,45.49,-103,11.8
2026-07-31 20:42:51,Lobby Civil,51.63,Group 5 (Vehicle),87.37,56.95,Group 5 (Vehicle),37.73,0.0,0.0,0.0,48.85,7.6,2.78,0.04,2.26,87.37,57.93,44.98,39.44,-107,11.2
2026-07-31 20:42:58,Pasillo Decanato Civil,24.83,Silence,0.0,27.19,Silence,0.0,0.0,0.0,0.0,0.0,0.0,0.0,0.0,0.0,0.0,25.67,24.96,23.22,-112,5.2
2026-07-31 20:44:12,Salón - Extremo Eléctrica,17.16,Silence,0.0,17.99,Silence,0.0,0.0,0.0,0.0,0.0,0.0,0.0,0.0,0.0,0.0,17.87,17.05,16.55,-113,3.2
2026-07-31 20:44:20,Laboratorios Eléctrica Superior,40.0,Silence,0.0,40.6,Silence,0.0,0.0,0.0,0.0,0.0,0.0,0.0,0.0,0.0,0.0,40.81,39.86,39.54,-102,9.8
2026-07-31 20:44:37,Salón - Uma Civil,37.09,Silence,0.0,38.21,Silence,0.0,0.0,0.0,0.0,0.0,0.0,0.0,0.0,0.0,0.0,37.95,36.84,36.1,-109,7.5
2026-07-31 20:44:39,Pasillo Decanato Eléctrica,23.06,Silence,0.0,24.36,Silence,0.0,0.0,0.0,0.0,0.0,0.0,0.0,0.0,0.0,0.0,24.0,22.92,22.28,-105,8.8
2026-07-31 20:45:06,Laboratorios Civil Central,50.45,Mixed,69.92,52.75,Group 1 (Common),50.97,0.0,0.0,0.0,0.0,69.92,0.56,0.0,0.13,29.3,51.37,50.46,49.62,-105,5.8
2026-07-31 20:45:11,Laboratorios Eléctrica Inferior,48.14,Mixed,49.26,49.07,Group 5 (Vehicle),48.15,0.0,0.0,0.0,48.24,48.91,1.17,0.09,0.56,49.26,49.24,48.13,47.55,-113,7.0
2026-07-31 20:45:20,Lobby Eléctrica,51.56,Mixed,42.06,52.63,Group 1 (Common),51.8,0.0,51.34,0.0,0.0,42.06,17.19,40.32,0.39,0.0,52.54,51.45,50.69,-103,8.8
2026-07-31 20:45:34,Laboratorios Civil Inferior,41.23,Silence,0.0,42.13,Silence,0.0,0.0,0.0,0.0,0.0,0.0,0.0,0.0,0.0,0.0,41.98,41.22,39.99,-117,-6.5
2026-07-31 20:45:34,Pasillo Salones Eléctrica,32.31,Silence,0.0,33.18,Silence,0.0,0.0,0.0,0.0,0.0,0.0,0.0,0.0,0.0,0.0,33.38,32.36,31.15,-102,12.2
2026-07-31 20:45:38,Salón - Uma Eléctrica,43.45,Silence,0.0,44.12,Silence,0.0,0.0,0.0,0.0,0.0,0.0,0.0,0.0,0.0,0.0,44.13,43.42,42.84,-118,-13.0
2026-07-31 20:46:05,Salón - Extremo Civil,19.36,Silence,0.0,20.09,Silence,0.0,0.0,0.0,0.0,0.0,0.0,0.0,0.0,0.0,0.0,20.14,19.29,18.6,-107,11.2
2026-07-31 20:46:10,Pasillo Salones Civil,37.2,Silence,0.0,37.96,Silence,0.0,0.0,0.0,0.0,0.0,0.0,0.0,0.0,0.0,0.0,37.93,37.33,36.17,-107,10.5
2026-07-31 20:46:22,Laboratorios Civil Superior,44.55,Silence,0.0,45.48,Silence,0.0,0.0,0.0,0.0,0.0,0.0,0.0,0.0,0.0,0.0,45.38,44.38,43.74,-105,11.0
2026-07-31 20:46:31,Laboratorios Eléctrica Centro,45.84,Group 5 (Vehicle),77.59,46.39,Group 5 (Vehicle),0.0,0.0,45.8,0.0,45.78,10.89,0.63,10.74,0.0,77.59,46.68,45.81,44.53,-115,-8.8
2026-07-31 20:47:51,Lobby Civil,35.12,Silence,0.0,36.91,Silence,0.0,0.0,0.0,0.0,0.0,0.0,0.0,0.0,0.0,0.0,36.67,34.89,33.96,-95,13.0
2026-07-31 20:47:58,Pasillo Decanato Civil,22.6,Silence,0.0,23.6,Silence,0.0,0.0,0.0,0.0,0.0,0.0,0.0,0.0,0.0,0.0,23.81,22.46,22.24,-111,7.5
2026-07-31 20:49:12,Salón - Extremo Eléctrica,17.55,Silence,0.0,18.4,Silence,0.0,0.0,0.0,0.0,0.0,0.0,0.0,0.0,0.0,0.0,18.72,17.37,16.79,-93,13.0
2026-07-31 20:49:20,Laboratorios Eléctrica Superior,40.17,Silence,0.0,40.79,Silence,0.0,0.0,0.0,0.0,0.0,0.0,0.0,0.0,0.0,0.0,40.93,39.94,39.46,-103,12.0
2026-07-31 20:49:37,Salón - Uma Civil,36.92,Silence,0.0,38.36,Silence,0.0,0.0,0.0,0.0,0.0,0.0,0.0,0.0,0.0,0.0,38.51,36.9,35.38,-109,7.8
2026-07-31 20:49:39,Pasillo Decanato Eléctrica,22.87,Silence,0.0,23.98,Silence,0.0,0.0,0.0,0.0,0.0,0.0,0.0,0.0,0.0,0.0,23.99,22.96,21.46,-111,3.0
2026-07-31 20:50:06,Laboratorios Civil Central,51.38,Group 1 (Common),95.95,52.39,Group 1 (Common),51.23,0.0,0.0,0.0,0.0,95.95,1.46,0.0,0.2,2.49,52.16,51.15,50.31,-105,11.8
2026-07-31 20:50:11,Laboratorios Eléctrica Inferior,48.5,Mixed,62.54,49.2,Group 5 (Vehicle),48.56,0.0,0.0,0.0,48.77,35.81,0.87,0.0,0.65,62.54,49.25,48.56,47.55,-120,-6.2
2026-07-31 20:50:20,Lobby Eléctrica,29.36,Silence,0.0,30.67,Silence,0.0,0.0,0.0,0.0,0.0,0.0,0.0,0.0,0.0,0.0,30.13,29.55,28.26,-119,-0.2
2026-07-31 20:50:23,Laboratorios Civil Inferior,38.83,Silence,0.0,39.72,Silence,0.0,0.0,0.0,0.0,0.0,0.0,0.0,0.0,0.0,0.0,39.94,38.77,37.85,-120,-10.0
2026-07-31 20:50:29,Pasillo Salones Eléctrica,32.69,Silence,0.0,33.34,Silence,0.0,0.0,0.0,0.0,0.0,0.0,0.0,0.0,0.0,0.0,33.8,32.48,32.02,-96,3.8
2026-07-31 20:50:38,Salón - Uma Eléctrica,44.1,Silence,0.0,45.14,Silence,0.0,0.0,0.0,0.0,0.0,0.0,0.0,0.0,0.0,0.0,45.2,44.02,43.37,-117,-13.5
2026-07-31 20:51:05,Salón - Extremo Civil,19.06,Silence,0.0,19.64,Silence,0.0,0.0,0.0,0.0,0.0,0.0,0.0,0.0,0.0,0.0,19.73,18.98,18.52,-101,12.0
2026-07-31 20:51:10,Pasillo Salones Civil,37.5,Silence,0.0,38.23,Silence,0.0,0.0,0.0,0.0,0.0,0.0,0.0,0.0,0.0,0.0,38.84,37.17,36.51,-111,6.0
2026-07-31 20:51:22,Laboratorios Civil Superior,44.74,Silence,0.0,46.48,Silence,0.0,0.0,0.0,0.0,0.0,0.0,0.0,0.0,0.0,0.0,45.63,44.83,43.55,-107,10.8
2026-07-31 20:51:31,Laboratorios Eléctrica Centro,45.91,Group 5 (Vehicle),74.22,46.55,Group 5 (Vehicle),45.67,0.0,0.0,0.0,45.88,25.39,0.13,0.17,0.04,74.22,46.41,45.93,45.21,-119,-11.0
2026-07-31 20:52:51,Lobby Civil,35.91,Silence,0.0,37.28,Silence,0.0,0.0,0.0,0.0,0.0,0.0,0.0,0.0,0.0,0.0,37.64,35.72,35.1,-105,9.5
2026-07-31 20:52:58,Pasillo Decanato Civil,22.18,Silence,0.0,23.42,Silence,0.0,0.0,0.0,0.0,0.0,0.0,0.0,0.0,0.0,0.0,23.04,22.13,21.01,-113,4.5
2026-07-31 20:54:12,Salón - Extremo Eléctrica,16.32,Silence,0.0,16.83,Silence,0.0,0.0,0.0,0.0,0.0,0.0,0.0,0.0,0.0,0.0,16.9,16.41,15.62,-88,12.2
2026-07-31 20:54:20,Laboratorios Eléctrica Superior,40.21,Silence,0.0,40.94,Silence,0.0,0.0,0.0,0.0,0.0,0.0,0.0,0.0,0.0,0.0,40.69,40.12,39.55,-100,6.2
2026-07-31 20:54:37,Salón - Uma Civil,37.85,Silence,0.0,39.77,Silence,0.0,0.0,0.0,0.0,0.0,0.0,0.0,0.0,0.0,0.0,40.09,36.9,35.7,-114,6.5
2026-07-31 20:54:39,Pasillo Decanato Eléctrica,22.72,Silence,0.0,23.78,Silence,0.0,0.0,0.0,0.0,0.0,0.0,0.0,0.0,0.0,0.0,23.39,22.81,21.79,-115,2.0
2026-07-31 20:55:06,Laboratorios Civil Central,51.43,Group 1 (Common),87.11,52.72,Group 1 (Common),51.71,0.0,0.0,0.0,0.0,87.11,0.39,0.0,0.13,12.46,52.78,51.6,50.17,-118,-5.0
2026-07-31 20:55:11,Laboratorios Eléctrica Inferior,47.68,Mixed,58.79,48.41,Group 5 (Vehicle),47.96,0.0,0.0,0.0,48.09,37.26,2.29,0.0,1.71,58.79,48.11,47.59,47.26,-113,3.2
2026-07-31 20:55:20,Lobby Eléctrica,29.34,Silence,0.0,30.15,Silence,0.0,0.0,0.0,0.0,0.0,0.0,0.0,0.0,0.0,0.0,29.73,29.44,28.83,-114,3.5
2026-07-31 20:55:23,Laboratorios Civil Inferior,40.16,Silence,0.0,41.23,Silence,0.0,0.0,0.0,0.0,0.0,0.0,0.0,0.0,0.0,0.0,41.28,40.12,39.15,-120,-9.2
2026-07-31 20:55:29,Pasillo Salones Eléctrica,32.4,Silence,0.0,33.2,Silence,0.0,0.0,0.0,0.0,0.0,0.0,0.0,0.0,0.0,0.0,33.33,32.48,30.63,-102,10.8
2026-07-31 20:55:38,Salón - Uma Eléctrica,43.52,Silence,0.0,44.44,Silence,0.0,0.0,0.0,0.0,0.0,0.0,0.0,0.0,0.0,0.0,44.56,43.25,42.58,-107,8.5
2026-07-31 20:56:15,Salón - Extremo Civil,18.83,Silence,0.0,19.42,Silence,0.0,0.0,0.0,0.0,0.0,0.0,0.0,0.0,0.0,0.0,19.15,18.87,18.32,-101,13.5
2026-07-31 20:56:15,Pasillo Salones Civil,36.49,Silence,0.0,37.24,Silence,0.0,0.0,0.0,0.0,0.0,0.0,0.0,0.0,0.0,0.0,37.05,36.81,35.47,-109,6.5
2026-07-31 20:56:22,Laboratorios Civil Superior,45.03,Group 1 (Common),95.02,45.68,Group 1 (Common),45.4,0.0,0.0,0.0,0.0,95.02,1.32,0.0,0.0,3.56,45.49,44.95,44.66,-103,8.8
2026-07-31 20:56:31,Laboratorios Eléctrica Centro,45.35,Group 5 (Vehicle),93.66,46.27,Group 5 (Vehicle),0.0,0.0,0.0,0.0,45.4,5.3,0.0,1.17,0.0,93.66,46.31,45.26,44.42,-111,8.2
2026-07-31 20:57:51,Lobby Civil,34.68,Silence,0.0,35.93,Silence,0.0,0.0,0.0,0.0,0.0,0.0,0.0,0.0,0.0,0.0,36.29,34.33,33.93,-103,10.8
2026-07-31 20:57:58,Pasillo Decanato Civil,22.14,Silence,0.0,23.0,Silence,0.0,0.0,0.0,0.0,0.0,0.0,0.0,0.0,0.0,0.0,22.75,22.31,21.53,-110,4.0
2026-07-31 20:59:12,Salón - Extremo Eléctrica,17.09,Silence,0.0,18.25,Silence,0.0,0.0,0.0,0.0,0.0,0.0,0.0,0.0,0.0,0.0,18.13,16.84,16.49,-91,13.8
2026-07-31 20:59:20,Laboratorios Eléctrica Superior,40.2,Silence,0.0,41.18,Silence,0.0,0.0,0.0,0.0,0.0,0.0,0.0,0.0,0.0,0.0,41.22,39.99,39.28,-105,12.0
2026-07-31 20:59:37,Salón - Uma Civil,35.79,Silence,0.0,37.25,Silence,0.0,0.0,0.0,0.0,0.0,0.0,0.0,0.0,0.0,0.0,36.39,36.02,34.91,-120,-9.0
2026-07-31 20:59:39,Pasillo Decanato Eléctrica,22.83,Silence,0.0,23.5,Silence,0.0,0.0,0.0,0.0,0.0,0.0,0.0,0.0,0.0,0.0,23.27,22.95,22.23,-105,11.0
2026-07-31 21:00:06,Laboratorios Civil Central,51.76,Group 1 (Common),88.54,52.66,Group 1 (Common),51.7,0.0,0.0,0.0,0.0,88.54,0.56,0.0,0.09,10.63,52.68,51.94,50.75,-108,6.8
2026-07-31 21:00:11,Laboratorios Eléctrica Inferior,47.72,Mixed,58.69,48.57,Group 5 (Vehicle),47.73,0.0,0.0,0.0,48.07,25.93,10.99,0.68,3.76,58.69,48.36,47.46,47.18,-120,-5.0
2026-07-31 21:00:20,Lobby Eléctrica,30.47,Silence,0.0,31.45,Silence,0.0,0.0,0.0,0.0,0.0,0.0,0.0,0.0,0.0,0.0,31.59,30.51,29.34,-117,0.8
2026-07-31 21:00:23,Laboratorios Civil Inferior,42.36,Silence,0.0,42.97,Silence,0.0,0.0,0.0,0.0,0.0,0.0,0.0,0.0,0.0,0.0,43.3,42.25,41.28,-114,-7.8
2026-07-31 21:00:29,Pasillo Salones Eléctrica,32.46,Silence,0.0,34.0,Silence,0.0,0.0,0.0,0.0,0.0,0.0,0.0,0.0,0.0,0.0,33.96,32.34,31.41,-115,4.0
2026-07-31 21:00:38,Salón - Uma Eléctrica,43.88,Silence,0.0,44.38,Silence,0.0,0.0,0.0,0.0,0.0,0.0,0.0,0.0,0.0,0.0,44.34,43.8,43.3,-118,-11.2
2026-07-31 21:01:05,Salón - Extremo Civil,19.64,Silence,0.0,20.64,Silence,0.0,0.0,0.0,0.0,0.0,0.0,0.0,0.0,0.0,0.0,20.67,19.59,18.34,-85,9.5
2026-07-31 21:01:10,Pasillo Salones Civil,36.73,Silence,0.0,37.25,Silence,0.0,0.0,0.0,0.0,0.0,0.0,0.0,0.0,0.0,0.0,37.4,36.7,36.22,-101,9.2
2026-07-31 21:01:22,Laboratorios Civil Superior,45.6,Group 1 (Common),85.11,46.56,Group 1 (Common),45.67,0.0,0.0,0.0,0.0,85.11,1.91,0.0,0.69,12.33,46.84,45.52,44.96,-111,4.5
2026-07-31 21:01:35,Laboratorios Eléctrica Centro,45.75,Group 5 (Vehicle),94.7,46.26,Group 5 (Vehicle),0.0,0.0,0.0,0.0,45.91,1.65,0.0,3.73,0.0,94.7,46.34,45.85,44.8,-107,7.0
2026-07-31 21:02:51,Lobby Civil,33.91,Silence,0.0,34.83,Silence,0.0,0.0,0.0,0.0,0.0,0.0,0.0,0.0,0.0,0.0,34.65,33.71,33.02,-105,10.5
2026-07-31 21:02:58,Pasillo Decanato Civil,22.09,Silence,0.0,22.96,Silence,0.0,0.0,0.0,0.0,0.0,0.0,0.0,0.0,0.0,0.0,22.9,22.18,20.9,-113,6.2
2026-07-31 21:04:12,Salón - Extremo Eléctrica,17.15,Silence,0.0,18.26,Silence,0.0,0.0,0.0,0.0,0.0,0.0,0.0,0.0,0.0,0.0,18.41,17.23,16.21,-95,12.8
2026-07-31 21:04:20,Laboratorios Eléctrica Superior,40.13,Silence,0.0,40.82,Silence,0.0,0.0,0.0,0.0,0.0,0.0,0.0,0.0,0.0,0.0,41.1,40.26,39.33,-114,1.2
2026-07-31 21:04:37,Salón - Uma Civil,37.44,Silence,0.0,39.48,Silence,0.0,0.0,0.0,0.0,0.0,0.0,0.0,0.0,0.0,0.0,40.22,36.96,35.85,-100,10.5
2026-07-31 21:04:39,Pasillo Decanato Eléctrica,22.82,Silence,0.0,24.21,Silence,0.0,0.0,0.0,0.0,0.0,0.0,0.0,0.0,0.0,0.0,24.49,22.56,22.21,-119,-11.5
2026-07-31 21:05:06,Laboratorios Civil Central,52.17,Group 1 (Common),88.06,53.16,Group 1 (Common),52.18,0.0,0.0,0.0,0.0,88.06,0.43,0.0,0.17,11.37,53.12,52.3,50.69,-120,-4.2
2026-07-31 21:05:11,Laboratorios Eléctrica Inferior,48.27,Group 5 (Vehicle),87.72,49.4,Group 5 (Vehicle),48.66,0.0,0.0,0.0,48.65,11.24,0.26,0.09,0.78,87.72,49.51,47.93,47.42,-114,4.8
2026-07-31 21:05:20,Lobby Eléctrica,29.24,Silence,0.0,30.28,Silence,0.0,0.0,0.0,0.0,0.0,0.0,0.0,0.0,0.0,0.0,30.05,29.24,27.87,-117,0.2
2026-07-31 21:05:23,Laboratorios Civil Inferior,40.8,Silence,0.0,41.46,Silence,0.0,0.0,0.0,0.0,0.0,0.0,0.0,0.0,0.0,0.0,41.5,40.77,40.1,-119,-9.2
2026-07-31 21:05:29,Pasillo Salones Eléctrica,35.46,Silence,0.0,37.02,Silence,0.0,0.0,0.0,0.0,0.0,0.0,0.0,0.0,0.0,0.0,37.16,34.93,34.14,-101,11.5
2026-07-31 21:05:38,Salón - Uma Eléctrica,43.73,Silence,0.0,44.44,Silence,0.0,0.0,0.0,0.0,0.0,0.0,0.0,0.0,0.0,0.0,44.59,43.76,42.86,-120,-9.0
2026-07-31 21:06:05,Salón - Extremo Civil,19.4,Silence,0.0,19.98,Silence,0.0,0.0,0.0,0.0,0.0,0.0,0.0,0.0,0.0,0.0,19.86,19.41,18.83,-102,11.5
2026-07-31 21:06:10,Pasillo Salones Civil,37.71,Silence,0.0,38.68,Silence,0.0,0.0,0.0,0.0,0.0,0.0,0.0,0.0,0.0,0.0,39.05,37.56,37.05,-105,12.0
2026-07-31 21:06:22,Laboratorios Civil Superior,44.36,Silence,0.0,45.72,Silence,0.0,0.0,0.0,0.0,0.0,0.0,0.0,0.0,0.0,0.0,45.35,44.61,43.39,-114,4.2
2026-07-31 21:06:32,Laboratorios Eléctrica Centro,45.7,Group 5 (Vehicle),86.68,46.36,Group 5 (Vehicle),0.0,0.0,45.71,0.0,45.78,7.16,0.0,6.08,0.0,86.68,46.34,45.72,45.04,-107,7.5
2026-07-31 21:07:51,Lobby Civil,33.46,Silence,0.0,34.8,Silence,0.0,0.0,0.0,0.0,0.0,0.0,0.0,0.0,0.0,0.0,35.02,33.25,32.24,-109,8.2
2026-07-31 21:07:58,Pasillo Decanato Civil,21.59,Silence,0.0,22.3,Silence,0.0,0.0,0.0,0.0,0.0,0.0,0.0,0.0,0.0,0.0,21.93,21.55,21.11,-97,11.8
2026-07-31 21:09:12,Salón - Extremo Eléctrica,17.01,Silence,0.0,17.81,Silence,0.0,0.0,0.0,0.0,0.0,0.0,0.0,0.0,0.0,0.0,17.89,16.81,16.57,-91,9.5
2026-07-31 21:09:20,Laboratorios Eléctrica Superior,63.26,Group 1 (Common),74.09,66.23,Group 1 (Common),61.74,0.0,0.0,62.04,63.71,74.09,2.17,0.0,14.97,8.77,66.9,62.52,56.0,-117,2.2
2026-07-31 21:09:37,Salón - Uma Civil,37.91,Silence,0.0,39.32,Silence,0.0,0.0,0.0,0.0,0.0,0.0,0.0,0.0,0.0,0.0,39.5,37.43,36.67,-113,6.5
2026-07-31 21:09:39,Pasillo Decanato Eléctrica,23.01,Silence,0.0,23.79,Silence,0.0,0.0,0.0,0.0,0.0,0.0,0.0,0.0,0.0,0.0,24.01,23.07,22.11,-113,6.0
2026-07-31 21:10:06,Laboratorios Civil Central,53.02,Group 1 (Common),88.37,53.91,Group 1 (Common),53.34,0.0,0.0,0.0,0.0,88.37,0.65,0.0,0.3,10.55,54.08,53.09,51.1,-119,-7.0
2026-07-31 21:10:11,Laboratorios Eléctrica Inferior,48.23,Group 5 (Vehicle),81.34,49.35,Group 5 (Vehicle),48.6,0.0,0.0,0.0,48.44,13.19,4.25,0.17,1.17,81.34,49.25,48.2,47.33,-120,-11.2
2026-07-31 21:10:20,Lobby Eléctrica,34.91,Silence,0.0,35.56,Silence,0.0,0.0,0.0,0.0,0.0,0.0,0.0,0.0,0.0,0.0,35.66,34.8,34.43,-99,11.8
2026-07-31 21:10:23,Laboratorios Civil Inferior,40.07,Silence,0.0,41.22,Silence,0.0,0.0,0.0,0.0,0.0,0.0,0.0,0.0,0.0,0.0,41.06,40.09,39.29,-118,-12.2
2026-07-31 21:10:29,Pasillo Salones Eléctrica,31.8,Silence,0.0,32.62,Silence,0.0,0.0,0.0,0.0,0.0,0.0,0.0,0.0,0.0,0.0,32.55,31.5,30.73,-103,12.0
2026-07-31 21:10:38,Salón - Uma Eléctrica,44.44,Silence,0.0,45.2,Silence,0.0,0.0,0.0,0.0,0.0,0.0,0.0,0.0,0.0,0.0,45.18,44.38,43.58,-108,7.8
2026-07-31 21:11:05,Salón - Extremo Civil,19.09,Silence,0.0,19.62,Silence,0.0,0.0,0.0,0.0,0.0,0.0,0.0,0.0,0.0,0.0,19.65,19.18,17.52,-102,11.0
2026-07-31 21:11:10,Pasillo Salones Civil,37.54,Silence,0.0,38.39,Silence,0.0,0.0,0.0,0.0,0.0,0.0,0.0,0.0,0.0,0.0,38.56,37.57,36.57,-113,5.8
2026-07-31 21:11:22,Laboratorios Civil Superior,44.93,Silence,0.0,45.82,Silence,0.0,0.0,0.0,0.0,0.0,0.0,0.0,0.0,0.0,0.0,45.9,44.85,44.09,-97,12.0
2026-07-31 21:11:32,Laboratorios Eléctrica Centro,46.12,Group 5 (Vehicle),87.02,47.13,Group 5 (Vehicle),0.0,0.0,0.0,0.0,46.16,7.9,0.74,4.34,0.04,87.02,47.14,45.93,45.11,-107,10.0
2026-07-31 21:12:51,Lobby Civil,43.02,Silence,0.0,43.61,Silence,0.0,0.0,0.0,0.0,0.0,0.0,0.0,0.0,0.0,0.0,43.37,43.15,42.22,-105,11.0
2026-07-31 21:12:58,Pasillo Decanato Civil,21.9,Silence,0.0,22.62,Silence,0.0,0.0,0.0,0.0,0.0,0.0,0.0,0.0,0.0,0.0,22.51,21.89,20.96,-105,10.5
2026-07-31 21:14:13,Salón - Extremo Eléctrica,15.47,Silence,0.0,16.19,Silence,0.0,0.0,0.0,0.0,0.0,0.0,0.0,0.0,0.0,0.0,16.11,15.54,14.76,-114,5.0
2026-07-31 21:14:20,Laboratorios Eléctrica Superior,16.09,Silence,0.0,17.0,Silence,0.0,0.0,0.0,0.0,0.0,0.0,0.0,0.0,0.0,0.0,16.69,16.0,15.27,-101,13.0
2026-07-31 21:14:37,Salón - Uma Civil,10.3,Silence,0.0,10.82,Silence,0.0,0.0,0.0,0.0,0.0,0.0,0.0,0.0,0.0,0.0,10.83,10.09,9.92,-103,11.2
2026-07-31 21:14:39,Pasillo Decanato Eléctrica,23.23,Silence,0.0,24.24,Silence,0.0,0.0,0.0,0.0,0.0,0.0,0.0,0.0,0.0,0.0,24.31,23.04,21.84,-114,4.5
2026-07-31 21:15:06,Laboratorios Civil Central,49.69,Group 1 (Common),79.99,50.86,Group 1 (Common),50.12,0.0,0.0,0.0,0.0,79.99,0.82,9.38,0.09,9.59,51.09,50.04,45.1,-102,11.2
2026-07-31 21:15:11,Laboratorios Eléctrica Inferior,23.08,Silence,0.0,24.25,Silence,0.0,0.0,0.0,0.0,0.0,0.0,0.0,0.0,0.0,0.0,23.91,22.9,22.18,-120,-8.5
2026-07-31 21:15:20,Lobby Eléctrica,24.32,Silence,0.0,24.88,Silence,0.0,0.0,0.0,0.0,0.0,0.0,0.0,0.0,0.0,0.0,25.03,24.36,23.43,-99,12.8
2026-07-31 21:15:23,Laboratorios Civil Inferior,40.25,Silence,0.0,41.02,Silence,0.0,0.0,0.0,0.0,0.0,0.0,0.0,0.0,0.0,0.0,41.13,40.13,39.15,-119,-12.5
2026-07-31 21:15:29,Pasillo Salones Eléctrica,28.53,Silence,0.0,29.76,Silence,0.0,0.0,0.0,0.0,0.0,0.0,0.0,0.0,0.0,0.0,29.67,28.64,27.68,-112,2.5
2026-07-31 21:15:38,Salón - Uma Eléctrica,43.58,Silence,0.0,44.51,Silence,0.0,0.0,0.0,0.0,0.0,0.0,0.0,0.0,0.0,0.0,44.04,43.65,42.24,-118,-9.5
2026-07-31 21:16:05,Salón - Extremo Civil,13.37,Silence,0.0,13.92,Silence,0.0,0.0,0.0,0.0,0.0,0.0,0.0,0.0,0.0,0.0,13.97,13.41,12.85,-95,12.2
2026-07-31 21:16:10,Pasillo Salones Civil,14.17,Silence,0.0,14.87,Silence,0.0,0.0,0.0,0.0,0.0,0.0,0.0,0.0,0.0,0.0,14.82,13.75,13.55,-101,10.2
2026-07-31 21:16:22,Laboratorios Civil Superior,44.91,Silence,0.0,45.83,Silence,0.0,0.0,0.0,0.0,0.0,0.0,0.0,0.0,0.0,0.0,45.89,44.98,44.05,-111,6.0
2026-07-31 21:17:51,Lobby Civil,44.04,Silence,0.0,44.62,Silence,0.0,0.0,0.0,0.0,0.0,0.0,0.0,0.0,0.0,0.0,44.64,44.18,43.29,-109,6.2
2026-07-31 21:18:05,Pasillo Decanato Civil,21.79,Silence,0.0,22.62,Silence,0.0,0.0,0.0,0.0,0.0,0.0,0.0,0.0,0.0,0.0,22.55,21.72,21.19,-94,11.8
2026-07-31 21:19:13,Salón - Extremo Eléctrica,15.76,Silence,0.0,16.35,Silence,0.0,0.0,0.0,0.0,0.0,0.0,0.0,0.0,0.0,0.0,16.24,15.67,15.53,-92,11.5
2026-07-31 21:19:20,Laboratorios Eléctrica Superior,19.06,Silence,0.0,19.9,Silence,0.0,0.0,0.0,0.0,0.0,0.0,0.0,0.0,0.0,0.0,19.58,19.06,18.41,-103,10.8
2026-07-31 21:19:37,Salón - Uma Civil,12.44,Silence,0.0,14.99,Silence,0.0,0.0,0.0,0.0,0.0,0.0,0.0,0.0,0.0,0.0,15.19,11.5,10.73,-120,-10.5
2026-07-31 21:19:39,Pasillo Decanato Eléctrica,23.64,Silence,0.0,24.38,Silence,0.0,0.0,0.0,0.0,0.0,0.0,0.0,0.0,0.0,0.0,24.29,23.78,22.87,-115,1.0
2026-07-31 21:20:06,Laboratorios Civil Central,47.63,Group 1 (Common),87.54,48.96,Group 1 (Common),47.81,0.0,0.0,0.0,0.0,87.54,0.04,0.0,0.0,12.11,48.84,47.64,46.22,-120,-8.2
2026-07-31 21:20:11,Laboratorios Eléctrica Inferior,30.09,Silence,0.0,31.33,Silence,0.0,0.0,0.0,0.0,0.0,0.0,0.0,0.0,0.0,0.0,31.64,30.02,28.89,-119,-6.8
2026-07-31 21:20:20,Lobby Eléctrica,24.51,Silence,0.0,25.27,Silence,0.0,0.0,0.0,0.0,0.0,0.0,0.0,0.0,0.0,0.0,25.25,24.58,23.7,-107,12.2
2026-07-31 21:20:23,Laboratorios Civil Inferior,38.4,Silence,0.0,39.56,Silence,0.0,0.0,0.0,0.0,0.0,0.0,0.0,0.0,0.0,0.0,39.24,38.23,37.38,-118,-9.5
2026-07-31 21:20:29,Pasillo Salones Eléctrica,28.07,Silence,0.0,29.06,Silence,0.0,0.0,0.0,0.0,0.0,0.0,0.0,0.0,0.0,0.0,29.06,28.3,27.0,-103,12.2
2026-07-31 21:20:38,Salón - Uma Eléctrica,43.46,Silence,0.0,44.41,Silence,0.0,0.0,0.0,0.0,0.0,0.0,0.0,0.0,0.0,0.0,44.25,43.4,42.5,-111,7.2
2026-07-31 21:21:05,Salón - Extremo Civil,13.27,Silence,0.0,13.79,Silence,0.0,0.0,0.0,0.0,0.0,0.0,0.0,0.0,0.0,0.0,13.79,13.25,12.76,-91,13.5
2026-07-31 21:21:10,Pasillo Salones Civil,13.93,Silence,0.0,14.54,Silence,0.0,0.0,0.0,0.0,0.0,0.0,0.0,0.0,0.0,0.0,14.47,13.94,13.38,-113,5.8
2026-07-31 21:21:22,Laboratorios Civil Superior,44.22,Silence,0.0,45.2,Silence,0.0,0.0,0.0,0.0,0.0,0.0,0.0,0.0,0.0,0.0,45.01,44.28,43.48,-103,10.8
2026-07-31 21:21:32,Laboratorios Eléctrica Centro,30.61,Silence,0.0,33.07,Silence,0.0,0.0,0.0,0.0,0.0,0.0,0.0,0.0,0.0,0.0,34.95,28.96,24.5,-108,9.2
2026-07-31 21:22:51,Lobby Civil,35.16,Silence,0.0,36.97,Silence,0.0,0.0,0.0,0.0,0.0,0.0,0.0,0.0,0.0,0.0,37.17,34.89,32.59,-111,8.5
2026-07-31 21:22:58,Pasillo Decanato Civil,21.57,Silence,0.0,22.71,Silence,0.0,0.0,0.0,0.0,0.0,0.0,0.0,0.0,0.0,0.0,22.99,21.54,20.85,-114,6.5
2026-07-31 21:24:13,Salón - Extremo Eléctrica,16.23,Silence,0.0,19.8,Silence,0.0,0.0,0.0,0.0,0.0,0.0,0.0,0.0,0.0,0.0,20.36,15.45,15.01,-91,10.5
2026-07-31 21:24:20,Laboratorios Eléctrica Superior,15.73,Silence,0.0,16.93,Silence,0.0,0.0,0.0,0.0,0.0,0.0,0.0,0.0,0.0,0.0,16.34,15.94,15.1,-103,12.2
2026-07-31 21:24:37,Salón - Uma Civil,10.24,Silence,0.0,10.73,Silence,0.0,0.0,0.0,0.0,0.0,0.0,0.0,0.0,0.0,0.0,10.59,10.3,9.77,-118,-10.2
2026-07-31 21:24:39,Pasillo Decanato Eléctrica,23.13,Silence,0.0,24.12,Silence,0.0,0.0,0.0,0.0,0.0,0.0,0.0,0.0,0.0,0.0,23.75,22.98,22.07,-105,8.0
2026-07-31 21:25:06,Laboratorios Civil Central,48.86,Mixed,62.63,50.19,Group 1 (Common),48.81,0.0,0.0,0.0,46.9,62.63,0.43,0.74,0.09,35.89,50.49,48.9,47.5,-119,-3.2
2026-07-31 21:25:11,Laboratorios Eléctrica Inferior,23.27,Silence,0.0,24.47,Silence,0.0,0.0,0.0,0.0,0.0,0.0,0.0,0.0,0.0,0.0,24.29,23.24,21.61,-114,2.2
2026-07-31 21:25:20,Lobby Eléctrica,25.91,Silence,0.0,26.85,Silence,0.0,0.0,0.0,0.0,0.0,0.0,0.0,0.0,0.0,0.0,26.69,26.01,24.8,-93,13.0
2026-07-31 21:25:23,Laboratorios Civil Inferior,39.66,Silence,0.0,40.13,Silence,0.0,0.0,0.0,0.0,0.0,0.0,0.0,0.0,0.0,0.0,40.16,39.52,39.15,-118,-5.2
2026-07-31 21:25:29,Pasillo Salones Eléctrica,27.41,Silence,0.0,28.28,Silence,0.0,0.0,0.0,0.0,0.0,0.0,0.0,0.0,0.0,0.0,28.38,27.43,26.53,-103,11.5
2026-07-31 21:25:38,Salón - Uma Eléctrica,42.61,Silence,0.0,43.31,Silence,0.0,0.0,0.0,0.0,0.0,0.0,0.0,0.0,0.0,0.0,43.47,42.58,41.76,-118,-8.5
2026-07-31 21:26:05,Salón - Extremo Civil,13.21,Silence,0.0,13.88,Silence,0.0,0.0,0.0,0.0,0.0,0.0,0.0,0.0,0.0,0.0,14.08,13.07,12.79,-97,12.2
2026-07-31 21:26:10,Pasillo Salones Civil,14.13,Silence,0.0,14.84,Silence,0.0,0.0,0.0,0.0,0.0,0.0,0.0,0.0,0.0,0.0,14.82,14.09,13.33,-103,12.8
2026-07-31 21:26:22,Laboratorios Civil Superior,44.83,Silence,0.0,45.54,Silence,0.0,0.0,0.0,0.0,0.0,0.0,0.0,0.0,0.0,0.0,46.12,44.55,43.8,-114,4.0
2026-07-31 21:26:32,Laboratorios Eléctrica Centro,18.78,Silence,0.0,19.72,Silence,0.0,0.0,0.0,0.0,0.0,0.0,0.0,0.0,0.0,0.0,19.75,18.41,17.64,-107,11.8
2026-07-31 21:27:51,Lobby Civil,45.27,Mixed,54.77,45.85,Group 5 (Vehicle),45.13,0.0,0.0,0.0,45.15,35.24,8.16,0.0,1.78,54.77,46.01,45.32,43.98,-101,12.0
2026-07-31 21:27:58,Pasillo Decanato Civil,33.71,Silence,0.0,40.09,Silence,0.0,0.0,0.0,0.0,0.0,0.0,0.0,0.0,0.0,0.0,41.34,30.91,23.37,-115,3.8
2026-07-31 21:29:14,Salón - Extremo Eléctrica,15.53,Silence,0.0,16.79,Silence,0.0,0.0,0.0,0.0,0.0,0.0,0.0,0.0,0.0,0.0,16.24,15.53,14.93,-97,12.8
2026-07-31 21:29:37,Salón - Uma Civil,10.31,Silence,0.0,11.6,Silence,0.0,0.0,0.0,0.0,0.0,0.0,0.0,0.0,0.0,0.0,11.7,10.18,9.35,-111,7.8
2026-07-31 21:29:39,Pasillo Decanato Eléctrica,22.83,Silence,0.0,23.51,Silence,0.0,0.0,0.0,0.0,0.0,0.0,0.0,0.0,0.0,0.0,23.34,23.12,22.03,-113,6.0
2026-07-31 21:30:06,Laboratorios Civil Central,48.55,Mixed,51.37,49.38,Group 1 (Common),48.25,0.0,0.0,0.0,48.22,51.37,1.46,13.28,0.0,33.79,49.61,48.49,47.31,-100,11.2
2026-07-31 21:30:11,Laboratorios Eléctrica Inferior,23.44,Silence,0.0,24.54,Silence,0.0,0.0,0.0,0.0,0.0,0.0,0.0,0.0,0.0,0.0,24.42,23.31,22.55,-119,-4.8
2026-07-31 21:30:20,Lobby Eléctrica,26.04,Silence,0.0,27.11,Silence,0.0,0.0,0.0,0.0,0.0,0.0,0.0,0.0,0.0,0.0,27.12,25.97,24.47,-119,
2026-07-31 21:30:23,Laboratorios Civil Inferior,40.15,Silence,0.0,41.14,Silence,0.0,0.0,0.0,0.0,0.0,0.0,0.0,0.0,0.0,0.0,41.11,40.22,38.46,-121,-14.0
2026-07-31 21:30:29,Pasillo Salones Eléctrica,27.48,Silence,0.0,28.32,Silence,0.0,0.0,0.0,0.0,0.0,0.0,0.0,0.0,0.0,0.0,28.43,27.46,26.11,-114,
2026-07-31 21:30:38,Salón - Uma Eléctrica,42.9,Silence,0.0,43.65,Silence,0.0,0.0,0.0,0.0,0.0,0.0,0.0,0.0,0.0,0.0,43.55,42.95,42.37,-113,7.8
2026-07-31 21:31:06,Salón - Extremo Civil,13.47,Silence,0.0,14.09,Silence,0.0,0.0,0.0,0.0,0.0,0.0,0.0,0.0,0.0,0.0,14.03,13.49,13.02,-103,12.0
2026-07-31 21:31:10,Pasillo Salones Civil,14.33,Silence,0.0,15.03,Silence,0.0,0.0,0.0,0.0,0.0,0.0,0.0,0.0,0.0,0.0,14.99,14.34,13.64,-100,11.5
2026-07-31 21:31:22,Laboratorios Civil Superior,44.45,Silence,0.0,45.14,Silence,0.0,0.0,0.0,0.0,0.0,0.0,0.0,0.0,0.0,0.0,45.16,44.48,43.8,-107,11.2
2026-07-31 21:31:32,Laboratorios Eléctrica Centro,19.34,Silence,0.0,20.23,Silence,0.0,0.0,0.0,0.0,0.0,0.0,0.0,0.0,0.0,0.0,20.23,19.28,18.84,-102,11.5
2026-07-31 21:32:51,Lobby Civil,34.41,Silence,0.0,35.42,Silence,0.0,0.0,0.0,0.0,0.0,0.0,0.0,0.0,0.0,0.0,35.81,34.34,32.59,-105,11.5
2026-07-31 21:32:58,Pasillo Decanato Civil,21.46,Silence,0.0,22.24,Silence,0.0,0.0,0.0,0.0,0.0,0.0,0.0,0.0,0.0,0.0,21.72,21.52,21.15,-97,12.0
2026-07-31 21:34:13,Salón - Extremo Eléctrica,15.47,Silence,0.0,16.08,Silence,0.0,0.0,0.0,0.0,0.0,0.0,0.0,0.0,0.0,0.0,15.98,15.61,14.75,-90,11.5
2026-07-31 21:34:20,Laboratorios Eléctrica Superior,16.51,Silence,0.0,17.34,Silence,0.0,0.0,0.0,0.0,0.0,0.0,0.0,0.0,0.0,0.0,17.36,16.2,15.8,-99,11.8
2026-07-31 21:34:37,Salón - Uma Civil,11.66,Silence,0.0,12.47,Silence,0.0,0.0,0.0,0.0,0.0,0.0,0.0,0.0,0.0,0.0,12.47,11.72,10.74,-113,5.8
2026-07-31 21:34:39,Pasillo Decanato Eléctrica,23.76,Silence,0.0,24.94,Silence,0.0,0.0,0.0,0.0,0.0,0.0,0.0,0.0,0.0,0.0,24.66,23.74,22.83,-111,3.8
2026-07-31 21:35:06,Laboratorios Civil Central,48.27,Mixed,56.55,49.42,Group 1 (Common),48.34,0.0,0.0,0.0,48.24,56.55,0.09,1.43,0.0,41.8,49.62,48.43,46.54,-108,5.8
2026-07-31 21:35:11,Laboratorios Eléctrica Inferior,24.12,Silence,0.0,25.08,Silence,0.0,0.0,0.0,0.0,0.0,0.0,0.0,0.0,0.0,0.0,24.84,24.2,22.93,-114,1.5
2026-07-31 21:35:20,Lobby Eléctrica,24.41,Silence,0.0,25.6,Silence,0.0,0.0,0.0,0.0,0.0,0.0,0.0,0.0,0.0,0.0,25.09,24.54,23.67,-95,13.5
2026-07-31 21:35:23,Laboratorios Civil Inferior,38.13,Silence,0.0,38.76,Silence,0.0,0.0,0.0,0.0,0.0,0.0,0.0,0.0,0.0,0.0,38.97,38.13,37.41,-115,4.5
2026-07-31 21:35:29,Pasillo Salones Eléctrica,27.62,Silence,0.0,28.53,Silence,0.0,0.0,0.0,0.0,0.0,0.0,0.0,0.0,0.0,0.0,28.62,27.43,26.52,-102,12.0
2026-07-31 21:35:38,Salón - Uma Eléctrica,43.56,Silence,0.0,44.23,Silence,0.0,0.0,0.0,0.0,0.0,0.0,0.0,0.0,0.0,0.0,44.28,43.5,43.09,-115,6.2
2026-07-31 21:36:06,Salón - Extremo Civil,13.08,Silence,0.0,13.88,Silence,0.0,0.0,0.0,0.0,0.0,0.0,0.0,0.0,0.0,0.0,13.93,13.15,12.26,-84,12.5
2026-07-31 21:36:10,Pasillo Salones Civil,14.26,Silence,0.0,14.85,Silence,0.0,0.0,0.0,0.0,0.0,0.0,0.0,0.0,0.0,0.0,14.73,14.25,13.47,-111,6.0
2026-07-31 21:36:22,Laboratorios Civil Superior,44.4,Silence,0.0,45.17,Silence,0.0,0.0,0.0,0.0,0.0,0.0,0.0,0.0,0.0,0.0,45.19,44.05,43.64,-99,6.2
2026-07-31 21:36:32,Laboratorios Eléctrica Centro,20.35,Silence,0.0,21.17,Silence,0.0,0.0,0.0,0.0,0.0,0.0,0.0,0.0,0.0,0.0,21.26,20.47,19.39,-105,11.5
2026-07-31 21:37:51,Lobby Civil,33.4,Silence,0.0,34.5,Silence,0.0,0.0,0.0,0.0,0.0,0.0,0.0,0.0,0.0,0.0,34.16,33.57,31.85,-108,7.8
2026-07-31 21:37:58,Pasillo Decanato Civil,20.52,Silence,0.0,21.6,Silence,0.0,0.0,0.0,0.0,0.0,0.0,0.0,0.0,0.0,0.0,21.45,20.47,19.85,-101,11.2
2026-07-31 21:39:13,Salón - Extremo Eléctrica,15.13,Silence,0.0,15.67,Silence,0.0,0.0,0.0,0.0,0.0,0.0,0.0,0.0,0.0,0.0,15.88,15.21,14.4,-90,12.5
2026-07-31 21:39:20,Laboratorios Eléctrica Superior,16.73,Silence,0.0,17.81,Silence,0.0,0.0,0.0,0.0,0.0,0.0,0.0,0.0,0.0,0.0,18.21,16.5,15.59,-119,-2.5
2026-07-31 21:39:37,Salón - Uma Civil,11.41,Silence,0.0,12.17,Silence,0.0,0.0,0.0,0.0,0.0,0.0,0.0,0.0,0.0,0.0,11.81,11.35,10.77,-105,10.2
2026-07-31 21:39:51,Pasillo Decanato Eléctrica,23.1,Silence,0.0,24.12,Silence,0.0,0.0,0.0,0.0,0.0,0.0,0.0,0.0,0.0,0.0,24.2,23.32,21.73,-105,10.5
2026-07-31 21:40:06,Laboratorios Civil Central,47.81,Mixed,57.2,49.63,Group 1 (Common),47.91,0.0,0.0,0.0,0.0,57.2,0.26,2.47,0.04,39.84,48.75,47.51,46.97,-119,-3.8
2026-07-31 21:40:11,Laboratorios Eléctrica Inferior,23.19,Silence,0.0,23.98,Silence,0.0,0.0,0.0,0.0,0.0,0.0,0.0,0.0,0.0,0.0,24.13,22.98,22.38,-106,9.5
2026-07-31 21:40:20,Lobby Eléctrica,24.94,Silence,0.0,25.98,Silence,0.0,0.0,0.0,0.0,0.0,0.0,0.0,0.0,0.0,0.0,25.89,24.8,24.06,-102,11.8
2026-07-31 21:40:23,Laboratorios Civil Inferior,38.16,Silence,0.0,38.84,Silence,0.0,0.0,0.0,0.0,0.0,0.0,0.0,0.0,0.0,0.0,38.8,38.24,36.65,-115,2.0
2026-07-31 21:40:29,Pasillo Salones Eléctrica,28.12,Silence,0.0,29.22,Silence,0.0,0.0,0.0,0.0,0.0,0.0,0.0,0.0,0.0,0.0,29.11,27.97,26.86,-114,2.2
2026-07-31 21:40:38,Salón - Uma Eléctrica,42.9,Silence,0.0,43.93,Silence,0.0,0.0,0.0,0.0,0.0,0.0,0.0,0.0,0.0,0.0,43.96,42.65,42.08,-115,5.8
2026-07-31 21:41:06,Salón - Extremo Civil,14.06,Silence,0.0,16.26,Silence,0.0,0.0,0.0,0.0,0.0,0.0,0.0,0.0,0.0,0.0,17.13,13.76,12.58,-85,8.8
2026-07-31 21:41:10,Pasillo Salones Civil,16.53,Silence,0.0,18.25,Silence,0.0,0.0,0.0,0.0,0.0,0.0,0.0,0.0,0.0,0.0,18.2,16.02,15.12,-111,3.5
2026-07-31 21:41:22,Laboratorios Civil Superior,44.32,Silence,0.0,45.08,Silence,0.0,0.0,0.0,0.0,0.0,0.0,0.0,0.0,0.0,0.0,44.85,44.49,43.42,-103,12.0
2026-07-31 21:41:32,Laboratorios Eléctrica Centro,18.34,Silence,0.0,19.09,Silence,0.0,0.0,0.0,0.0,0.0,0.0,0.0,0.0,0.0,0.0,19.03,18.32,17.91,-105,11.8
2026-07-31 21:42:51,Lobby Civil,33.46,Silence,0.0,34.22,Silence,0.0,0.0,0.0,0.0,0.0,0.0,0.0,0.0,0.0,0.0,34.39,33.74,31.78,-97,12.0
2026-07-31 21:42:58,Pasillo Decanato Civil,23.16,Silence,0.0,23.79,Silence,0.0,0.0,0.0,0.0,0.0,0.0,0.0,0.0,0.0,0.0,23.84,23.1,22.46,-96,9.2
2026-07-31 21:44:13,Salón - Extremo Eléctrica,15.37,Silence,0.0,16.13,Silence,0.0,0.0,0.0,0.0,0.0,0.0,0.0,0.0,0.0,0.0,16.07,15.17,14.84,-89,12.0
2026-07-31 21:44:20,Laboratorios Eléctrica Superior,16.24,Silence,0.0,16.96,Silence,0.0,0.0,0.0,0.0,0.0,0.0,0.0,0.0,0.0,0.0,16.84,16.28,15.38,-117,1.5
2026-07-31 21:44:37,Salón - Uma Civil,11.55,Silence,0.0,12.56,Silence,0.0,0.0,0.0,0.0,0.0,0.0,0.0,0.0,0.0,0.0,12.58,11.41,10.65,-111,9.0
2026-07-31 21:44:39,Pasillo Decanato Eléctrica,23.3,Silence,0.0,24.32,Silence,0.0,0.0,0.0,0.0,0.0,0.0,0.0,0.0,0.0,0.0,24.54,23.33,21.96,-114,5.2
2026-07-31 21:45:18,Laboratorios Civil Central,47.03,Mixed,49.83,47.86,Group 1 (Common),46.93,0.0,46.49,0.0,46.93,37.11,3.56,9.38,0.04,49.83,48.01,47.28,45.99,-103,3.0
2026-07-31 21:45:18,Laboratorios Eléctrica Inferior,23.08,Silence,0.0,23.8,Silence,0.0,0.0,0.0,0.0,0.0,0.0,0.0,0.0,0.0,0.0,23.79,23.16,21.94,-119,-1.5
2026-07-31 21:45:20,Lobby Eléctrica,25.37,Silence,0.0,26.51,Silence,0.0,0.0,0.0,0.0,0.0,0.0,0.0,0.0,0.0,0.0,26.79,25.31,24.12,-91,13.8
2026-07-31 21:45:23,Laboratorios Civil Inferior,36.81,Silence,0.0,37.58,Silence,0.0,0.0,0.0,0.0,0.0,0.0,0.0,0.0,0.0,0.0,37.59,37.08,35.46,-119,-10.8
2026-07-31 21:45:29,Pasillo Salones Eléctrica,28.19,Silence,0.0,28.9,Silence,0.0,0.0,0.0,0.0,0.0,0.0,0.0,0.0,0.0,0.0,29.14,28.1,27.57,-105,11.0
2026-07-31 21:45:39,Salón - Uma Eléctrica,44.12,Silence,0.0,44.62,Silence,0.0,0.0,0.0,0.0,0.0,0.0,0.0,0.0,0.0,0.0,44.52,44.1,43.71,-115,3.5
2026-07-31 21:46:06,Salón - Extremo Civil,13.77,Silence,0.0,14.51,Silence,0.0,0.0,0.0,0.0,0.0,0.0,0.0,0.0,0.0,0.0,14.45,13.67,13.3,-91,11.8
2026-07-31 21:46:10,Pasillo Salones Civil,14.6,Silence,0.0,15.55,Silence,0.0,0.0,0.0,0.0,0.0,0.0,0.0,0.0,0.0,0.0,15.55,14.57,13.56,-111,4.8
2026-07-31 21:46:22,Laboratorios Civil Superior,32.67,Silence,0.0,33.44,Silence,0.0,0.0,0.0,0.0,0.0,0.0,0.0,0.0,0.0,0.0,33.48,32.56,32.11,-104,4.8
2026-07-31 21:46:32,Laboratorios Eléctrica Centro,18.89,Silence,0.0,19.54,Silence,0.0,0.0,0.0,0.0,0.0,0.0,0.0,0.0,0.0,0.0,19.61,18.77,18.25,-107,11.8
2026-07-31 21:47:51,Lobby Civil,36.82,Silence,0.0,37.59,Silence,0.0,0.0,0.0,0.0,0.0,0.0,0.0,0.0,0.0,0.0,37.53,36.76,35.67,-90,11.8
2026-07-31 21:47:58,Pasillo Decanato Civil,20.98,Silence,0.0,22.41,Silence,0.0,0.0,0.0,0.0,0.0,0.0,0.0,0.0,0.0,0.0,22.33,20.8,19.9,-97,11.8
2026-07-31 21:49:13,Salón - Extremo Eléctrica,15.16,Silence,0.0,16.06,Silence,0.0,0.0,0.0,0.0,0.0,0.0,0.0,0.0,0.0,0.0,15.77,15.19,14.28,-115,3.0
2026-07-31 21:49:20,Laboratorios Eléctrica Superior,16.25,Silence,0.0,17.09,Silence,0.0,0.0,0.0,0.0,0.0,0.0,0.0,0.0,0.0,0.0,17.12,16.36,15.17,-103,12.0
2026-07-31 21:49:37,Salón - Uma Civil,11.05,Silence,0.0,11.7,Silence,0.0,0.0,0.0,0.0,0.0,0.0,0.0,0.0,0.0,0.0,11.9,10.73,10.32,-119,-7.0
2026-07-31 21:49:39,Pasillo Decanato Eléctrica,23.67,Silence,0.0,25.01,Silence,0.0,0.0,0.0,0.0,0.0,0.0,0.0,0.0,0.0,0.0,25.12,23.4,22.69,-112,3.8
2026-07-31 21:50:06,Laboratorios Civil Central,47.36,Mixed,40.41,48.73,Group 1 (Common),47.57,0.0,46.48,0.0,0.0,40.41,3.17,27.56,0.13,28.56,48.63,46.96,45.6,-105,12.0
2026-07-31 21:50:11,Laboratorios Eléctrica Inferior,23.59,Silence,0.0,24.16,Silence,0.0,0.0,0.0,0.0,0.0,0.0,0.0,0.0,0.0,0.0,24.26,23.63,23.05,-107,8.0
2026-07-31 21:50:20,Lobby Eléctrica,24.36,Silence,0.0,25.61,Silence,0.0,0.0,0.0,0.0,0.0,0.0,0.0,0.0,0.0,0.0,25.56,24.29,23.64,-117,1.0
2026-07-31 21:50:34,Laboratorios Civil Inferior,37.39,Silence,0.0,38.17,Silence,0.0,0.0,0.0,0.0,0.0,0.0,0.0,0.0,0.0,0.0,38.21,37.35,36.71,-121,-7.2
2026-07-31 21:50:34,Pasillo Salones Eléctrica,28.27,Silence,0.0,29.08,Silence,0.0,0.0,0.0,0.0,0.0,0.0,0.0,0.0,0.0,0.0,28.97,28.21,27.46,-102,11.5
2026-07-31 21:50:39,Salón - Uma Eléctrica,43.5,Silence,0.0,44.31,Silence,0.0,0.0,0.0,0.0,0.0,0.0,0.0,0.0,0.0,0.0,44.26,43.27,42.59,-109,8.2
2026-07-31 21:51:06,Salón - Extremo Civil,13.43,Silence,0.0,13.97,Silence,0.0,0.0,0.0,0.0,0.0,0.0,0.0,0.0,0.0,0.0,13.88,13.54,12.2,-105,12.0
2026-07-31 21:51:10,Pasillo Salones Civil,15.57,Silence,0.0,19.34,Silence,0.0,0.0,0.0,0.0,0.0,0.0,0.0,0.0,0.0,0.0,19.02,14.12,13.5,-111,7.8
2026-07-31 21:51:22,Laboratorios Civil Superior,32.0,Silence,0.0,33.74,Silence,0.0,0.0,0.0,0.0,0.0,0.0,0.0,0.0,0.0,0.0,34.08,31.61,29.73,-107,11.8
2026-07-31 21:51:32,Laboratorios Eléctrica Centro,17.6,Silence,0.0,18.45,Silence,0.0,0.0,0.0,0.0,0.0,0.0,0.0,0.0,0.0,0.0,18.95,17.76,16.61,-107,9.8
2026-07-31 21:52:51,Lobby Civil,36.12,Silence,0.0,36.91,Silence,0.0,0.0,0.0,0.0,0.0,0.0,0.0,0.0,0.0,0.0,36.9,36.07,35.68,-92,11.2
2026-07-31 21:52:58,Pasillo Decanato Civil,20.64,Silence,0.0,21.54,Silence,0.0,0.0,0.0,0.0,0.0,0.0,0.0,0.0,0.0,0.0,21.54,20.58,19.41,-107,11.0
2026-07-31 21:54:13,Salón - Extremo Eléctrica,15.48,Silence,0.0,16.09,Silence,0.0,0.0,0.0,0.0,0.0,0.0,0.0,0.0,0.0,0.0,16.2,15.54,14.69,-93,9.5
2026-07-31 21:54:20,Laboratorios Eléctrica Superior,16.33,Silence,0.0,17.43,Silence,0.0,0.0,0.0,0.0,0.0,0.0,0.0,0.0,0.0,0.0,17.77,16.13,15.15,-99,13.2
2026-07-31 21:54:37,Salón - Uma Civil,10.26,Silence,0.0,10.71,Silence,0.0,0.0,0.0,0.0,0.0,0.0,0.0,0.0,0.0,0.0,10.59,10.27,9.8,-117,-11.5
2026-07-31 21:54:39,Pasillo Decanato Eléctrica,23.5,Silence,0.0,25.11,Silence,0.0,0.0,0.0,0.0,0.0,0.0,0.0,0.0,0.0,0.0,24.9,23.39,21.8,-105,11.2
2026-07-31 21:55:06,Laboratorios Civil Central,48.45,Mixed,65.54,49.42,Group 1 (Common),48.67,0.0,0.0,0.0,0.0,65.54,3.73,4.9,0.13,25.52,49.62,48.4,46.52,-103,10.2
2026-07-31 21:55:11,Laboratorios Eléctrica Inferior,23.62,Silence,0.0,24.62,Silence,0.0,0.0,0.0,0.0,0.0,0.0,0.0,0.0,0.0,0.0,24.43,23.72,22.85,-119,-7.5
2026-07-31 21:55:20,Lobby Eléctrica,22.91,Silence,0.0,23.98,Silence,0.0,0.0,0.0,0.0,0.0,0.0,0.0,0.0,0.0,0.0,23.6,23.09,21.67,-96,11.2
2026-07-31 21:55:23,Laboratorios Civil Inferior,37.8,Silence,0.0,38.52,Silence,0.0,0.0,0.0,0.0,0.0,0.0,0.0,0.0,0.0,0.0,38.57,37.7,36.91,-120,-5.2
2026-07-31 21:55:29,Pasillo Salones Eléctrica,27.52,Silence,0.0,28.06,Silence,0.0,0.0,0.0,0.0,0.0,0.0,0.0,0.0,0.0,0.0,28.37,27.42,27.03,-102,12.5
2026-07-31 21:55:39,Salón - Uma Eléctrica,42.57,Silence,0.0,43.42,Silence,0.0,0.0,0.0,0.0,0.0,0.0,0.0,0.0,0.0,0.0,43.4,42.58,41.88,-114,6.5
2026-07-31 21:56:06,Salón - Extremo Civil,13.95,Silence,0.0,16.45,Silence,0.0,0.0,0.0,0.0,0.0,0.0,0.0,0.0,0.0,0.0,16.23,13.64,12.84,-97,12.8
2026-07-31 21:56:10,Pasillo Salones Civil,14.08,Silence,0.0,14.97,Silence,0.0,0.0,0.0,0.0,0.0,0.0,0.0,0.0,0.0,0.0,14.8,13.97,13.39,-106,5.2
2026-07-31 21:56:22,Laboratorios Civil Superior,32.95,Silence,0.0,33.99,Silence,0.0,0.0,0.0,0.0,0.0,0.0,0.0,0.0,0.0,0.0,33.74,32.9,32.19,-107,8.5
2026-07-31 21:56:32,Laboratorios Eléctrica Centro,18.86,Silence,0.0,19.67,Silence,0.0,0.0,0.0,0.0,0.0,0.0,0.0,0.0,0.0,0.0,20.01,18.84,18.26,-103,11.0
2026-07-31 21:57:51,Lobby Civil,37.87,Silence,0.0,38.76,Silence,0.0,0.0,0.0,0.0,0.0,0.0,0.0,0.0,0.0,0.0,39.01,37.77,36.73,-107,11.2
2026-07-31 21:57:59,Pasillo Decanato Civil,21.01,Silence,0.0,22.07,Silence,0.0,0.0,0.0,0.0,0.0,0.0,0.0,0.0,0.0,0.0,22.45,21.05,19.57,-96,12.5
2026-07-31 21:59:13,Salón - Extremo Eléctrica,14.95,Silence,0.0,15.66,Silence,0.0,0.0,0.0,0.0,0.0,0.0,0.0,0.0,0.0,0.0,15.43,14.94,14.43,-93,12.8
2026-07-31 21:59:20,Laboratorios Eléctrica Superior,15.8,Silence,0.0,16.71,Silence,0.0,0.0,0.0,0.0,0.0,0.0,0.0,0.0,0.0,0.0,16.28,15.73,15.21,-112,4.0
2026-07-31 21:59:37,Salón - Uma Civil,10.41,Silence,0.0,11.05,Silence,0.0,0.0,0.0,0.0,0.0,0.0,0.0,0.0,0.0,0.0,10.92,10.39,9.77,-105,12.0
2026-07-31 21:59:39,Pasillo Decanato Eléctrica,23.48,Silence,0.0,24.92,Silence,0.0,0.0,0.0,0.0,0.0,0.0,0.0,0.0,0.0,0.0,24.77,23.58,22.46,-119,-13.0
2026-07-31 22:00:06,Laboratorios Civil Central,48.62,Mixed,68.49,50.16,Group 3 (Rotary Tool),0.0,0.0,49.59,0.0,48.09,17.93,0.39,13.02,0.0,68.49,50.57,48.19,47.59,-117,-3.8
2026-07-31 22:00:11,Laboratorios Eléctrica Inferior,23.65,Silence,0.0,24.41,Silence,0.0,0.0,0.0,0.0,0.0,0.0,0.0,0.0,0.0,0.0,24.2,23.54,23.18,-121,-8.0
2026-07-31 22:00:20,Lobby Eléctrica,25.29,Silence,0.0,26.19,Silence,0.0,0.0,0.0,0.0,0.0,0.0,0.0,0.0,0.0,0.0,25.82,25.48,24.32,-90,13.0
2026-07-31 22:00:23,Laboratorios Civil Inferior,37.24,Silence,0.0,37.76,Silence,0.0,0.0,0.0,0.0,0.0,0.0,0.0,0.0,0.0,0.0,37.87,37.33,36.6,-114,-0.5
2026-07-31 22:00:29,Pasillo Salones Eléctrica,27.61,Silence,0.0,28.59,Silence,0.0,0.0,0.0,0.0,0.0,0.0,0.0,0.0,0.0,0.0,28.66,27.45,26.25,-100,9.0
2026-07-31 22:00:39,Salón - Uma Eléctrica,42.37,Silence,0.0,43.01,Silence,0.0,0.0,0.0,0.0,0.0,0.0,0.0,0.0,0.0,0.0,42.97,42.33,41.71,-113,5.8
2026-07-31 22:01:06,Salón - Extremo Civil,13.41,Silence,0.0,13.88,Silence,0.0,0.0,0.0,0.0,0.0,0.0,0.0,0.0,0.0,0.0,13.95,13.51,12.74,-94,11.8
2026-07-31 22:01:21,Pasillo Salones Civil,15.69,Silence,0.0,16.15,Silence,0.0,0.0,0.0,0.0,0.0,0.0,0.0,0.0,0.0,0.0,16.14,15.71,15.08,-115,4.2
2026-07-31 22:01:22,Laboratorios Civil Superior,33.08,Silence,0.0,34.21,Silence,0.0,0.0,0.0,0.0,0.0,0.0,0.0,0.0,0.0,0.0,34.74,32.69,31.8,-111,4.8
2026-07-31 22:01:32,Laboratorios Eléctrica Centro,17.59,Silence,0.0,18.55,Silence,0.0,0.0,0.0,0.0,0.0,0.0,0.0,0.0,0.0,0.0,18.7,17.66,16.44,-118,-6.5
2026-07-31 22:02:51,Lobby Civil,35.39,Silence,0.0,36.06,Silence,0.0,0.0,0.0,0.0,0.0,0.0,0.0,0.0,0.0,0.0,36.2,35.41,34.73,-90,11.8
2026-07-31 22:02:59,Pasillo Decanato Civil,21.21,Silence,0.0,22.01,Silence,0.0,0.0,0.0,0.0,0.0,0.0,0.0,0.0,0.0,0.0,22.05,21.18,20.32,-114,4.0
2026-07-31 22:04:13,Salón - Extremo Eléctrica,16.65,Silence,0.0,17.53,Silence,0.0,0.0,0.0,0.0,0.0,0.0,0.0,0.0,0.0,0.0,17.63,16.66,15.42,-114,4.5
2026-07-31 22:04:20,Laboratorios Eléctrica Superior,15.52,Silence,0.0,16.22,Silence,0.0,0.0,0.0,0.0,0.0,0.0,0.0,0.0,0.0,0.0,16.3,15.55,14.81,-119,1.5
2026-07-31 22:04:37,Salón - Uma Civil,10.68,Silence,0.0,11.28,Silence,0.0,0.0,0.0,0.0,0.0,0.0,0.0,0.0,0.0,0.0,11.49,10.73,9.55,-117,2.2
2026-07-31 22:04:39,Pasillo Decanato Eléctrica,23.42,Silence,0.0,24.28,Silence,0.0,0.0,0.0,0.0,0.0,0.0,0.0,0.0,0.0,0.0,24.59,23.25,22.43,-117,
2026-07-31 22:05:06,Laboratorios Civil Central,47.76,Mixed,60.2,49.04,Group 1 (Common),47.8,0.0,0.0,0.0,46.21,60.2,2.0,7.12,0.04,30.51,49.36,47.79,45.91,-101,10.5
2026-07-31 22:05:11,Laboratorios Eléctrica Inferior,23.65,Silence,0.0,24.21,Silence,0.0,0.0,0.0,0.0,0.0,0.0,0.0,0.0,0.0,0.0,24.29,23.7,22.98,-116,-10.8
2026-07-31 22:05:20,Lobby Eléctrica,27.99,Silence,0.0,28.46,Silence,0.0,0.0,0.0,0.0,0.0,0.0,0.0,0.0,0.0,0.0,28.55,28.03,27.18,-101,13.0
2026-07-31 22:05:23,Laboratorios Civil Inferior,38.11,Silence,0.0,38.71,Silence,0.0,0.0,0.0,0.0,0.0,0.0,0.0,0.0,0.0,0.0,38.82,38.05,37.66,-119,-0.8
2026-07-31 22:05:29,Pasillo Salones Eléctrica,27.99,Silence,0.0,29.21,Silence,0.0,0.0,0.0,0.0,0.0,0.0,0.0,0.0,0.0,0.0,28.88,28.01,26.92,-102,11.8
2026-07-31 22:05:39,Salón - Uma Eléctrica,41.84,Silence,0.0,42.81,Silence,0.0,0.0,0.0,0.0,0.0,0.0,0.0,0.0,0.0,0.0,42.79,41.63,41.36,-114,5.2
2026-07-31 22:06:06,Salón - Extremo Civil,13.53,Silence,0.0,14.31,Silence,0.0,0.0,0.0,0.0,0.0,0.0,0.0,0.0,0.0,0.0,14.77,13.31,12.72,-111,7.2
2026-07-31 22:06:10,Pasillo Salones Civil,14.41,Silence,0.0,15.13,Silence,0.0,0.0,0.0,0.0,0.0,0.0,0.0,0.0,0.0,0.0,15.2,14.49,13.78,-108,8.2
2026-07-31 22:06:22,Laboratorios Civil Superior,33.66,Silence,0.0,34.58,Silence,0.0,0.0,0.0,0.0,0.0,0.0,0.0,0.0,0.0,0.0,34.53,33.83,32.6,-115,2.2
2026-07-31 22:06:36,Laboratorios Eléctrica Centro,18.95,Silence,0.0,19.83,Silence,0.0,0.0,0.0,0.0,0.0,0.0,0.0,0.0,0.0,0.0,19.69,18.88,18.16,-103,12.8
2026-07-31 22:07:51,Lobby Civil,41.45,Silence,0.0,43.29,Silence,0.0,0.0,0.0,0.0,0.0,0.0,0.0,0.0,0.0,0.0,43.7,41.5,38.23,-109,7.0
2026-07-31 22:07:59,Pasillo Decanato Civil,21.52,Silence,0.0,22.36,Silence,0.0,0.0,0.0,0.0,0.0,0.0,0.0,0.0,0.0,0.0,22.49,21.43,20.49,-114,5.2
2026-07-31 22:09:13,Salón - Extremo Eléctrica,15.03,Silence,0.0,16.08,Silence,0.0,0.0,0.0,0.0,0.0,0.0,0.0,0.0,0.0,0.0,15.81,15.03,14.3,-93,13.0
2026-07-31 22:09:20,Laboratorios Eléctrica Superior,16.15,Silence,0.0,16.69,Silence,0.0,0.0,0.0,0.0,0.0,0.0,0.0,0.0,0.0,0.0,16.45,16.25,15.45,-113,
2026-07-31 22:09:37,Salón - Uma Civil,10.24,Silence,0.0,10.84,Silence,0.0,0.0,0.0,0.0,0.0,0.0,0.0,0.0,0.0,0.0,10.74,10.02,9.88,-113,8.0
2026-07-31 22:09:39,Pasillo Decanato Eléctrica,23.58,Silence,0.0,25.03,Silence,0.0,0.0,0.0,0.0,0.0,0.0,0.0,0.0,0.0,0.0,24.74,23.73,22.17,-115,1.2
2026-07-31 22:10:06,Laboratorios Civil Central,52.82,Group 1 (Common),96.63,53.88,Group 1 (Common),52.47,0.0,0.0,0.0,0.0,96.63,0.15,2.59,0.0,0.73,53.99,52.7,51.87,-111,5.2
2026-07-31 22:10:11,Laboratorios Eléctrica Inferior,23.83,Silence,0.0,24.76,Silence,0.0,0.0,0.0,0.0,0.0,0.0,0.0,0.0,0.0,0.0,24.77,23.89,22.97,-115,-12.0
2026-07-31 22:10:20,Lobby Eléctrica,22.54,Silence,0.0,23.7,Silence,0.0,0.0,0.0,0.0,0.0,0.0,0.0,0.0,0.0,0.0,23.65,22.33,21.67,-101,11.5
2026-07-31 22:10:23,Laboratorios Civil Inferior,40.06,Silence,0.0,43.5,Silence,0.0,0.0,0.0,0.0,0.0,0.0,0.0,0.0,0.0,0.0,42.65,39.25,38.15,-119,-3.8
2026-07-31 22:10:29,Pasillo Salones Eléctrica,27.51,Silence,0.0,28.53,Silence,0.0,0.0,0.0,0.0,0.0,0.0,0.0,0.0,0.0,0.0,28.26,27.45,26.65,-99,12.0
2026-07-31 22:10:39,Salón - Uma Eléctrica,42.31,Silence,0.0,43.28,Silence,0.0,0.0,0.0,0.0,0.0,0.0,0.0,0.0,0.0,0.0,43.23,42.49,41.15,-111,6.5
2026-07-31 22:11:06,Salón - Extremo Civil,12.98,Silence,0.0,13.68,Silence,0.0,0.0,0.0,0.0,0.0,0.0,0.0,0.0,0.0,0.0,13.42,12.97,12.52,-96,12.5
2026-07-31 22:11:10,Pasillo Salones Civil,14.37,Silence,0.0,15.05,Silence,0.0,0.0,0.0,0.0,0.0,0.0,0.0,0.0,0.0,0.0,15.31,14.22,13.61,-111,7.8
2026-07-31 22:11:22,Laboratorios Civil Superior,32.07,Silence,0.0,33.92,Silence,0.0,0.0,0.0,0.0,0.0,0.0,0.0,0.0,0.0,0.0,34.16,31.79,30.55,-114,6.5
2026-07-31 22:11:32,Laboratorios Eléctrica Centro,17.21,Silence,0.0,18.37,Silence,0.0,0.0,0.0,0.0,0.0,0.0,0.0,0.0,0.0,0.0,18.03,17.04,16.37,-111,9.0
2026-07-31 22:12:51,Lobby Civil,42.75,Silence,0.0,44.98,Silence,0.0,0.0,0.0,0.0,0.0,0.0,0.0,0.0,0.0,0.0,45.81,42.7,39.96,-111,8.5
2026-07-31 22:12:59,Pasillo Decanato Civil,21.63,Silence,0.0,23.37,Silence,0.0,0.0,0.0,0.0,0.0,0.0,0.0,0.0,0.0,0.0,23.36,21.53,20.75,-94,11.2
2026-07-31 22:14:13,Salón - Extremo Eléctrica,15.01,Silence,0.0,15.59,Silence,0.0,0.0,0.0,0.0,0.0,0.0,0.0,0.0,0.0,0.0,15.73,14.94,14.19,-90,12.8
2026-07-31 22:14:20,Laboratorios Eléctrica Superior,15.35,Silence,0.0,15.88,Silence,0.0,0.0,0.0,0.0,0.0,0.0,0.0,0.0,0.0,0.0,15.83,15.32,14.75,-117,0.2
2026-07-31 22:14:37,Salón - Uma Civil,10.65,Silence,0.0,11.49,Silence,0.0,0.0,0.0,0.0,0.0,0.0,0.0,0.0,0.0,0.0,11.66,10.52,10.3,-113,7.2
2026-07-31 22:14:39,Pasillo Decanato Eléctrica,23.79,Silence,0.0,24.61,Silence,0.0,0.0,0.0,0.0,0.0,0.0,0.0,0.0,0.0,0.0,24.72,23.61,22.64,-107,10.5
2026-07-31 22:15:06,Laboratorios Civil Central,48.2,Mixed,68.71,50.75,Group 1 (Common),48.72,0.0,0.0,0.0,0.0,68.71,0.56,0.22,0.04,30.3,49.17,48.09,46.59,-109,10.0
2026-07-31 22:15:11,Laboratorios Eléctrica Inferior,24.07,Silence,0.0,25.01,Silence,0.0,0.0,0.0,0.0,0.0,0.0,0.0,0.0,0.0,0.0,24.73,24.15,22.98,-120,-7.8
2026-07-31 22:15:20,Lobby Eléctrica,24.8,Silence,0.0,26.18,Silence,0.0,0.0,0.0,0.0,0.0,0.0,0.0,0.0,0.0,0.0,26.03,24.83,22.95,-101,13.5
2026-07-31 22:15:23,Laboratorios Civil Inferior,38.7,Silence,0.0,39.48,Silence,0.0,0.0,0.0,0.0,0.0,0.0,0.0,0.0,0.0,0.0,39.69,38.67,37.63,-118,-5.0
2026-07-31 22:15:29,Pasillo Salones Eléctrica,27.87,Silence,0.0,29.26,Silence,0.0,0.0,0.0,0.0,0.0,0.0,0.0,0.0,0.0,0.0,29.51,27.35,26.91,-100,11.2
2026-07-31 22:15:39,Salón - Uma Eléctrica,42.21,Silence,0.0,43.21,Silence,0.0,0.0,0.0,0.0,0.0,0.0,0.0,0.0,0.0,0.0,43.13,42.09,41.0,-112,6.8
2026-07-31 22:16:06,Salón - Extremo Civil,13.36,Silence,0.0,14.13,Silence,0.0,0.0,0.0,0.0,0.0,0.0,0.0,0.0,0.0,0.0,14.14,13.3,12.92,-101,13.0
2026-07-31 22:16:10,Pasillo Salones Civil,14.26,Silence,0.0,14.97,Silence,0.0,0.0,0.0,0.0,0.0,0.0,0.0,0.0,0.0,0.0,15.01,14.2,13.42,-111,7.0
2026-07-31 22:16:22,Laboratorios Civil Superior,32.06,Silence,0.0,33.54,Silence,0.0,0.0,0.0,0.0,0.0,0.0,0.0,0.0,0.0,0.0,33.54,31.8,30.68,-115,3.0
2026-07-31 22:16:32,Laboratorios Eléctrica Centro,18.5,Silence,0.0,19.12,Silence,0.0,0.0,0.0,0.0,0.0,0.0,0.0,0.0,0.0,0.0,18.96,18.59,17.82,-108,5.0
2026-07-31 22:17:51,Lobby Civil,36.5,Silence,0.0,37.88,Silence,0.0,0.0,0.0,0.0,0.0,0.0,0.0,0.0,0.0,0.0,38.61,35.94,35.05,-106,9.0
2026-07-31 22:17:59,Pasillo Decanato Civil,22.41,Silence,0.0,23.42,Silence,0.0,0.0,0.0,0.0,0.0,0.0,0.0,0.0,0.0,0.0,23.6,22.36,21.4,-103,11.2
2026-07-31 22:19:13,Salón - Extremo Eléctrica,14.99,Silence,0.0,15.67,Silence,0.0,0.0,0.0,0.0,0.0,0.0,0.0,0.0,0.0,0.0,15.6,15.17,14.02,-90,12.2
2026-07-31 22:19:20,Laboratorios Eléctrica Superior,16.09,Silence,0.0,16.75,Silence,0.0,0.0,0.0,0.0,0.0,0.0,0.0,0.0,0.0,0.0,17.07,16.26,15.03,-105,12.2
2026-07-31 22:19:37,Salón - Uma Civil,10.47,Silence,0.0,11.12,Silence,0.0,0.0,0.0,0.0,0.0,0.0,0.0,0.0,0.0,0.0,10.89,10.59,9.73,-119,2.5
2026-07-31 22:19:39,Pasillo Decanato Eléctrica,23.82,Silence,0.0,24.59,Silence,0.0,0.0,0.0,0.0,0.0,0.0,0.0,0.0,0.0,0.0,24.46,23.96,22.72,-113,6.5
2026-07-31 22:20:06,Laboratorios Civil Central,48.45,Mixed,59.64,51.25,Group 1 (Common),47.88,0.0,0.0,0.0,47.13,59.64,2.3,4.38,0.09,33.59,51.35,47.39,46.58,-102,11.8
2026-07-31 22:20:11,Laboratorios Eléctrica Inferior,23.31,Silence,0.0,24.05,Silence,0.0,0.0,0.0,0.0,0.0,0.0,0.0,0.0,0.0,0.0,24.28,23.42,22.16,-118,-12.8
2026-07-31 22:20:20,Lobby Eléctrica,23.77,Silence,0.0,24.51,Silence,0.0,0.0,0.0,0.0,0.0,0.0,0.0,0.0,0.0,0.0,24.44,23.6,23.28,-117,1.2
2026-07-31 22:20:23,Laboratorios Civil Inferior,37.09,Silence,0.0,37.91,Silence,0.0,0.0,0.0,0.0,0.0,0.0,0.0,0.0,0.0,0.0,37.47,37.28,36.34,-119,-10.5
2026-07-31 22:20:29,Pasillo Salones Eléctrica,27.9,Silence,0.0,29.13,Silence,0.0,0.0,0.0,0.0,0.0,0.0,0.0,0.0,0.0,0.0,28.89,27.64,26.98,-95,10.8
2026-07-31 22:20:39,Salón - Uma Eléctrica,42.91,Silence,0.0,43.45,Silence,0.0,0.0,0.0,0.0,0.0,0.0,0.0,0.0,0.0,0.0,43.44,42.89,42.3,-113,7.0
2026-07-31 22:21:06,Salón - Extremo Civil,13.67,Silence,0.0,14.35,Silence,0.0,0.0,0.0,0.0,0.0,0.0,0.0,0.0,0.0,0.0,14.2,13.66,13.02,-101,10.2
2026-07-31 22:21:10,Pasillo Salones Civil,14.66,Silence,0.0,18.19,Silence,0.0,0.0,0.0,0.0,0.0,0.0,0.0,0.0,0.0,0.0,16.41,14.32,13.88,-111,5.8
2026-07-31 22:21:22,Laboratorios Civil Superior,31.38,Silence,0.0,32.17,Silence,0.0,0.0,0.0,0.0,0.0,0.0,0.0,0.0,0.0,0.0,32.25,31.19,30.87,-114,3.5
2026-07-31 22:21:32,Laboratorios Eléctrica Centro,17.24,Silence,0.0,18.58,Silence,0.0,0.0,0.0,0.0,0.0,0.0,0.0,0.0,0.0,0.0,18.87,17.21,15.92,-108,6.0
2026-07-31 22:22:51,Lobby Civil,61.31,Mixed,40.93,64.92,Group 4 (Person),62.34,58.65,0.0,63.44,0.0,37.24,21.83,0.0,40.93,0.0,65.64,59.43,56.29,-87,12.8
2026-07-31 22:23:05,Pasillo Decanato Civil,22.9,Silence,0.0,23.7,Silence,0.0,0.0,0.0,0.0,0.0,0.0,0.0,0.0,0.0,0.0,23.61,22.84,22.11,-97,12.8
2026-07-31 22:24:13,Salón - Extremo Eléctrica,15.05,Silence,0.0,15.65,Silence,0.0,0.0,0.0,0.0,0.0,0.0,0.0,0.0,0.0,0.0,15.51,14.93,14.62,-116,-1.0
2026-07-31 22:24:20,Laboratorios Eléctrica Superior,15.57,Silence,0.0,16.21,Silence,0.0,0.0,0.0,0.0,0.0,0.0,0.0,0.0,0.0,0.0,16.37,15.48,15.07,-102,9.5
2026-07-31 22:24:37,Salón - Uma Civil,11.43,Silence,0.0,12.27,Silence,0.0,0.0,0.0,0.0,0.0,0.0,0.0,0.0,0.0,0.0,12.45,11.25,10.39,-109,7.5
2026-07-31 22:24:39,Pasillo Decanato Eléctrica,23.58,Silence,0.0,24.74,Silence,0.0,0.0,0.0,0.0,0.0,0.0,0.0,0.0,0.0,0.0,25.17,23.23,22.33,-105,10.8
2026-07-31 22:25:06,Laboratorios Civil Central,48.3,Group 1 (Common),72.83,49.82,Group 1 (Common),48.29,0.0,0.0,0.0,0.0,72.83,0.65,0.65,0.0,25.65,49.56,48.4,45.73,-111,7.0
2026-07-31 22:25:11,Laboratorios Eléctrica Inferior,23.32,Silence,0.0,24.52,Silence,0.0,0.0,0.0,0.0,0.0,0.0,0.0,0.0,0.0,0.0,24.39,23.46,22.24,-117,-1.5
2026-07-31 22:25:20,Lobby Eléctrica,24.43,Silence,0.0,25.02,Silence,0.0,0.0,0.0,0.0,0.0,0.0,0.0,0.0,0.0,0.0,25.04,24.62,23.48,-103,12.0
2026-07-31 22:25:23,Laboratorios Civil Inferior,37.11,Silence,0.0,37.96,Silence,0.0,0.0,0.0,0.0,0.0,0.0,0.0,0.0,0.0,0.0,38.11,36.98,36.18,-120,-8.2
2026-07-31 22:25:29,Pasillo Salones Eléctrica,27.93,Silence,0.0,28.67,Silence,0.0,0.0,0.0,0.0,0.0,0.0,0.0,0.0,0.0,0.0,28.76,27.86,27.28,-115,2.0
2026-07-31 22:25:39,Salón - Uma Eléctrica,42.45,Silence,0.0,43.3,Silence,0.0,0.0,0.0,0.0,0.0,0.0,0.0,0.0,0.0,0.0,43.53,42.61,41.08,-109,8.2
2026-07-31 22:26:06,Salón - Extremo Civil,13.09,Silence,0.0,13.79,Silence,0.0,0.0,0.0,0.0,0.0,0.0,0.0,0.0,0.0,0.0,14.0,13.17,12.47,-103,12.0
2026-07-31 22:26:10,Pasillo Salones Civil,14.12,Silence,0.0,14.79,Silence,0.0,0.0,0.0,0.0,0.0,0.0,0.0,0.0,0.0,0.0,15.05,13.97,13.67,-115,2.2
2026-07-31 22:26:22,Laboratorios Civil Superior,32.17,Silence,0.0,33.83,Silence,0.0,0.0,0.0,0.0,0.0,0.0,0.0,0.0,0.0,0.0,33.75,31.45,30.5,-107,10.0
2026-07-31 22:26:32,Laboratorios Eléctrica Centro,17.32,Silence,0.0,18.49,Silence,0.0,0.0,0.0,0.0,0.0,0.0,0.0,0.0,0.0,0.0,18.28,17.41,16.09,-103,11.5
2026-07-31 22:27:51,Lobby Civil,35.71,Silence,0.0,36.59,Silence,0.0,0.0,0.0,0.0,0.0,0.0,0.0,0.0,0.0,0.0,36.05,35.8,35.2,-109,8.2
2026-07-31 22:27:59,Pasillo Decanato Civil,21.55,Silence,0.0,22.83,Silence,0.0,0.0,0.0,0.0,0.0,0.0,0.0,0.0,0.0,0.0,22.2,21.4,20.67,-99,13.2
2026-07-31 22:29:13,Salón - Extremo Eléctrica,14.98,Silence,0.0,15.58,Silence,0.0,0.0,0.0,0.0,0.0,0.0,0.0,0.0,0.0,0.0,15.44,14.9,14.57,-89,12.0
2026-07-31 22:29:20,Laboratorios Eléctrica Superior,16.29,Silence,0.0,17.26,Silence,0.0,0.0,0.0,0.0,0.0,0.0,0.0,0.0,0.0,0.0,17.63,16.13,15.46,-102,11.0
2026-07-31 22:29:37,Salón - Uma Civil,10.08,Silence,0.0,11.01,Silence,0.0,0.0,0.0,0.0,0.0,0.0,0.0,0.0,0.0,0.0,10.85,10.14,9.48,-113,6.2
2026-07-31 22:29:40,Pasillo Decanato Eléctrica,23.73,Silence,0.0,24.71,Silence,0.0,0.0,0.0,0.0,0.0,0.0,0.0,0.0,0.0,0.0,24.56,23.92,22.6,-108,5.8
2026-07-31 22:30:06,Laboratorios Civil Central,48.06,Mixed,58.68,49.85,Group 1 (Common),47.82,0.0,0.0,0.0,48.2,58.68,1.39,3.34,0.0,36.33,49.83,48.7,46.05,-103,10.2
2026-07-31 22:30:11,Laboratorios Eléctrica Inferior,23.0,Silence,0.0,23.83,Silence,0.0,0.0,0.0,0.0,0.0,0.0,0.0,0.0,0.0,0.0,24.35,22.82,22.08,-111,0.8
2026-07-31 22:30:20,Lobby Eléctrica,20.62,Silence,0.0,21.4,Silence,0.0,0.0,0.0,0.0,0.0,0.0,0.0,0.0,0.0,0.0,21.46,20.76,19.71,-99,12.2
2026-07-31 22:30:23,Laboratorios Civil Inferior,37.8,Silence,0.0,38.88,Silence,0.0,0.0,0.0,0.0,0.0,0.0,0.0,0.0,0.0,0.0,38.99,37.84,36.66,-119,-7.0
2026-07-31 22:30:29,Pasillo Salones Eléctrica,28.15,Silence,0.0,29.06,Silence,0.0,0.0,0.0,0.0,0.0,0.0,0.0,0.0,0.0,0.0,29.1,28.16,27.18,-101,12.5
2026-07-31 22:30:39,Salón - Uma Eléctrica,42.49,Silence,0.0,43.42,Silence,0.0,0.0,0.0,0.0,0.0,0.0,0.0,0.0,0.0,0.0,43.63,42.2,41.54,-111,7.0
2026-07-31 22:31:06,Salón - Extremo Civil,13.51,Silence,0.0,14.48,Silence,0.0,0.0,0.0,0.0,0.0,0.0,0.0,0.0,0.0,0.0,14.0,13.46,13.09,-91,13.2
2026-07-31 22:31:10,Pasillo Salones Civil,15.68,Silence,0.0,16.2,Silence,0.0,0.0,0.0,0.0,0.0,0.0,0.0,0.0,0.0,0.0,15.96,15.62,15.42,-101,11.2
2026-07-31 22:31:22,Laboratorios Civil Superior,32.95,Silence,0.0,34.63,Silence,0.0,0.0,0.0,0.0,0.0,0.0,0.0,0.0,0.0,0.0,33.76,33.19,31.02,-101,12.0
2026-07-31 22:31:32,Laboratorios Eléctrica Centro,17.99,Silence,0.0,18.81,Silence,0.0,0.0,0.0,0.0,0.0,0.0,0.0,0.0,0.0,0.0,18.5,18.14,17.22,-102,10.2
2026-07-31 22:32:51,Lobby Civil,35.82,Silence,0.0,36.39,Silence,0.0,0.0,0.0,0.0,0.0,0.0,0.0,0.0,0.0,0.0,36.81,35.73,35.09,-103,12.0
2026-07-31 22:32:59,Pasillo Decanato Civil,24.2,Silence,0.0,25.8,Silence,0.0,0.0,0.0,0.0,0.0,0.0,0.0,0.0,0.0,0.0,25.66,24.25,22.01,-115,3.0
2026-07-31 22:34:14,Salón - Extremo Eléctrica,16.36,Silence,0.0,17.77,Silence,0.0,0.0,0.0,0.0,0.0,0.0,0.0,0.0,0.0,0.0,17.25,16.27,15.66,-93,9.5
2026-07-31 22:34:20,Laboratorios Eléctrica Superior,16.53,Silence,0.0,17.5,Silence,0.0,0.0,0.0,0.0,0.0,0.0,0.0,0.0,0.0,0.0,17.55,16.51,15.47,-102,10.5
2026-07-31 22:34:37,Salón - Uma Civil,10.28,Silence,0.0,11.05,Silence,0.0,0.0,0.0,0.0,0.0,0.0,0.0,0.0,0.0,0.0,10.85,10.24,9.79,-112,6.2
2026-07-31 22:34:40,Pasillo Decanato Eléctrica,23.9,Silence,0.0,25.13,Silence,0.0,0.0,0.0,0.0,0.0,0.0,0.0,0.0,0.0,0.0,25.33,23.74,22.93,-119,-12.5
2026-07-31 22:35:06,Laboratorios Civil Central,48.65,Mixed,47.66,49.97,Group 1 (Common),48.28,0.0,0.0,0.0,47.44,47.66,2.13,3.65,0.0,46.22,50.14,49.1,46.47,-99,12.8
2026-07-31 22:35:11,Laboratorios Eléctrica Inferior,23.63,Silence,0.0,24.3,Silence,0.0,0.0,0.0,0.0,0.0,0.0,0.0,0.0,0.0,0.0,24.62,23.53,22.77,-113,4.8
2026-07-31 22:35:20,Lobby Eléctrica,22.91,Silence,0.0,23.89,Silence,0.0,0.0,0.0,0.0,0.0,0.0,0.0,0.0,0.0,0.0,24.04,22.66,22.11,-95,13.8
2026-07-31 22:35:23,Laboratorios Civil Inferior,37.87,Silence,0.0,39.23,Silence,0.0,0.0,0.0,0.0,0.0,0.0,0.0,0.0,0.0,0.0,40.11,37.73,36.15,-120,-8.2
2026-07-31 22:35:29,Pasillo Salones Eléctrica,27.25,Silence,0.0,28.05,Silence,0.0,0.0,0.0,0.0,0.0,0.0,0.0,0.0,0.0,0.0,27.72,27.06,26.77,-99,11.2
2026-07-31 22:35:39,Salón - Uma Eléctrica,42.28,Silence,0.0,43.37,Silence,0.0,0.0,0.0,0.0,0.0,0.0,0.0,0.0,0.0,0.0,43.67,42.04,40.93,-120,-10.0
2026-07-31 22:36:06,Salón - Extremo Civil,13.45,Silence,0.0,14.29,Silence,0.0,0.0,0.0,0.0,0.0,0.0,0.0,0.0,0.0,0.0,14.08,13.31,13.12,-102,8.2
2026-07-31 22:36:10,Pasillo Salones Civil,14.06,Silence,0.0,14.74,Silence,0.0,0.0,0.0,0.0,0.0,0.0,0.0,0.0,0.0,0.0,14.31,14.03,13.87,-100,10.2
2026-07-31 22:36:22,Laboratorios Civil Superior,31.05,Silence,0.0,32.51,Silence,0.0,0.0,0.0,0.0,0.0,0.0,0.0,0.0,0.0,0.0,32.46,31.0,30.23,-105,12.2
2026-07-31 22:36:32,Laboratorios Eléctrica Centro,20.45,Silence,0.0,21.13,Silence,0.0,0.0,0.0,0.0,0.0,0.0,0.0,0.0,0.0,0.0,20.98,20.23,20.03,-102,11.8
2026-07-31 22:37:51,Lobby Civil,35.81,Silence,0.0,36.65,Silence,0.0,0.0,0.0,0.0,0.0,0.0,0.0,0.0,0.0,0.0,37.05,35.66,34.8,-109,6.8
2026-07-31 22:37:59,Pasillo Decanato Civil,24.78,Silence,0.0,25.99,Silence,0.0,0.0,0.0,0.0,0.0,0.0,0.0,0.0,0.0,0.0,25.59,24.84,23.9,-97,12.8
2026-07-31 22:39:13,Salón - Extremo Eléctrica,15.11,Silence,0.0,15.89,Silence,0.0,0.0,0.0,0.0,0.0,0.0,0.0,0.0,0.0,0.0,15.95,14.97,14.27,-113,7.5
2026-07-31 22:39:20,Laboratorios Eléctrica Superior,16.2,Silence,0.0,16.78,Silence,0.0,0.0,0.0,0.0,0.0,0.0,0.0,0.0,0.0,0.0,16.76,16.24,15.72,-101,11.2
2026-07-31 22:39:37,Salón - Uma Civil,11.53,Silence,0.0,14.64,Silence,0.0,0.0,0.0,0.0,0.0,0.0,0.0,0.0,0.0,0.0,15.53,10.4,9.56,-111,4.0
2026-07-31 22:39:40,Pasillo Decanato Eléctrica,23.63,Silence,0.0,24.76,Silence,0.0,0.0,0.0,0.0,0.0,0.0,0.0,0.0,0.0,0.0,24.94,23.47,22.43,-113,1.8
2026-07-31 22:40:06,Laboratorios Civil Central,48.08,Group 5 (Vehicle),79.64,50.06,Group 5 (Vehicle),0.0,0.0,0.0,0.0,47.85,20.36,0.0,0.0,0.0,79.64,49.73,47.42,46.88,-102,8.2
2026-07-31 22:40:11,Laboratorios Eléctrica Inferior,23.81,Silence,0.0,24.57,Silence,0.0,0.0,0.0,0.0,0.0,0.0,0.0,0.0,0.0,0.0,24.82,23.69,23.18,-111,9.2
2026-07-31 22:40:20,Lobby Eléctrica,25.73,Silence,0.0,26.37,Silence,0.0,0.0,0.0,0.0,0.0,0.0,0.0,0.0,0.0,0.0,26.33,25.8,24.76,-117,2.8
2026-07-31 22:40:23,Laboratorios Civil Inferior,38.34,Silence,0.0,39.32,Silence,0.0,0.0,0.0,0.0,0.0,0.0,0.0,0.0,0.0,0.0,39.53,38.16,36.9,-119,-9.5
2026-07-31 22:40:29,Pasillo Salones Eléctrica,28.2,Silence,0.0,29.25,Silence,0.0,0.0,0.0,0.0,0.0,0.0,0.0,0.0,0.0,0.0,29.04,28.41,27.16,-96,12.0
2026-07-31 22:40:39,Salón - Uma Eléctrica,42.24,Silence,0.0,42.86,Silence,0.0,0.0,0.0,0.0,0.0,0.0,0.0,0.0,0.0,0.0,42.75,42.22,41.41,-114,5.2
2026-07-31 22:41:06,Salón - Extremo Civil,13.36,Silence,0.0,14.06,Silence,0.0,0.0,0.0,0.0,0.0,0.0,0.0,0.0,0.0,0.0,14.21,13.17,12.76,-99,11.2
2026-07-31 22:41:10,Pasillo Salones Civil,15.73,Silence,0.0,16.34,Silence,0.0,0.0,0.0,0.0,0.0,0.0,0.0,0.0,0.0,0.0,16.38,15.77,14.96,-101,8.8
2026-07-31 22:41:22,Laboratorios Civil Superior,31.85,Silence,0.0,33.92,Silence,0.0,0.0,0.0,0.0,0.0,0.0,0.0,0.0,0.0,0.0,33.64,32.22,29.42,-115,3.2
2026-07-31 22:41:32,Laboratorios Eléctrica Centro,18.23,Silence,0.0,18.89,Silence,0.0,0.0,0.0,0.0,0.0,0.0,0.0,0.0,0.0,0.0,19.14,18.11,17.61,-118,-9.5
2026-07-31 22:42:51,Lobby Civil,47.25,Mixed,52.47,52.64,Group 2 (Impact),0.0,47.72,0.0,0.0,48.32,0.04,52.47,2.13,0.26,44.92,54.07,45.51,41.44,-109,8.5
2026-07-31 22:42:59,Pasillo Decanato Civil,27.37,Silence,0.0,29.44,Silence,0.0,0.0,0.0,0.0,0.0,0.0,0.0,0.0,0.0,0.0,29.78,26.74,25.39,-115,5.0
2026-07-31 22:44:13,Salón - Extremo Eléctrica,14.98,Silence,0.0,15.62,Silence,0.0,0.0,0.0,0.0,0.0,0.0,0.0,0.0,0.0,0.0,15.66,15.1,14.21,-87,12.0
2026-07-31 22:44:20,Laboratorios Eléctrica Superior,15.67,Silence,0.0,16.24,Silence,0.0,0.0,0.0,0.0,0.0,0.0,0.0,0.0,0.0,0.0,16.12,15.58,15.41,-96,8.2
2026-07-31 22:44:37,Salón - Uma Civil,13.49,Silence,0.0,14.58,Silence,0.0,0.0,0.0,0.0,0.0,0.0,0.0,0.0,0.0,0.0,15.05,13.61,11.81,-117,0.2
2026-07-31 22:44:51,Pasillo Decanato Eléctrica,23.7,Silence,0.0,24.96,Silence,0.0,0.0,0.0,0.0,0.0,0.0,0.0,0.0,0.0,0.0,24.93,23.72,22.33,-114,-2.0
2026-07-31 22:45:06,Laboratorios Civil Central,48.47,Mixed,65.19,49.41,Group 1 (Common),48.84,0.0,0.0,0.0,0.0,65.19,4.08,7.55,0.13,22.87,49.45,48.5,45.4,-111,6.0
2026-07-31 22:45:11,Laboratorios Eléctrica Inferior,23.13,Silence,0.0,24.49,Silence,0.0,0.0,0.0,0.0,0.0,0.0,0.0,0.0,0.0,0.0,24.0,23.35,22.23,-120,-10.5
2026-07-31 22:45:21,Lobby Eléctrica,24.97,Silence,0.0,25.71,Silence,0.0,0.0,0.0,0.0,0.0,0.0,0.0,0.0,0.0,0.0,25.43,24.75,24.4,-93,13.2
2026-07-31 22:45:23,Laboratorios Civil Inferior,37.85,Silence,0.0,38.6,Silence,0.0,0.0,0.0,0.0,0.0,0.0,0.0,0.0,0.0,0.0,38.79,37.76,36.74,-119,-5.8
2026-07-31 22:45:29,Pasillo Salones Eléctrica,27.39,Silence,0.0,28.76,Silence,0.0,0.0,0.0,0.0,0.0,0.0,0.0,0.0,0.0,0.0,28.97,27.26,26.47,-101,11.2
2026-07-31 22:45:39,Salón - Uma Eléctrica,42.48,Silence,0.0,43.3,Silence,0.0,0.0,0.0,0.0,0.0,0.0,0.0,0.0,0.0,0.0,43.28,42.51,41.44,-113,3.5
2026-07-31 22:46:06,Salón - Extremo Civil,13.56,Silence,0.0,14.27,Silence,0.0,0.0,0.0,0.0,0.0,0.0,0.0,0.0,0.0,0.0,14.02,13.49,13.18,-96,12.5
2026-07-31 22:46:10,Pasillo Salones Civil,14.61,Silence,0.0,15.25,Silence,0.0,0.0,0.0,0.0,0.0,0.0,0.0,0.0,0.0,0.0,15.34,14.41,14.03,-103,10.8
2026-07-31 22:46:22,Laboratorios Civil Superior,31.21,Silence,0.0,32.88,Silence,0.0,0.0,0.0,0.0,0.0,0.0,0.0,0.0,0.0,0.0,33.01,31.01,29.86,-105,10.2
2026-07-31 22:46:32,Laboratorios Eléctrica Centro,17.66,Silence,0.0,18.32,Silence,0.0,0.0,0.0,0.0,0.0,0.0,0.0,0.0,0.0,0.0,18.49,17.7,17.11,-116,-6.0
2026-07-31 22:47:51,Lobby Civil,57.28,Mixed,41.8,72.61,Group 5 (Vehicle),55.33,53.78,0.0,0.0,69.34,10.24,30.77,0.13,16.93,41.8,63.25,55.22,50.86,-107,11.2
2026-07-31 22:47:59,Pasillo Decanato Civil,28.38,Silence,0.0,29.36,Silence,0.0,0.0,0.0,0.0,0.0,0.0,0.0,0.0,0.0,0.0,29.56,28.5,26.79,-107,10.5
2026-07-31 22:49:13,Salón - Extremo Eléctrica,14.98,Silence,0.0,15.52,Silence,0.0,0.0,0.0,0.0,0.0,0.0,0.0,0.0,0.0,0.0,15.47,14.9,14.37,-88,13.0
2026-07-31 22:49:20,Laboratorios Eléctrica Superior,15.91,Silence,0.0,17.19,Silence,0.0,0.0,0.0,0.0,0.0,0.0,0.0,0.0,0.0,0.0,16.89,16.07,14.46,-115,2.5
2026-07-31 22:49:37,Salón - Uma Civil,10.68,Silence,0.0,12.24,Silence,0.0,0.0,0.0,0.0,0.0,0.0,0.0,0.0,0.0,0.0,11.37,10.78,9.29,-111,6.5
2026-07-31 22:49:40,Pasillo Decanato Eléctrica,23.24,Silence,0.0,23.96,Silence,0.0,0.0,0.0,0.0,0.0,0.0,0.0,0.0,0.0,0.0,23.84,23.13,22.51,-111,7.5
2026-07-31 22:50:07,Laboratorios Civil Central,47.45,Mixed,40.63,48.56,Group 2 (Impact),46.16,48.26,47.93,0.0,47.75,40.63,8.72,19.53,0.04,30.9,48.22,47.56,46.32,-108,6.8
2026-07-31 22:50:11,Laboratorios Eléctrica Inferior,23.0,Silence,0.0,23.96,Silence,0.0,0.0,0.0,0.0,0.0,0.0,0.0,0.0,0.0,0.0,24.06,23.13,21.82,-120,-8.0
2026-07-31 22:50:21,Lobby Eléctrica,25.91,Silence,0.0,26.75,Silence,0.0,0.0,0.0,0.0,0.0,0.0,0.0,0.0,0.0,0.0,26.76,25.61,25.45,-91,12.0
2026-07-31 22:50:23,Laboratorios Civil Inferior,38.17,Silence,0.0,39.47,Silence,0.0,0.0,0.0,0.0,0.0,0.0,0.0,0.0,0.0,0.0,39.41,38.15,37.01,-117,2.5
2026-07-31 22:50:29,Pasillo Salones Eléctrica,28.19,Silence,0.0,28.95,Silence,0.0,0.0,0.0,0.0,0.0,0.0,0.0,0.0,0.0,0.0,29.14,28.16,27.13,-99,11.5
2026-07-31 22:50:39,Salón - Uma Eléctrica,41.97,Silence,0.0,42.55,Silence,0.0,0.0,0.0,0.0,0.0,0.0,0.0,0.0,0.0,0.0,42.37,42.12,41.04,-113,6.0
2026-07-31 22:51:06,Salón - Extremo Civil,13.1,Silence,0.0,13.98,Silence,0.0,0.0,0.0,0.0,0.0,0.0,0.0,0.0,0.0,0.0,13.59,13.05,12.83,-85,13.5
2026-07-31 22:51:10,Pasillo Salones Civil,16.08,Silence,0.0,17.19,Silence,0.0,0.0,0.0,0.0,0.0,0.0,0.0,0.0,0.0,0.0,17.0,16.02,14.96,-113,5.8
2026-07-31 22:51:22,Laboratorios Civil Superior,41.7,Silence,0.0,42.59,Silence,0.0,0.0,0.0,0.0,0.0,0.0,0.0,0.0,0.0,0.0,42.58,41.72,40.8,-115,3.5
2026-07-31 22:51:32,Laboratorios Eléctrica Centro,12.77,Silence,0.0,13.45,Silence,0.0,0.0,0.0,0.0,0.0,0.0,0.0,0.0,0.0,0.0,13.52,12.62,12.06,-105,9.8
2026-07-31 22:52:51,Lobby Civil,44.15,Silence,0.0,47.58,Silence,0.0,0.0,0.0,0.0,0.0,0.0,0.0,0.0,0.0,0.0,49.19,42.83,37.77,-91,8.8
2026-07-31 22:52:59,Pasillo Decanato Civil,23.56,Silence,0.0,24.78,Silence,0.0,0.0,0.0,0.0,0.0,0.0,0.0,0.0,0.0,0.0,24.33,23.58,22.81,-113,4.0
2026-07-31 22:54:13,Salón - Extremo Eléctrica,15.19,Silence,0.0,15.88,Silence,0.0,0.0,0.0,0.0,0.0,0.0,0.0,0.0,0.0,0.0,16.07,15.04,14.6,-113,6.2
2026-07-31 22:54:20,Laboratorios Eléctrica Superior,14.07,Silence,0.0,14.73,Silence,0.0,0.0,0.0,0.0,0.0,0.0,0.0,0.0,0.0,0.0,14.7,14.28,12.83,-105,11.5
2026-07-31 22:54:37,Salón - Uma Civil,10.42,Silence,0.0,11.18,Silence,0.0,0.0,0.0,0.0,0.0,0.0,0.0,0.0,0.0,0.0,11.36,10.32,10.01,-114,5.8
2026-07-31 22:55:06,Laboratorios Civil Central,46.53,Mixed,59.28,47.33,Group 1 (Common),46.54,0.0,0.0,0.0,46.55,59.28,0.1,0.05,0.0,40.38,47.17,46.59,45.4,-103,11.5
2026-07-31 22:55:25,Laboratorios Eléctrica Inferior,19.28,Silence,0.0,20.03,Silence,0.0,0.0,0.0,0.0,0.0,0.0,0.0,0.0,0.0,0.0,19.99,19.23,18.42,-118,-5.5
2026-07-31 22:55:25,Lobby Eléctrica,28.52,Silence,0.0,29.24,Silence,0.0,0.0,0.0,0.0,0.0,0.0,0.0,0.0,0.0,0.0,29.26,28.64,27.59,-103,12.2
2026-07-31 22:55:25,Laboratorios Civil Inferior,37.69,Silence,0.0,38.3,Silence,0.0,0.0,0.0,0.0,0.0,0.0,0.0,0.0,0.0,0.0,37.99,37.64,37.3,-119,-9.2
2026-07-31 22:55:29,Pasillo Salones Eléctrica,27.74,Silence,0.0,29.11,Silence,0.0,0.0,0.0,0.0,0.0,0.0,0.0,0.0,0.0,0.0,29.23,27.64,26.73,-113,-1.8
2026-07-31 22:55:39,Salón - Uma Eléctrica,42.64,Silence,0.0,43.42,Silence,0.0,0.0,0.0,0.0,0.0,0.0,0.0,0.0,0.0,0.0,43.3,42.69,41.66,-114,4.2
2026-07-31 22:56:06,Salón - Extremo Civil,13.44,Silence,0.0,14.05,Silence,0.0,0.0,0.0,0.0,0.0,0.0,0.0,0.0,0.0,0.0,13.9,13.5,12.52,-101,12.5
2026-07-31 22:56:10,Pasillo Salones Civil,14.32,Silence,0.0,14.92,Silence,0.0,0.0,0.0,0.0,0.0,0.0,0.0,0.0,0.0,0.0,15.35,14.2,13.88,-99,12.0
2026-07-31 22:56:22,Laboratorios Civil Superior,33.21,Silence,0.0,34.96,Silence,0.0,0.0,0.0,0.0,0.0,0.0,0.0,0.0,0.0,0.0,34.62,32.83,31.7,-113,4.0
2026-07-31 22:56:32,Laboratorios Eléctrica Centro,13.42,Silence,0.0,14.13,Silence,0.0,0.0,0.0,0.0,0.0,0.0,0.0,0.0,0.0,0.0,14.07,13.59,12.76,-105,10.5
2026-07-31 22:57:51,Lobby Civil,50.24,Mixed,43.97,57.02,Group 3 (Rotary Tool),0.0,0.0,52.79,0.0,44.04,0.0,10.68,43.97,5.34,40.02,57.68,44.95,40.99,-111,8.8
2026-07-31 22:57:59,Pasillo Decanato Civil,25.43,Silence,0.0,26.95,Silence,0.0,0.0,0.0,0.0,0.0,0.0,0.0,0.0,0.0,0.0,26.89,25.76,23.41,-112,4.5
2026-07-31 22:59:13,Salón - Extremo Eléctrica,15.04,Silence,0.0,15.89,Silence,0.0,0.0,0.0,0.0,0.0,0.0,0.0,0.0,0.0,0.0,15.89,15.01,14.47,-93,9.2
2026-07-31 22:59:20,Laboratorios Eléctrica Superior,14.95,Silence,0.0,15.76,Silence,0.0,0.0,0.0,0.0,0.0,0.0,0.0,0.0,0.0,0.0,15.59,14.95,13.97,-98,11.2
2026-07-31 22:59:37,Salón - Uma Civil,10.41,Silence,0.0,11.07,Silence,0.0,0.0,0.0,0.0,0.0,0.0,0.0,0.0,0.0,0.0,11.01,10.42,9.27,-112,6.8
2026-07-31 22:59:40,Pasillo Decanato Eléctrica,20.27,Silence,0.0,20.91,Silence,0.0,0.0,0.0,0.0,0.0,0.0,0.0,0.0,0.0,0.0,21.04,20.22,19.78,-114,2.5
2026-07-31 23:00:06,Laboratorios Civil Central,47.36,Group 1 (Common),80.66,48.58,Group 1 (Common),47.1,0.0,0.0,0.0,0.0,80.66,0.24,0.0,0.05,18.85,48.88,47.2,45.69,-118,-5.0
2026-07-31 23:00:11,Laboratorios Eléctrica Inferior,15.64,Silence,0.0,16.25,Silence,0.0,0.0,0.0,0.0,0.0,0.0,0.0,0.0,0.0,0.0,16.02,15.72,14.98,-120,-5.2
2026-07-31 23:00:21,Lobby Eléctrica,24.73,Silence,0.0,26.13,Silence,0.0,0.0,0.0,0.0,0.0,0.0,0.0,0.0,0.0,0.0,25.48,24.83,24.08,-117,1.5
2026-07-31 23:00:23,Laboratorios Civil Inferior,37.39,Silence,0.0,38.18,Silence,0.0,0.0,0.0,0.0,0.0,0.0,0.0,0.0,0.0,0.0,38.01,37.53,36.46,-120,-11.2
2026-07-31 23:00:29,Pasillo Salones Eléctrica,27.94,Silence,0.0,28.58,Silence,0.0,0.0,0.0,0.0,0.0,0.0,0.0,0.0,0.0,0.0,29.01,27.52,27.42,-97,12.5
2026-07-31 23:00:44,Salón - Uma Eléctrica,42.78,Silence,0.0,43.5,Silence,0.0,0.0,0.0,0.0,0.0,0.0,0.0,0.0,0.0,0.0,43.35,42.78,42.06,-117,-11.8
2026-07-31 23:01:06,Salón - Extremo Civil,13.05,Silence,0.0,13.5,Silence,0.0,0.0,0.0,0.0,0.0,0.0,0.0,0.0,0.0,0.0,13.41,13.06,12.39,-103,11.2
2026-07-31 23:01:10,Pasillo Salones Civil,14.04,Silence,0.0,14.78,Silence,0.0,0.0,0.0,0.0,0.0,0.0,0.0,0.0,0.0,0.0,15.08,13.83,13.54,-107,6.2
2026-07-31 23:01:22,Laboratorios Civil Superior,33.03,Silence,0.0,34.14,Silence,0.0,0.0,0.0,0.0,0.0,0.0,0.0,0.0,0.0,0.0,34.2,32.72,31.54,-114,3.5
2026-07-31 23:01:32,Laboratorios Eléctrica Centro,13.1,Silence,0.0,13.8,Silence,0.0,0.0,0.0,0.0,0.0,0.0,0.0,0.0,0.0,0.0,13.63,13.26,11.99,-117,-4.5
2026-07-31 23:02:51,Lobby Civil,35.05,Silence,0.0,37.22,Silence,0.0,0.0,0.0,0.0,0.0,0.0,0.0,0.0,0.0,0.0,37.03,34.56,31.41,-90,11.8
2026-07-31 23:02:59,Pasillo Decanato Civil,28.57,Silence,0.0,29.38,Silence,0.0,0.0,0.0,0.0,0.0,0.0,0.0,0.0,0.0,0.0,29.42,28.63,27.3,-113,4.2
2026-07-31 23:04:13,Salón - Extremo Eléctrica,15.12,Silence,0.0,15.77,Silence,0.0,0.0,0.0,0.0,0.0,0.0,0.0,0.0,0.0,0.0,15.91,15.11,14.62,-95,12.8
2026-07-31 23:04:20,Laboratorios Eléctrica Superior,13.35,Silence,0.0,14.7,Silence,0.0,0.0,0.0,0.0,0.0,0.0,0.0,0.0,0.0,0.0,14.43,13.3,12.65,-101,11.2
2026-07-31 23:04:37,Salón - Uma Civil,11.26,Silence,0.0,12.19,Silence,0.0,0.0,0.0,0.0,0.0,0.0,0.0,0.0,0.0,0.0,12.23,11.26,10.59,-110,5.5
2026-07-31 23:04:40,Pasillo Decanato Eléctrica,20.65,Silence,0.0,21.5,Silence,0.0,0.0,0.0,0.0,0.0,0.0,0.0,0.0,0.0,0.0,21.54,21.05,18.72,-111,6.8
2026-07-31 23:05:06,Laboratorios Civil Central,47.65,Group 1 (Common),78.17,48.52,Group 1 (Common),47.47,0.0,0.0,0.0,0.0,78.17,1.39,0.0,0.04,20.27,48.47,47.47,46.99,-108,9.5
2026-07-31 23:05:11,Laboratorios Eléctrica Inferior,16.76,Silence,0.0,17.67,Silence,0.0,0.0,0.0,0.0,0.0,0.0,0.0,0.0,0.0,0.0,17.49,16.55,16.02,-120,-7.0
2026-07-31 23:05:21,Lobby Eléctrica,23.19,Silence,0.0,24.3,Silence,0.0,0.0,0.0,0.0,0.0,0.0,0.0,0.0,0.0,0.0,24.44,23.23,22.12,-117,0.5
2026-07-31 23:05:23,Laboratorios Civil Inferior,39.48,Silence,0.0,40.51,Silence,0.0,0.0,0.0,0.0,0.0,0.0,0.0,0.0,0.0,0.0,40.67,39.59,37.46,-119,-11.0
2026-07-31 23:05:29,Pasillo Salones Eléctrica,27.27,Silence,0.0,27.91,Silence,0.0,0.0,0.0,0.0,0.0,0.0,0.0,0.0,0.0,0.0,27.69,27.29,26.92,-99,11.5
2026-07-31 23:05:39,Salón - Uma Eléctrica,43.06,Silence,0.0,43.86,Silence,0.0,0.0,0.0,0.0,0.0,0.0,0.0,0.0,0.0,0.0,43.82,43.24,41.94,-113,6.5
2026-07-31 23:06:06,Salón - Extremo Civil,13.23,Silence,0.0,14.01,Silence,0.0,0.0,0.0,0.0,0.0,0.0,0.0,0.0,0.0,0.0,13.6,13.28,12.78,-95,11.8
2026-07-31 23:06:20,Pasillo Salones Civil,14.03,Silence,0.0,14.66,Silence,0.0,0.0,0.0,0.0,0.0,0.0,0.0,0.0,0.0,0.0,14.68,14.08,13.12,-103,9.0
2026-07-31 23:06:22,Laboratorios Civil Superior,31.9,Silence,0.0,33.02,Silence,0.0,0.0,0.0,0.0,0.0,0.0,0.0,0.0,0.0,0.0,32.85,32.05,30.84,-115,4.5
2026-07-31 23:06:32,Laboratorios Eléctrica Centro,12.93,Silence,0.0,13.55,Silence,0.0,0.0,0.0,0.0,0.0,0.0,0.0,0.0,0.0,0.0,13.24,12.9,12.63,-107,7.8
2026-07-31 23:07:51,Lobby Civil,33.22,Silence,0.0,34.7,Silence,0.0,0.0,0.0,0.0,0.0,0.0,0.0,0.0,0.0,0.0,35.48,32.58,32.15,-91,12.5
2026-07-31 23:07:59,Pasillo Decanato Civil,28.38,Silence,0.0,29.54,Silence,0.0,0.0,0.0,0.0,0.0,0.0,0.0,0.0,0.0,0.0,29.22,28.33,27.13,-115,2.2
2026-07-31 23:09:13,Salón - Extremo Eléctrica,15.04,Silence,0.0,15.75,Silence,0.0,0.0,0.0,0.0,0.0,0.0,0.0,0.0,0.0,0.0,15.66,14.96,14.32,-89,11.5
2026-07-31 23:09:20,Laboratorios Eléctrica Superior,15.65,Silence,0.0,16.31,Silence,0.0,0.0,0.0,0.0,0.0,0.0,0.0,0.0,0.0,0.0,16.39,15.81,14.75,-101,11.8
2026-07-31 23:09:37,Salón - Uma Civil,10.11,Silence,0.0,10.8,Silence,0.0,0.0,0.0,0.0,0.0,0.0,0.0,0.0,0.0,0.0,10.65,10.27,9.32,-119,-8.2
2026-07-31 23:09:40,Pasillo Decanato Eléctrica,20.51,Silence,0.0,21.92,Silence,0.0,0.0,0.0,0.0,0.0,0.0,0.0,0.0,0.0,0.0,21.96,20.23,19.13,-113,5.5
2026-07-31 23:10:06,Laboratorios Civil Central,46.61,Mixed,64.24,48.28,Group 1 (Common),46.87,0.0,0.0,0.0,0.0,64.24,0.04,0.0,0.0,35.63,47.51,46.66,45.36,-105,9.8
2026-07-31 23:10:11,Laboratorios Eléctrica Inferior,16.93,Silence,0.0,17.43,Silence,0.0,0.0,0.0,0.0,0.0,0.0,0.0,0.0,0.0,0.0,17.61,16.8,16.14,-118,-5.8
2026-07-31 23:10:21,Lobby Eléctrica,24.63,Silence,0.0,25.28,Silence,0.0,0.0,0.0,0.0,0.0,0.0,0.0,0.0,0.0,0.0,25.45,24.72,23.85,-117,0.5
2026-07-31 23:10:23,Laboratorios Civil Inferior,39.7,Silence,0.0,40.86,Silence,0.0,0.0,0.0,0.0,0.0,0.0,0.0,0.0,0.0,0.0,41.04,39.59,38.22,-119,-12.8
2026-07-31 23:10:29,Pasillo Salones Eléctrica,28.2,Silence,0.0,29.2,Silence,0.0,0.0,0.0,0.0,0.0,0.0,0.0,0.0,0.0,0.0,29.27,28.09,27.46,-99,12.2
2026-07-31 23:10:39,Salón - Uma Eléctrica,43.3,Silence,0.0,43.94,Silence,0.0,0.0,0.0,0.0,0.0,0.0,0.0,0.0,0.0,0.0,44.05,43.43,41.57,-119,-12.8
2026-07-31 23:11:06,Salón - Extremo Civil,13.37,Silence,0.0,14.27,Silence,0.0,0.0,0.0,0.0,0.0,0.0,0.0,0.0,0.0,0.0,14.49,13.3,12.71,-99,9.5
2026-07-31 23:11:10,Pasillo Salones Civil,13.89,Silence,0.0,14.49,Silence,0.0,0.0,0.0,0.0,0.0,0.0,0.0,0.0,0.0,0.0,14.37,13.83,13.3,-102,11.2
2026-07-31 23:11:22,Laboratorios Civil Superior,33.33,Silence,0.0,34.77,Silence,0.0,0.0,0.0,0.0,0.0,0.0,0.0,0.0,0.0,0.0,34.54,32.96,32.24,-111,7.0
2026-07-31 23:11:37,Laboratorios Eléctrica Centro,12.98,Silence,0.0,13.53,Silence,0.0,0.0,0.0,0.0,0.0,0.0,0.0,0.0,0.0,0.0,13.59,13.18,11.86,-119,-8.0
2026-07-31 23:12:51,Lobby Civil,42.85,Silence,0.0,43.87,Silence,0.0,0.0,0.0,0.0,0.0,0.0,0.0,0.0,0.0,0.0,43.78,42.86,42.1,-107,11.0
2026-07-31 23:12:59,Pasillo Decanato Civil,28.39,Silence,0.0,29.23,Silence,0.0,0.0,0.0,0.0,0.0,0.0,0.0,0.0,0.0,0.0,29.46,28.54,27.2,-103,11.0
2026-07-31 23:14:13,Salón - Extremo Eléctrica,15.38,Silence,0.0,16.26,Silence,0.0,0.0,0.0,0.0,0.0,0.0,0.0,0.0,0.0,0.0,16.16,15.24,14.2,-95,13.2
2026-07-31 23:14:20,Laboratorios Eléctrica Superior,13.6,Silence,0.0,14.47,Silence,0.0,0.0,0.0,0.0,0.0,0.0,0.0,0.0,0.0,0.0,14.45,14.01,12.12,-102,9.0
2026-07-31 23:14:37,Salón - Uma Civil,10.21,Silence,0.0,10.75,Silence,0.0,0.0,0.0,0.0,0.0,0.0,0.0,0.0,0.0,0.0,10.73,10.2,9.69,-119,-0.5
2026-07-31 23:14:40,Pasillo Decanato Eléctrica,20.05,Silence,0.0,21.09,Silence,0.0,0.0,0.0,0.0,0.0,0.0,0.0,0.0,0.0,0.0,21.03,19.79,19.35,-105,10.5
2026-07-31 23:15:06,Laboratorios Civil Central,47.43,Mixed,64.5,48.48,Group 1 (Common),47.3,0.0,47.79,0.0,0.0,64.5,1.39,7.68,0.0,26.35,48.55,48.11,44.83,-102,11.5
2026-07-31 23:15:11,Laboratorios Eléctrica Inferior,14.79,Silence,0.0,15.29,Silence,0.0,0.0,0.0,0.0,0.0,0.0,0.0,0.0,0.0,0.0,15.36,14.8,14.0,-119,-5.2
2026-07-31 23:15:21,Lobby Eléctrica,23.93,Silence,0.0,24.71,Silence,0.0,0.0,0.0,0.0,0.0,0.0,0.0,0.0,0.0,0.0,24.95,23.87,22.54,-101,12.8
2026-07-31 23:15:23,Laboratorios Civil Inferior,41.0,Silence,0.0,42.1,Silence,0.0,0.0,0.0,0.0,0.0,0.0,0.0,0.0,0.0,0.0,42.12,41.12,39.31,-114,-7.8
2026-07-31 23:15:29,Pasillo Salones Eléctrica,27.93,Silence,0.0,28.95,Silence,0.0,0.0,0.0,0.0,0.0,0.0,0.0,0.0,0.0,0.0,28.85,27.66,27.11,-101,12.8
2026-07-31 23:15:39,Salón - Uma Eléctrica,42.99,Silence,0.0,43.67,Silence,0.0,0.0,0.0,0.0,0.0,0.0,0.0,0.0,0.0,0.0,43.57,42.98,42.3,-113,6.2
2026-07-31 23:16:06,Salón - Extremo Civil,13.52,Silence,0.0,14.08,Silence,0.0,0.0,0.0,0.0,0.0,0.0,0.0,0.0,0.0,0.0,13.99,13.31,13.11,-97,13.0
2026-07-31 23:16:10,Pasillo Salones Civil,13.95,Silence,0.0,14.7,Silence,0.0,0.0,0.0,0.0,0.0,0.0,0.0,0.0,0.0,0.0,14.61,13.9,13.15,-114,5.5
2026-07-31 23:16:22,Laboratorios Civil Superior,33.56,Silence,0.0,34.94,Silence,0.0,0.0,0.0,0.0,0.0,0.0,0.0,0.0,0.0,0.0,35.7,33.45,30.75,-114,4.5
2026-07-31 23:16:32,Laboratorios Eléctrica Centro,13.66,Silence,0.0,14.63,Silence,0.0,0.0,0.0,0.0,0.0,0.0,0.0,0.0,0.0,0.0,15.23,13.22,12.91,-117,-4.8
2026-07-31 23:17:51,Lobby Civil,33.29,Silence,0.0,34.74,Silence,0.0,0.0,0.0,0.0,0.0,0.0,0.0,0.0,0.0,0.0,35.21,33.22,31.65,-107,11.2
2026-07-31 23:17:59,Pasillo Decanato Civil,28.19,Silence,0.0,29.12,Silence,0.0,0.0,0.0,0.0,0.0,0.0,0.0,0.0,0.0,0.0,29.11,28.1,27.14,-114,4.8
2026-07-31 23:19:13,Salón - Extremo Eléctrica,14.94,Silence,0.0,15.66,Silence,0.0,0.0,0.0,0.0,0.0,0.0,0.0,0.0,0.0,0.0,15.91,14.82,14.3,-91,13.8
2026-07-31 23:19:20,Laboratorios Eléctrica Superior,13.2,Silence,0.0,13.88,Silence,0.0,0.0,0.0,0.0,0.0,0.0,0.0,0.0,0.0,0.0,14.2,13.13,12.24,-101,11.5
2026-07-31 23:19:37,Salón - Uma Civil,9.98,Silence,0.0,11.17,Silence,0.0,0.0,0.0,0.0,0.0,0.0,0.0,0.0,0.0,0.0,11.4,9.73,9.12,-105,7.2
2026-07-31 23:19:40,Pasillo Decanato Eléctrica,20.08,Silence,0.0,21.38,Silence,0.0,0.0,0.0,0.0,0.0,0.0,0.0,0.0,0.0,0.0,21.59,19.71,19.06,-113,3.5
2026-07-31 23:20:06,Laboratorios Civil Central,47.04,Group 1 (Common),81.12,48.17,Group 1 (Common),46.87,0.0,0.0,0.0,0.0,81.12,0.26,0.0,0.04,18.49,48.53,47.0,46.19,-120,-6.8
2026-07-31 23:20:11,Laboratorios Eléctrica Inferior,16.3,Silence,0.0,17.32,Silence,0.0,0.0,0.0,0.0,0.0,0.0,0.0,0.0,0.0,0.0,17.06,16.44,14.97,-121,-10.5
2026-07-31 23:20:21,Lobby Eléctrica,24.95,Silence,0.0,25.86,Silence,0.0,0.0,0.0,0.0,0.0,0.0,0.0,0.0,0.0,0.0,26.44,24.63,23.96,-101,12.0
2026-07-31 23:20:23,Laboratorios Civil Inferior,41.43,Silence,0.0,42.05,Silence,0.0,0.0,0.0,0.0,0.0,0.0,0.0,0.0,0.0,0.0,41.89,41.68,40.75,-119,-12.8
2026-07-31 23:20:29,Pasillo Salones Eléctrica,27.66,Silence,0.0,28.3,Silence,0.0,0.0,0.0,0.0,0.0,0.0,0.0,0.0,0.0,0.0,28.3,27.59,26.76,-113,1.2
2026-07-31 23:20:39,Salón - Uma Eléctrica,42.95,Silence,0.0,43.84,Silence,0.0,0.0,0.0,0.0,0.0,0.0,0.0,0.0,0.0,0.0,43.94,42.83,42.25,-107,2.8
2026-07-31 23:21:06,Salón - Extremo Civil,13.17,Silence,0.0,13.97,Silence,0.0,0.0,0.0,0.0,0.0,0.0,0.0,0.0,0.0,0.0,13.97,13.08,12.73,-99,12.5
2026-07-31 23:21:10,Pasillo Salones Civil,14.53,Silence,0.0,18.39,Silence,0.0,0.0,0.0,0.0,0.0,0.0,0.0,0.0,0.0,0.0,17.1,14.09,13.35,-115,4.5
2026-07-31 23:21:22,Laboratorios Civil Superior,32.19,Silence,0.0,33.75,Silence,0.0,0.0,0.0,0.0,0.0,0.0,0.0,0.0,0.0,0.0,33.97,32.09,30.46,-114,4.8
2026-07-31 23:21:32,Laboratorios Eléctrica Centro,11.89,Silence,0.0,12.89,Silence,0.0,0.0,0.0,0.0,0.0,0.0,0.0,0.0,0.0,0.0,12.93,11.85,11.09,-119,-6.2
2026-07-31 23:22:51,Lobby Civil,32.54,Silence,0.0,34.37,Silence,0.0,0.0,0.0,0.0,0.0,0.0,0.0,0.0,0.0,0.0,34.62,32.73,29.77,-109,8.8
2026-07-31 23:23:06,Pasillo Decanato Civil,28.32,Silence,0.0,29.31,Silence,0.0,0.0,0.0,0.0,0.0,0.0,0.0,0.0,0.0,0.0,28.92,28.19,27.77,-112,5.2
2026-07-31 23:24:13,Salón - Extremo Eléctrica,15.51,Silence,0.0,17.01,Silence,0.0,0.0,0.0,0.0,0.0,0.0,0.0,0.0,0.0,0.0,17.82,15.11,14.28,-91,13.0
2026-07-31 23:24:20,Laboratorios Eléctrica Superior,13.15,Silence,0.0,13.99,Silence,0.0,0.0,0.0,0.0,0.0,0.0,0.0,0.0,0.0,0.0,13.89,13.4,12.04,-97,12.0
2026-07-31 23:24:37,Salón - Uma Civil,9.92,Silence,0.0,10.41,Silence,0.0,0.0,0.0,0.0,0.0,0.0,0.0,0.0,0.0,0.0,10.38,10.0,9.38,-120,-9.2
2026-07-31 23:24:40,Pasillo Decanato Eléctrica,20.67,Silence,0.0,22.2,Silence,0.0,0.0,0.0,0.0,0.0,0.0,0.0,0.0,0.0,0.0,22.33,20.53,18.9,-113,6.2
2026-07-31 23:25:06,Laboratorios Civil Central,47.5,Group 1 (Common),81.29,48.92,Group 1 (Common),47.6,0.0,0.0,0.0,0.0,81.29,0.0,0.04,0.0,18.66,48.71,47.81,46.26,-107,9.8
2026-07-31 23:25:11,Laboratorios Eléctrica Inferior,16.96,Silence,0.0,17.53,Silence,0.0,0.0,0.0,0.0,0.0,0.0,0.0,0.0,0.0,0.0,17.7,16.76,16.37,-111,6.2
2026-07-31 23:25:21,Lobby Eléctrica,25.54,Silence,0.0,26.34,Silence,0.0,0.0,0.0,0.0,0.0,0.0,0.0,0.0,0.0,0.0,26.41,25.56,24.15,-115,
2026-07-31 23:25:23,Laboratorios Civil Inferior,40.89,Silence,0.0,41.56,Silence,0.0,0.0,0.0,0.0,0.0,0.0,0.0,0.0,0.0,0.0,41.8,41.12,39.84,-119,-5.5
2026-07-31 23:25:29,Pasillo Salones Eléctrica,28.0,Silence,0.0,28.67,Silence,0.0,0.0,0.0,0.0,0.0,0.0,0.0,0.0,0.0,0.0,28.67,27.96,27.18,-101,11.0
2026-07-31 23:25:39,Salón - Uma Eléctrica,43.95,Silence,0.0,44.4,Silence,0.0,0.0,0.0,0.0,0.0,0.0,0.0,0.0,0.0,0.0,44.41,44.0,43.18,-119,-11.2
2026-07-31 23:26:06,Salón - Extremo Civil,13.36,Silence,0.0,13.91,Silence,0.0,0.0,0.0,0.0,0.0,0.0,0.0,0.0,0.0,0.0,14.13,13.32,12.76,-102,10.5
2026-07-31 23:26:10,Pasillo Salones Civil,14.02,Silence,0.0,14.56,Silence,0.0,0.0,0.0,0.0,0.0,0.0,0.0,0.0,0.0,0.0,14.61,14.11,13.26,-108,8.5
2026-07-31 23:26:22,Laboratorios Civil Superior,33.6,Silence,0.0,34.28,Silence,0.0,0.0,0.0,0.0,0.0,0.0,0.0,0.0,0.0,0.0,33.98,33.79,33.06,-111,3.2
2026-07-31 23:26:32,Laboratorios Eléctrica Centro,13.39,Silence,0.0,13.99,Silence,0.0,0.0,0.0,0.0,0.0,0.0,0.0,0.0,0.0,0.0,14.05,13.33,12.68,-116,-6.8
2026-07-31 23:27:51,Lobby Civil,34.52,Silence,0.0,35.94,Silence,0.0,0.0,0.0,0.0,0.0,0.0,0.0,0.0,0.0,0.0,36.37,34.65,32.75,-95,12.5
2026-07-31 23:27:59,Pasillo Decanato Civil,28.73,Silence,0.0,29.87,Silence,0.0,0.0,0.0,0.0,0.0,0.0,0.0,0.0,0.0,0.0,30.12,28.96,26.79,-99,13.8
2026-07-31 23:29:13,Salón - Extremo Eléctrica,15.13,Silence,0.0,15.6,Silence,0.0,0.0,0.0,0.0,0.0,0.0,0.0,0.0,0.0,0.0,15.57,14.99,14.57,-112,4.0
2026-07-31 23:29:20,Laboratorios Eléctrica Superior,12.09,Silence,0.0,12.85,Silence,0.0,0.0,0.0,0.0,0.0,0.0,0.0,0.0,0.0,0.0,12.59,11.94,11.59,-114,5.0
2026-07-31 23:29:37,Salón - Uma Civil,10.91,Silence,0.0,12.03,Silence,0.0,0.0,0.0,0.0,0.0,0.0,0.0,0.0,0.0,0.0,12.1,10.84,10.1,-99,7.8
2026-07-31 23:29:40,Pasillo Decanato Eléctrica,19.45,Silence,0.0,20.52,Silence,0.0,0.0,0.0,0.0,0.0,0.0,0.0,0.0,0.0,0.0,20.55,19.63,18.46,-114,6.5
2026-07-31 23:30:06,Laboratorios Civil Central,47.35,Group 1 (Common),77.13,48.64,Group 1 (Common),47.15,0.0,0.0,0.0,0.0,77.13,0.35,0.43,0.09,21.92,49.22,47.48,45.32,-119,-5.0
2026-07-31 23:30:11,Laboratorios Eléctrica Inferior,15.95,Silence,0.0,16.87,Silence,0.0,0.0,0.0,0.0,0.0,0.0,0.0,0.0,0.0,0.0,16.7,15.96,15.08,-118,-13.8
2026-07-31 23:30:21,Lobby Eléctrica,25.79,Silence,0.0,26.72,Silence,0.0,0.0,0.0,0.0,0.0,0.0,0.0,0.0,0.0,0.0,26.64,25.89,24.7,-103,8.5
2026-07-31 23:30:23,Laboratorios Civil Inferior,40.58,Silence,0.0,41.43,Silence,0.0,0.0,0.0,0.0,0.0,0.0,0.0,0.0,0.0,0.0,41.67,40.59,39.74,-117,-6.0
2026-07-31 23:30:29,Pasillo Salones Eléctrica,29.05,Silence,0.0,29.72,Silence,0.0,0.0,0.0,0.0,0.0,0.0,0.0,0.0,0.0,0.0,29.9,29.09,28.2,-101,10.5
2026-07-31 23:30:39,Salón - Uma Eléctrica,43.5,Silence,0.0,44.86,Silence,0.0,0.0,0.0,0.0,0.0,0.0,0.0,0.0,0.0,0.0,44.93,43.3,41.92,-113,5.5
2026-07-31 23:31:06,Salón - Extremo Civil,13.3,Silence,0.0,13.97,Silence,0.0,0.0,0.0,0.0,0.0,0.0,0.0,0.0,0.0,0.0,13.74,13.34,12.69,-103,10.8
2026-07-31 23:31:10,Pasillo Salones Civil,14.18,Silence,0.0,14.82,Silence,0.0,0.0,0.0,0.0,0.0,0.0,0.0,0.0,0.0,0.0,14.98,14.16,13.08,-103,11.5
2026-07-31 23:31:23,Laboratorios Civil Superior,32.73,Silence,0.0,33.96,Silence,0.0,0.0,0.0,0.0,0.0,0.0,0.0,0.0,0.0,0.0,33.8,32.71,31.32,-101,12.2
2026-07-31 23:31:32,Laboratorios Eléctrica Centro,14.52,Silence,0.0,15.21,Silence,0.0,0.0,0.0,0.0,0.0,0.0,0.0,0.0,0.0,0.0,15.04,14.33,14.01,-107,10.8
2026-07-31 23:32:51,Lobby Civil,32.73,Silence,0.0,33.39,Silence,0.0,0.0,0.0,0.0,0.0,0.0,0.0,0.0,0.0,0.0,33.29,32.93,31.7,-108,8.0
2026-07-31 23:32:59,Pasillo Decanato Civil,27.57,Silence,0.0,28.36,Silence,0.0,0.0,0.0,0.0,0.0,0.0,0.0,0.0,0.0,0.0,28.25,27.35,27.27,-102,9.2
2026-07-31 23:34:13,Salón - Extremo Eléctrica,15.45,Silence,0.0,16.18,Silence,0.0,0.0,0.0,0.0,0.0,0.0,0.0,0.0,0.0,0.0,16.52,15.4,14.08,-90,12.2
2026-07-31 23:34:27,Laboratorios Eléctrica Superior,12.43,Silence,0.0,13.05,Silence,0.0,0.0,0.0,0.0,0.0,0.0,0.0,0.0,0.0,0.0,13.05,12.37,11.71,-103,11.8
2026-07-31 23:34:37,Salón - Uma Civil,13.24,Silence,0.0,14.03,Silence,0.0,0.0,0.0,0.0,0.0,0.0,0.0,0.0,0.0,0.0,14.35,12.98,12.63,-113,5.5
2026-07-31 23:34:40,Pasillo Decanato Eléctrica,20.61,Silence,0.0,21.79,Silence,0.0,0.0,0.0,0.0,0.0,0.0,0.0,0.0,0.0,0.0,22.06,20.55,19.08,-107,10.2
2026-07-31 23:35:06,Laboratorios Civil Central,46.93,Mixed,52.15,49.43,Group 1 (Common),46.95,0.0,0.0,0.0,45.05,52.15,0.1,0.93,0.0,46.48,49.69,46.45,44.88,-105,11.5
2026-07-31 23:35:11,Laboratorios Eléctrica Inferior,16.01,Silence,0.0,17.16,Silence,0.0,0.0,0.0,0.0,0.0,0.0,0.0,0.0,0.0,0.0,17.03,15.79,14.98,-112,1.8
2026-07-31 23:35:21,Lobby Eléctrica,33.36,Silence,0.0,34.33,Silence,0.0,0.0,0.0,0.0,0.0,0.0,0.0,0.0,0.0,0.0,34.62,33.29,32.31,-95,14.0
2026-07-31 23:35:23,Laboratorios Civil Inferior,40.02,Silence,0.0,41.04,Silence,0.0,0.0,0.0,0.0,0.0,0.0,0.0,0.0,0.0,0.0,41.48,39.85,38.97,-119,-6.2
2026-07-31 23:35:29,Pasillo Salones Eléctrica,28.28,Silence,0.0,29.3,Silence,0.0,0.0,0.0,0.0,0.0,0.0,0.0,0.0,0.0,0.0,28.89,28.39,27.39,-101,12.2
2026-07-31 23:35:39,Salón - Uma Eléctrica,43.73,Silence,0.0,44.58,Silence,0.0,0.0,0.0,0.0,0.0,0.0,0.0,0.0,0.0,0.0,44.21,43.64,43.12,-111,5.8
2026-07-31 23:36:06,Salón - Extremo Civil,13.25,Silence,0.0,13.84,Silence,0.0,0.0,0.0,0.0,0.0,0.0,0.0,0.0,0.0,0.0,13.78,13.33,12.37,-99,13.2
2026-07-31 23:36:10,Pasillo Salones Civil,13.99,Silence,0.0,14.58,Silence,0.0,0.0,0.0,0.0,0.0,0.0,0.0,0.0,0.0,0.0,14.59,13.87,13.42,-113,6.5
2026-07-31 23:36:22,Laboratorios Civil Superior,31.1,Silence,0.0,33.26,Silence,0.0,0.0,0.0,0.0,0.0,0.0,0.0,0.0,0.0,0.0,32.82,31.21,29.33,-111,6.8
2026-07-31 23:36:32,Laboratorios Eléctrica Centro,12.04,Silence,0.0,13.15,Silence,0.0,0.0,0.0,0.0,0.0,0.0,0.0,0.0,0.0,0.0,13.25,12.07,11.21,-120,-10.5
2026-07-31 23:37:51,Lobby Civil,31.33,Silence,0.0,32.65,Silence,0.0,0.0,0.0,0.0,0.0,0.0,0.0,0.0,0.0,0.0,32.72,31.07,29.78,-103,11.0
2026-07-31 23:37:59,Pasillo Decanato Civil,24.51,Silence,0.0,26.23,Silence,0.0,0.0,0.0,0.0,0.0,0.0,0.0,0.0,0.0,0.0,26.35,24.53,23.16,-115,3.5
2026-07-31 23:39:13,Salón - Extremo Eléctrica,14.75,Silence,0.0,15.22,Silence,0.0,0.0,0.0,0.0,0.0,0.0,0.0,0.0,0.0,0.0,15.09,14.72,14.39,-91,12.2
2026-07-31 23:39:20,Laboratorios Eléctrica Superior,13.09,Silence,0.0,14.1,Silence,0.0,0.0,0.0,0.0,0.0,0.0,0.0,0.0,0.0,0.0,14.18,12.87,12.49,-117,-0.8
2026-07-31 23:39:50,Salón - Uma Civil,10.33,Silence,0.0,11.11,Silence,0.0,0.0,0.0,0.0,0.0,0.0,0.0,0.0,0.0,0.0,10.9,10.24,9.64,-109,8.5
2026-07-31 23:39:50,Pasillo Decanato Eléctrica,20.22,Silence,0.0,21.54,Silence,0.0,0.0,0.0,0.0,0.0,0.0,0.0,0.0,0.0,0.0,21.75,20.08,19.27,-113,2.8
2026-07-31 23:40:06,Laboratorios Civil Central,48.06,Mixed,63.18,49.88,Group 1 (Common),47.52,0.0,0.0,0.0,0.0,63.18,0.05,0.0,0.0,36.62,50.34,47.32,45.77,-117,-6.2
2026-07-31 23:40:11,Laboratorios Eléctrica Inferior,16.91,Silence,0.0,17.43,Silence,0.0,0.0,0.0,0.0,0.0,0.0,0.0,0.0,0.0,0.0,17.74,16.93,15.99,-114,6.0
2026-07-31 23:40:21,Lobby Eléctrica,25.74,Silence,0.0,26.67,Silence,0.0,0.0,0.0,0.0,0.0,0.0,0.0,0.0,0.0,0.0,26.52,25.76,24.78,-101,12.8
2026-07-31 23:40:23,Laboratorios Civil Inferior,41.11,Silence,0.0,41.68,Silence,0.0,0.0,0.0,0.0,0.0,0.0,0.0,0.0,0.0,0.0,41.71,41.05,40.32,-119,-7.2
2026-07-31 23:40:29,Pasillo Salones Eléctrica,27.64,Silence,0.0,28.85,Silence,0.0,0.0,0.0,0.0,0.0,0.0,0.0,0.0,0.0,0.0,28.99,27.6,26.62,-105,11.8
2026-07-31 23:40:39,Salón - Uma Eléctrica,46.95,Group 2 (Impact),97.92,54.71,Group 2 (Impact),0.0,46.7,0.0,0.0,0.0,0.0,97.92,0.0,0.3,1.56,55.13,44.14,42.46,-119,-12.0
2026-07-31 23:41:06,Salón - Extremo Civil,13.27,Silence,0.0,13.91,Silence,0.0,0.0,0.0,0.0,0.0,0.0,0.0,0.0,0.0,0.0,13.93,13.33,12.59,-103,12.8
2026-07-31 23:41:10,Pasillo Salones Civil,14.17,Silence,0.0,14.94,Silence,0.0,0.0,0.0,0.0,0.0,0.0,0.0,0.0,0.0,0.0,15.18,14.21,12.97,-109,6.0
2026-07-31 23:41:23,Laboratorios Civil Superior,32.6,Silence,0.0,36.66,Silence,0.0,0.0,0.0,0.0,0.0,0.0,0.0,0.0,0.0,0.0,34.18,31.86,31.3,-99,12.5
2026-07-31 23:41:32,Laboratorios Eléctrica Centro,11.51,Silence,0.0,12.29,Silence,0.0,0.0,0.0,0.0,0.0,0.0,0.0,0.0,0.0,0.0,12.18,11.66,10.53,-120,-12.0
2026-07-31 23:42:51,Lobby Civil,30.85,Silence,0.0,32.42,Silence,0.0,0.0,0.0,0.0,0.0,0.0,0.0,0.0,0.0,0.0,32.3,30.26,29.56,-107,10.8
2026-07-31 23:42:59,Pasillo Decanato Civil,20.56,Silence,0.0,21.62,Silence,0.0,0.0,0.0,0.0,0.0,0.0,0.0,0.0,0.0,0.0,21.33,20.48,19.88,-113,5.0
2026-07-31 23:44:13,Salón - Extremo Eléctrica,14.97,Silence,0.0,15.62,Silence,0.0,0.0,0.0,0.0,0.0,0.0,0.0,0.0,0.0,0.0,15.67,14.93,14.0,-93,11.5
2026-07-31 23:44:20,Laboratorios Eléctrica Superior,11.82,Silence,0.0,12.44,Silence,0.0,0.0,0.0,0.0,0.0,0.0,0.0,0.0,0.0,0.0,12.46,11.65,11.29,-116,0.8
2026-07-31 23:44:37,Salón - Uma Civil,10.61,Silence,0.0,11.2,Silence,0.0,0.0,0.0,0.0,0.0,0.0,0.0,0.0,0.0,0.0,11.48,10.67,9.45,-112,4.8
2026-07-31 23:44:40,Pasillo Decanato Eléctrica,19.84,Silence,0.0,20.79,Silence,0.0,0.0,0.0,0.0,0.0,0.0,0.0,0.0,0.0,0.0,20.78,19.64,18.63,-117,-12.2
2026-07-31 23:45:13,Laboratorios Civil Central,48.64,Mixed,58.9,50.71,Group 1 (Common),48.45,0.0,0.0,0.0,0.0,58.9,1.26,0.78,0.09,38.8,50.84,47.91,46.48,-117,-3.5
2026-07-31 23:45:13,Laboratorios Eléctrica Inferior,16.66,Silence,0.0,17.5,Silence,0.0,0.0,0.0,0.0,0.0,0.0,0.0,0.0,0.0,0.0,17.59,16.63,16.18,-120,-11.2
2026-07-31 23:45:21,Lobby Eléctrica,25.9,Silence,0.0,26.77,Silence,0.0,0.0,0.0,0.0,0.0,0.0,0.0,0.0,0.0,0.0,26.89,25.83,25.19,-103,12.0
2026-07-31 23:45:23,Laboratorios Civil Inferior,41.04,Silence,0.0,41.61,Silence,0.0,0.0,0.0,0.0,0.0,0.0,0.0,0.0,0.0,0.0,41.91,41.02,40.01,-120,-6.8
2026-07-31 23:45:29,Pasillo Salones Eléctrica,27.58,Silence,0.0,28.25,Silence,0.0,0.0,0.0,0.0,0.0,0.0,0.0,0.0,0.0,0.0,28.14,27.71,26.67,-97,13.2
2026-07-31 23:45:39,Salón - Uma Eléctrica,43.38,Silence,0.0,44.61,Silence,0.0,0.0,0.0,0.0,0.0,0.0,0.0,0.0,0.0,0.0,44.41,43.06,42.31,-115,5.0
2026-07-31 23:46:06,Salón - Extremo Civil,13.47,Silence,0.0,14.52,Silence,0.0,0.0,0.0,0.0,0.0,0.0,0.0,0.0,0.0,0.0,14.38,13.36,12.73,-87,12.5
2026-07-31 23:46:10,Pasillo Salones Civil,25.24,Silence,0.0,26.61,Silence,0.0,0.0,0.0,0.0,0.0,0.0,0.0,0.0,0.0,0.0,26.83,25.46,23.34,-105,9.2
2026-07-31 23:46:23,Laboratorios Civil Superior,32.38,Silence,0.0,33.14,Silence,0.0,0.0,0.0,0.0,0.0,0.0,0.0,0.0,0.0,0.0,32.97,32.19,31.69,-113,5.8
2026-07-31 23:46:32,Laboratorios Eléctrica Centro,13.59,Silence,0.0,14.46,Silence,0.0,0.0,0.0,0.0,0.0,0.0,0.0,0.0,0.0,0.0,14.25,13.32,13.16,-107,5.0
2026-07-31 23:47:51,Lobby Civil,30.87,Silence,0.0,31.72,Silence,0.0,0.0,0.0,0.0,0.0,0.0,0.0,0.0,0.0,0.0,31.6,31.04,29.87,-108,6.5
2026-07-31 23:47:59,Pasillo Decanato Civil,19.89,Silence,0.0,20.7,Silence,0.0,0.0,0.0,0.0,0.0,0.0,0.0,0.0,0.0,0.0,20.37,19.95,19.21,-99,12.8
2026-07-31 23:49:13,Salón - Extremo Eléctrica,15.16,Silence,0.0,15.94,Silence,0.0,0.0,0.0,0.0,0.0,0.0,0.0,0.0,0.0,0.0,15.65,15.17,14.38,-95,12.0
2026-07-31 23:49:20,Laboratorios Eléctrica Superior,12.85,Silence,0.0,13.86,Silence,0.0,0.0,0.0,0.0,0.0,0.0,0.0,0.0,0.0,0.0,14.09,12.72,11.99,-103,11.8
2026-07-31 23:49:37,Salón - Uma Civil,12.21,Silence,0.0,13.66,Silence,0.0,0.0,0.0,0.0,0.0,0.0,0.0,0.0,0.0,0.0,13.39,12.0,11.28,-111,9.5
2026-07-31 23:49:40,Pasillo Decanato Eléctrica,19.94,Silence,0.0,21.22,Silence,0.0,0.0,0.0,0.0,0.0,0.0,0.0,0.0,0.0,0.0,21.17,19.91,18.65,-106,10.0
2026-07-31 23:50:06,Laboratorios Civil Central,48.65,Mixed,60.29,50.03,Group 1 (Common),48.63,0.0,0.0,0.0,47.57,60.29,1.48,0.52,0.04,37.5,49.82,48.03,47.37,-111,7.2
2026-07-31 23:50:11,Laboratorios Eléctrica Inferior,16.66,Silence,0.0,17.68,Silence,0.0,0.0,0.0,0.0,0.0,0.0,0.0,0.0,0.0,0.0,17.7,16.53,15.69,-115,4.8
2026-07-31 23:50:21,Lobby Eléctrica,23.44,Silence,0.0,24.16,Silence,0.0,0.0,0.0,0.0,0.0,0.0,0.0,0.0,0.0,0.0,23.99,23.38,22.89,-115,0.2
