time,deviceName,Lmax_dB,Lmax_class,LAeq1min_dB,LAeq_Background Noise,LAeq_People,LAeq_Vehicle,pct_Background Noise,pct_People,pct_Vehicle,P10_dB,P50_dB,P90_dB,rssi,snr
2026-02-12 00:02:42,Pasillo de Salones,56.5,Background Noise,51.1,51.1,0.0,0.0,100.0,0.0,0.0,40.7,51.3,53.0,-93,11.3
2026-02-12 00:02:44,Main Lobby,52.2,Background Noise,42.7,42.7,43.3,0.0,98.3,1.7,0.0,40.1,40.4,40.9,-88,14.0
2026-02-12 00:02:49,Salón - Uma,61.6,Background Noise,56.5,56.5,56.8,0.0,95.9,4.1,0.0,53.8,56.2,58.4,-98,10.5
2026-02-12 00:02:50,Pasillo de Laboratorio,58.9,People,54.8,54.8,54.8,0.0,14.4,85.6,0.0,52.6,54.7,56.5,-99,10.0
2026-02-12 00:03:20,Salón - Extremo,60.1,Background Noise,45.9,45.9,40.3,0.0,99.9,0.1,0.0,40.1,40.4,50.5,-87,13.5
2026-02-12 00:04:30,Pasillo Administrativo,51.2,Background Noise,39.5,39.5,39.2,0.0,99.8,0.2,0.0,37.3,38.7,40.0,-92,13.5
2026-02-12 00:07:44,Pasillo de Salones,55.3,Background Noise,51.0,51.0,0.0,0.0,100.0,0.0,0.0,40.6,51.2,53.1,-94,13.3
2026-02-12 00:07:44,Main Lobby,51.7,Background Noise,42.6,42.6,40.5,0.0,99.7,0.3,0.0,40.0,40.2,40.9,-89,13.3
2026-02-12 00:07:49,Salón - Uma,62.1,Background Noise,56.5,56.5,56.5,0.0,95.8,4.2,0.0,53.6,56.2,58.5,-97,12.3
2026-02-12 00:07:50,Pasillo de Laboratorio,58.7,People,54.8,54.6,54.9,0.0,11.6,88.4,0.0,52.6,54.6,56.4,-100,11.0
2026-02-12 00:08:20,Salón - Extremo,61.4,Background Noise,45.2,45.2,40.2,0.0,99.9,0.1,0.0,40.1,40.5,50.4,-87,13.5
2026-02-12 00:09:28,Pasillo Administrativo,51.1,Background Noise,39.3,39.4,38.8,0.0,99.8,0.2,0.0,37.3,38.8,40.1,-92,13.8
2026-02-12 00:12:42,Pasillo de Salones,55.7,Background Noise,50.9,50.9,0.0,0.0,100.0,0.0,0.0,40.6,51.1,52.9,-95,13.3
2026-02-12 00:12:44,Main Lobby,51.1,Background Noise,42.4,42.4,41.7,0.0,98.1,1.9,0.0,40.0,40.3,40.9,-88,14.3
2026-02-12 00:12:49,Salón - Uma,62.3,Background Noise,56.5,56.6,56.0,0.0,95.7,4.3,0.0,53.9,56.1,58.6,-97,13.0
2026-02-12 00:12:50,Pasillo de Laboratorio,58.7,People,54.8,54.7,54.8,0.0,11.0,89.0,0.0,52.4,54.6,56.5,-99,11.8
2026-02-12 00:13:20,Salón - Extremo,54.7,Background Noise,45.8,45.8,45.9,40.7,91.3,8.6,0.1,40.1,40.5,50.7,-91,13.3
2026-02-12 00:14:28,Pasillo Administrativo,51.3,Background Noise,39.7,39.7,0.0,0.0,100.0,0.0,0.0,37.4,38.8,40.1,-93,13.3
2026-02-12 00:17:42,Pasillo de Salones,55.7,Background Noise,50.8,50.8,0.0,0.0,100.0,0.0,0.0,40.5,51.0,52.9,-93,13.3
2026-02-12 00:17:44,Main Lobby,51.2,Background Noise,42.3,42.3,0.0,0.0,100.0,0.0,0.0,40.1,40.3,40.9,-89,13.3
2026-02-12 00:17:49,Salón - Uma,62.2,Background Noise,56.5,56.6,56.4,0.0,94.8,5.2,0.0,53.8,56.2,58.6,-100,11.8
2026-02-12 00:17:50,Pasillo de Laboratorio,59.1,People,54.8,54.9,54.8,0.0,6.3,93.7,0.0,52.5,54.6,56.5,-100,12.0
2026-02-12 00:18:20,Salón - Extremo,52.4,Background Noise,43.8,43.6,44.9,40.2,87.3,12.7,0.1,40.1,40.5,50.1,-90,13.8
2026-02-12 00:19:28,Pasillo Administrativo,53.2,Background Noise,39.7,39.7,38.3,0.0,99.9,0.1,0.0,37.3,38.8,40.1,-93,13.3
2026-02-12 00:22:42,Pasillo de Salones,55.5,Background Noise,50.8,50.8,0.0,0.0,100.0,0.0,0.0,40.5,51.1,52.8,-94,13.5
2026-02-12 00:22:44,Main Lobby,53.8,People,44.1,43.8,48.6,0.0,97.3,2.7,0.0,40.1,40.4,50.3,-88,11.8
2026-02-12 00:22:49,Salón - Uma,61.6,Background Noise,56.4,56.4,56.1,0.0,96.2,3.7,0.0,53.8,56.1,58.3,-101,12.0
2026-02-12 00:22:51,Pasillo de Laboratorio,58.4,People,54.8,54.8,54.7,0.0,8.8,91.2,0.0,52.5,54.6,56.4,-100,12.0
2026-02-12 00:23:21,Salón - Extremo,52.6,Background Noise,44.6,44.6,40.5,0.0,99.9,0.1,0.0,40.1,40.5,50.2,-92,13.5
2026-02-12 00:24:28,Pasillo Administrativo,51.3,Background Noise,39.6,39.6,0.0,0.0,100.0,0.0,0.0,37.3,38.8,40.1,-92,13.5
2026-02-12 00:27:43,Pasillo de Salones,55.5,Background Noise,50.8,50.8,0.0,0.0,100.0,0.0,0.0,40.5,51.0,52.8,-94,13.5
2026-02-12 00:27:44,Main Lobby,60.8,People,45.8,45.1,47.9,50.3,80.5,19.4,0.1,40.1,40.5,50.4,-89,13.0
2026-02-12 00:27:49,Salón - Uma,62.8,Background Noise,56.5,56.5,56.9,0.0,96.3,3.7,0.0,53.7,56.0,58.5,-97,12.0
2026-02-12 00:27:51,Pasillo de Laboratorio,60.3,Background Noise,54.8,54.8,54.8,0.0,15.0,85.0,0.0,52.5,54.6,56.4,-99,11.3
2026-02-12 00:28:21,Salón - Extremo,52.2,Background Noise,44.4,44.4,44.7,0.0,96.3,3.7,0.0,40.1,40.5,50.4,-88,13.3
2026-02-12 00:29:28,Pasillo Administrativo,51.6,Background Noise,39.6,39.6,38.9,0.0,99.8,0.2,0.0,37.4,38.8,40.0,-103,9.3
2026-02-12 00:32:43,Pasillo de Salones,55.5,Background Noise,50.8,50.8,0.0,0.0,100.0,0.0,0.0,40.6,51.1,52.8,-95,13.8
2026-02-12 00:32:44,Main Lobby,52.0,Background Noise,45.9,45.9,46.2,40.8,85.8,14.1,0.1,40.1,40.6,50.4,-89,13.8
2026-02-12 00:32:50,Salón - Uma,61.3,People,56.5,56.4,56.6,0.0,95.2,4.8,0.0,53.7,56.0,58.5,-97,12.8
2026-02-12 00:32:51,Pasillo de Laboratorio,59.0,Background Noise,54.8,54.8,54.8,0.0,9.1,90.9,0.0,52.5,54.6,56.4,-100,12.0
2026-02-12 00:33:21,Salón - Extremo,51.9,Background Noise,43.7,43.7,43.5,41.0,94.1,5.8,0.1,40.1,40.5,50.2,-90,11.5
2026-02-12 00:34:30,Pasillo Administrativo,51.2,Background Noise,39.5,39.5,38.7,0.0,99.9,0.1,0.0,37.4,38.8,40.0,-103,8.8
2026-02-12 00:37:43,Pasillo de Salones,55.3,Background Noise,50.7,50.7,0.0,0.0,100.0,0.0,0.0,40.6,51.0,52.8,-94,11.8
2026-02-12 00:37:45,Main Lobby,53.8,People,44.3,44.1,48.4,0.0,97.3,2.7,0.0,40.1,40.4,50.2,-89,13.3
2026-02-12 00:37:50,Salón - Uma,62.7,Background Noise,56.5,56.5,56.1,0.0,95.8,4.2,0.0,53.8,56.1,58.4,-101,11.8
2026-02-12 00:37:51,Pasillo de Laboratorio,58.7,People,54.7,55.0,54.7,0.0,9.5,90.5,0.0,52.4,54.5,56.4,-99,11.8
2026-02-12 00:38:21,Salón - Extremo,51.2,Background Noise,43.5,43.5,40.4,0.0,98.8,1.2,0.0,40.1,40.4,50.1,-90,13.3
2026-02-12 00:39:29,Pasillo Administrativo,50.9,Background Noise,39.5,39.5,0.0,0.0,100.0,0.0,0.0,37.2,38.7,39.9,-104,8.8
2026-02-12 00:42:43,Pasillo de Salones,56.0,Background Noise,50.9,50.9,0.0,0.0,100.0,0.0,0.0,40.6,51.1,53.0,-95,11.3
2026-02-12 00:42:44,Main Lobby,51.2,Background Noise,43.3,43.3,0.0,0.0,100.0,0.0,0.0,40.1,40.3,50.0,-78,13.5
2026-02-12 00:42:50,Salón - Uma,62.1,Background Noise,56.5,56.5,55.9,0.0,96.4,3.6,0.0,53.8,56.1,58.5,-98,12.5
2026-02-12 00:42:51,Pasillo de Laboratorio,60.0,People,54.7,54.8,54.7,0.0,12.2,87.7,0.0,52.4,54.5,56.4,-99,12.3
2026-02-12 00:43:21,Salón - Extremo,51.6,Background Noise,43.6,43.6,40.6,0.0,99.8,0.2,0.0,40.1,40.4,50.0,-93,13.5
2026-02-12 00:44:29,Pasillo Administrativo,51.4,Background Noise,39.5,39.5,39.2,0.0,99.9,0.1,0.0,37.2,38.8,40.0,-103,10.5
2026-02-12 00:47:43,Pasillo de Salones,55.6,Background Noise,50.7,50.7,0.0,0.0,100.0,0.0,0.0,40.6,50.9,52.7,-93,13.3
2026-02-12 00:47:44,Main Lobby,56.3,Background Noise,44.7,44.7,0.0,0.0,100.0,0.0,0.0,40.1,40.5,50.2,-89,13.5
2026-02-12 00:47:50,Salón - Uma,61.9,Background Noise,56.4,56.4,56.3,0.0,94.7,5.3,0.0,53.7,56.0,58.3,-97,12.5
2026-02-12 00:47:51,Pasillo de Laboratorio,59.4,People,54.8,54.6,54.8,0.0,10.2,89.8,0.0,52.6,54.6,56.5,-99,12.0
2026-02-12 00:48:21,Salón - Extremo,51.2,Background Noise,42.4,42.4,40.2,0.0,99.7,0.3,0.0,40.1,40.3,41.0,-87,13.3
2026-02-12 00:49:29,Pasillo Administrativo,52.1,Background Noise,39.4,39.4,37.5,0.0,99.9,0.1,0.0,37.3,38.8,40.0,-103,10.3
2026-02-12 00:52:43,Pasillo de Salones,59.5,People,50.8,50.7,54.2,52.8,98.6,1.3,0.1,40.5,51.0,53.0,-93,13.0
2026-02-12 00:52:44,Main Lobby,62.6,People,44.0,43.7,53.0,40.2,98.7,1.2,0.2,40.1,40.5,50.3,-89,13.5
2026-02-12 00:52:50,Salón - Uma,61.3,Background Noise,56.4,56.4,56.2,0.0,96.4,3.6,0.0,53.8,56.1,58.2,-97,12.8
2026-02-12 00:52:51,Pasillo de Laboratorio,59.4,People,54.7,54.6,54.7,0.0,9.3,90.8,0.0,52.4,54.5,56.4,-99,10.5
2026-02-12 00:53:21,Salón - Extremo,64.4,Background Noise,45.9,45.7,50.6,40.3,98.3,1.6,0.1,40.1,40.6,50.5,-90,14.3
2026-02-12 00:54:29,Pasillo Administrativo,51.1,Background Noise,39.3,39.3,0.0,0.0,100.0,0.0,0.0,37.3,38.8,40.0,-104,10.5
2026-02-12 00:57:43,Pasillo de Salones,55.4,Background Noise,50.7,50.7,0.0,0.0,100.0,0.0,0.0,40.5,51.0,52.7,-97,12.8
2026-02-12 00:57:46,Main Lobby,50.9,Background Noise,43.0,42.9,50.5,0.0,99.9,0.1,0.0,40.0,40.2,40.8,-88,13.3
2026-02-12 00:57:50,Salón - Uma,61.7,Background Noise,56.4,56.5,55.7,0.0,96.0,4.0,0.0,53.7,56.1,58.5,-100,11.8
2026-02-12 00:57:52,Pasillo de Laboratorio,59.1,People,54.7,54.7,54.7,0.0,7.8,92.2,0.0,52.5,54.5,56.3,-89,14.0
2026-02-12 00:58:21,Salón - Extremo,51.0,Background Noise,45.9,45.9,0.0,0.0,100.0,0.0,0.0,40.1,40.6,50.3,-88,14.0
2026-02-12 00:59:31,Pasillo Administrativo,50.9,Background Noise,39.6,39.6,0.0,0.0,100.0,0.0,0.0,37.2,38.8,40.0,-103,10.5
2026-02-12 01:02:43,Pasillo de Salones,56.2,Background Noise,50.8,50.8,0.0,0.0,100.0,0.0,0.0,40.6,51.1,52.8,-93,12.8
2026-02-12 01:02:45,Main Lobby,51.0,Background Noise,41.2,41.1,44.9,0.0,98.8,1.2,0.0,40.1,40.3,40.9,-88,14.0
2026-02-12 01:02:50,Salón - Uma,61.5,Background Noise,56.4,56.4,56.3,0.0,95.1,4.9,0.0,53.8,56.0,58.2,-100,10.3
2026-02-12 01:02:52,Pasillo de Laboratorio,58.7,People,54.7,54.8,54.7,0.0,11.0,89.0,0.0,52.4,54.4,56.4,-100,12.3
2026-02-12 01:03:22,Salón - Extremo,51.1,Background Noise,45.2,45.2,0.0,0.0,100.0,0.0,0.0,40.1,40.4,50.4,-89,11.5
2026-02-12 01:04:29,Pasillo Administrativo,51.8,Background Noise,39.9,39.9,0.0,0.0,100.0,0.0,0.0,37.4,38.8,40.1,-103,10.8
2026-02-12 01:07:44,Pasillo de Salones,56.6,Background Noise,50.8,50.8,0.0,0.0,100.0,0.0,0.0,40.6,51.1,52.8,-94,13.5
2026-02-12 01:07:45,Main Lobby,54.7,People,43.3,43.1,47.2,0.0,98.1,1.9,0.0,40.1,40.3,41.0,-89,13.3
2026-02-12 01:07:50,Salón - Uma,61.8,Background Noise,56.6,56.6,56.8,0.0,96.1,3.9,0.0,53.8,56.2,58.7,-98,12.5
2026-02-12 01:07:52,Pasillo de Laboratorio,58.7,Background Noise,54.7,54.7,54.7,0.0,9.4,90.6,0.0,52.4,54.5,56.4,-100,12.0
2026-02-12 01:08:22,Salón - Extremo,51.4,Background Noise,44.8,44.8,0.0,0.0,100.0,0.0,0.0,40.1,40.5,50.2,-88,13.5
2026-02-12 01:09:29,Pasillo Administrativo,52.5,Background Noise,39.6,39.6,37.0,0.0,99.9,0.1,0.0,37.4,38.8,40.1,-103,10.8
2026-02-12 01:12:44,Pasillo de Salones,55.6,Background Noise,50.7,50.7,0.0,0.0,100.0,0.0,0.0,40.5,51.1,52.8,-93,12.5
2026-02-12 01:12:45,Main Lobby,51.4,Background Noise,43.7,43.7,0.0,0.0,100.0,0.0,0.0,40.1,40.3,50.2,-88,12.0
2026-02-12 01:12:51,Salón - Uma,62.7,Background Noise,56.6,56.6,56.8,0.0,96.7,3.3,0.0,53.7,56.2,58.5,-97,12.8
2026-02-12 01:12:52,Pasillo de Laboratorio,59.5,People,54.7,54.8,54.7,0.0,10.0,90.0,0.0,52.5,54.5,56.4,-100,11.3
2026-02-12 01:13:22,Salón - Extremo,51.0,Background Noise,42.4,42.4,0.0,0.0,100.0,0.0,0.0,40.1,40.3,40.8,-88,13.5
2026-02-12 01:14:29,Pasillo Administrativo,52.1,Background Noise,40.1,40.1,38.9,0.0,99.9,0.1,0.0,37.4,38.9,40.2,-102,10.8
2026-02-12 01:17:44,Pasillo de Salones,55.6,Background Noise,50.7,50.7,0.0,0.0,100.0,0.0,0.0,40.5,51.0,52.8,-94,13.3
2026-02-12 01:17:45,Main Lobby,51.4,Background Noise,43.4,43.4,0.0,0.0,100.0,0.0,0.0,40.1,40.4,41.0,-89,13.8
2026-02-12 01:17:51,Salón - Uma,60.9,Background Noise,56.5,56.5,55.9,0.0,95.1,4.9,0.0,53.7,56.1,58.4,-98,12.8
2026-02-12 01:17:52,Pasillo de Laboratorio,58.6,People,54.7,54.5,54.7,0.0,11.7,88.3,0.0,52.4,54.6,56.3,-100,11.8
2026-02-12 01:18:23,Salón - Extremo,51.0,Background Noise,44.6,44.6,0.0,0.0,100.0,0.0,0.0,40.1,40.5,50.4,-86,14.0
2026-02-12 01:19:30,Pasillo Administrativo,51.5,Background Noise,39.9,39.9,0.0,0.0,100.0,0.0,0.0,37.4,38.9,40.1,-104,8.8
2026-02-12 01:22:44,Pasillo de Salones,55.6,Background Noise,50.8,50.8,0.0,0.0,100.0,0.0,0.0,40.6,51.1,52.9,-93,11.3
2026-02-12 01:22:45,Main Lobby,55.7,People,43.7,43.6,48.5,0.0,99.0,1.0,0.0,40.1,40.4,50.1,-88,13.3
2026-02-12 01:22:51,Salón - Uma,62.6,Background Noise,56.4,56.4,56.2,0.0,96.2,3.8,0.0,53.6,56.0,58.3,-100,12.0
2026-02-12 01:22:52,Pasillo de Laboratorio,58.8,People,54.8,54.5,54.8,0.0,11.7,88.3,0.0,52.4,54.5,56.5,-99,11.8
2026-02-12 01:23:22,Salón - Extremo,51.7,Background Noise,45.4,45.4,0.0,0.0,100.0,0.0,0.0,40.2,40.5,50.2,-91,13.8
2026-02-12 01:24:30,Pasillo Administrativo,51.1,Background Noise,40.3,40.3,0.0,0.0,100.0,0.0,0.0,37.4,38.9,40.2,-102,6.5
2026-02-12 01:27:44,Pasillo de Salones,55.6,Background Noise,50.7,50.7,0.0,0.0,100.0,0.0,0.0,40.6,51.0,52.8,-94,13.3
2026-02-12 01:27:45,Main Lobby,50.6,Background Noise,41.6,41.6,0.0,0.0,100.0,0.0,0.0,40.1,40.4,40.9,-88,14.0
2026-02-12 01:27:51,Salón - Uma,62.4,Background Noise,56.6,56.6,56.9,0.0,95.6,4.4,0.0,53.8,56.2,58.6,-100,12.0
2026-02-12 01:27:52,Pasillo de Laboratorio,59.0,People,54.7,54.6,54.8,0.0,9.4,90.6,0.0,52.4,54.5,56.5,-99,12.0
2026-02-12 01:28:22,Salón - Extremo,51.5,Background Noise,45.5,45.5,0.0,0.0,100.0,0.0,0.0,40.1,40.6,50.3,-87,13.0
2026-02-12 01:29:30,Pasillo Administrativo,51.0,Background Noise,39.3,39.3,38.1,0.0,99.8,0.3,0.0,37.3,38.8,40.0,-104,10.8
2026-02-12 01:32:44,Pasillo de Salones,55.7,Background Noise,50.7,50.7,0.0,0.0,100.0,0.0,0.0,40.5,50.9,52.8,-94,13.0
2026-02-12 01:32:45,Main Lobby,50.8,Background Noise,42.7,42.7,0.0,0.0,100.0,0.0,0.0,40.1,40.4,40.9,-88,13.8
2026-02-12 01:32:51,Salón - Uma,62.2,Background Noise,56.4,56.4,56.7,0.0,95.8,4.2,0.0,53.6,56.1,58.3,-98,12.5
2026-02-12 01:32:53,Pasillo de Laboratorio,59.0,People,54.7,54.7,54.7,0.0,9.7,90.3,0.0,52.4,54.6,56.4,-99,11.8
2026-02-12 01:33:22,Salón - Extremo,51.2,Background Noise,44.8,44.8,0.0,0.0,100.0,0.0,0.0,40.1,40.4,50.2,-86,13.5
2026-02-12 01:34:30,Pasillo Administrativo,51.0,Background Noise,39.8,39.8,0.0,0.0,100.0,0.0,0.0,37.4,38.9,40.1,-102,10.8
2026-02-12 01:37:44,Pasillo de Salones,55.5,Background Noise,50.7,50.7,0.0,0.0,100.0,0.0,0.0,40.5,51.0,52.7,-94,13.5
2026-02-12 01:37:46,Main Lobby,50.8,Background Noise,43.8,43.8,0.0,0.0,100.0,0.0,0.0,40.0,40.4,50.2,-89,13.5
2026-02-12 01:37:51,Salón - Uma,63.5,Background Noise,56.4,56.4,56.6,0.0,97.0,3.0,0.0,53.7,55.9,58.4,-99,10.3
2026-02-12 01:37:52,Pasillo de Laboratorio,59.4,People,54.8,54.6,54.8,0.0,11.7,88.3,0.0,52.5,54.5,56.5,-99,10.3
2026-02-12 01:38:23,Salón - Extremo,51.2,Background Noise,45.1,45.1,0.0,0.0,100.0,0.0,0.0,40.1,40.4,50.5,-90,11.3
2026-02-12 01:39:30,Pasillo Administrativo,51.5,Background Noise,39.8,39.8,38.6,0.0,99.8,0.2,0.0,37.4,38.9,40.1,-102,10.8
2026-02-12 01:42:46,Pasillo de Salones,56.9,Background Noise,50.7,50.7,0.0,0.0,100.0,0.0,0.0,40.5,51.0,52.8,-94,12.5
2026-02-12 01:42:46,Main Lobby,50.9,Background Noise,42.0,42.0,0.0,0.0,100.0,0.0,0.0,40.1,40.3,40.9,-88,14.0
2026-02-12 01:42:51,Salón - Uma,62.9,Background Noise,56.4,56.4,56.0,0.0,96.4,3.6,0.0,53.7,56.0,58.4,-97,13.0
2026-02-12 01:42:53,Pasillo de Laboratorio,59.0,People,54.8,54.7,54.8,0.0,10.0,90.0,0.0,52.5,54.5,56.4,-100,12.0
2026-02-12 01:43:23,Salón - Extremo,51.3,Background Noise,44.8,44.8,0.0,0.0,100.0,0.0,0.0,40.1,40.5,50.3,-87,13.5
2026-02-12 01:44:30,Pasillo Administrativo,51.5,Background Noise,40.1,40.1,38.9,0.0,99.8,0.2,0.0,37.4,38.9,40.1,-103,9.5
2026-02-12 01:47:45,Pasillo de Salones,56.1,Background Noise,50.7,50.7,0.0,0.0,100.0,0.0,0.0,40.5,50.9,52.8,-94,13.8
2026-02-12 01:47:46,Main Lobby,52.6,Background Noise,43.1,43.1,46.0,0.0,98.5,1.5,0.0,40.0,40.4,40.9,-89,13.5
2026-02-12 01:47:51,Salón - Uma,63.0,Background Noise,56.5,56.5,56.8,0.0,96.4,3.6,0.0,53.8,56.0,58.5,-97,13.0
2026-02-12 01:47:53,Pasillo de Laboratorio,58.8,People,54.7,54.7,54.7,0.0,10.1,89.9,0.0,52.4,54.4,56.3,-101,11.8
2026-02-12 01:48:23,Salón - Extremo,51.4,Background Noise,46.4,46.4,0.0,0.0,100.0,0.0,0.0,40.1,40.7,50.5,-89,14.0
2026-02-12 01:49:30,Pasillo Administrativo,51.8,Background Noise,39.8,39.8,39.7,0.0,99.9,0.1,0.0,37.2,38.8,40.1,-104,10.5
2026-02-12 01:52:45,Pasillo de Salones,55.6,Background Noise,50.7,50.7,0.0,0.0,100.0,0.0,0.0,40.5,51.0,52.7,-93,13.5
2026-02-12 01:52:46,Main Lobby,51.6,Background Noise,43.4,43.5,42.2,0.0,97.0,3.0,0.0,40.1,40.4,50.0,-89,13.5
2026-02-12 01:52:52,Salón - Uma,61.5,Background Noise,56.5,56.5,56.3,0.0,95.8,4.2,0.0,53.7,56.1,58.6,-97,13.0
2026-02-12 01:52:53,Pasillo de Laboratorio,59.0,Background Noise,54.7,54.7,54.7,0.0,10.3,89.8,0.0,52.3,54.5,56.5,-99,12.0
2026-02-12 01:53:23,Salón - Extremo,51.9,Background Noise,44.4,44.4,0.0,0.0,100.0,0.0,0.0,40.1,40.5,50.4,-89,14.3
2026-02-12 01:54:31,Pasillo Administrativo,51.5,Background Noise,39.6,39.6,38.1,0.0,99.6,0.4,0.0,37.4,38.9,40.1,-103,11.0
2026-02-12 01:57:45,Pasillo de Salones,55.7,Background Noise,50.5,50.5,0.0,0.0,100.0,0.0,0.0,40.5,50.9,52.8,-94,13.5
2026-02-12 01:57:46,Main Lobby,51.5,Background Noise,41.6,41.6,40.2,0.0,99.9,0.1,0.0,40.0,40.3,40.8,-88,11.8
2026-02-12 01:57:52,Salón - Uma,63.0,Background Noise,56.4,56.4,56.2,0.0,96.4,3.6,0.0,53.6,56.0,58.4,-98,12.5
2026-02-12 01:57:54,Pasillo de Laboratorio,59.7,People,54.7,54.7,54.7,0.0,10.4,89.6,0.0,52.3,54.5,56.4,-100,10.8
2026-02-12 01:58:23,Salón - Extremo,50.9,Background Noise,41.9,41.9,0.0,0.0,100.0,0.0,0.0,40.0,40.4,40.9,-88,14.5
2026-02-12 01:59:31,Pasillo Administrativo,51.3,Background Noise,39.3,39.3,38.3,0.0,99.9,0.1,0.0,37.3,38.8,39.9,-103,10.8
2026-02-12 02:02:45,Pasillo de Salones,55.6,Background Noise,50.7,50.7,0.0,0.0,100.0,0.0,0.0,40.5,51.0,52.8,-93,13.3
2026-02-12 02:02:46,Main Lobby,50.9,Background Noise,44.0,44.0,0.0,0.0,100.0,0.0,0.0,40.1,40.4,50.2,-88,14.0
2026-02-12 02:02:52,Salón - Uma,61.2,Background Noise,56.5,56.5,56.1,0.0,96.8,3.2,0.0,53.7,56.1,58.3,-101,12.3
2026-02-12 02:02:53,Pasillo de Laboratorio,58.8,People,54.8,54.8,54.8,0.0,13.1,86.9,0.0,52.5,54.6,56.5,-100,12.0
2026-02-12 02:03:23,Salón - Extremo,57.4,People,43.9,43.8,54.1,0.0,99.8,0.3,0.0,40.1,40.4,50.4,-92,13.5
2026-02-12 02:04:31,Pasillo Administrativo,51.5,Background Noise,39.9,39.9,39.8,0.0,99.8,0.2,0.0,37.3,38.9,40.1,-102,10.8
2026-02-12 02:07:45,Pasillo de Salones,56.2,Background Noise,50.8,50.8,0.0,0.0,100.0,0.0,0.0,40.6,51.0,52.8,-94,13.8
2026-02-12 02:07:46,Main Lobby,50.9,Background Noise,42.5,42.5,40.6,0.0,99.9,0.1,0.0,40.1,40.5,40.8,-89,13.5
2026-02-12 02:07:52,Salón - Uma,61.9,Background Noise,56.4,56.4,56.1,0.0,96.4,3.6,0.0,53.6,56.0,58.5,-98,13.0
2026-02-12 02:07:53,Pasillo de Laboratorio,58.8,People,54.7,54.8,54.7,0.0,11.1,88.9,0.0,52.4,54.5,56.5,-99,10.3
2026-02-12 02:08:23,Salón - Extremo,51.0,Background Noise,42.7,42.7,0.0,0.0,100.0,0.0,0.0,40.1,40.3,40.9,-86,13.5
2026-02-12 02:09:31,Pasillo Administrativo,51.4,Background Noise,39.6,39.6,37.0,0.0,99.9,0.1,0.0,37.2,38.8,40.0,-103,10.8
2026-02-12 02:12:45,Pasillo de Salones,56.1,Background Noise,50.6,50.6,0.0,0.0,100.0,0.0,0.0,40.5,50.9,52.7,-93,13.0
2026-02-12 02:12:48,Main Lobby,50.6,Background Noise,41.8,41.8,40.5,0.0,99.6,0.4,0.0,40.0,40.3,40.8,-89,13.5
2026-02-12 02:12:52,Salón - Uma,62.1,Background Noise,56.4,56.4,56.3,0.0,96.7,3.3,0.0,53.5,56.0,58.3,-97,13.0
2026-02-12 02:12:53,Pasillo de Laboratorio,58.8,Background Noise,54.9,54.7,54.9,0.0,8.7,91.3,0.0,52.7,54.7,56.5,-100,10.0
2026-02-12 02:13:23,Salón - Extremo,51.7,Background Noise,45.1,45.1,0.0,0.0,100.0,0.0,0.0,40.0,40.5,50.7,-90,11.5
2026-02-12 02:14:31,Pasillo Administrativo,51.4,Background Noise,39.7,39.7,37.1,0.0,99.9,0.1,0.0,37.4,38.8,40.1,-103,10.8
2026-02-12 02:17:45,Pasillo de Salones,55.4,Background Noise,50.7,50.7,0.0,0.0,100.0,0.0,0.0,40.5,51.0,52.8,-93,13.3
2026-02-12 02:17:47,Main Lobby,51.1,Background Noise,45.5,45.5,46.5,0.0,99.1,0.9,0.0,40.2,40.4,50.3,-88,13.5
2026-02-12 02:17:52,Salón - Uma,61.9,Background Noise,56.5,56.5,56.3,0.0,96.6,3.4,0.0,53.7,56.1,58.4,-97,12.8
2026-02-12 02:17:53,Pasillo de Laboratorio,58.2,People,54.8,54.9,54.8,56.1,8.6,91.3,0.1,52.5,54.6,56.4,-100,11.3
2026-02-12 02:18:23,Salón - Extremo,50.9,Background Noise,44.8,44.8,0.0,0.0,100.0,0.0,0.0,40.0,40.4,50.3,-90,13.8
2026-02-12 02:19:31,Pasillo Administrativo,51.2,Background Noise,39.8,39.8,38.8,0.0,99.9,0.1,0.0,37.4,38.8,40.2,-103,10.8
2026-02-12 02:22:45,Pasillo de Salones,55.0,Background Noise,50.6,50.6,0.0,0.0,100.0,0.0,0.0,40.5,50.9,52.7,-94,13.5
2026-02-12 02:22:47,Main Lobby,50.6,Background Noise,41.3,41.3,0.0,0.0,100.0,0.0,0.0,40.1,40.3,40.7,-89,14.3
2026-02-12 02:22:52,Salón - Uma,61.4,Background Noise,56.4,56.4,56.0,0.0,97.1,2.9,0.0,53.6,56.0,58.4,-98,13.3
2026-02-12 02:22:54,Pasillo de Laboratorio,58.8,People,54.7,54.6,54.8,0.0,11.8,88.2,0.0,52.4,54.5,56.4,-99,12.0
2026-02-12 02:23:24,Salón - Extremo,51.2,Background Noise,43.1,43.1,0.0,0.0,100.0,0.0,0.0,40.0,40.4,40.9,-89,13.8
2026-02-12 02:24:31,Pasillo Administrativo,51.3,Background Noise,39.6,39.6,38.8,0.0,99.9,0.1,0.0,37.4,38.9,40.0,-103,10.0
2026-02-12 02:27:46,Pasillo de Salones,55.3,Background Noise,50.7,50.7,0.0,0.0,100.0,0.0,0.0,40.6,51.0,52.8,-94,12.3
2026-02-12 02:27:48,Main Lobby,52.0,Background Noise,43.4,43.4,48.1,0.0,99.7,0.3,0.0,40.1,40.4,50.2,-89,13.5
2026-02-12 02:27:52,Salón - Uma,62.8,Background Noise,56.6,56.6,56.2,0.0,96.5,3.5,0.0,53.7,56.2,58.6,-98,10.8
2026-02-12 02:27:54,Pasillo de Laboratorio,58.6,Background Noise,54.8,54.9,54.8,0.0,9.2,90.8,0.0,52.5,54.7,56.5,-99,12.3
2026-02-12 02:28:24,Salón - Extremo,51.7,Background Noise,45.6,45.6,0.0,0.0,100.0,0.0,0.0,40.1,40.3,50.3,-89,14.3
2026-02-12 02:29:31,Pasillo Administrativo,51.6,Background Noise,39.7,39.7,38.4,0.0,99.8,0.3,0.0,37.4,38.9,40.1,-102,10.8
2026-02-12 02:32:46,Pasillo de Salones,55.5,Background Noise,50.8,50.8,0.0,0.0,100.0,0.0,0.0,40.5,51.0,52.9,-94,13.5
2026-02-12 02:32:47,Main Lobby,52.5,Background Noise,41.9,41.9,46.6,0.0,99.8,0.2,0.0,40.0,40.2,40.7,-89,13.8
2026-02-12 02:32:53,Salón - Uma,61.7,Background Noise,56.6,56.6,56.7,0.0,97.0,3.0,0.0,53.8,56.2,58.6,-100,11.8
2026-02-12 02:32:54,Pasillo de Laboratorio,59.4,People,54.9,55.1,54.8,0.0,11.1,88.9,0.0,52.4,54.7,56.5,-99,12.0
2026-02-12 02:33:24,Salón - Extremo,51.0,Background Noise,41.4,41.4,0.0,0.0,100.0,0.0,0.0,40.0,40.3,40.9,-87,13.3
2026-02-12 02:34:32,Pasillo Administrativo,51.3,Background Noise,39.7,39.7,0.0,0.0,100.0,0.0,0.0,37.4,38.9,40.1,-103,9.0
2026-02-12 02:37:46,Pasillo de Salones,56.2,Background Noise,50.6,50.6,0.0,0.0,100.0,0.0,0.0,40.5,51.0,52.8,-93,11.3
2026-02-12 02:37:47,Main Lobby,50.8,Background Noise,42.3,42.3,0.0,0.0,100.0,0.0,0.0,40.1,40.3,40.8,-88,12.0
2026-02-12 02:37:53,Salón - Uma,62.3,Background Noise,56.5,56.5,56.1,0.0,97.0,3.0,0.0,53.6,56.0,58.5,-100,12.0
2026-02-12 02:38:24,Salón - Extremo,50.8,Background Noise,43.4,43.4,0.0,0.0,100.0,0.0,0.0,40.1,40.6,50.1,-87,13.8
2026-02-12 02:39:32,Pasillo Administrativo,50.9,Background Noise,39.5,39.5,0.0,0.0,100.0,0.0,0.0,37.4,38.8,40.2,-103,8.8
2026-02-12 02:42:46,Pasillo de Salones,55.5,Background Noise,50.6,50.6,0.0,0.0,100.0,0.0,0.0,40.5,50.9,52.7,-93,11.5
2026-02-12 02:42:48,Main Lobby,50.9,Background Noise,45.1,45.1,0.0,0.0,100.0,0.0,0.0,40.1,40.5,50.4,-88,14.3
2026-02-12 02:42:53,Salón - Uma,61.3,Background Noise,56.4,56.4,55.9,0.0,96.3,3.7,0.0,53.7,56.0,58.4,-98,13.0
2026-02-12 02:42:54,Pasillo de Laboratorio,58.5,People,54.8,54.8,54.8,0.0,10.5,89.5,0.0,52.5,54.6,56.5,-100,11.8
2026-02-12 02:43:24,Salón - Extremo,51.5,Background Noise,45.3,45.3,0.0,0.0,100.0,0.0,0.0,40.1,40.4,50.3,-92,13.3
2026-02-12 02:44:32,Pasillo Administrativo,51.2,Background Noise,39.8,39.8,36.4,0.0,99.9,0.1,0.0,37.4,38.8,40.0,-102,7.0
2026-02-12 02:47:46,Pasillo de Salones,55.9,Background Noise,50.5,50.5,0.0,0.0,100.0,0.0,0.0,40.5,50.9,52.8,-93,13.5
2026-02-12 02:47:49,Main Lobby,50.9,Background Noise,45.5,45.5,0.0,0.0,100.0,0.0,0.0,40.1,40.5,50.2,-89,14.0
2026-02-12 02:47:53,Salón - Uma,62.1,Background Noise,56.5,56.5,56.7,0.0,96.6,3.4,0.0,53.6,56.1,58.6,-97,13.0
2026-02-12 02:47:54,Pasillo de Laboratorio,59.3,People,54.8,54.8,54.8,0.0,10.3,89.7,0.0,52.4,54.6,56.5,-100,11.3
2026-02-12 02:48:24,Salón - Extremo,51.3,Background Noise,45.4,45.4,0.0,0.0,100.0,0.0,0.0,40.1,40.3,50.4,-87,13.5
2026-02-12 02:49:32,Pasillo Administrativo,51.0,Background Noise,39.6,39.6,0.0,0.0,100.0,0.0,0.0,37.4,38.8,40.1,-103,11.0
2026-02-12 02:52:46,Pasillo de Salones,56.2,Background Noise,50.6,50.6,0.0,0.0,100.0,0.0,0.0,40.5,50.9,52.8,-94,13.5
2026-02-12 02:52:47,Main Lobby,52.5,Background Noise,47.6,47.8,47.1,0.0,79.7,20.3,0.0,40.2,40.9,50.8,-88,13.8
2026-02-12 02:52:53,Salón - Uma,62.1,Background Noise,56.4,56.4,56.4,0.0,97.0,3.0,0.0,53.7,56.0,58.3,-100,12.0
2026-02-12 02:52:54,Pasillo de Laboratorio,58.7,People,54.9,54.7,54.9,0.0,10.0,90.0,0.0,52.5,54.7,56.6,-99,12.0
2026-02-12 02:53:24,Salón - Extremo,51.4,Background Noise,43.7,43.7,0.0,0.0,100.0,0.0,0.0,40.1,40.3,50.1,-90,11.8
2026-02-12 02:54:32,Pasillo Administrativo,51.2,Background Noise,39.6,39.6,0.0,0.0,100.0,0.0,0.0,37.3,38.8,40.1,-103,10.8
2026-02-12 02:57:46,Pasillo de Salones,55.9,Background Noise,50.5,50.5,0.0,0.0,100.0,0.0,0.0,40.5,50.9,52.7,-94,13.8
2026-02-12 02:57:49,Main Lobby,52.3,Background Noise,46.0,45.8,48.1,0.0,94.8,5.2,0.0,40.1,40.5,50.6,-89,10.0
2026-02-12 02:57:53,Salón - Uma,61.4,Background Noise,56.5,56.5,56.2,0.0,97.1,2.9,0.0,53.7,56.1,58.6,-98,11.5
2026-02-12 02:57:55,Pasillo de Laboratorio,58.5,People,54.8,54.6,54.8,0.0,10.2,89.8,0.0,52.6,54.6,56.4,-99,12.5
2026-02-12 02:58:25,Salón - Extremo,50.9,Background Noise,43.9,43.9,0.0,0.0,100.0,0.0,0.0,40.0,40.4,50.2,-87,13.5
2026-02-12 02:59:32,Pasillo Administrativo,51.3,Background Noise,39.5,39.5,37.8,0.0,99.9,0.1,0.0,37.4,38.8,40.1,-103,11.0
2026-02-12 03:02:46,Pasillo de Salones,55.4,Background Noise,50.5,50.5,0.0,0.0,100.0,0.0,0.0,40.5,50.9,52.7,-95,13.5
2026-02-12 03:02:48,Main Lobby,51.3,Background Noise,46.4,46.4,49.1,0.0,99.8,0.2,0.0,40.1,40.5,50.6,-88,11.8
2026-02-12 03:02:53,Salón - Uma,62.4,Background Noise,56.4,56.4,55.9,0.0,97.3,2.7,0.0,53.7,56.0,58.3,-98,13.0
2026-02-12 03:02:55,Pasillo de Laboratorio,58.9,People,54.9,54.9,54.9,0.0,9.0,91.0,0.0,52.6,54.7,56.6,-100,12.3
2026-02-12 03:03:25,Salón - Extremo,51.9,Background Noise,42.2,42.2,0.0,0.0,100.0,0.0,0.0,40.1,40.4,40.8,-91,13.3
2026-02-12 03:04:32,Pasillo Administrativo,51.2,Background Noise,39.4,39.4,37.5,0.0,99.9,0.1,0.0,37.3,38.8,40.0,-103,10.8
2026-02-12 03:07:47,Pasillo de Salones,56.1,Background Noise,50.5,50.5,0.0,0.0,100.0,0.0,0.0,40.5,50.9,52.7,-95,13.8
2026-02-12 03:07:48,Main Lobby,51.2,Background Noise,43.5,43.5,40.2,0.0,99.0,1.0,0.0,40.1,40.4,50.1,-89,13.8
2026-02-12 03:07:53,Salón - Uma,62.6,Background Noise,56.4,56.4,56.4,0.0,97.3,2.7,0.0,53.8,56.0,58.3,-97,13.0
2026-02-12 03:07:55,Pasillo de Laboratorio,59.0,People,54.8,54.5,54.8,0.0,11.5,88.5,0.0,52.3,54.6,56.5,-100,12.0
2026-02-12 03:08:25,Salón - Extremo,51.2,Background Noise,45.4,45.4,0.0,0.0,100.0,0.0,0.0,40.0,40.6,50.2,-89,14.3
2026-02-12 03:09:32,Pasillo Administrativo,51.0,Background Noise,39.7,39.7,0.0,0.0,100.0,0.0,0.0,37.4,38.8,40.1,-103,10.8
2026-02-12 03:12:47,Pasillo de Salones,56.0,Background Noise,50.7,50.7,0.0,0.0,100.0,0.0,0.0,40.5,51.0,52.7,-93,13.5
2026-02-12 03:12:49,Main Lobby,55.5,Background Noise,45.6,45.4,47.2,49.9,92.5,7.1,0.4,40.1,40.4,50.5,-88,13.3
2026-02-12 03:12:54,Salón - Uma,61.8,Background Noise,56.4,56.4,56.3,0.0,96.0,4.0,0.0,53.6,56.0,58.3,-98,10.0
2026-02-12 03:12:55,Pasillo de Laboratorio,59.3,People,54.9,54.7,54.9,0.0,10.8,89.2,0.0,52.5,54.6,56.6,-99,10.5
2026-02-12 03:13:25,Salón - Extremo,50.1,Background Noise,40.4,40.4,0.0,0.0,100.0,0.0,0.0,40.1,40.4,40.8,-86,13.5
2026-02-12 03:14:33,Pasillo Administrativo,51.8,Background Noise,39.7,39.7,0.0,0.0,100.0,0.0,0.0,37.3,38.8,40.0,-103,11.0
2026-02-12 03:17:47,Pasillo de Salones,55.7,Background Noise,50.5,50.5,0.0,0.0,100.0,0.0,0.0,40.5,50.9,52.7,-94,13.3
2026-02-12 03:17:49,Main Lobby,51.4,Background Noise,44.0,44.0,44.0,0.0,88.4,11.6,0.0,40.1,40.5,50.1,-89,13.5
2026-02-12 03:17:54,Salón - Uma,62.9,Background Noise,56.4,56.4,56.5,0.0,96.9,3.1,0.0,53.6,56.0,58.4,-100,12.0
2026-02-12 03:17:55,Pasillo de Laboratorio,58.9,People,54.9,54.9,54.9,0.0,9.9,90.1,0.0,52.5,54.7,56.6,-99,12.3
2026-02-12 03:18:25,Salón - Extremo,51.4,Background Noise,45.0,45.0,0.0,0.0,100.0,0.0,0.0,40.1,40.4,50.5,-89,13.8
2026-02-12 03:19:33,Pasillo Administrativo,51.8,Background Noise,39.6,39.6,0.0,0.0,100.0,0.0,0.0,37.4,38.8,40.1,-103,9.5
2026-02-12 03:22:47,Pasillo de Salones,55.9,Background Noise,50.6,50.6,51.5,0.0,99.6,0.4,0.0,40.5,51.0,52.7,-93,11.3
2026-02-12 03:22:48,Main Lobby,54.1,Background Noise,45.0,44.9,46.5,0.0,95.0,5.0,0.0,40.2,40.5,50.3,-89,14.3
2026-02-12 03:22:54,Salón - Uma,69.5,Background Noise,56.5,56.5,57.2,0.0,96.2,3.7,0.0,53.7,56.0,58.4,-98,12.0
2026-02-12 03:22:55,Pasillo de Laboratorio,59.9,People,54.9,54.6,54.9,0.0,8.6,91.4,0.0,52.6,54.7,56.5,-100,11.8
2026-02-12 03:23:25,Salón - Extremo,53.1,Background Noise,42.7,42.7,0.0,0.0,100.0,0.0,0.0,40.1,40.3,40.9,-86,13.5
2026-02-12 03:24:33,Pasillo Administrativo,50.6,Background Noise,39.2,39.2,38.4,0.0,99.8,0.2,0.0,37.2,38.8,39.9,-103,10.5
2026-02-12 03:27:47,Pasillo de Salones,55.8,Background Noise,50.7,50.7,0.0,0.0,100.0,0.0,0.0,40.6,50.9,52.8,-93,13.3
2026-02-12 03:27:50,Main Lobby,51.9,Background Noise,44.2,44.2,40.4,0.0,99.8,0.2,0.0,40.0,40.6,50.1,-89,13.5
2026-02-12 03:27:54,Salón - Uma,61.9,People,56.3,56.3,56.7,0.0,96.6,3.4,0.0,53.6,56.0,58.4,-99,10.5
2026-02-12 03:27:55,Pasillo de Laboratorio,58.6,People,54.8,54.9,54.8,0.0,9.0,91.0,0.0,52.5,54.7,56.5,-100,11.8
2026-02-12 03:28:25,Salón - Extremo,51.4,Background Noise,45.1,45.1,0.0,0.0,100.0,0.0,0.0,40.1,40.4,50.3,-88,14.0
2026-02-12 03:29:33,Pasillo Administrativo,51.2,Background Noise,39.4,39.4,39.3,0.0,99.9,0.1,0.0,37.3,38.7,40.0,-103,11.0
2026-02-12 03:32:47,Pasillo de Salones,61.7,People,50.9,50.7,54.3,0.0,96.2,3.7,0.0,40.5,51.0,53.1,-94,13.3
2026-02-12 03:32:50,Main Lobby,50.9,People,41.9,41.8,46.1,0.0,98.8,1.2,0.0,40.1,40.2,40.8,-88,14.3
2026-02-12 03:32:54,Salón - Uma,68.0,People,56.8,56.5,58.9,58.2,92.3,7.7,0.1,53.7,56.2,58.6,-98,12.3
2026-02-12 03:32:55,Pasillo de Laboratorio,59.3,People,54.9,54.9,54.9,0.0,9.8,90.2,0.0,52.6,54.7,56.6,-99,10.3
2026-02-12 03:33:25,Salón - Extremo,51.8,Background Noise,45.5,45.5,40.7,0.0,99.9,0.1,0.0,40.2,40.5,50.5,-87,13.5
2026-02-12 03:34:33,Pasillo Administrativo,50.8,Background Noise,39.5,39.5,0.0,0.0,100.0,0.0,0.0,37.3,38.8,40.1,-102,10.5
2026-02-12 03:37:47,Pasillo de Salones,60.1,People,51.1,50.9,53.7,0.0,96.8,3.2,0.0,40.6,51.1,53.1,-93,13.3
2026-02-12 03:37:48,Main Lobby,60.1,People,44.3,42.8,50.0,0.0,90.0,10.0,0.0,40.1,40.3,50.0,-89,13.5
2026-02-12 03:37:54,Salón - Uma,62.2,Background Noise,56.3,56.3,56.4,0.0,95.7,4.3,0.0,53.7,55.9,58.3,-99,11.8
2026-02-12 03:37:56,Pasillo de Laboratorio,59.6,People,54.9,54.9,54.9,0.0,10.1,89.9,0.0,52.6,54.7,56.6,-99,12.3
2026-02-12 03:38:26,Salón - Extremo,52.4,Background Noise,45.5,45.5,40.8,0.0,99.9,0.1,0.0,40.2,40.6,50.5,-87,13.8
2026-02-12 03:39:35,Pasillo Administrativo,51.9,Background Noise,39.6,39.6,38.5,0.0,99.9,0.1,0.0,37.4,38.8,40.0,-102,10.8
2026-02-12 03:42:47,Pasillo de Salones,59.1,People,50.9,50.8,54.9,54.0,98.8,1.1,0.1,40.6,51.0,53.0,-94,13.3
2026-02-12 03:42:50,Main Lobby,66.0,People,45.8,44.5,56.7,0.0,97.7,2.3,0.0,40.0,40.4,50.1,-88,13.8
2026-02-12 03:42:54,Salón - Uma,62.2,Background Noise,56.4,56.4,56.2,0.0,96.3,3.7,0.0,53.5,56.0,58.4,-98,12.0
2026-02-12 03:42:56,Pasillo de Laboratorio,58.6,People,54.8,54.9,54.8,0.0,10.1,89.9,0.0,52.5,54.6,56.5,-100,12.0
2026-02-12 03:43:26,Salón - Extremo,50.8,Background Noise,44.6,44.6,0.0,0.0,100.0,0.0,0.0,40.1,40.5,50.3,-92,13.8
2026-02-12 03:44:33,Pasillo Administrativo,51.4,Background Noise,39.6,39.6,0.0,0.0,100.0,0.0,0.0,37.4,38.9,40.2,-103,10.8
2026-02-12 03:47:48,Pasillo de Salones,57.7,Background Noise,50.9,50.8,51.6,0.0,98.6,1.4,0.0,40.6,51.0,52.8,-94,13.8
2026-02-12 03:47:50,Main Lobby,51.4,Background Noise,46.9,46.9,0.0,0.0,100.0,0.0,0.0,40.1,40.6,51.4,-88,12.0
2026-02-12 03:47:54,Salón - Uma,62.2,Background Noise,56.3,56.3,56.3,0.0,97.2,2.8,0.0,53.7,55.9,58.2,-98,12.8
2026-02-12 03:47:56,Pasillo de Laboratorio,58.6,People,54.8,54.8,54.8,51.3,8.6,91.3,0.1,52.4,54.6,56.4,-99,11.8
2026-02-12 03:48:26,Salón - Extremo,52.2,Background Noise,46.9,46.9,50.1,0.0,99.9,0.1,0.0,40.1,40.6,50.9,-90,11.3
2026-02-12 03:49:33,Pasillo Administrativo,51.6,Background Noise,39.9,39.9,0.0,0.0,100.0,0.0,0.0,37.4,38.8,40.2,-103,6.3
2026-02-12 03:52:48,Pasillo de Salones,59.2,Background Noise,50.9,50.9,53.5,0.0,98.7,1.3,0.0,40.6,51.0,53.0,-94,13.5
2026-02-12 03:52:49,Main Lobby,50.8,Background Noise,44.5,44.5,40.5,0.0,99.7,0.3,0.0,40.1,40.4,50.4,-89,13.5
2026-02-12 03:52:55,Salón - Uma,61.3,Background Noise,56.4,56.4,56.0,0.0,96.3,3.7,0.0,53.6,56.1,58.4,-100,12.0
2026-02-12 03:52:56,Pasillo de Laboratorio,58.8,Background Noise,54.8,54.8,54.8,0.0,9.2,90.8,0.0,52.5,54.6,56.5,-100,10.3
2026-02-12 03:53:26,Salón - Extremo,55.6,Background Noise,46.2,46.2,0.0,0.0,100.0,0.0,0.0,40.1,40.6,51.3,-91,14.0
2026-02-12 03:54:34,Pasillo Administrativo,52.0,Background Noise,40.0,40.0,38.6,0.0,99.9,0.1,0.0,37.4,38.8,40.1,-103,10.8
2026-02-12 03:57:48,Pasillo de Salones,61.6,Background Noise,54.0,54.0,54.6,0.0,99.8,0.2,0.0,51.4,53.8,55.8,-93,13.3
2026-02-12 03:57:49,Main Lobby,53.3,Background Noise,47.1,47.1,48.2,0.0,99.2,0.8,0.0,40.1,40.7,50.9,-89,13.8
2026-02-12 03:57:55,Salón - Uma,66.6,Background Noise,57.5,57.6,57.1,0.0,97.4,2.6,0.0,54.6,57.1,59.6,-99,11.8
2026-02-12 03:57:56,Pasillo de Laboratorio,67.4,People,56.9,56.8,56.9,0.0,2.3,97.7,0.0,54.6,56.6,58.6,-100,11.8
2026-02-12 03:58:26,Salón - Extremo,52.7,Background Noise,46.7,46.7,40.1,0.0,99.9,0.1,0.0,40.1,40.6,51.0,-89,13.8
2026-02-12 03:59:36,Pasillo Administrativo,52.0,Background Noise,41.1,41.1,39.0,0.0,99.9,0.1,0.0,37.6,39.1,40.5,-103,10.8
2026-02-12 04:02:48,Pasillo de Salones,59.0,Background Noise,54.0,54.0,54.8,0.0,99.8,0.2,0.0,51.6,53.7,55.8,-93,13.8
2026-02-12 04:02:50,Main Lobby,53.2,Background Noise,46.4,46.4,47.2,0.0,94.8,5.2,0.0,40.1,40.6,50.9,-89,14.5
2026-02-12 04:02:55,Salón - Uma,62.0,Background Noise,57.4,57.4,57.7,0.0,97.5,2.5,0.0,54.6,57.0,59.6,-98,12.3
2026-02-12 04:02:56,Pasillo de Laboratorio,61.4,People,56.7,56.5,56.7,0.0,3.0,97.0,0.0,54.3,56.5,58.4,-100,11.8
2026-02-12 04:03:26,Salón - Extremo,53.2,Background Noise,46.4,46.4,0.0,0.0,100.0,0.0,0.0,40.1,40.7,50.8,-91,13.5
2026-02-12 04:04:34,Pasillo Administrativo,51.7,Background Noise,41.2,41.2,37.5,0.0,99.9,0.1,0.0,37.7,39.1,40.5,-103,10.5
2026-02-12 04:07:48,Pasillo de Salones,58.7,Background Noise,53.7,53.7,54.2,0.0,99.1,0.9,0.0,51.4,53.4,55.6,-93,11.3
2026-02-12 04:07:51,Main Lobby,52.1,Background Noise,46.0,46.0,49.6,0.0,99.8,0.3,0.0,40.1,40.6,50.7,-88,14.5
2026-02-12 04:07:55,Salón - Uma,63.1,Background Noise,57.5,57.5,57.3,0.0,96.7,3.2,0.0,54.6,57.1,59.5,-101,11.5
2026-02-12 04:07:56,Pasillo de Laboratorio,60.9,People,56.6,56.6,56.6,0.0,8.9,91.1,0.0,54.3,56.4,58.3,-99,11.8
2026-02-12 04:08:26,Salón - Extremo,52.1,Background Noise,46.3,46.3,40.3,0.0,99.9,0.1,0.0,40.1,40.7,50.7,-90,11.5
2026-02-12 04:09:34,Pasillo Administrativo,51.9,Background Noise,41.1,41.1,0.0,0.0,100.0,0.0,0.0,37.6,39.0,40.4,-103,11.0
2026-02-12 04:12:48,Pasillo de Salones,60.5,Background Noise,53.8,53.8,54.3,54.2,96.2,3.6,0.2,51.6,53.6,55.5,-93,13.3
2026-02-12 04:12:49,Main Lobby,53.0,Background Noise,46.2,46.2,47.4,0.0,99.6,0.4,0.0,40.1,40.6,50.6,-89,13.5
2026-02-12 04:12:55,Salón - Uma,63.0,Background Noise,57.5,57.5,56.7,0.0,96.9,3.1,0.0,54.5,57.0,59.5,-99,5.8
2026-02-12 04:12:56,Pasillo de Laboratorio,61.0,People,56.7,56.6,56.7,0.0,2.2,97.8,0.0,54.3,56.5,58.5,-100,12.0
2026-02-12 04:13:26,Salón - Extremo,58.1,People,47.0,46.9,55.1,0.0,99.8,0.2,0.0,40.1,40.7,51.0,-87,13.0
2026-02-12 04:14:34,Pasillo Administrativo,51.8,Background Noise,41.1,41.1,36.2,0.0,99.9,0.1,0.0,37.6,39.1,40.5,-103,9.5
2026-02-12 04:17:48,Pasillo de Salones,58.0,Background Noise,53.5,53.4,54.8,0.0,96.7,3.2,0.0,51.2,53.3,55.3,-93,13.5
2026-02-12 04:17:52,Main Lobby,55.9,People,46.1,46.1,49.9,0.0,98.5,1.5,0.0,40.1,40.6,50.6,-89,13.5
2026-02-12 04:17:55,Salón - Uma,63.9,Background Noise,57.3,57.3,57.6,0.0,97.1,2.9,0.0,54.4,56.8,59.3,-100,11.8
2026-02-12 04:17:57,Pasillo de Laboratorio,61.4,People,56.7,56.2,56.7,0.0,3.6,96.4,0.0,54.5,56.5,58.4,-99,12.3
2026-02-12 04:18:27,Salón - Extremo,57.1,People,45.4,45.2,53.2,0.0,99.3,0.7,0.0,40.1,40.5,50.4,-88,14.5
2026-02-12 04:19:34,Pasillo Administrativo,52.6,Background Noise,40.7,40.7,38.0,0.0,99.9,0.1,0.0,37.5,39.0,40.4,-103,10.8
2026-02-12 04:22:48,Pasillo de Salones,57.2,Background Noise,53.2,53.2,53.5,0.0,99.6,0.4,0.0,50.9,53.0,55.0,-94,13.3
2026-02-12 04:22:50,Main Lobby,56.9,People,45.9,45.7,49.8,0.0,97.7,2.3,0.0,40.1,40.6,50.7,-88,14.0
2026-02-12 04:22:55,Salón - Uma,62.8,Background Noise,57.1,57.1,57.4,0.0,97.6,2.4,0.0,54.4,56.7,59.0,-100,12.3
2026-02-12 04:22:57,Pasillo de Laboratorio,60.9,People,56.7,56.5,56.7,0.0,4.4,95.6,0.0,54.4,56.5,58.3,-100,11.8
2026-02-12 04:23:27,Salón - Extremo,58.5,Background Noise,46.3,46.3,0.0,0.0,100.0,0.0,0.0,40.1,40.5,50.7,-86,13.5
2026-02-12 04:24:34,Pasillo Administrativo,51.4,Background Noise,40.7,40.7,0.0,0.0,100.0,0.0,0.0,37.6,39.0,40.4,-103,10.3
2026-02-12 04:27:49,Pasillo de Salones,57.5,Background Noise,53.4,53.4,53.4,0.0,99.8,0.2,0.0,51.0,53.2,55.3,-93,13.0
2026-02-12 04:27:50,Main Lobby,74.6,People,52.0,49.2,56.6,55.7,79.4,20.3,0.2,40.2,50.3,52.8,-89,13.5
2026-02-12 04:27:55,Salón - Uma,63.3,Background Noise,57.3,57.3,57.1,0.0,96.9,3.1,0.0,54.5,56.9,59.1,-99,12.3
2026-02-12 04:27:57,Pasillo de Laboratorio,60.9,People,56.7,56.7,56.7,0.0,4.4,95.6,0.0,54.3,56.4,58.4,-99,12.3
2026-02-12 04:28:27,Salón - Extremo,52.8,Background Noise,46.3,46.3,0.0,0.0,100.0,0.0,0.0,40.1,40.6,50.6,-87,13.8
2026-02-12 04:29:35,Pasillo Administrativo,52.0,Background Noise,41.7,41.7,0.0,0.0,100.0,0.0,0.0,37.7,39.2,40.6,-104,10.5
2026-02-12 04:32:49,Pasillo de Salones,58.8,People,53.6,53.5,54.7,0.0,95.8,4.2,0.0,51.4,53.3,55.2,-94,13.3
2026-02-12 04:32:50,Main Lobby,57.6,People,49.5,49.4,51.3,40.5,94.0,5.9,0.1,40.3,50.4,51.9,-88,11.8
2026-02-12 04:32:56,Salón - Uma,62.4,Background Noise,57.3,57.3,56.9,0.0,96.2,3.8,0.0,54.5,56.9,59.2,-99,12.0
2026-02-12 04:32:57,Pasillo de Laboratorio,61.3,People,56.7,56.7,56.7,0.0,5.8,94.2,0.0,54.3,56.4,58.5,-99,10.5
2026-02-12 04:33:27,Salón - Extremo,55.6,People,46.3,46.2,51.2,0.0,98.8,1.2,0.0,40.1,40.6,50.7,-91,13.8
2026-02-12 04:34:35,Pasillo Administrativo,52.1,Background Noise,41.1,41.1,0.0,0.0,100.0,0.0,0.0,37.6,39.0,40.5,-103,10.8
2026-02-12 04:37:49,Pasillo de Salones,57.3,Background Noise,53.2,53.2,54.3,0.0,99.6,0.4,0.0,51.0,53.0,54.9,-94,13.3
2026-02-12 04:37:51,Main Lobby,58.6,Background Noise,48.5,48.5,50.5,0.0,97.9,2.1,0.0,40.2,50.1,51.5,-89,13.3
2026-02-12 04:37:56,Salón - Uma,62.0,Background Noise,57.2,57.2,57.1,0.0,96.8,3.2,0.0,54.5,56.8,59.2,-101,12.3
2026-02-12 04:37:57,Pasillo de Laboratorio,61.5,People,56.6,56.5,56.6,0.0,3.6,96.4,0.0,54.3,56.3,58.4,-100,11.8
2026-02-12 04:38:27,Salón - Extremo,53.7,Background Noise,46.7,46.7,40.6,0.0,99.8,0.2,0.0,40.1,40.7,50.9,-89,13.8
2026-02-12 04:39:35,Pasillo Administrativo,51.9,Background Noise,41.3,41.3,0.0,0.0,100.0,0.0,0.0,37.6,39.1,40.6,-104,10.8
2026-02-12 04:42:49,Pasillo de Salones,59.4,Background Noise,53.1,53.0,54.0,53.2,99.2,0.7,0.2,50.9,52.9,54.8,-92,11.0
2026-02-12 04:42:50,Main Lobby,60.0,Background Noise,48.1,47.9,51.3,0.0,95.1,4.9,0.0,40.2,40.9,51.2,-89,14.0
2026-02-12 04:42:56,Salón - Uma,61.8,Background Noise,57.1,57.1,57.0,54.7,97.6,2.3,0.1,54.3,56.7,59.1,-99,12.0
2026-02-12 04:42:57,Pasillo de Laboratorio,61.3,People,56.6,57.1,56.6,0.0,3.3,96.7,0.0,54.2,56.3,58.4,-99,12.3
2026-02-12 04:43:27,Salón - Extremo,56.0,Background Noise,45.4,45.4,0.0,0.0,100.0,0.0,0.0,40.1,40.6,50.5,-92,13.8
2026-02-12 04:44:35,Pasillo Administrativo,51.8,Background Noise,41.3,41.3,0.0,0.0,100.0,0.0,0.0,37.6,39.1,40.5,-102,9.5
2026-02-12 04:47:49,Pasillo de Salones,56.8,Background Noise,52.9,52.9,53.8,0.0,98.3,1.8,0.0,50.9,52.7,54.6,-93,13.3
2026-02-12 04:47:52,Main Lobby,64.0,Vehicle,47.9,47.4,50.2,59.4,94.1,5.3,0.6,40.1,40.8,51.1,-89,13.5
2026-02-12 04:47:56,Salón - Uma,62.0,Background Noise,57.1,57.1,57.3,0.0,96.6,3.4,0.0,54.5,56.8,59.2,-102,11.0
2026-02-12 04:47:57,Pasillo de Laboratorio,60.1,People,56.7,56.4,56.7,0.0,3.2,96.7,0.0,54.3,56.5,58.4,-99,12.0
2026-02-12 04:48:27,Salón - Extremo,53.0,Background Noise,46.2,46.2,50.7,0.0,99.9,0.1,0.0,40.1,40.6,50.8,-86,13.8
2026-02-12 04:49:35,Pasillo Administrativo,52.0,Background Noise,41.3,41.3,0.0,0.0,100.0,0.0,0.0,37.8,39.1,40.6,-103,10.8
2026-02-12 04:52:49,Pasillo de Salones,56.7,Background Noise,52.9,52.9,53.6,0.0,99.4,0.6,0.0,50.8,52.8,54.6,-92,13.5
2026-02-12 04:52:52,Main Lobby,61.4,People,47.4,47.0,51.1,54.1,94.2,5.2,0.6,40.1,40.7,51.0,-89,13.8
2026-02-12 04:52:56,Salón - Uma,61.5,Background Noise,57.0,57.0,56.7,0.0,97.5,2.5,0.0,54.3,56.5,58.9,-98,12.5
2026-02-12 04:52:57,Pasillo de Laboratorio,61.1,People,56.6,56.6,56.6,0.0,3.2,96.8,0.0,54.2,56.4,58.5,-100,12.0
2026-02-12 04:53:27,Salón - Extremo,55.0,Background Noise,46.3,46.3,0.0,0.0,100.0,0.0,0.0,40.1,40.6,50.8,-89,13.8
2026-02-12 04:54:35,Pasillo Administrativo,51.9,Background Noise,41.6,41.6,0.0,0.0,100.0,0.0,0.0,37.7,39.2,40.7,-103,11.0
2026-02-12 04:57:49,Pasillo de Salones,61.7,People,52.9,52.8,55.3,54.3,96.2,3.7,0.1,50.8,52.7,54.5,-94,12.8
2026-02-12 04:57:50,Main Lobby,65.6,People,49.7,47.9,50.2,48.8,25.0,71.7,3.3,40.3,50.3,51.7,-88,13.5
2026-02-12 04:57:56,Salón - Uma,62.2,Background Noise,56.9,57.0,56.2,0.0,97.2,2.8,0.0,54.0,56.5,59.0,-100,9.8
2026-02-12 04:57:58,Pasillo de Laboratorio,61.2,People,56.6,56.4,56.6,0.0,3.1,96.9,0.0,54.3,56.3,58.4,-100,12.0
2026-02-12 04:58:28,Salón - Extremo,55.6,Background Noise,46.0,46.0,52.0,0.0,99.5,0.5,0.0,40.1,40.6,50.7,-87,13.5
2026-02-12 04:59:35,Pasillo Administrativo,51.8,Background Noise,41.2,41.2,0.0,0.0,100.0,0.0,0.0,37.5,39.1,40.5,-103,10.8
2026-02-12 05:02:49,Pasillo de Salones,57.3,Background Noise,52.8,52.7,53.8,52.0,99.0,0.8,0.2,50.7,52.6,54.4,-94,13.3
2026-02-12 05:02:51,Main Lobby,73.3,Vehicle,56.5,49.6,60.8,63.6,69.7,29.3,1.0,40.2,50.3,57.9,-88,11.5
2026-02-12 05:02:56,Salón - Uma,61.9,Background Noise,56.9,57.0,56.2,0.0,97.3,2.7,0.0,54.2,56.6,58.9,-99,12.0
2026-02-12 05:02:58,Pasillo de Laboratorio,73.3,Vehicle,57.0,57.7,56.7,64.1,13.2,85.8,1.0,54.2,56.4,58.6,-98,12.3
2026-02-12 05:03:28,Salón - Extremo,52.5,Background Noise,45.6,45.5,48.2,0.0,99.8,0.2,0.0,40.1,40.5,50.5,-91,13.5
2026-02-12 05:04:35,Pasillo Administrativo,51.7,Background Noise,41.3,41.3,0.0,0.0,100.0,0.0,0.0,37.6,39.1,40.4,-104,10.3
2026-02-12 05:07:50,Pasillo de Salones,56.6,Background Noise,52.7,52.7,54.9,0.0,99.7,0.3,0.0,50.7,52.6,54.5,-93,13.3
2026-02-12 05:07:51,Main Lobby,70.0,People,50.5,48.3,56.3,49.8,86.8,12.9,0.2,40.1,40.8,51.8,-89,13.5
2026-02-12 05:07:56,Salón - Uma,62.0,Background Noise,56.9,56.9,56.6,0.0,96.4,3.6,0.0,54.1,56.5,59.0,-100,11.5
2026-02-12 05:07:58,Pasillo de Laboratorio,61.2,Background Noise,56.6,56.5,56.6,0.0,8.8,91.2,0.0,54.3,56.4,58.3,-99,11.8
2026-02-12 05:08:28,Salón - Extremo,62.7,Background Noise,46.2,46.1,55.5,0.0,99.5,0.5,0.0,40.1,40.5,50.6,-88,14.3
2026-02-12 05:09:35,Pasillo Administrativo,51.8,Background Noise,41.3,41.3,50.2,0.0,99.9,0.1,0.0,37.7,39.1,40.5,-103,10.8
2026-02-12 05:12:50,Pasillo de Salones,57.8,Background Noise,52.6,52.6,53.9,0.0,99.7,0.3,0.0,50.6,52.4,54.4,-83,14.5
2026-02-12 05:12:51,Main Lobby,64.2,People,47.7,46.6,52.1,51.9,88.4,11.3,0.3,40.1,40.7,51.1,-88,14.0
2026-02-12 05:12:57,Salón - Uma,63.0,Background Noise,56.9,56.9,56.7,0.0,96.6,3.4,0.0,54.3,56.5,59.0,-88,14.3
2026-02-12 05:12:58,Pasillo de Laboratorio,60.7,People,56.6,56.4,56.6,0.0,3.5,96.5,0.0,54.2,56.3,58.2,-98,10.5
2026-02-12 05:13:28,Salón - Extremo,74.2,People,49.5,47.7,63.2,58.2,98.2,1.3,0.5,40.0,40.7,51.2,-79,9.8
2026-02-12 05:14:36,Pasillo Administrativo,51.9,Background Noise,41.4,41.4,39.0,0.0,99.8,0.2,0.0,37.6,39.1,40.5,-103,10.8
2026-02-12 05:17:50,Pasillo de Salones,57.4,People,52.6,52.6,54.2,54.1,97.7,2.0,0.3,50.5,52.5,54.5,-82,13.8
2026-02-12 05:17:52,Main Lobby,70.5,Background Noise,50.0,48.3,54.7,54.5,85.6,14.0,0.4,40.2,40.8,51.9,-88,13.3
2026-02-12 05:17:57,Salón - Uma,62.1,Background Noise,56.8,56.8,56.9,0.0,96.9,3.1,0.0,54.2,56.5,58.7,-89,13.8
2026-02-12 05:17:58,Pasillo de Laboratorio,67.5,Background Noise,56.7,57.1,56.7,58.2,13.3,86.2,0.4,54.3,56.4,58.5,-99,12.0
2026-02-12 05:18:28,Salón - Extremo,73.7,Background Noise,51.3,49.8,61.1,64.0,97.3,2.2,0.5,40.1,40.7,50.9,-75,13.5
2026-02-12 05:19:36,Pasillo Administrativo,52.1,Background Noise,41.3,41.3,39.1,0.0,99.9,0.1,0.0,37.6,39.2,40.5,-102,9.3
2026-02-12 05:22:50,Pasillo de Salones,62.3,People,52.7,52.6,55.7,53.6,97.6,2.2,0.2,50.6,52.5,54.3,-82,10.5
2026-02-12 05:22:52,Main Lobby,67.6,People,48.3,47.0,52.3,53.0,85.8,13.9,0.3,40.2,40.8,51.1,-89,14.0
2026-02-12 05:22:57,Salón - Uma,63.8,Background Noise,56.9,56.9,56.4,0.0,97.2,2.8,0.0,54.1,56.5,58.8,-89,14.3
2026-02-12 05:22:58,Pasillo de Laboratorio,62.1,Background Noise,56.6,56.9,56.6,0.0,4.0,96.0,0.0,54.4,56.4,58.3,-99,12.0
2026-02-12 05:23:28,Salón - Extremo,66.4,Background Noise,47.5,46.6,57.5,62.5,98.5,1.3,0.2,40.1,40.4,50.6,-75,14.0
2026-02-12 05:24:36,Pasillo Administrativo,51.7,Background Noise,40.7,40.7,39.0,0.0,99.8,0.2,0.0,37.5,39.0,40.4,-103,10.5
2026-02-12 05:27:50,Pasillo de Salones,57.1,Background Noise,52.5,52.5,0.0,0.0,100.0,0.0,0.0,50.4,52.3,54.2,-94,12.5
2026-02-12 05:27:51,Main Lobby,57.1,Background Noise,48.4,47.8,49.7,0.0,74.6,25.4,0.0,40.2,41.0,51.5,-89,14.0
2026-02-12 05:27:57,Salón - Uma,65.2,Background Noise,56.9,56.9,57.0,0.0,96.0,4.0,0.0,54.2,56.5,58.7,-99,12.3
2026-02-12 05:27:58,Pasillo de Laboratorio,62.3,People,56.6,56.1,56.7,0.0,3.8,96.2,0.0,54.2,56.3,58.4,-98,12.0
2026-02-12 05:28:28,Salón - Extremo,68.4,People,47.3,46.2,59.3,65.5,98.8,1.1,0.1,40.1,40.6,50.7,-89,14.0
2026-02-12 05:29:36,Pasillo Administrativo,51.9,Background Noise,41.1,41.1,0.0,0.0,100.0,0.0,0.0,37.5,39.1,40.4,-103,11.0
2026-02-12 05:32:50,Pasillo de Salones,57.0,Background Noise,52.4,52.4,54.4,0.0,99.9,0.1,0.0,50.4,52.2,54.3,-93,13.0
2026-02-12 05:32:51,Main Lobby,65.7,People,51.2,47.6,53.2,0.0,50.6,49.4,0.0,40.2,50.2,54.0,-88,11.8
2026-02-12 05:32:57,Salón - Uma,62.0,Background Noise,56.8,56.8,56.6,0.0,96.0,4.0,0.0,54.1,56.3,58.8,-101,12.3
2026-02-12 05:32:58,Pasillo de Laboratorio,61.7,People,56.8,57.0,56.8,0.0,3.3,96.7,0.0,54.4,56.6,58.7,-98,10.8
2026-02-12 05:33:28,Salón - Extremo,54.2,People,46.1,46.0,51.4,0.0,99.8,0.2,0.0,40.0,40.6,50.5,-90,11.5
2026-02-12 05:34:36,Pasillo Administrativo,51.5,Background Noise,41.2,41.2,0.0,0.0,100.0,0.0,0.0,37.7,39.1,40.5,-103,10.8
2026-02-12 05:37:50,Pasillo de Salones,57.1,Background Noise,52.4,52.4,52.5,0.0,99.8,0.2,0.0,50.4,52.3,54.1,-94,13.0
2026-02-12 05:37:51,Main Lobby,66.0,People,50.6,48.9,52.6,0.0,64.5,35.5,0.0,40.2,50.3,53.4,-88,14.0
2026-02-12 05:37:57,Salón - Uma,61.9,Background Noise,56.6,56.6,56.5,0.0,96.7,3.2,0.0,53.7,56.2,58.5,-99,12.0
2026-02-12 05:37:59,Pasillo de Laboratorio,67.8,People,56.9,57.0,56.9,0.0,14.0,86.0,0.0,54.5,56.6,58.6,-98,12.3
2026-02-12 05:38:29,Salón - Extremo,62.4,People,46.1,46.0,58.2,0.0,99.8,0.3,0.0,40.1,40.6,50.6,-92,13.8
2026-02-12 05:39:36,Pasillo Administrativo,52.0,Background Noise,41.3,41.3,39.2,0.0,99.9,0.1,0.0,37.8,39.1,40.5,-102,10.5
2026-02-12 05:42:50,Pasillo de Salones,60.5,Background Noise,52.6,52.6,52.9,0.0,95.3,4.7,0.0,50.5,52.4,54.2,-94,13.3
2026-02-12 05:42:52,Main Lobby,64.9,People,49.4,48.3,52.2,55.6,80.8,19.1,0.2,40.2,41.0,52.1,-88,13.5
2026-02-12 05:42:57,Salón - Uma,61.3,Background Noise,56.5,56.5,56.6,0.0,96.5,3.5,0.0,53.9,56.1,58.3,-101,11.8
2026-02-12 05:42:59,Pasillo de Laboratorio,64.4,Background Noise,57.0,57.2,57.0,0.0,4.3,95.7,0.0,54.6,56.7,58.7,-99,10.8
2026-02-12 05:43:29,Salón - Extremo,53.6,Background Noise,46.2,46.2,0.0,0.0,100.0,0.0,0.0,40.1,40.6,50.7,-91,13.8
2026-02-12 05:44:36,Pasillo Administrativo,61.8,Background Noise,53.8,53.5,54.7,54.5,80.4,16.0,3.6,51.1,53.6,55.6,-103,10.5
2026-02-12 05:47:51,Pasillo de Salones,59.7,People,52.7,52.6,53.4,0.0,91.4,8.6,0.0,50.5,52.4,54.4,-93,13.5
2026-02-12 05:47:52,Main Lobby,71.9,People,57.2,52.0,59.0,55.2,41.9,57.4,0.7,40.6,51.7,60.9,-88,14.0
2026-02-12 05:47:57,Salón - Uma,60.7,Background Noise,56.2,56.2,55.8,0.0,98.0,2.0,0.0,53.5,55.9,58.1,-100,10.5
2026-02-12 05:47:59,Pasillo de Laboratorio,61.4,People,57.2,57.1,57.2,0.0,3.1,96.9,0.0,54.7,56.9,58.9,-99,12.5
2026-02-12 05:48:29,Salón - Extremo,62.8,Background Noise,47.0,47.0,50.8,0.0,99.5,0.5,0.0,40.2,40.6,50.9,-87,13.3
2026-02-12 05:49:36,Pasillo Administrativo,57.8,Background Noise,53.6,53.4,54.6,54.5,78.3,16.4,5.3,51.1,53.3,55.6,-92,13.0
2026-02-12 05:52:51,Pasillo de Salones,56.7,Background Noise,52.5,52.5,53.6,0.0,99.6,0.4,0.0,50.4,52.4,54.3,-92,13.5
2026-02-12 05:52:53,Main Lobby,71.9,People,54.7,52.5,55.0,0.0,17.6,82.4,0.0,50.6,52.2,55.1,-88,13.8
2026-02-12 05:52:58,Salón - Uma,60.7,Background Noise,56.2,56.2,55.8,0.0,98.0,2.0,0.0,53.6,56.0,58.1,-98,12.5
2026-02-12 05:52:59,Pasillo de Laboratorio,63.3,People,57.5,57.4,57.5,0.0,17.8,82.2,0.0,55.1,57.1,59.3,-99,11.8
2026-02-12 05:53:29,Salón - Extremo,55.1,Background Noise,45.9,45.9,49.4,0.0,99.4,0.6,0.0,40.1,40.6,50.6,-86,13.5
2026-02-12 05:54:37,Pasillo Administrativo,60.1,Background Noise,53.7,53.4,54.7,54.4,78.7,14.8,6.4,50.9,53.3,55.7,-102,10.8
2026-02-12 05:57:51,Pasillo de Salones,57.0,Background Noise,52.7,52.7,52.7,50.7,99.8,0.1,0.1,50.4,52.5,54.5,-93,12.3
2026-02-12 05:57:52,Main Lobby,81.8,People,56.3,51.9,59.2,53.3,59.0,40.3,0.7,50.3,52.0,55.4,-88,13.3
2026-02-12 05:57:58,Salón - Uma,61.8,Background Noise,56.4,56.4,56.0,0.0,98.6,1.4,0.0,53.8,56.1,58.5,-99,12.0
2026-02-12 05:57:59,Pasillo de Laboratorio,68.4,Background Noise,57.4,57.9,57.3,53.7,16.1,83.8,0.1,54.9,57.1,59.2,-98,11.8
2026-02-12 05:58:29,Salón - Extremo,51.9,Background Noise,45.8,45.8,0.0,40.4,99.9,0.0,0.1,40.1,40.5,50.6,-85,14.0
2026-02-12 05:59:37,Pasillo Administrativo,58.6,People,53.7,53.4,54.6,54.7,78.3,15.1,6.7,50.9,53.4,55.7,-101,8.0
2026-02-12 06:02:51,Pasillo de Salones,57.5,Background Noise,52.7,52.7,50.5,0.0,99.9,0.1,0.0,50.5,52.5,54.5,-92,13.0
2026-02-12 06:02:54,Main Lobby,73.7,People,55.8,53.9,56.3,57.7,28.0,71.6,0.4,40.8,51.8,57.3,-88,13.8
2026-02-12 06:02:58,Salón - Uma,62.0,Background Noise,56.5,56.5,56.0,0.0,98.7,1.3,0.0,53.8,56.1,58.5,-100,9.0
2026-02-12 06:02:59,Pasillo de Laboratorio,65.5,People,57.8,57.7,57.8,0.0,6.6,93.4,0.0,55.2,57.4,59.7,-98,12.0
2026-02-12 06:03:29,Salón - Extremo,52.5,Background Noise,45.5,45.5,0.0,0.0,100.0,0.0,0.0,40.1,40.5,50.6,-85,13.8
2026-02-12 06:04:37,Pasillo Administrativo,57.7,Background Noise,53.5,53.2,54.4,54.6,80.1,14.1,5.8,50.9,53.3,55.5,-103,11.0
2026-02-12 06:07:51,Pasillo de Salones,57.2,Background Noise,52.9,52.9,51.5,0.0,99.7,0.3,0.0,50.7,52.7,54.8,-92,11.3
2026-02-12 06:07:52,Main Lobby,67.0,People,54.3,51.3,54.8,57.6,20.4,79.2,0.4,40.8,51.8,57.6,-78,13.8
2026-02-12 06:07:58,Salón - Uma,64.2,Background Noise,56.3,56.3,56.5,0.0,98.7,1.3,0.0,53.5,55.8,58.3,-100,12.0
2026-02-12 06:07:59,Pasillo de Laboratorio,79.0,People,60.4,60.9,59.0,64.5,67.7,32.0,0.3,56.0,59.7,62.3,-99,12.0
2026-02-12 06:08:29,Salón - Extremo,52.3,Background Noise,45.3,45.3,50.7,0.0,99.9,0.1,0.0,40.1,40.5,50.6,-89,11.8
2026-02-12 06:09:37,Pasillo Administrativo,57.3,Background Noise,53.6,53.3,54.7,54.8,79.9,14.2,5.9,50.6,53.4,55.7,-103,10.3
2026-02-12 06:12:51,Pasillo de Salones,58.2,Background Noise,53.2,53.2,0.0,0.0,100.0,0.0,0.0,50.8,53.0,55.1,-93,12.8
2026-02-12 06:12:52,Main Lobby,72.4,People,52.9,51.2,53.5,60.3,35.7,64.1,0.3,40.6,51.1,54.3,-89,13.5
2026-02-12 06:12:58,Salón - Uma,61.8,Background Noise,56.6,56.7,55.4,0.0,98.0,2.0,0.0,53.7,56.3,58.7,-100,11.8
2026-02-12 06:12:59,Pasillo de Laboratorio,72.0,Background Noise,62.3,63.1,57.7,61.2,76.4,23.1,0.5,56.2,61.1,65.4,-98,10.3
2026-02-12 06:13:29,Salón - Extremo,52.6,Background Noise,46.5,46.6,45.6,0.0,99.7,0.3,0.0,40.1,40.7,50.6,-86,13.5
2026-02-12 06:14:37,Pasillo Administrativo,57.5,Background Noise,53.7,53.5,54.7,54.7,82.4,13.3,4.3,50.9,53.6,55.7,-102,11.0
2026-02-12 06:17:51,Pasillo de Salones,71.1,Background Noise,63.9,63.9,0.0,64.3,99.7,0.0,0.3,53.0,64.4,66.6,-92,13.8
2026-02-12 06:17:52,Main Lobby,73.3,People,63.0,64.5,55.8,55.4,66.2,33.7,0.1,51.0,53.5,68.4,-89,13.5
2026-02-12 06:17:58,Salón - Uma,62.7,Background Noise,57.7,57.8,57.1,57.6,99.1,0.8,0.1,55.1,57.4,59.7,-98,12.3
2026-02-12 06:18:00,Pasillo de Laboratorio,69.3,Background Noise,57.8,58.9,57.2,60.0,26.1,73.7,0.2,54.8,57.0,59.3,-100,11.8
2026-02-12 06:18:29,Salón - Extremo,59.1,Background Noise,53.6,53.6,40.7,0.0,99.9,0.1,0.0,40.4,53.1,56.9,-85,13.8
2026-02-12 06:19:37,Pasillo Administrativo,58.1,Background Noise,54.0,53.7,55.0,55.1,84.1,11.5,4.4,51.1,53.8,55.9,-103,10.8
2026-02-12 06:22:51,Pasillo de Salones,59.3,People,53.9,53.7,55.4,56.6,93.0,6.7,0.3,51.2,53.6,55.7,-92,13.5
2026-02-12 06:22:53,Main Lobby,77.2,People,66.8,68.4,58.6,64.5,64.2,35.4,0.3,50.7,59.2,71.1,-88,11.3
2026-02-12 06:22:58,Salón - Uma,63.7,Background Noise,57.2,57.2,57.4,0.0,97.4,2.6,0.0,54.2,56.8,59.0,-101,12.0
2026-02-12 06:23:00,Pasillo de Laboratorio,75.5,People,60.7,61.3,59.1,62.8,69.3,30.0,0.7,55.6,58.1,64.7,-87,13.3
2026-02-12 06:23:30,Salón - Extremo,53.2,Background Noise,46.9,46.9,40.4,40.5,99.8,0.1,0.2,40.1,40.7,50.9,-91,13.3
2026-02-12 06:24:37,Pasillo Administrativo,76.9,People,56.6,54.3,61.3,55.4,79.9,17.0,3.1,51.2,54.3,56.8,-103,10.5
2026-02-12 06:27:52,Pasillo de Salones,58.2,Background Noise,53.7,53.7,54.2,0.0,99.9,0.1,0.0,51.3,53.5,55.5,-92,13.5
2026-02-12 06:27:54,Main Lobby,70.9,People,54.3,52.4,54.8,0.0,23.6,76.4,0.0,50.4,52.4,55.5,-87,13.5
2026-02-12 06:27:58,Salón - Uma,63.0,Background Noise,57.3,57.3,56.8,0.0,98.4,1.6,0.0,54.2,56.8,59.4,-98,12.3
2026-02-12 06:28:00,Pasillo de Laboratorio,74.7,Background Noise,58.1,58.4,57.7,59.4,51.5,45.1,3.4,55.4,57.5,59.6,-87,13.3
2026-02-12 06:28:30,Salón - Extremo,53.3,Background Noise,47.2,47.2,0.0,0.0,100.0,0.0,0.0,40.1,40.7,50.9,-90,13.5
2026-02-12 06:29:37,Pasillo Administrativo,74.5,People,56.8,54.9,60.4,55.5,75.2,21.4,3.4,51.5,54.4,57.8,-103,10.5
2026-02-12 06:32:52,Pasillo de Salones,58.8,Background Noise,53.6,53.6,0.0,0.0,100.0,0.0,0.0,51.0,53.2,55.5,-93,13.3
2026-02-12 06:32:54,Main Lobby,72.5,People,54.3,54.0,54.4,58.8,12.2,87.5,0.3,50.6,52.4,56.1,-89,14.0
2026-02-12 06:32:59,Salón - Uma,63.6,Background Noise,57.2,57.2,56.5,0.0,97.0,3.0,0.0,54.2,56.7,59.2,-99,12.3
2026-02-12 06:33:00,Pasillo de Laboratorio,61.4,People,57.3,57.4,57.3,56.7,14.6,85.3,0.2,54.9,57.0,59.1,-88,13.8
2026-02-12 06:33:30,Salón - Extremo,53.5,Background Noise,47.4,47.4,51.6,0.0,99.9,0.1,0.0,40.2,40.8,51.0,-88,13.8
2026-02-12 06:34:38,Pasillo Administrativo,70.5,People,55.4,54.4,57.9,55.5,77.4,20.1,2.5,51.5,54.3,56.5,-101,8.3
2026-02-12 06:37:52,Pasillo de Salones,57.8,Background Noise,53.5,53.5,54.8,0.0,99.9,0.1,0.0,51.1,53.3,55.3,-93,13.0
2026-02-12 06:37:53,Main Lobby,70.0,People,56.2,54.8,56.4,58.5,13.5,86.4,0.1,51.0,53.8,58.4,-88,13.3
2026-02-12 06:37:59,Salón - Uma,62.6,Background Noise,57.1,57.1,56.5,0.0,98.4,1.6,0.0,54.3,56.6,59.1,-101,12.0
2026-02-12 06:38:00,Pasillo de Laboratorio,67.6,People,57.7,57.5,57.6,64.6,37.5,62.0,0.5,55.1,57.2,59.3,-88,14.0
2026-02-12 06:38:30,Salón - Extremo,52.6,Background Noise,47.1,47.1,0.0,0.0,100.0,0.0,0.0,40.2,40.7,51.0,-87,13.3
2026-02-12 06:39:39,Pasillo Administrativo,60.9,Background Noise,54.5,54.3,55.4,55.3,82.2,14.4,3.4,51.4,54.2,56.6,-103,9.3
2026-02-12 06:42:52,Pasillo de Salones,58.1,Background Noise,53.7,53.7,0.0,0.0,100.0,0.0,0.0,51.1,53.4,55.6,-92,13.5
2026-02-12 06:42:53,Main Lobby,70.2,People,55.8,55.7,55.8,0.0,25.4,74.6,0.0,53.4,55.1,57.4,-88,14.0
2026-02-12 06:42:59,Salón - Uma,62.8,Background Noise,57.2,57.2,56.8,0.0,97.8,2.2,0.0,54.3,56.9,59.2,-100,10.3
2026-02-12 06:43:00,Pasillo de Laboratorio,61.3,People,57.3,57.3,57.3,57.8,37.6,62.4,0.1,55.0,57.0,59.0,-88,13.3
2026-02-12 06:43:30,Salón - Extremo,55.7,Background Noise,47.3,47.3,0.0,0.0,100.0,0.0,0.0,40.1,40.7,51.3,-85,13.8
2026-02-12 06:44:40,Pasillo Administrativo,59.0,Background Noise,54.9,54.7,55.8,55.3,86.2,11.9,1.8,51.4,54.5,57.0,-102,10.5
2026-02-12 06:47:52,Pasillo de Salones,58.6,Background Noise,53.6,53.6,52.2,0.0,99.9,0.1,0.0,51.2,53.3,55.5,-92,13.5
2026-02-12 06:47:53,Main Lobby,68.9,People,56.6,55.2,56.9,58.3,15.3,84.6,0.1,53.5,55.4,58.9,-89,13.5
2026-02-12 06:47:59,Salón - Uma,64.4,Background Noise,57.2,57.2,57.0,0.0,97.2,2.8,0.0,54.5,56.8,59.2,-98,12.5
2026-02-12 06:48:00,Pasillo de Laboratorio,69.8,Background Noise,57.5,57.5,57.5,61.1,39.8,59.7,0.5,54.9,57.2,59.2,-88,11.5
2026-02-12 06:48:32,Salón - Extremo,58.5,Background Noise,47.1,47.1,0.0,0.0,100.0,0.0,0.0,40.1,40.7,51.1,-87,13.5
2026-02-12 06:49:38,Pasillo Administrativo,71.2,People,56.0,55.4,58.1,55.4,79.4,19.1,1.5,51.6,55.1,57.6,-103,10.5
2026-02-12 06:52:52,Pasillo de Salones,58.2,Background Noise,53.7,53.7,51.1,54.9,99.8,0.1,0.1,51.2,53.4,55.7,-93,13.0
2026-02-12 06:52:53,Main Lobby,70.6,People,56.6,52.5,57.3,55.5,23.6,76.2,0.2,51.1,53.3,59.2,-88,14.3
2026-02-12 06:52:59,Salón - Uma,62.9,Background Noise,57.2,57.2,57.4,58.0,97.7,2.2,0.1,54.2,56.7,59.3,-97,12.8
2026-02-12 06:53:00,Pasillo de Laboratorio,64.7,Background Noise,57.5,57.6,57.5,57.9,51.0,48.8,0.2,55.1,57.3,59.3,-87,13.5
2026-02-12 06:53:30,Salón - Extremo,57.0,People,47.4,47.3,54.9,50.9,99.8,0.2,0.1,40.1,40.7,51.3,-89,11.8
2026-02-12 06:54:40,Pasillo Administrativo,72.6,People,56.8,55.7,59.7,57.0,80.4,17.8,1.8,51.7,55.5,58.4,-102,10.5
2026-02-12 06:57:52,Pasillo de Salones,62.5,Background Noise,53.9,53.9,54.5,54.8,98.3,1.1,0.7,51.3,53.7,55.7,-92,11.5
2026-02-12 06:57:55,Main Lobby,80.0,People,58.8,55.0,59.7,59.1,29.3,69.4,1.2,51.2,53.9,60.1,-89,13.5
2026-02-12 06:57:59,Salón - Uma,62.5,Background Noise,57.4,57.4,57.2,0.0,98.1,1.9,0.0,54.3,57.0,59.4,-98,12.5
2026-02-12 06:58:01,Pasillo de Laboratorio,65.5,People,57.6,57.5,57.6,56.4,43.6,56.3,0.1,55.1,57.3,59.4,-88,13.8
2026-02-12 06:58:31,Salón - Extremo,53.9,Background Noise,47.4,47.4,0.0,0.0,100.0,0.0,0.0,40.1,40.8,50.9,-86,13.5
2026-02-12 06:59:38,Pasillo Administrativo,71.0,People,57.1,56.0,60.1,56.3,80.8,17.7,1.4,51.9,55.5,58.8,-104,9.5
2026-02-12 07:02:52,Pasillo de Salones,61.5,People,54.0,53.9,56.2,0.0,98.1,1.9,0.0,51.4,53.6,55.9,-93,13.0
2026-02-12 07:02:54,Main Lobby,75.5,People,56.9,53.5,57.5,55.8,21.0,78.6,0.4,51.4,53.1,59.0,-88,11.3
2026-02-12 07:02:59,Salón - Uma,62.9,Background Noise,57.5,57.5,57.4,0.0,97.5,2.5,0.0,54.5,57.1,59.4,-98,12.0
2026-02-12 07:03:01,Pasillo de Laboratorio,62.0,People,57.5,57.3,57.6,0.0,18.9,81.1,0.0,55.2,57.2,59.3,-88,14.5
2026-02-12 07:03:31,Salón - Extremo,55.7,Background Noise,47.3,47.3,0.0,0.0,100.0,0.0,0.0,40.1,40.8,51.1,-90,13.8
2026-02-12 07:04:38,Pasillo Administrativo,66.3,People,55.4,55.0,57.0,56.5,82.0,17.2,0.8,51.7,54.8,57.2,-102,11.0
2026-02-12 07:07:53,Pasillo de Salones,70.9,Background Noise,55.0,54.9,58.2,58.6,98.7,0.8,0.6,51.6,53.8,56.2,-93,13.3
2026-02-12 07:07:55,Main Lobby,76.0,People,57.3,55.6,57.9,54.7,26.7,72.9,0.3,52.2,53.9,58.5,-88,13.5
2026-02-12 07:07:59,Salón - Uma,62.7,Background Noise,57.6,57.6,57.2,0.0,96.8,3.2,0.0,54.5,57.2,59.6,-98,13.0
2026-02-12 07:08:01,Pasillo de Laboratorio,65.3,People,57.5,57.7,57.5,58.5,28.1,70.8,1.1,55.1,57.2,59.3,-88,13.8
2026-02-12 07:08:31,Salón - Extremo,58.4,Background Noise,48.2,48.2,46.3,40.8,98.6,1.3,0.1,40.1,40.9,51.5,-89,13.5
2026-02-12 07:09:38,Pasillo Administrativo,67.6,People,55.9,55.5,57.3,58.0,82.8,16.6,0.7,52.3,55.3,57.7,-103,9.5
2026-02-12 07:12:53,Pasillo de Salones,60.1,Background Noise,53.9,53.9,54.2,0.0,99.9,0.1,0.0,51.2,53.5,55.8,-93,13.5
2026-02-12 07:12:54,Main Lobby,70.8,People,54.7,54.3,54.7,57.2,15.4,84.0,0.6,50.9,52.9,56.1,-88,13.8
2026-02-12 07:13:00,Salón - Uma,63.7,Background Noise,57.6,57.6,57.3,0.0,96.1,3.9,0.0,54.8,57.2,59.5,-100,12.0
2026-02-12 07:13:01,Pasillo de Laboratorio,62.2,Background Noise,57.6,57.8,57.6,58.0,12.9,87.0,0.1,55.2,57.4,59.3,-88,13.5
2026-02-12 07:13:31,Salón - Extremo,54.7,Background Noise,48.0,48.0,48.6,0.0,99.1,0.9,0.0,40.2,40.9,51.3,-85,14.0
2026-02-12 07:14:39,Pasillo Administrativo,68.9,Background Noise,56.7,56.4,57.7,58.4,80.3,18.8,0.8,52.4,55.6,58.5,-104,9.5
2026-02-12 07:17:53,Pasillo de Salones,59.0,Background Noise,53.7,53.7,55.5,0.0,99.9,0.1,0.0,51.1,53.4,55.6,-92,13.8
2026-02-12 07:17:54,Main Lobby,67.4,People,52.2,51.5,52.4,55.3,25.3,74.1,0.6,50.0,51.5,53.7,-89,13.3
2026-02-12 07:18:00,Salón - Uma,63.2,Background Noise,57.5,57.5,57.1,0.0,97.3,2.7,0.0,54.5,57.0,59.7,-101,12.0
2026-02-12 07:18:01,Pasillo de Laboratorio,64.2,People,57.6,57.5,57.6,57.1,34.7,65.2,0.1,55.2,57.3,59.4,-88,14.0
2026-02-12 07:18:31,Salón - Extremo,53.8,Background Noise,47.2,47.2,49.1,0.0,99.4,0.6,0.0,40.1,40.7,51.0,-88,14.3
2026-02-12 07:19:39,Pasillo Administrativo,77.9,Background Noise,58.2,57.8,59.6,56.7,81.2,17.9,0.9,52.5,55.9,59.8,-104,9.3
2026-02-12 07:22:53,Pasillo de Salones,59.0,Background Noise,53.8,53.8,54.9,0.0,96.7,3.3,0.0,51.3,53.5,55.8,-91,11.5
2026-02-12 07:22:54,Main Lobby,64.2,People,53.8,54.0,53.7,57.2,22.2,77.3,0.5,50.6,52.8,56.1,-89,13.5
2026-02-12 07:23:00,Salón - Uma,62.3,Background Noise,57.4,57.4,56.7,0.0,97.3,2.7,0.0,54.4,57.2,59.4,-98,12.8
2026-02-12 07:23:01,Pasillo de Laboratorio,62.4,People,57.4,57.4,57.4,57.2,13.9,85.9,0.2,54.9,57.1,59.2,-87,13.5
2026-02-12 07:23:31,Salón - Extremo,56.8,Background Noise,47.8,47.8,48.8,49.1,98.7,1.1,0.2,40.1,40.8,51.3,-86,14.3
2026-02-12 07:24:39,Pasillo Administrativo,71.4,People,56.9,56.4,58.9,56.5,83.0,15.8,1.2,52.7,55.9,58.6,-106,8.5
2026-02-12 07:27:53,Pasillo de Salones,58.7,Background Noise,53.8,53.8,55.1,53.2,97.9,2.0,0.1,51.3,53.6,55.7,-92,13.5
2026-02-12 07:27:54,Main Lobby,65.2,People,54.2,54.3,54.1,54.7,23.3,76.0,0.7,51.0,52.8,56.4,-89,14.0
2026-02-12 07:28:00,Salón - Uma,62.7,Background Noise,57.6,57.6,57.9,0.0,95.2,4.7,0.0,54.6,57.2,59.6,-96,12.8
2026-02-12 07:28:03,Pasillo de Laboratorio,65.1,Background Noise,57.5,57.7,57.4,60.3,16.5,83.3,0.2,54.9,57.1,59.3,-86,11.8
2026-02-12 07:28:31,Salón - Extremo,59.1,Background Noise,47.6,47.6,48.3,47.5,99.2,0.6,0.2,40.1,40.8,51.4,-86,13.8
2026-02-12 07:29:39,Pasillo Administrativo,66.6,Background Noise,56.6,56.4,57.9,56.1,84.6,14.3,1.1,52.6,55.9,58.6,-104,10.5
2026-02-12 07:32:53,Pasillo de Salones,61.6,People,53.9,53.9,57.0,0.0,98.3,1.7,0.0,51.3,53.6,55.8,-93,13.3
2026-02-12 07:32:56,Main Lobby,71.1,People,54.3,53.2,54.6,56.0,26.2,73.3,0.5,51.1,52.8,55.8,-89,13.8
2026-02-12 07:33:00,Salón - Uma,63.7,Background Noise,57.4,57.4,57.0,0.0,96.8,3.2,0.0,54.5,56.9,59.6,-97,12.8
2026-02-12 07:33:01,Pasillo de Laboratorio,62.5,People,57.4,57.3,57.4,0.0,4.2,95.8,0.0,55.0,57.1,59.3,-88,14.5
2026-02-12 07:33:31,Salón - Extremo,54.9,Background Noise,47.6,47.6,52.0,52.3,99.8,0.2,0.1,40.1,40.8,51.2,-90,13.5
2026-02-12 07:34:39,Pasillo Administrativo,71.1,Background Noise,56.5,56.3,57.5,56.3,84.8,14.2,1.0,52.3,55.6,58.3,-103,10.8
2026-02-12 07:37:53,Pasillo de Salones,60.5,Background Noise,53.8,53.8,56.0,0.0,99.8,0.3,0.0,51.1,53.5,55.7,-93,13.0
2026-02-12 07:37:54,Main Lobby,66.1,People,54.0,54.6,53.8,56.9,13.0,86.4,0.6,50.9,52.8,56.1,-89,13.8
2026-02-12 07:38:00,Salón - Uma,63.2,Background Noise,57.6,57.6,57.1,0.0,97.2,2.8,0.0,54.6,57.2,59.6,-100,12.0
2026-02-12 07:38:03,Pasillo de Laboratorio,63.2,People,57.5,57.5,57.5,0.0,4.7,95.3,0.0,55.1,57.3,59.3,-88,13.5
2026-02-12 07:38:32,Salón - Extremo,58.1,Background Noise,47.6,47.6,40.6,40.2,99.8,0.2,0.1,40.1,40.7,51.3,-90,13.5
2026-02-12 07:39:39,Pasillo Administrativo,59.5,People,55.3,55.2,56.1,55.5,85.9,12.0,2.1,52.0,55.0,57.4,-103,10.8
2026-02-12 07:42:53,Pasillo de Salones,64.3,People,53.9,53.8,59.4,53.0,98.8,1.0,0.2,51.3,53.5,55.8,-92,13.0
2026-02-12 07:42:56,Main Lobby,69.7,People,55.4,55.7,55.3,55.9,12.4,87.2,0.4,51.9,54.0,57.0,-87,13.5
2026-02-12 07:43:00,Salón - Uma,62.8,Background Noise,57.5,57.5,57.2,0.0,95.5,4.5,0.0,54.6,57.2,59.6,-97,12.5
2026-02-12 07:43:02,Pasillo de Laboratorio,67.4,Background Noise,57.8,57.9,57.8,57.8,6.8,92.9,0.2,55.3,57.5,59.5,-88,14.5
2026-02-12 07:43:32,Salón - Extremo,58.7,Background Noise,48.5,48.4,51.4,0.0,99.8,0.2,0.0,40.1,40.9,51.6,-87,13.5
2026-02-12 07:44:39,Pasillo Administrativo,63.6,Background Noise,55.3,55.2,56.3,55.3,85.8,12.2,1.9,51.8,55.2,57.3,-105,9.0
2026-02-12 07:47:54,Pasillo de Salones,58.5,Background Noise,53.8,53.8,53.8,0.0,99.9,0.1,0.0,51.1,53.5,55.7,-94,13.5
2026-02-12 07:47:55,Main Lobby,72.9,Background Noise,55.3,56.1,55.1,54.5,14.8,84.9,0.3,51.5,53.5,57.0,-89,13.8
2026-02-12 07:48:00,Salón - Uma,63.1,Background Noise,57.5,57.6,57.1,0.0,96.6,3.4,0.0,54.8,57.1,59.6,-98,12.3
2026-02-12 07:48:02,Pasillo de Laboratorio,64.6,People,57.6,57.7,57.6,57.0,16.5,83.4,0.1,55.0,57.3,59.4,-88,13.8
2026-02-12 07:48:32,Salón - Extremo,60.4,Background Noise,47.8,47.8,0.0,0.0,100.0,0.0,0.0,40.1,40.8,51.2,-90,11.5
2026-02-12 07:49:39,Pasillo Administrativo,70.2,People,56.9,55.8,59.7,55.9,78.9,19.2,2.0,51.9,55.6,58.6,-105,9.0
2026-02-12 07:52:54,Pasillo de Salones,65.8,People,54.1,53.9,59.3,56.3,97.9,1.9,0.2,51.3,53.6,56.0,-93,13.0
2026-02-12 07:52:55,Main Lobby,76.3,People,59.1,56.2,59.8,57.7,24.6,74.0,1.4,52.2,55.0,61.2,-88,13.0
2026-02-12 07:53:01,Salón - Uma,63.0,Background Noise,57.7,57.7,57.2,0.0,96.1,3.9,0.0,54.9,57.3,59.7,-99,10.5
2026-02-12 07:53:02,Pasillo de Laboratorio,71.4,People,59.0,57.8,59.2,0.0,18.2,81.8,0.0,55.5,57.9,61.0,-88,14.0
2026-02-12 07:53:32,Salón - Extremo,56.5,Background Noise,48.1,48.1,51.1,0.0,99.8,0.2,0.0,40.2,40.9,51.5,-87,13.5
2026-02-12 07:54:40,Pasillo Administrativo,77.1,People,59.3,56.7,62.4,59.8,68.6,29.8,1.6,52.3,56.3,62.0,-104,10.8
2026-02-12 07:57:54,Pasillo de Salones,62.0,People,54.0,53.9,57.5,56.0,98.4,1.3,0.3,51.4,53.7,55.9,-93,13.3
2026-02-12 07:57:55,Main Lobby,67.6,People,56.6,55.5,56.9,59.5,23.8,75.3,0.8,51.9,54.9,59.5,-88,12.0
2026-02-12 07:58:01,Salón - Uma,63.4,Background Noise,57.8,57.8,56.9,0.0,96.1,3.9,0.0,54.7,57.3,59.9,-101,12.0
2026-02-12 07:58:03,Pasillo de Laboratorio,67.2,People,58.9,58.5,59.0,0.0,13.7,86.3,0.0,56.3,58.5,60.7,-89,14.0
2026-02-12 07:58:32,Salón - Extremo,54.1,Background Noise,48.2,48.2,40.8,0.0,99.8,0.2,0.0,40.2,41.0,51.3,-89,14.0
2026-02-12 07:59:40,Pasillo Administrativo,80.3,Background Noise,57.9,57.7,58.7,56.3,77.8,20.8,1.4,52.1,55.7,58.8,-104,10.0
2026-02-12 08:02:54,Pasillo de Salones,58.8,Background Noise,53.9,53.9,0.0,0.0,100.0,0.0,0.0,51.2,53.6,55.7,-93,13.0
2026-02-12 08:02:55,Main Lobby,72.0,People,55.8,53.3,56.5,54.0,27.4,72.4,0.2,50.4,52.4,58.3,-89,13.0
2026-02-12 08:03:01,Salón - Uma,62.4,Background Noise,57.6,57.6,57.8,0.0,95.4,4.6,0.0,54.6,57.1,59.6,-98,13.3
2026-02-12 08:03:02,Pasillo de Laboratorio,65.5,People,58.4,58.1,58.5,0.0,11.4,88.6,0.0,55.9,58.0,60.3,-88,11.8
2026-02-12 08:03:32,Salón - Extremo,54.5,Background Noise,47.7,47.7,50.1,0.0,99.9,0.1,0.0,40.2,40.9,51.2,-86,13.8
2026-02-12 08:04:40,Pasillo Administrativo,76.7,People,57.1,55.8,60.2,60.2,80.2,19.2,0.7,51.9,55.7,58.2,-103,10.5
2026-02-12 08:07:54,Pasillo de Salones,63.4,People,54.0,53.9,57.2,0.0,98.5,1.5,0.0,51.3,53.5,55.9,-93,13.3
2026-02-12 08:07:55,Main Lobby,69.3,People,54.0,52.6,54.5,53.5,27.6,71.7,0.7,50.2,51.9,54.9,-90,12.8
2026-02-12 08:08:01,Salón - Uma,64.1,Background Noise,57.7,57.8,57.2,0.0,95.2,4.7,0.0,54.8,57.3,59.7,-98,12.5
2026-02-12 08:08:02,Pasillo de Laboratorio,63.3,People,58.0,57.9,58.0,59.6,11.9,87.5,0.6,55.6,57.6,59.8,-87,13.5
2026-02-12 08:08:32,Salón - Extremo,54.1,Background Noise,47.7,47.7,51.4,0.0,99.9,0.1,0.0,40.2,40.9,51.2,-90,14.0
2026-02-12 08:09:40,Pasillo Administrativo,69.0,Background Noise,56.2,55.7,58.2,59.5,83.8,15.2,1.1,51.7,55.3,58.6,-106,8.8
2026-02-12 08:12:54,Pasillo de Salones,58.3,Background Noise,53.9,53.8,54.8,56.6,99.2,0.7,0.1,51.4,53.6,55.6,-94,13.3
2026-02-12 08:12:55,Main Lobby,71.4,People,58.2,57.2,58.3,56.4,11.4,88.4,0.2,51.8,54.5,61.3,-90,14.5
2026-02-12 08:13:01,Salón - Uma,62.2,Background Noise,57.6,57.6,57.6,0.0,95.8,4.2,0.0,54.7,57.3,59.7,-98,12.5
2026-02-12 08:13:05,Pasillo de Laboratorio,69.8,People,58.1,58.6,58.0,0.0,8.7,91.3,0.0,55.4,57.6,59.7,-88,13.5
2026-02-12 08:13:32,Salón - Extremo,54.3,Background Noise,48.1,48.1,0.0,0.0,100.0,0.0,0.0,40.2,41.0,51.4,-88,13.8
2026-02-12 08:14:40,Pasillo Administrativo,70.3,Background Noise,56.0,55.8,57.2,56.4,82.2,16.3,1.6,51.8,55.6,57.7,-105,9.8
2026-02-12 08:17:54,Pasillo de Salones,68.0,People,54.0,53.9,58.1,0.0,97.7,2.2,0.0,51.3,53.6,55.8,-94,11.0
2026-02-12 08:17:55,Main Lobby,76.2,People,59.7,56.6,60.0,0.0,11.0,89.0,0.0,51.5,54.6,63.3,-88,11.8
2026-02-12 08:18:01,Salón - Uma,63.1,Background Noise,57.7,57.8,57.4,0.0,96.3,3.7,0.0,54.8,57.3,59.8,-101,11.3
2026-02-12 08:18:03,Pasillo de Laboratorio,70.4,People,57.8,57.6,57.8,0.0,4.3,95.7,0.0,55.3,57.4,59.4,-87,14.0
2026-02-12 08:18:33,Salón - Extremo,56.5,Background Noise,49.3,49.2,51.5,40.6,98.6,1.3,0.2,40.2,50.2,52.4,-89,11.0
2026-02-12 08:19:40,Pasillo Administrativo,69.8,Background Noise,56.5,56.4,57.2,56.7,85.3,13.6,1.2,52.1,55.7,58.2,-102,10.5
2026-02-12 08:22:54,Pasillo de Salones,64.4,People,53.9,53.8,58.2,54.1,97.8,2.0,0.2,51.2,53.5,55.7,-93,13.0
2026-02-12 08:23:01,Salón - Uma,63.4,Background Noise,57.6,57.6,57.6,0.0,94.8,5.2,0.0,54.6,57.2,59.8,-97,11.5
2026-02-12 08:23:03,Pasillo de Laboratorio,72.1,People,58.7,58.7,58.7,59.8,7.9,91.9,0.2,55.7,57.9,60.3,-88,14.3
2026-02-12 08:23:33,Salón - Extremo,53.2,Background Noise,47.8,47.8,48.0,45.3,95.4,3.4,1.2,40.1,40.9,51.2,-91,13.8
2026-02-12 08:24:40,Pasillo Administrativo,78.3,People,59.9,56.5,64.1,56.0,73.2,25.2,1.7,52.1,56.0,61.9,-103,7.8
2026-02-12 08:27:55,Pasillo de Salones,58.8,Background Noise,53.8,53.8,0.0,0.0,100.0,0.0,0.0,51.2,53.4,55.6,-94,13.5
2026-02-12 08:27:56,Main Lobby,75.2,People,60.4,55.1,60.7,59.9,8.7,91.0,0.3,52.2,55.3,64.5,-89,13.3
2026-02-12 08:28:01,Salón - Uma,63.3,Background Noise,57.8,57.8,57.6,0.0,94.4,5.6,0.0,54.8,57.4,59.9,-99,10.5
2026-02-12 08:28:03,Pasillo de Laboratorio,70.6,Background Noise,58.3,59.2,58.2,0.0,6.0,94.0,0.0,56.0,57.9,59.9,-88,13.5
2026-02-12 08:28:33,Salón - Extremo,54.6,Background Noise,47.9,47.9,45.9,47.5,97.7,0.8,1.5,40.1,40.9,51.3,-89,13.5
2026-02-12 08:29:40,Pasillo Administrativo,70.8,Background Noise,55.3,55.0,56.6,55.5,79.6,17.7,2.7,51.5,54.9,57.0,-102,10.5
2026-02-12 08:32:55,Pasillo de Salones,58.8,Background Noise,53.9,53.9,0.0,0.0,100.0,0.0,0.0,51.3,53.6,55.8,-93,13.3
2026-02-12 08:32:57,Main Lobby,71.9,People,56.8,53.2,57.3,55.0,16.7,83.2,0.2,50.6,53.4,60.5,-89,14.0
2026-02-12 08:33:02,Salón - Uma,63.0,Background Noise,57.7,57.7,57.4,0.0,94.1,5.9,0.0,54.7,57.3,59.7,-97,12.8
2026-02-12 08:33:03,Pasillo de Laboratorio,64.6,People,58.1,57.9,58.1,56.9,7.7,92.2,0.1,55.7,57.8,59.9,-88,13.5
2026-02-12 08:33:33,Salón - Extremo,55.9,Background Noise,48.3,48.3,47.6,0.0,99.8,0.2,0.0,40.2,41.0,51.4,-86,13.5
2026-02-12 08:34:41,Pasillo Administrativo,62.9,Background Noise,55.1,54.9,55.9,56.0,78.1,19.2,2.7,51.4,55.1,57.1,-102,10.5
2026-02-12 08:37:55,Pasillo de Salones,66.7,People,53.9,53.8,58.1,0.0,98.0,2.0,0.0,51.3,53.5,55.8,-93,13.0
2026-02-12 08:37:56,Main Lobby,68.2,People,55.6,54.5,55.8,59.7,18.6,81.3,0.1,51.2,53.9,58.1,-87,13.5
2026-02-12 08:38:02,Salón - Uma,63.3,Background Noise,57.7,57.7,57.5,0.0,94.6,5.4,0.0,54.8,57.2,59.7,-101,12.3
2026-02-12 08:38:03,Pasillo de Laboratorio,71.9,People,58.6,57.8,58.6,55.3,6.0,93.9,0.1,55.8,57.9,60.0,-87,13.5
2026-02-12 08:38:33,Salón - Extremo,56.4,Background Noise,48.0,48.0,0.0,0.0,100.0,0.0,0.0,40.2,40.9,51.3,-86,13.5
2026-02-12 08:39:41,Pasillo Administrativo,66.8,Background Noise,55.2,55.0,55.9,55.4,77.1,20.3,2.6,51.6,55.1,57.1,-103,7.8
2026-02-12 08:42:55,Pasillo de Salones,76.7,People,56.0,54.4,60.8,56.5,86.3,13.4,0.3,51.7,54.1,57.0,-93,11.3
2026-02-12 08:42:58,Main Lobby,67.6,People,55.5,55.0,55.6,57.3,22.6,77.1,0.3,51.3,53.7,58.0,-87,13.8
2026-02-12 08:43:02,Salón - Uma,71.6,People,58.0,57.8,59.7,0.0,91.8,8.2,0.0,55.0,57.5,60.0,-98,12.5
2026-02-12 08:43:03,Pasillo de Laboratorio,66.0,People,58.2,57.7,58.3,0.0,3.1,96.9,0.0,55.8,57.9,59.9,-90,13.8
2026-02-12 08:43:33,Salón - Extremo,62.7,People,48.7,48.3,55.7,49.3,97.4,2.3,0.3,40.2,40.9,51.6,-90,12.8
2026-02-12 08:44:41,Pasillo Administrativo,60.0,Background Noise,54.9,54.6,55.8,55.4,76.4,20.3,3.2,51.3,54.8,57.0,-102,10.5
2026-02-12 08:47:55,Pasillo de Salones,64.8,People,54.3,54.1,55.6,54.5,88.6,11.1,0.3,51.5,53.8,56.1,-94,13.3
2026-02-12 08:47:56,Main Lobby,72.4,People,59.6,59.0,59.7,59.5,12.5,87.1,0.4,53.3,56.7,62.6,-87,11.5
2026-02-12 08:48:02,Salón - Uma,63.9,Background Noise,57.8,57.8,57.5,0.0,94.3,5.7,0.0,54.8,57.4,59.8,-98,12.5
2026-02-12 08:48:03,Pasillo de Laboratorio,69.2,Background Noise,57.8,58.3,57.8,0.0,8.4,91.6,0.0,55.4,57.5,59.6,-90,11.5
2026-02-12 08:48:33,Salón - Extremo,58.9,People,48.6,48.5,53.2,0.0,99.3,0.7,0.0,40.2,41.0,51.7,-90,13.5
2026-02-12 08:49:41,Pasillo Administrativo,65.2,Background Noise,55.1,54.7,56.9,55.3,85.6,13.8,0.7,51.0,54.4,57.4,-106,9.0
2026-02-12 08:52:55,Pasillo de Salones,68.1,People,54.4,54.0,57.0,0.0,90.1,9.9,0.0,51.6,53.9,56.2,-92,13.5
2026-02-12 08:52:56,Main Lobby,78.8,People,59.5,58.2,59.6,0.0,6.4,93.6,0.0,54.0,57.3,62.1,-91,13.0
2026-02-12 08:53:02,Salón - Uma,67.0,People,57.8,57.8,58.0,0.0,93.7,6.2,0.0,54.9,57.3,59.7,-96,12.5
2026-02-12 08:53:03,Pasillo de Laboratorio,71.1,People,59.5,59.5,59.5,61.5,8.6,91.3,0.1,55.9,58.4,61.6,-99,13.0
2026-02-12 08:53:33,Salón - Extremo,54.5,Background Noise,47.8,47.7,50.1,0.0,99.8,0.3,0.0,40.1,40.8,51.2,-84,14.0
2026-02-12 08:54:41,Pasillo Administrativo,66.8,Background Noise,56.3,55.6,59.0,56.4,84.4,15.1,0.5,51.3,55.0,58.9,-109,6.8
2026-02-12 08:57:55,Pasillo de Salones,65.1,People,54.3,54.1,56.2,52.7,90.9,9.0,0.1,51.6,53.8,56.1,-93,13.3
2026-02-12 08:57:56,Main Lobby,76.7,People,65.2,62.0,65.2,57.3,2.7,97.2,0.1,58.9,63.5,68.4,-89,13.8
2026-02-12 08:58:02,Salón - Uma,63.9,Background Noise,57.8,57.9,57.5,0.0,96.2,3.8,0.0,55.0,57.4,59.9,-98,11.8
2026-02-12 08:58:04,Pasillo de Laboratorio,72.0,People,59.7,58.8,59.8,60.3,9.5,90.3,0.2,56.7,59.0,61.3,-98,12.5
2026-02-12 08:58:34,Salón - Extremo,54.2,Background Noise,48.1,48.1,40.7,0.0,99.9,0.1,0.0,40.2,40.9,51.4,-90,13.8
2026-02-12 08:59:41,Pasillo Administrativo,69.4,Background Noise,55.4,55.3,56.0,54.6,92.0,7.7,0.3,51.3,54.5,57.4,-109,7.0
2026-02-12 09:02:55,Pasillo de Salones,59.0,Background Noise,54.0,54.0,54.7,0.0,98.9,1.1,0.0,51.4,53.7,55.8,-93,13.3
2026-02-12 09:02:56,Main Lobby,78.4,People,64.7,60.3,64.8,0.0,2.6,97.4,0.0,57.6,62.9,67.9,-88,13.8
2026-02-12 09:03:02,Salón - Uma,63.3,Background Noise,57.7,57.7,57.0,0.0,95.9,4.1,0.0,54.7,57.3,59.6,-99,8.8
2026-02-12 09:03:04,Pasillo de Laboratorio,71.1,People,59.3,58.2,59.4,60.3,10.6,89.1,0.3,56.1,58.4,61.4,-98,11.5
2026-02-12 09:03:34,Salón - Extremo,59.7,Background Noise,49.2,49.2,47.9,51.4,99.6,0.3,0.1,40.2,50.1,52.1,-85,13.8
2026-02-12 09:04:41,Pasillo Administrativo,70.6,People,56.3,55.5,59.6,54.7,87.3,12.2,0.4,51.6,55.0,58.3,-104,9.3
2026-02-12 09:07:56,Pasillo de Salones,64.2,People,54.1,54.0,57.2,0.0,98.0,2.0,0.0,51.3,53.7,56.0,-93,12.8
2026-02-12 09:07:57,Main Lobby,74.9,People,62.8,59.2,63.0,57.8,7.3,92.6,0.1,55.5,59.9,66.3,-87,13.0
2026-02-12 09:08:02,Salón - Uma,63.7,Background Noise,57.8,57.8,57.4,0.0,93.3,6.7,0.0,55.0,57.4,59.7,-101,11.3
2026-02-12 09:08:04,Pasillo de Laboratorio,66.0,Background Noise,57.8,57.8,57.8,56.9,19.8,80.1,0.2,55.0,57.4,59.5,-98,12.8
2026-02-12 09:08:34,Salón - Extremo,56.6,Background Noise,48.4,48.4,49.4,49.1,99.1,0.5,0.4,40.2,41.0,51.5,-90,11.3
2026-02-12 09:09:41,Pasillo Administrativo,67.7,Background Noise,54.7,54.6,56.1,55.2,92.4,7.4,0.2,51.2,54.1,56.7,-103,10.8
2026-02-12 09:12:56,Pasillo de Salones,69.5,Background Noise,54.8,54.4,57.1,0.0,91.0,9.0,0.0,51.5,54.0,56.6,-92,13.3
2026-02-12 09:12:58,Main Lobby,75.1,People,63.2,60.1,63.4,60.0,6.6,93.3,0.2,56.5,60.8,66.8,-89,14.0
2026-02-12 09:13:03,Salón - Uma,64.5,People,57.8,57.8,58.1,0.0,93.1,6.9,0.0,55.0,57.4,59.8,-97,6.8
2026-02-12 09:13:04,Pasillo de Laboratorio,69.9,People,57.8,57.6,57.9,58.5,30.4,69.5,0.1,55.0,57.2,59.4,-98,12.0
2026-02-12 09:13:34,Salón - Extremo,59.2,People,48.4,48.2,53.2,0.0,98.7,1.3,0.0,40.1,40.9,51.7,-88,13.8
2026-02-12 09:14:42,Pasillo Administrativo,71.2,Background Noise,55.2,55.2,55.2,57.6,89.4,10.4,0.2,51.4,54.4,57.3,-102,11.0
2026-02-12 09:17:56,Pasillo de Salones,65.1,Background Noise,53.9,53.9,56.0,0.0,99.3,0.7,0.0,51.3,53.6,55.7,-94,13.5
2026-02-12 09:17:57,Main Lobby,73.7,People,60.7,57.1,60.9,61.5,5.3,94.2,0.4,54.7,58.1,64.0,-88,13.5
2026-02-12 09:18:03,Salón - Uma,64.2,Background Noise,57.8,57.8,57.7,0.0,93.9,6.1,0.0,54.9,57.4,59.8,-97,12.8
2026-02-12 09:18:04,Pasillo de Laboratorio,64.3,People,57.7,57.7,57.7,0.0,16.9,83.1,0.0,55.3,57.3,59.4,-100,12.0
2026-02-12 09:18:34,Salón - Extremo,60.2,Background Noise,48.0,48.0,40.6,40.1,99.8,0.1,0.1,40.1,40.8,51.4,-87,13.8
2026-02-12 09:19:42,Pasillo Administrativo,69.4,People,55.1,54.7,57.7,57.4,90.8,8.8,0.4,51.1,54.1,57.1,-102,11.0
2026-02-12 09:22:56,Pasillo de Salones,58.8,Background Noise,54.1,54.1,55.4,0.0,98.2,1.8,0.0,51.3,53.8,56.0,-91,13.8
2026-02-12 09:22:57,Main Lobby,79.0,People,61.6,58.3,61.7,61.4,7.1,92.7,0.2,53.9,58.0,64.9,-86,13.8
2026-02-12 09:23:03,Salón - Uma,62.6,Background Noise,57.8,57.8,57.6,0.0,95.9,4.1,0.0,54.7,57.5,59.8,-99,12.3
2026-02-12 09:23:04,Pasillo de Laboratorio,69.2,People,57.8,57.8,57.8,0.0,30.5,69.5,0.0,55.3,57.4,59.5,-100,10.0
2026-02-12 09:23:34,Salón - Extremo,54.0,Background Noise,48.6,48.6,0.0,0.0,100.0,0.0,0.0,40.2,50.1,51.7,-90,13.8
2026-02-12 09:24:42,Pasillo Administrativo,69.8,People,56.2,55.6,58.5,57.5,83.6,16.0,0.4,51.5,55.0,58.3,-102,10.5
2026-02-12 09:28:15,Salón - Extremo,54.0,Background Noise,48.1,48.1,0.0,0.0,100.0,0.0,0.0,40.1,40.9,51.5,-91,13.8
2026-02-12 09:29:23,Pasillo Administrativo,74.8,People,60.3,57.7,63.1,64.8,67.1,32.5,0.4,53.3,57.5,63.5,-101,11.3
2026-02-12 09:32:37,Pasillo de Salones,64.3,People,54.1,54.0,55.6,0.0,96.6,3.4,0.0,51.4,53.8,56.0,-94,13.3
2026-02-12 09:32:38,Main Lobby,78.3,People,60.7,61.0,60.7,59.8,5.7,94.0,0.3,54.9,58.6,63.2,-89,14.3
2026-02-12 09:32:44,Salón - Uma,62.8,Background Noise,57.7,57.7,57.7,0.0,95.0,5.0,0.0,54.9,57.3,59.7,-97,13.0
2026-02-12 09:32:45,Pasillo de Laboratorio,73.4,Background Noise,57.9,57.9,57.8,59.1,33.7,65.8,0.4,55.0,57.3,59.6,-99,10.8
2026-02-12 09:33:15,Salón - Extremo,58.7,Background Noise,48.4,48.4,46.1,0.0,99.6,0.4,0.0,40.2,40.9,51.6,-85,11.8
2026-02-12 09:34:23,Pasillo Administrativo,76.1,People,63.0,59.8,64.5,59.3,44.8,55.0,0.2,55.4,60.5,66.4,-106,7.8
2026-02-12 09:37:56,Salón - Extremo,60.0,Background Noise,48.3,48.3,47.1,40.3,99.3,0.7,0.1,40.2,40.9,51.6,-86,13.5
2026-02-12 09:39:04,Pasillo Administrativo,75.4,People,62.6,58.6,64.7,65.7,51.7,47.8,0.5,53.8,58.8,66.5,-103,11.0
2026-02-12 09:42:18,Pasillo de Salones,65.8,People,54.4,54.1,57.5,56.4,93.5,6.4,0.1,51.5,53.8,56.2,-92,13.5
2026-02-12 09:42:20,Main Lobby,74.3,People,62.3,59.7,62.4,61.5,7.8,91.9,0.2,53.8,59.5,65.8,-88,11.3
2026-02-12 09:42:25,Salón - Uma,62.4,Background Noise,57.8,57.8,57.8,0.0,91.4,8.6,0.0,54.9,57.4,59.9,-102,11.3
2026-02-12 09:42:26,Pasillo de Laboratorio,70.8,Background Noise,58.1,58.2,58.0,59.5,20.4,79.4,0.2,55.0,57.2,59.9,-100,12.0
2026-02-12 09:42:56,Salón - Extremo,56.5,Background Noise,48.2,48.2,50.8,0.0,98.9,1.1,0.0,40.2,40.9,51.4,-91,11.3
2026-02-12 09:44:04,Pasillo Administrativo,78.6,People,58.5,56.6,61.8,55.4,76.0,23.5,0.5,52.2,55.8,61.5,-103,10.5
2026-02-12 09:46:59,Pasillo de Salones,64.4,People,54.1,54.0,56.4,0.0,96.1,3.9,0.0,51.3,53.7,56.0,-91,12.5
2026-02-12 09:47:00,Main Lobby,78.9,People,61.2,58.4,61.6,60.1,18.5,80.8,0.8,54.5,57.5,63.3,-87,13.5
2026-02-12 09:47:06,Salón - Uma,64.3,Background Noise,57.9,57.9,57.4,0.0,94.8,5.2,0.0,54.9,57.4,59.9,-97,12.8
2026-02-12 09:47:07,Pasillo de Laboratorio,77.8,People,59.3,58.7,59.6,58.3,28.6,71.3,0.2,55.8,58.2,60.8,-99,11.8
2026-02-12 09:47:37,Salón - Extremo,54.9,Background Noise,48.1,48.1,50.8,40.2,99.8,0.2,0.1,40.1,40.9,51.5,-86,13.8
2026-02-12 09:48:44,Pasillo Administrativo,82.3,People,63.3,58.1,66.2,56.9,57.3,42.5,0.2,52.8,58.3,66.0,-103,10.3
2026-02-12 09:51:59,Pasillo de Salones,60.3,People,54.0,54.0,56.9,0.0,98.4,1.6,0.0,51.4,53.7,56.0,-93,11.0
2026-02-12 09:52:00,Main Lobby,70.6,Background Noise,59.2,58.5,59.2,57.6,7.1,92.8,0.1,53.6,57.1,62.1,-89,14.0
2026-02-12 09:52:06,Salón - Uma,63.1,Background Noise,57.8,57.8,57.8,0.0,94.4,5.6,0.0,55.1,57.4,59.8,-98,13.0
2026-02-12 09:52:07,Pasillo de Laboratorio,70.1,People,59.2,58.4,59.4,60.2,18.7,81.1,0.3,55.8,58.1,61.3,-98,12.8
2026-02-12 09:52:37,Salón - Extremo,55.2,Background Noise,48.1,48.1,40.1,0.0,99.9,0.1,0.0,40.2,40.9,51.4,-89,13.5
2026-02-12 09:53:45,Pasillo Administrativo,75.2,People,61.7,58.7,63.4,61.5,50.0,49.5,0.5,54.4,59.3,65.2,-106,9.0
2026-02-12 09:56:59,Pasillo de Salones,67.7,People,54.2,54.1,59.4,51.4,98.6,1.3,0.1,51.5,53.7,56.0,-93,13.3
2026-02-12 09:57:03,Main Lobby,71.9,People,61.1,58.1,61.2,60.0,5.9,93.4,0.7,54.8,58.2,65.0,-88,14.5
2026-02-12 09:57:06,Salón - Uma,63.7,Background Noise,57.9,57.9,57.5,0.0,94.8,5.2,0.0,54.9,57.4,59.9,-100,12.0
2026-02-12 09:57:07,Pasillo de Laboratorio,70.3,People,58.1,57.5,58.2,59.8,14.4,85.2,0.4,55.3,57.5,59.7,-100,12.5
2026-02-12 09:57:37,Salón - Extremo,54.7,Background Noise,47.7,47.7,51.4,0.0,99.8,0.2,0.0,40.1,40.8,51.2,-90,13.5
2026-02-12 10:01:40,Pasillo de Salones,64.1,People,54.1,54.0,55.7,55.6,94.2,5.6,0.2,51.4,53.8,56.0,-92,13.3
2026-02-12 10:01:41,Main Lobby,85.7,People,62.1,58.1,62.4,59.4,10.9,88.8,0.3,55.0,58.3,64.0,-89,14.0
2026-02-12 10:01:47,Salón - Uma,62.9,Background Noise,57.7,57.7,57.6,0.0,94.8,5.2,0.0,54.8,57.3,59.6,-98,12.5
2026-02-12 10:01:48,Pasillo de Laboratorio,62.7,Background Noise,57.4,57.5,57.4,58.9,18.8,80.8,0.5,55.0,57.2,59.2,-97,12.3
2026-02-12 10:02:18,Salón - Extremo,57.3,Background Noise,48.4,48.3,53.5,0.0,99.5,0.5,0.0,40.2,40.9,51.6,-91,13.5
2026-02-12 10:03:26,Pasillo Administrativo,75.6,Background Noise,58.7,57.4,61.1,56.2,73.4,26.5,0.2,52.3,55.9,61.6,-104,10.5
2026-02-12 10:06:40,Pasillo de Salones,58.2,Background Noise,54.0,54.0,53.5,0.0,99.8,0.2,0.0,51.4,53.7,55.9,-92,13.5
2026-02-12 10:06:41,Main Lobby,75.0,People,61.2,58.7,61.4,67.3,9.4,90.5,0.1,54.6,58.1,65.1,-89,14.0
2026-02-12 10:06:47,Salón - Uma,63.0,Background Noise,57.8,57.8,57.6,0.0,94.8,5.2,0.0,55.0,57.5,59.8,-98,12.3
2026-02-12 10:06:48,Pasillo de Laboratorio,65.9,People,57.8,57.5,57.8,0.0,17.9,82.1,0.0,55.2,57.4,59.5,-99,6.5
2026-02-12 10:07:18,Salón - Extremo,54.7,Background Noise,47.9,47.9,45.8,40.5,98.0,1.9,0.1,40.2,40.9,51.4,-88,13.5
2026-02-12 10:08:26,Pasillo Administrativo,70.7,Background Noise,58.1,57.1,60.6,57.2,79.4,20.3,0.3,53.0,56.1,60.8,-105,9.3
2026-02-12 10:11:40,Pasillo de Salones,67.1,People,54.7,54.2,58.0,0.0,91.1,8.9,0.0,51.7,54.1,56.5,-91,13.8
2026-02-12 10:11:43,Main Lobby,71.7,People,60.0,58.0,60.2,61.3,15.7,83.5,0.8,53.7,57.7,63.2,-88,13.0
2026-02-12 10:11:47,Salón - Uma,62.9,Background Noise,57.8,57.8,57.8,0.0,93.4,6.6,0.0,54.8,57.4,59.9,-99,10.5
2026-02-12 10:11:48,Pasillo de Laboratorio,63.7,People,57.8,57.5,57.9,58.9,13.8,86.1,0.1,55.4,57.4,59.6,-100,12.3
2026-02-12 10:12:18,Salón - Extremo,55.5,Background Noise,49.0,48.9,50.1,0.0,97.6,2.4,0.0,40.2,50.2,51.9,-92,13.8
2026-02-12 10:13:26,Pasillo Administrativo,71.0,Background Noise,56.7,55.8,59.9,55.5,85.3,14.6,0.2,52.1,54.6,58.7,-106,8.5
2026-02-12 10:16:40,Pasillo de Salones,66.6,People,54.9,54.3,57.8,55.1,87.6,12.0,0.4,51.7,54.1,56.7,-91,12.8
2026-02-12 10:16:41,Main Lobby,72.6,People,59.5,57.8,59.6,59.7,9.4,90.2,0.4,53.9,57.5,62.4,-89,13.3
2026-02-12 10:16:47,Salón - Uma,63.4,Background Noise,57.9,57.9,57.8,0.0,90.5,9.5,0.0,54.9,57.5,59.9,-98,12.8
2026-02-12 10:16:49,Pasillo de Laboratorio,62.2,Background Noise,57.5,57.8,57.4,0.0,16.4,83.6,0.0,55.2,57.2,59.2,-98,12.3
2026-02-12 10:17:18,Salón - Extremo,57.3,Background Noise,47.9,47.9,50.3,0.0,99.4,0.6,0.0,40.1,40.8,51.3,-90,13.3
2026-02-12 10:18:26,Pasillo Administrativo,69.3,Background Noise,55.5,55.1,57.5,55.0,87.3,12.5,0.3,51.6,54.0,57.4,-104,10.3
2026-02-12 10:21:40,Pasillo de Salones,58.3,Background Noise,54.0,54.0,54.4,0.0,99.1,0.9,0.0,51.4,53.7,55.9,-92,13.5
2026-02-12 10:21:43,Main Lobby,78.0,Vehicle,61.2,58.7,61.2,73.4,8.9,90.8,0.2,53.2,57.8,64.2,-87,13.3
2026-02-12 10:21:47,Salón - Uma,62.9,Background Noise,57.9,57.9,57.5,0.0,94.1,5.9,0.0,55.1,57.5,60.0,-98,12.8
2026-02-12 10:21:49,Pasillo de Laboratorio,70.8,Background Noise,57.5,57.9,57.4,58.8,18.5,81.4,0.1,55.0,57.1,59.1,-99,11.5
2026-02-12 10:22:19,Salón - Extremo,54.2,Background Noise,47.9,47.9,0.0,0.0,100.0,0.0,0.0,40.1,40.9,51.2,-85,11.8
2026-02-12 10:23:26,Pasillo Administrativo,70.9,People,56.4,55.9,58.6,56.7,86.2,13.2,0.7,52.0,55.1,58.3,-104,8.5
2026-02-12 10:26:40,Pasillo de Salones,67.3,People,54.2,54.1,57.7,55.7,97.6,2.2,0.2,51.5,53.9,56.0,-92,11.3
2026-02-12 10:26:43,Main Lobby,74.1,People,62.1,57.5,62.1,0.0,2.0,98.0,0.0,55.1,59.5,65.4,-88,12.8
2026-02-12 10:26:47,Salón - Uma,63.1,Background Noise,57.9,57.9,57.9,0.0,94.7,5.3,0.0,55.0,57.5,60.0,-99,11.8
2026-02-12 10:26:49,Pasillo de Laboratorio,72.2,Background Noise,57.7,58.3,57.6,58.7,12.6,87.3,0.1,55.1,57.4,59.3,-99,12.0
2026-02-12 10:27:19,Salón - Extremo,54.6,Background Noise,48.1,48.1,0.0,0.0,100.0,0.0,0.0,40.2,41.0,51.4,-89,14.5
2026-02-12 10:28:26,Pasillo Administrativo,70.8,Background Noise,57.8,56.7,60.5,57.0,78.2,21.4,0.4,52.9,56.2,60.3,-105,9.0
2026-02-12 10:31:41,Pasillo de Salones,65.3,People,54.9,54.3,56.9,56.6,82.7,17.2,0.1,51.8,54.3,56.7,-93,13.3
2026-02-12 10:31:42,Main Lobby,80.7,People,67.1,62.1,67.1,60.1,1.2,98.7,0.1,57.9,63.2,70.1,-89,12.0
2026-02-12 10:31:48,Salón - Uma,76.7,People,58.4,57.9,61.5,56.5,91.6,8.2,0.3,55.1,57.6,60.0,-99,12.0
2026-02-12 10:31:49,Pasillo de Laboratorio,77.2,People,59.3,57.9,59.4,56.5,12.8,87.1,0.1,55.3,57.6,60.4,-100,10.0
2026-02-12 10:32:19,Salón - Extremo,56.4,People,48.5,48.4,53.0,0.0,99.7,0.3,0.0,40.2,41.0,51.6,-87,13.5
2026-02-12 10:33:27,Pasillo Administrativo,71.9,People,57.6,56.6,60.6,60.0,83.4,15.9,0.7,52.3,55.7,59.9,-102,-4.3
2026-02-12 10:36:41,Pasillo de Salones,69.4,People,55.6,54.6,57.6,56.0,74.4,24.9,0.7,51.8,54.4,57.3,-92,13.3
2026-02-12 10:36:45,Main Lobby,80.9,People,65.6,59.9,65.8,0.0,4.7,95.3,0.0,57.0,62.1,69.1,-89,13.5
2026-02-12 10:36:48,Salón - Uma,63.6,People,57.9,57.8,58.0,0.0,90.8,9.2,0.0,54.9,57.4,59.9,-98,11.8
2026-02-12 10:36:49,Pasillo de Laboratorio,62.0,People,57.5,57.7,57.5,0.0,7.2,92.8,0.0,55.3,57.3,59.2,-100,12.0
2026-02-12 10:37:19,Salón - Extremo,54.7,People,48.1,48.0,51.7,40.1,98.3,1.6,0.2,40.2,40.9,51.3,-91,11.5
2026-02-12 10:38:27,Pasillo Administrativo,70.5,People,58.1,56.5,61.3,59.4,79.1,20.6,0.3,52.1,55.3,60.9,-104,8.5
2026-02-12 10:41:41,Pasillo de Salones,65.0,People,54.4,54.2,56.3,56.8,93.7,6.0,0.3,51.6,53.9,56.2,-93,11.3
2026-02-12 10:41:42,Main Lobby,78.5,People,62.7,59.3,63.0,58.5,9.9,90.0,0.1,55.2,59.6,66.1,-89,14.0
2026-02-12 10:41:48,Salón - Uma,63.1,Background Noise,57.8,57.8,58.1,0.0,94.5,5.5,0.0,54.9,57.4,59.8,-100,12.0
2026-02-12 10:41:49,Pasillo de Laboratorio,68.1,Background Noise,57.8,57.8,57.9,57.6,25.4,74.1,0.5,55.3,57.4,59.6,-101,10.5
2026-02-12 10:42:19,Salón - Extremo,57.3,People,48.1,48.1,50.5,0.0,98.4,1.6,0.0,40.2,40.9,51.5,-92,13.5
2026-02-12 10:43:27,Pasillo Administrativo,80.0,People,57.7,55.9,62.9,56.7,86.7,12.9,0.4,52.0,54.7,58.7,-109,4.3
2026-02-12 10:46:41,Pasillo de Salones,65.2,People,54.3,54.2,54.9,54.4,84.2,15.7,0.1,51.6,54.0,56.1,-84,13.5
2026-02-12 10:46:48,Salón - Uma,62.8,Background Noise,57.8,57.8,57.4,0.0,94.8,5.2,0.0,54.9,57.3,59.8,-86,13.8
2026-02-12 10:46:49,Pasillo de Laboratorio,67.9,People,57.7,57.5,57.7,0.0,15.3,84.7,0.0,55.2,57.3,59.4,-101,11.5
2026-02-12 10:47:19,Salón - Extremo,54.4,Background Noise,47.8,47.8,47.7,0.0,98.9,1.1,0.0,40.1,40.9,51.3,-75,13.8
2026-02-12 10:48:27,Pasillo Administrativo,73.9,People,56.6,55.4,60.1,59.7,84.8,15.2,0.1,51.8,54.2,58.5,-105,9.3
2026-02-12 10:51:41,Pasillo de Salones,59.8,People,54.4,54.3,55.0,53.9,83.2,16.8,0.1,51.7,54.0,56.2,-82,13.8
2026-02-12 10:51:48,Salón - Uma,63.9,Background Noise,57.8,57.8,57.6,0.0,94.3,5.7,0.0,54.8,57.4,59.9,-87,11.5
2026-02-12 10:51:49,Pasillo de Laboratorio,78.1,People,58.7,57.9,58.9,60.3,22.3,77.3,0.3,55.4,57.8,60.3,-98,12.5
2026-02-12 10:52:19,Salón - Extremo,57.3,Background Noise,48.8,48.8,49.1,0.0,99.8,0.2,0.0,40.2,50.1,51.7,-78,13.5
2026-02-12 10:53:27,Pasillo Administrativo,69.9,People,54.8,54.6,55.7,59.2,89.8,10.2,0.1,51.6,54.0,56.7,-104,9.3
2026-02-12 10:56:41,Pasillo de Salones,59.5,Background Noise,54.2,54.2,54.5,0.0,92.9,7.1,0.0,51.7,54.0,55.9,-82,13.3
2026-02-12 10:56:48,Salón - Uma,65.6,Background Noise,58.0,58.0,57.8,0.0,93.8,6.2,0.0,55.1,57.5,59.9,-87,13.3
2026-02-12 10:56:49,Pasillo de Laboratorio,63.2,People,57.5,57.5,57.5,0.0,25.7,74.3,0.0,55.1,57.2,59.2,-99,12.0
2026-02-12 10:57:20,Salón - Extremo,59.7,Background Noise,48.3,48.3,40.4,50.5,99.8,0.1,0.1,40.1,40.9,51.5,-79,10.8
2026-02-12 10:58:27,Pasillo Administrativo,75.1,Vehicle,57.2,55.9,60.1,70.6,82.4,17.3,0.3,52.5,55.2,58.9,-107,7.8
2026-02-12 11:01:41,Pasillo de Salones,69.0,People,54.8,54.4,56.0,54.2,78.3,21.7,0.1,51.8,54.2,56.5,-81,13.5
2026-02-12 11:01:48,Salón - Uma,63.0,Background Noise,57.9,57.9,57.4,0.0,93.7,6.3,0.0,54.9,57.5,59.8,-88,14.0
2026-02-12 11:01:50,Pasillo de Laboratorio,71.4,Background Noise,57.8,58.2,57.6,60.8,36.4,63.4,0.2,55.0,57.2,59.4,-98,12.5
2026-02-12 11:02:20,Salón - Extremo,60.9,Background Noise,48.5,48.5,53.2,0.0,99.1,0.9,0.0,40.1,41.0,51.6,-80,14.3
2026-02-12 11:03:27,Pasillo Administrativo,71.9,People,55.8,55.3,57.3,0.0,80.6,19.4,0.0,51.7,54.1,57.3,-105,9.3
2026-02-12 11:06:41,Pasillo de Salones,60.6,Background Noise,54.3,54.3,54.4,56.7,90.9,8.8,0.2,51.6,54.0,56.2,-81,13.8
2026-02-12 11:06:48,Salón - Uma,64.3,People,57.9,57.9,58.4,58.4,93.3,6.6,0.1,55.0,57.5,60.0,-88,14.0
2026-02-12 11:06:50,Pasillo de Laboratorio,69.4,Background Noise,57.5,57.6,57.5,63.1,19.4,80.5,0.1,55.0,57.1,59.3,-98,11.0
2026-02-12 11:07:20,Salón - Extremo,56.9,Background Noise,48.4,48.4,0.0,0.0,100.0,0.0,0.0,40.2,50.0,51.5,-78,13.5
2026-02-12 11:08:27,Pasillo Administrativo,80.5,People,60.7,56.9,64.3,64.5,68.4,31.0,0.6,52.7,56.0,64.1,-103,11.0
2026-02-12 11:11:42,Pasillo de Salones,68.3,People,54.3,54.1,56.2,53.8,92.8,7.1,0.1,51.6,53.8,56.0,-80,13.5
2026-02-12 11:11:48,Salón - Uma,66.3,People,58.6,57.9,59.5,0.0,65.5,34.5,0.0,55.3,58.1,60.7,-88,13.5
2026-02-12 11:11:50,Pasillo de Laboratorio,72.4,People,59.0,57.4,59.9,58.5,41.9,57.9,0.2,55.0,57.4,60.9,-98,12.5
2026-02-12 11:12:20,Salón - Extremo,55.5,Background Noise,47.9,47.8,51.3,0.0,99.9,0.1,0.0,40.2,40.9,51.3,-74,13.5
2026-02-12 11:13:28,Pasillo Administrativo,74.8,People,57.6,55.7,61.6,62.5,81.0,18.1,0.9,51.9,54.6,59.1,-92,11.5
2026-02-12 11:16:42,Pasillo de Salones,66.3,People,54.6,54.4,55.3,58.9,83.8,16.1,0.1,52.0,54.1,56.3,-81,13.8
2026-02-12 11:16:49,Salón - Uma,67.3,People,59.1,57.9,59.7,0.0,39.5,60.5,0.0,55.6,58.3,61.3,-89,13.8
2026-02-12 11:16:50,Pasillo de Laboratorio,71.8,People,58.4,57.8,58.7,59.8,43.4,56.5,0.2,55.2,57.4,59.7,-99,12.3
2026-02-12 11:17:20,Salón - Extremo,57.4,People,48.4,48.4,53.7,0.0,99.8,0.2,0.0,40.2,41.0,51.6,-78,14.0
2026-02-12 11:18:28,Pasillo Administrativo,73.9,People,57.0,55.6,61.1,57.2,84.9,14.6,0.5,51.7,54.7,58.4,-95,13.5
2026-02-12 11:21:42,Pasillo de Salones,64.3,People,54.6,54.2,55.4,0.0,70.0,30.0,0.0,52.1,54.2,56.3,-81,13.8
2026-02-12 11:21:49,Salón - Uma,68.4,People,59.7,58.4,60.3,62.3,34.7,65.1,0.2,56.0,59.0,62.0,-88,13.3
2026-02-12 11:21:50,Pasillo de Laboratorio,69.9,People,57.6,57.7,57.6,0.0,12.5,87.5,0.0,55.0,57.2,59.3,-97,12.5
2026-02-12 11:22:20,Salón - Extremo,53.6,Background Noise,48.3,48.3,40.7,0.0,99.9,0.1,0.0,40.2,41.0,51.7,-81,13.3
2026-02-12 11:23:28,Pasillo Administrativo,60.2,People,54.5,54.4,54.9,0.0,95.1,4.9,0.0,51.3,54.0,56.8,-95,11.3
2026-02-12 11:26:42,Pasillo de Salones,59.7,People,54.6,54.2,55.1,57.1,60.8,39.1,0.1,52.1,54.3,56.4,-83,14.8
2026-02-12 11:26:49,Salón - Uma,69.0,People,60.2,58.0,60.7,58.6,26.0,73.9,0.1,56.0,59.2,62.7,-89,13.5
2026-02-12 11:26:50,Pasillo de Laboratorio,62.9,Background Noise,57.5,57.6,57.4,0.0,12.5,87.5,0.0,55.1,57.2,59.3,-100,11.8
2026-02-12 11:27:20,Salón - Extremo,54.7,Background Noise,48.3,48.3,50.9,0.0,99.5,0.5,0.0,40.2,41.0,51.4,-77,14.3
2026-02-12 11:28:28,Pasillo Administrativo,69.6,Background Noise,55.1,54.9,56.5,0.0,89.8,10.3,0.0,51.5,54.1,57.1,-94,13.3
2026-02-12 11:31:42,Pasillo de Salones,64.1,People,55.1,54.6,55.6,55.4,55.2,44.4,0.4,52.4,54.6,56.9,-81,13.8
2026-02-12 11:31:49,Salón - Uma,69.5,People,60.5,58.2,60.9,0.0,19.4,80.6,0.0,56.4,59.3,63.3,-88,11.5
2026-02-12 11:31:50,Pasillo de Laboratorio,73.1,People,58.4,57.6,58.8,53.6,36.7,63.2,0.1,55.3,57.4,59.7,-98,12.5
2026-02-12 11:32:20,Salón - Extremo,61.5,Background Noise,49.4,49.3,52.5,53.7,97.7,2.1,0.3,40.2,50.2,52.2,-77,13.3
2026-02-12 11:33:28,Pasillo Administrativo,63.7,Background Noise,54.6,54.6,55.3,0.0,93.3,6.7,0.0,51.6,53.9,56.9,-99,12.0
2026-02-12 11:36:42,Pasillo de Salones,59.6,People,54.4,54.2,54.6,0.0,56.4,43.6,0.0,52.0,54.0,56.2,-84,14.3
2026-02-12 11:36:49,Salón - Uma,79.0,People,63.1,58.2,63.7,58.8,18.0,81.8,0.2,56.5,60.5,66.1,-86,14.0
2026-02-12 11:36:52,Pasillo de Laboratorio,65.4,People,57.8,57.7,57.9,0.0,12.5,87.5,0.0,55.2,57.5,59.6,-100,12.0
2026-02-12 11:37:20,Salón - Extremo,54.8,Background Noise,48.1,48.1,50.3,0.0,99.6,0.4,0.0,40.2,40.9,51.4,-75,13.3
2026-02-12 11:38:28,Pasillo Administrativo,70.9,People,56.0,55.7,58.5,0.0,91.4,8.6,0.0,51.8,54.4,57.4,-92,13.5
2026-02-12 11:41:42,Pasillo de Salones,68.0,People,54.9,54.8,55.1,52.6,66.8,33.1,0.1,52.1,54.3,56.5,-92,13.5
2026-02-12 11:41:43,Main Lobby,73.9,People,63.8,61.9,64.0,63.4,9.2,90.4,0.4,58.3,62.3,67.0,-76,14.3
2026-02-12 11:41:49,Salón - Uma,73.3,People,62.1,58.8,63.3,56.7,38.6,61.2,0.3,56.4,59.9,65.5,-96,12.8
2026-02-12 11:41:51,Pasillo de Laboratorio,63.5,People,57.6,57.5,57.6,59.6,14.1,85.8,0.1,55.3,57.3,59.3,-101,10.0
2026-02-12 11:42:21,Salón - Extremo,59.0,Background Noise,48.5,48.5,51.5,0.0,99.6,0.4,0.0,40.2,50.0,51.5,-91,13.5
2026-02-12 11:43:28,Pasillo Administrativo,72.0,People,56.5,55.8,59.3,64.9,85.8,14.2,0.1,51.8,54.6,58.7,-95,13.3
2026-02-12 11:46:42,Pasillo de Salones,64.3,People,54.6,54.4,55.1,56.7,74.4,25.3,0.3,51.8,54.1,56.6,-91,13.5
2026-02-12 11:46:43,Main Lobby,75.4,People,63.3,61.1,63.4,61.3,8.8,91.2,0.1,56.8,60.9,66.7,-78,13.3
2026-02-12 11:46:49,Salón - Uma,78.7,People,62.4,59.0,63.8,56.6,41.5,58.4,0.1,56.3,59.4,64.3,-98,12.0
2026-02-12 11:46:51,Pasillo de Laboratorio,67.2,People,58.2,57.9,58.2,61.9,12.4,87.5,0.1,55.2,57.5,60.2,-100,11.8
2026-02-12 11:47:21,Salón - Extremo,71.0,People,57.3,50.9,59.8,53.2,49.9,50.0,0.1,40.3,52.1,61.3,-90,11.5
2026-02-12 11:48:28,Pasillo Administrativo,70.1,Background Noise,55.1,54.9,56.3,60.3,86.0,13.8,0.2,51.8,54.4,57.0,-92,13.5
2026-02-12 11:51:43,Pasillo de Salones,67.5,People,54.9,54.5,56.2,54.7,79.9,19.6,0.5,52.0,54.2,56.5,-90,11.3
2026-02-12 11:51:45,Main Lobby,75.8,People,62.3,59.9,62.5,60.9,10.6,89.2,0.2,56.3,59.9,65.3,-79,13.8
2026-02-12 11:51:50,Salón - Uma,77.9,People,60.1,58.6,61.3,58.4,53.6,46.1,0.3,55.7,58.6,62.4,-97,12.3
2026-02-12 11:52:21,Salón - Extremo,69.8,People,57.7,51.7,58.9,0.0,31.0,69.0,0.0,40.7,54.3,61.2,-88,14.3
2026-02-12 11:53:29,Pasillo Administrativo,77.7,People,57.8,56.1,61.8,0.0,81.7,18.3,0.0,52.7,55.3,58.6,-95,12.8
2026-02-12 11:56:43,Pasillo de Salones,66.3,People,55.0,54.6,55.9,56.1,72.4,27.2,0.3,52.2,54.4,56.8,-91,13.8
2026-02-12 11:56:46,Main Lobby,75.2,People,63.6,60.5,63.8,59.5,7.6,91.8,0.6,57.1,61.5,66.7,-78,13.8
2026-02-12 11:56:50,Salón - Uma,76.8,People,61.2,59.1,62.3,0.0,43.2,56.8,0.0,56.2,59.7,63.7,-103,11.0
2026-02-12 11:56:51,Pasillo de Laboratorio,72.9,People,58.4,57.7,58.5,58.8,8.9,91.0,0.1,55.6,57.7,60.1,-101,11.8
2026-02-12 11:57:21,Salón - Extremo,73.9,People,61.2,51.9,62.1,50.5,21.0,78.9,0.1,50.1,57.3,65.1,-86,14.0
2026-02-12 11:58:29,Pasillo Administrativo,71.1,Vehicle,56.2,56.0,56.5,66.6,83.3,16.5,0.3,52.6,55.3,58.2,-92,11.3
2026-02-12 12:01:43,Pasillo de Salones,67.6,People,54.9,54.5,57.0,55.9,87.7,11.9,0.4,51.9,54.2,56.5,-91,13.3
2026-02-12 12:01:46,Main Lobby,74.7,Background Noise,60.5,60.6,60.5,59.2,14.7,85.0,0.3,55.7,58.7,63.0,-78,13.3
2026-02-12 12:01:50,Salón - Uma,75.6,Background Noise,60.1,58.8,61.6,61.9,62.0,37.7,0.3,55.9,58.6,61.9,-99,12.0
2026-02-12 12:01:51,Pasillo de Laboratorio,67.8,Background Noise,58.4,58.5,58.4,59.9,8.3,91.3,0.3,55.9,57.9,60.2,-100,10.5
2026-02-12 12:02:21,Salón - Extremo,73.3,People,57.0,51.7,58.4,0.0,35.7,64.3,0.0,40.8,54.1,60.2,-87,13.3
2026-02-12 12:03:29,Pasillo Administrativo,67.5,People,57.0,56.3,58.6,56.5,75.9,23.8,0.2,52.7,55.9,59.1,-93,13.3
2026-02-12 12:06:43,Pasillo de Salones,63.8,People,54.6,54.4,55.1,55.2,82.4,17.2,0.3,52.1,54.2,56.3,-91,13.8
2026-02-12 12:06:46,Main Lobby,73.2,People,62.8,60.7,62.9,63.4,9.4,90.1,0.5,57.2,61.0,66.0,-78,13.5
2026-02-12 12:06:50,Salón - Uma,76.0,People,61.8,59.0,62.4,0.0,20.9,79.1,0.0,57.0,60.4,64.4,-99,12.0
2026-02-12 12:06:51,Pasillo de Laboratorio,67.2,People,58.4,57.7,58.6,56.9,15.7,84.3,0.1,55.8,57.9,60.3,-99,11.8
2026-02-12 12:07:21,Salón - Extremo,69.6,People,57.2,51.6,58.8,54.3,37.6,62.3,0.1,40.7,53.7,61.0,-95,13.0
2026-02-12 12:08:29,Pasillo Administrativo,67.6,People,57.5,56.9,59.1,57.8,79.0,20.7,0.3,53.0,56.3,59.8,-94,13.3
2026-02-12 12:11:43,Pasillo de Salones,64.6,People,54.8,54.7,54.9,55.4,63.6,36.2,0.2,52.2,54.4,56.5,-91,13.5
2026-02-12 12:11:44,Main Lobby,72.7,People,63.1,61.9,63.2,64.1,9.3,90.6,0.2,57.3,61.4,66.2,-79,13.3
2026-02-12 12:11:50,Salón - Uma,75.1,People,64.5,58.9,64.9,0.0,12.2,87.8,0.0,57.6,63.0,67.7,-99,12.0
2026-02-12 12:11:51,Pasillo de Laboratorio,61.7,People,57.8,57.5,57.9,56.2,13.5,86.2,0.3,55.4,57.6,59.5,-98,12.5
2026-02-12 12:12:21,Salón - Extremo,71.6,People,58.1,52.5,59.5,61.8,34.8,65.0,0.2,40.8,54.4,61.8,-90,13.3
2026-02-12 12:13:29,Pasillo Administrativo,69.5,Background Noise,55.8,55.4,57.6,60.1,83.8,16.1,0.2,51.7,54.4,58.0,-93,12.5
2026-02-12 12:16:43,Pasillo de Salones,70.1,People,55.1,54.6,56.1,56.2,70.7,28.9,0.4,51.9,54.4,56.6,-90,14.3
2026-02-12 12:16:44,Main Lobby,72.6,People,61.5,60.0,61.6,59.6,8.7,91.1,0.2,56.3,59.8,64.3,-78,8.8
2026-02-12 12:16:50,Salón - Uma,70.3,People,61.9,57.9,62.7,0.0,25.2,74.8,0.0,56.4,60.4,64.9,-99,10.0
2026-02-12 12:16:51,Pasillo de Laboratorio,64.7,People,58.1,57.7,58.1,57.7,7.5,92.3,0.2,55.7,57.8,59.9,-99,12.3
2026-02-12 12:17:21,Salón - Extremo,72.0,People,52.6,49.4,59.4,50.0,87.6,12.3,0.1,40.2,50.3,54.2,-89,11.5
2026-02-12 12:18:29,Pasillo Administrativo,70.4,People,57.6,56.2,60.2,56.8,74.7,25.1,0.2,52.3,55.9,60.5,-94,10.3
2026-02-12 12:21:43,Pasillo de Salones,65.6,Background Noise,54.7,54.4,55.2,53.4,63.6,36.3,0.1,52.1,54.3,56.5,-91,13.3
2026-02-12 12:21:46,Main Lobby,80.6,People,62.7,59.1,62.9,59.6,7.6,92.0,0.4,55.3,59.8,65.8,-78,13.8
2026-02-12 12:21:50,Salón - Uma,78.6,People,62.9,58.5,63.8,0.0,26.4,73.6,0.0,56.4,60.8,66.1,-101,11.5
2026-02-12 12:21:52,Pasillo de Laboratorio,67.6,People,58.2,57.7,58.2,57.0,14.1,85.3,0.6,55.6,57.8,59.9,-98,12.8
2026-02-12 12:22:22,Salón - Extremo,59.2,Background Noise,48.9,48.9,48.5,40.8,98.6,1.3,0.1,40.2,50.1,51.8,-94,13.0
2026-02-12 12:23:29,Pasillo Administrativo,68.8,Vehicle,56.2,55.6,58.6,66.4,88.3,11.5,0.2,51.8,54.9,58.4,-93,13.3
2026-02-12 12:26:43,Pasillo de Salones,64.0,People,55.1,54.7,55.9,55.2,68.9,31.0,0.2,52.3,54.5,57.0,-90,11.8
2026-02-12 12:26:46,Main Lobby,75.3,People,63.2,58.5,63.4,64.6,6.2,93.7,0.1,55.9,60.3,67.0,-78,13.8
2026-02-12 12:26:50,Salón - Uma,75.9,People,64.3,58.6,64.9,0.0,17.3,82.7,0.0,57.1,62.4,67.7,-99,12.0
2026-02-12 12:26:52,Pasillo de Laboratorio,68.2,Background Noise,58.3,58.5,58.3,57.5,14.2,85.7,0.1,55.7,57.8,60.1,-100,12.0
2026-02-12 12:27:22,Salón - Extremo,56.4,People,48.7,48.5,51.8,0.0,96.6,3.4,0.0,40.2,50.1,51.7,-88,13.0
2026-02-12 12:28:29,Pasillo Administrativo,71.2,People,57.8,56.1,61.7,58.5,81.7,17.9,0.3,52.1,55.3,60.5,-92,13.0
2026-02-12 12:31:44,Pasillo de Salones,64.3,People,55.2,54.9,55.6,60.0,62.8,36.8,0.3,52.4,54.6,57.0,-93,13.3
2026-02-12 12:31:46,Main Lobby,80.9,People,64.3,62.1,64.4,62.8,4.8,95.1,0.1,58.4,62.4,67.2,-80,14.0
2026-02-12 12:31:51,Salón - Uma,72.8,People,62.3,58.7,63.0,0.0,24.4,75.6,0.0,56.9,60.5,65.9,-98,12.8
2026-02-12 12:31:52,Pasillo de Laboratorio,70.3,People,59.1,58.2,59.3,58.8,22.3,77.4,0.3,56.0,58.2,61.2,-101,11.5
2026-02-12 12:32:22,Salón - Extremo,54.7,Background Noise,48.0,48.0,48.2,0.0,99.4,0.6,0.0,40.2,40.9,51.4,-86,13.8
2026-02-12 12:33:30,Pasillo Administrativo,69.8,Background Noise,55.3,55.3,55.9,53.8,91.6,8.3,0.1,51.9,54.3,57.2,-95,14.0
2026-02-12 12:36:44,Pasillo de Salones,68.7,People,55.9,55.0,56.6,55.9,44.7,55.1,0.2,52.9,55.0,57.7,-94,13.8
2026-02-12 12:36:45,Main Lobby,79.6,People,66.5,63.1,66.8,62.4,8.3,91.5,0.2,59.1,64.1,70.0,-78,13.0
2026-02-12 12:36:51,Salón - Uma,74.7,People,63.2,58.0,64.2,58.5,25.0,74.9,0.1,56.3,61.1,66.5,-99,12.0
2026-02-12 12:36:52,Pasillo de Laboratorio,73.6,People,60.2,59.1,60.3,58.3,10.0,89.8,0.2,56.7,59.4,62.2,-100,11.0
2026-02-12 12:37:22,Salón - Extremo,58.5,People,48.2,48.0,51.2,0.0,94.7,5.3,0.0,40.2,40.9,51.5,-90,13.3
2026-02-12 12:38:30,Pasillo Administrativo,71.8,People,54.8,54.5,56.2,56.5,86.2,13.7,0.1,51.8,54.0,56.7,-93,11.0
2026-02-12 12:41:44,Pasillo de Salones,60.4,People,54.7,54.5,55.1,53.7,59.3,40.4,0.3,52.0,54.3,56.7,-91,13.3
2026-02-12 12:41:45,Main Lobby,82.8,People,68.9,67.1,69.0,65.6,4.1,95.8,0.2,61.6,67.2,72.2,-77,13.8
2026-02-12 12:41:51,Salón - Uma,72.0,People,62.8,58.6,63.7,56.6,26.7,73.2,0.2,56.7,61.0,66.1,-98,10.8
2026-02-12 12:41:52,Pasillo de Laboratorio,69.5,People,59.7,58.9,59.8,58.5,6.4,93.4,0.2,56.9,59.2,61.6,-100,12.0
2026-02-12 12:42:22,Salón - Extremo,55.8,People,48.1,48.0,50.8,0.0,97.7,2.2,0.0,40.2,40.9,51.4,-86,13.5
2026-02-12 12:43:30,Pasillo Administrativo,61.9,Background Noise,54.4,54.4,54.3,0.0,88.1,11.9,0.0,51.8,53.9,56.4,-95,11.8
2026-02-12 12:46:44,Pasillo de Salones,65.1,People,55.6,55.0,55.8,55.7,34.2,65.2,0.7,52.8,55.0,57.3,-92,13.0
2026-02-12 12:46:45,Main Lobby,77.2,People,64.2,61.9,64.3,63.9,3.9,96.0,0.1,57.2,60.8,67.6,-79,14.3
2026-02-12 12:46:51,Salón - Uma,77.8,People,63.6,59.6,64.6,59.2,29.8,70.0,0.3,57.1,61.2,66.8,-100,12.0
2026-02-12 12:46:52,Pasillo de Laboratorio,70.9,People,60.0,59.3,60.0,0.0,7.7,92.3,0.0,56.7,59.0,62.1,-98,12.0
2026-02-12 12:47:22,Salón - Extremo,67.7,People,50.9,49.2,56.2,58.1,88.3,11.2,0.6,40.2,50.2,52.7,-93,11.3
2026-02-12 12:48:30,Pasillo Administrativo,69.0,Background Noise,55.0,55.1,54.7,56.8,92.8,7.0,0.2,52.1,54.3,56.9,-93,13.0
2026-02-12 12:51:44,Pasillo de Salones,66.8,People,56.3,55.4,56.9,57.3,40.9,59.0,0.2,53.0,55.5,58.2,-92,13.5
2026-02-12 12:51:48,Main Lobby,79.5,People,67.1,64.9,67.1,63.3,1.5,98.3,0.2,60.4,64.9,70.5,-78,13.5
2026-02-12 12:51:51,Salón - Uma,74.8,People,63.9,59.4,64.7,60.0,23.1,76.9,0.1,57.4,61.5,67.1,-103,10.5
2026-02-12 12:51:52,Pasillo de Laboratorio,72.4,People,59.2,58.9,59.2,59.8,11.5,88.3,0.2,56.0,58.3,60.8,-99,12.3
2026-02-12 12:52:22,Salón - Extremo,68.1,People,53.4,51.3,55.7,52.5,64.9,34.7,0.4,40.4,51.2,55.8,-99,12.3
2026-02-12 12:53:30,Pasillo Administrativo,68.9,Background Noise,55.6,55.4,56.6,66.1,92.2,7.7,0.2,52.0,54.6,57.2,-97,12.3
2026-02-12 12:56:44,Pasillo de Salones,67.6,People,55.0,54.7,55.6,54.1,67.5,32.4,0.1,52.3,54.4,56.8,-92,13.0
2026-02-12 12:56:45,Main Lobby,75.8,People,63.4,62.1,63.5,60.8,6.6,93.1,0.3,56.9,60.8,66.7,-78,13.3
2026-02-12 12:56:51,Salón - Uma,78.4,People,64.6,58.9,65.4,59.9,23.1,76.8,0.1,57.0,61.6,68.1,-103,11.0
2026-02-12 12:56:52,Pasillo de Laboratorio,66.1,People,58.5,58.1,58.6,58.8,20.8,78.5,0.8,55.9,58.1,60.3,-97,13.0
2026-02-12 12:57:23,Salón - Extremo,69.2,People,52.5,51.1,55.3,51.5,75.2,23.1,1.8,40.3,50.8,55.3,-91,13.5
2026-02-12 12:58:30,Pasillo Administrativo,68.8,Background Noise,55.0,55.0,55.4,0.0,87.6,12.4,0.0,51.8,54.2,56.8,-94,13.3
2026-02-12 13:01:44,Pasillo de Salones,66.7,People,54.5,54.3,55.0,55.4,65.9,34.1,0.1,52.0,54.0,56.3,-91,13.8
2026-02-12 13:01:45,Main Lobby,70.5,People,58.8,57.7,59.1,59.5,19.7,79.3,1.0,54.8,57.1,61.4,-79,12.8
2026-02-12 13:01:51,Salón - Uma,77.1,People,65.6,59.3,66.3,63.7,19.0,80.9,0.1,57.5,62.9,69.3,-99,11.8
2026-02-12 13:01:53,Pasillo de Laboratorio,69.6,People,58.5,58.1,58.7,58.3,26.3,73.3,0.4,55.9,58.0,60.1,-100,12.0
2026-02-12 13:02:23,Salón - Extremo,80.4,People,56.7,51.9,60.5,58.7,66.9,31.8,1.3,40.3,50.7,56.9,-90,13.3
2026-02-12 13:03:30,Pasillo Administrativo,69.1,Background Noise,55.6,55.4,56.3,56.6,82.5,17.3,0.2,51.7,54.6,57.7,-98,12.3
2026-02-12 13:06:44,Pasillo de Salones,64.1,People,54.7,54.4,56.9,56.0,90.2,9.2,0.7,51.8,54.3,56.6,-91,12.8
2026-02-12 13:06:45,Main Lobby,78.2,People,60.6,58.0,61.0,62.0,17.5,81.8,0.7,54.3,57.5,62.6,-77,14.3
2026-02-12 13:06:51,Salón - Uma,73.8,People,61.7,58.4,63.6,57.0,49.4,50.5,0.1,56.1,59.4,65.0,-99,12.3
2026-02-12 13:06:53,Pasillo de Laboratorio,66.2,People,58.4,58.1,58.5,64.0,16.6,83.3,0.1,55.7,57.9,60.3,-100,8.3
2026-02-12 13:07:23,Salón - Extremo,70.8,Background Noise,52.0,50.8,54.8,52.9,79.0,20.1,0.9,40.2,50.5,54.5,-93,13.0
2026-02-12 13:08:30,Pasillo Administrativo,72.0,Background Noise,56.3,55.8,59.2,58.9,89.8,10.2,0.1,51.8,54.9,58.1,-93,13.0
2026-02-12 13:11:45,Pasillo de Salones,67.2,People,54.4,54.3,58.8,55.7,97.4,2.1,0.5,51.8,54.0,56.1,-92,13.3
2026-02-12 13:11:46,Main Lobby,73.2,People,58.0,56.0,58.3,57.8,16.5,82.6,0.9,52.6,55.7,60.3,-78,10.3
2026-02-12 13:11:52,Salón - Uma,68.5,People,58.6,58.1,59.7,0.0,74.5,25.5,0.0,55.4,58.0,60.6,-97,13.0
2026-02-12 13:11:53,Pasillo de Laboratorio,64.1,People,58.4,58.0,58.4,55.4,11.7,88.3,0.1,55.8,58.1,60.2,-98,12.0
2026-02-12 13:12:23,Salón - Extremo,67.4,People,50.0,49.4,54.8,52.8,93.8,6.1,0.2,40.1,50.0,51.9,-94,13.0
2026-02-12 13:13:31,Pasillo Administrativo,76.2,People,56.5,56.0,58.9,0.0,87.4,12.6,0.0,52.2,55.0,58.1,-96,13.0
2026-02-12 13:16:45,Pasillo de Salones,63.4,Background Noise,54.6,54.5,56.5,55.5,95.8,3.7,0.5,51.6,54.1,56.6,-91,11.8
2026-02-12 13:16:46,Main Lobby,73.5,People,59.9,58.1,60.1,58.0,11.6,87.7,0.7,54.3,57.8,62.9,-79,14.0
2026-02-12 13:16:52,Salón - Uma,69.5,Background Noise,59.3,58.3,60.6,62.4,63.3,36.6,0.1,55.7,58.3,61.4,-103,10.5
2026-02-12 13:16:53,Pasillo de Laboratorio,72.8,Background Noise,58.7,58.5,58.8,57.3,20.2,79.5,0.3,55.5,57.9,60.2,-98,9.0
2026-02-12 13:17:23,Salón - Extremo,72.9,People,53.1,51.4,56.9,55.0,81.0,18.5,0.5,40.3,50.6,54.9,-94,13.5
2026-02-12 13:18:33,Pasillo Administrativo,75.0,People,56.6,55.7,60.1,54.8,86.7,13.1,0.2,52.4,55.2,58.0,-95,11.3
2026-02-12 13:21:45,Pasillo de Salones,61.2,Background Noise,54.3,54.3,54.7,0.0,93.7,6.3,0.0,51.7,54.0,56.2,-90,11.5
2026-02-12 13:21:48,Main Lobby,73.6,Background Noise,63.4,63.6,62.9,64.7,56.6,40.1,3.3,55.3,59.6,68.0,-78,14.0
2026-02-12 13:21:52,Salón - Uma,68.6,Background Noise,59.1,58.3,60.1,58.7,63.8,36.1,0.1,56.0,58.4,61.1,-105,9.0
2026-02-12 13:21:53,Pasillo de Laboratorio,66.7,Background Noise,57.9,57.7,57.9,0.0,25.9,74.1,0.0,55.4,57.5,59.6,-98,12.0
2026-02-12 13:22:23,Salón - Extremo,68.8,Background Noise,51.9,50.9,54.6,55.4,80.8,18.4,0.7,40.2,50.5,54.8,-88,13.8
2026-02-12 13:23:31,Pasillo Administrativo,71.3,Background Noise,57.0,56.7,58.7,57.6,88.3,11.3,0.3,52.5,55.3,58.8,-94,13.5
2026-02-12 13:26:45,Pasillo de Salones,62.4,People,54.5,54.4,55.5,55.6,84.6,15.2,0.3,51.8,54.3,56.4,-91,13.5
2026-02-12 13:26:46,Main Lobby,72.9,Background Noise,64.7,64.5,65.7,65.3,85.9,12.0,2.1,58.7,63.9,67.7,-77,8.5
2026-02-12 13:26:52,Salón - Uma,68.9,People,59.1,58.3,60.4,0.0,68.0,32.0,0.0,55.7,58.3,61.3,-99,12.0
2026-02-12 13:26:53,Pasillo de Laboratorio,68.2,People,58.2,57.7,58.4,56.8,25.3,74.5,0.3,55.7,57.8,59.8,-98,12.0
2026-02-12 13:27:23,Salón - Extremo,73.9,People,56.9,53.4,59.6,58.6,61.8,37.5,0.7,40.4,51.6,59.7,-97,11.8
2026-02-12 13:28:31,Pasillo Administrativo,72.7,Background Noise,57.2,56.6,59.6,65.9,87.8,11.9,0.2,52.1,55.3,59.6,-93,13.3
2026-02-12 13:31:45,Pasillo de Salones,60.6,Background Noise,54.4,54.3,54.7,57.4,85.6,14.1,0.3,51.7,54.1,56.2,-93,13.0
2026-02-12 13:31:46,Main Lobby,80.3,People,64.7,64.1,65.0,66.1,44.3,55.1,0.6,58.0,63.5,67.6,-78,14.0
2026-02-12 13:31:52,Salón - Uma,74.4,People,61.7,58.5,63.4,61.4,47.4,52.5,0.2,56.0,59.2,64.8,-100,11.8
2026-02-12 13:31:53,Pasillo de Laboratorio,63.1,Background Noise,57.8,57.8,57.8,0.0,16.2,83.8,0.0,55.5,57.5,59.5,-99,11.8
2026-02-12 13:32:23,Salón - Extremo,69.4,People,52.6,51.1,55.5,54.6,75.8,23.6,0.6,40.3,50.9,55.4,-92,13.8
2026-02-12 13:33:31,Pasillo Administrativo,70.1,People,57.8,57.1,60.4,56.6,84.2,15.3,0.5,52.7,56.3,60.0,-96,13.0
2026-02-12 13:36:45,Pasillo de Salones,64.4,People,54.8,54.4,56.3,55.8,82.8,17.2,0.1,52.0,54.3,56.6,-92,9.0
2026-02-12 13:36:46,Main Lobby,76.2,People,65.5,61.4,65.6,62.1,3.6,96.2,0.2,59.1,63.4,69.0,-78,13.5
2026-02-12 13:36:52,Salón - Uma,65.2,People,58.9,58.4,59.7,53.3,64.7,35.2,0.1,55.8,58.4,61.0,-103,8.8
2026-02-12 13:36:54,Pasillo de Laboratorio,73.7,Background Noise,58.4,59.2,58.3,62.0,10.2,89.6,0.2,55.8,57.7,60.0,-98,12.0
2026-02-12 13:37:26,Salón - Extremo,64.8,People,52.0,50.3,55.3,54.1,77.9,21.2,0.8,40.3,50.7,55.2,-99,12.3
2026-02-12 13:38:31,Pasillo Administrativo,70.9,People,58.4,57.6,59.8,58.3,69.4,30.1,0.5,54.1,57.2,60.6,-95,13.3
2026-02-12 13:41:45,Pasillo de Salones,62.8,People,55.0,54.6,56.3,56.3,81.2,18.4,0.4,52.1,54.4,56.8,-91,13.5
2026-02-12 13:41:48,Main Lobby,79.6,People,64.4,60.9,64.5,60.6,4.2,95.6,0.3,56.9,61.4,67.6,-77,13.8
2026-02-12 13:41:52,Salón - Uma,70.3,People,60.1,58.8,61.1,60.1,50.2,49.3,0.4,56.5,59.3,62.3,-101,11.8
2026-02-12 13:41:54,Pasillo de Laboratorio,70.6,People,58.1,57.9,58.2,59.7,30.4,68.8,0.8,55.6,57.7,59.9,-101,12.3
2026-02-12 13:42:24,Salón - Extremo,67.3,People,53.6,51.0,56.9,58.9,73.3,25.7,1.0,40.3,50.9,57.2,-98,9.3
2026-02-12 13:43:31,Pasillo Administrativo,68.2,Background Noise,56.6,56.2,59.2,61.5,90.1,9.8,0.2,52.5,55.7,58.6,-94,13.8
2026-02-12 13:46:45,Pasillo de Salones,68.4,People,55.3,54.9,56.4,55.2,74.9,24.9,0.2,52.6,54.7,57.0,-92,13.3
2026-02-12 13:46:46,Main Lobby,73.6,People,61.6,59.2,61.7,67.5,6.5,93.3,0.2,55.0,59.1,65.1,-78,13.8
2026-02-12 13:46:52,Salón - Uma,75.2,People,63.8,59.2,64.5,59.3,18.7,81.1,0.3,57.5,61.3,67.1,-100,11.5
2026-02-12 13:46:54,Pasillo de Laboratorio,68.9,Background Noise,57.9,58.1,57.8,57.8,30.3,69.3,0.4,55.4,57.3,59.6,-100,10.3
2026-02-12 13:47:24,Salón - Extremo,70.9,People,54.1,51.3,57.3,60.2,70.0,29.6,0.4,40.3,51.0,56.6,-91,12.8
2026-02-12 13:48:31,Pasillo Administrativo,73.9,Background Noise,57.7,56.4,62.5,59.4,87.9,11.9,0.2,52.2,55.7,59.0,-94,13.5
2026-02-12 13:51:46,Pasillo de Salones,66.0,People,57.1,56.1,57.8,57.7,42.7,56.8,0.5,53.6,56.1,59.6,-90,13.5
2026-02-12 13:51:48,Main Lobby,72.1,People,60.7,58.2,61.0,64.1,12.8,87.0,0.2,55.0,58.3,64.0,-89,13.5
2026-02-12 13:51:53,Salón - Uma,79.9,People,65.6,59.6,66.3,64.7,18.6,81.3,0.2,57.5,62.8,69.2,-100,12.0
2026-02-12 13:51:54,Pasillo de Laboratorio,66.3,Vehicle,57.6,57.5,57.6,61.3,29.0,70.6,0.4,55.1,57.2,59.4,-101,11.8
2026-02-12 13:52:24,Salón - Extremo,77.1,People,56.2,53.6,59.1,62.4,69.7,28.7,1.6,40.4,51.2,57.0,-95,13.3
2026-02-12 13:53:32,Pasillo Administrativo,73.3,People,58.5,56.5,61.9,60.6,76.1,23.0,0.9,52.4,56.1,61.7,-109,7.3
2026-02-12 13:56:46,Pasillo de Salones,74.7,People,56.5,55.0,57.5,56.8,44.7,54.9,0.3,53.0,55.2,58.0,-91,13.3
2026-02-12 13:56:47,Main Lobby,73.7,People,62.9,61.2,63.0,62.2,7.5,92.2,0.3,57.7,61.1,65.9,-90,13.0
2026-02-12 13:56:53,Salón - Uma,77.5,People,63.1,58.6,64.1,61.7,27.2,72.6,0.2,56.5,60.3,65.8,-103,10.3
2026-02-12 13:56:54,Pasillo de Laboratorio,68.2,Background Noise,57.9,58.0,57.9,58.0,28.9,70.3,0.8,55.2,57.4,59.7,-101,12.3
2026-02-12 13:57:24,Salón - Extremo,77.3,People,59.3,54.7,61.0,69.7,50.7,48.3,1.0,40.5,52.7,60.3,-87,13.5
2026-02-12 13:58:32,Pasillo Administrativo,70.1,Background Noise,56.8,56.6,58.3,56.6,91.2,8.7,0.2,52.5,55.9,59.0,-107,8.3
2026-02-12 14:01:46,Pasillo de Salones,66.6,People,55.8,55.3,56.2,58.5,54.4,45.5,0.2,52.7,55.2,57.6,-90,13.5
2026-02-12 14:01:47,Main Lobby,73.0,People,62.0,59.1,62.3,60.4,12.8,86.9,0.3,56.1,60.0,65.2,-88,13.5
2026-02-12 14:01:53,Salón - Uma,73.5,Background Noise,60.1,58.5,61.4,0.0,53.0,47.0,0.0,56.1,58.9,62.6,-108,7.0
2026-02-12 14:01:54,Pasillo de Laboratorio,75.1,People,58.6,57.9,58.7,63.5,17.2,82.1,0.7,54.9,57.3,59.9,-98,12.8
2026-02-12 14:02:24,Salón - Extremo,78.8,People,58.3,52.3,62.7,61.4,70.4,29.0,0.6,40.4,51.2,59.9,-92,13.0
2026-02-12 14:03:32,Pasillo Administrativo,71.3,People,57.4,56.7,59.9,54.4,83.4,16.2,0.3,52.4,56.2,59.2,-103,10.3
2026-02-12 14:06:46,Pasillo de Salones,68.3,People,56.7,55.5,57.3,55.2,35.3,64.4,0.3,53.2,55.7,58.8,-93,13.3
2026-02-12 14:06:47,Main Lobby,72.7,People,61.2,59.7,61.6,59.7,25.1,74.3,0.6,53.2,58.5,65.1,-88,13.3
2026-02-12 14:06:53,Salón - Uma,69.5,People,59.5,58.4,60.4,0.0,50.2,49.7,0.0,56.0,58.6,61.9,-103,10.8
2026-02-12 14:06:54,Pasillo de Laboratorio,69.2,Background Noise,57.9,58.3,57.8,58.8,14.8,84.6,0.6,55.1,57.3,59.8,-98,12.5
2026-02-12 14:07:24,Salón - Extremo,73.6,Background Noise,54.8,51.4,58.7,58.6,73.0,26.7,0.3,40.3,50.8,55.2,-89,13.8
2026-02-12 14:08:32,Pasillo Administrativo,75.6,Background Noise,59.0,57.6,62.2,59.7,79.2,20.3,0.6,52.5,56.7,60.9,-109,5.8
2026-02-12 14:11:46,Pasillo de Salones,65.0,People,57.0,55.9,57.4,56.4,30.1,69.9,0.1,53.5,56.1,59.4,-92,13.8
2026-02-12 14:11:49,Main Lobby,70.6,Background Noise,59.4,58.7,59.6,62.5,36.6,61.2,2.2,53.3,56.9,63.1,-88,14.3
2026-02-12 14:11:53,Salón - Uma,69.2,People,59.2,58.1,60.2,0.0,52.5,47.5,0.0,55.8,58.5,61.5,-101,11.5
2026-02-12 14:11:54,Pasillo de Laboratorio,64.3,People,57.8,57.4,57.9,62.6,17.4,82.5,0.1,55.2,57.4,59.7,-88,11.5
2026-02-12 14:12:24,Salón - Extremo,69.1,People,51.5,50.2,54.0,40.2,74.7,25.2,0.1,40.3,50.5,53.8,-90,14.0
2026-02-12 14:13:32,Pasillo Administrativo,71.7,Background Noise,56.8,56.2,59.6,55.8,87.3,12.4,0.3,52.0,55.6,58.7,-109,7.0
2026-02-12 14:16:46,Pasillo de Salones,65.9,People,56.8,55.7,57.2,56.9,29.1,70.7,0.3,53.3,55.8,59.0,-91,13.5
2026-02-12 14:16:47,Main Lobby,70.1,People,59.6,58.7,59.9,60.8,30.3,69.1,0.6,54.1,57.5,62.9,-89,13.8
2026-02-12 14:16:53,Salón - Uma,77.5,People,62.9,58.4,64.0,57.3,30.4,69.5,0.1,56.5,60.5,66.3,-105,8.8
2026-02-12 14:16:55,Pasillo de Laboratorio,69.9,People,58.3,57.8,58.4,0.0,20.6,79.4,0.0,55.2,57.5,60.0,-88,13.8
2026-02-12 14:17:26,Salón - Extremo,56.9,Background Noise,50.3,50.1,51.5,0.0,85.2,14.8,0.0,40.3,50.6,53.0,-89,13.8
2026-02-12 14:18:34,Pasillo Administrativo,74.3,Background Noise,58.0,57.1,60.5,55.0,79.9,20.0,0.2,52.1,56.1,60.5,-105,8.5
2026-02-12 14:21:46,Pasillo de Salones,66.5,People,56.7,55.8,57.1,55.5,31.1,68.9,0.1,53.8,56.1,58.8,-93,13.3
2026-02-12 14:21:49,Main Lobby,75.7,People,61.9,58.7,62.8,59.4,29.4,69.7,0.9,55.3,59.4,65.2,-88,11.5
2026-02-12 14:21:53,Salón - Uma,74.7,People,64.1,59.1,65.0,58.0,24.9,75.0,0.1,57.4,61.9,67.3,-104,10.0
2026-02-12 14:21:55,Pasillo de Laboratorio,62.5,People,57.4,57.3,57.5,58.1,16.9,82.8,0.3,55.0,57.1,59.2,-87,13.5
2026-02-12 14:22:25,Salón - Extremo,61.9,People,52.2,51.7,53.4,51.7,70.9,29.1,0.1,40.6,51.7,54.7,-101,11.8
2026-02-12 14:23:32,Pasillo Administrativo,70.8,People,57.6,56.9,60.5,53.7,85.5,14.3,0.2,52.6,56.0,59.9,-107,8.0
2026-02-12 14:26:46,Pasillo de Salones,64.7,People,56.2,55.1,56.8,0.0,41.9,58.1,0.0,53.3,55.4,58.1,-92,11.8
2026-02-12 14:26:47,Main Lobby,79.2,People,65.4,60.6,65.7,60.7,10.4,89.3,0.3,57.0,61.8,68.6,-88,14.0
2026-02-12 14:26:53,Salón - Uma,81.1,People,63.8,58.8,64.9,56.3,30.0,69.9,0.1,56.8,60.5,66.5,-101,11.5
2026-02-12 14:26:55,Pasillo de Laboratorio,62.4,People,57.5,57.8,57.4,56.3,19.3,80.6,0.2,55.0,57.2,59.3,-87,13.3
2026-02-12 14:27:25,Salón - Extremo,66.1,People,51.3,50.3,54.5,54.6,85.1,14.2,0.8,40.4,50.8,53.5,-89,13.3
2026-02-12 14:28:32,Pasillo Administrativo,73.3,People,57.9,56.4,61.7,54.2,81.8,18.1,0.1,52.4,56.3,59.7,-106,8.5
2026-02-12 14:31:47,Pasillo de Salones,68.0,People,57.4,56.2,58.1,57.9,42.5,57.3,0.2,53.9,56.5,59.4,-93,13.3
2026-02-12 14:31:48,Main Lobby,82.0,People,65.1,61.2,65.4,60.3,9.1,90.1,0.8,56.4,62.2,68.2,-88,14.0
2026-02-12 14:31:54,Salón - Uma,90.3,People,65.6,59.3,67.3,61.4,37.6,62.0,0.3,56.9,60.4,66.5,-99,9.8
2026-02-12 14:31:55,Pasillo de Laboratorio,72.7,People,57.7,57.7,57.7,0.0,17.5,82.5,0.0,55.2,57.3,59.3,-86,14.0
2026-02-12 14:32:25,Salón - Extremo,73.7,People,51.7,50.8,55.0,55.2,85.3,14.2,0.6,40.4,51.1,53.5,-106,8.8
2026-02-12 14:33:33,Pasillo Administrativo,75.3,Background Noise,59.3,57.9,62.5,58.9,78.8,20.4,0.8,52.7,56.8,61.9,-105,9.3
2026-02-12 14:36:47,Pasillo de Salones,66.1,People,56.8,55.8,57.7,57.3,53.3,46.1,0.6,53.2,56.0,59.0,-91,14.3
2026-02-12 14:36:48,Main Lobby,74.4,People,61.3,59.5,62.2,60.7,40.4,59.0,0.7,56.0,59.5,64.4,-89,13.5
2026-02-12 14:36:54,Salón - Uma,72.9,People,61.5,59.1,62.6,56.2,40.2,59.6,0.2,56.7,60.1,64.3,-110,5.5
2026-02-12 14:36:55,Pasillo de Laboratorio,65.8,People,58.2,58.0,58.2,0.0,24.7,75.3,0.0,55.5,57.8,60.0,-99,12.5
2026-02-12 14:37:25,Salón - Extremo,65.4,Background Noise,50.0,49.6,52.3,58.0,91.6,8.1,0.3,40.3,50.3,52.4,-94,11.3
2026-02-12 14:38:33,Pasillo Administrativo,73.1,People,59.0,56.9,62.9,65.6,79.4,20.4,0.2,52.6,55.9,61.9,-105,9.0
2026-02-12 14:41:47,Pasillo de Salones (E),69.2,People,56.5,55.6,57.4,55.8,56.0,43.5,0.4,53.1,55.5,58.3,-97,11.0
2026-02-12 14:41:50,Main Lobby (E),76.4,People,61.9,60.2,62.2,59.2,19.6,79.9,0.5,56.3,59.9,64.7,-88,14.3
2026-02-12 14:41:54,Salón - Uma,75.8,Background Noise,64.8,61.5,65.0,61.8,8.2,91.7,0.1,59.0,63.2,67.8,-100,11.5
2026-02-12 14:41:55,Pasillo de Laboratorio (E),67.1,People,58.1,57.8,58.2,58.4,17.8,81.8,0.4,55.3,57.6,60.0,-98,12.5
2026-02-12 14:42:25,Salón - Extremo (E),60.9,Background Noise,49.6,49.3,51.3,52.8,87.4,12.2,0.3,40.3,50.3,52.4,-91,13.5
2026-02-12 14:43:33,Pasillo Administrativo (E),73.0,People,58.3,56.9,61.8,55.5,81.3,18.5,0.2,52.5,55.9,61.3,-103,11.0
2026-02-12 14:46:47,Pasillo de Salones (E),70.9,People,56.8,55.2,58.0,58.4,52.0,47.7,0.3,52.9,55.3,58.4,-99,12.8
2026-02-12 14:46:48,Main Lobby (E),74.0,People,61.4,59.0,61.6,62.2,9.8,89.8,0.3,54.9,58.5,64.8,-89,13.5
2026-02-12 14:46:54,Salón - Uma (E),77.2,People,65.2,62.1,65.5,0.0,14.2,85.8,0.0,59.1,63.4,67.9,-97,11.3
2026-02-12 14:46:55,Pasillo de Laboratorio (E),64.4,Background Noise,57.7,57.7,57.7,57.0,19.2,80.5,0.3,55.1,57.3,59.4,-100,10.5
2026-02-12 14:47:25,Salón - Extremo (E),58.5,People,49.7,49.0,52.4,0.0,86.4,13.6,0.0,40.2,50.3,52.5,-92,13.5
2026-02-12 14:48:33,Pasillo Administrativo (E),71.8,Background Noise,58.0,56.7,61.5,58.2,82.3,17.4,0.2,52.5,55.9,60.7,-105,9.3
2026-02-12 14:51:47,Pasillo de Salones (E),68.2,People,56.6,56.1,56.8,56.4,33.6,65.9,0.6,53.7,55.8,58.3,-90,13.5
2026-02-12 14:51:50,Main Lobby (E),74.1,People,64.1,61.2,64.3,60.7,6.2,93.5,0.3,57.5,62.4,67.4,-90,13.3
2026-02-12 14:51:54,Salón - Uma (E),78.4,People,66.5,60.2,66.9,58.8,9.3,90.6,0.1,59.6,64.6,69.9,-103,10.8
2026-02-12 14:51:55,Pasillo de Laboratorio (E),71.2,People,57.8,57.8,57.8,58.3,33.6,65.9,0.5,55.1,57.3,59.5,-98,12.3
2026-02-12 14:52:25,Salón - Extremo (E),70.8,People,50.8,50.3,53.4,53.3,88.3,11.5,0.2,40.3,50.4,52.6,-95,13.5
2026-02-12 14:53:33,Pasillo Administrativo (E),78.3,People,57.7,56.2,63.3,56.7,89.2,10.5,0.3,51.9,55.2,58.2,-106,8.8
2026-02-12 14:56:47,Pasillo de Salones (E),75.5,People,58.7,57.3,59.1,60.3,21.5,77.8,0.7,54.1,56.8,60.8,-93,13.8
2026-02-12 14:56:48,Main Lobby (E),76.6,People,63.3,60.0,63.6,61.5,11.2,88.3,0.5,55.2,59.7,67.2,-89,13.8
2026-02-12 14:56:54,Salón - Uma (E),79.7,People,67.3,62.7,67.5,74.0,6.9,93.0,0.1,60.8,65.6,70.3,-105,11.5
2026-02-12 14:56:56,Pasillo de Laboratorio (E),64.7,Background Noise,57.9,57.5,58.0,0.0,28.7,71.3,0.0,55.1,57.5,59.9,-97,12.8
2026-02-12 14:57:26,Salón - Extremo (E),73.3,People,53.3,50.6,56.6,55.5,69.9,29.5,0.6,40.3,51.0,54.4,-90,13.5
2026-02-12 14:58:33,Pasillo Administrativo (E),72.6,People,58.0,56.8,62.0,59.4,85.8,13.8,0.3,52.7,56.0,60.0,-104,4.0
2026-02-12 15:01:47,Pasillo de Salones (E),67.6,People,57.5,56.8,58.0,58.2,41.2,58.0,0.8,54.1,56.5,60.0,-92,13.3
2026-02-12 15:01:50,Main Lobby (E),72.8,People,61.6,59.9,61.7,64.8,12.8,87.0,0.3,56.4,59.6,64.7,-89,11.3
2026-02-12 15:01:54,Salón - Uma (E),78.7,People,64.3,59.3,65.1,72.7,23.0,76.9,0.1,57.2,61.4,67.8,-100,1.5
2026-02-12 15:01:56,Pasillo de Laboratorio (E),72.8,People,59.9,58.5,60.3,0.0,22.8,77.2,0.0,55.5,57.9,62.3,-99,11.8
2026-02-12 15:02:26,Salón - Extremo (E),73.3,People,60.2,53.5,61.9,53.6,37.1,62.4,0.5,40.9,55.0,64.1,-94,11.8
2026-02-12 15:03:34,Pasillo Administrativo (E),69.6,Background Noise,56.6,56.0,59.3,61.6,88.4,11.0,0.6,52.2,55.4,58.7,-106,7.8
2026-02-12 15:06:47,Pasillo de Salones (E),68.3,People,56.5,55.6,57.1,57.0,41.7,58.0,0.3,53.3,55.6,58.5,-91,13.3
2026-02-12 15:06:48,Main Lobby (E),77.6,People,62.2,59.5,62.3,60.0,6.6,93.3,0.2,56.4,60.1,64.9,-90,12.5
2026-02-12 15:06:54,Salón - Uma (E),75.0,People,62.0,59.0,62.5,60.1,19.1,80.8,0.1,57.0,60.3,64.9,-99,12.3
2026-02-12 15:06:56,Pasillo de Laboratorio (E),68.4,Background Noise,57.7,57.7,57.7,58.5,31.5,68.4,0.1,55.3,57.4,59.4,-97,12.8
2026-02-12 15:07:26,Salón - Extremo (E),79.9,People,63.1,55.8,64.5,62.0,30.4,69.4,0.2,50.6,58.8,67.1,-88,13.8
2026-02-12 15:08:35,Pasillo Administrativo (E),70.4,Background Noise,55.6,55.6,56.1,56.2,91.5,8.3,0.2,51.9,55.0,57.5,-108,7.3
2026-02-12 15:11:48,Pasillo de Salones (E),67.7,People,55.6,54.9,55.7,55.9,18.5,81.2,0.3,52.9,55.0,57.3,-91,13.3
2026-02-12 15:11:50,Main Lobby (E),74.3,People,60.2,57.5,60.5,61.9,13.0,86.8,0.2,55.5,58.4,63.1,-88,13.3
2026-02-12 15:11:55,Salón - Uma (E),74.4,People,61.9,58.5,62.5,0.0,22.7,77.3,0.0,56.4,60.3,64.9,-102,11.0
2026-02-12 15:11:56,Pasillo de Laboratorio (E),75.6,Background Noise,57.9,59.8,57.6,0.0,11.2,88.8,0.0,55.2,57.3,59.4,-98,12.3
2026-02-12 15:12:26,Salón - Extremo (E),80.5,People,68.2,59.5,68.5,62.0,7.4,92.3,0.2,56.9,65.8,71.8,-86,13.3
2026-02-12 15:13:35,Pasillo Administrativo (E),70.3,People,56.6,56.2,58.5,58.5,86.1,13.7,0.3,52.1,55.1,58.6,-107,8.0
2026-02-12 15:16:48,Pasillo de Salones (E),69.5,People,56.3,55.5,56.5,58.2,24.1,75.2,0.7,53.3,55.6,58.0,-94,13.0
2026-02-12 15:16:49,Main Lobby (E),71.2,People,57.8,57.0,57.8,65.0,12.1,87.8,0.2,53.7,56.6,60.0,-88,14.0
2026-02-12 15:16:55,Salón - Uma (E),71.1,People,61.5,58.1,62.2,56.5,24.7,75.2,0.1,56.3,60.0,64.5,-100,11.5
2026-02-12 15:16:56,Pasillo de Laboratorio (E),72.1,People,57.7,57.4,57.8,59.0,19.8,80.1,0.2,55.3,57.3,59.4,-97,12.8
2026-02-12 15:17:26,Salón - Extremo (E),79.1,People,68.8,61.2,69.0,67.4,5.7,93.8,0.4,58.4,66.4,72.4,-88,13.5
2026-02-12 15:18:34,Pasillo Administrativo (E),68.9,People,55.7,55.6,57.5,0.0,93.4,6.6,0.0,51.8,55.1,58.0,-105,3.3
2026-02-12 15:21:48,Pasillo de Salones (E),64.7,Vehicle,56.5,55.5,56.8,59.9,33.2,66.4,0.4,53.1,55.6,58.6,-93,13.5
2026-02-12 15:21:49,Main Lobby (E),69.6,People,58.5,56.9,58.8,58.5,17.4,82.3,0.3,53.9,57.1,61.4,-88,14.0
2026-02-12 15:21:55,Salón - Uma (E),71.8,People,61.2,58.1,61.7,60.2,19.6,80.3,0.1,56.5,60.1,64.2,-99,11.5
2026-02-12 15:21:56,Pasillo de Laboratorio (E),67.2,People,57.6,57.5,57.7,59.8,20.6,79.4,0.1,55.1,57.2,59.4,-99,12.3
2026-02-12 15:22:26,Salón - Extremo (E),78.1,People,66.0,58.8,66.2,60.4,5.9,93.8,0.2,56.2,63.4,69.6,-97,12.3
2026-02-12 15:26:48,Pasillo de Salones (E),67.8,People,55.8,55.1,56.1,56.7,34.2,65.5,0.3,53.0,55.1,57.4,-94,13.5
2026-02-12 15:26:49,Main Lobby (E),74.9,People,60.7,57.2,61.2,56.2,16.4,83.3,0.2,54.4,57.9,63.6,-90,13.0
2026-02-12 15:26:55,Salón - Uma (E),75.9,People,62.0,58.8,62.7,0.0,23.3,76.7,0.0,56.5,60.3,64.8,-101,11.3
2026-02-12 15:26:56,Pasillo de Laboratorio (E),74.2,People,58.8,58.1,59.3,60.1,44.6,54.6,0.8,55.2,57.4,60.1,-100,10.3
2026-02-12 15:27:26,Salón - Extremo (E),79.0,People,63.2,52.4,65.1,52.3,37.9,62.0,0.1,40.7,56.6,66.7,-92,13.5
2026-02-12 15:31:48,Pasillo de Salones (E),64.7,People,55.6,55.2,55.8,56.2,30.5,69.3,0.2,52.9,55.1,57.4,-93,9.8
2026-02-12 15:31:51,Main Lobby (E),73.9,People,62.4,58.9,62.7,0.0,9.6,90.4,0.0,55.8,60.0,65.6,-90,13.3
2026-02-12 15:31:55,Salón - Uma (E),74.2,People,61.8,58.7,62.5,60.3,24.4,75.4,0.2,56.6,60.3,64.6,-102,10.8
2026-02-12 15:31:56,Pasillo de Laboratorio (E),65.7,People,57.6,57.5,57.6,58.4,18.5,81.2,0.3,55.0,57.2,59.4,-100,12.0
2026-02-12 15:32:26,Salón - Extremo (E),76.7,People,62.8,56.3,63.5,57.2,19.6,79.6,0.8,51.5,59.6,66.5,-92,13.5
2026-02-12 15:36:48,Pasillo de Salones (E),63.9,Vehicle,55.1,54.8,55.2,59.0,23.6,76.1,0.3,52.5,54.7,56.9,-94,13.0
2026-02-12 15:36:49,Main Lobby (E),71.6,Background Noise,59.7,59.0,59.8,58.0,11.0,88.3,0.7,54.5,58.3,62.6,-89,13.5
2026-02-12 15:36:55,Salón - Uma (E),73.7,People,61.8,58.2,62.3,59.9,19.6,80.3,0.1,56.5,60.2,64.6,-101,11.8
2026-02-12 15:36:57,Pasillo de Laboratorio (E),69.5,People,58.0,57.8,58.1,58.3,39.2,60.8,0.1,55.2,57.4,59.8,-98,12.8
2026-02-12 15:37:27,Salón - Extremo (E),75.4,People,62.6,55.5,63.3,48.0,19.1,80.6,0.3,51.3,59.5,66.4,-93,13.0
2026-02-12 15:41:48,Pasillo de Salones (E),62.7,People,55.1,55.1,55.2,54.3,21.2,78.5,0.2,52.7,54.7,56.9,-91,13.8
2026-02-12 15:42:01,Main Lobby (E),73.0,People,61.2,58.7,61.3,61.7,5.2,94.7,0.2,56.3,60.1,63.9,-88,13.3
2026-02-12 15:42:01,Pasillo de Laboratorio (E),74.7,People,58.0,57.7,58.2,60.7,44.3,55.3,0.4,55.1,57.3,59.6,-98,12.3
2026-02-12 15:42:27,Salón - Extremo (E),76.7,People,64.0,55.6,64.5,59.7,11.7,88.1,0.2,52.8,61.5,67.6,-91,14.0
2026-02-12 15:43:37,Pasillo Administrativo (E),69.4,Background Noise,56.2,55.9,58.2,56.0,90.4,9.4,0.2,51.4,55.2,58.4,-110,5.0
2026-02-12 15:46:48,Pasillo de Salones (E),79.8,Background Noise,57.8,57.4,58.1,55.8,39.7,59.7,0.7,53.3,55.7,59.5,-92,13.8
2026-02-12 15:46:49,Main Lobby (E),74.8,People,63.5,62.2,63.5,0.0,4.1,95.9,0.0,58.1,62.1,66.4,-87,11.8
2026-02-12 15:46:55,Salón - Uma (E),72.7,People,61.2,58.6,62.0,55.9,27.9,71.9,0.2,56.2,59.9,64.0,-98,12.5
2026-02-12 15:46:58,Pasillo de Laboratorio (E),65.8,Background Noise,58.6,58.3,58.6,59.0,19.8,80.1,0.1,56.0,58.1,60.4,-99,12.0
2026-02-12 15:47:27,Salón - Extremo (E),72.7,People,56.8,52.2,60.9,56.2,70.1,29.4,0.5,40.3,50.9,59.7,-92,13.8
2026-02-12 15:48:34,Pasillo Administrativo (E),69.0,Background Noise,56.3,55.7,60.1,63.7,92.4,7.5,0.1,51.5,55.1,58.4,-107,8.3
2026-02-12 15:51:49,Pasillo de Salones (E),68.3,People,55.7,55.2,56.4,56.0,65.2,33.8,1.0,52.7,55.0,57.4,-91,10.8
2026-02-12 15:51:49,Main Lobby (E),74.5,People,63.7,60.4,64.0,59.1,11.0,88.8,0.2,57.5,61.5,67.0,-89,13.8
2026-02-12 15:51:56,Salón - Uma (E),73.3,People,61.3,58.3,61.8,60.5,19.3,80.6,0.1,56.4,60.0,63.9,-100,10.5
2026-02-12 15:51:57,Pasillo de Laboratorio (E),68.2,People,58.4,58.1,58.5,56.9,16.0,83.8,0.2,55.8,58.0,60.2,-99,12.0
2026-02-12 15:52:27,Salón - Extremo (E),58.5,Background Noise,49.4,49.3,51.8,0.0,97.1,2.9,0.0,40.2,50.3,52.4,-88,14.3
2026-02-12 15:53:37,Pasillo Administrativo (E),68.4,Background Noise,55.6,55.3,57.9,0.0,92.7,7.3,0.0,50.9,54.7,58.0,-106,8.0
2026-02-12 15:56:49,Pasillo de Salones (E),68.7,People,55.8,54.7,57.6,56.2,69.5,30.3,0.2,52.2,54.5,57.4,-92,13.3
2026-02-12 15:56:50,Main Lobby (E),80.1,People,65.0,62.4,65.2,63.0,6.4,93.5,0.1,58.1,62.4,68.3,-89,14.3
2026-02-12 15:56:56,Salón - Uma (E),76.1,People,61.4,58.3,61.9,0.0,17.1,82.9,0.0,56.6,60.2,64.0,-101,12.0
2026-02-12 15:56:57,Pasillo de Laboratorio (E),74.7,People,58.6,58.0,58.8,0.0,24.2,75.8,0.0,55.6,57.8,60.2,-99,12.0
2026-02-12 15:57:27,Salón - Extremo (E),58.3,Background Noise,49.7,49.3,53.2,50.1,93.5,6.3,0.2,40.2,50.3,52.5,-90,11.3
2026-02-12 15:58:35,Pasillo Administrativo (E),69.8,Background Noise,55.9,55.8,57.4,0.0,93.6,6.4,0.0,51.3,54.9,58.1,-104,10.5
2026-02-12 16:01:49,Pasillo de Salones (E),61.2,People,54.3,54.2,54.7,55.7,77.9,22.1,0.1,51.9,54.0,56.1,-92,13.5
2026-02-12 16:01:52,Main Lobby (E),72.0,People,60.6,58.6,60.8,59.0,10.7,89.1,0.3,54.7,58.4,64.0,-88,13.8
2026-02-12 16:01:56,Salón - Uma (E),76.4,People,62.0,58.7,62.5,0.0,18.7,81.3,0.0,56.7,60.2,64.7,-104,10.3
2026-02-12 16:01:57,Pasillo de Laboratorio (E),74.8,People,58.6,57.8,58.8,58.8,19.6,79.7,0.7,55.4,57.9,60.2,-99,10.0
2026-02-12 16:02:27,Salón - Extremo (E),57.5,Background Noise,48.3,48.3,45.5,40.5,99.6,0.3,0.1,40.1,41.0,51.5,-91,13.3
2026-02-12 16:03:35,Pasillo Administrativo (E),70.4,Background Noise,55.5,55.4,56.3,56.8,93.6,6.2,0.3,51.0,54.4,57.4,-103,7.0
2026-02-12 16:06:49,Pasillo de Salones (E),69.9,People,54.7,54.2,56.4,0.0,80.8,19.2,0.0,51.9,54.1,56.3,-94,13.3
2026-02-12 16:06:50,Main Lobby (E),71.8,People,58.3,56.7,58.7,58.4,22.6,76.5,0.8,52.2,55.8,61.1,-89,14.0
2026-02-12 16:06:56,Salón - Uma (E),72.0,People,61.6,58.6,62.0,0.0,15.4,84.6,0.0,56.7,60.3,64.4,-102,11.0
2026-02-12 16:06:57,Pasillo de Laboratorio (E),68.1,People,58.0,58.4,57.8,59.0,22.2,76.4,1.4,55.6,57.6,59.7,-97,10.5
2026-02-12 16:07:27,Salón - Extremo (E),54.9,Background Noise,48.1,48.1,51.0,0.0,99.9,0.1,0.0,40.1,40.9,51.5,-91,11.5
2026-02-12 16:08:37,Pasillo Administrativo (E),60.4,Background Noise,54.4,54.4,54.8,0.0,92.3,7.7,0.0,50.9,53.9,56.9,-105,9.3
2026-02-12 16:11:49,Pasillo de Salones (E),62.0,People,54.3,54.2,54.9,55.3,87.3,12.5,0.2,51.7,53.9,56.2,-93,13.0
2026-02-12 16:11:52,Main Lobby (E),77.5,Background Noise,56.7,57.7,56.4,54.7,20.9,78.9,0.2,52.0,54.5,58.4,-89,13.5
2026-02-12 16:11:56,Salón - Uma (E),72.6,People,61.1,58.0,61.7,60.0,23.3,76.7,0.1,56.1,59.8,63.7,-104,8.3
2026-02-12 16:11:57,Pasillo de Laboratorio (E),68.4,Background Noise,58.0,58.4,57.8,62.2,29.9,69.5,0.6,55.4,57.5,59.7,-100,11.8
2026-02-12 16:12:27,Salón - Extremo (E),55.5,Background Noise,48.3,48.3,51.8,0.0,99.7,0.3,0.0,40.1,41.0,51.3,-88,14.0
2026-02-12 16:13:37,Pasillo Administrativo (E),61.3,Background Noise,54.5,54.5,54.7,0.0,91.5,8.5,0.0,51.1,53.9,56.9,-103,9.0
2026-02-12 16:16:49,Pasillo de Salones (E),67.7,People,54.3,54.2,55.6,55.7,89.9,9.8,0.2,51.7,53.9,56.1,-91,13.8
2026-02-12 16:16:50,Main Lobby (E),71.4,People,57.8,55.0,58.2,55.1,15.8,84.1,0.1,52.7,55.7,60.5,-88,11.5
2026-02-12 16:16:56,Salón - Uma (E),74.8,Background Noise,61.6,58.9,62.1,0.0,19.6,80.4,0.0,56.4,60.1,64.4,-102,10.3
2026-02-12 16:16:59,Pasillo de Laboratorio (E),67.2,People,57.8,57.6,57.9,59.4,16.6,83.1,0.3,55.2,57.5,59.6,-99,12.0
2026-02-12 16:17:28,Salón - Extremo (E),56.5,Background Noise,48.0,48.0,0.0,40.4,99.9,0.0,0.1,40.2,40.9,51.3,-90,14.0
2026-02-12 16:18:35,Pasillo Administrativo (E),71.8,Background Noise,54.8,54.8,54.9,55.3,93.3,6.6,0.1,50.8,54.1,57.1,-103,11.0
2026-02-12 16:21:49,Pasillo de Salones (E),64.3,People,54.2,54.1,54.9,0.0,85.7,14.3,0.0,51.7,53.7,56.2,-92,13.3
2026-02-12 16:21:50,Main Lobby (E),74.6,Background Noise,58.6,57.8,58.8,59.2,30.8,68.3,0.9,53.2,56.2,61.0,-87,13.8
2026-02-12 16:21:56,Salón - Uma (E),72.8,People,61.9,58.1,62.5,0.0,18.7,81.3,0.0,56.6,60.4,64.9,-102,10.8
2026-02-12 16:21:58,Pasillo de Laboratorio (E),68.0,People,57.8,57.7,57.9,56.3,25.1,74.7,0.2,55.2,57.4,59.6,-98,12.8
2026-02-12 16:22:28,Salón - Extremo (E),54.6,Background Noise,47.5,47.5,40.8,0.0,99.8,0.2,0.0,40.1,40.8,51.2,-89,14.0
2026-02-12 16:23:37,Pasillo Administrativo (E),68.1,Background Noise,54.6,54.6,54.2,0.0,93.5,6.5,0.0,50.9,54.0,56.8,-103,10.5
2026-02-12 16:26:49,Pasillo de Salones (E),59.2,People,54.1,54.1,54.4,54.7,85.2,14.6,0.3,51.6,53.8,56.0,-92,13.3
2026-02-12 16:26:50,Main Lobby (E),69.7,People,58.8,58.3,58.8,60.2,12.6,87.2,0.2,54.1,57.1,61.6,-88,13.3
2026-02-12 16:26:56,Salón - Uma (E),77.0,People,61.8,58.3,62.4,0.0,22.2,77.8,0.0,56.7,60.2,64.7,-102,10.8
2026-02-12 16:26:58,Pasillo de Laboratorio (E),67.8,People,57.7,57.5,57.8,0.0,12.3,87.7,0.0,55.2,57.4,59.5,-99,12.0
2026-02-12 16:27:28,Salón - Extremo (E),54.4,Background Noise,47.9,47.9,48.6,0.0,99.8,0.3,0.0,40.1,40.8,51.4,-85,12.5
2026-02-12 16:28:35,Pasillo Administrativo (E),68.1,Background Noise,54.8,54.8,54.9,58.9,93.9,5.8,0.2,50.7,54.1,57.2,-104,8.5
2026-02-12 16:31:50,Pasillo de Salones (E),63.0,People,54.1,54.0,54.8,0.0,89.3,10.7,0.0,51.5,53.8,55.9,-93,13.3
2026-02-12 16:31:52,Main Lobby (E),75.8,People,58.8,56.9,59.1,66.4,24.1,75.2,0.7,52.5,55.8,60.6,-89,13.5
2026-02-12 16:31:57,Salón - Uma (E),74.0,People,61.6,58.8,62.2,66.0,23.5,76.4,0.1,56.6,60.1,64.1,-103,9.3
2026-02-12 16:31:58,Pasillo de Laboratorio (E),63.1,People,57.7,57.5,57.7,0.0,12.0,88.0,0.0,55.2,57.3,59.5,-99,12.5
2026-02-12 16:32:28,Salón - Extremo (E),56.0,Background Noise,47.5,47.5,52.6,0.0,99.9,0.1,0.0,40.1,40.8,51.1,-88,10.8
2026-02-12 16:33:36,Pasillo Administrativo (E),69.0,Background Noise,54.7,54.6,55.0,55.9,92.2,7.6,0.3,50.7,54.0,57.0,-105,8.8
2026-02-12 16:36:50,Pasillo de Salones (E),64.4,People,54.5,54.3,55.2,0.0,77.2,22.8,0.0,51.8,54.1,56.2,-91,11.0
2026-02-12 16:36:51,Main Lobby (E),74.1,People,57.4,55.7,57.7,58.6,14.8,84.4,0.7,51.8,54.7,60.0,-90,13.8
2026-02-12 16:36:57,Salón - Uma (E),74.8,People,61.5,58.3,61.9,0.0,15.8,84.2,0.0,56.9,60.3,64.2,-98,12.5
2026-02-12 16:36:58,Pasillo de Laboratorio (E),67.9,People,57.7,57.9,57.7,58.7,13.3,86.4,0.3,55.2,57.5,59.5,-98,11.5
2026-02-12 16:37:28,Salón - Extremo (E),56.8,Background Noise,47.7,47.7,49.3,0.0,99.3,0.7,0.0,40.1,40.8,51.1,-88,14.3
2026-02-12 16:38:36,Pasillo Administrativo (E),66.1,Background Noise,55.8,55.6,56.8,54.8,90.0,9.7,0.3,51.4,54.9,58.3,-105,9.0
2026-02-12 16:41:50,Pasillo de Salones (E),61.5,People,54.7,54.5,55.3,54.6,73.9,25.8,0.2,52.1,54.3,56.6,-92,10.3
2026-02-12 16:41:53,Main Lobby (E),67.7,Background Noise,56.4,55.1,56.7,59.5,23.8,76.0,0.2,51.8,54.1,59.4,-89,14.3
2026-02-12 16:41:57,Salón - Uma (E),74.8,People,61.8,58.9,62.3,0.0,19.1,80.9,0.0,56.8,60.5,64.7,-101,12.0
2026-02-12 16:41:58,Pasillo de Laboratorio (E),61.7,People,57.4,57.3,57.4,0.0,11.9,88.1,0.0,55.0,57.2,59.3,-98,12.3
2026-02-12 16:42:28,Salón - Extremo (E),57.6,Background Noise,48.0,48.0,47.9,0.0,99.5,0.5,0.0,40.2,40.8,51.4,-87,13.8
2026-02-12 16:43:36,Pasillo Administrativo (E),70.7,People,57.6,56.3,60.8,58.5,79.8,19.3,0.8,52.0,55.7,60.4,-107,1.0
2026-02-12 16:46:50,Pasillo de Salones (E),64.2,People,54.5,54.3,54.8,0.0,66.6,33.4,0.0,51.9,54.1,56.2,-92,13.3
2026-02-12 16:46:53,Main Lobby (E),72.2,People,59.3,58.0,59.5,58.9,15.0,84.0,1.0,53.3,56.2,61.9,-88,14.0
2026-02-12 16:46:57,Salón - Uma (E),74.7,People,62.0,58.8,62.6,0.0,21.2,78.8,0.0,56.8,60.2,65.0,-100,11.8
2026-02-12 16:46:58,Pasillo de Laboratorio (E),63.1,Background Noise,57.5,57.6,57.5,58.5,20.0,79.9,0.1,55.1,57.3,59.2,-98,12.5
2026-02-12 16:47:28,Salón - Extremo (E),55.8,Background Noise,47.8,47.8,40.1,0.0,99.9,0.1,0.0,40.1,40.9,51.4,-90,13.8
2026-02-12 16:48:36,Pasillo Administrativo (E),66.9,Background Noise,54.8,54.7,55.4,0.0,93.0,7.0,0.0,51.2,54.2,56.9,-104,9.5
2026-02-12 16:51:50,Pasillo de Salones (E),63.9,People,54.8,54.5,55.2,56.1,59.3,40.6,0.1,52.1,54.3,56.6,-93,12.8
2026-02-12 16:51:53,Main Lobby (E),72.7,People,60.7,58.5,61.1,58.4,20.1,79.2,0.7,53.3,56.5,64.6,-89,13.3
2026-02-12 16:51:57,Salón - Uma (E),74.6,People,61.8,59.1,62.2,0.0,18.2,81.8,0.0,57.1,60.4,64.2,-105,9.8
2026-02-12 16:51:58,Pasillo de Laboratorio (E),62.7,People,57.5,57.3,57.6,0.0,16.2,83.8,0.0,55.0,57.2,59.4,-98,8.0
2026-02-12 16:52:28,Salón - Extremo (E),55.7,Background Noise,48.2,48.2,49.2,0.0,98.8,1.2,0.0,40.2,41.0,51.5,-86,14.0
2026-02-12 16:53:36,Pasillo Administrativo (E),65.3,People,54.7,54.6,56.5,53.5,94.7,5.2,0.1,51.2,54.2,57.0,-104,6.5
2026-02-12 16:56:50,Pasillo de Salones (E),67.1,People,55.4,54.7,56.6,56.8,69.3,30.1,0.6,52.2,54.5,57.1,-93,13.3
2026-02-12 16:56:51,Main Lobby (E),73.0,People,58.9,56.9,59.4,57.3,23.7,75.2,1.1,53.1,56.4,62.0,-86,13.5
2026-02-12 16:56:57,Salón - Uma (E),73.9,People,60.5,58.0,61.0,61.7,20.1,79.8,0.1,56.5,59.6,62.8,-107,8.5
2026-02-12 16:56:59,Pasillo de Laboratorio (E),62.1,People,57.6,57.3,57.6,57.9,20.0,79.9,0.1,55.0,57.3,59.5,-100,11.8
2026-02-12 16:57:28,Salón - Extremo (E),57.5,Background Noise,48.1,48.1,51.5,0.0,98.6,1.4,0.0,40.1,40.9,51.3,-91,13.3
2026-02-12 16:58:36,Pasillo Administrativo (E),68.9,Background Noise,54.8,54.8,55.0,56.4,96.0,3.9,0.1,51.2,54.2,57.0,-104,10.0
2026-02-12 17:01:50,Pasillo de Salones (E),59.3,People,54.4,54.2,54.7,55.7,58.0,42.0,0.1,52.0,54.2,56.2,-82,13.5
2026-02-12 17:01:51,Main Lobby (E),74.2,People,60.1,58.8,60.3,57.6,15.4,83.8,0.8,53.0,57.1,63.3,-89,13.3
2026-02-12 17:01:57,Salón - Uma (E),79.8,People,63.6,60.4,64.0,68.7,17.7,82.2,0.2,57.1,60.8,66.4,-91,13.3
2026-02-12 17:01:59,Pasillo de Laboratorio (E),64.1,People,57.6,57.6,57.6,0.0,20.6,79.4,0.0,55.0,57.2,59.5,-98,12.8
2026-02-12 17:02:29,Salón - Extremo (E),55.8,Background Noise,48.2,48.2,47.7,0.0,99.8,0.2,0.0,40.1,40.9,51.4,-79,9.8
2026-02-12 17:03:36,Pasillo Administrativo (E),63.9,People,48.6,48.2,57.6,0.0,98.8,1.2,0.0,38.0,39.9,53.3,-113,1.5
2026-02-12 17:06:55,Pasillo de Salones (E),63.9,People,54.6,54.3,54.9,52.4,50.0,49.9,0.1,52.1,54.2,56.5,-82,14.3
2026-02-12 17:06:55,Main Lobby (E),72.0,People,58.4,56.4,58.9,57.6,25.3,73.8,0.9,51.7,55.0,61.5,-89,13.5
2026-02-12 17:06:57,Salón - Uma (E),74.0,People,62.6,59.3,63.0,59.9,16.6,83.3,0.2,57.0,60.7,65.5,-89,14.0
2026-02-12 17:06:59,Pasillo de Laboratorio (E),63.1,People,57.5,57.3,57.5,0.0,14.7,85.2,0.0,54.9,57.2,59.4,-99,11.8
2026-02-12 17:07:29,Salón - Extremo (E),55.1,Background Noise,47.7,47.6,48.5,0.0,98.7,1.3,0.0,40.1,40.8,51.3,-76,14.3
2026-02-12 17:08:37,Pasillo Administrativo (E),62.0,Background Noise,44.7,44.7,45.0,51.5,99.6,0.3,0.1,37.9,39.5,50.4,-103,9.5
2026-02-12 17:11:51,Pasillo de Salones (E),67.7,People,55.4,54.8,56.0,56.4,53.6,46.0,0.4,52.5,54.8,57.0,-83,14.3
2026-02-12 17:11:51,Main Lobby (E),68.2,People,57.5,57.0,57.6,60.9,19.8,79.4,0.8,52.7,55.8,60.4,-88,11.8
2026-02-12 17:11:58,Salón - Uma (E),87.8,People,65.1,59.4,65.7,59.1,16.4,83.4,0.2,57.4,61.5,67.3,-92,11.5
2026-02-12 17:11:59,Pasillo de Laboratorio (E),65.8,Background Noise,57.6,57.8,57.5,0.0,8.3,91.7,0.0,54.9,57.2,59.4,-98,12.5
2026-02-12 17:12:29,Salón - Extremo (E),57.2,Background Noise,48.1,48.0,50.1,49.8,97.0,2.5,0.5,40.1,40.9,51.4,-76,14.3
2026-02-12 17:13:37,Pasillo Administrativo (E),60.2,Background Noise,44.7,44.6,49.9,55.0,99.5,0.3,0.2,37.9,39.5,50.5,-107,8.3
2026-02-12 17:16:51,Pasillo de Salones (E),67.1,People,55.3,54.9,55.7,59.1,52.5,47.2,0.3,52.5,54.8,57.1,-82,14.0
2026-02-12 17:16:52,Main Lobby (E),76.1,People,61.0,57.6,61.3,61.2,13.1,86.3,0.6,52.4,56.7,64.9,-89,14.3
2026-02-12 17:16:58,Salón - Uma (E),77.1,People,63.3,58.9,64.0,71.2,22.6,77.2,0.2,56.6,60.8,66.3,-90,13.0
2026-02-12 17:16:59,Pasillo de Laboratorio (E),63.5,People,57.6,57.2,57.6,0.0,10.0,90.0,0.0,55.1,57.3,59.3,-98,12.8
2026-02-12 17:17:29,Salón - Extremo (E),59.6,Background Noise,48.0,47.9,50.6,0.0,98.3,1.7,0.0,40.2,40.8,51.5,-77,14.3
2026-02-12 17:18:37,Pasillo Administrativo (E),57.6,Background Noise,45.3,45.2,56.4,53.3,99.8,0.1,0.1,38.0,39.6,50.7,-105,8.3
2026-02-12 17:21:51,Pasillo de Salones (E),66.4,People,55.6,55.0,56.3,55.2,57.4,42.1,0.5,52.6,54.9,57.3,-81,13.5
2026-02-12 17:21:52,Main Lobby (E),74.7,People,60.1,58.6,60.5,63.0,27.8,71.0,1.2,53.2,57.2,63.4,-87,13.5
2026-02-12 17:21:58,Salón - Uma (E),75.3,People,62.1,58.6,62.8,0.0,22.8,77.2,0.0,56.6,60.1,64.9,-90,11.5
2026-02-12 17:21:59,Pasillo de Laboratorio (E),62.5,People,57.6,57.6,57.6,0.0,11.6,88.4,0.0,55.2,57.3,59.3,-99,12.3
2026-02-12 17:22:29,Salón - Extremo (E),58.9,Background Noise,48.1,48.0,50.8,0.0,99.1,0.9,0.0,40.2,40.9,51.3,-76,13.3
2026-02-12 17:23:37,Pasillo Administrativo (E),59.0,Background Noise,46.1,46.1,51.2,51.7,99.3,0.6,0.1,38.3,39.9,50.8,-103,10.5
2026-02-12 17:26:51,Pasillo de Salones (E),67.5,People,55.0,54.5,56.1,56.3,74.4,25.4,0.2,52.1,54.3,56.4,-82,14.0
2026-02-12 17:26:54,Main Lobby (E),74.7,People,58.3,55.9,58.9,56.5,26.6,72.7,0.7,52.0,55.7,60.2,-87,13.5
2026-02-12 17:26:58,Salón - Uma (E),74.2,People,61.6,58.7,62.1,66.8,20.9,78.9,0.2,56.9,60.0,64.2,-90,13.3
2026-02-12 17:26:59,Pasillo de Laboratorio (E),61.9,Background Noise,57.6,57.1,57.6,0.0,5.5,94.5,0.0,55.2,57.3,59.3,-98,10.8
2026-02-12 17:27:29,Salón - Extremo (E),59.2,Background Noise,48.0,48.0,49.8,40.6,98.8,1.2,0.1,40.1,40.9,51.2,-78,13.3
2026-02-12 17:28:37,Pasillo Administrativo (E),56.8,Background Noise,44.9,44.9,47.8,0.0,99.8,0.2,0.0,38.0,39.7,50.6,-103,10.0
2026-02-12 17:31:51,Pasillo de Salones (E),76.1,People,57.9,55.8,59.1,56.6,44.6,55.2,0.3,53.4,55.9,60.0,-82,14.0
2026-02-12 17:31:52,Main Lobby (E),72.5,People,57.6,54.1,58.5,54.6,28.3,71.4,0.3,52.2,54.6,59.8,-89,13.3
2026-02-12 17:31:58,Salón - Uma (E),79.4,People,65.8,60.8,66.3,0.0,14.5,85.5,0.0,57.7,61.7,68.7,-93,13.3
2026-02-12 17:31:59,Pasillo de Laboratorio (E),61.9,Background Noise,57.6,57.5,57.6,0.0,7.7,92.3,0.0,55.1,57.3,59.4,-99,12.0
2026-02-12 17:32:29,Salón - Extremo (E),60.1,People,48.4,48.2,49.7,0.0,87.8,12.2,0.0,40.1,40.9,51.7,-76,13.8
2026-02-12 17:33:37,Pasillo Administrativo (E),52.7,Background Noise,44.2,44.2,0.0,0.0,100.0,0.0,0.0,38.0,39.6,50.4,-104,10.8
2026-02-12 17:36:51,Pasillo de Salones (E),72.8,People,56.2,55.0,57.1,57.8,45.6,54.0,0.4,52.6,55.0,57.6,-81,11.8
2026-02-12 17:36:54,Main Lobby (E),71.4,People,57.3,55.5,57.8,56.9,24.1,75.2,0.7,51.9,54.1,60.5,-89,13.5
2026-02-12 17:36:58,Salón - Uma (E),76.6,People,62.3,58.2,62.8,65.8,14.7,85.1,0.2,57.0,60.6,65.2,-92,13.8
2026-02-12 17:37:00,Pasillo de Laboratorio (E),63.4,Background Noise,57.7,57.7,57.7,55.7,22.9,77.0,0.1,55.2,57.4,59.5,-98,12.8
2026-02-12 17:37:30,Salón - Extremo (E),60.1,People,48.3,48.0,52.4,0.0,95.6,4.4,0.0,40.2,40.8,51.5,-75,13.5
2026-02-12 17:38:37,Pasillo Administrativo (E),74.8,Background Noise,49.6,49.4,54.0,51.4,98.1,1.7,0.2,38.1,39.8,51.1,-102,11.0
2026-02-12 17:41:52,Pasillo de Salones (E),64.3,People,55.2,54.5,55.7,55.1,48.3,51.3,0.3,52.4,54.7,57.0,-93,13.0
2026-02-12 17:41:52,Main Lobby (E),71.1,Background Noise,57.7,56.8,57.8,0.0,8.3,91.7,0.0,52.6,55.5,60.1,-87,11.3
2026-02-12 17:41:58,Salón - Uma (E),74.6,People,63.0,58.8,63.8,64.2,26.3,73.6,0.1,56.7,60.4,66.2,-105,9.5
2026-02-12 17:42:00,Pasillo de Laboratorio (E),65.7,People,57.6,57.9,57.6,58.3,5.6,94.2,0.3,55.2,57.4,59.4,-98,12.3
2026-02-12 17:42:30,Salón - Extremo (E),59.4,Background Noise,47.7,47.7,49.3,0.0,99.2,0.8,0.0,40.1,40.8,51.1,-91,13.8
2026-02-12 17:43:37,Pasillo Administrativo (E),60.2,Background Noise,44.8,44.7,59.7,0.0,99.9,0.1,0.0,38.1,39.6,50.5,-103,9.3
2026-02-12 17:46:53,Pasillo de Salones (E),66.2,People,56.4,55.6,57.3,55.3,58.2,41.5,0.2,52.9,55.4,58.7,-94,13.5
2026-02-12 17:46:53,Main Lobby (E),73.1,People,59.7,57.0,60.0,61.7,15.6,84.1,0.3,53.1,57.3,62.4,-87,13.5
2026-02-12 17:46:58,Salón - Uma (E),75.0,People,61.5,59.0,62.6,55.7,41.3,58.6,0.1,56.5,59.8,64.3,-101,11.8
2026-02-12 17:47:00,Pasillo de Laboratorio (E),62.3,People,57.7,57.9,57.7,0.0,4.8,95.2,0.0,55.2,57.3,59.4,-99,11.8
2026-02-12 17:47:30,Salón - Extremo (E),55.9,People,48.4,48.2,51.2,0.0,94.8,5.2,0.0,40.2,41.0,51.6,-88,13.8
2026-02-12 17:48:37,Pasillo Administrativo (E),58.3,Background Noise,44.6,44.6,0.0,0.0,100.0,0.0,0.0,38.1,39.7,50.5,-102,10.5
2026-02-12 17:51:52,Pasillo de Salones (E),61.8,People,54.8,54.5,55.3,57.3,67.5,32.3,0.2,52.0,54.4,56.6,-94,13.5
2026-02-12 17:51:52,Main Lobby (E),70.6,People,56.4,55.1,56.5,60.4,10.2,89.7,0.2,52.8,54.9,58.1,-88,14.0
2026-02-12 17:51:59,Salón - Uma (E),73.7,People,61.9,58.7,63.0,59.0,33.5,65.8,0.7,56.5,59.9,64.6,-104,10.0
2026-02-12 17:52:00,Pasillo de Laboratorio (E),65.0,People,58.1,58.0,58.1,58.9,30.3,69.6,0.2,55.5,57.7,59.9,-100,12.0
2026-02-12 17:52:30,Salón - Extremo (E),58.9,Background Noise,49.4,49.4,50.5,0.0,98.7,1.3,0.0,40.2,50.2,52.4,-92,11.3
2026-02-12 17:53:38,Pasillo Administrativo (E),55.3,Background Noise,44.4,44.4,0.0,0.0,100.0,0.0,0.0,38.1,39.7,50.5,-102,10.8
2026-02-12 17:56:54,Pasillo de Salones (E),66.2,People,55.5,54.5,57.0,56.9,68.0,31.6,0.4,52.1,54.6,57.6,-93,13.0
2026-02-12 17:56:54,Main Lobby (E),72.9,People,57.5,55.2,57.7,55.9,13.3,86.6,0.1,52.6,55.1,59.8,-89,13.0
2026-02-12 17:56:59,Salón - Uma (E),70.6,People,60.7,58.9,61.3,60.7,29.1,70.8,0.2,56.4,59.7,63.4,-101,11.0
2026-02-12 17:57:00,Pasillo de Laboratorio (E),64.6,People,58.2,58.2,58.1,57.7,12.2,87.3,0.5,55.8,57.8,59.8,-98,11.8
2026-02-12 17:57:30,Salón - Extremo (E),58.5,People,49.1,48.7,51.7,0.0,89.8,10.2,0.0,40.2,50.1,52.1,-91,13.3
2026-02-12 17:58:38,Pasillo Administrativo (E),55.8,Background Noise,45.3,45.3,0.0,0.0,100.0,0.0,0.0,38.2,39.8,50.7,-104,10.3
2026-02-12 18:01:52,Pasillo de Salones (E),65.6,People,55.3,54.6,56.1,55.5,56.0,43.0,1.0,52.3,54.7,57.1,-92,13.3
2026-02-12 18:01:55,Main Lobby (E),72.7,People,56.3,54.6,56.6,59.5,17.6,82.2,0.2,52.1,54.4,57.9,-89,14.0
2026-02-12 18:01:59,Salón - Uma (E),80.2,People,62.0,58.6,62.3,0.0,9.7,90.3,0.0,57.3,60.3,64.0,-105,6.0
2026-02-12 18:02:00,Pasillo de Laboratorio (E),69.6,People,58.5,58.3,58.6,59.1,25.3,74.5,0.2,55.7,58.1,60.4,-98,13.3
2026-02-12 18:02:30,Salón - Extremo (E),58.9,Background Noise,48.4,48.4,51.1,45.5,98.3,1.4,0.3,40.2,41.0,51.6,-88,11.8
2026-02-12 18:03:38,Pasillo Administrativo (E),60.1,Background Noise,45.2,45.2,0.0,0.0,100.0,0.0,0.0,38.2,39.8,50.6,-102,10.3
2026-02-12 18:06:52,Pasillo de Salones (E),59.2,People,54.4,54.2,54.6,53.1,47.0,52.9,0.1,51.9,54.2,56.2,-91,11.5
2026-02-12 18:06:53,Main Lobby (E),63.7,People,53.1,52.7,53.2,59.0,26.4,73.4,0.2,50.9,52.6,54.7,-90,13.3
2026-02-12 18:06:59,Salón - Uma (E),76.9,People,62.6,58.8,62.8,0.0,9.5,90.5,0.0,57.5,60.9,64.8,-106,8.3
2026-02-12 18:07:02,Pasillo de Laboratorio (E),65.6,People,57.8,57.8,57.8,0.0,16.7,83.3,0.0,55.2,57.5,59.6,-100,11.5
2026-02-12 18:07:30,Salón - Extremo (E),55.8,Background Noise,48.0,48.0,0.0,0.0,100.0,0.0,0.0,40.1,40.9,51.3,-88,13.8
2026-02-12 18:08:38,Pasillo Administrativo (E),53.1,Background Noise,45.9,45.9,0.0,0.0,100.0,0.0,0.0,38.2,39.9,51.0,-103,9.5
2026-02-12 18:11:52,Pasillo de Salones (E),69.1,Background Noise,55.9,55.3,56.4,58.2,41.7,58.1,0.3,52.5,54.8,57.7,-91,13.3
2026-02-12 18:11:55,Main Lobby (E),69.6,People,53.7,52.9,54.1,56.0,34.0,65.6,0.4,51.0,52.7,54.9,-89,11.8
2026-02-12 18:11:59,Salón - Uma (E),75.7,People,61.9,58.9,62.2,64.4,12.4,87.4,0.2,57.0,60.4,64.6,-101,11.5
2026-02-12 18:12:00,Pasillo de Laboratorio (E),71.8,People,58.0,58.0,58.0,60.5,26.5,73.1,0.4,55.5,57.6,59.6,-97,12.8
2026-02-12 18:12:30,Salón - Extremo (E),60.2,Background Noise,48.5,48.4,51.4,0.0,95.9,4.1,0.0,40.2,41.0,51.8,-89,13.5
2026-02-12 18:13:38,Pasillo Administrativo (E),53.1,Background Noise,45.0,45.0,40.1,0.0,99.9,0.1,0.0,38.1,39.8,50.7,-102,7.8
2026-02-12 18:16:52,Pasillo de Salones (E),73.4,Background Noise,56.0,55.2,56.8,54.7,58.7,40.7,0.6,52.2,54.7,57.4,-92,13.3
2026-02-12 18:16:55,Main Lobby (E),71.0,People,55.4,54.0,56.2,0.0,40.4,59.6,0.0,51.4,53.5,56.8,-88,13.5
2026-02-12 18:16:59,Salón - Uma (E),75.9,People,62.3,59.0,62.6,61.0,10.2,89.6,0.2,57.4,60.9,65.0,-98,12.3
2026-02-12 18:17:01,Pasillo de Laboratorio (E),63.6,Background Noise,58.2,58.1,58.1,62.2,31.7,68.0,0.2,55.7,57.8,60.0,-98,8.3
2026-02-12 18:17:31,Salón - Extremo (E),60.1,Background Noise,48.7,48.4,52.5,47.5,96.7,3.2,0.2,40.2,41.0,51.7,-88,11.5
2026-02-12 18:18:38,Pasillo Administrativo (E),62.7,Background Noise,46.0,45.9,55.6,0.0,99.7,0.3,0.0,38.1,39.7,50.7,-103,10.5
2026-02-12 18:21:52,Pasillo de Salones (E),65.5,People,54.4,54.2,55.1,59.1,79.6,20.3,0.2,51.8,54.0,56.3,-92,13.5
2026-02-12 18:21:53,Main Lobby (E),61.0,Background Noise,52.5,51.8,53.3,51.6,55.3,44.3,0.4,50.4,52.0,54.4,-88,13.8
2026-02-12 18:21:59,Salón - Uma (E),68.4,People,60.7,58.2,61.0,0.0,15.0,85.0,0.0,56.9,60.2,63.0,-99,10.8
2026-02-12 18:22:01,Pasillo de Laboratorio (E),63.5,Background Noise,57.9,58.0,57.8,0.0,31.5,68.5,0.0,55.4,57.6,59.7,-98,11.8
2026-02-12 18:22:31,Salón - Extremo (E),57.7,People,47.3,47.3,53.5,0.0,99.5,0.5,0.0,40.1,40.8,51.1,-88,13.3
2026-02-12 18:23:38,Pasillo Administrativo (E),53.2,Background Noise,43.3,43.3,0.0,0.0,100.0,0.0,0.0,37.9,39.3,50.1,-103,10.3
2026-02-12 18:26:52,Pasillo de Salones (E),61.8,People,54.7,54.5,55.0,0.0,66.3,33.7,0.0,51.9,54.2,56.7,-91,13.3
2026-02-12 18:26:55,Main Lobby (E),71.4,People,53.2,52.1,54.1,57.2,51.1,48.6,0.3,50.3,52.0,54.4,-87,13.3
2026-02-12 18:26:59,Salón - Uma (E),67.8,People,60.7,58.1,60.9,58.0,9.9,90.0,0.1,57.1,59.9,62.9,-101,11.8
2026-02-12 18:27:01,Pasillo de Laboratorio (E),70.3,Background Noise,57.8,58.0,57.8,0.0,20.9,79.1,0.0,55.4,57.5,59.5,-99,10.0
2026-02-12 18:27:31,Salón - Extremo (E),59.4,Background Noise,47.8,47.7,52.3,0.0,99.7,0.3,0.0,40.2,40.9,51.3,-94,14.0
2026-02-12 18:28:38,Pasillo Administrativo (E),52.4,Background Noise,42.5,42.5,39.1,0.0,99.9,0.1,0.0,37.9,39.3,40.9,-102,9.8
2026-02-12 18:31:53,Pasillo de Salones (E),63.0,People,54.7,54.2,56.2,55.6,78.7,21.2,0.1,51.9,54.1,56.7,-92,13.5
2026-02-12 18:31:55,Main Lobby (E),68.1,People,56.1,53.1,56.7,55.8,25.0,74.5,0.5,50.5,53.3,59.1,-89,13.5
2026-02-12 18:32:00,Salón - Uma (E),67.6,People,60.2,58.4,60.4,0.0,12.8,87.3,0.0,56.6,59.7,62.4,-98,12.0
2026-02-12 18:32:01,Pasillo de Laboratorio (E),62.3,People,57.8,57.6,57.8,0.0,5.2,94.8,0.0,55.4,57.6,59.5,-98,12.5
2026-02-12 18:32:31,Salón - Extremo (E),54.5,Background Noise,47.6,47.6,50.5,0.0,99.2,0.8,0.0,40.2,40.8,51.2,-90,14.3
2026-02-12 18:33:39,Pasillo Administrativo (E),52.9,Background Noise,43.0,43.0,0.0,0.0,100.0,0.0,0.0,37.8,39.3,50.0,-103,10.8
2026-02-12 18:36:53,Pasillo de Salones (E),64.2,People,54.4,54.2,54.8,54.0,69.0,30.9,0.1,51.9,54.1,56.3,-91,14.0
2026-02-12 18:36:54,Main Lobby (E),72.3,People,56.3,51.3,57.1,0.0,21.2,78.8,0.0,50.3,53.1,58.8,-89,13.8
2026-02-12 18:37:00,Salón - Uma (E),68.8,People,60.6,58.7,60.9,0.0,21.1,78.9,0.0,56.7,59.8,62.9,-100,11.8
2026-02-12 18:37:01,Pasillo de Laboratorio (E),67.5,Background Noise,57.8,58.1,57.8,0.0,16.3,83.7,0.0,55.4,57.5,59.5,-99,11.5
2026-02-12 18:37:31,Salón - Extremo (E),54.5,Background Noise,47.9,47.9,0.0,0.0,100.0,0.0,0.0,40.2,40.9,51.4,-88,13.5
2026-02-12 18:38:39,Pasillo Administrativo (E),52.8,Background Noise,42.8,42.8,40.1,0.0,99.9,0.1,0.0,37.8,39.3,50.0,-101,11.3
2026-02-12 18:41:54,Pasillo de Salones (E),59.7,People,54.4,54.3,54.6,0.0,65.8,34.2,0.0,51.7,54.0,56.3,-91,13.8
2026-02-12 18:41:54,Main Lobby (E),66.8,People,53.4,51.2,53.8,0.0,20.9,79.1,0.0,50.4,52.1,55.5,-88,13.8
2026-02-12 18:42:00,Salón - Uma (E),72.6,People,61.0,58.5,61.7,0.0,29.5,70.5,0.0,56.2,59.8,63.5,-102,11.3
2026-02-12 18:42:01,Pasillo de Laboratorio (E),67.7,People,57.8,57.9,57.8,59.5,30.7,69.2,0.1,55.2,57.4,59.7,-98,12.0
2026-02-12 18:42:31,Salón - Extremo (E),53.8,Background Noise,47.7,47.7,51.2,0.0,99.8,0.2,0.0,40.1,40.8,51.1,-91,14.3
2026-02-12 18:43:39,Pasillo Administrativo (E),51.6,Background Noise,42.1,42.1,0.0,0.0,100.0,0.0,0.0,37.8,39.2,40.7,-104,10.8
2026-02-12 18:46:53,Pasillo de Salones (E),64.0,People,54.4,54.2,54.9,54.9,73.4,26.4,0.2,51.8,54.1,56.2,-94,13.3
2026-02-12 18:46:56,Main Lobby (E),68.7,People,51.6,51.1,51.8,55.5,40.2,59.7,0.2,40.6,51.1,53.0,-88,13.5
2026-02-12 18:47:00,Salón - Uma (E),68.8,People,61.2,58.3,61.4,0.0,9.4,90.6,0.0,57.2,60.5,63.7,-101,12.0
2026-02-12 18:47:01,Pasillo de Laboratorio (E),68.1,People,57.8,57.7,57.8,58.1,16.5,82.9,0.6,55.2,57.5,59.6,-100,12.0
2026-02-12 18:47:31,Salón - Extremo (E),54.7,Background Noise,47.6,47.6,52.5,0.0,99.8,0.2,0.0,40.1,40.8,51.0,-92,12.8
2026-02-12 18:48:39,Pasillo Administrativo (E),52.2,Background Noise,42.6,42.6,0.0,0.0,100.0,0.0,0.0,37.8,39.3,40.9,-103,10.8
2026-02-12 18:51:53,Pasillo de Salones (E),66.0,People,54.7,54.3,55.9,54.6,78.3,21.5,0.3,51.9,54.2,56.4,-93,11.3
2026-02-12 18:51:56,Main Lobby (E),73.6,People,53.7,52.7,54.1,0.0,31.9,68.1,0.0,40.6,51.4,54.2,-88,14.0
2026-02-12 18:52:00,Salón - Uma (E),73.3,People,61.2,58.4,61.9,59.3,25.7,74.0,0.3,56.3,60.1,64.0,-100,10.0
2026-02-12 18:52:01,Pasillo de Laboratorio (E),67.1,People,57.9,57.8,57.8,59.1,23.6,75.8,0.6,55.2,57.6,59.7,-99,12.0
2026-02-12 18:52:31,Salón - Extremo (E),53.6,People,47.7,47.7,50.6,0.0,99.5,0.5,0.0,40.2,40.8,51.1,-87,13.3
2026-02-12 18:53:39,Pasillo Administrativo (E),52.0,Background Noise,42.6,42.6,0.0,0.0,100.0,0.0,0.0,37.8,39.3,41.0,-101,11.0
2026-02-12 18:56:53,Pasillo de Salones (E),60.6,People,54.1,53.9,55.3,0.0,90.7,9.3,0.0,51.5,53.7,56.0,-92,13.3
2026-02-12 18:56:54,Main Lobby (E),73.4,People,53.0,50.2,54.0,65.7,40.2,59.6,0.2,40.4,50.8,54.0,-87,13.3
2026-02-12 18:57:00,Salón - Uma (E),65.5,People,57.9,57.8,58.9,0.0,92.3,7.7,0.0,55.0,57.4,59.9,-98,12.3
2026-02-12 18:57:02,Pasillo de Laboratorio (E),75.1,People,58.1,57.7,58.3,57.9,29.8,69.9,0.2,55.2,57.4,59.6,-99,12.3
2026-02-12 18:57:32,Salón - Extremo (E),54.5,People,47.4,47.4,52.7,0.0,99.7,0.3,0.0,40.1,40.7,51.0,-88,13.8
2026-02-12 18:58:39,Pasillo Administrativo (E),53.9,Background Noise,42.6,42.6,0.0,0.0,100.0,0.0,0.0,37.8,39.3,40.9,-103,10.5
2026-02-12 19:01:53,Pasillo de Salones (E),66.4,People,55.1,54.5,56.1,55.6,63.9,36.0,0.1,52.3,54.5,57.0,-93,13.0
2026-02-12 19:01:56,Main Lobby (E),72.8,People,56.4,53.8,58.1,0.0,51.3,48.7,0.0,40.6,51.9,59.5,-89,11.8
2026-02-12 19:02:00,Salón - Uma (E),71.1,People,59.4,57.9,62.3,61.6,77.4,22.5,0.1,55.2,57.7,61.3,-100,12.0
2026-02-12 19:02:02,Pasillo de Laboratorio (E),64.5,People,57.6,57.8,57.6,0.0,11.3,88.7,0.0,55.2,57.3,59.4,-99,10.3
2026-02-12 19:02:32,Salón - Extremo (E),55.0,Background Noise,47.5,47.4,50.0,0.0,98.7,1.3,0.0,40.2,40.8,51.3,-89,13.5
2026-02-12 19:03:39,Pasillo Administrativo (E),52.4,Background Noise,42.8,42.8,38.6,0.0,99.8,0.2,0.0,37.9,39.3,41.0,-101,10.8
2026-02-12 19:06:53,Pasillo de Salones (E),63.5,People,54.3,54.2,54.7,56.2,80.7,19.2,0.1,51.7,53.9,56.1,-93,12.8
2026-02-12 19:06:54,Main Lobby (E),69.1,Background Noise,53.3,51.3,54.5,54.2,46.2,53.5,0.3,40.4,51.2,54.3,-89,14.0
2026-02-12 19:07:00,Salón - Uma (E),62.8,Background Noise,58.0,57.8,58.3,60.4,57.1,42.8,0.1,55.4,57.7,59.9,-99,12.0
2026-02-12 19:07:02,Pasillo de Laboratorio (E),62.0,People,57.7,57.8,57.7,57.4,6.1,93.8,0.1,55.1,57.4,59.4,-99,12.3
2026-02-12 19:07:32,Salón - Extremo (E),54.7,People,47.3,47.3,51.4,0.0,99.6,0.4,0.0,40.1,40.8,51.2,-91,13.3
2026-02-12 19:08:39,Pasillo Administrativo (E),53.2,Background Noise,42.5,42.5,0.0,0.0,100.0,0.0,0.0,37.8,39.2,40.9,-103,11.0
2026-02-12 19:11:54,Pasillo de Salones (E),59.9,Background Noise,54.3,54.2,54.7,55.2,81.8,18.0,0.2,51.9,54.0,56.2,-91,13.5
2026-02-12 19:11:54,Main Lobby (E),78.4,People,54.8,52.2,57.5,53.8,64.2,35.6,0.2,40.9,51.8,55.1,-79,13.3
2026-02-12 19:12:01,Salón - Uma (E),62.9,People,58.2,58.0,58.3,0.0,39.2,60.8,0.0,55.4,57.9,60.0,-97,12.8
2026-02-12 19:12:02,Pasillo de Laboratorio (E),62.1,People,57.6,57.8,57.6,0.0,9.1,90.9,0.0,55.0,57.4,59.4,-98,13.0
2026-02-12 19:12:32,Salón - Extremo (E),54.3,Background Noise,47.6,47.6,47.7,0.0,99.4,0.6,0.0,40.1,40.8,51.3,-87,13.3
2026-02-12 19:13:40,Pasillo Administrativo (E),56.4,Background Noise,42.1,42.1,0.0,0.0,100.0,0.0,0.0,37.8,39.3,40.8,-101,11.5
2026-02-12 19:16:54,Pasillo de Salones (E),59.5,Background Noise,54.2,54.1,54.4,0.0,74.6,25.4,0.0,51.7,53.9,56.0,-91,13.5
2026-02-12 19:16:55,Main Lobby (E),69.0,Background Noise,53.8,52.1,54.9,0.0,46.1,53.9,0.0,50.3,52.3,55.8,-78,13.5
2026-02-12 19:17:01,Salón - Uma (E),64.6,People,58.5,58.0,58.8,0.0,38.1,61.9,0.0,55.6,58.1,60.5,-100,11.8
2026-02-12 19:17:02,Pasillo de Laboratorio (E),62.1,People,57.7,57.7,57.7,0.0,1.2,98.8,0.0,55.2,57.4,59.4,-100,11.8
2026-02-12 19:17:32,Salón - Extremo (E),54.2,Background Noise,47.5,47.5,40.7,0.0,99.9,0.1,0.0,40.2,40.8,51.1,-89,12.0
2026-02-12 19:18:40,Pasillo Administrativo (E),52.8,Background Noise,42.5,42.5,0.0,0.0,100.0,0.0,0.0,37.9,39.3,40.9,-101,11.3
2026-02-12 19:21:54,Pasillo de Salones (E),58.9,People,54.3,54.2,54.5,52.3,62.5,37.3,0.2,51.9,54.1,56.1,-91,11.8
2026-02-12 19:21:55,Main Lobby (E),65.4,People,52.8,52.0,54.2,55.2,68.3,31.6,0.2,50.3,51.8,54.2,-78,13.5
2026-02-12 19:22:01,Salón - Uma (E),63.2,People,58.1,57.8,59.5,0.0,84.5,15.5,0.0,55.0,57.7,60.3,-98,12.8
2026-02-12 19:22:02,Pasillo de Laboratorio (E),61.7,People,57.6,57.9,57.6,0.0,0.4,99.6,0.0,55.2,57.4,59.4,-98,12.3
2026-02-12 19:22:32,Salón - Extremo (E),58.0,People,47.0,47.0,54.3,0.0,99.8,0.3,0.0,40.1,40.7,51.1,-96,12.8
2026-02-12 19:23:40,Pasillo Administrativo (E),51.9,Background Noise,42.1,42.1,0.0,0.0,100.0,0.0,0.0,37.8,39.2,40.8,-101,12.0
2026-02-12 19:26:54,Pasillo de Salones (E),60.7,People,54.1,54.0,54.5,56.6,77.1,22.8,0.1,51.6,53.8,56.0,-92,13.0
2026-02-12 19:26:55,Main Lobby (E),65.8,People,51.9,50.3,53.4,56.7,57.1,42.7,0.2,40.4,51.0,54.4,-78,13.5
2026-02-12 19:27:01,Salón - Uma (E),62.3,Background Noise,57.7,57.7,58.2,0.0,95.8,4.2,0.0,54.9,57.4,59.9,-98,12.3
2026-02-12 19:27:02,Pasillo de Laboratorio (E),62.4,People,57.7,57.7,57.7,0.0,5.1,94.9,0.0,55.3,57.4,59.4,-99,12.3
2026-02-12 19:27:32,Salón - Extremo (E),54.8,Background Noise,47.8,47.8,0.0,0.0,100.0,0.0,0.0,40.1,40.8,51.2,-90,13.0
2026-02-12 19:28:40,Pasillo Administrativo (E),52.6,Background Noise,43.2,43.2,0.0,0.0,100.0,0.0,0.0,37.9,39.4,50.1,-102,9.5
2026-02-12 19:31:54,Pasillo de Salones (E),69.5,People,55.2,54.4,56.0,51.4,49.7,50.2,0.1,52.1,54.3,56.8,-90,14.0
2026-02-12 19:31:57,Main Lobby (E),64.8,People,52.5,50.3,53.2,54.3,28.6,71.2,0.2,40.6,51.4,55.5,-78,13.5
2026-02-12 19:32:01,Salón - Uma (E),62.9,Background Noise,57.8,57.8,57.8,0.0,92.9,7.1,0.0,55.0,57.3,59.8,-101,12.0
2026-02-12 19:32:02,Pasillo de Laboratorio (E),69.2,People,58.2,58.3,58.2,59.8,3.4,96.5,0.1,55.3,57.6,59.9,-99,11.5
2026-02-12 19:32:32,Salón - Extremo (E),60.8,People,48.5,47.9,53.0,0.0,93.4,6.6,0.0,40.2,40.9,51.6,-91,11.8
2026-02-12 19:33:40,Pasillo Administrativo (E),52.5,Background Noise,42.4,42.4,0.0,0.0,100.0,0.0,0.0,37.7,39.2,40.9,-102,11.0
2026-02-12 19:36:54,Pasillo de Salones (E),59.3,People,54.7,54.1,55.1,0.0,47.8,52.2,0.0,52.0,54.4,56.5,-93,13.5
2026-02-12 19:36:55,Main Lobby (E),68.8,People,51.8,50.1,52.6,53.1,36.2,63.7,0.2,40.5,51.1,53.8,-77,14.3
2026-02-12 19:37:01,Salón - Uma (E),63.1,Background Noise,57.9,57.9,57.3,0.0,94.7,5.3,0.0,55.0,57.5,59.8,-99,12.0
2026-02-12 19:37:03,Pasillo de Laboratorio (E),69.3,People,57.9,57.9,57.8,63.0,22.1,76.7,1.2,55.2,57.4,59.7,-98,12.5
2026-02-12 19:37:33,Salón - Extremo (E),59.5,Background Noise,47.7,47.7,45.3,0.0,99.7,0.3,0.0,40.1,40.8,51.2,-89,13.3
2026-02-12 19:38:40,Pasillo Administrativo (E),52.0,Background Noise,42.3,42.3,39.4,0.0,99.9,0.1,0.0,37.8,39.2,40.8,-101,11.8
2026-02-12 19:41:54,Pasillo de Salones (E),59.7,Background Noise,54.3,54.1,54.6,58.1,66.3,33.6,0.1,51.9,54.0,56.1,-91,13.5
2026-02-12 19:41:55,Main Lobby (E),64.8,People,52.2,51.4,52.8,54.4,41.3,58.6,0.1,40.9,51.6,54.1,-76,10.8
2026-02-12 19:42:01,Salón - Uma (E),69.1,Background Noise,57.8,57.8,59.2,0.0,95.1,4.9,0.0,54.7,57.3,59.9,-100,12.0
2026-02-12 19:42:03,Pasillo de Laboratorio (E),62.1,Background Noise,57.6,58.3,57.6,0.0,0.8,99.2,0.0,55.2,57.3,59.4,-98,13.0
2026-02-12 19:42:33,Salón - Extremo (E),54.4,Background Noise,47.7,47.6,51.2,0.0,99.4,0.6,0.0,40.2,40.8,51.3,-91,13.8
2026-02-12 19:43:40,Pasillo Administrativo (E),52.1,Background Noise,41.9,41.9,38.1,0.0,99.9,0.1,0.0,37.7,39.2,40.7,-101,11.3
2026-02-12 19:46:54,Pasillo de Salones (E),63.7,Background Noise,54.2,54.1,55.0,54.1,88.8,11.0,0.2,51.4,53.9,56.1,-90,13.0
2026-02-12 19:46:55,Main Lobby (E),70.3,People,56.4,53.6,57.0,59.6,20.8,79.1,0.2,50.5,53.0,59.5,-88,13.3
2026-02-12 19:47:02,Salón - Uma (E),65.6,People,57.8,57.7,58.7,0.0,94.3,5.7,0.0,54.7,57.2,59.9,-98,12.0
2026-02-12 19:47:03,Pasillo de Laboratorio (E),62.3,People,57.8,58.1,57.7,0.0,1.1,98.9,0.0,55.3,57.5,59.6,-98,11.0
2026-02-12 19:47:33,Salón - Extremo (E),60.9,Background Noise,47.7,47.7,50.7,0.0,99.8,0.2,0.0,40.1,40.8,51.3,-91,13.8
2026-02-12 19:48:40,Pasillo Administrativo (E),52.0,Background Noise,42.9,42.9,0.0,0.0,100.0,0.0,0.0,37.9,39.3,50.0,-102,9.5
2026-02-12 19:51:55,Pasillo de Salones (E),59.1,Background Noise,54.2,54.1,54.6,52.8,81.0,18.9,0.1,51.6,53.9,56.0,-91,13.5
2026-02-12 19:51:55,Main Lobby (E),69.5,People,54.1,52.3,54.7,54.4,31.1,68.6,0.3,40.9,52.3,56.6,-88,14.0
2026-02-12 19:52:02,Salón - Uma (E),62.9,Background Noise,57.7,57.7,57.5,0.0,95.1,4.9,0.0,54.8,57.3,59.6,-99,7.5
2026-02-12 19:52:03,Pasillo de Laboratorio (E),62.0,People,57.7,58.3,57.7,0.0,0.3,99.7,0.0,55.2,57.4,59.5,-99,11.5
2026-02-12 19:52:33,Salón - Extremo (E),53.3,Background Noise,47.5,47.5,48.0,0.0,99.7,0.3,0.0,40.1,40.8,51.2,-88,13.5
2026-02-12 19:53:41,Pasillo Administrativo (E),52.7,Background Noise,42.5,42.5,38.8,0.0,99.9,0.1,0.0,37.9,39.3,40.9,-101,9.8
2026-02-12 19:56:55,Pasillo de Salones (E),59.0,People,54.4,54.1,54.7,0.0,51.5,48.5,0.0,51.8,54.1,56.2,-91,13.0
2026-02-12 19:56:58,Main Lobby (E),68.5,People,53.4,52.5,54.0,52.5,49.6,50.2,0.2,50.2,52.6,54.5,-87,13.3
2026-02-12 19:57:02,Salón - Uma (E),63.8,Background Noise,57.9,57.9,57.4,0.0,94.3,5.7,0.0,54.9,57.4,60.0,-100,12.3
2026-02-12 19:57:03,Pasillo de Laboratorio (E),62.9,People,57.6,57.3,57.6,0.0,0.5,99.5,0.0,55.2,57.3,59.4,-89,14.0
2026-02-12 19:57:33,Salón - Extremo (E),54.6,Background Noise,47.5,47.5,48.5,0.0,99.7,0.3,0.0,40.1,40.7,51.3,-88,13.8
2026-02-12 19:58:41,Pasillo Administrativo (E),53.0,Background Noise,42.9,42.9,40.1,0.0,99.9,0.1,0.0,37.9,39.4,50.0,-101,11.8
2026-02-12 20:01:55,Pasillo de Salones (E),64.6,People,54.5,54.3,54.7,58.5,46.2,53.7,0.1,52.0,54.2,56.3,-92,11.5
2026-02-12 20:01:58,Main Lobby (E),69.3,People,53.3,52.7,54.4,53.0,68.3,31.6,0.1,51.2,52.6,54.4,-87,13.3
2026-02-12 20:02:02,Salón - Uma (E),63.5,Background Noise,57.9,57.9,57.9,0.0,95.8,4.2,0.0,55.1,57.5,59.9,-98,12.8
2026-02-12 20:02:03,Pasillo de Laboratorio (E),62.1,People,57.6,56.6,57.6,0.0,1.2,98.8,0.0,55.2,57.4,59.4,-90,13.5
2026-02-12 20:02:33,Salón - Extremo (E),64.6,Background Noise,49.1,49.1,45.6,0.0,99.7,0.3,0.0,40.2,40.9,51.8,-89,13.8
2026-02-12 20:03:41,Pasillo Administrativo (E),52.6,Background Noise,43.2,43.2,0.0,0.0,100.0,0.0,0.0,38.0,39.4,50.2,-101,11.0
2026-02-12 20:06:55,Pasillo de Salones (E),59.2,Background Noise,54.1,54.0,54.2,0.0,69.4,30.6,0.0,51.7,53.8,55.9,-93,13.0
2026-02-12 20:06:56,Main Lobby (E),57.4,People,49.1,48.6,49.8,50.0,67.8,32.0,0.2,40.3,50.2,51.8,-86,11.3
2026-02-12 20:07:02,Salón - Uma (E),62.7,Background Noise,57.8,57.8,57.6,0.0,95.3,4.7,0.0,55.0,57.4,59.9,-97,10.3
2026-02-12 20:07:03,Pasillo de Laboratorio (E),62.2,People,57.6,57.6,57.6,0.0,0.9,99.1,0.0,55.2,57.4,59.4,-88,14.0
2026-02-12 20:07:33,Salón - Extremo (E),57.6,Background Noise,47.9,47.8,50.3,0.0,98.4,1.6,0.0,40.2,40.9,51.3,-91,10.5
2026-02-12 20:08:41,Pasillo Administrativo (E),54.1,Background Noise,42.5,42.5,0.0,0.0,100.0,0.0,0.0,37.8,39.3,40.9,-102,11.0
2026-02-12 20:11:55,Pasillo de Salones (E),66.5,People,54.8,54.1,55.3,56.0,52.3,47.6,0.1,51.8,54.4,56.5,-91,14.0
2026-02-12 20:11:56,Main Lobby (E),72.1,People,51.8,50.2,53.5,53.4,62.6,37.1,0.2,40.6,50.8,52.4,-88,13.5
2026-02-12 20:12:02,Salón - Uma (E),63.6,Background Noise,57.7,57.8,57.5,0.0,94.6,5.4,0.0,54.9,57.3,59.7,-98,12.5
2026-02-12 20:12:03,Pasillo de Laboratorio (E),63.0,People,57.7,58.1,57.6,0.0,0.7,99.3,0.0,55.1,57.4,59.4,-88,14.0
2026-02-12 20:12:33,Salón - Extremo (E),54.2,Background Noise,47.6,47.5,49.1,0.0,95.2,4.8,0.0,40.1,40.8,51.1,-97,12.8
2026-02-12 20:13:41,Pasillo Administrativo (E),52.2,Background Noise,42.5,42.5,0.0,0.0,100.0,0.0,0.0,37.8,39.3,40.9,-102,11.5
2026-02-12 20:16:55,Pasillo de Salones (E),61.8,People,54.4,54.2,54.9,55.4,67.3,32.6,0.1,51.8,54.1,56.4,-92,13.0
2026-02-12 20:16:56,Main Lobby (E),62.5,People,50.4,49.8,53.4,54.8,88.3,10.8,0.8,40.4,50.6,52.3,-88,13.5
2026-02-12 20:17:02,Salón - Uma (E),63.3,Background Noise,57.8,57.8,57.5,0.0,95.8,4.2,0.0,54.9,57.3,59.8,-98,1.5
2026-02-12 20:17:04,Pasillo de Laboratorio (E),61.8,People,57.7,58.0,57.7,0.0,2.2,97.8,0.0,55.3,57.4,59.5,-88,13.8
2026-02-12 20:17:34,Salón - Extremo (E),57.2,Background Noise,47.5,47.5,47.9,0.0,99.3,0.7,0.0,40.1,40.8,51.3,-91,13.5
2026-02-12 20:18:41,Pasillo Administrativo (E),52.5,Background Noise,41.7,41.7,0.0,0.0,100.0,0.0,0.0,37.7,39.2,40.7,-102,11.0
2026-02-12 20:21:55,Pasillo de Salones (E),60.8,Background Noise,54.3,54.2,54.4,0.0,73.4,26.6,0.0,51.7,54.0,56.1,-93,13.3
2026-02-12 20:21:56,Main Lobby (E),62.7,People,49.6,48.3,51.8,55.2,71.7,28.2,0.1,40.3,50.3,52.2,-87,13.5
2026-02-12 20:22:02,Salón - Uma (E),64.0,Background Noise,57.7,57.6,58.5,0.0,95.8,4.2,0.0,54.7,57.2,59.7,-99,10.3
2026-02-12 20:22:04,Pasillo de Laboratorio (E),62.2,People,57.7,57.3,57.7,0.0,1.1,98.9,0.0,55.2,57.4,59.4,-89,11.8
2026-02-12 20:22:34,Salón - Extremo (E),55.2,Background Noise,47.6,47.6,47.1,0.0,99.4,0.6,0.0,40.1,40.8,51.1,-89,13.3
2026-02-12 20:23:41,Pasillo Administrativo (E),52.6,Background Noise,42.6,42.6,0.0,0.0,100.0,0.0,0.0,37.8,39.4,40.9,-101,11.5
2026-02-12 20:26:55,Pasillo de Salones (E),59.0,Background Noise,54.4,54.3,54.5,53.2,49.5,50.4,0.2,51.9,54.1,56.2,-91,13.8
2026-02-12 20:26:56,Main Lobby (E),60.8,People,50.3,48.4,52.0,0.0,58.1,41.9,0.0,40.3,50.4,53.0,-88,13.3
2026-02-12 20:27:03,Salón - Uma (E),63.9,Background Noise,57.7,57.7,57.5,0.0,95.0,5.0,0.0,54.7,57.3,59.7,-100,11.5
2026-02-12 20:27:04,Pasillo de Laboratorio (E),62.5,People,57.6,57.6,57.6,0.0,0.8,99.2,0.0,55.2,57.3,59.5,-88,14.0
2026-02-12 20:27:36,Salón - Extremo (E),57.0,Background Noise,48.0,48.0,49.1,50.1,99.7,0.2,0.1,40.2,40.9,51.3,-91,13.8
2026-02-12 20:28:41,Pasillo Administrativo (E),52.4,Background Noise,42.1,42.1,39.3,0.0,99.9,0.1,0.0,37.8,39.3,40.8,-101,10.0
2026-02-12 20:31:56,Pasillo de Salones (E),62.7,People,54.6,54.1,55.1,0.0,60.8,39.2,0.0,51.9,54.2,56.4,-91,13.3
2026-02-12 20:31:59,Main Lobby (E),61.6,People,51.5,48.7,52.7,0.0,39.1,60.9,0.0,40.4,50.9,54.3,-87,13.8
2026-02-12 20:32:03,Salón - Uma (E),63.8,People,57.9,57.7,58.9,0.0,88.9,11.1,0.0,54.9,57.4,59.8,-98,8.3
2026-02-12 20:32:04,Pasillo de Laboratorio (E),61.8,People,57.7,58.0,57.7,0.0,0.3,99.7,0.0,55.2,57.4,59.5,-88,14.5
2026-02-12 20:32:34,Salón - Extremo (E),56.9,Background Noise,48.0,47.7,50.8,0.0,94.6,5.4,0.0,40.2,40.9,51.4,-90,13.8
2026-02-12 20:33:42,Pasillo Administrativo (E),52.3,Background Noise,42.2,42.2,0.0,0.0,100.0,0.0,0.0,37.7,39.3,40.8,-102,11.0
2026-02-12 20:36:56,Pasillo de Salones (E),69.3,People,55.6,54.5,57.3,56.6,67.0,32.7,0.3,52.2,54.5,57.1,-92,13.3
2026-02-12 20:36:59,Main Lobby (E),69.8,People,53.8,48.9,56.7,55.0,57.9,41.9,0.2,40.3,50.5,57.8,-88,13.3
2026-02-12 20:37:03,Salón - Uma (E),63.0,Background Noise,58.0,58.0,58.4,0.0,88.7,11.3,0.0,55.3,57.6,60.2,-103,10.8
2026-02-12 20:37:04,Pasillo de Laboratorio (E),61.9,People,57.6,58.3,57.6,0.0,0.7,99.3,0.0,55.1,57.4,59.5,-89,14.3
2026-02-12 20:37:34,Salón - Extremo (E),62.6,Background Noise,48.6,47.8,54.0,0.0,93.3,6.7,0.0,40.2,40.9,51.7,-96,13.0
2026-02-12 20:38:42,Pasillo Administrativo (E),52.6,Background Noise,42.7,42.7,0.0,0.0,100.0,0.0,0.0,37.9,39.3,40.9,-103,10.8
2026-02-12 20:41:56,Pasillo de Salones (E),69.5,People,57.1,55.2,58.7,56.5,54.4,45.3,0.3,52.2,55.1,59.8,-92,13.0
2026-02-12 20:41:57,Main Lobby (E),78.0,People,60.0,49.8,63.5,60.7,57.3,42.5,0.2,40.4,50.8,62.0,-87,13.3
2026-02-12 20:42:03,Salón - Uma (E),66.2,People,58.3,57.9,59.5,0.0,77.4,22.6,0.0,55.1,57.7,60.4,-97,12.8
2026-02-12 20:42:04,Pasillo de Laboratorio (E),68.5,Background Noise,58.3,60.1,58.2,64.5,2.8,97.1,0.1,55.3,57.6,60.0,-88,13.5
2026-02-12 20:42:34,Salón - Extremo (E),60.6,People,49.0,47.7,53.1,0.0,85.5,14.5,0.0,40.2,40.9,52.0,-94,13.0
2026-02-12 20:43:42,Pasillo Administrativo (E),52.2,Background Noise,42.7,42.7,0.0,0.0,100.0,0.0,0.0,37.9,39.4,40.9,-101,11.5
2026-02-12 20:46:56,Pasillo de Salones (E),63.1,People,54.0,54.0,56.7,0.0,99.3,0.7,0.0,51.4,53.7,55.8,-91,13.5
2026-02-12 20:46:57,Main Lobby (E),66.8,People,51.0,49.4,52.2,0.0,49.7,50.2,0.0,40.3,50.7,52.8,-87,13.5
2026-02-12 20:47:03,Salón - Uma (E),66.8,Background Noise,59.7,58.3,60.1,0.0,22.0,78.0,0.0,56.5,59.3,61.9,-98,12.8
2026-02-12 20:47:04,Pasillo de Laboratorio (E),62.7,People,57.7,58.2,57.7,0.0,0.5,99.5,0.0,55.1,57.4,59.5,-91,13.8
2026-02-12 20:47:34,Salón - Extremo (E),53.7,Background Noise,47.0,47.0,40.4,0.0,99.9,0.1,0.0,40.1,40.7,50.9,-93,13.0
2026-02-12 20:48:42,Pasillo Administrativo (E),52.4,Background Noise,42.3,42.3,0.0,0.0,100.0,0.0,0.0,37.9,39.3,40.8,-101,11.8
2026-02-12 20:51:56,Pasillo de Salones (E),58.3,Background Noise,53.8,53.8,40.7,0.0,99.9,0.1,0.0,51.3,53.6,55.7,-92,13.3
2026-02-12 20:51:57,Main Lobby (E),73.3,Background Noise,51.3,50.4,52.3,0.0,57.3,42.7,0.0,40.3,50.6,52.8,-88,13.8
2026-02-12 20:52:03,Salón - Uma (E),64.2,Background Noise,57.8,57.7,58.7,0.0,92.7,7.3,0.0,54.8,57.3,59.9,-98,12.5
2026-02-12 20:52:04,Pasillo de Laboratorio (E),62.2,People,57.7,57.3,57.7,0.0,0.7,99.3,0.0,55.1,57.4,59.5,-89,13.0
2026-02-12 20:52:34,Salón - Extremo (E),53.8,Background Noise,47.3,47.3,0.0,0.0,100.0,0.0,0.0,40.1,40.8,51.1,-91,13.8
2026-02-12 20:53:42,Pasillo Administrativo (E),52.3,Background Noise,42.0,42.0,0.0,0.0,100.0,0.0,0.0,37.7,39.2,40.8,-101,11.5
2026-02-12 20:56:56,Pasillo de Salones (E),59.3,Background Noise,54.0,54.0,54.9,0.0,99.5,0.5,0.0,51.4,53.8,55.8,-93,13.3
2026-02-12 20:56:59,Main Lobby (E),62.7,People,50.5,48.6,52.6,0.0,63.8,36.2,0.0,40.3,50.4,53.3,-88,13.5
2026-02-12 20:57:03,Salón - Uma (E),64.5,Background Noise,57.7,57.7,57.5,0.0,96.3,3.7,0.0,54.9,57.3,59.7,-99,12.0
2026-02-12 20:57:05,Pasillo de Laboratorio (E),63.2,People,57.7,56.8,57.7,0.0,0.8,99.2,0.0,55.2,57.5,59.4,-89,12.0
2026-02-12 20:57:35,Salón - Extremo (E),54.0,People,47.3,47.2,50.0,0.0,98.4,1.6,0.0,40.1,40.7,51.1,-90,11.8
2026-02-12 20:58:42,Pasillo Administrativo (E),52.7,Background Noise,42.7,42.7,47.9,0.0,99.5,0.5,0.0,37.8,39.2,41.0,-101,11.3
2026-02-12 21:01:56,Pasillo de Salones (E),58.4,Background Noise,53.8,53.8,0.0,0.0,100.0,0.0,0.0,51.1,53.6,55.8,-93,13.3
2026-02-12 21:01:57,Main Lobby (E),60.4,People,49.8,48.7,51.9,0.0,72.7,27.3,0.0,40.2,50.3,52.6,-87,11.5
2026-02-12 21:02:03,Salón - Uma (E),64.3,Background Noise,57.7,57.7,57.7,0.0,95.0,5.0,0.0,54.7,57.2,59.8,-99,10.5
2026-02-12 21:02:05,Pasillo de Laboratorio (E),62.2,People,57.7,58.5,57.6,0.0,0.9,99.1,0.0,55.3,57.4,59.5,-89,14.3
2026-02-12 21:02:35,Salón - Extremo (E),53.8,Background Noise,47.2,47.3,40.5,0.0,99.7,0.3,0.0,40.1,40.7,51.2,-93,11.0
2026-02-12 21:03:42,Pasillo Administrativo (E),52.9,Background Noise,42.7,42.7,0.0,0.0,100.0,0.0,0.0,37.8,39.3,40.9,-101,11.0
2026-02-12 21:06:56,Pasillo de Salones (E),58.5,Background Noise,53.8,53.8,0.0,0.0,100.0,0.0,0.0,51.3,53.6,55.7,-93,13.5
2026-02-12 21:06:59,Main Lobby (E),60.6,People,49.6,48.6,51.2,0.0,69.7,30.3,0.0,40.2,50.2,52.1,-88,13.3
2026-02-12 21:07:04,Salón - Uma (E),63.4,People,57.8,57.7,58.3,0.0,90.3,9.7,0.0,54.9,57.4,59.7,-98,13.0
2026-02-12 21:07:05,Pasillo de Laboratorio (E),62.2,People,57.6,56.7,57.6,0.0,1.4,98.6,0.0,55.1,57.3,59.3,-88,13.8
2026-02-12 21:07:35,Salón - Extremo (E),52.2,Background Noise,47.0,47.0,0.0,0.0,100.0,0.0,0.0,40.1,40.7,50.9,-91,13.8
2026-02-12 21:08:43,Pasillo Administrativo (E),52.2,Background Noise,42.8,42.8,0.0,0.0,100.0,0.0,0.0,37.8,39.2,41.0,-101,9.8
2026-02-12 21:11:57,Pasillo de Salones (E),56.2,Background Noise,50.9,50.9,0.0,0.0,100.0,0.0,0.0,40.6,51.1,53.0,-92,11.5
2026-02-12 21:11:57,Main Lobby (E),60.2,People,47.5,46.7,52.5,0.0,92.6,7.4,0.0,40.1,40.7,51.1,-88,13.8
2026-02-12 21:12:04,Salón - Uma (E),62.4,Background Noise,56.7,56.7,56.3,0.0,94.9,5.1,0.0,54.1,56.4,58.6,-98,12.5
2026-02-12 21:12:05,Pasillo de Laboratorio (E),60.7,People,56.2,55.8,56.2,0.0,5.7,94.3,0.0,53.6,55.9,58.0,-89,14.3
2026-02-12 21:12:35,Salón - Extremo (E),52.6,Background Noise,45.3,45.3,0.0,0.0,100.0,0.0,0.0,40.1,40.4,50.6,-92,13.3
2026-02-12 21:13:43,Pasillo Administrativo (E),52.7,Background Noise,41.2,41.2,0.0,0.0,100.0,0.0,0.0,37.6,39.0,40.5,-102,11.0
2026-02-12 21:16:57,Pasillo de Salones (E),56.0,Background Noise,50.9,50.9,48.3,0.0,99.7,0.3,0.0,40.5,51.1,52.9,-92,13.8
2026-02-12 21:16:58,Main Lobby (E),56.7,People,46.7,46.0,50.7,0.0,91.6,8.4,0.0,40.1,40.6,50.7,-88,14.0
2026-02-12 21:17:04,Salón - Uma (E),66.5,People,57.1,56.7,58.5,59.3,85.8,14.2,0.1,54.0,56.5,59.0,-99,11.5
2026-02-12 21:17:05,Pasillo de Laboratorio (E),60.0,People,56.1,56.1,56.1,0.0,7.2,92.8,0.0,53.3,55.9,58.0,-89,14.3
2026-02-12 21:17:35,Salón - Extremo (E),52.0,Background Noise,45.4,45.4,0.0,0.0,100.0,0.0,0.0,40.1,40.3,50.3,-90,13.0
2026-02-12 21:18:43,Pasillo Administrativo (E),51.6,Background Noise,40.7,40.7,0.0,0.0,100.0,0.0,0.0,37.6,39.0,40.3,-101,12.0
2026-02-12 21:21:57,Pasillo de Salones (E),61.0,People,51.2,51.1,56.8,52.9,98.7,1.0,0.3,40.7,51.3,53.1,-91,11.8
2026-02-12 21:21:58,Main Lobby (E),67.2,People,48.6,46.1,53.6,50.7,83.2,16.8,0.1,40.1,40.7,51.5,-87,13.5
2026-02-12 21:22:04,Salón - Uma (E),64.8,People,56.8,56.7,57.4,58.0,93.4,6.4,0.2,54.1,56.3,58.7,-99,12.3
2026-02-12 21:22:05,Pasillo de Laboratorio (E),60.6,People,56.1,56.1,56.1,0.0,9.3,90.7,0.0,53.5,55.9,58.0,-88,14.5
2026-02-12 21:22:35,Salón - Extremo (E),51.7,Background Noise,45.7,45.7,49.2,0.0,99.6,0.4,0.0,40.0,40.3,50.6,-95,13.8
2026-02-12 21:23:44,Pasillo Administrativo (E),52.4,Background Noise,40.7,40.7,0.0,0.0,100.0,0.0,0.0,37.5,39.0,40.4,-101,11.0
2026-02-12 21:26:57,Pasillo de Salones (E),55.6,Background Noise,50.9,50.9,0.0,0.0,100.0,0.0,0.0,40.6,51.1,53.0,-92,13.3
2026-02-12 21:27:00,Main Lobby (E),51.7,Background Noise,44.7,44.7,46.7,0.0,99.6,0.4,0.0,40.1,40.5,50.3,-87,11.0
2026-02-12 21:27:04,Salón - Uma (E),61.2,Background Noise,56.6,56.6,56.7,0.0,94.7,5.3,0.0,53.9,56.2,58.6,-95,13.0
2026-02-12 21:27:05,Pasillo de Laboratorio (E),60.4,People,56.1,56.0,56.1,0.0,10.4,89.6,0.0,53.5,55.8,58.0,-89,13.5
2026-02-12 21:27:35,Salón - Extremo (E),51.2,Background Noise,44.9,44.9,0.0,0.0,100.0,0.0,0.0,40.0,40.5,50.5,-91,13.5
2026-02-12 21:28:43,Pasillo Administrativo (E),52.1,Background Noise,40.9,40.9,38.6,0.0,99.9,0.1,0.0,37.5,39.0,40.4,-101,12.3
2026-02-12 21:31:57,Pasillo de Salones (E),56.2,Background Noise,51.0,51.0,0.0,0.0,100.0,0.0,0.0,40.6,51.2,53.0,-91,13.8
2026-02-12 21:31:58,Main Lobby (E),54.6,People,46.1,45.8,51.3,0.0,97.8,2.2,0.0,40.1,40.5,50.7,-87,13.3
2026-02-12 21:32:04,Salón - Uma (E),61.8,Background Noise,56.6,56.6,56.5,0.0,95.6,4.4,0.0,53.8,56.2,58.6,-96,12.8
2026-02-12 21:32:05,Pasillo de Laboratorio (E),60.7,People,56.1,56.0,56.2,0.0,10.5,89.5,0.0,53.6,55.9,57.9,-89,14.3
2026-02-12 21:32:35,Salón - Extremo (E),51.8,Background Noise,46.3,46.3,40.2,0.0,99.9,0.1,0.0,40.2,40.7,50.8,-94,13.3
2026-02-12 21:33:43,Pasillo Administrativo (E),52.2,Background Noise,40.5,40.5,39.3,0.0,99.9,0.1,0.0,37.5,39.0,40.3,-101,11.3
2026-02-12 21:36:57,Pasillo de Salones (E),55.5,Background Noise,50.9,50.9,0.0,0.0,100.0,0.0,0.0,40.6,51.1,53.0,-92,13.5
2026-02-12 21:37:00,Main Lobby (E),59.7,Background Noise,45.8,45.8,43.9,0.0,99.4,0.6,0.0,40.1,40.5,50.6,-88,13.5
2026-02-12 21:37:04,Salón - Uma (E),62.5,Background Noise,56.7,56.7,56.5,0.0,96.0,4.0,0.0,53.9,56.3,58.6,-96,12.5
2026-02-12 21:37:06,Pasillo de Laboratorio (E),60.2,People,56.2,56.2,56.2,0.0,11.4,88.6,0.0,53.6,55.9,58.0,-88,13.8
2026-02-12 21:37:36,Salón - Extremo (E),51.1,Background Noise,46.3,46.3,0.0,0.0,100.0,0.0,0.0,40.1,40.6,50.3,-92,13.5
2026-02-12 21:38:43,Pasillo Administrativo (E),51.4,Background Noise,40.8,40.8,39.5,0.0,99.9,0.1,0.0,37.6,39.0,40.3,-101,11.5
2026-02-12 21:41:57,Pasillo de Salones (E),55.8,Background Noise,51.0,51.0,0.0,0.0,100.0,0.0,0.0,40.7,51.2,52.9,-92,13.5
2026-02-12 21:42:00,Main Lobby (E),54.3,People,45.2,45.2,50.5,0.0,99.5,0.5,0.0,40.1,40.5,50.4,-89,14.5
2026-02-12 21:42:04,Salón - Uma (E),61.8,Background Noise,56.6,56.6,56.4,0.0,94.2,5.8,0.0,53.8,56.3,58.5,-96,12.8
2026-02-12 21:42:06,Pasillo de Laboratorio (E),60.1,People,56.0,56.0,56.0,0.0,9.2,90.8,0.0,53.5,55.8,57.8,-89,14.3
2026-02-12 21:42:36,Salón - Extremo (E),51.7,Background Noise,45.4,45.4,0.0,0.0,100.0,0.0,0.0,40.1,40.6,50.3,-90,13.0
2026-02-12 21:43:43,Pasillo Administrativo (E),51.4,Background Noise,40.8,40.8,0.0,0.0,100.0,0.0,0.0,37.6,39.1,40.5,-101,11.5
2026-02-12 21:46:57,Pasillo de Salones (E),55.7,Background Noise,51.0,51.0,0.0,0.0,100.0,0.0,0.0,40.6,51.2,53.0,-92,13.5
2026-02-12 21:46:58,Main Lobby (E),53.1,People,46.4,46.3,47.4,0.0,98.6,1.4,0.0,40.1,40.6,50.6,-88,13.5
2026-02-12 21:47:05,Salón - Uma (E),62.7,Background Noise,56.5,56.5,56.6,0.0,93.4,6.6,0.0,53.8,56.2,58.4,-97,11.0
2026-02-12 21:47:06,Pasillo de Laboratorio (E),60.1,People,56.0,56.0,56.1,0.0,9.8,90.2,0.0,53.8,55.8,57.7,-89,14.3
2026-02-12 21:47:39,Salón - Extremo (E),53.5,Background Noise,44.6,44.6,0.0,0.0,100.0,0.0,0.0,40.1,40.4,50.3,-95,11.3
2026-02-12 21:48:44,Pasillo Administrativo (E),52.2,Background Noise,40.7,40.7,0.0,0.0,100.0,0.0,0.0,37.5,39.0,40.3,-101,11.8
2026-02-12 21:51:58,Pasillo de Salones (E),55.8,Background Noise,51.0,51.0,0.0,0.0,100.0,0.0,0.0,40.6,51.2,53.0,-91,13.5
2026-02-12 21:51:58,Main Lobby (E),58.3,Background Noise,46.0,45.8,47.9,0.0,93.8,6.2,0.0,40.1,40.6,50.6,-88,14.0
2026-02-12 21:52:05,Salón - Uma (E),60.9,Background Noise,56.6,56.6,56.5,0.0,94.2,5.8,0.0,53.9,56.1,58.6,-98,12.8
2026-02-12 21:52:06,Pasillo de Laboratorio (E),60.2,People,56.1,56.2,56.1,0.0,11.6,88.4,0.0,53.6,55.9,57.9,-88,12.3
2026-02-12 21:52:36,Salón - Extremo (E),52.8,Background Noise,44.0,44.0,0.0,0.0,100.0,0.0,0.0,40.0,40.4,50.1,-91,13.3
2026-02-12 21:53:44,Pasillo Administrativo (E),52.0,Background Noise,40.5,40.5,0.0,0.0,100.0,0.0,0.0,37.5,38.9,40.3,-101,10.0
2026-02-12 21:56:58,Pasillo de Salones (E),55.8,Background Noise,51.0,51.0,52.7,0.0,99.9,0.1,0.0,40.6,51.2,53.0,-92,13.0
2026-02-12 21:57:01,Main Lobby (E),52.8,People,45.3,45.3,45.8,0.0,98.3,1.8,0.0,40.1,40.5,50.5,-88,14.0
2026-02-12 21:57:05,Salón - Uma (E),61.4,Background Noise,56.6,56.6,56.5,0.0,95.3,4.7,0.0,53.7,56.2,58.6,-98,12.5
2026-02-12 21:57:06,Pasillo de Laboratorio (E),59.7,People,56.0,56.0,56.0,0.0,12.2,87.8,0.0,53.6,55.8,57.7,-89,13.8
2026-02-12 21:57:36,Salón - Extremo (E),51.2,Background Noise,44.3,44.3,40.6,40.6,99.8,0.2,0.1,40.1,40.4,50.2,-94,13.0
2026-02-12 21:58:44,Pasillo Administrativo (E),51.7,Background Noise,40.5,40.5,0.0,0.0,100.0,0.0,0.0,37.5,39.0,40.3,-101,11.3
2026-02-12 22:01:58,Pasillo de Salones (E),55.5,Background Noise,50.8,50.8,0.0,0.0,100.0,0.0,0.0,40.5,51.1,52.9,-90,14.0
2026-02-12 22:01:59,Main Lobby (E),58.0,People,46.1,45.9,50.5,0.0,96.6,3.4,0.0,40.1,40.6,50.6,-88,13.8
2026-02-12 22:02:05,Salón - Uma (E),61.8,Background Noise,56.4,56.4,56.5,0.0,96.3,3.7,0.0,53.7,56.0,58.3,-97,12.3
2026-02-12 22:02:06,Pasillo de Laboratorio (E),61.1,People,55.9,56.0,55.9,0.0,10.5,89.5,0.0,53.5,55.7,57.6,-88,12.0
2026-02-12 22:02:36,Salón - Extremo (E),51.0,Background Noise,44.2,44.2,0.0,0.0,100.0,0.0,0.0,40.1,40.4,50.3,-95,14.0
2026-02-12 22:03:44,Pasillo Administrativo (E),51.7,Background Noise,40.5,40.5,0.0,0.0,100.0,0.0,0.0,37.6,39.0,40.3,-103,10.8
2026-02-12 22:06:58,Pasillo de Salones (E),63.7,Background Noise,51.6,51.3,53.4,56.0,92.9,6.2,0.8,40.6,51.2,53.5,-92,12.8
2026-02-12 22:07:01,Main Lobby (E),63.0,Background Noise,46.5,46.1,49.1,56.6,94.5,4.9,0.6,40.0,40.5,50.5,-88,11.8
2026-02-12 22:07:05,Salón - Uma (E),64.0,People,56.4,56.4,57.1,55.3,94.5,5.4,0.1,53.7,56.1,58.4,-96,12.8
2026-02-12 22:07:06,Pasillo de Laboratorio (E),59.9,People,55.9,55.9,55.9,0.0,10.1,89.9,0.0,53.6,55.7,57.7,-89,14.0
2026-02-12 22:07:36,Salón - Extremo (E),58.2,Background Noise,44.0,43.8,50.1,44.8,98.3,1.3,0.4,40.0,40.4,50.0,-92,13.0
2026-02-12 22:08:44,Pasillo Administrativo (E),59.1,Background Noise,40.6,40.6,0.0,0.0,100.0,0.0,0.0,37.5,39.0,40.3,-102,10.8
2026-02-12 22:11:58,Pasillo de Salones (E),58.0,Background Noise,50.6,50.6,51.8,51.8,98.6,1.2,0.2,40.5,50.9,52.8,-92,13.5
2026-02-12 22:12:01,Main Lobby (E),58.3,Background Noise,45.5,45.1,50.7,51.8,96.9,2.6,0.5,40.1,40.5,50.5,-89,13.3
2026-02-12 22:12:05,Salón - Uma (E),61.7,Background Noise,56.2,56.2,56.3,0.0,97.3,2.7,0.0,53.7,55.9,58.2,-97,13.3
2026-02-12 22:12:06,Pasillo de Laboratorio (E),66.4,People,56.0,56.1,56.0,58.8,15.7,84.3,0.1,53.5,55.8,57.8,-89,12.8
2026-02-12 22:12:36,Salón - Extremo (E),65.8,People,46.0,44.3,59.2,52.2,98.2,1.5,0.3,40.1,40.4,50.1,-98,12.5
2026-02-12 22:13:44,Pasillo Administrativo (E),51.6,Background Noise,40.3,40.3,40.5,0.0,99.9,0.1,0.0,37.6,39.0,40.3,-102,11.3
2026-02-12 22:16:58,Pasillo de Salones (E),55.1,Background Noise,50.7,50.7,0.0,0.0,100.0,0.0,0.0,40.6,51.0,52.9,-91,11.5
2026-02-12 22:16:59,Main Lobby (E),54.3,People,45.2,45.0,48.3,0.0,95.9,4.1,0.0,40.1,40.5,50.3,-88,13.8
2026-02-12 22:17:05,Salón - Uma (E),61.6,Background Noise,56.3,56.3,56.0,0.0,97.3,2.7,0.0,53.6,55.9,58.1,-97,12.8
2026-02-12 22:17:07,Pasillo de Laboratorio (E),59.8,People,55.9,56.0,55.9,0.0,10.9,89.1,0.0,53.4,55.7,57.7,-89,14.0
2026-02-12 22:17:37,Salón - Extremo (E),56.4,Background Noise,44.8,44.7,50.0,51.1,99.2,0.8,0.1,40.2,40.5,50.2,-93,12.8
2026-02-12 22:18:44,Pasillo Administrativo (E),51.7,Background Noise,40.5,40.5,0.0,0.0,100.0,0.0,0.0,37.5,39.0,40.3,-102,10.8
2026-02-12 22:21:58,Pasillo de Salones (E),61.9,Background Noise,50.8,50.7,54.9,53.5,99.0,0.9,0.1,40.5,51.0,52.8,-91,13.5
2026-02-12 22:21:59,Main Lobby (E),57.6,People,46.0,45.7,47.7,53.3,86.9,12.9,0.2,40.1,40.5,50.6,-88,14.0
2026-02-12 22:22:05,Salón - Uma (E),61.9,Background Noise,56.2,56.2,56.1,0.0,97.7,2.3,0.0,53.6,56.0,58.2,-97,13.0
2026-02-12 22:22:07,Pasillo de Laboratorio (E),60.8,People,55.8,55.6,55.9,0.0,12.0,88.0,0.0,53.5,55.6,57.6,-88,14.0
2026-02-12 22:22:37,Salón - Extremo (E),62.2,Background Noise,46.4,46.3,50.8,40.7,98.8,0.9,0.2,40.1,40.5,50.9,-91,13.5
2026-02-12 22:23:45,Pasillo Administrativo (E),51.6,Background Noise,40.4,40.4,0.0,0.0,100.0,0.0,0.0,37.6,38.9,40.3,-102,10.8
2026-02-12 22:26:59,Pasillo de Salones (E),57.4,Background Noise,50.7,50.7,52.4,52.2,99.0,0.9,0.1,40.5,50.9,52.9,-92,13.5
2026-02-12 22:26:59,Main Lobby (E),60.5,People,46.0,45.5,48.9,0.0,90.0,10.0,0.0,40.1,40.5,50.5,-89,13.3
2026-02-12 22:27:06,Salón - Uma (E),81.8,People,57.8,56.5,65.1,63.8,94.3,5.5,0.2,53.6,56.0,58.6,-99,10.5
2026-02-12 22:27:07,Pasillo de Laboratorio (E),60.6,People,55.9,56.1,55.8,0.0,14.4,85.6,0.0,53.5,55.7,57.6,-88,10.8
2026-02-12 22:27:37,Salón - Extremo (E),51.2,Background Noise,42.8,42.8,0.0,0.0,100.0,0.0,0.0,40.0,40.3,40.9,-95,11.5
2026-02-12 22:28:44,Pasillo Administrativo (E),52.2,Background Noise,40.7,40.7,0.0,0.0,100.0,0.0,0.0,37.7,39.1,40.4,-102,11.0
2026-02-12 22:31:59,Pasillo de Salones (E),57.8,People,50.6,50.5,52.6,0.0,97.8,2.2,0.0,40.5,50.9,52.7,-92,13.3
2026-02-12 22:31:59,Main Lobby (E),53.7,Background Noise,50.1,50.0,50.6,0.0,87.7,12.2,0.0,40.5,50.7,52.0,-89,13.0
2026-02-12 22:32:06,Salón - Uma (E),73.4,People,57.3,56.6,60.6,0.0,87.3,12.7,0.0,53.7,56.1,58.7,-100,11.8
2026-02-12 22:32:07,Pasillo de Laboratorio (E),60.3,People,55.9,55.9,55.9,0.0,11.9,88.1,0.0,53.4,55.7,57.8,-88,12.0
2026-02-12 22:32:37,Salón - Extremo (E),50.9,Background Noise,43.7,43.7,0.0,0.0,100.0,0.0,0.0,40.1,40.2,50.2,-91,13.3
2026-02-12 22:33:45,Pasillo Administrativo (E),51.3,Background Noise,40.9,40.9,0.0,0.0,100.0,0.0,0.0,37.6,39.1,40.5,-102,10.5
2026-02-12 22:36:59,Pasillo de Salones (E),57.9,Background Noise,50.5,50.5,48.4,0.0,99.7,0.3,0.0,40.5,50.9,52.6,-93,13.3
2026-02-12 22:36:59,Main Lobby (E),52.2,Background Noise,46.0,46.0,46.0,0.0,98.4,1.6,0.0,40.1,40.5,50.6,-89,13.3
2026-02-12 22:37:06,Salón - Uma (E),61.9,Background Noise,56.2,56.2,55.7,0.0,97.4,2.6,0.0,53.4,55.9,58.2,-99,10.8
2026-02-12 22:37:07,Pasillo de Laboratorio (E),59.8,People,55.9,55.8,55.9,0.0,13.7,86.3,0.0,53.5,55.7,57.6,-88,13.8
2026-02-12 22:37:37,Salón - Extremo (E),50.7,Background Noise,45.9,45.9,0.0,0.0,100.0,0.0,0.0,40.1,40.6,50.5,-94,13.5
2026-02-12 22:41:59,Pasillo de Salones (E),62.4,People,50.8,50.5,54.2,0.0,95.1,4.9,0.0,40.5,50.9,52.9,-91,14.0
2026-02-12 22:42:02,Main Lobby (E),51.6,Background Noise,44.8,44.8,40.4,0.0,99.9,0.1,0.0,40.1,40.5,50.2,-89,14.0
2026-02-12 22:42:06,Salón - Uma (E),61.3,Background Noise,56.2,56.2,56.7,0.0,96.6,3.4,0.0,53.6,55.8,58.2,-98,12.8
2026-02-12 22:42:07,Pasillo de Laboratorio (E),60.2,People,55.9,55.8,55.9,0.0,8.3,91.7,0.0,53.4,55.6,57.6,-88,11.8
2026-02-12 22:42:37,Salón - Extremo (E),54.0,Background Noise,43.1,43.1,51.8,0.0,99.9,0.1,0.0,40.1,40.4,41.0,-90,14.0
2026-02-12 22:43:45,Pasillo Administrativo (E),51.5,Background Noise,40.6,40.6,38.8,0.0,99.9,0.1,0.0,37.5,39.0,40.3,-103,11.0
2026-02-12 22:46:59,Pasillo de Salones (E),61.1,Background Noise,50.9,50.7,54.1,0.0,95.9,4.1,0.0,40.5,50.9,52.9,-92,13.8
2026-02-12 22:47:00,Main Lobby (E),51.8,Background Noise,43.7,43.7,40.3,0.0,99.3,0.7,0.0,40.1,40.4,50.1,-90,11.8
2026-02-12 22:47:06,Salón - Uma (E),61.5,Background Noise,56.2,56.3,56.2,0.0,96.1,3.9,0.0,53.5,55.9,58.1,-98,13.0
2026-02-12 22:47:07,Pasillo de Laboratorio (E),60.2,People,55.5,55.3,55.6,0.0,7.7,92.3,0.0,53.2,55.4,57.3,-100,12.0
2026-02-12 22:47:37,Salón - Extremo (E),56.5,Background Noise,45.9,45.9,50.6,0.0,99.5,0.5,0.0,40.1,40.6,51.2,-95,13.5
2026-02-12 22:48:45,Pasillo Administrativo (E),51.8,Background Noise,40.4,40.4,39.1,0.0,99.9,0.1,0.0,37.5,38.9,40.3,-102,9.3
2026-02-12 22:51:59,Pasillo de Salones (E),59.8,Background Noise,51.0,50.8,53.4,50.8,96.1,3.8,0.1,40.5,51.1,53.0,-92,13.5
2026-02-12 22:52:00,Main Lobby (E),52.9,Background Noise,43.4,43.1,47.8,0.0,97.2,2.8,0.0,40.1,40.4,50.0,-89,14.0
2026-02-12 22:52:06,Salón - Uma (E),61.7,Background Noise,56.4,56.4,56.4,0.0,94.8,5.2,0.0,53.7,56.1,58.3,-98,13.0
2026-02-12 22:52:08,Pasillo de Laboratorio (E),59.7,People,55.5,55.3,55.6,0.0,8.7,91.3,0.0,53.1,55.4,57.2,-99,12.0
2026-02-12 22:52:37,Salón - Extremo (E),56.0,People,46.0,45.8,53.5,0.0,99.2,0.8,0.0,40.1,40.5,51.2,-93,13.0
2026-02-12 22:53:45,Pasillo Administrativo (E),51.5,Background Noise,40.2,40.2,39.7,0.0,99.9,0.1,0.0,37.5,39.0,40.3,-102,11.3
2026-02-12 22:56:59,Pasillo de Salones (E),61.6,People,51.0,50.9,53.9,57.6,97.3,2.5,0.3,40.5,51.1,53.0,-92,13.8
2026-02-12 22:57:00,Main Lobby (E),60.0,Background Noise,45.4,45.2,48.5,0.0,96.2,3.8,0.0,40.1,40.4,50.3,-89,13.8
2026-02-12 22:57:06,Salón - Uma (E),61.8,Background Noise,56.4,56.4,56.2,0.0,94.9,5.1,0.0,53.8,56.0,58.4,-100,12.3
2026-02-12 22:57:08,Pasillo de Laboratorio (E),59.2,People,55.4,55.1,55.5,0.0,7.5,92.5,0.0,53.0,55.3,57.2,-99,12.3
2026-02-12 22:57:38,Salón - Extremo (E),56.1,People,47.0,46.9,49.7,0.0,98.2,1.8,0.0,40.1,40.7,50.5,-95,13.5
2026-02-12 22:58:45,Pasillo Administrativo (E),51.7,Background Noise,40.4,40.4,39.8,0.0,99.8,0.2,0.0,37.3,38.9,40.2,-102,11.3
2026-02-12 23:01:59,Pasillo de Salones (E),62.6,People,51.6,51.1,54.0,52.7,86.5,13.3,0.2,40.7,51.3,53.6,-81,12.0
2026-02-12 23:02:00,Main Lobby (E),61.7,People,44.8,44.4,49.9,52.9,96.0,3.9,0.1,40.1,40.4,50.2,-88,13.0
2026-02-12 23:02:06,Salón - Uma (E),61.3,Background Noise,56.3,56.3,56.1,0.0,94.4,5.6,0.0,53.7,56.0,58.3,-87,13.5
2026-02-12 23:02:08,Pasillo de Laboratorio (E),60.4,People,55.2,55.1,55.2,0.0,11.9,88.1,0.0,52.8,55.0,56.9,-99,12.0
2026-02-12 23:02:38,Salón - Extremo (E),62.3,People,46.5,46.1,53.9,0.0,97.9,2.1,0.0,40.1,40.4,50.5,-85,10.0
2026-02-12 23:03:45,Pasillo Administrativo (E),51.3,Background Noise,40.0,40.0,39.0,0.0,99.8,0.2,0.0,37.4,38.9,40.2,-102,10.8
2026-02-12 23:06:59,Pasillo de Salones (E),56.8,Background Noise,51.0,50.9,52.3,52.7,96.0,3.8,0.2,40.5,51.1,53.0,-82,13.0
2026-02-12 23:07:00,Main Lobby (E),51.4,Background Noise,43.8,43.8,40.4,0.0,99.5,0.5,0.0,40.0,40.4,50.2,-88,13.5
2026-02-12 23:07:07,Salón - Uma (E),62.9,Background Noise,56.5,56.5,56.4,0.0,96.2,3.7,0.0,53.6,56.0,58.5,-89,13.8
2026-02-12 23:07:08,Pasillo de Laboratorio (E),59.2,Background Noise,55.2,55.4,55.1,0.0,14.3,85.8,0.0,52.7,55.0,56.9,-100,11.8
2026-02-12 23:07:38,Salón - Extremo (E),54.1,Background Noise,44.9,44.9,0.0,0.0,100.0,0.0,0.0,40.1,40.3,50.1,-80,13.8
2026-02-12 23:08:46,Pasillo Administrativo (E),51.8,Background Noise,40.4,40.4,0.0,0.0,100.0,0.0,0.0,37.4,38.9,40.3,-102,10.8
2026-02-12 23:12:00,Pasillo de Salones (E),58.5,People,50.8,50.7,54.3,0.0,99.3,0.7,0.0,40.5,51.0,52.8,-81,13.8
2026-02-12 23:12:00,Main Lobby (E),51.9,Background Noise,45.1,45.0,46.9,0.0,99.6,0.4,0.0,40.1,40.4,50.4,-89,13.8
2026-02-12 23:12:07,Salón - Uma (E),64.0,Background Noise,56.4,56.4,56.4,0.0,94.6,5.4,0.0,53.6,56.0,58.3,-89,11.5
2026-02-12 23:12:08,Pasillo de Laboratorio (E),59.2,People,55.2,55.1,55.2,0.0,15.2,84.8,0.0,52.7,54.9,56.9,-100,12.0
2026-02-12 23:12:38,Salón - Extremo (E),59.6,Background Noise,48.8,48.8,50.3,0.0,99.7,0.3,0.0,40.1,40.5,50.9,-88,14.0
2026-02-12 23:13:46,Pasillo Administrativo (E),52.0,Background Noise,40.2,40.2,40.2,0.0,99.9,0.1,0.0,37.3,38.8,40.2,-102,11.0
2026-02-12 23:17:00,Pasillo de Salones (E),55.6,Background Noise,50.8,50.8,53.6,0.0,99.6,0.4,0.0,40.6,51.1,52.8,-81,13.5
2026-02-12 23:17:03,Main Lobby (E),52.7,Background Noise,45.6,45.6,50.2,0.0,99.7,0.3,0.0,40.1,40.5,50.5,-89,13.8
2026-02-12 23:17:07,Salón - Uma (E),62.8,Background Noise,56.4,56.5,55.8,0.0,94.8,5.2,0.0,53.4,56.0,58.5,-89,14.3
2026-02-12 23:17:08,Pasillo de Laboratorio (E),59.3,People,55.2,55.1,55.2,0.0,19.6,80.4,0.0,52.8,55.0,56.8,-99,12.3
2026-02-12 23:17:38,Salón - Extremo (E),62.4,Background Noise,46.2,46.2,40.9,50.9,99.8,0.1,0.1,40.1,40.6,50.7,-78,13.5
2026-02-12 23:18:46,Pasillo Administrativo (E),52.1,Background Noise,40.0,40.0,0.0,0.0,100.0,0.0,0.0,37.4,38.8,40.2,-103,10.8
2026-02-12 23:22:00,Pasillo de Salones (E),56.3,Background Noise,51.0,51.0,0.0,0.0,100.0,0.0,0.0,40.6,51.1,53.0,-81,11.8
2026-02-12 23:22:01,Main Lobby (E),51.6,Background Noise,43.9,43.9,40.3,0.0,99.8,0.3,0.0,40.1,40.4,50.1,-88,14.3
2026-02-12 23:22:07,Salón - Uma (E),62.7,Background Noise,56.5,56.5,56.7,0.0,95.6,4.4,0.0,53.8,56.1,58.5,-88,14.0
2026-02-12 23:22:10,Pasillo de Laboratorio (E),59.1,People,55.2,54.9,55.2,0.0,15.7,84.3,0.0,52.7,54.9,56.9,-100,12.0
2026-02-12 23:22:38,Salón - Extremo (E),59.6,Background Noise,44.9,44.9,0.0,0.0,100.0,0.0,0.0,40.1,40.4,50.1,-78,13.5
2026-02-12 23:23:46,Pasillo Administrativo (E),51.7,Background Noise,40.4,40.4,38.3,0.0,99.9,0.1,0.0,37.5,38.9,40.1,-102,11.0
2026-02-12 23:27:00,Pasillo de Salones (E),55.3,Background Noise,51.0,51.0,0.0,0.0,100.0,0.0,0.0,40.7,51.1,52.9,-81,13.3
2026-02-12 23:27:01,Main Lobby (E),51.2,Background Noise,45.1,45.1,46.7,0.0,99.3,0.7,0.0,40.1,40.5,50.2,-89,13.0
2026-02-12 23:27:07,Salón - Uma (E),62.8,Background Noise,56.5,56.6,56.2,0.0,94.8,5.2,0.0,53.9,56.2,58.6,-87,13.8
2026-02-12 23:27:08,Pasillo de Laboratorio (E),59.9,People,55.2,55.3,55.1,0.0,18.7,81.3,0.0,52.7,55.0,56.9,-99,12.3
2026-02-12 23:27:38,Salón - Extremo (E),62.9,Background Noise,48.2,48.2,51.5,0.0,99.8,0.2,0.0,40.1,40.6,50.6,-80,13.8
2026-02-12 23:28:46,Pasillo Administrativo (E),51.6,Background Noise,39.9,39.9,38.7,0.0,99.8,0.2,0.0,37.6,38.9,40.2,-102,11.0
2026-02-12 23:32:00,Pasillo de Salones (E),56.0,Background Noise,50.9,50.9,0.0,0.0,100.0,0.0,0.0,40.6,51.1,53.0,-81,13.8
2026-02-12 23:32:01,Main Lobby (E),53.8,People,45.3,44.8,50.6,0.0,95.7,4.3,0.0,40.1,40.4,50.4,-89,14.0
2026-02-12 23:32:07,Salón - Uma (E),63.1,Background Noise,56.6,56.5,56.8,0.0,95.5,4.5,0.0,53.9,56.1,58.6,-87,13.0
2026-02-12 23:32:09,Pasillo de Laboratorio (E),60.0,People,55.2,55.2,55.2,0.0,17.0,83.0,0.0,52.8,55.0,56.9,-99,12.0
2026-02-12 23:32:38,Salón - Extremo (E),54.3,Background Noise,44.5,44.4,0.0,52.6,99.8,0.0,0.2,40.1,40.5,50.4,-81,11.5
2026-02-12 23:33:46,Pasillo Administrativo (E),51.5,Background Noise,40.6,40.7,39.8,0.0,99.8,0.2,0.0,37.5,38.9,40.2,-103,10.5
2026-02-12 23:37:00,Pasillo de Salones (E),56.5,Background Noise,50.9,50.9,0.0,0.0,100.0,0.0,0.0,40.6,51.1,52.9,-91,13.5
2026-02-12 23:37:01,Main Lobby (E),51.0,Background Noise,44.8,44.7,46.9,0.0,99.4,0.6,0.0,40.1,40.3,50.3,-88,13.8
2026-02-12 23:37:07,Salón - Uma (E),63.9,Background Noise,56.6,56.6,56.5,0.0,95.2,4.7,0.0,53.8,56.2,58.4,-89,13.8
2026-02-12 23:37:09,Pasillo de Laboratorio (E),60.5,People,55.1,54.9,55.2,0.0,15.1,84.9,0.0,52.8,54.9,56.8,-99,12.3
2026-02-12 23:37:39,Salón - Extremo (E),60.0,Background Noise,46.3,46.3,40.1,47.5,99.8,0.1,0.2,40.1,40.6,50.4,-93,13.5
2026-02-12 23:38:46,Pasillo Administrativo (E),51.9,Background Noise,40.3,40.3,37.4,0.0,99.9,0.1,0.0,37.5,38.9,40.2,-92,13.5
2026-02-12 23:42:00,Pasillo de Salones (E),56.3,Background Noise,50.9,50.9,0.0,0.0,100.0,0.0,0.0,40.6,51.2,53.0,-92,13.3
2026-02-12 23:42:01,Main Lobby (E),51.7,Background Noise,44.2,44.2,40.5,0.0,99.6,0.4,0.0,40.0,40.5,50.2,-88,14.0
2026-02-12 23:42:07,Salón - Uma (E),63.5,Background Noise,56.5,56.6,56.0,0.0,94.6,5.4,0.0,53.7,56.2,58.5,-89,14.3
2026-02-12 23:42:09,Pasillo de Laboratorio (E),58.9,Background Noise,54.9,54.8,55.0,0.0,17.6,82.4,0.0,52.6,54.7,56.7,-99,10.8
2026-02-12 23:42:39,Salón - Extremo (E),56.6,Background Noise,45.4,45.4,0.0,0.0,100.0,0.0,0.0,40.1,40.4,50.6,-90,13.0
2026-02-12 23:43:46,Pasillo Administrativo (E),51.6,Background Noise,40.2,40.2,0.0,0.0,100.0,0.0,0.0,37.4,38.9,40.2,-91,11.8
2026-02-12 23:47:00,Pasillo de Salones (E),55.6,Background Noise,50.9,50.9,0.0,0.0,100.0,0.0,0.0,40.5,51.1,53.0,-93,13.0
2026-02-12 23:47:01,Main Lobby (E),51.9,Background Noise,44.6,44.6,42.0,0.0,98.5,1.5,0.0,40.1,40.4,50.3,-89,13.5
2026-02-12 23:47:08,Salón - Uma (E),66.0,Background Noise,56.5,56.5,56.4,0.0,95.4,4.6,0.0,53.8,56.0,58.5,-99,11.8
2026-02-12 23:47:09,Pasillo de Laboratorio (E),58.7,People,55.0,54.9,55.0,0.0,17.2,82.8,0.0,52.6,54.8,56.6,-99,12.0
2026-02-12 23:47:39,Salón - Extremo (E),53.4,Background Noise,44.3,44.3,0.0,50.8,99.9,0.0,0.1,40.1,40.6,50.2,-94,13.3
2026-02-12 23:48:47,Pasillo Administrativo (E),52.2,Background Noise,40.2,40.2,37.1,0.0,99.8,0.2,0.0,37.5,38.9,40.2,-91,11.8
2026-02-12 23:52:01,Pasillo de Salones (E),56.0,Background Noise,50.9,50.9,0.0,0.0,100.0,0.0,0.0,40.5,51.1,53.0,-91,13.8
2026-02-12 23:52:01,Main Lobby (E),51.5,Background Noise,44.3,44.3,0.0,0.0,100.0,0.0,0.0,40.1,40.5,50.2,-88,11.5
2026-02-12 23:52:08,Salón - Uma (E),61.7,Background Noise,56.6,56.6,56.6,0.0,95.3,4.7,0.0,53.9,56.2,58.6,-100,10.3
2026-02-12 23:52:09,Pasillo de Laboratorio (E),58.6,People,55.0,54.8,55.0,0.0,16.2,83.8,0.0,52.7,54.7,56.7,-99,12.0
2026-02-12 23:52:39,Salón - Extremo (E),50.9,Background Noise,45.0,45.0,0.0,0.0,100.0,0.0,0.0,40.1,40.7,50.2,-92,13.0
2026-02-12 23:53:47,Pasillo Administrativo (E),51.8,Background Noise,40.4,40.4,0.0,0.0,100.0,0.0,0.0,37.3,39.0,40.3,-92,13.0
2026-02-12 23:57:01,Pasillo de Salones (E),55.5,Background Noise,50.9,50.9,51.6,0.0,99.6,0.4,0.0,40.6,51.1,52.9,-91,13.8
2026-02-12 23:57:01,Main Lobby (E),52.0,Background Noise,45.5,45.5,46.8,0.0,99.8,0.2,0.0,40.1,40.5,50.4,-89,13.8
2026-02-12 23:57:08,Salón - Uma (E),61.5,Background Noise,56.5,56.5,56.4,0.0,96.4,3.6,0.0,53.7,56.1,58.4,-100,11.8
2026-02-12 23:57:09,Pasillo de Laboratorio (E),59.2,People,55.0,54.9,55.0,0.0,14.5,85.5,0.0,52.6,54.8,56.8,-100,11.0
2026-02-12 23:57:39,Salón - Extremo (E),74.5,People,51.4,46.0,63.1,57.1,94.4,4.7,0.8,40.1,40.5,50.4,-93,13.0
2026-02-12 23:58:47,Pasillo Administrativo (E),51.8,Background Noise,40.2,40.2,38.0,0.0,99.9,0.1,0.0,37.4,38.9,40.2,-91,13.8
