time,deviceName,laeq_global_dB,dominant_class,dominant_pct,lafmax_dB,lafmax_class,LAeq_common,LAeq_impact,LAeq_rotarytool,LAeq_person,LAeq_vehicle,pct_common,pct_impact,pct_rotarytool,pct_person,pct_vehicle,L10_dB,L50_dB,L90_dB,rssi,snr
2026-06-23 00:02:00,Lobby Civil,33.656,Silence,0.0,35.158,Silence,0.0,0.0,0.0,0.0,0.0,0.0,0.0,0.0,0.0,0.0,36.049,32.987,30.982,-118,-13.8
2026-06-23 00:02:06,Laboratorios Civil Central,48.51,Mixed,60.547,49.647,Group 1 (Common),48.42,47.616,0.0,0.0,0.0,60.547,6.033,5.382,0.174,27.734,49.628,48.575,46.884,-93,12.0
2026-06-23 00:02:07,Laboratorios Civil Superior,30.522,Silence,0.0,31.683,Silence,0.0,0.0,0.0,0.0,0.0,0.0,0.0,0.0,0.0,0.0,31.838,30.43,29.143,-97,12.2
2026-06-23 00:02:08,Salón - Extremo Civil,13.606,Silence,0.0,14.644,Silence,0.0,0.0,0.0,0.0,0.0,0.0,0.0,0.0,0.0,0.0,14.603,13.42,12.876,-93,11.2
2026-06-23 00:02:16,Laboratorios Eléctrica Superior,12.782,Silence,0.0,13.326,Silence,0.0,0.0,0.0,0.0,0.0,0.0,0.0,0.0,0.0,0.0,13.241,12.843,12.12,-94,12.5
2026-06-23 00:02:16,Lobby Eléctrica,27.269,Silence,0.0,28.238,Silence,0.0,0.0,0.0,0.0,0.0,0.0,0.0,0.0,0.0,0.0,27.669,27.35,26.799,-88,12.8
2026-06-23 00:02:27,Pasillo Decanato Civil,20.355,Silence,0.0,21.065,Silence,0.0,0.0,0.0,0.0,0.0,0.0,0.0,0.0,0.0,0.0,21.207,20.16,19.892,-103,11.0
2026-06-23 00:02:27,Salón - Uma Eléctrica,43.684,Silence,0.0,44.273,Silence,0.0,0.0,0.0,0.0,0.0,0.0,0.0,0.0,0.0,0.0,44.263,43.507,42.892,-99,12.0
2026-06-23 00:02:27,Pasillo Salones Civil,14.257,Silence,0.0,15.625,Silence,0.0,0.0,0.0,0.0,0.0,0.0,0.0,0.0,0.0,0.0,14.503,14.346,13.819,-81,11.8
2026-06-23 00:02:33,Salón - Uma Civil,10.261,Silence,0.0,11.048,Silence,0.0,0.0,0.0,0.0,0.0,0.0,0.0,0.0,0.0,0.0,10.921,10.471,9.266,-115,2.0
2026-06-23 00:02:37,Laboratorios Civil Inferior,38.646,Silence,0.0,39.437,Silence,0.0,0.0,0.0,0.0,0.0,0.0,0.0,0.0,0.0,0.0,39.182,38.665,37.737,-109,7.2
2026-06-23 00:02:40,Pasillo Decanato Eléctrica,14.304,Silence,0.0,14.95,Silence,0.0,0.0,0.0,0.0,0.0,0.0,0.0,0.0,0.0,0.0,15.057,14.295,13.718,-91,12.3
2026-06-23 00:02:47,Pasillo Salones Eléctrica,29.75,Silence,0.0,30.519,Silence,0.0,0.0,0.0,0.0,0.0,0.0,0.0,0.0,0.0,0.0,30.837,29.548,28.923,-105,5.0
2026-06-23 00:02:54,Salón - Extremo Eléctrica,14.405,Silence,0.0,14.985,Silence,0.0,0.0,0.0,0.0,0.0,0.0,0.0,0.0,0.0,0.0,15.016,14.302,13.737,-101,11.5
2026-06-23 00:03:02,Laboratorios Eléctrica Centro,14.926,Silence,0.0,15.889,Silence,0.0,0.0,0.0,0.0,0.0,0.0,0.0,0.0,0.0,0.0,15.725,14.938,13.912,-99,4.5
2026-06-23 00:03:17,Laboratorios Eléctrica Inferior,19.467,Silence,0.0,26.432,Silence,0.0,0.0,0.0,0.0,0.0,0.0,0.0,0.0,0.0,0.0,27.997,16.139,15.394,-116,-5.5
2026-06-23 00:07:00,Lobby Civil,34.297,Silence,0.0,34.769,Silence,0.0,0.0,0.0,0.0,0.0,0.0,0.0,0.0,0.0,0.0,34.654,34.245,33.53,-107,10.0
2026-06-23 00:07:06,Laboratorios Civil Central,49.774,Group 1 (Common),89.149,51.032,Group 1 (Common),49.771,0.0,0.0,0.0,0.0,89.149,0.13,0.217,0.0,10.547,51.068,49.942,47.644,-91,12.5
2026-06-23 00:07:07,Laboratorios Civil Superior,35.235,Silence,0.0,36.521,Silence,0.0,0.0,0.0,0.0,0.0,0.0,0.0,0.0,0.0,0.0,36.638,35.452,33.764,-97,11.2
2026-06-23 00:07:08,Salón - Extremo Civil,13.239,Silence,0.0,13.883,Silence,0.0,0.0,0.0,0.0,0.0,0.0,0.0,0.0,0.0,0.0,13.63,13.299,11.976,-76,12.5
2026-06-23 00:07:16,Laboratorios Eléctrica Superior,29.936,Silence,0.0,31.323,Silence,0.0,0.0,0.0,0.0,0.0,0.0,0.0,0.0,0.0,0.0,31.804,29.718,27.134,-92,12.0
2026-06-23 00:07:16,Lobby Eléctrica,32.894,Silence,0.0,37.16,Silence,0.0,0.0,0.0,0.0,0.0,0.0,0.0,0.0,0.0,0.0,36.997,31.068,28.92,-108,0.2
2026-06-23 00:07:24,Pasillo Decanato Civil,20.287,Silence,0.0,20.917,Silence,0.0,0.0,0.0,0.0,0.0,0.0,0.0,0.0,0.0,0.0,20.819,20.247,19.604,-102,10.2
2026-06-23 00:07:25,Salón - Uma Eléctrica,43.578,Silence,0.0,44.718,Silence,0.0,0.0,0.0,0.0,0.0,0.0,0.0,0.0,0.0,0.0,45.127,43.39,42.843,-97,12.5
2026-06-23 00:07:25,Pasillo Salones Civil,14.429,Silence,0.0,17.559,Silence,0.0,0.0,0.0,0.0,0.0,0.0,0.0,0.0,0.0,0.0,15.965,14.298,13.276,-99,9.5
2026-06-23 00:07:33,Salón - Uma Civil,9.779,Silence,0.0,10.467,Silence,0.0,0.0,0.0,0.0,0.0,0.0,0.0,0.0,0.0,0.0,10.249,9.871,8.759,-98,11.0
2026-06-23 00:07:37,Laboratorios Civil Inferior,39.877,Silence,0.0,40.651,Silence,0.0,0.0,0.0,0.0,0.0,0.0,0.0,0.0,0.0,0.0,40.791,39.793,39.365,-106,6.5
2026-06-23 00:07:40,Pasillo Decanato Eléctrica,14.332,Silence,0.0,15.055,Silence,0.0,0.0,0.0,0.0,0.0,0.0,0.0,0.0,0.0,0.0,15.235,14.304,13.862,-91,12.8
2026-06-23 00:07:47,Pasillo Salones Eléctrica,31.006,Silence,0.0,32.775,Silence,0.0,0.0,0.0,0.0,0.0,0.0,0.0,0.0,0.0,0.0,33.197,30.622,29.146,-107,10.0
2026-06-23 00:07:54,Salón - Extremo Eléctrica,22.664,Silence,0.0,24.825,Silence,0.0,0.0,0.0,0.0,0.0,0.0,0.0,0.0,0.0,0.0,25.011,22.58,20.725,-99,11.8
2026-06-23 00:08:02,Laboratorios Eléctrica Centro,25.171,Silence,0.0,31.103,Silence,0.0,0.0,0.0,0.0,0.0,0.0,0.0,0.0,0.0,0.0,30.116,24.07,22.757,-92,12.0
2026-06-23 00:08:17,Laboratorios Eléctrica Inferior,17.941,Silence,0.0,18.373,Silence,0.0,0.0,0.0,0.0,0.0,0.0,0.0,0.0,0.0,0.0,18.372,18.093,17.119,-107,0.8
2026-06-23 00:12:00,Lobby Civil,34.952,Silence,0.0,35.861,Silence,0.0,0.0,0.0,0.0,0.0,0.0,0.0,0.0,0.0,0.0,35.794,34.929,34.401,-105,8.8
2026-06-23 00:12:06,Laboratorios Civil Central,48.228,Group 1 (Common),89.366,49.333,Group 1 (Common),48.26,0.0,0.0,0.0,0.0,89.366,0.347,0.781,0.087,9.418,49.539,48.175,46.528,-108,8.8
2026-06-23 00:12:07,Laboratorios Civil Superior,30.766,Silence,0.0,32.13,Silence,0.0,0.0,0.0,0.0,0.0,0.0,0.0,0.0,0.0,0.0,31.959,30.667,30.001,-92,11.8
2026-06-23 00:12:08,Salón - Extremo Civil,12.784,Silence,0.0,13.598,Silence,0.0,0.0,0.0,0.0,0.0,0.0,0.0,0.0,0.0,0.0,13.413,12.782,12.251,-78,11.5
2026-06-23 00:12:16,Laboratorios Eléctrica Superior,39.853,Silence,0.0,44.143,Silence,0.0,0.0,0.0,0.0,0.0,0.0,0.0,0.0,0.0,0.0,44.762,39.021,31.435,-93,11.8
2026-06-23 00:12:16,Lobby Eléctrica,27.773,Silence,0.0,28.623,Silence,0.0,0.0,0.0,0.0,0.0,0.0,0.0,0.0,0.0,0.0,28.387,27.814,26.986,-111,-1.8
2026-06-23 00:12:24,Pasillo Decanato Civil,21.362,Silence,0.0,22.109,Silence,0.0,0.0,0.0,0.0,0.0,0.0,0.0,0.0,0.0,0.0,21.994,21.413,20.615,-83,12.0
2026-06-23 00:12:25,Salón - Uma Eléctrica,43.507,Silence,0.0,44.135,Silence,0.0,0.0,0.0,0.0,0.0,0.0,0.0,0.0,0.0,0.0,44.115,43.555,42.813,-111,4.0
2026-06-23 00:12:25,Pasillo Salones Civil,14.028,Silence,0.0,14.454,Silence,0.0,0.0,0.0,0.0,0.0,0.0,0.0,0.0,0.0,0.0,14.687,13.968,13.605,-96,10.5
2026-06-23 00:12:33,Salón - Uma Civil,36.474,Silence,0.0,44.496,Silence,0.0,0.0,0.0,0.0,0.0,0.0,0.0,0.0,0.0,0.0,45.617,20.03,10.951,-97,12.0
2026-06-23 00:12:37,Laboratorios Civil Inferior,38.485,Silence,0.0,39.382,Silence,0.0,0.0,0.0,0.0,0.0,0.0,0.0,0.0,0.0,0.0,38.822,38.514,37.588,-114,-0.3
2026-06-23 00:12:40,Pasillo Decanato Eléctrica,14.078,Silence,0.0,14.899,Silence,0.0,0.0,0.0,0.0,0.0,0.0,0.0,0.0,0.0,0.0,14.899,14.06,13.199,-92,9.0
2026-06-23 00:12:47,Pasillo Salones Eléctrica,32.012,Silence,0.0,38.518,Silence,0.0,0.0,0.0,0.0,0.0,0.0,0.0,0.0,0.0,0.0,35.977,31.103,28.54,-85,10.8
2026-06-23 00:12:54,Salón - Extremo Eléctrica,19.367,Silence,0.0,24.885,Silence,0.0,0.0,0.0,0.0,0.0,0.0,0.0,0.0,0.0,0.0,26.983,15.55,14.833,-74,12.0
2026-06-23 00:13:02,Laboratorios Eléctrica Centro,37.495,Silence,0.0,40.531,Silence,0.0,0.0,0.0,0.0,0.0,0.0,0.0,0.0,0.0,0.0,40.712,35.795,33.729,-88,12.3
2026-06-23 00:13:17,Laboratorios Eléctrica Inferior,35.748,Silence,0.0,42.095,Silence,0.0,0.0,0.0,0.0,0.0,0.0,0.0,0.0,0.0,0.0,44.442,32.187,18.793,-117,-6.3
2026-06-23 00:17:00,Lobby Civil,34.298,Silence,0.0,34.994,Silence,0.0,0.0,0.0,0.0,0.0,0.0,0.0,0.0,0.0,0.0,35.062,34.44,33.578,-83,12.3
2026-06-23 00:17:06,Laboratorios Civil Central,48.956,Group 1 (Common),70.486,50.22,Group 1 (Common),48.577,0.0,0.0,0.0,0.0,70.486,0.651,1.128,0.043,27.474,50.519,48.723,47.894,-107,9.0
2026-06-23 00:17:07,Laboratorios Civil Superior,31.74,Silence,0.0,33.825,Silence,0.0,0.0,0.0,0.0,0.0,0.0,0.0,0.0,0.0,0.0,33.673,31.049,29.153,-97,12.8
2026-06-23 00:17:08,Salón - Extremo Civil,13.517,Silence,0.0,14.214,Silence,0.0,0.0,0.0,0.0,0.0,0.0,0.0,0.0,0.0,0.0,14.206,13.373,12.941,-95,12.8
2026-06-23 00:17:16,Laboratorios Eléctrica Superior,12.326,Silence,0.0,13.092,Silence,0.0,0.0,0.0,0.0,0.0,0.0,0.0,0.0,0.0,0.0,13.06,12.191,11.694,-99,12.2
2026-06-23 00:17:16,Lobby Eléctrica,33.384,Silence,0.0,35.327,Silence,0.0,0.0,0.0,0.0,0.0,0.0,0.0,0.0,0.0,0.0,36.071,33.136,31.19,-108,6.2
2026-06-23 00:17:24,Pasillo Decanato Civil,20.85,Silence,0.0,21.765,Silence,0.0,0.0,0.0,0.0,0.0,0.0,0.0,0.0,0.0,0.0,21.374,21.07,19.925,-101,9.2
2026-06-23 00:17:25,Salón - Uma Eléctrica,43.669,Silence,0.0,44.214,Silence,0.0,0.0,0.0,0.0,0.0,0.0,0.0,0.0,0.0,0.0,44.033,43.599,43.138,-113,-5.5
2026-06-23 00:17:25,Pasillo Salones Civil,13.959,Silence,0.0,14.566,Silence,0.0,0.0,0.0,0.0,0.0,0.0,0.0,0.0,0.0,0.0,14.588,14.056,12.94,-99,10.5
2026-06-23 00:17:33,Salón - Uma Civil,10.997,Silence,0.0,12.253,Silence,0.0,0.0,0.0,0.0,0.0,0.0,0.0,0.0,0.0,0.0,12.352,10.961,9.494,-103,9.5
2026-06-23 00:17:37,Laboratorios Civil Inferior,37.944,Silence,0.0,38.392,Silence,0.0,0.0,0.0,0.0,0.0,0.0,0.0,0.0,0.0,0.0,38.442,37.968,37.621,-103,3.0
2026-06-23 00:17:40,Pasillo Decanato Eléctrica,14.226,Silence,0.0,14.855,Silence,0.0,0.0,0.0,0.0,0.0,0.0,0.0,0.0,0.0,0.0,15.161,14.291,13.434,-117,-11.2
2026-06-23 00:17:47,Pasillo Salones Eléctrica,30.421,Silence,0.0,31.297,Silence,0.0,0.0,0.0,0.0,0.0,0.0,0.0,0.0,0.0,0.0,31.696,30.244,29.73,-86,10.5
2026-06-23 00:17:54,Salón - Extremo Eléctrica,44.679,Silence,0.0,53.766,Silence,0.0,0.0,0.0,0.0,0.0,0.0,0.0,0.0,0.0,0.0,51.161,43.55,36.327,-77,12.3
2026-06-23 00:18:02,Laboratorios Eléctrica Centro,16.755,Silence,0.0,18.062,Silence,0.0,0.0,0.0,0.0,0.0,0.0,0.0,0.0,0.0,0.0,17.514,16.697,16.288,-90,11.5
2026-06-23 00:18:17,Laboratorios Eléctrica Inferior,15.878,Silence,0.0,17.035,Silence,0.0,0.0,0.0,0.0,0.0,0.0,0.0,0.0,0.0,0.0,16.699,15.999,15.178,-108,6.8
2026-06-23 00:22:00,Lobby Civil,37.4,Silence,0.0,38.202,Silence,0.0,0.0,0.0,0.0,0.0,0.0,0.0,0.0,0.0,0.0,38.559,37.132,36.647,-85,13.3
2026-06-23 00:22:06,Laboratorios Civil Central,49.253,Mixed,66.699,50.604,Group 1 (Common),49.233,0.0,0.0,0.0,0.0,66.699,1.953,5.322,0.098,25.732,50.55,48.728,47.32,-103,9.0
2026-06-23 00:22:07,Laboratorios Civil Superior,35.97,Silence,0.0,37.788,Silence,0.0,0.0,0.0,0.0,0.0,0.0,0.0,0.0,0.0,0.0,37.827,35.119,34.002,-96,11.8
2026-06-23 00:22:08,Salón - Extremo Civil,22.123,Silence,0.0,31.947,Silence,0.0,0.0,0.0,0.0,0.0,0.0,0.0,0.0,0.0,0.0,34.614,13.435,13.123,-97,12.8
2026-06-23 00:22:16,Laboratorios Eléctrica Superior,17.113,Silence,0.0,17.729,Silence,0.0,0.0,0.0,0.0,0.0,0.0,0.0,0.0,0.0,0.0,17.883,17.033,16.4,-97,9.3
2026-06-23 00:22:16,Lobby Eléctrica,40.375,Silence,0.0,45.565,Silence,0.0,0.0,0.0,0.0,0.0,0.0,0.0,0.0,0.0,0.0,46.603,35.908,25.922,-94,11.5
2026-06-23 00:22:24,Pasillo Decanato Civil,19.442,Silence,0.0,20.228,Silence,0.0,0.0,0.0,0.0,0.0,0.0,0.0,0.0,0.0,0.0,20.071,19.284,19.113,-101,11.0
2026-06-23 00:22:25,Salón - Uma Eléctrica,43.32,Silence,0.0,44.401,Silence,0.0,0.0,0.0,0.0,0.0,0.0,0.0,0.0,0.0,0.0,44.279,43.128,42.24,-114,-4.8
2026-06-23 00:22:25,Pasillo Salones Civil,17.048,Silence,0.0,31.905,Silence,0.0,0.0,0.0,0.0,0.0,0.0,0.0,0.0,0.0,0.0,22.054,16.152,14.639,-101,13.0
2026-06-23 00:22:33,Salón - Uma Civil,12.541,Silence,0.0,21.33,Silence,0.0,0.0,0.0,0.0,0.0,0.0,0.0,0.0,0.0,0.0,16.362,11.539,11.135,-97,10.0
2026-06-23 00:22:37,Laboratorios Civil Inferior,39.517,Silence,0.0,40.3,Silence,0.0,0.0,0.0,0.0,0.0,0.0,0.0,0.0,0.0,0.0,40.045,39.444,38.806,-105,1.0
2026-06-23 00:22:40,Pasillo Decanato Eléctrica,13.878,Silence,0.0,14.522,Silence,0.0,0.0,0.0,0.0,0.0,0.0,0.0,0.0,0.0,0.0,14.496,13.865,13.103,-93,12.0
2026-06-23 00:22:47,Pasillo Salones Eléctrica,31.019,Silence,0.0,32.323,Silence,0.0,0.0,0.0,0.0,0.0,0.0,0.0,0.0,0.0,0.0,32.727,30.714,29.676,-91,11.5
2026-06-23 00:22:54,Salón - Extremo Eléctrica,28.505,Silence,0.0,45.056,Silence,0.0,0.0,0.0,0.0,0.0,0.0,0.0,0.0,0.0,0.0,34.342,27.061,21.798,-97,13.0
2026-06-23 00:23:02,Laboratorios Eléctrica Centro,20.932,Silence,0.0,22.308,Silence,0.0,0.0,0.0,0.0,0.0,0.0,0.0,0.0,0.0,0.0,22.74,20.549,20.219,-94,10.8
2026-06-23 00:23:17,Laboratorios Eléctrica Inferior,17.137,Silence,0.0,17.818,Silence,0.0,0.0,0.0,0.0,0.0,0.0,0.0,0.0,0.0,0.0,17.773,17.057,16.653,-111,6.5
2026-06-23 00:27:00,Lobby Civil,36.032,Silence,0.0,37.126,Silence,0.0,0.0,0.0,0.0,0.0,0.0,0.0,0.0,0.0,0.0,36.967,35.891,35.304,-111,7.8
2026-06-23 00:27:06,Laboratorios Civil Central,48.048,Mixed,69.971,49.846,Group 1 (Common),47.956,0.0,48.706,0.0,0.0,69.971,1.318,10.84,0.0,17.969,49.881,48.405,45.489,-94,10.3
2026-06-23 00:27:07,Laboratorios Civil Superior,30.356,Silence,0.0,31.764,Silence,0.0,0.0,0.0,0.0,0.0,0.0,0.0,0.0,0.0,0.0,31.713,30.234,27.917,-91,12.3
2026-06-23 00:27:08,Salón - Extremo Civil,28.893,Silence,0.0,30.979,Silence,0.0,0.0,0.0,0.0,0.0,0.0,0.0,0.0,0.0,0.0,31.004,29.338,23.632,-78,12.3
2026-06-23 00:27:16,Laboratorios Eléctrica Superior,13.304,Silence,0.0,14.491,Silence,0.0,0.0,0.0,0.0,0.0,0.0,0.0,0.0,0.0,0.0,14.668,13.249,12.374,-95,12.0
2026-06-23 00:27:16,Lobby Eléctrica,28.19,Silence,0.0,28.997,Silence,0.0,0.0,0.0,0.0,0.0,0.0,0.0,0.0,0.0,0.0,28.905,28.309,27.354,-88,12.0
2026-06-23 00:27:24,Pasillo Decanato Civil,20.628,Silence,0.0,21.203,Silence,0.0,0.0,0.0,0.0,0.0,0.0,0.0,0.0,0.0,0.0,21.424,20.493,20.061,-82,14.8
2026-06-23 00:27:25,Salón - Uma Eléctrica,43.566,Silence,0.0,44.312,Silence,0.0,0.0,0.0,0.0,0.0,0.0,0.0,0.0,0.0,0.0,44.347,43.813,42.692,-112,-2.2
2026-06-23 00:27:25,Pasillo Salones Civil,14.527,Silence,0.0,15.995,Silence,0.0,0.0,0.0,0.0,0.0,0.0,0.0,0.0,0.0,0.0,15.938,14.351,13.508,-81,11.5
2026-06-23 00:27:33,Salón - Uma Civil,10.906,Silence,0.0,11.622,Silence,0.0,0.0,0.0,0.0,0.0,0.0,0.0,0.0,0.0,0.0,11.298,10.967,10.382,-99,11.0
2026-06-23 00:27:37,Laboratorios Civil Inferior,38.4,Silence,0.0,38.958,Silence,0.0,0.0,0.0,0.0,0.0,0.0,0.0,0.0,0.0,0.0,38.849,38.371,37.742,-109,8.0
2026-06-23 00:27:40,Pasillo Decanato Eléctrica,14.196,Silence,0.0,14.743,Silence,0.0,0.0,0.0,0.0,0.0,0.0,0.0,0.0,0.0,0.0,14.803,14.338,13.479,-117,-1.5
2026-06-23 00:27:47,Pasillo Salones Eléctrica,30.381,Silence,0.0,31.493,Silence,0.0,0.0,0.0,0.0,0.0,0.0,0.0,0.0,0.0,0.0,31.312,30.317,29.59,-99,9.8
2026-06-23 00:27:54,Salón - Extremo Eléctrica,34.107,Silence,0.0,36.094,Silence,0.0,0.0,0.0,0.0,0.0,0.0,0.0,0.0,0.0,0.0,37.305,32.764,30.613,-95,11.8
2026-06-23 00:28:02,Laboratorios Eléctrica Centro,15.286,Silence,0.0,16.411,Silence,0.0,0.0,0.0,0.0,0.0,0.0,0.0,0.0,0.0,0.0,15.906,14.95,14.427,-89,12.5
2026-06-23 00:28:17,Laboratorios Eléctrica Inferior,16.17,Silence,0.0,17.357,Silence,0.0,0.0,0.0,0.0,0.0,0.0,0.0,0.0,0.0,0.0,17.352,15.84,15.147,-106,1.5
2026-06-23 00:32:00,Lobby Civil,33.088,Silence,0.0,34.89,Silence,0.0,0.0,0.0,0.0,0.0,0.0,0.0,0.0,0.0,0.0,34.507,33.295,31.911,-85,12.0
2026-06-23 00:32:06,Laboratorios Civil Central,49.23,Group 1 (Common),92.535,50.303,Group 1 (Common),49.357,0.0,0.0,0.0,0.0,92.535,0.521,0.434,0.087,6.337,50.332,49.484,47.383,-103,10.2
2026-06-23 00:32:07,Laboratorios Civil Superior,34.116,Silence,0.0,34.884,Silence,0.0,0.0,0.0,0.0,0.0,0.0,0.0,0.0,0.0,0.0,34.581,34.194,33.671,-97,12.5
2026-06-23 00:32:08,Salón - Extremo Civil,12.974,Silence,0.0,13.646,Silence,0.0,0.0,0.0,0.0,0.0,0.0,0.0,0.0,0.0,0.0,13.648,12.893,12.253,-95,12.0
2026-06-23 00:32:16,Laboratorios Eléctrica Superior,16.138,Silence,0.0,17.274,Silence,0.0,0.0,0.0,0.0,0.0,0.0,0.0,0.0,0.0,0.0,16.744,16.079,15.809,-93,10.3
2026-06-23 00:32:16,Lobby Eléctrica,32.311,Silence,0.0,35.848,Silence,0.0,0.0,0.0,0.0,0.0,0.0,0.0,0.0,0.0,0.0,35.553,32.081,27.867,-88,12.3
2026-06-23 00:32:24,Pasillo Decanato Civil,20.199,Silence,0.0,21.5,Silence,0.0,0.0,0.0,0.0,0.0,0.0,0.0,0.0,0.0,0.0,21.203,20.305,19.255,-85,12.0
2026-06-23 00:32:25,Salón - Uma Eléctrica,43.503,Silence,0.0,44.307,Silence,0.0,0.0,0.0,0.0,0.0,0.0,0.0,0.0,0.0,0.0,44.428,43.603,42.592,-104,9.3
2026-06-23 00:32:25,Pasillo Salones Civil,13.699,Silence,0.0,14.218,Silence,0.0,0.0,0.0,0.0,0.0,0.0,0.0,0.0,0.0,0.0,14.195,13.577,13.235,-82,12.5
2026-06-23 00:32:33,Salón - Uma Civil,29.932,Silence,0.0,33.164,Silence,0.0,0.0,0.0,0.0,0.0,0.0,0.0,0.0,0.0,0.0,33.861,29.192,16.856,-100,10.5
2026-06-23 00:32:37,Laboratorios Civil Inferior,40.866,Silence,0.0,41.874,Silence,0.0,0.0,0.0,0.0,0.0,0.0,0.0,0.0,0.0,0.0,42.348,40.704,39.309,-110,5.8
2026-06-23 00:32:40,Pasillo Decanato Eléctrica,14.803,Silence,0.0,16.295,Silence,0.0,0.0,0.0,0.0,0.0,0.0,0.0,0.0,0.0,0.0,16.319,14.276,13.78,-93,11.5
2026-06-23 00:32:47,Pasillo Salones Eléctrica,31.002,Silence,0.0,34.28,Silence,0.0,0.0,0.0,0.0,0.0,0.0,0.0,0.0,0.0,0.0,34.94,30.225,29.729,-85,11.5
2026-06-23 00:32:54,Salón - Extremo Eléctrica,32.492,Silence,0.0,36.311,Silence,0.0,0.0,0.0,0.0,0.0,0.0,0.0,0.0,0.0,0.0,36.513,32.445,24.238,-76,9.8
2026-06-23 00:33:02,Laboratorios Eléctrica Centro,21.299,Silence,0.0,22.069,Silence,0.0,0.0,0.0,0.0,0.0,0.0,0.0,0.0,0.0,0.0,22.166,21.311,20.258,-90,11.5
2026-06-23 00:33:17,Laboratorios Eléctrica Inferior,17.129,Silence,0.0,17.916,Silence,0.0,0.0,0.0,0.0,0.0,0.0,0.0,0.0,0.0,0.0,17.519,17.23,16.346,-114,-1.0
2026-06-23 00:37:00,Lobby Civil,32.314,Silence,0.0,33.286,Silence,0.0,0.0,0.0,0.0,0.0,0.0,0.0,0.0,0.0,0.0,33.294,31.843,31.022,-86,11.8
2026-06-23 00:37:06,Laboratorios Civil Central,47.725,Group 1 (Common),84.288,49.476,Group 1 (Common),47.765,0.0,0.0,0.0,0.0,84.288,0.608,0.651,0.043,14.28,49.667,48.302,44.578,-94,11.8
2026-06-23 00:37:07,Laboratorios Civil Superior,30.963,Silence,0.0,32.535,Silence,0.0,0.0,0.0,0.0,0.0,0.0,0.0,0.0,0.0,0.0,32.695,30.263,29.703,-92,11.8
2026-06-23 00:37:08,Salón - Extremo Civil,19.825,Silence,0.0,21.961,Silence,0.0,0.0,0.0,0.0,0.0,0.0,0.0,0.0,0.0,0.0,22.589,20.68,15.315,-81,9.8
2026-06-23 00:37:16,Laboratorios Eléctrica Superior,12.343,Silence,0.0,13.029,Silence,0.0,0.0,0.0,0.0,0.0,0.0,0.0,0.0,0.0,0.0,12.871,12.388,11.609,-92,14.5
2026-06-23 00:37:16,Lobby Eléctrica,24.138,Silence,0.0,24.899,Silence,0.0,0.0,0.0,0.0,0.0,0.0,0.0,0.0,0.0,0.0,25.06,24.098,22.937,-117,-3.2
2026-06-23 00:37:24,Pasillo Decanato Civil,19.954,Silence,0.0,20.71,Silence,0.0,0.0,0.0,0.0,0.0,0.0,0.0,0.0,0.0,0.0,21.013,19.68,19.436,-99,12.0
2026-06-23 00:37:25,Salón - Uma Eléctrica,43.44,Silence,0.0,44.187,Silence,0.0,0.0,0.0,0.0,0.0,0.0,0.0,0.0,0.0,0.0,43.827,43.396,43.099,-100,10.8
2026-06-23 00:37:25,Pasillo Salones Civil,39.552,Silence,0.0,44.943,Silence,0.0,0.0,0.0,0.0,0.0,0.0,0.0,0.0,0.0,0.0,45.76,36.375,28.384,-101,11.8
2026-06-23 00:37:33,Salón - Uma Civil,56.794,Mixed,54.297,59.414,Group 2 (Impact),0.0,54.159,0.0,56.065,0.0,0.13,45.486,0.0,54.297,0.0,59.854,54.864,53.355,-100,12.0
2026-06-23 00:37:37,Laboratorios Civil Inferior,38.55,Silence,0.0,39.258,Silence,0.0,0.0,0.0,0.0,0.0,0.0,0.0,0.0,0.0,0.0,39.37,38.543,37.6,-112,2.3
2026-06-23 00:37:40,Pasillo Decanato Eléctrica,14.044,Silence,0.0,14.787,Silence,0.0,0.0,0.0,0.0,0.0,0.0,0.0,0.0,0.0,0.0,14.773,13.93,13.742,-115,-4.5
2026-06-23 00:37:47,Pasillo Salones Eléctrica,43.107,Silence,0.0,47.946,Silence,0.0,0.0,0.0,0.0,0.0,0.0,0.0,0.0,0.0,0.0,48.827,42.59,31.47,-86,14.8
2026-06-23 00:37:54,Salón - Extremo Eléctrica,61.431,Mixed,55.512,66.885,Group 1 (Common),63.227,0.0,0.0,0.0,59.212,41.667,2.3,0.087,0.347,55.512,67.716,53.227,36.055,-95,12.0
2026-06-23 00:38:02,Laboratorios Eléctrica Centro,15.49,Silence,0.0,16.06,Silence,0.0,0.0,0.0,0.0,0.0,0.0,0.0,0.0,0.0,0.0,15.978,15.593,14.957,-117,1.2
2026-06-23 00:38:17,Laboratorios Eléctrica Inferior,14.764,Silence,0.0,15.218,Silence,0.0,0.0,0.0,0.0,0.0,0.0,0.0,0.0,0.0,0.0,15.242,14.864,14.056,-112,1.8
2026-06-23 00:42:00,Lobby Civil,36.26,Silence,0.0,36.77,Silence,0.0,0.0,0.0,0.0,0.0,0.0,0.0,0.0,0.0,0.0,36.683,36.273,35.643,-117,-13.5
2026-06-23 00:42:06,Laboratorios Civil Central,48.254,Group 1 (Common),84.288,50.801,Group 1 (Common),48.654,0.0,0.0,0.0,0.0,84.288,0.304,0.738,0.087,14.583,50.61,48.022,45.759,-113,1.8
2026-06-23 00:42:07,Laboratorios Civil Superior,29.801,Silence,0.0,30.536,Silence,0.0,0.0,0.0,0.0,0.0,0.0,0.0,0.0,0.0,0.0,30.729,29.718,29.205,-97,11.8
2026-06-23 00:42:08,Salón - Extremo Civil,13.592,Silence,0.0,14.278,Silence,0.0,0.0,0.0,0.0,0.0,0.0,0.0,0.0,0.0,0.0,14.255,13.602,12.773,-118,-9.8
2026-06-23 00:42:16,Laboratorios Eléctrica Superior,12.655,Silence,0.0,13.214,Silence,0.0,0.0,0.0,0.0,0.0,0.0,0.0,0.0,0.0,0.0,13.213,12.59,12.256,-93,11.5
2026-06-23 00:42:16,Lobby Eléctrica,25.413,Silence,0.0,26.703,Silence,0.0,0.0,0.0,0.0,0.0,0.0,0.0,0.0,0.0,0.0,26.719,25.313,24.457,-88,12.0
2026-06-23 00:42:24,Pasillo Decanato Civil,20.212,Silence,0.0,20.923,Silence,0.0,0.0,0.0,0.0,0.0,0.0,0.0,0.0,0.0,0.0,20.865,20.182,19.65,-96,11.0
2026-06-23 00:42:25,Salón - Uma Eléctrica,43.566,Silence,0.0,44.144,Silence,0.0,0.0,0.0,0.0,0.0,0.0,0.0,0.0,0.0,0.0,44.107,43.606,42.899,-98,11.3
2026-06-23 00:42:25,Pasillo Salones Civil,14.473,Silence,0.0,15.048,Silence,0.0,0.0,0.0,0.0,0.0,0.0,0.0,0.0,0.0,0.0,15.313,14.403,13.826,-83,12.3
2026-06-23 00:42:33,Salón - Uma Civil,27.565,Silence,0.0,31.747,Silence,0.0,0.0,0.0,0.0,0.0,0.0,0.0,0.0,0.0,0.0,32.014,26.085,20.421,-113,3.8
2026-06-23 00:42:37,Laboratorios Civil Inferior,39.681,Silence,0.0,40.528,Silence,0.0,0.0,0.0,0.0,0.0,0.0,0.0,0.0,0.0,0.0,40.658,39.578,38.649,-107,6.5
2026-06-23 00:42:40,Pasillo Decanato Eléctrica,14.272,Silence,0.0,14.764,Silence,0.0,0.0,0.0,0.0,0.0,0.0,0.0,0.0,0.0,0.0,14.731,14.216,13.599,-91,14.8
2026-06-23 00:42:47,Pasillo Salones Eléctrica,29.916,Silence,0.0,31.339,Silence,0.0,0.0,0.0,0.0,0.0,0.0,0.0,0.0,0.0,0.0,31.007,29.786,28.958,-107,10.2
2026-06-23 00:42:54,Salón - Extremo Eléctrica,57.204,Mixed,54.818,61.517,Group 5 (Vehicle),57.616,52.446,0.0,0.0,59.745,5.946,32.335,3.776,3.212,54.818,61.731,55.996,44.69,-91,12.5
2026-06-23 00:43:02,Laboratorios Eléctrica Centro,14.843,Silence,0.0,15.672,Silence,0.0,0.0,0.0,0.0,0.0,0.0,0.0,0.0,0.0,0.0,15.567,14.85,14.531,-94,12.8
2026-06-23 00:43:17,Laboratorios Eléctrica Inferior,15.155,Silence,0.0,15.647,Silence,0.0,0.0,0.0,0.0,0.0,0.0,0.0,0.0,0.0,0.0,15.571,15.226,14.55,-117,-7.8
2026-06-23 00:47:00,Lobby Civil,31.306,Silence,0.0,32.264,Silence,0.0,0.0,0.0,0.0,0.0,0.0,0.0,0.0,0.0,0.0,32.579,31.116,30.639,-86,12.0
2026-06-23 00:47:06,Laboratorios Civil Central,47.676,Group 1 (Common),90.234,49.666,Group 1 (Common),47.892,0.0,0.0,0.0,0.0,90.234,0.347,0.0,0.087,9.288,49.336,47.574,44.869,-109,8.2
2026-06-23 00:47:07,Laboratorios Civil Superior,31.416,Silence,0.0,32.659,Silence,0.0,0.0,0.0,0.0,0.0,0.0,0.0,0.0,0.0,0.0,32.503,31.835,29.493,-97,13.0
2026-06-23 00:47:08,Salón - Extremo Civil,19.001,Silence,0.0,25.804,Silence,0.0,0.0,0.0,0.0,0.0,0.0,0.0,0.0,0.0,0.0,27.468,13.468,13.027,-101,11.2
2026-06-23 00:47:16,Laboratorios Eléctrica Superior,15.433,Silence,0.0,16.274,Silence,0.0,0.0,0.0,0.0,0.0,0.0,0.0,0.0,0.0,0.0,16.275,15.294,14.54,-97,13.2
2026-06-23 00:47:16,Lobby Eléctrica,27.41,Silence,0.0,28.098,Silence,0.0,0.0,0.0,0.0,0.0,0.0,0.0,0.0,0.0,0.0,28.606,27.339,26.48,-111,4.5
2026-06-23 00:47:24,Pasillo Decanato Civil,19.917,Silence,0.0,20.616,Silence,0.0,0.0,0.0,0.0,0.0,0.0,0.0,0.0,0.0,0.0,20.757,19.888,19.309,-83,12.3
2026-06-23 00:47:25,Salón - Uma Eléctrica,43.317,Silence,0.0,44.285,Silence,0.0,0.0,0.0,0.0,0.0,0.0,0.0,0.0,0.0,0.0,44.382,43.321,42.526,-111,7.5
2026-06-23 00:47:25,Pasillo Salones Civil,15.286,Silence,0.0,16.361,Silence,0.0,0.0,0.0,0.0,0.0,0.0,0.0,0.0,0.0,0.0,16.395,15.089,14.635,-80,11.8
2026-06-23 00:47:34,Salón - Uma Civil,28.461,Silence,0.0,51.449,Silence,0.0,0.0,0.0,0.0,0.0,0.0,0.0,0.0,0.0,0.0,36.254,24.229,21.291,-109,-0.5
2026-06-23 00:47:37,Laboratorios Civil Inferior,40.307,Silence,0.0,41.015,Silence,0.0,0.0,0.0,0.0,0.0,0.0,0.0,0.0,0.0,0.0,41.02,40.356,39.332,-114,
2026-06-23 00:47:40,Pasillo Decanato Eléctrica,13.963,Silence,0.0,14.59,Silence,0.0,0.0,0.0,0.0,0.0,0.0,0.0,0.0,0.0,0.0,14.645,14.134,12.998,-93,11.8
2026-06-23 00:47:47,Pasillo Salones Eléctrica,30.118,Silence,0.0,30.973,Silence,0.0,0.0,0.0,0.0,0.0,0.0,0.0,0.0,0.0,0.0,30.884,30.26,29.153,-84,12.0
2026-06-23 00:47:54,Salón - Extremo Eléctrica,14.431,Silence,0.0,15.284,Silence,0.0,0.0,0.0,0.0,0.0,0.0,0.0,0.0,0.0,0.0,15.464,14.385,13.786,-95,13.0
2026-06-23 00:48:02,Laboratorios Eléctrica Centro,20.736,Silence,0.0,21.606,Silence,0.0,0.0,0.0,0.0,0.0,0.0,0.0,0.0,0.0,0.0,21.587,20.541,20.014,-88,12.8
2026-06-23 00:48:17,Laboratorios Eléctrica Inferior,17.108,Silence,0.0,18.054,Silence,0.0,0.0,0.0,0.0,0.0,0.0,0.0,0.0,0.0,0.0,17.91,16.995,16.545,-111,5.2
2026-06-23 00:52:00,Lobby Civil,32.513,Silence,0.0,33.818,Silence,0.0,0.0,0.0,0.0,0.0,0.0,0.0,0.0,0.0,0.0,33.256,32.573,31.874,-95,3.8
2026-06-23 00:52:06,Laboratorios Civil Central,48.129,Mixed,60.46,50.315,Group 1 (Common),48.071,0.0,47.359,0.0,0.0,60.46,1.649,22.786,0.13,14.974,50.778,48.571,45.551,-90,11.3
2026-06-23 00:52:07,Laboratorios Civil Superior,30.441,Silence,0.0,32.001,Silence,0.0,0.0,0.0,0.0,0.0,0.0,0.0,0.0,0.0,0.0,31.933,30.359,29.248,-99,13.0
2026-06-23 00:52:08,Salón - Extremo Civil,13.54,Silence,0.0,14.42,Silence,0.0,0.0,0.0,0.0,0.0,0.0,0.0,0.0,0.0,0.0,14.487,13.545,12.813,-117,-8.3
2026-06-23 00:52:16,Laboratorios Eléctrica Superior,12.352,Silence,0.0,12.954,Silence,0.0,0.0,0.0,0.0,0.0,0.0,0.0,0.0,0.0,0.0,12.734,12.462,11.784,-94,11.3
2026-06-23 00:52:16,Lobby Eléctrica,27.352,Silence,0.0,28.224,Silence,0.0,0.0,0.0,0.0,0.0,0.0,0.0,0.0,0.0,0.0,28.12,27.161,26.747,-93,10.3
2026-06-23 00:52:24,Pasillo Decanato Civil,20.307,Silence,0.0,21.201,Silence,0.0,0.0,0.0,0.0,0.0,0.0,0.0,0.0,0.0,0.0,21.373,20.332,19.583,-82,13.8
2026-06-23 00:52:25,Salón - Uma Eléctrica,43.323,Silence,0.0,44.049,Silence,0.0,0.0,0.0,0.0,0.0,0.0,0.0,0.0,0.0,0.0,44.102,43.32,42.638,-103,10.8
2026-06-23 00:52:25,Pasillo Salones Civil,14.258,Silence,0.0,15.039,Silence,0.0,0.0,0.0,0.0,0.0,0.0,0.0,0.0,0.0,0.0,14.902,14.187,12.97,-83,12.3
2026-06-23 00:52:34,Salón - Uma Civil,63.652,Mixed,63.628,67.636,Group 3 (Rotary Tool),0.0,54.966,63.725,0.0,0.0,0.0,33.594,63.628,0.304,2.257,67.902,61.722,51.12,-97,12.0
2026-06-23 00:52:37,Laboratorios Civil Inferior,39.223,Silence,0.0,39.942,Silence,0.0,0.0,0.0,0.0,0.0,0.0,0.0,0.0,0.0,0.0,40.123,39.545,37.933,-107,4.5
2026-06-23 00:52:40,Pasillo Decanato Eléctrica,14.255,Silence,0.0,15.045,Silence,0.0,0.0,0.0,0.0,0.0,0.0,0.0,0.0,0.0,0.0,14.633,14.314,13.683,-115,0.2
2026-06-23 00:52:47,Pasillo Salones Eléctrica,43.219,Silence,0.0,51.617,Silence,0.0,0.0,0.0,0.0,0.0,0.0,0.0,0.0,0.0,0.0,52.899,30.648,30.261,-88,13.3
2026-06-23 00:52:54,Salón - Extremo Eléctrica,38.28,Silence,0.0,43.196,Silence,0.0,0.0,0.0,0.0,0.0,0.0,0.0,0.0,0.0,0.0,44.048,34.834,26.525,-75,12.3
2026-06-23 00:53:02,Laboratorios Eléctrica Centro,15.609,Silence,0.0,16.04,Silence,0.0,0.0,0.0,0.0,0.0,0.0,0.0,0.0,0.0,0.0,15.999,15.695,14.862,-115,-3.2
2026-06-23 00:53:17,Laboratorios Eléctrica Inferior,14.759,Silence,0.0,15.344,Silence,0.0,0.0,0.0,0.0,0.0,0.0,0.0,0.0,0.0,0.0,15.547,14.655,14.346,-111,4.3
2026-06-23 00:57:00,Lobby Civil,33.585,Silence,0.0,34.351,Silence,0.0,0.0,0.0,0.0,0.0,0.0,0.0,0.0,0.0,0.0,34.124,33.715,32.554,-119,-13.8
2026-06-23 00:57:06,Laboratorios Civil Central,50.551,Mixed,65.582,51.793,Group 1 (Common),50.288,0.0,0.0,0.0,50.501,65.582,3.906,4.774,0.174,25.347,51.503,50.483,49.016,-91,13.0
2026-06-23 00:57:07,Laboratorios Civil Superior,31.541,Silence,0.0,33.764,Silence,0.0,0.0,0.0,0.0,0.0,0.0,0.0,0.0,0.0,0.0,33.982,30.816,29.704,-90,11.3
2026-06-23 00:57:08,Salón - Extremo Civil,37.781,Silence,0.0,42.719,Silence,0.0,0.0,0.0,0.0,0.0,0.0,0.0,0.0,0.0,0.0,43.694,35.853,33.345,-90,11.2
2026-06-23 00:57:16,Laboratorios Eléctrica Superior,12.417,Silence,0.0,13.011,Silence,0.0,0.0,0.0,0.0,0.0,0.0,0.0,0.0,0.0,0.0,12.817,12.491,12.093,-91,12.5
2026-06-23 00:57:16,Lobby Eléctrica,28.199,Silence,0.0,28.664,Silence,0.0,0.0,0.0,0.0,0.0,0.0,0.0,0.0,0.0,0.0,28.632,28.23,27.566,-111,5.2
2026-06-23 00:57:24,Pasillo Decanato Civil,20.485,Silence,0.0,21.144,Silence,0.0,0.0,0.0,0.0,0.0,0.0,0.0,0.0,0.0,0.0,20.987,20.668,19.121,-83,10.8
2026-06-23 00:57:25,Salón - Uma Eléctrica,43.568,Silence,0.0,44.146,Silence,0.0,0.0,0.0,0.0,0.0,0.0,0.0,0.0,0.0,0.0,44.183,43.563,42.943,-119,-4.0
2026-06-23 00:57:25,Pasillo Salones Civil,40.393,Silence,0.0,44.423,Silence,0.0,0.0,0.0,0.0,0.0,0.0,0.0,0.0,0.0,0.0,44.612,39.122,15.667,-80,10.0
2026-06-23 00:57:34,Salón - Uma Civil,15.509,Silence,0.0,24.599,Silence,0.0,0.0,0.0,0.0,0.0,0.0,0.0,0.0,0.0,0.0,25.227,12.212,8.506,-117,0.5
2026-06-23 00:57:37,Laboratorios Civil Inferior,40.437,Silence,0.0,41.373,Silence,0.0,0.0,0.0,0.0,0.0,0.0,0.0,0.0,0.0,0.0,41.431,40.303,39.503,-111,3.8
2026-06-23 00:57:40,Pasillo Decanato Eléctrica,13.966,Silence,0.0,14.451,Silence,0.0,0.0,0.0,0.0,0.0,0.0,0.0,0.0,0.0,0.0,14.286,13.917,13.622,-115,0.5
2026-06-23 00:57:47,Pasillo Salones Eléctrica,32.155,Silence,0.0,41.133,Silence,0.0,0.0,0.0,0.0,0.0,0.0,0.0,0.0,0.0,0.0,37.339,31.094,28.949,-101,7.2
2026-06-23 00:57:54,Salón - Extremo Eléctrica,23.769,Silence,0.0,35.671,Silence,0.0,0.0,0.0,0.0,0.0,0.0,0.0,0.0,0.0,0.0,37.768,16.21,14.871,-93,11.8
2026-06-23 00:58:02,Laboratorios Eléctrica Centro,16.043,Silence,0.0,16.726,Silence,0.0,0.0,0.0,0.0,0.0,0.0,0.0,0.0,0.0,0.0,16.724,16.174,15.474,-93,12.0
2026-06-23 00:58:17,Laboratorios Eléctrica Inferior,14.522,Silence,0.0,15.113,Silence,0.0,0.0,0.0,0.0,0.0,0.0,0.0,0.0,0.0,0.0,15.094,14.327,14.152,-108,8.2
2026-06-23 01:02:00,Lobby Civil,32.41,Silence,0.0,33.068,Silence,0.0,0.0,0.0,0.0,0.0,0.0,0.0,0.0,0.0,0.0,33.342,32.374,31.262,-85,12.3
2026-06-23 01:02:06,Laboratorios Civil Central,48.295,Group 1 (Common),91.059,50.266,Group 1 (Common),48.597,0.0,0.0,0.0,0.0,91.059,0.608,0.043,0.087,8.16,50.626,48.233,45.6,-107,8.0
2026-06-23 01:02:07,Laboratorios Civil Superior,29.599,Silence,0.0,31.082,Silence,0.0,0.0,0.0,0.0,0.0,0.0,0.0,0.0,0.0,0.0,30.653,29.391,27.645,-96,12.5
2026-06-23 01:02:08,Salón - Extremo Civil,13.033,Silence,0.0,13.745,Silence,0.0,0.0,0.0,0.0,0.0,0.0,0.0,0.0,0.0,0.0,13.67,13.075,11.821,-80,14.8
2026-06-23 01:02:16,Laboratorios Eléctrica Superior,12.318,Silence,0.0,12.812,Silence,0.0,0.0,0.0,0.0,0.0,0.0,0.0,0.0,0.0,0.0,12.903,12.212,11.781,-93,11.3
2026-06-23 01:02:16,Lobby Eléctrica,27.243,Silence,0.0,27.948,Silence,0.0,0.0,0.0,0.0,0.0,0.0,0.0,0.0,0.0,0.0,28.329,26.865,26.122,-118,-10.0
2026-06-23 01:02:24,Pasillo Decanato Civil,20.461,Silence,0.0,20.955,Silence,0.0,0.0,0.0,0.0,0.0,0.0,0.0,0.0,0.0,0.0,20.846,20.598,19.774,-99,12.5
2026-06-23 01:02:25,Salón - Uma Eléctrica,43.986,Silence,0.0,44.935,Silence,0.0,0.0,0.0,0.0,0.0,0.0,0.0,0.0,0.0,0.0,44.738,43.866,43.32,-115,-1.2
2026-06-23 01:02:25,Pasillo Salones Civil,50.904,Group 5 (Vehicle),98.438,55.878,Group 5 (Vehicle),0.0,0.0,0.0,0.0,51.38,0.651,0.174,0.608,0.0,98.438,56.76,47.576,27.724,-80,11.8
2026-06-23 01:02:34,Salón - Uma Civil,9.137,Silence,0.0,9.849,Silence,0.0,0.0,0.0,0.0,0.0,0.0,0.0,0.0,0.0,0.0,9.644,9.168,8.743,-113,4.8
2026-06-23 01:02:37,Laboratorios Civil Inferior,40.735,Silence,0.0,41.697,Silence,0.0,0.0,0.0,0.0,0.0,0.0,0.0,0.0,0.0,0.0,41.625,40.604,39.623,-106,7.8
2026-06-23 01:02:40,Pasillo Decanato Eléctrica,14.062,Silence,0.0,14.574,Silence,0.0,0.0,0.0,0.0,0.0,0.0,0.0,0.0,0.0,0.0,14.518,14.179,13.518,-93,10.3
2026-06-23 01:02:47,Pasillo Salones Eléctrica,30.494,Silence,0.0,31.577,Silence,0.0,0.0,0.0,0.0,0.0,0.0,0.0,0.0,0.0,0.0,31.665,30.349,29.158,-84,11.3
2026-06-23 01:02:54,Salón - Extremo Eléctrica,14.603,Silence,0.0,15.284,Silence,0.0,0.0,0.0,0.0,0.0,0.0,0.0,0.0,0.0,0.0,15.527,14.569,13.857,-75,12.0
2026-06-23 01:03:02,Laboratorios Eléctrica Centro,15.017,Silence,0.0,15.701,Silence,0.0,0.0,0.0,0.0,0.0,0.0,0.0,0.0,0.0,0.0,15.522,14.924,14.566,-113,-7.8
2026-06-23 01:03:17,Laboratorios Eléctrica Inferior,14.511,Silence,0.0,15.079,Silence,0.0,0.0,0.0,0.0,0.0,0.0,0.0,0.0,0.0,0.0,14.997,14.48,14.071,-114,-0.5
2026-06-23 01:07:00,Lobby Civil,30.352,Silence,0.0,31.276,Silence,0.0,0.0,0.0,0.0,0.0,0.0,0.0,0.0,0.0,0.0,30.962,30.544,28.676,-86,12.0
2026-06-23 01:07:06,Laboratorios Civil Central,48.82,Group 1 (Common),89.551,51.446,Group 1 (Common),49.39,0.0,0.0,0.0,0.0,89.551,1.123,1.074,0.146,8.008,50.471,48.34,47.461,-108,8.0
2026-06-23 01:07:07,Laboratorios Civil Superior,29.705,Silence,0.0,31.956,Silence,0.0,0.0,0.0,0.0,0.0,0.0,0.0,0.0,0.0,0.0,31.304,29.564,27.871,-89,12.0
2026-06-23 01:07:08,Salón - Extremo Civil,13.335,Silence,0.0,13.984,Silence,0.0,0.0,0.0,0.0,0.0,0.0,0.0,0.0,0.0,0.0,13.876,13.201,12.582,-101,11.8
2026-06-23 01:07:16,Laboratorios Eléctrica Superior,12.472,Silence,0.0,13.276,Silence,0.0,0.0,0.0,0.0,0.0,0.0,0.0,0.0,0.0,0.0,13.228,12.418,11.967,-95,9.8
2026-06-23 01:07:16,Lobby Eléctrica,31.65,Silence,0.0,33.224,Silence,0.0,0.0,0.0,0.0,0.0,0.0,0.0,0.0,0.0,0.0,33.096,31.4,29.227,-87,12.0
2026-06-23 01:07:24,Pasillo Decanato Civil,20.732,Silence,0.0,21.499,Silence,0.0,0.0,0.0,0.0,0.0,0.0,0.0,0.0,0.0,0.0,21.526,20.492,20.395,-82,14.8
2026-06-23 01:07:25,Salón - Uma Eléctrica,44.188,Silence,0.0,45.005,Silence,0.0,0.0,0.0,0.0,0.0,0.0,0.0,0.0,0.0,0.0,45.363,44.026,43.508,-99,11.3
2026-06-23 01:07:25,Pasillo Salones Civil,16.164,Silence,0.0,18.692,Silence,0.0,0.0,0.0,0.0,0.0,0.0,0.0,0.0,0.0,0.0,19.292,16.025,13.865,-99,11.8
2026-06-23 01:07:37,Laboratorios Civil Inferior,40.813,Silence,0.0,41.703,Silence,0.0,0.0,0.0,0.0,0.0,0.0,0.0,0.0,0.0,0.0,42.391,40.23,39.551,-111,7.5
2026-06-23 01:07:40,Pasillo Decanato Eléctrica,14.3,Silence,0.0,14.99,Silence,0.0,0.0,0.0,0.0,0.0,0.0,0.0,0.0,0.0,0.0,14.833,14.269,13.766,-91,12.5
2026-06-23 01:07:47,Pasillo Salones Eléctrica,31.175,Silence,0.0,33.509,Silence,0.0,0.0,0.0,0.0,0.0,0.0,0.0,0.0,0.0,0.0,33.732,30.803,29.548,-105,11.0
2026-06-23 01:07:54,Salón - Extremo Eléctrica,14.872,Silence,0.0,15.659,Silence,0.0,0.0,0.0,0.0,0.0,0.0,0.0,0.0,0.0,0.0,15.825,14.896,14.029,-75,11.8
2026-06-23 01:08:02,Laboratorios Eléctrica Centro,15.832,Silence,0.0,16.757,Silence,0.0,0.0,0.0,0.0,0.0,0.0,0.0,0.0,0.0,0.0,17.047,15.691,15.143,-91,13.8
2026-06-23 01:08:17,Laboratorios Eléctrica Inferior,14.969,Silence,0.0,15.643,Silence,0.0,0.0,0.0,0.0,0.0,0.0,0.0,0.0,0.0,0.0,15.409,14.896,14.405,-109,8.5
2026-06-23 01:12:00,Lobby Civil,31.445,Silence,0.0,32.444,Silence,0.0,0.0,0.0,0.0,0.0,0.0,0.0,0.0,0.0,0.0,32.269,31.665,30.194,-105,9.5
2026-06-23 01:12:06,Laboratorios Civil Central,48.438,Group 1 (Common),73.481,50.041,Group 1 (Common),48.344,0.0,47.359,0.0,0.0,73.481,1.259,6.467,0.13,18.576,50.422,48.115,47.116,-91,12.0
2026-06-23 01:12:07,Laboratorios Civil Superior,29.578,Silence,0.0,31.255,Silence,0.0,0.0,0.0,0.0,0.0,0.0,0.0,0.0,0.0,0.0,30.84,29.536,27.589,-90,11.8
2026-06-23 01:12:08,Salón - Extremo Civil,13.248,Silence,0.0,14.082,Silence,0.0,0.0,0.0,0.0,0.0,0.0,0.0,0.0,0.0,0.0,14.427,13.16,12.38,-78,11.8
2026-06-23 01:12:16,Laboratorios Eléctrica Superior,12.219,Silence,0.0,12.892,Silence,0.0,0.0,0.0,0.0,0.0,0.0,0.0,0.0,0.0,0.0,13.095,12.152,11.76,-94,12.3
2026-06-23 01:12:16,Lobby Eléctrica,26.908,Silence,0.0,27.794,Silence,0.0,0.0,0.0,0.0,0.0,0.0,0.0,0.0,0.0,0.0,27.919,26.671,25.862,-114,-5.5
2026-06-23 01:12:24,Pasillo Decanato Civil,20.669,Silence,0.0,21.715,Silence,0.0,0.0,0.0,0.0,0.0,0.0,0.0,0.0,0.0,0.0,21.814,20.686,19.758,-99,7.8
2026-06-23 01:12:25,Salón - Uma Eléctrica,43.771,Silence,0.0,44.576,Silence,0.0,0.0,0.0,0.0,0.0,0.0,0.0,0.0,0.0,0.0,44.616,43.596,42.755,-101,9.0
2026-06-23 01:12:25,Pasillo Salones Civil,25.957,Silence,0.0,32.463,Silence,0.0,0.0,0.0,0.0,0.0,0.0,0.0,0.0,0.0,0.0,33.182,24.534,17.2,-101,12.8
2026-06-23 01:12:33,Salón - Uma Civil,13.931,Silence,0.0,17.142,Silence,0.0,0.0,0.0,0.0,0.0,0.0,0.0,0.0,0.0,0.0,17.832,13.163,11.263,-96,11.5
2026-06-23 01:12:37,Laboratorios Civil Inferior,41.461,Silence,0.0,42.087,Silence,0.0,0.0,0.0,0.0,0.0,0.0,0.0,0.0,0.0,0.0,42.293,41.23,40.865,-115,-1.5
2026-06-23 01:12:40,Pasillo Decanato Eléctrica,14.171,Silence,0.0,14.757,Silence,0.0,0.0,0.0,0.0,0.0,0.0,0.0,0.0,0.0,0.0,14.648,13.997,13.622,-93,11.8
2026-06-23 01:12:47,Pasillo Salones Eléctrica,30.418,Silence,0.0,31.341,Silence,0.0,0.0,0.0,0.0,0.0,0.0,0.0,0.0,0.0,0.0,30.914,30.353,29.884,-101,11.2
2026-06-23 01:12:54,Salón - Extremo Eléctrica,14.984,Silence,0.0,15.496,Silence,0.0,0.0,0.0,0.0,0.0,0.0,0.0,0.0,0.0,0.0,15.366,14.89,14.557,-91,13.5
2026-06-23 01:13:02,Laboratorios Eléctrica Centro,15.766,Silence,0.0,16.308,Silence,0.0,0.0,0.0,0.0,0.0,0.0,0.0,0.0,0.0,0.0,16.154,15.825,15.309,-113,2.5
2026-06-23 01:13:17,Laboratorios Eléctrica Inferior,14.629,Silence,0.0,15.433,Silence,0.0,0.0,0.0,0.0,0.0,0.0,0.0,0.0,0.0,0.0,15.392,14.717,13.971,-113,-0.8
2026-06-23 01:17:00,Lobby Civil,37.342,Silence,0.0,38.124,Silence,0.0,0.0,0.0,0.0,0.0,0.0,0.0,0.0,0.0,0.0,38.289,37.11,36.823,-86,12.3
2026-06-23 01:17:06,Laboratorios Civil Central,50.615,Group 1 (Common),84.028,52.604,Group 1 (Common),50.94,0.0,0.0,0.0,0.0,84.028,0.781,3.342,0.043,11.719,52.808,50.598,46.531,-100,6.5
2026-06-23 01:17:07,Laboratorios Civil Superior,30.826,Silence,0.0,32.16,Silence,0.0,0.0,0.0,0.0,0.0,0.0,0.0,0.0,0.0,0.0,32.276,30.667,28.899,-88,10.5
2026-06-23 01:17:08,Salón - Extremo Civil,12.941,Silence,0.0,13.992,Silence,0.0,0.0,0.0,0.0,0.0,0.0,0.0,0.0,0.0,0.0,13.672,12.865,12.304,-97,13.2
2026-06-23 01:17:16,Laboratorios Eléctrica Superior,12.681,Silence,0.0,13.832,Silence,0.0,0.0,0.0,0.0,0.0,0.0,0.0,0.0,0.0,0.0,14.253,12.558,12.037,-103,9.8
2026-06-23 01:17:16,Lobby Eléctrica,27.305,Silence,0.0,28.0,Silence,0.0,0.0,0.0,0.0,0.0,0.0,0.0,0.0,0.0,0.0,27.976,27.388,26.506,-117,1.8
2026-06-23 01:17:24,Pasillo Decanato Civil,19.809,Silence,0.0,20.594,Silence,0.0,0.0,0.0,0.0,0.0,0.0,0.0,0.0,0.0,0.0,20.542,19.872,19.206,-102,11.2
2026-06-23 01:17:25,Salón - Uma Eléctrica,43.602,Silence,0.0,44.007,Silence,0.0,0.0,0.0,0.0,0.0,0.0,0.0,0.0,0.0,0.0,44.11,43.474,43.201,-113,-2.2
2026-06-23 01:17:25,Pasillo Salones Civil,17.849,Silence,0.0,25.063,Silence,0.0,0.0,0.0,0.0,0.0,0.0,0.0,0.0,0.0,0.0,26.726,15.351,14.649,-83,12.5
2026-06-23 01:17:34,Salón - Uma Civil,9.777,Silence,0.0,10.567,Silence,0.0,0.0,0.0,0.0,0.0,0.0,0.0,0.0,0.0,0.0,10.558,9.58,8.965,-101,11.3
2026-06-23 01:17:37,Laboratorios Civil Inferior,41.167,Silence,0.0,42.078,Silence,0.0,0.0,0.0,0.0,0.0,0.0,0.0,0.0,0.0,0.0,42.393,41.105,40.04,-109,7.8
2026-06-23 01:17:40,Pasillo Decanato Eléctrica,14.302,Silence,0.0,14.937,Silence,0.0,0.0,0.0,0.0,0.0,0.0,0.0,0.0,0.0,0.0,14.81,14.512,13.61,-92,12.0
2026-06-23 01:17:47,Pasillo Salones Eléctrica,30.662,Silence,0.0,32.336,Silence,0.0,0.0,0.0,0.0,0.0,0.0,0.0,0.0,0.0,0.0,32.296,30.235,29.909,-86,13.0
2026-06-23 01:17:54,Salón - Extremo Eléctrica,15.247,Silence,0.0,16.217,Silence,0.0,0.0,0.0,0.0,0.0,0.0,0.0,0.0,0.0,0.0,16.58,15.326,13.679,-97,12.5
2026-06-23 01:18:02,Laboratorios Eléctrica Centro,15.285,Silence,0.0,15.736,Silence,0.0,0.0,0.0,0.0,0.0,0.0,0.0,0.0,0.0,0.0,15.889,15.442,14.512,-94,13.3
2026-06-23 01:18:17,Laboratorios Eléctrica Inferior,17.774,Silence,0.0,21.609,Silence,0.0,0.0,0.0,0.0,0.0,0.0,0.0,0.0,0.0,0.0,22.703,16.845,14.503,-113,4.5
2026-06-23 01:22:00,Lobby Civil,36.776,Silence,0.0,39.175,Silence,0.0,0.0,0.0,0.0,0.0,0.0,0.0,0.0,0.0,0.0,40.421,35.443,34.057,-103,12.0
2026-06-23 01:22:06,Laboratorios Civil Central,47.529,Group 1 (Common),79.34,49.039,Group 1 (Common),47.573,0.0,0.0,0.0,0.0,79.34,2.04,0.217,0.26,18.186,48.787,47.465,44.658,-91,14.5
2026-06-23 01:22:10,Laboratorios Civil Superior,31.806,Silence,0.0,34.689,Silence,0.0,0.0,0.0,0.0,0.0,0.0,0.0,0.0,0.0,0.0,34.439,31.633,28.958,-93,11.5
2026-06-23 01:22:10,Salón - Extremo Civil,12.733,Silence,0.0,13.467,Silence,0.0,0.0,0.0,0.0,0.0,0.0,0.0,0.0,0.0,0.0,13.259,12.775,12.179,-79,12.3
2026-06-23 01:22:16,Laboratorios Eléctrica Superior,16.265,Silence,0.0,17.517,Silence,0.0,0.0,0.0,0.0,0.0,0.0,0.0,0.0,0.0,0.0,17.113,16.408,15.069,-94,11.3
2026-06-23 01:22:16,Lobby Eléctrica,25.07,Silence,0.0,26.12,Silence,0.0,0.0,0.0,0.0,0.0,0.0,0.0,0.0,0.0,0.0,25.898,25.262,23.275,-111,5.5
2026-06-23 01:22:24,Pasillo Decanato Civil,20.163,Silence,0.0,20.787,Silence,0.0,0.0,0.0,0.0,0.0,0.0,0.0,0.0,0.0,0.0,20.807,20.353,19.208,-84,11.8
2026-06-23 01:22:25,Salón - Uma Eléctrica,44.15,Silence,0.0,44.836,Silence,0.0,0.0,0.0,0.0,0.0,0.0,0.0,0.0,0.0,0.0,44.76,44.045,43.684,-103,9.5
2026-06-23 01:22:25,Pasillo Salones Civil,13.696,Silence,0.0,14.526,Silence,0.0,0.0,0.0,0.0,0.0,0.0,0.0,0.0,0.0,0.0,14.46,13.887,12.706,-83,12.5
2026-06-23 01:22:34,Salón - Uma Civil,9.159,Silence,0.0,9.644,Silence,0.0,0.0,0.0,0.0,0.0,0.0,0.0,0.0,0.0,0.0,9.756,9.097,8.666,-104,5.3
2026-06-23 01:22:37,Laboratorios Civil Inferior,41.662,Silence,0.0,42.174,Silence,0.0,0.0,0.0,0.0,0.0,0.0,0.0,0.0,0.0,0.0,42.328,41.508,40.827,-112,2.0
2026-06-23 01:22:40,Pasillo Decanato Eléctrica,13.978,Silence,0.0,14.477,Silence,0.0,0.0,0.0,0.0,0.0,0.0,0.0,0.0,0.0,0.0,14.464,13.937,13.388,-93,11.3
2026-06-23 01:22:47,Pasillo Salones Eléctrica,30.686,Silence,0.0,31.771,Silence,0.0,0.0,0.0,0.0,0.0,0.0,0.0,0.0,0.0,0.0,31.639,30.655,29.276,-103,10.8
2026-06-23 01:22:54,Salón - Extremo Eléctrica,15.026,Silence,0.0,16.153,Silence,0.0,0.0,0.0,0.0,0.0,0.0,0.0,0.0,0.0,0.0,15.486,15.011,14.442,-90,10.0
2026-06-23 01:23:02,Laboratorios Eléctrica Centro,15.627,Silence,0.0,16.403,Silence,0.0,0.0,0.0,0.0,0.0,0.0,0.0,0.0,0.0,0.0,15.924,15.603,15.372,-114,-6.0
2026-06-23 01:23:17,Laboratorios Eléctrica Inferior,15.816,Silence,0.0,18.803,Silence,0.0,0.0,0.0,0.0,0.0,0.0,0.0,0.0,0.0,0.0,19.578,14.916,14.491,-109,8.2
2026-06-23 01:27:00,Lobby Civil,42.231,Silence,0.0,42.742,Silence,0.0,0.0,0.0,0.0,0.0,0.0,0.0,0.0,0.0,0.0,42.724,42.168,41.651,-117,-15.0
2026-06-23 01:27:06,Laboratorios Civil Central,49.818,Mixed,60.764,51.231,Group 1 (Common),49.718,0.0,0.0,0.0,48.721,60.764,0.998,5.122,0.0,32.856,51.315,49.618,46.957,-105,5.8
2026-06-23 01:27:07,Laboratorios Civil Superior,34.756,Silence,0.0,35.585,Silence,0.0,0.0,0.0,0.0,0.0,0.0,0.0,0.0,0.0,0.0,35.315,34.523,34.1,-92,12.3
2026-06-23 01:27:08,Salón - Extremo Civil,15.006,Silence,0.0,15.547,Silence,0.0,0.0,0.0,0.0,0.0,0.0,0.0,0.0,0.0,0.0,15.577,14.91,14.708,-81,9.8
2026-06-23 01:27:16,Laboratorios Eléctrica Superior,17.435,Silence,0.0,18.256,Silence,0.0,0.0,0.0,0.0,0.0,0.0,0.0,0.0,0.0,0.0,18.214,17.497,16.225,-91,13.0
2026-06-23 01:27:21,Lobby Eléctrica,36.391,Silence,0.0,37.154,Silence,0.0,0.0,0.0,0.0,0.0,0.0,0.0,0.0,0.0,0.0,37.259,36.481,35.452,-110,-1.5
2026-06-23 01:27:24,Pasillo Decanato Civil,20.38,Silence,0.0,21.016,Silence,0.0,0.0,0.0,0.0,0.0,0.0,0.0,0.0,0.0,0.0,21.038,20.561,19.42,-84,12.0
2026-06-23 01:27:25,Salón - Uma Eléctrica,44.385,Silence,0.0,45.555,Silence,0.0,0.0,0.0,0.0,0.0,0.0,0.0,0.0,0.0,0.0,45.833,44.228,43.166,-105,8.5
2026-06-23 01:27:25,Pasillo Salones Civil,20.832,Silence,0.0,22.148,Silence,0.0,0.0,0.0,0.0,0.0,0.0,0.0,0.0,0.0,0.0,22.251,20.638,19.678,-103,8.2
2026-06-23 01:27:34,Salón - Uma Civil,14.523,Silence,0.0,16.295,Silence,0.0,0.0,0.0,0.0,0.0,0.0,0.0,0.0,0.0,0.0,16.047,14.298,13.789,-115,1.0
2026-06-23 01:27:37,Laboratorios Civil Inferior,42.465,Silence,0.0,43.263,Silence,0.0,0.0,0.0,0.0,0.0,0.0,0.0,0.0,0.0,0.0,43.398,42.32,41.962,-107,-5.8
2026-06-23 01:27:40,Pasillo Decanato Eléctrica,14.191,Silence,0.0,14.972,Silence,0.0,0.0,0.0,0.0,0.0,0.0,0.0,0.0,0.0,0.0,15.044,14.24,13.499,-92,10.3
2026-06-23 01:27:47,Pasillo Salones Eléctrica,45.303,Group 2 (Impact),99.609,48.837,Group 2 (Impact),0.0,44.764,0.0,0.0,0.0,0.0,99.609,0.0,0.0,0.043,50.474,43.073,34.154,-85,11.8
2026-06-23 01:27:54,Salón - Extremo Eléctrica,29.403,Silence,0.0,37.872,Silence,0.0,0.0,0.0,0.0,0.0,0.0,0.0,0.0,0.0,0.0,37.552,25.465,16.415,-95,12.5
2026-06-23 01:28:02,Laboratorios Eléctrica Centro,22.298,Silence,0.0,23.04,Silence,0.0,0.0,0.0,0.0,0.0,0.0,0.0,0.0,0.0,0.0,22.982,22.174,21.775,-93,11.5
2026-06-23 01:28:17,Laboratorios Eléctrica Inferior,19.768,Silence,0.0,22.193,Silence,0.0,0.0,0.0,0.0,0.0,0.0,0.0,0.0,0.0,0.0,21.569,19.48,17.838,-111,3.3
2026-06-23 01:32:00,Lobby Civil,36.578,Silence,0.0,37.046,Silence,0.0,0.0,0.0,0.0,0.0,0.0,0.0,0.0,0.0,0.0,36.92,36.748,35.71,-86,12.5
2026-06-23 01:32:06,Laboratorios Civil Central,49.496,Group 1 (Common),93.576,50.967,Group 1 (Common),49.741,0.0,0.0,0.0,0.0,93.576,0.0,0.087,0.0,6.337,50.662,49.612,47.911,-107,9.2
2026-06-23 01:32:07,Laboratorios Civil Superior,35.407,Silence,0.0,36.198,Silence,0.0,0.0,0.0,0.0,0.0,0.0,0.0,0.0,0.0,0.0,36.144,35.386,34.828,-94,11.8
2026-06-23 01:32:08,Salón - Extremo Civil,13.197,Silence,0.0,13.865,Silence,0.0,0.0,0.0,0.0,0.0,0.0,0.0,0.0,0.0,0.0,13.704,13.166,12.614,-117,-10.0
2026-06-23 01:32:16,Laboratorios Eléctrica Superior,16.83,Silence,0.0,17.412,Silence,0.0,0.0,0.0,0.0,0.0,0.0,0.0,0.0,0.0,0.0,17.497,16.859,15.877,-92,11.0
2026-06-23 01:32:16,Lobby Eléctrica,28.156,Silence,0.0,30.085,Silence,0.0,0.0,0.0,0.0,0.0,0.0,0.0,0.0,0.0,0.0,31.075,27.67,24.889,-113,0.5
2026-06-23 01:32:25,Pasillo Decanato Civil,19.981,Silence,0.0,20.743,Silence,0.0,0.0,0.0,0.0,0.0,0.0,0.0,0.0,0.0,0.0,20.409,20.0,19.497,-99,12.0
2026-06-23 01:32:29,Salón - Uma Eléctrica,44.265,Silence,0.0,44.635,Silence,0.0,0.0,0.0,0.0,0.0,0.0,0.0,0.0,0.0,0.0,44.781,44.313,43.322,-102,11.3
2026-06-23 01:32:29,Pasillo Salones Civil,13.653,Silence,0.0,14.45,Silence,0.0,0.0,0.0,0.0,0.0,0.0,0.0,0.0,0.0,0.0,14.187,13.442,13.063,-82,12.5
2026-06-23 01:32:34,Salón - Uma Civil,10.027,Silence,0.0,10.613,Silence,0.0,0.0,0.0,0.0,0.0,0.0,0.0,0.0,0.0,0.0,10.273,10.023,9.794,-114,-2.8
2026-06-23 01:32:37,Laboratorios Civil Inferior,42.111,Silence,0.0,42.629,Silence,0.0,0.0,0.0,0.0,0.0,0.0,0.0,0.0,0.0,0.0,42.648,42.111,41.196,-107,8.0
2026-06-23 01:32:40,Pasillo Decanato Eléctrica,14.059,Silence,0.0,14.734,Silence,0.0,0.0,0.0,0.0,0.0,0.0,0.0,0.0,0.0,0.0,14.96,14.047,13.377,-117,-6.2
2026-06-23 01:32:47,Pasillo Salones Eléctrica,30.11,Silence,0.0,31.002,Silence,0.0,0.0,0.0,0.0,0.0,0.0,0.0,0.0,0.0,0.0,30.816,30.151,29.095,-84,11.3
2026-06-23 01:32:54,Salón - Extremo Eléctrica,15.591,Silence,0.0,16.147,Silence,0.0,0.0,0.0,0.0,0.0,0.0,0.0,0.0,0.0,0.0,16.07,15.479,15.182,-77,12.3
2026-06-23 01:33:02,Laboratorios Eléctrica Centro,22.364,Silence,0.0,23.128,Silence,0.0,0.0,0.0,0.0,0.0,0.0,0.0,0.0,0.0,0.0,23.324,22.323,21.687,-94,12.3
2026-06-23 01:33:17,Laboratorios Eléctrica Inferior,18.06,Silence,0.0,18.765,Silence,0.0,0.0,0.0,0.0,0.0,0.0,0.0,0.0,0.0,0.0,18.405,18.182,17.537,-115,-0.3
2026-06-23 01:37:00,Lobby Civil,43.024,Silence,0.0,44.692,Silence,0.0,0.0,0.0,0.0,0.0,0.0,0.0,0.0,0.0,0.0,44.219,43.002,41.829,-108,9.0
2026-06-23 01:37:06,Laboratorios Civil Central,50.076,Mixed,60.59,51.306,Group 1 (Common),50.11,0.0,0.0,0.0,50.323,60.59,0.564,1.997,0.043,36.589,51.54,50.013,49.0,-91,12.8
2026-06-23 01:37:07,Laboratorios Civil Superior,34.856,Silence,0.0,36.583,Silence,0.0,0.0,0.0,0.0,0.0,0.0,0.0,0.0,0.0,0.0,37.196,34.635,34.029,-97,12.0
2026-06-23 01:37:09,Salón - Extremo Civil,13.196,Silence,0.0,13.802,Silence,0.0,0.0,0.0,0.0,0.0,0.0,0.0,0.0,0.0,0.0,13.793,13.021,12.889,-83,12.3
2026-06-23 01:37:16,Laboratorios Eléctrica Superior,16.857,Silence,0.0,17.572,Silence,0.0,0.0,0.0,0.0,0.0,0.0,0.0,0.0,0.0,0.0,17.264,16.91,16.427,-97,12.5
2026-06-23 01:37:16,Lobby Eléctrica,35.787,Silence,0.0,36.623,Silence,0.0,0.0,0.0,0.0,0.0,0.0,0.0,0.0,0.0,0.0,36.559,35.941,34.649,-111,0.2
2026-06-23 01:37:24,Pasillo Decanato Civil,20.715,Silence,0.0,21.283,Silence,0.0,0.0,0.0,0.0,0.0,0.0,0.0,0.0,0.0,0.0,21.333,20.683,19.965,-82,12.8
2026-06-23 01:37:25,Salón - Uma Eléctrica,43.599,Silence,0.0,44.462,Silence,0.0,0.0,0.0,0.0,0.0,0.0,0.0,0.0,0.0,0.0,44.395,43.566,43.065,-115,0.2
2026-06-23 01:37:25,Pasillo Salones Civil,18.051,Silence,0.0,22.382,Silence,0.0,0.0,0.0,0.0,0.0,0.0,0.0,0.0,0.0,0.0,23.412,15.751,13.708,-101,12.5
2026-06-23 01:37:34,Salón - Uma Civil,10.093,Silence,0.0,11.072,Silence,0.0,0.0,0.0,0.0,0.0,0.0,0.0,0.0,0.0,0.0,11.097,10.065,9.267,-114,-1.5
2026-06-23 01:37:38,Laboratorios Civil Inferior,43.022,Silence,0.0,43.577,Silence,0.0,0.0,0.0,0.0,0.0,0.0,0.0,0.0,0.0,0.0,43.786,43.019,42.066,-116,-7.0
2026-06-23 01:37:40,Pasillo Decanato Eléctrica,14.113,Silence,0.0,14.675,Silence,0.0,0.0,0.0,0.0,0.0,0.0,0.0,0.0,0.0,0.0,14.555,14.3,13.413,-91,12.8
2026-06-23 01:37:47,Pasillo Salones Eléctrica,39.927,Silence,0.0,44.193,Silence,0.0,0.0,0.0,0.0,0.0,0.0,0.0,0.0,0.0,0.0,45.79,39.275,33.687,-85,9.5
2026-06-23 01:37:54,Salón - Extremo Eléctrica,15.672,Silence,0.0,16.537,Silence,0.0,0.0,0.0,0.0,0.0,0.0,0.0,0.0,0.0,0.0,16.656,15.412,15.142,-76,12.5
2026-06-23 01:38:02,Laboratorios Eléctrica Centro,22.495,Silence,0.0,23.255,Silence,0.0,0.0,0.0,0.0,0.0,0.0,0.0,0.0,0.0,0.0,23.148,22.42,21.953,-114,2.2
2026-06-23 01:38:17,Laboratorios Eléctrica Inferior,17.414,Silence,0.0,18.716,Silence,0.0,0.0,0.0,0.0,0.0,0.0,0.0,0.0,0.0,0.0,18.243,17.451,16.635,-109,6.5
2026-06-23 01:42:00,Lobby Civil,32.173,Silence,0.0,32.958,Silence,0.0,0.0,0.0,0.0,0.0,0.0,0.0,0.0,0.0,0.0,33.203,32.211,30.901,-108,5.0
2026-06-23 01:42:06,Laboratorios Civil Central,49.794,Group 1 (Common),84.549,50.943,Group 1 (Common),49.868,0.0,0.0,0.0,0.0,84.549,0.434,0.738,0.043,14.193,51.118,49.88,47.08,-107,7.5
2026-06-23 01:42:07,Laboratorios Civil Superior,35.408,Silence,0.0,36.21,Silence,0.0,0.0,0.0,0.0,0.0,0.0,0.0,0.0,0.0,0.0,36.488,34.969,34.166,-91,14.8
2026-06-23 01:42:08,Salón - Extremo Civil,16.665,Silence,0.0,22.283,Silence,0.0,0.0,0.0,0.0,0.0,0.0,0.0,0.0,0.0,0.0,24.197,13.598,12.772,-78,12.3
2026-06-23 01:42:16,Laboratorios Eléctrica Superior,16.126,Silence,0.0,16.738,Silence,0.0,0.0,0.0,0.0,0.0,0.0,0.0,0.0,0.0,0.0,16.758,15.98,15.449,-92,12.0
2026-06-23 01:42:16,Lobby Eléctrica,27.81,Silence,0.0,28.73,Silence,0.0,0.0,0.0,0.0,0.0,0.0,0.0,0.0,0.0,0.0,28.689,27.72,27.196,-113,
2026-06-23 01:42:25,Pasillo Decanato Civil,20.186,Silence,0.0,21.017,Silence,0.0,0.0,0.0,0.0,0.0,0.0,0.0,0.0,0.0,0.0,20.898,20.221,19.493,-84,11.5
2026-06-23 01:42:25,Salón - Uma Eléctrica,44.255,Silence,0.0,45.124,Silence,0.0,0.0,0.0,0.0,0.0,0.0,0.0,0.0,0.0,0.0,45.206,44.23,43.265,-97,11.8
2026-06-23 01:42:25,Pasillo Salones Civil,13.638,Silence,0.0,14.712,Silence,0.0,0.0,0.0,0.0,0.0,0.0,0.0,0.0,0.0,0.0,14.354,13.705,12.9,-96,12.0
2026-06-23 01:42:34,Salón - Uma Civil,11.043,Silence,0.0,13.357,Silence,0.0,0.0,0.0,0.0,0.0,0.0,0.0,0.0,0.0,0.0,12.606,10.868,10.229,-102,10.0
2026-06-23 01:42:37,Laboratorios Civil Inferior,42.21,Silence,0.0,42.965,Silence,0.0,0.0,0.0,0.0,0.0,0.0,0.0,0.0,0.0,0.0,43.103,42.228,41.688,-116,-3.5
2026-06-23 01:42:40,Pasillo Decanato Eléctrica,14.153,Silence,0.0,14.588,Silence,0.0,0.0,0.0,0.0,0.0,0.0,0.0,0.0,0.0,0.0,14.47,14.191,13.589,-93,11.5
2026-06-23 01:42:47,Pasillo Salones Eléctrica,29.797,Silence,0.0,30.445,Silence,0.0,0.0,0.0,0.0,0.0,0.0,0.0,0.0,0.0,0.0,30.622,29.748,28.997,-84,11.5
2026-06-23 01:42:54,Salón - Extremo Eléctrica,15.535,Silence,0.0,18.021,Silence,0.0,0.0,0.0,0.0,0.0,0.0,0.0,0.0,0.0,0.0,16.87,15.505,14.548,-76,9.8
2026-06-23 01:43:02,Laboratorios Eléctrica Centro,21.366,Silence,0.0,22.093,Silence,0.0,0.0,0.0,0.0,0.0,0.0,0.0,0.0,0.0,0.0,22.21,21.2,20.875,-117,1.2
2026-06-23 01:43:17,Laboratorios Eléctrica Inferior,17.12,Silence,0.0,18.132,Silence,0.0,0.0,0.0,0.0,0.0,0.0,0.0,0.0,0.0,0.0,17.676,17.005,16.506,-102,1.2
2026-06-23 01:47:00,Lobby Civil,32.587,Silence,0.0,33.366,Silence,0.0,0.0,0.0,0.0,0.0,0.0,0.0,0.0,0.0,0.0,33.657,32.384,31.751,-102,10.5
2026-06-23 01:47:06,Laboratorios Civil Central,50.54,Mixed,68.576,51.445,Group 1 (Common),50.473,0.0,51.109,0.0,0.0,68.576,3.776,20.313,0.217,7.292,51.695,50.573,48.616,-94,14.3
2026-06-23 01:47:07,Laboratorios Civil Superior,34.08,Silence,0.0,35.474,Silence,0.0,0.0,0.0,0.0,0.0,0.0,0.0,0.0,0.0,0.0,35.078,33.669,32.656,-91,12.5
2026-06-23 01:47:08,Salón - Extremo Civil,13.014,Silence,0.0,13.82,Silence,0.0,0.0,0.0,0.0,0.0,0.0,0.0,0.0,0.0,0.0,14.014,12.99,12.053,-79,12.5
2026-06-23 01:47:16,Laboratorios Eléctrica Superior,16.243,Silence,0.0,16.98,Silence,0.0,0.0,0.0,0.0,0.0,0.0,0.0,0.0,0.0,0.0,17.214,16.346,15.433,-95,11.5
2026-06-23 01:47:16,Lobby Eléctrica,28.003,Silence,0.0,28.729,Silence,0.0,0.0,0.0,0.0,0.0,0.0,0.0,0.0,0.0,0.0,28.641,28.093,27.239,-113,0.2
2026-06-23 01:47:25,Pasillo Decanato Civil,19.411,Silence,0.0,20.208,Silence,0.0,0.0,0.0,0.0,0.0,0.0,0.0,0.0,0.0,0.0,19.991,19.378,18.866,-81,12.3
2026-06-23 01:47:25,Salón - Uma Eléctrica,43.358,Silence,0.0,44.019,Silence,0.0,0.0,0.0,0.0,0.0,0.0,0.0,0.0,0.0,0.0,43.648,43.357,42.963,-99,10.5
2026-06-23 01:47:25,Pasillo Salones Civil,13.704,Silence,0.0,14.293,Silence,0.0,0.0,0.0,0.0,0.0,0.0,0.0,0.0,0.0,0.0,14.224,13.796,13.132,-81,9.5
2026-06-23 01:47:34,Salón - Uma Civil,10.087,Silence,0.0,11.206,Silence,0.0,0.0,0.0,0.0,0.0,0.0,0.0,0.0,0.0,0.0,10.794,10.077,8.472,-96,11.5
2026-06-23 01:47:37,Laboratorios Civil Inferior,42.55,Silence,0.0,43.445,Silence,0.0,0.0,0.0,0.0,0.0,0.0,0.0,0.0,0.0,0.0,43.192,42.491,41.528,-111,-0.5
2026-06-23 01:47:40,Pasillo Decanato Eléctrica,14.079,Silence,0.0,14.48,Silence,0.0,0.0,0.0,0.0,0.0,0.0,0.0,0.0,0.0,0.0,14.425,14.223,13.368,-92,11.8
2026-06-23 01:47:47,Pasillo Salones Eléctrica,38.725,Silence,0.0,44.805,Silence,0.0,0.0,0.0,0.0,0.0,0.0,0.0,0.0,0.0,0.0,46.356,34.893,30.174,-107,10.5
2026-06-23 01:47:54,Salón - Extremo Eléctrica,17.869,Silence,0.0,21.103,Silence,0.0,0.0,0.0,0.0,0.0,0.0,0.0,0.0,0.0,0.0,22.2,16.405,15.002,-76,12.5
2026-06-23 01:48:02,Laboratorios Eléctrica Centro,21.58,Silence,0.0,22.489,Silence,0.0,0.0,0.0,0.0,0.0,0.0,0.0,0.0,0.0,0.0,22.318,21.696,20.562,-90,11.3
2026-06-23 01:48:17,Laboratorios Eléctrica Inferior,17.199,Silence,0.0,18.095,Silence,0.0,0.0,0.0,0.0,0.0,0.0,0.0,0.0,0.0,0.0,17.917,17.152,16.111,-113,4.5
2026-06-23 01:52:00,Lobby Civil,35.647,Silence,0.0,36.485,Silence,0.0,0.0,0.0,0.0,0.0,0.0,0.0,0.0,0.0,0.0,36.195,35.642,34.914,-86,12.0
2026-06-23 01:52:06,Laboratorios Civil Central,49.291,Group 1 (Common),74.609,50.175,Group 1 (Common),49.108,0.0,0.0,0.0,0.0,74.609,1.416,2.344,0.0,21.484,50.359,49.452,47.462,-103,9.5
2026-06-23 01:52:07,Laboratorios Civil Superior,33.652,Silence,0.0,34.569,Silence,0.0,0.0,0.0,0.0,0.0,0.0,0.0,0.0,0.0,0.0,34.361,33.651,32.926,-91,12.5
2026-06-23 01:52:08,Salón - Extremo Civil,14.549,Silence,0.0,15.431,Silence,0.0,0.0,0.0,0.0,0.0,0.0,0.0,0.0,0.0,0.0,15.716,14.351,13.821,-117,-9.5
2026-06-23 01:52:16,Laboratorios Eléctrica Superior,16.033,Silence,0.0,16.676,Silence,0.0,0.0,0.0,0.0,0.0,0.0,0.0,0.0,0.0,0.0,16.7,16.136,15.429,-97,10.3
2026-06-23 01:52:16,Lobby Eléctrica,27.855,Silence,0.0,28.972,Silence,0.0,0.0,0.0,0.0,0.0,0.0,0.0,0.0,0.0,0.0,29.269,27.495,26.838,-88,12.3
2026-06-23 01:52:25,Pasillo Decanato Civil,20.23,Silence,0.0,21.174,Silence,0.0,0.0,0.0,0.0,0.0,0.0,0.0,0.0,0.0,0.0,21.505,20.039,19.318,-99,10.0
2026-06-23 01:52:25,Salón - Uma Eléctrica,43.974,Silence,0.0,44.569,Silence,0.0,0.0,0.0,0.0,0.0,0.0,0.0,0.0,0.0,0.0,44.473,44.025,43.219,-117,-3.0
2026-06-23 01:52:25,Pasillo Salones Civil,24.565,Silence,0.0,30.746,Silence,0.0,0.0,0.0,0.0,0.0,0.0,0.0,0.0,0.0,0.0,26.883,24.275,20.431,-83,12.3
2026-06-23 01:52:34,Salón - Uma Civil,10.762,Silence,0.0,11.367,Silence,0.0,0.0,0.0,0.0,0.0,0.0,0.0,0.0,0.0,0.0,11.573,10.543,10.37,-97,11.8
2026-06-23 01:52:37,Laboratorios Civil Inferior,42.706,Silence,0.0,43.294,Silence,0.0,0.0,0.0,0.0,0.0,0.0,0.0,0.0,0.0,0.0,43.243,42.616,42.11,-117,-5.5
2026-06-23 01:52:40,Pasillo Decanato Eléctrica,14.038,Silence,0.0,14.481,Silence,0.0,0.0,0.0,0.0,0.0,0.0,0.0,0.0,0.0,0.0,14.445,13.868,13.437,-115,-3.2
2026-06-23 01:52:47,Pasillo Salones Eléctrica,36.79,Silence,0.0,42.641,Silence,0.0,0.0,0.0,0.0,0.0,0.0,0.0,0.0,0.0,0.0,43.807,30.823,29.744,-85,14.8
2026-06-23 01:52:54,Salón - Extremo Eléctrica,15.938,Silence,0.0,19.838,Silence,0.0,0.0,0.0,0.0,0.0,0.0,0.0,0.0,0.0,0.0,18.149,15.407,14.851,-76,12.8
2026-06-23 01:53:02,Laboratorios Eléctrica Centro,21.275,Silence,0.0,22.16,Silence,0.0,0.0,0.0,0.0,0.0,0.0,0.0,0.0,0.0,0.0,21.923,21.317,20.488,-88,12.3
2026-06-23 01:53:17,Laboratorios Eléctrica Inferior,19.931,Silence,0.0,21.094,Silence,0.0,0.0,0.0,0.0,0.0,0.0,0.0,0.0,0.0,0.0,21.21,20.384,18.042,-109,7.5
2026-06-23 01:57:00,Lobby Civil,32.704,Silence,0.0,33.458,Silence,0.0,0.0,0.0,0.0,0.0,0.0,0.0,0.0,0.0,0.0,33.224,32.727,31.756,-103,9.0
2026-06-23 01:57:06,Laboratorios Civil Central,48.346,Group 1 (Common),75.781,49.147,Group 1 (Common),48.397,0.0,0.0,0.0,48.049,75.781,0.955,0.521,0.087,22.786,48.969,48.709,47.415,-91,14.5
2026-06-23 01:57:07,Laboratorios Civil Superior,34.969,Silence,0.0,36.252,Silence,0.0,0.0,0.0,0.0,0.0,0.0,0.0,0.0,0.0,0.0,36.003,34.761,33.974,-89,12.3
2026-06-23 01:57:08,Salón - Extremo Civil,13.144,Silence,0.0,13.65,Silence,0.0,0.0,0.0,0.0,0.0,0.0,0.0,0.0,0.0,0.0,13.514,13.224,12.619,-101,12.2
2026-06-23 01:57:16,Laboratorios Eléctrica Superior,16.906,Silence,0.0,17.647,Silence,0.0,0.0,0.0,0.0,0.0,0.0,0.0,0.0,0.0,0.0,17.385,16.849,16.341,-91,12.5
2026-06-23 01:57:16,Lobby Eléctrica,26.559,Silence,0.0,27.5,Silence,0.0,0.0,0.0,0.0,0.0,0.0,0.0,0.0,0.0,0.0,27.514,26.487,25.351,-115,3.0
2026-06-23 01:57:25,Pasillo Decanato Civil,20.452,Silence,0.0,21.554,Silence,0.0,0.0,0.0,0.0,0.0,0.0,0.0,0.0,0.0,0.0,21.613,20.447,19.618,-97,11.2
2026-06-23 01:57:25,Salón - Uma Eléctrica,44.539,Silence,0.0,45.385,Silence,0.0,0.0,0.0,0.0,0.0,0.0,0.0,0.0,0.0,0.0,45.586,44.598,43.599,-107,-9.8
2026-06-23 01:57:25,Pasillo Salones Civil,13.616,Silence,0.0,14.131,Silence,0.0,0.0,0.0,0.0,0.0,0.0,0.0,0.0,0.0,0.0,13.963,13.59,13.347,-96,11.5
2026-06-23 01:57:34,Salón - Uma Civil,9.434,Silence,0.0,9.969,Silence,0.0,0.0,0.0,0.0,0.0,0.0,0.0,0.0,0.0,0.0,10.041,9.492,8.324,-100,10.0
2026-06-23 01:57:37,Laboratorios Civil Inferior,42.855,Silence,0.0,43.391,Silence,0.0,0.0,0.0,0.0,0.0,0.0,0.0,0.0,0.0,0.0,43.52,42.743,42.346,-107,8.0
2026-06-23 01:57:40,Pasillo Decanato Eléctrica,13.995,Silence,0.0,14.588,Silence,0.0,0.0,0.0,0.0,0.0,0.0,0.0,0.0,0.0,0.0,14.847,13.823,13.233,-115,-4.8
2026-06-23 01:57:47,Pasillo Salones Eléctrica,30.741,Silence,0.0,32.267,Silence,0.0,0.0,0.0,0.0,0.0,0.0,0.0,0.0,0.0,0.0,31.864,30.387,29.584,-85,9.8
2026-06-23 01:57:54,Salón - Extremo Eléctrica,16.222,Silence,0.0,16.975,Silence,0.0,0.0,0.0,0.0,0.0,0.0,0.0,0.0,0.0,0.0,17.031,16.228,15.207,-101,12.0
2026-06-23 01:58:02,Laboratorios Eléctrica Centro,21.393,Silence,0.0,22.101,Silence,0.0,0.0,0.0,0.0,0.0,0.0,0.0,0.0,0.0,0.0,22.331,21.238,20.451,-111,2.0
2026-06-23 01:58:17,Laboratorios Eléctrica Inferior,17.922,Silence,0.0,19.068,Silence,0.0,0.0,0.0,0.0,0.0,0.0,0.0,0.0,0.0,0.0,18.879,17.77,17.235,-113,2.0
2026-06-23 02:02:00,Lobby Civil,33.65,Silence,0.0,34.379,Silence,0.0,0.0,0.0,0.0,0.0,0.0,0.0,0.0,0.0,0.0,34.396,33.65,33.049,-84,12.8
2026-06-23 02:02:06,Laboratorios Civil Central,49.921,Group 1 (Common),79.644,50.906,Group 1 (Common),49.676,0.0,0.0,0.0,0.0,79.644,0.868,1.345,0.043,18.099,51.365,49.864,47.088,-94,14.0
2026-06-23 02:02:07,Laboratorios Civil Superior,34.362,Silence,0.0,35.219,Silence,0.0,0.0,0.0,0.0,0.0,0.0,0.0,0.0,0.0,0.0,35.307,34.352,32.954,-91,14.8
2026-06-23 02:02:09,Salón - Extremo Civil,13.445,Silence,0.0,14.236,Silence,0.0,0.0,0.0,0.0,0.0,0.0,0.0,0.0,0.0,0.0,14.297,13.529,12.678,-117,-14.0
2026-06-23 02:02:16,Laboratorios Eléctrica Superior,18.004,Silence,0.0,18.674,Silence,0.0,0.0,0.0,0.0,0.0,0.0,0.0,0.0,0.0,0.0,18.413,18.111,17.089,-92,12.3
2026-06-23 02:02:16,Lobby Eléctrica,28.195,Silence,0.0,28.827,Silence,0.0,0.0,0.0,0.0,0.0,0.0,0.0,0.0,0.0,0.0,28.761,28.128,27.554,-111,1.0
2026-06-23 02:02:25,Pasillo Decanato Civil,20.213,Silence,0.0,21.025,Silence,0.0,0.0,0.0,0.0,0.0,0.0,0.0,0.0,0.0,0.0,20.963,20.351,19.336,-99,10.5
2026-06-23 02:02:25,Salón - Uma Eléctrica,44.044,Silence,0.0,44.73,Silence,0.0,0.0,0.0,0.0,0.0,0.0,0.0,0.0,0.0,0.0,44.894,44.291,42.9,-97,12.0
2026-06-23 02:02:25,Pasillo Salones Civil,14.023,Silence,0.0,14.307,Silence,0.0,0.0,0.0,0.0,0.0,0.0,0.0,0.0,0.0,0.0,14.436,14.004,13.649,-96,11.0
2026-06-23 02:02:34,Salón - Uma Civil,9.239,Silence,0.0,9.761,Silence,0.0,0.0,0.0,0.0,0.0,0.0,0.0,0.0,0.0,0.0,9.781,9.258,8.405,-114,0.8
2026-06-23 02:02:37,Laboratorios Civil Inferior,43.06,Silence,0.0,43.423,Silence,0.0,0.0,0.0,0.0,0.0,0.0,0.0,0.0,0.0,0.0,43.284,43.038,42.646,-106,7.2
2026-06-23 02:02:40,Pasillo Decanato Eléctrica,14.395,Silence,0.0,15.04,Silence,0.0,0.0,0.0,0.0,0.0,0.0,0.0,0.0,0.0,0.0,14.874,14.427,13.487,-94,13.8
2026-06-23 02:02:47,Pasillo Salones Eléctrica,38.801,Silence,0.0,45.536,Silence,0.0,0.0,0.0,0.0,0.0,0.0,0.0,0.0,0.0,0.0,44.805,35.819,34.238,-84,12.8
2026-06-23 02:02:54,Salón - Extremo Eléctrica,18.081,Silence,0.0,21.535,Silence,0.0,0.0,0.0,0.0,0.0,0.0,0.0,0.0,0.0,0.0,20.155,17.996,16.616,-77,12.0
2026-06-23 02:03:02,Laboratorios Eléctrica Centro,25.067,Silence,0.0,27.085,Silence,0.0,0.0,0.0,0.0,0.0,0.0,0.0,0.0,0.0,0.0,27.12,24.815,22.993,-94,11.5
2026-06-23 02:03:17,Laboratorios Eléctrica Inferior,17.895,Silence,0.0,18.316,Silence,0.0,0.0,0.0,0.0,0.0,0.0,0.0,0.0,0.0,0.0,18.176,18.018,17.625,-108,8.2
2026-06-23 02:07:00,Lobby Civil,32.949,Silence,0.0,33.87,Silence,0.0,0.0,0.0,0.0,0.0,0.0,0.0,0.0,0.0,0.0,33.569,32.721,32.429,-86,11.0
2026-06-23 02:07:06,Laboratorios Civil Central,48.491,Group 1 (Common),91.753,49.902,Group 1 (Common),48.748,0.0,0.0,0.0,0.0,91.753,0.434,0.26,0.13,7.465,49.537,48.605,47.164,-105,11.0
2026-06-23 02:07:07,Laboratorios Civil Superior,30.322,Silence,0.0,31.354,Silence,0.0,0.0,0.0,0.0,0.0,0.0,0.0,0.0,0.0,0.0,30.942,30.146,29.432,-95,10.8
2026-06-23 02:07:09,Salón - Extremo Civil,13.256,Silence,0.0,13.734,Silence,0.0,0.0,0.0,0.0,0.0,0.0,0.0,0.0,0.0,0.0,13.645,13.186,12.901,-117,-6.0
2026-06-23 02:07:16,Laboratorios Eléctrica Superior,13.065,Silence,0.0,13.858,Silence,0.0,0.0,0.0,0.0,0.0,0.0,0.0,0.0,0.0,0.0,13.69,12.973,12.283,-99,13.2
2026-06-23 02:07:16,Lobby Eléctrica,25.755,Silence,0.0,26.607,Silence,0.0,0.0,0.0,0.0,0.0,0.0,0.0,0.0,0.0,0.0,26.674,25.675,24.899,-109,7.0
2026-06-23 02:07:25,Pasillo Decanato Civil,20.476,Silence,0.0,21.381,Silence,0.0,0.0,0.0,0.0,0.0,0.0,0.0,0.0,0.0,0.0,21.269,20.249,19.658,-103,8.2
2026-06-23 02:07:25,Salón - Uma Eléctrica,44.43,Silence,0.0,45.209,Silence,0.0,0.0,0.0,0.0,0.0,0.0,0.0,0.0,0.0,0.0,45.236,44.641,43.089,-103,10.3
2026-06-23 02:07:25,Pasillo Salones Civil,13.678,Silence,0.0,14.299,Silence,0.0,0.0,0.0,0.0,0.0,0.0,0.0,0.0,0.0,0.0,14.133,13.791,12.755,-81,9.8
2026-06-23 02:07:34,Salón - Uma Civil,9.11,Silence,0.0,9.779,Silence,0.0,0.0,0.0,0.0,0.0,0.0,0.0,0.0,0.0,0.0,9.602,9.307,8.277,-108,-9.8
2026-06-23 02:07:37,Laboratorios Civil Inferior,42.397,Silence,0.0,42.898,Silence,0.0,0.0,0.0,0.0,0.0,0.0,0.0,0.0,0.0,0.0,43.071,42.295,41.662,-115,-1.0
2026-06-23 02:07:40,Pasillo Decanato Eléctrica,14.155,Silence,0.0,15.003,Silence,0.0,0.0,0.0,0.0,0.0,0.0,0.0,0.0,0.0,0.0,14.702,14.256,13.346,-120,-5.5
2026-06-23 02:07:47,Pasillo Salones Eléctrica,31.253,Silence,0.0,32.726,Silence,0.0,0.0,0.0,0.0,0.0,0.0,0.0,0.0,0.0,0.0,32.773,30.951,29.766,-87,11.8
2026-06-23 02:07:54,Salón - Extremo Eléctrica,29.929,Silence,0.0,38.235,Silence,0.0,0.0,0.0,0.0,0.0,0.0,0.0,0.0,0.0,0.0,38.657,15.391,14.577,-79,13.5
2026-06-23 02:08:02,Laboratorios Eléctrica Centro,15.912,Silence,0.0,16.891,Silence,0.0,0.0,0.0,0.0,0.0,0.0,0.0,0.0,0.0,0.0,16.674,15.897,15.451,-91,12.3
2026-06-23 02:08:17,Laboratorios Eléctrica Inferior,14.746,Silence,0.0,15.561,Silence,0.0,0.0,0.0,0.0,0.0,0.0,0.0,0.0,0.0,0.0,15.592,14.627,13.952,-110,5.3
2026-06-23 02:12:00,Lobby Civil,34.19,Silence,0.0,34.993,Silence,0.0,0.0,0.0,0.0,0.0,0.0,0.0,0.0,0.0,0.0,35.154,34.106,33.7,-107,10.0
2026-06-23 02:12:06,Laboratorios Civil Central,49.959,Group 1 (Common),73.394,51.854,Group 1 (Common),50.434,0.0,0.0,0.0,0.0,73.394,0.434,1.693,0.043,24.306,50.911,50.268,48.837,-103,10.0
2026-06-23 02:12:07,Laboratorios Civil Superior,35.137,Silence,0.0,35.602,Silence,0.0,0.0,0.0,0.0,0.0,0.0,0.0,0.0,0.0,0.0,35.86,35.143,34.243,-96,12.0
2026-06-23 02:12:09,Salón - Extremo Civil,13.398,Silence,0.0,14.058,Silence,0.0,0.0,0.0,0.0,0.0,0.0,0.0,0.0,0.0,0.0,13.851,13.422,12.579,-79,13.8
2026-06-23 02:12:16,Laboratorios Eléctrica Superior,17.406,Silence,0.0,18.272,Silence,0.0,0.0,0.0,0.0,0.0,0.0,0.0,0.0,0.0,0.0,18.556,17.419,16.378,-97,13.0
2026-06-23 02:12:16,Lobby Eléctrica,33.666,Silence,0.0,34.739,Silence,0.0,0.0,0.0,0.0,0.0,0.0,0.0,0.0,0.0,0.0,34.463,33.721,32.74,-111,2.2
2026-06-23 02:12:25,Pasillo Decanato Civil,20.27,Silence,0.0,21.076,Silence,0.0,0.0,0.0,0.0,0.0,0.0,0.0,0.0,0.0,0.0,21.126,20.349,19.433,-101,11.2
2026-06-23 02:12:25,Salón - Uma Eléctrica,43.746,Silence,0.0,44.369,Silence,0.0,0.0,0.0,0.0,0.0,0.0,0.0,0.0,0.0,0.0,44.383,43.655,43.199,-98,11.0
2026-06-23 02:12:25,Pasillo Salones Civil,14.054,Silence,0.0,14.9,Silence,0.0,0.0,0.0,0.0,0.0,0.0,0.0,0.0,0.0,0.0,14.863,14.027,13.126,-101,12.0
2026-06-23 02:12:34,Salón - Uma Civil,9.533,Silence,0.0,10.254,Silence,0.0,0.0,0.0,0.0,0.0,0.0,0.0,0.0,0.0,0.0,10.282,9.445,8.77,-114,-0.8
2026-06-23 02:12:37,Laboratorios Civil Inferior,43.022,Silence,0.0,43.735,Silence,0.0,0.0,0.0,0.0,0.0,0.0,0.0,0.0,0.0,0.0,43.959,42.872,41.939,-108,9.2
2026-06-23 02:12:40,Pasillo Decanato Eléctrica,14.201,Silence,0.0,15.047,Silence,0.0,0.0,0.0,0.0,0.0,0.0,0.0,0.0,0.0,0.0,14.942,14.147,13.267,-91,14.8
2026-06-23 02:12:47,Pasillo Salones Eléctrica,48.122,Mixed,62.543,53.414,Group 1 (Common),53.373,44.741,50.398,0.0,52.378,6.25,62.543,15.017,0.087,15.929,53.769,44.235,32.442,-107,11.2
2026-06-23 02:12:55,Salón - Extremo Eléctrica,16.279,Silence,0.0,22.544,Silence,0.0,0.0,0.0,0.0,0.0,0.0,0.0,0.0,0.0,0.0,18.967,15.893,15.134,-74,11.8
2026-06-23 02:13:02,Laboratorios Eléctrica Centro,22.018,Silence,0.0,22.648,Silence,0.0,0.0,0.0,0.0,0.0,0.0,0.0,0.0,0.0,0.0,22.772,21.936,21.286,-93,12.3
2026-06-23 02:13:17,Laboratorios Eléctrica Inferior,17.938,Silence,0.0,18.464,Silence,0.0,0.0,0.0,0.0,0.0,0.0,0.0,0.0,0.0,0.0,18.414,18.039,17.079,-114,-7.8
2026-06-23 02:17:00,Lobby Civil,30.893,Silence,0.0,31.579,Silence,0.0,0.0,0.0,0.0,0.0,0.0,0.0,0.0,0.0,0.0,31.55,30.938,30.219,-105,10.0
2026-06-23 02:17:06,Laboratorios Civil Central,49.635,Group 1 (Common),89.887,51.505,Group 1 (Common),50.144,0.0,48.128,0.0,0.0,89.887,1.128,8.464,0.13,0.391,51.442,49.265,47.952,-103,9.5
2026-06-23 02:17:07,Laboratorios Civil Superior,38.159,Silence,0.0,38.702,Silence,0.0,0.0,0.0,0.0,0.0,0.0,0.0,0.0,0.0,0.0,38.847,38.082,37.577,-90,12.3
2026-06-23 02:17:09,Salón - Extremo Civil,21.24,Silence,0.0,26.421,Silence,0.0,0.0,0.0,0.0,0.0,0.0,0.0,0.0,0.0,0.0,28.024,19.366,14.074,-93,13.2
2026-06-23 02:17:16,Laboratorios Eléctrica Superior,12.93,Silence,0.0,13.679,Silence,0.0,0.0,0.0,0.0,0.0,0.0,0.0,0.0,0.0,0.0,13.385,12.91,12.452,-91,12.8
2026-06-23 02:17:16,Lobby Eléctrica,26.294,Silence,0.0,27.41,Silence,0.0,0.0,0.0,0.0,0.0,0.0,0.0,0.0,0.0,0.0,26.924,26.395,25.635,-114,-0.8
2026-06-23 02:17:25,Pasillo Decanato Civil,20.591,Silence,0.0,21.518,Silence,0.0,0.0,0.0,0.0,0.0,0.0,0.0,0.0,0.0,0.0,21.256,20.821,19.5,-83,10.5
2026-06-23 02:17:25,Salón - Uma Eléctrica,43.332,Silence,0.0,44.62,Silence,0.0,0.0,0.0,0.0,0.0,0.0,0.0,0.0,0.0,0.0,44.012,43.238,42.645,-115,-9.2
2026-06-23 02:17:25,Pasillo Salones Civil,13.71,Silence,0.0,14.361,Silence,0.0,0.0,0.0,0.0,0.0,0.0,0.0,0.0,0.0,0.0,14.32,13.558,13.169,-103,12.0
2026-06-23 02:17:34,Salón - Uma Civil,9.486,Silence,0.0,9.948,Silence,0.0,0.0,0.0,0.0,0.0,0.0,0.0,0.0,0.0,0.0,9.908,9.496,8.919,-113,-5.8
2026-06-23 02:17:37,Laboratorios Civil Inferior,44.315,Silence,0.0,45.231,Silence,0.0,0.0,0.0,0.0,0.0,0.0,0.0,0.0,0.0,0.0,45.125,44.148,43.439,-114,-0.3
2026-06-23 02:17:40,Pasillo Decanato Eléctrica,13.791,Silence,0.0,14.791,Silence,0.0,0.0,0.0,0.0,0.0,0.0,0.0,0.0,0.0,0.0,14.932,13.717,12.898,-91,12.5
2026-06-23 02:17:47,Pasillo Salones Eléctrica,30.494,Silence,0.0,31.317,Silence,0.0,0.0,0.0,0.0,0.0,0.0,0.0,0.0,0.0,0.0,31.333,30.294,29.898,-103,10.5
2026-06-23 02:17:55,Salón - Extremo Eléctrica,15.006,Silence,0.0,15.887,Silence,0.0,0.0,0.0,0.0,0.0,0.0,0.0,0.0,0.0,0.0,15.804,14.981,13.924,-99,12.2
2026-06-23 02:18:02,Laboratorios Eléctrica Centro,15.834,Silence,0.0,16.588,Silence,0.0,0.0,0.0,0.0,0.0,0.0,0.0,0.0,0.0,0.0,16.585,15.715,15.071,-94,11.3
2026-06-23 02:18:17,Laboratorios Eléctrica Inferior,14.752,Silence,0.0,15.414,Silence,0.0,0.0,0.0,0.0,0.0,0.0,0.0,0.0,0.0,0.0,15.489,14.728,13.813,-116,-5.8
2026-06-23 02:22:00,Lobby Civil,34.014,Silence,0.0,35.263,Silence,0.0,0.0,0.0,0.0,0.0,0.0,0.0,0.0,0.0,0.0,35.177,34.088,32.708,-85,12.0
2026-06-23 02:22:06,Laboratorios Civil Central,48.766,Group 1 (Common),73.438,50.522,Group 1 (Common),49.087,0.0,0.0,0.0,0.0,73.438,2.561,6.988,0.043,16.84,50.446,48.604,46.242,-107,8.2
2026-06-23 02:22:07,Laboratorios Civil Superior,35.237,Silence,0.0,36.461,Silence,0.0,0.0,0.0,0.0,0.0,0.0,0.0,0.0,0.0,0.0,36.588,34.895,34.299,-88,12.5
2026-06-23 02:22:09,Salón - Extremo Civil,14.259,Silence,0.0,19.127,Silence,0.0,0.0,0.0,0.0,0.0,0.0,0.0,0.0,0.0,0.0,15.926,14.316,12.594,-118,-7.3
2026-06-23 02:22:16,Laboratorios Eléctrica Superior,17.032,Silence,0.0,17.95,Silence,0.0,0.0,0.0,0.0,0.0,0.0,0.0,0.0,0.0,0.0,17.642,17.242,16.124,-95,12.2
2026-06-23 02:22:16,Lobby Eléctrica,26.771,Silence,0.0,27.609,Silence,0.0,0.0,0.0,0.0,0.0,0.0,0.0,0.0,0.0,0.0,27.844,26.746,25.819,-112,4.2
2026-06-23 02:22:25,Pasillo Decanato Civil,19.921,Silence,0.0,20.675,Silence,0.0,0.0,0.0,0.0,0.0,0.0,0.0,0.0,0.0,0.0,20.676,19.764,19.247,-103,12.0
2026-06-23 02:22:25,Salón - Uma Eléctrica,44.961,Silence,0.0,45.435,Silence,0.0,0.0,0.0,0.0,0.0,0.0,0.0,0.0,0.0,0.0,45.406,44.885,44.717,-102,10.5
2026-06-23 02:22:25,Pasillo Salones Civil,14.622,Silence,0.0,14.988,Silence,0.0,0.0,0.0,0.0,0.0,0.0,0.0,0.0,0.0,0.0,14.942,14.688,13.973,-83,12.0
2026-06-23 02:22:34,Salón - Uma Civil,43.224,Silence,0.0,56.477,Silence,0.0,0.0,0.0,0.0,0.0,0.0,0.0,0.0,0.0,0.0,52.469,36.785,24.014,-95,12.0
2026-06-23 02:22:37,Laboratorios Civil Inferior,42.867,Silence,0.0,43.582,Silence,0.0,0.0,0.0,0.0,0.0,0.0,0.0,0.0,0.0,0.0,43.81,43.117,41.68,-116,-4.8
2026-06-23 02:22:41,Pasillo Decanato Eléctrica,14.295,Silence,0.0,14.743,Silence,0.0,0.0,0.0,0.0,0.0,0.0,0.0,0.0,0.0,0.0,14.723,14.519,13.377,-115,-9.8
2026-06-23 02:22:47,Pasillo Salones Eléctrica,30.339,Silence,0.0,31.344,Silence,0.0,0.0,0.0,0.0,0.0,0.0,0.0,0.0,0.0,0.0,31.23,30.279,29.707,-86,12.0
2026-06-23 02:22:55,Salón - Extremo Eléctrica,16.243,Silence,0.0,17.978,Silence,0.0,0.0,0.0,0.0,0.0,0.0,0.0,0.0,0.0,0.0,17.202,16.206,15.301,-75,11.8
2026-06-23 02:23:02,Laboratorios Eléctrica Centro,22.051,Silence,0.0,22.703,Silence,0.0,0.0,0.0,0.0,0.0,0.0,0.0,0.0,0.0,0.0,22.555,22.214,20.709,-113,1.5
2026-06-23 02:23:17,Laboratorios Eléctrica Inferior,16.516,Silence,0.0,16.937,Silence,0.0,0.0,0.0,0.0,0.0,0.0,0.0,0.0,0.0,0.0,16.824,16.514,16.103,-118,-14.0
2026-06-23 02:27:00,Lobby Civil,33.96,Silence,0.0,34.692,Silence,0.0,0.0,0.0,0.0,0.0,0.0,0.0,0.0,0.0,0.0,35.04,33.948,33.31,-103,10.0
2026-06-23 02:27:06,Laboratorios Civil Central,49.883,Group 1 (Common),71.528,51.085,Group 1 (Common),49.838,0.0,0.0,0.0,0.0,71.528,0.26,0.174,0.0,27.778,50.94,50.058,48.552,-93,11.8
2026-06-23 02:27:07,Laboratorios Civil Superior,29.258,Silence,0.0,29.971,Silence,0.0,0.0,0.0,0.0,0.0,0.0,0.0,0.0,0.0,0.0,29.959,29.46,28.296,-91,12.8
2026-06-23 02:27:09,Salón - Extremo Civil,13.162,Silence,0.0,14.997,Silence,0.0,0.0,0.0,0.0,0.0,0.0,0.0,0.0,0.0,0.0,14.303,13.088,12.392,-97,11.0
2026-06-23 02:27:16,Laboratorios Eléctrica Superior,13.168,Silence,0.0,13.73,Silence,0.0,0.0,0.0,0.0,0.0,0.0,0.0,0.0,0.0,0.0,13.579,13.092,12.692,-94,11.8
2026-06-23 02:27:16,Lobby Eléctrica,26.068,Silence,0.0,27.211,Silence,0.0,0.0,0.0,0.0,0.0,0.0,0.0,0.0,0.0,0.0,27.142,26.162,25.032,-88,13.3
2026-06-23 02:27:25,Pasillo Decanato Civil,19.62,Silence,0.0,20.364,Silence,0.0,0.0,0.0,0.0,0.0,0.0,0.0,0.0,0.0,0.0,20.136,19.774,18.801,-99,12.8
2026-06-23 02:27:25,Salón - Uma Eléctrica,43.78,Silence,0.0,45.152,Silence,0.0,0.0,0.0,0.0,0.0,0.0,0.0,0.0,0.0,0.0,45.302,43.534,42.316,-108,-8.0
2026-06-23 02:27:25,Pasillo Salones Civil,13.535,Silence,0.0,14.172,Silence,0.0,0.0,0.0,0.0,0.0,0.0,0.0,0.0,0.0,0.0,14.426,13.612,12.882,-97,11.8
2026-06-23 02:27:34,Salón - Uma Civil,9.291,Silence,0.0,9.812,Silence,0.0,0.0,0.0,0.0,0.0,0.0,0.0,0.0,0.0,0.0,9.639,9.386,8.874,-98,11.5
2026-06-23 02:27:37,Laboratorios Civil Inferior,42.01,Silence,0.0,42.838,Silence,0.0,0.0,0.0,0.0,0.0,0.0,0.0,0.0,0.0,0.0,42.746,42.236,41.082,-115,-2.8
2026-06-23 02:27:41,Pasillo Decanato Eléctrica,14.051,Silence,0.0,14.604,Silence,0.0,0.0,0.0,0.0,0.0,0.0,0.0,0.0,0.0,0.0,14.431,14.037,13.352,-114,-2.2
2026-06-23 02:27:47,Pasillo Salones Eléctrica,30.541,Silence,0.0,31.178,Silence,0.0,0.0,0.0,0.0,0.0,0.0,0.0,0.0,0.0,0.0,31.272,30.543,29.433,-85,15.0
2026-06-23 02:27:55,Salón - Extremo Eléctrica,15.584,Silence,0.0,16.888,Silence,0.0,0.0,0.0,0.0,0.0,0.0,0.0,0.0,0.0,0.0,17.075,15.407,14.716,-95,12.8
2026-06-23 02:28:02,Laboratorios Eléctrica Centro,15.569,Silence,0.0,16.085,Silence,0.0,0.0,0.0,0.0,0.0,0.0,0.0,0.0,0.0,0.0,15.997,15.449,14.918,-92,12.3
2026-06-23 02:28:17,Laboratorios Eléctrica Inferior,14.892,Silence,0.0,15.874,Silence,0.0,0.0,0.0,0.0,0.0,0.0,0.0,0.0,0.0,0.0,15.915,14.841,14.207,-103,5.8
2026-06-23 02:32:00,Lobby Civil,31.942,Silence,0.0,33.182,Silence,0.0,0.0,0.0,0.0,0.0,0.0,0.0,0.0,0.0,0.0,33.676,31.805,30.805,-118,-13.0
2026-06-23 02:32:06,Laboratorios Civil Central,49.169,Group 1 (Common),77.832,50.458,Group 1 (Common),49.252,0.0,0.0,0.0,0.0,77.832,0.635,0.098,0.0,21.338,50.975,49.141,47.378,-91,12.3
2026-06-23 02:32:07,Laboratorios Civil Superior,34.546,Silence,0.0,35.863,Silence,0.0,0.0,0.0,0.0,0.0,0.0,0.0,0.0,0.0,0.0,35.455,34.395,33.696,-89,10.3
2026-06-23 02:32:09,Salón - Extremo Civil,12.899,Silence,0.0,13.83,Silence,0.0,0.0,0.0,0.0,0.0,0.0,0.0,0.0,0.0,0.0,14.211,12.664,12.255,-78,12.3
2026-06-23 02:32:16,Laboratorios Eléctrica Superior,17.464,Silence,0.0,18.293,Silence,0.0,0.0,0.0,0.0,0.0,0.0,0.0,0.0,0.0,0.0,18.311,17.482,16.614,-97,11.0
2026-06-23 02:32:16,Lobby Eléctrica,25.529,Silence,0.0,26.269,Silence,0.0,0.0,0.0,0.0,0.0,0.0,0.0,0.0,0.0,0.0,25.924,25.541,24.968,-111,4.5
2026-06-23 02:32:25,Pasillo Decanato Civil,19.808,Silence,0.0,20.45,Silence,0.0,0.0,0.0,0.0,0.0,0.0,0.0,0.0,0.0,0.0,20.413,19.698,19.319,-82,12.0
2026-06-23 02:32:25,Salón - Uma Eléctrica,44.043,Silence,0.0,44.875,Silence,0.0,0.0,0.0,0.0,0.0,0.0,0.0,0.0,0.0,0.0,44.757,43.877,43.498,-103,9.8
2026-06-23 02:32:25,Pasillo Salones Civil,14.556,Silence,0.0,14.986,Silence,0.0,0.0,0.0,0.0,0.0,0.0,0.0,0.0,0.0,0.0,14.87,14.691,13.723,-81,11.8
2026-06-23 02:32:34,Salón - Uma Civil,29.851,Silence,0.0,35.98,Silence,0.0,0.0,0.0,0.0,0.0,0.0,0.0,0.0,0.0,0.0,36.88,25.149,13.502,-96,11.5
2026-06-23 02:32:37,Laboratorios Civil Inferior,42.871,Silence,0.0,43.682,Silence,0.0,0.0,0.0,0.0,0.0,0.0,0.0,0.0,0.0,0.0,44.019,42.891,42.084,-112,2.8
2026-06-23 02:32:41,Pasillo Decanato Eléctrica,13.789,Silence,0.0,14.307,Silence,0.0,0.0,0.0,0.0,0.0,0.0,0.0,0.0,0.0,0.0,14.217,13.8,13.065,-113,-3.2
2026-06-23 02:32:47,Pasillo Salones Eléctrica,38.831,Silence,0.0,43.524,Silence,0.0,0.0,0.0,0.0,0.0,0.0,0.0,0.0,0.0,0.0,46.013,35.154,33.471,-85,13.0
2026-06-23 02:32:55,Salón - Extremo Eléctrica,22.48,Silence,0.0,24.03,Silence,0.0,0.0,0.0,0.0,0.0,0.0,0.0,0.0,0.0,0.0,23.492,22.441,21.188,-94,11.2
2026-06-23 02:33:02,Laboratorios Eléctrica Centro,21.434,Silence,0.0,21.946,Silence,0.0,0.0,0.0,0.0,0.0,0.0,0.0,0.0,0.0,0.0,22.078,21.3,20.851,-94,13.0
2026-06-23 02:33:17,Laboratorios Eléctrica Inferior,14.021,Silence,0.0,14.686,Silence,0.0,0.0,0.0,0.0,0.0,0.0,0.0,0.0,0.0,0.0,14.783,14.008,13.41,-111,7.0
2026-06-23 02:37:00,Lobby Civil,32.435,Silence,0.0,32.948,Silence,0.0,0.0,0.0,0.0,0.0,0.0,0.0,0.0,0.0,0.0,32.974,32.542,31.351,-85,12.5
2026-06-23 02:37:06,Laboratorios Civil Central,49.589,Group 1 (Common),77.474,50.997,Group 1 (Common),49.495,0.0,0.0,0.0,48.945,77.474,0.304,0.608,0.0,21.571,51.148,49.896,47.613,-90,11.5
2026-06-23 02:37:07,Laboratorios Civil Superior,33.578,Silence,0.0,34.908,Silence,0.0,0.0,0.0,0.0,0.0,0.0,0.0,0.0,0.0,0.0,33.941,33.619,33.076,-95,11.8
2026-06-23 02:37:09,Salón - Extremo Civil,13.322,Silence,0.0,14.097,Silence,0.0,0.0,0.0,0.0,0.0,0.0,0.0,0.0,0.0,0.0,14.006,13.292,12.816,-90,11.8
2026-06-23 02:37:16,Laboratorios Eléctrica Superior,16.631,Silence,0.0,17.191,Silence,0.0,0.0,0.0,0.0,0.0,0.0,0.0,0.0,0.0,0.0,17.499,16.699,15.988,-91,10.0
2026-06-23 02:37:16,Lobby Eléctrica,27.134,Silence,0.0,27.857,Silence,0.0,0.0,0.0,0.0,0.0,0.0,0.0,0.0,0.0,0.0,27.89,27.177,26.397,-94,14.3
2026-06-23 02:37:25,Pasillo Decanato Civil,19.844,Silence,0.0,20.449,Silence,0.0,0.0,0.0,0.0,0.0,0.0,0.0,0.0,0.0,0.0,20.42,19.998,19.075,-84,12.3
2026-06-23 02:37:25,Salón - Uma Eléctrica,44.464,Silence,0.0,45.159,Silence,0.0,0.0,0.0,0.0,0.0,0.0,0.0,0.0,0.0,0.0,45.433,44.595,43.568,-102,10.0
2026-06-23 02:37:25,Pasillo Salones Civil,13.498,Silence,0.0,14.002,Silence,0.0,0.0,0.0,0.0,0.0,0.0,0.0,0.0,0.0,0.0,14.089,13.484,13.139,-81,11.5
2026-06-23 02:37:34,Salón - Uma Civil,9.411,Silence,0.0,10.136,Silence,0.0,0.0,0.0,0.0,0.0,0.0,0.0,0.0,0.0,0.0,10.082,9.338,8.854,-115,-8.0
2026-06-23 02:37:37,Laboratorios Civil Inferior,42.702,Silence,0.0,43.288,Silence,0.0,0.0,0.0,0.0,0.0,0.0,0.0,0.0,0.0,0.0,43.208,42.694,42.202,-109,7.5
2026-06-23 02:37:41,Pasillo Decanato Eléctrica,14.275,Silence,0.0,14.84,Silence,0.0,0.0,0.0,0.0,0.0,0.0,0.0,0.0,0.0,0.0,14.868,14.335,13.295,-117,-0.8
2026-06-23 02:37:47,Pasillo Salones Eléctrica,30.543,Silence,0.0,31.34,Silence,0.0,0.0,0.0,0.0,0.0,0.0,0.0,0.0,0.0,0.0,31.343,30.686,29.523,-101,12.0
2026-06-23 02:37:55,Salón - Extremo Eléctrica,14.913,Silence,0.0,15.409,Silence,0.0,0.0,0.0,0.0,0.0,0.0,0.0,0.0,0.0,0.0,15.579,14.913,14.366,-91,11.5
2026-06-23 02:38:02,Laboratorios Eléctrica Centro,21.735,Silence,0.0,22.788,Silence,0.0,0.0,0.0,0.0,0.0,0.0,0.0,0.0,0.0,0.0,22.213,21.669,21.103,-94,14.0
2026-06-23 02:38:17,Laboratorios Eléctrica Inferior,17.18,Silence,0.0,17.549,Silence,0.0,0.0,0.0,0.0,0.0,0.0,0.0,0.0,0.0,0.0,17.588,17.326,16.557,-112,-6.3
2026-06-23 02:42:00,Lobby Civil,30.036,Silence,0.0,30.877,Silence,0.0,0.0,0.0,0.0,0.0,0.0,0.0,0.0,0.0,0.0,31.223,30.024,29.391,-85,13.0
2026-06-23 02:42:06,Laboratorios Civil Central,48.778,Group 1 (Common),89.063,50.37,Group 1 (Common),48.862,0.0,0.0,0.0,0.0,89.063,0.434,0.781,0.087,9.549,50.17,48.75,46.967,-106,2.2
2026-06-23 02:42:11,Laboratorios Civil Superior,30.631,Silence,0.0,32.247,Silence,0.0,0.0,0.0,0.0,0.0,0.0,0.0,0.0,0.0,0.0,32.618,30.339,29.303,-95,9.2
2026-06-23 02:42:11,Salón - Extremo Civil,12.965,Silence,0.0,13.546,Silence,0.0,0.0,0.0,0.0,0.0,0.0,0.0,0.0,0.0,0.0,13.792,12.867,12.436,-101,12.2
2026-06-23 02:42:16,Laboratorios Eléctrica Superior,12.162,Silence,0.0,12.738,Silence,0.0,0.0,0.0,0.0,0.0,0.0,0.0,0.0,0.0,0.0,12.883,12.363,10.894,-101,12.8
2026-06-23 02:42:16,Lobby Eléctrica,27.007,Silence,0.0,27.855,Silence,0.0,0.0,0.0,0.0,0.0,0.0,0.0,0.0,0.0,0.0,27.519,27.002,26.549,-118,-5.0
2026-06-23 02:42:25,Pasillo Decanato Civil,20.467,Silence,0.0,20.978,Silence,0.0,0.0,0.0,0.0,0.0,0.0,0.0,0.0,0.0,0.0,20.706,20.48,19.834,-101,12.2
2026-06-23 02:42:25,Salón - Uma Eléctrica,44.934,Silence,0.0,45.731,Silence,0.0,0.0,0.0,0.0,0.0,0.0,0.0,0.0,0.0,0.0,45.671,45.327,43.834,-115,
2026-06-23 02:42:25,Pasillo Salones Civil,13.271,Silence,0.0,13.864,Silence,0.0,0.0,0.0,0.0,0.0,0.0,0.0,0.0,0.0,0.0,13.732,13.221,12.758,-103,12.8
2026-06-23 02:42:34,Salón - Uma Civil,22.885,Silence,0.0,30.631,Silence,0.0,0.0,0.0,0.0,0.0,0.0,0.0,0.0,0.0,0.0,31.025,17.449,10.708,-108,7.3
2026-06-23 02:42:37,Laboratorios Civil Inferior,42.011,Silence,0.0,42.388,Silence,0.0,0.0,0.0,0.0,0.0,0.0,0.0,0.0,0.0,0.0,42.226,42.062,41.693,-117,-8.8
2026-06-23 02:42:41,Pasillo Decanato Eléctrica,14.256,Silence,0.0,14.754,Silence,0.0,0.0,0.0,0.0,0.0,0.0,0.0,0.0,0.0,0.0,14.611,14.31,13.922,-117,-4.0
2026-06-23 02:42:47,Pasillo Salones Eléctrica,30.359,Silence,0.0,31.344,Silence,0.0,0.0,0.0,0.0,0.0,0.0,0.0,0.0,0.0,0.0,31.174,30.343,29.553,-88,14.8
2026-06-23 02:42:55,Salón - Extremo Eléctrica,14.921,Silence,0.0,15.392,Silence,0.0,0.0,0.0,0.0,0.0,0.0,0.0,0.0,0.0,0.0,15.588,14.904,14.285,-76,10.8
2026-06-23 02:43:02,Laboratorios Eléctrica Centro,15.742,Silence,0.0,16.506,Silence,0.0,0.0,0.0,0.0,0.0,0.0,0.0,0.0,0.0,0.0,16.565,15.637,14.827,-111,2.5
2026-06-23 02:43:17,Laboratorios Eléctrica Inferior,15.415,Silence,0.0,18.064,Silence,0.0,0.0,0.0,0.0,0.0,0.0,0.0,0.0,0.0,0.0,19.151,14.961,13.66,-109,5.8
2026-06-23 02:47:00,Lobby Civil,35.928,Silence,0.0,36.798,Silence,0.0,0.0,0.0,0.0,0.0,0.0,0.0,0.0,0.0,0.0,36.967,35.725,35.297,-85,8.8
2026-06-23 02:47:06,Laboratorios Civil Central,49.645,Group 1 (Common),71.311,51.074,Group 1 (Common),49.702,0.0,50.406,0.0,0.0,71.311,2.561,12.674,0.087,13.238,51.059,49.183,47.883,-91,12.3
2026-06-23 02:47:07,Laboratorios Civil Superior,35.516,Silence,0.0,36.49,Silence,0.0,0.0,0.0,0.0,0.0,0.0,0.0,0.0,0.0,0.0,36.6,35.602,34.255,-99,12.2
2026-06-23 02:47:09,Salón - Extremo Civil,13.769,Silence,0.0,14.394,Silence,0.0,0.0,0.0,0.0,0.0,0.0,0.0,0.0,0.0,0.0,14.26,13.705,13.366,-79,12.3
2026-06-23 02:47:21,Laboratorios Eléctrica Superior,17.807,Silence,0.0,18.493,Silence,0.0,0.0,0.0,0.0,0.0,0.0,0.0,0.0,0.0,0.0,18.324,17.775,17.294,-99,13.0
2026-06-23 02:47:21,Lobby Eléctrica,28.412,Silence,0.0,29.083,Silence,0.0,0.0,0.0,0.0,0.0,0.0,0.0,0.0,0.0,0.0,29.095,28.53,27.556,-88,14.5
2026-06-23 02:47:25,Pasillo Decanato Civil,20.064,Silence,0.0,20.794,Silence,0.0,0.0,0.0,0.0,0.0,0.0,0.0,0.0,0.0,0.0,20.846,20.077,19.299,-84,12.0
2026-06-23 02:47:25,Salón - Uma Eléctrica,43.539,Silence,0.0,44.293,Silence,0.0,0.0,0.0,0.0,0.0,0.0,0.0,0.0,0.0,0.0,44.421,43.307,42.762,-97,12.5
2026-06-23 02:47:25,Pasillo Salones Civil,16.113,Silence,0.0,17.368,Silence,0.0,0.0,0.0,0.0,0.0,0.0,0.0,0.0,0.0,0.0,17.553,15.874,14.929,-99,11.5
2026-06-23 02:47:34,Salón - Uma Civil,49.651,Group 3 (Rotary Tool),83.03,52.425,Group 3 (Rotary Tool),0.0,49.303,49.51,0.0,0.0,0.0,15.017,83.03,0.608,1.432,52.73,49.872,45.894,-101,10.8
2026-06-23 02:47:37,Laboratorios Civil Inferior,43.043,Silence,0.0,43.732,Silence,0.0,0.0,0.0,0.0,0.0,0.0,0.0,0.0,0.0,0.0,43.472,43.052,42.517,-115,0.3
2026-06-23 02:47:41,Pasillo Decanato Eléctrica,14.375,Silence,0.0,14.851,Silence,0.0,0.0,0.0,0.0,0.0,0.0,0.0,0.0,0.0,0.0,14.765,14.544,13.89,-92,11.8
2026-06-23 02:47:47,Pasillo Salones Eléctrica,30.849,Silence,0.0,31.422,Silence,0.0,0.0,0.0,0.0,0.0,0.0,0.0,0.0,0.0,0.0,31.569,30.74,29.819,-102,9.0
2026-06-23 02:47:55,Salón - Extremo Eléctrica,15.252,Silence,0.0,16.018,Silence,0.0,0.0,0.0,0.0,0.0,0.0,0.0,0.0,0.0,0.0,16.448,15.013,14.606,-95,12.0
2026-06-23 02:48:02,Laboratorios Eléctrica Centro,21.559,Silence,0.0,22.276,Silence,0.0,0.0,0.0,0.0,0.0,0.0,0.0,0.0,0.0,0.0,22.407,21.508,20.839,-111,-5.8
2026-06-23 02:48:17,Laboratorios Eléctrica Inferior,16.933,Silence,0.0,17.484,Silence,0.0,0.0,0.0,0.0,0.0,0.0,0.0,0.0,0.0,0.0,17.233,16.993,16.186,-108,8.0
2026-06-23 02:52:00,Lobby Civil,33.285,Silence,0.0,33.997,Silence,0.0,0.0,0.0,0.0,0.0,0.0,0.0,0.0,0.0,0.0,33.607,33.37,32.407,-85,14.5
2026-06-23 02:52:06,Laboratorios Civil Central,48.32,Group 1 (Common),79.297,49.512,Group 1 (Common),48.046,0.0,47.195,0.0,0.0,79.297,3.125,7.075,0.13,10.286,49.461,48.61,45.61,-95,12.0
2026-06-23 02:52:07,Laboratorios Civil Superior,30.114,Silence,0.0,32.165,Silence,0.0,0.0,0.0,0.0,0.0,0.0,0.0,0.0,0.0,0.0,31.917,30.22,28.907,-93,11.8
2026-06-23 02:52:09,Salón - Extremo Civil,13.0,Silence,0.0,13.746,Silence,0.0,0.0,0.0,0.0,0.0,0.0,0.0,0.0,0.0,0.0,13.569,12.933,12.402,-117,-9.8
2026-06-23 02:52:16,Laboratorios Eléctrica Superior,12.804,Silence,0.0,13.347,Silence,0.0,0.0,0.0,0.0,0.0,0.0,0.0,0.0,0.0,0.0,13.136,12.824,12.476,-93,11.3
2026-06-23 02:52:16,Lobby Eléctrica,27.759,Silence,0.0,28.37,Silence,0.0,0.0,0.0,0.0,0.0,0.0,0.0,0.0,0.0,0.0,28.526,27.85,26.633,-109,7.0
2026-06-23 02:52:25,Pasillo Decanato Civil,19.67,Silence,0.0,20.304,Silence,0.0,0.0,0.0,0.0,0.0,0.0,0.0,0.0,0.0,0.0,20.351,19.845,18.508,-101,12.0
2026-06-23 02:52:30,Salón - Uma Eléctrica,44.417,Silence,0.0,45.447,Silence,0.0,0.0,0.0,0.0,0.0,0.0,0.0,0.0,0.0,0.0,45.281,44.739,42.829,-100,11.8
2026-06-23 02:52:30,Pasillo Salones Civil,20.875,Silence,0.0,24.219,Silence,0.0,0.0,0.0,0.0,0.0,0.0,0.0,0.0,0.0,0.0,24.292,21.807,14.95,-82,12.5
2026-06-23 02:52:34,Salón - Uma Civil,44.954,Silence,0.0,46.929,Silence,0.0,0.0,0.0,0.0,0.0,0.0,0.0,0.0,0.0,0.0,47.354,45.38,41.256,-99,10.8
2026-06-23 02:52:37,Laboratorios Civil Inferior,41.835,Silence,0.0,42.461,Silence,0.0,0.0,0.0,0.0,0.0,0.0,0.0,0.0,0.0,0.0,42.297,41.777,41.063,-113,1.5
2026-06-23 02:52:41,Pasillo Decanato Eléctrica,14.477,Silence,0.0,15.029,Silence,0.0,0.0,0.0,0.0,0.0,0.0,0.0,0.0,0.0,0.0,15.412,14.561,13.265,-117,-2.0
2026-06-23 02:52:47,Pasillo Salones Eléctrica,30.636,Silence,0.0,31.616,Silence,0.0,0.0,0.0,0.0,0.0,0.0,0.0,0.0,0.0,0.0,31.153,30.714,29.807,-103,11.2
2026-06-23 02:52:55,Salón - Extremo Eléctrica,14.895,Silence,0.0,15.566,Silence,0.0,0.0,0.0,0.0,0.0,0.0,0.0,0.0,0.0,0.0,15.574,15.056,13.852,-95,12.5
2026-06-23 02:53:02,Laboratorios Eléctrica Centro,14.879,Silence,0.0,16.136,Silence,0.0,0.0,0.0,0.0,0.0,0.0,0.0,0.0,0.0,0.0,15.414,14.941,14.114,-90,11.8
2026-06-23 02:53:17,Laboratorios Eléctrica Inferior,14.655,Silence,0.0,15.65,Silence,0.0,0.0,0.0,0.0,0.0,0.0,0.0,0.0,0.0,0.0,15.374,14.551,13.784,-114,1.0
2026-06-23 02:57:00,Lobby Civil,34.067,Silence,0.0,34.867,Silence,0.0,0.0,0.0,0.0,0.0,0.0,0.0,0.0,0.0,0.0,34.491,34.08,33.579,-85,11.3
2026-06-23 02:57:06,Laboratorios Civil Central,50.463,Group 1 (Common),90.148,51.735,Group 1 (Common),50.381,0.0,0.0,0.0,0.0,90.148,0.13,0.608,0.043,9.028,51.878,50.454,49.429,-91,14.5
2026-06-23 02:57:07,Laboratorios Civil Superior,34.619,Silence,0.0,35.216,Silence,0.0,0.0,0.0,0.0,0.0,0.0,0.0,0.0,0.0,0.0,35.437,34.362,34.207,-90,11.5
2026-06-23 02:57:09,Salón - Extremo Civil,13.231,Silence,0.0,13.761,Silence,0.0,0.0,0.0,0.0,0.0,0.0,0.0,0.0,0.0,0.0,13.624,13.408,12.621,-82,12.3
2026-06-23 02:57:16,Laboratorios Eléctrica Superior,16.827,Silence,0.0,17.527,Silence,0.0,0.0,0.0,0.0,0.0,0.0,0.0,0.0,0.0,0.0,17.886,16.889,15.34,-99,11.0
2026-06-23 02:57:16,Lobby Eléctrica,28.541,Silence,0.0,29.559,Silence,0.0,0.0,0.0,0.0,0.0,0.0,0.0,0.0,0.0,0.0,29.654,28.737,27.425,-87,11.5
2026-06-23 02:57:25,Pasillo Decanato Civil,20.377,Silence,0.0,21.337,Silence,0.0,0.0,0.0,0.0,0.0,0.0,0.0,0.0,0.0,0.0,21.245,20.407,19.316,-83,11.0
2026-06-23 02:57:25,Salón - Uma Eléctrica,43.869,Silence,0.0,44.503,Silence,0.0,0.0,0.0,0.0,0.0,0.0,0.0,0.0,0.0,0.0,44.461,43.756,43.384,-111,-5.8
2026-06-23 02:57:25,Pasillo Salones Civil,16.19,Silence,0.0,17.21,Silence,0.0,0.0,0.0,0.0,0.0,0.0,0.0,0.0,0.0,0.0,17.304,16.095,14.862,-99,13.2
2026-06-23 02:57:37,Salón - Uma Civil,49.079,Mixed,60.46,50.343,Group 3 (Rotary Tool),0.0,49.133,49.525,0.0,48.745,0.0,15.017,23.872,0.564,60.46,51.163,49.11,46.328,-111,0.2
2026-06-23 02:57:37,Laboratorios Civil Inferior,42.285,Silence,0.0,43.135,Silence,0.0,0.0,0.0,0.0,0.0,0.0,0.0,0.0,0.0,0.0,42.925,42.206,41.73,-115,-2.0
2026-06-23 02:57:41,Pasillo Decanato Eléctrica,14.264,Silence,0.0,14.905,Silence,0.0,0.0,0.0,0.0,0.0,0.0,0.0,0.0,0.0,0.0,14.757,14.396,13.572,-91,14.0
2026-06-23 02:57:47,Pasillo Salones Eléctrica,30.893,Silence,0.0,31.455,Silence,0.0,0.0,0.0,0.0,0.0,0.0,0.0,0.0,0.0,0.0,31.551,30.949,29.953,-102,9.8
2026-06-23 02:57:55,Salón - Extremo Eléctrica,14.985,Silence,0.0,15.905,Silence,0.0,0.0,0.0,0.0,0.0,0.0,0.0,0.0,0.0,0.0,15.916,14.974,14.245,-77,12.0
2026-06-23 02:58:02,Laboratorios Eléctrica Centro,16.161,Silence,0.0,17.095,Silence,0.0,0.0,0.0,0.0,0.0,0.0,0.0,0.0,0.0,0.0,16.91,16.231,15.53,-92,11.8
2026-06-23 02:58:17,Laboratorios Eléctrica Inferior,14.489,Silence,0.0,14.991,Silence,0.0,0.0,0.0,0.0,0.0,0.0,0.0,0.0,0.0,0.0,15.149,14.537,14.025,-114,-2.0
2026-06-23 03:02:00,Lobby Civil,36.237,Silence,0.0,37.22,Silence,0.0,0.0,0.0,0.0,0.0,0.0,0.0,0.0,0.0,0.0,37.062,36.263,35.485,-107,9.2
2026-06-23 03:02:06,Laboratorios Civil Central,50.119,Group 1 (Common),73.872,52.321,Group 1 (Common),50.037,0.0,0.0,0.0,0.0,73.872,2.431,5.425,0.043,18.099,52.606,49.819,47.451,-105,8.8
2026-06-23 03:02:08,Laboratorios Civil Superior,34.435,Silence,0.0,35.348,Silence,0.0,0.0,0.0,0.0,0.0,0.0,0.0,0.0,0.0,0.0,35.348,34.481,33.63,-99,12.2
2026-06-23 03:02:09,Salón - Extremo Civil,13.576,Silence,0.0,14.153,Silence,0.0,0.0,0.0,0.0,0.0,0.0,0.0,0.0,0.0,0.0,14.197,13.708,12.838,-78,12.3
2026-06-23 03:02:16,Laboratorios Eléctrica Superior,17.332,Silence,0.0,18.182,Silence,0.0,0.0,0.0,0.0,0.0,0.0,0.0,0.0,0.0,0.0,18.207,17.336,16.517,-94,8.3
2026-06-23 03:02:16,Lobby Eléctrica,28.764,Silence,0.0,29.833,Silence,0.0,0.0,0.0,0.0,0.0,0.0,0.0,0.0,0.0,0.0,29.707,28.828,27.247,-87,11.3
2026-06-23 03:02:25,Pasillo Decanato Civil,20.218,Silence,0.0,21.201,Silence,0.0,0.0,0.0,0.0,0.0,0.0,0.0,0.0,0.0,0.0,21.645,19.906,19.333,-83,12.5
2026-06-23 03:02:25,Salón - Uma Eléctrica,43.632,Silence,0.0,44.935,Silence,0.0,0.0,0.0,0.0,0.0,0.0,0.0,0.0,0.0,0.0,44.873,43.473,42.818,-115,-2.0
2026-06-23 03:02:25,Pasillo Salones Civil,14.427,Silence,0.0,15.835,Silence,0.0,0.0,0.0,0.0,0.0,0.0,0.0,0.0,0.0,0.0,15.981,14.142,13.274,-81,9.8
2026-06-23 03:02:34,Salón - Uma Civil,10.985,Silence,0.0,12.05,Silence,0.0,0.0,0.0,0.0,0.0,0.0,0.0,0.0,0.0,0.0,11.54,11.095,9.876,-103,10.0
2026-06-23 03:02:37,Laboratorios Civil Inferior,43.018,Silence,0.0,43.565,Silence,0.0,0.0,0.0,0.0,0.0,0.0,0.0,0.0,0.0,0.0,43.68,43.089,42.118,-114,0.3
2026-06-23 03:02:47,Pasillo Decanato Eléctrica,14.017,Silence,0.0,14.761,Silence,0.0,0.0,0.0,0.0,0.0,0.0,0.0,0.0,0.0,0.0,14.589,13.9,13.676,-93,10.3
2026-06-23 03:02:47,Pasillo Salones Eléctrica,30.592,Silence,0.0,32.038,Silence,0.0,0.0,0.0,0.0,0.0,0.0,0.0,0.0,0.0,0.0,31.913,30.689,29.13,-84,11.5
2026-06-23 03:02:55,Salón - Extremo Eléctrica,15.195,Silence,0.0,15.631,Silence,0.0,0.0,0.0,0.0,0.0,0.0,0.0,0.0,0.0,0.0,15.945,15.031,14.391,-95,12.0
2026-06-23 03:03:02,Laboratorios Eléctrica Centro,22.426,Silence,0.0,23.284,Silence,0.0,0.0,0.0,0.0,0.0,0.0,0.0,0.0,0.0,0.0,23.283,22.385,21.668,-113,-2.0
2026-06-23 03:03:17,Laboratorios Eléctrica Inferior,17.485,Silence,0.0,18.957,Silence,0.0,0.0,0.0,0.0,0.0,0.0,0.0,0.0,0.0,0.0,18.89,17.26,16.585,-106,5.5
2026-06-23 03:07:00,Lobby Civil,31.14,Silence,0.0,32.021,Silence,0.0,0.0,0.0,0.0,0.0,0.0,0.0,0.0,0.0,0.0,31.747,31.494,30.176,-107,7.5
2026-06-23 03:07:06,Laboratorios Civil Central,46.559,Group 1 (Common),85.113,48.841,Group 1 (Common),46.989,0.0,0.0,0.0,0.0,85.113,0.477,0.043,0.043,14.193,47.742,46.651,45.242,-92,14.5
2026-06-23 03:07:07,Laboratorios Civil Superior,30.004,Silence,0.0,30.816,Silence,0.0,0.0,0.0,0.0,0.0,0.0,0.0,0.0,0.0,0.0,30.951,30.067,28.069,-92,12.0
2026-06-23 03:07:09,Salón - Extremo Civil,13.339,Silence,0.0,14.036,Silence,0.0,0.0,0.0,0.0,0.0,0.0,0.0,0.0,0.0,0.0,13.862,13.376,12.62,-95,12.2
2026-06-23 03:07:16,Laboratorios Eléctrica Superior,13.122,Silence,0.0,13.826,Silence,0.0,0.0,0.0,0.0,0.0,0.0,0.0,0.0,0.0,0.0,13.919,13.067,12.405,-97,12.0
2026-06-23 03:07:16,Lobby Eléctrica,27.96,Silence,0.0,28.489,Silence,0.0,0.0,0.0,0.0,0.0,0.0,0.0,0.0,0.0,0.0,28.592,27.992,27.374,-93,11.5
2026-06-23 03:07:25,Pasillo Decanato Civil,20.409,Silence,0.0,21.309,Silence,0.0,0.0,0.0,0.0,0.0,0.0,0.0,0.0,0.0,0.0,21.622,20.259,19.561,-99,12.5
2026-06-23 03:07:25,Salón - Uma Eléctrica,43.396,Silence,0.0,44.257,Silence,0.0,0.0,0.0,0.0,0.0,0.0,0.0,0.0,0.0,0.0,43.926,43.444,42.546,-115,-0.2
2026-06-23 03:07:25,Pasillo Salones Civil,14.631,Silence,0.0,15.982,Silence,0.0,0.0,0.0,0.0,0.0,0.0,0.0,0.0,0.0,0.0,15.818,14.419,13.606,-82,13.0
2026-06-23 03:07:34,Salón - Uma Civil,10.122,Silence,0.0,10.726,Silence,0.0,0.0,0.0,0.0,0.0,0.0,0.0,0.0,0.0,0.0,10.469,10.176,9.27,-95,11.5
2026-06-23 03:07:37,Laboratorios Civil Inferior,42.535,Silence,0.0,43.151,Silence,0.0,0.0,0.0,0.0,0.0,0.0,0.0,0.0,0.0,0.0,43.264,42.643,41.536,-109,7.2
2026-06-23 03:07:41,Pasillo Decanato Eléctrica,14.07,Silence,0.0,14.805,Silence,0.0,0.0,0.0,0.0,0.0,0.0,0.0,0.0,0.0,0.0,14.645,14.138,13.406,-91,12.0
2026-06-23 03:07:47,Pasillo Salones Eléctrica,30.083,Silence,0.0,30.989,Silence,0.0,0.0,0.0,0.0,0.0,0.0,0.0,0.0,0.0,0.0,30.755,30.239,29.256,-86,9.5
2026-06-23 03:07:55,Salón - Extremo Eléctrica,15.233,Silence,0.0,15.859,Silence,0.0,0.0,0.0,0.0,0.0,0.0,0.0,0.0,0.0,0.0,15.923,15.17,13.939,-93,12.2
2026-06-23 03:08:02,Laboratorios Eléctrica Centro,16.811,Silence,0.0,17.71,Silence,0.0,0.0,0.0,0.0,0.0,0.0,0.0,0.0,0.0,0.0,17.423,16.83,16.291,-88,12.5
2026-06-23 03:08:17,Laboratorios Eléctrica Inferior,14.738,Silence,0.0,15.332,Silence,0.0,0.0,0.0,0.0,0.0,0.0,0.0,0.0,0.0,0.0,15.423,14.764,14.193,-109,3.8
2026-06-23 03:12:00,Lobby Civil,34.207,Silence,0.0,34.822,Silence,0.0,0.0,0.0,0.0,0.0,0.0,0.0,0.0,0.0,0.0,34.724,34.292,32.828,-84,11.3
2026-06-23 03:12:06,Laboratorios Civil Central,48.878,Group 1 (Common),70.313,50.371,Group 1 (Common),48.708,0.0,0.0,0.0,0.0,70.313,1.172,3.32,0.0,24.951,50.939,48.667,45.841,-107,7.8
2026-06-23 03:12:08,Laboratorios Civil Superior,34.903,Silence,0.0,36.194,Silence,0.0,0.0,0.0,0.0,0.0,0.0,0.0,0.0,0.0,0.0,36.207,34.654,33.954,-97,12.2
2026-06-23 03:12:09,Salón - Extremo Civil,13.787,Silence,0.0,15.525,Silence,0.0,0.0,0.0,0.0,0.0,0.0,0.0,0.0,0.0,0.0,14.849,13.471,12.175,-80,14.8
2026-06-23 03:12:16,Laboratorios Eléctrica Superior,17.352,Silence,0.0,17.975,Silence,0.0,0.0,0.0,0.0,0.0,0.0,0.0,0.0,0.0,0.0,17.975,17.256,17.092,-95,11.5
2026-06-23 03:12:16,Lobby Eléctrica,28.837,Silence,0.0,29.958,Silence,0.0,0.0,0.0,0.0,0.0,0.0,0.0,0.0,0.0,0.0,29.764,28.665,27.922,-115,3.5
2026-06-23 03:12:25,Pasillo Decanato Civil,20.197,Silence,0.0,21.129,Silence,0.0,0.0,0.0,0.0,0.0,0.0,0.0,0.0,0.0,0.0,20.872,20.081,19.313,-81,12.0
2026-06-23 03:12:25,Salón - Uma Eléctrica,44.289,Silence,0.0,44.84,Silence,0.0,0.0,0.0,0.0,0.0,0.0,0.0,0.0,0.0,0.0,44.712,44.209,43.708,-98,11.5
2026-06-23 03:12:25,Pasillo Salones Civil,14.363,Silence,0.0,15.351,Silence,0.0,0.0,0.0,0.0,0.0,0.0,0.0,0.0,0.0,0.0,15.573,14.044,13.173,-83,12.3
2026-06-23 03:12:34,Salón - Uma Civil,66.045,Mixed,43.213,69.279,Group 1 (Common),66.448,56.926,0.0,67.997,0.0,43.213,20.703,18.262,7.227,10.498,71.112,62.131,42.808,-100,12.0
2026-06-23 03:12:37,Laboratorios Civil Inferior,42.928,Silence,0.0,43.522,Silence,0.0,0.0,0.0,0.0,0.0,0.0,0.0,0.0,0.0,0.0,43.4,42.848,42.508,-114,0.8
2026-06-23 03:12:41,Pasillo Decanato Eléctrica,14.008,Silence,0.0,14.531,Silence,0.0,0.0,0.0,0.0,0.0,0.0,0.0,0.0,0.0,0.0,14.26,14.158,13.458,-93,11.5
2026-06-23 03:12:47,Pasillo Salones Eléctrica,30.557,Silence,0.0,31.329,Silence,0.0,0.0,0.0,0.0,0.0,0.0,0.0,0.0,0.0,0.0,31.238,30.504,29.733,-103,11.5
2026-06-23 03:12:55,Salón - Extremo Eléctrica,14.781,Silence,0.0,15.49,Silence,0.0,0.0,0.0,0.0,0.0,0.0,0.0,0.0,0.0,0.0,15.538,14.593,14.388,-118,-14.0
2026-06-23 03:13:02,Laboratorios Eléctrica Centro,21.501,Silence,0.0,22.166,Silence,0.0,0.0,0.0,0.0,0.0,0.0,0.0,0.0,0.0,0.0,22.048,21.501,20.885,-111,-0.8
2026-06-23 03:13:17,Laboratorios Eléctrica Inferior,17.949,Silence,0.0,19.036,Silence,0.0,0.0,0.0,0.0,0.0,0.0,0.0,0.0,0.0,0.0,18.909,17.954,16.873,-113,0.2
2026-06-23 03:17:00,Lobby Civil,31.352,Silence,0.0,32.093,Silence,0.0,0.0,0.0,0.0,0.0,0.0,0.0,0.0,0.0,0.0,32.084,31.22,30.604,-85,12.5
2026-06-23 03:17:06,Laboratorios Civil Central,47.341,Group 1 (Common),82.899,48.879,Group 1 (Common),47.66,0.0,0.0,0.0,0.0,82.899,0.477,1.432,0.13,15.017,48.311,47.402,45.971,-93,11.5
2026-06-23 03:17:07,Laboratorios Civil Superior,30.5,Silence,0.0,31.611,Silence,0.0,0.0,0.0,0.0,0.0,0.0,0.0,0.0,0.0,0.0,31.973,30.414,29.01,-91,12.3
2026-06-23 03:17:09,Salón - Extremo Civil,12.812,Silence,0.0,13.401,Silence,0.0,0.0,0.0,0.0,0.0,0.0,0.0,0.0,0.0,0.0,13.316,12.778,12.353,-95,12.8
2026-06-23 03:17:16,Laboratorios Eléctrica Superior,13.11,Silence,0.0,13.991,Silence,0.0,0.0,0.0,0.0,0.0,0.0,0.0,0.0,0.0,0.0,13.958,13.081,11.882,-95,11.0
2026-06-23 03:17:16,Lobby Eléctrica,27.381,Silence,0.0,28.035,Silence,0.0,0.0,0.0,0.0,0.0,0.0,0.0,0.0,0.0,0.0,28.301,27.406,26.324,-94,10.8
2026-06-23 03:17:25,Pasillo Decanato Civil,19.818,Silence,0.0,20.855,Silence,0.0,0.0,0.0,0.0,0.0,0.0,0.0,0.0,0.0,0.0,21.161,19.48,18.916,-96,12.0
2026-06-23 03:17:25,Salón - Uma Eléctrica,43.913,Silence,0.0,44.758,Silence,0.0,0.0,0.0,0.0,0.0,0.0,0.0,0.0,0.0,0.0,44.888,43.983,42.693,-106,-9.0
2026-06-23 03:17:26,Pasillo Salones Civil,13.293,Silence,0.0,13.788,Silence,0.0,0.0,0.0,0.0,0.0,0.0,0.0,0.0,0.0,0.0,13.874,13.269,12.835,-82,12.8
2026-06-23 03:17:34,Salón - Uma Civil,9.348,Silence,0.0,9.854,Silence,0.0,0.0,0.0,0.0,0.0,0.0,0.0,0.0,0.0,0.0,9.637,9.354,8.78,-108,-3.5
2026-06-23 03:17:37,Laboratorios Civil Inferior,42.473,Silence,0.0,43.061,Silence,0.0,0.0,0.0,0.0,0.0,0.0,0.0,0.0,0.0,0.0,42.717,42.483,42.199,-113,1.5
2026-06-23 03:17:41,Pasillo Decanato Eléctrica,14.37,Silence,0.0,15.067,Silence,0.0,0.0,0.0,0.0,0.0,0.0,0.0,0.0,0.0,0.0,14.807,14.451,13.753,-115,-9.5
2026-06-23 03:17:47,Pasillo Salones Eléctrica,30.664,Silence,0.0,31.59,Silence,0.0,0.0,0.0,0.0,0.0,0.0,0.0,0.0,0.0,0.0,31.422,30.538,29.577,-102,10.0
2026-06-23 03:17:55,Salón - Extremo Eléctrica,15.057,Silence,0.0,16.388,Silence,0.0,0.0,0.0,0.0,0.0,0.0,0.0,0.0,0.0,0.0,15.942,15.159,13.798,-97,10.0
2026-06-23 03:18:02,Laboratorios Eléctrica Centro,16.518,Silence,0.0,17.415,Silence,0.0,0.0,0.0,0.0,0.0,0.0,0.0,0.0,0.0,0.0,17.225,16.44,15.51,-91,14.8
2026-06-23 03:18:17,Laboratorios Eléctrica Inferior,17.054,Silence,0.0,17.524,Silence,0.0,0.0,0.0,0.0,0.0,0.0,0.0,0.0,0.0,0.0,17.673,16.997,16.508,-115,-1.5
2026-06-23 03:22:00,Lobby Civil,35.517,Silence,0.0,36.738,Silence,0.0,0.0,0.0,0.0,0.0,0.0,0.0,0.0,0.0,0.0,36.715,35.507,34.425,-103,11.8
2026-06-23 03:22:06,Laboratorios Civil Central,49.132,Mixed,48.351,50.872,Group 1 (Common),49.297,0.0,49.368,0.0,49.137,48.351,2.561,6.554,0.13,42.231,51.255,48.973,46.969,-94,11.5
2026-06-23 03:22:07,Laboratorios Civil Superior,30.298,Silence,0.0,31.317,Silence,0.0,0.0,0.0,0.0,0.0,0.0,0.0,0.0,0.0,0.0,31.63,30.201,29.51,-99,9.0
2026-06-23 03:22:09,Salón - Extremo Civil,13.194,Silence,0.0,13.896,Silence,0.0,0.0,0.0,0.0,0.0,0.0,0.0,0.0,0.0,0.0,13.77,13.259,12.532,-97,13.0
2026-06-23 03:22:16,Laboratorios Eléctrica Superior,13.486,Silence,0.0,14.218,Silence,0.0,0.0,0.0,0.0,0.0,0.0,0.0,0.0,0.0,0.0,14.688,13.459,12.445,-94,10.0
2026-06-23 03:22:16,Lobby Eléctrica,29.565,Silence,0.0,30.664,Silence,0.0,0.0,0.0,0.0,0.0,0.0,0.0,0.0,0.0,0.0,30.729,29.596,28.517,-88,12.5
2026-06-23 03:22:25,Pasillo Decanato Civil,20.234,Silence,0.0,21.196,Silence,0.0,0.0,0.0,0.0,0.0,0.0,0.0,0.0,0.0,0.0,21.103,20.567,18.763,-85,12.8
2026-06-23 03:22:25,Salón - Uma Eléctrica,44.1,Silence,0.0,44.885,Silence,0.0,0.0,0.0,0.0,0.0,0.0,0.0,0.0,0.0,0.0,44.712,44.157,43.442,-117,-0.5
2026-06-23 03:22:26,Pasillo Salones Civil,13.809,Silence,0.0,14.527,Silence,0.0,0.0,0.0,0.0,0.0,0.0,0.0,0.0,0.0,0.0,14.654,13.696,12.941,-82,12.5
2026-06-23 03:22:34,Salón - Uma Civil,10.181,Silence,0.0,10.809,Silence,0.0,0.0,0.0,0.0,0.0,0.0,0.0,0.0,0.0,0.0,10.901,10.281,9.612,-111,2.5
2026-06-23 03:22:37,Laboratorios Civil Inferior,42.752,Silence,0.0,43.256,Silence,0.0,0.0,0.0,0.0,0.0,0.0,0.0,0.0,0.0,0.0,43.273,42.758,42.051,-115,-5.3
2026-06-23 03:22:41,Pasillo Decanato Eléctrica,14.585,Silence,0.0,14.989,Silence,0.0,0.0,0.0,0.0,0.0,0.0,0.0,0.0,0.0,0.0,15.092,14.649,13.94,-91,12.5
2026-06-23 03:22:47,Pasillo Salones Eléctrica,30.434,Silence,0.0,31.243,Silence,0.0,0.0,0.0,0.0,0.0,0.0,0.0,0.0,0.0,0.0,31.43,30.386,29.909,-88,14.5
2026-06-23 03:22:55,Salón - Extremo Eléctrica,15.069,Silence,0.0,15.589,Silence,0.0,0.0,0.0,0.0,0.0,0.0,0.0,0.0,0.0,0.0,15.64,15.093,14.52,-77,10.5
2026-06-23 03:23:02,Laboratorios Eléctrica Centro,15.888,Silence,0.0,16.862,Silence,0.0,0.0,0.0,0.0,0.0,0.0,0.0,0.0,0.0,0.0,16.696,15.815,15.377,-112,0.5
2026-06-23 03:23:17,Laboratorios Eléctrica Inferior,15.145,Silence,0.0,15.776,Silence,0.0,0.0,0.0,0.0,0.0,0.0,0.0,0.0,0.0,0.0,15.655,15.251,14.257,-112,3.3
2026-06-23 03:27:00,Lobby Civil,44.356,Silence,0.0,50.564,Silence,0.0,0.0,0.0,0.0,0.0,0.0,0.0,0.0,0.0,0.0,52.067,37.227,33.797,-84,11.3
2026-06-23 03:27:06,Laboratorios Civil Central,49.697,Mixed,54.557,50.775,Group 1 (Common),49.826,0.0,0.0,0.0,49.462,54.557,1.172,4.731,0.087,39.41,50.942,49.527,48.169,-107,7.2
2026-06-23 03:27:07,Laboratorios Civil Superior,34.29,Silence,0.0,35.234,Silence,0.0,0.0,0.0,0.0,0.0,0.0,0.0,0.0,0.0,0.0,35.107,34.158,33.657,-97,11.8
2026-06-23 03:27:09,Salón - Extremo Civil,13.259,Silence,0.0,13.838,Silence,0.0,0.0,0.0,0.0,0.0,0.0,0.0,0.0,0.0,0.0,13.694,13.427,12.639,-93,12.5
2026-06-23 03:27:16,Laboratorios Eléctrica Superior,16.673,Silence,0.0,17.506,Silence,0.0,0.0,0.0,0.0,0.0,0.0,0.0,0.0,0.0,0.0,17.269,16.881,15.7,-97,12.5
2026-06-23 03:27:16,Lobby Eléctrica,25.316,Silence,0.0,26.211,Silence,0.0,0.0,0.0,0.0,0.0,0.0,0.0,0.0,0.0,0.0,26.151,25.28,24.435,-90,10.0
2026-06-23 03:27:25,Pasillo Decanato Civil,19.49,Silence,0.0,20.303,Silence,0.0,0.0,0.0,0.0,0.0,0.0,0.0,0.0,0.0,0.0,20.478,19.267,18.4,-101,-0.2
2026-06-23 03:27:25,Salón - Uma Eléctrica,44.016,Silence,0.0,44.597,Silence,0.0,0.0,0.0,0.0,0.0,0.0,0.0,0.0,0.0,0.0,44.408,44.115,43.197,-117,-7.8
2026-06-23 03:27:26,Pasillo Salones Civil,14.272,Silence,0.0,15.022,Silence,0.0,0.0,0.0,0.0,0.0,0.0,0.0,0.0,0.0,0.0,14.851,14.295,13.432,-96,11.2
2026-06-23 03:27:34,Salón - Uma Civil,10.356,Silence,0.0,13.245,Silence,0.0,0.0,0.0,0.0,0.0,0.0,0.0,0.0,0.0,0.0,12.081,9.864,9.053,-98,11.8
2026-06-23 03:27:37,Laboratorios Civil Inferior,43.31,Silence,0.0,43.869,Silence,0.0,0.0,0.0,0.0,0.0,0.0,0.0,0.0,0.0,0.0,43.973,43.326,42.816,-117,-9.3
2026-06-23 03:27:41,Pasillo Decanato Eléctrica,14.081,Silence,0.0,14.855,Silence,0.0,0.0,0.0,0.0,0.0,0.0,0.0,0.0,0.0,0.0,14.518,14.11,13.46,-117,-3.2
2026-06-23 03:27:47,Pasillo Salones Eléctrica,30.381,Silence,0.0,31.149,Silence,0.0,0.0,0.0,0.0,0.0,0.0,0.0,0.0,0.0,0.0,31.376,30.316,29.947,-84,12.5
2026-06-23 03:27:55,Salón - Extremo Eléctrica,15.684,Silence,0.0,16.695,Silence,0.0,0.0,0.0,0.0,0.0,0.0,0.0,0.0,0.0,0.0,16.84,15.35,14.927,-76,13.3
2026-06-23 03:28:02,Laboratorios Eléctrica Centro,21.412,Silence,0.0,22.41,Silence,0.0,0.0,0.0,0.0,0.0,0.0,0.0,0.0,0.0,0.0,22.539,21.373,20.499,-94,11.8
2026-06-23 03:28:17,Laboratorios Eléctrica Inferior,17.287,Silence,0.0,18.079,Silence,0.0,0.0,0.0,0.0,0.0,0.0,0.0,0.0,0.0,0.0,18.077,17.321,16.494,-109,6.5
2026-06-23 03:32:00,Lobby Civil,32.846,Silence,0.0,33.755,Silence,0.0,0.0,0.0,0.0,0.0,0.0,0.0,0.0,0.0,0.0,33.73,32.515,32.15,-84,11.8
2026-06-23 03:32:06,Laboratorios Civil Central,49.046,Group 1 (Common),71.571,50.687,Group 1 (Common),48.871,0.0,0.0,0.0,0.0,71.571,0.738,1.823,0.043,25.521,50.401,48.958,46.756,-94,14.3
2026-06-23 03:32:08,Laboratorios Civil Superior,29.231,Silence,0.0,30.192,Silence,0.0,0.0,0.0,0.0,0.0,0.0,0.0,0.0,0.0,0.0,30.124,28.995,28.565,-91,12.5
2026-06-23 03:32:09,Salón - Extremo Civil,13.09,Silence,0.0,13.74,Silence,0.0,0.0,0.0,0.0,0.0,0.0,0.0,0.0,0.0,0.0,13.592,13.328,12.426,-99,10.5
2026-06-23 03:32:16,Laboratorios Eléctrica Superior,12.786,Silence,0.0,14.198,Silence,0.0,0.0,0.0,0.0,0.0,0.0,0.0,0.0,0.0,0.0,14.286,12.507,11.405,-91,12.3
2026-06-23 03:32:16,Lobby Eléctrica,29.495,Silence,0.0,31.949,Silence,0.0,0.0,0.0,0.0,0.0,0.0,0.0,0.0,0.0,0.0,32.162,28.837,26.977,-88,12.5
2026-06-23 03:32:25,Pasillo Decanato Civil,19.897,Silence,0.0,20.743,Silence,0.0,0.0,0.0,0.0,0.0,0.0,0.0,0.0,0.0,0.0,20.67,19.938,19.24,-99,11.8
2026-06-23 03:32:25,Salón - Uma Eléctrica,44.554,Silence,0.0,45.571,Silence,0.0,0.0,0.0,0.0,0.0,0.0,0.0,0.0,0.0,0.0,45.594,44.451,43.642,-98,11.3
2026-06-23 03:32:26,Pasillo Salones Civil,13.94,Silence,0.0,15.087,Silence,0.0,0.0,0.0,0.0,0.0,0.0,0.0,0.0,0.0,0.0,14.914,13.978,13.044,-81,12.5
2026-06-23 03:32:34,Salón - Uma Civil,11.091,Silence,0.0,12.169,Silence,0.0,0.0,0.0,0.0,0.0,0.0,0.0,0.0,0.0,0.0,12.008,11.087,10.367,-115,1.8
2026-06-23 03:32:37,Laboratorios Civil Inferior,42.531,Silence,0.0,43.248,Silence,0.0,0.0,0.0,0.0,0.0,0.0,0.0,0.0,0.0,0.0,43.216,42.472,41.764,-107,8.2
2026-06-23 03:32:41,Pasillo Decanato Eléctrica,14.265,Silence,0.0,14.812,Silence,0.0,0.0,0.0,0.0,0.0,0.0,0.0,0.0,0.0,0.0,14.667,14.325,13.535,-121,-2.8
2026-06-23 03:32:47,Pasillo Salones Eléctrica,30.776,Silence,0.0,31.558,Silence,0.0,0.0,0.0,0.0,0.0,0.0,0.0,0.0,0.0,0.0,31.701,30.599,30.477,-86,12.0
2026-06-23 03:32:55,Salón - Extremo Eléctrica,15.289,Silence,0.0,15.838,Silence,0.0,0.0,0.0,0.0,0.0,0.0,0.0,0.0,0.0,0.0,15.687,15.272,14.753,-78,11.5
2026-06-23 03:33:02,Laboratorios Eléctrica Centro,15.818,Silence,0.0,16.575,Silence,0.0,0.0,0.0,0.0,0.0,0.0,0.0,0.0,0.0,0.0,16.361,15.7,15.077,-94,13.0
2026-06-23 03:33:17,Laboratorios Eléctrica Inferior,14.478,Silence,0.0,15.294,Silence,0.0,0.0,0.0,0.0,0.0,0.0,0.0,0.0,0.0,0.0,15.089,14.429,13.703,-108,6.0
2026-06-23 03:37:00,Lobby Civil,34.984,Silence,0.0,35.7,Silence,0.0,0.0,0.0,0.0,0.0,0.0,0.0,0.0,0.0,0.0,35.709,34.783,34.381,-118,-13.3
2026-06-23 03:37:06,Laboratorios Civil Central,50.54,Mixed,69.661,52.563,Group 1 (Common),50.66,0.0,0.0,0.0,50.79,69.661,0.174,0.26,0.0,29.644,52.66,50.37,47.434,-105,10.2
2026-06-23 03:37:08,Laboratorios Civil Superior,34.853,Silence,0.0,35.732,Silence,0.0,0.0,0.0,0.0,0.0,0.0,0.0,0.0,0.0,0.0,35.583,34.669,33.548,-92,14.5
2026-06-23 03:37:09,Salón - Extremo Civil,13.638,Silence,0.0,14.32,Silence,0.0,0.0,0.0,0.0,0.0,0.0,0.0,0.0,0.0,0.0,14.069,13.673,13.22,-81,12.3
2026-06-23 03:37:16,Laboratorios Eléctrica Superior,18.562,Silence,0.0,19.068,Silence,0.0,0.0,0.0,0.0,0.0,0.0,0.0,0.0,0.0,0.0,19.19,18.372,18.05,-95,10.3
2026-06-23 03:37:16,Lobby Eléctrica,27.599,Silence,0.0,28.496,Silence,0.0,0.0,0.0,0.0,0.0,0.0,0.0,0.0,0.0,0.0,28.571,27.557,26.024,-111,6.5
2026-06-23 03:37:25,Pasillo Decanato Civil,19.921,Silence,0.0,21.071,Silence,0.0,0.0,0.0,0.0,0.0,0.0,0.0,0.0,0.0,0.0,20.944,20.104,18.533,-82,12.5
2026-06-23 03:37:25,Salón - Uma Eléctrica,44.707,Silence,0.0,45.33,Silence,0.0,0.0,0.0,0.0,0.0,0.0,0.0,0.0,0.0,0.0,45.304,44.669,44.278,-95,11.8
2026-06-23 03:37:26,Pasillo Salones Civil,14.144,Silence,0.0,15.208,Silence,0.0,0.0,0.0,0.0,0.0,0.0,0.0,0.0,0.0,0.0,14.946,13.951,13.397,-82,13.0
2026-06-23 03:37:34,Salón - Uma Civil,9.969,Silence,0.0,10.506,Silence,0.0,0.0,0.0,0.0,0.0,0.0,0.0,0.0,0.0,0.0,10.483,10.051,9.454,-97,13.3
2026-06-23 03:37:37,Laboratorios Civil Inferior,43.452,Silence,0.0,44.034,Silence,0.0,0.0,0.0,0.0,0.0,0.0,0.0,0.0,0.0,0.0,44.069,43.442,42.924,-116,-4.5
2026-06-23 03:37:41,Pasillo Decanato Eléctrica,14.028,Silence,0.0,14.536,Silence,0.0,0.0,0.0,0.0,0.0,0.0,0.0,0.0,0.0,0.0,14.663,13.841,13.626,-93,11.8
2026-06-23 03:37:47,Pasillo Salones Eléctrica,30.015,Silence,0.0,31.278,Silence,0.0,0.0,0.0,0.0,0.0,0.0,0.0,0.0,0.0,0.0,31.05,29.941,28.896,-85,12.0
2026-06-23 03:37:55,Salón - Extremo Eléctrica,15.126,Silence,0.0,15.802,Silence,0.0,0.0,0.0,0.0,0.0,0.0,0.0,0.0,0.0,0.0,16.122,15.231,13.958,-76,12.8
2026-06-23 03:38:02,Laboratorios Eléctrica Centro,16.467,Silence,0.0,17.523,Silence,0.0,0.0,0.0,0.0,0.0,0.0,0.0,0.0,0.0,0.0,17.22,16.695,15.575,-88,15.0
2026-06-23 03:38:17,Laboratorios Eléctrica Inferior,15.04,Silence,0.0,15.627,Silence,0.0,0.0,0.0,0.0,0.0,0.0,0.0,0.0,0.0,0.0,15.683,14.997,14.663,-113,5.8
2026-06-23 03:42:00,Lobby Civil,34.735,Silence,0.0,36.289,Silence,0.0,0.0,0.0,0.0,0.0,0.0,0.0,0.0,0.0,0.0,36.152,34.59,33.525,-85,12.8
2026-06-23 03:42:06,Laboratorios Civil Central,48.586,Group 1 (Common),80.556,50.85,Group 1 (Common),48.787,0.0,0.0,0.0,0.0,80.556,1.693,2.821,0.043,14.8,51.131,48.408,46.13,-109,3.5
2026-06-23 03:42:08,Laboratorios Civil Superior,29.205,Silence,0.0,29.961,Silence,0.0,0.0,0.0,0.0,0.0,0.0,0.0,0.0,0.0,0.0,29.801,29.161,28.336,-97,12.0
2026-06-23 03:42:09,Salón - Extremo Civil,25.154,Silence,0.0,28.148,Silence,0.0,0.0,0.0,0.0,0.0,0.0,0.0,0.0,0.0,0.0,29.322,24.779,22.836,-93,12.8
2026-06-23 03:42:16,Laboratorios Eléctrica Superior,14.633,Silence,0.0,15.206,Silence,0.0,0.0,0.0,0.0,0.0,0.0,0.0,0.0,0.0,0.0,15.523,14.648,13.91,-96,11.8
2026-06-23 03:42:16,Lobby Eléctrica,43.595,Silence,0.0,49.41,Silence,0.0,0.0,0.0,0.0,0.0,0.0,0.0,0.0,0.0,0.0,49.82,38.726,35.891,-117,-3.0
2026-06-23 03:42:25,Pasillo Decanato Civil,20.092,Silence,0.0,21.211,Silence,0.0,0.0,0.0,0.0,0.0,0.0,0.0,0.0,0.0,0.0,21.146,19.691,19.263,-102,11.0
2026-06-23 03:42:25,Salón - Uma Eléctrica,44.025,Silence,0.0,44.749,Silence,0.0,0.0,0.0,0.0,0.0,0.0,0.0,0.0,0.0,0.0,44.852,44.006,43.313,-114,-2.2
2026-06-23 03:42:26,Pasillo Salones Civil,15.137,Silence,0.0,18.38,Silence,0.0,0.0,0.0,0.0,0.0,0.0,0.0,0.0,0.0,0.0,19.383,14.644,14.009,-81,9.5
2026-06-23 03:42:34,Salón - Uma Civil,11.815,Silence,0.0,13.095,Silence,0.0,0.0,0.0,0.0,0.0,0.0,0.0,0.0,0.0,0.0,13.115,11.907,10.505,-111,-1.8
2026-06-23 03:42:37,Laboratorios Civil Inferior,42.017,Silence,0.0,42.718,Silence,0.0,0.0,0.0,0.0,0.0,0.0,0.0,0.0,0.0,0.0,42.64,42.083,41.219,-118,-10.0
2026-06-23 03:42:41,Pasillo Decanato Eléctrica,14.485,Silence,0.0,15.158,Silence,0.0,0.0,0.0,0.0,0.0,0.0,0.0,0.0,0.0,0.0,15.046,14.483,13.873,-93,10.0
2026-06-23 03:42:47,Pasillo Salones Eléctrica,30.665,Silence,0.0,31.301,Silence,0.0,0.0,0.0,0.0,0.0,0.0,0.0,0.0,0.0,0.0,31.297,30.814,28.876,-86,9.8
2026-06-23 03:42:55,Salón - Extremo Eléctrica,15.483,Silence,0.0,16.208,Silence,0.0,0.0,0.0,0.0,0.0,0.0,0.0,0.0,0.0,0.0,16.082,15.432,15.077,-90,11.5
2026-06-23 03:43:02,Laboratorios Eléctrica Centro,22.332,Silence,0.0,23.643,Silence,0.0,0.0,0.0,0.0,0.0,0.0,0.0,0.0,0.0,0.0,23.165,22.487,21.484,-95,10.5
2026-06-23 03:43:17,Laboratorios Eléctrica Inferior,19.349,Silence,0.0,20.424,Silence,0.0,0.0,0.0,0.0,0.0,0.0,0.0,0.0,0.0,0.0,20.56,19.148,18.712,-108,7.5
2026-06-23 03:47:00,Lobby Civil,33.001,Silence,0.0,34.165,Silence,0.0,0.0,0.0,0.0,0.0,0.0,0.0,0.0,0.0,0.0,34.073,33.093,32.23,-84,9.5
2026-06-23 03:47:06,Laboratorios Civil Central,47.709,Mixed,58.55,49.858,Group 1 (Common),48.119,0.0,0.0,0.0,46.111,58.55,0.998,1.389,0.0,38.759,49.749,47.504,45.207,-94,12.0
2026-06-23 03:47:08,Laboratorios Civil Superior,30.107,Silence,0.0,30.796,Silence,0.0,0.0,0.0,0.0,0.0,0.0,0.0,0.0,0.0,0.0,31.222,30.304,28.973,-90,11.8
2026-06-23 03:47:09,Salón - Extremo Civil,27.923,Silence,0.0,30.413,Silence,0.0,0.0,0.0,0.0,0.0,0.0,0.0,0.0,0.0,0.0,29.61,28.645,23.486,-93,12.0
2026-06-23 03:47:16,Laboratorios Eléctrica Superior,24.237,Silence,0.0,30.083,Silence,0.0,0.0,0.0,0.0,0.0,0.0,0.0,0.0,0.0,0.0,30.561,23.437,18.881,-97,9.8
2026-06-23 03:47:16,Lobby Eléctrica,35.401,Silence,0.0,35.947,Silence,0.0,0.0,0.0,0.0,0.0,0.0,0.0,0.0,0.0,0.0,36.282,35.554,34.606,-88,12.8
2026-06-23 03:47:25,Pasillo Decanato Civil,19.847,Silence,0.0,21.291,Silence,0.0,0.0,0.0,0.0,0.0,0.0,0.0,0.0,0.0,0.0,20.734,19.798,19.087,-81,11.8
2026-06-23 03:47:25,Salón - Uma Eléctrica,44.515,Silence,0.0,45.348,Silence,0.0,0.0,0.0,0.0,0.0,0.0,0.0,0.0,0.0,0.0,45.339,44.409,43.3,-98,10.8
2026-06-23 03:47:26,Pasillo Salones Civil,14.216,Silence,0.0,14.893,Silence,0.0,0.0,0.0,0.0,0.0,0.0,0.0,0.0,0.0,0.0,14.818,14.261,13.327,-95,11.0
2026-06-23 03:47:34,Salón - Uma Civil,9.466,Silence,0.0,10.013,Silence,0.0,0.0,0.0,0.0,0.0,0.0,0.0,0.0,0.0,0.0,9.794,9.563,8.979,-114,-0.2
2026-06-23 03:47:37,Laboratorios Civil Inferior,42.957,Silence,0.0,43.689,Silence,0.0,0.0,0.0,0.0,0.0,0.0,0.0,0.0,0.0,0.0,43.67,43.004,42.219,-112,2.3
2026-06-23 03:47:41,Pasillo Decanato Eléctrica,14.294,Silence,0.0,14.844,Silence,0.0,0.0,0.0,0.0,0.0,0.0,0.0,0.0,0.0,0.0,15.107,14.21,13.923,-92,12.0
2026-06-23 03:47:47,Pasillo Salones Eléctrica,30.6,Silence,0.0,31.599,Silence,0.0,0.0,0.0,0.0,0.0,0.0,0.0,0.0,0.0,0.0,31.826,30.705,29.568,-105,11.2
2026-06-23 03:47:55,Salón - Extremo Eléctrica,15.124,Silence,0.0,15.961,Silence,0.0,0.0,0.0,0.0,0.0,0.0,0.0,0.0,0.0,0.0,16.138,15.03,14.382,-76,13.3
2026-06-23 03:48:02,Laboratorios Eléctrica Centro,16.676,Silence,0.0,17.346,Silence,0.0,0.0,0.0,0.0,0.0,0.0,0.0,0.0,0.0,0.0,17.355,16.705,16.11,-89,11.8
2026-06-23 03:48:17,Laboratorios Eléctrica Inferior,15.232,Silence,0.0,15.718,Silence,0.0,0.0,0.0,0.0,0.0,0.0,0.0,0.0,0.0,0.0,15.679,15.11,14.809,-116,-6.5
2026-06-23 03:52:01,Lobby Civil,33.006,Silence,0.0,34.087,Silence,0.0,0.0,0.0,0.0,0.0,0.0,0.0,0.0,0.0,0.0,34.323,32.93,31.881,-101,9.2
2026-06-23 03:52:06,Laboratorios Civil Central,50.415,Mixed,53.369,51.856,Group 1 (Common),50.425,0.0,49.034,0.0,49.683,36.67,1.855,7.764,0.098,53.369,52.37,50.142,48.257,-92,11.5
2026-06-23 03:52:08,Laboratorios Civil Superior,33.582,Silence,0.0,34.696,Silence,0.0,0.0,0.0,0.0,0.0,0.0,0.0,0.0,0.0,0.0,35.048,33.198,32.266,-95,11.5
2026-06-23 03:52:09,Salón - Extremo Civil,17.863,Silence,0.0,19.941,Silence,0.0,0.0,0.0,0.0,0.0,0.0,0.0,0.0,0.0,0.0,19.956,16.782,16.524,-95,12.2
2026-06-23 03:52:16,Laboratorios Eléctrica Superior,17.302,Silence,0.0,17.917,Silence,0.0,0.0,0.0,0.0,0.0,0.0,0.0,0.0,0.0,0.0,17.889,17.16,17.002,-94,12.5
2026-06-23 03:52:16,Lobby Eléctrica,27.733,Silence,0.0,28.672,Silence,0.0,0.0,0.0,0.0,0.0,0.0,0.0,0.0,0.0,0.0,28.727,27.717,26.912,-113,-2.5
2026-06-23 03:52:25,Pasillo Decanato Civil,19.928,Silence,0.0,20.775,Silence,0.0,0.0,0.0,0.0,0.0,0.0,0.0,0.0,0.0,0.0,20.429,19.832,19.277,-83,11.0
2026-06-23 03:52:25,Salón - Uma Eléctrica,44.082,Silence,0.0,45.147,Silence,0.0,0.0,0.0,0.0,0.0,0.0,0.0,0.0,0.0,0.0,45.002,44.042,43.22,-105,8.8
2026-06-23 03:52:26,Pasillo Salones Civil,39.078,Silence,0.0,41.947,Silence,0.0,0.0,0.0,0.0,0.0,0.0,0.0,0.0,0.0,0.0,42.896,37.524,34.161,-83,11.8
2026-06-23 03:52:34,Salón - Uma Civil,11.404,Silence,0.0,11.924,Silence,0.0,0.0,0.0,0.0,0.0,0.0,0.0,0.0,0.0,0.0,11.981,11.335,10.997,-99,10.8
2026-06-23 03:52:37,Laboratorios Civil Inferior,43.464,Silence,0.0,44.245,Silence,0.0,0.0,0.0,0.0,0.0,0.0,0.0,0.0,0.0,0.0,44.183,43.369,42.934,-115,-3.8
2026-06-23 03:52:41,Pasillo Decanato Eléctrica,14.222,Silence,0.0,14.651,Silence,0.0,0.0,0.0,0.0,0.0,0.0,0.0,0.0,0.0,0.0,14.704,14.31,13.045,-115,-1.0
2026-06-23 03:52:47,Pasillo Salones Eléctrica,30.395,Silence,0.0,31.353,Silence,0.0,0.0,0.0,0.0,0.0,0.0,0.0,0.0,0.0,0.0,31.067,30.193,29.794,-85,12.3
2026-06-23 03:52:55,Salón - Extremo Eléctrica,15.011,Silence,0.0,15.724,Silence,0.0,0.0,0.0,0.0,0.0,0.0,0.0,0.0,0.0,0.0,15.646,14.913,14.682,-77,12.5
2026-06-23 03:53:02,Laboratorios Eléctrica Centro,21.913,Silence,0.0,22.524,Silence,0.0,0.0,0.0,0.0,0.0,0.0,0.0,0.0,0.0,0.0,22.326,21.607,21.466,-114,2.5
2026-06-23 03:53:17,Laboratorios Eléctrica Inferior,19.171,Silence,0.0,22.076,Silence,0.0,0.0,0.0,0.0,0.0,0.0,0.0,0.0,0.0,0.0,22.42,18.11,17.709,-111,4.0
2026-06-23 03:57:00,Lobby Civil,35.016,Silence,0.0,35.781,Silence,0.0,0.0,0.0,0.0,0.0,0.0,0.0,0.0,0.0,0.0,36.099,34.894,34.466,-83,12.0
2026-06-23 03:57:06,Laboratorios Civil Central,48.374,Mixed,59.115,50.62,Group 1 (Common),48.405,0.0,0.0,0.0,47.097,59.115,2.517,6.293,0.087,31.988,51.407,47.817,46.075,-91,14.0
2026-06-23 03:57:08,Laboratorios Civil Superior,30.456,Silence,0.0,32.086,Silence,0.0,0.0,0.0,0.0,0.0,0.0,0.0,0.0,0.0,0.0,32.304,30.644,28.373,-89,10.5
2026-06-23 03:57:09,Salón - Extremo Civil,13.253,Silence,0.0,14.027,Silence,0.0,0.0,0.0,0.0,0.0,0.0,0.0,0.0,0.0,0.0,13.888,13.266,12.559,-80,14.8
2026-06-23 03:57:16,Laboratorios Eléctrica Superior,13.618,Silence,0.0,14.458,Silence,0.0,0.0,0.0,0.0,0.0,0.0,0.0,0.0,0.0,0.0,14.041,13.772,12.956,-91,14.5
2026-06-23 03:57:16,Lobby Eléctrica,28.638,Silence,0.0,29.159,Silence,0.0,0.0,0.0,0.0,0.0,0.0,0.0,0.0,0.0,0.0,29.166,28.623,27.98,-93,11.8
2026-06-23 03:57:25,Pasillo Decanato Civil,20.36,Silence,0.0,21.174,Silence,0.0,0.0,0.0,0.0,0.0,0.0,0.0,0.0,0.0,0.0,21.027,20.282,19.76,-97,11.5
2026-06-23 03:57:25,Salón - Uma Eléctrica,44.165,Silence,0.0,44.887,Silence,0.0,0.0,0.0,0.0,0.0,0.0,0.0,0.0,0.0,0.0,45.013,43.976,43.175,-103,10.0
2026-06-23 03:57:26,Pasillo Salones Civil,13.748,Silence,0.0,14.354,Silence,0.0,0.0,0.0,0.0,0.0,0.0,0.0,0.0,0.0,0.0,14.386,13.731,13.156,-96,12.0
2026-06-23 03:57:34,Salón - Uma Civil,9.43,Silence,0.0,10.002,Silence,0.0,0.0,0.0,0.0,0.0,0.0,0.0,0.0,0.0,0.0,9.867,9.447,8.912,-105,9.0
2026-06-23 03:57:37,Laboratorios Civil Inferior,42.402,Silence,0.0,43.491,Silence,0.0,0.0,0.0,0.0,0.0,0.0,0.0,0.0,0.0,0.0,43.573,42.253,41.63,-108,6.0
2026-06-23 03:57:41,Pasillo Decanato Eléctrica,14.163,Silence,0.0,14.739,Silence,0.0,0.0,0.0,0.0,0.0,0.0,0.0,0.0,0.0,0.0,14.696,14.256,13.44,-115,-6.5
2026-06-23 03:57:47,Pasillo Salones Eléctrica,30.24,Silence,0.0,31.371,Silence,0.0,0.0,0.0,0.0,0.0,0.0,0.0,0.0,0.0,0.0,31.39,30.272,28.948,-85,10.3
2026-06-23 03:57:55,Salón - Extremo Eléctrica,15.399,Silence,0.0,16.351,Silence,0.0,0.0,0.0,0.0,0.0,0.0,0.0,0.0,0.0,0.0,16.031,15.629,14.551,-77,12.8
2026-06-23 03:58:02,Laboratorios Eléctrica Centro,15.512,Silence,0.0,16.258,Silence,0.0,0.0,0.0,0.0,0.0,0.0,0.0,0.0,0.0,0.0,15.973,15.658,14.756,-91,12.3
2026-06-23 03:58:17,Laboratorios Eléctrica Inferior,14.62,Silence,0.0,15.12,Silence,0.0,0.0,0.0,0.0,0.0,0.0,0.0,0.0,0.0,0.0,15.015,14.529,14.244,-109,2.5
2026-06-23 04:02:01,Lobby Civil,34.242,Silence,0.0,34.918,Silence,0.0,0.0,0.0,0.0,0.0,0.0,0.0,0.0,0.0,0.0,35.062,34.328,33.25,-103,10.5
2026-06-23 04:02:06,Laboratorios Civil Central,52.068,Mixed,49.913,53.179,Group 5 (Vehicle),51.625,0.0,0.0,0.0,52.694,49.826,0.0,0.0,0.043,49.913,53.093,52.143,50.494,-91,12.5
2026-06-23 04:02:08,Laboratorios Civil Superior,45.183,Group 1 (Common),78.429,46.037,Group 1 (Common),45.374,0.0,0.0,0.0,45.76,78.429,0.087,0.0,0.043,21.398,46.001,45.134,44.686,-91,14.5
2026-06-23 04:02:09,Salón - Extremo Civil,19.737,Silence,0.0,21.418,Silence,0.0,0.0,0.0,0.0,0.0,0.0,0.0,0.0,0.0,0.0,22.113,19.655,18.26,-116,-12.8
2026-06-23 04:02:16,Laboratorios Eléctrica Superior,39.508,Silence,0.0,40.472,Silence,0.0,0.0,0.0,0.0,0.0,0.0,0.0,0.0,0.0,0.0,40.154,39.66,38.788,-97,10.8
2026-06-23 04:02:16,Lobby Eléctrica,30.654,Silence,0.0,31.617,Silence,0.0,0.0,0.0,0.0,0.0,0.0,0.0,0.0,0.0,0.0,31.734,30.658,29.762,-88,14.0
2026-06-23 04:02:25,Pasillo Decanato Civil,19.841,Silence,0.0,20.448,Silence,0.0,0.0,0.0,0.0,0.0,0.0,0.0,0.0,0.0,0.0,20.574,19.83,19.412,-99,6.5
2026-06-23 04:02:25,Salón - Uma Eléctrica,44.06,Silence,0.0,44.964,Silence,0.0,0.0,0.0,0.0,0.0,0.0,0.0,0.0,0.0,0.0,45.001,44.019,43.053,-117,-11.2
2026-06-23 04:02:26,Pasillo Salones Civil,36.817,Silence,0.0,37.829,Silence,0.0,0.0,0.0,0.0,0.0,0.0,0.0,0.0,0.0,0.0,37.797,36.853,35.876,-81,12.0
2026-06-23 04:02:34,Salón - Uma Civil,37.841,Silence,0.0,39.169,Silence,0.0,0.0,0.0,0.0,0.0,0.0,0.0,0.0,0.0,0.0,39.839,37.988,35.479,-119,-2.5
2026-06-23 04:02:37,Laboratorios Civil Inferior,42.946,Silence,0.0,43.441,Silence,0.0,0.0,0.0,0.0,0.0,0.0,0.0,0.0,0.0,0.0,43.281,42.87,42.755,-110,4.8
2026-06-23 04:02:41,Pasillo Decanato Eléctrica,14.162,Silence,0.0,14.793,Silence,0.0,0.0,0.0,0.0,0.0,0.0,0.0,0.0,0.0,0.0,14.946,14.187,13.25,-91,12.5
2026-06-23 04:02:47,Pasillo Salones Eléctrica,33.87,Silence,0.0,34.917,Silence,0.0,0.0,0.0,0.0,0.0,0.0,0.0,0.0,0.0,0.0,34.583,33.882,33.231,-103,11.2
2026-06-23 04:02:55,Salón - Extremo Eléctrica,16.554,Silence,0.0,17.302,Silence,0.0,0.0,0.0,0.0,0.0,0.0,0.0,0.0,0.0,0.0,17.011,16.703,15.664,-101,12.5
2026-06-23 04:03:02,Laboratorios Eléctrica Centro,47.712,Group 5 (Vehicle),98.785,48.199,Group 5 (Vehicle),0.0,0.0,0.0,0.0,47.837,0.174,0.0,0.911,0.0,98.785,48.071,47.772,47.228,-109,-2.5
2026-06-23 04:03:17,Laboratorios Eléctrica Inferior,47.902,Group 5 (Vehicle),75.738,48.718,Group 5 (Vehicle),48.628,0.0,0.0,0.0,47.848,19.575,2.734,0.391,1.563,75.738,48.634,47.959,46.944,-114,-2.3
2026-06-23 04:07:01,Lobby Civil,37.814,Silence,0.0,43.592,Silence,0.0,0.0,0.0,0.0,0.0,0.0,0.0,0.0,0.0,0.0,42.109,36.236,34.337,-101,10.5
2026-06-23 04:07:06,Laboratorios Civil Central,50.622,Group 1 (Common),83.333,51.571,Group 1 (Common),50.745,0.0,0.0,0.0,0.0,83.333,0.651,0.0,0.217,15.755,51.698,50.363,49.523,-91,12.3
2026-06-23 04:07:08,Laboratorios Civil Superior,44.379,Silence,0.0,44.945,Silence,0.0,0.0,0.0,0.0,0.0,0.0,0.0,0.0,0.0,0.0,44.924,44.391,44.008,-99,13.2
2026-06-23 04:07:09,Salón - Extremo Civil,19.738,Silence,0.0,21.17,Silence,0.0,0.0,0.0,0.0,0.0,0.0,0.0,0.0,0.0,0.0,21.062,19.961,18.657,-93,10.8
2026-06-23 04:07:16,Laboratorios Eléctrica Superior,39.419,Silence,0.0,40.418,Silence,0.0,0.0,0.0,0.0,0.0,0.0,0.0,0.0,0.0,0.0,40.441,39.156,38.861,-97,12.2
2026-06-23 04:07:16,Lobby Eléctrica,30.481,Silence,0.0,31.247,Silence,0.0,0.0,0.0,0.0,0.0,0.0,0.0,0.0,0.0,0.0,31.24,30.434,29.91,-97,
2026-06-23 04:07:25,Pasillo Decanato Civil,19.937,Silence,0.0,20.819,Silence,0.0,0.0,0.0,0.0,0.0,0.0,0.0,0.0,0.0,0.0,20.597,19.843,19.393,-97,11.2
2026-06-23 04:07:25,Salón - Uma Eléctrica,44.475,Silence,0.0,45.199,Silence,0.0,0.0,0.0,0.0,0.0,0.0,0.0,0.0,0.0,0.0,45.222,44.265,43.71,-103,7.3
2026-06-23 04:07:26,Pasillo Salones Civil,36.532,Silence,0.0,37.262,Silence,0.0,0.0,0.0,0.0,0.0,0.0,0.0,0.0,0.0,0.0,37.106,36.626,35.089,-99,12.0
2026-06-23 04:07:34,Salón - Uma Civil,38.274,Silence,0.0,40.08,Silence,0.0,0.0,0.0,0.0,0.0,0.0,0.0,0.0,0.0,0.0,40.493,38.323,36.083,-99,9.3
2026-06-23 04:07:37,Laboratorios Civil Inferior,43.073,Silence,0.0,43.696,Silence,0.0,0.0,0.0,0.0,0.0,0.0,0.0,0.0,0.0,0.0,43.783,42.873,42.701,-111,4.0
2026-06-23 04:07:41,Pasillo Decanato Eléctrica,14.515,Silence,0.0,15.152,Silence,0.0,0.0,0.0,0.0,0.0,0.0,0.0,0.0,0.0,0.0,15.226,14.393,14.047,-91,12.3
2026-06-23 04:07:47,Pasillo Salones Eléctrica,33.598,Silence,0.0,34.233,Silence,0.0,0.0,0.0,0.0,0.0,0.0,0.0,0.0,0.0,0.0,34.186,33.594,32.131,-85,12.8
2026-06-23 04:07:55,Salón - Extremo Eléctrica,16.357,Silence,0.0,17.152,Silence,0.0,0.0,0.0,0.0,0.0,0.0,0.0,0.0,0.0,0.0,17.132,16.266,15.385,-97,11.2
2026-06-23 04:08:02,Laboratorios Eléctrica Centro,46.581,Group 5 (Vehicle),95.226,46.965,Group 5 (Vehicle),0.0,0.0,0.0,0.0,46.578,0.608,0.0,4.21,0.0,95.226,46.955,46.619,46.265,-113,1.0
2026-06-23 04:08:17,Laboratorios Eléctrica Inferior,47.569,Group 5 (Vehicle),81.293,48.534,Group 5 (Vehicle),47.243,0.0,0.0,0.0,47.718,14.453,1.345,0.608,2.257,81.293,48.753,47.303,47.104,-115,-0.3
2026-06-23 04:12:01,Lobby Civil,35.303,Silence,0.0,36.302,Silence,0.0,0.0,0.0,0.0,0.0,0.0,0.0,0.0,0.0,0.0,36.686,34.983,34.738,-105,9.8
2026-06-23 04:12:06,Laboratorios Civil Central,50.377,Mixed,57.335,50.984,Group 1 (Common),50.417,0.0,0.0,0.0,50.171,57.335,0.087,0.0,0.087,42.361,50.842,50.317,49.731,-94,11.3
2026-06-23 04:12:08,Laboratorios Civil Superior,44.726,Silence,0.0,45.74,Silence,0.0,0.0,0.0,0.0,0.0,0.0,0.0,0.0,0.0,0.0,45.881,44.395,43.902,-97,12.8
2026-06-23 04:12:09,Salón - Extremo Civil,21.14,Silence,0.0,23.666,Silence,0.0,0.0,0.0,0.0,0.0,0.0,0.0,0.0,0.0,0.0,24.573,20.585,19.754,-78,12.8
2026-06-23 04:12:16,Laboratorios Eléctrica Superior,39.757,Silence,0.0,40.198,Silence,0.0,0.0,0.0,0.0,0.0,0.0,0.0,0.0,0.0,0.0,40.507,39.613,39.182,-99,12.2
2026-06-23 04:12:16,Lobby Eléctrica,30.765,Silence,0.0,31.418,Silence,0.0,0.0,0.0,0.0,0.0,0.0,0.0,0.0,0.0,0.0,31.758,30.62,30.092,-114,3.8
2026-06-23 04:12:25,Pasillo Decanato Civil,20.2,Silence,0.0,21.121,Silence,0.0,0.0,0.0,0.0,0.0,0.0,0.0,0.0,0.0,0.0,21.576,20.016,19.359,-81,11.3
2026-06-23 04:12:25,Salón - Uma Eléctrica,44.44,Silence,0.0,45.375,Silence,0.0,0.0,0.0,0.0,0.0,0.0,0.0,0.0,0.0,0.0,45.453,44.29,43.595,-105,8.5
2026-06-23 04:12:26,Pasillo Salones Civil,36.576,Silence,0.0,37.133,Silence,0.0,0.0,0.0,0.0,0.0,0.0,0.0,0.0,0.0,0.0,37.289,36.464,35.87,-83,12.3
2026-06-23 04:12:34,Salón - Uma Civil,44.809,Silence,0.0,47.129,Silence,0.0,0.0,0.0,0.0,0.0,0.0,0.0,0.0,0.0,0.0,47.216,43.732,41.398,-104,9.3
2026-06-23 04:12:37,Laboratorios Civil Inferior,42.313,Silence,0.0,42.804,Silence,0.0,0.0,0.0,0.0,0.0,0.0,0.0,0.0,0.0,0.0,42.754,42.352,41.837,-108,7.8
2026-06-23 04:12:41,Pasillo Decanato Eléctrica,15.01,Silence,0.0,15.794,Silence,0.0,0.0,0.0,0.0,0.0,0.0,0.0,0.0,0.0,0.0,15.655,14.854,14.402,-113,-6.0
2026-06-23 04:12:47,Pasillo Salones Eléctrica,33.845,Silence,0.0,34.71,Silence,0.0,0.0,0.0,0.0,0.0,0.0,0.0,0.0,0.0,0.0,34.3,33.829,33.405,-103,10.5
2026-06-23 04:12:55,Salón - Extremo Eléctrica,16.604,Silence,0.0,17.512,Silence,0.0,0.0,0.0,0.0,0.0,0.0,0.0,0.0,0.0,0.0,17.548,16.658,15.738,-77,10.8
2026-06-23 04:13:02,Laboratorios Eléctrica Centro,46.826,Group 5 (Vehicle),88.932,47.443,Group 5 (Vehicle),0.0,0.0,46.071,0.0,46.81,0.694,0.694,9.635,0.0,88.932,47.254,46.984,46.314,-93,11.5
2026-06-23 04:13:17,Laboratorios Eléctrica Inferior,47.568,Mixed,63.932,48.234,Group 5 (Vehicle),47.434,0.0,0.0,0.0,47.57,22.656,10.807,0.0,2.734,63.932,48.271,47.584,46.751,-107,9.2
2026-06-23 04:17:01,Lobby Civil,36.255,Silence,0.0,37.467,Silence,0.0,0.0,0.0,0.0,0.0,0.0,0.0,0.0,0.0,0.0,37.378,36.106,35.244,-118,-14.0
2026-06-23 04:17:06,Laboratorios Civil Central,51.375,Group 1 (Common),83.984,52.196,Group 1 (Common),51.476,0.0,0.0,0.0,0.0,83.984,1.259,0.0,0.521,14.323,52.624,51.03,50.651,-90,12.0
2026-06-23 04:17:08,Laboratorios Civil Superior,45.171,Group 1 (Common),80.599,46.273,Group 1 (Common),45.194,0.0,0.0,0.0,0.0,80.599,0.0,0.0,0.0,19.314,46.402,45.014,43.701,-90,11.5
2026-06-23 04:17:13,Salón - Extremo Civil,19.495,Silence,0.0,20.759,Silence,0.0,0.0,0.0,0.0,0.0,0.0,0.0,0.0,0.0,0.0,21.635,19.213,18.642,-95,12.2
2026-06-23 04:17:16,Laboratorios Eléctrica Superior,39.741,Silence,0.0,40.537,Silence,0.0,0.0,0.0,0.0,0.0,0.0,0.0,0.0,0.0,0.0,40.372,39.79,38.343,-95,12.8
2026-06-23 04:17:16,Lobby Eléctrica,31.442,Silence,0.0,32.233,Silence,0.0,0.0,0.0,0.0,0.0,0.0,0.0,0.0,0.0,0.0,32.004,31.52,30.417,-114,3.5
2026-06-23 04:17:25,Pasillo Decanato Civil,19.243,Silence,0.0,20.267,Silence,0.0,0.0,0.0,0.0,0.0,0.0,0.0,0.0,0.0,0.0,20.331,19.11,18.439,-97,6.2
2026-06-23 04:17:25,Salón - Uma Eléctrica,43.789,Silence,0.0,44.42,Silence,0.0,0.0,0.0,0.0,0.0,0.0,0.0,0.0,0.0,0.0,44.42,43.859,43.191,-104,10.5
2026-06-23 04:17:26,Pasillo Salones Civil,36.312,Silence,0.0,37.204,Silence,0.0,0.0,0.0,0.0,0.0,0.0,0.0,0.0,0.0,0.0,37.207,36.26,35.596,-99,12.8
2026-06-23 04:17:34,Salón - Uma Civil,36.848,Silence,0.0,38.173,Silence,0.0,0.0,0.0,0.0,0.0,0.0,0.0,0.0,0.0,0.0,38.077,36.573,35.445,-94,13.3
2026-06-23 04:17:37,Laboratorios Civil Inferior,43.427,Silence,0.0,44.448,Silence,0.0,0.0,0.0,0.0,0.0,0.0,0.0,0.0,0.0,0.0,44.47,43.359,42.5,-106,7.5
2026-06-23 04:17:41,Pasillo Decanato Eléctrica,14.638,Silence,0.0,15.475,Silence,0.0,0.0,0.0,0.0,0.0,0.0,0.0,0.0,0.0,0.0,15.648,14.628,13.918,-117,-2.0
2026-06-23 04:17:47,Pasillo Salones Eléctrica,33.974,Silence,0.0,34.795,Silence,0.0,0.0,0.0,0.0,0.0,0.0,0.0,0.0,0.0,0.0,34.496,34.051,33.054,-86,14.5
2026-06-23 04:17:55,Salón - Extremo Eléctrica,16.371,Silence,0.0,17.122,Silence,0.0,0.0,0.0,0.0,0.0,0.0,0.0,0.0,0.0,0.0,17.133,16.56,15.56,-76,12.8
2026-06-23 04:18:02,Laboratorios Eléctrica Centro,46.885,Group 5 (Vehicle),93.62,47.491,Group 5 (Vehicle),0.0,0.0,0.0,0.0,46.973,0.217,0.0,6.207,0.0,93.62,47.79,46.804,46.347,-112,3.8
2026-06-23 04:18:17,Laboratorios Eléctrica Inferior,47.787,Mixed,48.09,49.102,Group 1 (Common),48.436,0.0,0.0,0.0,47.74,37.891,9.766,1.432,2.821,48.09,48.948,47.543,47.02,-107,3.2
2026-06-23 04:22:01,Lobby Civil,38.113,Silence,0.0,40.227,Silence,0.0,0.0,0.0,0.0,0.0,0.0,0.0,0.0,0.0,0.0,41.346,37.458,36.608,-107,9.2
2026-06-23 04:22:06,Laboratorios Civil Central,51.278,Group 1 (Common),84.809,52.612,Group 1 (Common),51.106,0.0,0.0,0.0,0.0,84.809,0.738,0.0,0.26,14.236,52.666,51.252,49.244,-111,9.0
2026-06-23 04:22:08,Laboratorios Civil Superior,44.372,Silence,0.0,45.446,Silence,0.0,0.0,0.0,0.0,0.0,0.0,0.0,0.0,0.0,0.0,45.335,44.272,43.368,-91,13.8
2026-06-23 04:22:09,Salón - Extremo Civil,20.885,Silence,0.0,23.444,Silence,0.0,0.0,0.0,0.0,0.0,0.0,0.0,0.0,0.0,0.0,24.728,20.167,18.754,-77,12.0
2026-06-23 04:22:16,Laboratorios Eléctrica Superior,39.849,Silence,0.0,40.685,Silence,0.0,0.0,0.0,0.0,0.0,0.0,0.0,0.0,0.0,0.0,40.835,39.852,39.172,-92,10.8
2026-06-23 04:22:21,Lobby Eléctrica,29.648,Silence,0.0,30.406,Silence,0.0,0.0,0.0,0.0,0.0,0.0,0.0,0.0,0.0,0.0,30.218,29.52,29.187,-88,15.0
2026-06-23 04:22:25,Pasillo Decanato Civil,19.744,Silence,0.0,20.738,Silence,0.0,0.0,0.0,0.0,0.0,0.0,0.0,0.0,0.0,0.0,20.256,19.876,18.818,-85,12.5
2026-06-23 04:22:25,Salón - Uma Eléctrica,44.196,Silence,0.0,45.39,Silence,0.0,0.0,0.0,0.0,0.0,0.0,0.0,0.0,0.0,0.0,45.369,43.974,43.048,-114,4.2
2026-06-23 04:22:26,Pasillo Salones Civil,36.688,Silence,0.0,37.674,Silence,0.0,0.0,0.0,0.0,0.0,0.0,0.0,0.0,0.0,0.0,37.7,36.689,36.073,-80,12.0
2026-06-23 04:22:34,Salón - Uma Civil,38.158,Silence,0.0,39.518,Silence,0.0,0.0,0.0,0.0,0.0,0.0,0.0,0.0,0.0,0.0,39.168,38.395,36.066,-98,13.0
2026-06-23 04:22:37,Laboratorios Civil Inferior,42.336,Silence,0.0,42.969,Silence,0.0,0.0,0.0,0.0,0.0,0.0,0.0,0.0,0.0,0.0,42.872,42.404,41.917,-112,3.0
2026-06-23 04:22:41,Pasillo Decanato Eléctrica,15.575,Silence,0.0,16.446,Silence,0.0,0.0,0.0,0.0,0.0,0.0,0.0,0.0,0.0,0.0,16.18,15.73,14.859,-91,12.0
2026-06-23 04:22:47,Pasillo Salones Eléctrica,33.79,Silence,0.0,34.449,Silence,0.0,0.0,0.0,0.0,0.0,0.0,0.0,0.0,0.0,0.0,34.197,33.786,33.143,-88,14.8
2026-06-23 04:22:55,Salón - Extremo Eléctrica,16.622,Silence,0.0,17.251,Silence,0.0,0.0,0.0,0.0,0.0,0.0,0.0,0.0,0.0,0.0,17.247,16.526,16.067,-77,12.8
2026-06-23 04:23:02,Laboratorios Eléctrica Centro,46.482,Group 5 (Vehicle),91.927,47.159,Group 5 (Vehicle),0.0,0.0,0.0,0.0,46.559,0.998,0.043,6.988,0.0,91.927,46.766,46.543,46.027,-95,11.8
2026-06-23 04:23:17,Laboratorios Eléctrica Inferior,47.816,Mixed,63.281,48.33,Group 5 (Vehicle),47.845,0.0,0.0,0.0,47.776,30.773,3.559,0.13,2.214,63.281,48.526,47.765,47.236,-107,8.5
2026-06-23 04:27:00,Lobby Civil,46.525,Mixed,46.571,48.873,Group 3 (Rotary Tool),0.0,46.005,48.009,0.0,0.0,0.0,46.571,41.406,0.304,11.589,47.827,46.735,44.833,-86,9.8
2026-06-23 04:27:06,Laboratorios Civil Central,51.236,Mixed,69.792,52.358,Group 5 (Vehicle),51.272,0.0,0.0,0.0,51.942,69.792,0.391,0.0,0.174,29.557,52.161,51.115,50.332,-115,4.5
2026-06-23 04:27:08,Laboratorios Civil Superior,44.942,Silence,0.0,45.758,Silence,0.0,0.0,0.0,0.0,0.0,0.0,0.0,0.0,0.0,0.0,46.13,44.855,43.971,-99,11.0
2026-06-23 04:27:09,Salón - Extremo Civil,21.191,Silence,0.0,22.678,Silence,0.0,0.0,0.0,0.0,0.0,0.0,0.0,0.0,0.0,0.0,22.952,21.27,19.564,-118,-6.3
2026-06-23 04:27:16,Laboratorios Eléctrica Superior,40.222,Silence,0.0,41.035,Silence,0.0,0.0,0.0,0.0,0.0,0.0,0.0,0.0,0.0,0.0,41.058,40.19,39.278,-88,13.0
2026-06-23 04:27:16,Lobby Eléctrica,37.31,Silence,0.0,37.971,Silence,0.0,0.0,0.0,0.0,0.0,0.0,0.0,0.0,0.0,0.0,38.14,37.203,36.789,-86,12.0
2026-06-23 04:27:25,Pasillo Decanato Civil,21.534,Silence,0.0,22.399,Silence,0.0,0.0,0.0,0.0,0.0,0.0,0.0,0.0,0.0,0.0,22.338,21.43,20.83,-103,12.5
2026-06-23 04:27:30,Salón - Uma Eléctrica,45.136,Group 2 (Impact),93.229,46.368,Group 1 (Common),46.201,45.186,0.0,0.0,0.0,5.946,93.229,0.0,0.825,0.043,46.546,44.923,43.933,-113,-1.8
2026-06-23 04:27:30,Pasillo Salones Civil,37.759,Silence,0.0,39.071,Silence,0.0,0.0,0.0,0.0,0.0,0.0,0.0,0.0,0.0,0.0,38.708,37.862,36.456,-101,13.2
2026-06-23 04:27:34,Salón - Uma Civil,37.49,Silence,0.0,39.629,Silence,0.0,0.0,0.0,0.0,0.0,0.0,0.0,0.0,0.0,0.0,38.257,37.299,36.508,-96,11.3
2026-06-23 04:27:37,Laboratorios Civil Inferior,45.148,Group 2 (Impact),81.033,45.902,Group 2 (Impact),0.0,45.063,0.0,0.0,0.0,0.694,81.033,10.938,4.21,3.212,46.015,45.325,43.223,-109,4.3
2026-06-23 04:27:41,Pasillo Decanato Eléctrica,16.022,Silence,0.0,16.678,Silence,0.0,0.0,0.0,0.0,0.0,0.0,0.0,0.0,0.0,0.0,16.831,15.895,15.342,-91,12.0
2026-06-23 04:27:47,Pasillo Salones Eléctrica,33.524,Silence,0.0,34.254,Silence,0.0,0.0,0.0,0.0,0.0,0.0,0.0,0.0,0.0,0.0,34.286,33.339,32.967,-107,10.2
2026-06-23 04:27:55,Salón - Extremo Eléctrica,19.115,Silence,0.0,19.972,Silence,0.0,0.0,0.0,0.0,0.0,0.0,0.0,0.0,0.0,0.0,20.403,19.133,18.216,-96,7.5
2026-06-23 04:28:02,Laboratorios Eléctrica Centro,46.745,Group 5 (Vehicle),93.186,47.414,Group 5 (Vehicle),0.0,0.0,0.0,0.0,46.754,0.521,0.0,6.293,0.0,93.186,47.412,46.726,45.804,-92,11.8
2026-06-23 04:28:17,Laboratorios Eléctrica Inferior,48.337,Mixed,55.599,49.09,Group 1 (Common),48.585,48.141,0.0,0.0,48.643,21.267,18.229,0.347,4.384,55.599,49.174,48.1,47.433,-106,7.8
2026-06-23 04:32:00,Lobby Civil,41.807,Silence,0.0,45.445,Silence,0.0,0.0,0.0,0.0,0.0,0.0,0.0,0.0,0.0,0.0,45.465,40.374,38.585,-103,11.2
2026-06-23 04:32:06,Laboratorios Civil Central,50.97,Mixed,56.12,52.113,Group 5 (Vehicle),50.796,0.0,0.0,0.0,50.778,56.12,0.521,0.0,0.217,43.056,52.352,50.873,49.574,-102,10.2
2026-06-23 04:32:08,Laboratorios Civil Superior,44.129,Silence,0.0,44.878,Silence,0.0,0.0,0.0,0.0,0.0,0.0,0.0,0.0,0.0,0.0,44.612,43.993,43.371,-91,14.8
2026-06-23 04:32:09,Salón - Extremo Civil,20.36,Silence,0.0,21.509,Silence,0.0,0.0,0.0,0.0,0.0,0.0,0.0,0.0,0.0,0.0,21.996,20.072,19.522,-77,12.0
2026-06-23 04:32:16,Lobby Eléctrica,36.039,Silence,0.0,36.712,Silence,0.0,0.0,0.0,0.0,0.0,0.0,0.0,0.0,0.0,0.0,36.815,35.97,35.379,-108,3.8
2026-06-23 04:32:16,Laboratorios Eléctrica Superior,39.762,Silence,0.0,40.417,Silence,0.0,0.0,0.0,0.0,0.0,0.0,0.0,0.0,0.0,0.0,40.596,39.6,38.775,-90,11.8
2026-06-23 04:32:25,Pasillo Decanato Civil,20.145,Silence,0.0,21.403,Silence,0.0,0.0,0.0,0.0,0.0,0.0,0.0,0.0,0.0,0.0,21.755,19.609,19.367,-82,14.8
2026-06-23 04:32:25,Salón - Uma Eléctrica,44.005,Silence,0.0,45.158,Silence,0.0,0.0,0.0,0.0,0.0,0.0,0.0,0.0,0.0,0.0,44.419,43.917,43.516,-97,10.0
2026-06-23 04:32:26,Pasillo Salones Civil,38.292,Silence,0.0,40.667,Silence,0.0,0.0,0.0,0.0,0.0,0.0,0.0,0.0,0.0,0.0,40.826,37.416,36.36,-81,12.0
2026-06-23 04:32:34,Salón - Uma Civil,45.88,Mixed,49.696,50.777,Group 2 (Impact),44.314,44.327,0.0,0.0,0.0,49.696,38.325,0.0,11.762,0.087,53.109,42.409,38.756,-92,11.8
2026-06-23 04:32:39,Laboratorios Civil Inferior,41.652,Silence,0.0,42.487,Silence,0.0,0.0,0.0,0.0,0.0,0.0,0.0,0.0,0.0,0.0,42.225,41.747,40.768,-111,4.0
2026-06-23 04:32:41,Pasillo Decanato Eléctrica,15.027,Silence,0.0,15.67,Silence,0.0,0.0,0.0,0.0,0.0,0.0,0.0,0.0,0.0,0.0,15.367,15.086,14.599,-91,12.3
2026-06-23 04:32:47,Pasillo Salones Eléctrica,33.902,Silence,0.0,34.713,Silence,0.0,0.0,0.0,0.0,0.0,0.0,0.0,0.0,0.0,0.0,34.907,34.073,32.514,-105,10.8
2026-06-23 04:32:55,Salón - Extremo Eléctrica,18.052,Silence,0.0,19.063,Silence,0.0,0.0,0.0,0.0,0.0,0.0,0.0,0.0,0.0,0.0,18.82,18.098,17.312,-95,9.5
2026-06-23 04:33:02,Laboratorios Eléctrica Centro,47.2,Group 5 (Vehicle),94.971,47.913,Group 5 (Vehicle),0.0,0.0,0.0,0.0,47.351,0.537,0.146,4.443,0.0,94.971,47.709,47.29,46.594,-117,0.2
2026-06-23 04:33:17,Laboratorios Eléctrica Inferior,47.918,Group 5 (Vehicle),76.221,48.79,Group 5 (Vehicle),47.921,0.0,0.0,0.0,48.154,19.189,3.174,0.146,1.367,76.221,49.046,47.775,47.419,-94,8.5
2026-06-23 04:37:01,Lobby Civil,40.751,Silence,0.0,44.042,Silence,0.0,0.0,0.0,0.0,0.0,0.0,0.0,0.0,0.0,0.0,43.36,40.116,38.913,-118,-14.5
2026-06-23 04:37:06,Laboratorios Civil Central,54.199,Mixed,66.276,56.306,Group 2 (Impact),52.762,55.927,55.434,0.0,0.0,66.276,9.158,4.731,1.997,17.795,57.493,54.408,50.83,-92,14.3
2026-06-23 04:37:08,Laboratorios Civil Superior,48.073,Mixed,44.401,50.89,Group 2 (Impact),44.828,49.027,0.0,0.0,49.512,44.401,19.922,12.717,2.691,20.182,51.082,47.215,44.574,-99,11.8
2026-06-23 04:37:09,Salón - Extremo Civil,19.473,Silence,0.0,22.523,Silence,0.0,0.0,0.0,0.0,0.0,0.0,0.0,0.0,0.0,0.0,20.838,19.524,17.943,-79,9.3
2026-06-23 04:37:16,Lobby Eléctrica,30.129,Silence,0.0,30.909,Silence,0.0,0.0,0.0,0.0,0.0,0.0,0.0,0.0,0.0,0.0,30.728,30.253,29.017,-90,11.5
2026-06-23 04:37:16,Laboratorios Eléctrica Superior,39.693,Silence,0.0,40.39,Silence,0.0,0.0,0.0,0.0,0.0,0.0,0.0,0.0,0.0,0.0,40.195,39.747,39.145,-96,12.2
2026-06-23 04:37:25,Pasillo Decanato Civil,20.208,Silence,0.0,21.062,Silence,0.0,0.0,0.0,0.0,0.0,0.0,0.0,0.0,0.0,0.0,21.105,20.382,19.417,-80,11.5
2026-06-23 04:37:25,Salón - Uma Eléctrica,44.27,Silence,0.0,44.955,Silence,0.0,0.0,0.0,0.0,0.0,0.0,0.0,0.0,0.0,0.0,45.103,44.154,43.836,-113,-1.2
2026-06-23 04:37:26,Pasillo Salones Civil,37.254,Silence,0.0,38.218,Silence,0.0,0.0,0.0,0.0,0.0,0.0,0.0,0.0,0.0,0.0,38.043,37.107,36.736,-94,9.2
2026-06-23 04:37:34,Salón - Uma Civil,38.912,Silence,0.0,40.41,Silence,0.0,0.0,0.0,0.0,0.0,0.0,0.0,0.0,0.0,0.0,40.626,38.909,35.453,-95,11.8
2026-06-23 04:37:37,Laboratorios Civil Inferior,42.2,Silence,0.0,42.718,Silence,0.0,0.0,0.0,0.0,0.0,0.0,0.0,0.0,0.0,0.0,42.771,42.166,41.374,-109,3.8
2026-06-23 04:37:41,Pasillo Decanato Eléctrica,14.522,Silence,0.0,15.147,Silence,0.0,0.0,0.0,0.0,0.0,0.0,0.0,0.0,0.0,0.0,15.078,14.529,13.9,-91,11.8
2026-06-23 04:37:47,Pasillo Salones Eléctrica,33.516,Silence,0.0,34.494,Silence,0.0,0.0,0.0,0.0,0.0,0.0,0.0,0.0,0.0,0.0,34.472,33.494,32.655,-103,10.5
2026-06-23 04:37:55,Salón - Extremo Eléctrica,18.278,Silence,0.0,19.501,Silence,0.0,0.0,0.0,0.0,0.0,0.0,0.0,0.0,0.0,0.0,19.523,18.106,17.176,-75,12.3
2026-06-23 04:38:02,Laboratorios Eléctrica Centro,47.214,Group 5 (Vehicle),97.222,47.945,Group 5 (Vehicle),0.0,0.0,0.0,0.0,47.381,0.174,0.0,2.474,0.0,97.222,47.787,47.16,46.375,-91,12.5
2026-06-23 04:38:17,Laboratorios Eléctrica Inferior,48.151,Mixed,61.328,48.817,Group 1 (Common),48.27,0.0,0.0,0.0,48.373,29.932,6.445,0.146,2.148,61.328,48.719,48.146,47.768,-111,1.5
2026-06-23 04:42:01,Lobby Civil,36.265,Silence,0.0,37.076,Silence,0.0,0.0,0.0,0.0,0.0,0.0,0.0,0.0,0.0,0.0,36.951,36.136,35.231,-101,11.0
2026-06-23 04:42:06,Laboratorios Civil Central,50.181,Group 1 (Common),87.587,51.296,Group 1 (Common),50.306,0.0,0.0,0.0,0.0,87.587,0.477,0.0,0.13,11.806,51.106,50.12,49.041,-88,12.8
2026-06-23 04:42:08,Laboratorios Civil Superior,44.362,Silence,0.0,44.972,Silence,0.0,0.0,0.0,0.0,0.0,0.0,0.0,0.0,0.0,0.0,45.055,44.603,43.398,-97,11.8
2026-06-23 04:42:09,Salón - Extremo Civil,21.294,Silence,0.0,22.854,Silence,0.0,0.0,0.0,0.0,0.0,0.0,0.0,0.0,0.0,0.0,22.897,21.311,20.371,-78,11.8
2026-06-23 04:42:16,Lobby Eléctrica,30.849,Silence,0.0,31.938,Silence,0.0,0.0,0.0,0.0,0.0,0.0,0.0,0.0,0.0,0.0,31.977,30.705,29.652,-85,14.0
2026-06-23 04:42:16,Laboratorios Eléctrica Superior,40.239,Silence,0.0,41.402,Silence,0.0,0.0,0.0,0.0,0.0,0.0,0.0,0.0,0.0,0.0,41.146,40.155,39.603,-89,12.8
2026-06-23 04:42:25,Pasillo Decanato Civil,20.063,Silence,0.0,21.62,Silence,0.0,0.0,0.0,0.0,0.0,0.0,0.0,0.0,0.0,0.0,21.898,19.774,18.732,-83,12.3
2026-06-23 04:42:25,Salón - Uma Eléctrica,44.404,Silence,0.0,45.202,Silence,0.0,0.0,0.0,0.0,0.0,0.0,0.0,0.0,0.0,0.0,45.015,44.19,43.849,-113,-6.8
2026-06-23 04:42:26,Pasillo Salones Civil,37.63,Silence,0.0,38.69,Silence,0.0,0.0,0.0,0.0,0.0,0.0,0.0,0.0,0.0,0.0,38.497,37.596,36.432,-80,12.0
2026-06-23 04:42:34,Salón - Uma Civil,38.438,Silence,0.0,40.528,Silence,0.0,0.0,0.0,0.0,0.0,0.0,0.0,0.0,0.0,0.0,39.614,38.404,37.167,-108,3.8
2026-06-23 04:42:37,Laboratorios Civil Inferior,43.108,Silence,0.0,43.688,Silence,0.0,0.0,0.0,0.0,0.0,0.0,0.0,0.0,0.0,0.0,43.731,42.939,42.694,-106,8.5
2026-06-23 04:42:41,Pasillo Decanato Eléctrica,14.849,Silence,0.0,15.797,Silence,0.0,0.0,0.0,0.0,0.0,0.0,0.0,0.0,0.0,0.0,15.633,14.815,13.663,-93,12.0
2026-06-23 04:42:47,Pasillo Salones Eléctrica,33.4,Silence,0.0,34.286,Silence,0.0,0.0,0.0,0.0,0.0,0.0,0.0,0.0,0.0,0.0,34.233,33.434,31.846,-83,12.0
2026-06-23 04:42:55,Salón - Extremo Eléctrica,17.674,Silence,0.0,18.639,Silence,0.0,0.0,0.0,0.0,0.0,0.0,0.0,0.0,0.0,0.0,18.541,17.505,16.809,-93,11.5
2026-06-23 04:43:02,Laboratorios Eléctrica Centro,47.668,Group 5 (Vehicle),86.458,48.165,Group 5 (Vehicle),0.0,0.0,47.757,0.0,47.806,2.083,0.651,10.677,0.087,86.458,47.929,47.717,47.3,-88,14.5
2026-06-23 04:43:17,Laboratorios Eléctrica Inferior,48.07,Group 5 (Vehicle),73.785,49.103,Group 5 (Vehicle),48.138,0.0,0.0,0.0,48.156,23.872,1.128,0.043,1.085,73.785,48.85,48.241,47.271,-107,7.0
2026-06-23 04:47:01,Lobby Civil,35.928,Silence,0.0,37.572,Silence,0.0,0.0,0.0,0.0,0.0,0.0,0.0,0.0,0.0,0.0,37.512,35.956,33.898,-84,12.0
2026-06-23 04:47:06,Laboratorios Civil Central,51.505,Mixed,61.111,52.507,Group 1 (Common),51.126,51.66,0.0,0.0,51.651,61.111,14.67,0.0,3.082,21.137,53.372,51.296,50.349,-107,10.5
2026-06-23 04:47:08,Laboratorios Civil Superior,44.167,Silence,0.0,45.029,Silence,0.0,0.0,0.0,0.0,0.0,0.0,0.0,0.0,0.0,0.0,44.798,43.91,43.504,-90,11.8
2026-06-23 04:47:09,Salón - Extremo Civil,22.972,Silence,0.0,26.099,Silence,0.0,0.0,0.0,0.0,0.0,0.0,0.0,0.0,0.0,0.0,25.989,22.015,20.0,-91,12.5
2026-06-23 04:47:16,Lobby Eléctrica,32.312,Silence,0.0,33.215,Silence,0.0,0.0,0.0,0.0,0.0,0.0,0.0,0.0,0.0,0.0,33.138,32.46,30.997,-93,13.3
2026-06-23 04:47:16,Laboratorios Eléctrica Superior,40.43,Silence,0.0,41.709,Silence,0.0,0.0,0.0,0.0,0.0,0.0,0.0,0.0,0.0,0.0,41.878,40.169,39.176,-99,7.2
2026-06-23 04:47:25,Pasillo Decanato Civil,20.172,Silence,0.0,21.044,Silence,0.0,0.0,0.0,0.0,0.0,0.0,0.0,0.0,0.0,0.0,20.952,19.981,19.514,-81,11.3
2026-06-23 04:47:25,Salón - Uma Eléctrica,43.752,Silence,0.0,44.864,Silence,0.0,0.0,0.0,0.0,0.0,0.0,0.0,0.0,0.0,0.0,44.104,43.73,43.099,-96,11.5
2026-06-23 04:47:26,Pasillo Salones Civil,37.3,Silence,0.0,38.081,Silence,0.0,0.0,0.0,0.0,0.0,0.0,0.0,0.0,0.0,0.0,37.904,37.226,36.317,-82,12.0
2026-06-23 04:47:34,Salón - Uma Civil,38.814,Silence,0.0,40.618,Silence,0.0,0.0,0.0,0.0,0.0,0.0,0.0,0.0,0.0,0.0,40.583,38.679,36.995,-95,11.5
2026-06-23 04:47:37,Laboratorios Civil Inferior,41.837,Silence,0.0,42.503,Silence,0.0,0.0,0.0,0.0,0.0,0.0,0.0,0.0,0.0,0.0,42.658,41.891,41.114,-114,0.8
2026-06-23 04:47:41,Pasillo Decanato Eléctrica,14.69,Silence,0.0,15.228,Silence,0.0,0.0,0.0,0.0,0.0,0.0,0.0,0.0,0.0,0.0,15.214,14.641,14.141,-91,14.3
2026-06-23 04:47:47,Pasillo Salones Eléctrica,33.982,Silence,0.0,34.531,Silence,0.0,0.0,0.0,0.0,0.0,0.0,0.0,0.0,0.0,0.0,34.682,34.093,32.65,-84,11.5
2026-06-23 04:47:55,Salón - Extremo Eléctrica,19.045,Silence,0.0,19.885,Silence,0.0,0.0,0.0,0.0,0.0,0.0,0.0,0.0,0.0,0.0,19.366,19.063,18.672,-99,11.8
2026-06-23 04:48:02,Laboratorios Eléctrica Centro,59.269,Group 5 (Vehicle),84.505,64.478,Group 5 (Vehicle),0.0,63.554,0.0,0.0,58.02,0.0,5.816,9.115,0.391,84.505,65.498,52.487,47.725,-109,-4.5
2026-06-23 04:48:17,Laboratorios Eléctrica Inferior,68.518,Mixed,44.488,73.429,Group 3 (Rotary Tool),0.0,68.001,70.129,0.0,48.392,2.648,44.488,37.847,1.953,13.064,73.976,62.088,49.091,-115,-0.3
2026-06-23 04:52:01,Lobby Civil,58.805,Mixed,47.949,71.125,Group 1 (Common),68.105,49.169,0.0,70.395,0.0,25.049,47.949,1.025,18.213,7.666,66.619,46.737,40.533,-85,8.2
2026-06-23 04:52:06,Laboratorios Civil Central,50.731,Group 1 (Common),72.222,51.846,Group 1 (Common),51.098,0.0,0.0,0.0,50.932,72.222,1.085,0.0,0.651,26.042,51.567,50.856,49.096,-107,9.2
2026-06-23 04:52:08,Laboratorios Civil Superior,44.355,Silence,0.0,45.155,Silence,0.0,0.0,0.0,0.0,0.0,0.0,0.0,0.0,0.0,0.0,45.128,44.213,43.474,-95,11.8
2026-06-23 04:52:09,Salón - Extremo Civil,20.323,Silence,0.0,21.768,Silence,0.0,0.0,0.0,0.0,0.0,0.0,0.0,0.0,0.0,0.0,21.889,20.025,19.471,-95,12.8
2026-06-23 04:52:16,Lobby Eléctrica,36.554,Silence,0.0,37.723,Silence,0.0,0.0,0.0,0.0,0.0,0.0,0.0,0.0,0.0,0.0,38.665,36.218,33.571,-87,13.3
2026-06-23 04:52:16,Laboratorios Eléctrica Superior,40.512,Silence,0.0,41.168,Silence,0.0,0.0,0.0,0.0,0.0,0.0,0.0,0.0,0.0,0.0,40.975,40.422,39.917,-97,12.0
2026-06-23 04:52:25,Pasillo Decanato Civil,20.762,Silence,0.0,22.154,Silence,0.0,0.0,0.0,0.0,0.0,0.0,0.0,0.0,0.0,0.0,22.359,20.555,18.61,-96,8.0
2026-06-23 04:52:25,Salón - Uma Eléctrica,56.05,Mixed,68.012,64.541,Group 1 (Common),53.444,47.479,0.0,0.0,53.516,18.88,68.012,0.13,1.042,11.936,65.827,45.918,44.801,-103,8.8
2026-06-23 04:52:26,Pasillo Salones Civil,37.885,Silence,0.0,38.744,Silence,0.0,0.0,0.0,0.0,0.0,0.0,0.0,0.0,0.0,0.0,38.632,37.808,37.129,-97,12.2
2026-06-23 04:52:34,Salón - Uma Civil,38.351,Silence,0.0,40.462,Silence,0.0,0.0,0.0,0.0,0.0,0.0,0.0,0.0,0.0,0.0,39.436,38.559,37.043,-111,-2.2
2026-06-23 04:52:37,Laboratorios Civil Inferior,42.849,Silence,0.0,43.939,Silence,0.0,0.0,0.0,0.0,0.0,0.0,0.0,0.0,0.0,0.0,44.144,42.797,41.916,-109,6.0
2026-06-23 04:52:41,Pasillo Decanato Eléctrica,19.277,Silence,0.0,19.802,Silence,0.0,0.0,0.0,0.0,0.0,0.0,0.0,0.0,0.0,0.0,19.872,19.24,18.622,-91,12.0
2026-06-23 04:52:47,Pasillo Salones Eléctrica,33.778,Silence,0.0,34.739,Silence,0.0,0.0,0.0,0.0,0.0,0.0,0.0,0.0,0.0,0.0,34.985,33.673,33.155,-103,8.0
2026-06-23 04:52:55,Salón - Extremo Eléctrica,18.102,Silence,0.0,19.16,Silence,0.0,0.0,0.0,0.0,0.0,0.0,0.0,0.0,0.0,0.0,18.701,18.32,16.972,-94,11.8
2026-06-23 04:53:02,Laboratorios Eléctrica Centro,47.52,Group 5 (Vehicle),93.88,48.304,Group 5 (Vehicle),0.0,0.0,0.0,0.0,47.434,0.738,0.043,5.295,0.0,93.88,48.058,47.53,46.842,-114,-1.2
2026-06-23 04:53:17,Laboratorios Eléctrica Inferior,47.671,Group 5 (Vehicle),73.741,48.378,Group 1 (Common),48.185,0.0,0.0,0.0,47.846,22.656,2.17,0.347,1.128,73.741,48.256,47.869,46.808,-102,11.5
2026-06-23 04:57:01,Lobby Civil,37.798,Silence,0.0,40.132,Silence,0.0,0.0,0.0,0.0,0.0,0.0,0.0,0.0,0.0,0.0,40.627,37.629,35.025,-84,11.8
2026-06-23 04:57:06,Laboratorios Civil Central,50.387,Group 1 (Common),77.995,51.62,Group 1 (Common),50.683,0.0,0.0,0.0,0.0,77.995,0.521,0.0,0.217,21.137,50.96,50.362,49.87,-102,8.5
2026-06-23 04:57:08,Laboratorios Civil Superior,44.318,Silence,0.0,44.979,Silence,0.0,0.0,0.0,0.0,0.0,0.0,0.0,0.0,0.0,0.0,44.862,44.277,43.812,-89,12.5
2026-06-23 04:57:09,Salón - Extremo Civil,21.43,Silence,0.0,22.483,Silence,0.0,0.0,0.0,0.0,0.0,0.0,0.0,0.0,0.0,0.0,22.309,21.205,20.176,-81,11.5
2026-06-23 04:57:16,Lobby Eléctrica,34.076,Silence,0.0,36.985,Silence,0.0,0.0,0.0,0.0,0.0,0.0,0.0,0.0,0.0,0.0,37.208,34.07,30.607,-87,13.3
2026-06-23 04:57:16,Laboratorios Eléctrica Superior,40.235,Silence,0.0,40.996,Silence,0.0,0.0,0.0,0.0,0.0,0.0,0.0,0.0,0.0,0.0,41.158,40.077,38.995,-90,11.8
2026-06-23 04:57:25,Pasillo Decanato Civil,20.069,Silence,0.0,20.879,Silence,0.0,0.0,0.0,0.0,0.0,0.0,0.0,0.0,0.0,0.0,20.932,20.092,19.3,-102,10.5
2026-06-23 04:57:25,Salón - Uma Eléctrica,57.366,Mixed,33.116,70.591,Group 1 (Common),65.53,47.084,0.0,0.0,65.239,28.168,33.116,1.302,5.035,32.465,64.938,49.906,44.422,-115,-3.8
2026-06-23 04:57:26,Pasillo Salones Civil,38.084,Silence,0.0,38.883,Silence,0.0,0.0,0.0,0.0,0.0,0.0,0.0,0.0,0.0,0.0,39.038,38.1,37.254,-81,12.0
2026-06-23 04:57:34,Salón - Uma Civil,40.04,Silence,0.0,42.312,Silence,0.0,0.0,0.0,0.0,0.0,0.0,0.0,0.0,0.0,0.0,43.132,40.049,37.33,-97,11.8
2026-06-23 04:57:37,Laboratorios Civil Inferior,42.213,Silence,0.0,42.888,Silence,0.0,0.0,0.0,0.0,0.0,0.0,0.0,0.0,0.0,0.0,42.952,42.104,41.217,-110,3.5
2026-06-23 04:57:41,Pasillo Decanato Eléctrica,19.361,Silence,0.0,19.961,Silence,0.0,0.0,0.0,0.0,0.0,0.0,0.0,0.0,0.0,0.0,19.927,19.362,18.788,-90,11.3
2026-06-23 04:57:47,Pasillo Salones Eléctrica,33.55,Silence,0.0,34.356,Silence,0.0,0.0,0.0,0.0,0.0,0.0,0.0,0.0,0.0,0.0,34.31,33.541,32.209,-84,12.3
2026-06-23 04:57:55,Salón - Extremo Eléctrica,17.175,Silence,0.0,18.063,Silence,0.0,0.0,0.0,0.0,0.0,0.0,0.0,0.0,0.0,0.0,18.16,17.14,16.491,-75,11.8
2026-06-23 04:58:02,Laboratorios Eléctrica Centro,47.559,Group 5 (Vehicle),91.536,48.222,Group 5 (Vehicle),0.0,0.0,0.0,0.0,47.592,0.564,0.477,7.335,0.0,91.536,48.466,47.581,46.56,-103,-11.5
2026-06-23 04:58:17,Laboratorios Eléctrica Inferior,47.665,Mixed,52.431,48.52,Group 1 (Common),47.779,0.0,0.0,0.0,47.558,43.359,3.082,0.087,0.955,52.431,48.618,47.553,46.986,-114,-1.8
2026-06-23 05:02:01,Lobby Civil,55.888,Mixed,47.179,61.891,Group 4 (Person),42.049,53.512,0.0,59.483,37.751,18.793,21.701,0.174,47.179,12.109,62.865,51.536,38.072,-83,12.0
2026-06-23 05:02:06,Laboratorios Civil Central,50.728,Mixed,58.984,51.472,Group 1 (Common),50.77,0.0,0.0,0.0,50.926,58.984,0.26,0.0,0.043,40.755,51.613,50.601,50.08,-88,12.5
2026-06-23 05:02:08,Laboratorios Civil Superior,44.159,Silence,0.0,45.156,Silence,0.0,0.0,0.0,0.0,0.0,0.0,0.0,0.0,0.0,0.0,45.075,43.945,43.29,-89,12.5
2026-06-23 05:02:09,Salón - Extremo Civil,30.874,Silence,0.0,33.96,Silence,0.0,0.0,0.0,0.0,0.0,0.0,0.0,0.0,0.0,0.0,34.026,32.41,20.256,-76,12.3
2026-06-23 05:02:16,Lobby Eléctrica,42.957,Silence,0.0,52.251,Silence,0.0,0.0,0.0,0.0,0.0,0.0,0.0,0.0,0.0,0.0,48.195,39.948,33.117,-92,13.8
2026-06-23 05:02:16,Laboratorios Eléctrica Superior,40.378,Silence,0.0,41.235,Silence,0.0,0.0,0.0,0.0,0.0,0.0,0.0,0.0,0.0,0.0,40.95,40.299,39.866,-91,10.0
2026-06-23 05:02:25,Pasillo Decanato Civil,20.447,Silence,0.0,21.32,Silence,0.0,0.0,0.0,0.0,0.0,0.0,0.0,0.0,0.0,0.0,21.224,20.418,19.736,-99,8.0
2026-06-23 05:02:25,Salón - Uma Eléctrica,45.537,Group 2 (Impact),98.481,47.26,Group 2 (Impact),0.0,45.646,0.0,0.0,0.0,0.0,98.481,0.0,0.564,0.911,47.894,45.102,44.308,-114,-8.5
2026-06-23 05:02:26,Pasillo Salones Civil,38.1,Silence,0.0,38.872,Silence,0.0,0.0,0.0,0.0,0.0,0.0,0.0,0.0,0.0,0.0,39.08,37.859,37.152,-99,12.0
2026-06-23 05:02:34,Salón - Uma Civil,39.339,Silence,0.0,40.658,Silence,0.0,0.0,0.0,0.0,0.0,0.0,0.0,0.0,0.0,0.0,40.578,38.862,38.266,-104,9.0
2026-06-23 05:02:37,Laboratorios Civil Inferior,41.844,Silence,0.0,42.822,Silence,0.0,0.0,0.0,0.0,0.0,0.0,0.0,0.0,0.0,0.0,42.459,41.795,41.09,-106,7.8
2026-06-23 05:02:41,Pasillo Decanato Eléctrica,18.674,Silence,0.0,19.362,Silence,0.0,0.0,0.0,0.0,0.0,0.0,0.0,0.0,0.0,0.0,19.326,18.562,18.144,-90,11.0
2026-06-23 05:02:47,Pasillo Salones Eléctrica,33.836,Silence,0.0,34.378,Silence,0.0,0.0,0.0,0.0,0.0,0.0,0.0,0.0,0.0,0.0,34.169,33.945,33.048,-103,10.5
2026-06-23 05:02:55,Salón - Extremo Eléctrica,19.15,Silence,0.0,21.702,Silence,0.0,0.0,0.0,0.0,0.0,0.0,0.0,0.0,0.0,0.0,21.546,18.401,17.532,-79,12.0
2026-06-23 05:03:02,Laboratorios Eléctrica Centro,47.088,Group 5 (Vehicle),88.845,47.622,Group 5 (Vehicle),0.0,0.0,46.537,0.0,47.02,0.477,0.0,10.677,0.0,88.845,48.004,47.135,46.37,-93,9.8
2026-06-23 05:03:17,Laboratorios Eléctrica Inferior,48.743,Mixed,62.413,50.076,Group 5 (Vehicle),48.333,0.0,0.0,0.0,49.304,32.248,3.689,0.174,1.302,62.413,50.323,48.812,47.901,-106,8.0
2026-06-23 05:07:01,Lobby Civil,39.674,Silence,0.0,40.548,Silence,0.0,0.0,0.0,0.0,0.0,0.0,0.0,0.0,0.0,0.0,40.547,39.562,38.806,-82,12.8
2026-06-23 05:07:06,Laboratorios Civil Central,50.966,Group 1 (Common),74.089,51.797,Group 1 (Common),50.954,0.0,0.0,0.0,0.0,74.089,1.866,0.0,0.26,23.568,51.829,51.023,50.095,-107,10.0
2026-06-23 05:07:08,Laboratorios Civil Superior,44.216,Silence,0.0,45.279,Silence,0.0,0.0,0.0,0.0,0.0,0.0,0.0,0.0,0.0,0.0,45.093,44.189,43.28,-99,11.8
2026-06-23 05:07:09,Salón - Extremo Civil,22.816,Silence,0.0,24.519,Silence,0.0,0.0,0.0,0.0,0.0,0.0,0.0,0.0,0.0,0.0,24.843,22.55,21.685,-77,12.3
2026-06-23 05:07:16,Lobby Eléctrica,30.762,Silence,0.0,31.634,Silence,0.0,0.0,0.0,0.0,0.0,0.0,0.0,0.0,0.0,0.0,32.257,30.595,29.698,-106,-1.0
2026-06-23 05:07:16,Laboratorios Eléctrica Superior,40.174,Silence,0.0,40.718,Silence,0.0,0.0,0.0,0.0,0.0,0.0,0.0,0.0,0.0,0.0,40.918,40.098,39.706,-90,11.3
2026-06-23 05:07:25,Pasillo Decanato Civil,19.849,Silence,0.0,20.879,Silence,0.0,0.0,0.0,0.0,0.0,0.0,0.0,0.0,0.0,0.0,20.881,19.822,19.108,-99,10.8
2026-06-23 05:07:25,Salón - Uma Eléctrica,44.89,Silence,0.0,45.852,Silence,0.0,0.0,0.0,0.0,0.0,0.0,0.0,0.0,0.0,0.0,45.925,44.587,44.111,-101,10.5
2026-06-23 05:07:26,Pasillo Salones Civil,37.794,Silence,0.0,38.384,Silence,0.0,0.0,0.0,0.0,0.0,0.0,0.0,0.0,0.0,0.0,38.52,37.838,36.707,-95,10.2
2026-06-23 05:07:34,Salón - Uma Civil,39.045,Silence,0.0,40.691,Silence,0.0,0.0,0.0,0.0,0.0,0.0,0.0,0.0,0.0,0.0,40.154,38.953,37.883,-119,-10.2
2026-06-23 05:07:37,Laboratorios Civil Inferior,42.346,Silence,0.0,43.051,Silence,0.0,0.0,0.0,0.0,0.0,0.0,0.0,0.0,0.0,0.0,43.281,42.293,40.996,-107,2.8
2026-06-23 05:07:41,Pasillo Decanato Eléctrica,14.836,Silence,0.0,15.448,Silence,0.0,0.0,0.0,0.0,0.0,0.0,0.0,0.0,0.0,0.0,15.19,14.939,14.226,-91,12.5
2026-06-23 05:07:47,Pasillo Salones Eléctrica,34.497,Silence,0.0,35.384,Silence,0.0,0.0,0.0,0.0,0.0,0.0,0.0,0.0,0.0,0.0,35.163,34.535,33.525,-84,10.0
2026-06-23 05:07:55,Salón - Extremo Eléctrica,17.701,Silence,0.0,19.675,Silence,0.0,0.0,0.0,0.0,0.0,0.0,0.0,0.0,0.0,0.0,19.509,17.53,16.351,-96,11.8
2026-06-23 05:08:02,Laboratorios Eléctrica Centro,47.29,Group 5 (Vehicle),94.922,47.931,Group 5 (Vehicle),0.0,0.0,0.0,0.0,47.347,0.26,0.043,4.688,0.0,94.922,48.021,47.339,46.54,-93,11.5
2026-06-23 05:08:17,Laboratorios Eléctrica Inferior,48.506,Group 5 (Vehicle),71.788,49.501,Group 5 (Vehicle),48.393,0.0,0.0,0.0,48.661,25.0,1.823,0.391,1.042,71.788,49.279,48.714,47.549,-111,-7.8
2026-06-23 05:12:01,Lobby Civil,38.846,Silence,0.0,40.148,Silence,0.0,0.0,0.0,0.0,0.0,0.0,0.0,0.0,0.0,0.0,40.542,38.509,37.807,-83,12.5
2026-06-23 05:12:06,Laboratorios Civil Central,50.751,Mixed,56.901,51.506,Group 1 (Common),50.992,0.0,0.0,0.0,50.819,56.901,1.519,0.0,0.694,40.842,51.687,50.77,49.468,-90,12.0
2026-06-23 05:12:08,Laboratorios Civil Superior,44.415,Silence,0.0,45.278,Silence,0.0,0.0,0.0,0.0,0.0,0.0,0.0,0.0,0.0,0.0,45.311,44.1,43.427,-88,12.3
2026-06-23 05:12:09,Salón - Extremo Civil,22.493,Silence,0.0,26.701,Silence,0.0,0.0,0.0,0.0,0.0,0.0,0.0,0.0,0.0,0.0,27.478,21.742,19.45,-77,12.3
2026-06-23 05:12:16,Lobby Eléctrica,48.263,Mixed,32.552,56.391,Group 1 (Common),53.634,38.604,50.502,0.0,50.891,21.05,32.552,22.352,0.174,23.698,56.963,40.087,33.304,-86,14.0
2026-06-23 05:12:16,Laboratorios Eléctrica Superior,40.332,Silence,0.0,40.896,Silence,0.0,0.0,0.0,0.0,0.0,0.0,0.0,0.0,0.0,0.0,40.708,40.422,39.828,-91,14.0
2026-06-23 05:12:25,Pasillo Decanato Civil,19.812,Silence,0.0,20.786,Silence,0.0,0.0,0.0,0.0,0.0,0.0,0.0,0.0,0.0,0.0,20.891,19.796,19.134,-80,12.0
2026-06-23 05:12:26,Pasillo Salones Civil,37.838,Silence,0.0,38.34,Silence,0.0,0.0,0.0,0.0,0.0,0.0,0.0,0.0,0.0,0.0,38.405,37.88,37.34,-81,12.0
2026-06-23 05:12:34,Salón - Uma Civil,39.801,Silence,0.0,40.715,Silence,0.0,0.0,0.0,0.0,0.0,0.0,0.0,0.0,0.0,0.0,41.212,39.757,38.289,-94,13.5
2026-06-23 05:12:37,Laboratorios Civil Inferior,42.934,Silence,0.0,43.639,Silence,0.0,0.0,0.0,0.0,0.0,0.0,0.0,0.0,0.0,0.0,44.01,42.694,42.263,-109,6.5
2026-06-23 05:12:41,Pasillo Decanato Eléctrica,14.664,Silence,0.0,15.397,Silence,0.0,0.0,0.0,0.0,0.0,0.0,0.0,0.0,0.0,0.0,14.913,14.721,14.294,-113,3.0
2026-06-23 05:12:47,Pasillo Salones Eléctrica,34.313,Silence,0.0,35.185,Silence,0.0,0.0,0.0,0.0,0.0,0.0,0.0,0.0,0.0,0.0,35.111,34.35,33.525,-105,10.0
2026-06-23 05:12:55,Salón - Extremo Eléctrica,21.037,Silence,0.0,27.556,Silence,0.0,0.0,0.0,0.0,0.0,0.0,0.0,0.0,0.0,0.0,24.874,19.79,18.489,-76,12.5
2026-06-23 05:13:02,Laboratorios Eléctrica Centro,47.518,Group 5 (Vehicle),96.745,48.057,Group 5 (Vehicle),0.0,0.0,0.0,0.0,47.642,0.564,0.0,2.561,0.0,96.745,47.962,47.486,47.08,-114,-6.5
2026-06-23 05:13:17,Laboratorios Eléctrica Inferior,49.141,Mixed,53.955,50.017,Group 1 (Common),49.245,0.0,0.0,0.0,49.135,53.955,1.758,0.049,1.025,43.115,50.061,49.0,48.324,-112,4.0
2026-06-23 05:17:01,Lobby Civil,47.661,Mixed,58.854,49.171,Group 5 (Vehicle),0.0,46.417,0.0,0.0,47.397,1.563,31.771,1.172,6.641,58.854,49.657,47.615,45.881,-99,11.5
2026-06-23 05:17:06,Laboratorios Civil Central,51.379,Mixed,61.914,52.213,Group 1 (Common),51.377,0.0,0.0,0.0,0.0,61.914,0.391,0.0,0.146,37.5,52.19,51.325,50.361,-105,9.8
2026-06-23 05:17:08,Laboratorios Civil Superior,44.191,Silence,0.0,45.103,Silence,0.0,0.0,0.0,0.0,0.0,0.0,0.0,0.0,0.0,0.0,44.836,44.273,43.362,-101,12.8
2026-06-23 05:17:09,Salón - Extremo Civil,21.533,Silence,0.0,22.176,Silence,0.0,0.0,0.0,0.0,0.0,0.0,0.0,0.0,0.0,0.0,22.057,21.456,20.635,-78,12.0
2026-06-23 05:17:16,Lobby Eléctrica,46.762,Mixed,44.58,50.283,Group 4 (Person),48.536,46.337,0.0,48.512,0.0,26.367,44.58,0.0,29.004,0.0,50.224,46.211,43.678,-110,3.0
2026-06-23 05:17:16,Laboratorios Eléctrica Superior,40.367,Silence,0.0,41.021,Silence,0.0,0.0,0.0,0.0,0.0,0.0,0.0,0.0,0.0,0.0,40.992,40.215,39.546,-90,11.5
2026-06-23 05:17:25,Pasillo Decanato Civil,20.583,Silence,0.0,21.58,Silence,0.0,0.0,0.0,0.0,0.0,0.0,0.0,0.0,0.0,0.0,21.563,20.45,19.758,-101,12.2
2026-06-23 05:17:25,Salón - Uma Eléctrica,44.382,Silence,0.0,44.936,Silence,0.0,0.0,0.0,0.0,0.0,0.0,0.0,0.0,0.0,0.0,45.025,44.208,43.947,-117,-11.5
2026-06-23 05:17:26,Pasillo Salones Civil,37.779,Silence,0.0,38.719,Silence,0.0,0.0,0.0,0.0,0.0,0.0,0.0,0.0,0.0,0.0,38.943,37.616,36.765,-81,12.3
2026-06-23 05:17:34,Salón - Uma Civil,40.53,Silence,0.0,42.942,Silence,0.0,0.0,0.0,0.0,0.0,0.0,0.0,0.0,0.0,0.0,42.692,39.813,38.797,-99,10.8
2026-06-23 05:17:37,Laboratorios Civil Inferior,42.492,Silence,0.0,43.345,Silence,0.0,0.0,0.0,0.0,0.0,0.0,0.0,0.0,0.0,0.0,43.429,42.562,41.429,-109,6.5
2026-06-23 05:17:41,Pasillo Decanato Eléctrica,16.619,Silence,0.0,17.872,Silence,0.0,0.0,0.0,0.0,0.0,0.0,0.0,0.0,0.0,0.0,17.843,16.601,14.395,-115,-1.2
2026-06-23 05:17:47,Pasillo Salones Eléctrica,34.251,Silence,0.0,35.238,Silence,0.0,0.0,0.0,0.0,0.0,0.0,0.0,0.0,0.0,0.0,34.769,34.073,33.931,-103,11.0
2026-06-23 05:17:55,Salón - Extremo Eléctrica,17.706,Silence,0.0,18.426,Silence,0.0,0.0,0.0,0.0,0.0,0.0,0.0,0.0,0.0,0.0,18.198,17.633,17.314,-97,12.2
2026-06-23 05:18:02,Laboratorios Eléctrica Centro,47.488,Group 5 (Vehicle),97.51,48.074,Group 5 (Vehicle),0.0,0.0,0.0,0.0,47.552,0.0,0.244,2.1,0.0,97.51,48.164,47.448,46.701,-87,11.8
2026-06-23 05:18:17,Laboratorios Eléctrica Inferior,48.965,Mixed,64.307,49.763,Group 5 (Vehicle),49.173,0.0,0.0,0.0,49.041,33.008,1.514,0.049,1.074,64.307,49.729,48.876,47.556,-109,8.0
2026-06-23 05:22:01,Lobby Civil,46.538,Mixed,50.608,51.794,Group 1 (Common),49.343,43.667,0.0,0.0,0.0,33.507,50.608,1.866,4.036,9.983,52.019,44.085,41.657,-117,-13.3
2026-06-23 05:22:07,Laboratorios Civil Central,53.856,Group 1 (Common),79.688,54.814,Group 1 (Common),54.161,0.0,0.0,0.0,53.584,79.688,0.391,0.0,0.195,19.482,54.677,53.744,52.424,-95,11.8
2026-06-23 05:22:08,Laboratorios Civil Superior,45.721,Group 1 (Common),92.795,46.717,Group 1 (Common),45.783,0.0,0.0,0.0,0.0,92.795,0.13,0.087,0.043,6.944,46.543,45.807,44.297,-88,10.3
2026-06-23 05:22:09,Salón - Extremo Civil,22.095,Silence,0.0,23.996,Silence,0.0,0.0,0.0,0.0,0.0,0.0,0.0,0.0,0.0,0.0,24.272,21.578,20.387,-78,9.5
2026-06-23 05:22:16,Lobby Eléctrica,56.147,Mixed,60.693,57.851,Group 4 (Person),55.168,0.0,0.0,56.399,0.0,39.16,0.0,0.0,60.693,0.0,58.109,55.378,54.923,-93,13.3
2026-06-23 05:22:16,Laboratorios Eléctrica Superior,40.296,Silence,0.0,40.916,Silence,0.0,0.0,0.0,0.0,0.0,0.0,0.0,0.0,0.0,0.0,40.759,40.226,39.598,-90,12.0
2026-06-23 05:22:25,Pasillo Decanato Civil,20.438,Silence,0.0,21.646,Silence,0.0,0.0,0.0,0.0,0.0,0.0,0.0,0.0,0.0,0.0,21.657,20.228,19.179,-100,10.8
2026-06-23 05:22:25,Salón - Uma Eléctrica,44.17,Silence,0.0,44.868,Silence,0.0,0.0,0.0,0.0,0.0,0.0,0.0,0.0,0.0,0.0,44.871,44.067,43.392,-94,13.8
2026-06-23 05:22:26,Pasillo Salones Civil,37.992,Silence,0.0,38.583,Silence,0.0,0.0,0.0,0.0,0.0,0.0,0.0,0.0,0.0,0.0,38.357,37.916,37.5,-94,10.5
2026-06-23 05:22:34,Salón - Uma Civil,39.739,Silence,0.0,41.433,Silence,0.0,0.0,0.0,0.0,0.0,0.0,0.0,0.0,0.0,0.0,40.227,39.482,39.237,-113,0.2
2026-06-23 05:22:37,Laboratorios Civil Inferior,44.073,Silence,0.0,45.593,Silence,0.0,0.0,0.0,0.0,0.0,0.0,0.0,0.0,0.0,0.0,45.34,43.982,42.276,-108,6.5
2026-06-23 05:22:41,Pasillo Decanato Eléctrica,15.951,Silence,0.0,17.115,Silence,0.0,0.0,0.0,0.0,0.0,0.0,0.0,0.0,0.0,0.0,17.286,15.704,14.91,-93,12.0
2026-06-23 05:22:47,Pasillo Salones Eléctrica,37.377,Silence,0.0,39.44,Silence,0.0,0.0,0.0,0.0,0.0,0.0,0.0,0.0,0.0,0.0,39.898,36.479,35.724,-103,10.8
2026-06-23 05:22:55,Salón - Extremo Eléctrica,18.504,Silence,0.0,19.45,Silence,0.0,0.0,0.0,0.0,0.0,0.0,0.0,0.0,0.0,0.0,19.45,18.519,17.215,-97,10.8
2026-06-23 05:23:02,Laboratorios Eléctrica Centro,47.159,Group 5 (Vehicle),96.05,47.711,Group 5 (Vehicle),0.0,0.0,0.0,0.0,47.166,0.217,0.0,3.646,0.0,96.05,47.834,47.212,46.355,-89,12.3
2026-06-23 05:23:17,Laboratorios Eléctrica Inferior,48.562,Mixed,52.691,49.65,Group 5 (Vehicle),48.662,0.0,0.0,0.0,48.95,46.007,0.434,0.13,0.608,52.691,48.977,48.643,47.473,-107,6.2
2026-06-23 05:27:01,Lobby Civil,42.174,Silence,0.0,42.86,Silence,0.0,0.0,0.0,0.0,0.0,0.0,0.0,0.0,0.0,0.0,43.054,41.988,41.547,-85,9.5
2026-06-23 05:27:06,Laboratorios Civil Central,52.103,Group 1 (Common),70.703,53.376,Group 1 (Common),52.327,0.0,0.0,0.0,51.606,70.703,0.521,0.0,0.174,28.516,53.242,51.804,50.809,-94,11.0
2026-06-23 05:27:08,Laboratorios Civil Superior,45.557,Group 1 (Common),77.04,46.042,Group 1 (Common),45.509,0.0,0.0,0.0,0.0,77.04,0.217,0.0,0.087,22.613,46.123,45.507,44.858,-91,12.5
2026-06-23 05:27:13,Salón - Extremo Civil,22.606,Silence,0.0,25.415,Silence,0.0,0.0,0.0,0.0,0.0,0.0,0.0,0.0,0.0,0.0,26.11,22.281,20.949,-101,12.8
2026-06-23 05:27:16,Lobby Eléctrica,45.277,Mixed,38.368,49.459,Group 1 (Common),48.618,40.076,43.478,0.0,40.519,27.517,12.24,38.368,0.174,21.832,50.354,45.016,39.588,-113,-5.0
2026-06-23 05:27:16,Laboratorios Eléctrica Superior,56.411,Mixed,61.372,61.421,Group 2 (Impact),49.049,54.63,55.391,0.0,0.0,4.818,61.372,9.809,5.122,18.837,62.456,54.293,46.961,-91,12.8
2026-06-23 05:27:25,Pasillo Decanato Civil,21.28,Silence,0.0,22.165,Silence,0.0,0.0,0.0,0.0,0.0,0.0,0.0,0.0,0.0,0.0,22.196,21.121,20.138,-99,10.8
2026-06-23 05:27:25,Salón - Uma Eléctrica,43.958,Silence,0.0,44.541,Silence,0.0,0.0,0.0,0.0,0.0,0.0,0.0,0.0,0.0,0.0,44.399,43.94,43.534,-95,9.5
2026-06-23 05:27:26,Pasillo Salones Civil,38.242,Silence,0.0,38.864,Silence,0.0,0.0,0.0,0.0,0.0,0.0,0.0,0.0,0.0,0.0,39.277,38.25,37.402,-81,12.0
2026-06-23 05:27:34,Salón - Uma Civil,40.287,Silence,0.0,41.188,Silence,0.0,0.0,0.0,0.0,0.0,0.0,0.0,0.0,0.0,0.0,41.27,40.241,39.609,-115,-2.8
2026-06-23 05:27:37,Laboratorios Civil Inferior,43.039,Silence,0.0,43.74,Silence,0.0,0.0,0.0,0.0,0.0,0.0,0.0,0.0,0.0,0.0,43.886,43.026,42.097,-109,6.2
2026-06-23 05:27:41,Pasillo Decanato Eléctrica,15.205,Silence,0.0,16.086,Silence,0.0,0.0,0.0,0.0,0.0,0.0,0.0,0.0,0.0,0.0,15.863,15.192,14.456,-91,11.8
2026-06-23 05:27:47,Pasillo Salones Eléctrica,34.102,Silence,0.0,34.887,Silence,0.0,0.0,0.0,0.0,0.0,0.0,0.0,0.0,0.0,0.0,35.094,33.997,33.486,-105,9.5
2026-06-23 05:27:55,Salón - Extremo Eléctrica,21.075,Silence,0.0,22.437,Silence,0.0,0.0,0.0,0.0,0.0,0.0,0.0,0.0,0.0,0.0,22.411,21.192,18.959,-97,11.8
2026-06-23 05:28:02,Laboratorios Eléctrica Centro,47.416,Group 5 (Vehicle),91.667,48.301,Group 5 (Vehicle),0.0,0.0,47.436,0.0,47.62,0.955,0.0,7.465,0.0,91.667,48.217,47.386,46.718,-113,1.8
2026-06-23 05:28:17,Laboratorios Eléctrica Inferior,48.808,Mixed,63.715,49.759,Group 5 (Vehicle),48.799,0.0,0.0,0.0,49.02,34.939,0.434,0.0,0.694,63.715,49.59,48.771,48.028,-105,6.5
2026-06-23 05:32:01,Lobby Civil,43.037,Silence,0.0,43.954,Silence,0.0,0.0,0.0,0.0,0.0,0.0,0.0,0.0,0.0,0.0,43.988,43.003,41.814,-85,12.5
2026-06-23 05:32:06,Laboratorios Civil Central,52.07,Mixed,62.543,52.896,Group 5 (Vehicle),52.013,0.0,0.0,0.0,52.128,37.196,0.043,0.0,0.087,62.543,53.119,51.952,51.004,-91,14.8
2026-06-23 05:32:08,Laboratorios Civil Superior,45.022,Group 1 (Common),84.418,45.519,Group 5 (Vehicle),44.991,0.0,0.0,0.0,45.278,84.418,0.174,0.0,0.13,15.365,45.546,44.95,44.586,-97,11.5
2026-06-23 05:32:09,Salón - Extremo Civil,23.195,Silence,0.0,26.786,Silence,0.0,0.0,0.0,0.0,0.0,0.0,0.0,0.0,0.0,0.0,27.296,22.112,19.788,-95,13.2
2026-06-23 05:32:16,Lobby Eléctrica,35.06,Silence,0.0,37.502,Silence,0.0,0.0,0.0,0.0,0.0,0.0,0.0,0.0,0.0,0.0,37.908,34.364,32.597,-112,2.0
2026-06-23 05:32:22,Laboratorios Eléctrica Superior,40.754,Silence,0.0,41.45,Silence,0.0,0.0,0.0,0.0,0.0,0.0,0.0,0.0,0.0,0.0,41.656,40.649,39.741,-99,13.0
2026-06-23 05:32:25,Pasillo Decanato Civil,20.224,Silence,0.0,21.096,Silence,0.0,0.0,0.0,0.0,0.0,0.0,0.0,0.0,0.0,0.0,21.31,20.078,19.396,-85,12.0
2026-06-23 05:32:25,Salón - Uma Eléctrica,44.41,Silence,0.0,45.25,Silence,0.0,0.0,0.0,0.0,0.0,0.0,0.0,0.0,0.0,0.0,45.052,44.434,43.483,-94,12.5
2026-06-23 05:32:26,Pasillo Salones Civil,37.487,Silence,0.0,38.206,Silence,0.0,0.0,0.0,0.0,0.0,0.0,0.0,0.0,0.0,0.0,38.056,37.32,37.019,-101,11.8
2026-06-23 05:32:34,Salón - Uma Civil,40.091,Silence,0.0,41.48,Silence,0.0,0.0,0.0,0.0,0.0,0.0,0.0,0.0,0.0,0.0,41.816,39.616,38.667,-102,10.3
2026-06-23 05:32:37,Laboratorios Civil Inferior,43.188,Silence,0.0,43.761,Silence,0.0,0.0,0.0,0.0,0.0,0.0,0.0,0.0,0.0,0.0,44.202,43.118,42.668,-106,7.5
2026-06-23 05:32:41,Pasillo Decanato Eléctrica,14.61,Silence,0.0,14.995,Silence,0.0,0.0,0.0,0.0,0.0,0.0,0.0,0.0,0.0,0.0,15.22,14.805,13.575,-114,-13.2
2026-06-23 05:32:47,Pasillo Salones Eléctrica,34.901,Silence,0.0,36.036,Silence,0.0,0.0,0.0,0.0,0.0,0.0,0.0,0.0,0.0,0.0,35.97,34.787,33.759,-84,12.3
2026-06-23 05:32:55,Salón - Extremo Eléctrica,19.275,Silence,0.0,20.618,Silence,0.0,0.0,0.0,0.0,0.0,0.0,0.0,0.0,0.0,0.0,20.731,18.776,18.16,-96,11.2
2026-06-23 05:33:02,Laboratorios Eléctrica Centro,47.362,Group 5 (Vehicle),94.314,47.834,Group 5 (Vehicle),0.0,0.0,0.0,0.0,47.391,0.26,0.0,5.425,0.0,94.314,47.633,47.475,46.774,-94,12.3
2026-06-23 05:33:17,Laboratorios Eléctrica Inferior,49.089,Group 5 (Vehicle),79.123,49.88,Group 5 (Vehicle),48.463,0.0,0.0,0.0,49.126,18.273,1.432,0.043,1.172,79.123,49.676,48.978,48.424,-106,9.0
2026-06-23 05:37:01,Lobby Civil,43.326,Silence,0.0,45.06,Silence,0.0,0.0,0.0,0.0,0.0,0.0,0.0,0.0,0.0,0.0,45.372,41.796,40.992,-117,-14.5
2026-06-23 05:37:06,Laboratorios Civil Central,51.742,Mixed,63.932,52.496,Group 1 (Common),51.511,0.0,0.0,0.0,51.844,63.932,0.477,0.0,0.26,35.2,52.588,51.637,50.728,-88,12.0
2026-06-23 05:37:08,Laboratorios Civil Superior,44.576,Silence,0.0,45.232,Silence,0.0,0.0,0.0,0.0,0.0,0.0,0.0,0.0,0.0,0.0,45.348,44.534,43.742,-94,12.8
2026-06-23 05:37:09,Salón - Extremo Civil,24.078,Silence,0.0,29.115,Silence,0.0,0.0,0.0,0.0,0.0,0.0,0.0,0.0,0.0,0.0,27.948,23.508,21.217,-79,12.8
2026-06-23 05:37:16,Lobby Eléctrica,35.807,Silence,0.0,38.054,Silence,0.0,0.0,0.0,0.0,0.0,0.0,0.0,0.0,0.0,0.0,38.728,35.244,33.886,-115,-1.8
2026-06-23 05:37:16,Laboratorios Eléctrica Superior,40.452,Silence,0.0,41.101,Silence,0.0,0.0,0.0,0.0,0.0,0.0,0.0,0.0,0.0,0.0,40.926,40.381,40.025,-93,12.0
2026-06-23 05:37:29,Pasillo Decanato Civil,20.229,Silence,0.0,21.193,Silence,0.0,0.0,0.0,0.0,0.0,0.0,0.0,0.0,0.0,0.0,20.876,20.517,18.96,-80,12.0
2026-06-23 05:37:29,Salón - Uma Eléctrica,43.976,Silence,0.0,44.623,Silence,0.0,0.0,0.0,0.0,0.0,0.0,0.0,0.0,0.0,0.0,44.889,44.038,43.128,-106,8.0
2026-06-23 05:37:29,Pasillo Salones Civil,38.402,Silence,0.0,39.114,Silence,0.0,0.0,0.0,0.0,0.0,0.0,0.0,0.0,0.0,0.0,38.767,38.454,37.289,-82,11.5
2026-06-23 05:37:34,Salón - Uma Civil,40.261,Silence,0.0,41.914,Silence,0.0,0.0,0.0,0.0,0.0,0.0,0.0,0.0,0.0,0.0,41.773,40.648,38.55,-100,11.8
2026-06-23 05:37:37,Laboratorios Civil Inferior,42.318,Silence,0.0,42.998,Silence,0.0,0.0,0.0,0.0,0.0,0.0,0.0,0.0,0.0,0.0,43.131,42.434,41.277,-109,8.2
2026-06-23 05:37:41,Pasillo Decanato Eléctrica,15.135,Silence,0.0,15.763,Silence,0.0,0.0,0.0,0.0,0.0,0.0,0.0,0.0,0.0,0.0,15.842,15.321,14.42,-91,14.0
2026-06-23 05:37:47,Pasillo Salones Eléctrica,34.181,Silence,0.0,34.771,Silence,0.0,0.0,0.0,0.0,0.0,0.0,0.0,0.0,0.0,0.0,34.916,34.084,33.606,-102,10.0
2026-06-23 05:37:55,Salón - Extremo Eléctrica,19.663,Silence,0.0,22.748,Silence,0.0,0.0,0.0,0.0,0.0,0.0,0.0,0.0,0.0,0.0,22.382,19.473,17.936,-118,-14.8
2026-06-23 05:38:02,Laboratorios Eléctrica Centro,47.467,Group 5 (Vehicle),94.835,48.489,Group 5 (Vehicle),0.0,0.0,0.0,0.0,47.697,0.26,0.0,4.774,0.0,94.835,48.135,47.535,46.737,-114,3.0
2026-06-23 05:38:17,Laboratorios Eléctrica Inferior,49.24,Group 5 (Vehicle),80.642,50.168,Group 5 (Vehicle),49.743,0.0,0.0,0.0,49.377,18.707,0.217,0.0,0.391,80.642,49.895,49.364,48.319,-109,7.2
2026-06-23 05:42:01,Lobby Civil,52.093,Mixed,52.474,53.973,Group 5 (Vehicle),51.784,0.0,0.0,0.0,53.256,39.844,6.771,0.0,0.781,52.474,53.717,51.868,51.418,-85,11.8
2026-06-23 05:42:06,Laboratorios Civil Central,52.179,Mixed,54.861,52.795,Group 1 (Common),52.213,0.0,0.0,0.0,52.043,54.861,0.477,0.0,0.434,44.097,53.009,52.251,51.199,-95,11.5
2026-06-23 05:42:08,Laboratorios Civil Superior,45.108,Group 1 (Common),70.703,45.596,Group 1 (Common),45.268,0.0,0.0,0.0,0.0,70.703,0.391,0.087,0.0,28.733,45.542,45.163,44.562,-97,12.5
2026-06-23 05:42:09,Salón - Extremo Civil,21.841,Silence,0.0,24.354,Silence,0.0,0.0,0.0,0.0,0.0,0.0,0.0,0.0,0.0,0.0,23.804,21.484,20.611,-90,11.2
2026-06-23 05:42:16,Lobby Eléctrica,54.35,Mixed,39.41,63.466,Group 4 (Person),56.617,0.0,43.623,61.93,0.0,39.41,5.816,17.491,27.387,10.026,60.719,50.882,42.722,-88,-2.8
2026-06-23 05:42:16,Laboratorios Eléctrica Superior,40.463,Silence,0.0,40.966,Silence,0.0,0.0,0.0,0.0,0.0,0.0,0.0,0.0,0.0,0.0,40.749,40.448,40.181,-99,13.0
2026-06-23 05:42:25,Pasillo Decanato Civil,21.618,Silence,0.0,23.317,Silence,0.0,0.0,0.0,0.0,0.0,0.0,0.0,0.0,0.0,0.0,23.923,21.588,20.182,-99,13.2
2026-06-23 05:42:25,Salón - Uma Eléctrica,44.809,Silence,0.0,45.714,Silence,0.0,0.0,0.0,0.0,0.0,0.0,0.0,0.0,0.0,0.0,45.84,44.733,44.133,-94,12.0
2026-06-23 05:42:26,Pasillo Salones Civil,39.241,Silence,0.0,40.51,Silence,0.0,0.0,0.0,0.0,0.0,0.0,0.0,0.0,0.0,0.0,40.529,38.712,38.392,-81,11.5
2026-06-23 05:42:34,Salón - Uma Civil,39.995,Silence,0.0,41.528,Silence,0.0,0.0,0.0,0.0,0.0,0.0,0.0,0.0,0.0,0.0,40.861,40.351,37.584,-113,-3.5
2026-06-23 05:42:39,Laboratorios Civil Inferior,44.046,Silence,0.0,44.667,Silence,0.0,0.0,0.0,0.0,0.0,0.0,0.0,0.0,0.0,0.0,44.694,44.1,43.307,-106,7.8
2026-06-23 05:42:41,Pasillo Decanato Eléctrica,20.01,Silence,0.0,21.883,Silence,0.0,0.0,0.0,0.0,0.0,0.0,0.0,0.0,0.0,0.0,21.2,20.099,18.018,-93,11.3
2026-06-23 05:42:47,Pasillo Salones Eléctrica,34.22,Silence,0.0,34.812,Silence,0.0,0.0,0.0,0.0,0.0,0.0,0.0,0.0,0.0,0.0,34.75,34.104,33.97,-84,12.3
2026-06-23 05:42:55,Salón - Extremo Eléctrica,19.839,Silence,0.0,22.312,Silence,0.0,0.0,0.0,0.0,0.0,0.0,0.0,0.0,0.0,0.0,23.535,19.537,17.511,-78,12.0
2026-06-23 05:43:02,Laboratorios Eléctrica Centro,48.321,Group 5 (Vehicle),99.175,48.996,Group 5 (Vehicle),0.0,0.0,0.0,0.0,48.369,0.13,0.0,0.608,0.0,99.175,49.141,48.235,47.926,-117,-3.5
2026-06-23 05:43:17,Laboratorios Eléctrica Inferior,48.673,Group 5 (Vehicle),70.399,49.698,Group 5 (Vehicle),49.258,0.0,0.0,0.0,48.957,20.92,4.818,0.304,3.689,70.399,49.935,48.452,47.883,-115,-2.5
2026-06-23 05:47:01,Lobby Civil,60.664,Group 1 (Common),76.128,63.607,Group 1 (Common),61.399,56.107,0.0,61.123,0.0,76.128,11.111,0.0,12.543,0.26,64.379,60.346,55.946,-86,11.8
2026-06-23 05:47:06,Laboratorios Civil Central,52.058,Mixed,60.851,53.729,Group 1 (Common),52.868,0.0,0.0,0.0,52.078,38.889,0.043,0.0,0.087,60.851,53.104,51.942,51.56,-92,11.8
2026-06-23 05:47:08,Laboratorios Civil Superior,45.418,Mixed,65.885,46.0,Group 1 (Common),45.395,0.0,0.0,0.0,45.342,65.885,0.0,0.087,0.087,33.941,45.984,45.352,44.485,-99,12.8
2026-06-23 05:47:09,Salón - Extremo Civil,20.713,Silence,0.0,21.382,Silence,0.0,0.0,0.0,0.0,0.0,0.0,0.0,0.0,0.0,0.0,21.447,20.695,20.239,-95,13.2
2026-06-23 05:47:16,Lobby Eléctrica,48.042,Mixed,66.059,54.842,Group 1 (Common),49.544,0.0,53.672,0.0,0.0,66.059,7.075,13.455,0.825,12.413,52.579,46.691,45.212,-107,3.0
2026-06-23 05:47:16,Laboratorios Eléctrica Superior,39.934,Silence,0.0,40.806,Silence,0.0,0.0,0.0,0.0,0.0,0.0,0.0,0.0,0.0,0.0,40.56,40.128,39.207,-90,12.3
2026-06-23 05:47:25,Pasillo Decanato Civil,24.53,Silence,0.0,29.471,Silence,0.0,0.0,0.0,0.0,0.0,0.0,0.0,0.0,0.0,0.0,30.728,22.031,20.64,-101,10.2
2026-06-23 05:47:26,Pasillo Salones Civil,39.24,Silence,0.0,40.436,Silence,0.0,0.0,0.0,0.0,0.0,0.0,0.0,0.0,0.0,0.0,40.402,39.23,37.975,-101,11.0
2026-06-23 05:47:34,Salón - Uma Civil,38.618,Silence,0.0,40.392,Silence,0.0,0.0,0.0,0.0,0.0,0.0,0.0,0.0,0.0,0.0,40.247,38.751,37.068,-115,-1.2
2026-06-23 05:47:37,Laboratorios Civil Inferior,44.856,Silence,0.0,45.42,Silence,0.0,0.0,0.0,0.0,0.0,0.0,0.0,0.0,0.0,0.0,45.464,44.897,44.197,-109,6.0
2026-06-23 05:47:41,Pasillo Decanato Eléctrica,17.255,Silence,0.0,18.269,Silence,0.0,0.0,0.0,0.0,0.0,0.0,0.0,0.0,0.0,0.0,18.567,17.062,16.512,-91,14.8
2026-06-23 05:47:47,Pasillo Salones Eléctrica,33.583,Silence,0.0,34.408,Silence,0.0,0.0,0.0,0.0,0.0,0.0,0.0,0.0,0.0,0.0,34.143,33.6,32.616,-105,11.8
2026-06-23 05:47:55,Salón - Extremo Eléctrica,17.718,Silence,0.0,18.757,Silence,0.0,0.0,0.0,0.0,0.0,0.0,0.0,0.0,0.0,0.0,18.571,17.974,16.643,-80,14.5
2026-06-23 05:48:02,Laboratorios Eléctrica Centro,47.406,Group 5 (Vehicle),93.576,47.885,Group 5 (Vehicle),0.0,0.0,0.0,0.0,47.387,0.434,0.0,5.816,0.0,93.576,47.861,47.415,46.93,-87,11.5
2026-06-23 05:48:17,Laboratorios Eléctrica Inferior,48.924,Mixed,50.998,49.7,Group 5 (Vehicle),49.053,0.0,0.0,0.0,48.902,47.352,0.608,0.0,0.955,50.998,49.575,49.073,47.721,-110,3.8
2026-06-23 05:52:01,Lobby Civil,54.663,Group 5 (Vehicle),72.439,56.53,Group 5 (Vehicle),54.18,53.672,0.0,0.0,54.058,15.104,8.247,2.04,2.387,72.439,56.495,54.018,52.362,-86,12.3
2026-06-23 05:52:06,Laboratorios Civil Central,52.909,Mixed,54.774,54.529,Group 5 (Vehicle),53.481,0.0,0.0,0.0,52.811,44.444,0.26,0.0,0.477,54.774,54.481,52.797,51.771,-90,11.8
2026-06-23 05:52:08,Laboratorios Civil Superior,44.839,Silence,0.0,45.664,Silence,0.0,0.0,0.0,0.0,0.0,0.0,0.0,0.0,0.0,0.0,45.233,44.856,44.431,-99,11.2
2026-06-23 05:52:09,Salón - Extremo Civil,23.666,Silence,0.0,28.285,Silence,0.0,0.0,0.0,0.0,0.0,0.0,0.0,0.0,0.0,0.0,27.728,22.468,21.54,-93,13.0
2026-06-23 05:52:16,Lobby Eléctrica,44.682,Silence,0.0,46.11,Silence,0.0,0.0,0.0,0.0,0.0,0.0,0.0,0.0,0.0,0.0,46.449,44.583,43.269,-113,-3.5
2026-06-23 05:52:16,Laboratorios Eléctrica Superior,39.89,Silence,0.0,40.909,Silence,0.0,0.0,0.0,0.0,0.0,0.0,0.0,0.0,0.0,0.0,40.772,40.015,38.953,-90,8.5
2026-06-23 05:52:25,Pasillo Decanato Civil,24.288,Silence,0.0,25.781,Silence,0.0,0.0,0.0,0.0,0.0,0.0,0.0,0.0,0.0,0.0,26.045,23.922,23.023,-100,10.8
2026-06-23 05:52:25,Salón - Uma Eléctrica,43.798,Silence,0.0,44.391,Silence,0.0,0.0,0.0,0.0,0.0,0.0,0.0,0.0,0.0,0.0,44.214,43.738,43.236,-97,10.0
2026-06-23 05:52:26,Pasillo Salones Civil,37.828,Silence,0.0,39.127,Silence,0.0,0.0,0.0,0.0,0.0,0.0,0.0,0.0,0.0,0.0,39.099,37.847,36.434,-99,11.0
2026-06-23 05:52:34,Salón - Uma Civil,38.934,Silence,0.0,40.477,Silence,0.0,0.0,0.0,0.0,0.0,0.0,0.0,0.0,0.0,0.0,40.546,38.364,37.427,-95,11.3
2026-06-23 05:52:37,Laboratorios Civil Inferior,43.737,Silence,0.0,44.707,Silence,0.0,0.0,0.0,0.0,0.0,0.0,0.0,0.0,0.0,0.0,44.674,43.7,43.179,-107,8.0
2026-06-23 05:52:41,Pasillo Decanato Eléctrica,18.527,Silence,0.0,19.535,Silence,0.0,0.0,0.0,0.0,0.0,0.0,0.0,0.0,0.0,0.0,19.873,18.536,16.845,-91,12.3
2026-06-23 05:52:47,Pasillo Salones Eléctrica,34.808,Silence,0.0,36.409,Silence,0.0,0.0,0.0,0.0,0.0,0.0,0.0,0.0,0.0,0.0,36.239,34.704,33.824,-101,10.5
2026-06-23 05:52:55,Salón - Extremo Eléctrica,21.609,Silence,0.0,23.585,Silence,0.0,0.0,0.0,0.0,0.0,0.0,0.0,0.0,0.0,0.0,24.699,21.416,20.087,-77,11.0
2026-06-23 05:53:02,Laboratorios Eléctrica Centro,47.562,Group 5 (Vehicle),87.153,48.821,Group 5 (Vehicle),0.0,0.0,47.356,0.0,47.806,1.432,0.217,11.155,0.0,87.153,48.731,47.429,46.24,-89,12.3
2026-06-23 05:53:17,Laboratorios Eléctrica Inferior,49.535,Mixed,58.447,50.265,Group 5 (Vehicle),49.523,0.0,0.0,0.0,49.559,38.574,1.367,0.195,1.27,58.447,50.757,49.156,48.52,-109,6.0
2026-06-23 05:57:01,Lobby Civil,55.609,Mixed,43.056,56.644,Group 1 (Common),55.645,55.442,0.0,0.0,0.0,43.056,39.974,0.477,5.99,10.373,56.833,55.539,54.381,-85,11.5
2026-06-23 05:57:06,Laboratorios Civil Central,56.829,Group 5 (Vehicle),72.803,58.917,Group 5 (Vehicle),55.899,0.0,0.0,0.0,57.205,23.682,0.928,0.146,2.393,72.803,59.117,56.016,55.023,-105,10.2
2026-06-23 05:57:08,Laboratorios Civil Superior,46.459,Group 1 (Common),72.363,47.824,Group 1 (Common),46.325,0.0,0.0,0.0,45.858,72.363,0.83,0.049,0.049,26.66,47.572,45.952,45.212,-95,12.2
2026-06-23 05:57:09,Salón - Extremo Civil,27.477,Silence,0.0,30.124,Silence,0.0,0.0,0.0,0.0,0.0,0.0,0.0,0.0,0.0,0.0,29.18,27.68,25.195,-77,12.5
2026-06-23 05:57:16,Lobby Eléctrica,50.169,Mixed,68.652,53.095,Group 1 (Common),50.107,45.675,0.0,0.0,0.0,68.652,27.197,0.0,1.66,2.588,53.148,50.02,44.727,-86,3.0
2026-06-23 05:57:16,Laboratorios Eléctrica Superior,47.173,Mixed,56.814,50.295,Group 1 (Common),48.551,0.0,0.0,0.0,46.658,56.814,2.431,0.0,0.304,40.278,50.852,46.834,42.16,-96,9.2
2026-06-23 05:57:25,Pasillo Decanato Civil,25.631,Silence,0.0,26.627,Silence,0.0,0.0,0.0,0.0,0.0,0.0,0.0,0.0,0.0,0.0,26.735,25.602,24.608,-97,8.0
2026-06-23 05:57:25,Salón - Uma Eléctrica,43.505,Silence,0.0,44.306,Silence,0.0,0.0,0.0,0.0,0.0,0.0,0.0,0.0,0.0,0.0,44.295,43.648,42.167,-100,11.5
2026-06-23 05:57:26,Pasillo Salones Civil,38.067,Silence,0.0,39.066,Silence,0.0,0.0,0.0,0.0,0.0,0.0,0.0,0.0,0.0,0.0,38.666,38.03,36.78,-81,12.0
2026-06-23 05:57:34,Salón - Uma Civil,38.587,Silence,0.0,40.56,Silence,0.0,0.0,0.0,0.0,0.0,0.0,0.0,0.0,0.0,0.0,40.799,38.193,36.78,-95,12.0
2026-06-23 05:57:37,Laboratorios Civil Inferior,43.572,Silence,0.0,44.298,Silence,0.0,0.0,0.0,0.0,0.0,0.0,0.0,0.0,0.0,0.0,44.136,43.359,43.02,-106,8.5
2026-06-23 05:57:41,Pasillo Decanato Eléctrica,57.655,Group 1 (Common),98.291,58.228,Group 1 (Common),57.721,0.0,0.0,0.0,0.0,98.291,0.146,0.0,0.732,1.025,57.986,57.548,57.005,-91,12.3
2026-06-23 05:57:47,Pasillo Salones Eléctrica,34.304,Silence,0.0,35.681,Silence,0.0,0.0,0.0,0.0,0.0,0.0,0.0,0.0,0.0,0.0,35.723,34.212,33.042,-101,10.8
2026-06-23 05:57:55,Salón - Extremo Eléctrica,17.555,Silence,0.0,18.401,Silence,0.0,0.0,0.0,0.0,0.0,0.0,0.0,0.0,0.0,0.0,18.427,17.22,16.848,-96,10.0
2026-06-23 05:58:02,Laboratorios Eléctrica Centro,47.536,Group 5 (Vehicle),94.971,48.174,Group 5 (Vehicle),0.0,0.0,0.0,0.0,47.436,0.439,0.0,4.541,0.0,94.971,48.006,47.378,46.925,-115,-1.5
2026-06-23 05:58:17,Laboratorios Eléctrica Inferior,53.626,Mixed,53.027,55.924,Group 1 (Common),54.589,0.0,0.0,0.0,51.7,40.576,0.342,0.0,6.006,53.027,57.137,52.926,50.151,-106,4.8
2026-06-23 06:02:01,Lobby Civil,62.188,Mixed,64.931,65.769,Group 2 (Impact),63.778,61.914,0.0,0.0,0.0,3.516,64.931,10.156,3.733,17.665,67.021,61.645,45.801,-88,11.8
2026-06-23 06:02:06,Laboratorios Civil Central,54.003,Group 1 (Common),78.857,55.615,Group 1 (Common),54.219,0.0,0.0,0.0,55.186,78.857,0.83,0.0,0.195,20.166,55.244,54.307,51.71,-92,14.3
2026-06-23 06:02:08,Laboratorios Civil Superior,46.603,Mixed,69.488,47.824,Group 1 (Common),46.539,0.0,0.0,0.0,0.0,69.488,0.391,4.818,0.217,25.0,47.696,46.614,44.985,-90,12.0
2026-06-23 06:02:09,Salón - Extremo Civil,23.383,Silence,0.0,24.968,Silence,0.0,0.0,0.0,0.0,0.0,0.0,0.0,0.0,0.0,0.0,24.908,22.875,22.315,-97,10.5
2026-06-23 06:02:16,Lobby Eléctrica,63.198,Group 2 (Impact),79.346,65.383,Group 2 (Impact),0.0,63.402,0.0,0.0,0.0,0.098,79.346,1.318,2.344,16.895,66.314,61.618,58.43,-87,2.0
2026-06-23 06:02:16,Laboratorios Eléctrica Superior,39.75,Silence,0.0,40.666,Silence,0.0,0.0,0.0,0.0,0.0,0.0,0.0,0.0,0.0,0.0,40.82,39.789,38.141,-91,12.0
2026-06-23 06:02:25,Pasillo Decanato Civil,29.819,Silence,0.0,32.405,Silence,0.0,0.0,0.0,0.0,0.0,0.0,0.0,0.0,0.0,0.0,31.018,29.657,28.527,-81,12.0
2026-06-23 06:02:25,Salón - Uma Eléctrica,42.86,Silence,0.0,43.317,Silence,0.0,0.0,0.0,0.0,0.0,0.0,0.0,0.0,0.0,0.0,43.265,42.898,42.318,-110,4.5
2026-06-23 06:02:26,Pasillo Salones Civil,39.001,Silence,0.0,39.886,Silence,0.0,0.0,0.0,0.0,0.0,0.0,0.0,0.0,0.0,0.0,39.946,38.908,38.445,-101,10.8
2026-06-23 06:02:34,Salón - Uma Civil,38.441,Silence,0.0,39.756,Silence,0.0,0.0,0.0,0.0,0.0,0.0,0.0,0.0,0.0,0.0,39.418,38.662,35.603,-99,10.5
2026-06-23 06:02:37,Laboratorios Civil Inferior,42.216,Silence,0.0,42.89,Silence,0.0,0.0,0.0,0.0,0.0,0.0,0.0,0.0,0.0,0.0,42.92,42.303,41.421,-106,7.0
2026-06-23 06:02:41,Pasillo Decanato Eléctrica,58.01,Group 1 (Common),98.682,58.568,Group 1 (Common),58.105,0.0,0.0,0.0,0.0,98.682,0.244,0.0,0.244,0.781,58.556,57.97,57.602,-93,12.3
2026-06-23 06:02:47,Pasillo Salones Eléctrica,33.874,Silence,0.0,34.762,Silence,0.0,0.0,0.0,0.0,0.0,0.0,0.0,0.0,0.0,0.0,35.102,33.743,33.118,-102,10.2
2026-06-23 06:02:55,Salón - Extremo Eléctrica,18.246,Silence,0.0,20.445,Silence,0.0,0.0,0.0,0.0,0.0,0.0,0.0,0.0,0.0,0.0,20.523,17.953,16.759,-97,12.0
2026-06-23 06:03:02,Laboratorios Eléctrica Centro,49.221,Group 5 (Vehicle),99.268,51.202,Group 5 (Vehicle),0.0,0.0,0.0,0.0,49.428,0.049,0.0,0.537,0.0,99.268,51.634,48.58,47.71,-95,11.5
2026-06-23 06:03:17,Laboratorios Eléctrica Inferior,49.148,Group 5 (Vehicle),78.863,50.042,Group 5 (Vehicle),48.922,0.0,0.0,0.0,49.301,18.359,0.998,0.13,1.606,78.863,50.465,48.74,48.148,-106,1.0
2026-06-23 06:07:01,Lobby Civil,57.837,Group 1 (Common),93.359,58.634,Group 1 (Common),57.614,0.0,0.0,0.0,0.0,93.359,0.217,0.0,1.519,4.818,58.731,57.867,56.863,-90,11.5
2026-06-23 06:07:06,Laboratorios Civil Central,61.653,Mixed,55.339,64.091,Group 1 (Common),62.491,54.652,0.0,0.0,55.464,55.339,20.095,0.26,4.036,20.313,65.284,62.4,54.545,-109,8.8
2026-06-23 06:07:08,Laboratorios Civil Superior,52.391,Group 1 (Common),74.175,55.54,Group 1 (Common),53.529,0.0,0.0,0.0,46.753,74.175,0.043,0.217,0.087,25.217,56.077,51.595,46.361,-89,12.5
2026-06-23 06:07:09,Salón - Extremo Civil,23.333,Silence,0.0,26.385,Silence,0.0,0.0,0.0,0.0,0.0,0.0,0.0,0.0,0.0,0.0,26.852,23.082,20.717,-91,13.0
2026-06-23 06:07:16,Lobby Eléctrica,53.566,Mixed,54.991,56.586,Group 2 (Impact),53.002,54.773,0.0,0.0,0.0,54.991,21.267,1.172,1.693,20.79,56.985,52.501,50.312,-88,14.3
2026-06-23 06:07:16,Laboratorios Eléctrica Superior,40.341,Silence,0.0,43.418,Silence,0.0,0.0,0.0,0.0,0.0,0.0,0.0,0.0,0.0,0.0,44.657,39.582,38.443,-97,12.2
2026-06-23 06:07:25,Pasillo Decanato Civil,27.379,Silence,0.0,28.862,Silence,0.0,0.0,0.0,0.0,0.0,0.0,0.0,0.0,0.0,0.0,29.019,27.664,26.01,-80,12.3
2026-06-23 06:07:25,Salón - Uma Eléctrica,42.759,Silence,0.0,43.317,Silence,0.0,0.0,0.0,0.0,0.0,0.0,0.0,0.0,0.0,0.0,43.287,42.85,41.727,-101,7.8
2026-06-23 06:07:26,Pasillo Salones Civil,38.811,Silence,0.0,39.867,Silence,0.0,0.0,0.0,0.0,0.0,0.0,0.0,0.0,0.0,0.0,39.524,38.742,37.707,-101,11.0
2026-06-23 06:07:34,Salón - Uma Civil,38.634,Silence,0.0,39.636,Silence,0.0,0.0,0.0,0.0,0.0,0.0,0.0,0.0,0.0,0.0,39.646,38.662,37.586,-114,-3.5
2026-06-23 06:07:37,Laboratorios Civil Inferior,42.453,Silence,0.0,43.733,Silence,0.0,0.0,0.0,0.0,0.0,0.0,0.0,0.0,0.0,0.0,44.543,42.046,41.252,-108,7.2
2026-06-23 06:07:41,Pasillo Decanato Eléctrica,57.903,Group 1 (Common),97.309,58.677,Group 1 (Common),57.962,0.0,0.0,0.0,0.0,97.309,0.781,0.0,0.564,1.476,58.239,57.816,57.435,-92,12.5
2026-06-23 06:07:47,Pasillo Salones Eléctrica,38.745,Silence,0.0,42.666,Silence,0.0,0.0,0.0,0.0,0.0,0.0,0.0,0.0,0.0,0.0,43.736,37.848,35.534,-84,11.5
2026-06-23 06:07:55,Salón - Extremo Eléctrica,24.624,Silence,0.0,27.944,Silence,0.0,0.0,0.0,0.0,0.0,0.0,0.0,0.0,0.0,0.0,28.246,23.062,20.67,-75,12.3
2026-06-23 06:08:02,Laboratorios Eléctrica Centro,47.713,Group 5 (Vehicle),81.771,48.587,Group 5 (Vehicle),0.0,47.366,48.0,0.0,47.49,1.042,5.208,11.892,0.0,81.771,48.656,47.519,47.193,-96,9.8
2026-06-23 06:08:17,Laboratorios Eléctrica Inferior,49.406,Mixed,47.352,50.116,Group 5 (Vehicle),49.246,0.0,0.0,0.0,49.455,44.618,6.076,0.043,1.866,47.352,50.212,49.38,48.673,-110,4.8
2026-06-23 06:12:01,Lobby Civil,58.968,Mixed,50.521,62.986,Group 1 (Common),61.169,55.843,0.0,0.0,55.667,29.297,16.927,0.391,2.778,50.521,63.908,56.092,55.277,-87,13.3
2026-06-23 06:12:06,Laboratorios Civil Central,53.412,Group 1 (Common),77.517,54.408,Group 1 (Common),53.638,0.0,0.0,0.0,0.0,77.517,1.432,0.043,0.521,20.486,54.359,53.811,51.955,-108,1.8
2026-06-23 06:12:08,Laboratorios Civil Superior,44.748,Silence,0.0,45.757,Silence,0.0,0.0,0.0,0.0,0.0,0.0,0.0,0.0,0.0,0.0,45.797,44.706,43.406,-92,11.5
2026-06-23 06:12:09,Salón - Extremo Civil,22.346,Silence,0.0,23.229,Silence,0.0,0.0,0.0,0.0,0.0,0.0,0.0,0.0,0.0,0.0,23.164,22.488,21.609,-93,10.5
2026-06-23 06:12:16,Lobby Eléctrica,54.836,Mixed,68.229,55.459,Group 3 (Rotary Tool),0.0,54.634,54.875,0.0,0.0,0.0,27.387,68.229,0.217,3.993,55.659,55.001,53.612,-95,13.5
2026-06-23 06:12:16,Laboratorios Eléctrica Superior,39.599,Silence,0.0,40.265,Silence,0.0,0.0,0.0,0.0,0.0,0.0,0.0,0.0,0.0,0.0,40.08,39.537,38.649,-91,12.2
2026-06-23 06:12:25,Pasillo Decanato Civil,28.883,Silence,0.0,30.279,Silence,0.0,0.0,0.0,0.0,0.0,0.0,0.0,0.0,0.0,0.0,30.303,29.127,26.779,-99,12.2
2026-06-23 06:12:25,Salón - Uma Eléctrica,53.511,Group 5 (Vehicle),99.566,54.132,Group 5 (Vehicle),0.0,0.0,0.0,0.0,53.658,0.13,0.0,0.0,0.0,99.566,53.862,53.53,53.093,-96,10.3
2026-06-23 06:12:26,Pasillo Salones Civil,39.583,Silence,0.0,40.725,Silence,0.0,0.0,0.0,0.0,0.0,0.0,0.0,0.0,0.0,0.0,40.614,39.52,38.289,-81,11.8
2026-06-23 06:12:34,Salón - Uma Civil,38.677,Silence,0.0,40.277,Silence,0.0,0.0,0.0,0.0,0.0,0.0,0.0,0.0,0.0,0.0,40.131,38.569,36.703,-95,11.3
2026-06-23 06:12:37,Laboratorios Civil Inferior,40.515,Silence,0.0,42.348,Silence,0.0,0.0,0.0,0.0,0.0,0.0,0.0,0.0,0.0,0.0,41.296,40.545,39.665,-109,5.8
2026-06-23 06:12:41,Pasillo Decanato Eléctrica,58.146,Group 1 (Common),95.009,58.694,Group 1 (Common),58.194,0.0,0.0,0.0,0.0,95.009,1.91,0.0,0.694,2.517,58.598,58.135,57.508,-115,-1.2
2026-06-23 06:12:47,Pasillo Salones Eléctrica,36.431,Silence,0.0,41.263,Silence,0.0,0.0,0.0,0.0,0.0,0.0,0.0,0.0,0.0,0.0,38.882,36.087,34.25,-84,11.5
2026-06-23 06:12:55,Salón - Extremo Eléctrica,48.732,Group 5 (Vehicle),84.766,49.161,Group 5 (Vehicle),48.59,0.0,0.0,0.0,48.766,15.148,0.0,0.0,0.0,84.766,49.096,48.666,48.427,-96,11.5
2026-06-23 06:13:02,Laboratorios Eléctrica Centro,46.981,Group 5 (Vehicle),96.441,48.02,Group 5 (Vehicle),0.0,0.0,0.0,0.0,47.106,0.391,0.0,3.168,0.0,96.441,48.063,46.893,46.352,-87,12.3
2026-06-23 06:13:17,Laboratorios Eléctrica Inferior,49.319,Mixed,65.191,49.953,Group 5 (Vehicle),49.352,0.0,0.0,0.0,49.308,33.42,0.304,0.0,0.781,65.191,50.299,49.36,48.419,-109,7.2
2026-06-23 06:17:01,Lobby Civil,58.988,Mixed,57.373,59.916,Group 5 (Vehicle),58.05,0.0,0.0,0.0,59.078,37.402,3.467,0.391,1.416,57.373,60.29,58.513,57.799,-89,12.3
2026-06-23 06:17:06,Laboratorios Civil Central,52.362,Mixed,58.854,53.993,Group 5 (Vehicle),52.112,0.0,0.0,0.0,52.035,58.854,0.26,0.0,0.13,40.712,54.329,52.63,50.364,-88,13.5
2026-06-23 06:17:08,Laboratorios Civil Superior,44.532,Silence,0.0,45.171,Silence,0.0,0.0,0.0,0.0,0.0,0.0,0.0,0.0,0.0,0.0,45.197,44.471,44.088,-90,11.5
2026-06-23 06:17:09,Salón - Extremo Civil,26.41,Silence,0.0,29.681,Silence,0.0,0.0,0.0,0.0,0.0,0.0,0.0,0.0,0.0,0.0,30.715,26.185,23.251,-97,13.8
2026-06-23 06:17:16,Lobby Eléctrica,60.998,Mixed,58.42,65.053,Group 5 (Vehicle),0.0,59.278,0.0,0.0,59.898,0.0,33.464,0.781,7.378,58.42,66.523,58.87,57.384,-110,2.2
2026-06-23 06:17:16,Laboratorios Eléctrica Superior,39.789,Silence,0.0,40.866,Silence,0.0,0.0,0.0,0.0,0.0,0.0,0.0,0.0,0.0,0.0,41.064,39.527,39.091,-89,11.5
2026-06-23 06:17:25,Pasillo Decanato Civil,29.89,Silence,0.0,33.238,Silence,0.0,0.0,0.0,0.0,0.0,0.0,0.0,0.0,0.0,0.0,34.235,29.04,27.985,-81,11.5
2026-06-23 06:17:25,Salón - Uma Eléctrica,52.452,Group 5 (Vehicle),82.422,53.086,Group 1 (Common),52.815,0.0,0.0,0.0,52.478,14.453,2.561,0.217,0.304,82.422,52.987,52.486,51.642,-115,-6.5
2026-06-23 06:17:26,Pasillo Salones Civil,39.016,Silence,0.0,39.745,Silence,0.0,0.0,0.0,0.0,0.0,0.0,0.0,0.0,0.0,0.0,39.617,39.15,38.364,-82,13.8
2026-06-23 06:17:34,Salón - Uma Civil,37.313,Silence,0.0,38.905,Silence,0.0,0.0,0.0,0.0,0.0,0.0,0.0,0.0,0.0,0.0,38.904,37.321,36.331,-94,12.0
2026-06-23 06:17:37,Laboratorios Civil Inferior,41.219,Silence,0.0,41.959,Silence,0.0,0.0,0.0,0.0,0.0,0.0,0.0,0.0,0.0,0.0,42.268,41.166,40.379,-105,1.0
2026-06-23 06:17:41,Pasillo Decanato Eléctrica,58.049,Mixed,67.231,58.76,Group 1 (Common),58.112,58.151,0.0,0.0,0.0,67.231,20.139,0.0,6.684,6.163,58.759,58.067,57.112,-114,-5.5
2026-06-23 06:17:47,Pasillo Salones Eléctrica,70.775,Mixed,44.661,71.223,Group 5 (Vehicle),0.0,70.638,0.0,0.0,70.781,0.608,35.069,10.894,8.767,44.661,71.187,70.852,70.252,-88,14.0
2026-06-23 06:17:55,Salón - Extremo Eléctrica,54.153,Group 5 (Vehicle),76.259,54.656,Group 5 (Vehicle),53.922,0.0,0.0,0.0,54.082,23.394,0.087,0.0,0.217,76.259,54.89,54.213,53.6,-95,12.2
2026-06-23 06:18:02,Laboratorios Eléctrica Centro,46.972,Group 5 (Vehicle),96.658,49.684,Group 5 (Vehicle),0.0,0.0,0.0,0.0,47.511,1.649,0.0,1.693,0.0,96.658,49.752,46.257,45.471,-114,4.8
2026-06-23 06:18:17,Laboratorios Eléctrica Inferior,49.313,Mixed,49.913,51.481,Group 1 (Common),48.787,0.0,0.0,0.0,48.963,44.661,3.255,0.13,1.953,49.913,52.099,48.749,47.467,-114,1.3
2026-06-23 06:22:01,Lobby Civil,59.102,Mixed,69.01,62.585,Group 1 (Common),59.423,0.0,0.0,0.0,55.731,69.01,5.469,0.0,3.212,22.352,63.528,57.482,55.791,-100,11.5
2026-06-23 06:22:06,Laboratorios Civil Central,52.889,Mixed,58.464,54.092,Group 1 (Common),52.893,0.0,0.0,0.0,53.069,58.464,0.0,0.0,0.0,41.493,54.407,52.847,52.063,-96,9.5
2026-06-23 06:22:08,Laboratorios Civil Superior,44.785,Silence,0.0,45.593,Silence,0.0,0.0,0.0,0.0,0.0,0.0,0.0,0.0,0.0,0.0,45.395,44.851,44.316,-93,11.5
2026-06-23 06:22:09,Salón - Extremo Civil,23.321,Silence,0.0,25.442,Silence,0.0,0.0,0.0,0.0,0.0,0.0,0.0,0.0,0.0,0.0,25.631,22.358,21.018,-78,9.3
2026-06-23 06:22:16,Lobby Eléctrica,59.219,Group 1 (Common),91.189,66.801,Group 1 (Common),62.812,0.0,57.527,0.0,0.0,91.189,0.043,8.203,0.304,0.217,63.237,59.429,55.763,-93,13.3
2026-06-23 06:22:16,Laboratorios Eléctrica Superior,56.572,Mixed,34.158,61.847,Group 2 (Impact),46.055,58.457,56.757,0.0,0.0,33.507,34.158,19.01,4.297,9.071,63.637,51.064,46.241,-89,11.5
2026-06-23 06:22:25,Pasillo Decanato Civil,25.073,Silence,0.0,26.746,Silence,0.0,0.0,0.0,0.0,0.0,0.0,0.0,0.0,0.0,0.0,26.916,24.462,23.837,-105,8.0
2026-06-23 06:22:25,Salón - Uma Eléctrica,40.966,Silence,0.0,42.193,Silence,0.0,0.0,0.0,0.0,0.0,0.0,0.0,0.0,0.0,0.0,41.532,40.986,39.861,-97,12.8
2026-06-23 06:22:26,Pasillo Salones Civil,37.813,Silence,0.0,38.611,Silence,0.0,0.0,0.0,0.0,0.0,0.0,0.0,0.0,0.0,0.0,38.633,37.765,37.323,-82,13.5
2026-06-23 06:22:34,Salón - Uma Civil,37.984,Silence,0.0,39.898,Silence,0.0,0.0,0.0,0.0,0.0,0.0,0.0,0.0,0.0,0.0,39.911,37.392,36.306,-117,-4.8
2026-06-23 06:22:37,Laboratorios Civil Inferior,51.108,Mixed,58.984,57.563,Group 1 (Common),54.883,43.394,0.0,0.0,0.0,58.984,29.731,1.953,1.172,8.116,57.16,45.961,41.597,-106,3.5
2026-06-23 06:22:41,Pasillo Decanato Eléctrica,58.298,Group 1 (Common),84.462,58.738,Group 1 (Common),58.174,0.0,0.0,0.0,0.0,84.462,11.936,0.0,2.083,1.476,58.985,58.189,57.827,-92,10.0
2026-06-23 06:22:47,Pasillo Salones Eléctrica,33.729,Silence,0.0,34.83,Silence,0.0,0.0,0.0,0.0,0.0,0.0,0.0,0.0,0.0,0.0,34.431,33.639,33.049,-105,9.8
2026-06-23 06:22:55,Salón - Extremo Eléctrica,18.808,Silence,0.0,19.367,Silence,0.0,0.0,0.0,0.0,0.0,0.0,0.0,0.0,0.0,0.0,19.252,18.696,18.182,-96,11.0
2026-06-23 06:23:02,Laboratorios Eléctrica Centro,46.76,Group 5 (Vehicle),95.877,47.674,Group 5 (Vehicle),0.0,0.0,0.0,0.0,46.859,0.391,0.043,3.776,0.0,95.877,47.428,46.88,45.926,-115,-2.8
2026-06-23 06:23:17,Laboratorios Eléctrica Inferior,49.5,Mixed,55.556,50.186,Group 5 (Vehicle),49.114,49.373,0.0,0.0,49.898,33.724,7.639,0.0,3.168,55.556,50.436,49.459,48.36,-111,4.5
2026-06-23 06:27:01,Lobby Civil,58.72,Group 1 (Common),99.306,60.843,Group 1 (Common),58.233,0.0,0.0,0.0,0.0,99.306,0.0,0.0,0.217,0.347,61.447,57.4,56.636,-101,10.2
2026-06-23 06:27:06,Laboratorios Civil Central,54.473,Mixed,48.438,56.375,Group 5 (Vehicle),54.02,55.813,0.0,0.0,54.792,38.455,10.59,1.432,1.042,48.438,57.771,53.733,51.431,-91,12.0
2026-06-23 06:27:08,Laboratorios Civil Superior,44.885,Silence,0.0,45.91,Silence,0.0,0.0,0.0,0.0,0.0,0.0,0.0,0.0,0.0,0.0,46.149,44.65,44.135,-99,13.0
2026-06-23 06:27:09,Salón - Extremo Civil,25.098,Silence,0.0,25.829,Silence,0.0,0.0,0.0,0.0,0.0,0.0,0.0,0.0,0.0,0.0,25.893,25.166,24.031,-95,11.0
2026-06-23 06:27:16,Lobby Eléctrica,55.546,Group 1 (Common),84.158,57.292,Group 1 (Common),55.487,0.0,53.91,0.0,0.0,84.158,1.476,13.672,0.564,0.0,58.029,54.844,52.924,-85,13.5
2026-06-23 06:27:16,Laboratorios Eléctrica Superior,39.714,Silence,0.0,41.054,Silence,0.0,0.0,0.0,0.0,0.0,0.0,0.0,0.0,0.0,0.0,41.224,39.578,38.864,-97,12.5
2026-06-23 06:27:25,Pasillo Decanato Civil,26.107,Silence,0.0,28.246,Silence,0.0,0.0,0.0,0.0,0.0,0.0,0.0,0.0,0.0,0.0,28.799,25.717,23.561,-87,12.0
2026-06-23 06:27:25,Salón - Uma Eléctrica,41.744,Silence,0.0,42.225,Silence,0.0,0.0,0.0,0.0,0.0,0.0,0.0,0.0,0.0,0.0,42.174,41.78,41.107,-98,9.5
2026-06-23 06:27:26,Pasillo Salones Civil,47.215,Group 2 (Impact),74.219,50.586,Group 1 (Common),50.475,45.94,0.0,0.0,0.0,15.885,74.219,1.78,1.215,6.814,51.023,46.086,41.579,-82,12.8
2026-06-23 06:27:34,Salón - Uma Civil,38.166,Silence,0.0,39.475,Silence,0.0,0.0,0.0,0.0,0.0,0.0,0.0,0.0,0.0,0.0,39.801,37.874,37.579,-101,10.8
2026-06-23 06:27:37,Laboratorios Civil Inferior,46.113,Mixed,41.536,48.648,Group 1 (Common),46.926,44.108,0.0,0.0,43.458,35.503,41.536,0.087,4.34,18.576,48.926,45.456,42.937,-106,8.2
2026-06-23 06:27:41,Pasillo Decanato Eléctrica,57.751,Group 1 (Common),99.045,59.034,Group 1 (Common),57.888,0.0,0.0,0.0,0.0,99.045,0.217,0.0,0.26,0.521,58.65,57.431,57.115,-92,12.0
2026-06-23 06:27:47,Pasillo Salones Eléctrica,35.13,Silence,0.0,35.921,Silence,0.0,0.0,0.0,0.0,0.0,0.0,0.0,0.0,0.0,0.0,35.572,35.308,33.753,-103,10.8
2026-06-23 06:27:55,Salón - Extremo Eléctrica,29.608,Silence,0.0,30.305,Silence,0.0,0.0,0.0,0.0,0.0,0.0,0.0,0.0,0.0,0.0,30.481,29.804,28.466,-95,11.8
2026-06-23 06:28:02,Laboratorios Eléctrica Centro,61.126,Group 5 (Vehicle),78.255,65.561,Group 5 (Vehicle),56.089,0.0,52.372,0.0,61.693,14.844,0.26,5.773,0.781,78.255,65.935,57.886,52.916,-87,12.3
2026-06-23 06:28:17,Laboratorios Eléctrica Inferior,53.72,Group 5 (Vehicle),75.564,57.348,Group 5 (Vehicle),49.549,0.0,0.0,0.0,54.186,17.795,3.299,0.043,3.255,75.564,57.703,51.972,49.311,-111,3.8
2026-06-23 06:32:01,Lobby Civil,57.909,Group 1 (Common),99.436,62.489,Group 1 (Common),59.191,0.0,0.0,0.0,0.0,99.436,0.0,0.0,0.0,0.26,62.245,57.35,54.748,-81,12.3
2026-06-23 06:32:06,Laboratorios Civil Central,53.293,Group 1 (Common),78.342,54.433,Group 1 (Common),53.545,0.0,0.0,0.0,0.0,78.342,0.26,0.0,0.087,21.354,54.336,53.069,52.248,-97,13.5
2026-06-23 06:32:08,Laboratorios Civil Superior,44.611,Silence,0.0,45.293,Silence,0.0,0.0,0.0,0.0,0.0,0.0,0.0,0.0,0.0,0.0,45.194,44.562,44.137,-101,11.8
2026-06-23 06:32:09,Salón - Extremo Civil,22.44,Silence,0.0,23.369,Silence,0.0,0.0,0.0,0.0,0.0,0.0,0.0,0.0,0.0,0.0,23.227,22.306,21.785,-90,12.8
2026-06-23 06:32:16,Lobby Eléctrica,69.405,Mixed,64.931,70.309,Group 5 (Vehicle),68.795,69.483,0.0,0.0,69.454,13.021,14.931,0.347,6.814,64.931,70.596,69.402,68.583,-85,14.3
2026-06-23 06:32:16,Laboratorios Eléctrica Superior,40.526,Silence,0.0,41.65,Silence,0.0,0.0,0.0,0.0,0.0,0.0,0.0,0.0,0.0,0.0,41.755,40.469,39.455,-99,13.2
2026-06-23 06:32:25,Pasillo Decanato Civil,26.177,Silence,0.0,26.917,Silence,0.0,0.0,0.0,0.0,0.0,0.0,0.0,0.0,0.0,0.0,26.716,25.949,25.701,-88,13.0
2026-06-23 06:32:26,Pasillo Salones Civil,39.902,Silence,0.0,40.552,Silence,0.0,0.0,0.0,0.0,0.0,0.0,0.0,0.0,0.0,0.0,41.14,39.745,39.17,-81,11.8
2026-06-23 06:32:34,Salón - Uma Civil,37.629,Silence,0.0,39.468,Silence,0.0,0.0,0.0,0.0,0.0,0.0,0.0,0.0,0.0,0.0,38.75,37.49,36.527,-107,4.0
2026-06-23 06:32:37,Laboratorios Civil Inferior,49.25,Mixed,69.965,53.122,Group 1 (Common),49.617,48.916,0.0,0.0,0.0,69.965,7.595,0.174,1.476,20.877,54.081,48.766,44.729,-108,4.0
2026-06-23 06:32:41,Pasillo Decanato Eléctrica,58.554,Mixed,64.8,59.482,Group 1 (Common),58.617,58.979,0.0,0.0,0.0,64.8,29.601,0.0,5.512,0.087,59.583,58.524,57.374,-91,12.5
2026-06-23 06:32:47,Pasillo Salones Eléctrica,44.947,Silence,0.0,45.823,Silence,0.0,0.0,0.0,0.0,0.0,0.0,0.0,0.0,0.0,0.0,46.113,44.81,43.874,-105,10.8
2026-06-23 06:32:55,Salón - Extremo Eléctrica,27.178,Silence,0.0,31.154,Silence,0.0,0.0,0.0,0.0,0.0,0.0,0.0,0.0,0.0,0.0,28.465,26.688,25.662,-99,10.5
2026-06-23 06:33:02,Laboratorios Eléctrica Centro,47.741,Group 5 (Vehicle),94.835,48.377,Group 5 (Vehicle),0.0,0.0,0.0,0.0,47.887,0.651,0.0,4.427,0.0,94.835,48.146,47.68,47.244,-94,13.3
2026-06-23 06:33:17,Laboratorios Eléctrica Inferior,49.869,Group 5 (Vehicle),70.399,50.519,Group 5 (Vehicle),49.68,0.0,0.0,0.0,50.038,26.693,0.781,0.043,2.04,70.399,50.904,49.928,48.397,-109,6.8
2026-06-23 06:37:01,Lobby Civil,62.308,Mixed,59.245,62.895,Group 1 (Common),62.538,0.0,0.0,0.0,61.676,59.245,2.778,0.26,2.17,35.634,63.21,62.063,61.739,-101,1.2
2026-06-23 06:37:06,Laboratorios Civil Central,59.63,Mixed,66.602,63.331,Group 1 (Common),60.142,0.0,0.0,0.0,56.551,66.602,0.781,0.0,0.879,31.689,63.872,56.142,54.947,-91,14.5
2026-06-23 06:37:08,Laboratorios Civil Superior,45.355,Mixed,67.432,46.28,Group 1 (Common),45.793,0.0,0.0,0.0,46.171,67.432,1.367,1.318,0.781,29.004,46.281,44.852,44.561,-96,12.0
2026-06-23 06:37:09,Salón - Extremo Civil,21.777,Silence,0.0,22.67,Silence,0.0,0.0,0.0,0.0,0.0,0.0,0.0,0.0,0.0,0.0,22.64,21.539,21.356,-95,12.8
2026-06-23 06:37:16,Lobby Eléctrica,51.299,Mixed,48.926,57.577,Group 2 (Impact),50.905,56.96,0.0,0.0,53.408,48.926,23.633,0.098,5.811,21.582,54.412,51.077,48.132,-112,2.0
2026-06-23 06:37:16,Laboratorios Eléctrica Superior,38.543,Silence,0.0,39.488,Silence,0.0,0.0,0.0,0.0,0.0,0.0,0.0,0.0,0.0,0.0,39.293,38.456,37.952,-91,12.3
2026-06-23 06:37:25,Pasillo Decanato Civil,27.239,Silence,0.0,29.853,Silence,0.0,0.0,0.0,0.0,0.0,0.0,0.0,0.0,0.0,0.0,28.141,27.101,26.381,-101,7.5
2026-06-23 06:37:25,Salón - Uma Eléctrica,43.618,Silence,0.0,44.671,Silence,0.0,0.0,0.0,0.0,0.0,0.0,0.0,0.0,0.0,0.0,44.899,43.624,42.262,-119,-6.5
2026-06-23 06:37:26,Pasillo Salones Civil,39.224,Silence,0.0,40.207,Silence,0.0,0.0,0.0,0.0,0.0,0.0,0.0,0.0,0.0,0.0,40.202,39.149,38.5,-102,9.2
2026-06-23 06:37:34,Salón - Uma Civil,38.062,Silence,0.0,39.789,Silence,0.0,0.0,0.0,0.0,0.0,0.0,0.0,0.0,0.0,0.0,40.073,37.498,37.049,-96,10.8
2026-06-23 06:37:37,Laboratorios Civil Inferior,50.001,Group 1 (Common),89.795,54.081,Group 1 (Common),50.746,0.0,0.0,0.0,0.0,89.795,7.227,0.0,2.002,1.123,54.409,47.74,45.067,-109,7.5
2026-06-23 06:37:41,Pasillo Decanato Eléctrica,58.437,Group 1 (Common),98.779,59.185,Group 1 (Common),58.321,0.0,0.0,0.0,0.0,98.779,0.439,0.0,0.439,0.537,59.275,58.173,57.724,-114,1.2
2026-06-23 06:37:47,Pasillo Salones Eléctrica,36.459,Silence,0.0,38.297,Silence,0.0,0.0,0.0,0.0,0.0,0.0,0.0,0.0,0.0,0.0,39.48,36.124,34.55,-83,12.0
2026-06-23 06:37:55,Salón - Extremo Eléctrica,27.883,Silence,0.0,29.114,Silence,0.0,0.0,0.0,0.0,0.0,0.0,0.0,0.0,0.0,0.0,29.297,27.623,26.788,-77,10.5
2026-06-23 06:38:02,Laboratorios Eléctrica Centro,47.58,Group 5 (Vehicle),84.277,48.173,Group 5 (Vehicle),0.0,0.0,46.601,0.0,47.476,1.563,0.0,14.209,0.0,84.277,47.943,47.608,46.872,-114,0.2
2026-06-23 06:38:17,Laboratorios Eléctrica Inferior,49.722,Mixed,61.675,50.403,Group 5 (Vehicle),49.725,0.0,0.0,0.0,49.95,33.984,2.344,0.347,1.78,61.675,50.067,49.692,49.293,-111,-1.0
2026-06-23 06:42:01,Lobby Civil,57.198,Group 1 (Common),79.167,57.688,Group 1 (Common),57.153,0.0,0.0,0.0,56.939,79.167,0.868,0.0,0.825,19.227,57.83,57.326,56.379,-81,13.8
2026-06-23 06:42:06,Laboratorios Civil Central,53.591,Group 1 (Common),89.502,54.413,Group 1 (Common),53.427,0.0,0.0,0.0,0.0,89.502,0.049,0.0,0.049,10.205,54.584,53.033,52.83,-105,9.8
2026-06-23 06:42:08,Laboratorios Civil Superior,46.063,Mixed,69.58,47.3,Group 1 (Common),46.249,0.0,0.0,0.0,46.53,69.58,0.439,2.246,0.098,27.49,47.197,45.776,45.407,-96,11.2
2026-06-23 06:42:09,Salón - Extremo Civil,28.521,Silence,0.0,31.876,Silence,0.0,0.0,0.0,0.0,0.0,0.0,0.0,0.0,0.0,0.0,32.668,26.949,24.742,-78,11.8
2026-06-23 06:42:16,Lobby Eléctrica,70.869,Group 1 (Common),93.945,72.837,Group 1 (Common),71.429,0.0,0.0,0.0,0.0,93.945,0.439,0.342,1.318,3.76,72.21,70.304,69.397,-86,2.0
2026-06-23 06:42:16,Laboratorios Eléctrica Superior,59.302,Mixed,44.835,64.497,Group 3 (Rotary Tool),0.0,57.285,63.764,0.0,43.819,2.995,44.835,30.382,2.734,19.097,64.937,53.973,45.084,-97,12.8
2026-06-23 06:42:25,Pasillo Decanato Civil,26.176,Silence,0.0,28.786,Silence,0.0,0.0,0.0,0.0,0.0,0.0,0.0,0.0,0.0,0.0,28.679,25.307,24.185,-108,8.5
2026-06-23 06:42:25,Salón - Uma Eléctrica,41.211,Silence,0.0,42.577,Silence,0.0,0.0,0.0,0.0,0.0,0.0,0.0,0.0,0.0,0.0,42.211,41.104,40.363,-106,8.0
2026-06-23 06:42:26,Pasillo Salones Civil,40.475,Silence,0.0,41.408,Silence,0.0,0.0,0.0,0.0,0.0,0.0,0.0,0.0,0.0,0.0,41.762,40.21,39.377,-107,5.0
2026-06-23 06:42:34,Salón - Uma Civil,40.498,Silence,0.0,41.964,Silence,0.0,0.0,0.0,0.0,0.0,0.0,0.0,0.0,0.0,0.0,41.918,39.567,38.927,-112,3.0
2026-06-23 06:42:37,Laboratorios Civil Inferior,43.446,Silence,0.0,45.841,Silence,0.0,0.0,0.0,0.0,0.0,0.0,0.0,0.0,0.0,0.0,46.691,42.73,40.866,-109,5.0
2026-06-23 06:42:41,Pasillo Decanato Eléctrica,59.336,Group 1 (Common),91.943,59.948,Group 1 (Common),59.19,0.0,0.0,0.0,0.0,91.943,4.932,0.049,1.514,1.758,60.101,59.138,58.733,-92,14.0
2026-06-23 06:42:47,Pasillo Salones Eléctrica,55.164,Mixed,52.588,55.679,Group 5 (Vehicle),55.174,0.0,0.0,0.0,55.119,39.014,5.664,0.342,2.148,52.588,55.638,55.001,54.7,-107,11.0
2026-06-23 06:42:55,Salón - Extremo Eléctrica,24.936,Silence,0.0,26.491,Silence,0.0,0.0,0.0,0.0,0.0,0.0,0.0,0.0,0.0,0.0,26.329,24.409,23.383,-79,12.0
2026-06-23 06:43:02,Laboratorios Eléctrica Centro,47.863,Group 5 (Vehicle),86.426,48.953,Group 5 (Vehicle),0.0,0.0,48.594,0.0,47.909,2.295,0.293,10.986,0.049,86.426,48.763,47.565,46.99,-89,12.0
2026-06-23 06:43:17,Laboratorios Eléctrica Inferior,48.854,Mixed,62.457,49.984,Group 1 (Common),49.297,0.0,0.0,0.0,49.094,34.592,2.17,0.174,0.608,62.457,49.619,48.966,47.605,-113,7.2
2026-06-23 06:47:01,Lobby Civil,60.829,Group 1 (Common),99.219,62.685,Group 1 (Common),61.376,0.0,0.0,0.0,0.0,99.219,0.0,0.0,0.087,0.477,62.677,61.257,57.325,-84,9.5
2026-06-23 06:47:06,Laboratorios Civil Central,53.617,Group 1 (Common),93.012,55.125,Group 1 (Common),53.618,0.0,0.0,0.0,0.0,93.012,0.0,0.0,0.0,6.771,55.253,53.611,51.936,-105,9.5
2026-06-23 06:47:08,Laboratorios Civil Superior,45.956,Group 1 (Common),79.861,46.851,Group 1 (Common),46.035,0.0,0.0,0.0,45.936,79.861,0.434,0.0,0.087,19.531,46.708,46.21,44.712,-95,10.8
2026-06-23 06:47:09,Salón - Extremo Civil,23.202,Silence,0.0,24.183,Silence,0.0,0.0,0.0,0.0,0.0,0.0,0.0,0.0,0.0,0.0,24.246,23.031,22.024,-96,7.2
2026-06-23 06:47:16,Lobby Eléctrica,64.968,Mixed,50.738,66.275,Group 1 (Common),63.453,65.226,0.0,64.056,0.0,50.738,24.74,5.816,9.505,8.941,66.307,65.076,62.585,-109,-2.8
2026-06-23 06:47:16,Laboratorios Eléctrica Superior,40.912,Silence,0.0,43.089,Silence,0.0,0.0,0.0,0.0,0.0,0.0,0.0,0.0,0.0,0.0,43.414,40.133,38.682,-97,11.2
2026-06-23 06:47:25,Pasillo Decanato Civil,28.522,Silence,0.0,29.983,Silence,0.0,0.0,0.0,0.0,0.0,0.0,0.0,0.0,0.0,0.0,29.875,28.283,26.971,-101,10.2
2026-06-23 06:47:26,Pasillo Salones Civil,40.252,Silence,0.0,40.821,Silence,0.0,0.0,0.0,0.0,0.0,0.0,0.0,0.0,0.0,0.0,40.926,40.158,39.397,-83,12.0
2026-06-23 06:47:34,Salón - Uma Civil,37.68,Silence,0.0,38.508,Silence,0.0,0.0,0.0,0.0,0.0,0.0,0.0,0.0,0.0,0.0,38.788,37.847,36.298,-93,11.5
2026-06-23 06:47:37,Laboratorios Civil Inferior,54.765,Group 1 (Common),70.139,59.185,Group 1 (Common),56.042,0.0,0.0,0.0,55.684,70.139,0.217,0.043,1.953,27.561,58.906,53.809,46.637,-107,
2026-06-23 06:47:41,Pasillo Decanato Eléctrica,59.745,Group 1 (Common),83.464,63.985,Group 1 (Common),58.229,58.57,0.0,0.0,0.0,83.464,9.635,0.0,2.04,4.948,64.897,58.26,57.537,-113,2.0
2026-06-23 06:47:47,Pasillo Salones Eléctrica,41.313,Silence,0.0,43.958,Silence,0.0,0.0,0.0,0.0,0.0,0.0,0.0,0.0,0.0,0.0,43.711,41.011,37.109,-85,11.8
2026-06-23 06:47:55,Salón - Extremo Eléctrica,32.032,Silence,0.0,34.116,Silence,0.0,0.0,0.0,0.0,0.0,0.0,0.0,0.0,0.0,0.0,33.541,32.229,30.06,-76,12.8
2026-06-23 06:48:02,Laboratorios Eléctrica Centro,51.331,Group 5 (Vehicle),91.927,52.802,Group 5 (Vehicle),51.465,0.0,0.0,0.0,50.854,7.856,0.0,0.043,0.0,91.927,52.735,51.327,49.793,-88,13.8
2026-06-23 06:48:17,Laboratorios Eléctrica Inferior,48.733,Mixed,50.564,49.713,Group 5 (Vehicle),48.755,0.0,0.0,0.0,48.897,50.564,6.858,0.087,1.649,40.799,49.313,48.688,48.203,-111,3.0
2026-06-23 06:52:01,Lobby Civil,58.5,Group 1 (Common),95.313,59.832,Group 1 (Common),58.325,0.0,0.0,0.0,0.0,95.313,2.431,0.0,0.651,1.606,59.879,58.635,55.591,-97,8.2
2026-06-23 06:52:06,Laboratorios Civil Central,52.514,Mixed,66.146,54.528,Group 1 (Common),52.135,0.0,0.0,0.0,51.904,66.146,0.781,0.0,0.477,32.509,55.206,52.421,50.993,-100,6.0
2026-06-23 06:52:11,Laboratorios Civil Superior,46.749,Mixed,53.776,49.085,Group 2 (Impact),46.483,47.416,0.0,0.0,45.377,53.776,8.116,0.043,0.868,37.109,49.838,46.132,44.965,-101,12.8
2026-06-23 06:52:11,Salón - Extremo Civil,30.307,Silence,0.0,32.667,Silence,0.0,0.0,0.0,0.0,0.0,0.0,0.0,0.0,0.0,0.0,33.437,30.271,28.067,-95,13.0
2026-06-23 06:52:16,Lobby Eléctrica,52.765,Group 1 (Common),73.047,54.414,Group 1 (Common),52.922,0.0,52.66,0.0,0.0,73.047,2.778,23.438,0.217,0.434,54.34,52.736,51.231,-94,11.3
2026-06-23 06:52:16,Laboratorios Eléctrica Superior,39.01,Silence,0.0,39.696,Silence,0.0,0.0,0.0,0.0,0.0,0.0,0.0,0.0,0.0,0.0,39.805,38.989,38.354,-90,12.0
2026-06-23 06:52:25,Pasillo Decanato Civil,24.23,Silence,0.0,26.104,Silence,0.0,0.0,0.0,0.0,0.0,0.0,0.0,0.0,0.0,0.0,24.831,24.136,23.261,-97,11.8
2026-06-23 06:52:25,Salón - Uma Eléctrica,41.177,Silence,0.0,42.008,Silence,0.0,0.0,0.0,0.0,0.0,0.0,0.0,0.0,0.0,0.0,41.945,41.176,40.471,-98,11.0
2026-06-23 06:52:26,Pasillo Salones Civil,44.428,Silence,0.0,52.322,Silence,0.0,0.0,0.0,0.0,0.0,0.0,0.0,0.0,0.0,0.0,49.158,43.145,40.787,-105,10.5
2026-06-23 06:52:34,Salón - Uma Civil,39.876,Silence,0.0,41.916,Silence,0.0,0.0,0.0,0.0,0.0,0.0,0.0,0.0,0.0,0.0,41.728,40.098,37.51,-117,-2.0
2026-06-23 06:52:37,Laboratorios Civil Inferior,40.989,Silence,0.0,42.516,Silence,0.0,0.0,0.0,0.0,0.0,0.0,0.0,0.0,0.0,0.0,41.935,40.753,40.3,-112,2.8
2026-06-23 06:52:41,Pasillo Decanato Eléctrica,60.65,Group 1 (Common),76.649,62.818,Group 1 (Common),59.529,60.684,0.0,0.0,0.0,76.649,16.189,0.0,7.205,0.087,63.422,59.949,58.436,-91,12.8
2026-06-23 06:52:47,Pasillo Salones Eléctrica,41.239,Silence,0.0,45.413,Silence,0.0,0.0,0.0,0.0,0.0,0.0,0.0,0.0,0.0,0.0,45.303,40.294,36.776,-107,10.0
2026-06-23 06:52:55,Salón - Extremo Eléctrica,27.338,Silence,0.0,29.965,Silence,0.0,0.0,0.0,0.0,0.0,0.0,0.0,0.0,0.0,0.0,29.971,27.085,25.921,-96,11.2
2026-06-23 06:53:02,Laboratorios Eléctrica Centro,45.971,Group 5 (Vehicle),92.708,46.696,Group 5 (Vehicle),0.0,0.0,0.0,0.0,46.119,1.693,0.477,4.948,0.0,92.708,46.522,45.878,45.452,-95,10.0
2026-06-23 06:53:17,Laboratorios Eléctrica Inferior,49.197,Mixed,52.257,50.195,Group 1 (Common),49.474,0.0,0.0,0.0,49.081,45.356,1.693,0.0,0.738,52.257,49.939,49.065,48.309,-113,2.3
2026-06-23 06:57:01,Lobby Civil,57.274,Group 1 (Common),90.885,58.987,Group 1 (Common),56.776,0.0,0.0,0.0,0.0,90.885,0.477,0.0,0.347,8.203,58.9,57.384,54.657,-103,10.5
2026-06-23 06:57:06,Laboratorios Civil Central,54.566,Group 1 (Common),98.828,55.689,Group 1 (Common),54.417,0.0,0.0,0.0,0.0,98.828,0.0,0.0,0.0,0.955,55.92,54.379,53.18,-101,9.2
2026-06-23 06:57:08,Laboratorios Civil Superior,49.622,Group 1 (Common),98.655,51.259,Group 1 (Common),49.558,0.0,0.0,0.0,0.0,98.655,0.217,0.217,0.13,0.825,51.505,49.719,47.485,-95,12.0
2026-06-23 06:57:09,Salón - Extremo Civil,21.602,Silence,0.0,23.869,Silence,0.0,0.0,0.0,0.0,0.0,0.0,0.0,0.0,0.0,0.0,23.437,21.254,20.165,-78,13.0
2026-06-23 06:57:16,Lobby Eléctrica,52.856,Group 1 (Common),71.528,54.622,Group 1 (Common),52.584,0.0,50.804,0.0,0.0,71.528,12.457,7.031,7.943,1.042,55.101,52.403,49.477,-115,-4.5
2026-06-23 06:57:22,Laboratorios Eléctrica Superior,46.858,Mixed,55.903,60.586,Group 5 (Vehicle),45.067,47.009,0.0,0.0,58.358,16.102,55.903,3.168,0.043,24.696,53.948,45.308,40.792,-90,11.3
2026-06-23 06:57:25,Pasillo Decanato Civil,26.304,Silence,0.0,28.174,Silence,0.0,0.0,0.0,0.0,0.0,0.0,0.0,0.0,0.0,0.0,27.89,26.464,24.378,-82,12.8
2026-06-23 06:57:25,Salón - Uma Eléctrica,43.99,Silence,0.0,45.75,Silence,0.0,0.0,0.0,0.0,0.0,0.0,0.0,0.0,0.0,0.0,46.08,43.374,42.413,-97,11.5
2026-06-23 06:57:26,Pasillo Salones Civil,44.794,Silence,0.0,48.001,Silence,0.0,0.0,0.0,0.0,0.0,0.0,0.0,0.0,0.0,0.0,48.493,42.656,40.506,-82,12.8
2026-06-23 06:57:34,Salón - Uma Civil,37.737,Silence,0.0,39.201,Silence,0.0,0.0,0.0,0.0,0.0,0.0,0.0,0.0,0.0,0.0,39.164,37.697,36.7,-114,
2026-06-23 06:57:37,Laboratorios Civil Inferior,49.634,Mixed,52.648,51.655,Group 5 (Vehicle),49.25,0.0,0.0,0.0,50.953,52.648,14.497,1.215,1.78,29.818,52.541,48.905,47.41,-111,3.0
2026-06-23 06:57:41,Pasillo Decanato Eléctrica,58.667,Group 1 (Common),72.135,59.292,Group 1 (Common),58.754,58.816,0.0,0.0,0.0,72.135,22.396,0.0,4.297,1.215,59.329,58.653,57.499,-91,10.8
2026-06-23 06:57:47,Pasillo Salones Eléctrica,34.738,Silence,0.0,36.509,Silence,0.0,0.0,0.0,0.0,0.0,0.0,0.0,0.0,0.0,0.0,35.926,35.058,33.505,-83,10.8
2026-06-23 06:57:55,Salón - Extremo Eléctrica,38.018,Silence,0.0,39.589,Silence,0.0,0.0,0.0,0.0,0.0,0.0,0.0,0.0,0.0,0.0,40.456,38.196,35.119,-76,15.0
2026-06-23 06:58:02,Laboratorios Eléctrica Centro,46.592,Group 5 (Vehicle),74.002,47.443,Group 5 (Vehicle),0.0,46.038,46.7,0.0,46.533,1.389,9.766,14.844,0.0,74.002,48.09,46.585,45.64,-115,
2026-06-23 06:58:17,Laboratorios Eléctrica Inferior,50.001,Mixed,53.038,51.599,Group 2 (Impact),49.602,50.796,0.0,0.0,50.076,27.17,15.538,0.738,3.559,53.038,51.503,49.725,49.136,-110,4.3
2026-06-23 07:02:01,Lobby Civil,56.048,Mixed,66.016,57.41,Group 1 (Common),56.119,55.328,0.0,0.0,55.593,66.016,18.018,0.0,1.709,14.111,57.428,55.482,55.377,-79,12.0
2026-06-23 07:02:06,Laboratorios Civil Central,54.373,Group 1 (Common),96.832,55.598,Group 1 (Common),54.151,0.0,0.0,0.0,0.0,96.832,0.0,0.0,0.043,3.038,55.529,54.192,53.112,-109,10.0
2026-06-23 07:02:08,Laboratorios Civil Superior,46.541,Group 1 (Common),88.628,47.521,Group 1 (Common),46.404,0.0,0.0,0.0,0.0,88.628,0.781,0.217,0.13,10.113,47.33,46.536,45.841,-89,9.5
2026-06-23 07:02:09,Salón - Extremo Civil,52.315,Mixed,34.028,59.804,Group 5 (Vehicle),50.904,55.119,0.0,51.875,59.455,23.655,21.354,1.476,34.028,19.488,57.307,49.63,42.336,-95,12.2
2026-06-23 07:02:16,Lobby Eléctrica,63.88,Group 1 (Common),81.597,68.609,Group 1 (Common),64.547,0.0,0.0,63.817,0.0,81.597,0.0,0.391,9.722,8.116,69.205,61.794,53.695,-86,13.8
2026-06-23 07:02:16,Laboratorios Eléctrica Superior,67.871,Mixed,40.625,71.131,Group 3 (Rotary Tool),0.0,63.552,68.408,0.0,63.898,0.586,40.625,28.906,3.906,26.123,71.511,63.546,62.529,-99,11.2
2026-06-23 07:02:25,Pasillo Decanato Civil,25.802,Silence,0.0,26.995,Silence,0.0,0.0,0.0,0.0,0.0,0.0,0.0,0.0,0.0,0.0,27.392,25.568,24.912,-103,10.2
2026-06-23 07:02:31,Salón - Uma Eléctrica,41.406,Silence,0.0,42.269,Silence,0.0,0.0,0.0,0.0,0.0,0.0,0.0,0.0,0.0,0.0,42.063,41.372,40.777,-101,10.8
2026-06-23 07:02:31,Pasillo Salones Civil,42.905,Silence,0.0,44.683,Silence,0.0,0.0,0.0,0.0,0.0,0.0,0.0,0.0,0.0,0.0,45.124,42.617,40.875,-82,12.3
2026-06-23 07:02:34,Salón - Uma Civil,51.482,Mixed,50.477,55.577,Group 1 (Common),53.723,46.581,0.0,0.0,50.346,50.477,33.073,0.26,4.905,11.198,56.312,50.06,43.776,-103,7.8
2026-06-23 07:02:37,Laboratorios Civil Inferior,49.013,Group 1 (Common),81.771,53.517,Group 1 (Common),50.487,0.0,0.0,0.0,50.076,81.771,1.693,0.087,0.608,15.668,52.959,47.987,44.37,-107,8.8
2026-06-23 07:02:41,Pasillo Decanato Eléctrica,59.801,Mixed,54.427,60.399,Group 1 (Common),59.807,59.79,0.0,0.0,0.0,54.427,32.856,0.043,5.165,7.552,60.402,59.952,58.811,-90,9.5
2026-06-23 07:02:47,Pasillo Salones Eléctrica,41.258,Silence,0.0,44.587,Silence,0.0,0.0,0.0,0.0,0.0,0.0,0.0,0.0,0.0,0.0,44.775,39.757,38.571,-103,8.8
2026-06-23 07:02:55,Salón - Extremo Eléctrica,35.329,Silence,0.0,36.126,Silence,0.0,0.0,0.0,0.0,0.0,0.0,0.0,0.0,0.0,0.0,36.034,35.422,34.005,-76,12.5
2026-06-23 07:03:02,Laboratorios Eléctrica Centro,70.176,Group 5 (Vehicle),83.507,75.667,Group 5 (Vehicle),70.789,0.0,0.0,0.0,72.027,13.498,0.347,0.477,2.214,83.507,73.1,68.854,68.108,-115,1.2
2026-06-23 07:03:17,Laboratorios Eléctrica Inferior,60.267,Group 5 (Vehicle),95.92,61.005,Group 5 (Vehicle),0.0,0.0,0.0,0.0,60.242,3.385,0.13,0.0,0.521,95.92,61.237,60.309,59.69,-115,-5.8
2026-06-23 07:07:01,Lobby Civil,58.791,Group 1 (Common),70.182,60.228,Group 1 (Common),58.394,0.0,0.0,0.0,58.76,70.182,6.684,0.13,3.212,19.792,60.096,58.601,58.045,-82,12.3
2026-06-23 07:07:06,Laboratorios Civil Central,52.887,Group 1 (Common),86.936,53.981,Group 1 (Common),53.116,0.0,0.0,0.0,0.0,86.936,0.174,0.0,0.087,12.76,53.909,52.727,51.639,-101,5.5
2026-06-23 07:07:08,Laboratorios Civil Superior,45.339,Mixed,68.837,46.067,Group 1 (Common),45.552,0.0,0.0,0.0,0.0,68.837,1.345,3.038,0.13,26.476,46.346,45.355,44.55,-90,12.5
2026-06-23 07:07:09,Salón - Extremo Civil,27.135,Silence,0.0,31.91,Silence,0.0,0.0,0.0,0.0,0.0,0.0,0.0,0.0,0.0,0.0,32.364,25.568,22.0,-77,12.3
2026-06-23 07:07:16,Lobby Eléctrica,50.209,Mixed,63.151,51.399,Group 1 (Common),50.633,0.0,50.008,0.0,0.0,63.151,5.729,30.122,0.347,0.738,51.168,50.06,49.583,-114,1.2
2026-06-23 07:07:16,Laboratorios Eléctrica Superior,39.12,Silence,0.0,40.271,Silence,0.0,0.0,0.0,0.0,0.0,0.0,0.0,0.0,0.0,0.0,40.398,38.954,37.926,-90,11.5
2026-06-23 07:07:25,Pasillo Decanato Civil,26.685,Silence,0.0,27.938,Silence,0.0,0.0,0.0,0.0,0.0,0.0,0.0,0.0,0.0,0.0,28.234,27.17,23.904,-89,12.0
2026-06-23 07:07:25,Salón - Uma Eléctrica,44.766,Silence,0.0,46.3,Silence,0.0,0.0,0.0,0.0,0.0,0.0,0.0,0.0,0.0,0.0,47.001,44.43,43.399,-104,9.5
2026-06-23 07:07:26,Pasillo Salones Civil,44.62,Silence,0.0,47.128,Silence,0.0,0.0,0.0,0.0,0.0,0.0,0.0,0.0,0.0,0.0,47.88,44.035,42.027,-103,10.2
2026-06-23 07:07:34,Salón - Uma Civil,55.903,Mixed,69.227,61.97,Group 3 (Rotary Tool),0.0,48.331,61.508,0.0,0.0,0.434,69.227,20.964,5.512,4.036,63.577,42.333,37.75,-98,13.0
2026-06-23 07:07:39,Laboratorios Civil Inferior,42.895,Silence,0.0,43.603,Silence,0.0,0.0,0.0,0.0,0.0,0.0,0.0,0.0,0.0,0.0,43.394,42.958,42.255,-111,4.5
2026-06-23 07:07:41,Pasillo Decanato Eléctrica,58.371,Mixed,47.005,58.967,Group 1 (Common),58.272,58.223,0.0,0.0,0.0,45.009,47.005,0.0,3.819,4.123,58.973,58.278,57.785,-92,12.5
2026-06-23 07:07:47,Pasillo Salones Eléctrica,52.15,Group 2 (Impact),86.068,57.678,Group 2 (Impact),0.0,52.436,0.0,0.0,0.0,4.861,86.068,0.13,1.78,7.161,59.194,47.851,44.954,-82,13.0
2026-06-23 07:07:55,Salón - Extremo Eléctrica,26.956,Silence,0.0,28.711,Silence,0.0,0.0,0.0,0.0,0.0,0.0,0.0,0.0,0.0,0.0,29.495,26.427,25.808,-77,11.8
2026-06-23 07:08:02,Laboratorios Eléctrica Centro,45.494,Group 5 (Vehicle),72.83,46.047,Group 3 (Rotary Tool),0.0,0.0,45.856,0.0,45.506,5.512,0.043,21.311,0.043,72.83,46.277,45.471,44.839,-94,11.8
2026-06-23 07:08:17,Laboratorios Eléctrica Inferior,49.315,Group 5 (Vehicle),90.104,50.2,Group 5 (Vehicle),0.0,0.0,0.0,0.0,49.332,8.203,0.608,0.217,0.868,90.104,50.507,49.36,48.506,-107,4.0
2026-06-23 07:12:01,Lobby Civil,59.547,Mixed,39.67,62.781,Group 4 (Person),59.006,58.325,0.0,61.057,57.84,39.67,18.793,2.214,8.984,30.469,62.43,58.415,57.151,-82,14.8
2026-06-23 07:12:06,Laboratorios Civil Central,53.748,Group 1 (Common),94.141,54.804,Group 1 (Common),53.817,0.0,0.0,0.0,0.0,94.141,0.825,0.0,0.521,4.688,55.058,53.607,53.007,-103,10.2
2026-06-23 07:12:08,Laboratorios Civil Superior,51.995,Mixed,36.589,54.473,Group 1 (Common),52.638,51.721,0.0,0.0,51.893,31.944,25.477,1.302,4.731,36.589,54.784,51.87,49.25,-91,12.3
2026-06-23 07:12:09,Salón - Extremo Civil,28.701,Silence,0.0,35.157,Silence,0.0,0.0,0.0,0.0,0.0,0.0,0.0,0.0,0.0,0.0,30.496,28.149,27.661,-90,10.2
2026-06-23 07:12:16,Lobby Eléctrica,57.561,Group 1 (Common),99.609,58.369,Group 1 (Common),57.488,0.0,0.0,0.0,0.0,99.609,0.0,0.043,0.043,0.0,58.511,57.667,56.48,-87,13.0
2026-06-23 07:12:16,Laboratorios Eléctrica Superior,39.293,Silence,0.0,40.292,Silence,0.0,0.0,0.0,0.0,0.0,0.0,0.0,0.0,0.0,0.0,40.259,39.284,37.762,-91,12.0
2026-06-23 07:12:25,Pasillo Decanato Civil,56.313,Group 1 (Common),99.609,57.149,Group 1 (Common),56.352,0.0,0.0,0.0,0.0,99.609,0.0,0.0,0.087,0.0,57.066,56.299,55.324,-97,11.8
2026-06-23 07:12:25,Salón - Uma Eléctrica,41.148,Silence,0.0,41.709,Silence,0.0,0.0,0.0,0.0,0.0,0.0,0.0,0.0,0.0,0.0,41.627,41.002,40.829,-99,10.5
2026-06-23 07:12:26,Pasillo Salones Civil,45.78,Mixed,50.304,48.054,Group 1 (Common),45.636,46.226,0.0,0.0,46.185,29.47,50.304,0.998,3.038,16.146,48.59,45.939,42.682,-82,9.5
2026-06-23 07:12:34,Salón - Uma Civil,38.494,Silence,0.0,40.542,Silence,0.0,0.0,0.0,0.0,0.0,0.0,0.0,0.0,0.0,0.0,40.335,38.181,36.869,-92,12.3
2026-06-23 07:12:37,Laboratorios Civil Inferior,47.316,Mixed,53.819,48.401,Group 2 (Impact),47.422,46.473,0.0,0.0,0.0,42.274,53.819,0.0,2.083,1.693,48.988,47.342,45.291,-109,6.8
2026-06-23 07:12:41,Pasillo Decanato Eléctrica,58.315,Group 1 (Common),93.924,58.796,Group 1 (Common),58.376,0.0,0.0,0.0,0.0,93.924,2.474,0.043,0.955,2.604,58.99,58.248,57.785,-113,-0.2
2026-06-23 07:12:47,Pasillo Salones Eléctrica,45.052,Mixed,55.903,49.008,Group 4 (Person),44.536,0.0,0.0,47.661,0.0,55.903,16.102,8.203,19.748,0.0,49.698,44.86,39.854,-107,10.5
2026-06-23 07:12:55,Salón - Extremo Eléctrica,36.606,Silence,0.0,38.669,Silence,0.0,0.0,0.0,0.0,0.0,0.0,0.0,0.0,0.0,0.0,38.664,37.137,30.972,-117,-14.3
2026-06-23 07:13:02,Laboratorios Eléctrica Centro,46.599,Group 5 (Vehicle),81.12,47.359,Group 5 (Vehicle),0.0,46.495,0.0,0.0,46.705,0.347,4.123,14.497,0.0,81.12,47.193,46.59,45.996,-88,11.3
2026-06-23 07:13:17,Laboratorios Eléctrica Inferior,48.95,Mixed,61.372,49.456,Group 5 (Vehicle),49.104,0.0,0.0,0.0,49.43,61.372,9.766,0.0,1.259,27.517,49.74,49.031,48.263,-110,3.0
2026-06-23 07:17:01,Lobby Civil,57.888,Group 1 (Common),74.783,61.877,Group 1 (Common),58.458,0.0,0.0,0.0,57.924,74.783,6.771,0.043,2.517,15.972,59.051,57.848,56.755,-83,12.3
2026-06-23 07:17:06,Laboratorios Civil Central,56.163,Group 1 (Common),72.656,57.485,Group 1 (Common),55.68,0.0,0.0,0.0,0.0,72.656,3.223,0.146,1.807,22.07,57.612,56.517,53.403,-90,12.0
2026-06-23 07:17:08,Laboratorios Civil Superior,61.501,Group 1 (Common),74.707,64.533,Group 1 (Common),60.802,0.0,0.0,0.0,55.381,74.707,1.953,0.0,4.297,18.994,65.107,60.569,47.883,-89,10.3
2026-06-23 07:17:09,Salón - Extremo Civil,25.214,Silence,0.0,26.458,Silence,0.0,0.0,0.0,0.0,0.0,0.0,0.0,0.0,0.0,0.0,26.468,25.391,23.409,-95,13.5
2026-06-23 07:17:16,Lobby Eléctrica,66.207,Mixed,64.746,70.045,Group 4 (Person),65.684,0.0,0.0,67.892,0.0,33.984,1.221,0.0,64.746,0.0,69.326,64.804,63.425,-95,12.5
2026-06-23 07:17:16,Laboratorios Eléctrica Superior,39.95,Silence,0.0,41.202,Silence,0.0,0.0,0.0,0.0,0.0,0.0,0.0,0.0,0.0,0.0,41.176,39.797,38.999,-97,11.8
2026-06-23 07:17:25,Pasillo Decanato Civil,57.326,Group 1 (Common),97.705,58.711,Group 1 (Common),57.511,0.0,0.0,0.0,0.0,97.705,0.0,0.049,0.342,1.807,58.325,57.401,55.854,-81,11.5
2026-06-23 07:17:25,Salón - Uma Eléctrica,40.951,Silence,0.0,41.497,Silence,0.0,0.0,0.0,0.0,0.0,0.0,0.0,0.0,0.0,0.0,41.358,40.984,40.276,-103,8.3
2026-06-23 07:17:26,Pasillo Salones Civil,44.431,Silence,0.0,45.3,Silence,0.0,0.0,0.0,0.0,0.0,0.0,0.0,0.0,0.0,0.0,45.463,44.52,42.586,-80,12.3
2026-06-23 07:17:34,Salón - Uma Civil,37.265,Silence,0.0,38.689,Silence,0.0,0.0,0.0,0.0,0.0,0.0,0.0,0.0,0.0,0.0,38.535,36.94,36.352,-97,12.0
2026-06-23 07:17:37,Laboratorios Civil Inferior,56.658,Mixed,42.448,62.646,Group 1 (Common),57.869,44.719,0.0,0.0,0.0,38.498,42.448,1.91,2.04,15.061,63.544,46.117,41.276,-108,8.5
2026-06-23 07:17:41,Pasillo Decanato Eléctrica,63.938,Group 1 (Common),91.884,67.4,Group 1 (Common),63.99,0.0,0.0,0.0,0.0,91.884,0.347,0.0,0.217,7.552,69.044,63.064,58.235,-115,-3.2
2026-06-23 07:17:47,Pasillo Salones Eléctrica,36.058,Silence,0.0,38.16,Silence,0.0,0.0,0.0,0.0,0.0,0.0,0.0,0.0,0.0,0.0,38.571,35.303,34.767,-83,10.5
2026-06-23 07:17:55,Salón - Extremo Eléctrica,28.977,Silence,0.0,33.832,Silence,0.0,0.0,0.0,0.0,0.0,0.0,0.0,0.0,0.0,0.0,36.136,26.659,24.908,-97,11.0
2026-06-23 07:18:02,Laboratorios Eléctrica Centro,55.989,Mixed,60.205,57.435,Group 5 (Vehicle),55.577,56.543,0.0,0.0,55.501,12.891,20.801,1.709,4.199,60.205,57.675,56.183,51.788,-114,-1.2
2026-06-23 07:18:17,Laboratorios Eléctrica Inferior,63.43,Group 5 (Vehicle),82.726,64.41,Group 5 (Vehicle),0.0,0.0,0.0,0.0,63.714,5.425,5.252,1.042,5.469,82.726,63.888,63.577,62.459,-109,4.0
2026-06-23 07:22:01,Lobby Civil,62.286,Group 1 (Common),89.887,64.204,Group 1 (Common),62.804,0.0,0.0,0.0,0.0,89.887,0.087,0.0,0.0,9.896,64.472,61.243,60.384,-91,14.5
2026-06-23 07:22:06,Laboratorios Civil Central,59.802,Mixed,59.521,63.099,Group 1 (Common),59.885,55.325,0.0,0.0,57.071,59.521,10.693,0.0,3.418,26.221,63.779,57.685,53.732,-101,11.8
2026-06-23 07:22:08,Laboratorios Civil Superior,48.901,Mixed,53.857,50.578,Group 1 (Common),49.191,0.0,0.0,0.0,48.053,53.857,0.0,0.0,0.0,46.094,50.559,48.808,46.934,-91,12.5
2026-06-23 07:22:09,Salón - Extremo Civil,37.801,Silence,0.0,42.486,Silence,0.0,0.0,0.0,0.0,0.0,0.0,0.0,0.0,0.0,0.0,44.137,32.975,25.443,-81,11.8
2026-06-23 07:22:16,Lobby Eléctrica,51.322,Mixed,57.666,52.738,Group 1 (Common),52.26,51.55,50.896,0.0,0.0,19.189,22.852,57.666,0.195,0.146,52.497,50.946,50.235,-110,
2026-06-23 07:22:16,Laboratorios Eléctrica Superior,69.82,Group 5 (Vehicle),93.056,70.391,Group 5 (Vehicle),0.0,0.0,0.0,0.0,69.861,1.172,2.04,1.953,1.693,93.056,70.317,69.888,69.265,-90,11.3
2026-06-23 07:22:25,Pasillo Decanato Civil,65.448,Group 1 (Common),73.34,68.551,Group 1 (Common),64.609,0.0,0.0,64.921,0.0,73.34,0.0,0.0,26.563,0.0,69.252,64.043,62.487,-81,14.0
2026-06-23 07:22:25,Salón - Uma Eléctrica,51.348,Group 2 (Impact),81.554,56.81,Group 2 (Impact),46.328,51.39,0.0,0.0,0.0,9.852,81.554,0.043,1.476,6.944,59.117,47.233,43.551,-101,10.5
2026-06-23 07:22:26,Pasillo Salones Civil,50.439,Mixed,58.301,54.653,Group 1 (Common),52.323,46.593,0.0,0.0,0.0,58.301,27.686,11.523,1.709,0.732,54.073,50.406,44.259,-81,13.0
2026-06-23 07:22:34,Salón - Uma Civil,40.721,Silence,0.0,43.187,Silence,0.0,0.0,0.0,0.0,0.0,0.0,0.0,0.0,0.0,0.0,43.446,39.075,35.825,-112,2.0
2026-06-23 07:22:37,Laboratorios Civil Inferior,43.416,Silence,0.0,46.067,Silence,0.0,0.0,0.0,0.0,0.0,0.0,0.0,0.0,0.0,0.0,46.41,41.766,40.252,-108,7.8
2026-06-23 07:22:41,Pasillo Decanato Eléctrica,58.519,Group 1 (Common),96.354,59.219,Group 1 (Common),58.441,0.0,0.0,0.0,0.0,96.354,2.17,0.0,0.651,1.042,59.053,58.682,57.616,-93,11.3
2026-06-23 07:22:47,Pasillo Salones Eléctrica,42.404,Silence,0.0,44.654,Silence,0.0,0.0,0.0,0.0,0.0,0.0,0.0,0.0,0.0,0.0,44.891,42.212,40.219,-84,14.0
2026-06-23 07:22:55,Salón - Extremo Eléctrica,31.784,Silence,0.0,34.524,Silence,0.0,0.0,0.0,0.0,0.0,0.0,0.0,0.0,0.0,0.0,35.335,31.206,28.09,-74,15.0
2026-06-23 07:23:02,Laboratorios Eléctrica Centro,56.753,Group 5 (Vehicle),78.418,57.145,Group 5 (Vehicle),56.786,0.0,0.0,0.0,56.74,15.576,2.93,1.025,2.002,78.418,57.127,56.743,56.338,-109,-4.0
2026-06-23 07:23:17,Laboratorios Eléctrica Inferior,59.931,Group 5 (Vehicle),89.258,60.395,Group 5 (Vehicle),59.79,0.0,0.0,0.0,59.941,9.326,0.488,0.0,0.928,89.258,60.255,59.92,59.508,-111,5.5
2026-06-23 07:27:01,Lobby Civil,60.011,Group 1 (Common),99.609,62.28,Group 1 (Common),59.998,0.0,0.0,0.0,0.0,99.609,0.0,0.0,0.0,0.0,62.669,59.321,53.454,-98,11.8
2026-06-23 07:27:06,Laboratorios Civil Central,54.097,Group 1 (Common),81.554,55.208,Group 1 (Common),53.863,0.0,0.0,0.0,0.0,81.554,0.174,0.0,0.087,18.056,55.054,54.194,52.306,-89,12.0
2026-06-23 07:27:08,Laboratorios Civil Superior,46.507,Mixed,59.158,47.49,Group 5 (Vehicle),46.816,0.0,0.0,0.0,47.242,59.158,0.0,0.0,0.087,40.668,47.361,46.741,44.857,-101,11.5
2026-06-23 07:27:09,Salón - Extremo Civil,31.39,Silence,0.0,33.012,Silence,0.0,0.0,0.0,0.0,0.0,0.0,0.0,0.0,0.0,0.0,33.046,31.241,29.292,-95,13.0
2026-06-23 07:27:16,Lobby Eléctrica,57.151,Group 1 (Common),76.693,60.863,Group 1 (Common),55.855,57.429,0.0,0.0,0.0,76.693,15.191,3.602,0.911,3.516,62.24,55.815,53.079,-86,11.0
2026-06-23 07:27:16,Laboratorios Eléctrica Superior,41.731,Silence,0.0,43.092,Silence,0.0,0.0,0.0,0.0,0.0,0.0,0.0,0.0,0.0,0.0,43.745,41.315,39.684,-94,13.5
2026-06-23 07:27:25,Pasillo Decanato Civil,56.73,Group 1 (Common),99.609,58.448,Group 1 (Common),56.553,0.0,0.0,0.0,0.0,99.609,0.0,0.0,0.0,0.0,58.434,56.311,54.639,-83,12.3
2026-06-23 07:27:25,Salón - Uma Eléctrica,48.566,Group 2 (Impact),72.998,53.429,Group 4 (Person),0.0,41.87,0.0,51.099,0.0,0.195,72.998,0.0,26.367,0.195,53.948,41.443,40.463,-100,11.0
2026-06-23 07:27:26,Pasillo Salones Civil,39.943,Silence,0.0,42.591,Silence,0.0,0.0,0.0,0.0,0.0,0.0,0.0,0.0,0.0,0.0,41.217,39.723,38.849,-107,7.2
2026-06-23 07:27:34,Salón - Uma Civil,45.843,Mixed,42.188,54.009,Group 4 (Person),49.085,44.959,0.0,52.692,49.169,22.179,42.188,0.043,28.212,7.292,51.531,42.676,38.674,-115,0.5
2026-06-23 07:27:37,Laboratorios Civil Inferior,52.517,Mixed,62.023,64.298,Group 1 (Common),64.171,52.93,0.0,0.0,0.0,16.45,62.023,2.778,6.207,12.37,58.681,49.753,41.849,-117,-10.0
2026-06-23 07:27:41,Pasillo Decanato Eléctrica,58.08,Group 1 (Common),90.088,58.525,Group 1 (Common),57.925,0.0,0.0,0.0,0.0,90.088,1.514,0.0,1.367,7.08,58.431,58.111,57.267,-113,-6.8
2026-06-23 07:27:47,Pasillo Salones Eléctrica,58.307,Mixed,66.493,64.425,Group 4 (Person),57.154,0.0,0.0,64.11,60.736,66.493,0.868,7.075,16.536,9.028,61.849,57.627,55.453,-83,12.5
2026-06-23 07:27:55,Salón - Extremo Eléctrica,35.899,Silence,0.0,39.732,Silence,0.0,0.0,0.0,0.0,0.0,0.0,0.0,0.0,0.0,0.0,40.543,34.169,31.065,-82,12.3
2026-06-23 07:28:02,Laboratorios Eléctrica Centro,54.396,Mixed,68.62,54.878,Group 3 (Rotary Tool),0.0,54.241,54.282,0.0,0.0,0.0,23.003,68.62,0.391,8.073,55.01,54.247,53.963,-111,2.0
2026-06-23 07:28:17,Laboratorios Eléctrica Inferior,51.845,Group 5 (Vehicle),79.15,53.075,Group 2 (Impact),0.0,52.928,0.0,0.0,52.138,0.098,10.205,8.447,2.148,79.15,52.642,51.826,50.779,-115,-2.3
2026-06-23 07:32:01,Lobby Civil,64.491,Mixed,35.981,70.143,Group 4 (Person),60.586,61.913,0.0,63.797,61.738,35.981,13.194,0.781,22.352,27.474,71.258,61.569,57.554,-94,12.0
2026-06-23 07:32:06,Laboratorios Civil Central,54.425,Mixed,58.247,56.929,Group 2 (Impact),53.389,56.103,0.0,0.0,0.0,58.247,24.045,0.087,3.385,14.063,57.923,53.345,52.418,-107,9.0
2026-06-23 07:32:08,Laboratorios Civil Superior,44.959,Silence,0.0,45.957,Silence,0.0,0.0,0.0,0.0,0.0,0.0,0.0,0.0,0.0,0.0,46.198,44.574,44.269,-90,11.8
2026-06-23 07:32:09,Salón - Extremo Civil,40.754,Silence,0.0,44.177,Silence,0.0,0.0,0.0,0.0,0.0,0.0,0.0,0.0,0.0,0.0,45.616,38.725,36.666,-93,11.0
2026-06-23 07:32:16,Lobby Eléctrica,53.307,Group 1 (Common),71.354,56.99,Group 1 (Common),52.585,0.0,0.0,0.0,52.737,71.354,0.608,3.646,1.736,22.7,56.391,52.447,50.459,-94,11.0
2026-06-23 07:32:16,Laboratorios Eléctrica Superior,39.862,Silence,0.0,42.712,Silence,0.0,0.0,0.0,0.0,0.0,0.0,0.0,0.0,0.0,0.0,43.48,39.05,38.279,-90,7.8
2026-06-23 07:32:25,Pasillo Decanato Civil,56.098,Group 1 (Common),99.609,56.906,Group 1 (Common),56.253,0.0,0.0,0.0,0.0,99.609,0.0,0.0,0.0,0.0,56.999,56.2,54.545,-96,11.5
2026-06-23 07:32:25,Salón - Uma Eléctrica,66.391,Group 4 (Person),73.828,68.752,Group 1 (Common),67.787,0.0,0.0,66.919,0.0,26.042,0.0,0.0,73.828,0.0,68.646,66.217,61.763,-105,1.5
2026-06-23 07:32:26,Pasillo Salones Civil,47.871,Mixed,53.646,50.341,Group 1 (Common),47.862,46.353,0.0,0.0,0.0,53.646,37.457,0.911,1.997,6.076,51.572,47.009,45.633,-109,6.0
2026-06-23 07:32:34,Salón - Uma Civil,45.881,Group 2 (Impact),93.316,49.659,Group 2 (Impact),0.0,44.88,0.0,0.0,0.0,2.344,93.316,0.0,3.906,0.564,50.35,43.598,41.288,-93,12.5
2026-06-23 07:32:37,Laboratorios Civil Inferior,44.53,Silence,0.0,45.545,Silence,0.0,0.0,0.0,0.0,0.0,0.0,0.0,0.0,0.0,0.0,45.768,44.405,43.144,-107,8.5
2026-06-23 07:32:41,Pasillo Decanato Eléctrica,58.356,Group 1 (Common),99.045,59.262,Group 1 (Common),58.494,0.0,0.0,0.0,0.0,99.045,0.434,0.0,0.304,0.304,58.987,58.243,57.976,-113,-3.5
2026-06-23 07:32:47,Pasillo Salones Eléctrica,45.566,Mixed,64.41,49.069,Group 1 (Common),49.088,46.092,48.135,0.0,0.0,10.851,64.41,18.663,0.13,6.076,49.889,45.155,38.285,-83,12.3
2026-06-23 07:32:55,Salón - Extremo Eléctrica,31.033,Silence,0.0,40.821,Silence,0.0,0.0,0.0,0.0,0.0,0.0,0.0,0.0,0.0,0.0,38.725,26.063,22.954,-95,6.5
2026-06-23 07:33:02,Laboratorios Eléctrica Centro,47.202,Mixed,55.903,47.714,Group 2 (Impact),0.0,47.302,0.0,0.0,47.218,1.432,55.903,1.563,3.082,38.064,47.717,47.163,46.868,-115,-0.8
2026-06-23 07:33:17,Laboratorios Eléctrica Inferior,50.195,Mixed,39.54,52.246,Group 5 (Vehicle),50.088,0.0,0.0,0.0,51.842,37.413,13.715,0.304,9.158,39.54,51.708,50.13,48.131,-111,7.2
2026-06-23 07:37:01,Lobby Civil,61.6,Group 1 (Common),95.052,66.094,Group 1 (Common),62.767,0.0,0.0,0.0,0.0,95.052,0.13,0.0,1.519,3.342,66.457,60.839,54.618,-96,11.0
2026-06-23 07:37:06,Laboratorios Civil Central,55.35,Group 1 (Common),88.064,56.587,Group 1 (Common),55.316,0.0,0.0,0.0,55.575,88.064,0.0,0.0,0.087,11.762,56.845,55.256,53.671,-102,9.5
2026-06-23 07:37:08,Laboratorios Civil Superior,50.733,Group 1 (Common),99.089,52.796,Group 1 (Common),50.853,0.0,0.0,0.0,0.0,99.089,0.087,0.0,0.0,0.694,52.923,50.5,48.513,-95,13.0
2026-06-23 07:37:09,Salón - Extremo Civil,43.546,Silence,0.0,48.945,Silence,0.0,0.0,0.0,0.0,0.0,0.0,0.0,0.0,0.0,0.0,48.458,42.377,33.897,-79,13.3
2026-06-23 07:37:16,Lobby Eléctrica,55.293,Group 1 (Common),99.566,57.729,Group 1 (Common),55.749,0.0,0.0,0.0,0.0,99.566,0.0,0.0,0.174,0.0,57.705,55.142,52.295,-99,12.0
2026-06-23 07:37:16,Laboratorios Eléctrica Superior,39.802,Silence,0.0,41.936,Silence,0.0,0.0,0.0,0.0,0.0,0.0,0.0,0.0,0.0,0.0,40.721,39.761,38.791,-97,11.2
2026-06-23 07:37:25,Pasillo Decanato Civil,55.665,Group 1 (Common),99.609,57.232,Group 1 (Common),55.412,0.0,0.0,0.0,0.0,99.609,0.0,0.0,0.087,0.0,57.623,55.589,53.464,-83,10.5
2026-06-23 07:37:26,Pasillo Salones Civil,51.516,Group 1 (Common),80.599,53.495,Group 1 (Common),51.402,0.0,0.0,0.0,0.0,80.599,12.326,0.043,3.733,3.299,54.685,50.793,49.297,-82,13.0
2026-06-23 07:37:34,Salón - Uma Civil,44.486,Silence,0.0,46.699,Silence,0.0,0.0,0.0,0.0,0.0,0.0,0.0,0.0,0.0,0.0,47.468,44.254,41.051,-112,-0.2
2026-06-23 07:37:37,Laboratorios Civil Inferior,53.118,Mixed,50.694,58.22,Group 2 (Impact),49.239,55.089,0.0,0.0,49.429,50.694,21.311,0.087,1.389,26.606,59.627,49.966,47.114,-109,6.0
2026-06-23 07:37:41,Pasillo Decanato Eléctrica,58.614,Group 1 (Common),91.102,59.418,Group 1 (Common),58.537,0.0,0.0,0.0,0.0,91.102,2.691,0.0,1.128,5.078,59.448,58.64,57.978,-92,11.8
2026-06-23 07:37:47,Pasillo Salones Eléctrica,45.01,Mixed,61.806,47.369,Group 3 (Rotary Tool),0.0,44.434,44.858,0.0,0.0,3.906,22.049,61.806,0.564,11.719,48.014,44.795,42.32,-84,11.8
2026-06-23 07:37:55,Salón - Extremo Eléctrica,28.911,Silence,0.0,30.034,Silence,0.0,0.0,0.0,0.0,0.0,0.0,0.0,0.0,0.0,0.0,30.2,28.942,27.628,-117,-10.0
2026-06-23 07:38:02,Laboratorios Eléctrica Centro,48.031,Group 5 (Vehicle),77.257,49.528,Group 5 (Vehicle),47.56,0.0,47.448,0.0,48.373,10.894,1.085,10.634,0.13,77.257,50.183,47.725,46.36,-91,12.5
2026-06-23 07:38:17,Laboratorios Eléctrica Inferior,49.673,Mixed,66.016,50.939,Group 5 (Vehicle),49.652,0.0,0.0,0.0,50.168,32.335,0.434,0.0,1.215,66.016,51.004,49.332,48.711,-115,-0.3
2026-06-23 07:42:01,Lobby Civil,54.251,Group 1 (Common),72.852,55.69,Group 1 (Common),54.756,54.87,0.0,0.0,0.0,72.852,20.947,0.0,6.25,0.049,55.787,54.043,52.081,-91,12.8
2026-06-23 07:42:06,Laboratorios Civil Central,57.133,Group 1 (Common),99.479,60.351,Group 1 (Common),57.856,0.0,0.0,0.0,0.0,99.479,0.0,0.0,0.0,0.26,60.526,55.947,54.418,-101,8.2
2026-06-23 07:42:08,Laboratorios Civil Superior,47.607,Group 1 (Common),96.007,48.689,Group 1 (Common),47.826,0.0,0.0,0.0,0.0,96.007,0.13,0.043,0.0,3.646,49.29,47.303,46.852,-94,11.8
2026-06-23 07:42:09,Salón - Extremo Civil,41.272,Silence,0.0,45.736,Silence,0.0,0.0,0.0,0.0,0.0,0.0,0.0,0.0,0.0,0.0,44.802,41.983,35.017,-79,12.0
2026-06-23 07:42:16,Lobby Eléctrica,56.87,Group 1 (Common),93.186,58.291,Group 1 (Common),56.681,0.0,0.0,0.0,0.0,93.186,0.521,0.0,6.12,0.0,58.703,56.57,55.299,-96,13.5
2026-06-23 07:42:16,Laboratorios Eléctrica Superior,39.535,Silence,0.0,41.38,Silence,0.0,0.0,0.0,0.0,0.0,0.0,0.0,0.0,0.0,0.0,41.185,39.285,38.479,-88,14.5
2026-06-23 07:42:25,Pasillo Decanato Civil,55.781,Group 1 (Common),99.609,57.072,Group 1 (Common),56.028,0.0,0.0,0.0,0.0,99.609,0.0,0.0,0.0,0.0,56.496,55.83,54.748,-91,12.3
2026-06-23 07:42:25,Salón - Uma Eléctrica,59.685,Mixed,49.392,62.467,Group 1 (Common),59.187,60.071,0.0,60.651,0.0,49.392,11.589,2.561,35.46,0.955,63.027,58.6,49.626,-109,-12.8
2026-06-23 07:42:26,Pasillo Salones Civil,51.871,Mixed,40.842,53.647,Group 1 (Common),52.534,49.885,0.0,0.0,51.582,35.807,13.889,5.859,3.646,40.842,54.04,52.149,48.62,-103,9.5
2026-06-23 07:42:34,Salón - Uma Civil,43.293,Silence,0.0,46.079,Silence,0.0,0.0,0.0,0.0,0.0,0.0,0.0,0.0,0.0,0.0,46.138,42.896,41.593,-94,10.0
2026-06-23 07:42:37,Laboratorios Civil Inferior,46.441,Mixed,59.592,49.349,Group 1 (Common),47.937,45.943,0.0,0.0,0.0,59.592,35.981,0.347,1.91,2.04,49.059,46.304,44.148,-105,5.2
2026-06-23 07:42:41,Pasillo Decanato Eléctrica,57.997,Group 1 (Common),89.583,58.869,Group 1 (Common),58.119,0.0,0.0,0.0,0.0,89.583,4.297,0.043,3.733,2.257,58.534,58.214,57.393,-114,-3.8
2026-06-23 07:42:47,Pasillo Salones Eléctrica,56.531,Mixed,51.389,60.388,Group 1 (Common),57.153,56.336,0.0,0.0,0.0,31.467,51.389,2.431,3.082,11.632,60.824,56.609,49.854,-101,10.2
2026-06-23 07:42:55,Salón - Extremo Eléctrica,47.025,Mixed,45.443,59.232,Group 1 (Common),55.961,44.682,0.0,0.0,41.538,26.823,45.443,3.342,2.561,21.788,55.115,42.822,33.369,-96,11.5
2026-06-23 07:43:02,Laboratorios Eléctrica Centro,45.447,Group 5 (Vehicle),71.658,46.08,Group 5 (Vehicle),0.0,0.0,45.418,0.0,45.601,2.865,0.043,25.26,0.0,71.658,45.963,45.35,44.907,-96,11.0
2026-06-23 07:43:17,Laboratorios Eléctrica Inferior,49.71,Mixed,50.868,50.412,Group 5 (Vehicle),49.83,49.225,0.0,0.0,49.735,32.595,12.847,0.391,3.255,50.868,50.595,49.742,48.869,-109,5.5
2026-06-23 07:47:01,Lobby Civil,69.878,Group 1 (Common),99.609,71.503,Group 1 (Common),70.007,0.0,0.0,0.0,0.0,99.609,0.0,0.0,0.0,0.0,72.361,69.374,65.655,-119,-13.8
2026-06-23 07:47:06,Laboratorios Civil Central,59.774,Group 1 (Common),99.566,61.968,Group 1 (Common),59.943,0.0,0.0,0.0,0.0,99.566,0.0,0.0,0.13,0.0,62.181,59.464,56.25,-107,9.0
2026-06-23 07:47:08,Laboratorios Civil Superior,49.68,Group 1 (Common),72.483,51.761,Group 1 (Common),49.609,48.509,0.0,0.0,48.182,72.483,5.599,1.345,1.693,18.707,51.699,48.701,47.597,-90,12.0
2026-06-23 07:47:09,Salón - Extremo Civil,44.417,Silence,0.0,46.377,Silence,0.0,0.0,0.0,0.0,0.0,0.0,0.0,0.0,0.0,0.0,46.578,44.38,41.774,-91,11.8
2026-06-23 07:47:16,Lobby Eléctrica,63.999,Group 1 (Common),95.66,66.326,Group 1 (Common),64.287,0.0,0.0,0.0,0.0,95.66,0.0,0.043,4.08,0.0,67.034,63.053,60.626,-94,13.3
2026-06-23 07:47:16,Laboratorios Eléctrica Superior,41.99,Silence,0.0,44.545,Silence,0.0,0.0,0.0,0.0,0.0,0.0,0.0,0.0,0.0,0.0,44.29,41.363,39.073,-92,10.3
2026-06-23 07:47:25,Pasillo Decanato Civil,56.646,Group 1 (Common),99.566,57.51,Group 1 (Common),56.673,0.0,0.0,0.0,0.0,99.566,0.0,0.0,0.174,0.0,57.772,56.042,55.642,-88,14.8
2026-06-23 07:47:26,Salón - Uma Eléctrica,44.508,Silence,0.0,51.435,Silence,0.0,0.0,0.0,0.0,0.0,0.0,0.0,0.0,0.0,0.0,50.326,42.521,39.39,-120,-11.0
2026-06-23 07:47:26,Pasillo Salones Civil,63.52,Group 1 (Common),99.349,66.888,Group 1 (Common),63.968,0.0,0.0,0.0,0.0,99.349,0.217,0.0,0.13,0.0,67.72,62.967,58.701,-113,-4.8
2026-06-23 07:47:34,Salón - Uma Civil,47.601,Mixed,57.422,50.559,Group 5 (Vehicle),48.532,48.507,0.0,0.0,48.832,19.401,57.422,2.214,6.467,14.54,49.859,47.675,42.122,-98,12.3
2026-06-23 07:47:37,Laboratorios Civil Inferior,44.402,Silence,0.0,45.24,Silence,0.0,0.0,0.0,0.0,0.0,0.0,0.0,0.0,0.0,0.0,45.277,44.523,43.052,-112,3.3
2026-06-23 07:47:41,Pasillo Decanato Eléctrica,58.256,Group 1 (Common),96.745,58.839,Group 1 (Common),58.09,0.0,0.0,0.0,0.0,96.745,1.519,0.0,0.564,1.259,58.658,58.308,57.401,-92,12.0
2026-06-23 07:47:47,Pasillo Salones Eléctrica,42.308,Silence,0.0,44.387,Silence,0.0,0.0,0.0,0.0,0.0,0.0,0.0,0.0,0.0,0.0,44.56,41.992,39.19,-85,12.0
2026-06-23 07:47:55,Salón - Extremo Eléctrica,37.742,Silence,0.0,40.408,Silence,0.0,0.0,0.0,0.0,0.0,0.0,0.0,0.0,0.0,0.0,39.326,37.889,34.696,-79,12.3
2026-06-23 07:48:02,Laboratorios Eléctrica Centro,47.138,Mixed,60.243,48.887,Group 1 (Common),48.528,0.0,48.229,0.0,46.91,21.875,0.391,17.405,0.043,60.243,49.046,46.721,45.69,-88,12.8
2026-06-23 07:48:17,Laboratorios Eléctrica Inferior,49.523,Mixed,51.693,50.597,Group 1 (Common),49.534,0.0,0.0,0.0,49.799,51.693,3.906,0.0,2.127,42.144,50.346,49.673,48.073,-111,2.5
2026-06-23 07:52:01,Lobby Civil,64.724,Group 1 (Common),98.047,66.9,Group 1 (Common),64.658,0.0,0.0,0.0,0.0,98.047,0.217,0.0,0.13,1.389,66.601,64.145,61.319,-87,9.8
2026-06-23 07:52:07,Laboratorios Civil Central,59.517,Group 1 (Common),75.0,63.959,Group 1 (Common),60.927,60.26,0.0,60.944,0.0,75.0,9.722,0.174,11.415,3.602,62.297,58.316,56.351,-97,13.8
2026-06-23 07:52:08,Laboratorios Civil Superior,48.632,Group 1 (Common),79.731,49.644,Group 1 (Common),49.026,0.0,0.0,0.0,0.0,79.731,0.174,0.434,0.174,19.488,49.541,48.831,47.739,-99,11.0
2026-06-23 07:52:09,Salón - Extremo Civil,35.87,Silence,0.0,38.412,Silence,0.0,0.0,0.0,0.0,0.0,0.0,0.0,0.0,0.0,0.0,38.411,35.608,32.851,-118,-10.8
2026-06-23 07:52:16,Lobby Eléctrica,54.436,Mixed,55.556,56.609,Group 1 (Common),54.779,0.0,52.673,0.0,55.382,55.556,6.814,19.618,0.955,16.884,56.825,53.213,51.804,-91,13.8
2026-06-23 07:52:16,Laboratorios Eléctrica Superior,39.489,Silence,0.0,41.923,Silence,0.0,0.0,0.0,0.0,0.0,0.0,0.0,0.0,0.0,0.0,40.922,39.321,38.394,-93,12.2
2026-06-23 07:52:25,Pasillo Decanato Civil,56.222,Group 1 (Common),99.392,57.582,Group 1 (Common),56.263,0.0,0.0,0.0,0.0,99.392,0.0,0.087,0.0,0.217,57.528,56.092,54.351,-97,10.5
2026-06-23 07:52:25,Salón - Uma Eléctrica,55.233,Mixed,56.293,57.4,Group 4 (Person),55.081,53.868,0.0,55.08,0.0,56.293,20.139,0.868,21.615,1.085,57.758,54.165,52.618,-97,12.0
2026-06-23 07:52:26,Pasillo Salones Civil,60.7,Group 1 (Common),98.177,62.709,Group 1 (Common),60.247,0.0,0.0,0.0,0.0,98.177,0.174,0.043,0.217,1.432,63.307,61.079,55.574,-107,11.5
2026-06-23 07:52:34,Salón - Uma Civil,43.519,Silence,0.0,45.632,Silence,0.0,0.0,0.0,0.0,0.0,0.0,0.0,0.0,0.0,0.0,45.952,42.684,41.637,-100,11.5
2026-06-23 07:52:37,Laboratorios Civil Inferior,49.313,Mixed,57.682,54.844,Group 1 (Common),54.872,49.468,0.0,0.0,50.36,16.189,24.045,0.391,1.649,57.682,52.797,48.607,46.051,-114,0.8
2026-06-23 07:52:41,Pasillo Decanato Eléctrica,58.047,Group 1 (Common),95.095,58.639,Group 1 (Common),58.016,0.0,0.0,0.0,0.0,95.095,3.299,0.0,1.389,0.217,58.786,57.855,57.537,-114,-2.2
2026-06-23 07:52:47,Pasillo Salones Eléctrica,45.772,Mixed,43.446,49.614,Group 1 (Common),46.821,0.0,44.998,0.0,0.0,43.446,11.762,40.799,0.217,3.863,49.826,44.151,41.587,-107,10.0
2026-06-23 07:52:55,Salón - Extremo Eléctrica,57.01,Mixed,44.922,62.795,Group 2 (Impact),55.345,56.418,0.0,0.0,49.558,18.707,44.922,6.207,4.861,25.391,64.352,49.268,42.362,-97,11.8
2026-06-23 07:53:02,Laboratorios Eléctrica Centro,62.5,Mixed,51.042,66.927,Group 5 (Vehicle),59.603,0.0,0.0,0.0,65.37,51.042,0.043,0.0,0.217,48.568,68.311,60.253,53.999,-109,4.0
2026-06-23 07:53:17,Laboratorios Eléctrica Inferior,52.009,Group 1 (Common),78.429,52.968,Group 1 (Common),51.735,0.0,0.0,0.0,0.0,78.429,0.26,0.0,0.347,20.92,53.5,51.492,50.735,-109,0.8
2026-06-23 07:57:01,Lobby Civil,60.871,Mixed,39.583,64.744,Group 4 (Person),63.128,58.378,0.0,64.498,0.0,18.837,33.984,3.776,39.583,3.906,63.746,59.331,56.03,-82,13.3
2026-06-23 07:57:06,Laboratorios Civil Central,66.751,Group 1 (Common),91.927,71.416,Group 1 (Common),65.413,0.0,0.0,0.0,0.0,91.927,4.036,0.174,2.214,1.519,72.111,62.659,58.356,-98,11.5
2026-06-23 07:57:08,Laboratorios Civil Superior,63.516,Group 1 (Common),99.17,68.764,Group 1 (Common),65.5,0.0,0.0,0.0,0.0,99.17,0.0,0.0,0.342,0.342,67.731,62.089,53.099,-89,10.5
2026-06-23 07:57:13,Salón - Extremo Civil,39.162,Silence,0.0,48.268,Silence,0.0,0.0,0.0,0.0,0.0,0.0,0.0,0.0,0.0,0.0,42.775,39.81,35.468,-77,12.8
2026-06-23 07:57:16,Lobby Eléctrica,58.779,Group 1 (Common),99.219,59.8,Group 1 (Common),58.753,0.0,0.0,0.0,0.0,99.219,0.0,0.304,0.26,0.087,59.829,58.585,57.526,-92,13.5
2026-06-23 07:57:16,Laboratorios Eléctrica Superior,41.613,Silence,0.0,44.767,Silence,0.0,0.0,0.0,0.0,0.0,0.0,0.0,0.0,0.0,0.0,45.815,40.307,38.766,-95,13.5
2026-06-23 07:57:25,Pasillo Decanato Civil,57.211,Group 1 (Common),99.609,58.104,Group 1 (Common),57.145,0.0,0.0,0.0,0.0,99.609,0.0,0.0,0.043,0.0,58.11,57.149,56.042,-81,13.5
2026-06-23 07:57:26,Pasillo Salones Civil,54.85,Group 1 (Common),95.66,58.754,Group 1 (Common),53.683,0.0,0.0,0.0,0.0,95.66,0.304,0.0,0.13,3.819,60.212,53.021,50.688,-80,14.5
2026-06-23 07:57:34,Salón - Uma Civil,47.185,Group 2 (Impact),76.91,51.215,Group 2 (Impact),0.0,46.654,0.0,0.0,50.038,0.087,76.91,0.304,6.424,16.276,51.807,42.445,40.051,-115,2.0
2026-06-23 07:57:37,Laboratorios Civil Inferior,45.314,Mixed,65.017,46.754,Group 1 (Common),45.813,45.597,0.0,0.0,46.239,20.92,65.017,0.13,2.604,11.328,46.005,45.516,44.568,-107,4.0
2026-06-23 07:57:41,Pasillo Decanato Eléctrica,57.824,Group 1 (Common),99.306,58.396,Group 1 (Common),57.751,0.0,0.0,0.0,0.0,99.306,0.0,0.0,0.087,0.608,58.28,57.897,57.128,-92,11.8
2026-06-23 07:57:47,Pasillo Salones Eléctrica,46.987,Mixed,42.405,50.593,Group 2 (Impact),47.283,49.329,44.99,0.0,0.0,31.858,24.306,42.405,0.651,0.738,50.93,45.822,43.625,-103,8.5
2026-06-23 07:57:55,Salón - Extremo Eléctrica,47.772,Group 2 (Impact),98.134,49.28,Group 2 (Impact),0.0,47.783,0.0,0.0,0.0,0.0,98.134,0.0,0.0,1.78,49.265,47.242,46.872,-79,10.5
2026-06-23 07:58:02,Laboratorios Eléctrica Centro,48.354,Mixed,65.885,49.17,Group 1 (Common),48.522,0.0,0.0,0.0,0.0,65.885,1.78,7.075,0.391,24.87,49.146,48.527,47.183,-114,0.8
2026-06-23 07:58:17,Laboratorios Eléctrica Inferior,50.12,Group 5 (Vehicle),78.993,53.791,Group 5 (Vehicle),49.96,0.0,0.0,0.0,51.349,19.748,0.694,0.043,0.521,78.993,51.615,50.009,49.165,-104,-3.8
2026-06-23 08:02:01,Lobby Civil,60.781,Mixed,40.365,63.068,Group 4 (Person),60.325,56.684,0.0,61.408,0.0,13.368,29.427,8.073,40.365,8.724,64.075,60.004,54.375,-97,12.2
2026-06-23 08:02:06,Laboratorios Civil Central,54.24,Group 5 (Vehicle),72.613,55.793,Group 5 (Vehicle),54.121,0.0,0.0,0.0,54.676,27.127,0.0,0.0,0.217,72.613,55.397,54.334,53.146,-100,11.8
2026-06-23 08:02:08,Laboratorios Civil Superior,49.986,Mixed,56.738,50.618,Group 5 (Vehicle),49.399,0.0,0.0,0.0,50.1,56.738,0.049,0.0,0.098,43.018,50.663,49.998,49.194,-92,14.3
2026-06-23 08:02:09,Salón - Extremo Civil,67.885,Group 1 (Common),81.207,73.875,Group 1 (Common),65.897,0.0,0.0,57.083,0.0,81.207,0.391,2.257,15.321,0.825,75.219,56.709,50.316,-95,12.5
2026-06-23 08:02:22,Lobby Eléctrica,53.621,Mixed,64.106,56.585,Group 1 (Common),54.564,52.219,0.0,0.0,0.0,64.106,20.052,2.3,8.767,4.774,56.862,52.819,50.341,-92,14.0
2026-06-23 08:02:22,Laboratorios Eléctrica Superior,42.645,Silence,0.0,45.277,Silence,0.0,0.0,0.0,0.0,0.0,0.0,0.0,0.0,0.0,0.0,46.012,42.096,39.312,-91,10.5
2026-06-23 08:02:25,Pasillo Decanato Civil,37.466,Silence,0.0,39.097,Silence,0.0,0.0,0.0,0.0,0.0,0.0,0.0,0.0,0.0,0.0,39.487,37.345,36.011,-95,11.2
2026-06-23 08:02:26,Salón - Uma Eléctrica,57.897,Mixed,60.981,63.615,Group 5 (Vehicle),54.583,50.792,0.0,54.117,61.558,13.368,60.981,0.043,10.894,14.757,64.413,50.048,46.193,-103,7.0
2026-06-23 08:02:26,Pasillo Salones Civil,55.294,Group 1 (Common),84.852,59.569,Group 1 (Common),54.247,0.0,0.0,0.0,52.72,84.852,1.085,2.431,2.257,9.418,60.172,53.699,48.794,-81,11.3
2026-06-23 08:02:34,Salón - Uma Civil,55.922,Mixed,52.865,63.904,Group 1 (Common),59.476,41.952,0.0,60.324,0.0,52.865,20.009,0.043,23.307,3.906,62.641,47.511,41.227,-117,-0.2
2026-06-23 08:02:37,Laboratorios Civil Inferior,51.342,Mixed,47.786,54.39,Group 1 (Common),51.222,52.66,0.0,0.0,50.038,47.786,18.924,0.0,2.995,30.339,55.085,50.702,45.382,-105,2.8
2026-06-23 08:02:41,Pasillo Decanato Eléctrica,58.442,Group 1 (Common),88.238,58.973,Group 1 (Common),58.465,0.0,0.0,0.0,58.516,88.238,1.476,0.0,0.651,9.809,58.779,58.469,58.061,-92,14.0
2026-06-23 08:02:47,Pasillo Salones Eléctrica,52.652,Mixed,51.953,57.516,Group 1 (Common),56.016,0.0,0.0,0.0,47.525,51.953,0.087,0.0,3.082,44.835,57.385,48.368,43.1,-86,12.3
2026-06-23 08:02:55,Salón - Extremo Eléctrica,35.196,Silence,0.0,39.788,Silence,0.0,0.0,0.0,0.0,0.0,0.0,0.0,0.0,0.0,0.0,40.473,32.959,31.621,-83,11.8
2026-06-23 08:03:02,Laboratorios Eléctrica Centro,50.698,Group 5 (Vehicle),99.219,57.924,Group 5 (Vehicle),0.0,0.0,0.0,0.0,52.457,0.537,0.0,0.0,0.0,99.219,51.609,50.307,49.034,-93,11.3
2026-06-23 08:03:17,Laboratorios Eléctrica Inferior,50.517,Mixed,59.277,52.348,Group 1 (Common),51.075,0.0,0.0,0.0,49.683,59.277,0.293,0.0,0.391,39.893,53.338,49.836,49.37,-112,2.5
2026-06-23 08:07:01,Lobby Civil,63.567,Group 1 (Common),81.944,69.401,Group 4 (Person),58.518,0.0,0.0,68.021,0.0,81.944,2.387,0.0,11.241,4.47,70.442,57.395,54.519,-81,14.0
2026-06-23 08:07:06,Laboratorios Civil Central,52.892,Group 1 (Common),78.776,53.827,Group 1 (Common),53.115,0.0,0.0,0.0,0.0,78.776,0.043,0.0,0.043,21.007,54.04,52.802,51.593,-93,11.5
2026-06-23 08:07:08,Laboratorios Civil Superior,45.965,Mixed,56.12,47.202,Group 1 (Common),46.604,0.0,0.0,0.0,45.997,43.316,0.087,0.174,0.13,56.12,46.6,45.914,45.366,-91,12.3
2026-06-23 08:07:09,Salón - Extremo Civil,47.885,Group 2 (Impact),85.764,55.282,Group 2 (Impact),0.0,50.201,0.0,0.0,0.0,3.602,85.764,0.174,6.207,4.34,52.815,46.427,44.493,-91,12.0
2026-06-23 08:07:16,Lobby Eléctrica,59.422,Group 1 (Common),76.259,63.506,Group 4 (Person),58.258,0.0,0.0,63.049,0.0,76.259,1.128,0.477,22.092,0.0,64.428,55.408,51.515,-88,-6.5
2026-06-23 08:07:16,Laboratorios Eléctrica Superior,47.069,Mixed,41.97,50.918,Group 2 (Impact),45.447,48.4,0.0,0.0,46.608,26.302,22.179,5.859,3.733,41.97,51.439,46.384,42.354,-99,11.8
2026-06-23 08:07:25,Pasillo Decanato Civil,39.323,Silence,0.0,40.436,Silence,0.0,0.0,0.0,0.0,0.0,0.0,0.0,0.0,0.0,0.0,40.963,39.29,36.96,-85,10.5
2026-06-23 08:07:31,Pasillo Salones Civil,58.655,Group 1 (Common),99.523,60.555,Group 1 (Common),58.838,0.0,0.0,0.0,0.0,99.523,0.087,0.0,0.174,0.0,61.062,58.155,55.567,-84,12.3
2026-06-23 08:07:34,Salón - Uma Civil,44.15,Silence,0.0,45.271,Silence,0.0,0.0,0.0,0.0,0.0,0.0,0.0,0.0,0.0,0.0,45.422,43.911,43.464,-113,0.8
2026-06-23 08:07:37,Laboratorios Civil Inferior,44.628,Silence,0.0,47.591,Silence,0.0,0.0,0.0,0.0,0.0,0.0,0.0,0.0,0.0,0.0,45.901,44.401,43.957,-109,7.8
2026-06-23 08:07:41,Pasillo Decanato Eléctrica,58.28,Group 1 (Common),98.096,58.785,Group 1 (Common),58.262,0.0,0.0,0.0,0.0,98.096,0.293,0.0,0.146,1.465,58.835,58.227,57.776,-91,12.0
2026-06-23 08:07:47,Pasillo Salones Eléctrica,48.196,Mixed,46.045,51.562,Group 4 (Person),49.399,41.92,0.0,50.719,0.0,10.449,46.045,3.955,37.891,1.416,51.913,46.652,42.244,-85,11.3
2026-06-23 08:07:55,Salón - Extremo Eléctrica,49.929,Mixed,38.818,54.188,Group 4 (Person),49.908,45.577,0.0,52.889,0.0,38.818,27.246,0.146,31.152,2.588,54.828,46.386,36.384,-97,11.0
2026-06-23 08:08:02,Laboratorios Eléctrica Centro,47.28,Group 5 (Vehicle),72.266,48.125,Group 5 (Vehicle),0.0,0.0,46.899,0.0,47.196,5.295,0.087,22.309,0.043,72.266,48.57,46.975,46.56,-93,11.5
2026-06-23 08:08:17,Laboratorios Eléctrica Inferior,50.237,Mixed,49.121,51.65,Group 5 (Vehicle),50.706,0.0,0.0,0.0,50.586,47.949,1.318,0.488,1.172,49.121,51.677,49.626,48.824,-111,5.0
2026-06-23 08:12:01,Lobby Civil,64.307,Group 1 (Common),97.266,66.821,Group 1 (Common),64.952,0.0,0.0,0.0,0.0,97.266,0.043,0.0,1.085,1.693,66.68,64.66,59.525,-89,12.5
2026-06-23 08:12:06,Laboratorios Civil Central,55.396,Group 1 (Common),99.566,56.849,Group 1 (Common),55.691,0.0,0.0,0.0,0.0,99.566,0.0,0.0,0.0,0.174,56.46,55.254,54.883,-106,4.8
2026-06-23 08:12:08,Laboratorios Civil Superior,47.46,Mixed,67.101,48.635,Group 1 (Common),47.307,0.0,0.0,0.0,46.821,67.101,0.043,0.043,0.0,32.856,49.163,47.119,46.106,-90,12.0
2026-06-23 08:12:09,Salón - Extremo Civil,74.686,Group 1 (Common),98.611,78.255,Group 1 (Common),73.519,0.0,0.0,0.0,0.0,98.611,0.0,0.0,1.259,0.0,78.908,73.935,69.414,-93,13.2
2026-06-23 08:12:16,Lobby Eléctrica,59.908,Group 1 (Common),94.444,63.452,Group 1 (Common),59.996,0.0,0.0,0.0,0.0,94.444,3.212,0.955,1.345,0.0,64.407,58.632,53.353,-87,0.8
2026-06-23 08:12:16,Laboratorios Eléctrica Superior,41.382,Silence,0.0,44.857,Silence,0.0,0.0,0.0,0.0,0.0,0.0,0.0,0.0,0.0,0.0,43.024,40.997,40.134,-91,13.3
2026-06-23 08:12:25,Pasillo Decanato Civil,36.749,Silence,0.0,38.74,Silence,0.0,0.0,0.0,0.0,0.0,0.0,0.0,0.0,0.0,0.0,37.913,37.06,35.033,-83,12.3
2026-06-23 08:12:26,Salón - Uma Eléctrica,53.763,Mixed,49.414,63.594,Group 4 (Person),51.213,42.349,0.0,60.782,0.0,19.873,30.42,0.049,49.414,0.098,60.859,46.117,40.521,-114,-0.5
2026-06-23 08:12:26,Pasillo Salones Civil,59.39,Group 1 (Common),99.262,61.168,Group 1 (Common),59.677,0.0,0.0,0.0,0.0,99.262,0.0,0.26,0.304,0.0,61.711,59.822,55.047,-92,3.8
2026-06-23 08:12:34,Salón - Uma Civil,41.927,Silence,0.0,44.015,Silence,0.0,0.0,0.0,0.0,0.0,0.0,0.0,0.0,0.0,0.0,44.542,41.998,38.037,-114,-5.2
2026-06-23 08:12:40,Laboratorios Civil Inferior,50.584,Mixed,61.426,54.859,Group 1 (Common),50.97,49.8,0.0,0.0,0.0,61.426,22.9,0.0,2.002,13.623,55.718,47.573,45.539,-107,6.8
2026-06-23 08:12:41,Pasillo Decanato Eléctrica,57.814,Group 1 (Common),99.414,58.692,Group 1 (Common),57.965,0.0,0.0,0.0,0.0,99.414,0.049,0.0,0.342,0.146,58.223,57.846,57.282,-90,14.0
2026-06-23 08:12:47,Pasillo Salones Eléctrica,46.835,Mixed,66.992,51.741,Group 1 (Common),47.27,42.024,0.0,0.0,44.097,20.654,66.992,2.686,1.66,7.959,51.975,43.598,37.033,-100,9.2
2026-06-23 08:12:55,Salón - Extremo Eléctrica,50.147,Mixed,66.211,56.828,Group 1 (Common),51.898,0.0,0.0,0.0,0.0,66.211,16.455,0.0,7.91,9.424,57.724,39.807,37.694,-75,12.0
2026-06-23 08:13:02,Laboratorios Eléctrica Centro,57.836,Mixed,51.563,64.069,Group 1 (Common),60.519,0.0,0.0,61.782,50.389,51.563,1.259,0.26,12.891,34.158,65.248,51.354,49.527,-91,14.8
2026-06-23 08:13:17,Laboratorios Eléctrica Inferior,62.362,Group 1 (Common),73.698,68.239,Group 4 (Person),58.825,0.0,0.0,67.052,0.0,73.698,0.087,0.0,22.396,3.516,70.057,59.076,52.165,-109,5.8
2026-06-23 08:17:01,Lobby Civil,55.201,Mixed,43.62,56.181,Group 2 (Impact),54.465,55.408,0.0,0.0,55.341,26.823,24.653,0.608,4.167,43.62,56.342,55.157,53.384,-96,11.0
2026-06-23 08:17:06,Laboratorios Civil Central,57.924,Mixed,42.882,61.443,Group 2 (Impact),56.531,60.953,0.0,0.0,58.17,38.715,12.24,3.733,2.431,42.882,61.562,56.376,54.547,-90,10.5
2026-06-23 08:17:08,Laboratorios Civil Superior,48.216,Group 5 (Vehicle),70.66,49.911,Group 5 (Vehicle),47.878,0.0,0.0,0.0,48.9,25.26,2.561,0.391,1.215,70.66,49.51,48.173,47.093,-97,13.0
2026-06-23 08:17:09,Salón - Extremo Civil,39.019,Silence,0.0,44.125,Silence,0.0,0.0,0.0,0.0,0.0,0.0,0.0,0.0,0.0,0.0,43.762,38.184,32.287,-116,-8.3
2026-06-23 08:17:16,Lobby Eléctrica,58.253,Mixed,58.29,59.372,Group 5 (Vehicle),0.0,58.226,0.0,0.0,58.695,3.212,21.571,14.54,2.387,58.29,59.335,58.244,55.854,-99,11.5
2026-06-23 08:17:16,Laboratorios Eléctrica Superior,39.151,Silence,0.0,40.081,Silence,0.0,0.0,0.0,0.0,0.0,0.0,0.0,0.0,0.0,0.0,39.767,39.228,38.072,-92,13.3
2026-06-23 08:17:25,Pasillo Decanato Civil,37.166,Silence,0.0,39.08,Silence,0.0,0.0,0.0,0.0,0.0,0.0,0.0,0.0,0.0,0.0,39.739,36.491,35.876,-85,11.3
2026-06-23 08:17:26,Salón - Uma Eléctrica,62.127,Mixed,31.944,65.859,Group 1 (Common),64.46,49.325,0.0,61.479,50.709,30.556,25.217,0.13,31.944,12.066,66.121,61.274,48.384,-109,-1.8
2026-06-23 08:17:26,Pasillo Salones Civil,53.349,Group 1 (Common),77.04,55.404,Group 1 (Common),53.066,0.0,0.0,0.0,53.583,77.04,3.646,0.0,1.128,18.273,55.73,53.077,50.479,-111,6.8
2026-06-23 08:17:34,Salón - Uma Civil,48.336,Mixed,59.201,52.862,Group 3 (Rotary Tool),0.0,46.996,51.884,0.0,42.267,1.78,59.201,12.63,8.55,17.839,54.889,45.938,42.325,-94,12.5
2026-06-23 08:17:37,Laboratorios Civil Inferior,45.46,Mixed,52.648,47.278,Group 5 (Vehicle),44.669,45.463,0.0,0.0,46.936,11.719,52.648,0.781,4.036,30.903,46.815,46.146,43.035,-118,-12.3
2026-06-23 08:17:41,Pasillo Decanato Eléctrica,59.505,Group 1 (Common),94.965,60.755,Group 1 (Common),59.178,0.0,0.0,0.0,0.0,94.965,3.516,0.0,1.172,0.434,61.083,59.835,58.059,-115,0.8
2026-06-23 08:17:48,Pasillo Salones Eléctrica,50.014,Mixed,50.043,56.763,Group 2 (Impact),52.895,51.874,0.0,0.0,50.457,9.722,36.589,1.172,2.344,50.043,51.81,50.342,44.667,-102,9.2
2026-06-23 08:17:55,Salón - Extremo Eléctrica,54.057,Mixed,28.342,58.752,Group 4 (Person),56.866,38.215,42.295,57.108,0.0,12.5,28.342,24.002,26.649,8.377,60.063,48.868,37.924,-95,11.2
2026-06-23 08:18:03,Laboratorios Eléctrica Centro,52.487,Mixed,57.378,54.617,Group 1 (Common),51.807,0.0,0.0,0.0,51.877,57.378,9.288,10.113,0.868,22.483,55.326,52.047,49.483,-92,11.8
2026-06-23 08:18:17,Laboratorios Eléctrica Inferior,51.122,Group 1 (Common),92.057,56.031,Group 1 (Common),52.549,0.0,0.0,0.0,0.0,92.057,1.215,0.0,0.998,5.903,54.58,50.045,48.974,-107,6.5
2026-06-23 08:22:01,Lobby Civil,73.719,Group 1 (Common),94.043,78.472,Group 1 (Common),73.642,0.0,0.0,0.0,0.0,94.043,0.0,3.516,1.514,0.928,80.227,67.02,64.123,-101,12.2
2026-06-23 08:22:06,Laboratorios Civil Central,65.67,Group 1 (Common),99.436,69.252,Group 1 (Common),64.495,0.0,0.0,0.0,0.0,99.436,0.0,0.043,0.0,0.217,70.431,64.46,62.666,-92,11.8
2026-06-23 08:22:08,Laboratorios Civil Superior,55.57,Mixed,69.705,57.142,Group 1 (Common),54.625,0.0,55.469,0.0,0.0,69.705,0.13,26.91,0.087,2.995,57.45,55.525,53.032,-89,14.3
2026-06-23 08:22:09,Salón - Extremo Civil,63.387,Mixed,60.373,67.346,Group 1 (Common),62.637,0.0,0.0,60.068,0.0,60.373,3.385,0.0,33.941,2.344,68.236,61.759,59.597,-78,14.0
2026-06-23 08:22:16,Lobby Eléctrica,57.564,Group 1 (Common),84.071,58.938,Group 1 (Common),57.047,0.0,57.836,0.0,0.0,84.071,2.3,12.023,0.694,0.911,58.901,57.648,54.735,-91,13.5
2026-06-23 08:22:16,Laboratorios Eléctrica Superior,42.785,Silence,0.0,44.765,Silence,0.0,0.0,0.0,0.0,0.0,0.0,0.0,0.0,0.0,0.0,44.843,42.356,40.738,-90,12.5
2026-06-23 08:22:25,Pasillo Decanato Civil,45.511,Mixed,55.122,52.382,Group 1 (Common),43.892,43.758,41.28,0.0,0.0,20.443,18.967,55.122,0.608,4.861,54.14,42.044,39.805,-97,12.0
2026-06-23 08:22:26,Salón - Uma Eléctrica,54.113,Mixed,57.378,56.523,Group 1 (Common),54.127,0.0,0.0,55.106,52.803,57.378,2.648,0.391,32.248,7.509,57.076,54.287,50.099,-93,9.8
2026-06-23 08:22:26,Pasillo Salones Civil,57.815,Group 1 (Common),77.431,60.998,Group 1 (Common),58.053,59.061,0.0,60.358,0.0,77.431,13.585,0.521,7.986,0.521,61.159,56.926,53.946,-81,12.0
2026-06-23 08:22:34,Salón - Uma Civil,50.68,Mixed,46.267,57.675,Group 4 (Person),50.834,45.551,0.0,54.107,0.0,28.993,46.267,0.087,22.96,1.606,58.591,44.937,42.157,-101,11.0
2026-06-23 08:22:37,Laboratorios Civil Inferior,47.32,Group 1 (Common),81.033,49.911,Group 1 (Common),46.77,0.0,0.0,0.0,48.297,81.033,3.993,0.434,1.172,13.368,50.276,47.161,43.537,-106,-5.5
2026-06-23 08:22:41,Pasillo Decanato Eléctrica,58.683,Group 1 (Common),98.22,59.641,Group 1 (Common),58.7,0.0,0.0,0.0,0.0,98.22,0.217,0.0,0.347,1.259,59.503,58.58,57.661,-93,13.5
2026-06-23 08:22:47,Pasillo Salones Eléctrica,46.914,Mixed,63.151,54.666,Group 1 (Common),48.871,0.0,49.478,0.0,0.0,63.151,2.951,32.986,0.043,0.825,50.997,47.165,41.311,-103,11.2
2026-06-23 08:23:00,Salón - Extremo Eléctrica,66.9,Group 1 (Common),78.385,68.853,Group 1 (Common),66.998,0.0,0.0,67.401,0.0,78.385,0.0,0.0,21.05,0.477,69.138,66.128,65.015,-93,13.2
2026-06-23 08:23:03,Laboratorios Eléctrica Centro,48.612,Mixed,47.96,49.943,Group 3 (Rotary Tool),48.185,0.0,49.01,0.0,48.805,14.887,1.91,35.069,0.13,47.96,49.786,48.86,47.328,-91,12.5
2026-06-23 08:23:17,Laboratorios Eléctrica Inferior,62.236,Mixed,49.87,65.541,Group 1 (Common),61.449,0.0,0.0,61.642,0.0,49.87,0.477,1.128,47.179,1.345,65.962,61.445,54.678,-115,-0.5
2026-06-23 08:27:01,Lobby Civil,60.885,Group 1 (Common),95.877,62.288,Group 1 (Common),60.745,0.0,0.0,0.0,0.0,95.877,0.477,1.519,0.694,1.259,63.103,60.021,58.649,-94,11.2
2026-06-23 08:27:06,Laboratorios Civil Central,53.958,Group 1 (Common),97.7,55.598,Group 1 (Common),54.284,0.0,0.0,0.0,0.0,97.7,0.087,0.0,0.0,2.127,55.63,53.697,52.601,-107,-2.0
2026-06-23 08:27:08,Laboratorios Civil Superior,50.925,Mixed,68.316,53.208,Group 1 (Common),52.229,0.0,0.0,0.0,49.276,31.033,0.217,0.087,0.304,68.316,53.707,49.911,47.626,-91,14.8
2026-06-23 08:27:09,Salón - Extremo Civil,49.967,Mixed,49.653,55.363,Group 2 (Impact),41.907,52.77,0.0,49.426,0.0,49.653,19.575,0.0,30.686,0.217,56.372,49.694,31.805,-95,12.2
2026-06-23 08:27:16,Lobby Eléctrica,59.094,Group 1 (Common),73.611,63.714,Group 1 (Common),58.015,0.0,54.656,0.0,0.0,73.611,0.26,22.656,0.738,2.778,63.611,55.129,52.651,-88,-1.0
2026-06-23 08:27:17,Laboratorios Eléctrica Superior,42.722,Silence,0.0,47.861,Silence,0.0,0.0,0.0,0.0,0.0,0.0,0.0,0.0,0.0,0.0,45.513,41.7,39.786,-91,11.8
2026-06-23 08:27:25,Pasillo Decanato Civil,36.491,Silence,0.0,38.347,Silence,0.0,0.0,0.0,0.0,0.0,0.0,0.0,0.0,0.0,0.0,38.141,36.438,34.361,-80,12.3
2026-06-23 08:27:26,Pasillo Salones Civil,51.76,Mixed,55.816,53.302,Group 1 (Common),52.036,52.187,51.592,0.0,0.0,55.816,9.809,21.571,8.03,4.644,53.04,51.49,50.263,-81,11.5
2026-06-23 08:27:34,Salón - Uma Civil,55.344,Mixed,56.51,62.399,Group 4 (Person),47.736,43.79,0.0,60.33,0.0,26.866,9.679,1.693,56.51,5.078,61.351,47.966,41.618,-97,13.3
2026-06-23 08:27:37,Laboratorios Civil Inferior,53.856,Group 1 (Common),77.387,56.335,Group 1 (Common),53.588,49.126,0.0,0.0,0.0,77.387,6.25,0.694,2.083,13.368,56.714,52.967,51.329,-105,7.5
2026-06-23 08:27:41,Pasillo Decanato Eléctrica,58.46,Group 1 (Common),71.354,59.067,Group 1 (Common),58.313,58.362,0.0,0.0,0.0,71.354,23.481,0.0,4.47,0.825,59.079,58.469,57.613,-92,11.5
2026-06-23 08:27:48,Pasillo Salones Eléctrica,42.25,Silence,0.0,45.596,Silence,0.0,0.0,0.0,0.0,0.0,0.0,0.0,0.0,0.0,0.0,45.52,41.896,38.026,-103,6.8
2026-06-23 08:27:55,Salón - Extremo Eléctrica,54.571,Mixed,48.828,57.709,Group 5 (Vehicle),51.376,56.082,0.0,54.568,56.495,15.755,6.684,1.302,48.828,27.387,58.721,53.169,44.607,-82,14.0
2026-06-23 08:28:03,Laboratorios Eléctrica Centro,48.479,Mixed,50.217,50.866,Group 1 (Common),48.571,47.74,48.218,0.0,47.641,24.566,9.462,15.538,0.304,50.217,51.62,47.726,45.583,-91,12.5
2026-06-23 08:28:17,Laboratorios Eléctrica Inferior,53.831,Group 1 (Common),92.361,55.881,Group 1 (Common),53.488,0.0,0.0,0.0,0.0,92.361,0.391,0.0,1.519,5.729,56.991,53.41,50.433,-106,7.8
2026-06-23 08:32:01,Lobby Civil,59.041,Group 1 (Common),84.722,64.209,Group 1 (Common),58.325,0.0,0.0,0.0,0.0,84.722,2.561,0.174,7.378,5.078,64.672,56.239,53.935,-101,12.8
2026-06-23 08:32:06,Laboratorios Civil Central,60.18,Mixed,55.686,64.194,Group 1 (Common),61.387,55.54,0.0,0.0,54.753,55.686,11.979,1.042,4.253,27.083,65.069,59.861,54.275,-83,12.0
2026-06-23 08:32:08,Laboratorios Civil Superior,52.515,Group 1 (Common),84.896,54.153,Group 1 (Common),52.702,0.0,0.0,0.0,0.0,84.896,0.0,0.087,0.564,14.323,54.41,51.806,50.646,-103,10.2
2026-06-23 08:32:09,Salón - Extremo Civil,65.075,Group 1 (Common),75.955,67.167,Group 1 (Common),65.435,0.0,0.0,65.35,0.0,75.955,0.043,0.0,23.958,0.0,67.091,65.181,62.496,-83,10.8
2026-06-23 08:32:16,Lobby Eléctrica,51.652,Group 1 (Common),77.691,52.822,Group 1 (Common),51.227,0.0,52.085,0.0,0.0,77.691,2.821,11.806,0.477,7.205,52.969,51.498,49.655,-115,-1.2
2026-06-23 08:32:16,Laboratorios Eléctrica Superior,51.389,Group 1 (Common),84.635,54.401,Group 1 (Common),51.376,0.0,50.597,0.0,0.0,84.635,1.953,8.724,0.26,4.557,55.597,49.982,47.906,-89,12.0
2026-06-23 08:32:25,Pasillo Decanato Civil,42.049,Silence,0.0,43.103,Silence,0.0,0.0,0.0,0.0,0.0,0.0,0.0,0.0,0.0,0.0,43.471,42.365,40.744,-82,12.5
2026-06-23 08:32:26,Salón - Uma Eléctrica,57.298,Group 1 (Common),71.224,59.507,Group 1 (Common),57.7,58.423,0.0,0.0,0.0,71.224,11.328,0.0,17.578,0.0,60.031,56.402,53.606,-102,10.3
2026-06-23 08:32:26,Pasillo Salones Civil,55.243,Group 1 (Common),99.132,57.492,Group 1 (Common),54.855,0.0,0.0,0.0,0.0,99.132,0.13,0.434,0.13,0.043,57.816,55.204,52.392,-105,10.0
2026-06-23 08:32:34,Salón - Uma Civil,45.103,Mixed,56.944,57.398,Group 4 (Person),49.807,45.806,0.0,57.836,0.0,27.431,56.944,0.0,15.104,0.477,48.374,44.679,41.826,-91,10.5
2026-06-23 08:32:37,Laboratorios Civil Inferior,49.212,Group 1 (Common),95.964,51.424,Group 1 (Common),49.86,0.0,0.0,0.0,0.0,95.964,0.087,1.085,0.391,2.344,50.261,49.515,47.886,-103,-4.2
2026-06-23 08:32:41,Pasillo Decanato Eléctrica,58.722,Group 1 (Common),95.399,59.224,Group 1 (Common),58.689,0.0,0.0,0.0,0.0,95.399,2.908,0.0,1.649,0.26,59.385,58.726,58.176,-115,3.5
2026-06-23 08:32:47,Pasillo Salones Eléctrica,46.927,Mixed,61.458,50.355,Group 4 (Person),0.0,41.51,0.0,47.921,0.0,10.764,26.476,0.564,61.458,0.694,50.373,46.317,39.69,-84,12.5
2026-06-23 08:32:55,Salón - Extremo Eléctrica,44.174,Silence,0.0,51.372,Silence,0.0,0.0,0.0,0.0,0.0,0.0,0.0,0.0,0.0,0.0,48.089,44.336,38.572,-118,-11.3
2026-06-23 08:33:02,Laboratorios Eléctrica Centro,51.432,Mixed,46.745,54.499,Group 1 (Common),52.366,0.0,50.801,0.0,50.93,36.328,1.606,14.844,0.477,46.745,55.221,50.64,49.494,-93,10.3
