time,deviceName,temperature,humidity,pressure_hPa,battery_mV,battery_pct,rssi,snr
2026-08-19 00:02:42,NODO 1.48,25.31,100.0,1007.0,3851.0,16.7,-113,4.8
2026-08-19 00:03:35,NODO 1.49,25.02,86.56,1003.0,3700.0,18.1,-113,1.2
2026-08-19 00:03:57,NODO 1.40,25.24,87.7,1004.0,4116.0,19.7,-108,-2.8
2026-08-19 00:03:58,NODO 1.50,24.46,86.02,1008.0,4092.0,88.6,-113,2.8
2026-08-19 00:04:17,NODO 1.04,26.08,100.0,1005.0,3900.0,89.1,-113,1.8
2026-08-19 00:04:41,NODO 1.52,25.42,87.72,1005.0,3925.0,89.8,-113,2.5
2026-08-19 00:05:33,NODO 1.10,25.33,100.0,1006.0,3891.0,91.7,-109,6.8
2026-08-19 00:05:37,NODO 1.37,24.64,70.74,1005.0,4052.0,91.1,-105,7.8
2026-08-19 00:05:37,NODO 1.02,25.66,100.0,1005.0,3729.0,87.5,-119,-6.8
2026-08-19 00:05:39,NODO 1.11,25.19,99.82,1004.0,3695.0,85.4,-115,2.5
2026-08-19 00:05:45,NODO 1.56,25.12,87.74,1005.0,3636.0,81.5,-114,-0.2
2026-08-19 00:06:10,NODO 1.36,25.22,100.0,1003.0,3773.0,79.2,-112,5.0
2026-08-19 00:06:25,NODO 1.51,25.67,100.0,1006.0,3861.0,69.2,-85,9.0
2026-08-19 00:07:16,NODO 1.31,25.48,100.0,1006.0,3700.0,65.3,-88,7.2
2026-08-19 00:07:19,NODO 1.34,24.8,89.6,1003.0,4052.0,81.7,-67,9.5
2026-08-19 00:07:51,NODO 1.01,25.55,100.0,1005.0,3758.0,83.5,-109,5.2
2026-08-19 00:08:26,NODO 1.05,25.61,100.0,1005.0,3969.0,85.9,-107,8.8
2026-08-19 00:08:28,NODO 1.53,25.21,100.0,1005.0,3915.0,86.4,-120,-6.0
2026-08-19 00:09:08,NODO 1.24,25.57,100.0,1005.0,4082.0,90.3,-84,10.2
2026-08-19 00:10:08,NODO 1.32,25.62,100.0,1005.0,3636.0,86.1,-117,-5.5
2026-08-19 00:11:23,NODO 1.38,25.48,87.07,1007.0,3847.0,87.0,-109,6.8
2026-08-19 00:12:04,NODO 1.03,25.6,100.0,1005.0,3376.0,77.8,-107,6.5
2026-08-19 00:12:15,NODO 1.17,25.45,100.0,1005.0,3905.0,77.3,-120,-2.8
2026-08-19 00:12:31,NODO 1.29,25.53,100.0,1005.0,3856.0,59.3,-109,4.8
2026-08-19 00:13:06,NODO 1.07,25.01,100.0,1005.0,3915.0,80.0,-117,0.2
2026-08-19 00:14:12,NODO 1.44,24.78,87.1,1005.0,4062.0,83.1,-97,10.0
2026-08-19 00:14:34,NODO 1.57,25.09,100.0,1004.0,3700.0,86.9,-120,-15.5
2026-08-19 00:14:38,NODO 1.23,25.18,100.0,1005.0,3861.0,86.4,-115,-1.2
2026-08-19 00:15:02,NODO 1.16,26.03,98.43,1005.0,3920.0,87.1,-119,-4.0
2026-08-19 00:15:03,NODO 1.33,25.1,83.94,1005.0,4038.0,88.3,-90,8.8
2026-08-19 00:15:11,NODO 1.54,25.2,85.63,1003.0,4008.0,87.8,-34,9.0
2026-08-19 00:15:59,NODO 1.06,25.31,100.0,1005.0,3896.0,89.7,-95,9.0
2026-08-19 00:16:13,NODO 1.13,25.35,100.0,1005.0,4082.0,91.9,-105,7.8
2026-08-19 00:16:14,NODO 1.45,25.24,81.59,1005.0,4038.0,93.1,-119,-4.2
2026-08-19 00:16:49,NODO 1.46,25.14,100.0,1004.0,4052.0,93.3,-87,9.2
2026-08-19 00:16:53,NODO 1.55,25.11,100.0,1006.0,3905.0,92.2,-111,5.8
2026-08-19 00:17:06,NODO 1.25,25.28,97.49,1005.0,4047.0,93.7,-109,5.5
2026-08-19 00:17:29,NODO 1.08,25.78,100.0,1005.0,3440.0,87.3,-105,9.2
2026-08-19 00:17:49,NODO 1.42,24.64,76.43,1005.0,3964.0,86.6,-120,-8.8
2026-08-19 00:18:45,NODO 1.60,25.64,90.78,1005.0,3871.0,84.7,-111,5.5
2026-08-19 00:18:53,NODO 1.27,25.24,94.5,1003.0,3989.0,85.6,-106,8.2
2026-08-19 00:18:56,NODO 1.58,25.87,96.78,1006.0,3788.0,82.2,-119,-4.5
2026-08-19 00:19:38,NODO 1.26,25.79,100.0,1005.0,3959.0,88.2,-96,7.8
2026-08-19 00:20:26,NODO 1.14,25.42,100.0,1005.0,3886.0,87.4,-101,8.5
2026-08-19 00:20:37,NODO 1.39,24.9,78.97,1004.0,4116.0,89.9,-110,4.5
2026-08-19 00:21:17,NODO 1.09,25.68,100.0,1005.0,3994.0,89.9,-119,-5.2
2026-08-19 00:21:20,NODO 1.21,25.37,100.0,1006.0,3205.0,83.7,-119,-12.0
2026-08-19 00:21:25,NODO 1.59,25.54,96.56,1002.0,3871.0,82.5,-105,-7.2
2026-08-19 00:23:01,NODO 1.12,25.57,100.0,1006.0,1519.0,0,-118,-3.8
2026-08-19 00:23:16,NODO 1.41,25.08,74.66,1005.0,4018.0,0,-112,5.5
2026-08-19 00:23:34,NODO 1.19,24.66,67.5,1005.0,3778.0,0,-90,9.5
2026-08-19 00:24:39,NODO 1.22,26.05,96.45,1005.0,4013.0,7.0,-113,4.2
2026-08-19 00:24:39,NODO 1.35,24.7,100.0,1005.0,4038.0,8.7,-109,-2.2
2026-08-19 00:24:57,NODO 1.28,25.91,100.0,1005.0,3856.0,89.5,-117,-2.2
2026-08-19 00:27:51,NODO 1.20,25.91,100.0,1006.0,3626.0,85.6,-115,-0.5
2026-08-19 00:28:22,NODO 1.43,24.88,96.77,1005.0,4038.0,88.2,-99,8.8
2026-08-19 00:28:37,NODO 1.18,25.73,100.0,1005.0,2710.0,21.2,-94,7.5
2026-08-19 00:28:42,NODO 1.15,25.35,100.0,1006.0,3851.0,16.6,-101,9.5
2026-08-19 00:32:34,NODO 1.48,25.34,100.0,1007.0,3851.0,16.5,-116,-1.8
2026-08-19 00:33:27,NODO 1.49,25.01,86.78,1003.0,3700.0,18.0,-114,-5.0
2026-08-19 00:33:48,NODO 1.40,25.21,86.68,1004.0,4106.0,19.4,-112,-4.0
2026-08-19 00:33:52,NODO 1.50,24.45,86.29,1007.0,4092.0,88.5,-109,-0.2
2026-08-19 00:34:12,NODO 1.04,26.0,100.0,1005.0,3891.0,88.9,-114,-1.8
2026-08-19 00:34:35,NODO 1.52,25.39,88.0,1005.0,3925.0,89.6,-106,7.2
2026-08-19 00:35:26,NODO 1.10,25.3,100.0,1005.0,3891.0,91.5,-85,10.0
2026-08-19 00:35:28,NODO 1.02,25.62,100.0,1005.0,3734.0,87.8,-119,-6.0
2026-08-19 00:35:29,NODO 1.37,24.58,71.17,1005.0,4052.0,87.4,-118,-8.5
2026-08-19 00:35:31,NODO 1.11,25.16,100.0,1003.0,3690.0,85.4,-103,5.5
2026-08-19 00:35:36,NODO 1.56,25.07,88.11,1005.0,3636.0,81.5,-115,1.5
2026-08-19 00:35:59,NODO 1.36,25.24,100.0,1003.0,3753.0,78.2,-109,3.0
2026-08-19 00:36:18,NODO 1.51,25.6,100.0,1006.0,3861.0,81.3,-85,9.2
2026-08-19 00:37:06,NODO 1.31,25.42,100.0,1006.0,3704.0,62.5,-117,-1.8
2026-08-19 00:37:10,NODO 1.34,24.92,90.93,1003.0,4052.0,81.5,-118,1.8
2026-08-19 00:37:44,NODO 1.01,25.5,100.0,1005.0,3768.0,83.4,-89,8.8
2026-08-19 00:38:18,NODO 1.05,25.62,100.0,1005.0,3964.0,86.0,-100,8.8
2026-08-19 00:38:21,NODO 1.53,25.19,100.0,1004.0,3915.0,86.5,-118,-5.2
2026-08-19 00:39:01,NODO 1.24,25.73,100.0,1004.0,4087.0,90.4,-118,-4.2
2026-08-19 00:40:00,NODO 1.32,25.65,100.0,1005.0,3646.0,86.3,-119,-6.2
2026-08-19 00:41:15,NODO 1.38,25.46,87.23,1006.0,3847.0,87.1,-103,8.2
2026-08-19 00:41:57,NODO 1.03,25.6,100.0,1005.0,3376.0,78.5,-103,8.0
2026-08-19 00:42:07,NODO 1.17,25.46,100.0,1004.0,3905.0,78.0,-114,3.5
2026-08-19 00:42:23,NODO 1.29,25.5,100.0,1004.0,3856.0,60.7,-114,3.8
2026-08-19 00:43:03,NODO 1.07,25.03,100.0,1005.0,3935.0,80.3,-118,-2.2
2026-08-19 00:44:04,NODO 1.44,24.94,91.27,1005.0,4062.0,83.3,-96,9.0
2026-08-19 00:44:26,NODO 1.57,25.14,100.0,1004.0,3695.0,87.0,-121,-14.0
2026-08-19 00:44:32,NODO 1.23,25.18,100.0,1004.0,3856.0,86.5,-119,-6.8
2026-08-19 00:44:55,NODO 1.16,26.06,100.0,1005.0,3920.0,87.2,-103,8.2
2026-08-19 00:44:56,NODO 1.33,25.13,85.21,1005.0,4038.0,88.2,-94,11.5
2026-08-19 00:45:04,NODO 1.54,25.16,87.62,1002.0,4008.0,87.7,-114,3.5
2026-08-19 00:45:50,NODO 1.06,25.31,100.0,1005.0,3896.0,89.7,-102,8.8
2026-08-19 00:46:06,NODO 1.13,25.37,100.0,1005.0,4082.0,91.9,-93,0.5
2026-08-19 00:46:07,NODO 1.45,25.17,82.41,1005.0,4038.0,93.1,-96,9.0
2026-08-19 00:46:42,NODO 1.46,25.21,100.0,1004.0,4047.0,93.2,-87,10.0
2026-08-19 00:46:46,NODO 1.55,25.09,100.0,1006.0,3905.0,92.2,-109,5.0
2026-08-19 00:46:56,NODO 1.25,25.36,98.88,1005.0,4047.0,93.7,-93,8.5
2026-08-19 00:47:28,NODO 1.08,25.77,100.0,1004.0,3450.0,87.4,-109,6.2
2026-08-19 00:47:45,NODO 1.42,24.73,79.36,1005.0,3964.0,86.6,-119,-6.0
2026-08-19 00:48:36,NODO 1.60,25.64,91.69,1005.0,3871.0,84.8,-108,6.8
2026-08-19 00:48:47,NODO 1.27,25.26,95.3,1002.0,3984.0,85.7,-115,-0.8
2026-08-19 00:48:49,NODO 1.58,26.01,97.11,1005.0,3783.0,82.2,-120,-13.2
2026-08-19 00:49:29,NODO 1.26,25.76,100.0,1005.0,3959.0,88.1,-95,9.5
2026-08-19 00:50:15,NODO 1.14,25.47,100.0,1005.0,3886.0,87.3,-82,9.2
2026-08-19 00:50:33,NODO 1.39,24.93,79.21,1004.0,4116.0,89.8,-115,0.5
2026-08-19 00:51:09,NODO 1.09,25.68,100.0,1005.0,3994.0,89.9,-119,-2.5
2026-08-19 00:51:12,NODO 1.21,25.37,100.0,1005.0,3205.0,83.7,-119,-4.0
2026-08-19 00:51:16,NODO 1.59,25.52,97.52,1002.0,3886.0,82.7,-120,-11.5
2026-08-19 00:52:56,NODO 1.12,25.63,100.0,1005.0,1495.0,0,-82,9.2
2026-08-19 00:53:06,NODO 1.41,25.16,75.76,1005.0,4013.0,0,-117,-4.2
2026-08-19 00:53:27,NODO 1.19,24.71,70.02,1005.0,3778.0,0,-94,10.8
2026-08-19 00:54:30,NODO 1.22,26.07,96.75,1005.0,4013.0,6.8,-102,9.8
2026-08-19 00:54:31,NODO 1.35,24.85,99.32,1004.0,4033.0,8.3,-98,9.2
2026-08-19 00:57:42,NODO 1.20,25.93,100.0,1006.0,3631.0,87.2,-119,-3.0
2026-08-19 00:58:15,NODO 1.43,25.0,95.8,1005.0,4033.0,87.4,-108,6.8
2026-08-19 00:58:31,NODO 1.18,25.8,100.0,1004.0,2705.0,32.0,-107,7.8
2026-08-19 00:58:34,NODO 1.15,25.36,100.0,1005.0,3847.0,20.0,-101,9.5
2026-08-19 01:02:28,NODO 1.48,25.36,100.0,1006.0,3851.0,16.3,-119,-7.5
2026-08-19 01:03:19,NODO 1.49,25.01,87.18,1003.0,3695.0,17.6,-115,1.5
2026-08-19 01:03:40,NODO 1.40,25.21,88.13,1004.0,4116.0,19.3,-99,9.5
2026-08-19 01:04:05,NODO 1.04,26.0,100.0,1004.0,3896.0,86.5,-117,-1.5
2026-08-19 01:05:18,NODO 1.10,25.35,100.0,1005.0,3891.0,87.0,-106,7.8
2026-08-19 01:05:20,NODO 1.02,25.64,100.0,1004.0,3719.0,85.7,-113,2.8
2026-08-19 01:05:23,NODO 1.37,24.63,71.42,1005.0,4052.0,89.2,-118,-6.5
2026-08-19 01:05:24,NODO 1.11,25.18,100.0,1003.0,3690.0,85.0,-117,-5.5
2026-08-19 01:05:29,NODO 1.56,25.06,89.77,1004.0,3636.0,81.3,-115,-1.8
2026-08-19 01:05:50,NODO 1.36,25.36,100.0,1002.0,3753.0,77.5,-111,5.8
2026-08-19 01:06:11,NODO 1.51,25.63,100.0,1005.0,3861.0,81.3,-117,-5.0
2026-08-19 01:06:55,NODO 1.31,25.45,100.0,1005.0,3700.0,62.0,-117,-5.0
2026-08-19 01:07:02,NODO 1.34,25.0,92.24,1002.0,4052.0,81.5,-97,9.5
2026-08-19 01:07:36,NODO 1.01,25.56,100.0,1004.0,3768.0,83.3,-95,7.0
2026-08-19 01:08:10,NODO 1.05,25.65,100.0,1004.0,3969.0,86.0,-96,9.0
2026-08-19 01:08:15,NODO 1.53,25.21,100.0,1004.0,3915.0,86.5,-112,-0.8
2026-08-19 01:08:55,NODO 1.24,25.83,100.0,1004.0,4077.0,90.3,-101,3.0
2026-08-19 01:09:54,NODO 1.32,25.66,100.0,1004.0,3631.0,86.1,-117,-2.2
2026-08-19 01:11:06,NODO 1.38,25.5,87.58,1006.0,3847.0,86.9,-107,3.5
2026-08-19 01:11:48,NODO 1.03,25.62,100.0,1004.0,3376.0,77.3,-84,10.5
2026-08-19 01:11:59,NODO 1.17,25.45,100.0,1004.0,3905.0,76.8,-101,9.5
2026-08-19 01:12:18,NODO 1.29,25.51,100.0,1004.0,3856.0,58.7,-88,9.2
2026-08-19 01:12:58,NODO 1.07,25.01,100.0,1004.0,3930.0,80.2,-118,0.2
2026-08-19 01:13:55,NODO 1.44,25.04,91.41,1004.0,4062.0,83.3,-94,9.5
2026-08-19 01:14:18,NODO 1.57,25.21,100.0,1003.0,3700.0,87.0,-119,-3.8
2026-08-19 01:14:26,NODO 1.23,25.25,100.0,1004.0,3856.0,86.5,-117,0.5
2026-08-19 01:14:49,NODO 1.16,26.03,100.0,1004.0,3915.0,87.1,-119,-4.0
2026-08-19 01:14:50,NODO 1.33,25.16,85.04,1004.0,4038.0,88.2,-97,9.2
2026-08-19 01:14:54,NODO 1.54,25.14,88.13,1002.0,4008.0,87.7,-118,-0.2
2026-08-19 01:15:42,NODO 1.06,25.37,100.0,1004.0,3900.0,89.7,-102,8.8
2026-08-19 01:15:57,NODO 1.13,25.38,100.0,1004.0,4082.0,91.9,-111,6.0
2026-08-19 01:16:01,NODO 1.45,25.14,83.04,1004.0,4038.0,93.2,-95,9.8
2026-08-19 01:16:33,NODO 1.46,25.23,100.0,1003.0,4047.0,93.2,-118,-8.0
2026-08-19 01:16:40,NODO 1.55,25.17,100.0,1005.0,3915.0,92.3,-109,4.5
2026-08-19 01:16:44,NODO 1.25,25.41,98.84,1004.0,4038.0,93.7,-109,7.8
2026-08-19 01:17:16,NODO 1.08,25.76,100.0,1004.0,3445.0,87.3,-117,1.0
2026-08-19 01:17:39,NODO 1.42,24.84,79.49,1004.0,3969.0,86.6,-109,5.2
2026-08-19 01:18:32,NODO 1.60,25.64,91.39,1004.0,3871.0,84.8,-107,6.8
2026-08-19 01:18:41,NODO 1.27,25.18,95.08,1002.0,3974.0,85.5,-117,0.2
2026-08-19 01:18:42,NODO 1.58,26.14,96.2,1005.0,3793.0,82.2,-120,-10.8
2026-08-19 01:19:21,NODO 1.26,25.76,100.0,1004.0,3959.0,88.2,-95,9.5
2026-08-19 01:20:07,NODO 1.14,25.5,100.0,1004.0,3886.0,87.3,-97,9.2
2026-08-19 01:20:28,NODO 1.39,24.96,79.2,1003.0,4116.0,89.8,-105,8.0
2026-08-19 01:21:02,NODO 1.09,25.67,100.0,1004.0,3994.0,90.0,-116,-5.2
2026-08-19 01:21:03,NODO 1.21,25.44,100.0,1005.0,3205.0,83.7,-119,-13.0
2026-08-19 01:21:09,NODO 1.59,25.54,97.57,1001.0,3871.0,82.5,-119,-10.0
2026-08-19 01:22:48,NODO 1.12,25.64,100.0,1005.0,1519.0,0,-90,9.5
2026-08-19 01:22:57,NODO 1.41,25.19,78.46,1004.0,4028.0,0,-112,1.2
2026-08-19 01:23:22,NODO 1.19,24.72,68.55,1004.0,3778.0,0,-91,9.5
2026-08-19 01:24:22,NODO 1.22,26.07,96.65,1004.0,4013.0,7.1,-113,2.8
2026-08-19 01:24:27,NODO 1.35,24.95,100.0,1004.0,4038.0,8.8,-107,7.2
2026-08-19 01:27:34,NODO 1.20,25.96,100.0,1005.0,3631.0,87.4,-119,-1.0
2026-08-19 01:28:07,NODO 1.43,25.04,94.77,1004.0,4038.0,87.5,-96,8.0
2026-08-19 01:28:22,NODO 1.18,25.81,100.0,1004.0,2705.0,33.3,-95,9.8
2026-08-19 01:28:24,NODO 1.15,25.26,100.0,1005.0,3847.0,20.6,-96,9.5
2026-08-19 01:32:22,NODO 1.48,25.38,100.0,1005.0,3851.0,16.4,-112,5.2
2026-08-19 01:33:10,NODO 1.49,25.03,87.14,1002.0,3700.0,17.8,-107,6.5
2026-08-19 01:33:33,NODO 1.40,25.19,86.87,1003.0,4101.0,19.1,-97,9.8
2026-08-19 01:33:37,NODO 1.50,24.49,86.64,1007.0,4082.0,88.3,-109,6.0
2026-08-19 01:33:57,NODO 1.04,25.94,100.0,1004.0,3896.0,88.8,-93,7.8
2026-08-19 01:34:21,NODO 1.52,25.42,89.13,1004.0,3920.0,89.5,-113,4.8
2026-08-19 01:35:09,NODO 1.02,25.64,100.0,1004.0,3729.0,89.8,-119,-4.2
2026-08-19 01:35:10,NODO 1.10,25.38,100.0,1004.0,3891.0,87.7,-107,7.8
2026-08-19 01:35:13,NODO 1.37,24.59,71.27,1004.0,4052.0,87.4,-118,
2026-08-19 01:35:17,NODO 1.11,25.16,100.0,1002.0,3680.0,85.2,-120,-1.8
2026-08-19 01:35:19,NODO 1.56,25.05,89.16,1004.0,3636.0,81.3,-111,1.8
2026-08-19 01:35:43,NODO 1.36,25.4,100.0,1002.0,3768.0,81.8,-120,-1.8
2026-08-19 01:36:04,NODO 1.51,25.62,100.0,1005.0,3861.0,81.4,-113,-4.0
2026-08-19 01:36:46,NODO 1.31,25.45,100.0,1005.0,3700.0,62.7,-117,-1.5
2026-08-19 01:36:54,NODO 1.34,24.97,90.46,1002.0,4052.0,81.7,-112,4.2
2026-08-19 01:37:29,NODO 1.01,25.56,100.0,1004.0,3768.0,83.6,-96,10.0
2026-08-19 01:38:00,NODO 1.05,25.62,100.0,1004.0,3969.0,86.0,-99,6.0
2026-08-19 01:38:07,NODO 1.53,25.21,100.0,1003.0,3915.0,86.5,-103,8.0
2026-08-19 01:38:48,NODO 1.24,25.78,100.0,1004.0,4077.0,90.3,-82,9.2
2026-08-19 01:39:48,NODO 1.32,25.64,100.0,1004.0,3631.0,86.1,-117,-0.5
2026-08-19 01:40:59,NODO 1.38,25.5,87.58,1005.0,3847.0,86.9,-103,4.0
2026-08-19 01:41:39,NODO 1.03,25.62,100.0,1004.0,3376.0,77.3,-109,7.5
2026-08-19 01:41:51,NODO 1.17,25.43,100.0,1003.0,3905.0,76.8,-101,10.0
2026-08-19 01:42:06,NODO 1.29,25.49,100.0,1003.0,3856.0,58.7,-95,9.2
2026-08-19 01:42:54,NODO 1.07,25.0,100.0,1004.0,3935.0,80.3,-100,9.0
2026-08-19 01:43:47,NODO 1.44,25.04,92.24,1004.0,4062.0,83.3,-107,7.0
2026-08-19 01:44:11,NODO 1.57,25.22,100.0,1003.0,3700.0,87.1,-120,-13.5
2026-08-19 01:44:20,NODO 1.23,25.19,100.0,1003.0,3856.0,86.6,-118,-7.8
2026-08-19 01:44:42,NODO 1.33,25.17,86.41,1004.0,4033.0,88.4,-96,11.8
2026-08-19 01:44:42,NODO 1.16,25.96,100.0,1004.0,3925.0,88.3,-93,7.2
2026-08-19 01:44:46,NODO 1.54,25.14,88.19,1001.0,4008.0,87.7,-35,9.8
2026-08-19 01:45:34,NODO 1.06,25.31,100.0,1004.0,3896.0,89.7,-101,8.2
2026-08-19 01:45:49,NODO 1.13,25.31,100.0,1004.0,4082.0,91.9,-115,1.5
2026-08-19 01:45:53,NODO 1.45,25.08,83.14,1004.0,4033.0,91.9,-95,9.0
2026-08-19 01:46:25,NODO 1.46,25.18,100.0,1003.0,4047.0,93.2,-115,
2026-08-19 01:46:31,NODO 1.25,25.39,98.72,1004.0,4047.0,93.5,-93,9.2
2026-08-19 01:46:32,NODO 1.55,25.17,100.0,1005.0,3915.0,93.7,-111,5.0
2026-08-19 01:47:10,NODO 1.08,25.74,100.0,1003.0,3440.0,87.3,-108,7.2
2026-08-19 01:47:31,NODO 1.42,24.8,78.26,1004.0,3964.0,86.6,-120,-6.0
2026-08-19 01:48:29,NODO 1.60,25.62,91.47,1004.0,3871.0,84.8,-113,3.8
2026-08-19 01:48:33,NODO 1.27,25.07,94.06,1001.0,3984.0,83.9,-107,7.5
2026-08-19 01:48:33,NODO 1.58,26.11,95.48,1004.0,3807.0,82.4,-109,6.8
2026-08-19 01:49:13,NODO 1.26,25.75,100.0,1004.0,3959.0,88.3,-107,7.5
2026-08-19 01:49:59,NODO 1.14,25.51,100.0,1004.0,3886.0,87.6,-101,9.8
2026-08-19 01:50:23,NODO 1.39,24.93,79.23,1003.0,4116.0,90.0,-117,-3.8
2026-08-19 01:50:53,NODO 1.21,25.42,100.0,1004.0,3200.0,81.0,-121,-13.8
2026-08-19 01:50:53,NODO 1.09,25.6,100.0,1004.0,3998.0,83.7,-120,-6.2
2026-08-19 01:51:00,NODO 1.59,25.52,97.7,1001.0,3886.0,82.7,-116,-7.0
2026-08-19 01:52:42,NODO 1.12,25.61,100.0,1005.0,1519.0,0,-85,10.0
2026-08-19 01:52:49,NODO 1.41,25.09,75.0,1004.0,4018.0,0,-113,3.8
2026-08-19 01:53:15,NODO 1.19,24.7,68.55,1004.0,3773.0,6.9,-97,11.0
2026-08-19 01:54:14,NODO 1.22,26.03,96.71,1004.0,4018.0,7.1,-115,2.0
2026-08-19 01:54:17,NODO 1.35,24.96,97.67,1004.0,4033.0,8.6,-103,8.0
2026-08-19 01:57:24,NODO 1.20,26.0,100.0,1005.0,3631.0,87.2,-119,-4.5
2026-08-19 01:58:00,NODO 1.43,25.0,92.24,1004.0,4028.0,87.3,-115,2.8
2026-08-19 01:58:15,NODO 1.18,25.77,100.0,1003.0,2705.0,32.0,-100,9.8
2026-08-19 01:58:15,NODO 1.15,25.3,100.0,1004.0,3851.0,20.0,-105,8.5
2026-08-19 02:02:17,NODO 1.48,25.36,100.0,1005.0,3851.0,16.3,-117,-2.5
2026-08-19 02:03:02,NODO 1.49,25.01,87.18,1002.0,3695.0,17.6,-109,5.8
2026-08-19 02:03:25,NODO 1.40,25.15,86.43,1003.0,4106.0,19.2,-95,9.8
2026-08-19 02:03:27,NODO 1.50,24.47,85.79,1006.0,4082.0,88.3,-111,2.0
2026-08-19 02:03:49,NODO 1.04,25.91,100.0,1003.0,3891.0,88.8,-119,-2.2
2026-08-19 02:04:14,NODO 1.52,25.36,88.87,1004.0,3925.0,89.5,-117,-5.0
2026-08-19 02:05:03,NODO 1.02,25.62,100.0,1003.0,3719.0,89.7,-114,0.8
2026-08-19 02:05:04,NODO 1.10,25.36,100.0,1004.0,3891.0,87.6,-108,7.0
2026-08-19 02:05:07,NODO 1.37,24.52,71.33,1004.0,4047.0,87.2,-108,8.0
2026-08-19 02:05:09,NODO 1.11,25.14,100.0,1002.0,3670.0,85.0,-116,1.0
2026-08-19 02:05:12,NODO 1.56,25.04,89.54,1003.0,3636.0,80.9,-108,7.5
2026-08-19 02:05:30,NODO 1.36,25.42,100.0,1001.0,3768.0,81.6,-119,-0.2
2026-08-19 02:05:58,NODO 1.51,25.61,100.0,1004.0,3861.0,81.2,-84,9.2
2026-08-19 02:06:39,NODO 1.31,25.45,100.0,1005.0,3704.0,61.9,-89,8.5
2026-08-19 02:06:44,NODO 1.34,24.88,90.25,1002.0,4052.0,81.7,-97,7.0
2026-08-19 02:07:23,NODO 1.01,25.56,100.0,1003.0,3758.0,83.5,-95,8.5
2026-08-19 02:07:53,NODO 1.05,25.58,100.0,1004.0,3969.0,85.9,-118,-2.8
2026-08-19 02:08:01,NODO 1.53,25.21,100.0,1003.0,3915.0,86.5,-103,8.5
2026-08-19 02:08:44,NODO 1.24,25.86,100.0,1003.0,4077.0,90.2,-81,10.0
2026-08-19 02:09:39,NODO 1.32,25.6,100.0,1003.0,3631.0,86.0,-118,-1.5
2026-08-19 02:10:50,NODO 1.38,25.45,87.54,1005.0,3847.0,86.9,-103,7.5
2026-08-19 02:11:29,NODO 1.03,25.63,100.0,1004.0,3376.0,77.3,-99,7.0
2026-08-19 02:11:44,NODO 1.17,25.36,100.0,1003.0,3905.0,76.8,-100,9.0
2026-08-19 02:12:00,NODO 1.29,25.48,100.0,1003.0,3856.0,58.7,-109,5.8
2026-08-19 02:12:49,NODO 1.07,24.94,100.0,1004.0,3935.0,80.3,-117,-7.5
2026-08-19 02:13:37,NODO 1.44,25.06,91.61,1004.0,4062.0,83.3,-105,8.5
2026-08-19 02:14:02,NODO 1.57,25.25,100.0,1002.0,3700.0,87.1,-117,-7.8
2026-08-19 02:14:13,NODO 1.23,25.13,100.0,1003.0,3856.0,86.6,-112,4.8
2026-08-19 02:14:32,NODO 1.33,25.09,84.29,1004.0,4033.0,88.4,-91,12.0
2026-08-19 02:14:35,NODO 1.16,26.07,100.0,1004.0,3925.0,88.3,-119,-3.5
2026-08-19 02:14:38,NODO 1.54,25.14,88.08,1001.0,3998.0,87.6,-115,1.0
2026-08-19 02:15:25,NODO 1.06,25.23,100.0,1003.0,3896.0,89.6,-96,9.8
2026-08-19 02:15:44,NODO 1.13,25.28,100.0,1003.0,4077.0,91.8,-113,3.8
2026-08-19 02:15:45,NODO 1.45,24.99,80.78,1004.0,4038.0,91.8,-118,-5.0
2026-08-19 02:16:18,NODO 1.46,25.14,100.0,1002.0,4033.0,92.9,-88,10.2
2026-08-19 02:16:22,NODO 1.25,25.34,98.93,1004.0,4038.0,93.3,-108,7.5
2026-08-19 02:16:25,NODO 1.55,25.16,100.0,1004.0,3905.0,93.4,-109,4.2
2026-08-19 02:17:05,NODO 1.08,25.69,100.0,1003.0,3450.0,87.1,-100,9.0
2026-08-19 02:17:21,NODO 1.42,24.71,76.78,1003.0,3969.0,86.5,-108,1.5
2026-08-19 02:18:20,NODO 1.60,25.53,90.45,1004.0,3871.0,84.8,-113,-5.8
2026-08-19 02:18:26,NODO 1.27,24.91,93.99,1001.0,3989.0,84.1,-104,7.0
2026-08-19 02:18:27,NODO 1.58,25.96,95.24,1004.0,3783.0,82.3,-114,0.5
2026-08-19 02:19:05,NODO 1.26,25.75,100.0,1003.0,3959.0,88.2,-96,10.2
2026-08-19 02:19:50,NODO 1.14,25.44,100.0,1004.0,3891.0,87.4,-115,1.5
2026-08-19 02:20:18,NODO 1.39,24.88,79.28,1002.0,4106.0,89.8,-118,-3.0
2026-08-19 02:20:45,NODO 1.21,25.38,100.0,1004.0,3200.0,80.6,-115,-0.2
2026-08-19 02:20:45,NODO 1.09,25.55,100.0,1004.0,3994.0,83.6,-119,-3.5
2026-08-19 02:20:53,NODO 1.59,25.53,97.43,1000.0,3886.0,82.5,-118,-11.8
2026-08-19 02:22:36,NODO 1.12,25.58,100.0,1004.0,1617.0,1.1,-85,9.2
2026-08-19 02:22:40,NODO 1.41,24.95,73.57,1004.0,4013.0,0,-111,4.8
2026-08-19 02:23:07,NODO 1.19,24.63,68.73,1003.0,3778.0,7.9,-90,9.8
2026-08-19 02:24:06,NODO 1.22,25.99,96.52,1004.0,4018.0,8.1,-115,2.0
2026-08-19 02:24:09,NODO 1.35,24.88,96.88,1003.0,4028.0,9.5,-97,10.5
2026-08-19 02:24:28,NODO 1.28,25.84,100.0,1003.0,3851.0,89.4,-111,5.0
2026-08-19 02:27:15,NODO 1.20,25.95,100.0,1004.0,3631.0,85.6,-117,1.2
2026-08-19 02:27:54,NODO 1.43,24.95,91.16,1003.0,4028.0,88.1,-113,-2.0
2026-08-19 02:28:06,NODO 1.18,25.7,100.0,1003.0,2705.0,19.9,-102,8.2
2026-08-19 02:28:09,NODO 1.15,25.16,100.0,1004.0,3847.0,16.2,-103,9.0
2026-08-19 02:32:09,NODO 1.48,25.37,100.0,1005.0,3851.0,16.2,-119,-5.5
2026-08-19 02:32:57,NODO 1.49,25.05,87.67,1001.0,3695.0,17.5,-118,-1.8
2026-08-19 02:33:16,NODO 1.40,25.03,84.59,1002.0,4092.0,18.8,-96,8.5
2026-08-19 02:33:19,NODO 1.50,24.44,86.5,1006.0,4082.0,88.2,-119,-8.5
2026-08-19 02:33:41,NODO 1.04,25.8,100.0,1003.0,3900.0,88.7,-115,-0.2
2026-08-19 02:34:06,NODO 1.52,25.27,88.07,1003.0,3920.0,89.4,-111,2.5
2026-08-19 02:34:53,NODO 1.02,25.56,100.0,1003.0,3729.0,89.7,-118,-2.5
2026-08-19 02:34:57,NODO 1.10,25.3,100.0,1003.0,3891.0,87.7,-83,8.2
2026-08-19 02:34:59,NODO 1.37,24.47,71.38,1003.0,4052.0,87.4,-111,0.5
2026-08-19 02:35:00,NODO 1.11,25.11,100.0,1001.0,3670.0,85.1,-115,1.8
2026-08-19 02:35:04,NODO 1.56,25.02,88.96,1003.0,3636.0,81.1,-115,0.8
2026-08-19 02:35:20,NODO 1.36,25.41,100.0,1001.0,3768.0,81.7,-111,5.8
2026-08-19 02:35:50,NODO 1.51,25.6,100.0,1004.0,3861.0,81.2,-85,10.0
2026-08-19 02:36:30,NODO 1.31,25.44,100.0,1004.0,3704.0,61.9,-91,8.2
2026-08-19 02:36:35,NODO 1.34,24.65,89.93,1001.0,4052.0,81.7,-110,5.8
2026-08-19 02:37:16,NODO 1.01,25.48,100.0,1003.0,3768.0,83.6,-99,10.2
2026-08-19 02:37:44,NODO 1.05,25.41,100.0,1003.0,3969.0,86.0,-118,-7.8
2026-08-19 02:37:54,NODO 1.53,25.2,100.0,1003.0,3915.0,86.6,-103,8.5
2026-08-19 02:38:39,NODO 1.24,25.06,100.0,1003.0,4082.0,90.4,-118,-2.5
2026-08-19 02:39:31,NODO 1.32,25.54,100.0,1003.0,3631.0,86.2,-115,-0.5
2026-08-19 02:41:20,NODO 1.03,25.42,100.0,1003.0,3376.0,81.0,-112,4.8
2026-08-19 02:41:34,NODO 1.17,25.28,100.0,1003.0,3905.0,80.1,-112,4.0
2026-08-19 02:41:50,NODO 1.29,25.41,100.0,1002.0,3856.0,77.5,-96,8.5
2026-08-19 02:42:44,NODO 1.07,24.86,100.0,1003.0,3935.0,70.1,-94,10.2
2026-08-19 02:43:29,NODO 1.44,24.88,87.98,1003.0,4057.0,83.3,-105,9.0
2026-08-19 02:43:54,NODO 1.57,25.18,100.0,1002.0,3695.0,87.0,-119,-8.0
2026-08-19 02:44:07,NODO 1.23,25.06,100.0,1003.0,3856.0,86.5,-118,-7.0
2026-08-19 02:44:25,NODO 1.33,24.96,82.6,1003.0,4028.0,88.2,-91,6.8
2026-08-19 02:44:27,NODO 1.16,25.76,100.0,1003.0,3925.0,88.1,-119,-6.5
2026-08-19 02:44:32,NODO 1.54,25.02,85.47,1001.0,3998.0,87.5,-115,2.8
2026-08-19 02:45:19,NODO 1.06,25.07,100.0,1003.0,3900.0,89.6,-102,7.5
2026-08-19 02:45:37,NODO 1.13,25.24,100.0,1003.0,4067.0,91.7,-112,4.0
2026-08-19 02:45:39,NODO 1.45,24.77,79.53,1003.0,4038.0,91.8,-99,9.5
2026-08-19 02:46:09,NODO 1.46,24.86,100.0,1002.0,4038.0,92.9,-112,3.2
2026-08-19 02:46:12,NODO 1.25,25.01,98.12,1003.0,4038.0,93.3,-91,7.2
2026-08-19 02:46:19,NODO 1.55,25.06,100.0,1004.0,3915.0,93.5,-113,4.2
2026-08-19 02:46:58,NODO 1.08,25.55,100.0,1002.0,3450.0,87.3,-99,8.8
2026-08-19 02:47:14,NODO 1.42,24.57,75.79,1003.0,3964.0,86.5,-118,-7.2
2026-08-19 02:48:11,NODO 1.60,25.47,90.7,1003.0,3871.0,84.8,-112,4.8
2026-08-19 02:48:18,NODO 1.27,24.84,94.03,1001.0,3974.0,83.9,-103,8.5
2026-08-19 02:48:18,NODO 1.58,25.8,94.66,1004.0,3793.0,82.2,-120,-12.0
2026-08-19 02:48:55,NODO 1.26,25.63,100.0,1003.0,3964.0,88.2,-93,9.0
2026-08-19 02:49:43,NODO 1.14,25.36,100.0,1003.0,3886.0,87.4,-115,2.0
2026-08-19 02:50:12,NODO 1.39,24.62,79.26,1002.0,4106.0,89.7,-106,6.5
2026-08-19 02:50:37,NODO 1.09,25.44,100.0,1003.0,3994.0,89.9,-117,-4.2
2026-08-19 02:50:37,NODO 1.21,25.27,100.0,1004.0,3200.0,83.6,-120,-10.0
2026-08-19 02:50:46,NODO 1.59,25.56,96.98,1000.0,3861.0,82.1,-121,-13.0
2026-08-19 02:52:29,NODO 1.12,25.39,100.0,1004.0,1735.0,2.9,-119,-5.8
2026-08-19 02:52:31,NODO 1.41,24.78,72.79,1003.0,4018.0,1.2,-112,3.8
2026-08-19 02:53:00,NODO 1.19,24.49,67.91,1003.0,3778.0,0,-90,11.2
2026-08-19 02:53:58,NODO 1.22,25.81,96.88,1003.0,4018.0,9.1,-109,7.2
2026-08-19 02:53:58,NODO 1.35,24.61,97.47,1003.0,4038.0,10.9,-105,6.0
2026-08-19 02:54:21,NODO 1.28,25.67,100.0,1003.0,3861.0,89.6,-112,3.2
2026-08-19 02:57:07,NODO 1.20,25.79,100.0,1004.0,3631.0,85.8,-118,-3.8
2026-08-19 02:57:43,NODO 1.43,24.66,89.94,1003.0,4028.0,88.3,-99,9.5
2026-08-19 02:57:59,NODO 1.18,25.55,100.0,1003.0,2710.0,21.2,-108,7.0
2026-08-19 02:57:59,NODO 1.15,25.0,100.0,1004.0,3847.0,16.5,-102,7.8
2026-08-19 03:02:01,NODO 1.48,25.1,100.0,1004.0,3851.0,16.3,-107,7.2
2026-08-19 03:02:48,NODO 1.49,24.95,87.11,1001.0,3700.0,17.7,-117,-3.0
2026-08-19 03:03:08,NODO 1.40,24.86,83.6,1002.0,4106.0,19.3,-97,10.2
2026-08-19 03:03:13,NODO 1.50,24.37,86.97,1006.0,4087.0,88.4,-107,7.0
2026-08-19 03:03:34,NODO 1.04,25.54,100.0,1003.0,3896.0,88.9,-91,9.5
2026-08-19 03:03:59,NODO 1.52,25.17,87.7,1003.0,3925.0,89.6,-109,7.0
2026-08-19 03:04:45,NODO 1.02,25.42,100.0,1003.0,3714.0,89.8,-99,9.5
2026-08-19 03:04:49,NODO 1.10,25.15,100.0,1003.0,3891.0,87.6,-107,7.8
2026-08-19 03:04:52,NODO 1.37,24.45,71.53,1003.0,4047.0,87.2,-114,3.5
2026-08-19 03:04:53,NODO 1.56,24.97,88.71,1003.0,3636.0,84.5,-117,-6.8
2026-08-19 03:04:56,NODO 1.11,24.99,100.0,1001.0,3670.0,80.8,-118,
2026-08-19 03:05:09,NODO 1.36,25.29,100.0,1001.0,3768.0,81.6,-111,5.2
2026-08-19 03:05:43,NODO 1.51,25.48,100.0,1004.0,3871.0,81.3,-117,-1.8
2026-08-19 03:06:20,NODO 1.31,25.28,100.0,1004.0,3700.0,62.7,-114,-3.8
2026-08-19 03:06:27,NODO 1.34,24.35,87.21,1001.0,4052.0,82.3,-94,9.2
2026-08-19 03:07:07,NODO 1.01,25.19,100.0,1003.0,3768.0,83.7,-112,4.8
2026-08-19 03:07:36,NODO 1.05,25.22,100.0,1003.0,3959.0,86.0,-117,-5.5
2026-08-19 03:07:46,NODO 1.53,25.13,100.0,1003.0,3915.0,86.4,-105,9.5
2026-08-19 03:08:32,NODO 1.24,24.73,100.0,1003.0,4077.0,90.2,-99,9.2
2026-08-19 03:09:27,NODO 1.32,25.46,100.0,1003.0,3631.0,86.0,-116,
2026-08-19 03:10:34,NODO 1.38,25.32,87.49,1005.0,3847.0,86.8,-113,-2.0
2026-08-19 03:11:10,NODO 1.03,25.18,100.0,1003.0,3376.0,77.3,-109,7.5
2026-08-19 03:11:25,NODO 1.17,25.09,100.0,1003.0,3905.0,76.8,-97,9.2
2026-08-19 03:11:40,NODO 1.29,25.31,100.0,1002.0,3856.0,58.7,-114,5.8
2026-08-19 03:12:40,NODO 1.07,24.79,100.0,1004.0,3915.0,80.0,-95,8.8
2026-08-19 03:13:19,NODO 1.44,24.53,86.61,1004.0,4052.0,82.9,-97,7.0
2026-08-19 03:13:45,NODO 1.57,25.0,100.0,1002.0,3700.0,86.8,-119,-10.0
2026-08-19 03:14:00,NODO 1.23,24.99,100.0,1003.0,3856.0,86.3,-115,-5.8
2026-08-19 03:14:20,NODO 1.33,24.78,82.21,1003.0,4028.0,88.0,-91,13.2
2026-08-19 03:14:21,NODO 1.16,25.2,100.0,1003.0,3920.0,88.1,-96,9.5
2026-08-19 03:14:22,NODO 1.54,24.6,84.57,1001.0,3998.0,87.5,-34,10.5
2026-08-19 03:15:10,NODO 1.06,24.87,100.0,1003.0,3900.0,89.5,-99,9.2
2026-08-19 03:15:29,NODO 1.13,25.15,100.0,1003.0,4067.0,91.6,-113,3.2
2026-08-19 03:15:32,NODO 1.45,24.46,78.41,1004.0,4028.0,91.6,-119,-7.2
2026-08-19 03:16:01,NODO 1.25,24.79,100.0,1004.0,4047.0,92.9,-107,8.5
2026-08-19 03:16:02,NODO 1.46,24.53,100.0,1002.0,4033.0,93.2,-83,9.2
2026-08-19 03:16:15,NODO 1.55,25.02,100.0,1004.0,3915.0,93.4,-120,-7.0
2026-08-19 03:16:51,NODO 1.08,25.39,100.0,1003.0,3459.0,87.3,-99,5.5
2026-08-19 03:17:07,NODO 1.42,24.39,75.98,1003.0,3964.0,86.7,-118,-8.5
2026-08-19 03:18:04,NODO 1.60,25.36,91.01,1004.0,3871.0,84.9,-109,5.2
2026-08-19 03:18:11,NODO 1.58,25.67,94.75,1004.0,3783.0,81.3,-119,-5.8
2026-08-19 03:18:11,NODO 1.27,24.75,94.0,1001.0,3989.0,82.4,-103,8.0
2026-08-19 03:18:47,NODO 1.26,25.41,100.0,1003.0,3959.0,88.2,-108,7.2
2026-08-19 03:19:36,NODO 1.14,25.24,100.0,1004.0,3886.0,87.4,-103,8.5
2026-08-19 03:20:06,NODO 1.39,24.4,79.26,1002.0,4106.0,89.7,-107,6.2
2026-08-19 03:20:29,NODO 1.09,25.25,100.0,1004.0,3994.0,91.8,-114,0.2
2026-08-19 03:20:30,NODO 1.21,25.14,100.0,1004.0,3200.0,83.5,-117,-3.5
2026-08-19 03:20:35,NODO 1.59,25.56,97.25,1000.0,3871.0,82.2,-117,-6.8
2026-08-19 03:22:22,NODO 1.41,24.65,73.39,1004.0,4013.0,84.1,-113,3.2
2026-08-19 03:22:24,NODO 1.12,25.17,100.0,1004.0,1705.0,0.7,-83,9.0
2026-08-19 03:22:50,NODO 1.19,24.32,68.25,1003.0,3778.0,0,-87,11.5
2026-08-19 03:23:49,NODO 1.35,24.29,97.01,1003.0,4028.0,8.9,-106,6.8
2026-08-19 03:23:51,NODO 1.22,25.62,97.51,1004.0,4028.0,10.5,-114,2.0
2026-08-19 03:26:57,NODO 1.20,25.68,100.0,1005.0,3626.0,6.7,-83,11.0
2026-08-19 03:27:34,NODO 1.43,24.4,91.61,1003.0,4028.0,87.4,-107,7.5
2026-08-19 03:27:51,NODO 1.18,25.38,100.0,1003.0,2715.0,33.3,-108,8.8
2026-08-19 03:27:51,NODO 1.15,24.79,100.0,1004.0,3847.0,19.9,-106,-6.8
2026-08-19 03:31:55,NODO 1.48,24.93,100.0,1005.0,3851.0,16.3,-103,9.5
2026-08-19 03:32:38,NODO 1.49,24.83,86.87,1001.0,3700.0,17.8,-105,8.0
2026-08-19 03:32:59,NODO 1.40,24.67,83.32,1003.0,4106.0,19.4,-99,9.8
2026-08-19 03:33:06,NODO 1.50,24.26,86.64,1006.0,4082.0,88.4,-107,7.8
2026-08-19 03:33:25,NODO 1.04,25.37,100.0,1003.0,3900.0,88.9,-93,10.0
2026-08-19 03:33:50,NODO 1.52,25.03,87.53,1003.0,3920.0,89.6,-107,8.2
2026-08-19 03:34:34,NODO 1.02,25.3,100.0,1003.0,3719.0,89.8,-114,3.0
2026-08-19 03:34:40,NODO 1.10,24.99,100.0,1004.0,3891.0,87.6,-108,6.8
2026-08-19 03:34:45,NODO 1.37,24.43,71.73,1003.0,4038.0,87.2,-109,8.0
2026-08-19 03:34:45,NODO 1.56,24.9,88.38,1003.0,3636.0,84.3,-118,-2.5
2026-08-19 03:34:48,NODO 1.11,24.89,100.0,1002.0,3670.0,80.8,-103,9.0
2026-08-19 03:34:59,NODO 1.36,25.14,100.0,1001.0,3753.0,81.3,-115,-1.5
2026-08-19 03:35:36,NODO 1.51,25.35,100.0,1004.0,3861.0,80.8,-87,10.2
2026-08-19 03:36:11,NODO 1.31,25.04,100.0,1004.0,3704.0,59.9,-115,-4.2
2026-08-19 03:36:18,NODO 1.34,24.2,89.29,1001.0,4047.0,81.9,-110,5.5
2026-08-19 03:36:59,NODO 1.01,25.03,100.0,1003.0,3768.0,83.3,-116,-6.2
2026-08-19 03:37:27,NODO 1.05,25.05,100.0,1003.0,3959.0,85.9,-103,9.5
2026-08-19 03:37:39,NODO 1.53,25.03,100.0,1003.0,3915.0,86.4,-119,-5.8
2026-08-19 03:38:25,NODO 1.24,24.58,100.0,1003.0,4077.0,90.2,-118,-3.5
2026-08-19 03:39:19,NODO 1.32,25.33,100.0,1003.0,3631.0,86.0,-118,-0.8
2026-08-19 03:40:24,NODO 1.38,25.23,87.69,1005.0,3847.0,86.8,-109,6.0
2026-08-19 03:41:05,NODO 1.03,24.98,100.0,1004.0,3376.0,77.3,-87,10.5
2026-08-19 03:41:17,NODO 1.17,24.94,100.0,1003.0,3905.0,76.8,-103,7.8
2026-08-19 03:41:33,NODO 1.29,25.22,100.0,1003.0,3856.0,58.7,-113,6.0
2026-08-19 03:42:34,NODO 1.07,24.68,100.0,1004.0,3920.0,80.1,-120,-6.2
2026-08-19 03:43:11,NODO 1.44,24.32,87.84,1004.0,4052.0,83.0,-103,8.8
2026-08-19 03:43:37,NODO 1.57,24.83,100.0,1002.0,3695.0,86.8,-119,-11.8
2026-08-19 03:43:54,NODO 1.23,24.89,100.0,1003.0,3856.0,86.3,-118,-6.8
2026-08-19 03:44:11,NODO 1.33,24.62,81.7,1004.0,4028.0,88.0,-93,13.0
2026-08-19 03:44:13,NODO 1.16,25.11,100.0,1004.0,3915.0,88.0,-119,-2.5
2026-08-19 03:44:14,NODO 1.54,24.48,86.54,1001.0,3998.0,87.4,-35,7.5
2026-08-19 03:45:03,NODO 1.06,24.69,100.0,1004.0,3896.0,89.4,-99,9.8
2026-08-19 03:45:22,NODO 1.13,25.06,100.0,1003.0,4067.0,91.5,-109,7.0
2026-08-19 03:45:25,NODO 1.45,24.34,78.63,1004.0,4033.0,91.6,-119,-3.8
2026-08-19 03:45:50,NODO 1.25,24.59,100.0,1004.0,4038.0,92.8,-93,10.2
2026-08-19 03:45:56,NODO 1.46,24.35,100.0,1002.0,4047.0,93.3,-113,3.8
2026-08-19 03:46:04,NODO 1.55,24.92,100.0,1004.0,3915.0,93.5,-117,-2.8
2026-08-19 03:46:46,NODO 1.08,25.25,100.0,1003.0,3450.0,87.3,-120,-7.2
2026-08-19 03:46:58,NODO 1.42,24.22,75.86,1003.0,3964.0,86.6,-112,3.8
2026-08-19 03:47:55,NODO 1.60,25.24,91.45,1004.0,3871.0,85.0,-111,-5.0
2026-08-19 03:48:03,NODO 1.27,24.7,94.4,1001.0,3974.0,83.9,-106,6.8
2026-08-19 03:48:04,NODO 1.58,25.59,95.09,1004.0,3783.0,82.0,-121,-7.2
2026-08-19 03:48:37,NODO 1.26,25.28,100.0,1003.0,3959.0,88.0,-106,6.5
2026-08-19 03:49:27,NODO 1.14,25.14,100.0,1004.0,3886.0,87.2,-115,1.2
2026-08-19 03:50:00,NODO 1.39,24.23,79.47,1002.0,4106.0,89.6,-105,6.5
2026-08-19 03:50:21,NODO 1.09,25.15,100.0,1004.0,3994.0,89.8,-119,-3.8
2026-08-19 03:50:21,NODO 1.21,25.06,100.0,1004.0,3200.0,83.5,-117,-6.8
2026-08-19 03:50:27,NODO 1.59,25.42,97.89,1000.0,3891.0,82.5,-113,1.2
2026-08-19 03:52:18,NODO 1.12,25.01,100.0,1004.0,1691.0,2.6,-87,9.2
2026-08-19 03:52:49,NODO 1.19,24.18,68.52,1003.0,3773.0,0,-89,11.0
2026-08-19 03:53:40,NODO 1.35,24.16,97.66,1003.0,4028.0,0,-99,7.2
2026-08-19 03:53:44,NODO 1.22,25.5,97.41,1004.0,4018.0,9.0,-99,10.5
2026-08-19 03:56:49,NODO 1.20,25.55,100.0,1004.0,3631.0,6.4,-81,9.2
2026-08-19 03:57:25,NODO 1.43,24.24,90.41,1003.0,4028.0,87.3,-103,7.8
2026-08-19 03:57:42,NODO 1.15,24.62,100.0,1004.0,3847.0,88.0,-100,8.2
2026-08-19 03:57:43,NODO 1.18,25.25,100.0,1003.0,2715.0,19.8,-102,8.0
2026-08-19 04:01:49,NODO 1.48,24.86,100.0,1005.0,3851.0,16.4,-103,4.2
2026-08-19 04:02:29,NODO 1.49,24.74,87.22,1001.0,3700.0,17.8,-115,2.8
2026-08-19 04:02:52,NODO 1.40,24.63,87.57,1002.0,4106.0,19.4,-97,9.5
2026-08-19 04:02:59,NODO 1.50,24.17,86.41,1006.0,4077.0,36.5,-108,-5.5
2026-08-19 04:03:17,NODO 1.04,25.26,100.0,1003.0,3900.0,88.8,-91,9.8
2026-08-19 04:03:43,NODO 1.52,24.92,87.82,1003.0,3920.0,89.5,-109,6.2
2026-08-19 04:04:25,NODO 1.02,25.22,100.0,1003.0,3719.0,89.7,-101,8.2
2026-08-19 04:04:32,NODO 1.10,24.91,100.0,1003.0,3891.0,87.6,-87,9.5
2026-08-19 04:04:38,NODO 1.11,24.83,100.0,1001.0,3670.0,82.9,-113,4.0
2026-08-19 04:04:38,NODO 1.37,24.4,71.64,1003.0,4047.0,85.0,-115,1.8
2026-08-19 04:04:39,NODO 1.56,24.82,88.39,1003.0,3636.0,80.9,-115,0.8
2026-08-19 04:04:51,NODO 1.36,25.0,100.0,1001.0,3758.0,81.5,-114,4.0
2026-08-19 04:05:29,NODO 1.51,25.25,100.0,1004.0,3861.0,81.0,-117,-1.2
2026-08-19 04:06:00,NODO 1.31,24.98,100.0,1004.0,3704.0,81.5,-89,8.8
2026-08-19 04:06:09,NODO 1.34,24.31,95.89,1001.0,4038.0,81.4,-67,9.2
2026-08-19 04:06:54,NODO 1.01,25.08,100.0,1003.0,3758.0,83.1,-113,3.5
2026-08-19 04:07:19,NODO 1.05,25.03,100.0,1003.0,3959.0,85.7,-95,9.5
2026-08-19 04:07:33,NODO 1.53,24.98,100.0,1003.0,3915.0,86.2,-103,6.8
2026-08-19 04:08:19,NODO 1.24,24.88,100.0,1003.0,4077.0,90.0,-118,-1.5
2026-08-19 04:09:13,NODO 1.32,25.25,100.0,1003.0,3631.0,85.9,-116,-0.2
2026-08-19 04:10:17,NODO 1.38,25.15,87.64,1005.0,3847.0,86.8,-118,-9.5
2026-08-19 04:10:59,NODO 1.03,24.91,100.0,1003.0,3376.0,77.3,-106,6.8
2026-08-19 04:11:07,NODO 1.17,24.81,100.0,1003.0,3905.0,76.8,-106,5.8
2026-08-19 04:11:24,NODO 1.29,25.16,100.0,1002.0,3856.0,58.7,-114,2.2
2026-08-19 04:12:27,NODO 1.07,24.63,100.0,1003.0,3915.0,80.0,-112,3.8
2026-08-19 04:13:02,NODO 1.44,24.36,95.27,1003.0,4052.0,82.9,-91,8.5
2026-08-19 04:13:30,NODO 1.57,24.76,100.0,1002.0,3704.0,86.8,-120,-10.0
2026-08-19 04:13:46,NODO 1.23,24.81,100.0,1003.0,3856.0,86.3,-119,-6.8
2026-08-19 04:14:02,NODO 1.33,24.54,85.0,1003.0,4028.0,88.0,-93,9.5
2026-08-19 04:14:06,NODO 1.16,25.48,100.0,1003.0,3925.0,88.2,-97,9.8
2026-08-19 04:14:12,NODO 1.54,24.44,89.5,1001.0,3998.0,87.6,-109,5.2
2026-08-19 04:14:56,NODO 1.06,24.6,100.0,1003.0,3896.0,89.5,-90,9.8
2026-08-19 04:15:14,NODO 1.13,24.98,100.0,1003.0,4067.0,91.6,-105,7.8
2026-08-19 04:15:17,NODO 1.45,24.34,79.61,1003.0,4038.0,91.7,-121,-4.2
2026-08-19 04:15:39,NODO 1.25,24.55,100.0,1003.0,4038.0,92.9,-108,7.8
2026-08-19 04:15:47,NODO 1.46,24.42,100.0,1002.0,4028.0,93.2,-87,9.5
2026-08-19 04:15:57,NODO 1.55,24.81,100.0,1004.0,3905.0,93.3,-119,-8.8
2026-08-19 04:16:38,NODO 1.08,25.18,100.0,1002.0,3459.0,87.2,-101,9.2
2026-08-19 04:16:50,NODO 1.42,24.11,75.71,1003.0,3964.0,86.4,-111,4.2
2026-08-19 04:17:50,NODO 1.60,25.19,90.07,1003.0,3871.0,84.7,-118,-3.2
2026-08-19 04:17:55,NODO 1.58,25.55,95.6,1004.0,3783.0,81.2,-117,-4.0
2026-08-19 04:17:56,NODO 1.27,24.69,96.76,1001.0,3974.0,82.2,-107,7.0
2026-08-19 04:18:28,NODO 1.26,25.18,100.0,1003.0,3949.0,87.9,-107,7.2
2026-08-19 04:19:19,NODO 1.14,25.07,100.0,1003.0,3886.0,87.1,-85,10.0
2026-08-19 04:19:57,NODO 1.39,24.25,79.41,1002.0,4106.0,89.5,-118,-4.5
2026-08-19 04:20:12,NODO 1.21,25.01,100.0,1004.0,3190.0,82.9,-110,-1.0
2026-08-19 04:20:14,NODO 1.09,25.18,100.0,1003.0,3994.0,83.2,-117,-5.0
2026-08-19 04:20:20,NODO 1.59,25.33,97.48,1000.0,3891.0,82.4,-118,-2.0
2026-08-19 04:22:03,NODO 1.41,24.46,72.84,1004.0,4013.0,84.2,-109,5.0
2026-08-19 04:22:12,NODO 1.12,25.07,100.0,1004.0,1333.0,0,-87,7.5
2026-08-19 04:22:36,NODO 1.19,24.11,68.99,1003.0,3768.0,5.0,-89,9.5
2026-08-19 04:23:31,NODO 1.35,24.17,99.28,1003.0,4028.0,5.3,-105,8.5
2026-08-19 04:23:36,NODO 1.22,25.48,98.49,1004.0,4013.0,6.5,-114,4.2
2026-08-19 04:23:57,NODO 1.28,25.34,100.0,1004.0,3851.0,4.9,-113,3.8
2026-08-19 04:26:41,NODO 1.20,25.54,100.0,1004.0,3631.0,85.4,-81,9.2
2026-08-19 04:27:15,NODO 1.43,24.24,94.79,1003.0,4028.0,88.0,-108,6.2
2026-08-19 04:27:33,NODO 1.15,24.61,100.0,1004.0,3847.0,86.2,-104,8.5
2026-08-19 04:27:36,NODO 1.18,25.19,100.0,1003.0,2715.0,16.4,-107,8.0
2026-08-19 04:32:22,NODO 1.49,24.67,87.3,1001.0,3700.0,14.2,-106,7.2
2026-08-19 04:32:46,NODO 1.40,24.57,84.19,1003.0,4101.0,29.4,-95,8.2
2026-08-19 04:32:53,NODO 1.50,24.13,86.44,1006.0,4082.0,36.0,-109,7.8
2026-08-19 04:33:09,NODO 1.04,25.2,100.0,1003.0,3891.0,41.9,-91,6.8
2026-08-19 04:33:35,NODO 1.52,24.86,88.69,1004.0,3920.0,89.4,-119,-3.8
2026-08-19 04:34:13,NODO 1.02,25.17,100.0,1003.0,3734.0,89.8,-119,-3.8
2026-08-19 04:34:24,NODO 1.10,24.9,100.0,1004.0,3891.0,87.7,-104,7.5
2026-08-19 04:34:28,NODO 1.11,24.8,100.0,1002.0,3670.0,82.9,-114,2.0
2026-08-19 04:34:31,NODO 1.37,24.27,71.54,1004.0,4038.0,85.0,-119,-7.5
2026-08-19 04:34:33,NODO 1.56,24.77,88.52,1003.0,3636.0,81.0,-118,-6.8
2026-08-19 04:34:40,NODO 1.36,25.01,100.0,1001.0,3768.0,81.5,-115,1.8
2026-08-19 04:35:21,NODO 1.51,25.22,100.0,1004.0,3861.0,81.0,-87,9.0
2026-08-19 04:35:48,NODO 1.31,24.96,100.0,1004.0,3700.0,81.5,-117,-2.8
2026-08-19 04:35:59,NODO 1.34,24.24,93.6,1002.0,4052.0,81.7,-111,4.8
2026-08-19 04:36:47,NODO 1.01,25.02,100.0,1003.0,3768.0,83.6,-105,8.5
2026-08-19 04:37:11,NODO 1.05,24.94,100.0,1004.0,3959.0,85.9,-116,-6.2
2026-08-19 04:37:27,NODO 1.53,24.9,100.0,1003.0,3915.0,86.4,-106,7.5
2026-08-19 04:38:13,NODO 1.24,24.53,100.0,1003.0,4077.0,90.2,-120,-1.2
2026-08-19 04:39:05,NODO 1.32,25.22,100.0,1003.0,3631.0,86.0,-116,-0.2
2026-08-19 04:40:11,NODO 1.38,25.1,87.97,1005.0,3847.0,86.8,-117,-10.0
2026-08-19 04:40:47,NODO 1.03,24.9,100.0,1004.0,3376.0,77.3,-107,7.0
2026-08-19 04:40:59,NODO 1.17,24.77,100.0,1003.0,3905.0,76.8,-103,9.5
2026-08-19 04:41:16,NODO 1.29,25.12,100.0,1003.0,3856.0,58.7,-96,8.5
2026-08-19 04:42:23,NODO 1.07,24.58,100.0,1004.0,3930.0,80.2,-93,8.0
2026-08-19 04:42:54,NODO 1.44,24.22,88.66,1004.0,4052.0,83.1,-105,8.2
2026-08-19 04:43:23,NODO 1.57,24.74,100.0,1002.0,3695.0,86.9,-118,-10.5
2026-08-19 04:43:37,NODO 1.23,24.78,100.0,1003.0,3856.0,86.4,-120,-6.8
2026-08-19 04:43:54,NODO 1.33,24.48,83.48,1004.0,4028.0,88.1,-89,9.2
2026-08-19 04:43:58,NODO 1.54,24.37,88.04,1001.0,3998.0,88.8,-114,3.5
2026-08-19 04:44:02,NODO 1.16,24.99,100.0,1004.0,3920.0,87.5,-96,8.8
2026-08-19 04:44:48,NODO 1.06,24.55,100.0,1004.0,3896.0,89.5,-93,9.5
2026-08-19 04:45:06,NODO 1.13,24.93,100.0,1003.0,4067.0,91.6,-112,4.2
2026-08-19 04:45:09,NODO 1.45,24.24,78.9,1004.0,4028.0,91.6,-117,-9.2
2026-08-19 04:45:28,NODO 1.25,24.46,100.0,1004.0,4038.0,92.0,-92,8.8
2026-08-19 04:45:44,NODO 1.46,24.25,100.0,1003.0,4028.0,93.1,-84,9.5
2026-08-19 04:45:50,NODO 1.55,24.82,100.0,1004.0,3915.0,93.3,-111,6.0
2026-08-19 04:46:32,NODO 1.08,25.11,100.0,1003.0,3450.0,87.1,-95,12.0
2026-08-19 04:46:41,NODO 1.42,24.03,75.8,1003.0,3964.0,86.5,-121,-8.0
2026-08-19 04:47:43,NODO 1.60,25.13,90.44,1004.0,3871.0,84.7,-112,3.8
2026-08-19 04:47:49,NODO 1.27,24.59,95.67,1001.0,3974.0,83.9,-103,8.0
2026-08-19 04:47:50,NODO 1.58,25.47,95.56,1004.0,3793.0,82.2,-103,9.5
2026-08-19 04:48:20,NODO 1.26,25.13,100.0,1003.0,3959.0,88.1,-107,6.5
2026-08-19 04:49:09,NODO 1.14,25.02,100.0,1004.0,3886.0,87.3,-101,8.2
2026-08-19 04:49:51,NODO 1.39,24.16,79.52,1002.0,4106.0,89.7,-102,7.5
2026-08-19 04:50:02,NODO 1.21,24.93,100.0,1004.0,3200.0,80.6,-119,-1.0
2026-08-19 04:50:06,NODO 1.09,25.07,100.0,1004.0,3994.0,83.5,-119,-2.5
2026-08-19 04:50:11,NODO 1.59,25.32,99.19,1000.0,3886.0,82.5,-111,-9.0
2026-08-19 04:51:55,NODO 1.41,24.36,72.84,1004.0,4008.0,84.2,-114,2.2
2026-08-19 04:52:06,NODO 1.12,24.98,100.0,1004.0,1201.0,0,-85,9.2
2026-08-19 04:52:29,NODO 1.19,24.06,69.4,1003.0,3768.0,2.1,-88,11.8
2026-08-19 04:53:22,NODO 1.35,24.06,97.21,1003.0,4028.0,2.8,-114,1.5
2026-08-19 04:53:27,NODO 1.22,25.38,98.13,1004.0,4013.0,5.2,-105,8.0
2026-08-19 04:53:50,NODO 1.28,25.21,100.0,1004.0,3856.0,2.3,-113,1.2
2026-08-19 04:56:31,NODO 1.20,25.46,100.0,1005.0,3631.0,85.5,-116,-0.8
2026-08-19 04:57:06,NODO 1.43,24.15,92.79,1004.0,4028.0,88.1,-109,5.0
2026-08-19 04:57:24,NODO 1.15,24.58,100.0,1004.0,3851.0,86.3,-107,7.0
2026-08-19 04:57:28,NODO 1.18,25.14,100.0,1003.0,2715.0,16.6,-105,8.0
2026-08-19 05:01:35,NODO 1.48,24.71,100.0,1005.0,3851.0,16.5,-107,7.0
2026-08-19 05:02:14,NODO 1.49,24.55,87.05,1002.0,3700.0,17.9,-107,6.8
2026-08-19 05:02:37,NODO 1.40,24.45,83.79,1003.0,4092.0,19.2,-97,7.8
2026-08-19 05:02:46,NODO 1.50,24.05,86.61,1006.0,4082.0,35.3,-114,2.0
2026-08-19 05:03:01,NODO 1.04,25.1,100.0,1003.0,3891.0,88.7,-91,9.5
2026-08-19 05:03:26,NODO 1.52,24.78,88.04,1004.0,3920.0,89.3,-120,-4.2
2026-08-19 05:04:07,NODO 1.02,25.08,100.0,1003.0,3719.0,89.5,-117,-5.0
2026-08-19 05:04:17,NODO 1.10,24.8,100.0,1004.0,3891.0,87.5,-109,7.2
2026-08-19 05:04:21,NODO 1.11,24.72,100.0,1002.0,3670.0,82.7,-113,1.8
2026-08-19 05:04:22,NODO 1.37,24.25,71.95,1004.0,4038.0,84.8,-119,-2.2
2026-08-19 05:04:26,NODO 1.56,24.73,88.43,1003.0,3631.0,80.7,-113,2.5
2026-08-19 05:04:30,NODO 1.36,24.95,100.0,1001.0,3753.0,81.2,-113,5.2
2026-08-19 05:05:12,NODO 1.51,25.17,100.0,1004.0,3861.0,80.8,-117,-3.2
2026-08-19 05:05:39,NODO 1.31,24.87,100.0,1005.0,3704.0,81.2,-89,10.5
2026-08-19 05:05:52,NODO 1.34,24.12,94.17,1002.0,4028.0,81.1,-115,2.8
2026-08-19 05:06:39,NODO 1.01,24.91,100.0,1004.0,3768.0,83.1,-95,8.8
2026-08-19 05:07:03,NODO 1.05,24.86,100.0,1004.0,3959.0,85.7,-97,9.2
2026-08-19 05:07:21,NODO 1.53,24.81,100.0,1003.0,3915.0,86.2,-118,-4.8
2026-08-19 05:08:07,NODO 1.24,24.46,100.0,1003.0,4067.0,89.9,-97,9.5
2026-08-19 05:08:58,NODO 1.32,25.15,100.0,1003.0,3631.0,85.9,-96,4.8
2026-08-19 05:10:02,NODO 1.38,25.04,87.75,1005.0,3847.0,86.7,-109,4.5
2026-08-19 05:10:35,NODO 1.03,24.83,100.0,1004.0,3376.0,76.8,-83,9.0
2026-08-19 05:10:50,NODO 1.17,24.71,100.0,1003.0,3905.0,76.3,-105,8.2
2026-08-19 05:11:06,NODO 1.29,25.05,100.0,1003.0,3856.0,58.7,-91,9.0
2026-08-19 05:12:45,NODO 1.44,24.12,88.39,1004.0,4052.0,81.9,-106,7.2
2026-08-19 05:13:29,NODO 1.23,24.7,100.0,1003.0,3861.0,82.1,-109,0.8
2026-08-19 05:13:46,NODO 1.33,24.39,81.92,1004.0,4028.0,89.5,-107,7.8
2026-08-19 05:13:53,NODO 1.54,24.35,88.65,1001.0,3998.0,90.5,-119,-1.0
2026-08-19 05:13:54,NODO 1.16,24.76,100.0,1004.0,3915.0,91.0,-117,-8.8
2026-08-19 05:14:39,NODO 1.06,24.49,100.0,1004.0,3896.0,89.5,-99,9.0
2026-08-19 05:14:58,NODO 1.13,24.87,100.0,1004.0,4067.0,91.5,-108,5.5
2026-08-19 05:14:59,NODO 1.45,24.14,79.17,1004.0,4028.0,91.5,-119,-4.5
2026-08-19 05:15:17,NODO 1.25,24.29,100.0,1004.0,4038.0,91.9,-95,9.2
2026-08-19 05:15:35,NODO 1.46,24.11,100.0,1003.0,4018.0,93.0,-120,-6.5
2026-08-19 05:15:43,NODO 1.55,24.72,100.0,1004.0,3905.0,93.1,-118,-4.0
2026-08-19 05:16:24,NODO 1.08,25.05,100.0,1003.0,3455.0,86.9,-117,-1.0
2026-08-19 05:16:34,NODO 1.42,23.96,75.72,1003.0,3964.0,86.3,-108,6.8
2026-08-19 05:17:41,NODO 1.60,25.05,90.31,1004.0,3871.0,84.5,-113,3.2
2026-08-19 05:17:41,NODO 1.27,24.53,95.25,1001.0,3974.0,83.8,-118,-6.2
2026-08-19 05:17:44,NODO 1.58,25.39,95.49,1004.0,3788.0,82.2,-120,-5.8
2026-08-19 05:18:14,NODO 1.26,25.03,100.0,1004.0,3945.0,87.9,-95,9.2
2026-08-19 05:19:01,NODO 1.14,24.96,100.0,1004.0,3891.0,87.2,-113,1.2
2026-08-19 05:19:46,NODO 1.39,24.15,79.73,1003.0,4106.0,89.5,-102,7.8
2026-08-19 05:19:55,NODO 1.21,24.85,100.0,1004.0,3190.0,80.3,-119,-6.5
2026-08-19 05:19:58,NODO 1.09,24.98,100.0,1004.0,3994.0,83.2,-115,1.2
2026-08-19 05:20:02,NODO 1.59,25.25,99.13,1001.0,3891.0,82.5,-119,-11.8
2026-08-19 05:21:47,NODO 1.41,24.29,73.69,1004.0,4008.0,84.1,-118,-8.5
2026-08-19 05:21:57,NODO 1.12,24.89,100.0,1004.0,1176.0,0,-88,9.2
2026-08-19 05:22:22,NODO 1.19,23.96,68.78,1004.0,3778.0,1.9,-88,8.0
2026-08-19 05:23:15,NODO 1.35,23.99,97.24,1004.0,4028.0,2.6,-96,9.5
2026-08-19 05:23:19,NODO 1.22,25.32,97.93,1004.0,4013.0,5.0,-111,4.5
2026-08-19 05:23:42,NODO 1.28,25.14,100.0,1004.0,3851.0,1.9,-111,4.8
2026-08-19 05:26:23,NODO 1.20,25.4,100.0,1005.0,3631.0,85.5,-83,9.8
2026-08-19 05:26:58,NODO 1.43,24.07,93.85,1004.0,4018.0,87.9,-108,7.0
2026-08-19 05:27:15,NODO 1.15,24.62,100.0,1004.0,3847.0,86.1,-107,5.8
2026-08-19 05:27:20,NODO 1.18,25.07,100.0,1003.0,2715.0,16.2,-94,9.2
2026-08-19 05:31:29,NODO 1.48,24.71,100.0,1005.0,3851.0,16.2,-109,5.8
2026-08-19 05:32:06,NODO 1.49,24.49,87.19,1002.0,3700.0,17.6,-113,-6.5
2026-08-19 05:32:28,NODO 1.40,24.51,84.62,1003.0,4092.0,19.1,-95,9.0
2026-08-19 05:32:40,NODO 1.50,24.0,85.88,1006.0,4067.0,33.3,-120,-9.5
2026-08-19 05:32:51,NODO 1.04,25.03,100.0,1003.0,3891.0,88.5,-95,9.5
2026-08-19 05:33:19,NODO 1.52,24.73,88.62,1004.0,3925.0,89.2,-118,-5.8
2026-08-19 05:33:57,NODO 1.02,25.05,100.0,1003.0,3719.0,89.4,-105,7.5
2026-08-19 05:34:07,NODO 1.10,24.73,100.0,1004.0,3886.0,87.4,-105,8.8
2026-08-19 05:34:13,NODO 1.11,24.69,100.0,1002.0,3670.0,82.7,-103,9.0
2026-08-19 05:34:15,NODO 1.37,24.14,71.73,1004.0,4038.0,84.8,-103,7.5
2026-08-19 05:34:20,NODO 1.56,24.68,88.63,1003.0,3636.0,80.7,-120,-7.0
2026-08-19 05:34:20,NODO 1.36,24.89,100.0,1001.0,3758.0,81.3,-117,2.0
2026-08-19 05:35:05,NODO 1.51,25.09,100.0,1004.0,3861.0,80.9,-117,-3.0
2026-08-19 05:35:29,NODO 1.31,24.81,100.0,1005.0,3700.0,81.3,-116,-1.8
2026-08-19 05:35:44,NODO 1.34,24.1,97.35,1002.0,4028.0,81.2,-97,9.5
2026-08-19 05:36:31,NODO 1.01,24.95,100.0,1004.0,3773.0,83.1,-114,2.2
2026-08-19 05:36:54,NODO 1.05,24.78,100.0,1004.0,3949.0,85.6,-98,9.2
2026-08-19 05:37:15,NODO 1.53,24.77,100.0,1003.0,3915.0,86.2,-115,1.5
2026-08-19 05:38:02,NODO 1.24,24.48,100.0,1003.0,4077.0,89.9,-80,10.2
2026-08-19 05:38:50,NODO 1.32,25.13,100.0,1003.0,3631.0,86.0,-118,-0.5
2026-08-19 05:39:53,NODO 1.38,24.98,87.83,1005.0,3842.0,86.6,-119,-8.8
2026-08-19 05:40:26,NODO 1.03,24.81,100.0,1004.0,3376.0,77.0,-114,4.0
2026-08-19 05:40:42,NODO 1.17,24.69,100.0,1003.0,3905.0,76.5,-107,7.5
2026-08-19 05:41:00,NODO 1.29,25.01,100.0,1003.0,3847.0,56.8,-97,9.2
2026-08-19 05:42:11,NODO 1.07,24.46,100.0,1004.0,3920.0,79.5,-93,8.5
2026-08-19 05:42:36,NODO 1.44,24.14,89.6,1004.0,4052.0,82.9,-107,6.5
2026-08-19 05:43:08,NODO 1.57,24.64,100.0,1003.0,3695.0,86.7,-118,-6.5
2026-08-19 05:43:20,NODO 1.23,24.68,100.0,1003.0,3856.0,86.2,-115,3.0
2026-08-19 05:43:37,NODO 1.33,24.31,82.45,1004.0,4018.0,87.9,-93,11.2
2026-08-19 05:43:45,NODO 1.54,24.51,88.91,1001.0,3998.0,88.7,-106,6.2
2026-08-19 05:43:48,NODO 1.16,25.55,100.0,1004.0,3920.0,87.4,-96,9.2
2026-08-19 05:44:32,NODO 1.06,24.4,100.0,1004.0,3905.0,89.5,-105,8.2
2026-08-19 05:44:50,NODO 1.13,24.95,100.0,1004.0,4067.0,91.6,-113,4.5
2026-08-19 05:44:52,NODO 1.45,24.15,79.5,1004.0,4028.0,91.7,-103,7.8
2026-08-19 05:45:08,NODO 1.25,24.22,100.0,1004.0,4033.0,92.0,-94,9.2
2026-08-19 05:45:29,NODO 1.46,24.12,100.0,1003.0,4033.0,93.2,-119,-6.8
2026-08-19 05:45:36,NODO 1.55,24.65,100.0,1005.0,3905.0,93.2,-109,4.8
2026-08-19 05:46:17,NODO 1.08,25.0,100.0,1003.0,3459.0,87.1,-114,1.0
2026-08-19 05:46:26,NODO 1.42,23.91,76.1,1004.0,3964.0,86.4,-109,4.8
2026-08-19 05:47:31,NODO 1.60,25.04,91.41,1004.0,3856.0,84.5,-108,-2.5
2026-08-19 05:47:34,NODO 1.27,24.57,97.31,1001.0,3974.0,83.7,-120,-8.2
2026-08-19 05:47:36,NODO 1.58,25.32,95.25,1004.0,3788.0,82.0,-120,-5.8
2026-08-19 05:48:07,NODO 1.26,25.0,100.0,1004.0,3959.0,87.9,-108,7.0
2026-08-19 05:48:54,NODO 1.14,24.92,100.0,1004.0,3886.0,87.1,-114,2.2
2026-08-19 05:49:40,NODO 1.39,24.22,79.74,1003.0,4106.0,89.6,-119,-2.5
2026-08-19 05:49:47,NODO 1.21,24.82,100.0,1004.0,3190.0,80.4,-119,-4.8
2026-08-19 05:49:49,NODO 1.09,24.97,100.0,1004.0,3994.0,83.4,-118,-3.5
2026-08-19 05:49:53,NODO 1.59,25.23,99.01,1001.0,3871.0,82.1,-117,-5.0
2026-08-19 05:51:41,NODO 1.41,24.21,72.56,1004.0,4013.0,83.9,-112,2.8
2026-08-19 05:51:52,NODO 1.12,24.94,100.0,1005.0,1176.0,0,-118,-2.0
2026-08-19 05:52:15,NODO 1.19,23.93,68.76,1004.0,3778.0,1.6,-98,11.8
2026-08-19 05:53:07,NODO 1.35,24.03,97.67,1004.0,4028.0,2.3,-97,7.8
2026-08-19 05:53:13,NODO 1.22,25.36,99.02,1004.0,4018.0,5.1,-99,6.5
2026-08-19 05:53:34,NODO 1.28,25.14,100.0,1004.0,3851.0,2.0,-113,-0.5
2026-08-19 05:56:15,NODO 1.20,25.39,100.0,1005.0,3631.0,85.6,-118,-3.2
2026-08-19 05:56:49,NODO 1.43,24.07,93.46,1004.0,4018.0,88.0,-103,7.0
2026-08-19 05:57:12,NODO 1.18,25.04,100.0,1004.0,2710.0,19.6,-103,8.0
2026-08-19 06:01:21,NODO 1.48,24.75,100.0,1005.0,3851.0,16.2,-102,9.2
2026-08-19 06:01:58,NODO 1.49,24.68,88.41,1002.0,3695.0,14.1,-111,4.2
2026-08-19 06:02:21,NODO 1.40,24.47,83.67,1003.0,4092.0,27.7,-112,1.2
2026-08-19 06:02:43,NODO 1.04,25.03,100.0,1004.0,3891.0,19.8,-118,-2.2
2026-08-19 06:03:11,NODO 1.52,24.72,89.6,1004.0,3925.0,87.0,-109,5.0
2026-08-19 06:03:49,NODO 1.02,25.04,100.0,1004.0,3719.0,85.7,-100,5.8
2026-08-19 06:04:00,NODO 1.10,24.73,100.0,1004.0,3891.0,87.7,-108,6.0
2026-08-19 06:04:05,NODO 1.11,24.7,100.0,1002.0,3670.0,82.8,-114,0.2
2026-08-19 06:04:09,NODO 1.36,24.96,100.0,1001.0,3758.0,80.9,-113,5.0
2026-08-19 06:04:10,NODO 1.37,24.12,71.96,1004.0,4038.0,82.5,-107,4.5
2026-08-19 06:04:11,NODO 1.56,24.68,88.7,1004.0,3636.0,81.3,-114,-0.5
2026-08-19 06:04:58,NODO 1.51,25.15,100.0,1005.0,3861.0,80.9,-87,9.8
2026-08-19 06:05:18,NODO 1.31,24.9,100.0,1005.0,3700.0,81.3,-119,-1.5
2026-08-19 06:05:36,NODO 1.34,24.03,92.75,1002.0,4013.0,85.0,-96,9.5
2026-08-19 06:06:24,NODO 1.01,24.91,100.0,1004.0,3758.0,81.0,-97,7.2
2026-08-19 06:06:45,NODO 1.05,24.75,100.0,1004.0,3959.0,85.4,-105,6.2
2026-08-19 06:07:08,NODO 1.53,24.79,100.0,1003.0,3915.0,86.0,-119,-4.8
2026-08-19 06:07:56,NODO 1.24,24.35,100.0,1004.0,4077.0,89.7,-80,7.5
2026-08-19 06:08:42,NODO 1.32,25.15,100.0,1004.0,3631.0,85.9,-113,-2.2
2026-08-19 06:09:45,NODO 1.38,24.98,88.82,1005.0,3847.0,86.8,-120,-10.2
2026-08-19 06:10:16,NODO 1.03,24.85,100.0,1004.0,3376.0,77.3,-111,6.2
2026-08-19 06:10:34,NODO 1.17,24.74,100.0,1003.0,3905.0,76.8,-120,-4.2
2026-08-19 06:10:51,NODO 1.29,25.01,100.0,1003.0,3856.0,58.7,-92,9.2
2026-08-19 06:12:06,NODO 1.07,24.47,100.0,1004.0,3920.0,80.1,-113,3.2
2026-08-19 06:12:26,NODO 1.44,24.13,88.36,1004.0,4052.0,83.0,-93,9.2
2026-08-19 06:13:02,NODO 1.57,24.65,100.0,1003.0,3695.0,86.8,-121,-9.5
2026-08-19 06:13:13,NODO 1.23,24.67,100.0,1004.0,3856.0,86.3,-114,2.8
2026-08-19 06:13:30,NODO 1.33,24.35,85.04,1004.0,4018.0,87.9,-85,12.8
2026-08-19 06:13:39,NODO 1.54,24.48,87.38,1002.0,3998.0,88.7,-112,3.0
2026-08-19 06:13:41,NODO 1.16,25.36,100.0,1004.0,3915.0,87.3,-119,-8.2
2026-08-19 06:14:24,NODO 1.06,24.49,100.0,1004.0,3896.0,89.3,-87,7.2
2026-08-19 06:14:44,NODO 1.45,24.18,82.94,1004.0,4028.0,91.0,-118,-4.2
2026-08-19 06:14:44,NODO 1.13,24.91,100.0,1004.0,4067.0,91.5,-114,4.2
2026-08-19 06:14:57,NODO 1.25,24.25,100.0,1004.0,4038.0,91.9,-111,6.5
2026-08-19 06:15:21,NODO 1.46,24.05,100.0,1003.0,4028.0,93.1,-115,2.8
2026-08-19 06:15:30,NODO 1.55,24.67,100.0,1005.0,3915.0,93.3,-109,6.5
2026-08-19 06:16:09,NODO 1.08,24.99,100.0,1003.0,3450.0,87.5,-94,10.8
2026-08-19 06:16:17,NODO 1.42,23.89,76.08,1004.0,3964.0,86.5,-113,4.0
2026-08-19 06:17:25,NODO 1.60,25.13,92.51,1004.0,3871.0,84.7,-110,-1.2
2026-08-19 06:17:26,NODO 1.27,24.52,96.17,1002.0,3974.0,83.9,-105,8.2
2026-08-19 06:17:27,NODO 1.58,25.29,95.64,1005.0,3783.0,82.0,-115,-2.5
2026-08-19 06:17:59,NODO 1.26,25.03,100.0,1004.0,3959.0,88.0,-96,9.5
2026-08-19 06:18:45,NODO 1.14,24.93,100.0,1004.0,3886.0,87.2,-85,9.8
2026-08-19 06:19:34,NODO 1.39,24.13,79.6,1003.0,4101.0,89.5,-112,4.8
2026-08-19 06:19:37,NODO 1.21,24.79,100.0,1004.0,3180.0,80.1,-115,1.0
2026-08-19 06:19:41,NODO 1.09,25.01,100.0,1004.0,3994.0,83.1,-117,-3.8
2026-08-19 06:19:47,NODO 1.59,25.32,99.07,1001.0,3886.0,82.1,-121,-11.2
2026-08-19 06:21:32,NODO 1.41,24.37,74.66,1004.0,3998.0,83.7,-114,1.8
2026-08-19 06:21:47,NODO 1.12,24.97,100.0,1005.0,1210.0,0,-83,9.2
2026-08-19 06:22:07,NODO 1.19,23.93,68.73,1004.0,3768.0,2.1,-97,7.2
2026-08-19 06:22:59,NODO 1.35,24.05,100.0,1004.0,4028.0,2.8,-95,9.8
2026-08-19 06:23:06,NODO 1.22,25.41,99.06,1004.0,4013.0,5.2,-103,10.5
2026-08-19 06:26:08,NODO 1.20,25.4,100.0,1005.0,3631.0,0,-119,0.8
2026-08-19 06:26:41,NODO 1.43,24.04,92.3,1004.0,4013.0,87.0,-115,2.0
2026-08-19 06:27:06,NODO 1.15,24.66,100.0,1005.0,3847.0,87.8,-101,4.2
2026-08-19 06:27:06,NODO 1.18,25.04,100.0,1004.0,2705.0,19.2,-102,8.0
2026-08-19 06:31:16,NODO 1.48,24.62,100.0,1006.0,3847.0,15.9,-103,7.5
2026-08-19 06:31:50,NODO 1.49,24.64,87.74,1002.0,3695.0,17.1,-117,-1.0
2026-08-19 06:32:15,NODO 1.40,24.45,84.3,1003.0,4092.0,18.7,-97,9.0
2026-08-19 06:32:24,NODO 1.50,24.03,88.4,1007.0,4077.0,32.1,-111,7.0
2026-08-19 06:32:36,NODO 1.04,25.08,100.0,1004.0,3896.0,88.6,-109,7.0
2026-08-19 06:33:03,NODO 1.52,24.79,88.93,1004.0,3915.0,89.2,-109,5.8
2026-08-19 06:33:38,NODO 1.02,25.06,100.0,1004.0,3719.0,89.5,-102,8.5
2026-08-19 06:33:51,NODO 1.10,24.71,100.0,1004.0,3891.0,87.5,-111,5.0
2026-08-19 06:33:57,NODO 1.11,24.71,100.0,1002.0,3646.0,82.4,-114,2.5
2026-08-19 06:33:58,NODO 1.36,24.96,100.0,1002.0,3753.0,80.3,-115,-0.8
2026-08-19 06:34:05,NODO 1.37,24.31,72.48,1004.0,4038.0,82.1,-108,8.0
2026-08-19 06:34:05,NODO 1.56,24.64,88.53,1004.0,3636.0,80.9,-115,0.8
2026-08-19 06:34:49,NODO 1.51,25.14,100.0,1005.0,3861.0,80.5,-85,9.2
2026-08-19 06:35:10,NODO 1.31,24.91,100.0,1005.0,3700.0,81.3,-89,9.2
2026-08-19 06:35:29,NODO 1.34,24.01,90.54,1002.0,4028.0,85.1,-67,10.2
2026-08-19 06:36:19,NODO 1.01,24.93,100.0,1004.0,3758.0,81.2,-115,1.8
2026-08-19 06:36:37,NODO 1.05,24.77,100.0,1004.0,3959.0,85.6,-105,9.0
2026-08-19 06:37:02,NODO 1.53,24.77,100.0,1004.0,3915.0,86.1,-105,7.5
2026-08-19 06:37:50,NODO 1.24,24.51,100.0,1004.0,4067.0,89.8,-119,-2.5
2026-08-19 06:38:35,NODO 1.32,25.17,100.0,1004.0,3631.0,85.8,-109,6.2
2026-08-19 06:39:37,NODO 1.38,25.02,88.81,1005.0,3847.0,86.7,-113,6.0
2026-08-19 06:40:08,NODO 1.03,24.94,100.0,1004.0,3376.0,76.8,-84,9.2
2026-08-19 06:40:26,NODO 1.17,24.79,100.0,1003.0,3905.0,76.3,-98,9.5
2026-08-19 06:40:44,NODO 1.29,25.04,100.0,1003.0,3856.0,58.7,-98,4.2
2026-08-19 06:42:02,NODO 1.07,24.51,100.0,1004.0,3915.0,80.0,-97,9.2
2026-08-19 06:42:17,NODO 1.44,24.16,89.09,1004.0,4052.0,82.9,-105,7.8
2026-08-19 06:42:54,NODO 1.57,24.6,100.0,1003.0,3700.0,86.8,-115,-11.0
2026-08-19 06:43:04,NODO 1.23,24.7,100.0,1004.0,3856.0,86.3,-115,0.5
2026-08-19 06:43:23,NODO 1.33,24.44,84.46,1004.0,4018.0,87.9,-103,4.5
2026-08-19 06:43:34,NODO 1.16,25.03,100.0,1004.0,3920.0,88.0,-93,9.0
2026-08-19 06:43:35,NODO 1.54,24.58,87.6,1002.0,3998.0,87.4,-118,-5.5
2026-08-19 06:44:17,NODO 1.06,24.59,100.0,1004.0,3896.0,89.4,-103,8.5
2026-08-19 06:44:35,NODO 1.45,24.26,80.12,1004.0,4028.0,91.1,-118,-5.0
2026-08-19 06:44:38,NODO 1.13,24.97,100.0,1004.0,4067.0,91.6,-118,-4.0
2026-08-19 06:44:47,NODO 1.25,24.33,100.0,1004.0,4033.0,92.7,-95,10.0
2026-08-19 06:45:15,NODO 1.46,24.11,100.0,1003.0,4028.0,93.0,-111,-2.8
2026-08-19 06:45:22,NODO 1.55,24.7,100.0,1005.0,3905.0,93.1,-117,-3.8
2026-08-19 06:46:04,NODO 1.08,25.05,100.0,1003.0,3450.0,87.3,-114,1.5
2026-08-19 06:46:09,NODO 1.42,24.01,76.59,1004.0,3969.0,86.3,-109,5.8
2026-08-19 06:47:17,NODO 1.60,25.25,92.05,1004.0,3871.0,84.6,-115,-1.0
2026-08-19 06:47:19,NODO 1.27,24.65,96.47,1002.0,3974.0,83.8,-115,-2.2
2026-08-19 06:47:23,NODO 1.58,25.31,96.05,1005.0,3788.0,82.2,-117,-3.0
2026-08-19 06:47:51,NODO 1.26,25.08,100.0,1004.0,3964.0,88.2,-95,8.2
2026-08-19 06:48:37,NODO 1.14,24.96,100.0,1004.0,3891.0,87.4,-85,9.2
2026-08-19 06:49:27,NODO 1.39,24.15,80.15,1003.0,4106.0,89.7,-102,8.2
2026-08-19 06:49:29,NODO 1.21,24.82,100.0,1004.0,3180.0,80.4,-111,-5.8
2026-08-19 06:49:32,NODO 1.09,25.07,100.0,1004.0,3994.0,83.4,-119,-7.0
2026-08-19 06:49:38,NODO 1.59,25.47,98.75,1001.0,3886.0,82.2,-111,-9.0
2026-08-19 06:51:27,NODO 1.41,24.56,73.95,1004.0,4008.0,83.9,-120,-8.2
2026-08-19 06:51:41,NODO 1.12,25.0,100.0,1005.0,1210.0,0,-84,8.5
2026-08-19 06:52:00,NODO 1.19,24.03,69.16,1004.0,3768.0,2.3,-93,9.2
2026-08-19 06:52:52,NODO 1.35,24.32,100.0,1004.0,4028.0,3.0,-101,9.2
2026-08-19 06:52:58,NODO 1.22,25.61,99.16,1004.0,4013.0,5.3,-111,3.8
2026-08-19 06:53:20,NODO 1.28,25.3,100.0,1004.0,3847.0,2.3,-113,-3.8
2026-08-19 06:55:59,NODO 1.20,25.41,100.0,1005.0,3631.0,85.4,-115,1.8
2026-08-19 06:56:33,NODO 1.43,24.29,93.7,1004.0,4013.0,87.8,-99,9.5
2026-08-19 06:56:51,NODO 1.15,24.85,100.0,1005.0,3847.0,86.0,-110,5.0
2026-08-19 06:56:57,NODO 1.18,25.16,100.0,1004.0,2705.0,15.9,-106,6.5
2026-08-19 07:01:10,NODO 1.48,24.64,100.0,1005.0,3851.0,15.9,-118,-3.2
2026-08-19 07:01:40,NODO 1.49,24.63,87.93,1002.0,3690.0,17.1,-117,-0.8
2026-08-19 07:02:07,NODO 1.40,24.68,85.71,1003.0,4092.0,18.7,-113,2.0
2026-08-19 07:02:15,NODO 1.50,24.21,88.78,1007.0,4067.0,30.7,-109,7.8
2026-08-19 07:02:30,NODO 1.04,25.45,100.0,1004.0,3896.0,88.5,-118,-4.0
2026-08-19 07:02:57,NODO 1.52,24.97,89.4,1004.0,3920.0,89.2,-102,-1.0
2026-08-19 07:03:30,NODO 1.02,25.13,100.0,1004.0,3719.0,89.4,-117,-2.0
2026-08-19 07:03:43,NODO 1.10,24.78,100.0,1004.0,3891.0,87.4,-107,8.5
2026-08-19 07:03:46,NODO 1.36,24.97,100.0,1002.0,3758.0,84.1,-115,2.2
2026-08-19 07:03:50,NODO 1.11,24.73,100.0,1002.0,3655.0,80.6,-113,2.5
2026-08-19 07:03:58,NODO 1.37,24.99,74.04,1004.0,4038.0,82.3,-119,-5.0
2026-08-19 07:03:59,NODO 1.56,24.66,88.96,1004.0,3636.0,81.1,-112,1.0
2026-08-19 07:04:42,NODO 1.51,25.19,100.0,1005.0,3861.0,80.7,-88,9.5
2026-08-19 07:05:00,NODO 1.31,24.94,100.0,1005.0,3704.0,79.7,-85,8.8
2026-08-19 07:05:22,NODO 1.34,24.41,92.64,1002.0,4028.0,85.2,-112,5.2
2026-08-19 07:06:12,NODO 1.01,25.11,100.0,1004.0,3768.0,81.4,-94,8.8
2026-08-19 07:06:30,NODO 1.05,24.92,100.0,1004.0,3959.0,85.7,-105,7.8
2026-08-19 07:06:55,NODO 1.53,24.82,100.0,1004.0,3915.0,86.2,-119,-5.8
2026-08-19 07:07:45,NODO 1.24,24.99,100.0,1004.0,4067.0,89.9,-81,9.2
2026-08-19 07:08:28,NODO 1.32,25.19,100.0,1004.0,3626.0,85.8,-118,-2.0
2026-08-19 07:09:30,NODO 1.38,25.16,89.46,1005.0,3847.0,86.6,-109,6.8
2026-08-19 07:09:59,NODO 1.03,25.17,100.0,1004.0,3376.0,76.5,-87,11.0
2026-08-19 07:10:19,NODO 1.17,25.31,100.0,1004.0,3900.0,75.8,-97,10.2
2026-08-19 07:10:34,NODO 1.29,25.08,100.0,1003.0,3856.0,57.3,-113,2.5
2026-08-19 07:11:57,NODO 1.07,24.65,100.0,1004.0,3930.0,80.1,-101,10.2
2026-08-19 07:12:09,NODO 1.44,24.68,90.96,1004.0,4052.0,83.1,-103,9.2
2026-08-19 07:12:47,NODO 1.57,24.62,100.0,1003.0,3695.0,86.8,-115,-9.8
2026-08-19 07:12:55,NODO 1.23,24.98,100.0,1004.0,3856.0,86.4,-119,-7.8
2026-08-19 07:13:16,NODO 1.33,25.25,85.8,1004.0,4028.0,88.1,-94,11.0
2026-08-19 07:13:26,NODO 1.16,25.38,100.0,1004.0,3925.0,88.1,-117,-4.5
2026-08-19 07:13:30,NODO 1.54,27.5,92.59,1002.0,3998.0,87.5,-34,10.0
2026-08-19 07:14:10,NODO 1.06,25.04,100.0,1004.0,3900.0,89.6,-103,5.8
2026-08-19 07:14:28,NODO 1.45,24.8,80.0,1005.0,4028.0,91.3,-95,10.2
2026-08-19 07:14:31,NODO 1.13,25.35,100.0,1004.0,4067.0,91.7,-116,-3.2
2026-08-19 07:14:38,NODO 1.25,24.93,100.0,1004.0,4038.0,92.8,-93,10.0
2026-08-19 07:15:08,NODO 1.46,24.54,100.0,1003.0,4018.0,93.0,-111,5.0
2026-08-19 07:15:16,NODO 1.55,24.84,100.0,1005.0,3915.0,93.2,-118,-4.2
2026-08-19 07:16:01,NODO 1.42,24.26,77.73,1004.0,3964.0,92.5,-118,-4.0
2026-08-19 07:17:13,NODO 1.27,25.05,98.11,1002.0,3974.0,91.6,-106,7.8
2026-08-19 07:17:18,NODO 1.58,25.57,98.26,1005.0,3788.0,89.1,-118,-4.8
2026-08-19 07:17:42,NODO 1.26,25.31,100.0,1004.0,3959.0,88.5,-91,9.2
2026-08-19 07:18:28,NODO 1.14,25.2,100.0,1005.0,3886.0,88.2,-102,8.8
2026-08-19 07:19:22,NODO 1.21,25.11,100.0,1005.0,3180.0,74.4,-119,-4.8
2026-08-19 07:19:29,NODO 1.09,25.49,100.0,1005.0,3994.0,75.4,-94,10.0
2026-08-19 07:19:33,NODO 1.59,25.63,98.81,1001.0,3886.0,80.1,-119,-4.8
2026-08-19 07:21:20,NODO 1.41,25.5,75.69,1005.0,4013.0,80.8,-114,3.0
2026-08-19 07:21:37,NODO 1.12,25.29,100.0,1005.0,1230.0,0,-87,9.2
2026-08-19 07:21:53,NODO 1.19,24.52,71.12,1004.0,3778.0,3.0,-96,10.0
2026-08-19 07:22:49,NODO 1.35,27.09,100.0,1004.0,4057.0,4.3,-108,6.8
2026-08-19 07:22:50,NODO 1.22,26.65,98.79,1005.0,4013.0,5.9,-117,-4.0
2026-08-19 07:23:12,NODO 1.28,26.03,100.0,1005.0,3856.0,3.7,-113,3.2
2026-08-19 07:25:52,NODO 1.20,25.57,100.0,1005.0,3626.0,85.8,-120,-3.2
2026-08-19 07:26:28,NODO 1.43,25.28,95.25,1004.0,4028.0,88.3,-99,8.8
2026-08-19 07:26:46,NODO 1.15,25.63,100.0,1005.0,3851.0,86.2,-103,7.5
2026-08-19 07:26:49,NODO 1.18,25.58,100.0,1004.0,2680.0,15.8,-108,6.8
2026-08-19 07:31:06,NODO 1.48,24.91,100.0,1006.0,3851.0,15.7,-105,9.0
2026-08-19 07:31:33,NODO 1.49,24.83,89.08,1003.0,3680.0,16.8,-117,-0.8
2026-08-19 07:32:00,NODO 1.40,25.29,86.48,1004.0,4092.0,18.1,-117,-1.0
2026-08-19 07:32:08,NODO 1.50,24.85,90.16,1007.0,4077.0,28.7,-115,1.2
2026-08-19 07:32:23,NODO 1.04,26.23,100.0,1004.0,3891.0,88.4,-113,4.0
2026-08-19 07:32:51,NODO 1.52,25.6,90.5,1005.0,3920.0,89.1,-106,7.8
2026-08-19 07:33:20,NODO 1.02,25.43,100.0,1004.0,3719.0,89.5,-113,2.2
2026-08-19 07:33:35,NODO 1.36,25.17,100.0,1002.0,3768.0,86.2,-112,2.8
2026-08-19 07:33:36,NODO 1.10,25.22,100.0,1005.0,3891.0,84.1,-108,5.8
2026-08-19 07:33:43,NODO 1.11,24.9,100.0,1003.0,3651.0,80.7,-114,2.0
2026-08-19 07:33:51,NODO 1.56,24.8,89.7,1004.0,3631.0,64.7,-113,2.0
2026-08-19 07:33:54,NODO 1.37,27.08,76.71,1005.0,4052.0,81.3,-119,-3.0
2026-08-19 07:34:37,NODO 1.51,25.55,100.0,1005.0,3861.0,82.7,-113,-3.8
2026-08-19 07:34:52,NODO 1.31,25.25,100.0,1006.0,3704.0,80.0,-119,-2.8
2026-08-19 07:35:15,NODO 1.34,25.27,94.27,1003.0,4028.0,85.3,-111,4.8
2026-08-19 07:36:18,NODO 1.01,25.69,100.0,1004.0,3773.0,86.7,-95,10.5
2026-08-19 07:36:23,NODO 1.05,25.47,100.0,1005.0,3959.0,85.8,-96,7.5
2026-08-19 07:36:48,NODO 1.53,25.07,100.0,1004.0,3915.0,86.3,-107,8.5
2026-08-19 07:37:41,NODO 1.24,27.65,100.0,1004.0,4077.0,90.0,-119,-7.0
2026-08-19 07:38:22,NODO 1.32,25.4,100.0,1004.0,3631.0,86.0,-107,-3.2
2026-08-19 07:39:21,NODO 1.38,26.15,93.41,1006.0,3847.0,86.8,-120,-7.2
2026-08-19 07:39:54,NODO 1.03,26.03,100.0,1005.0,3376.0,77.3,-107,5.8
2026-08-19 07:40:13,NODO 1.17,27.56,100.0,1004.0,3905.0,76.8,-97,8.5
2026-08-19 07:40:29,NODO 1.29,25.36,100.0,1004.0,3856.0,58.7,-96,9.0
2026-08-19 07:41:52,NODO 1.07,25.07,100.0,1005.0,3915.0,80.0,-114,1.2
2026-08-19 07:42:02,NODO 1.44,25.99,93.14,1005.0,4057.0,83.0,-105,6.5
2026-08-19 07:42:40,NODO 1.57,24.8,100.0,1004.0,3695.0,86.8,-119,-13.0
2026-08-19 07:42:50,NODO 1.23,25.9,100.0,1004.0,3856.0,86.3,-118,-7.8
2026-08-19 07:43:18,NODO 1.33,32.4,87.84,1005.0,4092.0,88.7,-89,11.5
2026-08-19 07:43:21,NODO 1.16,26.52,100.0,1005.0,3925.0,88.8,-95,9.2
2026-08-19 07:43:28,NODO 1.54,35.16,68.02,1002.0,3998.0,88.2,-117,1.8
2026-08-19 07:44:03,NODO 1.06,25.95,100.0,1005.0,3900.0,90.2,-87,9.8
2026-08-19 07:44:24,NODO 1.45,25.75,80.28,1005.0,4028.0,91.9,-117,-1.5
2026-08-19 07:44:24,NODO 1.13,26.69,100.0,1005.0,4067.0,91.7,-119,-2.8
2026-08-19 07:44:29,NODO 1.25,25.9,100.0,1005.0,4038.0,92.8,-91,7.5
2026-08-19 07:45:00,NODO 1.46,25.48,100.0,1004.0,4018.0,93.0,-90,9.5
2026-08-19 07:45:09,NODO 1.55,25.28,100.0,1006.0,3905.0,93.1,-108,5.2
2026-08-19 07:45:53,NODO 1.42,24.7,77.16,1005.0,3964.0,92.4,-120,-8.0
2026-08-19 07:45:56,NODO 1.08,26.77,100.0,1004.0,3450.0,86.2,-96,10.5
2026-08-19 07:47:04,NODO 1.60,26.2,91.96,1005.0,3871.0,84.4,-119,-1.5
2026-08-19 07:47:06,NODO 1.27,25.75,99.5,1003.0,3984.0,83.9,-106,6.0
2026-08-19 07:47:11,NODO 1.58,26.17,100.0,1005.0,3778.0,82.1,-119,-10.5
2026-08-19 07:47:33,NODO 1.26,25.96,100.0,1005.0,3959.0,82.0,-109,2.5
2026-08-19 07:48:23,NODO 1.14,27.05,100.0,1005.0,3891.0,87.3,-84,8.8
2026-08-19 07:49:16,NODO 1.21,25.92,100.0,1005.0,3190.0,75.1,-120,-15.0
2026-08-19 07:49:19,NODO 1.39,25.29,83.53,1004.0,4101.0,80.3,-109,4.5
2026-08-19 07:49:21,NODO 1.09,26.36,100.0,1005.0,3994.0,83.4,-119,-3.5
2026-08-19 07:49:27,NODO 1.59,26.22,98.63,1002.0,3891.0,82.4,-120,-11.2
2026-08-19 07:51:24,NODO 1.41,30.88,71.83,1005.0,4092.0,85.2,-117,-2.0
2026-08-19 07:51:33,NODO 1.12,26.27,100.0,1006.0,1264.0,8.4,-120,-6.5
2026-08-19 07:51:48,NODO 1.19,25.5,72.7,1005.0,3778.0,5.2,-94,10.8
2026-08-19 07:52:47,NODO 1.22,31.89,80.12,1005.0,4028.0,5.5,-114,2.5
2026-08-19 07:52:55,NODO 1.35,34.41,87.41,1005.0,4092.0,7.5,-109,5.2
2026-08-19 07:53:08,NODO 1.28,28.56,100.0,1005.0,3861.0,5.2,-119,-3.0
2026-08-19 07:55:44,NODO 1.20,26.04,100.0,1006.0,3631.0,86.4,-119,
2026-08-19 07:56:28,NODO 1.43,27.86,93.71,1005.0,4028.0,88.9,-112,5.5
2026-08-19 07:56:39,NODO 1.15,26.92,100.0,1006.0,3851.0,87.1,-101,8.5
2026-08-19 07:56:44,NODO 1.18,26.48,100.0,1005.0,2651.0,15.4,-107,6.8
2026-08-19 08:01:01,NODO 1.48,25.57,100.0,1007.0,3851.0,15.2,-103,6.2
2026-08-19 08:01:24,NODO 1.49,25.3,91.01,1003.0,3680.0,16.2,-115,
2026-08-19 08:01:54,NODO 1.40,26.16,90.32,1004.0,4092.0,17.5,-99,9.8
2026-08-19 08:02:02,NODO 1.50,26.04,91.37,1008.0,4067.0,26.1,-109,9.2
2026-08-19 08:02:16,NODO 1.04,27.37,100.0,1005.0,3900.0,88.4,-95,9.2
2026-08-19 08:02:46,NODO 1.52,26.7,91.96,1005.0,3925.0,89.1,-118,-6.2
2026-08-19 08:03:09,NODO 1.02,25.98,100.0,1005.0,3729.0,89.6,-115,0.2
2026-08-19 08:03:25,NODO 1.36,25.58,100.0,1003.0,3753.0,86.2,-115,2.5
2026-08-19 08:03:30,NODO 1.10,26.08,100.0,1005.0,3896.0,84.3,-116,1.2
2026-08-19 08:03:36,NODO 1.11,25.31,100.0,1003.0,3655.0,80.8,-114,3.2
2026-08-19 08:03:42,NODO 1.56,25.11,91.24,1005.0,3636.0,65.9,-114,0.2
2026-08-19 08:03:50,NODO 1.37,30.28,76.07,1005.0,4052.0,81.3,-119,-5.8
2026-08-19 08:04:30,NODO 1.51,26.04,100.0,1006.0,3861.0,82.9,-85,9.8
2026-08-19 08:04:43,NODO 1.31,26.01,100.0,1006.0,3704.0,80.1,-89,10.2
2026-08-19 08:05:08,NODO 1.34,26.15,96.11,1003.0,4028.0,85.3,-67,9.5
2026-08-19 08:06:06,NODO 1.01,26.39,100.0,1005.0,3773.0,86.7,-117,2.0
2026-08-19 08:06:16,NODO 1.05,26.45,100.0,1005.0,3964.0,85.8,-119,-5.8
2026-08-19 08:06:43,NODO 1.53,25.58,100.0,1004.0,3915.0,86.3,-119,-2.0
2026-08-19 08:07:37,NODO 1.24,29.68,100.0,1005.0,4067.0,90.0,-99,8.8
2026-08-19 08:08:15,NODO 1.32,25.8,100.0,1005.0,3631.0,86.0,-119,-2.2
2026-08-19 08:09:17,NODO 1.38,27.14,96.53,1006.0,3847.0,86.7,-109,5.8
2026-08-19 08:09:48,NODO 1.03,27.03,100.0,1005.0,3376.0,76.8,-108,5.0
2026-08-19 08:10:09,NODO 1.17,32.09,100.0,1004.0,3905.0,76.3,-99,6.2
2026-08-19 08:10:21,NODO 1.29,25.84,100.0,1004.0,3856.0,58.7,-102,8.0
2026-08-19 08:11:47,NODO 1.07,25.75,100.0,1005.0,3915.0,80.0,-114,3.0
2026-08-19 08:11:55,NODO 1.44,27.62,94.4,1005.0,4052.0,82.9,-97,9.5
2026-08-19 08:12:35,NODO 1.57,25.21,100.0,1004.0,3700.0,86.8,-120,-13.2
2026-08-19 08:12:44,NODO 1.23,26.79,100.0,1005.0,3856.0,86.3,-113,-0.8
2026-08-19 08:13:14,NODO 1.16,27.66,99.26,1005.0,3925.0,87.0,-97,9.0
2026-08-19 08:13:18,NODO 1.33,41.51,61.16,1005.0,4092.0,88.8,-91,10.8
2026-08-19 08:13:23,NODO 1.54,39.2,46.11,1003.0,4008.0,88.3,-111,3.8
2026-08-19 08:13:57,NODO 1.06,27.83,100.0,1005.0,3905.0,90.4,-111,7.0
2026-08-19 08:14:19,NODO 1.45,26.93,78.94,1005.0,4028.0,92.1,-120,-5.2
2026-08-19 08:14:20,NODO 1.13,30.82,100.0,1005.0,4082.0,93.7,-115,-2.8
2026-08-19 08:14:21,NODO 1.25,27.36,98.41,1005.0,4038.0,93.1,-99,10.5
2026-08-19 08:14:54,NODO 1.46,26.76,100.0,1004.0,4028.0,93.3,-115,-2.5
2026-08-19 08:15:04,NODO 1.55,25.96,100.0,1006.0,3905.0,93.3,-111,4.2
2026-08-19 08:15:47,NODO 1.42,25.36,78.01,1005.0,3964.0,92.7,-111,1.8
2026-08-19 08:15:51,NODO 1.08,29.74,100.0,1004.0,3459.0,86.4,-113,3.5
2026-08-19 08:17:00,NODO 1.60,27.13,90.83,1005.0,3871.0,84.7,-117,-1.8
2026-08-19 08:17:02,NODO 1.27,28.58,100.0,1003.0,3984.0,84.0,-103,8.0
2026-08-19 08:17:04,NODO 1.58,26.92,100.0,1006.0,3778.0,82.2,-111,5.0
2026-08-19 08:17:27,NODO 1.26,26.99,100.0,1005.0,3959.0,82.2,-96,8.8
2026-08-19 08:18:18,NODO 1.14,28.87,100.0,1005.0,3891.0,87.3,-84,10.0
2026-08-19 08:19:09,NODO 1.21,26.67,100.0,1005.0,3185.0,74.9,-115,-3.0
2026-08-19 08:19:15,NODO 1.39,26.27,87.14,1004.0,4101.0,80.2,-107,6.8
2026-08-19 08:19:15,NODO 1.09,27.58,100.0,1005.0,3998.0,83.3,-83,10.8
2026-08-19 08:19:23,NODO 1.59,27.27,97.29,1002.0,3886.0,82.3,-119,-7.2
2026-08-19 08:21:29,NODO 1.12,27.22,100.0,1006.0,1269.0,0,-119,-8.5
2026-08-19 08:21:44,NODO 1.19,26.86,72.97,1005.0,3783.0,5.4,-93,11.8
2026-08-19 08:22:42,NODO 1.22,34.5,67.83,1005.0,4038.0,4.5,-99,9.0
2026-08-19 08:22:56,NODO 1.35,40.47,63.8,1005.0,4092.0,5.7,-119,-3.0
2026-08-19 08:23:13,NODO 1.28,34.43,78.56,1005.0,3881.0,5.6,-113,3.5
2026-08-19 08:25:37,NODO 1.20,26.63,100.0,1006.0,3631.0,86.8,-119,-3.5
2026-08-19 08:26:25,NODO 1.43,31.0,78.72,1005.0,4028.0,89.2,-114,1.0
2026-08-19 08:26:33,NODO 1.15,28.58,100.0,1006.0,3851.0,87.3,-109,7.2
2026-08-19 08:26:39,NODO 1.18,27.85,100.0,1005.0,2636.0,15.5,-105,8.0
2026-08-19 08:30:55,NODO 1.48,26.22,100.0,1006.0,3847.0,14.9,-105,0.2
2026-08-19 08:31:16,NODO 1.49,25.92,92.5,1003.0,3675.0,15.7,-108,6.5
2026-08-19 08:31:48,NODO 1.40,27.09,87.73,1004.0,4092.0,17.0,-118,-0.2
2026-08-19 08:32:11,NODO 1.04,31.62,100.0,1005.0,3915.0,18.3,-97,9.5
2026-08-19 08:32:39,NODO 1.52,27.79,91.23,1005.0,3925.0,87.0,-118,-6.2
2026-08-19 08:33:02,NODO 1.02,26.63,100.0,1004.0,3734.0,85.9,-112,2.5
2026-08-19 08:33:15,NODO 1.36,26.13,100.0,1002.0,3768.0,86.8,-113,5.0
2026-08-19 08:33:25,NODO 1.10,27.15,100.0,1005.0,3891.0,84.8,-106,8.0
2026-08-19 08:33:29,NODO 1.11,25.87,100.0,1003.0,3670.0,81.3,-113,1.5
2026-08-19 08:33:37,NODO 1.56,25.53,92.6,1005.0,3636.0,69.9,-115,-1.0
2026-08-19 08:33:43,NODO 1.37,34.18,78.96,1005.0,4052.0,81.7,-108,8.0
2026-08-19 08:34:24,NODO 1.51,26.62,100.0,1005.0,3861.0,83.0,-87,9.5
2026-08-19 08:34:35,NODO 1.31,26.96,100.0,1006.0,3704.0,80.3,-91,10.8
2026-08-19 08:35:02,NODO 1.34,28.97,98.04,1003.0,4028.0,85.3,-113,3.0
2026-08-19 08:36:02,NODO 1.01,27.0,100.0,1005.0,3778.0,86.7,-115,1.8
2026-08-19 08:36:09,NODO 1.05,27.49,100.0,1005.0,3974.0,86.0,-103,8.2
2026-08-19 08:36:38,NODO 1.53,26.13,100.0,1004.0,3915.0,86.5,-105,8.5
2026-08-19 08:37:34,NODO 1.24,31.01,90.29,1005.0,4087.0,90.3,-118,-2.0
2026-08-19 08:38:08,NODO 1.32,26.26,100.0,1005.0,3636.0,86.4,-109,6.2
2026-08-19 08:39:08,NODO 1.38,27.48,95.43,1006.0,3847.0,87.1,-118,-7.2
2026-08-19 08:39:40,NODO 1.03,27.89,100.0,1005.0,3376.0,78.0,-85,9.5
2026-08-19 08:40:05,NODO 1.17,34.79,63.86,1004.0,3915.0,78.0,-101,8.2
2026-08-19 08:40:16,NODO 1.29,26.4,100.0,1004.0,3856.0,60.7,-114,1.0
2026-08-19 08:41:45,NODO 1.07,26.34,100.0,1005.0,3935.0,80.4,-117,-1.0
2026-08-19 08:41:49,NODO 1.44,29.13,88.51,1005.0,4052.0,83.3,-103,8.8
2026-08-19 08:42:27,NODO 1.57,25.89,100.0,1004.0,3695.0,87.0,-119,-13.0
2026-08-19 08:42:38,NODO 1.23,28.45,100.0,1005.0,3856.0,86.4,-114,0.5
2026-08-19 08:43:08,NODO 1.16,29.0,82.62,1005.0,3925.0,87.1,-96,5.2
2026-08-19 08:43:17,NODO 1.33,46.92,37.08,1005.0,4101.0,88.8,-89,11.0
2026-08-19 08:43:20,NODO 1.54,40.3,38.78,1003.0,3998.0,88.2,-36,9.2
2026-08-19 08:43:54,NODO 1.06,31.37,83.52,1005.0,3905.0,90.3,-102,6.8
2026-08-19 08:44:22,NODO 1.45,32.63,79.08,1005.0,4082.0,92.6,-99,9.8
2026-08-19 08:44:22,NODO 1.13,33.43,100.0,1005.0,4082.0,94.2,-115,0.8
2026-08-19 08:44:27,NODO 1.25,34.13,68.28,1005.0,4067.0,93.8,-99,9.2
2026-08-19 08:44:53,NODO 1.46,28.18,100.0,1004.0,4018.0,94.0,-114,3.2
2026-08-19 08:44:58,NODO 1.55,26.5,100.0,1006.0,3915.0,94.1,-115,-5.8
2026-08-19 08:45:41,NODO 1.42,26.52,76.86,1005.0,3964.0,93.0,-120,-8.5
2026-08-19 08:45:46,NODO 1.08,30.74,100.0,1004.0,3459.0,86.7,-106,7.8
2026-08-19 08:46:56,NODO 1.58,27.57,93.88,1006.0,3778.0,83.3,-117,-5.0
2026-08-19 08:46:58,NODO 1.27,33.13,86.49,1003.0,3984.0,82.9,-119,-3.5
2026-08-19 08:47:21,NODO 1.26,27.95,100.0,1005.0,3964.0,83.6,-109,4.8
2026-08-19 08:48:08,NODO 1.14,28.72,100.0,1005.0,3891.0,82.5,-114,
2026-08-19 08:49:04,NODO 1.21,27.85,92.68,1005.0,3190.0,75.4,-121,-14.8
2026-08-19 08:49:09,NODO 1.09,28.9,91.94,1005.0,3998.0,81.8,-90,9.2
2026-08-19 08:49:11,NODO 1.39,27.12,87.33,1004.0,4106.0,83.6,-106,7.0
2026-08-19 08:49:20,NODO 1.59,28.74,94.58,1002.0,3891.0,82.5,-118,-4.8
2026-08-19 08:51:24,NODO 1.12,27.86,98.96,1006.0,1294.0,0,-87,11.0
2026-08-19 08:51:27,NODO 1.41,43.25,39.24,1005.0,4116.0,9.1,-113,-2.8
2026-08-19 08:51:39,NODO 1.19,28.46,71.46,1005.0,3778.0,6.8,-96,10.2
2026-08-19 08:52:35,NODO 1.22,34.61,63.8,1005.0,4038.0,6.2,-103,9.2
2026-08-19 08:52:54,NODO 1.35,44.48,42.73,1005.0,4092.0,8.2,-109,6.8
2026-08-19 08:53:09,NODO 1.28,34.87,70.7,1005.0,3881.0,91.5,-113,4.2
2026-08-19 08:55:29,NODO 1.20,27.26,100.0,1006.0,3636.0,86.8,-83,9.0
2026-08-19 08:56:21,NODO 1.43,33.86,63.05,1005.0,4047.0,89.4,-115,2.5
2026-08-19 08:56:30,NODO 1.15,33.59,100.0,1005.0,3861.0,87.7,-101,8.8
2026-08-19 08:56:34,NODO 1.18,29.63,100.0,1005.0,2626.0,16.0,-104,7.5
2026-08-19 09:00:51,NODO 1.48,26.74,100.0,1006.0,3851.0,15.4,-118,-4.5
2026-08-19 09:01:17,NODO 1.49,26.55,93.16,1003.0,3675.0,16.2,-111,4.5
2026-08-19 09:01:43,NODO 1.40,28.91,87.34,1004.0,4116.0,17.6,-99,10.2
2026-08-19 09:01:56,NODO 1.50,32.5,74.21,1008.0,4136.0,30.5,-117,-1.5
2026-08-19 09:02:14,NODO 1.04,38.57,48.0,1004.0,3920.0,89.5,-113,1.2
2026-08-19 09:02:33,NODO 1.52,28.68,85.56,1005.0,3920.0,90.2,-120,-10.2
2026-08-19 09:02:57,NODO 1.02,27.14,99.66,1004.0,3719.0,90.6,-97,9.2
2026-08-19 09:03:05,NODO 1.36,26.59,100.0,1003.0,3768.0,87.1,-113,4.2
2026-08-19 09:03:19,NODO 1.10,28.22,100.0,1005.0,3891.0,84.5,-109,6.5
2026-08-19 09:03:21,NODO 1.11,26.38,100.0,1003.0,3646.0,80.6,-114,-1.0
2026-08-19 09:03:30,NODO 1.56,25.85,92.63,1005.0,3636.0,64.7,-114,0.5
2026-08-19 09:03:41,NODO 1.37,36.83,65.65,1005.0,4052.0,81.3,-118,-5.8
2026-08-19 09:04:18,NODO 1.51,27.1,100.0,1005.0,3861.0,82.7,-119,-6.5
2026-08-19 09:04:29,NODO 1.31,27.87,96.96,1006.0,3700.0,79.8,-85,9.5
2026-08-19 09:04:58,NODO 1.34,34.93,67.25,1003.0,4052.0,85.5,-69,10.0
2026-08-19 09:05:56,NODO 1.01,27.42,100.0,1005.0,3793.0,87.1,-94,9.2
2026-08-19 09:06:03,NODO 1.05,28.34,100.0,1005.0,3969.0,86.2,-102,8.8
2026-08-19 09:06:33,NODO 1.53,26.56,100.0,1004.0,3915.0,86.8,-116,-3.0
2026-08-19 09:07:30,NODO 1.24,31.53,85.51,1005.0,4087.0,90.7,-105,8.2
2026-08-19 09:08:01,NODO 1.32,26.88,100.0,1005.0,3636.0,86.5,-113,1.8
2026-08-19 09:09:00,NODO 1.38,27.89,93.43,1006.0,3847.0,87.0,-115,-9.0
2026-08-19 09:09:36,NODO 1.03,28.81,100.0,1005.0,3376.0,78.0,-86,9.8
2026-08-19 09:10:00,NODO 1.17,36.74,49.37,1004.0,3915.0,78.0,-108,7.2
2026-08-19 09:10:09,NODO 1.29,26.83,100.0,1004.0,3856.0,60.7,-102,8.8
2026-08-19 09:11:50,NODO 1.07,26.87,100.0,1005.0,3935.0,80.4,-111,1.2
2026-08-19 09:11:50,NODO 1.44,36.99,65.38,1005.0,4141.0,84.6,-111,5.2
2026-08-19 09:12:22,NODO 1.57,26.51,100.0,1004.0,3704.0,88.0,-120,-12.5
2026-08-19 09:13:03,NODO 1.16,29.76,76.63,1005.0,3925.0,88.1,-91,7.5
2026-08-19 09:13:12,NODO 1.33,48.9,32.31,1005.0,4101.0,90.6,-91,11.2
2026-08-19 09:13:13,NODO 1.54,41.28,36.68,1002.0,4008.0,91.3,-35,7.2
2026-08-19 09:13:55,NODO 1.06,38.06,58.79,1005.0,3920.0,89.1,-83,7.5
2026-08-19 09:14:15,NODO 1.13,35.4,100.0,1005.0,4087.0,92.9,-101,-3.8
2026-08-19 09:14:19,NODO 1.45,41.82,42.76,1005.0,4082.0,94.5,-119,-7.5
2026-08-19 09:14:25,NODO 1.25,38.88,52.41,1005.0,4077.0,94.2,-97,9.0
2026-08-19 09:14:47,NODO 1.46,29.74,88.74,1004.0,4018.0,94.3,-89,10.0
2026-08-19 09:14:51,NODO 1.55,26.85,100.0,1006.0,3915.0,94.3,-109,7.0
2026-08-19 09:15:34,NODO 1.42,27.73,74.66,1005.0,3964.0,93.1,-119,-3.2
2026-08-19 09:15:43,NODO 1.08,32.68,100.0,1004.0,3494.0,87.2,-97,10.5
2026-08-19 09:16:51,NODO 1.60,28.57,85.49,1005.0,3871.0,85.1,-112,4.0
2026-08-19 09:16:57,NODO 1.58,28.33,93.04,1005.0,3778.0,81.7,-120,-10.8
2026-08-19 09:16:57,NODO 1.27,36.09,71.82,1002.0,3989.0,82.8,-115,-0.8
2026-08-19 09:17:14,NODO 1.26,28.59,100.0,1005.0,3959.0,82.7,-97,9.2
2026-08-19 09:18:00,NODO 1.14,29.01,100.0,1005.0,3886.0,87.3,-117,-1.2
2026-08-19 09:18:57,NODO 1.21,28.64,91.98,1005.0,3190.0,75.1,-114,2.5
2026-08-19 09:19:03,NODO 1.09,29.7,90.28,1005.0,3994.0,81.7,-119,-3.8
2026-08-19 09:19:07,NODO 1.39,28.13,87.71,1004.0,4106.0,83.4,-102,9.5
2026-08-19 09:19:12,NODO 1.59,29.03,92.51,1002.0,3891.0,82.4,-119,-10.0
2026-08-19 09:21:19,NODO 1.12,28.68,90.11,1006.0,1323.0,0,-119,-6.0
2026-08-19 09:21:20,NODO 1.41,45.67,42.51,1005.0,4106.0,9.2,-115,2.5
2026-08-19 09:21:33,NODO 1.19,29.81,70.19,1005.0,3783.0,7.1,-96,11.0
2026-08-19 09:22:31,NODO 1.22,34.3,63.65,1005.0,4038.0,6.4,-112,6.0
2026-08-19 09:22:49,NODO 1.35,46.95,42.66,1005.0,4092.0,8.4,-100,8.8
2026-08-19 09:22:57,NODO 1.28,33.02,75.65,1005.0,3881.0,91.5,-118,-3.2
2026-08-19 09:25:21,NODO 1.20,28.01,100.0,1006.0,3631.0,86.8,-83,9.5
2026-08-19 09:26:14,NODO 1.43,35.95,61.73,1005.0,4052.0,89.4,-108,7.5
2026-08-19 09:26:28,NODO 1.18,30.9,100.0,1004.0,2646.0,23.5,-105,9.0
2026-08-19 09:26:34,NODO 1.15,40.3,65.8,1005.0,3871.0,16.6,-101,9.5
2026-08-19 09:30:44,NODO 1.48,27.37,100.0,1006.0,3861.0,16.2,-102,9.5
2026-08-19 09:31:02,NODO 1.49,27.21,93.08,1003.0,3680.0,17.2,-112,3.8
2026-08-19 09:31:37,NODO 1.40,32.83,90.19,1004.0,4145.0,19.1,-98,7.5
2026-08-19 09:31:56,NODO 1.50,37.49,57.82,1007.0,4150.0,89.6,-117,-7.2
2026-08-19 09:32:09,NODO 1.04,38.93,48.12,1004.0,3920.0,90.1,-118,-5.8
2026-08-19 09:32:29,NODO 1.52,29.34,85.95,1005.0,3925.0,90.7,-117,
2026-08-19 09:32:48,NODO 1.02,27.68,96.63,1004.0,3714.0,91.0,-114,1.8
2026-08-19 09:32:56,NODO 1.36,27.07,100.0,1002.0,3768.0,87.3,-117,1.2
2026-08-19 09:33:12,NODO 1.10,29.07,100.0,1005.0,3896.0,84.6,-85,9.2
2026-08-19 09:33:14,NODO 1.11,26.64,100.0,1003.0,3636.0,80.6,-111,6.0
2026-08-19 09:33:23,NODO 1.56,26.17,92.64,1004.0,3636.0,63.3,-117,
2026-08-19 09:33:35,NODO 1.37,39.25,59.3,1005.0,4062.0,81.4,-119,-4.5
2026-08-19 09:34:11,NODO 1.51,27.51,100.0,1005.0,3881.0,83.0,-118,-4.8
2026-08-19 09:34:21,NODO 1.31,28.71,94.52,1006.0,3704.0,80.3,-91,9.0
2026-08-19 09:34:53,NODO 1.34,38.41,52.42,1003.0,4062.0,86.0,-67,8.8
2026-08-19 09:35:50,NODO 1.01,27.9,100.0,1004.0,3822.0,87.8,-115,0.2
2026-08-19 09:35:57,NODO 1.05,29.1,100.0,1005.0,3984.0,87.0,-109,7.2
2026-08-19 09:36:29,NODO 1.53,27.05,100.0,1004.0,3915.0,87.4,-102,8.0
2026-08-19 09:37:27,NODO 1.24,34.59,71.18,1004.0,4092.0,91.2,-83,7.8
2026-08-19 09:37:57,NODO 1.32,27.33,100.0,1004.0,3631.0,86.9,-113,2.8
2026-08-19 09:38:53,NODO 1.38,28.43,91.65,1006.0,3847.0,87.2,-114,1.2
2026-08-19 09:39:27,NODO 1.03,29.9,100.0,1005.0,3376.0,78.0,-108,5.5
2026-08-19 09:39:54,NODO 1.17,37.66,48.93,1004.0,3920.0,78.3,-97,9.0
2026-08-19 09:40:02,NODO 1.29,27.27,100.0,1004.0,3856.0,60.7,-108,7.5
2026-08-19 09:41:39,NODO 1.07,27.39,100.0,1005.0,3920.0,80.3,-119,-3.5
2026-08-19 09:41:50,NODO 1.44,43.84,42.22,1005.0,4121.0,84.2,-101,9.5
2026-08-19 09:42:16,NODO 1.57,27.13,100.0,1004.0,3704.0,87.7,-113,-8.5
2026-08-19 09:42:25,NODO 1.23,31.64,100.0,1004.0,3861.0,87.1,-115,3.0
2026-08-19 09:42:58,NODO 1.16,30.36,74.27,1005.0,3925.0,87.8,-100,9.2
2026-08-19 09:43:06,NODO 1.33,48.91,27.41,1004.0,4106.0,89.7,-90,10.0
2026-08-19 09:43:09,NODO 1.54,40.36,38.11,1002.0,4018.0,88.6,-35,10.0
2026-08-19 09:43:53,NODO 1.06,41.53,46.05,1005.0,3925.0,90.8,-99,9.0
2026-08-19 09:44:08,NODO 1.13,35.48,91.95,1005.0,4087.0,93.1,-120,-2.5
2026-08-19 09:44:14,NODO 1.45,44.07,32.32,1005.0,4077.0,94.6,-96,0.5
2026-08-19 09:44:19,NODO 1.25,42.22,43.64,1005.0,4087.0,94.4,-113,5.5
2026-08-19 09:44:45,NODO 1.55,27.44,100.0,1005.0,3915.0,93.4,-109,6.0
2026-08-19 09:44:45,NODO 1.46,34.09,82.55,1004.0,4018.0,94.3,-91,10.0
2026-08-19 09:45:29,NODO 1.42,28.78,70.87,1004.0,3969.0,93.2,-108,7.0
2026-08-19 09:45:36,NODO 1.08,33.25,100.0,1004.0,3538.0,87.8,-119,-4.5
2026-08-19 09:46:45,NODO 1.58,29.16,85.35,1005.0,3729.0,83.8,-109,5.0
2026-08-19 09:46:47,NODO 1.60,29.32,81.24,1005.0,3871.0,83.2,-113,3.2
2026-08-19 09:46:51,NODO 1.27,37.59,66.39,1002.0,3989.0,82.8,-103,7.8
2026-08-19 09:47:07,NODO 1.26,29.37,91.75,1005.0,3964.0,82.7,-93,8.5
2026-08-19 09:47:52,NODO 1.14,29.6,100.0,1005.0,3891.0,86.9,-83,9.2
2026-08-19 09:48:50,NODO 1.21,29.43,84.26,1005.0,3185.0,80.0,-119,-13.5
2026-08-19 09:48:56,NODO 1.09,30.58,80.04,1005.0,3998.0,81.8,-120,-5.0
2026-08-19 09:49:02,NODO 1.59,29.4,82.76,1002.0,3891.0,80.4,-119,-10.5
2026-08-19 09:49:03,NODO 1.39,30.8,92.72,1004.0,4116.0,82.6,-107,7.0
2026-08-19 09:51:12,NODO 1.41,46.25,35.99,1005.0,4077.0,85.2,-119,-5.0
2026-08-19 09:51:14,NODO 1.12,28.96,94.3,1005.0,1333.0,9.2,-118,-4.5
2026-08-19 09:51:26,NODO 1.19,31.5,70.17,1005.0,3783.0,7.0,-94,9.0
2026-08-19 09:52:26,NODO 1.22,35.59,60.63,1005.0,4038.0,8.5,-108,3.5
2026-08-19 09:52:42,NODO 1.35,48.26,37.11,1004.0,4082.0,8.1,-103,5.2
2026-08-19 09:52:45,NODO 1.28,32.22,81.98,1005.0,3891.0,6.3,-112,-0.8
2026-08-19 09:55:14,NODO 1.20,28.9,100.0,1006.0,3631.0,86.8,-114,4.0
2026-08-19 09:56:11,NODO 1.43,38.32,48.74,1005.0,4047.0,89.4,-103,6.8
2026-08-19 09:56:21,NODO 1.18,31.51,100.0,1004.0,2675.0,25.1,-96,7.5
2026-08-19 09:56:26,NODO 1.15,40.41,53.04,1005.0,3881.0,17.5,-102,8.0
2026-08-19 10:00:39,NODO 1.48,27.86,100.0,1006.0,3851.0,16.7,-115,-0.5
2026-08-19 10:00:55,NODO 1.49,27.82,92.65,1003.0,3680.0,17.7,-115,0.2
2026-08-19 10:01:41,NODO 1.40,39.68,70.78,1004.0,4145.0,19.6,-99,9.2
2026-08-19 10:01:50,NODO 1.50,37.71,53.9,1007.0,4150.0,89.6,-118,-2.5
2026-08-19 10:02:01,NODO 1.04,38.61,50.54,1004.0,3915.0,89.9,-114,0.2
2026-08-19 10:02:23,NODO 1.52,30.26,76.39,1005.0,3925.0,90.7,-119,-5.8
2026-08-19 10:02:39,NODO 1.02,28.42,94.49,1004.0,3734.0,91.2,-99,8.8
2026-08-19 10:02:46,NODO 1.36,27.61,100.0,1002.0,3778.0,87.5,-117,3.8
2026-08-19 10:03:04,NODO 1.10,29.58,88.4,1005.0,3891.0,84.9,-118,-0.5
2026-08-19 10:03:07,NODO 1.11,27.25,100.0,1003.0,3680.0,81.5,-114,-3.0
2026-08-19 10:03:16,NODO 1.56,26.59,92.58,1004.0,3636.0,71.0,-117,-3.0
2026-08-19 10:03:29,NODO 1.37,39.25,48.19,1005.0,4067.0,82.2,-119,-8.5
2026-08-19 10:04:04,NODO 1.51,28.0,100.0,1005.0,3881.0,83.6,-120,-2.5
2026-08-19 10:04:14,NODO 1.31,29.19,90.58,1005.0,3704.0,81.0,-91,2.8
2026-08-19 10:04:48,NODO 1.34,39.55,47.05,1003.0,4062.0,86.0,-99,9.8
2026-08-19 10:05:43,NODO 1.01,28.58,100.0,1004.0,3847.0,88.1,-99,8.8
2026-08-19 10:05:50,NODO 1.05,29.8,100.0,1005.0,3984.0,87.3,-99,10.0
2026-08-19 10:06:24,NODO 1.53,27.5,100.0,1004.0,3915.0,87.6,-115,-3.0
2026-08-19 10:07:22,NODO 1.24,32.45,79.83,1004.0,4116.0,91.7,-85,9.0
2026-08-19 10:07:53,NODO 1.32,27.84,100.0,1004.0,3636.0,87.5,-102,8.5
2026-08-19 10:08:46,NODO 1.38,28.97,90.91,1006.0,3847.0,87.5,-112,2.5
2026-08-19 10:09:22,NODO 1.03,30.77,100.0,1005.0,3376.0,79.5,-87,8.8
2026-08-19 10:09:47,NODO 1.17,36.77,50.32,1004.0,3925.0,80.0,-100,9.0
2026-08-19 10:09:58,NODO 1.29,27.86,100.0,1004.0,3861.0,62.7,-114,2.8
2026-08-19 10:11:34,NODO 1.07,27.91,100.0,1005.0,3935.0,80.6,-117,0.8
2026-08-19 10:11:39,NODO 1.44,43.06,42.77,1005.0,4121.0,84.5,-101,10.0
2026-08-19 10:12:10,NODO 1.57,27.53,100.0,1003.0,3695.0,87.9,-120,-8.2
2026-08-19 10:12:19,NODO 1.23,31.04,100.0,1004.0,3861.0,87.2,-113,2.2
2026-08-19 10:12:52,NODO 1.33,45.09,32.66,1004.0,4087.0,89.5,-93,9.5
2026-08-19 10:12:52,NODO 1.16,31.0,71.58,1005.0,3925.0,89.4,-101,8.8
2026-08-19 10:13:02,NODO 1.54,38.74,39.96,1002.0,4038.0,88.6,-36,9.2
2026-08-19 10:13:43,NODO 1.06,41.39,46.58,1004.0,3915.0,90.8,-89,9.5
2026-08-19 10:14:04,NODO 1.13,34.59,96.73,1004.0,4082.0,93.0,-109,-2.2
2026-08-19 10:14:04,NODO 1.45,43.24,35.83,1005.0,4067.0,92.8,-95,9.2
2026-08-19 10:14:06,NODO 1.25,41.42,42.15,1005.0,4092.0,94.4,-97,9.0
2026-08-19 10:14:40,NODO 1.55,27.84,100.0,1005.0,3905.0,93.1,-109,5.8
2026-08-19 10:14:41,NODO 1.46,37.32,60.46,1004.0,4018.0,94.1,-93,9.2
2026-08-19 10:15:22,NODO 1.42,30.45,66.98,1004.0,3969.0,93.0,-120,-5.2
2026-08-19 10:15:33,NODO 1.08,33.08,100.0,1004.0,3557.0,87.9,-120,-5.8
2026-08-19 10:16:37,NODO 1.58,29.66,79.62,1005.0,3557.0,81.5,-106,4.0
2026-08-19 10:16:42,NODO 1.60,29.9,80.16,1005.0,3871.0,81.0,-113,-0.2
2026-08-19 10:16:45,NODO 1.27,36.25,63.53,1002.0,3989.0,80.6,-118,-5.5
2026-08-19 10:17:00,NODO 1.26,29.95,88.34,1004.0,3964.0,80.5,-95,7.5
2026-08-19 10:17:45,NODO 1.14,29.92,100.0,1005.0,3886.0,85.2,-85,10.0
2026-08-19 10:18:44,NODO 1.21,29.86,79.73,1005.0,3190.0,80.0,-114,1.8
2026-08-19 10:18:51,NODO 1.09,31.32,77.11,1005.0,3998.0,81.8,-85,9.8
2026-08-19 10:18:53,NODO 1.59,29.57,78.47,1002.0,3886.0,80.3,-116,-4.2
2026-08-19 10:19:01,NODO 1.39,33.16,97.29,1004.0,4116.0,82.5,-97,8.8
2026-08-19 10:21:00,NODO 1.41,43.51,35.85,1004.0,4057.0,85.0,-114,1.8
2026-08-19 10:21:10,NODO 1.12,29.02,91.01,1005.0,1333.0,8.9,-85,10.0
2026-08-19 10:21:20,NODO 1.19,32.87,65.98,1004.0,3788.0,6.8,-94,11.2
2026-08-19 10:22:19,NODO 1.22,34.5,60.44,1005.0,4047.0,8.4,-118,0.5
2026-08-19 10:22:32,NODO 1.35,44.79,37.61,1004.0,4077.0,8.0,-99,9.8
2026-08-19 10:22:38,NODO 1.28,31.88,81.97,1005.0,3881.0,6.3,-113,1.2
2026-08-19 10:25:04,NODO 1.20,28.87,100.0,1005.0,3631.0,86.7,-115,1.8
2026-08-19 10:26:03,NODO 1.43,37.59,44.12,1004.0,4052.0,89.4,-108,5.8
2026-08-19 10:26:13,NODO 1.18,31.38,100.0,1004.0,2773.0,31.9,-102,9.5
2026-08-19 10:26:15,NODO 1.15,38.72,57.11,1005.0,3871.0,19.2,-87,9.2
2026-08-19 10:30:32,NODO 1.48,28.0,100.0,1006.0,3851.0,18.6,-109,7.2
2026-08-19 10:30:49,NODO 1.49,28.29,90.96,1003.0,3680.0,19.5,-113,4.5
2026-08-19 10:31:31,NODO 1.40,38.93,65.18,1004.0,4141.0,24.4,-118,-0.8
2026-08-19 10:31:38,NODO 1.50,33.96,58.27,1007.0,4141.0,89.3,-118,-7.2
2026-08-19 10:31:51,NODO 1.04,35.8,56.39,1004.0,3915.0,89.8,-112,5.2
2026-08-19 10:32:15,NODO 1.52,30.53,80.29,1004.0,3930.0,90.6,-117,0.2
2026-08-19 10:32:33,NODO 1.02,28.8,89.59,1004.0,3734.0,91.1,-103,4.8
2026-08-19 10:32:38,NODO 1.36,27.79,100.0,1002.0,3778.0,87.5,-118,-7.2
2026-08-19 10:32:56,NODO 1.10,29.82,90.51,1005.0,3900.0,85.1,-117,-0.5
2026-08-19 10:32:59,NODO 1.11,27.38,100.0,1003.0,3700.0,82.0,-114,2.2
2026-08-19 10:33:08,NODO 1.56,26.85,91.94,1004.0,3651.0,73.1,-114,2.2
2026-08-19 10:33:21,NODO 1.37,38.18,54.62,1005.0,4082.0,83.0,-119,-4.2
2026-08-19 10:33:58,NODO 1.51,28.21,100.0,1005.0,3861.0,84.2,-119,-3.2
2026-08-19 10:34:06,NODO 1.31,29.36,89.31,1005.0,3704.0,81.4,-90,10.0
2026-08-19 10:34:39,NODO 1.34,38.13,48.39,1002.0,4062.0,86.1,-113,0.2
2026-08-19 10:35:37,NODO 1.01,28.83,100.0,1004.0,3842.0,88.0,-111,6.8
2026-08-19 10:35:40,NODO 1.05,30.29,100.0,1004.0,3984.0,87.0,-105,8.8
2026-08-19 10:36:20,NODO 1.53,27.78,100.0,1004.0,3915.0,87.6,-101,8.2
2026-08-19 10:37:16,NODO 1.24,33.46,78.07,1004.0,4116.0,91.7,-119,-0.2
2026-08-19 10:37:49,NODO 1.32,27.99,100.0,1004.0,3631.0,87.4,-111,4.8
2026-08-19 10:38:39,NODO 1.38,29.26,90.33,1006.0,3847.0,87.4,-108,6.8
2026-08-19 10:39:11,NODO 1.03,30.92,100.0,1005.0,3376.0,79.2,-81,7.8
2026-08-19 10:39:35,NODO 1.17,35.11,58.04,1004.0,3920.0,79.5,-103,8.8
2026-08-19 10:39:51,NODO 1.29,28.09,100.0,1004.0,3856.0,60.7,-97,9.8
2026-08-19 10:41:30,NODO 1.44,40.73,41.56,1005.0,4116.0,83.1,-100,6.2
2026-08-19 10:41:30,NODO 1.07,28.06,100.0,1005.0,3935.0,84.3,-117,-2.2
2026-08-19 10:42:03,NODO 1.57,28.19,100.0,1003.0,3704.0,87.8,-116,-9.8
2026-08-19 10:42:12,NODO 1.23,31.2,100.0,1004.0,3861.0,87.2,-117,-5.5
2026-08-19 10:42:42,NODO 1.33,43.2,36.46,1004.0,4087.0,89.5,-90,11.0
2026-08-19 10:42:47,NODO 1.16,31.42,70.09,1004.0,3930.0,87.7,-96,9.8
2026-08-19 10:42:54,NODO 1.54,38.63,41.71,1002.0,3930.0,87.6,-112,4.5
2026-08-19 10:43:32,NODO 1.06,41.06,43.59,1004.0,3915.0,89.7,-106,8.8
2026-08-19 10:43:52,NODO 1.25,40.32,39.76,1004.0,4092.0,92.0,-95,7.2
2026-08-19 10:43:53,NODO 1.45,40.93,38.18,1004.0,4067.0,91.8,-97,10.0
2026-08-19 10:43:55,NODO 1.13,33.96,100.0,1004.0,4092.0,93.5,-107,8.8
2026-08-19 10:44:34,NODO 1.46,37.75,52.07,1004.0,4047.0,94.6,-89,10.0
2026-08-19 10:44:35,NODO 1.55,28.27,100.0,1005.0,3915.0,94.6,-109,5.8
2026-08-19 10:45:16,NODO 1.42,31.41,61.02,1004.0,3974.0,93.5,-119,-2.5
2026-08-19 10:45:25,NODO 1.08,34.04,100.0,1004.0,3543.0,88.2,-105,2.2
2026-08-19 10:46:30,NODO 1.58,30.14,76.83,1005.0,3567.0,82.1,-120,-8.5
2026-08-19 10:46:39,NODO 1.27,35.55,63.7,1002.0,3989.0,81.3,-109,7.0
2026-08-19 10:46:53,NODO 1.26,30.64,80.37,1004.0,3964.0,82.0,-115,1.8
2026-08-19 10:47:37,NODO 1.14,30.14,100.0,1005.0,3891.0,80.8,-100,9.5
2026-08-19 10:48:36,NODO 1.21,30.35,75.99,1005.0,3190.0,56.8,-114,1.2
2026-08-19 10:48:42,NODO 1.59,29.62,76.82,1001.0,3891.0,80.4,-119,-8.2
2026-08-19 10:48:44,NODO 1.09,31.75,76.77,1005.0,3998.0,80.5,-84,9.2
2026-08-19 10:49:01,NODO 1.39,37.66,100.0,1004.0,4131.0,82.9,-98,9.0
2026-08-19 10:50:49,NODO 1.41,42.26,36.36,1004.0,4057.0,85.2,-119,-3.5
2026-08-19 10:51:04,NODO 1.12,29.68,86.28,1005.0,1333.0,9.1,-84,9.5
2026-08-19 10:51:15,NODO 1.19,33.73,63.47,1004.0,3788.0,8.1,-97,13.0
2026-08-19 10:52:13,NODO 1.22,35.55,57.97,1005.0,4047.0,8.6,-108,5.5
2026-08-19 10:52:23,NODO 1.35,43.85,37.2,1004.0,4092.0,8.2,-97,7.2
2026-08-19 10:52:33,NODO 1.28,32.62,74.81,1004.0,3881.0,6.4,-111,2.0
2026-08-19 10:54:57,NODO 1.20,29.19,100.0,1005.0,3636.0,86.9,-116,-4.5
2026-08-19 10:55:57,NODO 1.43,38.41,45.33,1004.0,4067.0,89.7,-101,9.5
2026-08-19 10:56:06,NODO 1.18,31.88,100.0,1004.0,2773.0,36.5,-102,8.8
2026-08-19 10:56:11,NODO 1.15,38.62,54.88,1005.0,3856.0,19.3,-99,5.5
2026-08-19 11:00:26,NODO 1.48,28.37,100.0,1006.0,3851.0,18.7,-102,8.8
2026-08-19 11:00:42,NODO 1.49,28.91,90.04,1002.0,3680.0,19.5,-108,5.5
2026-08-19 11:01:30,NODO 1.50,32.34,60.56,1007.0,4141.0,23.4,-120,-9.8
2026-08-19 11:01:30,NODO 1.40,41.28,56.25,1004.0,4145.0,89.2,-116,0.2
2026-08-19 11:01:41,NODO 1.04,34.8,58.77,1004.0,3915.0,89.8,-97,9.0
2026-08-19 11:02:27,NODO 1.36,28.32,100.0,1002.0,3778.0,89.1,-117,-1.0
2026-08-19 11:02:28,NODO 1.02,29.39,89.39,1004.0,3729.0,89.6,-98,9.2
2026-08-19 11:02:49,NODO 1.10,30.42,76.83,1005.0,3891.0,87.1,-108,7.0
2026-08-19 11:02:52,NODO 1.11,28.04,100.0,1003.0,3690.0,81.5,-113,4.0
2026-08-19 11:03:02,NODO 1.56,27.14,89.96,1004.0,3651.0,72.0,-106,6.8
2026-08-19 11:03:16,NODO 1.37,39.73,54.78,1005.0,4082.0,82.0,-117,-8.0
2026-08-19 11:03:51,NODO 1.51,28.39,100.0,1005.0,3881.0,84.2,-95,9.8
2026-08-19 11:03:57,NODO 1.31,29.68,82.92,1005.0,3700.0,81.5,-94,7.8
2026-08-19 11:04:31,NODO 1.34,38.68,47.32,1002.0,4067.0,86.3,-112,5.2
2026-08-19 11:05:30,NODO 1.01,29.34,100.0,1004.0,3847.0,88.3,-95,8.8
2026-08-19 11:05:34,NODO 1.05,30.58,100.0,1004.0,3974.0,87.2,-115,0.5
2026-08-19 11:06:15,NODO 1.53,28.25,100.0,1004.0,3915.0,87.5,-119,-3.5
2026-08-19 11:07:11,NODO 1.24,32.98,76.93,1004.0,4116.0,91.7,-120,-7.5
2026-08-19 11:07:42,NODO 1.32,28.28,100.0,1004.0,3646.0,87.5,-118,-1.5
2026-08-19 11:09:07,NODO 1.03,31.38,90.95,1004.0,3376.0,81.8,-107,6.8
2026-08-19 11:09:27,NODO 1.17,34.31,55.59,1003.0,3925.0,81.1,-100,9.0
2026-08-19 11:09:46,NODO 1.29,28.58,100.0,1004.0,3856.0,80.3,-114,3.0
2026-08-19 11:11:18,NODO 1.44,39.2,41.39,1004.0,4141.0,80.6,-111,5.0
2026-08-19 11:11:29,NODO 1.07,28.29,100.0,1004.0,3935.0,84.8,-112,2.5
2026-08-19 11:11:57,NODO 1.57,28.94,100.0,1003.0,3704.0,88.1,-117,-10.0
2026-08-19 11:12:32,NODO 1.33,41.97,38.46,1004.0,4092.0,89.8,-87,11.5
2026-08-19 11:12:43,NODO 1.16,31.67,64.82,1004.0,3930.0,90.5,-120,-6.5
2026-08-19 11:12:48,NODO 1.54,36.84,46.27,1001.0,4033.0,89.4,-118,-2.0
2026-08-19 11:13:23,NODO 1.06,39.87,45.18,1004.0,3920.0,89.3,-95,9.5
2026-08-19 11:13:41,NODO 1.25,39.62,41.49,1004.0,4092.0,93.2,-108,5.2
2026-08-19 11:13:42,NODO 1.45,39.53,44.47,1004.0,4087.0,93.1,-99,7.5
2026-08-19 11:13:49,NODO 1.13,33.66,99.81,1004.0,4092.0,94.7,-111,6.2
2026-08-19 11:14:27,NODO 1.46,37.63,52.41,1004.0,4047.0,94.9,-90,9.5
2026-08-19 11:14:29,NODO 1.55,28.54,100.0,1005.0,3915.0,94.8,-110,5.0
2026-08-19 11:15:10,NODO 1.42,32.21,61.83,1004.0,3969.0,93.6,-109,6.0
2026-08-19 11:15:20,NODO 1.08,32.66,100.0,1003.0,3548.0,88.2,-96,8.0
2026-08-19 11:16:23,NODO 1.58,30.47,77.04,1005.0,3729.0,84.4,-112,4.2
2026-08-19 11:16:27,NODO 1.60,30.93,74.8,1004.0,3881.0,82.0,-117,-1.2
2026-08-19 11:16:32,NODO 1.27,35.24,64.92,1002.0,4008.0,83.4,-119,-4.0
2026-08-19 11:16:46,NODO 1.26,31.52,76.15,1004.0,3964.0,83.3,-117,-6.2
2026-08-19 11:17:28,NODO 1.14,30.43,100.0,1004.0,3891.0,87.2,-114,0.5
2026-08-19 11:18:28,NODO 1.21,30.72,70.34,1004.0,3190.0,80.5,-117,-0.2
2026-08-19 11:18:36,NODO 1.59,29.96,78.6,1001.0,3891.0,80.6,-117,-6.5
2026-08-19 11:18:37,NODO 1.09,32.43,71.19,1004.0,3998.0,80.5,-117,0.8
2026-08-19 11:18:56,NODO 1.39,39.34,85.1,1003.0,4155.0,83.2,-96,9.0
2026-08-19 11:20:39,NODO 1.41,42.18,39.19,1004.0,4057.0,85.4,-113,-2.2
2026-08-19 11:20:59,NODO 1.12,30.09,81.9,1005.0,1348.0,9.5,-83,9.8
2026-08-19 11:21:09,NODO 1.19,37.41,58.21,1004.0,3788.0,8.5,-95,8.5
2026-08-19 11:22:06,NODO 1.22,35.5,57.82,1004.0,4047.0,8.9,-108,7.0
2026-08-19 11:22:13,NODO 1.35,43.81,40.59,1004.0,4057.0,8.0,-119,-5.0
2026-08-19 11:22:21,NODO 1.28,32.16,78.74,1004.0,3881.0,6.2,-119,-3.0
2026-08-19 11:24:49,NODO 1.20,29.52,100.0,1005.0,3636.0,86.6,-113,4.5
2026-08-19 11:25:49,NODO 1.43,39.22,42.15,1004.0,4077.0,89.5,-103,9.2
2026-08-19 11:26:01,NODO 1.18,32.65,100.0,1004.0,2749.0,30.0,-108,6.8
2026-08-19 11:26:04,NODO 1.15,39.25,50.7,1004.0,3871.0,19.3,-101,7.5
2026-08-19 11:30:20,NODO 1.48,28.64,100.0,1006.0,3851.0,18.7,-116,-6.5
2026-08-19 11:30:34,NODO 1.49,29.45,88.74,1002.0,3675.0,19.5,-109,5.2
2026-08-19 11:31:22,NODO 1.50,31.98,66.4,1007.0,4141.0,22.5,-120,-10.2
2026-08-19 11:31:25,NODO 1.40,42.15,51.51,1003.0,4155.0,89.4,-114,0.5
2026-08-19 11:31:35,NODO 1.04,34.77,64.47,1004.0,3915.0,89.9,-118,-7.0
2026-08-19 11:32:03,NODO 1.52,31.34,77.59,1004.0,3930.0,90.7,-117,-6.8
2026-08-19 11:32:18,NODO 1.36,28.83,100.0,1002.0,3768.0,91.6,-117,-5.2
2026-08-19 11:32:25,NODO 1.02,29.86,85.34,1004.0,3734.0,87.5,-115,1.5
2026-08-19 11:32:43,NODO 1.10,30.85,81.12,1004.0,3900.0,85.0,-85,10.8
2026-08-19 11:32:45,NODO 1.11,28.54,100.0,1002.0,3719.0,82.2,-118,-4.5
2026-08-19 11:32:56,NODO 1.56,27.45,89.97,1004.0,3636.0,72.9,-108,4.8
2026-08-19 11:33:10,NODO 1.37,41.01,52.98,1004.0,4067.0,82.2,-119,-6.5
2026-08-19 11:33:44,NODO 1.51,28.73,100.0,1005.0,3881.0,84.3,-91,8.2
2026-08-19 11:33:49,NODO 1.31,30.08,80.86,1005.0,3704.0,81.5,-117,-2.2
2026-08-19 11:34:26,NODO 1.34,39.93,43.82,1002.0,4082.0,86.2,-70,7.5
2026-08-19 11:35:22,NODO 1.01,29.91,100.0,1004.0,3871.0,88.5,-119,-5.0
2026-08-19 11:35:28,NODO 1.05,31.19,100.0,1004.0,3984.0,87.7,-114,-0.2
2026-08-19 11:36:10,NODO 1.53,28.74,100.0,1004.0,3915.0,88.1,-102,8.5
2026-08-19 11:37:08,NODO 1.24,34.12,70.76,1004.0,4121.0,92.2,-89,10.8
2026-08-19 11:37:34,NODO 1.32,28.58,100.0,1004.0,3631.0,87.7,-119,-3.5
2026-08-19 11:38:25,NODO 1.38,29.94,89.43,1005.0,3847.0,87.5,-115,-9.0
2026-08-19 11:39:01,NODO 1.03,31.78,91.25,1004.0,3376.0,79.5,-109,5.2
2026-08-19 11:39:19,NODO 1.17,35.12,56.25,1003.0,3920.0,79.8,-102,8.2
2026-08-19 11:39:38,NODO 1.29,28.92,100.0,1003.0,3856.0,60.7,-113,5.8
2026-08-19 11:41:13,NODO 1.44,40.3,41.25,1004.0,4121.0,83.1,-107,7.5
2026-08-19 11:41:23,NODO 1.07,28.9,100.0,1004.0,3935.0,84.4,-112,1.8
2026-08-19 11:41:51,NODO 1.57,29.46,99.54,1003.0,3704.0,87.9,-119,-9.2
2026-08-19 11:41:58,NODO 1.23,31.62,100.0,1003.0,3861.0,87.3,-119,-9.2
2026-08-19 11:42:26,NODO 1.33,43.62,35.13,1003.0,4092.0,89.6,-92,11.0
2026-08-19 11:42:38,NODO 1.16,31.96,64.33,1004.0,3925.0,87.7,-119,-7.5
2026-08-19 11:42:43,NODO 1.54,37.97,42.1,1001.0,4067.0,89.0,-33,9.2
2026-08-19 11:43:18,NODO 1.06,41.29,43.18,1004.0,3915.0,91.1,-94,9.5
2026-08-19 11:43:34,NODO 1.25,41.72,37.63,1004.0,4101.0,93.5,-107,3.0
2026-08-19 11:43:39,NODO 1.45,40.49,43.42,1004.0,4077.0,93.3,-109,7.0
2026-08-19 11:43:43,NODO 1.13,33.97,100.0,1004.0,4106.0,95.1,-115,1.8
2026-08-19 11:44:22,NODO 1.46,39.79,47.34,1003.0,4067.0,95.1,-93,8.0
2026-08-19 11:44:23,NODO 1.55,29.05,100.0,1005.0,3915.0,95.1,-108,6.0
2026-08-19 11:45:05,NODO 1.42,35.23,63.72,1004.0,3989.0,94.0,-109,3.2
2026-08-19 11:45:16,NODO 1.08,33.68,100.0,1003.0,3553.0,88.8,-101,10.2
2026-08-19 11:46:18,NODO 1.58,30.94,78.7,1005.0,3768.0,85.4,-99,2.0
2026-08-19 11:46:20,NODO 1.60,31.67,73.45,1004.0,3886.0,83.0,-110,0.8
2026-08-19 11:46:27,NODO 1.27,36.21,60.34,1002.0,3989.0,84.1,-118,-4.5
2026-08-19 11:46:41,NODO 1.26,33.34,68.47,1004.0,3964.0,83.7,-97,7.8
2026-08-19 11:47:19,NODO 1.14,30.83,100.0,1004.0,3886.0,87.4,-115,2.2
2026-08-19 11:48:21,NODO 1.21,31.15,79.54,1004.0,3190.0,80.2,-119,-6.0
2026-08-19 11:48:28,NODO 1.59,30.25,79.22,1001.0,3891.0,80.3,-119,-8.8
2026-08-19 11:48:30,NODO 1.09,33.04,68.57,1004.0,4008.0,80.6,-89,9.2
2026-08-19 11:48:53,NODO 1.39,41.86,77.98,1003.0,4155.0,83.3,-107,8.2
2026-08-19 11:50:33,NODO 1.41,43.58,38.56,1004.0,4057.0,85.5,-110,5.2
2026-08-19 11:50:53,NODO 1.12,30.26,80.23,1005.0,1348.0,9.6,-118,-6.8
2026-08-19 11:51:03,NODO 1.19,39.41,48.64,1004.0,3788.0,8.6,-93,9.8
2026-08-19 11:52:00,NODO 1.22,34.95,58.85,1004.0,4052.0,9.0,-106,8.8
2026-08-19 11:52:06,NODO 1.35,44.86,37.23,1003.0,4082.0,8.3,-114,2.5
2026-08-19 11:52:11,NODO 1.28,32.18,78.39,1004.0,3881.0,6.5,-114,3.8
2026-08-19 11:54:41,NODO 1.20,29.83,100.0,1005.0,3631.0,86.8,-112,5.0
2026-08-19 11:55:45,NODO 1.43,41.83,40.75,1004.0,4092.0,89.9,-110,3.8
2026-08-19 11:55:53,NODO 1.18,32.62,100.0,1004.0,2788.0,39.9,-95,9.5
2026-08-19 11:55:55,NODO 1.15,39.41,52.67,1004.0,3881.0,21.5,-95,8.5
2026-08-19 12:00:13,NODO 1.48,29.09,100.0,1006.0,3851.0,19.9,-109,4.8
2026-08-19 12:00:26,NODO 1.49,29.71,87.76,1002.0,3700.0,24.1,-113,-2.5
2026-08-19 12:01:16,NODO 1.50,31.82,65.25,1006.0,4131.0,26.7,-115,0.8
2026-08-19 12:01:19,NODO 1.40,41.04,46.9,1003.0,4141.0,89.5,-112,-3.8
2026-08-19 12:01:30,NODO 1.04,34.34,62.59,1003.0,3915.0,89.9,-118,-4.8
2026-08-19 12:01:57,NODO 1.52,31.92,77.69,1004.0,3935.0,90.7,-114,-3.8
2026-08-19 12:02:09,NODO 1.36,29.05,100.0,1002.0,3768.0,91.4,-117,-0.5
2026-08-19 12:02:17,NODO 1.02,30.17,81.5,1003.0,3734.0,87.4,-113,2.5
2026-08-19 12:02:34,NODO 1.10,30.86,82.65,1004.0,3900.0,85.0,-89,10.2
2026-08-19 12:02:37,NODO 1.11,28.95,98.95,1002.0,3753.0,82.7,-109,6.8
2026-08-19 12:02:51,NODO 1.56,27.76,88.54,1004.0,3636.0,74.5,-109,6.2
2026-08-19 12:03:05,NODO 1.37,41.27,50.15,1004.0,4082.0,82.9,-116,-4.8
2026-08-19 12:03:35,NODO 1.51,28.94,100.0,1004.0,3881.0,85.0,-116,-3.8
2026-08-19 12:03:41,NODO 1.31,30.31,81.87,1005.0,3704.0,82.2,-99,9.2
2026-08-19 12:03:42,NODO 1.31,30.32,81.87,1005.0,3704.0,81.5,-118,-1.2
2026-08-19 12:04:18,NODO 1.34,39.84,43.23,1002.0,4092.0,87.1,-111,6.5
2026-08-19 12:05:16,NODO 1.01,30.19,100.0,1004.0,3871.0,85.0,-115,-1.5
2026-08-19 12:05:21,NODO 1.05,31.6,100.0,1004.0,3984.0,86.0,-96,9.8
2026-08-19 12:06:07,NODO 1.53,28.94,100.0,1003.0,3915.0,88.2,-103,9.0
2026-08-19 12:07:03,NODO 1.24,33.3,83.13,1003.0,4121.0,92.3,-87,8.5
2026-08-19 12:07:29,NODO 1.32,28.57,100.0,1003.0,3631.0,87.7,-117,-2.0
2026-08-19 12:08:18,NODO 1.38,30.1,86.93,1005.0,3847.0,87.5,-120,-4.0
2026-08-19 12:08:52,NODO 1.03,31.86,96.38,1004.0,3376.0,79.5,-101,8.8
2026-08-19 12:09:11,NODO 1.17,34.36,58.48,1003.0,3920.0,79.8,-119,-2.2
2026-08-19 12:09:27,NODO 1.29,29.09,100.0,1003.0,3856.0,60.7,-111,5.2
2026-08-19 12:11:04,NODO 1.44,39.5,44.16,1004.0,4116.0,83.1,-95,8.8
2026-08-19 12:11:06,NODO 1.44,39.5,44.24,1004.0,4116.0,86.3,-99,9.8
2026-08-19 12:11:21,NODO 1.07,28.98,100.0,1004.0,3935.0,91.9,-114,1.8
2026-08-19 12:11:43,NODO 1.57,29.12,100.0,1003.0,3704.0,89.8,-121,-15.8
2026-08-19 12:11:51,NODO 1.23,31.2,100.0,1003.0,3861.0,89.8,-118,-3.0
2026-08-19 12:12:17,NODO 1.33,41.13,38.78,1003.0,4087.0,89.5,-94,10.5
2026-08-19 12:12:34,NODO 1.16,31.99,64.83,1004.0,3930.0,87.7,-118,-7.8
2026-08-19 12:12:35,NODO 1.16,32.0,64.76,1004.0,3930.0,87.6,-95,10.2
2026-08-19 12:12:37,NODO 1.54,38.49,42.13,1001.0,4033.0,90.9,-108,4.8
2026-08-19 12:13:10,NODO 1.06,39.89,43.36,1003.0,3915.0,91.5,-93,9.2
2026-08-19 12:13:25,NODO 1.25,39.7,42.08,1003.0,4092.0,91.5,-109,7.5
2026-08-19 12:13:26,NODO 1.25,39.73,42.32,1003.0,4092.0,93.1,-96,10.0
2026-08-19 12:13:33,NODO 1.45,38.89,48.83,1004.0,4067.0,94.5,-105,8.0
2026-08-19 12:13:34,NODO 1.45,38.91,48.83,1004.0,4067.0,94.8,-117,-3.0
2026-08-19 12:13:37,NODO 1.13,33.25,100.0,1004.0,4101.0,96.1,-119,-2.0
2026-08-19 12:14:16,NODO 1.46,38.93,47.75,1003.0,4067.0,96.0,-108,-7.5
2026-08-19 12:14:17,NODO 1.55,28.69,100.0,1004.0,3915.0,94.7,-119,-4.2
2026-08-19 12:14:17,NODO 1.46,38.93,47.9,1003.0,4067.0,94.7,-119,-5.2
2026-08-19 12:14:59,NODO 1.42,35.13,57.51,1003.0,3989.0,93.9,-119,-5.8
2026-08-19 12:15:10,NODO 1.08,33.32,100.0,1003.0,3557.0,88.5,-103,10.0
2026-08-19 12:16:11,NODO 1.58,31.01,79.73,1004.0,3778.0,85.6,-119,-10.8
2026-08-19 12:16:19,NODO 1.27,36.25,61.45,1001.0,3989.0,86.3,-107,7.0
2026-08-19 12:16:32,NODO 1.26,32.28,77.48,1003.0,3964.0,85.3,-94,9.8
2026-08-19 12:17:11,NODO 1.14,30.65,100.0,1004.0,3891.0,84.0,-81,10.0
2026-08-19 12:18:13,NODO 1.21,30.99,80.61,1004.0,3185.0,75.4,-119,-5.8
2026-08-19 12:18:19,NODO 1.59,30.19,76.92,1001.0,3891.0,80.3,-120,-9.2
2026-08-19 12:18:24,NODO 1.09,33.11,71.76,1004.0,3998.0,80.4,-88,7.2
2026-08-19 12:18:26,NODO 1.09,33.11,71.72,1004.0,3998.0,80.9,-87,9.2
2026-08-19 12:18:45,NODO 1.39,40.09,75.86,1003.0,4145.0,84.5,-99,9.2
2026-08-19 12:18:47,NODO 1.39,40.11,76.28,1003.0,4155.0,94.4,-102,8.5
2026-08-19 12:20:20,NODO 1.41,40.91,42.77,1003.0,4057.0,95.7,-112,1.2
2026-08-19 12:20:47,NODO 1.12,29.94,85.74,1004.0,1313.0,11.7,-117,-6.5
2026-08-19 12:20:49,NODO 1.12,29.95,85.71,1004.0,2391.0,0,-119,-4.2
2026-08-19 12:20:55,NODO 1.19,37.13,50.71,1004.0,3788.0,0,-99,11.2
2026-08-19 12:21:52,NODO 1.22,34.45,63.36,1004.0,4047.0,0,-108,6.8
2026-08-19 12:21:55,NODO 1.35,41.96,44.66,1003.0,4077.0,0,-100,8.2
2026-08-19 12:22:04,NODO 1.28,31.64,81.93,1004.0,3861.0,18.3,-112,4.2
2026-08-19 12:24:33,NODO 1.20,29.67,100.0,1005.0,3636.0,86.6,-111,5.2
2026-08-19 12:24:35,NODO 1.20,29.71,100.0,1005.0,3636.0,85.1,-81,8.5
2026-08-19 12:25:34,NODO 1.43,39.84,39.35,1003.0,4092.0,85.5,-108,6.8
2026-08-19 12:25:44,NODO 1.15,38.07,58.23,1004.0,3871.0,82.8,-102,8.2
2026-08-19 12:25:46,NODO 1.18,32.34,100.0,1003.0,2827.0,16.2,-89,-3.5
2026-08-19 12:25:48,NODO 1.18,32.36,100.0,1003.0,2813.0,7.4,-103,8.5
2026-08-19 12:30:07,NODO 1.48,29.1,100.0,1005.0,3851.0,9.5,-118,-8.5
2026-08-19 12:30:09,NODO 1.48,29.1,100.0,1005.0,3851.0,7.1,-115,-3.8
2026-08-19 12:30:18,NODO 1.49,29.77,87.64,1002.0,3680.0,5.2,-112,3.0
2026-08-19 12:31:06,NODO 1.50,31.23,68.16,1006.0,4141.0,25.7,-118,-8.0
2026-08-19 12:31:09,NODO 1.40,39.87,51.57,1003.0,4141.0,89.1,-115,0.5
2026-08-19 12:31:11,NODO 1.40,39.87,51.66,1003.0,4136.0,92.0,-109,-5.2
2026-08-19 12:31:21,NODO 1.04,34.29,65.89,1003.0,3915.0,92.6,-119,-6.0
2026-08-19 12:31:50,NODO 1.52,32.03,77.32,1004.0,3930.0,95.1,-115,-0.8
2026-08-19 12:31:59,NODO 1.36,29.06,100.0,1001.0,3778.0,91.5,-114,1.2
2026-08-19 12:32:07,NODO 1.02,30.26,84.72,1003.0,3734.0,87.4,-101,8.5
2026-08-19 12:32:26,NODO 1.10,30.88,77.6,1004.0,3900.0,85.1,-85,9.2
2026-08-19 12:32:29,NODO 1.11,28.89,97.54,1002.0,3704.0,82.1,-114,-1.0
2026-08-19 12:32:43,NODO 1.56,27.86,88.65,1003.0,3636.0,72.6,-105,7.5
2026-08-19 12:32:45,NODO 1.56,27.87,88.47,1003.0,3646.0,59.3,-117,-2.0
2026-08-19 12:32:58,NODO 1.37,40.59,50.68,1004.0,4082.0,81.0,-117,-2.8
2026-08-19 12:33:29,NODO 1.51,28.98,100.0,1004.0,3881.0,80.7,-85,9.0
2026-08-19 12:33:30,NODO 1.31,30.31,82.64,1004.0,3704.0,80.7,-99,7.5
2026-08-19 12:33:30,NODO 1.51,28.99,100.0,1004.0,3881.0,84.2,-115,1.2
2026-08-19 12:34:13,NODO 1.34,39.34,42.77,1001.0,4121.0,89.2,-70,10.2
2026-08-19 12:35:09,NODO 1.01,30.36,85.05,1003.0,3871.0,87.1,-118,-4.0
2026-08-19 12:35:16,NODO 1.05,31.98,100.0,1003.0,3984.0,88.1,-108,6.2
2026-08-19 12:36:00,NODO 1.53,29.04,100.0,1003.0,3915.0,90.2,-105,9.2
2026-08-19 12:36:58,NODO 1.24,32.61,85.83,1003.0,4116.0,92.6,-81,9.5
2026-08-19 12:37:22,NODO 1.32,28.53,100.0,1003.0,3631.0,87.7,-119,-2.8
2026-08-19 12:38:45,NODO 1.03,31.93,95.89,1003.0,3376.0,81.7,-102,8.0
2026-08-19 12:39:01,NODO 1.17,33.83,62.71,1003.0,3920.0,80.8,-111,4.8
2026-08-19 12:39:19,NODO 1.29,29.28,100.0,1003.0,3856.0,80.0,-107,8.0
2026-08-19 12:40:55,NODO 1.44,38.31,47.75,1003.0,4116.0,80.0,-94,9.2
2026-08-19 12:41:17,NODO 1.07,29.14,100.0,1004.0,3935.0,84.3,-112,3.8
2026-08-19 12:41:36,NODO 1.57,29.15,100.0,1002.0,3704.0,87.8,-119,-9.8
2026-08-19 12:41:44,NODO 1.23,30.98,100.0,1003.0,3861.0,87.2,-115,-2.2
2026-08-19 12:42:08,NODO 1.33,39.9,42.33,1003.0,4077.0,89.4,-95,10.0
2026-08-19 12:42:29,NODO 1.16,31.71,69.79,1003.0,3930.0,87.6,-118,-8.8
2026-08-19 12:42:31,NODO 1.54,38.34,42.64,1001.0,4047.0,88.7,-118,-3.2
2026-08-19 12:43:02,NODO 1.06,38.73,47.35,1003.0,3920.0,90.8,-105,8.2
2026-08-19 12:43:14,NODO 1.25,37.04,49.9,1003.0,4092.0,93.2,-96,9.2
2026-08-19 12:43:27,NODO 1.45,38.73,42.9,1003.0,4067.0,93.1,-102,9.5
2026-08-19 12:43:30,NODO 1.13,33.07,100.0,1003.0,4092.0,94.7,-114,2.5
2026-08-19 12:44:12,NODO 1.55,28.69,100.0,1004.0,3905.0,93.3,-119,-4.0
2026-08-19 12:44:12,NODO 1.46,37.3,53.5,1002.0,4067.0,94.7,-115,2.8
2026-08-19 12:44:52,NODO 1.42,34.61,56.19,1003.0,3989.0,93.7,-115,0.5
2026-08-19 12:45:05,NODO 1.08,33.33,100.0,1003.0,3557.0,88.6,-115,-3.8
2026-08-19 12:46:03,NODO 1.58,30.83,83.29,1004.0,3778.0,85.5,-120,-9.0
2026-08-19 12:46:08,NODO 1.60,31.37,73.35,1003.0,3881.0,85.2,-112,2.8
2026-08-19 12:46:14,NODO 1.27,35.79,60.98,1001.0,3989.0,84.2,-109,6.0
2026-08-19 12:46:24,NODO 1.26,32.24,78.44,1003.0,3964.0,83.8,-107,6.5
2026-08-19 12:47:04,NODO 1.14,30.57,100.0,1003.0,3891.0,87.5,-102,9.0
2026-08-19 12:48:05,NODO 1.21,30.76,84.84,1004.0,3190.0,80.2,-120,-14.8
2026-08-19 12:48:14,NODO 1.59,30.21,76.05,1000.0,3891.0,80.4,-117,-7.2
2026-08-19 12:48:19,NODO 1.09,33.22,72.52,1003.0,4008.0,80.6,-93,9.5
2026-08-19 12:48:41,NODO 1.39,38.39,72.02,1002.0,4145.0,83.2,-119,-7.5
2026-08-19 12:50:10,NODO 1.41,38.43,45.12,1003.0,4057.0,85.4,-117,-4.2
2026-08-19 12:50:43,NODO 1.12,30.43,82.84,1004.0,1318.0,9.2,-82,7.2
2026-08-19 12:50:47,NODO 1.19,35.81,51.81,1003.0,3788.0,8.2,-99,10.8
2026-08-19 12:51:45,NODO 1.35,38.88,51.71,1003.0,4057.0,8.7,-117,-1.2
2026-08-19 12:51:45,NODO 1.22,33.82,63.81,1003.0,4052.0,7.7,-105,7.2
2026-08-19 12:51:51,NODO 1.28,31.54,82.21,1003.0,3881.0,6.0,-119,-7.5
2026-08-19 12:54:25,NODO 1.20,29.68,100.0,1004.0,3631.0,86.6,-81,7.2
2026-08-19 12:55:24,NODO 1.43,38.13,46.15,1003.0,4092.0,89.6,-112,4.5
2026-08-19 12:55:36,NODO 1.15,36.79,67.56,1003.0,3881.0,87.9,-99,6.0
2026-08-19 12:55:39,NODO 1.18,31.71,100.0,1003.0,2852.0,25.8,-111,6.0
2026-08-19 13:00:02,NODO 1.48,28.92,100.0,1005.0,3851.0,23.8,-105,7.5
2026-08-19 13:00:08,NODO 1.49,29.39,86.39,1001.0,3700.0,28.4,-117,1.2
2026-08-19 13:00:56,NODO 1.50,30.41,71.2,1005.0,4131.0,32.0,-119,
2026-08-19 13:00:59,NODO 1.40,36.11,52.56,1002.0,4131.0,65.3,-102,9.2
2026-08-19 13:01:12,NODO 1.04,33.83,67.03,1002.0,3900.0,89.6,-118,-3.0
2026-08-19 13:01:43,NODO 1.52,31.3,73.29,1003.0,3925.0,90.4,-119,-10.0
2026-08-19 13:01:47,NODO 1.36,28.87,100.0,1001.0,3778.0,91.2,-113,2.5
2026-08-19 13:02:00,NODO 1.02,30.27,82.84,1002.0,3719.0,87.0,-113,3.5
2026-08-19 13:02:18,NODO 1.10,30.47,84.0,1003.0,3896.0,84.5,-103,8.5
2026-08-19 13:02:20,NODO 1.11,28.81,90.97,1001.0,3700.0,81.7,-109,5.2
2026-08-19 13:02:36,NODO 1.56,27.91,88.14,1003.0,3646.0,72.0,-118,-5.5
2026-08-19 13:02:46,NODO 1.37,37.16,52.44,1003.0,4067.0,81.8,-105,3.8
2026-08-19 13:03:21,NODO 1.31,29.9,84.88,1004.0,3704.0,81.6,-94,9.0
2026-08-19 13:03:23,NODO 1.51,28.8,100.0,1004.0,3881.0,81.4,-87,9.8
2026-08-19 13:04:11,NODO 1.34,36.34,50.81,1001.0,4106.0,86.5,-69,9.5
2026-08-19 13:05:03,NODO 1.01,30.3,100.0,1003.0,3871.0,88.8,-101,9.0
2026-08-19 13:05:08,NODO 1.05,31.68,100.0,1003.0,3984.0,88.0,-114,-1.2
2026-08-19 13:05:55,NODO 1.53,28.75,100.0,1003.0,3915.0,90.1,-103,8.8
2026-08-19 13:06:52,NODO 1.24,31.72,87.68,1002.0,4116.0,92.4,-85,9.2
2026-08-19 13:07:16,NODO 1.32,28.49,100.0,1003.0,3636.0,87.7,-117,-3.2
2026-08-19 13:08:00,NODO 1.38,29.91,83.76,1004.0,3847.0,87.5,-108,6.2
2026-08-19 13:08:37,NODO 1.03,31.48,99.19,1003.0,3376.0,79.5,-102,8.8
2026-08-19 13:08:53,NODO 1.17,32.63,66.87,1002.0,3925.0,80.0,-115,
2026-08-19 13:09:11,NODO 1.29,29.3,100.0,1002.0,3856.0,62.0,-102,9.8
2026-08-19 13:10:44,NODO 1.44,35.73,51.9,1003.0,4116.0,83.1,-103,8.0
2026-08-19 13:11:11,NODO 1.07,28.9,100.0,1003.0,3935.0,84.4,-101,9.8
2026-08-19 13:11:27,NODO 1.57,28.61,100.0,1002.0,3704.0,87.9,-120,-11.0
2026-08-19 13:11:38,NODO 1.23,30.44,100.0,1002.0,3861.0,87.2,-120,-8.8
2026-08-19 13:11:58,NODO 1.33,36.61,47.83,1002.0,4077.0,89.4,-91,11.8
2026-08-19 13:12:21,NODO 1.54,35.16,50.15,1000.0,4033.0,88.6,-119,-1.8
2026-08-19 13:12:21,NODO 1.16,31.03,72.57,1003.0,3930.0,88.5,-96,9.2
2026-08-19 13:12:53,NODO 1.06,36.0,56.13,1002.0,3920.0,90.7,-99,6.5
2026-08-19 13:13:01,NODO 1.25,34.43,59.61,1003.0,4087.0,93.0,-96,9.0
2026-08-19 13:13:17,NODO 1.45,35.95,48.71,1003.0,4067.0,92.9,-99,8.8
2026-08-19 13:13:21,NODO 1.13,31.44,100.0,1003.0,4106.0,93.6,-105,-1.8
2026-08-19 13:14:02,NODO 1.46,34.5,62.3,1002.0,4067.0,95.0,-85,10.0
2026-08-19 13:14:05,NODO 1.55,28.42,100.0,1004.0,3915.0,94.9,-111,6.2
2026-08-19 13:14:42,NODO 1.42,32.15,58.61,1003.0,3969.0,93.7,-117,-4.0
2026-08-19 13:14:58,NODO 1.08,31.9,100.0,1002.0,3567.0,88.7,-119,-6.2
2026-08-19 13:15:56,NODO 1.58,30.35,81.96,1004.0,3773.0,85.4,-118,-2.2
2026-08-19 13:16:00,NODO 1.60,30.39,76.17,1003.0,3881.0,82.9,-107,6.2
2026-08-19 13:16:05,NODO 1.27,33.15,66.01,1001.0,3989.0,84.0,-105,7.8
2026-08-19 13:16:15,NODO 1.26,30.89,88.63,1003.0,3964.0,83.9,-105,8.5
2026-08-19 13:16:56,NODO 1.14,30.12,100.0,1003.0,3891.0,87.5,-96,9.2
2026-08-19 13:17:57,NODO 1.21,30.0,85.86,1004.0,3190.0,80.2,-117,-8.2
2026-08-19 13:18:06,NODO 1.59,29.62,78.18,1000.0,3891.0,80.4,-121,-8.5
2026-08-19 13:18:11,NODO 1.09,32.29,82.4,1003.0,4008.0,80.6,-87,9.5
2026-08-19 13:18:33,NODO 1.39,34.43,68.32,1002.0,4141.0,83.2,-102,8.5
2026-08-19 13:20:35,NODO 1.12,30.06,90.78,1004.0,1362.0,0,-87,9.8
2026-08-19 13:20:44,NODO 1.19,32.84,54.43,1003.0,3783.0,6.8,-95,9.0
2026-08-19 13:21:31,NODO 1.35,34.4,61.4,1003.0,4057.0,8.5,-111,5.5
2026-08-19 13:21:36,NODO 1.22,31.57,77.06,1003.0,4052.0,8.9,-106,6.0
2026-08-19 13:21:41,NODO 1.28,30.68,93.02,1003.0,3881.0,6.3,-115,0.5
2026-08-19 13:24:15,NODO 1.20,28.71,100.0,1004.0,3631.0,86.5,-118,-2.5
2026-08-19 13:25:12,NODO 1.43,32.99,59.86,1003.0,4077.0,89.5,-114,1.5
2026-08-19 13:25:25,NODO 1.15,32.78,100.0,1003.0,3856.0,87.5,-101,5.5
2026-08-19 13:25:30,NODO 1.18,29.82,100.0,1002.0,2896.0,26.1,-109,5.0
2026-08-19 13:29:55,NODO 1.48,27.94,93.87,1004.0,3851.0,24.1,-116,-1.0
2026-08-19 13:29:59,NODO 1.49,28.18,82.83,1001.0,3714.0,29.6,-110,2.5
2026-08-19 13:30:47,NODO 1.40,31.04,67.67,1002.0,4126.0,35.7,-117,-4.0
2026-08-19 13:30:48,NODO 1.50,28.32,75.99,1005.0,4121.0,70.4,-117,0.5
2026-08-19 13:31:13,NODO 1.04,30.38,86.99,1002.0,3915.0,89.8,-93,6.2
2026-08-19 13:31:32,NODO 1.52,28.68,77.42,1003.0,3930.0,90.6,-119,-6.2
2026-08-19 13:31:36,NODO 1.36,27.72,100.0,1000.0,3778.0,91.2,-111,5.8
2026-08-19 13:31:48,NODO 1.02,28.08,91.83,1002.0,3734.0,87.3,-118,-2.2
2026-08-19 13:32:09,NODO 1.10,28.28,96.31,1003.0,3891.0,85.0,-108,6.8
2026-08-19 13:32:11,NODO 1.11,27.53,92.47,1001.0,3719.0,82.2,-120,-2.0
2026-08-19 13:32:29,NODO 1.56,27.32,86.05,1002.0,3636.0,72.9,-105,8.0
2026-08-19 13:32:35,NODO 1.37,31.43,56.29,1003.0,4067.0,82.1,-102,9.2
2026-08-19 13:33:09,NODO 1.31,27.83,95.69,1004.0,3704.0,81.7,-90,9.2
2026-08-19 13:33:15,NODO 1.51,27.89,99.28,1003.0,3881.0,81.5,-115,-1.0
2026-08-19 13:33:45,NODO 1.34,30.73,69.2,1000.0,4101.0,86.4,-115,0.8
2026-08-19 13:34:55,NODO 1.01,28.51,100.0,1002.0,3856.0,88.6,-115,-3.0
2026-08-19 13:34:57,NODO 1.05,29.05,100.0,1003.0,3969.0,87.6,-109,6.2
2026-08-19 13:35:45,NODO 1.53,27.71,100.0,1002.0,3915.0,89.7,-114,2.8
2026-08-19 13:36:41,NODO 1.24,27.44,100.0,1002.0,4116.0,92.1,-101,9.5
2026-08-19 13:37:09,NODO 1.32,27.58,100.0,1002.0,3631.0,87.4,-118,-3.5
2026-08-19 13:37:47,NODO 1.38,27.64,83.23,1004.0,3847.0,87.3,-103,5.5
2026-08-19 13:38:24,NODO 1.03,28.6,100.0,1003.0,3376.0,79.2,-115,0.5
2026-08-19 13:38:40,NODO 1.17,29.35,82.01,1002.0,3915.0,79.2,-88,10.0
2026-08-19 13:39:00,NODO 1.29,27.52,100.0,1002.0,3856.0,60.0,-114,4.0
2026-08-19 13:40:28,NODO 1.44,29.8,72.22,1002.0,4106.0,82.9,-105,9.0
2026-08-19 13:41:07,NODO 1.07,27.27,100.0,1003.0,3935.0,84.1,-113,4.2
2026-08-19 13:41:18,NODO 1.57,27.17,100.0,1001.0,3700.0,87.6,-116,-5.0
2026-08-19 13:41:26,NODO 1.23,28.25,100.0,1002.0,3861.0,87.1,-116,-4.0
2026-08-19 13:41:41,NODO 1.33,30.46,67.91,1002.0,4062.0,89.1,-93,8.8
2026-08-19 13:42:04,NODO 1.54,28.75,71.33,1000.0,4018.0,88.3,-117,-0.5
2026-08-19 13:42:08,NODO 1.16,27.4,99.82,1003.0,3925.0,88.2,-105,9.0
2026-08-19 13:42:39,NODO 1.06,29.9,83.85,1002.0,3905.0,90.2,-97,8.8
2026-08-19 13:42:42,NODO 1.25,29.99,78.76,1002.0,4082.0,92.4,-97,10.8
2026-08-19 13:43:02,NODO 1.45,30.0,65.43,1003.0,4052.0,92.3,-95,9.5
2026-08-19 13:43:11,NODO 1.13,28.89,100.0,1002.0,4092.0,93.1,-114,-1.2
2026-08-19 13:43:49,NODO 1.46,29.31,88.72,1001.0,4067.0,94.5,-121,-6.2
2026-08-19 13:43:56,NODO 1.55,27.11,100.0,1003.0,3900.0,94.4,-118,-1.0
2026-08-19 13:44:27,NODO 1.42,28.39,65.53,1002.0,3969.0,93.3,-118,-6.8
2026-08-19 13:44:48,NODO 1.08,28.63,100.0,1002.0,3597.0,88.8,-93,9.0
2026-08-19 13:45:45,NODO 1.58,28.19,86.65,1003.0,3793.0,85.8,-100,10.8
2026-08-19 13:45:50,NODO 1.27,29.26,78.08,1000.0,3989.0,85.0,-106,5.5
2026-08-19 13:46:00,NODO 1.26,27.96,100.0,1002.0,3964.0,85.6,-98,8.5
2026-08-19 13:46:43,NODO 1.14,27.86,100.0,1003.0,3891.0,84.8,-103,8.5
2026-08-19 13:47:43,NODO 1.21,28.08,89.43,1003.0,3190.0,76.4,-117,-6.5
2026-08-19 13:47:54,NODO 1.59,27.77,86.55,1000.0,3886.0,80.3,-119,-13.2
2026-08-19 13:47:59,NODO 1.09,28.76,100.0,1003.0,3998.0,80.4,-85,9.2
2026-08-19 13:48:20,NODO 1.39,29.6,74.23,1002.0,4131.0,82.8,-105,8.5
2026-08-19 13:49:40,NODO 1.41,29.71,62.75,1002.0,4038.0,84.9,-118,-7.2
2026-08-19 13:50:27,NODO 1.19,29.0,59.87,1002.0,3783.0,90.9,-101,3.8
2026-08-19 13:50:27,NODO 1.12,27.48,100.0,1003.0,1455.0,9.1,-119,-7.8
2026-08-19 13:51:17,NODO 1.35,29.86,78.06,1002.0,4057.0,9.6,-99,10.5
2026-08-19 13:51:22,NODO 1.22,29.27,87.06,1003.0,4047.0,8.8,-101,-6.5
2026-08-19 13:51:25,NODO 1.28,28.38,100.0,1003.0,3881.0,7.2,-115,1.0
2026-08-19 13:54:03,NODO 1.20,27.78,100.0,1003.0,3636.0,5.8,-84,10.5
2026-08-19 13:54:56,NODO 1.43,29.68,75.66,1002.0,4067.0,89.4,-111,1.8
2026-08-19 13:55:10,NODO 1.15,29.53,100.0,1003.0,3871.0,87.5,-102,8.2
2026-08-19 13:55:19,NODO 1.18,28.2,100.0,1002.0,2876.0,25.4,-100,8.8
2026-08-19 13:59:46,NODO 1.48,26.92,97.64,1004.0,3851.0,23.4,-118,-1.5
2026-08-19 13:59:50,NODO 1.49,27.28,84.57,1001.0,3695.0,27.3,-111,1.5
2026-08-19 14:00:34,NODO 1.40,28.98,71.25,1002.0,4121.0,31.9,-115,-4.2
2026-08-19 14:00:36,NODO 1.50,27.11,79.78,1005.0,4121.0,65.2,-115,0.8
2026-08-19 14:00:51,NODO 1.04,28.88,100.0,1002.0,3891.0,89.3,-117,-3.8
2026-08-19 14:01:23,NODO 1.52,27.45,87.3,1003.0,3925.0,90.0,-112,0.8
2026-08-19 14:01:24,NODO 1.36,27.11,100.0,1000.0,3768.0,90.8,-109,-3.5
2026-08-19 14:01:38,NODO 1.02,27.14,95.82,1002.0,3719.0,86.7,-118,-4.2
2026-08-19 14:01:59,NODO 1.10,27.39,100.0,1003.0,3891.0,84.2,-87,8.5
2026-08-19 14:02:01,NODO 1.11,26.81,95.83,1001.0,3646.0,80.7,-115,-0.8
2026-08-19 14:02:20,NODO 1.56,26.81,87.85,1002.0,3636.0,64.7,-105,8.0
2026-08-19 14:02:27,NODO 1.37,29.04,63.81,1003.0,4057.0,80.7,-116,-3.0
2026-08-19 14:02:57,NODO 1.31,26.97,100.0,1003.0,3704.0,80.5,-97,3.8
2026-08-19 14:03:09,NODO 1.51,27.17,100.0,1003.0,3861.0,80.1,-102,9.2
2026-08-19 14:03:33,NODO 1.34,28.68,82.93,1000.0,4092.0,86.0,-119,-2.0
2026-08-19 14:04:45,NODO 1.05,28.09,100.0,1003.0,3969.0,89.3,-107,7.8
2026-08-19 14:04:47,NODO 1.01,27.43,100.0,1002.0,3822.0,87.0,-119,-0.5
2026-08-19 14:05:37,NODO 1.53,27.12,100.0,1002.0,3915.0,89.1,-108,5.5
2026-08-19 14:06:32,NODO 1.24,27.57,100.0,1002.0,4106.0,91.5,-87,9.2
2026-08-19 14:06:59,NODO 1.32,26.97,100.0,1002.0,3631.0,86.9,-119,-10.0
2026-08-19 14:07:38,NODO 1.38,27.47,84.69,1004.0,3847.0,85.7,-120,-5.2
2026-08-19 14:08:15,NODO 1.03,27.97,100.0,1002.0,3376.0,78.8,-102,6.8
2026-08-19 14:08:31,NODO 1.17,28.4,92.41,1002.0,3915.0,78.8,-105,8.2
2026-08-19 14:08:53,NODO 1.29,26.94,100.0,1002.0,3856.0,60.0,-103,8.8
2026-08-19 14:10:17,NODO 1.44,28.85,78.13,1002.0,4116.0,83.0,-100,9.2
2026-08-19 14:11:03,NODO 1.07,26.86,100.0,1003.0,3915.0,84.0,-105,8.5
2026-08-19 14:11:10,NODO 1.57,26.84,100.0,1001.0,3704.0,87.6,-118,-7.5
2026-08-19 14:11:31,NODO 1.33,29.39,71.74,1002.0,4067.0,89.1,-93,11.0
2026-08-19 14:11:55,NODO 1.54,28.79,80.03,1000.0,4028.0,90.8,-117,-1.2
2026-08-19 14:12:30,NODO 1.06,29.28,92.91,1002.0,3905.0,88.7,-101,7.0
2026-08-19 14:12:31,NODO 1.25,29.44,87.61,1002.0,4082.0,90.4,-96,9.5
2026-08-19 14:12:54,NODO 1.45,29.08,74.79,1002.0,4052.0,93.8,-119,-7.2
2026-08-19 14:13:03,NODO 1.13,28.46,100.0,1002.0,4092.0,94.1,-117,-3.5
2026-08-19 14:13:40,NODO 1.46,28.7,100.0,1001.0,4067.0,94.5,-113,-4.2
2026-08-19 14:13:49,NODO 1.55,26.82,100.0,1003.0,3905.0,94.5,-118,-2.0
2026-08-19 14:14:19,NODO 1.42,27.69,71.86,1002.0,3964.0,93.3,-120,-5.5
2026-08-19 14:14:43,NODO 1.08,28.36,100.0,1002.0,3484.0,87.6,-119,-5.2
2026-08-19 14:15:36,NODO 1.58,27.68,93.61,1003.0,3793.0,84.5,-99,10.0
2026-08-19 14:15:43,NODO 1.60,27.91,91.85,1002.0,3886.0,81.9,-120,-7.8
2026-08-19 14:15:43,NODO 1.27,29.2,86.49,1000.0,3989.0,83.1,-105,8.0
2026-08-19 14:15:51,NODO 1.26,28.04,100.0,1002.0,3959.0,83.0,-99,8.8
2026-08-19 14:16:35,NODO 1.14,27.81,100.0,1002.0,3891.0,87.7,-115,0.5
2026-08-19 14:17:35,NODO 1.21,27.69,98.01,1003.0,3190.0,80.2,-120,-3.5
2026-08-19 14:17:44,NODO 1.59,28.02,95.37,999.0,3891.0,80.3,-119,-13.2
2026-08-19 14:17:52,NODO 1.09,29.19,100.0,1002.0,3998.0,80.4,-117,-1.2
2026-08-19 14:18:15,NODO 1.39,29.29,84.9,1001.0,4131.0,82.9,-112,3.5
2026-08-19 14:19:31,NODO 1.41,29.72,67.13,1002.0,4038.0,85.0,-117,-4.8
2026-08-19 14:20:18,NODO 1.19,28.63,64.34,1002.0,3778.0,90.9,-100,8.2
2026-08-19 14:20:21,NODO 1.12,27.52,100.0,1003.0,1465.0,9.1,-118,-7.2
2026-08-19 14:21:09,NODO 1.35,29.84,84.86,1002.0,4052.0,9.6,-97,9.2
2026-08-19 14:21:14,NODO 1.22,29.22,92.04,1002.0,4047.0,8.8,-109,5.0
2026-08-19 14:21:16,NODO 1.28,28.17,100.0,1002.0,3881.0,7.2,-113,4.5
2026-08-19 14:23:54,NODO 1.20,27.57,100.0,1003.0,3631.0,5.8,-114,1.5
2026-08-19 14:24:47,NODO 1.43,29.9,80.03,1002.0,4067.0,89.3,-117,-1.8
2026-08-19 14:25:02,NODO 1.15,29.31,100.0,1003.0,3851.0,87.3,-97,9.8
2026-08-19 14:25:12,NODO 1.18,28.15,100.0,1002.0,2803.0,19.7,-97,9.0
2026-08-19 14:29:38,NODO 1.48,27.05,100.0,1004.0,3851.0,19.1,-102,8.0
2026-08-19 14:29:45,NODO 1.49,27.26,89.15,1000.0,3675.0,19.9,-115,0.2
2026-08-19 14:30:27,NODO 1.40,29.14,80.96,1001.0,4121.0,23.4,-97,7.0
2026-08-19 14:30:31,NODO 1.50,27.13,84.45,1005.0,4126.0,53.5,-117,-2.2
2026-08-19 14:30:44,NODO 1.04,28.99,100.0,1002.0,3900.0,89.2,-118,-2.5
2026-08-19 14:31:14,NODO 1.36,27.06,100.0,1000.0,3778.0,88.5,-115,1.8
2026-08-19 14:31:17,NODO 1.52,28.24,86.24,1002.0,3920.0,91.0,-120,-3.8
2026-08-19 14:31:28,NODO 1.02,27.23,100.0,1002.0,3729.0,87.0,-114,0.5
2026-08-19 14:31:52,NODO 1.10,27.47,100.0,1003.0,3891.0,84.5,-115,0.2
2026-08-19 14:31:53,NODO 1.11,26.88,98.57,1001.0,3626.0,80.6,-113,2.5
2026-08-19 14:32:12,NODO 1.56,26.78,89.23,1002.0,3636.0,75.1,-111,5.0
2026-08-19 14:32:19,NODO 1.37,29.31,65.68,1002.0,4067.0,80.7,-120,-7.8
2026-08-19 14:32:48,NODO 1.31,27.05,100.0,1003.0,3704.0,80.3,-93,9.8
2026-08-19 14:32:59,NODO 1.51,27.2,100.0,1003.0,3871.0,80.1,-119,-1.8
2026-08-19 14:33:25,NODO 1.34,29.32,79.85,1000.0,4092.0,86.2,-67,10.5
2026-08-19 14:34:39,NODO 1.05,28.26,100.0,1002.0,3969.0,89.5,-104,8.2
2026-08-19 14:34:40,NODO 1.01,27.57,100.0,1002.0,3783.0,86.7,-118,-5.0
2026-08-19 14:35:30,NODO 1.53,27.14,100.0,1002.0,3915.0,88.8,-111,4.8
2026-08-19 14:36:28,NODO 1.24,28.2,100.0,1002.0,4101.0,91.1,-106,7.5
2026-08-19 14:36:51,NODO 1.32,27.02,100.0,1002.0,3631.0,86.5,-112,3.8
2026-08-19 14:37:31,NODO 1.38,27.44,87.92,1004.0,3847.0,85.3,-109,5.8
2026-08-19 14:38:02,NODO 1.03,28.03,100.0,1002.0,3376.0,78.5,-106,8.0
2026-08-19 14:38:23,NODO 1.17,28.54,95.69,1001.0,3920.0,78.8,-109,5.0
2026-08-19 14:38:45,NODO 1.29,27.02,100.0,1001.0,3856.0,60.7,-114,2.2
2026-08-19 14:40:10,NODO 1.44,28.6,74.55,1002.0,4106.0,82.9,-103,6.0
2026-08-19 14:40:57,NODO 1.07,26.84,100.0,1002.0,3920.0,84.0,-115,0.8
2026-08-19 14:41:03,NODO 1.57,26.84,100.0,1001.0,3704.0,87.6,-118,-11.8
2026-08-19 14:41:21,NODO 1.33,28.96,75.02,1002.0,4067.0,89.0,-88,12.0
2026-08-19 14:41:50,NODO 1.54,29.13,74.62,999.0,4033.0,90.8,-36,10.0
2026-08-19 14:41:55,NODO 1.16,27.92,100.0,1002.0,3925.0,89.0,-101,6.5
2026-08-19 14:42:21,NODO 1.25,29.0,88.63,1002.0,4087.0,90.7,-93,7.5
2026-08-19 14:42:22,NODO 1.06,28.93,98.65,1002.0,3905.0,92.7,-88,9.2
2026-08-19 14:42:48,NODO 1.45,28.88,67.2,1002.0,4047.0,92.5,-118,-2.2
2026-08-19 14:42:54,NODO 1.13,28.44,100.0,1002.0,4092.0,93.1,-114,0.8
2026-08-19 14:43:33,NODO 1.46,28.59,94.8,1001.0,4067.0,94.5,-119,-1.2
2026-08-19 14:43:42,NODO 1.55,27.0,100.0,1003.0,3900.0,92.6,-117,-6.2
2026-08-19 14:44:12,NODO 1.42,27.43,71.17,1002.0,3969.0,93.2,-118,-8.8
2026-08-19 14:44:38,NODO 1.08,28.31,100.0,1001.0,3450.0,87.3,-96,11.5
2026-08-19 14:45:27,NODO 1.58,27.69,93.57,1003.0,3783.0,83.8,-117,-8.0
2026-08-19 14:45:36,NODO 1.60,27.86,90.2,1002.0,3886.0,81.3,-118,-1.2
2026-08-19 14:45:37,NODO 1.27,28.88,84.58,1000.0,3989.0,82.5,-119,-3.5
2026-08-19 14:45:44,NODO 1.26,28.15,100.0,1002.0,3959.0,82.4,-114,2.2
2026-08-19 14:46:26,NODO 1.14,27.68,100.0,1002.0,3891.0,87.6,-81,7.2
2026-08-19 14:47:27,NODO 1.21,27.51,100.0,1002.0,3190.0,80.2,-119,-9.5
2026-08-19 14:47:37,NODO 1.59,27.48,95.27,999.0,3871.0,80.0,-120,-7.0
2026-08-19 14:47:44,NODO 1.09,28.89,100.0,1002.0,3998.0,80.1,-83,8.8
2026-08-19 14:48:09,NODO 1.39,28.74,79.06,1001.0,4126.0,82.5,-108,7.5
2026-08-19 14:49:20,NODO 1.41,28.78,68.09,1002.0,4038.0,84.6,-114,2.0
2026-08-19 14:50:09,NODO 1.19,28.16,65.27,1002.0,3768.0,90.5,-90,10.2
2026-08-19 14:50:17,NODO 1.12,27.52,100.0,1003.0,1465.0,8.9,-84,8.2
2026-08-19 14:50:59,NODO 1.35,29.18,85.54,1002.0,4052.0,9.5,-107,8.5
2026-08-19 14:51:05,NODO 1.28,28.04,100.0,1002.0,3861.0,6.8,-109,6.5
2026-08-19 14:51:07,NODO 1.22,29.01,90.46,1002.0,4047.0,6.9,-95,9.0
2026-08-19 14:53:48,NODO 1.20,27.53,100.0,1003.0,3631.0,5.6,-83,9.0
2026-08-19 14:54:38,NODO 1.43,29.19,80.11,1002.0,4067.0,89.1,-107,7.5
2026-08-19 14:54:53,NODO 1.15,28.69,100.0,1002.0,3851.0,87.1,-102,8.8
2026-08-19 14:55:04,NODO 1.18,27.97,100.0,1002.0,2783.0,28.6,-105,7.8
2026-08-19 14:59:33,NODO 1.48,27.12,100.0,1004.0,3851.0,18.7,-115,-1.2
2026-08-19 14:59:33,NODO 1.49,27.17,87.96,1000.0,3695.0,19.9,-113,4.2
2026-08-19 15:00:18,NODO 1.40,28.69,80.09,1001.0,4121.0,23.4,-98,8.8
2026-08-19 15:00:35,NODO 1.04,29.01,100.0,1001.0,3900.0,26.7,-115,2.8
2026-08-19 15:01:04,NODO 1.36,26.92,100.0,1000.0,3768.0,85.8,-114,1.8
2026-08-19 15:01:08,NODO 1.52,28.02,88.0,1002.0,3925.0,86.6,-120,-3.5
2026-08-19 15:01:21,NODO 1.02,27.29,100.0,1002.0,3729.0,86.9,-101,9.0
2026-08-19 15:01:42,NODO 1.10,27.44,100.0,1002.0,3891.0,84.5,-81,8.0
2026-08-19 15:01:45,NODO 1.11,26.84,99.1,1000.0,3626.0,80.6,-101,8.5
2026-08-19 15:02:10,NODO 1.56,26.74,90.07,1002.0,3636.0,75.4,-117,-1.5
2026-08-19 15:02:15,NODO 1.37,29.13,68.92,1002.0,4067.0,80.7,-107,7.2
2026-08-19 15:02:39,NODO 1.31,26.98,100.0,1003.0,3704.0,80.3,-91,7.2
2026-08-19 15:02:53,NODO 1.51,27.19,100.0,1003.0,3881.0,80.2,-120,-2.0
2026-08-19 15:03:14,NODO 1.34,28.93,81.6,1000.0,4092.0,86.3,-67,9.0
2026-08-19 15:04:32,NODO 1.05,28.28,100.0,1002.0,3974.0,89.7,-103,7.2
2026-08-19 15:04:33,NODO 1.01,27.69,100.0,1002.0,3778.0,86.8,-95,8.8
2026-08-19 15:05:24,NODO 1.53,27.09,100.0,1002.0,3915.0,88.9,-107,7.2
2026-08-19 15:06:23,NODO 1.24,28.42,100.0,1001.0,4101.0,91.1,-113,4.2
2026-08-19 15:06:43,NODO 1.32,27.04,100.0,1002.0,3631.0,86.5,-114,-5.8
2026-08-19 15:07:21,NODO 1.38,27.4,87.58,1003.0,3847.0,85.2,-108,8.0
2026-08-19 15:07:58,NODO 1.03,28.0,100.0,1002.0,3376.0,78.5,-89,8.8
2026-08-19 15:08:15,NODO 1.17,28.71,98.9,1001.0,3905.0,78.0,-102,9.2
2026-08-19 15:08:36,NODO 1.29,26.99,100.0,1001.0,3856.0,58.7,-114,2.2
2026-08-19 15:10:02,NODO 1.44,28.93,77.32,1002.0,4116.0,82.9,-107,6.8
2026-08-19 15:10:52,NODO 1.07,26.81,100.0,1002.0,3915.0,83.8,-114,3.0
2026-08-19 15:10:56,NODO 1.57,26.79,100.0,1001.0,3695.0,87.4,-119,-10.5
2026-08-19 15:11:13,NODO 1.33,29.38,75.21,1002.0,4057.0,88.9,-91,12.8
2026-08-19 15:11:43,NODO 1.54,29.67,74.98,999.0,4028.0,90.6,-35,8.8
2026-08-19 15:11:50,NODO 1.16,28.73,96.08,1002.0,3925.0,88.7,-95,9.2
2026-08-19 15:12:11,NODO 1.25,29.2,86.35,1002.0,4077.0,90.3,-111,5.5
2026-08-19 15:12:15,NODO 1.06,29.47,97.37,1001.0,3905.0,92.4,-107,6.8
2026-08-19 15:12:41,NODO 1.45,29.35,71.84,1002.0,4052.0,92.4,-118,-5.5
2026-08-19 15:12:46,NODO 1.13,28.67,100.0,1002.0,4092.0,93.0,-120,-7.8
2026-08-19 15:13:25,NODO 1.46,28.58,97.68,1001.0,4067.0,94.4,-119,-1.2
2026-08-19 15:13:36,NODO 1.55,26.91,100.0,1003.0,3905.0,92.7,-117,
2026-08-19 15:14:06,NODO 1.42,27.75,73.59,1002.0,3969.0,93.3,-118,-2.2
2026-08-19 15:14:33,NODO 1.08,28.6,100.0,1001.0,3420.0,87.0,-117,-9.5
2026-08-19 15:15:20,NODO 1.58,27.75,95.34,1002.0,3793.0,83.6,-119,-8.5
2026-08-19 15:15:28,NODO 1.27,28.75,87.91,999.0,3989.0,82.5,-107,6.5
2026-08-19 15:15:29,NODO 1.60,28.09,90.36,1002.0,3886.0,82.2,-117,-4.5
2026-08-19 15:15:36,NODO 1.26,28.43,100.0,1002.0,3959.0,82.1,-106,7.5
2026-08-19 15:16:18,NODO 1.14,27.76,100.0,1002.0,3886.0,87.6,-100,9.0
2026-08-19 15:17:20,NODO 1.21,27.47,100.0,1002.0,3185.0,80.1,-117,-1.2
2026-08-19 15:17:29,NODO 1.59,27.45,95.74,999.0,3886.0,75.1,-119,-6.2
2026-08-19 15:17:37,NODO 1.09,29.27,100.0,1002.0,3998.0,80.2,-120,-7.5
2026-08-19 15:18:04,NODO 1.39,29.02,81.27,1001.0,4131.0,82.7,-113,2.2
2026-08-19 15:20:03,NODO 1.19,28.34,67.48,1002.0,3778.0,81.1,-98,10.2
2026-08-19 15:20:12,NODO 1.12,27.69,100.0,1003.0,1455.0,7.5,-87,9.5
2026-08-19 15:20:51,NODO 1.35,29.8,85.18,1001.0,4047.0,9.1,-101,7.0
2026-08-19 15:20:57,NODO 1.28,28.31,100.0,1002.0,3881.0,7.9,-115,1.5
2026-08-19 15:21:00,NODO 1.22,29.18,90.07,1002.0,4033.0,6.9,-99,8.8
2026-08-19 15:23:40,NODO 1.20,27.53,100.0,1003.0,3636.0,5.5,-114,3.0
2026-08-19 15:24:30,NODO 1.43,29.42,80.8,1002.0,4077.0,89.2,-102,8.8
2026-08-19 15:24:46,NODO 1.15,29.16,100.0,1002.0,3851.0,87.3,-97,9.8
2026-08-19 15:24:58,NODO 1.18,27.99,100.0,1001.0,2724.0,24.7,-100,9.2
2026-08-19 15:29:26,NODO 1.49,27.11,88.16,1000.0,3690.0,14.8,-108,4.8
2026-08-19 15:29:26,NODO 1.48,27.14,100.0,1003.0,3861.0,19.1,-91,8.5
2026-08-19 15:30:11,NODO 1.40,29.05,78.7,1001.0,4121.0,19.9,-99,9.8
2026-08-19 15:30:19,NODO 1.50,27.25,83.67,1004.0,4121.0,45.6,-114,
2026-08-19 15:30:28,NODO 1.04,29.17,100.0,1001.0,3900.0,89.4,-113,2.5
2026-08-19 15:30:54,NODO 1.36,26.85,100.0,999.0,3768.0,90.2,-117,-0.5
2026-08-19 15:31:02,NODO 1.52,28.04,86.7,1002.0,3920.0,90.8,-118,-2.8
2026-08-19 15:31:16,NODO 1.02,27.33,100.0,1001.0,3729.0,86.9,-112,1.5
2026-08-19 15:31:35,NODO 1.10,27.46,100.0,1002.0,3891.0,84.4,-84,10.5
2026-08-19 15:31:38,NODO 1.11,26.84,99.4,1000.0,3631.0,80.6,-96,5.5
2026-08-19 15:32:00,NODO 1.56,26.67,90.5,1002.0,3636.0,75.4,-108,5.8
2026-08-19 15:32:08,NODO 1.37,29.35,67.47,1002.0,4067.0,80.8,-120,-7.2
2026-08-19 15:32:31,NODO 1.31,27.07,100.0,1003.0,3700.0,80.4,-87,9.2
2026-08-19 15:32:45,NODO 1.51,27.14,100.0,1003.0,3871.0,80.1,-117,-2.2
2026-08-19 15:33:06,NODO 1.34,29.0,79.59,1000.0,4092.0,86.2,-97,8.8
2026-08-19 15:34:24,NODO 1.05,28.12,100.0,1002.0,3974.0,89.5,-106,8.8
2026-08-19 15:34:26,NODO 1.01,27.9,100.0,1002.0,3783.0,86.7,-97,8.8
2026-08-19 15:35:18,NODO 1.53,27.02,100.0,1001.0,3915.0,88.8,-105,9.0
2026-08-19 15:36:15,NODO 1.24,28.43,100.0,1001.0,4101.0,91.2,-119,-3.8
2026-08-19 15:36:36,NODO 1.32,27.04,100.0,1002.0,3631.0,86.5,-119,-2.8
2026-08-19 15:37:15,NODO 1.38,27.32,87.1,1003.0,3847.0,85.3,-111,5.2
2026-08-19 15:37:50,NODO 1.03,28.13,100.0,1002.0,3376.0,78.5,-111,5.2
2026-08-19 15:38:07,NODO 1.17,28.65,96.33,1001.0,3915.0,78.5,-97,9.0
2026-08-19 15:38:28,NODO 1.29,27.08,100.0,1001.0,3856.0,60.0,-95,10.0
2026-08-19 15:39:54,NODO 1.44,28.86,78.49,1002.0,4116.0,83.0,-103,6.0
2026-08-19 15:40:45,NODO 1.07,26.71,100.0,1002.0,3935.0,84.3,-118,-4.5
2026-08-19 15:40:49,NODO 1.57,26.79,100.0,1001.0,3700.0,87.7,-120,-9.2
2026-08-19 15:40:59,NODO 1.23,27.71,100.0,1001.0,3856.0,87.1,-118,-9.8
2026-08-19 15:41:05,NODO 1.33,29.41,72.18,1001.0,4067.0,89.2,-82,12.8
2026-08-19 15:41:35,NODO 1.54,29.45,74.93,999.0,4077.0,88.8,-115,2.8
2026-08-19 15:41:41,NODO 1.16,28.64,95.25,1002.0,3925.0,88.8,-103,9.2
2026-08-19 15:42:03,NODO 1.25,29.29,85.16,1002.0,4082.0,92.6,-96,9.8
2026-08-19 15:42:09,NODO 1.06,29.58,92.11,1001.0,3905.0,93.1,-93,8.0
2026-08-19 15:42:34,NODO 1.45,29.22,71.64,1002.0,4052.0,92.9,-118,-5.5
2026-08-19 15:42:39,NODO 1.13,28.58,100.0,1002.0,4092.0,93.1,-119,-8.5
2026-08-19 15:43:16,NODO 1.46,28.53,96.47,1000.0,4067.0,94.5,-114,1.2
2026-08-19 15:43:28,NODO 1.55,26.87,100.0,1002.0,3905.0,92.7,-119,-1.2
2026-08-19 15:43:59,NODO 1.42,27.73,73.66,1001.0,3964.0,93.3,-114,2.2
2026-08-19 15:44:28,NODO 1.08,28.57,100.0,1001.0,3420.0,87.0,-119,-10.5
2026-08-19 15:45:11,NODO 1.58,27.77,94.88,1002.0,3788.0,83.5,-105,9.0
2026-08-19 15:45:20,NODO 1.27,28.52,89.29,999.0,3989.0,82.4,-107,8.0
2026-08-19 15:45:22,NODO 1.60,27.81,90.06,1002.0,3871.0,81.9,-118,-5.5
2026-08-19 15:45:28,NODO 1.26,28.45,100.0,1001.0,3959.0,81.8,-101,8.8
2026-08-19 15:46:10,NODO 1.14,27.76,100.0,1002.0,3891.0,87.5,-100,9.5
2026-08-19 15:47:10,NODO 1.21,27.43,100.0,1002.0,3180.0,79.5,-117,-4.2
2026-08-19 15:47:20,NODO 1.59,27.4,95.36,999.0,3891.0,74.6,-119,-6.5
2026-08-19 15:47:30,NODO 1.09,29.79,100.0,1002.0,4008.0,80.4,-115,-4.5
2026-08-19 15:47:58,NODO 1.39,29.01,81.3,1001.0,4141.0,83.0,-108,7.2
2026-08-19 15:49:04,NODO 1.41,29.45,68.08,1002.0,4038.0,85.1,-114,1.2
2026-08-19 15:49:55,NODO 1.19,28.34,66.93,1002.0,3783.0,91.1,-91,9.5
2026-08-19 15:50:06,NODO 1.12,27.82,100.0,1002.0,1397.0,8.7,-120,-7.8
2026-08-19 15:50:42,NODO 1.35,29.78,84.3,1001.0,4052.0,9.1,-95,9.0
2026-08-19 15:50:50,NODO 1.28,28.32,100.0,1002.0,3861.0,6.3,-111,4.2
2026-08-19 15:50:51,NODO 1.22,29.19,90.47,1002.0,4047.0,6.4,-103,8.0
2026-08-19 15:53:32,NODO 1.20,27.52,100.0,1003.0,3636.0,4.9,-115,2.0
2026-08-19 15:54:22,NODO 1.43,29.84,82.79,1001.0,4077.0,89.2,-107,8.8
2026-08-19 15:54:38,NODO 1.15,29.51,100.0,1002.0,3851.0,87.2,-99,6.0
2026-08-19 15:54:51,NODO 1.18,28.08,100.0,1001.0,2705.0,24.4,-108,5.2
2026-08-19 15:59:18,NODO 1.49,27.14,88.73,1000.0,3675.0,14.4,-112,4.5
2026-08-19 15:59:19,NODO 1.48,27.21,100.0,1003.0,3851.0,18.2,-114,-3.5
2026-08-19 16:00:02,NODO 1.40,29.54,82.15,1001.0,4121.0,19.1,-117,-2.0
2026-08-19 16:00:12,NODO 1.50,27.26,84.53,1004.0,4121.0,39.7,-114,1.2
2026-08-19 16:00:21,NODO 1.04,29.42,100.0,1001.0,3900.0,89.2,-118,-3.8
2026-08-19 16:00:43,NODO 1.36,26.98,100.0,999.0,3758.0,90.0,-119,1.0
2026-08-19 16:00:56,NODO 1.52,28.33,87.88,1002.0,3925.0,90.8,-114,3.2
2026-08-19 16:01:07,NODO 1.02,27.54,100.0,1001.0,3719.0,86.7,-113,3.0
2026-08-19 16:01:27,NODO 1.10,27.52,100.0,1002.0,3891.0,84.2,-107,7.5
2026-08-19 16:01:30,NODO 1.11,26.9,100.0,1000.0,3626.0,80.3,-115,-0.8
2026-08-19 16:01:52,NODO 1.56,26.68,90.55,1001.0,3636.0,74.9,-107,6.8
2026-08-19 16:02:01,NODO 1.37,30.51,69.62,1002.0,4057.0,80.4,-119,-4.2
2026-08-19 16:02:20,NODO 1.31,27.26,100.0,1003.0,3700.0,80.1,-97,10.8
2026-08-19 16:02:39,NODO 1.51,27.21,100.0,1002.0,3881.0,80.0,-91,10.0
2026-08-19 16:02:58,NODO 1.34,30.06,78.58,1000.0,4092.0,86.2,-96,9.5
2026-08-19 16:04:17,NODO 1.05,28.74,100.0,1002.0,3984.0,89.6,-102,8.5
2026-08-19 16:04:20,NODO 1.01,28.27,100.0,1001.0,3783.0,86.9,-115,2.5
2026-08-19 16:05:10,NODO 1.53,27.05,100.0,1001.0,3915.0,89.0,-117,-1.8
2026-08-19 16:06:11,NODO 1.24,29.28,100.0,1001.0,4101.0,91.2,-106,6.0
2026-08-19 16:06:31,NODO 1.32,27.16,100.0,1001.0,3626.0,86.6,-119,-1.0
2026-08-19 16:07:07,NODO 1.38,27.4,87.85,1003.0,3847.0,85.2,-118,-4.0
2026-08-19 16:07:43,NODO 1.03,28.46,100.0,1002.0,3376.0,78.2,-85,9.5
2026-08-19 16:07:59,NODO 1.17,29.01,94.76,1001.0,3920.0,78.5,-104,8.0
2026-08-19 16:08:20,NODO 1.29,27.34,100.0,1001.0,3851.0,59.3,-99,9.0
2026-08-19 16:09:48,NODO 1.44,29.54,75.32,1002.0,4106.0,82.9,-108,7.8
2026-08-19 16:10:42,NODO 1.07,26.88,100.0,1002.0,3935.0,84.1,-114,1.0
2026-08-19 16:10:43,NODO 1.57,26.93,100.0,1001.0,3695.0,87.6,-119,-10.2
2026-08-19 16:10:51,NODO 1.23,27.75,100.0,1001.0,3856.0,86.9,-109,5.8
2026-08-19 16:10:58,NODO 1.33,29.86,71.4,1001.0,4067.0,89.1,-91,9.5
2026-08-19 16:11:31,NODO 1.54,30.63,71.36,999.0,4038.0,88.4,-106,6.8
2026-08-19 16:11:41,NODO 1.16,28.91,92.84,1002.0,3925.0,88.3,-101,6.0
2026-08-19 16:11:54,NODO 1.25,30.42,83.33,1002.0,4077.0,92.1,-95,9.0
2026-08-19 16:12:01,NODO 1.06,30.12,87.54,1001.0,3905.0,92.6,-97,9.0
2026-08-19 16:12:29,NODO 1.45,29.92,68.49,1002.0,4052.0,92.5,-119,-6.0
2026-08-19 16:12:34,NODO 1.13,28.86,100.0,1002.0,4092.0,93.0,-112,-5.0
2026-08-19 16:13:11,NODO 1.46,29.44,91.62,1001.0,4067.0,94.4,-119,-3.2
2026-08-19 16:13:21,NODO 1.55,26.92,100.0,1003.0,3905.0,92.7,-115,-1.5
2026-08-19 16:13:53,NODO 1.42,28.26,71.54,1001.0,3969.0,93.3,-109,5.5
2026-08-19 16:14:23,NODO 1.08,28.81,100.0,1001.0,3415.0,87.0,-114,2.2
2026-08-19 16:15:07,NODO 1.58,27.89,91.85,1002.0,3793.0,83.6,-114,1.0
2026-08-19 16:15:16,NODO 1.27,29.08,86.39,999.0,3989.0,82.4,-113,4.5
2026-08-19 16:15:17,NODO 1.60,28.03,88.52,1002.0,3881.0,82.1,-118,
2026-08-19 16:15:22,NODO 1.26,28.62,100.0,1002.0,3964.0,82.0,-117,-0.8
2026-08-19 16:16:01,NODO 1.14,27.86,100.0,1002.0,3886.0,87.6,-83,10.8
2026-08-19 16:17:04,NODO 1.21,27.6,100.0,1002.0,3180.0,80.0,-115,2.8
2026-08-19 16:17:10,NODO 1.59,27.45,95.38,999.0,3871.0,74.1,-114,1.2
2026-08-19 16:17:25,NODO 1.09,29.92,99.09,1002.0,3998.0,80.0,-115,8.2
2026-08-19 16:17:53,NODO 1.39,29.43,78.51,1001.0,4131.0,82.4,-105,7.2
2026-08-19 16:18:58,NODO 1.41,29.32,66.47,1002.0,4038.0,84.5,-118,0.5
2026-08-19 16:19:48,NODO 1.19,28.48,64.5,1002.0,3783.0,90.7,-97,11.5
2026-08-19 16:20:01,NODO 1.12,27.88,100.0,1003.0,1362.0,8.1,-85,10.0
2026-08-19 16:20:35,NODO 1.28,28.29,100.0,1002.0,3881.0,7.0,-115,
2026-08-19 16:20:36,NODO 1.35,29.98,79.73,1002.0,4057.0,6.2,-109,5.5
2026-08-19 16:20:46,NODO 1.22,29.29,88.25,1002.0,4038.0,6.2,-109,6.2
2026-08-19 16:23:21,NODO 1.20,27.52,100.0,1003.0,3631.0,4.4,-113,2.8
2026-08-19 16:24:14,NODO 1.43,29.63,78.57,1002.0,4067.0,89.2,-113,3.2
2026-08-19 16:24:30,NODO 1.15,29.09,100.0,1002.0,3851.0,88.9,-114,3.2
2026-08-19 16:24:42,NODO 1.18,27.99,100.0,1001.0,2690.0,21.8,-105,7.5
2026-08-19 16:29:12,NODO 1.49,27.15,88.33,1000.0,3675.0,14.1,-109,-5.2
2026-08-19 16:29:13,NODO 1.48,27.11,100.0,1003.0,3851.0,17.7,-101,5.5
2026-08-19 16:29:53,NODO 1.40,28.54,78.79,1001.0,4121.0,18.8,-97,9.2
2026-08-19 16:30:02,NODO 1.50,26.97,83.59,1004.0,4121.0,37.7,-119,-2.2
2026-08-19 16:30:11,NODO 1.04,29.06,100.0,1001.0,3896.0,89.1,-114,0.2
2026-08-19 16:30:33,NODO 1.36,26.93,100.0,999.0,3768.0,90.1,-107,6.8
2026-08-19 16:30:49,NODO 1.52,27.75,86.77,1002.0,3920.0,90.8,-119,-7.5
2026-08-19 16:30:57,NODO 1.02,27.36,100.0,1001.0,3729.0,86.8,-103,8.0
2026-08-19 16:31:20,NODO 1.10,27.31,100.0,1002.0,3891.0,84.3,-107,7.8
2026-08-19 16:31:22,NODO 1.11,26.81,100.0,1000.0,3646.0,80.8,-105,9.5
2026-08-19 16:31:46,NODO 1.56,26.67,89.92,1001.0,3646.0,76.6,-117,-0.8
2026-08-19 16:31:51,NODO 1.37,28.91,66.15,1002.0,4067.0,81.1,-108,6.5
2026-08-19 16:32:13,NODO 1.31,27.01,100.0,1003.0,3700.0,80.7,-117,-0.5
2026-08-19 16:32:31,NODO 1.51,27.17,100.0,1002.0,3861.0,80.3,-119,-6.2
2026-08-19 16:32:47,NODO 1.34,28.76,78.97,1000.0,4092.0,86.2,-94,9.5
2026-08-19 16:34:07,NODO 1.05,28.36,100.0,1002.0,3969.0,89.4,-117,-7.0
2026-08-19 16:34:13,NODO 1.01,27.95,100.0,1002.0,3783.0,86.5,-112,3.8
2026-08-19 16:35:03,NODO 1.53,27.06,100.0,1001.0,3915.0,88.7,-105,9.2
2026-08-19 16:36:03,NODO 1.24,27.59,100.0,1001.0,4101.0,91.1,-87,10.0
2026-08-19 16:36:22,NODO 1.32,27.14,100.0,1002.0,3626.0,86.4,-113,-3.8
2026-08-19 16:36:58,NODO 1.38,27.2,87.1,1003.0,3847.0,85.2,-114,0.8
2026-08-19 16:37:35,NODO 1.03,27.79,100.0,1002.0,3376.0,78.2,-87,7.0
2026-08-19 16:37:49,NODO 1.17,28.12,96.13,1001.0,3915.0,78.2,-97,9.2
2026-08-19 16:38:12,NODO 1.29,27.15,100.0,1001.0,3856.0,59.3,-114,2.8
2026-08-19 16:39:36,NODO 1.44,28.26,81.99,1002.0,4106.0,82.9,-96,9.0
2026-08-19 16:40:35,NODO 1.07,26.66,100.0,1002.0,3935.0,84.1,-121,-3.5
2026-08-19 16:40:35,NODO 1.57,26.9,100.0,1001.0,3695.0,87.6,-117,-7.8
2026-08-19 16:40:44,NODO 1.23,27.45,100.0,1001.0,3856.0,87.0,-113,4.0
2026-08-19 16:40:48,NODO 1.33,28.72,70.43,1002.0,4047.0,88.9,-87,9.5
2026-08-19 16:41:17,NODO 1.54,28.46,79.68,999.0,4028.0,88.1,-34,9.5
2026-08-19 16:41:40,NODO 1.25,28.88,89.57,1002.0,4087.0,89.6,-96,8.8
2026-08-19 16:41:51,NODO 1.06,28.77,94.84,1001.0,3915.0,91.8,-95,8.8
2026-08-19 16:42:17,NODO 1.45,28.37,72.78,1002.0,4052.0,93.8,-96,7.0
2026-08-19 16:42:26,NODO 1.13,28.14,100.0,1002.0,4092.0,94.2,-107,6.0
2026-08-19 16:43:02,NODO 1.46,28.17,99.21,1001.0,4067.0,94.6,-87,10.8
2026-08-19 16:43:15,NODO 1.55,26.87,100.0,1003.0,3905.0,92.8,-115,
2026-08-19 16:43:42,NODO 1.42,27.17,72.88,1002.0,3969.0,93.3,-109,5.8
2026-08-19 16:44:15,NODO 1.08,28.2,100.0,1001.0,3440.0,87.2,-93,11.0
2026-08-19 16:44:58,NODO 1.58,27.57,96.36,1002.0,3788.0,83.8,-120,-4.8
2026-08-19 16:45:06,NODO 1.27,28.17,88.88,999.0,3989.0,82.7,-107,5.8
2026-08-19 16:45:08,NODO 1.60,27.47,92.51,1002.0,3871.0,82.2,-119,-5.0
2026-08-19 16:45:10,NODO 1.26,27.87,100.0,1002.0,3959.0,82.1,-112,4.0
2026-08-19 16:45:53,NODO 1.14,27.66,100.0,1002.0,3886.0,87.4,-101,8.8
2026-08-19 16:46:56,NODO 1.21,27.4,100.0,1002.0,3180.0,79.2,-121,-13.5
2026-08-19 16:47:01,NODO 1.59,27.17,96.43,999.0,3886.0,74.1,-114,-11.8
2026-08-19 16:47:15,NODO 1.09,28.7,100.0,1002.0,3998.0,80.1,-116,-2.5
2026-08-19 16:47:47,NODO 1.39,28.12,79.03,1001.0,4131.0,82.6,-117,-7.0
2026-08-19 16:49:40,NODO 1.19,27.64,66.51,1002.0,3783.0,81.1,-96,9.8
2026-08-19 16:49:53,NODO 1.12,27.57,100.0,1003.0,1357.0,6.5,-119,-7.2
2026-08-19 16:50:23,NODO 1.28,28.0,100.0,1002.0,3861.0,6.3,-115,1.0
2026-08-19 16:50:26,NODO 1.35,28.81,84.91,1002.0,4052.0,6.8,-95,9.0
2026-08-19 16:50:37,NODO 1.22,28.72,92.24,1002.0,4033.0,5.9,-101,7.2
2026-08-19 16:53:12,NODO 1.20,27.49,100.0,1003.0,3631.0,3.7,-120,-5.2
2026-08-19 16:54:06,NODO 1.43,28.55,83.0,1002.0,4067.0,88.9,-114,4.0
2026-08-19 16:54:20,NODO 1.15,28.08,100.0,1002.0,3851.0,88.8,-103,8.0
2026-08-19 16:54:33,NODO 1.18,27.79,100.0,1002.0,2680.0,20.8,-106,9.0
2026-08-19 16:59:03,NODO 1.48,26.99,100.0,1004.0,3851.0,16.6,-115,-1.0
2026-08-19 16:59:03,NODO 1.49,27.0,88.14,1000.0,3680.0,17.6,-118,-3.5
2026-08-19 16:59:44,NODO 1.40,27.96,81.05,1001.0,4121.0,18.7,-118,-0.8
2026-08-19 16:59:53,NODO 1.50,26.74,84.05,1004.0,4116.0,36.4,-119,-9.2
2026-08-19 16:59:56,NODO 1.04,28.81,100.0,1001.0,3896.0,89.1,-90,4.5
2026-08-19 17:00:22,NODO 1.36,26.81,100.0,1000.0,3758.0,88.2,-114,-1.0
2026-08-19 17:00:40,NODO 1.52,27.4,88.32,1002.0,3925.0,90.7,-119,-7.2
2026-08-19 17:00:49,NODO 1.02,27.24,100.0,1002.0,3719.0,86.6,-97,8.5
2026-08-19 17:01:12,NODO 1.10,27.13,100.0,1002.0,3891.0,84.1,-102,8.2
2026-08-19 17:01:18,NODO 1.11,26.71,100.0,1000.0,3646.0,80.6,-112,5.5
2026-08-19 17:01:40,NODO 1.56,26.64,91.13,1002.0,3636.0,75.9,-105,8.2
2026-08-19 17:01:41,NODO 1.37,28.22,68.73,1002.0,4067.0,80.8,-111,4.8
2026-08-19 17:02:01,NODO 1.31,26.88,100.0,1003.0,3704.0,80.6,-97,7.5
2026-08-19 17:02:24,NODO 1.51,27.13,100.0,1003.0,3861.0,80.2,-118,-3.2
2026-08-19 17:02:37,NODO 1.34,28.23,83.4,1000.0,4092.0,86.1,-96,9.8
2026-08-19 17:04:00,NODO 1.05,28.16,100.0,1002.0,3969.0,89.4,-103,8.2
2026-08-19 17:04:05,NODO 1.01,27.78,100.0,1002.0,3783.0,86.6,-118,-8.5
2026-08-19 17:04:57,NODO 1.53,26.99,100.0,1001.0,3915.0,88.7,-103,8.2
2026-08-19 17:05:56,NODO 1.24,28.43,100.0,1001.0,4101.0,91.1,-119,-5.2
2026-08-19 17:06:15,NODO 1.32,27.14,100.0,1002.0,3626.0,86.4,-117,-3.2
2026-08-19 17:06:48,NODO 1.38,27.14,87.67,1003.0,3847.0,85.2,-106,4.5
2026-08-19 17:07:29,NODO 1.03,27.79,100.0,1002.0,3376.0,78.2,-109,7.8
2026-08-19 17:07:39,NODO 1.17,27.9,100.0,1001.0,3905.0,77.8,-108,7.2
2026-08-19 17:08:02,NODO 1.29,27.1,100.0,1001.0,3856.0,58.0,-91,8.2
2026-08-19 17:09:27,NODO 1.44,27.97,82.22,1002.0,4106.0,82.7,-94,8.8
2026-08-19 17:10:36,NODO 1.07,26.59,100.0,1002.0,3920.0,83.8,-109,-0.5
2026-08-19 17:10:37,NODO 1.23,27.32,100.0,1001.0,3856.0,88.9,-115,0.8
2026-08-19 17:10:39,NODO 1.33,28.39,74.75,1002.0,4062.0,90.5,-91,11.2
2026-08-19 17:11:09,NODO 1.54,28.59,80.1,999.0,4028.0,92.2,-113,4.0
2026-08-19 17:11:22,NODO 1.16,28.74,95.94,1002.0,3925.0,90.4,-96,9.0
2026-08-19 17:11:30,NODO 1.25,28.75,92.0,1002.0,4082.0,92.0,-115,-0.8
2026-08-19 17:11:43,NODO 1.06,28.46,100.0,1002.0,3905.0,92.5,-102,9.2
2026-08-19 17:12:08,NODO 1.45,28.23,73.03,1002.0,4052.0,92.4,-97,9.2
2026-08-19 17:12:18,NODO 1.13,28.01,100.0,1002.0,4092.0,93.1,-119,-1.0
2026-08-19 17:12:54,NODO 1.46,28.2,100.0,1001.0,4067.0,94.5,-119,-4.0
2026-08-19 17:13:09,NODO 1.55,26.83,100.0,1003.0,3915.0,92.8,-114,2.8
2026-08-19 17:13:36,NODO 1.42,27.26,74.61,1002.0,3969.0,93.5,-118,-9.0
2026-08-19 17:14:07,NODO 1.08,28.13,100.0,1001.0,3415.0,87.1,-114,1.5
2026-08-19 17:14:52,NODO 1.58,27.66,95.11,1003.0,3783.0,83.6,-103,4.8
2026-08-19 17:15:01,NODO 1.27,28.83,91.23,1000.0,3989.0,82.4,-115,-1.5
2026-08-19 17:15:01,NODO 1.26,27.87,100.0,1002.0,3959.0,83.1,-109,5.2
2026-08-19 17:15:44,NODO 1.14,27.65,100.0,1002.0,3886.0,81.9,-114,2.5
2026-08-19 17:16:48,NODO 1.21,27.43,100.0,1002.0,3185.0,75.1,-117,-4.0
2026-08-19 17:16:52,NODO 1.59,27.31,95.67,999.0,3861.0,79.0,-118,-12.0
2026-08-19 17:17:09,NODO 1.09,28.97,100.0,1002.0,3998.0,79.5,-113,3.8
2026-08-19 17:17:41,NODO 1.39,28.36,83.95,1001.0,4136.0,82.4,-109,6.0
2026-08-19 17:18:42,NODO 1.41,28.56,71.2,1002.0,4033.0,84.5,-114,-1.2
2026-08-19 17:19:32,NODO 1.19,27.64,67.26,1002.0,3778.0,90.6,-90,9.5
2026-08-19 17:19:47,NODO 1.12,27.62,100.0,1003.0,1348.0,7.9,-87,9.2
2026-08-19 17:20:13,NODO 1.28,28.1,100.0,1002.0,3861.0,6.6,-111,1.2
2026-08-19 17:20:18,NODO 1.35,29.17,87.35,1002.0,4052.0,5.7,-115,1.0
2026-08-19 17:20:30,NODO 1.22,29.0,92.5,1002.0,4047.0,5.9,-105,9.2
2026-08-19 17:23:04,NODO 1.20,27.47,100.0,1003.0,3631.0,3.8,-81,10.2
2026-08-19 17:23:56,NODO 1.43,29.03,84.98,1002.0,4067.0,89.1,-102,6.2
2026-08-19 17:24:12,NODO 1.15,28.49,100.0,1002.0,3851.0,89.0,-97,8.8
2026-08-19 17:24:25,NODO 1.18,27.89,100.0,1002.0,2671.0,21.1,-109,7.0
2026-08-19 17:28:55,NODO 1.49,27.08,89.15,1000.0,3675.0,13.9,-114,0.8
2026-08-19 17:28:56,NODO 1.48,27.02,100.0,1004.0,3851.0,17.3,-115,0.5
2026-08-19 17:29:34,NODO 1.40,28.63,80.67,1001.0,4121.0,18.4,-97,8.8
2026-08-19 17:29:49,NODO 1.04,29.16,100.0,1002.0,3896.0,19.3,-109,6.0
2026-08-19 17:30:12,NODO 1.36,26.9,100.0,1000.0,3773.0,85.7,-113,2.8
2026-08-19 17:30:34,NODO 1.52,27.83,88.73,1002.0,3920.0,88.1,-119,-6.8
2026-08-19 17:30:44,NODO 1.02,27.44,100.0,1002.0,3734.0,86.9,-113,5.5
2026-08-19 17:31:04,NODO 1.10,27.24,100.0,1002.0,3891.0,84.5,-109,6.5
2026-08-19 17:31:10,NODO 1.11,26.82,100.0,1000.0,3631.0,80.7,-115,3.0
2026-08-19 17:31:32,NODO 1.56,26.71,91.06,1002.0,3636.0,75.6,-109,-8.2
2026-08-19 17:31:36,NODO 1.37,29.04,69.35,1002.0,4067.0,80.8,-105,4.5
2026-08-19 17:31:51,NODO 1.31,26.99,100.0,1003.0,3704.0,80.4,-117,-3.5
2026-08-19 17:32:16,NODO 1.51,27.17,100.0,1003.0,3861.0,80.0,-90,9.0
2026-08-19 17:32:31,NODO 1.34,29.18,82.0,1000.0,4106.0,86.2,-69,10.2
2026-08-19 17:33:53,NODO 1.05,28.39,100.0,1002.0,3969.0,89.6,-105,8.2
2026-08-19 17:33:59,NODO 1.01,28.0,100.0,1002.0,3783.0,86.7,-115,2.2
2026-08-19 17:34:49,NODO 1.53,27.06,100.0,1002.0,3915.0,88.8,-105,8.5
2026-08-19 17:35:52,NODO 1.24,28.04,100.0,1002.0,4106.0,91.3,-117,1.0
2026-08-19 17:36:08,NODO 1.32,27.22,100.0,1002.0,3631.0,86.5,-111,4.8
2026-08-19 17:36:41,NODO 1.38,27.2,88.23,1003.0,3842.0,85.3,-105,4.8
2026-08-19 17:37:21,NODO 1.03,28.0,100.0,1002.0,3376.0,78.5,-93,10.0
2026-08-19 17:37:32,NODO 1.17,28.34,100.0,1001.0,3920.0,78.8,-103,8.2
2026-08-19 17:37:54,NODO 1.29,27.23,100.0,1001.0,3856.0,60.0,-101,7.8
2026-08-19 17:39:20,NODO 1.44,28.23,79.65,1002.0,4106.0,82.9,-107,8.5
2026-08-19 17:40:22,NODO 1.57,26.96,100.0,1001.0,3695.0,80.8,-119,-13.2
2026-08-19 17:40:26,NODO 1.07,26.8,100.0,1003.0,3935.0,87.6,-99,9.5
2026-08-19 17:40:28,NODO 1.23,27.39,100.0,1002.0,3851.0,86.9,-107,1.5
2026-08-19 17:40:32,NODO 1.33,28.94,72.54,1002.0,4047.0,88.8,-88,11.8
2026-08-19 17:41:03,NODO 1.54,29.16,77.22,1000.0,4033.0,88.1,-35,9.5
2026-08-19 17:41:17,NODO 1.16,28.77,95.95,1002.0,3925.0,90.4,-103,9.0
2026-08-19 17:41:21,NODO 1.25,29.22,90.2,1002.0,4082.0,91.9,-112,1.8
2026-08-19 17:41:36,NODO 1.06,28.65,100.0,1002.0,3905.0,92.4,-103,8.2
2026-08-19 17:42:01,NODO 1.45,28.61,71.99,1002.0,4047.0,92.4,-119,-5.2
2026-08-19 17:42:12,NODO 1.13,28.17,100.0,1002.0,4092.0,93.0,-115,2.2
2026-08-19 17:42:48,NODO 1.46,28.6,99.02,1001.0,4082.0,94.6,-89,8.0
2026-08-19 17:43:01,NODO 1.55,26.85,100.0,1003.0,3915.0,92.9,-110,2.2
2026-08-19 17:43:29,NODO 1.42,27.63,73.49,1002.0,3964.0,93.5,-107,7.8
2026-08-19 17:44:01,NODO 1.08,28.33,100.0,1001.0,3410.0,87.1,-114,3.0
2026-08-19 17:44:46,NODO 1.58,27.71,94.68,1003.0,3788.0,83.7,-121,-3.8
2026-08-19 17:44:52,NODO 1.26,28.03,100.0,1002.0,3959.0,81.9,-108,3.5
2026-08-19 17:44:54,NODO 1.27,28.95,90.48,1000.0,3989.0,83.0,-107,6.2
2026-08-19 17:45:36,NODO 1.14,27.71,100.0,1002.0,3886.0,81.9,-115,0.2
2026-08-19 17:46:41,NODO 1.21,27.45,100.0,1002.0,3180.0,75.1,-118,-5.2
2026-08-19 17:46:45,NODO 1.59,27.46,93.91,999.0,3886.0,80.0,-117,-5.8
2026-08-19 17:47:01,NODO 1.09,29.02,100.0,1002.0,4008.0,80.7,-117,-2.2
2026-08-19 17:47:35,NODO 1.39,28.63,81.83,1001.0,4131.0,82.7,-106,7.5
2026-08-19 17:48:34,NODO 1.41,28.67,70.39,1002.0,4033.0,84.8,-113,2.0
2026-08-19 17:49:25,NODO 1.19,27.72,68.1,1002.0,3783.0,90.9,-89,9.8
2026-08-19 17:49:41,NODO 1.12,27.72,100.0,1003.0,1348.0,8.0,-85,9.2
2026-08-19 17:50:09,NODO 1.28,28.16,100.0,1002.0,3861.0,6.6,-118,
2026-08-19 17:50:11,NODO 1.35,28.89,84.68,1002.0,4052.0,5.8,-115,3.2
2026-08-19 17:50:24,NODO 1.22,29.1,92.45,1002.0,4047.0,5.9,-96,9.5
2026-08-19 17:52:55,NODO 1.20,27.55,100.0,1003.0,3631.0,3.8,-114,4.2
2026-08-19 17:53:47,NODO 1.43,29.02,83.06,1002.0,4067.0,89.1,-109,4.8
2026-08-19 17:54:05,NODO 1.15,28.52,100.0,1003.0,3851.0,89.0,-102,7.8
2026-08-19 17:54:17,NODO 1.18,27.93,100.0,1002.0,2671.0,21.1,-103,8.8
2026-08-19 17:58:47,NODO 1.49,27.17,89.35,1000.0,3675.0,13.9,-109,6.2
2026-08-19 17:58:50,NODO 1.48,27.16,100.0,1004.0,3851.0,17.3,-102,7.5
2026-08-19 17:59:25,NODO 1.40,28.59,80.5,1001.0,4121.0,18.4,-99,9.2
2026-08-19 17:59:37,NODO 1.50,26.81,85.25,1005.0,4106.0,33.2,-119,-8.8
2026-08-19 17:59:40,NODO 1.04,29.01,100.0,1002.0,3891.0,88.9,-96,9.2
2026-08-19 18:00:03,NODO 1.36,26.95,100.0,1000.0,3768.0,89.9,-113,2.8
2026-08-19 18:00:26,NODO 1.52,27.82,84.0,1002.0,3920.0,90.6,-109,5.8
2026-08-19 18:00:35,NODO 1.02,27.64,100.0,1002.0,3734.0,86.7,-101,5.2
2026-08-19 18:00:57,NODO 1.10,27.26,100.0,1003.0,3891.0,84.3,-108,5.5
2026-08-19 18:01:02,NODO 1.11,26.99,100.0,1001.0,3631.0,80.6,-115,-2.8
2026-08-19 18:01:25,NODO 1.56,26.76,90.88,1002.0,3636.0,75.6,-105,8.5
2026-08-19 18:01:30,NODO 1.37,28.6,68.63,1002.0,4067.0,80.8,-117,-3.8
2026-08-19 18:01:45,NODO 1.31,27.12,100.0,1003.0,3704.0,80.4,-84,9.0
2026-08-19 18:02:10,NODO 1.51,27.26,100.0,1003.0,3861.0,80.0,-116,
2026-08-19 18:02:25,NODO 1.34,30.34,80.5,1000.0,4101.0,86.2,-67,10.0
2026-08-19 18:03:45,NODO 1.05,28.22,100.0,1002.0,3969.0,89.5,-109,2.5
2026-08-19 18:03:52,NODO 1.01,27.89,100.0,1002.0,3783.0,86.7,-111,2.5
2026-08-19 18:04:43,NODO 1.53,27.12,100.0,1002.0,3915.0,88.8,-105,8.8
2026-08-19 18:05:47,NODO 1.24,28.02,100.0,1002.0,4116.0,91.3,-120,-5.8
2026-08-19 18:05:59,NODO 1.32,27.22,100.0,1002.0,3631.0,86.6,-109,5.8
2026-08-19 18:06:32,NODO 1.38,27.23,87.99,1004.0,3847.0,85.4,-119,-9.2
2026-08-19 18:07:15,NODO 1.03,28.19,100.0,1002.0,3376.0,79.2,-120,-3.5
2026-08-19 18:07:24,NODO 1.17,28.33,100.0,1002.0,3915.0,79.2,-111,5.0
2026-08-19 18:07:47,NODO 1.29,27.39,100.0,1002.0,3856.0,60.0,-102,8.5
2026-08-19 18:09:12,NODO 1.44,28.16,80.27,1002.0,4106.0,82.9,-95,9.0
2026-08-19 18:10:15,NODO 1.57,26.92,100.0,1001.0,3695.0,80.7,-120,-13.2
2026-08-19 18:10:22,NODO 1.23,27.24,100.0,1002.0,3847.0,86.7,-114,-0.2
2026-08-19 18:10:22,NODO 1.07,26.83,100.0,1003.0,3915.0,86.7,-99,8.2
2026-08-19 18:10:24,NODO 1.33,28.69,73.65,1002.0,4052.0,88.7,-90,11.0
2026-08-19 18:11:00,NODO 1.54,30.07,70.72,1000.0,4033.0,87.9,-120,-4.5
2026-08-19 18:11:11,NODO 1.16,29.11,86.02,1002.0,3925.0,90.2,-96,9.2
2026-08-19 18:11:12,NODO 1.25,29.47,84.05,1002.0,4077.0,92.5,-92,8.2
2026-08-19 18:11:27,NODO 1.06,28.51,98.78,1002.0,3905.0,92.4,-88,10.2
2026-08-19 18:11:57,NODO 1.45,28.61,70.94,1003.0,4052.0,92.4,-118,-3.8
2026-08-19 18:12:07,NODO 1.13,28.1,100.0,1002.0,4092.0,93.0,-119,-2.8
2026-08-19 18:12:45,NODO 1.46,29.81,91.53,1001.0,4067.0,94.4,-87,9.8
2026-08-19 18:12:55,NODO 1.55,26.8,100.0,1003.0,3915.0,92.8,-113,2.5
2026-08-19 18:13:22,NODO 1.42,27.62,73.28,1002.0,3969.0,93.5,-112,2.5
2026-08-19 18:13:53,NODO 1.08,28.25,100.0,1002.0,3415.0,87.1,-105,8.0
2026-08-19 18:14:39,NODO 1.58,27.67,93.51,1003.0,3788.0,83.6,-113,2.5
2026-08-19 18:14:43,NODO 1.26,28.11,100.0,1002.0,3959.0,82.1,-96,10.5
2026-08-19 18:14:49,NODO 1.27,29.02,86.92,1000.0,3989.0,83.1,-118,-7.2
2026-08-19 18:15:25,NODO 1.14,27.62,100.0,1003.0,3891.0,82.0,-82,9.2
2026-08-19 18:16:32,NODO 1.21,27.43,100.0,1003.0,3180.0,75.4,-120,-6.2
2026-08-19 18:16:37,NODO 1.59,27.46,89.72,1000.0,3886.0,80.1,-119,-10.5
2026-08-19 18:16:53,NODO 1.09,28.97,100.0,1003.0,3998.0,80.6,-118,-0.5
2026-08-19 18:17:30,NODO 1.39,28.46,79.85,1002.0,4131.0,82.7,-110,2.0
2026-08-19 18:18:24,NODO 1.41,28.38,68.37,1003.0,4028.0,84.6,-108,-4.8
2026-08-19 18:19:20,NODO 1.19,27.52,67.36,1002.0,3778.0,90.7,-96,8.8
2026-08-19 18:19:36,NODO 1.12,27.67,100.0,1003.0,1348.0,7.8,-91,10.2
2026-08-19 18:19:55,NODO 1.28,28.09,100.0,1003.0,3861.0,6.5,-114,2.8
2026-08-19 18:20:05,NODO 1.35,28.26,84.44,1002.0,4052.0,5.7,-106,8.0
2026-08-19 18:20:16,NODO 1.22,28.98,90.44,1003.0,4047.0,5.9,-102,9.2
2026-08-19 18:22:49,NODO 1.20,27.49,100.0,1004.0,3636.0,3.9,-114,1.2
2026-08-19 18:23:37,NODO 1.43,28.3,81.63,1003.0,4052.0,89.0,-99,9.0
