time,deviceName,temperature,humidity,pressure_hPa,battery_mV,battery_pct,rssi,snr
2026-07-31 00:00:08,NODO 1.50,25.9,79.88,1007.0,4092.0,89.0,-109,-1.8
2026-07-31 00:01:32,NODO 1.40,26.23,81.34,1004.0,4116.0,91.3,-108,-5.2
2026-07-31 00:01:34,NODO 1.40,26.24,81.28,1004.0,4106.0,93.1,-94,9.5
2026-07-31 00:01:47,NODO 1.14,27.04,100.0,1005.0,3886.0,91.4,-99,9.2
2026-07-31 00:01:49,NODO 1.57,26.67,84.96,1004.0,3753.0,92.0,-113,-12.2
2026-07-31 00:02:08,NODO 1.45,26.46,75.61,1005.0,4038.0,91.5,-91,10.0
2026-07-31 00:02:10,NODO 1.45,26.47,75.58,1005.0,4038.0,90.7,-119,-7.0
2026-07-31 00:02:21,NODO 1.60,26.98,85.75,1005.0,3871.0,88.4,-102,4.5
2026-07-31 00:02:40,NODO 1.36,26.99,100.0,1003.0,3827.0,87.8,-117,1.8
2026-07-31 00:03:00,NODO 1.20,27.34,100.0,1006.0,3695.0,87.2,-82,8.0
2026-07-31 00:03:07,NODO 1.10,26.66,100.0,1005.0,3915.0,86.0,-105,7.0
2026-07-31 00:03:32,NODO 1.13,26.91,100.0,1005.0,4082.0,86.4,-109,5.2
2026-07-31 00:04:22,NODO 1.23,26.48,100.0,1005.0,3871.0,86.4,-107,6.0
2026-07-31 00:05:36,NODO 1.54,26.42,77.9,1003.0,3998.0,88.1,-115,1.2
2026-07-31 00:06:26,NODO 1.04,27.38,100.0,1005.0,3896.0,90.1,-107,6.2
2026-07-31 00:06:54,NODO 1.24,26.93,100.0,1005.0,4077.0,91.7,-117,-1.2
2026-07-31 00:07:05,NODO 1.43,25.88,85.59,1005.0,4038.0,91.3,-112,4.2
2026-07-31 00:07:11,NODO 1.49,26.25,79.23,1003.0,3695.0,89.5,-111,5.8
2026-07-31 00:07:33,NODO 1.05,26.74,100.0,1005.0,4018.0,89.7,-93,9.5
2026-07-31 00:07:35,NODO 1.05,26.76,100.0,1005.0,4018.0,91.0,-95,10.5
2026-07-31 00:07:46,NODO 1.58,27.46,89.31,1006.0,3842.0,88.6,-120,-11.0
2026-07-31 00:08:00,NODO 1.27,26.1,85.96,1002.0,4028.0,88.5,-119,-5.5
2026-07-31 00:08:22,NODO 1.48,26.49,90.57,1006.0,3871.0,90.3,-115,-2.2
2026-07-31 00:09:07,NODO 1.03,26.95,100.0,1005.0,3582.0,85.9,-106,7.5
2026-07-31 00:10:42,NODO 1.21,27.0,89.28,1005.0,3597.0,80.3,-119,-7.0
2026-07-31 00:11:08,NODO 1.41,26.51,70.76,1005.0,4018.0,82.8,-114,-2.8
2026-07-31 00:12:42,NODO 1.19,25.88,65.64,1005.0,3798.0,78.3,-107,7.8
2026-07-31 00:12:45,NODO 1.02,27.07,90.5,1004.0,3783.0,73.9,-96,6.5
2026-07-31 00:12:47,NODO 1.39,26.2,69.43,1004.0,4116.0,85.6,-105,8.8
2026-07-31 00:12:59,NODO 1.33,26.43,77.58,1005.0,4038.0,90.0,-97,12.5
2026-07-31 00:13:43,NODO 1.22,27.48,89.13,1005.0,4033.0,90.2,-107,8.0
2026-07-31 00:14:00,NODO 1.29,26.9,100.0,1004.0,3871.0,90.9,-114,3.2
2026-07-31 00:15:00,NODO 1.06,26.63,100.0,1005.0,3891.0,92.0,-103,10.5
2026-07-31 00:15:15,NODO 1.25,26.51,90.5,1005.0,4067.0,91.5,-100,8.8
2026-07-31 00:15:15,NODO 1.34,26.17,81.07,1003.0,4057.0,91.7,-70,10.0
2026-07-31 00:16:04,NODO 1.38,26.88,79.77,1006.0,3871.0,90.1,-112,1.5
2026-07-31 00:16:58,NODO 1.53,26.34,100.0,1004.0,3915.0,90.5,-109,-5.8
2026-07-31 00:17:22,NODO 1.09,27.21,96.95,1005.0,4057.0,92.2,-115,-2.0
2026-07-31 00:17:26,NODO 1.08,27.07,100.0,1004.0,3768.0,89.2,-108,6.2
2026-07-31 00:17:27,NODO 1.59,26.89,84.61,1002.0,3915.0,87.8,-118,-6.0
2026-07-31 00:17:30,NODO 1.30,26.45,98.34,1006.0,3822.0,87.3,-120,-12.5
2026-07-31 00:17:47,NODO 1.17,26.66,92.76,1004.0,3891.0,87.0,-105,8.0
2026-07-31 00:17:48,NODO 1.42,26.33,74.62,1005.0,4028.0,86.7,-120,-6.8
2026-07-31 00:18:35,NODO 1.35,25.71,90.77,1005.0,4038.0,89.4,-90,9.0
2026-07-31 00:19:02,NODO 1.44,26.26,86.74,1005.0,4062.0,90.9,-99,10.5
2026-07-31 00:20:17,NODO 1.01,27.01,100.0,1005.0,3783.0,90.5,-118,-4.8
2026-07-31 00:20:23,NODO 1.18,26.97,98.7,1005.0,2896.0,75.4,-96,8.5
2026-07-31 00:21:17,NODO 1.31,26.72,99.38,1006.0,3734.0,45.1,-91,10.5
2026-07-31 00:23:04,NODO 1.28,27.26,100.0,1005.0,3793.0,21.2,-120,-4.2
2026-07-31 00:23:09,NODO 1.12,26.9,97.19,1006.0,3817.0,15.5,-89,9.5
2026-07-31 00:23:30,NODO 1.37,25.58,75.95,1005.0,4052.0,22.8,-117,-2.0
2026-07-31 00:23:57,NODO 1.32,26.89,100.0,1004.0,3704.0,82.9,-105,7.2
2026-07-31 00:24:16,NODO 1.26,27.05,100.0,1005.0,4013.0,86.3,-97,8.5
2026-07-31 00:25:17,NODO 1.51,26.82,100.0,1005.0,3891.0,87.3,-115,-1.8
2026-07-31 00:27:39,NODO 1.52,26.81,84.17,1005.0,3930.0,88.4,-118,-4.5
2026-07-31 00:28:09,NODO 1.46,26.38,88.91,1004.0,4052.0,88.4,-91,8.5
2026-07-31 00:28:10,NODO 1.46,26.39,88.82,1004.0,4052.0,91.9,-115,1.5
2026-07-31 00:29:00,NODO 1.56,26.11,83.7,1004.0,3695.0,88.7,-111,4.5
2026-07-31 00:30:02,NODO 1.50,25.85,78.92,1007.0,4092.0,90.7,-112,5.0
2026-07-31 00:31:15,NODO 1.15,26.41,100.0,1005.0,3847.0,89.9,-102,9.5
2026-07-31 00:31:25,NODO 1.40,26.17,79.53,1004.0,4106.0,90.4,-94,9.8
2026-07-31 00:31:39,NODO 1.14,26.94,100.0,1005.0,3891.0,88.8,-80,9.2
2026-07-31 00:31:43,NODO 1.57,26.61,84.86,1003.0,3749.0,89.3,-118,-11.5
2026-07-31 00:32:00,NODO 1.45,26.35,76.46,1005.0,4038.0,88.8,-120,-5.8
2026-07-31 00:32:16,NODO 1.60,26.9,86.4,1005.0,3871.0,89.0,-97,8.2
2026-07-31 00:32:30,NODO 1.36,26.87,100.0,1002.0,3827.0,86.3,-114,-0.2
2026-07-31 00:32:53,NODO 1.20,27.29,100.0,1006.0,3695.0,84.0,-85,10.0
2026-07-31 00:32:59,NODO 1.10,26.62,100.0,1005.0,3915.0,86.0,-103,7.8
2026-07-31 00:33:26,NODO 1.13,26.85,100.0,1004.0,4082.0,86.4,-109,6.8
2026-07-31 00:34:16,NODO 1.23,26.41,100.0,1004.0,3871.0,86.4,-109,5.0
2026-07-31 00:35:25,NODO 1.54,26.38,78.28,1002.0,3998.0,88.1,-108,4.8
2026-07-31 00:36:18,NODO 1.04,27.26,100.0,1004.0,3896.0,90.1,-116,-0.2
2026-07-31 00:36:48,NODO 1.24,26.64,100.0,1004.0,4087.0,91.8,-79,9.2
2026-07-31 00:36:56,NODO 1.43,25.86,85.99,1005.0,4038.0,91.4,-105,9.2
2026-07-31 00:37:01,NODO 1.49,26.21,79.45,1003.0,3700.0,89.7,-108,5.8
2026-07-31 00:37:26,NODO 1.05,26.62,100.0,1005.0,4018.0,89.9,-91,9.8
2026-07-31 00:37:41,NODO 1.58,27.33,89.69,1005.0,3842.0,89.3,-101,6.8
2026-07-31 00:37:53,NODO 1.27,26.04,85.81,1002.0,4018.0,88.7,-103,8.0
2026-07-31 00:38:13,NODO 1.48,26.46,89.61,1006.0,3861.0,86.9,-114,1.2
2026-07-31 00:38:58,NODO 1.03,26.9,100.0,1005.0,3582.0,85.7,-90,9.0
2026-07-31 00:40:35,NODO 1.21,26.85,89.71,1005.0,3597.0,80.0,-119,-10.2
2026-07-31 00:40:53,NODO 1.41,26.26,70.13,1005.0,4013.0,82.4,-112,2.8
2026-07-31 00:42:34,NODO 1.19,25.81,66.37,1005.0,3807.0,78.0,-87,12.2
2026-07-31 00:42:35,NODO 1.02,27.01,90.82,1004.0,3778.0,73.9,-96,10.0
2026-07-31 00:42:42,NODO 1.39,26.07,69.87,1003.0,4116.0,85.6,-101,8.0
2026-07-31 00:42:51,NODO 1.33,26.33,76.88,1005.0,4038.0,90.0,-96,9.5
2026-07-31 00:43:36,NODO 1.22,27.4,89.39,1005.0,4047.0,90.4,-98,8.5
2026-07-31 00:43:53,NODO 1.29,26.83,100.0,1004.0,3871.0,91.0,-113,2.2
2026-07-31 00:44:51,NODO 1.06,26.52,100.0,1005.0,3891.0,92.1,-103,11.2
2026-07-31 00:45:00,NODO 1.25,26.43,91.22,1005.0,4067.0,91.6,-101,8.8
2026-07-31 00:45:02,NODO 1.34,25.94,80.56,1003.0,4057.0,91.8,-94,7.8
2026-07-31 00:45:56,NODO 1.38,26.79,79.43,1006.0,3871.0,90.1,-109,5.2
2026-07-31 00:46:52,NODO 1.53,26.29,100.0,1004.0,3915.0,90.5,-100,9.0
2026-07-31 00:47:13,NODO 1.09,27.12,99.61,1005.0,4052.0,92.1,-85,10.0
2026-07-31 00:47:17,NODO 1.59,26.78,84.93,1001.0,3925.0,90.7,-118,-6.2
2026-07-31 00:47:19,NODO 1.08,26.97,100.0,1004.0,3768.0,87.8,-119,-2.2
2026-07-31 00:47:19,NODO 1.30,26.41,97.86,1005.0,3812.0,87.2,-119,-13.2
2026-07-31 00:47:38,NODO 1.17,26.55,94.38,1004.0,3891.0,87.0,-103,7.0
2026-07-31 00:47:40,NODO 1.42,26.12,73.54,1004.0,4028.0,86.7,-108,7.2
2026-07-31 00:48:29,NODO 1.35,25.57,87.45,1004.0,4038.0,87.9,-108,7.2
2026-07-31 00:48:55,NODO 1.44,26.15,83.81,1005.0,4067.0,90.9,-96,7.0
2026-07-31 00:50:11,NODO 1.01,26.94,100.0,1004.0,3783.0,90.6,-111,5.2
2026-07-31 00:50:15,NODO 1.18,26.91,98.97,1004.0,2901.0,75.9,-105,10.0
2026-07-31 00:51:09,NODO 1.31,26.68,99.47,1005.0,3744.0,47.7,-118,-2.5
2026-07-31 00:52:58,NODO 1.28,27.11,100.0,1005.0,3788.0,22.2,-113,-2.0
2026-07-31 00:53:03,NODO 1.12,26.73,97.88,1005.0,3817.0,15.7,-119,-5.8
2026-07-31 00:53:23,NODO 1.37,25.49,75.89,1005.0,4047.0,23.1,-117,-0.2
2026-07-31 00:53:51,NODO 1.32,26.82,100.0,1004.0,3704.0,82.9,-102,8.0
2026-07-31 00:54:07,NODO 1.26,26.98,100.0,1004.0,4008.0,86.1,-107,7.0
2026-07-31 00:55:10,NODO 1.51,26.77,100.0,1005.0,3891.0,87.2,-102,9.8
2026-07-31 00:57:30,NODO 1.52,26.61,84.57,1004.0,3930.0,88.3,-117,1.0
2026-07-31 00:58:03,NODO 1.46,26.2,88.84,1003.0,4052.0,88.3,-111,-6.5
2026-07-31 00:58:52,NODO 1.56,26.06,83.2,1004.0,3690.0,88.2,-109,6.5
2026-07-31 00:59:52,NODO 1.50,25.75,78.97,1007.0,4092.0,89.0,-109,6.0
2026-07-31 01:01:07,NODO 1.15,26.32,100.0,1005.0,3847.0,88.6,-101,8.5
2026-07-31 01:01:16,NODO 1.40,26.06,79.92,1003.0,4106.0,90.4,-93,9.0
2026-07-31 01:01:31,NODO 1.14,26.89,100.0,1005.0,3886.0,88.7,-120,-7.0
2026-07-31 01:01:36,NODO 1.57,26.52,84.57,1003.0,3749.0,89.3,-118,-8.5
2026-07-31 01:01:52,NODO 1.45,26.21,76.78,1005.0,4038.0,88.8,-119,-7.8
2026-07-31 01:02:10,NODO 1.60,26.76,87.08,1004.0,3871.0,89.0,-105,8.0
2026-07-31 01:02:21,NODO 1.36,26.71,100.0,1002.0,3827.0,86.2,-114,-0.5
2026-07-31 01:02:48,NODO 1.20,27.24,100.0,1005.0,3690.0,83.9,-118,1.2
2026-07-31 01:02:52,NODO 1.10,26.54,100.0,1005.0,3915.0,85.9,-103,8.5
2026-07-31 01:03:19,NODO 1.13,26.75,100.0,1004.0,4067.0,86.2,-113,5.2
2026-07-31 01:04:06,NODO 1.23,26.31,100.0,1004.0,3871.0,86.2,-118,-4.5
2026-07-31 01:05:17,NODO 1.54,26.17,78.52,1002.0,3998.0,87.9,-33,8.0
2026-07-31 01:06:00,NODO 1.04,27.06,100.0,1004.0,3891.0,89.9,-119,-5.8
2026-07-31 01:06:41,NODO 1.24,26.42,100.0,1004.0,4077.0,91.5,-81,8.2
2026-07-31 01:06:47,NODO 1.43,25.72,87.88,1004.0,4033.0,91.2,-101,9.2
2026-07-31 01:06:52,NODO 1.49,26.11,79.22,1002.0,3700.0,89.5,-114,4.2
2026-07-31 01:07:16,NODO 1.05,26.42,100.0,1004.0,4018.0,89.7,-102,8.0
2026-07-31 01:07:34,NODO 1.58,27.18,88.44,1005.0,3842.0,89.2,-114,0.2
2026-07-31 01:07:44,NODO 1.27,25.98,86.18,1002.0,4028.0,88.7,-112,2.2
2026-07-31 01:08:07,NODO 1.48,26.38,89.39,1006.0,3871.0,87.1,-115,-1.8
2026-07-31 01:08:51,NODO 1.03,26.72,100.0,1004.0,3582.0,85.9,-99,8.8
2026-07-31 01:10:28,NODO 1.21,26.75,90.03,1004.0,3597.0,80.3,-109,3.0
2026-07-31 01:10:40,NODO 1.41,26.06,70.9,1005.0,4013.0,82.7,-114,1.0
2026-07-31 01:12:26,NODO 1.02,26.88,90.33,1004.0,3783.0,77.3,-99,8.5
2026-07-31 01:12:28,NODO 1.19,25.64,65.64,1004.0,3793.0,73.4,-89,12.8
2026-07-31 01:12:37,NODO 1.39,25.98,69.75,1003.0,4116.0,85.5,-119,-7.2
2026-07-31 01:12:43,NODO 1.33,26.15,75.21,1004.0,4038.0,89.9,-89,11.2
2026-07-31 01:13:28,NODO 1.22,27.25,89.69,1004.0,4033.0,90.1,-99,8.8
2026-07-31 01:13:43,NODO 1.29,26.72,100.0,1003.0,3871.0,91.0,-110,3.8
2026-07-31 01:14:42,NODO 1.06,26.32,100.0,1004.0,3891.0,92.0,-105,10.0
2026-07-31 01:14:49,NODO 1.25,26.21,91.61,1004.0,4067.0,91.5,-101,1.2
2026-07-31 01:14:55,NODO 1.34,25.75,80.37,1002.0,4057.0,91.7,-114,5.0
2026-07-31 01:15:48,NODO 1.38,26.7,79.6,1005.0,3881.0,90.2,-103,1.8
2026-07-31 01:16:44,NODO 1.53,26.21,100.0,1004.0,3915.0,90.6,-100,10.0
2026-07-31 01:17:05,NODO 1.09,26.99,99.34,1004.0,4062.0,92.3,-119,-3.8
2026-07-31 01:17:08,NODO 1.30,26.36,97.79,1005.0,3817.0,89.8,-115,0.8
2026-07-31 01:17:08,NODO 1.59,26.66,85.26,1001.0,3915.0,88.4,-115,-3.8
2026-07-31 01:17:13,NODO 1.08,26.85,100.0,1003.0,3758.0,87.2,-114,3.0
2026-07-31 01:17:30,NODO 1.17,26.42,93.81,1004.0,3900.0,87.0,-104,8.0
2026-07-31 01:17:32,NODO 1.42,25.91,72.87,1004.0,4028.0,86.7,-103,3.2
2026-07-31 01:18:21,NODO 1.35,25.51,90.27,1004.0,4033.0,88.8,-109,7.5
2026-07-31 01:18:46,NODO 1.44,25.99,87.04,1004.0,4067.0,90.4,-106,8.0
2026-07-31 01:20:04,NODO 1.01,26.87,100.0,1004.0,3783.0,90.6,-111,-3.2
2026-07-31 01:20:07,NODO 1.18,26.79,98.71,1004.0,2896.0,75.4,-103,8.5
2026-07-31 01:21:01,NODO 1.31,26.55,99.54,1005.0,3734.0,45.1,-90,10.5
2026-07-31 01:22:50,NODO 1.28,26.98,100.0,1004.0,3793.0,21.5,-120,-6.0
2026-07-31 01:22:57,NODO 1.12,26.65,98.37,1005.0,3817.0,15.5,-95,9.8
2026-07-31 01:23:15,NODO 1.37,25.39,76.0,1004.0,4052.0,22.8,-105,9.0
2026-07-31 01:23:46,NODO 1.32,26.75,100.0,1004.0,3704.0,82.9,-106,5.8
2026-07-31 01:23:59,NODO 1.26,26.86,100.0,1004.0,3998.0,86.1,-119,-8.2
2026-07-31 01:25:02,NODO 1.51,26.7,100.0,1005.0,3891.0,87.1,-91,9.0
2026-07-31 01:27:23,NODO 1.52,26.48,84.31,1004.0,3935.0,88.3,-113,3.8
2026-07-31 01:27:54,NODO 1.46,26.02,87.52,1003.0,4052.0,88.3,-113,3.0
2026-07-31 01:28:45,NODO 1.56,26.0,83.27,1004.0,3690.0,88.2,-109,6.2
2026-07-31 01:29:45,NODO 1.50,25.61,81.63,1006.0,4092.0,89.1,-117,-5.0
2026-07-31 01:30:59,NODO 1.15,26.19,100.0,1005.0,3847.0,88.7,-112,4.5
2026-07-31 01:31:08,NODO 1.40,25.96,80.16,1003.0,4106.0,90.4,-115,2.0
2026-07-31 01:31:23,NODO 1.14,26.76,100.0,1004.0,3886.0,88.7,-79,7.8
2026-07-31 01:31:30,NODO 1.57,26.46,84.38,1003.0,3753.0,89.3,-119,-13.5
2026-07-31 01:31:44,NODO 1.45,26.05,75.39,1004.0,4038.0,88.8,-118,-2.8
2026-07-31 01:32:03,NODO 1.60,26.69,86.57,1004.0,3871.0,89.0,-118,-5.8
2026-07-31 01:32:11,NODO 1.36,26.64,100.0,1002.0,3827.0,86.2,-114,
2026-07-31 01:32:40,NODO 1.20,27.11,100.0,1005.0,3695.0,84.1,-82,10.0
2026-07-31 01:32:45,NODO 1.10,26.42,100.0,1004.0,3915.0,86.0,-113,6.2
2026-07-31 01:33:11,NODO 1.13,26.66,100.0,1004.0,4082.0,86.4,-113,5.0
2026-07-31 01:33:58,NODO 1.23,26.22,100.0,1004.0,3871.0,86.4,-114,-0.8
2026-07-31 01:35:11,NODO 1.54,26.06,79.26,1002.0,3994.0,88.1,-35,11.2
2026-07-31 01:35:52,NODO 1.04,26.98,100.0,1004.0,3915.0,90.3,-118,-3.0
2026-07-31 01:36:36,NODO 1.24,26.11,100.0,1004.0,4067.0,91.8,-119,0.2
2026-07-31 01:36:40,NODO 1.43,25.59,85.73,1004.0,4038.0,91.3,-113,-2.0
2026-07-31 01:36:44,NODO 1.49,26.05,79.41,1002.0,3700.0,89.6,-109,4.8
2026-07-31 01:37:07,NODO 1.05,26.31,100.0,1004.0,4018.0,89.9,-103,7.2
2026-07-31 01:37:28,NODO 1.58,27.14,88.86,1005.0,3842.0,89.2,-118,-4.5
2026-07-31 01:37:36,NODO 1.27,25.84,86.06,1001.0,4018.0,88.7,-107,5.5
2026-07-31 01:38:00,NODO 1.48,26.31,90.34,1005.0,3871.0,87.0,-109,4.8
2026-07-31 01:38:43,NODO 1.03,26.62,100.0,1004.0,3582.0,85.8,-105,8.5
2026-07-31 01:40:25,NODO 1.21,26.65,91.24,1004.0,3597.0,80.1,-106,6.0
2026-07-31 01:40:25,NODO 1.41,26.07,71.36,1004.0,4013.0,82.6,-117,-5.2
2026-07-31 01:42:21,NODO 1.19,25.58,67.91,1004.0,3798.0,78.0,-89,11.8
2026-07-31 01:42:22,NODO 1.02,26.8,91.01,1003.0,3788.0,73.9,-106,5.2
2026-07-31 01:42:30,NODO 1.39,25.83,69.18,1003.0,4116.0,85.6,-105,7.0
2026-07-31 01:42:32,NODO 1.39,25.84,69.16,1003.0,4116.0,90.8,-119,-6.2
2026-07-31 01:42:35,NODO 1.33,26.05,77.84,1004.0,4038.0,91.1,-85,11.2
2026-07-31 01:43:21,NODO 1.22,27.16,89.97,1004.0,4033.0,93.4,-101,9.0
2026-07-31 01:43:36,NODO 1.29,26.64,100.0,1003.0,3861.0,94.1,-96,9.5
2026-07-31 01:44:34,NODO 1.06,26.27,100.0,1004.0,3886.0,91.8,-105,11.5
2026-07-31 01:44:39,NODO 1.25,26.1,91.85,1004.0,4067.0,91.3,-107,8.5
2026-07-31 01:44:47,NODO 1.34,25.6,80.09,1002.0,4052.0,91.5,-70,9.2
2026-07-31 01:45:39,NODO 1.38,26.65,79.78,1005.0,3871.0,89.9,-106,6.8
2026-07-31 01:46:38,NODO 1.53,26.16,100.0,1004.0,3915.0,90.4,-103,9.0
2026-07-31 01:46:58,NODO 1.59,26.65,85.02,1001.0,3925.0,90.8,-119,-9.5
2026-07-31 01:46:59,NODO 1.30,26.3,97.75,1005.0,3817.0,88.3,-120,-11.0
2026-07-31 01:46:59,NODO 1.09,26.87,100.0,1004.0,4052.0,88.3,-115,-2.2
2026-07-31 01:47:09,NODO 1.08,26.77,100.0,1003.0,3753.0,87.1,-99,9.0
2026-07-31 01:47:23,NODO 1.17,26.33,93.17,1003.0,3896.0,86.9,-108,5.5
2026-07-31 01:47:24,NODO 1.42,25.89,73.69,1004.0,4028.0,88.0,-120,-4.2
2026-07-31 01:48:13,NODO 1.35,25.4,88.3,1004.0,4033.0,90.1,-91,7.8
2026-07-31 01:48:37,NODO 1.44,25.78,84.83,1004.0,4067.0,90.3,-97,9.2
2026-07-31 01:49:56,NODO 1.01,26.75,100.0,1004.0,3783.0,90.6,-119,-7.0
2026-07-31 01:49:59,NODO 1.18,26.71,99.3,1004.0,2881.0,74.6,-99,9.2
2026-07-31 01:50:50,NODO 1.31,26.46,99.91,1005.0,3734.0,43.1,-113,0.8
2026-07-31 01:52:45,NODO 1.28,26.92,100.0,1004.0,3793.0,20.5,-114,3.0
2026-07-31 01:52:51,NODO 1.12,26.49,99.34,1005.0,3822.0,15.3,-89,9.8
2026-07-31 01:53:08,NODO 1.37,25.4,76.35,1004.0,4038.0,21.2,-119,-1.5
2026-07-31 01:53:41,NODO 1.32,26.67,100.0,1004.0,3704.0,82.7,-119,-7.5
2026-07-31 01:53:48,NODO 1.26,26.78,100.0,1004.0,4008.0,86.2,-111,6.8
2026-07-31 01:54:56,NODO 1.51,26.61,100.0,1005.0,3891.0,87.1,-117,-0.5
2026-07-31 01:57:17,NODO 1.52,26.44,84.12,1004.0,3930.0,88.2,-113,4.5
2026-07-31 01:57:50,NODO 1.46,25.87,89.99,1003.0,4052.0,88.3,-89,8.8
2026-07-31 01:58:38,NODO 1.56,25.94,83.05,1004.0,3695.0,88.3,-109,4.0
2026-07-31 01:59:37,NODO 1.50,25.55,80.43,1006.0,4092.0,89.1,-114,0.5
2026-07-31 02:00:49,NODO 1.15,26.03,100.0,1005.0,3847.0,88.7,-102,9.0
2026-07-31 02:01:00,NODO 1.40,25.85,79.58,1003.0,4101.0,90.4,-94,7.0
2026-07-31 02:01:15,NODO 1.14,26.73,100.0,1004.0,3886.0,88.7,-101,8.2
2026-07-31 02:01:22,NODO 1.57,26.34,84.57,1003.0,3749.0,89.2,-107,-6.0
2026-07-31 02:01:37,NODO 1.45,25.9,76.64,1004.0,4038.0,88.7,-119,-5.0
2026-07-31 02:01:56,NODO 1.60,26.56,86.66,1004.0,3871.0,89.0,-100,7.0
2026-07-31 02:02:01,NODO 1.36,26.46,100.0,1001.0,3822.0,86.2,-115,-3.2
2026-07-31 02:02:31,NODO 1.20,27.03,100.0,1005.0,3695.0,83.9,-84,9.5
2026-07-31 02:02:39,NODO 1.10,26.31,100.0,1004.0,3915.0,85.9,-103,8.0
2026-07-31 02:03:03,NODO 1.13,26.55,100.0,1004.0,4082.0,86.3,-105,6.2
2026-07-31 02:03:51,NODO 1.23,26.11,100.0,1004.0,3871.0,86.3,-110,3.8
2026-07-31 02:05:02,NODO 1.54,25.9,80.09,1002.0,3994.0,88.1,-119,-6.8
2026-07-31 02:05:44,NODO 1.04,26.77,100.0,1004.0,3900.0,90.1,-105,7.8
2026-07-31 02:06:38,NODO 1.24,26.09,100.0,1004.0,4077.0,91.7,-109,4.8
2026-07-31 02:06:38,NODO 1.43,25.44,87.12,1004.0,4028.0,91.2,-103,6.5
2026-07-31 02:06:38,NODO 1.49,25.97,79.36,1002.0,3695.0,89.4,-108,4.5
2026-07-31 02:06:58,NODO 1.05,26.15,100.0,1004.0,4008.0,89.6,-103,9.2
2026-07-31 02:07:19,NODO 1.58,27.02,88.22,1004.0,3842.0,89.0,-112,2.8
2026-07-31 02:07:29,NODO 1.27,25.73,86.05,1001.0,4028.0,88.5,-103,7.8
2026-07-31 02:07:55,NODO 1.48,26.2,89.87,1005.0,3861.0,86.8,-105,8.5
2026-07-31 02:08:37,NODO 1.03,26.51,100.0,1004.0,3577.0,85.7,-107,6.5
2026-07-31 02:10:10,NODO 1.41,26.02,71.58,1004.0,4013.0,85.7,-112,4.8
2026-07-31 02:10:10,NODO 1.21,26.55,90.67,1004.0,3597.0,82.5,-119,-12.0
2026-07-31 02:12:12,NODO 1.02,26.69,91.19,1003.0,3788.0,76.8,-105,7.5
2026-07-31 02:12:19,NODO 1.19,25.42,66.34,1004.0,3788.0,73.1,-89,8.2
2026-07-31 02:12:25,NODO 1.39,25.67,69.36,1003.0,4116.0,85.5,-106,5.8
2026-07-31 02:12:28,NODO 1.33,25.93,81.08,1004.0,4033.0,85.7,-103,11.0
2026-07-31 02:13:13,NODO 1.22,27.03,90.09,1004.0,4047.0,90.2,-109,6.2
2026-07-31 02:13:28,NODO 1.29,26.55,100.0,1003.0,3871.0,91.0,-97,9.2
2026-07-31 02:14:24,NODO 1.06,26.09,100.0,1004.0,3886.0,92.0,-103,11.2
2026-07-31 02:14:30,NODO 1.25,25.93,91.89,1004.0,4062.0,91.5,-93,9.0
2026-07-31 02:14:37,NODO 1.34,25.44,81.77,1002.0,4052.0,91.7,-67,8.5
2026-07-31 02:15:28,NODO 1.38,26.57,79.91,1005.0,3871.0,89.9,-111,6.5
2026-07-31 02:16:29,NODO 1.53,26.09,100.0,1003.0,3915.0,90.4,-102,8.8
2026-07-31 02:16:49,NODO 1.59,26.58,85.48,1001.0,3915.0,90.7,-120,-15.2
2026-07-31 02:16:49,NODO 1.30,26.23,97.8,1005.0,3812.0,88.2,-120,-10.8
2026-07-31 02:16:52,NODO 1.09,26.79,100.0,1004.0,4052.0,88.2,-86,9.2
2026-07-31 02:17:05,NODO 1.08,26.65,100.0,1003.0,3758.0,87.0,-101,8.8
2026-07-31 02:17:14,NODO 1.17,26.21,93.5,1003.0,3891.0,86.8,-103,8.8
2026-07-31 02:17:14,NODO 1.42,25.73,73.79,1004.0,4028.0,87.9,-113,1.2
2026-07-31 02:18:06,NODO 1.35,25.24,88.07,1004.0,4033.0,90.1,-109,5.8
2026-07-31 02:18:27,NODO 1.44,25.64,85.12,1004.0,4062.0,90.2,-99,9.2
2026-07-31 02:19:49,NODO 1.01,26.68,100.0,1004.0,3788.0,90.5,-118,-6.0
2026-07-31 02:19:52,NODO 1.18,26.58,99.0,1003.0,2881.0,74.6,-100,8.0
2026-07-31 02:20:40,NODO 1.31,26.4,100.0,1005.0,3734.0,43.1,-87,6.8
2026-07-31 02:22:46,NODO 1.12,26.47,99.37,1005.0,3822.0,22.5,-95,10.2
2026-07-31 02:23:03,NODO 1.37,25.29,75.6,1004.0,4038.0,20.9,-121,-6.2
2026-07-31 02:23:35,NODO 1.32,26.61,100.0,1003.0,3704.0,18.6,-111,6.0
2026-07-31 02:23:40,NODO 1.26,26.7,100.0,1004.0,4008.0,85.6,-107,6.8
2026-07-31 02:24:46,NODO 1.51,26.56,100.0,1004.0,3891.0,87.1,-93,9.8
2026-07-31 02:27:09,NODO 1.52,26.35,84.25,1004.0,3935.0,88.3,-117,-4.2
2026-07-31 02:27:47,NODO 1.46,25.74,87.72,1003.0,4047.0,88.3,-89,9.2
2026-07-31 02:28:31,NODO 1.56,25.88,83.65,1003.0,3695.0,88.3,-111,5.8
2026-07-31 02:29:30,NODO 1.50,25.51,79.9,1006.0,4092.0,89.1,-109,2.8
2026-07-31 02:30:42,NODO 1.15,26.0,100.0,1004.0,3847.0,88.7,-106,7.2
2026-07-31 02:30:52,NODO 1.40,25.77,79.16,1003.0,4101.0,90.3,-95,8.2
2026-07-31 02:31:06,NODO 1.14,26.61,100.0,1004.0,3891.0,88.8,-99,9.5
2026-07-31 02:31:30,NODO 1.45,25.78,77.5,1004.0,4038.0,92.2,-119,-4.8
2026-07-31 02:31:51,NODO 1.60,26.52,87.77,1004.0,3856.0,89.8,-119,-6.5
2026-07-31 02:31:51,NODO 1.36,26.4,100.0,1001.0,3827.0,89.6,-113,-4.8
2026-07-31 02:32:23,NODO 1.20,26.99,100.0,1005.0,3695.0,85.6,-82,9.5
2026-07-31 02:32:31,NODO 1.10,26.25,100.0,1004.0,3915.0,85.8,-87,9.2
2026-07-31 02:32:56,NODO 1.13,26.42,100.0,1004.0,4082.0,86.2,-102,4.2
2026-07-31 02:33:44,NODO 1.23,26.03,100.0,1003.0,3871.0,86.4,-94,4.0
2026-07-31 02:34:56,NODO 1.54,25.9,80.45,1002.0,3994.0,88.1,-113,3.5
2026-07-31 02:35:37,NODO 1.04,26.73,100.0,1003.0,3900.0,90.1,-91,9.2
2026-07-31 02:36:24,NODO 1.43,25.33,87.67,1004.0,4038.0,91.3,-111,4.5
2026-07-31 02:36:24,NODO 1.24,26.07,100.0,1004.0,4077.0,91.3,-100,8.5
2026-07-31 02:36:28,NODO 1.49,25.94,79.73,1002.0,3695.0,89.5,-111,5.2
2026-07-31 02:36:50,NODO 1.05,26.11,100.0,1004.0,4008.0,89.7,-105,9.5
2026-07-31 02:37:12,NODO 1.58,26.88,89.93,1004.0,3842.0,89.1,-101,10.8
2026-07-31 02:37:21,NODO 1.27,25.62,87.3,1001.0,4018.0,88.9,-104,6.2
2026-07-31 02:37:51,NODO 1.48,26.16,90.93,1005.0,3861.0,86.7,-114,1.0
2026-07-31 02:38:28,NODO 1.03,26.45,100.0,1004.0,3582.0,85.6,-113,4.2
2026-07-31 02:39:58,NODO 1.41,25.81,71.03,1004.0,4008.0,85.6,-120,-4.2
2026-07-31 02:40:02,NODO 1.21,26.44,91.4,1004.0,3592.0,82.3,-108,6.2
2026-07-31 02:42:04,NODO 1.02,26.66,92.25,1003.0,3783.0,76.3,-88,9.8
2026-07-31 02:42:05,NODO 1.19,25.27,67.2,1004.0,3793.0,72.9,-89,11.5
2026-07-31 02:42:18,NODO 1.39,25.65,70.38,1003.0,4116.0,85.4,-100,8.8
2026-07-31 02:42:20,NODO 1.33,25.8,77.34,1004.0,4038.0,85.7,-91,12.8
2026-07-31 02:43:08,NODO 1.22,26.92,91.34,1004.0,4033.0,90.1,-117,1.5
2026-07-31 02:43:21,NODO 1.29,26.52,100.0,1003.0,3871.0,91.0,-114,2.8
2026-07-31 02:44:16,NODO 1.06,26.03,100.0,1004.0,3886.0,91.9,-103,7.8
2026-07-31 02:44:19,NODO 1.25,25.91,93.49,1004.0,4067.0,91.5,-91,9.8
2026-07-31 02:44:28,NODO 1.34,25.38,83.66,1002.0,4052.0,91.6,-111,4.5
2026-07-31 02:45:21,NODO 1.38,26.52,80.36,1005.0,3886.0,90.1,-112,0.8
2026-07-31 02:46:22,NODO 1.53,26.05,100.0,1003.0,3915.0,90.6,-106,8.0
2026-07-31 02:46:38,NODO 1.59,26.5,86.47,1001.0,3920.0,90.9,-119,-5.2
2026-07-31 02:46:41,NODO 1.30,26.16,97.79,1005.0,3817.0,88.4,-117,-9.8
2026-07-31 02:46:43,NODO 1.09,26.68,100.0,1004.0,4052.0,88.4,-118,-1.8
2026-07-31 02:47:04,NODO 1.17,26.13,94.89,1003.0,3891.0,88.5,-114,4.0
2026-07-31 02:47:07,NODO 1.42,25.64,74.14,1004.0,4013.0,89.4,-119,-2.8
2026-07-31 02:47:59,NODO 1.35,25.26,90.56,1004.0,4033.0,90.6,-109,5.2
2026-07-31 02:48:17,NODO 1.44,25.63,88.13,1004.0,4057.0,93.0,-108,7.8
2026-07-31 02:49:42,NODO 1.01,26.64,100.0,1004.0,3783.0,90.3,-108,6.5
2026-07-31 02:49:43,NODO 1.18,26.52,99.93,1003.0,2876.0,73.1,-99,6.8
2026-07-31 02:49:44,NODO 1.18,26.53,99.78,1003.0,2867.0,11.2,-97,9.0
2026-07-31 02:50:31,NODO 1.31,26.37,100.0,1005.0,3734.0,8.2,-85,9.2
2026-07-31 02:52:29,NODO 1.28,26.77,100.0,1004.0,3798.0,5.6,-113,4.8
2026-07-31 02:52:38,NODO 1.12,26.42,100.0,1005.0,3817.0,5.9,-117,-4.8
2026-07-31 02:52:50,NODO 1.37,25.2,76.62,1004.0,4052.0,21.2,-120,-6.2
2026-07-31 02:53:27,NODO 1.32,26.56,100.0,1003.0,3704.0,82.9,-112,4.2
2026-07-31 02:53:33,NODO 1.26,26.64,100.0,1004.0,3998.0,86.2,-105,7.5
2026-07-31 02:54:42,NODO 1.51,26.52,100.0,1004.0,3886.0,87.1,-89,10.0
2026-07-31 02:57:01,NODO 1.52,26.28,86.1,1004.0,3925.0,88.2,-118,-3.0
2026-07-31 02:57:38,NODO 1.46,25.77,92.7,1003.0,4047.0,88.1,-117,0.5
2026-07-31 02:58:22,NODO 1.56,25.86,84.77,1003.0,3695.0,88.0,-110,4.8
2026-07-31 02:59:23,NODO 1.50,25.43,80.0,1006.0,4092.0,89.0,-109,3.5
2026-07-31 03:00:34,NODO 1.15,25.94,100.0,1004.0,3847.0,88.6,-109,7.0
2026-07-31 03:00:44,NODO 1.40,25.75,79.05,1003.0,4106.0,90.4,-117,-4.0
2026-07-31 03:00:55,NODO 1.14,26.59,100.0,1004.0,3886.0,88.8,-114,-6.2
2026-07-31 03:01:07,NODO 1.57,26.38,84.37,1002.0,3749.0,89.3,-118,-14.2
2026-07-31 03:01:23,NODO 1.45,25.78,78.17,1004.0,4033.0,88.7,-119,-5.2
2026-07-31 03:01:40,NODO 1.36,26.45,100.0,1001.0,3827.0,88.5,-117,-1.8
2026-07-31 03:01:44,NODO 1.60,26.52,87.12,1004.0,3871.0,86.2,-107,7.2
2026-07-31 03:02:16,NODO 1.20,26.94,100.0,1005.0,3695.0,83.9,-119,-4.5
2026-07-31 03:02:20,NODO 1.10,26.24,100.0,1004.0,3920.0,86.0,-103,6.8
2026-07-31 03:02:48,NODO 1.13,26.39,100.0,1004.0,4077.0,86.4,-115,4.2
2026-07-31 03:03:37,NODO 1.23,25.98,100.0,1003.0,3871.0,86.8,-112,3.8
2026-07-31 03:04:48,NODO 1.54,25.83,80.53,1001.0,3994.0,88.1,-33,9.5
2026-07-31 03:05:28,NODO 1.04,26.71,100.0,1003.0,3900.0,90.1,-89,7.0
2026-07-31 03:06:15,NODO 1.43,25.5,91.11,1004.0,4028.0,91.2,-107,7.8
2026-07-31 03:06:18,NODO 1.49,25.96,80.72,1002.0,3695.0,87.4,-109,3.5
2026-07-31 03:06:18,NODO 1.24,26.53,100.0,1003.0,4082.0,89.5,-85,10.0
2026-07-31 03:06:43,NODO 1.05,26.19,100.0,1004.0,4013.0,89.7,-96,9.0
2026-07-31 03:07:02,NODO 1.58,26.91,90.72,1004.0,3832.0,89.0,-113,-1.5
2026-07-31 03:07:14,NODO 1.27,25.57,87.72,1001.0,4018.0,88.9,-102,9.0
2026-07-31 03:07:45,NODO 1.48,26.13,90.57,1005.0,3861.0,90.6,-101,9.8
2026-07-31 03:08:19,NODO 1.03,26.49,100.0,1004.0,3572.0,85.5,-105,8.2
2026-07-31 03:09:45,NODO 1.41,25.74,72.14,1004.0,3998.0,85.3,-120,-3.0
2026-07-31 03:09:55,NODO 1.21,26.61,89.96,1004.0,3597.0,82.1,-118,-16.2
2026-07-31 03:11:56,NODO 1.02,26.66,91.14,1003.0,3783.0,75.5,-112,3.5
2026-07-31 03:11:57,NODO 1.19,25.32,68.53,1004.0,3793.0,72.1,-86,10.5
2026-07-31 03:12:13,NODO 1.33,25.85,82.1,1004.0,4038.0,84.4,-97,11.5
2026-07-31 03:12:13,NODO 1.39,25.57,69.23,1002.0,4116.0,85.8,-119,-5.2
2026-07-31 03:13:01,NODO 1.22,26.97,91.2,1004.0,4033.0,90.1,-106,8.0
2026-07-31 03:13:13,NODO 1.29,26.52,100.0,1003.0,3881.0,91.1,-96,7.0
2026-07-31 03:14:09,NODO 1.06,26.02,100.0,1004.0,3891.0,92.1,-107,10.8
2026-07-31 03:14:09,NODO 1.25,25.97,92.82,1004.0,4062.0,92.3,-90,6.8
2026-07-31 03:14:21,NODO 1.34,25.35,81.41,1002.0,4047.0,91.6,-93,9.0
2026-07-31 03:15:12,NODO 1.38,26.56,81.57,1005.0,3871.0,90.0,-115,2.0
2026-07-31 03:16:16,NODO 1.53,26.06,100.0,1003.0,3915.0,90.4,-102,6.5
2026-07-31 03:16:29,NODO 1.59,26.55,85.01,1001.0,3925.0,90.7,-118,-7.5
2026-07-31 03:16:32,NODO 1.30,26.13,98.44,1005.0,3812.0,88.2,-118,-16.0
2026-07-31 03:16:35,NODO 1.09,26.66,100.0,1004.0,4052.0,88.2,-87,8.5
2026-07-31 03:16:51,NODO 1.08,26.58,100.0,1003.0,3753.0,87.1,-115,
2026-07-31 03:16:56,NODO 1.17,26.15,95.32,1003.0,3896.0,86.9,-97,10.2
2026-07-31 03:17:00,NODO 1.42,25.77,74.31,1004.0,4028.0,87.9,-118,-6.5
2026-07-31 03:17:50,NODO 1.35,25.29,91.58,1004.0,4033.0,90.1,-111,5.2
2026-07-31 03:18:09,NODO 1.44,25.71,87.73,1004.0,4062.0,90.2,-95,9.0
2026-07-31 03:19:35,NODO 1.18,26.59,100.0,1003.0,2871.0,79.5,-97,9.0
2026-07-31 03:19:36,NODO 1.01,26.6,100.0,1003.0,3783.0,73.9,-118,-8.5
2026-07-31 03:20:22,NODO 1.31,26.39,100.0,1005.0,3739.0,41.7,-90,9.0
2026-07-31 03:22:21,NODO 1.28,26.8,100.0,1004.0,3793.0,20.0,-109,0.8
2026-07-31 03:22:32,NODO 1.12,26.44,98.79,1004.0,3822.0,15.2,-119,-8.5
2026-07-31 03:22:42,NODO 1.37,25.18,76.2,1004.0,4038.0,83.9,-118,-3.2
2026-07-31 03:23:22,NODO 1.32,26.57,100.0,1003.0,3704.0,82.8,-111,3.8
2026-07-31 03:23:27,NODO 1.26,26.67,100.0,1003.0,4008.0,86.2,-107,7.2
2026-07-31 03:24:32,NODO 1.51,26.53,100.0,1004.0,3891.0,87.1,-116,-2.2
2026-07-31 03:26:55,NODO 1.52,26.26,83.98,1004.0,3935.0,88.3,-119,-5.2
2026-07-31 03:27:32,NODO 1.46,25.79,90.83,1003.0,4047.0,88.3,-109,5.2
2026-07-31 03:28:15,NODO 1.56,25.82,83.76,1003.0,3695.0,88.3,-111,5.2
2026-07-31 03:29:14,NODO 1.50,25.47,81.99,1006.0,4082.0,89.0,-113,-2.0
2026-07-31 03:30:25,NODO 1.15,25.9,100.0,1004.0,3847.0,88.6,-102,3.0
2026-07-31 03:30:35,NODO 1.40,25.62,78.18,1003.0,4101.0,90.2,-114,1.5
2026-07-31 03:30:46,NODO 1.14,26.56,100.0,1004.0,3886.0,88.6,-99,9.2
2026-07-31 03:31:01,NODO 1.57,26.52,84.14,1002.0,3749.0,89.2,-118,-8.8
2026-07-31 03:31:16,NODO 1.45,25.76,74.32,1004.0,4038.0,88.7,-118,-2.2
2026-07-31 03:31:37,NODO 1.36,26.54,100.0,1001.0,3827.0,88.5,-115,0.2
2026-07-31 03:31:37,NODO 1.60,26.54,85.68,1004.0,3871.0,86.2,-118,-6.8
2026-07-31 03:32:10,NODO 1.20,26.92,100.0,1005.0,3695.0,84.0,-113,5.5
2026-07-31 03:32:14,NODO 1.10,26.25,100.0,1004.0,3915.0,86.0,-85,9.2
2026-07-31 03:32:41,NODO 1.13,26.35,100.0,1003.0,4067.0,86.2,-107,6.8
2026-07-31 03:33:27,NODO 1.23,25.98,100.0,1003.0,3861.0,86.6,-118,-6.8
2026-07-31 03:34:39,NODO 1.54,25.95,78.66,1001.0,3994.0,87.8,-35,9.8
2026-07-31 03:35:20,NODO 1.04,26.63,100.0,1003.0,3891.0,89.8,-109,5.8
2026-07-31 03:36:06,NODO 1.43,25.31,85.64,1004.0,4033.0,91.0,-107,6.5
2026-07-31 03:36:11,NODO 1.24,25.58,100.0,1003.0,4077.0,91.1,-106,8.5
2026-07-31 03:36:11,NODO 1.49,25.99,80.56,1002.0,3695.0,89.4,-106,6.8
2026-07-31 03:36:36,NODO 1.05,26.1,100.0,1004.0,4008.0,89.5,-114,2.2
2026-07-31 03:36:56,NODO 1.58,27.0,88.99,1004.0,3842.0,89.0,-114,3.8
2026-07-31 03:37:07,NODO 1.27,25.49,87.75,1001.0,4018.0,88.9,-103,8.2
2026-07-31 03:37:38,NODO 1.48,26.08,91.07,1005.0,3881.0,86.9,-105,5.2
2026-07-31 03:37:39,NODO 1.48,26.08,91.02,1005.0,3881.0,88.8,-106,7.8
2026-07-31 03:38:10,NODO 1.03,26.23,100.0,1004.0,3582.0,84.3,-80,10.0
2026-07-31 03:39:33,NODO 1.41,25.74,71.38,1004.0,4008.0,86.2,-117,-5.5
2026-07-31 03:39:48,NODO 1.21,26.51,90.5,1004.0,3597.0,80.7,-120,-9.5
2026-07-31 03:41:47,NODO 1.02,26.59,89.95,1003.0,3788.0,77.8,-105,8.5
2026-07-31 03:41:50,NODO 1.19,25.3,67.48,1004.0,3793.0,73.4,-88,11.8
2026-07-31 03:42:05,NODO 1.33,25.81,78.53,1004.0,4033.0,84.6,-95,12.0
2026-07-31 03:42:12,NODO 1.39,25.38,69.17,1002.0,4116.0,85.8,-101,9.0
2026-07-31 03:42:51,NODO 1.22,26.78,90.37,1004.0,4033.0,90.1,-100,8.5
2026-07-31 03:43:04,NODO 1.29,26.47,100.0,1003.0,3871.0,91.0,-113,4.0
2026-07-31 03:43:59,NODO 1.25,25.75,93.15,1004.0,4062.0,93.7,-109,7.5
2026-07-31 03:44:01,NODO 1.06,25.9,100.0,1004.0,3891.0,92.2,-95,11.2
2026-07-31 03:44:12,NODO 1.34,25.08,80.09,1002.0,4038.0,91.5,-109,6.8
2026-07-31 03:45:04,NODO 1.38,26.52,80.6,1005.0,3871.0,89.8,-109,6.5
2026-07-31 03:46:07,NODO 1.53,26.03,100.0,1003.0,3915.0,90.3,-105,9.5
2026-07-31 03:46:18,NODO 1.59,26.57,85.07,1000.0,3915.0,88.8,-119,-5.8
2026-07-31 03:46:23,NODO 1.30,26.08,98.01,1004.0,3807.0,88.0,-117,-6.2
2026-07-31 03:46:28,NODO 1.09,26.62,100.0,1004.0,4052.0,88.1,-81,8.2
2026-07-31 03:46:45,NODO 1.08,26.48,100.0,1003.0,3753.0,86.9,-117,1.5
2026-07-31 03:46:46,NODO 1.17,26.02,95.05,1003.0,3891.0,86.7,-107,5.8
2026-07-31 03:46:53,NODO 1.42,25.67,73.68,1003.0,4013.0,87.7,-119,-4.8
2026-07-31 03:47:43,NODO 1.35,25.2,91.38,1003.0,4033.0,89.9,-90,9.0
2026-07-31 03:48:00,NODO 1.44,25.46,84.05,1004.0,4057.0,90.0,-105,6.5
2026-07-31 03:49:28,NODO 1.18,26.46,99.79,1003.0,2871.0,78.2,-100,9.8
2026-07-31 03:49:28,NODO 1.01,26.4,100.0,1003.0,3783.0,72.9,-114,2.8
2026-07-31 03:50:12,NODO 1.31,26.24,100.0,1004.0,3734.0,40.4,-93,8.8
2026-07-31 03:52:14,NODO 1.28,26.59,100.0,1004.0,3788.0,19.7,-115,3.0
2026-07-31 03:52:26,NODO 1.12,26.24,100.0,1004.0,3822.0,15.0,-87,9.2
2026-07-31 03:52:34,NODO 1.37,25.18,77.6,1004.0,4038.0,83.8,-117,-3.2
2026-07-31 03:53:16,NODO 1.32,26.47,100.0,1003.0,3704.0,82.7,-101,8.8
2026-07-31 03:53:22,NODO 1.26,26.51,100.0,1003.0,4008.0,86.1,-107,6.5
2026-07-31 03:54:25,NODO 1.51,26.42,100.0,1004.0,3881.0,87.0,-118,-4.5
2026-07-31 03:56:46,NODO 1.52,26.19,82.18,1003.0,3925.0,88.1,-120,-4.5
2026-07-31 03:57:24,NODO 1.46,25.37,87.81,1003.0,4047.0,88.2,-89,9.5
2026-07-31 03:58:13,NODO 1.56,25.75,83.31,1003.0,3695.0,88.1,-113,-0.5
2026-07-31 04:00:18,NODO 1.15,25.75,100.0,1004.0,3847.0,86.5,-112,1.5
2026-07-31 04:00:28,NODO 1.40,25.51,80.14,1003.0,4101.0,88.7,-92,8.5
2026-07-31 04:00:38,NODO 1.14,26.47,100.0,1004.0,3886.0,88.3,-83,10.0
2026-07-31 04:00:51,NODO 1.57,26.17,83.58,1002.0,3749.0,85.3,-118,-4.2
2026-07-31 04:01:09,NODO 1.45,25.52,73.92,1004.0,4033.0,88.7,-103,7.8
2026-07-31 04:01:21,NODO 1.36,26.3,100.0,1001.0,3827.0,88.5,-117,-4.0
2026-07-31 04:01:30,NODO 1.60,26.34,85.59,1004.0,3871.0,86.2,-105,7.5
2026-07-31 04:02:00,NODO 1.20,26.76,100.0,1004.0,3695.0,83.9,-117,-4.8
2026-07-31 04:02:04,NODO 1.10,26.09,100.0,1004.0,3915.0,85.9,-115,0.8
2026-07-31 04:02:33,NODO 1.13,26.22,100.0,1003.0,4077.0,86.3,-113,5.8
2026-07-31 04:03:20,NODO 1.23,25.82,100.0,1003.0,3871.0,86.8,-119,-3.0
2026-07-31 04:04:29,NODO 1.54,25.57,79.75,1001.0,3998.0,88.1,-107,6.0
2026-07-31 04:04:30,NODO 1.54,25.58,79.78,1001.0,3994.0,91.0,-119,-8.2
2026-07-31 04:05:10,NODO 1.04,26.38,100.0,1003.0,3900.0,90.9,-91,9.2
2026-07-31 04:05:58,NODO 1.43,25.14,88.65,1003.0,4018.0,90.3,-120,-5.2
2026-07-31 04:06:03,NODO 1.49,25.83,79.77,1001.0,3700.0,88.6,-108,6.8
2026-07-31 04:06:05,NODO 1.24,25.54,100.0,1003.0,4067.0,89.3,-101,6.8
2026-07-31 04:06:28,NODO 1.05,25.88,100.0,1003.0,4008.0,89.4,-102,1.2
2026-07-31 04:06:50,NODO 1.58,26.76,88.28,1004.0,3842.0,88.8,-117,-3.8
2026-07-31 04:06:59,NODO 1.27,25.41,87.9,1001.0,4028.0,89.0,-118,-0.8
2026-07-31 04:07:32,NODO 1.48,25.89,90.79,1005.0,3861.0,90.6,-106,5.0
2026-07-31 04:08:01,NODO 1.03,26.04,100.0,1003.0,3577.0,85.7,-101,7.8
2026-07-31 04:09:21,NODO 1.41,25.54,73.44,1004.0,3998.0,85.6,-100,9.2
2026-07-31 04:09:41,NODO 1.21,26.24,91.84,1003.0,3592.0,82.2,-114,-8.2
2026-07-31 04:11:38,NODO 1.02,26.4,91.83,1003.0,3783.0,75.5,-93,9.2
2026-07-31 04:11:42,NODO 1.19,25.06,66.15,1003.0,3793.0,72.1,-108,4.8
2026-07-31 04:11:55,NODO 1.33,25.57,80.52,1003.0,4028.0,84.2,-97,11.8
2026-07-31 04:12:01,NODO 1.39,25.14,69.9,1002.0,4106.0,85.5,-103,6.5
2026-07-31 04:12:43,NODO 1.22,26.57,91.49,1003.0,4033.0,89.9,-114,1.8
2026-07-31 04:12:54,NODO 1.29,26.32,100.0,1002.0,3871.0,90.8,-99,9.2
2026-07-31 04:13:48,NODO 1.25,25.43,93.62,1003.0,4062.0,93.5,-95,9.5
2026-07-31 04:13:52,NODO 1.06,25.6,100.0,1003.0,3886.0,92.1,-100,10.5
2026-07-31 04:14:03,NODO 1.34,24.84,82.68,1001.0,4028.0,91.3,-69,10.2
2026-07-31 04:14:56,NODO 1.38,26.36,80.75,1004.0,3871.0,89.7,-118,-6.5
2026-07-31 04:16:00,NODO 1.53,25.93,100.0,1003.0,3915.0,90.1,-111,4.2
2026-07-31 04:16:07,NODO 1.59,26.37,85.66,1000.0,3915.0,88.7,-119,-7.0
2026-07-31 04:16:13,NODO 1.30,25.97,98.0,1004.0,3812.0,87.9,-115,-3.5
2026-07-31 04:16:20,NODO 1.09,26.42,100.0,1003.0,4052.0,88.2,-119,-2.2
2026-07-31 04:16:39,NODO 1.08,26.28,100.0,1002.0,3753.0,87.0,-117,0.5
2026-07-31 04:16:39,NODO 1.17,25.83,94.79,1002.0,3891.0,86.7,-112,4.5
2026-07-31 04:16:45,NODO 1.42,25.3,73.53,1003.0,4013.0,87.7,-108,7.8
2026-07-31 04:17:35,NODO 1.35,25.07,91.62,1003.0,4028.0,89.9,-109,-3.2
2026-07-31 04:17:52,NODO 1.44,25.19,84.12,1003.0,4057.0,89.9,-99,9.2
2026-07-31 04:19:19,NODO 1.01,26.27,100.0,1003.0,3783.0,90.2,-111,5.2
2026-07-31 04:19:19,NODO 1.18,26.28,99.81,1003.0,2871.0,72.6,-99,8.8
2026-07-31 04:20:05,NODO 1.31,26.1,100.0,1004.0,3734.0,39.7,-117,-0.2
2026-07-31 04:22:07,NODO 1.28,26.44,100.0,1003.0,3793.0,19.8,-108,6.8
2026-07-31 04:22:19,NODO 1.12,26.12,100.0,1004.0,3822.0,15.1,-119,-6.2
2026-07-31 04:22:26,NODO 1.37,25.07,76.66,1003.0,4038.0,20.5,-113,4.8
2026-07-31 04:23:09,NODO 1.32,26.32,100.0,1002.0,3704.0,82.7,-104,2.5
2026-07-31 04:24:17,NODO 1.51,26.32,100.0,1003.0,3886.0,84.9,-96,9.8
2026-07-31 04:26:39,NODO 1.52,26.04,84.74,1003.0,3925.0,86.2,-119,-1.8
2026-07-31 04:27:17,NODO 1.46,25.25,94.6,1002.0,4047.0,88.5,-115,2.5
2026-07-31 04:28:01,NODO 1.56,25.66,84.19,1002.0,3695.0,85.1,-108,5.8
2026-07-31 04:28:58,NODO 1.50,25.17,82.98,1005.0,4082.0,88.8,-115,1.2
2026-07-31 04:30:09,NODO 1.15,25.62,100.0,1003.0,3847.0,88.5,-106,5.8
2026-07-31 04:30:26,NODO 1.40,25.43,80.59,1002.0,4092.0,90.1,-117,1.0
2026-07-31 04:30:28,NODO 1.14,26.34,100.0,1003.0,3891.0,88.6,-83,9.2
2026-07-31 04:30:44,NODO 1.57,26.08,85.49,1001.0,3749.0,89.1,-119,-5.0
2026-07-31 04:31:02,NODO 1.45,25.41,78.8,1003.0,4033.0,88.6,-89,9.0
2026-07-31 04:31:11,NODO 1.36,26.18,100.0,1000.0,3827.0,88.4,-114,-8.8
2026-07-31 04:31:22,NODO 1.60,26.21,87.69,1003.0,3871.0,86.2,-121,-7.0
2026-07-31 04:31:50,NODO 1.20,26.64,100.0,1004.0,3695.0,83.9,-82,9.8
2026-07-31 04:31:56,NODO 1.10,25.96,100.0,1003.0,3915.0,85.9,-108,7.0
2026-07-31 04:32:24,NODO 1.13,26.14,100.0,1003.0,4077.0,86.3,-102,8.5
2026-07-31 04:33:13,NODO 1.23,25.73,100.0,1002.0,3871.0,86.8,-121,-3.8
2026-07-31 04:34:20,NODO 1.54,25.5,80.97,1001.0,3994.0,88.0,-113,3.2
2026-07-31 04:35:02,NODO 1.04,26.34,100.0,1002.0,3891.0,90.0,-91,10.0
2026-07-31 04:35:50,NODO 1.43,25.07,88.43,1003.0,4028.0,91.1,-106,-7.5
2026-07-31 04:35:51,NODO 1.49,25.72,80.31,1001.0,3700.0,87.3,-108,5.8
2026-07-31 04:36:00,NODO 1.24,26.29,100.0,1003.0,4067.0,89.3,-119,-7.0
2026-07-31 04:36:20,NODO 1.05,25.87,100.0,1003.0,3998.0,89.3,-102,8.8
2026-07-31 04:36:46,NODO 1.58,26.59,89.2,1003.0,3842.0,88.8,-120,-5.8
2026-07-31 04:36:52,NODO 1.27,25.29,88.05,1000.0,4018.0,88.8,-107,7.8
2026-07-31 04:37:25,NODO 1.48,25.86,91.03,1004.0,3881.0,90.6,-114,-1.2
2026-07-31 04:37:54,NODO 1.03,26.13,100.0,1003.0,3582.0,85.7,-105,8.2
2026-07-31 04:39:08,NODO 1.41,25.46,72.27,1003.0,3998.0,85.7,-116,-1.5
2026-07-31 04:39:34,NODO 1.21,26.13,91.92,1003.0,3597.0,82.5,-109,0.8
2026-07-31 04:41:32,NODO 1.02,26.41,92.23,1002.0,3778.0,76.8,-101,8.5
2026-07-31 04:41:35,NODO 1.19,25.02,67.82,1003.0,3807.0,73.1,-109,5.2
2026-07-31 04:41:49,NODO 1.33,25.55,85.04,1003.0,4028.0,84.4,-97,12.5
2026-07-31 04:41:57,NODO 1.39,25.22,70.39,1002.0,4106.0,85.7,-103,7.8
2026-07-31 04:42:36,NODO 1.22,26.62,92.31,1003.0,4033.0,90.0,-94,8.5
2026-07-31 04:42:46,NODO 1.29,26.3,100.0,1002.0,3871.0,91.0,-114,3.0
2026-07-31 04:43:39,NODO 1.25,25.52,94.78,1003.0,4062.0,93.5,-100,8.5
2026-07-31 04:43:45,NODO 1.06,25.64,100.0,1003.0,3886.0,92.1,-105,11.0
2026-07-31 04:43:52,NODO 1.34,25.0,85.35,1001.0,4052.0,91.5,-69,10.0
2026-07-31 04:44:47,NODO 1.38,26.31,81.07,1004.0,3871.0,89.9,-117,-8.0
2026-07-31 04:45:53,NODO 1.53,25.84,100.0,1002.0,3915.0,90.4,-101,9.8
2026-07-31 04:46:00,NODO 1.59,26.37,85.52,1000.0,3915.0,88.9,-119,-4.8
2026-07-31 04:46:03,NODO 1.30,25.91,98.24,1004.0,3812.0,88.2,-119,-13.0
2026-07-31 04:46:13,NODO 1.09,26.35,100.0,1003.0,4047.0,88.1,-94,10.2
2026-07-31 04:46:30,NODO 1.17,25.85,97.06,1002.0,3891.0,88.3,-103,7.8
2026-07-31 04:46:34,NODO 1.08,26.29,100.0,1002.0,3753.0,86.7,-102,8.8
2026-07-31 04:46:37,NODO 1.42,25.4,75.64,1003.0,4018.0,87.7,-119,-4.8
2026-07-31 04:47:26,NODO 1.35,25.1,94.4,1003.0,4028.0,89.9,-107,5.5
2026-07-31 04:47:44,NODO 1.44,25.27,87.5,1003.0,4062.0,90.0,-97,9.8
2026-07-31 04:49:12,NODO 1.01,26.28,100.0,1003.0,3783.0,88.9,-107,6.5
2026-07-31 04:49:13,NODO 1.18,26.28,100.0,1002.0,2876.0,73.4,-97,9.0
2026-07-31 04:49:57,NODO 1.31,26.14,100.0,1004.0,3734.0,41.1,-115,-0.5
2026-07-31 04:51:58,NODO 1.28,26.52,100.0,1003.0,3793.0,20.0,-111,5.0
2026-07-31 04:52:13,NODO 1.12,26.23,99.91,1003.0,3822.0,15.2,-90,10.5
2026-07-31 04:52:17,NODO 1.37,24.99,77.65,1003.0,4038.0,20.9,-113,4.0
2026-07-31 04:53:03,NODO 1.32,26.32,100.0,1002.0,3704.0,82.7,-99,9.5
2026-07-31 04:53:05,NODO 1.26,26.37,100.0,1003.0,3998.0,86.0,-101,9.8
2026-07-31 04:54:09,NODO 1.51,26.32,100.0,1003.0,3886.0,87.0,-113,-1.5
2026-07-31 04:56:32,NODO 1.52,26.08,83.59,1003.0,3930.0,88.1,-115,-3.5
2026-07-31 04:57:10,NODO 1.46,25.38,92.94,1002.0,4047.0,88.2,-91,7.8
2026-07-31 04:57:52,NODO 1.56,25.63,83.9,1002.0,3695.0,88.1,-109,6.5
2026-07-31 04:58:50,NODO 1.50,25.09,83.0,1005.0,4082.0,88.9,-114,0.2
2026-07-31 05:00:04,NODO 1.15,25.7,100.0,1003.0,3851.0,88.5,-103,8.8
2026-07-31 05:00:14,NODO 1.40,25.48,81.21,1002.0,4092.0,90.2,-96,9.2
2026-07-31 05:00:19,NODO 1.14,26.27,100.0,1003.0,3886.0,88.6,-83,10.2
2026-07-31 05:00:37,NODO 1.57,26.07,84.92,1001.0,3753.0,89.1,-119,-11.2
2026-07-31 05:00:52,NODO 1.45,25.41,77.57,1003.0,4028.0,88.6,-94,7.5
2026-07-31 05:01:07,NODO 1.36,26.17,100.0,1000.0,3827.0,88.4,-114,1.8
2026-07-31 05:01:16,NODO 1.60,26.28,86.37,1003.0,3871.0,86.2,-103,8.8
2026-07-31 05:01:43,NODO 1.20,26.7,100.0,1004.0,3695.0,83.9,-116,0.2
2026-07-31 05:01:48,NODO 1.10,25.98,100.0,1003.0,3915.0,85.9,-87,9.5
2026-07-31 05:02:17,NODO 1.13,26.19,100.0,1002.0,4067.0,86.2,-107,5.8
2026-07-31 05:03:05,NODO 1.23,25.74,100.0,1002.0,3871.0,86.7,-111,5.5
2026-07-31 05:04:13,NODO 1.54,25.52,80.48,1001.0,3994.0,87.9,-118,-6.2
2026-07-31 05:04:54,NODO 1.04,26.31,100.0,1002.0,3896.0,89.9,-118,-5.0
2026-07-31 05:05:43,NODO 1.43,25.14,89.9,1003.0,4028.0,91.1,-114,3.0
2026-07-31 05:05:45,NODO 1.49,25.68,80.38,1001.0,3695.0,87.3,-112,-2.0
2026-07-31 05:05:53,NODO 1.24,26.04,100.0,1002.0,4077.0,89.4,-84,10.8
2026-07-31 05:06:12,NODO 1.05,25.84,100.0,1003.0,3998.0,89.4,-116,-2.5
2026-07-31 05:06:38,NODO 1.58,26.54,89.53,1003.0,3842.0,88.9,-112,3.5
2026-07-31 05:06:46,NODO 1.27,25.38,88.83,1000.0,4018.0,88.8,-105,7.8
2026-07-31 05:07:17,NODO 1.48,25.92,92.11,1004.0,3861.0,90.5,-117,0.2
2026-07-31 05:07:46,NODO 1.03,26.12,100.0,1003.0,3582.0,85.5,-113,5.0
2026-07-31 05:08:56,NODO 1.41,25.51,75.38,1003.0,3998.0,85.5,-107,8.2
2026-07-31 05:09:26,NODO 1.21,26.1,92.24,1003.0,3597.0,82.2,-120,-10.2
2026-07-31 05:11:20,NODO 1.02,26.38,92.45,1002.0,3783.0,76.0,-100,7.8
2026-07-31 05:11:30,NODO 1.19,24.96,67.36,1003.0,3793.0,72.6,-88,11.2
2026-07-31 05:11:44,NODO 1.33,25.51,82.53,1003.0,4028.0,84.3,-87,11.8
2026-07-31 05:11:51,NODO 1.39,25.29,70.89,1002.0,4106.0,85.6,-96,8.5
2026-07-31 05:12:29,NODO 1.22,26.62,92.14,1003.0,4033.0,89.9,-97,6.8
2026-07-31 05:12:37,NODO 1.29,26.26,100.0,1002.0,3871.0,90.8,-90,9.5
2026-07-31 05:12:39,NODO 1.29,26.27,100.0,1002.0,3881.0,91.7,-113,2.2
2026-07-31 05:13:29,NODO 1.25,25.53,94.23,1003.0,4057.0,92.0,-101,8.5
2026-07-31 05:13:38,NODO 1.06,25.64,100.0,1003.0,3891.0,89.8,-95,12.8
2026-07-31 05:13:44,NODO 1.34,25.1,84.28,1001.0,4038.0,89.9,-68,9.8
2026-07-31 05:14:39,NODO 1.38,26.31,81.0,1004.0,3871.0,89.9,-117,-5.2
2026-07-31 05:15:45,NODO 1.59,26.29,85.3,1000.0,3915.0,90.2,-113,-1.2
2026-07-31 05:15:47,NODO 1.53,25.79,100.0,1002.0,3915.0,88.8,-105,7.0
2026-07-31 05:15:53,NODO 1.30,25.88,98.55,1004.0,3812.0,88.0,-119,-8.8
2026-07-31 05:16:05,NODO 1.09,26.36,100.0,1003.0,4047.0,88.1,-118,-2.5
2026-07-31 05:16:21,NODO 1.17,25.83,97.29,1002.0,3891.0,88.3,-103,7.5
2026-07-31 05:16:27,NODO 1.08,26.26,100.0,1002.0,3753.0,86.7,-118,-5.8
2026-07-31 05:16:29,NODO 1.42,25.33,75.77,1003.0,4018.0,87.7,-113,-2.8
2026-07-31 05:17:17,NODO 1.35,25.04,96.03,1003.0,4028.0,89.9,-89,10.2
2026-07-31 05:17:37,NODO 1.44,25.26,87.36,1003.0,4052.0,89.9,-105,7.8
2026-07-31 05:19:05,NODO 1.01,26.27,100.0,1003.0,3783.0,88.8,-108,5.5
2026-07-31 05:19:05,NODO 1.18,26.27,100.0,1002.0,2862.0,72.1,-100,9.5
2026-07-31 05:19:47,NODO 1.31,26.12,100.0,1004.0,3739.0,38.5,-93,10.0
2026-07-31 05:21:51,NODO 1.28,26.48,100.0,1003.0,3793.0,19.6,-120,-6.8
2026-07-31 05:22:07,NODO 1.12,26.2,98.82,1003.0,3817.0,14.9,-90,9.2
2026-07-31 05:22:08,NODO 1.37,24.98,78.92,1003.0,4038.0,20.0,-118,-3.5
2026-07-31 05:22:58,NODO 1.26,26.39,100.0,1002.0,3998.0,86.3,-100,9.2
2026-07-31 05:24:00,NODO 1.51,26.28,100.0,1003.0,3881.0,87.8,-117,-2.5
2026-07-31 05:26:24,NODO 1.52,26.06,84.08,1003.0,3930.0,89.1,-114,-1.8
2026-07-31 05:27:01,NODO 1.46,25.46,90.61,1002.0,4047.0,91.4,-120,-7.2
2026-07-31 05:27:41,NODO 1.56,25.6,84.58,1002.0,3690.0,88.0,-107,3.0
2026-07-31 05:28:43,NODO 1.50,25.09,81.67,1005.0,4082.0,88.8,-115,-1.0
2026-07-31 05:29:56,NODO 1.15,25.85,100.0,1003.0,3847.0,88.5,-103,8.0
2026-07-31 05:30:07,NODO 1.40,25.39,80.54,1002.0,4092.0,90.1,-97,10.2
2026-07-31 05:30:09,NODO 1.14,26.31,100.0,1003.0,3891.0,88.5,-101,9.0
2026-07-31 05:30:30,NODO 1.57,26.31,82.53,1001.0,3749.0,89.1,-118,-11.5
2026-07-31 05:30:46,NODO 1.45,25.49,76.43,1003.0,4038.0,88.7,-119,-4.5
2026-07-31 05:30:59,NODO 1.36,26.35,100.0,1000.0,3827.0,88.5,-119,-4.5
2026-07-31 05:31:34,NODO 1.20,26.69,100.0,1004.0,3690.0,84.2,-114,3.2
2026-07-31 05:31:40,NODO 1.10,25.95,100.0,1003.0,3920.0,84.6,-87,10.0
2026-07-31 05:32:10,NODO 1.13,26.19,100.0,1003.0,4067.0,87.9,-103,6.8
2026-07-31 05:32:59,NODO 1.23,26.03,100.0,1002.0,3861.0,86.2,-107,5.0
2026-07-31 05:34:06,NODO 1.54,25.84,77.78,1001.0,3994.0,87.8,-118,
2026-07-31 05:34:46,NODO 1.04,26.42,100.0,1002.0,3900.0,89.9,-113,0.5
2026-07-31 05:35:36,NODO 1.49,25.78,81.63,1001.0,3680.0,87.5,-114,2.5
2026-07-31 05:35:36,NODO 1.43,25.25,87.74,1003.0,4018.0,87.0,-113,4.2
2026-07-31 05:35:47,NODO 1.24,26.74,98.77,1003.0,4067.0,89.1,-82,10.0
2026-07-31 05:36:03,NODO 1.05,26.1,100.0,1003.0,3998.0,89.1,-107,7.5
2026-07-31 05:36:30,NODO 1.58,26.81,88.55,1003.0,3842.0,88.5,-119,-1.2
2026-07-31 05:36:40,NODO 1.27,25.26,89.0,1000.0,4018.0,91.9,-111,5.5
2026-07-31 05:37:12,NODO 1.48,25.99,90.54,1004.0,3871.0,90.5,-118,-4.8
2026-07-31 05:37:39,NODO 1.03,26.38,100.0,1003.0,3582.0,85.6,-109,8.0
2026-07-31 05:38:45,NODO 1.41,25.74,74.02,1003.0,3998.0,85.6,-118,-5.2
2026-07-31 05:39:18,NODO 1.21,26.6,86.89,1003.0,3592.0,82.3,-108,8.0
2026-07-31 05:41:15,NODO 1.02,26.54,90.44,1002.0,3783.0,76.3,-93,9.5
2026-07-31 05:41:24,NODO 1.19,25.07,71.3,1003.0,3798.0,72.6,-87,12.0
2026-07-31 05:41:35,NODO 1.33,25.64,83.85,1003.0,4028.0,84.3,-78,9.8
2026-07-31 05:41:45,NODO 1.39,25.24,71.77,1002.0,4106.0,85.6,-99,9.5
2026-07-31 05:42:24,NODO 1.22,26.78,89.47,1003.0,4033.0,90.0,-116,-2.2
2026-07-31 05:42:29,NODO 1.29,26.38,100.0,1002.0,3871.0,90.9,-111,5.5
2026-07-31 05:43:18,NODO 1.25,25.78,91.23,1003.0,4062.0,93.5,-105,8.2
2026-07-31 05:43:30,NODO 1.06,25.92,100.0,1003.0,3886.0,92.1,-95,11.8
2026-07-31 05:43:34,NODO 1.34,25.24,82.22,1001.0,4028.0,91.3,-113,6.2
2026-07-31 05:44:31,NODO 1.38,26.48,81.69,1004.0,3871.0,89.7,-112,2.0
2026-07-31 05:45:36,NODO 1.59,26.51,82.78,1000.0,3915.0,90.1,-120,-9.0
2026-07-31 05:45:42,NODO 1.53,25.81,100.0,1002.0,3915.0,88.7,-107,8.0
2026-07-31 05:45:44,NODO 1.30,25.97,98.95,1004.0,3812.0,87.9,-113,-6.5
2026-07-31 05:45:55,NODO 1.09,26.48,98.32,1003.0,4047.0,88.1,-84,10.2
2026-07-31 05:46:12,NODO 1.17,25.98,94.17,1002.0,3896.0,88.3,-112,6.2
2026-07-31 05:46:20,NODO 1.42,25.8,74.1,1003.0,4013.0,89.3,-107,7.8
2026-07-31 05:46:22,NODO 1.08,26.44,100.0,1002.0,3753.0,87.7,-109,5.0
2026-07-31 05:47:09,NODO 1.35,25.03,97.41,1003.0,4028.0,89.9,-99,9.2
2026-07-31 05:47:29,NODO 1.44,25.52,89.76,1003.0,4057.0,90.0,-96,6.5
2026-07-31 05:48:57,NODO 1.01,26.34,100.0,1003.0,3783.0,88.8,-120,-9.0
2026-07-31 05:48:59,NODO 1.18,26.52,100.0,1002.0,2852.0,39.7,-99,6.5
2026-07-31 05:49:37,NODO 1.31,26.18,99.97,1004.0,3734.0,37.2,-89,10.0
2026-07-31 05:51:46,NODO 1.28,26.58,100.0,1003.0,3793.0,19.4,-106,6.5
2026-07-31 05:52:02,NODO 1.12,26.48,95.92,1003.0,3817.0,14.8,-91,9.8
2026-07-31 05:52:03,NODO 1.37,25.23,78.36,1003.0,4038.0,19.7,-116,-0.5
2026-07-31 05:52:51,NODO 1.32,26.42,100.0,1002.0,3704.0,82.7,-117,-7.0
2026-07-31 05:52:52,NODO 1.26,26.58,100.0,1003.0,3998.0,86.0,-109,4.0
2026-07-31 05:53:54,NODO 1.51,26.28,100.0,1003.0,3886.0,86.9,-115,0.5
2026-07-31 05:56:17,NODO 1.52,26.28,83.09,1003.0,3930.0,88.1,-117,-3.8
2026-07-31 05:56:53,NODO 1.46,25.81,88.38,1002.0,4038.0,88.1,-86,8.5
2026-07-31 05:57:36,NODO 1.56,25.58,84.19,1002.0,3690.0,87.9,-108,5.8
2026-07-31 05:59:49,NODO 1.15,26.07,100.0,1003.0,3847.0,86.4,-112,6.0
2026-07-31 05:59:57,NODO 1.40,25.26,81.25,1002.0,4092.0,88.5,-118,-1.2
2026-07-31 06:00:02,NODO 1.14,26.44,100.0,1003.0,3886.0,88.0,-119,-7.0
2026-07-31 06:00:27,NODO 1.57,26.51,82.3,1001.0,3749.0,85.1,-119,-14.5
2026-07-31 06:00:41,NODO 1.45,25.89,74.61,1003.0,4033.0,88.6,-102,9.0
2026-07-31 06:00:53,NODO 1.36,26.53,100.0,1000.0,3827.0,88.4,-118,-7.8
2026-07-31 06:01:06,NODO 1.60,26.61,83.84,1003.0,3871.0,86.2,-118,-9.0
2026-07-31 06:01:25,NODO 1.20,26.86,100.0,1004.0,3695.0,83.9,-85,9.8
2026-07-31 06:01:30,NODO 1.10,26.34,98.61,1003.0,3920.0,86.0,-108,5.8
2026-07-31 06:02:03,NODO 1.13,26.16,100.0,1003.0,4067.0,86.3,-112,3.2
2026-07-31 06:02:53,NODO 1.23,26.16,100.0,1002.0,3871.0,86.7,-118,-2.2
2026-07-31 06:03:59,NODO 1.54,26.01,76.21,1001.0,3984.0,87.9,-33,7.5
2026-07-31 06:04:38,NODO 1.04,26.69,100.0,1002.0,3900.0,89.9,-106,7.8
2026-07-31 06:05:27,NODO 1.43,25.25,87.0,1003.0,4018.0,90.9,-111,5.5
2026-07-31 06:05:34,NODO 1.49,25.94,81.04,1001.0,3695.0,87.2,-113,2.2
2026-07-31 06:05:34,NODO 1.43,25.26,86.98,1003.0,4018.0,88.7,-101,8.8
2026-07-31 06:05:41,NODO 1.24,26.55,98.7,1003.0,4067.0,89.5,-119,-6.5
2026-07-31 06:05:55,NODO 1.05,26.4,100.0,1003.0,4008.0,90.6,-105,9.5
2026-07-31 06:06:24,NODO 1.58,26.99,88.56,1003.0,3847.0,88.8,-119,-5.2
2026-07-31 06:06:33,NODO 1.27,25.14,88.78,1000.0,4013.0,92.0,-108,7.2
2026-07-31 06:07:05,NODO 1.48,25.96,90.18,1004.0,3861.0,90.5,-115,-2.2
2026-07-31 06:07:33,NODO 1.03,26.45,100.0,1003.0,3587.0,85.7,-108,5.2
2026-07-31 06:08:33,NODO 1.41,25.97,72.52,1003.0,3998.0,85.6,-100,6.8
2026-07-31 06:09:10,NODO 1.21,26.67,85.8,1003.0,3597.0,82.2,-108,7.0
2026-07-31 06:11:10,NODO 1.02,26.69,89.35,1002.0,3778.0,76.0,-108,5.5
2026-07-31 06:11:16,NODO 1.19,25.3,69.14,1003.0,3788.0,72.4,-89,10.5
2026-07-31 06:11:29,NODO 1.33,25.85,81.95,1003.0,4028.0,84.1,-84,8.8
2026-07-31 06:11:40,NODO 1.39,25.16,70.07,1002.0,4101.0,85.4,-101,8.0
2026-07-31 06:12:14,NODO 1.22,26.83,88.7,1003.0,4033.0,89.8,-99,7.2
2026-07-31 06:12:22,NODO 1.29,26.51,100.0,1002.0,3871.0,90.7,-118,-4.2
2026-07-31 06:13:09,NODO 1.25,25.75,90.78,1003.0,4057.0,93.4,-91,10.8
2026-07-31 06:13:10,NODO 1.25,25.76,90.73,1003.0,4057.0,93.7,-102,9.2
2026-07-31 06:13:21,NODO 1.06,26.16,100.0,1003.0,3886.0,91.5,-105,11.5
2026-07-31 06:13:25,NODO 1.34,25.13,80.44,1001.0,4028.0,91.5,-69,6.8
2026-07-31 06:14:24,NODO 1.38,26.6,81.15,1004.0,3871.0,91.5,-120,-5.5
2026-07-31 06:15:31,NODO 1.59,26.6,81.46,1000.0,3915.0,90.1,-119,-10.0
2026-07-31 06:15:35,NODO 1.30,26.03,98.74,1004.0,3817.0,87.7,-119,-10.2
2026-07-31 06:15:36,NODO 1.53,25.82,100.0,1002.0,3915.0,88.0,-100,8.8
2026-07-31 06:15:47,NODO 1.09,26.47,96.99,1003.0,4047.0,88.2,-90,10.8
2026-07-31 06:16:04,NODO 1.17,25.96,93.7,1002.0,3900.0,88.4,-97,8.5
2026-07-31 06:16:14,NODO 1.42,25.96,73.16,1003.0,4018.0,89.5,-111,-4.0
2026-07-31 06:16:17,NODO 1.08,26.52,100.0,1002.0,3753.0,88.8,-117,-8.0
2026-07-31 06:17:01,NODO 1.35,24.93,95.04,1003.0,4028.0,90.0,-120,-9.2
2026-07-31 06:17:21,NODO 1.44,25.68,86.53,1003.0,4057.0,90.1,-91,9.5
2026-07-31 06:18:51,NODO 1.01,26.35,100.0,1003.0,3783.0,88.9,-111,5.2
2026-07-31 06:18:53,NODO 1.18,26.55,100.0,1002.0,2852.0,39.7,-100,9.2
2026-07-31 06:19:29,NODO 1.31,26.27,99.16,1004.0,3734.0,37.2,-88,9.5
2026-07-31 06:21:38,NODO 1.28,26.67,100.0,1003.0,3798.0,19.5,-113,3.5
2026-07-31 06:21:54,NODO 1.37,25.26,77.05,1003.0,4038.0,19.1,-117,-2.5
2026-07-31 06:21:57,NODO 1.12,26.51,94.15,1004.0,3822.0,19.9,-91,9.2
2026-07-31 06:22:44,NODO 1.26,26.61,99.49,1003.0,4008.0,86.5,-99,8.5
2026-07-31 06:22:45,NODO 1.32,26.44,100.0,1002.0,3704.0,86.2,-104,6.8
2026-07-31 06:23:45,NODO 1.51,26.31,100.0,1003.0,3886.0,87.1,-94,9.2
2026-07-31 06:26:10,NODO 1.52,26.29,82.94,1003.0,3930.0,86.0,-120,-6.5
2026-07-31 06:26:45,NODO 1.46,25.87,87.22,1002.0,4047.0,88.2,-117,-0.8
2026-07-31 06:27:30,NODO 1.56,25.49,83.39,1002.0,3695.0,85.1,-104,7.5
2026-07-31 06:29:41,NODO 1.15,26.24,100.0,1004.0,3847.0,86.5,-109,4.2
2026-07-31 06:29:49,NODO 1.40,25.18,79.79,1002.0,4092.0,88.6,-94,7.5
2026-07-31 06:29:54,NODO 1.14,26.45,100.0,1003.0,3886.0,88.2,-83,7.8
2026-07-31 06:30:14,NODO 1.57,26.52,81.64,1002.0,3749.0,85.2,-120,-12.2
2026-07-31 06:30:35,NODO 1.45,26.03,73.39,1003.0,4028.0,88.5,-89,9.2
2026-07-31 06:30:44,NODO 1.36,26.44,100.0,1000.0,3822.0,88.3,-117,-0.8
2026-07-31 06:30:58,NODO 1.60,26.49,84.1,1003.0,3871.0,86.1,-119,-5.5
2026-07-31 06:31:19,NODO 1.20,26.87,100.0,1004.0,3695.0,83.8,-114,4.0
2026-07-31 06:31:28,NODO 1.10,26.29,96.89,1003.0,3920.0,85.9,-117,1.2
2026-07-31 06:31:57,NODO 1.13,26.15,100.0,1003.0,4067.0,86.2,-105,6.5
2026-07-31 06:32:46,NODO 1.23,25.99,100.0,1003.0,3871.0,86.7,-105,8.2
2026-07-31 06:33:53,NODO 1.54,26.57,74.13,1001.0,3994.0,88.0,-111,5.5
2026-07-31 06:34:29,NODO 1.04,26.76,100.0,1003.0,3896.0,90.0,-107,6.8
2026-07-31 06:35:20,NODO 1.43,25.18,86.56,1003.0,4018.0,91.0,-121,-6.2
2026-07-31 06:35:20,NODO 1.49,25.98,80.79,1001.0,3695.0,87.2,-107,7.0
2026-07-31 06:35:36,NODO 1.24,25.69,100.0,1003.0,4077.0,89.3,-81,9.8
2026-07-31 06:35:46,NODO 1.05,26.24,100.0,1003.0,3998.0,89.3,-103,6.8
2026-07-31 06:36:17,NODO 1.58,27.06,88.56,1004.0,3847.0,88.8,-115,-3.5
2026-07-31 06:36:25,NODO 1.27,25.31,89.85,1001.0,4013.0,88.8,-103,8.8
2026-07-31 06:36:58,NODO 1.48,25.89,90.12,1004.0,3881.0,90.7,-102,2.8
2026-07-31 06:37:24,NODO 1.03,26.38,100.0,1003.0,3582.0,85.7,-105,8.2
2026-07-31 06:38:21,NODO 1.41,26.26,71.08,1004.0,3998.0,85.7,-105,7.8
2026-07-31 06:39:05,NODO 1.21,26.74,86.78,1003.0,3597.0,82.4,-112,4.5
2026-07-31 06:41:00,NODO 1.02,26.74,89.26,1003.0,3778.0,76.8,-103,8.5
2026-07-31 06:41:08,NODO 1.19,25.47,68.44,1003.0,3788.0,72.1,-90,11.8
2026-07-31 06:41:21,NODO 1.33,26.28,82.18,1004.0,4028.0,84.1,-83,9.0
2026-07-31 06:41:34,NODO 1.39,25.2,71.04,1002.0,4092.0,85.3,-97,10.8
2026-07-31 06:42:05,NODO 1.22,26.97,89.06,1003.0,4033.0,89.7,-100,9.0
2026-07-31 06:42:15,NODO 1.29,26.52,100.0,1002.0,3871.0,90.6,-96,6.2
2026-07-31 06:42:58,NODO 1.25,25.77,91.51,1004.0,4057.0,93.3,-95,9.5
2026-07-31 06:43:14,NODO 1.06,26.45,100.0,1004.0,3891.0,91.9,-107,10.5
2026-07-31 06:43:18,NODO 1.34,25.27,81.55,1001.0,4018.0,91.2,-113,4.8
2026-07-31 06:44:13,NODO 1.38,26.6,80.57,1004.0,3871.0,89.6,-107,4.0
2026-07-31 06:45:23,NODO 1.59,26.7,80.79,1000.0,3920.0,90.1,-117,-3.5
2026-07-31 06:45:24,NODO 1.30,25.96,98.36,1004.0,3817.0,87.7,-114,1.5
2026-07-31 06:45:28,NODO 1.53,25.8,100.0,1003.0,3915.0,87.9,-103,6.8
2026-07-31 06:45:42,NODO 1.09,26.6,96.46,1003.0,4047.0,88.2,-117,-8.0
2026-07-31 06:45:57,NODO 1.17,26.23,93.86,1003.0,3891.0,88.4,-105,8.0
2026-07-31 06:46:06,NODO 1.42,26.07,72.71,1003.0,4013.0,89.3,-119,-4.2
2026-07-31 06:46:09,NODO 1.08,26.75,100.0,1003.0,3753.0,88.7,-117,
2026-07-31 06:46:53,NODO 1.35,25.23,97.52,1003.0,4028.0,89.8,-95,9.8
2026-07-31 06:47:13,NODO 1.44,25.78,86.13,1004.0,4052.0,89.9,-93,8.8
2026-07-31 06:48:43,NODO 1.18,26.6,100.0,1003.0,2852.0,69.7,-99,10.2
2026-07-31 06:48:46,NODO 1.01,26.4,100.0,1003.0,3793.0,40.4,-118,-3.5
2026-07-31 06:49:20,NODO 1.31,26.28,98.75,1004.0,3734.0,37.9,-94,9.2
2026-07-31 06:51:29,NODO 1.28,26.89,100.0,1004.0,3793.0,19.5,-112,4.2
2026-07-31 06:51:47,NODO 1.37,26.02,81.05,1004.0,4038.0,19.2,-107,6.8
2026-07-31 06:51:52,NODO 1.12,26.49,95.07,1004.0,3822.0,84.0,-119,-7.8
2026-07-31 06:52:35,NODO 1.26,26.63,99.77,1003.0,3998.0,86.3,-99,7.0
2026-07-31 06:52:43,NODO 1.32,26.45,100.0,1003.0,3704.0,86.0,-111,6.2
2026-07-31 06:53:37,NODO 1.51,26.34,100.0,1004.0,3891.0,87.0,-114,-1.0
2026-07-31 06:56:02,NODO 1.52,26.45,82.34,1004.0,3930.0,86.0,-117,-0.8
2026-07-31 06:56:38,NODO 1.46,25.8,87.74,1003.0,4028.0,88.0,-120,-5.2
2026-07-31 06:57:23,NODO 1.56,25.49,83.8,1003.0,3680.0,84.8,-111,3.5
2026-07-31 06:59:34,NODO 1.15,26.37,100.0,1004.0,3847.0,86.3,-105,7.5
2026-07-31 06:59:40,NODO 1.40,25.56,85.22,1003.0,4092.0,88.3,-93,9.8
2026-07-31 06:59:45,NODO 1.14,26.52,100.0,1004.0,3886.0,87.8,-99,8.8
2026-07-31 07:00:07,NODO 1.57,26.33,82.01,1002.0,3749.0,85.0,-117,-14.8
2026-07-31 07:00:28,NODO 1.45,26.22,72.93,1004.0,4028.0,88.5,-119,-2.8
2026-07-31 07:00:38,NODO 1.36,26.26,100.0,1001.0,3822.0,88.3,-119,-0.5
2026-07-31 07:00:51,NODO 1.60,26.58,84.1,1004.0,3871.0,86.1,-113,3.2
2026-07-31 07:01:10,NODO 1.20,26.79,100.0,1005.0,3680.0,83.6,-84,7.0
2026-07-31 07:01:15,NODO 1.10,26.25,99.1,1004.0,3915.0,85.7,-106,7.8
2026-07-31 07:01:49,NODO 1.13,26.43,100.0,1004.0,4067.0,86.0,-106,8.2
2026-07-31 07:02:40,NODO 1.23,26.07,100.0,1003.0,3871.0,86.5,-118,-3.5
2026-07-31 07:03:47,NODO 1.54,28.95,71.72,1002.0,3984.0,87.7,-111,4.8
2026-07-31 07:04:22,NODO 1.04,26.92,99.26,1004.0,3900.0,89.9,-114,4.0
2026-07-31 07:05:10,NODO 1.43,25.52,86.61,1004.0,4018.0,90.9,-113,-5.0
2026-07-31 07:05:11,NODO 1.49,25.88,80.52,1002.0,3690.0,87.1,-109,5.2
2026-07-31 07:05:31,NODO 1.24,26.74,100.0,1004.0,4067.0,89.1,-117,1.5
2026-07-31 07:05:39,NODO 1.05,26.22,100.0,1004.0,3998.0,89.2,-91,9.0
2026-07-31 07:06:09,NODO 1.58,26.98,88.52,1004.0,3847.0,88.7,-120,-7.2
2026-07-31 07:06:20,NODO 1.27,25.81,89.79,1001.0,4018.0,88.7,-115,-2.5
2026-07-31 07:06:53,NODO 1.48,25.82,90.99,1005.0,3861.0,90.4,-103,7.8
2026-07-31 07:07:10,NODO 1.03,26.42,100.0,1004.0,3572.0,85.5,-105,8.0
2026-07-31 07:08:10,NODO 1.41,26.71,70.42,1004.0,3998.0,85.5,-117,-3.0
2026-07-31 07:08:57,NODO 1.21,26.64,88.83,1004.0,3597.0,82.1,-119,-4.2
2026-07-31 07:10:50,NODO 1.02,26.67,90.98,1003.0,3783.0,75.5,-89,7.0
2026-07-31 07:11:01,NODO 1.19,25.7,68.67,1004.0,3788.0,71.9,-90,9.8
2026-07-31 07:11:15,NODO 1.33,27.07,79.49,1004.0,4033.0,84.3,-85,10.0
2026-07-31 07:11:29,NODO 1.39,25.5,70.8,1003.0,4092.0,85.4,-119,-5.0
2026-07-31 07:11:56,NODO 1.22,27.3,89.81,1004.0,4038.0,89.8,-109,6.5
2026-07-31 07:12:06,NODO 1.29,26.48,100.0,1003.0,3871.0,90.7,-114,1.8
2026-07-31 07:12:47,NODO 1.25,26.2,90.09,1004.0,4062.0,93.5,-102,8.5
2026-07-31 07:13:05,NODO 1.06,26.66,100.0,1004.0,3891.0,92.0,-99,8.5
2026-07-31 07:13:09,NODO 1.34,25.73,81.39,1002.0,4028.0,91.4,-93,9.2
2026-07-31 07:14:05,NODO 1.38,26.66,80.29,1005.0,3881.0,89.8,-117,-0.5
2026-07-31 07:15:13,NODO 1.59,26.73,81.97,1001.0,3920.0,90.3,-114,-2.8
2026-07-31 07:15:15,NODO 1.30,0.0,0.0,0.0,3817.0,87.9,-119,-8.2
2026-07-31 07:15:20,NODO 1.53,25.84,100.0,1004.0,3915.0,88.1,-114,2.5
2026-07-31 07:15:35,NODO 1.09,26.91,95.6,1004.0,4018.0,88.0,-82,9.2
2026-07-31 07:15:50,NODO 1.17,26.8,94.51,1004.0,3891.0,88.1,-96,8.2
2026-07-31 07:16:00,NODO 1.42,25.9,72.51,1004.0,4013.0,89.0,-120,-6.2
2026-07-31 07:16:02,NODO 1.08,26.95,100.0,1003.0,3753.0,88.4,-101,10.2
2026-07-31 07:16:45,NODO 1.35,26.33,100.0,1004.0,4047.0,89.7,-91,8.5
2026-07-31 07:17:04,NODO 1.44,26.26,86.92,1005.0,4052.0,90.1,-103,9.0
2026-07-31 07:18:36,NODO 1.18,26.77,100.0,1004.0,2852.0,70.9,-98,9.0
2026-07-31 07:18:39,NODO 1.01,26.51,100.0,1004.0,3793.0,42.9,-119,-4.5
2026-07-31 07:19:12,NODO 1.31,26.36,99.55,1005.0,3734.0,40.4,-95,9.2
2026-07-31 07:21:43,NODO 1.37,27.91,84.8,1005.0,4052.0,41.1,-106,-4.8
2026-07-31 07:21:47,NODO 1.12,26.65,95.76,1005.0,3822.0,20.2,-89,7.2
2026-07-31 07:22:26,NODO 1.26,26.82,100.0,1004.0,3998.0,86.5,-108,6.0
2026-07-31 07:22:31,NODO 1.32,26.44,100.0,1004.0,3704.0,85.6,-119,-8.2
2026-07-31 07:23:29,NODO 1.51,26.58,100.0,1005.0,3881.0,87.1,-93,9.2
2026-07-31 07:25:54,NODO 1.52,26.7,83.17,1004.0,3925.0,85.8,-109,6.0
2026-07-31 07:26:34,NODO 1.46,26.17,87.89,1004.0,4033.0,87.9,-87,10.2
2026-07-31 07:27:18,NODO 1.56,25.58,84.42,1004.0,3690.0,84.8,-119,-4.8
2026-07-31 07:28:09,NODO 1.50,25.72,82.5,1007.0,4087.0,88.7,-108,5.0
2026-07-31 07:29:26,NODO 1.15,27.04,100.0,1005.0,3847.0,88.3,-102,9.5
2026-07-31 07:29:33,NODO 1.40,26.0,82.62,1004.0,4092.0,90.0,-93,9.2
2026-07-31 07:29:37,NODO 1.14,26.79,100.0,1005.0,3886.0,88.5,-99,9.5
2026-07-31 07:30:01,NODO 1.57,26.12,82.81,1003.0,3749.0,89.1,-119,-9.8
2026-07-31 07:30:21,NODO 1.45,26.48,74.47,1005.0,4028.0,88.5,-120,-5.5
2026-07-31 07:30:31,NODO 1.36,26.3,100.0,1002.0,3822.0,88.3,-118,-9.5
2026-07-31 07:30:45,NODO 1.60,26.84,84.09,1005.0,3871.0,86.1,-112,3.8
2026-07-31 07:31:00,NODO 1.20,26.88,100.0,1006.0,3695.0,83.8,-84,9.2
2026-07-31 07:31:09,NODO 1.10,26.53,100.0,1005.0,3915.0,85.8,-117,-4.0
2026-07-31 07:31:46,NODO 1.13,27.55,100.0,1004.0,4067.0,86.2,-108,5.5
2026-07-31 07:32:34,NODO 1.23,26.46,100.0,1004.0,3871.0,86.7,-121,-8.2
2026-07-31 07:33:42,NODO 1.54,34.91,59.05,1002.0,3994.0,87.9,-118,-1.2
2026-07-31 07:34:13,NODO 1.04,27.23,100.0,1004.0,3896.0,89.9,-108,6.8
2026-07-31 07:35:03,NODO 1.49,25.94,81.24,1002.0,3695.0,87.7,-107,7.0
2026-07-31 07:35:04,NODO 1.43,26.57,86.64,1005.0,4028.0,87.3,-101,9.0
2026-07-31 07:35:27,NODO 1.24,28.96,91.8,1004.0,4077.0,89.4,-79,9.8
2026-07-31 07:35:32,NODO 1.05,26.92,100.0,1005.0,3998.0,89.4,-105,9.0
2026-07-31 07:36:03,NODO 1.58,27.12,90.12,1005.0,3842.0,88.9,-102,9.5
2026-07-31 07:36:12,NODO 1.27,26.57,89.67,1002.0,4013.0,92.1,-106,8.0
2026-07-31 07:36:46,NODO 1.48,26.06,92.31,1006.0,3871.0,90.5,-119,-8.0
2026-07-31 07:37:02,NODO 1.03,26.81,100.0,1005.0,3577.0,85.5,-103,9.5
2026-07-31 07:38:00,NODO 1.41,28.76,71.12,1005.0,4077.0,86.3,-114,1.0
2026-07-31 07:38:50,NODO 1.21,26.97,91.89,1005.0,3597.0,83.4,-106,1.8
2026-07-31 07:40:41,NODO 1.02,26.73,92.49,1004.0,3788.0,80.1,-113,4.5
2026-07-31 07:40:54,NODO 1.19,26.4,70.43,1005.0,3788.0,76.4,-89,7.2
2026-07-31 07:41:13,NODO 1.33,32.34,79.88,1005.0,4092.0,85.9,-88,10.5
2026-07-31 07:41:24,NODO 1.39,25.86,70.92,1004.0,4092.0,86.1,-118,-7.5
2026-07-31 07:41:51,NODO 1.22,29.24,85.91,1005.0,4033.0,90.4,-97,8.5
2026-07-31 07:41:57,NODO 1.29,26.53,100.0,1004.0,3871.0,91.3,-102,9.8
2026-07-31 07:42:38,NODO 1.25,27.07,87.6,1005.0,4062.0,94.0,-93,10.2
2026-07-31 07:42:59,NODO 1.06,27.23,100.0,1005.0,3886.0,91.9,-107,10.5
2026-07-31 07:43:02,NODO 1.34,26.63,81.33,1003.0,4028.0,91.3,-95,8.8
2026-07-31 07:43:58,NODO 1.38,27.16,82.31,1006.0,3871.0,89.7,-116,-6.2
2026-07-31 07:45:05,NODO 1.59,27.08,83.2,1002.0,3925.0,90.2,-119,-8.2
2026-07-31 07:45:07,NODO 1.30,0.0,0.0,0.0,3812.0,87.7,-118,-2.5
2026-07-31 07:45:15,NODO 1.53,26.04,100.0,1004.0,3915.0,88.0,-105,8.0
2026-07-31 07:45:35,NODO 1.09,27.45,96.57,1005.0,4038.0,88.1,-119,-2.0
2026-07-31 07:45:43,NODO 1.17,29.04,96.73,1004.0,3900.0,88.4,-105,8.8
2026-07-31 07:45:56,NODO 1.08,28.0,100.0,1004.0,3768.0,86.8,-100,9.2
2026-07-31 07:46:51,NODO 1.35,32.89,77.83,1005.0,4087.0,89.6,-111,-6.5
2026-07-31 07:46:59,NODO 1.44,27.29,86.73,1005.0,4052.0,91.0,-93,9.5
2026-07-31 07:48:30,NODO 1.18,27.31,100.0,1004.0,2832.0,61.9,-101,9.0
2026-07-31 07:48:33,NODO 1.01,26.86,100.0,1005.0,3793.0,47.6,-120,-6.0
2026-07-31 07:49:05,NODO 1.31,26.64,100.0,1006.0,3734.0,43.1,-90,9.8
2026-07-31 07:51:23,NODO 1.28,29.19,93.05,1005.0,3822.0,19.7,-109,3.5
2026-07-31 07:51:38,NODO 1.37,30.99,91.57,1005.0,4052.0,19.7,-109,6.2
2026-07-31 07:51:42,NODO 1.12,27.12,95.68,1005.0,3822.0,84.6,-119,-5.8
2026-07-31 07:52:20,NODO 1.26,27.2,100.0,1004.0,4008.0,86.9,-103,9.0
2026-07-31 07:52:25,NODO 1.32,26.57,100.0,1004.0,3704.0,86.6,-109,5.5
2026-07-31 07:53:23,NODO 1.51,26.91,100.0,1005.0,3891.0,87.3,-97,8.8
2026-07-31 07:55:48,NODO 1.52,27.4,83.35,1005.0,3935.0,86.1,-107,-4.0
2026-07-31 07:56:27,NODO 1.46,28.53,87.04,1004.0,4028.0,88.2,-119,-7.8
2026-07-31 07:57:12,NODO 1.56,25.77,85.08,1004.0,3695.0,85.0,-111,5.8
2026-07-31 07:59:20,NODO 1.15,28.06,100.0,1005.0,3851.0,86.5,-99,10.0
2026-07-31 07:59:26,NODO 1.40,26.59,85.58,1004.0,4092.0,88.5,-95,9.2
2026-07-31 07:59:28,NODO 1.14,27.63,100.0,1005.0,3891.0,88.1,-83,9.8
2026-07-31 07:59:55,NODO 1.57,26.2,84.14,1003.0,3749.0,85.3,-119,-10.5
2026-07-31 08:00:15,NODO 1.45,27.2,73.17,1005.0,4038.0,88.7,-99,10.5
2026-07-31 08:00:23,NODO 1.36,26.52,100.0,1002.0,3822.0,88.4,-114,-3.5
2026-07-31 08:00:37,NODO 1.60,27.34,83.9,1005.0,3871.0,86.2,-119,-6.2
2026-07-31 08:00:51,NODO 1.20,27.16,100.0,1006.0,3695.0,83.9,-120,-4.0
2026-07-31 08:01:02,NODO 1.10,27.07,99.73,1005.0,3915.0,85.9,-85,9.5
2026-07-31 08:01:42,NODO 1.13,31.41,100.0,1004.0,4067.0,86.2,-111,6.5
2026-07-31 08:02:28,NODO 1.23,27.33,100.0,1004.0,3871.0,86.7,-111,5.5
2026-07-31 08:03:38,NODO 1.54,38.65,47.69,1002.0,3994.0,87.9,-111,4.8
2026-07-31 08:04:07,NODO 1.04,28.12,100.0,1004.0,3900.0,90.0,-114,-0.5
2026-07-31 08:04:58,NODO 1.49,26.31,82.28,1003.0,3680.0,87.6,-108,7.0
2026-07-31 08:05:02,NODO 1.43,29.31,77.64,1005.0,4028.0,87.2,-108,-0.5
2026-07-31 08:05:24,NODO 1.24,29.56,85.03,1005.0,4077.0,89.3,-83,9.5
2026-07-31 08:05:24,NODO 1.05,28.2,100.0,1005.0,3998.0,89.3,-94,8.8
2026-07-31 08:05:56,NODO 1.58,27.52,89.41,1005.0,3842.0,88.8,-92,9.5
2026-07-31 08:06:06,NODO 1.27,28.47,91.36,1002.0,4018.0,92.1,-106,6.8
2026-07-31 08:06:39,NODO 1.48,26.39,93.02,1006.0,3871.0,90.6,-103,8.2
2026-07-31 08:06:53,NODO 1.03,27.51,100.0,1005.0,3582.0,85.6,-109,5.5
2026-07-31 08:07:56,NODO 1.41,33.58,63.37,1005.0,4092.0,86.5,-115,2.5
2026-07-31 08:08:44,NODO 1.21,27.55,91.58,1005.0,3597.0,83.7,-118,-10.8
2026-07-31 08:10:32,NODO 1.02,27.1,92.25,1004.0,3778.0,80.3,-91,9.5
2026-07-31 08:10:47,NODO 1.19,27.34,69.84,1005.0,3793.0,77.1,-115,
2026-07-31 08:11:15,NODO 1.33,41.53,56.37,1005.0,4101.0,86.1,-87,9.2
2026-07-31 08:11:21,NODO 1.39,26.61,71.68,1004.0,4101.0,86.2,-101,6.5
2026-07-31 08:11:45,NODO 1.22,31.07,78.19,1005.0,4038.0,90.6,-96,9.5
2026-07-31 08:11:49,NODO 1.29,26.82,100.0,1004.0,3871.0,91.5,-113,4.5
2026-07-31 08:12:37,NODO 1.25,31.2,79.31,1005.0,4067.0,94.3,-105,7.5
2026-07-31 08:12:55,NODO 1.34,28.04,76.72,1003.0,4052.0,93.8,-72,10.0
2026-07-31 08:12:56,NODO 1.06,30.0,92.03,1005.0,3891.0,91.7,-103,10.8
2026-07-31 08:13:51,NODO 1.38,27.69,82.55,1006.0,3871.0,90.0,-120,-6.5
2026-07-31 08:14:54,NODO 1.59,27.7,81.2,1002.0,3920.0,90.5,-118,-5.8
2026-07-31 08:14:59,NODO 1.30,0.0,0.0,0.0,3822.0,88.1,-108,-12.0
2026-07-31 08:15:08,NODO 1.53,26.43,100.0,1005.0,3915.0,86.7,-105,8.8
2026-07-31 08:15:21,NODO 1.09,28.33,92.96,1005.0,4047.0,88.2,-85,7.5
2026-07-31 08:15:39,NODO 1.17,34.11,71.06,1004.0,3900.0,88.5,-111,0.2
2026-07-31 08:15:46,NODO 1.42,26.47,73.54,1005.0,4013.0,89.5,-117,-4.8
2026-07-31 08:15:50,NODO 1.08,32.5,100.0,1004.0,3768.0,88.9,-102,8.5
2026-07-31 08:16:51,NODO 1.35,39.9,63.72,1005.0,4092.0,90.7,-113,2.8
2026-07-31 08:16:59,NODO 1.44,28.68,86.21,1005.0,4057.0,90.8,-93,5.5
2026-07-31 08:18:24,NODO 1.18,28.53,100.0,1005.0,2803.0,71.6,-100,8.8
2026-07-31 08:18:28,NODO 1.01,27.48,100.0,1005.0,3793.0,45.1,-115,2.0
2026-07-31 08:18:56,NODO 1.31,27.32,96.43,1006.0,3734.0,40.5,-89,9.2
2026-07-31 08:21:24,NODO 1.28,32.41,75.31,1005.0,3822.0,19.2,-114,2.0
2026-07-31 08:21:34,NODO 1.37,34.95,86.91,1006.0,4052.0,19.1,-102,8.2
2026-07-31 08:21:37,NODO 1.12,27.65,92.77,1006.0,3822.0,84.6,-119,-4.5
2026-07-31 08:22:12,NODO 1.26,27.89,95.4,1005.0,3998.0,86.8,-120,-6.5
2026-07-31 08:22:19,NODO 1.32,26.87,100.0,1005.0,3704.0,86.5,-109,5.0
2026-07-31 08:23:16,NODO 1.51,27.36,100.0,1006.0,3891.0,87.2,-118,-1.5
2026-07-31 08:25:42,NODO 1.52,28.42,83.43,1005.0,3935.0,86.0,-118,-4.0
2026-07-31 08:26:21,NODO 1.46,29.73,76.43,1004.0,4033.0,88.1,-89,10.0
2026-07-31 08:27:02,NODO 1.56,26.1,86.09,1005.0,3695.0,85.1,-111,3.5
2026-07-31 08:27:58,NODO 1.50,27.58,81.0,1008.0,4087.0,88.9,-114,-0.5
2026-07-31 08:29:13,NODO 1.15,29.29,100.0,1006.0,3851.0,88.5,-94,1.2
2026-07-31 08:29:20,NODO 1.40,27.44,84.18,1004.0,4092.0,90.1,-96,10.5
2026-07-31 08:29:23,NODO 1.14,28.76,100.0,1005.0,3891.0,88.7,-105,9.0
2026-07-31 08:29:47,NODO 1.57,26.63,85.83,1004.0,3753.0,89.2,-118,-9.2
2026-07-31 08:30:08,NODO 1.45,28.35,71.39,1006.0,4038.0,88.8,-120,-4.0
2026-07-31 08:30:16,NODO 1.36,26.93,100.0,1003.0,3822.0,88.5,-119,-9.5
2026-07-31 08:30:32,NODO 1.60,28.05,83.89,1005.0,3871.0,86.2,-109,4.0
2026-07-31 08:30:47,NODO 1.20,27.62,100.0,1006.0,3704.0,84.1,-85,10.8
2026-07-31 08:30:56,NODO 1.10,28.13,97.75,1005.0,3925.0,86.1,-87,11.0
2026-07-31 08:31:36,NODO 1.13,34.34,79.51,1005.0,4082.0,86.5,-109,6.5
2026-07-31 08:32:22,NODO 1.23,29.04,100.0,1005.0,3871.0,87.0,-108,6.0
2026-07-31 08:33:36,NODO 1.54,41.56,38.21,1003.0,3998.0,88.3,-33,10.2
2026-07-31 08:34:00,NODO 1.04,31.38,90.29,1005.0,3915.0,90.4,-95,9.2
2026-07-31 08:34:48,NODO 1.49,26.9,83.45,1003.0,3675.0,87.9,-111,5.5
2026-07-31 08:34:58,NODO 1.43,32.95,65.57,1005.0,4038.0,87.5,-112,3.8
2026-07-31 08:35:20,NODO 1.05,29.16,100.0,1005.0,4008.0,88.8,-100,8.5
2026-07-31 08:35:20,NODO 1.24,31.81,71.66,1005.0,4087.0,89.7,-103,5.0
2026-07-31 08:35:52,NODO 1.58,27.99,89.61,1006.0,3847.0,89.0,-120,-6.0
2026-07-31 08:36:03,NODO 1.27,33.32,81.21,1003.0,4018.0,92.5,-103,9.5
2026-07-31 08:36:34,NODO 1.48,26.9,93.46,1007.0,3881.0,90.9,-118,-5.8
2026-07-31 08:36:47,NODO 1.03,28.29,100.0,1005.0,3582.0,86.7,-83,9.0
2026-07-31 08:37:59,NODO 1.41,41.98,51.76,1006.0,4116.0,86.9,-117,-4.2
2026-07-31 08:38:38,NODO 1.21,28.25,88.53,1006.0,3597.0,84.2,-117,-4.0
2026-07-31 08:40:24,NODO 1.02,27.76,89.47,1005.0,3783.0,80.8,-105,9.0
2026-07-31 08:40:42,NODO 1.19,28.48,69.84,1005.0,3798.0,78.8,-89,13.0
2026-07-31 08:41:15,NODO 1.33,47.17,31.15,1005.0,4101.0,86.5,-85,12.8
2026-07-31 08:41:17,NODO 1.39,27.89,71.94,1004.0,4106.0,86.3,-102,8.5
2026-07-31 08:41:40,NODO 1.22,33.74,66.67,1006.0,4047.0,90.8,-111,5.5
2026-07-31 08:41:43,NODO 1.29,27.35,100.0,1005.0,3871.0,91.7,-114,2.0
2026-07-31 08:42:37,NODO 1.25,36.52,64.15,1006.0,4077.0,94.5,-95,9.8
2026-07-31 08:42:49,NODO 1.34,33.61,72.19,1004.0,4052.0,94.0,-110,6.0
2026-07-31 08:43:00,NODO 1.06,36.32,65.91,1006.0,3896.0,91.9,-93,12.5
2026-07-31 08:43:42,NODO 1.38,28.21,77.08,1007.0,3881.0,90.3,-117,-1.0
2026-07-31 08:44:44,NODO 1.59,28.55,80.3,1002.0,3915.0,90.7,-113,-4.0
2026-07-31 08:44:52,NODO 1.30,0.0,0.0,0.0,3822.0,88.2,-106,0.5
2026-07-31 08:45:02,NODO 1.53,26.93,100.0,1005.0,3915.0,86.8,-114,4.0
2026-07-31 08:45:16,NODO 1.09,29.33,86.47,1006.0,4052.0,88.3,-115,-0.5
2026-07-31 08:45:35,NODO 1.17,36.39,46.82,1005.0,3900.0,88.5,-103,8.5
2026-07-31 08:45:38,NODO 1.42,27.2,72.82,1005.0,4013.0,89.5,-107,7.8
2026-07-31 08:45:48,NODO 1.08,32.73,100.0,1005.0,3773.0,89.0,-113,2.2
2026-07-31 08:46:45,NODO 1.44,30.28,79.41,1006.0,4067.0,90.5,-100,8.0
2026-07-31 08:46:49,NODO 1.35,45.16,41.46,1005.0,4092.0,91.0,-91,10.0
2026-07-31 08:48:18,NODO 1.18,30.66,100.0,1005.0,2783.0,71.4,-101,8.8
2026-07-31 08:48:21,NODO 1.01,27.81,100.0,1005.0,3822.0,48.3,-115,1.8
2026-07-31 08:48:51,NODO 1.31,28.13,96.66,1006.0,3734.0,43.1,-115,-3.8
2026-07-31 08:51:11,NODO 1.28,31.84,74.6,1006.0,3822.0,20.2,-109,0.2
2026-07-31 08:51:32,NODO 1.12,28.25,90.57,1006.0,3822.0,14.8,-120,-7.8
2026-07-31 08:51:33,NODO 1.37,38.18,58.14,1006.0,4057.0,85.1,-99,10.2
2026-07-31 08:52:06,NODO 1.26,28.52,88.12,1005.0,4008.0,86.9,-97,9.0
2026-07-31 08:52:12,NODO 1.32,27.28,100.0,1005.0,3704.0,86.6,-99,8.2
2026-07-31 08:53:11,NODO 1.51,27.82,100.0,1006.0,3891.0,87.3,-94,5.0
2026-07-31 08:55:38,NODO 1.52,29.42,79.56,1005.0,3935.0,88.5,-119,-3.0
2026-07-31 08:56:20,NODO 1.46,34.88,68.1,1005.0,4033.0,88.2,-113,-2.8
2026-07-31 08:56:56,NODO 1.56,26.47,86.26,1005.0,3680.0,84.9,-114,1.0
2026-07-31 08:57:55,NODO 1.50,30.45,76.7,1008.0,4121.0,89.1,-114,3.0
2026-07-31 08:59:08,NODO 1.15,32.86,100.0,1006.0,3851.0,88.7,-95,9.5
2026-07-31 08:59:15,NODO 1.14,29.39,100.0,1005.0,3891.0,88.3,-85,9.5
2026-07-31 08:59:19,NODO 1.40,32.23,88.11,1005.0,4145.0,89.4,-119,-6.8
2026-07-31 08:59:44,NODO 1.57,27.08,85.72,1004.0,3753.0,90.1,-120,-13.8
2026-07-31 09:00:10,NODO 1.36,27.52,100.0,1003.0,3827.0,87.2,-118,-7.8
2026-07-31 09:00:13,NODO 1.45,38.82,58.72,1006.0,4082.0,89.5,-93,9.2
2026-07-31 09:00:27,NODO 1.60,28.84,78.17,1005.0,3871.0,89.3,-119,-7.5
2026-07-31 09:00:39,NODO 1.20,28.17,100.0,1006.0,3695.0,84.7,-115,2.0
2026-07-31 09:00:50,NODO 1.10,29.03,84.34,1006.0,3920.0,86.5,-103,8.0
2026-07-31 09:01:32,NODO 1.13,34.82,69.35,1005.0,4087.0,89.0,-108,5.2
2026-07-31 09:02:15,NODO 1.23,31.29,100.0,1005.0,3871.0,86.9,-113,3.5
2026-07-31 09:03:33,NODO 1.54,43.68,31.64,1003.0,3994.0,88.2,-34,8.5
2026-07-31 09:04:04,NODO 1.04,38.59,55.02,1005.0,3925.0,90.5,-97,9.5
2026-07-31 09:04:42,NODO 1.49,27.45,83.63,1003.0,3680.0,88.1,-106,7.0
2026-07-31 09:04:56,NODO 1.43,37.27,57.63,1006.0,4047.0,87.7,-117,-1.0
2026-07-31 09:05:13,NODO 1.05,30.44,100.0,1005.0,4008.0,89.0,-106,9.0
2026-07-31 09:05:15,NODO 1.24,33.46,65.14,1005.0,4087.0,90.0,-106,4.0
2026-07-31 09:05:46,NODO 1.58,28.58,85.52,1006.0,3827.0,89.0,-121,-10.8
2026-07-31 09:05:58,NODO 1.27,37.16,68.98,1003.0,4028.0,92.5,-114,1.5
2026-07-31 09:06:30,NODO 1.48,27.44,92.34,1007.0,3861.0,90.6,-101,8.2
2026-07-31 09:06:45,NODO 1.03,29.17,100.0,1005.0,3582.0,86.3,-102,9.5
2026-07-31 09:07:52,NODO 1.41,46.27,40.59,1006.0,4121.0,86.7,-113,4.2
2026-07-31 09:08:32,NODO 1.21,28.86,76.45,1006.0,3597.0,84.1,-113,2.8
2026-07-31 09:10:19,NODO 1.02,28.23,86.63,1005.0,3778.0,80.6,-105,8.8
2026-07-31 09:10:37,NODO 1.19,29.7,67.01,1005.0,3807.0,79.2,-90,8.2
2026-07-31 09:11:09,NODO 1.33,49.92,28.58,1005.0,4116.0,86.7,-89,13.0
2026-07-31 09:11:13,NODO 1.39,31.53,71.93,1004.0,4116.0,86.6,-97,9.0
2026-07-31 09:11:36,NODO 1.22,38.25,50.66,1006.0,4067.0,91.3,-95,8.5
2026-07-31 09:11:36,NODO 1.29,27.8,100.0,1004.0,3871.0,92.3,-119,1.8
2026-07-31 09:12:34,NODO 1.25,38.31,46.87,1005.0,4082.0,95.0,-95,7.5
2026-07-31 09:12:48,NODO 1.34,39.77,53.04,1003.0,4057.0,94.4,-69,9.0
2026-07-31 09:13:01,NODO 1.06,41.22,52.31,1005.0,3915.0,92.4,-105,10.2
2026-07-31 09:13:34,NODO 1.38,28.73,80.64,1007.0,3881.0,90.6,-108,7.2
2026-07-31 09:14:37,NODO 1.59,29.23,78.71,1002.0,3915.0,91.0,-119,-6.8
2026-07-31 09:14:47,NODO 1.30,0.0,0.0,0.0,3851.0,88.7,-119,-8.2
2026-07-31 09:14:58,NODO 1.53,27.46,100.0,1005.0,3915.0,87.3,-113,3.0
2026-07-31 09:15:10,NODO 1.09,30.28,74.33,1005.0,4052.0,88.6,-119,-5.8
2026-07-31 09:15:31,NODO 1.17,39.79,48.01,1004.0,3900.0,88.8,-103,8.2
2026-07-31 09:15:31,NODO 1.42,28.16,71.55,1005.0,4018.0,89.9,-120,-8.5
2026-07-31 09:15:44,NODO 1.08,33.05,100.0,1004.0,3773.0,89.1,-114,2.2
2026-07-31 09:16:39,NODO 1.44,32.73,68.18,1006.0,4131.0,91.2,-93,9.8
2026-07-31 09:16:45,NODO 1.35,46.82,41.65,1005.0,4092.0,91.6,-90,9.5
2026-07-31 09:18:14,NODO 1.01,28.54,100.0,1005.0,3832.0,91.0,-119,-3.8
2026-07-31 09:18:15,NODO 1.18,32.08,100.0,1005.0,2788.0,58.8,-101,8.5
2026-07-31 09:18:44,NODO 1.31,28.89,84.03,1006.0,3734.0,53.6,-114,
2026-07-31 09:18:45,NODO 1.31,28.9,84.06,1006.0,3744.0,18.8,-108,5.2
2026-07-31 09:21:05,NODO 1.28,32.05,81.37,1005.0,3822.0,14.2,-115,
2026-07-31 09:21:27,NODO 1.12,28.95,84.55,1006.0,3822.0,14.1,-99,9.0
2026-07-31 09:21:31,NODO 1.37,40.59,47.79,1006.0,4057.0,84.0,-102,-3.8
2026-07-31 09:21:58,NODO 1.26,29.19,82.63,1005.0,3998.0,86.9,-102,9.5
2026-07-31 09:22:06,NODO 1.32,27.75,100.0,1005.0,3704.0,86.5,-111,5.0
2026-07-31 09:23:05,NODO 1.51,28.31,100.0,1006.0,3891.0,87.2,-117,-3.0
2026-07-31 09:25:33,NODO 1.52,30.4,77.39,1005.0,3935.0,88.3,-109,7.0
2026-07-31 09:26:19,NODO 1.46,41.13,43.18,1005.0,4047.0,88.2,-118,-3.0
2026-07-31 09:26:48,NODO 1.56,26.89,86.74,1005.0,3695.0,85.2,-113,2.5
2026-07-31 09:28:00,NODO 1.50,37.72,58.8,1008.0,4155.0,89.7,-111,1.8
2026-07-31 09:29:07,NODO 1.14,29.97,100.0,1005.0,3891.0,89.7,-89,10.2
2026-07-31 09:29:14,NODO 1.15,40.9,54.24,1006.0,3871.0,89.1,-97,10.5
2026-07-31 09:29:26,NODO 1.40,41.12,61.26,1005.0,4155.0,90.2,-118,-2.8
2026-07-31 09:29:34,NODO 1.57,27.49,86.34,1004.0,3749.0,90.7,-119,-11.8
2026-07-31 09:30:13,NODO 1.45,45.49,39.54,1006.0,4077.0,89.9,-102,8.2
2026-07-31 09:30:20,NODO 1.60,29.56,72.8,1005.0,3871.0,89.7,-109,1.8
2026-07-31 09:30:30,NODO 1.20,28.74,100.0,1006.0,3695.0,88.0,-112,-1.8
2026-07-31 09:30:45,NODO 1.10,29.79,74.83,1006.0,3915.0,85.6,-84,7.2
2026-07-31 09:31:27,NODO 1.13,38.16,65.85,1005.0,4087.0,89.0,-112,4.8
2026-07-31 09:32:09,NODO 1.23,33.7,100.0,1005.0,3881.0,87.0,-109,2.0
2026-07-31 09:33:29,NODO 1.54,45.47,29.53,1003.0,3998.0,88.3,-115,1.8
2026-07-31 09:34:00,NODO 1.04,42.09,38.01,1005.0,3935.0,90.7,-108,6.0
2026-07-31 09:34:35,NODO 1.49,28.1,83.79,1003.0,3675.0,88.3,-108,5.5
2026-07-31 09:34:52,NODO 1.43,39.58,49.53,1005.0,4052.0,87.9,-109,6.0
2026-07-31 09:35:06,NODO 1.05,30.45,100.0,1005.0,4008.0,89.2,-115,1.0
2026-07-31 09:35:13,NODO 1.24,32.62,66.17,1005.0,4101.0,90.2,-118,-3.8
2026-07-31 09:35:41,NODO 1.58,29.12,84.71,1006.0,3842.0,89.3,-118,-6.5
2026-07-31 09:35:52,NODO 1.27,38.29,61.45,1003.0,4028.0,92.8,-116,-2.2
2026-07-31 09:36:30,NODO 1.48,28.11,89.29,1007.0,3871.0,91.0,-98,8.8
2026-07-31 09:36:33,NODO 1.03,30.09,88.21,1005.0,3582.0,86.7,-100,9.0
2026-07-31 09:37:45,NODO 1.41,48.25,36.75,1005.0,4121.0,86.9,-119,-8.0
2026-07-31 09:38:26,NODO 1.21,29.61,80.58,1005.0,3597.0,84.3,-118,-14.0
2026-07-31 09:40:12,NODO 1.02,28.92,83.77,1005.0,3783.0,82.5,-108,6.5
2026-07-31 09:40:31,NODO 1.19,31.02,66.15,1005.0,3798.0,85.4,-88,11.0
2026-07-31 09:41:04,NODO 1.33,51.3,29.86,1005.0,4106.0,85.2,-84,10.2
2026-07-31 09:41:14,NODO 1.39,35.55,64.4,1004.0,4121.0,90.5,-105,8.2
2026-07-31 09:41:28,NODO 1.29,28.3,100.0,1004.0,3871.0,91.3,-101,9.2
2026-07-31 09:41:30,NODO 1.22,37.75,51.09,1005.0,4067.0,94.0,-96,10.2
2026-07-31 09:42:28,NODO 1.25,42.9,45.9,1005.0,4092.0,93.9,-107,9.0
2026-07-31 09:42:44,NODO 1.34,42.29,43.68,1003.0,4062.0,93.3,-93,9.2
2026-07-31 09:42:55,NODO 1.06,43.56,44.82,1005.0,3905.0,92.5,-103,10.0
2026-07-31 09:43:27,NODO 1.38,29.33,78.91,1006.0,3871.0,92.5,-117,-3.0
2026-07-31 09:44:27,NODO 1.59,29.8,75.33,1002.0,3920.0,91.0,-120,-3.2
2026-07-31 09:44:40,NODO 1.30,0.0,0.0,0.0,3871.0,88.8,-117,-7.5
2026-07-31 09:44:53,NODO 1.53,28.18,100.0,1005.0,3915.0,87.3,-105,9.2
2026-07-31 09:45:04,NODO 1.09,31.18,73.9,1005.0,4052.0,88.8,-91,10.2
2026-07-31 09:45:25,NODO 1.17,40.61,41.0,1004.0,3915.0,89.2,-117,0.5
2026-07-31 09:45:26,NODO 1.42,29.5,70.19,1005.0,4013.0,90.2,-105,7.0
2026-07-31 09:45:40,NODO 1.08,34.05,100.0,1004.0,3778.0,89.2,-111,5.2
2026-07-31 09:46:41,NODO 1.35,49.72,30.91,1005.0,4087.0,91.0,-93,9.2
2026-07-31 09:46:50,NODO 1.35,49.7,30.84,1005.0,4082.0,91.2,-113,0.5
2026-07-31 09:46:50,NODO 1.44,42.87,45.46,1005.0,4121.0,93.3,-91,9.0
2026-07-31 09:48:10,NODO 1.18,32.75,100.0,1005.0,2852.0,80.3,-103,7.0
2026-07-31 09:48:10,NODO 1.01,28.94,100.0,1005.0,3847.0,81.3,-107,1.5
2026-07-31 09:48:36,NODO 1.31,29.4,83.72,1006.0,3744.0,62.8,-114,1.0
2026-07-31 09:50:59,NODO 1.28,32.18,75.6,1005.0,3822.0,29.1,-113,1.2
2026-07-31 09:51:22,NODO 1.12,29.51,82.21,1006.0,3822.0,16.7,-105,9.5
2026-07-31 09:51:25,NODO 1.37,41.27,40.14,1005.0,4067.0,85.5,-118,-5.5
2026-07-31 09:51:51,NODO 1.26,29.92,80.37,1005.0,4008.0,87.1,-108,4.5
2026-07-31 09:52:00,NODO 1.32,28.06,100.0,1005.0,3704.0,86.7,-113,4.2
2026-07-31 09:52:59,NODO 1.51,28.63,100.0,1006.0,3891.0,87.4,-119,-4.5
2026-07-31 09:55:26,NODO 1.52,30.87,73.99,1005.0,3935.0,88.5,-120,-7.0
2026-07-31 09:56:15,NODO 1.46,41.27,40.88,1004.0,4038.0,88.3,-90,10.0
2026-07-31 09:56:41,NODO 1.56,27.3,86.34,1005.0,3690.0,85.1,-108,7.0
2026-07-31 09:59:00,NODO 1.14,30.31,100.0,1005.0,3891.0,87.0,-99,7.2
2026-07-31 09:59:06,NODO 1.15,40.41,49.49,1005.0,3871.0,86.8,-103,6.0
2026-07-31 09:59:21,NODO 1.40,43.95,50.38,1004.0,4155.0,89.0,-117,-1.0
2026-07-31 09:59:29,NODO 1.57,28.28,83.89,1004.0,3753.0,86.1,-120,-8.5
2026-07-31 09:59:55,NODO 1.36,28.58,100.0,1002.0,3827.0,87.5,-115,-0.8
2026-07-31 10:00:02,NODO 1.45,44.25,36.72,1005.0,4087.0,89.4,-119,-7.8
2026-07-31 10:00:13,NODO 1.60,30.07,72.43,1005.0,3871.0,89.4,-105,7.8
2026-07-31 10:00:22,NODO 1.20,29.3,100.0,1006.0,3695.0,84.8,-113,3.8
2026-07-31 10:00:38,NODO 1.10,30.26,76.87,1005.0,3925.0,86.5,-83,9.2
2026-07-31 10:01:21,NODO 1.13,35.64,67.17,1005.0,4092.0,89.2,-113,3.8
2026-07-31 10:02:02,NODO 1.23,31.59,100.0,1004.0,3886.0,87.2,-119,-6.8
2026-07-31 10:03:22,NODO 1.54,42.27,34.85,1002.0,3998.0,88.5,-120,-6.8
2026-07-31 10:03:49,NODO 1.04,38.68,50.94,1004.0,3925.0,90.8,-107,6.5
2026-07-31 10:04:28,NODO 1.49,28.83,82.56,1003.0,3680.0,88.3,-112,3.0
2026-07-31 10:04:43,NODO 1.43,39.5,44.54,1005.0,4047.0,87.9,-102,8.8
2026-07-31 10:05:00,NODO 1.05,30.59,100.0,1005.0,4008.0,89.1,-113,-0.5
2026-07-31 10:05:09,NODO 1.24,33.07,66.24,1005.0,4116.0,90.3,-83,10.5
2026-07-31 10:05:33,NODO 1.58,29.76,78.2,1006.0,3847.0,89.5,-101,9.8
2026-07-31 10:05:47,NODO 1.27,38.41,58.62,1002.0,4028.0,93.0,-113,-6.2
2026-07-31 10:06:18,NODO 1.48,28.52,87.37,1006.0,3881.0,91.3,-113,1.0
2026-07-31 10:06:29,NODO 1.03,30.86,91.1,1005.0,3582.0,87.0,-102,6.8
2026-07-31 10:07:31,NODO 1.41,47.15,33.93,1005.0,4116.0,87.0,-117,-2.5
2026-07-31 10:08:19,NODO 1.21,30.05,72.09,1005.0,3597.0,84.3,-111,6.8
2026-07-31 10:10:09,NODO 1.02,31.09,83.37,1004.0,3788.0,80.9,-108,7.2
2026-07-31 10:10:25,NODO 1.19,31.6,64.26,1005.0,3812.0,79.8,-114,1.8
2026-07-31 10:10:54,NODO 1.33,49.06,26.12,1005.0,4101.0,86.6,-90,13.5
2026-07-31 10:11:12,NODO 1.39,38.56,59.77,1004.0,4121.0,86.7,-94,9.5
2026-07-31 10:11:22,NODO 1.22,36.84,52.88,1005.0,4067.0,91.4,-99,9.5
2026-07-31 10:11:23,NODO 1.29,28.85,100.0,1004.0,3871.0,92.2,-101,8.8
2026-07-31 10:12:13,NODO 1.25,42.32,39.49,1005.0,4092.0,95.0,-91,9.0
2026-07-31 10:12:38,NODO 1.34,41.84,38.83,1003.0,4062.0,94.6,-94,7.0
2026-07-31 10:12:44,NODO 1.06,43.65,39.48,1005.0,3905.0,92.5,-107,9.5
2026-07-31 10:13:20,NODO 1.38,29.75,77.18,1006.0,3886.0,90.7,-113,3.2
2026-07-31 10:14:28,NODO 1.59,29.93,73.22,1002.0,3920.0,91.2,-115,
2026-07-31 10:14:29,NODO 1.30,0.0,0.0,0.0,3871.0,88.9,-118,-8.2
2026-07-31 10:14:46,NODO 1.53,28.75,100.0,1005.0,3920.0,87.5,-105,10.2
2026-07-31 10:14:56,NODO 1.09,31.65,72.21,1005.0,4052.0,89.0,-96,9.5
2026-07-31 10:15:15,NODO 1.17,40.12,40.18,1004.0,3905.0,89.2,-117,0.5
2026-07-31 10:15:21,NODO 1.42,30.34,66.71,1005.0,4018.0,90.2,-119,-5.8
2026-07-31 10:15:32,NODO 1.08,35.86,100.0,1004.0,3773.0,89.2,-120,-2.8
2026-07-31 10:16:29,NODO 1.35,48.98,32.66,1005.0,4082.0,90.8,-92,8.8
2026-07-31 10:16:37,NODO 1.44,44.79,38.25,1006.0,4150.0,91.8,-96,10.2
2026-07-31 10:18:02,NODO 1.18,32.84,99.02,1005.0,2862.0,79.2,-102,8.2
2026-07-31 10:18:03,NODO 1.01,29.32,100.0,1005.0,3847.0,70.7,-121,-9.0
2026-07-31 10:18:27,NODO 1.31,30.2,77.7,1006.0,3744.0,68.0,-88,9.8
2026-07-31 10:20:51,NODO 1.28,32.24,75.38,1005.0,3822.0,33.3,-117,1.0
2026-07-31 10:21:16,NODO 1.12,30.16,79.65,1006.0,3822.0,16.9,-89,9.8
2026-07-31 10:21:19,NODO 1.37,43.37,38.92,1006.0,4082.0,85.7,-118,-4.5
2026-07-31 10:21:45,NODO 1.26,30.63,77.66,1005.0,4013.0,87.3,-111,4.0
2026-07-31 10:21:53,NODO 1.32,28.73,100.0,1005.0,3704.0,86.9,-101,8.2
2026-07-31 10:22:53,NODO 1.51,29.17,99.9,1006.0,3886.0,87.6,-102,9.5
2026-07-31 10:25:19,NODO 1.52,31.25,72.17,1005.0,3935.0,88.7,-120,-5.8
2026-07-31 10:26:09,NODO 1.46,42.78,38.33,1005.0,4052.0,88.4,-119,-1.5
2026-07-31 10:26:35,NODO 1.56,27.85,86.68,1005.0,3695.0,85.2,-109,5.5
2026-07-31 10:27:46,NODO 1.50,36.53,54.42,1008.0,4150.0,89.7,-115,-0.5
2026-07-31 10:28:53,NODO 1.14,30.84,100.0,1006.0,3891.0,89.7,-85,10.0
2026-07-31 10:29:02,NODO 1.15,42.43,45.49,1006.0,3881.0,89.2,-96,8.5
2026-07-31 10:29:18,NODO 1.40,45.76,38.45,1005.0,4160.0,90.3,-119,-5.8
2026-07-31 10:29:22,NODO 1.57,29.15,74.85,1004.0,3753.0,90.8,-118,-11.2
2026-07-31 10:29:49,NODO 1.36,29.24,100.0,1003.0,3847.0,87.8,-117,-1.8
2026-07-31 10:29:58,NODO 1.45,44.7,34.9,1006.0,4087.0,89.8,-94,8.8
2026-07-31 10:30:11,NODO 1.60,30.66,75.01,1005.0,3871.0,89.7,-119,-7.8
2026-07-31 10:30:15,NODO 1.20,29.74,100.0,1006.0,3704.0,85.1,-113,3.0
2026-07-31 10:30:32,NODO 1.10,30.76,73.9,1006.0,3925.0,86.8,-85,9.0
2026-07-31 10:31:13,NODO 1.13,35.46,69.89,1005.0,4092.0,89.3,-107,5.0
2026-07-31 10:31:56,NODO 1.23,31.81,100.0,1005.0,3886.0,87.3,-112,5.2
2026-07-31 10:33:15,NODO 1.54,41.25,36.68,1003.0,3998.0,88.5,-119,-4.8
2026-07-31 10:33:38,NODO 1.04,37.0,55.18,1005.0,3925.0,90.8,-91,9.2
2026-07-31 10:34:20,NODO 1.49,29.54,83.43,1003.0,3675.0,88.3,-117,-3.0
2026-07-31 10:34:38,NODO 1.43,40.66,38.74,1005.0,4052.0,87.9,-117,-3.0
2026-07-31 10:34:53,NODO 1.05,31.1,100.0,1005.0,4018.0,89.2,-101,7.0
2026-07-31 10:35:05,NODO 1.24,33.62,67.4,1005.0,4116.0,90.4,-107,7.5
2026-07-31 10:35:29,NODO 1.58,30.29,78.54,1006.0,3842.0,89.5,-120,-8.0
2026-07-31 10:35:42,NODO 1.27,38.52,56.76,1003.0,4038.0,93.2,-119,-3.5
2026-07-31 10:36:13,NODO 1.48,29.24,84.36,1007.0,3881.0,91.5,-102,7.0
2026-07-31 10:36:28,NODO 1.03,31.65,84.42,1005.0,3582.0,87.1,-81,8.8
2026-07-31 10:37:17,NODO 1.41,44.58,35.1,1005.0,4077.0,86.7,-120,-5.5
2026-07-31 10:38:13,NODO 1.21,30.43,70.52,1005.0,3597.0,83.9,-121,-12.0
2026-07-31 10:40:03,NODO 1.02,31.5,74.84,1005.0,3793.0,80.4,-105,8.5
2026-07-31 10:40:19,NODO 1.19,32.79,61.8,1005.0,3812.0,78.0,-109,6.8
2026-07-31 10:40:47,NODO 1.33,48.51,30.21,1005.0,4092.0,86.2,-92,11.5
2026-07-31 10:41:09,NODO 1.39,41.13,52.05,1004.0,4131.0,86.8,-118,-9.2
2026-07-31 10:41:16,NODO 1.22,36.83,53.77,1005.0,4067.0,91.5,-112,6.2
2026-07-31 10:41:17,NODO 1.29,29.4,100.0,1004.0,3881.0,92.3,-114,3.0
2026-07-31 10:42:04,NODO 1.25,43.61,35.66,1005.0,4092.0,95.1,-108,6.0
2026-07-31 10:42:31,NODO 1.34,41.57,37.8,1003.0,4067.0,94.9,-109,6.2
2026-07-31 10:42:37,NODO 1.06,42.61,38.0,1005.0,3905.0,92.6,-102,11.0
2026-07-31 10:43:13,NODO 1.38,30.03,76.82,1007.0,3881.0,90.8,-118,-3.2
2026-07-31 10:44:13,NODO 1.59,30.14,71.11,1002.0,3925.0,91.2,-117,-7.5
2026-07-31 10:44:21,NODO 1.30,0.0,0.0,0.0,3871.0,89.0,-114,1.2
2026-07-31 10:44:40,NODO 1.53,29.25,100.0,1005.0,3935.0,87.7,-102,8.5
2026-07-31 10:44:51,NODO 1.09,32.36,70.92,1005.0,4062.0,89.2,-119,-1.2
2026-07-31 10:45:07,NODO 1.17,38.58,45.93,1004.0,3905.0,89.5,-110,4.8
2026-07-31 10:45:16,NODO 1.42,31.41,62.73,1005.0,4028.0,90.5,-118,-6.2
2026-07-31 10:45:25,NODO 1.08,33.74,95.98,1005.0,3798.0,89.8,-106,7.8
2026-07-31 10:46:22,NODO 1.35,48.69,31.62,1005.0,4082.0,91.2,-95,7.8
2026-07-31 10:46:30,NODO 1.44,45.51,33.26,1006.0,4155.0,92.2,-103,8.0
2026-07-31 10:47:55,NODO 1.18,33.38,98.86,1005.0,2876.0,80.6,-95,8.5
2026-07-31 10:47:56,NODO 1.01,29.82,100.0,1005.0,3847.0,72.9,-115,1.5
2026-07-31 10:48:21,NODO 1.31,30.76,75.38,1006.0,3734.0,69.2,-114,1.2
2026-07-31 10:50:43,NODO 1.28,32.41,79.0,1005.0,3822.0,34.5,-117,-7.5
2026-07-31 10:51:15,NODO 1.37,40.77,42.69,1006.0,4082.0,27.4,-121,-6.5
2026-07-31 10:51:15,NODO 1.12,30.56,80.04,1006.0,3822.0,85.6,-118,-2.2
2026-07-31 10:51:36,NODO 1.26,31.25,73.95,1005.0,4008.0,87.2,-113,4.0
2026-07-31 10:51:46,NODO 1.32,28.95,100.0,1005.0,3704.0,86.9,-102,8.0
2026-07-31 10:52:47,NODO 1.51,29.51,93.86,1006.0,3891.0,87.6,-93,10.5
2026-07-31 10:55:12,NODO 1.52,31.43,70.21,1005.0,3935.0,86.1,-114,1.8
2026-07-31 10:56:01,NODO 1.46,41.3,42.55,1005.0,4052.0,88.4,-85,11.2
2026-07-31 10:56:31,NODO 1.56,28.13,84.77,1005.0,3704.0,85.4,-109,5.2
2026-07-31 10:57:36,NODO 1.50,34.41,59.28,1008.0,4145.0,89.8,-115,1.8
2026-07-31 10:58:46,NODO 1.14,31.84,100.0,1005.0,3891.0,89.8,-90,9.5
2026-07-31 10:58:54,NODO 1.15,43.63,42.21,1006.0,3886.0,89.3,-99,8.2
2026-07-31 10:59:08,NODO 1.40,43.99,47.67,1004.0,4145.0,90.2,-117,-3.0
2026-07-31 10:59:16,NODO 1.57,29.36,78.65,1004.0,3749.0,90.7,-115,-8.2
2026-07-31 10:59:42,NODO 1.36,29.48,100.0,1003.0,3827.0,87.5,-118,-9.8
2026-07-31 10:59:53,NODO 1.45,46.56,31.85,1005.0,4087.0,89.4,-120,-7.0
2026-07-31 11:00:07,NODO 1.20,30.2,100.0,1006.0,3704.0,87.6,-112,3.8
2026-07-31 11:00:24,NODO 1.10,31.25,69.89,1005.0,3925.0,85.4,-105,6.8
2026-07-31 11:01:06,NODO 1.13,34.37,77.68,1005.0,4092.0,88.8,-113,4.0
2026-07-31 11:01:45,NODO 1.23,31.67,100.0,1005.0,3886.0,89.4,-118,-3.2
2026-07-31 11:03:09,NODO 1.54,43.44,32.45,1002.0,4047.0,89.0,-118,-2.2
2026-07-31 11:03:29,NODO 1.04,36.93,55.76,1005.0,3925.0,91.2,-108,7.5
2026-07-31 11:04:12,NODO 1.49,29.89,83.3,1003.0,3680.0,88.8,-108,4.5
2026-07-31 11:04:29,NODO 1.43,41.11,37.45,1005.0,4052.0,88.4,-114,0.5
2026-07-31 11:04:47,NODO 1.05,32.14,100.0,1005.0,4018.0,89.7,-109,7.2
2026-07-31 11:05:00,NODO 1.24,35.5,58.69,1005.0,4121.0,90.5,-101,8.5
2026-07-31 11:05:20,NODO 1.58,30.52,81.57,1006.0,3842.0,89.6,-118,-9.5
2026-07-31 11:05:37,NODO 1.27,39.66,55.82,1003.0,4038.0,93.2,-109,7.2
2026-07-31 11:06:11,NODO 1.48,29.74,85.97,1007.0,3881.0,91.5,-104,6.0
2026-07-31 11:06:15,NODO 1.03,32.32,79.53,1005.0,3582.0,87.1,-109,4.0
2026-07-31 11:07:07,NODO 1.41,45.9,37.56,1005.0,4082.0,86.8,-118,-3.8
2026-07-31 11:08:07,NODO 1.21,30.86,72.5,1005.0,3597.0,84.0,-114,3.2
2026-07-31 11:09:54,NODO 1.02,31.38,76.4,1004.0,3788.0,80.4,-95,9.2
2026-07-31 11:10:13,NODO 1.19,34.0,60.01,1005.0,3812.0,78.0,-89,11.5
2026-07-31 11:10:39,NODO 1.33,49.56,26.1,1004.0,4092.0,86.2,-91,10.8
2026-07-31 11:11:05,NODO 1.39,42.42,54.39,1004.0,4145.0,86.8,-120,-8.0
2026-07-31 11:11:09,NODO 1.29,30.03,100.0,1004.0,3886.0,89.7,-113,2.2
2026-07-31 11:11:10,NODO 1.22,39.5,45.2,1005.0,4067.0,92.5,-111,7.8
2026-07-31 11:11:54,NODO 1.25,45.91,36.32,1005.0,4092.0,95.2,-107,8.2
2026-07-31 11:12:23,NODO 1.34,43.72,42.09,1003.0,4101.0,95.3,-70,9.0
2026-07-31 11:12:31,NODO 1.06,45.13,37.36,1005.0,3915.0,93.1,-99,9.0
2026-07-31 11:13:06,NODO 1.38,30.36,75.51,1006.0,3886.0,93.1,-115,3.8
2026-07-31 11:14:02,NODO 1.59,30.51,74.08,1002.0,3925.0,91.7,-108,-6.2
2026-07-31 11:14:13,NODO 1.30,30.29,90.21,1006.0,3861.0,89.4,-120,-11.2
2026-07-31 11:14:33,NODO 1.53,29.59,100.0,1005.0,3920.0,87.6,-102,8.0
2026-07-31 11:14:45,NODO 1.09,33.47,65.76,1005.0,4057.0,89.0,-113,3.2
2026-07-31 11:14:59,NODO 1.17,37.56,47.84,1004.0,3905.0,89.2,-108,-1.5
2026-07-31 11:15:11,NODO 1.42,33.28,61.35,1005.0,4028.0,90.2,-114,3.0
2026-07-31 11:15:19,NODO 1.08,34.33,100.0,1004.0,3798.0,89.6,-117,2.8
2026-07-31 11:16:13,NODO 1.35,48.93,32.16,1005.0,4082.0,91.2,-117,-4.2
2026-07-31 11:16:24,NODO 1.44,48.79,34.73,1005.0,4131.0,91.9,-95,9.0
2026-07-31 11:17:50,NODO 1.18,35.06,98.74,1005.0,2852.0,79.5,-101,8.2
2026-07-31 11:18:00,NODO 1.01,30.49,100.0,1005.0,3861.0,71.2,-109,6.2
2026-07-31 11:18:12,NODO 1.31,31.37,76.41,1006.0,3739.0,65.3,-96,9.8
2026-07-31 11:20:38,NODO 1.28,32.75,75.99,1005.0,3822.0,30.7,-117,-0.2
2026-07-31 11:21:06,NODO 1.12,31.1,75.96,1006.0,3822.0,16.9,-117,-4.5
2026-07-31 11:21:07,NODO 1.37,44.31,34.96,1005.0,4082.0,85.8,-105,8.0
2026-07-31 11:21:30,NODO 1.26,32.82,72.73,1005.0,4008.0,87.2,-107,7.8
2026-07-31 11:21:39,NODO 1.32,29.45,100.0,1004.0,3704.0,86.9,-112,5.0
2026-07-31 11:22:40,NODO 1.51,30.12,97.5,1005.0,3891.0,87.6,-120,-5.5
2026-07-31 11:25:06,NODO 1.52,32.5,70.15,1005.0,3945.0,88.8,-113,3.5
2026-07-31 11:26:01,NODO 1.46,46.82,35.94,1004.0,4082.0,88.8,-82,9.2
2026-07-31 11:26:23,NODO 1.56,28.71,85.44,1004.0,3704.0,85.8,-115,1.0
2026-07-31 11:27:27,NODO 1.50,34.0,60.7,1007.0,4145.0,90.2,-115,0.5
2026-07-31 11:28:39,NODO 1.14,32.37,100.0,1005.0,3891.0,90.2,-87,9.2
2026-07-31 11:28:48,NODO 1.15,45.61,40.09,1005.0,3871.0,89.4,-103,8.0
2026-07-31 11:29:06,NODO 1.40,48.24,38.01,1004.0,4150.0,90.1,-95,7.2
2026-07-31 11:29:09,NODO 1.57,29.89,69.15,1004.0,3753.0,90.6,-118,-3.0
2026-07-31 11:29:36,NODO 1.36,30.12,100.0,1002.0,3827.0,87.4,-119,-4.8
2026-07-31 11:29:47,NODO 1.45,48.42,30.49,1005.0,4077.0,89.3,-102,4.5
2026-07-31 11:29:57,NODO 1.60,32.0,71.38,1005.0,3886.0,89.4,-109,0.8
2026-07-31 11:30:00,NODO 1.20,30.5,100.0,1006.0,3700.0,84.9,-114,3.5
2026-07-31 11:30:17,NODO 1.10,32.0,69.9,1005.0,3925.0,86.7,-105,8.2
2026-07-31 11:30:59,NODO 1.13,35.14,73.21,1005.0,4101.0,89.4,-119,0.8
2026-07-31 11:31:40,NODO 1.23,32.39,100.0,1004.0,3886.0,87.5,-118,-1.0
2026-07-31 11:33:05,NODO 1.54,45.24,31.2,1002.0,4028.0,88.9,-120,-2.2
2026-07-31 11:33:22,NODO 1.04,36.11,57.99,1004.0,3925.0,91.2,-108,6.2
2026-07-31 11:34:06,NODO 1.49,31.64,83.94,1003.0,3680.0,88.7,-115,1.2
2026-07-31 11:34:26,NODO 1.43,45.26,34.81,1005.0,4067.0,88.4,-109,-1.5
2026-07-31 11:34:39,NODO 1.05,32.66,100.0,1005.0,4018.0,89.7,-114,0.2
2026-07-31 11:34:56,NODO 1.24,34.37,62.23,1004.0,4116.0,90.6,-119,-8.0
2026-07-31 11:35:15,NODO 1.58,31.19,78.65,1005.0,3842.0,89.7,-113,5.0
2026-07-31 11:35:32,NODO 1.27,40.18,50.22,1002.0,4038.0,93.3,-103,8.0
2026-07-31 11:36:06,NODO 1.48,30.09,80.33,1006.0,3881.0,91.5,-114,-3.0
2026-07-31 11:36:11,NODO 1.03,32.75,77.04,1005.0,3582.0,87.1,-115,2.8
2026-07-31 11:36:58,NODO 1.41,46.84,30.64,1004.0,4082.0,86.8,-115,1.2
2026-07-31 11:37:59,NODO 1.21,31.51,70.3,1005.0,3597.0,84.0,-108,0.8
2026-07-31 11:39:44,NODO 1.02,31.46,74.11,1004.0,3788.0,80.4,-102,8.2
2026-07-31 11:40:05,NODO 1.16,0.0,0.0,0.0,4092.0,83.4,-89,7.2
2026-07-31 11:40:13,NODO 1.19,41.58,50.83,1005.0,3822.0,86.3,-91,12.0
2026-07-31 11:40:32,NODO 1.33,49.58,25.79,1004.0,4092.0,86.4,-96,8.8
2026-07-31 11:41:02,NODO 1.29,30.3,100.0,1004.0,3871.0,89.2,-107,8.2
2026-07-31 11:41:05,NODO 1.39,46.35,42.41,1004.0,4155.0,92.8,-96,8.8
2026-07-31 11:41:05,NODO 1.22,41.48,42.48,1005.0,4067.0,92.6,-101,8.2
2026-07-31 11:41:45,NODO 1.25,44.16,35.72,1004.0,4092.0,95.2,-97,9.5
2026-07-31 11:42:20,NODO 1.34,46.81,29.08,1002.0,4116.0,95.3,-95,9.0
2026-07-31 11:42:26,NODO 1.06,46.7,32.45,1004.0,3905.0,95.6,-105,11.2
2026-07-31 11:43:00,NODO 1.38,31.04,74.45,1006.0,3871.0,93.0,-113,-0.5
2026-07-31 11:43:10,NODO 1.16,0.0,0.0,0.0,4092.0,93.3,-85,9.0
2026-07-31 11:43:53,NODO 1.59,30.91,70.2,1002.0,3925.0,91.6,-120,-6.2
2026-07-31 11:44:06,NODO 1.30,30.63,90.41,1006.0,3856.0,89.0,-119,-14.5
2026-07-31 11:44:28,NODO 1.53,30.26,100.0,1004.0,3935.0,89.3,-113,3.5
2026-07-31 11:44:39,NODO 1.09,34.05,65.24,1005.0,4062.0,91.2,-88,10.0
2026-07-31 11:44:54,NODO 1.17,38.15,47.99,1004.0,3905.0,89.3,-99,9.5
2026-07-31 11:45:05,NODO 1.42,36.95,58.7,1004.0,4028.0,90.4,-120,-6.8
2026-07-31 11:45:15,NODO 1.08,34.75,100.0,1004.0,3807.0,89.9,-118,-1.8
2026-07-31 11:46:07,NODO 1.35,49.95,29.23,1004.0,4087.0,91.4,-97,10.0
2026-07-31 11:46:15,NODO 1.44,47.76,29.36,1005.0,4121.0,92.0,-102,8.8
2026-07-31 11:47:45,NODO 1.18,35.3,92.46,1004.0,2906.0,80.7,-97,10.0
2026-07-31 11:47:45,NODO 1.01,31.18,100.0,1004.0,3871.0,74.6,-118,-3.8
2026-07-31 11:48:06,NODO 1.31,31.52,73.41,1005.0,3734.0,71.0,-113,1.2
2026-07-31 11:50:31,NODO 1.28,33.05,70.96,1005.0,3822.0,37.2,-115,1.5
2026-07-31 11:51:02,NODO 1.12,31.79,71.61,1005.0,3822.0,18.1,-91,9.0
2026-07-31 11:51:03,NODO 1.37,46.67,34.01,1005.0,4082.0,85.8,-120,-7.8
2026-07-31 11:51:27,NODO 1.26,37.13,54.69,1004.0,4008.0,87.2,-99,9.8
2026-07-31 11:51:31,NODO 1.32,30.01,100.0,1004.0,3704.0,86.9,-102,8.2
2026-07-31 11:52:32,NODO 1.51,30.29,84.96,1005.0,3891.0,87.6,-90,9.2
2026-07-31 11:54:59,NODO 1.52,33.0,63.47,1005.0,3945.0,88.8,-120,-6.8
2026-07-31 11:55:53,NODO 1.46,46.41,31.83,1004.0,4067.0,88.7,-83,9.0
2026-07-31 11:56:19,NODO 1.56,29.25,81.79,1004.0,3704.0,85.6,-115,1.8
2026-07-31 11:58:31,NODO 1.14,32.5,100.0,1005.0,3891.0,87.5,-82,10.5
2026-07-31 11:58:39,NODO 1.15,45.24,40.1,1005.0,3886.0,87.4,-99,9.2
2026-07-31 11:58:59,NODO 1.40,47.38,30.74,1004.0,4141.0,89.4,-99,9.5
2026-07-31 11:59:05,NODO 1.57,30.57,69.56,1003.0,3753.0,86.2,-118,-7.2
2026-07-31 11:59:31,NODO 1.36,30.66,100.0,1002.0,3827.0,87.5,-114,0.8
2026-07-31 11:59:38,NODO 1.45,46.26,29.47,1004.0,4077.0,89.3,-120,-6.8
2026-07-31 11:59:49,NODO 1.20,30.85,100.0,1005.0,3704.0,87.5,-112,4.5
2026-07-31 11:59:59,NODO 1.60,32.41,66.89,1005.0,3886.0,85.0,-107,7.0
2026-07-31 12:00:09,NODO 1.10,32.23,69.61,1005.0,3925.0,86.7,-83,8.8
2026-07-31 12:00:54,NODO 1.13,35.88,71.08,1004.0,4106.0,89.5,-111,5.8
2026-07-31 12:01:33,NODO 1.23,32.59,100.0,1004.0,3886.0,87.6,-117,-6.8
2026-07-31 12:03:01,NODO 1.54,43.57,32.56,1002.0,4028.0,90.8,-119,-5.0
2026-07-31 12:03:15,NODO 1.04,36.55,57.73,1004.0,3915.0,91.1,-107,7.2
2026-07-31 12:03:59,NODO 1.49,31.44,81.29,1003.0,3700.0,88.8,-107,6.2
2026-07-31 12:04:19,NODO 1.43,43.83,33.63,1004.0,4067.0,88.5,-120,-9.2
2026-07-31 12:04:33,NODO 1.05,33.15,100.0,1004.0,4033.0,89.9,-95,8.8
2026-07-31 12:04:51,NODO 1.24,33.16,67.63,1004.0,4121.0,90.9,-82,8.5
2026-07-31 12:05:14,NODO 1.58,31.56,74.35,1005.0,3847.0,90.2,-105,4.8
2026-07-31 12:05:25,NODO 1.27,37.74,54.21,1002.0,4047.0,93.7,-110,-1.8
2026-07-31 12:05:40,NODO 1.16,0.0,0.0,0.0,3989.0,92.9,-90,9.2
2026-07-31 12:06:00,NODO 1.48,30.71,81.35,1006.0,3881.0,91.3,-104,7.8
2026-07-31 12:06:04,NODO 1.03,32.74,76.61,1004.0,3582.0,86.0,-84,9.5
2026-07-31 12:06:46,NODO 1.41,45.01,33.56,1004.0,4087.0,88.4,-114,0.2
2026-07-31 12:07:53,NODO 1.21,31.67,68.05,1005.0,3597.0,83.4,-117,-5.5
2026-07-31 12:09:39,NODO 1.02,31.73,72.94,1004.0,3793.0,80.6,-108,4.5
2026-07-31 12:10:08,NODO 1.19,40.73,44.71,1004.0,3827.0,79.3,-93,12.2
2026-07-31 12:10:29,NODO 1.33,46.5,30.27,1003.0,4087.0,86.4,-90,12.5
2026-07-31 12:10:55,NODO 1.22,36.97,53.08,1004.0,4067.0,86.2,-96,9.0
2026-07-31 12:10:55,NODO 1.29,30.65,94.27,1003.0,3886.0,89.1,-88,9.2
2026-07-31 12:10:59,NODO 1.39,44.29,42.12,1003.0,4155.0,92.7,-97,9.0
2026-07-31 12:11:35,NODO 1.25,41.4,38.63,1004.0,4092.0,95.2,-108,6.0
2026-07-31 12:12:10,NODO 1.34,42.87,36.67,1002.0,4121.0,95.5,-100,6.5
2026-07-31 12:12:18,NODO 1.06,42.72,38.36,1004.0,3905.0,94.1,-99,10.2
2026-07-31 12:13:42,NODO 1.59,31.0,73.04,1001.0,3925.0,94.5,-117,-7.0
2026-07-31 12:13:57,NODO 1.30,0.0,0.0,0.0,3861.0,91.5,-119,-10.5
2026-07-31 12:14:21,NODO 1.53,30.4,100.0,1004.0,3935.0,90.0,-102,9.0
2026-07-31 12:14:32,NODO 1.09,34.68,62.79,1004.0,4062.0,89.4,-99,9.0
2026-07-31 12:14:44,NODO 1.17,36.33,53.11,1003.0,3905.0,89.4,-109,7.0
2026-07-31 12:15:01,NODO 1.42,37.75,52.72,1004.0,4028.0,90.4,-119,-7.8
2026-07-31 12:15:08,NODO 1.08,35.0,100.0,1003.0,3798.0,89.8,-105,7.2
2026-07-31 12:15:57,NODO 1.35,45.65,35.98,1004.0,4077.0,91.2,-112,5.2
2026-07-31 12:16:04,NODO 1.44,44.12,33.27,1004.0,4126.0,91.8,-107,9.2
2026-07-31 12:17:35,NODO 1.18,34.34,91.22,1004.0,2974.0,81.5,-95,9.5
2026-07-31 12:17:41,NODO 1.01,31.34,98.94,1004.0,3871.0,77.3,-107,-0.2
2026-07-31 12:17:57,NODO 1.31,31.75,75.0,1005.0,3744.0,74.6,-117,-1.0
2026-07-31 12:20:20,NODO 1.28,32.62,75.02,1004.0,3822.0,48.3,-118,-7.2
2026-07-31 12:20:54,NODO 1.37,45.41,37.46,1004.0,4087.0,43.1,-105,9.0
2026-07-31 12:20:55,NODO 1.12,32.0,71.23,1005.0,3827.0,86.0,-119,-8.5
2026-07-31 12:21:17,NODO 1.26,35.34,61.1,1004.0,4018.0,87.5,-109,4.8
2026-07-31 12:21:26,NODO 1.32,29.84,100.0,1004.0,3704.0,87.1,-112,5.8
2026-07-31 12:22:28,NODO 1.51,30.55,95.85,1005.0,3891.0,87.8,-118,-6.8
2026-07-31 12:24:53,NODO 1.52,33.46,69.29,1004.0,3935.0,86.2,-113,2.0
2026-07-31 12:25:42,NODO 1.46,42.73,38.11,1003.0,4067.0,88.7,-84,9.2
2026-07-31 12:26:12,NODO 1.56,29.54,83.45,1004.0,3695.0,85.4,-109,5.0
2026-07-31 12:27:10,NODO 1.50,33.34,58.88,1006.0,4145.0,89.8,-113,5.0
2026-07-31 12:28:22,NODO 1.14,32.21,100.0,1004.0,3891.0,89.8,-89,10.8
2026-07-31 12:28:26,NODO 1.15,42.54,44.84,1004.0,3871.0,89.2,-103,9.2
2026-07-31 12:28:46,NODO 1.40,43.32,39.13,1003.0,4145.0,90.0,-118,-3.8
2026-07-31 12:28:58,NODO 1.57,30.72,72.81,1003.0,3753.0,90.5,-119,-10.0
2026-07-31 12:29:23,NODO 1.36,30.94,100.0,1002.0,3847.0,87.6,-114,-2.8
2026-07-31 12:29:27,NODO 1.45,43.15,38.49,1004.0,4067.0,89.3,-103,9.2
2026-07-31 12:29:43,NODO 1.20,30.94,100.0,1005.0,3704.0,87.7,-83,8.8
2026-07-31 12:29:49,NODO 1.60,33.2,64.99,1004.0,3886.0,85.1,-113,
2026-07-31 12:30:01,NODO 1.10,32.11,70.61,1004.0,3925.0,86.8,-112,5.8
2026-07-31 12:30:47,NODO 1.13,35.5,74.19,1004.0,4116.0,89.5,-113,5.0
2026-07-31 12:31:26,NODO 1.23,32.83,100.0,1003.0,3886.0,87.7,-115,3.2
2026-07-31 12:32:52,NODO 1.54,41.36,36.02,1001.0,4028.0,90.9,-35,9.2
2026-07-31 12:33:07,NODO 1.04,36.05,60.37,1003.0,3925.0,91.3,-111,6.5
2026-07-31 12:33:49,NODO 1.49,31.24,81.78,1002.0,3680.0,88.8,-118,-0.5
2026-07-31 12:34:09,NODO 1.43,43.42,35.98,1004.0,4082.0,88.5,-121,-7.8
2026-07-31 12:34:27,NODO 1.05,33.59,100.0,1004.0,4033.0,90.0,-105,8.5
2026-07-31 12:34:45,NODO 1.24,34.58,66.1,1004.0,4121.0,90.9,-81,9.5
2026-07-31 12:35:04,NODO 1.58,32.07,75.41,1005.0,3842.0,90.1,-120,-8.0
2026-07-31 12:35:17,NODO 1.16,0.0,0.0,0.0,3974.0,93.0,-96,9.0
2026-07-31 12:35:18,NODO 1.27,37.49,56.7,1001.0,4047.0,92.7,-105,7.5
2026-07-31 12:35:54,NODO 1.48,30.59,81.09,1005.0,3881.0,91.2,-111,-5.0
2026-07-31 12:35:57,NODO 1.03,32.93,76.42,1004.0,3582.0,85.8,-100,8.2
2026-07-31 12:36:36,NODO 1.41,43.72,35.69,1004.0,4057.0,87.9,-118,-3.8
2026-07-31 12:37:47,NODO 1.21,31.89,70.18,1004.0,3597.0,83.8,-113,-1.8
2026-07-31 12:39:30,NODO 1.02,31.79,73.53,1003.0,3788.0,80.1,-90,9.2
2026-07-31 12:40:03,NODO 1.19,41.07,43.66,1004.0,3822.0,77.3,-114,3.8
2026-07-31 12:40:17,NODO 1.33,45.87,32.13,1003.0,4092.0,86.1,-94,12.0
2026-07-31 12:40:46,NODO 1.22,35.96,56.21,1004.0,4067.0,91.2,-103,5.8
2026-07-31 12:40:48,NODO 1.29,30.88,100.0,1003.0,3886.0,92.2,-109,6.5
2026-07-31 12:40:53,NODO 1.39,43.65,42.5,1003.0,4155.0,95.3,-105,8.8
2026-07-31 12:41:24,NODO 1.25,39.99,42.61,1004.0,4092.0,95.3,-107,8.5
2026-07-31 12:42:04,NODO 1.34,42.08,38.06,1002.0,4116.0,95.4,-97,8.2
2026-07-31 12:42:10,NODO 1.06,42.79,38.36,1003.0,3905.0,94.0,-90,11.5
2026-07-31 12:42:44,NODO 1.38,31.55,69.69,1005.0,3886.0,94.0,-118,-4.5
2026-07-31 12:43:00,NODO 1.16,21.98,51.17,1001.0,3989.0,92.4,-113,1.2
2026-07-31 12:43:01,NODO 1.16,21.98,51.19,1001.0,3994.0,91.4,-119,-5.2
2026-07-31 12:43:33,NODO 1.59,31.18,70.01,1001.0,3925.0,89.5,-109,-10.8
2026-07-31 12:43:49,NODO 1.30,0.0,0.0,0.0,3851.0,89.0,-113,4.0
2026-07-31 12:44:16,NODO 1.53,30.51,100.0,1003.0,3935.0,89.4,-111,5.0
2026-07-31 12:44:24,NODO 1.09,35.2,59.52,1004.0,4062.0,90.2,-117,-9.5
2026-07-31 12:44:36,NODO 1.17,35.91,56.14,1003.0,3905.0,89.3,-105,9.8
2026-07-31 12:44:55,NODO 1.42,38.96,47.8,1004.0,4033.0,90.4,-119,-8.8
2026-07-31 12:45:03,NODO 1.08,35.31,100.0,1003.0,3807.0,89.9,-102,-7.5
2026-07-31 12:45:49,NODO 1.35,44.46,38.25,1003.0,4092.0,91.5,-115,3.0
2026-07-31 12:45:56,NODO 1.44,41.71,40.61,1004.0,4121.0,92.1,-102,8.0
2026-07-31 12:47:28,NODO 1.18,34.07,91.03,1003.0,2979.0,81.9,-105,9.2
2026-07-31 12:47:34,NODO 1.01,31.66,100.0,1004.0,3886.0,79.2,-119,-6.0
2026-07-31 12:47:48,NODO 1.31,31.39,76.73,1005.0,3744.0,76.1,-96,8.5
2026-07-31 12:50:12,NODO 1.28,32.43,77.36,1004.0,3822.0,50.3,-112,4.8
2026-07-31 12:50:47,NODO 1.37,44.01,36.21,1004.0,4067.0,43.1,-116,-6.0
2026-07-31 12:50:50,NODO 1.12,31.83,77.05,1004.0,3822.0,85.9,-118,-3.5
2026-07-31 12:51:10,NODO 1.26,34.54,64.04,1003.0,4013.0,87.2,-108,6.8
2026-07-31 12:51:20,NODO 1.32,29.88,100.0,1003.0,3704.0,86.8,-108,5.5
2026-07-31 12:52:21,NODO 1.51,30.4,96.6,1004.0,3891.0,87.5,-117,-6.0
2026-07-31 12:54:45,NODO 1.52,33.39,66.17,1004.0,3945.0,86.2,-108,-0.5
2026-07-31 12:55:34,NODO 1.46,41.51,40.01,1002.0,4082.0,88.8,-111,-1.0
2026-07-31 12:56:01,NODO 1.56,29.63,81.36,1003.0,3695.0,85.7,-108,6.8
2026-07-31 12:58:13,NODO 1.14,32.05,100.0,1004.0,3891.0,87.5,-101,9.5
2026-07-31 12:58:18,NODO 1.15,40.5,45.64,1003.0,3851.0,87.1,-111,3.8
2026-07-31 12:58:39,NODO 1.40,41.99,41.32,1002.0,4141.0,89.1,-97,9.5
2026-07-31 12:58:50,NODO 1.57,30.75,66.05,1002.0,3753.0,85.8,-118,-6.8
2026-07-31 12:59:16,NODO 1.36,30.72,100.0,1001.0,3827.0,87.1,-119,-4.5
2026-07-31 12:59:21,NODO 1.45,41.44,37.99,1003.0,4067.0,88.9,-103,9.2
2026-07-31 12:59:36,NODO 1.20,30.96,100.0,1004.0,3700.0,87.4,-115,4.2
2026-07-31 12:59:42,NODO 1.60,32.86,66.86,1003.0,3871.0,84.5,-106,7.8
2026-07-31 12:59:53,NODO 1.10,32.08,66.58,1004.0,3925.0,86.4,-118,-0.8
2026-07-31 13:00:39,NODO 1.13,34.63,76.12,1003.0,4106.0,89.2,-107,5.0
2026-07-31 13:01:19,NODO 1.23,32.4,100.0,1003.0,3886.0,87.4,-114,1.8
2026-07-31 13:02:40,NODO 1.04,36.52,64.46,1003.0,3925.0,88.8,-118,-1.8
2026-07-31 13:03:43,NODO 1.49,31.03,80.58,1001.0,3695.0,82.1,-111,1.5
2026-07-31 13:03:59,NODO 1.43,42.54,36.61,1003.0,4077.0,87.5,-114,1.0
2026-07-31 13:04:18,NODO 1.05,33.21,100.0,1003.0,4033.0,89.1,-103,7.8
2026-07-31 13:04:39,NODO 1.24,33.56,66.25,1003.0,4131.0,91.1,-101,8.5
2026-07-31 13:04:55,NODO 1.58,31.78,76.24,1004.0,3847.0,90.3,-101,10.5
2026-07-31 13:05:11,NODO 1.27,37.62,56.47,1001.0,4047.0,93.8,-107,7.8
2026-07-31 13:05:44,NODO 1.48,30.58,83.15,1005.0,3881.0,91.9,-103,7.2
2026-07-31 13:05:50,NODO 1.03,33.12,76.31,1003.0,3582.0,87.4,-87,9.8
2026-07-31 13:06:25,NODO 1.41,42.56,37.69,1003.0,4092.0,87.0,-119,-5.2
2026-07-31 13:07:37,NODO 1.21,31.59,69.94,1003.0,3597.0,84.3,-117,-6.0
2026-07-31 13:09:19,NODO 1.02,31.67,76.08,1002.0,3793.0,80.6,-93,9.5
2026-07-31 13:09:53,NODO 1.19,41.02,44.12,1003.0,3822.0,79.3,-118,-4.5
2026-07-31 13:10:06,NODO 1.33,44.67,34.54,1002.0,4087.0,86.4,-96,12.8
2026-07-31 13:10:36,NODO 1.22,35.99,57.15,1003.0,4067.0,91.1,-108,8.5
2026-07-31 13:10:39,NODO 1.29,30.94,98.66,1002.0,3886.0,92.0,-93,8.0
2026-07-31 13:10:46,NODO 1.39,41.89,44.23,1002.0,4145.0,95.1,-92,9.8
2026-07-31 13:11:13,NODO 1.25,42.47,38.29,1003.0,4092.0,95.2,-109,-4.0
2026-07-31 13:11:51,NODO 1.34,41.85,40.99,1001.0,4126.0,95.4,-72,9.0
2026-07-31 13:11:58,NODO 1.06,42.84,38.75,1002.0,3905.0,94.0,-94,10.8
2026-07-31 13:12:34,NODO 1.38,31.48,69.86,1004.0,3881.0,94.0,-119,-6.5
2026-07-31 13:12:50,NODO 1.16,21.82,51.77,1000.0,3989.0,92.4,-100,9.2
2026-07-31 13:13:21,NODO 1.59,31.11,69.98,1000.0,3915.0,90.7,-117,-6.0
2026-07-31 13:13:37,NODO 1.30,0.0,0.0,0.0,3847.0,87.9,-120,-10.0
2026-07-31 13:14:06,NODO 1.53,30.26,100.0,1003.0,3935.0,88.2,-109,
2026-07-31 13:14:15,NODO 1.09,36.45,57.32,1003.0,4077.0,90.1,-99,9.8
2026-07-31 13:14:26,NODO 1.17,35.88,57.01,1002.0,3900.0,89.2,-114,2.5
2026-07-31 13:14:46,NODO 1.42,40.54,47.32,1003.0,4057.0,90.7,-120,-6.5
2026-07-31 13:14:56,NODO 1.08,35.15,100.0,1002.0,3798.0,90.2,-119,-2.2
2026-07-31 13:15:39,NODO 1.35,43.79,38.95,1003.0,4082.0,91.6,-119,-9.0
2026-07-31 13:15:45,NODO 1.44,42.27,37.43,1003.0,4121.0,92.1,-103,8.8
2026-07-31 13:17:20,NODO 1.18,35.68,92.11,1003.0,2920.0,81.1,-97,8.5
2026-07-31 13:17:23,NODO 1.01,31.77,100.0,1003.0,3881.0,75.1,-117,-4.0
2026-07-31 13:17:39,NODO 1.31,31.88,74.29,1004.0,3744.0,72.4,-115,-1.5
2026-07-31 13:20:02,NODO 1.28,32.73,76.81,1003.0,3822.0,41.7,-113,4.5
2026-07-31 13:20:35,NODO 1.37,44.99,37.75,1003.0,4087.0,37.2,-114,3.5
2026-07-31 13:20:41,NODO 1.12,32.0,75.31,1004.0,3822.0,86.1,-119,-5.0
2026-07-31 13:21:00,NODO 1.26,35.22,60.47,1003.0,4018.0,87.4,-101,10.2
2026-07-31 13:21:12,NODO 1.32,30.27,93.92,1003.0,3704.0,87.0,-102,8.0
2026-07-31 13:22:12,NODO 1.51,30.85,97.12,1004.0,3891.0,87.7,-95,9.8
2026-07-31 13:24:36,NODO 1.52,34.02,61.97,1003.0,3945.0,86.3,-114,1.0
2026-07-31 13:25:28,NODO 1.46,43.36,37.25,1002.0,4067.0,88.8,-110,3.8
2026-07-31 13:25:49,NODO 1.56,29.57,81.17,1003.0,3695.0,85.5,-108,5.8
2026-07-31 13:26:51,NODO 1.50,32.89,60.82,1005.0,4145.0,89.9,-113,3.5
2026-07-31 13:28:03,NODO 1.14,32.29,100.0,1003.0,3891.0,89.9,-117,-4.5
2026-07-31 13:28:09,NODO 1.15,40.84,46.97,1003.0,3871.0,89.2,-108,7.8
2026-07-31 13:28:28,NODO 1.40,40.84,40.43,1002.0,4141.0,89.9,-96,8.8
2026-07-31 13:28:41,NODO 1.57,30.84,71.26,1002.0,3753.0,90.5,-119,-11.8
2026-07-31 13:29:06,NODO 1.36,30.68,100.0,1000.0,3827.0,87.3,-119,-2.0
2026-07-31 13:29:13,NODO 1.45,42.46,36.38,1003.0,4067.0,89.1,-99,9.5
2026-07-31 13:29:33,NODO 1.20,31.19,100.0,1004.0,3704.0,87.4,-115,3.2
2026-07-31 13:29:35,NODO 1.60,34.0,64.42,1003.0,3891.0,84.9,-102,8.8
2026-07-31 13:29:43,NODO 1.10,32.25,70.58,1003.0,3925.0,86.6,-112,5.8
2026-07-31 13:30:30,NODO 1.13,36.0,74.85,1002.0,4106.0,89.4,-111,4.2
2026-07-31 13:31:08,NODO 1.23,32.65,100.0,1002.0,3886.0,87.6,-119,-4.0
2026-07-31 13:32:38,NODO 1.54,40.91,39.49,1000.0,4052.0,91.1,-34,9.2
2026-07-31 13:32:51,NODO 1.04,36.27,60.66,1002.0,3925.0,91.4,-94,10.0
2026-07-31 13:33:30,NODO 1.49,30.96,81.07,1001.0,3695.0,89.1,-119,-4.0
2026-07-31 13:33:50,NODO 1.43,43.17,37.35,1003.0,4092.0,89.0,-113,5.2
2026-07-31 13:34:13,NODO 1.05,33.84,100.0,1003.0,4047.0,90.6,-96,10.5
2026-07-31 13:34:35,NODO 1.24,34.75,67.36,1002.0,4126.0,91.3,-85,10.2
2026-07-31 13:34:48,NODO 1.58,31.86,73.79,1003.0,3847.0,90.6,-120,-7.8
2026-07-31 13:35:08,NODO 1.27,39.54,53.97,1000.0,4077.0,94.4,-112,-3.5
2026-07-31 13:35:36,NODO 1.48,31.16,77.97,1004.0,3881.0,92.3,-106,6.8
2026-07-31 13:35:40,NODO 1.03,33.48,78.73,1003.0,3587.0,87.7,-88,10.5
2026-07-31 13:36:19,NODO 1.41,45.04,36.69,1002.0,4087.0,87.3,-111,2.2
2026-07-31 13:37:30,NODO 1.21,32.03,71.69,1003.0,3597.0,84.7,-114,2.0
2026-07-31 13:39:11,NODO 1.02,32.02,73.79,1002.0,3793.0,80.6,-102,7.5
2026-07-31 13:39:50,NODO 1.19,43.77,39.6,1003.0,3827.0,79.5,-90,13.0
2026-07-31 13:40:06,NODO 1.33,45.45,33.45,1002.0,4092.0,86.5,-88,12.2
2026-07-31 13:40:28,NODO 1.22,35.36,59.69,1002.0,4067.0,86.3,-109,7.2
2026-07-31 13:40:32,NODO 1.29,31.4,96.43,1002.0,3886.0,89.2,-103,7.8
2026-07-31 13:40:42,NODO 1.39,42.87,42.38,1001.0,4145.0,92.7,-98,9.0
2026-07-31 13:41:06,NODO 1.25,43.55,36.83,1002.0,4092.0,95.2,-97,9.5
2026-07-31 13:41:45,NODO 1.34,43.08,38.14,1000.0,4116.0,95.5,-95,8.8
2026-07-31 13:41:51,NODO 1.06,43.01,39.09,1002.0,3900.0,95.6,-93,11.0
2026-07-31 13:42:27,NODO 1.38,31.78,69.65,1004.0,3871.0,93.2,-116,-4.5
2026-07-31 13:42:44,NODO 1.16,21.77,55.67,1000.0,3974.0,92.0,-119,-6.8
2026-07-31 13:43:11,NODO 1.59,31.24,71.44,1000.0,3925.0,90.4,-117,-10.5
2026-07-31 13:43:31,NODO 1.30,0.0,0.0,0.0,3832.0,87.5,-118,-8.2
2026-07-31 13:44:00,NODO 1.53,30.47,100.0,1002.0,3935.0,87.9,-115,2.0
2026-07-31 13:44:09,NODO 1.09,37.2,56.88,1003.0,4077.0,89.9,-118,-3.8
2026-07-31 13:44:21,NODO 1.17,36.13,58.2,1002.0,3900.0,89.2,-102,7.5
2026-07-31 13:44:45,NODO 1.42,42.11,38.85,1002.0,4062.0,90.6,-111,5.2
2026-07-31 13:44:50,NODO 1.08,35.41,91.78,1002.0,3798.0,90.2,-103,10.0
2026-07-31 13:45:33,NODO 1.35,43.48,38.53,1002.0,4077.0,91.6,-109,3.8
2026-07-31 13:45:39,NODO 1.44,41.68,39.06,1002.0,4121.0,92.1,-103,7.5
2026-07-31 13:47:12,NODO 1.18,34.63,88.36,1002.0,2979.0,82.0,-108,6.8
2026-07-31 13:47:18,NODO 1.01,31.83,98.18,1002.0,3886.0,78.0,-109,6.2
2026-07-31 13:47:33,NODO 1.31,31.98,74.3,1003.0,3739.0,75.1,-117,-2.0
2026-07-31 13:49:55,NODO 1.28,32.65,77.12,1003.0,3822.0,50.3,-109,2.0
2026-07-31 13:50:40,NODO 1.37,44.61,35.91,1002.0,4082.0,89.0,-108,7.5
2026-07-31 13:50:40,NODO 1.12,32.05,73.58,1003.0,3822.0,88.4,-119,-6.8
2026-07-31 13:50:51,NODO 1.26,34.06,66.23,1002.0,4018.0,91.2,-119,-7.5
2026-07-31 13:51:07,NODO 1.32,30.61,99.5,1002.0,3704.0,87.0,-101,8.8
2026-07-31 13:52:05,NODO 1.51,30.94,93.52,1003.0,3891.0,87.7,-89,9.2
2026-07-31 13:54:29,NODO 1.52,33.49,65.31,1002.0,3935.0,86.2,-120,-7.2
2026-07-31 13:55:25,NODO 1.46,41.7,40.69,1001.0,4067.0,88.7,-85,10.8
2026-07-31 13:55:44,NODO 1.56,29.76,80.78,1002.0,3695.0,85.4,-109,6.8
2026-07-31 13:57:53,NODO 1.14,31.98,100.0,1002.0,3891.0,87.3,-102,8.8
2026-07-31 13:58:01,NODO 1.15,39.09,51.73,1002.0,3871.0,87.1,-99,9.5
2026-07-31 13:58:19,NODO 1.40,38.5,45.19,1001.0,4141.0,89.2,-95,9.8
2026-07-31 13:58:32,NODO 1.57,30.58,73.91,1001.0,3753.0,86.0,-119,-9.0
2026-07-31 13:58:57,NODO 1.36,30.58,100.0,1000.0,3827.0,87.3,-117,-1.8
2026-07-31 13:59:06,NODO 1.45,39.84,40.31,1002.0,4067.0,89.1,-95,9.5
2026-07-31 13:59:19,NODO 1.20,31.06,100.0,1003.0,3700.0,87.4,-114,1.2
2026-07-31 13:59:29,NODO 1.60,33.11,67.37,1002.0,3886.0,84.8,-107,5.0
2026-07-31 13:59:37,NODO 1.10,31.86,72.41,1002.0,3925.0,86.5,-89,9.2
2026-07-31 14:00:26,NODO 1.13,35.59,73.28,1002.0,4106.0,89.3,-108,7.5
2026-07-31 14:00:59,NODO 1.23,32.16,100.0,1002.0,3886.0,87.5,-117,-5.5
2026-07-31 14:02:30,NODO 1.54,38.98,42.3,999.0,4018.0,90.7,-119,-4.0
2026-07-31 14:02:42,NODO 1.04,35.52,62.65,1002.0,3920.0,91.0,-94,7.2
2026-07-31 14:03:23,NODO 1.49,30.65,79.97,1000.0,3695.0,88.8,-113,3.2
2026-07-31 14:03:42,NODO 1.43,40.58,42.47,1002.0,4092.0,88.6,-115,-3.8
2026-07-31 14:04:04,NODO 1.05,33.73,100.0,1002.0,4033.0,90.1,-115,1.2
2026-07-31 14:04:29,NODO 1.24,33.08,73.83,1002.0,4116.0,91.1,-119,-5.8
2026-07-31 14:04:41,NODO 1.58,31.61,78.56,1003.0,3847.0,90.3,-115,-4.8
2026-07-31 14:04:58,NODO 1.27,35.91,57.7,1000.0,4067.0,94.0,-106,7.2
2026-07-31 14:05:31,NODO 1.03,32.82,83.47,1002.0,3582.0,89.0,-84,7.8
2026-07-31 14:05:31,NODO 1.48,30.71,80.62,1004.0,3886.0,87.5,-105,5.5
2026-07-31 14:06:03,NODO 1.41,40.16,41.66,1002.0,4057.0,86.9,-119,-4.5
2026-07-31 14:07:21,NODO 1.21,31.38,72.54,1002.0,3597.0,84.1,-109,-5.2
2026-07-31 14:09:00,NODO 1.02,31.68,75.55,1002.0,3793.0,80.2,-91,10.8
2026-07-31 14:09:40,NODO 1.19,38.02,44.27,1002.0,3822.0,83.6,-87,11.8
2026-07-31 14:09:48,NODO 1.33,40.3,42.29,1001.0,4077.0,86.0,-84,8.5
2026-07-31 14:10:20,NODO 1.22,34.46,65.8,1002.0,4052.0,85.9,-103,7.0
2026-07-31 14:10:23,NODO 1.29,31.11,98.96,1001.0,3886.0,88.8,-112,0.2
2026-07-31 14:10:34,NODO 1.39,37.91,46.54,1001.0,4141.0,92.3,-95,8.8
2026-07-31 14:10:51,NODO 1.25,38.68,48.73,1002.0,4092.0,95.0,-97,8.8
2026-07-31 14:11:31,NODO 1.34,37.75,48.77,1000.0,4116.0,95.2,-109,6.8
2026-07-31 14:11:39,NODO 1.06,38.8,49.95,1001.0,3900.0,93.8,-101,9.2
2026-07-31 14:12:18,NODO 1.38,31.26,69.94,1004.0,3871.0,93.7,-118,-3.5
2026-07-31 14:12:39,NODO 1.16,21.77,56.45,999.0,3974.0,92.0,-120,-5.5
2026-07-31 14:12:59,NODO 1.59,30.61,75.04,999.0,3920.0,90.3,-119,-7.5
2026-07-31 14:13:21,NODO 1.30,0.0,0.0,0.0,3832.0,87.5,-119,-9.0
2026-07-31 14:13:53,NODO 1.53,30.14,100.0,1002.0,3935.0,87.8,-101,8.5
2026-07-31 14:13:59,NODO 1.09,35.0,66.83,1002.0,4077.0,89.9,-85,9.0
2026-07-31 14:14:10,NODO 1.17,34.18,63.85,1001.0,3900.0,89.1,-102,9.2
2026-07-31 14:14:28,NODO 1.42,36.5,49.96,1002.0,4062.0,90.6,-108,2.0
2026-07-31 14:14:41,NODO 1.08,33.81,100.0,1001.0,3798.0,90.2,-111,5.5
2026-07-31 14:15:19,NODO 1.35,38.89,48.22,1002.0,4057.0,91.4,-94,9.0
2026-07-31 14:15:25,NODO 1.44,37.27,49.84,1002.0,4116.0,91.8,-91,8.0
2026-07-31 14:17:14,NODO 1.18,33.16,89.61,1002.0,2999.0,81.9,-97,8.5
2026-07-31 14:17:14,NODO 1.01,31.34,91.4,1002.0,3871.0,77.0,-118,-0.5
2026-07-31 14:17:23,NODO 1.31,31.23,80.96,1003.0,3744.0,74.4,-107,6.8
2026-07-31 14:19:48,NODO 1.28,32.2,82.67,1002.0,3822.0,50.3,-115,2.8
2026-07-31 14:20:15,NODO 1.37,38.43,47.25,1002.0,4077.0,45.1,-119,-2.2
2026-07-31 14:20:29,NODO 1.12,31.53,79.25,1003.0,3822.0,85.9,-121,-5.2
2026-07-31 14:20:40,NODO 1.26,32.54,74.03,1002.0,4008.0,87.2,-95,9.8
2026-07-31 14:20:59,NODO 1.32,30.21,100.0,1002.0,3704.0,86.8,-119,-4.2
2026-07-31 14:21:57,NODO 1.51,30.43,94.95,1003.0,3891.0,87.5,-117,-5.2
2026-07-31 14:24:20,NODO 1.52,32.41,68.99,1002.0,3935.0,86.1,-114,1.2
2026-07-31 14:25:12,NODO 1.46,37.06,51.47,1001.0,4067.0,88.5,-119,-6.0
2026-07-31 14:25:37,NODO 1.56,29.46,80.53,1002.0,3695.0,85.4,-120,-7.2
2026-07-31 14:27:43,NODO 1.14,31.52,100.0,1002.0,3896.0,87.3,-97,9.0
2026-07-31 14:27:48,NODO 1.15,36.81,65.59,1002.0,3856.0,87.0,-101,7.5
2026-07-31 14:28:06,NODO 1.40,35.16,55.45,1001.0,4131.0,89.0,-99,8.0
2026-07-31 14:28:23,NODO 1.57,30.12,75.43,1001.0,3753.0,85.8,-120,-11.0
2026-07-31 14:28:49,NODO 1.36,30.1,100.0,1000.0,3827.0,87.1,-114,4.0
2026-07-31 14:28:58,NODO 1.45,37.47,47.2,1002.0,4067.0,88.8,-95,9.2
2026-07-31 14:29:12,NODO 1.20,30.73,100.0,1003.0,3695.0,87.2,-117,-3.8
2026-07-31 14:29:20,NODO 1.60,32.27,71.64,1002.0,3886.0,84.7,-118,-7.0
2026-07-31 14:29:29,NODO 1.10,31.3,76.72,1002.0,3925.0,86.5,-90,8.8
2026-07-31 14:30:18,NODO 1.13,33.63,86.95,1002.0,4106.0,89.3,-109,7.0
2026-07-31 14:30:50,NODO 1.23,31.57,100.0,1001.0,3886.0,87.5,-113,4.0
2026-07-31 14:32:21,NODO 1.54,36.14,49.93,999.0,3998.0,90.5,-112,4.5
2026-07-31 14:32:33,NODO 1.04,34.45,68.8,1002.0,3925.0,90.9,-117,-4.2
2026-07-31 14:33:15,NODO 1.49,30.19,79.79,1000.0,3695.0,88.6,-109,4.0
2026-07-31 14:33:27,NODO 1.43,36.95,52.58,1002.0,4087.0,88.4,-111,6.2
2026-07-31 14:33:54,NODO 1.05,32.84,100.0,1002.0,4047.0,90.0,-89,9.2
2026-07-31 14:34:20,NODO 1.24,31.3,87.42,1002.0,4116.0,91.2,-118,-2.8
2026-07-31 14:34:32,NODO 1.58,31.12,80.07,1003.0,3842.0,90.4,-112,-0.2
2026-07-31 14:34:49,NODO 1.27,33.52,62.64,1000.0,4052.0,93.9,-116,-4.8
2026-07-31 14:35:19,NODO 1.03,31.65,95.55,1002.0,3592.0,89.0,-103,7.8
2026-07-31 14:35:25,NODO 1.48,30.33,80.45,1004.0,3881.0,87.3,-109,7.0
2026-07-31 14:35:48,NODO 1.41,36.82,47.96,1002.0,4052.0,86.7,-118,-4.2
2026-07-31 14:37:13,NODO 1.21,30.88,78.81,1003.0,3597.0,83.9,-119,-6.8
2026-07-31 14:38:53,NODO 1.02,31.14,79.11,1002.0,3793.0,80.2,-107,9.5
2026-07-31 14:39:31,NODO 1.19,34.75,50.01,1002.0,3812.0,83.4,-85,8.2
2026-07-31 14:39:38,NODO 1.33,37.06,46.77,1002.0,4077.0,85.8,-90,7.2
2026-07-31 14:40:12,NODO 1.22,33.09,74.35,1002.0,4057.0,85.9,-109,6.5
2026-07-31 14:40:14,NODO 1.29,30.65,100.0,1001.0,3886.0,88.8,-103,6.2
2026-07-31 14:40:27,NODO 1.39,34.73,52.93,1001.0,4141.0,92.2,-100,9.8
2026-07-31 14:40:36,NODO 1.25,35.86,58.92,1002.0,4087.0,95.0,-113,4.5
2026-07-31 14:41:19,NODO 1.34,34.09,60.88,1000.0,4106.0,95.2,-97,9.0
2026-07-31 14:41:29,NODO 1.06,35.91,63.5,1001.0,3905.0,93.8,-96,10.8
2026-07-31 14:42:09,NODO 1.38,30.69,72.98,1004.0,3871.0,93.6,-115,-3.0
2026-07-31 14:42:34,NODO 1.16,21.5,55.93,999.0,3989.0,92.1,-109,7.2
2026-07-31 14:42:49,NODO 1.59,30.14,77.46,999.0,3925.0,90.5,-117,-5.8
2026-07-31 14:43:10,NODO 1.30,0.0,0.0,0.0,3827.0,87.7,-120,-14.0
2026-07-31 14:43:46,NODO 1.53,29.66,100.0,1002.0,3935.0,88.0,-111,6.5
2026-07-31 14:43:49,NODO 1.09,33.24,77.4,1002.0,4067.0,89.9,-117,-2.8
2026-07-31 14:44:24,NODO 1.42,33.54,56.65,1002.0,4057.0,90.6,-119,-2.8
2026-07-31 14:44:35,NODO 1.08,32.22,100.0,1001.0,3798.0,89.3,-101,2.5
2026-07-31 14:45:08,NODO 1.35,35.53,61.88,1002.0,4057.0,91.6,-93,10.0
2026-07-31 14:45:14,NODO 1.44,34.5,62.02,1002.0,4116.0,93.5,-105,8.0
2026-07-31 14:46:53,NODO 1.18,31.76,88.39,1002.0,2999.0,81.8,-100,9.0
2026-07-31 14:47:04,NODO 1.01,30.88,97.3,1002.0,3871.0,77.0,-113,-6.2
2026-07-31 14:47:13,NODO 1.31,30.54,88.41,1003.0,3739.0,74.1,-117,-3.0
2026-07-31 14:49:42,NODO 1.28,31.31,91.17,1002.0,3822.0,49.6,-111,4.8
2026-07-31 14:50:02,NODO 1.37,34.07,56.04,1002.0,4077.0,44.4,-119,-7.0
2026-07-31 14:50:23,NODO 1.12,30.33,90.91,1003.0,3822.0,85.8,-95,9.8
2026-07-31 14:50:31,NODO 1.26,31.15,85.23,1002.0,4013.0,87.2,-105,9.0
2026-07-31 14:50:52,NODO 1.32,29.77,100.0,1002.0,3704.0,86.9,-111,4.0
2026-07-31 14:51:50,NODO 1.51,29.83,94.42,1003.0,3891.0,87.6,-118,1.0
2026-07-31 14:54:10,NODO 1.52,30.56,74.88,1002.0,3935.0,86.2,-112,6.0
2026-07-31 14:55:18,NODO 1.46,32.81,66.28,1000.0,4067.0,88.6,-81,9.8
2026-07-31 14:55:28,NODO 1.56,28.86,79.8,1002.0,3695.0,85.4,-118,-3.5
2026-07-31 14:57:33,NODO 1.14,30.22,100.0,1002.0,3891.0,87.3,-87,7.8
2026-07-31 14:57:35,NODO 1.15,32.82,91.93,1002.0,3856.0,86.9,-103,8.8
2026-07-31 14:57:54,NODO 1.40,31.93,65.14,1001.0,4131.0,88.9,-99,9.2
2026-07-31 14:58:15,NODO 1.57,28.97,75.69,1001.0,3753.0,85.8,-120,-9.5
2026-07-31 14:58:40,NODO 1.36,28.93,100.0,1000.0,3827.0,87.1,-114,2.8
2026-07-31 14:58:48,NODO 1.45,33.11,57.48,1002.0,4062.0,88.8,-101,10.2
2026-07-31 14:59:01,NODO 1.20,29.66,100.0,1003.0,3695.0,87.2,-119,-3.8
2026-07-31 14:59:02,NODO 1.20,29.66,100.0,1003.0,3695.0,81.9,-118,-4.2
2026-07-31 14:59:11,NODO 1.60,30.25,79.81,1002.0,3871.0,83.6,-108,6.8
2026-07-31 14:59:20,NODO 1.10,29.56,85.06,1002.0,3920.0,84.9,-95,10.0
2026-07-31 15:00:08,NODO 1.13,31.08,100.0,1002.0,4092.0,85.2,-115,1.2
2026-07-31 15:00:42,NODO 1.23,29.73,100.0,1001.0,3881.0,87.1,-119,-6.0
2026-07-31 15:02:07,NODO 1.54,31.17,65.85,999.0,3945.0,89.6,-39,9.5
2026-07-31 15:02:19,NODO 1.04,32.13,82.54,1001.0,3920.0,90.1,-111,5.2
2026-07-31 15:03:06,NODO 1.49,28.97,78.34,1000.0,3700.0,87.9,-112,3.5
2026-07-31 15:03:14,NODO 1.43,32.81,62.8,1002.0,4077.0,87.7,-102,8.5
2026-07-31 15:03:44,NODO 1.05,30.76,100.0,1002.0,4033.0,89.2,-108,6.2
2026-07-31 15:04:10,NODO 1.24,29.36,100.0,1002.0,4101.0,90.8,-103,8.5
2026-07-31 15:04:23,NODO 1.58,29.52,85.04,1003.0,3842.0,90.0,-104,2.2
2026-07-31 15:04:39,NODO 1.27,30.74,71.34,999.0,4052.0,93.5,-108,8.0
2026-07-31 15:05:08,NODO 1.03,29.84,100.0,1002.0,3577.0,88.5,-115,1.8
2026-07-31 15:05:18,NODO 1.48,29.36,82.61,1003.0,3881.0,87.0,-106,7.8
2026-07-31 15:05:29,NODO 1.41,32.16,58.02,1002.0,4038.0,86.4,-119,-5.0
2026-07-31 15:07:03,NODO 1.21,29.2,85.75,1002.0,3597.0,83.5,-119,-8.2
2026-07-31 15:08:40,NODO 1.02,29.44,87.52,1001.0,3788.0,79.0,-97,10.8
2026-07-31 15:09:18,NODO 1.19,31.11,57.14,1002.0,3812.0,83.1,-88,11.5
2026-07-31 15:09:22,NODO 1.33,32.31,62.35,1001.0,4077.0,85.6,-87,10.0
2026-07-31 15:10:01,NODO 1.22,30.71,84.13,1002.0,4052.0,85.8,-109,6.0
2026-07-31 15:10:05,NODO 1.29,29.28,100.0,1001.0,3886.0,88.7,-95,8.8
2026-07-31 15:10:18,NODO 1.39,31.0,62.81,1001.0,4131.0,92.1,-97,7.0
2026-07-31 15:10:19,NODO 1.25,31.79,74.0,1002.0,4087.0,94.8,-120,-8.8
2026-07-31 15:11:14,NODO 1.34,30.58,72.55,1000.0,4106.0,95.1,-99,9.5
2026-07-31 15:11:16,NODO 1.06,31.84,83.23,1001.0,3896.0,93.6,-101,8.2
2026-07-31 15:11:58,NODO 1.38,29.24,76.16,1003.0,3881.0,93.5,-100,4.0
2026-07-31 15:12:24,NODO 1.16,21.57,58.1,999.0,3989.0,92.1,-114,
2026-07-31 15:12:37,NODO 1.59,28.94,82.96,999.0,3915.0,90.4,-119,-5.8
2026-07-31 15:12:58,NODO 1.30,0.0,0.0,0.0,3822.0,87.5,-109,-2.0
2026-07-31 15:13:37,NODO 1.53,28.69,100.0,1002.0,3935.0,87.9,-108,6.8
2026-07-31 15:13:38,NODO 1.09,31.04,87.14,1002.0,4067.0,89.8,-118,-8.0
2026-07-31 15:13:47,NODO 1.17,30.28,80.06,1001.0,3900.0,88.9,-100,8.8
2026-07-31 15:14:04,NODO 1.42,30.09,64.33,1002.0,4033.0,90.1,-113,3.2
2026-07-31 15:14:26,NODO 1.08,30.04,100.0,1001.0,3773.0,89.6,-97,9.2
2026-07-31 15:14:53,NODO 1.35,31.59,70.26,1002.0,4057.0,90.8,-91,9.5
2026-07-31 15:15:00,NODO 1.44,30.77,72.23,1002.0,4106.0,91.2,-103,9.0
2026-07-31 15:16:42,NODO 1.18,29.72,90.9,1002.0,3009.0,81.1,-102,9.0
2026-07-31 15:16:54,NODO 1.01,29.45,97.92,1002.0,3847.0,74.6,-113,4.2
2026-07-31 15:17:00,NODO 1.31,28.79,95.1,1003.0,3744.0,73.1,-118,-2.5
2026-07-31 15:19:32,NODO 1.28,30.07,94.54,1002.0,3822.0,47.1,-117,0.5
2026-07-31 15:19:53,NODO 1.37,30.76,65.8,1002.0,4067.0,41.9,-119,-5.8
2026-07-31 15:20:16,NODO 1.12,28.73,92.34,1003.0,3822.0,85.5,-90,7.5
2026-07-31 15:20:19,NODO 1.26,29.25,92.57,1002.0,4008.0,87.1,-108,7.8
2026-07-31 15:20:48,NODO 1.32,28.98,100.0,1002.0,3704.0,86.7,-107,7.0
2026-07-31 15:21:40,NODO 1.51,28.71,94.61,1003.0,3891.0,87.4,-95,10.8
2026-07-31 15:23:59,NODO 1.52,29.01,78.78,1002.0,3930.0,86.0,-114,0.2
2026-07-31 15:24:57,NODO 1.46,29.64,75.23,1001.0,4067.0,88.5,-114,-1.8
2026-07-31 15:25:18,NODO 1.56,28.09,79.67,1002.0,3695.0,85.4,-120,-7.5
2026-07-31 15:26:17,NODO 1.50,28.66,73.42,1004.0,4131.0,89.6,-120,-6.5
2026-07-31 15:27:23,NODO 1.14,29.17,100.0,1002.0,3891.0,89.6,-119,-3.8
2026-07-31 15:27:35,NODO 1.15,29.76,100.0,1002.0,3847.0,88.8,-111,5.5
2026-07-31 15:27:44,NODO 1.40,29.82,72.72,1001.0,4121.0,89.3,-113,-7.8
2026-07-31 15:28:07,NODO 1.57,27.73,79.55,1001.0,3749.0,89.9,-118,-14.0
2026-07-31 15:28:29,NODO 1.36,27.79,100.0,1000.0,3822.0,86.8,-113,-6.8
2026-07-31 15:28:38,NODO 1.45,30.38,62.79,1002.0,4052.0,88.4,-95,9.0
2026-07-31 15:28:51,NODO 1.20,28.44,100.0,1003.0,3695.0,86.9,-105,8.0
2026-07-31 15:29:02,NODO 1.60,28.96,79.18,1002.0,3871.0,84.1,-120,-7.8
2026-07-31 15:29:09,NODO 1.10,28.1,91.73,1002.0,3915.0,86.0,-105,6.8
2026-07-31 15:30:02,NODO 1.13,29.83,100.0,1002.0,4092.0,88.8,-113,1.2
2026-07-31 15:30:33,NODO 1.23,28.6,100.0,1002.0,3886.0,87.1,-119,-6.2
2026-07-31 15:31:57,NODO 1.54,28.69,69.14,999.0,3998.0,90.1,-39,8.5
2026-07-31 15:32:09,NODO 1.04,30.35,80.48,1002.0,3915.0,90.6,-114,1.5
2026-07-31 15:32:56,NODO 1.49,27.82,76.93,1000.0,3700.0,88.4,-118,-0.2
2026-07-31 15:33:01,NODO 1.43,29.83,65.61,1002.0,4077.0,88.3,-119,-6.8
2026-07-31 15:33:34,NODO 1.05,28.94,100.0,1002.0,4018.0,89.6,-96,10.5
2026-07-31 15:34:04,NODO 1.24,28.2,89.61,1002.0,4101.0,90.6,-109,5.2
2026-07-31 15:34:16,NODO 1.58,28.35,83.66,1003.0,3842.0,89.9,-121,-8.5
2026-07-31 15:34:30,NODO 1.27,29.22,74.45,999.0,4047.0,93.3,-113,-5.8
2026-07-31 15:34:59,NODO 1.03,28.58,100.0,1002.0,3582.0,88.4,-109,6.5
2026-07-31 15:35:08,NODO 1.48,28.31,84.09,1004.0,3861.0,86.8,-107,7.0
2026-07-31 15:35:13,NODO 1.41,29.89,61.58,1002.0,4028.0,86.1,-108,1.5
2026-07-31 15:36:56,NODO 1.21,27.79,82.42,1002.0,3597.0,83.1,-115,2.0
2026-07-31 15:38:31,NODO 1.02,28.2,84.41,1002.0,3788.0,77.8,-107,9.5
2026-07-31 15:39:08,NODO 1.19,28.97,58.51,1002.0,3798.0,82.5,-104,9.5
2026-07-31 15:39:12,NODO 1.33,30.1,65.56,1002.0,4067.0,85.3,-90,12.2
2026-07-31 15:39:51,NODO 1.22,28.84,83.3,1002.0,4052.0,85.5,-101,9.0
2026-07-31 15:39:54,NODO 1.29,28.06,100.0,1002.0,3871.0,88.3,-107,8.2
2026-07-31 15:40:07,NODO 1.25,29.92,71.11,1002.0,4087.0,91.2,-93,6.8
2026-07-31 15:40:13,NODO 1.39,29.1,62.15,1001.0,4136.0,94.6,-102,8.0
2026-07-31 15:40:53,NODO 1.34,28.63,71.31,1000.0,4087.0,94.8,-115,2.0
2026-07-31 15:41:05,NODO 1.06,29.73,80.37,1002.0,3891.0,93.2,-101,11.0
2026-07-31 15:41:48,NODO 1.38,28.05,74.4,1004.0,3861.0,93.1,-111,4.5
2026-07-31 15:42:21,NODO 1.16,21.44,55.46,999.0,3989.0,92.1,-107,7.8
2026-07-31 15:42:26,NODO 1.59,27.91,78.24,999.0,3915.0,89.9,-119,-13.8
2026-07-31 15:42:48,NODO 1.30,0.0,0.0,0.0,3822.0,87.3,-120,-15.5
2026-07-31 15:43:28,NODO 1.09,29.41,84.5,1002.0,4062.0,89.0,-118,-2.5
2026-07-31 15:43:41,NODO 1.53,27.58,100.0,1002.0,3935.0,89.7,-108,5.8
2026-07-31 15:43:41,NODO 1.17,28.81,78.33,1001.0,3896.0,88.8,-97,10.2
2026-07-31 15:43:54,NODO 1.42,28.27,66.4,1002.0,4033.0,90.0,-119,-2.5
2026-07-31 15:44:21,NODO 1.08,28.58,100.0,1001.0,3773.0,89.5,-117,-1.2
2026-07-31 15:44:44,NODO 1.35,29.44,73.8,1002.0,4057.0,89.4,-89,7.2
2026-07-31 15:44:49,NODO 1.44,28.82,71.04,1002.0,4101.0,91.1,-97,9.5
2026-07-31 15:46:33,NODO 1.18,28.37,90.6,1002.0,2984.0,80.7,-103,7.8
2026-07-31 15:46:47,NODO 1.01,28.27,92.15,1002.0,3847.0,73.1,-119,-3.2
2026-07-31 15:46:48,NODO 1.31,27.73,89.71,1003.0,3734.0,71.1,-117,-4.0
2026-07-31 15:49:21,NODO 1.28,28.46,93.21,1002.0,3822.0,41.7,-119,-3.8
2026-07-31 15:49:44,NODO 1.37,29.11,65.4,1002.0,4057.0,35.9,-119,-6.0
2026-07-31 15:50:08,NODO 1.26,28.11,92.26,1002.0,4008.0,87.2,-112,3.8
2026-07-31 15:50:09,NODO 1.12,27.55,92.28,1003.0,3822.0,86.9,-89,9.0
2026-07-31 15:50:40,NODO 1.32,28.06,100.0,1002.0,3704.0,86.6,-102,8.0
2026-07-31 15:51:33,NODO 1.51,27.68,94.32,1003.0,3886.0,87.3,-119,-8.2
2026-07-31 15:53:51,NODO 1.52,27.9,78.08,1002.0,3925.0,86.0,-119,-2.2
2026-07-31 15:54:48,NODO 1.46,28.06,78.54,1001.0,4067.0,86.5,-116,-1.5
2026-07-31 15:55:09,NODO 1.56,27.23,78.89,1002.0,3690.0,85.2,-103,9.2
2026-07-31 15:56:09,NODO 1.50,27.37,75.33,1004.0,4131.0,89.5,-117,0.5
2026-07-31 15:57:12,NODO 1.14,28.24,100.0,1002.0,3891.0,89.5,-84,9.2
2026-07-31 15:57:12,NODO 1.15,28.49,100.0,1002.0,3847.0,88.8,-102,8.0
2026-07-31 15:57:35,NODO 1.40,28.42,73.79,1001.0,4121.0,89.3,-96,9.8
2026-07-31 15:57:56,NODO 1.57,26.87,83.2,1001.0,3749.0,89.9,-118,-7.0
2026-07-31 15:58:18,NODO 1.36,26.9,100.0,1000.0,3822.0,86.8,-107,6.5
2026-07-31 15:58:30,NODO 1.45,28.94,65.47,1002.0,4052.0,88.4,-120,-5.2
2026-07-31 15:58:41,NODO 1.20,27.55,100.0,1003.0,3695.0,86.9,-85,8.8
2026-07-31 15:58:54,NODO 1.60,28.03,81.26,1002.0,3871.0,84.1,-120,-8.8
2026-07-31 15:59:01,NODO 1.10,27.56,90.34,1002.0,3915.0,86.0,-106,8.2
2026-07-31 15:59:52,NODO 1.13,28.92,100.0,1002.0,4092.0,88.8,-115,0.8
2026-07-31 16:00:25,NODO 1.23,27.84,100.0,1001.0,3881.0,87.0,-112,2.8
2026-07-31 16:01:49,NODO 1.54,27.96,72.26,999.0,3998.0,90.1,-119,-2.5
2026-07-31 16:02:02,NODO 1.04,29.21,88.1,1001.0,3915.0,90.5,-99,10.2
2026-07-31 16:02:47,NODO 1.49,27.08,78.61,1000.0,3695.0,88.3,-111,5.2
2026-07-31 16:02:50,NODO 1.43,28.46,73.12,1002.0,4077.0,88.2,-114,2.2
2026-07-31 16:03:26,NODO 1.05,28.41,100.0,1002.0,4018.0,89.5,-114,1.5
2026-07-31 16:03:57,NODO 1.24,27.37,100.0,1002.0,4101.0,90.6,-87,9.2
2026-07-31 16:04:07,NODO 1.58,27.6,88.81,1003.0,3827.0,89.7,-121,-7.8
2026-07-31 16:04:20,NODO 1.27,28.15,77.36,999.0,4047.0,93.2,-105,7.8
2026-07-31 16:04:46,NODO 1.03,27.71,100.0,1002.0,3577.0,88.2,-103,8.5
2026-07-31 16:04:57,NODO 1.41,28.73,64.29,1002.0,4038.0,88.4,-113,3.2
2026-07-31 16:05:01,NODO 1.48,27.36,85.94,1003.0,3871.0,86.1,-114,-1.2
2026-07-31 16:06:47,NODO 1.21,27.64,86.94,1002.0,3597.0,83.3,-114,-0.8
2026-07-31 16:08:22,NODO 1.02,27.62,89.76,1001.0,3788.0,78.5,-105,8.5
2026-07-31 16:09:00,NODO 1.19,27.89,60.63,1002.0,3798.0,82.7,-102,8.8
2026-07-31 16:09:03,NODO 1.33,29.31,70.98,1001.0,4067.0,83.2,-86,12.2
2026-07-31 16:09:43,NODO 1.22,28.5,86.22,1002.0,4047.0,85.5,-111,6.8
2026-07-31 16:09:57,NODO 1.29,27.53,100.0,1001.0,3861.0,88.1,-108,7.2
2026-07-31 16:09:57,NODO 1.25,29.04,78.28,1002.0,4082.0,91.0,-95,10.5
2026-07-31 16:10:07,NODO 1.39,28.25,67.13,1001.0,4131.0,94.4,-95,9.2
2026-07-31 16:10:45,NODO 1.34,28.01,76.57,1000.0,4087.0,94.6,-97,9.8
2026-07-31 16:10:57,NODO 1.06,28.94,87.65,1001.0,3891.0,93.0,-95,10.8
2026-07-31 16:11:38,NODO 1.38,27.53,77.07,1003.0,3871.0,93.1,-117,-3.5
2026-07-31 16:12:13,NODO 1.16,21.61,59.17,999.0,3989.0,92.2,-108,6.0
2026-07-31 16:12:15,NODO 1.59,27.44,83.45,999.0,3920.0,90.1,-117,-4.8
2026-07-31 16:12:38,NODO 1.30,0.0,0.0,0.0,3812.0,87.3,-119,-12.0
2026-07-31 16:13:19,NODO 1.09,29.13,89.19,1002.0,4067.0,89.1,-91,9.8
2026-07-31 16:13:23,NODO 1.53,27.12,100.0,1001.0,3915.0,89.5,-105,7.5
2026-07-31 16:13:34,NODO 1.17,28.47,84.0,1001.0,3900.0,88.6,-106,8.2
2026-07-31 16:13:45,NODO 1.42,27.53,71.93,1002.0,4033.0,89.8,-120,-4.2
2026-07-31 16:14:15,NODO 1.08,28.32,100.0,1001.0,3758.0,89.2,-118,-2.0
2026-07-31 16:14:36,NODO 1.35,28.73,81.81,1002.0,4057.0,89.1,-93,9.8
2026-07-31 16:14:40,NODO 1.44,28.23,75.74,1002.0,4106.0,91.0,-97,7.0
2026-07-31 16:16:25,NODO 1.18,27.85,93.85,1001.0,2974.0,80.4,-99,8.8
2026-07-31 16:16:38,NODO 1.01,27.91,99.43,1002.0,3827.0,71.1,-111,4.8
2026-07-31 16:16:39,NODO 1.31,27.14,96.51,1003.0,3734.0,69.7,-89,9.8
2026-07-31 16:19:13,NODO 1.28,28.13,99.76,1002.0,3822.0,38.4,-118,-0.5
2026-07-31 16:19:37,NODO 1.37,28.68,69.43,1002.0,4067.0,33.2,-117,-5.8
2026-07-31 16:19:59,NODO 1.26,28.03,96.18,1002.0,4013.0,87.1,-96,9.8
2026-07-31 16:20:01,NODO 1.12,27.34,97.5,1003.0,3822.0,87.1,-118,-6.5
2026-07-31 16:20:34,NODO 1.32,27.66,100.0,1002.0,3704.0,86.8,-119,-7.8
2026-07-31 16:21:24,NODO 1.51,27.27,97.73,1003.0,3886.0,87.4,-94,7.8
2026-07-31 16:23:43,NODO 1.52,27.73,81.73,1002.0,3930.0,86.0,-119,-6.5
2026-07-31 16:24:39,NODO 1.46,27.88,82.78,1000.0,4067.0,86.6,-83,9.5
2026-07-31 16:25:02,NODO 1.56,26.93,81.37,1002.0,3690.0,85.3,-102,7.0
2026-07-31 16:26:02,NODO 1.50,27.17,76.8,1004.0,4121.0,89.4,-111,2.0
2026-07-31 16:27:04,NODO 1.15,28.42,100.0,1002.0,3851.0,89.1,-108,7.5
2026-07-31 16:27:05,NODO 1.14,28.14,100.0,1002.0,3891.0,88.7,-84,10.0
2026-07-31 16:27:29,NODO 1.40,28.2,77.65,1001.0,4121.0,89.2,-95,9.2
2026-07-31 16:27:48,NODO 1.57,26.87,83.38,1001.0,3749.0,89.8,-119,-12.8
2026-07-31 16:28:11,NODO 1.36,26.88,100.0,999.0,3822.0,86.8,-114,0.5
2026-07-31 16:28:22,NODO 1.45,28.65,68.34,1002.0,4052.0,88.8,-118,-4.2
2026-07-31 16:28:46,NODO 1.60,28.13,81.83,1002.0,3871.0,88.7,-102,8.2
2026-07-31 16:28:54,NODO 1.10,27.5,97.3,1002.0,3920.0,86.6,-115,2.8
2026-07-31 16:29:44,NODO 1.13,28.76,100.0,1001.0,4092.0,90.1,-113,2.2
2026-07-31 16:30:15,NODO 1.23,27.75,100.0,1001.0,3886.0,90.7,-119,-7.8
2026-07-31 16:31:42,NODO 1.54,28.18,73.93,999.0,4018.0,90.4,-36,9.8
2026-07-31 16:31:54,NODO 1.04,29.16,92.37,1001.0,3900.0,90.7,-99,9.2
2026-07-31 16:32:39,NODO 1.49,26.95,80.14,1000.0,3680.0,88.3,-108,6.0
2026-07-31 16:32:41,NODO 1.43,28.69,75.25,1002.0,4067.0,88.0,-103,9.0
2026-07-31 16:33:19,NODO 1.05,28.56,100.0,1002.0,4018.0,89.3,-117,-4.8
2026-07-31 16:33:51,NODO 1.24,28.07,100.0,1001.0,4101.0,90.2,-109,6.2
2026-07-31 16:34:00,NODO 1.58,27.61,90.88,1002.0,3842.0,89.6,-115,-1.5
2026-07-31 16:34:12,NODO 1.27,28.09,80.28,999.0,4047.0,93.2,-105,8.5
2026-07-31 16:34:39,NODO 1.03,27.69,100.0,1002.0,3582.0,88.4,-114,3.5
2026-07-31 16:34:44,NODO 1.41,28.84,67.84,1002.0,4038.0,88.6,-118,-6.5
2026-07-31 16:34:54,NODO 1.48,27.17,88.04,1003.0,3871.0,86.3,-103,7.5
2026-07-31 16:36:40,NODO 1.21,27.69,89.53,1002.0,3597.0,83.4,-120,-13.2
2026-07-31 16:38:13,NODO 1.02,27.67,90.24,1001.0,3788.0,78.8,-99,5.8
2026-07-31 16:38:52,NODO 1.19,27.78,63.35,1002.0,3798.0,82.7,-90,13.5
2026-07-31 16:38:55,NODO 1.33,29.54,69.68,1001.0,4067.0,83.2,-87,11.8
2026-07-31 16:39:37,NODO 1.29,27.56,100.0,1001.0,3871.0,83.2,-108,4.2
2026-07-31 16:39:39,NODO 1.22,28.67,88.51,1002.0,4047.0,88.2,-114,5.0
2026-07-31 16:39:45,NODO 1.25,29.16,81.51,1002.0,4082.0,91.2,-91,8.8
2026-07-31 16:40:02,NODO 1.39,28.53,66.78,1001.0,4131.0,94.5,-101,6.5
2026-07-31 16:40:35,NODO 1.34,28.46,79.18,1000.0,4092.0,94.7,-100,9.0
2026-07-31 16:40:50,NODO 1.06,29.13,92.06,1001.0,3891.0,94.9,-96,9.2
2026-07-31 16:41:29,NODO 1.38,27.46,78.28,1003.0,3881.0,93.3,-114,2.8
2026-07-31 16:42:05,NODO 1.59,27.54,86.51,999.0,3915.0,91.6,-115,-7.2
2026-07-31 16:42:18,NODO 1.16,21.99,57.01,999.0,3989.0,90.2,-117,-1.0
2026-07-31 16:42:29,NODO 1.30,0.0,0.0,0.0,3812.0,87.4,-120,-13.8
2026-07-31 16:43:11,NODO 1.09,29.22,91.76,1002.0,4067.0,89.1,-119,-7.5
2026-07-31 16:43:17,NODO 1.53,27.12,100.0,1001.0,3935.0,89.7,-105,8.5
2026-07-31 16:43:26,NODO 1.17,28.64,87.29,1001.0,3900.0,89.5,-103,8.0
2026-07-31 16:43:39,NODO 1.42,27.76,73.26,1002.0,4033.0,90.0,-114,
2026-07-31 16:44:08,NODO 1.08,28.69,100.0,1001.0,3768.0,89.5,-119,-4.5
2026-07-31 16:44:27,NODO 1.35,29.14,81.74,1002.0,4057.0,89.4,-114,3.0
2026-07-31 16:44:32,NODO 1.44,28.44,78.78,1002.0,4092.0,91.0,-105,7.5
2026-07-31 16:46:19,NODO 1.18,28.03,96.96,1001.0,2935.0,79.2,-109,5.0
2026-07-31 16:46:31,NODO 1.01,28.09,100.0,1002.0,3832.0,67.9,-115,1.0
2026-07-31 16:46:31,NODO 1.31,27.22,99.32,1003.0,3734.0,63.3,-90,9.2
2026-07-31 16:49:06,NODO 1.28,28.42,100.0,1002.0,3822.0,32.0,-115,2.2
2026-07-31 16:49:31,NODO 1.37,29.43,71.19,1002.0,4062.0,29.0,-119,-3.8
2026-07-31 16:49:50,NODO 1.26,28.42,100.0,1002.0,3998.0,87.0,-118,1.0
2026-07-31 16:49:54,NODO 1.12,27.86,98.94,1003.0,3822.0,86.9,-119,-8.2
2026-07-31 16:50:28,NODO 1.32,27.73,100.0,1001.0,3704.0,86.6,-108,6.5
2026-07-31 16:51:17,NODO 1.51,27.38,99.79,1002.0,3891.0,87.3,-92,10.0
2026-07-31 16:53:36,NODO 1.52,28.1,82.53,1002.0,3930.0,86.0,-120,-8.2
2026-07-31 16:54:33,NODO 1.46,28.63,83.81,1000.0,4067.0,86.6,-85,8.2
2026-07-31 16:54:54,NODO 1.56,27.0,83.18,1001.0,3690.0,85.3,-103,8.0
2026-07-31 16:56:54,NODO 1.14,28.34,100.0,1002.0,3886.0,87.1,-99,8.0
2026-07-31 16:56:56,NODO 1.15,29.06,100.0,1002.0,3851.0,86.7,-101,8.8
2026-07-31 16:57:23,NODO 1.40,29.05,79.16,1001.0,4121.0,88.7,-116,-5.0
2026-07-31 16:57:42,NODO 1.57,27.1,85.96,1001.0,3749.0,85.5,-118,-3.5
